slug,title,std_vols,publishers,majority,minority_detail,hagaake,minority_volumes
golgo-13,ゴルゴ13,219,リイド社　∥　リイドシャ:100 | リイド社:5,リイド社　∥　リイドシャ,"リイド社=[215, 216, 217, 218, 219]",yes,"[215, 216, 217, 218, 219]"
minami-no-teiou,ミナミの帝王,186,日本文芸社　∥　ニホン ブンゲイシャ:100 | 日本文芸社:10,日本文芸社　∥　ニホン ブンゲイシャ,"日本文芸社=[3, 179, 180, 181, 182, 183, 184, 185, 186, 187]",yes,"[3, 179, 180, 181, 182, 183, 184, 185, 186, 187]"
cooking-papa,クッキングパパ,175,講談社　∥　コウダンシャ:82 | 講談社:5,講談社　∥　コウダンシャ,"講談社=[172, 173, 174, 175, 176]",no,"[172, 173, 174, 175, 176]"
hajime-no-ippo,はじめの一歩,145,講談社　∥　コウダンシャ:62 | 講談社:5,講談社　∥　コウダンシャ,"講談社=[117, 142, 143, 144, 145]",no,"[117, 142, 143, 144, 145]"
edomae-no-shun,江戸前の旬,130,日本文芸社　∥　ニホン ブンゲイシャ:89 | 日本文芸社:6,日本文芸社　∥　ニホン ブンゲイシャ,"日本文芸社=[125, 126, 127, 128, 129, 130]",no,"[125, 126, 127, 128, 129, 130]"
onihei-hankachou,鬼平犯科帳,122,リイド社　∥　リイドシャ:58 | 文藝春秋　∥　ブンゲイシュンジュウ:37 | 文藝春秋　∥　ブンゲイ シュンジュウ:13,リイド社　∥　リイドシャ,"文藝春秋　∥　ブンゲイ シュンジュウ=[73, 74, 75, 76, 77, 78, 79, 80, 81, 82, 83, 84, 85];文藝春秋　∥　ブンゲイシュンジュウ=[86, 87, 88, 89, 90, 91, 92, 93, 94, 95, 96, 97, 9",yes,"[73, 74, 75, 76, 77, 78, 79, 80, 81, 82, 83, 84, 85, 86, 87, 88, 89, 90, 91, 92, 93, 94, 95, 96, 97, 98, 99, 100, 101, 102]"
tsuribaka-nisshi,釣りバカ日誌,117,小学館　∥　ショウガクカン:46 | 小学館:3,小学館　∥　ショウガクカン,"小学館=[115, 116, 117]",yes,"[115, 116, 117]"
one-piece,ONE PIECE,114,集英社　∥　シュウエイシャ:65 | 集英社:4,集英社　∥　シュウエイシャ,"集英社=[111, 112, 113, 114]",no,"[111, 112, 113, 114]"
meitantei-conan,名探偵コナン,107,小学館　∥　ショウガクカン:50 | 小学館:2,小学館　∥　ショウガクカン,"小学館=[107, 108]",no,"[107, 108]"
inochi-no-utsuwa,いのちの器,99,秋田書店　∥　アキタショテン:35 | 秋田書店　∥　アキタ ショテン:20 | 秋田書店:6,秋田書店　∥　アキタショテン,"秋田書店　∥　アキタ ショテン=[39, 40, 41, 42, 43, 44, 45, 46, 47, 48, 49, 50, 51, 52, 53, 54, 55, 56, 57, 58];秋田書店=[94, 95, 96, 97, 98, 99]",yes,"[39, 40, 41, 42, 43, 44, 45, 46, 47, 48, 49, 50, 51, 52, 53, 54, 55, 56, 57, 58, 94, 95, 96, 97, 98, 99]"
yowamushi-pedal,弱虫ペダル,99,秋田書店　∥　アキタショテン:60 | 秋田書店　∥　アキタ ショテン:29 | 秋田書店:10,秋田書店　∥　アキタショテン,"秋田書店　∥　アキタ ショテン=[1, 2, 3, 4, 5, 6, 7, 8, 9, 10, 11, 12, 13, 14, 15, 16, 17, 18, 19, 20, 21, 22, 23, 24, 25, 26, 27, 28, 29];秋田書店=[90, 91, 92",no,"[1, 2, 3, 4, 5, 6, 7, 8, 9, 10, 11, 12, 13, 14, 15, 16, 17, 18, 19, 20, 21, 22, 23, 24, 25, 26, 27, 28, 29, 90]"
futari-etchi,ふたりエッチ,94,白泉社　∥　ハクセンシャ:58 | 白泉社:2,白泉社　∥　ハクセンシャ,"白泉社=[93, 94]",no,"[93, 94]"
mogura-no-uta,土竜の唄,92,小学館　∥　ショウガクカン:80 | 小学館:7,小学館　∥　ショウガクカン,"小学館=[88, 89, 90, 91, 92, 93, 94]",no,"[88, 89, 90, 91, 92, 93, 94]"
kinnikuman,キン肉マン,91,集英社　∥　シュウエイシャ:49 | 集英社:6,集英社　∥　シュウエイシャ,"集英社=[87, 88, 89, 90, 91, 92]",yes,"[87, 88, 89, 90, 91, 92]"
kingdom,キングダム,78,集英社　∥　シュウエイシャ:69 | 集英社:6,集英社　∥　シュウエイシャ,"集英社=[73, 74, 75, 76, 77, 78]",no,"[73, 74, 75, 76, 77, 78]"
tasogare-ryuuseigun,黄昏流星群,76,小学館　∥　ショウガクカン:43 | 小学館:5,小学館　∥　ショウガクカン,"小学館=[75, 76, 77, 78, 79]",no,"[75, 76, 77, 78, 79]"
naruto,NARUTO,72,集英社　∥　シュウエイシャ:34 | 集英社:1,集英社　∥　シュウエイシャ,集英社=[69],no,[69]
yuuyake-no-uta,夕焼けの詩,72,小学館　∥　ショウガクカン:19 | 小学館:1,小学館　∥　ショウガクカン,小学館=[72],yes,[72]
ouke-no-monshou,王家の紋章,70,秋田書店　∥　アキタショテン:12 | 秋田書店　∥　アキタ ショテン:10 | 秋田書店:1,秋田書店　∥　アキタショテン,"秋田書店　∥　アキタ ショテン=[14, 20, 21, 22, 52, 53, 54, 55, 56, 57];秋田書店=[70]",yes,"[14, 20, 21, 22, 52, 53, 54, 55, 56, 57, 70]"
giant-killing,GIANT KILLING,68,講談社　∥　コウダンシャ:64 | 講談社:4,講談社　∥　コウダンシャ,"講談社=[66, 67, 68, 69]",no,"[66, 67, 68, 69]"
rakudai-ninja-rantarou,落第忍者乱太郎,65,朝日新聞出版　∥　アサヒ シンブン シュッパン:41 | 朝日新聞出版　∥　アサヒシンブンシュッパン:13 | 朝日新聞出版:1,朝日新聞出版　∥　アサヒ シンブン シュッパン,"朝日新聞出版　∥　アサヒシンブンシュッパン=[49, 50, 51, 53, 54, 55, 57, 58, 59, 61, 62, 63, 64];朝日新聞出版=[60]",yes,"[49, 50, 51, 53, 54, 55, 57, 58, 59, 60, 61, 62, 63, 64]"
mukoubuchi,むこうぶち,63,竹書房　∥　タケ ショボウ:60 | 竹書房:2,竹書房　∥　タケ ショボウ,"竹書房=[63, 65]",no,"[63, 65]"
zettai-karen-children,絶対可憐チルドレン,63,小学館　∥　ショウガクカン:55 | 小学館:1,小学館　∥　ショウガクカン,小学館=[36],no,[36]
super-mario-kun,スーパーマリオくん,61,小学館　∥　ショウガクカン:26 | 小学館:1,小学館　∥　ショウガクカン,小学館=[61],no,[61]
shin-kobo-chan,新コボちゃん,60,芳文社　∥　ホウブンシャ:47 | 芳文社:4,芳文社　∥　ホウブンシャ,"芳文社=[57, 58, 59, 60]",no,"[57, 58, 59, 60]"
meshibanakeijitachibana,めしばな刑事タチバナ,58,徳間書店　∥　トクマ ショテン:54 | 徳間書店:4,徳間書店　∥　トクマ ショテン,"徳間書店=[56, 57, 58, 59]",no,"[56, 57, 58, 59]"
ooi-tonbo,オーイ!とんぼ,57,ゴルフダイジェスト社　∥　ゴルフダイジェストシャ:52 | ゴルフダイジェスト社:5,ゴルフダイジェスト社　∥　ゴルフダイジェストシャ,"ゴルフダイジェスト社=[54, 55, 56, 57, 58]",no,"[54, 55, 56, 57, 58]"
sake-no-hosomichi,酒のほそ道,57,日本文芸社　∥　ニホン ブンゲイシャ:18 | 日本文芸社　∥　ニホンブンゲイシャ:17 | 日本文芸社:2,日本文芸社　∥　ニホン ブンゲイシャ,"日本文芸社　∥　ニホンブンゲイシャ=[35, 36, 41, 42, 43, 44, 45, 46, 47, 48, 49, 50, 51, 52, 53, 54, 55];日本文芸社=[56, 57]",no,"[35, 36, 41, 42, 43, 44, 45, 46, 47, 48, 49, 50, 51, 52, 53, 54, 55, 56, 57]"
honnyaragokko-kariage-kun,ほんにゃらゴッコ かりあげクン,53,双葉社　∥　フタバシャ:16 | 双葉社:1,双葉社　∥　フタバシャ,双葉社=[69],yes,[69]
kariage-kun,かりあげクン,53,双葉社　∥　フタバシャ:16 | 双葉社:1,双葉社　∥　フタバシャ,双葉社=[69],yes,[69]
kenkaku-shoubai,剣客商売,53,リイド社　∥　リイドシャ:44 | リイド社:4,リイド社　∥　リイドシャ,"リイド社=[51, 52, 53, 54]",yes,"[51, 52, 53, 54]"
hayate-no-gotoku,ハヤテのごとく!,52,小学館　∥　ショウガクカン:38 | 小学館:4,小学館　∥　ショウガクカン,"小学館=[34, 35, 39, 40]",no,"[34, 35, 39, 40]"
skip-beat,スキップ・ビート!,52,白泉社　∥　ハクセンシャ:36 | 白泉社:2,白泉社　∥　ハクセンシャ,"白泉社=[51, 52]",no,"[51, 52]"
k2,K2,51,講談社　∥　コウダンシャ:42 | 講談社:4,講談社　∥　コウダンシャ,"講談社=[49, 50, 51, 52]",no,"[49, 50, 51, 52]"
higanjima-48-nichigo,彼岸島48日後…,50,講談社　∥　コウダンシャ:45 | 講談社:5,講談社　∥　コウダンシャ,"講談社=[47, 49, 50, 51, 53]",no,"[47, 49, 50, 51, 53]"
glass-no-kamen,ガラスの仮面,49,白泉社　∥　ハクセンシャ:8 | 白泉社:2,白泉社　∥　ハクセンシャ,"白泉社=[22, 26]",yes,"[22, 26]"
bonobono,ぼのぼの,48,竹書房　∥　タケショボウ:11 | 竹書房　∥　タケ ショボウ:9,竹書房　∥　タケショボウ,"竹書房　∥　タケ ショボウ=[29, 30, 31, 32, 33, 34, 35, 36, 45]",yes,"[29, 30, 31, 32, 33, 34, 35, 36, 45]"
akatsuki-no-yona,暁のヨナ,47,白泉社　∥　ハクセンシャ:43 | 白泉社:3,白泉社　∥　ハクセンシャ,"白泉社=[45, 46, 47]",no,"[45, 46, 47]"
baby-steps,ベイビーステップ,47,講談社　∥　コウダンシャ:46 | 講談社:1,講談社　∥　コウダンシャ,講談社=[44],no,[44]
mairimashita-iruma-kun,魔入りました!入間くん,47,秋田書店　∥　アキタショテン:37 | 秋田書店:10,秋田書店　∥　アキタショテン,"秋田書店=[38, 39, 40, 41, 42, 43, 44, 45, 46, 47]",no,"[38, 39, 40, 41, 42, 43, 44, 45, 46, 47]"
battle-studies,バトルスタディーズ,46,講談社　∥　コウダンシャ:40 | 講談社:6,講談社　∥　コウダンシャ,"講談社=[43, 44, 45, 46, 47, 48]",no,"[43, 44, 45, 46, 47, 48]"
chiisana-koi-no-monogatari,小さな恋のものがたり,46,学研プラス　∥　ガッケンプラス:2 | 学習研究社　∥　ガクシュウ ケンキュウシャ:1 | [発売]学研マーケティング　∥　ガッケン マーケティング:1 | [発売]学研マーケティング　∥　ガッケンマーケティング:1 | Gakken　∥　ガッケン:1,学研プラス　∥　ガッケンプラス,学習研究社　∥　ガクシュウ ケンキュウシャ=[41];[発売]学研マーケティング　∥　ガッケン マーケティング=[42];[発売]学研マーケティング　∥　ガッケンマーケティング=[43];Gakken　∥　ガッケン=[46],yes,"[41, 42, 43, 46]"
hakuryuu-hadou,白竜hadou,46,日本文芸社　∥　ニホン ブンゲイシャ:39 | 日本文芸社:7,日本文芸社　∥　ニホン ブンゲイシャ,"日本文芸社=[40, 41, 42, 43, 44, 45, 47]",no,"[40, 41, 42, 43, 44, 45, 47]"
uchuu-kyoudai,宇宙兄弟,45,講談社　∥　コウダンシャ:38 | 講談社:1,講談社　∥　コウダンシャ,講談社=[45],no,[45]
king-golf,KING GOLF,44,小学館　∥　ショウガクカン:41 | 小学館:3,小学館　∥　ショウガクカン,"小学館=[42, 43, 44]",no,"[42, 43, 44]"
landreaall,Landreaall,44,一迅社　∥　イチジンシャ:11 | [頒布]講談社　∥　コウダンシャ:7 | [発売]講談社　∥　コウダンシャ:5 | [頒布]講談社:2,一迅社　∥　イチジンシャ,"[発売]講談社　∥　コウダンシャ=[31, 32, 33, 34, 35];[頒布]講談社　∥　コウダンシャ=[36, 37, 38, 39, 40, 41, 42];[頒布]講談社=[43, 44]",no,"[31, 32, 33, 34, 35, 36, 37, 38, 39, 40, 41, 42, 43, 44]"
shin-tennis-no-ouji-sama,新テニスの王子様,44,集英社　∥　シュウエイシャ:42 | 集英社:2,集英社　∥　シュウエイシャ,"集英社=[45, 46]",no,"[45, 46]"
berserk,ベルセルク,43,白泉社　∥　ハクセンシャ:10 | 白泉社:1,白泉社　∥　ハクセンシャ,白泉社=[43],no,[43]
clover,クローバー,43,秋田書店　∥　アキタ ショテン:30 | 秋田書店　∥　アキタショテン:11 | 秋田書店:2,秋田書店　∥　アキタ ショテン,"秋田書店=[29, 30];秋田書店　∥　アキタショテン=[33, 34, 35, 36, 37, 38, 39, 40, 41, 42, 43]",no,"[29, 30, 33, 34, 35, 36, 37, 38, 39, 40, 41, 42, 43]"
nagasarete-airantou,ながされて藍蘭島,43,スクウェア・エニックス　∥　スクウェア ・ エニックス:17 | スクウェア・エニックス　∥　スクウェア エニックス:15 | スクウェア・エニックス:2,スクウェア・エニックス　∥　スクウェア ・ エニックス,"スクウェア・エニックス　∥　スクウェア エニックス=[10, 11, 12, 13, 14, 15, 16, 17, 18, 19, 20, 21, 22, 23, 24];スクウェア・エニックス=[42, 43]",no,"[10, 11, 12, 13, 14, 15, 16, 17, 18, 19, 20, 21, 22, 23, 24, 42, 43]"
shizuku-chan,しずくちゃん,43,岩崎書店　∥　イワサキショテン:30 | 岩崎書店　∥　イワサキ ショテン:5 | 岩崎書店:1,岩崎書店　∥　イワサキショテン,"岩崎書店　∥　イワサキ ショテン=[8, 9, 10, 11, 17];岩崎書店=[44]",no,"[8, 9, 10, 11, 17, 44]"
kanojo-okari-shimasu,彼女、お借りします,42,講談社　∥　コウダンシャ:37 | 講談社:5,講談社　∥　コウダンシャ,"講談社=[39, 41, 42, 43, 44]",no,"[39, 41, 42, 43, 44]"
radical-hospital,ラディカル・ホスピタル,42,芳文社　∥　ホウブンシャ:29 | 芳文社:2,芳文社　∥　ホウブンシャ,"芳文社=[41, 42]",yes,"[41, 42]"
bungo,BUNGO,41,集英社　∥　シュウエイシャ:39 | 集英社:2,集英社　∥　シュウエイシャ,"集英社=[40, 41]",no,"[40, 41]"
shin-kamen-rider-spirits,新仮面ライダーSPIRITS,41,講談社　∥　コウダンシャ:19 | 講談社:3,講談社　∥　コウダンシャ,"講談社=[40, 41, 42]",no,"[40, 41, 42]"
tetsu-bon,テツぼん,41,小学館　∥　ショウガクカン:35 | 小学館:5,小学館　∥　ショウガクカン,"小学館=[37, 38, 39, 40, 41]",no,"[37, 38, 39, 40, 41]"
angel-voice,ANGEL VOICE,40,秋田書店　∥　アキタ ショテン:31 | 秋田書店　∥　アキタショテン:7 | 秋田書店:2,秋田書店　∥　アキタ ショテン,"秋田書店=[29, 30];秋田書店　∥　アキタショテン=[34, 35, 36, 37, 38, 39, 40]",no,"[29, 30, 34, 35, 36, 37, 38, 39, 40]"
gallery-fake,ギャラリーフェイク,40,小学館　∥　ショウガクカン:6 | 小学館:2,小学館　∥　ショウガクカン,"小学館=[39, 40]",no,"[39, 40]"
aoashi,アオアシ,39,小学館　∥　ショウガクカン:36 | 小学館:3,小学館　∥　ショウガクカン,"小学館=[38, 39, 40]",no,"[38, 39, 40]"
demekin,デメキン,39,秋田書店　∥　アキタショテン:28 | 秋田書店　∥　アキタ ショテン:7 | 秋田書店:4,秋田書店　∥　アキタショテン,"秋田書店　∥　アキタ ショテン=[1, 2, 3, 4, 5, 6, 7];秋田書店=[36, 37, 38, 39]",no,"[1, 2, 3, 4, 5, 6, 7, 36, 37, 38, 39]"
jyajya,ジャジャ,39,小学館　∥　ショウガクカン:28 | 小学館:4,小学館　∥　ショウガクカン,"小学館=[36, 37, 38, 39]",no,"[36, 37, 38, 39]"
kami-sama-no-volley,神様のバレー,39,芳文社　∥　ホウブンシャ:35 | 芳文社:4,芳文社　∥　ホウブンシャ,"芳文社=[37, 38, 39, 40]",no,"[37, 38, 39, 40]"
kocchi-muite-miiko,こっちむいて!みい子,39,小学館　∥　ショウガクカン:20 | 小学館:1,小学館　∥　ショウガクカン,小学館=[39],no,[39]
blue-rokku,ブルーロック,38,講談社　∥　コウダンシャ:30 | 講談社:7,講談社　∥　コウダンシャ,"講談社=[32, 33, 34, 35, 36, 37, 38]",no,"[32, 33, 34, 35, 36, 37, 38]"
hunter-hunter,Hunter×hunter,38,集英社　∥　シュウエイシャ:14 | 集英社:1,集英社　∥　シュウエイシャ,集英社=[38],no,[38]
ookiku-furikabutte,おおきく振りかぶって,38,講談社　∥　コウダンシャ:30 | 講談社:1,講談社　∥　コウダンシャ,講談社=[38],no,[38]
senri-no-michi-mo-dai-sanshou,千里の道も 第三章,38,ゴルフダイジェスト社　∥　ゴルフ ダイジェストシャ:21 | ゴルフダイジェスト社　∥　ゴルフダイジェストシャ:5,ゴルフダイジェスト社　∥　ゴルフ ダイジェストシャ,"ゴルフダイジェスト社　∥　ゴルフダイジェストシャ=[35, 36, 37, 38, 39]",yes,"[35, 36, 37, 38, 39]"
shuujin-riku,囚人リク,38,秋田書店　∥　アキタショテン:26 | 秋田書店　∥　アキタ ショテン:12,秋田書店　∥　アキタショテン,"秋田書店　∥　アキタ ショテン=[1, 2, 3, 4, 5, 6, 7, 8, 9, 10, 11, 12]",no,"[1, 2, 3, 4, 5, 6, 7, 8, 9, 10, 11, 12]"
black-clover,ブラッククローバー,37,集英社　∥　シュウエイシャ:36 | 集英社:1,集英社　∥　シュウエイシャ,集英社=[37],no,[37]
kamakura-monogatari,鎌倉ものがたり,37,双葉社　∥　フタバシャ:12 | 双葉社:2,双葉社　∥　フタバシャ,"双葉社=[27, 37]",yes,"[27, 37]"
worst-gaiden-guriko,WORST外伝グリコ,37,秋田書店　∥　アキタショテン:27 | 秋田書店:10,秋田書店　∥　アキタショテン,"秋田書店=[28, 29, 30, 31, 32, 33, 34, 35, 36, 37]",no,"[28, 29, 30, 31, 32, 33, 34, 35, 36, 37]"
ano-yama-koete,あの山越えて,36,秋田書店　∥　アキタショテン:14 | 秋田書店　∥　アキタ ショテン:13,秋田書店　∥　アキタショテン,"秋田書店　∥　アキタ ショテン=[10, 11, 12, 13, 14, 15, 16, 17, 18, 19, 20, 21, 22]",no,"[10, 11, 12, 13, 14, 15, 16, 17, 18, 19, 20, 21, 22]"
aozakura,あおざくら,36,小学館　∥　ショウガクカン:33 | 小学館:2,小学館　∥　ショウガクカン,"小学館=[35, 36]",no,"[35, 36]"
chiruran-shinsengumi-requiem,ちるらん新撰組鎮魂歌,36,[発売]徳間書店　∥　トクマ ショテン:26 | コアミックス　∥　コアミックス:8 | コアミックス　∥　コア ミックス:2,[発売]徳間書店　∥　トクマ ショテン,"コアミックス　∥　コアミックス=[27, 28, 31, 32, 33, 34, 35, 36];コアミックス　∥　コア ミックス=[29, 30]",no,"[27, 28, 29, 30, 31, 32, 33, 34, 35, 36]"
hatarakanai-futari,働かないふたり,36,新潮社　∥　シンチョウシャ:32 | 新潮社:4,新潮社　∥　シンチョウシャ,"新潮社=[34, 35, 36, 37]",no,"[34, 35, 36, 37]"
komi-san-wa-komyushou-desu,古見さんは、コミュ症です。,36,小学館　∥　ショウガクカン:34 | 小学館:2,小学館　∥　ショウガクカン,"小学館=[36, 37]",no,"[36, 37]"
one-punch-man,ワンパンマン,36,集英社　∥　シュウエイシャ:31 | 集英社:4,集英社　∥　シュウエイシャ,"集英社=[33, 34, 35, 36]",no,"[33, 34, 35, 36]"
satanophany,サタノファニ,36,講談社　∥　コウダンシャ:31 | 講談社:4,講談社　∥　コウダンシャ,"講談社=[33, 34, 35, 36]",no,"[33, 34, 35, 36]"
tsugumomo,つぐもも,36,双葉社　∥　フタバシャ:32 | 双葉社:3,双葉社　∥　フタバシャ,"双葉社=[34, 35, 36]",no,"[34, 35, 36]"
akarito-shirono-shinrei-yawa,あかりとシロの心霊夜話,35,青泉社　∥　セイセンシャ:21 | Bbmfマガジン　∥　Bbmf マガジン:7 | 青泉社:1,青泉社　∥　セイセンシャ,"Bbmfマガジン　∥　Bbmf マガジン=[9, 10, 11, 12, 13, 14, 15];青泉社=[37]",yes,"[9, 10, 11, 12, 13, 14, 15, 37]"
gamaran-shura,我間乱-修羅-,35,講談社　∥　コウダンシャ:32 | 講談社:2,講談社　∥　コウダンシャ,"講談社=[34, 35]",no,"[34, 35]"
gang-king,ギャングキング,35,少年画報社　∥　ショウネン ガホウシャ:25 | 講談社　∥　コウダンシャ:8,少年画報社　∥　ショウネン ガホウシャ,"講談社　∥　コウダンシャ=[30, 31, 32, 33, 34, 35, 36, 37]",yes,"[30, 31, 32, 33, 34, 35, 36, 37]"
keroro-gunsou,ケロロ軍曹,35,KADOKAWA　∥　カドカワ:9 | [発売]角川グループパブリッシング　∥　カドカワ グループ パブリッシング:8 | KADOKAWA:2 | [発売]角川グループパブリッシング　∥　カドカワグループパブリッシング:1,KADOKAWA　∥　カドカワ,"[発売]角川グループパブリッシング　∥　カドカワ グループ パブリッシング=[14, 15, 16, 17, 18, 19, 22, 23];[発売]角川グループパブリッシング　∥　カドカワグループパブリッシング=[24];KADOKAWA=[34, 35]",no,"[14, 15, 16, 17, 18, 19, 22, 23, 24, 34, 35]"
kuroshitsuji,黒執事,35,スクウェア・エニックス　∥　スクウェア エニックス:18 | スクウェア・エニックス　∥　スクウェアエニックス:14 | スクウェア・エニックス　∥　スクウェア ・ エニックス:2 | スクウェア・エニックス:1,スクウェア・エニックス　∥　スクウェア エニックス,"スクウェア・エニックス　∥　スクウェアエニックス=[18, 20, 21, 24, 25, 26, 27, 28, 29, 30, 31, 32, 33, 34];スクウェア・エニックス　∥　スクウェア ・ エニックス=[22, 23];スクウェア・エニックス=[35]",no,"[18, 20, 21, 22, 23, 24, 25, 26, 27, 28, 29, 30, 31, 32, 33, 34, 35]"
owari-no-seraph,終わりのセラフ,35,集英社　∥　シュウエイシャ:32 | 集英社:2,集英社　∥　シュウエイシャ,"集英社=[34, 35]",no,"[34, 35]"
tonikaku-kawaii,トニカクカワイイ,35,小学館　∥　ショウガクカン:28 | 小学館:7,小学館　∥　ショウガクカン,"小学館=[29, 30, 31, 32, 33, 34, 35]",no,"[29, 30, 31, 32, 33, 34, 35]"
toripan,とりぱん,35,講談社　∥　コウダンシャ:31 | 講談社:2,講談社　∥　コウダンシャ,"講談社=[34, 35]",no,"[34, 35]"
ginga-eiyuu-densetsu,銀河英雄伝説,34,集英社　∥　シュウエイシャ:19 | 集英社:4,集英社　∥　シュウエイシャ,"集英社=[31, 32, 33, 35]",yes,"[31, 32, 33, 35]"
kumotori-zanpei,雲盗り暫平,34,リイド社:2 | リイド社　∥　リイドシャ:1,リイド社,リイド社　∥　リイドシャ=[17],yes,[17]
marugoshi-deka-special,まるごし刑事Special,34,実業之日本社　∥　ジツギョウ ノ ニホンシャ:29 | 実業之日本社　∥　ジツギョウノニホンシャ:5,実業之日本社　∥　ジツギョウ ノ ニホンシャ,"実業之日本社　∥　ジツギョウノニホンシャ=[21, 29, 30, 31, 32]",yes,"[21, 29, 30, 31, 32]"
shikkakumon-no-saikyou-kenja,失格紋の最強賢者,34,スクウェア・エニックス　∥　スクウェア ・ エニックス:27 | スクウェア・エニックス:7,スクウェア・エニックス　∥　スクウェア ・ エニックス,"スクウェア・エニックス=[28, 29, 30, 31, 32, 33, 34]",no,"[28, 29, 30, 31, 32, 33, 34]"
youjo-senki,幼女戦記,34,KADOKAWA　∥　カドカワ:29 | KADOKAWA:4,KADOKAWA　∥　カドカワ,"KADOKAWA=[31, 32, 33, 34]",no,"[31, 32, 33, 34]"
bokura-no-kiseki,ボクラノキセキ,33,一迅社　∥　イチジンシャ:8 | [頒布]講談社　∥　コウダンシャ:7 | [発売]講談社　∥　コウダンシャ:6 | [頒布]講談社:2,一迅社　∥　イチジンシャ,"[発売]講談社　∥　コウダンシャ=[18, 19, 20, 21, 22, 23];[頒布]講談社　∥　コウダンシャ=[24, 25, 26, 27, 28, 29, 30];[頒布]講談社=[32, 33]",no,"[18, 19, 20, 21, 22, 23, 24, 25, 26, 27, 28, 29, 30, 32, 33]"
freezing,フリージング,33,キルタイムコミュニケーション　∥　キルタイムコミュニケーション:19 | キルタイムコミュニケーション　∥　キル タイム コミュニケーション:14,キルタイムコミュニケーション　∥　キルタイムコミュニケーション,"キルタイムコミュニケーション　∥　キル タイム コミュニケーション=[1, 2, 3, 4, 5, 6, 7, 8, 9, 10, 11, 12, 13, 14]",no,"[1, 2, 3, 4, 5, 6, 7, 8, 9, 10, 11, 12, 13, 14]"
kono-oto-tomare,この音とまれ!,33,集英社　∥　シュウエイシャ:31 | 集英社:2,集英社　∥　シュウエイシャ,"集英社=[32, 33]",no,"[32, 33]"
natsume-yuujinchou,夏目友人帳,33,白泉社　∥　ハクセンシャ:28 | 白泉社:3,白泉社　∥　ハクセンシャ,"白泉社=[31, 32, 33]",no,"[31, 32, 33]"
shy,SHY,33,秋田書店　∥　アキタショテン:24 | 秋田書店:9,秋田書店　∥　アキタショテン,"秋田書店=[25, 26, 27, 28, 29, 30, 31, 32, 33]",no,"[25, 26, 27, 28, 29, 30, 31, 32, 33]"
sword-oratoria,ソード・オラトリア,33,スクウェア・エニックス　∥　スクウェア ・ エニックス:25 | スクウェア・エニックス:5 | スクウェア・エニックス　∥　スクウェア ニックス:1 | スクウェア・エニックス　∥　スクウェア エニックス:1,スクウェア・エニックス　∥　スクウェア ・ エニックス,"スクウェア・エニックス　∥　スクウェア ニックス=[1];スクウェア・エニックス　∥　スクウェア エニックス=[11];スクウェア・エニックス=[28, 30, 31, 32, 33]",no,"[1, 11, 28, 30, 31, 32, 33]"
tough-ryuu-o-tsugu-otoko,TOUGH龍を継ぐ男,33,集英社　∥　シュウエイシャ:31 | 集英社:2,集英社　∥　シュウエイシャ,"集英社=[34, 35]",no,"[34, 35]"
worst-komuro-1970,ワースト,33,秋田書店　∥　アキタ ショテン:16 | 秋田書店　∥　アキタショテン:1,秋田書店　∥　アキタ ショテン,秋田書店　∥　アキタショテン=[33],yes,[33]
worst,WORST,33,秋田書店　∥　アキタ ショテン:16 | 秋田書店　∥　アキタショテン:1,秋田書店　∥　アキタ ショテン,秋田書店　∥　アキタショテン=[33],no,[33]
youkai-apaato-no-yuugana-nichijou,妖怪アパートの幽雅な日常,33,講談社　∥　コウダンシャ:29 | 講談社:3,講談社　∥　コウダンシャ,"講談社=[31, 32, 33]",no,"[31, 32, 33]"
yozakura-quartet,夜桜四重奏,33,講談社　∥　コウダンシャ:30 | 講談社:1,講談社　∥　コウダンシャ,講談社=[34],no,[34]
ao-no-exorcist,青の祓魔師,32,集英社　∥　シュウエイシャ:31 | 集英社:1,集英社　∥　シュウエイシャ,集英社=[33],no,[33]
aoi-honoo,アオイホノオ,32,小学館　∥　ショウガクカン:30 | 小学館:2,小学館　∥　ショウガクカン,"小学館=[31, 32]",no,"[31, 32]"
hyakki-yagyou-show,百鬼夜行抄,32,朝日新聞出版　∥　アサヒシンブンシュッパン:9 | [発売]朝日新聞出版　∥　アサヒ シンブン シュッパン:4 | 朝日ソノラマ　∥　アサヒ ソノラマ:1 | 朝日新聞社　∥　アサヒ シンブンシャ:1 | [発売]朝日新聞出版　∥　アサヒシンブンシュッパン:1 | 朝日新聞出版:1,朝日新聞出版　∥　アサヒシンブンシュッパン,"朝日ソノラマ　∥　アサヒ ソノラマ=[15];朝日新聞社　∥　アサヒ シンブンシャ=[16];[発売]朝日新聞出版　∥　アサヒ シンブン シュッパン=[17, 18, 19, 20];[発売]朝日新聞出版　∥　アサヒシンブンシュッパン=[21];朝日新聞出版=[32]",no,"[15, 16, 17, 18, 19, 20, 21, 32]"
kyoushoku-soukou-guyver,強殖装甲ガイバー,32,[発売]角川グループパブリッシング　∥　カドカワ グループ パブリッシング:3 | KADOKAWA:2 | KADOKAWA　∥　カドカワ:2 | [発売]KADOKAWA　∥　カドカワ:1,[発売]角川グループパブリッシング　∥　カドカワ グループ パブリッシング,"KADOKAWA=[28, 29];[発売]KADOKAWA　∥　カドカワ=[30];KADOKAWA　∥　カドカワ=[31, 32]",yes,"[28, 29, 30, 31, 32]"
toaru-majutsu-no-index,とある魔術の禁書目録,32,スクウェア・エニックス　∥　スクウェア エニックス:13 | スクウェア・エニックス　∥　スクウェアエニックス:12 | スクウェア・エニックス　∥　スクウェア ・ エニックス:5 | スクウェア・エニックス:2,スクウェア・エニックス　∥　スクウェア エニックス,"スクウェア・エニックス　∥　スクウェア ・ エニックス=[13, 16, 18, 24, 30];スクウェア・エニックス　∥　スクウェアエニックス=[15, 17, 19, 20, 21, 22, 23, 25, 26, 27, 28, 29];スクウェア・エニックス=[32, ",no,"[13, 15, 16, 17, 18, 19, 20, 21, 22, 23, 24, 25, 26, 27, 28, 29, 30, 32, 33]"
asagiro,アサギロ,31,小学館　∥　ショウガクカン:29 | 小学館:2,小学館　∥　ショウガクカン,"小学館=[31, 32]",no,"[31, 32]"
dokaben-doriimutoonamentohen,ドカベン ドリームトーナメント編,31,秋田書店　∥　アキタショテン:25 | 秋田書店　∥　アキタ ショテン:6,秋田書店　∥　アキタショテン,"秋田書店　∥　アキタ ショテン=[1, 2, 3, 4, 5, 6]",no,"[1, 2, 3, 4, 5, 6]"
hey-riki,Hey!リキ,31,少年画報社　∥　ショウネン ガホウシャ:23 | 少年画報社　∥　ショウネンガホウシャ:5,少年画報社　∥　ショウネン ガホウシャ,"少年画報社　∥　ショウネンガホウシャ=[27, 28, 29, 30, 31]",no,"[27, 28, 29, 30, 31]"
kurosagi-shitai-takuhaibin,黒鷺死体宅配便,31,KADOKAWA　∥　カドカワ:12 | [発売]角川グループパブリッシング　∥　カドカワ グループ パブリッシング:10 | [発売]角川グループパブリッシング　∥　カドカワグループパブリッシング:2 | KADOKAWA:2,KADOKAWA　∥　カドカワ,"[発売]角川グループパブリッシング　∥　カドカワ グループ パブリッシング=[6, 7, 8, 9, 10, 11, 12, 13, 14, 15];[発売]角川グループパブリッシング　∥　カドカワグループパブリッシング=[16, 17];KADOKAWA=[30, 31]",no,"[6, 7, 8, 9, 10, 11, 12, 13, 14, 15, 16, 17, 30, 31]"
major-2nd,MAJOR 2nd,31,小学館　∥　ショウガクカン:28 | 小学館:3,小学館　∥　ショウガクカン,"小学館=[30, 31, 32]",no,"[30, 31, 32]"
maoujou-de-oyasumi,魔王城でおやすみ,31,小学館　∥　ショウガクカン:27 | 小学館:3,小学館　∥　ショウガクカン,"小学館=[28, 30, 31]",no,"[28, 30, 31]"
parallel-paradise,パラレルパラダイス,31,講談社　∥　コウダンシャ:22 | 講談社:5,講談社　∥　コウダンシャ,"講談社=[27, 28, 29, 30, 31]",no,"[27, 28, 29, 30, 31]"
tensei-shitara-slime-datta-ken,転生したらスライムだった件,31,講談社　∥　コウダンシャ:16 | 講談社:5,講談社　∥　コウダンシャ,"講談社=[27, 28, 29, 30, 31]",no,"[27, 28, 29, 30, 31]"
yami-no-kodou,幻惑の鼓動,31,徳間書店　∥　トクマ ショテン:28 | 徳間書店:1,徳間書店　∥　トクマ ショテン,徳間書店=[31],no,[31]
aoki-hagane-no-arupejio,蒼き鋼のアルペジオ,30,少年画報社　∥　ショウネンガホウシャ:20 | 少年画報社　∥　ショウネン ガホウシャ:7 | 少年画報社:2,少年画報社　∥　ショウネンガホウシャ,"少年画報社　∥　ショウネン ガホウシャ=[1, 2, 3, 4, 5, 6, 7];少年画報社=[29, 30]",no,"[1, 2, 3, 4, 5, 6, 7, 29, 30]"
crystal-dragon,クリスタル☆ドラゴン,30,秋田書店　∥　アキタショテン:5 | 秋田書店　∥　アキタ ショテン:1,秋田書店　∥　アキタショテン,秋田書店　∥　アキタ ショテン=[25],no,[25]
dance-dance-danseur,ダンス・ダンス・ダンスール,30,小学館　∥　ショウガクカン:28 | 小学館:2,小学館　∥　ショウガクカン,"小学館=[31, 32]",no,"[31, 32]"
darwin-s-game,ダーウィンズゲーム,30,秋田書店　∥　アキタショテン:29 | 秋田書店　∥　アキタ ショテン:1,秋田書店　∥　アキタショテン,秋田書店　∥　アキタ ショテン=[1],no,[1]
furajairu,フラジャイル,30,講談社　∥　コウダンシャ:28 | 講談社:2,講談社　∥　コウダンシャ,"講談社=[30, 31]",no,"[30, 31]"
iketerufutari,イケてる2人,30,少年画報社　∥　ショウネン ガホウシャ:17 | 少年画報社　∥　ショウネンガホウシャ:1,少年画報社　∥　ショウネン ガホウシャ,少年画報社　∥　ショウネンガホウシャ=[3],yes,[3]
infection,インフェクション,30,講談社　∥　コウダンシャ:26 | 講談社:1,講談社　∥　コウダンシャ,講談社=[6],no,[6]
junjou-romantica,純情ロマンチカ,30,KADOKAWA　∥　カドカワ:10 | [発売]角川グループパブリッシング　∥　カドカワ グループ パブリッシング:7 | [発売]角川グループパブリッシング　∥　カドカワグループパブリッシング:2 | KADOKAWA:2 | [発売]KADOKAWA　∥　カドカワ:1,KADOKAWA　∥　カドカワ,"[発売]角川グループパブリッシング　∥　カドカワ グループ パブリッシング=[8, 9, 10, 11, 12, 13, 14];[発売]角川グループパブリッシング　∥　カドカワグループパブリッシング=[15, 16];[発売]KADOKAWA　∥　カドカワ=[17];KADOK",no,"[8, 9, 10, 11, 12, 13, 14, 15, 16, 17, 29, 30]"
kippo,KIPPO,30,少年画報社　∥　ショウネンガホウシャ:24 | 少年画報社:3 | 少年画報社　∥　ショウネン ガホウシャ:2,少年画報社　∥　ショウネンガホウシャ,"少年画報社　∥　ショウネン ガホウシャ=[1, 16];少年画報社=[27, 29, 30]",no,"[1, 16, 27, 29, 30]"
madame-joker,マダム・ジョーカー,30,双葉社　∥　フタバシャ:24 | 双葉社:1,双葉社　∥　フタバシャ,双葉社=[30],no,[30]
maikosanchi-no-makanai-san,舞妓さんちのまかないさん,30,小学館　∥　ショウガクカン:26 | 小学館:4,小学館　∥　ショウガクカン,"小学館=[27, 28, 29, 30]",no,"[27, 28, 29, 30]"
mou-ippon,もういっぽん!,30,秋田書店　∥　アキタショテン:28 | 秋田書店:2,秋田書店　∥　アキタショテン,"秋田書店=[29, 30]",no,"[29, 30]"
roto-no-monshou-monshou-o-tsugu-monotachi-he,ロトの紋章 紋章を継ぐ者達へ,30,スクウェア・エニックス　∥　スクウェア エニックス:16 | スクウェア・エニックス　∥　スクウェア ・ エニックス:11,スクウェア・エニックス　∥　スクウェア エニックス,"スクウェア・エニックス　∥　スクウェア ・ エニックス=[20, 21, 22, 23, 24, 25, 26, 27, 28, 29, 30]",no,"[20, 21, 22, 23, 24, 25, 26, 27, 28, 29, 30]"
seichou-cheat-de-nandemo-dekiru-you-ni-nattaga-mushoku-dake-wa-yamerarenai-you-desu,成長チートでなんでもできるようになったが、無職だけは辞められないようです,30,KADOKAWA　∥　カドカワ:23 | KADOKAWA:6,KADOKAWA　∥　カドカワ,"KADOKAWA=[25, 26, 27, 28, 29, 30]",no,"[25, 26, 27, 28, 29, 30]"
shinya-shokudou,深夜食堂,30,小学館　∥　ショウガクカン:28 | 小学館:1,小学館　∥　ショウガクカン,小学館=[30],no,[30]
tensei-kenja-no-isekai-life,転生賢者の異世界ライフ,30,スクウェア・エニックス　∥　スクウェア ・ エニックス:24 | スクウェア・エニックス:6,スクウェア・エニックス　∥　スクウェア ・ エニックス,"スクウェア・エニックス=[25, 27, 28, 29, 30, 31]",no,"[25, 27, 28, 29, 30, 31]"
triage-x,トリアージX,30,KADOKAWA　∥　カドカワ:21 | [発売]角川グループパブリッシング　∥　カドカワ グループ パブリッシング:4 | [発売]角川グループパブリッシング　∥　カドカワグループパブリッシング:2 | KADOKAWA:2 | [発売]KADOKAWA　∥　カドカワ:1,KADOKAWA　∥　カドカワ,"[発売]角川グループパブリッシング　∥　カドカワ グループ パブリッシング=[1, 2, 3, 4];[発売]角川グループパブリッシング　∥　カドカワグループパブリッシング=[5, 6];[発売]KADOKAWA　∥　カドカワ=[7];KADOKAWA=[29, 30]",no,"[1, 2, 3, 4, 5, 6, 7, 29, 30]"
yoku-wakaranai-keredo-isekai-ni-tensei-shite-ita-youdesu,よくわからないけれど異世界に転生していたようです,30,講談社　∥　コウダンシャ:22 | 講談社:8,講談社　∥　コウダンシャ,"講談社=[23, 24, 25, 26, 27, 28, 29, 30]",no,"[23, 24, 25, 26, 27, 28, 29, 30]"
d-gray-man,D.Gray-man,29,集英社　∥　シュウエイシャ:19 | 集英社:1,集英社　∥　シュウエイシャ,集英社=[29],no,[29]
deatte-5-byou-de-battle,出会って5秒でバトル,29,小学館　∥　ショウガクカン:25 | 小学館:4,小学館　∥　ショウガクカン,"小学館=[27, 28, 29, 30]",no,"[27, 28, 29, 30]"
doubutsu-no-oshaberi,動物のおしゃべり♥,29,竹書房　∥　タケ ショボウ:27 | 竹書房:2,竹書房　∥　タケ ショボウ,"竹書房=[28, 29]",no,"[28, 29]"
honey-lemon-soda,ハニーレモンソーダ,29,集英社　∥　シュウエイシャ:26 | 集英社:2,集英社　∥　シュウエイシャ,"集英社=[27, 29]",no,"[27, 29]"
isekai-maou-to-shoukan-shoujo-no-dorei-majutsu,異世界魔王と召喚少女の奴隷魔術,29,講談社　∥　コウダンシャ:24 | 講談社:5,講談社　∥　コウダンシャ,"講談社=[25, 26, 27, 28, 29]",no,"[25, 26, 27, 28, 29]"
jujutsu-kaisen,呪術廻戦,29,集英社　∥　シュウエイシャ:27 | 集英社:2,集英社　∥　シュウエイシャ,"集英社=[29, 30]",no,"[29, 30]"
kakkou-no-iinazuke,カッコウの許嫁,29,講談社　∥　コウダンシャ:18 | 講談社:6,講談社　∥　コウダンシャ,"講談社=[24, 26, 28, 29, 30, 31]",no,"[24, 26, 28, 29, 30, 31]"
kengan-omega,ケンガンオメガ,29,小学館　∥　ショウガクカン:23 | 小学館:6,小学館　∥　ショウガクカン,"小学館=[24, 27, 28, 30, 31, 32]",no,"[24, 27, 28, 30, 31, 32]"
kenran-taru-grand-seenu,絢爛たるグランドセーヌ,29,秋田書店　∥　アキタショテン:25 | 秋田書店:4,秋田書店　∥　アキタショテン,"秋田書店=[26, 27, 28, 29]",no,"[26, 27, 28, 29]"
q-e-d-iff,Q.E.D.iff,29,講談社　∥　コウダンシャ:28 | 講談社:1,講談社　∥　コウダンシャ,講談社=[29],no,[29]
shakunetsu-kabadi,灼熱カバディ,29,小学館　∥　ショウガクカン:28 | 小学館:1,小学館　∥　ショウガクカン,小学館=[31],no,[31]
tsuyoshi,TSUYOSHI,29,小学館　∥　ショウガクカン:23 | 小学館:6,小学館　∥　ショウガクカン,"小学館=[25, 26, 27, 28, 29, 30]",no,"[25, 26, 27, 28, 29, 30]"
vinland-saga,ヴィンランド・サガ,29,講談社　∥　コウダンシャ:25 | 講談社:1,講談社　∥　コウダンシャ,講談社=[29],no,[29]
world-trigger,ワールドトリガー,29,集英社　∥　シュウエイシャ:27 | 集英社:2,集英社　∥　シュウエイシャ,"集英社=[28, 29]",no,"[28, 29]"
bungou-stray-dogs,文豪ストレイドッグス,28,KADOKAWA　∥　カドカワ:23 | KADOKAWA:3 | [発売]角川グループホールディングス　∥　カドカワグループホールディングス:1 | [発売]KADOKAWA　∥　カドカワ:1,KADOKAWA　∥　カドカワ,"[発売]角川グループホールディングス　∥　カドカワグループホールディングス=[1];[発売]KADOKAWA　∥　カドカワ=[2];KADOKAWA=[26, 27, 28]",no,"[1, 2, 26, 27, 28]"
donketsu,ドンケツ,28,少年画報社　∥　ショウネンガホウシャ:21 | 少年画報社　∥　ショウネン ガホウシャ:7,少年画報社　∥　ショウネンガホウシャ,"少年画報社　∥　ショウネン ガホウシャ=[1, 2, 3, 4, 5, 6, 7]",no,"[1, 2, 3, 4, 5, 6, 7]"
karneval,カーニヴァル,28,一迅社　∥　イチジンシャ:11 | [発売]講談社　∥　コウダンシャ:6 | [頒布]講談社　∥　コウダンシャ:2,一迅社　∥　イチジンシャ,"[発売]講談社　∥　コウダンシャ=[21, 22, 23, 24, 25, 26];[頒布]講談社　∥　コウダンシャ=[27, 28]",no,"[21, 22, 23, 24, 25, 26, 27, 28]"
mao,MAO,28,小学館　∥　ショウガクカン:21 | 小学館:5,小学館　∥　ショウガクカン,"小学館=[24, 25, 26, 27, 28]",no,"[24, 25, 26, 27, 28]"
minamike,みなみけ,28,講談社　∥　コウダンシャ:23 | 講談社:2,講談社　∥　コウダンシャ,"講談社=[27, 28]",no,"[27, 28]"
shiyakusho,死役所,28,新潮社　∥　シンチョウシャ:25 | 新潮社:3,新潮社　∥　シンチョウシャ,"新潮社=[26, 27, 28]",no,"[26, 27, 28]"
tate-no-yuusha-no-nariagari,盾の勇者の成り上がり,28,KADOKAWA　∥　カドカワ:25 | KADOKAWA:2,KADOKAWA　∥　カドカワ,"KADOKAWA=[27, 28]",no,"[27, 28]"
tou-no-kanri-o-shitemiyou,塔の管理をしてみよう,28,KADOKAWA　∥　カドカワ:21 | KADOKAWA:7,KADOKAWA　∥　カドカワ,"KADOKAWA=[22, 23, 24, 25, 26, 27, 28]",no,"[22, 23, 24, 25, 26, 27, 28]"
watashi-ga-motenai-no-wa-dou-kangaetemo-omaera-ga-warui,私がモテないのはどう考えてもお前らが悪い!,28,スクウェア・エニックス　∥　スクウェア ・ エニックス:18 | スクウェア・エニックス　∥　スクウェア エニックス:7 | スクウェア・エニックス:3,スクウェア・エニックス　∥　スクウェア ・ エニックス,"スクウェア・エニックス　∥　スクウェア エニックス=[1, 2, 3, 4, 5, 6, 7];スクウェア・エニックス=[26, 27, 28]",no,"[1, 2, 3, 4, 5, 6, 7, 26, 27, 28]"
yankee-jk-kuzuhana-chan,ヤンキーJKクズハナちゃん,28,秋田書店　∥　アキタショテン:21 | 秋田書店:7,秋田書店　∥　アキタショテン,"秋田書店=[24, 25, 26, 27, 28, 29, 30]",no,"[24, 25, 26, 27, 28, 29, 30]"
akagami-no-shirayukihime,赤髪の白雪姫,27,白泉社　∥　ハクセンシャ:26 | 白泉社:1,白泉社　∥　ハクセンシャ,白泉社=[27],no,[27]
dead-tube,DEAD Tube,27,秋田書店　∥　アキタショテン:23 | 秋田書店:4,秋田書店　∥　アキタショテン,"秋田書店=[24, 25, 26, 27]",no,"[24, 25, 26, 27]"
ekuseru-saga,エクセル❤サーガ,27,少年画報社　∥　ショウネン ガホウシャ:19 | 少年画報社　∥　ショウネンガホウシャ:2,少年画報社　∥　ショウネン ガホウシャ,"少年画報社　∥　ショウネンガホウシャ=[3, 4]",yes,"[3, 4]"
gakuen-baby-shittaazu,学園ベビーシッターズ,27,白泉社　∥　ハクセンシャ:25 | 白泉社:1,白泉社　∥　ハクセンシャ,白泉社=[27],no,[27]
gate,ゲート,27,[発売]星雲社　∥　セイウンシャ:17 | [頒布]星雲社 (発売)　∥　セイウンシャ:6 | [頒布]星雲社　∥　セイウンシャ:2 | [頒布]星雲社:2,[発売]星雲社　∥　セイウンシャ,"[頒布]星雲社 (発売)　∥　セイウンシャ=[18, 19, 20, 21, 22, 23];[頒布]星雲社　∥　セイウンシャ=[24, 25];[頒布]星雲社=[27, 28]",no,"[18, 19, 20, 21, 22, 23, 24, 25, 27, 28]"
kamen-rider-kuuga,仮面ライダークウガ,27,[発売]小学館クリエイティブ　∥　ショウガクカンクリエイティブ:14 | [頒布]小学館クリエイティブ (発売)　∥　ショウガクカンクリエイティブ:8 | [頒布]小学館クリエイティブ　∥　ショウガクカンクリエイティブ:2 | [頒布]小学館クリエイティブ:2,[発売]小学館クリエイティブ　∥　ショウガクカンクリエイティブ,"[頒布]小学館クリエイティブ (発売)　∥　ショウガクカンクリエイティブ=[15, 16, 17, 18, 19, 20, 21, 22];[頒布]小学館クリエイティブ　∥　ショウガクカンクリエイティブ=[23, 24];[頒布]小学館クリエイティブ=[26, 27]",no,"[15, 16, 17, 18, 19, 20, 21, 22, 23, 24, 26, 27]"
kami-app,神アプリ,27,秋田書店　∥　アキタショテン:24 | 秋田書店　∥　アキタ ショテン:3,秋田書店　∥　アキタショテン,"秋田書店　∥　アキタ ショテン=[1, 2, 3]",no,"[1, 2, 3]"
keibuho-daimajin,警部補ダイマジン,27,日本文芸社　∥　ニホン ブンゲイシャ:21 | 日本文芸社:5,日本文芸社　∥　ニホン ブンゲイシャ,"日本文芸社=[23, 24, 25, 26, 27]",no,"[23, 24, 25, 26, 27]"
kenja-no-mago,賢者の孫,27,KADOKAWA　∥　カドカワ:24 | KADOKAWA:3,KADOKAWA　∥　カドカワ,"KADOKAWA=[26, 27, 28]",no,"[26, 27, 28]"
naporeon,ナポレオン,27,少年画報社　∥　ショウネンガホウシャ:21 | 少年画報社　∥　ショウネン ガホウシャ:4 | 少年画報社:1,少年画報社　∥　ショウネンガホウシャ,"少年画報社　∥　ショウネン ガホウシャ=[2, 3, 4, 5];少年画報社=[27]",yes,"[2, 3, 4, 5, 27]"
noragami,ノラガミ,27,講談社　∥　コウダンシャ:22 | 講談社:3,講談社　∥　コウダンシャ,"講談社=[9, 10, 11]",no,"[9, 10, 11]"
ogamiya-yokochou-tenmatsuki,拝み屋横丁顛末記,27,一迅社　∥　イチジンシャ:19 | [発売]講談社　∥　コウダンシャ:1,一迅社　∥　イチジンシャ,[発売]講談社　∥　コウダンシャ=[27],no,[27]
out-mizuta-2025,OUT,27,秋田書店　∥　アキタショテン:23 | 秋田書店　∥　アキタ ショテン:2 | 秋田書店:2,秋田書店　∥　アキタショテン,"秋田書店　∥　アキタ ショテン=[1, 2];秋田書店=[27, 28]",no,"[1, 2, 27, 28]"
plus-chikku-nee-san,+ チック姉さん,27,スクウェア・エニックス　∥　スクウェア ・ エニックス:18 | スクウェア・エニックス　∥　スクウェア エニックス:7 | スクウェア・エニックス:2,スクウェア・エニックス　∥　スクウェア ・ エニックス,"スクウェア・エニックス　∥　スクウェア エニックス=[1, 2, 3, 4, 5, 6, 7];スクウェア・エニックス=[27, 28]",no,"[1, 2, 3, 4, 5, 6, 7, 27, 28]"
shuumatsu-no-valkyrie,終末のワルキューレ,27,コアミックス　∥　コアミックス:15 | [発売]徳間書店　∥　トクマ ショテン:5 | コアミックス:4 | コアミックス　∥　コア ミックス:2,コアミックス　∥　コアミックス,"[発売]徳間書店　∥　トクマ ショテン=[1, 2, 3, 4, 5];コアミックス　∥　コア ミックス=[8, 9];コアミックス=[24, 25, 26, 27]",no,"[1, 2, 3, 4, 5, 8, 9, 24, 25, 26, 27]"
tougen-anki,桃源暗鬼,27,秋田書店　∥　アキタショテン:20 | 秋田書店:7,秋田書店　∥　アキタショテン,"秋田書店=[21, 22, 24, 25, 26, 27, 28]",no,"[21, 22, 24, 25, 26, 27, 28]"
yama-no-susume,ヤマノススメ,27,[発売]泰文堂　∥　タイブンドウ:15 | アース・スターエンターテイメント　∥　アーススターエンターテイメント:9 | アース・スターエンターテイメント:3,[発売]泰文堂　∥　タイブンドウ,"アース・スターエンターテイメント　∥　アーススターエンターテイメント=[16, 17, 18, 19, 20, 21, 22, 23, 24];アース・スターエンターテイメント=[25, 26, 27]",no,"[16, 17, 18, 19, 20, 21, 22, 23, 24, 25, 26, 27]"
yozakura-san-no-daisakusen,夜桜さんちの大作戦,27,集英社　∥　シュウエイシャ:25 | 集英社:2,集英社　∥　シュウエイシャ,"集英社=[28, 29]",no,"[28, 29]"
boukyaku-no-sachiko,忘却のサチコ,26,小学館　∥　ショウガクカン:22 | 小学館:3,小学館　∥　ショウガクカン,"小学館=[24, 25, 26]",no,"[24, 25, 26]"
centaur-no-nayami,セントールの悩み,26,徳間書店　∥　トクマ ショテン:25 | 徳間書店:1,徳間書店　∥　トクマ ショテン,徳間書店=[26],no,[26]
denpa-kyoushi,電波教師,26,小学館　∥　ショウガクカン:25 | 小学館:1,小学館　∥　ショウガクカン,小学館=[9],no,[9]
drop-og-out-of-ganchu,ドロップOG,26,秋田書店　∥　アキタショテン:20 | 秋田書店　∥　アキタ ショテン:6,秋田書店　∥　アキタショテン,"秋田書店　∥　アキタ ショテン=[1, 2, 3, 4, 5, 6]",no,"[1, 2, 3, 4, 5, 6]"
garouden,餓狼伝,26,講談社　∥　コウダンシャ:6 | 秋田書店　∥　アキタ ショテン:1,講談社　∥　コウダンシャ,秋田書店　∥　アキタ ショテン=[26],yes,[26]
guranburu,ぐらんぶる,26,講談社　∥　コウダンシャ:22 | 講談社:3,講談社　∥　コウダンシャ,"講談社=[24, 25, 26]",no,"[24, 25, 26]"
imuri,イムリ,26,KADOKAWA　∥　カドカワ:12 | エンターブレイン:6 | [発売]角川グループパブリッシング　∥　カドカワ グループ パブリッシング:5 | [発売]角川グループパブリッシング　∥　カドカワグループパブリッシング:2 | [発売]KADOKAWA　∥　カドカワ:1,KADOKAWA　∥　カドカワ,"エンターブレイン=[1, 2, 3, 4, 5, 6];[発売]角川グループパブリッシング　∥　カドカワ グループ パブリッシング=[7, 8, 9, 10, 11];[発売]角川グループパブリッシング　∥　カドカワグループパブリッシング=[12, 13];[発売]KADOKAW",no,"[1, 2, 3, 4, 5, 6, 7, 8, 9, 10, 11, 12, 13, 14]"
jashin-chan-drop-kick,邪神ちゃんドロップキック,26,フレックスコミックス　∥　フレックスコミックス:14 | [発売]ほるぷ出版　∥　ホルプシュッパン:9 | フレックスコミックス:2,フレックスコミックス　∥　フレックスコミックス,"[発売]ほるぷ出版　∥　ホルプシュッパン=[1, 2, 3, 4, 5, 6, 7, 8, 9];フレックスコミックス=[25, 26]",no,"[1, 2, 3, 4, 5, 6, 7, 8, 9, 25, 26]"
kami-nomizo-shiru-sekai,神のみぞ知るセカイ,26,小学館　∥　ショウガクカン:24 | 小学館:1,小学館　∥　ショウガクカン,小学館=[24],no,[24]
kyuuketsuki-sugu-shinu,吸血鬼すぐ死ぬ,26,秋田書店　∥　アキタショテン:25 | 秋田書店:1,秋田書店　∥　アキタショテン,秋田書店=[26],no,[26]
mobile-suit-gundam-thunderbolt,機動戦士ガンダムサンダーボルト,26,小学館　∥　ショウガクカン:17 | 小学館:3 | KADOKAWA　∥　カドカワ:1,小学館　∥　ショウガクカン,"小学館=[5, 26, 27];KADOKAWA　∥　カドカワ=[10]",no,"[5, 10, 26, 27]"
nanatsuya-shinobu-no-housekibako,七つ屋志のぶの宝石匣,26,講談社　∥　コウダンシャ:22 | 講談社:4,講談社　∥　コウダンシャ,"講談社=[23, 24, 25, 26]",no,"[23, 24, 25, 26]"
saki,咲,26,スクウェア・エニックス　∥　スクウェア エニックス:12 | スクウェア・エニックス　∥　スクウェア ・ エニックス:12 | スクウェア・エニックス:1,スクウェア・エニックス　∥　スクウェア エニックス,"スクウェア・エニックス　∥　スクウェア ・ エニックス=[14, 15, 16, 17, 18, 19, 20, 21, 22, 23, 24, 25];スクウェア・エニックス=[27]",no,"[14, 15, 16, 17, 18, 19, 20, 21, 22, 23, 24, 25, 27]"
shangurira-furonteia,シャングリラ・フロンティア,26,講談社:7 | 講談社　∥　コウダンシャ:1,講談社,講談社　∥　コウダンシャ=[2],no,[2]
shi-ga-futari-o-wakatsumade,死がふたりを分かつまで,26,スクウェア・エニックス　∥　スクウェア エニックス:20 | スクウェア・エニックス　∥　スクウェア ・ エニックス:2 | スクウェア・エニックス　∥　スクウェア  エニックス:1,スクウェア・エニックス　∥　スクウェア エニックス,"スクウェア・エニックス　∥　スクウェア  エニックス=[23];スクウェア・エニックス　∥　スクウェア ・ エニックス=[25, 26]",no,"[23, 25, 26]"
tableau-gate,タブロウ・ゲート,26,秋田書店　∥　アキタショテン:14 | 秋田書店　∥　アキタ ショテン:10,秋田書店　∥　アキタショテン,"秋田書店　∥　アキタ ショテン=[3, 4, 5, 6, 7, 8, 9, 10, 11, 12]",yes,"[3, 4, 5, 6, 7, 8, 9, 10, 11, 12]"
undead-unluck,アンデッドアンラック,26,集英社　∥　シュウエイシャ:22 | 集英社:4,集英社　∥　シュウエイシャ,"集英社=[24, 25, 26, 27]",no,"[24, 25, 26, 27]"
wakakozake,ワカコ酒,26,[発売]徳間書店　∥　トクマ ショテン:12 | コアミックス　∥　コアミックス:9 | コアミックス:3 | [発売]徳間書店　∥　トクマショテン:2,[発売]徳間書店　∥　トクマ ショテン,"[発売]徳間書店　∥　トクマショテン=[11, 13];コアミックス　∥　コアミックス=[15, 16, 17, 18, 19, 20, 21, 22, 23];コアミックス=[24, 25, 26]",no,"[11, 13, 15, 16, 17, 18, 19, 20, 21, 22, 23, 24, 25, 26]"
animal-yokochou,アニマル横町,25,集英社　∥　シュウエイシャ:17 | 集英社:1,集英社　∥　シュウエイシャ,集英社=[25],no,[25]
chi-to-hai-no-joou,血と灰の女王,25,小学館　∥　ショウガクカン:22 | 小学館:3,小学館　∥　ショウガクカン,"小学館=[23, 24, 25]",no,"[23, 24, 25]"
chrome-no-pandora,紅殻のパンドラ,25,KADOKAWA　∥　カドカワ:23 | [発売]角川グループパブリッシング　∥　カドカワグループパブリッシング:1 | [発売]KADOKAWA　∥　カドカワ:1,KADOKAWA　∥　カドカワ,[発売]角川グループパブリッシング　∥　カドカワグループパブリッシング=[1];[発売]KADOKAWA　∥　カドカワ=[2],no,"[1, 2]"
coffee-ando-vanilla,コーヒー&バニラ,25,小学館　∥　ショウガクカン:22 | 小学館:1,小学館　∥　ショウガクカン,小学館=[25],no,[25]
facade,ファサード,25,新書館　∥　シンショカン:10 | 新書館:1,新書館　∥　シンショカン,新書館=[25],yes,[25]
jibaku-shounen-hanako-kun,地縛少年花子くん,25,スクウェア・エニックス　∥　スクウェア ・ エニックス:16 | スクウェア・エニックス　∥　スクウェアエニックス:5 | スクウェア・エニックス:3 | スクウェア・エニックス　∥　スクウェア エニックス:1,スクウェア・エニックス　∥　スクウェア ・ エニックス,"スクウェア・エニックス　∥　スクウェア エニックス=[8];スクウェア・エニックス　∥　スクウェアエニックス=[17, 18, 19, 21, 22];スクウェア・エニックス=[23, 24, 25]",no,"[8, 17, 18, 19, 21, 22, 23, 24, 25]"
kijitoraneko-no-koume-san,キジトラ猫の小梅さん,25,少年画報社　∥　ショウネンガホウシャ:16 | 少年画報社　∥　ショウネン ガホウシャ:8 | 少年画報社:1,少年画報社　∥　ショウネンガホウシャ,"少年画報社　∥　ショウネン ガホウシャ=[1, 2, 3, 4, 5, 6, 7, 17];少年画報社=[25]",no,"[1, 2, 3, 4, 5, 6, 7, 17, 25]"
kimi-no-koto-ga-daidaidaidaidaisuki-na-100-nin-no-kanojo,君のことが大大大大大好きな100人の彼女,25,集英社　∥　シュウエイシャ:18 | 集英社:6,集英社　∥　シュウエイシャ,"集英社=[19, 20, 21, 22, 23, 25]",no,"[19, 20, 21, 22, 23, 25]"
kinou-nani-tabeta,きのう何食べた?,25,講談社　∥　コウダンシャ:19 | 講談社:3,講談社　∥　コウダンシャ,"講談社=[23, 24, 25]",no,"[23, 24, 25]"
kuiinzu-kuoritei,クイーンズ・クオリティ,25,小学館　∥　ショウガクカン:23 | 小学館:2,小学館　∥　ショウガクカン,"小学館=[24, 25]",no,"[24, 25]"
murci-lago,Murciélago,25,スクウェア・エニックス　∥　スクウェア ・ エニックス:20 | スクウェア・エニックス:3 | スクウェア・エニックス　∥　スクウェア エニックス:2,スクウェア・エニックス　∥　スクウェア ・ エニックス,"スクウェア・エニックス　∥　スクウェア エニックス=[1, 2];スクウェア・エニックス=[26, 27, 28]",no,"[1, 2, 26, 27, 28]"
nekoe-juubei,猫絵十兵衛,25,少年画報社　∥　ショウネンガホウシャ:16 | 少年画報社　∥　ショウネン ガホウシャ:7 | 少年画報社:2,少年画報社　∥　ショウネンガホウシャ,"少年画報社　∥　ショウネン ガホウシャ=[1, 2, 3, 4, 5, 6, 7];少年画報社=[24, 25]",no,"[1, 2, 3, 4, 5, 6, 7, 24, 25]"
oniyaku,鬼役,25,リイド社　∥　リイドシャ:22 | リイド社:3,リイド社　∥　リイドシャ,"リイド社=[23, 24, 25]",no,"[23, 24, 25]"
ryuusui-no-tsubasa,龍帥の翼,25,講談社　∥　コウダンシャ:24 | 講談社:1,講談社　∥　コウダンシャ,講談社=[4],no,[4]
sakamoto-days,SAKAMOTO DAYS,25,集英社　∥　シュウエイシャ:18 | 集英社:7,集英社　∥　シュウエイシャ,"集英社=[20, 21, 22, 23, 24, 25, 26]",no,"[20, 21, 22, 23, 24, 25, 26]"
sun-ken-rock,サンケンロック,25,少年画報社　∥　ショウネン ガホウシャ:19 | 少年画報社　∥　ショウネンガホウシャ:6,少年画報社　∥　ショウネン ガホウシャ,"少年画報社　∥　ショウネンガホウシャ=[20, 21, 22, 23, 24, 25]",no,"[20, 21, 22, 23, 24, 25]"
tetsu-no-linebarrels,鉄のラインバレル,25,秋田書店　∥　アキタ ショテン:16 | 秋田書店　∥　アキタショテン:4,秋田書店　∥　アキタ ショテン,"秋田書店　∥　アキタショテン=[22, 23, 24, 25]",no,"[22, 23, 24, 25]"
witch-watch,ウィッチウォッチ,25,集英社　∥　シュウエイシャ:17 | 集英社:7,集英社　∥　シュウエイシャ,"集英社=[18, 20, 21, 22, 23, 24, 25]",no,"[18, 20, 21, 22, 23, 24, 25]"
amatsuki,あまつき,24,一迅社　∥　イチジンシャ:12 | 一迅社:1 | [発売]講談社　∥　コウダンシャ:1,一迅社　∥　イチジンシャ,一迅社=[8];[発売]講談社　∥　コウダンシャ=[24],no,"[8, 24]"
appare-urayasu-tekkin-kazoku,あっぱれ!浦安鉄筋家族,24,秋田書店　∥　アキタショテン:19 | 秋田書店:5,秋田書店　∥　アキタショテン,"秋田書店=[20, 21, 22, 23, 24]",no,"[20, 21, 22, 23, 24]"
arslan-senki,アルスラーン戦記,24,講談社　∥　コウダンシャ:7 | 講談社:3,講談社　∥　コウダンシャ,"講談社=[22, 23, 24]",yes,"[22, 23, 24]"
asami-mitsuhiko-mystery-special,浅見光彦ミステリースペシャル,24,実業之日本社　∥　ジツギョウ ノ ニホンシャ:18 | 実業之日本社　∥　ジツギョウノニホンシャ:5,実業之日本社　∥　ジツギョウ ノ ニホンシャ,"実業之日本社　∥　ジツギョウノニホンシャ=[8, 21, 22, 23, 24]",yes,"[8, 21, 22, 23, 24]"
boku-to-roboko,僕とロボコ,24,集英社　∥　シュウエイシャ:18 | 集英社:6,集英社　∥　シュウエイシャ,"集英社=[19, 20, 21, 23, 24, 25]",no,"[19, 20, 21, 23, 24, 25]"
crows-gaiden-housenka,クローズ外伝鳳仙花,24,秋田書店　∥　アキタショテン:18 | 秋田書店:5,秋田書店　∥　アキタショテン,"秋田書店=[20, 21, 22, 23, 24]",no,"[20, 21, 22, 23, 24]"
draft-king,ドラフトキング,24,集英社　∥　シュウエイシャ:19 | 集英社:4,集英社　∥　シュウエイシャ,"集英社=[21, 22, 23, 24]",no,"[21, 22, 23, 24]"
dragon-ball-super,ドラゴンボール超(スーパー),24,集英社　∥　シュウエイシャ:23 | 集英社:1,集英社　∥　シュウエイシャ,集英社=[24],no,[24]
girls-ando-panzer-motto-raburabu-sakusen-desu,ガールズ&パンツァーもっとらぶらぶ作戦です!,24,KADOKAWA　∥　カドカワ:20 | KADOKAWA:3 | kadokawa　∥　kadokawa:1,KADOKAWA　∥　カドカワ,"kadokawa　∥　kadokawa=[2];KADOKAWA=[23, 24, 25]",no,"[2, 23, 24, 25]"
haken-suit-yamada-noriko,派遣戦士山田のり子,24,双葉社　∥　フタバシャ:17 | 双葉社:2,双葉社　∥　フタバシャ,"双葉社=[23, 24]",no,"[23, 24]"
hakkenden,八犬伝,24,KADOKAWA　∥　カドカワ:8 | KADOKAWA:1,KADOKAWA　∥　カドカワ,KADOKAWA=[24],yes,[24]
hana-yori-mo-hana-no-gotoku,花よりも花の如く,24,白泉社　∥　ハクセンシャ:18 | 白泉社:1,白泉社　∥　ハクセンシャ,白泉社=[24],no,[24]
haruka-reset,はるかリセット,24,秋田書店　∥　アキタショテン:15 | 秋田書店:8,秋田書店　∥　アキタショテン,"秋田書店=[16, 18, 19, 20, 21, 22, 23, 24]",no,"[16, 18, 19, 20, 21, 22, 23, 24]"
hatenkou-yuugi,破天荒遊戯,24,一迅社　∥　イチジンシャ:12 | [発売]講談社　∥　コウダンシャ:4 | [頒布]講談社　∥　コウダンシャ:2,一迅社　∥　イチジンシャ,"[発売]講談社　∥　コウダンシャ=[19, 20, 21, 22];[頒布]講談社　∥　コウダンシャ=[23, 24]",yes,"[19, 20, 21, 22, 23, 24]"
high-score-aruko-2002,ハイスコア,24,集英社　∥　シュウエイシャ:18 | 集英社:1,集英社　∥　シュウエイシャ,集英社=[24],no,[24]
high-score,HIGH SCORE,24,集英社　∥　シュウエイシャ:18 | 集英社:1,集英社　∥　シュウエイシャ,集英社=[24],no,[24]
hina-chan-no-nichijou,ひなちゃんの日常,24,[発売]日本工業新聞社　∥　ニホンコウギョウシンブンシャ:17 | [発売]日本工業新聞社　∥　ニホン コウギョウ シンブンシャ:2 | [発売]日本工業新聞新社　∥　ニホンコウギョウシンブンシンシャ:2 | 産経新聞出版　∥　サンケイ シンブン シュッパン:1 | [頒布]日本工業新聞社 (発売)　∥　ニホンコウギョウシンブンシャ:1,[発売]日本工業新聞社　∥　ニホンコウギョウシンブンシャ,"産経新聞出版　∥　サンケイ シンブン シュッパン=[2];[発売]日本工業新聞社　∥　ニホン コウギョウ シンブンシャ=[3, 5];[発売]日本工業新聞新社　∥　ニホンコウギョウシンブンシンシャ=[6, 7];[頒布]日本工業新聞社 (発売)　∥　ニホンコウギョウシンブンシャ=",no,"[2, 3, 5, 6, 7, 24]"
hitoribocchi-no-isekai-kouryaku,ひとりぼっちの異世界攻略,24,オーバーラップ　∥　オーバーラップ:19 | オーバーラップ:5,オーバーラップ　∥　オーバーラップ,"オーバーラップ=[20, 23, 24, 25, 26]",no,"[20, 23, 24, 25, 26]"
ikki-tousen,一騎当千,24,ワニブックス　∥　ワニ ブックス:8 | ワニブックス　∥　ワニブックス:5,ワニブックス　∥　ワニ ブックス,"ワニブックス　∥　ワニブックス=[20, 21, 22, 23, 24]",no,"[20, 21, 22, 23, 24]"
juujika-no-rokunin,十字架のろくにん,24,講談社　∥　コウダンシャ:16 | 講談社:7,講談社　∥　コウダンシャ,"講談社=[17, 19, 20, 21, 22, 23, 24]",no,"[17, 19, 20, 21, 22, 23, 24]"
kichikujima,鬼畜島,24,LINE Digital Frontier　∥　ラインデジタルフロンティア:15 | 竹書房　∥　タケ ショボウ:9,LINE Digital Frontier　∥　ラインデジタルフロンティア,"竹書房　∥　タケ ショボウ=[1, 2, 3, 4, 5, 6, 7, 8, 9]",no,"[1, 2, 3, 4, 5, 6, 7, 8, 9]"
konjiki-no-waado-master,金色の文字使い(ワードマスター),24,KADOKAWA　∥　カドカワ:21 | KADOKAWA:3,KADOKAWA　∥　カドカワ,"KADOKAWA=[22, 23, 24]",no,"[22, 23, 24]"
kuro-no-shoukanshi,黒の召喚士,24,オーバーラップ　∥　オーバーラップ:19 | オーバーラップ:4,オーバーラップ　∥　オーバーラップ,"オーバーラップ=[21, 22, 23, 24]",no,"[21, 22, 23, 24]"
kyokou-suiri,虚構推理,24,講談社　∥　コウダンシャ:19 | 講談社:2,講談社　∥　コウダンシャ,"講談社=[23, 24]",no,"[23, 24]"
maido-urayasu-tekkin-kazoku,毎度!浦安鉄筋家族,24,秋田書店　∥　アキタショテン:16 | 秋田書店　∥　アキタ ショテン:7 | 秋田書店:1,秋田書店　∥　アキタショテン,"秋田書店　∥　アキタ ショテン=[1, 2, 3, 4, 5, 7, 8];秋田書店=[6]",no,"[1, 2, 3, 4, 5, 6, 7, 8]"
makenkitsu,マケン姫っ!,24,KADOKAWA　∥　カドカワ:14 | [発売]角川グループパブリッシング　∥　カドカワ グループ パブリッシング:8 | [発売]角川グループパブリッシング　∥　カドカワグループパブリッシング:2,KADOKAWA　∥　カドカワ,"[発売]角川グループパブリッシング　∥　カドカワ グループ パブリッシング=[1, 2, 3, 4, 5, 6, 7, 8];[発売]角川グループパブリッシング　∥　カドカワグループパブリッシング=[9, 10]",no,"[1, 2, 3, 4, 5, 6, 7, 8, 9, 10]"
manga-grimm-douwa-2003,まんがグリム童話,24,ぶんか社　∥　ブンカシャ:19 | ぶんか社:4,ぶんか社　∥　ブンカシャ,"ぶんか社=[59, 60, 61, 62]",no,"[59, 60, 61, 62]"
manga-grimm-douwa,まんがグリム童話,24,ぶんか社　∥　ブンカシャ:19 | ぶんか社:4,ぶんか社　∥　ブンカシャ,"ぶんか社=[59, 60, 61, 62]",no,"[59, 60, 61, 62]"
mix,MIX,24,小学館　∥　ショウガクカン:22 | 小学館:2,小学館　∥　ショウガクカン,"小学館=[23, 24]",no,"[23, 24]"
mobile-suit-gundam-ji-origin,機動戦士ガンダムTHE ORIGIN,24,[発売]角川グループパブリッシング　∥　カドカワ グループ パブリッシング:7 | 角川書店　∥　カドカワ ショテン:2 | KADOKAWA　∥　カドカワ:1,[発売]角川グループパブリッシング　∥　カドカワ グループ パブリッシング,"角川書店　∥　カドカワ ショテン=[15, 17];KADOKAWA　∥　カドカワ=[24]",no,"[15, 17, 24]"
mobuko-no-koi,モブ子の恋,24,コアミックス　∥　コアミックス:12 | [発売]徳間書店　∥　トクマ ショテン:6 | コアミックス:5 | コアミックス　∥　コア ミックス:1,コアミックス　∥　コアミックス,"[発売]徳間書店　∥　トクマ ショテン=[1, 2, 3, 4, 5, 6];コアミックス　∥　コア ミックス=[8];コアミックス=[20, 21, 22, 23, 24]",no,"[1, 2, 3, 4, 5, 6, 8, 20, 21, 22, 23, 24]"
niiche-sensei,ニーチェ先生,24,KADOKAWA　∥　カドカワ:18 | KADOKAWA:3 | メディアファクトリー　∥　メディアファクトリー:1 | KADOKAWA　∥　KADOKAWA:1,KADOKAWA　∥　カドカワ,"メディアファクトリー　∥　メディアファクトリー=[4];KADOKAWA　∥　KADOKAWA=[14];KADOKAWA=[22, 23, 24]",no,"[4, 14, 22, 23, 24]"
pandora-hearts,Pandora hearts,24,スクウェア・エニックス　∥　スクウェア エニックス:21 | スクウェア・エニックス　∥　スクウェア ・ エニックス:2,スクウェア・エニックス　∥　スクウェア エニックス,"スクウェア・エニックス　∥　スクウェア ・ エニックス=[23, 24]",no,"[23, 24]"
paripi-koumei,パリピ孔明,24,講談社　∥　コウダンシャ:18 | 講談社:5,講談社　∥　コウダンシャ,"講談社=[20, 21, 22, 23, 24]",no,"[20, 21, 22, 23, 24]"
real-account,リアルアカウント,24,講談社　∥　コウダンシャ:23 | 講談社:1,講談社　∥　コウダンシャ,講談社=[14],no,[14]
risou-no-himo-seikatsu,理想のヒモ生活,24,KADOKAWA　∥　カドカワ:20 | KADOKAWA:4,KADOKAWA　∥　カドカワ,"KADOKAWA=[22, 23, 24, 25]",no,"[22, 23, 24, 25]"
seikon-no-qwaser,聖痕のクェイサー,24,秋田書店　∥　アキタ ショテン:15 | 秋田書店　∥　アキタショテン:8,秋田書店　∥　アキタ ショテン,"秋田書店　∥　アキタショテン=[17, 18, 19, 20, 21, 22, 23, 24]",no,"[17, 18, 19, 20, 21, 22, 23, 24]"
shura-no-toki,修羅の刻,24,講談社　∥　コウダンシャ:5 | 講談社:4,講談社　∥　コウダンシャ,"講談社=[23, 24, 25, 26]",no,"[23, 24, 25, 26]"
tajuu-jinkaku-tantei-psycho,多重人格探偵サイコ,24,KADOKAWA　∥　カドカワ:6 | [発売]角川グループパブリッシング　∥　カドカワ グループ パブリッシング:5 | [発売]角川グループパブリッシング　∥　カドカワグループパブリッシング:2,KADOKAWA　∥　カドカワ,"[発売]角川グループパブリッシング　∥　カドカワ グループ パブリッシング=[12, 13, 14, 15, 16];[発売]角川グループパブリッシング　∥　カドカワグループパブリッシング=[17, 18]",yes,"[12, 13, 14, 15, 16, 17, 18]"
watashitachi-wa-hanshokushiteiru,私たちは繁殖している,24,ぶんか社　∥　ブンカシャ:17 | ぶんか社:1,ぶんか社　∥　ブンカシャ,ぶんか社=[24],no,[24]
wind-breaker,WIND BREAKER,24,講談社　∥　コウダンシャ:18 | 講談社:6,講談社　∥　コウダンシャ,"講談社=[20, 21, 22, 23, 24, 25]",no,"[20, 21, 22, 23, 24, 25]"
yamikin-ushijima-kun-gaiden-nikumamushi-densetsu,闇金ウシジマくん外伝肉蝮伝説,24,小学館　∥　ショウガクカン:21 | 小学館:3,小学館　∥　ショウガクカン,"小学館=[23, 24, 25]",no,"[23, 24, 25]"
yuru-yuri,ゆるゆり,24,一迅社　∥　イチジンシャ:9 | 一迅社:4 | [頒布]講談社　∥　コウダンシャ:4 | [発売]講談社　∥　コウダンシャ:3 | [頒布]講談社:2,一迅社　∥　イチジンシャ,"一迅社=[4, 10, 11, 12];[発売]講談社　∥　コウダンシャ=[16, 17, 18];[頒布]講談社　∥　コウダンシャ=[19, 20, 21, 22];[頒布]講談社=[23, 24]",no,"[4, 10, 11, 12, 16, 17, 18, 19, 20, 21, 22, 23, 24]"
zekkyou-gakkyuu-tensei,絶叫学級転生,24,集英社　∥　シュウエイシャ:22 | 集英社:1,集英社　∥　シュウエイシャ,集英社=[24],no,[24]
100-man-no-inochi-no-ue-ni-ore-wa-tatte-iru,100万の命の上に俺は立っている,23,講談社　∥　コウダンシャ:18 | 講談社:3,講談社　∥　コウダンシャ,"講談社=[21, 22, 23]",no,"[21, 22, 23]"
2-tengojigen-no-ririsa,2.5次元の誘惑(リリサ),23,集英社　∥　シュウエイシャ:20 | 集英社:3,集英社　∥　シュウエイシャ,"集英社=[22, 24, 25]",no,"[22, 24, 25]"
atom-the-beginning,アトムザ・ビギニング,23,[発売]小学館クリエイティブ　∥　ショウガクカンクリエイティブ:11 | [頒布]小学館クリエイティブ (発売)　∥　ショウガクカンクリエイティブ:7 | [頒布]小学館クリエイティブ:2 | [頒布]小学館クリエイティブ　∥　ショウガクカンクリエイティブ:1,[発売]小学館クリエイティブ　∥　ショウガクカンクリエイティブ,"[頒布]小学館クリエイティブ (発売)　∥　ショウガクカンクリエイティブ=[13, 14, 15, 16, 17, 18, 19];[頒布]小学館クリエイティブ　∥　ショウガクカンクリエイティブ=[20];[頒布]小学館クリエイティブ=[22, 23]",no,"[13, 14, 15, 16, 17, 18, 19, 20, 22, 23]"
break-back,BREAK BACK,23,秋田書店　∥　アキタショテン:18 | 秋田書店:5,秋田書店　∥　アキタショテン,"秋田書店=[19, 20, 21, 22, 23]",no,"[19, 20, 21, 22, 23]"
chainsaw-man,チェンソーマン,23,集英社　∥　シュウエイシャ:18 | 集英社:4,集英社　∥　シュウエイシャ,"集英社=[20, 21, 22, 23]",no,"[20, 21, 22, 23]"
chicken-drop-zenya-no-monogatari,チキン 「ドロップ」前夜の物語,23,秋田書店　∥　アキタショテン:14 | 秋田書店　∥　アキタ ショテン:9,秋田書店　∥　アキタショテン,"秋田書店　∥　アキタ ショテン=[1, 2, 3, 4, 5, 6, 7, 8, 9]",no,"[1, 2, 3, 4, 5, 6, 7, 8, 9]"
fairy-tail-100-years-quest,FAIRY TAIL 100 YEARS QUEST,23,講談社　∥　コウダンシャ:17 | 講談社:5,講談社　∥　コウダンシャ,"講談社=[19, 20, 21, 22, 23]",no,"[19, 20, 21, 22, 23]"
fumetsu-no-anata-e,不滅のあなたへ,23,講談社　∥　コウダンシャ:21 | 講談社:1,講談社　∥　コウダンシャ,講談社=[25],no,[25]
good-morning-kiss,グッドモーニング・キス,23,集英社　∥　シュウエイシャ:22 | 集英社:1,集英社　∥　シュウエイシャ,集英社=[23],no,[23]
hataraku-maou-sama,はたらく魔王さま!,23,KADOKAWA　∥　カドカワ:18 | [発売]角川グループホールディングス　∥　カドカワ グループホールディングス:1 | Kadokawa　∥　Kadokawa:1 | [発売]Kadokawa　∥　Kadokawa:1 | KADOKAWA　∥　KADOKAWA:1 | KADOKAWA:1,KADOKAWA　∥　カドカワ,[発売]角川グループホールディングス　∥　カドカワ グループホールディングス=[1];Kadokawa　∥　Kadokawa=[2];[発売]Kadokawa　∥　Kadokawa=[3];KADOKAWA　∥　KADOKAWA=[22];KADOKAWA=[24],no,"[1, 2, 3, 22, 24]"
impact,インパクト,23,学習研究社　∥　ガクシュウ ケンキュウシャ:7 | [発売]学研マーケティング　∥　ガッケン マーケティング:2,学習研究社　∥　ガクシュウ ケンキュウシャ,"[発売]学研マーケティング　∥　ガッケン マーケティング=[28, 29]",no,"[28, 29]"
jijou-o-shiranai-tenkousei-ga-guigui-kuru,事情を知らない転校生がグイグイくる。,23,スクウェア・エニックス　∥　スクウェア ・ エニックス:13 | スクウェア・エニックス　∥　スクウェアエニックス:5 | スクウェア・エニックス:4,スクウェア・エニックス　∥　スクウェア ・ エニックス,"スクウェア・エニックス　∥　スクウェアエニックス=[13, 14, 15, 16, 18];スクウェア・エニックス=[20, 21, 22, 23]",no,"[13, 14, 15, 16, 18, 20, 21, 22, 23]"
killing-bites,キリングバイツ,23,[発売]小学館クリエイティブ　∥　ショウガクカンクリエイティブ:16 | [頒布]小学館クリエイティブ (発売)　∥　ショウガクカンクリエイティブ:6 | [頒布]小学館クリエイティブ　∥　ショウガクカンクリエイティブ:1,[発売]小学館クリエイティブ　∥　ショウガクカンクリエイティブ,"[頒布]小学館クリエイティブ (発売)　∥　ショウガクカンクリエイティブ=[17, 18, 19, 20, 21, 22];[頒布]小学館クリエイティブ　∥　ショウガクカンクリエイティブ=[23]",no,"[17, 18, 19, 20, 21, 22, 23]"
koyoi-tsuma-ga,今宵、妻が。,23,日本文芸社　∥　ニホン ブンゲイシャ:19 | 日本文芸社:3,日本文芸社　∥　ニホン ブンゲイシャ,"日本文芸社=[21, 22, 23]",no,"[21, 22, 23]"
kuroiwa-medaka-ni-watashi-no-kawaii-ga-tsuujinai,黒岩メダカに私の可愛いが通じない,23,講談社　∥　コウダンシャ:15 | 講談社:7,講談社　∥　コウダンシャ,"講談社=[17, 18, 19, 20, 21, 22, 23]",no,"[17, 18, 19, 20, 21, 22, 23]"
kuzu,クズ!!,23,秋田書店　∥　アキタショテン:21 | 秋田書店　∥　アキタ ショテン:2,秋田書店　∥　アキタショテン,"秋田書店　∥　アキタ ショテン=[1, 2]",no,"[1, 2]"
mahoutsukai-no-yome,魔法使いの嫁,23,マッグガーデン　∥　マッグ ガーデン:9 | マッグガーデン　∥　マッグガーデン:3 | [頒布]KADOKAWA:2 | マッグガーデン:1,マッグガーデン　∥　マッグ ガーデン,"マッグガーデン　∥　マッグガーデン=[9, 15, 19];マッグガーデン=[10];[頒布]KADOKAWA=[22, 23]",no,"[9, 10, 15, 19, 22, 23]"
mf-ghost,MFゴースト,23,講談社　∥　コウダンシャ:19 | 講談社:2,講談社　∥　コウダンシャ,"講談社=[22, 23]",no,"[22, 23]"
mobile-suit-gundam-aguressaa,機動戦士ガンダムアグレッサー,23,小学館　∥　ショウガクカン:20 | 小学館:3,小学館　∥　ショウガクカン,"小学館=[21, 22, 23]",no,"[21, 22, 23]"
mokushiroku-no-yonkishi,黙示録の四騎士,23,講談社　∥　コウダンシャ:17 | 講談社:6,講談社　∥　コウダンシャ,"講談社=[18, 20, 22, 23, 24, 25]",no,"[18, 20, 22, 23, 24, 25]"
momogumi-plus-senki,桃組プラス戦記,23,KADOKAWA　∥　カドカワ:11 | [発売]角川グループパブリッシング　∥　カドカワ グループ パブリッシング:6 | Kadokawa　∥　Kadokawa:2 | [発売]KADOKAWA　∥　KADOKAWA:1 | KADOKAWA　∥　KADOKAWA:1,KADOKAWA　∥　カドカワ,"[発売]角川グループパブリッシング　∥　カドカワ グループ パブリッシング=[3, 4, 5, 6, 7, 8];Kadokawa　∥　Kadokawa=[9, 10];[発売]KADOKAWA　∥　KADOKAWA=[11];KADOKAWA　∥　KADOKAWA=[13]",no,"[3, 4, 5, 6, 7, 8, 9, 10, 11, 13]"
mushoku-tensei,無職転生,23,KADOKAWA　∥　カドカワ:20 | KADOKAWA:3,KADOKAWA　∥　カドカワ,"KADOKAWA=[22, 23, 24]",no,"[22, 23, 24]"
nobunaga-no-shinobi,信長の忍び,23,白泉社　∥　ハクセンシャ:21 | 白泉社:2,白泉社　∥　ハクセンシャ,"白泉社=[22, 23]",no,"[22, 23]"
nukozuke,ぬこづけ!,23,白泉社　∥　ハクセンシャ:21 | 白泉社:2,白泉社　∥　ハクセンシャ,"白泉社=[22, 23]",no,"[22, 23]"
ore-dake-level-appu-na-ken,俺だけレベルアップな件,23,KADOKAWA　∥　カドカワ:17 | KADOKAWA:6,KADOKAWA　∥　カドカワ,"KADOKAWA=[19, 20, 21, 22, 23, 24]",no,"[19, 20, 21, 22, 23, 24]"
recorder-to-randoseru,リコーダーとランドセル,23,竹書房　∥　タケ ショボウ:21 | 竹書房:2,竹書房　∥　タケ ショボウ,"竹書房=[22, 23]",no,"[22, 23]"
ryuu-to-ichigo,龍と苺,23,小学館　∥　ショウガクカン:17 | 小学館:6,小学館　∥　ショウガクカン,"小学館=[20, 21, 22, 23, 24, 25]",no,"[20, 21, 22, 23, 24, 25]"
shikabanehime,屍姫,23,スクウェア・エニックス　∥　スクウェア エニックス:18 | スクウェア・エニックス　∥　スクウェア ・ エニックス:1,スクウェア・エニックス　∥　スクウェア エニックス,スクウェア・エニックス　∥　スクウェア ・ エニックス=[21],no,[21]
takashina-ryouko-senshuu,高階良子選集,23,秋田書店　∥　アキタ ショテン:16 | 秋田書店　∥　アキタショテン:7,秋田書店　∥　アキタ ショテン,"秋田書店　∥　アキタショテン=[17, 18, 19, 20, 21, 22, 23]",no,"[17, 18, 19, 20, 21, 22, 23]"
tenkuu-no-tobira,天空の扉,23,日本文芸社　∥　ニホン ブンゲイシャ:20 | 日本文芸社:3,日本文芸社　∥　ニホン ブンゲイシャ,"日本文芸社=[21, 22, 23]",no,"[21, 22, 23]"
tsui-no-taimashi-endaagaisutaa,終の退魔師-エンダーガイスター-,23,小学館　∥　ショウガクカン:16 | 小学館:7,小学館　∥　ショウガクカン,"小学館=[17, 19, 20, 21, 22, 23, 24]",no,"[17, 19, 20, 21, 22, 23, 24]"
ubel-blatt,ユーベルブラット,23,スクウェア・エニックス　∥　スクウェア エニックス:12 | スクウェア・エニックス　∥　スクウェア ・ エニックス:7,スクウェア・エニックス　∥　スクウェア エニックス,"スクウェア・エニックス　∥　スクウェア ・ エニックス=[17, 18, 19, 20, 21, 22, 23]",no,"[17, 18, 19, 20, 21, 22, 23]"
yaiteru-futari,焼いてるふたり,23,講談社　∥　コウダンシャ:16 | 講談社:6,講談社　∥　コウダンシャ,"講談社=[17, 18, 19, 20, 21, 23]",no,"[17, 18, 19, 20, 21, 23]"
1-nichi-gaishutsuroku-hanchou,1日外出録ハンチョウ,22,講談社　∥　コウダンシャ:18 | 講談社:4,講談社　∥　コウダンシャ,"講談社=[19, 20, 21, 22]",no,"[19, 20, 21, 22]"
acma-game,ACMA:GAME,22,講談社　∥　コウダンシャ:21 | 講談社:1,講談社　∥　コウダンシャ,講談社=[22],no,[22]
boukyaku-battery,忘却バッテリー,22,集英社　∥　シュウエイシャ:18 | 集英社:4,集英社　∥　シュウエイシャ,"集英社=[19, 21, 22, 23]",no,"[19, 21, 22, 23]"
bunchou-sama-to-watashi,文鳥様と私,22,青泉社　∥　セイセンシャ:12 | Bbmfマガジン　∥　Bbmf マガジン:4 | 青泉社:2,青泉社　∥　セイセンシャ,"Bbmfマガジン　∥　Bbmf マガジン=[9, 10, 11, 12];青泉社=[25, 26]",no,"[9, 10, 11, 12, 25, 26]"
chicken-iguchi-2024,チキン,22,秋田書店　∥　アキタショテン:18 | 秋田書店:4,秋田書店　∥　アキタショテン,"秋田書店=[43, 44, 45, 46]",no,"[43, 44, 45, 46]"
eiyuu-kyoushitsu,英雄教室,22,スクウェア・エニックス　∥　スクウェア ・ エニックス:18 | スクウェア・エニックス:2 | スクウェア・エニックス　∥　スクウェア エニックス:1,スクウェア・エニックス　∥　スクウェア ・ エニックス,"スクウェア・エニックス　∥　スクウェア エニックス=[4];スクウェア・エニックス=[21, 22]",no,"[4, 21, 22]"
ingoshima,インゴシマ,22,ワニブックス　∥　ワニブックス:17 | ワニブックス:4,ワニブックス　∥　ワニブックス,"ワニブックス=[19, 20, 21, 22]",no,"[19, 20, 21, 22]"
jitsu-wa-watashi-wa,実は私は,22,秋田書店　∥　アキタショテン:19 | 秋田書店　∥　アキタ ショテン:3,秋田書店　∥　アキタショテン,"秋田書店　∥　アキタ ショテン=[1, 2, 8]",no,"[1, 2, 8]"
kaijuu-jieitai,怪獣自衛隊,22,新潮社　∥　シンチョウシャ:15 | 新潮社:6,新潮社　∥　シンチョウシャ,"新潮社=[16, 18, 19, 20, 21, 22]",no,"[16, 18, 19, 20, 21, 22]"
karakai-jouzu-no-moto-takagi-san,からかい上手の〈元〉高木さん,22,小学館　∥　ショウガクカン:21 | 小学館:1,小学館　∥　ショウガクカン,小学館=[22],no,[22]
kemono-jihen,怪物(けもの)事変,22,集英社　∥　シュウエイシャ:21 | 集英社:1,集英社　∥　シュウエイシャ,集英社=[24],no,[24]
konnano-shiranai,こんなの、しらない,22,小学館　∥　ショウガクカン:17 | 小学館:5,小学館　∥　ショウガクカン,"小学館=[18, 19, 20, 21, 22]",no,"[18, 19, 20, 21, 22]"
kono-subarashii-sekai-ni-shukufuku-o,この素晴らしい世界に祝福を!,22,KADOKAWA　∥　カドカワ:19 | KADOKAWA:3,KADOKAWA　∥　カドカワ,"KADOKAWA=[20, 21, 22]",no,"[20, 21, 22]"
makai-no-shuyaku-wa-wareware-da,魔界の主役は我々だ!,22,秋田書店　∥　アキタショテン:17 | 秋田書店:5,秋田書店　∥　アキタショテン,"秋田書店=[18, 19, 20, 21, 22]",no,"[18, 19, 20, 21, 22]"
manshuu-ahen-squad,満州アヘンスクワッド,22,講談社　∥　コウダンシャ:17 | 講談社:4,講談社　∥　コウダンシャ,"講談社=[19, 20, 21, 22]",no,"[19, 20, 21, 22]"
miira-no-kaikata,ミイラの飼い方,22,双葉社　∥　フタバシャ:9 | NHN comico　∥　エヌエイチエヌコミコ:7 | NHN comico　∥　NHN comico:2 | 双葉社:2 | [発売]双葉社　∥　フタバシャ:1,双葉社　∥　フタバシャ,"NHN comico　∥　NHN comico=[1, 5];NHN comico　∥　エヌエイチエヌコミコ=[2, 3, 4, 7, 8, 9, 10];[発売]双葉社　∥　フタバシャ=[6];双葉社=[21, 22]",no,"[1, 2, 3, 4, 5, 6, 7, 8, 9, 10, 21, 22]"
mobile-suit-gundam-san,機動戦士ガンダムさん,22,KADOKAWA　∥　カドカワ:11 | [発売]角川グループパブリッシング　∥　カドカワ グループ パブリッシング:6 | [発売]角川グループパブリッシング　∥　カドカワグループパブリッシング:1 | [発売]KADOKAWA　∥　カドカワ:1 | KADOKAWA:1,KADOKAWA　∥　カドカワ,"[発売]角川グループパブリッシング　∥　カドカワ グループ パブリッシング=[3, 4, 5, 6, 7, 8];[発売]角川グループパブリッシング　∥　カドカワグループパブリッシング=[9];[発売]KADOKAWA　∥　カドカワ=[10];KADOKAWA=[23]",no,"[3, 4, 5, 6, 7, 8, 9, 10, 23]"
nigejouzu-no-wakagimi,逃げ上手の若君,22,集英社　∥　シュウエイシャ:16 | 集英社:6,集英社　∥　シュウエイシャ,"集英社=[17, 19, 21, 22, 23, 24]",no,"[17, 19, 21, 22, 23, 24]"
oku-san,おくさん,22,少年画報社　∥　ショウネンガホウシャ:15 | 少年画報社　∥　ショウネン ガホウシャ:6 | 少年画報社:1,少年画報社　∥　ショウネンガホウシャ,"少年画報社　∥　ショウネン ガホウシャ=[1, 2, 3, 4, 5, 9];少年画報社=[22]",no,"[1, 2, 3, 4, 5, 9, 22]"
only-sense-online,Only Sense Online,22,KADOKAWA　∥　カドカワ:19 | KADOKAWA:2,KADOKAWA　∥　カドカワ,"KADOKAWA=[21, 22]",no,"[21, 22]"
ore-no-genjitsu-wa-love-game-ka-to-omottara-inochigake-no-game-datta,俺の現実は恋愛ゲーム??-かと思ったら命がけのゲームだった,22,スクウェア・エニックス　∥　スクウェア ・ エニックス:19 | スクウェア・エニックス:3,スクウェア・エニックス　∥　スクウェア ・ エニックス,"スクウェア・エニックス=[20, 21, 22]",no,"[20, 21, 22]"
oroka-na-tenshi-wa-akuma-to-odoru,愚かな天使は悪魔と踊る,22,KADOKAWA　∥　カドカワ:19 | KADOKAWA:3,KADOKAWA　∥　カドカワ,"KADOKAWA=[20, 21, 22]",no,"[20, 21, 22]"
riinkaaneeshon-no-kaben,リィンカーネーションの花弁,22,マッグガーデン　∥　マッグ ガーデン:20 | マッグガーデン:2,マッグガーデン　∥　マッグ ガーデン,"マッグガーデン=[22, 23]",no,"[22, 23]"
rokuhoudou-yotsuiro-hiyori,鹿楓堂よついろ日和,22,新潮社　∥　シンチョウシャ:19 | 新潮社:2,新潮社　∥　シンチョウシャ,"新潮社=[21, 22]",no,"[21, 22]"
sei-onii-san,聖☆おにいさん,22,講談社　∥　コウダンシャ:19 | 講談社:1,講談社　∥　コウダンシャ,講談社=[22],no,[22]
seishokuki,性食鬼,22,秋田書店　∥　アキタショテン:16 | 秋田書店　∥　アキタ ショテン:3 | 秋田書店:3,秋田書店　∥　アキタショテン,"秋田書店　∥　アキタ ショテン=[1, 2, 3];秋田書店=[20, 21, 22]",no,"[1, 2, 3, 20, 21, 22]"
servamp,SERVAMP,22,KADOKAWA　∥　カドカワ:17 | Kadokawa　∥　Kadokawa:4 | KADOKAWA:1,KADOKAWA　∥　カドカワ,"Kadokawa　∥　Kadokawa=[1, 2, 3, 4];KADOKAWA=[24]",no,"[1, 2, 3, 4, 24]"
shimauma,シマウマ,22,少年画報社　∥　ショウネンガホウシャ:13 | 少年画報社　∥　ショウネン ガホウシャ:9,少年画報社　∥　ショウネンガホウシャ,"少年画報社　∥　ショウネン ガホウシャ=[1, 2, 3, 4, 5, 6, 7, 8, 22]",no,"[1, 2, 3, 4, 5, 6, 7, 8, 22]"
shinkurou-hashiru,新九郎、奔る!,22,小学館　∥　ショウガクカン:17 | 小学館:5,小学館　∥　ショウガクカン,"小学館=[18, 19, 20, 21, 22]",no,"[18, 19, 20, 21, 22]"
shinryaku-ikamusume,侵略!イカ娘,22,秋田書店　∥　アキタ ショテン:15 | 秋田書店　∥　アキタショテン:7,秋田書店　∥　アキタ ショテン,"秋田書店　∥　アキタショテン=[15, 16, 18, 19, 20, 21, 22]",no,"[15, 16, 18, 19, 20, 21, 22]"
shoujiki-fudou-san,正直不動産,22,小学館　∥　ショウガクカン:20 | 小学館:2,小学館　∥　ショウガクカン,"小学館=[22, 23]",no,"[22, 23]"
sunabouzu,砂ぼうず,22,KADOKAWA　∥　カドカワ:8 | [発売]角川グループパブリッシング　∥　カドカワ グループ パブリッシング:1,KADOKAWA　∥　カドカワ,[発売]角川グループパブリッシング　∥　カドカワ グループ パブリッシング=[14],yes,[14]
taishou-romantica,大正ロマンチカ,22,宙出版　∥　オオゾラ シュッパン:21 | [発売]ジャイブ　∥　ジャイブ:1,宙出版　∥　オオゾラ シュッパン,[発売]ジャイブ　∥　ジャイブ=[22],no,[22]
tensei-shitara-dainana-ouji-datta-node-kimama-ni-majutsu-o-kiwamemasu,転生したら第七王子だったので、気ままに魔術を極めます,22,講談社　∥　コウダンシャ:16 | 講談社:5,講談社　∥　コウダンシャ,"講談社=[18, 19, 20, 21, 22]",no,"[18, 19, 20, 21, 22]"
tsujiurauri,辻占売,22,ぶんか社　∥　ブンカシャ:19 | ぶんか社:1,ぶんか社　∥　ブンカシャ,ぶんか社=[22],no,[22]
umamusume-shindereragurei,ウマ娘シンデレラグレイ,22,集英社　∥　シュウエイシャ:15 | 集英社:7,集英社　∥　シュウエイシャ,"集英社=[16, 17, 18, 19, 20, 21, 23]",no,"[16, 17, 18, 19, 20, 21, 23]"
violinist-of-hameln-shchelkunchik,続ハーメルンのバイオリン弾き,22,[発売]林檎プロモーション　∥　リンゴプロモーション:14 | [頒布]林檎プロモーション (発売)　∥　リンゴプロモーション:4 | [頒布]林檎プロモーション:2 | [発売]林檎プロモーション　∥　リンゴ プロモーション:1 | [頒布]林檎プロモーション　∥　リンゴプロモーション:1,[発売]林檎プロモーション　∥　リンゴプロモーション,"[発売]林檎プロモーション　∥　リンゴ プロモーション=[3];[頒布]林檎プロモーション (発売)　∥　リンゴプロモーション=[16, 17, 18, 19];[頒布]林檎プロモーション　∥　リンゴプロモーション=[20];[頒布]林檎プロモーション=[21, 22]",no,"[3, 16, 17, 18, 19, 20, 21, 22]"
yahari-ore-no-seishun-rabukome-wa-machigatteiru,やはり俺の青春ラブコメはまちがっている。,22,スクウェア・エニックス　∥　スクウェア ・ エニックス:17 | スクウェア・エニックス　∥　スクウェア エニックス:5,スクウェア・エニックス　∥　スクウェア ・ エニックス,"スクウェア・エニックス　∥　スクウェア エニックス=[1, 2, 3, 4, 5]",no,"[1, 2, 3, 4, 5]"
yuukoku-no-moriarty,憂国のモリアーティ,22,集英社　∥　シュウエイシャ:19 | 集英社:2,集英社　∥　シュウエイシャ,"集英社=[21, 22]",no,"[21, 22]"
yuzukisanchi-no-yonkyoudai,柚木さんちの四兄弟。,22,小学館　∥　ショウガクカン:17 | 小学館:5,小学館　∥　ショウガクカン,"小学館=[18, 19, 20, 21, 22]",no,"[18, 19, 20, 21, 22]"
zon-100,ゾン100,22,小学館　∥　ショウガクカン:17 | 小学館:4,小学館　∥　ショウガクカン,"小学館=[19, 20, 21, 22]",no,"[19, 20, 21, 22]"
29-sai-dokushin-chuuken-boukensha-no-nichijou,29歳独身中堅冒険者の日常,21,講談社　∥　コウダンシャ:17 | 講談社:4,講談社　∥　コウダンシャ,"講談社=[18, 19, 20, 21]",no,"[18, 19, 20, 21]"
9-banme-no-musashi,9番目のムサシ,21,秋田書店　∥　アキタショテン:1 | 秋田書店:1 | 秋田書店　∥　アキタ ショテン:1,秋田書店　∥　アキタショテン,秋田書店=[16];秋田書店　∥　アキタ ショテン=[21],no,"[16, 21]"
amagami-san-no-enmusubi,甘神さんちの縁結び,21,講談社　∥　コウダンシャ:16 | 講談社:5,講談社　∥　コウダンシャ,"講談社=[18, 19, 20, 21, 22]",no,"[18, 19, 20, 21, 22]"
ao-no-hako,アオのハコ,21,集英社　∥　シュウエイシャ:16 | 集英社:5,集英社　∥　シュウエイシャ,"集英社=[19, 21, 22, 23, 24]",no,"[19, 21, 22, 23, 24]"
atashinchi,あたしンち,21,メディアファクトリー　∥　メディア ファクトリー:3 | KADOKAWA　∥　カドカワ:3 | メディアファクトリー:2 | メディアファクトリー　∥　メディアファクトリー:1,メディアファクトリー　∥　メディア ファクトリー,"メディアファクトリー=[15, 17];メディアファクトリー　∥　メディアファクトリー=[18];KADOKAWA　∥　カドカワ=[19, 20, 21]",no,"[15, 17, 18, 19, 20, 21]"
cheers,Cheers!,21,エンジェル出版　∥　エンジェル シュッパン:10 | 双葉社　∥　フタバシャ:8,エンジェル出版　∥　エンジェル シュッパン,"双葉社　∥　フタバシャ=[4, 5, 6, 7, 8, 9, 10, 11]",no,"[4, 5, 6, 7, 8, 9, 10, 11]"
chuuka-ichiban-kiwami,中華一番!極,21,講談社　∥　コウダンシャ:17 | 講談社:4,講談社　∥　コウダンシャ,"講談社=[18, 19, 20, 21]",no,"[18, 19, 20, 21]"
chuusotsu-worker-kara-hajimeru-koukou-seikatsu,中卒労働者から始める高校生活,21,日本文芸社　∥　ニホン ブンゲイシャ:20 | 日本文芸社:1,日本文芸社　∥　ニホン ブンゲイシャ,日本文芸社=[21],no,[21]
dandadan,ダンダダン,21,集英社　∥　シュウエイシャ:15 | 集英社:6,集英社　∥　シュウエイシャ,"集英社=[18, 19, 20, 21, 22, 23]",no,"[18, 19, 20, 21, 22, 23]"
dear-boys-act-3,DEAR BOYS ACT 3,21,講談社　∥　コウダンシャ:20 | 講談社:1,講談社　∥　コウダンシャ,講談社=[8],no,[8]
dear-boys-act-4,DEAR BOYS ACT 4,21,講談社　∥　コウダンシャ:17 | 講談社:4,講談社　∥　コウダンシャ,"講談社=[19, 20, 21, 22]",no,"[19, 20, 21, 22]"
futari-solo-camp,ふたりソロキャンプ,21,講談社　∥　コウダンシャ:15 | 講談社:3,講談社　∥　コウダンシャ,"講談社=[21, 22, 23]",no,"[21, 22, 23]"
hajimete-no-gal,はじめてのギャル,21,KADOKAWA　∥　カドカワ:18 | KADOKAWA:2,KADOKAWA　∥　カドカワ,"KADOKAWA=[20, 21]",no,"[20, 21]"
hakaijuu,ハカイジュウ,21,秋田書店　∥　アキタショテン:11 | 秋田書店　∥　アキタ ショテン:10,秋田書店　∥　アキタショテン,"秋田書店　∥　アキタ ショテン=[1, 2, 3, 4, 5, 6, 7, 8, 9, 10]",no,"[1, 2, 3, 4, 5, 6, 7, 8, 9, 10]"
henjo,変女,21,白泉社　∥　ハクセンシャ:19 | 白泉社:2,白泉社　∥　ハクセンシャ,"白泉社=[20, 21]",no,"[20, 21]"
isekai-izakaya-nobu,異世界居酒屋「のぶ」,21,KADOKAWA　∥　カドカワ:18 | KADOKAWA:3,KADOKAWA　∥　カドカワ,"KADOKAWA=[19, 20, 21]",no,"[19, 20, 21]"
jikan-teishi-yuusha,時間停止勇者,21,講談社　∥　コウダンシャ:16 | 講談社:5,講談社　∥　コウダンシャ,"講談社=[17, 18, 19, 20, 21]",no,"[17, 18, 19, 20, 21]"
junket-bank,ジャンケットバンク,21,集英社　∥　シュウエイシャ:15 | 集英社:6,集英社　∥　シュウエイシャ,"集英社=[16, 17, 18, 19, 20, 21]",no,"[16, 17, 18, 19, 20, 21]"
kakegurui,賭ケグルイ,21,スクウェア・エニックス　∥　スクウェア ・ エニックス:17 | スクウェア・エニックス:3 | スクウェア・エニックス　∥　スクウェア エニックス:1,スクウェア・エニックス　∥　スクウェア ・ エニックス,"スクウェア・エニックス　∥　スクウェア エニックス=[1];スクウェア・エニックス=[19, 20, 21]",no,"[1, 19, 20, 21]"
kaoru-hana-wa-rin-to-saku,薫る花は凛と咲く,21,講談社　∥　コウダンシャ:13 | 講談社:8,講談社　∥　コウダンシャ,"講談社=[15, 16, 17, 18, 19, 20, 21, 22]",no,"[15, 16, 17, 18, 19, 20, 21, 22]"
karubania-monogatari,カルバニア物語,21,徳間書店　∥　トクマ ショテン:13 | 徳間書店:2,徳間書店　∥　トクマ ショテン,"徳間書店=[11, 22]",no,"[11, 22]"
katana,KATANA,21,KADOKAWA　∥　カドカワ:14 | ぶんか社　∥　ブンカシャ:7,KADOKAWA　∥　カドカワ,"ぶんか社　∥　ブンカシャ=[1, 2, 3, 4, 5, 6, 7]",no,"[1, 2, 3, 4, 5, 6, 7]"
kiritani-san-chotsu-sore-kuunsuka,桐谷さんちょっそれ食うんすか!?,21,双葉社　∥　フタバシャ:17 | 双葉社:3,双葉社　∥　フタバシャ,"双葉社=[19, 20, 21]",no,"[19, 20, 21]"
kusuriya-no-hitorigoto,薬屋のひとりごと,21,小学館　∥　ショウガクカン:17 | 小学館:3,小学館　∥　ショウガクカン,"小学館=[19, 20, 21]",no,"[19, 20, 21]"
kuutei-dragons,空挺ドラゴンズ,21,講談社　∥　コウダンシャ:16 | 講談社:4,講談社　∥　コウダンシャ,"講談社=[18, 19, 20, 21]",no,"[18, 19, 20, 21]"
kyou-kara-ma-no-tsuku-jiyuugyou,今日から〔○マ〕のつく自由業!,21,[発売]角川グループパブリッシング　∥　カドカワ グループ パブリッシング:10 | KADOKAWA　∥　カドカワ:5 | [発売]角川グループパブリッシング　∥　カドカワグループパブリッシング:3,[発売]角川グループパブリッシング　∥　カドカワ グループ パブリッシング,"[発売]角川グループパブリッシング　∥　カドカワグループパブリッシング=[14, 15, 16];KADOKAWA　∥　カドカワ=[17, 18, 19, 20, 21]",no,"[14, 15, 16, 17, 18, 19, 20, 21]"
maeda-deka-kabuki-tabi,前田慶次かぶき旅,21,コアミックス　∥　コアミックス:13 | コアミックス:4 | [発売]徳間書店　∥　トクマ ショテン:2 | コアミックス　∥　コア ミックス:1,コアミックス　∥　コアミックス,"[発売]徳間書店　∥　トクマ ショテン=[1, 2];コアミックス　∥　コア ミックス=[4];コアミックス=[18, 19, 20, 21]",no,"[1, 2, 4, 18, 19, 20, 21]"
mahoujin-guruguru-2,魔法陣グルグル2,21,スクウェア・エニックス　∥　スクウェア ・ エニックス:16 | スクウェア・エニックス　∥　スクウェア エニックス:3 | スクウェア・エニックス:1,スクウェア・エニックス　∥　スクウェア ・ エニックス,"スクウェア・エニックス　∥　スクウェア エニックス=[1, 2, 3];スクウェア・エニックス=[21]",no,"[1, 2, 3, 21]"
monster-musume-no-iru-nichijou,モンスター娘のいる日常,21,徳間書店　∥　トクマ ショテン:19 | 徳間書店:2,徳間書店　∥　トクマ ショテン,"徳間書店=[20, 21]",no,"[20, 21]"
netsuai-prince,熱愛プリンス,21,宙出版　∥　オオゾラ シュッパン:14 | [発売]ジャイブ　∥　ジャイブ:4 | [頒布]ジャイブ (発売)　∥　ジャイブ:3,宙出版　∥　オオゾラ シュッパン,"[発売]ジャイブ　∥　ジャイブ=[13, 14, 15, 16];[頒布]ジャイブ (発売)　∥　ジャイブ=[17, 18, 19]",no,"[13, 14, 15, 16, 17, 18, 19]"
onikirimaru-den,鬼切丸伝,21,リイド社　∥　リイドシャ:19 | リイド社:2,リイド社　∥　リイドシャ,"リイド社=[22, 23]",no,"[22, 23]"
ou-sama-rankingu,王様ランキング,21,KADOKAWA　∥　カドカワ:18 | KADOKAWA:3,KADOKAWA　∥　カドカワ,"KADOKAWA=[19, 20, 21]",no,"[19, 20, 21]"
outen-no-mon,応天の門,21,新潮社　∥　シンチョウシャ:19 | 新潮社:2,新潮社　∥　シンチョウシャ,"新潮社=[20, 21]",no,"[20, 21]"
ridex,RIDEX,21,モーターマガジン社　∥　モーターマガジンシャ:19 | モーターマガジン社　∥　モーター マガジンシャ:2,モーターマガジン社　∥　モーターマガジンシャ,"モーターマガジン社　∥　モーター マガジンシャ=[1, 20]",yes,"[1, 20]"
sentai-daishikkaku,戦隊大失格,21,講談社　∥　コウダンシャ:15 | 講談社:5,講談社　∥　コウダンシャ,"講談社=[17, 18, 19, 20, 21]",no,"[17, 18, 19, 20, 21]"
shadows-house,シャドーハウス,21,集英社　∥　シュウエイシャ:17 | 集英社:4,集英社　∥　シュウエイシャ,"集英社=[18, 19, 20, 21]",no,"[18, 19, 20, 21]"
sunset-rose,サンセットローズ,21,秋田書店　∥　アキタショテン:17 | 秋田書店　∥　アキタ ショテン:3 | 秋田書店:1,秋田書店　∥　アキタショテン,"秋田書店=[1];秋田書店　∥　アキタ ショテン=[2, 3, 4]",no,"[1, 2, 3, 4]"
trinity-blood,トリニティ・ブラッド,21,[発売]角川グループパブリッシング　∥　カドカワ グループ パブリッシング:7 | KADOKAWA　∥　カドカワ:5 | [発売]KADOKAWA　∥　KADOKAWA:1,[発売]角川グループパブリッシング　∥　カドカワ グループ パブリッシング,"[発売]KADOKAWA　∥　KADOKAWA=[16];KADOKAWA　∥　カドカワ=[17, 18, 19, 20, 21]",no,"[16, 17, 18, 19, 20, 21]"
ultraman-2012,ULTRAMAN,21,[発売]小学館クリエイティブ　∥　ショウガクカンクリエイティブ:14 | [頒布]小学館クリエイティブ (発売)　∥　ショウガクカンクリエイティブ:4 | [発売]小学館クリエイティブ　∥　ショウガクカン クリエイティブ:1 | [頒布]小学館クリエイティブ　∥　ショウガクカンクリエイティブ:1 | [頒布]小学館クリエイティブ:1,[発売]小学館クリエイティブ　∥　ショウガクカンクリエイティブ,"[発売]小学館クリエイティブ　∥　ショウガクカン クリエイティブ=[1];[頒布]小学館クリエイティブ (発売)　∥　ショウガクカンクリエイティブ=[16, 17, 18, 19];[頒布]小学館クリエイティブ　∥　ショウガクカンクリエイティブ=[20];[頒布]小学館クリエイテ",no,"[1, 16, 17, 18, 19, 20, 21]"
ultraman-g,ウルトラマンG,21,[発売]小学館クリエイティブ　∥　ショウガクカンクリエイティブ:14 | [頒布]小学館クリエイティブ (発売)　∥　ショウガクカンクリエイティブ:4 | [頒布]小学館クリエイティブ　∥　ショウガクカンクリエイティブ:1 | [頒布]小学館クリエイティブ:1,[発売]小学館クリエイティブ　∥　ショウガクカンクリエイティブ,"[頒布]小学館クリエイティブ (発売)　∥　ショウガクカンクリエイティブ=[16, 17, 18, 19];[頒布]小学館クリエイティブ　∥　ショウガクカンクリエイティブ=[20];[頒布]小学館クリエイティブ=[21]",yes,"[16, 17, 18, 19, 20, 21]"
worst-gaiden-dokuro,WORST外伝ドクロ,21,秋田書店　∥　アキタショテン:15 | 秋田書店:6,秋田書店　∥　アキタショテン,"秋田書店=[16, 17, 18, 19, 20, 21]",no,"[16, 17, 18, 19, 20, 21]"
adekan,艶漢,20,新書館　∥　シンショカン:19 | 新書館:1,新書館　∥　シンショカン,新書館=[20],no,[20]
akane-banashi,あかね噺,20,集英社　∥　シュウエイシャ:12 | 集英社:8,集英社　∥　シュウエイシャ,"集英社=[13, 15, 16, 17, 18, 19, 20, 21]",no,"[13, 15, 16, 17, 18, 19, 20, 21]"
aoba-jitenshaten-e-youkoso,アオバ自転車店へようこそ!,20,少年画報社　∥　ショウネンガホウシャ:15 | 少年画報社　∥　ショウネン ガホウシャ:5,少年画報社　∥　ショウネンガホウシャ,"少年画報社　∥　ショウネン ガホウシャ=[1, 2, 3, 4, 5]",no,"[1, 2, 3, 4, 5]"
arakure-knight-2008,荒くれKNIGHT 黒い残響完結編,20,秋田書店　∥　アキタ ショテン:12 | 秋田書店　∥　アキタショテン:8,秋田書店　∥　アキタ ショテン,"秋田書店　∥　アキタショテン=[13, 14, 15, 16, 17, 18, 19, 20]",no,"[13, 14, 15, 16, 17, 18, 19, 20]"
ari-no-ou,蟻の王,20,秋田書店　∥　アキタショテン:18 | 秋田書店:2,秋田書店　∥　アキタショテン,"秋田書店=[19, 20]",no,"[19, 20]"
arte,アルテ,20,[発売]徳間書店　∥　トクマ ショテン:12 | コアミックス　∥　コアミックス:7 | コアミックス:1,[発売]徳間書店　∥　トクマ ショテン,"コアミックス　∥　コアミックス=[13, 14, 15, 16, 17, 18, 19];コアミックス=[21]",no,"[13, 14, 15, 16, 17, 18, 19, 21]"
atsumare-fushigi-kenkyuubu,あつまれ!ふしぎ研究部,20,秋田書店　∥　アキタショテン:18 | 秋田書店:2,秋田書店　∥　アキタショテン,"秋田書店=[19, 20]",no,"[19, 20]"
ayame-kun-no-nonbiri-nikushoku-nisshi,アヤメくんののんびり肉食日誌,20,祥伝社　∥　ショウデンシャ:18 | 祥伝社:2,祥伝社　∥　ショウデンシャ,"祥伝社=[19, 20]",no,"[19, 20]"
boku-wa-tomodachi-ga-sukunai,僕は友達が少ない,20,KADOKAWA　∥　カドカワ:12 | メディアファクトリー　∥　メディア ファクトリー:7 | メディアファクトリー:1,KADOKAWA　∥　カドカワ,"メディアファクトリー=[1];メディアファクトリー　∥　メディア ファクトリー=[2, 3, 4, 5, 6, 7, 8]",no,"[1, 2, 3, 4, 5, 6, 7, 8]"
break-blade,ブレイクブレイド,20,[発売]ソフトバンククリエイティブ　∥　ソフトバンク クリエイティブ:10 | [発売]ほるぷ出版　∥　ホルプシュッパン:6 | フレックスコミックス　∥　フレックスコミックス:4,[発売]ソフトバンククリエイティブ　∥　ソフトバンク クリエイティブ,"[発売]ほるぷ出版　∥　ホルプシュッパン=[11, 12, 13, 14, 15, 16];フレックスコミックス　∥　フレックスコミックス=[17, 18, 19, 20]",no,"[11, 12, 13, 14, 15, 16, 17, 18, 19, 20]"
chii-chan-no-oshinagaki,ちぃちゃんのおしながき,20,竹書房　∥　タケ ショボウ:19 | 竹書房:1,竹書房　∥　タケ ショボウ,竹書房=[20],no,[20]
d-flag,ディーふらぐ!,20,KADOKAWA　∥　カドカワ:11 | メディアファクトリー　∥　メディア ファクトリー:7 | KADOKAWA:2,KADOKAWA　∥　カドカワ,"メディアファクトリー　∥　メディア ファクトリー=[1, 2, 3, 4, 5, 6, 7];KADOKAWA=[19, 20]",no,"[1, 2, 3, 4, 5, 6, 7, 19, 20]"
deaimon,であいもん,20,KADOKAWA　∥　カドカワ:17 | KADOKAWA:3,KADOKAWA　∥　カドカワ,"KADOKAWA=[18, 19, 20]",no,"[18, 19, 20]"
fate-stay-night,Fate/stay night,20,[発売]角川グループパブリッシング　∥　カドカワ グループ パブリッシング:15 | [発売]角川グループパブリッシング　∥　カドカワグループパブリッシング:3,[発売]角川グループパブリッシング　∥　カドカワ グループ パブリッシング,"[発売]角川グループパブリッシング　∥　カドカワグループパブリッシング=[18, 19, 20]",no,"[18, 19, 20]"
football-nation,フットボールネーション,20,小学館　∥　ショウガクカン:18 | 小学館:2,小学館　∥　ショウガクカン,"小学館=[19, 20]",no,"[19, 20]"
gunka-no-baltzar,軍靴のバルツァー,20,新潮社　∥　シンチョウシャ:12 | 講談社　∥　コウダンシャ:4 | 講談社:2,新潮社　∥　シンチョウシャ,"講談社　∥　コウダンシャ=[15, 16, 17, 18];講談社=[19, 20]",no,"[15, 16, 17, 18, 19, 20]"
himiko,卑弥呼,20,小学館　∥　ショウガクカン:16 | 小学館:4,小学館　∥　ショウガクカン,"小学館=[17, 18, 19, 20]",no,"[17, 18, 19, 20]"
hitomi-sensei-no-hokenshitsu,ヒトミ先生の保健室,20,徳間書店　∥　トクマ ショテン:18 | 徳間書店:2,徳間書店　∥　トクマ ショテン,"徳間書店=[19, 20]",no,"[19, 20]"
ikusa-no-ko,いくさの子,20,[発売]徳間書店　∥　トクマ ショテン:13 | コアミックス　∥　コアミックス:7,[発売]徳間書店　∥　トクマ ショテン,"コアミックス　∥　コアミックス=[14, 15, 16, 17, 18, 19, 20]",no,"[14, 15, 16, 17, 18, 19, 20]"
isekai-cheat-magician,異世界チート魔術師(マジシャン),20,KADOKAWA　∥　カドカワ:17 | KADOKAWA:3,KADOKAWA　∥　カドカワ,"KADOKAWA=[18, 19, 20]",no,"[18, 19, 20]"
jank-runk-family,ジャンク・ランク・ファミリー,20,秋田書店　∥　アキタショテン:15 | 秋田書店:5,秋田書店　∥　アキタショテン,"秋田書店=[16, 17, 18, 19, 20]",no,"[16, 17, 18, 19, 20]"
jichou-shinai-motoyuusha-no-tsuyokute-tanoshii-new-game,自重しない元勇者の強くて楽しいニューゲーム,20,集英社　∥　シュウエイシャ:19 | 集英社:1,集英社　∥　シュウエイシャ,集英社=[20],no,[20]
kuruneko,くるねこ,20,KADOKAWA　∥　カドカワ:8 | [発売]角川グループパブリッシング　∥　カドカワグループパブリッシング:7 | エンターブレイン:2 | エンターブレイン　∥　エンターブレイン:2 | [発売]KADOKAWA　∥　カドカワ:1,KADOKAWA　∥　カドカワ,"エンターブレイン=[1, 2];エンターブレイン　∥　エンターブレイン=[3, 4];[発売]角川グループパブリッシング　∥　カドカワグループパブリッシング=[5, 6, 7, 8, 9, 10, 11];[発売]KADOKAWA　∥　カドカワ=[12]",no,"[1, 2, 3, 4, 5, 6, 7, 8, 9, 10, 11, 12]"
lv999-no-murabito,LV999の村人,20,KADOKAWA　∥　カドカワ:16 | KADOKAWA:4,KADOKAWA　∥　カドカワ,"KADOKAWA=[17, 18, 19, 20]",no,"[17, 18, 19, 20]"
mahou-shoujo-lyrical-nanoha-vivid,魔法少女リリカルなのはViVid,20,KADOKAWA　∥　カドカワ:10 | [発売]角川グループパブリッシング　∥　カドカワ グループ パブリッシング:6 | [発売]角川グループパブリッシング　∥　カドカワグループパブリッシング:2 | [発売]角川グループホールディングス　∥　カドカワグループホールディングス:1 | [発売]KADOKAWA　∥　カドカワ:1,KADOKAWA　∥　カドカワ,"[発売]角川グループパブリッシング　∥　カドカワ グループ パブリッシング=[1, 2, 3, 4, 5, 6];[発売]角川グループパブリッシング　∥　カドカワグループパブリッシング=[7, 8];[発売]角川グループホールディングス　∥　カドカワグループホールディングス=[9",no,"[1, 2, 3, 4, 5, 6, 7, 8, 9, 10]"
mato-seihei-no-slave,魔都精兵のスレイブ,20,集英社　∥　シュウエイシャ:16 | 集英社:3,集英社　∥　シュウエイシャ,"集英社=[18, 19, 20]",no,"[18, 19, 20]"
megami-no-kafeterasu,女神のカフェテラス,20,講談社　∥　コウダンシャ:14 | 講談社:4,講談社　∥　コウダンシャ,"講談社=[18, 20, 21, 22]",no,"[18, 20, 21, 22]"
mura-matsuri,村祀り,20,芳文社　∥　ホウブンシャ:19 | 芳文社:1,芳文社　∥　ホウブンシャ,芳文社=[20],no,[20]
namikibashidooriaobajitenshaten,並木橋通りアオバ自転車店,20,少年画報社　∥　ショウネン ガホウシャ:8 | 少年画報社　∥　ショウネンガホウシャ:6,少年画報社　∥　ショウネン ガホウシャ,"少年画報社　∥　ショウネンガホウシャ=[4, 6, 7, 8, 9, 16]",yes,"[4, 6, 7, 8, 9, 16]"
nana-maru-san-batsu,ナナマルサンバツ,20,KADOKAWA　∥　カドカワ:14 | [発売]角川グループパブリッシング　∥　カドカワ グループ パブリッシング:3 | [発売]角川グループパブリッシング　∥　カドカワグループパブリッシング:1 | [発売]角川グループホールディングス　∥　カドカワグループホールディングス:1 | [発売]KADOKAWA　∥　カドカワ:1,KADOKAWA　∥　カドカワ,"[発売]角川グループパブリッシング　∥　カドカワ グループ パブリッシング=[1, 2, 3];[発売]角川グループパブリッシング　∥　カドカワグループパブリッシング=[4];[発売]角川グループホールディングス　∥　カドカワグループホールディングス=[5];[発売]KADOKA",no,"[1, 2, 3, 4, 5, 6]"
nekomusume-michikusa-nikki,ねこむすめ道草日記,20,徳間書店　∥　トクマ ショテン:19 | 徳間書店:1,徳間書店　∥　トクマ ショテン,徳間書店=[20],no,[20]
ninkyou-tensei,任侠転生,20,小学館　∥　ショウガクカン:15 | 小学館:5,小学館　∥　ショウガクカン,"小学館=[16, 17, 18, 19, 20]",no,"[16, 17, 18, 19, 20]"
ooya-san-wa-shishunki,大家さんは思春期!,20,芳文社　∥　ホウブンシャ:18 | 芳文社:2,芳文社　∥　ホウブンシャ,"芳文社=[19, 20]",no,"[19, 20]"
ponkotsu-fuuki-iin-skirt-sukaatotake-ga-futekisetsu-na-jk-no-hanashi,ポンコツ風紀委員とスカート丈が不適切なJKの話,20,講談社　∥　コウダンシャ:11 | 講談社:9,講談社　∥　コウダンシャ,"講談社=[12, 13, 14, 15, 16, 17, 18, 19, 20]",no,"[12, 13, 14, 15, 16, 17, 18, 19, 20]"
riezon,リエゾン,20,講談社　∥　コウダンシャ:18 | 講談社:2,講談社　∥　コウダンシャ,"講談社=[20, 21]",no,"[20, 21]"
rikei-ga-koi-ni-ochita-node-shoumei-shite-mita,理系が恋に落ちたので証明してみた。,20,フレックスコミックス　∥　フレックスコミックス:14 | [発売]ほるぷ出版　∥　ホルプシュッパン:3 | フレックスコミックス:3,フレックスコミックス　∥　フレックスコミックス,"[発売]ほるぷ出版　∥　ホルプシュッパン=[1, 2, 3];フレックスコミックス=[18, 19, 20]",no,"[1, 2, 3, 18, 19, 20]"
sekaiichi-hatsukoi,世界一初恋,20,KADOKAWA　∥　カドカワ:11 | [発売]角川グループパブリッシング　∥　カドカワ グループ パブリッシング:6 | [発売]角川グループパブリッシング　∥　カドカワグループパブリッシング:1 | [発売]KADOKAWA　∥　カドカワ:1 | KADOKAWA:1,KADOKAWA　∥　カドカワ,"[発売]角川グループパブリッシング　∥　カドカワ グループ パブリッシング=[1, 2, 3, 4, 5, 6];[発売]角川グループパブリッシング　∥　カドカワグループパブリッシング=[7];[発売]KADOKAWA　∥　カドカワ=[8];KADOKAWA=[20]",no,"[1, 2, 3, 4, 5, 6, 7, 8, 20]"
shin-naniwa-kinyuudou,新ナニワ金融道,20,扶桑社　∥　フソウシャ:14 | Bbmfマガジン　∥　Bbmf マガジン:6,扶桑社　∥　フソウシャ,"Bbmfマガジン　∥　Bbmf マガジン=[1, 2, 3, 4, 5, 6]",no,"[1, 2, 3, 4, 5, 6]"
shinjite-ita-nakamatachi-ni-dungeon-okuchi-de-korosarekaketaga-gift-mugen-gacha-de-level-9999-no,信じていた仲間達にダンジョン奥地で殺されかけたがギフト『無限ガチャ』でレベル9999の仲間達を手に入れて元パーティーメンバーと世界に復讐&『ざまぁ!』します!,20,講談社　∥　コウダンシャ:13 | 講談社:7,講談社　∥　コウダンシャ,"講談社=[15, 16, 17, 18, 19, 20, 21]",no,"[15, 16, 17, 18, 19, 20, 21]"
shinju-no-nectar,神呪のネクタール,20,秋田書店　∥　アキタショテン:16 | 秋田書店:4,秋田書店　∥　アキタショテン,"秋田書店=[17, 18, 19, 20]",no,"[17, 18, 19, 20]"
shippomachi-no-koo-sensei,しっぽ街のコオ先生,20,[発売]集英社　∥　シュウエイシャ:8 | [頒布]集英社 (発売)　∥　シュウエイシャ:7 | [頒布]集英社:3 | [頒布]集英社　∥　シュウエイシャ:1,[発売]集英社　∥　シュウエイシャ,"[頒布]集英社 (発売)　∥　シュウエイシャ=[9, 10, 11, 12, 13, 14, 15];[頒布]集英社　∥　シュウエイシャ=[16];[頒布]集英社=[18, 19, 20]",no,"[9, 10, 11, 12, 13, 14, 15, 16, 18, 19, 20]"
sora-no-otoshimono,そらのおとしもの,20,[発売]角川グループパブリッシング　∥　カドカワ グループ パブリッシング:14 | KADOKAWA　∥　カドカワ:3 | [発売]角川グループパブリッシング　∥　カドカワグループパブリッシング:2 | [発売]角川グループホールディングス　∥　カドカワグループホールディングス:1,[発売]角川グループパブリッシング　∥　カドカワ グループ パブリッシング,"[発売]角川グループパブリッシング　∥　カドカワグループパブリッシング=[15, 16];[発売]角川グループホールディングス　∥　カドカワグループホールディングス=[17];KADOKAWA　∥　カドカワ=[18, 19, 20]",no,"[15, 16, 17, 18, 19, 20]"
souta-no-houchou-derakkusu,蒼太の包丁deluxe,20,実業之日本社　∥　ジツギョウノニホンシャ:12 | 実業之日本社　∥　ジツギョウ ノ ニホンシャ:8,実業之日本社　∥　ジツギョウノニホンシャ,"実業之日本社　∥　ジツギョウ ノ ニホンシャ=[4, 5, 7, 12, 13, 14, 16, 20]",no,"[4, 5, 7, 12, 13, 14, 16, 20]"
strange,ストレンジ・プラス,20,一迅社　∥　イチジンシャ:9 | スタジオDNA　∥　スタジオディーエヌエー:2 | [発売]講談社　∥　コウダンシャ:2,一迅社　∥　イチジンシャ,"スタジオDNA　∥　スタジオディーエヌエー=[1, 2];[発売]講談社　∥　コウダンシャ=[19, 20]",no,"[1, 2, 19, 20]"
super-lovers,SUPER LOVERS,20,KADOKAWA　∥　カドカワ:8 | [発売]角川グループパブリッシング　∥　カドカワ グループ パブリッシング:4 | KADOKAWA:3 | [発売]角川グループパブリッシング　∥　カドカワ グループパブリッシング:1,KADOKAWA　∥　カドカワ,"[発売]角川グループパブリッシング　∥　カドカワ グループ パブリッシング=[1, 2, 3, 4];[発売]角川グループパブリッシング　∥　カドカワ グループパブリッシング=[5];KADOKAWA=[18, 19, 20]",no,"[1, 2, 3, 4, 5, 18, 19, 20]"
suzumiya-haruhi-no-yuuutsu,涼宮ハルヒの憂鬱,20,[発売]角川グループパブリッシング　∥　カドカワ グループ パブリッシング:12 | [発売]角川グループパブリッシング　∥　カドカワグループパブリッシング:2 | 角川書店　∥　カドカワ ショテン:1 | [発売]角川グループホールディングス　∥　カドカワグループホールディングス:1 | KADOKAWA　∥　カドカワ:1,[発売]角川グループパブリッシング　∥　カドカワ グループ パブリッシング,"角川書店　∥　カドカワ ショテン=[4];[発売]角川グループパブリッシング　∥　カドカワグループパブリッシング=[17, 18];[発売]角川グループホールディングス　∥　カドカワグループホールディングス=[19];KADOKAWA　∥　カドカワ=[20]",no,"[4, 17, 18, 19, 20]"
tensei-kizoku-kantei-skill-de-nariagaru,転生貴族、鑑定スキルで成り上がる,20,講談社　∥　コウダンシャ:15 | 講談社:4,講談社　∥　コウダンシャ,"講談社=[17, 18, 19, 20]",no,"[17, 18, 19, 20]"
tentai-suit-sunred,天体戦士サンレッド,20,スクウェア・エニックス　∥　スクウェア エニックス:15 | スクウェア・エニックス　∥　スクウェア ・ エニックス:2,スクウェア・エニックス　∥　スクウェア エニックス,"スクウェア・エニックス　∥　スクウェア ・ エニックス=[19, 20]",no,"[19, 20]"
tokyo-kettou-kanjousen,東京決闘環状戦,20,コアミックス　∥　コアミックス:13 | コアミックス:6 | コアミックス　∥　コア ミックス:1,コアミックス　∥　コアミックス,"コアミックス　∥　コア ミックス=[1];コアミックス=[15, 16, 17, 18, 19, 20]",no,"[1, 15, 16, 17, 18, 19, 20]"
tsumanuda-fight-town,ツマヌダ格闘街,20,少年画報社　∥　ショウネン ガホウシャ:13 | 少年画報社　∥　ショウネンガホウシャ:7,少年画報社　∥　ショウネン ガホウシャ,"少年画報社　∥　ショウネンガホウシャ=[14, 15, 16, 17, 18, 19, 20]",no,"[14, 15, 16, 17, 18, 19, 20]"
yama-to-shokuyoku-to-watashi,山と食欲と私,20,新潮社　∥　シンチョウシャ:18 | 新潮社:2,新潮社　∥　シンチョウシャ,"新潮社=[19, 20]",no,"[19, 20]"
yangotonaki-ichizoku,やんごとなき一族,20,講談社　∥　コウダンシャ:16 | 講談社:4,講談社　∥　コウダンシャ,"講談社=[17, 18, 19, 20]",no,"[17, 18, 19, 20]"
yankee-quest,ヤンキークエスト,20,日本文芸社　∥　ニホン ブンゲイシャ:16 | 日本文芸社:4,日本文芸社　∥　ニホン ブンゲイシャ,"日本文芸社=[17, 18, 19, 20]",no,"[17, 18, 19, 20]"
youkai-gakkou-no-sensei-hajimemashita,妖怪学校の先生はじめました!,20,スクウェア・エニックス　∥　スクウェア ・ エニックス:16 | スクウェア・エニックス:4,スクウェア・エニックス　∥　スクウェア ・ エニックス,"スクウェア・エニックス=[17, 18, 19, 20]",no,"[17, 18, 19, 20]"
zone-00,ZONE-00,20,KADOKAWA　∥　カドカワ:9 | [発売]角川グループパブリッシング　∥　カドカワ グループ パブリッシング:7 | [発売]角川グループパブリッシング　∥　カドカワグループパブリッシング:1 | [発売]KADOKAWA　∥　カドカワ:1,KADOKAWA　∥　カドカワ,"[発売]角川グループパブリッシング　∥　カドカワ グループ パブリッシング=[3, 4, 5, 6, 7, 8, 9];[発売]角川グループパブリッシング　∥　カドカワグループパブリッシング=[10];[発売]KADOKAWA　∥　カドカワ=[11]",no,"[3, 4, 5, 6, 7, 8, 9, 10, 11]"
amai-seikatsu-2nd-season,甘い生活2nd season,19,集英社　∥　シュウエイシャ:18 | 集英社:1,集英社　∥　シュウエイシャ,集英社=[19],no,[19]
ao-no-tatsuki,あおのたつき,19,コアミックス　∥　コアミックス:14 | コアミックス:4,コアミックス　∥　コアミックス,"コアミックス=[16, 17, 18, 19]",no,"[16, 17, 18, 19]"
aoku-somero,蒼く染めろ,19,講談社　∥　コウダンシャ:13 | 講談社:5,講談社　∥　コウダンシャ,"講談社=[15, 16, 17, 18, 19]",no,"[15, 16, 17, 18, 19]"
bakuon,ばくおん!!,19,秋田書店　∥　アキタショテン:14 | 秋田書店　∥　アキタ ショテン:3 | 秋田書店:2,秋田書店　∥　アキタショテン,"秋田書店　∥　アキタ ショテン=[1, 2, 3];秋田書店=[18, 19]",no,"[1, 2, 3, 18, 19]"
barakamon,ばらかもん,19,スクウェア・エニックス　∥　スクウェア エニックス:10 | スクウェア・エニックス　∥　スクウェアエニックス:7 | スクウェア・エニックス　∥　スクウェア ・ エニックス:2,スクウェア・エニックス　∥　スクウェア エニックス,"スクウェア・エニックス　∥　スクウェアエニックス=[11, 12, 15, 16, 17, 18, 19];スクウェア・エニックス　∥　スクウェア ・ エニックス=[13, 14]",no,"[11, 12, 13, 14, 15, 16, 17, 18, 19]"
boukenou-biito,冒険王ビィト,19,集英社　∥　シュウエイシャ:5 | 集英社:1,集英社　∥　シュウエイシャ,集英社=[19],no,[19]
chikaano-k,チカーノKEI,19,秋田書店　∥　アキタショテン:15 | 秋田書店:4,秋田書店　∥　アキタショテン,"秋田書店=[16, 17, 18, 19]",no,"[16, 17, 18, 19]"
cuticle-tantei-inaba,キューティクル探偵因幡,19,スクウェア・エニックス　∥　スクウェア エニックス:12 | スクウェア・エニックス　∥　スクウェア ・ エニックス:7,スクウェア・エニックス　∥　スクウェア エニックス,"スクウェア・エニックス　∥　スクウェア ・ エニックス=[13, 14, 15, 16, 17, 18, 19]",no,"[13, 14, 15, 16, 17, 18, 19]"
dark-gathering,ダークギャザリング,19,集英社　∥　シュウエイシャ:15 | 集英社:4,集英社　∥　シュウエイシャ,"集英社=[16, 17, 18, 19]",no,"[16, 17, 18, 19]"
diner,DINER ダイナー,19,集英社　∥　シュウエイシャ:18 | 集英社:1,集英社　∥　シュウエイシャ,集英社=[24],no,[24]
full-metal-panic-sigma,フルメタル・パニック!Σ,19,[発売]角川グループパブリッシング　∥　カドカワ グループ パブリッシング:12 | [発売]角川グループパブリッシング　∥　カドカワグループパブリッシング:2 | [発売]KADOKAWA　∥　カドカワ:1,[発売]角川グループパブリッシング　∥　カドカワ グループ パブリッシング,"[発売]角川グループパブリッシング　∥　カドカワグループパブリッシング=[17, 18];[発売]KADOKAWA　∥　カドカワ=[19]",no,"[17, 18, 19]"
funsou-deshitara-hatta-made,紛争でしたら八田まで,19,講談社　∥　コウダンシャ:15 | 講談社:3,講談社　∥　コウダンシャ,"講談社=[17, 18, 19]",no,"[17, 18, 19]"
gohoubi-gohan,ごほうびごはん,19,芳文社　∥　ホウブンシャ:17 | 芳文社:2,芳文社　∥　ホウブンシャ,"芳文社=[18, 19]",no,"[18, 19]"
guilty-circle,ギルティサークル,19,講談社　∥　コウダンシャ:13 | 講談社:5,講談社　∥　コウダンシャ,"講談社=[15, 16, 17, 18, 19]",no,"[15, 16, 17, 18, 19]"
guranma-no-yuuutsu,グランマの憂鬱,19,双葉社　∥　フタバシャ:15 | 双葉社:3,双葉社　∥　フタバシャ,"双葉社=[16, 17, 19]",no,"[16, 17, 19]"
hajimete-koi-o-shita-hi-ni-yomu-hanashi,初めて恋をした日に読む話,19,集英社　∥　シュウエイシャ:17 | 集英社:2,集英社　∥　シュウエイシャ,"集英社=[18, 19]",no,"[18, 19]"
hina-matsuri,ヒナまつり,19,KADOKAWA　∥　カドカワ:14 | [発売]角川グループパブリッシング　∥　カドカワ グループ パブリッシング:3 | [発売]角川グループパブリッシング　∥　カドカワグループパブリッシング:1 | [発売]KADOKAWA　∥　カドカワ:1,KADOKAWA　∥　カドカワ,"[発売]角川グループパブリッシング　∥　カドカワ グループ パブリッシング=[1, 2, 3];[発売]角川グループパブリッシング　∥　カドカワグループパブリッシング=[4];[発売]KADOKAWA　∥　カドカワ=[5]",no,"[1, 2, 3, 4, 5]"
irregulars,イレギュラーズ,19,講談社　∥　コウダンシャ:13 | 講談社:5,講談社　∥　コウダンシャ,"講談社=[15, 16, 17, 18, 19]",no,"[15, 16, 17, 18, 19]"
jitsu-wa-ore-saikyou-deshita,実は俺、最強でした?,19,講談社　∥　コウダンシャ:13 | 講談社:5,講談社　∥　コウダンシャ,"講談社=[15, 16, 17, 18, 19]",no,"[15, 16, 17, 18, 19]"
kamonohashi-ron-no-kindan-suiri,鴨乃橋ロンの禁断推理,19,集英社　∥　シュウエイシャ:14 | 集英社:4,集英社　∥　シュウエイシャ,"集英社=[16, 17, 18, 19]",no,"[16, 17, 18, 19]"
kobayashisanchi-no-meidoragon,小林さんちのメイドラゴン,19,双葉社　∥　フタバシャ:15 | 双葉社:4,双葉社　∥　フタバシャ,"双葉社=[16, 17, 18, 19]",no,"[16, 17, 18, 19]"
koudou-wolf,公道ウルフ,19,秋田書店　∥　アキタショテン:12 | 秋田書店:6,秋田書店　∥　アキタショテン,"秋田書店=[14, 15, 16, 17, 18, 19]",no,"[14, 15, 16, 17, 18, 19]"
kuuneru-marta-nuubo,くーねるまるた ぬーぼ,19,小学館　∥　ショウガクカン:14 | 小学館:4,小学館　∥　ショウガクカン,"小学館=[16, 17, 18, 19]",no,"[16, 17, 18, 19]"
magica-no-kenshi-to-vasreus,魔技科の剣士と召喚魔王,19,KADOKAWA　∥　カドカワ:17 | KADOKAWA　∥　KADOKAWA:1 | KADOKAWA:1,KADOKAWA　∥　カドカワ,KADOKAWA　∥　KADOKAWA=[8];KADOKAWA=[19],no,"[8, 19]"
mikata-ga-yowasugite-hojo-mahou-ni-tesshite-ita-kyuutei-mahoushi-tsuihousareta-sarete-saikyou-o,味方が弱すぎて補助魔法に徹していた宮廷魔法師、追放されて最強を目指す,19,講談社　∥　コウダンシャ:12 | 講談社:6,講談社　∥　コウダンシャ,"講談社=[14, 15, 16, 17, 18, 19]",no,"[14, 15, 16, 17, 18, 19]"
mitsudomoe,みつどもえ,19,秋田書店　∥　アキタ ショテン:13 | 秋田書店　∥　アキタショテン:6,秋田書店　∥　アキタ ショテン,"秋田書店　∥　アキタショテン=[14, 15, 16, 17, 18, 19]",no,"[14, 15, 16, 17, 18, 19]"
okane-ga-nai,お金がないっ,19,[発売]幻冬舎　∥　ゲントウシャ:11 | [頒布]幻冬舎:2 | [頒布]幻冬舎　∥　ゲントウシャ:1,[発売]幻冬舎　∥　ゲントウシャ,"[頒布]幻冬舎　∥　ゲントウシャ=[17];[頒布]幻冬舎=[18, 19]",yes,"[17, 18, 19]"
otome-no-teikoku,オトメの帝国,19,集英社　∥　シュウエイシャ:18 | 集英社:1,集英社　∥　シュウエイシャ,集英社=[20],no,[20]
ou-sama-no-shitateya,王様の仕立て屋,19,集英社　∥　シュウエイシャ:12 | 集英社:1,集英社　∥　シュウエイシャ,集英社=[5],no,[5]
oukoku-e-tsuzuku-michi-doreikenshinonariagarieiyuutan,王国へ続く道,19,KADOKAWA　∥　カドカワ:14 | KADOKAWA:4,KADOKAWA　∥　カドカワ,"KADOKAWA=[16, 17, 18, 19]",no,"[16, 17, 18, 19]"
radiant,ラディアン,19,Euromanga　∥　ユーロマンガ:18 | Euromanga:1,Euromanga　∥　ユーロマンガ,Euromanga=[19],no,[19]
radiation-house,ラジエーションハウス,19,集英社　∥　シュウエイシャ:16 | 集英社:2,集英社　∥　シュウエイシャ,"集英社=[18, 19]",no,"[18, 19]"
seishun-heavy-rooteeshon,青春ヘビーローテーション,19,小学館　∥　ショウガクカン:14 | 小学館:4,小学館　∥　ショウガクカン,"小学館=[16, 17, 18, 19]",no,"[16, 17, 18, 19]"
sekirei,セキレイ,19,スクウェア・エニックス　∥　スクウェア エニックス:13 | スクウェア・エニックス　∥　スクウェア ・ エニックス:3,スクウェア・エニックス　∥　スクウェア エニックス,"スクウェア・エニックス　∥　スクウェア ・ エニックス=[17, 18, 19]",no,"[17, 18, 19]"
sengoku-komachi-kurou-tan,戦国小町苦労譚,19,アース・スターエンターテイメント　∥　アーススターエンターテイメント:14 | アース・スターエンターテイメント:3 | [発売]泰文堂　∥　タイブンドウ:2,アース・スターエンターテイメント　∥　アーススターエンターテイメント,"[発売]泰文堂　∥　タイブンドウ=[1, 2];アース・スターエンターテイメント=[17, 18, 19]",no,"[1, 2, 17, 18, 19]"
shinohayu,シノハユ,19,スクウェア・エニックス　∥　スクウェア ・ エニックス:15 | スクウェア・エニックス　∥　スクウェア エニックス:2 | スクウェア・エニックス:1,スクウェア・エニックス　∥　スクウェア ・ エニックス,"スクウェア・エニックス　∥　スクウェア エニックス=[1, 2];スクウェア・エニックス=[19]",no,"[1, 2, 19]"
takarakuji-de-40-oku-atattandakedo-isekai-ni-ijuu-suru,宝くじで40億当たったんだけど異世界に移住する,19,KADOKAWA　∥　カドカワ:16 | KADOKAWA:3,KADOKAWA　∥　カドカワ,"KADOKAWA=[17, 18, 19]",no,"[17, 18, 19]"
tamayomi,球詠,19,芳文社　∥　ホウブンシャ:15 | 芳文社:3,芳文社　∥　ホウブンシャ,"芳文社=[17, 18, 19]",no,"[17, 18, 19]"
tenseishitara-ken-deshita,転生したら剣でした,19,[発売]幻冬舎　∥　ゲントウシャ:8 | [頒布]幻冬舎　∥　ゲントウシャ:5 | [頒布]幻冬舎:3,[発売]幻冬舎　∥　ゲントウシャ,"[頒布]幻冬舎　∥　ゲントウシャ=[9, 10, 13, 14, 15];[頒布]幻冬舎=[17, 18, 19]",no,"[9, 10, 13, 14, 15, 17, 18, 19]"
3gatsu-no-lion,3月のライオン,18,白泉社　∥　ハクセンシャ:17 | 白泉社:1,白泉社　∥　ハクセンシャ,白泉社=[18],no,[18]
aoharu-kikanjuu,青春×機関銃,18,スクウェア・エニックス　∥　スクウェア ・ エニックス:13 | スクウェア・エニックス　∥　スクウェア エニックス:5,スクウェア・エニックス　∥　スクウェア ・ エニックス,"スクウェア・エニックス　∥　スクウェア エニックス=[1, 2, 3, 4, 5]",no,"[1, 2, 3, 4, 5]"
ballpark-de-tsukamaete,ボールパークでつかまえて!,18,講談社　∥　コウダンシャ:14 | 講談社:3,講談社　∥　コウダンシャ,"講談社=[16, 17, 18]",no,"[16, 17, 18]"
blue-period,ブルーピリオド,18,講談社　∥　コウダンシャ:13 | 講談社:2,講談社　∥　コウダンシャ,"講談社=[17, 18]",no,"[17, 18]"
botsuraku-yotei-nanode-kaji-shokunin-o-mezasu,没落予定なので、鍛冶職人を目指す,18,KADOKAWA　∥　カドカワ:15 | KADOKAWA:3,KADOKAWA　∥　カドカワ,"KADOKAWA=[16, 17, 18]",no,"[16, 17, 18]"
chaos-damonne,カオスだもんね!,18,[発売]角川グループパブリッシング　∥　カドカワ グループ パブリッシング:2 | アスキー:1 | [発売]角川グループパブリッシング　∥　カドカワグループパブリッシング:1,[発売]角川グループパブリッシング　∥　カドカワ グループ パブリッシング,アスキー=[17];[発売]角川グループパブリッシング　∥　カドカワグループパブリッシング=[20],yes,"[17, 20]"
chiyu-mahou-no-machigatta-tsukaikata,治癒魔法の間違った使い方,18,KADOKAWA　∥　カドカワ:14 | KADOKAWA:3,KADOKAWA　∥　カドカワ,"KADOKAWA=[16, 17, 18]",no,"[16, 17, 18]"
death-march-kara-hajimaru-isekai-kyousoukyoku,デスマーチからはじまる異世界狂想曲,18,KADOKAWA　∥　カドカワ:17 | KADOKAWA:1,KADOKAWA　∥　カドカワ,KADOKAWA=[18],no,[18]
drsuranpu,Dr.スランプ,18,集英社　∥　シュウエイシャ:6 | 集英社:2,集英社　∥　シュウエイシャ,"集英社=[4, 18]",yes,"[4, 18]"
faibu-star-stories,ファイブスター物語,18,KADOKAWA　∥　カドカワ:5 | KADOKAWA:1,KADOKAWA　∥　カドカワ,KADOKAWA=[18],no,[18]
fukigenna-mononokean,不機嫌なモノノケ庵,18,スクウェア・エニックス　∥　スクウェア ・ エニックス:16 | スクウェア・エニックス　∥　スクウェア エニックス:2,スクウェア・エニックス　∥　スクウェア ・ エニックス,"スクウェア・エニックス　∥　スクウェア エニックス=[1, 2]",no,"[1, 2]"
fuku-o-kiru-nara-konna-fuu-ni,服を着るならこんなふうに,18,KADOKAWA　∥　カドカワ:15 | KADOKAWA:2,KADOKAWA　∥　カドカワ,"KADOKAWA=[17, 18]",no,"[17, 18]"
fuuto-tantei,風都探偵,18,小学館　∥　ショウガクカン:16 | 小学館:2,小学館　∥　ショウガクカン,"小学館=[18, 19]",no,"[18, 19]"
g-men,Gメン,18,秋田書店　∥　アキタショテン:16 | 秋田書店　∥　アキタ ショテン:1,秋田書店　∥　アキタショテン,秋田書店　∥　アキタ ショテン=[1],yes,[1]
gachiakuta,ガチアクタ,18,講談社　∥　コウダンシャ:11 | 講談社:7,講談社　∥　コウダンシャ,"講談社=[12, 13, 14, 15, 16, 17, 18]",no,"[12, 13, 14, 15, 16, 17, 18]"
hagure-idol-jigokuhen,はぐれアイドル地獄変,18,日本文芸社　∥　ニホン ブンゲイシャ:16 | 日本文芸社:2,日本文芸社　∥　ニホン ブンゲイシャ,"日本文芸社=[17, 18]",no,"[17, 18]"
hananoi-kun-to-koi-no-yamai,花野井くんと恋の病,18,講談社　∥　コウダンシャ:13 | 講談社:2,講談社　∥　コウダンシャ,"講談社=[17, 18]",no,"[17, 18]"
hare-nochi-cinderella,晴れのちシンデレラ,18,竹書房　∥　タケ ショボウ:16 | 竹書房:1,竹書房　∥　タケ ショボウ,竹書房=[18],no,[18]
hayate-cross-blade,はやて×ブレード,18,集英社　∥　シュウエイシャ:10 | [発売]角川グループパブリッシング　∥　カドカワ グループ パブリッシング:3,集英社　∥　シュウエイシャ,"[発売]角川グループパブリッシング　∥　カドカワ グループ パブリッシング=[6, 7, 8]",no,"[6, 7, 8]"
isekai-wa-sumaato-fon-to-tomo-ni,異世界はスマートフォンとともに。,18,KADOKAWA　∥　カドカワ:15 | KADOKAWA:3,KADOKAWA　∥　カドカワ,"KADOKAWA=[16, 17, 18]",no,"[16, 17, 18]"
issak,イサック,18,講談社　∥　コウダンシャ:17 | 講談社:1,講談社　∥　コウダンシャ,講談社=[19],no,[19]
kabushiki-kaisha-majirumie,株式会社マジルミエ,18,集英社　∥　シュウエイシャ:12 | 集英社:5,集英社　∥　シュウエイシャ,"集英社=[13, 15, 16, 17, 18]",no,"[13, 15, 16, 17, 18]"
karin-no-mound,花鈴のマウンド,18,[頒布]大垣書店 (発売)　∥　オオガキショテン:8 | [発売]大垣書店　∥　オオガキショテン:5 | [頒布]大垣書店:3 | [発売]朝日新聞出版　∥　アサヒシンブンシュッパン:2,[頒布]大垣書店 (発売)　∥　オオガキショテン,"[発売]朝日新聞出版　∥　アサヒシンブンシュッパン=[1, 2];[発売]大垣書店　∥　オオガキショテン=[3, 4, 5, 6, 7];[頒布]大垣書店=[16, 17, 18]",no,"[1, 2, 3, 4, 5, 6, 7, 16, 17, 18]"
kodomo-o-koroshite-kudasai-to-iu-oyatachi,「子供を殺してください」という親たち,18,新潮社　∥　シンチョウシャ:15 | 新潮社:2,新潮社　∥　シンチョウシャ,"新潮社=[17, 18]",no,"[17, 18]"
koko-wa-ore-10-makasete-saki-ni-yuke-to-itte-kara-10nen-ga-tattara-densetsu-ni-natteita,ここは俺に任せて先に行けと言ってから10年がたったら伝説になっていた。,18,スクウェア・エニックス　∥　スクウェア ・ エニックス:14 | スクウェア・エニックス:4,スクウェア・エニックス　∥　スクウェア ・ エニックス,"スクウェア・エニックス=[15, 16, 17, 18]",no,"[15, 16, 17, 18]"
koumei-no-yome,孔明のヨメ。,18,芳文社　∥　ホウブンシャ:16 | 芳文社:2,芳文社　∥　ホウブンシャ,"芳文社=[17, 18]",no,"[17, 18]"
kurenai-ouji,紅心王子,18,スクウェア・エニックス　∥　スクウェア エニックス:16 | スクウェア・エニックス　∥　スクウェア ・ エニックス:2,スクウェア・エニックス　∥　スクウェア エニックス,"スクウェア・エニックス　∥　スクウェア ・ エニックス=[17, 18]",no,"[17, 18]"
lupin-iii-isekai-no-himegimi,ルパン三世 異世界の姫君(ネイバーワールドプリンセス),18,秋田書店　∥　アキタショテン:11 | 秋田書店:7,秋田書店　∥　アキタショテン,"秋田書店=[12, 13, 14, 15, 16, 17, 18]",no,"[12, 13, 14, 15, 16, 17, 18]"
machine-to-soware,マチネとソワレ,18,小学館　∥　ショウガクカン:15 | 小学館:3,小学館　∥　ショウガクカン,"小学館=[16, 17, 18]",no,"[16, 17, 18]"
madoromi-barmaid,まどろみバーメイド,18,芳文社　∥　ホウブンシャ:15 | 芳文社:2,芳文社　∥　ホウブンシャ,"芳文社=[17, 18]",no,"[17, 18]"
maoyuu-maou-yuusha-kono-ware-no-mono-to-nare-yuushayo-kotowaru,まおゆう魔王勇者 「この我のものとなれ、勇者よ」「断る!」,18,KADOKAWA　∥　カドカワ:10 | [発売]角川グループパブリッシング　∥　カドカワグループパブリッシング:4 | [発売]角川グループパブリッシング　∥　カドカワ グループ パブリッシング:2 | [発売]角川グループホールディングス　∥　カドカワグループホールディングス:1 | [発売]KADOKAWA　∥　カドカワ:1,KADOKAWA　∥　カドカワ,"[発売]角川グループパブリッシング　∥　カドカワ グループ パブリッシング=[1, 2];[発売]角川グループパブリッシング　∥　カドカワグループパブリッシング=[3, 4, 5, 6];[発売]角川グループホールディングス　∥　カドカワグループホールディングス=[7];[発売]",no,"[1, 2, 3, 4, 5, 6, 7, 8]"
marugoshi-deka-super-collection,まるごし刑事スーパーコレクション,18,実業之日本社　∥　ジツギョウ ノ ニホンシャ:7 | 実業之日本社　∥　ジツギョウノニホンシャ:7 | 実業之日本社:4,実業之日本社　∥　ジツギョウ ノ ニホンシャ,"実業之日本社　∥　ジツギョウノニホンシャ=[5, 6, 7, 10, 11, 13, 14];実業之日本社=[16, 17, 18, 19]",no,"[5, 6, 7, 10, 11, 13, 14, 16, 17, 18, 19]"
mika-dono-sanshimai-wa-angai-choroi,帝乃三姉妹は案外、チョロい。,18,小学館　∥　ショウガクカン:10 | 小学館:7,小学館　∥　ショウガクカン,"小学館=[12, 13, 14, 15, 16, 17, 18]",no,"[12, 13, 14, 15, 16, 17, 18]"
neko-pitcher,猫ピッチャー,18,中央公論新社　∥　チュウオウコウロンシンシャ:17 | 中央公論新社:1,中央公論新社　∥　チュウオウコウロンシンシャ,中央公論新社=[19],no,[19]
ninja-slayer,ニンジャスレイヤー,18,KADOKAWA　∥　カドカワ:14 | 秋田書店:4,KADOKAWA　∥　カドカワ,"秋田書店=[15, 16, 17, 18]",no,"[15, 16, 17, 18]"
oren-s,OREN'S,18,秋田書店　∥　アキタショテン:17 | 秋田書店:1,秋田書店　∥　アキタショテン,秋田書店=[18],no,[18]
osananajimi-to-wa-rabukome-ni-naranai,幼馴染とはラブコメにならない,18,講談社　∥　コウダンシャ:11 | 講談社:7,講談社　∥　コウダンシャ,"講談社=[12, 14, 15, 16, 17, 18, 19]",no,"[12, 14, 15, 16, 17, 18, 19]"
oshiete-danna-sama,教えて・旦那サマ,18,秋田書店　∥　アキタショテン:14 | 秋田書店:3 | 秋田書店　∥　アキタ ショテン:1,秋田書店　∥　アキタショテン,"秋田書店　∥　アキタ ショテン=[1];秋田書店=[17, 18, 19]",no,"[1, 17, 18, 19]"
ou-no-kemono,王の獣,18,小学館　∥　ショウガクカン:16 | 小学館:2,小学館　∥　ショウガクカン,"小学館=[17, 18]",no,"[17, 18]"
rakujitsu-no-pathos,落日のパトス,18,秋田書店　∥　アキタショテン:15 | 秋田書店:3,秋田書店　∥　アキタショテン,"秋田書店=[16, 17, 18]",no,"[16, 17, 18]"
rising-sun-r,ライジングサンR,18,双葉社　∥　フタバシャ:15 | 双葉社:2,双葉社　∥　フタバシャ,"双葉社=[17, 18]",no,"[17, 18]"
shinseiki-evangerion-ikari-shinji-ikusei-keikaku,新世紀エヴァンゲリオン 碇シンジ育成計画,18,[発売]角川グループパブリッシング　∥　カドカワ グループ パブリッシング:9 | KADOKAWA　∥　カドカワ:3 | [発売]角川グループパブリッシング　∥　カドカワグループパブリッシング:2 | [発売]KADOKAWA　∥　カドカワ:1,[発売]角川グループパブリッシング　∥　カドカワ グループ パブリッシング,"[発売]角川グループパブリッシング　∥　カドカワグループパブリッシング=[13, 14];[発売]KADOKAWA　∥　カドカワ=[15];KADOKAWA　∥　カドカワ=[16, 17, 18]",no,"[13, 14, 15, 16, 17, 18]"
shouwa-tennou-monogatari,昭和天皇物語,18,小学館　∥　ショウガクカン:15 | 小学館:3,小学館　∥　ショウガクカン,"小学館=[16, 17, 18]",no,"[16, 17, 18]"
snack-basue,スナックバス江,18,集英社　∥　シュウエイシャ:15 | 集英社:3,集英社　∥　シュウエイシャ,"集英社=[16, 17, 18]",no,"[16, 17, 18]"
sobaya-genan,そば屋幻庵,18,リイド社　∥　リイドシャ:16 | リイド社:2,リイド社　∥　リイドシャ,"リイド社=[17, 18]",no,"[17, 18]"
subete-no-jinrui-o-hakai-suru-sorera-wa-saisei-dekinai,すべての人類を破壊する。それらは再生できない。,18,KADOKAWA　∥　カドカワ:15 | KADOKAWA:2,KADOKAWA　∥　カドカワ,"KADOKAWA=[17, 18]",no,"[17, 18]"
tensei-akujo-no-kurorekishi,転生悪女の黒歴史,18,白泉社　∥　ハクセンシャ:14 | 白泉社:3,白泉社　∥　ハクセンシャ,"白泉社=[16, 17, 18]",no,"[16, 17, 18]"
tokachi-hitoribocchi-nouen,十勝ひとりぼっち農園,18,小学館　∥　ショウガクカン:15 | 小学館:3,小学館　∥　ショウガクカン,"小学館=[16, 18, 19]",no,"[16, 18, 19]"
trinity-7-shichinin-no-masho-tsukai,トリニティセブン 7人の魔書使い,18,KADOKAWA　∥　カドカワ:12 | [発売]角川グループパブリッシング　∥　カドカワグループパブリッシング:3 | [発売]角川グループパブリッシング　∥　カドカワ グループ パブリッシング:2 | [発売]角川グループホールディングス　∥　カドカワグループホールディングス:1,KADOKAWA　∥　カドカワ,"[発売]角川グループパブリッシング　∥　カドカワ グループ パブリッシング=[1, 2];[発売]角川グループパブリッシング　∥　カドカワグループパブリッシング=[3, 4, 5];[発売]角川グループホールディングス　∥　カドカワグループホールディングス=[6]",no,"[1, 2, 3, 4, 5, 6]"
uryuudou-yumebanashi,雨柳堂夢咄,18,朝日新聞出版　∥　アサヒシンブンシュッパン:5 | 朝日新聞社　∥　アサヒ シンブンシャ:1 | [発売]朝日新聞出版　∥　アサヒ シンブン シュッパン:1,朝日新聞出版　∥　アサヒシンブンシュッパン,朝日新聞社　∥　アサヒ シンブンシャ=[12];[発売]朝日新聞出版　∥　アサヒ シンブン シュッパン=[13],yes,"[12, 13]"
yurukyan,ゆるキャン△,18,芳文社　∥　ホウブンシャ:16 | 芳文社:2,芳文社　∥　ホウブンシャ,"芳文社=[17, 18]",no,"[17, 18]"
yuusha-party-o-oidasareta-kiyou-binbou,勇者パーティを追い出された器用貧乏,18,講談社　∥　コウダンシャ:11 | 講談社:7,講談社　∥　コウダンシャ,"講談社=[12, 13, 14, 15, 16, 17, 18]",no,"[12, 13, 14, 15, 16, 17, 18]"
zeikin-de-katta-hon,税金で買った本,18,講談社　∥　コウダンシャ:12 | 講談社:6,講談社　∥　コウダンシャ,"講談社=[13, 14, 15, 16, 17, 18]",no,"[13, 14, 15, 16, 17, 18]"
akuyaku-reijou-wa-ringoku-no-outaishi-ni-dekiai-dekiaisareru,悪役令嬢は隣国の王太子に溺愛される,17,KADOKAWA　∥　カドカワ:13 | KADOKAWA:3,KADOKAWA　∥　カドカワ,"KADOKAWA=[15, 16, 17]",no,"[15, 16, 17]"
aphorism,アホリズム,17,スクウェア・エニックス　∥　スクウェア エニックス:10 | スクウェア・エニックス　∥　スクウェア ・ エニックス:4 | スクウェア・エニックス:2 | スクウェア・エニックス　∥　スクウェア  エニックス:1,スクウェア・エニックス　∥　スクウェア エニックス,"スクウェア・エニックス　∥　スクウェア  エニックス=[11];スクウェア・エニックス　∥　スクウェア ・ エニックス=[12, 13, 14, 15];スクウェア・エニックス=[16, 17]",no,"[11, 12, 13, 14, 15, 16, 17]"
baraou-no-souretsu,薔薇王の葬列,17,秋田書店　∥　アキタショテン:16 | 秋田書店　∥　アキタ ショテン:1,秋田書店　∥　アキタショテン,秋田書店　∥　アキタ ショテン=[2],no,[2]
blood-lad,ブラッドラッド,17,KADOKAWA　∥　カドカワ:8 | [発売]角川グループパブリッシング　∥　カドカワ グループ パブリッシング:5 | [発売]角川グループパブリッシング　∥　カドカワグループパブリッシング:2 | [発売]角川グループホールディングス　∥　カドカワグループホールディングス:1 | [発売]KADOKAWA　∥　カドカワ:1,KADOKAWA　∥　カドカワ,"[発売]角川グループパブリッシング　∥　カドカワ グループ パブリッシング=[1, 2, 3, 4, 5];[発売]角川グループパブリッシング　∥　カドカワグループパブリッシング=[6, 7];[発売]角川グループホールディングス　∥　カドカワグループホールディングス=[8];[",no,"[1, 2, 3, 4, 5, 6, 7, 8, 9]"
bou-kun-vaaderu-no-hanayome-shoya-hen,暴君ヴァーデルの花嫁 初夜編,17,宙出版　∥　オオゾラ シュッパン:12 | [頒布]ジャイブ (発売)　∥　ジャイブ:3 | [発売]ジャイブ　∥　ジャイブ:2,宙出版　∥　オオゾラ シュッパン,"[発売]ジャイブ　∥　ジャイブ=[17, 18];[頒布]ジャイブ (発売)　∥　ジャイブ=[19, 20, 21]",no,"[17, 18, 19, 20, 21]"
captain-2,キャプテン2,17,集英社　∥　シュウエイシャ:11 | 集英社:6,集英社　∥　シュウエイシャ,"集英社=[11, 15, 16, 17, 18, 19]",no,"[11, 15, 16, 17, 18, 19]"
dance-in-the-vampire-bund-age-of-scarlet-order,ダンスインザヴァンパイアバンドエイジオブスカーレットオーダー,17,TOブックス　∥　ティーオーブックス:16 | TOブックス:1,TOブックス　∥　ティーオーブックス,TOブックス=[17],no,[17]
drawing,ドローイング,17,キルタイムコミュニケーション　∥　キルタイムコミュニケーション:11 | キルタイムコミュニケーション:6,キルタイムコミュニケーション　∥　キルタイムコミュニケーション,"キルタイムコミュニケーション=[13, 14, 15, 16, 17, 18]",no,"[13, 14, 15, 16, 17, 18]"
fukafuka-dungeon-kouryakuki,ふかふかダンジョン攻略記,17,マッグガーデン　∥　マッグ ガーデン:14 | マッグガーデン:3,マッグガーデン　∥　マッグ ガーデン,"マッグガーデン=[15, 17, 19]",no,"[15, 17, 19]"
fukushuu-o-koinegau-saikyou-yuusha-wa-yami-no-chikara-de-senmetsu-musou-suru,復讐を希う最強勇者は、闇の力で殲滅無双する,17,集英社　∥　シュウエイシャ:12 | 集英社:4,集英社　∥　シュウエイシャ,"集英社=[14, 15, 16, 17]",no,"[14, 15, 16, 17]"
futoku-no-guild,不徳のギルド,17,スクウェア・エニックス　∥　スクウェア ・ エニックス:13 | スクウェア・エニックス:4,スクウェア・エニックス　∥　スクウェア ・ エニックス,"スクウェア・エニックス=[14, 15, 16, 17]",no,"[14, 15, 16, 17]"
gekkan-shoujo-nozaki-kun,月刊少女野崎くん,17,スクウェア・エニックス　∥　スクウェア ・ エニックス:7 | SQUARE ENIX:5 | スクウェア・エニックス　∥　スクウェアエニックス:3 | スクウェア・エニックス:2,スクウェア・エニックス　∥　スクウェア ・ エニックス,"SQUARE ENIX=[1, 2, 3, 4, 5];スクウェア・エニックス　∥　スクウェアエニックス=[11, 13, 14];スクウェア・エニックス=[16, 17]",no,"[1, 2, 3, 4, 5, 11, 13, 14, 16, 17]"
ginga-densetsu-noah,銀牙伝説ノア,17,日本文芸社　∥　ニホンブンゲイシャ:11 | 日本文芸社　∥　ニホン ブンゲイシャ:6,日本文芸社　∥　ニホンブンゲイシャ,"日本文芸社　∥　ニホン ブンゲイシャ=[1, 2, 3, 4, 5, 10]",no,"[1, 2, 3, 4, 5, 10]"
hime-sama-goumon-no-jikan-desu,姫様拷問の時間です,17,集英社　∥　シュウエイシャ:15 | 集英社:2,集英社　∥　シュウエイシャ,"集英社=[18, 19]",no,"[18, 19]"
hitorijime-my-hero-2025,Hitorijime my hero,17,[頒布]講談社　∥　コウダンシャ:5 | [発売]講談社　∥　コウダンシャ:4 | 一迅社　∥　イチジンシャ:2 | [頒布]講談社:2,[頒布]講談社　∥　コウダンシャ,"一迅社　∥　イチジンシャ=[1, 2];[発売]講談社　∥　コウダンシャ=[7, 8, 9, 10];[頒布]講談社=[16, 17]",no,"[1, 2, 7, 8, 9, 10, 16, 17]"
honto-yajuu,ほんと野獣,17,海王社　∥　カイオウシャ:14 | 海王社:2,海王社　∥　カイオウシャ,"海王社=[18, 19]",no,"[18, 19]"
horimiya,ホリミヤ,17,スクウェア・エニックス　∥　スクウェア ・ エニックス:7 | スクウェア・エニックス　∥　スクウェア エニックス:6 | スクウェア・エニックス　∥　スクウェアエニックス:4,スクウェア・エニックス　∥　スクウェア ・ エニックス,"スクウェア・エニックス　∥　スクウェア エニックス=[1, 2, 3, 4, 5, 12];スクウェア・エニックス　∥　スクウェアエニックス=[14, 15, 16, 17]",no,"[1, 2, 3, 4, 5, 12, 14, 15, 16, 17]"
kagakuteki-ni-sonzai-shiuru-kuriichaamusume-no-kansatsu-nisshi,科学的に存在しうるクリーチャー娘の観察日誌,17,秋田書店　∥　アキタショテン:14 | 秋田書店:3,秋田書店　∥　アキタショテン,"秋田書店=[15, 16, 17]",no,"[15, 16, 17]"
kaifukujutsushi-no-yarinaoshi,回復術士のやり直し,17,KADOKAWA　∥　カドカワ:14 | KADOKAWA:3,KADOKAWA　∥　カドカワ,"KADOKAWA=[15, 16, 17]",no,"[15, 16, 17]"
kimi-to-boku,君と僕。,17,スクウェア・エニックス　∥　スクウェア エニックス:11 | スクウェア・エニックス　∥　スクウェア ・ エニックス:3,スクウェア・エニックス　∥　スクウェア エニックス,"スクウェア・エニックス　∥　スクウェア ・ エニックス=[15, 16, 17]",no,"[15, 16, 17]"
kindaichi-37-sai-no-file,金田一37歳の事件簿,17,講談社　∥　コウダンシャ:15 | 講談社:1,講談社　∥　コウダンシャ,講談社=[18],no,[18]
kono-sekai-wa-fukanzen-sugiru,この世界は不完全すぎる,17,講談社　∥　コウダンシャ:13 | 講談社:4,講談社　∥　コウダンシャ,"講談社=[14, 15, 16, 17]",no,"[14, 15, 16, 17]"
konohana-ki-tan,このはな綺譚,17,[発売]幻冬舎　∥　ゲントウシャ:11 | [頒布]幻冬舎　∥　ゲントウシャ:3 | [頒布]メロンブックス　∥　メロン ブックス:1 | [頒布]幻冬舎:1,[発売]幻冬舎　∥　ゲントウシャ,"[頒布]幻冬舎　∥　ゲントウシャ=[12, 13, 14];[頒布]メロンブックス　∥　メロン ブックス=[15];[頒布]幻冬舎=[17]",no,"[12, 13, 14, 15, 17]"
kuubo-ibuki-great-game,空母いぶきGREAT GAME,17,小学館　∥　ショウガクカン:13 | 小学館:4,小学館　∥　ショウガクカン,"小学館=[15, 16, 17, 18]",no,"[15, 16, 17, 18]"
legend,レジェンド,17,KADOKAWA　∥　カドカワ:16 | KADOKAWA:1,KADOKAWA　∥　カドカワ,KADOKAWA=[18],no,[18]
level-1-dakedo-yuniiku-skill-de-saikyou-desu,レベル1だけどユニークスキルで最強です,17,講談社　∥　コウダンシャ:14 | 講談社:3,講談社　∥　コウダンシャ,"講談社=[15, 16, 17]",no,"[15, 16, 17]"
manga-de-nyanko-daisensou,まんがで!にゃんこ大戦争,17,小学館　∥　ショウガクカン:14 | 小学館:3,小学館　∥　ショウガクカン,"小学館=[16, 17, 18]",no,"[16, 17, 18]"
mobile-suit-gundam-narrativekidousenshigandamunt,機動戦士ガンダムNT(ナラティブ),17,KADOKAWA　∥　カドカワ:13 | KADOKAWA:4,KADOKAWA　∥　カドカワ,"KADOKAWA=[14, 15, 16, 17]",no,"[14, 15, 16, 17]"
mobile-suit-gundam-yuushii-bandeshine,機動戦士ガンダムUCバンデシネ,17,KADOKAWA　∥　カドカワ:8 | [発売]角川グループパブリッシング　∥　カドカワ グループ パブリッシング:4 | [発売]角川グループパブリッシング　∥　カドカワグループパブリッシング:3 | 角川グループパブリッシング（発売）　∥　カドカワ グループ パブリッシング:1 | [発売]KADOKAWA　∥　カドカワ:1,KADOKAWA　∥　カドカワ,"[発売]角川グループパブリッシング　∥　カドカワ グループ パブリッシング=[1, 2, 4, 5];角川グループパブリッシング（発売）　∥　カドカワ グループ パブリッシング=[3];[発売]角川グループパブリッシング　∥　カドカワグループパブリッシング=[6, 7, 8];[",no,"[1, 2, 3, 4, 5, 6, 7, 8, 9]"
mr-cb,Mr.CB,17,秋田書店　∥　アキタショテン:14 | 秋田書店:3,秋田書店　∥　アキタショテン,"秋田書店=[15, 16, 17]",no,"[15, 16, 17]"
murabito-desu-nanika,村人ですが何か?,17,KADOKAWA　∥　カドカワ:13 | KADOKAWA:3,KADOKAWA　∥　カドカワ,"KADOKAWA=[15, 16, 17]",no,"[15, 16, 17]"
mutsu-enmeiryuu-ikaiden-shura-no-mon,陸奥圓明流異界伝修羅の紋,17,講談社　∥　コウダンシャ:11 | 講談社:5,講談社　∥　コウダンシャ,"講談社=[13, 14, 15, 16, 17]",no,"[13, 14, 15, 16, 17]"
muv-luv-alternative,マブラヴオルタネイティヴ,17,[発売]角川グループパブリッシング　∥　カドカワ グループ パブリッシング:9 | KADOKAWA　∥　カドカワ:7 | [発売]KADOKAWA　∥　カドカワ:1,[発売]角川グループパブリッシング　∥　カドカワ グループ パブリッシング,"[発売]KADOKAWA　∥　カドカワ=[10];KADOKAWA　∥　カドカワ=[11, 12, 13, 14, 15, 16, 17]",no,"[10, 11, 12, 13, 14, 15, 16, 17]"
nazotoki-hime-wa-meitantei,ナゾトキ姫は名探偵❤,17,小学館　∥　ショウガクカン:16 | 小学館:1,小学館　∥　ショウガクカン,小学館=[7],no,[7]
neko-neko-nihonshi,ねこねこ日本史,17,実業之日本社　∥　ジツギョウノニホンシャ:15 | 実業之日本社:2,実業之日本社　∥　ジツギョウノニホンシャ,"実業之日本社=[16, 17]",no,"[16, 17]"
nine-peaks,ナインピークス,17,秋田書店　∥　アキタショテン:9 | 秋田書店:8,秋田書店　∥　アキタショテン,"秋田書店=[10, 11, 12, 13, 14, 15, 16, 17]",no,"[10, 11, 12, 13, 14, 15, 16, 17]"
ninja-to-gokudou,忍者と極道,17,講談社　∥　コウダンシャ:13 | 講談社:3,講談社　∥　コウダンシャ,"講談社=[15, 16, 17]",no,"[15, 16, 17]"
ouritsu-mahou-gakuen-no-saikasei,王立魔法学園の最下生,17,集英社　∥　シュウエイシャ:13 | 集英社:4,集英社　∥　シュウエイシャ,"集英社=[14, 15, 16, 17]",no,"[14, 15, 16, 17]"
oushitsu-kyoushi-haine,王室教師ハイネ,17,スクウェア・エニックス　∥　スクウェア ・ エニックス:15 | スクウェア・エニックス　∥　スクウェア エニックス:2,スクウェア・エニックス　∥　スクウェア ・ エニックス,"スクウェア・エニックス　∥　スクウェア エニックス=[1, 2]",no,"[1, 2]"
real,リアル,17,集英社　∥　シュウエイシャ:10 | 集英社:1,集英社　∥　シュウエイシャ,集英社=[17],no,[17]
red-blue,レッドブルー,17,小学館　∥　ショウガクカン:10 | 小学館:7,小学館　∥　ショウガクカン,"小学館=[11, 12, 13, 14, 15, 16, 17]",no,"[11, 12, 13, 14, 15, 16, 17]"
sae-ism,サエイズム,17,秋田書店　∥　アキタショテン:14 | 秋田書店:3,秋田書店　∥　アキタショテン,"秋田書店=[15, 16, 17]",no,"[15, 16, 17]"
shrink-seishinkai-yowai,Shrink～精神科医ヨワイ～,17,集英社　∥　シュウエイシャ:13 | 集英社:4,集英社　∥　シュウエイシャ,"集英社=[14, 15, 16, 17]",no,"[14, 15, 16, 17]"
slime-taoshite-300-nen-shiranai-uchi-ni-level-max-ni-nattemashita,スライム倒して300年、知らないうちにレベルmaxになってました,17,スクウェア・エニックス　∥　スクウェア ・ エニックス:14 | スクウェア・エニックス:3,スクウェア・エニックス　∥　スクウェア ・ エニックス,"スクウェア・エニックス=[15, 16, 17]",no,"[15, 16, 17]"
souda-baikoku-shiyou-tensai-ouji-no-akaji-kokka-saiseijutsu,そうだ、売国しよう,17,スクウェア・エニックス　∥　スクウェア ・ エニックス:13 | スクウェア・エニックス:4,スクウェア・エニックス　∥　スクウェア ・ エニックス,"スクウェア・エニックス=[15, 16, 17, 18]",no,"[15, 16, 17, 18]"
speedy-wonder,スピーディワンダー,17,秋田書店　∥　アキタショテン:10 | 秋田書店　∥　アキタ ショテン:7,秋田書店　∥　アキタショテン,"秋田書店　∥　アキタ ショテン=[1, 2, 3, 4, 5, 6, 7]",no,"[1, 2, 3, 4, 5, 6, 7]"
spy-family,SPY×FAMILY,17,集英社　∥　シュウエイシャ:13 | 集英社:4,集英社　∥　シュウエイシャ,"集英社=[14, 15, 16, 17]",no,"[14, 15, 16, 17]"
tendou-ke-monogatari,天堂家物語,17,白泉社　∥　ハクセンシャ:14 | 白泉社:3,白泉社　∥　ハクセンシャ,"白泉社=[15, 16, 17]",no,"[15, 16, 17]"
the-new-gate,THE NEW GATE,17,[発売]星雲社　∥　セイウンシャ:9 | [頒布]星雲社 (発売)　∥　セイウンシャ:4 | [頒布]星雲社　∥　セイウンシャ:2 | [頒布]星雲社:2,[発売]星雲社　∥　セイウンシャ,"[頒布]星雲社 (発売)　∥　セイウンシャ=[10, 11, 12, 13];[頒布]星雲社　∥　セイウンシャ=[14, 15];[頒布]星雲社=[16, 17]",no,"[10, 11, 12, 13, 14, 15, 16, 17]"
uikon,初×婚,17,集英社　∥　シュウエイシャ:15 | 集英社:1,集英社　∥　シュウエイシャ,集英社=[17],no,[17]
under-ninja,アンダーニンジャ,17,講談社　∥　コウダンシャ:13 | 講談社:3,講談社　∥　コウダンシャ,"講談社=[14, 16, 17]",no,"[14, 16, 17]"
urabaito-toubou-kinshi,裏バイト:逃亡禁止,17,小学館　∥　ショウガクカン:13 | 小学館:4,小学館　∥　ショウガクカン,"小学館=[15, 16, 17, 18]",no,"[15, 16, 17, 18]"
wonder,WONDER!,17,双葉社:7 | 双葉社　∥　フタバシャ:5,双葉社,"双葉社　∥　フタバシャ=[13, 14, 15, 16, 17]",no,"[13, 14, 15, 16, 17]"
worst-gaiden-zetton-sensei,WORST外伝ゼットン先生,17,秋田書店　∥　アキタショテン:12 | 秋田書店:5,秋田書店　∥　アキタショテン,"秋田書店=[13, 14, 15, 16, 17]",no,"[13, 14, 15, 16, 17]"
yandere-kanojo,ヤンデレ彼女,17,スクウェア・エニックス　∥　スクウェア エニックス:13 | スクウェア・エニックス　∥　スクウェア ・ エニックス:4,スクウェア・エニックス　∥　スクウェア エニックス,"スクウェア・エニックス　∥　スクウェア ・ エニックス=[13, 15, 16, 17]",no,"[13, 15, 16, 17]"
youchien-wars,幼稚園WARS,17,集英社　∥　シュウエイシャ:10 | 集英社:6,集英社　∥　シュウエイシャ,"集英社=[11, 13, 14, 15, 16, 17]",no,"[11, 13, 14, 15, 16, 17]"
ani-no-yome-to-kurashiteimasu,兄の嫁と暮らしています。,16,スクウェア・エニックス　∥　スクウェア ・ エニックス:15 | スクウェア・エニックス:1,スクウェア・エニックス　∥　スクウェア ・ エニックス,スクウェア・エニックス=[16],no,[16]
aoba-jitenshaten-to-ikouyo,アオバ自転車店といこうよ!,16,少年画報社　∥　ショウネンガホウシャ:12 | 少年画報社:3,少年画報社　∥　ショウネンガホウシャ,"少年画報社=[14, 15, 16]",no,"[14, 15, 16]"
arafoo-kenja-no-isekai-seikatsu-nikki,アラフォー賢者の異世界生活日記,16,スクウェア・エニックス　∥　スクウェア ・ エニックス:12 | スクウェア・エニックス:3 | KADOKAWA　∥　カドカワ:1,スクウェア・エニックス　∥　スクウェア ・ エニックス,"KADOKAWA　∥　カドカワ=[1];スクウェア・エニックス=[15, 16, 17]",no,"[1, 15, 16, 17]"
arifureta-shokugyou-de-sekai-saikyou,ありふれた職業で世界最強,16,オーバーラップ　∥　オーバーラップ:14 | オーバーラップ:2,オーバーラップ　∥　オーバーラップ,"オーバーラップ=[15, 16]",no,"[15, 16]"
baki-gaiden,バキ外伝,16,秋田書店　∥　アキタショテン:10 | 秋田書店:5,秋田書店　∥　アキタショテン,"秋田書店=[12, 13, 14, 15, 16]",no,"[12, 13, 14, 15, 16]"
boku-no-kanojo-sensei,僕のカノジョ先生,16,KADOKAWA　∥　カドカワ:12 | KADOKAWA:4,KADOKAWA　∥　カドカワ,"KADOKAWA=[13, 14, 15, 16]",no,"[13, 14, 15, 16]"
bokura-ga-ita,僕等がいた,16,小学館　∥　ショウガクカン:4 | 小学館:1,小学館　∥　ショウガクカン,小学館=[16],no,[16]
bokusatsu-pink,撲殺ピンク,16,日本文芸社　∥　ニホン ブンゲイシャ:11 | 日本文芸社:4,日本文芸社　∥　ニホン ブンゲイシャ,"日本文芸社=[13, 14, 15, 16]",no,"[13, 14, 15, 16]"
bolt-and-nut,ボルト＆ナット,16,ネコ・パブリッシング　∥　ネコ パブリッシング:4 | ネコ・パブリッシング　∥　ネコパブリッシング:1,ネコ・パブリッシング　∥　ネコ パブリッシング,ネコ・パブリッシング　∥　ネコパブリッシング=[18],yes,[18]
boukoku-no-maruguritto,亡国のマルグリット,16,秋田書店　∥　アキタショテン:13 | 秋田書店:3,秋田書店　∥　アキタショテン,"秋田書店=[14, 15, 16]",no,"[14, 15, 16]"
cross-over-rev,クロスオーバーレブ!,16,秋田書店　∥　アキタショテン:11 | 秋田書店:4,秋田書店　∥　アキタショテン,"秋田書店=[13, 14, 15, 16]",no,"[13, 14, 15, 16]"
dimension-w,ディメンションW,16,スクウェア・エニックス　∥　スクウェア ・ エニックス:9 | スクウェア・エニックス　∥　スクウェア エニックス:7,スクウェア・エニックス　∥　スクウェア ・ エニックス,"スクウェア・エニックス　∥　スクウェア エニックス=[1, 2, 3, 4, 5, 6, 7]",no,"[1, 2, 3, 4, 5, 6, 7]"
eighth,EIGHTH,16,スクウェア・エニックス　∥　スクウェア エニックス:13 | スクウェア・エニックス　∥　スクウェア ・ エニックス:3,スクウェア・エニックス　∥　スクウェア エニックス,"スクウェア・エニックス　∥　スクウェア ・ エニックス=[14, 15, 16]",no,"[14, 15, 16]"
eikyuu-shimei-onegai-shimasu,永久指名おねがいします!,16,Jパブリッシング　∥　ジェーパブリッシング:9 | ジュリアンパブリッシング　∥　ジュリアンパブリッシング:6 | Jパブリッシング:1,Jパブリッシング　∥　ジェーパブリッシング,"ジュリアンパブリッシング　∥　ジュリアンパブリッシング=[1, 2, 3, 4, 5, 6];Jパブリッシング=[16]",no,"[1, 2, 3, 4, 5, 6, 16]"
fantasy-bishoujo-juniku-oji-san-to,異世界(ファンタジー)美少女受肉おじさんと,16,小学館　∥　ショウガクカン:13 | 小学館:3,小学館　∥　ショウガクカン,"小学館=[15, 16, 17]",no,"[15, 16, 17]"
fate-grand-order-turas-r-alta,Fate/Grand Order-turas réalta-,16,講談社　∥　コウダンシャ:14 | 講談社:2,講談社　∥　コウダンシャ,"講談社=[20, 21]",no,"[20, 21]"
gabriel-dropout,ガヴリールドロップアウト,16,KADOKAWA　∥　カドカワ:14 | KADOKAWA:1,KADOKAWA　∥　カドカワ,KADOKAWA=[16],no,[16]
gachikoi-nenchakujuu,ガチ恋粘着獣,16,コアミックス　∥　コアミックス:7 | [頒布]竹書房　∥　タケ ショボウ:5 | コアミックス:2 | [発売]竹書房　∥　タケ ショボウ:1 | コアミックス　∥　コア ミックス:1,コアミックス　∥　コアミックス,"[発売]竹書房　∥　タケ ショボウ=[1];[頒布]竹書房　∥　タケ ショボウ=[2, 3, 4, 5, 6];コアミックス　∥　コア ミックス=[8];コアミックス=[15, 16]",no,"[1, 2, 3, 4, 5, 6, 8, 15, 16]"
game-of-familia,ゲームオブファミリア,16,KADOKAWA　∥　カドカワ:13 | KADOKAWA:3,KADOKAWA　∥　カドカワ,"KADOKAWA=[14, 15, 16]",no,"[14, 15, 16]"
goblin-slayer,ゴブリンスレイヤー,16,スクウェア・エニックス　∥　スクウェア ・ エニックス:12 | スクウェア・エニックス　∥　スクウェアエニックス:3 | スクウェア・エニックス:1,スクウェア・エニックス　∥　スクウェア ・ エニックス,"スクウェア・エニックス　∥　スクウェアエニックス=[13, 14, 15];スクウェア・エニックス=[16]",no,"[13, 14, 15, 16]"
gokushufudou,極主夫道,16,新潮社　∥　シンチョウシャ:13 | 新潮社:2,新潮社　∥　シンチョウシャ,"新潮社=[15, 16]",no,"[15, 16]"
hachinan-tte-sore-wa-nai-deshou,八男って、それはないでしょう!,16,KADOKAWA　∥　カドカワ:14 | KADOKAWA:2,KADOKAWA　∥　カドカワ,"KADOKAWA=[15, 16]",no,"[15, 16]"
haigakura,ハイガクラ,16,一迅社　∥　イチジンシャ:6 | [発売]講談社　∥　コウダンシャ:3 | [頒布]講談社　∥　コウダンシャ:3,一迅社　∥　イチジンシャ,"[発売]講談社　∥　コウダンシャ=[11, 12, 13];[頒布]講談社　∥　コウダンシャ=[14, 15, 16]",no,"[11, 12, 13, 14, 15, 16]"
hanayome-ni-haizoku-saremashita,花嫁に配属されました,16,小学館　∥　ショウガクカン:14 | 小学館:2,小学館　∥　ショウガクカン,"小学館=[15, 16]",no,"[15, 16]"
hidan-no-aria,緋弾のアリア,16,メディアファクトリー　∥　メディア ファクトリー:8 | KADOKAWA　∥　カドカワ:8,メディアファクトリー　∥　メディア ファクトリー,"KADOKAWA　∥　カドカワ=[9, 10, 11, 12, 13, 14, 15, 16]",no,"[9, 10, 11, 12, 13, 14, 15, 16]"
hisshou-dungeon-unei-houhou,必勝ダンジョン運営方法,16,双葉社　∥　フタバシャ:12 | 双葉社:4,双葉社　∥　フタバシャ,"双葉社=[13, 14, 15, 16]",no,"[13, 14, 15, 16]"
hoshi-furu-oukoku-no-nina,星降る王国のニナ,16,講談社　∥　コウダンシャ:13 | 講談社:3,講談社　∥　コウダンシャ,"講談社=[14, 17, 18]",no,"[14, 17, 18]"
hyouka,氷菓,16,KADOKAWA　∥　カドカワ:10 | [発売]角川グループパブリッシング　∥　カドカワグループパブリッシング:3 | [発売]角川グループホールディングス　∥　カドカワグループホールディングス:1 | [発売]KADOKAWA　∥　カドカワ:1 | KADOKAWA:1,KADOKAWA　∥　カドカワ,"[発売]角川グループパブリッシング　∥　カドカワグループパブリッシング=[1, 2, 3];[発売]角川グループホールディングス　∥　カドカワグループホールディングス=[4];[発売]KADOKAWA　∥　カドカワ=[5];KADOKAWA=[17]",no,"[1, 2, 3, 4, 5, 17]"
isekai-de-cafe-o-kaiten-shimashita,異世界でカフェを開店しました。,16,[発売]星雲社　∥　セイウンシャ:9 | [頒布]星雲社 (発売)　∥　セイウンシャ:4 | [頒布]星雲社:2 | [頒布]星雲社　∥　セイウンシャ:1,[発売]星雲社　∥　セイウンシャ,"[頒布]星雲社 (発売)　∥　セイウンシャ=[10, 11, 12, 13];[頒布]星雲社　∥　セイウンシャ=[14];[頒布]星雲社=[15, 16]",no,"[10, 11, 12, 13, 14, 15, 16]"
isekai-de-mofumofu-nadenade-suru-tame-ni-ganbattemasu,異世界でもふもふなでなでするためにがんばってます。,16,双葉社　∥　フタバシャ:13 | 双葉社:3,双葉社　∥　フタバシャ,"双葉社=[15, 16, 17]",no,"[15, 16, 17]"
isekai-no-shuyaku-wa-wareware-da,異世界の主役は我々だ!,16,KADOKAWA　∥　カドカワ:13 | KADOKAWA:2,KADOKAWA　∥　カドカワ,"KADOKAWA=[15, 16]",no,"[15, 16]"
isekai-nonbiri-nouka,異世界のんびり農家,16,KADOKAWA　∥　カドカワ:12 | KADOKAWA:3,KADOKAWA　∥　カドカワ,"KADOKAWA=[14, 15, 16]",no,"[14, 15, 16]"
kage-no-jitsuryokusha-ni-naritakute,陰の実力者になりたくて!,16,KADOKAWA　∥　カドカワ:13 | KADOKAWA:3,KADOKAWA　∥　カドカワ,"KADOKAWA=[15, 16, 17]",no,"[15, 16, 17]"
kageki-shoujo,かげきしょうじょ!!,16,白泉社　∥　ハクセンシャ:12 | 集英社　∥　シュウエイシャ:2 | 白泉社:2,白泉社　∥　ハクセンシャ,"集英社　∥　シュウエイシャ=[1, 2];白泉社=[15, 16]",no,"[1, 2, 15, 16]"
kaikosareta-sareta-ankoku-heishi-30-dai-no-slow-na-sekando-life,解雇された暗黒兵士〈30代〉のスローなセカンドライフ,16,講談社　∥　コウダンシャ:13 | 講談社:3,講談社　∥　コウダンシャ,"講談社=[16, 17, 18]",no,"[16, 17, 18]"
kakuei-ni-hanataba-o,角栄に花束を,16,秋田書店　∥　アキタショテン:11 | 秋田書店:5,秋田書店　∥　アキタショテン,"秋田書店=[12, 13, 14, 15, 16]",no,"[12, 13, 14, 15, 16]"
kannazuki-yukariko-no-yuuga-na-himatsubushi,神無月紫子の優雅な暇潰し,16,小学館　∥　ショウガクカン:11 | 小学館:4,小学館　∥　ショウガクカン,"小学館=[12, 14, 15, 16]",no,"[12, 14, 15, 16]"
kenshi-o-mezashite-nyuugaku-shita-noni-mahou-tekisei-9999-nandesu-kedo,剣士を目指して入学したのに魔法適性9999なんですけど!?,16,KADOKAWA　∥　カドカワ:15 | KADOKAWA:1,KADOKAWA　∥　カドカワ,KADOKAWA=[16],no,[16]
kidan-ningyoushi-ugetsu-no-hyakumonogatari,鬼談人形師雨月の百物語,16,青泉社　∥　セイセンシャ:13 | Bbmfマガジン　∥　Bbmf マガジン:3,青泉社　∥　セイセンシャ,"Bbmfマガジン　∥　Bbmf マガジン=[1, 2, 3]",no,"[1, 2, 3]"
kirumii-beibee,キルミーベイべー,16,芳文社　∥　ホウブンシャ:14 | 芳文社:1,芳文社　∥　ホウブンシャ,芳文社=[16],no,[16]
kumauchi-no-onna,クマ撃ちの女,16,新潮社　∥　シンチョウシャ:13 | 新潮社:2,新潮社　∥　シンチョウシャ,"新潮社=[15, 16]",no,"[15, 16]"
kumo-desu-nanika,蜘蛛ですが、なにか?,16,KADOKAWA　∥　カドカワ:14 | KADOKAWA:2,KADOKAWA　∥　カドカワ,"KADOKAWA=[15, 16]",no,"[15, 16]"
kyou-kara-hajimeru-osananajimi,今日から始める幼なじみ,16,新潮社　∥　シンチョウシャ:10 | 新潮社:6,新潮社　∥　シンチョウシャ,"新潮社=[11, 12, 13, 14, 15, 16]",no,"[11, 12, 13, 14, 15, 16]"
mahou-shoujo-of-ji-end,魔法少女・オブ・ジ・エンド,16,秋田書店　∥　アキタショテン:13 | 秋田書店　∥　アキタ ショテン:3,秋田書店　∥　アキタショテン,"秋田書店　∥　アキタ ショテン=[1, 2, 3]",no,"[1, 2, 3]"
majestic-prince,マジェスティックプリンス,16,[発売]小学館クリエイティブ　∥　ショウガクカンクリエイティブ:14 | [発売]小学館クリエイティブ　∥　ショウガクカン クリエイティブ:2,[発売]小学館クリエイティブ　∥　ショウガクカンクリエイティブ,"[発売]小学館クリエイティブ　∥　ショウガクカン クリエイティブ=[1, 2]",no,"[1, 2]"
majo-no-geboku-to-maou-no-tsuno,魔女の下僕と魔王のツノ,16,スクウェア・エニックス　∥　スクウェア ・ エニックス:15 | スクウェア・エニックス　∥　スクウェア エニックス:1,スクウェア・エニックス　∥　スクウェア ・ エニックス,スクウェア・エニックス　∥　スクウェア エニックス=[1],no,[1]
mattaku-saikin-no-tantei-to-kitara,まったく最近の探偵ときたら,16,KADOKAWA　∥　カドカワ:14 | KADOKAWA:2,KADOKAWA　∥　カドカワ,"KADOKAWA=[15, 16]",no,"[15, 16]"
midnight-restaurant-7-to-7,ミッドナイトレストラン7 to 7,16,芳文社　∥　ホウブンシャ:12 | 芳文社:1,芳文社　∥　ホウブンシャ,芳文社=[16],no,[16]
misuteri-to-iu-nakare,ミステリと言う勿れ,16,小学館　∥　ショウガクカン:13 | 小学館:2,小学館　∥　ショウガクカン,"小学館=[15, 16]",no,"[15, 16]"
miwa-san-narisumasu,ミワさんなりすます,16,小学館　∥　ショウガクカン:10 | 小学館:5,小学館　∥　ショウガクカン,"小学館=[12, 13, 14, 15, 16]",no,"[12, 13, 14, 15, 16]"
mobile-suit-gundam-emuesubuiaaru-jonii-raiden-no-kikan,機動戦士ガンダムMSV-R ジョニー・ライデンの帰還,16,KADOKAWA　∥　カドカワ:9 | [発売]角川グループパブリッシング　∥　カドカワ グループ パブリッシング:3 | [発売]角川グループパブリッシング　∥　カドカワグループパブリッシング:2 | [発売]KADOKAWA　∥　カドカワ:1,KADOKAWA　∥　カドカワ,"[発売]角川グループパブリッシング　∥　カドカワ グループ パブリッシング=[2, 3, 4];[発売]角川グループパブリッシング　∥　カドカワグループパブリッシング=[5, 6];[発売]KADOKAWA　∥　カドカワ=[7]",no,"[2, 3, 4, 5, 6, 7]"
mofumofu-to-isekai-slow-life-o-mezashimasu,もふもふと異世界でスローライフを目指します!,16,[頒布]星雲社 (発売)　∥　セイウンシャ:8 | [頒布]星雲社:4 | [発売]星雲社　∥　セイウンシャ:2 | [頒布]星雲社　∥　セイウンシャ:2,[頒布]星雲社 (発売)　∥　セイウンシャ,"[発売]星雲社　∥　セイウンシャ=[1, 2];[頒布]星雲社　∥　セイウンシャ=[11, 12];[頒布]星雲社=[13, 14, 15, 16]",no,"[1, 2, 11, 12, 13, 14, 15, 16]"
momochi-san-no-ayakashi-ouji,百千さん家のあやかし王子,16,KADOKAWA　∥　カドカワ:15 | [発売]KADOKAWA　∥　カドカワ:1,KADOKAWA　∥　カドカワ,[発売]KADOKAWA　∥　カドカワ=[1],no,[1]
mother-parasite,マザーパラサイト,16,コアミックス　∥　コアミックス:11 | コアミックス:5,コアミックス　∥　コアミックス,"コアミックス=[12, 13, 14, 15, 16]",no,"[12, 13, 14, 15, 16]"
murabito-tensei,村人転生,16,双葉社　∥　フタバシャ:14 | 双葉社:2,双葉社　∥　フタバシャ,"双葉社=[15, 16]",no,"[15, 16]"
nanto-dangerous-jii-san,なんと!でんぢゃらすじーさん,16,小学館　∥　ショウガクカン:14 | 小学館:1,小学館　∥　ショウガクカン,小学館=[16],no,[16]
nonnon-hiyori,のんのんびより,16,KADOKAWA　∥　カドカワ:10 | メディアファクトリー　∥　メディア ファクトリー:6,KADOKAWA　∥　カドカワ,"メディアファクトリー　∥　メディア ファクトリー=[1, 2, 3, 4, 5, 6]",no,"[1, 2, 3, 4, 5, 6]"
oji-sama-koushaku-wa-koisuru-otoshigoro,おじさま侯爵は恋するお年頃,16,宙出版　∥　オオゾラ シュッパン:10 | [頒布]ジャイブ (発売)　∥　ジャイブ:4 | [発売]ジャイブ　∥　ジャイブ:2,宙出版　∥　オオゾラ シュッパン,"[発売]ジャイブ　∥　ジャイブ=[11, 12];[頒布]ジャイブ (発売)　∥　ジャイブ=[13, 14, 15, 16]",no,"[11, 12, 13, 14, 15, 16]"
oji-sama-to-neko,おじさまと猫,16,スクウェア・エニックス　∥　スクウェアエニックス:8 | スクウェア・エニックス　∥　スクウェア ・ エニックス:5 | スクウェア・エニックス:3,スクウェア・エニックス　∥　スクウェアエニックス,"スクウェア・エニックス　∥　スクウェア ・ エニックス=[1, 2, 3, 4, 5];スクウェア・エニックス=[14, 15, 16]",no,"[1, 2, 3, 4, 5, 14, 15, 16]"
ojou-sama-no-shimobe,お嬢様の僕,16,講談社　∥　コウダンシャ:15 | 講談社:1,講談社　∥　コウダンシャ,講談社=[18],no,[18]
okinodoku-desu-ga-bouken-no-sho-wa-maou-no-mono-ni-narimashita,お気の毒ですが、冒険の書は魔王のモノになりました。,16,日本文芸社　∥　ニホン ブンゲイシャ:14 | 日本文芸社:2,日本文芸社　∥　ニホン ブンゲイシャ,"日本文芸社=[15, 16]",no,"[15, 16]"
onigoroshi,鬼ゴロシ,16,日本文芸社　∥　ニホン ブンゲイシャ:14 | 日本文芸社:1,日本文芸社　∥　ニホン ブンゲイシャ,日本文芸社=[16],no,[16]
ookami-to-koushinryou,狼と香辛料,16,KADOKAWA　∥　カドカワ:7 | Kadokawa　∥　Kadokawa:2 | [発売]Kadokawa　∥　Kadokawa:2 | [発売]角川グループパブリッシング　∥　カドカワ グループ パブリッシング:2 | アスキー・メディアワークス　∥　アスキー メディア ワークス:1 | [発売]角川グループホールディングス　∥　カドカワ グループ ホールディングス:1 | [発売]KADOKAWA　∥　カドカワ:1,KADOKAWA　∥　カドカワ,"Kadokawa　∥　Kadokawa=[1, 6];[発売]Kadokawa　∥　Kadokawa=[2, 8];[発売]角川グループパブリッシング　∥　カドカワ グループ パブリッシング=[3, 5];アスキー・メディアワークス　∥　アスキー メディア ワークス=[4];[発",no,"[1, 2, 3, 4, 5, 6, 7, 8, 9]"
oshi-no-ko,推しの子,16,集英社　∥　シュウエイシャ:15 | 集英社:1,集英社　∥　シュウエイシャ,集英社=[16],no,[16]
otsu-san-teihen-chiyushi-to-manamusume-no-henkyou-life,おっさん底辺治癒士と愛娘の辺境ライフ,16,双葉社　∥　フタバシャ:9 | 双葉社:6,双葉社　∥　フタバシャ,"双葉社=[11, 12, 13, 14, 15, 16]",no,"[11, 12, 13, 14, 15, 16]"
overlord-fushisha-no-oh,オーバーロード不死者のOh!,16,KADOKAWA　∥　カドカワ:12 | KADOKAWA:3,KADOKAWA　∥　カドカワ,"KADOKAWA=[14, 15, 16]",no,"[14, 15, 16]"
peach-boy-riverside,ピーチボーイリバーサイド,16,講談社　∥　コウダンシャ:15 | 講談社:1,講談社　∥　コウダンシャ,講談社=[16],no,[16]
quattro-battery,クワトロバッテリー,16,秋田書店　∥　アキタショテン:13 | 秋田書店:3,秋田書店　∥　アキタショテン,"秋田書店=[14, 15, 16]",no,"[14, 15, 16]"
ragna-crimson,ラグナクリムゾン,16,スクウェア・エニックス　∥　スクウェア ・ エニックス:14 | スクウェア・エニックス:2,スクウェア・エニックス　∥　スクウェア ・ エニックス,"スクウェア・エニックス=[15, 16]",no,"[15, 16]"
re-kan,レーカン!,16,芳文社　∥　ホウブンシャ:14 | 芳文社:2,芳文社　∥　ホウブンシャ,"芳文社=[15, 16]",no,"[15, 16]"
ride-on-king,ライドンキング,16,講談社　∥　コウダンシャ:13 | 講談社:3,講談社　∥　コウダンシャ,"講談社=[14, 15, 16]",no,"[14, 15, 16]"
rirakkuma-4kuma-4-ga,リラックマ4クママンガ,16,主婦と生活社　∥　シュフトセイカツシャ:15 | 主婦と生活社:1,主婦と生活社　∥　シュフトセイカツシャ,主婦と生活社=[16],no,[16]
saint-seiya-next-dimension-meiou-shinwa,聖闘士星矢NEXT DIMENSION冥王神話,16,秋田書店　∥　アキタショテン:9 | 秋田書店　∥　アキタ ショテン:6 | 秋田書店:1,秋田書店　∥　アキタショテン,"秋田書店　∥　アキタ ショテン=[1, 2, 3, 4, 5, 6];秋田書店=[16]",no,"[1, 2, 3, 4, 5, 6, 16]"
saint-seiya-za-lost-canvas-meiou-shinwa-gaiden,聖闘士星矢THE LOST CANVAS冥王神話外伝,16,秋田書店　∥　アキタ ショテン:8 | 秋田書店　∥　アキタショテン:8,秋田書店　∥　アキタ ショテン,"秋田書店　∥　アキタショテン=[9, 10, 11, 12, 13, 14, 15, 16]",no,"[9, 10, 11, 12, 13, 14, 15, 16]"
sanda,SANDA,16,秋田書店　∥　アキタショテン:13 | 秋田書店:3,秋田書店　∥　アキタショテン,"秋田書店=[14, 15, 16]",no,"[14, 15, 16]"
seija-musou,聖者無双,16,講談社　∥　コウダンシャ:13 | 講談社:2,講談社　∥　コウダンシャ,"講談社=[15, 16]",no,"[15, 16]"
seishun-shonbori-club,青春しょんぼりクラブ,16,秋田書店　∥　アキタショテン:10 | 秋田書店　∥　アキタ ショテン:6,秋田書店　∥　アキタショテン,"秋田書店　∥　アキタ ショテン=[1, 2, 3, 4, 5, 8]",no,"[1, 2, 3, 4, 5, 8]"
seito-sho-kun-kids,生徒諸君!Kids,16,講談社　∥　コウダンシャ:14 | 講談社:2,講談社　∥　コウダンシャ,"講談社=[16, 17]",no,"[16, 17]"
shikkokutsukai-no-saikyou-yuusha,漆黒使いの最強勇者,16,スクウェア・エニックス　∥　スクウェア ・ エニックス:13 | スクウェア・エニックス:3,スクウェア・エニックス　∥　スクウェア ・ エニックス,"スクウェア・エニックス=[14, 15, 16]",no,"[14, 15, 16]"
shitsugyou-kenja-no-nariagari,失業賢者の成り上がり,16,集英社　∥　シュウエイシャ:15 | 集英社:1,集英社　∥　シュウエイシャ,集英社=[16],no,[16]
shuumatsu-no-harem-fantasia,終末のハーレムファンタジア,16,集英社　∥　シュウエイシャ:15 | 集英社:1,集英社　∥　シュウエイシャ,集英社=[16],no,[16]
soredemo-machi-ha-mawatte-iru,それでも町は廻っている,16,少年画報社　∥　ショウネン ガホウシャ:10 | 少年画報社　∥　ショウネンガホウシャ:4,少年画報社　∥　ショウネン ガホウシャ,"少年画報社　∥　ショウネンガホウシャ=[12, 13, 15, 16]",no,"[12, 13, 15, 16]"
sparrow-s-hotel,スパロウズホテル,16,竹書房　∥　タケ ショボウ:14 | 竹書房:2,竹書房　∥　タケ ショボウ,"竹書房=[15, 16]",no,"[15, 16]"
tokyo-esp,東京ESP,16,KADOKAWA　∥　カドカワ:8 | [発売]角川グループパブリッシング　∥　カドカワ グループ パブリッシング:5 | [発売]角川グループパブリッシング　∥　カドカワグループパブリッシング:2 | [発売]角川グループホールディングス　∥　カドカワグループホールディングス:1,KADOKAWA　∥　カドカワ,"[発売]角川グループパブリッシング　∥　カドカワ グループ パブリッシング=[1, 2, 3, 4, 5];[発売]角川グループパブリッシング　∥　カドカワグループパブリッシング=[6, 7];[発売]角川グループホールディングス　∥　カドカワグループホールディングス=[8]",no,"[1, 2, 3, 4, 5, 6, 7, 8]"
tokyo-hinkon-joshi,東京貧困女子。,16,小学館　∥　ショウガクカン:11 | 小学館:4,小学館　∥　ショウガクカン,"小学館=[13, 14, 15, 16]",no,"[13, 14, 15, 16]"
toppuu-gp,トップウGP,16,講談社　∥　コウダンシャ:13 | 講談社:3,講談社　∥　コウダンシャ,"講談社=[14, 15, 16]",no,"[14, 15, 16]"
touhai-hitobashirahen,凍牌 人柱篇,16,秋田書店　∥　アキタショテン:11 | 秋田書店　∥　アキタ ショテン:5,秋田書店　∥　アキタショテン,"秋田書店　∥　アキタ ショテン=[1, 2, 3, 4, 5]",no,"[1, 2, 3, 4, 5]"
toujima-tanzaburou-wa-kamen-rider-ni-naritai,東島丹三郎は仮面ライダーになりたい,16,[頒布]小学館クリエイティブ (発売)　∥　ショウガクカンクリエイティブ:7 | [発売]小学館クリエイティブ　∥　ショウガクカンクリエイティブ:6 | [頒布]小学館クリエイティブ　∥　ショウガクカンクリエイティブ:1 | [頒布]小学館クリエイティブ:1,[頒布]小学館クリエイティブ (発売)　∥　ショウガクカンクリエイティブ,"[発売]小学館クリエイティブ　∥　ショウガクカンクリエイティブ=[1, 2, 3, 4, 5, 6];[頒布]小学館クリエイティブ　∥　ショウガクカンクリエイティブ=[14];[頒布]小学館クリエイティブ=[16]",no,"[1, 2, 3, 4, 5, 6, 14, 16]"
trinity-seven,トリニティセブン,16,KADOKAWA　∥　カドカワ:14 | KADOKAWA:2,KADOKAWA　∥　カドカワ,"KADOKAWA=[32, 33]",no,"[32, 33]"
usokon,ウソ婚,16,講談社　∥　コウダンシャ:13 | 講談社:1,講談社　∥　コウダンシャ,講談社=[16],no,[16]
watari-kun-no-batsubatsu-ga-houkai-sunzen,渡くんの××が崩壊寸前,16,講談社　∥　コウダンシャ:15 | KADOKAWA　∥　カドカワ:1,講談社　∥　コウダンシャ,KADOKAWA　∥　カドカワ=[1],no,[1]
watashi-ni-tenshi-ga-maiorita,私に天使が舞い降りた!,16,[発売]講談社　∥　コウダンシャ:8 | [頒布]講談社　∥　コウダンシャ:6 | [頒布]講談社:2,[発売]講談社　∥　コウダンシャ,"[頒布]講談社　∥　コウダンシャ=[9, 10, 11, 12, 13, 14];[頒布]講談社=[15, 16]",no,"[9, 10, 11, 12, 13, 14, 15, 16]"
world-teacher,ワールド・ティーチャー,16,オーバーラップ　∥　オーバーラップ:14 | オーバーラップ:2,オーバーラップ　∥　オーバーラップ,"オーバーラップ=[15, 16]",no,"[15, 16]"
yancha-gal-no-anjou-san,やんちゃギャルの安城さん,16,少年画報社　∥　ショウネンガホウシャ:14 | 少年画報社:2,少年画報社　∥　ショウネンガホウシャ,"少年画報社=[15, 16]",no,"[15, 16]"
yotsuba-to,よつばと!,16,[発売]角川グループパブリッシング　∥　カドカワ グループ パブリッシング:4 | KADOKAWA　∥　カドカワ:3 | メディアワークス:2 | KADOKAWA:1,[発売]角川グループパブリッシング　∥　カドカワ グループ パブリッシング,"メディアワークス=[11, 12];KADOKAWA　∥　カドカワ=[13, 14, 15];KADOKAWA=[16]",no,"[11, 12, 13, 14, 15, 16]"
young-black-jack,ヤングブラック・ジャック,16,秋田書店　∥　アキタショテン:13 | 秋田書店　∥　アキタ ショテン:3,秋田書店　∥　アキタショテン,"秋田書店　∥　アキタ ショテン=[1, 2, 3]",no,"[1, 2, 3]"
yowayowa-sensei,よわよわ先生,16,講談社　∥　コウダンシャ:8 | 講談社:7,講談社　∥　コウダンシャ,"講談社=[10, 11, 12, 13, 14, 15, 16]",no,"[10, 11, 12, 13, 14, 15, 16]"
1-nen-a-gumi-no-monster,1年A組のモンスター,15,[頒布]講談社　∥　コウダンシャ:8 | [発売]講談社　∥　コウダンシャ:5 | [頒布]講談社:1,[頒布]講談社　∥　コウダンシャ,"[発売]講談社　∥　コウダンシャ=[1, 2, 3, 4, 5];[頒布]講談社=[15]",no,"[1, 2, 3, 4, 5, 15]"
200m-saki-no-netsu,200m先の熱,15,集英社　∥　シュウエイシャ:11 | 集英社:3,集英社　∥　シュウエイシャ,"集英社=[13, 14, 15]",no,"[13, 14, 15]"
30sai-made-doutei-dato-mahoutsukai-30-narerurashii,30歳まで童貞だと魔法使いになれるらしい,15,スクウェア・エニックス　∥　スクウェア ・ エニックス:13 | スクウェア・エニックス:2,スクウェア・エニックス　∥　スクウェア ・ エニックス,"スクウェア・エニックス=[15, 16]",no,"[15, 16]"
aji-ichimonme-tsugiaji,味いちもんめ 継ぎ味,15,小学館　∥　ショウガクカン:11 | 小学館:3,小学館　∥　ショウガクカン,"小学館=[13, 14, 15]",no,"[13, 14, 15]"
akame-ga-kill,アカメが斬る!,15,スクウェア・エニックス　∥　スクウェア エニックス:10 | スクウェア・エニックス　∥　スクウェア ・ エニックス:5,スクウェア・エニックス　∥　スクウェア エニックス,"スクウェア・エニックス　∥　スクウェア ・ エニックス=[11, 12, 13, 14, 15]",no,"[11, 12, 13, 14, 15]"
akebi-chan-no-seeraafuku,明日ちゃんのセーラー服,15,集英社　∥　シュウエイシャ:13 | 集英社:1,集英社　∥　シュウエイシャ,集英社=[15],no,[15]
ansangu-cinderella,アンサングシンデレラ,15,コアミックス　∥　コアミックス:8 | [発売]徳間書店　∥　トクマ ショテン:3 | コアミックス:2 | コアミックス　∥　コア ミックス:1,コアミックス　∥　コアミックス,"[発売]徳間書店　∥　トクマ ショテン=[1, 2, 3];コアミックス　∥　コア ミックス=[5];コアミックス=[14, 15]",no,"[1, 2, 3, 5, 14, 15]"
arakawa-under-za-bridge,荒川アンダー ザ ブリッジ,15,スクウェア・エニックス　∥　スクウェア エニックス:10 | スクウェア・エニックス　∥　スクウェア ・ エニックス:1,スクウェア・エニックス　∥　スクウェア エニックス,スクウェア・エニックス　∥　スクウェア ・ エニックス=[15],no,[15]
baka-to-test-to-shoukanjuu,バカとテストと召喚獣,15,KADOKAWA　∥　カドカワ:6 | [発売]角川グループパブリッシング　∥　カドカワ グループ パブリッシング:5 | [発売]角川グループパブリッシング　∥　カドカワグループパブリッシング:2 | [発売]角川グループホールディングス　∥　カドカワグループホールディングス:1,KADOKAWA　∥　カドカワ,"[発売]角川グループパブリッシング　∥　カドカワ グループ パブリッシング=[1, 2, 3, 5, 6];[発売]角川グループパブリッシング　∥　カドカワグループパブリッシング=[7, 8];[発売]角川グループホールディングス　∥　カドカワグループホールディングス=[9]",no,"[1, 2, 3, 5, 6, 7, 8, 9]"
bouncer,バウンサー,15,秋田書店　∥　アキタショテン:14 | 秋田書店:1,秋田書店　∥　アキタショテン,秋田書店=[15],no,[15]
boushoku-no-beruseruku,暴食のベルセルク,15,マイクロマガジン社　∥　マイクロマガジンシャ:12 | マイクロマガジン社:3,マイクロマガジン社　∥　マイクロマガジンシャ,"マイクロマガジン社=[13, 14, 15]",no,"[13, 14, 15]"
bungou-stray-dogs-wan,文豪ストレイドッグスわん!,15,KADOKAWA　∥　カドカワ:12 | KADOKAWA:3,KADOKAWA　∥　カドカワ,"KADOKAWA=[13, 14, 15]",no,"[13, 14, 15]"
choujin-x,超人X,15,集英社　∥　シュウエイシャ:10 | 集英社:4,集英社　∥　シュウエイシャ,"集英社=[12, 13, 14, 15]",no,"[12, 13, 14, 15]"
city,CITY,15,講談社　∥　コウダンシャ:13 | 講談社:2,講談社　∥　コウダンシャ,"講談社=[14, 15]",no,"[14, 15]"
comic-asami-mitsuhiko-honkaku-ryojou-mystery,コミック浅見光彦本格旅情ミステリー,15,ぶんか社　∥　ブンカシャ:14 | ぶんか社:1,ぶんか社　∥　ブンカシャ,ぶんか社=[17],yes,[17]
daikyochuu-rettou,大巨蟲列島,15,秋田書店　∥　アキタショテン:12 | 秋田書店:3,秋田書店　∥　アキタショテン,"秋田書店=[13, 14, 15]",no,"[13, 14, 15]"
dakishimete-tsuide-ni-kisu-mo,抱きしめてついでにキスも,15,集英社　∥　シュウエイシャ:13 | 集英社:2,集英社　∥　シュウエイシャ,"集英社=[14, 15]",no,"[14, 15]"
denkigai-no-honya-san,デンキ街の本屋さん,15,KADOKAWA　∥　カドカワ:10 | KADOKAWA　∥　KADOKAWA:4 | Kadokawa　∥　Kadokawa:1,KADOKAWA　∥　カドカワ,"KADOKAWA　∥　KADOKAWA=[1, 2, 3, 5];Kadokawa　∥　Kadokawa=[4]",no,"[1, 2, 3, 4, 5]"
dog-signal,DOG SIGNAL,15,KADOKAWA　∥　カドカワ:11 | KADOKAWA:3,KADOKAWA　∥　カドカワ,"KADOKAWA=[13, 14, 15]",no,"[13, 14, 15]"
donketsu-dainishou,ドンケツ第2章,15,少年画報社　∥　ショウネンガホウシャ:12 | 少年画報社:2,少年画報社　∥　ショウネンガホウシャ,"少年画報社=[14, 15]",no,"[14, 15]"
dungeon-shierupa-meikyuu-michisaki-annainin,ダンジョン・シェルパ迷宮道先案内人,15,講談社　∥　コウダンシャ:11 | 講談社:3,講談社　∥　コウダンシャ,"講談社=[13, 14, 15]",no,"[13, 14, 15]"
gin-no-saji,銀の匙,15,小学館　∥　ショウガクカン:13 | 小学館:2,小学館　∥　ショウガクカン,"小学館=[9, 11]",no,"[9, 11]"
gunslinger-girl,GUNSLINGER GIRL,15,[発売]角川グループパブリッシング　∥　カドカワグループパブリッシング:6 | [発売]角川グループパブリッシング　∥　カドカワ グループ パブリッシング:1 | Kadokawa　∥　Kadokawa:1,[発売]角川グループパブリッシング　∥　カドカワグループパブリッシング,[発売]角川グループパブリッシング　∥　カドカワ グループ パブリッシング=[10];Kadokawa　∥　Kadokawa=[15],no,"[10, 15]"
hakobi-no-inu,運びの犬,15,秋田書店　∥　アキタショテン:11 | 秋田書店:4,秋田書店　∥　アキタショテン,"秋田書店=[12, 13, 14, 15]",no,"[12, 13, 14, 15]"
hello-mai-baby,はろー!マイベイビー,15,小学館　∥　ショウガクカン:14 | 小学館:1,小学館　∥　ショウガクカン,小学館=[15],no,[15]
himuro-no-tenchi,氷室の天地,15,一迅社　∥　イチジンシャ:7 | [発売]講談社　∥　コウダンシャ:3 | [頒布]講談社　∥　コウダンシャ:2,一迅社　∥　イチジンシャ,"[発売]講談社　∥　コウダンシャ=[11, 12, 13];[頒布]講談社　∥　コウダンシャ=[14, 15]",no,"[11, 12, 13, 14, 15]"
hitorijime-my-hero,ひとりじめマイヒーロー,15,[頒布]講談社　∥　コウダンシャ:5 | [発売]講談社　∥　コウダンシャ:4 | 一迅社　∥　イチジンシャ:2,[頒布]講談社　∥　コウダンシャ,"一迅社　∥　イチジンシャ=[1, 2];[発売]講談社　∥　コウダンシャ=[7, 8, 9, 10]",no,"[1, 2, 7, 8, 9, 10]"
hori-san-to-miyamura-kun-omake,堀さんと宮村くんおまけ,15,スクウェア・エニックス　∥　スクウェア ・ エニックス:8 | スクウェア・エニックス　∥　スクウェア エニックス:7,スクウェア・エニックス　∥　スクウェア ・ エニックス,"スクウェア・エニックス　∥　スクウェア エニックス=[1, 2, 3, 4, 5, 6, 11]",no,"[1, 2, 3, 4, 5, 6, 11]"
houkago-teibou-nisshi,放課後ていぼう日誌,15,秋田書店　∥　アキタショテン:12 | 秋田書店:3,秋田書店　∥　アキタショテン,"秋田書店=[13, 14, 15]",no,"[13, 14, 15]"
hourou-musuko,放浪息子,15,エンターブレイン:4 | [発売]角川グループパブリッシング　∥　カドカワ グループ パブリッシング:3 | [発売]角川グループパブリッシング　∥　カドカワグループパブリッシング:2 | [発売]KADOKAWA　∥　カドカワ:1,エンターブレイン,"[発売]角川グループパブリッシング　∥　カドカワ グループ パブリッシング=[10, 11, 12];[発売]角川グループパブリッシング　∥　カドカワグループパブリッシング=[13, 14];[発売]KADOKAWA　∥　カドカワ=[15]",no,"[10, 11, 12, 13, 14, 15]"
imootaru-princess-hajimemashita,人外姫様(イモータルプリンセス)、始めました,15,講談社　∥　コウダンシャ:12 | 講談社:3,講談社　∥　コウダンシャ,"講談社=[14, 15, 16]",no,"[14, 15, 16]"
inaka-no-home-center-otoko-no-jiyuu-na-isekai-seikatsu,田舎のホームセンター男の自由な異世界生活,15,KADOKAWA　∥　カドカワ:12 | KADOKAWA:2,KADOKAWA　∥　カドカワ,"KADOKAWA=[14, 15]",no,"[14, 15]"
infinite-dendrogram,インフィニット・デンドログラム,15,ホビージャパン　∥　ホビー ジャパン:13 | ホビージャパン:2,ホビージャパン　∥　ホビー ジャパン,"ホビージャパン=[14, 15]",no,"[14, 15]"
isekai-cheat-survival-meshi,異世界チートサバイバル飯,15,KADOKAWA　∥　カドカワ:12 | KADOKAWA:3,KADOKAWA　∥　カドカワ,"KADOKAWA=[13, 14, 15]",no,"[13, 14, 15]"
isekai-de-skill-o-kaitai-shitara-cheat-na-yome-ga-zoushoku-shimashita,異世界でスキルを解体したらチートな嫁が増殖しました,15,KADOKAWA　∥　カドカワ:12 | KADOKAWA:2,KADOKAWA　∥　カドカワ,"KADOKAWA=[14, 15]",yes,"[14, 15]"
joshikousei-no-mudazukai,女子高生の無駄づかい,15,KADOKAWA　∥　カドカワ:12 | KADOKAWA:2,KADOKAWA　∥　カドカワ,"KADOKAWA=[14, 15]",no,"[14, 15]"
josou-shite-mendokusai-koto-ni-natteru-nekura-to-yankee-no-ryou-kataomoi,女装してめんどくさい事になってるネクラとヤンキーの両片想い,15,マッグガーデン　∥　マッグ ガーデン:12 | マッグガーデン:2,マッグガーデン　∥　マッグ ガーデン,"マッグガーデン=[14, 15]",no,"[14, 15]"
jumbo-max,JUMBO MAX,15,小学館　∥　ショウガクカン:11 | 小学館:3,小学館　∥　ショウガクカン,"小学館=[13, 14, 15]",no,"[13, 14, 15]"
kaijin-reijou,怪人麗嬢,15,スクウェア・エニックス　∥　スクウェア ・ エニックス:12 | スクウェア・エニックス:3,スクウェア・エニックス　∥　スクウェア ・ エニックス,"スクウェア・エニックス=[13, 14, 15]",no,"[13, 14, 15]"
kaijuu-8-gou,怪獣8号,15,集英社　∥　シュウエイシャ:13 | 集英社:2,集英社　∥　シュウエイシャ,"集英社=[15, 16]",no,"[15, 16]"
kamen-no-maid-guy,仮面のメイドガイ,15,[発売]角川グループパブリッシング　∥　カドカワ グループ パブリッシング:10 | [発売]角川グループパブリッシング　∥　カドカワグループパブリッシング:1,[発売]角川グループパブリッシング　∥　カドカワ グループ パブリッシング,[発売]角川グループパブリッシング　∥　カドカワグループパブリッシング=[15],no,[15]
kamitachi-ni-hirowareta-otoko,神達に拾われた男,15,スクウェア・エニックス　∥　スクウェア ・ エニックス:10 | スクウェア・エニックス　∥　スクウェアエニックス:2 | スクウェア・エニックス:2,スクウェア・エニックス　∥　スクウェア ・ エニックス,"スクウェア・エニックス　∥　スクウェアエニックス=[11, 12];スクウェア・エニックス=[14, 15]",no,"[11, 12, 14, 15]"
kao-dake-ja-suki-ni-narimasen,顔だけじゃ好きになりません,15,白泉社　∥　ハクセンシャ:11 | 白泉社:4,白泉社　∥　ハクセンシャ,"白泉社=[14, 15, 16, 17]",no,"[14, 15, 16, 17]"
kekkon-yubiwa-monogatari,結婚指輪物語,15,スクウェア・エニックス　∥　スクウェア ・ エニックス:14 | スクウェア・エニックス:1,スクウェア・エニックス　∥　スクウェア ・ エニックス,スクウェア・エニックス=[15],no,[15]
kenja-no-deshi-o-nanoru-kenja,賢者の弟子を名乗る賢者,15,マイクロマガジン社　∥　マイクロマガジンシャ:12 | マイクロマガジン社:2,マイクロマガジン社　∥　マイクロマガジンシャ,"マイクロマガジン社=[14, 15]",yes,"[14, 15]"
kiitarou-shounen-no-youkai-enikki,奇異太郎少年の妖怪絵日記,15,マイクロマガジン社　∥　マイクロマガジンシャ:12 | マイクロマガジン社　∥　マイクロ マガジンシャ:2,マイクロマガジン社　∥　マイクロマガジンシャ,"マイクロマガジン社　∥　マイクロ マガジンシャ=[1, 2]",no,"[1, 2]"
kobayashi-san-no-meidoragon-kanna-no-nichijou,小林さんちのメイドラゴン カンナの日常,15,双葉社　∥　フタバシャ:13 | 双葉社:2,双葉社　∥　フタバシャ,"双葉社=[14, 15]",no,"[14, 15]"
koiseyo-kimono-otome,恋せよキモノ乙女,15,新潮社　∥　シンチョウシャ:12 | 新潮社:3,新潮社　∥　シンチョウシャ,"新潮社=[13, 14, 15]",no,"[13, 14, 15]"
kono-bijutsubu-niwa-mondai-ga-aru,この美術部には問題がある!,15,KADOKAWA　∥　カドカワ:14 | [発売]角川グループホールディングス　∥　カドカワグループホールディングス:1,KADOKAWA　∥　カドカワ,[発売]角川グループホールディングス　∥　カドカワグループホールディングス=[1],no,[1]
kore-wa-keihi-de-ochimasen,これは経費で落ちません!,15,集英社　∥　シュウエイシャ:12 | 集英社:3,集英社　∥　シュウエイシャ,"集英社=[14, 15, 16]",no,"[14, 15, 16]"
kujou-no-taizai,九条の大罪,15,小学館　∥　ショウガクカン:12 | 小学館:3,小学館　∥　ショウガクカン,"小学館=[13, 14, 15]",no,"[13, 14, 15]"
kumichou-musume-to-sewagakari,組長娘と世話係,15,マイクロマガジン社　∥　マイクロマガジンシャ:9 | マイクロマガジン社:2,マイクロマガジン社　∥　マイクロマガジンシャ,"マイクロマガジン社=[14, 15]",no,"[14, 15]"
kyoto-teramachi-sanjou-no-holmes,京都寺町三条のホームズ,15,双葉社　∥　フタバシャ:13 | 双葉社:2,双葉社　∥　フタバシャ,"双葉社=[14, 15]",no,"[14, 15]"
kyoukai-meikyuu-to-ikai-no-majutsushi,境界迷宮と異界の魔術師,15,オーバーラップ　∥　オーバーラップ:12 | オーバーラップ:2,オーバーラップ　∥　オーバーラップ,"オーバーラップ=[14, 15]",no,"[14, 15]"
magi-craft-meister,マギクラフト・マイスター,15,KADOKAWA　∥　カドカワ:12 | KADOKAWA:2,KADOKAWA　∥　カドカワ,"KADOKAWA=[14, 15]",no,"[14, 15]"
majo-taisen,魔女大戦,15,コアミックス　∥　コアミックス:10 | コアミックス:4,コアミックス　∥　コアミックス,"コアミックス=[12, 13, 14, 15]",no,"[12, 13, 14, 15]"
makai-ouji-devils-and-realist,魔界王子devils and realist,15,一迅社　∥　イチジンシャ:6 | [発売]講談社　∥　コウダンシャ:1,一迅社　∥　イチジンシャ,[発売]講談社　∥　コウダンシャ=[15],no,[15]
marriagetoxin,マリッジトキシン,15,集英社　∥　シュウエイシャ:10 | 集英社:5,集英社　∥　シュウエイシャ,"集英社=[12, 14, 15, 16, 17]",no,"[12, 14, 15, 16, 17]"
meshinuma,めしぬま。,15,[発売]徳間書店　∥　トクマ ショテン:6 | コアミックス　∥　コアミックス:6 | コアミックス:2 | コアミックス　∥　コア ミックス:1,[発売]徳間書店　∥　トクマ ショテン,"コアミックス　∥　コアミックス=[7, 9, 10, 11, 12, 13];コアミックス　∥　コア ミックス=[8];コアミックス=[14, 15]",no,"[7, 8, 9, 10, 11, 12, 13, 14, 15]"
mikakunin-de-shinkoukei,未確認で進行形,15,[頒布]講談社　∥　コウダンシャ:5 | 一迅社　∥　イチジンシャ:4 | [発売]講談社　∥　コウダンシャ:3,[頒布]講談社　∥　コウダンシャ,"一迅社　∥　イチジンシャ=[1, 2, 3, 5];[発売]講談社　∥　コウダンシャ=[9, 10, 11]",no,"[1, 2, 3, 5, 9, 10, 11]"
mobile-suit-moon-gundam,機動戦士ムーンガンダム,15,KADOKAWA　∥　カドカワ:13 | KADOKAWA:2,KADOKAWA　∥　カドカワ,"KADOKAWA=[14, 15]",no,"[14, 15]"
moekare-wa-orenjiiro,モエカレはオレンジ色,15,講談社　∥　コウダンシャ:13 | 講談社:1,講談社　∥　コウダンシャ,講談社=[15],no,[15]
monster-no-goshujin-sama,モンスターのご主人様,15,双葉社　∥　フタバシャ:14 | 双葉社:1,双葉社　∥　フタバシャ,双葉社=[15],no,[15]
motto-yakyuu-shiyouze,もっと野球しようぜ!,15,秋田書店　∥　アキタ ショテン:14 | 秋田書店:1,秋田書店　∥　アキタ ショテン,秋田書店=[15],no,[15]
naga-tan-to-ao-to,ながたんと青と,15,講談社　∥　コウダンシャ:12 | 講談社:3,講談社　∥　コウダンシャ,"講談社=[13, 14, 15]",no,"[13, 14, 15]"
nando-toki-o-kurikaeshitemo-honnouji-ga-moerunjaga,何度、時をくりかえしても本能寺が燃えるんじゃが!?,15,講談社　∥　コウダンシャ:14 | 講談社:1,講談社　∥　コウダンシャ,講談社=[15],no,[15]
neko-hajimemashita,ねこ、はじめました,15,小学館　∥　ショウガクカン:13 | 小学館:2,小学館　∥　ショウガクカン,"小学館=[14, 15]",no,"[14, 15]"
ochikobore-datta-ani-ga-jitsuwa-saikyou,落ちこぼれだった兄が実は最強,15,講談社　∥　コウダンシャ:10 | 講談社:4,講談社　∥　コウダンシャ,"講談社=[12, 13, 14, 15]",no,"[12, 13, 14, 15]"
odayaka-kizoku-no-kyuuka-no-susume,穏やか貴族の休暇のすすめ。@COMIC,15,TOブックス　∥　ティーオーブックス:10 | TOブックス:5,TOブックス　∥　ティーオーブックス,"TOブックス=[11, 12, 13, 14, 15]",no,"[11, 12, 13, 14, 15]"
ojoyan,お女ヤン!!,15,KADOKAWA　∥　カドカワ:11 | [発売]角川グループパブリッシング　∥　カドカワ グループ パブリッシング:2 | [発売]角川グループホールディングス　∥　カドカワグループホールディングス:1 | [発売]KADOKAWA　∥　カドカワ:1,KADOKAWA　∥　カドカワ,"[発売]角川グループパブリッシング　∥　カドカワ グループ パブリッシング=[1, 2];[発売]角川グループホールディングス　∥　カドカワグループホールディングス=[3];[発売]KADOKAWA　∥　カドカワ=[4]",no,"[1, 2, 3, 4]"
okaa-san-no-tobira,おかあさんの扉,15,オレンジページ　∥　オレンジページ:11 | オレンジページ　∥　オレンジ ページ:2 | オレンジページ:2,オレンジページ　∥　オレンジページ,"オレンジページ　∥　オレンジ ページ=[1, 13];オレンジページ=[14, 15]",no,"[1, 13, 14, 15]"
online-the-comic,オンラインThe Comic,15,小学館クリエイティブ　∥　ショウガクカンクリエイティブ:14 | 小学館クリエイティブ　∥　ショウガクカン クリエイティブ:1,小学館クリエイティブ　∥　ショウガクカンクリエイティブ,小学館クリエイティブ　∥　ショウガクカン クリエイティブ=[5],no,[5]
ore-ga-ojou-sama-gakkou-ni-shomin-sanpuru-to-shite-rachirareta-ken,俺がお嬢様学校に「庶民サンプル」として拉致られた件,15,一迅社　∥　イチジンシャ:11 | [発売]講談社　∥　コウダンシャ:4,一迅社　∥　イチジンシャ,"[発売]講談社　∥　コウダンシャ=[12, 13, 14, 15]",no,"[12, 13, 14, 15]"
otoyomegatari,乙嫁語り,15,KADOKAWA　∥　カドカワ:9 | [発売]角川グループパブリッシング　∥　カドカワ グループ パブリッシング:3 | [発売]角川グループパブリッシング　∥　カドカワグループパブリッシング:2 | KADOKAWA:1,KADOKAWA　∥　カドカワ,"[発売]角川グループパブリッシング　∥　カドカワ グループ パブリッシング=[1, 2, 3];[発売]角川グループパブリッシング　∥　カドカワグループパブリッシング=[4, 5];KADOKAWA=[15]",no,"[1, 2, 3, 4, 5, 15]"
otsu-san-boukensha-kein-no-zenkou,おっさん冒険者ケインの善行,15,スクウェア・エニックス　∥　スクウェア ・ エニックス:13 | スクウェア・エニックス:2,スクウェア・エニックス　∥　スクウェア ・ エニックス,"スクウェア・エニックス=[14, 15]",no,"[14, 15]"
owakare-hospital,お別れホスピタル,15,小学館　∥　ショウガクカン:12 | 小学館:2,小学館　∥　ショウガクカン,"小学館=[14, 15]",no,"[14, 15]"
poyopoyo-kansatsu-nikki,ポヨポヨ観察日記,15,竹書房　∥　タケ ショボウ:14 | 竹書房:1,竹書房　∥　タケ ショボウ,竹書房=[1],no,[1]
puchimasu,ぷちます!,15,KADOKAWA　∥　カドカワ:8 | [発売]角川グループパブリッシング　∥　カドカワ グループ パブリッシング:3 | [発売]角川グループパブリッシング　∥　カドカワグループパブリッシング:2 | KADOKAWA:1,KADOKAWA　∥　カドカワ,"[発売]角川グループパブリッシング　∥　カドカワ グループ パブリッシング=[1, 2, 3];[発売]角川グループパブリッシング　∥　カドカワグループパブリッシング=[4, 5];KADOKAWA=[15]",no,"[1, 2, 3, 4, 5, 15]"
reikan-doubutsu-tanteisha,霊感動物探偵社,15,青泉社　∥　セイセンシャ:9 | Bbmfマガジン　∥　Bbmf マガジン:4 | 青泉社:1,青泉社　∥　セイセンシャ,"Bbmfマガジン　∥　Bbmf マガジン=[1, 2, 3, 4];青泉社=[15]",yes,"[1, 2, 3, 4, 15]"
relife,リライフ,15,[発売]泰文堂　∥　タイブンドウ:8 | アース・スターエンターテイメント　∥　アーススターエンターテイメント:7,[発売]泰文堂　∥　タイブンドウ,"アース・スターエンターテイメント　∥　アーススターエンターテイメント=[9, 10, 11, 12, 13, 14, 15]",no,"[9, 10, 11, 12, 13, 14, 15]"
ryouma-ga-yuku,竜馬がゆく,15,文藝春秋　∥　ブンゲイシュンジュウ:9 | 文藝春秋:6,文藝春秋　∥　ブンゲイシュンジュウ,"文藝春秋=[10, 11, 12, 13, 14, 15]",no,"[10, 11, 12, 13, 14, 15]"
sawaranaide-kotesashi-kun,さわらないで小手指くん,15,講談社　∥　コウダンシャ:9 | 講談社:5,講談社　∥　コウダンシャ,"講談社=[11, 12, 13, 14, 15]",no,"[11, 12, 13, 14, 15]"
sayounara-ryuusei-konnichiwa-jinsei,さようなら竜生、こんにちは人生,15,[頒布]星雲社 (発売)　∥　セイウンシャ:6 | [発売]星雲社　∥　セイウンシャ:5 | [頒布]星雲社:2 | [頒布]星雲社　∥　セイウンシャ:1,[頒布]星雲社 (発売)　∥　セイウンシャ,"[発売]星雲社　∥　セイウンシャ=[1, 2, 3, 4, 5];[頒布]星雲社　∥　セイウンシャ=[12];[頒布]星雲社=[14, 15]",no,"[1, 2, 3, 4, 5, 12, 14, 15]"
sengoku-strays,戦國ストレイズ,15,スクウェア・エニックス　∥　スクウェア エニックス:14 | スクウェア・エニックス　∥　スクウェア ・ エニックス:1,スクウェア・エニックス　∥　スクウェア エニックス,スクウェア・エニックス　∥　スクウェア ・ エニックス=[15],no,[15]
shijou-saikyou-no-mahou-kenshi-efuranku-boukensha-ni-tensei-suru,史上最強の魔法剣士、Fランク冒険者に転生する,15,集英社　∥　シュウエイシャ:12 | 集英社:3,集英社　∥　シュウエイシャ,"集英社=[13, 14, 15]",no,"[13, 14, 15]"
shin-kureyon-shin-chan,新クレヨンしんちゃん,15,双葉社　∥　フタバシャ:14 | 双葉社:1,双葉社　∥　フタバシャ,双葉社=[15],no,[15]
shiori-experience,シオリエクスペリエンス,15,スクウェア・エニックス　∥　スクウェア ・ エニックス:13 | スクウェア・エニックス　∥　スクウェア エニックス:2,スクウェア・エニックス　∥　スクウェア ・ エニックス,"スクウェア・エニックス　∥　スクウェア エニックス=[1, 2]",no,"[1, 2]"
sousou-no-furiiren,葬送のフリーレン,15,小学館　∥　ショウガクカン:5 | 小学館:2,小学館　∥　ショウガクカン,"小学館=[14, 15]",no,"[14, 15]"
suenagaku-yoroshiku-onegai-shimasu,末永くよろしくお願いします,15,白泉社　∥　ハクセンシャ:11 | 白泉社:4,白泉社　∥　ハクセンシャ,"白泉社=[12, 13, 14, 15]",no,"[12, 13, 14, 15]"
suuji-de-asobo,数字であそぼ。,15,小学館　∥　ショウガクカン:11 | 小学館:4,小学館　∥　ショウガクカン,"小学館=[12, 13, 14, 15]",no,"[12, 13, 14, 15]"
tamon-kun-ima-docchi,多聞くん今どっち!?,15,白泉社　∥　ハクセンシャ:8 | 白泉社:7,白泉社　∥　ハクセンシャ,"白泉社=[9, 10, 11, 12, 13, 14, 15]",no,"[9, 10, 11, 12, 13, 14, 15]"
the-idolm-ster-cinderella-girls-u149,THE IDOLM@STER CINDERELLA GIRLS U149,15,Cygames　∥　Cygames:4 | Cygames　∥　サイゲームス:1,Cygames　∥　Cygames,Cygames　∥　サイゲームス=[1],yes,[1]
tokyo-ravens,東京レイヴンズ,15,KADOKAWA　∥　カドカワ:8 | [発売]角川グループパブリッシング　∥　カドカワ グループ パブリッシング:4 | [発売]角川グループパブリッシング　∥　カドカワグループパブリッシング:2 | [発売]KADOKAWA　∥　カドカワ:1,KADOKAWA　∥　カドカワ,"[発売]角川グループパブリッシング　∥　カドカワ グループ パブリッシング=[1, 2, 3, 4];[発売]角川グループパブリッシング　∥　カドカワグループパブリッシング=[5, 6];[発売]KADOKAWA　∥　カドカワ=[7]",no,"[1, 2, 3, 4, 5, 6, 7]"
tongari-boushi-no-atelier,とんがり帽子のアトリエ,15,講談社　∥　コウダンシャ:11 | 講談社:2,講談社　∥　コウダンシャ,"講談社=[14, 15]",no,"[14, 15]"
totteoki-doraemon,とっておきドラえもん,15,小学館　∥　ショウガクカン:14 | 小学館:1,小学館　∥　ショウガクカン,小学館=[15],no,[15]
tsue-to-tsurugi-no-wistoria,杖と剣のウィストリア,15,講談社　∥　コウダンシャ:10 | 講談社:4,講談社　∥　コウダンシャ,"講談社=[12, 13, 14, 15]",no,"[12, 13, 14, 15]"
tsuihousareta-sareta-tensei-juukishi-wa-game-chishiki-de-musou-suru,追放された転生重騎士はゲーム知識で無双する,15,講談社　∥　コウダンシャ:10 | 講談社:5,講談社　∥　コウダンシャ,"講談社=[11, 12, 14, 15, 17]",no,"[11, 12, 14, 15, 17]"
tsuki-ga-michibiku-isekai-douchuu,月が導く異世界道中,15,[発売]星雲社　∥　セイウンシャ:8 | [頒布]星雲社 (発売)　∥　セイウンシャ:4 | [頒布]星雲社　∥　セイウンシャ:2 | [頒布]星雲社:1,[発売]星雲社　∥　セイウンシャ,"[頒布]星雲社 (発売)　∥　セイウンシャ=[9, 10, 11, 12];[頒布]星雲社　∥　セイウンシャ=[13, 14];[頒布]星雲社=[16]",no,"[9, 10, 11, 12, 13, 14, 16]"
uchi-no-baai-wa,ウチの場合は,15,毎日新聞社　∥　マイニチ シンブンシャ:10 | 毎日新聞社　∥　マイニチシンブンシャ:1,毎日新聞社　∥　マイニチ シンブンシャ,毎日新聞社　∥　マイニチシンブンシャ=[15],yes,[15]
upotte,うぽって!!,15,KADOKAWA　∥　カドカワ:9 | [発売]角川グループパブリッシング　∥　カドカワ グループ パブリッシング:3 | [発売]角川グループパブリッシング　∥　カドカワグループパブリッシング:1 | [発売]KADOKAWA　∥　カドカワ:1 | KADOKAWA:1,KADOKAWA　∥　カドカワ,"[発売]角川グループパブリッシング　∥　カドカワ グループ パブリッシング=[1, 2, 3];[発売]角川グループパブリッシング　∥　カドカワグループパブリッシング=[4];[発売]KADOKAWA　∥　カドカワ=[5];KADOKAWA=[15]",no,"[1, 2, 3, 4, 5, 15]"
urasekai-picnic,裏世界ピクニック,15,スクウェア・エニックス　∥　スクウェア ・ エニックス:12 | スクウェア・エニックス:2,スクウェア・エニックス　∥　スクウェア ・ エニックス,"スクウェア・エニックス=[14, 15]",no,"[14, 15]"
w-juliet-2,Wジュリエット2,15,白泉社　∥　ハクセンシャ:13 | 白泉社:1,白泉社　∥　ハクセンシャ,白泉社=[16],no,[16]
wondance,ワンダンス,15,講談社　∥　コウダンシャ:12 | 講談社:2,講談社　∥　コウダンシャ,"講談社=[14, 15]",no,"[14, 15]"
yakouun-no-sarissa,夜光雲のサリッサ,15,徳間書店　∥　トクマ ショテン:12 | 徳間書店:3,徳間書店　∥　トクマ ショテン,"徳間書店=[13, 14, 15]",no,"[13, 14, 15]"
yondome-wa-iya-na-shi-zokusei-majutsushi,四度目は嫌な死属性魔術師,15,KADOKAWA　∥　カドカワ:12 | KADOKAWA:3,KADOKAWA　∥　カドカワ,"KADOKAWA=[13, 14, 15]",no,"[13, 14, 15]"
youkai-no-shiikuin-san,妖怪の飼育員さん,15,新潮社　∥　シンチョウシャ:14 | 新潮社:1,新潮社　∥　シンチョウシャ,新潮社=[15],no,[15]
yowamushi-pedal-supea-bike,弱虫ペダルSPARE BIKE,15,秋田書店　∥　アキタショテン:13 | 秋田書店:2,秋田書店　∥　アキタショテン,"秋田書店=[14, 15]",no,"[14, 15]"
yuyushiki,ゆゆ式,15,芳文社　∥　ホウブンシャ:14 | 芳文社:1,芳文社　∥　ホウブンシャ,芳文社=[15],no,[15]
aiki,愛気,14,少年画報社　∥　ショウネン ガホウシャ:11 | 少年画報社　∥　ショウネンガホウシャ:2,少年画報社　∥　ショウネン ガホウシャ,"少年画報社　∥　ショウネンガホウシャ=[1, 2]",yes,"[1, 2]"
aitsu-no-daihonmei,アイツの大本命,14,リブレ出版　∥　リブレ シュッパン:9 | リブレ　∥　リブレ:4 | リブレ:1,リブレ出版　∥　リブレ シュッパン,"リブレ　∥　リブレ=[10, 11, 12, 13];リブレ=[14]",no,"[10, 11, 12, 13, 14]"
anata-ga-shite-kurenakutemo,あなたがしてくれなくても,14,双葉社　∥　フタバシャ:13 | 双葉社:1,双葉社　∥　フタバシャ,双葉社=[14],no,[14]
ao-no-orchestra,青のオーケストラ,14,小学館　∥　ショウガクカン:11 | 小学館:3,小学館　∥　ショウガクカン,"小学館=[12, 13, 14]",no,"[12, 13, 14]"
aono-kun-ni-sawaritai-kara-shinitai,青野くんに触りたいから死にたい,14,講談社　∥　コウダンシャ:12 | 講談社:2,講談社　∥　コウダンシャ,"講談社=[13, 14]",no,"[13, 14]"
arachnid,アラクニド,14,スクウェア・エニックス　∥　スクウェア エニックス:10 | スクウェア・エニックス　∥　スクウェア ・ エニックス:4,スクウェア・エニックス　∥　スクウェア エニックス,"スクウェア・エニックス　∥　スクウェア ・ エニックス=[10, 12, 13, 14]",no,"[10, 12, 13, 14]"
azuki-no-chi,あずきの地!,14,宙出版　∥　オオゾラ シュッパン:13 | [発売]ジャイブ　∥　ジャイブ:1,宙出版　∥　オオゾラ シュッパン,[発売]ジャイブ　∥　ジャイブ=[14],no,[14]
benriya-saitou-san-isekai-ni-iku,便利屋斎藤さん、異世界に行く,14,KADOKAWA　∥　カドカワ:11 | KADOKAWA:3,KADOKAWA　∥　カドカワ,"KADOKAWA=[12, 13, 14]",no,"[12, 13, 14]"
boukyou-tarou,望郷太郎,14,講談社　∥　コウダンシャ:11 | 講談社:3,講談社　∥　コウダンシャ,"講談社=[12, 13, 14]",no,"[12, 13, 14]"
bounce-back,バウンスバック,14,講談社　∥　コウダンシャ:11 | 講談社:2,講談社　∥　コウダンシャ,"講談社=[13, 14]",no,"[13, 14]"
buriki-no-artist,錻力のアーチスト,14,秋田書店　∥　アキタショテン:13 | 秋田書店　∥　アキタ ショテン:1,秋田書店　∥　アキタショテン,秋田書店　∥　アキタ ショテン=[5],no,[5]
chaser-game,チェイサーゲーム,14,KADOKAWA Game Linkage　∥　カドカワゲームリンケージ:8 | KADOKAWA Game Linkage:3 | Gzブレイン　∥　ジーズブレイン:2,KADOKAWA Game Linkage　∥　カドカワゲームリンケージ,"Gzブレイン　∥　ジーズブレイン=[1, 2];KADOKAWA Game Linkage=[12, 13, 14]",no,"[1, 2, 12, 13, 14]"
cheat-yakushi-no-slow-life,チート薬師のスローライフ,14,竹書房　∥　タケ ショボウ:11 | 竹書房:2,竹書房　∥　タケ ショボウ,"竹書房=[13, 14]",no,"[13, 14]"
chichi-wa-eiyuu-haha-wa-seirei-musume-no-watashi-wa-tenseisha,父は英雄、母は精霊、娘の私は転生者。,14,スクウェア・エニックス　∥　スクウェア ・ エニックス:10 | スクウェア・エニックス:4,スクウェア・エニックス　∥　スクウェア ・ エニックス,"スクウェア・エニックス=[11, 12, 13, 14]",no,"[11, 12, 13, 14]"
dare-nimo-ienai-hi,誰にも言えない(秘),14,松文館:6 | 松文館　∥　ショウブンカン:1,松文館,松文館　∥　ショウブンカン=[43],yes,[43]
dead-account,デッドアカウント,14,講談社　∥　コウダンシャ:7 | 講談社:6,講談社　∥　コウダンシャ,"講談社=[9, 10, 11, 12, 13, 14]",no,"[9, 10, 11, 12, 13, 14]"
dead-mount-death-play,デッドマウント・デスプレイ,14,スクウェア・エニックス　∥　スクウェア ・ エニックス:13 | スクウェア・エニックス:1,スクウェア・エニックス　∥　スクウェア ・ エニックス,スクウェア・エニックス=[16],no,[16]
deep3,Deep3,14,小学館　∥　ショウガクカン:10 | 小学館:4,小学館　∥　ショウガクカン,"小学館=[11, 12, 13, 14]",no,"[11, 12, 13, 14]"
dragon-quest-dai-no-daibouken-yuusha-aban-to-gokuen-no-maou,ドラゴンクエスト ダイの大冒険-勇者アバンと獄炎の魔王-,14,集英社　∥　シュウエイシャ:10 | 集英社:4,集英社　∥　シュウエイシャ,"集英社=[11, 12, 13, 14]",no,"[11, 12, 13, 14]"
eijingu,エイジング,14,双葉社　∥　フタバシャ:11 | 双葉社:3,双葉社　∥　フタバシャ,"双葉社=[12, 13, 14]",no,"[12, 13, 14]"
eisei-otome-no-tatakaikata,永世乙女の戦い方,14,小学館　∥　ショウガクカン:11 | 小学館:3,小学館　∥　ショウガクカン,"小学館=[12, 13, 14]",no,"[12, 13, 14]"
eris-no-seihai,エリスの聖杯,14,スクウェア・エニックス　∥　スクウェア ・ エニックス:10 | スクウェア・エニックス:3,スクウェア・エニックス　∥　スクウェア ・ エニックス,"スクウェア・エニックス=[12, 13, 14]",no,"[12, 13, 14]"
exorcist-o-otosenai,エクソシストを堕とせない,14,集英社　∥　シュウエイシャ:8 | 集英社:6,集英社　∥　シュウエイシャ,"集英社=[9, 10, 11, 12, 13, 14]",no,"[9, 10, 11, 12, 13, 14]"
fate-zero,Fate/Zero,14,KADOKAWA　∥　カドカワ:8 | [発売]角川グループパブリッシング　∥　カドカワ グループ パブリッシング:3 | [発売]角川グループパブリッシング　∥　カドカワグループパブリッシング:2 | [発売]KADOKAWA　∥　カドカワ:1,KADOKAWA　∥　カドカワ,"[発売]角川グループパブリッシング　∥　カドカワ グループ パブリッシング=[1, 2, 3];[発売]角川グループパブリッシング　∥　カドカワグループパブリッシング=[4, 5];[発売]KADOKAWA　∥　カドカワ=[6]",no,"[1, 2, 3, 4, 5, 6]"
flying-witch,ふらいんぐうぃっち,14,講談社　∥　コウダンシャ:12 | 講談社:1,講談社　∥　コウダンシャ,講談社=[14],no,[14]
fuguushoku-kanteishi-ga-jitsu-wa-saikyou-datta,不遇職〈鑑定士〉が実は最強だった,14,講談社　∥　コウダンシャ:12 | 講談社:2,講談社　∥　コウダンシャ,"講談社=[14, 16]",no,"[14, 16]"
gaikotsu-kishi-sama-tadaima-isekai-e-odekakechuu,骸骨騎士様、只今異世界へお出掛け中,14,オーバーラップ　∥　オーバーラップ:13 | オーバーラップ:1,オーバーラップ　∥　オーバーラップ,オーバーラップ=[14],no,[14]
gekai-eriize,外科医エリーゼ,14,KADOKAWA　∥　カドカワ:12 | KADOKAWA:1,KADOKAWA　∥　カドカワ,KADOKAWA=[14],no,[14]
gekkakoku-kiiden,月華国奇医伝,14,KADOKAWA　∥　カドカワ:12 | KADOKAWA:2,KADOKAWA　∥　カドカワ,"KADOKAWA=[13, 14]",no,"[13, 14]"
genjitsu-shugi-yuusha-no-oukoku-saikenki,現実主義勇者の王国再建記,14,オーバーラップ　∥　オーバーラップ:12 | オーバーラップ:2,オーバーラップ　∥　オーバーラップ,"オーバーラップ=[13, 14]",no,"[13, 14]"
goblin-slayer-gaiden,ゴブリンスレイヤー外伝,14,スクウェア・エニックス　∥　スクウェア ・ エニックス:12 | スクウェア・エニックス:2,スクウェア・エニックス　∥　スクウェア ・ エニックス,"スクウェア・エニックス=[13, 14]",no,"[13, 14]"
gohan-tsukurisugiko-to-kanshokukei-otoko,ご飯つくりすぎ子と完食系男子,14,[発売]幻冬舎　∥　ゲントウシャ:6 | [頒布]幻冬舎　∥　ゲントウシャ:5 | [頒布]幻冬舎:2,[発売]幻冬舎　∥　ゲントウシャ,"[頒布]幻冬舎　∥　ゲントウシャ=[7, 8, 9, 10, 11];[頒布]幻冬舎=[13, 14]",no,"[7, 8, 9, 10, 11, 13, 14]"
gokusai-no-ie,極彩の家,14,新書館　∥　シンショカン:11 | 新書館:3,新書館　∥　シンショカン,"新書館=[12, 13, 14]",no,"[12, 13, 14]"
haikyuubu,ハイキュー部!!,14,集英社　∥　シュウエイシャ:12 | 集英社:1,集英社　∥　シュウエイシャ,集英社=[14],no,[14]
hakumei-to-mikochi,ハクメイとミコチ,14,KADOKAWA　∥　カドカワ:10 | KADOKAWA:3,KADOKAWA　∥　カドカワ,"KADOKAWA=[1, 13, 14]",no,"[1, 13, 14]"
hametsu-no-oukoku,はめつのおうこく,14,マッグガーデン　∥　マッグ ガーデン:11 | マッグガーデン:2,マッグガーデン　∥　マッグ ガーデン,"マッグガーデン=[12, 14]",no,"[12, 14]"
hangure,半グレ,14,秋田書店　∥　アキタショテン:9 | 秋田書店:4,秋田書店　∥　アキタショテン,"秋田書店=[11, 12, 13, 14]",no,"[11, 12, 13, 14]"
hapihapi-kuruneko,はぴはぴくるねこ,14,KADOKAWA　∥　カドカワ:12 | KADOKAWA:2,KADOKAWA　∥　カドカワ,"KADOKAWA=[13, 14]",no,"[13, 14]"
hazure-potion-ga-shouyu-datta-node-ryouri-suru-koto-ni-shimashita,ハズレポーションが醤油だったので料理することにしました,14,双葉社　∥　フタバシャ:10 | 双葉社:3,双葉社　∥　フタバシャ,"双葉社=[12, 13, 14]",no,"[12, 13, 14]"
hidan-no-aria-aa,緋弾のアリアAA,14,スクウェア・エニックス　∥　スクウェア エニックス:8 | スクウェア・エニックス　∥　スクウェア ・ エニックス:6,スクウェア・エニックス　∥　スクウェア エニックス,"スクウェア・エニックス　∥　スクウェア ・ エニックス=[9, 10, 11, 12, 13, 14]",no,"[9, 10, 11, 12, 13, 14]"
hirari-kun,ヒラリ君,14,北國新聞社　∥　ホッコク シンブンシャ:4 | 北國新聞社　∥　ホッコクシンブンシャ:3 | 富山新聞社　∥　トヤマ シンブンシャ:1,北國新聞社　∥　ホッコク シンブンシャ,"富山新聞社　∥　トヤマ シンブンシャ=[10];北國新聞社　∥　ホッコクシンブンシャ=[12, 13, 14]",yes,"[10, 12, 13, 14]"
hoshi-no-kirby-manpukupupupufantajii,星のカービィ,14,小学館　∥　ショウガクカン:3 | 小学館:2,小学館　∥　ショウガクカン,"小学館=[13, 14]",no,"[13, 14]"
i-am-behemoth-of-the-s-rank-monsterbut-i-am-mistaken-as-a-cat-and-i-live-as-a-pet-of-elf,Sランクモンスターの《ベヒーモス》だけど、猫と間違われてエルフ娘の騎士(ペット)として暮らしてます,14,白泉社　∥　ハクセンシャ:11 | 白泉社:3,白泉社　∥　ハクセンシャ,"白泉社=[12, 13, 14]",no,"[12, 13, 14]"
isekai-chanko,異世界ちゃんこ,14,竹書房　∥　タケ ショボウ:13 | 竹書房:1,竹書房　∥　タケ ショボウ,竹書房=[15],no,[15]
isekai-oji-san,異世界おじさん,14,KADOKAWA　∥　カドカワ:11 | KADOKAWA:2,KADOKAWA　∥　カドカワ,"KADOKAWA=[13, 14]",no,"[13, 14]"
isekai-shikkaku,異世界失格,14,小学館　∥　ショウガクカン:11 | 小学館:3,小学館　∥　ショウガクカン,"小学館=[12, 13, 14]",no,"[12, 13, 14]"
itsuwari-no-fureiya,偽りのフレイヤ,14,白泉社　∥　ハクセンシャ:11 | 白泉社:2,白泉社　∥　ハクセンシャ,"白泉社=[13, 14]",no,"[13, 14]"
jingai-san-no-yome,人外さんの嫁,14,[発売]講談社　∥　コウダンシャ:10 | [頒布]講談社　∥　コウダンシャ:4,[発売]講談社　∥　コウダンシャ,"[頒布]講談社　∥　コウダンシャ=[11, 12, 13, 14]",no,"[11, 12, 13, 14]"
jingi-zero,仁義零,14,秋田書店　∥　アキタショテン:13 | 秋田書店　∥　アキタ ショテン:1,秋田書店　∥　アキタショテン,秋田書店　∥　アキタ ショテン=[1],no,[1]
k-yaku,ケイ×ヤク,14,講談社　∥　コウダンシャ:11 | 講談社:3,講談社　∥　コウダンシャ,"講談社=[12, 13, 14]",no,"[12, 13, 14]"
kanojo-ga-koushakutei-ni-itta-wake,彼女が公爵邸に行った理由,14,KADOKAWA　∥　カドカワ:11 | KADOKAWA:3,KADOKAWA　∥　カドカワ,"KADOKAWA=[12, 13, 14]",no,"[12, 13, 14]"
karori-no-tsuyagoto,かろりのつやごと,14,[頒布]集英社 (発売)　∥　シュウエイシャ:7 | [発売]集英社　∥　シュウエイシャ:3 | [頒布]集英社　∥　シュウエイシャ:2 | [頒布]集英社:1,[頒布]集英社 (発売)　∥　シュウエイシャ,"[発売]集英社　∥　シュウエイシャ=[1, 2, 3];[頒布]集英社　∥　シュウエイシャ=[11, 12];[頒布]集英社=[14]",no,"[1, 2, 3, 11, 12, 14]"
kazoku-game,家族ゲーム,14,[発売]角川グループパブリッシング　∥　カドカワ グループ パブリッシング:7 | KADOKAWA　∥　カドカワ:3 | [発売]角川グループパブリッシング　∥　カドカワグループパブリッシング:1 | [発売]角川グループホールディングス　∥　カドカワグループホールディングス:1 | [発売]●KADOKAWA　∥　カドカワ:1,[発売]角川グループパブリッシング　∥　カドカワ グループ パブリッシング,"[発売]角川グループパブリッシング　∥　カドカワグループパブリッシング=[9];[発売]角川グループホールディングス　∥　カドカワグループホールディングス=[10];[発売]●KADOKAWA　∥　カドカワ=[11];KADOKAWA　∥　カドカワ=[12, 13, 14]",yes,"[9, 10, 11, 12, 13, 14]"
kichiku-eiyuu,鬼畜英雄,14,[頒布]一二三書房　∥　ヒフミショボウ:8 | 一二三書房:4 | 一二三書房　∥　ヒフミショボウ:1,[頒布]一二三書房　∥　ヒフミショボウ,"一二三書房　∥　ヒフミショボウ=[9];一二三書房=[11, 12, 13, 14]",no,"[9, 11, 12, 13, 14]"
kindaichi-shounen-no-file-returns,金田一少年の事件簿R,14,講談社　∥　コウダンシャ:13 | 講談社:1,講談社　∥　コウダンシャ,講談社=[12],no,[12]
kinkon-tosa-nikki,きんこん土佐日記,14,[発売]高知新聞企業　∥　コウチ シンブン キギョウ:5 | [発売]高知新聞総合印刷　∥　コウチ シンブン ソウゴウ インサツ:3 | [頒布]高知新聞総合印刷　∥　コウチ シンブン ソウゴウ インサツ:3 | 高知新聞社:1,[発売]高知新聞企業　∥　コウチ シンブン キギョウ,"[発売]高知新聞総合印刷　∥　コウチ シンブン ソウゴウ インサツ=[8, 9, 10];[頒布]高知新聞総合印刷　∥　コウチ シンブン ソウゴウ インサツ=[11, 12, 13];高知新聞社=[15]",yes,"[8, 9, 10, 11, 12, 13, 15]"
kizetsu-yuusha-to-ansatsu-hime,気絶勇者と暗殺姫,14,秋田書店:7 | 秋田書店　∥　アキタショテン:6,秋田書店,"秋田書店　∥　アキタショテン=[1, 2, 3, 4, 5, 6]",no,"[1, 2, 3, 4, 5, 6]"
kono-koi-chaban-ni-tsuki,この恋、茶番につき!?,14,講談社　∥　コウダンシャ:10 | 講談社:3,講談社　∥　コウダンシャ,"講談社=[12, 13, 14]",no,"[12, 13, 14]"
koori-no-jouheki,氷の城壁,14,集英社　∥　シュウエイシャ:12 | 集英社:2,集英社　∥　シュウエイシャ,"集英社=[13, 14]",no,"[13, 14]"
koroshiai,殺し愛,14,KADOKAWA　∥　カドカワ:13 | Kadokawa　∥　Kadokawa:1,KADOKAWA　∥　カドカワ,Kadokawa　∥　Kadokawa=[5],no,[5]
koukyuu-days,後宮デイズ,14,秋田書店　∥　アキタショテン:10 | 秋田書店　∥　アキタ ショテン:4,秋田書店　∥　アキタショテン,"秋田書店　∥　アキタ ショテン=[1, 2, 3, 4]",no,"[1, 2, 3, 4]"
kuroneko-to-majo-no-kyoushitsu,黒猫と魔女の教室,14,講談社　∥　コウダンシャ:8 | 講談社:5,講談社　∥　コウダンシャ,"講談社=[10, 11, 12, 13, 14]",no,"[10, 11, 12, 13, 14]"
love-bou-kun,恋愛暴君,14,[発売]ほるぷ出版　∥　ホルプシュッパン:12 | フレックスコミックス　∥　フレックスコミックス:2,[発売]ほるぷ出版　∥　ホルプシュッパン,"フレックスコミックス　∥　フレックスコミックス=[13, 14]",no,"[13, 14]"
love-phantom,ラブファントム,14,小学館　∥　ショウガクカン:12 | 小学館:1,小学館　∥　ショウガクカン,小学館=[14],no,[14]
lv2-kara-cheat-datta-moto-yuusha-kouho-no-mattari-isekai-life,Lv2からチートだった元勇者候補のまったり異世界ライフ,14,オーバーラップ　∥　オーバーラップ:11 | オーバーラップ:3,オーバーラップ　∥　オーバーラップ,"オーバーラップ=[12, 13, 14]",no,"[12, 13, 14]"
made-in-abyss,メイドインアビス,14,竹書房　∥　タケ ショボウ:12 | 竹書房:2,竹書房　∥　タケ ショボウ,"竹書房=[13, 14]",no,"[13, 14]"
mainichi-kaa-san,毎日かあさん,14,毎日新聞社　∥　マイニチシンブンシャ:5 | 毎日新聞社　∥　マイニチ シンブンシャ:3 | 毎日新聞出版　∥　マイニチシンブンシュッパン:3,毎日新聞社　∥　マイニチシンブンシャ,"毎日新聞社　∥　マイニチ シンブンシャ=[4, 5, 8];毎日新聞出版　∥　マイニチシンブンシュッパン=[12, 13, 14]",no,"[4, 5, 8, 12, 13, 14]"
makikomarete-isekai-teni-suru-yatsu-wa-taitei-cheat,巻き込まれて異世界転移する奴は、大抵チート,14,宝島社　∥　タカラジマシャ:12 | 宝島社:2,宝島社　∥　タカラジマシャ,"宝島社=[13, 14]",no,"[13, 14]"
maou-no-ore-ga-dorei-elf-o-yome-ni-shitandaga-dou-medereba-ii,魔王の俺が奴隷エルフを嫁にしたんだが、どう愛でればいい?,14,ホビージャパン　∥　ホビー ジャパン:12 | ホビージャパン:2,ホビージャパン　∥　ホビー ジャパン,"ホビージャパン=[13, 14]",no,"[13, 14]"
maria-holic,まりあ✝ほりっく,14,メディアファクトリー　∥　メディア ファクトリー:12 | KADOKAWA　∥　カドカワ:2,メディアファクトリー　∥　メディア ファクトリー,"KADOKAWA　∥　カドカワ=[13, 14]",no,"[13, 14]"
meikyuu-black-company,迷宮ブラックカンパニー,14,マッグガーデン　∥　マッグ ガーデン:11 | マッグガーデン:3,マッグガーデン　∥　マッグ ガーデン,"マッグガーデン=[12, 13, 14]",no,"[12, 13, 14]"
mieruko-chan,見える子ちゃん,14,KADOKAWA　∥　カドカワ:10 | KADOKAWA:3,KADOKAWA　∥　カドカワ,"KADOKAWA=[12, 13, 14]",no,"[12, 13, 14]"
mint-chocolate,ミントチョコレート,14,白泉社　∥　ハクセンシャ:12 | 白泉社:2,白泉社　∥　ハクセンシャ,"白泉社=[13, 14]",no,"[13, 14]"
monster-ga-afureru-sekai-ni-nattanode-suki-ni-ikitai-to-omoimasu,モンスターがあふれる世界になったので、好きに生きたいと思います,14,スクウェア・エニックス　∥　スクウェア ・ エニックス:11 | スクウェア・エニックス:3,スクウェア・エニックス　∥　スクウェア ・ エニックス,"スクウェア・エニックス=[12, 13, 14]",no,"[12, 13, 14]"
mr-clice,Mr.Clice,14,集英社　∥　シュウエイシャ:8 | 集英社:1,集英社　∥　シュウエイシャ,集英社=[14],no,[14]
munouna-nana,無能なナナ,14,スクウェア・エニックス　∥　スクウェア ・ エニックス:12 | スクウェア・エニックス:2,スクウェア・エニックス　∥　スクウェア ・ エニックス,"スクウェア・エニックス=[13, 14]",no,"[13, 14]"
namidaame-to-serenade,涙雨とセレナーデ,14,講談社　∥　コウダンシャ:12 | 講談社:2,講談社　∥　コウダンシャ,"講談社=[13, 14]",no,"[13, 14]"
nanoni-chigira-kun-ga-amasugiru,なのに、千輝くんが甘すぎる。,14,講談社　∥　コウダンシャ:10 | 講談社:3,講談社　∥　コウダンシャ,"講談社=[12, 13, 14]",no,"[12, 13, 14]"
neko-mix-maboroshi-ki-tan-toraji,猫mix幻奇譚とらじ,14,小学館　∥　ショウガクカン:13 | 小学館:1,小学館　∥　ショウガクカン,小学館=[14],no,[14]
neko-niwa-neko-no-neko-gohan,猫には猫の猫ごはん。,14,集英社　∥　シュウエイシャ:12 | 集英社:2,集英社　∥　シュウエイシャ,"集英社=[13, 14]",no,"[13, 14]"
nohara-hiroshi-hirumeshi-no-ryuugi,野原ひろし昼メシの流儀,14,双葉社　∥　フタバシャ:12 | 双葉社:2,双葉社　∥　フタバシャ,"双葉社=[13, 14]",no,"[13, 14]"
nomi-joshi,のみじょし,14,竹書房　∥　タケ ショボウ:12 | 竹書房:1,竹書房　∥　タケ ショボウ,竹書房=[14],no,[14]
nonbiri-buiaaruemuemuooki,のんびりVRMMO記,14,[発売]星雲社　∥　セイウンシャ:6 | [頒布]星雲社 (発売)　∥　セイウンシャ:4 | [頒布]星雲社:2 | [頒布]星雲社　∥　セイウンシャ:1,[発売]星雲社　∥　セイウンシャ,"[頒布]星雲社 (発売)　∥　セイウンシャ=[7, 8, 9, 10];[頒布]星雲社　∥　セイウンシャ=[11];[頒布]星雲社=[13, 14]",no,"[7, 8, 9, 10, 11, 13, 14]"
ohitsuri-sama,おひ釣りさま,14,秋田書店　∥　アキタショテン:11 | 秋田書店:3,秋田書店　∥　アキタショテン,"秋田書店=[12, 13, 14]",no,"[12, 13, 14]"
okashina-tensei,おかしな転生,14,TOブックス　∥　ティーオーブックス:11 | TOブックス:3,TOブックス　∥　ティーオーブックス,"TOブックス=[12, 13, 14]",no,"[12, 13, 14]"
oshikake-ouji-wa-2-do-oishii,おしかけ王子は2度おいしい,14,集英社　∥　シュウエイシャ:9 | 集英社:4,集英社　∥　シュウエイシャ,"集英社=[11, 12, 13, 14]",no,"[11, 12, 13, 14]"
pastel-kazoku,パステル家族,14,NHN comico　∥　エヌエイチエヌコミコ:11 | NHN comico　∥　NHN comico:3,NHN comico　∥　エヌエイチエヌコミコ,"NHN comico　∥　NHN comico=[7, 13, 14]",no,"[7, 13, 14]"
persona-5,ペルソナ5,14,小学館　∥　ショウガクカン:13 | 小学館:1,小学館　∥　ショウガクカン,小学館=[16],no,[16]
pink-to-habanero,ピンクとハバネロ,14,集英社　∥　シュウエイシャ:9 | 集英社:4,集英社　∥　シュウエイシャ,"集英社=[11, 12, 13, 14]",no,"[11, 12, 13, 14]"
purizuma-iriya-3rei,プリズマ☆イリヤ3rei!!,14,KADOKAWA　∥　カドカワ:9 | [発売]角川グループパブリッシング　∥　カドカワグループパブリッシング:1 | [発売]角川グループホールディングス　∥　カドカワグループホールディングス:1 | [発売]KADOKAWA　∥　カドカワ:1,KADOKAWA　∥　カドカワ,[発売]角川グループパブリッシング　∥　カドカワグループパブリッシング=[1];[発売]角川グループホールディングス　∥　カドカワグループホールディングス=[2];[発売]KADOKAWA　∥　カドカワ=[3],no,"[1, 2, 3]"
ramen-akaneko,ラーメン赤猫,14,集英社　∥　シュウエイシャ:8 | 集英社:5,集英社　∥　シュウエイシャ,"集英社=[10, 11, 12, 13, 14]",no,"[10, 11, 12, 13, 14]"
ramen-saiyuuki,らーめん才遊記,14,小学館　∥　ショウガクカン:11 | 小学館:3,小学館　∥　ショウガクカン,"小学館=[12, 13, 14]",no,"[12, 13, 14]"
ryoumin-0-nin-start-no-henkyou-ryoushusama,領民0人スタートの辺境領主様,14,アース・スターエンターテイメント　∥　アーススターエンターテイメント:11 | アース・スターエンターテイメント:3,アース・スターエンターテイメント　∥　アーススターエンターテイメント,"アース・スターエンターテイメント=[12, 13, 14]",no,"[12, 13, 14]"
sagishi,詐騎士,14,[発売]星雲社　∥　セイウンシャ:8 | [頒布]星雲社 (発売)　∥　セイウンシャ:4 | [頒布]星雲社　∥　セイウンシャ:1 | [頒布]星雲社:1,[発売]星雲社　∥　セイウンシャ,"[頒布]星雲社 (発売)　∥　セイウンシャ=[9, 10, 11, 12];[頒布]星雲社　∥　セイウンシャ=[14];[頒布]星雲社=[15]",no,"[9, 10, 11, 12, 14, 15]"
saihate-no-paladin,最果てのパラディン,14,オーバーラップ　∥　オーバーラップ:13 | オーバーラップ:1,オーバーラップ　∥　オーバーラップ,オーバーラップ=[14],no,[14]
shachiku-san-wa-youjo-yuurei-ni-iyasaretai,社畜さんは幼女幽霊に癒されたい。,14,スクウェア・エニックス　∥　スクウェア ・ エニックス:11 | スクウェア・エニックス:3,スクウェア・エニックス　∥　スクウェア ・ エニックス,"スクウェア・エニックス=[12, 13, 14]",no,"[12, 13, 14]"
shijuushichi-taisen,四十七大戦,14,講談社　∥　コウダンシャ:6 | アース・スターエンターテイメント　∥　アーススターエンターテイメント:5 | [発売]泰文堂　∥　タイブンドウ:3,講談社　∥　コウダンシャ,"[発売]泰文堂　∥　タイブンドウ=[1, 2, 3];アース・スターエンターテイメント　∥　アーススターエンターテイメント=[4, 5, 6, 7, 8]",no,"[1, 2, 3, 4, 5, 6, 7, 8]"
shin-mobile-senki-gundam-wing-endless-waltz-haishatachi-no-eikou,新機動戦記ガンダムW Endless Waltz敗者たちの栄光,14,KADOKAWA　∥　カドカワ:9 | [発売]角川グループパブリッシング　∥　カドカワグループパブリッシング:2 | [発売]角川グループパブリッシング　∥　カドカワ グループ パブリッシング:1 | [発売]角川グループホールディングス　∥　カドカワグループホールディングス:1,KADOKAWA　∥　カドカワ,"[発売]角川グループパブリッシング　∥　カドカワ グループ パブリッシング=[2];[発売]角川グループパブリッシング　∥　カドカワグループパブリッシング=[3, 4];[発売]角川グループホールディングス　∥　カドカワグループホールディングス=[5]",no,"[2, 3, 4, 5]"
shin-no-nakama-ja-nai-to-yuusha-no-party-o-oidasareta-node-henkyou-de-slow-life-suru-koto-ni,真の仲間じゃないと勇者のパーティーを追い出されたので、辺境でスローライフすることにしました,14,KADOKAWA　∥　カドカワ:13 | KADOKAWA:1,KADOKAWA　∥　カドカワ,KADOKAWA=[14],no,[14]
shinigami-ni-totsugu-hi,死神に嫁ぐ日,14,KADOKAWA　∥　カドカワ:12 | KADOKAWA:1,KADOKAWA　∥　カドカワ,KADOKAWA=[14],no,[14]
shinrei-tantei-yakumo,心霊探偵八雲,14,[発売]角川グループパブリッシング　∥　カドカワ グループ パブリッシング:7 | KADOKAWA　∥　カドカワ:4 | [発売]角川グループパブリッシング　∥　カドカワグループパブリッシング:2 | [発売]KADOKAWA　∥　カドカワ:1,[発売]角川グループパブリッシング　∥　カドカワ グループ パブリッシング,"[発売]角川グループパブリッシング　∥　カドカワグループパブリッシング=[8, 9];[発売]KADOKAWA　∥　カドカワ=[10];KADOKAWA　∥　カドカワ=[11, 12, 13, 14]",no,"[8, 9, 10, 11, 12, 13, 14]"
shinseiki-evangerion,新世紀エヴァンゲリオン,14,[発売]角川グループパブリッシング　∥　カドカワ グループ パブリッシング:2 | [発売]角川グループパブリッシング　∥　カドカワグループパブリッシング:1 | KADOKAWA　∥　カドカワ:1,[発売]角川グループパブリッシング　∥　カドカワ グループ パブリッシング,[発売]角川グループパブリッシング　∥　カドカワグループパブリッシング=[13];KADOKAWA　∥　カドカワ=[14],no,"[13, 14]"
shokeisareta-kenja-wa-lich-ni-tenseishite-shinryaku-sensou-o-hajimeru,処刑された賢者はリッチに転生して侵略戦争を始める,14,スクウェア・エニックス　∥　スクウェア ・ エニックス:10 | スクウェア・エニックス:4,スクウェア・エニックス　∥　スクウェア ・ エニックス,"スクウェア・エニックス=[11, 12, 13, 14]",no,"[11, 12, 13, 14]"
shoukan-sareta-kenja-wa-isekai-o-yuku,召喚された賢者は異世界を往く,14,KADOKAWA　∥　カドカワ:11 | KADOKAWA:2,KADOKAWA　∥　カドカワ,"KADOKAWA=[13, 14]",no,"[13, 14]"
skill-ga-nakereba-level-o-ageru,スキルがなければレベルを上げる,14,KADOKAWA　∥　カドカワ:10 | KADOKAWA:4,KADOKAWA　∥　カドカワ,"KADOKAWA=[11, 12, 13, 14]",no,"[11, 12, 13, 14]"
sono-bisque-doll-wa-koi-o-suru,その着せ替え人形は恋をする,14,スクウェア・エニックス　∥　スクウェア ・ エニックス:12 | スクウェア・エニックス　∥　スクウェアエニックス:1 | スクウェア・エニックス:1,スクウェア・エニックス　∥　スクウェア ・ エニックス,スクウェア・エニックス　∥　スクウェアエニックス=[13];スクウェア・エニックス=[15],no,"[13, 15]"
sousei-no-taiga,創世のタイガ,14,講談社　∥　コウダンシャ:11 | 白泉社:2 | 白泉社　∥　ハクセンシャ:1,講談社　∥　コウダンシャ,"白泉社　∥　ハクセンシャ=[12];白泉社=[13, 14]",no,"[12, 13, 14]"
souta-no-houchou-special,蒼太の包丁 special,14,実業之日本社　∥　ジツギョウ ノ ニホンシャ:13 | 実業之日本社　∥　ジツギョウノニホンシャ:1,実業之日本社　∥　ジツギョウ ノ ニホンシャ,実業之日本社　∥　ジツギョウノニホンシャ=[22],yes,[22]
tadano-kougiyou-koukou-no-nichijou,只野工業高校の日常,14,集英社　∥　シュウエイシャ:11 | 集英社:2,集英社　∥　シュウエイシャ,"集英社=[13, 14]",no,"[13, 14]"
ten-no-shinwa-chi-no-eien,天の神話地の永遠,14,秋田書店　∥　アキタショテン:7 | 秋田書店　∥　アキタ ショテン:6,秋田書店　∥　アキタショテン,"秋田書店　∥　アキタ ショテン=[2, 3, 4, 5, 6, 7]",no,"[2, 3, 4, 5, 6, 7]"
tengoku-no-susume,天国のススメ!,14,芳文社　∥　ホウブンシャ:13 | 芳文社:1,芳文社　∥　ホウブンシャ,芳文社=[14],no,[14]
tenpuru,てんぷる,14,講談社　∥　コウダンシャ:10 | 講談社:3,講談社　∥　コウダンシャ,"講談社=[13, 14, 15]",no,"[13, 14, 15]"
tensei-goblin-dakedo-shitsumon-aru,転生ゴブリンだけど質問ある?,14,集英社　∥　シュウエイシャ:10 | 集英社:3,集英社　∥　シュウエイシャ,"集英社=[12, 13, 14]",no,"[12, 13, 14]"
tensei-kizoku-no-bannou-kaitaku,転生貴族の万能開拓,14,講談社　∥　コウダンシャ:9 | 講談社:4,講談社　∥　コウダンシャ,"講談社=[11, 12, 13, 14]",no,"[11, 12, 13, 14]"
tensei-kizoku-no-isekai-boukenroku,転生貴族の異世界冒険録,14,マッグガーデン　∥　マッグ ガーデン:12 | マッグガーデン:2,マッグガーデン　∥　マッグ ガーデン,"マッグガーデン=[13, 14]",no,"[13, 14]"
tensei-shita-daiseijo-wa-seijo-de-aru-koto-o-hitakakusu,転生した大聖女は、聖女であることをひた隠す,14,アース・スターエンターテイメント　∥　アーススターエンターテイメント:9 | アース・スターエンターテイメント:4,アース・スターエンターテイメント　∥　アーススターエンターテイメント,"アース・スターエンターテイメント=[9, 12, 13, 14]",no,"[9, 12, 13, 14]"
tensei-shite-inaka-de-slow-life-o-okuritai,転生して田舎でスローライフをおくりたい,14,宝島社　∥　タカラジマシャ:12 | 宝島社:2,宝島社　∥　タカラジマシャ,"宝島社=[13, 14]",no,"[13, 14]"
toaru-kagaku-no-railgun,とある科学の超電磁砲,14,[発売]角川グループパブリッシング　∥　カドカワ グループ パブリッシング:5 | KADOKAWA　∥　カドカワ:4 | [発売]Kadokawa　∥　Kadokawa:2 | アスキー・メディアワークス　∥　アスキー メディア ワークス:1 | [発売]KADOKAWA　∥　カドカワ:1 | KADOKAWA:1,[発売]角川グループパブリッシング　∥　カドカワ グループ パブリッシング,"アスキー・メディアワークス　∥　アスキー メディア ワークス=[4];[発売]Kadokawa　∥　Kadokawa=[7, 8];[発売]KADOKAWA　∥　カドカワ=[9];KADOKAWA　∥　カドカワ=[10, 11, 12, 19];KADOKAWA=[20]",no,"[4, 7, 8, 9, 10, 11, 12, 19, 20]"
toaru-otsu-san-no-buiaaruemuemuoo-katsudouki,とあるおっさんのVRMMO活動記,14,[発売]星雲社　∥　セイウンシャ:7 | [頒布]星雲社 (発売)　∥　セイウンシャ:4 | [頒布]星雲社:2 | [頒布]星雲社　∥　セイウンシャ:1,[発売]星雲社　∥　セイウンシャ,"[頒布]星雲社 (発売)　∥　セイウンシャ=[8, 9, 10, 11];[頒布]星雲社　∥　セイウンシャ=[12];[頒布]星雲社=[13, 14]",no,"[8, 9, 10, 11, 12, 13, 14]"
tonari-ha-nani-o-kuu-hito-zo-horoyoi,トナリはなにを食う人ぞ ほろよい,14,白泉社　∥　ハクセンシャ:12 | 白泉社:2,白泉社　∥　ハクセンシャ,"白泉社=[13, 14]",no,"[13, 14]"
tsugi-wa-iiyone-senpai,次はいいよね、先輩,14,小学館　∥　ショウガクカン:11 | 小学館:3,小学館　∥　ショウガクカン,"小学館=[12, 13, 14]",no,"[12, 13, 14]"
tsukiatte-agetemo-iikana,付き合ってあげてもいいかな,14,小学館　∥　ショウガクカン:12 | 小学館:1,小学館　∥　ショウガクカン,小学館=[14],no,[14]
uchi-no-otoutodomo-ga-sumimasen,うちの弟どもがすみません,14,集英社　∥　シュウエイシャ:12 | 集英社:2,集英社　∥　シュウエイシャ,"集英社=[13, 14]",no,"[13, 14]"
uragirareta-esuranku-boukensha-no-ore-wa-aisuru-dorei-no-kanojora-to-tomo-ni-dorei-dake-no-harem,裏切られたSランク冒険者の俺は、愛する奴隷の彼女らと共に奴隷だけのハーレムギルドを作る,14,集英社　∥　シュウエイシャ:10 | 集英社:3,集英社　∥　シュウエイシャ,"集英社=[11, 12, 14]",no,"[11, 12, 14]"
uramiya-honpo-diablo,怨み屋本舗DIABLO,14,集英社　∥　シュウエイシャ:7 | 集英社:6,集英社　∥　シュウエイシャ,"集英社=[8, 9, 10, 11, 12, 14]",no,"[8, 9, 10, 11, 12, 14]"
uzaki-chan-wa-asobitai,宇崎ちゃんは遊びたい!,14,KADOKAWA　∥　カドカワ:12 | KADOKAWA:2,KADOKAWA　∥　カドカワ,"KADOKAWA=[13, 14]",no,"[13, 14]"
watashi-no-yuri-wa-oshigoto-desu,私の百合はお仕事です!,14,[発売]講談社　∥　コウダンシャ:7 | [頒布]講談社　∥　コウダンシャ:6 | [頒布]講談社:1,[発売]講談社　∥　コウダンシャ,"[頒布]講談社　∥　コウダンシャ=[8, 9, 10, 11, 12, 13];[頒布]講談社=[14]",no,"[8, 9, 10, 11, 12, 13, 14]"
wazato-miseteru-kamoi-san,わざと見せてる?加茂井さん。,14,双葉社　∥　フタバシャ:11 | 双葉社:3,双葉社　∥　フタバシャ,"双葉社=[12, 13, 14]",no,"[12, 13, 14]"
zatsutabi,ざつ旅,14,KADOKAWA　∥　カドカワ:11 | KADOKAWA:3,KADOKAWA　∥　カドカワ,"KADOKAWA=[12, 13, 14]",no,"[12, 13, 14]"
zingnize,Zingnize,14,徳間書店　∥　トクマ ショテン:11 | 徳間書店:3,徳間書店　∥　トクマ ショテン,"徳間書店=[12, 13, 14]",no,"[12, 13, 14]"
19banme-no-karte,19番目のカルテ,13,コアミックス　∥　コアミックス:9 | コアミックス:3,コアミックス　∥　コアミックス,"コアミックス=[11, 12, 13]",no,"[11, 12, 13]"
afumi-no-umi,淡海(あふみ)乃海,13,TOブックス　∥　ティーオーブックス:11 | TOブックス:2,TOブックス　∥　ティーオーブックス,"TOブックス=[12, 13]",no,"[12, 13]"
akimoto-osamu-no-naisu-na-choice-kochikame-live,秋本治のナイス!なチョイスこち亀live!!,13,集英社:11 | 集英社　∥　シュウエイシャ:2,集英社,"集英社　∥　シュウエイシャ=[1, 2]",no,"[1, 2]"
alice-to-zouroku,アリスと蔵六,13,徳間書店　∥　トクマ ショテン:10 | 徳間書店:3,徳間書店　∥　トクマ ショテン,"徳間書店=[1, 2, 13]",no,"[1, 2, 13]"
aru-hi-ohime-sama-ni-natte-shimatta-ken-ni-tsuite,ある日、お姫様になってしまった件について,13,KADOKAWA　∥　カドカワ:9 | KADOKAWA:3,KADOKAWA　∥　カドカワ,"KADOKAWA=[10, 12, 13]",no,"[10, 12, 13]"
ashiarai-yashiki-no-juunintachi,足洗邸の住人たち。,13,ワニブックス　∥　ワニ ブックス:6 | ワニブックス　∥　ワニブックス:1,ワニブックス　∥　ワニ ブックス,ワニブックス　∥　ワニブックス=[13],no,[13]
baikoku-kikan,売国機関,13,新潮社　∥　シンチョウシャ:10 | 新潮社:3,新潮社　∥　シンチョウシャ,"新潮社=[11, 12, 13]",no,"[11, 12, 13]"
barairo-no-yakusoku,薔薇色ノ約束,13,小学館　∥　ショウガクカン:12 | 小学館:1,小学館　∥　ショウガクカン,小学館=[13],no,[13]
black-channel,ブラックチャンネル,13,小学館　∥　ショウガクカン:9 | 小学館:3,小学館　∥　ショウガクカン,"小学館=[11, 12, 13]",no,"[11, 12, 13]"
boku-no-kokoro-no-yabai-yatsu,僕の心のヤバイやつ,13,秋田書店　∥　アキタショテン:8 | 秋田書店:3,秋田書店　∥　アキタショテン,"秋田書店=[11, 12, 13]",no,"[11, 12, 13]"
bonkura-onmyouji-no-oniyome,ぼんくら陰陽師の鬼嫁,13,秋田書店　∥　アキタショテン:6 | 秋田書店:4 | KADOKAWA　∥　カドカワ:3,秋田書店　∥　アキタショテン,"KADOKAWA　∥　カドカワ=[1, 2, 3];秋田書店=[10, 11, 12, 13]",no,"[1, 2, 3, 10, 11, 12, 13]"
bonnou-saiyuuki,煩悩☆西遊記,13,小学館　∥　ショウガクカン:9 | 小学館:4,小学館　∥　ショウガクカン,"小学館=[10, 11, 12, 13]",no,"[10, 11, 12, 13]"
boukensha-license-o-hakudatsusareta-otsu-san-dakedo-manamusume-ga-dekita-node-nonbiri-jinsei-o,冒険者ライセンスを剥奪されたおっさんだけど、愛娘ができたのでのんびり人生を謳歌する,13,スクウェア・エニックス　∥　スクウェア ・ エニックス:11 | スクウェア・エニックス:2,スクウェア・エニックス　∥　スクウェア ・ エニックス,"スクウェア・エニックス=[12, 13]",no,"[12, 13]"
busu-ni-hanataba-o,ブスに花束を。,13,KADOKAWA　∥　カドカワ:12 | KADOKAWA:1,KADOKAWA　∥　カドカワ,KADOKAWA=[13],no,[13]
chii-chan-no-oshinagaki-hanjouki,ちぃちゃんのおしながき繁盛記,13,竹書房　∥　タケ ショボウ:12 | 竹書房:1,竹書房　∥　タケ ショボウ,竹書房=[13],no,[13]
chimamire-sukeban-chainsaw,血まみれスケバンチェーンソー,13,KADOKAWA　∥　カドカワ:7 | [発売]角川グループパブリッシング　∥　カドカワ グループ パブリッシング:3 | [発売]角川グループパブリッシング　∥　カドカワグループパブリッシング:2 | [発売]角川グループホールディングス　∥　カドカワグループホールディングス:1,KADOKAWA　∥　カドカワ,"[発売]角川グループパブリッシング　∥　カドカワ グループ パブリッシング=[1, 2, 3];[発売]角川グループパブリッシング　∥　カドカワグループパブリッシング=[4, 5];[発売]角川グループホールディングス　∥　カドカワグループホールディングス=[6]",no,"[1, 2, 3, 4, 5, 6]"
cobra-1995,Cobra,13,Kadokawa　∥　Kadokawa:7 | KADOKAWA　∥　KADOKAWA:5,Kadokawa　∥　Kadokawa,"KADOKAWA　∥　KADOKAWA=[5, 6, 8, 9, 11]",yes,"[5, 6, 8, 9, 11]"
cut-ando-peesuto-de-kono-sekai-o-ikiteiku,カット&ペーストでこの世界を生きていく,13,集英社　∥　シュウエイシャ:12 | 集英社:1,集英社　∥　シュウエイシャ,集英社=[15],no,[15]
deadman-wonderland,デッドマン・ワンダーランド,13,[発売]角川グループパブリッシング　∥　カドカワ グループ パブリッシング:11 | [発売]角川グループホールディングス　∥　カドカワグループホールディングス:1 | [発売]KADOKAWA　∥　カドカワ:1,[発売]角川グループパブリッシング　∥　カドカワ グループ パブリッシング,[発売]角川グループホールディングス　∥　カドカワグループホールディングス=[12];[発売]KADOKAWA　∥　カドカワ=[13],no,"[12, 13]"
dekiai-royale,溺愛ロワイヤル,13,小学館　∥　ショウガクカン:11 | 小学館:2,小学館　∥　ショウガクカン,"小学館=[12, 13]",no,"[12, 13]"
deokure-tamer-no-sonohigurashi,出遅れテイマーのその日暮らし,13,KADOKAWA　∥　カドカワ:10 | KADOKAWA:3,KADOKAWA　∥　カドカワ,"KADOKAWA=[11, 12, 13]",no,"[11, 12, 13]"
dororo-to-hyakkimaru-den,どろろと百鬼丸伝,13,秋田書店　∥　アキタショテン:9 | 秋田書店:4,秋田書店　∥　アキタショテン,"秋田書店=[10, 11, 12, 13]",no,"[10, 11, 12, 13]"
dr-eggs,Dr.Eggs,13,集英社　∥　シュウエイシャ:8 | 集英社:5,集英社　∥　シュウエイシャ,"集英社=[9, 10, 11, 12, 13]",no,"[9, 10, 11, 12, 13]"
erikisa,賢者の石,13,ぶんか社　∥　ブンカシャ:5 | ぶんか社:3,ぶんか社　∥　ブンカシャ,"ぶんか社=[6, 7, 8]",no,"[6, 7, 8]"
esu-rank-party-kara-kaikosareta-sareta-jugushi,Sランクパーティから解雇された〈呪具師〉,13,講談社　∥　コウダンシャ:8 | 講談社:4,講談社　∥　コウダンシャ,"講談社=[10, 11, 12, 13]",no,"[10, 11, 12, 13]"
fushigi-no-kuni-no-bird,ふしぎの国のバード,13,KADOKAWA　∥　カドカワ:11 | KADOKAWA:2,KADOKAWA　∥　カドカワ,"KADOKAWA=[12, 13]",no,"[12, 13]"
fuufu-ijou-koibito-miman,夫婦以上、恋人未満。,13,KADOKAWA　∥　カドカワ:12 | KADOKAWA:1,KADOKAWA　∥　カドカワ,KADOKAWA=[13],no,[13]
gaku-san,ガクサン,13,講談社　∥　コウダンシャ:8 | 講談社:5,講談社　∥　コウダンシャ,"講談社=[10, 11, 12, 13, 14]",no,"[10, 11, 12, 13, 14]"
getsuyoubi-no-tawawa,月曜日のたわわ,13,講談社　∥　コウダンシャ:10 | 講談社:3,講談社　∥　コウダンシャ,"講談社=[12, 13, 14]",no,"[12, 13, 14]"
gochuumon-wa-usagi-desuka,ご注文はうさぎですか?,13,芳文社　∥　ホウブンシャ:12 | 芳文社:1,芳文社　∥　ホウブンシャ,芳文社=[13],no,[13]
haifuri,はいふり,13,KADOKAWA　∥　カドカワ:9 | KADOKAWA:2,KADOKAWA　∥　カドカワ,"KADOKAWA=[12, 13]",no,"[12, 13]"
hassai-kara-hajimaru-kamigami-no-shito-no-tensei-seikatsu,八歳から始まる神々の使徒の転生生活,13,スクウェア・エニックス　∥　スクウェア ・ エニックス:10 | スクウェア・エニックス:3,スクウェア・エニックス　∥　スクウェア ・ エニックス,"スクウェア・エニックス=[11, 12, 13]",no,"[11, 12, 13]"
hazureta-minna-no-atama-no-neji,外れたみんなの頭のネジ,13,アース・スターエンターテイメント　∥　アーススターエンターテイメント:8 | [発売]泰文堂　∥　タイブンドウ:5,アース・スターエンターテイメント　∥　アーススターエンターテイメント,"[発売]泰文堂　∥　タイブンドウ=[1, 2, 3, 4, 5]",no,"[1, 2, 3, 4, 5]"
hazurewaku-no-joutai-ijou-skill-de-saikyou-ni-natta-ore-ga-subete-o-juurin-suru-made,ハズレ枠の〈状態異常スキル〉で最強になった俺がすべてを蹂躙するまで,13,オーバーラップ　∥　オーバーラップ:10 | オーバーラップ:2,オーバーラップ　∥　オーバーラップ,"オーバーラップ=[12, 13]",no,"[12, 13]"
henkyou-gurashi-no-maou-tensei-shite-saikyou-no-majutsushi-ni-naru,辺境ぐらしの魔王、転生して最強の魔術師になる,13,KADOKAWA　∥　カドカワ:9 | KADOKAWA:3,KADOKAWA　∥　カドカワ,"KADOKAWA=[11, 12, 13]",no,"[11, 12, 13]"
hige-o-soru-soshite-joshikousei-o-hirou,ひげを剃る。そして女子高生を拾う。,13,KADOKAWA　∥　カドカワ:11 | KADOKAWA:1,KADOKAWA　∥　カドカワ,KADOKAWA=[13],no,[13]
himawari-san,ひまわりさん,13,KADOKAWA　∥　カドカワ:10 | メディアファクトリー　∥　メディア ファクトリー:3,KADOKAWA　∥　カドカワ,"メディアファクトリー　∥　メディア ファクトリー=[1, 2, 3]",no,"[1, 2, 3]"
hitoku-fuufu-kupido-no-itazura,秘匿夫婦,13,日本文芸社　∥　ニホン ブンゲイシャ:8 | 日本文芸社:5,日本文芸社　∥　ニホン ブンゲイシャ,"日本文芸社=[10, 11, 12, 13, 15]",no,"[10, 11, 12, 13, 15]"
ikusei-skill-wa-mou-iranai-to-yuusha-party-o-kaikosareta-node-taishokukin-gawari-ni-moratta-ryouchi,育成スキルはもういらないと勇者パーティを解雇されたので、退職金がわりにもらった【領地】を強くしてみる,13,スクウェア・エニックス　∥　スクウェア ・ エニックス:9 | スクウェア・エニックス:4,スクウェア・エニックス　∥　スクウェア ・ エニックス,"スクウェア・エニックス=[10, 11, 12, 13]",no,"[10, 11, 12, 13]"
isekai-izakaya-gen,異世界居酒屋「げん」,13,宝島社　∥　タカラジマシャ:11 | 宝島社:2,宝島社　∥　タカラジマシャ,"宝島社=[13, 14]",no,"[13, 14]"
isekai-kenja-no-tensei-musou,異世界賢者の転生無双,13,スクウェア・エニックス　∥　スクウェア ・ エニックス:9 | スクウェア・エニックス:4,スクウェア・エニックス　∥　スクウェア ・ エニックス,"スクウェア・エニックス=[10, 11, 12, 13]",no,"[10, 11, 12, 13]"
isekai-manchikin,異世界マンチキン,13,講談社　∥　コウダンシャ:10 | 講談社:2,講談社　∥　コウダンシャ,"講談社=[12, 13]",no,"[12, 13]"
isekai-tenishita-node-cheat-o-ikashite-mahou-kenshi-yaru-kotoni-suru,異世界転移したのでチートを生かして魔法剣士やることにする,13,スクウェア・エニックス　∥　スクウェア ・ エニックス:10 | スクウェア・エニックス:3,スクウェア・エニックス　∥　スクウェア ・ エニックス,"スクウェア・エニックス=[11, 12, 13]",no,"[11, 12, 13]"
isekai-tensei-soudouki,異世界転生騒動記,13,[発売]星雲社　∥　セイウンシャ:7 | [頒布]星雲社 (発売)　∥　セイウンシャ:4 | [頒布]星雲社　∥　セイウンシャ:1 | [頒布]星雲社:1,[発売]星雲社　∥　セイウンシャ,"[頒布]星雲社 (発売)　∥　セイウンシャ=[8, 9, 10, 11];[頒布]星雲社　∥　セイウンシャ=[12];[頒布]星雲社=[14]",no,"[8, 9, 10, 11, 12, 14]"
iwamoto-senpai-no-suisen,岩元先輩ノ推薦,13,集英社　∥　シュウエイシャ:8 | 集英社:5,集英社　∥　シュウエイシャ,"集英社=[9, 10, 11, 12, 13]",no,"[9, 10, 11, 12, 13]"
jk-kara-yarinaosu-silver-plan,JKからやり直すシルバープラン,13,キルタイムコミュニケーション　∥　キルタイムコミュニケーション:12 | キルタイムコミュニケーション:1,キルタイムコミュニケーション　∥　キルタイムコミュニケーション,キルタイムコミュニケーション=[13],no,[13]
joyuu-meshi,女優めし,13,集英社　∥　シュウエイシャ:8 | 集英社:4,集英社　∥　シュウエイシャ,"集英社=[10, 11, 12, 13]",no,"[10, 11, 12, 13]"
junkissa-neko,純喫茶ねこ,13,[発売]幻冬舎　∥　ゲントウシャ:8 | [頒布]幻冬舎 (発売)　∥　ゲントウシャ:2 | [頒布]幻冬舎　∥　ゲントウシャ:1 | [頒布]幻冬舎:1,[発売]幻冬舎　∥　ゲントウシャ,"[頒布]幻冬舎 (発売)　∥　ゲントウシャ=[9, 10];[頒布]幻冬舎　∥　ゲントウシャ=[11];[頒布]幻冬舎=[13]",no,"[9, 10, 11, 13]"
kagerou-days,カゲロウデイズ,13,KADOKAWA　∥　カドカワ:10 | KADOKAWA　∥　KADOKAWA:2 | メディアファクトリー　∥　メディア ファクトリー:1,KADOKAWA　∥　カドカワ,"メディアファクトリー　∥　メディア ファクトリー=[1];KADOKAWA　∥　KADOKAWA=[2, 3]",no,"[1, 2, 3]"
kami-sama-gakkou-no-ochikobore,神さま学校の落ちこぼれ,13,白泉社　∥　ハクセンシャ:8 | 白泉社:5,白泉社　∥　ハクセンシャ,"白泉社=[9, 10, 11, 12, 13]",no,"[9, 10, 11, 12, 13]"
kamo-no-negi-niwa-doku-ga-aru,カモのネギには毒がある,13,集英社　∥　シュウエイシャ:8 | 集英社:4,集英社　∥　シュウエイシャ,"集英社=[10, 11, 12, 13]",no,"[10, 11, 12, 13]"
kamuya-ride,カムヤライド,13,リイド社　∥　リイドシャ:10 | リイド社:3,リイド社　∥　リイドシャ,"リイド社=[11, 12, 13]",no,"[11, 12, 13]"
kanzen-kaihi-healer-no-kiseki,完全回避ヒーラーの軌跡,13,KADOKAWA　∥　カドカワ:10 | KADOKAWA:2,KADOKAWA　∥　カドカワ,"KADOKAWA=[12, 13]",no,"[12, 13]"
kawaisugi-crisis,カワイスギクライシス,13,集英社　∥　シュウエイシャ:9 | 集英社:3,集英社　∥　シュウエイシャ,"集英社=[11, 12, 13]",no,"[11, 12, 13]"
kawasemi-san-no-tsuri-gohan,カワセミさんの釣りごはん,13,双葉社　∥　フタバシャ:10 | 双葉社:3,双葉社　∥　フタバシャ,"双葉社=[11, 12, 13]",no,"[11, 12, 13]"
kingyozuma,金魚妻,13,集英社　∥　シュウエイシャ:12 | 集英社:1,集英社　∥　シュウエイシャ,集英社=[13],no,[13]
kiruao,キルアオ,13,集英社　∥　シュウエイシャ:6 | 集英社:6,集英社　∥　シュウエイシャ,"集英社=[8, 9, 10, 11, 12, 13]",no,"[8, 9, 10, 11, 12, 13]"
kisarazu-kun-no-batsubatsu-ga-mitai,木更津くんの××が見たい,13,小学館クリエイティブ　∥　ショウガクカンクリエイティブ:9 | 小学館クリエイティブ:4,小学館クリエイティブ　∥　ショウガクカンクリエイティブ,"小学館クリエイティブ=[10, 11, 12, 13]",no,"[10, 11, 12, 13]"
koisuru-moon-dog,恋するMOON DOG,13,白泉社　∥　ハクセンシャ:12 | 白泉社:1,白泉社　∥　ハクセンシャ,白泉社=[13],no,[13]
koisuru-wan-piisu,恋するワンピース,13,集英社　∥　シュウエイシャ:9 | 集英社:4,集英社　∥　シュウエイシャ,"集英社=[10, 11, 12, 13]",no,"[10, 11, 12, 13]"
komori-san-wa-kotowarenai,小森さんは断れない!,13,芳文社　∥　ホウブンシャ:12 | 芳文社:1,芳文社　∥　ホウブンシャ,芳文社=[13],no,[13]
kuma-kuma-kuma-bear,くまクマ熊ベアー,13,主婦と生活社　∥　シュフトセイカツシャ:11 | 主婦と生活社:1,主婦と生活社　∥　シュフトセイカツシャ,主婦と生活社=[13],no,[13]
kuro-ka-shiro-ka,黒か白か,13,KADOKAWA　∥　カドカワ:11 | KADOKAWA:2,KADOKAWA　∥　カドカワ,"KADOKAWA=[12, 14]",no,"[12, 14]"
kurosaki-hisho-ni-homeraretai,黒崎秘書に褒められたい,13,小学館　∥　ショウガクカン:10 | 小学館:3,小学館　∥　ショウガクカン,"小学館=[11, 12, 13]",no,"[11, 12, 13]"
live-dungeon,ライブダンジョン!,13,KADOKAWA　∥　カドカワ:12 | KADOKAWA:1,KADOKAWA　∥　カドカワ,KADOKAWA=[15],no,[15]
loveless,LOVELESS,13,一迅社　∥　イチジンシャ:6 | [発売]講談社　∥　コウダンシャ:1,一迅社　∥　イチジンシャ,[発売]講談社　∥　コウダンシャ=[13],no,[13]
machigatta-ko-o-mahou-shoujo-ni-shiteshimatta,間違った子を魔法少女にしてしまった,13,新潮社　∥　シンチョウシャ:12 | 新潮社:1,新潮社　∥　シンチョウシャ,新潮社=[13],no,[13]
maid-kara-haha-ni-narimashita,メイドから母になりました,13,[発売]星雲社　∥　セイウンシャ:6 | [頒布]星雲社 (発売)　∥　セイウンシャ:4 | [頒布]星雲社　∥　セイウンシャ:2 | [頒布]星雲社:1,[発売]星雲社　∥　セイウンシャ,"[頒布]星雲社 (発売)　∥　セイウンシャ=[7, 8, 9, 10];[頒布]星雲社　∥　セイウンシャ=[11, 12];[頒布]星雲社=[13]",no,"[7, 8, 9, 10, 11, 12, 13]"
maougun-saikyou-no-majutsushi-wa-ningen-datta,魔王軍最強の魔術師は人間だった,13,双葉社　∥　フタバシャ:11 | 双葉社:1,双葉社　∥　フタバシャ,双葉社=[13],no,[13]
masamune-kun-no-revenge,政宗くんのリベンジ,13,一迅社　∥　イチジンシャ:6 | [発売]講談社　∥　コウダンシャ:5 | 講談社　∥　コウダンシャ:1 | [頒布]講談社　∥　コウダンシャ:1,一迅社　∥　イチジンシャ,"[発売]講談社　∥　コウダンシャ=[7, 8, 9, 10, 11];講談社　∥　コウダンシャ=[12];[頒布]講談社　∥　コウダンシャ=[13]",no,"[7, 8, 9, 10, 11, 12, 13]"
medalist,メダリスト,13,講談社　∥　コウダンシャ:10 | 講談社:3,講談社　∥　コウダンシャ,"講談社=[12, 13, 14]",no,"[12, 13, 14]"
minecraft-sekai-no-hate-eno-tabi,MINECRAFT～世界の果てへの旅～,13,小学館　∥　ショウガクカン:9 | 小学館:3,小学館　∥　ショウガクカン,"小学館=[11, 12, 13]",no,"[11, 12, 13]"
moto-sekai-1-i-no-sabukyara-ikusei-nikki,元・世界1位のサブキャラ育成日記,13,KADOKAWA　∥　カドカワ:9 | KADOKAWA:3,KADOKAWA　∥　カドカワ,"KADOKAWA=[11, 12, 13]",no,"[11, 12, 13]"
moyashimon,もやしもん,13,講談社　∥　コウダンシャ:8 | 講談社:1,講談社　∥　コウダンシャ,講談社=[11],no,[11]
mujin,MUJIN～無尽～,13,少年画報社　∥　ショウネンガホウシャ:12 | 少年画報社:1,少年画報社　∥　ショウネンガホウシャ,少年画報社=[13],no,[13]
narue-no-sekai,成恵の世界,13,[発売]角川グループパブリッシング　∥　カドカワ グループ パブリッシング:3 | [発売]角川グループパブリッシング　∥　カドカワグループパブリッシング:1,[発売]角川グループパブリッシング　∥　カドカワ グループ パブリッシング,[発売]角川グループパブリッシング　∥　カドカワグループパブリッシング=[13],yes,[13]
niito-dakedo-harowa-ni-ittara-isekai-ni-tsuretekareta,ニートだけどハロワにいったら異世界につれてかれた,13,キルタイムコミュニケーション　∥　キルタイムコミュニケーション:11 | キルタイムコミュニケーション:2,キルタイムコミュニケーション　∥　キルタイムコミュニケーション,"キルタイムコミュニケーション=[14, 15]",no,"[14, 15]"
nozomanu-fushi-no-boukensha,望まぬ不死の冒険者,13,オーバーラップ　∥　オーバーラップ:12 | オーバーラップ:1,オーバーラップ　∥　オーバーラップ,オーバーラップ=[13],no,[13]
nue-no-onmyouji,鵺の陰陽師,13,集英社:8 | 集英社　∥　シュウエイシャ:5,集英社,"集英社　∥　シュウエイシャ=[1, 2, 3, 4, 5]",no,"[1, 2, 3, 4, 5]"
nui-dara-zetsurin,脱いだら絶倫!?,13,大都社　∥　ダイトシャ:5 | [発売]大都社　∥　ダイトシャ:4 | 大都社:2 | [頒布]大都社:1,大都社　∥　ダイトシャ,"[発売]大都社　∥　ダイトシャ=[1, 2, 3, 4];大都社=[11, 12];[頒布]大都社=[13]",no,"[1, 2, 3, 4, 11, 12, 13]"
oku-sama-ga-seito-kaichou,おくさまが生徒会長!,13,一迅社　∥　イチジンシャ:4 | [発売]講談社　∥　コウダンシャ:2,一迅社　∥　イチジンシャ,"[発売]講談社　∥　コウダンシャ=[12, 13]",no,"[12, 13]"
one-naito-morning,ワンナイト・モーニング,13,少年画報社　∥　ショウネンガホウシャ:10 | 少年画報社:2 | 少年画報社　∥　ショウネン ガホウシャ:1,少年画報社　∥　ショウネンガホウシャ,"少年画報社　∥　ショウネン ガホウシャ=[2];少年画報社=[13, 14]",no,"[2, 13, 14]"
oni-no-hanayome-wa-taberaretai,鬼の花嫁は喰べられたい,13,白泉社　∥　ハクセンシャ:9 | 白泉社:3,白泉社　∥　ハクセンシャ,"白泉社=[11, 12, 13]",no,"[11, 12, 13]"
ore-dake-fuguu-skill-no-isekai-shoukan-hangyakuki,俺だけ不遇スキルの異世界召喚叛逆記,13,集英社　∥　シュウエイシャ:7 | 集英社:5,集英社　∥　シュウエイシャ,"集英社=[9, 10, 11, 12, 13]",no,"[9, 10, 11, 12, 13]"
osaka-mad-family,大阪MADファミリー,13,秋田書店　∥　アキタショテン:11 | 秋田書店:2,秋田書店　∥　アキタショテン,"秋田書店=[12, 13]",no,"[12, 13]"
oshi-ga-wagaya-ni-yatte-kita,推しが我が家にやってきた!,13,フレックスコミックス　∥　フレックスコミックス:10 | フレックスコミックス:3,フレックスコミックス　∥　フレックスコミックス,"フレックスコミックス=[11, 12, 13]",no,"[11, 12, 13]"
otometsubaki-wa-warawanai,乙女椿は笑わない,13,集英社　∥　シュウエイシャ:11 | 集英社:2,集英社　∥　シュウエイシャ,"集英社=[12, 13]",no,"[12, 13]"
otsu-san-no-rimeiku-bouken-nikki,おっさんのリメイク冒険日記,13,[頒布]幻冬舎　∥　ゲントウシャ:6 | [発売]幻冬舎　∥　ゲントウシャ:4 | [頒布]幻冬舎:2,[頒布]幻冬舎　∥　ゲントウシャ,"[発売]幻冬舎　∥　ゲントウシャ=[1, 2, 3, 4];[頒布]幻冬舎=[12, 13]",no,"[1, 2, 3, 4, 12, 13]"
persona-4,ペルソナ4,13,Kadokawa　∥　Kadokawa:5 | KADOKAWA　∥　カドカワ:5 | [発売]角川グループパブリッシング　∥　カドカワ グループ パブリッシング:2,Kadokawa　∥　Kadokawa,"[発売]角川グループパブリッシング　∥　カドカワ グループ パブリッシング=[5, 7];KADOKAWA　∥　カドカワ=[8, 9, 11, 12, 13]",no,"[5, 7, 8, 9, 11, 12, 13]"
rack,RACK,13,KADOKAWA　∥　カドカワ:11 | Kadokawa　∥　Kadokawa:2,KADOKAWA　∥　カドカワ,"Kadokawa　∥　Kadokawa=[1, 2]",no,"[1, 2]"
rebuild-world,リビルドワールド,13,KADOKAWA　∥　カドカワ:11 | KADOKAWA:2,KADOKAWA　∥　カドカワ,"KADOKAWA=[14, 15]",no,"[14, 15]"
rinjin-x,隣人X,13,日本文芸社　∥　ニホン ブンゲイシャ:9 | 日本文芸社:3,日本文芸社　∥　ニホン ブンゲイシャ,"日本文芸社=[11, 12, 13]",no,"[11, 12, 13]"
rougo-ni-sonaete-isekai-de-8-manmai-no-kinka-o-tamemasu,老後に備えて異世界で8万枚の金貨を貯めます,13,講談社　∥　コウダンシャ:12 | 講談社:1,講談社　∥　コウダンシャ,講談社=[14],no,[14]
saikyou-no-kurokishi-sentou-maid-ni-tenshokushimashita,最強の黒騎士、戦闘メイドに転職しました,13,[頒布]幻冬舎　∥　ゲントウシャ:6 | [発売]幻冬舎　∥　ゲントウシャ:4 | [頒布]幻冬舎:2,[頒布]幻冬舎　∥　ゲントウシャ,"[発売]幻冬舎　∥　ゲントウシャ=[1, 2, 3, 4];[頒布]幻冬舎=[12, 13]",no,"[1, 2, 3, 4, 12, 13]"
sake-to-koi-niwa-yotte-shikarubeki,酒と恋には酔って然るべき,13,秋田書店　∥　アキタショテン:11 | 秋田書店:2,秋田書店　∥　アキタショテン,"秋田書店=[12, 13]",no,"[12, 13]"
seikoku-no-ryuukishi,星刻の竜騎士,13,KADOKAWA　∥　カドカワ:8 | メディアファクトリー　∥　メディア ファクトリー:5,KADOKAWA　∥　カドカワ,"メディアファクトリー　∥　メディア ファクトリー=[1, 2, 3, 4, 5]",no,"[1, 2, 3, 4, 5]"
seirei-gensouki,精霊幻想記,13,ホビージャパン　∥　ホビー ジャパン:11 | ホビージャパン:2,ホビージャパン　∥　ホビー ジャパン,"ホビージャパン=[12, 13]",no,"[12, 13]"
seirei,蜻蛉,13,白泉社　∥　ハクセンシャ:12 | 白泉社:1,白泉社　∥　ハクセンシャ,白泉社=[14],no,[14]
sekai-no-owari-no-encore-encore,世界の終わりの世界録(アンコール),13,KADOKAWA　∥　カドカワ:10 | KADOKAWA:2 | KADOKAWA　∥　KADOKAWA:1,KADOKAWA　∥　カドカワ,"KADOKAWA　∥　KADOKAWA=[3];KADOKAWA=[12, 13]",no,"[3, 12, 13]"
sennen-kitsune,千年狐,13,KADOKAWA　∥　カドカワ:10 | KADOKAWA:3,KADOKAWA　∥　カドカワ,"KADOKAWA=[11, 12, 13]",no,"[11, 12, 13]"
senpai-ga-uzai-kouhai-no-hanashi,先輩がうざい後輩の話,13,[発売]講談社　∥　コウダンシャ:6 | [頒布]講談社 (発売)　∥　コウダンシャ:5 | [頒布]講談社　∥　コウダンシャ:1 | [頒布]講談社:1,[発売]講談社　∥　コウダンシャ,"[頒布]講談社 (発売)　∥　コウダンシャ=[7, 8, 9, 10, 11];[頒布]講談社　∥　コウダンシャ=[12];[頒布]講談社=[13]",no,"[7, 8, 9, 10, 11, 12, 13]"
senritsu-no-majutsushi-to-goteijuu,戦慄の魔術師と五帝獣,13,宝島社　∥　タカラジマシャ:10 | 宝島社:3,宝島社　∥　タカラジマシャ,"宝島社=[11, 12, 13]",no,"[11, 12, 13]"
sense,センセ。,13,秋田書店　∥　アキタショテン:8 | 秋田書店　∥　アキタ ショテン:4 | 秋田書店:1,秋田書店　∥　アキタショテン,"秋田書店　∥　アキタ ショテン=[1, 2, 3, 4];秋田書店=[15]",no,"[1, 2, 3, 4, 15]"
sensou-kyoushitsu,戦奏教室,13,集英社　∥　シュウエイシャ:7 | 集英社:6,集英社　∥　シュウエイシャ,"集英社=[8, 9, 10, 11, 12, 13]",no,"[8, 9, 10, 11, 12, 13]"
sentimental-kiss,センチメンタルキス,13,集英社　∥　シュウエイシャ:11 | 集英社:2,集英社　∥　シュウエイシャ,"集英社=[12, 13]",no,"[12, 13]"
shijou-saikyou-orc-san-no-tanoshii-isekai-haaremuzukuri,史上最強オークさんの楽しい異世界ハーレムづくり,13,小学館　∥　ショウガクカン:12 | 小学館:1,小学館　∥　ショウガクカン,小学館=[13],no,[13]
shinagawashuku-neko-katari,品川宿猫語り,13,少年画報社　∥　ショウネン ガホウシャ:7 | 少年画報社　∥　ショウネンガホウシャ:5 | 少年画報社:1,少年画報社　∥　ショウネン ガホウシャ,"少年画報社=[2];少年画報社　∥　ショウネンガホウシャ=[9, 10, 11, 12, 13]",no,"[2, 9, 10, 11, 12, 13]"
skip-to-loafer,スキップとローファー,13,講談社　∥　コウダンシャ:10 | 講談社:3,講談社　∥　コウダンシャ,"講談社=[11, 12, 13]",no,"[11, 12, 13]"
slow-start,スロウスタート,13,芳文社　∥　ホウブンシャ:11 | 芳文社:1,芳文社　∥　ホウブンシャ,芳文社=[13],no,[13]
smoking-savage,スモーキング・サベージ,13,少年画報社　∥　ショウネンガホウシャ:10 | 少年画報社:2 | 少年画報社　∥　ショウネン ガホウシャ:1,少年画報社　∥　ショウネンガホウシャ,"少年画報社　∥　ショウネン ガホウシャ=[4];少年画報社=[12, 13]",no,"[4, 12, 13]"
sokushi-cheat-ga-saikyou-sugite-isekai-no-yatsura-ga-marude-aite-ni-naranaindesuga-alpha-omega,即死チートが最強すぎて、異世界のやつらがまるで相手にならないんですが。-ΑΩ-,13,アース・スターエンターテイメント　∥　アーススターエンターテイメント:10 | アース・スターエンターテイメント:3,アース・スターエンターテイメント　∥　アーススターエンターテイメント,"アース・スターエンターテイメント=[11, 12, 13]",no,"[11, 12, 13]"
succubus-hitman,サキュバス&ヒットマン,13,秋田書店　∥　アキタショテン:8 | 秋田書店:5,秋田書店　∥　アキタショテン,"秋田書店=[9, 10, 11, 12, 13]",no,"[9, 10, 11, 12, 13]"
suttamonda,刷ったもんだ!,13,講談社　∥　コウダンシャ:11 | 講談社:2,講談社　∥　コウダンシャ,"講談社=[12, 13]",no,"[12, 13]"
taboo-tattoo,タブー・タトゥー,13,KADOKAWA　∥　カドカワ:7 | メディアファクトリー　∥　メディア ファクトリー:6,KADOKAWA　∥　カドカワ,"メディアファクトリー　∥　メディア ファクトリー=[1, 2, 3, 4, 5, 6]",no,"[1, 2, 3, 4, 5, 6]"
takane-no-hana-wa-midarezaki,高嶺の華は乱れ咲き,13,秋田書店　∥　アキタショテン:10 | 秋田書店:3,秋田書店　∥　アキタショテン,"秋田書店=[11, 12, 13]",no,"[11, 12, 13]"
tanaka-kun-wa-itsumo-kedaruge,田中くんはいつもけだるげ,13,スクウェア・エニックス　∥　スクウェア ・ エニックス:10 | スクウェア・エニックス　∥　スクウェア エニックス:3,スクウェア・エニックス　∥　スクウェア ・ エニックス,"スクウェア・エニックス　∥　スクウェア エニックス=[1, 2, 3]",no,"[1, 2, 3]"
tengoku-daimakyou,天国大魔境,13,講談社　∥　コウダンシャ:10 | 講談社:2,講談社　∥　コウダンシャ,"講談社=[12, 13]",no,"[12, 13]"
tenjou-renka,天上恋歌,13,秋田書店　∥　アキタショテン:9 | 秋田書店:4,秋田書店　∥　アキタショテン,"秋田書店=[10, 11, 12, 13]",no,"[10, 11, 12, 13]"
tensei-kyuuketsuki-san-wa-ohirune-ga-shitai,転生吸血鬼さんはお昼寝がしたい,13,アース・スターエンターテイメント　∥　アーススターエンターテイメント:11 | [発売]泰文堂　∥　タイブンドウ:2,アース・スターエンターテイメント　∥　アーススターエンターテイメント,"[発売]泰文堂　∥　タイブンドウ=[1, 2]",no,"[1, 2]"
tensei-shitara-slime-datta-ken-ibun,転生したらスライムだった件異聞,13,講談社　∥　コウダンシャ:10 | 講談社:3,講談社　∥　コウダンシャ,"講談社=[11, 12, 13]",no,"[11, 12, 13]"
the-idolm-ster-cinderella-girls-after20,THE IDOLM@STER CINDERELLA GIRLS After20,13,Cygames　∥　サイゲームス:2 | Cygames　∥　Cygames:1,Cygames　∥　サイゲームス,Cygames　∥　Cygames=[2],yes,[2]
tonagura,となグラ!,13,ジャイブ:7 | ジャイブ　∥　ジャイブ:2,ジャイブ,"ジャイブ　∥　ジャイブ=[12, 13]",yes,"[12, 13]"
trace,トレース,13,[発売]徳間書店　∥　トクマショテン:5 | コアミックス　∥　コアミックス:4 | [発売]徳間書店　∥　トクマ ショテン:3 | コアミックス　∥　コア ミックス:1,[発売]徳間書店　∥　トクマショテン,"[発売]徳間書店　∥　トクマ ショテン=[1, 2, 3];コアミックス　∥　コア ミックス=[9];コアミックス　∥　コアミックス=[10, 11, 12, 13]",no,"[1, 2, 3, 9, 10, 11, 12, 13]"
tsuki-no-oki-ni-mesu-mama,月のお気に召すまま,13,集英社　∥　シュウエイシャ:12 | 集英社:1,集英社　∥　シュウエイシャ,集英社=[13],no,[13]
uchi-no-3-shimai,うちの3姉妹,13,主婦の友社　∥　シュフノトモシャ:9 | 竹書房　∥　タケショボウ:4,主婦の友社　∥　シュフノトモシャ,"竹書房　∥　タケショボウ=[1, 2, 3, 4]",no,"[1, 2, 3, 4]"
uragiri-wa-boku-no-namae-o-shitteiru,裏切りは僕の名前を知っている,13,[発売]角川グループパブリッシング　∥　カドカワ グループ パブリッシング:8 | [発売]角川グループパブリッシング　∥　カドカワグループパブリッシング:2 | KADOKAWA　∥　カドカワ:2,[発売]角川グループパブリッシング　∥　カドカワ グループ パブリッシング,"[発売]角川グループパブリッシング　∥　カドカワグループパブリッシング=[10, 11];KADOKAWA　∥　カドカワ=[12, 13]",no,"[10, 11, 12, 13]"
urareta-henkyou-reijou-wa-ringoku-no-outaishi-ni-dekiai-dekiaisareru,売られた辺境伯令嬢は隣国の王太子に溺愛される,13,双葉社　∥　フタバシャ:8 | 双葉社:4,双葉社　∥　フタバシャ,"双葉社=[10, 11, 12, 13]",no,"[10, 11, 12, 13]"
usagi-wa-seigi,うさぎは正義,13,フロンティアワークス　∥　フロンティア ワークス:10 | フロンティアワークス　∥　フロンティアワークス:3,フロンティアワークス　∥　フロンティア ワークス,"フロンティアワークス　∥　フロンティアワークス=[11, 12, 13]",no,"[11, 12, 13]"
watashi-no-eichi-na-rirekisho-mitekudasai,私のHな履歴書みてください,13,集英社　∥　シュウエイシャ:10 | 集英社:3,集英社　∥　シュウエイシャ,"集英社=[11, 12, 13]",no,"[11, 12, 13]"
working,WORKING!!,13,スクウェア・エニックス　∥　スクウェア エニックス:10 | スクウェア・エニックス　∥　スクウェア ・ エニックス:1,スクウェア・エニックス　∥　スクウェア エニックス,スクウェア・エニックス　∥　スクウェア ・ エニックス=[13],no,[13]
world-embryo,ワールドエンブリオ,13,少年画報社　∥　ショウネン ガホウシャ:11 | 少年画報社　∥　ショウネンガホウシャ:2,少年画報社　∥　ショウネン ガホウシャ,"少年画報社　∥　ショウネンガホウシャ=[12, 13]",no,"[12, 13]"
yatogame-chan-kansatsu-nikki,八十亀ちゃんかんさつにっき,13,[発売]講談社　∥　コウダンシャ:9 | [頒布]講談社　∥　コウダンシャ:4,[発売]講談社　∥　コウダンシャ,"[頒布]講談社　∥　コウダンシャ=[10, 11, 12, 13]",no,"[10, 11, 12, 13]"
yubisaki-to-renren,ゆびさきと恋々,13,講談社　∥　コウダンシャ:10 | 講談社:2,講談社　∥　コウダンシャ,"講談社=[12, 13]",no,"[12, 13]"
yuukyuu-no-gusha-asley-no-kenja-no-susume-to-pochi-no-daibouken,悠久の愚者アズリーの、賢者のすゝめと、ポチの大冒険,13,アース・スターエンターテイメント　∥　アーススターエンターテイメント:9 | アース・スターエンターテイメント:2 | [発売]泰文堂　∥　タイブンドウ:1,アース・スターエンターテイメント　∥　アーススターエンターテイメント,"[発売]泰文堂　∥　タイブンドウ=[1];アース・スターエンターテイメント=[12, 13]",no,"[1, 12, 13]"
zannen-onnakanbu-black-general-san,残念女幹部ブラックジェネラルさん,13,KADOKAWA　∥　カドカワ:11 | KADOKAWA:2,KADOKAWA　∥　カドカワ,"KADOKAWA=[12, 13]",no,"[12, 13]"
zettai-ni-hatarakitakunai-dungeon-master-ga-damin-o-musaboru-made,絶対に働きたくないダンジョンマスターが惰眠をむさぼるまで,13,オーバーラップ　∥　オーバーラップ:10 | オーバーラップ:2,オーバーラップ　∥　オーバーラップ,"オーバーラップ=[12, 13]",no,"[12, 13]"
akabane-honeko-no-bodyguard,赤羽骨子のボディガード,12,講談社　∥　コウダンシャ:9 | 講談社:2,講談社　∥　コウダンシャ,"講談社=[10, 12]",no,"[10, 12]"
akujiki-reijou-to-kyouketsu-koushaku,悪食令嬢と狂血公爵,12,講談社　∥　コウダンシャ:8 | 講談社:3,講談社　∥　コウダンシャ,"講談社=[9, 11, 12]",no,"[9, 11, 12]"
anata-wa-watashi-ni-otosaretai,あなたは私におとされたい,12,小学館　∥　ショウガクカン:11 | 小学館:1,小学館　∥　ショウガクカン,小学館=[12],no,[12]
angorumoa,アンゴルモア,12,KADOKAWA　∥　カドカワ:10 | KADOKAWA:2,KADOKAWA　∥　カドカワ,"KADOKAWA=[11, 12]",no,"[11, 12]"
ao-no-shima-to-neko-ippiki,青の島とねこ一匹,12,秋田書店　∥　アキタショテン:9 | 秋田書店:3,秋田書店　∥　アキタショテン,"秋田書店=[10, 11, 12]",no,"[10, 11, 12]"
arisa,ARISA,12,講談社　∥　コウダンシャ:10 | 講談社:1,講談社　∥　コウダンシャ,講談社=[5],yes,[5]
ashita-wa-docchi-da,明日はどっちだ!,12,大洋図書　∥　タイヨウ トショ:11 | 大洋図書:1,大洋図書　∥　タイヨウ トショ,大洋図書=[12],no,[12]
atsumare-doubutsu-no-mori-mujintou-diary,あつまれどうぶつの森～無人島Diary～,12,小学館　∥　ショウガクカン:9 | 小学館:3,小学館　∥　ショウガクカン,"小学館=[10, 11, 12]",no,"[10, 11, 12]"
ayakashi-oyado-ni-yomeiri-shimasu,あやかしお宿に嫁入りします。,12,KADOKAWA　∥　カドカワ:10 | KADOKAWA:1,KADOKAWA　∥　カドカワ,KADOKAWA=[12],no,[12]
baban-baban-ban-vampire,ババンババンバンバンパイア,12,秋田書店　∥　アキタショテン:6 | 秋田書店:5 | 秋田書店　∥　アキタ ショテン:1,秋田書店　∥　アキタショテン,"秋田書店　∥　アキタ ショテン=[3];秋田書店=[8, 9, 10, 11, 12]",no,"[3, 8, 9, 10, 11, 12]"
bloody-cross,ブラッディ・クロス,12,スクウェア・エニックス　∥　スクウェア エニックス:10 | スクウェア・エニックス　∥　スクウェア  エニックス:1 | スクウェア・エニックス　∥　スクウェア ・ エニックス:1,スクウェア・エニックス　∥　スクウェア エニックス,スクウェア・エニックス　∥　スクウェア  エニックス=[10];スクウェア・エニックス　∥　スクウェア ・ エニックス=[12],no,"[10, 12]"
boku-no-oku-san-wa-chotto-kowai,僕の奥さんはちょっと怖い,12,講談社　∥　コウダンシャ:10 | 講談社:2,講談社　∥　コウダンシャ,"講談社=[13, 14]",no,"[13, 14]"
boku-no-tonari-ni-ankoku-hakaishin-ga-imasu,ぼくのとなりに暗黒破壊神がいます。,12,KADOKAWA　∥　カドカワ:11 | Kadokawa　∥　Kadokawa:1,KADOKAWA　∥　カドカワ,Kadokawa　∥　Kadokawa=[1],no,[1]
boukenka-ni-narou,冒険家になろう!,12,双葉社　∥　フタバシャ:10 | 双葉社:2,双葉社　∥　フタバシャ,"双葉社=[11, 12]",no,"[11, 12]"
buta-no-fukushuu,豚の復讐,12,コアミックス　∥　コアミックス:8 | コアミックス:3,コアミックス　∥　コアミックス,"コアミックス=[10, 11, 12]",no,"[10, 11, 12]"
cake-no-kirenai-hikou-shounentachi,ケーキの切れない非行少年たち,12,新潮社　∥　シンチョウシャ:9 | 新潮社:3,新潮社　∥　シンチョウシャ,"新潮社=[10, 11, 12]",no,"[10, 11, 12]"
cardfight-vanguard,カードファイト!!ヴァンガード,12,[発売]KADOKAWA　∥　カドカワ:7 | [発売]角川グループパブリッシング　∥　カドカワ グループ パブリッシング:2 | [発売]角川グループパブリッシング　∥　カドカワグループパブリッシング:2,[発売]KADOKAWA　∥　カドカワ,"[発売]角川グループパブリッシング　∥　カドカワ グループ パブリッシング=[2, 3];[発売]角川グループパブリッシング　∥　カドカワグループパブリッシング=[4, 5]",no,"[2, 3, 4, 5]"
chi-s-sweet-home,チーズスイートホーム,12,講談社　∥　コウダンシャ:8 | 講談社:1,講談社　∥　コウダンシャ,講談社=[6],no,[6]
chiisai-onee-san,ちいさいお姉さん,12,KADOKAWA　∥　カドカワ:6 | [発売]角川グループパブリッシング　∥　カドカワ グループ パブリッシング:4 | [発売]角川グループパブリッシング　∥　カドカワグループパブリッシング:2,KADOKAWA　∥　カドカワ,"[発売]角川グループパブリッシング　∥　カドカワ グループ パブリッシング=[1, 2, 3, 4];[発売]角川グループパブリッシング　∥　カドカワグループパブリッシング=[5, 6]",yes,"[1, 2, 3, 4, 5, 6]"
cross-and-crime,クロスアンドクライム,12,秋田書店　∥　アキタ ショテン:10 | 秋田書店　∥　アキタショテン:2,秋田書店　∥　アキタ ショテン,"秋田書店　∥　アキタショテン=[11, 12]",no,"[11, 12]"
deathless,デスレス,12,少年画報社　∥　ショウネン ガホウシャ:6 | 少年画報社　∥　ショウネンガホウシャ:6,少年画報社　∥　ショウネン ガホウシャ,"少年画報社　∥　ショウネンガホウシャ=[7, 8, 9, 10, 11, 12]",no,"[7, 8, 9, 10, 11, 12]"
dekiru-neko-wa-kyou-mo-yuuutsu,デキる猫は今日も憂鬱,12,講談社　∥　コウダンシャ:9 | 講談社:2,講談社　∥　コウダンシャ,"講談社=[10, 12]",no,"[10, 12]"
dorei-shounin-shika-sentakushi-ga-naidesuyo,奴隷商人しか選択肢がないですよ?,12,[頒布]幻冬舎　∥　ゲントウシャ:6 | [発売]幻冬舎　∥　ゲントウシャ:3 | [頒布]幻冬舎:2,[頒布]幻冬舎　∥　ゲントウシャ,"[発売]幻冬舎　∥　ゲントウシャ=[1, 2, 3];[頒布]幻冬舎=[11, 12]",no,"[1, 2, 3, 11, 12]"
dragon-ball-sd,ドラゴンボールSD,12,集英社　∥　シュウエイシャ:10 | 集英社:2,集英社　∥　シュウエイシャ,"集英社=[11, 12]",no,"[11, 12]"
dramatic-irony,ドラマティック・アイロニー,12,KADOKAWA　∥　カドカワ:10 | KADOKAWA:2,KADOKAWA　∥　カドカワ,"KADOKAWA=[11, 12]",no,"[11, 12]"
edomae-elf,江戸前エルフ,12,講談社　∥　コウダンシャ:9 | 講談社:3,講談社　∥　コウダンシャ,"講談社=[10, 11, 12]",no,"[10, 11, 12]"
eeranku-boukensha-no-slow-life,Aランク冒険者のスローライフ,12,双葉社　∥　フタバシャ:10 | 双葉社:2,双葉社　∥　フタバシャ,"双葉社=[11, 12]",no,"[11, 12]"
eeranku-party-o-ridatsu-shita-ore-wa-motooshiegotachi-to-meikyuu-shinbu-o-mezasu,Aランクパーティを離脱した俺は、元教え子たちと迷宮深部を目指す。,12,講談社　∥　コウダンシャ:7 | 講談社:5,講談社　∥　コウダンシャ,"講談社=[8, 9, 10, 11, 12]",no,"[8, 9, 10, 11, 12]"
egao-no-taenai-shokuba-desu,笑顔のたえない職場です。,12,講談社　∥　コウダンシャ:10 | 講談社:2,講談社　∥　コウダンシャ,"講談社=[13, 14]",no,"[13, 14]"
emiya-san-no-kyou-no-gohan,衛宮さんちの今日のごはん,12,KADOKAWA　∥　カドカワ:8 | KADOKAWA:3,KADOKAWA　∥　カドカワ,"KADOKAWA=[10, 11, 12]",no,"[10, 11, 12]"
final-fantasy-lost-stranger,ファイナルファンタジーロスト・ストレンジャー,12,スクウェア・エニックス　∥　スクウェア ・ エニックス:10 | スクウェア・エニックス　∥　スクウェア エニックス:1 | スクウェア・エニックス:1,スクウェア・エニックス　∥　スクウェア ・ エニックス,スクウェア・エニックス　∥　スクウェア エニックス=[2];スクウェア・エニックス=[13],no,"[2, 13]"
fool-night,フールナイト,12,小学館　∥　ショウガクカン:8 | 小学館:3,小学館　∥　ショウガクカン,"小学館=[10, 11, 12]",no,"[10, 11, 12]"
franken-fran-frantic,フランケン・ふらんFrantic,12,秋田書店　∥　アキタショテン:9 | 秋田書店:3,秋田書店　∥　アキタショテン,"秋田書店=[10, 11, 12]",no,"[10, 11, 12]"
fukushuu-no-miboujin,復讐の未亡人,12,双葉社　∥　フタバシャ:11 | 双葉社:1,双葉社　∥　フタバシャ,双葉社=[12],no,[12]
furitsumore-kodoku-na-shi-yo,降り積もれ孤独な死よ,12,講談社　∥　コウダンシャ:8 | 講談社:4,講談社　∥　コウダンシャ,"講談社=[9, 10, 11, 12]",no,"[9, 10, 11, 12]"
gakuen-kishi-no-level-appu,学園騎士のレベルアップ!,12,双葉社　∥　フタバシャ:9 | 双葉社:3,双葉社　∥　フタバシャ,"双葉社=[10, 11, 12]",no,"[10, 11, 12]"
golden-guy,ゴールデン・ガイ,12,日本文芸社　∥　ニホン ブンゲイシャ:11 | 日本文芸社:1,日本文芸社　∥　ニホン ブンゲイシャ,日本文芸社=[12],no,[12]
gorin-no-megami-sama,五輪の女神さま,12,講談社　∥　コウダンシャ:7 | 講談社:5,講談社　∥　コウダンシャ,"講談社=[8, 9, 10, 11, 12]",no,"[8, 9, 10, 11, 12]"
gugure-kokkuri-san,繰繰れ!コックリさん,12,スクウェア・エニックス　∥　スクウェア エニックス:6 | スクウェア・エニックス　∥　スクウェア ・ エニックス:6,スクウェア・エニックス　∥　スクウェア エニックス,"スクウェア・エニックス　∥　スクウェア ・ エニックス=[6, 8, 9, 10, 11, 12]",no,"[6, 8, 9, 10, 11, 12]"
gun-x-clover,ガン×クローバー,12,KADOKAWA　∥　カドカワ:9 | [発売]角川グループパブリッシング　∥　カドカワグループパブリッシング:2 | [発売]KADOKAWA　∥　カドカワ:1,KADOKAWA　∥　カドカワ,"[発売]角川グループパブリッシング　∥　カドカワグループパブリッシング=[1, 2];[発売]KADOKAWA　∥　カドカワ=[3]",no,"[1, 2, 3]"
hachimitsu-ni-hatsukoi,ハチミツにはつこい,12,小学館　∥　ショウガクカン:11 | 小学館:1,小学館　∥　ショウガクカン,小学館=[6],no,[6]
haguchi-san,はぐちさん,12,祥伝社　∥　ショウデンシャ:10 | 祥伝社:2,祥伝社　∥　ショウデンシャ,"祥伝社=[11, 12]",no,"[11, 12]"
hazure-hantei-kara-hajimatta-cheat-majutsushi-seikatsu,ハズレ判定から始まったチート魔術士生活,12,双葉社　∥　フタバシャ:9 | 双葉社:3,双葉社　∥　フタバシャ,"双葉社=[10, 11, 12]",no,"[10, 11, 12]"
heiwa-no-kuni-no-shimazaki-e,平和の国の島崎へ,12,講談社　∥　コウダンシャ:6 | 講談社:5,講談社　∥　コウダンシャ,"講談社=[8, 9, 10, 11, 12]",no,"[8, 9, 10, 11, 12]"
hen-na-mono-mikke,へんなものみっけ!,12,小学館　∥　ショウガクカン:10 | 小学館:2,小学館　∥　ショウガクカン,"小学館=[11, 12]",no,"[11, 12]"
henkyou-no-kusushi-miyako-de-esu-rank-boukensha-to-naru,辺境の薬師、都でSランク冒険者となる,12,講談社:7 | 講談社　∥　コウダンシャ:4,講談社,"講談社　∥　コウダンシャ=[1, 2, 3, 4]",no,"[1, 2, 3, 4]"
henkyou-no-roukishi-bard-loen,辺境の老騎士バルド・ローエン,12,講談社　∥　コウダンシャ:11 | 講談社:1,講談社　∥　コウダンシャ,講談社=[12],no,[12]
hitomi-chan-wa-hitomishiri,瞳ちゃんは人見知り,12,秋田書店　∥　アキタショテン:10 | 秋田書店:2,秋田書店　∥　アキタショテン,"秋田書店=[11, 12]",no,"[11, 12]"
hotel-inhumans,ホテル・インヒューマンズ,12,小学館　∥　ショウガクカン:8 | 小学館:3,小学館　∥　ショウガクカン,"小学館=[10, 11, 12]",no,"[10, 11, 12]"
houga-purezen-joshikousei-houkichi-eiko-san,邦画プレゼン女子高生邦キチ!映子さん,12,[頒布]集英社 (発売)　∥　シュウエイシャ:6 | [発売]集英社　∥　シュウエイシャ:4 | [頒布]集英社　∥　シュウエイシャ:1 | [頒布]集英社:1,[頒布]集英社 (発売)　∥　シュウエイシャ,"[発売]集英社　∥　シュウエイシャ=[1, 2, 3, 4];[頒布]集英社　∥　シュウエイシャ=[11];[頒布]集英社=[13]",no,"[1, 2, 3, 4, 11, 13]"
inden-san-to-enmusubi,印伝さんと縁結び,12,宙出版　∥　オオゾラ シュッパン:7 | [頒布]ジャイブ (発売)　∥　ジャイブ:3 | [発売]ジャイブ　∥　ジャイブ:2,宙出版　∥　オオゾラ シュッパン,"[発売]ジャイブ　∥　ジャイブ=[8, 9];[頒布]ジャイブ (発売)　∥　ジャイブ=[10, 11, 12]",no,"[8, 9, 10, 11, 12]"
isekai-de-uwamae-hanete-ikite-iku,異世界で上前はねて生きていく,12,双葉社　∥　フタバシャ:9 | 双葉社:3,双葉社　∥　フタバシャ,"双葉社=[10, 11, 12]",no,"[10, 11, 12]"
isekai-kara-seijo-ga-kuru-you-nanode-jamamono-wa-kieyou-to-omoimasu,異世界から聖女が来るようなので、邪魔者は消えようと思います,12,KADOKAWA　∥　カドカワ:8 | KADOKAWA:3,KADOKAWA　∥　カドカワ,"KADOKAWA=[10, 11, 12]",no,"[10, 11, 12]"
isekai-mahou-wa-okureteru,異世界魔法は遅れてる!,12,オーバーラップ　∥　オーバーラップ:11 | オーバーラップ:1,オーバーラップ　∥　オーバーラップ,オーバーラップ=[12],no,[12]
isekai-meikyuu-de-harem-o,異世界迷宮でハーレムを,12,KADOKAWA　∥　カドカワ:10 | KADOKAWA:2,KADOKAWA　∥　カドカワ,"KADOKAWA=[11, 12]",no,"[11, 12]"
isekai-ni-tobasareta-otsu-san-wa-doko-e-iku,異世界に飛ばされたおっさんは何処へ行く?,12,[発売]星雲社　∥　セイウンシャ:5 | [頒布]星雲社 (発売)　∥　セイウンシャ:5 | [頒布]星雲社　∥　セイウンシャ:2,[発売]星雲社　∥　セイウンシャ,"[頒布]星雲社 (発売)　∥　セイウンシャ=[6, 7, 8, 9, 10];[頒布]星雲社　∥　セイウンシャ=[11, 12]",no,"[6, 7, 8, 9, 10, 11, 12]"
isekai-ryouridou,異世界料理道,12,ホビージャパン　∥　ホビー ジャパン:10 | ホビージャパン:2,ホビージャパン　∥　ホビー ジャパン,"ホビージャパン=[12, 13]",no,"[12, 13]"
jahy-sama-wa-kujikenai,ジャヒー様はくじけない!,12,スクウェア・エニックス　∥　スクウェア ・ エニックス:10 | スクウェア・エニックス:2,スクウェア・エニックス　∥　スクウェア ・ エニックス,"スクウェア・エニックス=[11, 12]",no,"[11, 12]"
jigokudou-reikai-tsuushin,地獄堂霊界通信,12,講談社　∥　コウダンシャ:10 | 講談社:2,講談社　∥　コウダンシャ,"講談社=[1, 2]",no,"[1, 2]"
kahe-tanteibu,かへたんていぶ,12,スクウェア・エニックス　∥　スクウェア エニックス:7 | スクウェア・エニックス　∥　スクウェア ・ エニックス:5,スクウェア・エニックス　∥　スクウェア エニックス,"スクウェア・エニックス　∥　スクウェア ・ エニックス=[7, 8, 9, 10, 12]",no,"[7, 8, 9, 10, 12]"
kami-no-techigai-de-shindara-cheat-gantsumi-de-isekai-ni-hourikomaremashita,神の手違いで死んだらチートガン積みで異世界に放り込まれました,12,[頒布]幻冬舎　∥　ゲントウシャ:9 | [頒布]幻冬舎:2 | [発売]幻冬舎　∥　ゲントウシャ:1,[頒布]幻冬舎　∥　ゲントウシャ,"[発売]幻冬舎　∥　ゲントウシャ=[1];[頒布]幻冬舎=[13, 14]",no,"[1, 13, 14]"
kanan-sama-wa-akumade-choroi,カナン様はあくまでチョロい,12,講談社　∥　コウダンシャ:7 | 講談社:4,講談社　∥　コウダンシャ,"講談社=[9, 10, 11, 12]",no,"[9, 10, 11, 12]"
kara-no-kyoukai,空の境界,12,[発売]講談社　∥　コウダンシャ:9 | [発売]角川グループパブリッシング　∥　カドカワ グループ パブリッシング:1 | [頒布]講談社 (発売)　∥　コウダンシャ:1 | [頒布]講談社　∥　コウダンシャ:1,[発売]講談社　∥　コウダンシャ,[発売]角川グループパブリッシング　∥　カドカワ グループ パブリッシング=[1];[頒布]講談社 (発売)　∥　コウダンシャ=[11];[頒布]講談社　∥　コウダンシャ=[12],no,"[1, 11, 12]"
kareshi-ga-iru-noni,カレシがいるのに,12,秋田書店　∥　アキタショテン:9 | 秋田書店:3,秋田書店　∥　アキタショテン,"秋田書店=[10, 11, 12]",no,"[10, 11, 12]"
kirei-ni-shite-moraemasuka,綺麗にしてもらえますか。,12,スクウェア・エニックス　∥　スクウェア ・ エニックス:10 | スクウェア・エニックス:2,スクウェア・エニックス　∥　スクウェア ・ エニックス,"スクウェア・エニックス=[11, 12]",no,"[11, 12]"
kokuminteki-idol-ga-otouto-ni-nattara,国民的アイドルが弟になったら,12,祥伝社　∥　ショウデンシャ:10 | 祥伝社:2,祥伝社　∥　ショウデンシャ,"祥伝社=[11, 12]",no,"[11, 12]"
kono-otoko-wa-jinsei-saidai-no-ayamachi-desu,この男は人生最大の過ちです,12,Jパブリッシング　∥　ジェーパブリッシング:9 | Jパブリッシング:2,Jパブリッシング　∥　ジェーパブリッシング,"Jパブリッシング=[11, 12]",no,"[11, 12]"
kono-sekai-ga-izure-horobu-koto-o-ore-dake-ga-shitte-iru,この世界がいずれ滅ぶことを、俺だけが知っている,12,講談社　∥　コウダンシャ:7 | 講談社:5,講談社　∥　コウダンシャ,"講談社=[8, 9, 11, 12, 13]",no,"[8, 9, 11, 12, 13]"
kouiu-noga-ii,こういうのがいい,12,集英社　∥　シュウエイシャ:8 | 集英社:3,集英社　∥　シュウエイシャ,"集英社=[10, 11, 12]",no,"[10, 11, 12]"
kujibiki-tokushou-musou-haaremuken,くじ引き特賞:無双ハーレム権,12,集英社　∥　シュウエイシャ:9 | 集英社:2,集英社　∥　シュウエイシャ,"集英社=[11, 12]",no,"[11, 12]"
kyou-mo-e-ni-kaita-mochi-ga-umai,今日も絵に描いた餅が美味い@COMIC,12,TOブックス　∥　ティーオーブックス:7 | TOブックス:4,TOブックス　∥　ティーオーブックス,"TOブックス=[9, 10, 11, 12]",no,"[9, 10, 11, 12]"
kyou-no-cerberus,今日のケルベロス,12,スクウェア・エニックス　∥　スクウェア ・ エニックス:10 | スクウェア・エニックス　∥　スクウェア エニックス:2,スクウェア・エニックス　∥　スクウェア ・ エニックス,"スクウェア・エニックス　∥　スクウェア エニックス=[1, 2]",no,"[1, 2]"
kyou-no-sanponta,今日のさんぽんた,12,小学館　∥　ショウガクカン:8 | 小学館:4,小学館　∥　ショウガクカン,"小学館=[9, 10, 11, 12]",no,"[9, 10, 11, 12]"
kyoui-touma,侠医冬馬,12,集英社　∥　シュウエイシャ:10 | 集英社:2,集英社　∥　シュウエイシャ,"集英社=[11, 12]",no,"[11, 12]"
kyuupii-agatsuma-ryou-desperado,QP我妻涼デスペラード,12,秋田書店　∥　アキタショテン:10 | 秋田書店:2,秋田書店　∥　アキタショテン,"秋田書店=[17, 18]",no,"[17, 18]"
lili-men,LILI-MEN,12,講談社　∥　コウダンシャ:7 | 講談社:5,講談社　∥　コウダンシャ,"講談社=[8, 9, 10, 11, 12]",no,"[8, 9, 10, 11, 12]"
local-joshi-no-tooboe,ローカル女子の遠吠え,12,芳文社　∥　ホウブンシャ:10 | 芳文社:1,芳文社　∥　ホウブンシャ,芳文社=[12],no,[12]
m,M,12,秋田書店　∥　アキタ ショテン:10 | 秋田書店　∥　アキタショテン:2,秋田書店　∥　アキタ ショテン,"秋田書店　∥　アキタショテン=[11, 12]",no,"[11, 12]"
mabataki-yori-hayaku,瞬きより迅く!!,12,集英社　∥　シュウエイシャ:10 | 集英社:2,集英社　∥　シュウエイシャ,"集英社=[11, 12]",no,"[11, 12]"
mahou-shoujo-ni-akogarete,魔法少女にあこがれて,12,竹書房　∥　タケ ショボウ:11 | 竹書房:1,竹書房　∥　タケ ショボウ,竹書房=[12],no,[12]
majutsu-guild-sousui,魔術ギルド総帥,12,講談社:7 | 講談社　∥　コウダンシャ:4,講談社,"講談社　∥　コウダンシャ=[1, 2, 3, 4]",no,"[1, 2, 3, 4]"
maou-heika-no-osoujigakari,魔王陛下のお掃除係,12,秋田書店　∥　アキタショテン:10 | 秋田書店:2,秋田書店　∥　アキタショテン,"秋田書店=[11, 12]",no,"[11, 12]"
maou-sama-no-machizukuri,魔王様の街づくり!,12,オーバーラップ　∥　オーバーラップ:11 | オーバーラップ:1,オーバーラップ　∥　オーバーラップ,オーバーラップ=[12],no,[12]
maseki-gourmet,魔石グルメ,12,KADOKAWA　∥　カドカワ:9 | KADOKAWA:2,KADOKAWA　∥　カドカワ,"KADOKAWA=[11, 12]",no,"[11, 12]"
matori-to-kyouken,マトリと狂犬,12,秋田書店　∥　アキタショテン:8 | 秋田書店:4,秋田書店　∥　アキタショテン,"秋田書店=[9, 10, 11, 12]",no,"[9, 10, 11, 12]"
matsurika-kanriden,茉莉花官吏伝,12,秋田書店　∥　アキタショテン:9 | 秋田書店:3,秋田書店　∥　アキタショテン,"秋田書店=[10, 11, 12]",no,"[10, 11, 12]"
mayonaka-heart-tune,真夜中ハートチューン,12,講談社:7 | 講談社　∥　コウダンシャ:4,講談社,"講談社　∥　コウダンシャ=[1, 2, 3, 4]",no,"[1, 2, 3, 4]"
medamayaki-no-kimi-itsu-tsubusu,目玉焼きの黄身いつつぶす?,12,KADOKAWA　∥　カドカワ:11 | [発売]角川グループホールディングス　∥　カドカワグループホールディングス:1,KADOKAWA　∥　カドカワ,[発売]角川グループホールディングス　∥　カドカワグループホールディングス=[1],no,[1]
mobile-suit-crossbone-gundam-ghost,機動戦士クロスボーン・ガンダムゴースト,12,KADOKAWA　∥　カドカワ:8 | [発売]角川グループパブリッシング　∥　カドカワグループパブリッシング:3 | [発売]角川グループホールディングス　∥　カドカワグループホールディングス:1,KADOKAWA　∥　カドカワ,"[発売]角川グループパブリッシング　∥　カドカワグループパブリッシング=[1, 2, 3];[発売]角川グループホールディングス　∥　カドカワグループホールディングス=[4]",no,"[1, 2, 3, 4]"
mobile-suit-zeta-gundam-difain,機動戦士ZガンダムDefine,12,KADOKAWA　∥　カドカワ:6 | [発売]角川グループパブリッシング　∥　カドカワグループパブリッシング:3 | [発売]角川グループパブリッシング　∥　カドカワ グループ パブリッシング:2 | [発売]KADOKAWA　∥　カドカワ:1,KADOKAWA　∥　カドカワ,"[発売]角川グループパブリッシング　∥　カドカワ グループ パブリッシング=[1, 2];[発売]角川グループパブリッシング　∥　カドカワグループパブリッシング=[3, 4, 5];[発売]KADOKAWA　∥　カドカワ=[6]",no,"[1, 2, 3, 4, 5, 6]"
mokuyoubi-no-furutto,木曜日のフルット,12,秋田書店　∥　アキタショテン:7 | 秋田書店　∥　アキタ ショテン:3 | 秋田書店:1,秋田書店　∥　アキタショテン,"秋田書店　∥　アキタ ショテン=[1, 2, 3];秋田書店=[12]",no,"[1, 2, 3, 12]"
monogatari-no-naka-no-hito,物語の中の人,12,[発売]星雲社　∥　セイウンシャ:6 | [頒布]星雲社 (発売)　∥　セイウンシャ:4 | [頒布]星雲社　∥　セイウンシャ:1 | [頒布]星雲社:1,[発売]星雲社　∥　セイウンシャ,"[頒布]星雲社 (発売)　∥　セイウンシャ=[7, 8, 9, 10];[頒布]星雲社　∥　セイウンシャ=[11];[頒布]星雲社=[13]",no,"[7, 8, 9, 10, 11, 13]"
myoo-chan-sensei-wa-kaku-katariki,みょーちゃん先生はかく語りき,12,講談社:6 | 講談社　∥　コウダンシャ:5,講談社,"講談社　∥　コウダンシャ=[1, 2, 3, 4, 5]",no,"[1, 2, 3, 4, 5]"
nagi-no-oitoma,凪のお暇,12,秋田書店　∥　アキタショテン:11 | 秋田書店:1,秋田書店　∥　アキタショテン,秋田書店=[12],no,[12]
nami-yo-kiite-kure,波よ聞いてくれ,12,講談社　∥　コウダンシャ:11 | 講談社:1,講談社　∥　コウダンシャ,講談社=[12],no,[12]
nande-koko-ni-sensei-ga,なんでここに先生が!?,12,講談社　∥　コウダンシャ:4 | 講談社:1,講談社　∥　コウダンシャ,講談社=[12],no,[12]
nankou-furaku-no-maoujou-e-youkoso,難攻不落の魔王城へようこそ,12,スクウェア・エニックス　∥　スクウェア ・ エニックス:9 | スクウェア・エニックス:3,スクウェア・エニックス　∥　スクウェア ・ エニックス,"スクウェア・エニックス=[10, 11, 12]",no,"[10, 11, 12]"
naze-boku-no-sekai-o-daremo-oboete-inai-noka,なぜ僕の世界を誰も覚えていないのか?,12,KADOKAWA　∥　カドカワ:11 | KADOKAWA:1,KADOKAWA　∥　カドカワ,KADOKAWA=[14],no,[14]
nee-piyo-chan,ねぇ、ぴよちゃん,12,竹書房　∥　タケショボウ:10 | 竹書房:2,竹書房　∥　タケショボウ,"竹書房=[12, 13]",no,"[12, 13]"
neko-to-jii-chan,ねことじいちゃん,12,KADOKAWA　∥　カドカワ:9 | KADOKAWA:3,KADOKAWA　∥　カドカワ,"KADOKAWA=[10, 11, 12]",no,"[10, 11, 12]"
neko-to-ryuu,猫と竜,12,宝島社　∥　タカラジマシャ:10 | 宝島社:2,宝島社　∥　タカラジマシャ,"宝島社=[11, 12]",no,"[11, 12]"
nekooku,猫奥,12,講談社　∥　コウダンシャ:9 | 講談社:3,講談社　∥　コウダンシャ,"講談社=[10, 11, 12]",no,"[10, 11, 12]"
nippon-e-youkoso-elf-san,日本へようこそエルフさん。,12,ホビージャパン　∥　ホビー ジャパン:10 | ホビージャパン:2,ホビージャパン　∥　ホビー ジャパン,"ホビージャパン=[11, 12]",no,"[11, 12]"
oi-oba-san,オイ!!オバさん,12,秋田書店　∥　アキタ ショテン:7 | 秋田書店　∥　アキタショテン:5,秋田書店　∥　アキタ ショテン,"秋田書店　∥　アキタショテン=[7, 8, 9, 11, 12]",no,"[7, 8, 9, 11, 12]"
omamori-himari,おまもりひまり,12,[発売]角川グループパブリッシング　∥　カドカワ グループ パブリッシング:9 | [発売]角川グループパブリッシング　∥　カドカワグループパブリッシング:2 | KADOKAWA　∥　カドカワ:1,[発売]角川グループパブリッシング　∥　カドカワ グループ パブリッシング,"[発売]角川グループパブリッシング　∥　カドカワグループパブリッシング=[10, 11];KADOKAWA　∥　カドカワ=[12]",no,"[10, 11, 12]"
oshi-ga-budoukan-ittekuretara-shinu,推しが武道館いってくれたら死ぬ,12,徳間書店　∥　トクマ ショテン:8 | 徳間書店　∥　トクマショテン:2 | 徳間書店:2,徳間書店　∥　トクマ ショテン,"徳間書店　∥　トクマショテン=[9, 10];徳間書店=[11, 12]",no,"[9, 10, 11, 12]"
otome-game-no-hametsu-flag-shika-nai-akuyaku-reijou-ni-tensei-shite-shimatta,乙女ゲームの破滅フラグしかない悪役令嬢に転生してしまった…,12,[発売]講談社　∥　コウダンシャ:5 | [頒布]講談社　∥　コウダンシャ:5 | [頒布]講談社:2,[発売]講談社　∥　コウダンシャ,"[頒布]講談社　∥　コウダンシャ=[6, 7, 8, 9, 10];[頒布]講談社=[11, 12]",no,"[6, 7, 8, 9, 10, 11, 12]"
paripari-densetsu,パリパリ伝説,12,祥伝社　∥　ショウデンシャ:9 | 祥伝社:1,祥伝社　∥　ショウデンシャ,祥伝社=[12],no,[12]
psycho-pasuto,サイコ×パスト,12,秋田書店　∥　アキタショテン:7 | 秋田書店:4,秋田書店　∥　アキタショテン,"秋田書店=[9, 10, 11, 12]",no,"[9, 10, 11, 12]"
ratman,RATMAN,12,[発売]角川グループパブリッシング　∥　カドカワ グループ パブリッシング:9 | [発売]角川グループパブリッシング　∥　カドカワグループパブリッシング:2 | [発売]KADOKAWA　∥　カドカワ:1,[発売]角川グループパブリッシング　∥　カドカワ グループ パブリッシング,"[発売]角川グループパブリッシング　∥　カドカワグループパブリッシング=[10, 11];[発売]KADOKAWA　∥　カドカワ=[12]",no,"[10, 11, 12]"
re-monster,Re:Monster,12,[発売]星雲社　∥　セイウンシャ:7 | [頒布]星雲社 (発売)　∥　セイウンシャ:3 | [頒布]星雲社　∥　セイウンシャ:1 | [頒布]星雲社:1,[発売]星雲社　∥　セイウンシャ,"[頒布]星雲社 (発売)　∥　セイウンシャ=[8, 9, 10];[頒布]星雲社　∥　セイウンシャ=[11];[頒布]星雲社=[13]",no,"[8, 9, 10, 11, 13]"
realist-maou-ni-yoru-seiiki-naki-isekai-kaikaku,リアリスト魔王による聖域なき異世界改革,12,KADOKAWA　∥　カドカワ:9 | KADOKAWA:3,KADOKAWA　∥　カドカワ,"KADOKAWA=[10, 11, 12]",no,"[10, 11, 12]"
red-list-keishichoukumitaisankapo,レッドリスト,12,日本文芸社　∥　ニホン ブンゲイシャ:10 | 日本文芸社:2,日本文芸社　∥　ニホン ブンゲイシャ,"日本文芸社=[11, 12]",no,"[11, 12]"
ri-zero-kara-hajimeru-isekai-seikatsu,Re:ゼロから始める異世界生活,12,KADOKAWA　∥　カドカワ:11 | KADOKAWA:1,KADOKAWA　∥　カドカワ,KADOKAWA=[12],no,[12]
road-erumeroi-2-sei-no-file,ロード・エルメロイ2世の事件簿,12,KADOKAWA　∥　カドカワ:11 | KADOKAWA:1,KADOKAWA　∥　カドカワ,KADOKAWA=[13],no,[13]
roukyuubu,ロウきゅーぶ!,12,KADOKAWA　∥　カドカワ:6 | [発売]角川グループパブリッシング　∥　カドカワ グループ パブリッシング:3 | [発売]角川グループホールディングス　∥　カドカワ グループホールディングス:2 | [発売]KADOKAWA　∥　カドカワ:1,KADOKAWA　∥　カドカワ,"[発売]角川グループパブリッシング　∥　カドカワ グループ パブリッシング=[1, 2, 5];[発売]角川グループホールディングス　∥　カドカワ グループホールディングス=[3, 4];[発売]KADOKAWA　∥　カドカワ=[6]",no,"[1, 2, 3, 4, 5, 6]"
sai,菜,12,講談社　∥　コウダンシャ:2 | 玄光社:2,講談社　∥　コウダンシャ,"玄光社=[4, 6]",yes,"[4, 6]"
saikyou-no-kanteishi-tte-dare-no-koto-manpukugohandeisekaiseikatsu,最強の鑑定士って誰のこと?,12,KADOKAWA　∥　カドカワ:9 | KADOKAWA:3,KADOKAWA　∥　カドカワ,"KADOKAWA=[10, 11, 12]",no,"[10, 11, 12]"
saikyou-tanku-no-meikyuu-kouryaku,最強タンクの迷宮攻略,12,スクウェア・エニックス　∥　スクウェア ・ エニックス:11 | スクウェア・エニックス:1,スクウェア・エニックス　∥　スクウェア ・ エニックス,スクウェア・エニックス=[14],no,[14]
salaryman-ga-isekai-ni-ittara-shitennou-ni-natta-hanashi,サラリーマンが異世界に行ったら四天王になった話,12,オーバーラップ　∥　オーバーラップ:9 | オーバーラップ:2,オーバーラップ　∥　オーバーラップ,"オーバーラップ=[11, 12]",no,"[11, 12]"
sasayaku-youni-koi-o-utau,ささやくように恋を唄う,12,[頒布]講談社　∥　コウダンシャ:7 | [発売]講談社　∥　コウダンシャ:3 | [頒布]講談社:2,[頒布]講談社　∥　コウダンシャ,"[発売]講談社　∥　コウダンシャ=[1, 2, 3];[頒布]講談社=[11, 12]",no,"[1, 2, 3, 11, 12]"
schluss-no-majo,シュルスの魔女,12,日本文芸社　∥　ニホン ブンゲイシャ:10 | 日本文芸社:2,日本文芸社　∥　ニホン ブンゲイシャ,"日本文芸社=[11, 12]",no,"[11, 12]"
seifuku-play,制服プレイ,12,[発売]大都社　∥　ダイトシャ:11 | 大都社　∥　ダイトシャ:1,[発売]大都社　∥　ダイトシャ,大都社　∥　ダイトシャ=[12],no,[12]
seijo-no-hazuga-douyara-nottoraremashita,聖女のはずが、どうやら乗っ取られました,12,スクウェア・エニックス　∥　スクウェア ・ エニックス:8 | スクウェア・エニックス:4,スクウェア・エニックス　∥　スクウェア ・ エニックス,"スクウェア・エニックス=[9, 10, 11, 12]",no,"[9, 10, 11, 12]"
seitokai-nimo-ana-wa-aru,生徒会にも穴はある!,12,講談社　∥　コウダンシャ:7 | 講談社:4,講談社　∥　コウダンシャ,"講談社=[9, 10, 11, 12]",no,"[9, 10, 11, 12]"
shibito-no-koe-o-kiku-ga-yoi,死人の声をきくがよい,12,秋田書店　∥　アキタショテン:10 | 秋田書店　∥　アキタ ショテン:2,秋田書店　∥　アキタショテン,"秋田書店　∥　アキタ ショテン=[1, 2]",no,"[1, 2]"
shiitagerare-reijou-to-kegare-koushaku,虐げられ令嬢とケガレ公爵,12,BookLive　∥　ブックライヴ:7 | BookLive:4,BookLive　∥　ブックライヴ,"BookLive=[9, 10, 11, 12]",no,"[9, 10, 11, 12]"
shin-no-seijo-de-aru-watashi-wa-tsuihousareta-saremashita-dakara-kono-kuni-wa-mou-owari-desu,真の聖女である私は追放されました。だからこの国はもう終わりです,12,講談社　∥　コウダンシャ:8 | 講談社:3,講談社　∥　コウダンシャ,"講談社=[9, 11, 12]",no,"[9, 11, 12]"
shin-petshop-of-horrors,新Petshop of Horrors,12,朝日新聞出版　∥　アサヒ シンブン シュッパン:4 | 朝日新聞出版　∥　アサヒシンブンシュッパン:2 | 朝日ソノラマ　∥　アサヒ ソノラマ:1 | 朝日新聞社　∥　アサヒ シンブンシャ:1 | [発売]朝日新聞出版　∥　アサヒ シンブン シュッパン:1,朝日新聞出版　∥　アサヒ シンブン シュッパン,"朝日ソノラマ　∥　アサヒ ソノラマ=[4];朝日新聞社　∥　アサヒ シンブンシャ=[5];[発売]朝日新聞出版　∥　アサヒ シンブン シュッパン=[6];朝日新聞出版　∥　アサヒシンブンシュッパン=[11, 12]",no,"[4, 5, 6, 11, 12]"
shinimodori-no-sachiusu-reijou-konsei-de-wa-saikyou-rasubosu-onii-sama-ni-dekiai-dekiaisaretemasu,死に戻りの幸薄令嬢、今世では最恐ラスボスお義兄様に溺愛されてます,12,講談社　∥　コウダンシャ:8 | 講談社:4,講談社　∥　コウダンシャ,"講談社=[9, 10, 11, 12]",no,"[9, 10, 11, 12]"
shinka-no-mi,進化の実,12,双葉社　∥　フタバシャ:11 | 双葉社:1,双葉社　∥　フタバシャ,双葉社=[12],no,[12]
shinmai-otsu-san-boukensha-saikyou-party-ni-shinuhodo-kitaerarete-muteki-ni-naru,新米オッサン冒険者、最強パーティに死ぬほど鍛えられて無敵になる。,12,ホビージャパン　∥　ホビー ジャパン:9 | ホビージャパン:2,ホビージャパン　∥　ホビー ジャパン,"ホビージャパン=[11, 12]",no,"[11, 12]"
shishunki-chan-no-shitsukekata,思春期ちゃんのしつけかた,12,[頒布]講談社　∥　コウダンシャ:7 | [発売]講談社　∥　コウダンシャ:3 | [頒布]講談社:2,[頒布]講談社　∥　コウダンシャ,"[発売]講談社　∥　コウダンシャ=[1, 2, 3];[頒布]講談社=[11, 12]",no,"[1, 2, 3, 11, 12]"
shujinkou-nikki,主人恋日記,12,小学館　∥　ショウガクカン:8 | 小学館:4,小学館　∥　ショウガクカン,"小学館=[9, 10, 11, 12]",no,"[9, 10, 11, 12]"
shutokou-esu-pii-eru-special,首都高SPL(スペシャル),12,講談社　∥　コウダンシャ:11 | 講談社:1,講談社　∥　コウダンシャ,講談社=[12],no,[12]
sonna-kazoku-nara-sutechaeba,そんな家族なら捨てちゃえば?,12,芳文社　∥　ホウブンシャ:10 | 芳文社:2,芳文社　∥　ホウブンシャ,"芳文社=[12, 14]",no,"[12, 14]"
sudachi-no-maoujou,すだちの魔王城,12,講談社　∥　コウダンシャ:8 | 講談社:3,講談社　∥　コウダンシャ,"講談社=[10, 11, 12]",no,"[10, 11, 12]"
suzumiya-haruhi-chan-no-yuuutsu,涼宮ハルヒちゃんの憂鬱,12,[発売]角川グループパブリッシング　∥　カドカワ グループ パブリッシング:6 | KADOKAWA　∥　カドカワ:5 | [発売]角川グループパブリッシング　∥　カドカワグループパブリッシング:1,[発売]角川グループパブリッシング　∥　カドカワ グループ パブリッシング,"[発売]角川グループパブリッシング　∥　カドカワグループパブリッシング=[7];KADOKAWA　∥　カドカワ=[8, 9, 10, 11, 12]",no,"[7, 8, 9, 10, 11, 12]"
takane-no-hana-san,高嶺のハナさん,12,日本文芸社　∥　ニホン ブンゲイシャ:10 | 日本文芸社:2,日本文芸社　∥　ニホン ブンゲイシャ,"日本文芸社=[11, 12]",no,"[11, 12]"
tatoeba-last-dungeon-mae-no-mura-no-shounen-ga-joban-no-machi-de-class-youna-monogatari,たとえばラストダンジョン前の村の少年が序盤の街で暮らすような物語,12,スクウェア・エニックス　∥　スクウェア ・ エニックス:8 | スクウェア・エニックス　∥　スクウェアエニックス:4,スクウェア・エニックス　∥　スクウェア ・ エニックス,"スクウェア・エニックス　∥　スクウェアエニックス=[8, 9, 11, 12]",no,"[8, 9, 11, 12]"
teihen-suit-cheat-madoushi-ni-tenshoku-suru,底辺戦士、チート魔導師に転職する!,12,スクウェア・エニックス　∥　スクウェア ・ エニックス:8 | スクウェア・エニックス:4,スクウェア・エニックス　∥　スクウェア ・ エニックス,"スクウェア・エニックス=[9, 10, 11, 12]",no,"[9, 10, 11, 12]"
tenkaichi-azuma-2025,テンカイチ,12,講談社　∥　コウダンシャ:9 | 講談社:3,講談社　∥　コウダンシャ,"講談社=[11, 12, 13]",no,"[11, 12, 13]"
tokyo-aliens,東京エイリアンズ,12,スクウェア・エニックス　∥　スクウェア ・ エニックス:9 | スクウェア・エニックス:3,スクウェア・エニックス　∥　スクウェア ・ エニックス,"スクウェア・エニックス=[10, 11, 12]",no,"[10, 11, 12]"
touhai,凍牌,12,秋田書店　∥　アキタ ショテン:10 | 秋田書店　∥　アキタショテン:1,秋田書店　∥　アキタ ショテン,秋田書店　∥　アキタショテン=[2],no,[2]
uchi-no-dorei-ga-akarusugiru,うちの奴隷が明るすぎる,12,スクウェア・エニックス　∥　スクウェア ・ エニックス:10 | スクウェア・エニックス:2,スクウェア・エニックス　∥　スクウェア ・ エニックス,"スクウェア・エニックス=[11, 12]",no,"[11, 12]"
uchi-no-kaisha-no-chiisai-senpai-no-hanashi,うちの会社の小さい先輩の話,12,竹書房　∥　タケ ショボウ:8 | 竹書房:4,竹書房　∥　タケ ショボウ,"竹書房=[9, 10, 11, 12]",no,"[9, 10, 11, 12]"
umareta-chokugo-ni-suterareta-zense-ga-dai-kenja-datta-node-yoyuu-de-ikitemasu,生まれた直後に捨てられたけど、前世が大賢者だったので余裕で生きてます,12,アース・スターエンターテイメント　∥　アーススターエンターテイメント:7 | アース・スターエンターテイメント:5,アース・スターエンターテイメント　∥　アーススターエンターテイメント,"アース・スターエンターテイメント=[5, 10, 12, 13, 14]",no,"[5, 10, 12, 13, 14]"
unmei-no-makimodoshi,運命の巻戻士,12,小学館　∥　ショウガクカン:6 | 小学館:5,小学館　∥　ショウガクカン,"小学館=[8, 9, 10, 11, 12]",no,"[8, 9, 10, 11, 12]"
urami-koi-koi-urami-koi,恨み来、恋、恨み恋。,12,スクウェア・エニックス　∥　スクウェア ・ エニックス:11 | スクウェア・エニックス　∥　スクウェア エニックス:1,スクウェア・エニックス　∥　スクウェア ・ エニックス,スクウェア・エニックス　∥　スクウェア エニックス=[1],no,[1]
uramichi-onii-san,うらみちお兄さん,12,[発売]講談社　∥　コウダンシャ:5 | [頒布]講談社 (発売)　∥　コウダンシャ:3 | [頒布]講談社:3,[発売]講談社　∥　コウダンシャ,"[頒布]講談社 (発売)　∥　コウダンシャ=[7, 8, 9];[頒布]講談社=[10, 11, 12]",no,"[7, 8, 9, 10, 11, 12]"
uri-o-waru,瓜を破る,12,芳文社　∥　ホウブンシャ:9 | 芳文社:3,芳文社　∥　ホウブンシャ,"芳文社=[10, 11, 13]",no,"[10, 11, 13]"
ushiro-no-shoumen-kamui-san,うしろの正面カムイさん,12,小学館　∥　ショウガクカン:9 | 小学館:3,小学館　∥　ショウガクカン,"小学館=[10, 11, 12]",no,"[10, 11, 12]"
watashi-no-oshi-wa-akuyaku-reijou,私の推しは悪役令嬢。,12,[頒布]講談社　∥　コウダンシャ:8 | [頒布]講談社:3,[頒布]講談社　∥　コウダンシャ,"[頒布]講談社=[10, 11, 12]",no,"[10, 11, 12]"
watashi-o-tabetai-hitodenashi,私を喰べたい、ひとでなし,12,KADOKAWA　∥　カドカワ:8 | KADOKAWA:3,KADOKAWA　∥　カドカワ,"KADOKAWA=[10, 11, 12]",no,"[10, 11, 12]"
worst-gaiden-saburoku-santa,WORST外伝サブロクサンタ,12,秋田書店　∥　アキタショテン:7 | 秋田書店:5,秋田書店　∥　アキタショテン,"秋田書店=[8, 9, 10, 11, 12]",no,"[8, 9, 10, 11, 12]"
wotaku-ni-yasashii-gal-wa-inai,オタクに優しいギャルはいない!?,12,コアミックス　∥　コアミックス:7 | コアミックス:4,コアミックス　∥　コアミックス,"コアミックス=[9, 10, 11, 12]",no,"[9, 10, 11, 12]"
yajikita-gakuen-douchuuki-2,やじきた学園道中記Ⅱ,12,秋田書店　∥　アキタ ショテン:6 | 秋田書店　∥　アキタショテン:6,秋田書店　∥　アキタ ショテン,"秋田書店　∥　アキタショテン=[7, 8, 9, 10, 11, 12]",no,"[7, 8, 9, 10, 11, 12]"
yamaguchi-kun-wa-warukunai,山口くんはワルくない,12,講談社　∥　コウダンシャ:9 | 講談社:3,講談社　∥　コウダンシャ,"講談社=[10, 11, 12]",no,"[10, 11, 12]"
yano-kun-no-futsuu-no-hibi,矢野くんの普通の日々,12,講談社　∥　コウダンシャ:8 | 講談社:3,講談社　∥　コウダンシャ,"講談社=[10, 11, 12]",no,"[10, 11, 12]"
yomi-no-tsugai,黄泉のツガイ,12,スクウェア・エニックス　∥　スクウェアエニックス:5 | スクウェア・エニックス:5 | スクウェア・エニックス　∥　スクウェア ・ エニックス:2,スクウェア・エニックス　∥　スクウェアエニックス,"スクウェア・エニックス　∥　スクウェア ・ エニックス=[1, 2];スクウェア・エニックス=[8, 9, 10, 11, 12]",no,"[1, 2, 8, 9, 10, 11, 12]"
yoshio-no-sora,義男の空,12,Dybooks　∥　ダイブックス:7 | Dybooks:5,Dybooks　∥　ダイブックス,"Dybooks=[1, 2, 3, 4, 5]",no,"[1, 2, 3, 4, 5]"
youkoso-jitsuryoku-shijou-shugi-no-kyoushitsu-e,ようこそ実力至上主義の教室へ,12,KADOKAWA　∥　カドカワ:11 | KADOKAWA　∥　KADOKAWA:1,KADOKAWA　∥　カドカワ,KADOKAWA　∥　KADOKAWA=[4],no,[4]
yubisaki-kara-honki-no-netsujou,指先から本気の熱情,12,[頒布]星雲社 (発売)　∥　セイウンシャ:5 | [発売]星雲社　∥　セイウンシャ:4 | [頒布]星雲社:2 | [頒布]星雲社　∥　セイウンシャ:1,[頒布]星雲社 (発売)　∥　セイウンシャ,"[発売]星雲社　∥　セイウンシャ=[1, 2, 3, 4];[頒布]星雲社　∥　セイウンシャ=[10];[頒布]星雲社=[11, 12]",no,"[1, 2, 3, 4, 10, 11, 12]"
yuube-wa-otanoshimi-deshitane,ゆうべはお楽しみでしたね,12,スクウェア・エニックス　∥　スクウェア ・ エニックス:10 | スクウェア・エニックス:1,スクウェア・エニックス　∥　スクウェア ・ エニックス,スクウェア・エニックス=[12],no,[12]
yuusha-party-ni-kawaii-ko-ga-ita-node-kokuhaku-shite-mita,勇者パーティーにかわいい子がいたので、告白してみた。,12,双葉社　∥　フタバシャ:9 | 双葉社:2,双葉社　∥　フタバシャ,"双葉社=[11, 12]",no,"[11, 12]"
zetsurin-do-s-majutsushi-ark-to-watashi-no-senzoku-keiyakusho,絶倫ドS魔術師アークと私の専属契約書,12,大都社　∥　ダイトシャ:6 | 大都社:3 | [発売]大都社　∥　ダイトシャ:1 | [頒布]大都社:1,大都社　∥　ダイトシャ,"[発売]大都社　∥　ダイトシャ=[1];大都社=[8, 10, 11];[頒布]大都社=[12]",no,"[1, 8, 10, 11, 12]"
zokugun-hijikata-toshizou,賊軍土方歳三,12,講談社　∥　コウダンシャ:10 | 講談社:1,講談社　∥　コウダンシャ,講談社=[12],no,[12]
adou,亜童,11,講談社　∥　コウダンシャ:9 | 講談社:1,講談社　∥　コウダンシャ,講談社=[11],no,[11]
agharta,AGHARTA,11,ワニブックス　∥　ワニブックス:2 | 集英社　∥　シュウエイシャ:1,ワニブックス　∥　ワニブックス,集英社　∥　シュウエイシャ=[9],yes,[9]
angel-beats-heaven-s-door,Angel Beats! -Heaven's Door-,11,KADOKAWA　∥　カドカワ:6 | [発売]角川グループホールディングス　∥　カドカワ グループ ホールディングス:2 | [発売]角川グループパブリッシング　∥　カドカワ グループ パブリッシング:2 | [発売]角川グループホールディングス　∥　カドカワ グループホールディングス:1,KADOKAWA　∥　カドカワ,"[発売]角川グループホールディングス　∥　カドカワ グループホールディングス=[1];[発売]角川グループホールディングス　∥　カドカワ グループ ホールディングス=[2, 5];[発売]角川グループパブリッシング　∥　カドカワ グループ パブリッシング=[3, 4]",no,"[1, 2, 3, 4, 5]"
ano-hito-wa-kinou-to-onaji-sora-o-miageteru,あの人は昨日と同じ空を見上げてる,11,[頒布]集英社 (発売)　∥　シュウエイシャ:8 | [発売]集英社　∥　シュウエイシャ:2 | [頒布]集英社　∥　シュウエイシャ:1,[頒布]集英社 (発売)　∥　シュウエイシャ,"[発売]集英社　∥　シュウエイシャ=[1, 2];[頒布]集英社　∥　シュウエイシャ=[11]",no,"[1, 2, 11]"
answer,アンサー,11,集英社　∥　シュウエイシャ:6 | 集英社:2,集英社　∥　シュウエイシャ,"集英社=[10, 11]",yes,"[10, 11]"
av-danyuu-hajimemashita,AV男優はじめました,11,新潮社　∥　シンチョウシャ:8 | 新潮社:3,新潮社　∥　シンチョウシャ,"新潮社=[9, 10, 11]",no,"[9, 10, 11]"
black-joke,ブラック・ジョーク,11,秋田書店　∥　アキタ ショテン:8 | 秋田書店　∥　アキタショテン:3,秋田書店　∥　アキタ ショテン,"秋田書店　∥　アキタショテン=[9, 10, 11]",no,"[9, 10, 11]"
bokura-wa-minna-kawaisou,僕らはみんな河合荘,11,少年画報社　∥　ショウネンガホウシャ:7 | 少年画報社　∥　ショウネン ガホウシャ:4,少年画報社　∥　ショウネンガホウシャ,"少年画報社　∥　ショウネン ガホウシャ=[1, 2, 3, 4]",no,"[1, 2, 3, 4]"
botsuraku-yotei-no-kizoku-dakedo-hima-datta-kara-mahou-o-kiwamete-mita-comic,没落予定の貴族だけど、暇だったから魔法を極めてみた@COMIC,11,TOブックス　∥　ティーオーブックス:7 | TOブックス:4,TOブックス　∥　ティーオーブックス,"TOブックス=[9, 10, 11, 12]",no,"[9, 10, 11, 12]"
boukensha-o-kubi-ni-natta-node-renkinjutsushi-to-shite-denaoshimasu,冒険者をクビになったので、錬金術師として出直します!,11,スクウェア・エニックス　∥　スクウェア ・ エニックス:7 | スクウェア・エニックス:4,スクウェア・エニックス　∥　スクウェア ・ エニックス,"スクウェア・エニックス=[8, 9, 10, 11]",no,"[8, 9, 10, 11]"
buchou-no-yoru-teku-ga-sugosu-gite-koshi-ga-uki-masu-uzuki-masu,部長の夜テクが凄すぎて腰が浮きます疼きます,11,[頒布]青泉社　∥　セイセンシャ:6 | [頒布]青泉社:3 | [頒布]青泉社 (発売)　∥　セイセンシャ:1,[頒布]青泉社　∥　セイセンシャ,"[頒布]青泉社 (発売)　∥　セイセンシャ=[1];[頒布]青泉社=[9, 10, 11]",no,"[1, 9, 10, 11]"
bukiyou-na-senpai,不器用な先輩。,11,スクウェア・エニックス　∥　スクウェア ・ エニックス:7 | スクウェア・エニックス:4,スクウェア・エニックス　∥　スクウェア ・ エニックス,"スクウェア・エニックス=[8, 9, 10, 11]",no,"[8, 9, 10, 11]"
bungaku-shojo,文学処女,11,LINE Digital Frontier　∥　ラインデジタルフロンティア:8 | LINE　∥　ライン:3,LINE Digital Frontier　∥　ラインデジタルフロンティア,"LINE　∥　ライン=[1, 2, 3]",no,"[1, 2, 3]"
chuuzenji-sensei-mononoke-kougiroku,中禅寺先生物怪講義録,11,講談社　∥　コウダンシャ:9 | 講談社:2,講談社　∥　コウダンシャ,"講談社=[11, 12]",no,"[11, 12]"
class-teni-de-ore-dake-haburareta-node-doukyuusei-harem-tsukuru-koto-ni-shita,クラス転移で俺だけハブられたので、同級生ハーレム作ることにした,11,双葉社　∥　フタバシャ:9 | 双葉社:1,双葉社　∥　フタバシャ,双葉社=[11],no,[11]
cold-game,コールドゲーム,11,小学館　∥　ショウガクカン:9 | 小学館:2,小学館　∥　ショウガクカン,"小学館=[10, 11]",no,"[10, 11]"
corseltel-no-ryuujitsushi,コーセルテルの竜術士,11,[発売]講談社　∥　コウダンシャ:4 | 一迅社　∥　イチジンシャ:2,[発売]講談社　∥　コウダンシャ,"一迅社　∥　イチジンシャ=[8, 9]",no,"[8, 9]"
crows-zero-tsuu-suzuran-housen,クローズZEROⅡ 鈴蘭×鳳仙,11,秋田書店　∥　アキタショテン:8 | 秋田書店　∥　アキタ ショテン:2 | 秋田書店:1,秋田書店　∥　アキタショテン,"秋田書店=[1];秋田書店　∥　アキタ ショテン=[2, 3]",no,"[1, 2, 3]"
danchigai,だんちがい,11,一迅社　∥　イチジンシャ:5 | [発売]講談社　∥　コウダンシャ:4 | [頒布]講談社　∥　コウダンシャ:2,一迅社　∥　イチジンシャ,"[発売]講談社　∥　コウダンシャ=[6, 7, 8, 9];[頒布]講談社　∥　コウダンシャ=[10, 11]",no,"[6, 7, 8, 9, 10, 11]"
dansai-bunri-no-crime-edge,断裁分離のクライムエッジ,11,メディアファクトリー　∥　メディア ファクトリー:7 | KADOKAWA　∥　カドカワ:4,メディアファクトリー　∥　メディア ファクトリー,"KADOKAWA　∥　カドカワ=[8, 9, 10, 11]",no,"[8, 9, 10, 11]"
dareka-kono-joukyou-o-setsumei-shite-kudasai,誰かこの状況を説明してください!,11,フロンティアワークス　∥　フロンティアワークス:9 | フロンティアワークス:1,フロンティアワークス　∥　フロンティアワークス,フロンティアワークス=[11],no,[11]
debu-to-love-to-ayamachi-to,デブとラブと過ちと!,11,ハーパーコリンズ・ジャパン:6 | Jパブリッシング　∥　ジェーパブリッシング:5,ハーパーコリンズ・ジャパン,"Jパブリッシング　∥　ジェーパブリッシング=[1, 2, 3, 4, 5]",no,"[1, 2, 3, 4, 5]"
dekin-no-mogura,出禁のモグラ,11,講談社　∥　コウダンシャ:6 | 講談社:4,講談社　∥　コウダンシャ,"講談社=[9, 10, 11, 12]",no,"[9, 10, 11, 12]"
dorukara,どるから,11,竹書房　∥　タケ ショボウ:10 | 竹書房:1,竹書房　∥　タケ ショボウ,竹書房=[11],no,[11]
doukyonin-wa-hiza-tokidoki-atama-no-ue,同居人はひざ、時々、頭のうえ。,11,フレックスコミックス　∥　フレックスコミックス:5 | [発売]ほるぷ出版　∥　ホルプシュッパン:3 | フレックスコミックス　∥　フレックス コミックス:1 | フレックスコミックス:1,フレックスコミックス　∥　フレックスコミックス,"[発売]ほるぷ出版　∥　ホルプシュッパン=[1, 2, 4];フレックスコミックス　∥　フレックス コミックス=[6];フレックスコミックス=[12]",no,"[1, 2, 4, 6, 12]"
douse-nakunara-koi-ga-ii,どうせ泣くなら恋がいい,11,集英社　∥　シュウエイシャ:5 | 集英社:5,集英社　∥　シュウエイシャ,"集英社=[7, 8, 9, 10, 11]",no,"[7, 8, 9, 10, 11]"
doushiyoumonai-boku-to-kisu-shiyou,どうしようもない僕とキスしよう,11,小学館　∥　ショウガクカン:9 | 小学館:1,小学館　∥　ショウガクカン,小学館=[11],no,[11]
elden-ring,ELDEN RING,11,KADOKAWA　∥　カドカワ:6 | KADOKAWA:5,KADOKAWA　∥　カドカワ,"KADOKAWA=[7, 8, 9, 10, 11]",no,"[7, 8, 9, 10, 11]"
enoshima-waikiki-shokudou,江の島ワイキキ食堂,11,少年画報社　∥　ショウネンガホウシャ:6 | 少年画報社　∥　ショウネン ガホウシャ:5,少年画報社　∥　ショウネンガホウシャ,"少年画報社　∥　ショウネン ガホウシャ=[1, 2, 3, 4, 5]",no,"[1, 2, 3, 4, 5]"
esuranku-boukensha-de-aru-ore-no-musumetachi-wa-juudo-no-fazakon-deshita,Sランク冒険者である俺の娘たちは重度のファザコンでした,11,オーバーラップ　∥　オーバーラップ:8 | オーバーラップ:2,オーバーラップ　∥　オーバーラップ,"オーバーラップ=[10, 11]",no,"[10, 11]"
fate-extra-shiishiishii-fox-tail,フェイト/エクストラCCC FoxTail,11,KADOKAWA　∥　カドカワ:10 | KADOKAWA:1,KADOKAWA　∥　カドカワ,KADOKAWA=[13],no,[13]
fate-stay-night-heaven-s-feel,Fate/stay night〈Heaven's Feel〉,11,KADOKAWA　∥　カドカワ:10 | KADOKAWA:1,KADOKAWA　∥　カドカワ,KADOKAWA=[11],no,[11]
fudanshi-shoukan,腐男子召喚,11,双葉社　∥　フタバシャ:9 | 双葉社:2,双葉社　∥　フタバシャ,"双葉社=[11, 12]",no,"[11, 12]"
gacha-o-mawashite-nakama-o-fuyasu-saikyou-no-bishoujo-gundan-o-tsukuriagero,ガチャを回して仲間を増やす最強の美少女軍団を作り上げろ,11,マイクロマガジン社　∥　マイクロマガジンシャ:10 | マイクロマガジン社:1,マイクロマガジン社　∥　マイクロマガジンシャ,マイクロマガジン社=[12],no,[12]
giant-ojou-sama,ジャイアントお嬢様,11,小学館　∥　ショウガクカン:9 | 小学館:2,小学館　∥　ショウガクカン,"小学館=[10, 11]",no,"[10, 11]"
gisou-kekkon-no-susume,偽装結婚のススメ,11,秋田書店　∥　アキタショテン:10 | 秋田書店:1,秋田書店　∥　アキタショテン,秋田書店=[11],no,[11]
golden-drop,ゴールデンドロップ,11,講談社:6 | 講談社　∥　コウダンシャ:5,講談社,"講談社　∥　コウダンシャ=[1, 2, 3, 4, 5]",no,"[1, 2, 3, 4, 5]"
gunnm-kasei-senki,銃夢火星戦記,11,講談社　∥　コウダンシャ:9 | 講談社:1,講談社　∥　コウダンシャ,講談社=[11],no,[11]
gura-paratsu,グラぱらっ!,11,講談社:7 | 講談社　∥　コウダンシャ:3,講談社,"講談社　∥　コウダンシャ=[1, 2, 3]",no,"[1, 2, 3]"
haitekudasai-takamine-san,履いてください、鷹峰さん,11,スクウェア・エニックス　∥　スクウェア ・ エニックス:8 | スクウェア・エニックス:3,スクウェア・エニックス　∥　スクウェア ・ エニックス,"スクウェア・エニックス=[9, 10, 11]",no,"[9, 10, 11]"
hakui-no-eiyuu,白衣の英雄,11,双葉社　∥　フタバシャ:8 | 双葉社:3,双葉社　∥　フタバシャ,"双葉社=[9, 10, 11]",no,"[9, 10, 11]"
hekikai-no-aion,碧海のAiON,11,[発売]角川グループパブリッシング　∥　カドカワ グループ パブリッシング:9 | [発売]角川グループパブリッシング　∥　カドカワグループパブリッシング:2,[発売]角川グループパブリッシング　∥　カドカワ グループ パブリッシング,"[発売]角川グループパブリッシング　∥　カドカワグループパブリッシング=[10, 11]",no,"[10, 11]"
hell-mode,ヘルモード,11,アース・スターエンターテイメント　∥　アーススターエンターテイメント:8 | アース・スターエンターテイメント:3,アース・スターエンターテイメント　∥　アーススターエンターテイメント,"アース・スターエンターテイメント=[7, 12, 13]",no,"[7, 12, 13]"
high-school-dxd,ハイスクールD×D,11,KADOKAWA　∥　カドカワ:6 | [発売]角川グループパブリッシング　∥　カドカワ グループ パブリッシング:2 | [発売]角川グループパブリッシング　∥　カドカワグループパブリッシング:2 | [発売]KADOKAWA　∥　カドカワ:1,KADOKAWA　∥　カドカワ,"[発売]角川グループパブリッシング　∥　カドカワ グループ パブリッシング=[1, 2];[発売]角川グループパブリッシング　∥　カドカワグループパブリッシング=[3, 4];[発売]KADOKAWA　∥　カドカワ=[5]",no,"[1, 2, 3, 4, 5]"
hitori-de-shinitai,ひとりでしにたい,11,講談社　∥　コウダンシャ:8 | 講談社:3,講談社　∥　コウダンシャ,"講談社=[9, 10, 11]",no,"[9, 10, 11]"
hotaru-no-yomeiri,ホタルの嫁入り,11,小学館　∥　ショウガクカン:5 | 小学館:5,小学館　∥　ショウガクカン,"小学館=[6, 7, 8, 9, 11]",no,"[6, 7, 8, 9, 11]"
hydra-break,ヒュドラブレイク,11,秋田書店:6 | 秋田書店　∥　アキタショテン:5,秋田書店,"秋田書店　∥　アキタショテン=[1, 2, 3, 4, 5]",no,"[1, 2, 3, 4, 5]"
ii-denshi,いい電子,11,エンターブレイン:3 | [発売]角川グループパブリッシング　∥　カドカワ グループ パブリッシング:2,エンターブレイン,"[発売]角川グループパブリッシング　∥　カドカワ グループ パブリッシング=[10, 11]",no,"[10, 11]"
ikenai-nanako-san,イケナイ菜々子さん,11,少年画報社　∥　ショウネンガホウシャ:9 | 少年画報社:1,少年画報社　∥　ショウネンガホウシャ,少年画報社=[11],no,[11]
ilios,イリオス,11,集英社　∥　シュウエイシャ:8 | 集英社:3,集英社　∥　シュウエイシャ,"集英社=[11, 12, 13]",no,"[11, 12, 13]"
im,Im,11,スクウェア・エニックス　∥　スクウェア ・ エニックス:10 | スクウェア・エニックス　∥　スクウェア エニックス:1,スクウェア・エニックス　∥　スクウェア ・ エニックス,スクウェア・エニックス　∥　スクウェア エニックス=[10],no,[10]
imouto-ni-konyakusha-o-yuzure-to-iwaremashita-saikyounoryuunikiniiraretemasakanooukoku,妹に婚約者を譲れと言われました,11,KADOKAWA　∥　カドカワ:9 | KADOKAWA:2,KADOKAWA　∥　カドカワ,"KADOKAWA=[10, 11]",no,"[10, 11]"
isekai-de-kojiin-o-hiraita-kedo-naze-dare-hitori-sudatou-to-shinai-ken,異世界で孤児院を開いたけど、なぜか誰一人巣立とうとしない件,11,竹書房　∥　タケ ショボウ:9 | 竹書房:2,竹書房　∥　タケ ショボウ,"竹書房=[10, 11]",no,"[10, 11]"
isekai-de-te-ni-ireta-sei-san-skill-wa-saikyou-datta-you-desu-souzou-kiyounowchiitodemusousuru,異世界で手に入れた生産スキルは最強だったようです。,11,KADOKAWA　∥　カドカワ:7 | KADOKAWA:4,KADOKAWA　∥　カドカワ,"KADOKAWA=[8, 9, 10, 11]",no,"[8, 9, 10, 11]"
isekai-de-tochi-o-katte-noujou-o-tsukurou,異世界で土地を買って農場を作ろう,11,[頒布]幻冬舎　∥　ゲントウシャ:5 | [発売]幻冬舎　∥　ゲントウシャ:2 | [頒布]幻冬舎:2 | [頒布]幻冬舎 (発売)　∥　ゲントウシャ:1,[頒布]幻冬舎　∥　ゲントウシャ,"[発売]幻冬舎　∥　ゲントウシャ=[1, 2];[頒布]幻冬舎 (発売)　∥　ゲントウシャ=[3];[頒布]幻冬舎=[10, 11]",no,"[1, 2, 3, 10, 11]"
isekai-kenkokuki,異世界建国記,11,KADOKAWA　∥　カドカワ:9 | KADOKAWA:2,KADOKAWA　∥　カドカワ,"KADOKAWA=[10, 11]",no,"[10, 11]"
isekai-kuimetsu-no-same,異世界喰滅のサメ,11,キルタイムコミュニケーション　∥　キルタイムコミュニケーション:8 | キルタイムコミュニケーション:3,キルタイムコミュニケーション　∥　キルタイムコミュニケーション,"キルタイムコミュニケーション=[9, 10, 11]",no,"[9, 10, 11]"
isekai-sniper-wa-onnasenshi-no-mofumofu-pet,異世界狙撃手(スナイパー)は女戦士のモフモフ愛玩動物(ペット),11,少年画報社　∥　ショウネンガホウシャ:8 | 少年画報社:3,少年画報社　∥　ショウネンガホウシャ,"少年画報社=[9, 10, 11]",no,"[9, 10, 11]"
isekai-tensei-de-kenja-ni-natte-boukensha-seikatsu,異世界転生で賢者になって冒険者生活,11,スクウェア・エニックス　∥　スクウェア ・ エニックス:7 | スクウェア・エニックス:3,スクウェア・エニックス　∥　スクウェア ・ エニックス,"スクウェア・エニックス=[9, 10, 11]",no,"[9, 10, 11]"
isekai-tensei-no-boukensha,異世界転生の冒険者,11,マッグガーデン　∥　マッグ ガーデン:10 | マッグガーデン:1,マッグガーデン　∥　マッグ ガーデン,マッグガーデン=[12],no,[12]
isekai-walking,異世界ウォーキング,11,講談社　∥　コウダンシャ:7 | 講談社:4,講談社　∥　コウダンシャ,"講談社=[9, 11, 12, 13]",no,"[9, 11, 12, 13]"
isekai-yakkyoku,異世界薬局,11,KADOKAWA　∥　カドカワ:10 | KADOKAWA:1,KADOKAWA　∥　カドカワ,KADOKAWA=[12],no,[12]
isekai-yururi-kikou,異世界ゆるり紀行,11,[頒布]星雲社 (発売)　∥　セイウンシャ:4 | [発売]星雲社　∥　セイウンシャ:3 | [頒布]星雲社　∥　セイウンシャ:2 | [頒布]星雲社:2,[頒布]星雲社 (発売)　∥　セイウンシャ,"[発売]星雲社　∥　セイウンシャ=[1, 2, 3];[頒布]星雲社　∥　セイウンシャ=[8, 9];[頒布]星雲社=[10, 11]",no,"[1, 2, 3, 8, 9, 10, 11]"
ishuzoku-reviewers,異種族レビュアーズ,11,KADOKAWA　∥　カドカワ:9 | KADOKAWA:1,KADOKAWA　∥　カドカワ,KADOKAWA=[11],no,[11]
jaa-kimi-no-kawari-ni-korosouka,じゃあ、君の代わりに殺そうか?,11,秋田書店　∥　アキタショテン:8 | 秋田書店:3,秋田書店　∥　アキタショテン,"秋田書店=[9, 10, 11]",no,"[9, 10, 11]"
jii-sama-ga-iku,じい様が行く,11,[頒布]星雲社 (発売)　∥　セイウンシャ:6 | [発売]星雲社　∥　セイウンシャ:5,[頒布]星雲社 (発売)　∥　セイウンシャ,"[発売]星雲社　∥　セイウンシャ=[1, 2, 3, 4, 5]",no,"[1, 2, 3, 4, 5]"
jimi-na-kensei-wa-soredemo-saikyou-desu,地味な剣聖はそれでも最強です,11,主婦と生活社　∥　シュフトセイカツシャ:8 | 主婦と生活社:3,主婦と生活社　∥　シュフトセイカツシャ,"主婦と生活社=[9, 10, 11]",no,"[9, 10, 11]"
kachou-fuugetsu,花鳥風月,11,新書館　∥　シンショカン:10 | 新書館:1,新書館　∥　シンショカン,新書館=[12],no,[12]
kaettekita-kudasai-akutsu-san,帰ってください!阿久津さん,11,KADOKAWA　∥　カドカワ:9 | KADOKAWA:2,KADOKAWA　∥　カドカワ,"KADOKAWA=[10, 11]",no,"[10, 11]"
kami-sama-drop,かみさまドロップ,11,秋田書店　∥　アキタショテン:10 | 秋田書店　∥　アキタ ショテン:1,秋田書店　∥　アキタショテン,秋田書店　∥　アキタ ショテン=[1],no,[1]
kankanbiyori,艦々日和,11,Gzブレイン　∥　ジーズブレイン:4 | KADOKAWA　∥　カドカワ:3 | [発売]KADOKAWA　∥　カドカワ:3 | KADOKAWA・DWANGO　∥　カドカワドワンゴ:1,Gzブレイン　∥　ジーズブレイン,"KADOKAWA　∥　カドカワ=[1, 2, 3];KADOKAWA・DWANGO　∥　カドカワドワンゴ=[4];[発売]KADOKAWA　∥　カドカワ=[5, 6, 7]",no,"[1, 2, 3, 4, 5, 6, 7]"
keikoku-no-shitate-ya-rose-beru-tan,傾国の仕立て屋ローズ・ベルタン,11,新潮社　∥　シンチョウシャ:9 | 新潮社:2,新潮社　∥　シンチョウシャ,"新潮社=[10, 11]",no,"[10, 11]"
kimi-ga-tokubetsu,君がトクベツ,11,集英社　∥　シュウエイシャ:10 | 集英社:1,集英社　∥　シュウエイシャ,集英社=[11],no,[11]
kimi-to-koete-koi-ni-naru,キミと越えて恋になる,11,集英社　∥　シュウエイシャ:7 | 集英社:4,集英社　∥　シュウエイシャ,"集英社=[8, 9, 10, 11]",no,"[8, 9, 10, 11]"
kimi-wa-maid-sama,君は冥土様。,11,小学館　∥　ショウガクカン:8 | 小学館:2,小学館　∥　ショウガクカン,"小学館=[10, 11]",no,"[10, 11]"
kimongai-karma,鬼門街KARMA,11,少年画報社　∥　ショウネンガホウシャ:9 | 少年画報社:1,少年画報社　∥　ショウネンガホウシャ,少年画報社=[11],no,[11]
kine-1-no-hitori-de-kinema,木根さんの1人でキネマ,11,白泉社　∥　ハクセンシャ:10 | 白泉社:1,白泉社　∥　ハクセンシャ,白泉社=[11],no,[11]
king-sama-no-ichiban-boshi,キング様のいちばん星,11,小学館　∥　ショウガクカン:8 | 小学館:3,小学館　∥　ショウガクカン,"小学館=[9, 10, 11]",no,"[9, 10, 11]"
kirin-the-happy-ridder-speedway,キリン The Happy Ridder Speedway,11,少年画報社　∥　ショウネンガホウシャ:6 | 少年画報社　∥　ショウネン ガホウシャ:5,少年画報社　∥　ショウネンガホウシャ,"少年画報社　∥　ショウネン ガホウシャ=[1, 2, 3, 4, 5]",no,"[1, 2, 3, 4, 5]"
kobayashi-san-no-meidoragon-eruma-no-ooeru-nikki,小林さんちのメイドラゴン エルマのOL日記,11,双葉社　∥　フタバシャ:9 | 双葉社:2,双葉社　∥　フタバシャ,"双葉社=[10, 11]",no,"[10, 11]"
kodai-suit-haniwatt,古代戦士ハニワット,11,双葉社　∥　フタバシャ:10 | 双葉社:1,双葉社　∥　フタバシャ,双葉社=[11],no,[11]
koisuru-otome-no-tsukurikata,恋する〈おとめ〉の作り方,11,[頒布]講談社 (発売)　∥　コウダンシャ:6 | [頒布]講談社:3 | [発売]講談社　∥　コウダンシャ:1 | [頒布]講談社　∥　コウダンシャ:1,[頒布]講談社 (発売)　∥　コウダンシャ,"[発売]講談社　∥　コウダンシャ=[1];[頒布]講談社　∥　コウダンシャ=[8];[頒布]講談社=[9, 10, 11]",no,"[1, 8, 9, 10, 11]"
kokuryuu-sama-no-minarai-hanayome,黒龍さまの見習い花嫁,11,[頒布]ジャイブ (発売)　∥　ジャイブ:8 | [発売]ジャイブ　∥　ジャイブ:3,[頒布]ジャイブ (発売)　∥　ジャイブ,"[発売]ジャイブ　∥　ジャイブ=[1, 2, 3]",no,"[1, 2, 3]"
konyaku-hakisareta-reijou-o-hirotta-ore-ga-ikenai-koto-o-oshiekomu,婚約破棄された令嬢を拾った俺が、イケナイことを教え込む,11,主婦と生活社　∥　シュフトセイカツシャ:8 | 主婦と生活社:3,主婦と生活社　∥　シュフトセイカツシャ,"主婦と生活社=[9, 10, 11]",no,"[9, 10, 11]"
koori-zokusei-otoko-to-kuuruna-douryou-joshi,氷属性男子とクールな同僚女子,11,スクウェア・エニックス　∥　スクウェア ・ エニックス:9 | スクウェア・エニックス:2,スクウェア・エニックス　∥　スクウェア ・ エニックス,"スクウェア・エニックス=[10, 11]",no,"[10, 11]"
koudo-ni-hattatsu-shita-igaku-wa-mahou-to-kubetsu-ga-tsukanai,高度に発達した医学は魔法と区別がつかない,11,講談社　∥　コウダンシャ:7 | 講談社:3,講談社　∥　コウダンシャ,"講談社=[9, 10, 11]",no,"[9, 10, 11]"
koukyuu-kouhi-monogatari,後宮香妃物語,11,秋田書店　∥　アキタショテン:8 | 秋田書店:3,秋田書店　∥　アキタショテン,"秋田書店=[9, 10, 11]",no,"[9, 10, 11]"
kouritsuchuu-madoushi-daini-no-jinsei-de-madou-o-kiwameru,効率厨魔導師、第二の人生で魔導を極める,11,[発売]星雲社　∥　セイウンシャ:7 | [頒布]星雲社 (発売)　∥　セイウンシャ:4,[発売]星雲社　∥　セイウンシャ,"[頒布]星雲社 (発売)　∥　セイウンシャ=[8, 9, 10, 11]",no,"[8, 9, 10, 11]"
kouu-to-ryuuhou-ato-tanaka,項羽と劉邦、あと田中,11,主婦と生活社　∥　シュフトセイカツシャ:8 | 主婦と生活社:2,主婦と生活社　∥　シュフトセイカツシャ,"主婦と生活社=[10, 11]",no,"[10, 11]"
kowloon-generic-romance,九龍ジェネリックロマンス,11,集英社　∥　シュウエイシャ:9 | 集英社:1,集英社　∥　シュウエイシャ,集英社=[11],no,[11]
kukuku-yatsu-wa-shitennou-no-naka-demo-saijaku-to-kaikosareta-sareta-ore-naze-yuusha-to-seijo-no,「ククク……。奴は四天王の中でも最弱」と解雇された俺、なぜか勇者と聖女の師匠になる,11,講談社　∥　コウダンシャ:8 | 講談社:3,講談社　∥　コウダンシャ,"講談社=[9, 10, 11]",no,"[9, 10, 11]"
kurebatesu,クレバテス,11,LINE Digital Frontier　∥　ラインデジタルフロンティア:5 | KADOKAWA:5 | LINE Digital Frontier　∥　LINE Digital Frontier:1,LINE Digital Frontier　∥　ラインデジタルフロンティア,"LINE Digital Frontier　∥　LINE Digital Frontier=[6];KADOKAWA=[7, 8, 9, 10, 11]",no,"[6, 7, 8, 9, 10, 11]"
kuroneko-no-kenshi,黒猫の剣士,11,集英社　∥　シュウエイシャ:8 | 集英社:3,集英社　∥　シュウエイシャ,"集英社=[9, 10, 11]",no,"[9, 10, 11]"
kyatapiraa,キャタピラー,11,スクウェア・エニックス　∥　スクウェア ・ エニックス:7 | スクウェア・エニックス　∥　スクウェア エニックス:4,スクウェア・エニックス　∥　スクウェア ・ エニックス,"スクウェア・エニックス　∥　スクウェア エニックス=[1, 2, 3, 4]",no,"[1, 2, 3, 4]"
kyou-kara-city-hunter-2021,今日から City hunter,11,コアミックス　∥　コアミックス:6 | コアミックス:3 | コアミックス　∥　コア ミックス:2,コアミックス　∥　コアミックス,"コアミックス　∥　コア ミックス=[9, 11];コアミックス=[16, 17, 18]",no,"[9, 11, 16, 17, 18]"
kyou-no-nekomura-san,きょうの猫村さん,11,マガジンハウス　∥　マガジンハウス:5 | マガジンハウス　∥　マガジン ハウス:3 | マガジンハウス:1,マガジンハウス　∥　マガジンハウス,"マガジンハウス　∥　マガジン ハウス=[3, 4, 5];マガジンハウス=[11]",no,"[3, 4, 5, 11]"
mahouka-koukou-no-yuutousei,魔法科高校の優等生,11,KADOKAWA　∥　カドカワ:9 | [発売]角川グループホールディングス　∥　カドカワグループホールディングス:1 | [発売]KADOKAWA　∥　カドカワ:1,KADOKAWA　∥　カドカワ,[発売]角川グループホールディングス　∥　カドカワグループホールディングス=[1];[発売]KADOKAWA　∥　カドカワ=[2],no,"[1, 2]"
majutsu-gakuin-o-shuseki-de-sotsugyou-shita-ore-ga-boukensha-o-hajimeru-nowa-sonnani-okashii-darouka,魔術学院を首席で卒業した俺が冒険者を始めるのはそんなにおかしいだろうか,11,KADOKAWA　∥　カドカワ:10 | KADOKAWA:1,KADOKAWA　∥　カドカワ,KADOKAWA=[11],no,[11]
maou-ni-natta-node-dungeon-tsukutte-jingaimusume-to-honobono-suru,魔王になったので、ダンジョン造って人外娘とほのぼのする,11,KADOKAWA　∥　カドカワ:10 | KADOKAWA:1,KADOKAWA　∥　カドカワ,KADOKAWA=[11],no,[11]
maou-no-hajimekata,魔王の始め方,11,キルタイムコミュニケーション　∥　キルタイムコミュニケーション:9 | キルタイムコミュニケーション:2,キルタイムコミュニケーション　∥　キルタイムコミュニケーション,"キルタイムコミュニケーション=[10, 11]",no,"[10, 11]"
maou-sama-retry-r,魔王様、リトライ!R,11,双葉社　∥　フタバシャ:8 | 双葉社:3,双葉社　∥　フタバシャ,"双葉社=[9, 10, 11]",no,"[9, 10, 11]"
maou-toubatsu-shita-ato-medachitakunai-node-guild-master-ni-natta,魔王討伐したあと、目立ちたくないのでギルドマスターになった,11,KADOKAWA　∥　カドカワ:8 | KADOKAWA:3,KADOKAWA　∥　カドカワ,"KADOKAWA=[9, 10, 11]",no,"[9, 10, 11]"
marry-me,マリーミー!,11,LINE　∥　ライン:7 | LINE Digital Frontier　∥　ラインデジタルフロンティア:4,LINE　∥　ライン,"LINE Digital Frontier　∥　ラインデジタルフロンティア=[8, 9, 10, 11]",no,"[8, 9, 10, 11]"
maryoku-0-de-saikyou-no-daikenja,魔力0で最強の大賢者,11,[頒布]講談社　∥　コウダンシャ:8 | [頒布]講談社:3,[頒布]講談社　∥　コウダンシャ,"[頒布]講談社=[9, 10, 11]",no,"[9, 10, 11]"
matagi-gunner,マタギガンナー,11,講談社　∥　コウダンシャ:8 | 講談社:2,講談社　∥　コウダンシャ,"講談社=[10, 11]",no,"[10, 11]"
meiji-shitsugyou-ninpouchou,明治失業忍法帖,11,秋田書店　∥　アキタショテン:8 | 秋田書店　∥　アキタ ショテン:3,秋田書店　∥　アキタショテン,"秋田書店　∥　アキタ ショテン=[1, 2, 3]",no,"[1, 2, 3]"
meitantei-maanii,名探偵マーニー,11,秋田書店　∥　アキタショテン:7 | 秋田書店　∥　アキタ ショテン:4,秋田書店　∥　アキタショテン,"秋田書店　∥　アキタ ショテン=[1, 2, 3, 4]",no,"[1, 2, 3, 4]"
mezametara-saikyou-soubi-to-uchuusen-mochi-datta-no-de-ikkodate-mezashite-youhei-to-shite-jiyuu-ni,目覚めたら最強装備と宇宙船持ちだったので、一戸建て目指して傭兵として自由に生きたい,11,KADOKAWA　∥　カドカワ:8 | KADOKAWA:3,KADOKAWA　∥　カドカワ,"KADOKAWA=[9, 10, 11]",no,"[9, 10, 11]"
mother-ghoul,マザーグール,11,徳間書店　∥　トクマ ショテン:10 | 徳間書店:1,徳間書店　∥　トクマ ショテン,徳間書店=[11],no,[11]
moto-saikyou-no-kenshi-wa-isekai-mahou-ni-akogareru,元最強の剣士は、異世界魔法に憧れる,11,マイクロマガジン社　∥　マイクロマガジンシャ:10 | マイクロマガジン社:1,マイクロマガジン社　∥　マイクロマガジンシャ,マイクロマガジン社=[11],no,[11]
mukashi-yuusha-de-ima-wa-hone,昔勇者で今は骨,11,徳間書店　∥　トクマ ショテン:9 | 徳間書店:1,徳間書店　∥　トクマ ショテン,徳間書店=[11],no,[11]
mushi-kaburi-hime,虫かぶり姫,11,[頒布]講談社　∥　コウダンシャ:5 | [発売]講談社　∥　コウダンシャ:4 | [頒布]講談社:2,[頒布]講談社　∥　コウダンシャ,"[発売]講談社　∥　コウダンシャ=[1, 2, 3, 4];[頒布]講談社=[10, 11]",no,"[1, 2, 3, 4, 10, 11]"
nami-uraraka-ni-meoto-hiyori,波うららかに、めおと日和,11,講談社:6 | 講談社　∥　コウダンシャ:5,講談社,"講談社　∥　コウダンシャ=[1, 2, 3, 4, 5]",no,"[1, 2, 3, 4, 5]"
negai-o-kanaete-moraou-to-akuma-o-shoukan-shita-kedo-kawaikatta-node-kekkon-shimashita,願いを叶えてもらおうと悪魔を召喚したけど、可愛かったので結婚しました,11,アース・スターエンターテイメント　∥　アーススターエンターテイメント:8 | アース・スターエンターテイメント:2,アース・スターエンターテイメント　∥　アーススターエンターテイメント,"アース・スターエンターテイメント=[10, 11]",no,"[10, 11]"
nichijou-lock,日常ロック,11,KADOKAWA　∥　カドカワ:7 | KADOKAWA:3,KADOKAWA　∥　カドカワ,"KADOKAWA=[9, 10, 11]",no,"[9, 10, 11]"
nichijou,日常,11,[発売]角川グループパブリッシング　∥　カドカワ グループ パブリッシング:7 | KADOKAWA　∥　カドカワ:3 | [発売]角川グループパブリッシング　∥　カドカワグループパブリッシング:1,[発売]角川グループパブリッシング　∥　カドカワ グループ パブリッシング,"[発売]角川グループパブリッシング　∥　カドカワグループパブリッシング=[8];KADOKAWA　∥　カドカワ=[9, 10, 11]",no,"[8, 9, 10, 11]"
obaa-chan-shoujo-hinata-chan,老女的 (おばあちゃん) 少女ひなたちゃん,11,[発売]徳間書店　∥　トクマ ショテン:5 | コアミックス　∥　コアミックス:3 | [発売]徳間書店　∥　トクマショテン:2 | コアミックス　∥　コア ミックス:1,[発売]徳間書店　∥　トクマ ショテン,"[発売]徳間書店　∥　トクマショテン=[6, 7];コアミックス　∥　コアミックス=[8, 10, 11];コアミックス　∥　コア ミックス=[9]",no,"[6, 7, 8, 9, 10, 11]"
odake-no-chounan-ni-umaremashita,織田家の長男に生まれました,11,秋田書店:6 | 秋田書店　∥　アキタショテン:5,秋田書店,"秋田書店　∥　アキタショテン=[1, 2, 3, 4, 5]",no,"[1, 2, 3, 4, 5]"
oidasareta-bannoushoku-ni-atarashii-jinsei-ga-hajimarimashita,追い出された万能職に新しい人生が始まりました,11,[頒布]星雲社 (発売)　∥　セイウンシャ:4 | [発売]星雲社　∥　セイウンシャ:3 | [頒布]星雲社:2 | [頒布]星雲社　∥　セイウンシャ:1,[頒布]星雲社 (発売)　∥　セイウンシャ,"[発売]星雲社　∥　セイウンシャ=[1, 2, 3];[頒布]星雲社　∥　セイウンシャ=[8];[頒布]星雲社=[10, 11]",no,"[1, 2, 3, 8, 10, 11]"
oji-san-wa-kawaii-mono-ga-osuki,おじさんはカワイイものがお好き。,11,フレックスコミックス　∥　フレックスコミックス:10 | フレックスコミックス:1,フレックスコミックス　∥　フレックスコミックス,フレックスコミックス=[11],no,[11]
oritsue-taishi-no-isekai-kurimusu-survival-nisshi,織津江大志の異世界クリ娘(むす)サバイバル日誌,11,秋田書店　∥　アキタショテン:8 | 秋田書店:3,秋田書店　∥　アキタショテン,"秋田書店=[9, 10, 11]",no,"[9, 10, 11]"
persona-3,ペルソナ3,11,KADOKAWA　∥　カドカワ:5 | Kadokawa　∥　Kadokawa:3 | [発売]角川グループパブリッシング　∥　カドカワ グループ パブリッシング:3,KADOKAWA　∥　カドカワ,"Kadokawa　∥　Kadokawa=[1, 2, 4];[発売]角川グループパブリッシング　∥　カドカワ グループ パブリッシング=[3, 5, 6]",no,"[1, 2, 3, 4, 5, 6]"
private-doctor,プライベート・ドクター,11,秋田書店　∥　アキタショテン:8 | 秋田書店:2 | 秋田書店　∥　アキタ ショテン:1,秋田書店　∥　アキタショテン,"秋田書店　∥　アキタ ショテン=[1];秋田書店=[10, 11]",no,"[1, 10, 11]"
red-mudan,レッドムーダン,11,集英社　∥　シュウエイシャ:6 | 集英社:5,集英社　∥　シュウエイシャ,"集英社=[7, 8, 9, 10, 11]",no,"[7, 8, 9, 10, 11]"
rosengarten-saga,ローゼンガーテン・サーガ,11,[頒布]小学館クリエイティブ (発売)　∥　ショウガクカンクリエイティブ:8 | [頒布]小学館クリエイティブ:2 | [頒布]小学館クリエイティブ　∥　ショウガクカンクリエイティブ:1,[頒布]小学館クリエイティブ (発売)　∥　ショウガクカンクリエイティブ,"[頒布]小学館クリエイティブ　∥　ショウガクカンクリエイティブ=[9];[頒布]小学館クリエイティブ=[12, 13]",no,"[9, 12, 13]"
ryouga-shachou-wa-ikenai,遼河社長はイケない。,11,小学館　∥　ショウガクカン:8 | 小学館:3,小学館　∥　ショウガクカン,"小学館=[9, 10, 11]",no,"[9, 10, 11]"
saigo-ni-hitotsu-dake-onegai-shitemo-yoroshii-deshouka,最後にひとつだけお願いしてもよろしいでしょうか,11,[頒布]星雲社 (発売)　∥　セイウンシャ:5 | [発売]星雲社　∥　セイウンシャ:2 | [頒布]星雲社:2 | [頒布]星雲社　∥　セイウンシャ:1,[頒布]星雲社 (発売)　∥　セイウンシャ,"[発売]星雲社　∥　セイウンシャ=[1, 2];[頒布]星雲社　∥　セイウンシャ=[8];[頒布]星雲社=[10, 11]",no,"[1, 2, 8, 10, 11]"
saijaku-muhai-no-bahamut,最弱無敗の神装機竜,11,スクウェア・エニックス　∥　スクウェア ・ エニックス:10 | スクウェア・エニックス　∥　スクウェア エニックス:1,スクウェア・エニックス　∥　スクウェア ・ エニックス,スクウェア・エニックス　∥　スクウェア エニックス=[11],no,[11]
saikin-imouto-no-yousu-ga-chotto-okashiindaga,最近、妹のようすがちょっとおかしいんだが。,11,KADOKAWA　∥　カドカワ:6 | [発売]角川グループパブリッシング　∥　カドカワ グループ パブリッシング:2 | [発売]角川グループパブリッシング　∥　カドカワグループパブリッシング:2 | [発売]角川グループホールディングス　∥　カドカワグループホールディングス:1,KADOKAWA　∥　カドカワ,"[発売]角川グループパブリッシング　∥　カドカワ グループ パブリッシング=[1, 2];[発売]角川グループパブリッシング　∥　カドカワグループパブリッシング=[3, 4];[発売]角川グループホールディングス　∥　カドカワグループホールディングス=[5]",no,"[1, 2, 3, 4, 5]"
saikyou-no-madoushi-hiza-ni-ya-o-uketeshimatta-node-inaka-no-eihei-ni-naru,最強の魔導士。ひざに矢をうけてしまったので田舎の衛兵になる,11,スクウェア・エニックス　∥　スクウェア ・ エニックス:9 | スクウェア・エニックス:1,スクウェア・エニックス　∥　スクウェア ・ エニックス,スクウェア・エニックス=[11],no,[11]
saikyou-no-shienshoku-wajutsushi-de-aru-ore-wa-sekai-saikyou-kuran-o-shitagaeru,最凶の支援職〈話術士〉である俺は世界最強クランを従える,11,オーバーラップ　∥　オーバーラップ:9 | オーバーラップ:1,オーバーラップ　∥　オーバーラップ,オーバーラップ=[11],no,[11]
saikyou-onmyouji-no-isekai-tenseiki,最強陰陽師の異世界転生記,11,双葉社　∥　フタバシャ:8 | 双葉社:2,双葉社　∥　フタバシャ,"双葉社=[10, 11]",no,"[10, 11]"
saikyou-onna-shishou-tachi-ga-ikusei-houshin-o-megutte-shuraba,最強女師匠たちが育成方針を巡って修羅場,11,小学館　∥　ショウガクカン:7 | 小学館:3,小学館　∥　ショウガクカン,"小学館=[9, 10, 11]",no,"[9, 10, 11]"
saint-seiya-final-edition,聖闘士(セイント)星矢Final Edition,11,秋田書店　∥　アキタショテン:9 | 秋田書店:2,秋田書店　∥　アキタショテン,"秋田書店=[11, 13]",no,"[11, 13]"
saitou-yoshitatsu-ni-umarekawatta-node-oda-nobunaga-ni-kuniyuzuri-shite-nagaiki-suru-no-o,斎藤義龍に生まれ変わったので、織田信長に国譲りして長生きするのを目指します!,11,秋田書店:6 | 秋田書店　∥　アキタショテン:5,秋田書店,"秋田書店　∥　アキタショテン=[1, 2, 3, 4, 5]",no,"[1, 2, 3, 4, 5]"
saru-mono-wa-hibi-ni-utoshi,去る者は日々に疎し,11,秋田書店　∥　アキタショテン:7 | 秋田書店:3,秋田書店　∥　アキタショテン,"秋田書店=[9, 10, 11]",no,"[9, 10, 11]"
sasaki-to-miyano,佐々木と宮野,11,KADOKAWA　∥　カドカワ:8 | KADOKAWA:1,KADOKAWA　∥　カドカワ,KADOKAWA=[11],no,[11]
seijo-no-maryoku-wa-bannou-desu,聖女の魔力は万能です,11,KADOKAWA　∥　カドカワ:9 | KADOKAWA:2,KADOKAWA　∥　カドカワ,"KADOKAWA=[10, 11]",no,"[10, 11]"
seireitachi-no-rakuen-to-risou-no-isekai-seikatsu,精霊達の楽園と理想の異世界生活,11,[頒布]幻冬舎　∥　ゲントウシャ:5 | [発売]幻冬舎　∥　ゲントウシャ:4 | [頒布]幻冬舎:2,[頒布]幻冬舎　∥　ゲントウシャ,"[発売]幻冬舎　∥　ゲントウシャ=[1, 2, 3, 4];[頒布]幻冬舎=[10, 11]",no,"[1, 2, 3, 4, 10, 11]"
sekkaku-cheat-o-moratte-isekai-ni-teni-shitandakara-suki-na-youni-ikite-mitai,せっかくチートを貰って異世界に転移したんだから、好きなように生きてみたい,11,マイクロマガジン社　∥　マイクロマガジンシャ:9 | マイクロマガジン社:2,マイクロマガジン社　∥　マイクロマガジンシャ,"マイクロマガジン社=[10, 11]",no,"[10, 11]"
sen-no-skill-o-motsu-otoko,千のスキルを持つ男,11,[頒布]一二三書房　∥　ヒフミショボウ:6 | [発売]一二三書房　∥　ヒフミ ショボウ:2 | 一二三書房:2 | 一二三書房　∥　ヒフミショボウ:1,[頒布]一二三書房　∥　ヒフミショボウ,"[発売]一二三書房　∥　ヒフミ ショボウ=[1, 2];一二三書房　∥　ヒフミショボウ=[3];一二三書房=[10, 11]",yes,"[1, 2, 3, 10, 11]"
sensoumeshi,戦争めし,11,秋田書店　∥　アキタショテン:8 | 秋田書店:2 | 秋田書店　∥　アキタ ショテン:1,秋田書店　∥　アキタショテン,"秋田書店　∥　アキタ ショテン=[4];秋田書店=[10, 11]",no,"[4, 10, 11]"
sentai-red-isekai-de-boukensha-ni-naru,戦隊レッド異世界で冒険者になる,11,スクウェア・エニックス　∥　スクウェア ・ エニックス:6 | スクウェア・エニックス:5,スクウェア・エニックス　∥　スクウェア ・ エニックス,"スクウェア・エニックス=[7, 8, 9, 10, 11]",no,"[7, 8, 9, 10, 11]"
sex-pistols,SEX PISTOLS,11,リブレ出版　∥　リブレ シュッパン:3 | リブレ　∥　リブレ:3,リブレ出版　∥　リブレ シュッパン,"リブレ　∥　リブレ=[9, 10, 11]",no,"[9, 10, 11]"
shaba-no-futsuu-wa-muzukashii,シャバの「普通」は難しい,11,KADOKAWA　∥　カドカワ:9 | KADOKAWA:2,KADOKAWA　∥　カドカワ,"KADOKAWA=[10, 11]",no,"[10, 11]"
shiboritoranaide-onna-shounin-san,搾り取らないで、女商人さん!!,11,竹書房　∥　タケ ショボウ:9 | 竹書房:2,竹書房　∥　タケ ショボウ,"竹書房=[10, 11]",no,"[10, 11]"
shibuya-kingyo,渋谷金魚,11,スクウェア・エニックス　∥　スクウェア ・ エニックス:10 | スクウェア・エニックス　∥　スクウェア エニックス:1,スクウェア・エニックス　∥　スクウェア ・ エニックス,スクウェア・エニックス　∥　スクウェア エニックス=[4],no,[4]
shin-saiseien,新☆再生縁,11,秋田書店　∥　アキタ ショテン:6 | 秋田書店　∥　アキタショテン:5,秋田書店　∥　アキタ ショテン,"秋田書店　∥　アキタショテン=[6, 8, 9, 10, 11]",no,"[6, 8, 9, 10, 11]"
shin-tokyo,深東京,11,集英社　∥　シュウエイシャ:9 | 集英社:2,集英社　∥　シュウエイシャ,"集英社=[11, 12]",no,"[11, 12]"
shinmai-shimai-no-futari-gohan,新米姉妹のふたりごはん,11,KADOKAWA　∥　カドカワ:10 | KADOKAWA:1,KADOKAWA　∥　カドカワ,KADOKAWA=[11],no,[11]
shounen-in-za-fuddo,少年イン・ザ・フッド,11,扶桑社　∥　フソウシャ:8 | 扶桑社:2,扶桑社　∥　フソウシャ,"扶桑社=[10, 11]",no,"[10, 11]"
skill-rendaa-no-torikaeshi,技巧貸与(スキル・レンダー)のとりかえし,11,講談社　∥　コウダンシャ:7 | 講談社:4,講談社　∥　コウダンシャ,"講談社=[9, 10, 11, 12]",no,"[9, 10, 11, 12]"
smiley,スマイリー,11,日本文芸社　∥　ニホン ブンゲイシャ:9 | 日本文芸社:2,日本文芸社　∥　ニホン ブンゲイシャ,"日本文芸社=[10, 11]",no,"[10, 11]"
soil,Soil,11,エンターブレイン:4 | [発売]角川グループパブリッシング　∥　カドカワ グループ パブリッシング:2,エンターブレイン,"[発売]角川グループパブリッシング　∥　カドカワ グループ パブリッシング=[10, 11]",yes,"[10, 11]"
sono-boukensha-toriatsukai-chuui,その冒険者、取り扱い注意。,11,KADOKAWA　∥　カドカワ:9 | KADOKAWA:2,KADOKAWA　∥　カドカワ,"KADOKAWA=[10, 11]",no,"[10, 11]"
sono-rettou-kishi-level-999,その劣等騎士、レベル999,11,スクウェア・エニックス　∥　スクウェア ・ エニックス:9 | スクウェア・エニックス:2,スクウェア・エニックス　∥　スクウェア ・ エニックス,"スクウェア・エニックス=[10, 11]",no,"[10, 11]"
super-robot-taisen-oojii-ji-insupekutaa-record-obu-eeteiiekkusu-bad-beat-bankaa,スーパーロボット大戦OG-ジ・インスペクター-Record of ATX BAD BEAT BUNKER,11,KADOKAWA　∥　カドカワ:10 | KADOKAWA:1,KADOKAWA　∥　カドカワ,KADOKAWA=[11],no,[11]
tabe-san-wa-taberaretai,田部さんは食べられたい,11,KADOKAWA　∥　カドカワ:7 | KADOKAWA:3,KADOKAWA　∥　カドカワ,"KADOKAWA=[8, 9, 11]",no,"[8, 9, 11]"
teiamuun-teikoku-monogatari-dantoudai-kara-hajimaru-hime-no-tensei-gyakuten-story-attomaaku-comic,ティアムーン帝国物語～断頭台から始まる、姫の転生逆転ストーリー～@COMIC,11,TOブックス　∥　ティーオーブックス:8 | TOブックス:3,TOブックス　∥　ティーオーブックス,"TOブックス=[9, 10, 11]",no,"[9, 10, 11]"
tensei-joou-wa-kyou-mo-flag-o-tatakioru,転生王女は今日も旗(フラグ)を叩き折る,11,フロンティアワークス　∥　フロンティアワークス:9 | フロンティアワークス:2,フロンティアワークス　∥　フロンティアワークス,"フロンティアワークス=[10, 11]",no,"[10, 11]"
tensei-shitara-joban-de-shinu-chuu-bosu-datta,転生したら序盤で死ぬ中ボスだった,11,スクウェア・エニックス:7 | スクウェア・エニックス　∥　スクウェア ・ エニックス:4,スクウェア・エニックス,"スクウェア・エニックス　∥　スクウェア ・ エニックス=[1, 2, 3, 4]",no,"[1, 2, 3, 4]"
tensei-youjo-wa-akiramenai,転生幼女はあきらめない,11,マッグガーデン　∥　マッグ ガーデン:8 | マッグガーデン:3,マッグガーデン　∥　マッグ ガーデン,"マッグガーデン=[9, 10, 11]",no,"[9, 10, 11]"
tomoe-mami-no-heibonna-nichijou,巴マミの平凡な日常,11,芳文社　∥　ホウブンシャ:10 | 芳文社:1,芳文社　∥　ホウブンシャ,芳文社=[11],no,[11]
tondemo-skill-de-isekai-houroumeshi,とんでもスキルで異世界放浪メシ,11,オーバーラップ　∥　オーバーラップ:10 | オーバーラップ:1,オーバーラップ　∥　オーバーラップ,オーバーラップ=[11],no,[11]
tono-to-isshokenmei,殿といっしょ,11,メディアファクトリー　∥　メディア ファクトリー:8 | KADOKAWA　∥　カドカワ:3,メディアファクトリー　∥　メディア ファクトリー,"KADOKAWA　∥　カドカワ=[9, 10, 11]",no,"[9, 10, 11]"
toradora,とらドラ!,11,KADOKAWA　∥　カドカワ:5 | [発売]角川グループパブリッシング　∥　カドカワ グループ パブリッシング:4 | [発売]KADOKAWA　∥　カドカワ:1,KADOKAWA　∥　カドカワ,"[発売]角川グループパブリッシング　∥　カドカワ グループ パブリッシング=[1, 3, 4, 5];[発売]KADOKAWA　∥　カドカワ=[6]",no,"[1, 3, 4, 5, 6]"
trash,trash.,11,秋田書店　∥　アキタショテン:7 | 秋田書店　∥　アキタ ショテン:4,秋田書店　∥　アキタショテン,"秋田書店　∥　アキタ ショテン=[1, 2, 3, 4]",no,"[1, 2, 3, 4]"
trillion-game,トリリオンゲーム,11,小学館　∥　ショウガクカン:9 | 小学館:2,小学館　∥　ショウガクカン,"小学館=[10, 11]",no,"[10, 11]"
tsuyokute-new-saga,強くてニューサーガ,11,[発売]星雲社　∥　セイウンシャ:8 | [頒布]星雲社 (発売)　∥　セイウンシャ:2 | [頒布]星雲社:1,[発売]星雲社　∥　セイウンシャ,"[頒布]星雲社 (発売)　∥　セイウンシャ=[9, 10];[頒布]星雲社=[11]",no,"[9, 10, 11]"
ume-to-momo-no-futsuu-no-kurashi,うめともものふつうの暮らし,11,竹書房　∥　タケ ショボウ:8 | 竹書房:3,竹書房　∥　タケ ショボウ,"竹書房=[9, 10, 11]",no,"[9, 10, 11]"
uorutenia-senki,ウォルテニア戦記,11,ホビージャパン　∥　ホビー ジャパン:10 | ホビージャパン:1,ホビージャパン　∥　ホビー ジャパン,ホビージャパン=[12],no,[12]
usoyomi-to-gishoku-no-joou,嘘よみと偽飾の王女,11,秋田書店　∥　アキタショテン:7 | 秋田書店:4,秋田書店　∥　アキタショテン,"秋田書店=[8, 9, 10, 11]",no,"[8, 9, 10, 11]"
wagaya-no-oinari-sama,我が家のお稲荷さま。,11,[発売]角川グループパブリッシング　∥　カドカワ グループ パブリッシング:10 | [発売]Kadokawa　∥　Kadokawa:1,[発売]角川グループパブリッシング　∥　カドカワ グループ パブリッシング,[発売]Kadokawa　∥　Kadokawa=[11],no,[11]
ware-ni-cheat-o,我にチートを,11,秋田書店　∥　アキタショテン:8 | 秋田書店:3,秋田書店　∥　アキタショテン,"秋田書店=[9, 10, 11]",no,"[9, 10, 11]"
wotaku-ni-koi-wa-muzukashii,ヲタクに恋は難しい,11,[発売]講談社　∥　コウダンシャ:6 | 一迅社　∥　イチジンシャ:3 | [頒布]講談社 (発売)　∥　コウダンシャ:2,[発売]講談社　∥　コウダンシャ,"一迅社　∥　イチジンシャ=[1, 2, 3];[頒布]講談社 (発売)　∥　コウダンシャ=[10, 11]",no,"[1, 2, 3, 10, 11]"
yajin-tensei,野人転生,11,KADOKAWA　∥　カドカワ:8 | KADOKAWA:2,KADOKAWA　∥　カドカワ,"KADOKAWA=[10, 11]",no,"[10, 11]"
yakumotatsu-arata,八雲立つ 灼(あらた),11,白泉社　∥　ハクセンシャ:9 | 白泉社:2,白泉社　∥　ハクセンシャ,"白泉社=[10, 11]",no,"[10, 11]"
yasashii-kazoku-to-taku-san-no-mofumofu-ni-kakomarete-isekai-de-shiawase-ni-kurashimasu,優しい家族と、たくさんのもふもふに囲まれて。,11,双葉社　∥　フタバシャ:8 | 双葉社:2,双葉社　∥　フタバシャ,"双葉社=[10, 11]",no,"[10, 11]"
yasei-no-rasubosu-ga-arawareta,野生のラスボスが現れた!,11,アース・スターエンターテイメント　∥　アーススターエンターテイメント:7 | [発売]泰文堂　∥　タイブンドウ:2 | アース・スターエンターテイメント:2,アース・スターエンターテイメント　∥　アーススターエンターテイメント,"[発売]泰文堂　∥　タイブンドウ=[1, 2];アース・スターエンターテイメント=[10, 11]",no,"[1, 2, 10, 11]"
yawao-to-katako,やわ男とカタ子,11,祥伝社　∥　ショウデンシャ:9 | 祥伝社:2,祥伝社　∥　ショウデンシャ,"祥伝社=[11, 12]",no,"[11, 12]"
yomawari-neko,夜廻り猫,11,講談社　∥　コウダンシャ:8 | KADOKAWA　∥　カドカワ:1 | 講談社:1,講談社　∥　コウダンシャ,KADOKAWA　∥　カドカワ=[1];講談社=[11],no,"[1, 11]"
yotogi-no-futago,夜伽の双子,11,小学館　∥　ショウガクカン:6 | 小学館:5,小学館　∥　ショウガクカン,"小学館=[7, 8, 9, 10, 11]",no,"[7, 8, 9, 10, 11]"
yuusha-party-o-tsuihousareta-beast-tamer-tamer-no-neko-ji-shoujo-to-deau,勇者パーティーを追放されたビーストテイマー、最強種の猫耳少女と出会う,11,スクウェア・エニックス　∥　スクウェア ・ エニックス:7 | スクウェア・エニックス:3 | スクウェア・エニックス　∥　スクウェアエニックス:1,スクウェア・エニックス　∥　スクウェア ・ エニックス,"スクウェア・エニックス　∥　スクウェアエニックス=[8];スクウェア・エニックス=[9, 10, 11]",no,"[8, 9, 10, 11]"
zennin-otsu-san-umarekawattara-esuesuesu-rank-jinsei-ga-kakutei-shita,善人おっさん、生まれ変わったらSSSランク人生が確定した,11,集英社　∥　シュウエイシャ:9 | 集英社:1,集英社　∥　シュウエイシャ,集英社=[11],no,[11]
10-nenkan-tomodachi-dato-omotteta-otokonoko-ni-kokuhaku-dekiaisareru-ohanashi,10年間友達だと思ってた男の子に告白されるお話,10,KADOKAWA　∥　カドカワ:6 | KADOKAWA:3,KADOKAWA　∥　カドカワ,"KADOKAWA=[8, 9, 10]",no,"[8, 9, 10]"
4-gun-kun-kari,4軍くん〈仮〉,10,集英社　∥　シュウエイシャ:7 | 集英社:3,集英社　∥　シュウエイシャ,"集英社=[10, 11, 13]",no,"[10, 11, 13]"
5-nin-no-ou,5人の王,10,フロンティアワークス　∥　フロンティア ワークス:8 | フロンティアワークス:1,フロンティアワークス　∥　フロンティア ワークス,フロンティアワークス=[10],no,[10]
7-nin-no-nemurihime,7人の眠り姫,10,講談社　∥　コウダンシャ:5 | 講談社:4,講談社　∥　コウダンシャ,"講談社=[7, 8, 9, 10]",no,"[7, 8, 9, 10]"
after-god,アフターゴッド,10,小学館　∥　ショウガクカン:7 | 小学館:2,小学館　∥　ショウガクカン,"小学館=[9, 10]",no,"[9, 10]"
akame-ga-kill-zero,アカメが斬る!零,10,スクウェア・エニックス　∥　スクウェア ・ エニックス:9 | スクウェア・エニックス　∥　スクウェア エニックス:1,スクウェア・エニックス　∥　スクウェア ・ エニックス,スクウェア・エニックス　∥　スクウェア エニックス=[1],no,[1]
akaya-akashiya-ayakashi-no,あかやあかしやあやかしの,10,KADOKAWA　∥　カドカワ:7 | Kadokawa　∥　Kadokawa:2 | KADOKAWA　∥　KADOKAWA:1,KADOKAWA　∥　カドカワ,"KADOKAWA　∥　KADOKAWA=[1];Kadokawa　∥　Kadokawa=[2, 3]",no,"[1, 2, 3]"
akujo-wa-sunadokei-o-hikkuri-kaesu,悪女は砂時計をひっくり返す,10,KADOKAWA　∥　カドカワ:6 | KADOKAWA:4,KADOKAWA　∥　カドカワ,"KADOKAWA=[7, 8, 9, 10]",no,"[7, 8, 9, 10]"
akumu-kara-mezameta-gouman-reijou-wa-yarinaoshi-o-mosakuchuu,悪夢から目覚めた傲慢令嬢はやり直しを模索中,10,双葉社　∥　フタバシャ:7 | 双葉社:2,双葉社　∥　フタバシャ,"双葉社=[9, 10]",no,"[9, 10]"
akuyaku-no-ending-wa-shi-nomi,悪役のエンディングは死のみ,10,KADOKAWA　∥　カドカワ:6 | KADOKAWA:3,KADOKAWA　∥　カドカワ,"KADOKAWA=[8, 9, 10]",no,"[8, 9, 10]"
akuyaku-reijou-no-taida-na-tameiki,悪役令嬢の怠惰な溜め息,10,KADOKAWA　∥　カドカワ:8 | KADOKAWA:2,KADOKAWA　∥　カドカワ,"KADOKAWA=[9, 10]",no,"[9, 10]"
amai-choubatsu,甘い懲罰,10,[発売]星雲社　∥　セイウンシャ:8 | [頒布]星雲社 (発売)　∥　セイウンシャ:2,[発売]星雲社　∥　セイウンシャ,"[頒布]星雲社 (発売)　∥　セイウンシャ=[9, 10]",no,"[9, 10]"
ame-wa-korekara,雨はこれから,10,モーターマガジン社　∥　モーターマガジンシャ:9 | モーターマガジン社　∥　モーター マガジンシャ:1,モーターマガジン社　∥　モーターマガジンシャ,モーターマガジン社　∥　モーター マガジンシャ=[9],no,[9]
ansatsu-koukyuu,暗殺後宮,10,小学館　∥　ショウガクカン:6 | 小学館:4,小学館　∥　ショウガクカン,"小学館=[7, 8, 9, 10]",no,"[7, 8, 9, 10]"
ao-ni-rakurai,青に落雷,10,集英社　∥　シュウエイシャ:5 | 集英社:4,集英社　∥　シュウエイシャ,"集英社=[7, 8, 9, 10]",no,"[7, 8, 9, 10]"
aoi-sekai-no-chuushin-de,蒼い世界の中心で,10,マイクロマガジン社　∥　マイクロ マガジンシャ:8 | マイクロマガジン社　∥　マイクロマガジンシャ:2,マイクロマガジン社　∥　マイクロ マガジンシャ,"マイクロマガジン社　∥　マイクロマガジンシャ=[9, 10]",no,"[9, 10]"
arafoo-boukensha-densetsu-to-naru,アラフォー冒険者、伝説となる,10,フレックスコミックス　∥　フレックスコミックス:7 | フレックスコミックス:2,フレックスコミックス　∥　フレックスコミックス,"フレックスコミックス=[9, 10]",no,"[9, 10]"
arakusa-ninpouchou,あらくさ忍法帖,10,白泉社　∥　ハクセンシャ:8 | 白泉社:2,白泉社　∥　ハクセンシャ,"白泉社=[9, 10]",no,"[9, 10]"
asobi-ni-iku-yo,あそびにいくヨ!,10,メディアファクトリー　∥　メディア ファクトリー:8 | KADOKAWA　∥　カドカワ:2,メディアファクトリー　∥　メディア ファクトリー,"KADOKAWA　∥　カドカワ=[9, 10]",no,"[9, 10]"
atchi-kocchi,あっちこっち,10,芳文社　∥　ホウブンシャ:9 | 芳文社:1,芳文社　∥　ホウブンシャ,芳文社=[10],no,[10]
baki-gaiden-gaia-to-shikorusukii,バキ外伝ガイアとシコルスキー,10,秋田書店:6 | 秋田書店　∥　アキタショテン:4,秋田書店,"秋田書店　∥　アキタショテン=[1, 2, 3, 4]",no,"[1, 2, 3, 4]"
bannou-kanteishi-q-no-file,万能鑑定士Qの事件簿,10,KADOKAWA　∥　カドカワ:9 | [発売]KADOKAWA　∥　カドカワ:1,KADOKAWA　∥　カドカワ,[発売]KADOKAWA　∥　カドカワ=[1],no,[1]
batsu-hare,バツハレ,10,集英社　∥　シュウエイシャ:6 | 集英社:3,集英社　∥　シュウエイシャ,"集英社=[8, 9, 10]",no,"[8, 9, 10]"
battery,バッテリー,10,KADOKAWA　∥　カドカワ:3 | [発売]角川グループパブリッシング　∥　カドカワ グループ パブリッシング:1,KADOKAWA　∥　カドカワ,[発売]角川グループパブリッシング　∥　カドカワ グループ パブリッシング=[7],no,[7]
big-order,ビッグオーダー,10,KADOKAWA　∥　カドカワ:6 | [発売]角川グループパブリッシング　∥　カドカワグループパブリッシング:2 | [発売]角川グループパブリッシング　∥　カドカワ グループ パブリッシング:1 | [発売]KADOKAWA　∥　カドカワ:1,KADOKAWA　∥　カドカワ,"[発売]角川グループパブリッシング　∥　カドカワ グループ パブリッシング=[1];[発売]角川グループパブリッシング　∥　カドカワグループパブリッシング=[2, 3];[発売]KADOKAWA　∥　カドカワ=[4]",no,"[1, 2, 3, 4]"
black-girls-talk,ブラックガールズトーク,10,小学館　∥　ショウガクカン:7 | 小学館:3,小学館　∥　ショウガクカン,"小学館=[8, 9, 10]",no,"[8, 9, 10]"
black-lagoon-soujiya-sawyer-kaitai-goagoa-musume,ブラック・ラグーン掃除屋ソーヤー解体!ゴアゴア娘,10,小学館　∥　ショウガクカン:8 | 小学館:2,小学館　∥　ショウガクカン,"小学館=[9, 10]",no,"[9, 10]"
black-na-kishidan-no-dorei-ga-white-na-boukensha-guild-ni-hikinukarete-esuranku-ni-narimashita,ブラックな騎士団の奴隷がホワイトな冒険者ギルドに引き抜かれてSランクになりました,10,オーバーラップ　∥　オーバーラップ:7 | オーバーラップ:2,オーバーラップ　∥　オーバーラップ,"オーバーラップ=[9, 10]",no,"[9, 10]"
black-night-parade,ブラックナイトパレード,10,集英社　∥　シュウエイシャ:9 | 集英社:1,集英社　∥　シュウエイシャ,集英社=[10],no,[10]
blood-alone,BLOOD ALONE,10,講談社　∥　コウダンシャ:7 | [発売]角川書店　∥　カドカワ ショテン:3,講談社　∥　コウダンシャ,"[発売]角川書店　∥　カドカワ ショテン=[1, 2, 3]",no,"[1, 2, 3]"
boku-ga-shinu-dake-no-hyakumonogatari,僕が死ぬだけの百物語,10,小学館　∥　ショウガクカン:8 | 小学館:2,小学館　∥　ショウガクカン,"小学館=[9, 10]",no,"[9, 10]"
boku-star,僕×スター,10,少年画報社　∥　ショウネンガホウシャ:7 | 少年画報社:3,少年画報社　∥　ショウネンガホウシャ,"少年画報社=[8, 9, 10]",no,"[8, 9, 10]"
bokura-wa-minna-shinde-iru,僕らはみんな死んでいる♪,10,集英社　∥　シュウエイシャ:9 | 集英社:1,集英社　∥　シュウエイシャ,集英社=[3],no,[3]
cecil-no-joou,セシルの女王,10,小学館　∥　ショウガクカン:7 | 小学館:3,小学館　∥　ショウガクカン,"小学館=[8, 9, 10]",no,"[8, 9, 10]"
cheat-skill-shisha-sosei-ga-kakusei-shite-inishie-no-maougun-o-fukkatsu-sasete-shimaimashita,チートスキル『死者蘇生』が覚醒して、いにしえの魔王軍を復活させてしまいました,10,[頒布]講談社　∥　コウダンシャ:8 | [頒布]講談社:2,[頒布]講談社　∥　コウダンシャ,"[頒布]講談社=[9, 10]",no,"[9, 10]"
chichi-to-ko,ちちとこ,10,スクウェア・エニックス　∥　スクウェア ・ エニックス:7 | スクウェア・エニックス　∥　スクウェア エニックス:3,スクウェア・エニックス　∥　スクウェア ・ エニックス,"スクウェア・エニックス　∥　スクウェア エニックス=[1, 2, 3]",no,"[1, 2, 3]"
chihiro-san,ちひろさん,10,秋田書店　∥　アキタショテン:9 | 秋田書店:1,秋田書店　∥　アキタショテン,秋田書店=[10],no,[10]
choushokukai,朝食会,10,少年画報社　∥　ショウネンガホウシャ:7 | 少年画報社:3,少年画報社　∥　ショウネンガホウシャ,"少年画報社=[8, 9, 10]",no,"[8, 9, 10]"
citrus,Citrus +,10,一迅社　∥　イチジンシャ:5 | [発売]講談社　∥　コウダンシャ:2 | [頒布]講談社　∥　コウダンシャ:1,一迅社　∥　イチジンシャ,"[頒布]講談社　∥　コウダンシャ=[6];[発売]講談社　∥　コウダンシャ=[9, 10]",no,"[6, 9, 10]"
croket-black-label,コロッケ!BLACK LABEL,10,小学館　∥　ショウガクカン:8 | 小学館:2,小学館　∥　ショウガクカン,"小学館=[9, 10]",no,"[9, 10]"
dame-skill-ooto-mode-ga-kakusei-shimashita,ダメスキル〈自動機能(オートモード)〉が覚醒しました,10,講談社　∥　コウダンシャ:9 | 講談社:1,講談社　∥　コウダンシャ,講談社=[10],no,[10]
dan-dawn,だんドーン,10,講談社:5 | 講談社　∥　コウダンシャ:4,講談社,"講談社　∥　コウダンシャ=[1, 2, 3, 4]",no,"[1, 2, 3, 4]"
dangan-takkuru,弾丸タックル,10,秋田書店　∥　アキタショテン:8 | 秋田書店　∥　アキタ ショテン:2,秋田書店　∥　アキタショテン,"秋田書店　∥　アキタ ショテン=[1, 2]",no,"[1, 2]"
dareka-yume-da-to-itte-kure,誰か夢だと言ってくれ,10,集英社　∥　シュウエイシャ:8 | 集英社:1,集英社　∥　シュウエイシャ,集英社=[10],no,[10]
darwin-jihen,ダーウィン事変,10,講談社　∥　コウダンシャ:7 | 講談社:2,講談社　∥　コウダンシャ,"講談社=[9, 10]",no,"[9, 10]"
dungeon-ni-deai-o-motomerunowa-machigatteirudarouka,ダンジョンに出会いを求めるのは間違っているだろうか,10,スクウェア・エニックス　∥　スクウェア ・ エニックス:7 | スクウェア・エニックス　∥　スクウェア エニックス:3,スクウェア・エニックス　∥　スクウェア ・ エニックス,"スクウェア・エニックス　∥　スクウェア エニックス=[1, 2, 3]",no,"[1, 2, 3]"
eira-to-totsukuni-no-ou,エイラと外つ国の王,10,秋田書店　∥　アキタショテン:9 | 秋田書店:1,秋田書店　∥　アキタショテン,秋田書店=[10],no,[10]
eiyuu-majutsushi-wa-nonbiri-kurashitai-attomaaku-comic,英雄魔術師はのんびり暮らしたい@COMIC,10,TOブックス　∥　ティーオーブックス:8 | TOブックス　∥　TO ブックス:1 | TOブックス:1,TOブックス　∥　ティーオーブックス,TOブックス　∥　TO ブックス=[7];TOブックス=[11],no,"[7, 11]"
eizouken-niwa-te-o-dasuna,映像研には手を出すな!,10,小学館　∥　ショウガクカン:8 | 小学館:2,小学館　∥　ショウガクカン,"小学館=[9, 10]",no,"[9, 10]"
eros-shushi,エロスの種子,10,集英社　∥　シュウエイシャ:8 | 集英社:2,集英社　∥　シュウエイシャ,"集英社=[9, 10]",no,"[9, 10]"
fight-ippatsu-juuden-chan,ファイト一発!充電ちゃん!!,10,ワニブックス　∥　ワニ ブックス:7 | ワニブックス　∥　ワニブックス:2,ワニブックス　∥　ワニ ブックス,"ワニブックス　∥　ワニブックス=[9, 10]",yes,"[9, 10]"
fuan-no-tane-asterisk,不安の種*,10,秋田書店　∥　アキタショテン:3 | 秋田書店:3 | 秋田書店　∥　アキタ ショテン:1,秋田書店　∥　アキタショテン,"秋田書店　∥　アキタ ショテン=[4];秋田書店=[8, 9, 10]",no,"[4, 8, 9, 10]"
fukushuu-kansuisha-no-jinsei-nishuume-isekai-tan,復讐完遂者の人生二周目異世界譚,10,マイクロマガジン社　∥　マイクロマガジンシャ:8 | マイクロマガジン社:2,マイクロマガジン社　∥　マイクロマガジンシャ,"マイクロマガジン社=[9, 10]",no,"[9, 10]"
fushinokami,フシノカミ,10,オーバーラップ　∥　オーバーラップ:7 | オーバーラップ:3,オーバーラップ　∥　オーバーラップ,"オーバーラップ=[8, 9, 10]",no,"[8, 9, 10]"
futari-beya,ふたりべや,10,[発売]幻冬舎　∥　ゲントウシャ:8 | [頒布]幻冬舎　∥　ゲントウシャ:2,[発売]幻冬舎　∥　ゲントウシャ,"[頒布]幻冬舎　∥　ゲントウシャ=[9, 10]",no,"[9, 10]"
futsutsukana-akujo-dewa-gozaimasuga,ふつつかな悪女ではございますが,10,[頒布]講談社　∥　コウダンシャ:7 | [頒布]講談社:2,[頒布]講談社　∥　コウダンシャ,"[頒布]講談社=[9, 10]",no,"[9, 10]"
futsuu-no-keionbu,ふつうの軽音部,10,集英社:7 | 集英社　∥　シュウエイシャ:2,集英社,"集英社　∥　シュウエイシャ=[1, 2]",no,"[1, 2]"
futsuu-no-onna-no-ko-ni-modoritai,ふつうのおんなのこにもどりたい,10,徳間書店　∥　トクマ ショテン:7 | 徳間書店:2,徳間書店　∥　トクマ ショテン,"徳間書店=[9, 10]",no,"[9, 10]"
fuzoroi-no-renri,不揃いの連理,10,KADOKAWA　∥　カドカワ:8 | KADOKAWA:2,KADOKAWA　∥　カドカワ,"KADOKAWA=[9, 10]",no,"[9, 10]"
gacen-shoujo-to-ibunka-kouryuu,ゲーセン少女と異文化交流,10,KADOKAWA　∥　カドカワ:8 | KADOKAWA:2,KADOKAWA　∥　カドカワ,"KADOKAWA=[9, 10]",no,"[9, 10]"
gas-nora-inu-tanteidan,ガス灯野良犬探偵団,10,集英社:6 | 集英社　∥　シュウエイシャ:3,集英社,"集英社　∥　シュウエイシャ=[1, 2, 3]",no,"[1, 2, 3]"
ginga-densetsu-requiem,銀牙伝説-レクイエム,10,日本文芸社:8 | 日本文芸社　∥　ニホン ブンゲイシャ:1,日本文芸社,日本文芸社　∥　ニホン ブンゲイシャ=[1],no,[1]
gokufuri-kyohi-shite-tesaguri-start-tokka-shinai-healer-nakama-to-wakarete-tabi-ni-deru,極振り拒否して手探りスタート!特化しないヒーラー、仲間と別れて旅に出る,10,KADOKAWA　∥　カドカワ:7 | KADOKAWA:2,KADOKAWA　∥　カドカワ,"KADOKAWA=[9, 10]",no,"[9, 10]"
goukon-ni-ittara-onna-ga-inakatta-hanashi,合コンに行ったら女がいなかった話,10,スクウェア・エニックス　∥　スクウェア ・ エニックス:7 | スクウェア・エニックス:2,スクウェア・エニックス　∥　スクウェア ・ エニックス,"スクウェア・エニックス=[8, 10]",no,"[8, 10]"
hai-baiyoushi-mizuiro,胚培養士ミズイロ,10,小学館　∥　ショウガクカン:5 | 小学館:4,小学館　∥　ショウガクカン,"小学館=[7, 8, 9, 10]",no,"[7, 8, 9, 10]"
hajirau-kimi-ga-mitainda,恥じらう君が見たいんだ,10,講談社　∥　コウダンシャ:8 | 講談社:1,講談社　∥　コウダンシャ,講談社=[10],no,[10]
hana-wa-saku-shura-no-gotoku,花は咲く、修羅の如く,10,集英社　∥　シュウエイシャ:7 | 集英社:3,集英社　∥　シュウエイシャ,"集英社=[8, 9, 10]",no,"[8, 9, 10]"
hanayome-shugyou-o-yametakute-reitetsu-koushaku-no-13-banme-no-konyakusha-ni-narimasu,花嫁修業をやめたくて、冷徹公爵の13番目の婚約者になります,10,フレックスコミックス　∥　フレックスコミックス:5 | フレックスコミックス:5,フレックスコミックス　∥　フレックスコミックス,"フレックスコミックス=[6, 7, 8, 9, 10]",no,"[6, 7, 8, 9, 10]"
hanyou-no-yashahime,半妖の夜叉姫,10,小学館　∥　ショウガクカン:7 | 小学館:2,小学館　∥　ショウガクカン,"小学館=[9, 10]",no,"[9, 10]"
hashire-unkooo,走れ!ウンコオー,10,文響社　∥　ブンキョウシャ:6 | 文響社:4,文響社　∥　ブンキョウシャ,"文響社=[5, 8, 9, 10]",no,"[5, 8, 9, 10]"
hebigami-sama-to-nie-no-hanahime,蛇神さまと贄の花姫,10,[頒布]ジャイブ (発売)　∥　ジャイブ:6 | [発売]ジャイブ　∥　ジャイブ:4,[頒布]ジャイブ (発売)　∥　ジャイブ,"[発売]ジャイブ　∥　ジャイブ=[1, 2, 3, 4]",no,"[1, 2, 3, 4]"
hero-company,ヒーローカンパニー,10,[発売]小学館クリエイティブ　∥　ショウガクカンクリエイティブ:8 | [発売]小学館クリエイティブ　∥　ショウガクカン クリエイティブ:2,[発売]小学館クリエイティブ　∥　ショウガクカンクリエイティブ,"[発売]小学館クリエイティブ　∥　ショウガクカン クリエイティブ=[1, 2]",no,"[1, 2]"
hi-score-girl,ハイスコアガール,10,スクウェア・エニックス　∥　スクウェア エニックス:5 | スクウェア・エニックス　∥　スクウェア ・ エニックス:5,スクウェア・エニックス　∥　スクウェア エニックス,"スクウェア・エニックス　∥　スクウェア ・ エニックス=[6, 7, 8, 9, 10]",no,"[6, 7, 8, 9, 10]"
hidamari-share-house,陽だまりシェアハウス,10,秋田書店　∥　アキタショテン:7 | 秋田書店:3,秋田書店　∥　アキタショテン,"秋田書店=[8, 9, 10]",no,"[8, 9, 10]"
idol-idol-story,Idol × idol story!,10,芳文社　∥　ホウブンシャ:5 | 芳文社:5,芳文社　∥　ホウブンシャ,"芳文社=[6, 7, 8, 9, 10]",no,"[6, 7, 8, 9, 10]"
ima-demo-wasurerarenai-ano-taikendan-hanashimasu,今でも忘れられないアノ体験談、話します,10,リイド社　∥　リイドシャ:7 | リイド社:3,リイド社　∥　リイドシャ,"リイド社=[8, 9, 10]",no,"[8, 9, 10]"
inari-konkon-koi-iroha,いなり、こんこん、恋いろは。,10,KADOKAWA　∥　カドカワ:4 | [発売]角川グループパブリッシング　∥　カドカワ グループ パブリッシング:3 | [発売]角川グループパブリッシング　∥　カドカワグループパブリッシング:2 | [発売]KADOKAWA　∥　カドカワ:1,KADOKAWA　∥　カドカワ,"[発売]角川グループパブリッシング　∥　カドカワ グループ パブリッシング=[1, 2, 3];[発売]角川グループパブリッシング　∥　カドカワグループパブリッシング=[4, 5];[発売]KADOKAWA　∥　カドカワ=[6]",no,"[1, 2, 3, 4, 5, 6]"
infini-t-force,Infini-T Force,10,[発売]小学館クリエイティブ　∥　ショウガクカンクリエイティブ:9 | [頒布]小学館クリエイティブ (発売)　∥　ショウガクカンクリエイティブ:1,[発売]小学館クリエイティブ　∥　ショウガクカンクリエイティブ,[頒布]小学館クリエイティブ (発売)　∥　ショウガクカンクリエイティブ=[10],no,[10]
isekai-de-slow-life-o-ganbou,異世界でスローライフを〈願望〉,10,オーバーラップ　∥　オーバーラップ:8 | オーバーラップ:2,オーバーラップ　∥　オーバーラップ,"オーバーラップ=[9, 10]",no,"[9, 10]"
isekai-demo-kagiya-san,異世界でも鍵屋さん,10,宝島社　∥　タカラジマシャ:7 | 宝島社:3,宝島社　∥　タカラジマシャ,"宝島社=[8, 9, 10]",no,"[8, 9, 10]"
izakaya-bottakuri,居酒屋ぼったくり,10,[発売]星雲社　∥　セイウンシャ:5 | [頒布]星雲社 (発売)　∥　セイウンシャ:3 | [頒布]星雲社　∥　セイウンシャ:1 | [頒布]星雲社:1,[発売]星雲社　∥　セイウンシャ,"[頒布]星雲社 (発売)　∥　セイウンシャ=[6, 7, 8];[頒布]星雲社　∥　セイウンシャ=[9];[頒布]星雲社=[11]",no,"[6, 7, 8, 9, 11]"
jinrou-e-no-tensei-maou-no-fukukan,人狼への転生、魔王の副官,10,アース・スターエンターテイメント　∥　アーススターエンターテイメント:9 | [発売]泰文堂　∥　タイブンドウ:1,アース・スターエンターテイメント　∥　アーススターエンターテイメント,[発売]泰文堂　∥　タイブンドウ=[1],no,[1]
joshiryoku-takamena-shishihara-kun,女子力高めな獅子原くん,10,[頒布]講談社　∥　コウダンシャ:6 | [頒布]講談社:2 | [発売]講談社　∥　コウダンシャ:1,[頒布]講談社　∥　コウダンシャ,"[発売]講談社　∥　コウダンシャ=[1];[頒布]講談社=[8, 10]",no,"[1, 8, 10]"
juui-san-no-oshigoto-in-isekai,獣医さんのお仕事in異世界,10,[発売]星雲社　∥　セイウンシャ:5 | [頒布]星雲社 (発売)　∥　セイウンシャ:3 | [頒布]星雲社　∥　セイウンシャ:1 | [頒布]星雲社:1,[発売]星雲社　∥　セイウンシャ,"[頒布]星雲社 (発売)　∥　セイウンシャ=[6, 7, 8];[頒布]星雲社　∥　セイウンシャ=[9];[頒布]星雲社=[10]",no,"[6, 7, 8, 9, 10]"
kabesaa-doujin-sakka-no-nekoyashiki-kun-wa-shounin-yokkyuu-o-kojirasete-iru,壁サー同人作家の猫屋敷くんは承認欲求をこじらせている,10,徳間書店　∥　トクマ ショテン:8 | 徳間書店:1,徳間書店　∥　トクマ ショテン,徳間書店=[10],no,[10]
kahogo-na-wakadanna-sama-no-amayakashi-kon,過保護な若旦那様の甘やかし婚,10,講談社　∥　コウダンシャ:6 | 講談社:3,講談社　∥　コウダンシャ,"講談社=[8, 9, 10]",no,"[8, 9, 10]"
kaii-to-otome-to-kamikakushi,怪異と乙女と神隠し,10,小学館　∥　ショウガクカン:8 | 小学館:2,小学館　∥　ショウガクカン,"小学館=[9, 10]",no,"[9, 10]"
kaijin-kaihatsubu-no-kreuz-san,怪人開発部の黒井津さん,10,フレックスコミックス　∥　フレックスコミックス:9 | フレックスコミックス:1,フレックスコミックス　∥　フレックスコミックス,フレックスコミックス=[10],no,[10]
kami-naki-sekai-no-kami-sama-katsudou,神無き世界のカミサマ活動,10,[頒布]小学館クリエイティブ (発売)　∥　ショウガクカンクリエイティブ:5 | [発売]小学館クリエイティブ　∥　ショウガクカンクリエイティブ:2 | [頒布]小学館クリエイティブ　∥　ショウガクカンクリエイティブ:2 | [頒布]小学館クリエイティブ:1,[頒布]小学館クリエイティブ (発売)　∥　ショウガクカンクリエイティブ,"[発売]小学館クリエイティブ　∥　ショウガクカンクリエイティブ=[1, 2];[頒布]小学館クリエイティブ　∥　ショウガクカンクリエイティブ=[8, 9];[頒布]小学館クリエイティブ=[10]",no,"[1, 2, 8, 9, 10]"
kantai-no-chef,艦隊のシェフ,10,講談社　∥　コウダンシャ:7 | 講談社:2,講談社　∥　コウダンシャ,"講談社=[8, 10]",no,"[8, 10]"
kasei-madoushi-no-isekai-seikatsu,家政魔導士の異世界生活,10,[頒布]講談社　∥　コウダンシャ:6 | [発売]講談社　∥　コウダンシャ:2 | [頒布]講談社:2,[頒布]講談社　∥　コウダンシャ,"[発売]講談社　∥　コウダンシャ=[1, 2];[頒布]講談社=[9, 10]",no,"[1, 2, 9, 10]"
kashoku-no-shiro,花燭の白,10,[頒布]講談社　∥　コウダンシャ:7 | [頒布]講談社:2 | [発売]講談社　∥　コウダンシャ:1,[頒布]講談社　∥　コウダンシャ,"[発売]講談社　∥　コウダンシャ=[1];[頒布]講談社=[9, 10]",no,"[1, 9, 10]"
katabami-to-ougon,片喰と黄金,10,集英社　∥　シュウエイシャ:6 | 講談社　∥　コウダンシャ:4,集英社　∥　シュウエイシャ,"講談社　∥　コウダンシャ=[7, 8, 9, 10]",no,"[7, 8, 9, 10]"
kijin-gentoushou,鬼人幻燈抄,10,双葉社　∥　フタバシャ:6 | 双葉社:4,双葉社　∥　フタバシャ,"双葉社=[7, 8, 9, 10]",no,"[7, 8, 9, 10]"
kimi-niwa-todokanai,君には届かない。,10,KADOKAWA　∥　カドカワ:8 | KADOKAWA:2,KADOKAWA　∥　カドカワ,"KADOKAWA=[9, 10]",no,"[9, 10]"
kimiiro-focus,キミイロフォーカス,10,秋田書店　∥　アキタ ショテン:9 | 秋田書店:1,秋田書店　∥　アキタ ショテン,秋田書店=[10],no,[10]
kingdom-hearts-ii,キングダムハーツⅡ,10,スクウェア・エニックス　∥　スクウェア エニックス:7 | スクウェア・エニックス　∥　スクウェア ・ エニックス:2,スクウェア・エニックス　∥　スクウェア エニックス,"スクウェア・エニックス　∥　スクウェア ・ エニックス=[9, 10]",no,"[9, 10]"
kinsou-no-verumeiyu,金装のヴェルメイユ,10,スクウェア・エニックス　∥　スクウェア ・ エニックス:8 | スクウェア・エニックス:1,スクウェア・エニックス　∥　スクウェア ・ エニックス,スクウェア・エニックス=[10],no,[10]
kiruto-s,キルトS,10,秋田書店:7 | 秋田書店　∥　アキタ ショテン:3,秋田書店,"秋田書店　∥　アキタ ショテン=[8, 9, 10]",no,"[8, 9, 10]"
kizoku-tensei,貴族転生,10,スクウェア・エニックス　∥　スクウェア ・ エニックス:8 | スクウェア・エニックス:2,スクウェア・エニックス　∥　スクウェア ・ エニックス,"スクウェア・エニックス=[9, 10]",no,"[9, 10]"
kizumono-no-hanayome,傷モノの花嫁,10,講談社:5 | 講談社　∥　コウダンシャ:3,講談社,"講談社　∥　コウダンシャ=[1, 2, 3]",no,"[1, 2, 3]"
knights,1001,10,KADOKAWA　∥　カドカワ:7 | [発売]角川グループパブリッシング　∥　カドカワグループパブリッシング:2 | [発売]角川グループホールディングス　∥　カドカワグループホールディングス:1,KADOKAWA　∥　カドカワ,"[発売]角川グループパブリッシング　∥　カドカワグループパブリッシング=[1, 2];[発売]角川グループホールディングス　∥　カドカワグループホールディングス=[3]",no,"[1, 2, 3]"
koe-de-oshigoto,こえでおしごと!,10,ワニブックス　∥　ワニ ブックス:6 | ワニブックス　∥　ワニブックス:3,ワニブックス　∥　ワニ ブックス,"ワニブックス　∥　ワニブックス=[8, 9, 10]",no,"[8, 9, 10]"
koi-no-noroi-wa-ai-de-toke,恋の呪いは愛で解け,10,コアミックス　∥　コアミックス:8 | コアミックス　∥　コア ミックス:2,コアミックス　∥　コアミックス,"コアミックス　∥　コア ミックス=[1, 7]",no,"[1, 7]"
koibito-ijou-yuujin-miman,恋人以上友人未満,10,集英社　∥　シュウエイシャ:6 | 集英社:4,集英社　∥　シュウエイシャ,"集英社=[7, 8, 9, 10]",no,"[7, 8, 9, 10]"
koisuru-intelligence,恋するインテリジェンス,10,[発売]幻冬舎　∥　ゲントウシャ:8 | [頒布]幻冬舎　∥　ゲントウシャ:2,[発売]幻冬舎　∥　ゲントウシャ,"[頒布]幻冬舎　∥　ゲントウシャ=[9, 10]",no,"[9, 10]"
koko-wa-ima-kara-rinri-desu,ここは今から倫理です。,10,集英社　∥　シュウエイシャ:9 | 集英社:1,集英社　∥　シュウエイシャ,集英社=[10],no,[10]
koushaku-fujin-no-50-no-ocha-recipe,公爵夫人の50のお茶レシピ,10,KADOKAWA　∥　カドカワ:6 | KADOKAWA:3,KADOKAWA　∥　カドカワ,"KADOKAWA=[8, 9, 10]",no,"[8, 9, 10]"
kuchizuke-wa-uso-no-aji,くちづけは嘘の味,10,海王社　∥　カイオウシャ:9 | 海王社:1,海王社　∥　カイオウシャ,海王社=[10],no,[10]
kyojinzoku-no-hanayome,巨人族の花嫁,10,[頒布]星雲社:3 | [発売]星雲社　∥　セイウンシャ:2 | [頒布]星雲社 (発売)　∥　セイウンシャ:2 | [頒布]星雲社　∥　セイウンシャ:2,[頒布]星雲社,"[発売]星雲社　∥　セイウンシャ=[1, 2];[頒布]星雲社 (発売)　∥　セイウンシャ=[4, 5];[頒布]星雲社　∥　セイウンシャ=[6, 7]",no,"[1, 2, 4, 5, 6, 7]"
kyou-mo-curry-desuka,今日もカレーですか?,10,竹書房　∥　タケ ショボウ:7 | 竹書房:3,竹書房　∥　タケ ショボウ,"竹書房=[8, 9, 10]",no,"[8, 9, 10]"
kyou-mo-ouji-ga-toutoi-desu,今日も王子が尊いです。,10,小学館　∥　ショウガクカン:6 | 小学館:4,小学館　∥　ショウガクカン,"小学館=[7, 8, 9, 10]",no,"[7, 8, 9, 10]"
kyou-no-hon,恐之本,10,少年画報社　∥　ショウネンガホウシャ:7 | 少年画報社　∥　ショウネン ガホウシャ:3,少年画報社　∥　ショウネンガホウシャ,"少年画報社　∥　ショウネン ガホウシャ=[1, 2, 3]",no,"[1, 2, 3]"
let-goutokuji-sekando,Let's豪徳寺!SECOND,10,双葉社　∥　フタバシャ:8 | 双葉社:2,双葉社　∥　フタバシャ,"双葉社=[9, 10]",no,"[9, 10]"
long-riders,ろんぐらいだぁす!,10,[発売]KADOKAWA　∥　カドカワ:5 | 一迅社　∥　イチジンシャ:3 | [頒布]KADOKAWA (発売)　∥　カドカワ:1,[発売]KADOKAWA　∥　カドカワ,"一迅社　∥　イチジンシャ=[1, 2, 6];[頒布]KADOKAWA (発売)　∥　カドカワ=[9]",no,"[1, 2, 6, 9]"
madan-no-ou-to-vanadis,魔弾の王と戦姫,10,KADOKAWA　∥　カドカワ:6 | Kadokawa　∥　Kadokawa:2 | KADOKAWA　∥　KADOKAWA:2,KADOKAWA　∥　カドカワ,"Kadokawa　∥　Kadokawa=[1, 2];KADOKAWA　∥　KADOKAWA=[3, 5]",no,"[1, 2, 3, 5]"
magmell-shinkai-suizokukan,マグメル深海水族館,10,新潮社　∥　シンチョウシャ:9 | 新潮社:1,新潮社　∥　シンチョウシャ,新潮社=[10],no,[10]
mamahaha-no-tsurego-ga-motokano-datta,継母の連れ子が元カノだった,10,KADOKAWA　∥　カドカワ:8 | KADOKAWA:2,KADOKAWA　∥　カドカワ,"KADOKAWA=[9, 10]",no,"[9, 10]"
mamotte-shugo-getten-kaifuu-no-show,まもって守護月天!解封の章,10,マッグガーデン　∥　マッグ ガーデン:9 | マッグガーデン:1,マッグガーデン　∥　マッグ ガーデン,マッグガーデン=[10],no,[10]
manga-koomote-chan,漫画 小面ちゃん,10,[発売]小学館スクウェア　∥　ショウガクカンスクウェア:6 | [発売]小学館スクウェア　∥　ショウガクカン スクウェア:4,[発売]小学館スクウェア　∥　ショウガクカンスクウェア,"[発売]小学館スクウェア　∥　ショウガクカン スクウェア=[1, 2, 3, 4]",no,"[1, 2, 3, 4]"
mannen-dranku-no-chuunen-boukensha-yotta-ikioi-de-densetsu-no-ken-o-hikkonuku,万年Dランクの中年冒険者、酔った勢いで伝説の剣を引っこ抜く,10,スクウェア・エニックス　∥　スクウェア ・ エニックス:9 | スクウェア・エニックス:1,スクウェア・エニックス　∥　スクウェア ・ エニックス,スクウェア・エニックス=[11],no,[11]
marronnier-oukoku-no-shichinin-no-kishi,マロニエ王国の七人の騎士,10,小学館　∥　ショウガクカン:9 | 小学館:1,小学館　∥　ショウガクカン,小学館=[10],no,[10]
masaka-na-koi-ni-narimashita,まさかな恋になりました。,10,小学館　∥　ショウガクカン:9 | 小学館:1,小学館　∥　ショウガクカン,小学館=[10],no,[10]
megamitachi-no-nijuusou,女神たちの二重奏,10,実業之日本社　∥　ジツギョウ ノ ニホンシャ:6 | 実業之日本社　∥　ジツギョウノニホンシャ:4,実業之日本社　∥　ジツギョウ ノ ニホンシャ,"実業之日本社　∥　ジツギョウノニホンシャ=[5, 6, 9, 10]",no,"[5, 6, 9, 10]"
megane-tokidoki-yankee-kun,メガネ、時々、ヤンキーくん,10,講談社　∥　コウダンシャ:7 | 講談社:3,講談社　∥　コウダンシャ,"講談社=[8, 9, 10]",no,"[8, 9, 10]"
meideea-tensei-monogatari,メイデーア転生物語,10,スクウェア・エニックス　∥　スクウェア ・ エニックス:8 | スクウェア・エニックス:2,スクウェア・エニックス　∥　スクウェア ・ エニックス,"スクウェア・エニックス=[9, 10]",no,"[9, 10]"
metcha-shoukansareta-ken-the-comic,めっちゃ召喚された件the comic,10,マッグガーデン　∥　マッグ ガーデン:8 | マッグガーデン:2,マッグガーデン　∥　マッグ ガーデン,"マッグガーデン=[11, 12]",no,"[11, 12]"
mobile-ryodan-hachifukujin,機動旅団八福神,10,エンターブレイン:5 | [発売]角川グループパブリッシング　∥　カドカワ グループ パブリッシング:1,エンターブレイン,[発売]角川グループパブリッシング　∥　カドカワ グループ パブリッシング=[10],yes,[10]
momoiro-meloik,桃色メロイック,10,少年画報社　∥　ショウネンガホウシャ:7 | 少年画報社　∥　ショウネン ガホウシャ:3,少年画報社　∥　ショウネンガホウシャ,"少年画報社　∥　ショウネン ガホウシャ=[1, 2, 3]",no,"[1, 2, 3]"
monster-hunter,モンスターハンター 閃光の狩人,10,KADOKAWA　∥　カドカワ:4 | [発売]角川グループパブリッシング　∥　カドカワグループパブリッシング:3 | [発売]角川グループパブリッシング　∥　カドカワ グループ パブリッシング:2 | [発売]角川グループホールディングス　∥　カドカワグループホールディングス:1,KADOKAWA　∥　カドカワ,"[発売]角川グループパブリッシング　∥　カドカワ グループ パブリッシング=[1, 2];[発売]角川グループパブリッシング　∥　カドカワグループパブリッシング=[3, 4, 5];[発売]角川グループホールディングス　∥　カドカワグループホールディングス=[6]",no,"[1, 2, 3, 4, 5, 6]"
moto-koushaku-reijou-no-shuushoku-attomaaku-comic,元公爵令嬢の就職@comic,10,TOブックス　∥　ティーオーブックス:6 | TOブックス:3 | TOブックス　∥　TO ブックス:1,TOブックス　∥　ティーオーブックス,"TOブックス　∥　TO ブックス=[6];TOブックス=[8, 9, 10]",no,"[6, 8, 9, 10]"
mushoku-no-eiyuu,無職の英雄,10,アース・スターエンターテイメント　∥　アーススターエンターテイメント:7 | アース・スターエンターテイメント:3,アース・スターエンターテイメント　∥　アーススターエンターテイメント,"アース・スターエンターテイメント=[7, 9, 10]",no,"[7, 9, 10]"
nagato-yuki-chan-no-shoushitsu,長門有希ちゃんの消失,10,KADOKAWA　∥　カドカワ:5 | [発売]角川グループパブリッシング　∥　カドカワ グループ パブリッシング:3 | [発売]角川グループパブリッシング　∥　カドカワグループパブリッシング:2,KADOKAWA　∥　カドカワ,"[発売]角川グループパブリッシング　∥　カドカワ グループ パブリッシング=[1, 2, 3];[発売]角川グループパブリッシング　∥　カドカワグループパブリッシング=[4, 5]",no,"[1, 2, 3, 4, 5]"
nageki-no-bourei-wa-intai-shitai,嘆きの亡霊は引退したい,10,KADOKAWA　∥　カドカワ:9 | KADOKAWA:1,KADOKAWA　∥　カドカワ,KADOKAWA=[12],no,[12]
natsume-to-natsume,なつめとなつめ,10,マイクロマガジン社　∥　マイクロマガジンシャ:8 | マイクロマガジン社:1,マイクロマガジン社　∥　マイクロマガジンシャ,マイクロマガジン社=[10],no,[10]
nichi-nichi-sora-no-tayori,日・日・天(そら)のたより,10,秋田書店　∥　アキタショテン:7 | 秋田書店:3,秋田書店　∥　アキタショテン,"秋田書店=[9, 10, 11]",no,"[9, 10, 11]"
nido-tensei-shounen-wa-s-rank-boukensha-to-shite-heion-ni-sugosu,二度転生した少年はSランク冒険者として平穏に過ごす,10,スクウェア・エニックス　∥　スクウェア ・ エニックス:8 | スクウェア・エニックス:2,スクウェア・エニックス　∥　スクウェア ・ エニックス,"スクウェア・エニックス=[9, 10]",no,"[9, 10]"
nihonkoku-shoukan,日本国召喚,10,KADOKAWA　∥　カドカワ:8 | KADOKAWA:2,KADOKAWA　∥　カドカワ,"KADOKAWA=[9, 10]",no,"[9, 10]"
niito-chan-to-onii-chan,新戸ちゃんとお兄ちゃん,10,[発売]ほるぷ出版　∥　ホルプシュッパン:5 | フレックスコミックス　∥　フレックスコミックス:5,[発売]ほるぷ出版　∥　ホルプシュッパン,"フレックスコミックス　∥　フレックスコミックス=[6, 7, 8, 9, 10]",no,"[6, 7, 8, 9, 10]"
nikaidou-jigoku-golf,二階堂地獄ゴルフ,10,講談社:7 | 講談社　∥　コウダンシャ:3,講談社,"講談社　∥　コウダンシャ=[1, 2, 3]",no,"[1, 2, 3]"
noa-senpai-wa-tomodachi,のあ先輩はともだち。,10,集英社:7 | 集英社　∥　シュウエイシャ:3,集英社,"集英社　∥　シュウエイシャ=[1, 2, 3]",no,"[1, 2, 3]"
not-lives,NOT LIVES,10,KADOKAWA　∥　カドカワ:6 | Kadokawa　∥　Kadokawa:3 | [発売]KADOKAWA　∥　カドカワ:1,KADOKAWA　∥　カドカワ,"Kadokawa　∥　Kadokawa=[1, 2, 3];[発売]KADOKAWA　∥　カドカワ=[4]",no,"[1, 2, 3, 4]"
obungu-to-isshokenmei,お文具といっしょ,10,講談社　∥　コウダンシャ:9 | 講談社:1,講談社　∥　コウダンシャ,講談社=[11],no,[11]
ochibi-san,オチビサン,10,朝日新聞出版　∥　アサヒシンブンシュッパン:8 | 朝日新聞出版　∥　アサヒ シンブン シュッパン:2,朝日新聞出版　∥　アサヒシンブンシュッパン,"朝日新聞出版　∥　アサヒ シンブン シュッパン=[1, 3]",no,"[1, 3]"
ochikobore-kuni-o-deru,落ちこぼれ国を出る,10,スクウェア・エニックス　∥　スクウェア ・ エニックス:7 | スクウェア・エニックス:3,スクウェア・エニックス　∥　スクウェア ・ エニックス,"スクウェア・エニックス=[8, 9, 10]",no,"[8, 9, 10]"
oda-cinnamon-nobunaga,織田シナモン信長,10,[発売]徳間書店　∥　トクマ ショテン:8 | コアミックス　∥　コア ミックス:1 | コアミックス　∥　コアミックス:1,[発売]徳間書店　∥　トクマ ショテン,コアミックス　∥　コア ミックス=[9];コアミックス　∥　コアミックス=[10],no,"[9, 10]"
ojou-sama-wa-oshioki-ga-suki,お嬢様はお仕置きが好き,10,小学館　∥　ショウガクカン:9 | 小学館:1,小学館　∥　ショウガクカン,小学館=[10],no,[10]
okinawa-de-suki-ni-natta-ko-ga-hougensugite-tsurasugiru,沖縄で好きになった子が方言すぎてツラすぎる,10,新潮社　∥　シンチョウシャ:8 | 新潮社:2,新潮社　∥　シンチョウシャ,"新潮社=[9, 11]",no,"[9, 11]"
omaera-zenin-mendokusai,お前ら全員めんどくさい!,10,[発売]ほるぷ出版　∥　ホルプシュッパン:7 | フレックスコミックス　∥　フレックスコミックス:3,[発売]ほるぷ出版　∥　ホルプシュッパン,"フレックスコミックス　∥　フレックスコミックス=[8, 9, 10]",no,"[8, 9, 10]"
onecha,おねチャ。,10,日本文芸社　∥　ニホン ブンゲイシャ:7 | 日本文芸社:3,日本文芸社　∥　ニホン ブンゲイシャ,"日本文芸社=[8, 9, 10]",no,"[8, 9, 10]"
onii-chan-wa-oshimai,お兄ちゃんはおしまい!,10,[発売]講談社　∥　コウダンシャ:4 | [頒布]講談社　∥　コウダンシャ:4 | [頒布]講談社:2,[発売]講談社　∥　コウダンシャ,"[頒布]講談社　∥　コウダンシャ=[5, 6, 7, 8];[頒布]講談社=[9, 10]",no,"[5, 6, 7, 8, 9, 10]"
onijoushi-no-yakimochi-ga-kawaisugimasu,鬼上司のヤキモチが可愛すぎます!!,10,小学館クリエイティブ　∥　ショウガクカンクリエイティブ:5 | 小学館クリエイティブ:3 | 小学館クリエイティブ　∥　ショウガクカン クリエイティブ:2,小学館クリエイティブ　∥　ショウガクカンクリエイティブ,"小学館クリエイティブ　∥　ショウガクカン クリエイティブ=[5, 7];小学館クリエイティブ=[8, 9, 10]",no,"[5, 7, 8, 9, 10]"
onryou-oku-sama,怨霊奥様,10,BookLive　∥　ブックライヴ:6 | BookLive　∥　ブックライブ:4,BookLive　∥　ブックライヴ,"BookLive　∥　ブックライブ=[1, 2, 3, 4]",no,"[1, 2, 3, 4]"
oodorii-hepubaan-monogatari,オードリー・ヘプバーン物語,10,近代映画社　∥　キンダイ エイガシャ:5 | 近代映画社　∥　キンダイエイガシャ:3,近代映画社　∥　キンダイ エイガシャ,"近代映画社　∥　キンダイエイガシャ=[8, 9, 10]",no,"[8, 9, 10]"
ore-no-zense-no-chishiki-de-teihenshoku-tamer-ga-joukyuushoku-ni-natte-shimaisou-na-ken,俺の前世の知識で底辺職テイマーが上級職になってしまいそうな件,10,オーバーラップ　∥　オーバーラップ:7 | オーバーラップ:3,オーバーラップ　∥　オーバーラップ,"オーバーラップ=[8, 9, 10]",no,"[8, 9, 10]"
ore-wa-seikan-kokka-no-akutoku-ryoushu,俺は星間国家の悪徳領主!,10,オーバーラップ　∥　オーバーラップ:6 | オーバーラップ:3,オーバーラップ　∥　オーバーラップ,"オーバーラップ=[8, 9, 10]",no,"[8, 9, 10]"
ore-yuusha-ja-nai-desu-kara,俺、勇者じゃないですから。,10,文藝春秋　∥　ブンゲイシュンジュウ:6 | 文藝春秋:3,文藝春秋　∥　ブンゲイシュンジュウ,"文藝春秋=[8, 9, 10]",no,"[8, 9, 10]"
osake-no-tame-ni-otomege-setting-o-buchikowashita-kekka-akuyaku-reijou-ga-cheat-reijou-ni,お酒のために乙女ゲー設定をぶち壊した結果、悪役令嬢がチート令嬢になりました,10,KADOKAWA　∥　カドカワ:8 | KADOKAWA:1,KADOKAWA　∥　カドカワ,KADOKAWA=[10],no,[10]
otome-youkai-zakuro,おとめ妖怪ざくろ,10,[発売]幻冬舎　∥　ゲントウシャ:8 | [頒布]幻冬舎:1,[発売]幻冬舎　∥　ゲントウシャ,[頒布]幻冬舎=[5],no,[5]
otou-san-watashi-kono-kekkon-iya-desu,お父さん、私この結婚イヤです!,10,[頒布]講談社　∥　コウダンシャ:7 | [頒布]講談社:2,[頒布]講談社　∥　コウダンシャ,"[頒布]講談社=[9, 10]",no,"[9, 10]"
otouto-no-kao-shite-warau-nowa-mou-yameru,弟の顔して笑うのはもう、やめる,10,松文館　∥　ショウブンカン:9 | 松文館:1,松文館　∥　ショウブンカン,松文館=[10],no,[10]
ouji-ni-dekiai-saretakunai-node-motopurinsesu-desu-dansou-shitsuji-ni-narimasu,王子に溺愛されたくないので元プリンセスですが男装執事になります!,10,白泉社　∥　ハクセンシャ:7 | 白泉社:2,白泉社　∥　ハクセンシャ,"白泉社=[9, 10]",no,"[9, 10]"
parts-no-pa,パーツのぱ,10,[発売]角川グループパブリッシング　∥　カドカワ グループ パブリッシング:5 | [発売]角川グループパブリッシング　∥　カドカワグループパブリッシング:2 | KADOKAWA　∥　カドカワ:2 | [発売]KADOKAWA　∥　カドカワ:1,[発売]角川グループパブリッシング　∥　カドカワ グループ パブリッシング,"[発売]角川グループパブリッシング　∥　カドカワグループパブリッシング=[6, 7];[発売]KADOKAWA　∥　カドカワ=[8];KADOKAWA　∥　カドカワ=[9, 10]",yes,"[6, 7, 8, 9, 10]"
party-kara-tsuihousareta-sareta-sono-chiyushi-jitsu-wa-saikyou-ni-tsuki,パーティーから追放されたその治癒師、実は最強につき,10,双葉社　∥　フタバシャ:8 | 双葉社:2,双葉社　∥　フタバシャ,"双葉社=[9, 10]",no,"[9, 10]"
puuneko,プ～ねこ,10,講談社　∥　コウダンシャ:7 | 講談社:1,講談社　∥　コウダンシャ,講談社=[10],no,[10]
r15-ja-dame-desu-ka,R15+じゃダメですか?,10,講談社　∥　コウダンシャ:7 | 講談社:3,講談社　∥　コウダンシャ,"講談社=[8, 9, 10]",no,"[8, 9, 10]"
raki-suta,らき☆すた,10,[発売]角川グループパブリッシング　∥　カドカワ グループ パブリッシング:6 | KADOKAWA　∥　カドカワ:1,[発売]角川グループパブリッシング　∥　カドカワ グループ パブリッシング,KADOKAWA　∥　カドカワ=[10],no,[10]
rarara,ラララ,10,スクウェア・エニックス　∥　スクウェア ・ エニックス:8 | スクウェア・エニックス　∥　スクウェア エニックス:2,スクウェア・エニックス　∥　スクウェア ・ エニックス,"スクウェア・エニックス　∥　スクウェア エニックス=[1, 2]",no,"[1, 2]"
revenge-wedding,リベンジ・ウェディング,10,小学館　∥　ショウガクカン:6 | 小学館:4,小学館　∥　ショウガクカン,"小学館=[7, 8, 9, 10]",no,"[7, 8, 9, 10]"
roppen,ROPPEN-六篇-,10,小学館　∥　ショウガクカン:5 | 小学館:5,小学館　∥　ショウガクカン,"小学館=[6, 7, 8, 9, 10]",no,"[6, 7, 8, 9, 10]"
rozen-maiden,Rozen Maiden,10,集英社　∥　シュウエイシャ:2 | 幻冬舎コミックス:1,集英社　∥　シュウエイシャ,幻冬舎コミックス=[8],no,[8]
rurouni-kenshin-meiji-kenkaku-roman-tan-hokkaido-hen,るろうに剣心-明治剣客浪漫譚・北海道編-,10,集英社　∥　シュウエイシャ:9 | 集英社:1,集英社　∥　シュウエイシャ,集英社=[10],no,[10]
ryojou-mystery-special,旅情ミステリースペシャル,10,実業之日本社　∥　ジツギョウ ノ ニホンシャ:7 | 実業之日本社　∥　ジツギョウノニホンシャ:3,実業之日本社　∥　ジツギョウ ノ ニホンシャ,"実業之日本社　∥　ジツギョウノニホンシャ=[2, 3, 5]",no,"[2, 3, 5]"
ryuukishi-no-okiniiri,竜騎士のお気に入り,10,[頒布]講談社　∥　コウダンシャ:5 | [発売]講談社　∥　コウダンシャ:3 | [頒布]講談社:2,[頒布]講談社　∥　コウダンシャ,"[発売]講談社　∥　コウダンシャ=[1, 2, 3];[頒布]講談社=[9, 10]",no,"[1, 2, 3, 9, 10]"
ryuuma-no-gagou,リュウマのガゴウ,10,少年画報社　∥　ショウネンガホウシャ:7 | 少年画報社　∥　ショウネン ガホウシャ:3,少年画報社　∥　ショウネンガホウシャ,"少年画報社　∥　ショウネン ガホウシャ=[1, 2, 3]",no,"[1, 2, 3]"
ryuushika-ryuushika,リューシカ・リューシカ,10,スクウェア・エニックス　∥　スクウェア エニックス:8 | スクウェア・エニックス　∥　スクウェア ・ エニックス:2,スクウェア・エニックス　∥　スクウェア エニックス,"スクウェア・エニックス　∥　スクウェア ・ エニックス=[9, 10]",no,"[9, 10]"
saikyou-mahoushi-no-inton-keikaku,最強魔法師の隠遁計画,10,スクウェア・エニックス　∥　スクウェア ・ エニックス:8 | ホビージャパン　∥　ホビー ジャパン:2,スクウェア・エニックス　∥　スクウェア ・ エニックス,"ホビージャパン　∥　ホビー ジャパン=[1, 2]",no,"[1, 2]"
saikyou-no-shokugyou-wa-yuusha-demo-kenja-demo-naku-kanteishi-kari-rashii-desu-yo,最強の職業は勇者でも賢者でもなく鑑定士〈仮〉らしいですよ?,10,[頒布]星雲社 (発売)　∥　セイウンシャ:4 | [発売]星雲社　∥　セイウンシャ:3 | [頒布]星雲社:2 | [頒布]星雲社　∥　セイウンシャ:1,[頒布]星雲社 (発売)　∥　セイウンシャ,"[発売]星雲社　∥　セイウンシャ=[2, 3, 4];[頒布]星雲社　∥　セイウンシャ=[9];[頒布]星雲社=[10, 11]",no,"[2, 3, 4, 9, 10, 11]"
saishoukan-sareta-yuusha-wa-ippanjin-to-shite-ikite-iku,再召喚された勇者は一般人として生きていく?,10,宝島社　∥　タカラジマシャ:8 | 宝島社:2,宝島社　∥　タカラジマシャ,"宝島社=[10, 11]",no,"[10, 11]"
saiyaku-wa-boku-o-sukisugiru,災厄は僕を好きすぎる,10,徳間書店　∥　トクマ ショテン:9 | 徳間書店:1,徳間書店　∥　トクマ ショテン,徳間書店=[11],no,[11]
sankakumado-no-sotogawa-wa-yoru,さんかく窓の外側は夜,10,リブレ　∥　リブレ:7 | リブレ出版　∥　リブレ シュッパン:3,リブレ　∥　リブレ,"リブレ出版　∥　リブレ シュッパン=[1, 2, 3]",no,"[1, 2, 3]"
sefure,せふれ,10,少年画報社　∥　ショウネンガホウシャ:8 | 少年画報社:2,少年画報社　∥　ショウネンガホウシャ,"少年画報社=[9, 10]",no,"[9, 10]"
seijo-ja-nai-to-tsuihousareta-sareta-node-mofumofu-juusha-seijuu-to-onigiri-o-nigiru,聖女じゃないと追放されたので、もふもふ従者〈聖獣〉とおにぎりを握る,10,双葉社　∥　フタバシャ:7 | 双葉社:2,双葉社　∥　フタバシャ,"双葉社=[9, 10]",no,"[9, 10]"
seiken-gakuin-no-makentsukai,聖剣学院の魔剣使い,10,KADOKAWA　∥　カドカワ:8 | KADOKAWA:1,KADOKAWA　∥　カドカワ,KADOKAWA=[10],no,[10]
seiken-no-blacksmith,聖剣の刀鍛冶,10,メディアファクトリー　∥　メディア ファクトリー:8 | KADOKAWA　∥　カドカワ:2,メディアファクトリー　∥　メディア ファクトリー,"KADOKAWA　∥　カドカワ=[9, 10]",no,"[9, 10]"
seinaru-hanayome-no-hanran,聖なる花嫁の反乱,10,講談社　∥　コウダンシャ:5 | [発売]ソフトバンククリエイティブ　∥　ソフトバンク クリエイティブ:2 | [発売]ほるぷ出版　∥　ホルプシュッパン:2 | [発売]ほるぷ出版　∥　ホルプ シュッパン:1,講談社　∥　コウダンシャ,"[発売]ソフトバンククリエイティブ　∥　ソフトバンク クリエイティブ=[6, 7];[発売]ほるぷ出版　∥　ホルプ シュッパン=[8];[発売]ほるぷ出版　∥　ホルプシュッパン=[9, 10]",no,"[6, 7, 8, 9, 10]"
sekai-saikyou-no-kouei,世界最強の後衛,10,KADOKAWA　∥　カドカワ:8 | KADOKAWA:2,KADOKAWA　∥　カドカワ,"KADOKAWA=[9, 10]",no,"[9, 10]"
senmetsu-madou-no-saikyou-kenja,殲滅魔導の最強賢者,10,スクウェア・エニックス　∥　スクウェア ・ エニックス:8 | スクウェア・エニックス:2,スクウェア・エニックス　∥　スクウェア ・ エニックス,"スクウェア・エニックス=[9, 10]",no,"[9, 10]"
shachiku-ga-isekai-ni-tobasareta-to-omottara-white-kigyou-datta,社畜が異世界に飛ばされたと思ったらホワイト企業だった,10,KADOKAWA　∥　カドカワ:9 | KADOKAWA:1,KADOKAWA　∥　カドカワ,KADOKAWA=[10],no,[10]
shiawase-shokudou-no-isekai-gohan,しあわせ食堂の異世界ご飯,10,スターツ出版　∥　スターツシュッパン:8 | スターツ出版:1,スターツ出版　∥　スターツシュッパン,スターツ出版=[10],no,[10]
shii-chan-no-gochisou,しーちゃんのごちそう,10,少年画報社　∥　ショウネンガホウシャ:9 | 少年画報社:1,少年画報社　∥　ショウネンガホウシャ,少年画報社=[11],no,[11]
shimazaki-nana-atto-oshigoto-boshuuchuu,島崎奈々@お仕事募集中,10,竹書房　∥　タケ ショボウ:7 | 竹書房:3,竹書房　∥　タケ ショボウ,"竹書房=[8, 9, 10]",no,"[8, 9, 10]"
shin-furiten-kun,新フリテンくん,10,竹書房　∥　タケ ショボウ:7 | 竹書房:2,竹書房　∥　タケ ショボウ,"竹書房=[9, 10]",no,"[9, 10]"
shin-gekai-toumori-akira-no-shoken,新外科医東盛玲の所見,10,朝日新聞出版　∥　アサヒ シンブン シュッパン:3 | 朝日新聞出版　∥　アサヒシンブンシュッパン:2 | 朝日新聞社　∥　アサヒ シンブンシャ:1 | [発売]朝日新聞出版　∥　アサヒ シンブン シュッパン:1,朝日新聞出版　∥　アサヒ シンブン シュッパン,"朝日新聞社　∥　アサヒ シンブンシャ=[4];[発売]朝日新聞出版　∥　アサヒ シンブン シュッパン=[5];朝日新聞出版　∥　アサヒシンブンシュッパン=[9, 10]",yes,"[4, 5, 9, 10]"
shinja-zero-no-megami-sama-to-hajimeru-isekai-kouryaku,信者ゼロの女神サマと始める異世界攻略,10,オーバーラップ　∥　オーバーラップ:8 | オーバーラップ:2,オーバーラップ　∥　オーバーラップ,"オーバーラップ=[9, 10]",no,"[9, 10]"
shippuu-nijimarugumi,疾風・虹丸組,10,少年画報社　∥　ショウネン ガホウシャ:9 | 少年画報社　∥　ショウネンガホウシャ:1,少年画報社　∥　ショウネン ガホウシャ,少年画報社　∥　ショウネンガホウシャ=[10],no,[10]
shiroaritsutsu,白アリッッ,10,KADOKAWA　∥　カドカワ:5 | [発売]角川グループパブリッシング　∥　カドカワ グループ パブリッシング:2 | [発売]角川グループパブリッシング　∥　カドカワグループパブリッシング:2 | [発売]KADOKAWA　∥　カドカワ:1,KADOKAWA　∥　カドカワ,"[発売]角川グループパブリッシング　∥　カドカワ グループ パブリッシング=[1, 2];[発売]角川グループパブリッシング　∥　カドカワグループパブリッシング=[3, 4];[発売]KADOKAWA　∥　カドカワ=[5]",no,"[1, 2, 3, 4, 5]"
shokubutsu-mahou-cheat-de-nonbiri-ryoushu-seikatsu-hajimemasu,植物魔法チートでのんびり領主生活始めます,10,KADOKAWA　∥　カドカワ:8 | KADOKAWA:1,KADOKAWA　∥　カドカワ,KADOKAWA=[10],no,[10]
shosen-hitogoto-desukara,しょせん他人事(ひとごと)ですから,10,白泉社　∥　ハクセンシャ:7 | 白泉社:3,白泉社　∥　ハクセンシャ,"白泉社=[8, 9, 10]",no,"[8, 9, 10]"
shounen-maid,少年メイド,10,KADOKAWA　∥　カドカワ:4 | [発売]角川グループパブリッシング　∥　カドカワ グループ パブリッシング:3 | エンターブレイン:2 | [発売]角川グループパブリッシング　∥　カドカワグループパブリッシング:1,KADOKAWA　∥　カドカワ,"エンターブレイン=[1, 2];[発売]角川グループパブリッシング　∥　カドカワ グループ パブリッシング=[3, 4, 5];[発売]角川グループパブリッシング　∥　カドカワグループパブリッシング=[6]",no,"[1, 2, 3, 4, 5, 6]"
shounin-yuusha-wa-isekai-o-gyuujiru,商人勇者は異世界を牛耳る!,10,マッグガーデン　∥　マッグガーデン:6 | マッグガーデン　∥　マッグ ガーデン:4,マッグガーデン　∥　マッグガーデン,"マッグガーデン　∥　マッグ ガーデン=[1, 2, 3, 4]",no,"[1, 2, 3, 4]"
shuumatsu-no-valkyrie-ki-tan-jack-za-ripper-no-file,終末のワルキューレ奇譚ジャック・ザ・リッパーの事件簿,10,コアミックス　∥　コアミックス:5 | コアミックス:4,コアミックス　∥　コアミックス,"コアミックス=[7, 8, 9, 10]",no,"[7, 8, 9, 10]"
sono-keisatsukan-tokidoki-yajuu,その警察官、ときどき野獣!,10,[頒布]講談社 (発売)　∥　コウダンシャ:5 | [発売]講談社　∥　コウダンシャ:1 | オークラ出版:1 | [頒布]講談社　∥　コウダンシャ:1 | [頒布]講談社:1,[頒布]講談社 (発売)　∥　コウダンシャ,[発売]講談社　∥　コウダンシャ=[1];オークラ出版=[2];[頒布]講談社　∥　コウダンシャ=[8];[頒布]講談社=[10],no,"[1, 2, 8, 10]"
souryo-to-majiwaru-shikiyoku-no-yoru-ni,僧侶と交わる色欲の夜に…,10,[発売]星雲社　∥　セイウンシャ:7 | [頒布]星雲社 (発売)　∥　セイウンシャ:2 | [頒布]星雲社:1,[発売]星雲社　∥　セイウンシャ,"[頒布]星雲社 (発売)　∥　セイウンシャ=[8, 9];[頒布]星雲社=[11]",no,"[8, 9, 11]"
ssb,SSB,10,[発売]ほるぷ出版　∥　ホルプシュッパン:9 | フレックスコミックス　∥　フレックスコミックス:1,[発売]ほるぷ出版　∥　ホルプシュッパン,フレックスコミックス　∥　フレックスコミックス=[10],no,[10]
starmine,スターマイン,10,一迅社　∥　イチジンシャ:6 | [発売]講談社　∥　コウダンシャ:3,一迅社　∥　イチジンシャ,"[発売]講談社　∥　コウダンシャ=[8, 9, 10]",no,"[8, 9, 10]"
strike-the-blood,ストライク・ザ・ブラッド,10,KADOKAWA　∥　カドカワ:8 | [発売]Kadokawa　∥　Kadokawa:1 | [発売]角川グループホールディングス　∥　カドカワ グループ ホールディングス:1,KADOKAWA　∥　カドカワ,[発売]Kadokawa　∥　Kadokawa=[1];[発売]角川グループホールディングス　∥　カドカワ グループ ホールディングス=[2],no,"[1, 2]"
suminigori,住みにごり,10,小学館　∥　ショウガクカン:6 | 小学館:3,小学館　∥　ショウガクカン,"小学館=[8, 9, 10]",no,"[8, 9, 10]"
super-cub,スーパーカブ,10,KADOKAWA　∥　カドカワ:9 | KADOKAWA:1,KADOKAWA　∥　カドカワ,KADOKAWA=[11],no,[11]
surooruupu,スローループ,10,芳文社　∥　ホウブンシャ:9 | 芳文社:1,芳文社　∥　ホウブンシャ,芳文社=[10],no,[10]
taiyou-to-tsuki-no-hagane,太陽と月の鋼,10,小学館　∥　ショウガクカン:8 | 小学館:1,小学館　∥　ショウガクカン,小学館=[10],no,[10]
taiyou-yori-mo-mabushii-hoshi,太陽よりも眩しい星,10,集英社　∥　シュウエイシャ:9 | 集英社:1,集英社　∥　シュウエイシャ,集英社=[12],no,[12]
takasugi-san-chi-no-obentou,高杉さん家のおべんとう,10,メディアファクトリー　∥　メディア ファクトリー:7 | KADOKAWA　∥　カドカワ:2 | Kadokawa　∥　Kadokawa:1,メディアファクトリー　∥　メディア ファクトリー,"Kadokawa　∥　Kadokawa=[8];KADOKAWA　∥　カドカワ=[9, 10]",no,"[8, 9, 10]"
tanku-chea,戦車椅子-TANK CHAIR-,10,講談社　∥　コウダンシャ:6 | 講談社:3,講談社　∥　コウダンシャ,"講談社=[8, 9, 10]",no,"[8, 9, 10]"
te-no-geka,テノゲカ,10,小学館　∥　ショウガクカン:5 | 小学館:5,小学館　∥　ショウガクカン,"小学館=[6, 7, 8, 9, 10]",no,"[6, 7, 8, 9, 10]"
teihen-boukensha-dakedo-mahou-o-kiwametemiru-koto-ni-shita,底辺冒険者だけど魔法を極めてみることにした,10,講談社　∥　コウダンシャ:6 | 講談社:4,講談社　∥　コウダンシャ,"講談社=[7, 8, 9, 10]",no,"[7, 8, 9, 10]"
teiou-joushi-no-dekiai-sekkusu,帝王上司の溺愛セックス,10,大都社　∥　ダイトシャ:7 | 大都社:2,大都社　∥　ダイトシャ,"大都社=[9, 10]",no,"[9, 10]"
ten-ni-hibiki,天にひびき,10,少年画報社　∥　ショウネン ガホウシャ:7 | 少年画報社　∥　ショウネンガホウシャ:3,少年画報社　∥　ショウネン ガホウシャ,"少年画報社　∥　ショウネンガホウシャ=[8, 9, 10]",no,"[8, 9, 10]"
tengen-eiyuu-taisen,テンゲン英雄大戦,10,コアミックス　∥　コアミックス:6 | コアミックス:3,コアミックス　∥　コアミックス,"コアミックス=[8, 9, 10]",no,"[8, 9, 10]"
tenmusu,てんむす,10,秋田書店　∥　アキタ ショテン:8 | 秋田書店:2,秋田書店　∥　アキタ ショテン,"秋田書店=[9, 10]",no,"[9, 10]"
tenohira-kaitakumura-de-isekai-kenkokuki,てのひら開拓村で異世界建国記,10,KADOKAWA　∥　カドカワ:8 | KADOKAWA:1,KADOKAWA　∥　カドカワ,KADOKAWA=[10],no,[10]
tensei-kyousouba-etchiman,転生競走馬エッチマン,10,マイクロマガジン社　∥　マイクロマガジンシャ:8 | マイクロマガジン社:1,マイクロマガジン社　∥　マイクロマガジンシャ,マイクロマガジン社=[10],no,[10]
tensei-shichatta-yo-iya-gomen,転生しちゃったよ〈いや、ごめん〉,10,[発売]星雲社　∥　セイウンシャ:6 | [頒布]星雲社 (発売)　∥　セイウンシャ:3 | [頒布]星雲社　∥　セイウンシャ:1,[発売]星雲社　∥　セイウンシャ,"[頒布]星雲社 (発売)　∥　セイウンシャ=[7, 8, 9];[頒布]星雲社　∥　セイウンシャ=[10]",no,"[7, 8, 9, 10]"
tensei-shimashite-genzai-wa-jijo-de-gozaimasu,転生しまして、現在は侍女でございます。,10,フロンティアワークス　∥　フロンティアワークス:8 | フロンティアワークス:2,フロンティアワークス　∥　フロンティアワークス,"フロンティアワークス=[9, 10]",no,"[9, 10]"
tentoumushi-wa-yume-o-miru,十十虫は夢を見る,10,秋田書店　∥　アキタショテン:6 | 秋田書店　∥　アキタ ショテン:4,秋田書店　∥　アキタショテン,"秋田書店　∥　アキタ ショテン=[1, 2, 3, 4]",no,"[1, 2, 3, 4]"
tezuka-osamu-kara-no-message,手塚治虫からの伝言(メッセージ),10,童心社　∥　ドウシンシャ:6 | 童心社:4,童心社　∥　ドウシンシャ,"童心社=[7, 8, 9, 10]",no,"[7, 8, 9, 10]"
the-walking-dead,ウォーキング・デッド,10,飛鳥新社　∥　アスカシンシャ:7 | ヴィレッジブックス　∥　ヴィレッジブックス:3,飛鳥新社　∥　アスカシンシャ,"ヴィレッジブックス　∥　ヴィレッジブックス=[8, 9, 10]",no,"[8, 9, 10]"
togainu-no-chi,咎狗の血,10,エンターブレイン:6 | [発売]角川グループパブリッシング　∥　カドカワ グループ パブリッシング:2 | [発売]角川グループパブリッシング　∥　カドカワグループパブリッシング:1,エンターブレイン,"[発売]角川グループパブリッシング　∥　カドカワ グループ パブリッシング=[8, 9];[発売]角川グループパブリッシング　∥　カドカワグループパブリッシング=[10]",no,"[8, 9, 10]"
tomatoipuu-no-lycopene,トマトイプーのリコピン,10,集英社　∥　シュウエイシャ:8 | 集英社:1,集英社　∥　シュウエイシャ,集英社=[10],no,[10]
tomodachi-no-imouto-ga-ore-ni-dake-uzai,友達の妹が俺にだけウザい,10,スクウェア・エニックス　∥　スクウェア ・ エニックス:8 | スクウェア・エニックス:2,スクウェア・エニックス　∥　スクウェア ・ エニックス,"スクウェア・エニックス=[9, 10]",no,"[9, 10]"
touhai-koorudo-girl,凍牌コールドガール,10,秋田書店　∥　アキタショテン:6 | 秋田書店:4,秋田書店　∥　アキタショテン,"秋田書店=[8, 9, 10, 11]",no,"[8, 9, 10, 11]"
touhou-ibara-kasen,東方茨歌仙,10,一迅社　∥　イチジンシャ:6 | [発売]講談社　∥　コウダンシャ:3 | [頒布]講談社　∥　コウダンシャ:1,一迅社　∥　イチジンシャ,"[頒布]講談社　∥　コウダンシャ=[6];[発売]講談社　∥　コウダンシャ=[8, 9, 10]",no,"[6, 8, 9, 10]"
toukutsuou,盗掘王,10,KADOKAWA　∥　カドカワ:9 | KADOKAWA:1,KADOKAWA　∥　カドカワ,KADOKAWA=[10],no,[10]
tsuihousha-shokudou-e-youkoso,追放者食堂へようこそ!,10,オーバーラップ　∥　オーバーラップ:8 | オーバーラップ:2,オーバーラップ　∥　オーバーラップ,"オーバーラップ=[9, 10]",no,"[9, 10]"
tsurenai-hodo-aokute-azatoi-cry-ni-akai,つれないほど青くてあざといくらいに赤い,10,集英社　∥　シュウエイシャ:5 | 集英社:4,集英社　∥　シュウエイシャ,"集英社=[7, 8, 9, 10]",no,"[7, 8, 9, 10]"
tte-iuka-koi-jane,っていうか恋じゃね?,10,秋田書店　∥　アキタ ショテン:8 | 秋田書店　∥　アキタショテン:2,秋田書店　∥　アキタ ショテン,"秋田書店　∥　アキタショテン=[9, 10]",no,"[9, 10]"
uchi-wa-oppeke,うちはおっぺけ,10,竹書房　∥　タケショボウ:9 | 竹書房:1,竹書房　∥　タケショボウ,竹書房=[10],no,[10]
uguisudani-dead-zone,鶯谷デッドゾーン,10,日本文芸社:5 | 日本文芸社　∥　ニホン ブンゲイシャ:4,日本文芸社,"日本文芸社　∥　ニホン ブンゲイシャ=[1, 2, 3, 4]",no,"[1, 2, 3, 4]"
uruha-no-sekai-de-arisugawa,麗の世界で有栖川,10,小学館　∥　ショウガクカン:8 | 小学館:2,小学館　∥　ショウガクカン,"小学館=[9, 10]",no,"[9, 10]"
uruwashi-no-yoi-no-tsuki,うるわしの宵の月,10,講談社　∥　コウダンシャ:8 | 講談社:2,講談社　∥　コウダンシャ,"講談社=[9, 10]",no,"[9, 10]"
vampire-naito-memories,ヴァンパイア騎士(ナイト)memories,10,白泉社　∥　ハクセンシャ:9 | 白泉社:1,白泉社　∥　ハクセンシャ,白泉社=[11],no,[11]
wakeari-senpai-no-kanojo-ni-narimashita,訳アリ先輩の彼女になりました,10,ふゅーじょんぷろだくと　∥　フュージョン プロダクト:8 | ふゅーじょんぷろだくと:2,ふゅーじょんぷろだくと　∥　フュージョン プロダクト,"ふゅーじょんぷろだくと=[9, 10]",no,"[9, 10]"
wan-piisu-gakuen,ONE PIECE学園,10,集英社　∥　シュウエイシャ:8 | 集英社:1,集英社　∥　シュウエイシャ,集英社=[10],no,[10]
watashi-to-mamegoma-nikki,ワタシとまめゴマ日記,10,主婦と生活社　∥　シュフトセイカツシャ:6 | 主婦と生活社　∥　シュフ ト セイカツシャ:1,主婦と生活社　∥　シュフトセイカツシャ,主婦と生活社　∥　シュフ ト セイカツシャ=[3],no,[3]
yakutatazu-skill-ni-jinsei-o-sosogikomi-25-nen-imasara-saikyou-no-bouken-tan,役立たずスキルに人生を注ぎ込み25年、今さら最強の冒険譚,10,KADOKAWA　∥　カドカワ:8 | KADOKAWA:1,KADOKAWA　∥　カドカワ,KADOKAWA=[10],no,[10]
yarinaoshi-reijou-wa-ryuutei-heika-o-kouryakuchuu,やり直し令嬢は竜帝陛下を攻略中,10,KADOKAWA　∥　カドカワ:7 | KADOKAWA:3,KADOKAWA　∥　カドカワ,"KADOKAWA=[8, 9, 10]",no,"[8, 9, 10]"
yuusha-densetsu-no-uragawa-de-ore-wa-eiyuu-densetsu-o-tsukurimasu,勇者伝説の裏側で俺は英雄伝説を作ります,10,双葉社　∥　フタバシャ:7 | 双葉社:3,双葉社　∥　フタバシャ,"双葉社=[9, 10, 11]",no,"[9, 10, 11]"
yuusha-party-o-tsuihousareta-sareta-shiromadoushi-esuranku-boukensha-ni-hirowareru,勇者パーティーを追放された白魔導師、Sランク冒険者に拾われる,10,双葉社　∥　フタバシャ:7 | 双葉社:2,双葉社　∥　フタバシャ,"双葉社=[9, 10]",no,"[9, 10]"
yuusha-to-yobareta-nochi-ni,勇者と呼ばれた後に,10,講談社　∥　コウダンシャ:5 | 講談社:4,講談社　∥　コウダンシャ,"講談社=[7, 8, 9, 10]",no,"[7, 8, 9, 10]"
yuutousei-to-himitsu-no-oshigoto,優等生と秘密のお仕事,10,秋田書店　∥　アキタショテン:9 | 秋田書店:1,秋田書店　∥　アキタショテン,秋田書店=[10],no,[10]
zetsurin-mutsu-kun-wa-ookii-kuri-ga-suki,絶倫陸奥くんは大きいクリが好き,10,[頒布]青泉社　∥　セイセンシャ:5 | [頒布]青泉社:4,[頒布]青泉社　∥　セイセンシャ,"[頒布]青泉社=[6, 8, 9, 10]",no,"[6, 8, 9, 10]"
zutaboro-reijou-wa-ane-no-motokonyakusha-ni-dekiai-dekiaisareru,ずたぼろ令嬢は姉の元婚約者に溺愛される,10,双葉社　∥　フタバシャ:6 | 双葉社:3,双葉社　∥　フタバシャ,"双葉社=[8, 9, 10]",no,"[8, 9, 10]"
0-saiji-start-dash-monogatari,0歳児スタートダッシュ物語,9,[頒布]青泉社　∥　セイセンシャ:3 | 秋水社 (発行元):3 | 秋水社 (発行元)　∥　シュウスイシャ (ハッコウモト):2 | 秋水社 (発行元)　∥　シュウスイシャ (ハッコウ モト):1,[頒布]青泉社　∥　セイセンシャ,"秋水社 (発行元)　∥　シュウスイシャ (ハッコウモト)=[2, 3];秋水社 (発行元)　∥　シュウスイシャ (ハッコウ モト)=[6];秋水社 (発行元)=[7, 8, 9]",no,"[2, 3, 6, 7, 8, 9]"
8-gatsu-31-nichi-no-long-summer,8月31日のロングサマー,9,講談社:5 | 講談社　∥　コウダンシャ:4,講談社,"講談社　∥　コウダンシャ=[1, 2, 3, 4]",no,"[1, 2, 3, 4]"
ai-no-idenshi-blue-age,AIの遺電子Blue Age,9,秋田書店　∥　アキタショテン:7 | 秋田書店:2,秋田書店　∥　アキタショテン,"秋田書店=[8, 9]",no,"[8, 9]"
aiki-s,愛気-S,9,少年画報社　∥　ショウネンガホウシャ:8 | 少年画報社　∥　ショウネン ガホウシャ:1,少年画報社　∥　ショウネンガホウシャ,少年画報社　∥　ショウネン ガホウシャ=[3],no,[3]
ajari-souun-reigen-kaii-shimatsu,阿闍梨蒼雲霊幻怪異始末,9,朝日新聞出版　∥　アサヒシンブンシュッパン:8 | 朝日新聞出版:1,朝日新聞出版　∥　アサヒシンブンシュッパン,朝日新聞出版=[9],no,[9]
akuyaku-reijou-mitai-ni-danzai-saresou-datta-kedo-zenryoku-de-aisaretemasu,悪役令嬢みたいに断罪されそうだったけど、全力で愛されてます!不幸な運命に「ざまぁ」しますわ!,9,講談社　∥　コウダンシャ:6 | 講談社:3,講談社　∥　コウダンシャ,"講談社=[7, 8, 9]",no,"[7, 8, 9]"
akuyaku-reijou-tensei-oji-san,悪役令嬢転生おじさん,9,少年画報社　∥　ショウネンガホウシャ:6 | 少年画報社:3,少年画報社　∥　ショウネンガホウシャ,"少年画報社=[7, 8, 9]",no,"[7, 8, 9]"
alfheim-no-kishi-ballad,妖精国(アルフヘイム)の騎士Ballad,9,秋田書店　∥　アキタショテン:6 | 秋田書店:2 | 秋田書店　∥　アキタ ショテン:1,秋田書店　∥　アキタショテン,"秋田書店　∥　アキタ ショテン=[1];秋田書店=[9, 10]",no,"[1, 9, 10]"
amayo-no-tsuki,雨夜の月,9,講談社　∥　コウダンシャ:7 | 講談社:2,講談社　∥　コウダンシャ,"講談社=[10, 11]",no,"[10, 11]"
ane-ni-iwarerugamama-ni-totsu-kun-o-shite-itara-tondemonai-tsuyosa-ni-natte-ita-otouto,姉に言われるがままに特訓をしていたら、とんでもない強さになっていた弟,9,アース・スターエンターテイメント　∥　アーススターエンターテイメント:6 | アース・スターエンターテイメント:2,アース・スターエンターテイメント　∥　アーススターエンターテイメント,"アース・スターエンターテイメント=[8, 9]",no,"[8, 9]"
aoba-no-basket,アオバノバスケ,9,講談社　∥　コウダンシャ:6 | 講談社:3,講談社　∥　コウダンシャ,"講談社=[9, 10, 11]",no,"[9, 10, 11]"
arakure-ojou-sama-wa-monmon-shite-iru,あらくれお嬢様はもんもんしている,9,講談社　∥　コウダンシャ:6 | 講談社:3,講談社　∥　コウダンシャ,"講談社=[7, 8, 9]",no,"[7, 8, 9]"
aru-mamahaha-no-meruhen,ある継母のメルヘン,9,KADOKAWA　∥　カドカワ:6 | KADOKAWA:2,KADOKAWA　∥　カドカワ,"KADOKAWA=[8, 9]",no,"[8, 9]"
baasasu-earth,バーサスアース,9,秋田書店　∥　アキタショテン:5 | 秋田書店　∥　アキタ ショテン:4,秋田書店　∥　アキタショテン,"秋田書店　∥　アキタ ショテン=[1, 2, 3, 4]",no,"[1, 2, 3, 4]"
banjou-no-orion,盤上のオリオン,9,講談社:6 | 講談社　∥　コウダンシャ:2,講談社,"講談社　∥　コウダンシャ=[1, 2]",no,"[1, 2]"
betabore-no-konyakusha-ga-akuyaku-reijou-ni-saresou-nanode,ベタ惚れの婚約者が悪役令嬢にされそうなので。,9,マッグガーデン　∥　マッグ ガーデン:6 | マッグガーデン:2,マッグガーデン　∥　マッグ ガーデン,"マッグガーデン=[8, 9]",no,"[8, 9]"
bija-no-joou,ビジャの女王,9,リイド社　∥　リイドシャ:5 | リイド社:3,リイド社　∥　リイドシャ,"リイド社=[7, 8, 9]",no,"[7, 8, 9]"
bijin-onnajoushi-takizawa-san,美人女上司滝沢さん,9,KADOKAWA　∥　カドカワ:8 | KADOKAWA:1,KADOKAWA　∥　カドカワ,KADOKAWA=[9],no,[9]
biryuu-enshou-tan,美龍艶笑譚,9,講談社　∥　コウダンシャ:6 | 講談社:3,講談社　∥　コウダンシャ,"講談社=[7, 8, 9]",no,"[7, 8, 9]"
boku-dake-ga-inai-machi,僕だけがいない街,9,KADOKAWA　∥　カドカワ:7 | KADOKAWA:1 | [発売]角川グループホールディングス　∥　カドカワグループホールディングス:1,KADOKAWA　∥　カドカワ,KADOKAWA=[1];[発売]角川グループホールディングス　∥　カドカワグループホールディングス=[2],no,"[1, 2]"
boukensha-ni-naritai-to-miyako-ni-dete-itta-musume-ga-esuranku-ni-natteta,冒険者になりたいと都に出て行った娘がSランクになってた,9,アース・スターエンターテイメント　∥　アーススターエンターテイメント:7 | アース・スターエンターテイメント:2,アース・スターエンターテイメント　∥　アーススターエンターテイメント,"アース・スターエンターテイメント=[7, 9]",no,"[7, 9]"
brave10s,BRAVE10S,9,KADOKAWA　∥　カドカワ:5 | メディアファクトリー　∥　メディア ファクトリー:4,KADOKAWA　∥　カドカワ,"メディアファクトリー　∥　メディア ファクトリー=[1, 2, 3, 4]",no,"[1, 2, 3, 4]"
bubble,バブル,9,秋田書店　∥　アキタショテン:6 | 秋田書店:3,秋田書店　∥　アキタショテン,"秋田書店=[8, 9, 10]",no,"[8, 9, 10]"
chippai-kanojo-to-bijin-kareshi,ちっぱい彼女と美人彼氏,9,[頒布]祥伝社　∥　ショウデンシャ:5 | [発売]祥伝社　∥　ショウデンシャ:4,[頒布]祥伝社　∥　ショウデンシャ,"[発売]祥伝社　∥　ショウデンシャ=[1, 2, 3, 4]",no,"[1, 2, 3, 4]"
chounin-ee-wa-akuyaku-reijou-o-doushitemo-sukuitai,町人Aは悪役令嬢をどうしても救いたい,9,アース・スターエンターテイメント　∥　アーススターエンターテイメント:6 | アース・スターエンターテイメント:3,アース・スターエンターテイメント　∥　アーススターエンターテイメント,"アース・スターエンターテイメント=[7, 8, 9]",no,"[7, 8, 9]"
class-saiyasune-de-urareta-ore-wa-jitsu-wa-saikyou-parameter,クラス最安値で売られた俺は、実は最強パラメーター,9,KADOKAWA　∥　カドカワ:5 | KADOKAWA:3,KADOKAWA　∥　カドカワ,"KADOKAWA=[6, 8, 9]",no,"[6, 8, 9]"
daidaaku,大ダーク,9,小学館　∥　ショウガクカン:7 | 小学館:1,小学館　∥　ショウガクカン,小学館=[9],no,[9]
daifuku-chan-to-ouji-sama,大福ちゃんと王子さま,9,小学館　∥　ショウガクカン:6 | 小学館:3,小学館　∥　ショウガクカン,"小学館=[7, 8, 9]",no,"[7, 8, 9]"
damenzu-walker,だめんず・うぉ～か～,9,扶桑社:2 | 扶桑社　∥　フソウシャ:1,扶桑社,扶桑社　∥　フソウシャ=[1],yes,[1]
damonde-toyohashi-ga-sukitte-ittorujan,だもんで豊橋が好きって言っとるじゃん!,9,竹書房　∥　タケ ショボウ:6 | 竹書房:2,竹書房　∥　タケ ショボウ,"竹書房=[8, 9]",no,"[8, 9]"
danjontou-de-yadoya-o-yarou,ダンジョン島で宿屋をやろう!,9,[頒布]講談社　∥　コウダンシャ:6 | [頒布]講談社:3,[頒布]講談社　∥　コウダンシャ,"[頒布]講談社=[7, 8, 9]",no,"[7, 8, 9]"
dare-demo-dakeru-kimi-ga-suki,だれでも抱けるキミが好き,9,講談社　∥　コウダンシャ:4 | 講談社:4,講談社　∥　コウダンシャ,"講談社=[5, 7, 8, 9]",no,"[5, 7, 8, 9]"
densetsu-no-yuusha-no-densetsu,伝説の勇者の伝説,9,[発売]角川グループパブリッシング　∥　カドカワ グループ パブリッシング:6 | 富士見書房　∥　フジミ ショボウ:2 | [発売]角川グループパブリッシング　∥　カドカワグループパブリッシング:1,[発売]角川グループパブリッシング　∥　カドカワ グループ パブリッシング,"富士見書房　∥　フジミ ショボウ=[4, 5];[発売]角川グループパブリッシング　∥　カドカワグループパブリッシング=[9]",no,"[4, 5, 9]"
dora-hachi,ドラハチ,9,講談社:5 | 講談社　∥　コウダンシャ:4,講談社,"講談社　∥　コウダンシャ=[1, 2, 3, 4]",no,"[1, 2, 3, 4]"
dragons-rioting,ドラゴンズライデン,9,KADOKAWA　∥　カドカワ:8 | [発売]角川グループホールディングス　∥　カドカワグループホールディングス:1,KADOKAWA　∥　カドカワ,[発売]角川グループホールディングス　∥　カドカワグループホールディングス=[1],no,[1]
duel-masters-win,デュエル・マスターズWIN,9,小学館　∥　ショウガクカン:5 | 小学館:3,小学館　∥　ショウガクカン,"小学館=[7, 8, 9]",no,"[7, 8, 9]"
endan-yobanashi,厭談夜話,9,小学館　∥　ショウガクカン:4 | 小学館:4,小学館　∥　ショウガクカン,"小学館=[6, 7, 8, 9]",no,"[6, 7, 8, 9]"
futago-no-ane-ga-miko-toshite-hikitorarete-watashi-wa-suterareta-tabun-watashi-ga-miko-de-aru,双子の姉が神子として引き取られて、私は捨てられたけど多分私が神子である。,9,KADOKAWA　∥　カドカワ:5 | KADOKAWA:3,KADOKAWA　∥　カドカワ,"KADOKAWA=[7, 8, 9]",no,"[7, 8, 9]"
futsuu-no-joshikousei-ga-rokodoru-yattemita,普通の女子校生が【ろこどる】やってみた。,9,一迅社　∥　イチジンシャ:2 | [発売]講談社　∥　コウダンシャ:2 | [頒布]講談社　∥　コウダンシャ:2,一迅社　∥　イチジンシャ,"[発売]講談社　∥　コウダンシャ=[7, 8];[頒布]講談社　∥　コウダンシャ=[9, 10]",no,"[7, 8, 9, 10]"
fx-suit-kurumi-chan,FX戦士くるみちゃん,9,KADOKAWA　∥　カドカワ:6 | KADOKAWA:2,KADOKAWA　∥　カドカワ,"KADOKAWA=[8, 9]",no,"[8, 9]"
gajumaru-family,がじゅまるファミリー,9,[発売]琉球プロジェクト　∥　リュウキュウ プロジェクト:8 | [頒布]琉球プロジェクト　∥　リュウキュウ プロジェクト:1,[発売]琉球プロジェクト　∥　リュウキュウ プロジェクト,[頒布]琉球プロジェクト　∥　リュウキュウ プロジェクト=[9],no,[9]
gakkou-kachinukisen-jikken-taiketsu,学校勝ち抜き戦 実験対決,9,朝日新聞出版:5 | 朝日新聞出版　∥　アサヒシンブンシュッパン:4,朝日新聞出版,"朝日新聞出版　∥　アサヒシンブンシュッパン=[9, 10, 11, 12]",no,"[9, 10, 11, 12]"
gakuen-mono-no-otome-game-no-sekai-ni-tensei-shitakedo-cheat-mochi-no-haikei-otoko-seito-datta-you,学園物の乙女ゲームの世界に転生したけど、チート持ちの背景男子生徒だったようです。,9,双葉社　∥　フタバシャ:6 | 双葉社:2,双葉社　∥　フタバシャ,"双葉社=[8, 9]",no,"[8, 9]"
gantz-e,GANTZ:E,9,集英社　∥　シュウエイシャ:7 | 集英社:2,集英社　∥　シュウエイシャ,"集英社=[8, 9]",no,"[8, 9]"
ginga-tetsudou-999-another-story-ultimate-journey,銀河鉄道999 ANOTHER STORYアルティメットジャーニー,9,秋田書店　∥　アキタショテン:8 | 秋田書店:1,秋田書店　∥　アキタショテン,秋田書店=[9],no,[9]
golden-time,ゴールデンタイム,9,KADOKAWA　∥　カドカワ:5 | [発売]Kadokawa　∥　Kadokawa:4,KADOKAWA　∥　カドカワ,"[発売]Kadokawa　∥　Kadokawa=[1, 2, 3, 4]",no,"[1, 2, 3, 4]"
goshujin-sama-to-yuku-isekai-survival,ご主人様とゆく異世界サバイバル!,9,マイクロマガジン社　∥　マイクロマガジンシャ:7 | マイクロマガジン社:2,マイクロマガジン社　∥　マイクロマガジンシャ,"マイクロマガジン社=[8, 9]",no,"[8, 9]"
gyagu-manga-hiyori-jiibii,ギャグマンガ日和GB,9,集英社　∥　シュウエイシャ:8 | 集英社:1,集英社　∥　シュウエイシャ,集英社=[9],no,[9]
haikaburi-hime-wa-kekkon-shita-nao-ouji-wa,灰被り姫は結婚した、なお王子は,9,小学館　∥　ショウガクカン:7 | 小学館:2,小学館　∥　ショウガクカン,"小学館=[8, 9]",no,"[8, 9]"
haisupe-bengoshi-to-no-doukyo-seikatsu-wa-saitee-de-saikou-desu,ハイスぺ弁護士との同居生活は最低で最高です。,9,講談社　∥　コウダンシャ:5 | 講談社:3,講談社　∥　コウダンシャ,"講談社=[7, 8, 9]",no,"[7, 8, 9]"
hajimete-no-hito,はじめてのひと,9,集英社　∥　シュウエイシャ:8 | 集英社:1,集英社　∥　シュウエイシャ,集英社=[9],no,[9]
hanabi-chan-wa-okuregachi,ハナビちゃんは遅れがち,9,[頒布]小学館クリエイティブ (発売)　∥　ショウガクカンクリエイティブ:4 | [発売]小学館クリエイティブ　∥　ショウガクカンクリエイティブ:2 | [頒布]小学館クリエイティブ　∥　ショウガクカンクリエイティブ:1 | [頒布]小学館クリエイティブ:1,[頒布]小学館クリエイティブ (発売)　∥　ショウガクカンクリエイティブ,"[発売]小学館クリエイティブ　∥　ショウガクカンクリエイティブ=[1, 2];[頒布]小学館クリエイティブ　∥　ショウガクカンクリエイティブ=[7];[頒布]小学館クリエイティブ=[9]",no,"[1, 2, 7, 9]"
hanaori-san-wa-tensei-shitemo-kenka-ga-shitai,花織さんは転生しても喧嘩がしたい,9,講談社　∥　コウダンシャ:5 | 講談社:4,講談社　∥　コウダンシャ,"講談社=[6, 7, 8, 9]",no,"[6, 7, 8, 9]"
hankouki-na-kareshi,反抗期なカレシ,9,小学館　∥　ショウガクカン:8 | 小学館:1,小学館　∥　ショウガクカン,小学館=[9],no,[9]
hardboiled-enji-cosmo-kun,ハードボイルド園児宇宙くん,9,LINE　∥　ライン:7 | LINE Digital Frontier　∥　ラインデジタルフロンティア:2,LINE　∥　ライン,"LINE Digital Frontier　∥　ラインデジタルフロンティア=[8, 9]",no,"[8, 9]"
hazure-skill-kage-ga-usui-o-motsu-guild-shokuin-ga-jitsu-wa-densetsu-no-ansatsusha,外れスキル「影が薄い」を持つギルド職員が、実は伝説の暗殺者,9,KADOKAWA　∥　カドカワ:7 | KADOKAWA:2,KADOKAWA　∥　カドカワ,"KADOKAWA=[8, 9]",no,"[8, 9]"
hidoku-shinaide,酷くしないで,9,リブレ出版　∥　リブレ シュッパン:5 | リブレ　∥　リブレ:4,リブレ出版　∥　リブレ シュッパン,"リブレ　∥　リブレ=[6, 7, 8, 9]",no,"[6, 7, 8, 9]"
hikikomori-hakoiri-reijou-no-kekkon,引きこもり箱入令嬢の結婚,9,講談社　∥　コウダンシャ:6 | 講談社:3,講談社　∥　コウダンシャ,"講談社=[7, 8, 9]",no,"[7, 8, 9]"
hime-kishi-ga-classmate,姫騎士がクラスメート!,9,キルタイムコミュニケーション　∥　キルタイムコミュニケーション:8 | キルタイムコミュニケーション:1,キルタイムコミュニケーション　∥　キルタイムコミュニケーション,キルタイムコミュニケーション=[9],no,[9]
himekishi-wa-barubaroi-no-yome,姫騎士は蛮族(バルバロイ)の嫁,9,講談社　∥　コウダンシャ:7 | 講談社:2,講談社　∥　コウダンシャ,"講談社=[10, 11]",no,"[10, 11]"
hirayasumi,ひらやすみ,9,小学館　∥　ショウガクカン:7 | 小学館:1,小学館　∥　ショウガクカン,小学館=[9],no,[9]
hito-o-katte-ni-sanbou-ni-surunja-nai-kono-haou,ヒトを勝手に参謀にするんじゃない、この覇王。,9,双葉社　∥　フタバシャ:8 | 双葉社:1,双葉社　∥　フタバシャ,双葉社=[9],no,[9]
honobono-isekai-tensei-days,ほのぼの異世界転生デイズ,9,KADOKAWA　∥　カドカワ:6 | KADOKAWA:3,KADOKAWA　∥　カドカワ,"KADOKAWA=[7, 8, 9]",no,"[7, 8, 9]"
honoo-no-mirage-reboot,炎の蜃気楼R(ミラージュリブート),9,秋田書店　∥　アキタショテン:8 | 秋田書店:1,秋田書店　∥　アキタショテン,秋田書店=[10],no,[10]
houkago-no-ouji-sama,放課後の王子様,9,集英社　∥　シュウエイシャ:8 | 集英社:1,集英社　∥　シュウエイシャ,集英社=[9],no,[9]
hyakushou-kizoku,百姓貴族,9,新書館　∥　シンショカン:7 | 新書館:1,新書館　∥　シンショカン,新書館=[9],no,[9]
ibitte-konai-gibo-to-gishi,いびってこない義母と義姉,9,[頒布]講談社 (発売)　∥　コウダンシャ:5 | [頒布]講談社:3 | [頒布]講談社　∥　コウダンシャ:1,[頒布]講談社 (発売)　∥　コウダンシャ,"[頒布]講談社　∥　コウダンシャ=[6];[頒布]講談社=[7, 8, 9]",no,"[6, 7, 8, 9]"
ichigomashimaro,苺ましまろ,9,[発売]角川グループパブリッシング　∥　カドカワ グループ パブリッシング:3 | KADOKAWA　∥　カドカワ:2,[発売]角川グループパブリッシング　∥　カドカワ グループ パブリッシング,"KADOKAWA　∥　カドカワ=[8, 9]",no,"[8, 9]"
ichiokunen-bo-tan-o-renda-shita-ore-wa-kizuitara-saikyou-ni-natte-ita,一億年ボタンを連打した俺は、気付いたら最強になっていた,9,KADOKAWA　∥　カドカワ:6 | KADOKAWA:3,KADOKAWA　∥　カドカワ,"KADOKAWA=[8, 9, 10]",no,"[8, 9, 10]"
iken-senki-verundio,異剣戦記ヴェルンディオ,9,小学館　∥　ショウガクカン:7 | 小学館:2,小学館　∥　ショウガクカン,"小学館=[8, 9]",no,"[8, 9]"
imaizuminchi-wa-douyara-gal-no-tamariba-ni-natteru-rashii,今泉ん家はどうやらギャルの溜まり場になってるらしい,9,竹書房　∥　タケ ショボウ:4 | 竹書房:4 | ジーオーティー　∥　ジーオーティー:1,竹書房　∥　タケ ショボウ,"ジーオーティー　∥　ジーオーティー=[1];竹書房=[6, 7, 8, 9]",no,"[1, 6, 7, 8, 9]"
inbi-na-doukutsu-no-sono-oku-de,淫靡な洞窟のその奥で,9,KADOKAWA　∥　カドカワ:5 | KADOKAWA:3,KADOKAWA　∥　カドカワ,"KADOKAWA=[7, 8, 9]",no,"[7, 8, 9]"
ingoku-danchi,淫獄団地,9,KADOKAWA　∥　カドカワ:6 | KADOKAWA:2,KADOKAWA　∥　カドカワ,"KADOKAWA=[8, 9]",no,"[8, 9]"
isekai-craft-gurashi,異世界クラフトぐらし,9,双葉社　∥　フタバシャ:6 | 双葉社:3,双葉社　∥　フタバシャ,"双葉社=[7, 8, 9]",no,"[7, 8, 9]"
isekai-furin-2,異世界不倫2,9,小学館　∥　ショウガクカン:8 | 小学館:1,小学館　∥　ショウガクカン,小学館=[9],no,[9]
isekai-izakaya-nobu-eefa-to-makanai-oyatsu,異世界居酒屋「のぶ」エーファとまかないおやつ,9,宝島社　∥　タカラジマシャ:8 | 宝島社:1,宝島社　∥　タカラジマシャ,宝島社=[9],no,[9]
isekai-papakatsu-oji-san,異世界パパ活おじさん,9,双葉社　∥　フタバシャ:6 | 双葉社:3,双葉社　∥　フタバシャ,"双葉社=[7, 8, 9]",no,"[7, 8, 9]"
isekai-shokudou-youshoku-no-nekoya,異世界食堂洋食のねこや,9,KADOKAWA　∥　カドカワ:6 | KADOKAWA:3,KADOKAWA　∥　カドカワ,"KADOKAWA=[7, 8, 9]",no,"[7, 8, 9]"
isekai-shoukan-oji-san-no-juu-musou-life,異世界召喚おじさんの銃無双ライフ,9,芳文社　∥　ホウブンシャ:5 | 芳文社:4,芳文社　∥　ホウブンシャ,"芳文社=[6, 7, 8, 9]",no,"[6, 7, 8, 9]"
isuca,ISUCA,9,KADOKAWA　∥　カドカワ:5 | [発売]角川グループパブリッシング　∥　カドカワ グループ パブリッシング:2 | [発売]角川グループパブリッシング　∥　カドカワグループパブリッシング:1 | [発売]KADOKAWA　∥　カドカワ:1,KADOKAWA　∥　カドカワ,"[発売]角川グループパブリッシング　∥　カドカワ グループ パブリッシング=[1, 2];[発売]角川グループパブリッシング　∥　カドカワグループパブリッシング=[3];[発売]KADOKAWA　∥　カドカワ=[4]",no,"[1, 2, 3, 4]"
jii-san-baa-san-wakagaeru,じいさんばあさん若返る,9,KADOKAWA　∥　カドカワ:8 | KADOKAWA:1,KADOKAWA　∥　カドカワ,KADOKAWA=[9],no,[9]
jitenshaya-san-no-takahashi-kun,自転車屋さんの高橋くん,9,リイド社　∥　リイドシャ:7 | リイド社:1,リイド社　∥　リイドシャ,リイド社=[9],no,[9]
juuoku-no-are,十億のアレ。,9,ハーパーコリンズ・ジャパン　∥　ハーパーコリンズジャパン:7 | ハーパーコリンズ・ジャパン:2,ハーパーコリンズ・ジャパン　∥　ハーパーコリンズジャパン,"ハーパーコリンズ・ジャパン=[8, 9]",no,"[8, 9]"
juusansai-no-tanjoubi-kougou-ni-narimashita,十三歳の誕生日、皇后になりました。,9,秋田書店　∥　アキタショテン:6 | 秋田書店:3,秋田書店　∥　アキタショテン,"秋田書店=[7, 8, 9]",no,"[7, 8, 9]"
kabushikigaisha-kamikakushi,株式会社神かくし,9,少年画報社　∥　ショウネンガホウシャ:6 | 少年画報社:2,少年画報社　∥　ショウネンガホウシャ,"少年画報社=[8, 9]",no,"[8, 9]"
kage-no-kyuutei-majutsushi,影の宮廷魔術師,9,オーバーラップ　∥　オーバーラップ:6 | オーバーラップ:2,オーバーラップ　∥　オーバーラップ,"オーバーラップ=[8, 9]",no,"[8, 9]"
kakuriyo-no-yadomeshi,かくりよの宿飯,9,講談社　∥　コウダンシャ:5 | 講談社:4,講談社　∥　コウダンシャ,"講談社=[7, 9, 10, 11]",no,"[7, 9, 10, 11]"
kamiari,かみあり,9,一迅社　∥　イチジンシャ:7 | [発売]講談社　∥　コウダンシャ:2,一迅社　∥　イチジンシャ,"[発売]講談社　∥　コウダンシャ=[8, 9]",no,"[8, 9]"
kamikuzu-idol,神クズ☆アイドル,9,[頒布]講談社　∥　コウダンシャ:5 | [発売]講談社　∥　コウダンシャ:3 | [頒布]講談社:1,[頒布]講談社　∥　コウダンシャ,"[発売]講談社　∥　コウダンシャ=[1, 2, 3];[頒布]講談社=[9]",no,"[1, 2, 3, 9]"
kankei-kaizen-o-akiramete-kyori-o-oitara-shiotaiou-datta-konyakusha-ga-karande-kuru-youni,関係改善をあきらめて距離をおいたら、塩対応だった婚約者が絡んでくるようになりました,9,双葉社　∥　フタバシャ:6 | 双葉社:3,双葉社　∥　フタバシャ,"双葉社=[7, 8, 9]",no,"[7, 8, 9]"
kanojo-no-kagi-o-akeru-houhou,彼女の鍵を開ける方法,9,秋田書店　∥　アキタ ショテン:5 | 秋田書店　∥　アキタショテン:4,秋田書店　∥　アキタ ショテン,"秋田書店　∥　アキタショテン=[6, 7, 8, 9]",no,"[6, 7, 8, 9]"
kare-ni-iraishite-wa-ikemasen,彼に依頼してはいけません,9,[発売]講談社　∥　コウダンシャ:5 | [頒布]講談社　∥　コウダンシャ:3 | [頒布]講談社:1,[発売]講談社　∥　コウダンシャ,"[頒布]講談社　∥　コウダンシャ=[6, 7, 8];[頒布]講談社=[9]",no,"[6, 7, 8, 9]"
kawaii-kouhai-ni-iwasaretai,かわいい後輩に言わされたい,9,秋田書店　∥　アキタショテン:6 | 秋田書店:3,秋田書店　∥　アキタショテン,"秋田書店=[7, 8, 9]",no,"[7, 8, 9]"
kaya-chan-wa-kowakunai,カヤちゃんはコワくない,9,新潮社　∥　シンチョウシャ:5 | 新潮社:3,新潮社　∥　シンチョウシャ,"新潮社=[7, 8, 9]",no,"[7, 8, 9]"
keikenzumi-na-kimi-to-keiken-zero-na-ore-ga-otsukiai-suru-hanashi,経験済みなキミと、経験ゼロなオレが、お付き合いする話。,9,スクウェア・エニックス　∥　スクウェア ・ エニックス:5 | スクウェア・エニックス:4,スクウェア・エニックス　∥　スクウェア ・ エニックス,"スクウェア・エニックス=[6, 7, 8, 9]",no,"[6, 7, 8, 9]"
kekkaishi-eno-tensei,結界師への転生,9,[頒布]幻冬舎　∥　ゲントウシャ:5 | [発売]幻冬舎　∥　ゲントウシャ:3 | [頒布]幻冬舎:1,[頒布]幻冬舎　∥　ゲントウシャ,"[発売]幻冬舎　∥　ゲントウシャ=[1, 2, 3];[頒布]幻冬舎=[9]",no,"[1, 2, 3, 9]"
kekkon-shimashou-koisuru-mae-ni,結婚しましょう、恋する前に,9,小学館　∥　ショウガクカン:5 | 小学館:3,小学館　∥　ショウガクカン,"小学館=[6, 8, 9]",no,"[6, 8, 9]"
kimi-ni-aisarete-itakatta,君に愛されて痛かった,9,新潮社　∥　シンチョウシャ:5 | 秋田書店　∥　アキタショテン:3 | 秋田書店:1,新潮社　∥　シンチョウシャ,"秋田書店　∥　アキタショテン=[6, 7, 8];秋田書店=[9]",no,"[6, 7, 8, 9]"
kimi-to-hanashi-ga-shitainoda,キミと話がしたいのだ。,9,イースト・プレス　∥　イーストプレス:8 | イースト・プレス　∥　イースト プレス:1,イースト・プレス　∥　イーストプレス,イースト・プレス　∥　イースト プレス=[1],no,[1]
kin-to-tetsu,菌と鉄,9,講談社　∥　コウダンシャ:5 | 講談社:3,講談社　∥　コウダンシャ,"講談社=[7, 8, 9]",no,"[7, 8, 9]"
kita-no-toride-nite,北の砦にて,9,双葉社　∥　フタバシャ:7 | 双葉社:2,双葉社　∥　フタバシャ,"双葉社=[8, 9]",no,"[8, 9]"
kobayashi-san-no-meidoragon-maid-wa-boku-no-chomechome-fafnir,小林さんちのメイドラゴン ルコアは僕の××です。,9,双葉社　∥　フタバシャ:7 | 双葉社:2,双葉社　∥　フタバシャ,"双葉社=[8, 9]",no,"[8, 9]"
kohaku-no-yume-de-yoimashou,琥珀の夢で酔いましょう,9,マッグガーデン　∥　マッグ ガーデン:7 | マッグガーデン:1,マッグガーデン　∥　マッグ ガーデン,マッグガーデン=[9],no,[9]
kono-healer-mendokusai,このヒーラー、めんどくさい,9,KADOKAWA　∥　カドカワ:7 | KADOKAWA:1,KADOKAWA　∥　カドカワ,KADOKAWA=[9],no,[9]
konyaku-haki-shitai-node-akuyaku-reijou-enjimasu,婚約破棄したいので悪役令嬢演じます,9,[頒布]青泉社　∥　セイセンシャ:6 | [頒布]青泉社:3,[頒布]青泉社　∥　セイセンシャ,"[頒布]青泉社=[7, 8, 9]",no,"[7, 8, 9]"
kouchuugun-shikan-boukensha-ni-naru,航宙軍士官、冒険者になる,9,KADOKAWA　∥　カドカワ:7 | KADOKAWA:2,KADOKAWA　∥　カドカワ,"KADOKAWA=[8, 9]",no,"[8, 9]"
koukyuukisaki-no-kanrinin,後宮妃の管理人,9,KADOKAWA　∥　カドカワ:7 | KADOKAWA:2,KADOKAWA　∥　カドカワ,"KADOKAWA=[8, 9]",no,"[8, 9]"
kumokiri-nizaemon,雲霧仁左衛門,9,リイド社　∥　リイドシャ:7 | リイド社:2,リイド社　∥　リイドシャ,"リイド社=[8, 9]",no,"[8, 9]"
kuso-onna-ni-sachi-are,クソ女に幸あれ,9,集英社:5 | 集英社　∥　シュウエイシャ:3,集英社,"集英社　∥　シュウエイシャ=[1, 2, 3]",no,"[1, 2, 3]"
kusuriya-no-hitorigoto-shino-2017,薬屋のひとりごと,9,スクウェア・エニックス　∥　スクウェア ・ エニックス:6 | スクウェア・エニックス:3,スクウェア・エニックス　∥　スクウェア ・ エニックス,"スクウェア・エニックス=[14, 15, 16]",no,"[14, 15, 16]"
kuzu-no-honkai,クズの本懐,9,スクウェア・エニックス　∥　スクウェア ・ エニックス:5 | スクウェア・エニックス　∥　スクウェア エニックス:4,スクウェア・エニックス　∥　スクウェア ・ エニックス,"スクウェア・エニックス　∥　スクウェア エニックス=[1, 2, 3, 4]",no,"[1, 2, 3, 4]"
kyokugen-fuufu,極限夫婦,9,双葉社　∥　フタバシャ:5 | 双葉社:3,双葉社　∥　フタバシャ,"双葉社=[7, 8, 9]",no,"[7, 8, 9]"
liar,liar,9,双葉社　∥　フタバシャ:8 | 集英社　∥　シュウエイシャ:1,双葉社　∥　フタバシャ,集英社　∥　シュウエイシャ=[1],no,[1]
love-control,恋愛操作,9,リブレ出版　∥　リブレ シュッパン:3 | リブレ　∥　リブレ:3 | リブレ:2,リブレ出版　∥　リブレ シュッパン,"リブレ　∥　リブレ=[5, 6, 7];リブレ=[8, 9]",no,"[5, 6, 7, 8, 9]"
love-shikou-seitokai,恋愛志向生徒会,9,秋田書店　∥　アキタショテン:7 | 秋田書店:2,秋田書店　∥　アキタショテン,"秋田書店=[8, 9]",no,"[8, 9]"
machine-doll-wa-kizutsukanai,機巧少女は傷つかない,9,メディアファクトリー　∥　メディア ファクトリー:7 | KADOKAWA　∥　カドカワ:2,メディアファクトリー　∥　メディア ファクトリー,"KADOKAWA　∥　カドカワ=[8, 9]",no,"[8, 9]"
madougushi-dariya-wa-utsumukanai,魔導具師ダリヤはうつむかない,9,マッグガーデン　∥　マッグ ガーデン:5 | マッグガーデン:2,マッグガーデン　∥　マッグ ガーデン,"マッグガーデン=[8, 9]",no,"[8, 9]"
mahou-sekai-no-uketsukejou-ni-naritai-desu,魔法世界の受付嬢になりたいです,9,KADOKAWA　∥　カドカワ:7 | KADOKAWA:2,KADOKAWA　∥　カドカワ,"KADOKAWA=[8, 9]",no,"[8, 9]"
maken-no-daydreamer,魔拳のデイドリーマー,9,[発売]星雲社　∥　セイウンシャ:7 | [頒布]星雲社 (発売)　∥　セイウンシャ:2,[発売]星雲社　∥　セイウンシャ,"[頒布]星雲社 (発売)　∥　セイウンシャ=[8, 9]",no,"[8, 9]"
maken-no-deshi-wa-munou-de-saikyou,魔剣の弟子は無能で最強!,9,スクウェア・エニックス　∥　スクウェア ・ エニックス:5 | スクウェア ・ エニックス:3 | スクウェア・エニックス:1,スクウェア・エニックス　∥　スクウェア ・ エニックス,"スクウェア ・ エニックス=[6, 7, 8];スクウェア・エニックス=[9]",no,"[6, 7, 8, 9]"
manga-yuuenchi,漫画ゆうえんち,9,秋田書店　∥　アキタショテン:5 | 秋田書店:4,秋田書店　∥　アキタショテン,"秋田書店=[6, 7, 8, 9]",no,"[6, 7, 8, 9]"
marielle-clarac-no-konyaku,マリエル・クララックの婚約,9,[頒布]講談社　∥　コウダンシャ:6 | [発売]講談社　∥　コウダンシャ:3,[頒布]講談社　∥　コウダンシャ,"[発売]講談社　∥　コウダンシャ=[1, 2, 3]",no,"[1, 2, 3]"
meitantei-conan-hannin-no-hanzawa-san,名探偵コナン犯人の犯沢さん,9,小学館　∥　ショウガクカン:8 | 小学館:1,小学館　∥　ショウガクカン,小学館=[10],no,[10]
midori-no-basho,ミドリノバショ,9,小学館　∥　ショウガクカン:7 | 小学館:2,小学館　∥　ショウガクカン,"小学館=[8, 9]",no,"[8, 9]"
minazukike-no-iinazuke,水無月家の許嫁,9,講談社　∥　コウダンシャ:5 | 講談社:3,講談社　∥　コウダンシャ,"講談社=[7, 8, 9]",no,"[7, 8, 9]"
minikui-yuukaku-no-ko,みにくい遊郭の子,9,[頒布]一二三書房　∥　ヒフミショボウ:6 | 一二三書房:2,[頒布]一二三書房　∥　ヒフミショボウ,"一二三書房=[8, 9]",no,"[8, 9]"
nengan-no-akuyaku-reijou-no-karada-o-te-ni-iretazo,念願の悪役令嬢の身体を手に入れたぞ!,9,講談社:7 | 講談社　∥　コウダンシャ:2,講談社,"講談社　∥　コウダンシャ=[1, 2]",no,"[1, 2]"
next-life,ネクストライフ,9,KADOKAWA　∥　カドカワ:8 | KADOKAWA:1,KADOKAWA　∥　カドカワ,KADOKAWA=[9],no,[9]
nezumi-no-hatsukoi,ねずみの初恋,9,講談社:6 | 講談社　∥　コウダンシャ:2,講談社,"講談社　∥　コウダンシャ=[1, 2]",no,"[1, 2]"
nido-to-ie-niwa-kaerimasen,二度と家には帰りません!,9,オーバーラップ　∥　オーバーラップ:7 | オーバーラップ:2,オーバーラップ　∥　オーバーラップ,"オーバーラップ=[8, 9]",no,"[8, 9]"
nigashita-sakana-wa-ookikatta-ga-tsuriageta-sakana-ga-ookisugita-ken,逃がした魚は大きかったが釣りあげた魚が大きすぎた件,9,スクウェア・エニックス　∥　スクウェア ・ エニックス:6 | スクウェア・エニックス:3,スクウェア・エニックス　∥　スクウェア ・ エニックス,"スクウェア・エニックス=[7, 8, 9]",no,"[7, 8, 9]"
niwatori-fighter,ニワトリ・ファイター,9,[頒布]小学館クリエイティブ (発売)　∥　ショウガクカンクリエイティブ:6 | [頒布]小学館クリエイティブ　∥　ショウガクカンクリエイティブ:1 | [頒布]小学館クリエイティブ:1,[頒布]小学館クリエイティブ (発売)　∥　ショウガクカンクリエイティブ,[頒布]小学館クリエイティブ　∥　ショウガクカンクリエイティブ=[7];[頒布]小学館クリエイティブ=[9],no,"[7, 9]"
nobunaga-o-koroshita-otoko,信長を殺した男,9,秋田書店　∥　アキタショテン:8 | 秋田書店:1,秋田書店　∥　アキタショテン,秋田書店=[9],no,[9]
nukarumi-no-shokutaku,泥濘の食卓,9,新潮社　∥　シンチョウシャ:6 | 新潮社:2,新潮社　∥　シンチョウシャ,"新潮社=[8, 9]",no,"[8, 9]"
omae-tanuki-ni-naraneeka,お前、タヌキにならねーか?,9,[頒布]講談社 (発売)　∥　コウダンシャ:5 | [頒布]講談社　∥　コウダンシャ:2 | [頒布]講談社:2,[頒布]講談社 (発売)　∥　コウダンシャ,"[頒布]講談社　∥　コウダンシャ=[6, 7];[頒布]講談社=[8, 9]",no,"[6, 7, 8, 9]"
omori-tsumiki-to-kinichijou,尾守つみきと奇日常。,9,小学館:7 | 小学館　∥　ショウガクカン:2,小学館,"小学館　∥　ショウガクカン=[1, 2]",no,"[1, 2]"
onee-chan-no-midori-kun,お姉ちゃんの翠くん,9,集英社　∥　シュウエイシャ:6 | 集英社:2,集英社　∥　シュウエイシャ,"集英社=[8, 9]",no,"[8, 9]"
oni-no-hanayome,鬼の花嫁,9,スターツ出版　∥　スターツシュッパン:4 | スターツ出版:3,スターツ出版　∥　スターツシュッパン,"スターツ出版=[7, 8, 9]",no,"[7, 8, 9]"
onmyouji-abeno-seimei,陰陽師・安倍晴明,9,秋田書店　∥　アキタショテン:8 | 秋田書店:1,秋田書店　∥　アキタショテン,秋田書店=[9],no,[9]
ore-no-yubi-de-midarero,俺の指で乱れろ。,9,[頒布]星雲社 (発売)　∥　セイウンシャ:4 | [発売]星雲社　∥　セイウンシャ:2 | [頒布]星雲社:2 | [頒布]星雲社　∥　セイウンシャ:1,[頒布]星雲社 (発売)　∥　セイウンシャ,"[発売]星雲社　∥　セイウンシャ=[1, 2];[頒布]星雲社　∥　セイウンシャ=[7];[頒布]星雲社=[9, 10]",no,"[1, 2, 7, 9, 10]"
oshi-ga-ani-ni-narimashita,推しが兄になりました,9,スクウェア・エニックス　∥　スクウェア ・ エニックス:6 | スクウェア・エニックス:2,スクウェア・エニックス　∥　スクウェア ・ エニックス,"スクウェア・エニックス=[8, 9]",no,"[8, 9]"
out-bride-ikei-konin,アウトブライド-異系婚姻-,9,白泉社　∥　ハクセンシャ:8 | 白泉社:1,白泉社　∥　ハクセンシャ,白泉社=[9],no,[9]
pierrot-man,ピエロマン,9,日本文芸社　∥　ニホン ブンゲイシャ:6 | 日本文芸社:3,日本文芸社　∥　ニホン ブンゲイシャ,"日本文芸社=[8, 9, 10]",no,"[8, 9, 10]"
pokemon-4koma-gakuen,ポケモン4コマ学園,9,小学館　∥　ショウガクカン:8 | 小学館:1,小学館　∥　ショウガクカン,小学館=[9],no,[9]
rabuho-no-ueno-san,ラブホの上野さん,9,KADOKAWA　∥　カドカワ:8 | KADOKAWA　∥　KADOKAWA:1,KADOKAWA　∥　カドカワ,KADOKAWA　∥　KADOKAWA=[6],no,[6]
re-blue,Re:blue,9,集英社　∥　シュウエイシャ:5 | 集英社:4,集英社　∥　シュウエイシャ,"集英社=[6, 7, 8, 9]",no,"[6, 7, 8, 9]"
rikujou-jieitai-tokumu-chouhou-kikan-beppan-no-inu,陸上自衛隊特務諜報機関 別班の犬,9,講談社　∥　コウダンシャ:6 | 講談社:3,講談社　∥　コウダンシャ,"講談社=[7, 8, 9]",no,"[7, 8, 9]"
rotte-no-omocha,ロッテのおもちゃ!,9,[発売]角川グループパブリッシング　∥　カドカワ グループ パブリッシング:8 | KADOKAWA　∥　カドカワ:1,[発売]角川グループパブリッシング　∥　カドカワ グループ パブリッシング,KADOKAWA　∥　カドカワ=[9],no,[9]
ryojou-mystery-file,旅情ミステリー事件簿,9,実業之日本社　∥　ジツギョウノニホンシャ:6 | 実業之日本社:2 | 実業之日本社　∥　ジツギョウ ノ ニホンシャ:1,実業之日本社　∥　ジツギョウノニホンシャ,"実業之日本社　∥　ジツギョウ ノ ニホンシャ=[1];実業之日本社=[9, 10]",no,"[1, 9, 10]"
sacchi-sarenai-rule-breaker,察知されない最強職(ルール・ブレイカー),9,KADOKAWA　∥　カドカワ:6 | KADOKAWA:3,KADOKAWA　∥　カドカワ,"KADOKAWA=[8, 9, 10]",no,"[8, 9, 10]"
saenai-heroine-no-sodatekata-koisuru-metoronoomu,冴えない彼女の育てかた 恋するメトロノーム,9,スクウェア・エニックス　∥　スクウェア ・ エニックス:7 | スクウェア・エニックス　∥　スクウェア エニックス:2,スクウェア・エニックス　∥　スクウェア ・ エニックス,"スクウェア・エニックス　∥　スクウェア エニックス=[1, 2]",no,"[1, 2]"
saiaku-no-avalon,災悪のアヴァロン,9,集英社:5 | 集英社　∥　シュウエイシャ:4,集英社,"集英社　∥　シュウエイシャ=[1, 2, 3, 4]",no,"[1, 2, 3, 4]"
saigo-no-furyou,最後の不良,9,集英社　∥　シュウエイシャ:6 | 集英社:2,集英社　∥　シュウエイシャ,"集英社=[8, 9]",no,"[8, 9]"
saikyou-degarashi-ouji-no-anyaku-teii-arasoi,最強出涸らし皇子の暗躍帝位争い,9,KADOKAWA　∥　カドカワ:7 | KADOKAWA:2,KADOKAWA　∥　カドカワ,"KADOKAWA=[8, 9]",no,"[8, 9]"
saikyou-no-tenshi-nishite-saiai-no-akuma,最強の天使ニシテ最愛の悪魔,9,朝日新聞出版　∥　アサヒ シンブン シュッパン:3 | 朝日新聞出版　∥　アサヒシンブンシュッパン:3 | 朝日ソノラマ　∥　アサヒ ソノラマ:1 | 朝日新聞社　∥　アサヒ シンブンシャ:1 | [発売]朝日新聞出版　∥　アサヒ シンブン シュッパン:1,朝日新聞出版　∥　アサヒ シンブン シュッパン,"朝日ソノラマ　∥　アサヒ ソノラマ=[1];朝日新聞社　∥　アサヒ シンブンシャ=[2];[発売]朝日新聞出版　∥　アサヒ シンブン シュッパン=[3];朝日新聞出版　∥　アサヒシンブンシュッパン=[7, 8, 9]",yes,"[1, 2, 3, 7, 8, 9]"
saint-seiya-episode-g-requiem,聖闘士(セイント)星矢EPISODE.Gレクイエム,9,秋田書店　∥　アキタショテン:6 | 秋田書店:3,秋田書店　∥　アキタショテン,"秋田書店=[7, 8, 9]",no,"[7, 8, 9]"
saiunkoku-monogatari,彩雲国物語,9,[発売]角川グループパブリッシング　∥　カドカワ グループ パブリッシング:7 | [発売]角川グループパブリッシング　∥　カドカワグループパブリッシング:1,[発売]角川グループパブリッシング　∥　カドカワ グループ パブリッシング,[発売]角川グループパブリッシング　∥　カドカワグループパブリッシング=[9],no,[9]
saru-lock-reboot,猿ロックREBOOT,9,少年画報社　∥　ショウネンガホウシャ:8 | 少年画報社:1,少年画報社　∥　ショウネンガホウシャ,少年画報社=[9],no,[9]
sasensareta-saikyou-kenja-kyoushi-ni-natte-muteki-no-class-o-tsukuriageru,左遷された最強賢者、教師になって無敵のクラスを作り上げる,9,スクウェア・エニックス　∥　スクウェア ・ エニックス:7 | スクウェア・エニックス:2,スクウェア・エニックス　∥　スクウェア ・ エニックス,"スクウェア・エニックス=[9, 10]",no,"[9, 10]"
sayounara-eden,さようなら、エデン。,9,小学館　∥　ショウガクカン:5 | 小学館:3,小学館　∥　ショウガクカン,"小学館=[7, 8, 9]",no,"[7, 8, 9]"
sazukarikon,授か離婚,9,[頒布]青泉社　∥　セイセンシャ:4 | 秋水社 (発行元)　∥　シュウスイシャ (ハッコウモト):2 | [頒布]青泉社:2,[頒布]青泉社　∥　セイセンシャ,"秋水社 (発行元)　∥　シュウスイシャ (ハッコウモト)=[1, 2];[頒布]青泉社=[8, 9]",no,"[1, 2, 8, 9]"
seiheki-yabame-na-otoko-ni-nerawaremashita,性癖ヤバめなオトコに狙われました。,9,[頒布]星雲社 (発売)　∥　セイウンシャ:7 | [頒布]星雲社　∥　セイウンシャ:1 | [頒布]星雲社:1,[頒布]星雲社 (発売)　∥　セイウンシャ,[頒布]星雲社　∥　セイウンシャ=[8];[頒布]星雲社=[9],no,"[8, 9]"
seijo-ja-nakatta-node-oukyuu-de-nonbiri-gohan-o-tsukuru-koto-ni-shimashita,聖女じゃなかったので、王宮でのんびりご飯を作ることにしました,9,KADOKAWA　∥　カドカワ:7 | KADOKAWA:2,KADOKAWA　∥　カドカワ,"KADOKAWA=[8, 9]",no,"[8, 9]"
sekai-saikou-no-ansatsusha-isekai-kizoku-ni-tensei-suru,世界最高の暗殺者、異世界貴族に転生する,9,KADOKAWA　∥　カドカワ:7 | KADOKAWA:2,KADOKAWA　∥　カドカワ,"KADOKAWA=[8, 9]",no,"[8, 9]"
sekai-saisoku-no-level-up,世界最速のレベルアップ,9,KADOKAWA　∥　カドカワ:5 | KADOKAWA:4,KADOKAWA　∥　カドカワ,"KADOKAWA=[6, 7, 8, 9]",no,"[6, 7, 8, 9]"
senken-no-majutsushi-to-yobareta-kenshi,千剣の魔術師と呼ばれた剣士,9,スクウェア・エニックス　∥　スクウェア ・ エニックス:7 | スクウェア・エニックス:2,スクウェア・エニックス　∥　スクウェア ・ エニックス,"スクウェア・エニックス=[8, 9]",no,"[8, 9]"
senpai-wa-otokonoko,先輩はおとこのこ,9,[頒布]講談社 (発売)　∥　コウダンシャ:7 | [頒布]講談社　∥　コウダンシャ:2,[頒布]講談社 (発売)　∥　コウダンシャ,"[頒布]講談社　∥　コウダンシャ=[8, 9]",no,"[8, 9]"
shachou-h-nago-houshi-ha-gyoumu-soto-desu,社長、Hなご奉仕は業務外です!,9,大都社　∥　ダイトシャ:5 | [発売]大都社　∥　ダイトシャ:2 | [頒布]大都社 (発売)　∥　ダイトシャ:1 | 大都社:1,大都社　∥　ダイトシャ,"[発売]大都社　∥　ダイトシャ=[1, 2];[頒布]大都社 (発売)　∥　ダイトシャ=[3];大都社=[9]",no,"[1, 2, 3, 9]"
shaman-king-the-super-star,SHAMAN KING THE SUPER STAR,9,講談社　∥　コウダンシャ:8 | 講談社:1,講談社　∥　コウダンシャ,講談社=[10],no,[10]
shi-ga-futari-o-wakatsu-tomo,死がふたりを分かつとも,9,集英社　∥　シュウエイシャ:7 | 集英社:2,集英社　∥　シュウエイシャ,"集英社=[8, 9]",no,"[8, 9]"
shihyakushiki,四百四鬼,9,スクウェア・エニックス　∥　スクウェア ・ エニックス:5 | スクウェア・エニックス:3,スクウェア・エニックス　∥　スクウェア ・ エニックス,"スクウェア・エニックス=[6, 8, 9]",no,"[6, 8, 9]"
shin-no-jitsuryoku-wa-girigiri-made-kakushite-iyou-to-omou,真の実力はギリギリまで隠していようと思う,9,KADOKAWA　∥　カドカワ:6 | KADOKAWA:2,KADOKAWA　∥　カドカワ,"KADOKAWA=[8, 9]",no,"[8, 9]"
shingeki-no-eroko-san,進撃のえろ子さん,9,白泉社　∥　ハクセンシャ:7 | 白泉社:2,白泉社　∥　ハクセンシャ,"白泉社=[8, 9]",no,"[8, 9]"
shinigami-ni-sodaterareta-shoujo-wa-shikkoku-no-ken-o-mune-ni-idaku,死神に育てられた少女は漆黒の剣を胸に抱く,9,KADOKAWA　∥　カドカワ:7 | KADOKAWA:1,KADOKAWA　∥　カドカワ,KADOKAWA=[9],no,[9]
shinigami-no-hatsukoi,死神の初恋,9,小学館　∥　ショウガクカン:7 | 小学館:2,小学館　∥　ショウガクカン,"小学館=[8, 9]",no,"[8, 9]"
shinkon-no-iroha-san,新婚のいろはさん,9,双葉社　∥　フタバシャ:8 | 双葉社:1,双葉社　∥　フタバシャ,双葉社=[9],no,[9]
shinkyoku-soukai-porifonika,神曲奏界ポリフォニカ,9,[発売]ソフトバンククリエイティブ　∥　ソフトバンク クリエイティブ:7 | [発売]ほるぷ出版　∥　ホルプシュッパン:2,[発売]ソフトバンククリエイティブ　∥　ソフトバンク クリエイティブ,"[発売]ほるぷ出版　∥　ホルプシュッパン=[8, 9]",yes,"[8, 9]"
shiotaiou-no-satou-san-ga-ore-ni-dake-amai-attomaaku-comic,塩対応の佐藤さんが俺にだけ甘い@comic,9,小学館　∥　ショウガクカン:8 | 小学館:1,小学館　∥　ショウガクカン,小学館=[10],no,[10]
shishunki-bitter-change,思春期ビターチェンジ,9,[発売]ほるぷ出版　∥　ホルプシュッパン:7 | フレックスコミックス　∥　フレックスコミックス:2,[発売]ほるぷ出版　∥　ホルプシュッパン,"フレックスコミックス　∥　フレックスコミックス=[8, 9]",no,"[8, 9]"
shiunjike-no-kodomotachi,紫雲寺家の子供たち,9,白泉社　∥　ハクセンシャ:4 | 白泉社:4,白泉社　∥　ハクセンシャ,"白泉社=[6, 7, 8, 9]",no,"[6, 7, 8, 9]"
shouwa-no-gurazeni,昭和のグラゼニ,9,講談社　∥　コウダンシャ:6 | 講談社:2,講談社　∥　コウダンシャ,"講談社=[8, 9]",no,"[8, 9]"
show-ha-shou-ten,ショーハショーテン!,9,集英社　∥　シュウエイシャ:8 | 集英社:1,集英社　∥　シュウエイシャ,集英社=[11],no,[11]
shukusei-no-gedokushi,粛正の解毒師,9,集英社　∥　シュウエイシャ:7 | 集英社:2,集英社　∥　シュウエイシャ,"集英社=[8, 9]",no,"[8, 9]"
skirt-no-naka-wa-kedamono-deshita,スカートの中はケダモノでした。,9,[発売]星雲社　∥　セイウンシャ:6 | [頒布]星雲社 (発売)　∥　セイウンシャ:3,[発売]星雲社　∥　セイウンシャ,"[頒布]星雲社 (発売)　∥　セイウンシャ=[7, 8, 9]",no,"[7, 8, 9]"
snowball-earth,スノウボールアース,9,小学館　∥　ショウガクカン:7 | 小学館:1,小学館　∥　ショウガクカン,小学館=[9],no,[9]
sono-monban-saikyou-ni-tsuki,その門番、最強につき,9,双葉社　∥　フタバシャ:6 | 双葉社:2,双葉社　∥　フタバシャ,"双葉社=[8, 9]",no,"[8, 9]"
sozai-saishuka-no-isekai-ryokouki,素材採取家の異世界旅行記,9,[発売]星雲社　∥　セイウンシャ:3 | [頒布]星雲社 (発売)　∥　セイウンシャ:3 | [頒布]星雲社　∥　セイウンシャ:2 | [頒布]星雲社:1,[発売]星雲社　∥　セイウンシャ,"[頒布]星雲社 (発売)　∥　セイウンシャ=[4, 5, 6];[頒布]星雲社　∥　セイウンシャ=[7, 8];[頒布]星雲社=[9]",no,"[4, 5, 6, 7, 8, 9]"
strategic-lovers,ストラテジックラバーズ,9,KADOKAWA　∥　カドカワ:7 | KADOKAWA:2,KADOKAWA　∥　カドカワ,"KADOKAWA=[8, 9]",no,"[8, 9]"
suki-usagi,スキウサギ,9,秋田書店　∥　アキタショテン:8 | 秋田書店:1,秋田書店　∥　アキタショテン,秋田書店=[9],no,[9]
taekwondoer-park,テコンダー朴,9,コアマガジン　∥　コアマガジン:7 | 青林堂　∥　セイリンドウ:2,コアマガジン　∥　コアマガジン,"青林堂　∥　セイリンドウ=[2, 3]",no,"[2, 3]"
taiari-deshita,対ありでした。,9,KADOKAWA　∥　カドカワ:7 | KADOKAWA:1,KADOKAWA　∥　カドカワ,KADOKAWA=[9],no,[9]
tanuki-to-kitsune,タヌキとキツネ,9,フロンティアワークス　∥　フロンティア ワークス:5 | フロンティアワークス　∥　フロンティアワークス:4,フロンティアワークス　∥　フロンティア ワークス,"フロンティアワークス　∥　フロンティアワークス=[5, 7, 8, 9]",no,"[5, 7, 8, 9]"
teigakusei-otto-no-kozukai-banzai,定額制夫のこづかい万歳,9,講談社　∥　コウダンシャ:7 | 講談社:2,講談社　∥　コウダンシャ,"講談社=[9, 10]",no,"[9, 10]"
tenchi-souzou-dezainbu,天地創造デザイン部,9,講談社　∥　コウダンシャ:8 | 講談社:1,講談社　∥　コウダンシャ,講談社=[9],no,[9]
tensai-amiba-no-isekai-haou-densetsu,天才アミバの異世界覇王伝説,9,コアミックス　∥　コアミックス:6 | コアミックス:2 | コアミックス　∥　コア ミックス:1,コアミックス　∥　コアミックス,"コアミックス　∥　コア ミックス=[2];コアミックス=[8, 9]",no,"[2, 8, 9]"
tensei-daiseijo-no-isekai-nonbiri-kikou,転生大聖女の異世界のんびり紀行,9,講談社　∥　コウダンシャ:7 | 講談社:2,講談社　∥　コウダンシャ,"講談社=[10, 11]",no,"[10, 11]"
tensei-majo-wa-horobi-o-tsugeru,転生魔女は滅びを告げる,9,KADOKAWA　∥　カドカワ:7 | KADOKAWA:2,KADOKAWA　∥　カドカワ,"KADOKAWA=[8, 9]",no,"[8, 9]"
tensei-shitara-dragon-no-tamago-datta,転生したらドラゴンの卵だった,9,アース・スターエンターテイメント　∥　アーススターエンターテイメント:7 | アース・スターエンターテイメント:2,アース・スターエンターテイメント　∥　アーススターエンターテイメント,"アース・スターエンターテイメント=[8, 9]",no,"[8, 9]"
tensei-shitara-saikyoushu-tachi-ga-sumau-shima-deshita,転生したら最強種たちが住まう島でした。,9,スクウェア・エニックス　∥　スクウェア ・ エニックス:5 | スクウェア・エニックス:3,スクウェア・エニックス　∥　スクウェア ・ エニックス,"スクウェア・エニックス=[7, 8, 9]",no,"[7, 8, 9]"
tensei-shite-hai-elf-ni-narimashita-ga-surooraifu-wa-120-nen-de-akimashita,転生してハイエルフになりましたが、スローライフは120年で飽きました,9,アース・スターエンターテイメント　∥　アーススターエンターテイメント:6 | アース・スターエンターテイメント:3,アース・スターエンターテイメント　∥　アーススターエンターテイメント,"アース・スターエンターテイメント=[7, 8, 9]",no,"[7, 8, 9]"
the-hysteric-trigger,ザ・ヒステリックトリガー,9,講談社　∥　コウダンシャ:8 | 講談社:1,講談社　∥　コウダンシャ,講談社=[9],no,[9]
tiger-bunny,TIGER＆BUNNY,9,KADOKAWA　∥　カドカワ:4 | [発売]角川グループパブリッシング　∥　カドカワグループパブリッシング:3 | [発売]角川グループパブリッシング　∥　カドカワ グループ パブリッシング:1 | [発売]KADOKAWA　∥　カドカワ:1,KADOKAWA　∥　カドカワ,"[発売]角川グループパブリッシング　∥　カドカワ グループ パブリッシング=[1];[発売]角川グループパブリッシング　∥　カドカワグループパブリッシング=[2, 3, 4];[発売]KADOKAWA　∥　カドカワ=[5]",no,"[1, 2, 3, 4, 5]"
tokyo-camouflage-hour,ニュートーキョーカモフラージュアワー,9,少年画報社　∥　ショウネンガホウシャ:7 | 少年画報社　∥　ショウネン ガホウシャ:1 | 少年画報社:1,少年画報社　∥　ショウネンガホウシャ,少年画報社　∥　ショウネン ガホウシャ=[2];少年画報社=[11],no,"[2, 11]"
tonari-no-stella,隣のステラ,9,講談社　∥　コウダンシャ:6 | 講談社:3,講談社　∥　コウダンシャ,"講談社=[7, 8, 9]",no,"[7, 8, 9]"
toshokan-no-daimajutsushi,図書館の大魔術師,9,講談社　∥　コウダンシャ:8 | 講談社:1,講談社　∥　コウダンシャ,講談社=[9],no,[9]
touhou-suichouka,東方酔蝶華,9,KADOKAWA　∥　カドカワ:7 | KADOKAWA:2,KADOKAWA　∥　カドカワ,"KADOKAWA=[8, 9]",no,"[8, 9]"
tsuihousareta-akuyaku-reijou-no-danna-sama,追放悪役令嬢の旦那様,9,白泉社　∥　ハクセンシャ:7 | 白泉社:2,白泉社　∥　ハクセンシャ,"白泉社=[8, 9]",no,"[8, 9]"
tsuihousareta-sareta-esukyuu-kanteishi-wa-saikyou-no-guild-o-tsukuru,追放されたS級鑑定士は最強のギルドを創る,9,オーバーラップ　∥　オーバーラップ:6 | オーバーラップ:2,オーバーラップ　∥　オーバーラップ,"オーバーラップ=[8, 9]",no,"[8, 9]"
twisted-sisters,ツイステッド・シスターズ,9,講談社　∥　コウダンシャ:6 | 講談社:2,講談社　∥　コウダンシャ,"講談社=[8, 9]",no,"[8, 9]"
uchuu-senkan-yamato-2199,宇宙戦艦ヤマト2199,9,KADOKAWA　∥　カドカワ:6 | [発売]角川グループパブリッシング　∥　カドカワグループパブリッシング:2 | [発売]角川グループホールディングス　∥　カドカワグループホールディングス:1,KADOKAWA　∥　カドカワ,"[発売]角川グループパブリッシング　∥　カドカワグループパブリッシング=[1, 2];[発売]角川グループホールディングス　∥　カドカワグループホールディングス=[3]",no,"[1, 2, 3]"
uchuujin-muumuu,宇宙人ムームー,9,少年画報社　∥　ショウネンガホウシャ:7 | 少年画報社:1,少年画報社　∥　ショウネンガホウシャ,少年画報社=[9],no,[9]
umineko-no-naku-koro-ni-chiru-episode-7,うみねこのなく頃に散 Episode7,9,スクウェア・エニックス　∥　スクウェア エニックス:7 | スクウェア・エニックス　∥　スクウェア ・ エニックス:2,スクウェア・エニックス　∥　スクウェア エニックス,"スクウェア・エニックス　∥　スクウェア ・ エニックス=[8, 9]",no,"[8, 9]"
umineko-no-naku-koro-ni-chiru-episode-8,うみねこのなく頃に散 Episode8,9,スクウェア・エニックス　∥　スクウェア エニックス:5 | スクウェア・エニックス　∥　スクウェア ・ エニックス:4,スクウェア・エニックス　∥　スクウェア エニックス,"スクウェア・エニックス　∥　スクウェア ・ エニックス=[6, 7, 8, 9]",no,"[6, 7, 8, 9]"
utchare-goshogawara-nebarigoshi-hen,うっちゃれ五所瓦粘り腰編,9,小学館　∥　ショウガクカン:4 | 小学館:4,小学館　∥　ショウガクカン,"小学館=[6, 7, 8, 9]",no,"[6, 7, 8, 9]"
vlad-dracula,ヴラド・ドラクラ,9,KADOKAWA　∥　カドカワ:7 | KADOKAWA:1,KADOKAWA　∥　カドカワ,KADOKAWA=[9],no,[9]
warui-ga-watashi-wa-yuri-ja-nai,悪いが私は百合じゃない,9,KADOKAWA　∥　カドカワ:6 | KADOKAWA:3,KADOKAWA　∥　カドカワ,"KADOKAWA=[7, 8, 9]",no,"[7, 8, 9]"
watashi-no-shounen,私の少年,9,講談社　∥　コウダンシャ:5 | 双葉社　∥　フタバシャ:4,講談社　∥　コウダンシャ,"双葉社　∥　フタバシャ=[1, 2, 3, 4]",no,"[1, 2, 3, 4]"
wazawai-kitsune-no-kuzure-chan,災い狐のくずれちゃん,9,徳間書店　∥　トクマ ショテン:7 | 徳間書店:2,徳間書店　∥　トクマ ショテン,"徳間書店=[8, 9]",no,"[8, 9]"
wilderness,Wilderness,9,小学館　∥　ショウガクカン:3 | 小学館:1,小学館　∥　ショウガクカン,小学館=[9],no,[9]
yakyuubu-ni-hanataba-o,野球部に花束を,9,秋田書店　∥　アキタショテン:8 | 秋田書店　∥　アキタ ショテン:1,秋田書店　∥　アキタショテン,秋田書店　∥　アキタ ショテン=[1],no,[1]
yani-neko,ヤニねこ,9,講談社　∥　コウダンシャ:5 | 講談社:4,講談社　∥　コウダンシャ,"講談社=[7, 9, 10, 11]",no,"[7, 9, 10, 11]"
yarukinashi-eiyuu-tan,やる気なし英雄譚,9,講談社　∥　コウダンシャ:6 | 講談社:3,講談社　∥　コウダンシャ,"講談社=[7, 8, 9]",no,"[7, 8, 9]"
yokuoni,欲鬼,9,講談社　∥　コウダンシャ:8 | 講談社:1,講談社　∥　コウダンシャ,講談社=[4],no,[4]
yorinuki-urayasu-tekkin-kazoku,よりぬき!浦安鉄筋家族,9,秋田書店　∥　アキタ ショテン:5 | 秋田書店　∥　アキタショテン:4,秋田書店　∥　アキタ ショテン,"秋田書店　∥　アキタショテン=[6, 7, 8, 9]",no,"[6, 7, 8, 9]"
yuugiou-ofisharu-card-ocg-structures,遊☆戯☆王OCG(オフィシャルカードゲーム)ストラクチャーズ,9,集英社　∥　シュウエイシャ:8 | 集英社:1,集英社　∥　シュウエイシャ,集英社=[11],no,[11]
yuusha-party-o-tsuihousareta-sareta-ore-daga-ore-kara-sudatte-kureta-you-de-ureshii,勇者パーティーを追放された俺だが、俺から巣立ってくれたようで嬉しい。,9,スクウェア・エニックス　∥　スクウェア ・ エニックス:5 | スクウェア・エニックス:4,スクウェア・エニックス　∥　スクウェア ・ エニックス,"スクウェア・エニックス=[6, 7, 8, 9]",no,"[6, 7, 8, 9]"
yuusha-shoukan-ni-makikomareta-kedo-isekai-wa-heiwa-deshita,勇者召喚に巻き込まれたけど、異世界は平和でした,9,KADOKAWA　∥　カドカワ:8 | KADOKAWA:1,KADOKAWA　∥　カドカワ,KADOKAWA=[10],no,[10]
zatsuyou-fuyo-jutsushi-ga-jibun-no-saikyou-ni-kizuku-made,雑用付与術師が自分の最強に気付くまで,9,双葉社　∥　フタバシャ:6 | 双葉社:3,双葉社　∥　フタバシャ,"双葉社=[7, 9, 11]",no,"[7, 9, 11]"
zense-wa-kentei-konjou-kuzu-ouji,前世は剣帝。今生クズ王子,9,[頒布]星雲社 (発売)　∥　セイウンシャ:5 | [頒布]星雲社:2 | [発売]星雲社　∥　セイウンシャ:1 | [頒布]星雲社　∥　セイウンシャ:1,[頒布]星雲社 (発売)　∥　セイウンシャ,"[発売]星雲社　∥　セイウンシャ=[1];[頒布]星雲社　∥　セイウンシャ=[7];[頒布]星雲社=[8, 9]",no,"[1, 7, 8, 9]"
ziggurat,Ziggurat,9,キルタイムコミュニケーション　∥　キルタイムコミュニケーション:7 | キルタイムコミュニケーション　∥　キル タイム コミュニケーション:2,キルタイムコミュニケーション　∥　キルタイムコミュニケーション,"キルタイムコミュニケーション　∥　キル タイム コミュニケーション=[1, 2]",no,"[1, 2]"
10dance,10DANCE,8,竹書房　∥　タケ ショボウ:2 | 講談社　∥　コウダンシャ:2 | 講談社:1,竹書房　∥　タケ ショボウ,"講談社　∥　コウダンシャ=[3, 4];講談社=[8]",no,"[3, 4, 8]"
29-sai-dokushin-wa-isekai-de-jiyuu-ni-ikitakatta,29歳独身は異世界で自由に生きた……かった。,8,KADOKAWA　∥　カドカワ:6 | KADOKAWA:2,KADOKAWA　∥　カドカワ,"KADOKAWA=[7, 8]",no,"[7, 8]"
29sai-jimitsubone-no-totsuzenna-moteki,29歳・地味局の突然なモテ期,8,大都社　∥　ダイトシャ:5 | [発売]大都社　∥　ダイトシャ:2 | [頒布]大都社 (発売)　∥　ダイトシャ:1,大都社　∥　ダイトシャ,"[発売]大都社　∥　ダイトシャ=[1, 2];[頒布]大都社 (発売)　∥　ダイトシャ=[3]",no,"[1, 2, 3]"
2dk-gpen-mezamashidokei,2DK、Gペン、目覚まし時計。,8,[発売]講談社　∥　コウダンシャ:5 | 一迅社　∥　イチジンシャ:3,[発売]講談社　∥　コウダンシャ,"一迅社　∥　イチジンシャ=[1, 2, 3]",no,"[1, 2, 3]"
34sai-mushokusan,34歳無職さん,8,KADOKAWA　∥　カドカワ:5 | メディアファクトリー　∥　メディア ファクトリー:2 | KADOKAWA　∥　KADOKAWA:1,KADOKAWA　∥　カドカワ,"メディアファクトリー　∥　メディア ファクトリー=[1, 3];KADOKAWA　∥　KADOKAWA=[2]",no,"[1, 2, 3]"
35-sai-no-sentaku,35歳の選択,8,[頒布]一二三書房　∥　ヒフミショボウ:4 | 一二三書房:3 | 一二三書房　∥　ヒフミショボウ:1,[頒布]一二三書房　∥　ヒフミショボウ,"一二三書房　∥　ヒフミショボウ=[5];一二三書房=[6, 7, 8]",no,"[5, 6, 7, 8]"
abu-noomaru,阿武ノーマル,8,講談社:4 | 講談社　∥　コウダンシャ:3,講談社,"講談社　∥　コウダンシャ=[1, 2, 3]",no,"[1, 2, 3]"
accel-world-hima-2014,アクセル・ワールド,8,KADOKAWA　∥　カドカワ:4 | [発売]角川グループパブリッシング　∥　カドカワ グループ パブリッシング:2 | [発売]角川グループホールディングス　∥　カドカワ グループ ホールディングス:1 | [発売]Kadokawa　∥　Kadokawa:1,KADOKAWA　∥　カドカワ,"[発売]角川グループホールディングス　∥　カドカワ グループ ホールディングス=[1];[発売]角川グループパブリッシング　∥　カドカワ グループ パブリッシング=[2, 4];[発売]Kadokawa　∥　Kadokawa=[3]",no,"[1, 2, 3, 4]"
aishiteru-game-o-owarasetai,愛してるゲームを終わらせたい,8,小学館　∥　ショウガクカン:6 | 小学館:2,小学館　∥　ショウガクカン,"小学館=[7, 8]",no,"[7, 8]"
akujo-wa-henka-suru,悪女は変化する,8,[頒布]講談社　∥　コウダンシャ:6 | [頒布]講談社:2,[頒布]講談社　∥　コウダンシャ,"[頒布]講談社=[7, 8]",no,"[7, 8]"
akuyaku-reijou-no-ani-ni-tensei-shimashita,悪役令嬢の兄に転生しました,8,秋田書店　∥　アキタショテン:4 | 秋田書店:4,秋田書店　∥　アキタショテン,"秋田書店=[5, 6, 7, 8]",no,"[5, 6, 7, 8]"
akuyaku-reijou-seshiria-shirubii-wa-shinitakunai-node-dansou-suru-koto-ni-shita,悪役令嬢、セシリア・シルビィは死にたくないので男装することにした。,8,KADOKAWA　∥　カドカワ:6 | KADOKAWA:1,KADOKAWA　∥　カドカワ,KADOKAWA=[8],no,[8]
ame-nochi-hare,あめのちはれ,8,[発売]角川グループパブリッシング　∥　カドカワ グループ パブリッシング:4 | エンターブレイン:1 | [発売]角川グループパブリッシング　∥　カドカワグループパブリッシング:1 | [発売]KADOKAWA　∥　カドカワ:1 | KADOKAWA　∥　カドカワ:1,[発売]角川グループパブリッシング　∥　カドカワ グループ パブリッシング,エンターブレイン=[1];[発売]角川グループパブリッシング　∥　カドカワグループパブリッシング=[6];[発売]KADOKAWA　∥　カドカワ=[7];KADOKAWA　∥　カドカワ=[8],no,"[1, 6, 7, 8]"
anemone-wa-netsu-o-obiru,アネモネは熱を帯びる,8,芳文社　∥　ホウブンシャ:7 | 芳文社:1,芳文社　∥　ホウブンシャ,芳文社=[8],no,[8]
ani-koi,アニコイ,8,[発売]角川グループパブリッシング　∥　カドカワ グループ パブリッシング:7 | [発売]角川グループパブリッシング　∥　カドカワ グループパブリッシング:1,[発売]角川グループパブリッシング　∥　カドカワ グループ パブリッシング,[発売]角川グループパブリッシング　∥　カドカワ グループパブリッシング=[8],no,[8]
another-furonteia-online-seisankei-skill-o-kiwametara-cheat-na-enupiishii-o-yatoeru-youni,アナザー・フロンティア・オンライン～生産系スキルを極めたらチートなNPCを雇えるようになりました～@COMIC,8,TOブックス　∥　ティーオーブックス:7 | TOブックス:1,TOブックス　∥　ティーオーブックス,TOブックス=[9],no,[9]
aoi-hana,青い花,8,太田出版　∥　オオタ シュッパン:4 | 太田出版　∥　オオタシュッパン:2,太田出版　∥　オオタ シュッパン,"太田出版　∥　オオタシュッパン=[7, 8]",no,"[7, 8]"
arafoo-otoko-no-isekai-tsuuhan-seikatsu,アラフォー男の異世界通販生活,8,スクウェア・エニックス　∥　スクウェア ・ エニックス:7 | スクウェア・エニックス:1,スクウェア・エニックス　∥　スクウェア ・ エニックス,スクウェア・エニックス=[8],no,[8]
arasa-ol-haman-sama,アラサーOLハマーン様,8,KADOKAWA　∥　カドカワ:4 | KADOKAWA:3,KADOKAWA　∥　カドカワ,"KADOKAWA=[5, 7, 8]",no,"[5, 7, 8]"
aru-hi-watashi-wa-reiketsu-koushaku-no-musume-ni-natta,ある日、私は冷血公爵の娘になった,8,KADOKAWA　∥　カドカワ:7 | KADOKAWA:1,KADOKAWA　∥　カドカワ,KADOKAWA=[8],no,[8]
aru-sekkeishi-no-kiroku,ある設計士の忌録,8,朝日新聞出版　∥　アサヒシンブンシュッパン:6 | 朝日新聞出版:2,朝日新聞出版　∥　アサヒシンブンシュッパン,"朝日新聞出版=[7, 8]",no,"[7, 8]"
asagohantei,朝ごはん亭,8,少年画報社　∥　ショウネンガホウシャ:7 | 少年画報社:1,少年画報社　∥　ショウネンガホウシャ,少年画報社=[8],no,[8]
bad-end-mokuzen-no-heroine-ni-tensei-shita-watashi-konsei-dewa-love-suru-tsumori-ga-cheat-na-ani-ga,バッドエンド目前のヒロインに転生した私、今世では恋愛するつもりがチートな兄が離してくれません!?@COMIC,8,TOブックス　∥　ティーオーブックス:4 | TOブックス:4,TOブックス　∥　ティーオーブックス,"TOブックス=[5, 6, 7, 8]",no,"[5, 6, 7, 8]"
baki-gaiden-kizumen,バキ外伝疵面,8,秋田書店　∥　アキタショテン:3 | 秋田書店　∥　アキタ ショテン:2,秋田書店　∥　アキタショテン,"秋田書店　∥　アキタ ショテン=[4, 5]",no,"[4, 5]"
beekaku,ベー革,8,小学館　∥　ショウガクカン:5 | 小学館:3,小学館　∥　ショウガクカン,"小学館=[6, 7, 8]",no,"[6, 7, 8]"
bernard-jou-iwaku,バーナード嬢曰く。,8,一迅社　∥　イチジンシャ:2 | [発売]講談社　∥　コウダンシャ:2 | [頒布]講談社　∥　コウダンシャ:2 | 一迅社:1 | [頒布]講談社:1,一迅社　∥　イチジンシャ,"一迅社=[1];[発売]講談社　∥　コウダンシャ=[4, 5];[頒布]講談社　∥　コウダンシャ=[6, 7];[頒布]講談社=[8]",no,"[1, 4, 5, 6, 7, 8]"
beyblade-x,BEYBLADE X,8,小学館:4 | 小学館　∥　ショウガクカン:3,小学館,"小学館　∥　ショウガクカン=[1, 2, 3]",no,"[1, 2, 3]"
black-kigyou-no-shine-ga-neko-ni-natte-jinsei-ga-kawatta-hanashi-mofuta-kun-no-baai,ブラック企業の社員が猫になって人生が変わった話〈モフ田くんの場合〉,8,KADOKAWA　∥　カドカワ:6 | KADOKAWA:2,KADOKAWA　∥　カドカワ,"KADOKAWA=[7, 8]",no,"[7, 8]"
black-lagoon-eda-initial-stage,ブラック・ラグーンエダイニシャルステージ,8,小学館　∥　ショウガクカン:4 | 小学館:3,小学館　∥　ショウガクカン,"小学館=[5, 7, 8]",no,"[5, 7, 8]"
blattodea,ブラトデア,8,スクウェア・エニックス　∥　スクウェア ・ エニックス:6 | スクウェア・エニックス:1,スクウェア・エニックス　∥　スクウェア ・ エニックス,スクウェア・エニックス=[8],no,[8]
bless,ブレス,8,講談社　∥　コウダンシャ:5 | 講談社:3,講談社　∥　コウダンシャ,"講談社=[6, 7, 8]",no,"[6, 7, 8]"
blue-lock-episode-nagi,ブルーロック-EPISODE 凪-,8,講談社　∥　コウダンシャ:5 | 講談社:2,講談社　∥　コウダンシャ,"講談社=[7, 8]",no,"[7, 8]"
bocchi-za-rock,ぼっち・ざ・ろっく!,8,芳文社　∥　ホウブンシャ:6 | 芳文社:1,芳文社　∥　ホウブンシャ,芳文社=[8],no,[8]
boku-no-noroi-no-kyuuketsuki,僕の呪いの吸血姫,8,スクウェア・エニックス　∥　スクウェア ・ エニックス:6 | スクウェア・エニックス:2,スクウェア・エニックス　∥　スクウェア ・ エニックス,"スクウェア・エニックス=[7, 8]",no,"[7, 8]"
boku-wa-subete-o-shitteiru,僕はすべてを知っている,8,徳間書店　∥　トクマ ショテン:7 | 徳間書店:1,徳間書店　∥　トクマ ショテン,徳間書店=[8],no,[8]
buchigire-reijou-wa-houfuku-o-chikaimashita,ブチ切れ令嬢は報復を誓いました。,8,ホビージャパン　∥　ホビー ジャパン:4 | ホビージャパン:4,ホビージャパン　∥　ホビー ジャパン,"ホビージャパン=[7, 8, 9, 10]",no,"[7, 8, 9, 10]"
bungou-ni-sasageru-otome,文豪に捧げる乙女,8,小学館　∥　ショウガクカン:7 | 小学館:1,小学館　∥　ショウガクカン,小学館=[8],no,[8]
buta-no-liver-wa-kanetsu-shiro,豚のレバーは加熱しろ,8,KADOKAWA　∥　カドカワ:6 | KADOKAWA:1,KADOKAWA　∥　カドカワ,KADOKAWA=[8],no,[8]
can-you-do-asachun-with-me-for-save-the-worldsekaiwosukuutamenitsugutotoasachundekimasuka,世界を救うために亜人(わたし)と朝チュンできますか?,8,KADOKAWA　∥　カドカワ:7 | KADOKAWA:1,KADOKAWA　∥　カドカワ,KADOKAWA=[9],no,[9]
catenaccio,カテナチオ,8,集英社　∥　シュウエイシャ:6 | 集英社:2,集英社　∥　シュウエイシャ,"集英社=[7, 8]",no,"[7, 8]"
centuria,ケントゥリア,8,集英社:6 | 集英社　∥　シュウエイシャ:1,集英社,集英社　∥　シュウエイシャ=[1],no,[1]
chabashira-club,茶柱倶楽部,8,芳文社　∥　ホウブンシャ:7 | 芳文社:1,芳文社　∥　ホウブンシャ,芳文社=[6],no,[6]
char-no-nichijou,シャアの日常,8,KADOKAWA　∥　カドカワ:7 | [発売]KADOKAWA　∥　カドカワ:1,KADOKAWA　∥　カドカワ,[発売]KADOKAWA　∥　カドカワ=[1],no,[1]
chichi-chichi,チチチチ,8,秋田書店　∥　アキタショテン:7 | 秋田書店:1,秋田書店　∥　アキタショテン,秋田書店=[8],no,[8]
chiikawa,ちいかわ,8,講談社　∥　コウダンシャ:3 | 講談社:1,講談社　∥　コウダンシャ,講談社=[8],no,[8]
chikita-gugu,チキタ・gugu,8,朝日ソノラマ　∥　アサヒ ソノラマ:1 | 朝日新聞社　∥　アサヒ シンブンシャ:1,朝日ソノラマ　∥　アサヒ ソノラマ,朝日新聞社　∥　アサヒ シンブンシャ=[8],no,[8]
chiseigaku-boys,地政学ボーイズ,8,秋田書店　∥　アキタショテン:4 | 秋田書店:4,秋田書店　∥　アキタショテン,"秋田書店=[5, 6, 7, 8]",no,"[5, 6, 7, 8]"
chitose-kun-wa-ramunebin-no-naka,千歳くんはラムネ瓶のなか,8,スクウェア・エニックス　∥　スクウェア ・ エニックス:6 | スクウェア・エニックス:2,スクウェア・エニックス　∥　スクウェア ・ エニックス,"スクウェア・エニックス=[7, 8]",no,"[7, 8]"
choukyoushi-wa-mamono-ni-kakomarete-ikite-ikimasu,調教師は魔物に囲まれて生きていきます。,8,スターツ出版　∥　スターツシュッパン:5 | スターツ出版:3,スターツ出版　∥　スターツシュッパン,"スターツ出版=[6, 7, 8]",no,"[6, 7, 8]"
choukyuu-mobile-butouden-g-gundam-shinjuku-touhou-fuhai-stage-2,超級!機動武闘伝Gガンダム 新宿・東方不敗! STAGE 2,8,[発売]角川グループパブリッシング　∥　カドカワグループパブリッシング:5 | [発売]角川グループパブリッシング　∥　カドカワ グループ パブリッシング:1 | [発売]角川グループホールディングス　∥　カドカワグループホールディングス:1 | [発売]KADOKAWA　∥　カドカワ:1,[発売]角川グループパブリッシング　∥　カドカワグループパブリッシング,[発売]角川グループパブリッシング　∥　カドカワ グループ パブリッシング=[1];[発売]角川グループホールディングス　∥　カドカワグループホールディングス=[7];[発売]KADOKAWA　∥　カドカワ=[8],no,"[1, 7, 8]"
chrome-kidoutai-za-human-algorithm,攻殻機動隊THE HUMAN ALGORITHM,8,講談社　∥　コウダンシャ:6 | 講談社:1,講談社　∥　コウダンシャ,講談社=[8],no,[8]
chrome-shelled-regios-missing-mail,鋼殻のレギオスmissing mail,8,[発売]角川グループパブリッシング　∥　カドカワ グループ パブリッシング:7 | [発売]角川グループパブリッシング　∥　カドカワグループパブリッシング:1,[発売]角川グループパブリッシング　∥　カドカワ グループ パブリッシング,[発売]角川グループパブリッシング　∥　カドカワグループパブリッシング=[8],no,[8]
class-no-daikirai-na-joshi-to-kekkon-suru-koto-ni-natta,クラスの大嫌いな女子と結婚することになった。,8,KADOKAWA　∥　カドカワ:5 | KADOKAWA:2,KADOKAWA　∥　カドカワ,"KADOKAWA=[7, 8]",no,"[7, 8]"
class-shoukan-ni-makikomareta-kyoushi-hazure-skill-de-kikai-shoujo-o-shuuri-suru,クラス召喚に巻き込まれた教師、外れスキルで機械少女を修理する,8,竹書房　∥　タケ ショボウ:5 | 竹書房:3,竹書房　∥　タケ ショボウ,"竹書房=[6, 7, 8]",no,"[6, 7, 8]"
cosmos,COSMOS,8,小学館:5 | 小学館　∥　ショウガクカン:3,小学館,"小学館　∥　ショウガクカン=[1, 2, 3]",no,"[1, 2, 3]"
d-genesis,Dジェネシス,8,KADOKAWA　∥　カドカワ:5 | KADOKAWA:3,KADOKAWA　∥　カドカワ,"KADOKAWA=[6, 7, 8]",no,"[6, 7, 8]"
damasare-uragirare-shokei-sareta-watashi-ga-dare-o-shinjirareruto-iunodeshou,騙され裏切られ処刑された私が……誰を信じられるというのでしょう?,8,双葉社　∥　フタバシャ:6 | 双葉社:2,双葉社　∥　フタバシャ,"双葉社=[7, 8]",no,"[7, 8]"
dd-hokuto-no-ken,DD北斗の拳,8,[発売]徳間書店　∥　トクマ ショテン:5 | [発売]徳間書店　∥　トクマショテン:3,[発売]徳間書店　∥　トクマ ショテン,"[発売]徳間書店　∥　トクマショテン=[3, 4, 7]",no,"[3, 4, 7]"
diamond-no-kouzai,ダイヤモンドの功罪,8,集英社　∥　シュウエイシャ:6 | 集英社:2,集英社　∥　シュウエイシャ,"集英社=[7, 8]",no,"[7, 8]"
dinosan,ディノサン,8,新潮社　∥　シンチョウシャ:5 | 新潮社:2,新潮社　∥　シンチョウシャ,"新潮社=[7, 8]",no,"[7, 8]"
double-helix-blossom,DOUBLE HELIX BLOSSOM,8,小学館:6 | 小学館　∥　ショウガクカン:2,小学館,"小学館　∥　ショウガクカン=[1, 2]",no,"[1, 2]"
double-step-father,ダブルステップファザー,8,ハーパーコリンズ・ジャパン:6 | ハーパーコリンズ・ジャパン　∥　ハーパーコリンズジャパン:1,ハーパーコリンズ・ジャパン,ハーパーコリンズ・ジャパン　∥　ハーパーコリンズジャパン=[1],no,[1]
doukutsu-ou-kara-hajimeru-rakuen-life-bannounosaikutsusukirudesaikyouni,洞窟王からはじめる楽園ライフ,8,KADOKAWA　∥　カドカワ:6 | KADOKAWA:2,KADOKAWA　∥　カドカワ,"KADOKAWA=[7, 8]",no,"[7, 8]"
dungeon-no-aru-sekai-de-kashikoku-sukoyaka-ni-ikiru-houhou,ダンジョンのある世界で賢く健やかに生きる方法,8,双葉社　∥　フタバシャ:5 | 双葉社:3,双葉社　∥　フタバシャ,"双葉社=[6, 7, 8]",no,"[6, 7, 8]"
durarara,デュラララ!!,8,スクウェア・エニックス　∥　スクウェア エニックス:4 | スクウェア・エニックス　∥　スクウェア ・ エニックス:4,スクウェア・エニックス　∥　スクウェア エニックス,"スクウェア・エニックス　∥　スクウェア ・ エニックス=[5, 6, 7, 8]",no,"[5, 6, 7, 8]"
elf-san-wa-yaserarenai,エルフさんは痩せられない。,8,ワニブックス　∥　ワニブックス:7 | 秋田書店　∥　アキタショテン:1,ワニブックス　∥　ワニブックス,秋田書店　∥　アキタショテン=[8],no,[8]
evol,EVOL(イーヴォー),8,KADOKAWA　∥　カドカワ:7 | KADOKAWA:1,KADOKAWA　∥　カドカワ,KADOKAWA=[10],no,[10]
exoskull-zero,エクゾスカル零,8,秋田書店　∥　アキタ ショテン:4 | 秋田書店　∥　アキタショテン:4,秋田書店　∥　アキタ ショテン,"秋田書店　∥　アキタショテン=[5, 6, 7, 8]",no,"[5, 6, 7, 8]"
fairy-tail-chronicle,フェアリーテイル・クロニクル,8,フロンティアワークス　∥　フロンティアワークス:3 | KADOKAWA　∥　カドカワ:2 | フロンティアワークス:2,フロンティアワークス　∥　フロンティアワークス,"KADOKAWA　∥　カドカワ=[2, 3];フロンティアワークス=[7, 8]",no,"[2, 3, 7, 8]"
fate-grand-order-epikku-obu-remunanto-ashu-tokuiten-extra-shinkai-dennou-rakudo-seraph,Fate/Grand Order-Epic of Remnant-亜種特異点EX(エクストラ)深海電脳楽土SE.RA.PH,8,KADOKAWA　∥　カドカワ:7 | KADOKAWA:1,KADOKAWA　∥　カドカワ,KADOKAWA=[8],no,[8]
fate-stay-night-unlimited-blade-works,Fate/stay night〈Unlimited Blade Works〉,8,KADOKAWA　∥　カドカワ:5 | KADOKAWA:3,KADOKAWA　∥　カドカワ,"KADOKAWA=[6, 7, 8]",no,"[6, 7, 8]"
filter-goshi-no-kanojo,フィルター越しのカノジョ,8,コアミックス　∥　コアミックス:5 | コアミックス:3,コアミックス　∥　コアミックス,"コアミックス=[7, 8, 9]",no,"[7, 8, 9]"
final-fantasy-lost-stranger-2021,Final fantasy lost stranger,8,スクウェア・エニックス　∥　スクウェア ・ エニックス:6 | スクウェア・エニックス　∥　スクウェア エニックス:1 | スクウェア・エニックス:1,スクウェア・エニックス　∥　スクウェア ・ エニックス,スクウェア・エニックス　∥　スクウェア エニックス=[2];スクウェア・エニックス=[13],no,"[2, 13]"
fuguushoku-to-baka-ni-saremashitaga-jissai-wa-sorehodo-waruku-arimasen,不遇職とバカにされましたが、実際はそれほど悪くありません?,8,[頒布]星雲社 (発売)　∥　セイウンシャ:4 | [頒布]星雲社:2 | [発売]星雲社　∥　セイウンシャ:1 | [頒布]星雲社　∥　セイウンシャ:1,[頒布]星雲社 (発売)　∥　セイウンシャ,"[発売]星雲社　∥　セイウンシャ=[1];[頒布]星雲社　∥　セイウンシャ=[6];[頒布]星雲社=[7, 8]",no,"[1, 6, 7, 8]"
fujou-o-nuguu-hito,不浄を拭うひと,8,ぶんか社　∥　ブンカシャ:6 | ぶんか社:2,ぶんか社　∥　ブンカシャ,"ぶんか社=[7, 8]",no,"[7, 8]"
fukakouryoku-no-ai-love-yuu,不可抗力のI LOVE YOU,8,集英社:4 | 集英社　∥　シュウエイシャ:3,集英社,"集英社　∥　シュウエイシャ=[1, 2, 3]",no,"[1, 2, 3]"
fushi-to-batsu,不死と罰,8,秋田書店　∥　アキタショテン:5 | 秋田書店:3,秋田書店　∥　アキタショテン,"秋田書店=[6, 7, 8]",no,"[6, 7, 8]"
fushigineko-no-kyuu-chan,ふしぎねこのきゅーちゃん,8,[発売]講談社　∥　コウダンシャ:7 | [頒布]講談社 (発売)　∥　コウダンシャ:1,[発売]講談社　∥　コウダンシャ,[頒布]講談社 (発売)　∥　コウダンシャ=[8],no,[8]
fuun-kara-no-saikyou-otoko,不運からの最強男,8,スターツ出版　∥　スターツシュッパン:5 | スターツ出版:3,スターツ出版　∥　スターツシュッパン,"スターツ出版=[6, 7, 8]",no,"[6, 7, 8]"
gal-nipa-chan-wa-semararetai,ギャルにぱちゃんはせまられたい,8,講談社　∥　コウダンシャ:6 | 講談社:2,講談社　∥　コウダンシャ,"講談社=[7, 8]",no,"[7, 8]"
gifuu-doudou-naoe-kanetsugu-maeda-deka-sakegatari,義風堂々!!直江兼続-前田慶次酒語り,8,[発売]徳間書店　∥　トクマ ショテン:7 | [発売]徳間 書店　∥　トクマ ショテン:1,[発売]徳間書店　∥　トクマ ショテン,[発売]徳間 書店　∥　トクマ ショテン=[2],no,[2]
golden-man,ゴールデンマン,8,講談社:5 | 講談社　∥　コウダンシャ:2,講談社,"講談社　∥　コウダンシャ=[1, 2]",no,"[1, 2]"
gorilla-no-kami-kara-kago-sareta-reijou-wa-ouritsu-kishidan-de-kawaigarareru,ゴリラの神から加護された令嬢は王立騎士団で可愛がられる,8,KADOKAWA　∥　カドカワ:5 | KADOKAWA:3,KADOKAWA　∥　カドカワ,"KADOKAWA=[6, 7, 8]",no,"[6, 7, 8]"
gosick,GOSICK,8,[発売]角川グループパブリッシング　∥　カドカワ グループ パブリッシング:7 | [発売]角川グループパブリッシング　∥　カドカワグループパブリッシング:1,[発売]角川グループパブリッシング　∥　カドカワ グループ パブリッシング,[発売]角川グループパブリッシング　∥　カドカワグループパブリッシング=[8],no,[8]
gunjin-muko-san-to-daikon-yome-san,軍人婿さんと大根嫁さん,8,芳文社:5 | 芳文社　∥　ホウブンシャ:2,芳文社,"芳文社　∥　ホウブンシャ=[1, 2]",no,"[1, 2]"
gurazeni-dairiiguhen,グラゼニ～大リーグ編～,8,講談社　∥　コウダンシャ:5 | 講談社:3,講談社　∥　コウダンシャ,"講談社=[7, 8, 9]",no,"[7, 8, 9]"
haikei-koroshiya-san-to-kekkon-shimashita,拝啓…殺し屋さんと結婚しました,8,KADOKAWA　∥　カドカワ:6 | KADOKAWA:1,KADOKAWA　∥　カドカワ,KADOKAWA=[8],no,[8]
haraguro-joushi-ni-hamerarete-wanakon,腹黒上司にハメられて罠婚,8,大都社　∥　ダイトシャ:5 | 大都社:3,大都社　∥　ダイトシャ,"大都社=[6, 7, 8]",no,"[6, 7, 8]"
harebare-hiyori,晴れ晴れ日和,8,KADOKAWA　∥　カドカワ:5 | KADOKAWA:2,KADOKAWA　∥　カドカワ,"KADOKAWA=[7, 8]",no,"[7, 8]"
harimaware-koinu,貼りまわれ!こいぬ,8,秋田書店　∥　アキタショテン:5 | 秋田書店:3,秋田書店　∥　アキタショテン,"秋田書店=[6, 7, 8]",no,"[6, 7, 8]"
haru-no-arashi-to-monster,春の嵐とモンスター,8,白泉社　∥　ハクセンシャ:5 | 白泉社:3,白泉社　∥　ハクセンシャ,"白泉社=[8, 9, 10]",no,"[8, 9, 10]"
hawkwood,ホークウッド,8,Kadokawa　∥　Kadokawa:3 | KADOKAWA　∥　カドカワ:3 | メディアファクトリー　∥　メディア ファクトリー:2,Kadokawa　∥　Kadokawa,"メディアファクトリー　∥　メディア ファクトリー=[1, 4];KADOKAWA　∥　カドカワ=[6, 7, 8]",no,"[1, 4, 6, 7, 8]"
hayame-blast-gia,はやめブラストギア,8,少年画報社　∥　ショウネンガホウシャ:7 | 少年画報社　∥　ショウネン ガホウシャ:1,少年画報社　∥　ショウネンガホウシャ,少年画報社　∥　ショウネン ガホウシャ=[8],no,[8]
heibon-na-watashi-no-juu-kishidan-mofumofu-life,平凡な私の獣騎士団もふもふライフ,8,スターツ出版　∥　スターツシュッパン:6 | スターツ出版:1,スターツ出版　∥　スターツシュッパン,スターツ出版=[8],no,[8]
henkyou-no-renkinjutsushi,辺境の錬金術師,8,KADOKAWA　∥　カドカワ:5 | KADOKAWA:3,KADOKAWA　∥　カドカワ,"KADOKAWA=[6, 7, 8]",no,"[6, 7, 8]"
hentai-ouji-to-warawanai-neko,変態王子と笑わない猫。,8,メディアファクトリー　∥　メディア ファクトリー:4 | KADOKAWA　∥　カドカワ:4,メディアファクトリー　∥　メディア ファクトリー,"KADOKAWA　∥　カドカワ=[5, 6, 7, 8]",no,"[5, 6, 7, 8]"
hikaeme-ni-ittemo-kore-wa-ai,ひかえめに言っても、これは愛,8,講談社　∥　コウダンシャ:5 | 講談社:3,講談社　∥　コウダンシャ,"講談社=[6, 7, 8]",no,"[6, 7, 8]"
hikaru-ga-shinda-natsu,光が死んだ夏,8,KADOKAWA　∥　カドカワ:5 | KADOKAWA:3,KADOKAWA　∥　カドカワ,"KADOKAWA=[6, 7, 8]",no,"[6, 7, 8]"
hikikomori-reijou-wa-hanashi-no-wakaru-seijuuban,引きこもり令嬢は話のわかる聖獣番,8,[頒布]講談社　∥　コウダンシャ:5 | [頒布]講談社:2 | [発売]講談社　∥　コウダンシャ:1,[頒布]講談社　∥　コウダンシャ,"[発売]講談社　∥　コウダンシャ=[1];[頒布]講談社=[7, 8]",no,"[1, 7, 8]"
himenospia,ヒメノスピア,8,[発売]小学館クリエイティブ　∥　ショウガクカンクリエイティブ:7 | [頒布]小学館クリエイティブ (発売)　∥　ショウガクカンクリエイティブ:1,[発売]小学館クリエイティブ　∥　ショウガクカンクリエイティブ,[頒布]小学館クリエイティブ (発売)　∥　ショウガクカンクリエイティブ=[8],no,[8]
hoken-no-sensei,ほけんのせんせい,8,ワニブックス　∥　ワニブックス:6 | ワニブックス　∥　ワニ ブックス:2,ワニブックス　∥　ワニブックス,"ワニブックス　∥　ワニ ブックス=[1, 2]",no,"[1, 2]"
honey-trap-shared-house,ハニートラップ・シェアハウス,8,KADOKAWA　∥　カドカワ:5 | KADOKAWA:3,KADOKAWA　∥　カドカワ,"KADOKAWA=[6, 7, 8]",no,"[6, 7, 8]"
horobi-no-kuni-no-seifukusha,亡びの国の征服者,8,オーバーラップ　∥　オーバーラップ:5 | オーバーラップ:2,オーバーラップ　∥　オーバーラップ,"オーバーラップ=[7, 8]",no,"[7, 8]"
hoshikuzu-no-ouji-sama,星屑の王子様,8,小学館　∥　ショウガクカン:5 | 小学館:3,小学館　∥　ショウガクカン,"小学館=[7, 8, 9]",no,"[7, 8, 9]"
houkago-assault-girls,放課後アサルト×ガールズ,8,[発売]ほるぷ出版　∥　ホルプシュッパン:4 | フレックスコミックス　∥　フレックスコミックス:4,[発売]ほるぷ出版　∥　ホルプシュッパン,"フレックスコミックス　∥　フレックスコミックス=[5, 6, 7, 8]",no,"[5, 6, 7, 8]"
houkago-no-idol-niwa-himitsu-ga-aru,放課後のアイドルには秘密がある,8,白泉社　∥　ハクセンシャ:4 | 白泉社:3,白泉社　∥　ハクセンシャ,"白泉社=[6, 7, 8]",no,"[6, 7, 8]"
hyakkakyuu-no-osouji-gakari,百花宮のお掃除係,8,KADOKAWA　∥　カドカワ:6 | KADOKAWA:1,KADOKAWA　∥　カドカワ,KADOKAWA=[8],no,[8]
hyakuma-no-aruji,百魔の主,8,秋田書店　∥　アキタショテン:6 | 秋田書店:1,秋田書店　∥　アキタショテン,秋田書店=[8],no,[8]
hyakuren-no-haou-to-seiyaku-no-valkyria,百錬の覇王と聖約の戦乙女,8,ホビージャパン　∥　ホビー ジャパン:7 | ホビージャパン:1,ホビージャパン　∥　ホビー ジャパン,ホビージャパン=[8],no,[8]
ie-kara-nigedashitai-watashi-ga-ukkari-akogare-no-dai-mahoutsukai-sama-o-katte-shimattara,家から逃げ出したい私が、うっかり憧れの大魔法使い様を買ってしまったら,8,スクウェア・エニックス　∥　スクウェア ・ エニックス:5 | スクウェア・エニックス:2,スクウェア・エニックス　∥　スクウェア ・ エニックス,"スクウェア・エニックス=[7, 8]",no,"[7, 8]"
ii-rank-no-yakushi,Eランクの薬師,8,[頒布]星雲社 (発売)　∥　セイウンシャ:5 | [発売]星雲社　∥　セイウンシャ:2 | [頒布]星雲社　∥　セイウンシャ:1,[頒布]星雲社 (発売)　∥　セイウンシャ,"[発売]星雲社　∥　セイウンシャ=[1, 2];[頒布]星雲社　∥　セイウンシャ=[8]",no,"[1, 2, 8]"
imouto-ni-konyakusha-o-ubawareta-ochikobore-reijou-wa-tensai-majutsushi-ni-dekiai-dekiaisareru,義妹(いもうと)に婚約者を奪われた落ちこぼれ令嬢は、天才魔術師に溺愛される,8,双葉社　∥　フタバシャ:5 | 双葉社:3,双葉社　∥　フタバシャ,"双葉社=[6, 7, 8]",no,"[6, 7, 8]"
inchiki-no-chikara-de-sengoku-no-yo-o-kakenukero,銭(インチキ)の力で、戦国の世を駆け抜ける。,8,フロンティアワークス　∥　フロンティアワークス:5 | フロンティアワークス:3,フロンティアワークス　∥　フロンティアワークス,"フロンティアワークス=[6, 7, 8]",no,"[6, 7, 8]"
innai-keisatsu,院内警察,8,秋田書店　∥　アキタショテン:7 | 秋田書店:1,秋田書店　∥　アキタショテン,秋田書店=[9],no,[9]
iris-zero,アイリス・ゼロ,8,メディアファクトリー　∥　メディア ファクトリー:5 | KADOKAWA　∥　カドカワ:3,メディアファクトリー　∥　メディア ファクトリー,"KADOKAWA　∥　カドカワ=[6, 7, 8]",no,"[6, 7, 8]"
isekai-arigatou,異世界ありがとう,8,小学館　∥　ショウガクカン:6 | 小学館:2,小学館　∥　ショウガクカン,"小学館=[7, 8]",no,"[7, 8]"
isekai-de-outaishihi-hajimemashita,異世界で、王太子妃はじめました。,8,KADOKAWA　∥　カドカワ:7 | KADOKAWA:1,KADOKAWA　∥　カドカワ,KADOKAWA=[8],no,[8]
isekai-meikyuu-no-saishinbu-o-mezasou,異世界迷宮の最深部を目指そう,8,オーバーラップ　∥　オーバーラップ:6 | オーバーラップ:1,オーバーラップ　∥　オーバーラップ,オーバーラップ=[8],no,[8]
isekai-netorare,異世界NTR,8,秋田書店　∥　アキタショテン:5 | 秋田書店:3,秋田書店　∥　アキタショテン,"秋田書店=[6, 7, 8]",no,"[6, 7, 8]"
isekai-ni-teni-shitara-yama-no-naka-datta-handou-de-tsuyosa-yori-mo-kaitekisa-o-erabimashita,異世界に転移したら山の中だった。反動で強さよりも快適さを選びました。,8,アース・スターエンターテイメント　∥　アーススターエンターテイメント:5 | アース・スターエンターテイメント:2,アース・スターエンターテイメント　∥　アーススターエンターテイメント,"アース・スターエンターテイメント=[7, 8]",no,"[7, 8]"
isekai-ryouchi-kaikaku,異世界領地改革,8,コアミックス　∥　コアミックス:6 | コアミックス:2,コアミックス　∥　コアミックス,"コアミックス=[7, 8]",no,"[7, 8]"
isekai-soapland-kaguya,異世界ソープランド輝夜,8,日本文芸社　∥　ニホン ブンゲイシャ:7 | 日本文芸社:1,日本文芸社　∥　ニホン ブンゲイシャ,日本文芸社=[8],no,[8]
isekai-yurutsu-to-survival-seikatsu,異世界ゆるっとサバイバル生活,8,KADOKAWA　∥　カドカワ:6 | KADOKAWA:2,KADOKAWA　∥　カドカワ,"KADOKAWA=[8, 9]",no,"[8, 9]"
isekaigaeri-no-moto-yuusha-desu-desugeemu-ni-makikomaremashita,異世界帰りの元勇者ですが、デスゲームに巻き込まれました,8,[頒布]講談社　∥　コウダンシャ:5 | [頒布]講談社:2,[頒布]講談社　∥　コウダンシャ,"[頒布]講談社=[7, 8]",no,"[7, 8]"
isshiki-san-wa-koi-o-shiritai,一式さんは恋を知りたい。,8,KADOKAWA　∥　カドカワ:6 | KADOKAWA:2,KADOKAWA　∥　カドカワ,"KADOKAWA=[8, 9]",no,"[8, 9]"
isshokenmei-ni-kurashite-ii-desuka,一緒に暮らしていいですか?,8,集英社:6 | 集英社　∥　シュウエイシャ:2,集英社,"集英社　∥　シュウエイシャ=[1, 2]",no,"[1, 2]"
itsuka-shinu-nara-e-o-utte-kara,いつか死ぬなら絵を売ってから,8,秋田書店:5 | 秋田書店　∥　アキタショテン:3,秋田書店,"秋田書店　∥　アキタショテン=[1, 2, 3]",no,"[1, 2, 3]"
izure-saikyou-no-renkinjutsushi,いずれ最強の錬金術師?,8,[頒布]星雲社 (発売)　∥　セイウンシャ:4 | [発売]星雲社　∥　セイウンシャ:2 | [頒布]星雲社　∥　セイウンシャ:1 | [頒布]星雲社:1,[頒布]星雲社 (発売)　∥　セイウンシャ,"[発売]星雲社　∥　セイウンシャ=[1, 2];[頒布]星雲社　∥　セイウンシャ=[7];[頒布]星雲社=[9]",no,"[1, 2, 7, 9]"
ja,JA,8,[発売]角川グループパブリッシング　∥　カドカワグループパブリッシング:3 | [発売]角川グループパブリッシング　∥　カドカワ グループ パブリッシング:2 | KADOKAWA　∥　カドカワ:2 | [発売]角川グループホールディングス　∥　カドカワグループホールディングス:1,[発売]角川グループパブリッシング　∥　カドカワグループパブリッシング,"[発売]角川グループパブリッシング　∥　カドカワ グループ パブリッシング=[1, 2];[発売]角川グループホールディングス　∥　カドカワグループホールディングス=[6];KADOKAWA　∥　カドカワ=[7, 8]",no,"[1, 2, 6, 7, 8]"
jimi-de-medatanai-watashi-wa-kyou-de-owari-ni-shimasu,地味で目立たない私は、今日で終わりにします。,8,KADOKAWA　∥　カドカワ:7 | KADOKAWA:1,KADOKAWA　∥　カドカワ,KADOKAWA=[8],no,[8]
jimoto-no-ijimekko-tachi-ni-shikaeshi-shiyou-to-shitara-betsu-no-tatakai-ga-hajimatta,地元のいじめっ子達に仕返ししようとしたら、別の戦いが始まった。,8,講談社　∥　コウダンシャ:4 | 講談社:3,講談社　∥　コウダンシャ,"講談社=[6, 7, 8]",no,"[6, 7, 8]"
jimoto-saikou,地元最高!,8,彩図社　∥　サイズシャ:6 | 彩図社:2,彩図社　∥　サイズシャ,"彩図社=[7, 8]",no,"[7, 8]"
jitsu-wa-watashi-ga-honmono-datta,実は私が本物だった,8,[頒布]講談社　∥　コウダンシャ:5 | [頒布]講談社:3,[頒布]講談社　∥　コウダンシャ,"[頒布]講談社=[6, 7, 8]",no,"[6, 7, 8]"
joriku,じょりく!,8,竹書房　∥　タケ ショボウ:7 | 竹書房:1,竹書房　∥　タケ ショボウ,竹書房=[8],no,[8]
josei-senyou,女性専用。,8,集英社　∥　シュウエイシャ:4 | 集英社:4,集英社　∥　シュウエイシャ,"集英社=[5, 6, 7, 8]",no,"[5, 6, 7, 8]"
joukamachi-no-dandelion,城下町のダンデライオン,8,芳文社　∥　ホウブンシャ:7 | 芳文社:1,芳文社　∥　ホウブンシャ,芳文社=[8],no,[8]
junkoku-no-alpha,殉国のアルファ,8,小学館　∥　ショウガクカン:6 | 小学館:2,小学館　∥　ショウガクカン,"小学館=[7, 8]",no,"[7, 8]"
juuou-to-yakusou,獣王と薬草,8,小学館:5 | 小学館　∥　ショウガクカン:3,小学館,"小学館　∥　ショウガクカン=[1, 2, 3]",no,"[1, 2, 3]"
kage-kara-mamoru,陰からマモル!,8,メディアファクトリー　∥　メディア ファクトリー:6 | KADOKAWA　∥　カドカワ:2,メディアファクトリー　∥　メディア ファクトリー,"KADOKAWA　∥　カドカワ=[7, 8]",no,"[7, 8]"
kaibutsu-koushaku-to-keiyaku-koujo,怪物公爵と契約公女,8,KADOKAWA　∥　カドカワ:5 | KADOKAWA:3,KADOKAWA　∥　カドカワ,"KADOKAWA=[6, 7, 8]",no,"[6, 7, 8]"
kaiketsu-erumaro,海傑エルマロ,8,[発売]小学館クリエイティブ　∥　ショウガクカンクリエイティブ:6 | [発売]小学館クリエイティブ　∥　ショウガクカン クリエイティブ:2,[発売]小学館クリエイティブ　∥　ショウガクカンクリエイティブ,"[発売]小学館クリエイティブ　∥　ショウガクカン クリエイティブ=[1, 2]",no,"[1, 2]"
kami-ni-aisareta-ko,神に愛された子,8,[頒布]星雲社 (発売)　∥　セイウンシャ:5 | [発売]星雲社　∥　セイウンシャ:1 | [頒布]星雲社　∥　セイウンシャ:1 | [頒布]星雲社:1,[頒布]星雲社 (発売)　∥　セイウンシャ,[発売]星雲社　∥　セイウンシャ=[1];[頒布]星雲社　∥　セイウンシャ=[7];[頒布]星雲社=[8],no,"[1, 7, 8]"
kamigami-ni-sodaterareshi-mono-saikyou-to-naru,神々に育てられしもの、最強となる,8,KADOKAWA　∥　カドカワ:6 | KADOKAWA:2,KADOKAWA　∥　カドカワ,"KADOKAWA=[7, 8]",no,"[7, 8]"
kanchigai-no-atelier-maisutaa,勘違いの工房主(アトリエマイスター),8,[頒布]星雲社 (発売)　∥　セイウンシャ:4 | [頒布]星雲社:2 | [発売]星雲社　∥　セイウンシャ:1 | [頒布]星雲社　∥　セイウンシャ:1,[頒布]星雲社 (発売)　∥　セイウンシャ,"[発売]星雲社　∥　セイウンシャ=[1];[頒布]星雲社　∥　セイウンシャ=[6];[頒布]星雲社=[8, 9]",no,"[1, 6, 8, 9]"
kanjiteru-no-barebare-dayo-kouhai-kun-to-28-sai-kojirase-ol,感じてるのバレバレだよ?後輩クンと28歳こじらせOL,8,[発売]大都社　∥　ダイトシャ:4 | 大都社　∥　ダイトシャ:4,[発売]大都社　∥　ダイトシャ,"大都社　∥　ダイトシャ=[5, 6, 7, 8]",no,"[5, 6, 7, 8]"
kanpeki-sugite-kawaige-ga-nai-to-konyaku-haki-sareta-seijo-wa-ringoku-ni-urareru,完璧すぎて可愛げがないと婚約破棄された聖女は隣国に売られる,8,オーバーラップ　∥　オーバーラップ:5 | オーバーラップ:3,オーバーラップ　∥　オーバーラップ,"オーバーラップ=[6, 7, 8]",no,"[6, 7, 8]"
kao-ni-doro-o-nuru,顔に泥を塗る,8,コアミックス　∥　コアミックス:5 | [頒布]竹書房　∥　タケ ショボウ:3,コアミックス　∥　コアミックス,"[頒布]竹書房　∥　タケ ショボウ=[1, 2, 3]",no,"[1, 2, 3]"
karekore,カレコレ,8,小学館　∥　ショウガクカン:4 | 小学館:3,小学館　∥　ショウガクカン,"小学館=[6, 7, 8]",no,"[6, 7, 8]"
katainaka-no-otsu-san-kensei-ni-naru,片田舎のおっさん、剣聖になる,8,秋田書店　∥　アキタショテン:5 | 秋田書店:3,秋田書店　∥　アキタショテン,"秋田書店=[6, 7, 8]",no,"[6, 7, 8]"
kawaita-watashi-o-sono-ai-de-yurashite,渇いた私をその愛で揺らして,8,ZITTO　∥　ジット:4 | リブレ　∥　リブレ:4,ZITTO　∥　ジット,"リブレ　∥　リブレ=[5, 6, 7, 8]",no,"[5, 6, 7, 8]"
kaze-no-yari,風の槍,8,小学館　∥　ショウガクカン:5 | 小学館:2,小学館　∥　ショウガクカン,"小学館=[7, 8]",no,"[7, 8]"
kids-log,キッズログ,8,[発売]幻冬舎　∥　ゲントウシャ:7 | [頒布]幻冬舎　∥　ゲントウシャ:1,[発売]幻冬舎　∥　ゲントウシャ,[頒布]幻冬舎　∥　ゲントウシャ=[8],no,[8]
kimi-ga-shinu-made-koi-o-shitai,きみが死ぬまで恋をしたい,8,[頒布]講談社　∥　コウダンシャ:4 | [発売]講談社　∥　コウダンシャ:3 | [頒布]講談社:1,[頒布]講談社　∥　コウダンシャ,"[発売]講談社　∥　コウダンシャ=[1, 2, 3];[頒布]講談社=[8]",no,"[1, 2, 3, 8]"
kimi-ni-koisuru-sanshimai,キミに恋する三姉妹,8,秋田書店:6 | 秋田書店　∥　アキタショテン:2,秋田書店,"秋田書店　∥　アキタショテン=[1, 2]",no,"[1, 2]"
kimi-wa-nazotoki-no-mashieri,きみは謎解きのマシェリ,8,双葉社　∥　フタバシャ:6 | 双葉社:1,双葉社　∥　フタバシャ,双葉社=[8],no,[8]
kisakikyouiku-kara-nigetai-watashi,妃教育から逃げたい私,8,主婦と生活社　∥　シュフトセイカツシャ:5 | 主婦と生活社:2,主婦と生活社　∥　シュフトセイカツシャ,"主婦と生活社=[7, 8]",no,"[7, 8]"
kizoku-kara-shomin-ni-natta-node-konyaku-o-kaishou-saremashita,貴族から庶民になったので、婚約を解消されました!,8,KADOKAWA　∥　カドカワ:6 | KADOKAWA:2,KADOKAWA　∥　カドカワ,"KADOKAWA=[7, 8]",no,"[7, 8]"
kocchi-muiteyo-mukai-kun,こっち向いてよ向井くん,8,祥伝社　∥　ショウデンシャ:7 | 祥伝社:1,祥伝社　∥　ショウデンシャ,祥伝社=[8],no,[8]
koi-to-yobu-niwa-kimochiwarui,恋と呼ぶには気持ち悪い,8,[発売]講談社　∥　コウダンシャ:5 | 一迅社　∥　イチジンシャ:2 | [頒布]講談社 (発売)　∥　コウダンシャ:1,[発売]講談社　∥　コウダンシャ,"一迅社　∥　イチジンシャ=[1, 2];[頒布]講談社 (発売)　∥　コウダンシャ=[8]",no,"[1, 2, 8]"
konjiki-no-mabinogion,金色のマビノギオン,8,白泉社　∥　ハクセンシャ:7 | 白泉社:1,白泉社　∥　ハクセンシャ,白泉社=[8],no,[8]
kono-gokudou-choukyou-chuu-ni-tsuki,この極道調教中につき,8,小学館　∥　ショウガクカン:6 | 小学館:2,小学館　∥　ショウガクカン,"小学館=[9, 10]",no,"[9, 10]"
kore-kaite-shine,これ描いて死ね,8,小学館　∥　ショウガクカン:6 | 小学館:2,小学館　∥　ショウガクカン,"小学館=[7, 8]",no,"[7, 8]"
kore-wa-zombie-desu-ka,これはゾンビですか?,8,[発売]角川グループパブリッシング　∥　カドカワ グループ パブリッシング:4 | [発売]角川グループパブリッシング　∥　カドカワグループパブリッシング:2 | [発売]角川グループホールディングス　∥　カドカワグループホールディングス:1 | KADOKAWA　∥　カドカワ:1,[発売]角川グループパブリッシング　∥　カドカワ グループ パブリッシング,"[発売]角川グループパブリッシング　∥　カドカワグループパブリッシング=[5, 6];[発売]角川グループホールディングス　∥　カドカワグループホールディングス=[7];KADOKAWA　∥　カドカワ=[8]",no,"[5, 6, 7, 8]"
kougekiryoku-gokuburi-no-saikyou-majutsushi,攻撃力極振りの最強魔術師,8,秋田書店　∥　アキタショテン:5 | 秋田書店:3,秋田書店　∥　アキタショテン,"秋田書店=[6, 7, 8]",no,"[6, 7, 8]"
koukyuu-chahiden,後宮茶妃伝,8,小学館　∥　ショウガクカン:4 | 小学館:3,小学館　∥　ショウガクカン,"小学館=[6, 7, 8]",no,"[6, 7, 8]"
koushaku-reijou-wa-tegoma-o-enjiru,侯爵令嬢は手駒を演じる,8,フロンティアワークス　∥　フロンティアワークス:5 | フロンティアワークス:2,フロンティアワークス　∥　フロンティアワークス,"フロンティアワークス=[7, 8]",no,"[7, 8]"
kurosaki-san-no-ichizu-na-ai-ga-tomaranai,黒崎さんの一途な愛がとまらない,8,フレックスコミックス　∥　フレックスコミックス:5 | フレックスコミックス:3,フレックスコミックス　∥　フレックスコミックス,"フレックスコミックス=[6, 7, 8]",no,"[6, 7, 8]"
kyochuu-sanmyaku,巨蟲山脈,8,秋田書店　∥　アキタショテン:6 | 秋田書店:2,秋田書店　∥　アキタショテン,"秋田書店=[7, 8]",no,"[7, 8]"
kyou-kara-papa-wa-kami-sama-desu,今日からパパは神様です。,8,小学館　∥　ショウガクカン:7 | 小学館:1,小学館　∥　ショウガクカン,小学館=[8],no,[8]
kyouran-reijou-nia-risuton,凶乱令嬢ニア・リストン,8,スクウェア・エニックス　∥　スクウェア ・ エニックス:4 | スクウェア・エニックス:3,スクウェア・エニックス　∥　スクウェア ・ エニックス,"スクウェア・エニックス=[5, 7, 8]",no,"[5, 7, 8]"
kyuuketsuki-to-yukai-na-nakamatachi,吸血鬼と愉快な仲間たち,8,白泉社　∥　ハクセンシャ:6 | 白泉社:2,白泉社　∥　ハクセンシャ,"白泉社=[7, 8]",no,"[7, 8]"
level-1-kara-hajimaru-shoukan-musou,レベル1から始まる召喚無双,8,マイクロマガジン社　∥　マイクロマガジンシャ:4 | マイクロマガジン社:3,マイクロマガジン社　∥　マイクロマガジンシャ,"マイクロマガジン社=[6, 7, 8]",no,"[6, 7, 8]"
log-horizon-nishikaze-no-ryodan,ログ・ホライズン 西風の旅団,8,KADOKAWA　∥　カドカワ:6 | [発売]角川グループパブリッシング　∥　カドカワグループパブリッシング:1 | [発売]KADOKAWA　∥　カドカワ:1,KADOKAWA　∥　カドカワ,[発売]角川グループパブリッシング　∥　カドカワグループパブリッシング=[1];[発売]KADOKAWA　∥　カドカワ=[2],no,"[1, 2]"
loop-7-kaime-no-akuyaku-reijou-wa-mototekikoku-de-jiyuu-kimama-na-hanayome-seikatsu-o-mankitsu-suru,ループ7回目の悪役令嬢は、元敵国で自由気ままな花嫁生活を満喫する,8,オーバーラップ　∥　オーバーラップ:6 | オーバーラップ:1,オーバーラップ　∥　オーバーラップ,オーバーラップ=[8],no,[8]
lycoris-recoil,リコリス・リコイル,8,KADOKAWA　∥　カドカワ:4 | KADOKAWA:3,KADOKAWA　∥　カドカワ,"KADOKAWA=[6, 7, 8]",no,"[6, 7, 8]"
magisa-garden,マギサ・ガーデン,8,KADOKAWA　∥　カドカワ:6 | [発売]角川グループホールディングス　∥　カドカワ グループホールディングス:1 | [発売]角川グループホールディングス　∥　カドカワ グループ ホールディングス:1,KADOKAWA　∥　カドカワ,[発売]角川グループホールディングス　∥　カドカワ グループホールディングス=[1];[発売]角川グループホールディングス　∥　カドカワ グループ ホールディングス=[2],no,"[1, 2]"
mahou-no-rinobe,魔法のリノベ,8,双葉社　∥　フタバシャ:6 | 双葉社:1,双葉社　∥　フタバシャ,双葉社=[8],no,[8]
mahouka-koukou-no-rettousei-2012,魔法科高校の劣等生,8,スクウェア・エニックス　∥　スクウェア エニックス:4 | スクウェア・エニックス　∥　スクウェア ・ エニックス:4,スクウェア・エニックス　∥　スクウェア エニックス,"スクウェア・エニックス　∥　スクウェア ・ エニックス=[5, 6, 7, 8]",no,"[5, 6, 7, 8]"
mahouka-koukou-no-rettousei-2025,魔法科高校の劣等生,8,KADOKAWA　∥　カドカワ:7 | KADOKAWA:1,KADOKAWA　∥　カドカワ,KADOKAWA=[8],no,[8]
mahouka-koukou-no-rettousei,魔法科高校の劣等生,8,スクウェア・エニックス　∥　スクウェア ・ エニックス:5 | KADOKAWA　∥　カドカワ:3,スクウェア・エニックス　∥　スクウェア ・ エニックス,"KADOKAWA　∥　カドカワ=[1, 2, 3]",no,"[1, 2, 3]"
majime-dakedo-shitaindesu,まじめだけど、したいんです!,8,双葉社　∥　フタバシャ:7 | 双葉社:1,双葉社　∥　フタバシャ,双葉社=[8],no,[8]
majo-no-shinzou,魔女の心臓,8,スクウェア・エニックス　∥　スクウェア エニックス:5 | スクウェア・エニックス　∥　スクウェア ・ エニックス:3,スクウェア・エニックス　∥　スクウェア エニックス,"スクウェア・エニックス　∥　スクウェア ・ エニックス=[6, 7, 8]",no,"[6, 7, 8]"
majo-to-youhei,魔女と傭兵,8,講談社:5 | 講談社　∥　コウダンシャ:2,講談社,"講談社　∥　コウダンシャ=[1, 2]",no,"[1, 2]"
makikomare-shoukan-soshite-watashi-wa-kami-deshita,巻き込まれ召喚!?そして私は『神』でした??,8,[頒布]星雲社 (発売)　∥　セイウンシャ:5 | [頒布]星雲社:2 | [頒布]星雲社　∥　セイウンシャ:1,[頒布]星雲社 (発売)　∥　セイウンシャ,"[頒布]星雲社　∥　セイウンシャ=[6];[頒布]星雲社=[7, 8]",no,"[6, 7, 8]"
mamahaha-dakedo-musume-ga-kawai-sugiru,継母だけど娘が可愛すぎる,8,[頒布]講談社:4 | [頒布]講談社　∥　コウダンシャ:3,[頒布]講談社,"[頒布]講談社　∥　コウダンシャ=[1, 2, 3]",no,"[1, 2, 3]"
mamono-o-shitagaeru-teiin-o-motsu-tensei-kenja,魔物を従える帝印を持つ転生賢者,8,スクウェア・エニックス　∥　スクウェア ・ エニックス:7 | スクウェア・エニックス:1,スクウェア・エニックス　∥　スクウェア ・ エニックス,スクウェア・エニックス=[8],no,[8]
manekinekofudou-san,まねきねこ不動産,8,少年画報社　∥　ショウネンガホウシャ:5 | 少年画報社　∥　ショウネン ガホウシャ:3,少年画報社　∥　ショウネンガホウシャ,"少年画報社　∥　ショウネン ガホウシャ=[1, 2, 3]",no,"[1, 2, 3]"
maou-evelogia-ni-mi-o-sasageyo,魔王イブロギアに身を捧げよ,8,[頒布]星雲社 (発売)　∥　セイウンシャ:4 | [頒布]星雲社:3,[頒布]星雲社 (発売)　∥　セイウンシャ,"[頒布]星雲社=[6, 7, 8]",yes,"[6, 7, 8]"
maoyuu-maou-yuusha,まおゆう魔王勇者,8,秋田書店　∥　アキタショテン:3 | [発売]角川グループパブリッシング　∥　カドカワ グループ パブリッシング:2 | [発売]角川グループパブリッシング　∥　カドカワグループパブリッシング:2 | [発売]KADOKAWA　∥　カドカワ:1,秋田書店　∥　アキタショテン,"[発売]角川グループパブリッシング　∥　カドカワ グループ パブリッシング=[1, 2];[発売]角川グループパブリッシング　∥　カドカワグループパブリッシング=[3, 4];[発売]KADOKAWA　∥　カドカワ=[5]",no,"[1, 2, 3, 4, 5]"
mentsuyu-hitori-meshi,めんつゆひとり飯,8,竹書房　∥　タケ ショボウ:7 | 竹書房:1,竹書房　∥　タケ ショボウ,竹書房=[9],no,[9]
meshia,救世主《メシア》,8,集英社　∥　シュウエイシャ:4 | 集英社:4,集英社　∥　シュウエイシャ,"集英社=[5, 6, 7, 8]",no,"[5, 6, 7, 8]"
mierundesu,視えるんです。,8,朝日新聞出版　∥　アサヒシンブンシュッパン:5 | メディアファクトリー　∥　メディアファクトリー:3,朝日新聞出版　∥　アサヒシンブンシュッパン,"メディアファクトリー　∥　メディアファクトリー=[1, 2, 3]",no,"[1, 2, 3]"
mirai-no-musuko,未来のムスコ,8,集英社　∥　シュウエイシャ:5 | 集英社:2,集英社　∥　シュウエイシャ,"集英社=[6, 8]",no,"[6, 8]"
misaki-kun-no-bukiyou-na-dekiai,岬くんの不器用な溺愛,8,集英社　∥　シュウエイシャ:5 | 集英社:3,集英社　∥　シュウエイシャ,"集英社=[6, 7, 8]",no,"[6, 7, 8]"
miyabichi-no-onmyouji,雅血の陰陽師,8,スクウェア・エニックス　∥　スクウェア ・ エニックス:5 | スクウェア・エニックス:3,スクウェア・エニックス　∥　スクウェア ・ エニックス,"スクウェア・エニックス=[6, 7, 8]",no,"[6, 7, 8]"
mizu-zokusei-no-mahoutsukai-comic,水属性の魔法使い@COMIC,8,TOブックス　∥　ティーオーブックス:5 | TOブックス:3,TOブックス　∥　ティーオーブックス,"TOブックス=[6, 7, 8]",no,"[6, 7, 8]"
mobile-suit-gundam-emuesuvui-aaru-uchuu-seiki-eiyuu-densetsu,機動戦士ガンダムMSV-R 宇宙世紀英雄伝説,8,KADOKAWA　∥　カドカワ:6 | [発売]角川グループパブリッシング　∥　カドカワグループパブリッシング:1 | [発売]KADOKAWA　∥　カドカワ:1,KADOKAWA　∥　カドカワ,[発売]角川グループパブリッシング　∥　カドカワグループパブリッシング=[1];[発売]KADOKAWA　∥　カドカワ=[2],no,"[1, 2]"
monogatari-no-kuromaku-ni-tensei-shite,物語の黒幕に転生して,8,KADOKAWA　∥　カドカワ:4 | KADOKAWA:3,KADOKAWA　∥　カドカワ,"KADOKAWA=[6, 7, 8]",no,"[6, 7, 8]"
monster-no-amai-kiba,MONSTERの甘い牙,8,双葉社　∥　フタバシャ:4 | 双葉社:3,双葉社　∥　フタバシャ,"双葉社=[6, 7, 8]",no,"[6, 7, 8]"
moto-doreidesuga-oni-no-dorei-o-kattemitara-seiryoku-ga-tsuyosugirunode-sutetai,元奴隷ですが、鬼の奴隷を買ってみたら精力が強すぎるので捨てたい……,8,[頒布]幻冬舎　∥　ゲントウシャ:5 | [頒布]幻冬舎:2,[頒布]幻冬舎　∥　ゲントウシャ,"[頒布]幻冬舎=[7, 8]",no,"[7, 8]"
mugou-no-synergy,無号のシュネルギア,8,講談社　∥　コウダンシャ:7 | 講談社:1,講談社　∥　コウダンシャ,講談社=[8],no,[8]
mujihi-na-8bit,無慈悲な8bit,8,KADOKAWA　∥　カドカワ:4 | KADOKAWA Game Linkage　∥　カドカワゲームリンケージ:2 | KADOKAWA Game Linkage:2,KADOKAWA　∥　カドカワ,"KADOKAWA Game Linkage　∥　カドカワゲームリンケージ=[5, 6];KADOKAWA Game Linkage=[7, 8]",no,"[5, 6, 7, 8]"
musume-ja-nakute-mama-ga-suki-nano,娘じゃなくて私(ママ)が好きなの!?,8,白泉社　∥　ハクセンシャ:6 | 白泉社:2,白泉社　∥　ハクセンシャ,"白泉社=[8, 9]",no,"[8, 9]"
muu-chan-to-te-o-tsunaide,ムーちゃんと手をつないで,8,秋田書店　∥　アキタショテン:7 | 秋田書店:1,秋田書店　∥　アキタショテン,秋田書店=[8],no,[8]
nainaidou,ないない堂,8,講談社:4 | 講談社　∥　コウダンシャ:3,講談社,"講談社　∥　コウダンシャ=[1, 2, 3]",no,"[1, 2, 3]"
naisho-no-yoshuu,ないしょの予習,8,日本文芸社　∥　ニホン ブンゲイシャ:5 | 日本文芸社:2,日本文芸社　∥　ニホン ブンゲイシャ,"日本文芸社=[7, 8]",no,"[7, 8]"
nakahara-kun-to-miyata-buchou,中原くんと宮田部長,8,KADOKAWA　∥　カドカワ:4 | KADOKAWA:4,KADOKAWA　∥　カドカワ,"KADOKAWA=[5, 6, 7, 8]",no,"[5, 6, 7, 8]"
nanjou-san-wa-boku-ni-dakaretai,南條さんは僕に抱かれたい,8,スクウェア・エニックス:5 | スクウェア・エニックス　∥　スクウェア ・ エニックス:3,スクウェア・エニックス,"スクウェア・エニックス　∥　スクウェア ・ エニックス=[1, 2, 3]",no,"[1, 2, 3]"
narikin,ナリキン!,8,秋田書店　∥　アキタ ショテン:4 | 秋田書店　∥　アキタショテン:4,秋田書店　∥　アキタ ショテン,"秋田書店　∥　アキタショテン=[5, 6, 7, 8]",no,"[5, 6, 7, 8]"
narukawa-kun-wa-nakasaretakunai,鳴川くんは泣かされたくない,8,小学館　∥　ショウガクカン:4 | 小学館:3,小学館　∥　ショウガクカン,"小学館=[6, 7, 8]",no,"[6, 7, 8]"
neko-jizou,ねこじぞう,8,少年画報社　∥　ショウネンガホウシャ:5 | 少年画報社　∥　ショウネン ガホウシャ:2 | 少年画報社:1,少年画報社　∥　ショウネンガホウシャ,"少年画報社　∥　ショウネン ガホウシャ=[1, 5];少年画報社=[8]",no,"[1, 5, 8]"
nekomeewaku,ねこめ～わく,8,朝日新聞社　∥　アサヒ シンブンシャ:1 | [発売]朝日新聞出版　∥　アサヒ シンブン シュッパン:1 | 朝日新聞出版　∥　アサヒ シンブン シュッパン:1 | 朝日新聞出版　∥　アサヒシンブンシュッパン:1,朝日新聞社　∥　アサヒ シンブンシャ,[発売]朝日新聞出版　∥　アサヒ シンブン シュッパン=[6];朝日新聞出版　∥　アサヒ シンブン シュッパン=[7];朝日新聞出版　∥　アサヒシンブンシュッパン=[8],yes,"[6, 7, 8]"
netakyara-tensei-toka-anmari-da,ネタキャラ転生とかあんまりだ!,8,マッグガーデン　∥　マッグ ガーデン:5 | マッグガーデン:3,マッグガーデン　∥　マッグ ガーデン,"マッグガーデン=[6, 7, 8]",no,"[6, 7, 8]"
nito-no-taida-na-isekai-shoukougun,ニトの怠惰な異世界症候群,8,KADOKAWA　∥　カドカワ:6 | KADOKAWA:2,KADOKAWA　∥　カドカワ,"KADOKAWA=[7, 8]",no,"[7, 8]"
no-youna,の、ような。,8,芳文社　∥　ホウブンシャ:7 | 芳文社:1,芳文社　∥　ホウブンシャ,芳文社=[8],no,[8]
nokemono-to-hanayome,ノケモノと花嫁,8,[発売]幻冬舎　∥　ゲントウシャ:3 | インデックス・コミュニケーションズ　∥　インデックス コミュニケーションズ:2 | モール・オブ・ティーヴィー　∥　モールオブティーヴィー:2 | インデックス・コミュニケーションズ　∥　インデックスコミュニケーションズ:1,[発売]幻冬舎　∥　ゲントウシャ,"インデックス・コミュニケーションズ　∥　インデックス コミュニケーションズ=[1, 2];インデックス・コミュニケーションズ　∥　インデックスコミュニケーションズ=[3];モール・オブ・ティーヴィー　∥　モールオブティーヴィー=[4, 5]",no,"[1, 2, 3, 4, 5]"
nourin,のうりん,8,スクウェア・エニックス　∥　スクウェア エニックス:4 | スクウェア・エニックス　∥　スクウェアエニックス:4,スクウェア・エニックス　∥　スクウェア エニックス,"スクウェア・エニックス　∥　スクウェアエニックス=[4, 5, 7, 8]",no,"[4, 5, 7, 8]"
ntrevenge,NTREVENGE,8,講談社:5 | 講談社　∥　コウダンシャ:3,講談社,"講談社　∥　コウダンシャ=[1, 2, 3]",no,"[1, 2, 3]"
ochikobore-fruits-tart,おちこぼれフルーツタルト,8,芳文社　∥　ホウブンシャ:7 | 芳文社:1,芳文社　∥　ホウブンシャ,芳文社=[8],no,[8]
odoru-sennen-kazoku,踊る千年家族,8,少年画報社　∥　ショウネンガホウシャ:5 | 少年画報社:3,少年画報社　∥　ショウネンガホウシャ,"少年画報社=[6, 7, 8]",no,"[6, 7, 8]"
offline-game,おふらいんげーむ,8,双葉社　∥　フタバシャ:5 | エンジェル出版　∥　エンジェル シュッパン:3,双葉社　∥　フタバシャ,"エンジェル出版　∥　エンジェル シュッパン=[6, 7, 8]",no,"[6, 7, 8]"
ohayou-unko-sensei,おはよう!うんこ先生,8,文響社　∥　ブンキョウシャ:5 | 文響社:3,文響社　∥　ブンキョウシャ,"文響社=[6, 7, 8]",no,"[6, 7, 8]"
ohitori-sama-hotel,おひとりさまホテル,8,新潮社　∥　シンチョウシャ:4 | 新潮社:3,新潮社　∥　シンチョウシャ,"新潮社=[6, 7, 8]",no,"[6, 7, 8]"
oi-hazure-skill-da-to-omowarete-ita-cheat-code-sousa-ga-bakemonosugiru-ndaga,おい、外れスキルだと思われていた《チートコード操作》が化け物すぎるんだが。,8,双葉社　∥　フタバシャ:4 | 双葉社:4,双葉社　∥　フタバシャ,"双葉社=[5, 6, 7, 8]",no,"[5, 6, 7, 8]"
okiraku-ryoushu-no-tanoshii-ryouchi-bouei,お気楽領主の楽しい領地防衛,8,オーバーラップ　∥　オーバーラップ:6 | オーバーラップ:2,オーバーラップ　∥　オーバーラップ,"オーバーラップ=[7, 8]",no,"[7, 8]"
omae-gotoki-ga-maou-ni-kateru-to-omouna-to-yuusha-party-o-tsuihousareta-sareta-node-outo-de-kimama,「お前ごときが魔王に勝てると思うな」と勇者パーティを追放されたので、王都で気ままに暮らしたい,8,マイクロマガジン社　∥　マイクロマガジンシャ:6 | マイクロマガジン社:2,マイクロマガジン社　∥　マイクロマガジンシャ,"マイクロマガジン社=[7, 8]",no,"[7, 8]"
onee-sama-to-watashi,お姉さまと巨人,8,KADOKAWA　∥　カドカワ:5 | KADOKAWA:3,KADOKAWA　∥　カドカワ,"KADOKAWA=[6, 7, 8]",no,"[6, 7, 8]"
onee-shikkaku,オネエ失格,8,[発売]祥伝社　∥　ショウデンシャ:6 | [頒布]祥伝社　∥　ショウデンシャ:2,[発売]祥伝社　∥　ショウデンシャ,"[頒布]祥伝社　∥　ショウデンシャ=[7, 8]",no,"[7, 8]"
oneekei-yakuza-ni-maiban-dekiai-dekiaisaretemasu,オネエ系ヤクザに毎晩溺愛されてます,8,[頒布]フランス書院 (発売)　∥　フランスショイン:4 | [発売]フランス書院　∥　フランスショイン:2 | [頒布]フランス書院　∥　フランスショイン:1 | [頒布]フランス書院:1,[頒布]フランス書院 (発売)　∥　フランスショイン,"[発売]フランス書院　∥　フランスショイン=[1, 2];[頒布]フランス書院　∥　フランスショイン=[7];[頒布]フランス書院=[8]",no,"[1, 2, 7, 8]"
onigiri-san-no-sentaku,鬼桐さんの洗濯,8,竹書房　∥　タケ ショボウ:6 | 竹書房:1,竹書房　∥　タケ ショボウ,竹書房=[8],no,[8]
onna-no-yuujou-to-kinniku,女の友情と筋肉,8,[発売]講談社　∥　コウダンシャ:7 | [頒布]講談社 (発売)　∥　コウダンシャ:1,[発売]講談社　∥　コウダンシャ,[頒布]講談社 (発売)　∥　コウダンシャ=[8],no,[8]
ookami-no-kuchi,狼の口,8,KADOKAWA　∥　カドカワ:4 | [発売]角川グループパブリッシング　∥　カドカワ グループ パブリッシング:3 | [発売]角川グループパブリッシング　∥　カドカワグループパブリッシング:1,KADOKAWA　∥　カドカワ,"[発売]角川グループパブリッシング　∥　カドカワ グループ パブリッシング=[1, 2, 3];[発売]角川グループパブリッシング　∥　カドカワグループパブリッシング=[4]",no,"[1, 2, 3, 4]"
oomuroke,大室家,8,[頒布]講談社　∥　コウダンシャ:4 | 一迅社　∥　イチジンシャ:1 | [発売]講談社　∥　コウダンシャ:1 | [頒布]講談社:1,[頒布]講談社　∥　コウダンシャ,一迅社　∥　イチジンシャ=[1];[発売]講談社　∥　コウダンシャ=[3];[頒布]講談社=[8],no,"[1, 3, 8]"
ore-no-jouwan-nitoukin-etchi-na-me-de-miteta-desho,俺の上腕二頭筋、エッチな目で見てたでしょ?,8,[頒布]星雲社 (発売)　∥　セイウンシャ:5 | [発売]星雲社　∥　セイウンシャ:3,[頒布]星雲社 (発売)　∥　セイウンシャ,"[発売]星雲社　∥　セイウンシャ=[1, 2, 3]",no,"[1, 2, 3]"
ore-no-shibou-flag-ga-todomaru-tokoro-o-shiranai,俺の死亡フラグが留まるところを知らない,8,宝島社　∥　タカラジマシャ:6 | 宝島社:2,宝島社　∥　タカラジマシャ,"宝島社=[7, 8]",no,"[7, 8]"
ore-no-zenjidou-shien-de-nakama-tachi-ga-sekai-saikyou,俺の『全自動支援』で仲間たちが世界最強,8,KADOKAWA　∥　カドカワ:4 | KADOKAWA:4,KADOKAWA　∥　カドカワ,"KADOKAWA=[5, 6, 7, 8]",no,"[5, 6, 7, 8]"
orenchi-no-furo-jijou,オレん家のフロ事情,8,KADOKAWA　∥　カドカワ:5 | Kadokawa　∥　Kadokawa:3,KADOKAWA　∥　カドカワ,"Kadokawa　∥　Kadokawa=[1, 2, 3]",no,"[1, 2, 3]"
osananajimi-no-esu-kyuu-party-kara-tsuihousareta-sareta-seijuu-tsukai,幼馴染のS級パーティーから追放された聖獣使い。万能支援魔法と仲間を増やして最強へ!,8,KADOKAWA　∥　カドカワ:6 | KADOKAWA:2,KADOKAWA　∥　カドカワ,"KADOKAWA=[7, 8]",no,"[7, 8]"
otome-game-no-heroine-de-saikyou-survival-comic,乙女ゲームのヒロインで最強サバイバル@COMIC,8,TOブックス　∥　ティーオーブックス:5 | TOブックス:3,TOブックス　∥　ティーオーブックス,"TOブックス=[6, 7, 8]",no,"[6, 7, 8]"
otsu-san-tensei-shite-tensai-yakusha-ni-naru,おっさん、転生して天才役者になる,8,KADOKAWA　∥　カドカワ:4 | KADOKAWA:4,KADOKAWA　∥　カドカワ,"KADOKAWA=[5, 6, 7, 8]",no,"[5, 6, 7, 8]"
outaishi-ni-konyaku-haki-sareta-node-mou-baka-no-furi-wa-yameyou-to-omoimasu,王太子に婚約破棄されたので、もうバカのふりはやめようと思います,8,マッグガーデン　∥　マッグ ガーデン:4 | マッグガーデン:3,マッグガーデン　∥　マッグ ガーデン,"マッグガーデン=[6, 7, 8]",no,"[6, 7, 8]"
over-rev-90s,オーバーレブ!90's,8,秋田書店　∥　アキタショテン:5 | 秋田書店:3,秋田書店　∥　アキタショテン,"秋田書店=[6, 7, 8]",no,"[6, 7, 8]"
paranoma,ぱらのま,8,白泉社　∥　ハクセンシャ:7 | 白泉社:1,白泉社　∥　ハクセンシャ,白泉社=[8],no,[8]
puzzle-game-highschool-x,パズルゲーム☆はいすくーるX,8,秋田書店　∥　アキタ ショテン:6 | 秋田書店　∥　アキタショテン:2,秋田書店　∥　アキタ ショテン,"秋田書店　∥　アキタショテン=[7, 8]",no,"[7, 8]"
rakkiidoggu-1-blast,ラッキードッグ1 BLAST,8,KADOKAWA　∥　カドカワ:5 | メディアファクトリー　∥　メディア ファクトリー:2 | Kadokawa　∥　Kadokawa:1,KADOKAWA　∥　カドカワ,"Kadokawa　∥　Kadokawa=[1];メディアファクトリー　∥　メディア ファクトリー=[3, 4]",no,"[1, 3, 4]"
rakudai-kenja-no-gakuin-musou,落第賢者の学院無双,8,スクウェア・エニックス　∥　スクウェア ・ エニックス:7 | スクウェア・エニックス:1,スクウェア・エニックス　∥　スクウェア ・ エニックス,スクウェア・エニックス=[8],no,[8]
real-mo-tamaniwa-uso-o-tsuku,現実(リアル)もたまには嘘をつく,8,KADOKAWA　∥　カドカワ:5 | KADOKAWA:3,KADOKAWA　∥　カドカワ,"KADOKAWA=[6, 7, 8]",no,"[6, 7, 8]"
rewrite-side-r,Rewrite: SIDE-R,8,[発売]角川グループパブリッシング　∥　カドカワ グループ パブリッシング:4 | KADOKAWA　∥　カドカワ:3 | [発売]Kadokawa　∥　Kadokawa:1,[発売]角川グループパブリッシング　∥　カドカワ グループ パブリッシング,"[発売]Kadokawa　∥　Kadokawa=[5];KADOKAWA　∥　カドカワ=[6, 7, 8]",no,"[5, 6, 7, 8]"
rien-wa-itashikanemasu,離縁は致しかねます!,8,大誠社　∥　タイセイシャ:6 | 大誠社:1,大誠社　∥　タイセイシャ,大誠社=[8],no,[8]
rokugatsu-no-nanahoshi,六月の七星,8,[頒布]幻冬舎　∥　ゲントウシャ:4 | [発売]幻冬舎　∥　ゲントウシャ:2 | [頒布]幻冬舎:2,[頒布]幻冬舎　∥　ゲントウシャ,"[発売]幻冬舎　∥　ゲントウシャ=[1, 2];[頒布]幻冬舎=[7, 8]",no,"[1, 2, 7, 8]"
ryuu-to-chameleon,龍とカメレオン,8,スクウェア・エニックス　∥　スクウェア ・ エニックス:4 | スクウェア・エニックス:4,スクウェア・エニックス　∥　スクウェア ・ エニックス,"スクウェア・エニックス=[5, 6, 7, 8]",no,"[5, 6, 7, 8]"
saenai-heroine-no-sodatekata,冴えない彼女の育てかた,8,KADOKAWA　∥　カドカワ:7 | [発売]KADOKAWA　∥　カドカワ:1,KADOKAWA　∥　カドカワ,[発売]KADOKAWA　∥　カドカワ=[1],no,[1]
saijaku-tamer-wa-gomihiroi-no-tabi-o-hajimemashita,最弱テイマーはゴミ拾いの旅を始めました。,8,TOブックス　∥　ティーオーブックス:6 | TOブックス:2,TOブックス　∥　ティーオーブックス,"TOブックス=[7, 8]",no,"[7, 8]"
saint-seiya-meiou-iden-dark-wing,聖闘士(セイント)星矢冥王異伝ダークウィング,8,秋田書店　∥　アキタショテン:5 | 秋田書店:3,秋田書店　∥　アキタショテン,"秋田書店=[6, 7, 8]",no,"[6, 7, 8]"
saitou-takao-x-ikenami-shoutarou-jidai-gekiga-special,さいとう・たかを×池波正太郎時代劇画スペシャル,8,リイド社:7 | リイド社　∥　リイドシャ:1,リイド社,リイド社　∥　リイドシャ=[1],yes,[1]
sakura-sakura,サクラサクラ,8,秋田書店　∥　アキタショテン:5 | 秋田書店　∥　アキタ ショテン:3,秋田書店　∥　アキタショテン,"秋田書店　∥　アキタ ショテン=[1, 2, 5]",no,"[1, 2, 5]"
sakurasou-no-pet-na-kanojo,さくら荘のペットな彼女,8,[発売]角川グループパブリッシング　∥　カドカワ グループ パブリッシング:4 | KADOKAWA　∥　カドカワ:3 | [発売]KADOKAWA　∥　カドカワ:1,[発売]角川グループパブリッシング　∥　カドカワ グループ パブリッシング,"[発売]KADOKAWA　∥　カドカワ=[5];KADOKAWA　∥　カドカワ=[6, 7, 8]",no,"[5, 6, 7, 8]"
samurai-drive,サムライドライブ,8,[発売]角川グループパブリッシング　∥　カドカワ グループ パブリッシング:5 | [発売]角川グループパブリッシング　∥　カドカワグループパブリッシング:2 | [発売]KADOKAWA　∥　カドカワ:1,[発売]角川グループパブリッシング　∥　カドカワ グループ パブリッシング,"[発売]角川グループパブリッシング　∥　カドカワグループパブリッシング=[6, 7];[発売]KADOKAWA　∥　カドカワ=[8]",no,"[6, 7, 8]"
samurai-sensei,サムライせんせい,8,リブレ　∥　リブレ:6 | リブレ出版　∥　リブレ シュッパン:2,リブレ　∥　リブレ,"リブレ出版　∥　リブレ シュッパン=[1, 2]",no,"[1, 2]"
scatter,SCATTER,8,KADOKAWA　∥　カドカワ:4 | [発売]角川グループパブリッシング　∥　カドカワ グループ パブリッシング:3 | [発売]角川グループパブリッシング　∥　カドカワグループパブリッシング:1,KADOKAWA　∥　カドカワ,"[発売]角川グループパブリッシング　∥　カドカワ グループ パブリッシング=[1, 2, 3];[発売]角川グループパブリッシング　∥　カドカワグループパブリッシング=[4]",no,"[1, 2, 3, 4]"
seiden-rg-veeda,聖伝 RG VEDA,8,[発売]角川グループパブリッシング　∥　カドカワ グループ パブリッシング:2 | [発売]角川グループパブリッシング　∥　カドカワグループパブリッシング:1,[発売]角川グループパブリッシング　∥　カドカワ グループ パブリッシング,[発売]角川グループパブリッシング　∥　カドカワグループパブリッシング=[5],yes,[5]
seihantai-na-kimi-to-boku,正反対な君と僕,8,集英社　∥　シュウエイシャ:7 | 集英社:1,集英社　∥　シュウエイシャ,集英社=[8],no,[8]
seikai-no-monshou,星界の紋章,8,[発売]ほるぷ出版　∥　ホルプシュッパン:4 | フレックスコミックス　∥　フレックスコミックス:3,[発売]ほるぷ出版　∥　ホルプシュッパン,"フレックスコミックス　∥　フレックスコミックス=[6, 7, 8]",yes,"[6, 7, 8]"
seisai-gakuen,制裁学園,8,集英社　∥　シュウエイシャ:6 | 集英社:2,集英社　∥　シュウエイシャ,"集英社=[7, 8]",no,"[7, 8]"
seishun-tetsudou-hisutoriizu,青春鉄道Histories,8,KADOKAWA　∥　カドカワ:4 | KADOKAWA:4,KADOKAWA　∥　カドカワ,"KADOKAWA=[5, 6, 7, 8]",no,"[5, 6, 7, 8]"
seitokai-no-ichizon,生徒会の一存,8,[発売]角川グループパブリッシング　∥　カドカワ グループ パブリッシング:5 | [発売]角川グループパブリッシング　∥　カドカワグループパブリッシング:2,[発売]角川グループパブリッシング　∥　カドカワ グループ パブリッシング,"[発売]角川グループパブリッシング　∥　カドカワグループパブリッシング=[7, 8]",no,"[7, 8]"
sekai-ni-hitori-zen-zokusei-mahou-no-tsukaite,世界に一人、全属性魔法の使い手,8,集英社　∥　シュウエイシャ:4 | 集英社:4,集英社　∥　シュウエイシャ,"集英社=[5, 6, 7, 8]",no,"[5, 6, 7, 8]"
sekai-no-hate-de-aimashou,世界の果てで愛ましょう,8,[発売]角川グループパブリッシング　∥　カドカワ グループ パブリッシング:7 | [発売]Kadokawa　∥　Kadokawa:1,[発売]角川グループパブリッシング　∥　カドカワ グループ パブリッシング,[発売]Kadokawa　∥　Kadokawa=[8],no,[8]
sekai-wa-owattemo-ikiru-tte-tanoshii,世界は終わっても生きるって楽しい,8,オーバーラップ　∥　オーバーラップ:6 | オーバーラップ:2,オーバーラップ　∥　オーバーラップ,"オーバーラップ=[7, 8]",no,"[7, 8]"
sengoku-basara-3-bloody-angel,戦国BASARA3 -Bloody Angel-,8,秋田書店　∥　アキタ ショテン:5 | 秋田書店　∥　アキタショテン:3,秋田書店　∥　アキタ ショテン,"秋田書店　∥　アキタショテン=[6, 7, 8]",no,"[6, 7, 8]"
sensei-bokutachi-ga-sekai-o-horoboshimasu,先生!僕たちが世界を滅ぼします。,8,スクウェア・エニックス　∥　スクウェア ・ エニックス:4 | スクウェア・エニックス:3,スクウェア・エニックス　∥　スクウェア ・ エニックス,"スクウェア・エニックス=[6, 7, 8]",no,"[6, 7, 8]"
sentou-meka-xabungle-another-gale,戦闘メカザブングルアナザー・ゲイル,8,小学館　∥　ショウガクカン:4 | 小学館:4,小学館　∥　ショウガクカン,"小学館=[5, 6, 7, 8]",no,"[5, 6, 7, 8]"
serial-killer-land,シリアルキラーランド,8,秋田書店　∥　アキタショテン:5 | 秋田書店:3,秋田書店　∥　アキタショテン,"秋田書店=[6, 7, 8]",no,"[6, 7, 8]"
shi-ni-modori-subete-o-sukuu-tame-ni-saikyou-eto-itaru-attomaaku-comic,死に戻り、全てを救うために最強へと至る@comic,8,小学館　∥　ショウガクカン:7 | 小学館:1,小学館　∥　ショウガクカン,小学館=[8],no,[8]
shiawase-kanako-no-koroshiya-seikatsu,幸せカナコの殺し屋生活,8,[発売]講談社　∥　コウダンシャ:4 | [頒布]講談社 (発売)　∥　コウダンシャ:3 | [頒布]講談社:1,[発売]講談社　∥　コウダンシャ,"[頒布]講談社 (発売)　∥　コウダンシャ=[5, 6, 7];[頒布]講談社=[8]",no,"[5, 6, 7, 8]"
shika-no-ko-nokonoko-koshitan-tan,しかのこのこのここしたんたん,8,講談社　∥　コウダンシャ:6 | 講談社:2,講談社　∥　コウダンシャ,"講談社=[7, 8]",no,"[7, 8]"
shima-san,島さん,8,双葉社　∥　フタバシャ:6 | 双葉社:2,双葉社　∥　フタバシャ,"双葉社=[7, 8]",no,"[7, 8]"
shin-mazinger-zero-vs-ankoku-daishougun,真マジンガーZEROvs暗黒大将軍,8,秋田書店　∥　アキタショテン:7 | 秋田書店　∥　アキタ ショテン:1,秋田書店　∥　アキタショテン,秋田書店　∥　アキタ ショテン=[1],no,[1]
shin-no-yasuragi-wa-konoyo-ni-naku,真の安らぎはこの世になく,8,集英社　∥　シュウエイシャ:5 | 集英社:3,集英社　∥　シュウエイシャ,"集英社=[7, 8, 9]",no,"[7, 8, 9]"
shinmai-renkinjutsushi-no-tenpo-keiei,新米錬金術師の店舗経営,8,キルタイムコミュニケーション　∥　キルタイムコミュニケーション:6 | キルタイムコミュニケーション:1,キルタイムコミュニケーション　∥　キルタイムコミュニケーション,キルタイムコミュニケーション=[8],no,[8]
shitsuji-sebasu-chan-no-shokugyou-jijou,執事セバスチャンの職業事情,8,新書館　∥　シンショカン:6 | 新書館:1,新書館　∥　シンショカン,新書館=[8],no,[8]
shogi-no-watanabe-kun,将棋の渡辺くん,8,講談社　∥　コウダンシャ:7 | 講談社:1,講談社　∥　コウダンシャ,講談社=[8],no,[8]
shounen-y,少年Y,8,秋田書店　∥　アキタショテン:7 | 秋田書店　∥　アキタ ショテン:1,秋田書店　∥　アキタショテン,秋田書店　∥　アキタ ショテン=[1],no,[1]
shuiro-no-kamen,朱色の仮面,8,少年画報社　∥　ショウネンガホウシャ:6 | 少年画報社:2,少年画報社　∥　ショウネンガホウシャ,"少年画報社=[7, 8]",no,"[7, 8]"
shuumatsu-touring,終末ツーリング,8,KADOKAWA　∥　カドカワ:6 | KADOKAWA:2,KADOKAWA　∥　カドカワ,"KADOKAWA=[7, 8]",no,"[7, 8]"
single-mother-no-koi-wa-gisou-kekkon-kara-hajimaru,シングルマザーの恋は偽装結婚から始まる,8,大都社　∥　ダイトシャ:6 | 大都社:2,大都社　∥　ダイトシャ,"大都社=[7, 8]",no,"[7, 8]"
sodatechimaou,育てち魔おう!,8,講談社　∥　コウダンシャ:7 | 講談社:1,講談社　∥　コウダンシャ,講談社=[4],no,[4]
sonic-the-hedgehog,ソニック・ザ・ヘッジホッグ,8,[頒布]フェーズシックス (発売)　∥　フェーズシックス:6 | [頒布]フェーズシックス　∥　フェーズシックス:1 | [頒布]フェーズシックス:1,[頒布]フェーズシックス (発売)　∥　フェーズシックス,[頒布]フェーズシックス　∥　フェーズシックス=[1];[頒布]フェーズシックス=[8],no,"[1, 8]"
sono-egao-suki-ja-nai,その笑顔好きじゃない,8,[頒布]日販アイ・ピー・エス (発売)　∥　ニッパンアイピーエス:7 | 宝島社　∥　タカラジマシャ:1,[頒布]日販アイ・ピー・エス (発売)　∥　ニッパンアイピーエス,宝島社　∥　タカラジマシャ=[1],no,[1]
spa-date,スパデート,8,[発売]集英社　∥　シュウエイシャ:6 | [頒布]集英社 (発売)　∥　シュウエイシャ:2,[発売]集英社　∥　シュウエイシャ,"[頒布]集英社 (発売)　∥　シュウエイシャ=[7, 8]",no,"[7, 8]"
splatoon-bankara,Splatoonバンカラ!,8,小学館　∥　ショウガクカン:4 | 小学館:3,小学館　∥　ショウガクカン,"小学館=[6, 7, 8]",no,"[6, 7, 8]"
spotted-flower,Spotted Flower,8,白泉社　∥　ハクセンシャ:7 | 白泉社:1,白泉社　∥　ハクセンシャ,白泉社=[8],no,[8]
studio-cabana,スタジオカバナ,8,KADOKAWA　∥　カドカワ:6 | KADOKAWA:2,KADOKAWA　∥　カドカワ,"KADOKAWA=[7, 8]",no,"[7, 8]"
sunoharasou-no-kanrinin-san,すのはら荘の管理人さん,8,[発売]講談社　∥　コウダンシャ:4 | [頒布]講談社　∥　コウダンシャ:2 | 一迅社　∥　イチジンシャ:1,[発売]講談社　∥　コウダンシャ,"一迅社　∥　イチジンシャ=[1];[頒布]講談社　∥　コウダンシャ=[7, 8]",no,"[1, 7, 8]"
super-no-ura-de-yani-suu-futari,スーパーの裏でヤニ吸うふたり,8,スクウェア・エニックス　∥　スクウェアエニックス:4 | スクウェア・エニックス:3 | スクウェア・エニックス　∥　スクウェア ・ エニックス:1,スクウェア・エニックス　∥　スクウェアエニックス,"スクウェア・エニックス　∥　スクウェア ・ エニックス=[1];スクウェア・エニックス=[6, 7, 8]",no,"[1, 6, 7, 8]"
suugaku-golden,数学ゴールデン,8,白泉社　∥　ハクセンシャ:6 | 白泉社:2,白泉社　∥　ハクセンシャ,"白泉社=[7, 8]",no,"[7, 8]"
tachibanakan-try-anguru,立花館to lie (とらい) あんぐる,8,[発売]講談社　∥　コウダンシャ:6 | 一迅社　∥　イチジンシャ:1,[発売]講談社　∥　コウダンシャ,一迅社　∥　イチジンシャ=[1],no,[1]
taikouhi-kouho-dakedo-kenjitsu-ni-ikou-to-omoimasu,大公妃候補だけど、堅実に行こうと思います,8,KADOKAWA　∥　カドカワ:6 | KADOKAWA:2,KADOKAWA　∥　カドカワ,"KADOKAWA=[7, 8]",no,"[7, 8]"
taiyoukei-esuefu-bouken-taizen-supeope,太陽系SF冒険大全スペオペ!,8,少年画報社　∥　ショウネンガホウシャ:7 | 少年画報社　∥　ショウネン ガホウシャ:1,少年画報社　∥　ショウネンガホウシャ,少年画報社　∥　ショウネン ガホウシャ=[2],no,[2]
takahashi-san-ga-kiiteiru,高橋さんが聞いている。,8,スクウェア・エニックス　∥　スクウェア ・ エニックス:5 | スクウェア・エニックス　∥　スクウェア エニックス:3,スクウェア・エニックス　∥　スクウェア ・ エニックス,"スクウェア・エニックス　∥　スクウェア エニックス=[1, 2, 3]",no,"[1, 2, 3]"
takanashi-ke-no-imouto-wa-hanayome-ni-naritai,小鳥遊家の妹は花嫁になりたいっ!!,8,小学館:4 | 小学館　∥　ショウガクカン:3,小学館,"小学館　∥　ショウガクカン=[1, 2, 3]",no,"[1, 2, 3]"
takiyashahime-onmyouji-ezoushi,瀧夜叉姫,8,KADOKAWA　∥　カドカワ:6 | KADOKAWA:2,KADOKAWA　∥　カドカワ,"KADOKAWA=[7, 8]",no,"[7, 8]"
tama-no-gohoubi,たまのごほうび,8,集英社　∥　シュウエイシャ:5 | 集英社:2,集英社　∥　シュウエイシャ,"集英社=[7, 8]",no,"[7, 8]"
teikoku-no-koiyome,帝国の恋嫁,8,白泉社　∥　ハクセンシャ:5 | 白泉社:2,白泉社　∥　ハクセンシャ,"白泉社=[7, 8]",no,"[7, 8]"
tenkomori-kariage-kun,てんこ盛り!かりあげクン,8,双葉社:7 | 双葉社　∥　フタバシャ:1,双葉社,双葉社　∥　フタバシャ=[1],no,[1]
tensei-daiseijo-jitsuryoku-o-kakushite-renkinjutsu-gakka-ni-nyuugakusuru,転生大聖女、実力を隠して錬金術学科に入学する,8,スクウェア・エニックス　∥　スクウェア ・ エニックス:7 | スクウェア・エニックス:1,スクウェア・エニックス　∥　スクウェア ・ エニックス,スクウェア・エニックス=[8],no,[8]
tensei-joou-to-tensai-reijou-no-mahou-kakumei,転生王女と天才令嬢の魔法革命,8,KADOKAWA　∥　カドカワ:6 | KADOKAWA:2,KADOKAWA　∥　カドカワ,"KADOKAWA=[7, 8]",no,"[7, 8]"
tensei-shita-akuyaku-reijou-wa-fukushuu-o-nozomanai-the-comic,転生した悪役令嬢は復讐を望まないthe comic,8,マッグガーデン　∥　マッグ ガーデン:5 | マッグガーデン:2,マッグガーデン　∥　マッグ ガーデン,"マッグガーデン=[7, 8]",no,"[7, 8]"
tensei-shitara-slime-datta-ken-clayman-revenge,転生したらスライムだった件クレイマンREVENGE,8,講談社　∥　コウダンシャ:4 | 講談社:4,講談社　∥　コウダンシャ,"講談社=[5, 6, 7, 8]",no,"[5, 6, 7, 8]"
time-slip-otagirl,タイムスリップオタガール,8,フレックスコミックス　∥　フレックスコミックス:6 | [発売]ほるぷ出版　∥　ホルプシュッパン:2,フレックスコミックス　∥　フレックスコミックス,"[発売]ほるぷ出版　∥　ホルプシュッパン=[1, 2]",no,"[1, 2]"
tokidoki-bosotsu-to-roshiago-de-dereru-tonari-no-aarya-san,時々ボソッとロシア語でデレる隣のアーリャさん,8,講談社　∥　コウダンシャ:5 | 講談社:3,講談社　∥　コウダンシャ,"講談社=[6, 7, 8]",no,"[6, 7, 8]"
tokugawa-otenba-hime,徳川おてんば姫,8,秋田書店　∥　アキタショテン:5 | 秋田書店:2,秋田書店　∥　アキタショテン,"秋田書店=[7, 8]",no,"[7, 8]"
tougeoni,峠鬼,8,KADOKAWA　∥　カドカワ:6 | KADOKAWA:2,KADOKAWA　∥　カドカワ,"KADOKAWA=[7, 8]",no,"[7, 8]"
tsuihousareta-sareta-tensei-kizoku-hazure-skill-de-naisei-musou,追放された転生貴族、外れスキルで内政無双,8,スターツ出版　∥　スターツシュッパン:4 | スターツ出版:3,スターツ出版　∥　スターツシュッパン,"スターツ出版=[6, 7, 8]",no,"[6, 7, 8]"
tsurenai-kanojo-no-hitorijime,つれない彼女のひとりじめ,8,小学館　∥　ショウガクカン:7 | 小学館:1,小学館　∥　ショウガクカン,小学館=[8],no,[8]
uchi-no-inu-ga-koneko-hiroimashita,うちの犬が子ネコ拾いました。,8,小学館　∥　ショウガクカン:7 | 小学館:1,小学館　∥　ショウガクカン,小学館=[8],no,[8]
uketsukejou-ni-kokuhaku-shitakute-guild-ni-kayoitsumetara-eiyuu-ni-natteta,受付嬢に告白したくてギルドに通いつめたら英雄になってた,8,スターツ出版　∥　スターツシュッパン:7 | スターツ出版:1,スターツ出版　∥　スターツシュッパン,スターツ出版=[8],no,[8]
umehara,ウメハラ,8,KADOKAWA　∥　カドカワ:7 | PHP研究所　∥　ピーエイチピーケンキュウジョ:1,KADOKAWA　∥　カドカワ,PHP研究所　∥　ピーエイチピーケンキュウジョ=[1],no,[1]
umi-ga-hashiru-end-roll,海が走るエンドロール,8,秋田書店　∥　アキタショテン:6 | 秋田書店:2,秋田書店　∥　アキタショテン,"秋田書店=[7, 8]",no,"[7, 8]"
unmei-no-hito-ni-deau-hanashi,運命の人に出会う話,8,講談社　∥　コウダンシャ:5 | 講談社:2,講談社　∥　コウダンシャ,"講談社=[7, 8]",no,"[7, 8]"
uramareya,恨まれ屋,8,少年画報社　∥　ショウネン ガホウシャ:4 | 少年画報社　∥　ショウネンガホウシャ:4,少年画報社　∥　ショウネン ガホウシャ,"少年画報社　∥　ショウネンガホウシャ=[5, 6, 7, 8]",no,"[5, 6, 7, 8]"
vampire-hunter-d,バンパイアハンターD,8,メディアファクトリー　∥　メディア ファクトリー:7 | KADOKAWA　∥　カドカワ:1,メディアファクトリー　∥　メディア ファクトリー,KADOKAWA　∥　カドカワ=[8],no,[8]
varuhara-oteinteinkan,ヴァルハラ・オティンティン館,8,集英社　∥　シュウエイシャ:5 | 集英社:2,集英社　∥　シュウエイシャ,"集英社=[7, 8]",no,"[7, 8]"
victoria-winner-oosutouen-ouhi-wa-sekai-de-ichiban-erasou-de-aru,ヴィクトリア・ウィナー・オーストウェン王妃は世界で一番偉そうである,8,講談社　∥　コウダンシャ:7 | 講談社:1,講談社　∥　コウダンシャ,講談社=[8],no,[8]
wakage-no-itarimakuri-natsu,若気の至りまくり、夏。,8,秋田書店　∥　アキタショテン:5 | 秋田書店:3,秋田書店　∥　アキタショテン,"秋田書店=[6, 7, 8]",no,"[6, 7, 8]"
watashi-ga-koibito-ni-nareru-wake-nai-jan-muri-muri-muri-ja-nakatta,わたしが恋人になれるわけないじゃん、ムリムリ!〈※ムリじゃなかった!?〉,8,集英社　∥　シュウエイシャ:6 | 集英社:2,集英社　∥　シュウエイシャ,"集英社=[7, 8]",no,"[7, 8]"
watashi-no-koto-kirai-tte-iimashitayone,私のこと嫌いって言いましたよね!?,8,[頒布]青泉社　∥　セイセンシャ:5 | [頒布]青泉社:2,[頒布]青泉社　∥　セイセンシャ,"[頒布]青泉社=[7, 8]",no,"[7, 8]"
watashi-no-tame-ni-nuginasaitsu,わたしのために脱ぎなさいっ!,8,KADOKAWA　∥　カドカワ:7 | KADOKAWA:1,KADOKAWA　∥　カドカワ,KADOKAWA=[9],no,[9]
watashi-to-dasshutsu-shimasen-ka,私と脱出しませんか?,8,小学館　∥　ショウガクカン:6 | 小学館:2,小学館　∥　ショウガクカン,"小学館=[7, 8]",no,"[7, 8]"
watashitachi-wa-mutsuu-love-ga-shitai,わたしたちは無痛恋愛がしたい,8,講談社　∥　コウダンシャ:5 | 講談社:2,講談社　∥　コウダンシャ,"講談社=[7, 8]",no,"[7, 8]"
winning-pass,ウイニングパス,8,講談社　∥　コウダンシャ:6 | 講談社:2,講談社　∥　コウダンシャ,"講談社=[7, 8]",no,"[7, 8]"
world-customize-creator,ワールド・カスタマイズ・クリエーター,8,[発売]星雲社　∥　セイウンシャ:7 | [頒布]星雲社 (発売)　∥　セイウンシャ:1,[発売]星雲社　∥　セイウンシャ,[頒布]星雲社 (発売)　∥　セイウンシャ=[8],no,[8]
wotaku-mo-koisuru-nikushoku-shinshi,オタクも恋する肉食紳士,8,[発売]祥伝社　∥　ショウデンシャ:6 | [頒布]祥伝社　∥　ショウデンシャ:2,[発売]祥伝社　∥　ショウデンシャ,"[頒布]祥伝社　∥　ショウデンシャ=[7, 8]",no,"[7, 8]"
yabun-ni-kyuuketsu-shitsureishimasu,夜分に吸血失礼します。,8,コアミックス　∥　コアミックス:5 | コアミックス:3,コアミックス　∥　コアミックス,"コアミックス=[6, 7, 8]",no,"[6, 7, 8]"
yagyuu-rashinken,柳生裸真剣,8,小学館　∥　ショウガクカン:6 | 小学館:2,小学館　∥　ショウガクカン,"小学館=[7, 8]",no,"[7, 8]"
yakutatazu-to-iwareta-no-de-watashi-no-ie-wa-dokuritsu-shimasu,役立たずと言われたので、わたしの家は独立します!,8,KADOKAWA　∥　カドカワ:5 | KADOKAWA:3,KADOKAWA　∥　カドカワ,"KADOKAWA=[6, 7, 8]",no,"[6, 7, 8]"
yama-o-wataru,山を渡る,8,KADOKAWA　∥　カドカワ:6 | KADOKAWA:1,KADOKAWA　∥　カドカワ,KADOKAWA=[8],no,[8]
yamato-wa-koi-no-mahoroba,やまとは恋のまほろば,8,文藝春秋　∥　ブンゲイシュンジュウ:4 | LINE Digital Frontier　∥　ラインデジタルフロンティア:3 | 文藝春秋:1,文藝春秋　∥　ブンゲイシュンジュウ,"LINE Digital Frontier　∥　ラインデジタルフロンティア=[1, 2, 3];文藝春秋=[8]",no,"[1, 2, 3, 8]"
yamikariudo-delta,闇狩人Δ,8,[発売]集英社　∥　シュウエイシャ:6 | [頒布]集英社 (発売)　∥　シュウエイシャ:2,[発売]集英社　∥　シュウエイシャ,"[頒布]集英社 (発売)　∥　シュウエイシャ=[7, 8]",no,"[7, 8]"
yankee-kun-to-kagaku-gohan,ヤンキー君と科学ごはん,8,集英社　∥　シュウエイシャ:4 | 集英社:3,集英社　∥　シュウエイシャ,"集英社=[6, 7, 8]",no,"[6, 7, 8]"
yojouhan-no-ibara-hime,四畳半のいばら姫,8,集英社　∥　シュウエイシャ:5 | 集英社:2,集英社　∥　シュウエイシャ,"集英社=[7, 8]",no,"[7, 8]"
yonoi-tsukihiko-no-shiawase-na-jigoku,夜ノ井月彦の幸せな地獄,8,小学館　∥　ショウガクカン:5 | 小学館:3,小学館　∥　ショウガクカン,"小学館=[6, 7, 8]",no,"[6, 7, 8]"
yoru-wa-neko-to-isshokenmei,夜は猫といっしょ,8,KADOKAWA　∥　カドカワ:6 | KADOKAWA:2,KADOKAWA　∥　カドカワ,"KADOKAWA=[7, 8]",no,"[7, 8]"
youtou-ni-miirareshi-skeleton,妖刀に魅入られしスケルトン,8,白泉社　∥　ハクセンシャ:5 | 白泉社:3,白泉社　∥　ハクセンシャ,"白泉社=[6, 7, 8]",no,"[6, 7, 8]"
yuki-no-niizuma-wa-boku-to-tokeaitai,雪の新妻は僕と溶け合いたい,8,竹書房　∥　タケ ショボウ:7 | 竹書房:1,竹書房　∥　タケ ショボウ,竹書房=[8],no,[8]
yuuki-aru-mono-yori-chire,勇気あるものより散れ,8,白泉社　∥　ハクセンシャ:6 | 白泉社:2,白泉社　∥　ハクセンシャ,"白泉社=[7, 8]",no,"[7, 8]"
yuusha-no-kuzu,勇者のクズ,8,リイド社　∥　リイドシャ:6 | リイド社:2,リイド社　∥　リイドシャ,"リイド社=[7, 8]",no,"[7, 8]"
yuushun-no-mon-champ,優駿の門チャンプ,8,秋田書店　∥　アキタ ショテン:4 | 秋田書店　∥　アキタショテン:4,秋田書店　∥　アキタ ショテン,"秋田書店　∥　アキタショテン=[5, 6, 7, 8]",no,"[5, 6, 7, 8]"
zeitaku-zanmai-shitai-no-desu,贅沢三昧したいのです!,8,アース・スターエンターテイメント　∥　アーススターエンターテイメント:4 | アース・スターエンターテイメント:3,アース・スターエンターテイメント　∥　アーススターエンターテイメント,"アース・スターエンターテイメント=[6, 7, 8]",no,"[6, 7, 8]"
zessei-no-akujo-wa-ma-ouji-sama-ni-chouai-dekiaisareru,絶世の悪女は魔王子さまに寵愛される,8,集英社　∥　シュウエイシャ:4 | 集英社:3,集英社　∥　シュウエイシャ,"集英社=[6, 7, 8]",no,"[6, 7, 8]"
13-kaime-no-ashiato,13回目の足跡,7,KADOKAWA:4 | KADOKAWA　∥　カドカワ:3,KADOKAWA,"KADOKAWA　∥　カドカワ=[1, 2, 3]",no,"[1, 2, 3]"
2ldk-ikemen-tsuki-bukken-arimasu,2LDKイケメン付き物件あります。,7,ぶんか社　∥　ブンカシャ:6 | ぶんか社:1,ぶんか社　∥　ブンカシャ,ぶんか社=[7],no,[7]
31-banme-no-okisakisama,31番目のお妃様,7,KADOKAWA　∥　カドカワ:6 | KADOKAWA:1,KADOKAWA　∥　カドカワ,KADOKAWA=[7],no,[7]
adachi-to-shimamura,安達としまむら,7,KADOKAWA　∥　カドカワ:6 | KADOKAWA:1,KADOKAWA　∥　カドカワ,KADOKAWA=[7],no,[7]
adelite-no-hana,アデライトの花,7,朝日新聞出版　∥　アサヒシンブンシュッパン:6 | 朝日新聞出版:1,朝日新聞出版　∥　アサヒシンブンシュッパン,朝日新聞出版=[7],no,[7]
aiseki-iidesuka,相席いいですか?,7,集英社:5 | 集英社　∥　シュウエイシャ:2,集英社,"集英社　∥　シュウエイシャ=[1, 2]",no,"[1, 2]"
aitsu-no-kanojo,アイツノカノジョ,7,小学館　∥　ショウガクカン:4 | 小学館:3,小学館　∥　ショウガクカン,"小学館=[6, 7, 8]",no,"[6, 7, 8]"
aiura,あいうら,7,KADOKAWA　∥　カドカワ:3 | [発売]角川グループパブリッシング　∥　カドカワグループパブリッシング:2 | [発売]角川グループパブリッシング　∥　カドカワ グループ パブリッシング:1 | [発売]角川グループホールディングス　∥　カドカワグループホールディングス:1,KADOKAWA　∥　カドカワ,"[発売]角川グループパブリッシング　∥　カドカワ グループ パブリッシング=[1];[発売]角川グループパブリッシング　∥　カドカワグループパブリッシング=[2, 3];[発売]角川グループホールディングス　∥　カドカワグループホールディングス=[4]",no,"[1, 2, 3, 4]"
akuma-de-kore-wa-koi-janai,アクマでこれは恋じゃない!,7,小学館:4 | 小学館　∥　ショウガクカン:3,小学館,"小学館　∥　ショウガクカン=[1, 2, 3]",no,"[1, 2, 3]"
akumade-kujaku-no-hanashi-desu,あくまでクジャクの話です。,7,講談社:4 | 講談社　∥　コウダンシャ:2,講談社,"講談社　∥　コウダンシャ=[1, 2]",no,"[1, 2]"
akuyaku-no-go-reisoku-no-dounika-shitai-nichijou,悪役のご令息のどうにかしたい日常,7,[頒布]講談社　∥　コウダンシャ:4 | [頒布]講談社:3,[頒布]講談社　∥　コウダンシャ,"[頒布]講談社=[5, 6, 7]",no,"[5, 6, 7]"
akuyaku-reijou-desu-kouryaku-taishou-no-yousu-ga-ijou-sugiru-attomaaku-comic,悪役令嬢ですが攻略対象の様子が異常すぎる@comic,7,TOブックス　∥　ティーオーブックス:6 | TOブックス:1,TOブックス　∥　ティーオーブックス,TOブックス=[7],no,[7]
akuyaku-reijou-ni-tensei-shita-hazu-ga-shujinkou-yorimo-dekiai-sareteru-mitai-desu,悪役令嬢に転生したはずが、主人公よりも溺愛されてるみたいです,7,[頒布]一二三書房　∥　ヒフミショボウ:4 | 一二三書房:2,[頒布]一二三書房　∥　ヒフミショボウ,"一二三書房=[6, 7]",no,"[6, 7]"
akuyaku-reijou-ni-tensei-shita-to-omottara-cinderella-no-gishi-deshita,悪役令嬢に転生したと思ったら、シンデレラの義姉でした,7,マッグガーデン　∥　マッグ ガーデン:4 | マッグガーデン:3,マッグガーデン　∥　マッグ ガーデン,"マッグガーデン=[5, 6, 7]",no,"[5, 6, 7]"
akuyaku-reijou-no-okiniiri-ouji-jama,悪役令嬢のお気に入り王子……邪魔っ,7,主婦と生活社　∥　シュフトセイカツシャ:5 | 主婦と生活社:2,主婦と生活社　∥　シュフトセイカツシャ,"主婦と生活社=[6, 7]",no,"[6, 7]"
albert-ke-no-reijou-wa-botsuraku-o-goshomou-desu,アルバート家の令嬢は没落をご所望です,7,KADOKAWA　∥　カドカワ:6 | KADOKAWA:1,KADOKAWA　∥　カドカワ,KADOKAWA=[7],no,[7]
ameiro-paradox,飴色パラドックス,7,新書館　∥　シンショカン:6 | 新書館:1,新書館　∥　シンショカン,新書館=[7],no,[7]
anan-3-wa-deatte-sanbyou-de-gattai-shitai,阿南さんは出会って3秒で合体したい!,7,講談社　∥　コウダンシャ:4 | 講談社:2,講談社　∥　コウダンシャ,"講談社=[6, 7]",no,"[6, 7]"
android-wa-keiken-ninzuu-ni-hairimasu-ka,アンドロイドは経験人数に入りますか??,7,[頒布]講談社　∥　コウダンシャ:4 | [頒布]講談社:3,[頒布]講談社　∥　コウダンシャ,"[頒布]講談社=[5, 6, 7]",no,"[5, 6, 7]"
ansatsu-skill-de-isekai-saikyou,暗殺スキルで異世界最強,7,スクウェア・エニックス　∥　スクウェア ・ エニックス:5 | スクウェア・エニックス:2,スクウェア・エニックス　∥　スクウェア ・ エニックス,"スクウェア・エニックス=[6, 7]",no,"[6, 7]"
aobara-antique-no-shoukoujo,青薔薇アンティークの小公女,7,KADOKAWA　∥　カドカワ:4 | KADOKAWA:3,KADOKAWA　∥　カドカワ,"KADOKAWA=[5, 6, 7]",no,"[5, 6, 7]"
aoharusou-e-youkoso,アオハル荘へようこそ,7,集英社　∥　シュウエイシャ:4 | 集英社:2,集英社　∥　シュウエイシャ,"集英社=[5, 7]",no,"[5, 7]"
arashi-no-destiny,嵐のデスティニィ,7,朝日新聞出版　∥　アサヒ シンブン シュッパン:2 | [発売]朝日新聞出版　∥　アサヒ シンブン シュッパン:1 | 朝日新聞出版　∥　アサヒシンブンシュッパン:1,朝日新聞出版　∥　アサヒ シンブン シュッパン,[発売]朝日新聞出版　∥　アサヒ シンブン シュッパン=[4];朝日新聞出版　∥　アサヒシンブンシュッパン=[7],yes,"[4, 7]"
argate-online,アルゲートオンライン,7,[発売]星雲社　∥　セイウンシャ:4 | [頒布]星雲社 (発売)　∥　セイウンシャ:3,[発売]星雲社　∥　セイウンシャ,"[頒布]星雲社 (発売)　∥　セイウンシャ=[5, 6, 7]",no,"[5, 6, 7]"
ashita-kubi-ni-narisou,明日クビになりそう,7,秋田書店　∥　アキタショテン:6 | 秋田書店:1,秋田書店　∥　アキタショテン,秋田書店=[7],no,[7]
ashita-no-kyouko-san,あしたの今日子さん,7,KADOKAWA　∥　カドカワ:5 | [発売]角川グループホールディングス　∥　カドカワ グループホールディングス:1 | [発売]角川グループパブリッシング　∥　カドカワ グループ パブリッシング:1,KADOKAWA　∥　カドカワ,[発売]角川グループホールディングス　∥　カドカワ グループホールディングス=[1];[発売]角川グループパブリッシング　∥　カドカワ グループ パブリッシング=[2],no,"[1, 2]"
ashita-no-teki-to-kyou-no-akushu-o,明日の敵と今日の握手を,7,秋田書店　∥　アキタショテン:4 | 秋田書店:3,秋田書店　∥　アキタショテン,"秋田書店=[5, 6, 7]",no,"[5, 6, 7]"
asoko-de-hataraku-musubu-san,あそこではたらくムスブさん,7,小学館　∥　ショウガクカン:6 | 小学館:1,小学館　∥　ショウガクカン,小学館=[7],no,[7]
asumi-chan-wa-rezu-fuuzoku-ni-kyoumi-ga-arimasu,彩純ちゃんはレズ風俗に興味があります!,7,[頒布]講談社　∥　コウダンシャ:5 | [頒布]講談社:2,[頒布]講談社　∥　コウダンシャ,"[頒布]講談社=[6, 7]",no,"[6, 7]"
ataerareta-skill-o-tsukatte-kaseide-isekai-bijo-tachi-to-ichaicha-shitai,与えられたスキルを使って稼いで異世界美女達とイチャイチャしたい,7,双葉社　∥　フタバシャ:4 | 双葉社:3,双葉社　∥　フタバシャ,"双葉社=[5, 6, 7]",no,"[5, 6, 7]"
azur-lane-queen-s-orders,アズールレーンqueen's orders,7,[頒布]講談社　∥　コウダンシャ:4 | [発売]講談社　∥　コウダンシャ:3,[頒布]講談社　∥　コウダンシャ,"[発売]講談社　∥　コウダンシャ=[1, 2, 3]",no,"[1, 2, 3]"
bakuchigui,バクチグイ,7,日本文芸社:4 | 日本文芸社　∥　ニホン ブンゲイシャ:3,日本文芸社,"日本文芸社　∥　ニホン ブンゲイシャ=[1, 2, 3]",no,"[1, 2, 3]"
bamboo-blade-c,BAMBOO BLADE C,7,スクウェア・エニックス　∥　スクウェア ・ エニックス:5 | スクウェア・エニックス　∥　スクウェア エニックス:2,スクウェア・エニックス　∥　スクウェア ・ エニックス,"スクウェア・エニックス　∥　スクウェア エニックス=[1, 2]",no,"[1, 2]"
berubara-kids,ベルばらKids,7,朝日新聞出版　∥　アサヒシンブンシュッパン:3 | 朝日新聞出版　∥　アサヒ シンブン シュッパン:2 | 朝日新聞社　∥　アサヒ シンブンシャ:1,朝日新聞出版　∥　アサヒシンブンシュッパン,"朝日新聞社　∥　アサヒ シンブンシャ=[2];朝日新聞出版　∥　アサヒ シンブン シュッパン=[3, 6]",no,"[2, 3, 6]"
bijo-to-kenja-to-mazin-no-ken,美女と賢者と魔人の剣,7,キルタイムコミュニケーション　∥　キルタイムコミュニケーション:5 | キルタイムコミュニケーション:1,キルタイムコミュニケーション　∥　キルタイムコミュニケーション,キルタイムコミュニケーション=[7],no,[7]
black-gakkou-ni-tsutometeshimatta-sensei,ブラック学校に勤めてしまった先生,7,日本文芸社　∥　ニホン ブンゲイシャ:6 | 日本文芸社:1,日本文芸社　∥　ニホン ブンゲイシャ,日本文芸社=[7],no,[7]
blade-bastard,ブレイド&バスタード,7,[頒布]星雲社:4 | [頒布]星雲社　∥　セイウンシャ:2 | [頒布]星雲社 (発売)　∥　セイウンシャ:1,[頒布]星雲社,"[頒布]星雲社 (発売)　∥　セイウンシャ=[1];[頒布]星雲社　∥　セイウンシャ=[2, 3]",no,"[1, 2, 3]"
bocchi-tenseiki,ぼっち転生記,7,竹書房　∥　タケ ショボウ:5 | 竹書房:2,竹書房　∥　タケ ショボウ,"竹書房=[6, 7]",no,"[6, 7]"
bokura-no-chikyuu-no-arukikata,僕らの地球の歩き方,7,マッグガーデン　∥　マッグ ガーデン:5 | マッグガーデン:1,マッグガーデン　∥　マッグ ガーデン,マッグガーデン=[7],no,[7]
bokura-no-suki-wa-warikirenai,僕らの好きはわりきれない,7,講談社　∥　コウダンシャ:4 | 講談社:3,講談社　∥　コウダンシャ,"講談社=[5, 6, 7]",no,"[5, 6, 7]"
border-kyoukaisen,Border境界線,7,[発売]廣済堂あかつき　∥　コウサイドウ アカツキ:3 | [発売]廣済堂出版　∥　コウサイドウシュッパン:3 | [発売]飛鳥新社　∥　アスカ シンシャ:1,[発売]廣済堂あかつき　∥　コウサイドウ アカツキ,"[発売]飛鳥新社　∥　アスカ シンシャ=[1];[発売]廣済堂出版　∥　コウサイドウシュッパン=[5, 6, 7]",no,"[1, 5, 6, 7]"
boruto-two-blue-vortex,BORUTO-ボルト--TWO BLUE VORTEX-,7,集英社:5 | 集英社　∥　シュウエイシャ:2,集英社,"集英社　∥　シュウエイシャ=[1, 2]",no,"[1, 2]"
bougyoryoku-zero-no-yome,防御力ゼロの嫁,7,[頒布]講談社　∥　コウダンシャ:4 | [発売]講談社　∥　コウダンシャ:3,[頒布]講談社　∥　コウダンシャ,"[発売]講談社　∥　コウダンシャ=[1, 2, 3]",no,"[1, 2, 3]"
branch-line,ブランチライン,7,祥伝社　∥　ショウデンシャ:6 | 祥伝社:1,祥伝社　∥　ショウデンシャ,祥伝社=[7],no,[7]
bubble-samurai,バブル・ザムライ,7,小学館:4 | 小学館　∥　ショウガクカン:2,小学館,"小学館　∥　ショウガクカン=[1, 2]",no,"[1, 2]"
camera-hajimetemo-ii-desuka,カメラ、はじめてもいいですか?,7,少年画報社　∥　ショウネンガホウシャ:6 | 少年画報社:1,少年画報社　∥　ショウネンガホウシャ,少年画報社=[7],no,[7]
candy-pop-nightmare,CANDY POP NIGHTMARE,7,スクウェア・エニックス　∥　スクウェア エニックス:4 | スクウェア・エニックス　∥　スクウェア ・ エニックス:3,スクウェア・エニックス　∥　スクウェア エニックス,"スクウェア・エニックス　∥　スクウェア ・ エニックス=[5, 6, 7]",no,"[5, 6, 7]"
chanto-suenai-kyuuketsuki-chan,ちゃんと吸えない吸血鬼ちゃん,7,KADOKAWA　∥　カドカワ:6 | KADOKAWA:1,KADOKAWA　∥　カドカワ,KADOKAWA=[9],no,[9]
chou-nankan-dungeon-de-10-mannen-shugyou-shita-kekka-sekai-saikyou-ni,超難関ダンジョンで10万年修行した結果、世界最強に,7,双葉社:4 | 双葉社　∥　フタバシャ:3,双葉社,"双葉社　∥　フタバシャ=[1, 2, 3]",no,"[1, 2, 3]"
choudokyuu-cheat-akuyaku-reijou-no-karei-naru-fukushuu-tan,超弩級チート悪役令嬢の華麗なる復讐譚,7,講談社　∥　コウダンシャ:5 | 講談社:2,講談社　∥　コウダンシャ,"講談社=[6, 8]",no,"[6, 8]"
chouetsusha-to-natta-otsu-san-wa-mai-peesu-ni-isekai-o-sansaku-suru,超越者となったおっさんはマイペースに異世界を散策する,7,[頒布]星雲社 (発売)　∥　セイウンシャ:3 | [発売]星雲社　∥　セイウンシャ:1 | [頒布]星雲社　∥　セイウンシャ:1 | [頒布]星雲社:1,[頒布]星雲社 (発売)　∥　セイウンシャ,[発売]星雲社　∥　セイウンシャ=[1];[頒布]星雲社　∥　セイウンシャ=[5];[頒布]星雲社=[7],no,"[1, 5, 7]"
choukyuu-mobile-butouden-g-gundam-bakunetsu-neo-honkon-stage-3,超級!機動武闘伝Gガンダム爆熱・ネオホンコン! STAGE 3,7,KADOKAWA　∥　カドカワ:6 | [発売]KADOKAWA　∥　カドカワ:1,KADOKAWA　∥　カドカワ,[発売]KADOKAWA　∥　カドカワ=[1],no,[1]
chuugoku-yome-nikki,中国嫁日記,7,KADOKAWA　∥　カドカワ:5 | [発売]角川グループパブリッシング　∥　カドカワ グループ パブリッシング:2,KADOKAWA　∥　カドカワ,"[発売]角川グループパブリッシング　∥　カドカワ グループ パブリッシング=[1, 2]",no,"[1, 2]"
cinderella-no-ane-desu-fuhoni-nagara-ouji-to-kekkon-suru-koto-ni-narimashita,シンデレラの姉ですが、不本意ながら王子と結婚することになりました,7,双葉社　∥　フタバシャ:4 | 双葉社:3,双葉社　∥　フタバシャ,"双葉社=[5, 6, 7]",no,"[5, 6, 7]"
citrus-encount,四姉妹エンカウント,7,[発売]角川グループパブリッシング　∥　カドカワ グループ パブリッシング:3 | KADOKAWA　∥　カドカワ:2 | [発売]角川グループパブリッシング　∥　カドカワグループパブリッシング:1 | [発売]角川グループホールディングス　∥　カドカワグループホールディングス:1,[発売]角川グループパブリッシング　∥　カドカワ グループ パブリッシング,"[発売]角川グループパブリッシング　∥　カドカワグループパブリッシング=[4];[発売]角川グループホールディングス　∥　カドカワグループホールディングス=[5];KADOKAWA　∥　カドカワ=[6, 7]",no,"[4, 5, 6, 7]"
class-de-2-banme-ni-kawaii-onnanoko-to-tomodachi-ni-natta,クラスで2番目に可愛い女の子と友だちになった,7,KADOKAWA　∥　カドカワ:4 | KADOKAWA:3,KADOKAWA　∥　カドカワ,"KADOKAWA=[5, 6, 7]",no,"[5, 6, 7]"
cologne-shikei-odo,ケルン市警オド,7,秋田書店　∥　アキタショテン:6 | 秋田書店:1,秋田書店　∥　アキタショテン,秋田書店=[7],no,[7]
cronos-shikkoku-no-shinwa,-クロノス-漆黒の神話,7,秋田書店　∥　アキタ ショテン:6 | 秋田書店　∥　アキタショテン:1,秋田書店　∥　アキタ ショテン,秋田書店　∥　アキタショテン=[7],no,[7]
cuprum-no-hanayome,クプルムの花嫁,7,KADOKAWA　∥　カドカワ:5 | KADOKAWA:1,KADOKAWA　∥　カドカワ,KADOKAWA=[7],no,[7]
daija-ni-totsuida-musume,大蛇に嫁いだ娘,7,KADOKAWA　∥　カドカワ:5 | KADOKAWA:2,KADOKAWA　∥　カドカワ,"KADOKAWA=[6, 7]",no,"[6, 7]"
daishizen-no-mahoushi-asht-sutareta-ryouchi-de-slow-life,大自然の魔法師アシュト、廃れた領地でスローライフ,7,[頒布]星雲社 (発売)　∥　セイウンシャ:3 | [頒布]星雲社:2 | [頒布]星雲社　∥　セイウンシャ:1,[頒布]星雲社 (発売)　∥　セイウンシャ,"[頒布]星雲社　∥　セイウンシャ=[4];[頒布]星雲社=[6, 7]",no,"[4, 6, 7]"
daisukidesu-mahou-tenshi-cosmos,大好きです!!魔法天使こすもす,7,[発売]角川グループパブリッシング　∥　カドカワ グループ パブリッシング:4 | [発売]角川グループパブリッシング　∥　カドカワグループパブリッシング:2 | [発売]角川グループホールディングス　∥　カドカワグループホールディングス:1,[発売]角川グループパブリッシング　∥　カドカワ グループ パブリッシング,"[発売]角川グループパブリッシング　∥　カドカワグループパブリッシング=[5, 6];[発売]角川グループホールディングス　∥　カドカワグループホールディングス=[7]",no,"[5, 6, 7]"
danjongurashi-no-motoyuusha,ダンジョン暮らしの元勇者,7,キルタイムコミュニケーション　∥　キルタイムコミュニケーション:6 | キルタイムコミュニケーション:1,キルタイムコミュニケーション　∥　キルタイムコミュニケーション,キルタイムコミュニケーション=[7],no,[7]
danna-sama-ga-asa-kara-ban-made-hanashi-tekurenai,旦那様が朝から晩まで放してくれない,7,[頒布]青泉社　∥　セイセンシャ:4 | [発売]青泉社　∥　セイセンシャ:2 | [頒布]青泉社:1,[頒布]青泉社　∥　セイセンシャ,"[発売]青泉社　∥　セイセンシャ=[1, 2];[頒布]青泉社=[7]",no,"[1, 2, 7]"
danzai-sareta-akuyaku-reijou-wa-gyakkou-shite-kanpeki-na-akujo-o-mezasu,断罪された悪役令嬢は、逆行して完璧な悪女を目指す,7,TOブックス　∥　ティーオーブックス:4 | TOブックス:2,TOブックス　∥　ティーオーブックス,"TOブックス=[6, 7]",no,"[6, 7]"
dappou-tamer-no-nariagari-bouken-tan,脱法テイマーの成り上がり冒険譚,7,マイクロマガジン社　∥　マイクロマガジンシャ:5 | マイクロマガジン社:2,マイクロマガジン社　∥　マイクロマガジンシャ,"マイクロマガジン社=[6, 7]",no,"[6, 7]"
darashinai-desu-hotta-sensei,だらしないです堀田先生!,7,双葉社　∥　フタバシャ:4 | 双葉社:3,双葉社　∥　フタバシャ,"双葉社=[7, 8, 9]",no,"[7, 8, 9]"
dark-hunter,ダークハンター,7,秋田書店　∥　アキタショテン:6 | 秋田書店　∥　アキタ ショテン:1,秋田書店　∥　アキタショテン,秋田書店　∥　アキタ ショテン=[1],no,[1]
dark-summoner-to-dekite-iru,ダークサモナーとデキている,7,KADOKAWA　∥　カドカワ:4 | KADOKAWA:3,KADOKAWA　∥　カドカワ,"KADOKAWA=[5, 6, 7]",no,"[5, 6, 7]"
deatte-hitotsuki-de-zecchou-jorei-attomaaku-comic,出会ってひと突きで絶頂除霊!@comic,7,小学館　∥　ショウガクカン:5 | 小学館:2,小学館　∥　ショウガクカン,"小学館=[6, 7]",no,"[6, 7]"
deisui-kanojo,泥酔彼女,7,スクウェア・エニックス　∥　スクウェア ・ エニックス:5 | スクウェア・エニックス:2,スクウェア・エニックス　∥　スクウェア ・ エニックス,"スクウェア・エニックス=[6, 7]",no,"[6, 7]"
dekiru-danjo-no-dekinai-koi,デキる男女のデキない恋,7,講談社　∥　コウダンシャ:5 | 講談社:2,講談社　∥　コウダンシャ,"講談社=[6, 7]",no,"[6, 7]"
dekoboko-majo-no-oyako-jijou,でこぼこ魔女の親子事情,7,フレックスコミックス　∥　フレックスコミックス:6 | フレックスコミックス:1,フレックスコミックス　∥　フレックスコミックス,フレックスコミックス=[7],no,[7]
demian-syndrome,デミアン症候群,7,徳間書店　∥　トクマ ショテン:3 | 徳間書店:1,徳間書店　∥　トクマ ショテン,徳間書店=[5],no,[5]
devils-line-2-gyakushuu,デビルズライン2〈逆襲〉,7,講談社　∥　コウダンシャ:4 | 講談社:3,講談社　∥　コウダンシャ,"講談社=[5, 6, 7]",no,"[5, 6, 7]"
diikyuu-boukensha-no-ore-naze-yuusha-party-ni-kanyuu-sareta-ageku-joou-ni-tsukimatowareteru,D級冒険者の俺、なぜか勇者パーティーに勧誘されたあげく、王女につきまとわれてる,7,オーバーラップ　∥　オーバーラップ:5 | オーバーラップ:2,オーバーラップ　∥　オーバーラップ,"オーバーラップ=[6, 7]",no,"[6, 7]"
do-inaka-no-hakugai-reijou-wa-outo-no-elite-kishi-ni-dekiai-dekiaisareru,ド田舎の迫害令嬢は王都のエリート騎士に溺愛される,7,[頒布]星雲社:3 | [頒布]星雲社　∥　セイウンシャ:2 | [頒布]星雲社 (発売)　∥　セイウンシャ:1,[頒布]星雲社,"[頒布]星雲社 (発売)　∥　セイウンシャ=[1];[頒布]星雲社　∥　セイウンシャ=[2, 3]",no,"[1, 2, 3]"
dochokkyuu-kareshi-x-kanojo,ド直球彼氏×彼女,7,秋田書店　∥　アキタショテン:4 | [発売]講談社　∥　コウダンシャ:3,秋田書店　∥　アキタショテン,"[発売]講談社　∥　コウダンシャ=[1, 2, 3]",no,"[1, 2, 3]"
dogsred,ドッグスレッド,7,集英社　∥　シュウエイシャ:3 | 集英社:3,集英社　∥　シュウエイシャ,"集英社=[5, 6, 7]",no,"[5, 6, 7]"
dokushin-kizoku-wa-isekai-o-ouka-suru,独身貴族は異世界を謳歌する,7,講談社　∥　コウダンシャ:4 | 講談社:2,講談社　∥　コウダンシャ,"講談社=[6, 7]",no,"[6, 7]"
dolls-furontorain-doll-no-uta,ドールズフロントライン人形之歌,7,[頒布]講談社　∥　コウダンシャ:5 | [発売]講談社　∥　コウダンシャ:2,[頒布]講談社　∥　コウダンシャ,"[発売]講談社　∥　コウダンシャ=[1, 2]",no,"[1, 2]"
dorei-sensei,奴隷先生,7,日本文芸社　∥　ニホン ブンゲイシャ:4 | 日本文芸社:2,日本文芸社　∥　ニホン ブンゲイシャ,"日本文芸社=[6, 7]",no,"[6, 7]"
double-play,だぶるぷれい,7,日本文芸社　∥　ニホン ブンゲイシャ:4 | 日本文芸社:2,日本文芸社　∥　ニホン ブンゲイシャ,"日本文芸社=[6, 7]",no,"[6, 7]"
drama-na-koi-wa-kihon-kara,ドラマな恋は基本から,7,講談社:5 | 講談社　∥　コウダンシャ:1,講談社,講談社　∥　コウダンシャ=[1],no,[1]
drifters,ドリフターズ,7,少年画報社　∥　ショウネンガホウシャ:4 | 少年画報社　∥　ショウネン ガホウシャ:3,少年画報社　∥　ショウネンガホウシャ,"少年画報社　∥　ショウネン ガホウシャ=[1, 2, 3]",no,"[1, 2, 3]"
dungeon-busters,ダンジョン・バスターズ,7,オーバーラップ　∥　オーバーラップ:5 | オーバーラップ:2,オーバーラップ　∥　オーバーラップ,"オーバーラップ=[6, 7]",no,"[6, 7]"
dungeon-no-osananajimi,ダンジョンの幼なじみ,7,KADOKAWA　∥　カドカワ:4 | KADOKAWA:2,KADOKAWA　∥　カドカワ,"KADOKAWA=[6, 7]",no,"[6, 7]"
e-tamer-wa-tsukaenai-tte-party-kara-tsuihousareta-shita-yone,え、テイマーは使えないってパーティから追放したよね?,7,講談社　∥　コウダンシャ:4 | 講談社:3,講談社　∥　コウダンシャ,"講談社=[5, 6, 7]",no,"[5, 6, 7]"
eiyuu-densetsu-sora-no-kiseki-esushii,英雄伝説空の軌跡SC,7,KADOKAWA　∥　カドカワ:3 | [発売]メディアパル　∥　メディアパル:2 | [頒布]メディアパル (発売)　∥　メディアパル:1 | [頒布]メディアパル:1,KADOKAWA　∥　カドカワ,"[発売]メディアパル　∥　メディアパル=[4, 5];[頒布]メディアパル (発売)　∥　メディアパル=[6];[頒布]メディアパル=[7]",no,"[4, 5, 6, 7]"
eiyuu-to-kenja-no-tenseikon,英雄と賢者の転生婚,7,スクウェア・エニックス:4 | スクウェア・エニックス　∥　スクウェア ・ エニックス:3,スクウェア・エニックス,"スクウェア・エニックス　∥　スクウェア ・ エニックス=[1, 2, 3]",no,"[1, 2, 3]"
engine-andaawaarudo,炎人UNDERWORLD,7,秋田書店　∥　アキタショテン:4 | 秋田書店　∥　アキタ ショテン:3,秋田書店　∥　アキタショテン,"秋田書店　∥　アキタ ショテン=[1, 2, 3]",no,"[1, 2, 3]"
enoku-dainibutai-no-harapeko-ensei-gohan,エノク第二部隊のはらぺこ遠征ごはん,7,主婦と生活社　∥　シュフトセイカツシャ:6 | 主婦と生活社:1,主婦と生活社　∥　シュフトセイカツシャ,主婦と生活社=[7],no,[7]
eroge-no-sekai-de-surooraifu,エロゲの世界でスローライフ,7,集英社:4 | 集英社　∥　シュウエイシャ:3,集英社,"集英社　∥　シュウエイシャ=[1, 2, 3]",no,"[1, 2, 3]"
esu-rank-party-o-munou-da-to-tsuihousareta-saretakedo-kantei-to-chiyu-mahou-de-nariagari-musou,Sランクパーティーを無能だと追放されたけど、〈鑑定〉と〈治癒魔法〉で成り上がり無双,7,スターツ出版　∥　スターツシュッパン:5 | スターツ出版:1,スターツ出版　∥　スターツシュッパン,スターツ出版=[7],no,[7]
esukyuu-guild-o-tsuihousareta-sareta-kedo-jitsu-wa-ore-dake-dragon-no-kotoba-ga-wakaru-no-de,S級ギルドを追放されたけど、実は俺だけドラゴンの言葉がわかるので、気付いたときには竜騎士の頂点を極めてました。,7,KADOKAWA　∥　カドカワ:4 | KADOKAWA:2,KADOKAWA　∥　カドカワ,"KADOKAWA=[6, 7]",no,"[6, 7]"
fairway-no-koe-o-kikasete,フェアウェイの声をきかせて,7,秋田書店　∥　アキタショテン:3 | 秋田書店:3,秋田書店　∥　アキタショテン,"秋田書店=[5, 6, 7]",no,"[5, 6, 7]"
fate-grand-order-epikku-obu-remunanto-ashu-tokuiten-4-kinki-kourin-teien-seiremu-itannaru-seiremu,Fate/grand order-epic of remnant-亜種特異点Ⅳ禁忌降臨庭園セイレム異端なるセイレム,7,[頒布]講談社　∥　コウダンシャ:5 | [発売]講談社　∥　コウダンシャ:2,[頒布]講談社　∥　コウダンシャ,"[発売]講談社　∥　コウダンシャ=[1, 2]",no,"[1, 2]"
fuchin-senkan-kii,不沈戦艦紀伊,7,学習研究社　∥　ガクシュウ ケンキュウシャ:2 | ゴマブックス　∥　ゴマ ブックス:1,学習研究社　∥　ガクシュウ ケンキュウシャ,ゴマブックス　∥　ゴマ ブックス=[2],yes,[2]
fuguu-skill-no-renkinjutsushi-henkyou-o-kaitaku-suru,不遇スキルの錬金術師、辺境を開拓する,7,[頒布]星雲社 (発売)　∥　セイウンシャ:2 | [頒布]星雲社　∥　セイウンシャ:2 | [頒布]星雲社:2,[頒布]星雲社 (発売)　∥　セイウンシャ,"[頒布]星雲社　∥　セイウンシャ=[3, 4];[頒布]星雲社=[6, 7]",no,"[3, 4, 6, 7]"
fujoshi-ssu,腐女子っス!,7,[発売]角川グループパブリッシング　∥　カドカワ グループ パブリッシング:4 | KADOKAWA　∥　カドカワ:2 | [発売]角川グループパブリッシング　∥　カドカワグループパブリッシング:1,[発売]角川グループパブリッシング　∥　カドカワ グループ パブリッシング,"[発売]角川グループパブリッシング　∥　カドカワグループパブリッシング=[5];KADOKAWA　∥　カドカワ=[6, 7]",yes,"[5, 6, 7]"
ga-geijutsuka-art-dezain-class,GA芸術科アートデザインクラス,7,芳文社　∥　ホウブンシャ:5 | 芳文社:1,芳文社　∥　ホウブンシャ,芳文社=[3],no,[3]
gamer-ga-youkai-taiji-yattemita,ゲーマーが妖怪退治やってみた!,7,小学館　∥　ショウガクカン:3 | 小学館:3,小学館　∥　ショウガクカン,"小学館=[5, 6, 7]",no,"[5, 6, 7]"
ganbare-nekoyama-sensei,がんばれ!猫山先生,7,日本医事新報社　∥　ニホンイジシンポウシャ:5 | 日本医事新報社　∥　ニホン イジ シンポウシャ:2,日本医事新報社　∥　ニホンイジシンポウシャ,"日本医事新報社　∥　ニホン イジ シンポウシャ=[1, 2]",no,"[1, 2]"
garden-sisters,がーでん姉妹,7,竹書房　∥　タケ ショボウ:4 | 竹書房　∥　タケショボウ:3,竹書房　∥　タケ ショボウ,"竹書房　∥　タケショボウ=[1, 6, 7]",no,"[1, 6, 7]"
gaten-nouka-to-asa-made-zetsurin-h,ガテン農家と朝まで絶倫H,7,[発売]大都社　∥　ダイトシャ:4 | 大都社　∥　ダイトシャ:2 | 大都社:1,[発売]大都社　∥　ダイトシャ,"大都社　∥　ダイトシャ=[5, 6];大都社=[7]",no,"[5, 6, 7]"
gekikou-kamen,劇光仮面,7,小学館　∥　ショウガクカン:5 | 小学館:1,小学館　∥　ショウガクカン,小学館=[7],no,[7]
gendai-dungeon-life-no-tsuzuki-wa-isekai-open-world-de,現代ダンジョンライフの続きは異世界オープンワールドで!,7,オーバーラップ　∥　オーバーラップ:4 | オーバーラップ:3,オーバーラップ　∥　オーバーラップ,"オーバーラップ=[5, 6, 7]",no,"[5, 6, 7]"
genkai-oshikatsu-densetsu-yoshio,限界!推し活伝説YOSHIO,7,小学館:5 | 小学館　∥　ショウガクカン:2,小学館,"小学館　∥　ショウガクカン=[1, 2]",no,"[1, 2]"
getsuyoubi-wa-2-gen-kara,月曜日は2限から,7,小学館　∥　ショウガクカン:6 | 小学館:1,小学館　∥　ショウガクカン,小学館=[5],no,[5]
ghost-fixers,ゴーストフィクサーズ,7,集英社:5 | 集英社　∥　シュウエイシャ:1,集英社,集英社　∥　シュウエイシャ=[1],no,[1]
gitaijin-ee,擬態人A,7,秋田書店　∥　アキタショテン:6 | 秋田書店:1,秋田書店　∥　アキタショテン,秋田書店=[7],no,[7]
golden-egg,ゴールデンエッグ,7,集英社:4 | 集英社　∥　シュウエイシャ:3,集英社,"集英社　∥　シュウエイシャ=[1, 2, 3]",no,"[1, 2, 3]"
goumon-baito-kun-no-nichijou,拷問バイトくんの日常,7,白泉社　∥　ハクセンシャ:4 | 白泉社:3,白泉社　∥　ハクセンシャ,"白泉社=[5, 6, 7]",no,"[5, 6, 7]"
guild-no-uketsukejou-desu-zangyou-wa-iya-nanode-bosu-o-soro-toubatsu-shiyou-to-omoimasu,ギルドの受付嬢ですが、残業は嫌なのでボスをソロ討伐しようと思います,7,KADOKAWA　∥　カドカワ:4 | KADOKAWA:2,KADOKAWA　∥　カドカワ,"KADOKAWA=[6, 7]",no,"[6, 7]"
guild-tsuihousareta-sareta-zatsuyougakari-no-gekokujou,ギルド追放された雑用係の下剋上,7,集英社　∥　シュウエイシャ:4 | 集英社:2,集英社　∥　シュウエイシャ,"集英社=[6, 7]",no,"[6, 7]"
gunjou-no-karte,群青のカルテ,7,小学館:5 | 小学館　∥　ショウガクカン:2,小学館,"小学館　∥　ショウガクカン=[1, 2]",no,"[1, 2]"
hakaiougaogaigaa-tai-betaamanthe-comic,覇界王-ガオガイガー対ベターマン-the comic,7,ホビージャパン　∥　ホビー ジャパン:6 | ホビージャパン:1,ホビージャパン　∥　ホビー ジャパン,ホビージャパン=[7],no,[7]
hakushaku-reijou-wa-yandere-danna-sama-to-ateuma-shinario-o-kaihi-suru,伯爵令嬢はヤンデレ旦那様と当て馬シナリオを回避する!!,7,講談社　∥　コウダンシャ:3 | 講談社:3,講談社　∥　コウダンシャ,"講談社=[5, 6, 7]",no,"[5, 6, 7]"
hallelujah-baby,ハレルヤベイビー,7,集英社　∥　シュウエイシャ:5 | 集英社:1,集英社　∥　シュウエイシャ,集英社=[8],no,[8]
hanakanmuri-no-ryuu-no-kuni-2nd,花冠の竜の国2nd,7,秋田書店　∥　アキタショテン:6 | 秋田書店　∥　アキタ ショテン:1,秋田書店　∥　アキタショテン,秋田書店　∥　アキタ ショテン=[1],no,[1]
hanauta-memowaaru,花唄メモワール,7,芳文社　∥　ホウブンシャ:4 | 芳文社:3,芳文社　∥　ホウブンシャ,"芳文社=[5, 6, 7]",no,"[5, 6, 7]"
handa-kun,はんだくん,7,スクウェア・エニックス　∥　スクウェア ・ エニックス:5 | スクウェア・エニックス　∥　スクウェア エニックス:2,スクウェア・エニックス　∥　スクウェア ・ エニックス,"スクウェア・エニックス　∥　スクウェア エニックス=[1, 2]",no,"[1, 2]"
hanninmae-no-koibito,半人前の恋人,7,集英社　∥　シュウエイシャ:3 | 集英社:3,集英社　∥　シュウエイシャ,"集英社=[5, 6, 7]",no,"[5, 6, 7]"
happy-kuso-life,ハッピークソライフ,7,竹書房　∥　タケ ショボウ:5 | 竹書房:1,竹書房　∥　タケ ショボウ,竹書房=[7],no,[7]
happyakuya,八百夜,7,新書館　∥　シンショカン:5 | 新書館:2,新書館　∥　シンショカン,"新書館=[6, 7]",no,"[6, 7]"
harem-camp,ハーレムきゃんぷっ!,7,[頒布]星雲社:4 | [頒布]星雲社　∥　セイウンシャ:3,[頒布]星雲社,"[頒布]星雲社　∥　セイウンシャ=[2, 3, 4]",no,"[2, 3, 4]"
haruka-naru-toki-no-naka-de-6,遙かなる時空の中で6,7,講談社　∥　コウダンシャ:6 | 講談社:1,講談社　∥　コウダンシャ,講談社=[6],no,[6]
hasegawa-kunnoga-ookiku-te-iri-masen,長谷川くんのが大きくて入りません!?,7,[発売]大都社　∥　ダイトシャ:5 | 大都社　∥　ダイトシャ:2,[発売]大都社　∥　ダイトシャ,"大都社　∥　ダイトシャ=[6, 7]",no,"[6, 7]"
hatachi-to-seijuu,二十と成獣,7,講談社　∥　コウダンシャ:4 | 講談社:2,講談社　∥　コウダンシャ,"講談社=[6, 7]",no,"[6, 7]"
hatchipotchi-punch,はっちぽっちぱんち,7,講談社:4 | 講談社　∥　コウダンシャ:2,講談社,"講談社　∥　コウダンシャ=[1, 2]",no,"[1, 2]"
heisei-haizanhei-sumire-chan,平成敗残兵すみれちゃん,7,講談社:5 | 講談社　∥　コウダンシャ:2,講談社,"講談社　∥　コウダンシャ=[1, 2]",no,"[1, 2]"
hellhound,ヘルハウンド,7,講談社　∥　コウダンシャ:4 | 講談社:2,講談社　∥　コウダンシャ,"講談社=[6, 7]",no,"[6, 7]"
hi-no-kami-sama-no-soujinin-desu-itsunomanika-hanayome-to-shite-dekiai-sarete-imasu,火の神さまの掃除人ですが、いつの間にか花嫁として溺愛されています,7,小学館　∥　ショウガクカン:3 | 小学館:3,小学館　∥　ショウガクカン,"小学館=[5, 6, 7]",no,"[5, 6, 7]"
hi-score-girl-dash,ハイスコアガールdash,7,スクウェア・エニックス　∥　スクウェア ・ エニックス:5 | スクウェア・エニックス:2,スクウェア・エニックス　∥　スクウェア ・ エニックス,"スクウェア・エニックス=[6, 7]",no,"[6, 7]"
higashi-chiseki-san-no-meikuappu-doll,東千石さんのメイクアップドール,7,講談社　∥　コウダンシャ:4 | 講談社:2,講談社　∥　コウダンシャ,"講談社=[6, 7]",no,"[6, 7]"
hiiragi-shougakkou-love-club,柊小学校恋愛くらぶ,7,双葉社:5 | 双葉社　∥　フタバシャ:2,双葉社,"双葉社　∥　フタバシャ=[6, 7]",no,"[6, 7]"
hijiri-kun-wa-kiyoku-ikitai,聖くんは清く生きたい,7,講談社　∥　コウダンシャ:5 | 講談社:1,講談社　∥　コウダンシャ,講談社=[7],no,[7]
himegasaki-sakurako-wa-kyou-mo-fubin-kawaii,姫ヶ崎櫻子は今日も不憫可愛い,7,KADOKAWA　∥　カドカワ:5 | KADOKAWA:2,KADOKAWA　∥　カドカワ,"KADOKAWA=[6, 7]",no,"[6, 7]"
himegoto-wa-hanazono,ひめごとははなぞの,7,[発売]角川グループパブリッシング　∥　カドカワ グループ パブリッシング:5 | [発売]角川グループパブリッシング　∥　カドカワグループパブリッシング:2,[発売]角川グループパブリッシング　∥　カドカワ グループ パブリッシング,"[発売]角川グループパブリッシング　∥　カドカワグループパブリッシング=[6, 7]",yes,"[6, 7]"
hinemosu-notari-nikki,ひねもすのたり日記,7,小学館　∥　ショウガクカン:6 | 小学館:1,小学館　∥　ショウガクカン,小学館=[7],no,[7]
hiraheishi-wa-kako-o-yumemiru,平兵士は過去を夢見る,7,[発売]星雲社　∥　セイウンシャ:5 | [頒布]星雲社 (発売)　∥　セイウンシャ:2,[発売]星雲社　∥　セイウンシャ,"[頒布]星雲社 (発売)　∥　セイウンシャ=[6, 7]",no,"[6, 7]"
hirano-to-kagiura,平野と鍵浦,7,KADOKAWA　∥　カドカワ:4 | KADOKAWA:3,KADOKAWA　∥　カドカワ,"KADOKAWA=[5, 6, 7]",no,"[5, 6, 7]"
hits,ヒッツ,7,[頒布]小学館クリエイティブ (発売)　∥　ショウガクカンクリエイティブ:6 | [頒布]小学館クリエイティブ　∥　ショウガクカンクリエイティブ:1,[頒布]小学館クリエイティブ (発売)　∥　ショウガクカンクリエイティブ,[頒布]小学館クリエイティブ　∥　ショウガクカンクリエイティブ=[7],no,[7]
hokkaido-no-geneki-hunter-ga-isekai-ni-hourikomaretemita,北海道の現役ハンターが異世界に放り込まれてみた,7,マッグガーデン　∥　マッグ ガーデン:5 | マッグガーデン:2,マッグガーデン　∥　マッグ ガーデン,"マッグガーデン=[6, 7]",no,"[6, 7]"
hokuto-no-ken-seikimatsu-drama-satsueiden,北斗の拳世紀末ドラマ撮影伝,7,コアミックス　∥　コアミックス:5 | コアミックス:2,コアミックス　∥　コアミックス,"コアミックス=[7, 8]",no,"[7, 8]"
honnouji-kara-hajimeru-nobunaga-tono-tenka-touitsu,本能寺から始める信長との天下統一,7,KADOKAWA　∥　カドカワ:5 | KADOKAWA:2,KADOKAWA　∥　カドカワ,"KADOKAWA=[6, 7]",no,"[6, 7]"
hoshi-no-kirby-kyou-mo-manmaru-nikki,星のカービィ今日もまんまる日記!,7,小学館　∥　ショウガクカン:6 | 小学館:1,小学館　∥　ショウガクカン,小学館=[7],no,[7]
houkago-wa-kissaten-de,放課後は喫茶店で,7,[発売]講談社　∥　コウダンシャ:5 | [頒布]講談社 (発売)　∥　コウダンシャ:2,[発売]講談社　∥　コウダンシャ,"[頒布]講談社 (発売)　∥　コウダンシャ=[6, 7]",no,"[6, 7]"
housekishou-no-maid,宝石商のメイド,7,KADOKAWA　∥　カドカワ:5 | KADOKAWA:2,KADOKAWA　∥　カドカワ,"KADOKAWA=[6, 7]",no,"[6, 7]"
hyakko,ヒャッコ,7,[発売]ソフトバンククリエイティブ　∥　ソフトバンク クリエイティブ:6 | [発売]ほるぷ出版　∥　ホルプシュッパン:1,[発売]ソフトバンククリエイティブ　∥　ソフトバンク クリエイティブ,[発売]ほるぷ出版　∥　ホルプシュッパン=[7],no,[7]
ichioku-hensai-nikki,壱億返済日記,7,マイクロマガジン社　∥　マイクロマガジンシャ:6 | マイクロマガジン社　∥　マイクロ マガジンシャ:1,マイクロマガジン社　∥　マイクロマガジンシャ,マイクロマガジン社　∥　マイクロ マガジンシャ=[1],no,[1]
ie-de-munou-to-iware-tsuzuketa-ore-desu-sekaiteki-niwa-chou-yuunou-datta-you-desu,家で無能と言われ続けた俺ですが、世界的には超有能だったようです,7,スクウェア・エニックス　∥　スクウェア ・ エニックス:4 | スクウェア・エニックス:2,スクウェア・エニックス　∥　スクウェア ・ エニックス,"スクウェア・エニックス=[6, 7]",no,"[6, 7]"
ii-kara-damatte-kiss-o-shite,いいから黙ってキスをして,7,小学館:4 | 小学館　∥　ショウガクカン:2,小学館,"小学館　∥　ショウガクカン=[1, 2]",no,"[1, 2]"
iincho,いいんちょ。,7,ワニブックス　∥　ワニ ブックス:4 | ワニブックス　∥　ワニブックス:3,ワニブックス　∥　ワニ ブックス,"ワニブックス　∥　ワニブックス=[5, 6, 7]",no,"[5, 6, 7]"
ikiiki-gonbo-zetto,いきいきごんぼZ,7,秋田書店　∥　アキタショテン:6 | 秋田書店　∥　アキタ ショテン:1,秋田書店　∥　アキタショテン,秋田書店　∥　アキタ ショテン=[1],no,[1]
ikinokotta-6-nin-ni-yoruto,生き残った6人によると,7,KADOKAWA　∥　カドカワ:6 | KADOKAWA:1,KADOKAWA　∥　カドカワ,KADOKAWA=[7],no,[7]
imokusa-reijou-desu-akuyaku-reisoku-o-tasuketara-kiniiraremashita,芋くさ令嬢ですが悪役令息を助けたら気に入られました,7,オーバーラップ　∥　オーバーラップ:5 | オーバーラップ:1,オーバーラップ　∥　オーバーラップ,オーバーラップ=[7],no,[7]
isekai-cheat-kaitakuki,異世界チート開拓記,7,双葉社　∥　フタバシャ:5 | 双葉社:2,双葉社　∥　フタバシャ,"双葉社=[6, 7]",no,"[6, 7]"
isekai-de-cheat-nouryoku-skill-o-te-ni-shita-ore-wa-genjitsu-sekai-womo-musou-suru,異世界でチート能力(スキル)を手にした俺は、現実世界をも無双する,7,KADOKAWA　∥　カドカワ:6 | KADOKAWA:1,KADOKAWA　∥　カドカワ,KADOKAWA=[7],no,[7]
isekai-demo-bunanni-ikitai-shoukougun,異世界でも無難に生きたい症候群,7,マッグガーデン　∥　マッグ ガーデン:6 | マッグガーデン:1,マッグガーデン　∥　マッグ ガーデン,マッグガーデン=[7],no,[7]
isekai-koushoku-musouroku,異世界好色無双録,7,講談社:4 | 講談社　∥　コウダンシャ:3,講談社,"講談社　∥　コウダンシャ=[1, 2, 3]",no,"[1, 2, 3]"
isekai-no-binbou-nouka-ni-tensei-shita-node-renga-o-tsukutte-shiro-o-tateru-koto-ni-shimashita,異世界の貧乏農家に転生したので、レンガを作って城を建てることにしました,7,TOブックス　∥　ティーオーブックス:5 | TOブックス:2,TOブックス　∥　ティーオーブックス,"TOブックス=[6, 7]",no,"[6, 7]"
isekai-no-sata-wa-shachiku-shidai,異世界の沙汰は社畜次第,7,KADOKAWA　∥　カドカワ:5 | KADOKAWA:1,KADOKAWA　∥　カドカワ,KADOKAWA=[7],no,[7]
isekai-no-suit-to-shite-kuni-ni-manekareta-kedo-kotowatte-heishi-kara-hajimeru-koto-ni-shita,異世界の戦士として国に招かれたけど、断って兵士から始める事にした,7,Amazia　∥　アメイジア:6 | 一二三書房　∥　ヒフミショボウ:1,Amazia　∥　アメイジア,一二三書房　∥　ヒフミショボウ=[1],no,[1]
isekai-nonbiri-nouka-no-nichijou,異世界のんびり農家の日常,7,KADOKAWA　∥　カドカワ:3 | KADOKAWA:3,KADOKAWA　∥　カドカワ,"KADOKAWA=[5, 6, 7]",no,"[5, 6, 7]"
isekai-samurai,異世界サムライ,7,KADOKAWA:4 | KADOKAWA　∥　カドカワ:3,KADOKAWA,"KADOKAWA　∥　カドカワ=[1, 2, 3]",no,"[1, 2, 3]"
isshuukan-friends,一週間フレンズ。,7,スクウェア・エニックス　∥　スクウェア エニックス:6 | スクウェア・エニックス　∥　スクウェア ・ エニックス:1,スクウェア・エニックス　∥　スクウェア エニックス,スクウェア・エニックス　∥　スクウェア ・ エニックス=[7],no,[7]
itoshi-no-kunitama,愛しの国玉,7,KADOKAWA　∥　カドカワ:6 | KADOKAWA:1,KADOKAWA　∥　カドカワ,KADOKAWA=[7],no,[7]
itsu-demo-jitaku-ni-kaereru-ore-wa-isekai-de-gyoushounin-o-hajimemashita,いつでも自宅に帰れる俺は、異世界で行商人をはじめました,7,ホビージャパン　∥　ホビー ジャパン:5 | ホビージャパン:2,ホビージャパン　∥　ホビー ジャパン,"ホビージャパン=[6, 7]",no,"[6, 7]"
j-m,J⇔Mジェイエム,7,KADOKAWA:4 | KADOKAWA　∥　カドカワ:3,KADOKAWA,"KADOKAWA　∥　カドカワ=[1, 2, 3]",no,"[1, 2, 3]"
jaryuu-tensei,邪竜転生,7,[発売]星雲社　∥　セイウンシャ:4 | [頒布]星雲社 (発売)　∥　セイウンシャ:3,[発売]星雲社　∥　セイウンシャ,"[頒布]星雲社 (発売)　∥　セイウンシャ=[5, 6, 7]",no,"[5, 6, 7]"
jirai-nandesu-ka-chihara-san,地雷なんですか?地原さん,7,[頒布]講談社 (発売)　∥　コウダンシャ:3 | [頒布]講談社　∥　コウダンシャ:2 | [頒布]講談社:2,[頒布]講談社 (発売)　∥　コウダンシャ,"[頒布]講談社　∥　コウダンシャ=[4, 5];[頒布]講談社=[6, 7]",no,"[4, 5, 6, 7]"
jofuu,じょふう,7,白泉社　∥　ハクセンシャ:5 | 白泉社:2,白泉社　∥　ハクセンシャ,"白泉社=[6, 7]",no,"[6, 7]"
junkyouju-takatsuki-akira-no-suisatsu,准教授・高槻彰良の推察,7,KADOKAWA　∥　カドカワ:6 | KADOKAWA:1,KADOKAWA　∥　カドカワ,KADOKAWA=[7],no,[7]
kaasa-no-nekomura-san,カーサの猫村さん,7,マガジンハウス　∥　マガジンハウス:5 | マガジンハウス　∥　マガジン ハウス:2,マガジンハウス　∥　マガジンハウス,"マガジンハウス　∥　マガジン ハウス=[1, 2]",no,"[1, 2]"
kago-nashi-reijou-no-chiisa-na-mura,加護なし令嬢の小さな村,7,KADOKAWA　∥　カドカワ:5 | KADOKAWA:1,KADOKAWA　∥　カドカワ,KADOKAWA=[7],no,[7]
kagurabachi,カグラバチ,7,集英社:4 | 集英社　∥　シュウエイシャ:3,集英社,"集英社　∥　シュウエイシャ=[1, 2, 3]",no,"[1, 2, 3]"
kaiji-to-okan,海自とおかん,7,講談社　∥　コウダンシャ:4 | 講談社:3,講談社　∥　コウダンシャ,"講談社=[5, 6, 7]",no,"[5, 6, 7]"
kaijin-fugeki,灰仭巫覡,7,講談社:5 | 講談社　∥　コウダンシャ:1,講談社,講談社　∥　コウダンシャ=[1],no,[1]
kamiina-bo-tan-yoeru-sugata-wa-yuri-no-hana,上伊那ぼたん、酔へる姿は百合の花,7,秋田書店　∥　アキタショテン:4 | 秋田書店:3,秋田書店　∥　アキタショテン,"秋田書店=[5, 6, 7]",no,"[5, 6, 7]"
kamikakushi-no-rakuen,神隠しの楽園,7,KADOKAWA:4 | KADOKAWA　∥　カドカワ:3,KADOKAWA,"KADOKAWA　∥　カドカワ=[1, 2, 3]",no,"[1, 2, 3]"
kamisakka-murasakishikibu-no-arienai-hibi,神作家・紫式部のありえない日々,7,[頒布]講談社　∥　コウダンシャ:4 | [頒布]講談社:3,[頒布]講談社　∥　コウダンシャ,"[頒布]講談社=[5, 6, 7]",no,"[5, 6, 7]"
kaniteki-pervert-romance,簡易的パーバートロマンス,7,[発売]集英社　∥　シュウエイシャ:3 | [頒布]集英社 (発売)　∥　シュウエイシャ:3 | [頒布]集英社:1,[発売]集英社　∥　シュウエイシャ,"[頒布]集英社 (発売)　∥　シュウエイシャ=[4, 5, 6];[頒布]集英社=[7]",no,"[4, 5, 6, 7]"
kankin-ou,監禁王,7,KADOKAWA　∥　カドカワ:4 | KADOKAWA:2,KADOKAWA　∥　カドカワ,"KADOKAWA=[6, 7]",no,"[6, 7]"
kaseifusantsu,家政婦さんっ!,7,KADOKAWA　∥　カドカワ:6 | [発売]KADOKAWA　∥　カドカワ:1,KADOKAWA　∥　カドカワ,[発売]KADOKAWA　∥　カドカワ=[1],no,[1]
kazoku-ni-yakutatazu-to-iwaretsuzuketa-watashi-ga-mashou-no-koushaku-kishi-sama-no-saiai-ni-naru,家族に役立たずと言われ続けたわたしが、魔性の公爵騎士様の最愛になるまで,7,双葉社　∥　フタバシャ:4 | 双葉社:3,双葉社　∥　フタバシャ,"双葉社=[5, 6, 7]",no,"[5, 6, 7]"
keikenchi-chochiku-de-nonbiri-shoushin-ryokou-yuushatokoibitonitsuihousaretasenshinomu,経験値貯蓄でのんびり傷心旅行,7,KADOKAWA　∥　カドカワ:5 | KADOKAWA:2,KADOKAWA　∥　カドカワ,"KADOKAWA=[6, 7]",no,"[6, 7]"
kekkaishi-no-ichirinka,結界師の一輪華,7,KADOKAWA　∥　カドカワ:4 | KADOKAWA:3,KADOKAWA　∥　カドカワ,"KADOKAWA=[5, 6, 7]",no,"[5, 6, 7]"
kemutai-hanashi,煙たい話,7,光文社　∥　コウブンシャ:4 | 光文社:2,光文社　∥　コウブンシャ,"光文社=[6, 7]",no,"[6, 7]"
kenka-bakari-datta-konyakusha-ga-ikinari-dekiai-shitekimasu,喧嘩ばかりだった婚約者がいきなり溺愛してきます,7,[頒布]青泉社:4 | [頒布]青泉社　∥　セイセンシャ:3,[頒布]青泉社,"[頒布]青泉社　∥　セイセンシャ=[1, 2, 3]",no,"[1, 2, 3]"
kensei-no-osananajimi-ga-pawahara-de-ore-ni-tsuraku-ataru-node-zetsuen-shite-henkyou-de-makenshi-to,剣聖の幼馴染がパワハラで俺につらく当たるので、絶縁して辺境で魔剣士として出直すことにした。,7,双葉社　∥　フタバシャ:5 | 双葉社:2,双葉社　∥　フタバシャ,"双葉社=[6, 7]",no,"[6, 7]"
kiba-no-tabishounin,牙の旅商人,7,スクウェア・エニックス　∥　スクウェア エニックス:6 | スクウェア・エニックス　∥　スクウェア ・ エニックス:1,スクウェア・エニックス　∥　スクウェア エニックス,スクウェア・エニックス　∥　スクウェア ・ エニックス=[7],no,[7]
kimi-o-wasureru-koi-ga-shitai,君を忘れる恋がしたい,7,集英社:4 | 集英社　∥　シュウエイシャ:2,集英社,"集英社　∥　シュウエイシャ=[1, 2]",no,"[1, 2]"
kimi-tonara-koi-o-shitemitemo,君となら恋をしてみても,7,白泉社　∥　ハクセンシャ:5 | 白泉社:2,白泉社　∥　ハクセンシャ,"白泉社=[6, 7]",no,"[6, 7]"
kimono-chan-to-lolita-chan,着物ちゃんとロリータちゃん,7,まんだらけラザ編集部　∥　マンダラケラザヘンシュウブ:6 | まんだらけラザ編集部:1,まんだらけラザ編集部　∥　マンダラケラザヘンシュウブ,まんだらけラザ編集部=[7],no,[7]
kiraide-isasete,嫌いでいさせて,7,リブレ　∥　リブレ:6 | リブレ:1,リブレ　∥　リブレ,リブレ=[7],no,[7]
kiyou-binbou-shiro-o-tateru,器用貧乏、城を建てる,7,マッグガーデン　∥　マッグ ガーデン:4 | マッグガーデン:3,マッグガーデン　∥　マッグ ガーデン,"マッグガーデン=[5, 6, 7]",no,"[5, 6, 7]"
knitter-s-high,ニッターズハイ!,7,KADOKAWA　∥　カドカワ:4 | KADOKAWA:2,KADOKAWA　∥　カドカワ,"KADOKAWA=[6, 7]",no,"[6, 7]"
koibumi-to-13-sai-no-joyuu,恋文と13歳の女優,7,芳文社　∥　ホウブンシャ:4 | 芳文社:3,芳文社　∥　ホウブンシャ,"芳文社=[5, 6, 7]",no,"[5, 6, 7]"
kokan-musou-kiraware-yuusha-wa-mazoku-ni-aisareru,股間無双～嫌われ勇者は魔族に愛される～,7,講談社　∥　コウダンシャ:5 | 講談社:2,講談社　∥　コウダンシャ,"講談社=[6, 7]",no,"[6, 7]"
kokurouou-to-shirogane-no-niehime,黒狼王と白銀の贄姫,7,KADOKAWA　∥　カドカワ:3 | KADOKAWA:3,KADOKAWA　∥　カドカワ,"KADOKAWA=[5, 6, 7]",no,"[5, 6, 7]"
komiyama-ga-kirai-da,小宮山がキライだ,7,集英社　∥　シュウエイシャ:5 | 集英社:1,集英社　∥　シュウエイシャ,集英社=[7],no,[7]
konno-chinatsu-no-fujou-na-nichijou,近野智夏の腐じょうな日常,7,少年画報社　∥　ショウネンガホウシャ:4 | 少年画報社:3,少年画報社　∥　ショウネンガホウシャ,"少年画報社=[5, 7, 8]",no,"[5, 7, 8]"
konoko-shirimasenka,この子知りませんか?,7,日本文芸社　∥　ニホン ブンゲイシャ:5 | 日本文芸社:1,日本文芸社　∥　ニホン ブンゲイシャ,日本文芸社=[7],no,[7]
konyaku-haki-no-akui-wa-shoukan-kara-okaeshi-shimasu,婚約破棄の悪意は娼館からお返しします,7,KADOKAWA　∥　カドカワ:5 | KADOKAWA:2,KADOKAWA　∥　カドカワ,"KADOKAWA=[6, 7]",no,"[6, 7]"
konyaku-haki-o-shita-reijou-wa-gaman-o-tomemashita,婚約破棄をした令嬢は我慢を止めました,7,KADOKAWA　∥　カドカワ:4 | KADOKAWA:3,KADOKAWA　∥　カドカワ,"KADOKAWA=[5, 6, 7]",no,"[5, 6, 7]"
konyakusha-ni-uragirareta-renkinjutsushi-wa-dokuritsu-shite-zamaa-shimasu,婚約者に裏切られた錬金術師は、独立して『ざまぁ』します,7,ぶんか社　∥　ブンカシャ:4 | ぶんか社:3,ぶんか社　∥　ブンカシャ,"ぶんか社=[5, 6, 7]",no,"[5, 6, 7]"
konyakusha-wa-dekiai-no-furi,婚約者は溺愛のふり,7,白泉社　∥　ハクセンシャ:5 | 白泉社:2,白泉社　∥　ハクセンシャ,"白泉社=[6, 7]",no,"[6, 7]"
koodogiasu-shikkoku-no-renya,コードギアス 漆黒の蓮夜,7,[発売]角川グループパブリッシング　∥　カドカワ グループ パブリッシング:3 | [発売]角川グループパブリッシング　∥　カドカワグループパブリッシング:2 | [発売]角川グループホールディングス　∥　カドカワグループホールディングス:1 | [発売]KADOKAWA　∥　カドカワ:1,[発売]角川グループパブリッシング　∥　カドカワ グループ パブリッシング,"[発売]角川グループパブリッシング　∥　カドカワグループパブリッシング=[4, 5];[発売]角川グループホールディングス　∥　カドカワグループホールディングス=[6];[発売]KADOKAWA　∥　カドカワ=[7]",no,"[4, 5, 6, 7]"
kotoura-san,琴浦さん,7,マイクロマガジン社　∥　マイクロマガジンシャ:4 | マイクロマガジン社　∥　マイクロ マガジンシャ:3,マイクロマガジン社　∥　マイクロマガジンシャ,"マイクロマガジン社　∥　マイクロ マガジンシャ=[1, 2, 3]",no,"[1, 2, 3]"
kou1-desu-ga-isekai-de-joushu-hajimemashita,高1ですが異世界で城主はじめました,7,ホビージャパン　∥　ホビー ジャパン:6 | ホビージャパン:1,ホビージャパン　∥　ホビー ジャパン,ホビージャパン=[7],no,[7]
koushaku-chakunan-koushoku-monogatari,侯爵嫡男好色物語,7,マッグガーデン　∥　マッグ ガーデン:6 | マッグガーデン:1,マッグガーデン　∥　マッグ ガーデン,マッグガーデン=[9],no,[9]
koutei-heika-no-osewagakari,皇帝陛下のお世話係,7,スクウェア・エニックス　∥　スクウェア ・ エニックス:5 | スクウェア・エニックス:2,スクウェア・エニックス　∥　スクウェア ・ エニックス,"スクウェア・エニックス=[6, 7]",no,"[6, 7]"
koutei-no-yakuzenhi,皇帝の薬膳妃,7,KADOKAWA　∥　カドカワ:3 | KADOKAWA:3,KADOKAWA　∥　カドカワ,"KADOKAWA=[5, 6, 7]",no,"[5, 6, 7]"
kuji-kara-hajimaru-konyaku-seikatsu,「くじ」から始まる婚約生活,7,BookLive　∥　ブックライヴ:4 | BookLive:3,BookLive　∥　ブックライヴ,"BookLive=[5, 6, 7]",no,"[5, 6, 7]"
kuooto-ando-half,1/4×1/2,7,朝日新聞出版　∥　アサヒシンブンシュッパン:4 | [発売]朝日新聞出版　∥　アサヒシンブンシュッパン:1,朝日新聞出版　∥　アサヒシンブンシュッパン,[発売]朝日新聞出版　∥　アサヒシンブンシュッパン=[5],yes,[5]
kuro-no-tantei,黒の探偵,7,スクウェア・エニックス　∥　スクウェア エニックス:4 | スクウェア・エニックス　∥　スクウェア ・ エニックス:3,スクウェア・エニックス　∥　スクウェア エニックス,"スクウェア・エニックス　∥　スクウェア ・ エニックス=[5, 6, 7]",no,"[5, 6, 7]"
kuroneko-ron-to-kurashitara,黒猫ろんと暮らしたら,7,KADOKAWA　∥　カドカワ:6 | KADOKAWA:1,KADOKAWA　∥　カドカワ,KADOKAWA=[7],no,[7]
kusunoki-san-wa-koukou-debut-ni-shippai-shite-iru,楠木さんは高校デビューに失敗している,7,[頒布]講談社:3 | [頒布]講談社 (発売)　∥　コウダンシャ:2 | [頒布]講談社　∥　コウダンシャ:2,[頒布]講談社,"[頒布]講談社 (発売)　∥　コウダンシャ=[1, 2];[頒布]講談社　∥　コウダンシャ=[3, 4]",no,"[1, 2, 3, 4]"
kutsushita-nyanko,靴下にゃんこ,7,主婦と生活社　∥　シュフトセイカツシャ:6 | 主婦と生活社　∥　シュフ ト セイカツシャ:1,主婦と生活社　∥　シュフトセイカツシャ,主婦と生活社　∥　シュフ ト セイカツシャ=[1],no,[1]
kuuki-ga-yomeru-shinnyuu-shine-to-buaiso-na-senpai,空気が(「読める」)新入社員と無愛想な先輩,7,[頒布]講談社　∥　コウダンシャ:4 | [頒布]講談社:2 | 一迅社　∥　イチジンシャ:1,[頒布]講談社　∥　コウダンシャ,"一迅社　∥　イチジンシャ=[1];[頒布]講談社=[6, 7]",no,"[1, 6, 7]"
kyou-kara-city-hunter,今日からシティハンター,7,[発売]徳間書店　∥　トクマ ショテン:5 | コアミックス　∥　コアミックス:2,[発売]徳間書店　∥　トクマ ショテン,"コアミックス　∥　コアミックス=[6, 7]",no,"[6, 7]"
kyou-mo-veranda-de,今日もベランダで,7,講談社　∥　コウダンシャ:5 | 講談社:1,講談社　∥　コウダンシャ,講談社=[7],no,[7]
kyou-wa-kanojo-ga-inaikara,今日はカノジョがいないから,7,[頒布]講談社　∥　コウダンシャ:5 | [頒布]講談社:2,[頒布]講談社　∥　コウダンシャ,"[頒布]講談社=[6, 7]",no,"[6, 7]"
kyoudai,兄妹,7,秋田書店　∥　アキタショテン:6 | 秋田書店　∥　アキタ ショテン:1,秋田書店　∥　アキタショテン,秋田書店　∥　アキタ ショテン=[1],no,[1]
kyoukai-no-end-feel,境界のエンドフィール,7,集英社　∥　シュウエイシャ:4 | 集英社:3,集英社　∥　シュウエイシャ,"集英社=[5, 6, 7]",no,"[5, 6, 7]"
kyuubo-saigiou-no-keiyaku-ouhi,〈急募〉猜疑王の契約王妃〈※短期のお仕事です〉,7,フレックスコミックス　∥　フレックスコミックス:4 | フレックスコミックス:3,フレックスコミックス　∥　フレックスコミックス,"フレックスコミックス=[5, 6, 7]",no,"[5, 6, 7]"
kyuujitsu-no-warumono-san,休日のわるものさん,7,スクウェア・エニックス　∥　スクウェア ・ エニックス:6 | スクウェア・エニックス:1,スクウェア・エニックス　∥　スクウェア ・ エニックス,スクウェア・エニックス=[7],no,[7]
kyuutei-kajishi-no-shiawase-na-nichijou,宮廷鍛冶師の幸せな日常,7,KADOKAWA　∥　カドカワ:5 | KADOKAWA:2,KADOKAWA　∥　カドカワ,"KADOKAWA=[6, 7]",no,"[6, 7]"
kyuutei-madoushi-minarai-o-yamete-mahou-item-shokunin-ni-narimasu,宮廷魔導師見習いを辞めて、魔法アイテム職人になります,7,新潮社:4 | 新潮社　∥　シンチョウシャ:3,新潮社,"新潮社　∥　シンチョウシャ=[1, 2, 3]",no,"[1, 2, 3]"
leadale-no-daichi-nite,リアデイルの大地にて,7,KADOKAWA　∥　カドカワ:6 | KADOKAWA:1,KADOKAWA　∥　カドカワ,KADOKAWA=[7],no,[7]
level-0-no-maou-sama-isekai-de-boukensha-o-hajimemasu,レベル0の魔王様、異世界で冒険者を始めます,7,スクウェア・エニックス　∥　スクウェア ・ エニックス:5 | スクウェア・エニックス:2,スクウェア・エニックス　∥　スクウェア ・ エニックス,"スクウェア・エニックス=[6, 7]",no,"[6, 7]"
level-596-no-kaji-minarai,レベル596の鍛冶見習い,7,[頒布]星雲社 (発売)　∥　セイウンシャ:6 | [頒布]星雲社　∥　セイウンシャ:1,[頒布]星雲社 (発売)　∥　セイウンシャ,[頒布]星雲社　∥　セイウンシャ=[7],no,[7]
love-kanjou-no-marude-nai-osananajimi-manga,恋愛感情のまるでない幼馴染漫画,7,竹書房　∥　タケ ショボウ:6 | 竹書房:1,竹書房　∥　タケ ショボウ,竹書房=[7],no,[7]
love-stage,LOVE STAGE!!,7,KADOKAWA　∥　カドカワ:4 | [発売]角川グループパブリッシング　∥　カドカワ グループ パブリッシング:1 | [発売]角川グループパブリッシング　∥　カドカワグループパブリッシング:1 | [発売]角川グループホールディングス　∥　カドカワグループホールディングス:1,KADOKAWA　∥　カドカワ,[発売]角川グループパブリッシング　∥　カドカワ グループ パブリッシング=[1];[発売]角川グループパブリッシング　∥　カドカワグループパブリッシング=[2];[発売]角川グループホールディングス　∥　カドカワグループホールディングス=[3],no,"[1, 2, 3]"
luce-to-shiro-no-keiyaku,ルーチェと白の契約,7,[頒布]講談社　∥　コウダンシャ:4 | [頒布]講談社:3,[頒布]講談社　∥　コウダンシャ,"[頒布]講談社=[5, 6, 7]",no,"[5, 6, 7]"
mahou-no-tenshi-creamy-mami-fukigenna-ohime-sama,魔法の天使クリィミーマミ不機嫌なお姫様,7,[発売]竹書房　∥　タケ ショボウ:3 | [頒布]竹書房　∥　タケ ショボウ:2 | コアミックス　∥　コアミックス:2,[発売]竹書房　∥　タケ ショボウ,"[頒布]竹書房　∥　タケ ショボウ=[4, 5];コアミックス　∥　コアミックス=[6, 7]",no,"[4, 5, 6, 7]"
mai-chan-no-onee-san-shiiku-gohan,舞ちゃんのお姉さん飼育ごはん。,7,竹書房　∥　タケ ショボウ:5 | 竹書房:2,竹書房　∥　タケ ショボウ,"竹書房=[6, 7]",no,"[6, 7]"
majo-no-eden,魔女のエデン,7,KADOKAWA　∥　カドカワ:3 | KADOKAWA:3,KADOKAWA　∥　カドカワ,"KADOKAWA=[5, 6, 7]",no,"[5, 6, 7]"
manga-gokudou,まんが極道,7,エンターブレイン:3 | [発売]角川グループパブリッシング　∥　カドカワ グループ パブリッシング:3 | [発売]角川グループパブリッシング　∥　カドカワグループパブリッシング:1,エンターブレイン,"[発売]角川グループパブリッシング　∥　カドカワ グループ パブリッシング=[4, 5, 6];[発売]角川グループパブリッシング　∥　カドカワグループパブリッシング=[7]",no,"[4, 5, 6, 7]"
manga-sadou,マンガサ道,7,講談社　∥　コウダンシャ:6 | 講談社:1,講談社　∥　コウダンシャ,講談社=[7],no,[7]
manyuu-hikenchou,魔乳秘剣帖,7,エンターブレイン:5 | [発売]角川グループパブリッシング　∥　カドカワ グループ パブリッシング:2,エンターブレイン,"[発売]角川グループパブリッシング　∥　カドカワ グループ パブリッシング=[6, 7]",no,"[6, 7]"
maou-gakuen-no-hangyakusha,魔王学園の反逆者,7,KADOKAWA　∥　カドカワ:6 | KADOKAWA:1,KADOKAWA　∥　カドカワ,KADOKAWA=[7],no,[7]
maou-no-musume-sugoku-choroi,魔王の娘、すごくチョロい。,7,秋田書店　∥　アキタショテン:5 | 秋田書店:2,秋田書店　∥　アキタショテン,"秋田書店=[6, 7]",no,"[6, 7]"
maou-no-musume-tachi-to-maguwaeba-tsuyoku-nareru-tte-hontou-desuka,魔王の娘たちとまぐわえば強くなれるって本当ですか?,7,竹書房　∥　タケ ショボウ:4 | 竹書房:2,竹書房　∥　タケ ショボウ,"竹書房=[6, 7]",no,"[6, 7]"
maou-no-musume-wa-yasashisugiru,魔王の娘は優しすぎる!!,7,白泉社　∥　ハクセンシャ:5 | 白泉社:2,白泉社　∥　ハクセンシャ,"白泉社=[6, 7]",no,"[6, 7]"
marilyn-wa-inakunatta,マリリンは、いなくなった,7,集英社:4 | 集英社　∥　シュウエイシャ:3,集英社,"集英社　∥　シュウエイシャ=[1, 2, 3]",no,"[1, 2, 3]"
marriage-gray,マリッジグレー,7,集英社　∥　シュウエイシャ:6 | 集英社:1,集英社　∥　シュウエイシャ,集英社=[7],no,[7]
mawata-no-ori,真綿の檻,7,小学館　∥　ショウガクカン:4 | 小学館:2,小学館　∥　ショウガクカン,"小学館=[6, 7]",no,"[6, 7]"
mayo-chiki,まよチキ!,7,メディアファクトリー　∥　メディア ファクトリー:6 | KADOKAWA　∥　カドカワ:1,メディアファクトリー　∥　メディア ファクトリー,KADOKAWA　∥　カドカワ=[7],no,[7]
megumi-to-tsugu-mi,めぐみとつぐみ,7,竹書房　∥　タケ ショボウ:6 | 竹書房:1,竹書房　∥　タケ ショボウ,竹書房=[7],no,[7]
mental-tsuyome-bijo-shirakawa-san,メンタル強め美女白川さん,7,KADOKAWA　∥　カドカワ:5 | KADOKAWA:2,KADOKAWA　∥　カドカワ,"KADOKAWA=[6, 7]",no,"[6, 7]"
mezase-gouka-kyakusen,めざせ豪華客船!!,7,スクウェア・エニックス　∥　スクウェア ・ エニックス:5 | スクウェア・エニックス:2,スクウェア・エニックス　∥　スクウェア ・ エニックス,"スクウェア・エニックス=[6, 7]",no,"[6, 7]"
migawari-konyakusha-nanoni-ginrou-heika-ga-doushitemo-hanashite-kuremasen,身代わり婚約者なのに、銀狼陛下がどうしても離してくれません!,7,KADOKAWA　∥　カドカワ:4 | KADOKAWA:3,KADOKAWA　∥　カドカワ,"KADOKAWA=[5, 6, 7]",no,"[5, 6, 7]"
minivan,みにヴぁん,7,[発売]KADOKAWA　∥　カドカワ:5 | [発売]角川グループパブリッシング　∥　カドカワグループパブリッシング:1 | [発売]角川グループホールディングス　∥　カドカワグループホールディングス:1,[発売]KADOKAWA　∥　カドカワ,[発売]角川グループパブリッシング　∥　カドカワグループパブリッシング=[1];[発売]角川グループホールディングス　∥　カドカワグループホールディングス=[2],no,"[1, 2]"
misato-san-wa-amasugi-joushi-ni-chotto-kibishii,三郷さんは甘すぎ上司にちょっとキビしい,7,芳文社:4 | 芳文社　∥　ホウブンシャ:3,芳文社,"芳文社　∥　ホウブンシャ=[1, 2, 3]",no,"[1, 2, 3]"
mizuporo,みずぽろ,7,小学館:4 | 小学館　∥　ショウガクカン:2,小学館,"小学館　∥　ショウガクカン=[1, 2]",no,"[1, 2]"
mobile-suit-gundam-katana,機動戦士ガンダムカタナ,7,[発売]角川グループパブリッシング　∥　カドカワ グループ パブリッシング:3 | [発売]角川グループパブリッシング　∥　カドカワグループパブリッシング:3,[発売]角川グループパブリッシング　∥　カドカワ グループ パブリッシング,"[発売]角川グループパブリッシング　∥　カドカワグループパブリッシング=[5, 6, 7]",no,"[5, 6, 7]"
mobu-joshikousei-no-ore-demo-boukensha-ni-nareba-riajuu-ni-naremasu-ka,モブ高生の俺でも冒険者になればリア充になれますか?,7,[頒布]一二三書房　∥　ヒフミショボウ:4 | 一二三書房:2,[頒布]一二三書房　∥　ヒフミショボウ,"一二三書房=[6, 7]",no,"[6, 7]"
momo-to-manji,百と卍,7,祥伝社　∥　ショウデンシャ:5 | 祥伝社:1,祥伝社　∥　ショウデンシャ,祥伝社=[7],no,[7]
mori-no-kuma-san-touminchuu,森のくまさん、冬眠中。,7,[頒布]星雲社 (発売)　∥　セイウンシャ:5 | [頒布]星雲社　∥　セイウンシャ:1 | [頒布]星雲社:1,[頒布]星雲社 (発売)　∥　セイウンシャ,[頒布]星雲社　∥　セイウンシャ=[6];[頒布]星雲社=[7],no,"[6, 7]"
moto-kouzou-kaiseki-kenkyuusha-no-isekai-bouken-tan,元構造解析研究者の異世界冒険譚,7,[発売]星雲社　∥　セイウンシャ:4 | [頒布]星雲社 (発売)　∥　セイウンシャ:3,[発売]星雲社　∥　セイウンシャ,"[頒布]星雲社 (発売)　∥　セイウンシャ=[5, 6, 7]",no,"[5, 6, 7]"
mouryou-shoujo,魍魎少女,7,[発売]徳間書店　∥　トクマ ショテン:4 | コアミックス　∥　コアミックス:2 | コアミックス　∥　コア ミックス:1,[発売]徳間書店　∥　トクマ ショテン,"コアミックス　∥　コア ミックス=[5];コアミックス　∥　コアミックス=[6, 7]",no,"[5, 6, 7]"
mousou-sensei,妄想先生,7,新潮社　∥　シンチョウシャ:5 | 新潮社:2,新潮社　∥　シンチョウシャ,"新潮社=[7, 8]",no,"[7, 8]"
mujikaku-seijo-wa-kyou-mo-muishiki-ni-chikara-o-tarenagasu,無自覚聖女は今日も無意識に力を垂れ流す,7,アース・スターエンターテイメント　∥　アーススターエンターテイメント:4 | アース・スターエンターテイメント:3,アース・スターエンターテイメント　∥　アーススターエンターテイメント,"アース・スターエンターテイメント=[5, 6, 7]",no,"[5, 6, 7]"
museru-cry-no-ai-o-ageru,むせるくらいの愛をあげる,7,講談社:4 | 講談社　∥　コウダンシャ:3,講談社,"講談社　∥　コウダンシャ=[1, 2, 3]",no,"[1, 2, 3]"
muteki-shounin-no-isekai-nariagari-monogatari,無敵商人の異世界成り上がり物語,7,KADOKAWA　∥　カドカワ:4 | KADOKAWA:3,KADOKAWA　∥　カドカワ,"KADOKAWA=[5, 6, 7]",no,"[5, 6, 7]"
namae-no-nai-kaibutsu,名前のない怪物,7,LINE Digital Frontier　∥　ラインデジタルフロンティア:6 | 宝島社　∥　タカラジマシャ:1,LINE Digital Frontier　∥　ラインデジタルフロンティア,宝島社　∥　タカラジマシャ=[1],no,[1]
nanashi-no-koujo-to-reikoku-koutei,ななしの皇女と冷酷皇帝,7,双葉社　∥　フタバシャ:5 | 双葉社:2,双葉社　∥　フタバシャ,"双葉社=[6, 7]",no,"[6, 7]"
neko-to-spica,猫とスピカ,7,コアマガジン　∥　コアマガジン:6 | コアマガジン:1,コアマガジン　∥　コアマガジン,コアマガジン=[7],no,[7]
netakyara-karipurei-no-tsumori-ga-isekai-shoukan,ネタキャラ仮プレイのつもりが異世界召喚,7,KADOKAWA　∥　カドカワ:6 | KADOKAWA:1,KADOKAWA　∥　カドカワ,KADOKAWA=[7],no,[7]
netori-mahoutsukai-no-bouken,寝取り魔法使いの冒険,7,秋田書店:6 | 秋田書店　∥　アキタショテン:1,秋田書店,秋田書店　∥　アキタショテン=[1],no,[1]
nibiiro-no-hako-no-naka-de,鈍色の箱の中で,7,LINE Digital Frontier　∥　ラインデジタルフロンティア:5 | LINE　∥　ライン:2,LINE Digital Frontier　∥　ラインデジタルフロンティア,"LINE　∥　ライン=[1, 2]",no,"[1, 2]"
nigakute-amai-refrain,にがくてあまいrefrain,7,[頒布]小学館クリエイティブ (発売)　∥　ショウガクカンクリエイティブ:4 | [発売]小学館クリエイティブ　∥　ショウガクカンクリエイティブ:2 | [頒布]小学館クリエイティブ　∥　ショウガクカンクリエイティブ:1,[頒布]小学館クリエイティブ (発売)　∥　ショウガクカンクリエイティブ,"[発売]小学館クリエイティブ　∥　ショウガクカンクリエイティブ=[1, 2];[頒布]小学館クリエイティブ　∥　ショウガクカンクリエイティブ=[7]",no,"[1, 2, 7]"
nijiiro-prism-girl,にじいろ☆プリズムガール,7,小学館　∥　ショウガクカン:6 | 小学館:1,小学館　∥　ショウガクカン,小学館=[7],no,[7]
nippon-sangoku,日本三國,7,小学館　∥　ショウガクカン:5 | 小学館:1,小学館　∥　ショウガクカン,小学館=[7],no,[7]
nishuume-cheat-no-tensei-madoushi,二周目チートの転生魔導士,7,講談社　∥　コウダンシャ:5 | 講談社:2,講談社　∥　コウダンシャ,"講談社=[6, 7]",no,"[6, 7]"
nobunagakou-teiki,信長公弟記,7,秋田書店　∥　アキタショテン:4 | 秋田書店:3,秋田書店　∥　アキタショテン,"秋田書店=[5, 6, 7]",no,"[5, 6, 7]"
numasugite-mohaya-koi,沼すぎてもはや恋,7,講談社　∥　コウダンシャ:5 | 講談社:2,講談社　∥　コウダンシャ,"講談社=[8, 9]",no,"[8, 9]"
nyaight-of-the-living-cat,Nyaight of the living cat,7,マッグガーデン　∥　マッグ ガーデン:5 | マッグガーデン:1,マッグガーデン　∥　マッグ ガーデン,マッグガーデン=[7],no,[7]
o-a,O/A,7,[発売]角川グループパブリッシング　∥　カドカワ グループ パブリッシング:4 | [発売]角川グループパブリッシング　∥　カドカワグループパブリッシング:2 | 角川グループパブリッシング（発売）　∥　カドカワ グループ パブリッシング:1,[発売]角川グループパブリッシング　∥　カドカワ グループ パブリッシング,"角川グループパブリッシング（発売）　∥　カドカワ グループ パブリッシング=[3];[発売]角川グループパブリッシング　∥　カドカワグループパブリッシング=[6, 7]",no,"[3, 6, 7]"
ochikobore-hoshi-1-mahoutsukai-wa-kyou-mo-muishiki-ni-cheat-o-tsukau,落ちこぼれ〈☆1〉魔法使いは、今日も無意識にチートを使う,7,[頒布]星雲社 (発売)　∥　セイウンシャ:3 | [頒布]星雲社:2 | [頒布]星雲社　∥　セイウンシャ:1,[頒布]星雲社 (発売)　∥　セイウンシャ,"[頒布]星雲社　∥　セイウンシャ=[4];[頒布]星雲社=[6, 7]",no,"[4, 6, 7]"
oedo-black-angels,大江戸ブラック・エンジェルズ,7,リイド社　∥　リイドシャ:5 | リイド社:2,リイド社　∥　リイドシャ,"リイド社=[6, 7]",no,"[6, 7]"
oioi-pii-tan,おいおいピータン!!,7,講談社　∥　コウダンシャ:5 | 講談社:2,講談社　∥　コウダンシャ,"講談社=[6, 7]",no,"[6, 7]"
okitsune-sama-no-irui-konin-tan,お狐様の異類婚姻譚,7,[頒布]講談社　∥　コウダンシャ:6 | [発売]講談社　∥　コウダンシャ:1,[頒布]講談社　∥　コウダンシャ,[発売]講談社　∥　コウダンシャ=[1],no,[1]
omae-o-wotaku-ni-shiteyaru-kara-ore-o-riajuu-ni-shitekure,おまえをオタクにしてやるから、俺をリア充にしてくれ!,7,KADOKAWA　∥　カドカワ:5 | メディアファクトリー　∥　メディア ファクトリー:2,KADOKAWA　∥　カドカワ,"メディアファクトリー　∥　メディア ファクトリー=[1, 2]",no,"[1, 2]"
omega-reijou-jouyoku-no-ori,Ω令嬢、情欲の檻,7,秋田書店　∥　アキタショテン:4 | 秋田書店:3,秋田書店　∥　アキタショテン,"秋田書店=[5, 6, 7]",no,"[5, 6, 7]"
omotome-itadaita-bou-kun-heika-no-akujo-desu,お求めいただいた暴君陛下の悪女です,7,双葉社:5 | 双葉社　∥　フタバシャ:2,双葉社,"双葉社　∥　フタバシャ=[1, 2]",no,"[1, 2]"
onii-chan-dakedo-ai-sae-areba-kankei-nai-yonetsu,お兄ちゃんだけど愛さえあれば関係ないよねっ,7,メディアファクトリー　∥　メディア ファクトリー:4 | KADOKAWA　∥　カドカワ:3,メディアファクトリー　∥　メディア ファクトリー,"KADOKAWA　∥　カドカワ=[5, 6, 7]",no,"[5, 6, 7]"
orange-2012,orange,7,双葉社　∥　フタバシャ:4 | 集英社　∥　シュウエイシャ:2,双葉社　∥　フタバシャ,"集英社　∥　シュウエイシャ=[1, 2]",no,"[1, 2]"
ore-no-kanojo-ni-nanika-youkai,俺の彼女に何かようかい,7,スクウェア・エニックス　∥　スクウェア ・ エニックス:6 | スクウェア ・ エニックス　∥　スクウェア ・ エニックス:1,スクウェア・エニックス　∥　スクウェア ・ エニックス,スクウェア ・ エニックス　∥　スクウェア ・ エニックス=[1],no,[1]
ore-to-hero-to-mahou-shoujo,俺とヒーローと魔法少女,7,[発売]ほるぷ出版　∥　ホルプシュッパン:5 | フレックスコミックス　∥　フレックスコミックス:2,[発売]ほるぷ出版　∥　ホルプシュッパン,"フレックスコミックス　∥　フレックスコミックス=[6, 7]",no,"[6, 7]"
ore-wa-shiranai-uchi-ni-gakkou-ichi-no-bishoujo-o-kudoite-ita-rashii,俺は知らないうちに学校一の美少女を口説いていたらしい,7,スクウェア・エニックス　∥　スクウェア ・ エニックス:5 | スクウェア・エニックス:2,スクウェア・エニックス　∥　スクウェア ・ エニックス,"スクウェア・エニックス=[6, 7]",no,"[6, 7]"
osananajimi-wa-ichiransei-no-kedamono,幼馴染は一卵性の獣,7,笠倉出版社　∥　カサクラ シュッパンシャ:6 | 笠倉出版社:1,笠倉出版社　∥　カサクラ シュッパンシャ,笠倉出版社=[8],no,[8]
oshiete-kudasai-fujishima-san,教えてください、藤縞さん!,7,ブライト出版　∥　ブライトシュッパン:5 | ブライト出版:2,ブライト出版　∥　ブライトシュッパン,"ブライト出版=[6, 7]",no,"[6, 7]"
oshikake-gal-no-nakamura-san,押しかけギャルの中村さん,7,双葉社　∥　フタバシャ:4 | 双葉社:3,双葉社　∥　フタバシャ,"双葉社=[5, 6, 7]",no,"[5, 6, 7]"
ouji-sama-ni-dekiaisarete-komattemasu,王子様に溺愛されて困ってます,7,[頒布]講談社　∥　コウダンシャ:5 | [頒布]講談社:2,[頒布]講談社　∥　コウダンシャ,"[頒布]講談社=[7, 8]",no,"[7, 8]"
outaishi-sama-watashi-kondo-koso-anata-ni-korosaretakunaindesu,王太子様、私今度こそあなたに殺されたくないんです!,7,講談社　∥　コウダンシャ:5 | 講談社:2,講談社　∥　コウダンシャ,"講談社=[8, 9]",no,"[8, 9]"
outo-no-hazure-no-renkinjutsushi,王都の外れの錬金術師,7,KADOKAWA　∥　カドカワ:4 | KADOKAWA:2,KADOKAWA　∥　カドカワ,"KADOKAWA=[6, 7]",no,"[6, 7]"
pachinko,ぱちん娘(こ)。,7,[頒布]講談社 (発売)　∥　コウダンシャ:5 | [頒布]講談社:2,[頒布]講談社 (発売)　∥　コウダンシャ,"[頒布]講談社=[7, 8]",no,"[7, 8]"
phantom-busters,ファントムバスターズ,7,集英社　∥　シュウエイシャ:3 | 集英社:3,集英社　∥　シュウエイシャ,"集英社=[5, 6, 7]",no,"[5, 6, 7]"
point-gifutaa-no-isekai-saikyou-soro-life,ポイントギフター《経験値分配能力者》の異世界最強ソロライフ,7,双葉社　∥　フタバシャ:4 | 双葉社:2,双葉社　∥　フタバシャ,"双葉社=[6, 7]",no,"[6, 7]"
pumpkin-night,パンプキンナイト,7,LINE Digital Frontier　∥　ラインデジタルフロンティア:5 | 竹書房　∥　タケ ショボウ:2,LINE Digital Frontier　∥　ラインデジタルフロンティア,"竹書房　∥　タケ ショボウ=[1, 2]",no,"[1, 2]"
punch,Punch↑,7,リブレ出版　∥　リブレ シュッパン:3 | リブレ　∥　リブレ:3,リブレ出版　∥　リブレ シュッパン,"リブレ　∥　リブレ=[5, 6, 7]",no,"[5, 6, 7]"
raitei-to-yobareta-saikyou-boukensha-majutsu-gakuin-ni-nyuugaku-shite-issai-no-enryo-naku-musou-suru,雷帝と呼ばれた最強冒険者、魔術学院に入学して一切の遠慮なく無双する,7,[頒布]一二三書房　∥　ヒフミショボウ:5 | 一二三書房:2,[頒布]一二三書房　∥　ヒフミショボウ,"一二三書房=[6, 7]",no,"[6, 7]"
ran-to-haiiro-no-sekai,乱と灰色の世界,7,[発売]角川グループパブリッシング　∥　カドカワ グループ パブリッシング:3 | KADOKAWA　∥　カドカワ:2 | [発売]角川グループパブリッシング　∥　カドカワグループパブリッシング:1 | [発売]KADOKAWA　∥　カドカワ:1,[発売]角川グループパブリッシング　∥　カドカワ グループ パブリッシング,"[発売]角川グループパブリッシング　∥　カドカワグループパブリッシング=[4];[発売]KADOKAWA　∥　カドカワ=[5];KADOKAWA　∥　カドカワ=[6, 7]",no,"[4, 5, 6, 7]"
rasubosu-yametemita,ラスボス、やめてみた,7,スクウェア・エニックス　∥　スクウェア ・ エニックス:6 | スクウェア・エニックス:1,スクウェア・エニックス　∥　スクウェア ・ エニックス,スクウェア・エニックス=[7],no,[7]
re-cervin,レ・セルバン,7,小学館　∥　ショウガクカン:4 | 小学館:2,小学館　∥　ショウガクカン,"小学館=[6, 7]",no,"[6, 7]"
reijou-wa-mattari-o-goshomou,令嬢はまったりをご所望。,7,[頒布]星雲社 (発売)　∥　セイウンシャ:3 | [発売]星雲社　∥　セイウンシャ:2 | [頒布]星雲社　∥　セイウンシャ:1 | [頒布]星雲社:1,[頒布]星雲社 (発売)　∥　セイウンシャ,"[発売]星雲社　∥　セイウンシャ=[1, 2];[頒布]星雲社　∥　セイウンシャ=[6];[頒布]星雲社=[7]",no,"[1, 2, 6, 7]"
reiwa-no-dara-san,令和のダラさん,7,KADOKAWA　∥　カドカワ:4 | KADOKAWA:3,KADOKAWA　∥　カドカワ,"KADOKAWA=[5, 6, 7]",no,"[5, 6, 7]"
rekishi-ni-nokoru-akujo-ni-naruzo,歴史に残る悪女になるぞ,7,KADOKAWA　∥　カドカワ:4 | KADOKAWA:2,KADOKAWA　∥　カドカワ,"KADOKAWA=[6, 7]",no,"[6, 7]"
rekkyou-sensen,列強戦線,7,コアミックス:4 | コアミックス　∥　コアミックス:2,コアミックス,"コアミックス　∥　コアミックス=[1, 2]",no,"[1, 2]"
rengokujima,恋獄島,7,キルタイムコミュニケーション　∥　キルタイムコミュニケーション:5 | キルタイムコミュニケーション:2,キルタイムコミュニケーション　∥　キルタイムコミュニケーション,"キルタイムコミュニケーション=[6, 7]",no,"[6, 7]"
rikon-shinai-otoko-case2,離婚しない男CASE2,7,講談社:4 | 講談社　∥　コウダンシャ:2,講談社,"講談社　∥　コウダンシャ=[1, 2]",no,"[1, 2]"
rock-wa-lady-no-tashinami-deshite,ロックは淑女の嗜みでして,7,白泉社　∥　ハクセンシャ:5 | 白泉社:2,白泉社　∥　ハクセンシャ,"白泉社=[7, 8]",no,"[7, 8]"
rudolf-turkey,ルドルフ・ターキー,7,KADOKAWA　∥　カドカワ:6 | [発売]角川グループホールディングス　∥　カドカワグループホールディングス:1,KADOKAWA　∥　カドカワ,[発売]角川グループホールディングス　∥　カドカワグループホールディングス=[1],no,[1]
ryousoku-wa-koi-ni-amashi,寮則は恋に甘し,7,小学館　∥　ショウガクカン:5 | 小学館:2,小学館　∥　ショウガクカン,"小学館=[6, 7]",no,"[6, 7]"
ryuujo-senki,竜女戦記,7,平凡社　∥　ヘイボンシャ:6 | 平凡社:1,平凡社　∥　ヘイボンシャ,平凡社=[7],no,[7]
sachiko-to-kamineko-sama,サチコと神ねこ様,7,祥伝社　∥　ショウデンシャ:6 | KADOKAWA　∥　カドカワ:1,祥伝社　∥　ショウデンシャ,KADOKAWA　∥　カドカワ=[1],no,[1]
saibai-cheat-de-saikyou-saien,栽培チートで最強菜園,7,スクウェア・エニックス　∥　スクウェア ・ エニックス:5 | スクウェア・エニックス:2,スクウェア・エニックス　∥　スクウェア ・ エニックス,"スクウェア・エニックス=[6, 7]",no,"[6, 7]"
saikyou-no-uta,最強の詩,7,集英社:4 | 集英社　∥　シュウエイシャ:2,集英社,"集英社　∥　シュウエイシャ=[1, 2]",no,"[1, 2]"
sakibiyori,咲日和,7,スクウェア・エニックス　∥　スクウェア ・ エニックス:4 | スクウェア・エニックス　∥　スクウェア エニックス:3,スクウェア・エニックス　∥　スクウェア ・ エニックス,"スクウェア・エニックス　∥　スクウェア エニックス=[1, 2, 3]",no,"[1, 2, 3]"
sakurairo-kiss-holic,桜色キスホリック,7,講談社　∥　コウダンシャ:5 | 講談社:2,講談社　∥　コウダンシャ,"講談社=[6, 7]",no,"[6, 7]"
sarezuma-shitao-no-koibitotachi,サレ妻シタ夫の恋人たち,7,講談社　∥　コウダンシャ:6 | 講談社:1,講談社　∥　コウダンシャ,講談社=[7],no,[7]
seijo-ni-naru-node-nidome-no-jinsei-wa-katte-ni-sasete-moraimasu,聖女になるので二度目の人生は勝手にさせてもらいます,7,KADOKAWA　∥　カドカワ:5 | KADOKAWA:2,KADOKAWA　∥　カドカワ,"KADOKAWA=[6, 7]",no,"[6, 7]"
seikishi-ni-nattakedo-danchou-no-oppai-ga-sugosugite-kokoro-ga-kiyomerarenai,聖騎士になったけど団長のおっぱいが凄すぎて心が清められない,7,KADOKAWA　∥　カドカワ:4 | KADOKAWA:3,KADOKAWA　∥　カドカワ,"KADOKAWA=[5, 6, 7]",no,"[5, 6, 7]"
senki-kanshoku-shinfogia,戦姫完食シンフォギア,7,竹書房　∥　タケ ショボウ:4 | 竹書房:3,竹書房　∥　タケ ショボウ,"竹書房=[5, 6, 7]",no,"[5, 6, 7]"
sensei-kongetsu-doudesuka,先生、今月どうですか,7,KADOKAWA　∥　カドカワ:5 | KADOKAWA:1,KADOKAWA　∥　カドカワ,KADOKAWA=[7],no,[7]
sentai-taboo,戦隊タブー,7,講談社:5 | 講談社　∥　コウダンシャ:1,講談社,講談社　∥　コウダンシャ=[1],no,[1]
series-atarimae-no-zeitaku,シリーズあたりまえのぜひたく。,7,[発売]幻冬舎　∥　ゲントウシャ:3 | [頒布]幻冬舎 (発売)　∥　ゲントウシャ:3 | [頒布]幻冬舎　∥　ゲントウシャ:1,[発売]幻冬舎　∥　ゲントウシャ,"[頒布]幻冬舎 (発売)　∥　ゲントウシャ=[7, 8, 9];[頒布]幻冬舎　∥　ゲントウシャ=[10]",no,"[7, 8, 9, 10]"
shagai-torishimariyaku-shima-kousaku,社外取締役島耕作,7,講談社　∥　コウダンシャ:4 | 講談社:2,講談社　∥　コウダンシャ,"講談社=[6, 7]",no,"[6, 7]"
shanpinion-no-majo,シャンピニオンの魔女,7,白泉社　∥　ハクセンシャ:5 | 白泉社:2,白泉社　∥　ハクセンシャ,"白泉社=[6, 7]",no,"[6, 7]"
shikei-shikkounin,私刑執行人,7,秋田書店:4 | 秋田書店　∥　アキタショテン:2,秋田書店,"秋田書店　∥　アキタショテン=[1, 2]",no,"[1, 2]"
shin-ekiben-hitoritabi,新・駅弁ひとり旅,7,双葉社　∥　フタバシャ:5 | 双葉社:1,双葉社　∥　フタバシャ,双葉社=[7],no,[7]
shin-souta-no-houchou,新・蒼太の包丁,7,ぶんか社　∥　ブンカシャ:6 | ぶんか社:1,ぶんか社　∥　ブンカシャ,ぶんか社=[7],no,[7]
shinai-naru-phantom-e,深愛なるF(ファントム)へ,7,小学館　∥　ショウガクカン:6 | 小学館:1,小学館　∥　ショウガクカン,小学館=[7],no,[7]
shinimodori-no-mahou-gakkou-seikatsu-o-moto-koibito-to-puroroogu-kara,死に戻りの魔法学校生活を、元恋人とプロローグから,7,KADOKAWA　∥　カドカワ:4 | KADOKAWA:2,KADOKAWA　∥　カドカワ,"KADOKAWA=[6, 7]",no,"[6, 7]"
shinjitsu-no-ai-o-mitsuketa-to-iwarete-konyaku-haki-sareta-node-fukuen-o-semararetemo-imasara-mou,真実の愛を見つけたと言われて婚約破棄されたので、復縁を迫られても今さらもう遅いです!,7,双葉社　∥　フタバシャ:5 | 双葉社:2,双葉社　∥　フタバシャ,"双葉社=[6, 7]",no,"[6, 7]"
shinyaku-ookami-ga-kuru,新約オオカミが来る!,7,ジャイブ:5 | ジャイブ　∥　ジャイブ:2,ジャイブ,"ジャイブ　∥　ジャイブ=[6, 7]",no,"[6, 7]"
shiota-sensei-to-amai-chan,塩田先生と雨井ちゃん,7,イースト・プレス　∥　イーストプレス:6 | イースト・プレス:1,イースト・プレス　∥　イーストプレス,イースト・プレス=[7],no,[7]
shirobuta-kizoku-desu-zense-no-kioku-ga-haeta-node-hiyoko-na-otouto-sodatemasu-attomaaku-comic,白豚貴族ですが前世の記憶が生えたのでひよこな弟育てます@COMIC,7,TOブックス　∥　ティーオーブックス:5 | TOブックス:2,TOブックス　∥　ティーオーブックス,"TOブックス=[6, 7]",no,"[6, 7]"
shitsuren-shita-no-de-vtuber-hajimetara-toshiue-no-onee-san-ni-motemashita,失恋したのでVtuberはじめたら年上のお姉さんにモテました,7,秋田書店　∥　アキタショテン:5 | 秋田書店:2,秋田書店　∥　アキタショテン,"秋田書店=[6, 7]",no,"[6, 7]"
shokei-shoujo-no-virgin-road,処刑少女の生きる道,7,スクウェア・エニックス　∥　スクウェア ・ エニックス:6 | スクウェア・エニックス:1,スクウェア・エニックス　∥　スクウェア ・ エニックス,スクウェア・エニックス=[7],no,[7]
shota-oni,ショタおに,7,スクウェア・エニックス　∥　スクウェア ・ エニックス:5 | スクウェア・エニックス:2,スクウェア・エニックス　∥　スクウェア ・ エニックス,"スクウェア・エニックス=[6, 7]",no,"[6, 7]"
shunkashuutou-daikousha-haru-no-mai,春夏秋冬代行者 春の舞,7,白泉社　∥　ハクセンシャ:4 | 白泉社:3,白泉社　∥　ハクセンシャ,"白泉社=[5, 6, 7]",no,"[5, 6, 7]"
shuudengo-capsule-hotel-de-joushi-ni-binetsu-tsutawaru-yoru,終電後、カプセルホテルで、上司に微熱伝わる夜。,7,[発売]星雲社　∥　セイウンシャ:4 | [頒布]星雲社 (発売)　∥　セイウンシャ:3,[発売]星雲社　∥　セイウンシャ,"[頒布]星雲社 (発売)　∥　セイウンシャ=[5, 6, 7]",no,"[5, 6, 7]"
shuuen-no-shiori,終焉ノ栞,7,KADOKAWA　∥　カドカワ:5 | KADOKAWA　∥　KADOKAWA:2,KADOKAWA　∥　カドカワ,"KADOKAWA　∥　KADOKAWA=[1, 2]",no,"[1, 2]"
shuumatsu-no-valkyrie-ibun-ryo-fu-housen-hishouden,終末のワルキューレ異聞呂布奉先飛将伝,7,コアミックス　∥　コア ミックス:5 | コアミックス　∥　コアミックス:2,コアミックス　∥　コア ミックス,"コアミックス　∥　コアミックス=[1, 7]",no,"[1, 7]"
smoke-blue-no-ame-nochi-hare,スモークブルーの雨のち晴れ,7,KADOKAWA　∥　カドカワ:5 | KADOKAWA:2,KADOKAWA　∥　カドカワ,"KADOKAWA=[6, 7]",no,"[6, 7]"
soko-de-hoshikuzu-miagetero,そこで星屑見上げてろ,7,集英社　∥　シュウエイシャ:6 | 集英社:1,集英社　∥　シュウエイシャ,集英社=[7],no,[7]
soredemo-otouto-wa-koi-shitagaru,それでも弟は恋したがる,7,白泉社　∥　ハクセンシャ:4 | 白泉社:2,白泉社　∥　ハクセンシャ,"白泉社=[6, 7]",no,"[6, 7]"
soukon-no-shoujo-to-sourei-no-tabi,送魂の少女と葬礼の旅,7,[発売]徳間書店　∥　トクマ ショテン:3 | コアミックス　∥　コアミックス:3 | コアミックス　∥　コア ミックス:1,[発売]徳間書店　∥　トクマ ショテン,"コアミックス　∥　コア ミックス=[4];コアミックス　∥　コアミックス=[5, 6, 7]",no,"[4, 5, 6, 7]"
sousei-mahou-no-saigensha,創成魔法の再現者,7,オーバーラップ　∥　オーバーラップ:4 | オーバーラップ:2,オーバーラップ　∥　オーバーラップ,"オーバーラップ=[6, 7]",no,"[6, 7]"
stravaganza-isai-no-hime,ストラヴァガンツァ,7,KADOKAWA　∥　カドカワ:6 | [発売]KADOKAWA　∥　カドカワ:1,KADOKAWA　∥　カドカワ,[発売]KADOKAWA　∥　カドカワ=[1],no,[1]
suekko-koujo-denka,末っ子皇女殿下,7,KADOKAWA　∥　カドカワ:5 | KADOKAWA:1,KADOKAWA　∥　カドカワ,KADOKAWA=[7],no,[7]
sumaho-o-otoshita-dake-nanoni,スマホを落としただけなのに,7,LINE Digital Frontier　∥　ラインデジタルフロンティア:6 | 宝島社　∥　タカラジマシャ:1,LINE Digital Frontier　∥　ラインデジタルフロンティア,宝島社　∥　タカラジマシャ=[1],no,[1]
super-ball-girls,スーパーボールガールズ,7,小学館　∥　ショウガクカン:4 | 小学館:3,小学館　∥　ショウガクカン,"小学館=[5, 6, 7]",no,"[5, 6, 7]"
super-robot-taisen-og-ji-inspector-record-of-atx,スーパーロボット大戦OG-ジ・インスペクター-Record of ATX,7,KADOKAWA　∥　カドカワ:4 | [発売]角川グループパブリッシング　∥　カドカワ グループ パブリッシング:3,KADOKAWA　∥　カドカワ,"[発売]角川グループパブリッシング　∥　カドカワ グループ パブリッシング=[1, 2, 3]",no,"[1, 2, 3]"
superstar-o-utatte,スーパースターを唄って。,7,小学館　∥　ショウガクカン:3 | 小学館:3,小学館　∥　ショウガクカン,"小学館=[5, 6, 7]",no,"[5, 6, 7]"
suu-to-tai-chan,スーと鯛ちゃん,7,講談社　∥　コウダンシャ:6 | 講談社:1,講談社　∥　コウダンシャ,講談社=[7],no,[7]
tachinomi-go-reijou,立ち飲みご令嬢,7,講談社　∥　コウダンシャ:5 | 講談社:2,講談社　∥　コウダンシャ,"講談社=[6, 7]",no,"[6, 7]"
taishuu-sakaba-wakao,大衆酒場ワカオ,7,コアミックス　∥　コアミックス:4 | [発売]徳間書店　∥　トクマ ショテン:2 | コアミックス　∥　コア ミックス:1,コアミックス　∥　コアミックス,"[発売]徳間書店　∥　トクマ ショテン=[1, 2];コアミックス　∥　コア ミックス=[5]",no,"[1, 2, 5]"
takara-kun-to-amagi-kun,高良くんと天城くん,7,KADOKAWA　∥　カドカワ:5 | KADOKAWA:2,KADOKAWA　∥　カドカワ,"KADOKAWA=[6, 7]",no,"[6, 7]"
tamahime,魂姫,7,ジャイブ:5 | ジャイブ　∥　ジャイブ:2,ジャイブ,"ジャイブ　∥　ジャイブ=[6, 7]",no,"[6, 7]"
tamamori-buchou-no-mousou-wa-tomaranai,玉森部長の妄想はとまらない,7,秋田書店:4 | 秋田書店　∥　アキタショテン:3,秋田書店,"秋田書店　∥　アキタショテン=[1, 2, 3]",no,"[1, 2, 3]"
tanaka-ke-tensei-suru,田中家、転生する。,7,KADOKAWA　∥　カドカワ:5 | KADOKAWA:2,KADOKAWA　∥　カドカワ,"KADOKAWA=[6, 7]",no,"[6, 7]"
tanbo-de-hirotta-onna-kishi-inaka-de-ore-no-yome-dato-omowarete-iru,田んぼで拾った女騎士、田舎で俺の嫁だと思われている,7,講談社　∥　コウダンシャ:5 | 講談社:2,講談社　∥　コウダンシャ,"講談社=[6, 7]",no,"[6, 7]"
tappuri-no-kiss-kara-hajimete,たっぷりのキスからはじめて,7,集英社:4 | 集英社　∥　シュウエイシャ:3,集英社,"集英社　∥　シュウエイシャ=[1, 2, 3]",no,"[1, 2, 3]"
tatari,タタリ,7,小学館　∥　ショウガクカン:5 | 小学館:2,小学館　∥　ショウガクカン,"小学館=[8, 9]",no,"[8, 9]"
tatoe-todokanu-ito-dato-shitemo,たとえとどかぬ糸だとしても,7,[発売]講談社　∥　コウダンシャ:6 | [頒布]講談社　∥　コウダンシャ:1,[発売]講談社　∥　コウダンシャ,[頒布]講談社　∥　コウダンシャ=[7],no,[7]
tenkousaki-no-seiso-karen-na-bishoujo-ga-mukashi-otoko-to-omotte-isshokenmei-ni-asonda-osananajimi,転校先の清楚可憐な美少女が、昔男子と思って一緒に遊んだ幼馴染だった件,7,KADOKAWA　∥　カドカワ:5 | KADOKAWA:2,KADOKAWA　∥　カドカワ,"KADOKAWA=[6, 7]",no,"[6, 7]"
tensei-babaa-wa-misugosenai,転生ババァは見過ごせない!,7,[頒布]星雲社 (発売)　∥　セイウンシャ:3 | [頒布]星雲社:2 | [頒布]星雲社　∥　セイウンシャ:1,[頒布]星雲社 (発売)　∥　セイウンシャ,"[頒布]星雲社　∥　セイウンシャ=[5];[頒布]星雲社=[6, 7]",no,"[5, 6, 7]"
tensei-koroshiamu,転生コロシアム,7,KADOKAWA　∥　カドカワ:3 | KADOKAWA:3,KADOKAWA　∥　カドカワ,"KADOKAWA=[5, 6, 7]",no,"[5, 6, 7]"
tensei-shitara-heimin-deshita,転生したら平民でした。,7,双葉社　∥　フタバシャ:4 | 双葉社:2,双葉社　∥　フタバシャ,"双葉社=[6, 7]",no,"[6, 7]"
tensei-shite-kara-40-nen-sorosoro-san-mo-koi-ga-shitai,転生してから40年。そろそろ、おじさんも恋がしたい。,7,アース・スターエンターテイメント　∥　アーススターエンターテイメント:6 | アース・スターエンターテイメント:1,アース・スターエンターテイメント　∥　アーススターエンターテイメント,アース・スターエンターテイメント=[8],no,[8]
tensei-shoujo-wa-mazu-ippo-kara-hajimetai,転生少女はまず一歩からはじめたい,7,マッグガーデン　∥　マッグ ガーデン:5 | マッグガーデン:2,マッグガーデン　∥　マッグ ガーデン,"マッグガーデン=[6, 7]",no,"[6, 7]"
tenseisaki-de-suterareta-node-mofumofutachi-to-oryouri-shimasu-aaru,転生先で捨てられたので、もふもふ達とお料理しますR,7,双葉社　∥　フタバシャ:6 | 双葉社:1,双葉社　∥　フタバシャ,双葉社=[7],no,[7]
tetotetote,テトテトテ,7,集英社　∥　シュウエイシャ:4 | 集英社:2,集英社　∥　シュウエイシャ,"集英社=[6, 7]",no,"[6, 7]"
to-nari-no-figure-genkeishi,となりのフィギュア原型師,7,芳文社　∥　ホウブンシャ:5 | 芳文社:2,芳文社　∥　ホウブンシャ,"芳文社=[6, 7]",no,"[6, 7]"
todenka,とでんか,7,[発売]角川グループパブリッシング　∥　カドカワ グループ パブリッシング:5 | [発売]角川グループパブリッシング　∥　カドカワグループパブリッシング:1 | KADOKAWA　∥　カドカワ:1,[発売]角川グループパブリッシング　∥　カドカワ グループ パブリッシング,[発売]角川グループパブリッシング　∥　カドカワグループパブリッシング=[6];KADOKAWA　∥　カドカワ=[7],no,"[6, 7]"
tokyo-kannabisu-tokku,東京カンナビス特区,7,コアミックス　∥　コアミックス:5 | コアミックス　∥　コア ミックス:1 | コアミックス:1,コアミックス　∥　コアミックス,コアミックス　∥　コア ミックス=[2];コアミックス=[7],no,"[2, 7]"
tonari-no-kuuderella-o-amayakashitara-uchi-no-aikagi-o-watasu-koto-ni-natta,隣のクーデレラを甘やかしたら、ウチの合鍵を渡すことになった,7,KADOKAWA　∥　カドカワ:5 | KADOKAWA:1,KADOKAWA　∥　カドカワ,KADOKAWA=[7],no,[7]
toraou-no-hanayome-san,虎王の花嫁さん,7,小学館　∥　ショウガクカン:4 | 小学館:3,小学館　∥　ショウガクカン,"小学館=[7, 8, 9]",no,"[7, 8, 9]"
touhou-suzunaan,東方鈴奈庵,7,KADOKAWA　∥　カドカワ:6 | [発売]角川グループパブリッシング　∥　カドカワグループパブリッシング:1,KADOKAWA　∥　カドカワ,[発売]角川グループパブリッシング　∥　カドカワグループパブリッシング=[1],no,[1]
toumei-otoko-to-ningen-onna,透明男と人間女,7,双葉社　∥　フタバシャ:4 | 双葉社:3,双葉社　∥　フタバシャ,"双葉社=[7, 8, 9]",no,"[7, 8, 9]"
touzokuou-no-oshinobi-hanayome,盗賊王のおしのび花嫁,7,[頒布]ジャイブ (発売)　∥　ジャイブ:6 | [発売]ジャイブ　∥　ジャイブ:1,[頒布]ジャイブ (発売)　∥　ジャイブ,[発売]ジャイブ　∥　ジャイブ=[2],no,[2]
trauma-kuontamu,トラウマ量子結晶,7,[発売]角川グループパブリッシング　∥　カドカワ グループ パブリッシング:3 | [発売]角川グループパブリッシング　∥　カドカワグループパブリッシング:2 | [発売]角川グループホールディングス　∥　カドカワグループホールディングス:1 | [発売]KADOKAWA　∥　カドカワ:1,[発売]角川グループパブリッシング　∥　カドカワ グループ パブリッシング,"[発売]角川グループパブリッシング　∥　カドカワグループパブリッシング=[4, 5];[発売]角川グループホールディングス　∥　カドカワグループホールディングス=[6];[発売]KADOKAWA　∥　カドカワ=[7]",no,"[4, 5, 6, 7]"
tsubanari-no-tachi,鍔鳴の太刀,7,スクウェア・エニックス　∥　スクウェア ・ エニックス:5 | スクウェア・エニックス:2,スクウェア・エニックス　∥　スクウェア ・ エニックス,"スクウェア・エニックス=[8, 9]",no,"[8, 9]"
tsuchikaburi-no-elena-hime,土かぶりのエレナ姫,7,白泉社　∥　ハクセンシャ:5 | 白泉社:2,白泉社　∥　ハクセンシャ,"白泉社=[6, 7]",no,"[6, 7]"
tsuihousareta-sareta-akuyaku-reijou-wa-danzai-o-mankitsu-suru,追放された悪役令嬢は断罪を満喫する,7,双葉社　∥　フタバシャ:5 | 双葉社:2,双葉社　∥　フタバシャ,"双葉社=[6, 7]",no,"[6, 7]"
tsuki-tsuki,つきツキ!,7,メディアファクトリー　∥　メディア ファクトリー:5 | KADOKAWA　∥　カドカワ:2,メディアファクトリー　∥　メディア ファクトリー,"KADOKAWA　∥　カドカワ=[6, 7]",no,"[6, 7]"
tsunderu-moto-akuyaku-reijou-wa-dos-ouji-sama-kara-nigedashitai,詰んでる元悪役令嬢はドS王子様から逃げ出したい,7,[頒布]幻冬舎　∥　ゲントウシャ:4 | [頒布]幻冬舎:2 | [発売]幻冬舎　∥　ゲントウシャ:1,[頒布]幻冬舎　∥　ゲントウシャ,"[発売]幻冬舎　∥　ゲントウシャ=[1];[頒布]幻冬舎=[6, 7]",no,"[1, 6, 7]"
uchi-no-heika-ga-shinmai-de,うちの陛下が新米で。,7,KADOKAWA　∥　カドカワ:6 | [発売]KADOKAWA　∥　カドカワ:1,KADOKAWA　∥　カドカワ,[発売]KADOKAWA　∥　カドカワ=[1],no,[1]
uchi-no-tsumatte-doudeshou,うちの妻ってどうでしょう?,7,双葉社　∥　フタバシャ:6 | 双葉社:1,双葉社　∥　フタバシャ,双葉社=[2],no,[2]
umamusume-pretty-derby-umamusumeshi,ウマ娘プリティーダービーうまむすめし,7,小学館　∥　ショウガクカン:4 | 小学館:2,小学館　∥　ショウガクカン,"小学館=[6, 7]",no,"[6, 7]"
uramin,ウラミン,7,ぶんか社　∥　ブンカシャ:6 | ぶんか社:1,ぶんか社　∥　ブンカシャ,ぶんか社=[7],no,[7]
vampire-no-hanayome,ヴァンパイアの花嫁,7,小学館　∥　ショウガクカン:6 | 小学館:1,小学館　∥　ショウガクカン,小学館=[7],no,[7]
wanko-to-nyanko,わんことにゃんこ,7,コアマガジン　∥　コアマガジン:4 | コアマガジン　∥　コア マガジン:3,コアマガジン　∥　コアマガジン,"コアマガジン　∥　コア マガジン=[1, 2, 3]",no,"[1, 2, 3]"
watashi-ga-hitori-de-ikiteku-nante,私がひとりで生きてくなんて,7,講談社:4 | 講談社　∥　コウダンシャ:3,講談社,"講談社　∥　コウダンシャ=[1, 2, 3]",no,"[1, 2, 3]"
watashi-ga-seijo-iie-akuyaku-reijou-desu,私が聖女?いいえ、悪役令嬢です!,7,マイクロマガジン社　∥　マイクロマガジンシャ:5 | マイクロマガジン社:1,マイクロマガジン社　∥　マイクロマガジンシャ,マイクロマガジン社=[7],no,[7]
watashi-to-kekkon-shita-koto-koukai-shite-imasen-ka,私と結婚した事、後悔していませんか?,7,[頒布]青泉社:6 | [頒布]青泉社　∥　セイセンシャ:1,[頒布]青泉社,[頒布]青泉社　∥　セイセンシャ=[1],no,[1]
watashi-wa-gotsugou-shugi-na-kaiketsu-tantou-no-joou-de-aru,私はご都合主義な解決担当の王女である,7,KADOKAWA　∥　カドカワ:5 | KADOKAWA:2,KADOKAWA　∥　カドカワ,"KADOKAWA=[6, 7]",no,"[6, 7]"
wild-strawberry,ワイルドストロベリー,7,集英社　∥　シュウエイシャ:3 | 集英社:3,集英社　∥　シュウエイシャ,"集英社=[5, 6, 7]",no,"[5, 6, 7]"
yakyuu-no-hoshi-mettoman,野球の星メットマン,7,小学館　∥　ショウガクカン:6 | 小学館:1,小学館　∥　ショウガクカン,小学館=[2],no,[2]
yane-beya-no-koushaku-fujin,屋根裏部屋の公爵夫人,7,KADOKAWA　∥　カドカワ:5 | KADOKAWA:2,KADOKAWA　∥　カドカワ,"KADOKAWA=[6, 7]",no,"[6, 7]"
yomeiri-no-susume,嫁入りのススメ,7,小学館クリエイティブ　∥　ショウガクカンクリエイティブ:5 | 小学館クリエイティブ:2,小学館クリエイティブ　∥　ショウガクカンクリエイティブ,"小学館クリエイティブ=[6, 7]",no,"[6, 7]"
yonshimai-elf-wa-yoru-o-omachikane,四姉妹(エルフ)は夜をおまちかね,7,KADOKAWA　∥　カドカワ:5 | KADOKAWA:2,KADOKAWA　∥　カドカワ,"KADOKAWA=[6, 7]",no,"[6, 7]"
youkoso-tsuihousha-guild-e,ようこそ『追放者ギルド』へ,7,KADOKAWA　∥　カドカワ:5 | KADOKAWA:2,KADOKAWA　∥　カドカワ,"KADOKAWA=[6, 7]",no,"[6, 7]"
yubiwa-no-eranda-konyakusha,指輪の選んだ婚約者,7,KADOKAWA　∥　カドカワ:6 | KADOKAWA:1,KADOKAWA　∥　カドカワ,KADOKAWA=[7],no,[7]
yuki-to-sumi,雪と墨,7,講談社　∥　コウダンシャ:5 | 講談社:2,講談社　∥　コウダンシャ,"講談社=[8, 9]",no,"[8, 9]"
yumenashi-sensei-no-shinro-shidou,夢なし先生の進路指導,7,小学館　∥　ショウガクカン:3 | 小学館:3,小学館　∥　ショウガクカン,"小学館=[5, 6, 7]",no,"[5, 6, 7]"
yuri-ni-hasamaru-otoko-wa-shineba-ii,百合にはさまる男は死ねばいい!?,7,[頒布]幻冬舎　∥　ゲントウシャ:5 | [頒布]幻冬舎:1,[頒布]幻冬舎　∥　ゲントウシャ,[頒布]幻冬舎=[7],no,[7]
yuru-fuwa-nouka-no-mojibake-skill,ゆるふわ農家の文字化けスキル,7,スクウェア・エニックス　∥　スクウェア ・ エニックス:6 | スクウェア・エニックス:1,スクウェア・エニックス　∥　スクウェア ・ エニックス,スクウェア・エニックス=[7],no,[7]
yuureiou,幽霊王,7,キルタイムコミュニケーション　∥　キル タイム コミュニケーション:5 | キルタイムコミュニケーション　∥　キルタイムコミュニケーション:2,キルタイムコミュニケーション　∥　キル タイム コミュニケーション,"キルタイムコミュニケーション　∥　キルタイムコミュニケーション=[6, 7]",no,"[6, 7]"
yuusha-no-haha-desu-maougun-no-kanbu-ni-narimashita,勇者の母ですが、魔王軍の幹部になりました。,7,徳間書店:4 | Amazia　∥　アメイジア:3,徳間書店,"Amazia　∥　アメイジア=[1, 2, 3]",no,"[1, 2, 3]"
yuushun-no-mon-asumi,優駿の門アスミ,7,秋田書店　∥　アキタ ショテン:5 | 秋田書店　∥　アキタショテン:2,秋田書店　∥　アキタ ショテン,"秋田書店　∥　アキタショテン=[6, 7]",no,"[6, 7]"
zettai-harem,絶対★はーれむ,7,双葉社　∥　フタバシャ:4 | エンジェル出版　∥　エンジェル シュッパン:3,双葉社　∥　フタバシャ,"エンジェル出版　∥　エンジェル シュッパン=[5, 6, 7]",no,"[5, 6, 7]"
009-re-cyborg,009 RE:CYBORG,6,スクウェア ・ エニックス　∥　スクウェア エニックス:2 | スクウェア・エニックス　∥　スクウェア エニックス:2 | スクウェア・エニックス　∥　スクウェア ・ エニックス:2,スクウェア ・ エニックス　∥　スクウェア エニックス,"スクウェア・エニックス　∥　スクウェア エニックス=[3, 4];スクウェア・エニックス　∥　スクウェア ・ エニックス=[5, 6]",no,"[3, 4, 5, 6]"
1-nichi-2-kai,1日2回,6,集英社　∥　シュウエイシャ:5 | 集英社:1,集英社　∥　シュウエイシャ,集英社=[6],no,[6]
10-nenkan-karada-o-nottorare-akujo-ni-natte-ita-watashi-ni-nido-to-kao-o-miseru-na-to-konyaku-haki,10年間身体を乗っ取られ悪女になっていた私に、二度と顔を見せるなと婚約破棄してきた騎士様が今日も縋ってくる,6,講談社　∥　コウダンシャ:4 | 講談社:2,講談社　∥　コウダンシャ,"講談社=[6, 7]",no,"[6, 7]"
25ji-akasaka-de,25時、赤坂で,6,祥伝社　∥　ショウデンシャ:4 | 祥伝社:1,祥伝社　∥　ショウデンシャ,祥伝社=[6],no,[6]
3-byougo-yajuu,3秒後、野獣。,6,[頒布]星雲社 (発売)　∥　セイウンシャ:4 | [頒布]星雲社　∥　セイウンシャ:1 | [頒布]星雲社:1,[頒布]星雲社 (発売)　∥　セイウンシャ,[頒布]星雲社　∥　セイウンシャ=[6];[頒布]星雲社=[7],no,"[6, 7]"
99-kai-danzai-sareta-loop-reijou-desu-konsei-wa-chouzetsu-aisare-mode-desutte,99回断罪されたループ令嬢ですが今世は「超絶愛されモード」ですって!?,6,[頒布]星雲社　∥　セイウンシャ:2 | [頒布]星雲社:2 | [頒布]星雲社 (発売)　∥　セイウンシャ:1,[頒布]星雲社　∥　セイウンシャ,"[頒布]星雲社 (発売)　∥　セイウンシャ=[1];[頒布]星雲社=[5, 6]",no,"[1, 5, 6]"
aaru-teii-ee-sousha-wa-game-sekai-kara-kaerenai,RTA走者はゲーム世界から帰れない,6,KADOKAWA　∥　カドカワ:3 | KADOKAWA:3,KADOKAWA　∥　カドカワ,"KADOKAWA=[4, 5, 6]",no,"[4, 5, 6]"
acca-13-ku-kansatsuka,ACCA 13区監察課,6,スクウェア・エニックス　∥　スクウェア ・ エニックス:4 | スクウェア・エニックス　∥　スクウェア エニックス:2,スクウェア・エニックス　∥　スクウェア ・ エニックス,"スクウェア・エニックス　∥　スクウェア エニックス=[1, 2]",no,"[1, 2]"
aijin-shikkaku,愛人・失格,6,秋田書店　∥　アキタショテン:5 | 秋田書店:1,秋田書店　∥　アキタショテン,秋田書店=[6],no,[6]
akaneko-no-akuma,あかねこの悪魔,6,[発売]角川グループパブリッシング　∥　カドカワ グループ パブリッシング:4 | [発売]角川グループパブリッシング　∥　カドカワグループパブリッシング:2,[発売]角川グループパブリッシング　∥　カドカワ グループ パブリッシング,"[発売]角川グループパブリッシング　∥　カドカワグループパブリッシング=[5, 6]",no,"[5, 6]"
akira-no-2,アキラno. 2,6,少年画報社　∥　ショウネンガホウシャ:5 | 少年画報社　∥　ショウネン ガホウシャ:1,少年画報社　∥　ショウネンガホウシャ,少年画報社　∥　ショウネン ガホウシャ=[1],no,[1]
aku-no-hanamichi-o-ikimashou,悪の華道を行きましょう,6,[頒布]講談社　∥　コウダンシャ:4 | [頒布]講談社:1,[頒布]講談社　∥　コウダンシャ,[頒布]講談社=[6],no,[6]
akuyaku-reijou-no-naka-no-hito,悪役令嬢の中の人,6,[頒布]講談社 (発売)　∥　コウダンシャ:3 | [頒布]講談社　∥　コウダンシャ:1 | [頒布]講談社:1,[頒布]講談社 (発売)　∥　コウダンシャ,[頒布]講談社　∥　コウダンシャ=[4];[頒布]講談社=[6],no,"[4, 6]"
akuyaku-reijou-route-ga-nai-nante-dare-ga-itta-no,悪役令嬢ルートがないなんて、誰が言ったの?,6,KADOKAWA　∥　カドカワ:4 | KADOKAWA:1,KADOKAWA　∥　カドカワ,KADOKAWA=[6],no,[6]
akuyaku-reijou-to-akuyaku-reisoku-ga-deatte-koi-ni-ochita-nara,悪役令嬢と悪役令息が、出逢って恋に落ちたなら,6,SBクリエイティブ　∥　エスビークリエイティブ:3 | SBクリエイティブ:3,SBクリエイティブ　∥　エスビークリエイティブ,"SBクリエイティブ=[4, 5, 6]",no,"[4, 5, 6]"
akuyaku-reijou-wa-dekiai-route-ni-hairimashita,悪役令嬢は溺愛ルートに入りました!?,6,スクウェア・エニックス　∥　スクウェア ・ エニックス:4 | スクウェア・エニックス:2,スクウェア・エニックス　∥　スクウェア ・ エニックス,"スクウェア・エニックス=[5, 6]",no,"[5, 6]"
akuyaku-reijou-wa-kyou-mo-karei-ni-anyakusuru,悪役令嬢は今日も華麗に暗躍する,6,スクウェア・エニックス　∥　スクウェア ・ エニックス:4 | スクウェア・エニックス:1,スクウェア・エニックス　∥　スクウェア ・ エニックス,スクウェア・エニックス=[6],no,[6]
alice-uchuu-made-mo,ありす、宇宙までも,6,小学館:5 | 小学館　∥　ショウガクカン:1,小学館,小学館　∥　ショウガクカン=[1],no,[1]
almark,アルマーク,6,KADOKAWA　∥　カドカワ:3 | KADOKAWA:2,KADOKAWA　∥　カドカワ,"KADOKAWA=[5, 6]",no,"[5, 6]"
amarimono-isekaijin-no-jiyuu-seikatsu,余りモノ異世界人の自由生活,6,[頒布]星雲社 (発売)　∥　セイウンシャ:2 | [頒布]星雲社:2 | [頒布]星雲社　∥　セイウンシャ:1,[頒布]星雲社 (発売)　∥　セイウンシャ,"[頒布]星雲社　∥　セイウンシャ=[3];[頒布]星雲社=[5, 6]",no,"[3, 5, 6]"
ane-ga-kensei-de-imouto-ga-kenja-de,姉が剣聖で妹が賢者で,6,[頒布]一二三書房　∥　ヒフミショボウ:5 | 一二三書房:1,[頒布]一二三書房　∥　ヒフミショボウ,一二三書房=[6],no,[6]
animetenchou,アニメ店長,6,一迅社　∥　イチジンシャ:4 | 一賽舎　∥　イッサイシャ:1,一迅社　∥　イチジンシャ,一賽舎　∥　イッサイシャ=[1],no,[1]
anna-comnena,アンナ・コムネナ,6,[頒布]講談社 (発売)　∥　コウダンシャ:4 | [頒布]講談社　∥　コウダンシャ:1 | [頒布]講談社:1,[頒布]講談社 (発売)　∥　コウダンシャ,[頒布]講談社　∥　コウダンシャ=[5];[頒布]講談社=[6],no,"[5, 6]"
ansatsusha-de-aru-ore-no-suteetasu-ga-yuusha-yorimo-akiraka-ni-tsuyoi-nodaga,暗殺者である俺のステータスが勇者よりも明らかに強いのだが,6,オーバーラップ　∥　オーバーラップ:5 | オーバーラップ:1,オーバーラップ　∥　オーバーラップ,オーバーラップ=[6],no,[6]
ao-no-furin,蒼の不倫,6,日本文芸社　∥　ニホン ブンゲイシャ:4 | 日本文芸社:2,日本文芸社　∥　ニホン ブンゲイシャ,"日本文芸社=[5, 6]",no,"[5, 6]"
ayakashi-oniyome-konin-tan,あやかし鬼嫁婚姻譚,6,[頒布]星雲社:3 | [頒布]星雲社 (発売)　∥　セイウンシャ:2 | [頒布]星雲社　∥　セイウンシャ:1,[頒布]星雲社,"[頒布]星雲社 (発売)　∥　セイウンシャ=[1, 2];[頒布]星雲社　∥　セイウンシャ=[3]",no,"[1, 2, 3]"
back-home-blues,バックホームブルース,6,小学館:4 | 小学館　∥　ショウガクカン:1,小学館,小学館　∥　ショウガクカン=[1],no,[1]
baeru-koi-toka-shirimasen,映える恋とか知りません,6,集英社　∥　シュウエイシャ:3 | 集英社:2,集英社　∥　シュウエイシャ,"集英社=[5, 6]",no,"[5, 6]"
baki-rahen,刃牙らへん,6,秋田書店:4 | 秋田書店　∥　アキタショテン:1,秋田書店,秋田書店　∥　アキタショテン=[1],no,[1]
bannou-murazukuri-cheat-de-otegaru-surooraifu,万能「村づくり」チートでお手軽スローライフ,6,スクウェア・エニックス　∥　スクウェア ・ エニックス:4 | スクウェア・エニックス:2,スクウェア・エニックス　∥　スクウェア ・ エニックス,"スクウェア・エニックス=[5, 6]",no,"[5, 6]"
biblia-koshodou-no-jiken-techou,ビブリア古書堂の事件手帖,6,KADOKAWA　∥　カドカワ:3 | [発売]角川グループパブリッシング　∥　カドカワグループパブリッシング:2 | [発売]KADOKAWA　∥　カドカワ:1,KADOKAWA　∥　カドカワ,"[発売]角川グループパブリッシング　∥　カドカワグループパブリッシング=[1, 2];[発売]KADOKAWA　∥　カドカワ=[3]",no,"[1, 2, 3]"
binetsu-kuukan,微熱空間,6,白泉社　∥　ハクセンシャ:5 | 白泉社:1,白泉社　∥　ハクセンシャ,白泉社=[6],no,[6]
blue-giant-momentum,BLUE GIANT MOMENTUM,6,小学館:4 | 小学館　∥　ショウガクカン:2,小学館,"小学館　∥　ショウガクカン=[1, 2]",no,"[1, 2]"
boku-no-suki-na-hito-ga-suki-na-hito,ぼくの好きな人が好きな人,6,白泉社　∥　ハクセンシャ:3 | 白泉社:3,白泉社　∥　ハクセンシャ,"白泉社=[4, 5, 6]",no,"[4, 5, 6]"
boku-otariiman,ぼく、オタリーマン。,6,中経出版　∥　チュウケイ シュッパン:3 | 中経出版　∥　チュウケイシュッパン:3,中経出版　∥　チュウケイ シュッパン,"中経出版　∥　チュウケイシュッパン=[4, 5, 6]",no,"[4, 5, 6]"
boku-wa-isekai-de-fuyo-mahou-to-shoukan-mahou-o-tenbin-ni-kakeru,ぼくは異世界で付与魔法と召喚魔法を天秤にかける,6,KADOKAWA　∥　カドカワ:4 | KADOKAWA:2,KADOKAWA　∥　カドカワ,"KADOKAWA=[5, 6]",no,"[5, 6]"
bokunchi-jiko-bukken,ボクんち事故物件,6,竹書房　∥　タケショボウ:5 | 竹書房:1,竹書房　∥　タケショボウ,竹書房=[6],no,[6]
bootsleg,ブーツレグ,6,講談社　∥　コウダンシャ:5 | 講談社:1,講談社　∥　コウダンシャ,講談社=[6],no,[6]
boukensha-no-fuku-tsukurimasu,冒険者の服、作ります!,6,KADOKAWA　∥　カドカワ:5 | KADOKAWA:1,KADOKAWA　∥　カドカワ,KADOKAWA=[6],no,[6]
boukyaku-seijo,忘却聖女,6,スクウェア・エニックス　∥　スクウェア ・ エニックス:4 | スクウェア・エニックス:2,スクウェア・エニックス　∥　スクウェア ・ エニックス,"スクウェア・エニックス=[5, 6]",no,"[5, 6]"
brave-bell,BRAVE BELL,6,講談社　∥　コウダンシャ:5 | 講談社:1,講談社　∥　コウダンシャ,講談社=[6],no,[6]
buddy-spirits,バディスピリッツ,6,[発売]小学館クリエイティブ　∥　ショウガクカンクリエイティブ:5 | [発売]小学館クリエイティブ　∥　ショウガクカン クリエイティブ:1,[発売]小学館クリエイティブ　∥　ショウガクカンクリエイティブ,[発売]小学館クリエイティブ　∥　ショウガクカン クリエイティブ=[1],no,[1]
bukiyou-na-takumi-chan,不器用な匠ちゃん,6,KADOKAWA　∥　カドカワ:3 | メディアファクトリー　∥　メディアファクトリー:2 | メディアファクトリー　∥　メディア ファクトリー:1,KADOKAWA　∥　カドカワ,"メディアファクトリー　∥　メディア ファクトリー=[1];メディアファクトリー　∥　メディアファクトリー=[2, 3]",no,"[1, 2, 3]"
bukiyouna-silent,不器用なサイレント,6,リブレ出版　∥　リブレ シュッパン:4 | リブレ　∥　リブレ:1,リブレ出版　∥　リブレ シュッパン,リブレ　∥　リブレ=[6],no,[6]
burutaanyu-hanayome-ibun,ブルターニュ花嫁異聞,6,徳間書店　∥　トクマ ショテン:4 | 徳間書店:2,徳間書店　∥　トクマ ショテン,"徳間書店=[5, 6]",no,"[5, 6]"
busu-nante-iwanaide,ブスなんて言わないで,6,講談社　∥　コウダンシャ:4 | 講談社:1,講談社　∥　コウダンシャ,講談社=[6],no,[6]
cake-bomb,Cake×Bomb,6,小学館:4 | 小学館　∥　ショウガクカン:1,小学館,小学館　∥　ショウガクカン=[1],no,[1]
cardfight-vanguard-youthquake,カードファイト!!ヴァンガードYouthQuake,6,[頒布]KADOKAWA (発売)　∥　カドカワ:2 | [頒布]KADOKAWA　∥　カドカワ:2 | [頒布]KADOKAWA:2,[頒布]KADOKAWA (発売)　∥　カドカワ,"[頒布]KADOKAWA　∥　カドカワ=[3, 4];[頒布]KADOKAWA=[5, 6]",no,"[3, 4, 5, 6]"
catulus-syndrome,猫娘症候群 (かとるすしんどろーむ),6,[発売]講談社　∥　コウダンシャ:4 | [頒布]講談社　∥　コウダンシャ:2,[発売]講談社　∥　コウダンシャ,"[頒布]講談社　∥　コウダンシャ=[5, 6]",no,"[5, 6]"
cheat-tensei-neko-wa-yome-no-hiza-de-maruku-naritai,チート転生した猫は嫁の膝で丸くなりたい,6,竹書房　∥　タケ ショボウ:4 | 竹書房:2,竹書房　∥　タケ ショボウ,"竹書房=[5, 6]",no,"[5, 6]"
chi-o-hau-boukoku-no-joou,血を這う亡国の王女,6,スクウェア・エニックス　∥　スクウェア ・ エニックス:3 | スクウェア・エニックス:3,スクウェア・エニックス　∥　スクウェア ・ エニックス,"スクウェア・エニックス=[4, 5, 6]",no,"[4, 5, 6]"
chihayafuru-plus,ちはやふるplus,6,講談社:4 | 講談社　∥　コウダンシャ:2,講談社,"講談社　∥　コウダンシャ=[1, 2]",no,"[1, 2]"
chijou-100-kai,地上100階,6,LINE Digital Frontier　∥　ラインデジタルフロンティア:4 | LINE　∥　ライン:2,LINE Digital Frontier　∥　ラインデジタルフロンティア,"LINE　∥　ライン=[1, 2]",no,"[1, 2]"
chika-noko,ちかのこ,6,[発売]廣済堂出版　∥　コウサイドウシュッパン:4 | メディエイション　∥　メディエイション:1 | [頒布]廣済堂出版 (発売)　∥　コウサイドウシュッパン:1,[発売]廣済堂出版　∥　コウサイドウシュッパン,メディエイション　∥　メディエイション=[5];[頒布]廣済堂出版 (発売)　∥　コウサイドウシュッパン=[6],no,"[5, 6]"
chira-chiller,チラチラ,6,小学館:4 | 小学館　∥　ショウガクカン:2,小学館,"小学館　∥　ショウガクカン=[1, 2]",no,"[1, 2]"
chou-jikuu-yousai-macross-za-first,超時空要塞マクロスTHE FIRST,6,[発売]角川グループパブリッシング　∥　カドカワ グループ パブリッシング:3 | [発売]角川グループパブリッシング　∥　カドカワグループパブリッシング:2 | KADOKAWA　∥　カドカワ:1,[発売]角川グループパブリッシング　∥　カドカワ グループ パブリッシング,"[発売]角川グループパブリッシング　∥　カドカワグループパブリッシング=[4, 5];KADOKAWA　∥　カドカワ=[6]",no,"[4, 5, 6]"
choujun-choujou-senpai,超巡!超条先輩,6,集英社:5 | 集英社　∥　シュウエイシャ:1,集英社,集英社　∥　シュウエイシャ=[1],no,[1]
class-mushoku-no-eiyuu-tan,クラス《無職》の英雄譚,6,秋田書店　∥　アキタショテン:4 | 秋田書店:2,秋田書店　∥　アキタショテン,"秋田書店=[5, 6]",no,"[5, 6]"
class-no-bocchi-gal-o-omochikaeri-shite-seisokei-bijin-ni-shiteyatta-hanashi,クラスのぼっちギャルをお持ち帰りして清楚系美人にしてやった話,6,SBクリエイティブ　∥　エスビークリエイティブ:3 | SBクリエイティブ:3,SBクリエイティブ　∥　エスビークリエイティブ,"SBクリエイティブ=[4, 5, 6]",no,"[4, 5, 6]"
colori-colore-creare,Colori colore creare,6,マッグガーデン　∥　マッグ ガーデン:4 | マッグガーデン:2,マッグガーデン　∥　マッグ ガーデン,"マッグガーデン=[7, 8]",no,"[7, 8]"
cry-anoko-to-shitai-koto,くらいあの子としたいこと,6,KADOKAWA　∥　カドカワ:4 | KADOKAWA:1,KADOKAWA　∥　カドカワ,KADOKAWA=[6],no,[6]
d-no-gorugota,Dの十字架(ゴルゴタ),6,LINE Digital Frontier　∥　ラインデジタルフロンティア:4 | LINE　∥　ライン:2,LINE Digital Frontier　∥　ラインデジタルフロンティア,"LINE　∥　ライン=[1, 2]",no,"[1, 2]"
dadadadan,ダダダダン。,6,[発売]角川グループパブリッシング　∥　カドカワグループパブリッシング:3 | [発売]角川グループパブリッシング　∥　カドカワ グループ パブリッシング:2 | [発売]KADOKAWA　∥　カドカワ:1,[発売]角川グループパブリッシング　∥　カドカワグループパブリッシング,"[発売]角川グループパブリッシング　∥　カドカワ グループ パブリッシング=[1, 2];[発売]KADOKAWA　∥　カドカワ=[6]",no,"[1, 2, 6]"
dai-3-ouji-wa-surooraifu-o-go-goshomou,第3王子はスローライフをご所望,6,竹書房　∥　タケ ショボウ:3 | 竹書房:2,竹書房　∥　タケ ショボウ,"竹書房=[5, 6]",no,"[5, 6]"
dai-yogensha-ha-zense-kara-nigeru-sanshuume-ha-koushaku-reijou-ni-tensei-shita-kara-barairo-life-o,大預言者は前世から逃げる,6,KADOKAWA　∥　カドカワ:5 | KADOKAWA:1,KADOKAWA　∥　カドカワ,KADOKAWA=[6],no,[6]
daikaijuu-geaachima,大怪獣ゲァーチマ,6,講談社　∥　コウダンシャ:3 | 講談社:3,講談社　∥　コウダンシャ,"講談社=[6, 7, 8]",no,"[6, 7, 8]"
dainana-ouji-ni-umaretakedo-nani-suryaiino,第七王子に生まれたけど、何すりゃいいの?,6,[頒布]講談社　∥　コウダンシャ:5 | [発売]講談社　∥　コウダンシャ:1,[頒布]講談社　∥　コウダンシャ,[発売]講談社　∥　コウダンシャ=[1],no,[1]
daitesuryou-koubouki,ダィテス領攻防記,6,[発売]星雲社　∥　セイウンシャ:4 | [頒布]星雲社 (発売)　∥　セイウンシャ:2,[発売]星雲社　∥　セイウンシャ,"[頒布]星雲社 (発売)　∥　セイウンシャ=[5, 6]",no,"[5, 6]"
danna-sama-sorosoro-rikon-shimasen-ka,旦那サマ、そろそろ離婚しませんか?,6,[頒布]青泉社　∥　セイセンシャ:3 | [頒布]青泉社:2,[頒布]青泉社　∥　セイセンシャ,"[頒布]青泉社=[5, 6]",no,"[5, 6]"
danzai-sareta-dame-ouji-hiroimashita,断罪されたダメ王子、拾いました。,6,オーバーラップ:5 | オーバーラップ　∥　オーバーラップ:1,オーバーラップ,オーバーラップ　∥　オーバーラップ=[1],no,[1]
danzai-sarete-iru-akuyaku-reijou-to-irekawatte-konyakusha-tachi-o-butsu-tobashitara-dekiai-ga-matte,断罪されている悪役令嬢と入れ替わって婚約者たちをぶっ飛ばしたら、溺愛が待っていました,6,双葉社　∥　フタバシャ:3 | 双葉社:3,双葉社　∥　フタバシャ,"双葉社=[4, 5, 6]",no,"[4, 5, 6]"
dead-rock,DEAD ROCK,6,講談社　∥　コウダンシャ:3 | 講談社:3,講談社　∥　コウダンシャ,"講談社=[4, 5, 6]",no,"[4, 5, 6]"
death-game-manga-no-kuromaku-satsujinki-no-imouto-ni-tensei-shite-shippai-shita,デスゲーム漫画の黒幕殺人鬼の妹に転生して失敗した,6,KADOKAWA　∥　カドカワ:5 | KADOKAWA:1,KADOKAWA　∥　カドカワ,KADOKAWA=[6],no,[6]
dekasegi-reijou-no-konyaku-soudou,出稼ぎ令嬢の婚約騒動,6,[頒布]講談社　∥　コウダンシャ:5 | [頒布]講談社:1,[頒布]講談社　∥　コウダンシャ,[頒布]講談社=[6],no,[6]
dekasugi-dekka-kun,デカ杉デッカくん,6,小学館　∥　ショウガクカン:4 | 小学館:1,小学館　∥　ショウガクカン,小学館=[6],no,[6]
destro-016,デストロ016,6,小学館　∥　ショウガクカン:4 | 小学館:2,小学館　∥　ショウガクカン,"小学館=[5, 6]",no,"[5, 6]"
devil-summoner-kuzunoha-raidou-tai-kodoku-no-marebito,デビルサマナー葛葉ライドウ対コドクノマレビト,6,[発売]角川グループパブリッシング　∥　カドカワ グループ パブリッシング:4 | [発売]角川グループパブリッシング　∥　カドカワグループパブリッシング:2,[発売]角川グループパブリッシング　∥　カドカワ グループ パブリッシング,"[発売]角川グループパブリッシング　∥　カドカワグループパブリッシング=[5, 6]",no,"[5, 6]"
dore-ga-koi-ka-ga-wakaranai,どれが恋かがわからない,6,KADOKAWA　∥　カドカワ:4 | KADOKAWA:2,KADOKAWA　∥　カドカワ,"KADOKAWA=[5, 6]",no,"[5, 6]"
douka-ore-o-houtteoitekure,どうか俺を放っておいてくれ,6,スクウェア・エニックス　∥　スクウェア ・ エニックス:4 | スクウェア・エニックス:1,スクウェア・エニックス　∥　スクウェア ・ エニックス,スクウェア・エニックス=[6],no,[6]
doumo-suki-na-hito-ni-horegusuri-o-irai-sareta-majo-desu,どうも、好きな人に惚れ薬を依頼された魔女です。,6,KADOKAWA　∥　カドカワ:4 | KADOKAWA:2,KADOKAWA　∥　カドカワ,"KADOKAWA=[5, 6]",no,"[5, 6]"
douyara-boku-no-hanayome-wa-onna-kishidan-na-youde,どうやらボクの花嫁は女騎士団なようで。,6,竹書房　∥　タケ ショボウ:5 | 竹書房:1,竹書房　∥　タケ ショボウ,竹書房=[6],no,[6]
dungeon-ni-deai-o-motomeru-nowa-machigatte-iru-darouka-2,ダンジョンに出会いを求めるのは間違っているだろうかⅡ,6,スクウェア・エニックス　∥　スクウェア ・ エニックス:5 | スクウェア・エニックス:1,スクウェア・エニックス　∥　スクウェア ・ エニックス,スクウェア・エニックス=[6],no,[6]
dungeon-ni-hisomu-yandere-na-kanojo-ni-ore-wa-nando-mo-korosareru,ダンジョンに潜むヤンデレな彼女に俺は何度も殺される,6,KADOKAWA　∥　カドカワ:3 | KADOKAWA:2,KADOKAWA　∥　カドカワ,"KADOKAWA=[5, 6]",no,"[5, 6]"
dungeon-no-naka-no-hito,ダンジョンの中のひと,6,双葉社　∥　フタバシャ:5 | 双葉社:1,双葉社　∥　フタバシャ,双葉社=[6],no,[6]
edo-no-furin-wa-shi-no-kaori,江戸の不倫は死の香り,6,リイド社:4 | リイド社　∥　リイドシャ:2,リイド社,"リイド社　∥　リイドシャ=[1, 2]",no,"[1, 2]"
eeaaru-maruchipuru-savaivu,AR/MS(マルチプル・サヴァイヴ)!!,6,ジーオーティー　∥　ジーオーティー:5 | ジーオーティー:1,ジーオーティー　∥　ジーオーティー,ジーオーティー=[6],no,[6]
eiyuu-densetsu-sora-no-kiseki,英雄伝説空の軌跡,6,[発売]角川グループパブリッシング　∥　カドカワ グループ パブリッシング:3 | [発売]角川グループパブリッシング　∥　カドカワグループパブリッシング:2,[発売]角川グループパブリッシング　∥　カドカワ グループ パブリッシング,"[発売]角川グループパブリッシング　∥　カドカワグループパブリッシング=[4, 5]",no,"[4, 5]"
eiyuuou-bu-o-kiwameru-tame-tenseisu,英雄王、武を極めるため転生す,6,ホビージャパン　∥　ホビー ジャパン:5 | ホビージャパン:1,ホビージャパン　∥　ホビー ジャパン,ホビージャパン=[6],no,[6]
enjiya,演じ屋,6,大誠社　∥　タイセイシャ:5 | 大誠社:1,大誠社　∥　タイセイシャ,大誠社=[6],no,[6]
erotic-x-anabolic,エロティック×アナボリック,6,秋田書店　∥　アキタショテン:4 | 秋田書店:2,秋田書店　∥　アキタショテン,"秋田書店=[5, 6]",no,"[5, 6]"
etchina-oshiri-ja-dame-desuka,えっちなお尻じゃダメですか?,6,海王社　∥　カイオウシャ:5 | 海王社:1,海王社　∥　カイオウシャ,海王社=[6],no,[6]
etsu-nouryoku-nashi-de-party-tsuihousareta-sareta-ore-ga-zen-zokusei-mahou-tsukai,えっ、能力なしでパーティ追放された俺が全属性魔法使い!?,6,[頒布]星雲社　∥　セイウンシャ:2 | [頒布]星雲社:2 | [頒布]星雲社 (発売)　∥　セイウンシャ:1,[頒布]星雲社　∥　セイウンシャ,"[頒布]星雲社 (発売)　∥　セイウンシャ=[1];[頒布]星雲社=[5, 6]",no,"[1, 5, 6]"
fate-extra,フェイト/エクストラ,6,[発売]角川グループパブリッシング　∥　カドカワ グループ パブリッシング:2 | KADOKAWA　∥　カドカワ:2 | [発売]角川グループパブリッシング　∥　カドカワグループパブリッシング:1 | [発売]KADOKAWA　∥　カドカワ:1,[発売]角川グループパブリッシング　∥　カドカワ グループ パブリッシング,"[発売]角川グループパブリッシング　∥　カドカワグループパブリッシング=[3];[発売]KADOKAWA　∥　カドカワ=[4];KADOKAWA　∥　カドカワ=[5, 6]",no,"[3, 4, 5, 6]"
fate-grand-order-epic-of-remnant-ashu-tokuiten-1-akusei-kakuzetsu-makyou-shinjuku-shinjuku-genrei,Fate/Grand Order-Epic of Remnant-亜種特異点1悪性隔絶魔境新宿 新宿幻霊事件,6,KADOKAWA　∥　カドカワ:5 | KADOKAWA:1,KADOKAWA　∥　カドカワ,KADOKAWA=[6],no,[6]
fate-grand-order-epic-of-remnant-ashu-tokuiten-3-ashu-heikou-sekai-shizan-ketsuga-butai,Fate/Grand Order-Epic of Remnant-亜種特異点3/亜種並行世界 屍山血河舞台 下総国 英霊剣豪七番勝負,6,講談社　∥　コウダンシャ:5 | 講談社:1,講談社　∥　コウダンシャ,講談社=[6],no,[6]
fate-grand-order-fujimaru-ritsuka-wa-wakaranai,Fate/Grand Order藤丸立香はわからない,6,KADOKAWA　∥　カドカワ:4 | KADOKAWA:2,KADOKAWA　∥　カドカワ,"KADOKAWA=[5, 6]",no,"[5, 6]"
fire-emblem-engage,ファイアーエムブレムエンゲージ,6,集英社　∥　シュウエイシャ:3 | 集英社:2,集英社　∥　シュウエイシャ,"集英社=[5, 6]",no,"[5, 6]"
fukuonsei-wa-urusai-juubun-ni,副音声はうるさい十分に,6,MUGENUP　∥　ムゲンアップ:4 | MUGENUP:1,MUGENUP　∥　ムゲンアップ,MUGENUP=[6],no,[6]
fukushokushi-ruchia-wa-akiramenai,服飾師ルチアはあきらめない,6,フロンティアワークス　∥　フロンティアワークス:4 | フロンティアワークス:2,フロンティアワークス　∥　フロンティアワークス,"フロンティアワークス=[5, 6]",no,"[5, 6]"
fukushuu-o-chikatta-shironeko-wa-ryuuou-no-hiza-no-ue-de-damin-o-musaboru,復讐を誓った白猫は竜王の膝の上で惰眠をむさぼる,6,KADOKAWA　∥　カドカワ:4 | KADOKAWA:2,KADOKAWA　∥　カドカワ,"KADOKAWA=[5, 6]",no,"[5, 6]"
full-metal-panic-another,フルメタル・パニック!アナザー,6,[発売]角川グループパブリッシング　∥　カドカワグループパブリッシング:2 | [発売]角川グループパブリッシング　∥　カドカワ グループ パブリッシング:1 | [発売]KADOKAWA　∥　カドカワ:1 | KADOKAWA　∥　カドカワ:1 | KADOKAWA:1,[発売]角川グループパブリッシング　∥　カドカワグループパブリッシング,[発売]角川グループパブリッシング　∥　カドカワ グループ パブリッシング=[1];[発売]KADOKAWA　∥　カドカワ=[4];KADOKAWA　∥　カドカワ=[5];KADOKAWA=[6],no,"[1, 4, 5, 6]"
fundari-kettari-aishitari,踏んだり、蹴ったり、愛したり,6,KADOKAWA　∥　カドカワ:4 | KADOKAWA:2,KADOKAWA　∥　カドカワ,"KADOKAWA=[5, 6]",no,"[5, 6]"
fushiou-wa-surooraifu-o-kibou-shimasu,不死王はスローライフを希望します,6,[頒布]星雲社 (発売)　∥　セイウンシャ:2 | [頒布]星雲社:2 | [頒布]星雲社　∥　セイウンシャ:1,[頒布]星雲社 (発売)　∥　セイウンシャ,"[頒布]星雲社　∥　セイウンシャ=[3];[頒布]星雲社=[5, 6]",no,"[3, 5, 6]"
gaishuu-isshoku,ガイシューイッショク!,6,小学館　∥　ショウガクカン:5 | 小学館:1,小学館　∥　ショウガクカン,小学館=[6],no,[6]
gakuya-no-tona-kun,楽屋のトナくん,6,講談社　∥　コウダンシャ:4 | 講談社:2,講談社　∥　コウダンシャ,"講談社=[5, 6]",no,"[5, 6]"
gal-ni-yasashii-wotaku-kun,ギャルに優しいオタク君,6,スクウェア・エニックス:4 | スクウェア・エニックス　∥　スクウェア ・ エニックス:2,スクウェア・エニックス,"スクウェア・エニックス　∥　スクウェア ・ エニックス=[1, 2]",no,"[1, 2]"
gaman-shite-kudasai-taikou-sama,我慢してください、大公様,6,KADOKAWA　∥　カドカワ:4 | KADOKAWA:2,KADOKAWA　∥　カドカワ,"KADOKAWA=[5, 6]",no,"[5, 6]"
game-suit-no-sukima,GAME-スーツの隙間-,6,白泉社　∥　ハクセンシャ:5 | 白泉社:1,白泉社　∥　ハクセンシャ,白泉社=[6],no,[6]
gesokon-funjaimashita,下足痕踏んじゃいました,6,白泉社　∥　ハクセンシャ:4 | 白泉社:2,白泉社　∥　ハクセンシャ,"白泉社=[5, 6]",no,"[5, 6]"
ginga-tetsudou-999-andoromedahen,銀河鉄道999アンドロメダ編,6,[頒布]小学館 (発売)　∥　ショウガクカン:4 | [頒布]小学館　∥　ショウガクカン:2,[頒布]小学館 (発売)　∥　ショウガクカン,"[頒布]小学館　∥　ショウガクカン=[9, 10]",no,"[9, 10]"
gintarou-san-otanomi-mousu,銀太郎さんお頼み申す,6,集英社　∥　シュウエイシャ:5 | 集英社:1,集英社　∥　シュウエイシャ,集英社=[8],no,[8]
giratsuki-joushi-to-gisou-kekkon,ギラつき上司と偽装結婚!?,6,[頒布]日販アイ・ピー・エス (発売)　∥　ニッパンアイピーエス:4 | [頒布]日販アイ・ピー・エス　∥　ニッパンアイピーエス:1 | [頒布]日販アイ・ピー・エス:1,[頒布]日販アイ・ピー・エス (発売)　∥　ニッパンアイピーエス,[頒布]日販アイ・ピー・エス　∥　ニッパンアイピーエス=[5];[頒布]日販アイ・ピー・エス=[6],no,"[5, 6]"
girflet-house-no-hitsujitachi,ガーフレット寮の羊たち,6,秋田書店　∥　アキタ ショテン:3 | 秋田書店　∥　アキタショテン:3,秋田書店　∥　アキタ ショテン,"秋田書店　∥　アキタショテン=[3, 5, 6]",no,"[3, 5, 6]"
gishi-no-kawari-ni-yomei-ichinen-to-iwareru-koushaku-shisoku-sama-to-konyaku-suru-koto-ni,義姉の代わりに、余命一年と言われる侯爵子息様と婚約することになりました,6,講談社:3 | 講談社　∥　コウダンシャ:2,講談社,"講談社　∥　コウダンシャ=[1, 2]",no,"[1, 2]"
gisou-kareshi-ni-aisarete-shimaimashita,偽装カレシに愛されてしまいました,6,大誠社　∥　タイセイシャ:4 | 大誠社:1,大誠社　∥　タイセイシャ,大誠社=[6],no,[6]
gokurakugai,極楽街,6,集英社　∥　シュウエイシャ:3 | 集英社:2,集英社　∥　シュウエイシャ,"集英社=[4, 6]",no,"[4, 6]"
golden-raspberry,ゴールデンラズベリー,6,祥伝社　∥　ショウデンシャ:4 | 祥伝社:2,祥伝社　∥　ショウデンシャ,"祥伝社=[5, 6]",no,"[5, 6]"
gunners,ガンナーズ,6,KADOKAWA　∥　カドカワ:4 | [発売]角川グループパブリッシング　∥　カドカワ グループ パブリッシング:1 | [発売]角川グループホールディングス　∥　カドカワグループホールディングス:1,KADOKAWA　∥　カドカワ,[発売]角川グループパブリッシング　∥　カドカワ グループ パブリッシング=[1];[発売]角川グループホールディングス　∥　カドカワグループホールディングス=[2],no,"[1, 2]"
guuguu-datte-neko-de-aru,グーグーだって猫である,6,[発売]角川グループパブリッシング　∥　カドカワ グループ パブリッシング:2 | [発売]角川グループパブリッシング　∥　カドカワグループパブリッシング:2,[発売]角川グループパブリッシング　∥　カドカワ グループ パブリッシング,"[発売]角川グループパブリッシング　∥　カドカワグループパブリッシング=[5, 6]",no,"[5, 6]"
gyakkou-shita-akuyaku-reijou-wa-naze-maryoku-o-ushinatta-node-shinsou-no-reijou-ni-narimasu,逆行した悪役令嬢は、なぜか魔力を失ったので深窓の令嬢になります,6,KADOKAWA　∥　カドカワ:4 | KADOKAWA:2,KADOKAWA　∥　カドカワ,"KADOKAWA=[5, 6]",no,"[5, 6]"
hachigatsu-kokonoka-boku-wa-kimi-ni-kuwareru,八月九日僕は君に喰われる。,6,竹書房　∥　タケ ショボウ:5 | 竹書房:1,竹書房　∥　タケ ショボウ,竹書房=[6],no,[6]
hagu-de-owaru-wake-needaro,ハグで終わるわけねぇだろ?,6,[頒布]星雲社 (発売)　∥　セイウンシャ:4 | [発売]星雲社　∥　セイウンシャ:2,[頒布]星雲社 (発売)　∥　セイウンシャ,"[発売]星雲社　∥　セイウンシャ=[1, 2]",no,"[1, 2]"
haibasu-ni-sumu,廃バスに住む,6,KADOKAWA　∥　カドカワ:5 | KADOKAWA:1,KADOKAWA　∥　カドカワ,KADOKAWA=[6],no,[6]
hakasegatsu,ハカセがっ!!,6,[発売]角川グループパブリッシング　∥　カドカワ グループ パブリッシング:2 | [発売]角川グループパブリッシング　∥　カドカワグループパブリッシング:2 | KADOKAWA　∥　カドカワ:2,[発売]角川グループパブリッシング　∥　カドカワ グループ パブリッシング,"[発売]角川グループパブリッシング　∥　カドカワグループパブリッシング=[3, 4];KADOKAWA　∥　カドカワ=[5, 6]",yes,"[3, 4, 5, 6]"
hakoniwa-no-ie,ハコニワノイエ,6,講談社　∥　コウダンシャ:3 | 講談社:3,講談社　∥　コウダンシャ,"講談社=[4, 5, 6]",no,"[4, 5, 6]"
hakuka-ryouran,白花繚乱,6,秋田書店　∥　アキタショテン:3 | 秋田書店:3,秋田書店　∥　アキタショテン,"秋田書店=[4, 5, 6]",no,"[4, 5, 6]"
hana-yodan-to-isshokenmei,花四段といっしょ,6,朝日新聞出版　∥　アサヒシンブンシュッパン:4 | 朝日新聞出版:2,朝日新聞出版　∥　アサヒシンブンシュッパン,"朝日新聞出版=[5, 6]",no,"[5, 6]"
happy-marionnette,ハッピーマリオネット,6,集英社　∥　シュウエイシャ:4 | 集英社:1,集英社　∥　シュウエイシャ,集英社=[6],no,[6]
hare-nochi-cinderella-magical,晴れのちシンデレラmagical,6,竹書房　∥　タケ ショボウ:5 | 竹書房:1,竹書房　∥　タケ ショボウ,竹書房=[6],no,[6]
hariko-no-otome,針子の乙女,6,KADOKAWA　∥　カドカワ:4 | KADOKAWA:2,KADOKAWA　∥　カドカワ,"KADOKAWA=[5, 6]",no,"[5, 6]"
haru-to-ao-no-obentoubako,ハルとアオのお弁当箱,6,[発売]徳間書店　∥　トクマ ショテン:3 | コアミックス　∥　コア ミックス:2 | コアミックス　∥　コアミックス:1,[発売]徳間書店　∥　トクマ ショテン,"コアミックス　∥　コア ミックス=[4, 5];コアミックス　∥　コアミックス=[6]",no,"[4, 5, 6]"
haruka-naru-toki-no-naka-de-7,遙かなる時空(とき)の中で7,6,講談社　∥　コウダンシャ:5 | 講談社:1,講談社　∥　コウダンシャ,講談社=[6],no,[6]
harukaze-no-tranger,春風のエトランゼ,6,祥伝社　∥　ショウデンシャ:5 | 祥伝社:1,祥伝社　∥　ショウデンシャ,祥伝社=[6],no,[6]
hate-modoru-isekai-tensei,果て戻る異世界転生,6,日本文芸社　∥　ニホン ブンゲイシャ:4 | 日本文芸社:2,日本文芸社　∥　ニホン ブンゲイシャ,"日本文芸社=[5, 6]",no,"[5, 6]"
hatsujou-suru-unmei,発情する運命,6,[頒布]講談社 (発売)　∥　コウダンシャ:3 | [頒布]講談社:2 | [頒布]講談社　∥　コウダンシャ:1,[頒布]講談社 (発売)　∥　コウダンシャ,"[頒布]講談社　∥　コウダンシャ=[4];[頒布]講談社=[5, 6]",no,"[4, 5, 6]"
hatsumei-taiketsu,発明対決,6,朝日新聞出版:4 | 朝日新聞出版　∥　アサヒシンブンシュッパン:2,朝日新聞出版,"朝日新聞出版　∥　アサヒシンブンシュッパン=[7, 8]",no,"[7, 8]"
hazure-skill-gacha-de-tsuihousareta-sareta-ore-wa-wagamama-osananajimi-o-zetsuen-shi-kakusei-suru,ハズレスキル『ガチャ』で追放された俺は、わがまま幼馴染を絶縁し覚醒する,6,双葉社　∥　フタバシャ:4 | 双葉社:2,双葉社　∥　フタバシャ,"双葉社=[5, 6]",no,"[5, 6]"
heisei-wotaku-remembers,平成ヲタクリメンバーズ,6,小学館:3 | 小学館　∥　ショウガクカン:2,小学館,"小学館　∥　ショウガクカン=[1, 2]",no,"[1, 2]"
hen-na-ie,変な家,6,[頒布]講談社 (発売)　∥　コウダンシャ:2 | [頒布]講談社:2 | [頒布]講談社　∥　コウダンシャ:1,[頒布]講談社 (発売)　∥　コウダンシャ,"[頒布]講談社　∥　コウダンシャ=[3];[頒布]講談社=[5, 6]",no,"[3, 5, 6]"
henjin-no-salad-bowl-comic,変人のサラダボウル@comic,6,小学館　∥　ショウガクカン:5 | 小学館:1,小学館　∥　ショウガクカン,小学館=[6],no,[6]
henkyou-toshi-no-ikuseisha,辺境都市の育成者,6,KADOKAWA　∥　カドカワ:5 | KADOKAWA:1,KADOKAWA　∥　カドカワ,KADOKAWA=[6],no,[6]
heroine-nanoni-ikemen-idol-ni-narimashita,ヒロインなのに、イケメンアイドル♂になりました!?,6,小学館:4 | 小学館　∥　ショウガクカン:1,小学館,小学館　∥　ショウガクカン=[1],no,[1]
heroine-seijo-iie-all-works-maid-desu-hokori-comic,ヒロイン?聖女?いいえ、オールワークスメイドです〈誇〉!@COMIC,6,TOブックス　∥　ティーオーブックス:4 | TOブックス:2,TOブックス　∥　ティーオーブックス,"TOブックス=[5, 6]",no,"[5, 6]"
hetaria,ヘタリア,6,[発売]幻冬舎　∥　ゲントウシャ:5 | 幻冬舎コミックス:1,[発売]幻冬舎　∥　ゲントウシャ,幻冬舎コミックス=[4],no,[4]
hibi-kore-hei-tan,日々是平坦,6,白泉社　∥　ハクセンシャ:5 | 白泉社:1,白泉社　∥　ハクセンシャ,白泉社=[6],no,[6]
hidan-no-aria-g-no-ketsuzoku,緋弾のアリア-Gの血族-,6,KADOKAWA　∥　カドカワ:5 | KADOKAWA:1,KADOKAWA　∥　カドカワ,KADOKAWA=[6],no,[6]
higanbana-no-saku-yoru-ni,彼岸花の咲く夜に,6,[発売]角川グループパブリッシング　∥　カドカワ グループ パブリッシング:4 | [発売]角川グループパブリッシング　∥　カドカワグループパブリッシング:2,[発売]角川グループパブリッシング　∥　カドカワ グループ パブリッシング,"[発売]角川グループパブリッシング　∥　カドカワグループパブリッシング=[5, 6]",no,"[5, 6]"
hiiragi-san-no-kyuuketsu-jijou,柊さんちの吸血事情,6,講談社　∥　コウダンシャ:4 | 講談社:2,講談社　∥　コウダンシャ,"講談社=[5, 6]",no,"[5, 6]"
hipunoshisu-maiku-division-rap-battle-side-b-b-m-t-c,ヒプノシスマイク,6,講談社　∥　コウダンシャ:3 | [発売]講談社　∥　コウダンシャ:1,講談社　∥　コウダンシャ,[発売]講談社　∥　コウダンシャ=[2],no,[2]
hipunoshisumaiku,ヒプノシスマイク,6,講談社　∥　コウダンシャ:2 | [発売]講談社　∥　コウダンシャ:1 | [頒布]講談社　∥　コウダンシャ:1,講談社　∥　コウダンシャ,[発売]講談社　∥　コウダンシャ=[2];[頒布]講談社　∥　コウダンシャ=[6],no,"[2, 6]"
hiraba-no-hito,ひらばのひと,6,講談社　∥　コウダンシャ:5 | 講談社:1,講談社　∥　コウダンシャ,講談社=[6],no,[6]
hisohiso,ひそひそ,6,KADOKAWA　∥　カドカワ:3 | [発売]角川グループパブリッシング　∥　カドカワ グループ パブリッシング:1 | [発売]角川グループパブリッシング　∥　カドカワグループパブリッシング:1 | [発売]KADOKAWA　∥　カドカワ:1,KADOKAWA　∥　カドカワ,[発売]角川グループパブリッシング　∥　カドカワ グループ パブリッシング=[1];[発売]角川グループパブリッシング　∥　カドカワグループパブリッシング=[2];[発売]KADOKAWA　∥　カドカワ=[3],no,"[1, 2, 3]"
hitomebore-to-iwareta-noni-jitsu-wa-otori-dato-shitta-hakushaku-reijou-no-mikkakan,一目惚れと言われたのに実は囮だと知った伯爵令嬢の三日間,6,[頒布]講談社　∥　コウダンシャ:5 | [頒布]講談社:1,[頒布]講談社　∥　コウダンシャ,[頒布]講談社=[6],no,[6]
holy-brownie,Holy Brownie,6,少年画報社　∥　ショウネンガホウシャ:5 | 少年画報社　∥　ショウネン ガホウシャ:1,少年画報社　∥　ショウネンガホウシャ,少年画報社　∥　ショウネン ガホウシャ=[6],yes,[6]
hone-dragon-no-manamusume,骨ドラゴンのマナ娘,6,マッグガーデン　∥　マッグ ガーデン:5 | マッグガーデン:1,マッグガーデン　∥　マッグ ガーデン,マッグガーデン=[6],no,[6]
honoo-no-toukyuujo-dodge-danko,炎の闘球女ドッジ弾子,6,小学館:2 | 小学館　∥　ショウガクカン:1,小学館,小学館　∥　ショウガクカン=[3],no,[3]
horror-joyuu-ga-tensai-koyaku-ni-tensei-shimashita,ホラー女優が天才子役に転生しました,6,スクウェア・エニックス　∥　スクウェア ・ エニックス:3 | スクウェア・エニックス:2,スクウェア・エニックス　∥　スクウェア ・ エニックス,"スクウェア・エニックス=[5, 6]",no,"[5, 6]"
hoshitabi-shounen,星旅少年,6,パイインターナショナル　∥　パイインターナショナル:4 | パイインターナショナル:2,パイインターナショナル　∥　パイインターナショナル,"パイインターナショナル=[5, 6]",no,"[5, 6]"
hotel-mettsuapeura-e-youkoso,ホテル・メッツァペウラへようこそ,6,KADOKAWA　∥　カドカワ:5 | KADOKAWA:1,KADOKAWA　∥　カドカワ,KADOKAWA=[6],no,[6]
hottoite-kudasai,ほっといて下さい,6,[頒布]星雲社 (発売)　∥　セイウンシャ:3 | [頒布]星雲社:2 | [頒布]星雲社　∥　セイウンシャ:1,[頒布]星雲社 (発売)　∥　セイウンシャ,"[頒布]星雲社　∥　セイウンシャ=[4];[頒布]星雲社=[5, 6]",no,"[4, 5, 6]"
houkago-himitsu-club,放課後ひみつクラブ,6,集英社　∥　シュウエイシャ:5 | 集英社:1,集英社　∥　シュウエイシャ,集英社=[8],no,[8]
houtai-gokko,包帯ごっこ,6,集英社　∥　シュウエイシャ:3 | 集英社:3,集英社　∥　シュウエイシャ,"集英社=[4, 5, 6]",no,"[4, 5, 6]"
idol-liberty,アイドリバティ,6,[頒布]小学館クリエイティブ (発売)　∥　ショウガクカンクリエイティブ:4 | [頒布]小学館クリエイティブ　∥　ショウガクカンクリエイティブ:1 | [頒布]小学館クリエイティブ:1,[頒布]小学館クリエイティブ (発売)　∥　ショウガクカンクリエイティブ,[頒布]小学館クリエイティブ　∥　ショウガクカンクリエイティブ=[5];[頒布]小学館クリエイティブ=[6],no,"[5, 6]"
ijimerarekko-no-akuyaku-reijou-tenseiki,いじめられっ子の悪役令嬢転生記,6,コアミックス　∥　コアミックス:4 | コアミックス:2,コアミックス　∥　コアミックス,"コアミックス=[5, 6]",no,"[5, 6]"
ikatsui-kao-de-kyouaku-kishidanchou-to-osorerareru-koushaku-sama-no-saigo-no-konkatsu-aite-wa,厳つい顔で凶悪騎士団長と恐れられる公爵様の最後の婚活相手は社交界の幻の花でした,6,双葉社　∥　フタバシャ:4 | 双葉社:2,双葉社　∥　フタバシャ,"双葉社=[6, 7]",no,"[6, 7]"
ikebo-haishinsha-wa-ore-nerai,イケボ配信者は俺狙い!?,6,白泉社　∥　ハクセンシャ:4 | 白泉社:2,白泉社　∥　ハクセンシャ,"白泉社=[5, 6]",no,"[5, 6]"
ikenie-daini-joou-no-konwaku,生贄第二皇女の困惑,6,アース・スターエンターテイメント　∥　アーススターエンターテイメント:4 | アース・スターエンターテイメント:2,アース・スターエンターテイメント　∥　アーススターエンターテイメント,"アース・スターエンターテイメント=[5, 6]",no,"[5, 6]"
ikenie-kazoku,生贄家族,6,日本文芸社:4 | 日本文芸社　∥　ニホン ブンゲイシャ:1,日本文芸社,日本文芸社　∥　ニホン ブンゲイシャ=[1],no,[1]
ikusagami,イクサガミ,6,講談社　∥　コウダンシャ:4 | 講談社:2,講談社　∥　コウダンシャ,"講談社=[5, 6]",no,"[5, 6]"
ikyou-no-tsumenuri-minarai,異郷の爪塗り見習い,6,主婦と生活社　∥　シュフトセイカツシャ:4 | 主婦と生活社:2,主婦と生活社　∥　シュフトセイカツシャ,"主婦と生活社=[5, 6]",no,"[5, 6]"
imadoki-no-wakai-mon-wa,今どきの若いモンは,6,Cygames　∥　サイゲームス:3 | [発売]講談社　∥　コウダンシャ:2 | [頒布]講談社　∥　コウダンシャ:1,Cygames　∥　サイゲームス,"[発売]講談社　∥　コウダンシャ=[4, 5];[頒布]講談社　∥　コウダンシャ=[6]",no,"[4, 5, 6]"
imouto-ga-seijo-da-kara-to-konyaku-haki-saremashita-ga-watashi-wa-yousei-no-itoshigo-desu,義妹が聖女だからと婚約破棄されましたが、私は妖精の愛し子です,6,KADOKAWA　∥　カドカワ:4 | KADOKAWA:2,KADOKAWA　∥　カドカワ,"KADOKAWA=[5, 6]",no,"[5, 6]"
imouto-seikatsu,義妹生活,6,KADOKAWA　∥　カドカワ:4 | KADOKAWA:2,KADOKAWA　∥　カドカワ,"KADOKAWA=[5, 6]",no,"[5, 6]"
in-hand,インハンド,6,講談社　∥　コウダンシャ:5 | 講談社:1,講談社　∥　コウダンシャ,講談社=[6],no,[6]
inkya-no-boku-ni-batsugeemu-de-kokuhaku-shitekita-hazu-no-gal-ga-doumitemo-boku-ni-betabore-desu,陰キャの僕に罰ゲームで告白してきたはずのギャルが、どう見ても僕にベタ惚れです,6,KADOKAWA　∥　カドカワ:3 | KADOKAWA:3,KADOKAWA　∥　カドカワ,"KADOKAWA=[4, 5, 6]",no,"[4, 5, 6]"
inu-to-yuusha-wa-kazaranai,犬と勇者は飾らない,6,オーバーラップ　∥　オーバーラップ:4 | オーバーラップ:2,オーバーラップ　∥　オーバーラップ,"オーバーラップ=[5, 6]",no,"[5, 6]"
is-2010,IS,6,メディアファクトリー　∥　メディア ファクトリー:5 | 小学館　∥　ショウガクカン:1,メディアファクトリー　∥　メディア ファクトリー,小学館　∥　ショウガクカン=[6],no,[6]
isekai-de-haishin-katsudou-o-shitara-tairyou-no-yandere-shinja-o-umidashite-shimatta-ken,異世界で配信活動をしたら大量のヤンデレ信者を生み出してしまった件,6,KADOKAWA　∥　カドカワ:3 | KADOKAWA:2,KADOKAWA　∥　カドカワ,"KADOKAWA=[5, 6]",no,"[5, 6]"
isekai-de-hajimeru-nikyoten-seikatsu,異世界ではじめる二拠点生活,6,KADOKAWA　∥　カドカワ:3 | KADOKAWA:2,KADOKAWA　∥　カドカワ,"KADOKAWA=[5, 6]",no,"[5, 6]"
isekai-de-tame-shita-saikyou-no-tsukaima-wa-osananajimi-no-bishoujo-deshita,異世界でテイムした最強の使い魔は、幼馴染の美少女でした,6,実業之日本社　∥　ジツギョウノニホンシャ:3 | 実業之日本社:3,実業之日本社　∥　ジツギョウノニホンシャ,"実業之日本社=[4, 5, 6]",no,"[4, 5, 6]"
isekai-ja-surooraifu-wa-mamanaranai,異世界じゃスローライフはままならない,6,[頒布]星雲社 (発売)　∥　セイウンシャ:2 | [頒布]星雲社:2 | [頒布]星雲社　∥　セイウンシャ:1,[頒布]星雲社 (発売)　∥　セイウンシャ,"[頒布]星雲社　∥　セイウンシャ=[3];[頒布]星雲社=[5, 6]",no,"[3, 5, 6]"
isekai-kaeri-no-arafoo-riiman-17-sai-no-koro-ni-modotte-musou-suru,異世界帰りのアラフォーリーマン、17歳の頃に戻って無双する,6,秋田書店　∥　アキタショテン:3 | 秋田書店:3,秋田書店　∥　アキタショテン,"秋田書店=[4, 5, 6]",no,"[4, 5, 6]"
isekai-kaeri-no-otsu-san-wa-shuumatsu-sekai-de-musou-suru,異世界還りのおっさんは終末世界で無双する,6,[頒布]一二三書房　∥　ヒフミショボウ:4 | 一二三書房:2,[頒布]一二三書房　∥　ヒフミショボウ,"一二三書房=[5, 6]",no,"[5, 6]"
isekai-kaeri-no-yuusha-wa-dungeon-ga-shutsugen-shita-genjitsu-sekai-de-influencer-ni-natte-kane-o,異世界帰りの勇者は、ダンジョンが出現した現実世界で、インフルエンサーになって金を稼ぎます!,6,KADOKAWA　∥　カドカワ:4 | KADOKAWA:2,KADOKAWA　∥　カドカワ,"KADOKAWA=[5, 6]",no,"[5, 6]"
isekai-majutsushi-wa-mahou-o-tonaenai,異世界魔術師は魔法を唱えない,6,キルタイムコミュニケーション　∥　キルタイムコミュニケーション:5 | キルタイムコミュニケーション:1,キルタイムコミュニケーション　∥　キルタイムコミュニケーション,キルタイムコミュニケーション=[6],no,[6]
isekai-mokushiroku-mainoguura,異世界黙示録マイノグーラ,6,KADOKAWA　∥　カドカワ:5 | KADOKAWA:1,KADOKAWA　∥　カドカワ,KADOKAWA=[6],no,[6]
isekai-ni-otosareta-jouka-wa-kihon-attomaaku-comic,異世界に落とされた…浄化は基本!@COMIC,6,TOブックス　∥　ティーオーブックス:5 | TOブックス:1,TOブックス　∥　ティーオーブックス,TOブックス=[6],no,[6]
isekai-saikouhou-no-guild-leader,異世界最高峰のギルドリーダー,6,KADOKAWA:3 | KADOKAWA　∥　カドカワ:2,KADOKAWA,"KADOKAWA　∥　カドカワ=[1, 2]",no,"[1, 2]"
isekai-saikyou-no-yome-desu-yoru-no-tatakai-wa-ore-no-hou-ga-tsuyoi-you-desu,異世界最強の嫁ですが、夜の戦いは俺の方が強いようです,6,双葉社　∥　フタバシャ:3 | 双葉社:2,双葉社　∥　フタバシャ,"双葉社=[5, 6]",no,"[5, 6]"
isekai-shachuuhaku-monogatari,異世界車中泊物語,6,講談社　∥　コウダンシャ:4 | 講談社:1,講談社　∥　コウダンシャ,講談社=[6],no,[6]
isekai-teni-shitara-aiken-ga-saikyou-ni-narimashita,異世界転移したら愛犬が最強になりました,6,マイクロマガジン社　∥　マイクロマガジンシャ:4 | マイクロマガジン社:1,マイクロマガジン社　∥　マイクロマガジンシャ,マイクロマガジン社=[6],no,[6]
ishigami-senki,石神戦記,6,双葉社　∥　フタバシャ:3 | 双葉社:3,双葉社　∥　フタバシャ,"双葉社=[4, 5, 6]",no,"[4, 5, 6]"
isshou-senkin,一勝千金,6,小学館　∥　ショウガクカン:3 | 小学館:2,小学館　∥　ショウガクカン,"小学館=[4, 6]",no,"[4, 6]"
isshun-de-chiryou-shiteita-noni-yakutatazu-to-tsuihousareta-sareta-tensai-chiyushi-yami-healer,一瞬で治療していたのに役立たずと追放された天才治癒師、闇ヒーラーとして楽しく生きる,6,SBクリエイティブ　∥　エスビークリエイティブ:3 | SBクリエイティブ:2,SBクリエイティブ　∥　エスビークリエイティブ,"SBクリエイティブ=[5, 6]",no,"[5, 6]"
itsu-yame,イツやめ,6,ブライト出版　∥　ブライトシュッパン:4 | ブライト出版:1,ブライト出版　∥　ブライトシュッパン,ブライト出版=[6],no,[6]
itsuka-tenma-no-kurousagi,いつか天魔の黒ウサギ,6,[発売]角川グループパブリッシング　∥　カドカワ グループ パブリッシング:4 | [発売]角川グループパブリッシング　∥　カドカワグループパブリッシング:2,[発売]角川グループパブリッシング　∥　カドカワ グループ パブリッシング,"[発売]角川グループパブリッシング　∥　カドカワグループパブリッシング=[5, 6]",no,"[5, 6]"
jakukyara-tomozaki-kun-comic,弱キャラ友崎くん-comic,6,スクウェア・エニックス　∥　スクウェア ・ エニックス:5 | スクウェア・エニックス　∥　スクウェア エニックス:1,スクウェア・エニックス　∥　スクウェア ・ エニックス,スクウェア・エニックス　∥　スクウェア エニックス=[1],no,[1]
jamamono-no-you-desu-ouji-no-chuushoku-wa-watashi-ga-tsukuru-you-desu,邪魔者のようですが、王子の昼食は私が作るようです,6,[頒布]講談社　∥　コウダンシャ:4 | [頒布]講談社:2,[頒布]講談社　∥　コウダンシャ,"[頒布]講談社=[5, 6]",no,"[5, 6]"
ji-unlimited-hyoubu-kyousuke,THE UNLIMITED兵部京介,6,小学館　∥　ショウガクカン:5 | 小学館:1,小学館　∥　ショウガクカン,小学館=[4],no,[4]
jishou-akuyaku-reijou-na-konyakusha-no-kansatsu-kiroku,自称悪役令嬢な婚約者の観察記録。,6,[発売]星雲社　∥　セイウンシャ:4 | [頒布]星雲社 (発売)　∥　セイウンシャ:2,[発売]星雲社　∥　セイウンシャ,"[頒布]星雲社 (発売)　∥　セイウンシャ=[5, 6]",no,"[5, 6]"
jiyuu-kimama-na-seirei-hime,自由気ままな精霊姫,6,講談社:3 | 講談社　∥　コウダンシャ:2,講談社,"講談社　∥　コウダンシャ=[1, 2]",no,"[1, 2]"
julia-ga-kubittake,ジュリアが首ったけ,6,リブレ　∥　リブレ:4 | リブレ出版　∥　リブレ シュッパン:2,リブレ　∥　リブレ,"リブレ出版　∥　リブレ シュッパン=[1, 2]",no,"[1, 2]"
kagaku-chop,カガクチョップ,6,[発売]ほるぷ出版　∥　ホルプシュッパン:4 | フレックスコミックス　∥　フレックスコミックス:2,[発売]ほるぷ出版　∥　ホルプシュッパン,"フレックスコミックス　∥　フレックスコミックス=[5, 6]",no,"[5, 6]"
kagakuna-yatsura,カガクなヤツら,6,秋田書店　∥　アキタ ショテン:5 | 秋田書店　∥　アキタショテン:1,秋田書店　∥　アキタ ショテン,秋田書店　∥　アキタショテン=[6],no,[6]
kaikosareta-sareta-kyuutei-renkinjutsushi-wa-henkyou-de-dai-nouen-o-tsukuriageru,解雇された宮廷錬金術師は辺境で大農園を作り上げる,6,スターツ出版　∥　スターツシュッパン:3 | スターツ出版:3,スターツ出版　∥　スターツシュッパン,"スターツ出版=[4, 5, 6]",no,"[4, 5, 6]"
kaishain-dakedo-reinousha-shugyou-hajimemashita,会社員だけど霊能者修行始めました,6,朝日新聞出版　∥　アサヒシンブンシュッパン:5 | 朝日新聞出版:1,朝日新聞出版　∥　アサヒシンブンシュッパン,朝日新聞出版=[6],no,[6]
kaitou-lupin-den-aventurier,怪盗ルパン伝アバンチュリエ,6,[発売]小学館クリエイティブ　∥　ショウガクカンクリエイティブ:5 | ぴあ　∥　ピア:1,[発売]小学館クリエイティブ　∥　ショウガクカンクリエイティブ,ぴあ　∥　ピア=[11],no,[11]
kajiya-de-hajimeru-isekai-slow-life,鍛冶屋ではじめる異世界スローライフ,6,KADOKAWA　∥　カドカワ:4 | KADOKAWA:2,KADOKAWA　∥　カドカワ,"KADOKAWA=[5, 6]",no,"[5, 6]"
kakushitagari-no-douki-kun,隠したがりの同期くん,6,集英社　∥　シュウエイシャ:5 | 集英社:1,集英社　∥　シュウエイシャ,集英社=[8],no,[8]
kakushite-makina-san,かくして!マキナさん!!,6,双葉社　∥　フタバシャ:3 | 双葉社:2,双葉社　∥　フタバシャ,"双葉社=[5, 6]",no,"[5, 6]"
kami-sama-to-gisou-couple-hajimemashita,神さまと偽装カップルはじめました,6,小学館　∥　ショウガクカン:4 | 小学館:2,小学館　∥　ショウガクカン,"小学館=[6, 7]",no,"[6, 7]"
kamigami-no-kago-de-sei-san-kakumei,神々の加護で生産革命,6,双葉社　∥　フタバシャ:3 | 双葉社:3,双葉社　∥　フタバシャ,"双葉社=[5, 6, 7]",no,"[5, 6, 7]"
kamisama-2-kago-futaribun-moraimashita,神様に加護2人分貰いました,6,[頒布]星雲社 (発売)　∥　セイウンシャ:5 | [発売]星雲社　∥　セイウンシャ:1,[頒布]星雲社 (発売)　∥　セイウンシャ,[発売]星雲社　∥　セイウンシャ=[1],no,[1]
kamitsuki,カミツキ,6,KADOKAWA　∥　カドカワ:4 | [発売]角川グループパブリッシング　∥　カドカワ グループ パブリッシング:1 | [発売]角川グループホールディングス　∥　カドカワグループホールディングス:1,KADOKAWA　∥　カドカワ,[発売]角川グループパブリッシング　∥　カドカワ グループ パブリッシング=[1];[発売]角川グループホールディングス　∥　カドカワグループホールディングス=[2],no,"[1, 2]"
kamonohashi-kamo,かものはしかも。,6,主婦と生活社　∥　シュフトセイカツシャ:4 | 主婦と生活社　∥　シュフ ト セイカツシャ:2,主婦と生活社　∥　シュフトセイカツシャ,"主婦と生活社　∥　シュフ ト セイカツシャ=[1, 4]",no,"[1, 4]"
kanagawa-ni-sunderu-elf,#神奈川に住んでるエルフ,6,マイクロマガジン社　∥　マイクロマガジンシャ:4 | マイクロマガジン社:2,マイクロマガジン社　∥　マイクロマガジンシャ,"マイクロマガジン社=[5, 6]",no,"[5, 6]"
kanojo-ni-uwaki-sarete-ita-ore-ga-koakuma-na-kouhai-ni-natsukarete-imasu,カノジョに浮気されていた俺が、小悪魔な後輩に懐かれています,6,KADOKAWA　∥　カドカワ:4 | KADOKAWA:2,KADOKAWA　∥　カドカワ,"KADOKAWA=[5, 6]",no,"[5, 6]"
kanojo-no-tomodachi,彼女の友達,6,講談社　∥　コウダンシャ:4 | 講談社:1,講談社　∥　コウダンシャ,講談社=[6],no,[6]
kanojo-to-2p,彼女とつーぴー,6,日本文芸社　∥　ニホン ブンゲイシャ:4 | 日本文芸社:2,日本文芸社　∥　ニホン ブンゲイシャ,"日本文芸社=[5, 6]",no,"[5, 6]"
kara-no-kioku,虚の記憶,6,KADOKAWA　∥　カドカワ:4 | KADOKAWA:2,KADOKAWA　∥　カドカワ,"KADOKAWA=[5, 6]",no,"[5, 6]"
karakida-ke-no-koshogurashi,百木田家の古書暮らし,6,集英社　∥　シュウエイシャ:5 | 集英社:1,集英社　∥　シュウエイシャ,集英社=[6],no,[6]
karasu-wa-aruji-o-erabanai,烏は主を選ばない,6,講談社　∥　コウダンシャ:5 | 講談社:1,講談社　∥　コウダンシャ,講談社=[6],no,[6]
karate-baka-isekai,空手バカ異世界,6,KADOKAWA　∥　カドカワ:5 | KADOKAWA:1,KADOKAWA　∥　カドカワ,KADOKAWA=[6],no,[6]
karei-ni-rien-shitemisemasu-wa,華麗に離縁してみせますわ!,6,[頒布]星雲社:3 | [頒布]星雲社 (発売)　∥　セイウンシャ:2 | [頒布]星雲社　∥　セイウンシャ:1,[頒布]星雲社,"[頒布]星雲社 (発売)　∥　セイウンシャ=[1, 2];[頒布]星雲社　∥　セイウンシャ=[3]",no,"[1, 2, 3]"
kemuri-to-mitsu,煙と蜜,6,KADOKAWA　∥　カドカワ:5 | KADOKAWA:1,KADOKAWA　∥　カドカワ,KADOKAWA=[7],no,[7]
kenka-dokugaku,喧嘩独学,6,集英社:4 | 集英社　∥　シュウエイシャ:1,集英社,集英社　∥　シュウエイシャ=[1],no,[1]
kigunasu-no-otometachi,キグナスの乙女たち,6,KADOKAWA　∥　カドカワ:4 | KADOKAWA:1,KADOKAWA　∥　カドカワ,KADOKAWA=[6],no,[6]
killer-doori-no-sommelier-tantei,キラー通りのソムリエ探偵,6,光文社:3 | 光文社　∥　コウブンシャ:2,光文社,"光文社　∥　コウブンシャ=[1, 2]",no,"[1, 2]"
killers-holiday,キラーズホリディ,6,マイクロマガジン社　∥　マイクロマガジンシャ:5 | マイクロマガジン社:1,マイクロマガジン社　∥　マイクロマガジンシャ,マイクロマガジン社=[8],no,[8]
kimi-no-katana-ga-oreru-made,君の刀が折れるまで,6,小学館　∥　ショウガクカン:3 | 小学館:2,小学館　∥　ショウガクカン,"小学館=[5, 6]",no,"[5, 6]"
kimi-no-nadekata-shitsukekata,キミの撫で方躾け方,6,海王社　∥　カイオウシャ:5 | 海王社:1,海王社　∥　カイオウシャ,海王社=[6],no,[6]
kimi-to-tsuzuru-utakata,君と綴るうたかた,6,[頒布]講談社　∥　コウダンシャ:5 | [頒布]講談社:1,[頒布]講談社　∥　コウダンシャ,[頒布]講談社=[6],no,[6]
kinmu-jikangai-rinjin-no-joushi-wa-kemono-ni-naru,勤務時間外、隣人の上司はケモノになる。,6,[発売]星雲社　∥　セイウンシャ:3 | [頒布]星雲社 (発売)　∥　セイウンシャ:2 | [頒布]星雲社:1,[発売]星雲社　∥　セイウンシャ,"[頒布]星雲社 (発売)　∥　セイウンシャ=[4, 5];[頒布]星雲社=[6]",no,"[4, 5, 6]"
kiraware-ouji-no-yarinaoshi,嫌われ皇子のやりなおし,6,KADOKAWA　∥　カドカワ:3 | KADOKAWA:2,KADOKAWA　∥　カドカワ,"KADOKAWA=[5, 6]",no,"[5, 6]"
kirio-fun-club,霧尾ファンクラブ,6,実業之日本社　∥　ジツギョウノニホンシャ:5 | 実業之日本社:1,実業之日本社　∥　ジツギョウノニホンシャ,実業之日本社=[6],no,[6]
kitchinkaa-deri-joi,キッチンカー『デリ・ジョイ』,6,白泉社　∥　ハクセンシャ:5 | 白泉社:1,白泉社　∥　ハクセンシャ,白泉社=[8],no,[8]
kizuato-oujihi-wa-shiawase-ni-naritai,傷痕王子妃は幸せになりたい,6,白泉社　∥　ハクセンシャ:4 | 白泉社:2,白泉社　∥　ハクセンシャ,"白泉社=[5, 6]",no,"[5, 6]"
kobayashi-san-no-meidoragon-okomorigurashi-no-fafuniiru,小林さんちのメイドラゴン お篭りぐらしのファフニール,6,双葉社　∥　フタバシャ:4 | 双葉社:2,双葉社　∥　フタバシャ,"双葉社=[5, 6]",no,"[5, 6]"
koboreru-yoru-ni,零れるよるに,6,講談社　∥　コウダンシャ:4 | 講談社:2,講談社　∥　コウダンシャ,"講談社=[5, 6]",no,"[5, 6]"
koi-janee-kara,恋じゃねえから,6,講談社　∥　コウダンシャ:5 | 講談社:1,講談社　∥　コウダンシャ,講談社=[6],no,[6]
koi-to-senkyo-to-chocolate-slc,恋と選挙とチョコレートSLC,6,[発売]角川グループパブリッシング　∥　カドカワ グループ パブリッシング:4 | [発売]Kadokawa　∥　Kadokawa:1 | KADOKAWA　∥　カドカワ:1,[発売]角川グループパブリッシング　∥　カドカワ グループ パブリッシング,[発売]Kadokawa　∥　Kadokawa=[5];KADOKAWA　∥　カドカワ=[6],no,"[5, 6]"
koi-to-senkyo-to-chocolate,恋と選挙とチョコレート,6,[発売]角川グループパブリッシング　∥　カドカワ グループ パブリッシング:4 | [発売]KADOKAWA　∥　カドカワ:1 | KADOKAWA　∥　カドカワ:1,[発売]角川グループパブリッシング　∥　カドカワ グループ パブリッシング,[発売]KADOKAWA　∥　カドカワ=[5];KADOKAWA　∥　カドカワ=[6],no,"[5, 6]"
koiseyo-mayakashi-tenshi-domo,恋せよまやかし天使ども,6,講談社　∥　コウダンシャ:3 | 講談社:3,講談社　∥　コウダンシャ,"講談社=[4, 5, 6]",no,"[4, 5, 6]"
koisuru-tetsumenpi,恋する鉄面皮,6,芳文社　∥　ホウブンシャ:5 | 芳文社:1,芳文社　∥　ホウブンシャ,芳文社=[7],no,[7]
kojiin-tamer,孤児院テイマー,6,ホビージャパン　∥　ホビー ジャパン:5 | ホビージャパン:1,ホビージャパン　∥　ホビー ジャパン,ホビージャパン=[6],no,[6]
kojirase-outaishi-to-yakusoku-no-himegimi,こじらせ王太子と約束の姫君,6,KADOKAWA　∥　カドカワ:5 | KADOKAWA:1,KADOKAWA　∥　カドカワ,KADOKAWA=[6],no,[6]
kono-boukensha-jinruishi-saikyou-desu,この冒険者、人類史最強です,6,秋田書店:3 | 秋田書店　∥　アキタショテン:2,秋田書店,"秋田書店　∥　アキタショテン=[1, 2]",no,"[1, 2]"
kono-koi-ga-tsumi-da-toshitemo,この恋が、罪だとしても,6,小学館　∥　ショウガクカン:4 | 小学館:2,小学館　∥　ショウガクカン,"小学館=[5, 6]",no,"[5, 6]"
konsei-wa-toushu-ni-narimasu,今世は当主になります,6,KADOKAWA　∥　カドカワ:3 | KADOKAWA:2,KADOKAWA　∥　カドカワ,"KADOKAWA=[5, 6]",no,"[5, 6]"
konya-noo-towa-iwasenai,今夜、NOとは言わせない…,6,[発売]星雲社　∥　セイウンシャ:4 | [頒布]星雲社 (発売)　∥　セイウンシャ:2,[発売]星雲社　∥　セイウンシャ,"[頒布]星雲社 (発売)　∥　セイウンシャ=[5, 6]",no,"[5, 6]"
konyakusha-sama-sashiagemasu,婚約者様差し上げます,6,KADOKAWA　∥　カドカワ:3 | KADOKAWA:3,KADOKAWA　∥　カドカワ,"KADOKAWA=[4, 5, 6]",no,"[4, 5, 6]"
konyakusha-wa-watashi-no-imouto-ni-koi-o-suru,婚約者は、私の妹に恋をする,6,KADOKAWA　∥　カドカワ:4 | KADOKAWA:2,KADOKAWA　∥　カドカワ,"KADOKAWA=[5, 6]",no,"[5, 6]"
koori-no-koushaku-sama-ni-amayakasaretai,氷の侯爵様に甘やかされたいっ!～シリアス展開しかない幼女に転生してしまった私の奮闘記～@COMIC,6,TOブックス　∥　ティーオーブックス:4 | TOブックス:2,TOブックス　∥　ティーオーブックス,"TOブックス=[5, 6]",no,"[5, 6]"
koroshiya-wa-kyou-mo-reitetsu-koutei-ni-aisareru,殺し屋は今日も冷徹皇帝に愛される,6,小学館:3 | 小学館　∥　ショウガクカン:2,小学館,"小学館　∥　ショウガクカン=[1, 2]",no,"[1, 2]"
koukousei-uebu-sakka-no-mote-seikatsu,高校生WEB作家のモテ生活,6,スクウェア・エニックス　∥　スクウェア ・ エニックス:4 | スクウェア・エニックス:2,スクウェア・エニックス　∥　スクウェア ・ エニックス,"スクウェア・エニックス=[5, 6]",no,"[5, 6]"
koukyuu-ihi-den,後宮医妃伝,6,スクウェア・エニックス:4 | スクウェア・エニックス　∥　スクウェア ・ エニックス:2,スクウェア・エニックス,"スクウェア・エニックス　∥　スクウェア ・ エニックス=[1, 2]",no,"[1, 2]"
koukyuu-o-tsuihousareta-sareta-kidai-no-akujo-wa-rikyuu-de-aiken-o-mofumofu-shitetai,後宮を追放された稀代の悪女は離宮で愛犬をモフモフしてたい,6,小学館　∥　ショウガクカン:4 | 小学館:1,小学館　∥　ショウガクカン,小学館=[6],no,[6]
koutei-no-mago-ni-tensei-suru-koutei,皇帝の孫に転生する皇帝,6,集英社:4 | 集英社　∥　シュウエイシャ:2,集英社,"集英社　∥　シュウエイシャ=[1, 2]",no,"[1, 2]"
koyoi-mo-omachishite-orimasu,今宵もお待ちしております,6,小学館　∥　ショウガクカン:4 | 小学館:1,小学館　∥　ショウガクカン,小学館=[6],no,[6]
kud-wafter,クドわふたー,6,[発売]角川グループパブリッシング　∥　カドカワ グループ パブリッシング:4 | [発売]Kadokawa　∥　Kadokawa:1 | KADOKAWA　∥　カドカワ:1,[発売]角川グループパブリッシング　∥　カドカワ グループ パブリッシング,[発売]Kadokawa　∥　Kadokawa=[5];KADOKAWA　∥　カドカワ=[6],no,"[5, 6]"
kumika-no-mikaku,クミカのミカク,6,徳間書店　∥　トクマ ショテン:5 | 徳間書店:1,徳間書店　∥　トクマ ショテン,徳間書店=[2],no,[2]
kurosaki-kun-wa-dokusen-shitagaru,黒崎くんは独占したがる,6,スターツ出版　∥　スターツシュッパン:3 | スターツ出版:3,スターツ出版　∥　スターツシュッパン,"スターツ出版=[4, 5, 6]",no,"[4, 5, 6]"
kusa-mahoushi-kuroe-no-nidome-no-jinsei,草魔法師クロエの二度目の人生,6,KADOKAWA　∥　カドカワ:4 | KADOKAWA:2,KADOKAWA　∥　カドカワ,"KADOKAWA=[5, 6]",no,"[5, 6]"
kyou-eki-de-mita-kawaii-onnanoko,今日、駅で見た可愛い女の子。,6,フレックスコミックス　∥　フレックスコミックス:3 | フレックスコミックス:2,フレックスコミックス　∥　フレックスコミックス,"フレックスコミックス=[5, 6]",no,"[5, 6]"
kyouhaku-dog-s-another-secret,キョウハクDOG's Another Secret,6,[発売]角川グループパブリッシング　∥　カドカワ グループ パブリッシング:3 | KADOKAWA　∥　カドカワ:3,[発売]角川グループパブリッシング　∥　カドカワ グループ パブリッシング,"KADOKAWA　∥　カドカワ=[4, 5, 6]",no,"[4, 5, 6]"
kyoukaisenjou-no-horizon,境界線上のホライゾン,6,KADOKAWA　∥　カドカワ:3 | [発売]角川グループパブリッシング　∥　カドカワ グループ パブリッシング:1 | KADOKAWA　∥　KADOKAWA:1 | [発売]角川グループホールディングス　∥　カドカワ グループ ホールディングス:1,KADOKAWA　∥　カドカワ,[発売]角川グループパブリッシング　∥　カドカワ グループ パブリッシング=[1];KADOKAWA　∥　KADOKAWA=[2];[発売]角川グループホールディングス　∥　カドカワ グループ ホールディングス=[3],no,"[1, 2, 3]"
kyouseiteki-ni-akuyaku-reijou-ni-sareteita-no-de-mazu-wa-okayu-o-tabeyou-to-omoimasu,強制的に悪役令嬢にされていたのでまずはおかゆを食べようと思います。,6,講談社　∥　コウダンシャ:5 | 講談社:1,講談社　∥　コウダンシャ,講談社=[6],no,[6]
kyuukyoku-no-komyushou-wotaku-joshi-no-watashi-ga-soshage-no-sekai-ni-kita-kedo-oshi-ga-toutosugite,究極のコミュ障オタク女子の私がソシャゲの世界にきたけど、推しが尊すぎてつらい,6,宙出版　∥　オオゾラ シュッパン:3 | [発売]ジャイブ　∥　ジャイブ:3,宙出版　∥　オオゾラ シュッパン,"[発売]ジャイブ　∥　ジャイブ=[4, 5, 6]",no,"[4, 5, 6]"
last-man,ラストマン,6,講談社　∥　コウダンシャ:3 | Euromanga　∥　ユーロマンガ:3,講談社　∥　コウダンシャ,"Euromanga　∥　ユーロマンガ=[4, 5, 6]",no,"[4, 5, 6]"
log-horizon-nyanta-hanchou-shiawase-no-recipe,ログ・ホライズンにゃん太班長・幸せのレシピ,6,KADOKAWA　∥　カドカワ:5 | [発売]KADOKAWA　∥　カドカワ:1,KADOKAWA　∥　カドカワ,[発売]KADOKAWA　∥　カドカワ=[1],no,[1]
lonely-girl-ni-sakaraenai,ロンリーガールに逆らえない,6,[頒布]講談社　∥　コウダンシャ:4 | [発売]講談社　∥　コウダンシャ:2,[頒布]講談社　∥　コウダンシャ,"[発売]講談社　∥　コウダンシャ=[1, 2]",no,"[1, 2]"
m-league-hobo-mainichi-4-koma,Mリーグほぼ毎日4コマ,6,竹書房　∥　タケショボウ:4 | 竹書房:2,竹書房　∥　タケショボウ,"竹書房=[5, 6]",no,"[5, 6]"
mahou-senki-lyrical-nanoha-force,魔法戦記リリカルなのはforce,6,[発売]角川グループパブリッシング　∥　カドカワ グループ パブリッシング:4 | [発売]角川グループパブリッシング　∥　カドカワグループパブリッシング:2,[発売]角川グループパブリッシング　∥　カドカワ グループ パブリッシング,"[発売]角川グループパブリッシング　∥　カドカワグループパブリッシング=[5, 6]",no,"[5, 6]"
mahou-sensou,魔法戦争,6,KADOKAWA　∥　カドカワ:5 | メディアファクトリー　∥　メディアファクトリー:1,KADOKAWA　∥　カドカワ,メディアファクトリー　∥　メディアファクトリー=[1],no,[1]
mahou-shoujo-misoji,魔法少女三十路,6,少年画報社　∥　ショウネンガホウシャ:4 | 少年画報社:2,少年画報社　∥　ショウネンガホウシャ,"少年画報社=[5, 6]",no,"[5, 6]"
mahouka-koukou-no-yuutousei-2nd-season,魔法科高校の優等生2nd Season,6,KADOKAWA　∥　カドカワ:4 | KADOKAWA:1,KADOKAWA　∥　カドカワ,KADOKAWA=[6],no,[6]
mahoutsukai-ros-no-sado-life,魔法使いロゼの佐渡ライフ,6,芳文社　∥　ホウブンシャ:3 | 芳文社:2,芳文社　∥　ホウブンシャ,"芳文社=[4, 6]",no,"[4, 6]"
mairimashita-iruma-kun-ifu-episode-obu-mafia,魔入りました!入間くんif Episode of魔フィア,6,秋田書店:5 | 秋田書店　∥　アキタショテン:1,秋田書店,秋田書店　∥　アキタショテン=[1],no,[1]
majutsushi-kunon-wa-miete-iru,魔術師クノンは見えている,6,KADOKAWA　∥　カドカワ:4 | KADOKAWA:1,KADOKAWA　∥　カドカワ,KADOKAWA=[6],no,[6]
mamoribito,魔もりびと,6,少年画報社　∥　ショウネンガホウシャ:5 | 少年画報社:1,少年画報社　∥　ショウネンガホウシャ,少年画報社=[6],no,[6]
maou-reijou-no-kyouikugakari,魔王令嬢の教育係,6,一二三書房:3 | [頒布]一二三書房　∥　ヒフミショボウ:2 | [頒布]一二三書房　∥　ヒフミ ショボウ:1,一二三書房,"[頒布]一二三書房　∥　ヒフミショボウ=[1, 3];[頒布]一二三書房　∥　ヒフミ ショボウ=[2]",no,"[1, 2, 3]"
maria-no-danzai,聖母の断罪,6,集英社　∥　シュウエイシャ:3 | 集英社:3,集英社　∥　シュウエイシャ,"集英社=[4, 5, 6]",no,"[4, 5, 6]"
maryoku-0-de-tsuihousareta-saremashita-ga-daiseirei-to-keiyaku-shi-maken-no-chikara-ga-kakusei,魔力0で追放されましたが、大精霊と契約し魔剣の力が覚醒しました,6,スターツ出版　∥　スターツシュッパン:4 | スターツ出版:2,スターツ出版　∥　スターツシュッパン,"スターツ出版=[5, 6]",no,"[5, 6]"
mask-otoko-wa-koishitakunainoni,マスク男子は恋したくないのに,6,リブレ　∥　リブレ:4 | リブレ:2,リブレ　∥　リブレ,"リブレ=[5, 6]",no,"[5, 6]"
matsukage-ni-ikou,松かげに憩う,6,秋田書店　∥　アキタショテン:4 | 秋田書店:2,秋田書店　∥　アキタショテン,"秋田書店=[5, 6]",no,"[5, 6]"
mechanical-buddy-universe-1-tenzero,メカニカルバディユニバース1.0,6,スクウェア・エニックス:3 | スクウェア・エニックス　∥　スクウェア ・ エニックス:2,スクウェア・エニックス,"スクウェア・エニックス　∥　スクウェア ・ エニックス=[1, 2]",no,"[1, 2]"
megami-no-hyouteki,女神の標的,6,小学館:3 | 小学館　∥　ショウガクカン:2,小学館,"小学館　∥　ショウガクカン=[1, 2]",no,"[1, 2]"
mekuri-mekuru,めくりめくる,6,ワニブックス　∥　ワニ ブックス:3 | ワニブックス　∥　ワニブックス:3,ワニブックス　∥　ワニ ブックス,"ワニブックス　∥　ワニブックス=[4, 5, 6]",no,"[4, 5, 6]"
mijissou-no-rasubosu-tachi-ga-nakama-ni-narimashita,未実装のラスボス達が仲間になりました。,6,KADOKAWA　∥　カドカワ:4 | KADOKAWA:1,KADOKAWA　∥　カドカワ,KADOKAWA=[6],no,[6]
mimitsuki,ミミツキ,6,[発売]幻冬舎　∥　ゲントウシャ:4 | [発売]●幻冬舎　∥　ゲントウシャ:2,[発売]幻冬舎　∥　ゲントウシャ,"[発売]●幻冬舎　∥　ゲントウシャ=[5, 6]",no,"[5, 6]"
minato-shouji-coin-laundry,みなと商事コインランドリー,6,KADOKAWA　∥　カドカワ:5 | KADOKAWA:1,KADOKAWA　∥　カドカワ,KADOKAWA=[6],no,[6]
minna-ga-kagayaku-tame-ni,みんなが輝くために,6,学びリンク　∥　マナビリンク:3 | 学びリンク　∥　マナビ リンク:1 | 学びリンク:1,学びリンク　∥　マナビリンク,学びリンク　∥　マナビ リンク=[2];学びリンク=[6],no,"[2, 6]"
mirai-no-arabujin,未来のアラブ人,6,[発売]共栄書房　∥　キョウエイショボウ:3 | [頒布]共栄書房:2 | [頒布]共栄書房　∥　キョウエイショボウ:1,[発売]共栄書房　∥　キョウエイショボウ,"[頒布]共栄書房　∥　キョウエイショボウ=[4];[頒布]共栄書房=[5, 6]",no,"[4, 5, 6]"
misutaa-marou-blue,Mr.マロウブルー,6,KADOKAWA　∥　カドカワ:4 | KADOKAWA:2,KADOKAWA　∥　カドカワ,"KADOKAWA=[5, 6]",no,"[5, 6]"
mizu-shika-denai-shinguu-koppu-o-sazukatta-boku-wa-fumou-no-ryouchi-de-suki-ni-ikiru-koto-ni,水しか出ない神具〈コップ〉を授かった僕は、不毛の領地で好きに生きる事にしました,6,[頒布]星雲社 (発売)　∥　セイウンシャ:5 | [頒布]星雲社　∥　セイウンシャ:1,[頒布]星雲社 (発売)　∥　セイウンシャ,[頒布]星雲社　∥　セイウンシャ=[6],no,[6]
mizuki-senpai-no-koiuranai,水姫先輩の恋占い,6,白泉社　∥　ハクセンシャ:5 | 白泉社:1,白泉社　∥　ハクセンシャ,白泉社=[6],no,[6]
mobile-suit-gundam-seed-astray,機動戦士ガンダムSEED ASTRAY,6,[発売]KADOKAWA　∥　カドカワ:2 | [発売]角川グループホールディングス　∥　カドカワグループホールディングス:1,[発売]KADOKAWA　∥　カドカワ,[発売]角川グループホールディングス　∥　カドカワグループホールディングス=[4],yes,[4]
mobu-kara-hajimaru-tansaku-eiyuu-tan,モブから始まる探索英雄譚,6,秋田書店　∥　アキタショテン:3 | 秋田書店:3,秋田書店　∥　アキタショテン,"秋田書店=[4, 5, 6]",no,"[4, 5, 6]"
mobugao-reijou,モブ顔令嬢,6,キルタイムコミュニケーション　∥　キルタイムコミュニケーション:5 | キルタイムコミュニケーション:1,キルタイムコミュニケーション　∥　キルタイムコミュニケーション,キルタイムコミュニケーション=[6],no,[6]
mofumofu-to-mukumuku-to-isekai-hyouryuu-seikatsu,もふもふとむくむくと異世界漂流生活,6,アース・スターエンターテイメント:4 | アース・スターエンターテイメント　∥　アーススターエンターテイメント:2,アース・スターエンターテイメント,"アース・スターエンターテイメント　∥　アーススターエンターテイメント=[1, 2]",no,"[1, 2]"
mondeki,モンでき。,6,[発売]角川グループパブリッシング　∥　カドカワグループパブリッシング:2 | KADOKAWA　∥　カドカワ:2 | [発売]KADOKAWA　∥　カドカワ:1 | KADOKAWA・DWANGO　∥　カドカワドワンゴ:1,[発売]角川グループパブリッシング　∥　カドカワグループパブリッシング,"[発売]KADOKAWA　∥　カドカワ=[4];KADOKAWA　∥　カドカワ=[5, 6];KADOKAWA・DWANGO　∥　カドカワドワンゴ=[7]",no,"[4, 5, 6, 7]"
mori-no-naka-de-koushaku-ga-hirotta-nowa,森の中で公爵が拾ったのは,6,[頒布]講談社:4 | [頒布]講談社　∥　コウダンシャ:2,[頒布]講談社,"[頒布]講談社　∥　コウダンシャ=[1, 2]",no,"[1, 2]"
moshimo-tokugawa-ieyasu-ga-souri-daijin-ni-nattara,もしも徳川家康が総理大臣になったら,6,秋田書店　∥　アキタショテン:3 | 秋田書店:2,秋田書店　∥　アキタショテン,"秋田書店=[5, 6]",no,"[5, 6]"
moto-konyakusha-kara-nigeru-tame-kyuuketsu-hakushaku-ni-koibito-no-furi-o-onegai-shitara-naze,元婚約者から逃げるため吸血伯爵に恋人のフリをお願いしたら、なぜか溺愛モードになりました,6,講談社　∥　コウダンシャ:3 | 講談社:3,講談社　∥　コウダンシャ,"講談社=[4, 5, 6]",no,"[4, 5, 6]"
moto-saikyou-yuusha-no-sai-shuushoku,元最強勇者の再就職,6,[頒布]小学館クリエイティブ (発売)　∥　ショウガクカンクリエイティブ:3 | [頒布]小学館クリエイティブ　∥　ショウガクカンクリエイティブ:1 | [頒布]小学館クリエイティブ:1,[頒布]小学館クリエイティブ (発売)　∥　ショウガクカンクリエイティブ,[頒布]小学館クリエイティブ　∥　ショウガクカンクリエイティブ=[4];[頒布]小学館クリエイティブ=[6],no,"[4, 6]"
motohashi-kyoudai,本橋兄弟,6,双葉社　∥　フタバシャ:4 | リイド社　∥　リイドシャ:2,双葉社　∥　フタバシャ,"リイド社　∥　リイドシャ=[1, 2]",no,"[1, 2]"
mouichido-hikari-no-naka-e,もう一度、光の中へ,6,[頒布]講談社:4 | [頒布]講談社　∥　コウダンシャ:2,[頒布]講談社,"[頒布]講談社　∥　コウダンシャ=[2, 3]",no,"[2, 3]"
mudameshigurai-nintei-sareta-node-aiso-o-tsukashi-teikoku-ni-utsutte-shusse-suru,無駄飯食らい認定されたので愛想をつかし、帝国に移って出世する,6,集英社　∥　シュウエイシャ:5 | 集英社:1,集英社　∥　シュウエイシャ,集英社=[6],no,[6]
mugen-no-skill-getter,無限のスキルゲッター!,6,[頒布]星雲社 (発売)　∥　セイウンシャ:3 | [頒布]星雲社　∥　セイウンシャ:2 | [頒布]星雲社:1,[頒布]星雲社 (発売)　∥　セイウンシャ,"[頒布]星雲社　∥　セイウンシャ=[4, 5];[頒布]星雲社=[6]",no,"[4, 5, 6]"
mujikaku-na-tensai-shoujo-wa-kizukanai,無自覚な天才少女は気付かない,6,白泉社　∥　ハクセンシャ:4 | 白泉社:2,白泉社　∥　ハクセンシャ,"白泉社=[5, 6]",no,"[5, 6]"
mukasete-ryuugasaki-san,剥かせて!竜ケ崎さん,6,オーバーラップ　∥　オーバーラップ:5 | オーバーラップ:1,オーバーラップ　∥　オーバーラップ,オーバーラップ=[6],no,[6]
mukiryoku-neet-na-moto-shindou-boukensha-ni-naru,無気力ニートな元神童、冒険者になる,6,オーバーラップ　∥　オーバーラップ:3 | オーバーラップ:2,オーバーラップ　∥　オーバーラップ,"オーバーラップ=[5, 6]",no,"[5, 6]"
munakata-kyouju-sekaihen,宗像教授世界篇,6,小学館:4 | 小学館　∥　ショウガクカン:2,小学館,"小学館　∥　ショウガクカン=[1, 3]",no,"[1, 3]"
muv-luv-alternative-total-eclipse-rising,マブラヴオルタネイティヴトータル・イクリプスrising,6,KADOKAWA　∥　カドカワ:4 | [発売]角川グループパブリッシング　∥　カドカワ グループ パブリッシング:1 | [発売]KADOKAWA　∥　KADOKAWA:1,KADOKAWA　∥　カドカワ,[発売]角川グループパブリッシング　∥　カドカワ グループ パブリッシング=[1];[発売]KADOKAWA　∥　KADOKAWA=[2],no,"[1, 2]"
nagi-no-asu-kara,凪のあすから,6,KADOKAWA　∥　カドカワ:5 | [発売]KADOKAWA　∥　カドカワ:1,KADOKAWA　∥　カドカワ,[発売]KADOKAWA　∥　カドカワ=[1],no,[1]
name,ナメ。,6,秋田書店:4 | 秋田書店　∥　アキタショテン:2,秋田書店,"秋田書店　∥　アキタショテン=[1, 2]",no,"[1, 2]"
narazumono-renbo,ならずもの恋慕,6,新潮社　∥　シンチョウシャ:4 | 新潮社:2,新潮社　∥　シンチョウシャ,"新潮社=[6, 7]",no,"[6, 7]"
neko-ni-naritai-tamagawa-kun,猫になりたい田万川くん,6,講談社　∥　コウダンシャ:4 | 講談社:2,講談社　∥　コウダンシャ,"講談社=[5, 6]",no,"[5, 6]"
neko-ni-tensei-shita-oji-san,ねこに転生したおじさん,6,KADOKAWA:3 | KADOKAWA　∥　カドカワ:2,KADOKAWA,"KADOKAWA　∥　カドカワ=[1, 2]",no,"[1, 2]"
neko-puni,ねこぷに,6,メディアックス:5 | メディアックス　∥　メディアックス:1,メディアックス,メディアックス　∥　メディアックス=[26],yes,[26]
nengara-nenbyaku-ansatsu-renka,年年百暗殺恋歌,6,白泉社　∥　ハクセンシャ:4 | 白泉社:1,白泉社　∥　ハクセンシャ,白泉社=[6],no,[6]
neta-furi-shitemo-muda-dakara,寝たふりしても、無駄だから,6,[発売]星雲社　∥　セイウンシャ:3 | [頒布]星雲社 (発売)　∥　セイウンシャ:3,[発売]星雲社　∥　セイウンシャ,"[頒布]星雲社 (発売)　∥　セイウンシャ=[4, 5, 6]",no,"[4, 5, 6]"
netsuzou-trap,捏造トラップ,6,[発売]講談社　∥　コウダンシャ:4 | 一迅社　∥　イチジンシャ:1,[発売]講談社　∥　コウダンシャ,一迅社　∥　イチジンシャ=[1],no,[1]
new-normal,ニューノーマル,6,[頒布]日販アイ・ピー・エス (発売)　∥　ニッパンアイピーエス:4 | [頒布]日販アイ・ピー・エス:2,[頒布]日販アイ・ピー・エス (発売)　∥　ニッパンアイピーエス,"[頒布]日販アイ・ピー・エス=[5, 7]",no,"[5, 7]"
nibante-no-onna,二番手の女,6,講談社　∥　コウダンシャ:3 | 講談社:2,講談社　∥　コウダンシャ,"講談社=[5, 6]",no,"[5, 6]"
nido-tsuihousareta-sareta-boukensha-gekirea-skill-kushi-shite-bishoujo-gundan-o-ikusei-chuu,二度追放された冒険者、激レアスキル駆使して美少女軍団を育成中!,6,ぶんか社　∥　ブンカシャ:4 | ぶんか社:2,ぶんか社　∥　ブンカシャ,"ぶんか社=[5, 6]",no,"[5, 6]"
nidome-no-isekai-shounen-datta-kare-wa-toshiue-kishi-ni-nari-dekiai-shitekuru,二度目の異世界、少年だった彼は年上騎士になり溺愛してくる,6,KADOKAWA　∥　カドカワ:4 | KADOKAWA:1,KADOKAWA　∥　カドカワ,KADOKAWA=[6],no,[6]
nina-san-no-mahou-seikatsu,ニーナさんの魔法生活,6,フレックスコミックス　∥　フレックスコミックス:5 | [発売]ほるぷ出版　∥　ホルプシュッパン:1,フレックスコミックス　∥　フレックスコミックス,[発売]ほるぷ出版　∥　ホルプシュッパン=[1],no,[1]
ningen-card,人間カード,6,アース・スターエンターテイメント　∥　アーススターエンターテイメント:4 | [発売]泰文堂　∥　タイブンドウ:2,アース・スターエンターテイメント　∥　アーススターエンターテイメント,"[発売]泰文堂　∥　タイブンドウ=[1, 2]",no,"[1, 2]"
ninja-to-koroshiya-no-futari-gurashi,忍者と殺し屋のふたりぐらし,6,KADOKAWA　∥　カドカワ:4 | KADOKAWA:2,KADOKAWA　∥　カドカワ,"KADOKAWA=[5, 6]",no,"[5, 6]"
nitadori-kyouju-no-kawaii-waruagaki,似鳥教授の可愛い悪あがき,6,大誠社　∥　タイセイシャ:3 | 大誠社:3,大誠社　∥　タイセイシャ,"大誠社=[4, 5, 6]",no,"[4, 5, 6]"
nonbendarari-na-tenseisha,のんべんだらりな転生者,6,双葉社　∥　フタバシャ:5 | 双葉社:1,双葉社　∥　フタバシャ,双葉社=[6],no,[6]
noraneko-to-ookami,野良猫と狼,6,白泉社　∥　ハクセンシャ:4 | 白泉社:1,白泉社　∥　ハクセンシャ,白泉社=[6],no,[6]
nurse-no-chikara-plus,ナースのチカラplus,6,秋田書店:4 | 秋田書店　∥　アキタショテン:2,秋田書店,"秋田書店　∥　アキタショテン=[1, 2]",no,"[1, 2]"
nurumeta,ぬるめた,6,芳文社　∥　ホウブンシャ:4 | 芳文社:2,芳文社　∥　ホウブンシャ,"芳文社=[5, 6]",no,"[5, 6]"
nyan-koi,にゃんこい!,6,[発売]ソフトバンククリエイティブ　∥　ソフトバンク クリエイティブ:5 | [発売]ほるぷ出版　∥　ホルプシュッパン:1,[発売]ソフトバンククリエイティブ　∥　ソフトバンク クリエイティブ,[発売]ほるぷ出版　∥　ホルプシュッパン=[6],no,[6]
obokoi-majo-wa-majiwaritai,おぼこい魔女はまじわりたい!,6,少年画報社　∥　ショウネンガホウシャ:5 | 少年画報社　∥　ショウネン ガホウシャ:1,少年画報社　∥　ショウネンガホウシャ,少年画報社　∥　ショウネン ガホウシャ=[1],no,[1]
ochikobore-maken-tsukai-no-eiyuu-tan,落ちこぼれ魔剣使いの英雄譚,6,スターツ出版:3 | スターツ出版　∥　スターツシュッパン:2,スターツ出版,"スターツ出版　∥　スターツシュッパン=[1, 2]",no,"[1, 2]"
oda-nobuna-no-yabou,織田信奈の野望,6,[発売]角川グループパブリッシング　∥　カドカワグループパブリッシング:2 | KADOKAWA　∥　カドカワ:2 | [発売]角川グループパブリッシング　∥　カドカワ グループ パブリッシング:1 | [発売]角川グループホールディングス　∥　カドカワグループホールディングス:1,[発売]角川グループパブリッシング　∥　カドカワグループパブリッシング,"[発売]角川グループパブリッシング　∥　カドカワ グループ パブリッシング=[1];[発売]角川グループホールディングス　∥　カドカワグループホールディングス=[4];KADOKAWA　∥　カドカワ=[5, 6]",no,"[1, 4, 5, 6]"
odekake-kozame,おでかけ子ザメ,6,KADOKAWA　∥　カドカワ:4 | KADOKAWA:2,KADOKAWA　∥　カドカワ,"KADOKAWA=[6, 7]",no,"[6, 7]"
odoriba-ni-skirt-ga-naru,踊り場にスカートが鳴る,6,[頒布]講談社　∥　コウダンシャ:4 | [頒布]講談社:2,[頒布]講談社　∥　コウダンシャ,"[頒布]講談社=[5, 6]",no,"[5, 6]"
ofukai-shitara-tondemonai-yatsu-ga-kita-hanashi,オフ会したらとんでもないやつが来た話,6,講談社　∥　コウダンシャ:5 | 講談社:1,講談社　∥　コウダンシャ,講談社=[6],no,[6]
ohitoyoshi-shokunin-no-burari-isekaitabi,お人好し職人のぶらり異世界旅,6,[頒布]星雲社 (発売)　∥　セイウンシャ:5 | [頒布]星雲社　∥　セイウンシャ:1,[頒布]星雲社 (発売)　∥　セイウンシャ,[頒布]星雲社　∥　セイウンシャ=[6],no,[6]
oinari-jk-tamamo-chan,お稲荷JKたまもちゃん!,6,[発売]講談社　∥　コウダンシャ:5 | [頒布]講談社　∥　コウダンシャ:1,[発売]講談社　∥　コウダンシャ,[頒布]講談社　∥　コウダンシャ=[6],no,[6]
okazari-ouhi-ni-natta-node-kossori-hataraki-ni-deru-koto-ni-shimashita,お飾り王妃になったので、こっそり働きに出ることにしました,6,KADOKAWA　∥　カドカワ:4 | KADOKAWA:1,KADOKAWA　∥　カドカワ,KADOKAWA=[6],no,[6]
okuchi-ga-etchi-na-jakuten-datte-rival-no-elite-douryou-ni-barete-shimaimashita,おくちがエッチな弱点だって、ライバルのエリート同僚にバレてしまいました,6,[頒布]祥伝社　∥　ショウデンシャ:4 | [頒布]祥伝社:1,[頒布]祥伝社　∥　ショウデンシャ,[頒布]祥伝社=[6],no,[6]
omega-7,Omega 7,6,SBクリエイティブ　∥　エスビークリエイティブ:2 | ソフトバンククリエイティブ　∥　ソフトバンク クリエイティブ:1,SBクリエイティブ　∥　エスビークリエイティブ,ソフトバンククリエイティブ　∥　ソフトバンク クリエイティブ=[3],yes,[3]
one-for-all,ONE FOR ALL,6,講談社　∥　コウダンシャ:3 | 講談社:3,講談社　∥　コウダンシャ,"講談社=[5, 7, 8]",no,"[5, 7, 8]"
oni-joushi-no-dekiai-ga-tomarimasen,鬼上司の溺愛が止まりません,6,大誠社　∥　タイセイシャ:3 | 大誠社:2,大誠社　∥　タイセイシャ,"大誠社=[5, 6]",no,"[5, 6]"
onna-kishi-to-kemomimi-no-ko,女騎士とケモミミの子,6,新潮社　∥　シンチョウシャ:4 | 新潮社:2,新潮社　∥　シンチョウシャ,"新潮社=[5, 6]",no,"[5, 6]"
onna-no-mado,おんなの窓,6,文藝春秋　∥　ブンゲイシュンジュウ:4 | 文藝春秋　∥　ブンゲイ シュンジュウ:1,文藝春秋　∥　ブンゲイシュンジュウ,文藝春秋　∥　ブンゲイ シュンジュウ=[2],no,[2]
ookami-kachou-no-kisu-wa-amai,オオカミ課長のキスは甘い,6,大都社　∥　ダイトシャ:4 | 大都社:1,大都社　∥　ダイトシャ,大都社=[6],no,[6]
ookami-no-musume,狼の娘,6,小学館　∥　ショウガクカン:4 | 小学館:2,小学館　∥　ショウガクカン,"小学館=[7, 8]",no,"[7, 8]"
ore-ni-trauma-o-ataeta-joshi-tachi-ga-chirachira-mitekuru-kedo-zannen-desu-teokure-desu,俺にトラウマを与えた女子達がチラチラ見てくるけど、残念ですが手遅れです,6,オーバーラップ:4 | オーバーラップ　∥　オーバーラップ:2,オーバーラップ,"オーバーラップ　∥　オーバーラップ=[1, 2]",no,"[1, 2]"
ore-no-kantei-skill-ga-cheat-sugite,俺の『鑑定』スキルがチートすぎて,6,講談社　∥　コウダンシャ:5 | 講談社:1,講談社　∥　コウダンシャ,講談社=[6],no,[6]
ore-no-kouhai-ga-konnani-kawaii-wake-ga-nai,俺の後輩がこんなに可愛いわけがない,6,KADOKAWA　∥　カドカワ:3 | [発売]角川グループパブリッシング　∥　カドカワ グループ パブリッシング:2 | [発売]Kadokawa　∥　Kadokawa:1,KADOKAWA　∥　カドカワ,"[発売]角川グループパブリッシング　∥　カドカワ グループ パブリッシング=[1, 2];[発売]Kadokawa　∥　Kadokawa=[3]",no,"[1, 2, 3]"
orukusen-oukokushi,オルクセン王国史,6,一二三書房:5 | [頒布]一二三書房　∥　ヒフミショボウ:1,一二三書房,[頒布]一二三書房　∥　ヒフミショボウ=[1],no,[1]
oshi-ni-amagami,推しに甘噛み,6,白泉社　∥　ハクセンシャ:5 | 白泉社:1,白泉社　∥　ハクセンシャ,白泉社=[8],no,[8]
oshi-no-idol-ga-tonari-no-heya-ni-hikkoshitekita,推しのアイドルが隣の部屋に引っ越してきた,6,[発売]講談社　∥　コウダンシャ:3 | [頒布]講談社　∥　コウダンシャ:3,[発売]講談社　∥　コウダンシャ,"[頒布]講談社　∥　コウダンシャ=[4, 5, 6]",no,"[4, 5, 6]"
otchoko-doji-onee-san,おっちょこドジおねえさん,6,講談社　∥　コウダンシャ:5 | 講談社:1,講談社　∥　コウダンシャ,講談社=[6],no,[6]
otonari-no-tenshi-sama-ni-itsunomanika-dame-ningen-ni-sareteita-ken,お隣の天使様にいつの間にか駄目人間にされていた件,6,スクウェア・エニックス　∥　スクウェア ・ エニックス:3 | スクウェア・エニックス:3,スクウェア・エニックス　∥　スクウェア ・ エニックス,"スクウェア・エニックス=[4, 5, 6]",no,"[4, 5, 6]"
ou-sama-no-mimi,王様の耳,6,小学館　∥　ショウガクカン:4 | 小学館:2,小学館　∥　ショウガクカン,"小学館=[5, 6]",no,"[5, 6]"
ou-sama-no-propose,王様のプロポーズ,6,スクウェア・エニックス　∥　スクウェア ・ エニックス:3 | スクウェア・エニックス:3,スクウェア・エニックス　∥　スクウェア ・ エニックス,"スクウェア・エニックス=[4, 5, 6]",no,"[4, 5, 6]"
ouji-no-honmei-wa-akuyaku-reijou,王子の本命は悪役令嬢,6,[頒布]星雲社 (発売)　∥　セイウンシャ:3 | [頒布]星雲社:2 | [頒布]星雲社　∥　セイウンシャ:1,[頒布]星雲社 (発売)　∥　セイウンシャ,"[頒布]星雲社　∥　セイウンシャ=[4];[頒布]星雲社=[5, 6]",no,"[4, 5, 6]"
ouru-naito,オウルナイト,6,スクウェア・エニックス　∥　スクウェア ・ エニックス:4 | スクウェア・エニックス:2,スクウェア・エニックス　∥　スクウェア ・ エニックス,"スクウェア・エニックス=[5, 6]",no,"[5, 6]"
p-b-b,P.B.B.,6,リブレ出版　∥　リブレ シュッパン:3 | リブレ　∥　リブレ:1,リブレ出版　∥　リブレ シュッパン,リブレ　∥　リブレ=[6],no,[6]
palm,パーム,6,新書館　∥　シンショカン:4 | 新書館:2,新書館　∥　シンショカン,"新書館=[44, 45]",no,"[44, 45]"
papa-datte-shitai,パパだって、したい,6,[発売]星雲社　∥　セイウンシャ:4 | [頒布]星雲社 (発売)　∥　セイウンシャ:1 | [頒布]星雲社　∥　セイウンシャ:1,[発売]星雲社　∥　セイウンシャ,[頒布]星雲社 (発売)　∥　セイウンシャ=[5];[頒布]星雲社　∥　セイウンシャ=[6],no,"[5, 6]"
pichi-pichi-pitch-aqua,ぴちぴちピッチaqua,6,講談社　∥　コウダンシャ:4 | 講談社:2,講談社　∥　コウダンシャ,"講談社=[6, 7]",no,"[6, 7]"
pole-star,POLE STAR,6,講談社:4 | 講談社　∥　コウダンシャ:1,講談社,講談社　∥　コウダンシャ=[1],no,[1]
ponta-ga-hito-ni-narimashite,ポン太がヒトになりまして。,6,集英社:4 | 集英社　∥　シュウエイシャ:2,集英社,"集英社　∥　シュウエイシャ=[1, 2]",no,"[1, 2]"
princess-kun-to-naito-san,プリンセスくんとナイトさん,6,小学館クリエイティブ　∥　ショウガクカンクリエイティブ:3 | 小学館クリエイティブ　∥　ショウガクカン クリエイティブ:2 | 小学館クリエイティブ:1,小学館クリエイティブ　∥　ショウガクカンクリエイティブ,"小学館クリエイティブ　∥　ショウガクカン クリエイティブ=[3, 5];小学館クリエイティブ=[6]",no,"[3, 5, 6]"
printernia-nippon,プリンタニア・ニッポン,6,イースト・プレス　∥　イーストプレス:4 | イースト・プレス:2,イースト・プレス　∥　イーストプレス,"イースト・プレス=[5, 6]",no,"[5, 6]"
private-akutaazu,P.As.(プライベートアクターズ),6,秋田書店　∥　アキタショテン:4 | 秋田書店:2,秋田書店　∥　アキタショテン,"秋田書店=[5, 6]",no,"[5, 6]"
ragaa-nyan,ラガーにゃん,6,光文社　∥　コウブンシャ:5 | 光文社:1,光文社　∥　コウブンシャ,光文社=[6],no,[6]
rai-rai-rai,雷雷雷,6,小学館:4 | 小学館　∥　ショウガクカン:2,小学館,"小学館　∥　ショウガクカン=[1, 2]",no,"[1, 2]"
rarumeshi,ラル飯,6,KADOKAWA　∥　カドカワ:5 | KADOKAWA:1,KADOKAWA　∥　カドカワ,KADOKAWA=[6],no,[6]
reboot,REBOOT,6,秋田書店　∥　アキタショテン:5 | 秋田書店　∥　アキタ ショテン:1,秋田書店　∥　アキタショテン,秋田書店　∥　アキタ ショテン=[1],yes,[1]
reiketsu-ryuuou-heika-no-unmei-no-tsugai-rashii-desu-koukyuu-ni-hikikomorou-to-omoimasu,冷血竜皇陛下の「運命の番」らしいですが、後宮に引きこもろうと思います,6,講談社　∥　コウダンシャ:4 | 講談社:2,講談社　∥　コウダンシャ,"講談社=[5, 6]",no,"[5, 6]"
ren-soushi-ni-shojo-o-sasagu,漣蒼士に処女を捧ぐ,6,[頒布]星雲社 (発売)　∥　セイウンシャ:2 | [頒布]星雲社　∥　セイウンシャ:2 | [頒布]星雲社:2,[頒布]星雲社 (発売)　∥　セイウンシャ,"[頒布]星雲社　∥　セイウンシャ=[4, 5];[頒布]星雲社=[6, 7]",no,"[4, 5, 6, 7]"
renge-to-naruto,れんげとなると!,6,小学館:4 | 小学館　∥　ショウガクカン:2,小学館,"小学館　∥　ショウガクカン=[1, 2]",no,"[1, 2]"
rie-san-techou,りえさん手帖,6,毎日新聞出版　∥　マイニチシンブンシュッパン:4 | 毎日新聞出版:2,毎日新聞出版　∥　マイニチシンブンシュッパン,"毎日新聞出版=[5, 6]",no,"[5, 6]"
rikei-no-hitobito,理系の人々,6,KADOKAWA　∥　カドカワ:3 | 中経出版　∥　チュウケイシュッパン:2 | 中経出版　∥　チュウケイ シュッパン:1,KADOKAWA　∥　カドカワ,"中経出版　∥　チュウケイ シュッパン=[1];中経出版　∥　チュウケイシュッパン=[2, 3]",no,"[1, 2, 3]"
rising-x-rydeen,ライジン×ライジン,6,KADOKAWA　∥　カドカワ:3 | [発売]角川グループパブリッシング　∥　カドカワグループパブリッシング:2 | [発売]KADOKAWA　∥　カドカワ:1,KADOKAWA　∥　カドカワ,"[発売]角川グループパブリッシング　∥　カドカワグループパブリッシング=[1, 2];[発売]KADOKAWA　∥　カドカワ=[3]",no,"[1, 2, 3]"
robou-no-fujii,路傍のフジイ,6,小学館　∥　ショウガクカン:3 | 小学館:3,小学館　∥　ショウガクカン,"小学館=[4, 5, 6]",no,"[4, 5, 6]"
rokurei,ロクレイ,6,スクウェア・エニックス　∥　スクウェア ・ エニックス:5 | スクウェア・エニックス:1,スクウェア・エニックス　∥　スクウェア ・ エニックス,スクウェア・エニックス=[6],no,[6]
root-route-of-odd-taxi,RoOT/ルートオブオッドタクシー,6,小学館　∥　ショウガクカン:4 | 小学館:1,小学館　∥　ショウガクカン,小学館=[6],no,[6]
rose-rosy-rose-full-bud,ローズローズィローズフルバッド,6,集英社　∥　シュウエイシャ:4 | 集英社:1,集英社　∥　シュウエイシャ,集英社=[6],no,[6]
rou-no-naka-de-mezameta-akuyaku-reijou-wa-shinitakunai,牢の中で目覚めた悪役令嬢は死にたくない,6,双葉社　∥　フタバシャ:3 | 双葉社:3,双葉社　∥　フタバシャ,"双葉社=[4, 5, 6]",no,"[4, 5, 6]"
ruri-no-houseki,瑠璃の宝石,6,KADOKAWA　∥　カドカワ:4 | KADOKAWA:2,KADOKAWA　∥　カドカワ,"KADOKAWA=[6, 7]",no,"[6, 7]"
ryuu-heika-no-okisaki-wa-okotowari-shitai,竜陛下のお妃はお断りしたい!,6,竹書房:4 | 竹書房　∥　タケ ショボウ:2,竹書房,"竹書房　∥　タケ ショボウ=[1, 2]",no,"[1, 2]"
ryuu-ni-sodaterareta-saikyou,竜に育てられた最強,6,実業之日本社　∥　ジツギョウノニホンシャ:4 | 実業之日本社:1,実業之日本社　∥　ジツギョウノニホンシャ,実業之日本社=[6],no,[6]
ryuu-to-ayumu-nariagari-boukensha-dou,竜と歩む成り上がり冒険者道,6,ぶんか社　∥　ブンカシャ:4 | ぶんか社:2,ぶんか社　∥　ブンカシャ,"ぶんか社=[5, 6]",no,"[5, 6]"
ryuui-no-luka,竜医のルカ,6,講談社　∥　コウダンシャ:3 | 講談社:3,講談社　∥　コウダンシャ,"講談社=[4, 5, 6]",no,"[4, 5, 6]"
ryuuokuri-no-isagi,竜送りのイサギ,6,小学館:4 | 小学館　∥　ショウガクカン:2,小学館,"小学館　∥　ショウガクカン=[1, 2]",no,"[1, 2]"
sabageppanashi-s,サバゲっぱなしS,6,小学館　∥　ショウガクカン:4 | 小学館:2,小学館　∥　ショウガクカン,"小学館=[5, 6]",no,"[5, 6]"
saikin-haitta-haku-madoushi-ga-party-crusher-de-ore-no-isekai-boukensha-seikatsu-ga-houkai-no-kiki,最近入った白魔導士がパーティークラッシャーで、俺の異世界冒険者生活が崩壊の危機な件について,6,マイクロマガジン社　∥　マイクロマガジンシャ:4 | マイクロマガジン社:2,マイクロマガジン社　∥　マイクロマガジンシャ,"マイクロマガジン社=[5, 6]",no,"[5, 6]"
saikon-shounin-o-youkyuu-shimasu,再婚承認を要求します,6,集英社:5 | 集英社　∥　シュウエイシャ:1,集英社,集英社　∥　シュウエイシャ=[1],no,[1]
saikou-nando-meikyuu-de-party-ni-okizari-ni-sareta-esu-rank-kenshi-hontou-ni-mayoimakutte-daremo,最高難度迷宮でパーティに置き去りにされたSランク剣士、本当に迷いまくって誰も知らない最深部へ,6,スクウェア・エニックス　∥　スクウェア ・ エニックス:4 | スクウェア・エニックス:2,スクウェア・エニックス　∥　スクウェア ・ エニックス,"スクウェア・エニックス=[5, 7]",no,"[5, 7]"
saikyou-chiyushi-no-techigai-surooraifu,最強治癒師の手違いスローライフ,6,スターツ出版　∥　スターツシュッパン:3 | スターツ出版:3,スターツ出版　∥　スターツシュッパン,"スターツ出版=[4, 5, 6]",no,"[4, 5, 6]"
sakitama,さきたま,6,朝日新聞出版　∥　アサヒシンブンシュッパン:1 | 朝日新聞出版:1,朝日新聞出版　∥　アサヒシンブンシュッパン,朝日新聞出版=[6],no,[6]
sandman,サンドマン,6,インターブックス:5 | インターブックス　∥　インターブックス:1,インターブックス,インターブックス　∥　インターブックス=[1],yes,[1]
sasen-sareta-munou-ouji-wa-jitsuryoku-o-kakushitai,左遷された無能王子は実力を隠したい,6,KADOKAWA　∥　カドカワ:4 | KADOKAWA:2,KADOKAWA　∥　カドカワ,"KADOKAWA=[5, 6]",no,"[5, 6]"
satsujinki-tensei,殺人鬼×転生,6,[頒布]青泉社:3 | [頒布]青泉社　∥　セイセンシャ:2,[頒布]青泉社,"[頒布]青泉社　∥　セイセンシャ=[1, 2]",no,"[1, 2]"
school-back,スクールバック,6,小学館　∥　ショウガクカン:3 | 小学館:2,小学館　∥　ショウガクカン,"小学館=[5, 6]",no,"[5, 6]"
seijo-mellia-to-sennen-oukoku-no-kishi,聖女メリアと千年王国の騎士,6,KADOKAWA　∥　カドカワ:5 | KADOKAWA:1,KADOKAWA　∥　カドカワ,KADOKAWA=[6],no,[6]
seireitsukai-no-blade-dance,精霊使いの剣舞,6,KADOKAWA　∥　カドカワ:4 | メディアファクトリー　∥　メディア ファクトリー:2,KADOKAWA　∥　カドカワ,"メディアファクトリー　∥　メディア ファクトリー=[1, 2]",no,"[1, 2]"
seishun-pop,青春ポップ!,6,秋田書店　∥　アキタ ショテン:5 | 秋田書店　∥　アキタショテン:1,秋田書店　∥　アキタ ショテン,秋田書店　∥　アキタショテン=[6],no,[6]
seiyuu-radio-no-ura-omote,声優ラジオのウラオモテ,6,KADOKAWA　∥　カドカワ:4 | KADOKAWA:2,KADOKAWA　∥　カドカワ,"KADOKAWA=[5, 6]",no,"[5, 6]"
sekai-saikyou-no-shitsuji,世界最強の執事,6,集英社　∥　シュウエイシャ:4 | 集英社:1,集英社　∥　シュウエイシャ,集英社=[6],no,[6]
serial-killer-isekai-ni-oritatsu,シリアルキラー異世界に降り立つ,6,少年画報社　∥　ショウネンガホウシャ:4 | 少年画報社:2,少年画報社　∥　ショウネンガホウシャ,"少年画報社=[5, 6]",no,"[5, 6]"
shiawase-wa-tabete-nete-mate,しあわせは食べて寝て待て,6,秋田書店　∥　アキタショテン:4 | 秋田書店:2,秋田書店　∥　アキタショテン,"秋田書店=[5, 6]",no,"[5, 6]"
shibuya-near-family,シブヤニアファミリー,6,小学館　∥　ショウガクカン:3 | 小学館:3,小学館　∥　ショウガクカン,"小学館=[4, 5, 6]",no,"[4, 5, 6]"
shii-chan-to-neko,しーちゃんとねこ,6,少年画報社　∥　ショウネンガホウシャ:5 | 少年画報社:1,少年画報社　∥　ショウネンガホウシャ,少年画報社=[6],no,[6]
shijou-saikyou-no-kyuutei-tamer,史上最強の宮廷テイマー,6,集英社　∥　シュウエイシャ:5 | 集英社:1,集英社　∥　シュウエイシャ,集英社=[6],no,[6]
shin-garouden,真・餓狼伝,6,秋田書店　∥　アキタショテン:4 | 秋田書店　∥　アキタ ショテン:2,秋田書店　∥　アキタショテン,"秋田書店　∥　アキタ ショテン=[1, 2]",no,"[1, 2]"
shin-salaryman-kintarou,新サラリーマン金太郎,6,集英社　∥　シュウエイシャ:5 | 集英社:1,集英社　∥　シュウエイシャ,集英社=[6],no,[6]
shin-tan-kairou,深潭回廊,6,ふゅーじょんぷろだくと　∥　フュージョン プロダクト:5 | ふゅーじょんぷろだくと:1,ふゅーじょんぷろだくと　∥　フュージョン プロダクト,ふゅーじょんぷろだくと=[6],no,[6]
shinanonchi-no-ikuru,しなのんちのいくる,6,KADOKAWA　∥　カドカワ:3 | KADOKAWA:3,KADOKAWA　∥　カドカワ,"KADOKAWA=[5, 6, 7]",no,"[5, 6, 7]"
shingeki-no-bahamut-misutarushia-saga,神撃のバハムート ミスタルシアサーガ,6,[発売]泰文堂　∥　タイブンドウ:3 | Cygames　∥　サイゲームス:3,[発売]泰文堂　∥　タイブンドウ,"Cygames　∥　サイゲームス=[4, 5, 6]",no,"[4, 5, 6]"
shining,シャイニング!,6,小学館　∥　ショウガクカン:3 | 小学館:3,小学館　∥　ショウガクカン,"小学館=[4, 5, 6]",no,"[4, 5, 6]"
shinken-de-watashi-ni-koishinasai,真剣で私に恋しなさい!,6,[発売]角川グループパブリッシング　∥　カドカワ グループ パブリッシング:3 | [発売]角川グループパブリッシング　∥　カドカワグループパブリッシング:2 | [発売]KADOKAWA　∥　カドカワ:1,[発売]角川グループパブリッシング　∥　カドカワ グループ パブリッシング,"[発売]角川グループパブリッシング　∥　カドカワグループパブリッシング=[4, 5];[発売]KADOKAWA　∥　カドカワ=[6]",no,"[4, 5, 6]"
shinketsu-no-kyuuseishu,神血の救世主,6,KADOKAWA:4 | KADOKAWA　∥　カドカワ:1,KADOKAWA,KADOKAWA　∥　カドカワ=[1],no,[1]
shio-no-machi,塩の街,6,白泉社　∥　ハクセンシャ:5 | 白泉社:1,白泉社　∥　ハクセンシャ,白泉社=[6],no,[6]
shiritsu-teijou-gakuen,私立帝城学園,6,ふゅーじょんぷろだくと　∥　フュージョン プロダクト:5 | ふゅーじょんぷろだくと:1,ふゅーじょんぷろだくと　∥　フュージョン プロダクト,ふゅーじょんぷろだくと=[6],no,[6]
shitomeya-kagyou-asami,仕留屋稼業あさみ,6,ぶんか社　∥　ブンカシャ:5 | 楽楽出版　∥　ラクラク シュッパン:1,ぶんか社　∥　ブンカシャ,楽楽出版　∥　ラクラク シュッパン=[2],no,[2]
shizukanaru-don-mouhitotsu-no-saishuushou,静かなるドン-もうひとつの最終章-,6,実業之日本社　∥　ジツギョウノニホンシャ:3 | 実業之日本社:3,実業之日本社　∥　ジツギョウノニホンシャ,"実業之日本社=[5, 6, 7]",no,"[5, 6, 7]"
shokubutsu-byourigaku-wa-ashita-no-kimi-o-negau,植物病理学は明日の君を願う,6,小学館　∥　ショウガクカン:4 | 小学館:2,小学館　∥　ショウガクカン,"小学館=[5, 6]",no,"[5, 6]"
shoudoubutsu-kei-reijou-wa-koori-no-ouji-ni-dekiai-dekiaisareru,小動物系令嬢は氷の王子に溺愛される,6,KADOKAWA　∥　カドカワ:5 | KADOKAWA:1,KADOKAWA　∥　カドカワ,KADOKAWA=[6],no,[6]
shoujo-manga-no-hero-ni-naritai-noni-heroine-atsukai-dekiaisareru-ore,少女マンガのヒーローになりたいのにヒロイン扱いされる俺。,6,小学館　∥　ショウガクカン:4 | 小学館:2,小学館　∥　ショウガクカン,"小学館=[5, 6]",no,"[5, 6]"
shounan-bakusouzoku-first-flag,湘南爆走族ファーストフラッグ,6,秋田書店　∥　アキタショテン:3 | 秋田書店:3,秋田書店　∥　アキタショテン,"秋田書店=[4, 5, 6]",no,"[4, 5, 6]"
shounen-o-kau,少年を飼う,6,コアミックス　∥　コアミックス:4 | コアミックス　∥　コア ミックス:2,コアミックス　∥　コアミックス,"コアミックス　∥　コア ミックス=[2, 4]",no,"[2, 4]"
shounen-onmyouji,少年陰陽師,6,KADOKAWA:3 | KADOKAWA　∥　カドカワ:2 | [発売]角川グループパブリッシング　∥　カドカワグループパブリッシング:1,KADOKAWA,"[発売]角川グループパブリッシング　∥　カドカワグループパブリッシング=[1];KADOKAWA　∥　カドカワ=[2, 3]",no,"[1, 2, 3]"
shounenin-ushijima-kun,少年院ウシジマくん,6,小学館　∥　ショウガクカン:4 | 小学館:2,小学館　∥　ショウガクカン,"小学館=[5, 6]",no,"[5, 6]"
shourai-kekkon-shiyoune-to-yakusoku-shita-osananajimi-ga-kensei-ni-natte-kaettekita-kita,将来結婚しようね、と約束した幼馴染が剣聖になって帰ってきた,6,スターツ出版　∥　スターツシュッパン:5 | スターツ出版:1,スターツ出版　∥　スターツシュッパン,スターツ出版=[6],no,[6]
shuumatsu-no-hakoniwa,終末の箱庭,6,小学館　∥　ショウガクカン:3 | 小学館:2,小学館　∥　ショウガクカン,"小学館=[5, 6]",no,"[5, 6]"
silent-witch,サイレント・ウィッチ,6,KADOKAWA　∥　カドカワ:4 | KADOKAWA:2,KADOKAWA　∥　カドカワ,"KADOKAWA=[5, 6]",no,"[5, 6]"
sis-plus,シスプラス,6,スクウェア・エニックス　∥　スクウェア エニックス:5 | スクウェア・エニックス　∥　スクウェア ・ エニックス:1,スクウェア・エニックス　∥　スクウェア エニックス,スクウェア・エニックス　∥　スクウェア ・ エニックス=[6],no,[6]
skill-saisei-to-hakai-kara-hajimaru-saikyou-boukensha-life,スキル〈再生〉と〈破壊〉から始まる最強冒険者ライフ,6,スターツ出版　∥　スターツシュッパン:3 | スターツ出版:2,スターツ出版　∥　スターツシュッパン,"スターツ出版=[5, 6]",no,"[5, 6]"
slime-seijo,スライム聖女,6,集英社:5 | 集英社　∥　シュウエイシャ:1,集英社,集英社　∥　シュウエイシャ=[1],no,[1]
soara-to-mamono-no-ie,ソアラと魔物の家,6,小学館　∥　ショウガクカン:4 | 小学館:2,小学館　∥　ショウガクカン,"小学館=[5, 6]",no,"[5, 6]"
sono-hatsukoi-wa-amasugiru,その初恋は甘すぎる,6,ハーパーコリンズ・ジャパン　∥　ハーパーコリンズジャパン:5 | ハーパーコリンズ・ジャパン:1,ハーパーコリンズ・ジャパン　∥　ハーパーコリンズジャパン,ハーパーコリンズ・ジャパン=[6],no,[6]
sono-mono-nochi-ni,その者。のちに…,6,アース・スターエンターテイメント　∥　アーススターエンターテイメント:5 | [発売]泰文堂　∥　タイブンドウ:1,アース・スターエンターテイメント　∥　アーススターエンターテイメント,[発売]泰文堂　∥　タイブンドウ=[1],no,[1]
sora-made-itchau,空までイっちゃう,6,秋田書店　∥　アキタショテン:3 | 秋田書店:3,秋田書店　∥　アキタショテン,"秋田書店=[5, 6, 7]",no,"[5, 6, 7]"
sora-o-matotte,空をまとって,6,集英社　∥　シュウエイシャ:3 | 集英社:3,集英社　∥　シュウエイシャ,"集英社=[6, 7, 8]",no,"[6, 7, 8]"
soubi-seisakukei-cheat-de-isekai-o-jiyuu-ni-ikite-ikimasu,装備製作系チートで異世界を自由に生きていきます,6,[頒布]星雲社 (発売)　∥　セイウンシャ:3 | [発売]星雲社　∥　セイウンシャ:1 | [頒布]星雲社:1,[頒布]星雲社 (発売)　∥　セイウンシャ,[発売]星雲社　∥　セイウンシャ=[1];[頒布]星雲社=[6],no,"[1, 6]"
soul-reviver,ソウルリヴァイヴァー,6,[発売]小学館クリエイティブ　∥　ショウガクカンクリエイティブ:4 | [発売]小学館クリエイティブ　∥　ショウガクカン クリエイティブ:2,[発売]小学館クリエイティブ　∥　ショウガクカンクリエイティブ,"[発売]小学館クリエイティブ　∥　ショウガクカン クリエイティブ=[1, 2]",no,"[1, 2]"
sousei-no-akuerion,創聖のアクエリオン,6,[発売]ソフトバンククリエイティブ　∥　ソフトバンク クリエイティブ:4 | [発売]ほるぷ出版　∥　ホルプ シュッパン:2,[発売]ソフトバンククリエイティブ　∥　ソフトバンク クリエイティブ,"[発売]ほるぷ出版　∥　ホルプ シュッパン=[5, 6]",no,"[5, 6]"
souten-no-ken-regenesis,蒼天の拳リジェネシス,6,[発売]徳間書店　∥　トクマ ショテン:4 | コアミックス:2,[発売]徳間書店　∥　トクマ ショテン,"コアミックス=[5, 6]",no,"[5, 6]"
souzou-renkinjutsushi-wa-jiyuu-o-ouka-suru,創造錬金術師は自由を謳歌する,6,KADOKAWA　∥　カドカワ:4 | KADOKAWA:1,KADOKAWA　∥　カドカワ,KADOKAWA=[6],no,[6]
spirit-circle,スピリットサークル,6,少年画報社　∥　ショウネンガホウシャ:4 | 少年画報社　∥　ショウネン ガホウシャ:2,少年画報社　∥　ショウネンガホウシャ,"少年画報社　∥　ショウネン ガホウシャ=[1, 2]",no,"[1, 2]"
starting-gate,STARTING GATE!,6,Cygames　∥　サイゲームス:4 | 小学館　∥　ショウガクカン:2,Cygames　∥　サイゲームス,"小学館　∥　ショウガクカン=[5, 6]",no,"[5, 6]"
staygold,STAYGOLD,6,祥伝社　∥　ショウデンシャ:5 | 一迅社　∥　イチジンシャ:1,祥伝社　∥　ショウデンシャ,一迅社　∥　イチジンシャ=[1],no,[1]
suika,誰何suika,6,徳間書店　∥　トクマ ショテン:4 | 徳間書店:2,徳間書店　∥　トクマ ショテン,"徳間書店=[5, 6]",no,"[5, 6]"
sunny,Sunny,6,小学館　∥　ショウガクカン:5 | 小学館:1,小学館　∥　ショウガクカン,小学館=[3],no,[3]
sute-akuyaku-reijou-wa-kaibutsu-ni-otogibanashi-o-kataru,捨て悪役令嬢は怪物にお伽噺を語る,6,スクウェア・エニックス　∥　スクウェア ・ エニックス:4 | スクウェア・エニックス:2,スクウェア・エニックス　∥　スクウェア ・ エニックス,"スクウェア・エニックス=[5, 6]",no,"[5, 6]"
suterare-danshaku-reijou-wa-kuro-kishi-sama-no-okiniiri,捨てられ男爵令嬢は黒騎士様のお気に入り,6,[頒布]講談社　∥　コウダンシャ:3 | [頒布]講談社:3,[頒布]講談社　∥　コウダンシャ,"[頒布]講談社=[4, 5, 6]",no,"[4, 5, 6]"
suterareta-tsuma-ni-atarashii-otto-ga-dekimashita,捨てられた妻に新しい夫ができました,6,[頒布]一二三書房　∥　ヒフミショボウ:3 | 一二三書房:3,[頒布]一二三書房　∥　ヒフミショボウ,"一二三書房=[5, 6, 8]",no,"[5, 6, 8]"
tairan-sekigahara,大乱関ヶ原,6,リイド社　∥　リイドシャ:3 | リイド社:2,リイド社　∥　リイドシャ,"リイド社=[5, 6]",no,"[5, 6]"
taishou-no-kondate,大正の献立,6,少年画報社　∥　ショウネンガホウシャ:5 | 少年画報社:1,少年画報社　∥　ショウネンガホウシャ,少年画報社=[6],no,[6]
takaga-shishaku-chakunan-ni-kouki-na-hitotachi-ga-guigui-kite-comic,たかが子爵嫡男に高貴な人たちがグイグイきて困る@COMIC,6,TOブックス　∥　ティーオーブックス:4 | TOブックス:2,TOブックス　∥　ティーオーブックス,"TOブックス=[5, 6]",no,"[5, 6]"
takako-san,タカコさん,6,[発売]徳間書店　∥　トクマ ショテン:5 | コアミックス　∥　コアミックス:1,[発売]徳間書店　∥　トクマ ショテン,コアミックス　∥　コアミックス=[6],no,[6]
tamanokoshi-goyoui-shimashita,玉の輿ご用意しました,6,徳間書店　∥　トクマ ショテン:4 | 徳間書店:1,徳間書店　∥　トクマ ショテン,徳間書店=[6],no,[6]
tamaranai-no-wa-koi-nanoka,たまらないのは恋なのか,6,講談社:3 | 講談社　∥　コウダンシャ:2,講談社,"講談社　∥　コウダンシャ=[1, 2]",no,"[1, 2]"
tefuda-ga-oome-no-victoria,手札が多めのビクトリア,6,KADOKAWA:3 | KADOKAWA　∥　カドカワ:2,KADOKAWA,"KADOKAWA　∥　カドカワ=[1, 2]",no,"[1, 2]"
teito-seihai-ki-tan,帝都聖杯奇譚,6,KADOKAWA　∥　カドカワ:5 | KADOKAWA:1,KADOKAWA　∥　カドカワ,KADOKAWA=[6],no,[6]
tengu-no-daidokoro,天狗の台所,6,講談社　∥　コウダンシャ:4 | 講談社:1,講談社　∥　コウダンシャ,講談社=[6],no,[6]
tenisaki-wa-yakushi-ga-sukunai-sekai-deshita,転移先は薬師が少ない世界でした,6,[頒布]星雲社 (発売)　∥　セイウンシャ:3 | [頒布]星雲社　∥　セイウンシャ:1 | [頒布]星雲社:1,[頒布]星雲社 (発売)　∥　セイウンシャ,[頒布]星雲社　∥　セイウンシャ=[4];[頒布]星雲社=[6],no,"[4, 6]"
tensei-bijo-to-yoru-ga-yajuu-ouji,転生美女と夜が野獣王子,6,大都社　∥　ダイトシャ:4 | 大都社:2,大都社　∥　ダイトシャ,"大都社=[5, 6]",no,"[5, 6]"
tensei-joou-no-mattari-nonbiri-isekai-recipe,転生王女のまったりのんびり!?異世界レシピ,6,スターツ出版　∥　スターツシュッパン:5 | スターツ出版:1,スターツ出版　∥　スターツシュッパン,スターツ出版=[6],no,[6]
tensei-kizoku-no-isekai-boukenroku-sasaki-2020,転生貴族の異世界冒険録,6,[頒布]一二三書房　∥　ヒフミショボウ:5 | 一二三書房　∥　ヒフミショボウ:1,[頒布]一二三書房　∥　ヒフミショボウ,一二三書房　∥　ヒフミショボウ=[1],no,[1]
tensei-koushaku-reijou-funtouki,転生侯爵令嬢奮闘記,6,[頒布]星雲社 (発売)　∥　セイウンシャ:3 | [頒布]星雲社:2 | [頒布]星雲社　∥　セイウンシャ:1,[頒布]星雲社 (発売)　∥　セイウンシャ,"[頒布]星雲社　∥　セイウンシャ=[4];[頒布]星雲社=[5, 6]",no,"[4, 5, 6]"
tensei-maou-no-yuusha-gakuen-musou,転生魔王の勇者学園無双,6,実業之日本社　∥　ジツギョウノニホンシャ:4 | 実業之日本社:1,実業之日本社　∥　ジツギョウノニホンシャ,実業之日本社=[6],no,[6]
tensei-reijou-wa-boukensha-o-kokorozasu,転生令嬢は冒険者を志す,6,KADOKAWA　∥　カドカワ:4 | KADOKAWA:2,KADOKAWA　∥　カドカワ,"KADOKAWA=[5, 6]",no,"[5, 6]"
tensei-reijou-wa-seirei-ni-aisarete-saikyou-desu,転生令嬢は精霊に愛されて最強です……だけど普通に恋したい!@comic,6,TOブックス　∥　ティーオーブックス:4 | TOブックス:2,TOブックス　∥　ティーオーブックス,"TOブックス=[5, 6]",no,"[5, 6]"
tensei-seijo-to-shinkan-wa-mada-ai-o-shiranai,転生聖女と神官はまだ愛を知らない,6,秋田書店　∥　アキタショテン:3 | 秋田書店:3,秋田書店　∥　アキタショテン,"秋田書店=[4, 5, 6]",no,"[4, 5, 6]"
tensei-shitara-kozakana-dattakedo-ryuu-ni-nareru-rashii-node-ganbarimasu,転生したら小魚だったけど龍になれるらしいので頑張ります,6,フロンティアワークス　∥　フロンティアワークス:4 | フロンティアワークス:2,フロンティアワークス　∥　フロンティアワークス,"フロンティアワークス=[5, 6]",no,"[5, 6]"
tensei-shitara-sainou-ga-atta-ken,転生したら才能があった件,6,双葉社　∥　フタバシャ:3 | 双葉社:2,双葉社　∥　フタバシャ,"双葉社=[5, 6]",no,"[5, 6]"
tensei-shitara-slime-datta-ken-bishokuden,転生したらスライムだった件美食伝,6,講談社:4 | 講談社　∥　コウダンシャ:2,講談社,"講談社　∥　コウダンシャ=[1, 2]",no,"[1, 2]"
tensei-tantou-megami-ga-100-nin-ita-no-de-cheat-skill-hyakko-moraeta,転生担当女神が100人いたのでチートスキル100個貰えた,6,SBクリエイティブ　∥　エスビークリエイティブ:5 | SBクリエイティブ:1,SBクリエイティブ　∥　エスビークリエイティブ,SBクリエイティブ=[6],no,[6]
tenseimae-wa-otoko-datta-node-gyaku-harem-wa-okotowari-shite-orimasu,転生前は男だったので逆ハーレムはお断りしております,6,アース・スターエンターテイメント　∥　アーススターエンターテイメント:4 | アース・スターエンターテイメント:2,アース・スターエンターテイメント　∥　アーススターエンターテイメント,"アース・スターエンターテイメント=[5, 6]",no,"[5, 6]"
tenseisaki-ga-zannen-ouji-datta-ken,転生先が残念王子だった件,6,双葉社　∥　フタバシャ:5 | 双葉社:1,双葉社　∥　フタバシャ,双葉社=[6],no,[6]
tentacle-hole,Tentacle Hole-テンタクル・ホール-,6,KADOKAWA　∥　カドカワ:4 | KADOKAWA:2,KADOKAWA　∥　カドカワ,"KADOKAWA=[5, 6]",no,"[5, 6]"
the-gamesters,ザ・ゲームスターズ,6,講談社　∥　コウダンシャ:3 | 講談社:2,講談社　∥　コウダンシャ,"講談社=[5, 6]",no,"[5, 6]"
the-idolm-ster-million-live-theater-days-brand-new-song,The idolm@ster million live! theater days brand new song,6,[頒布]講談社　∥　コウダンシャ:3 | [発売]講談社　∥　コウダンシャ:2,[頒布]講談社　∥　コウダンシャ,"[発売]講談社　∥　コウダンシャ=[1, 2]",no,"[1, 2]"
the-skull-man,スカルマン,6,講談社　∥　コウダンシャ:1 | [頒布]小学館 (発売)　∥　ショウガクカン:1,講談社　∥　コウダンシャ,[頒布]小学館 (発売)　∥　ショウガクカン=[3],yes,[3]
therapy-game-restart,セラピーゲームリスタート,6,新書館　∥　シンショカン:4 | 新書館:1,新書館　∥　シンショカン,新書館=[6],no,[6]
thermae-romae,テルマエ・ロマエ,6,[発売]角川グループパブリッシング　∥　カドカワ グループ パブリッシング:4 | [発売]角川グループパブリッシング　∥　カドカワグループパブリッシング:1 | [発売]角川グループホールディングス　∥　カドカワグループホールディングス:1,[発売]角川グループパブリッシング　∥　カドカワ グループ パブリッシング,[発売]角川グループパブリッシング　∥　カドカワグループパブリッシング=[5];[発売]角川グループホールディングス　∥　カドカワグループホールディングス=[6],no,"[5, 6]"
tokyo-apparel-girl,東京アパレルガール,6,小学館　∥　ショウガクカン:4 | 小学館:2,小学館　∥　ショウガクカン,"小学館=[5, 6]",no,"[5, 6]"
tokyo-shinrou,東京§神狼,6,小学館:3 | 小学館　∥　ショウガクカン:2,小学館,"小学館　∥　ショウガクカン=[1, 2]",no,"[1, 2]"
tonari-no-801chan,となりの801ちゃん,6,宙出版　∥　オオゾラ シュッパン:3 | 宙出版　∥　オオゾラシュッパン:3,宙出版　∥　オオゾラ シュッパン,"宙出版　∥　オオゾラシュッパン=[4, 5, 6]",no,"[4, 5, 6]"
tonari-no-otoko-wa-yoku-taberu,隣の男はよく食べる,6,[頒布]集英社 (発売)　∥　シュウエイシャ:4 | [発売]集英社　∥　シュウエイシャ:1 | [頒布]集英社　∥　シュウエイシャ:1,[頒布]集英社 (発売)　∥　シュウエイシャ,[発売]集英社　∥　シュウエイシャ=[1];[頒布]集英社　∥　シュウエイシャ=[6],no,"[1, 6]"
tono-to-inu,殿と犬,6,フレックスコミックス　∥　フレックスコミックス:3 | フレックスコミックス:2,フレックスコミックス　∥　フレックスコミックス,"フレックスコミックス=[5, 6]",no,"[5, 6]"
tora-to-mike,トラとミケ,6,小学館　∥　ショウガクカン:5 | 小学館:1,小学館　∥　ショウガクカン,小学館=[7],no,[7]
tori-kurasuta-ni-sasagu-tori-4-koma,鳥クラスタに捧ぐ鳥4コマ,6,イーフェニックスBook-mobile　∥　イーフェニックスブックモバイル:4 | イーフェニックスBook-mobile　∥　イー フェニックス Book mobile:1 | イーフェニックスBook-mobile　∥　イー フェニックス Book-mobile:1,イーフェニックスBook-mobile　∥　イーフェニックスブックモバイル,イーフェニックスBook-mobile　∥　イー フェニックス Book mobile=[3];イーフェニックスBook-mobile　∥　イー フェニックス Book-mobile=[5],no,"[3, 5]"
torimania,トリマニア,6,スクウェア・エニックス　∥　スクウェア ・ エニックス:5 | 白泉社　∥　ハクセンシャ:1,スクウェア・エニックス　∥　スクウェア ・ エニックス,白泉社　∥　ハクセンシャ=[6],no,[6]
torinakiuo-no-me-wa-namida,鳥啼き魚の目は泪,6,秋田書店　∥　アキタショテン:5 | 秋田書店　∥　アキタ ショテン:1,秋田書店　∥　アキタショテン,秋田書店　∥　アキタ ショテン=[2],no,[2]
toushin-toshi-3,闘神都市 Ⅲ,6,[発売]角川グループパブリッシング　∥　カドカワ グループ パブリッシング:3 | KADOKAWA　∥　カドカワ:2 | [発売]角川グループホールディングス　∥　カドカワ グループ ホールディングス:1,[発売]角川グループパブリッシング　∥　カドカワ グループ パブリッシング,"[発売]角川グループホールディングス　∥　カドカワ グループ ホールディングス=[4];KADOKAWA　∥　カドカワ=[5, 6]",no,"[4, 5, 6]"
tsuihousareta-kizoku-wa-hazure-skill-kodai-shoukan-de-eireitachi-to-henkyou-ryouchi-o-saikou-suru,追放貴族は、外れスキル〈古代召喚〉で英霊たちと辺境領地を再興する,6,スターツ出版　∥　スターツシュッパン:3 | スターツ出版:2,スターツ出版　∥　スターツシュッパン,"スターツ出版=[5, 6]",no,"[5, 6]"
tsuihousareta-no-kenja-sekai-o-shiru,追放の賢者、世界を知る,6,講談社　∥　コウダンシャ:4 | 講談社:2,講談社　∥　コウダンシャ,"講談社=[5, 6]",no,"[5, 6]"
tsuki-ga-kirei-desune,月が綺麗ですね,6,[発売]講談社　∥　コウダンシャ:4 | 一迅社　∥　イチジンシャ:1,[発売]講談社　∥　コウダンシャ,一迅社　∥　イチジンシャ=[2],no,[2]
tsuma-ga-kanpeki-sugiru-no-de-chotto-midashite-ii-desuka,妻が完璧すぎるので、ちょっと乱していいですか?,6,芳文社　∥　ホウブンシャ:3 | 芳文社:2,芳文社　∥　ホウブンシャ,"芳文社=[4, 6]",no,"[4, 6]"
tsumetakute-yawaraka,冷たくて柔らか,6,集英社　∥　シュウエイシャ:3 | 集英社:3,集英社　∥　シュウエイシャ,"集英社=[4, 5, 6]",no,"[4, 5, 6]"
tsureneko-maruru-to-hachi,ツレ猫マルルとハチ,6,講談社　∥　コウダンシャ:5 | 講談社:1,講談社　∥　コウダンシャ,講談社=[6],no,[6]
tsuri-to-gohan-to-koi-wa-nagi,釣りとごはんと、恋は凪,6,ぶんか社　∥　ブンカシャ:4 | ぶんか社:2,ぶんか社　∥　ブンカシャ,"ぶんか社=[5, 6]",no,"[5, 6]"
uchi-no-chiisana-jochuu-san,うちのちいさな女中さん,6,コアミックス　∥　コアミックス:4 | コアミックス　∥　コア ミックス:1 | コアミックス:1,コアミックス　∥　コアミックス,コアミックス　∥　コア ミックス=[1];コアミックス=[6],no,"[1, 6]"
umamusume-pretty-derby-star-blossom,ウマ娘プリティーダービースターブロッサム,6,集英社:4 | 集英社　∥　シュウエイシャ:2,集英社,"集英社　∥　シュウエイシャ=[1, 2]",no,"[1, 2]"
umarekawattemo-yoroshiku,生まれ変わってもよろしく,6,集英社:4 | 集英社　∥　シュウエイシャ:1,集英社,集英社　∥　シュウエイシャ=[1],no,[1]
ura-no-ie-no-majo-sensei,裏の家の魔女先生,6,秋田書店　∥　アキタショテン:4 | 秋田書店:2,秋田書店　∥　アキタショテン,"秋田書店=[5, 6]",no,"[5, 6]"
utauheiankyou,詠う!平安京,6,スクウェア・エニックス　∥　スクウェア エニックス:5 | スクウェア・エニックス　∥　スクウェア ・ エニックス:1,スクウェア・エニックス　∥　スクウェア エニックス,スクウェア・エニックス　∥　スクウェア ・ エニックス=[6],no,[6]
utsu-gohan,鬱ごはん,6,秋田書店　∥　アキタショテン:4 | 秋田書店　∥　アキタ ショテン:1 | 秋田書店:1,秋田書店　∥　アキタショテン,秋田書店　∥　アキタ ショテン=[1];秋田書店=[6],no,"[1, 6]"
utsukushii-kare,美しい彼,6,徳間書店　∥　トクマ ショテン:4 | 徳間書店:2,徳間書店　∥　トクマ ショテン,"徳間書店=[5, 6]",no,"[5, 6]"
uwakoi,うわこい,6,少年画報社　∥　ショウネンガホウシャ:4 | 少年画報社　∥　ショウネン ガホウシャ:2,少年画報社　∥　ショウネンガホウシャ,"少年画報社　∥　ショウネン ガホウシャ=[1, 2]",no,"[1, 2]"
vaajinnakankei,ヴァージンな関係,6,竹書房　∥　タケショボウ:4 | 竹書房　∥　タケ ショボウ:2,竹書房　∥　タケショボウ,"竹書房　∥　タケ ショボウ=[5, 6]",no,"[5, 6]"
variee-garden,バリエガーデン,6,[発売]幻冬舎　∥　ゲントウシャ:5 | [頒布]幻冬舎　∥　ゲントウシャ:1,[発売]幻冬舎　∥　ゲントウシャ,[頒布]幻冬舎　∥　ゲントウシャ=[6],no,[6]
vita-sexualis,VITAセクスアリス,6,秋田書店　∥　アキタ ショテン:5 | 秋田書店　∥　アキタショテン:1,秋田書店　∥　アキタ ショテン,秋田書店　∥　アキタショテン=[6],no,[6]
wagahai-wa-neko-madoushi-de-aru,我輩は猫魔導師である,6,[頒布]一二三書房　∥　ヒフミショボウ:3 | 一二三書房:3,[頒布]一二三書房　∥　ヒフミショボウ,"一二三書房=[4, 5, 6]",no,"[4, 5, 6]"
wake-ari-oppai-ga-joushi-zetsurin-yakuza-no-okuchi-ni-aimashite,ワケありおっぱいが、上司 (絶倫・ヤクザ) のお口に合いまして,6,[頒布]祥伝社　∥　ショウデンシャ:4 | [発売]祥伝社　∥　ショウデンシャ:2,[頒布]祥伝社　∥　ショウデンシャ,"[発売]祥伝社　∥　ショウデンシャ=[1, 2]",no,"[1, 2]"
wakeari-shinrei-mansion,訳アリ心霊マンション,6,新潮社　∥　シンチョウシャ:3 | 新潮社:3,新潮社　∥　シンチョウシャ,"新潮社=[4, 5, 6]",no,"[4, 5, 6]"
wakiyaku-ni-tensei-shita-hazu-ga-itsunomanika-densetsu-no-renkinjutsushi-ni-natteta,脇役に転生したはずが、いつの間にか伝説の錬金術師になってた,6,講談社　∥　コウダンシャ:3 | 講談社:2,講談社　∥　コウダンシャ,"講談社=[5, 6]",no,"[5, 6]"
wanko-ni-kuchizuke,犬神姫にくちづけ,6,KADOKAWA　∥　カドカワ:3 | [発売]角川グループパブリッシング　∥　カドカワグループパブリッシング:1 | [発売]角川グループホールディングス　∥　カドカワグループホールディングス:1 | [発売]KADOKAWA　∥　カドカワ:1,KADOKAWA　∥　カドカワ,[発売]角川グループパブリッシング　∥　カドカワグループパブリッシング=[1];[発売]角川グループホールディングス　∥　カドカワグループホールディングス=[2];[発売]KADOKAWA　∥　カドカワ=[3],no,"[1, 2, 3]"
wataridori-to-katatsumuri,渡り鳥とカタツムリ,6,ワニブックス　∥　ワニブックス:3 | ワニブックス:2,ワニブックス　∥　ワニブックス,"ワニブックス=[5, 6]",no,"[5, 6]"
watashi-no-hara-no-naka-no-bakemono,私の胎の中の化け物,6,講談社　∥　コウダンシャ:5 | 講談社:1,講談社　∥　コウダンシャ,講談社=[6],no,[6]
watashi-no-shiawasena-kekkon,わたしの幸せな結婚,6,スクウェア・エニックス　∥　スクウェア ・ エニックス:3 | スクウェア・エニックス　∥　スクウェアエニックス:2 | スクウェア・エニックス:1,スクウェア・エニックス　∥　スクウェア ・ エニックス,"スクウェア・エニックス　∥　スクウェアエニックス=[4, 5];スクウェア・エニックス=[6]",no,"[4, 5, 6]"
will-sama-wa-kyou-mo-mahou-de-asonde-imasu-next,ウィル様は今日も魔法で遊んでいます。ねくすと!,6,[頒布]一二三書房　∥　ヒフミショボウ:3 | 一二三書房:2 | 一二三書房　∥　ヒフミショボウ:1,[頒布]一二三書房　∥　ヒフミショボウ,"一二三書房　∥　ヒフミショボウ=[4];一二三書房=[5, 6]",no,"[4, 5, 6]"
yarichin-bitchibu,ヤリチン☆ビッチ部,6,[発売]幻冬舎　∥　ゲントウシャ:2 | [頒布]幻冬舎　∥　ゲントウシャ:2 | [頒布]幻冬舎:1,[発売]幻冬舎　∥　ゲントウシャ,"[頒布]幻冬舎　∥　ゲントウシャ=[4, 5];[頒布]幻冬舎=[6]",yes,"[4, 5, 6]"
yasashii-milk,やさしいミルク,6,秋田書店　∥　アキタショテン:3 | 秋田書店:3,秋田書店　∥　アキタショテン,"秋田書店=[4, 5, 6]",no,"[4, 5, 6]"
yasashii-sekai-no-tsukurikata,やさしいセカイのつくりかた,6,[発売]角川グループパブリッシング　∥　カドカワ グループ パブリッシング:2 | KADOKAWA　∥　カドカワ:2 | Kadokawa　∥　Kadokawa:1 | [発売]KADOKAWA　∥　カドカワ:1,[発売]角川グループパブリッシング　∥　カドカワ グループ パブリッシング,"Kadokawa　∥　Kadokawa=[3];[発売]KADOKAWA　∥　カドカワ=[4];KADOKAWA　∥　カドカワ=[5, 6]",no,"[3, 4, 5, 6]"
yoojo-life,よーじょらいふ!,6,竹書房　∥　タケ ショボウ:5 | 竹書房:1,竹書房　∥　タケ ショボウ,竹書房=[6],no,[6]
yuuri-chan-wa-namaiki-zakari,ゆーりちゃんはナマイキざかり!!,6,[頒布]小学館クリエイティブ (発売)　∥　ショウガクカンクリエイティブ:3 | [頒布]小学館クリエイティブ　∥　ショウガクカンクリエイティブ:1 | [頒布]小学館クリエイティブ:1,[頒布]小学館クリエイティブ (発売)　∥　ショウガクカンクリエイティブ,[頒布]小学館クリエイティブ　∥　ショウガクカンクリエイティブ=[4];[頒布]小学館クリエイティブ=[6],no,"[4, 6]"
yuusha-ni-zenbu-ubawareta-ore-wa-yuusha-no-hahaoya-to-party-o-kumimashita,勇者に全部奪われた俺は勇者の母親とパーティを組みました!,6,KADOKAWA　∥　カドカワ:3 | KADOKAWA:2,KADOKAWA　∥　カドカワ,"KADOKAWA=[5, 6]",no,"[5, 6]"
yuusha-party-no-nimotsumochi,勇者パーティーの荷物持ち,6,スクウェア・エニックス　∥　スクウェア ・ エニックス:3 | スクウェア・エニックス:3,スクウェア・エニックス　∥　スクウェア ・ エニックス,"スクウェア・エニックス=[4, 5, 6]",no,"[4, 5, 6]"
yuusha-sama-sakuya-mo-otanoshimi-deshita-ne,勇者様、昨夜もお楽しみでしたね。,6,文藝春秋:4 | 文藝春秋　∥　ブンゲイシュンジュウ:2,文藝春秋,"文藝春秋　∥　ブンゲイシュンジュウ=[1, 2]",no,"[1, 2]"
zaako-zako-zako-zako-sensei,ざーこざこざこざこ先生,6,フレックスコミックス　∥　フレックスコミックス:4 | フレックスコミックス:1,フレックスコミックス　∥　フレックスコミックス,フレックスコミックス=[6],no,[6]
zange,惨家,6,秋田書店　∥　アキタショテン:4 | 秋田書店:2,秋田書店　∥　アキタショテン,"秋田書店=[5, 6]",no,"[5, 6]"
zombie-hide-sex,ゾンビ・ハイド・セックス,6,芳文社　∥　ホウブンシャ:5 | 芳文社:1,芳文社　∥　ホウブンシャ,芳文社=[6],no,[6]
133cm-no-keshiki,133cmの景色,5,新潮社:3 | 新潮社　∥　シンチョウシャ:2,新潮社,"新潮社　∥　シンチョウシャ=[1, 2]",no,"[1, 2]"
34-sai-urenokori-no-koi-wa-gyaku-propose-kara,34歳・売れ残りの恋は逆プロポーズから,5,[頒布]青泉社　∥　セイセンシャ:3 | [頒布]青泉社:2,[頒布]青泉社　∥　セイセンシャ,"[頒布]青泉社=[4, 5]",yes,"[4, 5]"
35nichikan-sekai-isshuu,35日間世界一周!!,5,イースト・プレス　∥　イーストプレス:4 | イースト・プレス　∥　イースト プレス:1,イースト・プレス　∥　イーストプレス,イースト・プレス　∥　イースト プレス=[1],no,[1]
8-sai-kara-hajimeru-mahougaku,8歳から始める魔法学,5,オーバーラップ　∥　オーバーラップ:2 | オーバーラップ:2,オーバーラップ　∥　オーバーラップ,"オーバーラップ=[4, 5]",no,"[4, 5]"
99-paasento-succubus-chan,99%サキュバスちゃん,5,小学館　∥　ショウガクカン:3 | 小学館:2,小学館　∥　ショウガクカン,"小学館=[4, 5]",no,"[4, 5]"
accel-world,あくちぇる・わーるど。,5,KADOKAWA　∥　カドカワ:3 | [発売]角川グループパブリッシング　∥　カドカワ グループ パブリッシング:1 | [発売]角川グループパブリッシング　∥　カドカワグループパブリッシング:1,KADOKAWA　∥　カドカワ,[発売]角川グループパブリッシング　∥　カドカワ グループ パブリッシング=[1];[発売]角川グループパブリッシング　∥　カドカワグループパブリッシング=[2],yes,"[1, 2]"
afo-guard,アフォガード,5,スクウェア・エニックス　∥　スクウェア ・ エニックス:4 | スクウェア・エニックス　∥　スクウェア エニックス:1,スクウェア・エニックス　∥　スクウェア ・ エニックス,スクウェア・エニックス　∥　スクウェア エニックス=[2],no,[2]
after-midnight-skin,アフター・ミッドナイト・スキン,5,白泉社　∥　ハクセンシャ:3 | 白泉社:2,白泉社　∥　ハクセンシャ,"白泉社=[6, 7]",no,"[6, 7]"
aisanai-to-iwaremashitemo,愛さないといわれましても,5,双葉社　∥　フタバシャ:3 | 双葉社:2,双葉社　∥　フタバシャ,"双葉社=[6, 7]",no,"[6, 7]"
aizawa-koharu-wa-shiniisogu,逢沢小春は死に急ぐ,5,集英社　∥　シュウエイシャ:3 | 集英社:1,集英社　∥　シュウエイシャ,集英社=[5],no,[5]
aizawa-san-zoushoku,相沢さん増殖,5,スクウェア・エニックス　∥　スクウェア ・ エニックス:4 | スクウェア・エニックス　∥　スクウェア エニックス:1,スクウェア・エニックス　∥　スクウェア ・ エニックス,スクウェア・エニックス　∥　スクウェア エニックス=[1],no,[1]
akage-no-yakutatazu-to-kubi-ni-natta-maryoku-nashi-no-majo-desu-yakusou-no-chishiki-ga-hanpanai-to,「赤毛の役立たず」とクビになった魔力なしの魔女ですが、「薬草の知識がハンパない!」と王立研究所に即採用されました。,5,白泉社　∥　ハクセンシャ:2 | 白泉社:2,白泉社　∥　ハクセンシャ,"白泉社=[4, 5]",no,"[4, 5]"
akina-chan-kamigakaru,アキナちゃん神がかる,5,小学館:3 | 小学館　∥　ショウガクカン:2,小学館,"小学館　∥　ショウガクカン=[1, 2]",no,"[1, 2]"
akujo-ga-koi-ni-ochita-toki,悪女が恋に落ちた時,5,[頒布]講談社　∥　コウダンシャ:4 | [頒布]講談社:1,[頒布]講談社　∥　コウダンシャ,[頒布]講談社=[5],no,[5]
akujo-wa-marionette,悪女はマリオネット,5,[頒布]講談社　∥　コウダンシャ:3 | [頒布]講談社:2,[頒布]講談社　∥　コウダンシャ,"[頒布]講談社=[4, 5]",no,"[4, 5]"
akuma-no-riddle,悪魔のリドル,5,KADOKAWA　∥　カドカワ:4 | [発売]KADOKAWA　∥　カドカワ:1,KADOKAWA　∥　カドカワ,[発売]KADOKAWA　∥　カドカワ=[1],no,[1]
akutou-ikka-no-manamusume-tenseisaki-mo-otome-game-no-gokudou-reijou-deshita-saijoukyuu-rank-no,悪党一家の愛娘、転生先も乙女ゲームの極道令嬢でした。～最上級ランクの悪役さま、その溺愛は不要です!～@COMIC,5,TOブックス　∥　ティーオーブックス:3 | TOブックス:1,TOブックス　∥　ティーオーブックス,TOブックス=[5],no,[5]
akuyaku-ikka-no-okugata-shini-modori-shite-kokoro-o-irekaeru,悪役一家の奥方、死に戻りして心を入れ替える。,5,KADOKAWA　∥　カドカワ:3 | KADOKAWA:1,KADOKAWA　∥　カドカワ,KADOKAWA=[5],no,[5]
akuyaku-reijou-kari-no-funtou,悪役令嬢〈仮〉の奮闘,5,KADOKAWA　∥　カドカワ:4 | KADOKAWA:1,KADOKAWA　∥　カドカワ,KADOKAWA=[5],no,[5]
akuyaku-reijou-level-99,悪役令嬢レベル99,5,KADOKAWA　∥　カドカワ:3 | KADOKAWA:1,KADOKAWA　∥　カドカワ,KADOKAWA=[5],no,[5]
akuyaku-reijou-to-kichiku-kishi,悪役令嬢と鬼畜騎士,5,[頒布]講談社　∥　コウダンシャ:3 | [頒布]講談社:1,[頒布]講談社　∥　コウダンシャ,[頒布]講談社=[5],no,[5]
akuyaku-reijou-wa-iya-na-no-de-imushitsu-joshu-ni-narimashita,悪役令嬢は嫌なので、医務室助手になりました。,5,ハーパーコリンズ・ジャパン:3 | ハーパーコリンズ・ジャパン　∥　ハーパーコリンズジャパン:2,ハーパーコリンズ・ジャパン,"ハーパーコリンズ・ジャパン　∥　ハーパーコリンズジャパン=[1, 2]",no,"[1, 2]"
akuyaku-reijou-wa-kiraware-kizoku-ni-koi-o-suru,悪役令嬢は嫌われ貴族に恋をする,5,KADOKAWA　∥　カドカワ:4 | KADOKAWA:1,KADOKAWA　∥　カドカワ,KADOKAWA=[5],no,[5]
akuyaku-reijou-wa-ouji-no-honshou-dekiai-o-shiranai,悪役令嬢は王子の本性〈溺愛〉を知らない,5,KADOKAWA　∥　カドカワ:3 | KADOKAWA:2,KADOKAWA　∥　カドカワ,"KADOKAWA=[4, 5]",no,"[4, 5]"
alkaloid-no-hanayome,アルカロイドの花嫁,5,講談社:3 | 講談社　∥　コウダンシャ:2,講談社,"講談社　∥　コウダンシャ=[1, 2]",no,"[1, 2]"
amagami,アマガミ,5,白泉社　∥　ハクセンシャ:4 | [発売]角川グループパブリッシング　∥　カドカワ グループ パブリッシング:1,白泉社　∥　ハクセンシャ,[発売]角川グループパブリッシング　∥　カドカワ グループ パブリッシング=[1],no,[1]
ame-to-muchi,あめとむち,5,少年画報社:3 | 少年画報社　∥　ショウネンガホウシャ:2,少年画報社,"少年画報社　∥　ショウネンガホウシャ=[1, 2]",no,"[1, 2]"
anatatachi-soredemo-sensei-desu-ka,あなた達それでも先生ですかっ!,5,集英社:4 | 集英社　∥　シュウエイシャ:1,集英社,集英社　∥　シュウエイシャ=[1],no,[1]
ano-natsu-ga-houwa-suru,あの夏が飽和する。,5,KADOKAWA　∥　カドカワ:3 | KADOKAWA:1,KADOKAWA　∥　カドカワ,KADOKAWA=[5],no,[5]
anoyo-no-shakaika-kengaku,あの世の社会科見学,5,竹書房　∥　タケショボウ:3 | 竹書房:2,竹書房　∥　タケショボウ,"竹書房=[4, 5]",no,"[4, 5]"
aquarion-evol,アクエリオンEVOL,5,メディアファクトリー　∥　メディア ファクトリー:3 | KADOKAWA　∥　カドカワ:2,メディアファクトリー　∥　メディア ファクトリー,"KADOKAWA　∥　カドカワ=[4, 5]",no,"[4, 5]"
aru-teido-no-mahou-no-sainou-de-kondo-koso-isekai-de-surooraifu-o-okurimasu,「ある程度〈?〉の魔法の才能」で今度こそ異世界でスローライフをおくります,5,双葉社:3 | 双葉社　∥　フタバシャ:2,双葉社,"双葉社　∥　フタバシャ=[1, 2]",no,"[1, 2]"
asayake-wa-koganeiro-idol-master,朝焼けは黄金色the idolm@ster,5,[発売]講談社　∥　コウダンシャ:3 | [頒布]講談社　∥　コウダンシャ:2,[発売]講談社　∥　コウダンシャ,"[頒布]講談社　∥　コウダンシャ=[4, 5]",no,"[4, 5]"
assassin-cinderella,アサシン&シンデレラ,5,スクウェア・エニックス　∥　スクウェア ・ エニックス:3 | スクウェア・エニックス:2,スクウェア・エニックス　∥　スクウェア ・ エニックス,"スクウェア・エニックス=[4, 5]",no,"[4, 5]"
astro-baby,アストロベイビー,5,集英社:3 | 集英社　∥　シュウエイシャ:1,集英社,集英社　∥　シュウエイシャ=[1],no,[1]
atri,ATRI,5,KADOKAWA　∥　カドカワ:3 | KADOKAWA:1,KADOKAWA　∥　カドカワ,KADOKAWA=[5],no,[5]
atsumare-doubutsu-no-mori-tokoton-ichibanjima,あつまれどうぶつの森とことん!イチバン島,5,小学館　∥　ショウガクカン:4 | 小学館:1,小学館　∥　ショウガクカン,小学館=[5],no,[5]
ayakashi-no-sougiya,あやかしの葬儀屋,5,小学館:4 | 小学館　∥　ショウガクカン:1,小学館,小学館　∥　ショウガクカン=[1],no,[1]
ayashide,アヤシデ 怪神手,5,小学館:3 | 小学館　∥　ショウガクカン:2,小学館,"小学館　∥　ショウガクカン=[1, 2]",no,"[1, 2]"
azur-lane-bisoku-zenshintsu,アズールレーンびそくぜんしんっ!,5,[頒布]講談社　∥　コウダンシャ:2 | [発売]講談社　∥　コウダンシャ:1 | [頒布]講談社 (発売)　∥　コウダンシャ:1 | [頒布]講談社:1,[頒布]講談社　∥　コウダンシャ,[発売]講談社　∥　コウダンシャ=[1];[頒布]講談社 (発売)　∥　コウダンシャ=[2];[頒布]講談社=[5],no,"[1, 2, 5]"
azur-lane-the-animation,アズールレーンthe animation,5,日本文芸社　∥　ニホン ブンゲイシャ:4 | 日本文芸社:1,日本文芸社　∥　ニホン ブンゲイシャ,日本文芸社=[5],no,[5]
bad-girl,ばっどがーる,5,芳文社　∥　ホウブンシャ:4 | 芳文社:1,芳文社　∥　ホウブンシャ,芳文社=[5],no,[5]
ball-and-chain,ボールアンドチェイン,5,マガジンハウス:3 | マガジンハウス　∥　マガジンハウス:2,マガジンハウス,"マガジンハウス　∥　マガジンハウス=[1, 2]",no,"[1, 2]"
battle-royale-enforcers,バトル・ロワイアル-執行者たちエンフォーサーズ-,5,秋田書店　∥　アキタショテン:3 | 秋田書店:2,秋田書店　∥　アキタショテン,"秋田書店=[4, 5]",no,"[4, 5]"
beat-motion,BEAT & MOTION,5,集英社　∥　シュウエイシャ:4 | 集英社:1,集英社　∥　シュウエイシャ,集英社=[6],no,[6]
bijin-de-okanemochi-no-kanojo-ga-hoshii-to-ittara-wake-ari-joshi-ga-yattekita-ken,「美人でお金持ちの彼女が欲しい」と言ったら、ワケあり女子がやってきた件。,5,KADOKAWA　∥　カドカワ:3 | KADOKAWA:1,KADOKAWA　∥　カドカワ,KADOKAWA=[5],no,[5]
biohazard-marhawa-desire,バイオハザード～マルハワデザイア～,5,秋田書店　∥　アキタ ショテン:4 | 秋田書店　∥　アキタショテン:1,秋田書店　∥　アキタ ショテン,秋田書店　∥　アキタショテン=[5],no,[5]
bite-maker-ak,Bite Maker AK,5,小学館　∥　ショウガクカン:3 | 小学館:2,小学館　∥　ショウガクカン,"小学館=[4, 5]",no,"[4, 5]"
bl-drama-no-shuen-ni-narimashita,BLドラマの主演になりました,5,[頒布]講談社 (発売)　∥　コウダンシャ:3 | [頒布]講談社　∥　コウダンシャ:1 | [頒布]講談社:1,[頒布]講談社 (発売)　∥　コウダンシャ,[頒布]講談社　∥　コウダンシャ=[4];[頒布]講談社=[5],no,"[4, 5]"
black-jack-sousaku-hiwa,ブラック・ジャック創作〔○秘〕話,5,秋田書店　∥　アキタ ショテン:2 | 秋田書店　∥　アキタショテン:2 | 秋田書店:1,秋田書店　∥　アキタ ショテン,"秋田書店=[2];秋田書店　∥　アキタショテン=[4, 5]",no,"[2, 4, 5]"
black-madougushi-guild-o-tsuihousareta-sareta-watashi-oukyuu-majutsushi-to-shite-hirowareru,ブラック魔道具師ギルドを追放された私、王宮魔術師として拾われる,5,スクウェア・エニックス　∥　スクウェア ・ エニックス:3 | スクウェア・エニックス:2,スクウェア・エニックス　∥　スクウェア ・ エニックス,"スクウェア・エニックス=[4, 5]",no,"[4, 5]"
black-sheep,ブラックシープ,5,KADOKAWA　∥　カドカワ:3 | KADOKAWA:1,KADOKAWA　∥　カドカワ,KADOKAWA=[5],no,[5]
blue-archive-benriya-68-gyoumu-nisshi,ブルーアーカイブ便利屋68業務日誌,5,[頒布]KADOKAWA:2 | [頒布]KADOKAWA (発売)　∥　カドカワ:1 | [頒布]KADOKAWA　∥　カドカワ:1,[頒布]KADOKAWA,[頒布]KADOKAWA (発売)　∥　カドカワ=[1];[頒布]KADOKAWA　∥　カドカワ=[2],no,"[1, 2]"
blue-archive-game-kaihatsubu-daibouken,ブルーアーカイブゲーム開発部だいぼうけん!,5,スクウェア・エニックス:3 | スクウェア・エニックス　∥　スクウェア ・ エニックス:1,スクウェア・エニックス,スクウェア・エニックス　∥　スクウェア ・ エニックス=[1],no,[1]
bocchi-jieikan-no-isekai-funsenki,ぼっち自衛官の異世界奮戦記,5,[頒布]幻冬舎　∥　ゲントウシャ:4 | [頒布]幻冬舎:1,[頒布]幻冬舎　∥　ゲントウシャ,[頒布]幻冬舎=[5],no,[5]
bocchi-no-boku-ni-kyousei-kanojo-ga-yattekita,ぼっちの僕に強制彼女がやってきた,5,芳文社　∥　ホウブンシャ:4 | 芳文社:1,芳文社　∥　ホウブンシャ,芳文社=[5],no,[5]
boku-no-kawaii-konyakusha-no-tame-naraba,僕の可愛い婚約者の為ならば。,5,[頒布]青泉社　∥　セイセンシャ:2 | [頒布]青泉社:2 | 秋水社 (発行元)　∥　シュウスイシャ (ハッコウモト):1,[頒布]青泉社　∥　セイセンシャ,"秋水社 (発行元)　∥　シュウスイシャ (ハッコウモト)=[1];[頒布]青泉社=[4, 5]",no,"[1, 4, 5]"
boku-no-seito-wa-otona-gal,僕の生徒はオトナギャル,5,秋田書店　∥　アキタショテン:4 | 秋田書店:1,秋田書店　∥　アキタショテン,秋田書店=[5],no,[5]
boku-to-umi-kanojo,ぼくと海彼女,5,集英社　∥　シュウエイシャ:3 | 集英社:2,集英社　∥　シュウエイシャ,"集英社=[4, 5]",no,"[4, 5]"
boku-wa-ayashii-kimi-no-mono,僕は妖しいキミのもの,5,講談社　∥　コウダンシャ:4 | 講談社:1,講談社　∥　コウダンシャ,講談社=[5],no,[5]
bokura-no-kanaderu-monogatari,僕らの奏でる物語,5,新書館　∥　シンショカン:4 | 新書館:1,新書館　∥　シンショカン,新書館=[5],no,[5]
botsuraku-reijou-binbou-kishi-no-maid-ni-narimasu,没落令嬢、貧乏騎士のメイドになります,5,ぶんか社　∥　ブンカシャ:4 | ぶんか社:1,ぶんか社　∥　ブンカシャ,ぶんか社=[5],no,[5]
bourei-madoushi-no-hiroiage-hanayome,亡霊魔道士の拾い上げ花嫁,5,オーバーラップ　∥　オーバーラップ:4 | オーバーラップ:1,オーバーラップ　∥　オーバーラップ,オーバーラップ=[5],no,[5]
brutal-satsujin-keisatsukan-no-kokuhaku,ブルータル殺人警察官の告白,5,[発売]竹書房　∥　タケ ショボウ:2 | [頒布]竹書房　∥　タケ ショボウ:2 | コアミックス　∥　コアミックス:1,[発売]竹書房　∥　タケ ショボウ,"[頒布]竹書房　∥　タケ ショボウ=[3, 4];コアミックス　∥　コアミックス=[5]",no,"[3, 4, 5]"
buchou-kara-gikei-soshite-koibito,部長から義兄、そして恋人!?,5,大都社　∥　ダイトシャ:3 | 大都社:1 | [頒布]大都社:1,大都社　∥　ダイトシャ,大都社=[4];[頒布]大都社=[5],no,"[4, 5]"
busshi-no-busshin-kamakura-hanbun-busshiroku,ぶっしのぶっしん 鎌倉半分仏師録,5,スクウェア・エニックス　∥　スクウェア ・ エニックス:4 | スクウェア・エニックス　∥　スクウェア エニックス:1,スクウェア・エニックス　∥　スクウェア ・ エニックス,スクウェア・エニックス　∥　スクウェア エニックス=[1],no,[1]
byoujaku-na-akuyaku-reijou-desu-konyakusha-ga-kahogo-sugite-nigedashitai,病弱な悪役令嬢ですが、婚約者が過保護すぎて逃げ出したい〈私たち犬猿の仲でしたよね!?〉,5,KADOKAWA:3 | KADOKAWA　∥　カドカワ:2,KADOKAWA,"KADOKAWA　∥　カドカワ=[1, 2]",no,"[1, 2]"
camera-senpai-to-sewayaki-jouzu-na-kouhai-chan,カメラ先輩と世話焼き上手な後輩ちゃん,5,竹書房　∥　タケ ショボウ:3 | 竹書房:2,竹書房　∥　タケ ショボウ,"竹書房=[4, 5]",no,"[4, 5]"
chaos-game,カオスゲーム,5,講談社　∥　コウダンシャ:4 | 講談社:1,講談社　∥　コウダンシャ,講談社=[5],no,[5]
cheat-skill-shihai-o-tsukatte-isekai-harem,チートスキル『支配』を使って異世界ハーレム!,5,ぶんか社　∥　ブンカシャ:3 | ぶんか社:2,ぶんか社　∥　ブンカシャ,"ぶんか社=[4, 5]",no,"[4, 5]"
chieri-no-koi-wa-8-meetoru,ちえりの恋は8メートル,5,集英社　∥　シュウエイシャ:4 | 集英社:1,集英社　∥　シュウエイシャ,集英社=[6],no,[6]
chigau-miyahara-omae-janai,ちがう宮原おまえじゃない!,5,集英社:3 | 集英社　∥　シュウエイシャ:2,集英社,"集英社　∥　シュウエイシャ=[1, 2]",no,"[1, 2]"
chimera-project-zero,キメラプロジェクト:ゼロ,5,双葉社　∥　フタバシャ:4 | 双葉社:1,双葉社　∥　フタバシャ,双葉社=[5],no,[5]
chittai-ore-no-makikomare-isekai-seikatsu,ちったい俺の巻き込まれ異世界生活,5,双葉社　∥　フタバシャ:2 | 双葉社:2,双葉社　∥　フタバシャ,"双葉社=[4, 5]",no,"[4, 5]"
chiyu-mahou-wa-tsukaenai-to-tsuihousareta-sareta-noni-naze-tayoraretemasu,治癒魔法は使えないと追放されたのに、なぜか頼られてます,5,スターツ出版:4 | スターツ出版　∥　スターツシュッパン:1,スターツ出版,スターツ出版　∥　スターツシュッパン=[1],no,[1]
chou-tensai-hatsumei-reijou-no-powerful-ryouchi-kaikaku,超!!!天才発明令嬢のパワフル領地改革,5,ホビージャパン　∥　ホビー ジャパン:4 | ホビージャパン:1,ホビージャパン　∥　ホビー ジャパン,ホビージャパン=[5],no,[5]
christie-london-massive,クリスティ・ロンドンマッシブ,5,KADOKAWA　∥　カドカワ:3 | メディアファクトリー　∥　メディア ファクトリー:2,KADOKAWA　∥　カドカワ,"メディアファクトリー　∥　メディア ファクトリー=[1, 2]",no,"[1, 2]"
chuunen-majutsushi-no-yuuyuu-jiteki-na-dungeon-kouryaku-skill-oobu-o-tsukattara-saikyou-skill-o-te,中年魔術師の悠々自適なダンジョン攻略～スキルオーブを使ったら最強スキルを手に入れたので、好きに生きようと思います～@COMIC,5,TOブックス　∥　ティーオーブックス:3 | TOブックス:2,TOブックス　∥　ティーオーブックス,"TOブックス=[4, 5]",no,"[4, 5]"
clannad-2008,CLANNAD,5,[発売]角川グループパブリッシング　∥　カドカワ グループ パブリッシング:4 | KADOKAWA　∥　カドカワ:1,[発売]角川グループパブリッシング　∥　カドカワ グループ パブリッシング,KADOKAWA　∥　カドカワ=[5],no,[5]
class-teni-ni-makikomareta-konbini-tenin-no-otsu-san-yuusha-niwa-hitsuyou-nakatta-amarimono-skill-o,クラス転移に巻き込まれたコンビニ店員のおっさん、勇者には必要なかった余り物スキルを駆使して最強となるようです。,5,ぶんか社　∥　ブンカシャ:4 | ぶんか社:1,ぶんか社　∥　ブンカシャ,ぶんか社=[5],no,[5]
colorful-gray,カラフルグレー,5,ジーオーティー　∥　ジーオーティー:3 | ジーオーティー:1,ジーオーティー　∥　ジーオーティー,ジーオーティー=[5],no,[5]
cool-na-futari-wa-mikake-ni-yoranai,クールなふたりは見かけによらない,5,祥伝社:4 | 祥伝社　∥　ショウデンシャ:1,祥伝社,祥伝社　∥　ショウデンシャ=[1],no,[1]
cool-na-megami-sama-to-isshokenmei-ni-sundara-amayakashisugite-ponkotsu-ni-shiteshimatta-ken-ni,クールな女神様と一緒に住んだら、甘やかしすぎてポンコツにしてしまった件について,5,スクウェア・エニックス:4 | スクウェア・エニックス　∥　スクウェア ・ エニックス:1,スクウェア・エニックス,スクウェア・エニックス　∥　スクウェア ・ エニックス=[1],no,[1]
coral,コーラル,5,[発売]朝日新聞出版　∥　アサヒ シンブン シュッパン:2 | 朝日新聞出版　∥　アサヒシンブンシュッパン:2 | [発売]朝日新聞出版　∥　アサヒシンブンシュッパン:1,[発売]朝日新聞出版　∥　アサヒ シンブン シュッパン,"[発売]朝日新聞出版　∥　アサヒシンブンシュッパン=[3];朝日新聞出版　∥　アサヒシンブンシュッパン=[4, 5]",no,"[3, 4, 5]"
crime-zone,クリム・ゾン,5,[発売]角川グループパブリッシング　∥　カドカワ グループ パブリッシング:2 | [発売]角川グループパブリッシング　∥　カドカワグループパブリッシング:2 | [発売]KADOKAWA　∥　カドカワ:1,[発売]角川グループパブリッシング　∥　カドカワ グループ パブリッシング,"[発売]角川グループパブリッシング　∥　カドカワグループパブリッシング=[3, 4];[発売]KADOKAWA　∥　カドカワ=[5]",no,"[3, 4, 5]"
cult-on-demand,カルトオンデマンド,5,講談社　∥　コウダンシャ:3 | 講談社:1,講談社　∥　コウダンシャ,講談社=[5],no,[5]
d-diver,D.ダイバー,5,白泉社:3 | 白泉社　∥　ハクセンシャ:2,白泉社,"白泉社　∥　ハクセンシャ=[1, 2]",no,"[1, 2]"
daijuukou-to-unicornis-no-otome,大獣公とユニコニスの乙女,5,KADOKAWA　∥　カドカワ:3 | KADOKAWA:1,KADOKAWA　∥　カドカワ,KADOKAWA=[5],no,[5]
daikenja-no-manadeshi-bougyo-mahou-no-susume-attomaaku-comic,大賢者の愛弟子～防御魔法のススメ～@COMIC,5,TOブックス　∥　ティーオーブックス:4 | TOブックス:1,TOブックス　∥　ティーオーブックス,TOブックス=[6],no,[6]
daimonji-to-mondaiji,大門寺と問題児,5,集英社　∥　シュウエイシャ:3 | 集英社:2,集英社　∥　シュウエイシャ,"集英社=[4, 5]",no,"[4, 5]"
dairoku-tairiku,第六大陸,5,[発売]ソフトバンククリエイティブ　∥　ソフトバンク クリエイティブ:4 | [発売]ほるぷ出版　∥　ホルプシュッパン:1,[発売]ソフトバンククリエイティブ　∥　ソフトバンク クリエイティブ,[発売]ほるぷ出版　∥　ホルプシュッパン=[5],no,[5]
dakara-boku-wa-eichi-ga-dekinai,だから僕は、Hができない。,5,[発売]角川グループパブリッシング　∥　カドカワグループパブリッシング:2 | [発売]角川グループパブリッシング　∥　カドカワ グループ パブリッシング:1 | [発売]角川グループホールディングス　∥　カドカワグループホールディングス:1 | KADOKAWA　∥　カドカワ:1,[発売]角川グループパブリッシング　∥　カドカワグループパブリッシング,[発売]角川グループパブリッシング　∥　カドカワ グループ パブリッシング=[1];[発売]角川グループホールディングス　∥　カドカワグループホールディングス=[4];KADOKAWA　∥　カドカワ=[5],no,"[1, 4, 5]"
danna-sama-kari-ha-dekiai-yakuza,旦那さま (仮) は溺愛ヤクザ,5,[頒布]青泉社　∥　セイセンシャ:4 | [発売]青泉社　∥　セイセンシャ:1,[頒布]青泉社　∥　セイセンシャ,[発売]青泉社　∥　セイセンシャ=[1],no,[1]
dantalian-no-shoka,ダンタリアンの書架,5,[発売]角川グループパブリッシング　∥　カドカワ グループ パブリッシング:4 | [発売]角川グループパブリッシング　∥　カドカワグループパブリッシング:1,[発売]角川グループパブリッシング　∥　カドカワ グループ パブリッシング,[発売]角川グループパブリッシング　∥　カドカワグループパブリッシング=[5],no,[5]
danzai-sareta-akuyaku-reijou-wa-zokuhen-no-akuyaku-reijou-ni-umarekawaru,断罪された悪役令嬢は続編の悪役令嬢に生まれ変わる,5,オーバーラップ　∥　オーバーラップ:4 | オーバーラップ:1,オーバーラップ　∥　オーバーラップ,オーバーラップ=[5],no,[5]
dare-nimo-aisarenai-node-yuka-o-migaite-itara-soko-ga-seiikika-shita-reijou-no-hanashi,誰にも愛されないので床を磨いていたらそこが聖域化した令嬢の話,5,双葉社　∥　フタバシャ:3 | 双葉社:1,双葉社　∥　フタバシャ,双葉社=[5],no,[5]
dobaku-no-hana,土漠の花,5,少年画報社　∥　ショウネンガホウシャ:4 | 少年画報社:1,少年画報社　∥　ショウネンガホウシャ,少年画報社=[5],no,[5]
doctor-price,DOCTOR PRICE,5,双葉社　∥　フタバシャ:3 | 双葉社:2,双葉社　∥　フタバシャ,"双葉社=[4, 5]",no,"[4, 5]"
dokonjou-gaeru-no-musume,ど根性ガエルの娘,5,白泉社　∥　ハクセンシャ:4 | KADOKAWA　∥　カドカワ:1,白泉社　∥　ハクセンシャ,KADOKAWA　∥　カドカワ=[1],no,[1]
dokuhime,毒姫,5,朝日新聞社　∥　アサヒ シンブンシャ:1 | [発売]朝日新聞出版　∥　アサヒ シンブン シュッパン:1 | 朝日新聞出版　∥　アサヒシンブンシュッパン:1,朝日新聞社　∥　アサヒ シンブンシャ,[発売]朝日新聞出版　∥　アサヒ シンブン シュッパン=[4];朝日新聞出版　∥　アサヒシンブンシュッパン=[5],yes,"[4, 5]"
doonyatsu,どーにゃつ,5,スクウェア・エニックス　∥　スクウェア エニックス:4 | スクウェア・エニックス　∥　スクウェア ・ エニックス:1,スクウェア・エニックス　∥　スクウェア エニックス,スクウェア・エニックス　∥　スクウェア ・ エニックス=[5],no,[5]
doooom,DOOOOM,5,集英社　∥　シュウエイシャ:3 | 集英社:2,集英社　∥　シュウエイシャ,"集英社=[4, 5]",no,"[4, 5]"
double-gauge,ダブルゲージ,5,KADOKAWA　∥　KADOKAWA:2 | メディアファクトリー　∥　メディア ファクトリー:1 | Kadokawa　∥　Kadokawa:1 | KADOKAWA　∥　カドカワ:1,KADOKAWA　∥　KADOKAWA,メディアファクトリー　∥　メディア ファクトリー=[1];Kadokawa　∥　Kadokawa=[5];KADOKAWA　∥　カドカワ=[6],no,"[1, 5, 6]"
double-noda-2019,ダブル,5,[発売]小学館クリエイティブ　∥　ショウガクカンクリエイティブ:3 | [頒布]小学館クリエイティブ (発売)　∥　ショウガクカンクリエイティブ:1 | [頒布]小学館クリエイティブ　∥　ショウガクカンクリエイティブ:1,[発売]小学館クリエイティブ　∥　ショウガクカンクリエイティブ,[頒布]小学館クリエイティブ (発売)　∥　ショウガクカンクリエイティブ=[4];[頒布]小学館クリエイティブ　∥　ショウガクカンクリエイティブ=[5],no,"[4, 5]"
doumo-akuyaku-ni-sareta-reijou-desukeredo,どうも、悪役にされた令嬢ですけれど,5,フロンティアワークス:3 | フロンティアワークス　∥　フロンティアワークス:2,フロンティアワークス,"フロンティアワークス　∥　フロンティアワークス=[1, 2]",no,"[1, 2]"
doushitara-osananajimi-no-kanojo-ni-naremasuka,どうしたら幼馴染♀の彼女になれますか!?,5,竹書房　∥　タケ ショボウ:4 | 竹書房:1,竹書房　∥　タケ ショボウ,竹書房=[5],no,[5]
dragon-yashinatte-kudasai,ドラゴン養ってください,5,小学館:3 | 小学館　∥　ショウガクカン:2,小学館,"小学館　∥　ショウガクカン=[1, 2]",no,"[1, 2]"
eien-no-0,永遠の0,5,双葉社　∥　フタバシャ:4 | 双葉社:1,双葉社　∥　フタバシャ,双葉社=[1],no,[1]
einen-koyou-wa-kanou-deshou-ka,永年雇用は可能でしょうか,5,講談社　∥　コウダンシャ:4 | 講談社:1,講談社　∥　コウダンシャ,講談社=[5],no,[5]
ekiden-otoko-project,駅伝男子プロジェクト,5,小学館　∥　ショウガクカン:3 | 小学館:2,小学館　∥　ショウガクカン,"小学館=[4, 5]",no,"[4, 5]"
elf-dorei-to-kizuku-dungeon-harem,エルフ奴隷と築くダンジョンハーレム,5,集英社　∥　シュウエイシャ:2 | 集英社:2,集英社　∥　シュウエイシャ,"集英社=[4, 5]",no,"[4, 5]"
endo,ENDO,5,小学館　∥　ショウガクカン:3 | 小学館:2,小学館　∥　ショウガクカン,"小学館=[4, 5]",no,"[4, 5]"
erio-to-denki-doll,エリオと電気人形,5,集英社:3 | 集英社　∥　シュウエイシャ:2,集英社,"集英社　∥　シュウエイシャ=[1, 2]",no,"[1, 2]"
esuesuesu-rank-dungeon-de-knife-ippon-tewatasare-tsuihousareta-sareta-shiro-madoushi,SSSランクダンジョンでナイフ一本手渡され追放された白魔導師,5,KADOKAWA　∥　カドカワ:3 | KADOKAWA:2,KADOKAWA　∥　カドカワ,"KADOKAWA=[5, 6]",no,"[5, 6]"
eureka-seven-ao,エウレカセブンAO,5,[発売]角川グループパブリッシング　∥　カドカワグループパブリッシング:3 | [発売]角川グループホールディングス　∥　カドカワグループホールディングス:1 | KADOKAWA　∥　カドカワ:1,[発売]角川グループパブリッシング　∥　カドカワグループパブリッシング,[発売]角川グループホールディングス　∥　カドカワグループホールディングス=[4];KADOKAWA　∥　カドカワ=[5],no,"[4, 5]"
fudanshi-koukou-seikatsu,腐男子高校生活,5,一迅社　∥　イチジンシャ:2 | [発売]講談社　∥　コウダンシャ:2,一迅社　∥　イチジンシャ,"[発売]講談社　∥　コウダンシャ=[4, 5]",no,"[4, 5]"
fujoshi-kanojo,腐女子彼女。,5,エンターブレイン:4 | [発売]角川グループパブリッシング　∥　カドカワ グループ パブリッシング:1,エンターブレイン,[発売]角川グループパブリッシング　∥　カドカワ グループ パブリッシング=[5],no,[5]
fukushuuhime-roora,復讐姫ローラ,5,秋田書店:4 | 秋田書店　∥　アキタショテン:1,秋田書店,秋田書店　∥　アキタショテン=[1],no,[1]
furumetaru-panic-0,フルメタル・パニック!0,5,KADOKAWA　∥　カドカワ:4 | [発売]KADOKAWA　∥　カドカワ:1,KADOKAWA　∥　カドカワ,[発売]KADOKAWA　∥　カドカワ=[1],no,[1]
fushigi-yuugi-byakko-senki,ふしぎ遊戯白虎仙記,5,小学館　∥　ショウガクカン:2 | 小学館:2,小学館　∥　ショウガクカン,"小学館=[4, 5]",no,"[4, 5]"
futari-de-okashina-kyuujitsu-o,ふたりでおかしな休日を,5,[頒布]小学館クリエイティブ (発売)　∥　ショウガクカンクリエイティブ:4 | [頒布]小学館クリエイティブ　∥　ショウガクカンクリエイティブ:1,[頒布]小学館クリエイティブ (発売)　∥　ショウガクカンクリエイティブ,[頒布]小学館クリエイティブ　∥　ショウガクカンクリエイティブ=[5],no,[5]
futari-no-natsu-ga-owaru-made,ふたりの夏が終わるまで,5,日本文芸社　∥　ニホン ブンゲイシャ:3 | 日本文芸社:2,日本文芸社　∥　ニホン ブンゲイシャ,"日本文芸社=[4, 5]",no,"[4, 5]"
gakkou-kachinukisen-jikken-taiketsu-2016,学校勝ちぬき戦 実験対決,5,朝日新聞出版:3 | 朝日新聞出版　∥　アサヒシンブンシュッパン:2,朝日新聞出版,"朝日新聞出版　∥　アサヒシンブンシュッパン=[21, 22]",no,"[21, 22]"
gal-ga-sylvanian-family-o-dekiai-shitara,ギャルがシルバニアファミリーを溺愛したら。,5,講談社:3 | 講談社　∥　コウダンシャ:2,講談社,"講談社　∥　コウダンシャ=[2, 3]",no,"[2, 3]"
gal-gamer-ni-homeraretai,ギャルゲーマーに褒められたい,5,KADOKAWA　∥　カドカワ:4 | KADOKAWA:1,KADOKAWA　∥　カドカワ,KADOKAWA=[5],no,[5]
game-sekai-tensei-dankatsu,ゲーム世界転生〈ダン活〉～ゲーマーは〈ダンジョン就活のススメ〉を〈はじめから〉プレイする～@COMIC,5,TOブックス　∥　ティーオーブックス:3 | TOブックス:1,TOブックス　∥　ティーオーブックス,TOブックス=[5],no,[5]
ganbare-noukyou-seijo,がんばれ農強聖女～聖女の地位と婚約者を奪われた令嬢の農業革命日誌～@COMIC,5,TOブックス　∥　ティーオーブックス:4 | TOブックス:1,TOブックス　∥　ティーオーブックス,TOブックス=[5],no,[5]
ganso-edomae-sushiya-yohee,元祖江戸前寿し屋與兵衛,5,双葉社:4 | リイド社　∥　リイドシャ:1,双葉社,リイド社　∥　リイドシャ=[1],no,[1]
gate-in,ゲートイン!,5,講談社　∥　コウダンシャ:4 | 講談社:1,講談社　∥　コウダンシャ,講談社=[5],no,[5]
gee-maou,ゲー魔王,5,集英社　∥　シュウエイシャ:4 | 集英社:1,集英社　∥　シュウエイシャ,集英社=[5],no,[5]
genkai-koe-no-tenpu-wa-tenseisha-ni-shika-atsukaenai,限界超えの天賦は、転生者にしか扱えない,5,KADOKAWA　∥　カドカワ:4 | KADOKAWA:1,KADOKAWA　∥　カドカワ,KADOKAWA=[6],no,[6]
genkai-ol-san-wa-akuyaku-reijou-sama-ni-tsukaetai,限界OLさんは悪役令嬢さまに仕えたい,5,秋田書店　∥　アキタショテン:3 | 秋田書店:2,秋田書店　∥　アキタショテン,"秋田書店=[4, 5]",no,"[4, 5]"
getsuyou-kara-kinyou-no-otoko-koukousei,月曜から金曜の男子高校生,5,LINE　∥　ライン:3 | LINE Digital Frontier　∥　ラインデジタルフロンティア:2,LINE　∥　ライン,"LINE Digital Frontier　∥　ラインデジタルフロンティア=[4, 5]",no,"[4, 5]"
godzilla-rulers-of-earth,ゴジラ:ルーラーズ・オブ・アース,5,[発売]星雲社　∥　セイウンシャ:3 | フェーズシックス　∥　フェーズシックス:2,[発売]星雲社　∥　セイウンシャ,"フェーズシックス　∥　フェーズシックス=[4, 5]",no,"[4, 5]"
gohan-jockey,ごはんジョッキー,5,少年画報社　∥　ショウネンガホウシャ:3 | 少年画報社:2,少年画報社　∥　ショウネンガホウシャ,"少年画報社=[4, 5]",no,"[4, 5]"
gokuritsu,ごくりっ,5,小学館　∥　ショウガクカン:2 | 小学館:2,小学館　∥　ショウガクカン,"小学館=[4, 5]",no,"[4, 5]"
googoo-oji-san-to-marshmallow,ごーごーおじさんとマシュマロ,5,一迅社　∥　イチジンシャ:4 | [発売]講談社　∥　コウダンシャ:1,一迅社　∥　イチジンシャ,[発売]講談社　∥　コウダンシャ=[4],no,[4]
grand-waafu,グランドワーフ,5,集英社　∥　シュウエイシャ:3 | 集英社:2,集英社　∥　シュウエイシャ,"集英社=[4, 5]",no,"[4, 5]"
gundam-exa,GUNDAM EXA,5,[発売]角川グループパブリッシング　∥　カドカワ グループ パブリッシング:2 | [発売]角川グループパブリッシング　∥　カドカワグループパブリッシング:2 | [発売]角川グループホールディングス　∥　カドカワグループホールディングス:1,[発売]角川グループパブリッシング　∥　カドカワ グループ パブリッシング,"[発売]角川グループパブリッシング　∥　カドカワグループパブリッシング=[3, 4];[発売]角川グループホールディングス　∥　カドカワグループホールディングス=[5]",no,"[3, 4, 5]"
gunshin-no-hanayome,軍神の花嫁,5,KADOKAWA:4 | KADOKAWA　∥　カドカワ:1,KADOKAWA,KADOKAWA　∥　カドカワ=[1],no,[1]
hai-gamer-na-imouto-to-hajimeru-vrmmo-seikatsu,廃ゲーマーな妹と始めるVRMMO生活,5,[発売]幻冬舎　∥　ゲントウシャ:2 | [頒布]幻冬舎　∥　ゲントウシャ:2 | [頒布]幻冬舎:1,[発売]幻冬舎　∥　ゲントウシャ,"[頒布]幻冬舎　∥　ゲントウシャ=[3, 4];[頒布]幻冬舎=[5]",no,"[3, 4, 5]"
haiiro-no-onmyouji,灰色の陰陽師,5,秋田書店:4 | 秋田書店　∥　アキタショテン:1,秋田書店,秋田書店　∥　アキタショテン=[1],no,[1]
hakoniwa-monster,箱庭モンスター,5,講談社　∥　コウダンシャ:3 | 講談社:1,講談社　∥　コウダンシャ,講談社=[5],no,[5]
hakyoku-yotei-no-akujo-no-hazu-ga-reitetsu-koushaku-sama-ga-wakarete-kuremasen,破局予定の悪女のはずが、冷徹公爵様が別れてくれません!,5,KADOKAWA　∥　カドカワ:3 | KADOKAWA:1,KADOKAWA　∥　カドカワ,KADOKAWA=[5],no,[5]
hanitora,はにとらっ!,5,KADOKAWA　∥　カドカワ:3 | KADOKAWA:2,KADOKAWA　∥　カドカワ,"KADOKAWA=[4, 5]",no,"[4, 5]"
happy-family-fukushuunorentaruokaasan,ハッピーファミリー,5,コアミックス　∥　コアミックス:4 | コアミックス:1,コアミックス　∥　コアミックス,コアミックス=[5],no,[5]
happy-negative-marriage,ハッピーネガティブマリッジ,5,少年画報社　∥　ショウネン ガホウシャ:4 | 少年画報社　∥　ショウネンガホウシャ:1,少年画報社　∥　ショウネン ガホウシャ,少年画報社　∥　ショウネンガホウシャ=[5],no,[5]
harem-ou-no-isekai-puresu-manyuuki,ハーレム王の異世界プレス漫遊記,5,双葉社:4 | 双葉社　∥　フタバシャ:1,双葉社,双葉社　∥　フタバシャ=[1],no,[1]
hataraku-maou-sama-highschool,はたらく魔王さま!ハイスクール!,5,KADOKAWA　∥　カドカワ:3 | [発売]角川グループパブリッシング　∥　カドカワグループパブリッシング:1 | [発売]角川グループホールディングス　∥　カドカワグループホールディングス:1,KADOKAWA　∥　カドカワ,[発売]角川グループパブリッシング　∥　カドカワグループパブリッシング=[1];[発売]角川グループホールディングス　∥　カドカワグループホールディングス=[2],no,"[1, 2]"
hataraku-saibou-muscle,はたらく細胞マッスル,5,講談社　∥　コウダンシャ:3 | 講談社:1,講談社　∥　コウダンシャ,講談社=[5],no,[5]
hayachine,ハヤチネ!,5,スクウェア・エニックス　∥　スクウェア エニックス:4 | スクウェア・エニックス　∥　スクウェア ・ エニックス:1,スクウェア・エニックス　∥　スクウェア エニックス,スクウェア・エニックス　∥　スクウェア ・ エニックス=[5],no,[5]
hazure-skill-level-up-no-sei-de-party-o-tsuihousareta-sareta-shounen-wa-level-o-agete-butsuri-de,外れスキル『レベルアップ』のせいでパーティーを追放された少年は、レベルを上げて物理で殴る,5,講談社:3 | 講談社　∥　コウダンシャ:1,講談社,講談社　∥　コウダンシャ=[1],no,[1]
hazure-skill-soine-ga-kakusei-shi-boku-ga-saikyou-harem-o-kizuku-made,ハズレスキル『添い寝』が覚醒し、僕が最強ハーレムを築くまで,5,双葉社:4 | 双葉社　∥　フタバシャ:1,双葉社,双葉社　∥　フタバシャ=[1],no,[1]
heika-kokoro-no-koe-ga-dadamore-desu,陛下、心の声がだだ漏れです!,5,KADOKAWA　∥　カドカワ:4 | KADOKAWA:1,KADOKAWA　∥　カドカワ,KADOKAWA=[5],no,[5]
hello-my-home,ハロー・マイ・ホーム,5,マイクロマガジン社　∥　マイクロマガジンシャ:3 | マイクロマガジン社:1,マイクロマガジン社　∥　マイクロマガジンシャ,マイクロマガジン社=[5],no,[5]
herami-shimai-wa-docchi-mo-yanderu,平良深姉妹はどっちもヤんでる,5,[頒布]講談社　∥　コウダンシャ:3 | [頒布]講談社:2,[頒布]講談社　∥　コウダンシャ,"[頒布]講談社=[4, 5]",no,"[4, 5]"
hero-mask,ヒーローマスク,5,[発売]小学館クリエイティブ　∥　ショウガクカンクリエイティブ:4 | [発売]小学館クリエイティブ　∥　ショウガクカン クリエイティブ:1,[発売]小学館クリエイティブ　∥　ショウガクカンクリエイティブ,[発売]小学館クリエイティブ　∥　ショウガクカン クリエイティブ=[1],no,[1]
hero-san-to-moto-onna-kanbu-san,ヒーローさんと元女幹部さん,5,[発売]講談社　∥　コウダンシャ:3 | [頒布]講談社　∥　コウダンシャ:2,[発売]講談社　∥　コウダンシャ,"[頒布]講談社　∥　コウダンシャ=[4, 5]",no,"[4, 5]"
higashi-no-mori-no-majo-no-niwa,東の森の魔女の庭,5,新書館　∥　シンショカン:4 | 新書館:1,新書館　∥　シンショカン,新書館=[5],no,[5]
hii-sama-muri-desu,姫様、無理です!,5,[頒布]講談社　∥　コウダンシャ:4 | [頒布]講談社:1,[頒布]講談社　∥　コウダンシャ,[頒布]講談社=[5],no,[5]
himemiya-san-no-naka-no-hito,姫宮さんの中の人,5,ワニブックス　∥　ワニ ブックス:4 | ワニブックス　∥　ワニブックス:1,ワニブックス　∥　ワニ ブックス,ワニブックス　∥　ワニブックス=[5],no,[5]
himitsu-wa-kiss-de-abakareru,秘密はキスで暴かれる,5,竹書房　∥　タケ ショボウ:3 | [発売]星雲社　∥　セイウンシャ:2,竹書房　∥　タケ ショボウ,"[発売]星雲社　∥　セイウンシャ=[1, 2]",no,"[1, 2]"
hirugao,ひるがお,5,エンジェル出版　∥　エンジェル シュッパン:4 | 双葉社　∥　フタバシャ:1,エンジェル出版　∥　エンジェル シュッパン,双葉社　∥　フタバシャ=[1],no,[1]
hitman-2013,ヒットマン,5,KADOKAWA　∥　カドカワ:4 | [発売]KADOKAWA　∥　カドカワ:1,KADOKAWA　∥　カドカワ,[発売]KADOKAWA　∥　カドカワ=[1],no,[1]
hitodenashi-no-echika,ひとでなしのエチカ,5,少年画報社　∥　ショウネンガホウシャ:3 | 少年画報社:2,少年画報社　∥　ショウネンガホウシャ,"少年画報社=[4, 5]",no,"[4, 5]"
hitohitogami-nichinichi,ひとひとがみ日々,5,小学館:3 | 小学館　∥　ショウガクカン:1,小学館,小学館　∥　ショウガクカン=[1],no,[1]
hitori-camp-shitara-isekai-ni-teni-shita-hanashi,一人キャンプしたら異世界に転移した話,5,双葉社　∥　フタバシャ:2 | 双葉社:2,双葉社　∥　フタバシャ,"双葉社=[4, 5]",no,"[4, 5]"
hitoride-ikiru-mon,ひとりで生きるモン!,5,徳間書店　∥　トクマ ショテン:2 | 徳間書店:1,徳間書店　∥　トクマ ショテン,徳間書店=[3],no,[3]
hitozuma-to-jk,人妻とJK,5,キルタイムコミュニケーション　∥　キルタイムコミュニケーション:4 | キルタイムコミュニケーション:1,キルタイムコミュニケーション　∥　キルタイムコミュニケーション,キルタイムコミュニケーション=[5],no,[5]
hitsugi-no-chaika,棺姫のチャイカ,5,KADOKAWA　∥　カドカワ:2 | [発売]角川グループパブリッシング　∥　カドカワ グループ パブリッシング:1 | [発売]角川グループパブリッシング　∥　カドカワグループパブリッシング:1 | [発売]角川グループホールディングス　∥　カドカワグループホールディングス:1,KADOKAWA　∥　カドカワ,[発売]角川グループパブリッシング　∥　カドカワ グループ パブリッシング=[1];[発売]角川グループパブリッシング　∥　カドカワグループパブリッシング=[2];[発売]角川グループホールディングス　∥　カドカワグループホールディングス=[3],no,"[1, 2, 3]"
hodonaku-owakare-desu,ほどなく、お別れです,5,小学館:3 | 小学館　∥　ショウガクカン:2,小学館,"小学館　∥　ショウガクカン=[1, 2]",no,"[1, 2]"
hokuou-futari-gurashi,北欧ふたりぐらし,5,白泉社　∥　ハクセンシャ:3 | 白泉社:2,白泉社　∥　ハクセンシャ,"白泉社=[4, 5]",no,"[4, 5]"
hollow-fish,ホロウフィッシュ,5,小学館　∥　ショウガクカン:4 | 小学館:1,小学館　∥　ショウガクカン,小学館=[5],no,[5]
hoshigahara-aomanjuu-no-mori,星が原あおまんじゅうの森,5,[発売]朝日新聞出版　∥　アサヒ シンブン シュッパン:2 | 朝日新聞出版　∥　アサヒシンブンシュッパン:2 | [発売]朝日新聞出版　∥　アサヒシンブンシュッパン:1,[発売]朝日新聞出版　∥　アサヒ シンブン シュッパン,"[発売]朝日新聞出版　∥　アサヒシンブンシュッパン=[3];朝日新聞出版　∥　アサヒシンブンシュッパン=[4, 5]",no,"[3, 4, 5]"
hoshikuzu-serenade,星屑セレナーデ,5,[発売]竹書房　∥　タケ ショボウ:3 | [頒布]竹書房　∥　タケ ショボウ:2,[発売]竹書房　∥　タケ ショボウ,"[頒布]竹書房　∥　タケ ショボウ=[4, 5]",no,"[4, 5]"
hottokenaiyo-kujou-kun,ほっとけないよ九条くん,5,集英社　∥　シュウエイシャ:3 | 集英社:1,集英社　∥　シュウエイシャ,集英社=[5],no,[5]
houkago-kitaku-hiyori,放課後帰宅びより,5,双葉社　∥　フタバシャ:2 | 双葉社:2,双葉社　∥　フタバシャ,"双葉社=[4, 5]",no,"[4, 5]"
hug-kiss-hug,ハグキスハグ,5,講談社　∥　コウダンシャ:3 | 講談社:2,講談社　∥　コウダンシャ,"講談社=[4, 5]",no,"[4, 5]"
ichiban-tookute-chikai-aitsu,一番遠くて、近いあいつ。,5,[頒布]講談社:3 | [頒布]講談社　∥　コウダンシャ:2,[頒布]講談社,"[頒布]講談社　∥　コウダンシャ=[1, 2]",no,"[1, 2]"
ichiban-ushiro-no-daimaou,いちばんうしろの大魔王,5,秋田書店　∥　アキタ ショテン:4 | 秋田書店　∥　アキタショテン:1,秋田書店　∥　アキタ ショテン,秋田書店　∥　アキタショテン=[5],no,[5]
idol-master-2-the-world-is-all-one,アイドルマスター2 the world is all one!!,5,Kadokawa　∥　Kadokawa:3 | KADOKAWA　∥　カドカワ:2,Kadokawa　∥　Kadokawa,"KADOKAWA　∥　カドカワ=[4, 5]",no,"[4, 5]"
idol-master-shainii-colors-shanimasu-everyday,アイドルマスターシャイニーカラーズシャニマスえぶりでい!,5,KADOKAWA　∥　カドカワ:4 | KADOKAWA:1,KADOKAWA　∥　カドカワ,KADOKAWA=[5],no,[5]
ie-ga-moete-jinsei-doudemo-yoku-natta-kara-nokotta-nakenashi-no-kane-de-dark-elf-no-dorei-o-katta,家が燃えて人生どうでも良くなったから、残ったなけなしの金でダークエルフの奴隷を買った。,5,KADOKAWA　∥　カドカワ:4 | KADOKAWA:1,KADOKAWA　∥　カドカワ,KADOKAWA=[5],no,[5]
ie-kara-oidasareta-watashi-wa-ringoku-no-okakae-renkinjutsushi-toshite-shiawase-na-daini-no-jinsei,家から追い出された私は、隣国のお抱え錬金術師として、幸せな第二の人生を送る事にしました!,5,KADOKAWA　∥　カドカワ:3 | KADOKAWA:1,KADOKAWA　∥　カドカワ,KADOKAWA=[5],no,[5]
ikemen-shachou-kai-hajimemashita,イケメン社長飼い始めました。,5,小学館　∥　ショウガクカン:4 | 小学館:1,小学館　∥　ショウガクカン,小学館=[5],no,[5]
iki-dekinai-no-wa-kimi-no-sei,息できないのは君のせい,5,リブレ　∥　リブレ:4 | リブレ:1,リブレ　∥　リブレ,リブレ=[6],no,[6]
ikkyuu-kenchikushi-kanako-no-sekkei-shikou,一級建築士矩子の設計思考,5,日本文芸社　∥　ニホンブンゲイシャ:2 | 日本文芸社:2 | 日本文芸社　∥　ニホン ブンゲイシャ:1,日本文芸社　∥　ニホンブンゲイシャ,"日本文芸社　∥　ニホン ブンゲイシャ=[1];日本文芸社=[4, 5]",no,"[1, 4, 5]"
imi-ga-wakaruto-kowai-4-koma,意味がわかると怖い4コマ,5,双葉社　∥　フタバシャ:4 | 双葉社:1,双葉社　∥　フタバシャ,双葉社=[5],no,[5]
imouto-wa-siscon-ani-ga-mendokusai,妹はシスコン兄がめんどくさい,5,[頒布]講談社:2 | [頒布]講談社 (発売)　∥　コウダンシャ:1 | [頒布]講談社　∥　コウダンシャ:1,[頒布]講談社,[頒布]講談社 (発売)　∥　コウダンシャ=[1];[頒布]講談社　∥　コウダンシャ=[2],no,"[1, 2]"
inchiki-seijo-to-iwareta-no-de-kuni-o-dete-nonbiri-kurasou-to-omoimasu,インチキ聖女と言われたので、国を出てのんびり暮らそうと思います,5,マッグガーデン　∥　マッグ ガーデン:4 | マッグガーデン:1,マッグガーデン　∥　マッグ ガーデン,マッグガーデン=[5],no,[5]
inkya-na-boku-ga-futago-ni-aisareru-wake,陰キャな僕が双子に愛される理由(ワケ),5,白泉社　∥　ハクセンシャ:3 | 白泉社:2,白泉社　∥　ハクセンシャ,"白泉社=[4, 5]",no,"[4, 5]"
inugami-san-to-nekoyama-san,犬神さんと猫山さん,5,一迅社　∥　イチジンシャ:4 | [発売]講談社　∥　コウダンシャ:1,一迅社　∥　イチジンシャ,[発売]講談社　∥　コウダンシャ=[6],no,[6]
isekai-battle-royal,異世界バトルロイヤル,5,竹書房　∥　タケ ショボウ:3 | 竹書房:1,竹書房　∥　タケ ショボウ,竹書房=[5],no,[5]
isekai-de-nonbiri-iyashite-hajimemasu,異世界でのんびり癒し手はじめます,5,KADOKAWA　∥　カドカワ:4 | KADOKAWA:1,KADOKAWA　∥　カドカワ,KADOKAWA=[5],no,[5]
isekai-de-omake-no-nii-san-jiritsu-o-mezasu,異世界でおまけの兄さん自立を目指す,5,[頒布]星雲社 (発売)　∥　セイウンシャ:2 | [頒布]星雲社:2 | [頒布]星雲社　∥　セイウンシャ:1,[頒布]星雲社 (発売)　∥　セイウンシャ,"[頒布]星雲社　∥　セイウンシャ=[3];[頒布]星雲社=[4, 5]",no,"[3, 4, 5]"
isekai-de-shippai-shinai-100-no-houhou,異世界で失敗しない100の方法,5,[発売]星雲社　∥　セイウンシャ:4 | [頒布]星雲社 (発売)　∥　セイウンシャ:1,[発売]星雲社　∥　セイウンシャ,[頒布]星雲社 (発売)　∥　セイウンシャ=[5],no,[5]
isekai-jibie-meshi,異世界ジビエ飯,5,竹書房　∥　タケ ショボウ:3 | 竹書房:1,竹書房　∥　タケ ショボウ,竹書房=[5],no,[5]
isekai-kimagure-burari-tabi,異世界きまぐれぶらり旅,5,マッグガーデン:3 | マッグガーデン　∥　マッグ ガーデン:2,マッグガーデン,"マッグガーデン　∥　マッグ ガーデン=[1, 2]",no,"[1, 2]"
isekai-maid-no-mitsuboshi-gourmet,異世界メイドの三ッ星グルメ,5,講談社　∥　コウダンシャ:2 | 講談社:2,講談社　∥　コウダンシャ,"講談社=[4, 5]",no,"[4, 5]"
isekai-ni-kita-mitai-dakedo-dou-sureba-yoi-no-darou,異世界に来たみたいだけど如何すれば良いのだろう,5,[頒布]幻冬舎　∥　ゲントウシャ:3 | [頒布]幻冬舎:1,[頒布]幻冬舎　∥　ゲントウシャ,[頒布]幻冬舎=[5],no,[5]
isekai-ni-kita-mitai-dakedo-dousureba-yoinodarou,異世界に来たみたいだけど如何すれば良いのだろう,5,[頒布]幻冬舎　∥　ゲントウシャ:2 | [発売]幻冬舎　∥　ゲントウシャ:1 | [頒布]幻冬舎:1,[頒布]幻冬舎　∥　ゲントウシャ,[発売]幻冬舎　∥　ゲントウシャ=[1];[頒布]幻冬舎=[5],no,"[1, 5]"
isekai-nonbiri-sozai-saishu-seikatsu,異世界のんびり素材採取生活,5,宝島社　∥　タカラジマシャ:4 | 宝島社:1,宝島社　∥　タカラジマシャ,宝島社=[5],no,[5]
isekai-rakuraku-survival,異世界らくらくサバイバル,5,講談社　∥　コウダンシャ:3 | 講談社:2,講談社　∥　コウダンシャ,"講談社=[6, 7]",no,"[6, 7]"
isekai-saikou-no-kizoku-harem-o-fuyasu-hodo-tsuyoku-naru,異世界最高の貴族、ハーレムを増やすほど強くなる,5,集英社　∥　シュウエイシャ:4 | 集英社:1,集英社　∥　シュウエイシャ,集英社=[5],no,[5]
isekai-shitateya-sofia,異世界仕立て屋ソフィア,5,コアミックス　∥　コアミックス:2 | コアミックス:2,コアミックス　∥　コアミックス,"コアミックス=[4, 5]",no,"[4, 5]"
isekai-teni-shite-kyoushi-ni-nattaga-majo-to-osorerarete-iru-ken,異世界転移して教師になったが、魔女と恐れられている件,5,アース・スターエンターテイメント:3 | アース・スターエンターテイメント　∥　アーススターエンターテイメント:2,アース・スターエンターテイメント,"アース・スターエンターテイメント　∥　アーススターエンターテイメント=[1, 2]",no,"[1, 2]"
ishuuin-hayato-shi-no-heionnaranu-nichijou,伊集院隼人氏の平穏ならぬ日常,5,[発売]竹書房　∥　タケ ショボウ:3 | [頒布]竹書房 (発売)　∥　タケ ショボウ:1 | [頒布]竹書房　∥　タケ ショボウ:1,[発売]竹書房　∥　タケ ショボウ,[頒布]竹書房 (発売)　∥　タケ ショボウ=[4];[頒布]竹書房　∥　タケ ショボウ=[5],no,"[4, 5]"
isshou-hatarakitakunai-ore-ga-classmate-no-dai-ninki-idol-ni-natsukaretara,一生働きたくない俺が、クラスメイトの大人気アイドルに懐かれたら,5,オーバーラップ　∥　オーバーラップ:2 | オーバーラップ:2,オーバーラップ　∥　オーバーラップ,"オーバーラップ=[4, 5]",no,"[4, 5]"
isso-anata-ga-todome-o-sashite,いっそあなたがトドメを刺して,5,講談社:3 | 講談社　∥　コウダンシャ:2,講談社,"講談社　∥　コウダンシャ=[1, 2]",no,"[1, 2]"
itoko-no-ko,いとこのこ,5,KADOKAWA:3 | KADOKAWA　∥　カドカワ:1,KADOKAWA,KADOKAWA　∥　カドカワ=[1],no,[1]
itoshi-no-nekokke,いとしの猫っ毛,5,[発売]リブレ出版　∥　リブレ シュッパン:4 | [発売]リブレ　∥　リブレ:1,[発売]リブレ出版　∥　リブレ シュッパン,[発売]リブレ　∥　リブレ=[5],no,[5]
jiki-koushaku-fujin-no-yakuwari-dake-o-motomete-kita-koori-no-bara-to-utawareru-danna-sama-ga,次期公爵夫人の役割だけを求めてきた、氷の薔薇と謳われる旦那様が家庭内ストーカーと化した件,5,講談社　∥　コウダンシャ:3 | 講談社:2,講談社　∥　コウダンシャ,"講談社=[4, 5]",no,"[4, 5]"
jinrui-shoku,人類蝕,5,集英社　∥　シュウエイシャ:4 | 集英社:1,集英社　∥　シュウエイシャ,集英社=[5],no,[5]
jitsuroku-kaigo-no-oshigoto,実録!介護のオシゴト,5,秋田書店　∥　アキタショテン:3 | 秋田書店　∥　アキタ ショテン:2,秋田書店　∥　アキタショテン,"秋田書店　∥　アキタ ショテン=[1, 2]",no,"[1, 2]"
jitsuwa-imouto-deshita,じつは義妹(いもうと)でした。,5,KADOKAWA　∥　カドカワ:4 | KADOKAWA:1,KADOKAWA　∥　カドカワ,KADOKAWA=[7],no,[7]
jizeru-aran,ジゼル・アラン,5,[発売]角川グループパブリッシング　∥　カドカワ グループ パブリッシング:2 | KADOKAWA　∥　カドカワ:2 | [発売]角川グループパブリッシング　∥　カドカワグループパブリッシング:1,[発売]角川グループパブリッシング　∥　カドカワ グループ パブリッシング,"[発売]角川グループパブリッシング　∥　カドカワグループパブリッシング=[3];KADOKAWA　∥　カドカワ=[4, 5]",no,"[3, 4, 5]"
joushi-no-asoko-wa-ekkusueru-saizu,上司のアソコはXLサイズ!?,5,[発売]星雲社　∥　セイウンシャ:3 | [頒布]星雲社 (発売)　∥　セイウンシャ:2,[発売]星雲社　∥　セイウンシャ,"[頒布]星雲社 (発売)　∥　セイウンシャ=[4, 5]",no,"[4, 5]"
junai-yorimo-shitemitai,純愛よりも、シてみたい,5,リブレ　∥　リブレ:2 | リブレ:2,リブレ　∥　リブレ,"リブレ=[4, 5]",no,"[4, 5]"
juunenme-kikan-o-akirameta-tenisha-wa-imasara-shujinkou-ni-naru,十年目、帰還を諦めた転移者はいまさら主人公になる,5,マッグガーデン:3 | マッグガーデン　∥　マッグ ガーデン:2,マッグガーデン,"マッグガーデン　∥　マッグ ガーデン=[1, 2]",no,"[1, 2]"
kaifukushoku-no-akuyaku-reijou,回復職の悪役令嬢,5,KADOKAWA　∥　カドカワ:3 | KADOKAWA:1,KADOKAWA　∥　カドカワ,KADOKAWA=[5],no,[5]
kaigai-en-ni-makasete-aruku-dake,海外縁にまかせて歩くだけ。,5,小学館　∥　ショウガクカン:2 | 小学館:2,小学館　∥　ショウガクカン,"小学館=[4, 5]",no,"[4, 5]"
kaisha-to-shiseikatsu,会社と私生活,5,スクウェア・エニックス:3 | スクウェア・エニックス　∥　スクウェア ・ エニックス:2,スクウェア・エニックス,"スクウェア・エニックス　∥　スクウェア ・ エニックス=[1, 2]",no,"[1, 2]"
kaketa-tsuki-no-merusedesu-kyuuketsuki-no-kizoku-ni-tensei-shitakedo-suteraresou-nanode-dungeon-o,欠けた月のメルセデス～吸血鬼の貴族に転生したけど捨てられそうなのでダンジョンを制覇する～@COMIC,5,TOブックス　∥　ティーオーブックス:4 | TOブックス:1,TOブックス　∥　ティーオーブックス,TOブックス=[5],no,[5]
kamatte-shinsotsu-chan-ga-maikai-sasotte-kuru,かまって新卒ちゃんが毎回誘ってくる,5,KADOKAWA:3 | KADOKAWA　∥　カドカワ:2,KADOKAWA,"KADOKAWA　∥　カドカワ=[1, 2]",no,"[1, 2]"
kami-no-niwa-tsuki-kusunokitei,神の庭付き楠木邸,5,KADOKAWA　∥　カドカワ:3 | KADOKAWA:2,KADOKAWA　∥　カドカワ,"KADOKAWA=[4, 5]",no,"[4, 5]"
kami-o-kami-sama-gacha-de-umidashi-houdai,神を〈神様ガチャ〉で生み出し放題,5,KADOKAWA　∥　カドカワ:3 | KADOKAWA:1,KADOKAWA　∥　カドカワ,KADOKAWA=[5],no,[5]
kami-sama-shop-de-cheat-no-kaori,神さまshopでチートの香り,5,[発売]幻冬舎　∥　ゲントウシャ:4 | [頒布]幻冬舎　∥　ゲントウシャ:1,[発売]幻冬舎　∥　ゲントウシャ,[頒布]幻冬舎　∥　ゲントウシャ=[5],no,[5]
kami-wa-game-ni-uete-iru,神は遊戯(ゲーム)に飢えている。,5,KADOKAWA　∥　カドカワ:4 | KADOKAWA:1,KADOKAWA　∥　カドカワ,KADOKAWA=[5],no,[5]
kami-x-ore-x-danna-sama,カミサマ×おれさま×旦那様!?,5,KADOKAWA　∥　カドカワ:4 | [発売]KADOKAWA　∥　カドカワ:1,KADOKAWA　∥　カドカワ,[発売]KADOKAWA　∥　カドカワ=[1],no,[1]
kamieshi-jieekee-to-ooeru-fujoshi,神絵師JKとOL腐女子,5,[頒布]小学館クリエイティブ (発売)　∥　ショウガクカンクリエイティブ:3 | [発売]小学館クリエイティブ　∥　ショウガクカンクリエイティブ:2,[頒布]小学館クリエイティブ (発売)　∥　ショウガクカンクリエイティブ,"[発売]小学館クリエイティブ　∥　ショウガクカンクリエイティブ=[1, 2]",no,"[1, 2]"
kamitama,神たま,5,小学館　∥　ショウガクカン:3 | 小学館:1,小学館　∥　ショウガクカン,小学館=[5],no,[5]
karappo-seijo-toshite-suterareta-hazu-ga-totsugisaki-no-koutei-heika-ni-dekiai-sarete-imasu,空っぽ聖女として捨てられたはずが、嫁ぎ先の皇帝陛下に溺愛されています,5,KADOKAWA　∥　カドカワ:2 | KADOKAWA:2,KADOKAWA　∥　カドカワ,"KADOKAWA=[4, 5]",no,"[4, 5]"
kareinaru-shishi-no-okinimesu-mama,華麗なる獅子のお気に召すまま,5,宙出版　∥　オオゾラ シュッパン:3 | [発売]ジャイブ　∥　ジャイブ:1 | [頒布]ジャイブ (発売)　∥　ジャイブ:1,宙出版　∥　オオゾラ シュッパン,[発売]ジャイブ　∥　ジャイブ=[4];[頒布]ジャイブ (発売)　∥　ジャイブ=[5],no,"[4, 5]"
kareshi-imasu,彼氏います。,5,一二三書房:2 | [頒布]一二三書房　∥　ヒフミショボウ:1 | 一二三書房　∥　ヒフミショボウ:1,一二三書房,[頒布]一二三書房　∥　ヒフミショボウ=[1];一二三書房　∥　ヒフミショボウ=[2],no,"[1, 2]"
kashita-maryoku-wa-ribo-barai-de-kyousei-choushuu,貸した魔力は〈リボ払い〉で強制徴収,5,フレックスコミックス　∥　フレックスコミックス:2 | フレックスコミックス:2,フレックスコミックス　∥　フレックスコミックス,"フレックスコミックス=[4, 5]",no,"[4, 5]"
katakoi-kekkon,片恋結婚,5,ぶんか社　∥　ブンカシャ:4 | ぶんか社:1,ぶんか社　∥　ブンカシャ,ぶんか社=[6],no,[6]
kataware-reijou-ga-dansou-suru-wake,かたわれ令嬢が男装する理由,5,双葉社:4 | 双葉社　∥　フタバシャ:1,双葉社,双葉社　∥　フタバシャ=[1],no,[1]
kawaii-imouto-ga-konyaku-haki-sareta-rashii-node-ima-kara-orei-ni-mairimasu,可愛い義妹が婚約破棄されたらしいので、今から「御礼」に参ります。,5,[頒布]星雲社:2 | [頒布]星雲社 (発売)　∥　セイウンシャ:1 | [頒布]星雲社　∥　セイウンシャ:1,[頒布]星雲社,[頒布]星雲社 (発売)　∥　セイウンシャ=[1];[頒布]星雲社　∥　セイウンシャ=[3],no,"[1, 3]"
kegareta-chi-da-to-tsuihousareta-sareta-maryoku-mugen-no-seirei-majutsushi,穢れた血だと追放された魔力無限の精霊魔術士,5,[頒布]幻冬舎　∥　ゲントウシャ:4 | [頒布]幻冬舎:1,[頒布]幻冬舎　∥　ゲントウシャ,[頒布]幻冬舎=[5],no,[5]
keiyaku-shimai,ケイヤクシマイ,5,KADOKAWA　∥　カドカワ:3 | KADOKAWA:1,KADOKAWA　∥　カドカワ,KADOKAWA=[5],no,[5]
kejime-tsukesasete-moraimasu,ケジメつけさせてもらいます。,5,大誠社　∥　タイセイシャ:4 | 大誠社:1,大誠社　∥　タイセイシャ,大誠社=[5],no,[5]
ken-to-tiara-to-haihiiru-koushaku-reijou-niwa-eiyuu-no-tamashii-ga-yadoru-attomaaku-comic,剣とティアラとハイヒール～公爵令嬢には英雄の魂が宿る～@COMIC,5,TOブックス　∥　ティーオーブックス:4 | TOブックス:1,TOブックス　∥　ティーオーブックス,TOブックス=[5],no,[5]
kidoban-no-bantarou,木戸番の番太郎,5,[頒布]幻冬舎 (発売)　∥　ゲントウシャ:2 | [頒布]幻冬舎:2 | [頒布]幻冬舎　∥　ゲントウシャ:1,[頒布]幻冬舎 (発売)　∥　ゲントウシャ,"[頒布]幻冬舎　∥　ゲントウシャ=[3];[頒布]幻冬舎=[4, 5]",no,"[3, 4, 5]"
killing-line,キリングライン,5,講談社　∥　コウダンシャ:2 | 講談社:2,講談社　∥　コウダンシャ,"講談社=[4, 5]",no,"[4, 5]"
kimi-no-rabu-o-misete-kure,君のラブを見せてくれ!,5,KADOKAWA　∥　カドカワ:2 | KADOKAWA:2,KADOKAWA　∥　カドカワ,"KADOKAWA=[4, 5]",no,"[4, 5]"
kimi-no-tonari,キミノトナリ,5,秋田書店　∥　アキタショテン:3 | 秋田書店　∥　アキタ ショテン:2,秋田書店　∥　アキタショテン,"秋田書店　∥　アキタ ショテン=[1, 2]",no,"[1, 2]"
kimi-no-yokogao-o-miteita,きみの横顔を見ていた,5,講談社　∥　コウダンシャ:4 | 講談社:1,講談社　∥　コウダンシャ,講談社=[5],no,[5]
kimi-o-aisuru-ki-wa-nai-to-itta-jiki-koushaku-sama-ga-naze-dekiai-shite-kimasu,「きみを愛する気はない」と言った次期公爵様がなぜか溺愛してきます,5,フレックスコミックス　∥　フレックスコミックス:3 | フレックスコミックス:1,フレックスコミックス　∥　フレックスコミックス,フレックスコミックス=[5],no,[5]
kimi-to-uchuu-o-aruku-tame-ni,君と宇宙を歩くために,5,講談社　∥　コウダンシャ:2 | 講談社:2,講談社　∥　コウダンシャ,"講談社=[4, 5]",no,"[4, 5]"
kimi-wa-kirei-na-ahiru-no-ko,君は綺麗なアヒルの子,5,LINE Digital Frontier　∥　ラインデジタルフロンティア:3 | LINE　∥　ライン:2,LINE Digital Frontier　∥　ラインデジタルフロンティア,"LINE　∥　ライン=[1, 2]",no,"[1, 2]"
kimi-wa-mendou-na-konyakusha,きみは面倒な婚約者,5,白泉社　∥　ハクセンシャ:4 | 白泉社:1,白泉社　∥　ハクセンシャ,白泉社=[5],no,[5]
kimiiro-raibaa,キミイロ×ライバー,5,講談社　∥　コウダンシャ:3 | 講談社:2,講談社　∥　コウダンシャ,"講談社=[4, 5]",no,"[4, 5]"
kinme-ginme-nekoyakata,金目銀目ねこ館,5,小学館　∥　ショウガクカン:4 | 小学館:1,小学館　∥　ショウガクカン,小学館=[5],no,[5]
kinniku-jima,筋肉島,5,集英社　∥　シュウエイシャ:4 | 集英社:1,集英社　∥　シュウエイシャ,集英社=[5],no,[5]
kinshirou-no-tsuma-desu,金四郎の妻ですが,5,秋田書店　∥　アキタショテン:3 | 秋田書店:2,秋田書店　∥　アキタショテン,"秋田書店=[4, 5]",no,"[4, 5]"
kirakira-to-giragira,キラキラとギラギラ,5,KADOKAWA　∥　カドカワ:3 | KADOKAWA:2,KADOKAWA　∥　カドカワ,"KADOKAWA=[4, 5]",no,"[4, 5]"
kishidanchou-no-elf-san-datte-otome-ga-shitai,騎士団長のエルフさんだって乙女がしたい。,5,スクウェア・エニックス:3 | スクウェア・エニックス　∥　スクウェア ・ エニックス:2,スクウェア・エニックス,"スクウェア・エニックス　∥　スクウェア ・ エニックス=[1, 2]",no,"[1, 2]"
kishiou-no-shokutaku,騎士王の食卓,5,講談社　∥　コウダンシャ:2 | 講談社:2,講談社　∥　コウダンシャ,"講談社=[3, 5]",no,"[3, 5]"
kitakubu-katsudou-kiroku,帰宅部活動記録,5,スクウェア・エニックス　∥　スクウェア エニックス:4 | スクウェア・エニックス　∥　スクウェアエニック:1,スクウェア・エニックス　∥　スクウェア エニックス,スクウェア・エニックス　∥　スクウェアエニック=[5],no,[5]
kitanai-kimi-ga-ichiban-kawaii,きたない君がいちばんかわいい,5,[頒布]講談社　∥　コウダンシャ:3 | [発売]講談社　∥　コウダンシャ:2,[頒布]講談社　∥　コウダンシャ,"[発売]講談社　∥　コウダンシャ=[1, 2]",no,"[1, 2]"
kitayama-kun-to-minamiya-kun,北山くんと南谷くん,5,イースト・プレス:3 | イースト・プレス　∥　イーストプレス:2,イースト・プレス,"イースト・プレス　∥　イーストプレス=[2, 3]",no,"[2, 3]"
koibami-shoujo,恋喰少女,5,小学館:4 | 小学館　∥　ショウガクカン:1,小学館,小学館　∥　ショウガクカン=[1],no,[1]
koimoku,こいもく,5,キルタイムコミュニケーション　∥　キル タイム コミュニケーション:3 | キルタイムコミュニケーション　∥　キルタイムコミュニケーション:2,キルタイムコミュニケーション　∥　キル タイム コミュニケーション,"キルタイムコミュニケーション　∥　キルタイムコミュニケーション=[4, 5]",no,"[4, 5]"
koishichaikenai-hanakaze-kun,恋しちゃいけない花風くん,5,双葉社　∥　フタバシャ:4 | 双葉社:1,双葉社　∥　フタバシャ,双葉社=[5],no,[5]
koishika-koi-wa-shikaku,こいしか!,5,小学館:4 | 小学館　∥　ショウガクカン:1,小学館,小学館　∥　ショウガクカン=[1],no,[1]
koisuru-mae-ni-amai-hatsujou,恋する前に、あまい発情。,5,リブレ　∥　リブレ:4 | リブレ:1,リブレ　∥　リブレ,リブレ=[5],no,[5]
koisuru-shirokuma,恋するシロクマ,5,KADOKAWA　∥　カドカワ:3 | KADOKAWA　∥　KADOKAWA:1 | Kadokawa　∥　Kadokawa:1,KADOKAWA　∥　カドカワ,KADOKAWA　∥　KADOKAWA=[3];Kadokawa　∥　Kadokawa=[4],no,"[3, 4]"
kojirase-tensei-maou-to-7-nin-no-oshikake-otome-no-ragnarok-system,こじらせ転生魔王と7人のおしかけ乙女のラグナロク・システム,5,秋田書店　∥　アキタショテン:2 | 秋田書店:2,秋田書店　∥　アキタショテン,"秋田書店=[4, 5]",no,"[4, 5]"
kokokara-wa-otona-no-jikan-desu,ここからはオトナの時間です。,5,集英社　∥　シュウエイシャ:4 | 集英社:1,集英社　∥　シュウエイシャ,集英社=[5],no,[5]
kokoro-connect-on-air,ココロコネクト,5,[発売]角川グループパブリッシング　∥　カドカワ グループ パブリッシング:2 | [発売]角川グループパブリッシング　∥　カドカワグループパブリッシング:2 | [発売]KADOKAWA　∥　カドカワ:1,[発売]角川グループパブリッシング　∥　カドカワ グループ パブリッシング,"[発売]角川グループパブリッシング　∥　カドカワグループパブリッシング=[3, 4];[発売]KADOKAWA　∥　カドカワ=[5]",no,"[3, 4, 5]"
komorebi-no-hito,木洩れ日のひと,5,祥伝社　∥　ショウデンシャ:2 | 祥伝社:2,祥伝社　∥　ショウデンシャ,"祥伝社=[4, 5]",no,"[4, 5]"
kondo-wa-zettai-ni-jama-shimasentsu,今度は絶対に邪魔しませんっ!,5,[頒布]幻冬舎　∥　ゲントウシャ:3 | [発売]幻冬舎　∥　ゲントウシャ:2,[頒布]幻冬舎　∥　ゲントウシャ,"[発売]幻冬舎　∥　ゲントウシャ=[1, 2]",no,"[1, 2]"
konjiki-no-gash-2,金色のガッシュ!!2,5,クラーケンコミックス　∥　クラーケンコミックス:2 | クラーケンコミックス　∥　クラーケン コミックス:1 | クラーケンコミックス:1,クラーケンコミックス　∥　クラーケンコミックス,クラーケンコミックス　∥　クラーケン コミックス=[3];クラーケンコミックス=[5],no,"[3, 5]"
kono-jinruiiki-no-zelphy,この人類域のゼルフィー,5,少年画報社　∥　ショウネンガホウシャ:4 | 少年画報社　∥　ショウネン ガホウシャ:1,少年画報社　∥　ショウネンガホウシャ,少年画報社　∥　ショウネン ガホウシャ=[1],no,[1]
kono-koi-o-hoshi-niwa-negawanai,この恋を星には願わない,5,KADOKAWA:3 | KADOKAWA　∥　カドカワ:2,KADOKAWA,"KADOKAWA　∥　カドカワ=[1, 2]",no,"[1, 2]"
kono-naka-1-imouto-ga-iru,この中に1人、妹がいる!,5,メディアファクトリー　∥　メディア ファクトリー:4 | KADOKAWA　∥　カドカワ:1,メディアファクトリー　∥　メディア ファクトリー,KADOKAWA　∥　カドカワ=[5],no,[5]
kono-yo-wa-tatakau-kachi-ga-aru,この世は戦う価値がある,5,小学館　∥　ショウガクカン:2 | 小学館:2,小学館　∥　ショウガクカン,"小学館=[3, 5]",no,"[3, 5]"
konsei-wa-goen-ga-arimasu-you-ni,今世は五縁がありますように!,5,KADOKAWA　∥　カドカワ:3 | KADOKAWA:2,KADOKAWA　∥　カドカワ,"KADOKAWA=[4, 5]",no,"[4, 5]"
konya-uchi-ni-oide,今夜、うちにおいで,5,大誠社　∥　タイセイシャ:2 | 大誠社:2,大誠社　∥　タイセイシャ,"大誠社=[4, 5]",no,"[4, 5]"
konyaku-haki-no-tetsuzuki-wa-osumi-desu-ka,婚約破棄の手続きはお済みですか?,5,KADOKAWA:4 | KADOKAWA　∥　カドカワ:1,KADOKAWA,KADOKAWA　∥　カドカワ=[1],no,[1]
konyaku-haki-no-tsugi-wa-gisou-konyaku-sate-sono-tsugi-wa,婚約破棄の次は偽装婚約。さて、その次は……。,5,フロンティアワークス　∥　フロンティアワークス:3 | フロンティアワークス:2,フロンティアワークス　∥　フロンティアワークス,"フロンティアワークス=[4, 5]",no,"[4, 5]"
konyaku-haki-sareta-koushaku-reijou-wa-reijou-no-kamen-o-nugisuteru,婚約破棄された公爵令嬢は令嬢の仮面を脱ぎ捨てる,5,スクウェア・エニックス:3 | スクウェア・エニックス　∥　スクウェア ・ エニックス:2,スクウェア・エニックス,"スクウェア・エニックス　∥　スクウェア ・ エニックス=[1, 2]",no,"[1, 2]"
konyaku-haki-sareta-no-de-suki-ni-suru-koto-ni-shita,婚約破棄されたので、好きにすることにした。,5,講談社:3 | 講談社　∥　コウダンシャ:1,講談社,講談社　∥　コウダンシャ=[1],no,[1]
konyaku-haki-sareta-node-osouji-maid-ni-nattara-warawanai-kikoushi-sama-ni-dekiai-saremashita,婚約破棄されたのでお掃除メイドになったら笑わない貴公子様に溺愛されました,5,双葉社　∥　フタバシャ:2 | 双葉社:2,双葉社　∥　フタバシャ,"双葉社=[4, 5]",no,"[4, 5]"
konyaku-kaishou-o-teian-shitara-outaishi-sama-ni-dekiai-saremashita,婚約解消を提案したら王太子様に溺愛されました,5,双葉社:3 | 双葉社　∥　フタバシャ:2,双葉社,"双葉社　∥　フタバシャ=[1, 2]",no,"[1, 2]"
koori-no-hime-wa-chiisana-hidamari-de-tokasaretai,氷の姫は小さな陽だまりでとかされたい,5,芳文社:3 | 芳文社　∥　ホウブンシャ:1,芳文社,芳文社　∥　ホウブンシャ=[1],no,[1]
kore-wa-zombie-desu-ka-hai-anata-no-yome-desu,これはゾンビですか? はい、アナタの嫁です,5,[発売]角川グループパブリッシング　∥　カドカワ グループ パブリッシング:2 | [発売]角川グループパブリッシング　∥　カドカワグループパブリッシング:2 | [発売]角川グループホールディングス　∥　カドカワグループホールディングス:1,[発売]角川グループパブリッシング　∥　カドカワ グループ パブリッシング,"[発売]角川グループパブリッシング　∥　カドカワグループパブリッシング=[3, 4];[発売]角川グループホールディングス　∥　カドカワグループホールディングス=[5]",no,"[3, 4, 5]"
koujo-denka-no-katei-kyoushi,公女殿下の家庭教師,5,KADOKAWA　∥　カドカワ:4 | KADOKAWA:1,KADOKAWA　∥　カドカワ,KADOKAWA=[5],no,[5]
koukai-suru-nara-go-katte-ni,後悔するならご勝手に,5,[頒布]青泉社:3 | [頒布]青泉社　∥　セイセンシャ:2,[頒布]青泉社,"[頒布]青泉社　∥　セイセンシャ=[1, 2]",no,"[1, 2]"
koushaku-reijou-ni-tensei-shite-shimatta-node-mental-otome-na-ore-wa-zenryoku-de-onnanoko-o,公爵令嬢に転生してしまったので、メンタル乙女な俺は、全力で女の子を楽しみます,5,竹書房　∥　タケ ショボウ:3 | 竹書房:2,竹書房　∥　タケ ショボウ,"竹書房=[4, 5]",no,"[4, 5]"
koushakuke-ni-umarete-shonichi-ni-atotsugi-shikkaku-no-rakuin-o-osaremashita-ga-kyou-mo-genki-ni,公爵家に生まれて初日に跡継ぎ失格の烙印を押されましたが今日も元気に生きてます!,5,[頒布]星雲社 (発売)　∥　セイウンシャ:3 | [頒布]星雲社　∥　セイウンシャ:1 | [頒布]星雲社:1,[頒布]星雲社 (発売)　∥　セイウンシャ,[頒布]星雲社　∥　セイウンシャ=[4];[頒布]星雲社=[5],no,"[4, 5]"
koushakuke-no-ryouriban-sama,公爵家の料理番様,5,講談社　∥　コウダンシャ:4 | 講談社:1,講談社　∥　コウダンシャ,講談社=[7],no,[7]
kouteitsuki-nyokan-wa-hanayome-to-shite-nozomarechuu,皇帝つき女官は花嫁として望まれ中,5,[発売]講談社　∥　コウダンシャ:3 | [頒布]講談社　∥　コウダンシャ:2,[発売]講談社　∥　コウダンシャ,"[頒布]講談社　∥　コウダンシャ=[4, 5]",no,"[4, 5]"
kuchibeta-shokudou,くちべた食堂,5,KADOKAWA　∥　カドカワ:3 | KADOKAWA:2,KADOKAWA　∥　カドカワ,"KADOKAWA=[5, 6]",no,"[5, 6]"
kuizume-youhei-no-gensou-ki-tan,食い詰め傭兵の幻想奇譚,5,ホビージャパン　∥　ホビー ジャパン:4 | ホビージャパン:1,ホビージャパン　∥　ホビー ジャパン,ホビージャパン=[5],no,[5]
kumo-onna,蜘蛛女,5,講談社　∥　コウダンシャ:4 | 講談社:1,講談社　∥　コウダンシャ,講談社=[2],no,[2]
kuni-ni-saikyou-no-baria-o-hattara-heiwa-ni-narisugite-tsuihousareta-saremashita,国に最強のバリアを張ったら平和になりすぎて追放されました。,5,アース・スターエンターテイメント:3 | アース・スターエンターテイメント　∥　アーススターエンターテイメント:1,アース・スターエンターテイメント,アース・スターエンターテイメント　∥　アーススターエンターテイメント=[1],no,[1]
kuro-mahou-ryou-no-sanakunin,黒魔法寮の三悪人,5,小学館:3 | 小学館　∥　ショウガクカン:1,小学館,小学館　∥　ショウガクカン=[1],no,[1]
kuro-no-senki-2,クロの戦記2,5,KADOKAWA:3 | KADOKAWA　∥　カドカワ:2,KADOKAWA,"KADOKAWA　∥　カドカワ=[1, 2]",no,"[1, 2]"
kurobara-alice-da-kaapo-aru-fiine,黒薔薇アリスD.C.(ダカーポ)al fine,5,小学館　∥　ショウガクカン:4 | 小学館:1,小学館　∥　ショウガクカン,小学館=[5],no,[5]
kutouruu-toka-zenzen-wakaranai-ore-ga-jashin-no-chikara-de-bakunyuu-joshi-to-musou-suru,クトゥルーとか全然わからない俺が、邪神の力で爆乳女子と無双する,5,[頒布]一二三書房　∥　ヒフミショボウ:2 | 一二三書房　∥　ヒフミショボウ:2 | 一二三書房:1,[頒布]一二三書房　∥　ヒフミショボウ,"一二三書房　∥　ヒフミショボウ=[3, 4];一二三書房=[5]",no,"[3, 4, 5]"
kutsu-korose-no-hime-kishi-to-nari-yuri-shoukan-de-hataraku-kotoni-narimashita,くっ殺せの姫騎士となり、百合娼館で働くことになりました。,5,竹書房　∥　タケ ショボウ:4 | 竹書房:1,竹書房　∥　タケ ショボウ,竹書房=[5],no,[5]
kutsu-no-muku-mama,靴の向くまま,5,講談社　∥　コウダンシャ:4 | 講談社:1,講談社　∥　コウダンシャ,講談社=[5],no,[5]
kuufuku-na-bokura,空腹なぼくら,5,小学館　∥　ショウガクカン:3 | 小学館:2,小学館　∥　ショウガクカン,"小学館=[4, 5]",no,"[4, 5]"
kuusou-kagaku-x,空想科学X,5,[発売]角川グループパブリッシング　∥　カドカワ グループ パブリッシング:3 | [発売]角川グループパブリッシング　∥　カドカワグループパブリッシング:1 | KADOKAWA　∥　カドカワ:1,[発売]角川グループパブリッシング　∥　カドカワ グループ パブリッシング,[発売]角川グループパブリッシング　∥　カドカワグループパブリッシング=[4];KADOKAWA　∥　カドカワ=[5],no,"[4, 5]"
kyoukotsu-no-yume,狂骨の夢,5,[発売]角川グループパブリッシング　∥　カドカワ グループ パブリッシング:3 | [発売]角川グループパブリッシング　∥　カドカワグループパブリッシング:2,[発売]角川グループパブリッシング　∥　カドカワ グループ パブリッシング,"[発売]角川グループパブリッシング　∥　カドカワグループパブリッシング=[4, 5]",no,"[4, 5]"
kyuuketsuki,吸血姫,5,[発売]ソフトバンククリエイティブ　∥　ソフトバンク クリエイティブ:4 | [発売]ほるぷ出版　∥　ホルプ シュッパン:1,[発売]ソフトバンククリエイティブ　∥　ソフトバンク クリエイティブ,[発売]ほるぷ出版　∥　ホルプ シュッパン=[5],no,[5]
kyuutei-o-kubi-ni-natta-shokubutsu-madoushi-wa-surooraifu-o-ouka-suru,宮廷をクビになった植物魔導師はスローライフを謳歌する,5,秋田書店:3 | 秋田書店　∥　アキタショテン:2,秋田書店,"秋田書店　∥　アキタショテン=[1, 2]",no,"[1, 2]"
let-goo-kaikigumi,レッツゴー怪奇組,5,[頒布]小学館 (発売)　∥　ショウガクカン:4 | [頒布]小学館　∥　ショウガクカン:1,[頒布]小学館 (発売)　∥　ショウガクカン,[頒布]小学館　∥　ショウガクカン=[5],no,[5]
level-1-no-saikyou-kenja,レベル1の最強賢者,5,[頒布]一二三書房　∥　ヒフミショボウ:3 | 一二三書房　∥　ヒフミショボウ:2,[頒布]一二三書房　∥　ヒフミショボウ,"一二三書房　∥　ヒフミショボウ=[1, 5]",no,"[1, 5]"
lilia-pregnant-the-world-end,リリア・プレグナント・ザ・ワールド・エンド,5,小学館　∥　ショウガクカン:3 | 小学館:2,小学館　∥　ショウガクカン,"小学館=[4, 5]",no,"[4, 5]"
love-live,ラブライブ!,5,KADOKAWA　∥　カドカワ:3 | Kadokawa　∥　Kadokawa:1 | [発売]Kadokawa　∥　Kadokawa:1,KADOKAWA　∥　カドカワ,Kadokawa　∥　Kadokawa=[1];[発売]Kadokawa　∥　Kadokawa=[2],no,"[1, 2]"
love-sureivu,ラブスレイヴ,5,ジーオーティー　∥　ジーオーティー:4 | ジーオーティー:1,ジーオーティー　∥　ジーオーティー,ジーオーティー=[5],no,[5]
machigai-shoukan,間違い召喚!,5,[頒布]星雲社 (発売)　∥　セイウンシャ:2 | [頒布]星雲社:2 | [頒布]星雲社　∥　セイウンシャ:1,[頒布]星雲社 (発売)　∥　セイウンシャ,"[頒布]星雲社　∥　セイウンシャ=[3];[頒布]星雲社=[4, 5]",no,"[3, 4, 5]"
mad,MAD,5,集英社:4 | 集英社　∥　シュウエイシャ:1,集英社,集英社　∥　シュウエイシャ=[1],no,[1]
magia-record-2025,マギアレコード,5,芳文社　∥　ホウブンシャ:3 | 芳文社:2,芳文社　∥　ホウブンシャ,"芳文社=[11, 12]",no,"[11, 12]"
mahou-shoujo-201,魔法少女201,5,集英社:3 | 集英社　∥　シュウエイシャ:1,集英社,集英社　∥　シュウエイシャ=[1],no,[1]
mahouka-koukou-no-rettousei-kyuukou-hen,魔法科高校の劣等生 九校戦編,5,スクウェア・エニックス　∥　スクウェア ・ エニックス:4 | スクウェア・エニックス　∥　スクウェア エニックス:1,スクウェア・エニックス　∥　スクウェア ・ エニックス,スクウェア・エニックス　∥　スクウェア エニックス=[1],no,[1]
mahouka-koukou-no-rettousei-yokohama-souranhen,魔法科高校の劣等生 横浜騒乱編,5,スクウェア・エニックス　∥　スクウェア ・ エニックス:4 | スクウェア・エニックス　∥　スクウェア エニックス:1,スクウェア・エニックス　∥　スクウェア ・ エニックス,スクウェア・エニックス　∥　スクウェア エニックス=[1],no,[1]
mahoutsukai-no-hanzai-sousa,魔法使いの犯罪捜査,5,KADOKAWA　∥　カドカワ:3 | KADOKAWA:1,KADOKAWA　∥　カドカワ,KADOKAWA=[5],no,[5]
mahoutsukai-no-konyakusha,魔法使いの婚約者,5,KADOKAWA　∥　カドカワ:4 | [頒布]講談社:1,KADOKAWA　∥　カドカワ,[頒布]講談社=[5],no,[5]
maid-san-wa-taberu-dake,メイドさんは食べるだけ,5,講談社　∥　コウダンシャ:4 | 講談社:1,講談社　∥　コウダンシャ,講談社=[5],no,[5]
maizen-sisters,まいぜんシスターズ,5,小学館　∥　ショウガクカン:2 | 小学館:2,小学館　∥　ショウガクカン,"小学館=[4, 5]",no,"[4, 5]"
maji-de-watashi-ni-koishinasai-afterparty,真剣で私に恋しなさい!!afterparty!!,5,KADOKAWA　∥　カドカワ:2 | [発売]角川グループホールディングス　∥　カドカワ グループホールディングス:1 | [発売]角川グループパブリッシング　∥　カドカワ グループ パブリッシング:1 | [発売]角川グループホールディングス　∥　カドカワ グループ ホールディングス:1,KADOKAWA　∥　カドカワ,[発売]角川グループホールディングス　∥　カドカワ グループホールディングス=[1];[発売]角川グループパブリッシング　∥　カドカワ グループ パブリッシング=[2];[発売]角川グループホールディングス　∥　カドカワ グループ ホールディングス=[3],no,"[1, 2, 3]"
majo-senpai-nippou,魔女先輩日報,5,秋田書店　∥　アキタショテン:4 | 秋田書店:1,秋田書店　∥　アキタショテン,秋田書店=[5],no,[5]
majutsu-o-kiwamete-tabi-ni-deta-tensei-elf-mote-amashita-jumyou-de-ikeru-densetsu-to-naru,魔術を極めて旅に出た転生エルフ、持て余した寿命で生ける伝説となる,5,スターツ出版　∥　スターツシュッパン:2 | スターツ出版:2,スターツ出版　∥　スターツシュッパン,"スターツ出版=[4, 5]",no,"[4, 5]"
make-heroine-ga-oosugiru-atto-comic,負けヒロインが多すぎる!@comic,5,小学館　∥　ショウガクカン:3 | 小学館:2,小学館　∥　ショウガクカン,"小学館=[4, 5]",no,"[4, 5]"
mame-sengoku-basara,まめ戦国BASARA,5,[発売]角川グループパブリッシング　∥　カドカワグループパブリッシング:3 | [発売]KADOKAWA　∥　カドカワ:1 | KADOKAWA　∥　カドカワ:1,[発売]角川グループパブリッシング　∥　カドカワグループパブリッシング,[発売]KADOKAWA　∥　カドカワ=[4];KADOKAWA　∥　カドカワ=[5],no,"[4, 5]"
man-baito-soukuu-ryouiki,マン・バイト蒼空猟域,5,[頒布]KADOKAWA (発売)　∥　カドカワ:4 | [頒布]KADOKAWA　∥　カドカワ:1,[頒布]KADOKAWA (発売)　∥　カドカワ,[頒布]KADOKAWA　∥　カドカワ=[5],no,[5]
manadeshi-ni-uragirarete-shinda-otsu-san-yuusha-shijou-saikyou-no-maou-to-shite-ikikaeru,愛弟子に裏切られて死んだおっさん勇者、史上最強の魔王として生き返る,5,竹書房　∥　タケ ショボウ:4 | 竹書房:1,竹書房　∥　タケ ショボウ,竹書房=[5],no,[5]
maou-ga-inaka-ni-totsuidara,魔王が田舎に嫁いだら,5,KADOKAWA　∥　カドカワ:3 | KADOKAWA:2,KADOKAWA　∥　カドカワ,"KADOKAWA=[4, 5]",no,"[4, 5]"
maoujou-no-ryouriban,魔王城の料理番,5,新潮社　∥　シンチョウシャ:3 | 新潮社:2,新潮社　∥　シンチョウシャ,"新潮社=[4, 5]",no,"[4, 5]"
maouna-anoko-to-murabito-a,魔王なあの娘と村人A,5,KADOKAWA　∥　カドカワ:2 | [発売]角川グループパブリッシング　∥　カドカワ グループ パブリッシング:1 | [発売]Kadokawa　∥　Kadokawa:1 | Kadokawa　∥　Kadokawa:1,KADOKAWA　∥　カドカワ,[発売]角川グループパブリッシング　∥　カドカワ グループ パブリッシング=[1];[発売]Kadokawa　∥　Kadokawa=[2];Kadokawa　∥　Kadokawa=[3],no,"[1, 2, 3]"
maoyuu-maou-yuusha-oka-no-mukou-e,まおゆう魔王勇者 丘の向こうへ,5,秋田書店　∥　アキタ ショテン:4 | 秋田書店　∥　アキタショテン:1,秋田書店　∥　アキタ ショテン,秋田書店　∥　アキタショテン=[5],no,[5]
marii-to-ellie-no-atelier-zaaruburugu-no-renkinjutsushi-sekando-season,マリーとエリーのアトリエザールブルグの錬金術士 Second Season,5,KADOKAWA　∥　カドカワ:3 | [発売]角川グループパブリッシング　∥　カドカワ グループ パブリッシング:1 | [発売]角川グループパブリッシング　∥　カドカワグループパブリッシング:1,KADOKAWA　∥　カドカワ,[発売]角川グループパブリッシング　∥　カドカワ グループ パブリッシング=[4];[発売]角川グループパブリッシング　∥　カドカワグループパブリッシング=[5],no,"[4, 5]"
masuketto-girls,マスケットガールズ!,5,主婦と生活社:3 | 主婦と生活社　∥　シュフトセイカツシャ:2,主婦と生活社,"主婦と生活社　∥　シュフトセイカツシャ=[1, 2]",no,"[1, 2]"
mataku-no-vermut,魔託のヴァルムト,5,小学館:3 | 小学館　∥　ショウガクカン:2,小学館,"小学館　∥　ショウガクカン=[1, 2]",no,"[1, 2]"
matsuken-quest,マツケンクエスト,5,秋田書店:3 | 秋田書店　∥　アキタショテン:1,秋田書店,秋田書店　∥　アキタショテン=[1],no,[1]
mebae,メバエ,5,少年画報社　∥　ショウネンガホウシャ:4 | 少年画報社　∥　ショウネン ガホウシャ:1,少年画報社　∥　ショウネンガホウシャ,少年画報社　∥　ショウネン ガホウシャ=[1],no,[1]
megami-haiboku,女神敗北,5,KADOKAWA　∥　カドカワ:2 | KADOKAWA:2,KADOKAWA　∥　カドカワ,"KADOKAWA=[4, 5]",no,"[4, 5]"
megarosalia,メガロザリア,5,KADOKAWA　∥　カドカワ:2 | KADOKAWA:2,KADOKAWA　∥　カドカワ,"KADOKAWA=[4, 5]",no,"[4, 5]"
meikyuu-metro,迷宮メトロ,5,ホビージャパン　∥　ホビー ジャパン:4 | ホビージャパン:1,ホビージャパン　∥　ホビー ジャパン,ホビージャパン=[5],no,[5]
mietemasu-yo-aizawa-san,見えてますよ!愛沢さん,5,キルタイムコミュニケーション　∥　キルタイムコミュニケーション:3 | キルタイムコミュニケーション:2,キルタイムコミュニケーション　∥　キルタイムコミュニケーション,"キルタイムコミュニケーション=[4, 5]",no,"[4, 5]"
migawari-no-hanayome-wa-bukiyou-na-henkyou-ni-dekiai-dekiaisareru,身代わりの花嫁は、不器用な辺境伯に溺愛される,5,KADOKAWA　∥　カドカワ:3 | KADOKAWA:2,KADOKAWA　∥　カドカワ,"KADOKAWA=[4, 5]",no,"[4, 5]"
mihara-drops,みはらドロップス,5,啓文社　∥　ケイブンシャ:4 | 啓文社:1,啓文社　∥　ケイブンシャ,啓文社=[5],no,[5]
mikazuki-ga-waratteru,三日月がわらってる,5,秋田書店　∥　アキタ ショテン:3 | 秋田書店　∥　アキタショテン:2,秋田書店　∥　アキタ ショテン,"秋田書店　∥　アキタショテン=[4, 5]",no,"[4, 5]"
mitsuba-monogatari,みつばものがたり,5,KADOKAWA　∥　カドカワ:3 | KADOKAWA:2,KADOKAWA　∥　カドカワ,"KADOKAWA=[4, 5]",no,"[4, 5]"
mitsuka,蜜果,5,シュークリーム　∥　シユークリーム:2 | シュークリーム　∥　シュークリーム:1 | シュークリーム:1,シュークリーム　∥　シユークリーム,シュークリーム　∥　シュークリーム=[3];シュークリーム=[5],no,"[3, 5]"
mobile-suit-gundam-akai-san-kyosei,機動戦士ガンダム赤い三巨星,5,KADOKAWA　∥　カドカワ:2 | KADOKAWA:2,KADOKAWA　∥　カドカワ,"KADOKAWA=[4, 5]",no,"[4, 5]"
mobile-suit-gundam-hybrid-4-koma-dai-sensen,機動戦士ガンダムハイブリッド4コマ大戦線,5,[発売]角川グループパブリッシング　∥　カドカワ グループ パブリッシング:3 | [発売]角川グループパブリッシング　∥　カドカワグループパブリッシング:1 | [発売]KADOKAWA　∥　カドカワ:1,[発売]角川グループパブリッシング　∥　カドカワ グループ パブリッシング,[発売]角川グループパブリッシング　∥　カドカワグループパブリッシング=[4];[発売]KADOKAWA　∥　カドカワ=[5],no,"[4, 5]"
mobile-suit-gundam-last-horizon,機動戦士ガンダムラストホライズン,5,集英社　∥　シュウエイシャ:3 | 集英社:1,集英社　∥　シュウエイシャ,集英社=[5],no,[5]
mobile-suit-gundam-pocket-no-naka-no-sensou,機動戦士ガンダムポケットの中の戦争,5,KADOKAWA　∥　カドカワ:4 | KADOKAWA:1,KADOKAWA　∥　カドカワ,KADOKAWA=[5],no,[5]
mobile-suit-gundam-pyuurittsuaa,機動戦士ガンダムピューリッツァー,5,KADOKAWA　∥　カドカワ:3 | KADOKAWA:2,KADOKAWA　∥　カドカワ,"KADOKAWA=[4, 5]",no,"[4, 5]"
mobile-suit-gundam-thunderbolt-gaiden,機動戦士ガンダムサンダーボルト外伝,5,小学館　∥　ショウガクカン:4 | 小学館:1,小学館　∥　ショウガクカン,小学館=[5],no,[5]
modaeteyo-adam-kun,悶えてよ、アダムくん,5,[頒布]星雲社:3 | [頒布]星雲社　∥　セイウンシャ:2,[頒布]星雲社,"[頒布]星雲社　∥　セイウンシャ=[2, 3]",no,"[2, 3]"
moeyo-ken,燃えよ剣,5,新潮社　∥　シンチョウシャ:3 | 新潮社:2,新潮社　∥　シンチョウシャ,"新潮社=[4, 5]",no,"[4, 5]"
moko-to-yuganda-satsujinkidomo,モコと歪んだ殺人鬼ども,5,KADOKAWA　∥　カドカワ:3 | メディアファクトリー　∥　メディア ファクトリー:1 | Kadokawa　∥　Kadokawa:1,KADOKAWA　∥　カドカワ,メディアファクトリー　∥　メディア ファクトリー=[1];Kadokawa　∥　Kadokawa=[2],no,"[1, 2]"
momotarou-kun-wa-iu-koto-o-kikanai,桃太郎くんは言うコトをきかない,5,LINE Digital Frontier　∥　ラインデジタルフロンティア:4 | LINE　∥　ライン:1,LINE Digital Frontier　∥　ラインデジタルフロンティア,LINE　∥　ライン=[1],no,[1]
mono,Mono,5,芳文社　∥　ホウブンシャ:4 | 芳文社:1,芳文社　∥　ホウブンシャ,芳文社=[5],no,[5]
monster-stein,モンスターシュタイン,5,講談社　∥　コウダンシャ:3 | 講談社:1,講談社　∥　コウダンシャ,講談社=[5],no,[5]
moto-ansatsusha-tensei-shite-kizoku-no-reijou-ni-narimashita,元暗殺者、転生して貴族の令嬢になりました。,5,主婦と生活社:3 | 主婦と生活社　∥　シュフトセイカツシャ:2,主婦と生活社,"主婦と生活社　∥　シュフトセイカツシャ=[1, 2]",no,"[1, 2]"
moto-keikoku-no-bijo-to-flag-crusher-outaishi,元・傾国の美女とフラグクラッシャー王太子,5,KADOKAWA　∥　カドカワ:4 | KADOKAWA:1,KADOKAWA　∥　カドカワ,KADOKAWA=[5],no,[5]
moto-yuusha-wa-shizuka-ni-kurashitai,元勇者は静かに暮らしたい,5,集英社　∥　シュウエイシャ:3 | 集英社:1,集英社　∥　シュウエイシャ,集英社=[5],no,[5]
motto-oji-san-to-marshmallow,もっと!おじさんとマシュマロ,5,一迅社　∥　イチジンシャ:4 | [発売]講談社　∥　コウダンシャ:1,一迅社　∥　イチジンシャ,[発売]講談社　∥　コウダンシャ=[4],no,[4]
mou-hatarakitakunaindesu-boukensha-nanka-yameteyaru,「もう‥‥働きたくないんです」冒険者なんか辞めてやる。今更、待遇を変えるからとお願いされてもお断りです。僕はぜーったい働きません。,5,スクウェア・エニックス　∥　スクウェア ・ エニックス:4 | スクウェア・エニックス:1,スクウェア・エニックス　∥　スクウェア ・ エニックス,スクウェア・エニックス=[5],no,[5]
mou-kyoumi-ga-nai-to-rikon-sareta-reijou-no-igai-to-tanoshii-shinseikatsu,もう興味がないと離婚された令嬢の意外と楽しい新生活,5,小学館:3 | 小学館　∥　ショウガクカン:2,小学館,"小学館　∥　ショウガクカン=[1, 2]",no,"[1, 2]"
moudoku-no-kuchizuke,猛毒のくちづけ,5,[頒布]青泉社　∥　セイセンシャ:4 | 秋水社 (発行元)　∥　シュウスイシャ (ハッコウ モト):1,[頒布]青泉社　∥　セイセンシャ,秋水社 (発行元)　∥　シュウスイシャ (ハッコウ モト)=[1],no,[1]
moumoku-no-orihime-wa-koukyuu-de-koutei-to-no-koi-o-tsumugu,盲目の織姫は後宮で皇帝との恋を紡ぐ,5,KADOKAWA　∥　カドカワ:3 | KADOKAWA:2,KADOKAWA　∥　カドカワ,"KADOKAWA=[4, 5]",no,"[4, 5]"
mouretsusensei,もうれつ先生,5,[発売]パンローリング:2 | [発売]パンローリング　∥　パンローリング:1,[発売]パンローリング,[発売]パンローリング　∥　パンローリング=[3],yes,[3]
mousou-koukou-kyouin-morishita,妄想高校教員森下,5,スクウェア・エニックス　∥　スクウェア ・ エニックス:3 | スクウェア・エニックス　∥　スクウェア エニックス:2,スクウェア・エニックス　∥　スクウェア ・ エニックス,"スクウェア・エニックス　∥　スクウェア エニックス=[1, 2]",no,"[1, 2]"
munou-nintei-de-boukensha-kubi-ni-natta-kara-jimoto-ni-kaettekita-kekkon-suru,無能認定で冒険者クビになったから地元に帰って結婚する,5,新潮社　∥　シンチョウシャ:3 | 新潮社:1,新潮社　∥　シンチョウシャ,新潮社=[5],no,[5]
munou-to-yobareta-seirei-tarashi,無能と呼ばれた『精霊たらし』,5,マッグガーデン　∥　マッグ ガーデン:4 | マッグガーデン:1,マッグガーデン　∥　マッグ ガーデン,マッグガーデン=[7],no,[7]
munou-wa-fuyou-to-iware-tokei-tsukai-no-boku-wa-shokunin-guild-kara-oidasareru-mo-dungeon-no-shinbu,無能は不要と言われ『時計使い』の僕は職人ギルドから追い出されるも、ダンジョンの深部で真の力に覚醒する,5,マイクロマガジン社　∥　マイクロマガジンシャ:2 | マイクロマガジン社:2,マイクロマガジン社　∥　マイクロマガジンシャ,"マイクロマガジン社=[4, 5]",no,"[4, 5]"
musashino-rondo,ムサシノ輪舞曲,5,祥伝社　∥　ショウデンシャ:3 | 祥伝社:2,祥伝社　∥　ショウデンシャ,"祥伝社=[4, 5]",no,"[4, 5]"
musashinosen-no-shimai,武蔵野線の姉妹,5,[発売]ソフトバンククリエイティブ　∥　ソフトバンク クリエイティブ:4 | [発売]ほるぷ出版　∥　ホルプシュッパン:1,[発売]ソフトバンククリエイティブ　∥　ソフトバンク クリエイティブ,[発売]ほるぷ出版　∥　ホルプシュッパン=[5],no,[5]
mushoboke,ムショぼけ,5,秋田書店:4 | 秋田書店　∥　アキタショテン:1,秋田書店,秋田書店　∥　アキタショテン=[1],no,[1]
my-home-afro-tanaka,マイホームアフロ田中,5,小学館　∥　ショウガクカン:4 | 小学館:1,小学館　∥　ショウガクカン,小学館=[5],no,[5]
my-pure-lady-2024,マイピュアレディー,5,双葉社:4 | 双葉社　∥　フタバシャ:1,双葉社,双葉社　∥　フタバシャ=[1],no,[1]
naisho-no-lily,ないしょのリリー,5,小学館　∥　ショウガクカン:3 | 小学館:2,小学館　∥　ショウガクカン,"小学館=[4, 5]",no,"[4, 5]"
naka-made-aishite,ナカまであいして,5,海王社　∥　カイオウシャ:4 | 海王社:1,海王社　∥　カイオウシャ,海王社=[5],no,[5]
nami-no-shijima-no-horizont,波のしじまのホリゾント,5,小学館　∥　ショウガクカン:2 | 小学館:2,小学館　∥　ショウガクカン,"小学館=[4, 5]",no,"[4, 5]"
nanairo-raijutsushi-no-eiyuu-tan,ナナイロ雷術師の英雄譚,5,スターツ出版　∥　スターツシュッパン:4 | スターツ出版:1,スターツ出版　∥　スターツシュッパン,スターツ出版=[5],no,[5]
nankai-trough-kyodai-jishin,南海トラフ巨大地震,5,講談社:3 | 講談社　∥　コウダンシャ:2,講談社,"講談社　∥　コウダンシャ=[1, 2]",no,"[1, 2]"
neko-shogun-tsunayoshi,猫将軍ツナヨシ,5,大都社　∥　ダイトシャ:3 | [発売]大都社　∥　ダイトシャ:1 | 大都社:1,大都社　∥　ダイトシャ,[発売]大都社　∥　ダイトシャ=[1];大都社=[5],no,"[1, 5]"
neko-to-shinshi-no-teiiruumu,猫と紳士のティールーム,5,コアミックス　∥　コアミックス:4 | コアミックス:1,コアミックス　∥　コアミックス,コアミックス=[5],no,[5]
net-no-oshi-to-real-no-oshi-ga-tonari-ni-hikkoshitekita,ネットの『推し』とリアルの『推し』が隣に引っ越してきた,5,オーバーラップ　∥　オーバーラップ:2 | オーバーラップ:2,オーバーラップ　∥　オーバーラップ,"オーバーラップ=[4, 5]",no,"[4, 5]"
nidome-no-koi-wa-hayami-kun-to,二度目の恋は、早水くんと,5,集英社　∥　シュウエイシャ:3 | 集英社:1,集英社　∥　シュウエイシャ,集英社=[5],no,[5]
niehime-no-konin,贄姫の婚姻,5,[頒布]講談社:3 | [頒布]講談社　∥　コウダンシャ:2,[頒布]講談社,"[頒布]講談社　∥　コウダンシャ=[1, 2]",no,"[1, 2]"
nindan,妊男,5,[発売]星雲社　∥　セイウンシャ:4 | [頒布]星雲社 (発売)　∥　セイウンシャ:1,[発売]星雲社　∥　セイウンシャ,[頒布]星雲社 (発売)　∥　セイウンシャ=[5],no,[5]
ningyo-no-mitsu-wa-amaku-shitataru,人魚の蜜は甘く滴る,5,大都社　∥　ダイトシャ:4 | 大都社 (発売)　∥　ダイトシャ:1,大都社　∥　ダイトシャ,大都社 (発売)　∥　ダイトシャ=[1],no,[1]
ninja-no-kishi,忍者の騎士,5,KADOKAWA:4 | KADOKAWA　∥　カドカワ:1,KADOKAWA,KADOKAWA　∥　カドカワ=[1],no,[1]
niramekko,ニラメッコ,5,白泉社　∥　ハクセンシャ:4 | 白泉社:1,白泉社　∥　ハクセンシャ,白泉社=[5],no,[5]
nise-seijo-kuso-obu-za-iyaa,偽聖女クソオブザイヤー,5,KADOKAWA　∥　カドカワ:3 | KADOKAWA:2,KADOKAWA　∥　カドカワ,"KADOKAWA=[4, 5]",no,"[4, 5]"
nisemono-no-renkinjutsushi,ニセモノの錬金術師,5,KADOKAWA　∥　カドカワ:2 | KADOKAWA:2,KADOKAWA　∥　カドカワ,"KADOKAWA=[4, 5]",no,"[4, 5]"
nobunaga-no-imouto-ga-ore-no-yome,信長の妹が俺の嫁,5,フロンティアワークス　∥　フロンティアワークス:3 | フロンティアワークス:2,フロンティアワークス　∥　フロンティアワークス,"フロンティアワークス=[4, 5]",no,"[4, 5]"
nochi-no-fuufu-dearu,後の夫婦である,5,[頒布]星雲社:3 | [頒布]星雲社 (発売)　∥　セイウンシャ:2,[頒布]星雲社,"[頒布]星雲社 (発売)　∥　セイウンシャ=[1, 2]",no,"[1, 2]"
nokorimono-niwa-fuku-ga-aru,残り物には福がある。,5,Jパブリッシング　∥　ジェーパブリッシング:3 | Jパブリッシング:2,Jパブリッシング　∥　ジェーパブリッシング,"Jパブリッシング=[4, 5]",no,"[4, 5]"
nonbiri-mura-no-yakuba-neko,のんびり村の役場猫,5,[頒布]講談社　∥　コウダンシャ:2 | [頒布]講談社:2,[頒布]講談社　∥　コウダンシャ,"[頒布]講談社=[4, 5]",no,"[4, 5]"
noroma-mahou-to-yobareta-mahoutsukai-wa-juuryoku-mahou-de-musou-suru,ノロマ魔法と呼ばれた魔法使いは重力魔法で無双する,5,KADOKAWA:3 | KADOKAWA　∥　カドカワ:1,KADOKAWA,KADOKAWA　∥　カドカワ=[1],no,[1]
occult-mangekyou,オカルト万華鏡,5,朝日新聞出版　∥　アサヒシンブンシュッパン:4 | 朝日新聞出版　∥　アサヒ シンブン シュッパン:1,朝日新聞出版　∥　アサヒシンブンシュッパン,朝日新聞出版　∥　アサヒ シンブン シュッパン=[1],no,[1]
ochibure-zeus-to-dorei-no-ko,落ちぶれゼウスと奴隷の子,5,朝日新聞出版　∥　アサヒシンブンシュッパン:4 | 朝日新聞出版:1,朝日新聞出版　∥　アサヒシンブンシュッパン,朝日新聞出版=[5],no,[5]
odd-taxi,オッドタクシー,5,ポニーキャニオン　∥　ポニーキャニオン:3 | 小学館　∥　ショウガクカン:2,ポニーキャニオン　∥　ポニーキャニオン,"小学館　∥　ショウガクカン=[1, 5]",no,"[1, 5]"
oedo-shitamachi-komoridou,大江戸下町こもり堂,5,宙出版　∥　オオゾラ シュッパン:3 | [発売]ジャイブ　∥　ジャイブ:2,宙出版　∥　オオゾラ シュッパン,"[発売]ジャイブ　∥　ジャイブ=[4, 5]",no,"[4, 5]"
ohmygod,OHMYGOD,5,集英社　∥　シュウエイシャ:4 | 集英社:1,集英社　∥　シュウエイシャ,集英社=[5],no,[5]
oji-san-to-marshmallow,おじさんとマシュマロ,5,一迅社　∥　イチジンシャ:4 | [発売]講談社　∥　コウダンシャ:1,一迅社　∥　イチジンシャ,[発売]講談社　∥　コウダンシャ=[4],no,[4]
okaeri-hatsukoi,おかえり、初恋。,5,KADOKAWA:3 | KADOKAWA　∥　カドカワ:2,KADOKAWA,"KADOKAWA　∥　カドカワ=[1, 2]",no,"[1, 2]"
okaeri-papa,おかえり、パパ,5,秋田書店:3 | 秋田書店　∥　アキタショテン:2,秋田書店,"秋田書店　∥　アキタショテン=[1, 2]",no,"[1, 2]"
okuremashite-seishun,おくれまして青春,5,講談社:3 | 講談社　∥　コウダンシャ:2,講談社,"講談社　∥　コウダンシャ=[1, 2]",no,"[1, 2]"
omae-ga-kawari-ni-shine-to-iwareta-watashi-imouto-no-migawari-ni-reikoku-na-henkyou-no-moto-e,「お前が代わりに死ね」と言われた私。妹の身代わりに冷酷な辺境伯のもとへ嫁ぎ、幸せを手に入れる,5,双葉社:3 | 双葉社　∥　フタバシャ:2,双葉社,"双葉社　∥　フタバシャ=[1, 2]",no,"[1, 2]"
omae-imouto-janakute-iinazuke-datta-no-kayo,お前妹じゃなくて許嫁だったのかよ!?,5,KADOKAWA　∥　カドカワ:2 | KADOKAWA:2,KADOKAWA　∥　カドカワ,"KADOKAWA=[3, 5]",no,"[3, 5]"
omae-ni-dakareru-nante-kiitenai,お前に抱かれるなんて聞いてない!,5,[頒布]日販アイ・ピー・エス (発売)　∥　ニッパンアイピーエス:3 | [頒布]日販アイ・ピー・エス　∥　ニッパンアイピーエス:1 | [頒布]日販アイ・ピー・エス:1,[頒布]日販アイ・ピー・エス (発売)　∥　ニッパンアイピーエス,[頒布]日販アイ・ピー・エス　∥　ニッパンアイピーエス=[5];[頒布]日販アイ・ピー・エス=[6],no,"[5, 6]"
omae-no-subete-o-dakitsukusu,お前のすべてを抱き尽くす,5,[頒布]日販アイ・ピー・エス (発売)　∥　ニッパンアイピーエス:4 | [発売]日販アイ・ピー・エス　∥　ニッパンアイピーエス:1,[頒布]日販アイ・ピー・エス (発売)　∥　ニッパンアイピーエス,[発売]日販アイ・ピー・エス　∥　ニッパンアイピーエス=[1],no,[1]
omae-o-tsuihousareta-suru-tsuihousareta-sareta-no-wa-ore-dewa-naku-mukuchi-na-mahou-shoujo-deshita,「お前を追放する」追放されたのは俺ではなく無口な魔法少女でした,5,[頒布]講談社:4 | [頒布]講談社　∥　コウダンシャ:1,[頒布]講談社,[頒布]講談社　∥　コウダンシャ=[1],no,[1]
omoide-konpeitou,おもいで金平糖,5,集英社　∥　シュウエイシャ:4 | 集英社:1,集英社　∥　シュウエイシャ,集英社=[5],no,[5]
onee-san-ga-shinryaku-chuu,おねーさんが侵略中!?,5,少年画報社　∥　ショウネンガホウシャ:4 | 少年画報社:1,少年画報社　∥　ショウネンガホウシャ,少年画報社=[5],no,[5]
onii-san-no-hikkoshi-no-katazuke-ga-susumanai,お従兄さんの引っ越しの片づけが進まない,5,スクウェア・エニックス　∥　スクウェア ・ エニックス:4 | スクウェア・エニックス　∥　スクウェア エニックス:1,スクウェア・エニックス　∥　スクウェア ・ エニックス,スクウェア・エニックス　∥　スクウェア エニックス=[1],no,[1]
onijoushi-gokudera-san-wa-abakaretai,鬼上司・獄寺さんは暴かれたい。,5,東京漫画社　∥　トウキョウマンガシャ:4 | 東京漫画社:1,東京漫画社　∥　トウキョウマンガシャ,東京漫画社=[5],no,[5]
onna-kajishi-wa-ohitoyoshi-guild-ni-hirowaremashita,女鍛冶師はお人好しギルドに拾われました,5,KADOKAWA　∥　カドカワ:4 | KADOKAWA:1,KADOKAWA　∥　カドカワ,KADOKAWA=[7],no,[7]
ore-igai-daremo-saishu-dekinai-sozai-nanoni-sozai-saishuritsu-ga-hikui-to-pawahara-suru-osananajimi,俺以外誰も採取できない素材なのに「素材採取率が低い」とパワハラする幼馴染錬金術師と絶縁した専属魔導士、辺境の町でスローライフを送りたい。,5,KADOKAWA:3 | KADOKAWA　∥　カドカワ:2,KADOKAWA,"KADOKAWA　∥　カドカワ=[1, 2]",no,"[1, 2]"
ore-ni-sosogareru-nante-arigataku-omoeyo,俺に注がれるなんてありがたく思えよ?,5,[頒布]星雲社 (発売)　∥　セイウンシャ:3 | [発売]星雲社　∥　セイウンシャ:2,[頒布]星雲社 (発売)　∥　セイウンシャ,"[発売]星雲社　∥　セイウンシャ=[1, 2]",no,"[1, 2]"
ore-no-level-appu-ga-okashii,俺のレベルアップがおかしい!,5,フロンティアワークス　∥　フロンティアワークス:3 | フロンティアワークス:2,フロンティアワークス　∥　フロンティアワークス,"フロンティアワークス=[4, 5]",no,"[4, 5]"
ore-no-nounai-sentakushi-ga-gakuen-love-comedy-zenryoku-de-jama-shite-iru,俺の脳内選択肢が、学園ラブコメを全力で邪魔している,5,KADOKAWA　∥　カドカワ:4 | [発売]KADOKAWA　∥　カドカワ:1,KADOKAWA　∥　カドカワ,[発売]KADOKAWA　∥　カドカワ=[1],no,[1]
ore-no-saenai-osananajimi-ga-esu-rank-yuusha-ni-natteita-ken,俺の冴えない幼馴染がSランク勇者になっていた件,5,[頒布]幻冬舎　∥　ゲントウシャ:3 | [頒布]幻冬舎:2,[頒布]幻冬舎　∥　ゲントウシャ,"[頒布]幻冬舎=[4, 5]",no,"[4, 5]"
ore-wa-kimi-ni-yokujou-shimakuru-hentai-desu,俺はキミに欲情しまくる変態です…,5,viviON　∥　ヴィヴィオン:3 | viviON viviON THOTH:2,viviON　∥　ヴィヴィオン,"viviON viviON THOTH=[4, 5]",no,"[4, 5]"
ore-wa-subete-o-parii-suru,俺は全てを〈パリイ〉する,5,アース・スターエンターテイメント　∥　アーススターエンターテイメント:4 | アース・スターエンターテイメント:1,アース・スターエンターテイメント　∥　アーススターエンターテイメント,アース・スターエンターテイメント=[5],no,[5]
osananajimi-to-koi-suru-houhou,幼なじみと恋する方法,5,小学館　∥　ショウガクカン:3 | 小学館:2,小学館　∥　ショウガクカン,"小学館=[4, 5]",no,"[4, 5]"
oshi-ni-ninchi-shite-morau-tame-ni-idol-hajimemashita,推しに認知してもらうためにアイドル始めました。,5,キルタイムコミュニケーション　∥　キルタイムコミュニケーション:4 | キルタイムコミュニケーション:1,キルタイムコミュニケーション　∥　キルタイムコミュニケーション,キルタイムコミュニケーション=[5],no,[5]
otona-no-koi-wa-yabusaka-ni-tsuki,おとなの恋は、やぶさかにつき。,5,集英社　∥　シュウエイシャ:3 | 集英社:2,集英社　∥　シュウエイシャ,"集英社=[4, 5]",no,"[4, 5]"
otouto-no-kyorikan-ga-baguttemasu,弟の距離感がバグってます,5,講談社:3 | 講談社　∥　コウダンシャ:2,講談社,"講談社　∥　コウダンシャ=[1, 2]",no,"[1, 2]"
otsu-san-yuusha-wa-kajiya-slow-life-hajimemashita,おっさん勇者は鍛冶屋でスローライフはじめました,5,フレックスコミックス:4 | フレックスコミックス　∥　フレックスコミックス:1,フレックスコミックス,フレックスコミックス　∥　フレックスコミックス=[1],no,[1]
otsubone-reijou-to-shuka-no-kisetsu,お局令嬢と朱夏の季節,5,アース・スターエンターテイメント:3 | アース・スターエンターテイメント　∥　アーススターエンターテイメント:2,アース・スターエンターテイメント,"アース・スターエンターテイメント　∥　アーススターエンターテイメント=[1, 2]",no,"[1, 2]"
otto-o-mikata-ni-suru-houhou,夫を味方にする方法,5,KADOKAWA:3 | KADOKAWA　∥　カドカワ:1,KADOKAWA,KADOKAWA　∥　カドカワ=[1],no,[1]
oukoku-game,王国ゲェム,5,KADOKAWA　∥　カドカワ:4 | [発売]KADOKAWA　∥　カドカワ:1,KADOKAWA　∥　カドカワ,[発売]KADOKAWA　∥　カドカワ=[1],no,[1]
oukyuu-jokan-no-nozokimi-file,王宮女官の覗き見事件簿,5,少年画報社　∥　ショウネンガホウシャ:3 | 少年画報社:2,少年画報社　∥　ショウネンガホウシャ,"少年画報社=[4, 5]",no,"[4, 5]"
oukyuu-no-trinity,王宮のトリニティ,5,スクウェア・エニックス　∥　スクウェア ・ エニックス:4 | スクウェア・エニックス　∥　スクウェア エニックス:1,スクウェア・エニックス　∥　スクウェア ・ エニックス,スクウェア・エニックス　∥　スクウェア エニックス=[1],no,[1]
outaishihi-padoma-no-tensei-iryou,王太子妃パドマの転生医療,5,KADOKAWA　∥　カドカワ:3 | KADOKAWA:2,KADOKAWA　∥　カドカワ,"KADOKAWA=[4, 5]",no,"[4, 5]"
oyaji-to-nyankichi,オヤジとにゃん吉,5,小学館　∥　ショウガクカン:3 | 小学館:2,小学館　∥　ショウガクカン,"小学館=[4, 5]",no,"[4, 5]"
pet-shop-obu-horaazu,Petshop of Horrors パサージュ編,5,ハーパーコリンズ・ジャパン　∥　ハーパーコリンズジャパン:3 | ハーレクイン　∥　ハーレクイン:2,ハーパーコリンズ・ジャパン　∥　ハーパーコリンズジャパン,"ハーレクイン　∥　ハーレクイン=[1, 2]",no,"[1, 2]"
pizzicato-no-nemuru-mori,ピチカートの眠る森,5,白泉社　∥　ハクセンシャ:3 | 白泉社:2,白泉社　∥　ハクセンシャ,"白泉社=[4, 5]",no,"[4, 5]"
ponkotsu-maou-no-inaka-gurashi,ポンコツ魔王の田舎暮らし,5,新潮社　∥　シンチョウシャ:2 | 新潮社:2,新潮社　∥　シンチョウシャ,"新潮社=[4, 5]",no,"[4, 5]"
potion-koujou-ni-sasen-sareta-renkinjutsushi-bishoujo-ni-rachi-sare-ikoku-de-itsunomanika-eiyuu-ni,ポーション工場に左遷された錬金術師、美少女に拉致され異国でいつの間にか英雄になる,5,双葉社:3 | 双葉社　∥　フタバシャ:2,双葉社,"双葉社　∥　フタバシャ=[1, 2]",no,"[1, 2]"
qt-t,qtμt,5,LINE Digital Frontier　∥　ラインデジタルフロンティア:3 | スクウェア・エニックス　∥　スクウェア ・ エニックス:2,LINE Digital Frontier　∥　ラインデジタルフロンティア,"スクウェア・エニックス　∥　スクウェア ・ エニックス=[1, 2]",no,"[1, 2]"
quartz-no-oukoku,クオーツの王国,5,講談社　∥　コウダンシャ:3 | 講談社:2,講談社　∥　コウダンシャ,"講談社=[4, 5]",no,"[4, 5]"
raijin-to-riiman,雷神とリーマン,5,リブレ　∥　リブレ:4 | リブレ出版　∥　リブレ シュッパン:1,リブレ　∥　リブレ,リブレ出版　∥　リブレ シュッパン=[1],no,[1]
ranman-dress-codeless,爛漫ドレスコードレス,5,ハーパーコリンズ・ジャパン　∥　ハーパーコリンズジャパン:4 | ハーパーコリンズ・ジャパン:1,ハーパーコリンズ・ジャパン　∥　ハーパーコリンズジャパン,ハーパーコリンズ・ジャパン=[5],no,[5]
ranobe-bu,ラノベ部,5,ワニブックス　∥　ワニブックス:3 | ワニブックス　∥　ワニ ブックス:2,ワニブックス　∥　ワニブックス,"ワニブックス　∥　ワニ ブックス=[1, 2]",no,"[1, 2]"
rdg-red-data-girl,RDG レッド データ ガール,5,KADOKAWA　∥　カドカワ:3 | [発売]角川グループパブリッシング　∥　カドカワグループパブリッシング:1 | [発売]角川グループホールディングス　∥　カドカワグループホールディングス:1,KADOKAWA　∥　カドカワ,[発売]角川グループパブリッシング　∥　カドカワグループパブリッシング=[1];[発売]角川グループホールディングス　∥　カドカワグループホールディングス=[2],no,"[1, 2]"
reijou-erizabesu-no-karei-naru-migawari-seikatsu,令嬢エリザベスの華麗なる身代わり生活,5,KADOKAWA　∥　カドカワ:4 | KADOKAWA:1,KADOKAWA　∥　カドカワ,KADOKAWA=[5],no,[5]
remu,れむ,5,小学館:4 | 小学館　∥　ショウガクカン:1,小学館,小学館　∥　ショウガクカン=[1],no,[1]
resu,レス,5,小学館:3 | 小学館　∥　ショウガクカン:2,小学館,"小学館　∥　ショウガクカン=[1, 2]",no,"[1, 2]"
rhapsody-in-red,ラプソディ・イン・レッド,5,白泉社　∥　ハクセンシャ:3 | 白泉社:1,白泉社　∥　ハクセンシャ,白泉社=[5],no,[5]
rin-chan-wa-suezen-shitai,りんちゃんは据え膳したい,5,KADOKAWA　∥　カドカワ:4 | KADOKAWA:1,KADOKAWA　∥　カドカワ,KADOKAWA=[5],no,[5]
rinjin-o-maiseyo,隣人を妹 (まい) せよ!,5,[発売]講談社　∥　コウダンシャ:4 | 一迅社　∥　イチジンシャ:1,[発売]講談社　∥　コウダンシャ,一迅社　∥　イチジンシャ=[4],no,[4]
road-of-the-wedding,ロード・オブ・ザ・ウェディング,5,ジーオーティー　∥　ジーオーティー:3 | ジーオーティー:2,ジーオーティー　∥　ジーオーティー,"ジーオーティー=[4, 5]",no,"[4, 5]"
rock-a-rock,ロッカロック,5,小学館:4 | 小学館　∥　ショウガクカン:1,小学館,小学館　∥　ショウガクカン=[1],no,[1]
romeria-senki,ロメリア戦記,5,マッグガーデン　∥　マッグ ガーデン:3 | マッグガーデン:1,マッグガーデン　∥　マッグ ガーデン,マッグガーデン=[5],no,[5]
royal-teeraa,ロイヤルテーラー,5,[頒布]講談社　∥　コウダンシャ:4 | [頒布]講談社:1,[頒布]講談社　∥　コウダンシャ,[頒布]講談社=[5],no,[5]
rule-ihan-wa-asa-made-eichi,ルール違反は朝までH!?,5,[頒布]日販アイ・ピー・エス (発売)　∥　ニッパンアイピーエス:4 | [頒布]日販アイ・ピー・エス:1,[頒布]日販アイ・ピー・エス (発売)　∥　ニッパンアイピーエス,[頒布]日販アイ・ピー・エス=[5],no,[5]
runashii,るなしい,5,講談社　∥　コウダンシャ:4 | 講談社:1,講談社　∥　コウダンシャ,講談社=[5],no,[5]
ruri-dragon,ルリドラゴン,5,集英社:4 | 集英社　∥　シュウエイシャ:1,集英社,集英社　∥　シュウエイシャ=[1],no,[1]
ryokuin-no-kanmuri,緑陰の冠,5,[頒布]講談社　∥　コウダンシャ:2 | [頒布]講談社:2,[頒布]講談社　∥　コウダンシャ,"[頒布]講談社=[4, 5]",no,"[4, 5]"
ryouseika,両性花,5,[頒布]祥伝社　∥　ショウデンシャ:3 | [発売]祥伝社　∥　ショウデンシャ:2,[頒布]祥伝社　∥　ショウデンシャ,"[発売]祥伝社　∥　ショウデンシャ=[1, 2]",no,"[1, 2]"
ryuu-no-hanayome-okotowari,竜の花嫁お断り,5,スクウェア・エニックス　∥　スクウェア ・ エニックス:4 | スクウェア・エニックス:1,スクウェア・エニックス　∥　スクウェア ・ エニックス,スクウェア・エニックス=[5],no,[5]
ryuujin-no-saiaikon,龍神の最愛婚,5,[頒布]講談社　∥　コウダンシャ:2 | [頒布]講談社:2,[頒布]講談社　∥　コウダンシャ,"[頒布]講談社=[4, 5]",no,"[4, 5]"
sachi-roku,サチ録,5,集英社:3 | 集英社　∥　シュウエイシャ:2,集英社,"集英社　∥　シュウエイシャ=[1, 2]",no,"[1, 2]"
saikyou-gift-de-ryouchi-keiei-surooraifu,最強ギフトで領地経営スローライフ,5,[頒布]一二三書房　∥　ヒフミショボウ:2 | 一二三書房:2 | 一二三書房　∥　ヒフミショボウ:1,[頒布]一二三書房　∥　ヒフミショボウ,"一二三書房　∥　ヒフミショボウ=[3];一二三書房=[4, 5]",no,"[3, 4, 5]"
saikyou-no-maou-ni-kitaerareta-yuusha-isekai-kikansha-tachi-no-gakuen-de-musou-suru,最凶の魔王に鍛えられた勇者、異世界帰還者たちの学園で無双する,5,秋田書店　∥　アキタショテン:2 | 秋田書店:2,秋田書店　∥　アキタショテン,"秋田書店=[4, 5]",no,"[4, 5]"
saikyou-no-seisanou-wa-nani-ga-nandemo-honobono-shitai,最強の生産王は何がなんでもほのぼのしたいっっっ!,5,[頒布]星雲社　∥　セイウンシャ:2 | [頒布]星雲社:2,[頒布]星雲社　∥　セイウンシャ,"[頒布]星雲社=[4, 5]",no,"[4, 5]"
salaryman-z,サラリーマンZ,5,講談社:3 | 講談社　∥　コウダンシャ:2,講談社,"講談社　∥　コウダンシャ=[1, 2]",no,"[1, 2]"
sasaki-to-pii-chan,佐々木とピーちゃん,5,KADOKAWA　∥　カドカワ:4 | KADOKAWA:1,KADOKAWA　∥　カドカワ,KADOKAWA=[5],no,[5]
satsu-chan-to-ken-chan-wa-kyou-mo-itteru,さっちゃんとけんちゃんは今日もイってる,5,集英社　∥　シュウエイシャ:3 | 集英社:2,集英社　∥　シュウエイシャ,"集英社=[4, 5]",no,"[4, 5]"
satsudou,サツドウ,5,講談社　∥　コウダンシャ:3 | 講談社:2,講談社　∥　コウダンシャ,"講談社=[4, 5]",no,"[4, 5]"
scavengers-another-sky,スカベンジャーズアナザースカイ,5,秋田書店:3 | 秋田書店　∥　アキタショテン:2,秋田書店,"秋田書店　∥　アキタショテン=[1, 2]",no,"[1, 2]"
school-ningyo,スクール人魚,5,秋田書店　∥　アキタショテン:4 | 秋田書店　∥　アキタ ショテン:1,秋田書店　∥　アキタショテン,秋田書店　∥　アキタ ショテン=[1],no,[1]
seekers,シーカーズ,5,秋田書店:3 | 秋田書店　∥　アキタショテン:1,秋田書店,秋田書店　∥　アキタショテン=[1],no,[1]
seihantai-na-watashitachi,正反対なわたしたち,5,[頒布]講談社:3 | [頒布]講談社 (発売)　∥　コウダンシャ:1 | [頒布]講談社　∥　コウダンシャ:1,[頒布]講談社,[頒布]講談社 (発売)　∥　コウダンシャ=[1];[頒布]講談社　∥　コウダンシャ=[2],no,"[1, 2]"
seijo-ga-amayakashite-kureru-yasashii-danna-sama-o-boshuu-shitara-kokuou-heika-ga-rikkouho-shitekita,聖女が「甘やかしてくれる優しい旦那様」を募集したら国王陛下が立候補してきた,5,スクウェア・エニックス:4 | スクウェア・エニックス　∥　スクウェア ・ エニックス:1,スクウェア・エニックス,スクウェア・エニックス　∥　スクウェア ・ エニックス=[1],no,[1]
seijo-sama-ni-minikui-kami-sama-tono-kekkon-o-oshitsukeraremashita,聖女様に醜い神様との結婚を押し付けられました,5,KADOKAWA:4 | KADOKAWA　∥　カドカワ:1,KADOKAWA,KADOKAWA　∥　カドカワ=[1],no,[1]
seijo-wa-tokkuni-shoukan-sarete-iru-nippon-ni,聖女はとっくに召喚されている。日本に。,5,秋田書店　∥　アキタショテン:2 | 秋田書店:2,秋田書店　∥　アキタショテン,"秋田書店=[4, 5]",no,"[4, 5]"
seikatsu-hogo-tokku-o-deyo,生活保護特区を出よ。,5,リイド社　∥　リイドシャ:3 | リイド社:1,リイド社　∥　リイドシャ,リイド社=[5],no,[5]
seimori-seijo,聖森聖女,5,[頒布]講談社:3 | [頒布]講談社 (発売)　∥　コウダンシャ:1 | [頒布]講談社　∥　コウダンシャ:1,[頒布]講談社,[頒布]講談社 (発売)　∥　コウダンシャ=[1];[頒布]講談社　∥　コウダンシャ=[2],no,"[1, 2]"
seiryaku-kekkon-no-hazu-ga-dekiai-danna-sama-ga-goshuushin-sugite-rikon-o-yurushite-kuremasen,政略結婚のはずが、溺愛旦那様がご執心すぎて離婚を許してくれません,5,ハーパーコリンズ・ジャパン　∥　ハーパーコリンズジャパン:3 | ハーパーコリンズ・ジャパン:2,ハーパーコリンズ・ジャパン　∥　ハーパーコリンズジャパン,"ハーパーコリンズ・ジャパン=[4, 5]",no,"[4, 5]"
sekigan-sekiwan-sekikyaku-no-majutsushi,隻眼・隻腕・隻脚の魔術師@COMIC,5,TOブックス　∥　ティーオーブックス:3 | TOブックス:2,TOブックス　∥　ティーオーブックス,"TOブックス=[4, 5]",no,"[4, 5]"
sekine-kun-no-koi,関根くんの恋,5,太田出版　∥　オオタ シュッパン:3 | 太田出版　∥　オオタシュッパン:2,太田出版　∥　オオタ シュッパン,"太田出版　∥　オオタシュッパン=[4, 5]",no,"[4, 5]"
sekkahiden,雪花妃伝,5,KADOKAWA　∥　カドカワ:4 | KADOKAWA:1,KADOKAWA　∥　カドカワ,KADOKAWA=[5],no,[5]
sengoku-rance,戦国ランス,5,[発売]角川グループパブリッシング　∥　カドカワ グループ パブリッシング:4 | KADOKAWA　∥　カドカワ:1,[発売]角川グループパブリッシング　∥　カドカワ グループ パブリッシング,KADOKAWA　∥　カドカワ=[5],no,[5]
sengoku-saga-fuuma-fuujin-den,戦国SAGA風魔風神伝,5,[発売]小学館クリエイティブ　∥　ショウガクカンクリエイティブ:4 | [発売]小学館クリエイティブ　∥　ショウガクカン クリエイティブ:1,[発売]小学館クリエイティブ　∥　ショウガクカンクリエイティブ,[発売]小学館クリエイティブ　∥　ショウガクカン クリエイティブ=[1],no,[1]
sengokuhime,戦極姫,5,[発売]ソフトバンククリエイティブ　∥　ソフトバンク クリエイティブ:2 | [発売]ほるぷ出版　∥　ホルプシュッパン:2 | [発売]ほるぷ出版　∥　ホルプ シュッパン:1,[発売]ソフトバンククリエイティブ　∥　ソフトバンク クリエイティブ,"[発売]ほるぷ出版　∥　ホルプ シュッパン=[3];[発売]ほるぷ出版　∥　ホルプシュッパン=[4, 5]",no,"[3, 4, 5]"
senjou-no-seijo,戦場の聖女,5,講談社:3 | 講談社　∥　コウダンシャ:2,講談社,"講談社　∥　コウダンシャ=[1, 2]",no,"[1, 2]"
sennen-darling,千年ダーリン,5,リイド社　∥　リイドシャ:4 | リイド社:1,リイド社　∥　リイドシャ,リイド社=[5],no,[5]
shibou-yuugi-de-meshi-o-kuu,死亡遊戯で飯を食う。,5,KADOKAWA:3 | KADOKAWA　∥　カドカワ:2,KADOKAWA,"KADOKAWA　∥　カドカワ=[1, 2]",no,"[1, 2]"
shin-elf-san-wa-yaserarenai,新・エルフさんは痩せられない。,5,秋田書店　∥　アキタショテン:3 | 秋田書店:1,秋田書店　∥　アキタショテン,秋田書店=[5],no,[5]
shin-jigokudou-reikai-tsuushin,新・地獄堂霊界通信,5,講談社　∥　コウダンシャ:3 | 講談社:1,講談社　∥　コウダンシャ,講談社=[5],no,[5]
shinimodori-reijou-no-karisome-kekkon,死に戻り令嬢の仮初め結婚,5,少年画報社　∥　ショウネンガホウシャ:2 | 少年画報社:2,少年画報社　∥　ショウネンガホウシャ,"少年画報社=[4, 5]",no,"[4, 5]"
shinimodori-reijou-no-ruchetta,死に戻り令嬢のルチェッタ,5,白泉社　∥　ハクセンシャ:3 | 白泉社:2,白泉社　∥　ハクセンシャ,"白泉社=[4, 5]",no,"[4, 5]"
shinjuu-kishi-sama-no-senzoku-maid,神獣騎士様の専属メイド,5,講談社:3 | 講談社　∥　コウダンシャ:1,講談社,講談社　∥　コウダンシャ=[1],no,[1]
shinkyuu-chie-no-nekobitashi,新久千映のねこびたし,5,[発売]集英社　∥　シュウエイシャ:4 | [頒布]集英社 (発売)　∥　シュウエイシャ:1,[発売]集英社　∥　シュウエイシャ,[頒布]集英社 (発売)　∥　シュウエイシャ=[5],no,[5]
shinobiyoru-koi-wa-kusemono,忍びよる恋はくせもの,5,[発売]角川グループパブリッシング　∥　カドカワ グループ パブリッシング:3 | [発売]角川グループパブリッシング　∥　カドカワグループパブリッシング:1 | KADOKAWA　∥　カドカワ:1,[発売]角川グループパブリッシング　∥　カドカワ グループ パブリッシング,[発売]角川グループパブリッシング　∥　カドカワグループパブリッシング=[4];KADOKAWA　∥　カドカワ=[5],no,"[4, 5]"
shinobu-koi-hodo,忍ぶ恋ほど,5,ブライト出版　∥　ブライトシュッパン:4 | ブライト出版:1,ブライト出版　∥　ブライトシュッパン,ブライト出版=[5],no,[5]
shinsetsu-game-creator-den,真説ゲームクリエイター伝,5,小学館　∥　ショウガクカン:2 | 小学館:2,小学館　∥　ショウガクカン,"小学館=[4, 5]",no,"[4, 5]"
shinyatai,深夜隊,5,KADOKAWA　∥　カドカワ:3 | [発売]角川グループパブリッシング　∥　カドカワ グループ パブリッシング:1 | [発売]角川グループパブリッシング　∥　カドカワグループパブリッシング:1,KADOKAWA　∥　カドカワ,[発売]角川グループパブリッシング　∥　カドカワ グループ パブリッシング=[1];[発売]角川グループパブリッシング　∥　カドカワグループパブリッシング=[2],no,"[1, 2]"
shinyuu-no-musume-ni-semarare-komatteimasu,親友の娘に迫られ困っています,5,芳文社　∥　ホウブンシャ:4 | 芳文社:1,芳文社　∥　ホウブンシャ,芳文社=[5],no,[5]
shiretsu-to-sugee-koto-itteru-gal,しれっとすげぇこと言ってるギャル。,5,集英社:3 | 集英社　∥　シュウエイシャ:1,集英社,集英社　∥　シュウエイシャ=[1],no,[1]
shishunki-no-aianmeiden,思春期のアイアンメイデン,5,スクウェア・エニックス　∥　スクウェア エニックス:4 | スクウェア・エニックス　∥　スクウェア ・ エニックス:1,スクウェア・エニックス　∥　スクウェア エニックス,スクウェア・エニックス　∥　スクウェア ・ エニックス=[3],no,[3]
shitsuren-etchi-no-aite-wa-joushi,失恋エッチの相手は…上司!?,5,[頒布]日販アイ・ピー・エス (発売)　∥　ニッパンアイピーエス:3 | [発売]日販アイ・ピー・エス　∥　ニッパンアイピーエス:1 | [頒布]日販アイ・ピー・エス　∥　ニッパンアイピーエス:1,[頒布]日販アイ・ピー・エス (発売)　∥　ニッパンアイピーエス,[発売]日販アイ・ピー・エス　∥　ニッパンアイピーエス=[1];[頒布]日販アイ・ピー・エス　∥　ニッパンアイピーエス=[5],no,"[1, 5]"
shokuba-to-jitaku-de-gap-no-aru-papa,職場と自宅でギャップのあるパパ,5,KADOKAWA　∥　カドカワ:4 | KADOKAWA:1,KADOKAWA　∥　カドカワ,KADOKAWA=[6],no,[6]
shokuryou-seisei-skill-o-te-ni-ireta-node-isekai-de-shoukai-o-tachiageyou-to-omoimasu,食料生成スキルを手に入れたので、異世界で商会を立ち上げようと思います,5,[頒布]講談社　∥　コウダンシャ:3 | [頒布]講談社:2,[頒布]講談社　∥　コウダンシャ,"[頒布]講談社=[4, 5]",no,"[4, 5]"
shounen-joou,少年王女,5,KADOKAWA　∥　カドカワ:2 | [発売]角川グループパブリッシング　∥　カドカワ グループ パブリッシング:1 | [発売]角川グループパブリッシング　∥　カドカワグループパブリッシング:1 | [発売]KADOKAWA　∥　カドカワ:1,KADOKAWA　∥　カドカワ,[発売]角川グループパブリッシング　∥　カドカワ グループ パブリッシング=[1];[発売]角川グループパブリッシング　∥　カドカワグループパブリッシング=[2];[発売]KADOKAWA　∥　カドカワ=[3],no,"[1, 2, 3]"
slime-taikou-to-botsuraku-reijou-no-angai-shiawase-na-konyaku,スライム大公と没落令嬢のあんがい幸せな婚約,5,ホビージャパン　∥　ホビー ジャパン:2 | ホビージャパン:2,ホビージャパン　∥　ホビー ジャパン,"ホビージャパン=[4, 5]",no,"[4, 5]"
sono-otoko-numa-ni-tsuki,その男、沼につき。,5,小学館:3 | 小学館　∥　ショウガクカン:1,小学館,小学館　∥　ショウガクカン=[1],no,[1]
sora-ga-haiiro-dakara,空が灰色だから,5,秋田書店　∥　アキタ ショテン:4 | 秋田書店:1,秋田書店　∥　アキタ ショテン,秋田書店=[4],no,[4]
sora-kara-mai-nanii,空から!マイ★NANNY,5,[発売]角川グループパブリッシング　∥　カドカワ グループ パブリッシング:3 | [発売]角川グループパブリッシング　∥　カドカワグループパブリッシング:2,[発売]角川グループパブリッシング　∥　カドカワ グループ パブリッシング,"[発売]角川グループパブリッシング　∥　カドカワグループパブリッシング=[4, 5]",yes,"[4, 5]"
sora-ni-mairu,宙(そら)に参る,5,リイド社　∥　リイドシャ:4 | リイド社:1,リイド社　∥　リイドシャ,リイド社=[5],no,[5]
sore-ga-seiyuu,それが声優!,5,[発売]一迅社　∥　イチジンシャ:4 | [発売]講談社　∥　コウダンシャ:1,[発売]一迅社　∥　イチジンシャ,[発売]講談社　∥　コウダンシャ=[5],no,[5]
soredemo-pen-wa-tomaranai,それでもペンは止まらない,5,[頒布]小学館クリエイティブ (発売)　∥　ショウガクカンクリエイティブ:4 | [発売]小学館クリエイティブ　∥　ショウガクカンクリエイティブ:1,[頒布]小学館クリエイティブ (発売)　∥　ショウガクカンクリエイティブ,[発売]小学館クリエイティブ　∥　ショウガクカンクリエイティブ=[1],no,[1]
souda-oji-san-to-marshmallow,そうだ!おじさんとマシュマロ,5,一迅社　∥　イチジンシャ:4 | [発売]講談社　∥　コウダンシャ:1,一迅社　∥　イチジンシャ,[発売]講談社　∥　コウダンシャ=[4],no,[4]
soul-eater-not,ソウルイーターノット!,5,スクウェア・エニックス　∥　スクウェア エニックス:4 | スクウェア・エニックス　∥　スクウェア ・ エニックス:1,スクウェア・エニックス　∥　スクウェア エニックス,スクウェア・エニックス　∥　スクウェア ・ エニックス=[5],no,[5]
souzou-mahou-o-oboete-bannou-de-saikyou-ni-narimashita,〈創造魔法〉を覚えて、万能で最強になりました。,5,[頒布]星雲社 (発売)　∥　セイウンシャ:2 | [頒布]星雲社　∥　セイウンシャ:1 | [頒布]星雲社:1,[頒布]星雲社 (発売)　∥　セイウンシャ,[頒布]星雲社　∥　セイウンシャ=[3];[頒布]星雲社=[5],no,"[3, 5]"
stage-s,ステージS,5,集英社　∥　シュウエイシャ:4 | 集英社:1,集英社　∥　シュウエイシャ,集英社=[5],no,[5]
succubus-tamer-no-isekai-musou,サキュバステイマーの異世界無双,5,双葉社　∥　フタバシャ:3 | 双葉社:2,双葉社　∥　フタバシャ,"双葉社=[4, 5]",no,"[4, 5]"
sui-youbi,スイようび,5,KADOKAWA　∥　カドカワ:4 | Kadokawa　∥　Kadokawa:1,KADOKAWA　∥　カドカワ,Kadokawa　∥　Kadokawa=[1],no,[1]
suibu-yametai-hagino-san,吹部やめたい萩野さん,5,秋田書店　∥　アキタショテン:3 | 秋田書店:1,秋田書店　∥　アキタショテン,秋田書店=[5],no,[5]
suishou-no-shounen,水晶の少年,5,小学館　∥　ショウガクカン:3 | 小学館:2,小学館　∥　ショウガクカン,"小学館=[4, 5]",no,"[4, 5]"
suiyou-kyoudai,水曜姉弟,5,講談社　∥　コウダンシャ:4 | 講談社:1,講談社　∥　コウダンシャ,講談社=[5],no,[5]
surround,サラウンド,5,リイド社　∥　リイドシャ:3 | リイド社:1,リイド社　∥　リイドシャ,リイド社=[5],no,[5]
tabemono-sensen-ijou-nashi,タベモノ戦線異状ナシ,5,フロンティアワークス　∥　フロンティアワークス:3 | フロンティアワークス　∥　フロンティア ワークス:2,フロンティアワークス　∥　フロンティアワークス,"フロンティアワークス　∥　フロンティア ワークス=[1, 4]",no,"[1, 4]"
tada-no-love-nanka-dekikkonai,ただの恋愛なんかできっこない,5,ブライト出版　∥　ブライトシュッパン:3 | ブライト出版:2,ブライト出版　∥　ブライトシュッパン,"ブライト出版=[4, 5]",no,"[4, 5]"
tada-no-mefure-desu,ただの飯フレです,5,[頒布]幻冬舎　∥　ゲントウシャ:3 | [頒布]幻冬舎:1,[頒布]幻冬舎　∥　ゲントウシャ,[頒布]幻冬舎=[5],no,[5]
tada-no-tomodachi-ja-nakunaru-shunkan,ただの友達じゃなくなる瞬間,5,KADOKAWA　∥　カドカワ:3 | KADOKAWA:2,KADOKAWA　∥　カドカワ,"KADOKAWA=[5, 6]",no,"[5, 6]"
tai-sekai-you-mahou-shoujo-tubame,対世界用魔法少女つばめ,5,集英社　∥　シュウエイシャ:2 | 集英社:2,集英社　∥　シュウエイシャ,"集英社=[3, 5]",no,"[3, 5]"
taisetsu-ni-sodateta-anoko-wa-kemono,大切に育てたあの子は獣!?,5,[頒布]講談社:3 | [頒布]講談社　∥　コウダンシャ:2,[頒布]講談社,"[頒布]講談社　∥　コウダンシャ=[1, 2]",no,"[1, 2]"
taitei-no-ken,大帝の剣,5,エンターブレイン:3 | [発売]角川グループパブリッシング　∥　カドカワ グループ パブリッシング:2,エンターブレイン,"[発売]角川グループパブリッシング　∥　カドカワ グループ パブリッシング=[4, 5]",no,"[4, 5]"
takamori-kun-o-damarasetai,高森くんを黙らせたいっ!!,5,スクウェア・エニックス:3 | スクウェア・エニックス　∥　スクウェア ・ エニックス:2,スクウェア・エニックス,"スクウェア・エニックス　∥　スクウェア ・ エニックス=[1, 2]",no,"[1, 2]"
takane-no-hanao-kun,高嶺の花男くん,5,[頒布]日販アイ・ピー・エス (発売)　∥　ニッパンアイピーエス:4 | [頒布]日販アイ・ピー・エス　∥　ニッパンアイピーエス:1,[頒布]日販アイ・ピー・エス (発売)　∥　ニッパンアイピーエス,[頒布]日販アイ・ピー・エス　∥　ニッパンアイピーエス=[5],no,[5]
tales-of-tv,テイルズオブTV,5,KADOKAWA　∥　カドカワ:4 | [発売]角川グループパブリッシング　∥　カドカワグループパブリッシング:1,KADOKAWA　∥　カドカワ,[発売]角川グループパブリッシング　∥　カドカワグループパブリッシング=[1],no,[1]
tales-of-xillia-side-mira,テイルズオブエクシリアSIDE;MILLA,5,メディアファクトリー　∥　メディア ファクトリー:3 | KADOKAWA　∥　カドカワ:2,メディアファクトリー　∥　メディア ファクトリー,"KADOKAWA　∥　カドカワ=[4, 5]",no,"[4, 5]"
tamago-to-niwatori,卵と鶏,5,芳文社:3 | 芳文社　∥　ホウブンシャ:2,芳文社,"芳文社　∥　ホウブンシャ=[1, 2]",no,"[1, 2]"
tamahime-uruteima,魂☆姫ULTIMA,5,[発売]角川グループパブリッシング　∥　カドカワグループパブリッシング:4 | [発売]角川グループホールディングス　∥　カドカワグループホールディングス:1,[発売]角川グループパブリッシング　∥　カドカワグループパブリッシング,[発売]角川グループホールディングス　∥　カドカワグループホールディングス=[5],no,[5]
tamer-shimai-no-mofumofu-haishin,テイマー姉妹のもふもふ配信,5,オーバーラップ　∥　オーバーラップ:4 | オーバーラップ:1,オーバーラップ　∥　オーバーラップ,オーバーラップ=[5],no,[5]
tasogare-no-ethos,黄昏のエトス,5,秋田書店　∥　アキタショテン:4 | 秋田書店:1,秋田書店　∥　アキタショテン,秋田書店=[5],no,[5]
teisou-gyakuten-sekai,貞操逆転世界,5,キルタイムコミュニケーション　∥　キルタイムコミュニケーション:4 | キルタイムコミュニケーション:1,キルタイムコミュニケーション　∥　キルタイムコミュニケーション,キルタイムコミュニケーション=[5],no,[5]
tengoku-de-akuma-ga-boku-o-miwaku-suru,天獄で悪魔がボクを魅惑する,5,KADOKAWA　∥　カドカワ:3 | KADOKAWA:2,KADOKAWA　∥　カドカワ,"KADOKAWA=[4, 5]",no,"[4, 5]"
tenmaku-no-jaadugar,天幕のジャードゥーガル,5,秋田書店　∥　アキタショテン:3 | 秋田書店:2,秋田書店　∥　アキタショテン,"秋田書店=[4, 5]",no,"[4, 5]"
tennen-ouji-no-housekibako,天然王子の宝石箱,5,秋田書店　∥　アキタショテン:3 | 秋田書店　∥　アキタ ショテン:2,秋田書店　∥　アキタショテン,"秋田書店　∥　アキタ ショテン=[1, 2]",no,"[1, 2]"
tensai-majo-no-maryoku-gare,天才魔女の魔力枯れ,5,小学館　∥　ショウガクカン:3 | 小学館:2,小学館　∥　ショウガクカン,"小学館=[4, 5]",no,"[4, 5]"
tensei-muhai-no-isekai-kenja,転生無敗の異世界賢者,5,秋田書店:3 | 秋田書店　∥　アキタショテン:2,秋田書店,"秋田書店　∥　アキタショテン=[1, 2]",no,"[1, 2]"
tensei-shita-dai-seijo-wa-seijo-de-aru-koto-o-hitakakusu-zero,転生した大聖女は、聖女であることをひた隠すZERO,5,アース・スターエンターテイメント:4 | アース・スターエンターテイメント　∥　アーススターエンターテイメント:1,アース・スターエンターテイメント,アース・スターエンターテイメント　∥　アーススターエンターテイメント=[1],no,[1]
tensei-shita-onna-mafia-wa-isekai-de-heibon-ni-kurashitai,転生した女マフィアは異世界で平凡に暮らしたい,5,一二三書房:4 | 一二三書房　∥　ヒフミショボウ:1,一二三書房,一二三書房　∥　ヒフミショボウ=[1],no,[1]
tensei-youjo-shinjuu-to-ouji-to-saikyou-no-oji-san-youheidan-no-naka-de-ikiru,転生幼女。神獣と王子と、最強のおじさん傭兵団の中で生きる。,5,[頒布]星雲社 (発売)　∥　セイウンシャ:2 | [頒布]星雲社:2 | [頒布]星雲社　∥　セイウンシャ:1,[頒布]星雲社 (発売)　∥　セイウンシャ,"[頒布]星雲社　∥　セイウンシャ=[3];[頒布]星雲社=[4, 5]",no,"[3, 4, 5]"
tensei-youjo-wa-owabi-cheat-de-isekai-going-my-way,転生幼女はお詫びチートで異世界ごーいんぐまいうぇい,5,[頒布]星雲社　∥　セイウンシャ:2 | [頒布]星雲社:2 | [頒布]星雲社 (発売)　∥　セイウンシャ:1,[頒布]星雲社　∥　セイウンシャ,"[頒布]星雲社 (発売)　∥　セイウンシャ=[1];[頒布]星雲社=[4, 5]",no,"[1, 4, 5]"
tenshi-kinryouku-tokyo-chronos,天使禁猟区-東京クロノス-,5,白泉社　∥　ハクセンシャ:3 | 白泉社:2,白泉社　∥　ハクセンシャ,"白泉社=[4, 5]",no,"[4, 5]"
tenshi-no-keisei,天使の警醒,5,講談社　∥　コウダンシャ:3 | 講談社:1,講談社　∥　コウダンシャ,講談社=[5],no,[5]
the-boxer,ザ・ボクサー,5,集英社:3 | 集英社　∥　シュウエイシャ:1,集英社,集英社　∥　シュウエイシャ=[1],no,[1]
tiger-bunny-2,TIGER & BUNNY 2,5,KADOKAWA　∥　カドカワ:4 | KADOKAWA:1,KADOKAWA　∥　カドカワ,KADOKAWA=[5],no,[5]
to-heart-2-2005,To heart 2,5,スクウェア・エニックス　∥　スクウェア エニックス:2 | [発売]角川グループパブリッシング　∥　カドカワ グループ パブリッシング:1,スクウェア・エニックス　∥　スクウェア エニックス,[発売]角川グループパブリッシング　∥　カドカワ グループ パブリッシング=[3],yes,[3]
toaru-kagaku-no-mental-out,とある科学の心理掌握(メンタルアウト),5,KADOKAWA　∥　カドカワ:2 | KADOKAWA:2,KADOKAWA　∥　カドカワ,"KADOKAWA=[4, 5]",no,"[4, 5]"
toaru-nichijou-no-index-san,とある日常のいんでっくすさん,5,スクウェア・エニックス　∥　スクウェア ・ エニックス:3 | スクウェア・エニックス　∥　スクウェア エニックス:2,スクウェア・エニックス　∥　スクウェア ・ エニックス,"スクウェア・エニックス　∥　スクウェア エニックス=[1, 2]",no,"[1, 2]"
tokimeki-tonight-sorekara,ときめきトゥナイトそれから,5,集英社　∥　シュウエイシャ:3 | 集英社:2,集英社　∥　シュウエイシャ,"集英社=[4, 5]",no,"[4, 5]"
tokubetsu-ja-nai-hi,特別じゃない日,5,実業之日本社　∥　ジツギョウノニホンシャ:3 | 実業之日本社:2,実業之日本社　∥　ジツギョウノニホンシャ,"実業之日本社=[5, 6]",no,"[5, 6]"
tokyo-nyuusei-kanrikyoku,東京入星管理局,5,ジーオーティー　∥　ジーオーティー:4 | ジーオーティー:1,ジーオーティー　∥　ジーオーティー,ジーオーティー=[5],no,[5]
tonari-no-furi-san-ga-tonikaku-kowai,となりの布里さんがとにかくコワい。,5,[頒布]講談社　∥　コウダンシャ:3 | [発売]講談社　∥　コウダンシャ:2,[頒布]講談社　∥　コウダンシャ,"[発売]講談社　∥　コウダンシャ=[1, 2]",no,"[1, 2]"
tono-chan-no-shimashima-eburidi,TONOちゃんのしましまえぶりでぃ,5,朝日新聞出版　∥　アサヒシンブンシュッパン:3 | [発売]朝日新聞出版　∥　アサヒ シンブン シュッパン:1,朝日新聞出版　∥　アサヒシンブンシュッパン,[発売]朝日新聞出版　∥　アサヒ シンブン シュッパン=[2],yes,[2]
toppu-o-nerae,トップをねらえ!,5,[発売]角川グループパブリッシング　∥　カドカワ グループ パブリッシング:2 | [発売]角川グループパブリッシング　∥　カドカワグループパブリッシング:2 | [発売]KADOKAWA　∥　カドカワ:1,[発売]角川グループパブリッシング　∥　カドカワ グループ パブリッシング,"[発売]角川グループパブリッシング　∥　カドカワグループパブリッシング=[3, 4];[発売]KADOKAWA　∥　カドカワ=[5]",no,"[3, 4, 5]"
tora-wa-ryuu-o-mada-tabenai,虎は龍をまだ喰べない。,5,KADOKAWA　∥　カドカワ:4 | KADOKAWA:1,KADOKAWA　∥　カドカワ,KADOKAWA=[5],no,[5]
touhou-chirei-kiden,東方智霊奇伝,5,KADOKAWA　∥　カドカワ:4 | KADOKAWA:1,KADOKAWA　∥　カドカワ,KADOKAWA=[6],no,[6]
transformers-classics,トランスフォーマークラシックス,5,竹書房:4 | 竹書房　∥　タケショボウ:1,竹書房,竹書房　∥　タケショボウ=[7],no,[7]
trigger,トリガー,5,実業之日本社　∥　ジツギョウ ノ ニホンシャ:3 | 実業之日本社　∥　ジツギョウノニホンシャ:2,実業之日本社　∥　ジツギョウ ノ ニホンシャ,"実業之日本社　∥　ジツギョウノニホンシャ=[3, 4]",no,"[3, 4]"
tsuihousareta-dekiaisareru-tabi-2-skill-o-te-ni-ireta-ore-ga-100-no-isekai-de-nishuume-musou,追放されるたびにスキルを手に入れた俺が、100の異世界で2周目無双,5,秋田書店　∥　アキタショテン:2 | 秋田書店:2,秋田書店　∥　アキタショテン,"秋田書店=[4, 5]",no,"[4, 5]"
tsuihousareta-sareta-bannou-mahou-kenshi-wa-koujo-denka-no-shishou-to-naru-comic,追放された万能魔法剣士は、皇女殿下の師匠となる@COMIC,5,TOブックス　∥　ティーオーブックス:3 | TOブックス:2,TOブックス　∥　ティーオーブックス,"TOブックス=[4, 5]",no,"[4, 5]"
tsuihousareta-sareta-fuyo-mahoutsukai-no-nariagari,追放された付与魔法使いの成り上がり,5,[頒布]一二三書房　∥　ヒフミショボウ:2 | 一二三書房:2,[頒布]一二三書房　∥　ヒフミショボウ,"一二三書房=[4, 5]",no,"[4, 5]"
tsuihousareta-sareta-kajishi-wa-cheat-skill-de-densetsu-o-tsukurimakuru,追放された鍛冶師はチートスキルで伝説を作りまくる,5,双葉社:3 | 双葉社　∥　フタバシャ:1,双葉社,双葉社　∥　フタバシャ=[1],no,[1]
tsuihousareta-sareta-tensei-koushaku-wa-henkyou-de-nonbiri-to-hatake-o-tagayashitakatta,追放された転生公爵は、辺境でのんびりと畑を耕したかった,5,KADOKAWA　∥　カドカワ:3 | KADOKAWA:2,KADOKAWA　∥　カドカワ,"KADOKAWA=[4, 5]",no,"[4, 5]"
tsuihousareta-seijo-no-doronko-nouen-seikatsu,追放聖女のどろんこ農園生活,5,双葉社:3 | 双葉社　∥　フタバシャ:2,双葉社,"双葉社　∥　フタバシャ=[1, 2]",no,"[1, 2]"
tsuruko-no-ongaeshi,鶴子の恩返し,5,集英社　∥　シュウエイシャ:3 | 集英社:2,集英社　∥　シュウエイシャ,"集英社=[4, 5]",no,"[4, 5]"
tsuyogari-omega-wa-bokura-no-tsugai,つよがりオメガは僕らの番,5,リブレ　∥　リブレ:4 | リブレ:1,リブレ　∥　リブレ,リブレ=[5],no,[5]
uchi-no-kuro-madoushi-ga-kawaisugiru,うちの黒魔導士がかわいすぎる!,5,白泉社　∥　ハクセンシャ:3 | 白泉社:2,白泉社　∥　ハクセンシャ,"白泉社=[4, 5]",no,"[4, 5]"
ukare-bakemono-no-hogarakana-ha-tan,浮かれバケモノの朗らかな破綻,5,スクウェア・エニックス　∥　スクウェア ・ エニックス:3 | スクウェア・エニックス　∥　スクウェア エニックス:2,スクウェア・エニックス　∥　スクウェア ・ エニックス,"スクウェア・エニックス　∥　スクウェア エニックス=[1, 2]",no,"[1, 2]"
umahime-sama-to-shikaouji,馬姫様と鹿王子,5,少年画報社　∥　ショウネンガホウシャ:4 | 少年画報社:1,少年画報社　∥　ショウネンガホウシャ,少年画報社=[5],no,[5]
untitled-blue,アンタイトル・ブルー,5,講談社　∥　コウダンシャ:4 | 講談社:1,講談社　∥　コウダンシャ,講談社=[5],no,[5]
uranaishi-niwa-hana-kishi-no-koigokoro-ga-miete-imasu,占い師には花騎士の恋心が見えています,5,キルタイムコミュニケーション　∥　キルタイムコミュニケーション:4 | キルタイムコミュニケーション:1,キルタイムコミュニケーション　∥　キルタイムコミュニケーション,キルタイムコミュニケーション=[5],no,[5]
urin-ranse-o-kakeru,羽林、乱世を翔る,5,TOブックス　∥　ティーオーブックス:3 | TOブックス:1,TOブックス　∥　ティーオーブックス,TOブックス=[5],no,[5]
usagiotoko-toraotoko,兎オトコ虎オトコ,5,白泉社　∥　ハクセンシャ:3 | 心交社　∥　シンコウシャ:2,白泉社　∥　ハクセンシャ,"心交社　∥　シンコウシャ=[1, 2]",no,"[1, 2]"
utsumi-kun-no-koi-no-uta,内海くんの恋のうた,5,講談社:4 | 講談社　∥　コウダンシャ:1,講談社,講談社　∥　コウダンシャ=[1],no,[1]
utsuranaindesu,写らナイんです,5,小学館:4 | 小学館　∥　ショウガクカン:1,小学館,小学館　∥　ショウガクカン=[1],no,[1]
veeru-no-seijo,ヴェールの聖女,5,双葉社　∥　フタバシャ:2 | 双葉社:2,双葉社　∥　フタバシャ,"双葉社=[4, 5]",no,"[4, 5]"
versus-earth-alternative,バーサスアース・オルタナティブ,5,久保書店　∥　クボショテン:4 | 久保書店:1,久保書店　∥　クボショテン,久保書店=[5],no,[5]
versus,バーサス,5,講談社　∥　コウダンシャ:3 | 講談社:2,講談社　∥　コウダンシャ,"講談社=[5, 6]",no,"[5, 6]"
watashi-ga-watashi-o-uru-wake,私がわたしを売る理由,5,小学館　∥　ショウガクカン:3 | 小学館:2,小学館　∥　ショウガクカン,"小学館=[4, 5]",no,"[4, 5]"
watashi-o-center-ni-suru-to-chikaimasu-ka,私をセンターにすると誓いますか?,5,講談社　∥　コウダンシャ:3 | 講談社:2,講談社　∥　コウダンシャ,"講談社=[4, 5]",no,"[4, 5]"
watashinoiehafutsuu,わたしの家(うち)はフツー,5,[頒布]集英社 (発売)　∥　シュウエイシャ:4 | [発売]集英社　∥　シュウエイシャ:1,[頒布]集英社 (発売)　∥　シュウエイシャ,[発売]集英社　∥　シュウエイシャ=[1],no,[1]
wild-beast,ワイルドビースト,5,[発売]角川グループパブリッシング　∥　カドカワ グループ パブリッシング:4 | [発売]角川グループパブリッシング　∥　カドカワグループパブリッシング:1,[発売]角川グループパブリッシング　∥　カドカワ グループ パブリッシング,[発売]角川グループパブリッシング　∥　カドカワグループパブリッシング=[5],yes,[5]
xl-saizu-desu-kekkonsasetekuremasuka,XLサイズですが、結婚させてくれますか?,5,ジュネット　∥　ジュネット:4 | ジュネット:1,ジュネット　∥　ジュネット,ジュネット=[5],no,[5]
y-the-last-man,Y:ザラストマン,5,G-NOVELS　∥　ジーノヴェルス:3 | Graffica Novels　∥　グラフィカノヴェルズ:2,G-NOVELS　∥　ジーノヴェルス,"Graffica Novels　∥　グラフィカノヴェルズ=[1, 2]",no,"[1, 2]"
yabusaka-dewa-gozaimasen,やぶさかではございません,5,KADOKAWA　∥　カドカワ:4 | KADOKAWA:1,KADOKAWA　∥　カドカワ,KADOKAWA=[5],no,[5]
yakumo-hyakkai,八雲百怪,5,KADOKAWA　∥　カドカワ:3 | [発売]角川グループパブリッシング　∥　カドカワ グループ パブリッシング:2,KADOKAWA　∥　カドカワ,"[発売]角川グループパブリッシング　∥　カドカワ グループ パブリッシング=[1, 2]",no,"[1, 2]"
yakuza-kyoushi-to-hamerare-ouji,ヤクザ教師とハメられ王子,5,[発売]講談社　∥　コウダンシャ:3 | [頒布]講談社　∥　コウダンシャ:2,[発売]講談社　∥　コウダンシャ,"[頒布]講談社　∥　コウダンシャ=[4, 5]",no,"[4, 5]"
yameru-hoshi-yori-ai-o-komete,病める惑星(ほし)より愛をこめて,5,秋田書店　∥　アキタショテン:4 | 秋田書店:1,秋田書店　∥　アキタショテン,秋田書店=[5],no,[5]
yami-toshi-densetsu,闇都市伝説,5,秋田書店　∥　アキタショテン:3 | 秋田書店　∥　アキタ ショテン:2,秋田書店　∥　アキタショテン,"秋田書店　∥　アキタ ショテン=[1, 2]",no,"[1, 2]"
yankee-wa-isekai-de-seirei-ni-aisaremasu,ヤンキーは異世界で精霊に愛されます。,5,[発売]星雲社　∥　セイウンシャ:4 | [頒布]星雲社 (発売)　∥　セイウンシャ:1,[発売]星雲社　∥　セイウンシャ,[頒布]星雲社 (発売)　∥　セイウンシャ=[5],no,[5]
yoake-o-kou-kemonotachi,夜明けを乞うけものたち,5,白泉社　∥　ハクセンシャ:2 | 白泉社:2,白泉社　∥　ハクセンシャ,"白泉社=[4, 5]",no,"[4, 5]"
yoku-aru-fantasy-shousetsu-de-gakeppuchi-kisaki-to-shite-ikinokoru,よくあるファンタジー小説で崖っぷち妃として生き残る,5,KADOKAWA　∥　カドカワ:3 | KADOKAWA:1,KADOKAWA　∥　カドカワ,KADOKAWA=[5],no,[5]
yokubou-pandora,欲望パンドラ,5,ジーオーティー　∥　ジーオーティー:3 | ジーオーティー:2,ジーオーティー　∥　ジーオーティー,"ジーオーティー=[1, 5]",no,"[1, 5]"
yomigaeru-konekotachi,よみがえる子猫たち,5,ジーオーティー　∥　ジーオーティー:4 | ジーオーティー:1,ジーオーティー　∥　ジーオーティー,ジーオーティー=[5],no,[5]
yonaki-no-shiireenu,夜鳴きのシィレエヌ,5,少年画報社　∥　ショウネンガホウシャ:4 | 少年画報社　∥　ショウネン ガホウシャ:1,少年画報社　∥　ショウネンガホウシャ,少年画報社　∥　ショウネン ガホウシャ=[5],no,[5]
yondara-oji-san-to-marshmallow,よんだらおじさんとマシュマロ,5,一迅社　∥　イチジンシャ:4 | [発売]講談社　∥　コウダンシャ:1,一迅社　∥　イチジンシャ,[発売]講談社　∥　コウダンシャ=[4],no,[4]
yonekura-fuufu-no-reshipichou,米蔵夫婦のレシピ帳,5,小学館　∥　ショウガクカン:4 | 小学館:1,小学館　∥　ショウガクカン,小学館=[5],no,[5]
yotsugogurashi,四つ子ぐらし,5,KADOKAWA　∥　カドカワ:4 | KADOKAWA:1,KADOKAWA　∥　カドカワ,KADOKAWA=[5],no,[5]
yowaki-makkusu-reijou-nanoni-ratsuwan-konyakusha-sama-no-kake-ni-notte-shimatta,弱気MAX令嬢なのに、辣腕婚約者様の賭けに乗ってしまった,5,KADOKAWA　∥　カドカワ:4 | KADOKAWA:1,KADOKAWA　∥　カドカワ,KADOKAWA=[5],no,[5]
yukidoke-to-agapanthus,雪解けとアガパンサス,5,KADOKAWA　∥　カドカワ:3 | KADOKAWA:2,KADOKAWA　∥　カドカワ,"KADOKAWA=[4, 5]",no,"[4, 5]"
yumekuri,ゆめくり,5,KADOKAWA　∥　カドカワ:4 | メディアファクトリー　∥　メディア ファクトリー:1,KADOKAWA　∥　カドカワ,メディアファクトリー　∥　メディア ファクトリー=[1],no,[1]
yurayura-queen,ゆらゆらQ(クイーン),5,白泉社　∥　ハクセンシャ:4 | 白泉社:1,白泉社　∥　ハクセンシャ,白泉社=[5],no,[5]
yuri-seijin-naoko-san,百合星人ナオコサン,5,[発売]角川グループパブリッシング　∥　カドカワ グループ パブリッシング:3 | KADOKAWA　∥　カドカワ:1,[発売]角川グループパブリッシング　∥　カドカワ グループ パブリッシング,KADOKAWA　∥　カドカワ=[5],yes,[5]
yuridenaru-esupowaaru,ゆりでなる♡えすぽわーる,5,徳間書店　∥　トクマ ショテン:4 | 徳間書店:1,徳間書店　∥　トクマ ショテン,徳間書店=[5],no,[5]
yuugiou-ooshiijii-stories,遊☆戯☆王OCG(オフィシャルカードゲーム)STORIES,5,集英社　∥　シュウエイシャ:3 | 集英社:2,集英社　∥　シュウエイシャ,"集英社=[5, 6]",no,"[5, 6]"
yuusha-ikkou-no-senzokui,勇者一行の専属医,5,集英社　∥　シュウエイシャ:3 | 集英社:1,集英社　∥　シュウエイシャ,集英社=[5],no,[5]
yuusha-no-mago-to-maou-no-musume,勇者の孫と魔王の娘,5,[発売]星雲社　∥　セイウンシャ:4 | [頒布]星雲社 (発売)　∥　セイウンシャ:1,[発売]星雲社　∥　セイウンシャ,[頒布]星雲社 (発売)　∥　セイウンシャ=[5],no,[5]
yuuyuu-no-tsuihousareta-mahoutsukai-to-osananajimi-na-mori-no-megami-sama,悠優の追放魔法使いと幼なじみな森の女神様。,5,秋田書店　∥　アキタショテン:2 | 秋田書店:2,秋田書店　∥　アキタショテン,"秋田書店=[4, 5]",no,"[4, 5]"
zannen-neko-ryokan,ざんねん!ねこ旅館,5,大都社　∥　ダイトシャ:3 | [発売]大都社　∥　ダイトシャ:1 | 大都社:1,大都社　∥　ダイトシャ,[発売]大都社　∥　ダイトシャ=[1];大都社=[5],no,"[1, 5]"
zenbu-kimi-no-sei-da,全部君のせいだ,5,集英社　∥　シュウエイシャ:4 | 集英社:1,集英社　∥　シュウエイシャ,集英社=[5],no,[5]
zenbu-kowashite-jigoku-de-aishite,ぜんぶ壊して地獄で愛して,5,[頒布]講談社　∥　コウダンシャ:2 | [頒布]講談社:2,[頒布]講談社　∥　コウダンシャ,"[頒布]講談社=[4, 5]",no,"[4, 5]"
zenbu-nuganakutatte-etchi-wa-dekiru,ぜんぶ脱がなくたって、エッチはできる。,5,[頒布]星雲社 (発売)　∥　セイウンシャ:3 | [発売]星雲社　∥　セイウンシャ:2,[頒布]星雲社 (発売)　∥　セイウンシャ,"[発売]星雲社　∥　セイウンシャ=[1, 2]",no,"[1, 2]"
zenji-kun-okarishimasu,善次くんお借りします,5,白泉社　∥　ハクセンシャ:4 | 白泉社:1,白泉社　∥　ハクセンシャ,白泉社=[5],no,[5]
zense-de-tsurai-omoi-o-shita-node-kami-sama-ga-shazai-ni-kimashita,前世で辛い思いをしたので、神様が謝罪に来ました,5,[頒布]星雲社 (発売)　∥　セイウンシャ:4 | [頒布]星雲社　∥　セイウンシャ:1,[頒布]星雲社 (発売)　∥　セイウンシャ,[頒布]星雲社　∥　セイウンシャ=[5],no,[5]
zense-seijo-datta-watashi-wa-yakushi-ni-narimashita,前世聖女だった私は薬師になりました,5,実業之日本社　∥　ジツギョウノニホンシャ:3 | 実業之日本社:2,実業之日本社　∥　ジツギョウノニホンシャ,"実業之日本社=[4, 5]",no,"[4, 5]"
zetsubou-reijou-no-karei-naru-rikon,絶望令嬢の華麗なる離婚,5,白泉社:3 | 白泉社　∥　ハクセンシャ:2,白泉社,"白泉社　∥　ハクセンシャ=[1, 2]",no,"[1, 2]"
zetsumetsu-sakaba,絶滅酒場,5,少年画報社　∥　ショウネンガホウシャ:4 | 少年画報社　∥　ショウネン ガホウシャ:1,少年画報社　∥　ショウネンガホウシャ,少年画報社　∥　ショウネン ガホウシャ=[4],no,[4]
zetsurin-bengoshi-no-yoru-no-kao,絶倫弁護士の夜の顔,5,[発売]大都社　∥　ダイトシャ:4 | 大都社　∥　ダイトシャ:1,[発売]大都社　∥　ダイトシャ,大都社　∥　ダイトシャ=[5],no,[5]
zutto-seishun-poi-desuyo,ずっと青春ぽいですよ,5,講談社　∥　コウダンシャ:2 | 講談社:2,講談社　∥　コウダンシャ,"講談社=[4, 5]",no,"[4, 5]"
0-nousha-minato,0能者ミナト,4,[発売]角川グループパブリッシング　∥　カドカワグループパブリッシング:2 | KADOKAWA　∥　カドカワ:2,[発売]角川グループパブリッシング　∥　カドカワグループパブリッシング,"KADOKAWA　∥　カドカワ=[3, 4]",no,"[3, 4]"
1-pu-5-sai,1夫5妻,4,秋田書店　∥　アキタ ショテン:2 | 秋田書店　∥　アキタショテン:2,秋田書店　∥　アキタ ショテン,"秋田書店　∥　アキタショテン=[3, 4]",no,"[3, 4]"
10-zai,罪×10,4,スクウェア・エニックス　∥　スクウェア エニックス:2 | スクウェア・エニックス　∥　スクウェア ・ エニックス:2,スクウェア・エニックス　∥　スクウェア エニックス,"スクウェア・エニックス　∥　スクウェア ・ エニックス=[3, 4]",no,"[3, 4]"
100-nen-no-kyou,100年の経,4,小学館:3 | 小学館　∥　ショウガクカン:1,小学館,小学館　∥　ショウガクカン=[1],no,[1]
16-nen-kimi-o-omou-to-konnani-ookiku,16年、君を想うとこんなに大きく…♡,4,ぶんか社　∥　ブンカシャ:3 | ぶんか社:1,ぶんか社　∥　ブンカシャ,ぶんか社=[5],no,[5]
2-dome-no-jinsei-wa-oshi-no-shokuryou-desu,2度目の人生は推しの食糧です!?,4,秋水社 (発行元):2 | 秋水社 (発行元)　∥　シュウスイシャ (ハッコウモト):1 | [頒布]青泉社:1,秋水社 (発行元),秋水社 (発行元)　∥　シュウスイシャ (ハッコウモト)=[1];[頒布]青泉社=[4],no,"[1, 4]"
3-pun-seijo-no-shiawase-guutara-seikatsu,3分聖女の幸せぐーたら生活,4,アース・スターエンターテイメント　∥　アーススターエンターテイメント:2 | アース・スターエンターテイメント:2,アース・スターエンターテイメント　∥　アーススターエンターテイメント,"アース・スターエンターテイメント=[3, 4]",no,"[3, 4]"
33-sai-dokushin-onnakishi-taichou,33歳独身女騎士隊長。,4,BookLive　∥　ブックライブ:3 | BookLive:1,BookLive　∥　ブックライブ,BookLive=[4],no,[4]
6sai-no-kenja-wa-hikage-no-michi-o-ayumitai,6歳の賢者は日陰の道を歩みたい,4,スクウェア・エニックス　∥　スクウェア ・ エニックス:3 | スクウェア・エニックス:1,スクウェア・エニックス　∥　スクウェア ・ エニックス,スクウェア・エニックス=[4],no,[4]
8-dome-no-jinsei-kirawarete-ita-hazu-no-outaishi-denka-no-dekiai-route-ni-hamarimashita,8度目の人生、嫌われていたはずの王太子殿下の溺愛ルートにはまりました,4,スターツ出版　∥　スターツシュッパン:3 | スターツ出版:1,スターツ出版　∥　スターツシュッパン,スターツ出版=[4],no,[4]
90nichi-kareshi,90日彼氏,4,[発売]大都社　∥　ダイトシャ:3 | 大都社　∥　ダイトシャ:1,[発売]大都社　∥　ダイトシャ,大都社　∥　ダイトシャ=[4],no,[4]
aa-warera-ga-myao-shogun,あゝ我らがミャオ将軍,4,[発売]徳間書店　∥　トクマ ショテン:2 | コアミックス　∥　コア ミックス:1 | コアミックス　∥　コアミックス:1,[発売]徳間書店　∥　トクマ ショテン,コアミックス　∥　コア ミックス=[3];コアミックス　∥　コアミックス=[4],no,"[3, 4]"
abemorioka-no-kari-iiekkusu,あべもりおかの… (仮) Ex,4,ヒット出版社　∥　ヒット シュッパンシャ:3 | ヒット出版社:1,ヒット出版社　∥　ヒット シュッパンシャ,ヒット出版社=[4],no,[4]
ace-maid,エースメイド,4,メディアファクトリー　∥　メディア ファクトリー:2 | KADOKAWA　∥　カドカワ:1 | Kadokawa　∥　Kadokawa:1,メディアファクトリー　∥　メディア ファクトリー,KADOKAWA　∥　カドカワ=[3];Kadokawa　∥　Kadokawa=[4],no,"[3, 4]"
aka-chan-ni-tensei-shita-hanashi,赤ちゃんに転生した話,4,KADOKAWA:2 | [頒布]KADOKAWA (発売)　∥　カドカワ:1 | [頒布]KADOKAWA　∥　カドカワ:1,KADOKAWA,[頒布]KADOKAWA (発売)　∥　カドカワ=[1];[頒布]KADOKAWA　∥　カドカワ=[2],no,"[1, 2]"
akagami-ga-kita-neko,赤紙がきた猫,4,芳文社:3 | 芳文社　∥　ホウブンシャ:1,芳文社,芳文社　∥　ホウブンシャ=[1],no,[1]
akago-san-wa-kaku-katareri,赤子さんはかく語れり,4,秋田書店　∥　アキタショテン:2 | 秋田書店:2,秋田書店　∥　アキタショテン,"秋田書店=[3, 4]",no,"[3, 4]"
akanabe-sensei-wa-tereshirazu,茜部先生は照れ知らず,4,集英社:3 | 集英社　∥　シュウエイシャ:1,集英社,集英社　∥　シュウエイシャ=[1],no,[1]
akapan-sensei,赤パン先生!,4,[発売]角川グループパブリッシング　∥　カドカワグループパブリッシング:2 | KADOKAWA　∥　カドカワ:2,[発売]角川グループパブリッシング　∥　カドカワグループパブリッシング,"KADOKAWA　∥　カドカワ=[3, 4]",no,"[3, 4]"
ake-no-qilin,朱のチーリン,4,小学館:3 | 小学館　∥　ショウガクカン:1,小学館,小学館　∥　ショウガクカン=[1],no,[1]
akebonobashi-sansaro-hakuhou-kissashitsu-nite,曙橋三叉路白鳳喫茶室にて,4,白泉社　∥　ハクセンシャ:3 | 白泉社:1,白泉社　∥　ハクセンシャ,白泉社=[4],no,[4]
aki-wa-haru-to-gohan-o-tabetai-okawari,アキはハルとごはんを食べたいおかわり!,4,竹書房　∥　タケ ショボウ:3 | 竹書房:1,竹書房　∥　タケ ショボウ,竹書房=[4],no,[4]
akujo-wa-kyou-mo-tanoshii,悪女は今日も楽しい,4,[頒布]講談社　∥　コウダンシャ:2 | [頒布]講談社:2,[頒布]講談社　∥　コウダンシャ,"[頒布]講談社=[3, 4]",no,"[3, 4]"
akuma-de-amai-watashi-no-kanojo,あくまであまい私の彼女,4,講談社:3 | 講談社　∥　コウダンシャ:1,講談社,講談社　∥　コウダンシャ=[1],no,[1]
akuyaku-kizoku-toshite-hitsuyou-na-sore,悪役貴族として必要なそれ,4,KADOKAWA:3 | KADOKAWA　∥　カドカワ:1,KADOKAWA,KADOKAWA　∥　カドカワ=[1],no,[1]
akuyaku-reijou-ni-tensei-shita-inaka-musume-ga-baddoendo-kaihi-ni-idomu-hanashi,悪役令嬢に転生した田舎娘がバッドエンド回避に挑む話,4,スクウェア・エニックス:3 | スクウェア・エニックス　∥　スクウェア ・ エニックス:1,スクウェア・エニックス,スクウェア・エニックス　∥　スクウェア ・ エニックス=[1],no,[1]
akuyaku-reijou-wa-moe-o-abiru-hodo-sesshu-shitai,悪役令嬢は『萌え』を浴びるほど摂取したい!,4,KADOKAWA　∥　カドカワ:3 | KADOKAWA:1,KADOKAWA　∥　カドカワ,KADOKAWA=[4],no,[4]
alice-oa-alice,ありすorありす,4,KADOKAWA　∥　カドカワ:3 | KADOKAWA　∥　KADOKAWA:1,KADOKAWA　∥　カドカワ,KADOKAWA　∥　KADOKAWA=[3],no,[3]
anata-ga-watashi-o-terasu-kara,あなたが私を照らすから。,4,KADOKAWA　∥　カドカワ:3 | KADOKAWA:1,KADOKAWA　∥　カドカワ,KADOKAWA=[4],no,[4]
android-wa-ai-no-yume-o-miruka,アンドロイドは愛の夢をみるか?,4,CLAPコミックス　∥　クラップコミックス:2 | 三交社　∥　サンコウシャ:1 | CLAPコミックス:1,CLAPコミックス　∥　クラップコミックス,三交社　∥　サンコウシャ=[1];CLAPコミックス=[4],no,"[1, 4]"
ane-no-tomodachi,姉のともだち,4,集英社:3 | 集英社　∥　シュウエイシャ:1,集英社,集英社　∥　シュウエイシャ=[1],no,[1]
angel-beats-the-4-koma,Angel Beats! the 4コマ,4,[発売]角川グループパブリッシング　∥　カドカワ グループ パブリッシング:2 | [発売]角川グループパブリッシング　∥　カドカワグループパブリッシング:1 | KADOKAWA　∥　カドカワ:1,[発売]角川グループパブリッシング　∥　カドカワ グループ パブリッシング,[発売]角川グループパブリッシング　∥　カドカワグループパブリッシング=[3];KADOKAWA　∥　カドカワ=[4],yes,"[3, 4]"
another,Another,4,[発売]角川グループパブリッシング　∥　カドカワ グループ パブリッシング:3 | 角川グループパブリッシング（発売）　∥　カドカワ グループ パブリッシング:1,[発売]角川グループパブリッシング　∥　カドカワ グループ パブリッシング,角川グループパブリッシング（発売）　∥　カドカワ グループ パブリッシング=[2],no,[2]
ansatsusha-wa-tasogare-ni-warau,暗殺者は黄昏に笑う,4,オーバーラップ　∥　オーバーラップ:2 | オーバーラップ:2,オーバーラップ　∥　オーバーラップ,"オーバーラップ=[3, 4]",no,"[3, 4]"
arcana-familia,アルカナ・ファミリア,4,[発売]角川グループパブリッシング　∥　カドカワグループパブリッシング:2 | KADOKAWA　∥　カドカワ:2,[発売]角川グループパブリッシング　∥　カドカワグループパブリッシング,"KADOKAWA　∥　カドカワ=[3, 4]",no,"[3, 4]"
aru-hi-otto-ga-betsujin-ni,ある日夫が別人に,4,大都社:2 | 大都社　∥　ダイトシャ:1 | [頒布]大都社:1,大都社,大都社　∥　ダイトシャ=[1];[頒布]大都社=[4],no,"[1, 4]"
aru-nichi-toaru-nichi-totoaru-nichi-no-kuru,ある日とある日ととある日のクル,4,[発売]大都社　∥　ダイトシャ:2 | 学習研究社　∥　ガクシュウ ケンキュウシャ:1 | 大都社　∥　ダイトシャ:1,[発売]大都社　∥　ダイトシャ,学習研究社　∥　ガクシュウ ケンキュウシャ=[1];大都社　∥　ダイトシャ=[4],no,"[1, 4]"
arune-no-file,アルネの事件簿,4,KADOKAWA　∥　カドカワ:3 | KADOKAWA　∥　KADOKAWA:1,KADOKAWA　∥　カドカワ,KADOKAWA　∥　KADOKAWA=[3],no,[3]
asa-made-jugyou-chu,朝まで授業chu!,4,メディアファクトリー　∥　メディア ファクトリー:3 | KADOKAWA　∥　カドカワ:1,メディアファクトリー　∥　メディア ファクトリー,KADOKAWA　∥　カドカワ=[4],no,[4]
ashiya-san-no-neko,芦屋さんの猫。,4,少年画報社　∥　ショウネン ガホウシャ:2 | 少年画報社　∥　ショウネンガホウシャ:2,少年画報社　∥　ショウネン ガホウシャ,"少年画報社　∥　ショウネンガホウシャ=[3, 4]",no,"[3, 4]"
atashi-wa-seikan-kokka-no-eiyuu-kishi,あたしは星間国家の英雄騎士!,4,オーバーラップ　∥　オーバーラップ:2 | オーバーラップ:2,オーバーラップ　∥　オーバーラップ,"オーバーラップ=[3, 4]",no,"[3, 4]"
ato-happy-mania,後ハッピーマニア,4,祥伝社　∥　ショウデンシャ:3 | 祥伝社:1,祥伝社　∥　ショウデンシャ,祥伝社=[6],no,[6]
azalea,Azalea,4,[発売]小学館クリエイティブ　∥　ショウガクカンクリエイティブ:2 | [頒布]小学館クリエイティブ (発売)　∥　ショウガクカンクリエイティブ:2,[発売]小学館クリエイティブ　∥　ショウガクカンクリエイティブ,"[頒布]小学館クリエイティブ (発売)　∥　ショウガクカンクリエイティブ=[3, 4]",no,"[3, 4]"
azami-no-shiro-no-majo,アザミの城の魔女,4,[発売]竹書房　∥　タケ ショボウ:3 | [頒布]竹書房　∥　タケ ショボウ:1,[発売]竹書房　∥　タケ ショボウ,[頒布]竹書房　∥　タケ ショボウ=[4],no,[4]
baka-to-hasami,馬鹿とハサミ,4,コアマガジン　∥　コアマガジン:3 | コアマガジン:1,コアマガジン　∥　コアマガジン,コアマガジン=[4],no,[4]
bakuto,バクト,4,少年画報社　∥　ショウネン ガホウシャ:2 | 少年画報社　∥　ショウネンガホウシャ:2,少年画報社　∥　ショウネン ガホウシャ,"少年画報社　∥　ショウネンガホウシャ=[3, 4]",no,"[3, 4]"
bandori-girls-band-party-event-diary,バンドリ!ガールズバンドパーティ!イベントダイアリー,4,[頒布]KADOKAWA (発売)　∥　カドカワ:2 | [頒布]KADOKAWA　∥　カドカワ:2,[頒布]KADOKAWA (発売)　∥　カドカワ,"[頒布]KADOKAWA　∥　カドカワ=[3, 4]",no,"[3, 4]"
bangyaru-chan-no-nichijou,バンギャルちゃんの日常,4,KADOKAWA　∥　カドカワ:2 | [発売]角川グループパブリッシング　∥　カドカワグループパブリッシング:1 | [発売]KADOKAWA　∥　カドカワ:1,KADOKAWA　∥　カドカワ,[発売]角川グループパブリッシング　∥　カドカワグループパブリッシング=[1];[発売]KADOKAWA　∥　カドカワ=[2],no,"[1, 2]"
bara-no-jozefiinu,薔薇のジョゼフィーヌ,4,秋田書店　∥　アキタ ショテン:3 | 秋田書店　∥　アキタショテン:1,秋田書店　∥　アキタ ショテン,秋田書店　∥　アキタショテン=[4],no,[4]
battleship-girl,battleship girl,4,ワニブックス　∥　ワニ ブックス:3 | ワニブックス　∥　ワニブックス:1,ワニブックス　∥　ワニ ブックス,ワニブックス　∥　ワニブックス=[4],no,[4]
beast-complex,BEAST COMPLEX,4,秋田書店　∥　アキタショテン:3 | 秋田書店:1,秋田書店　∥　アキタショテン,秋田書店=[4],no,[4]
beatrice,ベアトリーチェ,4,KADOKAWA:3 | KADOKAWA　∥　カドカワ:1,KADOKAWA,KADOKAWA　∥　カドカワ=[1],no,[1]
bebebebe-baby,ベベベベベイビー,4,小学館　∥　ショウガクカン:3 | 小学館:1,小学館　∥　ショウガクカン,小学館=[4],no,[4]
biieru-game-no-shujinkou-no-otouto-de-aru-koto-ni-kigatsukimashita,BLゲームの主人公の弟であることに気がつきました,4,KADOKAWA　∥　カドカワ:3 | KADOKAWA:1,KADOKAWA　∥　カドカワ,KADOKAWA=[4],no,[4]
binbouhime-desu-nanika,貧乏姫ですが、何か?,4,[発売]ソフトバンククリエイティブ　∥　ソフトバンク クリエイティブ:3 | [発売]ほるぷ出版　∥　ホルプシュッパン:1,[発売]ソフトバンククリエイティブ　∥　ソフトバンク クリエイティブ,[発売]ほるぷ出版　∥　ホルプシュッパン=[4],no,[4]
birdland-no-sara,バードランドの皿,4,集英社　∥　シュウエイシャ:2 | 集英社:2,集英社　∥　シュウエイシャ,"集英社=[3, 4]",no,"[3, 4]"
black-bullet,ブラック・ブレット,4,KADOKAWA　∥　カドカワ:2 | [発売]角川グループホールディングス　∥　カドカワグループホールディングス:1 | [発売]KADOKAWA　∥　カドカワ:1,KADOKAWA　∥　カドカワ,[発売]角川グループホールディングス　∥　カドカワグループホールディングス=[1];[発売]KADOKAWA　∥　カドカワ=[2],no,"[1, 2]"
black-kanojo,ブラック彼女,4,KADOKAWA　∥　カドカワ:3 | KADOKAWA　∥　KADOKAWA:1,KADOKAWA　∥　カドカワ,KADOKAWA　∥　KADOKAWA=[4],no,[4]
blazblue,BLAZBLUE,4,KADOKAWA　∥　カドカワ:2 | [発売]角川グループパブリッシング　∥　カドカワグループパブリッシング:1 | [発売]KADOKAWA　∥　カドカワ:1,KADOKAWA　∥　カドカワ,[発売]角川グループパブリッシング　∥　カドカワグループパブリッシング=[1];[発売]KADOKAWA　∥　カドカワ=[2],no,"[1, 2]"
blood-c,BLOOD-C,4,[発売]角川グループパブリッシング　∥　カドカワ グループ パブリッシング:2 | [発売]角川グループパブリッシング　∥　カドカワグループパブリッシング:2,[発売]角川グループパブリッシング　∥　カドカワ グループ パブリッシング,"[発売]角川グループパブリッシング　∥　カドカワグループパブリッシング=[3, 4]",no,"[3, 4]"
bocchi-za-rock-gaiden-hiroi-kikuri-no-fukazake-nikki,ぼっち・ざ・ろっく!外伝廣井きくりの深酒日記,4,芳文社　∥　ホウブンシャ:2 | 芳文社:2,芳文社　∥　ホウブンシャ,"芳文社=[5, 6]",no,"[5, 6]"
boku-ga-koi-suru-kozumikku-star,僕が恋するコズミックスター,4,秋田書店　∥　アキタショテン:3 | 秋田書店:1,秋田書店　∥　アキタショテン,秋田書店=[4],no,[4]
boku-no-chi-sutte-kuremasenka,僕の血吸ってくれませんか,4,海王社　∥　カイオウシャ:3 | 海王社:1,海王社　∥　カイオウシャ,海王社=[4],no,[4]
bouken-ni-wa-buki-ga-hitsuyou-da,冒険には、武器が必要だ!,4,双葉社:3 | 双葉社　∥　フタバシャ:1,双葉社,双葉社　∥　フタバシャ=[1],no,[1]
boukensha-party-o-tsuihousareta-sareta-kaifukushi-no-shoujo-o-hirotte-ikusei-shitara-masaka-no,冒険者パーティーを追放された回復士の少女を拾って育成したら、まさかの最強職業に転職!?,4,[頒布]講談社　∥　コウダンシャ:2 | [頒布]講談社:2,[頒布]講談社　∥　コウダンシャ,"[頒布]講談社=[3, 4]",no,"[3, 4]"
bukyou-souha,武狂争覇,4,ジーオーティー　∥　ジーオーティー:3 | ジーオーティー:1,ジーオーティー　∥　ジーオーティー,ジーオーティー=[4],no,[4]
bureiburuu,ブレイブルー リミックスハート,4,KADOKAWA　∥　カドカワ:2 | [発売]角川グループパブリッシング　∥　カドカワグループパブリッシング:1 | [発売]KADOKAWA　∥　カドカワ:1,KADOKAWA　∥　カドカワ,[発売]角川グループパブリッシング　∥　カドカワグループパブリッシング=[1];[発売]KADOKAWA　∥　カドカワ=[2],no,"[1, 2]"
busamen-otoko,ブサメン男子♂,4,[発売]東京漫画社　∥　トウキョウマンガシャ:2 | 東京漫画社　∥　トウキョウ マンガシャ:1 | [発売]東京漫画社　∥　トウキョウ マンガシャ:1,[発売]東京漫画社　∥　トウキョウマンガシャ,東京漫画社　∥　トウキョウ マンガシャ=[1];[発売]東京漫画社　∥　トウキョウ マンガシャ=[3],no,"[1, 3]"
bushidou-sixteen,武士道シックスティーン,4,講談社　∥　コウダンシャ:2 | 集英社　∥　シュウエイシャ:1,講談社　∥　コウダンシャ,集英社　∥　シュウエイシャ=[4],no,[4]
bushitsu-no-dowaafu-chan,部室のドワーフちゃん,4,ジャイブ　∥　ジャイブ:3 | ジャイブ:1,ジャイブ　∥　ジャイブ,ジャイブ=[1],no,[1]
butsuzou-no-machi,仏像のまち,4,メディアファクトリー　∥　メディア ファクトリー:3 | KADOKAWA　∥　カドカワ:1,メディアファクトリー　∥　メディア ファクトリー,KADOKAWA　∥　カドカワ=[4],no,[4]
cafe-de-kafi-o,カフェでカフィを,4,[発売]集英社　∥　シュウエイシャ:3 | [頒布]集英社 (発売)　∥　シュウエイシャ:1,[発売]集英社　∥　シュウエイシャ,[頒布]集英社 (発売)　∥　シュウエイシャ=[4],no,[4]
cat-shit-one-80,Cat shit one'80,4,ソフトバンククリエイティブ　∥　ソフトバンク クリエイティブ:3 | ソフトバンククリエイティブ　∥　ソフトバンククリエイティブ:1,ソフトバンククリエイティブ　∥　ソフトバンク クリエイティブ,ソフトバンククリエイティブ　∥　ソフトバンククリエイティブ=[4],no,[4]
chibimiku-san,ちびミクさん,4,マイクロマガジン社　∥　マイクロマガジンシャ:3 | マイクロマガジン社　∥　マイクロ マガジンシャ:1,マイクロマガジン社　∥　マイクロマガジンシャ,マイクロマガジン社　∥　マイクロ マガジンシャ=[1],no,[1]
chingochou-futsuryoukyoku-ukeika,鎮護庁祓竜局誓約課,4,KADOKAWA　∥　カドカワ:2 | KADOKAWA:2,KADOKAWA　∥　カドカワ,"KADOKAWA=[3, 4]",no,"[3, 4]"
chotto-kawaii-iron-maiden,ちょっとかわいいアイアンメイデン,4,KADOKAWA　∥　カドカワ:2 | [発売]角川グループパブリッシング　∥　カドカワグループパブリッシング:1 | [発売]角川グループホールディングス　∥　カドカワグループホールディングス:1,KADOKAWA　∥　カドカワ,[発売]角川グループパブリッシング　∥　カドカワグループパブリッシング=[1];[発売]角川グループホールディングス　∥　カドカワグループホールディングス=[2],no,"[1, 2]"
choujigen-geimu-neputeyuunu,超次元ゲイムネプテューヌ,4,[発売]角川グループパブリッシング　∥　カドカワグループパブリッシング:2 | [発売]角川グループパブリッシング　∥　カドカワ グループ パブリッシング:1 | KADOKAWA　∥　カドカワ:1,[発売]角川グループパブリッシング　∥　カドカワグループパブリッシング,[発売]角川グループパブリッシング　∥　カドカワ グループ パブリッシング=[1];KADOKAWA　∥　カドカワ=[4],no,"[1, 4]"
choukou-sennin-haruka,超昂閃忍ハルカ,4,KADOKAWA　∥　カドカワ:3 | キルタイムコミュニケーション　∥　キル タイム コミュニケーション:1,KADOKAWA　∥　カドカワ,キルタイムコミュニケーション　∥　キル タイム コミュニケーション=[1],yes,[1]
chouyaku-hyakunin-isshu-utakoi,超訳百人一首 うた恋い。,4,メディアファクトリー　∥　メディアファクトリー:2 | KADOKAWA　∥　カドカワ:1,メディアファクトリー　∥　メディアファクトリー,KADOKAWA　∥　カドカワ=[4],no,[4]
chuumon-no-ooi-kissaten,注文の多い喫茶店,4,少年画報社　∥　ショウネンガホウシャ:3 | 少年画報社:1,少年画報社　∥　ショウネンガホウシャ,少年画報社=[4],no,[4]
class-ga-isekai-shoukan-sareta-naka-ore-dake-nokottandesuga,クラスが異世界召喚されたなか俺だけ残ったんですが,4,[発売]幻冬舎　∥　ゲントウシャ:3 | [頒布]幻冬舎　∥　ゲントウシャ:1,[発売]幻冬舎　∥　ゲントウシャ,[頒布]幻冬舎　∥　ゲントウシャ=[4],no,[4]
classmate-no-moto-idol-ga-tonikaku-kyodou-fushin-nandesu,クラスメイトの元アイドルが、とにかく挙動不審なんです。,4,KADOKAWA　∥　カドカワ:2 | KADOKAWA:2,KADOKAWA　∥　カドカワ,"KADOKAWA=[3, 4]",no,"[3, 4]"
coffee-ando-vanilla-black,コーヒー&バニラblack,4,小学館　∥　ショウガクカン:3 | 小学館:1,小学館　∥　ショウガクカン,小学館=[4],no,[4]
comic-mei-tantei-asami-mitsuhiko,コミック名探偵浅見光彦,4,ぶんか社:3 | ぶんか社　∥　ブンカシャ:1,ぶんか社,ぶんか社　∥　ブンカシャ=[1],no,[1]
coyote,コヨーテ,4,フロンティアワークス　∥　フロンティア ワークス:3 | [発売]小学館クリエイティブ　∥　ショウガクカンクリエイティブ:1,フロンティアワークス　∥　フロンティア ワークス,[発売]小学館クリエイティブ　∥　ショウガクカンクリエイティブ=[1],no,[1]
dachi-no-imouto,友人(ダチ)の妹,4,白泉社　∥　ハクセンシャ:3 | 白泉社:1,白泉社　∥　ハクセンシャ,白泉社=[4],no,[4]
dainana-maouji-jirubagiasu-no-maou-keikoku-ki,第七魔王子ジルバギアスの魔王傾国記,4,オーバーラップ　∥　オーバーラップ:3 | オーバーラップ:1,オーバーラップ　∥　オーバーラップ,オーバーラップ=[4],no,[4]
daisanji-seichouki-ootsuka-kun,第三次性徴期、大塚くん!,4,スクウェア・エニックス　∥　スクウェア ・ エニックス:3 | スクウェア・エニックス　∥　スクウェア エニックス:1,スクウェア・エニックス　∥　スクウェア ・ エニックス,スクウェア・エニックス　∥　スクウェア エニックス=[1],no,[1]
daisuki-itoshi-no-muco,だいすき!いとしのムーコ,4,講談社:3 | 講談社　∥　コウダンシャ:1,講談社,講談社　∥　コウダンシャ=[1],no,[1]
dakkou-suru-made-ochimasen,脱稿するまでオチません,4,KADOKAWA　∥　カドカワ:3 | KADOKAWA:1,KADOKAWA　∥　カドカワ,KADOKAWA=[4],no,[4]
damatte-boku-ni-amayakasarete,黙って僕に甘やかされて,4,リブレ　∥　リブレ:2 | リブレ:2,リブレ　∥　リブレ,"リブレ=[3, 4]",no,"[3, 4]"
dame-ningen-no-aishikata,ダメ人間の愛しかた,4,KADOKAWA:3 | KADOKAWA　∥　カドカワ:1,KADOKAWA,KADOKAWA　∥　カドカワ=[1],no,[1]
danganronpa-kibou-no-gakuen-to-zetsubou-no-koukousei-ji-animation,ダンガンロンパ希望の学園と絶望の高校生THE ANIMATION,4,KADOKAWA　∥　カドカワ:3 | [発売]角川グループホールディングス　∥　カドカワグループホールディングス:1,KADOKAWA　∥　カドカワ,[発売]角川グループホールディングス　∥　カドカワグループホールディングス=[1],no,[1]
danganronpa-kibou-no-gakuen-to-zetsubou-no-koukousei,ダンガンロンパ希望の学園と絶望の高校生,4,[発売]角川グループパブリッシング　∥　カドカワグループパブリッシング:2 | [発売]角川グループホールディングス　∥　カドカワグループホールディングス:1 | KADOKAWA　∥　カドカワ:1,[発売]角川グループパブリッシング　∥　カドカワグループパブリッシング,[発売]角川グループホールディングス　∥　カドカワグループホールディングス=[3];KADOKAWA　∥　カドカワ=[4],no,"[3, 4]"
danjo-no-yuujou-wa-seiritsu-suru-iya-shinai,男女の友情は成立する?〈いや、しないっ!!〉,4,KADOKAWA　∥　カドカワ:3 | KADOKAWA:1,KADOKAWA　∥　カドカワ,KADOKAWA=[5],no,[5]
danna-sama-wa-elite-gekai,旦那様はエリート外科医,4,ハーパーコリンズ・ジャパン　∥　ハーパーコリンズジャパン:2 | ハーパーコリンズ・ジャパン:2,ハーパーコリンズ・ジャパン　∥　ハーパーコリンズジャパン,"ハーパーコリンズ・ジャパン=[3, 4]",no,"[3, 4]"
dare-ga-okudera-show-o-koroshita-no-ka,誰が奥寺翔を殺したのか?,4,講談社　∥　コウダンシャ:2 | 講談社:2,講談社　∥　コウダンシャ,"講談社=[3, 4]",no,"[3, 4]"
darker-than-black-okamura-2007,Darker than black,4,スクウェア・エニックス　∥　スクウェア エニックス:2 | [発売]角川グループパブリッシング　∥　カドカワ グループ パブリッシング:1,スクウェア・エニックス　∥　スクウェア エニックス,[発売]角川グループパブリッシング　∥　カドカワ グループ パブリッシング=[2],no,[2]
dasee-to-iwareta-reijou-no-karei-naru-henshin,ダセェと言われた令嬢の華麗なる変身,4,リブレ　∥　リブレ:2 | リブレ:2,リブレ　∥　リブレ,"リブレ=[3, 4]",no,"[3, 4]"
date-ast-like,デート・ア・ストライク,4,[発売]角川グループパブリッシング　∥　カドカワグループパブリッシング:2 | [発売]KADOKAWA　∥　カドカワ:1 | KADOKAWA　∥　カドカワ:1,[発売]角川グループパブリッシング　∥　カドカワグループパブリッシング,[発売]KADOKAWA　∥　カドカワ=[3];KADOKAWA　∥　カドカワ=[4],no,"[3, 4]"
dear-girl-stories-hibiki,Dear Girl～Stories～響,4,[発売]角川グループパブリッシング　∥　カドカワ グループ パブリッシング:3 | [発売]角川グループパブリッシング　∥　カドカワグループパブリッシング:1,[発売]角川グループパブリッシング　∥　カドカワ グループ パブリッシング,[発売]角川グループパブリッシング　∥　カドカワグループパブリッシング=[4],no,[4]
dear-girl-stories-hizuki,Dear Girl～Stories～緋月,4,KADOKAWA　∥　カドカワ:3 | [発売]角川グループホールディングス　∥　カドカワグループホールディングス:1,KADOKAWA　∥　カドカワ,[発売]角川グループホールディングス　∥　カドカワグループホールディングス=[1],no,[1]
deka-to-hannin-no-otomege-tensei,女刑事(デカ)と犯人の乙女ゲー転生,4,少年画報社　∥　ショウネンガホウシャ:3 | 少年画報社:1,少年画報社　∥　ショウネンガホウシャ,少年画報社=[4],no,[4]
dekiai-zentei-keiyaku-kon,溺愛前提、契約婚。,4,リブレ　∥　リブレ:3 | リブレ:1,リブレ　∥　リブレ,リブレ=[4],no,[4]
denpa-onna-to-seishun-otoko,電波女と青春男,4,[発売]角川グループパブリッシング　∥　カドカワ グループ パブリッシング:3 | [発売]KADOKAWA　∥　KADOKAWA:1,[発売]角川グループパブリッシング　∥　カドカワ グループ パブリッシング,[発売]KADOKAWA　∥　KADOKAWA=[4],no,[4]
doga,DOGA,4,双葉社　∥　フタバシャ:2 | 双葉社:2,双葉社　∥　フタバシャ,"双葉社=[4, 5]",no,"[4, 5]"
dokudami-no-hana-saku-koro,どくだみの花咲くころ,4,講談社:3 | 講談社　∥　コウダンシャ:1,講談社,講談社　∥　コウダンシャ=[1],no,[1]
dokutaa-moroo-no-lich-na-seikatsu-jii,Dr.モローのリッチな生活G,4,ワニブックス　∥　ワニ ブックス:2 | ワニブックス　∥　ワニブックス:2,ワニブックス　∥　ワニ ブックス,"ワニブックス　∥　ワニブックス=[3, 4]",no,"[3, 4]"
dorei-kara-no-kitai-to-hyouka-no-sei-de-sakushu-dekinai-nodaga,奴隷からの期待と評価のせいで搾取できないのだが,4,KADOKAWA:3 | KADOKAWA　∥　カドカワ:1,KADOKAWA,KADOKAWA　∥　カドカワ=[1],no,[1]
doubt-amano-2012,Doubt!,4,[発売]角川グループホールディングス　∥　カドカワ グループ ホールディングス:1 | [発売]Kadokawa　∥　Kadokawa:1 | KADOKAWA　∥　カドカワ:1,[発売]角川グループホールディングス　∥　カドカワ グループ ホールディングス,[発売]Kadokawa　∥　Kadokawa=[3];KADOKAWA　∥　カドカワ=[4],yes,"[3, 4]"
douse-suterareru-nonara-saigo-ni-suki-ni-sasete-itadakimasu,どうせ捨てられるのなら、最後に好きにさせていただきます,4,[頒布]講談社　∥　コウダンシャ:3 | [頒布]講談社:1,[頒布]講談社　∥　コウダンシャ,[頒布]講談社=[4],no,[4]
douzo-gojiyuu-ni,どうぞごじゆうに,4,秋田書店　∥　アキタショテン:2 | 秋田書店:2,秋田書店　∥　アキタショテン,"秋田書店=[3, 4]",no,"[3, 4]"
dungeon-battle-royale,ダンジョンバトルロワイヤル,4,Amazia　∥　アメイジア:3 | 一二三書房　∥　ヒフミショボウ:1,Amazia　∥　アメイジア,一二三書房　∥　ヒフミショボウ=[1],no,[1]
dungeon-faamu,ダンジョン・ファーム,4,スクウェア・エニックス　∥　スクウェア ・ エニックス:2 | スクウェア・エニックス:2,スクウェア・エニックス　∥　スクウェア ・ エニックス,"スクウェア・エニックス=[3, 4]",no,"[3, 4]"
ebiten,えびてん,4,[発売]角川グループパブリッシング　∥　カドカワ グループ パブリッシング:3 | [発売]角川グループパブリッシング　∥　カドカワグループパブリッシング:1,[発売]角川グループパブリッシング　∥　カドカワ グループ パブリッシング,[発売]角川グループパブリッシング　∥　カドカワグループパブリッシング=[4],no,[4]
eguchi-san-wa-geemunou,江口さんはゲーム脳,4,小学館　∥　ショウガクカン:2 | 小学館:2,小学館　∥　ショウガクカン,"小学館=[3, 4]",no,"[3, 4]"
eikyuu-kikan-shimaenaga,永久機関シマエナガ,4,KADOKAWA　∥　カドカワ:2 | KADOKAWA:2,KADOKAWA　∥　カドカワ,"KADOKAWA=[3, 4]",no,"[3, 4]"
emi-to-onii-chan-no-nariyuki-gohan,笑とお兄ちゃんのなりゆきごはん,4,ぶんか社　∥　ブンカシャ:3 | ぶんか社:1,ぶんか社　∥　ブンカシャ,ぶんか社=[4],no,[4]
engage,エンゲージ,4,新書館　∥　シンショカン:3 | 新書館:1,新書館　∥　シンショカン,新書館=[4],no,[4]
enpuresu-age,エンプレスエイジ,4,KADOKAWA　∥　カドカワ:3 | KADOKAWA:1,KADOKAWA　∥　カドカワ,KADOKAWA=[4],no,[4]
eroge-tensei,エロゲ転生,4,オーバーラップ　∥　オーバーラップ:3 | オーバーラップ:1,オーバーラップ　∥　オーバーラップ,オーバーラップ=[4],no,[4]
esu-kyuu-kanteishi-nanoni-party-tsuihousareta-sareta-node-nekomimi-musume-to-nougyou-surooraifu,S級鑑定士なのにパーティー追放されたので猫耳娘と農業スローライフしようと思います。,4,フレックスコミックス　∥　フレックスコミックス:3 | フレックスコミックス:1,フレックスコミックス　∥　フレックスコミックス,フレックスコミックス=[4],no,[4]
etchina-konishi-san-to-inkyarana-uchida-san-no-shanai-love-jijou,エッチな小西さんと陰キャラな内田さんの社内恋愛事情,4,笠倉出版社　∥　カサクラ シュッパンシャ:2 | 笠倉出版社:2,笠倉出版社　∥　カサクラ シュッパンシャ,"笠倉出版社=[3, 4]",no,"[3, 4]"
evergreen,エバーグリーン,4,[発売]角川グループパブリッシング　∥　カドカワ グループ パブリッシング:2 | KADOKAWA　∥　カドカワ:2,[発売]角川グループパブリッシング　∥　カドカワ グループ パブリッシング,"KADOKAWA　∥　カドカワ=[3, 4]",no,"[3, 4]"
fake-hashiba-2022,フェイク,4,[頒布]幻冬舎　∥　ゲントウシャ:3 | [頒布]幻冬舎:1,[頒布]幻冬舎　∥　ゲントウシャ,[頒布]幻冬舎=[4],no,[4]
fate-grand-order,Fate/grand order,4,[頒布]講談社　∥　コウダンシャ:2 | [発売]講談社　∥　コウダンシャ:1 | [頒布]講談社:1,[頒布]講談社　∥　コウダンシャ,[発売]講談社　∥　コウダンシャ=[2];[頒布]講談社=[5],no,"[2, 5]"
fate-strange-fake-2019,フェイト/ストレンジフェイク,4,TYPE-MOON　∥　タイプムーン:3 | TYPE-MOON　∥　TYPE-MOON:1,TYPE-MOON　∥　タイプムーン,TYPE-MOON　∥　TYPE-MOON=[1],no,[1]
first-call,ファーストコール,4,MUGENUP　∥　ムゲンアップ:3 | MUGENUP:1,MUGENUP　∥　ムゲンアップ,MUGENUP=[4],no,[4]
fujouri-zakkaten-unreal,不条理雑貨店UNREAL,4,新書館　∥　シンショカン:2 | 新書館:2,新書館　∥　シンショカン,"新書館=[3, 4]",no,"[3, 4]"
fujun-na-kanojo-tachi-wa-zange-shinai,不純な彼女達は懺悔しない,4,KADOKAWA:3 | KADOKAWA　∥　カドカワ:1,KADOKAWA,KADOKAWA　∥　カドカワ=[1],no,[1]
fukou-reijou-deshitaga-happy-end-o-mukaemashita,不幸令嬢でしたが、ハッピーエンドを迎えました,4,講談社　∥　コウダンシャ:2 | 講談社:2,講談社　∥　コウダンシャ,"講談社=[4, 5]",no,"[4, 5]"
futari-escape,ふたりエスケープ,4,[頒布]講談社　∥　コウダンシャ:3 | [発売]講談社　∥　コウダンシャ:1,[頒布]講談社　∥　コウダンシャ,[発売]講談社　∥　コウダンシャ=[1],no,[1]
futari-wa-daitai-konna-kanji,ふたりはだいたいこんなかんじ,4,[頒布]幻冬舎　∥　ゲントウシャ:3 | [発売]幻冬舎　∥　ゲントウシャ:1,[頒布]幻冬舎　∥　ゲントウシャ,[発売]幻冬舎　∥　ゲントウシャ=[1],no,[1]
fuurai-shimai,ふうらい姉妹,4,[発売]角川グループパブリッシング　∥　カドカワ グループ パブリッシング:2 | [発売]KADOKAWA　∥　カドカワ:1 | KADOKAWA　∥　カドカワ:1,[発売]角川グループパブリッシング　∥　カドカワ グループ パブリッシング,[発売]KADOKAWA　∥　カドカワ=[3];KADOKAWA　∥　カドカワ=[4],no,"[3, 4]"
ga-engi,我演義,4,KADOKAWA:3 | KADOKAWA　∥　カドカワ:1,KADOKAWA,KADOKAWA　∥　カドカワ=[1],no,[1]
gakuen-k,学園K,4,スクウェア・エニックス　∥　スクウェア ・ エニックス:3 | スクウェア・エニックス　∥　スクウェア エニックス:1,スクウェア・エニックス　∥　スクウェア ・ エニックス,スクウェア・エニックス　∥　スクウェア エニックス=[1],no,[1]
gakuen-no-ouji-to-game-jikkyousha,学園の王子とゲーム実況者,4,KADOKAWA　∥　カドカワ:3 | KADOKAWA:1,KADOKAWA　∥　カドカワ,KADOKAWA=[4],no,[4]
gaman-shinai-de-hadesu-sama,我慢しないで、ハデス様。,4,リブレ　∥　リブレ:2 | リブレ:2,リブレ　∥　リブレ,"リブレ=[3, 4]",no,"[3, 4]"
gamer-ga-isekai-konten-shite-harem-jinsei-e-konteinyuu-suru-soudesu,ゲーマーが異世界魂転してハーレム人生へコンティニューするそうです,4,キルタイムコミュニケーション　∥　キルタイムコミュニケーション:2 | キルタイムコミュニケーション:2,キルタイムコミュニケーション　∥　キルタイムコミュニケーション,"キルタイムコミュニケーション=[3, 4]",no,"[3, 4]"
ganbare-douki-chan,がんばれ同期ちゃん,4,ジーオーティー　∥　ジーオーティー:3 | ジーオーティー:1,ジーオーティー　∥　ジーオーティー,ジーオーティー=[4],no,[4]
gareki,ガレキ!,4,小学館　∥　ショウガクカン:3 | 小学館:1,小学館　∥　ショウガクカン,小学館=[4],no,[4]
gene-bride,ジーンブライド,4,祥伝社　∥　ショウデンシャ:3 | 祥伝社:1,祥伝社　∥　ショウデンシャ,祥伝社=[4],no,[4]
genkai-dokushin-joshi-26-gohan,限界独身女子〈26〉ごはん,4,KADOKAWA　∥　カドカワ:2 | KADOKAWA:2,KADOKAWA　∥　カドカワ,"KADOKAWA=[3, 4]",no,"[3, 4]"
gentsuki,げんつき,4,メディアファクトリー　∥　メディア ファクトリー:2 | メディアファクトリー　∥　メディアファクトリー:1 | KADOKAWA　∥　カドカワ:1,メディアファクトリー　∥　メディア ファクトリー,メディアファクトリー　∥　メディアファクトリー=[2];KADOKAWA　∥　カドカワ=[4],no,"[2, 4]"
gin-no-sereira,銀のセレイラ,4,[発売]ジャイブ　∥　ジャイブ:3 | 宙出版　∥　オオゾラ シュッパン:1,[発売]ジャイブ　∥　ジャイブ,宙出版　∥　オオゾラ シュッパン=[1],no,[1]
girls-at-the-edge,ガールズ・アット・ジ・エッジ,4,ジーオーティー:3 | ジーオーティー　∥　ジーオーティー:1,ジーオーティー,ジーオーティー　∥　ジーオーティー=[1],no,[1]
girls-und-panzer,ガールズ＆パンツァー,4,メディアファクトリー　∥　メディア ファクトリー:2 | メディアファクトリー　∥　メディアファクトリー:1 | Kadokawa　∥　Kadokawa:1,メディアファクトリー　∥　メディア ファクトリー,メディアファクトリー　∥　メディアファクトリー=[3];Kadokawa　∥　Kadokawa=[4],no,"[3, 4]"
go-kainin,ご懐妊!!,4,スターツ出版　∥　スターツシュッパン:3 | スターツ出版:1,スターツ出版　∥　スターツシュッパン,スターツ出版=[4],no,[4]
gochisou-omega-wa-chuu-to-naku,ごちそうΩはチュウと鳴く,4,ブライト出版　∥　ブライトシュッパン:2 | ブライト出版:2,ブライト出版　∥　ブライトシュッパン,"ブライト出版=[3, 4]",no,"[3, 4]"
gokudou-maid-kun-wa-ojou-sama-o-ansatsu-shitai,極道メイドくんはお嬢様を暗殺したい,4,竹書房　∥　タケ ショボウ:2 | 竹書房:2,竹書房　∥　タケ ショボウ,"竹書房=[3, 4]",no,"[3, 4]"
gokudou-to-omega,極道とオメガ,4,笠倉出版社　∥　カサクラ シュッパンシャ:3 | 笠倉出版社:1,笠倉出版社　∥　カサクラ シュッパンシャ,笠倉出版社=[4],no,[4]
gokusatsudou-gregor,極殺道-グレゴール-,4,秋田書店　∥　アキタショテン:2 | 秋田書店:2,秋田書店　∥　アキタショテン,"秋田書店=[3, 4]",no,"[3, 4]"
gokusotsu-kuraaken,獄卒クラーケン,4,スクウェア・エニックス　∥　スクウェア ・ エニックス:3 | スクウェア・エニックス:1,スクウェア・エニックス　∥　スクウェア ・ エニックス,スクウェア・エニックス=[6],no,[6]
guitar-shop-rosie,ギターショップ・ロージー,4,小学館　∥　ショウガクカン:3 | 小学館:1,小学館　∥　ショウガクカン,小学館=[4],no,[4]
guranpuri-tengoku,グランプリ天国,4,三栄書房　∥　サンエイショボウ:2 | [発売]ニューズ出版　∥　ニューズ シュッパン:1 | [発売]三栄書房　∥　サンエイショボウ:1,三栄書房　∥　サンエイショボウ,[発売]ニューズ出版　∥　ニューズ シュッパン=[3];[発売]三栄書房　∥　サンエイショボウ=[4],no,"[3, 4]"
guruguru-tekuteku,ぐるぐるてくてく,4,LINE Digital Frontier　∥　ラインデジタルフロンティア:3 | LINE Digital Frontier　∥　LINE Digital Frontier:1,LINE Digital Frontier　∥　ラインデジタルフロンティア,LINE Digital Frontier　∥　LINE Digital Frontier=[3],no,[3]
gyakutai-sarete-ita-shouka-no-reijou-wa-seijo-no-chikara-o-te-ni-ire-mujikaku-ni-yousha-naku,虐待されていた商家の令嬢は聖女の力を手に入れ、無自覚に容赦なく逆襲する,4,秋田書店:3 | 秋田書店　∥　アキタショテン:1,秋田書店,秋田書店　∥　アキタショテン=[1],no,[1]
gyakuten-isekai-de-ikiokure-esu-rank-onna-boukensha-tachi-ni-semararete-imasu,逆転異世界で嫁き遅れSランク女冒険者たちに迫られています,4,KADOKAWA　∥　カドカワ:3 | KADOKAWA:1,KADOKAWA　∥　カドカワ,KADOKAWA=[4],no,[4]
haikei-mishiranu-danna-sama-rikon-shite-itadakimasu,拝啓見知らぬ旦那様、離婚していただきます,4,KADOKAWA　∥　カドカワ:2 | KADOKAWA:2,KADOKAWA　∥　カドカワ,"KADOKAWA=[3, 4]",no,"[3, 4]"
haikyo-no-meshi,廃墟のメシ,4,[発売]星雲社　∥　セイウンシャ:3 | [頒布]星雲社 (発売)　∥　セイウンシャ:1,[発売]星雲社　∥　セイウンシャ,[頒布]星雲社 (発売)　∥　セイウンシャ=[4],no,[4]
haitatsusaki-no-onee-san-ga-kowasugiru,配達先のお姉さんが怖すぎる,4,スクウェア・エニックス:3 | スクウェア・エニックス　∥　スクウェア ・ エニックス:1,スクウェア・エニックス,スクウェア・エニックス　∥　スクウェア ・ エニックス=[1],no,[1]
haji-o-shire-houjou-ayame,恥を知れ、方城あやめ。,4,講談社　∥　コウダンシャ:3 | 講談社:1,講談社　∥　コウダンシャ,講談社=[4],no,[4]
hakuouki,薄桜鬼,4,[発売]角川グループパブリッシング　∥　カドカワ グループ パブリッシング:3 | [発売]KADOKAWA　∥　カドカワ:1,[発売]角川グループパブリッシング　∥　カドカワ グループ パブリッシング,[発売]KADOKAWA　∥　カドカワ=[4],no,[4]
hanare-no-onee-san,はなれのおねえさん。,4,[発売]幻冬舎　∥　ゲントウシャ:2 | [頒布]幻冬舎　∥　ゲントウシャ:2,[発売]幻冬舎　∥　ゲントウシャ,"[頒布]幻冬舎　∥　ゲントウシャ=[3, 4]",no,"[3, 4]"
hanechin-to-bucky-no-oko-sama-shinryouroku,ハネチンとブッキーのお子さま診療録,4,コアミックス　∥　コアミックス:2 | コアミックス:2,コアミックス　∥　コアミックス,"コアミックス=[3, 4]",no,"[3, 4]"
hanger,HANGER,4,[発売]幻冬舎　∥　ゲントウシャ:3 | [頒布]幻冬舎　∥　ゲントウシャ:1,[発売]幻冬舎　∥　ゲントウシャ,[頒布]幻冬舎　∥　ゲントウシャ=[4],no,[4]
hangyaku-no-soul-eater,反逆のソウルイーター,4,アース・スターエンターテイメント　∥　アーススターエンターテイメント:2 | アース・スターエンターテイメント:2,アース・スターエンターテイメント　∥　アーススターエンターテイメント,"アース・スターエンターテイメント=[3, 4]",no,"[3, 4]"
hangyaku-no-yuusha,反逆の勇者,4,マイクロマガジン社　∥　マイクロマガジンシャ:2 | マイクロマガジン社:2,マイクロマガジン社　∥　マイクロマガジンシャ,"マイクロマガジン社=[3, 4]",no,"[3, 4]"
hanma-no-ryuukishi-wa-henkyou-ni-shuuchaku-dekiaisareru,半魔の竜騎士は、辺境伯に執着される,4,[頒布]星雲社:2 | [頒布]星雲社 (発売)　∥　セイウンシャ:1 | [頒布]星雲社　∥　セイウンシャ:1,[頒布]星雲社,[頒布]星雲社 (発売)　∥　セイウンシャ=[1];[頒布]星雲社　∥　セイウンシャ=[2],no,"[1, 2]"
haruyamachou-saabantsu,春山町サーバンツ,4,KADOKAWA　∥　カドカワ:2 | [発売]角川グループパブリッシング　∥　カドカワグループパブリッシング:1 | [発売]KADOKAWA　∥　カドカワ:1,KADOKAWA　∥　カドカワ,[発売]角川グループパブリッシング　∥　カドカワグループパブリッシング=[1];[発売]KADOKAWA　∥　カドカワ=[2],no,"[1, 2]"
harvest-march,ハーベストマーチ,4,秋田書店　∥　アキタ ショテン:3 | 秋田書店　∥　アキタショテン:1,秋田書店　∥　アキタ ショテン,秋田書店　∥　アキタショテン=[4],no,[4]
hataraku-saibou-neko,はたらく細胞猫,4,講談社　∥　コウダンシャ:2 | 講談社:2,講談社　∥　コウダンシャ,"講談社=[3, 4]",no,"[3, 4]"
hatsukoi-jihen,初恋事変,4,ハーパーコリンズ・ジャパン　∥　ハーパーコリンズジャパン:3 | ハーパーコリンズ・ジャパン:1,ハーパーコリンズ・ジャパン　∥　ハーパーコリンズジャパン,ハーパーコリンズ・ジャパン=[4],no,[4]
hayama-sensei-to-terano-sensei-wa-tsukiatte-iru,羽山先生と寺野先生は付き合っている,4,[発売]講談社　∥　コウダンシャ:3 | [頒布]講談社　∥　コウダンシャ:1,[発売]講談社　∥　コウダンシャ,[頒布]講談社　∥　コウダンシャ=[4],no,[4]
henkyou-no-binbou-hakushaku-ni-totsugu-koto-ni-natta-node-ryouchi-kaikaku-ni-hagemimasu,辺境の貧乏伯爵に嫁ぐことになったので領地改革に励みます,4,アース・スターエンターテイメント　∥　アーススターエンターテイメント:3 | アース・スターエンターテイメント:1,アース・スターエンターテイメント　∥　アーススターエンターテイメント,アース・スターエンターテイメント=[4],no,[4]
hentai-stalker-ni-nerawaretemasu,変態ストーカーに狙われてます,4,双葉社　∥　フタバシャ:2 | 双葉社:2,双葉社　∥　フタバシャ,"双葉社=[3, 4]",no,"[3, 4]"
hibi-ware-ningen,日々我人間,4,文藝春秋　∥　ブンゲイシュンジュウ:3 | 文藝春秋:1,文藝春秋　∥　ブンゲイシュンジュウ,文藝春秋=[4],no,[4]
hidamari-ga-kikoeru-shunka-shuutou,ひだまりが聴こえる-春夏秋冬-,4,[頒布]フランス書院 (発売)　∥　フランスショイン:2 | [頒布]フランス書院　∥　フランスショイン:1 | [頒布]フランス書院:1,[頒布]フランス書院 (発売)　∥　フランスショイン,[頒布]フランス書院　∥　フランスショイン=[3];[頒布]フランス書院=[4],no,"[3, 4]"
higashi-no-hate-doori-ibun,東のはて通り異聞,4,秋田書店　∥　アキタ ショテン:3 | 秋田書店　∥　アキタショテン:1,秋田書店　∥　アキタ ショテン,秋田書店　∥　アキタショテン=[4],no,[4]
higeki-no-heroine-buru-imouto-no-sei-de-konyaku-haki-shita-no-desu-naze-seigikan-no-tsuyoi-outaishi,悲劇のヒロインぶる妹のせいで婚約破棄したのですが、何故か正義感の強い王太子に絡まれるようになりました,4,オーバーラップ　∥　オーバーラップ:3 | オーバーラップ:1,オーバーラップ　∥　オーバーラップ,オーバーラップ=[4],no,[4]
higurashi-no-naku-koro-ni-rei,ひぐらしのなく頃に令,4,スクウェア・エニックス　∥　スクウェア ・ エニックス:2 | スクウェア・エニックス:2,スクウェア・エニックス　∥　スクウェア ・ エニックス,"スクウェア・エニックス=[3, 4]",no,"[3, 4]"
hiitoteki-love-dan,非意図的恋愛談,4,[頒布]一二三書房　∥　ヒフミショボウ:2 | 一二三書房:2,[頒布]一二三書房　∥　ヒフミショボウ,"一二三書房=[5, 6]",no,"[5, 6]"
hikari-no-hako,光の箱,4,小学館　∥　ショウガクカン:3 | 小学館:1,小学館　∥　ショウガクカン,小学館=[4],no,[4]
hikarishuppatsu-shinkou,ひかり!出発進行,4,自力制作出版　∥　ジリキ セイサク シュッパン:3 | 芳文社　∥　ホウブンシャ:1,自力制作出版　∥　ジリキ セイサク シュッパン,芳文社　∥　ホウブンシャ=[1],no,[1]
hikikomari-kyuuketsuki-no-monmon,ひきこまり吸血姫の悶々,4,スクウェア・エニックス　∥　スクウェア ・ エニックス:3 | スクウェア・エニックス:1,スクウェア・エニックス　∥　スクウェア ・ エニックス,スクウェア・エニックス=[4],no,[4]
hikikomori-renkinjutsushi-wa-hikikomorenai,引き籠り錬金術師は引き籠れない,4,KADOKAWA　∥　カドカワ:2 | KADOKAWA:2,KADOKAWA　∥　カドカワ,"KADOKAWA=[3, 4]",no,"[3, 4]"
himegimi-wa-wakaki-shogun-ni-oboreru,姫君は若き将軍に溺れる,4,[頒布]講談社　∥　コウダンシャ:2 | [頒布]講談社:2,[頒布]講談社　∥　コウダンシャ,"[頒布]講談社=[3, 4]",no,"[3, 4]"
himitsu-no-akko-chan-m,ひみつのアッコちゃんμ,4,[頒布]集英社 (発売)　∥　シュウエイシャ:3 | [発売]集英社　∥　シュウエイシャ:1,[頒布]集英社 (発売)　∥　シュウエイシャ,[発売]集英社　∥　シュウエイシャ=[1],no,[1]
hinekure-ryoushu-no-koufuku-tan,ひねくれ領主の幸福譚,4,オーバーラップ　∥　オーバーラップ:2 | オーバーラップ:2,オーバーラップ　∥　オーバーラップ,"オーバーラップ=[3, 4]",no,"[3, 4]"
hiramoto-no-jinseidou,ひらもとの人生道,4,デザインエッグ　∥　デザイン エッグ:2 | デザインエッグ:2,デザインエッグ　∥　デザイン エッグ,"デザインエッグ=[3, 4]",no,"[3, 4]"
hitokui-hime-no-cavaliere,人喰い姫のカヴァリエーレ,4,コアミックス　∥　コアミックス:3 | コアミックス:1,コアミックス　∥　コアミックス,コアミックス=[4],no,[4]
hizamazuite-kutsu-o-namero,跪いて靴を舐めろ,4,秋田書店　∥　アキタショテン:3 | 秋田書店　∥　アキタ ショテン:1,秋田書店　∥　アキタショテン,秋田書店　∥　アキタ ショテン=[3],yes,[3]
horeshou-no-half-elf-san,惚れ症のハーフエルフさん,4,キルタイムコミュニケーション　∥　キルタイムコミュニケーション:3 | キルタイムコミュニケーション:1,キルタイムコミュニケーション　∥　キルタイムコミュニケーション,キルタイムコミュニケーション=[4],no,[4]
hoshikuzu-nina,星屑ニーナ,4,[発売]角川グループパブリッシング　∥　カドカワ グループ パブリッシング:2 | [発売]角川グループパブリッシング　∥　カドカワグループパブリッシング:1 | KADOKAWA　∥　カドカワ:1,[発売]角川グループパブリッシング　∥　カドカワ グループ パブリッシング,[発売]角川グループパブリッシング　∥　カドカワグループパブリッシング=[3];KADOKAWA　∥　カドカワ=[4],no,"[3, 4]"
host-to-shachiku,ホストと社畜,4,双葉社:3 | 双葉社　∥　フタバシャ:1,双葉社,双葉社　∥　フタバシャ=[1],no,[1]
houkago-atelier-toiro,放課後アトリエといろ,4,[発売]角川グループパブリッシング　∥　カドカワ グループ パブリッシング:2 | [発売]角川グループパブリッシング　∥　カドカワグループパブリッシング:1 | [発売]角川グループホールディングス　∥　カドカワグループホールディングス:1,[発売]角川グループパブリッシング　∥　カドカワ グループ パブリッシング,[発売]角川グループパブリッシング　∥　カドカワグループパブリッシング=[3];[発売]角川グループホールディングス　∥　カドカワグループホールディングス=[4],no,"[3, 4]"
houkai-3rd-the-comic,崩壊3rd THE COMIC,4,KADOKAWA Game Linkage　∥　カドカワゲームリンケージ:3 | Gzブレイン　∥　ジーズブレイン:1,KADOKAWA Game Linkage　∥　カドカワゲームリンケージ,Gzブレイン　∥　ジーズブレイン=[1],no,[1]
hyakunin-no-hanzou,百人の半蔵,4,秋田書店　∥　アキタショテン:3 | 秋田書店　∥　アキタ ショテン:1,秋田書店　∥　アキタショテン,秋田書店　∥　アキタ ショテン=[1],no,[1]
hyouketsukei-koso-saikyou-desu,氷結系こそ最強です!,4,秋田書店:3 | 秋田書店　∥　アキタショテン:1,秋田書店,秋田書店　∥　アキタショテン=[1],no,[1]
hypnosis-mic-before-the-battle-the-dirty-dawg,ヒプノシスマイク-before the battle-the dirty dawg,4,講談社　∥　コウダンシャ:1 | [発売]講談社　∥　コウダンシャ:1,講談社　∥　コウダンシャ,[発売]講談社　∥　コウダンシャ=[2],no,[2]
ichijouma-mankitsu-gurashi,一畳間まんきつ暮らし!,4,芳文社　∥　ホウブンシャ:3 | 芳文社:1,芳文社　∥　ホウブンシャ,芳文社=[4],no,[4]
ichinen-ni-ichido-shika-aenai-kimi-no-hanashi,一年に一度しか会えない君の話。,4,[頒布]講談社:2 | 一迅社　∥　イチジンシャ:1 | [頒布]講談社　∥　コウダンシャ:1,[頒布]講談社,一迅社　∥　イチジンシャ=[1];[頒布]講談社　∥　コウダンシャ=[2],no,"[1, 2]"
idol-yameru-kedo-kekkon-shite-kuremasu-ka,アイドル辞めるけど結婚してくれますか!?,4,KADOKAWA:3 | KADOKAWA　∥　カドカワ:1,KADOKAWA,KADOKAWA　∥　カドカワ=[1],no,[1]
iguchi-junpei-wa-kyou-mo-yarenai,井口純平は今日もやれない,4,講談社　∥　コウダンシャ:3 | 講談社:1,講談社　∥　コウダンシャ,講談社=[4],no,[4]
iiden,いいでん!,4,[発売]KADOKAWA　∥　カドカワ:2 | [発売]角川グループパブリッシング　∥　カドカワグループパブリッシング:1 | KADOKAWA　∥　カドカワ:1,[発売]KADOKAWA　∥　カドカワ,[発売]角川グループパブリッシング　∥　カドカワグループパブリッシング=[1];KADOKAWA　∥　カドカワ=[3],no,"[1, 3]"
iisutoken,いーすとけん。,4,主婦と生活社　∥　シュフトセイカツシャ:3 | 主婦と生活社:1,主婦と生活社　∥　シュフトセイカツシャ,主婦と生活社=[4],no,[4]
ijin-tensei,偉人転生,4,竹書房　∥　タケ ショボウ:3 | 竹書房:1,竹書房　∥　タケ ショボウ,竹書房=[4],no,[4]
ijiwaru-na-haha-to-ane-ni-urareta-watashi-naze-wakagashira-ni-dekiai-dekiaisaretemasu,意地悪な母と姉に売られた私。何故か若頭に溺愛されてます,4,KADOKAWA　∥　カドカワ:2 | KADOKAWA:2,KADOKAWA　∥　カドカワ,"KADOKAWA=[3, 4]",no,"[3, 4]"
ikenie-toshite-suterareta-node-henkyou-ke-ni-jibun-o-urimasu,生贄として捨てられたので、辺境伯家に自分を売ります,4,KADOKAWA　∥　カドカワ:2 | KADOKAWA:2,KADOKAWA　∥　カドカワ,"KADOKAWA=[3, 4]",no,"[3, 4]"
ikinokori-renkinjutsushi-wa-machi-de-shizuka-ni-kurashitai-rinkan-no-mahouyaku,生き残り錬金術師は街で静かに暮らしたい～輪環の魔法薬～,4,KADOKAWA　∥　カドカワ:3 | KADOKAWA:1,KADOKAWA　∥　カドカワ,KADOKAWA=[4],no,[4]
ikuhyaku-seisou,幾百星霜,4,太田出版　∥　オオタ シュッパン:2 | 太田出版　∥　オオタシュッパン:2,太田出版　∥　オオタ シュッパン,"太田出版　∥　オオタシュッパン=[3, 4]",no,"[3, 4]"
imouto-ni-konyakusha-o-toraretara-juu-na-ouji-ni-kyuukon-saremashita,妹に婚約者を取られたら、獣な王子に求婚されました,4,[頒布]講談社　∥　コウダンシャ:3 | [頒布]講談社:1,[頒布]講談社　∥　コウダンシャ,[頒布]講談社=[4],no,[4]
inu-to-hasami-wa-tsukaiyou,犬とハサミは使いよう,4,[発売]角川グループパブリッシング　∥　カドカワグループパブリッシング:1 | [発売]角川グループホールディングス　∥　カドカワグループホールディングス:1 | [発売]KADOKAWA　∥　カドカワ:1 | KADOKAWA　∥　カドカワ:1,[発売]角川グループパブリッシング　∥　カドカワグループパブリッシング,[発売]角川グループホールディングス　∥　カドカワグループホールディングス=[2];[発売]KADOKAWA　∥　カドカワ=[3];KADOKAWA　∥　カドカワ=[4],no,"[2, 3, 4]"
inukai-san-wa-kakure-dekiai-joushi,犬飼さんは隠れ溺愛上司,4,ぶんか社　∥　ブンカシャ:2 | ぶんか社:2,ぶんか社　∥　ブンカシャ,"ぶんか社=[3, 4]",no,"[3, 4]"
iroha-drive,いろはドライブ,4,少年画報社　∥　ショウネンガホウシャ:3 | 少年画報社:1,少年画報社　∥　ショウネンガホウシャ,少年画報社=[4],no,[4]
iron-familia,アイアンファミリア,4,集英社　∥　シュウエイシャ:3 | 集英社:1,集英社　∥　シュウエイシャ,集英社=[6],no,[6]
ironna-onnanoko-to-kiss-o-shiteitara-yuri-kiss-ni-mezamete-shimaimashita,色んな女の子とキスをしていたら、百合キスに目覚めてしまいました…。,4,芳文社　∥　ホウブンシャ:3 | 芳文社:1,芳文社　∥　ホウブンシャ,芳文社=[4],no,[4]
isekai-de-zenra-yuusha-to-yobanaide,異世界で全裸勇者と呼ばないで,4,徳間書店　∥　トクマ ショテン:3 | 徳間書店:1,徳間書店　∥　トクマ ショテン,徳間書店=[4],no,[4]
isekai-henshuusha,異世界編集者,4,集英社　∥　シュウエイシャ:3 | 集英社:1,集英社　∥　シュウエイシャ,集英社=[4],no,[4]
isekai-hiroyuki,異世界ひろゆき,4,集英社　∥　シュウエイシャ:3 | 集英社:1,集英社　∥　シュウエイシャ,集英社=[4],no,[4]
isekai-hotel-he-youkoso,異世界ホテルへようこそ,4,少年画報社　∥　ショウネンガホウシャ:2 | 少年画報社:2,少年画報社　∥　ショウネンガホウシャ,"少年画報社=[3, 4]",no,"[3, 4]"
isekai-nonbiri-kaitakuki,異世界のんびり開拓記,4,ホビージャパン　∥　ホビー ジャパン:2 | ホビージャパン:2,ホビージャパン　∥　ホビー ジャパン,"ホビージャパン=[3, 4]",no,"[3, 4]"
isekai-wa-tenpure-ni-michiafurete-iru-attomaaku-comic,異世界は幸せ(テンプレ)に満ち溢れている@COMIC,4,TOブックス　∥　ティーオーブックス:3 | TOブックス:1,TOブックス　∥　ティーオーブックス,TOブックス=[4],no,[4]
itazura-oumu-no-seikatsu-zakki,いたずらオウムの生活雑記,4,[発売]講談社　∥　コウダンシャ:3 | KADOKAWA　∥　カドカワ:1,[発売]講談社　∥　コウダンシャ,KADOKAWA　∥　カドカワ=[1],no,[1]
itsuwari-no-ai,いつわりの愛,4,ジーオーティー　∥　ジーオーティー:3 | ジーオーティー:1,ジーオーティー　∥　ジーオーティー,ジーオーティー=[4],no,[4]
iyahaya-atami-kun,いやはや熱海くん,4,KADOKAWA　∥　カドカワ:2 | KADOKAWA:2,KADOKAWA　∥　カドカワ,"KADOKAWA=[3, 4]",no,"[3, 4]"
izure-saikyou-ni-itaru-tensei-mahoutsukai,いずれ最強に至る転生魔法使い,4,KADOKAWA　∥　カドカワ:3 | KADOKAWA:1,KADOKAWA　∥　カドカワ,KADOKAWA=[4],no,[4]
jaa-anta-ga-tsukutte-miroyo,じゃあ、あんたが作ってみろよ,4,ぶんか社　∥　ブンカシャ:2 | ぶんか社:2,ぶんか社　∥　ブンカシャ,"ぶんか社=[3, 4]",no,"[3, 4]"
janru-kaesasete-itadakimasu,ジャンル、変えさせて頂きます!,4,[頒布]講談社　∥　コウダンシャ:2 | [頒布]講談社:2,[頒布]講談社　∥　コウダンシャ,"[頒布]講談社=[3, 4]",no,"[3, 4]"
jashin-kankin-harem-de-isekai-seifuku,邪神監禁ハーレムで異世界征服!,4,KADOKAWA:3 | KADOKAWA　∥　カドカワ:1,KADOKAWA,KADOKAWA　∥　カドカワ=[1],no,[1]
jieijieiemu-joshi-juudoubu-monogatari-shakaijinhen,JJM女子柔道部物語社会人編,4,講談社:3 | 講談社　∥　コウダンシャ:1,講談社,講談社　∥　コウダンシャ=[1],no,[1]
jikan-no-arukikata,時間の歩き方,4,[発売]朝日新聞出版　∥　アサヒ シンブン シュッパン:2 | [発売]朝日新聞出版　∥　アサヒシンブンシュッパン:1 | 朝日新聞出版　∥　アサヒシンブンシュッパン:1,[発売]朝日新聞出版　∥　アサヒ シンブン シュッパン,[発売]朝日新聞出版　∥　アサヒシンブンシュッパン=[3];朝日新聞出版　∥　アサヒシンブンシュッパン=[4],no,"[3, 4]"
jiken-kisha-totoko,事件記者トトコ!,4,KADOKAWA　∥　カドカワ:3 | [発売]角川グループパブリッシング　∥　カドカワグループパブリッシング:1,KADOKAWA　∥　カドカワ,[発売]角川グループパブリッシング　∥　カドカワグループパブリッシング=[1],no,[1]
jikken-chiku-13,実験地区13,4,ジーオーティー　∥　ジーオーティー:2 | ジーオーティー:2,ジーオーティー　∥　ジーオーティー,"ジーオーティー=[3, 4]",no,"[3, 4]"
jingai-kyoushitsu-no-ningen-girai-kyoushi,人外教室の人間嫌い教師,4,KADOKAWA　∥　カドカワ:3 | KADOKAWA:1,KADOKAWA　∥　カドカワ,KADOKAWA=[4],no,[4]
jinrouki-uinvuruga-hangyakuhen,人狼機ウィンヴルガ-叛逆篇-,4,秋田書店　∥　アキタショテン:2 | 秋田書店:2,秋田書店　∥　アキタショテン,"秋田書店=[3, 4]",no,"[3, 4]"
jishou-akuyaku-reijou-na-tsuma-no-kansatsu-kiroku,自称悪役令嬢な妻の観察記録。,4,[頒布]星雲社 (発売)　∥　セイウンシャ:2 | [頒布]星雲社:2,[頒布]星雲社 (発売)　∥　セイウンシャ,"[頒布]星雲社=[3, 4]",no,"[3, 4]"
jishou-kareshi-ga-kitsuku-aishite-hanaremasen,自称♥彼氏がキツく愛して離れません,4,[発売]祥伝社　∥　ショウデンシャ:2 | [頒布]祥伝社　∥　ショウデンシャ:1 | [頒布]祥伝社:1,[発売]祥伝社　∥　ショウデンシャ,[頒布]祥伝社　∥　ショウデンシャ=[3];[頒布]祥伝社=[4],no,"[3, 4]"
joshidaisei-no-nichijou,女子大生の日常,4,KADOKAWA　∥　カドカワ:3 | Kadokawa　∥　Kadokawa:1,KADOKAWA　∥　カドカワ,Kadokawa　∥　Kadokawa=[1],no,[1]
josou-otoko-wa-skirt-o-nugitai,女装男子はスカートを脱ぎたい!,4,集英社:3 | 集英社　∥　シュウエイシャ:1,集英社,集英社　∥　シュウエイシャ=[1],no,[1]
joushi-ga-mukoiri,上司がムコ入り!?,4,[発売]フランス書院　∥　フランスショイン:2 | [頒布]フランス書院 (発売)　∥　フランスショイン:1 | [頒布]フランス書院　∥　フランスショイン:1,[発売]フランス書院　∥　フランスショイン,[頒布]フランス書院 (発売)　∥　フランスショイン=[3];[頒布]フランス書院　∥　フランスショイン=[4],no,"[3, 4]"
juu-joushi-ni-jitsu-wa-mitomerarete-ita-hanashi,獣上司に実は認められていた話,4,KADOKAWA　∥　カドカワ:3 | KADOKAWA:1,KADOKAWA　∥　カドカワ,KADOKAWA=[4],no,[4]
kaban-toshokan,鞄図書館,4,東京創元社　∥　トウキョウソウゲンシャ:3 | 東京創元社　∥　トウキョウ ソウゲンシャ:1,東京創元社　∥　トウキョウソウゲンシャ,東京創元社　∥　トウキョウ ソウゲンシャ=[1],no,[1]
kabuki-iza,かぶき伊左,4,[発売]角川グループパブリッシング　∥　カドカワグループパブリッシング:2 | KADOKAWA　∥　カドカワ:2,[発売]角川グループパブリッシング　∥　カドカワグループパブリッシング,"KADOKAWA　∥　カドカワ=[3, 4]",no,"[3, 4]"
kaden-tantei-wa-shizuka-ni-warau,家電探偵は静かに嗤う。,4,秋田書店　∥　アキタ ショテン:3 | 秋田書店　∥　アキタショテン:1,秋田書店　∥　アキタ ショテン,秋田書店　∥　アキタショテン=[4],no,[4]
kage-no-eiyuu-no-chiyu-gakari,影の英雄の治癒係,4,[頒布]講談社　∥　コウダンシャ:2 | [頒布]講談社:2,[頒布]講談社　∥　コウダンシャ,"[頒布]講談社=[3, 4]",no,"[3, 4]"
kaiso-ichigenchou-hanafuda,怪鼠一見帳・花札,4,ジーオーティー　∥　ジーオーティー:3 | ジーオーティー:1,ジーオーティー　∥　ジーオーティー,ジーオーティー=[4],no,[4]
kaketa-tsuki-to-doughnuts,欠けた月とドーナッツ,4,[発売]講談社　∥　コウダンシャ:2 | [頒布]講談社　∥　コウダンシャ:2,[発売]講談社　∥　コウダンシャ,"[頒布]講談社　∥　コウダンシャ=[3, 4]",no,"[3, 4]"
kakunaru-ue-wa,描くなるうえは,4,白泉社　∥　ハクセンシャ:3 | 白泉社:1,白泉社　∥　ハクセンシャ,白泉社=[6],no,[6]
kakure-saijo-wa-zenzen-megenai,隠れ才女は全然めげない,4,[頒布]星雲社:3 | [頒布]星雲社　∥　セイウンシャ:1,[頒布]星雲社,[頒布]星雲社　∥　セイウンシャ=[1],no,[1]
kakureboshi-wa-kokoro-o-tsunaide,隠れ星は心を繋いで,4,秋田書店　∥　アキタショテン:2 | 秋田書店:2,秋田書店　∥　アキタショテン,"秋田書店=[3, 4]",no,"[3, 4]"
kakuretenaide-deteoide,隠れてないで出ておいで,4,ブライト出版:3 | ブライト出版　∥　ブライトシュッパン:1,ブライト出版,ブライト出版　∥　ブライトシュッパン=[1],no,[1]
kamen-teacher,仮面ティーチャー,4,集英社　∥　シュウエイシャ:3 | 集英社:1,集英社　∥　シュウエイシャ,集英社=[3],no,[3]
kami-ni-homura-o,神にホムラを,4,講談社:3 | 講談社　∥　コウダンシャ:1,講談社,講談社　∥　コウダンシャ=[1],no,[1]
kami-sama-no-inai-nichiyoubi,神さまのいない日曜日,4,[発売]角川グループパブリッシング　∥　カドカワグループパブリッシング:2 | [発売]角川グループパブリッシング　∥　カドカワ グループ パブリッシング:1 | [発売]KADOKAWA　∥　カドカワ:1,[発売]角川グループパブリッシング　∥　カドカワグループパブリッシング,[発売]角川グループパブリッシング　∥　カドカワ グループ パブリッシング=[1];[発売]KADOKAWA　∥　カドカワ=[4],no,"[1, 4]"
kami-sama-no-puzzle,神様のパズル,4,[発売]ソフトバンククリエイティブ:3 | [発売]ほるぷ出版　∥　ホルプシュッパン:1,[発売]ソフトバンククリエイティブ,[発売]ほるぷ出版　∥　ホルプシュッパン=[4],no,[4]
kamigoroshi-no-maou-saijaku-shuzoku-ni-tensei-shi-shijou-saikyou-ni-naru,神殺しの魔王、最弱種族に転生し史上最強になる,4,スクウェア・エニックス　∥　スクウェア ・ エニックス:3 | スクウェア・エニックス:1,スクウェア・エニックス　∥　スクウェア ・ エニックス,スクウェア・エニックス=[4],no,[4]
kamiyama-san-no-kamibukuro-no-naka-niwa,紙山さんの紙袋の中には,4,ホビージャパン　∥　ホビー ジャパン:3 | ホビージャパン:1,ホビージャパン　∥　ホビー ジャパン,ホビージャパン=[4],no,[4]
kanjou-ga-tenkou-ni-hanei-dekiaisareru-tokushu-nouryoku-mochi-reijou-wa-konyaku-kaishou-sareta-node,感情が天候に反映される特殊能力持ち令嬢は婚約解消されたので不毛の大地へ嫁ぎたい,4,双葉社:3 | 双葉社　∥　フタバシャ:1,双葉社,双葉社　∥　フタバシャ=[1],no,[1]
kannou-sensei,官能先生,4,講談社　∥　コウダンシャ:3 | 講談社:1,講談社　∥　コウダンシャ,講談社=[4],no,[4]
kanojo-to-kare-no-kankei,彼女と彼の関係,4,KADOKAWA　∥　カドカワ:2 | KADOKAWA:2,KADOKAWA　∥　カドカワ,"KADOKAWA=[3, 4]",no,"[3, 4]"
kare-to-caret,彼とカレット。,4,KADOKAWA　∥　カドカワ:3 | [発売]角川グループパブリッシング　∥　カドカワグループパブリッシング:1,KADOKAWA　∥　カドカワ,[発売]角川グループパブリッシング　∥　カドカワグループパブリッシング=[1],no,[1]
karigurashi-no-ariettei,借りぐらしのアリエッティ,4,徳間書店　∥　トクマ ショテン:3 | 徳間書店:1,徳間書店　∥　トクマ ショテン,徳間書店=[3],no,[3]
kasouba-de-hataraku-boku-no-nichijou,火葬場で働く僕の日常,4,竹書房　∥　タケショボウ:3 | 竹書房:1,竹書房　∥　タケショボウ,竹書房=[5],no,[5]
katekyo,カテキョ!,4,コアマガジン　∥　コア マガジン:3 | コアマガジン　∥　コアマガジン:1,コアマガジン　∥　コア マガジン,コアマガジン　∥　コアマガジン=[4],no,[4]
kawaii-ore-no-oyome-san,カワイイ俺のお嫁さん,4,リブレ　∥　リブレ:3 | リブレ:1,リブレ　∥　リブレ,リブレ=[4],no,[4]
kayuuma,かゆうま,4,講談社　∥　コウダンシャ:2 | 講談社:2,講談社　∥　コウダンシャ,"講談社=[3, 4]",no,"[3, 4]"
keisatsu-3-kyoudai-wa-furyou-shoujo-ni-amasugiru,警察3兄弟は不良少女に甘すぎる,4,スクウェア・エニックス　∥　スクウェア ・ エニックス:3 | スクウェア・エニックス:1,スクウェア・エニックス　∥　スクウェア ・ エニックス,スクウェア・エニックス=[4],no,[4]
ken-mo-hororo,けんもほろろ,4,竹書房　∥　タケ ショボウ:3 | 竹書房　∥　タケショボウ:1,竹書房　∥　タケ ショボウ,竹書房　∥　タケショボウ=[1],no,[1]
ken-no-joou-to-rakuin-no-ko,剣の女王と烙印の仔,4,メディアファクトリー　∥　メディア ファクトリー:2 | メディアファクトリー　∥　メディアファクトリー:1 | KADOKAWA　∥　カドカワ:1,メディアファクトリー　∥　メディア ファクトリー,メディアファクトリー　∥　メディアファクトリー=[3];KADOKAWA　∥　カドカワ=[4],no,"[3, 4]"
ken-to-mahou-to-gakureki-shakai,剣と魔法と学歴社会,4,KADOKAWA:3 | KADOKAWA　∥　カドカワ:1,KADOKAWA,KADOKAWA　∥　カドカワ=[1],no,[1]
kenzen-robo-daimidaler,健全ロボダイミダラー,4,[発売]角川グループパブリッシング　∥　カドカワ グループ パブリッシング:3 | [発売]角川グループパブリッシング　∥　カドカワグループパブリッシング:1,[発売]角川グループパブリッシング　∥　カドカワ グループ パブリッシング,[発売]角川グループパブリッシング　∥　カドカワグループパブリッシング=[4],no,[4]
kichiku-gokudou-yabasugiru-dekiai,鬼畜極道、ヤバすぎる溺愛。,4,ジュネット　∥　ジュネット:2 | ジュネット:2,ジュネット　∥　ジュネット,"ジュネット=[3, 4]",no,"[3, 4]"
kikenai-yoru-wa-nai,聴けない夜は亡い,4,白泉社　∥　ハクセンシャ:3 | 白泉社:1,白泉社　∥　ハクセンシャ,白泉社=[4],no,[4]
kimi-ni-sosogu-100db,君に注ぐ100dB,4,リブレ　∥　リブレ:2 | リブレ:2,リブレ　∥　リブレ,"リブレ=[3, 4]",no,"[3, 4]"
kimi-no-na-o,キミノ名ヲ。,4,[発売]角川グループパブリッシング　∥　カドカワグループパブリッシング:2 | [発売]角川グループパブリッシング　∥　カドカワ グループ パブリッシング:1 | [発売]角川グループホールディングス　∥　カドカワグループホールディングス:1,[発売]角川グループパブリッシング　∥　カドカワグループパブリッシング,[発売]角川グループパブリッシング　∥　カドカワ グループ パブリッシング=[1];[発売]角川グループホールディングス　∥　カドカワグループホールディングス=[4],yes,"[1, 4]"
kininatteru-hito-ga-otoko-ja-nakatta,気になってる人が男じゃなかった,4,KADOKAWA　∥　カドカワ:2 | KADOKAWA:2,KADOKAWA　∥　カドカワ,"KADOKAWA=[3, 4]",no,"[3, 4]"
kiraware-majo-to-karada-ga-irekawatta-keredo-watashi-wa-kyou-mo-genki-ni-kurashite-imasu,嫌われ魔女と体が入れ替わったけれど、私は今日も元気に暮らしています!,4,秋田書店　∥　アキタショテン:2 | 秋田書店:2,秋田書店　∥　アキタショテン,"秋田書店=[3, 4]",no,"[3, 4]"
kiraware-tsuma-wa-eiyuu-shogun-to-rikon-shitai,嫌われ妻は、英雄将軍と離婚したい!,4,[頒布]講談社　∥　コウダンシャ:2 | [頒布]講談社:2,[頒布]講談社　∥　コウダンシャ,"[頒布]講談社=[3, 4]",no,"[3, 4]"
kisaragi-ibun,きさらぎ異聞,4,[頒布]講談社　∥　コウダンシャ:2 | [頒布]講談社:2,[頒布]講談社　∥　コウダンシャ,"[頒布]講談社=[3, 4]",no,"[3, 4]"
kishin-kakka-no-migawari-hanayome,鬼神閣下の身代わり花嫁,4,宙出版　∥　オオゾラ シュッパン:2 | 宙出版:2,宙出版　∥　オオゾラ シュッパン,"宙出版=[4, 5]",no,"[4, 5]"
kiss-de-fusaide-barenaide,キスでふさいで、バレないで。,4,ハーパーコリンズ・ジャパン　∥　ハーパーコリンズジャパン:3 | ハーパーコリンズ・ジャパン:1,ハーパーコリンズ・ジャパン　∥　ハーパーコリンズジャパン,ハーパーコリンズ・ジャパン=[4],no,[4]
kitsune-no-akuma-to-kuroi-gurimoa,狐の悪魔と黒い魔導書,4,[発売]角川グループパブリッシング　∥　カドカワ グループ パブリッシング:2 | [発売]角川グループパブリッシング　∥　カドカワグループパブリッシング:1 | [発売]角川グループホールディングス　∥　カドカワグループホールディングス:1,[発売]角川グループパブリッシング　∥　カドカワ グループ パブリッシング,[発売]角川グループパブリッシング　∥　カドカワグループパブリッシング=[3];[発売]角川グループホールディングス　∥　カドカワグループホールディングス=[4],no,"[3, 4]"
kiwa-kano-wakagashira-no-hatsukoi-wa-toriatsukai-chuui,極カノ～若頭の初恋は取扱注意～,4,小学館　∥　ショウガクカン:3 | 小学館:1,小学館　∥　ショウガクカン,小学館=[4],no,[4]
koala-enikki,コアラ絵日記,4,KADOKAWA　∥　カドカワ:2 | KADOKAWA:2,KADOKAWA　∥　カドカワ,"KADOKAWA=[4, 5]",no,"[4, 5]"
kodama-maria-bungaku-shuusei,児玉まりあ文学集成,4,リイド社　∥　リイドシャ:3 | リイド社:1,リイド社　∥　リイドシャ,リイド社=[4],no,[4]
koharu-no-sora-to-animal-life,こはるの空とアニマルライフ,4,KADOKAWA　∥　カドカワ:2 | KADOKAWA:2,KADOKAWA　∥　カドカワ,"KADOKAWA=[3, 4]",no,"[3, 4]"
koi-yori-aoku,恋より青く,4,[頒布]集英社:2 | [頒布]集英社 (発売)　∥　シュウエイシャ:1 | [頒布]集英社　∥　シュウエイシャ:1,[頒布]集英社,[頒布]集英社 (発売)　∥　シュウエイシャ=[1];[頒布]集英社　∥　シュウエイシャ=[2],no,"[1, 2]"
koisome-wa-ochiyuku-tsubaki-no-shita-de,恋い初めは落ちゆく椿の下で,4,オーバーラップ:3 | オーバーラップ　∥　オーバーラップ:1,オーバーラップ,オーバーラップ　∥　オーバーラップ=[1],no,[1]
komorebi-no-kuni,こもれびの国,4,ワニブックス　∥　ワニ ブックス:3 | ワニブックス　∥　ワニブックス:1,ワニブックス　∥　ワニ ブックス,ワニブックス　∥　ワニブックス=[4],no,[4]
konna-joushi-ni-okomarideshitara,こんな上司にお困りでしたら,4,秋田書店　∥　アキタ ショテン:2 | 秋田書店　∥　アキタショテン:2,秋田書店　∥　アキタ ショテン,"秋田書店　∥　アキタショテン=[3, 4]",no,"[3, 4]"
kono-ore-ga-maguro-joshi-to-no-sekkusu-nankani-oboreru-wake-ga-nai,この俺が、マグロ女子とのセックスなんかに溺れるワケがない。,4,[頒布]祥伝社　∥　ショウデンシャ:3 | [頒布]祥伝社 (発売)　∥　ショウデンシャ:1,[頒布]祥伝社　∥　ショウデンシャ,[頒布]祥伝社 (発売)　∥　ショウデンシャ=[1],no,[1]
kono-setsugen-de-kimi-ga-waratte-irareru-you-ni,この雪原で君が笑っていられるように,4,小学館　∥　ショウガクカン:3 | 小学館:1,小学館　∥　ショウガクカン,小学館=[4],no,[4]
konyaku-haki-sareta-gakeppuchi-reijou-wa-teikoku-no-koutei-denka-to-musubareru,婚約破棄された崖っぷち令嬢は、帝国の皇弟殿下と結ばれる,4,オーバーラップ　∥　オーバーラップ:2 | オーバーラップ:2,オーバーラップ　∥　オーバーラップ,"オーバーラップ=[3, 4]",no,"[3, 4]"
konyaku-haki-sareta-noni-moto-konyakusha-no-kekkonshiki-ni-shoutai-saremashita-kotowarenai-no-de,婚約破棄されたのに元婚約者の結婚式に招待されました。断れないので兄の友人に同行してもらいます。,4,スクウェア・エニックス　∥　スクウェア ・ エニックス:3 | スクウェア・エニックス:1,スクウェア・エニックス　∥　スクウェア ・ エニックス,スクウェア・エニックス=[4],no,[4]
konyakusha-ga-akuyaku-de-komattemasu,婚約者が悪役で困ってます,4,[発売]講談社　∥　コウダンシャ:3 | [頒布]講談社　∥　コウダンシャ:1,[発売]講談社　∥　コウダンシャ,[頒布]講談社　∥　コウダンシャ=[4],no,[4]
konyakusha-ga-ashita-kekkon-suru-sou-desu,婚約者が明日、結婚するそうです。,4,双葉社:3 | 双葉社　∥　フタバシャ:1,双葉社,双葉社　∥　フタバシャ=[1],no,[1]
korogaru-onna-to-koi-no-numa,転がる女と恋の沼,4,祥伝社　∥　ショウデンシャ:3 | 祥伝社:1,祥伝社　∥　ショウデンシャ,祥伝社=[4],no,[4]
koroshiya-no-oshi,殺し屋の推し,4,KADOKAWA　∥　カドカワ:2 | KADOKAWA:2,KADOKAWA　∥　カドカワ,"KADOKAWA=[3, 4]",no,"[3, 4]"
kotoshi-no-mitsuishi-san-wa-dokoka-okashii,今年の三石さんはどこかおかしい,4,KADOKAWA　∥　カドカワ:3 | KADOKAWA:1,KADOKAWA　∥　カドカワ,KADOKAWA=[4],no,[4]
koukoku-no-hiiro,皇国の緋色,4,スクウェア・エニックス　∥　スクウェア エニックス:3 | スクウェア・エニックス　∥　スクウェア ・ エニックス:1,スクウェア・エニックス　∥　スクウェア エニックス,スクウェア・エニックス　∥　スクウェア ・ エニックス=[4],no,[4]
kounoike-tsuyoshi-to-neko-no-ponta-nyaaaan,鴻池剛と猫のぽんたニャアアアン!,4,KADOKAWA　∥　カドカワ:3 | KADOKAWA:1,KADOKAWA　∥　カドカワ,KADOKAWA=[4],no,[4]
koutetsu-kishi-chevalion,鋼鉄奇士シュヴァリオン,4,KADOKAWA　∥　カドカワ:3 | [発売]角川グループパブリッシング　∥　カドカワグループパブリッシング:1,KADOKAWA　∥　カドカワ,[発売]角川グループパブリッシング　∥　カドカワグループパブリッシング=[1],no,[1]
kowa-meshi,こわメシ,4,少年画報社　∥　ショウネンガホウシャ:3 | 少年画報社:1,少年画報社　∥　ショウネンガホウシャ,少年画報社=[4],no,[4]
kozuka-buchou-gohan-isshokenmei-ni-dou-desu-ka,小塚部長、ごはん一緒にどうですか?,4,少年画報社　∥　ショウネンガホウシャ:3 | 少年画報社:1,少年画報社　∥　ショウネンガホウシャ,少年画報社=[4],no,[4]
kujou-san-wa-hitobanjuu-dakeru-do-zetsurin,九条さんは一晩中抱けるド絶倫,4,オーバーラップ　∥　オーバーラップ:3 | オーバーラップ:1,オーバーラップ　∥　オーバーラップ,オーバーラップ=[4],no,[4]
kuooto-half-r,クォート＆ハーフ（R）,4,[発売]朝日新聞出版　∥　アサヒ シンブン シュッパン:3 | 朝日ソノラマ　∥　アサヒ ソノラマ:1,[発売]朝日新聞出版　∥　アサヒ シンブン シュッパン,朝日ソノラマ　∥　アサヒ ソノラマ=[1],yes,[1]
kuriipii-cat-neko-to-watashi-no-kimyou-na-seikatsu,CreepyCat猫と私の奇妙な生活,4,[発売]講談社　∥　コウダンシャ:3 | [頒布]講談社 (発売)　∥　コウダンシャ:1,[発売]講談社　∥　コウダンシャ,[頒布]講談社 (発売)　∥　コウダンシャ=[4],no,[4]
kuroema,クロエマ,4,講談社　∥　コウダンシャ:2 | 講談社:2,講談社　∥　コウダンシャ,"講談社=[3, 4]",no,"[3, 4]"
kurogane-pukapukatai,黒鉄ぷかぷか隊,4,イカロス出版　∥　イカロス シュッパン:2 | イカロス出版　∥　イカロスシュッパン:2,イカロス出版　∥　イカロス シュッパン,"イカロス出版　∥　イカロスシュッパン=[3, 4]",no,"[3, 4]"
kuroganehime,くろがね姫,4,ワニブックス　∥　ワニブックス:3 | ワニブックス　∥　ワニ ブックス:1,ワニブックス　∥　ワニブックス,ワニブックス　∥　ワニ ブックス=[1],no,[1]
kuroneko-ace,黒猫エース,4,少年画報社　∥　ショウネン ガホウシャ:2 | 少年画報社　∥　ショウネンガホウシャ:2,少年画報社　∥　ショウネン ガホウシャ,"少年画報社　∥　ショウネンガホウシャ=[3, 4]",no,"[3, 4]"
kurumi-no-naka,胡桃の中,4,リブレ出版　∥　リブレ シュッパン:2 | リブレ　∥　リブレ:1,リブレ出版　∥　リブレ シュッパン,リブレ　∥　リブレ=[4],yes,[4]
kusuri-de-osanaku-natta-okage-de-reikoku-koushaku-sama-ni-hirowaremashita,薬で幼くなったおかげで冷酷公爵様に拾われました,4,KADOKAWA:3 | KADOKAWA　∥　カドカワ:1,KADOKAWA,KADOKAWA　∥　カドカワ=[1],no,[1]
kuzu-ningen-chiryou-shimasu-jinkaku-seikei-geka,クズ人間、治療します。,4,大誠社　∥　タイセイシャ:3 | 大誠社:1,大誠社　∥　タイセイシャ,大誠社=[4],no,[4]
kyou-furyou-o-hirou,今日、不良を拾う,4,KADOKAWA　∥　カドカワ:3 | KADOKAWA:1,KADOKAWA　∥　カドカワ,KADOKAWA=[4],no,[4]
kyou-kara-mirai,今日から未来,4,[頒布]小学館クリエイティブ (発売)　∥　ショウガクカンクリエイティブ:3 | [発売]小学館クリエイティブ　∥　ショウガクカンクリエイティブ:1,[頒布]小学館クリエイティブ (発売)　∥　ショウガクカンクリエイティブ,[発売]小学館クリエイティブ　∥　ショウガクカンクリエイティブ=[1],no,[1]
kyou-koshiba-aoi-ni-aetara,今日、小柴葵に会えたら。,4,[発売]講談社　∥　コウダンシャ:2 | [頒布]講談社　∥　コウダンシャ:2,[発売]講談社　∥　コウダンシャ,"[頒布]講談社　∥　コウダンシャ=[3, 4]",no,"[3, 4]"
kyou-no-hayakawa-san,今日の早川さん,4,早川書房　∥　ハヤカワ ショボウ:2 | 早川書房　∥　ハヤカワショボウ:2,早川書房　∥　ハヤカワ ショボウ,"早川書房　∥　ハヤカワショボウ=[3, 4]",no,"[3, 4]"
kyoudai-seido-no-aru-yankee-gakuen-de-kyou-mo-chigiri-o-semararetemasu,兄弟制度のあるヤンキー学園で、今日も契りを迫られてます,4,秋田書店　∥　アキタショテン:2 | 秋田書店:2,秋田書店　∥　アキタショテン,"秋田書店=[4, 5]",no,"[4, 5]"
kyouen-no-kikai-houki,競煙の機械箒,4,KADOKAWA　∥　カドカワ:2 | KADOKAWA:2,KADOKAWA　∥　カドカワ,"KADOKAWA=[3, 4]",no,"[3, 4]"
kyouran-kazoku-nikki,狂乱家族日記,4,エンターブレイン:2 | [発売]角川グループパブリッシング　∥　カドカワ グループ パブリッシング:2,エンターブレイン,"[発売]角川グループパブリッシング　∥　カドカワ グループ パブリッシング=[3, 4]",no,"[3, 4]"
kyoushirou-shounen-yakuzahen,京四郎 少年ヤクザ編,4,秋田書店:3 | 秋田書店　∥　アキタショテン:1,秋田書店,秋田書店　∥　アキタショテン=[1],no,[1]
kyubizumu-love,キュビズム・ラブ,4,[発売]角川グループパブリッシング　∥　カドカワ グループ パブリッシング:1 | [発売]角川グループパブリッシング　∥　カドカワグループパブリッシング:1 | [発売]角川グループホールディングス　∥　カドカワグループホールディングス:1 | KADOKAWA　∥　カドカワ:1,[発売]角川グループパブリッシング　∥　カドカワ グループ パブリッシング,[発売]角川グループパブリッシング　∥　カドカワグループパブリッシング=[2];[発売]角川グループホールディングス　∥　カドカワグループホールディングス=[3];KADOKAWA　∥　カドカワ=[4],no,"[2, 3, 4]"
kyuu-nana-hachi-yon,キューナナハチヨン,4,少年画報社　∥　ショウネンガホウシャ:3 | 少年画報社　∥　ショウネン ガホウシャ:1,少年画報社　∥　ショウネンガホウシャ,少年画報社　∥　ショウネン ガホウシャ=[2],no,[2]
kyuushin-tensei,球神転生,4,小学館:3 | 小学館　∥　ショウガクカン:1,小学館,小学館　∥　ショウガクカン=[1],no,[1]
kyuutei-majutsushi-no-konyakusha,宮廷魔術師の婚約者,4,KADOKAWA　∥　カドカワ:2 | KADOKAWA:2,KADOKAWA　∥　カドカワ,"KADOKAWA=[3, 4]",no,"[3, 4]"
level-1-de-idomu-shibari-play,レベル1で挑む縛りプレイ!,4,講談社:3 | 講談社　∥　コウダンシャ:1,講談社,講談社　∥　コウダンシャ=[1],no,[1]
little-busters-end-of-refrain,リトルバスターズ!End of Refrain,4,KADOKAWA　∥　カドカワ:2 | [発売]角川グループパブリッシング　∥　カドカワ グループ パブリッシング:1 | [発売]KADOKAWA　∥　カドカワ:1,KADOKAWA　∥　カドカワ,[発売]角川グループパブリッシング　∥　カドカワ グループ パブリッシング=[1];[発売]KADOKAWA　∥　カドカワ=[2],no,"[1, 2]"
little-busters-ex-the-4-koma,リトルバスターズ!EX the 4コマ,4,[発売]角川グループパブリッシング　∥　カドカワ グループ パブリッシング:2 | KADOKAWA　∥　カドカワ:2,[発売]角川グループパブリッシング　∥　カドカワ グループ パブリッシング,"KADOKAWA　∥　カドカワ=[3, 4]",yes,"[3, 4]"
log-horizon,ログ・ホライズン,4,KADOKAWA　∥　カドカワ:3 | [発売]角川グループパブリッシング　∥　カドカワグループパブリッシング:1,KADOKAWA　∥　カドカワ,[発売]角川グループパブリッシング　∥　カドカワグループパブリッシング=[1],no,[1]
love-kinshi-no-shiiiioo-wa-sokujitsu-kekkon-o-onozomi-desu,恋愛禁止のCEOは、即日結婚をお望みです,4,ハーパーコリンズ・ジャパン　∥　ハーパーコリンズジャパン:3 | ハーパーコリンズ・ジャパン:1,ハーパーコリンズ・ジャパン　∥　ハーパーコリンズジャパン,ハーパーコリンズ・ジャパン=[4],no,[4]
love-live-superstar-liella-kirakira-life-comic,ラブライブ!スーパースター!!liella! kila² life comic,4,KADOKAWA　∥　KADOKAWA:2 | KADOKAWA　∥　カドカワ:2,KADOKAWA　∥　KADOKAWA,"KADOKAWA　∥　カドカワ=[3, 4]",no,"[3, 4]"
lupin-tude,ルパン・エチュード,4,秋田書店　∥　アキタショテン:3 | 秋田書店　∥　アキタ ショテン:1,秋田書店　∥　アキタショテン,秋田書店　∥　アキタ ショテン=[4],no,[4]
lycanthrope-bouken-hoken,ライカンスロープ冒険保険,4,集英社　∥　シュウエイシャ:3 | 集英社:1,集英社　∥　シュウエイシャ,集英社=[4],no,[4]
mad-miniscape,マッドミニスケープ,4,KADOKAWA:3 | KADOKAWA　∥　カドカワ:1,KADOKAWA,KADOKAWA　∥　カドカワ=[1],no,[1]
madou-kikou,魔道機巧,4,集英社:3 | 集英社　∥　シュウエイシャ:1,集英社,集英社　∥　シュウエイシャ=[1],no,[1]
magdala-de-nemure,マグダラで眠れ,4,KADOKAWA　∥　カドカワ:3 | [発売]KADOKAWA　∥　カドカワ:1,KADOKAWA　∥　カドカワ,[発売]KADOKAWA　∥　カドカワ=[1],no,[1]
magical-dream-kirapichi-5,マジカル★ドリームキラピチ5,4,学研プラス　∥　ガッケン プラス:3 | [発売]学研マーケティング　∥　ガッケン マーケティング:1,学研プラス　∥　ガッケン プラス,[発売]学研マーケティング　∥　ガッケン マーケティング=[1],no,[1]
mahou-shoujo-ikusei-keikaku-f2p,魔法少女育成計画F2P,4,宝島社　∥　タカラジマシャ:2 | 宝島社:2,宝島社　∥　タカラジマシャ,"宝島社=[3, 4]",no,"[3, 4]"
mahou-shounen-natsuki-x-rabbits,魔法少年なつき×らびっツ,4,スクウェア・エニックス　∥　スクウェア ・ エニックス:2 | スクウェア・エニックス　∥　スクウェア エニックス:2,スクウェア・エニックス　∥　スクウェア ・ エニックス,"スクウェア・エニックス　∥　スクウェア エニックス=[3, 4]",no,"[3, 4]"
mahoui-rex-no-hentai-karte,魔法医レクスの変態カルテ,4,新潮社:3 | 新潮社　∥　シンチョウシャ:1,新潮社,新潮社　∥　シンチョウシャ=[1],no,[1]
maid-nara-touzen-desu,メイドなら当然です。,4,アース・スターエンターテイメント　∥　アーススターエンターテイメント:2 | アース・スターエンターテイメント:2,アース・スターエンターテイメント　∥　アーススターエンターテイメント,"アース・スターエンターテイメント=[2, 6]",no,"[2, 6]"
maid-wa-koisuru-hachiya-kun,メイドは恋する蜂谷くん,4,小学館　∥　ショウガクカン:3 | 小学館:1,小学館　∥　ショウガクカン,小学館=[4],no,[4]
maimai-maigoen,まいまいまいごえん,4,KADOKAWA　∥　カドカワ:3 | KADOKAWA:1,KADOKAWA　∥　カドカワ,KADOKAWA=[4],no,[4]
majo-no-hanaya-san,魔女の花屋さん,4,講談社:3 | 講談社　∥　コウダンシャ:1,講談社,講談社　∥　コウダンシャ=[1],no,[1]
majo-no-sukusuku-isekai-ikuji,魔女のすくすく異世界育児,4,少年画報社　∥　ショウネンガホウシャ:3 | 少年画報社:1,少年画報社　∥　ショウネンガホウシャ,少年画報社=[4],no,[4]
majo-to-ryouken,魔女と猟犬,4,スクウェア・エニックス　∥　スクウェア ・ エニックス:2 | スクウェア・エニックス:2,スクウェア・エニックス　∥　スクウェア ・ エニックス,"スクウェア・エニックス=[3, 4]",no,"[3, 4]"
man-of-rust,MAN OF RUST,4,講談社　∥　コウダンシャ:3 | 講談社:1,講談社　∥　コウダンシャ,講談社=[4],no,[4]
maooeru,まおーえる!,4,キルタイムコミュニケーション　∥　キルタイムコミュニケーション:3 | キルタイムコミュニケーション:1,キルタイムコミュニケーション　∥　キルタイムコミュニケーション,キルタイムコミュニケーション=[4],no,[4]
maou-gakuin-no-futekigousha,魔王学院の不適合者,4,スクウェア・エニックス　∥　スクウェア ・ エニックス:3 | スクウェア・エニックス　∥　スクウェアエニックス:1,スクウェア・エニックス　∥　スクウェア ・ エニックス,スクウェア・エニックス　∥　スクウェアエニックス=[4],no,[4]
maou-intai,魔王引退,4,大都社　∥　ダイトシャ:2 | [発売]大都社　∥　ダイトシャ:1 | 大都社:1,大都社　∥　ダイトシャ,[発売]大都社　∥　ダイトシャ=[1];大都社=[4],no,"[1, 4]"
maou-sama-exchange,魔王さまエクスチェンジ!!,4,集英社　∥　シュウエイシャ:3 | 集英社:1,集英社　∥　シュウエイシャ,集英社=[4],no,[4]
maou-sama-wa-aima-de-shiritai,魔王様はあいまで知りたい。,4,スクウェア・エニックス　∥　スクウェア ・ エニックス:2 | スクウェア・エニックス:2,スクウェア・エニックス　∥　スクウェア ・ エニックス,"スクウェア・エニックス=[3, 4]",no,"[3, 4]"
maru-sankaku-shikaku-higashimura-2024,まるさんかくしかく,4,小学館　∥　ショウガクカン:2 | 小学館:2,小学館　∥　ショウガクカン,"小学館=[4, 5]",no,"[4, 5]"
maryoku-ga-nai-to-kandou-saremashita-ga-oukyuu-de-seijo-hajimemasu,魔力がないと勘当されましたが、王宮で聖女はじめます,4,KADOKAWA　∥　カドカワ:2 | KADOKAWA:2,KADOKAWA　∥　カドカワ,"KADOKAWA=[3, 4]",no,"[3, 4]"
maryoku-mugen-no-mana-pootaa,《魔力無限》のマナポーター,4,双葉社:3 | 双葉社　∥　フタバシャ:1,双葉社,双葉社　∥　フタバシャ=[1],no,[1]
mask-o-totta-kanata-kun-wa-etchi-de-dekiai-de-chotto-haraguroi,マスクを取った奏多くんはえっちで溺愛で、ちょっと腹黒い。,4,[頒布]祥伝社　∥　ショウデンシャ:3 | [頒布]祥伝社:1,[頒布]祥伝社　∥　ショウデンシャ,[頒布]祥伝社=[4],no,[4]
matsumoto-purittsu-no-fuufu-manzai-tabi-tokidoki-3-shimai,松本ぷりっつの夫婦漫才旅ときどき3姉妹,4,KADOKAWA　∥　カドカワ:2 | KADOKAWA:2,KADOKAWA　∥　カドカワ,"KADOKAWA=[3, 4]",no,"[3, 4]"
me-no-mae-no-kami-sama,目の前の神様,4,集英社　∥　シュウエイシャ:2 | 集英社:2,集英社　∥　シュウエイシャ,"集英社=[3, 4]",no,"[3, 4]"
meikyuu-shokudou-maoukutsu-e-youkoso,迷宮食堂『魔王窟』へようこそ,4,秋田書店　∥　アキタショテン:2 | 秋田書店:2,秋田書店　∥　アキタショテン,"秋田書店=[3, 4]",no,"[3, 4]"
meitei-kaijuu-sakaba-2nd,酩酊!怪獣酒場2nd,4,[発売]小学館クリエイティブ　∥　ショウガクカンクリエイティブ:3 | ヒーローズ　∥　ヒーローズ:1,[発売]小学館クリエイティブ　∥　ショウガクカンクリエイティブ,ヒーローズ　∥　ヒーローズ=[4],no,[4]
meiten-restaurant,冥天レストラン,4,小学館　∥　ショウガクカン:3 | 小学館:1,小学館　∥　ショウガクカン,小学館=[4],no,[4]
menou-no-ryuu,瑪瑙之竜,4,[発売]角川グループパブリッシング　∥　カドカワ グループ パブリッシング:2 | [発売]角川グループパブリッシング　∥　カドカワグループパブリッシング:1 | KADOKAWA　∥　カドカワ:1,[発売]角川グループパブリッシング　∥　カドカワ グループ パブリッシング,[発売]角川グループパブリッシング　∥　カドカワグループパブリッシング=[3];KADOKAWA　∥　カドカワ=[4],no,"[3, 4]"
merry-uitchiizu-life,メリー・ウィッチーズ・ライフ,4,主婦と生活社　∥　シュフトセイカツシャ:2 | 主婦と生活社:2,主婦と生活社　∥　シュフトセイカツシャ,"主婦と生活社=[3, 4]",no,"[3, 4]"
mi-ni-oboe-no-nai-wake-de-konyaku-haki-saremashita-keredo-kamen-no-shita-ga-minikui-da-nante-ittai,身に覚えのない理由で婚約破棄されましたけれど、仮面の下が醜いだなんて、一体誰が言ったのかしら?,4,集英社　∥　シュウエイシャ:3 | 集英社:1,集英社　∥　シュウエイシャ,集英社=[4],no,[4]
mibu-gishiden,壬生義士伝,4,[発売]角川グループパブリッシング　∥　カドカワ グループ パブリッシング:2 | 講談社　∥　コウダンシャ:2,[発売]角川グループパブリッシング　∥　カドカワ グループ パブリッシング,"講談社　∥　コウダンシャ=[3, 4]",no,"[3, 4]"
mida-love,みだlove♪,4,一迅社　∥　イチジンシャ:2 | [発売]講談社　∥　コウダンシャ:2,一迅社　∥　イチジンシャ,"[発売]講談社　∥　コウダンシャ=[3, 4]",no,"[3, 4]"
mikako-72-sai,ミカコ72歳,4,コアミックス　∥　コアミックス:3 | コアミックス:1,コアミックス　∥　コアミックス,コアミックス=[4],no,[4]
mikazuki-to-neko,三日月とネコ,4,集英社　∥　シュウエイシャ:3 | [発売]徳間書店　∥　トクマ ショテン:1,集英社　∥　シュウエイシャ,[発売]徳間書店　∥　トクマ ショテン=[1],no,[1]
mikke-neko-banashi,みっけ!ねこむかしばなし,4,KADOKAWA　∥　カドカワ:3 | KADOKAWA:1,KADOKAWA　∥　カドカワ,KADOKAWA=[4],no,[4]
military-otsugata,みりたり!乙型,4,一迅社　∥　イチジンシャ:3 | [発売]講談社　∥　コウダンシャ:1,一迅社　∥　イチジンシャ,[発売]講談社　∥　コウダンシャ=[4],no,[4]
milk-chocoloate,ミルクチョコレート,4,スクウェア・エニックス　∥　スクウェア ・ エニックス:3 | スクウェア・エニックス:1,スクウェア・エニックス　∥　スクウェア ・ エニックス,スクウェア・エニックス=[4],no,[4]
minus-skill-mochi-yonin-ga-atsumattara-nanka-synergy-hakki-shite-saikyou-party-ga-dekita-ken,マイナススキル持ち四人が集まったら、なんかシナジー発揮して最強パーティーができた件,4,スクウェア・エニックス　∥　スクウェア ・ エニックス:3 | スクウェア・エニックス:1,スクウェア・エニックス　∥　スクウェア ・ エニックス,スクウェア・エニックス=[4],no,[4]
mirai-de-reiguuhi-ni-naru-hazu-nanoni-nandaka-yousu-ga-okashii-no-desu,未来で冷遇妃になるはずなのに、なんだか様子がおかしいのですが…,4,集英社:3 | 集英社　∥　シュウエイシャ:1,集英社,集英社　∥　シュウエイシャ=[1],no,[1]
mirrorman-2d,ミラーマン2D,4,[頒布]小学館クリエイティブ (発売)　∥　ショウガクカンクリエイティブ:3 | [頒布]小学館クリエイティブ　∥　ショウガクカンクリエイティブ:1,[頒布]小学館クリエイティブ (発売)　∥　ショウガクカンクリエイティブ,[頒布]小学館クリエイティブ　∥　ショウガクカンクリエイティブ=[4],no,[4]
misaki-kun-wa-kouryaku-chara-ja-nai,三咲くんは攻略キャラじゃない,4,新潮社:3 | 新潮社　∥　シンチョウシャ:1,新潮社,新潮社　∥　シンチョウシャ=[1],no,[1]
mishimaya-henchou-hyakumonogatari,三島屋変調百物語,4,KADOKAWA　∥　カドカワ:3 | KADOKAWA:1,KADOKAWA　∥　カドカワ,KADOKAWA=[4],no,[4]
mission,みっしょん!!,4,講談社　∥　コウダンシャ:2 | 講談社:2,講談社　∥　コウダンシャ,"講談社=[4, 5]",no,"[4, 5]"
mitsu-no-shima,蜜の島,4,講談社　∥　コウダンシャ:3 | 講談社:1,講談社　∥　コウダンシャ,講談社=[3],no,[3]
mitsu-to-doku,蜜と毒,4,双葉社　∥　フタバシャ:2 | viviON　∥　ヴィヴィオン:2,双葉社　∥　フタバシャ,"viviON　∥　ヴィヴィオン=[3, 4]",no,"[3, 4]"
mitsukuniden,光圀伝,4,KADOKAWA　∥　カドカワ:2 | [発売]角川グループパブリッシング　∥　カドカワグループパブリッシング:1 | [発売]KADOKAWA　∥　カドカワ:1,KADOKAWA　∥　カドカワ,[発売]角川グループパブリッシング　∥　カドカワグループパブリッシング=[1];[発売]KADOKAWA　∥　カドカワ=[2],no,"[1, 2]"
mitsuru-quest,ミツルクエスト!,4,集英社　∥　シュウエイシャ:2 | 集英社:2,集英社　∥　シュウエイシャ,"集英社=[3, 4]",no,"[3, 4]"
mizukoshi-kun-wa-futtou-shitakunai-noni,水越くんは沸騰したくないのに,4,徳間書店　∥　トクマ ショテン:2 | 徳間書店:2,徳間書店　∥　トクマ ショテン,"徳間書店=[3, 4]",no,"[3, 4]"
mobile-suit-gundam-00f,機動戦士ガンダム00F,4,角川グループパブリッシング（発売）　∥　カドカワ グループ パブリッシング:3 | [発売]角川グループパブリッシング　∥　カドカワ グループ パブリッシング:1,角川グループパブリッシング（発売）　∥　カドカワ グループ パブリッシング,[発売]角川グループパブリッシング　∥　カドカワ グループ パブリッシング=[1],no,[1]
mobile-suit-gundam-seed-eclipse,機動戦士ガンダムSEED ECLIPSE,4,KADOKAWA　∥　カドカワ:3 | KADOKAWA:1,KADOKAWA　∥　カドカワ,KADOKAWA=[4],no,[4]
mobile-suit-gundam-u-c-0094-across-the-sky,機動戦士ガンダムU.C.0094アクロス・ザ・スカイ,4,KADOKAWA　∥　カドカワ:3 | [発売]KADOKAWA　∥　カドカワ:1,KADOKAWA　∥　カドカワ,[発売]KADOKAWA　∥　カドカワ=[1],no,[1]
mobile-teikoku-oobitaria,起動帝国オービタリア,4,少年画報社　∥　ショウネンガホウシャ:3 | 少年画報社　∥　ショウネン ガホウシャ:1,少年画報社　∥　ショウネンガホウシャ,少年画報社　∥　ショウネン ガホウシャ=[1],no,[1]
mobile-zekki-gundam-sequel,機動絶記ガンダムSEQUEL,4,[頒布]小学館クリエイティブ (発売)　∥　ショウガクカンクリエイティブ:2 | [頒布]小学館クリエイティブ　∥　ショウガクカンクリエイティブ:1 | [頒布]小学館クリエイティブ:1,[頒布]小学館クリエイティブ (発売)　∥　ショウガクカンクリエイティブ,[頒布]小学館クリエイティブ　∥　ショウガクカンクリエイティブ=[3];[頒布]小学館クリエイティブ=[4],no,"[3, 4]"
momomoke-restaurant,ももも怪レストラン,4,スクウェア・エニックス　∥　スクウェア エニックス:2 | スクウェア・エニックス　∥　スクウェア ・ エニックス:2,スクウェア・エニックス　∥　スクウェア エニックス,"スクウェア・エニックス　∥　スクウェア ・ エニックス=[3, 4]",no,"[3, 4]"
mondaijitachi-ga-isekai-kara-kurusoudesuyo,問題児たちが異世界から来るそうですよ?,4,[発売]角川グループパブリッシング　∥　カドカワグループパブリッシング:2 | KADOKAWA　∥　KADOKAWA:1 | KADOKAWA　∥　カドカワ:1,[発売]角川グループパブリッシング　∥　カドカワグループパブリッシング,KADOKAWA　∥　KADOKAWA=[3];KADOKAWA　∥　カドカワ=[4],no,"[3, 4]"
mosukuwa-2160,モスクワ2160,4,スクウェア・エニックス　∥　スクウェア ・ エニックス:2 | スクウェア・エニックス:2,スクウェア・エニックス　∥　スクウェア ・ エニックス,"スクウェア・エニックス=[3, 4]",no,"[3, 4]"
moto-akuyaku-reijou-makimodotta-no-de-ouji-sama-kara-tousou-shiyou-to-omoimasu,元悪役令嬢、巻き戻ったので王子様から逃走しようと思います!,4,マイクロマガジン社　∥　マイクロマガジンシャ:3 | マイクロマガジン社:1,マイクロマガジン社　∥　マイクロマガジンシャ,マイクロマガジン社=[4],no,[4]
moto-yuusha-wa-monster-musume-ni-yaburaretai,元勇者はモンスター娘に敗られたい,4,KADOKAWA:3 | KADOKAWA　∥　カドカワ:1,KADOKAWA,KADOKAWA　∥　カドカワ=[1],no,[1]
motto-atsumare-falcom-gakuen,も～っと集まれ!ファルコム学園,4,[頒布]メディアパル (発売)　∥　メディアパル:3 | [発売]メディアパル　∥　メディアパル:1,[頒布]メディアパル (発売)　∥　メディアパル,[発売]メディアパル　∥　メディアパル=[1],no,[1]
motto-hinekure-chaser,もっと!ひねくれチェイサー,4,一迅社　∥　イチジンシャ:2 | [発売]講談社　∥　コウダンシャ:2,一迅社　∥　イチジンシャ,"[発売]講談社　∥　コウダンシャ=[3, 4]",no,"[3, 4]"
mousou-elektel,妄想エレキテル,4,コアマガジン　∥　コア マガジン:2 | コアマガジン　∥　コアマガジン:2,コアマガジン　∥　コア マガジン,"コアマガジン　∥　コアマガジン=[3, 4]",no,"[3, 4]"
muchuu-de-tsunagaru-4,夢中でつながる午前4時,4,[頒布]講談社 (発売)　∥　コウダンシャ:2 | [頒布]講談社　∥　コウダンシャ:1 | [頒布]講談社:1,[頒布]講談社 (発売)　∥　コウダンシャ,[頒布]講談社　∥　コウダンシャ=[3];[頒布]講談社=[4],no,"[3, 4]"
mugyu-hagu-dakede-iki-sou,むぎゅ…ハグだけでイキそう!?,4,[頒布]青泉社　∥　セイセンシャ:3 | [発売]青泉社　∥　セイセンシャ:1,[頒布]青泉社　∥　セイセンシャ,[発売]青泉社　∥　セイセンシャ=[1],no,[1]
mukan-no-kishi-youjo-ni-tensei-suru,無冠の棋士、幼女に転生する,4,秋田書店　∥　アキタショテン:2 | 秋田書店:2,秋田書店　∥　アキタショテン,"秋田書店=[3, 4]",no,"[3, 4]"
munakata-kyouju-selection,宗像教授セレクション,4,小学館:3 | 小学館　∥　ショウガクカン:1,小学館,小学館　∥　ショウガクカン=[1],no,[1]
munou-saijo-wa-akujo-ni-naritai,無能才女は悪女になりたい,4,KADOKAWA:3 | KADOKAWA　∥　カドカワ:1,KADOKAWA,KADOKAWA　∥　カドカワ=[1],no,[1]
mushiokuri-no-miko,虫葬りの巫女,4,[頒布]小学館クリエイティブ (発売)　∥　ショウガクカンクリエイティブ:3 | [頒布]小学館クリエイティブ　∥　ショウガクカンクリエイティブ:1,[頒布]小学館クリエイティブ (発売)　∥　ショウガクカンクリエイティブ,[頒布]小学館クリエイティブ　∥　ショウガクカンクリエイティブ=[4],no,[4]
mushoku-no-saikyou-kenja,無職の最強賢者,4,双葉社　∥　フタバシャ:3 | 双葉社:1,双葉社　∥　フタバシャ,双葉社=[4],no,[4]
mutant-turtles-classic-collection,ミュータントタートルズクラシックコレクション,4,フェーズシックス　∥　フェーズシックス:3 | フェーズシックス:1,フェーズシックス　∥　フェーズシックス,フェーズシックス=[4],no,[4]
nakimushi-oni-san-hiroimashita,泣き虫鬼さん拾いました,4,小学館　∥　ショウガクカン:2 | 小学館:2,小学館　∥　ショウガクカン,"小学館=[3, 4]",no,"[3, 4]"
nanado-nado-nado,ななどなどなど,4,芳文社　∥　ホウブンシャ:3 | 芳文社:1,芳文社　∥　ホウブンシャ,芳文社=[4],no,[4]
nandemo-iikara-kiete-kure,何でもいいから消えてくれ,4,大洋図書　∥　タイヨウ トショ:3 | 大洋図書:1,大洋図書　∥　タイヨウ トショ,大洋図書=[4],no,[4]
nando-dakaretatte-suki-ni-nanka-naranaiyo,何度抱かれたって、好きになんかならないよ。,4,[頒布]星雲社:2 | [頒布]星雲社 (発売)　∥　セイウンシャ:1 | [頒布]星雲社　∥　セイウンシャ:1,[頒布]星雲社,[頒布]星雲社 (発売)　∥　セイウンシャ=[2];[頒布]星雲社　∥　セイウンシャ=[3],no,"[2, 3]"
naori-wa-shinai-ga-mashi-ni-naru,なおりはしないが、ましになる,4,小学館　∥　ショウガクカン:3 | 小学館:1,小学館　∥　ショウガクカン,小学館=[4],no,[4]
nareru-esuii,なれる!SE,4,[発売]角川グループパブリッシング　∥　カドカワ グループ パブリッシング:1 | [発売]角川グループパブリッシング　∥　カドカワグループパブリッシング:1 | [発売]角川グループホールディングス　∥　カドカワグループホールディングス:1 | KADOKAWA　∥　カドカワ:1,[発売]角川グループパブリッシング　∥　カドカワ グループ パブリッシング,[発売]角川グループパブリッシング　∥　カドカワグループパブリッシング=[2];[発売]角川グループホールディングス　∥　カドカワグループホールディングス=[3];KADOKAWA　∥　カドカワ=[4],no,"[2, 3, 4]"
nariyuki-de-konyaku-o-moushikonda-yowaki-binbou-reijou-desu-naze-jiki-koushaku-sama-ni-dekiai,成り行きで婚約を申し込んだ弱気貧乏令嬢ですが、何故か次期公爵様に溺愛されて囚われています@Comic,4,TOブックス　∥　ティーオーブックス:3 | TOブックス:1,TOブックス　∥　ティーオーブックス,TOブックス=[4],no,[4]
negai-ai,ねがいあい,4,集英社:3 | 集英社　∥　シュウエイシャ:1,集英社,集英社　∥　シュウエイシャ=[1],no,[1]
neko-banashi-pandania-2020,ねこむかしばなし,4,KADOKAWA　∥　カドカワ:3 | KADOKAWA:1,KADOKAWA　∥　カドカワ,KADOKAWA=[4],no,[4]
neko-de-yokereba,ねこでよければ,4,[頒布]集英社 (発売)　∥　シュウエイシャ:3 | [発売]集英社　∥　シュウエイシャ:1,[頒布]集英社 (発売)　∥　シュウエイシャ,[発売]集英社　∥　シュウエイシャ=[1],no,[1]
neko-youkai-gorogoro,ねこようかいゴロゴロ,4,竹書房:2 | 竹書房　∥　タケ ショボウ:1 | 竹書房　∥　タケショボウ:1,竹書房,竹書房　∥　タケ ショボウ=[1];竹書房　∥　タケショボウ=[9],no,"[1, 9]"
neko-youkai-mugyutsu,ねこようかいムギュッ!,4,竹書房:2 | 竹書房　∥　タケ ショボウ:1 | 竹書房　∥　タケショボウ:1,竹書房,竹書房　∥　タケ ショボウ=[1];竹書房　∥　タケショボウ=[9],no,"[1, 9]"
neko-youkai,ねこようかい,4,竹書房:2 | 竹書房　∥　タケ ショボウ:1 | 竹書房　∥　タケショボウ:1,竹書房,竹書房　∥　タケ ショボウ=[1];竹書房　∥　タケショボウ=[9],no,"[1, 9]"
nemurenu-yoru-wa-cake-o-yaite,眠れぬ夜はケーキを焼いて,4,KADOKAWA　∥　カドカワ:3 | KADOKAWA:1,KADOKAWA　∥　カドカワ,KADOKAWA=[4],no,[4]
nenrei-seigen-tsuki-otomege-no-akuyaku-reijou-desu-katabutsu-kishi-sama-ga-yuushuu-sugite-aaru,年齢制限付き乙女ゲーの悪役令嬢ですが、堅物騎士様が優秀過ぎてRイベントが一切おきない,4,竹書房　∥　タケ ショボウ:2 | 竹書房:2,竹書房　∥　タケ ショボウ,"竹書房=[3, 4]",no,"[3, 4]"
netorare-ai,寝とられあい,4,芳文社:3 | 芳文社　∥　ホウブンシャ:1,芳文社,芳文社　∥　ホウブンシャ=[1],no,[1]
nigoru-hitomi-de-nani-o-negau,濁る瞳で何を願う,4,講談社　∥　コウダンシャ:2 | 講談社:2,講談社　∥　コウダンシャ,"講談社=[3, 4]",no,"[3, 4]"
niito-kunoichi-to-naze-dousei-hajimemashita,ニートくノ一となぜか同棲はじめました,4,KADOKAWA　∥　カドカワ:3 | KADOKAWA:1,KADOKAWA　∥　カドカワ,KADOKAWA=[4],no,[4]
nijisanji,にじさんじ,4,小学館　∥　ショウガクカン:2 | 小学館:2,小学館　∥　ショウガクカン,"小学館=[3, 4]",no,"[3, 4]"
nimotsumochi-no-noukin-musou,荷物持ちの脳筋無双,4,講談社　∥　コウダンシャ:2 | 講談社:2,講談社　∥　コウダンシャ,"講談社=[3, 4]",no,"[3, 4]"
ningen-no-kaikata,ニンゲンの飼い方,4,KADOKAWA:3 | KADOKAWA　∥　カドカワ:1,KADOKAWA,KADOKAWA　∥　カドカワ=[1],no,[1]
ningyo-to-ouji-to-usotsuki-akuma,人魚と王子とウソツキ悪魔,4,竹書房　∥　タケ ショボウ:2 | 竹書房:2,竹書房　∥　タケ ショボウ,"竹書房=[3, 4]",no,"[3, 4]"
ninin-ga-shinobu-den-plus,ニニンがシノブ伝ぷらす,4,KADOKAWA　∥　カドカワ:3 | KADOKAWA:1,KADOKAWA　∥　カドカワ,KADOKAWA=[4],no,[4]
niwaka-reijou-wa-outaishi-denka-no-yatoware-konyakusha,にわか令嬢は王太子殿下の雇われ婚約者,4,[発売]講談社　∥　コウダンシャ:2 | [頒布]講談社　∥　コウダンシャ:2,[発売]講談社　∥　コウダンシャ,"[頒布]講談社　∥　コウダンシャ=[3, 4]",no,"[3, 4]"
nobunaga-birth,ノブナガバース,4,コアミックス　∥　コアミックス:3 | コアミックス:1,コアミックス　∥　コアミックス,コアミックス=[4],no,[4]
noesis,NOeSIS,4,スクウェア・エニックス　∥　スクウェア エニックス:2 | スクウェア・エニックス　∥　スクウェア ・ エニックス:2,スクウェア・エニックス　∥　スクウェア エニックス,"スクウェア・エニックス　∥　スクウェア ・ エニックス=[2, 4]",no,"[2, 4]"
nozomarenu-hanayome-wa-ichizu-ni-koutaishi-o-ice,望まれぬ花嫁は一途に皇太子を愛す,4,ぶんか社　∥　ブンカシャ:3 | ぶんか社:1,ぶんか社　∥　ブンカシャ,ぶんか社=[4],no,[4]
nyaa-no-ongaeshi,にゃーの恩返し,4,文藝春秋:3 | 文藝春秋　∥　ブンゲイシュンジュウ:1,文藝春秋,文藝春秋　∥　ブンゲイシュンジュウ=[1],no,[1]
nyanto-neko-banashi,にゃんと!ねこむかしばなし,4,KADOKAWA　∥　カドカワ:3 | KADOKAWA:1,KADOKAWA　∥　カドカワ,KADOKAWA=[4],no,[4]
o-kashira-tsuki,尾かしら付き。,4,[発売]徳間書店　∥　トクマ ショテン:3 | コアミックス　∥　コアミックス:1,[発売]徳間書店　∥　トクマ ショテン,コアミックス　∥　コアミックス=[4],no,[4]
oboro-no-hanayome,朧の花嫁,4,大誠社:3 | 大誠社　∥　タイセイシャ:1,大誠社,大誠社　∥　タイセイシャ=[1],no,[1]
ochikobore-eishi-minarai-no-shounen-jitsu-wa-saikyou-saiaku-no-ansatsusha,落ちこぼれ衛士見習いの少年。 (実は) 最強最悪の暗殺者。,4,[頒布]講談社:3 | [頒布]講談社　∥　コウダンシャ:1,[頒布]講談社,[頒布]講談社　∥　コウダンシャ=[1],no,[1]
ochikobore-haku-madoushi-cecil-wa-taishougai-no-hazu-deshita,落ちこぼれ白魔導士セシルは対象外のはずでした,4,講談社　∥　コウダンシャ:2 | 講談社:2,講談社　∥　コウダンシャ,"講談社=[3, 4]",no,"[3, 4]"
ochitekita-ryuuou-to-horobi-yuku-majo-no-kuni,落ちてきた龍王と滅びゆく魔女の国,4,KADOKAWA　∥　カドカワ:3 | メディアファクトリー　∥　メディアファクトリー:1,KADOKAWA　∥　カドカワ,メディアファクトリー　∥　メディアファクトリー=[1],no,[1]
okiraku-ninden-hanzoo-r,おきらく忍伝ハンゾーR,4,復刊ドットコム　∥　フッカンドットコム:3 | 復刊ドットコム　∥　フッカン ドットコム:1,復刊ドットコム　∥　フッカンドットコム,復刊ドットコム　∥　フッカン ドットコム=[1],no,[1]
okujouhime,屋上姫,4,[発売]ソフトバンククリエイティブ　∥　ソフトバンク クリエイティブ:2 | [発売]ほるぷ出版　∥　ホルプ シュッパン:1 | [発売]ほるぷ出版　∥　ホルプシュッパン:1,[発売]ソフトバンククリエイティブ　∥　ソフトバンク クリエイティブ,[発売]ほるぷ出版　∥　ホルプ シュッパン=[3];[発売]ほるぷ出版　∥　ホルプシュッパン=[4],no,"[3, 4]"
omega-syndrome,オメガ・シンドローム,4,[発売]ジーウォーク　∥　ジー ウォーク:3 | [頒布]ジーウォーク　∥　ジー ウォーク:1,[発売]ジーウォーク　∥　ジー ウォーク,[頒布]ジーウォーク　∥　ジー ウォーク=[4],no,[4]
one-room-wanko,ワンルームワンコ,4,フレックスコミックス　∥　フレックスコミックス:3 | [発売]ほるぷ出版　∥　ホルプシュッパン:1,フレックスコミックス　∥　フレックスコミックス,[発売]ほるぷ出版　∥　ホルプシュッパン=[1],no,[1]
onee-chan-wa-game-o-suru-to-hito-ga-kawaru-onee-chan,お姉ちゃんはゲームをすると人が変わるお姉ちゃん,4,秋田書店　∥　アキタショテン:3 | 秋田書店:1,秋田書店　∥　アキタショテン,秋田書店=[4],no,[4]
onihime-vs,鬼姫vs,4,キルタイムコミュニケーション　∥　キル タイム コミュニケーション:3 | キルタイムコミュニケーション　∥　キルタイムコミュニケーション:1,キルタイムコミュニケーション　∥　キル タイム コミュニケーション,キルタイムコミュニケーション　∥　キルタイムコミュニケーション=[4],no,[4]
onii-sama-to-chikai-no-bara,お兄様と誓いの薔薇,4,宙出版　∥　オオゾラ シュッパン:3 | [発売]ジャイブ　∥　ジャイブ:1,宙出版　∥　オオゾラ シュッパン,[発売]ジャイブ　∥　ジャイブ=[4],no,[4]
onna-tomodachi-wa-tanomeba-igai-to-yarasete-kureru,女友達は頼めば意外とヤらせてくれる,4,KADOKAWA　∥　カドカワ:2 | KADOKAWA:2,KADOKAWA　∥　カドカワ,"KADOKAWA=[3, 4]",no,"[3, 4]"
onnagaki-to-oji-san,♀ガキとおじさん,4,KADOKAWA　∥　カドカワ:2 | KADOKAWA:2,KADOKAWA　∥　カドカワ,"KADOKAWA=[3, 4]",no,"[3, 4]"
ookami-kun-no-kakushigoto,狼くんの隠しゴト,4,スクウェア・エニックス:3 | スクウェア・エニックス　∥　スクウェア ・ エニックス:1,スクウェア・エニックス,スクウェア・エニックス　∥　スクウェア ・ エニックス=[1],no,[1]
ookii-ganbare-douki-chan,おおきい!がんばれ同期ちゃん,4,ジーオーティー　∥　ジーオーティー:3 | ジーオーティー:1,ジーオーティー　∥　ジーオーティー,ジーオーティー=[4],no,[4]
oote-guild-de-10-ninbun-hataraite-iru-chou-yuushuuna-ore-o-kubitte-maji-desu-ka,大手ギルドで10人分働いている超優秀な俺をクビってマジですか?,4,光文社:3 | 光文社　∥　コウブンシャ:1,光文社,光文社　∥　コウブンシャ=[1],no,[1]
orc-no-ki-no-shita,オークの樹の下,4,KADOKAWA:3 | KADOKAWA　∥　カドカワ:1,KADOKAWA,KADOKAWA　∥　カドカワ=[1],no,[1]
ore-dakeni-daka-rero,オレだけに抱かれろ,4,[発売]大都社　∥　ダイトシャ:2 | 大都社　∥　ダイトシャ:2,[発売]大都社　∥　ダイトシャ,"大都社　∥　ダイトシャ=[3, 4]",no,"[3, 4]"
ore-ga-fujoshi-de-aitsu-ga-yuriota-de,オレが腐女子でアイツが百合オタで,4,KADOKAWA　∥　カドカワ:3 | KADOKAWA　∥　KADOKAWA:1,KADOKAWA　∥　カドカワ,KADOKAWA　∥　KADOKAWA=[3],no,[3]
ore-no-oyome-san-hentai-kamoshirenai,俺のお嫁さん、変態かもしれない,4,KADOKAWA　∥　カドカワ:3 | KADOKAWA:1,KADOKAWA　∥　カドカワ,KADOKAWA=[4],no,[4]
ore-no-risk,俺のリスク,4,小学館　∥　ショウガクカン:3 | 小学館:1,小学館　∥　ショウガクカン,小学館=[4],no,[4]
ore-party-nukeruwa-ga-kuchiguse-no-skill-shukushou-no-diiranku-boukensha-seijo-to-kekkon-shite,「俺、パーティー抜けるわ」が口癖のスキル〈縮小〉のDランク冒険者、聖女と結婚して勇者パーティーに加入するハメになる,4,講談社:3 | 講談社　∥　コウダンシャ:1,講談社,講談社　∥　コウダンシャ=[1],no,[1]
osanago-wa-saikyou-no-tamer-da-to-kizuite-imasen,幼子は最強のテイマーだと気付いていません!,4,[頒布]星雲社　∥　セイウンシャ:2 | [頒布]星雲社:2,[頒布]星雲社　∥　セイウンシャ,"[頒布]星雲社=[3, 4]",no,"[3, 4]"
osananajimi-kanojo-no-morahara-ga-hidoinde-zetsuen-sengen-shiteyatta,幼馴染彼女のモラハラがひどいんで絶縁宣言してやった,4,集英社　∥　シュウエイシャ:3 | 集英社:1,集英社　∥　シュウエイシャ,集英社=[4],no,[4]
osananajimi-wa-yamiochi-seijo,幼馴染は闇堕ち聖女!,4,KADOKAWA　∥　カドカワ:2 | KADOKAWA:2,KADOKAWA　∥　カドカワ,"KADOKAWA=[3, 4]",no,"[3, 4]"
oto-maho,おと×まほ,4,[発売]ソフトバンククリエイティブ　∥　ソフトバンク クリエイティブ:3 | [発売]ほるぷ出版　∥　ホルプシュッパン:1,[発売]ソフトバンククリエイティブ　∥　ソフトバンク クリエイティブ,[発売]ほるぷ出版　∥　ホルプシュッパン=[4],no,[4]
otsu-san-wa-uzeen-da-yo-tte-guild-kara-tsuihousareta-shita-kuseni-ato-kara-fukki-yousei-o,おっさんはうぜぇぇぇんだよ!ってギルドから追放したくせに、後から復帰要請を出されても遅い。最高の仲間と出会った俺はこっちで最強を目指す!,4,ぶんか社　∥　ブンカシャ:3 | ぶんか社:1,ぶんか社　∥　ブンカシャ,ぶんか社=[4],no,[4]
ou-taishihi-ni-nante-nari-takunai,王太子妃になんてなりたくない!!,4,[頒布]講談社　∥　コウダンシャ:2 | [発売]講談社　∥　コウダンシャ:1 | [頒布]講談社:1,[頒布]講談社　∥　コウダンシャ,[発売]講談社　∥　コウダンシャ=[1];[頒布]講談社=[4],no,"[1, 4]"
pakupaku-desuwa-tsuihousareta-sareta-ojousama,〈パクパクですわ〉追放されたお嬢様の『モンスターを食べるほど強くなる』スキルは、1食で1レベルアップする前代未聞の最強スキルでした。3日で人類最強になりましたわ～!,4,講談社　∥　コウダンシャ:2 | 講談社:2,講談社　∥　コウダンシャ,"講談社=[5, 6]",no,"[5, 6]"
papa-to-watashi-to-ayumu-chan,パパとわたしとあゆむちゃん,4,フロンティアワークス　∥　フロンティア ワークス:3 | フロンティアワークス:1,フロンティアワークス　∥　フロンティア ワークス,フロンティアワークス=[4],no,[4]
paradox-live-stage-battle-comic,Paradox Live stage battle comic,4,[頒布]講談社　∥　コウダンシャ:3 | [頒布]講談社:1,[頒布]講談社　∥　コウダンシャ,[頒布]講談社=[4],no,[4]
pawahara-genkai-yuusha-maougun-kara-koutaiguu-de-sukauto-dekiaisareru-yuusha-ranking-1-i-nanoni,パワハラ限界勇者、魔王軍から好待遇でスカウトされる～勇者ランキング1位なのに手取りがゴミ過ぎて生活できません～@comic,4,小学館:3 | 小学館　∥　ショウガクカン:1,小学館,小学館　∥　ショウガクカン=[1],no,[1]
pearl-vice,パール&ヴァイス,4,[頒布]星雲社 (発売)　∥　セイウンシャ:3 | [発売]星雲社　∥　セイウンシャ:1,[頒布]星雲社 (発売)　∥　セイウンシャ,[発売]星雲社　∥　セイウンシャ=[1],no,[1]
peleliu-gaiden,ペリリュー-外伝-,4,白泉社　∥　ハクセンシャ:3 | 白泉社:1,白泉社　∥　ハクセンシャ,白泉社=[4],no,[4]
pen-to-wappa-to-jijitsukon,ペンと手錠(ワッパ)と事実婚,4,白泉社　∥　ハクセンシャ:3 | 白泉社:1,白泉社　∥　ハクセンシャ,白泉社=[6],no,[6]
perfect-domination,パーフェクト・ドミネーション,4,集英社:3 | 集英社　∥　シュウエイシャ:1,集英社,集英社　∥　シュウエイシャ=[1],no,[1]
pilot-a,パイロットA,4,[発売]パンローリング　∥　パン ローリング:2 | [発売]パンローリング　∥　パンローリング:1,[発売]パンローリング　∥　パン ローリング,[発売]パンローリング　∥　パンローリング=[2],yes,[2]
plus-alpha,ぷらすアルファ,4,ジーオーティー　∥　ジーオーティー:3 | ジーオーティー:1,ジーオーティー　∥　ジーオーティー,ジーオーティー=[4],no,[4]
ps-surii-san,P.S.すりーさん,4,マイクロマガジン社　∥　マイクロ マガジンシャ:3 | マイクロマガジン社　∥　マイクロマガジンシャ:1,マイクロマガジン社　∥　マイクロ マガジンシャ,マイクロマガジン社　∥　マイクロマガジンシャ=[4],no,[4]
pso2-new-genesis-central,PSO2ニュージェネシスせんとらるっ!,4,MUGENUP　∥　ムゲンアップ:2 | MUGENUP:2,MUGENUP　∥　ムゲンアップ,"MUGENUP=[3, 4]",no,"[3, 4]"
pujo-to-yajuu,プ女と野獣,4,講談社　∥　コウダンシャ:3 | 講談社:1,講談社　∥　コウダンシャ,講談社=[4],no,[4]
queen-s-seed,クインズシード,4,講談社　∥　コウダンシャ:3 | 講談社:1,講談社　∥　コウダンシャ,講談社=[4],no,[4]
quick-start,くいっくすたーと,4,[発売]ゲーム・フィールド　∥　ゲーム フィールド:2 | ゲーム・フィールド　∥　ゲーム フィールド:1 | [発売]ファーイースト・アミューズメント・リサーチ　∥　ファー イースト ・ アミューズメント ・ リサーチ:1,[発売]ゲーム・フィールド　∥　ゲーム フィールド,ゲーム・フィールド　∥　ゲーム フィールド=[2];[発売]ファーイースト・アミューズメント・リサーチ　∥　ファー イースト ・ アミューズメント ・ リサーチ=[4],no,"[2, 4]"
reikoku-kachou-no-nounai-ha-h-na-mousou-bakari,冷酷課長の脳内はHな妄想ばかり。,4,大都社　∥　ダイトシャ:3 | [発売]大都社　∥　ダイトシャ:1,大都社　∥　ダイトシャ,[発売]大都社　∥　ダイトシャ=[1],no,[1]
reitetsu-shachou-no-shitsuai-propose,冷徹社長の執愛プロポーズ,4,スターツ出版　∥　スターツシュッパン:3 | スターツ出版:1,スターツ出版　∥　スターツシュッパン,スターツ出版=[4],no,[4]
replica-datte-koi-o-suru,レプリカだって、恋をする。,4,KADOKAWA　∥　カドカワ:2 | KADOKAWA:2,KADOKAWA　∥　カドカワ,"KADOKAWA=[3, 4]",no,"[3, 4]"
ressuru-ji-andaaguraundo,レッする!ジ・アンダーグラウンド,4,キルタイムコミュニケーション　∥　キル タイム コミュニケーション:3 | キルタイムコミュニケーション　∥　キルタイムコミュニケーション:1,キルタイムコミュニケーション　∥　キル タイム コミュニケーション,キルタイムコミュニケーション　∥　キルタイムコミュニケーション=[4],no,[4]
riko-to-haru-to-onsen-to-iruka,リコとハルと温泉とイルカ,4,[発売]角川グループパブリッシング　∥　カドカワ グループ パブリッシング:3 | KADOKAWA　∥　カドカワ:1,[発売]角川グループパブリッシング　∥　カドカワ グループ パブリッシング,KADOKAWA　∥　カドカワ=[4],no,[4]
rikon-yotei-no-keiyaku-kon-nanoni-reikoku-koushaku-sama-ni-shuuchaku-sarete-imasu,離婚予定の契約婚なのに、冷酷公爵様に執着されています,4,ぶんか社　∥　ブンカシャ:2 | ぶんか社:2,ぶんか社　∥　ブンカシャ,"ぶんか社=[3, 4]",no,"[3, 4]"
risouteki-love-no-jouken,理想的恋愛の条件,4,[頒布]講談社　∥　コウダンシャ:2 | [発売]講談社　∥　コウダンシャ:1 | [頒布]講談社:1,[頒布]講談社　∥　コウダンシャ,[発売]講談社　∥　コウダンシャ=[1];[頒布]講談社=[4],no,"[1, 4]"
roa,ロア,4,講談社　∥　コウダンシャ:3 | 講談社:1,講談社　∥　コウダンシャ,講談社=[4],no,[4]
robotics-notes-2012,Robotics;Notes,4,集英社　∥　シュウエイシャ:3 | マッグガーデン　∥　マッグ ガーデン:1,集英社　∥　シュウエイシャ,マッグガーデン　∥　マッグ ガーデン=[6],no,[6]
rogu-horizon-gaiden-honeymoon-roguzu,ログ・ホライズン外伝HoneyMoonLogs,4,Kadokawa　∥　Kadokawa:2 | [発売]Kadokawa　∥　Kadokawa:1 | KADOKAWA　∥　カドカワ:1,Kadokawa　∥　Kadokawa,[発売]Kadokawa　∥　Kadokawa=[1];KADOKAWA　∥　カドカワ=[4],no,"[1, 4]"
romeo,Romeo,4,ジュネット　∥　ジュネット:2 | マガジン・マガジン　∥　マガジン ・ マガジン:1 | ジュネット:1,ジュネット　∥　ジュネット,マガジン・マガジン　∥　マガジン ・ マガジン=[2];ジュネット=[5],no,"[2, 5]"
ryman-meets-host,リーマンミーツホスト,4,講談社　∥　コウダンシャ:3 | 講談社:1,講談社　∥　コウダンシャ,講談社=[4],no,[4]
saibai-megami,栽培女神!,4,竹書房　∥　タケ ショボウ:3 | 竹書房:1,竹書房　∥　タケ ショボウ,竹書房=[4],no,[4]
saihate-no-serenade,最果てのセレナード,4,講談社　∥　コウダンシャ:3 | 講談社:1,講談社　∥　コウダンシャ,講談社=[4],no,[4]
saijakushoku-ga-zense-no-chishiki-de-sekai-saikyou,最弱職が前世の知識で世界最強,4,実業之日本社　∥　ジツギョウノニホンシャ:2 | 実業之日本社:2,実業之日本社　∥　ジツギョウノニホンシャ,"実業之日本社=[3, 4]",no,"[3, 4]"
saikyou-kyuutei-shinanyaku-no-otsu-san-tsuihousareta-sareta-hekichi-de-musou-suru,最強宮廷指南役のおっさん、追放された僻地で無双する,4,双葉社:3 | 双葉社　∥　フタバシャ:1,双葉社,双葉社　∥　フタバシャ=[1],no,[1]
saikyou-majutsushi-no-ijou-naru-toubou-seikatsu,最凶魔術師の異常なる逃亡生活,4,キルタイムコミュニケーション　∥　キルタイムコミュニケーション:3 | キルタイムコミュニケーション:1,キルタイムコミュニケーション　∥　キルタイムコミュニケーション,キルタイムコミュニケーション=[4],no,[4]
saikyou-rankingu-ga-aru-isekai-ni-seito-tachi-to-shuudan-teni-shita-koukou-kyoushi-no-ore-mobu-kara,最強ランキングがある異世界に生徒たちと集団転移した高校教師の俺、モブから剣聖へと成り上がる,4,スクウェア・エニックス:3 | スクウェア・エニックス　∥　スクウェア ・ エニックス:1,スクウェア・エニックス,スクウェア・エニックス　∥　スクウェア ・ エニックス=[1],no,[1]
sailor-zombie,セーラーゾンビ,4,[発売]小学館クリエイティブ　∥　ショウガクカンクリエイティブ:3 | [発売]小学館クリエイティブ:1,[発売]小学館クリエイティブ　∥　ショウガクカンクリエイティブ,[発売]小学館クリエイティブ=[1],no,[1]
saitei-chara-ni-tensei-shita-ore-wa-ikinokoritai,最低キャラに転生した俺は生き残りたい,4,KADOKAWA　∥　カドカワ:2 | KADOKAWA:2,KADOKAWA　∥　カドカワ,"KADOKAWA=[3, 4]",no,"[3, 4]"
saitoo-kun-wa-esper-rashii,サイトーくんは超能力者らしい,4,ワニブックス　∥　ワニ ブックス:2 | ワニブックス　∥　ワニブックス:2,ワニブックス　∥　ワニ ブックス,"ワニブックス　∥　ワニブックス=[3, 4]",no,"[3, 4]"
sakamoto-desu,坂本ですが?,4,KADOKAWA　∥　カドカワ:3 | [発売]角川グループパブリッシング　∥　カドカワグループパブリッシング:1,KADOKAWA　∥　カドカワ,[発売]角川グループパブリッシング　∥　カドカワグループパブリッシング=[1],no,[1]
sakedokoro-shunraisou-nichijou,酒処春來荘日乗,4,秋田書店　∥　アキタショテン:2 | 秋田書店:2,秋田書店　∥　アキタショテン,"秋田書店=[4, 5]",no,"[4, 5]"
sakikaeri-hime-no-souka,咲き還り姫の葬歌,4,秋田書店:3 | 秋田書店　∥　アキタショテン:1,秋田書店,秋田書店　∥　アキタショテン=[1],no,[1]
sanshoku-bentou,さんしょく弁当,4,KADOKAWA　∥　カドカワ:3 | KADOKAWA:1,KADOKAWA　∥　カドカワ,KADOKAWA=[4],no,[4]
sanzu-no-kawa-autoretto-park,三途の川アウトレットパーク,4,小学館　∥　ショウガクカン:2 | 小学館:2,小学館　∥　ショウガクカン,"小学館=[3, 4]",no,"[3, 4]"
satsuma-tensei,薩摩転生,4,小学館　∥　ショウガクカン:2 | 小学館:2,小学館　∥　ショウガクカン,"小学館=[3, 4]",no,"[3, 4]"
sayasaya-to,清々と,4,少年画報社　∥　ショウネン ガホウシャ:2 | 少年画報社　∥　ショウネンガホウシャ:2,少年画報社　∥　ショウネン ガホウシャ,"少年画報社　∥　ショウネンガホウシャ=[3, 4]",no,"[3, 4]"
sayonara-sankaku-obiya-2017,サヨナラさんかく,4,LINE　∥　ライン:2 | LINE Digital Frontier　∥　ラインデジタルフロンティア:2,LINE　∥　ライン,"LINE Digital Frontier　∥　ラインデジタルフロンティア=[3, 4]",no,"[3, 4]"
scarlet-order,スカーレットオーダー,4,KADOKAWA　∥　カドカワ:3 | KADOKAWA　∥　KADOKAWA:1,KADOKAWA　∥　カドカワ,KADOKAWA　∥　KADOKAWA=[1],no,[1]
seifuku,せいふく!,4,[発売]角川グループパブリッシング　∥　カドカワグループパブリッシング:2 | KADOKAWA　∥　カドカワ:2,[発売]角川グループパブリッシング　∥　カドカワグループパブリッシング,"KADOKAWA　∥　カドカワ=[3, 4]",no,"[3, 4]"
seirei-mahou-ga-tsukaenai-munou-da-to-konyaku-haki-sareta-node-imouto-no-dorei-ni-naru-yori,精霊魔法が使えない無能だと婚約破棄されたので、義妹の奴隷になるより追放を選びました,4,集英社　∥　シュウエイシャ:3 | 集英社:1,集英社　∥　シュウエイシャ,集英社=[4],no,[4]
seishun-protagonist,青春プロタゴニスト,4,日本文芸社　∥　ニホン ブンゲイシャ:2 | 日本文芸社:2,日本文芸社　∥　ニホン ブンゲイシャ,"日本文芸社=[3, 4]",no,"[3, 4]"
seiso-seijitsu-ni-ikiteitara-konyakusha-ni-uragirareta-no-de-yarinaoshi-no-sekai-de-wa-akuyaku,清楚誠実に生きていたら婚約者に裏切られたので、やり直しの世界では悪役令嬢として生きます,4,[頒布]青泉社:3 | [頒布]青泉社　∥　セイセンシャ:1,[頒布]青泉社,[頒布]青泉社　∥　セイセンシャ=[1],no,[1]
seiyuu-ichinensei,声優一年生,4,[発売]角川グループパブリッシング　∥　カドカワ グループ パブリッシング:2 | [発売]角川グループパブリッシング　∥　カドカワグループパブリッシング:2,[発売]角川グループパブリッシング　∥　カドカワ グループ パブリッシング,"[発売]角川グループパブリッシング　∥　カドカワグループパブリッシング=[3, 4]",no,"[3, 4]"
sekai-saikyou-no-shinjuu-tsukai,世界最強の神獣使い,4,三交社　∥　サンコウシャ:3 | 三交社:1,三交社　∥　サンコウシャ,三交社=[4],no,[4]
senma,銭麻,4,少年画報社　∥　ショウネンガホウシャ:3 | 少年画報社:1,少年画報社　∥　ショウネンガホウシャ,少年画報社=[5],no,[5]
sensei-de-sex-no-renshuu-shite-ii,先生で、セックスの練習していい?,4,[頒布]日販アイ・ピー・エス (発売)　∥　ニッパンアイピーエス:3 | [頒布]日販アイ・ピー・エス:1,[頒布]日販アイ・ピー・エス (発売)　∥　ニッパンアイピーエス,[頒布]日販アイ・ピー・エス=[4],no,[4]
sensei-o-abakitai,先生を暴きたい,4,白泉社　∥　ハクセンシャ:3 | 白泉社:1,白泉社　∥　ハクセンシャ,白泉社=[4],no,[4]
sentiment-no-yukue,センチメントの行方,4,[発売]幻冬舎　∥　ゲントウシャ:3 | [頒布]幻冬舎 (発売)　∥　ゲントウシャ:1,[発売]幻冬舎　∥　ゲントウシャ,[頒布]幻冬舎 (発売)　∥　ゲントウシャ=[4],no,[4]
sewayaki-mafia-to-hakkou-shoujo,世話焼きマフィアと薄幸少女,4,フレックスコミックス　∥　フレックスコミックス:2 | フレックスコミックス:2,フレックスコミックス　∥　フレックスコミックス,"フレックスコミックス=[3, 4]",no,"[3, 4]"
shieadan,シェア男!!,4,LINE Digital Frontier　∥　ラインデジタルフロンティア:3 | LINE　∥　ライン:1,LINE Digital Frontier　∥　ラインデジタルフロンティア,LINE　∥　ライン=[1],no,[1]
shigo-shuppan,死後出版,4,少年画報社　∥　ショウネンガホウシャ:2 | 少年画報社:2,少年画報社　∥　ショウネンガホウシャ,"少年画報社=[3, 4]",no,"[3, 4]"
shigoto-kaeri-dokushin-no-bijin-joushi-ni-tanomarete,仕事帰り、独身の美人上司に頼まれて,4,KADOKAWA:3 | KADOKAWA　∥　カドカワ:1,KADOKAWA,KADOKAWA　∥　カドカワ=[1],no,[1]
shijou-saikou-no-tensai-renkinjutsushi-wa-sorosoro-intai-shitai,史上最高の天才錬金術師はそろそろ引退したい,4,秋田書店　∥　アキタショテン:3 | 秋田書店:1,秋田書店　∥　アキタショテン,秋田書店=[4],no,[4]
shimanami-potapota,しまなみぽたぽた,4,竹書房　∥　タケ ショボウ:2 | 竹書房:2,竹書房　∥　タケ ショボウ,"竹書房=[3, 4]",no,"[3, 4]"
shin-koihime-musou-otome-tairan,真・恋姫・無双 乙女大乱,4,[発売]角川グループパブリッシング　∥　カドカワ グループ パブリッシング:3 | KADOKAWA　∥　カドカワ:1,[発売]角川グループパブリッシング　∥　カドカワ グループ パブリッシング,KADOKAWA　∥　カドカワ=[4],no,[4]
shinakoitsu,しなこいっ,4,ジャイブ:3 | ジャイブ　∥　ジャイブ:1,ジャイブ,ジャイブ　∥　ジャイブ=[4],no,[4]
shinitagari-shoujo-to-shokujinki-san,死にたがり少女と食人鬼さん,4,一迅社　∥　イチジンシャ:3 | [発売]講談社　∥　コウダンシャ:1,一迅社　∥　イチジンシャ,[発売]講談社　∥　コウダンシャ=[4],no,[4]
shino-to-ren,志乃と恋,4,KADOKAWA:3 | KADOKAWA　∥　カドカワ:1,KADOKAWA,KADOKAWA　∥　カドカワ=[2],no,[2]
shintouki,神統記,4,主婦と生活社　∥　シュフトセイカツシャ:2 | 主婦と生活社:2,主婦と生活社　∥　シュフトセイカツシャ,"主婦と生活社=[13, 14]",no,"[13, 14]"
shio-taiou-osananajimi-ni-amasugi-body-o-taberaremashita,塩対応幼馴染に甘過ぎボディを食べられました,4,ハーパーコリンズ・ジャパン　∥　ハーパーコリンズジャパン:2 | ハーパーコリンズ・ジャパン:2,ハーパーコリンズ・ジャパン　∥　ハーパーコリンズジャパン,"ハーパーコリンズ・ジャパン=[3, 4]",no,"[3, 4]"
shippo-no-oisha-san,しっぽのお医者さん,4,[頒布]講談社:3 | 朝日新聞出版　∥　アサヒシンブンシュッパン:1,[頒布]講談社,朝日新聞出版　∥　アサヒシンブンシュッパン=[1],no,[1]
shiritsu-sutopuri-shougakkou,私立すとぷり小学校,4,小学館:3 | 小学館　∥　ショウガクカン:1,小学館,小学館　∥　ショウガクカン=[1],no,[1]
shirobako,SHIROBAKO,4,KADOKAWA　∥　カドカワ:2 | [頒布]KADOKAWA (発売)　∥　カドカワ:2,KADOKAWA　∥　カドカワ,"[頒布]KADOKAWA (発売)　∥　カドカワ=[3, 4]",no,"[3, 4]"
shirushia-code,シルシア,4,[発売]講談社　∥　コウダンシャ:3 | 一迅社　∥　イチジンシャ:1,[発売]講談社　∥　コウダンシャ,一迅社　∥　イチジンシャ=[1],no,[1]
sho-3-ashibe-qq-goma-chan,小3アシベQQゴマちゃん,4,双葉社　∥　フタバシャ:2 | 双葉社:2,双葉社　∥　フタバシャ,"双葉社=[3, 4]",no,"[3, 4]"
shounen-psycho,少年サイコ,4,コアミックス　∥　コアミックス:3 | コアミックス:1,コアミックス　∥　コアミックス,コアミックス=[4],no,[4]
shoushinmono-na-veteran-chuunen-boukensha-to-dorei-no-kitsunemimi-shoujo,小心者なベテラン中年冒険者と奴隷の狐耳少女,4,竹書房　∥　タケ ショボウ:3 | 竹書房:1,竹書房　∥　タケ ショボウ,竹書房=[4],no,[4]
shukujo-no-kagami-yamemashita,淑女の鑑やめました。,4,双葉社　∥　フタバシャ:3 | 双葉社:1,双葉社　∥　フタバシャ,双葉社=[6],no,[6]
shuumatsu-nani-shitemasu-ka-isogashii-desu-ka-sukuttemoratte-ii-desu-ka,終末なにしてますか?忙しいですか?救ってもらっていいですか?,4,KADOKAWA　∥　カドカワ:3 | KADOKAWA　∥　KADOKAWA:1,KADOKAWA　∥　カドカワ,KADOKAWA　∥　KADOKAWA=[2],no,[2]
shuumatsu-no-majo-to-doll,終末の魔女と人形,4,リイド社:3 | リイド社　∥　リイドシャ:1,リイド社,リイド社　∥　リイドシャ=[1],no,[1]
shuumatsu-no-maristella,終末のマリステラ,4,メディアファクトリー　∥　メディア ファクトリー:2 | メディアファクトリー　∥　メディアファクトリー:1 | KADOKAWA　∥　カドカワ:1,メディアファクトリー　∥　メディア ファクトリー,メディアファクトリー　∥　メディアファクトリー=[3];KADOKAWA　∥　カドカワ=[4],no,"[3, 4]"
skk,SKK,4,集英社:3 | 集英社　∥　シュウエイシャ:1,集英社,集英社　∥　シュウエイシャ=[1],no,[1]
slime-musume-wa-shinshoku-shitai,スライム娘は侵食したい!,4,秋田書店　∥　アキタショテン:3 | 秋田書店:1,秋田書店　∥　アキタショテン,秋田書店=[4],no,[4]
sobakistan,サバキスタン,4,トゥーヴァージンズ　∥　トゥーヴァージンズ:3 | トゥーヴァージンズ:1,トゥーヴァージンズ　∥　トゥーヴァージンズ,トゥーヴァージンズ=[4],no,[4]
sonna-ni-iu-nara-daiteyaru,そんなに言うなら抱いてやる,4,竹書房　∥　タケ ショボウ:2 | 竹書房:2,竹書房　∥　タケ ショボウ,"竹書房=[3, 4]",no,"[3, 4]"
sono-oshi-batsubatsu-ni-tsuki,その推し、××につき!,4,CLAPコミックス　∥　クラップコミックス:3 | 三交社　∥　サンコウシャ:1,CLAPコミックス　∥　クラップコミックス,三交社　∥　サンコウシャ=[1],no,[1]
sono-rettousei-jitsu-wa-saikyou-kenja,その劣等生、実は最強賢者,4,[頒布]講談社　∥　コウダンシャ:3 | [頒布]講談社:1,[頒布]講談社　∥　コウダンシャ,[頒布]講談社=[4],no,[4]
sora-no-neiro,空の音色,4,小学館　∥　ショウガクカン:2 | 小学館:2,小学館　∥　ショウガクカン,"小学館=[3, 4]",no,"[3, 4]"
soredemo-ore-no-mono-ni-naru,それでも俺のものになる,4,竹書房　∥　タケ ショボウ:3 | KADOKAWA　∥　カドカワ:1,竹書房　∥　タケ ショボウ,KADOKAWA　∥　カドカワ=[1],no,[1]
souen-no-scavenger,蒼炎のスカベンジャー,4,小学館:3 | 小学館　∥　ショウガクカン:1,小学館,小学館　∥　ショウガクカン=[1],no,[1]
sowasowa-drawing,そわそわDrawing,4,一迅社　∥　イチジンシャ:3 | [発売]講談社　∥　コウダンシャ:1,一迅社　∥　イチジンシャ,[発売]講談社　∥　コウダンシャ=[4],no,[4]
spunk,SPUNK-スパンク!-,4,KADOKAWA　∥　カドカワ:3 | KADOKAWA:1,KADOKAWA　∥　カドカワ,KADOKAWA=[4],no,[4]
star-wars-mandalorian,スター・ウォーズ: マンダロリアン,4,スクウェア・エニックス　∥　スクウェア ・ エニックス:2 | スクウェア・エニックス:2,スクウェア・エニックス　∥　スクウェア ・ エニックス,"スクウェア・エニックス=[3, 4]",no,"[3, 4]"
starry-sky,Starry☆Sky,4,[発売]角川グループパブリッシング　∥　カドカワ グループ パブリッシング:2 | [発売]角川グループパブリッシング　∥　カドカワグループパブリッシング:1 | [発売]KADOKAWA　∥　カドカワ:1,[発売]角川グループパブリッシング　∥　カドカワ グループ パブリッシング,[発売]角川グループパブリッシング　∥　カドカワグループパブリッシング=[3];[発売]KADOKAWA　∥　カドカワ=[4],no,"[3, 4]"
sugar-meets-girl,しゅがー・みーつ・がーる!,4,芳文社　∥　ホウブンシャ:2 | 芳文社:2,芳文社　∥　ホウブンシャ,"芳文社=[3, 4]",no,"[3, 4]"
suika-mori-2021,スイカ,4,講談社　∥　コウダンシャ:3 | 講談社:1,講談社　∥　コウダンシャ,講談社=[4],no,[4]
suika-wa-shoushika-tantou,翠花は少子化担当,4,スクウェア・エニックス:3 | スクウェア・エニックス　∥　スクウェア ・ エニックス:1,スクウェア・エニックス,スクウェア・エニックス　∥　スクウェア ・ エニックス=[1],no,[1]
suitei-akuyaku-reijou-wa-kuni-ichiban-no-busaiku-ni-totsugasareru-you-desu,推定悪役令嬢は国一番のブサイクに嫁がされるようです,4,KADOKAWA　∥　カドカワ:2 | KADOKAWA:2,KADOKAWA　∥　カドカワ,"KADOKAWA=[3, 4]",no,"[3, 4]"
suki-nezumi,スキネズミ,4,秋田書店　∥　アキタショテン:3 | 秋田書店:1,秋田書店　∥　アキタショテン,秋田書店=[4],no,[4]
sukoshi-dake-ikikaeru,すこしだけ生き返る,4,小学館　∥　ショウガクカン:3 | 小学館:1,小学館　∥　ショウガクカン,小学館=[4],no,[4]
super-danganronpa-2-nangoku-zetsubou-carnival,スーパーダンガンロンパ2南国ぜつぼうカーニバル!,4,SBクリエイティブ　∥　エスビークリエイティブ:3 | ソフトバンククリエイティブ　∥　ソフトバンククリエイティブ:1,SBクリエイティブ　∥　エスビークリエイティブ,ソフトバンククリエイティブ　∥　ソフトバンククリエイティブ=[1],no,[1]
suterare-seijo-no-isekai-gohan-tabi,捨てられ聖女の異世界ごはん旅,4,KADOKAWA　∥　カドカワ:3 | KADOKAWA:1,KADOKAWA　∥　カドカワ,KADOKAWA=[4],no,[4]
suzuki-san,鈴木さん,4,スクウェア・エニックス　∥　スクウェア エニックス:2 | スクウェア・エニックス　∥　スクウェア ・ エニックス:2,スクウェア・エニックス　∥　スクウェア エニックス,"スクウェア・エニックス　∥　スクウェア ・ エニックス=[3, 4]",no,"[3, 4]"
suzushiro-nikki,すゞしろ日記,4,羽鳥書店　∥　ハトリショテン:2 | 羽鳥書店　∥　ハトリ ショテン:1 | 羽鳥書店:1,羽鳥書店　∥　ハトリショテン,羽鳥書店　∥　ハトリ ショテン=[2];羽鳥書店=[4],no,"[2, 4]"
sword-art-online-re-aincrad,ソードアート・オンラインRe:Aincrad,4,KADOKAWA　∥　カドカワ:3 | KADOKAWA:1,KADOKAWA　∥　カドカワ,KADOKAWA=[5],no,[5]
sword-art-online-unital-ring,ソードアート・オンラインユナイタル・リング,4,KADOKAWA　∥　カドカワ:2 | KADOKAWA:2,KADOKAWA　∥　カドカワ,"KADOKAWA=[3, 4]",no,"[3, 4]"
taikai-ni-hibiku-call,大海に響くコール,4,小学館:3 | 小学館　∥　ショウガクカン:1,小学館,小学館　∥　ショウガクカン=[1],no,[1]
taishou-ki-tan-majo,大正忌憚魔女,4,KADOKAWA　∥　カドカワ:3 | KADOKAWA:1,KADOKAWA　∥　カドカワ,KADOKAWA=[4],no,[4]
takabisha-koujo-wa-damattenai,高飛車皇女は黙ってない,4,[頒布]講談社　∥　コウダンシャ:2 | [頒布]講談社:2,[頒布]講談社　∥　コウダンシャ,"[頒布]講談社=[3, 4]",no,"[3, 4]"
tales-of-gureisesu-f,テイルズオブグレイセスエフ,4,[発売]角川グループパブリッシング　∥　カドカワ グループ パブリッシング:3 | KADOKAWA　∥　カドカワ:1,[発売]角川グループパブリッシング　∥　カドカワ グループ パブリッシング,KADOKAWA　∥　カドカワ=[4],no,[4]
tales-of-xillia-side-jude,テイルズオブエクシリア SIDE;JUDE,4,[発売]角川グループパブリッシング　∥　カドカワ グループ パブリッシング:3 | KADOKAWA　∥　カドカワ:1,[発売]角川グループパブリッシング　∥　カドカワ グループ パブリッシング,KADOKAWA　∥　カドカワ=[4],no,[4]
tama-no-koshiire,たまのこしいれ,4,集英社　∥　シュウエイシャ:2 | 集英社:2,集英社　∥　シュウエイシャ,"集英社=[3, 4]",no,"[3, 4]"
tenka-musou-wansu-moa,天下無双ワンスモア,4,少年画報社:3 | 少年画報社　∥　ショウネンガホウシャ:1,少年画報社,少年画報社　∥　ショウネンガホウシャ=[1],no,[1]
tensai-renkinjutsushi-wa-kimama-ni-tabi-suru,天才錬金術師は気ままに旅する,4,KADOKAWA:3 | KADOKAWA　∥　カドカワ:1,KADOKAWA,KADOKAWA　∥　カドカワ=[1],no,[1]
tensei-akuma-no-saikyou-yuusha-ikusei-keikaku,転生悪魔の最強勇者育成計画,4,オーバーラップ:3 | オーバーラップ　∥　オーバーラップ:1,オーバーラップ,オーバーラップ　∥　オーバーラップ=[1],no,[1]
tensei-akuyaku-youjo-wa-saikyou-papa-no-manamusume-ni-narimashita,転生悪役幼女は最恐パパの愛娘になりました,4,スターツ出版　∥　スターツシュッパン:3 | スターツ出版:1,スターツ出版　∥　スターツシュッパン,スターツ出版=[4],no,[4]
tensei-nihakobinin-no-isekai-kouryakuhou,転生荷運び人の異世界攻略法,4,秋田書店:3 | 秋田書店　∥　アキタショテン:1,秋田書店,秋田書店　∥　アキタショテン=[1],no,[1]
tensei-reijou-wa-shomin-no-aji-ni-uete-iru,転生令嬢は庶民の味に飢えている,4,[頒布]星雲社 (発売)　∥　セイウンシャ:2 | [発売]星雲社　∥　セイウンシャ:1 | [頒布]星雲社　∥　セイウンシャ:1,[頒布]星雲社 (発売)　∥　セイウンシャ,[発売]星雲社　∥　セイウンシャ=[1];[頒布]星雲社　∥　セイウンシャ=[4],no,"[1, 4]"
tensei-renkin-shoujo-no-surooraifu,転生錬金少女のスローライフ,4,KADOKAWA:3 | KADOKAWA　∥　カドカワ:1,KADOKAWA,KADOKAWA　∥　カドカワ=[1],no,[1]
tensei-shitara-mob-deshita-namida-shibou-flag-o-kaihi-suru-tame-yakushi-ni-narimasu,転生したら、モブでした〈涙〉,4,スターツ出版　∥　スターツシュッパン:3 | スターツ出版:1,スターツ出版　∥　スターツシュッパン,スターツ出版=[4],no,[4]
tensei-shitara-nanka-tayorarerundesuga,転生したら、なんか頼られるんですが,4,[頒布]星雲社　∥　セイウンシャ:2 | [頒布]星雲社:2,[頒布]星雲社　∥　セイウンシャ,"[頒布]星雲社=[3, 4]",no,"[3, 4]"
tensei-shitara-slime-datta-ken-bangaihen,転生したらスライムだった件番外編,4,講談社:3 | 講談社　∥　コウダンシャ:1,講談社,講談社　∥　コウダンシャ=[1],no,[1]
tensei-shitemo-kiraware-ouji-datta-node-kankei-shuufuku-ganbarimasu,転生しても嫌われ王子だったので関係修復頑張ります。,4,KADOKAWA:3 | KADOKAWA　∥　カドカワ:1,KADOKAWA,KADOKAWA　∥　カドカワ=[1],no,[1]
tensei-yakushi-wa-isekai-o-meguru,転生薬師は異世界を巡る,4,[頒布]星雲社 (発売)　∥　セイウンシャ:3 | [発売]星雲社　∥　セイウンシャ:1,[頒布]星雲社 (発売)　∥　セイウンシャ,[発売]星雲社　∥　セイウンシャ=[1],no,[1]
tenseisaki-wa-moumoku-youjo-deshita,転生先は盲目幼女でした,4,[頒布]星雲社 (発売)　∥　セイウンシャ:2 | [頒布]星雲社　∥　セイウンシャ:2,[頒布]星雲社 (発売)　∥　セイウンシャ,"[頒布]星雲社　∥　セイウンシャ=[3, 4]",no,"[3, 4]"
toaru-hi-no-kuru,とある日のクル,4,[発売]大都社　∥　ダイトシャ:2 | 学習研究社　∥　ガクシュウ ケンキュウシャ:1 | 大都社　∥　ダイトシャ:1,[発売]大都社　∥　ダイトシャ,学習研究社　∥　ガクシュウ ケンキュウシャ=[1];大都社　∥　ダイトシャ=[4],no,"[1, 4]"
tobakuni,トバクニ～賭博國～,4,集英社:3 | 集英社　∥　シュウエイシャ:1,集英社,集英社　∥　シュウエイシャ=[1],no,[1]
tochigami-to-mura-de-ichiban-wakai-yome,土地神と、村で一番若い嫁,4,[発売]講談社　∥　コウダンシャ:2 | [頒布]講談社 (発売)　∥　コウダンシャ:2,[発売]講談社　∥　コウダンシャ,"[頒布]講談社 (発売)　∥　コウダンシャ=[3, 4]",no,"[3, 4]"
tokumei-kakarichou-tadano-hitoshi-final,特命係長只野仁ファイナル,4,楽楽出版　∥　ラクラク シュッパン:3 | ぶんか社　∥　ブンカシャ:1,楽楽出版　∥　ラクラク シュッパン,ぶんか社　∥　ブンカシャ=[1],yes,[1]
tokuni-aru-hibi,とくにある日々,4,[頒布]小学館クリエイティブ (発売)　∥　ショウガクカンクリエイティブ:3 | [頒布]小学館クリエイティブ　∥　ショウガクカンクリエイティブ:1,[頒布]小学館クリエイティブ (発売)　∥　ショウガクカンクリエイティブ,[頒布]小学館クリエイティブ　∥　ショウガクカンクリエイティブ=[4],no,[4]
tomodachi-engage,トモダチ・エンゲージ,4,[頒布]星雲社:3 | [頒布]星雲社　∥　セイウンシャ:1,[頒布]星雲社,[頒布]星雲社　∥　セイウンシャ=[2],no,[2]
tonari-no-hyakkai-kenbunroku,となりの百怪見聞録,4,集英社　∥　シュウエイシャ:3 | 集英社:1,集英社　∥　シュウエイシャ,集英社=[4],no,[4]
tonari-wa-futsuu-no-nijika-chan,となりはふつうのニジカ〈ちゃん〉,4,集英社:3 | 集英社　∥　シュウエイシャ:1,集英社,集英社　∥　シュウエイシャ=[1],no,[1]
tonariawase-no-hai-to-seishun,隣り合わせの灰と青春,4,リイド社　∥　リイドシャ:2 | リイド社:2,リイド社　∥　リイドシャ,"リイド社=[3, 4]",no,"[3, 4]"
tondemonai-ore-no-alpha,トンでもない俺のα,4,[頒布]三交社 (発売)　∥　サンコウシャ:2 | [発売]三交社　∥　サンコウシャ:1 | [頒布]三交社　∥　サンコウシャ:1,[頒布]三交社 (発売)　∥　サンコウシャ,[発売]三交社　∥　サンコウシャ=[1];[頒布]三交社　∥　サンコウシャ=[4],no,"[1, 4]"
toppuu-to-beat,突風とビート,4,集英社:3 | 集英社　∥　シュウエイシャ:1,集英社,集英社　∥　シュウエイシャ=[1],no,[1]
torakisu,トラキス,4,KADOKAWA　∥　カドカワ:2 | [発売]角川グループパブリッシング　∥　カドカワ グループ パブリッシング:1 | [発売]角川グループホールディングス　∥　カドカワ グループ ホールディングス:1,KADOKAWA　∥　カドカワ,[発売]角川グループパブリッシング　∥　カドカワ グループ パブリッシング=[1];[発売]角川グループホールディングス　∥　カドカワ グループ ホールディングス=[2],no,"[1, 2]"
tori-no-isoji-san,とりの、いそじさん。,4,[発売]ほるぷ出版　∥　ホルプシュッパン:3 | フレックスコミックス　∥　フレックスコミックス:1,[発売]ほるぷ出版　∥　ホルプシュッパン,フレックスコミックス　∥　フレックスコミックス=[4],no,[4]
torii-no-mukou-wa-shiranai-sekai-deshita,鳥居の向こうは、知らない世界でした。,4,講談社　∥　コウダンシャ:3 | 講談社:1,講談社　∥　コウダンシャ,講談社=[4],no,[4]
toshinosa-juugo-no-danna-sama,年の差十五の旦那様,4,大誠社:3 | 大誠社　∥　タイセイシャ:1,大誠社,大誠社　∥　タイセイシャ=[1],no,[1]
totoaruhi-no-kuru,ととある日のクル,4,[発売]大都社　∥　ダイトシャ:2 | 学習研究社　∥　ガクシュウ ケンキュウシャ:1 | 大都社　∥　ダイトシャ:1,[発売]大都社　∥　ダイトシャ,学習研究社　∥　ガクシュウ ケンキュウシャ=[1];大都社　∥　ダイトシャ=[4],no,"[1, 4]"
touhi-kon,逃避婚,4,大都社　∥　ダイトシャ:3 | 大都社:1,大都社　∥　ダイトシャ,大都社=[4],no,[4]
touken-ranbu-autodoa-ibun-touken-yaei,刀剣乱舞あうとどあ異聞刀剣野営,4,秋田書店:3 | 秋田書店　∥　アキタショテン:1,秋田書店,秋田書店　∥　アキタショテン=[1],no,[1]
touken-ranbu,刀剣乱舞,4,日本文芸社　∥　ニホン ブンゲイシャ:3 | 日本文芸社:1,日本文芸社　∥　ニホン ブンゲイシャ,日本文芸社=[4],no,[4]
toukyouto-kitaku-akabane,東京都北区赤羽,4,Bbmfマガジン:2 | 双葉社　∥　フタバシャ:2,Bbmfマガジン,"双葉社　∥　フタバシャ=[3, 4]",no,"[3, 4]"
tower-dungeon,タワーダンジョン,4,講談社　∥　コウダンシャ:2 | 講談社:2,講談社　∥　コウダンシャ,"講談社=[5, 6]",no,"[5, 6]"
tsuihousareta-guild-guild-shokuin-wa-sekai-saikyou-no-comic,追放されたギルド職員は、世界最強の召喚士@comic,4,マッグガーデン:3 | マッグガーデン　∥　マッグ ガーデン:1,マッグガーデン,マッグガーデン　∥　マッグ ガーデン=[1],no,[1]
tsuihousareta-sareta-meika-no-chounan,追放された名家の長男,4,KADOKAWA:3 | KADOKAWA　∥　カドカワ:1,KADOKAWA,KADOKAWA　∥　カドカワ=[1],no,[1]
tsuihousareta-sareta-seijo-desu-jitsu-wa-kunijuu-kara-aisare-sugitete-kowaindesukedo,追放された聖女ですが、実は国中から愛されすぎてて怖いんですけど!?,4,アース・スターエンターテイメント:3 | アース・スターエンターテイメント　∥　アーススターエンターテイメント:1,アース・スターエンターテイメント,アース・スターエンターテイメント　∥　アーススターエンターテイメント=[1],no,[1]
tsuki-izuru-machi-no-hitobito,月出づる街の人々,4,双葉社　∥　フタバシャ:3 | 双葉社:1,双葉社　∥　フタバシャ,双葉社=[4],no,[4]
tsukimonogakari,ツキモノガカリ,4,小学館　∥　ショウガクカン:3 | 小学館:1,小学館　∥　ショウガクカン,小学館=[4],no,[4]
tsukumo-no-hanashi,つくものはなし,4,[発売]幻冬舎　∥　ゲントウシャ:3 | [頒布]幻冬舎　∥　ゲントウシャ:1,[発売]幻冬舎　∥　ゲントウシャ,[頒布]幻冬舎　∥　ゲントウシャ=[4],no,[4]
tsukuoki-seikatsu,つくおき生活,4,[発売]竹書房　∥　タケ ショボウ:3 | [頒布]竹書房　∥　タケ ショボウ:1,[発売]竹書房　∥　タケ ショボウ,[頒布]竹書房　∥　タケ ショボウ=[4],no,[4]
tsuma-wa-boku-o-futorasetai,妻は僕を太らせたい!,4,スクウェア・エニックス　∥　スクウェア ・ エニックス:2 | スクウェア・エニックス:2,スクウェア・エニックス　∥　スクウェア ・ エニックス,"スクウェア・エニックス=[3, 4]",no,"[3, 4]"
tsuma-wa-yotaka-ka-yosuzume-ka,妻は夜鷹か夜雀か,4,少年画報社　∥　ショウネンガホウシャ:3 | 少年画報社:1,少年画報社　∥　ショウネンガホウシャ,少年画報社=[4],no,[4]
tsura-neko,つらねこ,4,KADOKAWA　∥　カドカワ:2 | KADOKAWA:2,KADOKAWA　∥　カドカワ,"KADOKAWA=[3, 4]",no,"[3, 4]"
ubume-no-natsu,姑獲鳥の夏,4,KADOKAWA　∥　カドカワ:3 | [発売]KADOKAWA　∥　カドカワ:1,KADOKAWA　∥　カドカワ,[発売]KADOKAWA　∥　カドカワ=[1],no,[1]
uchi-no-banri-ga-osewa-ni-narimasu,ウチの万李がお世話になります,4,白泉社:3 | 白泉社　∥　ハクセンシャ:1,白泉社,白泉社　∥　ハクセンシャ=[1],no,[1]
uchi-no-deshi-ga-itsunomanika-jinrui-saikyou-ni-natteite-nanno-sainou-mo-nai-shishou-no-ore-ga-sore,うちの弟子がいつのまにか人類最強になっていて、なんの才能もない師匠の俺が、それを超える宇宙最強に誤認定されている件について,4,秋田書店　∥　アキタショテン:3 | 秋田書店:1,秋田書店　∥　アキタショテン,秋田書店=[4],no,[4]
uchi-no-pagu-wa-neko-de-aru,ウチのパグは猫である。,4,ぶんか社　∥　ブンカシャ:3 | ぶんか社:1,ぶんか社　∥　ブンカシャ,ぶんか社=[4],no,[4]
umibe-no-byouin-de-kanojo-to-hanashita-ikutsuka-no-koto,海辺の病院で彼女と話した幾つかのこと,4,キルタイムコミュニケーション　∥　キルタイムコミュニケーション:2 | キルタイムコミュニケーション:2,キルタイムコミュニケーション　∥　キルタイムコミュニケーション,"キルタイムコミュニケーション=[3, 4]",no,"[3, 4]"
umibe-no-q,海辺のキュー,4,[発売]小学館クリエイティブ　∥　ショウガクカンクリエイティブ:2 | [頒布]小学館クリエイティブ (発売)　∥　ショウガクカンクリエイティブ:2,[発売]小学館クリエイティブ　∥　ショウガクカンクリエイティブ,"[頒布]小学館クリエイティブ (発売)　∥　ショウガクカンクリエイティブ=[3, 4]",no,"[3, 4]"
unknown,UNKNOWN,4,スクウェア・エニックス　∥　スクウェア エニックス:2 | スクウェア・エニックス　∥　スクウェア ・ エニックス:2,スクウェア・エニックス　∥　スクウェア エニックス,"スクウェア・エニックス　∥　スクウェア ・ エニックス=[2, 4]",no,"[2, 4]"
uso-kon-roze,ウソ婚Rosé,4,講談社　∥　コウダンシャ:3 | 講談社:1,講談社　∥　コウダンシャ,講談社=[4],no,[4]
usuzumi-no-hate,ウスズミの果て,4,KADOKAWA　∥　カドカワ:3 | KADOKAWA:1,KADOKAWA　∥　カドカワ,KADOKAWA=[4],no,[4]
uterus-of-za-blackgoat-kuroyagi-no-kobukuro,Uterus of the Blackgoat黒山羊の仔袋,4,KADOKAWA　∥　カドカワ:3 | KADOKAWA:1,KADOKAWA　∥　カドカワ,KADOKAWA=[4],no,[4]
uwagaki,ウワガキ,4,[発売]角川グループパブリッシング　∥　カドカワ グループ パブリッシング:3 | [発売]角川グループパブリッシング　∥　カドカワグループパブリッシング:1,[発売]角川グループパブリッシング　∥　カドカワ グループ パブリッシング,[発売]角川グループパブリッシング　∥　カドカワグループパブリッシング=[4],no,[4]
vampire-2025,ヴァンパイア,4,[頒布]講談社:3 | [頒布]講談社　∥　コウダンシャ:1,[頒布]講談社,[頒布]講談社　∥　コウダンシャ=[1],no,[1]
verde-abolica,ベルデアボリカ,4,朝日新聞出版　∥　アサヒ シンブン シュッパン:2 | 朝日新聞出版　∥　アサヒシンブンシュッパン:2,朝日新聞出版　∥　アサヒ シンブン シュッパン,"朝日新聞出版　∥　アサヒシンブンシュッパン=[3, 4]",no,"[3, 4]"
vivarium-de-choushoku-o,ビバリウムで朝食を,4,秋田書店　∥　アキタショテン:2 | 秋田書店:2,秋田書店　∥　アキタショテン,"秋田書店=[3, 4]",no,"[3, 4]"
voice-cussion,VOICE CUSSION,4,[発売]小学館クリエイティブ　∥　ショウガクカンクリエイティブ:3 | [発売]小学館クリエイティブ　∥　ショウガクカン クリエイティブ:1,[発売]小学館クリエイティブ　∥　ショウガクカンクリエイティブ,[発売]小学館クリエイティブ　∥　ショウガクカン クリエイティブ=[2],no,[2]
void-no-nine,Void:No.Nine,4,KADOKAWA　∥　カドカワ:2 | KADOKAWA:2,KADOKAWA　∥　カドカワ,"KADOKAWA=[3, 4]",no,"[3, 4]"
wadatsumi-no-musume,海神の娘,4,講談社:3 | 講談社　∥　コウダンシャ:1,講談社,講談社　∥　コウダンシャ=[1],no,[1]
wagatsun,わがツン,4,[発売]角川グループパブリッシング　∥　カドカワグループパブリッシング:2 | [発売]角川グループパブリッシング　∥　カドカワ グループ パブリッシング:1 | [発売]KADOKAWA　∥　カドカワ:1,[発売]角川グループパブリッシング　∥　カドカワグループパブリッシング,[発売]角川グループパブリッシング　∥　カドカワ グループ パブリッシング=[1];[発売]KADOKAWA　∥　カドカワ=[4],no,"[1, 4]"
wakarete-yaranai,別れてやらない!,4,[頒布]講談社　∥　コウダンシャ:3 | [頒布]講談社:1,[頒布]講談社　∥　コウダンシャ,[頒布]講談社=[4],no,[4]
wakatono-wa-tsuraiyo,若殿はつらいよ!,4,楽楽出版　∥　ラクラク シュッパン:3 | ぶんか社　∥　ブンカシャ:1,楽楽出版　∥　ラクラク シュッパン,ぶんか社　∥　ブンカシャ=[1],yes,[1]
wakeari-akuyaku-reijou-wa-konyaku-hakigo-no-jinsei-o-jiyuu-ni-ikiru,訳あり悪役令嬢は、婚約破棄後の人生を自由に生きる,4,[発売]星雲社　∥　セイウンシャ:3 | [頒布]星雲社 (発売)　∥　セイウンシャ:1,[発売]星雲社　∥　セイウンシャ,[頒布]星雲社 (発売)　∥　セイウンシャ=[4],no,[4]
wakuraban,わくらばん,4,KADOKAWA　∥　カドカワ:3 | [発売]角川グループパブリッシング　∥　カドカワグループパブリッシング:1,KADOKAWA　∥　カドカワ,[発売]角川グループパブリッシング　∥　カドカワグループパブリッシング=[1],no,[1]
warikitta-kankei-desu-kara,割り切った関係ですから。,4,[発売]講談社　∥　コウダンシャ:3 | [頒布]講談社　∥　コウダンシャ:1,[発売]講談社　∥　コウダンシャ,[頒布]講談社　∥　コウダンシャ=[4],no,[4]
washi-jijii-yowai-rokujuu-ni-shite-tenpu-no-sai-ni-kizuku,わしジジイ、齢六十にして天賦の才に気付く,4,KADOKAWA　∥　カドカワ:3 | KADOKAWA:1,KADOKAWA　∥　カドカワ,KADOKAWA=[4],no,[4]
watashi-ni-dake-tenparu-joushi-no-hanashi,私にだけテンパる上司の話,4,スクウェア・エニックス　∥　スクウェア ・ エニックス:3 | スクウェア・エニックス:1,スクウェア・エニックス　∥　スクウェア ・ エニックス,スクウェア・エニックス=[4],no,[4]
watashi-no-koto-ga-daikirai-na-gitei-ga-goei-kishi-ni-narimashita,わたくしのことが大嫌いな義弟が護衛騎士になりました,4,KADOKAWA:3 | KADOKAWA　∥　カドカワ:1,KADOKAWA,KADOKAWA　∥　カドカワ=[1],no,[1]
watashi-no-uchi-niwa-nannimo-nai,わたしのウチには、なんにもない。,4,KADOKAWA　∥　カドカワ:2 | [発売]角川グループパブリッシング　∥　カドカワグループパブリッシング:1 | [発売]KADOKAWA　∥　カドカワ:1,KADOKAWA　∥　カドカワ,[発売]角川グループパブリッシング　∥　カドカワグループパブリッシング=[1];[発売]KADOKAWA　∥　カドカワ=[2],no,"[1, 2]"
watashi-nouryoku-wa-heikinchi-de-tte-ittayone-funa-2017,私、能力は平均値でって言ったよね!,4,[発売]泰文堂　∥　タイブンドウ:2 | アース・スターエンターテイメント　∥　アーススターエンターテイメント:2,[発売]泰文堂　∥　タイブンドウ,"アース・スターエンターテイメント　∥　アーススターエンターテイメント=[3, 4]",no,"[3, 4]"
watashi-o-sukisugiru-yuusha-sama-o-riyou-shite-konsei-koso-nagaiki-suru-tsumori-datta-noni,私を好きすぎる勇者様を利用して、今世こそ長生きするつもりだったのに〈多分、また失敗した〉,4,キルタイムコミュニケーション　∥　キルタイムコミュニケーション:3 | キルタイムコミュニケーション:1,キルタイムコミュニケーション　∥　キルタイムコミュニケーション,キルタイムコミュニケーション=[4],no,[4]
watashi-tte-sabasaba-shiterukara,ワタシってサバサバしてるから,4,小学館　∥　ショウガクカン:2 | 小学館:2,小学館　∥　ショウガクカン,"小学館=[3, 4]",no,"[3, 4]"
watashi-yori-tsuyoi-otoko-to-kekkon-shitai-no,私より強い男と結婚したいの,4,KADOKAWA　∥　カドカワ:3 | KADOKAWA:1,KADOKAWA　∥　カドカワ,KADOKAWA=[4],no,[4]
watashitachi-hoshigari-tekireiki,私たち、欲しがり適齢期。,4,[発売]星雲社　∥　セイウンシャ:3 | [頒布]星雲社 (発売)　∥　セイウンシャ:1,[発売]星雲社　∥　セイウンシャ,[頒布]星雲社 (発売)　∥　セイウンシャ=[4],no,[4]
world-gaze-clips,ワールドゲイズクリップス,4,KADOKAWA　∥　カドカワ:2 | [発売]●角川グループパブリッシング（東京）　∥　カドカワグループパブリッシング:1 | [発売]KADOKAWA　∥　カドカワ:1,KADOKAWA　∥　カドカワ,[発売]●角川グループパブリッシング（東京）　∥　カドカワグループパブリッシング=[1];[発売]KADOKAWA　∥　カドカワ=[2],no,"[1, 2]"
wotaku-mo-koi-mo-rensa-suru,オタクも恋も連鎖する,4,スクウェア・エニックス　∥　スクウェア ・ エニックス:3 | スクウェア・エニックス:1,スクウェア・エニックス　∥　スクウェア ・ エニックス,スクウェア・エニックス=[4],no,[4]
wotaku-ni-yasashii-gal-ni-watashi-wa-naru,オタクに優しいギャルに私はなる!,4,[頒布]講談社　∥　コウダンシャ:2 | [頒布]講談社:2,[頒布]講談社　∥　コウダンシャ,"[頒布]講談社=[3, 4]",no,"[3, 4]"
would-you-suck-my-blood,Would you suck my blood?,4,海王社　∥　カイオウシャ:3 | 海王社:1,海王社　∥　カイオウシャ,海王社=[4],no,[4]
yajikita-isekai-douchuuki,やじきた異世界道中記,4,秋田書店:3 | 秋田書店　∥　アキタショテン:1,秋田書店,秋田書店　∥　アキタショテン=[1],no,[1]
yakoudou-ki-tan,夜行堂奇譚,4,KADOKAWA　∥　カドカワ:2 | KADOKAWA:2,KADOKAWA　∥　カドカワ,"KADOKAWA=[3, 4]",no,"[3, 4]"
yakuza-ga-tensei-shitara-mori-ranmaru-datta-ken,ヤクザが転生したら森蘭丸だった件,4,キルタイムコミュニケーション　∥　キルタイムコミュニケーション:2 | キルタイムコミュニケーション:2,キルタイムコミュニケーション　∥　キルタイムコミュニケーション,"キルタイムコミュニケーション=[4, 5]",no,"[4, 5]"
yami-no-koutaishi,闇の皇太子,4,[発売]角川グループパブリッシング　∥　カドカワ グループ パブリッシング:3 | [発売]角川グループパブリッシング　∥　カドカワグループパブリッシング:1,[発売]角川グループパブリッシング　∥　カドカワ グループ パブリッシング,[発売]角川グループパブリッシング　∥　カドカワグループパブリッシング=[4],no,[4]
yaotome-2,八乙女×2,4,講談社　∥　コウダンシャ:2 | 講談社:2,講談社　∥　コウダンシャ,"講談社=[3, 4]",no,"[3, 4]"
yarikonda-otome-game-no-akuyaku-mobu-desu-danzai-wa-iya-nanode-mattou-ni-ikimasu-comic,やり込んだ乙女ゲームの悪役モブですが、断罪は嫌なので真っ当に生きます@COMIC,4,TOブックス　∥　ティーオーブックス:2 | TOブックス:2,TOブックス　∥　ティーオーブックス,"TOブックス=[3, 4]",no,"[3, 4]"
yarinaoshi-reijou-wa-daisuki-na-danna-sama-ni-rikon-shiyou-to-iwasetai,やり直し令嬢は、大好きな旦那様に離婚しようと言わせたい!,4,小学館:3 | 小学館　∥　ショウガクカン:1,小学館,小学館　∥　ショウガクカン=[1],no,[1]
yasashii-anata-o-mamoru-houhou,優しいあなたを守る方法,4,[頒布]講談社　∥　コウダンシャ:2 | [頒布]講談社:2,[頒布]講談社　∥　コウダンシャ,"[頒布]講談社=[3, 4]",no,"[3, 4]"
yobai-o-ketsui-shita-reijou-desu-machigaete-rival-koushaku-tei-no-beddo-ni-mogurikonde-shimaimashita,夜這いを決意した令嬢ですが間違えてライバル侯爵弟のベッドにもぐりこんでしまいました,4,[頒布]講談社　∥　コウダンシャ:3 | [頒布]講談社:1,[頒布]講談社　∥　コウダンシャ,[頒布]講談社=[4],no,[4]
yogensha-kara-no-chinkonka,予言者からの鎮魂歌,4,[頒布]幻冬舎　∥　ゲントウシャ:2 | [頒布]幻冬舎:2,[頒布]幻冬舎　∥　ゲントウシャ,"[頒布]幻冬舎=[3, 4]",no,"[3, 4]"
yoru-no-ikigami-sama-to-susukaburi-no-otome,夜の生き神様とすすかぶりの乙女,4,ぶんか社　∥　ブンカシャ:3 | ぶんか社:1,ぶんか社　∥　ブンカシャ,ぶんか社=[4],no,[4]
yoru-no-kurage-wa-oyogenai,夜のクラゲは泳げない,4,講談社　∥　コウダンシャ:2 | 講談社:2,講談社　∥　コウダンシャ,"講談社=[3, 4]",no,"[3, 4]"
yosoji-no-ossan-kamisama-kara-cheat-nouryoku-o-9-ko-morau,四十路のおっさん、神様からチート能力(スキル)を9個もらう,4,[頒布]星雲社 (発売)　∥　セイウンシャ:3 | [頒布]星雲社　∥　セイウンシャ:1,[頒布]星雲社 (発売)　∥　セイウンシャ,[頒布]星雲社　∥　セイウンシャ=[4],no,[4]
yotsu-neko-banashi,よっ!ねこむかしばなし,4,KADOKAWA　∥　カドカワ:3 | KADOKAWA:1,KADOKAWA　∥　カドカワ,KADOKAWA=[4],no,[4]
youheidan-no-ryouriban,傭兵団の料理番,4,KADOKAWA:3 | KADOKAWA　∥　カドカワ:1,KADOKAWA,KADOKAWA　∥　カドカワ=[1],no,[1]
youjo-musou,幼女無双,4,[頒布]一二三書房　∥　ヒフミショボウ:3 | 一二三書房:1,[頒布]一二三書房　∥　ヒフミショボウ,一二三書房=[4],no,[4]
youkoso-fact-tokyo-s-ku-dai-ni-shibu-e,ようこそ!FACT〈東京S区第2支部〉へ,4,小学館　∥　ショウガクカン:3 | 小学館:1,小学館　∥　ショウガクカン,小学館=[4],no,[4]
youkoso-jitsuryoku-shijou-shugi-no-kyoushitsu-e-2-nensei-hen,ようこそ実力至上主義の教室へ2年生編,4,KADOKAWA　∥　カドカワ:3 | KADOKAWA:1,KADOKAWA　∥　カドカワ,KADOKAWA=[4],no,[4]
youmuin-san-wa-yuusha-ja-arimasen-node,用務員さんは勇者じゃありませんので,4,フロンティアワークス　∥　フロンティアワークス:3 | フロンティアワークス:1,フロンティアワークス　∥　フロンティアワークス,フロンティアワークス=[4],no,[4]
young-daiyaru,ヤングダイヤル,4,講談社　∥　コウダンシャ:2 | 講談社:2,講談社　∥　コウダンシャ,"講談社=[3, 4]",no,"[3, 4]"
yozora-no-futari-camp-gohan,夜空のふたりキャンプごはん,4,芳文社　∥　ホウブンシャ:3 | 芳文社:1,芳文社　∥　ホウブンシャ,芳文社=[4],no,[4]
yuiitsu-muni-no-saikyou-tamer,唯一無二の最強テイマー,4,[頒布]一二三書房　∥　ヒフミショボウ:3 | 一二三書房:1,[頒布]一二三書房　∥　ヒフミショボウ,一二三書房=[4],no,[4]
yume-utsutsu-no-hana-no-sono,夢うつつの花の園,4,講談社　∥　コウダンシャ:3 | 講談社:1,講談社　∥　コウダンシャ,講談社=[4],no,[4]
yumeguri-yuri-meguri,ゆめぐりゆりめぐり,4,[発売]講談社　∥　コウダンシャ:3 | [頒布]講談社　∥　コウダンシャ:1,[発売]講談社　∥　コウダンシャ,[頒布]講談社　∥　コウダンシャ=[4],no,[4]
yupita-no-koibito,ゆぴ太の恋人,4,集英社　∥　シュウエイシャ:3 | 集英社:1,集英社　∥　シュウエイシャ,集英社=[4],no,[4]
yutonoto,ゆとのと,4,LINE Digital Frontier　∥　ラインデジタルフロンティア:3 | LINE　∥　ライン:1,LINE Digital Frontier　∥　ラインデジタルフロンティア,LINE　∥　ライン=[1],no,[1]
yuusha-ni-narenakatta-ore-wa-shibushibu-shuushoku-o-ketsui-shimashita,勇者になれなかった俺はしぶしぶ就職を決意しました。,4,KADOKAWA　∥　カドカワ:3 | [発売]角川グループホールディングス　∥　カドカワグループホールディングス:1,KADOKAWA　∥　カドカワ,[発売]角川グループホールディングス　∥　カドカワグループホールディングス=[1],no,[1]
yuusha-party-o-tsuihousareta-sareta-node-maou-o-torikaeshi-ga-tsukanai-hodo-tsuyoku-sodatete-mita,勇者パーティーを追放されたので、魔王を取り返しがつかないほど強く育ててみた,4,双葉社　∥　フタバシャ:3 | 双葉社:1,双葉社　∥　フタバシャ,双葉社=[4],no,[4]
z-mazinger-1999,Zマジンガー,4,小池書院　∥　コイケ ショイン:3 | 講談社　∥　コウダンシャ:1,小池書院　∥　コイケ ショイン,講談社　∥　コウダンシャ=[4],yes,[4]
zako-hime-sama-wa-ikinobitai,ザコ姫さまは生きのびたい!,4,スクウェア・エニックス　∥　スクウェア ・ エニックス:2 | スクウェア・エニックス:2,スクウェア・エニックス　∥　スクウェア ・ エニックス,"スクウェア・エニックス=[3, 4]",no,"[3, 4]"
zangyakukou-no-kawaii-tsugai,残虐公の可愛いつがい,4,ぶんか社:3 | ぶんか社　∥　ブンカシャ:1,ぶんか社,ぶんか社　∥　ブンカシャ=[1],no,[1]
zannen-kunoichiden,残念くのいち伝,4,[発売]ソフトバンククリエイティブ　∥　ソフトバンク クリエイティブ:2 | [発売]ほるぷ出版　∥　ホルプシュッパン:2,[発売]ソフトバンククリエイティブ　∥　ソフトバンク クリエイティブ,"[発売]ほるぷ出版　∥　ホルプシュッパン=[3, 4]",no,"[3, 4]"
zannen-otoko,残念男子。,4,[発売]講談社　∥　コウダンシャ:3 | 一迅社　∥　イチジンシャ:1,[発売]講談社　∥　コウダンシャ,一迅社　∥　イチジンシャ=[1],no,[1]
zenbu-hatsukoi-no-sei-da,ぜんぶ初恋のせいだ,4,小学館:3 | 小学館　∥　ショウガクカン:1,小学館,小学館　∥　ショウガクカン=[1],no,[1]
zenryaku-yamagurashi-o-hajimemashita,前略、山暮らしを始めました。,4,KADOKAWA　∥　カドカワ:2 | KADOKAWA:2,KADOKAWA　∥　カドカワ,"KADOKAWA=[3, 4]",no,"[3, 4]"
zenryoku-usagi,全力ウサギ,4,メディアファクトリー　∥　メディア ファクトリー:2 | メディアファクトリー　∥　メディアファクトリー:1,メディアファクトリー　∥　メディア ファクトリー,メディアファクトリー　∥　メディアファクトリー=[4],no,[4]
zense-majutsu-shidanchou-datta-watashi-anata-o-aisuru-koto-wa-nai-to-itta-otto-ga-katsute-no-buka,前世魔術師団長だった私、「貴女を愛することはない」と言った夫が、かつての部下,4,SBクリエイティブ:3 | SBクリエイティブ　∥　エスビークリエイティブ:1,SBクリエイティブ,SBクリエイティブ　∥　エスビークリエイティブ=[1],no,[1]
zetsubou-otoko-to-chuugoku-musume,絶望男子と中国娘,4,秋田書店　∥　アキタショテン:3 | 秋田書店　∥　アキタ ショテン:1,秋田書店　∥　アキタショテン,秋田書店　∥　アキタ ショテン=[1],no,[1]
zetsurin-yakuza-no-gokujou-aibu,絶倫ヤクザの極上愛撫,4,ぶんか社　∥　ブンカシャ:3 | ぶんか社:1,ぶんか社　∥　ブンカシャ,ぶんか社=[5],no,[5]
zettai-bl-ni-naru-sekai-vs-zettai-bl-ni-naritakunai-otoko,絶対BLになる世界vs絶対BLになりたくない男,4,祥伝社　∥　ショウデンシャ:3 | 新潮社　∥　シンチョウシャ:1,祥伝社　∥　ショウデンシャ,新潮社　∥　シンチョウシャ=[4],no,[4]
zoe,ゾーイ,4,朝日新聞出版　∥　アサヒ シンブン シュッパン:3 | 朝日新聞出版　∥　アサヒシンブンシュッパン:1,朝日新聞出版　∥　アサヒ シンブン シュッパン,朝日新聞出版　∥　アサヒシンブンシュッパン=[4],no,[4]
zombie-no-afureta-sekai-de-ore-dake-ga-osowarenai,ゾンビのあふれた世界で俺だけが襲われない,4,フロンティアワークス　∥　フロンティアワークス:3 | フロンティアワークス:1,フロンティアワークス　∥　フロンティアワークス,フロンティアワークス=[4],no,[4]
zouhyou-meshi-monogatari,雑兵めし物語,4,竹書房　∥　タケ ショボウ:2 | 竹書房:2,竹書房　∥　タケ ショボウ,"竹書房=[3, 4]",no,"[3, 4]"
zurui-hito-ni-hirowaremashita,ずるい男に拾われました,4,ブライト出版　∥　ブライトシュッパン:3 | ブライト出版:1,ブライト出版　∥　ブライトシュッパン,ブライト出版=[4],no,[4]
100-paasento-jorei-suru-otoko,100%除霊する男,3,KADOKAWA　∥　カドカワ:2 | KADOKAWA:1,KADOKAWA　∥　カドカワ,KADOKAWA=[3],no,[3]
20-jisugi-no-houkokukai,20時過ぎの報告会,3,KADOKAWA　∥　カドカワ:2 | KADOKAWA:1,KADOKAWA　∥　カドカワ,KADOKAWA=[5],no,[5]
2200nen-neko-no-2200,2200年ねこの国ニッポン,3,大都社:2 | [発売]大都社　∥　ダイトシャ:1,大都社,[発売]大都社　∥　ダイトシャ=[1],no,[1]
3-kumi-no-osananajimi,3組の幼なじみ,3,KADOKAWA:2 | KADOKAWA　∥　カドカワ:1,KADOKAWA,KADOKAWA　∥　カドカワ=[1],no,[1]
31-sai-jimi-megane-ol-san,31歳地味眼鏡OLさん,3,少年画報社:2 | 少年画報社　∥　ショウネンガホウシャ:1,少年画報社,少年画報社　∥　ショウネンガホウシャ=[2],no,[2]
4-nigamisama-to-4nin-no-kanojo,死神様と4人の彼女,3,スクウェア・エニックス　∥　スクウェア エニックス:2 | スクウェア・エニックス　∥　スクウェア ・ エニックス:1,スクウェア・エニックス　∥　スクウェア エニックス,スクウェア・エニックス　∥　スクウェア ・ エニックス=[3],no,[3]
6-nin-no-shinanai-shoujo-to-kanarazu-shinu-unmei-no-hito,6人の死なない少女と必ず死ぬ運命の人,3,スクウェア・エニックス　∥　スクウェア ・ エニックス:2 | スクウェア・エニックス:1,スクウェア・エニックス　∥　スクウェア ・ エニックス,スクウェア・エニックス=[3],no,[3]
7-dai-tatarimasu-node-hayaku-kekkon-shite-kudasai,7代祟りますので早く結婚してください!,3,小学館:2 | 小学館　∥　ショウガクカン:1,小学館,小学館　∥　ショウガクカン=[1],no,[1]
7th,セブンス,3,KADOKAWA:2 | KADOKAWA　∥　カドカワ:1,KADOKAWA,KADOKAWA　∥　カドカワ=[1],no,[1]
86-86,86-エイティシックス,3,スクウェア・エニックス　∥　スクウェア ・ エニックス:2 | スクウェア・エニックス　∥　スクウェアエニックス:1,スクウェア・エニックス　∥　スクウェア ・ エニックス,スクウェア・エニックス　∥　スクウェアエニックス=[3],no,[3]
achira-kochira-bokura-no-arekara-to-korekara,あちらこちらぼくら〈の、あれからとこれから〉,3,[発売]集英社　∥　シュウエイシャ:1 | [頒布]集英社 (発売)　∥　シュウエイシャ:1 | [頒布]集英社　∥　シュウエイシャ:1,[発売]集英社　∥　シュウエイシャ,[頒布]集英社 (発売)　∥　シュウエイシャ=[2];[頒布]集英社　∥　シュウエイシャ=[3],no,"[2, 3]"
achira-kochira-bokura,あちらこちらぼくら,3,小学館　∥　ショウガクカン:2 | [発売]集英社　∥　シュウエイシャ:1,小学館　∥　ショウガクカン,[発売]集英社　∥　シュウエイシャ=[3],no,[3]
agartha-game,アガルタゲーム,3,講談社　∥　コウダンシャ:2 | 講談社:1,講談社　∥　コウダンシャ,講談社=[4],no,[4]
ai-o-shiranai-aigan-doll-niwa-hakoiri-reijou-no-oteire-ga-hitsuyou-desu,愛を知らない愛玩人形には箱入り令嬢のお手入れが必要です。,3,講談社　∥　コウダンシャ:2 | 講談社:1,講談社　∥　コウダンシャ,講談社=[3],no,[3]
aishisugi-desu-aogiri-kun,愛しすぎです、青桐くん。,3,[発売]ジャイブ　∥　ジャイブ:2 | [頒布]ジャイブ (発売)　∥　ジャイブ:1,[発売]ジャイブ　∥　ジャイブ,[頒布]ジャイブ (発売)　∥　ジャイブ=[3],no,[3]
aisuru-anata-wa-oshi-de-ou-sama,愛するあなたは推しで王様,3,小学館　∥　ショウガクカン:2 | 小学館:1,小学館　∥　ショウガクカン,小学館=[3],no,[3]
aiteii-oji-san,ITおじさん,3,[頒布]小学館クリエイティブ (発売)　∥　ショウガクカンクリエイティブ:2 | [頒布]小学館クリエイティブ:1,[頒布]小学館クリエイティブ (発売)　∥　ショウガクカンクリエイティブ,[頒布]小学館クリエイティブ=[3],no,[3]
akairo-kousaten,あかいろ交差点,3,[発売]講談社　∥　コウダンシャ:2 | 一迅社　∥　イチジンシャ:1,[発売]講談社　∥　コウダンシャ,一迅社　∥　イチジンシャ=[1],no,[1]
akazukin-tabi-no-tochuu-de-shitai-to-deau,赤ずきん、旅の途中で死体と出会う。,3,双葉社　∥　フタバシャ:2 | 双葉社:1,双葉社　∥　フタバシャ,双葉社=[4],no,[4]
akekure-no-ren,あけくれのれん,3,少年画報社:2 | 少年画報社　∥　ショウネンガホウシャ:1,少年画報社,少年画報社　∥　ショウネンガホウシャ=[1],no,[1]
aketemo-kuretemo,明けても暮れても,3,竹書房　∥　タケ ショボウ:2 | 竹書房:1,竹書房　∥　タケ ショボウ,竹書房=[3],no,[3]
akiba-s-trip,AKIBA'S TRIP,3,[発売]角川グループパブリッシング　∥　カドカワ グループ パブリッシング:1 | [発売]角川グループホールディングス　∥　カドカワ グループ ホールディングス:1 | KADOKAWA　∥　カドカワ:1,[発売]角川グループパブリッシング　∥　カドカワ グループ パブリッシング,[発売]角川グループホールディングス　∥　カドカワ グループ ホールディングス=[2];KADOKAWA　∥　カドカワ=[3],no,"[2, 3]"
akihabara-wa-yuusaneijia-no-yume-o-miruka,秋葉原はユーサネイジアの夢を見るか?,3,講談社　∥　コウダンシャ:2 | 講談社:1,講談社　∥　コウダンシャ,講談社=[3],no,[3]
akuma-wa-yurikago-o-utau,悪魔はゆりかごを唄う,3,KADOKAWA　∥　カドカワ:2 | KADOKAWA:1,KADOKAWA　∥　カドカワ,KADOKAWA=[3],no,[3]
akuninzura-shita-biikyuu-boukensha,悪人面したB級冒険者,3,KADOKAWA:2 | KADOKAWA　∥　カドカワ:1,KADOKAWA,KADOKAWA　∥　カドカワ=[1],no,[1]
akuryou-tai-san-daisakusen,悪霊退散大作戦,3,朝日新聞社　∥　アサヒ シンブンシャ:1 | [発売]朝日新聞出版　∥　アサヒ シンブン シュッパン:1,朝日新聞社　∥　アサヒ シンブンシャ,[発売]朝日新聞出版　∥　アサヒ シンブン シュッパン=[3],yes,[3]
akuta-no-shinigiwa,あくたの死に際,3,小学館　∥　ショウガクカン:2 | 小学館:1,小学館　∥　ショウガクカン,小学館=[4],no,[4]
akutou-no-otou-sama-watashi-to-kekkon-shite-kudasai,悪党のお父様、私と結婚してください,3,KADOKAWA　∥　カドカワ:2 | KADOKAWA:1,KADOKAWA　∥　カドカワ,KADOKAWA=[3],no,[3]
akuu-no-seijo,亜空の聖女,3,KADOKAWA　∥　カドカワ:2 | KADOKAWA:1,KADOKAWA　∥　カドカワ,KADOKAWA=[4],no,[4]
akuyaku-ouji-no-eiyuu-tan,悪役王子の英雄譚,3,KADOKAWA　∥　カドカワ:2 | KADOKAWA:1,KADOKAWA　∥　カドカワ,KADOKAWA=[3],no,[3]
akuyaku-reijou-ni-naritakunai-node-ouji-sama-to-isshokenmei-ni-kanpeki-reijou-o-mezashimasu,悪役令嬢になりたくないので、王子様と一緒に完璧令嬢を目指します!,3,Jパブリッシング　∥　ジェーパブリッシング:2 | Jパブリッシング:1,Jパブリッシング　∥　ジェーパブリッシング,Jパブリッシング=[4],no,[4]
akuyaku-reijou-ni-tensei-shita-no-de-kakure-haisupe-ouji-to-hametsu-no-unmei-o-kaihi-shimasu,悪役令嬢に転生したので、隠れハイスペ王子と破滅の運命を回避します!,3,キルタイムコミュニケーション　∥　キルタイムコミュニケーション:2 | キルタイムコミュニケーション:1,キルタイムコミュニケーション　∥　キルタイムコミュニケーション,キルタイムコミュニケーション=[3],no,[3]
akuyaku-reijou-ni-tensei-shita-watashi-to-akuyaku-ouji-ni-tensei-shita-ore,悪役令嬢に転生した私と悪役王子に転生した俺,3,KADOKAWA:2 | KADOKAWA　∥　カドカワ:1,KADOKAWA,KADOKAWA　∥　カドカワ=[1],no,[1]
akuyaku-reijou-no-kyouji,悪役令嬢の矜持,3,スクウェア・エニックス:2 | スクウェア・エニックス　∥　スクウェア ・ エニックス:1,スクウェア・エニックス,スクウェア・エニックス　∥　スクウェア ・ エニックス=[1],no,[1]
akuyaku-reijou-no-okaa-sama,悪役令嬢のおかあさま,3,[頒布]星雲社 (発売)　∥　セイウンシャ:1 | [頒布]星雲社　∥　セイウンシャ:1 | [頒布]星雲社:1,[頒布]星雲社 (発売)　∥　セイウンシャ,[頒布]星雲社　∥　セイウンシャ=[2];[頒布]星雲社=[3],no,"[2, 3]"
akuyaku-reijou-no-torimaki-ee-desu-outaishi-denka-ni-semararete-imasu,悪役令嬢の取り巻きAですが、王太子殿下に迫られています。,3,[頒布]フランス書院:2 | [頒布]フランス書院　∥　フランスショイン:1,[頒布]フランス書院,[頒布]フランス書院　∥　フランスショイン=[1],no,[1]
alice-to-shieerazaado,アリスとシェエラザード,3,小学館　∥　ショウガクカン:2 | 小学館:1,小学館　∥　ショウガクカン,小学館=[3],no,[3]
all-raundaazu,オールラウンダーズ!!,3,KADOKAWA　∥　カドカワ:2 | KADOKAWA:1,KADOKAWA　∥　カドカワ,KADOKAWA=[3],no,[3]
alpha-no-ie-no-ko,αの家の子,3,KADOKAWA:2 | KADOKAWA　∥　カドカワ:1,KADOKAWA,KADOKAWA　∥　カドカワ=[1],no,[1]
alter-ego,オルターエゴ,3,[頒布]講談社:2 | [頒布]講談社　∥　コウダンシャ:1,[頒布]講談社,[頒布]講談社　∥　コウダンシャ=[1],no,[1]
amaitamashii,アマイタマシイ,3,集英社　∥　シュウエイシャ:2 | 復刊ドットコム　∥　フッカンドットコム:1,集英社　∥　シュウエイシャ,復刊ドットコム　∥　フッカンドットコム=[3],no,[3]
amaku-hodokeru-seiryaku-kekkon,甘くほどける政略結婚,3,スターツ出版:2 | スターツ出版　∥　スターツシュッパン:1,スターツ出版,スターツ出版　∥　スターツシュッパン=[1],no,[1]
amaku-shibirete-nukenai-gikei-no-toge,甘く痺れて抜けない、義兄の棘,3,[頒布]祥伝社　∥　ショウデンシャ:2 | [発売]祥伝社　∥　ショウデンシャ:1,[頒布]祥伝社　∥　ショウデンシャ,[発売]祥伝社　∥　ショウデンシャ=[1],no,[1]
amakute-atsukute-iki-mo-dekinai,甘くて熱くて息もできない,3,フロンティアワークス　∥　フロンティア ワークス:2 | フロンティアワークス:1,フロンティアワークス　∥　フロンティア ワークス,フロンティアワークス=[4],no,[4]
amane-atatameru,あまねあたためる,3,秋田書店　∥　アキタ ショテン:1 | 秋田書店:1 | 秋田書店　∥　アキタショテン:1,秋田書店　∥　アキタ ショテン,秋田書店=[2];秋田書店　∥　アキタショテン=[3],no,"[2, 3]"
amayakashite-kureru-jimu-no-onee-san,甘やかしてくれるジムのお姉さん,3,講談社:2 | 講談社　∥　コウダンシャ:1,講談社,講談社　∥　コウダンシャ=[1],no,[1]
an-goo-haisen-tantei-yuuki-shinjuurou,UN-GO 敗戦探偵・結城新十郎,3,[発売]角川グループパブリッシング　∥　カドカワグループパブリッシング:2 | [発売]KADOKAWA　∥　カドカワ:1,[発売]角川グループパブリッシング　∥　カドカワグループパブリッシング,[発売]KADOKAWA　∥　カドカワ=[3],no,[3]
ane-ni-konyakusha-o-netorareta-node-wakeari-reisoku-to-kekkon-shite-henkyou-eto-mukaimasu,姉に婚約者を寝取られたので訳あり令息と結婚して辺境へと向かいます,3,[頒布]幻冬舎:2 | [頒布]幻冬舎　∥　ゲントウシャ:1,[頒布]幻冬舎,[頒布]幻冬舎　∥　ゲントウシャ=[1],no,[1]
ane-to-otouto-ga-maamaa-nakayoku-class-nichijou,姉と弟がまぁまぁ仲良く暮らす日常。,3,竹書房:2 | 竹書房　∥　タケ ショボウ:1,竹書房,竹書房　∥　タケ ショボウ=[1],no,[1]
angel-para-bellum,エンジェルパラベラム,3,[発売]ソフトバンククリエイティブ　∥　ソフトバンク クリエイティブ:1 | [発売]ほるぷ出版　∥　ホルプ シュッパン:1 | [発売]ほるぷ出版　∥　ホルプシュッパン:1,[発売]ソフトバンククリエイティブ　∥　ソフトバンク クリエイティブ,[発売]ほるぷ出版　∥　ホルプ シュッパン=[2];[発売]ほるぷ出版　∥　ホルプシュッパン=[3],no,"[2, 3]"
angels,Angels,3,[発売]ソフトバンククリエイティブ　∥　ソフトバンク クリエイティブ:1 | [発売]ソフトバンククリエイティブ　∥　ソフトバンククリエイティブ:1,[発売]ソフトバンククリエイティブ　∥　ソフトバンク クリエイティブ,[発売]ソフトバンククリエイティブ　∥　ソフトバンククリエイティブ=[3],no,[3]
anjuu,あんじゅう,3,白泉社　∥　ハクセンシャ:2 | 白泉社:1,白泉社　∥　ハクセンシャ,白泉社=[3],no,[3]
ankoku-delta,暗黒デルタ,3,集英社:2 | 集英社　∥　シュウエイシャ:1,集英社,集英社　∥　シュウエイシャ=[1],no,[1]
ano-koro-watashitachi-wa-mahoutsukai-deshita,あの頃、私たちは魔法使いでした。,3,秋田書店　∥　アキタショテン:2 | 秋田書店:1,秋田書店　∥　アキタショテン,秋田書店=[3],no,[3]
anotoki-no-kodomo-san,あのときのこどもさん,3,小学館:2 | 小学館　∥　ショウガクカン:1,小学館,小学館　∥　ショウガクカン=[1],no,[1]
ao-to-kagerou,青と陽炎,3,講談社:2 | 講談社　∥　コウダンシャ:1,講談社,講談社　∥　コウダンシャ=[1],no,[1]
aozai-tsuushin-kanzenban,アオザイ通信完全版,3,双子のライオン堂出版部　∥　フタゴノライオンドウシュッパンブ:2 | 双子のライオン堂出版部　∥　フタゴ ノ ライオンドウ シュッパンブ:1,双子のライオン堂出版部　∥　フタゴノライオンドウシュッパンブ,双子のライオン堂出版部　∥　フタゴ ノ ライオンドウ シュッパンブ=[3],no,[3]
appare-tenka-gomen,あっぱれ!天下御免,3,KADOKAWA　∥　カドカワ:2 | [発売]角川グループパブリッシング　∥　カドカワ グループ パブリッシング:1,KADOKAWA　∥　カドカワ,[発売]角川グループパブリッシング　∥　カドカワ グループ パブリッシング=[1],no,[1]
arafoo-ni-natta-saikyou-no-eiyuu-tachi-futatabi-senjou-de-musou-suru,アラフォーになった最強の英雄たち、再び戦場で無双する!!,3,ホビージャパン　∥　ホビー ジャパン:2 | ホビージャパン:1,ホビージャパン　∥　ホビー ジャパン,ホビージャパン=[4],no,[4]
arknights-operators,アークナイツoperators!,3,[頒布]講談社　∥　コウダンシャ:2 | [頒布]講談社:1,[頒布]講談社　∥　コウダンシャ,[頒布]講談社=[4],no,[4]
aru-dorei-shoujo-ni-okotta-dekigoto,ある奴隷少女に起こった出来事,3,双葉社　∥　フタバシャ:2 | 双葉社:1,双葉社　∥　フタバシャ,双葉社=[3],no,[3]
aru-hi-kara-tsukaeru-you-ni-natta-teni-mahou-ga-bannou-de-ikiru-no-ga-tanoshiku-narimashita,ある日から使えるようになった転移魔法が万能で生きるのが楽しくなりました,3,文藝春秋:2 | 文藝春秋　∥　ブンゲイシュンジュウ:1,文藝春秋,文藝春秋　∥　ブンゲイシュンジュウ=[1],no,[1]
aru-majo-ga-shinu-made,ある魔女が死ぬまで,3,KADOKAWA　∥　カドカワ:2 | KADOKAWA:1,KADOKAWA　∥　カドカワ,KADOKAWA=[5],no,[5]
arusu-no-kyojuu,アルスの巨獣,3,光文社:2 | 光文社　∥　コウブンシャ:1,光文社,光文社　∥　コウブンシャ=[1],no,[1]
as-you-wish-sister,"As you wish, sister",3,芳文社　∥　ホウブンシャ:2 | 芳文社:1,芳文社　∥　ホウブンシャ,芳文社=[3],no,[3]
atarashii-game-hajimemashita-comic,新しいゲーム始めました。@COMIC,3,TOブックス　∥　ティーオーブックス:2 | TOブックス:1,TOブックス　∥　ティーオーブックス,TOブックス=[3],no,[3]
atari,アタリ,3,芳文社　∥　ホウブンシャ:2 | 芳文社:1,芳文社　∥　ホウブンシャ,芳文社=[3],no,[3]
atashinchi-super,あたしンちSUPER,3,朝日新聞出版　∥　アサヒシンブンシュッパン:2 | 朝日新聞出版:1,朝日新聞出版　∥　アサヒシンブンシュッパン,朝日新聞出版=[4],no,[4]
ateuma-chara-no-kuseshite-supadari-ouji-ni-chouai-sarete-imasu,当て馬キャラのくせして、スパダリ王子に寵愛されています。,3,[頒布]星雲社:2 | [頒布]星雲社　∥　セイウンシャ:1,[頒布]星雲社,[頒布]星雲社　∥　セイウンシャ=[2],no,[2]
atode-shimai-masu,あとで姉妹ます。,3,一迅社　∥　イチジンシャ:2 | [発売]講談社　∥　コウダンシャ:1,一迅社　∥　イチジンシャ,[発売]講談社　∥　コウダンシャ=[3],no,[3]
atsuatsu-sutaguru-tabi,あつあつ!スタグル旅,3,[頒布]小学館クリエイティブ (発売)　∥　ショウガクカンクリエイティブ:1 | [頒布]小学館クリエイティブ　∥　ショウガクカンクリエイティブ:1 | [頒布]小学館クリエイティブ:1,[頒布]小学館クリエイティブ (発売)　∥　ショウガクカンクリエイティブ,[頒布]小学館クリエイティブ　∥　ショウガクカンクリエイティブ=[2];[頒布]小学館クリエイティブ=[4],no,"[2, 4]"
atsukoi,熱恋,3,日本文芸社　∥　ニホン ブンゲイシャ:2 | 日本文芸社:1,日本文芸社　∥　ニホン ブンゲイシャ,日本文芸社=[3],no,[3]
avec-punch,アベックパンチ,3,エンターブレイン:2 | [発売]角川グループパブリッシング　∥　カドカワ グループ パブリッシング:1,エンターブレイン,[発売]角川グループパブリッシング　∥　カドカワ グループ パブリッシング=[3],no,[3]
ayakashi-kura-no-kanrinin,あやかし蔵の管理人,3,[頒布]星雲社 (発売)　∥　セイウンシャ:2 | [頒布]星雲社　∥　セイウンシャ:1,[頒布]星雲社 (発売)　∥　セイウンシャ,[頒布]星雲社　∥　セイウンシャ=[3],no,[3]
ayakashi-neko-no-hanayome-sama,あやかし猫の花嫁様,3,[頒布]星雲社:2 | [頒布]星雲社　∥　セイウンシャ:1,[頒布]星雲社,[頒布]星雲社　∥　セイウンシャ=[1],no,[1]
azuuru-reen-the-animation,アズールレーンthe animation,3,[頒布]講談社　∥　コウダンシャ:2 | [発売]講談社　∥　コウダンシャ:1,[頒布]講談社　∥　コウダンシャ,[発売]講談社　∥　コウダンシャ=[1],no,[1]
babibui-chuubaa-papii,バビブイチューバー!!パピィ,3,講談社　∥　コウダンシャ:2 | 講談社:1,講談社　∥　コウダンシャ,講談社=[3],no,[3]
baki-gaiden-hana-no-chiharu,バキ外伝花のチハル,3,秋田書店　∥　アキタショテン:2 | 秋田書店:1,秋田書店　∥　アキタショテン,秋田書店=[3],no,[3]
baki-gaiden-kizuzura,バキ外伝創面,3,秋田書店　∥　アキタ ショテン:2 | 秋田書店　∥　アキタショテン:1,秋田書店　∥　アキタ ショテン,秋田書店　∥　アキタショテン=[3],no,[3]
bakidomoe,バキどもえ,3,秋田書店　∥　アキタショテン:2 | 秋田書店　∥　アキタ ショテン:1,秋田書店　∥　アキタショテン,秋田書店　∥　アキタ ショテン=[1],no,[1]
banjou-no-himawari,盤上の向日葵,3,KADOKAWA　∥　カドカワ:2 | KADOKAWA:1,KADOKAWA　∥　カドカワ,KADOKAWA=[3],no,[3]
baritachi-no-ore-ga-jimionna-ni-tatsu-toka-arienee,バリタチの俺が、地味オンナに勃つとかありえねえ,3,[頒布]星雲社 (発売)　∥　セイウンシャ:2 | [頒布]星雲社　∥　セイウンシャ:1,[頒布]星雲社 (発売)　∥　セイウンシャ,[頒布]星雲社　∥　セイウンシャ=[3],no,[3]
battouuta-sensei-no-gourmet-night,バットゥータ先生のグルメアンナイト,3,秋田書店　∥　アキタショテン:2 | 秋田書店:1,秋田書店　∥　アキタショテン,秋田書店=[3],no,[3]
beautiful-place,ビューティフルプレイス,3,[頒布]小学館クリエイティブ (発売)　∥　ショウガクカンクリエイティブ:1 | [頒布]小学館クリエイティブ　∥　ショウガクカンクリエイティブ:1 | [頒布]小学館クリエイティブ:1,[頒布]小学館クリエイティブ (発売)　∥　ショウガクカンクリエイティブ,[頒布]小学館クリエイティブ　∥　ショウガクカンクリエイティブ=[2];[頒布]小学館クリエイティブ=[3],no,"[2, 3]"
benitsubaki,紅椿妃(べにつばき),3,KADOKAWA　∥　カドカワ:2 | KADOKAWA:1,KADOKAWA　∥　カドカワ,KADOKAWA=[3],no,[3]
bentouya-san-no-omotenashi,弁当屋さんのおもてなし,3,KADOKAWA　∥　カドカワ:2 | KADOKAWA:1,KADOKAWA　∥　カドカワ,KADOKAWA=[3],no,[3]
bikishin-densetsu-momo,美鬼神伝説MOMO,3,[発売]小学館クリエイティブ　∥　ショウガクカンクリエイティブ:2 | [発売]小学館クリエイティブ　∥　ショウガクカン クリエイティブ:1,[発売]小学館クリエイティブ　∥　ショウガクカンクリエイティブ,[発売]小学館クリエイティブ　∥　ショウガクカン クリエイティブ=[1],no,[1]
billion-dollar-slave,ビリオンダラー・スレイブ,3,講談社:2 | 講談社　∥　コウダンシャ:1,講談社,講談社　∥　コウダンシャ=[1],no,[1]
binbou-kizoku-noodo-no-bouken-tan,貧乏貴族ノードの冒険譚,3,アース・スターエンターテイメント　∥　アーススターエンターテイメント:2 | アース・スターエンターテイメント:1,アース・スターエンターテイメント　∥　アーススターエンターテイメント,アース・スターエンターテイメント=[3],no,[3]
bishuu-gyakuten-sekai-no-kurerikku,美醜逆転世界のクレリック,3,集英社:2 | 集英社　∥　シュウエイシャ:1,集英社,集英社　∥　シュウエイシャ=[1],no,[1]
black-black-lotus,ブラック・ブラック・ロータス,3,KADOKAWA　∥　カドカワ:2 | KADOKAWA:1,KADOKAWA　∥　カドカワ,KADOKAWA=[3],no,[3]
black-rock-shooter-innocent-soul,ブラック★ロックシューターイノセントソウル,3,[発売]角川グループパブリッシング　∥　カドカワ グループ パブリッシング:2 | [発売]角川グループパブリッシング　∥　カドカワグループパブリッシング:1,[発売]角川グループパブリッシング　∥　カドカワ グループ パブリッシング,[発売]角川グループパブリッシング　∥　カドカワグループパブリッシング=[3],no,[3]
bloody-sugar-wa-yoru-warau,ブラッディ・シュガーは夜わらう,3,コアミックス　∥　コアミックス:2 | コアミックス　∥　コア ミックス:1,コアミックス　∥　コアミックス,コアミックス　∥　コア ミックス=[1],no,[1]
blue-flight,ブルーフライト,3,小学館:2 | 小学館　∥　ショウガクカン:1,小学館,小学館　∥　ショウガクカン=[1],no,[1]
blue-nest,BLUE NEST,3,[発売]小学館クリエイティブ　∥　ショウガクカンクリエイティブ:2 | [発売]小学館クリエイティブ　∥　ショウガクカン クリエイティブ:1,[発売]小学館クリエイティブ　∥　ショウガクカンクリエイティブ,[発売]小学館クリエイティブ　∥　ショウガクカン クリエイティブ=[1],no,[1]
boku-no-koto-oshiteyo,僕のこと推してよ,3,集英社:2 | 集英社　∥　シュウエイシャ:1,集英社,集英社　∥　シュウエイシャ=[1],no,[1]
boku-no-ma-na-musume,ぼくの魔なむすめ,3,小学館:2 | 小学館　∥　ショウガクカン:1,小学館,小学館　∥　ショウガクカン=[1],no,[1]
boku-no-oku-san-wa-mahou-shoujo-kamoshirenai,ぼくの奥さんは魔法少女かもしれない,3,KADOKAWA　∥　カドカワ:2 | KADOKAWA:1,KADOKAWA　∥　カドカワ,KADOKAWA=[3],no,[3]
boku-to-kanojo-no-koirogu,ボクとカノジョの恋愛目録,3,[発売]角川グループパブリッシング　∥　カドカワグループパブリッシング:2 | [発売]角川グループホールディングス　∥　カドカワグループホールディングス:1,[発売]角川グループパブリッシング　∥　カドカワグループパブリッシング,[発売]角川グループホールディングス　∥　カドカワグループホールディングス=[3],no,[3]
boku-to-obaa-no-fushigi-na-hanashi,ボクとおば～のフシギな話,3,リイド社　∥　リイドシャ:2 | リイド社:1,リイド社　∥　リイドシャ,リイド社=[3],no,[3]
boku-to-ojii-chan-to-mahou-no-tou,僕とおじいちゃんと魔法の塔,3,[発売]角川グループパブリッシング　∥　カドカワ グループ パブリッシング:1 | [発売]角川グループパブリッシング　∥　カドカワグループパブリッシング:1 | KADOKAWA　∥　カドカワ:1,[発売]角川グループパブリッシング　∥　カドカワ グループ パブリッシング,[発売]角川グループパブリッシング　∥　カドカワグループパブリッシング=[2];KADOKAWA　∥　カドカワ=[3],no,"[2, 3]"
boku-to-senpai-no-tekken-kousai,僕と先輩の鉄拳交際,3,KADOKAWA　∥　カドカワ:2 | メディアファクトリー　∥　メディア ファクトリー:1,KADOKAWA　∥　カドカワ,メディアファクトリー　∥　メディア ファクトリー=[2],no,[2]
boku-wa-imasugu-zense-no-kioku-o-sutetai-akogare-no-inaka-wa-jingai-makyou-deshita-comic,僕は今すぐ前世の記憶を捨てたい。～憧れの田舎は人外魔境でした～@COMIC,3,TOブックス　∥　ティーオーブックス:2 | TOブックス:1,TOブックス　∥　ティーオーブックス,TOブックス=[4],no,[4]
boku-wa-onee-chan-no-omocha,僕はお姉ちゃんのおもちゃ,3,秋田書店:2 | 秋田書店　∥　アキタショテン:1,秋田書店,秋田書店　∥　アキタショテン=[1],no,[1]
bokura-no-libido,ボクらのリビドー,3,日本文芸社　∥　ニホン ブンゲイシャ:2 | 日本文芸社:1,日本文芸社　∥　ニホン ブンゲイシャ,日本文芸社=[3],no,[3]
bokura-no-natsu-ga-sakete-iku,ぼくらの夏が裂けていく,3,白泉社　∥　ハクセンシャ:2 | 白泉社:1,白泉社　∥　ハクセンシャ,白泉社=[3],no,[3]
bokura-wa-itai-ikimono-da,僕らはイタい生き物だ。,3,KADOKAWA　∥　カドカワ:2 | [発売]KADOKAWA　∥　カドカワ:1,KADOKAWA　∥　カドカワ,[発売]KADOKAWA　∥　カドカワ=[1],no,[1]
bonkotsu-shinpei-no-monster-life,凡骨新兵のモンスターライフ@COMIC,3,TOブックス:2 | TOブックス　∥　ティーオーブックス:1,TOブックス,TOブックス　∥　ティーオーブックス=[1],no,[1]
botsuraku-reijou-nano-2-dai-ni-ouji-ni-kyuukon-sarete-imasu,没落令嬢なのに第2皇子に求婚されています,3,白泉社　∥　ハクセンシャ:2 | 白泉社:1,白泉社　∥　ハクセンシャ,白泉社=[3],no,[3]
bou-kun-na-ane-ni-suteraretara-koushaku-kakka-ni-hirowaremashita,暴君な姉に捨てられたら、公爵閣下に拾われました,3,大都社:2 | [頒布]大都社:1,大都社,[頒布]大都社=[3],no,[3]
boukensha-zettai-korosu-dungeon,冒険者絶対殺すダンジョン,3,KADOKAWA:2 | KADOKAWA　∥　カドカワ:1,KADOKAWA,KADOKAWA　∥　カドカワ=[1],no,[1]
boushiya-ellipsis,帽子屋エリプシス,3,[発売]角川グループパブリッシング　∥　カドカワ グループ パブリッシング:2 | エンターブレイン:1,[発売]角川グループパブリッシング　∥　カドカワ グループ パブリッシング,エンターブレイン=[1],no,[1]
bullet-ballet-bad-girls,BULLET BALLET BAD GIRLS,3,リイド社:2 | リイド社　∥　リイドシャ:1,リイド社,リイド社　∥　リイドシャ=[1],no,[1]
bullet-fang,バレット×ファング,3,ジーオーティー　∥　ジーオーティー:2 | ジーオーティー:1,ジーオーティー　∥　ジーオーティー,ジーオーティー=[3],no,[3]
burari-tsuri-samurai,ぶらり釣り侍,3,リイド社:2 | リイド社　∥　リイドシャ:1,リイド社,リイド社　∥　リイドシャ=[1],no,[1]
buta-kizoku-wa-mirai-o-kirihiraku-you-desu,豚貴族は未来を切り開くようです,3,オーバーラップ:2 | オーバーラップ　∥　オーバーラップ:1,オーバーラップ,オーバーラップ　∥　オーバーラップ=[1],no,[1]
butai-ni-sake,舞台に咲け!,3,[頒布]講談社　∥　コウダンシャ:2 | [発売]講談社　∥　コウダンシャ:1,[頒布]講談社　∥　コウダンシャ,[発売]講談社　∥　コウダンシャ=[1],no,[1]
butai-sode-no-kuchurie,舞台袖のクチュリエ,3,KADOKAWA　∥　カドカワ:2 | KADOKAWA:1,KADOKAWA　∥　カドカワ,KADOKAWA=[3],no,[3]
butamen,ブタメン,3,小学館　∥　ショウガクカン:2 | 小学館:1,小学館　∥　ショウガクカン,小学館=[3],no,[3]
butsumetsu-kekkon,仏滅結婚,3,[頒布]小学館クリエイティブ　∥　ショウガクカンクリエイティブ:2 | [頒布]小学館クリエイティブ:1,[頒布]小学館クリエイティブ　∥　ショウガクカンクリエイティブ,[頒布]小学館クリエイティブ=[3],no,[3]
byakuda-no-hanamuko,白蛇のはなむこ,3,秋田書店:2 | 秋田書店　∥　アキタショテン:1,秋田書店,秋田書店　∥　アキタショテン=[1],no,[1]
captain-tsubasa-boys-dream,キャプテン翼BOYS DREAM,3,集英社:2 | 集英社　∥　シュウエイシャ:1,集英社,集英社　∥　シュウエイシャ=[1],no,[1]
chameleon-wa-tenohira-ni-koi-o-suru,カメレオンはてのひらに恋をする。,3,スクウェア・エニックス　∥　スクウェア ・ エニックス:2 | スクウェア・エニックス:1,スクウェア・エニックス　∥　スクウェア ・ エニックス,スクウェア・エニックス=[4],no,[4]
champagne-tower-no-mukougawa,シャンパンタワーの向こう側,3,[頒布]幻冬舎:2 | [頒布]幻冬舎　∥　ゲントウシャ:1,[頒布]幻冬舎,[頒布]幻冬舎　∥　ゲントウシャ=[1],no,[1]
change-up-2022,CHANGE UP!!,3,キルタイムコミュニケーション:2 | キルタイムコミュニケーション　∥　キルタイムコミュニケーション:1,キルタイムコミュニケーション,キルタイムコミュニケーション　∥　キルタイムコミュニケーション=[1],no,[1]
chaos-head-rabu-chuchu,CHAOS;HEAD らぶChu☆Chu!,3,[発売]角川グループパブリッシング　∥　カドカワ グループ パブリッシング:2 | [発売]角川グループパブリッシング　∥　カドカワグループパブリッシング:1,[発売]角川グループパブリッシング　∥　カドカワ グループ パブリッシング,[発売]角川グループパブリッシング　∥　カドカワグループパブリッシング=[3],no,[3]
charlotte-niwa-5-nin-no-deshi-ga-iru,シャーロットには5人の弟子がいる,3,KADOKAWA　∥　カドカワ:2 | KADOKAWA:1,KADOKAWA　∥　カドカワ,KADOKAWA=[3],no,[3]
chiguhagu-trick,チグハグトリック,3,KADOKAWA　∥　カドカワ:2 | KADOKAWA:1,KADOKAWA　∥　カドカワ,KADOKAWA=[3],no,[3]
chiisana-koi-no-melody,小さな恋のメロディ,3,コアマガジン　∥　コアマガジン:2 | コアマガジン　∥　コア マガジン:1,コアマガジン　∥　コアマガジン,コアマガジン　∥　コア マガジン=[1],no,[1]
chiisana-majo-no-korie,小さな魔女の首輪,3,スクウェア・エニックス　∥　スクウェア ・ エニックス:2 | スクウェア・エニックス　∥　スクウェア エニックス:1,スクウェア・エニックス　∥　スクウェア ・ エニックス,スクウェア・エニックス　∥　スクウェア エニックス=[2],no,[2]
chikyuu-boueitai-ekkusu,地球防衛隊X,3,講談社:2 | 講談社　∥　コウダンシャ:1,講談社,講談社　∥　コウダンシャ=[1],no,[1]
chikyuu-wa-kozumi-no-mono-nanode,地球はコズミのものなので!,3,芳文社　∥　ホウブンシャ:2 | 芳文社:1,芳文社　∥　ホウブンシャ,芳文社=[3],no,[3]
chimoguri-ringo-to-kingyobachiotoko,血潜り林檎と金魚鉢男,3,[発売]角川グループパブリッシング　∥　カドカワ グループ パブリッシング:2 | [発売]角川グループパブリッシング　∥　カドカワグループパブリッシング:1,[発売]角川グループパブリッシング　∥　カドカワ グループ パブリッシング,[発売]角川グループパブリッシング　∥　カドカワグループパブリッシング=[3],yes,[3]
chinjuu-no-oisha-san,珍獣のお医者さん,3,KADOKAWA　∥　カドカワ:2 | KADOKAWA:1,KADOKAWA　∥　カドカワ,KADOKAWA=[4],no,[4]
chirou-joushi-wa-meiki-na-watashi-no-sekkusu-kyuuseishu,遅漏上司は名器な私のsex救世主,3,[頒布]青泉社　∥　セイセンシャ:2 | [頒布]青泉社:1,[頒布]青泉社　∥　セイセンシャ,[頒布]青泉社=[3],no,[3]
chiyodaku-oukoku-jajjimento,チヨダク王国ジャッジメント,3,秋田書店　∥　アキタショテン:2 | 秋田書店:1,秋田書店　∥　アキタショテン,秋田書店=[3],no,[3]
chizuka-map,ちづかマップ,3,小学館　∥　ショウガクカン:2 | 講談社　∥　コウダンシャ:1,小学館　∥　ショウガクカン,講談社　∥　コウダンシャ=[1],no,[1]
choitsuri-dandy,ちょい釣りダンディ,3,秋田書店　∥　アキタショテン:2 | 秋田書店:1,秋田書店　∥　アキタショテン,秋田書店=[4],no,[4]
chou-henkan-taisen-mojibakeru-g,超変換大戦もじバケるG,3,小学館　∥　ショウガクカン:2 | 小学館:1,小学館　∥　ショウガクカン,小学館=[1],no,[1]
choukyoukei-otoko,調教系男子,3,[発売]フランス書院　∥　フランスショイン:2 | [頒布]フランス書院 (発売)　∥　フランスショイン:1,[発売]フランス書院　∥　フランスショイン,[頒布]フランス書院 (発売)　∥　フランスショイン=[3],no,[3]
chouonsoku-no-majo,超音速の魔女,3,白泉社　∥　ハクセンシャ:2 | 白泉社:1,白泉社　∥　ハクセンシャ,白泉社=[3],no,[3]
chun-talk,ちゅんトーク,3,イースト・プレス:2 | イースト・プレス　∥　イーストプレス:1,イースト・プレス,イースト・プレス　∥　イーストプレス=[2],no,[2]
cinderella-no-giriane-ni-tensei-shitakedo-futari-no-ouji-ni-dekiai-sarete-imasu,シンデレラの義理姉に転生したけどふたりの王子に溺愛されています,3,白泉社　∥　ハクセンシャ:2 | 白泉社:1,白泉社　∥　ハクセンシャ,白泉社=[4],no,[4]
climax-necromance,クライマックスネクロマンス,3,少年画報社:2 | 少年画報社　∥　ショウネンガホウシャ:1,少年画報社,少年画報社　∥　ショウネンガホウシャ=[1],no,[1]
code-geass-soubou-no-oz,コードギアス 双貌のオズ,3,[発売]角川グループパブリッシング　∥　カドカワグループパブリッシング:2 | [発売]KADOKAWA　∥　カドカワ:1,[発売]角川グループパブリッシング　∥　カドカワグループパブリッシング,[発売]KADOKAWA　∥　カドカワ=[3],no,[3]
colorful-kurou,カラフル・クロウ,3,秋田書店　∥　アキタショテン:2 | 秋田書店　∥　アキタ ショテン:1,秋田書店　∥　アキタショテン,秋田書店　∥　アキタ ショテン=[1],no,[1]
corpse-party-book-of-shadows,コープスパーティーBook of Shadows,3,メディアファクトリー　∥　メディア ファクトリー:2 | KADOKAWA　∥　カドカワ:1,メディアファクトリー　∥　メディア ファクトリー,KADOKAWA　∥　カドカワ=[3],no,[3]
cos-chu,cos-chu,3,秋田書店　∥　アキタショテン:2 | 秋田書店　∥　アキタ ショテン:1,秋田書店　∥　アキタショテン,秋田書店　∥　アキタ ショテン=[1],no,[1]
cuddle,カドル,3,フロンティアワークス　∥　フロンティア ワークス:2 | フロンティアワークス:1,フロンティアワークス　∥　フロンティア ワークス,フロンティアワークス=[4],no,[4]
d-c-iii,D.C. 〔Ⅲ〕,3,[発売]角川グループパブリッシング　∥　カドカワ グループ パブリッシング:1 | [発売]KADOKAWA　∥　カドカワ:1 | KADOKAWA　∥　カドカワ:1,[発売]角川グループパブリッシング　∥　カドカワ グループ パブリッシング,[発売]KADOKAWA　∥　カドカワ=[2];KADOKAWA　∥　カドカワ=[3],no,"[2, 3]"
d-d-addiction,ディディアディクション,3,講談社:2 | 講談社　∥　コウダンシャ:1,講談社,講談社　∥　コウダンシャ=[1],no,[1]
d-y-n-freaks,ダイン・フリークス,3,KADOKAWA　∥　カドカワ:2 | [発売]KADOKAWA　∥　カドカワ:1,KADOKAWA　∥　カドカワ,[発売]KADOKAWA　∥　カドカワ=[1],no,[1]
dagasy,Dagasy,3,スクウェア・エニックス　∥　スクウェア  エニックス:1 | スクウェア・エニックス　∥　スクウェア エニックス:1 | スクウェア・エニックス　∥　スクウェア ・ エニックス:1,スクウェア・エニックス　∥　スクウェア  エニックス,スクウェア・エニックス　∥　スクウェア エニックス=[2];スクウェア・エニックス　∥　スクウェア ・ エニックス=[3],no,"[2, 3]"
daikagaku-shoujo,大科学少女,3,双葉社　∥　フタバシャ:2 | KADOKAWA　∥　カドカワ:1,双葉社　∥　フタバシャ,KADOKAWA　∥　カドカワ=[3],no,[3]
daisuki-datta-konyakusha-ni-miryou-no-mahou-no-sei-de-konyaku-haki-saremashita,大好きだった婚約者に魅了の魔法のせいで婚約破棄されました。,3,リブレ:2 | リブレ　∥　リブレ:1,リブレ,リブレ　∥　リブレ=[1],no,[1]
dakareta-akuyaku-reijou-wa-gekihen-ouji-no-dekiai-route-ni-totsunyuuchuu,抱かれた悪役令嬢は、激変王子の溺愛ルートに突入中!?,3,ハーパーコリンズ・ジャパン　∥　ハーパーコリンズジャパン:2 | ハーパーコリンズ・ジャパン:1,ハーパーコリンズ・ジャパン　∥　ハーパーコリンズジャパン,ハーパーコリンズ・ジャパン=[4],no,[4]
damedoru-to-sekai-1-dake-no-fun,ダメドルと世界に1人だけのファン,3,[頒布]講談社　∥　コウダンシャ:2 | [頒布]講談社:1,[頒布]講談社　∥　コウダンシャ,[頒布]講談社=[4],no,[4]
dance-in-za-vampire-bund-sledge-hammer-no-tsuioku,ダンスインザヴァンパイアバンドスレッジ・ハマーの追憶,3,メディアファクトリー　∥　メディア ファクトリー:1 | メディアファクトリー　∥　メディアファクトリー:1 | KADOKAWA　∥　カドカワ:1,メディアファクトリー　∥　メディア ファクトリー,メディアファクトリー　∥　メディアファクトリー=[2];KADOKAWA　∥　カドカワ=[3],no,"[2, 3]"
danna-ga-bibou-o-kakusu-wake,旦那が美貌を隠す訳,3,KADOKAWA　∥　カドカワ:2 | KADOKAWA:1,KADOKAWA　∥　カドカワ,KADOKAWA=[3],no,[3]
danshikou-no-hanyuu-san,男子校の羽生さん,3,芳文社　∥　ホウブンシャ:2 | 芳文社:1,芳文社　∥　ホウブンシャ,芳文社=[4],no,[4]
daremo-shirangana,誰も知らんがな,3,講談社　∥　コウダンシャ:2 | 講談社:1,講談社　∥　コウダンシャ,講談社=[3],no,[3]
deadpool-samurai-sano-2021,デッドプール:SAMURAI,3,集英社　∥　シュウエイシャ:2 | 集英社:1,集英社　∥　シュウエイシャ,集英社=[4],no,[4]
debonair-drive,DEBONAIR DRIVE,3,[発売]角川グループパブリッシング　∥　カドカワ グループ パブリッシング:2 | エンターブレイン:1,[発売]角川グループパブリッシング　∥　カドカワ グループ パブリッシング,エンターブレイン=[1],no,[1]
dekiru-maid-sama,できるメイド様,3,KADOKAWA:2 | KADOKAWA　∥　カドカワ:1,KADOKAWA,KADOKAWA　∥　カドカワ=[1],no,[1]
dekoboko-girlish,でこぼこガーリッシュ,3,[発売]角川グループパブリッシング　∥　カドカワグループパブリッシング:1 | [発売]KADOKAWA　∥　カドカワ:1 | KADOKAWA　∥　カドカワ:1,[発売]角川グループパブリッシング　∥　カドカワグループパブリッシング,[発売]KADOKAWA　∥　カドカワ=[2];KADOKAWA　∥　カドカワ=[3],no,"[2, 3]"
demiruka-sama-wa-goritsuyo-akuyaku-reijou,デミルカ様はごりつよ悪役令嬢,3,コアミックス:2 | コアミックス　∥　コアミックス:1,コアミックス,コアミックス　∥　コアミックス=[1],no,[1]
denka-anata-ga-suteta-onna-ga-honmono-no-seijo-desu,殿下、あなたが捨てた女が本物の聖女です,3,[頒布]講談社 (発売)　∥　コウダンシャ:1 | [頒布]講談社　∥　コウダンシャ:1 | [頒布]講談社:1,[頒布]講談社 (発売)　∥　コウダンシャ,[頒布]講談社　∥　コウダンシャ=[2];[頒布]講談社=[4],no,"[2, 4]"
dennou-sokai-ribaasu,電脳租界リバース,3,講談社:2 | 講談社　∥　コウダンシャ:1,講談社,講談社　∥　コウダンシャ=[1],no,[1]
densetsu-no-ore,伝説の俺,3,KADOKAWA:2 | KADOKAWA　∥　カドカワ:1,KADOKAWA,KADOKAWA　∥　カドカワ=[1],no,[1]
dethrone,ディスローン,3,メディアファクトリー　∥　メディア ファクトリー:2 | KADOKAWA　∥　カドカワ:1,メディアファクトリー　∥　メディア ファクトリー,KADOKAWA　∥　カドカワ=[3],no,[3]
devils-candy,デビルズキャンディ,3,KADOKAWA:2 | KADOKAWA　∥　カドカワ:1,KADOKAWA,KADOKAWA　∥　カドカワ=[1],no,[1]
diiteii-tensei,DT転生,3,講談社　∥　コウダンシャ:2 | 講談社:1,講談社　∥　コウダンシャ,講談社=[4],no,[4]
dobe-to-nora,ドベとノラ,3,KADOKAWA　∥　カドカワ:2 | KADOKAWA:1,KADOKAWA　∥　カドカワ,KADOKAWA=[3],no,[3]
dobon-uzu-memesu,ドボン＆ウズ・メメス,3,新日本出版社　∥　シン ニホン シュッパンシャ:1 | 新日本出版社　∥　シンニホンシュッパンシャ:1,新日本出版社　∥　シン ニホン シュッパンシャ,新日本出版社　∥　シンニホンシュッパンシャ=[3],no,[3]
doctor-white,ドクター・ホワイト,3,KADOKAWA　∥　カドカワ:2 | KADOKAWA:1,KADOKAWA　∥　カドカワ,KADOKAWA=[3],no,[3]
doesu-obake-ga-nekasete-kurenai,ドSおばけが寝かせてくれない,3,[発売]三交社　∥　サンコウシャ:2 | [頒布]三交社 (発売)　∥　サンコウシャ:1,[発売]三交社　∥　サンコウシャ,[頒布]三交社 (発売)　∥　サンコウシャ=[3],no,[3]
doka-kue,ドカクエ,3,日本文芸社:2 | 日本文芸社　∥　ニホン ブンゲイシャ:1,日本文芸社,日本文芸社　∥　ニホン ブンゲイシャ=[1],no,[1]
doku-doku-mori-mori,どく・どく・もり・もり,3,[頒布]小学館クリエイティブ (発売)　∥　ショウガクカンクリエイティブ:1 | [頒布]小学館クリエイティブ　∥　ショウガクカンクリエイティブ:1 | [頒布]小学館クリエイティブ:1,[頒布]小学館クリエイティブ (発売)　∥　ショウガクカンクリエイティブ,[頒布]小学館クリエイティブ　∥　ショウガクカンクリエイティブ=[2];[頒布]小学館クリエイティブ=[4],no,"[2, 4]"
dokutaa-toumori-akira-no-shoken,Dr.東盛玲の所見,3,ハーレクイン　∥　ハーレクイン:2 | ハーパーコリンズ・ジャパン　∥　ハーパーコリンズジャパン:1,ハーレクイン　∥　ハーレクイン,ハーパーコリンズ・ジャパン　∥　ハーパーコリンズジャパン=[3],no,[3]
donyoku-joushi-wa-nido-osou,貪欲上司は二度襲う,3,[頒布]星雲社 (発売)　∥　セイウンシャ:2 | [発売]星雲社　∥　セイウンシャ:1,[頒布]星雲社 (発売)　∥　セイウンシャ,[発売]星雲社　∥　セイウンシャ=[1],no,[1]
doredake-doryoku-shitemo-mannen-level-0-no-ore-wa-tsuihousareta-sareta,どれだけ努力しても万年レベル0の俺は追放された,3,一二三書房:2 | [頒布]一二三書房　∥　ヒフミショボウ:1,一二三書房,[頒布]一二三書房　∥　ヒフミショボウ=[1],no,[1]
dorei-o-choukyou-shite-harem-tsukuru,奴隷を調教してハーレム作る,3,KADOKAWA:2 | KADOKAWA　∥　カドカワ:1,KADOKAWA,KADOKAWA　∥　カドカワ=[1],no,[1]
doronjo-sama-wa-tensei-shitemo-akuyaku-reijou-no-mama-datta,ドロンジョさまは転生しても悪役令嬢のままだった,3,マッグガーデン:2 | マッグガーデン　∥　マッグ ガーデン:1,マッグガーデン,マッグガーデン　∥　マッグ ガーデン=[1],no,[1]
doruoji,ドルおじ,3,新潮社　∥　シンチョウシャ:2 | 新潮社:1,新潮社　∥　シンチョウシャ,新潮社=[4],no,[4]
dotchimo-kizukanai,どっちも気づかない。,3,[頒布]講談社　∥　コウダンシャ:2 | [発売]講談社　∥　コウダンシャ:1,[頒布]講談社　∥　コウダンシャ,[発売]講談社　∥　コウダンシャ=[1],no,[1]
doutei-yuusha-wa-nakayoku-shitai,童貞勇者は仲良くシたい,3,スクウェア・エニックス:2 | スクウェア・エニックス　∥　スクウェア ・ エニックス:1,スクウェア・エニックス,スクウェア・エニックス　∥　スクウェア ・ エニックス=[1],no,[1]
douyara-watashi-no-karada-wa-kanzen-muteki-no-you-desu-ne,どうやら私の身体(からだ)は完全無敵のようですね,3,KADOKAWA　∥　カドカワ:2 | KADOKAWA:1,KADOKAWA　∥　カドカワ,KADOKAWA=[13],no,[13]
dragon-musume-no-doko-demonai-zone,ドラゴン娘のどこでもないゾーン,3,小学館　∥　ショウガクカン:2 | 小学館:1,小学館　∥　ショウガクカン,小学館=[4],no,[4]
dragon-quest-ten-4-koma-manga-gekijou,ドラゴンクエスト〔Ⅹ〕4コママンガ劇場,3,スクウェア・エニックス　∥　スクウェア ・ エニックス:2 | スクウェア・エニックス　∥　スクウェア エニックス:1,スクウェア・エニックス　∥　スクウェア ・ エニックス,スクウェア・エニックス　∥　スクウェア エニックス=[1],no,[1]
dream-buster,ドリームバスター,3,徳間書店:2 | 徳間書店　∥　トクマ ショテン:1,徳間書店,徳間書店　∥　トクマ ショテン=[7],no,[7]
drug-on-dragoon-utahime-faibu,どらっぐおんどらぐーんウタヒメファイブ,3,スクウェア・エニックス　∥　スクウェア エニックス:2 | スクウェア・エニックス　∥　スクウェア ・ エニックス:1,スクウェア・エニックス　∥　スクウェア エニックス,スクウェア・エニックス　∥　スクウェア ・ エニックス=[3],no,[3]
edenzu-girl,エデンズガール,3,キルタイムコミュニケーション　∥　キルタイムコミュニケーション:2 | キルタイムコミュニケーション:1,キルタイムコミュニケーション　∥　キルタイムコミュニケーション,キルタイムコミュニケーション=[3],no,[3]
ei-kun-wa-okuchi-ga-ojouzu,英くんはおくちがお上手,3,[頒布]星雲社:2 | [頒布]星雲社　∥　セイウンシャ:1,[頒布]星雲社,[頒布]星雲社　∥　セイウンシャ=[2],no,[2]
eitei-eito-o-2-de-watte,エイティエイトを2でわって,3,芳文社:2 | 芳文社　∥　ホウブンシャ:1,芳文社,芳文社　∥　ホウブンシャ=[1],no,[1]
el-shaddai-ceta,El Shaddai ceta,3,スクウェア・エニックス　∥　スクウェア エニックス:2 | スクウェア・エニックス　∥　スクウェア ・ エニックス:1,スクウェア・エニックス　∥　スクウェア エニックス,スクウェア・エニックス　∥　スクウェア ・ エニックス=[3],no,[3]
elena-no-kyoka,エレナの炬火,3,KADOKAWA　∥　カドカワ:2 | KADOKAWA:1,KADOKAWA　∥　カドカワ,KADOKAWA=[3],no,[3]
elf-to-bike-to-teikoku-chiri-chousain-to,エルフとバイクと帝国地理調査員と,3,少年画報社:2 | 少年画報社　∥　ショウネンガホウシャ:1,少年画報社,少年画報社　∥　ショウネンガホウシャ=[1],no,[1]
elite-jieikan-ni-dekiai-sareteru-rashii-desu,エリート自衛官に溺愛されてる…らしいです?,3,[頒布]星雲社 (発売)　∥　セイウンシャ:2 | [頒布]星雲社　∥　セイウンシャ:1,[頒布]星雲社 (発売)　∥　セイウンシャ,[頒布]星雲社　∥　セイウンシャ=[3],no,[3]
en-mo-yukari-mo,縁もゆかりも,3,小学館　∥　ショウガクカン:2 | 小学館:1,小学館　∥　ショウガクカン,小学館=[3],no,[3]
engekibu-5funmae,演劇部5分前,3,[発売]角川グループパブリッシング　∥　カドカワグループパブリッシング:2 | [発売]角川グループパブリッシング　∥　カドカワ グループ パブリッシング:1,[発売]角川グループパブリッシング　∥　カドカワグループパブリッシング,[発売]角川グループパブリッシング　∥　カドカワ グループ パブリッシング=[1],no,[1]
enidewi,エニデヴィ,3,KADOKAWA　∥　カドカワ:2 | [発売]角川グループホールディングス　∥　カドカワグループホールディングス:1,KADOKAWA　∥　カドカワ,[発売]角川グループホールディングス　∥　カドカワグループホールディングス=[1],no,[1]
entoransu,えんとらんす!,3,少年画報社　∥　ショウネン ガホウシャ:2 | 少年画報社　∥　ショウネンガホウシャ:1,少年画報社　∥　ショウネン ガホウシャ,少年画報社　∥　ショウネンガホウシャ=[3],no,[3]
eros-survival,EROSサバイバル,3,秋田書店　∥　アキタショテン:2 | 秋田書店　∥　アキタ ショテン:1,秋田書店　∥　アキタショテン,秋田書店　∥　アキタ ショテン=[1],no,[1]
eroteikaru-wizard-to-12-nin-no-hanayome,エロティカル・ウィザードと12人の花嫁,3,秋田書店:2 | 秋田書店　∥　アキタショテン:1,秋田書店,秋田書店　∥　アキタショテン=[1],no,[1]
etsuran-chuui,【閲覧注異】,3,秋田書店　∥　アキタショテン:2 | 秋田書店　∥　アキタ ショテン:1,秋田書店　∥　アキタショテン,秋田書店　∥　アキタ ショテン=[1],no,[1]
exorcist-no-hanayome,エクソシストの花嫁,3,ハーレクイン　∥　ハーレクイン:2 | ハーパーコリンズ・ジャパン　∥　ハーパーコリンズジャパン:1,ハーレクイン　∥　ハーレクイン,ハーパーコリンズ・ジャパン　∥　ハーパーコリンズジャパン=[3],no,[3]
f-rank-shoukanshi-pet-atsukai-de-kawaigatteita-shoukanjuu-bahamut-bahamut-ni-seichou-shita-node,Fランク召喚士、ペット扱いで可愛がっていた召喚獣がバハムートに成長したので冒険を辞めて最強の竜騎士になる,3,集英社　∥　シュウエイシャ:2 | 集英社:1,集英社　∥　シュウエイシャ,集英社=[4],no,[4]
fangs,Fangs,3,[頒布]幻冬舎　∥　ゲントウシャ:2 | [発売]幻冬舎　∥　ゲントウシャ:1,[頒布]幻冬舎　∥　ゲントウシャ,[発売]幻冬舎　∥　ゲントウシャ=[1],no,[1]
fantasy-niwa-najimenai,ファンタジーには馴染めない,3,フロンティアワークス　∥　フロンティアワークス:2 | フロンティアワークス:1,フロンティアワークス　∥　フロンティアワークス,フロンティアワークス=[3],no,[3]
fate-strange-fake,Fate/strange Fake,3,TYPE-MOON　∥　TYPE-MOON:1 | TYPE-MOON　∥　タイプムーン:1 | KADOKAWA:1,TYPE-MOON　∥　TYPE-MOON,TYPE-MOON　∥　タイプムーン=[2];KADOKAWA=[3],no,"[2, 3]"
fenrir-ni-tensei-shita-hazu-ga-dou-mitemo-shibainu,フェンリルに転生したはずがどう見ても柴犬,3,講談社　∥　コウダンシャ:2 | 講談社:1,講談社　∥　コウダンシャ,講談社=[3],no,[3]
flyable-heart,Flyable Heart,3,[発売]角川グループパブリッシング　∥　カドカワ グループ パブリッシング:2 | KADOKAWA　∥　カドカワ:1,[発売]角川グループパブリッシング　∥　カドカワ グループ パブリッシング,KADOKAWA　∥　カドカワ=[3],no,[3]
frontier-world-online,Frontier World Online,3,KADOKAWA　∥　カドカワ:2 | KADOKAWA:1,KADOKAWA　∥　カドカワ,KADOKAWA=[3],no,[3]
fuben-de-suteki-na-edo-no-machi,不便ですてきな江戸の町,3,リイド社:2 | リイド社　∥　リイドシャ:1,リイド社,リイド社　∥　リイドシャ=[1],no,[1]
fudanshi-joushi-isaki-san-tono-fushigi-na-koi,腐男子上司・伊佐木さんとの腐思議な恋,3,スクウェア・エニックス　∥　スクウェア ・ エニックス:2 | スクウェア・エニックス:1,スクウェア・エニックス　∥　スクウェア ・ エニックス,スクウェア・エニックス=[3],no,[3]
fujoi-no-ishadou,腐女医の医者道!,3,KADOKAWA　∥　カドカワ:2 | KADOKAWA:1,KADOKAWA　∥　カドカワ,KADOKAWA=[3],no,[3]
fukigen-cinderella,フキゲンシンデレラ,3,[発売]角川グループパブリッシング　∥　カドカワグループパブリッシング:2 | [発売]角川グループパブリッシング　∥　カドカワ グループ パブリッシング:1,[発売]角川グループパブリッシング　∥　カドカワグループパブリッシング,[発売]角川グループパブリッシング　∥　カドカワ グループ パブリッシング=[1],yes,[1]
fukuen-nante-itashimasen,復縁なんていたしません!,3,ブライト出版　∥　ブライトシュッパン:2 | ブライト出版:1,ブライト出版　∥　ブライトシュッパン,ブライト出版=[3],no,[3]
fukufuku-manpuku,ふくふくまんぷく,3,新書館:2 | 新書館　∥　シンショカン:1,新書館,新書館　∥　シンショカン=[1],no,[1]
fure-ai,触レ愛,3,少年画報社:2 | 少年画報社　∥　ショウネンガホウシャ:1,少年画報社,少年画報社　∥　ショウネンガホウシャ=[1],no,[1]
fureai-lesson-keiyaku,ふれあいレッスン契約,3,竹書房　∥　タケ ショボウ:2 | 竹書房:1,竹書房　∥　タケ ショボウ,竹書房=[3],no,[3]
furou-fushi-shoujo-no-naedoko-ryokouki,不老不死少女の苗床旅行記,3,KADOKAWA:2 | KADOKAWA　∥　カドカワ:1,KADOKAWA,KADOKAWA　∥　カドカワ=[1],no,[1]
fururittsu-hakushaku-wa-itsumo-gokigen-naname,フルリッツ伯爵はいつもご機嫌ナナメ,3,宙出版　∥　オオゾラ シュッパン:2 | 宙出版　∥　オオゾラシュッパン:1,宙出版　∥　オオゾラ シュッパン,宙出版　∥　オオゾラシュッパン=[1],no,[1]
fushigi-na-neko-no-machi-meltier,ふしぎな猫のまちメルティア,3,小学館:2 | 小学館　∥　ショウガクカン:1,小学館,小学館　∥　ショウガクカン=[1],no,[1]
fushigina-somera-chan-ootokuchuuru,不思議なソメラちゃんオートクチュール,3,一迅社　∥　イチジンシャ:2 | [発売]講談社　∥　コウダンシャ:1,一迅社　∥　イチジンシャ,[発売]講談社　∥　コウダンシャ=[3],no,[3]
futago-to-sensei,双子と先生,3,[頒布]講談社:2 | [頒布]講談社　∥　コウダンシャ:1,[頒布]講談社,[頒布]講談社　∥　コウダンシャ=[1],no,[1]
futsuu-to-bakemono,フツーと化け物,3,KADOKAWA　∥　カドカワ:2 | KADOKAWA:1,KADOKAWA　∥　カドカワ,KADOKAWA=[3],no,[3]
fuuma-chan-nukemasu,風魔ちゃん、抜けます!!,3,徳間書店　∥　トクマ ショテン:2 | 徳間書店:1,徳間書店　∥　トクマ ショテン,徳間書店=[4],no,[4]
fuyufenriru-fenrir-itoshigo-to-natta-watashi-ga-zetsubou-kara-iyasarete-iku-hanashi,冬フェンリルの愛子となった私が、絶望から癒されていく話,3,マッグガーデン　∥　マッグ ガーデン:2 | マッグガーデン:1,マッグガーデン　∥　マッグ ガーデン,マッグガーデン=[3],no,[3]
fuyumidouke-no-na-ni-kakete,不遊美堂家の名にかけて!,3,竹書房:2 | 竹書房　∥　タケ ショボウ:1,竹書房,竹書房　∥　タケ ショボウ=[1],no,[1]
gaia-ki-tan,鎧亜騎譚,3,キルタイムコミュニケーション　∥　キル タイム コミュニケーション:2 | キルタイムコミュニケーション　∥　キルタイムコミュニケーション:1,キルタイムコミュニケーション　∥　キル タイム コミュニケーション,キルタイムコミュニケーション　∥　キルタイムコミュニケーション=[3],no,[3]
gakeppuchi-reijou-wa-kurokishi-sama-o-horesasetai,崖っぷち令嬢は黒騎士様を惚れさせたい!,3,[頒布]講談社:2 | [頒布]講談社　∥　コウダンシャ:1,[頒布]講談社,[頒布]講談社　∥　コウダンシャ=[1],no,[1]
gal-maid-to-akuyaku-reijou,ギャルメイドと悪役令嬢,3,[頒布]講談社:2 | [頒布]講談社　∥　コウダンシャ:1,[頒布]講談社,[頒布]講談社　∥　コウダンシャ=[1],no,[1]
gal-to-kou-hensachi-otoko-ga-yobikou-de-koi-suru-hanashi,ギャルと高偏差値男子が予備校で恋する話,3,講談社　∥　コウダンシャ:2 | 講談社:1,講談社　∥　コウダンシャ,講談社=[3],no,[3]
ganbare-koppepan-wani,がんばれ!コッペパンわに,3,KADOKAWA　∥　カドカワ:2 | KADOKAWA:1,KADOKAWA　∥　カドカワ,KADOKAWA=[4],no,[4]
gendai-teni-no-daini-ouji,現代転移の第二王子,3,講談社:2 | 講談社　∥　コウダンシャ:1,講談社,講談社　∥　コウダンシャ=[1],no,[1]
gengaku-shijuu-soudan,衒学始終相談,3,白泉社　∥　ハクセンシャ:2 | 白泉社:1,白泉社　∥　ハクセンシャ,白泉社=[3],no,[3]
ghost-and-witch,ゴーストアンドウィッチ,3,マッグガーデン　∥　マッグ ガーデン:1 | [頒布]KADOKAWA　∥　カドカワ:1 | [頒布]KADOKAWA:1,マッグガーデン　∥　マッグ ガーデン,[頒布]KADOKAWA　∥　カドカワ=[2];[頒布]KADOKAWA=[3],no,"[2, 3]"
gibugibu-no-akuma,ギブギブの悪魔,3,新書館:2 | 新書館　∥　シンショカン:1,新書館,新書館　∥　シンショカン=[1],no,[1]
gifted-anomalies,ギフテッド・アノマリィズ,3,KADOKAWA　∥　カドカワ:2 | KADOKAWA:1,KADOKAWA　∥　カドカワ,KADOKAWA=[3],no,[3]
gin-no-cerberus,銀のケルベロス,3,[発売]小学館クリエイティブ　∥　ショウガクカンクリエイティブ:2 | [発売]小学館クリエイティブ　∥　ショウガクカン クリエイティブ:1,[発売]小学館クリエイティブ　∥　ショウガクカンクリエイティブ,[発売]小学館クリエイティブ　∥　ショウガクカン クリエイティブ=[1],no,[1]
gin-no-jutai,銀の受胎,3,少年画報社　∥　ショウネンガホウシャ:2 | 少年画報社:1,少年画報社　∥　ショウネンガホウシャ,少年画報社=[3],no,[3]
gin-no-mugibatake,銀の麦畑,3,スクウェア・エニックス　∥　スクウェア ・ エニックス:2 | スクウェア・エニックス:1,スクウェア・エニックス　∥　スクウェア ・ エニックス,スクウェア・エニックス=[3],no,[3]
girls-dawn,ガールズドーン!,3,ジーオーティー　∥　ジーオーティー:2 | ジーオーティー:1,ジーオーティー　∥　ジーオーティー,ジーオーティー=[3],no,[3]
girls-f1st-gt,ガールズフィスト!!!!GT,3,KADOKAWA　∥　カドカワ:2 | KADOKAWA:1,KADOKAWA　∥　カドカワ,KADOKAWA=[3],no,[3]
goblin-slayer-day-in-the-life,ゴブリンスレイヤー: デイ・イン・ザ・ライフ,3,スクウェア・エニックス　∥　スクウェア ・ エニックス:2 | スクウェア・エニックス:1,スクウェア・エニックス　∥　スクウェア ・ エニックス,スクウェア・エニックス=[3],no,[3]
god-eater-the-2nd-break,God eater-the 2nd break,3,KADOKAWA　∥　KADOKAWA:2 | [発売]KADOKAWA　∥　カドカワ:1,KADOKAWA　∥　KADOKAWA,[発売]KADOKAWA　∥　カドカワ=[3],no,[3]
god-kun,ごっどくん,3,スクウェア・エニックス:2 | スクウェア・エニックス　∥　スクウェア ・ エニックス:1,スクウェア・エニックス,スクウェア・エニックス　∥　スクウェア ・ エニックス=[1],no,[1]
gogh-hajimemashita,ゴッホはじめました。,3,KADOKAWA:2 | KADOKAWA　∥　カドカワ:1,KADOKAWA,KADOKAWA　∥　カドカワ=[1],no,[1]
gokai-sareta-migawari-no-majo-wa-kokuou-kara-saisho-no-koi-to-saigo-no-koi-o-sasagerareru,誤解された『身代わりの魔女』は、国王から最初の恋と最後の恋を捧げられる,3,スクウェア・エニックス:2 | スクウェア・エニックス　∥　スクウェア ・ エニックス:1,スクウェア・エニックス,スクウェア・エニックス　∥　スクウェア ・ エニックス=[1],no,[1]
gokigenyou-gohan-sama,ゴキゲンよう!ごはん様,3,少年画報社:2 | 少年画報社　∥　ショウネンガホウシャ:1,少年画報社,少年画報社　∥　ショウネンガホウシャ=[1],no,[1]
gokigenyou-ikkyoku-ikaga,ごきげんよう、一局いかが?,3,芳文社　∥　ホウブンシャ:2 | 芳文社:1,芳文社　∥　ホウブンシャ,芳文社=[4],no,[4]
gokujou-elite-to-omiai-shitara-hageshii-dokusenyoku-de-metoraremashita,極上エリートとお見合いしたら、激しい独占欲で娶られました,3,[頒布]星雲社:2 | [頒布]星雲社　∥　セイウンシャ:1,[頒布]星雲社,[頒布]星雲社　∥　セイウンシャ=[1],no,[1]
gosai-de-ryuu-no-outei-denka-no-hanayome-ni-narimashita,五歳で、竜の王弟殿下の花嫁になりました@COMIC,3,TOブックス:2 | TOブックス　∥　ティーオーブックス:1,TOブックス,TOブックス　∥　ティーオーブックス=[1],no,[1]
gozen-0-ji-tokeau-netsu,午前0時、とけあう熱,3,[頒布]星雲社:2 | [頒布]星雲社　∥　セイウンシャ:1,[頒布]星雲社,[頒布]星雲社　∥　セイウンシャ=[1],no,[1]
graineliers,グランネリエ,3,スクウェア・エニックス　∥　スクウェア ・ エニックス:2 | スクウェア・エニックス　∥　スクウェア エニックス:1,スクウェア・エニックス　∥　スクウェア ・ エニックス,スクウェア・エニックス　∥　スクウェア エニックス=[1],no,[1]
great-trailers,グレイトトレイラーズ,3,光文社　∥　コウブンシャ:2 | 光文社:1,光文社　∥　コウブンシャ,光文社=[3],no,[3]
green-green-greens,グリーングリーングリーンズ,3,集英社　∥　シュウエイシャ:2 | 集英社:1,集英社　∥　シュウエイシャ,集英社=[3],no,[3]
gsgs-online,ギスギスオンライン,3,秋田書店:2 | 秋田書店　∥　アキタショテン:1,秋田書店,秋田書店　∥　アキタショテン=[1],no,[1]
gudaguda-ace,ぐだぐだエース,3,KADOKAWA　∥　カドカワ:2 | [発売]角川グループパブリッシング　∥　カドカワグループパブリッシング:1,KADOKAWA　∥　カドカワ,[発売]角川グループパブリッシング　∥　カドカワグループパブリッシング=[1],no,[1]
guilty-crown-dancing-endlaves,ギルティクラウンDANCING ENDLAVES,3,[発売]角川グループパブリッシング　∥　カドカワ グループ パブリッシング:1 | [発売]KADOKAWA　∥　カドカワ:1 | KADOKAWA　∥　カドカワ:1,[発売]角川グループパブリッシング　∥　カドカワ グループ パブリッシング,[発売]KADOKAWA　∥　カドカワ=[2];KADOKAWA　∥　カドカワ=[3],no,"[2, 3]"
gunkan-mudabanashi,軍艦無駄話,3,白泉社　∥　ハクセンシャ:2 | 白泉社:1,白泉社　∥　ハクセンシャ,白泉社=[3],no,[3]
gyakkou-akuyaku-reijou-wa-tadaima-kyuukon-chuu,逆行悪役令嬢はただ今求婚中,3,双葉社:2 | 双葉社　∥　フタバシャ:1,双葉社,双葉社　∥　フタバシャ=[1],no,[1]
habatake-kotatsu-chan,はばたけ!こたつちゃん,3,水井麻紀子　∥　ミズイ アキコ:1 | 自力制作出版　∥　ジリキセイサクシュッパン:1 | 自力制作出版　∥　ジリキ セイサク シュッパン:1,水井麻紀子　∥　ミズイ アキコ,自力制作出版　∥　ジリキセイサクシュッパン=[2];自力制作出版　∥　ジリキ セイサク シュッパン=[3],no,"[2, 3]"
hachiouji-meibutsu-tengu-no-koi,八王子名物天狗の恋,3,KADOKAWA　∥　カドカワ:2 | KADOKAWA:1,KADOKAWA　∥　カドカワ,KADOKAWA=[3],no,[3]
haisai-taiyou-musume,ハイサイ!太陽娘,3,宙出版　∥　オオゾラ シュッパン:2 | 宙出版:1,宙出版　∥　オオゾラ シュッパン,宙出版=[1],no,[1]
haison-de-hajimeru-surooraifu,廃村ではじめるスローライフ,3,KADOKAWA:2 | KADOKAWA　∥　カドカワ:1,KADOKAWA,KADOKAWA　∥　カドカワ=[1],no,[1]
haka-banashi,はかばなし,3,講談社:2 | 講談社　∥　コウダンシャ:1,講談社,講談社　∥　コウダンシャ=[1],no,[1]
hakuouki-reimeiroku,薄桜鬼 黎明録,3,[発売]角川グループパブリッシング　∥　カドカワグループパブリッシング:2 | [発売]角川グループホールディングス　∥　カドカワグループホールディングス:1,[発売]角川グループパブリッシング　∥　カドカワグループパブリッシング,[発売]角川グループホールディングス　∥　カドカワグループホールディングス=[3],no,[3]
hamburger-chan-isekai-tensei-enikki,ハンバーガーちゃん異世界転生絵日記,3,少年画報社　∥　ショウネンガホウシャ:2 | 少年画報社:1,少年画報社　∥　ショウネンガホウシャ,少年画報社=[3],no,[3]
hana-mo-mata-kimi-no-tame,花もまた、きみのため。,3,[発売]ソフトバンククリエイティブ　∥　ソフトバンク クリエイティブ:2 | [発売]ほるぷ出版　∥　ホルプシュッパン:1,[発売]ソフトバンククリエイティブ　∥　ソフトバンク クリエイティブ,[発売]ほるぷ出版　∥　ホルプシュッパン=[3],no,[3]
hana-no-miyako-kirishima-2013,花のみやこ!,3,KADOKAWA　∥　カドカワ:2 | [発売]角川グループホールディングス　∥　カドカワグループホールディングス:1,KADOKAWA　∥　カドカワ,[発売]角川グループホールディングス　∥　カドカワグループホールディングス=[1],no,[1]
hana-no-zuborameshi,花のズボラ飯,3,秋田書店　∥　アキタ ショテン:2 | 秋田書店　∥　アキタショテン:1,秋田書店　∥　アキタ ショテン,秋田書店　∥　アキタショテン=[3],no,[3]
hanako-lavatory,ハナコ@ラバトリー,3,ジャイブ　∥　ジャイブ:2 | KADOKAWA　∥　カドカワ:1,ジャイブ　∥　ジャイブ,KADOKAWA　∥　カドカワ=[3],no,[3]
hanamachi-danshou-koi-musubi,花街男娼恋結び,3,オーバーラップ　∥　オーバーラップ:2 | オーバーラップ:1,オーバーラップ　∥　オーバーラップ,オーバーラップ=[3],no,[3]
hanamori-yakuza-to-hanachirashi-no-amai-tsumi,花守ヤクザと花散らしの甘い罪,3,[頒布]講談社　∥　コウダンシャ:2 | [頒布]講談社 (発売)　∥　コウダンシャ:1,[頒布]講談社　∥　コウダンシャ,[頒布]講談社 (発売)　∥　コウダンシャ=[1],no,[1]
hanaori-soushi,花檻草子,3,[発売]角川グループパブリッシング　∥　カドカワ グループ パブリッシング:2 | [発売]角川グループパブリッシング　∥　カドカワグループパブリッシング:1,[発売]角川グループパブリッシング　∥　カドカワ グループ パブリッシング,[発売]角川グループパブリッシング　∥　カドカワグループパブリッシング=[3],yes,[3]
hanayome-to-akuma-no-yakusoku,花嫁と悪魔の約束,3,講談社　∥　コウダンシャ:2 | 講談社:1,講談社　∥　コウダンシャ,講談社=[3],no,[3]
hanazono-ni-miki-ga-tatsu,花園に幹が立つ,3,KADOKAWA　∥　カドカワ:2 | KADOKAWA:1,KADOKAWA　∥　カドカワ,KADOKAWA=[3],no,[3]
haramu-made-midare-ike,孕むまで乱れいけ,3,[頒布]星雲社:2 | [頒布]星雲社　∥　セイウンシャ:1,[頒布]星雲社,[頒布]星雲社　∥　セイウンシャ=[2],no,[2]
hari-to-hitsuji-no-fune,針と羊の舟,3,KADOKAWA　∥　カドカワ:2 | KADOKAWA:1,KADOKAWA　∥　カドカワ,KADOKAWA=[3],no,[3]
hatarake-onee-san,働け!おねえさん,3,芳文社　∥　ホウブンシャ:1 | 自力制作出版　∥　ジリキセイサクシュッパン:1 | 自力制作出版:1,芳文社　∥　ホウブンシャ,自力制作出版　∥　ジリキセイサクシュッパン=[2];自力制作出版=[3],no,"[2, 3]"
hate-my-mia,Hate my Mia!,3,ふゅーじょんぷろだくと　∥　フュージョン プロダクト:2 | ふゅーじょんぷろだくと:1,ふゅーじょんぷろだくと　∥　フュージョン プロダクト,ふゅーじょんぷろだくと=[4],no,[4]
hatsuetchi-no-oaite-wa-masaka-no-houtaiotoko,初エッチのお相手は…まさかの包帯男!?,3,[発売]星雲社　∥　セイウンシャ:2 | [頒布]星雲社　∥　セイウンシャ:1,[発売]星雲社　∥　セイウンシャ,[頒布]星雲社　∥　セイウンシャ=[3],no,[3]
hatsukoi-lunch-box,初恋ランチボックス,3,講談社　∥　コウダンシャ:2 | 講談社:1,講談社　∥　コウダンシャ,講談社=[1],no,[1]
hatsune-mikkusu,初音みっくす,3,ジャイブ:2 | ジャイブ　∥　ジャイブ:1,ジャイブ,ジャイブ　∥　ジャイブ=[3],no,[3]
haunted-campus,ホーンテッド・キャンパス,3,朝日新聞出版　∥　アサヒシンブンシュッパン:2 | KADOKAWA　∥　カドカワ:1,朝日新聞出版　∥　アサヒシンブンシュッパン,KADOKAWA　∥　カドカワ=[2],no,[2]
hazure-hime-wa-igai-to-aisarete-iru,ハズレ姫は意外と愛されている?,3,KADOKAWA:2 | KADOKAWA　∥　カドカワ:1,KADOKAWA,KADOKAWA　∥　カドカワ=[1],no,[1]
hazure-shoku-item-master-ga-hazure-item-deku-doll-o-tsukattara-sekaiichi-no-boukensha-ni-nareta-ken,外れ職アイテムマスターが外れアイテム木偶人形を使ったら世界一の冒険者になれた件,3,竹書房　∥　タケ ショボウ:2 | 竹書房:1,竹書房　∥　タケ ショボウ,竹書房=[3],no,[3]
hazure-skill-mezamashi-de-tondemo-ryouchi-keiei,外れスキル〈目覚まし〉でとんでも領地経営,3,スターツ出版　∥　スターツシュッパン:2 | スターツ出版:1,スターツ出版　∥　スターツシュッパン,スターツ出版=[3],no,[3]
hazure-skill-sekai-toshokan-ni-yoru-isekai-no-chishiki-to-hajimeru-sangyou-kakumei,外れスキル「世界図書館」による異世界の知識と始める『産業革命』,3,講談社:2 | 講談社　∥　コウダンシャ:1,講談社,講談社　∥　コウダンシャ=[1],no,[1]
hazure-zokusei-on-zokusei-de-tsuihousareta-saretakedo-jitsuwa-yuiitsu-mu-eishou-de-hatsudou-dekiru,ハズレ属性〈音属性〉で追放されたけど、実は唯一無詠唱で発動できる最強魔法でした,3,SBクリエイティブ:2 | SBクリエイティブ　∥　エスビークリエイティブ:1,SBクリエイティブ,SBクリエイティブ　∥　エスビークリエイティブ=[1],no,[1]
hazure-zokusei-tsuchi-mahou-no-sei-de-henkyou-ni-tsuihousareta-sareta-node-gangan-ryouchi-kaitaku,ハズレ属性土魔法のせいで辺境に追放されたので、ガンガン領地開拓します!,3,[頒布]星雲社 (発売)　∥　セイウンシャ:1 | [頒布]星雲社　∥　セイウンシャ:1 | [頒布]星雲社:1,[頒布]星雲社 (発売)　∥　セイウンシャ,[頒布]星雲社　∥　セイウンシャ=[2];[頒布]星雲社=[4],no,"[2, 4]"
hello-merankorikku,ハロー、メランコリック!,3,[発売]講談社　∥　コウダンシャ:2 | [頒布]講談社　∥　コウダンシャ:1,[発売]講談社　∥　コウダンシャ,[頒布]講談社　∥　コウダンシャ=[3],no,[3]
hidamari-no-asufaruto,陽だまりのアスファルト,3,[頒布]祥伝社　∥　ショウデンシャ:2 | [発売]祥伝社　∥　ショウデンシャ:1,[頒布]祥伝社　∥　ショウデンシャ,[発売]祥伝社　∥　ショウデンシャ=[1],no,[1]
higeki-no-genkyou-to-naru-saikyou-gedou-rasubosu-joou-wa-tami-no-tameni-tsukushimasu,悲劇の元凶となる最強外道ラスボス女王は民の為に尽くします。,3,[頒布]講談社　∥　コウダンシャ:2 | [発売]講談社　∥　コウダンシャ:1,[頒布]講談社　∥　コウダンシャ,[発売]講談社　∥　コウダンシャ=[1],no,[1]
higouhou-romance,非合法ロマンス,3,講談社:2 | 講談社　∥　コウダンシャ:1,講談社,講談社　∥　コウダンシャ=[1],no,[1]
higurashi-no-naku-koro-ni-oni,ひぐらしのなく頃に 鬼,3,双葉社　∥　フタバシャ:2 | 双葉社:1,双葉社　∥　フタバシャ,双葉社=[3],no,[3]
hikaru-to-hikaru,ひかるtoヒカル,3,KADOKAWA　∥　カドカワ:2 | KADOKAWA:1,KADOKAWA　∥　カドカワ,KADOKAWA=[3],no,[3]
hime-kishi-sama-no-himo,姫騎士様のヒモ,3,KADOKAWA　∥　カドカワ:2 | KADOKAWA:1,KADOKAWA　∥　カドカワ,KADOKAWA=[3],no,[3]
himegotoasobi,秘めごとあそび,3,[発売]角川グループパブリッシング　∥　カドカワグループパブリッシング:1 | [発売]角川グループホールディングス　∥　カドカワグループホールディングス:1 | KADOKAWA　∥　カドカワ:1,[発売]角川グループパブリッシング　∥　カドカワグループパブリッシング,[発売]角川グループホールディングス　∥　カドカワグループホールディングス=[2];KADOKAWA　∥　カドカワ=[3],no,"[2, 3]"
himuro-renji-nippon-touitsu,氷室蓮司～日本統一～,3,秋田書店:2 | 秋田書店　∥　アキタショテン:1,秋田書店,秋田書店　∥　アキタショテン=[1],no,[1]
hinata-no-yuri,ヒナタノユリ,3,日本文芸社　∥　ニホン ブンゲイシャ:2 | 日本文芸社:1,日本文芸社　∥　ニホン ブンゲイシャ,日本文芸社=[3],no,[3]
hissatsu-yami-doushin,必殺闇同心,3,小池書院　∥　コイケ ショイン:2 | [発売]主婦の友社　∥　シュフノトモシャ:1,小池書院　∥　コイケ ショイン,[発売]主婦の友社　∥　シュフノトモシャ=[3],yes,[3]
hiten-no-asuka,緋天のアスカ,3,フロンティアワークス　∥　フロンティアワークス:2 | フロンティアワークス:1,フロンティアワークス　∥　フロンティアワークス,フロンティアワークス=[3],no,[3]
hitode-chan-ni-korosareru,ひとでちゃんに殺される,3,KADOKAWA:2 | KADOKAWA　∥　カドカワ:1,KADOKAWA,KADOKAWA　∥　カドカワ=[1],no,[1]
hitokowa,人怖,3,竹書房　∥　タケショボウ:2 | 竹書房:1,竹書房　∥　タケショボウ,竹書房=[3],no,[3]
hitoribocchi-no-hanamusume-wa-ori-no-naka-no-ryuukishi-ni-koi-negau,ひとりぼっちの花娘は檻の中の竜騎士に恋願う,3,マッグガーデン　∥　マッグ ガーデン:2 | マッグガーデン:1,マッグガーデン　∥　マッグ ガーデン,マッグガーデン=[4],no,[4]
hitsuji-no-kawa-o-kita-kemono,羊の皮を着たケモノ,3,徳間書店　∥　トクマ ショテン:2 | 徳間書店:1,徳間書店　∥　トクマ ショテン,徳間書店=[3],no,[3]
hogushite-yui-san,ほぐして、癒衣さん。,3,芳文社　∥　ホウブンシャ:2 | 芳文社:1,芳文社　∥　ホウブンシャ,芳文社=[3],no,[3]
hojotai-mozukus,補助隊モズクス,3,[発売]角川グループパブリッシング　∥　カドカワグループパブリッシング:1 | [発売]KADOKAWA　∥　カドカワ:1 | KADOKAWA　∥　カドカワ:1,[発売]角川グループパブリッシング　∥　カドカワグループパブリッシング,[発売]KADOKAWA　∥　カドカワ=[2];KADOKAWA　∥　カドカワ=[3],no,"[2, 3]"
hokuto-chan-no-nanatsuboshi,北斗ちゃんの七つ星,3,ジャイブ:2 | ジャイブ　∥　ジャイブ:1,ジャイブ,ジャイブ　∥　ジャイブ=[3],yes,[3]
honda-kanoko-no-hondana,本田鹿の子の本棚,3,リイド社　∥　リイドシャ:2 | リイド社:1,リイド社　∥　リイドシャ,リイド社=[46],no,[46]
horegusuri-event-ga-watashi-ni-okite-shimaimashita,惚れ薬イベントが私に起きてしまいました,3,KADOKAWA:2 | KADOKAWA　∥　カドカワ:1,KADOKAWA,KADOKAWA　∥　カドカワ=[1],no,[1]
hoshikuzuchou-no-pan-no-mimi,星屑町のパンのミミ,3,[発売]角川グループパブリッシング　∥　カドカワ グループ パブリッシング:2 | [発売]角川グループパブリッシング　∥　カドカワグループパブリッシング:1,[発売]角川グループパブリッシング　∥　カドカワ グループ パブリッシング,[発売]角川グループパブリッシング　∥　カドカワグループパブリッシング=[3],yes,[3]
houkago-play-haihiiruzu,放課後プレイHigh Heels,3,KADOKAWA　∥　カドカワ:2 | [発売]角川グループパブリッシング　∥　カドカワグループパブリッシング:1,KADOKAWA　∥　カドカワ,[発売]角川グループパブリッシング　∥　カドカワグループパブリッシング=[1],no,[1]
houkago-wa-kenka-saikyou-no-gal-ni-tsurekomareru-seikatsu,放課後はケンカ最強のギャルに連れこまれる生活,3,KADOKAWA:2 | KADOKAWA　∥　カドカワ:1,KADOKAWA,KADOKAWA　∥　カドカワ=[1],no,[1]
houketsu-no-ronny,宝血のロニー,3,秋田書店　∥　アキタショテン:2 | 秋田書店:1,秋田書店　∥　アキタショテン,秋田書店=[3],no,[3]
housekihime-wa-kudakenai,宝石姫は、砕けない,3,講談社　∥　コウダンシャ:2 | 講談社:1,講談社　∥　コウダンシャ,講談社=[4],no,[4]
hyakki-chousho,百鬼調書,3,KADOKAWA　∥　カドカワ:2 | KADOKAWA:1,KADOKAWA　∥　カドカワ,KADOKAWA=[4],no,[4]
i-c-u,I.C.U,3,[発売]角川グループパブリッシング　∥　カドカワグループパブリッシング:2 | [発売]角川グループパブリッシング　∥　カドカワ グループ パブリッシング:1,[発売]角川グループパブリッシング　∥　カドカワグループパブリッシング,[発売]角川グループパブリッシング　∥　カドカワ グループ パブリッシング=[1],no,[1]
ichiou-tanteikyoku,一応探偵局,3,双葉社　∥　フタバシャ:2 | 双葉社:1,双葉社　∥　フタバシャ,双葉社=[3],no,[3]
ido-lising,アイドライジング!,3,KADOKAWA　∥　カドカワ:2 | [発売]角川グループホールディングス　∥　カドカワグループホールディングス:1,KADOKAWA　∥　カドカワ,[発売]角川グループホールディングス　∥　カドカワグループホールディングス=[1],no,[1]
idol-master-cinderella-girls-ensemble,アイドルマスターシンデレラガールズあんさんぶる!,3,スクウェア・エニックス　∥　スクウェア ・ エニックス:2 | スクウェア・エニックス　∥　スクウェア エニックス:1,スクウェア・エニックス　∥　スクウェア ・ エニックス,スクウェア・エニックス　∥　スクウェア エニックス=[1],no,[1]
idol-pretender,アイドルプリテンダー,3,秋田書店　∥　アキタ ショテン:2 | 秋田書店　∥　アキタショテン:1,秋田書店　∥　アキタ ショテン,秋田書店　∥　アキタショテン=[3],no,[3]
idolmaster-2-colorful-days,アイドルマスター2 Colorful Days,3,[発売]角川グループパブリッシング　∥　カドカワ グループ パブリッシング:2 | [発売]角川グループホールディングス　∥　カドカワ グループ ホールディングス:1,[発売]角川グループパブリッシング　∥　カドカワ グループ パブリッシング,[発売]角川グループホールディングス　∥　カドカワ グループ ホールディングス=[1],no,[1]
ie-ni-kaeru-to-tsuma-ga-kanarazu-shindafuri-o-shiteimasu,家に帰ると妻が必ず死んだふりをしています。,3,PHP研究所　∥　ピーエイチピーケンキュウジョ:2 | PHP研究所　∥　PHP ケンキュウジョ:1,PHP研究所　∥　ピーエイチピーケンキュウジョ,PHP研究所　∥　PHP ケンキュウジョ=[1],no,[1]
igyoutou-san-to-ningen-chan,異形頭さんとニンゲンちゃん,3,[頒布]講談社:2 | [頒布]講談社　∥　コウダンシャ:1,[頒布]講談社,[頒布]講談社　∥　コウダンシャ=[1],no,[1]
iinchou-desu-furyou-ni-naru-hodo-koi-shitemasu,委員長ですが不良になるほど恋してます!,3,フレックスコミックス:2 | フレックスコミックス　∥　フレックスコミックス:1,フレックスコミックス,フレックスコミックス　∥　フレックスコミックス=[1],no,[1]
ijiwaru-onii-chan,いじわるお兄ちゃん,3,講談社　∥　コウダンシャ:2 | 講談社:1,講談社　∥　コウダンシャ,講談社=[3],no,[3]
ikenie-no-susume,生贄のすゝめ,3,白泉社:2 | 白泉社　∥　ハクセンシャ:1,白泉社,白泉社　∥　ハクセンシャ=[1],no,[1]
ikigami-sairin,イキガミ再臨,3,小学館　∥　ショウガクカン:2 | 小学館:1,小学館　∥　ショウガクカン,小学館=[3],no,[3]
ikimono-zuki-no-anninba-san-ni-wa-hon-no-choppiri-doku-ga-aru,生き物好きの安仁馬さんにはほんのちょっぴり毒がある,3,KADOKAWA　∥　カドカワ:2 | KADOKAWA:1,KADOKAWA　∥　カドカワ,KADOKAWA=[3],no,[3]
ikitsuku-saki-wa-yuusha-ka-maou-ka,行き着く先は勇者か魔王か,3,オーバーラップ　∥　オーバーラップ:2 | オーバーラップ:1,オーバーラップ　∥　オーバーラップ,オーバーラップ=[3],no,[3]
ikki-yakou,一鬼夜行,3,スクウェア・エニックス　∥　スクウェア ・ エニックス:2 | スクウェア・エニックス　∥　スクウェア エニックス:1,スクウェア・エニックス　∥　スクウェア ・ エニックス,スクウェア・エニックス　∥　スクウェア エニックス=[1],no,[1]
ima-sugu-onii-chan-ni-imouto-datte-iitai,いますぐお兄ちゃんに妹だっていいたい!,3,KADOKAWA　∥　カドカワ:2 | [発売]角川グループパブリッシング　∥　カドカワ グループ パブリッシング:1,KADOKAWA　∥　カドカワ,[発売]角川グループパブリッシング　∥　カドカワ グループ パブリッシング=[1],no,[1]
imaginary,イマジナリー,3,白泉社　∥　ハクセンシャ:2 | 白泉社:1,白泉社　∥　ハクセンシャ,白泉社=[3],no,[3]
imawabi-no-dakini,忌火のダキニ,3,KADOKAWA　∥　カドカワ:2 | [発売]KADOKAWA　∥　カドカワ:1,KADOKAWA　∥　カドカワ,[発売]KADOKAWA　∥　カドカワ=[1],no,[1]
imouto-ni-konyakusha-o-toraretara-mishiranu-koushaku-sama-ni-kyuukon-saremashita,妹に婚約者を取られたら見知らぬ公爵様に求婚されました,3,KADOKAWA　∥　カドカワ:2 | KADOKAWA:1,KADOKAWA　∥　カドカワ,KADOKAWA=[3],no,[3]
imouto-wa-kanojo-ni-dekinai-noni,妹はカノジョにできないのに,3,KADOKAWA　∥　カドカワ:2 | KADOKAWA:1,KADOKAWA　∥　カドカワ,KADOKAWA=[4],no,[4]
in-hand-2019,インハンドプロローグ,3,講談社　∥　コウダンシャ:2 | 講談社:1,講談社　∥　コウダンシャ,講談社=[6],no,[6]
inchou-senkyo,院長選挙,3,[頒布]幻冬舎　∥　ゲントウシャ:2 | [発売]幻冬舎　∥　ゲントウシャ:1,[頒布]幻冬舎　∥　ゲントウシャ,[発売]幻冬舎　∥　ゲントウシャ=[1],no,[1]
indigo-blue-no-guradeeshon,インディゴブルーのグラデーション,3,東京漫画社　∥　トウキョウマンガシャ:2 | 東京漫画社:1,東京漫画社　∥　トウキョウマンガシャ,東京漫画社=[3],no,[3]
informa,インフォーマ-INFORMA-,3,小学館:2 | 小学館　∥　ショウガクカン:1,小学館,小学館　∥　ショウガクカン=[1],no,[1]
inkya-datta-ore-no-seishun-revenge,陰キャだった俺の青春リベンジ,3,KADOKAWA　∥　カドカワ:2 | KADOKAWA:1,KADOKAWA　∥　カドカワ,KADOKAWA=[4],no,[4]
inkya-gal-demo-ikigaritai,陰キャギャルでもイキがりたい!,3,[頒布]講談社　∥　コウダンシャ:2 | [頒布]講談社:1,[頒布]講談社　∥　コウダンシャ,[頒布]講談社=[3],no,[3]
inochi-no-tabekata,いのちの食べ方,3,KADOKAWA:2 | KADOKAWA　∥　カドカワ:1,KADOKAWA,KADOKAWA　∥　カドカワ=[1],no,[1]
intai-kenja-wa-nonbiri-kaitaku-seikatsu-o-okuritai,引退賢者はのんびり開拓生活をおくりたい,3,[頒布]星雲社:2 | [頒布]星雲社　∥　セイウンシャ:1,[頒布]星雲社,[頒布]星雲社　∥　セイウンシャ=[1],no,[1]
inui-kun-wa-inukai-san-no-tazuna-o-nigiritai,乾くんは犬飼さんの手綱を握りたい,3,日本文芸社　∥　ニホン ブンゲイシャ:2 | 日本文芸社:1,日本文芸社　∥　ニホン ブンゲイシャ,日本文芸社=[3],no,[3]
isegure,イセグレ,3,秋田書店:2 | 秋田書店　∥　アキタショテン:1,秋田書店,秋田書店　∥　アキタショテン=[1],no,[1]
isekai-de-mizu-no-daiseirei-yattemasu,異世界で水の大精霊やってます。,3,[頒布]星雲社:2 | [頒布]星雲社　∥　セイウンシャ:1,[頒布]星雲社,[頒布]星雲社　∥　セイウンシャ=[1],no,[1]
isekai-de-seijo-ni-natta-watashi-genjitsu-sekai-demo-seijo-cheat-de-kanzen-shouri,異世界で聖女になった私、現実世界でも聖女チートで完全勝利!,3,講談社　∥　コウダンシャ:2 | 講談社:1,講談社　∥　コウダンシャ,講談社=[3],no,[3]
isekai-de-youjoka-shita-node-youjo-ni-nattari-shokikan-ni-nattari-shimasu,異世界で幼女化したので養女になったり書記官になったりします,3,[発売]星雲社　∥　セイウンシャ:2 | [頒布]星雲社 (発売)　∥　セイウンシャ:1,[発売]星雲社　∥　セイウンシャ,[頒布]星雲社 (発売)　∥　セイウンシャ=[3],no,[3]
isekai-deno-ore-eno-hyouka-ga-okashiindaga,異世界でのおれへの評価がおかしいんだが,3,[頒布]星雲社:2 | [頒布]星雲社　∥　セイウンシャ:1,[頒布]星雲社,[頒布]星雲社　∥　セイウンシャ=[1],no,[1]
isekai-kobayashi-sachiko,異世界小林幸子,3,秋田書店:2 | 秋田書店　∥　アキタショテン:1,秋田書店,秋田書店　∥　アキタショテン=[1],no,[1]
isekai-mou-kaeritai,異世界もう帰りたい,3,[発売]小学館クリエイティブ　∥　ショウガクカンクリエイティブ:2 | [頒布]小学館クリエイティブ (発売)　∥　ショウガクカンクリエイティブ:1,[発売]小学館クリエイティブ　∥　ショウガクカンクリエイティブ,[頒布]小学館クリエイティブ (発売)　∥　ショウガクカンクリエイティブ=[3],no,[3]
isekai-ni-shoukan-saretandakedo-nandemo-kirete-shimau-kennou-o-te-ni-ireta-node-easy-mode-deshita,異世界に召喚されたんだけど、なんでも斬れてしまう権能を手に入れたのでイージーモードでした。,3,KADOKAWA:2 | KADOKAWA　∥　カドカワ:1,KADOKAWA,KADOKAWA　∥　カドカワ=[1],no,[1]
isekai-ni-shoukan-sarete-watashi-ga-kokuou-sonnano-muri-desu,異世界に召喚されて私が国王!?そんなのムリです!,3,一二三書房:2 | 一二三書房　∥　ヒフミショボウ:1,一二三書房,一二三書房　∥　ヒフミショボウ=[1],no,[1]
isekai-souzou-no-susume-sumaho-app-de-wakusei-o-tsukutte-shimatta-ore-wa-kami-to-nari-sekai-o,異世界創造のすゝめ～スマホアプリで惑星を創ってしまった俺は神となり世界を巡る～@COMIC,3,TOブックス　∥　ティーオーブックス:2 | TOブックス:1,TOブックス　∥　ティーオーブックス,TOブックス=[3],no,[3]
isekai-toushou-no-maken-seisaku-gurashi,異世界刀匠の魔剣製作ぐらし,3,スクウェア・エニックス:2 | スクウェア・エニックス　∥　スクウェア ・ エニックス:1,スクウェア・エニックス,スクウェア・エニックス　∥　スクウェア ・ エニックス=[1],no,[1]
isekai-yome-sagashi-no-susume,異世界嫁探しのススメ,3,竹書房:2 | 竹書房　∥　タケ ショボウ:1,竹書房,竹書房　∥　タケ ショボウ=[1],no,[1]
isharyou-gari,慰謝料狩り,3,集英社:2 | 集英社　∥　シュウエイシャ:1,集英社,集英社　∥　シュウエイシャ=[1],no,[1]
isshokenmei-ni-ken-no-shugyou-o-shita-osananajimi-ga-dorei-ni-natte-ita-node-esu-rank-boukensha-no,一緒に剣の修行をした幼馴染が奴隷になっていたので、Sランク冒険者の僕は彼女を買って守ることにした,3,KADOKAWA　∥　カドカワ:2 | KADOKAWA:1,KADOKAWA　∥　カドカワ,KADOKAWA=[4],no,[4]
itasha-girl,痛車娘。,3,[発売]廣済堂あかつき　∥　コウサイドウ アカツキ:2 | [発売]廣済堂出版　∥　コウサイドウシュッパン:1,[発売]廣済堂あかつき　∥　コウサイドウ アカツキ,[発売]廣済堂出版　∥　コウサイドウシュッパン=[3],no,[3]
itsuwari-no-seijo-wa-ryuukoku-no-mahoutsukai-ni-narimashita,偽りの聖女は竜国の魔法使いになりました,3,主婦と生活社　∥　シュフトセイカツシャ:2 | 主婦と生活社:1,主婦と生活社　∥　シュフトセイカツシャ,主婦と生活社=[4],no,[4]
itte-miyoon-yatte-miyoon,いってミヨーンやってミヨーン,3,[発売]角川グループパブリッシング　∥　カドカワグループパブリッシング:2 | [発売]KADOKAWA　∥　カドカワ:1,[発売]角川グループパブリッシング　∥　カドカワグループパブリッシング,[発売]KADOKAWA　∥　カドカワ=[3],no,[3]
ittsumo-shio-taiou-na-osananajimi-dakedo-ore-ni-kataomoi-shite-iru-no-ga-barebare-de-kawaii,いっつも塩対応な幼なじみだけど、俺に片想いしているのがバレバレでかわいい。,3,ホビージャパン　∥　ホビー ジャパン:2 | ホビージャパン:1,ホビージャパン　∥　ホビー ジャパン,ホビージャパン=[3],no,[3]
izumi-to-ryuu-no-zukan,イズミと竜の図鑑,3,KADOKAWA:2 | KADOKAWA　∥　カドカワ:1,KADOKAWA,KADOKAWA　∥　カドカワ=[1],no,[1]
jagaimo-nouka-no-muramusume-kenshin-to-utawareru-made,ジャガイモ農家の村娘、剣神と謳われるまで。,3,[頒布]一二三書房　∥　ヒフミショボウ:2 | 一二三書房:1,[頒布]一二三書房　∥　ヒフミショボウ,一二三書房=[3],no,[3]
jakushou-soshagebu-no-bokura-ga-kamigee-o-tsukuru-made,弱小ソシャゲ部の僕らが神ゲーを作るまで,3,実業之日本社　∥　ジツギョウノニホンシャ:2 | 実業之日本社:1,実業之日本社　∥　ジツギョウノニホンシャ,実業之日本社=[3],no,[3]
jimmy-corrigan,Jimmy Corrigan.,3,プレスポップ・ギャラリー　∥　プレスポップ ・ ギャラリー:2 | Presspop.　∥　Presspop.:1,プレスポップ・ギャラリー　∥　プレスポップ ・ ギャラリー,Presspop.　∥　Presspop.=[1],no,[1]
jinsei-wa-barairo-ka,人生はバラ色か,3,大洋図書　∥　タイヨウ トショ:2 | 大洋図書:1,大洋図書　∥　タイヨウ トショ,大洋図書=[3],no,[3]
jirashi-jouzu-na-kudou-buchou-wa-konya-mo-aisai-o-guzuguzu-ni-daki-hogusu,じらし上手な久堂部長は、今夜も愛妻をグズグズに抱きほぐす。,3,[頒布]祥伝社　∥　ショウデンシャ:2 | [頒布]祥伝社:1,[頒布]祥伝社　∥　ショウデンシャ,[頒布]祥伝社=[3],no,[3]
jitsuryoku-shugi-ni-hirowareta-kanteishi,実力主義に拾われた鑑定士,3,[頒布]星雲社 (発売)　∥　セイウンシャ:1 | [頒布]星雲社　∥　セイウンシャ:1 | [頒布]星雲社:1,[頒布]星雲社 (発売)　∥　セイウンシャ,[頒布]星雲社　∥　セイウンシャ=[2];[頒布]星雲社=[4],no,"[2, 4]"
jk-souseki,JK漱石,3,KADOKAWA　∥　カドカワ:2 | KADOKAWA:1,KADOKAWA　∥　カドカワ,KADOKAWA=[3],no,[3]
joshi-gou-sei,女子轟生,3,少年画報社　∥　ショウネンガホウシャ:2 | 少年画報社　∥　ショウネン ガホウシャ:1,少年画報社　∥　ショウネンガホウシャ,少年画報社　∥　ショウネン ガホウシャ=[1],no,[1]
joshi-joshikousei-joreishi-akane,女子高生除霊師アカネ!,3,集英社　∥　シュウエイシャ:2 | 集英社:1,集英社　∥　シュウエイシャ,集英社=[3],no,[3]
joucho-o-mechakucha-ni-shitekuru-onna,情緒をめちゃくちゃにしてくる女,3,KADOKAWA　∥　カドカワ:2 | KADOKAWA:1,KADOKAWA　∥　カドカワ,KADOKAWA=[3],no,[3]
joushiki-shirazu-no-saikyou-madoushi,常識知らずの最強魔導師,3,コアミックス　∥　コアミックス:2 | コアミックス:1,コアミックス　∥　コアミックス,コアミックス=[5],no,[5]
joushou-maou-no-yarinaoshi,常勝魔王のやりなおし,3,秋田書店　∥　アキタショテン:2 | 秋田書店:1,秋田書店　∥　アキタショテン,秋田書店=[3],no,[3]
juin-no-onnakenshi-attomaaku-comic,呪印の女剣士@COMIC,3,TOブックス　∥　ティーオーブックス:2 | TOブックス:1,TOブックス　∥　ティーオーブックス,TOブックス=[3],no,[3]
junjou-gal-to-oomono-shachou,純情ギャルとオオモノ社長,3,[頒布]祥伝社　∥　ショウデンシャ:2 | [頒布]祥伝社 (発売)　∥　ショウデンシャ:1,[頒布]祥伝社　∥　ショウデンシャ,[頒布]祥伝社 (発売)　∥　ショウデンシャ=[1],no,[1]
juuhan-mitei,重版未定,3,中央公論新社　∥　チュウオウコウロンシンシャ:2 | 河出書房新社　∥　カワデショボウシンシャ:1,中央公論新社　∥　チュウオウコウロンシンシャ,河出書房新社　∥　カワデショボウシンシャ=[2],no,[2]
juujin-kareshi-to-kozukuri-seikatsu,獣人カレシと子作り生活。,3,[発売]星雲社　∥　セイウンシャ:2 | [頒布]星雲社 (発売)　∥　セイウンシャ:1,[発売]星雲社　∥　セイウンシャ,[頒布]星雲社 (発売)　∥　セイウンシャ=[3],no,[3]
juusou-reijou-morenet,重装令嬢モアネット,3,KADOKAWA:2 | KADOKAWA　∥　カドカワ:1,KADOKAWA,KADOKAWA　∥　カドカワ=[1],no,[1]
k-the-first,K THE FIRST,3,スクウェア・エニックス　∥　スクウェア ・ エニックス:2 | スクウェア・エニックス　∥　スクウェア エニックス:1,スクウェア・エニックス　∥　スクウェア ・ エニックス,スクウェア・エニックス　∥　スクウェア エニックス=[1],no,[1]
kaeru-ie-ga-nai-hanzaishatachi,帰る家がない犯罪者たち,3,芳文社:2 | 芳文社　∥　ホウブンシャ:1,芳文社,芳文社　∥　ホウブンシャ=[1],no,[1]
kagaku-no-ouji-to-mahou-no-hime,科学の王子と魔法の姫,3,[発売]角川グループパブリッシング　∥　カドカワ グループ パブリッシング:2 | KADOKAWA　∥　カドカワ:1,[発売]角川グループパブリッシング　∥　カドカワ グループ パブリッシング,KADOKAWA　∥　カドカワ=[3],no,[3]
kagefumi,影踏み,3,[発売]角川グループパブリッシング　∥　カドカワグループパブリッシング:2 | [発売]角川グループパブリッシング　∥　カドカワ グループ パブリッシング:1,[発売]角川グループパブリッシング　∥　カドカワグループパブリッシング,[発売]角川グループパブリッシング　∥　カドカワ グループ パブリッシング=[1],yes,[1]
kaidou-akane-no-toochaku-damon,怪堂茜のトーチャクだもん!,3,[発売]小学館クリエイティブ　∥　ショウガクカンクリエイティブ:2 | [頒布]小学館クリエイティブ (発売)　∥　ショウガクカンクリエイティブ:1,[発売]小学館クリエイティブ　∥　ショウガクカンクリエイティブ,[頒布]小学館クリエイティブ (発売)　∥　ショウガクカンクリエイティブ=[3],no,[3]
kaidou-arukundesu,街道あるくんです,3,講談社　∥　コウダンシャ:2 | 講談社:1,講談社　∥　コウダンシャ,講談社=[4],no,[4]
kaiikai,怪異界,3,日本文芸社　∥　ニホン ブンゲイシャ:2 | 日本文芸社:1,日本文芸社　∥　ニホン ブンゲイシャ,日本文芸社=[4],no,[4]
kaijuu-on-the-earth-borukarusu,Kaiju on the Earthボルカルス,3,小学館　∥　ショウガクカン:2 | 小学館:1,小学館　∥　ショウガクカン,小学館=[4],no,[4]
kaika-apartment,開花アパートメント,3,KADOKAWA　∥　カドカワ:2 | KADOKAWA:1,KADOKAWA　∥　カドカワ,KADOKAWA=[3],no,[3]
kaika-no-susume,開花のススメ,3,秋田書店　∥　アキタ ショテン:2 | 秋田書店　∥　アキタショテン:1,秋田書店　∥　アキタ ショテン,秋田書店　∥　アキタショテン=[3],no,[3]
kaitou-kuishinbou,快盗くいしん坊,3,ぶんか社:2 | ぶんか社　∥　ブンカシャ:1,ぶんか社,ぶんか社　∥　ブンカシャ=[1],no,[1]
kaitou-lupin-den-abanchurie-toujou-hen,怪盗ルパン伝アバンチュリエ 登場編,3,[発売]小学館クリエイティブ　∥　ショウガクカンクリエイティブ:2 | ぴあ　∥　ピア:1,[発売]小学館クリエイティブ　∥　ショウガクカンクリエイティブ,ぴあ　∥　ピア=[11],no,[11]
kakoku-ayakashi-koukyuu-tan,迦国あやかし後宮譚,3,[頒布]星雲社 (発売)　∥　セイウンシャ:2 | [頒布]星雲社　∥　セイウンシャ:1,[頒布]星雲社 (発売)　∥　セイウンシャ,[頒布]星雲社　∥　セイウンシャ=[3],no,[3]
kakuritsu-sousakan-mikoshiba-gakuto,確率捜査官御子柴岳人,3,[発売]角川グループパブリッシング　∥　カドカワグループパブリッシング:2 | [発売]角川グループホールディングス　∥　カドカワグループホールディングス:1,[発売]角川グループパブリッシング　∥　カドカワグループパブリッシング,[発売]角川グループホールディングス　∥　カドカワグループホールディングス=[3],no,[3]
kakuriyo-no-wakadanna-sama-to-niehime,かくりよの若旦那様と贄姫,3,オーバーラップ　∥　オーバーラップ:2 | オーバーラップ:1,オーバーラップ　∥　オーバーラップ,オーバーラップ=[4],no,[4]
kami-sama-no-gakkou,神様の学校,3,[頒布]星雲社 (発売)　∥　セイウンシャ:2 | [頒布]星雲社　∥　セイウンシャ:1,[頒布]星雲社 (発売)　∥　セイウンシャ,[頒布]星雲社　∥　セイウンシャ=[3],no,[3]
kamikudaite-ai-o-oshiete,噛み砕いて愛をおしえて,3,ブライト出版　∥　ブライトシュッパン:2 | ブライト出版:1,ブライト出版　∥　ブライトシュッパン,ブライト出版=[3],no,[3]
kamitoki-no-resist,神解きのレジスト,3,[発売]角川グループパブリッシング　∥　カドカワグループパブリッシング:2 | [発売]角川グループパブリッシング　∥　カドカワ グループ パブリッシング:1,[発売]角川グループパブリッシング　∥　カドカワグループパブリッシング,[発売]角川グループパブリッシング　∥　カドカワ グループ パブリッシング=[1],no,[1]
kamu-kamu-vanilla,かむかむバニラ!,3,[発売]ほるぷ出版　∥　ホルプシュッパン:2 | [発売]ほるぷ出版　∥　ホルプ シュッパン:1,[発売]ほるぷ出版　∥　ホルプシュッパン,[発売]ほるぷ出版　∥　ホルプ シュッパン=[1],no,[1]
kankyou-hogotai-mottai-9,環境保護隊モッタイ9,3,[発売]ソフトバンククリエイティブ　∥　ソフトバンク クリエイティブ:1 | [発売]ほるぷ出版　∥　ホルプ シュッパン:1 | [発売]ほるぷ出版　∥　ホルプシュッパン:1,[発売]ソフトバンククリエイティブ　∥　ソフトバンク クリエイティブ,[発売]ほるぷ出版　∥　ホルプ シュッパン=[2];[発売]ほるぷ出版　∥　ホルプシュッパン=[3],yes,"[2, 3]"
kanojo-no-imouto-to-kiss-o-shita,カノジョの妹とキスをした。,3,スクウェア・エニックス　∥　スクウェア ・ エニックス:2 | スクウェア・エニックス:1,スクウェア・エニックス　∥　スクウェア ・ エニックス,スクウェア・エニックス=[3],no,[3]
kanojo-o-chara-make,カノジョをキャラメイク!,3,KADOKAWA:2 | KADOKAWA　∥　カドカワ:1,KADOKAWA,KADOKAWA　∥　カドカワ=[1],no,[1]
kanotokoto,かのとこと,3,竹書房:2 | 竹書房　∥　タケ ショボウ:1,竹書房,竹書房　∥　タケ ショボウ=[1],no,[1]
kanpeki-de-saikou-no-watashi-ni-horenai-nowa-tennen-baka-na-omae-no-sei,完璧で最高の私にホレないのは天然バカなお前のせい!,3,日本文芸社　∥　ニホン ブンゲイシャ:2 | 日本文芸社:1,日本文芸社　∥　ニホン ブンゲイシャ,日本文芸社=[3],no,[3]
kanpeki-joushi-no-amai-himitsu,完璧上司の甘い秘密,3,大都社　∥　ダイトシャ:2 | 大都社:1,大都社　∥　ダイトシャ,大都社=[3],no,[3]
kanpeki-waifu-ni-yoru-kanpeki-na-fukushuu-keikaku,完璧ワイフによる完璧な復讐計画,3,集英社　∥　シュウエイシャ:2 | 集英社:1,集英社　∥　シュウエイシャ,集英社=[4],no,[4]
karada-ga-koisuru-keiyaku-kekkon,カラダが恋する契約結婚,3,[頒布]星雲社 (発売)　∥　セイウンシャ:2 | [頒布]星雲社:1,[頒布]星雲社 (発売)　∥　セイウンシャ,[頒布]星雲社=[5],no,[5]
kare-no-1ban-1-naru-houhou,彼の1番になる方法,3,秋田書店　∥　アキタ ショテン:2 | 秋田書店　∥　アキタショテン:1,秋田書店　∥　アキタ ショテン,秋田書店　∥　アキタショテン=[3],no,[3]
karura-mau-katsuraginokodaishin,カルラ舞う! 葛城の古代神,3,秋田書店　∥　アキタショテン:2 | 秋田書店　∥　アキタ ショテン:1,秋田書店　∥　アキタショテン,秋田書店　∥　アキタ ショテン=[2],no,[2]
kasei-no-hatsu-chan,火星の八ちゃん,3,[発売]パンローリング　∥　パン ローリング:2 | [発売]パンローリング:1,[発売]パンローリング　∥　パン ローリング,[発売]パンローリング=[2],yes,[2]
kata-to-yubisaki,肩と指先,3,[発売]幻冬舎　∥　ゲントウシャ:2 | [頒布]幻冬舎 (発売)　∥　ゲントウシャ:1,[発売]幻冬舎　∥　ゲントウシャ,[頒布]幻冬舎 (発売)　∥　ゲントウシャ=[3],no,[3]
katashiro-no-itansha,片白の医端者,3,フレックスコミックス:2 | フレックスコミックス　∥　フレックスコミックス:1,フレックスコミックス,フレックスコミックス　∥　フレックスコミックス=[1],no,[1]
katsute-mahou-shoujo-to-aku-wa-tekitaishiteita,かつて魔法少女と悪は敵対していた。,3,スクウェア・エニックス　∥　スクウェア ・ エニックス:2 | スクウェア・エニックス　∥　スクウェア エニックス:1,スクウェア・エニックス　∥　スクウェア ・ エニックス,スクウェア・エニックス　∥　スクウェア エニックス=[1],no,[1]
kawa-ni-sazanami,かわにさざなみ,3,フロンティアワークス　∥　フロンティア ワークス:2 | フロンティアワークス:1,フロンティアワークス　∥　フロンティア ワークス,フロンティアワークス=[6],no,[6]
kawai-sugiru-hito-yo,かわいすぎる人よ!,3,KADOKAWA　∥　カドカワ:2 | KADOKAWA:1,KADOKAWA　∥　カドカワ,KADOKAWA=[3],no,[3]
kawaii-kimi,かわいいきみ,3,大都社　∥　ダイトシャ:2 | 大都社:1,大都社　∥　ダイトシャ,大都社=[4],no,[4]
kawaii-sekai-seifuku,かわいいせかいせいふく,3,KADOKAWA　∥　カドカワ:2 | KADOKAWA:1,KADOKAWA　∥　カドカワ,KADOKAWA=[3],no,[3]
kawaikute-gomen,可愛くてごめん,3,双葉社:2 | 双葉社　∥　フタバシャ:1,双葉社,双葉社　∥　フタバシャ=[1],no,[1]
kegawa-to-nakami,けがわとなかみ,3,新潮社:2 | 新潮社　∥　シンチョウシャ:1,新潮社,新潮社　∥　シンチョウシャ=[1],no,[1]
kekkai-sensen-beat-3-peat,血界戦線Beat 3 Peat,3,集英社　∥　シュウエイシャ:2 | 集英社:1,集英社　∥　シュウエイシャ,集英社=[3],no,[3]
kekkon-shiyou-rikon-zentei-de,結婚しよう。離婚前提で。,3,スクウェア・エニックス　∥　スクウェア ・ エニックス:2 | スクウェア・エニックス:1,スクウェア・エニックス　∥　スクウェア ・ エニックス,スクウェア・エニックス=[4],no,[4]
kekkon-shoubai,結婚商売,3,KADOKAWA:2 | KADOKAWA　∥　カドカワ:1,KADOKAWA,KADOKAWA　∥　カドカワ=[1],no,[1]
kekkon-sunzen-de-suteraretara-shachou-no-dekiai-ga-hajimarimashita,結婚寸前で捨てられたら社長の溺愛がはじまりました,3,ハーパーコリンズ・ジャパン　∥　ハーパーコリンズジャパン:2 | ハーパーコリンズ・ジャパン:1,ハーパーコリンズ・ジャパン　∥　ハーパーコリンズジャパン,ハーパーコリンズ・ジャパン=[3],no,[3]
kemonoshima,ケモノシマ,3,KADOKAWA　∥　カドカワ:2 | メディアファクトリー　∥　メディア ファクトリー:1,KADOKAWA　∥　カドカワ,メディアファクトリー　∥　メディア ファクトリー=[1],no,[1]
kenja-nara-uchi-de-neteru,賢者ならうちで寝てる,3,KADOKAWA　∥　カドカワ:2 | KADOKAWA:1,KADOKAWA　∥　カドカワ,KADOKAWA=[3],no,[3]
kenja-time-dake-yuusha,賢者タイムだけ勇者,3,少年画報社:2 | 少年画報社　∥　ショウネンガホウシャ:1,少年画報社,少年画報社　∥　ショウネンガホウシャ=[1],no,[1]
kettama,けったま!,3,[発売]ソフトバンククリエイティブ　∥　ソフトバンク クリエイティブ:2 | [発売]ほるぷ出版　∥　ホルプ シュッパン:1,[発売]ソフトバンククリエイティブ　∥　ソフトバンク クリエイティブ,[発売]ほるぷ出版　∥　ホルプ シュッパン=[3],no,[3]
kichijouji-catwalk,吉祥寺キャットウォーク,3,[発売]角川グループパブリッシング　∥　カドカワグループパブリッシング:2 | [発売]KADOKAWA　∥　カドカワ:1,[発売]角川グループパブリッシング　∥　カドカワグループパブリッシング,[発売]KADOKAWA　∥　カドカワ=[3],no,[3]
kifujin-rooza-wa-kage-kara-ai-o-mimamoritai,貴腐人ローザは陰から愛を見守りたい,3,KADOKAWA　∥　カドカワ:2 | KADOKAWA:1,KADOKAWA　∥　カドカワ,KADOKAWA=[4],no,[4]
kikai-jikake-no-ai-mamajin,機械仕掛けの愛ママジン,3,小学館　∥　ショウガクカン:2 | 小学館:1,小学館　∥　ショウガクカン,小学館=[3],no,[3]
kikan-gentei-daiyon-kishidan-no-kitchen-maid-kekkon-shitakunai-node-shuushoku-shimashita-comic,期間限定、第四騎士団のキッチンメイド～結婚したくないので就職しました～@COMIC,3,TOブックス　∥　ティーオーブックス:2 | TOブックス:1,TOブックス　∥　ティーオーブックス,TOブックス=[3],no,[3]
kimi-ga-dare-demo-aishiteru,きみが誰でも愛してる,3,講談社　∥　コウダンシャ:2 | 講談社:1,講談社　∥　コウダンシャ,講談社=[4],no,[4]
kimi-ga-loafer-o-haitara,きみがローファーをはいたら,3,秋田書店　∥　アキタショテン:2 | 秋田書店:1,秋田書店　∥　アキタショテン,秋田書店=[3],no,[3]
kimi-no-sumire,きみの春花,3,フロンティアワークス　∥　フロンティア ワークス:2 | フロンティアワークス:1,フロンティアワークス　∥　フロンティア ワークス,フロンティアワークス=[3],no,[3]
kimi-to-barairo-no-hibi,きみとバラ色の日々,3,集英社:2 | 集英社　∥　シュウエイシャ:1,集英社,集英社　∥　シュウエイシャ=[1],no,[1]
kimi-to-mitai-race-ga-aru,きみと観たいレースがある,3,[頒布]集英社 (発売)　∥　シュウエイシャ:2 | [頒布]集英社　∥　シュウエイシャ:1,[頒布]集英社 (発売)　∥　シュウエイシャ,[頒布]集英社　∥　シュウエイシャ=[3],no,[3]
kimi-tte-watashi-no-koto-suki-nandesho,きみって私のこと好きなんでしょ?,3,スクウェア・エニックス　∥　スクウェア ・ エニックス:2 | スクウェア・エニックス:1,スクウェア・エニックス　∥　スクウェア ・ エニックス,スクウェア・エニックス=[3],no,[3]
kimochi-warui-kara-kimi-ga-suki,きもちわるいから君がすき,3,芳文社　∥　ホウブンシャ:2 | 芳文社:1,芳文社　∥　ホウブンシャ,芳文社=[3],no,[3]
kingdom-hearts-3,キングダムハーツⅢ,3,スクウェア・エニックス　∥　スクウェア ・ エニックス:2 | スクウェア・エニックス:1,スクウェア・エニックス　∥　スクウェア ・ エニックス,スクウェア・エニックス=[4],no,[4]
kingyobachi-horosukoopu,金魚鉢ホロスコープ,3,[発売]角川グループパブリッシング　∥　カドカワ グループ パブリッシング:2 | KADOKAWA　∥　カドカワ:1,[発売]角川グループパブリッシング　∥　カドカワ グループ パブリッシング,KADOKAWA　∥　カドカワ=[3],no,[3]
kingyoya-san-no-karisome-fuufu,金魚屋さんのかりそめ夫婦,3,KADOKAWA　∥　カドカワ:2 | KADOKAWA:1,KADOKAWA　∥　カドカワ,KADOKAWA=[3],no,[3]
kininaru-anoko-wa-kaeru-zuki,気になるあの子はカエル好き,3,集英社:2 | 集英社　∥　シュウエイシャ:1,集英社,集英社　∥　シュウエイシャ=[1],no,[1]
kinou-kimi-ga-shinda,昨日、君が死んだ。,3,[頒布]幻冬舎　∥　ゲントウシャ:2 | [発売]幻冬舎　∥　ゲントウシャ:1,[頒布]幻冬舎　∥　ゲントウシャ,[発売]幻冬舎　∥　ゲントウシャ=[1],no,[1]
kiraware-joou-ha-juuou-sama-no-okiniiri-dokuhime-ga-reset-shita-jinsei-de-dekiai-saremasu,嫌われ王女は獣王様のお気に入り,3,[頒布]青泉社　∥　セイセンシャ:2 | [頒布]青泉社:1,[頒布]青泉社　∥　セイセンシャ,[頒布]青泉社=[3],no,[3]
kiraware-majo-reijou-to-dansou-ouji-no-konyaku,嫌われ魔女令嬢と男装皇子の婚約,3,[頒布]講談社　∥　コウダンシャ:2 | [頒布]講談社:1,[頒布]講談社　∥　コウダンシャ,[頒布]講談社=[3],no,[3]
kirawaremono-no-akuyaku-reijou-alicia-libra-wa-magerarenai,嫌われ者の悪役令嬢アリーシャ・リブラはまげられない,3,コアミックス:2 | コアミックス　∥　コアミックス:1,コアミックス,コアミックス　∥　コアミックス=[1],no,[1]
kirawaremono-no-shirobuta-reijou-no-makimodori-nidome-no-jinsei-wa-shippai-shimasenwa,嫌われ者の〈白豚令嬢〉の巻き戻り。二度目の人生は失敗しませんわ!,3,[頒布]星雲社 (発売)　∥　セイウンシャ:1 | [頒布]星雲社　∥　セイウンシャ:1 | [頒布]星雲社:1,[頒布]星雲社 (発売)　∥　セイウンシャ,[頒布]星雲社　∥　セイウンシャ=[2];[頒布]星雲社=[3],no,"[2, 3]"
kirawaremono-no-tenisha-wa-demodotta-isekai-de-dekiai-dekiaisareru,嫌われ者の転移者は、出戻った異世界で溺愛される,3,KADOKAWA:2 | KADOKAWA　∥　カドカワ:1,KADOKAWA,KADOKAWA　∥　カドカワ=[1],no,[1]
kiri-no-mori-hotel,霧の森ホテル,3,小学館　∥　ショウガクカン:2 | 小学館:1,小学館　∥　ショウガクカン,小学館=[3],no,[3]
kiryuuin-kaya-ni-chi-o-suwareru-dake-no-kan-tan-na-oshigoto,鬼龍院カヤに血を吸われるだけの簡単なおしごと,3,[発売]角川グループパブリッシング　∥　カドカワグループパブリッシング:2 | [発売]角川グループホールディングス　∥　カドカワグループホールディングス:1,[発売]角川グループパブリッシング　∥　カドカワグループパブリッシング,[発売]角川グループホールディングス　∥　カドカワグループホールディングス=[3],no,[3]
kishi-danchou-shima-kousaku,騎士団長島耕作,3,[発売]講談社　∥　コウダンシャ:2 | [頒布]講談社　∥　コウダンシャ:1,[発売]講談社　∥　コウダンシャ,[頒布]講談社　∥　コウダンシャ=[3],no,[3]
kishibe-rohan-wa-ugokanai,岸辺露伴は動かない,3,集英社　∥　シュウエイシャ:2 | 集英社:1,集英社　∥　シュウエイシャ,集英社=[3],no,[3]
kissa-anemone,喫茶アネモネ,3,東京新聞　∥　トウキョウシンブン:2 | 東京新聞:1,東京新聞　∥　トウキョウシンブン,東京新聞=[3],no,[3]
kita-no-sushihime,北の寿司姫,3,日本文芸社　∥　ニホン ブンゲイシャ:2 | 日本文芸社:1,日本文芸社　∥　ニホン ブンゲイシャ,日本文芸社=[1],no,[1]
kitsune-no-mado,狐の窓,3,KADOKAWA:2 | KADOKAWA　∥　カドカワ:1,KADOKAWA,KADOKAWA　∥　カドカワ=[1],no,[1]
kizuato,痕,3,KADOKAWA　∥　カドカワ:2 | メディアワークス:1,KADOKAWA　∥　カドカワ,メディアワークス=[2],no,[2]
kizudarake-seijo-yori-houfuku-o-komete,傷だらけ聖女より報復をこめて,3,[頒布]講談社:2 | [頒布]講談社　∥　コウダンシャ:1,[頒布]講談社,[頒布]講談社　∥　コウダンシャ=[1],no,[1]
klan,KLAN,3,[発売]ほるぷ出版　∥　ホルプ シュッパン:2 | [発売]ソフトバンククリエイティブ　∥　ソフトバンク クリエイティブ:1,[発売]ほるぷ出版　∥　ホルプ シュッパン,[発売]ソフトバンククリエイティブ　∥　ソフトバンク クリエイティブ=[1],no,[1]
kodomo-ni-natsukaretara-kaseifu-ni-narimashita-are-kishi-sama-nimo-dekiai-sareteru-you-desu,子供に懐かれたら家政婦になりました。あれ?騎士様にも溺愛されてるようです!?,3,リブレ:2 | リブレ　∥　リブレ:1,リブレ,リブレ　∥　リブレ=[1],no,[1]
koekoi,こえ恋,3,NHN comico　∥　エヌエイチエヌコミコ:2 | NHN comico　∥　NHN comico:1,NHN comico　∥　エヌエイチエヌコミコ,NHN comico　∥　NHN comico=[2],no,[2]
kogal-to-sugosu-seishun,コギャルと過ごす青春,3,講談社　∥　コウダンシャ:2 | 講談社:1,講談社　∥　コウダンシャ,講談社=[3],no,[3]
kogarete-kogashite,焦がれて焦がして,3,ふゅーじょんぷろだくと　∥　フュージョン プロダクト:2 | ふゅーじょんぷろだくと:1,ふゅーじょんぷろだくと　∥　フュージョン プロダクト,ふゅーじょんぷろだくと=[3],no,[3]
kogashita-ai-wa-mamanaranai,焦がした愛はままならない,3,講談社:2 | 講談社　∥　コウダンシャ:1,講談社,講談社　∥　コウダンシャ=[1],no,[1]
koha-ace-collection,コハエースこれくしょん,3,KADOKAWA　∥　カドカワ:2 | [発売]角川グループパブリッシング　∥　カドカワグループパブリッシング:1,KADOKAWA　∥　カドカワ,[発売]角川グループパブリッシング　∥　カドカワグループパブリッシング=[1],no,[1]
koha-ace-ekkusupii,コハエースXP,3,KADOKAWA　∥　カドカワ:2 | [発売]角川グループパブリッシング　∥　カドカワグループパブリッシング:1,KADOKAWA　∥　カドカワ,[発売]角川グループパブリッシング　∥　カドカワグループパブリッシング=[1],no,[1]
koha-ace-iiekkusu,コハエースEX,3,KADOKAWA　∥　カドカワ:2 | [発売]角川グループパブリッシング　∥　カドカワグループパブリッシング:1,KADOKAWA　∥　カドカワ,[発売]角川グループパブリッシング　∥　カドカワグループパブリッシング=[1],no,[1]
koha-ace,コハエース,3,KADOKAWA　∥　カドカワ:2 | [発売]角川グループパブリッシング　∥　カドカワグループパブリッシング:1,KADOKAWA　∥　カドカワ,[発売]角川グループパブリッシング　∥　カドカワグループパブリッシング=[1],no,[1]
koi-o-suru-hi-no-lingerie,恋をする日のランジェリー,3,講談社:2 | 講談社　∥　コウダンシャ:1,講談社,講談社　∥　コウダンシャ=[1],no,[1]
koi-wa-futago-de-warikirenai,恋は双子で割り切れない,3,KADOKAWA　∥　カドカワ:2 | KADOKAWA:1,KADOKAWA　∥　カドカワ,KADOKAWA=[3],no,[3]
koihime-youchien,恋姫☆ようちえん,3,[発売]角川グループパブリッシング　∥　カドカワグループパブリッシング:2 | KADOKAWA　∥　カドカワ:1,[発売]角川グループパブリッシング　∥　カドカワグループパブリッシング,KADOKAWA　∥　カドカワ=[3],no,[3]
koishita-hito-wa-imouto-no-kawari-ni-shindekure-to-itta-imouto-to-kekkon-shita-kataomoi-aite-ga,恋した人は、妹の代わりに死んでくれと言った。-妹と結婚した片思い相手がなぜ今さら私のもとに?と思ったら-@COMIC,3,TOブックス:2 | TOブックス　∥　ティーオーブックス:1,TOブックス,TOブックス　∥　ティーオーブックス=[4],no,[4]
koisuru-2dk-ayakashi-zensai-tsuki,恋する2DK、あやかし前妻憑き。,3,KADOKAWA　∥　カドカワ:2 | KADOKAWA:1,KADOKAWA　∥　カドカワ,KADOKAWA=[3],no,[3]
kokoro-kun-wa-ai-toka-iranai,心くんは愛とかいらない,3,白泉社　∥　ハクセンシャ:2 | 白泉社:1,白泉社　∥　ハクセンシャ,白泉社=[3],no,[3]
kokoro-no-koe-ga-kikoeru-akuyaku-reijou-wa-kyou-mo-koinu-denka-ni-honrou-dekiaisareru-comic,心の声が聞こえる悪役令嬢は、今日も子犬殿下に翻弄される@COMIC,3,TOブックス　∥　ティーオーブックス:2 | TOブックス:1,TOブックス　∥　ティーオーブックス,TOブックス=[4],no,[4]
kokoro-o-tozashita-koushaku-kakka-to-konyaku-shita-hazu-nanoni-naze-taisetsu-ni-sarete-shimattemasu,心を閉ざした公爵閣下と婚約したはずなのに、なぜか大切にされてしまってます!,3,マイクロマガジン社:2 | マイクロマガジン社　∥　マイクロマガジンシャ:1,マイクロマガジン社,マイクロマガジン社　∥　マイクロマガジンシャ=[1],no,[1]
kokuminteki-idol-ni-natta-osananajimi-ga-boro-apaato-ni-sunderu-ore-no-tonari-ni-hikkoshitekita-ken,国民的アイドルになった幼馴染みが、ボロアパートに住んでる俺の隣に引っ越してきた件,3,KADOKAWA　∥　カドカワ:2 | KADOKAWA:1,KADOKAWA　∥　カドカワ,KADOKAWA=[3],no,[3]
koma-sutaaraito,よんこますたぁらいと,3,[発売]KADOKAWA　∥　カドカワ:2 | [頒布]KADOKAWA (発売)　∥　カドカワ:1,[発売]KADOKAWA　∥　カドカワ,[頒布]KADOKAWA (発売)　∥　カドカワ=[3],no,[3]
komatta-yatsura-minzokugaku-kenkyuukai-he-youkoso,こまったやつら,3,少年画報社　∥　ショウネンガホウシャ:2 | 少年画報社　∥　ショウネン ガホウシャ:1,少年画報社　∥　ショウネンガホウシャ,少年画報社　∥　ショウネン ガホウシャ=[1],no,[1]
kominami-shoutarou-ie-kara-deru-o-hajimemashita,小南正太郎、家から出るをはじめました。,3,スクウェア・エニックス　∥　スクウェア エニックス:2 | スクウェア・エニックス　∥　スクウェア ・ エニックス:1,スクウェア・エニックス　∥　スクウェア エニックス,スクウェア・エニックス　∥　スクウェア ・ エニックス=[3],no,[3]
konchuu-sekai-no-survival,昆虫世界のサバイバル,3,朝日新聞出版:2 | 朝日新聞社:1,朝日新聞出版,朝日新聞社=[1],no,[1]
konjou-no-koi,紺青の恋,3,[頒布]小学館クリエイティブ (発売)　∥　ショウガクカンクリエイティブ:1 | [頒布]小学館クリエイティブ　∥　ショウガクカンクリエイティブ:1 | [頒布]小学館クリエイティブ:1,[頒布]小学館クリエイティブ (発売)　∥　ショウガクカンクリエイティブ,[頒布]小学館クリエイティブ　∥　ショウガクカンクリエイティブ=[2];[頒布]小学館クリエイティブ=[3],no,"[2, 3]"
konsei-wa-akujo-de-ikinobimasu,今世は悪女で生き延びます!,3,大都社　∥　ダイトシャ:1 | 大都社:1 | [頒布]大都社:1,大都社　∥　ダイトシャ,大都社=[3];[頒布]大都社=[4],no,"[3, 4]"
konyaku-haki-da-hatsujou-seijo,婚約破棄だ、発情聖女。,3,主婦と生活社　∥　シュフトセイカツシャ:2 | 主婦と生活社:1,主婦と生活社　∥　シュフトセイカツシャ,主婦と生活社=[4],no,[4]
konyaku-haki-o-manugareta-koushaku-reijou-wa-otto-no-ai-o-shinjirarenai,婚約破棄を免れた公爵令嬢は、夫の愛を信じられない,3,[頒布]青泉社:2 | [頒布]青泉社　∥　セイセンシャ:1,[頒布]青泉社,[頒布]青泉社　∥　セイセンシャ=[1],no,[1]
konyaku-haki-o-neratte-kioku-soushitsu-no-furi-o-shitara-sokkenai-taido-datta-konyakusha-ga-kioku-o,婚約破棄を狙って記憶喪失のフリをしたら、素っ気ない態度だった婚約者が「記憶を失う前の君は、俺にベタ惚れだった」という、とんでもない嘘をつき始めた,3,スクウェア・エニックス　∥　スクウェア ・ エニックス:2 | スクウェア・エニックス:1,スクウェア・エニックス　∥　スクウェア ・ エニックス,スクウェア・エニックス=[3],no,[3]
konyaku-haki-sareta-kuuki-na-watashi-nariagari-no-danna-sama-ni-totsugimashita,婚約破棄された『空気』な私、成り上がりの旦那様に嫁ぎました。,3,マッグガーデン　∥　マッグ ガーデン:2 | マッグガーデン:1,マッグガーデン　∥　マッグ ガーデン,マッグガーデン=[3],no,[3]
konyaku-haki-shite-sashiagemasu-wa,婚約破棄してさしあげますわ,3,キルタイムコミュニケーション　∥　キルタイムコミュニケーション:2 | キルタイムコミュニケーション:1,キルタイムコミュニケーション　∥　キルタイムコミュニケーション,キルタイムコミュニケーション=[3],no,[3]
konyaku-kaihi-no-tame-koe-o-dasanai-to-kimemashita,婚約回避のため、声を出さないと決めました!!,3,KADOKAWA　∥　カドカワ:2 | KADOKAWA:1,KADOKAWA　∥　カドカワ,KADOKAWA=[3],no,[3]
konyakusha-ga-uwaki-aite-to-kakeochi-shimashita-ouji-denka-ni-dekiai-sarete-shiawase-nanode-imasara,婚約者が浮気相手と駆け落ちしました。王子殿下に溺愛されて幸せなので、今さら戻りたいと言われても困ります。,3,[頒布]星雲社:2 | [頒布]星雲社　∥　セイウンシャ:1,[頒布]星雲社,[頒布]星雲社　∥　セイウンシャ=[1],no,[1]
konyakusha-no-uwaki-genba-o-michatta-node-hajimari-no-kane-ga-narimashita-za-comic,婚約者の浮気現場を見ちゃったので始まりの鐘が鳴りましたthe comic,3,マッグガーデン　∥　マッグ ガーデン:2 | マッグガーデン:1,マッグガーデン　∥　マッグ ガーデン,マッグガーデン=[4],no,[4]
koori-mahou-no-aisuya-san-wa-atsugari-shinkan-sama-no-go-hiiki-desu,氷魔法のアイス屋さんは、暑がり神官様のごひいきです。,3,KADOKAWA　∥　カドカワ:2 | KADOKAWA:1,KADOKAWA　∥　カドカワ,KADOKAWA=[3],no,[3]
kore-kara-dandan-shiawase-ni-natte-iku-kowai-onna-joushi,これからだんだん幸せになっていく怖い女上司,3,KADOKAWA　∥　カドカワ:2 | KADOKAWA:1,KADOKAWA　∥　カドカワ,KADOKAWA=[3],no,[3]
korosaretara-zombie-ni-natta-node-shinka-shimakutte-musou-shiyou-to-omoimasu,殺されたらゾンビになったので、進化しまくって無双しようと思います,3,主婦と生活社:2 | 主婦と生活社　∥　シュフトセイカツシャ:1,主婦と生活社,主婦と生活社　∥　シュフトセイカツシャ=[1],no,[1]
kosu-puri,コスプリ!,3,[発売]ソフトバンククリエイティブ　∥　ソフトバンク クリエイティブ:2 | [発売]ほるぷ出版　∥　ホルプシュッパン:1,[発売]ソフトバンククリエイティブ　∥　ソフトバンク クリエイティブ,[発売]ほるぷ出版　∥　ホルプシュッパン=[3],no,[3]
kotoba-no-kemono,言葉の獣,3,リイド社　∥　リイドシャ:2 | リイド社:1,リイド社　∥　リイドシャ,リイド社=[3],no,[3]
kou-2-no-koi-no-wasurekata,高2の恋の忘れ方,3,講談社　∥　コウダンシャ:2 | 講談社:1,講談社　∥　コウダンシャ,講談社=[4],no,[4]
kougekiryoku-zero-kara-hajimeru-kensei-tan,攻撃力ゼロから始める剣聖譚,3,オーバーラップ:2 | オーバーラップ　∥　オーバーラップ:1,オーバーラップ,オーバーラップ　∥　オーバーラップ=[1],no,[1]
kouhoubu-shusshin-no-akuyaku-reijou-desu-muhyoujou-na-ouji-ga-kimi-o-tebanashitakunai-to,広報部出身の悪役令嬢ですが、無表情な王子が「君を手放したくない」と言い出しました,3,KADOKAWA:2 | KADOKAWA　∥　カドカワ:1,KADOKAWA,KADOKAWA　∥　カドカワ=[1],no,[1]
koujo-denka-no-sanbou-sama,公女殿下の参謀様,3,[頒布]一二三書房　∥　ヒフミショボウ:2 | 一二三書房　∥　ヒフミショボウ:1,[頒布]一二三書房　∥　ヒフミショボウ,一二三書房　∥　ヒフミショボウ=[3],no,[3]
koukyuu-ichiban-no-akujo,後宮一番の悪女,3,KADOKAWA　∥　カドカワ:2 | KADOKAWA:1,KADOKAWA　∥　カドカワ,KADOKAWA=[3],no,[3]
koukyuu-mo-nidome-nara,後宮も二度目なら,3,スクウェア・エニックス　∥　スクウェア ・ エニックス:2 | スクウェア・エニックス:1,スクウェア・エニックス　∥　スクウェア ・ エニックス,スクウェア・エニックス=[3],no,[3]
koukyuu-no-kenshi-nyokan,後宮の検屍女官,3,KADOKAWA　∥　カドカワ:2 | KADOKAWA:1,KADOKAWA　∥　カドカワ,KADOKAWA=[4],no,[4]
koukyuu-shakuhi-den,後宮灼姫伝,3,スクウェア・エニックス:2 | スクウェア・エニックス　∥　スクウェア ・ エニックス:1,スクウェア・エニックス,スクウェア・エニックス　∥　スクウェア ・ エニックス=[1],no,[1]
koumu-desu-kara,公務ですから!,3,スクウェア・エニックス　∥　スクウェア ・ エニックス:2 | スクウェア・エニックス　∥　スクウェア エニックス:1,スクウェア・エニックス　∥　スクウェア ・ エニックス,スクウェア・エニックス　∥　スクウェア エニックス=[1],no,[1]
koutei-no-kodomo-o-kakusu-houhou,皇帝の子供を隠す方法,3,[頒布]講談社:2 | [頒布]講談社　∥　コウダンシャ:1,[頒布]講談社,[頒布]講談社　∥　コウダンシャ=[1],no,[1]
kowamote-no-rinjin-ga-omega-datta-toki-no-taishohou,コワモテの隣人がΩだった時の対処法,3,[頒布]講談社:2 | [頒布]講談社　∥　コウダンシャ:1,[頒布]講談社,[頒布]講談社　∥　コウダンシャ=[1],no,[1]
koyoi-kimi-to-kiss-no-chigiri-o,今宵、君とキスの契りを,3,秋田書店　∥　アキタショテン:2 | 秋田書店　∥　アキタ ショテン:1,秋田書店　∥　アキタショテン,秋田書店　∥　アキタ ショテン=[1],no,[1]
koyoi-lorenzi-de-kanbi-naru-chuusei-o,今宵、ロレンツィ家で甘美なる忠誠を,3,KADOKAWA　∥　カドカワ:2 | KADOKAWA:1,KADOKAWA　∥　カドカワ,KADOKAWA=[3],no,[3]
kuma-kuma-kuma-bear-gaiden-yuna-no-yorimichi-techou,くまクマ熊ベアー外伝～ユナのよりみち手帖～,3,主婦と生活社:2 | 主婦と生活社　∥　シュフトセイカツシャ:1,主婦と生活社,主婦と生活社　∥　シュフトセイカツシャ=[1],no,[1]
kurogyaru-ni-natta-kara-shinyuu-to-yatte-mita,黒ギャルになったから親友とヤってみた。,3,[頒布]星雲社 (発売)　∥　セイウンシャ:2 | [発売]星雲社　∥　セイウンシャ:1,[頒布]星雲社 (発売)　∥　セイウンシャ,[発売]星雲社　∥　セイウンシャ=[1],no,[1]
kurourenke-no-jinanbou-comic,クロゥレン家の次男坊@COMIC,3,TOブックス　∥　ティーオーブックス:2 | TOブックス:1,TOブックス　∥　ティーオーブックス,TOブックス=[3],no,[3]
kusattemo-hatsukoi,腐っても、初恋。,3,集英社　∥　シュウエイシャ:2 | 集英社:1,集英社　∥　シュウエイシャ,集英社=[3],no,[3]
kusuri-no-mamono-no-kaikosareta-wake-comic,薬の魔物の解雇理由@COMIC,3,TOブックス　∥　ティーオーブックス:2 | TOブックス:1,TOブックス　∥　ティーオーブックス,TOブックス=[3],no,[3]
kuzu-gedou-no-ore-wa-sennou-skill-de-bishoujo-o-nugasu-koto-ni-shita,クズ外道の俺は、洗脳スキルで美少女を脱がすことにした。,3,竹書房　∥　タケ ショボウ:2 | 竹書房:1,竹書房　∥　タケ ショボウ,竹書房=[4],no,[4]
kyou-kara-keiyaku-kazoku-hajimemasu,今日から、契約家族はじめます,3,[頒布]星雲社 (発売)　∥　セイウンシャ:1 | [頒布]星雲社　∥　セイウンシャ:1 | [頒布]星雲社:1,[頒布]星雲社 (発売)　∥　セイウンシャ,[頒布]星雲社　∥　セイウンシャ=[2];[頒布]星雲社=[3],no,"[2, 3]"
kyou-mo-hajime-senpai-ga-sukisugiru,今日もハジメ先輩が好きすぎる,3,小学館　∥　ショウガクカン:2 | 小学館:1,小学館　∥　ショウガクカン,小学館=[3],no,[3]
kyou-no-choubuku-ka,きょうの調伏課,3,芳文社　∥　ホウブンシャ:2 | 芳文社:1,芳文社　∥　ホウブンシャ,芳文社=[3],no,[3]
kyou-no-ohiru-wa-nandesuka,きょうのお昼はなんですか?,3,講談社　∥　コウダンシャ:2 | 講談社:1,講談社　∥　コウダンシャ,講談社=[3],no,[3]
kyouami,京アミ!,3,[発売]角川グループパブリッシング　∥　カドカワグループパブリッシング:2 | [発売]角川グループパブリッシング　∥　カドカワ グループ パブリッシング:1,[発売]角川グループパブリッシング　∥　カドカワグループパブリッシング,[発売]角川グループパブリッシング　∥　カドカワ グループ パブリッシング=[1],no,[1]
kyourou-wa-mayu-o-hamu,狂狼は繭を喰む,3,少年画報社　∥　ショウネンガホウシャ:2 | 少年画報社:1,少年画報社　∥　ショウネンガホウシャ,少年画報社=[3],no,[3]
kyouryuu-hajimemashita,恐竜はじめました,3,KADOKAWA:2 | KADOKAWA　∥　カドカワ:1,KADOKAWA,KADOKAWA　∥　カドカワ=[2],no,[2]
kyuuyaku-seisho-2008,旧約聖書,3,日本聖書協会　∥　ニホンセイショキョウカイ:2 | 日本聖書協会　∥　ニホン セイショ キョウカイ:1,日本聖書協会　∥　ニホンセイショキョウカイ,日本聖書協会　∥　ニホン セイショ キョウカイ=[1],no,[1]
kyuuyaku-seisho-manga-genesis,旧約聖書マンガジェネシス,3,いのちのことば社フォレストブックス　∥　イノチノコトバシャフォレストブックス:2 | いのちのことば社フォレストブックス　∥　イノチ ノ コトバシャ フォレストブックス:1,いのちのことば社フォレストブックス　∥　イノチノコトバシャフォレストブックス,いのちのことば社フォレストブックス　∥　イノチ ノ コトバシャ フォレストブックス=[3],no,[3]
lapis-no-shinzou,ラピスの心臓,3,文藝春秋:2 | 文藝春秋　∥　ブンゲイシュンジュウ:1,文藝春秋,文藝春秋　∥　ブンゲイシュンジュウ=[1],no,[1]
last-exile-ginyoku-no-fam,ラストエグザイル 銀翼のファム,3,[発売]角川グループパブリッシング　∥　カドカワ グループ パブリッシング:2 | [発売]●角川グループパブリッシング（東京）　∥　カドカワグループパブリッシング:1,[発売]角川グループパブリッシング　∥　カドカワ グループ パブリッシング,[発売]●角川グループパブリッシング（東京）　∥　カドカワグループパブリッシング=[3],no,[3]
level-reset,レベルリセット,3,ぶんか社:2 | ぶんか社　∥　ブンカシャ:1,ぶんか社,ぶんか社　∥　ブンカシャ=[1],no,[1]
little-busters-ecstasy-heartful,リトルバスターズ! エクスタシーはーとふる,3,[発売]角川グループパブリッシング　∥　カドカワグループパブリッシング:1 | [発売]角川グループホールディングス　∥　カドカワグループホールディングス:1 | KADOKAWA　∥　カドカワ:1,[発売]角川グループパブリッシング　∥　カドカワグループパブリッシング,[発売]角川グループホールディングス　∥　カドカワグループホールディングス=[2];KADOKAWA　∥　カドカワ=[3],no,"[2, 3]"
little-witch-academia,リトルウィッチアカデミア,3,KADOKAWA　∥　カドカワ:2 | 集英社　∥　シュウエイシャ:1,KADOKAWA　∥　カドカワ,集英社　∥　シュウエイシャ=[1],no,[1]
lost-stars,STAR WARS/ロスト・スターズ,3,LINE Digital Frontier　∥　ラインデジタルフロンティア:2 | LINE　∥　LINE:1,LINE Digital Frontier　∥　ラインデジタルフロンティア,LINE　∥　LINE=[1],yes,[1]
love-shimasenka,恋愛しませんか?,3,[発売]角川グループパブリッシング　∥　カドカワグループパブリッシング:2 | KADOKAWA　∥　カドカワ:1,[発売]角川グループパブリッシング　∥　カドカワグループパブリッシング,KADOKAWA　∥　カドカワ=[3],no,[3]
lp-life-partner-3banme-no-haiguusha,LP～ライフ・パートナー～3番目の配偶者,3,[発売]集英社　∥　シュウエイシャ:2 | [頒布]集英社 (発売)　∥　シュウエイシャ:1,[発売]集英社　∥　シュウエイシャ,[頒布]集英社 (発売)　∥　シュウエイシャ=[3],no,[3]
machi-no-honya-no-goshoyama-san,まちの本屋の御書山さん,3,KADOKAWA　∥　カドカワ:2 | KADOKAWA:1,KADOKAWA　∥　カドカワ,KADOKAWA=[3],no,[3]
madame-tachi-no-room-share,マダムたちのルームシェア,3,KADOKAWA　∥　カドカワ:2 | KADOKAWA:1,KADOKAWA　∥　カドカワ,KADOKAWA=[5],no,[5]
madara-rumble,マダラランブル,3,講談社:2 | 講談社　∥　コウダンシャ:1,講談社,講談社　∥　コウダンシャ=[1],no,[1]
madk,MADK,3,[発売]フランス書院　∥　フランスショイン:2 | [頒布]フランス書院 (発売)　∥　フランスショイン:1,[発売]フランス書院　∥　フランスショイン,[頒布]フランス書院 (発売)　∥　フランスショイン=[3],no,[3]
madobe-no-linoa,窓辺のリノア,3,KADOKAWA:2 | KADOKAWA　∥　カドカワ:1,KADOKAWA,KADOKAWA　∥　カドカワ=[1],no,[1]
madougushi-rize-kaigyou-shimasu,魔道具師リゼ、開業します,3,オーバーラップ　∥　オーバーラップ:2 | オーバーラップ:1,オーバーラップ　∥　オーバーラップ,オーバーラップ=[4],no,[4]
magical-explorer-eroge-no-yuujin-chara-ni-tensei-shita-kedo-game-chishiki-tsukatte-jiyuu-ni-ikiru,マジカル★エクスプローラーエロゲの友人キャラに転生したけど、ゲーム知識使って自由に生きる,3,KADOKAWA　∥　カドカワ:2 | KADOKAWA:1,KADOKAWA　∥　カドカワ,KADOKAWA=[3],no,[3]
maho-maho,まほマほ,3,[発売]角川グループパブリッシング　∥　カドカワ グループ パブリッシング:1 | [発売]角川グループパブリッシング　∥　カドカワグループパブリッシング:1 | [発売]KADOKAWA　∥　カドカワ:1,[発売]角川グループパブリッシング　∥　カドカワ グループ パブリッシング,[発売]角川グループパブリッシング　∥　カドカワグループパブリッシング=[2];[発売]KADOKAWA　∥　カドカワ=[3],no,"[2, 3]"
mahoroba-komachi-haruhino-san,まほろば小町ハルヒノさん,3,芳文社　∥　ホウブンシャ:2 | 芳文社:1,芳文社　∥　ホウブンシャ,芳文社=[3],no,[3]
mahou-no-ouchi,まほうのおうち,3,白泉社　∥　ハクセンシャ:2 | 白泉社:1,白泉社　∥　ハクセンシャ,白泉社=[3],no,[3]
mahou-shoujo-lyrical-nanoha-innocent,魔法少女リリカルなのはINNOCENT,3,KADOKAWA　∥　カドカワ:2 | [発売]角川グループホールディングス　∥　カドカワグループホールディングス:1,KADOKAWA　∥　カドカワ,[発売]角川グループホールディングス　∥　カドカワグループホールディングス=[1],no,[1]
mahou-shoujo-nante-mou-ii-desu-kara,魔法少女なんてもういいですから。,3,[発売]泰文堂　∥　タイブンドウ:2 | アース・スターエンターテイメント　∥　アーススターエンターテイメント:1,[発売]泰文堂　∥　タイブンドウ,アース・スターエンターテイメント　∥　アーススターエンターテイメント=[3],no,[3]
mahoutsukai-datta-neko,魔法使いだった猫,3,少年画報社　∥　ショウネンガホウシャ:2 | 少年画報社　∥　ショウネン ガホウシャ:1,少年画報社　∥　ショウネンガホウシャ,少年画報社　∥　ショウネン ガホウシャ=[2],no,[2]
mahoutsukai-ni-tadaima,魔法使いにただいま,3,講談社　∥　コウダンシャ:2 | 講談社:1,講談社　∥　コウダンシャ,講談社=[3],no,[3]
maid-hirotta,メイド拾った,3,ジーオーティー　∥　ジーオーティー:2 | ジーオーティー:1,ジーオーティー　∥　ジーオーティー,ジーオーティー=[3],no,[3]
maid-toshite-ikinokorimasu,メイドとして生き残ります,3,KADOKAWA:2 | KADOKAWA　∥　カドカワ:1,KADOKAWA,KADOKAWA　∥　カドカワ=[1],no,[1]
majimekei-kuzu-no-nichijou,まじめ系クズの日常,3,講談社　∥　コウダンシャ:2 | 講談社:1,講談社　∥　コウダンシャ,講談社=[3],no,[3]
majimekei-tennen-reijou-wa-toshishita-ouji-no-omoi-ni-kizukanai,真面目系天然令嬢は年下王子の想いに気づかない,3,マイクロマガジン社　∥　マイクロマガジンシャ:2 | マイクロマガジン社:1,マイクロマガジン社　∥　マイクロマガジンシャ,マイクロマガジン社=[3],no,[3]
majipani,まじぱに,3,[発売]ソフトバンク・クリエイティブ　∥　ソフトバンク クリエイティブ:2 | [発売]ソフトバンククリエイティブ　∥　ソフトバンク クリエイティブ:1,[発売]ソフトバンク・クリエイティブ　∥　ソフトバンク クリエイティブ,[発売]ソフトバンククリエイティブ　∥　ソフトバンク クリエイティブ=[3],no,[3]
majo-ni-ataeru-tettsui,魔女に与える鉄鎚,3,スクウェア・エニックス　∥　スクウェア ・ エニックス:2 | スクウェア・エニックス　∥　スクウェア エニックス:1,スクウェア・エニックス　∥　スクウェア ・ エニックス,スクウェア・エニックス　∥　スクウェア エニックス=[1],no,[1]
majo-wa-mangetsu-ni-saku,魔女は満月に咲く,3,芳文社　∥　ホウブンシャ:2 | 芳文社:1,芳文社　∥　ホウブンシャ,芳文社=[4],no,[4]
makai-ishi-mephisto,魔界医師メフィスト,3,メディアファクトリー　∥　メディア ファクトリー:2 | KADOKAWA　∥　KADOKAWA:1,メディアファクトリー　∥　メディア ファクトリー,KADOKAWA　∥　KADOKAWA=[3],no,[3]
make-no-ohime-sama,メイクのお姫様,3,小学館　∥　ショウガクカン:2 | 小学館:1,小学館　∥　ショウガクカン,小学館=[3],no,[3]
maken-gishi-bakkasu,魔剣技師バッカス,3,一二三書房:2 | [頒布]一二三書房　∥　ヒフミショボウ:1,一二三書房,[頒布]一二三書房　∥　ヒフミショボウ=[1],no,[1]
makizoe-de-isekai-ni-yobidasareta-no-de-sekaikan-mushi-shite-wagashi-tsukurimasu,巻き添えで異世界に喚び出されたので、世界観無視して和菓子作ります,3,小学館:2 | 小学館　∥　ショウガクカン:1,小学館,小学館　∥　ショウガクカン=[1],no,[1]
mamagoto,ママゴト,3,[発売]角川グループパブリッシング　∥　カドカワグループパブリッシング:2 | [発売]角川グループパブリッシング　∥　カドカワ グループ パブリッシング:1,[発売]角川グループパブリッシング　∥　カドカワグループパブリッシング,[発売]角川グループパブリッシング　∥　カドカワ グループ パブリッシング=[1],no,[1]
manga-de-wakaru-shibou-pinchi-kara-no-seikan-zukan,マンガでわかる!死亡ピンチからの生還図鑑,3,宝島社:2 | 宝島社　∥　タカラジマシャ:1,宝島社,宝島社　∥　タカラジマシャ=[1],no,[1]
manga-de-zesshou-shinfogia,まんがDE絶唱しんふぉぎあ,3,[発売]KADOKAWA　∥　カドカワ:2 | [頒布]KADOKAWA (発売)　∥　カドカワ:1,[発売]KADOKAWA　∥　カドカワ,[頒布]KADOKAWA (発売)　∥　カドカワ=[4],no,[4]
manga-kapibara-san,マンガカピバラさん,3,ゴマブックス　∥　ゴマ ブックス:2 | ゴマブックス　∥　ゴマブックス:1,ゴマブックス　∥　ゴマ ブックス,ゴマブックス　∥　ゴマブックス=[3],no,[3]
mankitsu-shitai-jouren-san,まんきつしたい常連さん,3,KADOKAWA:2 | KADOKAWA　∥　カドカワ:1,KADOKAWA,KADOKAWA　∥　カドカワ=[1],no,[1]
maouritsu-chuubosu-yousei-academia,魔王立中ボス養成アカデミア,3,アース・スターエンターテイメント　∥　アーススターエンターテイメント:2 | [発売]泰文堂　∥　タイブンドウ:1,アース・スターエンターテイメント　∥　アーススターエンターテイメント,[発売]泰文堂　∥　タイブンドウ=[1],no,[1]
maoyuu-4-koma-muitemasenyo-maousama,まおゆう4コマ「向いてませんよ、魔王様」,3,[発売]角川グループパブリッシング　∥　カドカワ グループ パブリッシング:1 | [発売]角川グループパブリッシング　∥　カドカワグループパブリッシング:1 | KADOKAWA　∥　カドカワ:1,[発売]角川グループパブリッシング　∥　カドカワ グループ パブリッシング,[発売]角川グループパブリッシング　∥　カドカワグループパブリッシング=[2];KADOKAWA　∥　カドカワ=[3],no,"[2, 3]"
marble-insupaia,まーぶるインスパイア,3,芳文社:2 | 芳文社　∥　ホウブンシャ:1,芳文社,芳文社　∥　ホウブンシャ=[5],no,[5]
marry-go-round,マリーゴーラウンド,3,スクウェア・エニックス:2 | スクウェア・エニックス　∥　スクウェア ・ エニックス:1,スクウェア・エニックス,スクウェア・エニックス　∥　スクウェア ・ エニックス=[1],no,[1]
maru-kun,まるくん,3,集英社　∥　シュウエイシャ:2 | 集英社:1,集英社　∥　シュウエイシャ,集英社=[3],no,[3]
maryoku-zetsumu-no-ryuuken-tsukai,魔力絶無の竜拳使い,3,集英社:2 | 集英社　∥　シュウエイシャ:1,集英社,集英社　∥　シュウエイシャ=[1],no,[1]
mashita-no-fudanshi-kun,ましたの腐男子くん,3,海王社　∥　カイオウシャ:2 | 海王社:1,海王社　∥　カイオウシャ,海王社=[1],no,[1]
masshiroke,まっしろけ,3,エンターブレイン:2 | [発売]角川グループパブリッシング　∥　カドカワ グループ パブリッシング:1,エンターブレイン,[発売]角川グループパブリッシング　∥　カドカワ グループ パブリッシング=[3],no,[3]
matsuoka-kunio-youkai-taiji,松岡國男妖怪退治,3,[発売]角川グループパブリッシング　∥　カドカワグループパブリッシング:1 | [発売]●KADOKAWA　∥　カドカワ:1 | KADOKAWA　∥　カドカワ:1,[発売]角川グループパブリッシング　∥　カドカワグループパブリッシング,[発売]●KADOKAWA　∥　カドカワ=[3];KADOKAWA　∥　カドカワ=[4],no,"[3, 4]"
me-ga-sameru-to-hyakunengo-no-koukyuu-deshita,目が覚めると百年後の後宮でした,3,KADOKAWA　∥　カドカワ:2 | KADOKAWA:1,KADOKAWA　∥　カドカワ,KADOKAWA=[3],no,[3]
megane-koushaku-no-hatsukoi-to-jimi-reijou-no-kusare-kansatsu-nikki,眼鏡公爵の初恋と地味令嬢の腐れ観察日記,3,スクウェア・エニックス　∥　スクウェア ・ エニックス:2 | スクウェア・エニックス:1,スクウェア・エニックス　∥　スクウェア ・ エニックス,スクウェア・エニックス=[3],no,[3]
meguru-88,めぐる88,3,[発売]角川グループパブリッシング　∥　カドカワグループパブリッシング:2 | [発売]角川グループパブリッシング　∥　カドカワ グループ パブリッシング:1,[発売]角川グループパブリッシング　∥　カドカワグループパブリッシング,[発売]角川グループパブリッシング　∥　カドカワ グループ パブリッシング=[1],yes,[1]
mei-chan-wa-yakiniku-ga-koishii,メイちゃんは焼肉が恋しい,3,[頒布]小学館クリエイティブ (発売)　∥　ショウガクカンクリエイティブ:2 | [発売]小学館クリエイティブ　∥　ショウガクカンクリエイティブ:1,[頒布]小学館クリエイティブ (発売)　∥　ショウガクカンクリエイティブ,[発売]小学館クリエイティブ　∥　ショウガクカンクリエイティブ=[1],no,[1]
meikyuu-gurashi-no-boukensha-wa-dungeon-master-o-yametai,迷宮暮らしの冒険者はダンジョンマスターをやめたい,3,竹書房:2 | 竹書房　∥　タケ ショボウ:1,竹書房,竹書房　∥　タケ ショボウ=[1],no,[1]
meimeimeishoku-seiiki,冥冥冥色聖域,3,講談社　∥　コウダンシャ:2 | 講談社:1,講談社　∥　コウダンシャ,講談社=[4],no,[4]
meshimazu-onna-atsukai-sareta-node-konyaku-haki-shitara-naze-tsundere-ouji-no-kokoro-to-ibukuro,メシマズ女扱いされたので婚約破棄したら、なぜかツンデレ王子の心と胃袋つかんじゃいました,3,双葉社:2 | 双葉社　∥　フタバシャ:1,双葉社,双葉社　∥　フタバシャ=[1],no,[1]
meshitaki-onna-ni-yakuza-no-ai-wa-omosugiru,飯炊き女にヤクザの愛は重すぎる,3,マッグガーデン:2 | マッグガーデン　∥　マッグ ガーデン:1,マッグガーデン,マッグガーデン　∥　マッグ ガーデン=[1],no,[1]
metorare-kon,娶られ婚,3,ぶんか社:2 | ぶんか社　∥　ブンカシャ:1,ぶんか社,ぶんか社　∥　ブンカシャ=[1],no,[1]
mezase-toudai-tanuko-san,目指せ東大!たぬ子さん,3,LINE Digital Frontier　∥　ラインデジタルフロンティア:2 | LINE　∥　ライン:1,LINE Digital Frontier　∥　ラインデジタルフロンティア,LINE　∥　ライン=[1],no,[1]
miboujin-anne-no-neya-no-tehodoki,未亡人アンネの閨の手ほどき,3,KADOKAWA　∥　カドカワ:2 | KADOKAWA:1,KADOKAWA　∥　カドカワ,KADOKAWA=[4],no,[4]
miboujin-elf-no-kanamori-san,未亡人エルフの金森さん,3,双葉社　∥　フタバシャ:2 | 双葉社:1,双葉社　∥　フタバシャ,双葉社=[3],no,[3]
michika-to-mari,みちかとまり,3,講談社　∥　コウダンシャ:2 | 講談社:1,講談社　∥　コウダンシャ,講談社=[3],no,[3]
mii-chan-wa-kawaretai,みーちゃんは飼われたい,3,集英社　∥　シュウエイシャ:2 | 集英社:1,集英社　∥　シュウエイシャ,集英社=[4],no,[4]
mikiri-kara-hajimeru-garyuu-kenjutsu,見切りから始める我流剣術,3,マッグガーデン　∥　マッグ ガーデン:2 | マッグガーデン:1,マッグガーデン　∥　マッグ ガーデン,マッグガーデン=[4],no,[4]
miko-to-kagaku-no-uso-happyakuman,巫女と科学の嘘八百万,3,[発売]ソフトバンククリエイティブ　∥　ソフトバンク クリエイティブ:1 | [発売]ほるぷ出版　∥　ホルプ シュッパン:1 | [発売]ほるぷ出版　∥　ホルプシュッパン:1,[発売]ソフトバンククリエイティブ　∥　ソフトバンク クリエイティブ,[発売]ほるぷ出版　∥　ホルプ シュッパン=[2];[発売]ほるぷ出版　∥　ホルプシュッパン=[3],no,"[2, 3]"
mikuni-san-no-bara-en,三國さんのバラ園,3,講談社:2 | 講談社　∥　コウダンシャ:1,講談社,講談社　∥　コウダンシャ=[1],no,[1]
milgram,MILGRAM,3,KADOKAWA　∥　カドカワ:2 | KADOKAWA:1,KADOKAWA　∥　カドカワ,KADOKAWA=[3],no,[3]
mimicry-girls,ミミクリー・ガールズ,3,KADOKAWA　∥　カドカワ:2 | KADOKAWA:1,KADOKAWA　∥　カドカワ,KADOKAWA=[4],no,[4]
minami-san-wa-azatoi-iko,南さんはあざといい子,3,双葉社:2 | 双葉社　∥　フタバシャ:1,双葉社,双葉社　∥　フタバシャ=[1],no,[1]
minase-youmu-to-hontou-wa-kowai-cthulhu-shinwa,水瀬陽夢と本当はこわいクトゥルフ神話,3,KADOKAWA　∥　カドカワ:2 | [発売]KADOKAWA　∥　カドカワ:1,KADOKAWA　∥　カドカワ,[発売]KADOKAWA　∥　カドカワ=[1],no,[1]
miniban-life-horidee,ミニバン・ライフ・ホリデー,3,講談社:2 | 講談社　∥　コウダンシャ:1,講談社,講談社　∥　コウダンシャ=[1],no,[1]
minus-ondo-no-serenade,マイナス温度のセレナーデ,3,[発売]ほるぷ出版　∥　ホルプシュッパン:2 | フレックスコミックス　∥　フレックスコミックス:1,[発売]ほるぷ出版　∥　ホルプシュッパン,フレックスコミックス　∥　フレックスコミックス=[3],no,[3]
misoji-to-lady,三十路とレディ,3,一迅社　∥　イチジンシャ:2 | [発売]講談社　∥　コウダンシャ:1,一迅社　∥　イチジンシャ,[発売]講談社　∥　コウダンシャ=[3],no,[3]
missing-hino-2023,Missing,3,KADOKAWA　∥　カドカワ:2 | KADOKAWA:1,KADOKAWA　∥　カドカワ,KADOKAWA=[4],no,[4]
misu-misou,ミスミソウ,3,ぶんか社　∥　ブンカシャ:2 | 双葉社　∥　フタバシャ:1,ぶんか社　∥　ブンカシャ,双葉社　∥　フタバシャ=[1],no,[1]
mitsuiro-elevator,蜜色エレベーター,3,Bevy　∥　ベヴィー:1 | [発売]東京漫画社　∥　トウキョウマンガシャ:1 | 東京漫画社　∥　トウキョウマンガシャ:1,Bevy　∥　ベヴィー,[発売]東京漫画社　∥　トウキョウマンガシャ=[2];東京漫画社　∥　トウキョウマンガシャ=[3],no,"[2, 3]"
mitsusou,蜜葬,3,日本文芸社:2 | 日本文芸社　∥　ニホン ブンゲイシャ:1,日本文芸社,日本文芸社　∥　ニホン ブンゲイシャ=[1],no,[1]
miyu-chan-wa-zutto-tomodachi,みゆちゃんはずっと友達,3,KADOKAWA:2 | KADOKAWA　∥　カドカワ:1,KADOKAWA,KADOKAWA　∥　カドカワ=[1],no,[1]
mizudako-chan-kara-wa-nigerarenai,ミズダコちゃんからは逃げられない!,3,芳文社:2 | 芳文社　∥　ホウブンシャ:1,芳文社,芳文社　∥　ホウブンシャ=[1],no,[1]
mob-douzen-no-akuyaku-reijou-wa-dansou-shite-kouryaku-taishou-no-za-o-comic,モブ同然の悪役令嬢は男装して攻略対象の座を狙う@COMIC,3,TOブックス　∥　ティーオーブックス:2 | TOブックス:1,TOブックス　∥　ティーオーブックス,TOブックス=[3],no,[3]
mobile-suit-gundam-00i,機動戦士ガンダム00I,3,[発売]角川グループパブリッシング　∥　カドカワ グループ パブリッシング:2 | 角川グループパブリッシング（発売）　∥　カドカワ グループ パブリッシング:1,[発売]角川グループパブリッシング　∥　カドカワ グループ パブリッシング,角川グループパブリッシング（発売）　∥　カドカワ グループ パブリッシング=[2],no,[2]
mobile-suit-gundam-age-first-evolution,機動戦士ガンダムAGE First Evolution,3,[発売]角川グループパブリッシング　∥　カドカワグループパブリッシング:2 | [発売]角川グループパブリッシング　∥　カドカワ グループ パブリッシング:1,[発売]角川グループパブリッシング　∥　カドカワグループパブリッシング,[発売]角川グループパブリッシング　∥　カドカワ グループ パブリッシング=[1],no,[1]
mobile-suit-gundam-flanagan-buun-senki,機動戦士ガンダムフラナガン・ブーン戦記,3,[頒布]小学館クリエイティブ　∥　ショウガクカンクリエイティブ:2 | [頒布]小学館クリエイティブ:1,[頒布]小学館クリエイティブ　∥　ショウガクカンクリエイティブ,[頒布]小学館クリエイティブ=[3],no,[3]
mobile-suit-gundam-seed-ri,機動戦士ガンダムSEED Re:,3,[発売]角川グループパブリッシング　∥　カドカワグループパブリッシング:2 | [発売]KADOKAWA　∥　カドカワ:1,[発売]角川グループパブリッシング　∥　カドカワグループパブリッシング,[発売]KADOKAWA　∥　カドカワ=[3],no,[3]
mobile-suit-gundam-varupurugisu-ivu,機動戦士ガンダムヴァルプルギスEVE,3,KADOKAWA　∥　カドカワ:1 | KADOKAWA:1,KADOKAWA　∥　カドカワ,KADOKAWA=[4],no,[4]
mobile-suit-gundam-wearwolf,機動戦士ガンダムウェアヴォルフ,3,KADOKAWA　∥　カドカワ:2 | KADOKAWA:1,KADOKAWA　∥　カドカワ,KADOKAWA=[4],no,[4]
mobile-suit-gundam-za-emuesubui,機動戦士ガンダムTHE MSV,3,[発売]角川グループパブリッシング　∥　カドカワグループパブリッシング:2 | [発売]角川グループパブリッシング　∥　カドカワ グループ パブリッシング:1,[発売]角川グループパブリッシング　∥　カドカワグループパブリッシング,[発売]角川グループパブリッシング　∥　カドカワ グループ パブリッシング=[1],no,[1]
mobu-nanoni-makikomarete-imasu,モブなのに巻き込まれています,3,[頒布]星雲社 (発売)　∥　セイウンシャ:2 | [頒布]星雲社　∥　セイウンシャ:1,[頒布]星雲社 (発売)　∥　セイウンシャ,[頒布]星雲社　∥　セイウンシャ=[3],no,[3]
mogitate-idol-ningen,もぎたて☆アイドル人間,3,[発売]角川グループパブリッシング　∥　カドカワ グループ パブリッシング:2 | [発売]角川グループパブリッシング　∥　カドカワグループパブリッシング:1,[発売]角川グループパブリッシング　∥　カドカワ グループ パブリッシング,[発売]角川グループパブリッシング　∥　カドカワグループパブリッシング=[3],no,[3]
moichou,もい鳥,3,ゴマブックス　∥　ゴマ ブックス:2 | ゴマブックス　∥　ゴマブックス:1,ゴマブックス　∥　ゴマ ブックス,ゴマブックス　∥　ゴマブックス=[3],no,[3]
momochi-san-no-ayakashi-ouji-tsugu,百千さん家のあやかし王子-継-,3,KADOKAWA:2 | KADOKAWA　∥　カドカワ:1,KADOKAWA,KADOKAWA　∥　カドカワ=[1],no,[1]
momotarou-nichijou-sahanji-onitaiji,桃太郎日常茶飯事鬼退治,3,小学館　∥　ショウガクカン:2 | 小学館:1,小学館　∥　ショウガクカン,小学館=[3],no,[3]
mondaijitachi-ga-isekai-kara-kuru-soudesuyo-zetto,問題児たちが異世界から来るそうですよ?乙,3,[発売]角川グループパブリッシング　∥　カドカワグループパブリッシング:1 | [発売]角川グループホールディングス　∥　カドカワグループホールディングス:1 | KADOKAWA　∥　カドカワ:1,[発売]角川グループパブリッシング　∥　カドカワグループパブリッシング,[発売]角川グループホールディングス　∥　カドカワグループホールディングス=[2];KADOKAWA　∥　カドカワ=[3],no,"[2, 3]"
monmusugo,モンむすご!,3,集英社:2 | 集英社　∥　シュウエイシャ:1,集英社,集英社　∥　シュウエイシャ=[1],no,[1]
monochrome-myst,Monochrome Myst,3,[発売]角川グループパブリッシング　∥　カドカワ グループ パブリッシング:2 | KADOKAWA　∥　カドカワ:1,[発売]角川グループパブリッシング　∥　カドカワ グループ パブリッシング,KADOKAWA　∥　カドカワ=[3],no,[3]
mononoke,モノノ怪,3,スクウェア・エニックス　∥　スクウェア エニックス:2 | [発売]徳間書店　∥　トクマ ショテン:1,スクウェア・エニックス　∥　スクウェア エニックス,[発売]徳間書店　∥　トクマ ショテン=[3],no,[3]
monster-and-ghost,モンスターアンドゴースト,3,ブライト出版　∥　ブライトシュッパン:2 | ブライト出版:1,ブライト出版　∥　ブライトシュッパン,ブライト出版=[3],no,[3]
monster-hunter-episode,モンスターハンターEPISODE,3,カプコン:1 | [発売]カプコン:1 | [発売]カプコン　∥　カプコン:1,カプコン,[発売]カプコン=[2];[発売]カプコン　∥　カプコン=[3],yes,"[2, 3]"
monster-onna-kanbu-wa-osanaki-yuusha-o-dekiai-suru,モンスター女幹部は幼き勇者を溺愛する,3,竹書房:2 | 竹書房　∥　タケ ショボウ:1,竹書房,竹書房　∥　タケ ショボウ=[1],no,[1]
moshimo-cheat-shousetsu-no-shujinkou-ga-ukkari-hito-o-koroshitara,もしもチート小説の主人公がうっかり人を殺したら,3,[頒布]講談社:2 | [頒布]講談社　∥　コウダンシャ:1,[頒布]講談社,[頒布]講談社　∥　コウダンシャ=[1],no,[1]
motherfuckers,マザーファッカーズ,3,コアマガジン　∥　コアマガジン:2 | コアマガジン:1,コアマガジン　∥　コアマガジン,コアマガジン=[1],no,[1]
moto-kyuutei-renkinjutsushi-no-watashi-henkyou-de-nonbiri-ryouchi-kaitaku-hajimemasu,元宮廷錬金術師の私、辺境でのんびり領地開拓はじめます!,3,オーバーラップ　∥　オーバーラップ:2 | オーバーラップ:1,オーバーラップ　∥　オーバーラップ,オーバーラップ=[3],no,[3]
mou-furenai-kimi,もう触れないキミ,3,KADOKAWA:2 | KADOKAWA　∥　カドカワ:1,KADOKAWA,KADOKAWA　∥　カドカワ=[1],no,[1]
mount-celeb-kaneda-san,マウントセレブ金田さん,3,秋田書店　∥　アキタショテン:2 | 秋田書店:1,秋田書店　∥　アキタショテン,秋田書店=[3],no,[3]
mousou-kagyou-no-michinaga-san,妄想稼業の道長さん,3,KADOKAWA　∥　カドカワ:2 | メディアファクトリー　∥　メディア ファクトリー:1,KADOKAWA　∥　カドカワ,メディアファクトリー　∥　メディア ファクトリー=[1],no,[1]
mujina-into-the-deep,MUJINA INTO THE DEEP,3,小学館　∥　ショウガクカン:2 | 小学館:1,小学館　∥　ショウガクカン,小学館=[5],no,[5]
mukuwarenakatta-murabito-ee-kizoku-ni-hirowarete-dekiai-dekiaisareru-ue-ni-jitsu-wa-motte-ita,報われなかった村人A、貴族に拾われて溺愛される上に、実は持っていた伝説級の神スキルも覚醒した,3,集英社　∥　シュウエイシャ:2 | 集英社:1,集英社　∥　シュウエイシャ,集英社=[3],no,[3]
murasakiiro-no-qualia,紫色のクオリア,3,[発売]角川グループパブリッシング　∥　カドカワ グループ パブリッシング:2 | KADOKAWA　∥　カドカワ:1,[発売]角川グループパブリッシング　∥　カドカワ グループ パブリッシング,KADOKAWA　∥　カドカワ=[3],no,[3]
murikon,ムリ婚。,3,ジュネット　∥　ジュネット:2 | ジュネット:1,ジュネット　∥　ジュネット,ジュネット=[3],no,[3]
nabe-de-naguru-isekai-tensei,鍋で殴る異世界転生,3,KADOKAWA　∥　カドカワ:2 | KADOKAWA:1,KADOKAWA　∥　カドカワ,KADOKAWA=[3],no,[3]
nadai-tsujisoba-isekai-ten,名代辻そば異世界店,3,KADOKAWA:2 | KADOKAWA　∥　カドカワ:1,KADOKAWA,KADOKAWA　∥　カドカワ=[1],no,[1]
nakanomi,なかのみ,3,講談社　∥　コウダンシャ:2 | 講談社:1,講談社　∥　コウダンシャ,講談社=[3],no,[3]
namidako-sama-no-iutoori,涙子さまの言う通り,3,KADOKAWA　∥　カドカワ:2 | KADOKAWA:1,KADOKAWA　∥　カドカワ,KADOKAWA=[3],no,[3]
namidameshi,なみだめし,3,秋田書店　∥　アキタショテン:2 | 秋田書店:1,秋田書店　∥　アキタショテン,秋田書店=[3],no,[3]
nanami-san-no-obake-seikatsu,七海さんのオバケ生活,3,朝日新聞出版　∥　アサヒシンブンシュッパン:2 | 朝日新聞出版:1,朝日新聞出版　∥　アサヒシンブンシュッパン,朝日新聞出版=[3],no,[3]
nanatsuya-genseiroku,ななつ夜幻世録,3,エンターブレイン:2 | [発売]角川グループパブリッシング　∥　カドカワ グループ パブリッシング:1,エンターブレイン,[発売]角川グループパブリッシング　∥　カドカワ グループ パブリッシング=[3],no,[3]
nanimo-shiranai-kedo-kimi-ga-suki,何も知らないけど、キミが好き。,3,集英社　∥　シュウエイシャ:2 | 集英社:1,集英社　∥　シュウエイシャ,集英社=[4],no,[4]
narikin-reijou-no-shiawase-na-kekkon,成金令嬢の幸せな結婚,3,講談社　∥　コウダンシャ:2 | 講談社:1,講談社　∥　コウダンシャ,講談社=[3],no,[3]
naruse-chiyuri-wa-kosuritai,成瀬ちゆりはコスりたい!,3,日本文芸社　∥　ニホン ブンゲイシャ:2 | 日本文芸社:1,日本文芸社　∥　ニホン ブンゲイシャ,日本文芸社=[4],no,[4]
natsukashiku-omou-kimi-wa-dare,懐かしく思う君は誰,3,講談社　∥　コウダンシャ:2 | 講談社:1,講談社　∥　コウダンシャ,講談社=[3],no,[3]
natsuno-no-kyou,なつのの京,3,小学館　∥　ショウガクカン:2 | 小学館:1,小学館　∥　ショウガクカン,小学館=[3],no,[3]
nayameru-bengoshi-no-karei-naru-joshu,悩める弁護士の華麗なる助手,3,新書館　∥　シンショカン:2 | 新書館:1,新書館　∥　シンショカン,新書館=[3],no,[3]
nazo-no-ano-mise,謎のあの店,3,朝日新聞出版　∥　アサヒシンブンシュッパン:2 | [発売]朝日新聞出版　∥　アサヒシンブンシュッパン:1,朝日新聞出版　∥　アサヒシンブンシュッパン,[発売]朝日新聞出版　∥　アサヒシンブンシュッパン=[1],no,[1]
nazotokiki-drill,謎解きドリル,3,スクウェア・エニックス　∥　スクウェア ・ エニックス:2 | スクウェア・エニックス　∥　スクウェア エニックス:1,スクウェア・エニックス　∥　スクウェア ・ エニックス,スクウェア・エニックス　∥　スクウェア エニックス=[1],no,[1]
nee-chan-no-tomodachi-ga-uzai-hanashi,姉ちゃんの友達がうざい話,3,[頒布]講談社 (発売)　∥　コウダンシャ:1 | [頒布]講談社　∥　コウダンシャ:1 | [頒布]講談社:1,[頒布]講談社 (発売)　∥　コウダンシャ,[頒布]講談社　∥　コウダンシャ=[2];[頒布]講談社=[4],no,"[2, 4]"
negai-no-astro,願いのアストロ,3,集英社:2 | 集英社　∥　シュウエイシャ:1,集英社,集英社　∥　シュウエイシャ=[1],no,[1]
nein,Nein,3,新書館　∥　シンショカン:2 | KADOKAWA　∥　カドカワ:1,新書館　∥　シンショカン,KADOKAWA　∥　カドカワ=[3],no,[3]
neko-de-kataru-kaii,猫で語る怪異,3,朝日新聞出版　∥　アサヒシンブンシュッパン:2 | 朝日新聞出版:1,朝日新聞出版　∥　アサヒシンブンシュッパン,朝日新聞出版=[3],no,[3]
neko-ga-4-hiki-iru-kurashi,猫が4匹いる暮らし,3,竹書房　∥　タケショボウ:2 | 竹書房:1,竹書房　∥　タケショボウ,竹書房=[3],no,[3]
neko-monster-fumifumi,ねこもんすたーフミフミ,3,竹書房　∥　タケ ショボウ:2 | 竹書房:1,竹書房　∥　タケ ショボウ,竹書房=[3],no,[3]
neko-monster-nyaao,ねこもんすたーニャーオ!,3,竹書房　∥　タケ ショボウ:2 | 竹書房:1,竹書房　∥　タケ ショボウ,竹書房=[3],no,[3]
neko-monster,ねこもんすたー,3,竹書房　∥　タケ ショボウ:2 | 竹書房:1,竹書房　∥　タケ ショボウ,竹書房=[3],no,[3]
neko-no-kiku-chan,猫の菊ちゃん,3,KADOKAWA　∥　カドカワ:2 | KADOKAWA:1,KADOKAWA　∥　カドカワ,KADOKAWA=[3],no,[3]
neko-no-te-datte-yaku-ni-tatsu,猫の手だって役に立つ,3,[頒布]講談社　∥　コウダンシャ:2 | [頒布]講談社:1,[頒布]講談社　∥　コウダンシャ,[頒布]講談社=[3],no,[3]
neko-wa-neko-rashiku-are,ねこはねこらしくあれ,3,KADOKAWA:2 | KADOKAWA　∥　カドカワ:1,KADOKAWA,KADOKAWA　∥　カドカワ=[2],no,[2]
nekokaburi-reijou-aria-no-koubou,猫かぶり令嬢アリアの攻防,3,KADOKAWA:2 | KADOKAWA　∥　カドカワ:1,KADOKAWA,KADOKAWA　∥　カドカワ=[1],no,[1]
nekomata-to-asagohan,ねこまたとあさごはん,3,イースト・プレス　∥　イーストプレス:2 | イースト・プレス:1,イースト・プレス　∥　イーストプレス,イースト・プレス=[4],no,[4]
nekoneko-darling,ねこねこダーリン,3,リブレ　∥　リブレ:2 | リブレ出版　∥　リブレ シュッパン:1,リブレ　∥　リブレ,リブレ出版　∥　リブレ シュッパン=[1],no,[1]
nekozuka-san-no-gokyoudai,猫塚さんちのご兄弟,3,秋田書店　∥　アキタ ショテン:2 | 秋田書店　∥　アキタショテン:1,秋田書店　∥　アキタ ショテン,秋田書店　∥　アキタショテン=[3],no,[3]
nemuro-kun-wa-kao-ga-ii,根室くんは顔がいい!,3,KADOKAWA:2 | KADOKAWA　∥　カドカワ:1,KADOKAWA,KADOKAWA　∥　カドカワ=[1],no,[1]
nene-to-ikoku-no-mahoutsukai,ネネと異国の魔法使い,3,ぶんか社　∥　ブンカシャ:2 | ぶんか社:1,ぶんか社　∥　ブンカシャ,ぶんか社=[3],no,[3]
netorare-manga-no-kuzu-otoko-ni-tensei-shita-hazu-ga-heroine-ga-yotte-kuru-ken,寝取られ漫画のクズ男に転生したはずがヒロインが寄ってくる件,3,スクウェア・エニックス　∥　スクウェア ・ エニックス:2 | スクウェア・エニックス:1,スクウェア・エニックス　∥　スクウェア ・ エニックス,スクウェア・エニックス=[4],no,[4]
nihonjin-youhei-no-kiken-de-okashii-senjougurashi,日本人傭兵の危険でおかしい戦場暮らし,3,竹書房　∥　タケショボウ:2 | 竹書房:1,竹書房　∥　タケショボウ,竹書房=[3],no,[3]
niizuma-no-sodatekata,新妻のそだて方,3,少年画報社　∥　ショウネン ガホウシャ:2 | 少年画報社　∥　ショウネンガホウシャ:1,少年画報社　∥　ショウネン ガホウシャ,少年画報社　∥　ショウネンガホウシャ=[3],no,[3]
nijiyon,にじよん,3,KADOKAWA　∥　カドカワ:2 | KADOKAWA:1,KADOKAWA　∥　カドカワ,KADOKAWA=[3],no,[3]
nikokei-ikari-no-manga-deka,にこけい!怒りのマンガ刑事,3,KADOKAWA:2 | KADOKAWA　∥　カドカワ:1,KADOKAWA,KADOKAWA　∥　カドカワ=[1],no,[1]
nikubami-honegishimi,ニクバミホネギシミ,3,新潮社:2 | 新潮社　∥　シンチョウシャ:1,新潮社,新潮社　∥　シンチョウシャ=[1],no,[1]
ningen-shikkaku,人間失格,3,新潮社　∥　シンチョウシャ:2 | 小学館　∥　ショウガクカン:1,新潮社　∥　シンチョウシャ,小学館　∥　ショウガクカン=[3],no,[3]
nippon-no-tsuki-wa-maruku-mieru,日本の月はまるく見える,3,講談社:2 | 講談社　∥　コウダンシャ:1,講談社,講談社　∥　コウダンシャ=[1],no,[1]
niru-adomirari-no-tenbin,ニル・アドミラリの天秤,3,スクウェア・エニックス　∥　スクウェア ・ エニックス:2 | スクウェア・エニックス　∥　スクウェア エニックス:1,スクウェア・エニックス　∥　スクウェア ・ エニックス,スクウェア・エニックス　∥　スクウェア エニックス=[1],no,[1]
nisemono-reijou-no-fukushuu,偽物令嬢の復讐,3,小学館:2 | 小学館　∥　ショウガクカン:1,小学館,小学館　∥　ショウガクカン=[1],no,[1]
nishimura-shinobu-no-kobe-motomachi-shimoyamate-dress,西村しのぶの神戸・元町“下山手ドレス”,3,[発売]角川グループパブリッシング　∥　カドカワ グループ パブリッシング:1 | KADOKAWA:1,[発売]角川グループパブリッシング　∥　カドカワ グループ パブリッシング,KADOKAWA=[3],no,[3]
nobushi-no-gourmet,野武士のグルメ,3,幻冬舎　∥　ゲントウシャ:2 | [発売]幻冬舎　∥　ゲントウシャ:1,幻冬舎　∥　ゲントウシャ,[発売]幻冬舎　∥　ゲントウシャ=[3],no,[3]
non-chan-to-akari,のんちゃんとアカリ,3,[頒布]小学館クリエイティブ (発売)　∥　ショウガクカンクリエイティブ:2 | [発売]小学館クリエイティブ　∥　ショウガクカンクリエイティブ:1,[頒布]小学館クリエイティブ (発売)　∥　ショウガクカンクリエイティブ,[発売]小学館クリエイティブ　∥　ショウガクカンクリエイティブ=[1],no,[1]
noo-nyanko-noo-life,ノーにゃんこノーライフ,3,[発売]集英社　∥　シュウエイシャ:2 | [頒布]集英社 (発売)　∥　シュウエイシャ:1,[発売]集英社　∥　シュウエイシャ,[頒布]集英社 (発売)　∥　シュウエイシャ=[3],no,[3]
noogeemu-nooraifu-dai-nishou-toubu-rengouhen,ノーゲーム・ノーライフ第二章東部連合編,3,KADOKAWA　∥　カドカワ:2 | KADOKAWA:1,KADOKAWA　∥　カドカワ,KADOKAWA=[3],no,[3]
norausagi,のらうさぎ,3,スクウェア・エニックス　∥　スクウェア ・ エニックス:2 | スクウェア・エニックス　∥　スクウェア エニックス:1,スクウェア・エニックス　∥　スクウェア ・ エニックス,スクウェア・エニックス　∥　スクウェア エニックス=[2],no,[2]
nougaku-hakase-no-isekai-musou,農学博士の異世界無双,3,KADOKAWA:2 | KADOKAWA　∥　カドカワ:1,KADOKAWA,KADOKAWA　∥　カドカワ=[1],no,[1]
number-girl,ナンバーガール,3,KADOKAWA　∥　カドカワ:2 | [発売]KADOKAWA　∥　カドカワ:1,KADOKAWA　∥　カドカワ,[発売]KADOKAWA　∥　カドカワ=[1],no,[1]
numumo-san-to-nponu-kun,ぬむもさんとんぽぬくん,3,駒草出版株式会社ダンク出版事業部　∥　コマクサシュッパンカブシキガイシャダンクシュッパンジギョウブ:1 | 駒草出版　∥　コマクサ シュッパン:1 | 駒草出版株式会社ダンク出版事業部:1,駒草出版株式会社ダンク出版事業部　∥　コマクサシュッパンカブシキガイシャダンクシュッパンジギョウブ,駒草出版　∥　コマクサ シュッパン=[2];駒草出版株式会社ダンク出版事業部=[3],no,"[2, 3]"
obaa-chan-to-game,おばあちゃんとゲーム,3,[発売]泰文堂　∥　タイブンドウ:2 | アース・スターエンターテイメント　∥　アーススターエンターテイメント:1,[発売]泰文堂　∥　タイブンドウ,アース・スターエンターテイメント　∥　アーススターエンターテイメント=[3],no,[3]
obito-no-hime-to-kubinashi-kishi,首の姫と首なし騎士,3,白泉社　∥　ハクセンシャ:2 | [発売]角川グループパブリッシング　∥　カドカワグループパブリッシング:1,白泉社　∥　ハクセンシャ,[発売]角川グループパブリッシング　∥　カドカワグループパブリッシング=[1],no,[1]
oboreru-hibi-wa-kimi-no-sei,溺れる日々はきみのせい,3,祥伝社　∥　ショウデンシャ:2 | 祥伝社:1,祥伝社　∥　ショウデンシャ,祥伝社=[4],no,[4]
oboro-to-machi,おぼろとまち,3,集英社:2 | 集英社　∥　シュウエイシャ:1,集英社,集英社　∥　シュウエイシャ=[1],no,[1]
occult-isekai-banashi,オカルト異世界ばなし,3,竹書房:2 | 竹書房　∥　タケショボウ:1,竹書房,竹書房　∥　タケショボウ=[1],no,[1]
ochikobore-kishidan-wa-sukebesukiru-de-nariagarimasu,おちこぼれ騎士団はスケベスキルで成り上がります,3,[頒布]講談社　∥　コウダンシャ:2 | [発売]講談社　∥　コウダンシャ:1,[頒布]講談社　∥　コウダンシャ,[発売]講談社　∥　コウダンシャ=[1],no,[1]
ochikobore-taimashi-wa-isekai-kaeri-de-saikyou-to-naru,落ちこぼれ退魔師は異世界帰りで最強となる,3,キルタイムコミュニケーション　∥　キルタイムコミュニケーション:2 | キルタイムコミュニケーション:1,キルタイムコミュニケーション　∥　キルタイムコミュニケーション,キルタイムコミュニケーション=[3],no,[3]
oda-nobunaga-ni-hyoui-sareta-akuyaku-reijou-wa-tenka-touitsu-shitakunai,織田信長に憑依された悪役令嬢は天下統一したくない!,3,実業之日本社:2 | 実業之日本社　∥　ジツギョウノニホンシャ:1,実業之日本社,実業之日本社　∥　ジツギョウノニホンシャ=[1],no,[1]
odd-spin,オッドスピン,3,講談社　∥　コウダンシャ:2 | 講談社:1,講談社　∥　コウダンシャ,講談社=[4],no,[4]
ohime-sama-no-yuuutsu,お姫様の憂鬱,3,[発売]角川グループパブリッシング　∥　カドカワグループパブリッシング:2 | [発売]KADOKAWA　∥　カドカワ:1,[発売]角川グループパブリッシング　∥　カドカワグループパブリッシング,[発売]KADOKAWA　∥　カドカワ=[3],no,[3]
ohitori-sama-niwa-naremashita-node-konyakusha-houchichuu,おひとり様には慣れましたので。婚約者放置中!,3,[頒布]講談社:2 | [頒布]講談社　∥　コウダンシャ:1,[頒布]講談社,[頒布]講談社　∥　コウダンシャ=[1],no,[1]
oji-kun-to-mei-chan,おじくんとめいちゃん,3,芳文社　∥　ホウブンシャ:2 | 芳文社:1,芳文社　∥　ホウブンシャ,芳文社=[3],no,[3]
oji-san-to-neko-to-shoujo,おじさんと猫と少女,3,少年画報社　∥　ショウネンガホウシャ:2 | 少年画報社　∥　ショウネン ガホウシャ:1,少年画報社　∥　ショウネンガホウシャ,少年画報社　∥　ショウネン ガホウシャ=[1],no,[1]
ojou-sama-kara-hajimeru-kekkon-seikatsu,お嬢さまから始める結婚生活,3,日本文芸社　∥　ニホン ブンゲイシャ:2 | 日本文芸社:1,日本文芸社　∥　ニホン ブンゲイシャ,日本文芸社=[3],no,[3]
okashi-na-akuyaku-reijou-wa-botsurakugo-ni-amatou-no-ouji-ni-karamareru-you-ni-narimashita,お菓子な悪役令嬢は没落後に甘党の王子に絡まれるようになりました,3,実業之日本社　∥　ジツギョウノニホンシャ:2 | 実業之日本社:1,実業之日本社　∥　ジツギョウノニホンシャ,実業之日本社=[3],no,[3]
oko-sama-star,おこさまスター,3,一迅社　∥　イチジンシャ:1 | [発売]講談社　∥　コウダンシャ:1,一迅社　∥　イチジンシャ,[発売]講談社　∥　コウダンシャ=[4],no,[4]
omae-wa-ore-no-mono-daro,お前は俺のモノだろ?,3,Jパブリッシング　∥　ジェーパブリッシング:2 | Jパブリッシング:1,Jパブリッシング　∥　ジェーパブリッシング,Jパブリッシング=[3],no,[3]
omatsuribune,御祭舟,3,まんだらけ出版部　∥　マンダラケシュッパンブ:2 | まんだらけ出版部:1,まんだらけ出版部　∥　マンダラケシュッパンブ,まんだらけ出版部=[3],no,[3]
omiai-ni-sugoi-komyushou-ga-kita,お見合いにすごいコミュ症が来た,3,KADOKAWA:2 | KADOKAWA　∥　カドカワ:1,KADOKAWA,KADOKAWA　∥　カドカワ=[1],no,[1]
omotteta-yori-futsuu-desune,思ってたよりフツーですね,3,[発売]角川グループパブリッシング　∥　カドカワ グループ パブリッシング:2 | [発売]角川グループパブリッシング　∥　カドカワグループパブリッシング:1,[発売]角川グループパブリッシング　∥　カドカワ グループ パブリッシング,[発売]角川グループパブリッシング　∥　カドカワグループパブリッシング=[3],no,[3]
onban-kikou,音盤紀行,3,KADOKAWA　∥　カドカワ:2 | KADOKAWA:1,KADOKAWA　∥　カドカワ,KADOKAWA=[3],no,[3]
onigokko,鬼ごっこ.,3,一迅社　∥　イチジンシャ:1 | 一迅社:1,一迅社　∥　イチジンシャ,一迅社=[3],no,[3]
onigoroshi-no-gadou-saien,鬼殺しの我道再演,3,スクウェア・エニックス:2 | スクウェア・エニックス　∥　スクウェア ・ エニックス:1,スクウェア・エニックス,スクウェア・エニックス　∥　スクウェア ・ エニックス=[1],no,[1]
onii-chan-tachi-ni-ki-o-tsukete,お兄ちゃんたちに気をつけて!,3,KADOKAWA:2 | KADOKAWA　∥　カドカワ:1,KADOKAWA,KADOKAWA　∥　カドカワ=[1],no,[1]
online-game-nakama-to-sashiofushitara-shokuba-no-onijoushi-ga-kita,オンラインゲーム仲間とサシオフしたら職場の鬼上司が来た,3,[頒布]講談社　∥　コウダンシャ:2 | [発売]講談社　∥　コウダンシャ:1,[頒布]講談社　∥　コウダンシャ,[発売]講談社　∥　コウダンシャ=[1],no,[1]
online-no-hitsujitachi,オンラインの羊たち,3,Nagisaジヘン編集部　∥　Nagisa ジヘン ヘンシュウブ:1 | Nagisaジヘン編集部　∥　ナギサジヘンヘンシュウブ:1 | [頒布]小学館クリエイティブ (発売)　∥　ショウガクカンクリエイティブ:1,Nagisaジヘン編集部　∥　Nagisa ジヘン ヘンシュウブ,Nagisaジヘン編集部　∥　ナギサジヘンヘンシュウブ=[2];[頒布]小学館クリエイティブ (発売)　∥　ショウガクカンクリエイティブ=[3],no,"[2, 3]"
onmora-pompoko,陰摩羅ぽんぽこ,3,リイド社:2 | リイド社　∥　リイドシャ:1,リイド社,リイド社　∥　リイドシャ=[1],no,[1]
onna-doushi-damono,女どうしだもの,3,メディアファクトリー　∥　メディアファクトリー:2 | メディアファクトリー　∥　メディア ファクトリー:1,メディアファクトリー　∥　メディアファクトリー,メディアファクトリー　∥　メディア ファクトリー=[1],no,[1]
onnanoko-ga-hna-manga-egaicha-damedesuka,女のコがHなマンガ描いちゃダメですか?,3,少年画報社　∥　ショウネン ガホウシャ:2 | 少年画報社　∥　ショウネンガホウシャ:1,少年画報社　∥　ショウネン ガホウシャ,少年画報社　∥　ショウネンガホウシャ=[3],no,[3]
onnanoko-no-mayu,おんなのこのまゆ,3,竹書房　∥　タケ ショボウ:2 | 竹書房:1,竹書房　∥　タケ ショボウ,竹書房=[4],no,[4]
oodin-no-shuusou,オーディンの舟葬,3,コアミックス　∥　コアミックス:2 | コアミックス:1,コアミックス　∥　コアミックス,コアミックス=[3],no,[3]
ookami-kodomo-no-ame-to-yuki,おおかみこどもの雨と雪,3,[発売]角川グループパブリッシング　∥　カドカワグループパブリッシング:2 | [発売]KADOKAWA　∥　カドカワ:1,[発売]角川グループパブリッシング　∥　カドカワグループパブリッシング,[発売]KADOKAWA　∥　カドカワ=[3],no,[3]
ookami-koushaku-no-kyuukon,狼公爵の求婚,3,宙出版　∥　オオゾラ シュッパン:2 | [発売]ジャイブ　∥　ジャイブ:1,宙出版　∥　オオゾラ シュッパン,[発売]ジャイブ　∥　ジャイブ=[3],no,[3]
ookami-otoko-to-nurikabe-chan,オオカミ男とぬりかべちゃん,3,集英社　∥　シュウエイシャ:2 | 集英社:1,集英社　∥　シュウエイシャ,集英社=[4],no,[4]
ore-alice,俺アリス,3,メディアファクトリー　∥　メディア ファクトリー:1 | メディアファクトリー　∥　メディアファクトリー:1 | KADOKAWA　∥　カドカワ:1,メディアファクトリー　∥　メディア ファクトリー,メディアファクトリー　∥　メディアファクトリー=[2];KADOKAWA　∥　カドカワ=[3],no,"[2, 3]"
ore-dake-tsukaeru-kodai-mahou,俺だけ使える古代魔法,3,一二三書房:2 | 一二三書房　∥　ヒフミショボウ:1,一二三書房,一二三書房　∥　ヒフミショボウ=[1],no,[1]
ore-no-omocha-wa-shinyuu-ni-tsunagatte-iru,俺のオモチャは親友につながっている,3,芳文社　∥　ホウブンシャ:2 | 芳文社:1,芳文社　∥　ホウブンシャ,芳文社=[3],no,[3]
ore-to-atashi-no-kareshi-sama,オレとあたしの彼氏サマ,3,[発売]角川グループパブリッシング　∥　カドカワグループパブリッシング:2 | [発売]角川グループパブリッシング　∥　カドカワ グループ パブリッシング:1,[発売]角川グループパブリッシング　∥　カドカワグループパブリッシング,[発売]角川グループパブリッシング　∥　カドカワ グループ パブリッシング=[1],no,[1]
ore-wa-kage-no-eiyuu-ja-arimasen,俺は影の英雄じゃありません!,3,スクウェア・エニックス:2 | スクウェア・エニックス　∥　スクウェア ・ エニックス:1,スクウェア・エニックス,スクウェア・エニックス　∥　スクウェア ・ エニックス=[1],no,[1]
orinraijingu,オリンライジング!,3,KADOKAWA　∥　カドカワ:2 | [発売]角川グループホールディングス　∥　カドカワグループホールディングス:1,KADOKAWA　∥　カドカワ,[発売]角川グループホールディングス　∥　カドカワグループホールディングス=[1],no,[1]
osabori-jouzu-na-komukai-san-wa-ore-o-nigasanai,おサボり上手な小向井さんは俺を逃さない!!,3,竹書房　∥　タケ ショボウ:2 | 竹書房:1,竹書房　∥　タケ ショボウ,竹書房=[3],no,[3]
osananajimi-no-ijou-kawaii-imouto-chan,幼馴染の異常可愛い妹ちゃん,3,竹書房:2 | 竹書房　∥　タケ ショボウ:1,竹書房,竹書房　∥　タケ ショボウ=[1],no,[1]
osananajimi-wa-mou-yameta-massage-no-yubi-ga-naka-made-fukaku,「幼馴染はもうやめた。」マッサージの指がナカまで深く…,3,[発売]星雲社　∥　セイウンシャ:2 | [頒布]星雲社 (発売)　∥　セイウンシャ:1,[発売]星雲社　∥　セイウンシャ,[頒布]星雲社 (発売)　∥　セイウンシャ=[3],no,[3]
oshi-ga-joushi-ni-narimashite,推しが上司になりまして,3,ハーパーコリンズ・ジャパン　∥　ハーパーコリンズジャパン:2 | ハーパーコリンズ・ジャパン:1,ハーパーコリンズ・ジャパン　∥　ハーパーコリンズジャパン,ハーパーコリンズ・ジャパン=[3],no,[3]
oshi-no-tame-nara-nandemo-shimasu,推しの為ならなんでもします!,3,竹書房:2 | 竹書房　∥　タケ ショボウ:1,竹書房,竹書房　∥　タケ ショボウ=[1],no,[1]
oshi-to-no-yuri-wa-arienai,推しとの百合はありえない!,3,KADOKAWA:2 | KADOKAWA　∥　カドカワ:1,KADOKAWA,KADOKAWA　∥　カドカワ=[1],no,[1]
oshi-wa-mezamenai-danna-sama-desu,推しは目覚めないダンナ様です,3,[頒布]幻冬舎 (発売)　∥　ゲントウシャ:2 | [頒布]幻冬舎　∥　ゲントウシャ:1,[頒布]幻冬舎 (発売)　∥　ゲントウシャ,[頒布]幻冬舎　∥　ゲントウシャ=[3],no,[3]
oshigerinanshi,おしげりなんし,3,スクウェア・エニックス　∥　スクウェア エニックス:2 | スクウェア・エニックス　∥　スクウェア ・ エニックス:1,スクウェア・エニックス　∥　スクウェア エニックス,スクウェア・エニックス　∥　スクウェア ・ エニックス=[3],no,[3]
oshikare-shimazaki-kun,推し彼志摩崎くん,3,スクウェア・エニックス:2 | スクウェア・エニックス　∥　スクウェア ・ エニックス:1,スクウェア・エニックス,スクウェア・エニックス　∥　スクウェア ・ エニックス=[1],no,[1]
otasuke-chara-ni-tensei-shita-node-game-chishiki-de-musou-suru,お助けキャラに転生したので、ゲーム知識で無双する,3,[頒布]一二三書房　∥　ヒフミショボウ:2 | 一二三書房　∥　ヒフミショボウ:1,[頒布]一二三書房　∥　ヒフミショボウ,一二三書房　∥　ヒフミショボウ=[3],no,[3]
otogi-no-hako-no-reto,お伽の匣のレト,3,スクウェア・エニックス　∥　スクウェア ・ エニックス:2 | スクウェア・エニックス:1,スクウェア・エニックス　∥　スクウェア ・ エニックス,スクウェア・エニックス=[3],no,[3]
otogi-taisen-fantasma,御伽大戦ファンタズマ,3,KADOKAWA　∥　カドカワ:2 | メディアファクトリー　∥　メディア ファクトリー:1,KADOKAWA　∥　カドカワ,メディアファクトリー　∥　メディア ファクトリー=[1],no,[1]
otoko-da-to-omotteita-osananajimi-tono-shinkon-seikatsu-ga-umaku-ikisugiru-ken-ni-tsuite,男子だと思っていた幼馴染との新婚生活がうまくいきすぎる件について,3,KADOKAWA　∥　カドカワ:2 | KADOKAWA:1,KADOKAWA　∥　カドカワ,KADOKAWA=[4],no,[4]
otokoun-ga-ii-rank-nanode-isekai-no-yamiochi-kami-sama-ni-metoraremashita,男運がEランクなので異世界の闇落ち神様に娶られました,3,宙出版:2 | 宙出版　∥　オオゾラ シュッパン:1,宙出版,宙出版　∥　オオゾラ シュッパン=[2],no,[2]
otome-assistant-wa-mangaka-ga-chuki,乙女アシスタントは漫画家がちゅき♡,3,竹書房:2 | 竹書房　∥　タケ ショボウ:1,竹書房,竹書房　∥　タケ ショボウ=[1],no,[1]
otome-game-no-ateuma-akuyaku-reijou-wa-outaishi-denka-no-shiawase-o-negaimasu,乙女ゲームの当て馬悪役令嬢は、王太子殿下の幸せを願います!,3,ぶんか社　∥　ブンカシャ:2 | ぶんか社:1,ぶんか社　∥　ブンカシャ,ぶんか社=[3],no,[3]
otona-no-kuse-ni,オトナのくせに!,3,KADOKAWA　∥　カドカワ:2 | [発売]角川グループパブリッシング　∥　カドカワグループパブリッシング:1,KADOKAWA　∥　カドカワ,[発売]角川グループパブリッシング　∥　カドカワグループパブリッシング=[1],no,[1]
otou-san-isshoni-asobo,おとうさん、いっしょに遊ぼ,3,祥伝社　∥　ショウデンシャ:2 | 祥伝社:1,祥伝社　∥　ショウデンシャ,祥伝社=[3],no,[3]
otsu-chan-boukensha-no-senya-ichiya,おっちゃん冒険者の千夜一夜,3,ホビージャパン　∥　ホビー ジャパン:2 | ホビージャパン:1,ホビージャパン　∥　ホビー ジャパン,ホビージャパン=[3],no,[3]
otsu-san-ga-zako-chara-ni-tensei-surumo-ippashi-o-mezasu,おっさんが雑魚キャラに転生するも、いっぱしを目指す。,3,KADOKAWA:2 | KADOKAWA　∥　カドカワ:1,KADOKAWA,KADOKAWA　∥　カドカワ=[1],no,[1]
otteke-3-haron,おってけ!3ハロン,3,[発売]日本工業新聞社　∥　ニホンコウギョウシンブンシャ:2 | [発売]日本工業新聞社　∥　ニホン コウギョウ シンブンシャ:1,[発売]日本工業新聞社　∥　ニホンコウギョウシンブンシャ,[発売]日本工業新聞社　∥　ニホン コウギョウ シンブンシャ=[1],no,[1]
otto-ga-itemo-dareka-o-sukininatteiidesuka,夫がいても誰かを好きになっていいですか?,3,KADOKAWA　∥　カドカワ:2 | KADOKAWA:1,KADOKAWA　∥　カドカワ,KADOKAWA=[3],no,[3]
ouchi-e-kaerou,おうちへかえろう,3,[頒布]三交社 (発売)　∥　サンコウシャ:2 | [発売]三交社　∥　サンコウシャ:1,[頒布]三交社 (発売)　∥　サンコウシャ,[発売]三交社　∥　サンコウシャ=[1],no,[1]
ougon-no-keikenchi,黄金の経験値,3,KADOKAWA:2 | KADOKAWA　∥　カドカワ:1,KADOKAWA,KADOKAWA　∥　カドカワ=[1],no,[1]
ouji-no-yuugana-seikatsu-kari,王子の優雅な生活（仮）,3,朝日新聞社　∥　アサヒ シンブンシャ:1 | [発売]朝日新聞出版　∥　アサヒ シンブン シュッパン:1 | 朝日新聞出版　∥　アサヒ シンブン シュッパン:1,朝日新聞社　∥　アサヒ シンブンシャ,[発売]朝日新聞出版　∥　アサヒ シンブン シュッパン=[2];朝日新聞出版　∥　アサヒ シンブン シュッパン=[3],no,"[2, 3]"
oyaku-ni-tatsu-node-chi-o-kudasai,お役に立つので血をください,3,集英社　∥　シュウエイシャ:2 | 集英社:1,集英社　∥　シュウエイシャ,集英社=[3],no,[3]
papas,パパーズ!,3,[発売]小学館　∥　ショウガクカン:2 | 小学館クリエイティブ　∥　ショウガクカン クリエイティブ:1,[発売]小学館　∥　ショウガクカン,小学館クリエイティブ　∥　ショウガクカン クリエイティブ=[1],no,[1]
peak-out,ピークアウト,3,竹書房:2 | 竹書房　∥　タケ ショボウ:1,竹書房,竹書房　∥　タケ ショボウ=[1],no,[1]
perfect-addiction,パーフェクトアディクション,3,海王社:2 | 海王社　∥　カイオウシャ:1,海王社,海王社　∥　カイオウシャ=[2],no,[2]
perowan,ぺろわん!,3,[発売]角川グループパブリッシング　∥　カドカワグループパブリッシング:2 | [発売]角川グループパブリッシング　∥　カドカワ グループ パブリッシング:1,[発売]角川グループパブリッシング　∥　カドカワグループパブリッシング,[発売]角川グループパブリッシング　∥　カドカワ グループ パブリッシング=[1],no,[1]
persona-4-ji-ultimate-in-mayonaka-aleana,ペルソナ4ジ・アルティメットインマヨナカアリーナ,3,[発売]角川グループホールディングス　∥　カドカワグループホールディングス:1 | [発売]KADOKAWA　∥　カドカワ:1 | KADOKAWA　∥　カドカワ:1,[発売]角川グループホールディングス　∥　カドカワグループホールディングス,[発売]KADOKAWA　∥　カドカワ=[2];KADOKAWA　∥　カドカワ=[3],no,"[2, 3]"
phantom-plus-2009,Phantom,3,メディアファクトリー　∥　メディア ファクトリー:2 | メディアファクトリー:1,メディアファクトリー　∥　メディア ファクトリー,メディアファクトリー=[1],no,[1]
pippira-note,ぴっぴら帳,3,双葉社　∥　フタバシャ:2 | コアミックス　∥　コアミックス:1,双葉社　∥　フタバシャ,コアミックス　∥　コアミックス=[3],no,[3]
platinum-edge,プラチナ・エッジ,3,スクウェア・エニックス:2 | スクウェア・エニックス　∥　スクウェア ・ エニックス:1,スクウェア・エニックス,スクウェア・エニックス　∥　スクウェア ・ エニックス=[1],no,[1]
pok-mon-try-adventure,ポケモン トライアドベンチャー,3,小学館:2 | 小学館　∥　ショウガクカン:1,小学館,小学館　∥　ショウガクカン=[1],no,[1]
pokemon-special-scarlet-violet,ポケットモンスターSPECIALスカーレット・バイオレット,3,小学館:2 | 小学館　∥　ショウガクカン:1,小学館,小学館　∥　ショウガクカン=[1],no,[1]
ponkotsu-outaishi-no-mobu-ane-joou-rashiikedo-akuyaku-reijou-ga-kawaisou-nanode-tasukeyou-to,ポンコツ王太子のモブ姉王女らしいけど、悪役令嬢が可哀想なので助けようと思います～王女ルートがない!?なら作ればいいのよ!～@COMIC,3,TOブックス　∥　ティーオーブックス:2 | TOブックス:1,TOブックス　∥　ティーオーブックス,TOブックス=[4],no,[4]
ponkotsu-reijou-ni-tensei-shitara-mofumofu-kara-ouji-no-meshiuma-yome-ni-ninmei-saremashita,ポンコツ令嬢に転生したら、もふもふから王子のメシウマ嫁に任命されました,3,キルタイムコミュニケーション　∥　キルタイムコミュニケーション:2 | キルタイムコミュニケーション:1,キルタイムコミュニケーション　∥　キルタイムコミュニケーション,キルタイムコミュニケーション=[3],no,[3]
potion-danomi-de-ikinobimasu-zoku,ポーション頼みで生き延びます!続,3,講談社　∥　コウダンシャ:2 | 講談社:1,講談社　∥　コウダンシャ,講談社=[4],no,[4]
potion-wa-160km-h-de-nageru-mono,ポーションは160km/hで投げるモノ!～アイテム係の俺が万能回復薬を投擲することで最強の冒険者に成り上がる!?～@COMIC,3,TOブックス　∥　ティーオーブックス:2 | TOブックス:1,TOブックス　∥　ティーオーブックス,TOブックス=[3],no,[3]
puppy-lovers,パピィラバーズ,3,少年画報社　∥　ショウネン ガホウシャ:2 | 少年画報社　∥　ショウネンガホウシャ:1,少年画報社　∥　ショウネン ガホウシャ,少年画報社　∥　ショウネンガホウシャ=[3],no,[3]
purutaaku-eiyuuden,プルターク英雄伝,3,潮出版社　∥　ウシオシュッパンシャ:2 | 潮出版社　∥　ウシオ シュッパンシャ:1,潮出版社　∥　ウシオシュッパンシャ,潮出版社　∥　ウシオ シュッパンシャ=[1],no,[1]
qp-gaiden-azuma-ryou,QP外伝我妻涼,3,秋田書店　∥　アキタショテン:2 | 秋田書店　∥　アキタ ショテン:1,秋田書店　∥　アキタショテン,秋田書店　∥　アキタ ショテン=[1],no,[1]
quiz-no-kami-sama,クイズの神様,3,小学館:2 | 小学館　∥　ショウガクカン:1,小学館,小学館　∥　ショウガクカン=[1],no,[1]
radio-de-goo,ラジオでGO!,3,芳文社:2 | 芳文社　∥　ホウブンシャ:1,芳文社,芳文社　∥　ホウブンシャ=[1],no,[1]
raidorl-seiken-senki,レイドール聖剣戦記,3,[頒布]講談社　∥　コウダンシャ:2 | [頒布]講談社:1,[頒布]講談社　∥　コウダンシャ,[頒布]講談社=[3],no,[3]
raitei-no-kiseki,雷帝の軌跡,3,KADOKAWA　∥　カドカワ:2 | KADOKAWA:1,KADOKAWA　∥　カドカワ,KADOKAWA=[3],no,[3]
raja,ラージャ,3,講談社　∥　コウダンシャ:2 | 講談社:1,講談社　∥　コウダンシャ,講談社=[3],no,[3]
rakuen-ichiba,楽園市場,3,小学館クリエイティブ　∥　ショウガクカンクリエイティブ:2 | 小学館クリエイティブ　∥　ショウガクカン クリエイティブ:1,小学館クリエイティブ　∥　ショウガクカンクリエイティブ,小学館クリエイティブ　∥　ショウガクカン クリエイティブ=[1],no,[1]
ramen-no-tori-pako-chan,ラーメンの鳥パコちゃん,3,ジャイブ:2 | ジャイブ　∥　ジャイブ:1,ジャイブ,ジャイブ　∥　ジャイブ=[3],no,[3]
ranpo-amuneshia-nijuuichi-banme-no-jinkaku,乱歩アムネシア二十一番目の人格,3,コアマガジン:2 | コアマガジン　∥　コアマガジン:1,コアマガジン,コアマガジン　∥　コアマガジン=[1],no,[1]
rapper-ni-kamaretara-rapper-ni-naru-manga,ラッパーに噛まれたらラッパーになる漫画,3,LINE　∥　ライン:2 | LINE Digital Frontier　∥　ラインデジタルフロンティア:1,LINE　∥　ライン,LINE Digital Frontier　∥　ラインデジタルフロンティア=[3],no,[3]
rararara-kanojo-no-suki-na-kanojo,LaLaLa…～彼女の好きなカノジョ～,3,秋田書店　∥　アキタショテン:2 | 秋田書店:1,秋田書店　∥　アキタショテン,秋田書店=[3],no,[3]
rasubosu-no-watashi-ga-shujinkou-no-tsuma-ni-narimashita,ラスボスの私が主人公の妻になりました,3,[頒布]講談社　∥　コウダンシャ:2 | [頒布]講談社:1,[頒布]講談社　∥　コウダンシャ,[頒布]講談社=[4],no,[4]
real-propose,リアルプロポーズ,3,秋田書店　∥　アキタショテン:2 | 秋田書店:1,秋田書店　∥　アキタショテン,秋田書店=[3],no,[3]
record-daisuki-shougakusei-kakeru,レコード大好き小学生カケル,3,KADOKAWA:2 | KADOKAWA　∥　カドカワ:1,KADOKAWA,KADOKAWA　∥　カドカワ=[1],no,[1]
reeve-monogatari,レーヴェ物語,3,[発売]メディアパル　∥　メディアパル:2 | [発売]メディアパル　∥　メディア パル:1,[発売]メディアパル　∥　メディアパル,[発売]メディアパル　∥　メディア パル=[1],no,[1]
reijou-kishi-wa-tenseisha,令嬢騎士は転生者,3,キルタイムコミュニケーション　∥　キルタイムコミュニケーション:2 | キルタイムコミュニケーション:1,キルタイムコミュニケーション　∥　キルタイムコミュニケーション,キルタイムコミュニケーション=[3],no,[3]
rejiden-505-tei-goomarugo,レジデン都市505,3,[発売]角川グループパブリッシング　∥　カドカワグループパブリッシング:1 | [発売]角川グループホールディングス　∥　カドカワグループホールディングス:1 | KADOKAWA　∥　カドカワ:1,[発売]角川グループパブリッシング　∥　カドカワグループパブリッシング,[発売]角川グループホールディングス　∥　カドカワグループホールディングス=[2];KADOKAWA　∥　カドカワ=[3],no,"[2, 3]"
retro-game,レトロゲ,3,講談社　∥　コウダンシャ:2 | 講談社:1,講談社　∥　コウダンシャ,講談社=[3],no,[3]
rika-san-kekkon-shite-kudasai,理香さん、結婚してください!,3,KADOKAWA:2 | KADOKAWA　∥　カドカワ:1,KADOKAWA,KADOKAWA　∥　カドカワ=[1],no,[1]
rikan-koukoku-hikikomori-zuichouhi-den,璃寛皇国ひきこもり瑞兆妃伝,3,秋田書店:2 | 秋田書店　∥　アキタショテン:1,秋田書店,秋田書店　∥　アキタショテン=[1],no,[1]
rikei-kun,理系クン,3,文藝春秋　∥　ブンゲイシュンジュウ:2 | 文藝春秋　∥　ブンゲイ シュンジュウ:1,文藝春秋　∥　ブンゲイシュンジュウ,文藝春秋　∥　ブンゲイ シュンジュウ=[1],no,[1]
ringoku-ni-koshiire-shita-joou-tsuki-mofumofu-jijo-desu-hontou-no-joou-wa-watashi-nandesu,隣国に輿入れした王女付きモフモフ侍女ですが、本当の王女は私なんです,3,講談社　∥　コウダンシャ:2 | 講談社:1,講談社　∥　コウダンシャ,講談社=[4],no,[4]
robin,ロビン,3,[発売]ソフトバンククリエイティブ　∥　ソフトバンク クリエイティブ:2 | [発売]ほるぷ出版　∥　ホルプシュッパン:1,[発売]ソフトバンククリエイティブ　∥　ソフトバンク クリエイティブ,[発売]ほるぷ出版　∥　ホルプシュッパン=[3],no,[3]
roguauto-shita-no-wa-buiaaruemuemuoo-ja-naku-honmono-no-isekai-deshita,ログアウトしたのはVRMMOじゃなく本物の異世界でした,3,集英社　∥　シュウエイシャ:2 | 集英社:1,集英社　∥　シュウエイシャ,集英社=[3],no,[3]
rojiura-brothers,路地裏ブラザーズ,3,リブレ　∥　リブレ:2 | リブレ出版　∥　リブレ シュッパン:1,リブレ　∥　リブレ,リブレ出版　∥　リブレ シュッパン=[1],no,[1]
rokkaku,ロッカク,3,[発売]角川グループパブリッシング　∥　カドカワ グループ パブリッシング:2 | [発売]角川グループパブリッシング　∥　カドカワグループパブリッシング:1,[発売]角川グループパブリッシング　∥　カドカワ グループ パブリッシング,[発売]角川グループパブリッシング　∥　カドカワグループパブリッシング=[3],no,[3]
roopure-world,RPG W(・∀・)RLD,3,[発売]角川グループパブリッシング　∥　カドカワ グループ パブリッシング:2 | [発売]角川グループパブリッシング　∥　カドカワ グループパブリッシング:1,[発売]角川グループパブリッシング　∥　カドカワ グループ パブリッシング,[発売]角川グループパブリッシング　∥　カドカワ グループパブリッシング=[3],no,[3]
rose-guns-days-season3,ROSE GUNS DAYS Season3,3,スクウェア・エニックス　∥　スクウェア ・ エニックス:2 | スクウェア・エニックス　∥　スクウェア エニックス:1,スクウェア・エニックス　∥　スクウェア ・ エニックス,スクウェア・エニックス　∥　スクウェア エニックス=[1],no,[1]
roukyuubu-half-time,ロウきゅーぶ!は～ふたいむ,3,KADOKAWA　∥　カドカワ:2 | [発売]KADOKAWA　∥　カドカワ:1,KADOKAWA　∥　カドカワ,[発売]KADOKAWA　∥　カドカワ=[1],no,[1]
rouninsei-to-eroi-yatsu,浪人生とエロい奴,3,秋田書店:2 | 秋田書店　∥　アキタショテン:1,秋田書店,秋田書店　∥　アキタショテン=[1],no,[1]
ruugaruu,ルー=ガルー,3,講談社　∥　コウダンシャ:2 | 徳間書店　∥　トクマ ショテン:1,講談社　∥　コウダンシャ,徳間書店　∥　トクマ ショテン=[1],no,[1]
ryoukai-shinpan,領怪神犯,3,KADOKAWA　∥　カドカワ:2 | KADOKAWA:1,KADOKAWA　∥　カドカワ,KADOKAWA=[3],no,[3]
ryuujin-to-iinazuke-no-akai-hana-jirushi,龍神と許嫁の赤い花印,3,スターツ出版:2 | スターツ出版　∥　スターツシュッパン:1,スターツ出版,スターツ出版　∥　スターツシュッパン=[1],no,[1]
ryuusa-no-ori,龍鎖のオリ,3,[頒布]講談社 (発売)　∥　コウダンシャ:2 | [頒布]講談社 (発売)　∥　イチジンシャ:1,[頒布]講談社 (発売)　∥　コウダンシャ,[頒布]講談社 (発売)　∥　イチジンシャ=[3],no,[3]
ryuusei-inisharaizu,流星イニシャライズ,3,LINE　∥　ライン:2 | LINE Digital Frontier　∥　ラインデジタルフロンティア:1,LINE　∥　ライン,LINE Digital Frontier　∥　ラインデジタルフロンティア=[3],no,[3]
s-o-v,S.O.V,3,講談社:2 | 講談社　∥　コウダンシャ:1,講談社,講談社　∥　コウダンシャ=[1],no,[1]
sabaku-no-usagi,砂漠のウサギ,3,イカロス出版　∥　イカロスシュッパン:2 | 司書房　∥　ツカサ ショボウ:1,イカロス出版　∥　イカロスシュッパン,司書房　∥　ツカサ ショボウ=[1],yes,[1]
sabitsuita-ken-o-tameshi-ni-kyouka-shite-mitara-tondemonai-maken-ni-bakemashita,【さびついた剣】を試しに強化してみたら、とんでもない魔剣に化けました,3,スクウェア・エニックス　∥　スクウェア ・ エニックス:2 | スクウェア・エニックス:1,スクウェア・エニックス　∥　スクウェア ・ エニックス,スクウェア・エニックス=[3],no,[3]
sabotage-summer,サボタージュ・サマー,3,芳文社:2 | 芳文社　∥　ホウブンシャ:1,芳文社,芳文社　∥　ホウブンシャ=[1],no,[1]
sachi-to-yuuka,サチとユーカ,3,少年画報社　∥　ショウネンガホウシャ:2 | 少年画報社:1,少年画報社　∥　ショウネンガホウシャ,少年画報社=[3],no,[3]
sacred-chevalier,セイクリッド・シュヴァリエ,3,[頒布]幻冬舎　∥　ゲントウシャ:2 | [発売]幻冬舎　∥　ゲントウシャ:1,[頒布]幻冬舎　∥　ゲントウシャ,[発売]幻冬舎　∥　ゲントウシャ=[1],no,[1]
saegusa-san-wa-megane-senpai-to-koi-o-egaku,三枝さんはメガネ先輩と恋を描く,3,KADOKAWA:2 | KADOKAWA　∥　カドカワ:1,KADOKAWA,KADOKAWA　∥　カドカワ=[1],no,[1]
saiaku-na-tensei-wa-konkai-de-bukkowasou-to-omoimasu,最悪な転生は今回でぶっ壊そうと思います,3,少年画報社:2 | 少年画報社　∥　ショウネンガホウシャ:1,少年画報社,少年画報社　∥　ショウネンガホウシャ=[1],no,[1]
saiga-rokuji-no-shiro,雑賀六字の城,3,リイド社　∥　リイドシャ:2 | PHP研究所　∥　ピーエイチピー ケンキュウジョ:1,リイド社　∥　リイドシャ,PHP研究所　∥　ピーエイチピー ケンキュウジョ=[1],no,[1]
saihate-ni-madou,最果てに惑う,3,[頒布]小学館クリエイティブ (発売)　∥　ショウガクカンクリエイティブ:1 | [頒布]小学館クリエイティブ　∥　ショウガクカンクリエイティブ:1 | [頒布]小学館クリエイティブ:1,[頒布]小学館クリエイティブ (発売)　∥　ショウガクカンクリエイティブ,[頒布]小学館クリエイティブ　∥　ショウガクカンクリエイティブ=[2];[頒布]小学館クリエイティブ=[3],no,"[2, 3]"
saihate-no-diasuta,最果てのディアスタ,3,[発売]角川グループパブリッシング　∥　カドカワ グループ パブリッシング:2 | KADOKAWA　∥　カドカワ:1,[発売]角川グループパブリッシング　∥　カドカワ グループ パブリッシング,KADOKAWA　∥　カドカワ=[3],no,[3]
saikou-no-oshi-no-mitsukekata,最高の推しの見つけ方,3,スクウェア・エニックス　∥　スクウェア ・ エニックス:2 | スクウェア・エニックス:1,スクウェア・エニックス　∥　スクウェア ・ エニックス,スクウェア・エニックス=[3],no,[3]
saikyou-skill-inochigoi-de-kuyashii-kedo-musou-shichau-moto-maou-sama-no-sekai-seifuku-katsudou,最強スキル〈命乞い〉で悔しいけど無双しちゃう・元魔王様の世界征服活動,3,[頒布]小学館クリエイティブ　∥　ショウガクカンクリエイティブ:2 | [頒布]小学館クリエイティブ:1,[頒布]小学館クリエイティブ　∥　ショウガクカンクリエイティブ,[頒布]小学館クリエイティブ=[3],no,[3]
saikyou-yuusha-party-wa-ai-ga-shiritai,最強勇者パーティーは愛が知りたい,3,[頒布]講談社:2 | [頒布]講談社　∥　コウダンシャ:1,[頒布]講談社,[頒布]講談社　∥　コウダンシャ=[1],no,[1]
saint-seiya-kaiou-saiki-riraizu-of-poseidon,聖闘士星矢海皇再起RERISE OF POSEIDON,3,秋田書店:2 | 秋田書店　∥　アキタショテン:1,秋田書店,秋田書店　∥　アキタショテン=[1],no,[1]
saioshi-no-gikei-o-mederu-tame-nagaiki-shimasu,最推しの義兄を愛でるため、長生きします!,3,[頒布]星雲社:2 | [頒布]星雲社　∥　セイウンシャ:1,[頒布]星雲社,[頒布]星雲社　∥　セイウンシャ=[1],no,[1]
saisei-no-uzume,再生のウズメ,3,祥伝社　∥　ショウデンシャ:2 | 祥伝社:1,祥伝社　∥　ショウデンシャ,祥伝社=[3],no,[3]
saishu-wa-game-no-kihon-desu,採取はゲームの基本です!!,3,秋田書店　∥　アキタショテン:2 | 秋田書店:1,秋田書店　∥　アキタショテン,秋田書店=[3],no,[3]
sakihana-sorujaazu,咲花ソルジャーズ,3,講談社　∥　コウダンシャ:2 | 講談社:1,講談社　∥　コウダンシャ,講談社=[4],no,[4]
saku-wa-edo-nimo-sono-soshitsu,咲くは江戸にもその素質,3,NHN comico　∥　エヌエイチエヌコミコ:2 | KADOKAWA　∥　カドカワ:1,NHN comico　∥　エヌエイチエヌコミコ,KADOKAWA　∥　カドカワ=[1],no,[1]
san-jikisou-yami-baito,SAN値直葬!闇バイト,3,芳文社　∥　ホウブンシャ:2 | 芳文社:1,芳文社　∥　ホウブンシャ,芳文社=[3],no,[3]
sanokuen-koukousei,三億円高校生,3,講談社:2 | 講談社　∥　コウダンシャ:1,講談社,講談社　∥　コウダンシャ=[1],no,[1]
sanzou-houshi-no-daitou-kenbunroku,三蔵法師の大唐見聞録,3,朝日新聞出版　∥　アサヒ シンブン シュッパン:2 | 朝日新聞出版　∥　アサヒシンブンシュッパン:1,朝日新聞出版　∥　アサヒ シンブン シュッパン,朝日新聞出版　∥　アサヒシンブンシュッパン=[3],no,[3]
sasada-wa-tomodachi,佐々田は友達,3,文藝春秋　∥　ブンゲイシュンジュウ:2 | 文藝春秋:1,文藝春秋　∥　ブンゲイシュンジュウ,文藝春秋=[3],no,[3]
sasen-deshitara-yorokonde,左遷でしたら喜んで!,3,[頒布]星雲社:2 | [頒布]星雲社　∥　セイウンシャ:1,[頒布]星雲社,[頒布]星雲社　∥　セイウンシャ=[1],no,[1]
saten-de-3x3,サテンdeサザン,3,小学館:2 | 小学館　∥　ショウガクカン:1,小学館,小学館　∥　ショウガクカン=[1],no,[1]
sayonara-mini-skirt,さよならミニスカート,3,集英社　∥　シュウエイシャ:2 | 集英社:1,集英社　∥　シュウエイシャ,集英社=[4],no,[4]
schoolmate-kiss,SCHOOLMATE Kiss,3,秋田書店　∥　アキタショテン:2 | 秋田書店　∥　アキタ ショテン:1,秋田書店　∥　アキタショテン,秋田書店　∥　アキタ ショテン=[1],no,[1]
second-marriage-ring,セカンドマリッジリング,3,大都社:2 | 大都社　∥　ダイトシャ:1,大都社,大都社　∥　ダイトシャ=[1],no,[1]
secret,Secret,3,スクウェア・エニックス　∥　スクウェア エニックス:1 | スクウェア・エニックス　∥　スクウェア ・ エニックス:1,スクウェア・エニックス　∥　スクウェア エニックス,スクウェア・エニックス　∥　スクウェア ・ エニックス=[3],yes,[3]
seibetsu-fumei-na-koroshiya-san-ga-kawaisugiru,性別不明な殺し屋さんがカワイすぎる。,3,芳文社:2 | 芳文社　∥　ホウブンシャ:1,芳文社,芳文社　∥　ホウブンシャ=[1],no,[1]
seibetsu-fushou-ni-koi-o-shimashita,性別不詳に恋をしました。,3,芳文社　∥　ホウブンシャ:2 | 芳文社:1,芳文社　∥　ホウブンシャ,芳文社=[3],no,[3]
seikatsu-mahoutsukai-no-gekokujou,生活魔法使いの下剋上,3,KADOKAWA　∥　カドカワ:2 | KADOKAWA:1,KADOKAWA　∥　カドカワ,KADOKAWA=[4],no,[4]
seikei-joshi-kohaku,成形女子こはく,3,三光出版社　∥　サンコウ シュッパンシャ:2 | 三光出版社　∥　サンコウシュッパンシャ:1,三光出版社　∥　サンコウ シュッパンシャ,三光出版社　∥　サンコウシュッパンシャ=[1],no,[1]
seinen-no-tame-no-dokusho-club,青年のための読書クラブ,3,[発売]ソフトバンククリエイティブ　∥　ソフトバンク クリエイティブ:2 | [発売]ほるぷ出版　∥　ホルプシュッパン:1,[発売]ソフトバンククリエイティブ　∥　ソフトバンク クリエイティブ,[発売]ほるぷ出版　∥　ホルプシュッパン=[3],no,[3]
seirei-mamori-no-kusushi-reijou-wa-konyaku-haki-o-tsukitsukerareta-you-desu,精霊守りの薬士令嬢は、婚約破棄を突きつけられたようです,3,[頒布]星雲社 (発売)　∥　セイウンシャ:2 | [頒布]星雲社　∥　セイウンシャ:1,[頒布]星雲社 (発売)　∥　セイウンシャ,[頒布]星雲社　∥　セイウンシャ=[3],no,[3]
seiyuu-gekijou-papurioon-mizuhara-san,声優劇場パプリオーン!みずはらさん,3,ジャイブ　∥　ジャイブ:2 | ジャイブ:1,ジャイブ　∥　ジャイブ,ジャイブ=[1],no,[1]
sekai-o-sukutta-eiyuu-o-sodateta-saikyou-yogensha-wa-boukensha-ni-nattemo-sekaijuu-no-deshi-kara,世界を救った英雄を育てた最強預言者は、冒険者になっても世界中の弟子から慕われてます,3,小学館　∥　ショウガクカン:2 | 小学館:1,小学館　∥　ショウガクカン,小学館=[3],no,[3]
sekai-seifuku-children,世界征服チルドレン,3,エンターブレイン:2 | [発売]角川グループパブリッシング　∥　カドカワ グループ パブリッシング:1,エンターブレイン,[発売]角川グループパブリッシング　∥　カドカワ グループ パブリッシング=[3],no,[3]
semelparous,セメルパルス,3,[頒布]講談社　∥　コウダンシャ:2 | [発売]講談社　∥　コウダンシャ:1,[頒布]講談社　∥　コウダンシャ,[発売]講談社　∥　コウダンシャ=[1],no,[1]
sengoku-angelique,戦国アンジェリーク,3,[発売]角川グループパブリッシング　∥　カドカワ グループ パブリッシング:2 | [発売]角川グループパブリッシング　∥　カドカワグループパブリッシング:1,[発売]角川グループパブリッシング　∥　カドカワ グループ パブリッシング,[発売]角川グループパブリッシング　∥　カドカワグループパブリッシング=[3],no,[3]
senki-zesshou-symphogear,戦姫絶唱シンフォギア,3,[発売]角川グループパブリッシング　∥　カドカワグループパブリッシング:2 | [発売]KADOKAWA　∥　カドカワ:1,[発売]角川グループパブリッシング　∥　カドカワグループパブリッシング,[発売]KADOKAWA　∥　カドカワ=[3],no,[3]
senran-kagura-shoujotachi-no-shinei,閃乱カグラ 少女達の真影,3,メディアファクトリー　∥　メディア ファクトリー:2 | KADOKAWA　∥　カドカワ:1,メディアファクトリー　∥　メディア ファクトリー,KADOKAWA　∥　カドカワ=[3],no,[3]
sensei-fuufu-ja-dame-desu-ka,先生、夫婦じゃダメですか?,3,オーバーラップ　∥　オーバーラップ:2 | オーバーラップ:1,オーバーラップ　∥　オーバーラップ,オーバーラップ=[3],no,[3]
sensei-nisshi-homura-sensei-ha-tabun-motenai,先生日誌,3,KADOKAWA　∥　カドカワ:2 | KADOKAWA:1,KADOKAWA　∥　カドカワ,KADOKAWA=[3],no,[3]
sensei-to-hitotose-no-ao,先生とひととせの青,3,祥伝社　∥　ショウデンシャ:2 | 祥伝社:1,祥伝社　∥　ショウデンシャ,祥伝社=[3],no,[3]
sensei-watashi-ni-ochitekoi,先生、私に堕ちてこい!,3,講談社　∥　コウダンシャ:2 | 講談社:1,講談社　∥　コウダンシャ,講談社=[3],no,[3]
sentaku-no-dungeon-musou,〈洗濯〉のダンジョン無双,3,秋田書店　∥　アキタショテン:2 | 秋田書店:1,秋田書店　∥　アキタショテン,秋田書店=[4],no,[4]
servant-beasts,サーヴァントビースト,3,KADOKAWA:2 | KADOKAWA　∥　カドカワ:1,KADOKAWA,KADOKAWA　∥　カドカワ=[1],no,[1]
sewa-ga-yakemasu-haadesu-sama,世話がやけますハーデス様,3,[発売]ジャイブ　∥　ジャイブ:2 | [頒布]ジャイブ (発売)　∥　ジャイブ:1,[発売]ジャイブ　∥　ジャイブ,[頒布]ジャイブ (発売)　∥　ジャイブ=[3],no,[3]
sex-drive,Sex drive,3,リブレ　∥　リブレ:2 | リブレ:1,リブレ　∥　リブレ,リブレ=[3],no,[3]
shachiku-desu-shuzoku-shinka-shite-saikyou-e-to-itarimasu,社畜ですが、種族進化して最強へと至ります,3,集英社:2 | 集英社　∥　シュウエイシャ:1,集英社,集英社　∥　シュウエイシャ=[1],no,[1]
shakunetsu-no-takkyuu-musume-ribaan,灼熱の卓球娘reburn!!,3,竹書房　∥　タケ ショボウ:2 | 竹書房:1,竹書房　∥　タケ ショボウ,竹書房=[3],no,[3]
shangurira-no-tori,シャングリラの鳥,3,[発売]フランス書院　∥　フランスショイン:2 | [頒布]フランス書院 (発売)　∥　フランスショイン:1,[発売]フランス書院　∥　フランスショイン,[頒布]フランス書院 (発売)　∥　フランスショイン=[3],no,[3]
share,share,3,エンターブレイン:1 | [発売]角川グループパブリッシング　∥　カドカワ グループ パブリッシング:1 | 小学館　∥　ショウガクカン:1,エンターブレイン,[発売]角川グループパブリッシング　∥　カドカワ グループ パブリッシング=[2];小学館　∥　ショウガクカン=[3],no,"[2, 3]"
sharty-to-renkinjutsu-no-machi,シャティと錬金術の町,3,講談社:2 | 講談社　∥　コウダンシャ:1,講談社,講談社　∥　コウダンシャ=[1],no,[1]
sheerlore,シアロア,3,LINE Digital Frontier　∥　ラインデジタルフロンティア:2 | 集英社　∥　シュウエイシャ:1,LINE Digital Frontier　∥　ラインデジタルフロンティア,集英社　∥　シュウエイシャ=[1],no,[1]
sherlock-holmes-no-bouken,シャーロック・ホームズの冒険,3,朝日ソノラマ　∥　アサヒ ソノラマ:1 | [発売]朝日新聞出版　∥　アサヒ シンブン シュッパン:1,朝日ソノラマ　∥　アサヒ ソノラマ,[発売]朝日新聞出版　∥　アサヒ シンブン シュッパン=[3],yes,[3]
shibotte-ubatte-risarisa-chan,しぼってうばってリサリサちゃん!,3,[頒布]小学館クリエイティブ (発売)　∥　ショウガクカンクリエイティブ:2 | [頒布]小学館クリエイティブ　∥　ショウガクカンクリエイティブ:1,[頒布]小学館クリエイティブ (発売)　∥　ショウガクカンクリエイティブ,[頒布]小学館クリエイティブ　∥　ショウガクカンクリエイティブ=[3],no,[3]
shichinin-no-anitachi-wa-suekko-imouto-o-aishiteyamanai,七人の兄たちは末っ子妹を愛してやまない,3,[頒布]星雲社:2 | [頒布]星雲社　∥　セイウンシャ:1,[頒布]星雲社,[頒布]星雲社　∥　セイウンシャ=[1],no,[1]
shigure-senpai-no-unmei-no-hito,時雨先輩の運命の人,3,小学館:2 | 小学館　∥　ショウガクカン:1,小学館,小学館　∥　ショウガクカン=[1],no,[1]
shiikuin-onee-san-ni-koi-shita-penguin,飼育員お姉さんに恋したペンギン,3,芳文社:2 | 芳文社　∥　ホウブンシャ:1,芳文社,芳文社　∥　ホウブンシャ=[1],no,[1]
shikkaku-seijo-no-gekokujou,失格聖女の下克上,3,KADOKAWA:2 | KADOKAWA　∥　カドカワ:1,KADOKAWA,KADOKAWA　∥　カドカワ=[1],no,[1]
shikotama,しこたま,3,秋田書店　∥　アキタ ショテン:2 | 秋田書店　∥　アキタショテン:1,秋田書店　∥　アキタ ショテン,秋田書店　∥　アキタショテン=[3],no,[3]
shin-honto-ni-atta-hna-taiken,新ホントにあったHな体験,3,リイド社　∥　リイドシャ:2 | リイド社:1,リイド社　∥　リイドシャ,リイド社=[1],no,[1]
shin-juuishi-no-file,新獣医師の事件簿,3,青泉社　∥　セイセンシャ:2 | Bbmfマガジン　∥　Bbmf マガジン:1,青泉社　∥　セイセンシャ,Bbmfマガジン　∥　Bbmf マガジン=[1],no,[1]
shin-onna-kudouden-rei,新女苦道伝れい,3,[発売]主婦の友社　∥　シュフノトモシャ:2 | [発売]主婦の友社　∥　シュフ ノ トモシャ:1,[発売]主婦の友社　∥　シュフノトモシャ,[発売]主婦の友社　∥　シュフ ノ トモシャ=[1],no,[1]
shin-seitokai-no-ichizon,新生徒会の一存,3,KADOKAWA　∥　カドカワ:2 | [発売]KADOKAWA　∥　カドカワ:1,KADOKAWA　∥　カドカワ,[発売]KADOKAWA　∥　カドカワ=[1],no,[1]
shin-shinjukueki-kikakuka-alps-hiroba,新新宿駅企画課あるぷすひろば,3,ジャイブ:2 | ジャイブ　∥　ジャイブ:1,ジャイブ,ジャイブ　∥　ジャイブ=[3],no,[3]
shin-yokohama-de-aimashou,新横浜で会いましょう,3,秋田書店　∥　アキタショテン:2 | 秋田書店:1,秋田書店　∥　アキタショテン,秋田書店=[3],no,[3]
shinai-mijikashi-koiseyo-otome,竹刀短し恋せよ乙女,3,[発売]角川グループパブリッシング　∥　カドカワ グループ パブリッシング:1 | [発売]角川グループパブリッシング　∥　カドカワグループパブリッシング:1 | [発売]角川グループホールディングス　∥　カドカワグループホールディングス:1,[発売]角川グループパブリッシング　∥　カドカワ グループ パブリッシング,[発売]角川グループパブリッシング　∥　カドカワグループパブリッシング=[2];[発売]角川グループホールディングス　∥　カドカワグループホールディングス=[3],no,"[2, 3]"
shinde-hanami-ga-saki-hokoru,死んで花実が咲き誇る,3,講談社　∥　コウダンシャ:2 | 講談社:1,講談社　∥　コウダンシャ,講談社=[3],no,[3]
shindemiro-to-iwareta-node-shinimashita,「死んでみろ」と言われたので死にました。,3,KADOKAWA　∥　カドカワ:2 | KADOKAWA:1,KADOKAWA　∥　カドカワ,KADOKAWA=[4],no,[4]
shinigami-doggy,死神DOGGY,3,[発売]角川グループパブリッシング　∥　カドカワ グループ パブリッシング:2 | KADOKAWA　∥　カドカワ:1,[発売]角川グループパブリッシング　∥　カドカワ グループ パブリッシング,KADOKAWA　∥　カドカワ=[3],no,[3]
shinigami-hime-no-saikon,死神姫の再婚,3,[発売]角川グループパブリッシング　∥　カドカワグループパブリッシング:2 | [発売]角川グループパブリッシング　∥　カドカワ グループ パブリッシング:1,[発売]角川グループパブリッシング　∥　カドカワグループパブリッシング,[発売]角川グループパブリッシング　∥　カドカワ グループ パブリッシング=[1],no,[1]
shinigami-no-hanayome,死神の花嫁,3,スクウェア・エニックス　∥　スクウェア ・ エニックス:2 | スクウェア・エニックス:1,スクウェア・エニックス　∥　スクウェア ・ エニックス,スクウェア・エニックス=[3],no,[3]
shinikake-akuyaku-reijou-no-shissou,死にかけ悪役令嬢の失踪,3,小学館　∥　ショウガクカン:2 | 小学館:1,小学館　∥　ショウガクカン,小学館=[3],no,[3]
shinjuu-no-shittoui,神獣の執刀医,3,KADOKAWA　∥　カドカワ:2 | KADOKAWA:1,KADOKAWA　∥　カドカワ,KADOKAWA=[3],no,[3]
shinonome-kun-towa-dekinai-kankei,東雲くんとはデキない関係,3,オーバーラップ:2 | オーバーラップ　∥　オーバーラップ:1,オーバーラップ,オーバーラップ　∥　オーバーラップ=[1],no,[1]
shinryuu-teikoku-no-dragon-tamer,神竜帝国のドラゴンテイマー,3,一二三書房:2 | [頒布]一二三書房　∥　ヒフミショボウ:1,一二三書房,[頒布]一二三書房　∥　ヒフミショボウ=[1],no,[1]
shinsengumi-keppuuroku,新選組血風録,3,文藝春秋　∥　ブンゲイシュンジュウ:2 | 文藝春秋　∥　ブンゲイ シュンジュウ:1,文藝春秋　∥　ブンゲイシュンジュウ,文藝春秋　∥　ブンゲイ シュンジュウ=[1],no,[1]
shinshi-kyoutei-o-musubou,紳士協定を結ぼう!,3,KADOKAWA　∥　カドカワ:1 | [発売]角川グループパブリッシング　∥　カドカワ グループ パブリッシング:1 | [発売]角川グループホールディングス　∥　カドカワグループホールディングス:1,KADOKAWA　∥　カドカワ,[発売]角川グループパブリッシング　∥　カドカワ グループ パブリッシング=[2];[発売]角川グループホールディングス　∥　カドカワグループホールディングス=[3],no,"[2, 3]"
shinya-0-ji-no-antorume,深夜0時のアントルメ,3,KADOKAWA:2 | KADOKAWA　∥　カドカワ:1,KADOKAWA,KADOKAWA　∥　カドカワ=[1],no,[1]
shiro-to-kujira,シロとくじら,3,KADOKAWA　∥　カドカワ:2 | KADOKAWA:1,KADOKAWA　∥　カドカワ,KADOKAWA=[3],no,[3]
shiroi-suna-no-aquatope,白い砂のアクアトープ,3,[頒布]KADOKAWA　∥　カドカワ:2 | [頒布]KADOKAWA (発売)　∥　カドカワ:1,[頒布]KADOKAWA　∥　カドカワ,[頒布]KADOKAWA (発売)　∥　カドカワ=[1],no,[1]
shiromaru-hiyori,しろまるびより,3,KADOKAWA　∥　カドカワ:2 | KADOKAWA:1,KADOKAWA　∥　カドカワ,KADOKAWA=[3],no,[3]
shironekosou-no-takako-nee-san,しろねこ荘のタカコ姐さん,3,少年画報社　∥　ショウネン ガホウシャ:2 | 少年画報社　∥　ショウネンガホウシャ:1,少年画報社　∥　ショウネン ガホウシャ,少年画報社　∥　ショウネンガホウシャ=[3],no,[3]
shisan-100-oku-supadari-wasou-onzoushi-wa-haraguroi-kemono,資産100億スパダリ和装御曹司は腹黒い獣,3,大都社:2 | [頒布]大都社:1,大都社,[頒布]大都社=[3],no,[3]
shishosei,司書正,3,KADOKAWA　∥　カドカワ:2 | KADOKAWA:1,KADOKAWA　∥　カドカワ,KADOKAWA=[3],no,[3]
shishunki-kyoudai,思春期姉弟,3,ワニブックス　∥　ワニブックス:2 | ワニブックス:1,ワニブックス　∥　ワニブックス,ワニブックス=[3],no,[3]
shisubare,しすばれ,3,キルタイムコミュニケーション　∥　キルタイムコミュニケーション:2 | キルタイムコミュニケーション　∥　キル タイム コミュニケーション:1,キルタイムコミュニケーション　∥　キルタイムコミュニケーション,キルタイムコミュニケーション　∥　キル タイム コミュニケーション=[1],no,[1]
shizuto-kun-no-hajimete-ubatte-shimaimashita,静人くんの初めて、奪ってしまいました,3,小学館:2 | 小学館　∥　ショウガクカン:1,小学館,小学館　∥　ショウガクカン=[1],no,[1]
shojo-kaihatsu-doukyo-seikatsu,処女開発同居生活,3,[発売]大都社　∥　ダイトシャ:2 | 大都社　∥　ダイトシャ:1,[発売]大都社　∥　ダイトシャ,大都社　∥　ダイトシャ=[3],no,[3]
shoki-skill-ga-benri-sugite-isekai-seikatsu-ga-tanoshisugiru,初期スキルが便利すぎて異世界生活が楽しすぎる!,3,[発売]星雲社　∥　セイウンシャ:1 | [頒布]星雲社 (発売)　∥　セイウンシャ:1 | [頒布]星雲社　∥　セイウンシャ:1,[発売]星雲社　∥　セイウンシャ,[頒布]星雲社 (発売)　∥　セイウンシャ=[2];[頒布]星雲社　∥　セイウンシャ=[3],no,"[2, 3]"
shotenin-makoto-no-ban-san,書店員まことの晩餐,3,少年画報社　∥　ショウネンガホウシャ:2 | 少年画報社　∥　ショウネン ガホウシャ:1,少年画報社　∥　ショウネンガホウシャ,少年画報社　∥　ショウネン ガホウシャ=[2],no,[2]
shoujo-gensou-necrophilia,少女幻葬ネクロフィリア,3,キルタイムコミュニケーション　∥　キルタイムコミュニケーション:2 | キルタイムコミュニケーション　∥　キル タイム コミュニケーション:1,キルタイムコミュニケーション　∥　キルタイムコミュニケーション,キルタイムコミュニケーション　∥　キル タイム コミュニケーション=[1],no,[1]
shoujo-null,少女Null,3,集英社　∥　シュウエイシャ:2 | 集英社:1,集英社　∥　シュウエイシャ,集英社=[3],no,[3]
shounen-kyuuketsuki-no-nankin-beya,少年吸血鬼の軟禁部屋,3,秋田書店:2 | 秋田書店　∥　アキタショテン:1,秋田書店,秋田書店　∥　アキタショテン=[1],no,[1]
shukoku-no-jin,朱黒の仁,3,朝日新聞出版　∥　アサヒシンブンシュッパン:2 | [発売]角川グループパブリッシング　∥　カドカワグループパブリッシング:1,朝日新聞出版　∥　アサヒシンブンシュッパン,[発売]角川グループパブリッシング　∥　カドカワグループパブリッシング=[1],no,[1]
shunka-torikaeshou,春華とりかえ抄,3,秋田書店　∥　アキタショテン:2 | 秋田書店:1,秋田書店　∥　アキタショテン,秋田書店=[3],no,[3]
shuraba-de-ikiteru-porno-ya-san,修羅場でイキてるポルノ屋さん,3,少年画報社　∥　ショウネンガホウシャ:2 | 少年画報社:1,少年画報社　∥　ショウネンガホウシャ,少年画報社=[3],no,[3]
shuujin-to-kami-hikouki,囚人と紙飛行機,3,メディアファクトリー　∥　メディア ファクトリー:2 | KADOKAWA　∥　カドカワ:1,メディアファクトリー　∥　メディア ファクトリー,KADOKAWA　∥　カドカワ=[3],no,[3]
shuumatsu-torein-doko-e-iku,終末トレインどこへいく?,3,KADOKAWA:2 | KADOKAWA　∥　カドカワ:1,KADOKAWA,KADOKAWA　∥　カドカワ=[1],no,[1]
shuzoku-hanshin-na-ore-wa-isekai-demo-futsuu-ni-kurashitai,種族〈半神〉な俺は異世界でも普通に暮らしたい,3,[頒布]星雲社:2 | [頒布]星雲社　∥　セイウンシャ:1,[頒布]星雲社,[頒布]星雲社　∥　セイウンシャ=[1],no,[1]
sign-witch,Sign Witch-サインウィッチ-,3,KADOKAWA:2 | KADOKAWA　∥　カドカワ:1,KADOKAWA,KADOKAWA　∥　カドカワ=[1],no,[1]
sonna-kao-shite-sasotteru,そんな顔して、誘ってる?,3,ブライト出版　∥　ブライトシュッパン:2 | ブライト出版:1,ブライト出版　∥　ブライトシュッパン,ブライト出版=[3],no,[3]
sono-koi-jihanki-de-kaemasuka,その恋、自販機で買えますか?,3,[頒布]三交社 (発売)　∥　サンコウシャ:2 | [発売]三交社　∥　サンコウシャ:1,[頒布]三交社 (発売)　∥　サンコウシャ,[発売]三交社　∥　サンコウシャ=[1],no,[1]
soredemo-oya-o-aisuru-kodomotachi,それでも、親を愛する子供たち,3,新潮社:2 | 新潮社　∥　シンチョウシャ:1,新潮社,新潮社　∥　シンチョウシャ=[1],no,[1]
soremite,ソレミテ,3,少年画報社　∥　ショウネンガホウシャ:2 | 少年画報社　∥　ショウネン ガホウシャ:1,少年画報社　∥　ショウネンガホウシャ,少年画報社　∥　ショウネン ガホウシャ=[1],no,[1]
sorette-maji-desuka,それってマジですか!?,3,朝日新聞出版　∥　アサヒシンブンシュッパン:2 | 朝日新聞出版:1,朝日新聞出版　∥　アサヒシンブンシュッパン,朝日新聞出版=[3],no,[3]
soshite-heroine-wa-inakunatta,そしてヒロインはいなくなった,3,双葉社　∥　フタバシャ:2 | 双葉社:1,双葉社　∥　フタバシャ,双葉社=[4],no,[4]
sougihime,葬儀姫,3,[発売]ほるぷ出版　∥　ホルプ シュッパン:1 | [発売]ほるぷ出版　∥　ホルプシュッパン:1 | ハーパーコリンズ・ジャパン　∥　ハーパーコリンズジャパン:1,[発売]ほるぷ出版　∥　ホルプ シュッパン,[発売]ほるぷ出版　∥　ホルプシュッパン=[2];ハーパーコリンズ・ジャパン　∥　ハーパーコリンズジャパン=[3],no,"[2, 3]"
soukou-akki-muramasa,装甲悪鬼村正 英雄編,3,[発売]角川グループパブリッシング　∥　カドカワ グループ パブリッシング:2 | [発売]角川グループパブリッシング　∥　カドカワグループパブリッシング:1,[発売]角川グループパブリッシング　∥　カドカワ グループ パブリッシング,[発売]角川グループパブリッシング　∥　カドカワグループパブリッシング=[3],no,[3]
soukyuu-no-arubasutera,蒼穹のアルバステラ,3,竹書房　∥　タケ ショボウ:2 | 竹書房:1,竹書房　∥　タケ ショボウ,竹書房=[3],no,[3]
sousei-no-tenken-tsukai,双星の天剣使い,3,KADOKAWA　∥　カドカワ:2 | KADOKAWA:1,KADOKAWA　∥　カドカワ,KADOKAWA=[3],no,[3]
space-car-girls,スペースカーガールズ,3,芳文社:2 | 芳文社　∥　ホウブンシャ:1,芳文社,芳文社　∥　ホウブンシャ=[1],no,[1]
spider-man-octopus-girl,スパイダーマン:オクトパスガール,3,集英社　∥　シュウエイシャ:2 | 集英社:1,集英社　∥　シュウエイシャ,集英社=[4],no,[4]
stalker-shachou-no-karei-naru-kyuukon,ストーカー社長の華麗なる求婚,3,[頒布]講談社 (発売)　∥　コウダンシャ:2 | [頒布]講談社　∥　コウダンシャ:1,[頒布]講談社 (発売)　∥　コウダンシャ,[頒布]講談社　∥　コウダンシャ=[2],no,[2]
sub-sama-shitsuke-no-jikan-desu,Sub様、躾の時間です,3,CLAPコミックス　∥　クラップコミックス:2 | CLAPコミックス:1,CLAPコミックス　∥　クラップコミックス,CLAPコミックス=[3],no,[3]
suiri-sensei-hashitanai,スイリ先生、はしたないっ!,3,少年画報社　∥　ショウネンガホウシャ:2 | 少年画報社:1,少年画報社　∥　ショウネンガホウシャ,少年画報社=[3],no,[3]
suisei-no-gargantia,翠星のガルガンティア,3,[発売]角川グループホールディングス　∥　カドカワグループホールディングス:1 | [発売]KADOKAWA　∥　カドカワ:1 | KADOKAWA　∥　カドカワ:1,[発売]角川グループホールディングス　∥　カドカワグループホールディングス,[発売]KADOKAWA　∥　カドカワ=[2];KADOKAWA　∥　カドカワ=[3],no,"[2, 3]"
suki,好きだ。,3,[頒布]星雲社:2 | [頒布]星雲社 (発売)　∥　セイウンシャ:1,[頒布]星雲社,[頒布]星雲社 (発売)　∥　セイウンシャ=[1],no,[1]
sukitte-itta-no-omae-darouga,好きって言ったのお前だろうが!,3,リブレ　∥　リブレ:2 | リブレ:1,リブレ　∥　リブレ,リブレ=[3],no,[3]
sunakku-jou-to-gochisou-gohan,スナック嬢とごちそうごはん,3,少年画報社　∥　ショウネンガホウシャ:2 | 少年画報社:1,少年画報社　∥　ショウネンガホウシャ,少年画報社=[3],no,[3]
supadari-sama-to-supadari-kun,スパダリさまとスパダリくん,3,芳文社　∥　ホウブンシャ:2 | 芳文社:1,芳文社　∥　ホウブンシャ,芳文社=[3],no,[3]
supaidaaman-kizuna,スパイダーマン:絆,3,集英社:2 | 集英社　∥　シュウエイシャ:1,集英社,集英社　∥　シュウエイシャ=[1],no,[1]
supo-chan,スポ×ちゃん!,3,秋田書店　∥　アキタ ショテン:2 | 秋田書店:1,秋田書店　∥　アキタ ショテン,秋田書店=[2],no,[2]
supootsuman-kintarou-daiisshou,スポーツマン金太郎 第1章,3,[発売]パンローリング　∥　パンローリング:2 | [発売]パンローリング:1,[発売]パンローリング　∥　パンローリング,[発売]パンローリング=[3],no,[3]
suteishi-yuusha-maou-no-moto-de-restart,捨て石勇者、魔王の下でリスタート,3,キルタイムコミュニケーション　∥　キルタイムコミュニケーション:2 | キルタイムコミュニケーション:1,キルタイムコミュニケーション　∥　キルタイムコミュニケーション,キルタイムコミュニケーション=[3],no,[3]
sutoraguringu-girls,ストラグリング・ガールズ,3,秋田書店　∥　アキタショテン:2 | 秋田書店:1,秋田書店　∥　アキタショテン,秋田書店=[3],no,[3]
suugaku-girl-fermat-no-saishuu-teiri,数学ガール フェルマーの最終定理,3,メディアファクトリー　∥　メディア ファクトリー:2 | メディアファクトリー　∥　メディアファクトリー:1,メディアファクトリー　∥　メディア ファクトリー,メディアファクトリー　∥　メディアファクトリー=[3],no,[3]
suzuki-kun-no-teinei-na-seikatsu,寿々木君のていねいな生活,3,白泉社　∥　ハクセンシャ:2 | 白泉社:1,白泉社　∥　ハクセンシャ,白泉社=[3],no,[3]
suzume-no-gakkou,すずめの学校,3,竹書房:2 | 竹書房　∥　タケショボウ:1,竹書房,竹書房　∥　タケショボウ=[1],no,[1]
sword-art-online-fairy-dance,ソードアートオンラインフェアリィ・ダンス,3,[発売]角川グループパブリッシング　∥　カドカワ グループ パブリッシング:1 | [発売]Kadokawa　∥　Kadokawa:1 | KADOKAWA　∥　カドカワ:1,[発売]角川グループパブリッシング　∥　カドカワ グループ パブリッシング,[発売]Kadokawa　∥　Kadokawa=[2];KADOKAWA　∥　カドカワ=[3],no,"[2, 3]"
sword-art-online,そーどあーと☆おんらいん。,3,KADOKAWA　∥　カドカワ:2 | [発売]角川グループパブリッシング　∥　カドカワグループパブリッシング:1,KADOKAWA　∥　カドカワ,[発売]角川グループパブリッシング　∥　カドカワグループパブリッシング=[1],no,[1]
t-t-lovers,T.Tラバーズ。,3,KADOKAWA:2 | KADOKAWA　∥　カドカワ:1,KADOKAWA,KADOKAWA　∥　カドカワ=[1],no,[1]
tabi-wa-aii-mono-amai-mono,旅は愛いもの甘いもの,3,文藝春秋　∥　ブンゲイシュンジュウ:2 | 文藝春秋:1,文藝春秋　∥　ブンゲイシュンジュウ,文藝春秋=[3],no,[3]
tabisuru-renkinjutsushi-no-surooraifu,旅する錬金術師のスローライフ,3,双葉社　∥　フタバシャ:2 | 双葉社:1,双葉社　∥　フタバシャ,双葉社=[3],no,[3]
tada-ooki-na-neko-ni-naritai,ただ大きな猫になりたい,3,講談社:2 | 講談社　∥　コウダンシャ:1,講談社,講談社　∥　コウダンシャ=[1],no,[1]
tadashii-koi-to-yokoshima-na-ai,正しい恋とよこしまな愛,3,徳間書店:2 | 徳間書店　∥　トクマ ショテン:1,徳間書店,徳間書店　∥　トクマ ショテン=[1],no,[1]
taimadou-gakuen-35-shiken-shoutai,対魔導学園35試験小隊,3,KADOKAWA　∥　カドカワ:2 | [発売]角川グループホールディングス　∥　カドカワグループホールディングス:1,KADOKAWA　∥　カドカワ,[発売]角川グループホールディングス　∥　カドカワグループホールディングス=[1],no,[1]
taishou-shinkon-roman,大正新婚浪漫,3,ハーパーコリンズ・ジャパン　∥　ハーパーコリンズジャパン:2 | ハーパーコリンズ・ジャパン:1,ハーパーコリンズ・ジャパン　∥　ハーパーコリンズジャパン,ハーパーコリンズ・ジャパン=[4],no,[4]
takane-san-to-arashi-chan,高音さんと嵐ちゃん,3,KADOKAWA　∥　カドカワ:2 | KADOKAWA:1,KADOKAWA　∥　カドカワ,KADOKAWA=[4],no,[4]
tales-of-berseria,テイルズオブベルセリア,3,[発売]講談社　∥　コウダンシャ:2 | 一迅社　∥　イチジンシャ:1,[発売]講談社　∥　コウダンシャ,一迅社　∥　イチジンシャ=[1],no,[1]
tales-of-vesperia-kokuu-no-kamen,テイルズオブヴェスペリア虚空の仮面,3,[発売]角川グループパブリッシング　∥　カドカワ グループ パブリッシング:2 | KADOKAWA　∥　カドカワ:1,[発売]角川グループパブリッシング　∥　カドカワ グループ パブリッシング,KADOKAWA　∥　カドカワ=[3],no,[3]
tameshi-ni-command-itte-mita,ためしにコマンド言ってみた,3,海王社:2 | 海王社　∥　カイオウシャ:1,海王社,海王社　∥　カイオウシャ=[1],no,[1]
tantei-no-shikigami,探偵の式神,3,KADOKAWA:2 | KADOKAWA　∥　カドカワ:1,KADOKAWA,KADOKAWA　∥　カドカワ=[1],no,[1]
tartaros-gekijou,タルタロス劇場,3,KADOKAWA　∥　カドカワ:2 | [発売]角川グループパブリッシング　∥　カドカワ グループ パブリッシング:1,KADOKAWA　∥　カドカワ,[発売]角川グループパブリッシング　∥　カドカワ グループ パブリッシング=[1],no,[1]
teisou-gyakuten-sekai-no-doutei-henkyou-ryoushu-kishi,貞操逆転世界の童貞辺境領主騎士,3,オーバーラップ　∥　オーバーラップ:2 | オーバーラップ:1,オーバーラップ　∥　オーバーラップ,オーバーラップ=[3],no,[3]
tenka-musou-no-otometachi-ga-ore-no-kodane-o-ubaiatte-imasu,天下無双の乙女たちが俺の子種を奪い合っています!!!!!,3,KADOKAWA　∥　カドカワ:2 | KADOKAWA:1,KADOKAWA　∥　カドカワ,KADOKAWA=[4],no,[4]
tenkuu-shoujo-kishidan,天空少女騎士団,3,イカロス出版　∥　イカロス シュッパン:2 | イカロス出版　∥　イカロスシュッパン:1,イカロス出版　∥　イカロス シュッパン,イカロス出版　∥　イカロスシュッパン=[3],no,[3]
tensai-kyuutei-gaka-no-yuuutsu,天才宮廷画家の憂鬱,3,KADOKAWA:2 | KADOKAWA　∥　カドカワ:1,KADOKAWA,KADOKAWA　∥　カドカワ=[1],no,[1]
tensei-joou-wa-ai-yori-ryouchi-ga-hoshii-node-seiryaku-kekkon-o-kibou-shimasu,転生王女は愛より領地が欲しいので政略結婚を希望します!,3,[頒布]講談社　∥　コウダンシャ:2 | [頒布]講談社:1,[頒布]講談社　∥　コウダンシャ,[頒布]講談社=[3],no,[3]
tensei-ryuuki-no-eiyuu-tan,転生竜騎の英雄譚,3,実業之日本社:2 | 実業之日本社　∥　ジツギョウノニホンシャ:1,実業之日本社,実業之日本社　∥　ジツギョウノニホンシャ=[1],no,[1]
tensei-shachiku-no-cheat-saien,転生社畜のチート菜園,3,KADOKAWA　∥　カドカワ:2 | KADOKAWA:1,KADOKAWA　∥　カドカワ,KADOKAWA=[4],no,[4]
tensei-shitara-akari-dake-slime-datta-ken,転生したらあかりだけスライムだった件,3,[頒布]講談社　∥　コウダンシャ:2 | [頒布]講談社:1,[頒布]講談社　∥　コウダンシャ,[頒布]講談社=[3],no,[3]
tensei-shitara-koutei-deshita-umarenagara-no-koutei-wa-konosaki-ikinokoreru-ka-comic,転生したら皇帝でした～生まれながらの皇帝はこの先生き残れるか～@COMIC,3,TOブックス:2 | TOブックス　∥　ティーオーブックス:1,TOブックス,TOブックス　∥　ティーオーブックス=[3],no,[3]
tensei-shitara-suteraretaga-hirowarete-tanoshiku-ikite-imasu,転生したら捨てられたが、拾われて楽しく生きています。,3,[頒布]星雲社:2 | [頒布]星雲社　∥　セイウンシャ:1,[頒布]星雲社,[頒布]星雲社　∥　セイウンシャ=[1],no,[1]
tensei-yuusha-no-kimama-tabi,転生勇者の気まま旅,3,スクウェア・エニックス　∥　スクウェア ・ エニックス:2 | スクウェア・エニックス:1,スクウェア・エニックス　∥　スクウェア ・ エニックス,スクウェア・エニックス=[4],no,[4]
tensei-yuusha-wa-joshi-joshikousei,転生勇者は女子高生!?,3,講談社:2 | 講談社　∥　コウダンシャ:1,講談社,講談社　∥　コウダンシャ=[1],no,[1]
tenshou-ero-elf-no-naka-no-hito-wa-29-sai-shojo-ol-desu,転生エロエルフの中の人は29歳処女OLです。,3,大都社　∥　ダイトシャ:2 | [発売]大都社　∥　ダイトシャ:1,大都社　∥　ダイトシャ,[発売]大都社　∥　ダイトシャ=[1],no,[1]
teramen,テラ麺,3,[頒布]小学館クリエイティブ (発売)　∥　ショウガクカンクリエイティブ:2 | [頒布]小学館クリエイティブ　∥　ショウガクカンクリエイティブ:1,[頒布]小学館クリエイティブ (発売)　∥　ショウガクカンクリエイティブ,[頒布]小学館クリエイティブ　∥　ショウガクカンクリエイティブ=[3],no,[3]
the-boys,ザ・ボーイズ,3,G-NOVELS　∥　ジーノヴェルス:2 | Graffica Novels　∥　グラフィカノヴェルズ:1,G-NOVELS　∥　ジーノヴェルス,Graffica Novels　∥　グラフィカノヴェルズ=[1],no,[1]
the-idolmster-million-live-theater-days-4-komashiataa-no-nichijou,The idolm@ster million live!theater days 4コマシアターの日常,3,[発売]講談社　∥　コウダンシャ:2 | [頒布]講談社　∥　コウダンシャ:1,[発売]講談社　∥　コウダンシャ,[頒布]講談社　∥　コウダンシャ=[3],no,[3]
the-kinks,ザ・キンクス,3,講談社:2 | 講談社　∥　コウダンシャ:1,講談社,講談社　∥　コウダンシャ=[1],no,[1]
toaru-chiisana-mura-no-cheat-na-kajiya-san,とある小さな村のチートな鍛冶屋さん,3,[頒布]星雲社 (発売)　∥　セイウンシャ:2 | [頒布]星雲社　∥　セイウンシャ:1,[頒布]星雲社 (発売)　∥　セイウンシャ,[頒布]星雲社　∥　セイウンシャ=[3],no,[3]
tobidase-tsuzui-san,とびだせ!つづ井さん,3,文藝春秋:2 | 文藝春秋　∥　ブンゲイシュンジュウ:1,文藝春秋,文藝春秋　∥　ブンゲイシュンジュウ=[1],no,[1]
tokage-hontou-wa-shinryuu-o-shoukan-shita-seijuu-tsukai-ryuu-no-senaka-de-kaitaku-life,トカゲ〈本当は神竜〉を召喚した聖獣使い、竜の背中で開拓ライフ,3,[頒布]星雲社:2 | [頒布]星雲社　∥　セイウンシャ:1,[頒布]星雲社,[頒布]星雲社　∥　セイウンシャ=[1],no,[1]
tokidokisou,時ドキ荘!,3,[発売]角川グループパブリッシング　∥　カドカワ グループ パブリッシング:1 | [発売]角川グループパブリッシング　∥　カドカワグループパブリッシング:1 | [発売]角川グループホールディングス　∥　カドカワグループホールディングス:1,[発売]角川グループパブリッシング　∥　カドカワ グループ パブリッシング,[発売]角川グループパブリッシング　∥　カドカワグループパブリッシング=[2];[発売]角川グループホールディングス　∥　カドカワグループホールディングス=[3],yes,"[2, 3]"
tokimeke-mahou-youjo-kokopyua,ときめけ魔法幼女ココピュア,3,竹書房:2 | 竹書房　∥　タケ ショボウ:1,竹書房,竹書房　∥　タケ ショボウ=[1],no,[1]
tokumei-kachou-tadano-hitoshi-otonaaji,特命課長只野仁,3,ぶんか社　∥　ブンカシャ:2 | 楽楽出版　∥　ラクラク シュッパン:1,ぶんか社　∥　ブンカシャ,楽楽出版　∥　ラクラク シュッパン=[1],no,[1]
tokyo-zeikan-chousabu-seiyou-ayakashi-tantou-wa-kochira-desu,東京税関調査部、西洋あやかし担当はこちらです。,3,[頒布]星雲社　∥　セイウンシャ:2 | [頒布]星雲社:1,[頒布]星雲社　∥　セイウンシャ,[頒布]星雲社=[3],no,[3]
tomodachi-no-nee-chan-ni-koi-shita-hanashi,友達の姉ちゃんに恋した話,3,[頒布]講談社 (発売)　∥　コウダンシャ:1 | [頒布]講談社　∥　コウダンシャ:1 | [頒布]講談社:1,[頒布]講談社 (発売)　∥　コウダンシャ,[頒布]講談社　∥　コウダンシャ=[2];[頒布]講談社=[4],no,"[2, 4]"
tomomi-san-to-norimaki,ともみさんとのりまき,3,[発売]幻冬舎　∥　ゲントウシャ:1 | [頒布]幻冬舎 (発売)　∥　ゲントウシャ:1 | [頒布]幻冬舎　∥　ゲントウシャ:1,[発売]幻冬舎　∥　ゲントウシャ,[頒布]幻冬舎 (発売)　∥　ゲントウシャ=[2];[頒布]幻冬舎　∥　ゲントウシャ=[3],no,"[2, 3]"
tonari-no-neko-to-koishirazu,となりの猫と恋知らず,3,スクウェア・エニックス　∥　スクウェア ・ エニックス:2 | スクウェア・エニックス:1,スクウェア・エニックス　∥　スクウェア ・ エニックス,スクウェア・エニックス=[5],no,[5]
tonari-no-yabai-alpha-tachi,隣のヤバイαたち,3,大都社:2 | 大都社　∥　ダイトシャ:1,大都社,大都社　∥　ダイトシャ=[1],no,[1]
toru-ni-taranai,撮るに足らない,3,少年画報社:2 | 少年画報社　∥　ショウネンガホウシャ:1,少年画報社,少年画報社　∥　ショウネンガホウシャ=[1],no,[1]
tou-no-igakuroku,塔の医学録,3,秋田書店　∥　アキタショテン:2 | 秋田書店:1,秋田書店　∥　アキタショテン,秋田書店=[3],no,[3]
toudai-no-sanshimai,東大の三姉妹,3,小学館:2 | 小学館　∥　ショウガクカン:1,小学館,小学館　∥　ショウガクカン=[1],no,[1]
touhyou-game-anata-ni-kuroki-ippyou-o,投票げぇむあなたに黒き一票を,3,スクウェア・エニックス　∥　スクウェア ・ エニックス:2 | スクウェア・エニックス　∥　スクウェア エニックス:1,スクウェア・エニックス　∥　スクウェア ・ エニックス,スクウェア・エニックス　∥　スクウェア エニックス=[1],no,[1]
tousei-no-kalevala,凍星のカレワラ,3,竹書房　∥　タケ ショボウ:2 | 竹書房:1,竹書房　∥　タケ ショボウ,竹書房=[3],no,[3]
towako-san-no-senaka-wa-hiroi,十羽子さんの背中は広い,3,集英社:2 | 集英社　∥　シュウエイシャ:1,集英社,集英社　∥　シュウエイシャ=[1],no,[1]
tozaki-san-wa-boku-ni-dake-tsumetai,戸崎さんは僕にだけ冷たい,3,KADOKAWA:2 | KADOKAWA　∥　カドカワ:1,KADOKAWA,KADOKAWA　∥　カドカワ=[1],no,[1]
transnoid,トランスノイド,3,少年画報社　∥　ショウネンガホウシャ:2 | 少年画報社　∥　ショウネン ガホウシャ:1,少年画報社　∥　ショウネンガホウシャ,少年画報社　∥　ショウネン ガホウシャ=[1],no,[1]
ts-eiseihei-san-no-senjou-nikki,TS衛生兵さんの戦場日記,3,KADOKAWA:2 | KADOKAWA　∥　カドカワ:1,KADOKAWA,KADOKAWA　∥　カドカワ=[1],no,[1]
tsubaki,ツバキ,3,講談社　∥　コウダンシャ:2 | ぶんか社　∥　ブンカシャ:1,講談社　∥　コウダンシャ,ぶんか社　∥　ブンカシャ=[1],no,[1]
tsugi-ha-anata-ga-yarareru-ban-death,次はアナタがヤられる番です。,3,KADOKAWA　∥　カドカワ:2 | KADOKAWA:1,KADOKAWA　∥　カドカワ,KADOKAWA=[4],no,[4]
tsuihousareta-ouji-no-eiyuumon,追放王子の英雄紋!,3,[頒布]星雲社 (発売)　∥　セイウンシャ:2 | [頒布]星雲社　∥　セイウンシャ:1,[頒布]星雲社 (発売)　∥　セイウンシャ,[頒布]星雲社　∥　セイウンシャ=[3],no,[3]
tsuihousareta-ryoushu-no-kotou-kaitakuki,追放領主の孤島開拓記,3,[頒布]一二三書房　∥　ヒフミショボウ:1 | 一二三書房　∥　ヒフミショボウ:1 | 一二三書房:1,[頒布]一二三書房　∥　ヒフミショボウ,一二三書房　∥　ヒフミショボウ=[2];一二三書房=[3],no,"[2, 3]"
tsuihousareta-sareta-jogenshi-no-guild-keiei,追放された〈助言士〉のギルド経営,3,[頒布]星雲社:2 | [頒布]星雲社 (発売)　∥　セイウンシャ:1,[頒布]星雲社,[頒布]星雲社 (発売)　∥　セイウンシャ=[1],no,[1]
tsuihousareta-sareta-ore-ga-hazure-gift-honyaku-de-saikyou-party-musou-mamono-ya-mazoku-to-hanaseru,追放された俺が外れギフト『翻訳』で最強パーティー無双!～魔物や魔族と話せる能力を駆使して成り上がる～@COMIC,3,TOブックス　∥　ティーオーブックス:2 | TOブックス:1,TOブックス　∥　ティーオーブックス,TOブックス=[3],no,[3]
tsurugi-no-mai,つるぎのまい!,3,[発売]廣済堂あかつき出版事業部　∥　コウサイドウ アカツキ シュッパン ジギョウブ:2 | [発売]飛鳥新社　∥　アスカ シンシャ:1,[発売]廣済堂あかつき出版事業部　∥　コウサイドウ アカツキ シュッパン ジギョウブ,[発売]飛鳥新社　∥　アスカ シンシャ=[1],no,[1]
ubaware-seijo-to-noroware-kishidan-no-seiiki-hikikomori-surooraifu,奪われ聖女と呪われ騎士団の聖域引き篭もりスローライフ,3,KADOKAWA:2 | KADOKAWA　∥　カドカワ:1,KADOKAWA,KADOKAWA　∥　カドカワ=[1],no,[1]
uchi-no-inu-ga-tsuyosugirundesuga,うちの犬が強すぎるんですが!?,3,主婦と生活社:2 | 主婦と生活社　∥　シュフトセイカツシャ:1,主婦と生活社,主婦と生活社　∥　シュフトセイカツシャ=[1],no,[1]
uchi-no-ko-wa-mahou-shoujo-ni-naranai,うちの子は魔法少女にならない,3,少年画報社:2 | 少年画報社　∥　ショウネンガホウシャ:1,少年画報社,少年画報社　∥　ショウネンガホウシャ=[1],no,[1]
uchi-no-nee-chan-to-kitara,うちの姉ちゃんときたら!,3,フレックスコミックス　∥　フレックスコミックス:2 | [発売]ほるぷ出版　∥　ホルプシュッパン:1,フレックスコミックス　∥　フレックスコミックス,[発売]ほるぷ出版　∥　ホルプシュッパン=[1],no,[1]
uchi-no-ojou-sama-ga-hametsu-end-shika-nai-akuyaku-reijou-no-you-na-node-ore-ga-kyuusai-shitai-to,うちのお嬢様が破滅エンドしかない悪役令嬢のようなので俺が救済したいと思います。,3,スクウェア・エニックス　∥　スクウェア ・ エニックス:2 | スクウェア・エニックス:1,スクウェア・エニックス　∥　スクウェア ・ エニックス,スクウェア・エニックス=[3],no,[3]
udon-no-hito,うどんの女,3,祥伝社　∥　ショウデンシャ:2 | 祥伝社:1,祥伝社　∥　ショウデンシャ,祥伝社=[4],no,[4]
uesuta-no-daidokoro,ウェスタの台所,3,KADOKAWA:2 | KADOKAWA　∥　カドカワ:1,KADOKAWA,KADOKAWA　∥　カドカワ=[1],no,[1]
ukigumo-ni-kofu,浮き雲に恋ふ,3,オーバーラップ　∥　オーバーラップ:2 | オーバーラップ:1,オーバーラップ　∥　オーバーラップ,オーバーラップ=[3],no,[3]
umarekawaru-nara-inu-ga-ii,生まれ変わるなら犬がいい,3,徳間書店　∥　トクマ ショテン:2 | 徳間書店:1,徳間書店　∥　トクマ ショテン,徳間書店=[4],no,[4]
unmei-no-koibito-wa-kigen-tsuki,運命の恋人は期限付き,3,マイクロマガジン社　∥　マイクロマガジンシャ:2 | マイクロマガジン社:1,マイクロマガジン社　∥　マイクロマガジンシャ,マイクロマガジン社=[3],no,[3]
uodomo-mura-ki-tan,魚共村奇譚,3,少年画報社　∥　ショウネンガホウシャ:2 | 少年画報社:1,少年画報社　∥　ショウネンガホウシャ,少年画報社=[3],no,[3]
uragirareta-akutoku-joou-youjo-ni-natte-reiketsu-koutei-ni-hirowareru,裏切られた悪徳王女、幼女になって冷血皇帝に拾われる,3,実業之日本社:2 | 実業之日本社　∥　ジツギョウノニホンシャ:1,実業之日本社,実業之日本社　∥　ジツギョウノニホンシャ=[1],no,[1]
uranai-chan-wa-kimekirenai,占いちゃんは決めきれない!,3,[頒布]星雲社 (発売)　∥　セイウンシャ:2 | [頒布]星雲社　∥　セイウンシャ:1,[頒布]星雲社 (発売)　∥　セイウンシャ,[頒布]星雲社　∥　セイウンシャ=[3],no,[3]
urareta-joou-nanoni-shinkon-seikatsu-ga-shiawase-desu,売られた王女なのに新婚生活が幸せです,3,双葉社　∥　フタバシャ:2 | 双葉社:1,双葉社　∥　フタバシャ,双葉社=[3],no,[3]
urushi-uruhashi,うるしうるはし,3,秋田書店:2 | 秋田書店　∥　アキタショテン:1,秋田書店,秋田書店　∥　アキタショテン=[1],no,[1]
usagi-kotton-100-paasento,ウサギコットン100%,3,白泉社　∥　ハクセンシャ:2 | 白泉社:1,白泉社　∥　ハクセンシャ,白泉社=[3],no,[3]
usagi-no-tsuno,兎の角,3,[発売]角川グループパブリッシング　∥　カドカワ グループ パブリッシング:2 | [発売]角川グループパブリッシング　∥　カドカワグループパブリッシング:1,[発売]角川グループパブリッシング　∥　カドカワ グループ パブリッシング,[発売]角川グループパブリッシング　∥　カドカワグループパブリッシング=[3],no,[3]
usagi-to-taka-no-su,兎と鷹の巣,3,小学館:2 | 小学館　∥　ショウガクカン:1,小学館,小学館　∥　ショウガクカン=[1],no,[1]
ushiro-no-seki-no-gal-ni-sukarete-shimatta,うしろの席のぎゃるに好かれてしまった。,3,KADOKAWA:2 | KADOKAWA　∥　カドカワ:1,KADOKAWA,KADOKAWA　∥　カドカワ=[1],no,[1]
usotsu-koushaku-reijou-o-oshinokete-ouji-no-konyakusha-ni-natta-onna-ni-tensei,うそっ、侯爵令嬢を押し退けて王子の婚約者〈仮〉になった女に転生?,3,[頒布]星雲社:2 | [頒布]星雲社　∥　セイウンシャ:1,[頒布]星雲社,[頒布]星雲社　∥　セイウンシャ=[1],no,[1]
utsushicha-dame-na-kao,映しちゃダメな顔,3,[頒布]講談社:2 | [頒布]講談社　∥　コウダンシャ:1,[頒布]講談社,[頒布]講談社　∥　コウダンシャ=[1],no,[1]
vampire-romanshiki,ヴァンパイア浪漫式,3,秋田書店　∥　アキタショテン:2 | 秋田書店　∥　アキタ ショテン:1,秋田書店　∥　アキタショテン,秋田書店　∥　アキタ ショテン=[1],no,[1]
villain-no-gakkou,ヴィランの学校,3,新潮社　∥　シンチョウシャ:2 | 新潮社:1,新潮社　∥　シンチョウシャ,新潮社=[3],no,[3]
vivid-voice-party,VIVID VOICE PARTY,3,KADOKAWA:2 | KADOKAWA　∥　カドカワ:1,KADOKAWA,KADOKAWA　∥　カドカワ=[1],no,[1]
voynich-hotel,ヴォイニッチホテル,3,秋田書店　∥　アキタ ショテン:2 | 秋田書店　∥　アキタショテン:1,秋田書店　∥　アキタ ショテン,秋田書店　∥　アキタショテン=[3],no,[3]
waan-no-hitozakana,和庵のひと肴,3,少年画報社:2 | 少年画報社　∥　ショウネンガホウシャ:1,少年画報社,少年画報社　∥　ショウネンガホウシャ=[1],no,[1]
wagamama-diy,わがままDIY,3,インプレス　∥　インプレス:2 | [発売]インプレスコミュニケーションズ　∥　インプレスコミュニケーションズ:1,インプレス　∥　インプレス,[発売]インプレスコミュニケーションズ　∥　インプレスコミュニケーションズ=[1],no,[1]
wakaoku-sama-wa-shinobanai,若奥さまは忍ばない,3,双葉社　∥　フタバシャ:2 | 双葉社:1,双葉社　∥　フタバシャ,双葉社=[4],no,[4]
wakeari-hakushaku-sama-to-keiyaku-kekkon-shitara-gijou-rokusai-no-keiyaku-haha-ni-natte,訳あり伯爵様と契約結婚したら、義娘〈六歳〉の契約母になってしまいました。,3,KADOKAWA:2 | KADOKAWA　∥　カドカワ:1,KADOKAWA,KADOKAWA　∥　カドカワ=[1],no,[1]
wakeatte-hensou-shite-gakuen-ni-sennyuu-shite-imasu,ワケあって、変装して学園に潜入しています,3,主婦と生活社:2 | 主婦と生活社　∥　シュフトセイカツシャ:1,主婦と生活社,主婦と生活社　∥　シュフトセイカツシャ=[1],no,[1]
wakiyaku-no-watashi-ga-heroine-ni-naru-made,脇役の私がヒロインになるまで,3,KADOKAWA:2 | KADOKAWA　∥　カドカワ:1,KADOKAWA,KADOKAWA　∥　カドカワ=[1],no,[1]
wakuwaku-rokko-mooshon,わくわくろっこモーション,3,KADOKAWA　∥　カドカワ:2 | [発売]角川グループホールディングス　∥　カドカワグループホールディングス:1,KADOKAWA　∥　カドカワ,[発売]角川グループホールディングス　∥　カドカワグループホールディングス=[1],no,[1]
ware-ware-wa,ワレワレハ,3,講談社:2 | 講談社　∥　コウダンシャ:1,講談社,講談社　∥　コウダンシャ=[1],no,[1]
waruhame,ワルハメ,3,秋田書店:2 | 秋田書店　∥　アキタショテン:1,秋田書店,秋田書店　∥　アキタショテン=[1],no,[1]
watashi-dake-no-shutchou-host-kun,私だけの出張ホストくん,3,[頒布]講談社:2 | [頒布]講談社 (発売)　∥　コウダンシャ:1,[頒布]講談社,[頒布]講談社 (発売)　∥　コウダンシャ=[1],no,[1]
watashi-ga-shinde-manzoku-desu-ka,私が死んで満足ですか?,3,[頒布]星雲社:2 | [頒布]星雲社　∥　セイウンシャ:1,[頒布]星雲社,[頒布]星雲社　∥　セイウンシャ=[1],no,[1]
watashi-no-heya-no-neko-houdai,私の部屋の猫放題,3,学習研究社　∥　ガクシュウ ケンキュウシャ:1 | [発売]大都社　∥　ダイトシャ:1 | 大都社　∥　ダイトシャ:1,学習研究社　∥　ガクシュウ ケンキュウシャ,[発売]大都社　∥　ダイトシャ=[2];大都社　∥　ダイトシャ=[3],no,"[2, 3]"
watashi-o-koroshita-wankokei-kishi-sama-ga-yandere-ni-job-change-shite-kyou-mo-inochi-o-nerattekuru,私を殺したワンコ系騎士様が、ヤンデレにジョブチェンジして今日も命を狙ってくる,3,KADOKAWA　∥　カドカワ:2 | KADOKAWA:1,KADOKAWA　∥　カドカワ,KADOKAWA=[3],no,[3]
watashi-wa-akuyaku-reijou-nanka-ja-nai,私は悪役令嬢なんかじゃないっ!!,3,[頒布]星雲社 (発売)　∥　セイウンシャ:2 | [発売]星雲社　∥　セイウンシャ:1,[頒布]星雲社 (発売)　∥　セイウンシャ,[発売]星雲社　∥　セイウンシャ=[1],no,[1]
watashi-wa-nise-seijo-rashii-node-kyuutei-o-dete-ringoku-de-kurashimasu,私は偽聖女らしいので、宮廷を出て隣国で暮らします,3,KADOKAWA:2 | KADOKAWA　∥　カドカワ:1,KADOKAWA,KADOKAWA　∥　カドカワ=[1],no,[1]
watashitachi-no-hentai,私たちの変態。,3,大都社　∥　ダイトシャ:2 | 大都社:1,大都社　∥　ダイトシャ,大都社=[3],no,[3]
wataya-san-no-tomodachi,綿谷さんの友だち,3,コアミックス　∥　コア ミックス:2 | [発売]徳間書店　∥　トクマ ショテン:1,コアミックス　∥　コア ミックス,[発売]徳間書店　∥　トクマ ショテン=[1],no,[1]
wet-moon,Wet Moon,3,[発売]角川グループパブリッシング　∥　カドカワ グループ パブリッシング:1 | [発売]角川グループパブリッシング　∥　カドカワグループパブリッシング:1 | KADOKAWA　∥　カドカワ:1,[発売]角川グループパブリッシング　∥　カドカワ グループ パブリッシング,[発売]角川グループパブリッシング　∥　カドカワグループパブリッシング=[2];KADOKAWA　∥　カドカワ=[3],no,"[2, 3]"
wild-etchi-de-ishiki-tonjau,ワイルドえっちで意識トんじゃう!,3,[発売]祥伝社　∥　ショウデンシャ:2 | [頒布]祥伝社　∥　ショウデンシャ:1,[発売]祥伝社　∥　ショウデンシャ,[頒布]祥伝社　∥　ショウデンシャ=[3],no,[3]
will-sama-wa-kyou-mo-mahou-de-asonde-imasu,ウィル様は今日も魔法で遊んでいます。,3,[頒布]一二三書房　∥　ヒフミショボウ:2 | 一二三書房　∥　ヒフミショボウ:1,[頒布]一二三書房　∥　ヒフミショボウ,一二三書房　∥　ヒフミショボウ=[1],no,[1]
witch-craft-works-extra,ウィッチクラフトワークスEXTRA,3,講談社　∥　コウダンシャ:2 | 講談社:1,講談社　∥　コウダンシャ,講談社=[4],no,[4]
witch-hand-craft,ウィッチ・ハンド・クラフト,3,[頒布]講談社 (発売)　∥　コウダンシャ:2 | [頒布]講談社　∥　コウダンシャ:1,[頒布]講談社 (発売)　∥　コウダンシャ,[頒布]講談社　∥　コウダンシャ=[3],no,[3]
wotaku-douryou-to-gisou-kekkon-shita-kekka-mainichi-ga-metcha-tanoshiin-dakedo,オタク同僚と偽装結婚した結果、毎日がメッチャ楽しいんだけど!,3,KADOKAWA　∥　カドカワ:2 | KADOKAWA:1,KADOKAWA　∥　カドカワ,KADOKAWA=[4],no,[4]
wunderkammer,ヴンダーカンマー,3,竹書房:2 | 竹書房　∥　タケ ショボウ:1,竹書房,竹書房　∥　タケ ショボウ=[1],no,[1]
yabai-idol-no-manager-ni-nacchatta-hanashi,やばいアイドルのマネージャーになっちゃった話,3,[頒布]講談社:2 | [頒布]講談社　∥　コウダンシャ:1,[頒布]講談社,[頒布]講談社　∥　コウダンシャ=[1],no,[1]
yae-no-sakura,八重の桜,3,小学館　∥　ショウガクカン:2 | 集英社　∥　シュウエイシャ:1,小学館　∥　ショウガクカン,集英社　∥　シュウエイシャ=[1],no,[1]
yagi-san-yuubin,やぎさん郵便,3,[発売]リブレ出版　∥　リブレシュッパン:1 | [発売]リブレ出版　∥　リブレ シュッパン:1 | リブレ出版　∥　リブレ シュッパン:1,[発売]リブレ出版　∥　リブレシュッパン,[発売]リブレ出版　∥　リブレ シュッパン=[2];リブレ出版　∥　リブレ シュッパン=[3],no,"[2, 3]"
yamamoto-kun-no-seishun-revenge,山本君の青春リベンジ!,3,集英社　∥　シュウエイシャ:2 | 集英社:1,集英社　∥　シュウエイシャ,集英社=[3],no,[3]
yamato-shinsou-kaii-tan,ヤマト神想怪異譚,3,スクウェア・エニックス　∥　スクウェア ・ エニックス:2 | スクウェア・エニックス:1,スクウェア・エニックス　∥　スクウェア ・ エニックス,スクウェア・エニックス=[3],no,[3]
yami-ni-koi-shita-hitsuji-chan,闇に恋したひつじちゃん,3,[発売]角川グループパブリッシング　∥　カドカワ グループ パブリッシング:1 | KADOKAWA　∥　カドカワ:1,[発売]角川グループパブリッシング　∥　カドカワ グループ パブリッシング,KADOKAWA　∥　カドカワ=[3],yes,[3]
yankee-manga-ni-tensei-shitara-naze-souchou-ni-ezuke-dekiaisaretemasu,ヤンキー漫画に転生したら、何故か総長に餌付けされてます。,3,[頒布]講談社　∥　コウダンシャ:2 | [頒布]講談社:1,[頒布]講談社　∥　コウダンシャ,[頒布]講談社=[3],no,[3]
yasha-kohno-2023,夜者,3,双葉社　∥　フタバシャ:2 | 双葉社:1,双葉社　∥　フタバシャ,双葉社=[3],no,[3]
yatara-yarashii-fukami-kun,やたらやらしい深見くん,3,[頒布]星雲社:2 | [頒布]星雲社　∥　セイウンシャ:1,[頒布]星雲社,[頒布]星雲社　∥　セイウンシャ=[2],no,[2]
yayakoshii-mikantachi,ややこしい蜜柑たち,3,祥伝社　∥　ショウデンシャ:2 | 祥伝社:1,祥伝社　∥　ショウデンシャ,祥伝社=[3],no,[3]
yes-ka-noo-ka-hanbun-ka,イエスかノーか半分か,3,新書館　∥　シンショカン:2 | 新書館:1,新書館　∥　シンショカン,新書館=[3],no,[3]
yo-nimo-kahogo-na-maou-sama,世にも過保護な魔王サマ,3,講談社:2 | 講談社　∥　コウダンシャ:1,講談社,講談社　∥　コウダンシャ=[1],no,[1]
yoasobi-gurashi,よあそびぐらしっ!,3,[頒布]星雲社:2 | [頒布]星雲社　∥　セイウンシャ:1,[頒布]星雲社,[頒布]星雲社　∥　セイウンシャ=[2],no,[2]
yoisugi-mai-nyan,酔いすぎ!まいにゃん,3,KADOKAWA:2 | KADOKAWA　∥　カドカワ:1,KADOKAWA,KADOKAWA　∥　カドカワ=[1],no,[1]
yojouhan-ouhi,四畳半王妃,3,KADOKAWA　∥　カドカワ:2 | KADOKAWA:1,KADOKAWA　∥　カドカワ,KADOKAWA=[3],no,[3]
yoku-no-tatemae,慾のたてまえ,3,日本文芸社:2 | 日本文芸社　∥　ニホン ブンゲイシャ:1,日本文芸社,日本文芸社　∥　ニホン ブンゲイシャ=[1],no,[1]
yomega-kiss,ヨメガキッす,3,KADOKAWA　∥　カドカワ:2 | KADOKAWA:1,KADOKAWA　∥　カドカワ,KADOKAWA=[3],no,[3]
yomei-ichinen-to-senkoku-sareta-boku-ga-yomei-hantoshi-no-kimi-to-deatta-hanashi,余命一年と宣告された僕が、余命半年の君と出会った話,3,KADOKAWA　∥　カドカワ:2 | KADOKAWA:1,KADOKAWA　∥　カドカワ,KADOKAWA=[3],no,[3]
yonigeya-nikki,夜逃げ屋日記,3,KADOKAWA:2 | KADOKAWA　∥　カドカワ:1,KADOKAWA,KADOKAWA　∥　カドカワ=[2],no,[2]
yoru-no-coffee,夜の珈琲,3,スクウェア・エニックス　∥　スクウェア ・ エニックス:2 | スクウェア・エニックス　∥　スクウェア エニックス:1,スクウェア・エニックス　∥　スクウェア ・ エニックス,スクウェア・エニックス　∥　スクウェア エニックス=[1],no,[1]
yoru-no-lemon-ni-request,夜の檸檬にリクエスト,3,KADOKAWA:2 | KADOKAWA　∥　カドカワ:1,KADOKAWA,KADOKAWA　∥　カドカワ=[1],no,[1]
yoshiwara-hanaoboro,よしわら花おぼろ,3,[発売]角川グループパブリッシング　∥　カドカワグループパブリッシング:2 | [発売]角川グループパブリッシング　∥　カドカワ グループ パブリッシング:1,[発売]角川グループパブリッシング　∥　カドカワグループパブリッシング,[発売]角川グループパブリッシング　∥　カドカワ グループ パブリッシング=[1],no,[1]
youtoutsukai-ga-cheat-skill-o-motte-isekai-hourou,妖刀使いがチートスキルをもって異世界放浪,3,マッグガーデン　∥　マッグ ガーデン:2 | マッグガーデン:1,マッグガーデン　∥　マッグ ガーデン,マッグガーデン=[3],no,[3]
yowamushi-rollo,弱虫ロロ,3,講談社:2 | 講談社　∥　コウダンシャ:1,講談社,講談社　∥　コウダンシャ=[1],no,[1]
yumegahara-san-wa-yumemigachi,夢ヶ原さんは夢見がち!,3,双葉社　∥　フタバシャ:2 | 双葉社:1,双葉社　∥　フタバシャ,双葉社=[3],no,[3]
yuri-to-koe-to-kazematoi,百合と声と風纏い,3,[発売]サイゾー　∥　サイゾー:2 | [発売]れんが書房新社　∥　レンガショボウシンシャ:1,[発売]サイゾー　∥　サイゾー,[発売]れんが書房新社　∥　レンガショボウシンシャ=[3],no,[3]
yurizukushi-no-kyoushitsu-de,ゆりづくしの教室で,3,[頒布]講談社　∥　コウダンシャ:2 | [発売]講談社　∥　コウダンシャ:1,[頒布]講談社　∥　コウダンシャ,[発売]講談社　∥　コウダンシャ=[1],no,[1]
yuurei-san-to-furyou-ee,幽霊さんと不良A,3,KADOKAWA:2 | KADOKAWA　∥　カドカワ:1,KADOKAWA,KADOKAWA　∥　カドカワ=[1],no,[1]
yuusei-kamen,遊星仮面,3,[発売]パンローリング:2 | [発売]パンローリング　∥　パン ローリング:1,[発売]パンローリング,[発売]パンローリング　∥　パン ローリング=[2],no,[2]
yuusen-shoujo,有線少女,3,[発売]角川グループパブリッシング　∥　カドカワ グループ パブリッシング:1 | [発売]Kadokawa　∥　Kadokawa:1 | KADOKAWA　∥　カドカワ:1,[発売]角川グループパブリッシング　∥　カドカワ グループ パブリッシング,[発売]Kadokawa　∥　Kadokawa=[2];KADOKAWA　∥　カドカワ=[3],no,"[2, 3]"
yuusha-ni-minna-netoraretakedo-akiramezu-ni-tatakaou-kitto-saigo-wa-ore-ga-katsu,勇者にみんな寝取られたけど諦めずに戦おう。きっと最後は俺が勝つ。,3,竹書房　∥　タケ ショボウ:2 | 竹書房:1,竹書房　∥　タケ ショボウ,竹書房=[4],no,[4]
yuusha-sama-no-oshishou-sama,勇者様のお師匠様,3,キルタイムコミュニケーション　∥　キルタイムコミュニケーション:2 | キルタイムコミュニケーション:1,キルタイムコミュニケーション　∥　キルタイムコミュニケーション,キルタイムコミュニケーション=[3],no,[3]
yuusha-wa-osorezu,囿者は懼れず,3,スクウェア・エニックス　∥　スクウェア ・ エニックス:2 | スクウェア・エニックス:1,スクウェア・エニックス　∥　スクウェア ・ エニックス,スクウェア・エニックス=[3],no,[3]
yuushibu,勇しぶ。,3,スクウェア・エニックス　∥　スクウェア エニックス:2 | スクウェア・エニックス　∥　スクウェア ・ エニックス:1,スクウェア・エニックス　∥　スクウェア エニックス,スクウェア・エニックス　∥　スクウェア ・ エニックス=[3],no,[3]
yuuyuru-shikkoubu,ゆーゆる執行部,3,[発売]角川グループパブリッシング　∥　カドカワ グループ パブリッシング:2 | [発売]角川グループパブリッシング　∥　カドカワグループパブリッシング:1,[発売]角川グループパブリッシング　∥　カドカワ グループ パブリッシング,[発売]角川グループパブリッシング　∥　カドカワグループパブリッシング=[3],no,[3]
zako-niwa-kaji-ga-oniai-da-www-to-iwareta-kaji-level-9999-no-ore-tsuihousareta-sareta-node,「雑魚には鍛冶がお似合いだwww」と言われた鍛冶レベル9999の俺、追放されたので冒険者に転職する,3,ぶんか社　∥　ブンカシャ:2 | ぶんか社:1,ぶんか社　∥　ブンカシャ,ぶんか社=[3],no,[3]
zako-skill-to-tsuihousareta-sareta-kamitsukai-shin-no-chikara-ga-kakusei-shi-sekai-saikyou-ni,「雑魚スキル」と追放された紙使い、真の力が覚醒し世界最強に,3,双葉社:2 | 双葉社　∥　フタバシャ:1,双葉社,双葉社　∥　フタバシャ=[1],no,[1]
zannen-hakase,残念博士,3,[発売]角川グループパブリッシング　∥　カドカワグループパブリッシング:2 | [発売]角川グループパブリッシング　∥　カドカワ グループ パブリッシング:1,[発売]角川グループパブリッシング　∥　カドカワグループパブリッシング,[発売]角川グループパブリッシング　∥　カドカワ グループ パブリッシング=[1],no,[1]
zanzou-suroomooshon,残像スローモーション,3,講談社:2 | 講談社　∥　コウダンシャ:1,講談社,講談社　∥　コウダンシャ=[1],no,[1]
zetsurin-jigoku,絶倫地獄,3,[発売]星雲社　∥　セイウンシャ:2 | [頒布]星雲社 (発売)　∥　セイウンシャ:1,[発売]星雲社　∥　セイウンシャ,[頒布]星雲社 (発売)　∥　セイウンシャ=[3],no,[3]
zetsurin-yakuza-wa-dekiai-jouzu,絶倫ヤクザは溺愛上手!?,3,ハーパーコリンズ・ジャパン　∥　ハーパーコリンズジャパン:2 | ハーパーコリンズ・ジャパン:1,ハーパーコリンズ・ジャパン　∥　ハーパーコリンズジャパン,ハーパーコリンズ・ジャパン=[3],no,[3]
zettai-ni-yuuwaku-sarenai-otoko-vaasasu-zettai-ni-yuuwaku-suru-onna,絶対に誘惑されない男vs絶対に誘惑する女,3,KADOKAWA　∥　カドカワ:2 | KADOKAWA:1,KADOKAWA　∥　カドカワ,KADOKAWA=[3],no,[3]
zouhyou-monogatari,雑兵物語,3,リイド社　∥　リイドシャ:2 | リイド社:1,リイド社　∥　リイドシャ,リイド社=[3],no,[3]
1-yuuden-de-kaesanai-tatta-1tsu-no-houhou,終電で帰さない、たった1つの方法,2,一迅社　∥　イチジンシャ:1 | [発売]講談社　∥　コウダンシャ:1,一迅社　∥　イチジンシャ,[発売]講談社　∥　コウダンシャ=[2],no,[2]
2-nen-1-kumi-uchi-no-class-no-joshi-ga-yabai,2年1組うちのクラスの女子がヤバい,2,リイド社　∥　リイドシャ:1 | リイド社:1,リイド社　∥　リイドシャ,リイド社=[2],no,[2]
26-sai-shojo-charao-joushi-ni-dakaremashita,26歳処女、チャラ男上司に抱かれました,2,[頒布]星雲社　∥　セイウンシャ:1 | [頒布]星雲社:1,[頒布]星雲社　∥　セイウンシャ,[頒布]星雲社=[3],no,[3]
3-bonashi-no-shijimichan,3本足のしじみちゃん,2,[発売]集英社　∥　シュウエイシャ:1 | [頒布]集英社 (発売)　∥　シュウエイシャ:1,[発売]集英社　∥　シュウエイシャ,[頒布]集英社 (発売)　∥　シュウエイシャ=[2],no,[2]
3-nen-sangumi-tanaka-tarou,3年3組田中太郎,2,小学館　∥　ショウガクカン:1 | 小学館:1,小学館　∥　ショウガクカン,小学館=[2],no,[2]
30-sai-mojo-heisei-gal-ni-naru,30歳喪女、平成ギャルになる。,2,KADOKAWA　∥　カドカワ:1 | KADOKAWA:1,KADOKAWA　∥　カドカワ,KADOKAWA=[2],no,[2]
30dai-30-tabire-riiman-o-iyasu-nara-karada-de,30代くたびれリーマンを癒すならカラダで,2,[発売]大都社　∥　ダイトシャ:1 | 大都社　∥　ダイトシャ:1,[発売]大都社　∥　ダイトシャ,大都社　∥　ダイトシャ=[2],no,[2]
33-sai-kiyoraka-fujoshi-ga-toshishita-otoko-to-asagaeri,33歳清らか腐女子が年下男子と朝帰り!?,2,[発売]星雲社　∥　セイウンシャ:1 | [頒布]星雲社 (発売)　∥　セイウンシャ:1,[発売]星雲社　∥　セイウンシャ,[頒布]星雲社 (発売)　∥　セイウンシャ=[2],no,[2]
3ldk-no-hanako-san,3LDKの花子さん,2,秋田書店　∥　アキタ ショテン:1 | 秋田書店　∥　アキタショテン:1,秋田書店　∥　アキタ ショテン,秋田書店　∥　アキタショテン=[2],no,[2]
ablovecadabra,アブラブカダブラ,2,KADOKAWA　∥　カドカワ:1 | KADOKAWA:1,KADOKAWA　∥　カドカワ,KADOKAWA=[2],no,[2]
afurete-koborete-gaman-dekinai,溢れて零れて、我慢できない,2,竹書房　∥　タケ ショボウ:1 | 竹書房:1,竹書房　∥　タケ ショボウ,竹書房=[3],no,[3]
ageha,AGEHA,2,少年画報社　∥　ショウネン ガホウシャ:1 | 少年画報社　∥　ショウネンガホウシャ:1,少年画報社　∥　ショウネン ガホウシャ,少年画報社　∥　ショウネンガホウシャ=[2],no,[2]
ai-da-koi-da-no-shohousen,愛だ、恋だの処方箋,2,[頒布]講談社　∥　コウダンシャ:1 | [頒布]講談社:1,[頒布]講談社　∥　コウダンシャ,[頒布]講談社=[2],no,[2]
aijitsu-to-hanayome,愛日と花嫁,2,[頒布]講談社　∥　コウダンシャ:1 | [頒布]講談社:1,[頒布]講談社　∥　コウダンシャ,[頒布]講談社=[3],no,[3]
aiyoku-no-yuusuteia,穢翼のユースティア,2,[発売]角川グループパブリッシング　∥　カドカワグループパブリッシング:1 | [発売]KADOKAWA　∥　カドカワ:1,[発売]角川グループパブリッシング　∥　カドカワグループパブリッシング,[発売]KADOKAWA　∥　カドカワ=[2],no,[2]
aka-puro,あか☆ぷろ!!!,2,[発売]角川グループパブリッシング　∥　カドカワ グループ パブリッシング:1 | [発売]KADOKAWA　∥　カドカワ:1,[発売]角川グループパブリッシング　∥　カドカワ グループ パブリッシング,[発売]KADOKAWA　∥　カドカワ=[2],no,[2]
akage-no-nyanko-to-mori-no-banken,赤毛のにゃんこと森の番犬,2,三交社　∥　サンコウシャ:1 | CLAPコミックス　∥　クラップコミックス:1,三交社　∥　サンコウシャ,CLAPコミックス　∥　クラップコミックス=[2],no,[2]
akatsuki-no-ageha,朱月のアゲハ,2,[発売]角川グループパブリッシング　∥　カドカワグループパブリッシング:1 | [発売]KADOKAWA　∥　カドカワ:1,[発売]角川グループパブリッシング　∥　カドカワグループパブリッシング,[発売]KADOKAWA　∥　カドカワ=[2],no,[2]
akitsu,秋津,2,[発売]角川グループパブリッシング　∥　カドカワグループパブリッシング:1 | KADOKAWA　∥　カドカワ:1,[発売]角川グループパブリッシング　∥　カドカワグループパブリッシング,KADOKAWA　∥　カドカワ=[2],no,[2]
akuma-de-idol,悪魔でアイドル,2,秋田書店　∥　アキタショテン:1 | 秋田書店　∥　アキタ ショテン:1,秋田書店　∥　アキタショテン,秋田書店　∥　アキタ ショテン=[2],no,[2]
akuma-nisei,悪魔二世,2,KADOKAWA　∥　カドカワ:1 | KADOKAWA:1,KADOKAWA　∥　カドカワ,KADOKAWA=[2],no,[2]
akuyaku-reijou-shomin-ni-ochiru,悪役令嬢、庶民に堕ちる,2,[発売]幻冬舎　∥　ゲントウシャ:1 | [頒布]幻冬舎　∥　ゲントウシャ:1,[発売]幻冬舎　∥　ゲントウシャ,[頒布]幻冬舎　∥　ゲントウシャ=[2],no,[2]
akuyaku-reijou-wa-dance-ga-shitai,悪役令嬢はダンスがしたい,2,マイクロマガジン社　∥　マイクロマガジンシャ:1 | マイクロマガジン社:1,マイクロマガジン社　∥　マイクロマガジンシャ,マイクロマガジン社=[2],no,[2]
amagamisama,アマガミサマ,2,[発売]角川グループパブリッシング　∥　カドカワ グループ パブリッシング:1 | [発売]角川グループホールディングス　∥　カドカワグループホールディングス:1,[発売]角川グループパブリッシング　∥　カドカワ グループ パブリッシング,[発売]角川グループホールディングス　∥　カドカワグループホールディングス=[2],no,[2]
amagasa-san-no-nichinichi,雨傘さんちの日日,2,KADOKAWA　∥　カドカワ:1 | KADOKAWA:1,KADOKAWA　∥　カドカワ,KADOKAWA=[2],no,[2]
ame-to-hare-no-kaze-no-tabi,アメとハレの風の旅,2,徳間書店:1 | 徳間書店　∥　トクマ ショテン:1,徳間書店,徳間書店　∥　トクマ ショテン=[2],no,[2]
anata-de-fukuramu-watashi-no-peshanko,あなたでふくらむ、私のぺしゃんこ。,2,[発売]星雲社　∥　セイウンシャ:1 | [頒布]星雲社 (発売)　∥　セイウンシャ:1,[発売]星雲社　∥　セイウンシャ,[頒布]星雲社 (発売)　∥　セイウンシャ=[2],no,[2]
anata-ga-watashi-ni-kataru-koto,あなたが私に語ること,2,少年画報社　∥　ショウネン ガホウシャ:1 | 少年画報社　∥　ショウネンガホウシャ:1,少年画報社　∥　ショウネン ガホウシャ,少年画報社　∥　ショウネンガホウシャ=[2],no,[2]
anata-no-oyaku-ni-tatemasuka,あなたのお役に立てますか?,2,KADOKAWA　∥　カドカワ:1 | KADOKAWA:1,KADOKAWA　∥　カドカワ,KADOKAWA=[2],no,[2]
anata-o-korosu-tabi,あなたを殺す旅,2,秋田書店　∥　アキタショテン:1 | 徳間書店:1,秋田書店　∥　アキタショテン,徳間書店=[3],no,[3]
anata-wa-otto-ni-damasareteiru,あなたは夫に騙されている,2,秋水社 (発行元)　∥　シュウスイシャ (ハッコウ モト):1 | [頒布]青泉社　∥　セイセンシャ:1,秋水社 (発行元)　∥　シュウスイシャ (ハッコウ モト),[頒布]青泉社　∥　セイセンシャ=[2],no,[2]
andromalius,アンドロマリウス,2,メディアファクトリー:1 | KADOKAWA　∥　カドカワ:1,メディアファクトリー,KADOKAWA　∥　カドカワ=[3],no,[3]
angel-blood-abeno-2013,A+B-エンジェル+ブラッド-,2,[発売]角川グループパブリッシング　∥　カドカワグループパブリッシング:1 | [発売]KADOKAWA　∥　カドカワ:1,[発売]角川グループパブリッシング　∥　カドカワグループパブリッシング,[発売]KADOKAWA　∥　カドカワ=[2],no,[2]
animarubu-hazakura-chuugaku-animarubu,〔○ア〕部! 葉桜中学アニマル部,2,少年画報社　∥　ショウネン ガホウシャ:1 | 少年画報社　∥　ショウネンガホウシャ:1,少年画報社　∥　ショウネン ガホウシャ,少年画報社　∥　ショウネンガホウシャ=[2],no,[2]
ano-yoru-ni-michizure,あの夜に道連れ,2,CLAPコミックス　∥　クラップコミックス:1 | CLAPコミックス:1,CLAPコミックス　∥　クラップコミックス,CLAPコミックス=[2],no,[2]
anoko-ni-naisho-no-vtuber,あの子にナイショのVTuber!,2,KADOKAWA　∥　カドカワ:1 | KADOKAWA:1,KADOKAWA　∥　カドカワ,KADOKAWA=[2],no,[2]
anteikeeru-memowaaru,アンティケール・メモワール,2,スクウェア・エニックス　∥　スクウェア エニックス:1 | スクウェア・エニックス　∥　スクウェア ・ エニックス:1,スクウェア・エニックス　∥　スクウェア エニックス,スクウェア・エニックス　∥　スクウェア ・ エニックス=[2],no,[2]
aoi-kun-niwa-kanawanai,蒼井くんにはかなわない,2,[発売]講談社　∥　コウダンシャ:1 | [頒布]講談社　∥　コウダンシャ:1,[発売]講談社　∥　コウダンシャ,[頒布]講談社　∥　コウダンシャ=[2],no,[2]
aozora-haruka,蒼空はるか,2,アトリエ空のカケラ　∥　アトリエ ソラ ノ カケラ:1 | アトリエ空のカケラ　∥　アトリエソラノカケラ:1,アトリエ空のカケラ　∥　アトリエ ソラ ノ カケラ,アトリエ空のカケラ　∥　アトリエソラノカケラ=[2],no,[2]
araara-kashiko,あらあらかしこ,2,小学館　∥　ショウガクカン:1 | 小学館:1,小学館　∥　ショウガクカン,小学館=[3],no,[3]
asagiiro-no-saudaaji,あさぎ色のサウダージ,2,KADOKAWA　∥　カドカワ:1 | KADOKAWA:1,KADOKAWA　∥　カドカワ,KADOKAWA=[3],no,[3]
asahi-san-wa-nakasetai,アサヒさんは啼かせたい。,2,ふゅーじょんぷろだくと　∥　フュージョン プロダクト:1 | ふゅーじょんぷろだくと:1,ふゅーじょんぷろだくと　∥　フュージョン プロダクト,ふゅーじょんぷろだくと=[2],no,[2]
ashita-kimi-to-koi-o-shiru,あした、君と恋を知る,2,祥伝社　∥　ショウデンシャ:1 | 祥伝社:1,祥伝社　∥　ショウデンシャ,祥伝社=[3],no,[3]
ashita-no-koi-to-soramoyou,明日の恋と空模様,2,[発売]小学館クリエイティブ　∥　ショウガクカンクリエイティブ:1 | [頒布]小学館クリエイティブ (発売)　∥　ショウガクカンクリエイティブ:1,[発売]小学館クリエイティブ　∥　ショウガクカンクリエイティブ,[頒布]小学館クリエイティブ (発売)　∥　ショウガクカンクリエイティブ=[2],no,[2]
asurazu-raasu-kai,アスラズラース～廻KAI～,2,[発売]角川グループパブリッシング　∥　カドカワ グループ パブリッシング:1 | [発売]角川グループパブリッシング　∥　カドカワグループパブリッシング:1,[発売]角川グループパブリッシング　∥　カドカワ グループ パブリッシング,[発売]角川グループパブリッシング　∥　カドカワグループパブリッシング=[2],no,[2]
ayakashi-koukyuu-no-keiyakuhi,あやかし後宮の契約妃,2,KADOKAWA　∥　カドカワ:1 | KADOKAWA:1,KADOKAWA　∥　カドカワ,KADOKAWA=[2],no,[2]
baacharu-kun-wa-otonari-san-kara-nigetai,バーチャルくんはおとなりさんから逃げたい,2,コスミック出版　∥　コスミック シュッパン:1 | KADOKAWA:1,コスミック出版　∥　コスミック シュッパン,KADOKAWA=[2],no,[2]
back-rank,バックランク,2,講談社　∥　コウダンシャ:1 | 講談社:1,講談社　∥　コウダンシャ,講談社=[3],no,[3]
baitosaki-no-senpai-ga-koukousei-janakatta-hanashi,バイト先の先輩が高校生じゃなかった話,2,KADOKAWA　∥　カドカワ:1 | KADOKAWA:1,KADOKAWA　∥　カドカワ,KADOKAWA=[3],no,[3]
baka-onna-26-ji,バカ女26時,2,集英社　∥　シュウエイシャ:1 | 集英社:1,集英社　∥　シュウエイシャ,集英社=[3],no,[3]
bakumatsu-alien,幕末ヱイリアン,2,[発売]角川グループパブリッシング　∥　カドカワグループパブリッシング:1 | [発売]角川グループホールディングス　∥　カドカワグループホールディングス:1,[発売]角川グループパブリッシング　∥　カドカワグループパブリッシング,[発売]角川グループホールディングス　∥　カドカワグループホールディングス=[2],no,[2]
banana-wa-ane-ni-hairimasuka,バナナは姉に入りますか?,2,秋田書店　∥　アキタ ショテン:1 | 秋田書店　∥　アキタショテン:1,秋田書店　∥　アキタ ショテン,秋田書店　∥　アキタショテン=[2],no,[2]
bara-na-mainichi,薔薇なまいにち,2,集英社　∥　シュウエイシャ:1 | 集英社:1,集英社　∥　シュウエイシャ,集英社=[3],no,[3]
baransu-porishii,バランスポリシー,2,少年画報社　∥　ショウネン ガホウシャ:1 | 少年画報社　∥　ショウネンガホウシャ:1,少年画報社　∥　ショウネン ガホウシャ,少年画報社　∥　ショウネンガホウシャ=[2],no,[2]
barezuni-dekitara-gohoubi-yaruyo,バレずにデキたらご褒美やるよ,2,[発売]星雲社　∥　セイウンシャ:1 | [頒布]星雲社 (発売)　∥　セイウンシャ:1,[発売]星雲社　∥　セイウンシャ,[頒布]星雲社 (発売)　∥　セイウンシャ=[2],no,[2]
belles-ruelles,BELLES RUELLES,2,実業之日本社　∥　ジツギョウノニホンシャ:1 | 実業之日本社:1,実業之日本社　∥　ジツギョウノニホンシャ,実業之日本社=[3],no,[3]
bi-no-kyoujin,媚の凶刃,2,リブレ出版　∥　リブレ シュッパン:1 | [発売]リブレ出版　∥　リブレ シュッパン:1,リブレ出版　∥　リブレ シュッパン,[発売]リブレ出版　∥　リブレ シュッパン=[2],no,[2]
bijin-sugiru-josou-deka-toudou-san,美人すぎる女装刑事藤堂さん,2,KADOKAWA　∥　カドカワ:1 | KADOKAWA:1,KADOKAWA　∥　カドカワ,KADOKAWA=[2],no,[2]
binwan-joushi-to-oboreru-koi-pafuyuumu,敏腕上司と溺れる恋～Perfume～,2,[頒布]フランス書院　∥　フランスショイン:1 | [頒布]フランス書院:1,[頒布]フランス書院　∥　フランスショイン,[頒布]フランス書院=[2],no,[2]
bitter-playmate,ビタープレイメイト,2,祥伝社　∥　ショウデンシャ:1 | 祥伝社:1,祥伝社　∥　ショウデンシャ,祥伝社=[3],no,[3]
black-rockshooter-the-game,BLACK★ROCKSHOOTER THE GAME,2,[発売]角川グループパブリッシング　∥　カドカワ グループ パブリッシング:1 | [発売]角川グループパブリッシング　∥　カドカワグループパブリッシング:1,[発売]角川グループパブリッシング　∥　カドカワ グループ パブリッシング,[発売]角川グループパブリッシング　∥　カドカワグループパブリッシング=[2],no,[2]
bloody-maiden,BLOODY MAIDEN,2,[発売]角川グループパブリッシング　∥　カドカワ グループ パブリッシング:1 | [発売]角川グループパブリッシング　∥　カドカワグループパブリッシング:1,[発売]角川グループパブリッシング　∥　カドカワ グループ パブリッシング,[発売]角川グループパブリッシング　∥　カドカワグループパブリッシング=[2],no,[2]
boku-no-kanojo-wa-haru-o-uru,僕の彼女は春を売る,2,芳文社　∥　ホウブンシャ:1 | 芳文社:1,芳文社　∥　ホウブンシャ,芳文社=[3],no,[3]
boku-no-mawari-no-uchuujin,僕のまわりの宇宙人,2,[発売]角川グループパブリッシング　∥　カドカワ グループ パブリッシング:1 | [発売]角川グループパブリッシング　∥　カドカワグループパブリッシング:1,[発売]角川グループパブリッシング　∥　カドカワ グループ パブリッシング,[発売]角川グループパブリッシング　∥　カドカワグループパブリッシング=[2],yes,[2]
boku-no-osananajimi,僕の幼馴染み,2,[発売]幻冬舎　∥　ゲントウシャ:1 | [頒布]幻冬舎　∥　ゲントウシャ:1,[発売]幻冬舎　∥　ゲントウシャ,[頒布]幻冬舎　∥　ゲントウシャ=[2],no,[2]
bokura-ha-minna-ndeiru,ぼくらはみんな*んでいる,2,スクウェア・エニックス　∥　スクウェア ・ エニックス:1 | スクウェア・エニックス:1,スクウェア・エニックス　∥　スクウェア ・ エニックス,スクウェア・エニックス=[3],no,[3]
bokura-no-hikari-club,ぼくらの☆ひかりクラブ,2,太田出版　∥　オオタ シュッパン:1 | 太田出版　∥　オオタシュッパン:1,太田出版　∥　オオタ シュッパン,太田出版　∥　オオタシュッパン=[2],no,[2]
bokura-no-shokutaku,僕らの食卓,2,[発売]幻冬舎　∥　ゲントウシャ:1 | [頒布]幻冬舎:1,[発売]幻冬舎　∥　ゲントウシャ,[頒布]幻冬舎=[2],no,[2]
border-break-na,ボーダーブレイクNA,2,[発売]角川グループパブリッシング　∥　カドカワ グループ パブリッシング:1 | [発売]角川グループパブリッシング　∥　カドカワグループパブリッシング:1,[発売]角川グループパブリッシング　∥　カドカワ グループ パブリッシング,[発売]角川グループパブリッシング　∥　カドカワグループパブリッシング=[2],no,[2]
botchama-wa-kyou-mo-ijirareru,ぼっちゃまは今日もイジられる,2,一迅社　∥　イチジンシャ:1 | [発売]講談社　∥　コウダンシャ:1,一迅社　∥　イチジンシャ,[発売]講談社　∥　コウダンシャ=[2],no,[2]
brothers-conflict-feat-natsume,BROTHERS CONFLICT feat.Natsume,2,[発売]KADOKAWA　∥　カドカワ:1 | KADOKAWA　∥　カドカワ:1,[発売]KADOKAWA　∥　カドカワ,KADOKAWA　∥　カドカワ=[2],no,[2]
brothers-conflict-purupuru,ぶらざーずこんふりくとぷるぷる,2,[発売]角川グループホールディングス　∥　カドカワグループホールディングス:1 | [発売]KADOKAWA　∥　カドカワ:1,[発売]角川グループホールディングス　∥　カドカワグループホールディングス,[発売]KADOKAWA　∥　カドカワ=[2],no,[2]
bullbuster,ブルバスター,2,KADOKAWA　∥　カドカワ:1 | KADOKAWA:1,KADOKAWA　∥　カドカワ,KADOKAWA=[2],no,[2]
byebyebye,バイバイバイ,2,集英社　∥　シュウエイシャ:1 | 集英社:1,集英社　∥　シュウエイシャ,集英社=[2],no,[2]
camera-baka-ni-tsukeru-kusuri,カメラバカにつける薬,2,インプレス　∥　インプレス:1 | インプレス:1,インプレス　∥　インプレス,インプレス=[4],no,[4]
castle-mango,キャッスルマンゴー,2,東京漫画社　∥　トウキョウ マンガシャ:1 | 東京漫画社　∥　トウキョウマンガシャ:1,東京漫画社　∥　トウキョウ マンガシャ,東京漫画社　∥　トウキョウマンガシャ=[2],no,[2]
chichuu-sekai-no-survival,地中世界のサバイバル,2,朝日新聞出版:1 | 朝日新聞出版　∥　アサヒシンブンシュッパン:1,朝日新聞出版,朝日新聞出版　∥　アサヒシンブンシュッパン=[2],no,[2]
chimidoro-aisukuriimu,ちみどろアイスクリーム,2,芳文社　∥　ホウブンシャ:1 | 芳文社:1,芳文社　∥　ホウブンシャ,芳文社=[2],no,[2]
chiteikai-kidan,地底界奇談,2,スクウェア・エニックス　∥　スクウェア ・ エニックス:1 | スクウェア・エニックス:1,スクウェア・エニックス　∥　スクウェア ・ エニックス,スクウェア・エニックス=[2],no,[2]
chou-ten-chan,超てんちゃん!,2,KADOKAWA　∥　カドカワ:1 | KADOKAWA:1,KADOKAWA　∥　カドカワ,KADOKAWA=[3],no,[3]
choujigen-geimu-neputeyuunu-hello-new-world,超次元ゲイムネプテューヌはろーにゅーわーるど,2,[発売]KADOKAWA　∥　カドカワ:1 | KADOKAWA　∥　カドカワ:1,[発売]KADOKAWA　∥　カドカワ,KADOKAWA　∥　カドカワ=[2],no,[2]
choukoudou-shujin,澄江堂主人,2,[発売]角川グループパブリッシング　∥　カドカワ グループ パブリッシング:1 | [発売]角川グループパブリッシング　∥　カドカワグループパブリッシング:1,[発売]角川グループパブリッシング　∥　カドカワ グループ パブリッシング,[発売]角川グループパブリッシング　∥　カドカワグループパブリッシング=[2],no,[2]
chun-no-ongaeshi,チュンの恩返し,2,双葉社　∥　フタバシャ:1 | 双葉社:1,双葉社　∥　フタバシャ,双葉社=[2],no,[2]
chuugoku-koujou-no-kotone-chan,中国工場の琴音ちゃん,2,一迅社　∥　イチジンシャ:1 | [発売]講談社　∥　コウダンシャ:1,一迅社　∥　イチジンシャ,[発売]講談社　∥　コウダンシャ=[2],no,[2]
chuumon-no-ooi-mahoutsukai,注文の多い魔法使い,2,[頒布]講談社　∥　コウダンシャ:1 | [頒布]講談社:1,[頒布]講談社　∥　コウダンシャ,[頒布]講談社=[2],no,[2]
color-recipe,カラーレシピ,2,KADOKAWA　∥　カドカワ:1 | 新書館　∥　シンショカン:1,KADOKAWA　∥　カドカワ,新書館　∥　シンショカン=[3],no,[3]
comic-higashino-keigo-mystery-2014,コミック東野圭吾ミステリー,2,実業之日本社　∥　ジツギョウ ノ ニホンシャ:1 | 秋田書店　∥　アキタ ショテン:1,実業之日本社　∥　ジツギョウ ノ ニホンシャ,秋田書店　∥　アキタ ショテン=[2],yes,[2]
comic-higashino-keigo-mystery,コミック東野圭吾ミステリー,2,実業之日本社　∥　ジツギョウ ノ ニホンシャ:1 | 秋田書店　∥　アキタ ショテン:1,実業之日本社　∥　ジツギョウ ノ ニホンシャ,秋田書店　∥　アキタ ショテン=[2],yes,[2]
cosmo-vs,コスモVS!,2,小学館　∥　ショウガクカン:1 | 小学館:1,小学館　∥　ショウガクカン,小学館=[2],no,[2]
curry-sawa-kaoru-otoko-o-kataru,カレー沢薫、漢を語る,2,KADOKAWA　∥　カドカワ:1 | KADOKAWA:1,KADOKAWA　∥　カドカワ,KADOKAWA=[2],no,[2]
d-h,D×H,2,ジャイブ:1 | ジャイブ　∥　ジャイブ:1,ジャイブ,ジャイブ　∥　ジャイブ=[2],no,[2]
da-capo-3,D.C.Ⅲ～ダ・カーポⅢ～,2,[発売]角川グループホールディングス　∥　カドカワグループホールディングス:1 | KADOKAWA　∥　カドカワ:1,[発売]角川グループホールディングス　∥　カドカワグループホールディングス,KADOKAWA　∥　カドカワ=[3],no,[3]
dai-toshokan-no-hitsujikai-lovely-raiburarianzu,大図書館の羊飼いLovely・Librarians,2,[発売]角川グループパブリッシング　∥　カドカワグループパブリッシング:1 | KADOKAWA　∥　カドカワ:1,[発売]角川グループパブリッシング　∥　カドカワグループパブリッシング,KADOKAWA　∥　カドカワ=[2],no,[2]
daisuki-na-hito-nanoni-sefure-keiyaku-musunjaimashita,大好きな人なのにセフレ契約結んじゃいました…,2,ジュネット　∥　ジュネット:1 | ジュネット:1,ジュネット　∥　ジュネット,ジュネット=[3],no,[3]
daitoshokan-no-hitsujikai-za-little-rutora-rutora,大図書館の羊飼い the Little Lutra lutra,2,[発売]角川グループパブリッシング　∥　カドカワグループパブリッシング:1 | [発売]角川グループホールディングス　∥　カドカワグループホールディングス:1,[発売]角川グループパブリッシング　∥　カドカワグループパブリッシング,[発売]角川グループホールディングス　∥　カドカワグループホールディングス=[2],no,[2]
dakara-kanojo-wa-kare-o-kau,だから、彼女は彼を買う。,2,オーバーラップ　∥　オーバーラップ:1 | オーバーラップ:1,オーバーラップ　∥　オーバーラップ,オーバーラップ=[2],no,[2]
dangerous-share,DANGEROUSシェア,2,エンターブレイン:1 | [発売]角川グループパブリッシング　∥　カドカワ グループ パブリッシング:1,エンターブレイン,[発売]角川グループパブリッシング　∥　カドカワ グループ パブリッシング=[2],no,[2]
danna-ga-totsuzen-shinimashita,旦那が突然死にました。,2,[発売]インプレス　∥　インプレス:1 | [頒布]インプレス:1,[発売]インプレス　∥　インプレス,[頒布]インプレス=[2],no,[2]
danna-no-fun-ni-korosareta-mob-seijo-wa-gendai-meshi-de-flag-o-heshiorimasu,旦那のファンに殺されたモブ聖女は、現代飯でフラグをへし折ります,2,スクウェア・エニックス　∥　スクウェア ・ エニックス:1 | スクウェア・エニックス:1,スクウェア・エニックス　∥　スクウェア ・ エニックス,スクウェア・エニックス=[2],no,[2]
danna-sama-to-watashi,ダンナ様と私,2,秋田書店　∥　アキタショテン:1 | 秋田書店　∥　アキタ ショテン:1,秋田書店　∥　アキタショテン,秋田書店　∥　アキタ ショテン=[2],no,[2]
danna-sama-wa-niizuma-o-yosougai-ni-aishisugitemasu,旦那様は新妻を〈予想外に〉愛しすぎてます,2,ハーパーコリンズ・ジャパン　∥　ハーパーコリンズジャパン:1 | ハーパーコリンズ・ジャパン:1,ハーパーコリンズ・ジャパン　∥　ハーパーコリンズジャパン,ハーパーコリンズ・ジャパン=[2],no,[2]
danshikou-no-seitai,男子校の生態,2,KADOKAWA　∥　カドカワ:1 | KADOKAWA:1,KADOKAWA　∥　カドカワ,KADOKAWA=[3],no,[3]
dansou-shoujo-cosplay-jienikku,男装少女×コスプレジェニック,2,[発売]角川グループパブリッシング　∥　カドカワグループパブリッシング:1 | [発売]KADOKAWA　∥　カドカワ:1,[発売]角川グループパブリッシング　∥　カドカワグループパブリッシング,[発売]KADOKAWA　∥　カドカワ=[2],no,[2]
danzai-ibe-kaihi-no-tame-ni-akuyaku-reijou-kara-patissier-ni-job-change-itashimasu,断罪イベ回避のために、悪役令嬢からパティシエにジョブチェンジいたします!,2,コスミック出版　∥　コスミック シュッパン:1 | コスミック出版:1,コスミック出版　∥　コスミック シュッパン,コスミック出版=[2],no,[2]
danzai-no-rinshishi,断罪の臨死士,2,秋田書店　∥　アキタショテン:1 | 秋田書店:1,秋田書店　∥　アキタショテン,秋田書店=[2],no,[2]
dare-nimo-aisarenai,誰にも愛されない,2,リブレ出版　∥　リブレ シュッパン:1 | 竹書房　∥　タケ ショボウ:1,リブレ出版　∥　リブレ シュッパン,竹書房　∥　タケ ショボウ=[3],no,[3]
dark-alice,DARK ALICE,2,[発売]書苑新社　∥　ショエンシンシャ:1 | [頒布]書苑新社 (発売)　∥　ショエンシンシャ:1,[発売]書苑新社　∥　ショエンシンシャ,[頒布]書苑新社 (発売)　∥　ショエンシンシャ=[2],no,[2]
daruma-kagura,ダルマ・カグラ,2,ワニブックス　∥　ワニ ブックス:1 | ワニブックス　∥　ワニブックス:1,ワニブックス　∥　ワニ ブックス,ワニブックス　∥　ワニブックス=[2],no,[2]
datte-sukinandamon-2013,だって好きなんだもん!,2,秋田書店　∥　アキタ ショテン:1 | 秋田書店　∥　アキタショテン:1,秋田書店　∥　アキタ ショテン,秋田書店　∥　アキタショテン=[2],no,[2]
dear-anemone,Dear Anemone,2,集英社　∥　シュウエイシャ:1 | 集英社:1,集英社　∥　シュウエイシャ,集英社=[2],no,[2]
dekichatta-otoko,できちゃった男子,2,リブレ出版　∥　リブレ シュッパン:1 | リブレ　∥　リブレ:1,リブレ出版　∥　リブレ シュッパン,リブレ　∥　リブレ=[2],no,[2]
demi-life,デミライフ!,2,一迅社　∥　イチジンシャ:1 | [発売]講談社　∥　コウダンシャ:1,一迅社　∥　イチジンシャ,[発売]講談社　∥　コウダンシャ=[2],no,[2]
demon-possession,デモンポゼッション,2,[発売]KADOKAWA　∥　カドカワ:1 | KADOKAWA　∥　カドカワ:1,[発売]KADOKAWA　∥　カドカワ,KADOKAWA　∥　カドカワ=[2],no,[2]
doku-no-okurimono,ドクの贈物,2,集英社　∥　シュウエイシャ:1 | 集英社:1,集英社　∥　シュウエイシャ,集英社=[2],no,[2]
doro-no-onnatsuushin,泥の女通信,2,太田出版　∥　オオタシュッパン:1 | WeComix　∥　ウィーコミックス:1,太田出版　∥　オオタシュッパン,WeComix　∥　ウィーコミックス=[2],no,[2]
dou-ganbattemo-etchi-ni-natchau-osananajimi,どう頑張ってもHになっちゃう幼なじみ,2,講談社　∥　コウダンシャ:1 | 講談社:1,講談社　∥　コウダンシャ,講談社=[3],no,[3]
double-revenge,ダブルリベンジ,2,楽楽出版　∥　ラクラク シュッパン:1 | ぶんか社　∥　ブンカシャ:1,楽楽出版　∥　ラクラク シュッパン,ぶんか社　∥　ブンカシャ=[2],no,[2]
douse-shinu-nara-kiss-shitai,どうせ死ぬならキスしたい!,2,講談社　∥　コウダンシャ:1 | 講談社:1,講談社　∥　コウダンシャ,講談社=[2],no,[2]
doutei-eshi-no-isekai-fasshon-kakumei,童貞絵師の異世界ファッション革命,2,少年画報社　∥　ショウネンガホウシャ:1 | 少年画報社:1,少年画報社　∥　ショウネンガホウシャ,少年画報社=[2],no,[2]
dragon-fly,DRAGON FLY,2,ワニマガジン社　∥　ワニ マガジンシャ:1 | ワニマガジン社　∥　ワニマガジンシャ:1,ワニマガジン社　∥　ワニ マガジンシャ,ワニマガジン社　∥　ワニマガジンシャ=[2],no,[2]
dramatical-murder,DRAMAtical Murder,2,[発売]角川グループパブリッシング　∥　カドカワグループパブリッシング:1 | KADOKAWA　∥　カドカワ:1,[発売]角川グループパブリッシング　∥　カドカワグループパブリッシング,KADOKAWA　∥　カドカワ=[2],no,[2]
dream-club-destiny,ドリームクラブdestiny,2,ジャイブ:1 | ジャイブ　∥　ジャイブ:1,ジャイブ,ジャイブ　∥　ジャイブ=[2],no,[2]
dress-na-boku-ga-yangotonaki-katagata-no-katei-kyoushi-sama-na-ken,ドレスな僕がやんごとなき方々の家庭教師様な件,2,[発売]角川グループパブリッシング　∥　カドカワ グループ パブリッシング:1 | [発売]角川グループパブリッシング　∥　カドカワグループパブリッシング:1,[発売]角川グループパブリッシング　∥　カドカワ グループ パブリッシング,[発売]角川グループパブリッシング　∥　カドカワグループパブリッシング=[2],no,[2]
drug-drop,ドラッグ＆ドロップ,2,[発売]角川グループパブリッシング　∥　カドカワグループパブリッシング:1 | KADOKAWA　∥　カドカワ:1,[発売]角川グループパブリッシング　∥　カドカワグループパブリッシング,KADOKAWA　∥　カドカワ=[2],no,[2]
e-kekkon-tte-3-jigen-demo-dekirundesu-ka,え?結婚って3次元でもできるんですか?,2,芳文社　∥　ホウブンシャ:1 | 芳文社:1,芳文社　∥　ホウブンシャ,芳文社=[2],no,[2]
eden-2021,エデン,2,[発売]角川グループパブリッシング　∥　カドカワ グループ パブリッシング:1 | 少年画報社　∥　ショウネンガホウシャ:1,[発売]角川グループパブリッシング　∥　カドカワ グループ パブリッシング,少年画報社　∥　ショウネンガホウシャ=[2],no,[2]
eden-sakurazawa-2014,エデン,2,[発売]角川グループパブリッシング　∥　カドカワ グループ パブリッシング:1 | [発売]集英社　∥　シュウエイシャ:1,[発売]角川グループパブリッシング　∥　カドカワ グループ パブリッシング,[発売]集英社　∥　シュウエイシャ=[3],no,[3]
eichi-na-video-wa-suki-desu-ka,叡智なビデオは好きですか?,2,KADOKAWA　∥　カドカワ:1 | KADOKAWA　∥　KADOKAWA:1,KADOKAWA　∥　カドカワ,KADOKAWA　∥　KADOKAWA=[2],no,[2]
eien-o-chikau-girishia,永遠を誓うギリシア,2,ハーレクイン　∥　ハーレクイン:1 | ハーパーコリンズ・ジャパン　∥　ハーパーコリンズ ・ ジャパン:1,ハーレクイン　∥　ハーレクイン,ハーパーコリンズ・ジャパン　∥　ハーパーコリンズ ・ ジャパン=[2],no,[2]
eikoku-hakushaku-to-geshukunin-no-mitsugoto,英国伯爵と下宿人の密事,2,オークラ出版　∥　オークラ シュッパン:1 | オークラ出版:1,オークラ出版　∥　オークラ シュッパン,オークラ出版=[2],no,[2]
eikoku-rouman-giga-forest-aibii,英国浪漫戯画フォレストアイビー,2,KADOKAWA　∥　カドカワ:1 | KADOKAWA:1,KADOKAWA　∥　カドカワ,KADOKAWA=[2],no,[2]
eiyuu-senki,英雄*戦姫,2,[発売]角川グループパブリッシング　∥　カドカワグループパブリッシング:1 | [発売]角川グループホールディングス　∥　カドカワグループホールディングス:1,[発売]角川グループパブリッシング　∥　カドカワグループパブリッシング,[発売]角川グループホールディングス　∥　カドカワグループホールディングス=[2],yes,[2]
elegy,悲歌,2,秋田書店　∥　アキタ ショテン:1 | 秋田書店:1,秋田書店　∥　アキタ ショテン,秋田書店=[2],no,[2]
elf-sensei-no-toire-wa-doko-desuka,エルフ先生のトイレはどこですか?,2,KADOKAWA　∥　カドカワ:1 | KADOKAWA:1,KADOKAWA　∥　カドカワ,KADOKAWA=[2],no,[2]
elite-joushi-wa-kyuuai-no-kikai-o-nogasanai,エリート上司は求愛の機会を逃さない,2,[頒布]星雲社 (発売)　∥　セイウンシャ:1 | [頒布]星雲社　∥　セイウンシャ:1,[頒布]星雲社 (発売)　∥　セイウンシャ,[頒布]星雲社　∥　セイウンシャ=[2],no,[2]
elite-keishi-no-dokusenyoku-ni-karametorare-dekiai-sarete-imasu,エリート警視の独占欲に絡めとられ溺愛されています,2,ハーパーコリンズ・ジャパン　∥　ハーパーコリンズジャパン:1 | ハーパーコリンズ・ジャパン:1,ハーパーコリンズ・ジャパン　∥　ハーパーコリンズジャパン,ハーパーコリンズ・ジャパン=[2],no,[2]
end-of-eternity-the-secret-hours,エンドオブエタニティザ・シークレットアワーズ,2,[発売]角川グループパブリッシング　∥　カドカワ グループ パブリッシング:1 | [発売]角川グループパブリッシング　∥　カドカワグループパブリッシング:1,[発売]角川グループパブリッシング　∥　カドカワ グループ パブリッシング,[発売]角川グループパブリッシング　∥　カドカワグループパブリッシング=[2],no,[2]
engage-knight,エンゲージナイト,2,[発売]角川グループパブリッシング　∥　カドカワ グループ パブリッシング:1 | [発売]角川グループパブリッシング　∥　カドカワグループパブリッシング:1,[発売]角川グループパブリッシング　∥　カドカワ グループ パブリッシング,[発売]角川グループパブリッシング　∥　カドカワグループパブリッシング=[2],yes,[2]
enomoto-shunji-no-charisma-ikuji,榎本俊二のカリスマ育児,2,秋田書店　∥　アキタ ショテン:1 | 秋田書店　∥　アキタショテン:1,秋田書店　∥　アキタ ショテン,秋田書店　∥　アキタショテン=[2],no,[2]
erashiko,えらしこ,2,秋田書店　∥　アキタショテン:1 | 秋田書店　∥　アキタ ショテン:1,秋田書店　∥　アキタショテン,秋田書店　∥　アキタ ショテン=[2],yes,[2]
escape-into-the-light,Escape into the light,2,芳文社　∥　ホウブンシャ:1 | 芳文社:1,芳文社　∥　ホウブンシャ,芳文社=[2],no,[2]
esu-kyuu-party-kara-tsuihousareta-sareta-kariudo-jitsu-wa-sekai-saikyou,S級パーティーから追放された狩人、実は世界最強,2,双葉社　∥　フタバシャ:1 | 双葉社:1,双葉社　∥　フタバシャ,双葉社=[3],no,[3]
figure-shifters,フィギュアシフターズ,2,[発売]KADOKAWA　∥　カドカワ:1 | KADOKAWA　∥　KADOKAWA:1,[発売]KADOKAWA　∥　カドカワ,KADOKAWA　∥　KADOKAWA=[2],no,[2]
food-court-de-mata-ashita,フードコートで、また明日。,2,KADOKAWA　∥　カドカワ:1 | KADOKAWA:1,KADOKAWA　∥　カドカワ,KADOKAWA=[2],no,[2]
fudanshi-kun-niwa-himitsu-ga-aru,腐男子くんには秘密がある,2,[頒布]集英社 (発売)　∥　シュウエイシャ:1 | [頒布]集英社　∥　シュウエイシャ:1,[頒布]集英社 (発売)　∥　シュウエイシャ,[頒布]集英社　∥　シュウエイシャ=[2],no,[2]
fujiwara-ranka-no-4koma-gekijou,藤原らんかの4コマ劇場,2,ニューズ出版　∥　ニューズ シュッパン:1 | [発売]三栄書房　∥　サンエイショボウ:1,ニューズ出版　∥　ニューズ シュッパン,[発売]三栄書房　∥　サンエイショボウ=[2],no,[2]
fukigen-itoko-ga-kawaisugite-shikatanai-side-naoki,不機嫌イトコがかわい過ぎて仕方ないside直樹,2,[頒布]三交社 (発売)　∥　サンコウシャ:1 | [頒布]三交社　∥　サンコウシャ:1,[頒布]三交社 (発売)　∥　サンコウシャ,[頒布]三交社　∥　サンコウシャ=[3],no,[3]
fukigen-na-koushaku-sama-wa-uso-hakkenki-tsuki-reijou-no-torisetsu-o-go-goshomou-desu,不機嫌な公爵様はウソ発見器付き令嬢の取説をご所望です,2,マイクロマガジン社　∥　マイクロマガジンシャ:1 | マイクロマガジン社:1,マイクロマガジン社　∥　マイクロマガジンシャ,マイクロマガジン社=[3],no,[3]
furuhon-yatai,古本屋台,2,集英社　∥　シュウエイシャ:1 | 本の雑誌社　∥　ホンノザッシシャ:1,集英社　∥　シュウエイシャ,本の雑誌社　∥　ホンノザッシシャ=[2],no,[2]
futago-wazurai,ふたごわずらい,2,[発売]講談社　∥　コウダンシャ:1 | [頒布]講談社　∥　コウダンシャ:1,[発売]講談社　∥　コウダンシャ,[頒布]講談社　∥　コウダンシャ=[2],no,[2]
futari-wa-gozu-mezu,ふたりは牛頭馬頭!,2,[発売]角川グループホールディングス　∥　カドカワグループホールディングス:1 | KADOKAWA　∥　カドカワ:1,[発売]角川グループホールディングス　∥　カドカワグループホールディングス,KADOKAWA　∥　カドカワ=[2],no,[2]
fuufu,ふーふ,2,[発売]角川グループパブリッシング　∥　カドカワ グループ パブリッシング:1 | 一迅社　∥　イチジンシャ:1,[発売]角川グループパブリッシング　∥　カドカワ グループ パブリッシング,一迅社　∥　イチジンシャ=[2],no,[2]
gacen-rafu-sketch,G専ラフスケッチ,2,[発売]角川グループパブリッシング　∥　カドカワグループパブリッシング:1 | [発売]角川グループホールディングス　∥　カドカワグループホールディングス:1,[発売]角川グループパブリッシング　∥　カドカワグループパブリッシング,[発売]角川グループホールディングス　∥　カドカワグループホールディングス=[2],no,[2]
gachiiki-chouhatsu-night,ガチイキ挑発ナイト,2,[発売]マガジン・マガジン　∥　マガジン ・ マガジン:1 | ジュネット　∥　ジュネット:1,[発売]マガジン・マガジン　∥　マガジン ・ マガジン,ジュネット　∥　ジュネット=[2],no,[2]
gakushoku-hana-no-shiawase-gohan,学食「ハナ」のしあわせごはん,2,[発売]講談社　∥　コウダンシャ:1 | [頒布]講談社　∥　コウダンシャ:1,[発売]講談社　∥　コウダンシャ,[頒布]講談社　∥　コウダンシャ=[2],no,[2]
gal-reijou-no-shitsuji-kun,ギャル令嬢の執事くん,2,徳間書店　∥　トクマ ショテン:1 | 徳間書店:1,徳間書店　∥　トクマ ショテン,徳間書店=[2],no,[2]
game-in-high-school,GAME-inハイスクール-,2,白泉社　∥　ハクセンシャ:1 | 白泉社:1,白泉社　∥　ハクセンシャ,白泉社=[2],no,[2]
gendaishi-no-naka-no-golgo-13,現代史の中のゴルゴ13,2,リイド社　∥　リイドシャ:1 | リイド社:1,リイド社　∥　リイドシャ,リイド社=[2],no,[2]
gene-metarika,ジーンメタリカ,2,メディアファクトリー　∥　メディアファクトリー:1 | KADOKAWA　∥　カドカワ:1,メディアファクトリー　∥　メディアファクトリー,KADOKAWA　∥　カドカワ=[2],no,[2]
gimme-agree,ギミーアグリー,2,KADOKAWA　∥　カドカワ:1 | KADOKAWA:1,KADOKAWA　∥　カドカワ,KADOKAWA=[2],no,[2]
gin-no-kuni,銀のくに,2,[頒布]小学館クリエイティブ　∥　ショウガクカンクリエイティブ:1 | [頒布]小学館クリエイティブ:1,[頒布]小学館クリエイティブ　∥　ショウガクカンクリエイティブ,[頒布]小学館クリエイティブ=[2],no,[2]
ginga-tetsudou-no-yoru-2023,銀河鉄道の夜,2,イースト・プレス　∥　イースト プレス:1 | Gakken　∥　ガッケン:1,イースト・プレス　∥　イースト プレス,Gakken　∥　ガッケン=[2],no,[2]
girl-s-x-road-bike,ガールズ×ロードバイク,2,[発売]ほるぷ出版　∥　ホルプシュッパン:1 | フレックスコミックス　∥　フレックスコミックス:1,[発売]ほるぷ出版　∥　ホルプシュッパン,フレックスコミックス　∥　フレックスコミックス=[2],no,[2]
girls-go-around,ガールズ・ゴー・アラウンド,2,スクウェア・エニックス　∥　スクウェア エニックス:1 | スクウェア・エニックス　∥　スクウェア ・ エニックス:1,スクウェア・エニックス　∥　スクウェア エニックス,スクウェア・エニックス　∥　スクウェア ・ エニックス=[2],no,[2]
girls-x-sekuha-life,ガールズ×セクハライフ,2,スクウェア・エニックス　∥　スクウェア エニックス:1 | スクウェア・エニックス　∥　スクウェア ・ エニックス:1,スクウェア・エニックス　∥　スクウェア エニックス,スクウェア・エニックス　∥　スクウェア ・ エニックス=[2],no,[2]
goddess,ガッデス,2,少年画報社　∥　ショウネン ガホウシャ:1 | 少年画報社　∥　ショウネンガホウシャ:1,少年画報社　∥　ショウネン ガホウシャ,少年画報社　∥　ショウネンガホウシャ=[3],no,[3]
gohan-shiyo,ごはんしよ!,2,メディアファクトリー　∥　メディア ファクトリー:1 | KADOKAWA　∥　カドカワ:1,メディアファクトリー　∥　メディア ファクトリー,KADOKAWA　∥　カドカワ=[2],no,[2]
gold-wolf,GOLD WOLF,2,[発売]角川グループホールディングス　∥　カドカワグループホールディングス:1 | KADOKAWA　∥　カドカワ:1,[発売]角川グループホールディングス　∥　カドカワグループホールディングス,KADOKAWA　∥　カドカワ=[2],no,[2]
golden-boy-2,GOLDEN BOY 2,2,集英社　∥　シュウエイシャ:1 | 集英社:1,集英社　∥　シュウエイシャ,集英社=[2],no,[2]
gomenne-occult-asobasete,ごめんねオカルト遊ばせて?,2,コアミックス　∥　コアミックス:1 | コアミックス:1,コアミックス　∥　コアミックス,コアミックス=[2],no,[2]
gomiyashiki-to-toipuudoru-to-watashi,ゴミ屋敷とトイプードルと私,2,小学館　∥　ショウガクカン:1 | 小学館:1,小学館　∥　ショウガクカン,小学館=[4],no,[4]
good-morning-sunshine,グッドモーニング・サンシャイン,2,竹書房　∥　タケ ショボウ:1 | 竹書房:1,竹書房　∥　タケ ショボウ,竹書房=[3],no,[3]
goze-hotaru,ごぜほたる,2,集英社　∥　シュウエイシャ:1 | 集英社:1,集英社　∥　シュウエイシャ,集英社=[2],no,[2]
greed-punk,GREED PUNK,2,講談社　∥　コウダンシャ:1 | 講談社:1,講談社　∥　コウダンシャ,講談社=[2],no,[2]
gunjou-no-stranger,群青のストレンジャー,2,少年画報社　∥　ショウネンガホウシャ:1 | 少年画報社:1,少年画報社　∥　ショウネンガホウシャ,少年画報社=[2],no,[2]
ha-ra-pekotsuuringurume,はらぺこツーリングルメ,2,ぶんか社　∥　ブンカシャ:1 | ぶんか社:1,ぶんか社　∥　ブンカシャ,ぶんか社=[3],no,[3]
hachimitsu-etchi,蜂蜜えっち。,2,[頒布]祥伝社 (発売)　∥　ショウデンシャ:1 | [頒布]祥伝社　∥　ショウデンシャ:1,[頒布]祥伝社 (発売)　∥　ショウデンシャ,[頒布]祥伝社　∥　ショウデンシャ=[2],no,[2]
haha-40-sai-joshi-joshikousei-ni-narimashita,母40歳、女子高生になりました,2,[頒布]集英社 (発売)　∥　シュウエイシャ:1 | [頒布]集英社　∥　シュウエイシャ:1,[頒布]集英社 (発売)　∥　シュウエイシャ,[頒布]集英社　∥　シュウエイシャ=[2],no,[2]
haikei-oji-sama-outei-denka-ichiya-giri-no-hazu-ga-konyaku-no-moushikomi-wa-souteigai-desu,拝啓オジサマ王弟殿下、一夜限りのはずが婚約の申し込みは想定外です!,2,ぶんか社　∥　ブンカシャ:1 | ぶんか社:1,ぶんか社　∥　ブンカシャ,ぶんか社=[2],no,[2]
haiki-sareta-ore-to-tsuihousareta-sareta-akuyaku-reijou,廃棄された俺と追放された悪役令嬢,2,ぶんか社　∥　ブンカシャ:1 | ぶんか社:1,ぶんか社　∥　ブンカシャ,ぶんか社=[2],no,[2]
hakoniwa-kidan,箱庭綺談,2,パイインターナショナル　∥　パイインターナショナル:1 | パイインターナショナル:1,パイインターナショナル　∥　パイインターナショナル,パイインターナショナル=[2],no,[2]
hakui-no-kedamono,白衣のケダモノ,2,ブライト出版　∥　ブライトシュッパン:1 | ブライト出版　∥　ブライト シュッパン:1,ブライト出版　∥　ブライトシュッパン,ブライト出版　∥　ブライト シュッパン=[2],no,[2]
hakumai-rai-san,白米礼賛,2,少年画報社　∥　ショウネンガホウシャ:1 | 少年画報社:1,少年画報社　∥　ショウネンガホウシャ,少年画報社=[3],no,[3]
hakumei-ni-michiru,薄明に充ちる,2,シュークリーム　∥　シュークリーム:1 | シュークリーム:1,シュークリーム　∥　シュークリーム,シュークリーム=[2],no,[2]
hal-ayase-2017,ハル,2,集英社　∥　シュウエイシャ:1 | ふゅーじょんぷろだくと　∥　フュージョン プロダクト:1,集英社　∥　シュウエイシャ,ふゅーじょんぷろだくと　∥　フュージョン プロダクト=[2],no,[2]
hana-no-android-gakuen,花のアンドロイド学園,2,[発売]KADOKAWA　∥　カドカワ:1 | KADOKAWA　∥　カドカワ:1,[発売]KADOKAWA　∥　カドカワ,KADOKAWA　∥　カドカワ=[2],no,[2]
hana-wa-sakura-yorimo-hana-no-gotoku,花は桜よりも華のごとく,2,[発売]角川グループパブリッシング　∥　カドカワ グループ パブリッシング:1 | [発売]角川グループパブリッシング　∥　カドカワグループパブリッシング:1,[発売]角川グループパブリッシング　∥　カドカワ グループ パブリッシング,[発売]角川グループパブリッシング　∥　カドカワグループパブリッシング=[2],no,[2]
hangyaku-komenteetaa-endou-san,反逆コメンテーターエンドウさん,2,KADOKAWA　∥　カドカワ:1 | KADOKAWA:1,KADOKAWA　∥　カドカワ,KADOKAWA=[4],no,[4]
hanjuku-joshi,半熟女子,2,一迅社:1 | 一迅社　∥　イチジンシャ:1,一迅社,一迅社　∥　イチジンシャ=[2],no,[2]
haruki-murakami-manga-stories,HARUKI MURAKAMI MANGA STORIES,2,チャールズ・イー・タトル出版　∥　チャールズ ・ イー ・ タトル シュッパン:1 | チャールズ・イー・タトル出版:1,チャールズ・イー・タトル出版　∥　チャールズ ・ イー ・ タトル シュッパン,チャールズ・イー・タトル出版=[3],no,[3]
harunee-ga-boku-ni-pekepeke-suru-wake,ハル姉が僕に××する理由,2,[発売]KADOKAWA　∥　カドカワ:1 | KADOKAWA　∥　カドカワ:1,[発売]KADOKAWA　∥　カドカワ,KADOKAWA　∥　カドカワ=[2],no,[2]
hataraku-futari-no-gohoubi-meshi,働くふたりのごほうび飯,2,講談社　∥　コウダンシャ:1 | 講談社:1,講談社　∥　コウダンシャ,講談社=[2],no,[2]
hatsukoi-oobaadoozu,初恋オーバードーズ,2,KADOKAWA　∥　カドカワ:1 | KADOKAWA:1,KADOKAWA　∥　カドカワ,KADOKAWA=[2],no,[2]
hattatsu-shougai-na-watashitachi,発達障害なわたしたち,2,祥伝社　∥　ショウデンシャ:1 | 祥伝社:1,祥伝社　∥　ショウデンシャ,祥伝社=[2],no,[2]
hayashida-yukke-karikoruka,林田ユッケ カリコルカ,2,ブライト出版　∥　ブライト シュッパン:1 | ブライト出版　∥　ブライトシュッパン:1,ブライト出版　∥　ブライト シュッパン,ブライト出版　∥　ブライトシュッパン=[2],no,[2]
hello-work-monsters,ハローワークモンスターズ,2,小学館　∥　ショウガクカン:1 | 小学館:1,小学館　∥　ショウガクカン,小学館=[4],no,[4]
hereteku-no-ana,ヘレテクの穴,2,幻冬舎　∥　ゲントウシャ:1 | 幻冬舎:1,幻冬舎　∥　ゲントウシャ,幻冬舎=[3],no,[3]
heroic-complex,ヒロイック・コンプレックス,2,[発売]講談社　∥　コウダンシャ:1 | [頒布]講談社 (発売)　∥　コウダンシャ:1,[発売]講談社　∥　コウダンシャ,[頒布]講談社 (発売)　∥　コウダンシャ=[2],no,[2]
hibikino-bb,ヒビキノBB,2,秋田書店　∥　アキタ ショテン:1 | 秋田書店　∥　アキタショテン:1,秋田書店　∥　アキタ ショテン,秋田書店　∥　アキタショテン=[2],no,[2]
himawari-wa-koi-no-katachi,ひまわりは恋の形,2,小学館　∥　ショウガクカン:1 | 小学館:1,小学館　∥　ショウガクカン,小学館=[2],no,[2]
himegami-gadget,姫神ガジェット,2,[発売]ソフトバンククリエイティブ　∥　ソフトバンク クリエイティブ:1 | [発売]ほるぷ出版　∥　ホルプシュッパン:1,[発売]ソフトバンククリエイティブ　∥　ソフトバンク クリエイティブ,[発売]ほるぷ出版　∥　ホルプシュッパン=[2],no,[2]
himitsu-ariki-no-bokutachi-desu,秘密ありきの僕たちですが,2,[頒布]講談社　∥　コウダンシャ:1 | [頒布]講談社:1,[頒布]講談社　∥　コウダンシャ,[頒布]講談社=[2],no,[2]
hito-no-ko,ひとのこ,2,新潮社　∥　シンチョウシャ:1 | リイド社　∥　リイドシャ:1,新潮社　∥　シンチョウシャ,リイド社　∥　リイドシャ=[3],no,[3]
hitokiri-share-house,ヒトキリシェアハウス,2,一迅社　∥　イチジンシャ:1 | [発売]講談社　∥　コウダンシャ:1,一迅社　∥　イチジンシャ,[発売]講談社　∥　コウダンシャ=[2],no,[2]
hitozuma-mansion-kaede,人妻マンション楓,2,双葉社　∥　フタバシャ:1 | エンジェル出版　∥　エンジェル シュッパン:1,双葉社　∥　フタバシャ,エンジェル出版　∥　エンジェル シュッパン=[2],no,[2]
hitozuma-no-kuchibiru-wa-kan-chuuhai-no-aji-ga-shite,人妻の唇は缶チューハイの味がして,2,講談社　∥　コウダンシャ:1 | 講談社:1,講談社　∥　コウダンシャ,講談社=[3],no,[3]
hitsugi-tantei-dandow,棺探偵D＆W,2,少年画報社　∥　ショウネン ガホウシャ:1 | 少年画報社　∥　ショウネンガホウシャ:1,少年画報社　∥　ショウネン ガホウシャ,少年画報社　∥　ショウネンガホウシャ=[2],no,[2]
hogosha-na-maou-to-kodomo-yuusha,保護者な魔王と子ども勇者,2,[頒布]講談社　∥　コウダンシャ:1 | [頒布]講談社:1,[頒布]講談社　∥　コウダンシャ,[頒布]講談社=[3],no,[3]
hokkenshitsu,ほっ健室,2,[発売]角川グループパブリッシング　∥　カドカワグループパブリッシング:1 | [発売]KADOKAWA　∥　カドカワ:1,[発売]角川グループパブリッシング　∥　カドカワグループパブリッシング,[発売]KADOKAWA　∥　カドカワ=[2],no,[2]
hon-to-neko,ほんとねこ,2,[発売]学研マーケティング　∥　ガッケンマーケティング:1 | 学研プラス　∥　ガッケンプラス:1,[発売]学研マーケティング　∥　ガッケンマーケティング,学研プラス　∥　ガッケンプラス=[2],no,[2]
honban-5byoumae,本番5秒前!,2,一迅社　∥　イチジンシャ:1 | [発売]講談社　∥　コウダンシャ:1,一迅社　∥　イチジンシャ,[発売]講談社　∥　コウダンシャ=[2],no,[2]
honey-blood,ハニーブラッド,2,[頒布]一二三書房　∥　ヒフミショボウ:1 | 一二三書房　∥　ヒフミショボウ:1,[頒布]一二三書房　∥　ヒフミショボウ,一二三書房　∥　ヒフミショボウ=[2],no,[2]
honmei-janakya-yokatta-no-ni,本命じゃなきゃよかったのに,2,小学館　∥　ショウガクカン:1 | 小学館:1,小学館　∥　ショウガクカン,小学館=[2],no,[2]
hoshi-no-ouka,星の謳歌,2,KADOKAWA　∥　カドカワ:1 | KADOKAWA:1,KADOKAWA　∥　カドカワ,KADOKAWA=[3],no,[3]
hotel-watashi-ni-koi-o-oshiete,ほてる私に恋を教えて,2,講談社　∥　コウダンシャ:1 | 講談社:1,講談社　∥　コウダンシャ,講談社=[2],no,[2]
houkago-metabaasu,放課後メタバース,2,KADOKAWA　∥　カドカワ:1 | KADOKAWA:1,KADOKAWA　∥　カドカワ,KADOKAWA=[2],no,[2]
houtai-koushaku-no-kekkon-jijou,包帯公爵の結婚事情,2,スクウェア・エニックス　∥　スクウェア ・ エニックス:1 | スクウェア・エニックス:1,スクウェア・エニックス　∥　スクウェア ・ エニックス,スクウェア・エニックス=[2],no,[2]
hundred-handles-handling-the-world,ハンドレッドハンドルズハンドリングザ・ワールド,2,[頒布]小学館クリエイティブ　∥　ショウガクカンクリエイティブ:1 | [頒布]小学館クリエイティブ:1,[頒布]小学館クリエイティブ　∥　ショウガクカンクリエイティブ,[頒布]小学館クリエイティブ=[3],no,[3]
hyoui-don,ひょうい☆ドン!,2,秋田書店　∥　アキタ ショテン:1 | 秋田書店　∥　アキタショテン:1,秋田書店　∥　アキタ ショテン,秋田書店　∥　アキタショテン=[2],no,[2]
hyper-shoujo-ukkii,はいぱー少女ウッキー!,2,双葉社:1 | 双葉社　∥　フタバシャ:1,双葉社,双葉社　∥　フタバシャ=[3],no,[3]
i-tan-no-shukusai,異端の祝祭,2,KADOKAWA　∥　カドカワ:1 | KADOKAWA:1,KADOKAWA　∥　カドカワ,KADOKAWA=[2],no,[2]
iberikobuta-to-koi-no-dorei,イベリコ豚と恋の奴隷。,2,海王社:1 | 海王社　∥　カイオウシャ:1,海王社,海王社　∥　カイオウシャ=[2],no,[2]
ichiya-kagiri-no-zetsurin-kareshi,一夜限りの絶倫彼氏,2,[発売]青泉社　∥　セイセンシャ:1 | [頒布]青泉社 (発売)　∥　セイセンシャ:1,[発売]青泉社　∥　セイセンシャ,[頒布]青泉社 (発売)　∥　セイセンシャ=[2],no,[2]
idol-be-back,アイドルビーバック!,2,芳文社　∥　ホウブンシャ:1 | 芳文社:1,芳文社　∥　ホウブンシャ,芳文社=[3],no,[3]
idol-seito-to-tannin-p,I (アイドル) 生徒と担任P,2,スクウェア・エニックス　∥　スクウェア エニックス:1 | スクウェア・エニックス　∥　スクウェア ・ エニックス:1,スクウェア・エニックス　∥　スクウェア エニックス,スクウェア・エニックス　∥　スクウェア ・ エニックス=[2],no,[2]
idol-sousenkyo-4-i-datta-watashi-ga-maou-o-taosundesuka,アイドル総選挙4位だった私が魔王を倒すんですか?,2,[発売]れんが書房新社　∥　レンガショボウシンシャ:1 | [頒布]れんが書房新社 (発売)　∥　レンガショボウシンシャ:1,[発売]れんが書房新社　∥　レンガショボウシンシャ,[頒布]れんが書房新社 (発売)　∥　レンガショボウシンシャ=[2],no,[2]
idol-wa-oshinobi-chu,アイドルはお忍びchu♡,2,芳文社　∥　ホウブンシャ:1 | 芳文社:1,芳文社　∥　ホウブンシャ,芳文社=[2],no,[2]
idolmaster-one-for-all,アイドルマスターワンフォーオール,2,KADOKAWA　∥　カドカワ:1 | KADOKAWA・DWANGO　∥　カドカワドワンゴ:1,KADOKAWA　∥　カドカワ,KADOKAWA・DWANGO　∥　カドカワドワンゴ=[2],no,[2]
ii-gomibun-dana-ore-ni-kureyo,いいご身分だな、俺にくれよ,2,マッグガーデン　∥　マッグ ガーデン:1 | マッグガーデン:1,マッグガーデン　∥　マッグ ガーデン,マッグガーデン=[2],no,[2]
ijuudou-ki-tan,異獣堂奇譚,2,ジーオーティー　∥　ジーオーティー:1 | ジーオーティー:1,ジーオーティー　∥　ジーオーティー,ジーオーティー=[2],no,[2]
ika-sama-hakurantei,いかさま博覧亭,2,[発売]角川グループパブリッシング　∥　カドカワ グループ パブリッシング:1 | [発売]角川グループパブリッシング　∥　カドカワグループパブリッシング:1,[発売]角川グループパブリッシング　∥　カドカワ グループ パブリッシング,[発売]角川グループパブリッシング　∥　カドカワグループパブリッシング=[2],no,[2]
ikemen-girl-to-hakoiri-musume,イケメン女と箱入り娘,2,[発売]講談社　∥　コウダンシャ:1 | [頒布]講談社　∥　コウダンシャ:1,[発売]講談社　∥　コウダンシャ,[頒布]講談社　∥　コウダンシャ=[2],no,[2]
ikemen-otto-wa-gorira-tsuma-to-pretty-musume-o-aishisugiteru,イケメン夫はゴリラ妻とプリティ娘を愛しすぎてる,2,KADOKAWA　∥　カドカワ:1 | KADOKAWA:1,KADOKAWA　∥　カドカワ,KADOKAWA=[3],no,[3]
ikimono-zukan,いきものずかん,2,[発売]角川グループパブリッシング　∥　カドカワ グループ パブリッシング:1 | [発売]角川グループパブリッシング　∥　カドカワグループパブリッシング:1,[発売]角川グループパブリッシング　∥　カドカワ グループ パブリッシング,[発売]角川グループパブリッシング　∥　カドカワグループパブリッシング=[2],no,[2]
ikiteru-dake-de-erai-tte-haine-san-ga-iu-kara,生きてるだけでえらい!ってハイネさんが言うから,2,KADOKAWA　∥　カドカワ:1 | KADOKAWA:1,KADOKAWA　∥　カドカワ,KADOKAWA=[2],no,[2]
ikitoshi-ikeru,生きとし生ける,2,[頒布]小学館クリエイティブ　∥　ショウガクカンクリエイティブ:1 | [頒布]小学館クリエイティブ:1,[頒布]小学館クリエイティブ　∥　ショウガクカンクリエイティブ,[頒布]小学館クリエイティブ=[3],no,[3]
ikujinashi-nikki-vs-ikujisare-nikki,育児なし日記vs育児され日記,2,ベネッセコーポレーション　∥　ベネッセ コーポレーション:1 | ベネッセコーポレーション　∥　ベネッセコーポレーション:1,ベネッセコーポレーション　∥　ベネッセ コーポレーション,ベネッセコーポレーション　∥　ベネッセコーポレーション=[2],no,[2]
ikukyuu-maou-to-nise-yuusha,育休魔王とニセ勇者,2,芳文社　∥　ホウブンシャ:1 | 芳文社:1,芳文社　∥　ホウブンシャ,芳文社=[3],no,[3]
imadoki-ejiputoshin,イマドキ☆エジプト神,2,一迅社　∥　イチジンシャ:1 | [発売]講談社　∥　コウダンシャ:1,一迅社　∥　イチジンシャ,[発売]講談社　∥　コウダンシャ=[2],no,[2]
imasara-nostradamus,いまさらノストラダムス,2,メディアファクトリー　∥　メディア ファクトリー:1 | KADOKAWA　∥　カドカワ:1,メディアファクトリー　∥　メディア ファクトリー,KADOKAWA　∥　カドカワ=[2],no,[2]
inaba-haneru-no-haneman-maajan,因幡はねるのハネマン麻雀,2,竹書房　∥　タケショボウ:1 | 竹書房:1,竹書房　∥　タケショボウ,竹書房=[2],no,[2]
inbouron-the-3-mei-sama-q,陰謀論THE3名様Q,2,秋田書店　∥　アキタショテン:1 | 秋田書店:1,秋田書店　∥　アキタショテン,秋田書店=[2],no,[2]
ingi-no-hate,淫戯の果て,2,双葉社　∥　フタバシャ:1 | エンジェル出版　∥　エンジェル シュッパン:1,双葉社　∥　フタバシャ,エンジェル出版　∥　エンジェル シュッパン=[2],no,[2]
inma-desu-katabutsu-kishidanchou-no-mousou-dake-de-onaka-ippai-desu,淫魔ですが、堅物騎士団長の妄想だけでお腹いっぱいです!,2,竹書房　∥　タケ ショボウ:1 | 竹書房:1,竹書房　∥　タケ ショボウ,竹書房=[2],no,[2]
insomnia,インソムニア,2,[発売]角川グループパブリッシング　∥　カドカワ グループ パブリッシング:1 | [発売]角川グループパブリッシング　∥　カドカワグループパブリッシング:1,[発売]角川グループパブリッシング　∥　カドカワ グループ パブリッシング,[発売]角川グループパブリッシング　∥　カドカワグループパブリッシング=[2],no,[2]
isekai-de-youhei-ni-natta-ore-desu,異世界で傭兵になった俺ですが,2,[頒布]星雲社 (発売)　∥　セイウンシャ:1 | [頒布]星雲社:1,[頒布]星雲社 (発売)　∥　セイウンシャ,[頒布]星雲社=[2],no,[2]
isekai-ni-tensei-shitakedo-trouble-taishitsu-nanode-shinpai-desu,異世界に転生したけどトラブル体質なので心配です,2,[頒布]星雲社 (発売)　∥　セイウンシャ:1 | [頒布]星雲社　∥　セイウンシャ:1,[頒布]星雲社 (発売)　∥　セイウンシャ,[頒布]星雲社　∥　セイウンシャ=[2],no,[2]
isekai-pomeranian-to-niji-no-mofumofu-tabi,異世界ポメラニアンと虹のもふもふ旅,2,小学館　∥　ショウガクカン:1 | 小学館:1,小学館　∥　ショウガクカン,小学館=[3],no,[3]
isekai-shoukan-maou-ga-papa-de-ore-ga-mama,異世界召喚!魔王がパパで俺がママ!?,2,[頒布]徳間書店　∥　トクマ ショテン:1 | 徳間書店　∥　トクマ ショテン:1,[頒布]徳間書店　∥　トクマ ショテン,徳間書店　∥　トクマ ショテン=[2],no,[2]
isekai-soopurando-kaguya-gaiden-anzu-quest,異世界ソープランド輝夜外伝あんずクエスト,2,日本文芸社　∥　ニホン ブンゲイシャ:1 | 日本文芸社:1,日本文芸社　∥　ニホン ブンゲイシャ,日本文芸社=[2],no,[2]
isekai-yururi-camp,異世界ゆるりキャンプ,2,宝島社　∥　タカラジマシャ:1 | 宝島社:1,宝島社　∥　タカラジマシャ,宝島社=[4],no,[4]
ishida-mitsunari-no-tsuma-wa-taihen,石田三成の妻は大変,2,双葉社　∥　フタバシャ:1 | 双葉社:1,双葉社　∥　フタバシャ,双葉社=[2],no,[2]
isshokenmei-ni-gohan-maruyama-2012,いっしょにごはん。,2,一迅社:1 | 一迅社　∥　イチジンシャ:1,一迅社,一迅社　∥　イチジンシャ=[2],no,[2]
isso-kore-o-unmei-to-yobe,いっそこれを運命と呼べ,2,[頒布]幻冬舎　∥　ゲントウシャ:1 | [頒布]幻冬舎:1,[頒布]幻冬舎　∥　ゲントウシャ,[頒布]幻冬舎=[2],no,[2]
itoshi-no-yajuukei-otoko,愛しの野獣系男子,2,秋田書店　∥　アキタ ショテン:1 | 秋田書店　∥　アキタショテン:1,秋田書店　∥　アキタ ショテン,秋田書店　∥　アキタショテン=[2],no,[2]
itoshii-kimi-to-seiryaku-kekkon,愛しいきみと、政略結婚,2,[頒布]星雲社 (発売)　∥　セイウンシャ:1 | [頒布]星雲社:1,[頒布]星雲社 (発売)　∥　セイウンシャ,[頒布]星雲社=[3],no,[3]
itsuka-tenma-o-kiru-hekusen,いつか天魔を斬る魔女,2,[発売]角川グループパブリッシング　∥　カドカワ グループ パブリッシング:1 | [発売]角川グループパブリッシング　∥　カドカワグループパブリッシング:1,[発売]角川グループパブリッシング　∥　カドカワ グループ パブリッシング,[発売]角川グループパブリッシング　∥　カドカワグループパブリッシング=[2],no,[2]
itsuki-to-yuusei,いつきと優成,2,ブライト出版　∥　ブライトシュッパン:1 | ブライト出版:1,ブライト出版　∥　ブライトシュッパン,ブライト出版=[2],no,[2]
itterasshai-no-sono-go-de,いってらっしゃいのその後で,2,KADOKAWA　∥　カドカワ:1 | KADOKAWA:1,KADOKAWA　∥　カドカワ,KADOKAWA=[2],no,[2]
jigoku-kawaii-enma-chan,じごくかわいいえんまちゃん,2,少年画報社　∥　ショウネンガホウシャ:1 | 少年画報社:1,少年画報社　∥　ショウネンガホウシャ,少年画報社=[2],no,[2]
jigoku-no-sougiya,地獄の葬儀屋,2,秋田書店　∥　アキタ ショテン:1 | リイド社　∥　リイドシャ:1,秋田書店　∥　アキタ ショテン,リイド社　∥　リイドシャ=[2],yes,[2]
jiizu-under-ground,G'sあんだ～ぐらうんど,2,[発売]角川グループパブリッシング　∥　カドカワグループパブリッシング:1 | KADOKAWA　∥　カドカワ:1,[発売]角川グループパブリッシング　∥　カドカワグループパブリッシング,KADOKAWA　∥　カドカワ=[2],no,[2]
jingari-heisuke,陣借り平助,2,リイド社:1 | リイド社　∥　リイドシャ:1,リイド社,リイド社　∥　リイドシャ=[2],no,[2]
jinrui-shikin,人類資金,2,[発売]KADOKAWA　∥　カドカワ:1 | KADOKAWA　∥　カドカワ:1,[発売]KADOKAWA　∥　カドカワ,KADOKAWA　∥　カドカワ=[2],no,[2]
jiraikei-kareshi-suzu-kun,地雷系彼氏すずくん,2,竹書房　∥　タケ ショボウ:1 | 竹書房:1,竹書房　∥　タケ ショボウ,竹書房=[4],no,[4]
juliet-o-ute,ジュリエットを撃て,2,講談社　∥　コウダンシャ:1 | 講談社:1,講談社　∥　コウダンシャ,講談社=[2],no,[2]
kabukichou-goshimei-hairimasu,歌舞伎町ご指名♂挿入ります!,2,ブライト出版　∥　ブライトシュッパン:1 | [頒布]三交社 (発売)　∥　サンコウシャ:1,ブライト出版　∥　ブライトシュッパン,[頒布]三交社 (発売)　∥　サンコウシャ=[3],no,[3]
kagami-alice-to-bishounen-to-bishounen-to-bishounen-to-bishounen-to-bishounen,神鏡アリスと美少年と美少年と美少年と美少年と美少年。,2,[発売]小学館クリエイティブ　∥　ショウガクカンクリエイティブ:1 | [頒布]小学館クリエイティブ (発売)　∥　ショウガクカンクリエイティブ:1,[発売]小学館クリエイティブ　∥　ショウガクカンクリエイティブ,[頒布]小学館クリエイティブ (発売)　∥　ショウガクカンクリエイティブ=[2],no,[2]
kahogo-shitsuji-niwa-unzari-desu,過保護執事にはうんざりです。,2,宙出版　∥　オオゾラ シュッパン:1 | [発売]ジャイブ　∥　ジャイブ:1,宙出版　∥　オオゾラ シュッパン,[発売]ジャイブ　∥　ジャイブ=[2],no,[2]
kaijin-mira-no-daini-keitai-ga-kawaisugiru,怪人ミラの第2形態が可愛すぎる,2,秋田書店　∥　アキタショテン:1 | 秋田書店:1,秋田書店　∥　アキタショテン,秋田書店=[2],no,[2]
kaisou-ressha,回想列車,2,ガイドワークス　∥　ガイドワークス:1 | ガイドワークス　∥　ガイド ワークス:1,ガイドワークス　∥　ガイドワークス,ガイドワークス　∥　ガイド ワークス=[2],no,[2]
kakisute,かきすて!,2,リイド社　∥　リイドシャ:1 | リイド社:1,リイド社　∥　リイドシャ,リイド社=[2],no,[2]
kakko-naki,〈泣〉-かっこなき-,2,小学館　∥　ショウガクカン:1 | 小学館:1,小学館　∥　ショウガクカン,小学館=[2],no,[2]
kakkoii-onnanoko-to-12-senchi-no-yakusoku,カッコいい女の子と12センチの約束,2,[頒布]講談社　∥　コウダンシャ:1 | [頒布]講談社:1,[頒布]講談社　∥　コウダンシャ,[頒布]講談社=[2],no,[2]
kakugeibu,かくげいぶ!,2,[発売]角川グループパブリッシング　∥　カドカワグループパブリッシング:1 | KADOKAWA　∥　カドカワ:1,[発売]角川グループパブリッシング　∥　カドカワグループパブリッシング,KADOKAWA　∥　カドカワ=[2],no,[2]
kakukaku,赫赫,2,茜新社　∥　アカネ シンシャ:1 | 茜新社:1,茜新社　∥　アカネ シンシャ,茜新社=[2],no,[2]
kamakura-bake-neko-club,かまくらBAKE猫倶楽部,2,講談社　∥　コウダンシャ:1 | 講談社:1,講談社　∥　コウダンシャ,講談社=[3],no,[3]
kamakura-dekofu-life,鎌倉デコフライフ,2,[発売]角川グループパブリッシング　∥　カドカワグループパブリッシング:1 | [発売]KADOKAWA　∥　カドカワ:1,[発売]角川グループパブリッシング　∥　カドカワグループパブリッシング,[発売]KADOKAWA　∥　カドカワ=[2],no,[2]
kamigatari-ni-sayonara-o,神騙りにさよならを,2,[頒布]講談社　∥　コウダンシャ:1 | [頒布]講談社:1,[頒布]講談社　∥　コウダンシャ,[頒布]講談社=[2],no,[2]
kaminari-narite-haru-kitaru,雷鳴りて春来たる,2,トゥーヴァージンズ　∥　トゥーヴァージンズ:1 | トゥーヴァージンズ:1,トゥーヴァージンズ　∥　トゥーヴァージンズ,トゥーヴァージンズ=[2],no,[2]
kaminegu-shimai,かみねぐしまい,2,芳文社　∥　ホウブンシャ:1 | 芳文社:1,芳文社　∥　ホウブンシャ,芳文社=[2],no,[2]
kan-chan,カンちゃん,2,TOブックス　∥　ティーオーブックス:1 | [頒布]熊日出版:1,TOブックス　∥　ティーオーブックス,[頒布]熊日出版=[2],no,[2]
kandata-onee-san-no-jigoku-surooraifu,カンダタおねえさんの地獄スローライフ,2,秋田書店　∥　アキタショテン:1 | 秋田書店:1,秋田書店　∥　アキタショテン,秋田書店=[2],no,[2]
kani-kousen,蟹工船,2,イースト・プレス　∥　イースト プレス:1 | Gakken　∥　ガッケン:1,イースト・プレス　∥　イースト プレス,Gakken　∥　ガッケン=[2],no,[2]
kanjou-no-namae,感情のなまえ,2,[頒布]幻冬舎　∥　ゲントウシャ:1 | [頒布]幻冬舎:1,[頒布]幻冬舎　∥　ゲントウシャ,[頒布]幻冬舎=[2],no,[2]
kao-ni-denai-kashiwada-san-to-kao-ni-deru-oota-kun-2024,顔に出ない柏田さんと顔に出る太田君+,2,KADOKAWA　∥　カドカワ:1 | KADOKAWA:1,KADOKAWA　∥　カドカワ,KADOKAWA=[2],no,[2]
karada-de-haratte-sumanai-hanashi,体で払って済まない話,2,[頒布]三交社 (発売)　∥　サンコウシャ:1 | [頒布]三交社:1,[頒布]三交社 (発売)　∥　サンコウシャ,[頒布]三交社=[2],no,[2]
karada-kara-hajimaru-gokujou-mitsuai,身体から始まる極上蜜愛,2,ハーパーコリンズ・ジャパン　∥　ハーパーコリンズジャパン:1 | ハーパーコリンズ・ジャパン:1,ハーパーコリンズ・ジャパン　∥　ハーパーコリンズジャパン,ハーパーコリンズ・ジャパン=[2],no,[2]
karada-wa-kodomo-nakami-wa-otsu-san-no-nariagari-boukenki,身体は児童(こども)、中身はおっさんの成り上がり冒険記,2,KADOKAWA　∥　カドカワ:1 | KADOKAWA:1,KADOKAWA　∥　カドカワ,KADOKAWA=[2],no,[2]
karasuya-satoshi-no-shin-bikkuri-curry,カラスヤサトシの新びっくりカレー,2,新書館　∥　シンショカン:1 | 新書館:1,新書館　∥　シンショカン,新書館=[2],no,[2]
karoojiero-no-enogu,カロージェロの絵の具,2,[発売]星雲社　∥　セイウンシャ:1 | [頒布]星雲社 (発売)　∥　セイウンシャ:1,[発売]星雲社　∥　セイウンシャ,[頒布]星雲社 (発売)　∥　セイウンシャ=[2],no,[2]
karrafuru-na-etsubburidei,カッラフルなエッッブリデイ,2,KADOKAWA　∥　カドカワ:1 | KADOKAWA:1,KADOKAWA　∥　カドカワ,KADOKAWA=[4],no,[4]
karushiumu,かるしうむ!,2,秋田書店　∥　アキタ ショテン:1 | 秋田書店　∥　アキタショテン:1,秋田書店　∥　アキタ ショテン,秋田書店　∥　アキタショテン=[2],no,[2]
keito-sama-ni-wa-omitooshi,慧都様にはお見通し!?,2,芳文社　∥　ホウブンシャ:1 | 芳文社:1,芳文社　∥　ホウブンシャ,芳文社=[2],no,[2]
keiyakukon-shita-reitetsu-shachou-wa-amaku-yasashii-uso-o-tsuku,契約婚した冷徹社長は甘くやさしい嘘をつく,2,大都社:1 | [頒布]大都社:1,大都社,[頒布]大都社=[2],no,[2]
kemono-sama-ha-ongaeshi-de-harama-setai,獣様は恩返しで孕ませたい,2,[発売]大都社　∥　ダイトシャ:1 | 大都社　∥　ダイトシャ:1,[発売]大都社　∥　ダイトシャ,大都社　∥　ダイトシャ=[2],no,[2]
kemotchi-hiyori,ケモっちびより!,2,小学館　∥　ショウガクカン:1 | 小学館:1,小学館　∥　ショウガクカン,小学館=[3],no,[3]
kemuriiro-no-mahoroba,煙色のまほろば,2,小学館　∥　ショウガクカン:1 | 小学館:1,小学館　∥　ショウガクカン,小学館=[3],no,[3]
key-jack-teenage-edition,KEY JACK TEENAGE EDITION,2,秋田書店　∥　アキタ ショテン:1 | 秋田書店　∥　アキタショテン:1,秋田書店　∥　アキタ ショテン,秋田書店　∥　アキタショテン=[2],no,[2]
kichijouji-shounen-kageki,吉祥寺少年歌劇,2,祥伝社　∥　ショウデンシャ:1 | 祥伝社:1,祥伝社　∥　ショウデンシャ,祥伝社=[3],no,[3]
kieyuku-shoujo,消え行く少女,2,[発売]小学館　∥　ショウガクカン:1 | [発売]小学館:1,[発売]小学館　∥　ショウガクカン,[発売]小学館=[2],no,[2]
kikazaru-hina-wa-mada-koi-o-shiranai,着飾るヒナはまだ恋を知らない,2,リブレ　∥　リブレ:1 | リブレ:1,リブレ　∥　リブレ,リブレ=[2],no,[2]
kiken-chitai-sennyuu-chousa-houkokusho,危険地帯潜入調査報告書,2,竹書房　∥　タケショボウ:1 | 竹書房:1,竹書房　∥　タケショボウ,竹書房=[2],no,[2]
kimi-dake-ga-hontou,きみだけがほんとう,2,講談社　∥　コウダンシャ:1 | 講談社:1,講談社　∥　コウダンシャ,講談社=[2],no,[2]
kimi-ga-koi-ni-midareru,きみが恋に乱れる,2,[発売]角川グループパブリッシング　∥　カドカワグループパブリッシング:1 | KADOKAWA　∥　カドカワ:1,[発売]角川グループパブリッシング　∥　カドカワグループパブリッシング,KADOKAWA　∥　カドカワ=[2],no,[2]
kimi-ga-mata-kakidasu-sen,君がまた描きだす線,2,祥伝社　∥　ショウデンシャ:1 | 祥伝社:1,祥伝社　∥　ショウデンシャ,祥伝社=[2],no,[2]
kimi-ni-sasageru-otokomae,君に捧げる男前,2,KADOKAWA　∥　カドカワ:1 | KADOKAWA:1,KADOKAWA　∥　カドカワ,KADOKAWA=[3],no,[3]
kimi-no-koe-de-shitsukete,君の声で躾けて,2,双葉社　∥　フタバシャ:1 | 双葉社:1,双葉社　∥　フタバシャ,双葉社=[2],no,[2]
kimi-to-natsu-no-naka,君と夏のなか,2,[頒布]講談社　∥　コウダンシャ:1 | [頒布]講談社:1,[頒布]講談社　∥　コウダンシャ,[頒布]講談社=[3],no,[3]
kimi-wa-kawaii-reputairu,きみはかわいいれぷたいる,2,KADOKAWA　∥　カドカワ:1 | KADOKAWA:1,KADOKAWA　∥　カドカワ,KADOKAWA=[2],no,[2]
king-abyss,キングアビス,2,ジャイブ:1 | パイインターナショナル　∥　パイインターナショナル:1,ジャイブ,パイインターナショナル　∥　パイインターナショナル=[3],no,[3]
kinun-supi-sanpo,金運スピ散歩,2,朝日新聞出版　∥　アサヒシンブンシュッパン:1 | 朝日新聞出版:1,朝日新聞出版　∥　アサヒシンブンシュッパン,朝日新聞出版=[2],no,[2]
kirakira-soda-chocolate,キラキラ・ソーダ・チョコレート,2,[発売]角川グループパブリッシング　∥　カドカワ グループ パブリッシング:1 | [発売]角川グループパブリッシング　∥　カドカワグループパブリッシング:1,[発売]角川グループパブリッシング　∥　カドカワ グループ パブリッシング,[発売]角川グループパブリッシング　∥　カドカワグループパブリッシング=[2],no,[2]
kissa-koudou-to-jinkaku,喫茶行動と人格,2,竹書房　∥　タケショボウ:1 | 竹書房:1,竹書房　∥　タケショボウ,竹書房=[2],no,[2]
kogure-kyoudai-no-tomurai-kissa,木暮姉弟のとむらい喫茶,2,新潮社　∥　シンチョウシャ:1 | 新潮社:1,新潮社　∥　シンチョウシャ,新潮社=[3],no,[3]
koharu-to-minato,小春と湊,2,[頒布]講談社　∥　コウダンシャ:1 | [頒布]講談社:1,[頒布]講談社　∥　コウダンシャ,[頒布]講談社=[3],no,[3]
koi-toka-yume-toka-tententen,恋とか夢とかてんてんてん,2,マガジンハウス　∥　マガジンハウス:1 | マガジンハウス:1,マガジンハウス　∥　マガジンハウス,マガジンハウス=[3],no,[3]
koi-wa-nintai,恋は忍耐,2,集英社　∥　シュウエイシャ:1 | 集英社:1,集英社　∥　シュウエイシャ,集英社=[3],no,[3]
koisuru-himon-no-suit-tachi,恋する秘文の戦士たち,2,[頒布]講談社 (発売)　∥　コウダンシャ:1 | [頒布]講談社　∥　コウダンシャ:1,[頒布]講談社 (発売)　∥　コウダンシャ,[頒布]講談社　∥　コウダンシャ=[2],no,[2]
kokkyou-no-yuusha-echo,国境の勇者エコー,2,[頒布]星雲社　∥　セイウンシャ:1 | [頒布]星雲社:1,[頒布]星雲社　∥　セイウンシャ,[頒布]星雲社=[3],no,[3]
koko-kara-saki-wa-yuuryou-desu-majime-otto-ni-etchi-na-service,※ここから先は有料です!マジメ夫にえっちなサービス!?,2,[頒布]フランス書院　∥　フランスショイン:1 | [頒布]フランス書院:1,[頒布]フランス書院　∥　フランスショイン,[頒布]フランス書院=[2],no,[2]
kokoro-ga-yomeru-joou-wa-konyakusha-no-dekiai-ni-kizukanai,心が読める王女は婚約者の溺愛に気づかない,2,KADOKAWA　∥　カドカワ:1 | KADOKAWA:1,KADOKAWA　∥　カドカワ,KADOKAWA=[2],no,[2]
kokuu-no-tsuki,虚空の月,2,東京漫画社　∥　トウキョウマンガシャ:1 | 東京漫画社:1,東京漫画社　∥　トウキョウマンガシャ,東京漫画社=[2],no,[2]
komen-fuufu,狐面夫婦,2,双葉社　∥　フタバシャ:1 | 双葉社:1,双葉社　∥　フタバシャ,双葉社=[3],no,[3]
komikkuiwate,コミックいわて,2,岩手県　∥　イワテケン:1 | [発売]メディアパル　∥　メディアパル:1,岩手県　∥　イワテケン,[発売]メディアパル　∥　メディアパル=[2],yes,[2]
konpane-satou-kirie,こんぱね・佐藤キリエ,2,ブライト出版　∥　ブライト シュッパン:1 | ブライト出版　∥　ブライトシュッパン:1,ブライト出版　∥　ブライト シュッパン,ブライト出版　∥　ブライトシュッパン=[2],no,[2]
konpeki-no-purizunaa,紺碧のプリズナー,2,少年画報社　∥　ショウネン ガホウシャ:1 | 少年画報社　∥　ショウネンガホウシャ:1,少年画報社　∥　ショウネン ガホウシャ,少年画報社　∥　ショウネンガホウシャ=[2],no,[2]
konyaku-haki-de-tsuihousareta-sarete-shiawase-na-hibi-o-sugosu,婚約破棄で追放されて、幸せな日々を過ごす。,2,[頒布]星雲社 (発売)　∥　セイウンシャ:1 | [頒布]星雲社　∥　セイウンシャ:1,[頒布]星雲社 (発売)　∥　セイウンシャ,[頒布]星雲社　∥　セイウンシャ=[2],no,[2]
konyaku-haki-shimashita-ga-onzoushi-no-aisare-niizuma-ni-narimashita,婚約破棄しましたが、御曹司の愛され新妻になりました,2,ハーパーコリンズ・ジャパン　∥　ハーパーコリンズジャパン:1 | ハーパーコリンズ・ジャパン:1,ハーパーコリンズ・ジャパン　∥　ハーパーコリンズジャパン,ハーパーコリンズ・ジャパン=[2],no,[2]
koori-no-joou-2013,氷の女王,2,宙出版　∥　オオゾラ シュッパン:1 | 講談社　∥　コウダンシャ:1,宙出版　∥　オオゾラ シュッパン,講談社　∥　コウダンシャ=[2],no,[2]
korogaru-hoshikuzu-domo,転がる星屑ども,2,KADOKAWA　∥　カドカワ:1 | KADOKAWA:1,KADOKAWA　∥　カドカワ,KADOKAWA=[2],no,[2]
koukyou-shihen-eureka-seven-new-order,交響詩篇エウレカセブンニュー・オーダー,2,[発売]角川グループパブリッシング　∥　カドカワグループパブリッシング:1 | [発売]角川グループホールディングス　∥　カドカワグループホールディングス:1,[発売]角川グループパブリッシング　∥　カドカワグループパブリッシング,[発売]角川グループホールディングス　∥　カドカワグループホールディングス=[2],no,[2]
koutei-to-chouki-wa-naka-ga-owarui,皇帝と寵姫は仲がお悪い,2,宙出版　∥　オオゾラ シュッパン:1 | 宙出版:1,宙出版　∥　オオゾラ シュッパン,宙出版=[3],no,[3]
koutsugou-semi-friend,好都合セミフレンド,2,芳文社　∥　ホウブンシャ:1 | 芳文社:1,芳文社　∥　ホウブンシャ,芳文社=[3],no,[3]
kuadoriga-tokugawa-shitennou,クアドリガ 徳川四天王,2,[発売]小学館クリエイティブ　∥　ショウガクカン クリエイティブ:1 | [発売]小学館クリエイティブ　∥　ショウガクカンクリエイティブ:1,[発売]小学館クリエイティブ　∥　ショウガクカン クリエイティブ,[発売]小学館クリエイティブ　∥　ショウガクカンクリエイティブ=[2],no,[2]
kuiinzu-blade-rebellion-seiran-no-himekishi,クイーンズブレイドリベリオン 青嵐の姫騎士,2,[発売]角川グループパブリッシング　∥　カドカワ グループ パブリッシング:1 | [発売]角川グループパブリッシング　∥　カドカワグループパブリッシング:1,[発売]角川グループパブリッシング　∥　カドカワ グループ パブリッシング,[発売]角川グループパブリッシング　∥　カドカワグループパブリッシング=[2],no,[2]
kunoichi-momoka-tabegoro-desu,くノ一桃果食べごろです?,2,KADOKAWA　∥　カドカワ:1 | KADOKAWA:1,KADOKAWA　∥　カドカワ,KADOKAWA=[2],no,[2]
kuroi-yakushi-to-shiroki-ryuuhime,黒い薬師と白き竜姫,2,[発売]星雲社　∥　セイウンシャ:1 | [頒布]星雲社 (発売)　∥　セイウンシャ:1,[発売]星雲社　∥　セイウンシャ,[頒布]星雲社 (発売)　∥　セイウンシャ=[2],no,[2]
kurokuro,くろくろ,2,秋田書店　∥　アキタ ショテン:1 | 秋田書店　∥　アキタショテン:1,秋田書店　∥　アキタ ショテン,秋田書店　∥　アキタショテン=[2],no,[2]
kuroneko-wa-kare-ni-koishinai-yakusoku,黒猫は彼に恋しない約束,2,[発売]ほるぷ出版　∥　ホルプ シュッパン:1 | [発売]ほるぷ出版　∥　ホルプシュッパン:1,[発売]ほるぷ出版　∥　ホルプ シュッパン,[発売]ほるぷ出版　∥　ホルプシュッパン=[2],no,[2]
kuroneko-wa-nakanai,黒猫は泣かない。,2,とおとうみ出版　∥　トオトウミシュッパン:1 | 双葉社　∥　フタバシャ:1,とおとうみ出版　∥　トオトウミシュッパン,双葉社　∥　フタバシャ=[2],no,[2]
kurosaki-kun-no-iinari-ni-nante-naranai-s,黒崎くんの言いなりになんてならないS,2,講談社　∥　コウダンシャ:1 | 講談社:1,講談社　∥　コウダンシャ,講談社=[2],no,[2]
kuudere-zuma,クーデレづま,2,[頒布]星雲社 (発売)　∥　セイウンシャ:1 | [頒布]星雲社　∥　セイウンシャ:1,[頒布]星雲社 (発売)　∥　セイウンシャ,[頒布]星雲社　∥　セイウンシャ=[3],no,[3]
kyonyuu-to-loli-to-boyish,巨乳とロリとボーイッシュ,2,一迅社:1 | [発売]講談社　∥　コウダンシャ:1,一迅社,[発売]講談社　∥　コウダンシャ=[2],no,[2]
kyou-kara-koko-de-kurashimasu,今日からここで暮らシマす!?,2,KADOKAWA　∥　カドカワ:1 | KADOKAWA:1,KADOKAWA　∥　カドカワ,KADOKAWA=[3],no,[3]
kyou-mo-nao-shitsuji,今日もなお執事,2,リブレ出版:1 | リブレ出版　∥　リブレ シュッパン:1,リブレ出版,リブレ出版　∥　リブレ シュッパン=[2],no,[2]
kyou-no-nyako-tan,きょうのにゃこ譚,2,少年画報社　∥　ショウネン ガホウシャ:1 | 少年画報社　∥　ショウネンガホウシャ:1,少年画報社　∥　ショウネン ガホウシャ,少年画報社　∥　ショウネンガホウシャ=[2],no,[2]
kyouka-ayakashi-hichou,鏡花あやかし秘帖,2,[発売]学研マーケティング　∥　ガッケン マーケティング:1 | 学研プラス　∥　ガッケン プラス:1,[発売]学研マーケティング　∥　ガッケン マーケティング,学研プラス　∥　ガッケン プラス=[3],no,[3]
kyouryuu-sekai-no-survival,恐竜世界のサバイバル,2,朝日新聞社:1 | 朝日新聞出版:1,朝日新聞社,朝日新聞出版=[2],no,[2]
kyoushi-mo-iroiro-aru-wake-de,教師も色々あるわけで,2,リブレ　∥　リブレ:1 | リブレ出版　∥　リブレ シュッパン:1,リブレ　∥　リブレ,リブレ出版　∥　リブレ シュッパン=[2],no,[2]
kyuudoushi,弓導士,2,[発売]角川グループパブリッシング　∥　カドカワ グループ パブリッシング:1 | [発売]角川グループパブリッシング　∥　カドカワグループパブリッシング:1,[発売]角川グループパブリッシング　∥　カドカワ グループ パブリッシング,[発売]角川グループパブリッシング　∥　カドカワグループパブリッシング=[2],no,[2]
kyuujou-no-charlotte,球場のシャーロット,2,芳文社　∥　ホウブンシャ:1 | 芳文社:1,芳文社　∥　ホウブンシャ,芳文社=[2],no,[2]
kyuukoku-no-meshia,救国のメシア,2,宙出版　∥　オオゾラ シュッパン:1 | [発売]ジャイブ　∥　ジャイブ:1,宙出版　∥　オオゾラ シュッパン,[発売]ジャイブ　∥　ジャイブ=[2],no,[2]
l-dk-pink,L・DK Pink,2,講談社　∥　コウダンシャ:1 | 講談社:1,講談社　∥　コウダンシャ,講談社=[2],no,[2]
lamento,Lamento,2,エンターブレイン:1 | [発売]角川グループパブリッシング　∥　カドカワ グループ パブリッシング:1,エンターブレイン,[発売]角川グループパブリッシング　∥　カドカワ グループ パブリッシング=[2],no,[2]
last-exile-sunadokei-no-tabibito,ラストエグザイル 砂時計の旅人,2,[発売]角川グループパブリッシング　∥　カドカワ グループ パブリッシング:1 | [発売]角川グループパブリッシング　∥　カドカワグループパブリッシング:1,[発売]角川グループパブリッシング　∥　カドカワ グループ パブリッシング,[発売]角川グループパブリッシング　∥　カドカワグループパブリッシング=[2],no,[2]
leda-no-majutsushi,レダの魔術師,2,KADOKAWA　∥　カドカワ:1 | KADOKAWA:1,KADOKAWA　∥　カドカワ,KADOKAWA=[2],no,[2]
lingerie-plump,ランジェリープランプ,2,キルタイムコミュニケーション　∥　キルタイムコミュニケーション:1 | キルタイムコミュニケーション:1,キルタイムコミュニケーション　∥　キルタイムコミュニケーション,キルタイムコミュニケーション=[2],no,[2]
lip-service,リップサービス,2,白泉社　∥　ハクセンシャ:1 | 白泉社:1,白泉社　∥　ハクセンシャ,白泉社=[2],no,[2]
loop-kara-nukedasenai-akuyaku-reijou-wa-akiramete-sukikatte-ikiru-koto-ni-kimemashita,ループから抜け出せない悪役令嬢は、諦めて好き勝手生きることに決めました,2,[頒布]星雲社 (発売)　∥　セイウンシャ:1 | [頒布]星雲社　∥　セイウンシャ:1,[頒布]星雲社 (発売)　∥　セイウンシャ,[頒布]星雲社　∥　セイウンシャ=[2],no,[2]
love-bullet,ラブ・バレット,2,KADOKAWA　∥　カドカワ:1 | KADOKAWA:1,KADOKAWA　∥　カドカワ,KADOKAWA=[2],no,[2]
love-kowai,れんあいこわい,2,一迅社　∥　イチジンシャ:1 | [発売]講談社　∥　コウダンシャ:1,一迅社　∥　イチジンシャ,[発売]講談社　∥　コウダンシャ=[2],no,[2]
love-nenrei,恋愛年齢,2,コアマガジン　∥　コア マガジン:1 | コアマガジン　∥　コアマガジン:1,コアマガジン　∥　コア マガジン,コアマガジン　∥　コアマガジン=[2],no,[2]
love-survival-riaritei-show-ni-kita-hazu-ga-real-survival-desu-game-o-ikinuku-koto-ni-narimashita,恋愛サバイバルリアリティショーに来たはずが、リアルサバイバルデスゲームを生き抜くことになりました,2,ぶんか社　∥　ブンカシャ:1 | ぶんか社:1,ぶんか社　∥　ブンカシャ,ぶんか社=[3],no,[3]
love-taishitsu,恋愛体質,2,小学館　∥　ショウガクカン:1 | 大都社:1,小学館　∥　ショウガクカン,大都社=[3],no,[3]
lunch-sake,ランチ酒,2,KADOKAWA　∥　カドカワ:1 | KADOKAWA:1,KADOKAWA　∥　カドカワ,KADOKAWA=[3],no,[3]
ma-no-mono-tachi-wa-kuwadateru,魔のものたちは企てる,2,KADOKAWA　∥　カドカワ:1 | KADOKAWA:1,KADOKAWA　∥　カドカワ,KADOKAWA=[3],no,[3]
machi-cinema,マチキネマ,2,宙出版　∥　オオゾラ シュッパン:1 | 宙出版　∥　オオゾラシュッパン:1,宙出版　∥　オオゾラ シュッパン,宙出版　∥　オオゾラシュッパン=[2],no,[2]
macross-plus-tac-name,マクロスプラス タックネーム,2,[発売]角川グループパブリッシング　∥　カドカワ グループ パブリッシング:1 | [発売]角川グループパブリッシング　∥　カドカワグループパブリッシング:1,[発売]角川グループパブリッシング　∥　カドカワ グループ パブリッシング,[発売]角川グループパブリッシング　∥　カドカワグループパブリッシング=[2],no,[2]
madarame-sensei-no-mousou-gakkyuu-nisshi,斑目先生の妄想学級日誌,2,スクウェア・エニックス　∥　スクウェア エニックス:1 | スクウェア・エニックス　∥　スクウェア ・ エニックス:1,スクウェア・エニックス　∥　スクウェア エニックス,スクウェア・エニックス　∥　スクウェア ・ エニックス=[2],no,[2]
magatora-kurandogari,禍虎-喰人狩り-,2,[発売]星雲社　∥　セイウンシャ:1 | [頒布]星雲社 (発売)　∥　セイウンシャ:1,[発売]星雲社　∥　セイウンシャ,[頒布]星雲社 (発売)　∥　セイウンシャ=[2],no,[2]
mahou-no-onnanoko-chaamii-chako-chan,魔法の女の子ちゃ～み～チャコちゃん,2,学習研究社　∥　ガクシュウ ケンキュウシャ:1 | [発売]学研マーケティング　∥　ガッケン マーケティング:1,学習研究社　∥　ガクシュウ ケンキュウシャ,[発売]学研マーケティング　∥　ガッケン マーケティング=[2],no,[2]
mahou-senki-lyrical-nanoha-force-dimension,魔法戦記リリカルなのはForce Dimension,2,[発売]角川グループパブリッシング　∥　カドカワグループパブリッシング:1 | KADOKAWA　∥　カドカワ:1,[発売]角川グループパブリッシング　∥　カドカワグループパブリッシング,KADOKAWA　∥　カドカワ=[2],no,[2]
mahou-shoujo-chikichiki,魔法少女チキチキ,2,ジャイブ:1 | 竹書房　∥　タケ ショボウ:1,ジャイブ,竹書房　∥　タケ ショボウ=[3],no,[3]
mahou-shoujo-live,魔法少女Live!,2,講談社　∥　コウダンシャ:1 | 講談社:1,講談社　∥　コウダンシャ,講談社=[2],no,[2]
mahoutsukai-no-yome-danpenshuu,魔法使いの嫁断片集,2,[頒布]KADOKAWA　∥　カドカワ:1 | [頒布]KADOKAWA:1,[頒布]KADOKAWA　∥　カドカワ,[頒布]KADOKAWA=[2],no,[2]
mairimashita-to-iwasetai,まいりましたと言わせたい,2,白泉社　∥　ハクセンシャ:1 | 白泉社:1,白泉社　∥　ハクセンシャ,白泉社=[3],no,[3]
maji-de-watashi-ni-koishinasai-esu,真剣で私に恋しなさい!S 九鬼紋白編,2,[発売]角川グループパブリッシング　∥　カドカワグループパブリッシング:1 | KADOKAWA　∥　カドカワ:1,[発売]角川グループパブリッシング　∥　カドカワグループパブリッシング,KADOKAWA　∥　カドカワ=[2],no,[2]
majo-no-suupu,魔女のスープ,2,少年画報社　∥　ショウネンガホウシャ:1 | 少年画報社:1,少年画報社　∥　ショウネンガホウシャ,少年画報社=[2],no,[2]
majuui-to-watashi,魔獣医とわたし,2,KADOKAWA　∥　カドカワ:1 | KADOKAWA:1,KADOKAWA　∥　カドカワ,KADOKAWA=[2],no,[2]
makai-no-aisare-shiiiioo-wa-moto-yuusha,魔界の愛されCEOは元勇者,2,芳文社　∥　ホウブンシャ:1 | 芳文社:1,芳文社　∥　ホウブンシャ,芳文社=[2],no,[2]
makigama-no-pandora,薪窯のパンドラ,2,芳文社　∥　ホウブンシャ:1 | 芳文社:1,芳文社　∥　ホウブンシャ,芳文社=[2],no,[2]
makimodori-koushaku-reijou-desu-maou-cheat-de-saikyou-yuusha-ni-narimashita,巻き戻り公爵令嬢ですが魔王チートで最強勇者になりました!?,2,[頒布]星雲社 (発売)　∥　セイウンシャ:1 | [頒布]星雲社:1,[頒布]星雲社 (発売)　∥　セイウンシャ,[頒布]星雲社=[2],no,[2]
mama-wa-maria-sama,ままはまりあさま,2,ワニブックス　∥　ワニ ブックス:1 | ワニブックス　∥　ワニブックス:1,ワニブックス　∥　ワニ ブックス,ワニブックス　∥　ワニブックス=[2],no,[2]
manga-kazoku,まんがかぞく,2,双葉社:1 | 双葉社　∥　フタバシャ:1,双葉社,双葉社　∥　フタバシャ=[2],no,[2]
manga-sekai-wa-rensaichuu,マンガ世界は連載中!,2,徳間書店　∥　トクマ ショテン:1 | 徳間書店:1,徳間書店　∥　トクマ ショテン,徳間書店=[2],no,[2]
maou-reijou-no-shikkousha,魔王令嬢の執行者,2,KADOKAWA　∥　カドカワ:1 | KADOKAWA:1,KADOKAWA　∥　カドカワ,KADOKAWA=[3],no,[3]
maou-to-yuusha-shika-inai-sekai,魔王と勇者しかいない世界,2,日本文芸社　∥　ニホン ブンゲイシャ:1 | 日本文芸社:1,日本文芸社　∥　ニホン ブンゲイシャ,日本文芸社=[2],no,[2]
material-ghost,マテリアルゴースト,2,[発売]角川グループパブリッシング　∥　カドカワ グループ パブリッシング:1 | [発売]角川グループパブリッシング　∥　カドカワグループパブリッシング:1,[発売]角川グループパブリッシング　∥　カドカワ グループ パブリッシング,[発売]角川グループパブリッシング　∥　カドカワグループパブリッシング=[2],no,[2]
matome-site,まとめ×さいと!,2,[発売]KADOKAWA　∥　カドカワ:1 | KADOKAWA　∥　カドカワ:1,[発売]KADOKAWA　∥　カドカワ,KADOKAWA　∥　カドカワ=[2],no,[2]
matsuko-san-no-kiwame-kun,松子さんちのきわめくん,2,[発売]ほるぷ出版　∥　ホルプシュッパン:1 | フレックスコミックス　∥　フレックスコミックス:1,[発売]ほるぷ出版　∥　ホルプシュッパン,フレックスコミックス　∥　フレックスコミックス=[2],no,[2]
mawaru-doughnut-to-kinyoubi,まわるドーナツと金曜日,2,芳文社　∥　ホウブンシャ:1 | 芳文社:1,芳文社　∥　ホウブンシャ,芳文社=[3],no,[3]
mayonaka-punch,真夜中ぱんチ,2,KADOKAWA　∥　カドカワ:1 | KADOKAWA:1,KADOKAWA　∥　カドカワ,KADOKAWA=[2],no,[2]
megami-no-kizuato,女神の疵痕,2,白泉社　∥　ハクセンシャ:1 | 白泉社:1,白泉社　∥　ハクセンシャ,白泉社=[3],no,[3]
megane-no-kimi-ga-suki,メガネのキミがスキ!,2,リブレ出版　∥　リブレ シュッパン:1 | リブレ　∥　リブレ:1,リブレ出版　∥　リブレ シュッパン,リブレ　∥　リブレ=[2],no,[2]
meiji-rabu-shop,明治ラブショップ,2,[発売]講談社　∥　コウダンシャ:1 | [頒布]講談社 (発売)　∥　コウダンシャ:1,[発売]講談社　∥　コウダンシャ,[頒布]講談社 (発売)　∥　コウダンシャ=[2],no,[2]
messiah-seiiki-ishuu,メサイア 聖域蝟集,2,[発売]角川グループパブリッシング　∥　カドカワ グループ パブリッシング:1 | [発売]角川グループパブリッシング　∥　カドカワ グループパブリッシング:1,[発売]角川グループパブリッシング　∥　カドカワ グループ パブリッシング,[発売]角川グループパブリッシング　∥　カドカワ グループパブリッシング=[2],no,[2]
meta-baron-no-ichizoku,メタ・バロンの一族,2,小学館集英社プロダクション　∥　ショウガクカンシュウエイシャプロダクション:1 | [発売]集英社　∥　シュウエイシャ:1,小学館集英社プロダクション　∥　ショウガクカンシュウエイシャプロダクション,[発売]集英社　∥　シュウエイシャ=[2],no,[2]
midori-no-mahou-to-kaori-no-tsukaite,緑の魔法と香りの使い手,2,[発売]星雲社　∥　セイウンシャ:1 | [頒布]星雲社 (発売)　∥　セイウンシャ:1,[発売]星雲社　∥　セイウンシャ,[頒布]星雲社 (発売)　∥　セイウンシャ=[2],no,[2]
midorimushi-wa-midori-desuka-mushi-desuka,ミドリムシは植物ですか?虫ですか?,2,[発売]角川グループホールディングス　∥　カドカワグループホールディングス:1 | KADOKAWA　∥　カドカワ:1,[発売]角川グループホールディングス　∥　カドカワグループホールディングス,KADOKAWA　∥　カドカワ=[2],no,[2]
migawari-no-konin,身代わりの婚姻,2,ハーパーコリンズ・ジャパン　∥　ハーパーコリンズジャパン:1 | ハーパーコリンズ・ジャパン:1,ハーパーコリンズ・ジャパン　∥　ハーパーコリンズジャパン,ハーパーコリンズ・ジャパン=[2],no,[2]
mikawa-beruno-to-ika-gorira-no-choujigen-joshikai,美川べるのといかゴリラの超次元女子会,2,竹書房　∥　タケショボウ:1 | 竹書房:1,竹書房　∥　タケショボウ,竹書房=[2],no,[2]
mikeneko-shinkyuuin,みけねこ鍼灸院,2,少年画報社　∥　ショウネンガホウシャ:1 | 少年画報社　∥　ショウネン ガホウシャ:1,少年画報社　∥　ショウネンガホウシャ,少年画報社　∥　ショウネン ガホウシャ=[2],no,[2]
minami-kun-wa-sono-koe-ni-jirasaretai,南くんはその声に焦らされたい,2,笠倉出版社　∥　カサクラ シュッパンシャ:1 | 笠倉出版社:1,笠倉出版社　∥　カサクラ シュッパンシャ,笠倉出版社=[3],no,[3]
mitsubachi-to-enrai,蜜蜂と遠雷,2,[発売]幻冬舎　∥　ゲントウシャ:1 | [頒布]幻冬舎 (発売)　∥　ゲントウシャ:1,[発売]幻冬舎　∥　ゲントウシャ,[頒布]幻冬舎 (発売)　∥　ゲントウシャ=[2],no,[2]
miyarabi-monogatari,美童物語,2,講談社:1 | 講談社　∥　コウダンシャ:1,講談社,講談社　∥　コウダンシャ=[2],no,[2]
miyori-no-nai-onnanoko,身寄りのない女の子,2,ジーオーティー　∥　ジーオーティー:1 | ジーオーティー:1,ジーオーティー　∥　ジーオーティー,ジーオーティー=[2],no,[2]
mizu-muuchanneru-tonari-no-ban-kowadan,水ムーちゃんねる隣の晩怖談,2,[頒布]小学館クリエイティブ　∥　ショウガクカンクリエイティブ:1 | [頒布]小学館クリエイティブ:1,[頒布]小学館クリエイティブ　∥　ショウガクカンクリエイティブ,[頒布]小学館クリエイティブ=[4],no,[4]
mobile-suit-gundam-age-second-evolution,機動戦士ガンダムAGE Second Evolution,2,[発売]角川グループパブリッシング　∥　カドカワ グループ パブリッシング:1 | [発売]角川グループパブリッシング　∥　カドカワグループパブリッシング:1,[発売]角川グループパブリッシング　∥　カドカワ グループ パブリッシング,[発売]角川グループパブリッシング　∥　カドカワグループパブリッシング=[2],no,[2]
mobile-suit-gundam-dei-after-tomorrow,機動戦士ガンダム デイアフタートゥモロー,2,[発売]角川グループパブリッシング　∥　カドカワ グループ パブリッシング:1 | [発売]角川グループパブリッシング　∥　カドカワグループパブリッシング:1,[発売]角川グループパブリッシング　∥　カドカワ グループ パブリッシング,[発売]角川グループパブリッシング　∥　カドカワグループパブリッシング=[2],no,[2]
mobile-suit-gundam-seed-c-e-73-delta-astray,機動戦士ガンダムSEED C.E.73 Δ ASTRAY,2,[発売]角川グループパブリッシング　∥　カドカワ グループ パブリッシング:1 | 角川書店　∥　カドカワ ショテン:1,[発売]角川グループパブリッシング　∥　カドカワ グループ パブリッシング,角川書店　∥　カドカワ ショテン=[2],no,[2]
mobile-suit-gundam-uc-hoshizuki-no-kakera,機動戦士ガンダムUC星月の欠片,2,[発売]角川グループパブリッシング　∥　カドカワグループパブリッシング:1 | KADOKAWA　∥　カドカワ:1,[発売]角川グループパブリッシング　∥　カドカワグループパブリッシング,KADOKAWA　∥　カドカワ=[2],no,[2]
mobile-suit-gundam-uc-testament,機動戦士ガンダムUCテスタメント,2,[発売]角川グループパブリッシング　∥　カドカワ グループ パブリッシング:1 | KADOKAWA　∥　カドカワ:1,[発売]角川グループパブリッシング　∥　カドカワ グループ パブリッシング,KADOKAWA　∥　カドカワ=[2],no,[2]
mofumofu-majuu-to-heion-ni-kurashitai-node-kowamote-koushaku-no-kyuukon-wa-okotowari-desu,もふもふ魔獣と平穏に暮らしたいのでコワモテ公爵の求婚はお断りです,2,スターツ出版　∥　スターツシュッパン:1 | スターツ出版:1,スターツ出版　∥　スターツシュッパン,スターツ出版=[3],no,[3]
mogu-land,モグランド,2,コアミックス　∥　コアミックス:1 | コアミックス:1,コアミックス　∥　コアミックス,コアミックス=[3],no,[3]
momo-eno-tegami,ももへの手紙,2,[発売]角川グループパブリッシング　∥　カドカワ グループ パブリッシング:1 | [発売]角川グループパブリッシング　∥　カドカワグループパブリッシング:1,[発売]角川グループパブリッシング　∥　カドカワ グループ パブリッシング,[発売]角川グループパブリッシング　∥　カドカワグループパブリッシング=[2],no,[2]
monster-tribe,MONSTER TRIBE,2,KADOKAWA　∥　カドカワ:1 | KADOKAWA:1,KADOKAWA　∥　カドカワ,KADOKAWA=[2],no,[2]
monty-paradise,モンティパラダイス,2,[頒布]小学館クリエイティブ　∥　ショウガクカンクリエイティブ:1 | [頒布]小学館クリエイティブ:1,[頒布]小学館クリエイティブ　∥　ショウガクカンクリエイティブ,[頒布]小学館クリエイティブ=[3],no,[3]
moon-river-o-watatte,ムーンリバーを渡って,2,小学館　∥　ショウガクカン:1 | 小学館:1,小学館　∥　ショウガクカン,小学館=[3],no,[3]
moth-no-iru-nichijou,モスのいる日常,2,イースト・プレス　∥　イーストプレス:1 | イースト・プレス:1,イースト・プレス　∥　イーストプレス,イースト・プレス=[3],no,[3]
moto-idol-no-hello-work,元アイドルのハロー!ワーク,2,芳文社　∥　ホウブンシャ:1 | 芳文社:1,芳文社　∥　ホウブンシャ,芳文社=[2],no,[2]
moto-kare-hiroimashita,元カレ、拾いました。,2,[頒布]講談社 (発売)　∥　コウダンシャ:1 | [頒布]講談社　∥　コウダンシャ:1,[頒布]講談社 (発売)　∥　コウダンシャ,[頒布]講談社　∥　コウダンシャ=[2],no,[2]
moto-yan-ooeru-wa-kojirase-elite-no-iinari-omocha,元ヤンOLはこじらせエリートのいいなりおもちゃ♡,2,ぶんか社　∥　ブンカシャ:1 | ぶんか社:1,ぶんか社　∥　ブンカシャ,ぶんか社=[3],no,[3]
motokare-shidou-kun-ni-kokuritai,モトカレ紫藤くんに告りたい!,2,宙出版　∥　オオゾラ シュッパン:1 | 宙出版:1,宙出版　∥　オオゾラ シュッパン,宙出版=[3],no,[3]
motto-teikou-shitekureyo,もっと抵抗してくれよ,2,[発売]大都社　∥　ダイトシャ:1 | 大都社　∥　ダイトシャ:1,[発売]大都社　∥　ダイトシャ,大都社　∥　ダイトシャ=[2],no,[2]
mousou-akademizumu,妄想アカデミズム,2,芳文社　∥　ホウブンシャ:1 | 芳文社:1,芳文社　∥　ホウブンシャ,芳文社=[2],no,[2]
mugimoto-sanpo-no-sukina-mono,麦本三歩の好きなもの,2,[発売]幻冬舎　∥　ゲントウシャ:1 | [頒布]幻冬舎　∥　ゲントウシャ:1,[発売]幻冬舎　∥　ゲントウシャ,[頒布]幻冬舎　∥　ゲントウシャ=[2],no,[2]
muhoutsukai-appo-chan,無法使いアッポちゃん,2,太田出版　∥　オオタ シュッパン:1 | 太田出版　∥　オオタシュッパン:1,太田出版　∥　オオタ シュッパン,太田出版　∥　オオタシュッパン=[2],no,[2]
mukuchi-na-miyashita-san-no-shikiyoku-channel,無口な宮下さんの色欲チャンネル,2,竹書房　∥　タケ ショボウ:1 | 竹書房:1,竹書房　∥　タケ ショボウ,竹書房=[2],no,[2]
nagahama-monogatari-taishou-collection,長浜ものがたり大賞コレクション,2,「長浜ものがたり大賞」実行委員会　∥　「 ナガハマ モノガタリ タイショウ 」 ジッコウ イインカイ:1 | [発売]サンライズ出版　∥　サンライズシュッパン:1,「長浜ものがたり大賞」実行委員会　∥　「 ナガハマ モノガタリ タイショウ 」 ジッコウ イインカイ,[発売]サンライズ出版　∥　サンライズシュッパン=[2],no,[2]
nagahama-touu-bii-or-not-touu-bii,"長浜to be, or not to be",2,新書館　∥　シンショカン:1 | 新書館:1,新書館　∥　シンショカン,新書館=[2],no,[2]
nagisa-2010,渚,2,メディアックス:1 | メディアックス　∥　メディアックス:1,メディアックス,メディアックス　∥　メディアックス=[2],no,[2]
naru-doma,ナルどマ,2,KADOKAWA　∥　カドカワ:1 | NHN comico　∥　NHN comico:1,KADOKAWA　∥　カドカワ,NHN comico　∥　NHN comico=[2],no,[2]
navigatoria-oshiishi-2024,ナヴィガトリア,2,集英社　∥　シュウエイシャ:1 | 集英社:1,集英社　∥　シュウエイシャ,集英社=[2],no,[2]
neko-no-oshigoto,ねこのおしごと,2,[頒布]小学館クリエイティブ (発売)　∥　ショウガクカンクリエイティブ:1 | [頒布]小学館クリエイティブ:1,[頒布]小学館クリエイティブ (発売)　∥　ショウガクカンクリエイティブ,[頒布]小学館クリエイティブ=[2],no,[2]
nekokaburi-encore,ネコかぶりアンコール!,2,芳文社　∥　ホウブンシャ:1 | 芳文社:1,芳文社　∥　ホウブンシャ,芳文社=[3],no,[3]
nekokatsu-otoko,ねこ活男子!,2,[頒布]集英社 (発売)　∥　シュウエイシャ:1 | [頒布]集英社　∥　シュウエイシャ:1,[頒布]集英社 (発売)　∥　シュウエイシャ,[頒布]集英社　∥　シュウエイシャ=[2],no,[2]
nekuromaria-hanashoubu,ネクロマリア-花菖蒲-,2,[発売]廣済堂あかつき　∥　コウサイドウ アカツキ:1 | [発売]廣済堂出版　∥　コウサイドウシュッパン:1,[発売]廣済堂あかつき　∥　コウサイドウ アカツキ,[発売]廣済堂出版　∥　コウサイドウシュッパン=[2],no,[2]
nemu-chan-no-sei-de-nemurenaitsu,ネムちゃんのせいで眠れないっ!,2,KADOKAWA　∥　カドカワ:1 | KADOKAWA:1,KADOKAWA　∥　カドカワ,KADOKAWA=[2],no,[2]
net-de-kirai-na-aitsu-no-keshikata,ネットできらいなあいつの消し方,2,徳間書店　∥　トクマ ショテン:1 | 徳間書店:1,徳間書店　∥　トクマ ショテン,徳間書店=[2],no,[2]
nezumi-royale,ねずみロワイアル,2,講談社　∥　コウダンシャ:1 | 講談社:1,講談社　∥　コウダンシャ,講談社=[3],no,[3]
niku-no-kaoyaku,肉の顔役,2,竹書房　∥　タケ ショボウ:1 | 竹書房　∥　タケショボウ:1,竹書房　∥　タケ ショボウ,竹書房　∥　タケショボウ=[2],no,[2]
ningen-koujou,人間工場,2,[発売]泰文堂　∥　タイブンドウ:1 | アース・スターエンターテイメント　∥　アーススターエンターテイメント:1,[発売]泰文堂　∥　タイブンドウ,アース・スターエンターテイメント　∥　アーススターエンターテイメント=[2],no,[2]
ningen-shikkaku-ito-2010,人間失格,2,イースト・プレス　∥　イースト プレス:1 | 新潮社　∥　シンチョウシャ:1,イースト・プレス　∥　イースト プレス,新潮社　∥　シンチョウシャ=[3],no,[3]
nisemono-seijo-ga-honmono-ni-katsugi-agerareru-made-no-sono-katei,ニセモノ聖女が本物に担ぎ上げられるまでのその過程,2,リブレ　∥　リブレ:1 | リブレ:1,リブレ　∥　リブレ,リブレ=[2],no,[2]
nobara,野ばら,2,東京漫画社　∥　トウキョウ マンガシャ:1 | [発売]角川グループパブリッシング　∥　カドカワ グループ パブリッシング:1,東京漫画社　∥　トウキョウ マンガシャ,[発売]角川グループパブリッシング　∥　カドカワ グループ パブリッシング=[2],no,[2]
noble-children-no-zankoku,ノーブルチルドレンの残酷,2,[発売]角川グループパブリッシング　∥　カドカワグループパブリッシング:1 | KADOKAWA　∥　カドカワ:1,[発売]角川グループパブリッシング　∥　カドカワグループパブリッシング,KADOKAWA　∥　カドカワ=[2],no,[2]
nochinochi-no-shitoron,のちのちのシトロン,2,秋田書店　∥　アキタショテン:1 | 秋田書店　∥　アキタ ショテン:1,秋田書店　∥　アキタショテン,秋田書店　∥　アキタ ショテン=[2],no,[2]
noosu-dakota,のぉすだこた,2,メディアックス:1 | メディアックス　∥　メディアックス:1,メディアックス,メディアックス　∥　メディアックス=[2],no,[2]
nora-men,野良麺,2,日本文芸社:1 | 日本文芸社　∥　ニホン ブンゲイシャ:1,日本文芸社,日本文芸社　∥　ニホン ブンゲイシャ=[2],no,[2]
noroi-no-ko-to-shiitagerareta-reijou-wa-koori-no-hakushaku-ni-dekiai-dekiaisareru,「呪いの子」と虐げられた令嬢は氷の伯爵に溺愛される,2,フレックスコミックス　∥　フレックスコミックス:1 | フレックスコミックス:1,フレックスコミックス　∥　フレックスコミックス,フレックスコミックス=[3],no,[3]
nourin-petit,のうりんプチ,2,スクウェア・エニックス　∥　スクウェア ・ エニックス:1 | スクウェア・エニックス　∥　スクウェア エニックス:1,スクウェア・エニックス　∥　スクウェア ・ エニックス,スクウェア・エニックス　∥　スクウェア エニックス=[2],no,[2]
nozomu-nozomi,のぞむのぞみ,2,少年画報社　∥　ショウネン ガホウシャ:1 | 少年画報社　∥　ショウネンガホウシャ:1,少年画報社　∥　ショウネン ガホウシャ,少年画報社　∥　ショウネンガホウシャ=[2],no,[2]
oda-nobuna-no-yabou-hime-sama-to-isshokenmei,織田信奈の野望 ひめさまといっしょ,2,[発売]角川グループパブリッシング　∥　カドカワ グループ パブリッシング:1 | [発売]角川グループパブリッシング　∥　カドカワグループパブリッシング:1,[発売]角川グループパブリッシング　∥　カドカワ グループ パブリッシング,[発売]角川グループパブリッシング　∥　カドカワグループパブリッシング=[2],no,[2]
odorochou-mononokeroku,おどろ町モノノケ録,2,[発売]角川グループパブリッシング　∥　カドカワ グループ パブリッシング:1 | [発売]角川グループパブリッシング　∥　カドカワグループパブリッシング:1,[発売]角川グループパブリッシング　∥　カドカワ グループ パブリッシング,[発売]角川グループパブリッシング　∥　カドカワグループパブリッシング=[2],no,[2]
ofutori-sama-neko-hiyori,おふとりさま猫日和,2,[発売]大都社　∥　ダイトシャ:1 | 大都社　∥　ダイトシャ:1,[発売]大都社　∥　ダイトシャ,大都社　∥　ダイトシャ=[2],no,[2]
oibore-yuusha-no-ise-kaigo,老いぼれ勇者の異世介護,2,KADOKAWA　∥　カドカワ:1 | KADOKAWA:1,KADOKAWA　∥　カドカワ,KADOKAWA=[3],no,[3]
oishii-yosei-no-sugoshikata,おいしい余生の過ごし方,2,少年画報社　∥　ショウネンガホウシャ:1 | 少年画報社:1,少年画報社　∥　ショウネンガホウシャ,少年画報社=[2],no,[2]
oishisugite-shinkokuna-eraa-ga-hasseishimashita,おいしすぎて深刻なエラーが発生しました。,2,[発売]幻冬舎　∥　ゲントウシャ:1 | [頒布]幻冬舎　∥　ゲントウシャ:1,[発売]幻冬舎　∥　ゲントウシャ,[頒布]幻冬舎　∥　ゲントウシャ=[2],no,[2]
ojou-sama-wa-chikyuu-no-sweets-ni-shinryaku-sarekakete-iru,お嬢様は地球のスイーツに侵略されかけている,2,竹書房　∥　タケ ショボウ:1 | 竹書房:1,竹書房　∥　タケ ショボウ,竹書房=[2],no,[2]
okane-ariki-no-kankeidesuga,お金ありきの関係ですが,2,[発売]講談社　∥　コウダンシャ:1 | [頒布]講談社　∥　コウダンシャ:1,[発売]講談社　∥　コウダンシャ,[頒布]講談社　∥　コウダンシャ=[2],no,[2]
okane-ga-daisuki-na-heimin-no-watashi-wa-hikutsu-kizoku-to-keiyaku-kekkon-shite-aishi-aisaremasu,お金が大好きな平民の私は卑屈貴族と契約結婚して愛し愛されます,2,ぶんか社　∥　ブンカシャ:1 | ぶんか社:1,ぶんか社　∥　ブンカシャ,ぶんか社=[3],no,[3]
okashi-no-ie-no-madam-san,おかしの家のマダムさん,2,秋田書店　∥　アキタショテン:1 | 秋田書店:1,秋田書店　∥　アキタショテン,秋田書店=[2],no,[2]
okitsune-gal-no-katabami-san,お狐ギャルの片喰さん,2,KADOKAWA　∥　カドカワ:1 | KADOKAWA:1,KADOKAWA　∥　カドカワ,KADOKAWA=[2],no,[2]
okitsunebiyori,おきつね日和,2,[発売]角川グループホールディングス　∥　カドカワグループホールディングス:1 | KADOKAWA　∥　カドカワ:1,[発売]角川グループホールディングス　∥　カドカワグループホールディングス,KADOKAWA　∥　カドカワ=[2],no,[2]
old-yokohama-radio-hour,オールドヨコハマラジオアワー,2,芳文社　∥　ホウブンシャ:1 | 芳文社:1,芳文社　∥　ホウブンシャ,芳文社=[3],no,[3]
omatsuri-ryourinin-saitama-yumeichi,お祭り料理人さいたま夢一,2,[発売]角川グループパブリッシング　∥　カドカワ グループ パブリッシング:1 | [発売]角川グループパブリッシング　∥　カドカワグループパブリッシング:1,[発売]角川グループパブリッシング　∥　カドカワ グループ パブリッシング,[発売]角川グループパブリッシング　∥　カドカワグループパブリッシング=[2],yes,[2]
onaji-girumen-no-koe-ga-suki,同じギルメンの声が好き,2,KADOKAWA　∥　カドカワ:1 | KADOKAWA:1,KADOKAWA　∥　カドカワ,KADOKAWA=[3],no,[3]
onegai-sonna-ni-kamanaide,お願い、そんなに噛まないで,2,[発売]れんが書房新社　∥　レンガショボウシンシャ:1 | [頒布]れんが書房新社　∥　レンガショボウシンシャ:1,[発売]れんが書房新社　∥　レンガショボウシンシャ,[頒布]れんが書房新社　∥　レンガショボウシンシャ=[2],no,[2]
onii-chan-no-koto-ga-sukisugite-nyannyan-shitai-burakon-imouto-dakedo-sunao-ni-narenaino,お兄ちゃんのことが好きすぎてにゃんにゃんしたいブラコン妹だけど素直になれないの,2,[発売]KADOKAWA　∥　カドカワ:1 | KADOKAWA　∥　カドカワ:1,[発売]KADOKAWA　∥　カドカワ,KADOKAWA　∥　カドカワ=[2],no,[2]
onikogi,オニコギ,2,[頒布]小学館クリエイティブ　∥　ショウガクカンクリエイティブ:1 | [頒布]小学館クリエイティブ:1,[頒布]小学館クリエイティブ　∥　ショウガクカンクリエイティブ,[頒布]小学館クリエイティブ=[3],no,[3]
onizuka-chan-to-sawarida-kun,鬼塚ちゃんと触田くん,2,[発売]講談社　∥　コウダンシャ:1 | [頒布]講談社　∥　コウダンシャ:1,[発売]講談社　∥　コウダンシャ,[頒布]講談社　∥　コウダンシャ=[2],no,[2]
onna-katchuu-kishi-san-to-boku,女甲冑騎士さんとぼく,2,[頒布]集英社　∥　シュウエイシャ:1 | [頒布]集英社:1,[頒布]集英社　∥　シュウエイシャ,[頒布]集英社=[2],no,[2]
onna-kudouden-rei,女苦道伝れい,2,[発売]主婦の友社　∥　シュフ ノ トモシャ:1 | [発売]主婦の友社　∥　シュフノトモシャ:1,[発売]主婦の友社　∥　シュフ ノ トモシャ,[発売]主婦の友社　∥　シュフノトモシャ=[3],no,[3]
onnatarashi-na-oji-san-ga-honki-ni-nattara,女たらしなオジサンが本気になったら。,2,[発売]三交社　∥　サンコウシャ:1 | [頒布]三交社 (発売)　∥　サンコウシャ:1,[発売]三交社　∥　サンコウシャ,[頒布]三交社 (発売)　∥　サンコウシャ=[2],no,[2]
onzoushi-wakeari-no-shomin-o-oki-ni-mesu,御曹司、ワケありの庶民をお気に召す。,2,ジーオーティー　∥　ジーオーティー:1 | ジーオーティー:1,ジーオーティー　∥　ジーオーティー,ジーオーティー=[2],no,[2]
oogami-san-to-keruberosuu,大上さんとケルベロスゥ!,2,一迅社　∥　イチジンシャ:1 | [発売]講談社　∥　コウダンシャ:1,一迅社　∥　イチジンシャ,[発売]講談社　∥　コウダンシャ=[2],no,[2]
ookami-kishi-to-junketsu-hime,狼騎士と純潔姫,2,ぶんか社　∥　kブンカシャ:1 | ぶんか社　∥　ブンカシャ:1,ぶんか社　∥　kブンカシャ,ぶんか社　∥　ブンカシャ=[2],no,[2]
ookami-kun-no-ai-wa-chotto-fukigen,狼くんの愛はちょっと不機嫌,2,竹書房　∥　タケ ショボウ:1 | 竹書房:1,竹書房　∥　タケ ショボウ,竹書房=[2],no,[2]
ookami-san-wa-taberaretai,オオカミさんは食べられたい,2,[発売]星雲社　∥　セイウンシャ:1 | [頒布]星雲社 (発売)　∥　セイウンシャ:1,[発売]星雲社　∥　セイウンシャ,[頒布]星雲社 (発売)　∥　セイウンシャ=[2],no,[2]
ookiku-nattara-onnanoko,大きくなったら女の子,2,講談社　∥　コウダンシャ:1 | 講談社:1,講談社　∥　コウダンシャ,講談社=[3],no,[3]
ooya-san-to-naisho,大家さんとないしょ?,2,ジーウォーク　∥　ジー ウォーク:1 | [発売]ジーウォーク　∥　ジー ウォーク:1,ジーウォーク　∥　ジー ウォーク,[発売]ジーウォーク　∥　ジー ウォーク=[2],no,[2]
ooyashima,オオヤシマ,2,[発売]角川グループパブリッシング　∥　カドカワ グループ パブリッシング:1 | [発売]角川グループパブリッシング　∥　カドカワグループパブリッシング:1,[発売]角川グループパブリッシング　∥　カドカワ グループ パブリッシング,[発売]角川グループパブリッシング　∥　カドカワグループパブリッシング=[2],no,[2]
ore-dake-no-senzoku-alpha,俺だけの専属アルファ,2,[発売]三交社　∥　サンコウシャ:1 | [頒布]三交社 (発売)　∥　サンコウシャ:1,[発売]三交社　∥　サンコウシャ,[頒布]三交社 (発売)　∥　サンコウシャ=[2],no,[2]
ore-ga-bl-manga-no-heroine-nante-arienee,オレがBL漫画のヒロインなんてありえねぇ!,2,[発売]幻冬舎　∥　ゲントウシャ:1 | [頒布]幻冬舎　∥　ゲントウシャ:1,[発売]幻冬舎　∥　ゲントウシャ,[頒布]幻冬舎　∥　ゲントウシャ=[2],no,[2]
ore-janee-to-dame-na-kuseni,俺じゃねぇとダメなくせに,2,[頒布]日販アイ・ピー・エス　∥　ニッパンアイピーエス:1 | [頒布]日販アイ・ピー・エス:1,[頒布]日販アイ・ピー・エス　∥　ニッパンアイピーエス,[頒布]日販アイ・ピー・エス=[3],no,[3]
ore-no-pan,俺のパン,2,おかやま工房　∥　オカヤマ コウボウ:1 | デザインエッグ:1,おかやま工房　∥　オカヤマ コウボウ,デザインエッグ=[2],no,[2]
ore-o-dame-ni-suru-yuki-chan-sensee,俺をダメにするユキちゃんせんせー,2,竹書房　∥　タケ ショボウ:1 | 竹書房:1,竹書房　∥　タケ ショボウ,竹書房=[2],no,[2]
ore-sama-kingdom-derakkusu,オレ様キングダムDX,2,小学館　∥　ショウガクカン:1 | 小学館:1,小学館　∥　ショウガクカン,小学館=[2],no,[2]
orion-meimetsu-su,オリオン明滅す,2,双葉社　∥　フタバシャ:1 | 双葉社:1,双葉社　∥　フタバシャ,双葉社=[2],no,[2]
orutona-no-tsuki,オルトナの月,2,KADOKAWA　∥　カドカワ:1 | KADOKAWA:1,KADOKAWA　∥　カドカワ,KADOKAWA=[2],no,[2]
oshi-korosu,推し殺す,2,新潮社　∥　シンチョウシャ:1 | 新潮社:1,新潮社　∥　シンチョウシャ,新潮社=[3],no,[3]
otajuu,ヲタ充,2,[発売]角川グループパブリッシング　∥　カドカワグループパブリッシング:1 | [発売]KADOKAWA　∥　カドカワ:1,[発売]角川グループパブリッシング　∥　カドカワグループパブリッシング,[発売]KADOKAWA　∥　カドカワ=[2],no,[2]
otogibanashi-wa-owaranai,おとぎ話は終わらない,2,[発売]星雲社　∥　セイウンシャ:1 | [頒布]星雲社 (発売)　∥　セイウンシャ:1,[発売]星雲社　∥　セイウンシャ,[頒布]星雲社 (発売)　∥　セイウンシャ=[2],no,[2]
otoko-girai-na-bijin-shimai-o-namae-mo-tsugezu-ni-tasuketara-ittai-dou-naru,男嫌いな美人姉妹を名前も告げずに助けたら一体どうなる?,2,KADOKAWA　∥　カドカワ:1 | KADOKAWA:1,KADOKAWA　∥　カドカワ,KADOKAWA=[4],no,[4]
otoko-koukousei-to-rokku-no-kiwadoi-tsukiaikata,男子高校生とロックのきわどいつきあい方。,2,[発売]角川グループホールディングス　∥　カドカワグループホールディングス:1 | KADOKAWA　∥　カドカワ:1,[発売]角川グループホールディングス　∥　カドカワグループホールディングス,KADOKAWA　∥　カドカワ=[2],no,[2]
otome-gee-no-oshi-ga-gyaku-trip-shite-kita-hanashi,乙女ゲーの推しが逆トリップしてきた話。,2,KADOKAWA　∥　カドカワ:1 | KADOKAWA:1,KADOKAWA　∥　カドカワ,KADOKAWA=[3],no,[3]
otome-shikou-no-uzurai-kun,乙女思考の鶉井くん,2,[頒布]幻冬舎　∥　ゲントウシャ:1 | [頒布]幻冬舎:1,[頒布]幻冬舎　∥　ゲントウシャ,[頒布]幻冬舎=[2],no,[2]
otona-ni-narenai-bokura-wa,大人になれない僕らは,2,講談社　∥　コウダンシャ:1 | 講談社:1,講談社　∥　コウダンシャ,講談社=[3],no,[3]
otonari-no-downer-san-wa-muri-sasenai,おとなりのダウナーさんは無理させない,2,KADOKAWA　∥　カドカワ:1 | KADOKAWA:1,KADOKAWA　∥　カドカワ,KADOKAWA=[2],no,[2]
otoshigo-to-juusha-no-monogatari,落とし子と従者の物語,2,[発売]星雲社　∥　セイウンシャ:1 | [頒布]星雲社 (発売)　∥　セイウンシャ:1,[発売]星雲社　∥　セイウンシャ,[頒布]星雲社 (発売)　∥　セイウンシャ=[2],no,[2]
outcast,アウトキャスト,2,Graffica Novels　∥　グラフィカノヴェルズ:1 | G-NOVELS　∥　ジーノヴェルズ:1,Graffica Novels　∥　グラフィカノヴェルズ,G-NOVELS　∥　ジーノヴェルズ=[2],no,[2]
oya-ga-saikon-shite-kyuu-ni-imouto-ga-dekita,親が再婚して急に妹ができた,2,イースト・プレス　∥　イーストプレス:1 | イースト・プレス:1,イースト・プレス　∥　イーストプレス,イースト・プレス=[2],no,[2]
oya-kara-misuteraremashita-jiriki-de-ikinuite-misemasu,親から見捨てられました。自力で生き抜いてみせます。,2,講談社　∥　コウダンシャ:1 | 講談社:1,講談社　∥　コウダンシャ,講談社=[2],no,[2]
oyasumi-matane-mashiro-kun,おやすみ、またね。ましろくん。,2,ブライト出版　∥　ブライトシュッパン:1 | ブライト出版:1,ブライト出版　∥　ブライトシュッパン,ブライト出版=[3],no,[3]
pako-chan,パコちゃん,2,[頒布]集英社 (発売)　∥　シュウエイシャ:1 | [頒布]集英社　∥　シュウエイシャ:1,[頒布]集英社 (発売)　∥　シュウエイシャ,[頒布]集英社　∥　シュウエイシャ=[2],no,[2]
papa-papa,パパ×パパ,2,KADOKAWA　∥　カドカワ:1 | KADOKAWA:1,KADOKAWA　∥　カドカワ,KADOKAWA=[3],no,[3]
para-izo,ぱら★いぞ,2,ワニマガジン社　∥　ワニ マガジンシャ:1 | ワニマガジン社　∥　ワニマガジンシャ:1,ワニマガジン社　∥　ワニ マガジンシャ,ワニマガジン社　∥　ワニマガジンシャ=[2],no,[2]
peace-in-hand,ピースインハンド,2,[頒布]集英社 (発売)　∥　シュウエイシャ:1 | [頒布]集英社　∥　シュウエイシャ:1,[頒布]集英社 (発売)　∥　シュウエイシャ,[頒布]集英社　∥　シュウエイシャ=[2],no,[2]
perfect-planet,パーフェクトプラネット,2,ジュリアンパブリッシング　∥　ジュリアンパブリッシング:1 | Jパブリッシング　∥　ジェーパブリッシング:1,ジュリアンパブリッシング　∥　ジュリアンパブリッシング,Jパブリッシング　∥　ジェーパブリッシング=[2],no,[2]
persona-tantei-naoto,ペルソナ×探偵NAOTO,2,[発売]KADOKAWA　∥　カドカワ:1 | KADOKAWA　∥　カドカワ:1,[発売]KADOKAWA　∥　カドカワ,KADOKAWA　∥　カドカワ=[2],no,[2]
pika-pika-slow-life,ピカピカスローライフ,2,[頒布]幻冬舎　∥　ゲントウシャ:1 | [頒布]幻冬舎:1,[頒布]幻冬舎　∥　ゲントウシャ,[頒布]幻冬舎=[2],no,[2]
pink-heart-jam-beat,ピンクハートジャムbeat,2,[頒布]集英社　∥　シュウエイシャ:1 | [頒布]集英社:1,[頒布]集英社　∥　シュウエイシャ,[頒布]集英社=[2],no,[2]
pink-to-gray,ピンクとグレー,2,[発売]角川グループパブリッシング　∥　カドカワグループパブリッシング:1 | [発売]角川グループホールディングス　∥　カドカワグループホールディングス:1,[発売]角川グループパブリッシング　∥　カドカワグループパブリッシング,[発売]角川グループホールディングス　∥　カドカワグループホールディングス=[2],no,[2]
pittosporum,ピットスポルム,2,ジーオーティー　∥　ジーオーティー:1 | ジーオーティー:1,ジーオーティー　∥　ジーオーティー,ジーオーティー=[5],no,[5]
play-after-call,プレイアフターコール,2,[頒布]講談社　∥　コウダンシャ:1 | [頒布]講談社:1,[頒布]講談社　∥　コウダンシャ,[頒布]講談社=[2],no,[2]
pokapoka-taiwan,ぽかぽかたいわん!,2,KADOKAWA　∥　カドカワ:1 | KADOKAWA:1,KADOKAWA　∥　カドカワ,KADOKAWA=[3],no,[3]
potion-danomi-de-ikinobimasu-hanano-to-lotte-no-futari-tabi,ポーション頼みで生き延びます!ハナノとロッテのふたり旅,2,講談社　∥　コウダンシャ:1 | 講談社:1,講談社　∥　コウダンシャ,講談社=[2],no,[2]
prefect-no-okibi,プリフェクトの熾火,2,ブライト出版　∥　ブライトシュッパン:1 | ブライト出版:1,ブライト出版　∥　ブライトシュッパン,ブライト出版=[2],no,[2]
q-no-keifu,Qの系譜,2,スクウェア・エニックス　∥　スクウェア エニックス:1 | スクウェア・エニックス　∥　スクウェア ・ エニックス:1,スクウェア・エニックス　∥　スクウェア エニックス,スクウェア・エニックス　∥　スクウェア ・ エニックス=[2],no,[2]
quilt-t,キルトT,2,秋田書店　∥　アキタ ショテン:1 | 秋田書店　∥　アキタショテン:1,秋田書店　∥　アキタ ショテン,秋田書店　∥　アキタショテン=[2],no,[2]
raburaibu-superstar-chii-chan-buchou-wa-yuunou-desu,ラブライブ!スーパースター!!ちぃちゃん部長は有能です!,2,KADOKAWA　∥　カドカワ:1 | KADOKAWA:1,KADOKAWA　∥　カドカワ,KADOKAWA=[2],no,[2]
raikonen-no-nettaigyo,ライコネンの熱帯魚,2,秋田書店　∥　アキタ ショテン:1 | 徳間書店　∥　トクマ ショテン:1,秋田書店　∥　アキタ ショテン,徳間書店　∥　トクマ ショテン=[3],no,[3]
raki-kun-wa-makai-de-kaima-shitai,ラキくんは魔界デ解魔したい!,2,KADOKAWA　∥　カドカワ:1 | KADOKAWA:1,KADOKAWA　∥　カドカワ,KADOKAWA=[2],no,[2]
rakuin-no-kemonobito,烙印のけものびと,2,竹書房　∥　タケ ショボウ:1 | 竹書房:1,竹書房　∥　タケ ショボウ,竹書房=[2],no,[2]
rapisurazuri-no-yakusoku,ラピスラズリの約束,2,[発売]ジーウォーク　∥　ジーウォーク:1 | [発売]ジーウォーク　∥　ジー ウォーク:1,[発売]ジーウォーク　∥　ジーウォーク,[発売]ジーウォーク　∥　ジー ウォーク=[2],no,[2]
rasubosu-love-death-rasubosu-love-death,ラスボスラブデス/ラスボスラブデス,2,秋田書店　∥　アキタショテン:1 | 秋田書店:1,秋田書店　∥　アキタショテン,秋田書店=[3],no,[3]
realive,Realive!,2,[発売]幻冬舎　∥　ゲントウシャ:1 | [頒布]幻冬舎　∥　ゲントウシャ:1,[発売]幻冬舎　∥　ゲントウシャ,[頒布]幻冬舎　∥　ゲントウシャ=[2],no,[2]
red-rule,レッドルール,2,講談社　∥　コウダンシャ:1 | 講談社:1,講談社　∥　コウダンシャ,講談社=[2],no,[2]
reikan-shounen-no-file,霊感少年の事件簿,2,Bbmfマガジン:1 | 青泉社:1,Bbmfマガジン,青泉社=[2],no,[2]
reivun-end-no-hitobito,レイヴンエンドの人びと,2,KADOKAWA　∥　カドカワ:1 | KADOKAWA:1,KADOKAWA　∥　カドカワ,KADOKAWA=[2],no,[2]
reliance,リライアンス,2,白泉社　∥　ハクセンシャ:1 | 白泉社:1,白泉社　∥　ハクセンシャ,白泉社=[2],no,[2]
retoroge,れとろげ。,2,マイクロマガジン社　∥　マイクロ マガジンシャ:1 | マイクロマガジン社　∥　マイクロマガジンシャ:1,マイクロマガジン社　∥　マイクロ マガジンシャ,マイクロマガジン社　∥　マイクロマガジンシャ=[2],no,[2]
rinjin-san-wa-osekkai-onee-san,隣人さんはおせっかいお姉さん,2,少年画報社　∥　ショウネンガホウシャ:1 | 少年画報社:1,少年画報社　∥　ショウネンガホウシャ,少年画報社=[3],no,[3]
rinjou,臨場,2,日本文芸社　∥　ニホン ブンゲイシャ:1 | 双葉社　∥　フタバシャ:1,日本文芸社　∥　ニホン ブンゲイシャ,双葉社　∥　フタバシャ=[3],yes,[3]
rival-ten-no-onna-ni-kyoumi-nanka-neeyo,ライバル店の女に興味なんかねぇよ,2,KADOKAWA　∥　カドカワ:1 | KADOKAWA:1,KADOKAWA　∥　カドカワ,KADOKAWA=[2],no,[2]
robotics-notes-phantom-snow,Robotics;Notes Phantom Snow,2,[発売]角川グループパブリッシング　∥　カドカワグループパブリッシング:1 | [発売]KADOKAWA　∥　カドカワ:1,[発売]角川グループパブリッシング　∥　カドカワグループパブリッシング,[発売]KADOKAWA　∥　カドカワ=[2],no,[2]
robotics-notes-side-junna,Robotics;Notes Side Junna,2,[発売]角川グループパブリッシング　∥　カドカワグループパブリッシング:1 | [発売]角川グループホールディングス　∥　カドカワグループホールディングス:1,[発売]角川グループパブリッシング　∥　カドカワグループパブリッシング,[発売]角川グループホールディングス　∥　カドカワグループホールディングス=[2],no,[2]
rockman-maniax,ロックマンマニアックス,2,[発売]文苑堂　∥　ブンエンドウ:1 | 復刊ドットコム　∥　フッカンドットコム:1,[発売]文苑堂　∥　ブンエンドウ,復刊ドットコム　∥　フッカンドットコム=[3],no,[3]
rockomanga,ROCKOMANGA!,2,リットーミュージック　∥　リットーミュージック:1 | シンコーミュージック・エンタテイメント　∥　シンコーミュージックエンタテイメント:1,リットーミュージック　∥　リットーミュージック,シンコーミュージック・エンタテイメント　∥　シンコーミュージックエンタテイメント=[2],no,[2]
room-tours,ルーム・ツアーズ,2,白泉社　∥　ハクセンシャ:1 | 白泉社:1,白泉社　∥　ハクセンシャ,白泉社=[2],no,[2]
roomshare,ルームシェア,2,ブライト出版　∥　ブライトシュッパン:1 | ブライト出版　∥　ブライト シュッパン:1,ブライト出版　∥　ブライトシュッパン,ブライト出版　∥　ブライト シュッパン=[2],no,[2]
rukawa-hiro,瑠川ヒロ,2,メディアックス:1 | メディアックス　∥　メディアックス:1,メディアックス,メディアックス　∥　メディアックス=[2],no,[2]
ryousha-no-ikemen-douryou-wa-shikou-no-playmate,寮舎のイケメン同僚は至高のプレイメイト,2,CLAPコミックス　∥　クラップコミックス:1 | CLAPコミックス:1,CLAPコミックス　∥　クラップコミックス,CLAPコミックス=[2],no,[2]
ryuu-to-ryuugoroshi-no-miko,龍と龍殺しの巫女,2,[発売]星雲社　∥　セイウンシャ:1 | [頒布]星雲社 (発売)　∥　セイウンシャ:1,[発売]星雲社　∥　セイウンシャ,[頒布]星雲社 (発売)　∥　セイウンシャ=[2],no,[2]
ryuujin-mabuyaa-pai-nu-shima,琉神マブヤー南風ぬ島,2,[発売]角川グループパブリッシング　∥　カドカワグループパブリッシング:1 | [発売]KADOKAWA　∥　カドカワ:1,[発売]角川グループパブリッシング　∥　カドカワグループパブリッシング,[発売]KADOKAWA　∥　カドカワ=[2],no,[2]
ryuujin-no-musume,龍神の娘,2,スクウェア・エニックス　∥　スクウェア ・ エニックス:1 | スクウェア・エニックス:1,スクウェア・エニックス　∥　スクウェア ・ エニックス,スクウェア・エニックス=[2],no,[2]
sacred-seven-thumbs-up-alma,セイクリッドセブン サムズアップ!アルマ,2,[発売]角川グループパブリッシング　∥　カドカワ グループ パブリッシング:1 | [発売]角川グループパブリッシング　∥　カドカワグループパブリッシング:1,[発売]角川グループパブリッシング　∥　カドカワ グループ パブリッシング,[発売]角川グループパブリッシング　∥　カドカワグループパブリッシング=[2],no,[2]
saenai-heroine-no-sodatekata-egoistic-lily,冴えない彼女の育てかたegoistic-lily,2,[発売]KADOKAWA　∥　カドカワ:1 | KADOKAWA　∥　カドカワ:1,[発売]KADOKAWA　∥　カドカワ,KADOKAWA　∥　カドカワ=[2],no,[2]
sahara-no-koufukusha,サハラの幸福者,2,ジュネット　∥　ジュネット:1 | ジュネット:1,ジュネット　∥　ジュネット,ジュネット=[2],no,[2]
saiai-no-tonari-no-akumu,最愛の隣の悪夢,2,[発売]角川グループパブリッシング　∥　カドカワグループパブリッシング:1 | [発売]角川グループホールディングス　∥　カドカワグループホールディングス:1,[発売]角川グループパブリッシング　∥　カドカワグループパブリッシング,[発売]角川グループホールディングス　∥　カドカワグループホールディングス=[2],no,[2]
saisei-gakkou,再生学校,2,一迅社　∥　イチジンシャ:1 | [発売]講談社　∥　コウダンシャ:1,一迅社　∥　イチジンシャ,[発売]講談社　∥　コウダンシャ=[2],no,[2]
sakai-miu-no-shoujo-manga-senki,酒井美羽の少女まんが戦記,2,秋田書店　∥　アキタショテン:1 | 秋田書店:1,秋田書店　∥　アキタショテン,秋田書店=[3],no,[3]
sakana-to-mizu-no-mori,魚と水の森,2,[頒布]集英社　∥　シュウエイシャ:1 | [頒布]集英社:1,[頒布]集英社　∥　シュウエイシャ,[頒布]集英社=[2],no,[2]
sakuma-kun-to-taki-kun-kekkon-suru-rashiiyo,佐久間くんと多喜くん、結婚するらしいよ,2,[発売]星雲社　∥　セイウンシャ:1 | [頒布]星雲社 (発売)　∥　セイウンシャ:1,[発売]星雲社　∥　セイウンシャ,[頒布]星雲社 (発売)　∥　セイウンシャ=[2],no,[2]
salvia-no-bouquet,サルビアのブーケ,2,[頒布]講談社　∥　コウダンシャ:1 | [頒布]講談社:1,[頒布]講談社　∥　コウダンシャ,[頒布]講談社=[2],no,[2]
same-wa-sakura-ni-koi-o-suru,鮫は桜に恋をする,2,ブライト出版　∥　ブライトシュッパン:1 | ブライト出版:1,ブライト出版　∥　ブライトシュッパン,ブライト出版=[3],no,[3]
sannengo-rikon-suru-hazu-ga-naze-dekiai-dekiaisaretemasu,三年後離婚するはずが、なぜか溺愛されてます,2,[頒布]講談社　∥　コウダンシャ:1 | [頒布]講談社:1,[頒布]講談社　∥　コウダンシャ,[頒布]講談社=[2],no,[2]
sanren-aruchizan,三連アルチザン,2,ブライト出版　∥　ブライトシュッパン:1 | [発売]サイゾー　∥　サイゾー:1,ブライト出版　∥　ブライトシュッパン,[発売]サイゾー　∥　サイゾー=[2],no,[2]
sasaki-ore-wa-amaku-wa-nai-karana,佐々木、俺は甘くはないからな,2,[発売]星雲社　∥　セイウンシャ:1 | [頒布]星雲社 (発売)　∥　セイウンシャ:1,[発売]星雲社　∥　セイウンシャ,[頒布]星雲社 (発売)　∥　セイウンシャ=[2],no,[2]
satore-miroku-chan,悟れ!弥勒ちゃん,2,一迅社　∥　イチジンシャ:1 | [発売]講談社　∥　コウダンシャ:1,一迅社　∥　イチジンシャ,[発売]講談社　∥　コウダンシャ=[2],no,[2]
saunoa,さうのあっ!,2,芳文社　∥　ホウブンシャ:1 | 芳文社:1,芳文社　∥　ホウブンシャ,芳文社=[2],no,[2]
sayonara-flower-petal,さよならフラワーペタル,2,[頒布]日販アイ・ピー・エス (発売)　∥　ニッパンアイピーエス:1 | [頒布]日販アイ・ピー・エス　∥　ニッパンアイピーエス:1,[頒布]日販アイ・ピー・エス (発売)　∥　ニッパンアイピーエス,[頒布]日販アイ・ピー・エス　∥　ニッパンアイピーエス=[2],no,[2]
sayonara-usotsuki-ningyohime,さよなら嘘つき人魚姫,2,[頒布]講談社 (発売)　∥　コウダンシャ:1 | [頒布]講談社　∥　コウダンシャ:1,[頒布]講談社 (発売)　∥　コウダンシャ,[頒布]講談社　∥　コウダンシャ=[2],no,[2]
scissor-sisters,SCISSOR SISTERS,2,[発売]角川グループパブリッシング　∥　カドカワグループパブリッシング:1 | [発売]角川グループホールディングス　∥　カドカワグループホールディングス:1,[発売]角川グループパブリッシング　∥　カドカワグループパブリッシング,[発売]角川グループホールディングス　∥　カドカワグループホールディングス=[2],no,[2]
sei-smiley-gakuen-koutoubu-smiley-2g,聖smiley学園高等部smiley*2G,2,[発売]角川グループパブリッシング　∥　カドカワ グループ パブリッシング:1 | [発売]角川グループホールディングス　∥　カドカワグループホールディングス:1,[発売]角川グループパブリッシング　∥　カドカワ グループ パブリッシング,[発売]角川グループホールディングス　∥　カドカワグループホールディングス=[2],no,[2]
seikatsu-majutsushi-tachi-daiseidou-ni-idomu,生活魔術師達、大聖堂に挑む,2,宝島社　∥　タカラジマシャ:1 | 宝島社:1,宝島社　∥　タカラジマシャ,宝島社=[3],no,[3]
seisetsu-no-nirvana,霽雪のニルヴァーナ,2,講談社　∥　コウダンシャ:1 | 講談社:1,講談社　∥　コウダンシャ,講談社=[2],no,[2]
seishun-buta-yarou-wa-orusuban-imouto-no-yume-o-minai,青春ブタ野郎はおるすばん妹の夢を見ない,2,KADOKAWA　∥　カドカワ:1 | KADOKAWA:1,KADOKAWA　∥　カドカワ,KADOKAWA=[2],no,[2]
seishun-rariatto,青春ラリアット!!,2,[発売]角川グループパブリッシング　∥　カドカワグループパブリッシング:1 | [発売]角川グループホールディングス　∥　カドカワグループホールディングス:1,[発売]角川グループパブリッシング　∥　カドカワグループパブリッシング,[発売]角川グループホールディングス　∥　カドカワグループホールディングス=[2],no,[2]
sekai-kaikiroku,世界怪奇録,2,朝日新聞出版　∥　アサヒシンブンシュッパン:1 | 朝日新聞出版:1,朝日新聞出版　∥　アサヒシンブンシュッパン,朝日新聞出版=[2],no,[2]
sekai-o-teki-ni-mawashitemo-neko-o-aishiteru,世界を敵に回してもねこを愛してる,2,[発売]講談社　∥　コウダンシャ:1 | [頒布]講談社 (発売)　∥　コウダンシャ:1,[発売]講談社　∥　コウダンシャ,[頒布]講談社 (発売)　∥　コウダンシャ=[2],no,[2]
sengoku-fuuninden,戦国風忍伝,2,小池書院　∥　コイケ ショイン:1 | 小池書院　∥　コイケショイン:1,小池書院　∥　コイケ ショイン,小池書院　∥　コイケショイン=[2],no,[2]
senjou-no-hito,線場のひと,2,リイド社　∥　リイドシャ:1 | リイド社:1,リイド社　∥　リイドシャ,リイド社=[2],no,[2]
sennenkimatsu-ni-hoeru-koi,千年紀末に吠える恋,2,スクウェア・エニックス　∥　スクウェア ・ エニックス:1 | スクウェア・エニックス:1,スクウェア・エニックス　∥　スクウェア ・ エニックス,スクウェア・エニックス=[3],no,[3]
senshiya-ichiya-monogatari,千氏夜一夜物語,2,[頒布]講談社 (発売)　∥　コウダンシャ:1 | [頒布]講談社:1,[頒布]講談社 (発売)　∥　コウダンシャ,[頒布]講談社=[2],no,[2]
shachi-kun-to-uzasugiru-kouhai-no-hanashi,社畜くんとウザすぎる後輩の話,2,講談社　∥　コウダンシャ:1 | 講談社:1,講談社　∥　コウダンシャ,講談社=[2],no,[2]
shakoutchi,しゃこうっち。,2,マッグガーデン　∥　マッグ ガーデン:1 | マッグガーデン:1,マッグガーデン　∥　マッグ ガーデン,マッグガーデン=[2],no,[2]
shanghai-loser,上海ルーザー,2,KADOKAWA　∥　カドカワ:1 | KADOKAWA:1,KADOKAWA　∥　カドカワ,KADOKAWA=[2],no,[2]
shiawase-ni-shitara-dame-desu-ka,幸せにしたらダメですか?,2,ハーパーコリンズ・ジャパン　∥　ハーパーコリンズジャパン:1 | ハーパーコリンズ・ジャパン:1,ハーパーコリンズ・ジャパン　∥　ハーパーコリンズジャパン,ハーパーコリンズ・ジャパン=[2],no,[2]
shiin,死印,2,マッグガーデン　∥　マッグ ガーデン:1 | マッグガーデン:1,マッグガーデン　∥　マッグ ガーデン,マッグガーデン=[2],no,[2]
shikushiku-shikushi,しくしくしくし,2,[発売]角川グループパブリッシング　∥　カドカワグループパブリッシング:1 | [発売]KADOKAWA　∥　カドカワ:1,[発売]角川グループパブリッシング　∥　カドカワグループパブリッシング,[発売]KADOKAWA　∥　カドカワ=[2],no,[2]
shimaman,しままん,2,[発売]KADOKAWA　∥　カドカワ:1 | KADOKAWA　∥　カドカワ:1,[発売]KADOKAWA　∥　カドカワ,KADOKAWA　∥　カドカワ=[2],no,[2]
shin-esudii-gundam-gaiden-naito-gundam-ougon-shinwa,新SDガンダム外伝騎士ガンダム 黄金神話,2,講談社　∥　コウダンシャ:1 | [共同刊行]講談社コミッククリエイト:1,講談社　∥　コウダンシャ,[共同刊行]講談社コミッククリエイト=[2],no,[2]
shinigami-koujo-no-kekkon,死神皇女の結婚,2,マッグガーデン　∥　マッグ ガーデン:1 | マッグガーデン:1,マッグガーデン　∥　マッグ ガーデン,マッグガーデン=[2],no,[2]
shinigami-sama-to-oyome-sama,死神様とお嫁様,2,[頒布]講談社　∥　コウダンシャ:1 | [頒布]講談社:1,[頒布]講談社　∥　コウダンシャ,[頒布]講談社=[2],no,[2]
shinigamineko-no-jizu-wa-nasakebukai,死神猫のジズは情け深い,2,少年画報社　∥　ショウネン ガホウシャ:1 | 少年画報社　∥　ショウネンガホウシャ:1,少年画報社　∥　ショウネン ガホウシャ,少年画報社　∥　ショウネンガホウシャ=[2],no,[2]
shinrei-jikkyou-chuukei-special,心霊実況中継スペシャル,2,実業之日本社　∥　ジツギョウ ノ ニホンシャ:1 | 実業之日本社　∥　ジツギョウノニホンシャ:1,実業之日本社　∥　ジツギョウ ノ ニホンシャ,実業之日本社　∥　ジツギョウノニホンシャ=[2],yes,[2]
shinsaibashi-paruko,心斎橋パルコ,2,オークス:1 | オークス　∥　オークス:1,オークス,オークス　∥　オークス=[2],no,[2]
shinsetsu-sakamotsu-chan,新説!さかもっちゃん,2,少年画報社　∥　ショウネンガホウシャ:1 | 集英社　∥　シュウエイシャ:1,少年画報社　∥　ショウネンガホウシャ,集英社　∥　シュウエイシャ=[2],no,[2]
shio-taiou-na-watashi-no-danna-sama-wa-haisupekku-na-osananajimi,塩対応な私の旦那様はハイスペックな幼馴染!?,2,笠倉出版社　∥　カサクラ シュッパンシャ:1 | 笠倉出版社:1,笠倉出版社　∥　カサクラ シュッパンシャ,笠倉出版社=[3],no,[3]
shiosai-no-majo,潮騒の魔女,2,[発売]講談社　∥　コウダンシャ:1 | [頒布]講談社 (発売)　∥　コウダンシャ:1,[発売]講談社　∥　コウダンシャ,[頒布]講談社 (発売)　∥　コウダンシャ=[2],no,[2]
shiraishi-kun-no-doukyuusei,白石君の動級生,2,スクウェア・エニックス　∥　スクウェア エニックス:1 | スクウェア・エニックス　∥　スクウェア ・ エニックス:1,スクウェア・エニックス　∥　スクウェア エニックス,スクウェア・エニックス　∥　スクウェア ・ エニックス=[2],no,[2]
shirou-kun-no-ichibanme,史郎くんのいちばんめ。,2,[頒布]三交社 (発売)　∥　サンコウシャ:1 | [頒布]三交社:1,[頒布]三交社 (発売)　∥　サンコウシャ,[頒布]三交社=[2],no,[2]
shirouto-yankee-kiki-ippatsu-ripurei,素人ヤンキー♂危機一発!!replay,2,竹書房　∥　タケ ショボウ:1 | 竹書房:1,竹書房　∥　タケ ショボウ,竹書房=[2],no,[2]
shishi-joushi,獅子上司,2,[発売]小学館クリエイティブ　∥　ショウガクカンクリエイティブ:1 | [頒布]小学館クリエイティブ (発売)　∥　ショウガクカンクリエイティブ:1,[発売]小学館クリエイティブ　∥　ショウガクカンクリエイティブ,[頒布]小学館クリエイティブ (発売)　∥　ショウガクカンクリエイティブ=[2],no,[2]
shishidou-san-ni-shikararetai,獅子堂さんに叱られたい。,2,[発売]講談社　∥　コウダンシャ:1 | [頒布]講談社　∥　コウダンシャ:1,[発売]講談社　∥　コウダンシャ,[頒布]講談社　∥　コウダンシャ=[2],no,[2]
shitsuji-no-kuni-no-kuroarisu,執事の国の黒アリス,2,[発売]KADOKAWA　∥　カドカワ:1 | KADOKAWA　∥　カドカワ:1,[発売]KADOKAWA　∥　カドカワ,KADOKAWA　∥　カドカワ=[2],no,[2]
shiyoko-to-isshokenmei,しよ子といっしょ,2,[発売]角川グループパブリッシング　∥　カドカワ グループ パブリッシング:1 | [発売]角川グループパブリッシング　∥　カドカワグループパブリッシング:1,[発売]角川グループパブリッシング　∥　カドカワ グループ パブリッシング,[発売]角川グループパブリッシング　∥　カドカワグループパブリッシング=[2],no,[2]
shojo-ga-yakuza-ni-dekiai-dekiaisaretemasu,処女がヤクザに溺愛されてます!,2,大都社 (発売)　∥　ダイトシャ:1 | 大都社　∥　ダイトシャ:1,大都社 (発売)　∥　ダイトシャ,大都社　∥　ダイトシャ=[2],no,[2]
shorou-no-musume-to-roubo-to-roubyou,初老の娘と老母と老猫,2,朝日新聞出版　∥　アサヒシンブンシュッパン:1 | 朝日新聞出版:1,朝日新聞出版　∥　アサヒシンブンシュッパン,朝日新聞出版=[2],no,[2]
shosen-toppa,書戦突破!,2,[発売]角川グループパブリッシング　∥　カドカワ グループ パブリッシング:1 | [発売]角川グループパブリッシング　∥　カドカワグループパブリッシング:1,[発売]角川グループパブリッシング　∥　カドカワ グループ パブリッシング,[発売]角川グループパブリッシング　∥　カドカワグループパブリッシング=[2],yes,[2]
shougakusei-dansui-no-torisetsu,小学生男子のトリセツ,2,扶桑社　∥　フソウシャ:1 | マガジンハウス　∥　マガジンハウス:1,扶桑社　∥　フソウシャ,マガジンハウス　∥　マガジンハウス=[2],no,[2]
shuiro-no-kenkyuu,朱色の研究,2,[発売]KADOKAWA　∥　カドカワ:1 | KADOKAWA　∥　カドカワ:1,[発売]KADOKAWA　∥　カドカワ,KADOKAWA　∥　カドカワ=[2],no,[2]
shurabara,しゅらばら!,2,[発売]角川グループパブリッシング　∥　カドカワグループパブリッシング:1 | KADOKAWA　∥　カドカワ:1,[発売]角川グループパブリッシング　∥　カドカワグループパブリッシング,KADOKAWA　∥　カドカワ=[2],no,[2]
shuumatsu-rocking-girl,終末ロッキンガール,2,竹書房　∥　タケ ショボウ:1 | 竹書房:1,竹書房　∥　タケ ショボウ,竹書房=[2],no,[2]
solar-eclipse,ソーラーエクリプス,2,フロンティアワークス　∥　フロンティアワークス:1 | フロンティアワークス:1,フロンティアワークス　∥　フロンティアワークス,フロンティアワークス=[2],no,[2]
sono-eiyuu-wa-yomei-99-nichi,その英雄は余命99日,2,スクウェア・エニックス　∥　スクウェア ・ エニックス:1 | スクウェア・エニックス:1,スクウェア・エニックス　∥　スクウェア ・ エニックス,スクウェア・エニックス=[2],no,[2]
sono-kao-de-aisanaide,その顔で愛さないで,2,講談社　∥　コウダンシャ:1 | 講談社:1,講談社　∥　コウダンシャ,講談社=[3],no,[3]
sono-wanko-toriatsukai-chuui-ni-tsuki,そのワンコ、取扱注意につき,2,大誠社　∥　タイセイシャ:1 | 大誠社:1,大誠社　∥　タイセイシャ,大誠社=[2],no,[2]
soredemo-kichijouji-dake-ga-sumitai-machi-desuka,それでも吉祥寺だけが住みたい街ですか?,2,講談社　∥　コウダンシャ:1 | 講談社:1,講談社　∥　コウダンシャ,講談社=[2],no,[2]
sorokyan-numa-no-mineko-san,ソロキャン沼のミネコさん,2,少年画報社　∥　ショウネンガホウシャ:1 | 少年画報社:1,少年画報社　∥　ショウネンガホウシャ,少年画報社=[2],no,[2]
sorosoro-no-dankai-desu,そろそろ×××の段階です!,2,宙出版　∥　オオゾラ シュッパン:1 | 宙出版:1,宙出版　∥　オオゾラ シュッパン,宙出版=[3],no,[3]
steins-gate-heiji-kyokusen-no-epigraph,Steins;Gate 閉時曲線のエピグラフ,2,[発売]KADOKAWA　∥　カドカワ:1 | KADOKAWA　∥　カドカワ:1,[発売]KADOKAWA　∥　カドカワ,KADOKAWA　∥　カドカワ=[2],no,[2]
steins-gate-shijou-saikyou-no-slight-fever,STEINS;GATE 史上最強のスライトフィーバー,2,[発売]角川グループパブリッシング　∥　カドカワ グループ パブリッシング:1 | [発売]角川グループパブリッシング　∥　カドカワグループパブリッシング:1,[発売]角川グループパブリッシング　∥　カドカワ グループ パブリッシング,[発売]角川グループパブリッシング　∥　カドカワグループパブリッシング=[2],no,[2]
strike-uitchiizu-chiisaanya,ストライクウィッチーズ小ぃサーニャ,2,[発売]角川グループパブリッシング　∥　カドカワ グループ パブリッシング:1 | [発売]角川グループパブリッシング　∥　カドカワグループパブリッシング:1,[発売]角川グループパブリッシング　∥　カドカワ グループ パブリッシング,[発売]角川グループパブリッシング　∥　カドカワグループパブリッシング=[2],no,[2]
suezen-kun-wa-itsumo-oazuke,スエゼンくんはいつもお預け,2,少年画報社　∥　ショウネンガホウシャ:1 | 少年画報社:1,少年画報社　∥　ショウネンガホウシャ,少年画報社=[2],no,[2]
sugar-girl-drip,シュガーガール・ドリップ,2,講談社　∥　コウダンシャ:1 | 講談社:1,講談社　∥　コウダンシャ,講談社=[2],no,[2]
sugar-girl-sugar-doll,"シュガーガール,シュガードール",2,[発売]角川グループパブリッシング　∥　カドカワグループパブリッシング:1 | [発売]KADOKAWA　∥　カドカワ:1,[発売]角川グループパブリッシング　∥　カドカワグループパブリッシング,[発売]KADOKAWA　∥　カドカワ=[2],no,[2]
sugar-skull-to-deep-kiss,シュガースカルとディープキス,2,東京漫画社　∥　トウキョウマンガシャ:1 | 東京漫画社:1,東京漫画社　∥　トウキョウマンガシャ,東京漫画社=[2],no,[2]
sui-gattsuo,翠▼▼▼gazzo,2,ジュリアン　∥　ジュリアン:1 | ジュリアンパブリッシング　∥　ジュリアンパブリッシング:1,ジュリアン　∥　ジュリアン,ジュリアンパブリッシング　∥　ジュリアンパブリッシング=[2],no,[2]
suitotto,好いとっと!?,2,[発売]角川グループパブリッシング　∥　カドカワ グループ パブリッシング:1 | [発売]角川グループパブリッシング　∥　カドカワグループパブリッシング:1,[発売]角川グループパブリッシング　∥　カドカワ グループ パブリッシング,[発売]角川グループパブリッシング　∥　カドカワグループパブリッシング=[2],no,[2]
suki-dayo-good-boy,好きだよグッドボーイ,2,リブレ　∥　リブレ:1 | リブレ:1,リブレ　∥　リブレ,リブレ=[3],no,[3]
sukimamono,スキマモノ,2,KADOKAWA　∥　カドカワ:1 | KADOKAWA:1,KADOKAWA　∥　カドカワ,KADOKAWA=[2],no,[2]
sunao-janai-noha-heart-no-sei,素直じゃないのはハートのせい,2,小学館　∥　ショウガクカン:1 | 小学館:1,小学館　∥　ショウガクカン,小学館=[2],no,[2]
sutaaringuraado-no-kyouzoku,スターリングラードの凶賊,2,白泉社　∥　ハクセンシャ:1 | 白泉社:1,白泉社　∥　ハクセンシャ,白泉社=[2],no,[2]
suzuki-san-no-suzuki-kun,鈴木さんの鈴木くん,2,スクウェア・エニックス　∥　スクウェア エニックス:1 | スクウェア・エニックス　∥　スクウェア ・ エニックス:1,スクウェア・エニックス　∥　スクウェア エニックス,スクウェア・エニックス　∥　スクウェア ・ エニックス=[2],no,[2]
synduality-ellie,SYNDUALITY ELLIE,2,KADOKAWA　∥　カドカワ:1 | KADOKAWA:1,KADOKAWA　∥　カドカワ,KADOKAWA=[2],no,[2]
tab-ret,tab*ret,2,[発売]角川グループパブリッシング　∥　カドカワグループパブリッシング:1 | [発売]KADOKAWA　∥　カドカワ:1,[発売]角川グループパブリッシング　∥　カドカワグループパブリッシング,[発売]KADOKAWA　∥　カドカワ=[2],no,[2]
tabetai-anata,たべたいあなた,2,[頒布]星雲社 (発売)　∥　セイウンシャ:1 | [頒布]星雲社:1,[頒布]星雲社 (発売)　∥　セイウンシャ,[頒布]星雲社=[4],no,[4]
tabetakunatchatta,食べたくなっちゃった,2,[頒布]集英社 (発売)　∥　シュウエイシャ:1 | [頒布]集英社:1,[頒布]集英社 (発売)　∥　シュウエイシャ,[頒布]集英社=[2],no,[2]
taichou-san-to-akutoresu-ssu,隊長さんとアクトレスっす,2,[頒布]メディアパル (発売)　∥　メディアパル:1 | [頒布]メディアパル　∥　メディアパル:1,[頒布]メディアパル (発売)　∥　メディアパル,[頒布]メディアパル　∥　メディアパル=[2],no,[2]
taishou-karisomekon,大正仮初婚,2,秋水社 (発行元)　∥　シュウスイシャ (ハッコウモト):1 | [頒布]青泉社　∥　セイセンシャ:1,秋水社 (発行元)　∥　シュウスイシャ (ハッコウモト),[頒布]青泉社　∥　セイセンシャ=[2],no,[2]
taishou-yotogi-roman,大正夜伽浪漫,2,少年画報社　∥　ショウネンガホウシャ:1 | 少年画報社:1,少年画報社　∥　ショウネンガホウシャ,少年画報社=[2],no,[2]
takada-kun-wa-hajimete-ga-osuki,鷹田くんはハジメテがお好き,2,[発売]三交社　∥　サンコウシャ:1 | [頒布]三交社 (発売)　∥　サンコウシャ:1,[発売]三交社　∥　サンコウシャ,[頒布]三交社 (発売)　∥　サンコウシャ=[2],no,[2]
takane-no-shachou-wa-kohana-o-medetai,高嶺の社長は小花を愛でたい,2,ハーパーコリンズ・ジャパン　∥　ハーパーコリンズジャパン:1 | ハーパーコリンズ・ジャパン:1,ハーパーコリンズ・ジャパン　∥　ハーパーコリンズジャパン,ハーパーコリンズ・ジャパン=[2],no,[2]
takatora-kun-to-omegatachi,鷹虎くんとオメガたち,2,[頒布]フランス書院　∥　フランスショイン:1 | [頒布]フランス書院:1,[頒布]フランス書院　∥　フランスショイン,[頒布]フランス書院=[2],no,[2]
tale-of-rose-knight,Tale of Rose Knight,2,大日本絵画　∥　ダイニホン カイガ:1 | 大日本絵画　∥　ダイニホンカイガ:1,大日本絵画　∥　ダイニホン カイガ,大日本絵画　∥　ダイニホンカイガ=[4],no,[4]
tales-obu-xillia-2,テイルズオブエクシリア2,2,[発売]KADOKAWA　∥　カドカワ:1 | KADOKAWA　∥　カドカワ:1,[発売]KADOKAWA　∥　カドカワ,KADOKAWA　∥　カドカワ=[2],no,[2]
tamariba,たまりば,2,[発売]角川グループパブリッシング　∥　カドカワ グループ パブリッシング:1 | [発売]角川グループパブリッシング　∥　カドカワグループパブリッシング:1,[発売]角川グループパブリッシング　∥　カドカワ グループ パブリッシング,[発売]角川グループパブリッシング　∥　カドカワグループパブリッシング=[2],no,[2]
tanpenshuu-2023,タンペンシュウ,2,少年画報社　∥　ショウネンガホウシャ:1 | 少年画報社:1,少年画報社　∥　ショウネンガホウシャ,少年画報社=[2],no,[2]
tantei-opera-milky-holmes-2,探偵オペラミルキィホームズ2,2,[発売]角川グループパブリッシング　∥　カドカワ グループ パブリッシング:1 | [発売]角川グループパブリッシング　∥　カドカワグループパブリッシング:1,[発売]角川グループパブリッシング　∥　カドカワ グループ パブリッシング,[発売]角川グループパブリッシング　∥　カドカワグループパブリッシング=[2],no,[2]
tantei-opera-milky-holmes-on-stage,探偵オペラミルキィホームズon stage!,2,[発売]角川グループパブリッシング　∥　カドカワ グループ パブリッシング:1 | [発売]角川グループパブリッシング　∥　カドカワグループパブリッシング:1,[発売]角川グループパブリッシング　∥　カドカワ グループ パブリッシング,[発売]角川グループパブリッシング　∥　カドカワグループパブリッシング=[2],yes,[2]
tanuma-dono-to-gennai-san-tokidoki-tokugawa-family,田沼殿と源内さん～ときどき徳川ファミリー～,2,集英社　∥　シュウエイシャ:1 | 集英社:1,集英社　∥　シュウエイシャ,集英社=[2],no,[2]
tatakau-tsubasa-ni-kanpai-o,闘う翼に乾杯を。,2,KADOKAWA　∥　カドカワ:1 | KADOKAWA:1,KADOKAWA　∥　カドカワ,KADOKAWA=[2],no,[2]
tatsumigahara-san-no-ai-kara-wa-nigerarenai,辰巳ヶ原さんの愛からは逃げられない,2,KADOKAWA　∥　カドカワ:1 | KADOKAWA:1,KADOKAWA　∥　カドカワ,KADOKAWA=[3],no,[3]
tedaremonra,てだれもんら,2,KADOKAWA　∥　カドカワ:1 | KADOKAWA:1,KADOKAWA　∥　カドカワ,KADOKAWA=[3],no,[3]
teito-ayakashi-yashiki-no-keiyaku-hanayome,帝都あやかし屋敷の契約花嫁,2,[頒布]講談社　∥　コウダンシャ:1 | [頒布]講談社:1,[頒布]講談社　∥　コウダンシャ,[頒布]講談社=[2],no,[2]
tekketsu-kyuhhie,鉄血キュッヒェ,2,講談社　∥　コウダンシャ:1 | 講談社:1,講談社　∥　コウダンシャ,講談社=[2],no,[2]
tekuteku-himitsu-risaachi,てくてくっ!秘密リサーチ,2,芳文社　∥　ホウブンシャ:1 | 芳文社:1,芳文社　∥　ホウブンシャ,芳文社=[2],no,[2]
tenga-tensei,テンガ転生,2,少年画報社　∥　ショウネンガホウシャ:1 | 少年画報社:1,少年画報社　∥　ショウネンガホウシャ,少年画報社=[2],no,[2]
tengai-no-charon,天涯のカロン,2,[発売]星雲社　∥　セイウンシャ:1 | [加勢丈士]:1,[発売]星雲社　∥　セイウンシャ,[加勢丈士]=[2],yes,[2]
tengoku-no-monban,天国の門番,2,[発売]幻冬舎　∥　ゲントウシャ:1 | [頒布]幻冬舎　∥　ゲントウシャ:1,[発売]幻冬舎　∥　ゲントウシャ,[頒布]幻冬舎　∥　ゲントウシャ=[2],no,[2]
tensei-healing-life-inou-skill-chiyu-no-chikara-de-isekai-harem,転生ヒーリングライフ異能スキル『治癒』の力で異世界ハーレム,2,ぶんか社　∥　ブンカシャ:1 | ぶんか社:1,ぶんか社　∥　ブンカシャ,ぶんか社=[2],no,[2]
tensei-shitara-shouwa-chuuken-resuraa-datta-ken,転生したら昭和中堅レスラーだった件,2,ぶんか社　∥　ブンカシャ:1 | ぶんか社:1,ぶんか社　∥　ブンカシャ,ぶんか社=[2],no,[2]
teppen-no-ichigo-itsu-taberu,てっぺんの苺いつ食べる?,2,[頒布]幻冬舎　∥　ゲントウシャ:1 | [頒布]幻冬舎:1,[頒布]幻冬舎　∥　ゲントウシャ,[頒布]幻冬舎=[3],no,[3]
terano-kun-to-kumazaki-kun,寺野くんと熊崎くん,2,竹書房　∥　タケ ショボウ:1 | 竹書房:1,竹書房　∥　タケ ショボウ,竹書房=[2],no,[2]
the-idolm-ster-million-live-blooming-clover-encore,アイドルマスターミリオンライブ!Blooming Clover〈encore〉,2,KADOKAWA　∥　カドカワ:1 | KADOKAWA:1,KADOKAWA　∥　カドカワ,KADOKAWA=[2],no,[2]
tiger-ando-banii-chan,タイガー＆バニーちゃん,2,[発売]角川グループパブリッシング　∥　カドカワグループパブリッシング:1 | KADOKAWA　∥　カドカワ:1,[発売]角川グループパブリッシング　∥　カドカワグループパブリッシング,KADOKAWA　∥　カドカワ=[2],no,[2]
toki-no-kizuna,十鬼の絆,2,[発売]角川グループパブリッシング　∥　カドカワグループパブリッシング:1 | [発売]KADOKAWA　∥　カドカワ:1,[発売]角川グループパブリッシング　∥　カドカワグループパブリッシング,[発売]KADOKAWA　∥　カドカワ=[2],no,[2]
toki-sensei-wa-kigaetai,時先生は着替えたい,2,日本文芸社　∥　ニホン ブンゲイシャ:1 | 日本文芸社:1,日本文芸社　∥　ニホン ブンゲイシャ,日本文芸社=[3],no,[3]
tokimeki-mononoke-jogakuen,ときめき☆もののけ女学園,2,一迅社:1 | 一迅社　∥　イチジンシャ:1,一迅社,一迅社　∥　イチジンシャ=[2],no,[2]
tokumu-daizero-kikan-no-nichijou-itanroku,特務第零機関の日常異端録,2,KADOKAWA　∥　カドカワ:1 | KADOKAWA:1,KADOKAWA　∥　カドカワ,KADOKAWA=[2],no,[2]
tokyo-jiraiya,東京ジライヤ,2,講談社　∥　コウダンシャ:1 | 講談社:1,講談社　∥　コウダンシャ,講談社=[2],no,[2]
toshishita-kareshi-no-love-kanriheki,年下彼氏の恋愛管理癖,2,竹書房　∥　タケ ショボウ:1 | リブレ　∥　リブレ:1,竹書房　∥　タケ ショボウ,リブレ　∥　リブレ=[2],no,[2]
toshishita-ouji-ni-kyuuai-sarete-konwaku-shitemasu,年下王子に求愛されて困惑してます,2,大都社　∥　ダイトシャ:1 | 大都社:1,大都社　∥　ダイトシャ,大都社=[3],no,[3]
toudaimori-to-kamome-no-ko,灯台守とかもめの子,2,大洋図書　∥　タイヨウ トショ:1 | 大洋図書:1,大洋図書　∥　タイヨウ トショ,大洋図書=[2],no,[2]
touyuuki-2013,東遊記,2,秋田書店　∥　アキタ ショテン:1 | 秋田書店　∥　アキタショテン:1,秋田書店　∥　アキタ ショテン,秋田書店　∥　アキタショテン=[2],no,[2]
towa-no-quon,トワノクオン,2,[発売]角川グループパブリッシング　∥　カドカワ グループ パブリッシング:1 | [発売]角川グループパブリッシング　∥　カドカワグループパブリッシング:1,[発売]角川グループパブリッシング　∥　カドカワ グループ パブリッシング,[発売]角川グループパブリッシング　∥　カドカワグループパブリッシング=[2],no,[2]
tsubaki-kun-no-netsu-ni-oboretai,椿くんの熱におぼれたい,2,ジーオーティー　∥　ジーオーティー:1 | ジーオーティー:1,ジーオーティー　∥　ジーオーティー,ジーオーティー=[2],no,[2]
tsubakikan-no-utsukushisugiru-gyaruson,椿館の美しすぎるギャルソン,2,[発売]ソフトバンククリエイティブ　∥　ソフトバンク クリエイティブ:1 | [発売]ほるぷ出版　∥　ホルプシュッパン:1,[発売]ソフトバンククリエイティブ　∥　ソフトバンク クリエイティブ,[発売]ほるぷ出版　∥　ホルプシュッパン=[2],no,[2]
tsugi-hagi-nightmare,つぎ☆はぎナイトメア,2,一迅社　∥　イチジンシャ:1 | [発売]講談社　∥　コウダンシャ:1,一迅社　∥　イチジンシャ,[発売]講談社　∥　コウダンシャ=[2],no,[2]
tsukareta-hito-ni-yashoku-o-todokeru-demaeten,疲れた人に夜食を届ける出前店,2,KADOKAWA　∥　カドカワ:1 | KADOKAWA:1,KADOKAWA　∥　カドカワ,KADOKAWA=[3],no,[3]
tsuki-no-shizumu-made,月の沈むまで,2,[発売]角川グループパブリッシング　∥　カドカワグループパブリッシング:1 | [発売]角川グループホールディングス　∥　カドカワグループホールディングス:1,[発売]角川グループパブリッシング　∥　カドカワグループパブリッシング,[発売]角川グループホールディングス　∥　カドカワグループホールディングス=[2],no,[2]
tsuki-to-koi-wa-michireba-kakeru,月と恋は満ちれば欠ける。,2,[発売]講談社　∥　コウダンシャ:1 | [頒布]講談社　∥　コウダンシャ:1,[発売]講談社　∥　コウダンシャ,[頒布]講談社　∥　コウダンシャ=[2],no,[2]
tsukiyoda-sadame-no-sekai-no-sukuikata,月夜田定の世界の救い方,2,スクウェア・エニックス　∥　スクウェア エニックス:1 | スクウェア・エニックス　∥　スクウェア ・ エニックス:1,スクウェア・エニックス　∥　スクウェア エニックス,スクウェア・エニックス　∥　スクウェア ・ エニックス=[2],no,[2]
tsuma-to-sexless-resu-nanode-otoko-to-furin-shimashita,妻とセックスレスなので男と不倫しました。,2,[頒布]講談社　∥　コウダンシャ:1 | [頒布]講談社:1,[頒布]講談社　∥　コウダンシャ,[頒布]講談社=[2],no,[2]
tsumari-souiu-koto-karada-wa-ai-ni-hairimasuka,つまりそういうコト。,2,宙出版　∥　オオゾラ シュッパン:1 | 宙出版:1,宙出版　∥　オオゾラ シュッパン,宙出版=[3],no,[3]
tsumi-no-atoaji,罪のあと味,2,扶桑社　∥　フソウシャ:1 | 扶桑社:1,扶桑社　∥　フソウシャ,扶桑社=[2],no,[2]
tsutsumi-tainoshin-houchouroku,堤鯛之進包丁録,2,[発売]幻冬舎　∥　ゲントウシャ:1 | [頒布]幻冬舎　∥　ゲントウシャ:1,[発売]幻冬舎　∥　ゲントウシャ,[頒布]幻冬舎　∥　ゲントウシャ=[2],no,[2]
tsuyabanashi-sakaba-otakubaa,艶話酒場オタクバー,2,ぶんか社　∥　ブンカシャ:1 | 楽楽出版　∥　ラクラク シュッパン:1,ぶんか社　∥　ブンカシャ,楽楽出版　∥　ラクラク シュッパン=[2],no,[2]
tsuzuki-wa-mata-ashita-hinachi-2020,つづきはまた明日,2,小学館　∥　ショウガクカン:1 | 小学館:1,小学館　∥　ショウガクカン,小学館=[2],no,[2]
type-aid,タイプ・エイド,2,[頒布]講談社　∥　コウダンシャ:1 | [頒布]講談社:1,[頒布]講談社　∥　コウダンシャ,[頒布]講談社=[2],no,[2]
uchira-wa-mabudachi,うちらはマブダチ,2,KADOKAWA　∥　カドカワ:1 | KADOKAWA:1,KADOKAWA　∥　カドカワ,KADOKAWA=[3],no,[3]
uichi-no-shima,ういちの島,2,新潮社　∥　シンチョウシャ:1 | 新潮社:1,新潮社　∥　シンチョウシャ,新潮社=[2],no,[2]
ukikusa-days,浮き草デイズ,2,文藝春秋　∥　ブンゲイ シュンジュウ:1 | 文藝春秋　∥　ブンゲイシュンジュウ:1,文藝春秋　∥　ブンゲイ シュンジュウ,文藝春秋　∥　ブンゲイシュンジュウ=[2],no,[2]
ukiyo-hatsukoi-emaki,浮世初恋絵巻,2,宙出版　∥　オオゾラ シュッパン:1 | [発売]ジャイブ　∥　ジャイブ:1,宙出版　∥　オオゾラ シュッパン,[発売]ジャイブ　∥　ジャイブ=[2],no,[2]
ukkari-haitchatta-itoko-to-mitchaku-geemuchuu,うっかり入っちゃった!従姉妹と密着ゲーム中,2,[発売]トライアングル・フォース　∥　トライアングル ・ フォース:1 | [発売]ジーウォーク　∥　ジー ウォーク:1,[発売]トライアングル・フォース　∥　トライアングル ・ フォース,[発売]ジーウォーク　∥　ジー ウォーク=[2],no,[2]
umarekawattemo-anata-no-juusha-desu,生まれ変わってもあなたの従者です,2,竹書房　∥　タケ ショボウ:1 | 竹書房:1,竹書房　∥　タケ ショボウ,竹書房=[2],no,[2]
umibe-no-onnanoko,うみべの女の子,2,太田出版　∥　オオタ シュッパン:1 | 太田出版　∥　オオタシュッパン:1,太田出版　∥　オオタ シュッパン,太田出版　∥　オオタシュッパン=[2],no,[2]
umineko-no-naku-koro-ni-murasaki,うみねこのなく頃に紫,2,[発売]角川グループパブリッシング　∥　カドカワグループパブリッシング:1 | [発売]KADOKAWA　∥　カドカワ:1,[発売]角川グループパブリッシング　∥　カドカワグループパブリッシング,[発売]KADOKAWA　∥　カドカワ=[2],no,[2]
unlimited,アンリミテッド,2,あずき堂　∥　アズキドウ:1 | あずき堂　∥　アズキ ドウ:1,あずき堂　∥　アズキドウ,あずき堂　∥　アズキ ドウ=[2],no,[2]
unmei-suramo-kokyuu-o-tomete,運命すらも呼吸をとめて,2,[頒布]講談社　∥　コウダンシャ:1 | [頒布]講談社:1,[頒布]講談社　∥　コウダンシャ,[頒布]講談社=[2],no,[2]
upper-girls,アッパーガールズ!,2,秋田書店　∥　アキタショテン:1 | 秋田書店　∥　アキタ ショテン:1,秋田書店　∥　アキタショテン,秋田書店　∥　アキタ ショテン=[2],no,[2]
ura-de-yancha-na-gouinda-san,裏でやんちゃな剛院田さん,2,スクウェア・エニックス　∥　スクウェア ・ エニックス:1 | スクウェア・エニックス:1,スクウェア・エニックス　∥　スクウェア ・ エニックス,スクウェア・エニックス=[2],no,[2]
ura-shakaika-kengaku,裏社会科けんがく,2,講談社　∥　コウダンシャ:1 | 講談社:1,講談社　∥　コウダンシャ,講談社=[2],no,[2]
ushinawareta-mirai-o-motomete,失われた未来を求めて,2,[発売]角川グループパブリッシング　∥　カドカワ グループ パブリッシング:1 | [発売]角川グループパブリッシング　∥　カドカワグループパブリッシング:1,[発売]角川グループパブリッシング　∥　カドカワ グループ パブリッシング,[発売]角川グループパブリッシング　∥　カドカワグループパブリッシング=[2],no,[2]
ushio-to-issei,潮と壱成,2,[発売]竹書房　∥　タケ ショボウ:1 | [頒布]竹書房　∥　タケ ショボウ:1,[発売]竹書房　∥　タケ ショボウ,[頒布]竹書房　∥　タケ ショボウ=[2],no,[2]
usotsuki-omega-ni-oshioki-o,嘘つきΩにお仕置きを,2,KADOKAWA　∥　カドカワ:1 | KADOKAWA:1,KADOKAWA　∥　カドカワ,KADOKAWA=[3],no,[3]
uta-no-purinsusamatsu,うたの☆プリンスさまっ♪,2,[発売]角川グループパブリッシング　∥　カドカワ グループ パブリッシング:1 | KADOKAWA　∥　カドカワ:1,[発売]角川グループパブリッシング　∥　カドカワ グループ パブリッシング,KADOKAWA　∥　カドカワ=[3],no,[3]
utahen,うた変。,2,メディアファクトリー　∥　メディアファクトリー:1 | KADOKAWA　∥　カドカワ:1,メディアファクトリー　∥　メディアファクトリー,KADOKAWA　∥　カドカワ=[2],no,[2]
utsubora,ウツボラ,2,太田出版　∥　オオタ シュッパン:1 | 太田出版　∥　オオタシュッパン:1,太田出版　∥　オオタ シュッパン,太田出版　∥　オオタシュッパン=[2],no,[2]
v-drive,Vドライブ!,2,芳文社　∥　ホウブンシャ:1 | 芳文社:1,芳文社　∥　ホウブンシャ,芳文社=[2],no,[2]
vermillion,ヴァーミリオン,2,[発売]角川グループパブリッシング　∥　カドカワグループパブリッシング:1 | [発売]角川グループホールディングス　∥　カドカワグループホールディングス:1,[発売]角川グループパブリッシング　∥　カドカワグループパブリッシング,[発売]角川グループホールディングス　∥　カドカワグループホールディングス=[2],no,[2]
vividred-operation-the-4-koma-bibiope,ビビッドレッド・オペレーションTHE4コマ びびおぺ,2,[発売]KADOKAWA　∥　カドカワ:1 | KADOKAWA　∥　カドカワ:1,[発売]KADOKAWA　∥　カドカワ,KADOKAWA　∥　カドカワ=[2],no,[2]
vividred-operation,ビビッドレッド・オペレーション,2,[発売]角川グループパブリッシング　∥　カドカワ グループ パブリッシング:1 | KADOKAWA　∥　カドカワ:1,[発売]角川グループパブリッシング　∥　カドカワ グループ パブリッシング,KADOKAWA　∥　カドカワ=[2],no,[2]
wagaya-no-haha-wa-byooki-desu,わが家の母はビョーキです,2,サンマーク出版　∥　サンマーク シュッパン:1 | サンマーク出版　∥　サンマークシュッパン:1,サンマーク出版　∥　サンマーク シュッパン,サンマーク出版　∥　サンマークシュッパン=[2],no,[2]
wakaba-chan-wa-wakarasetai,若葉ちゃんはわからせたい!,2,双葉社　∥　フタバシャ:1 | 双葉社:1,双葉社　∥　フタバシャ,双葉社=[2],no,[2]
wakusei-drops,惑星ドロップス,2,角川書店　∥　カドカワ ショテン:1 | [発売]角川グループパブリッシング　∥　カドカワ グループ パブリッシング:1,角川書店　∥　カドカワ ショテン,[発売]角川グループパブリッシング　∥　カドカワ グループ パブリッシング=[2],no,[2]
watashi-ni-ai-o-sakebasete,私に愛を叫ばせて,2,集英社　∥　シュウエイシャ:1 | 集英社:1,集英社　∥　シュウエイシャ,集英社=[3],no,[3]
watashi-no-ani-wa-hito-o-ayamemashita,私の兄は人を殺めました,2,[発売]ジャイブ　∥　ジャイブ:1 | [頒布]ジャイブ (発売)　∥　ジャイブ:1,[発売]ジャイブ　∥　ジャイブ,[頒布]ジャイブ (発売)　∥　ジャイブ=[2],no,[2]
watashi-no-gohan-ga-mazui-nowa-omae-ga-tonari-ni-iru-kara-da,私のご飯がまずいのはお前が隣にいるからだ,2,メディアファクトリー　∥　メディアファクトリー:1 | KADOKAWA　∥　カドカワ:1,メディアファクトリー　∥　メディアファクトリー,KADOKAWA　∥　カドカワ=[2],no,[2]
watashi-no-okaa-san,わたしのお母さん,2,KADOKAWA　∥　カドカワ:1 | KADOKAWA:1,KADOKAWA　∥　カドカワ,KADOKAWA=[2],no,[2]
watashi-no-oshi-ga-kyou-mo-saikou-ni-toutoi-node-zenryoku-de-shiawase-ni-suru,私の推しが今日も最高に尊いので、全力で幸せにする!,2,[頒布]講談社　∥　コウダンシャ:1 | [頒布]講談社:1,[頒布]講談社　∥　コウダンシャ,[頒布]講談社=[2],no,[2]
watashi-no-shouko,わたしの証拠,2,小学館　∥　ショウガクカン:1 | 小学館:1,小学館　∥　ショウガクカン,小学館=[2],no,[2]
watashi-o-futta-hito-no-kozukuri-aite-ni-meizeraremashita,私を振った人の子作り相手に命ぜられました,2,[頒布]青泉社　∥　セイセンシャ:1 | [頒布]青泉社:1,[頒布]青泉社　∥　セイセンシャ,[頒布]青泉社=[2],no,[2]
watashitachi-wa-moto-joshi-desu,私たちは元女子です,2,ジーオーティー　∥　ジーオーティー:1 | ジーオーティー:1,ジーオーティー　∥　ジーオーティー,ジーオーティー=[2],no,[2]
white-night-bitter-porno,ホワイトナイトビターポルノ,2,海王社　∥　カイオウシャ:1 | 海王社:1,海王社　∥　カイオウシャ,海王社=[2],no,[2]
work-love-unbalance,ワークラブアンバランス,2,集英社　∥　シュウエイシャ:1 | 集英社:1,集英社　∥　シュウエイシャ,集英社=[2],no,[2]
worst-gaiden,WORST外伝,2,秋田書店　∥　アキタ ショテン:1 | 秋田書店　∥　アキタショテン:1,秋田書店　∥　アキタ ショテン,秋田書店　∥　アキタショテン=[2],no,[2]
wotaku-shojo-wa-koi-ni-bukiyou,オタク処女は恋に不器用,2,大都社 (発売)　∥　ダイトシャ:1 | 大都社　∥　ダイトシャ:1,大都社 (発売)　∥　ダイトシャ,大都社　∥　ダイトシャ=[2],no,[2]
yagate-hitotsu-no-oto-ni-nare,やがて、ひとつの音になれ,2,小学館　∥　ショウガクカン:1 | 小学館:1,小学館　∥　ショウガクカン,小学館=[3],no,[3]
yamato-nadeshiko-wa-kujikenai,大和撫子はくじけない。,2,少年画報社　∥　ショウネンガホウシャ:1 | 少年画報社:1,少年画報社　∥　ショウネンガホウシャ,少年画報社=[2],no,[2]
yandere-cafe-e-youkoso,ヤンデレカフェへようこそ,2,スクウェア・エニックス　∥　スクウェア ・ エニックス:1 | スクウェア・エニックス:1,スクウェア・エニックス　∥　スクウェア ・ エニックス,スクウェア・エニックス=[2],no,[2]
yandere-ouji-sama-ni-aisarechaimashita,ヤンデレ王子様に愛されちゃいました,2,ハーパーコリンズ・ジャパン　∥　ハーパーコリンズジャパン:1 | ハーパーコリンズ・ジャパン:1,ハーパーコリンズ・ジャパン　∥　ハーパーコリンズジャパン,ハーパーコリンズ・ジャパン=[2],no,[2]
yankee-assistant-no-ashizawa-kun-ni-koi-o-shita,ヤンキーアシスタントの芦沢くんに恋をした,2,スクウェア・エニックス　∥　スクウェア ・ エニックス:1 | スクウェア・エニックス:1,スクウェア・エニックス　∥　スクウェア ・ エニックス,スクウェア・エニックス=[2],no,[2]
yankee-kun-wa-seitokaichou-sama-ni-shitsukeraretai,ヤンキーくんは生徒会長様に躾けられたい,2,秋田書店　∥　アキタショテン:1 | 秋田書店:1,秋田書店　∥　アキタショテン,秋田書店=[2],no,[2]
yaotsukumo,ヤオツクモ,2,[発売]角川グループホールディングス　∥　カドカワグループホールディングス:1 | [発売]KADOKAWA　∥　カドカワ:1,[発売]角川グループホールディングス　∥　カドカワグループホールディングス,[発売]KADOKAWA　∥　カドカワ=[2],no,[2]
yatchae-ukita-san,殺っちゃえ!!宇喜多さん,2,リイド社　∥　リイドシャ:1 | リイド社:1,リイド社　∥　リイドシャ,リイド社=[2],no,[2]
yatterman,ヤッターマン,2,講談社　∥　コウダンシャ:1 | 小学館　∥　ショウガクカン:1,講談社　∥　コウダンシャ,小学館　∥　ショウガクカン=[2],no,[2]
yellow-r,YELLOW/R,2,[発売]角川グループパブリッシング　∥　カドカワ グループ パブリッシング:1 | KADOKAWA　∥　カドカワ:1,[発売]角川グループパブリッシング　∥　カドカワ グループ パブリッシング,KADOKAWA　∥　カドカワ=[2],no,[2]
yokohama-tasogare-totsutotsu-kaiji,横浜黄昏咄咄怪事,2,少年画報社　∥　ショウネンガホウシャ:1 | 少年画報社:1,少年画報社　∥　ショウネンガホウシャ,少年画報社=[3],no,[3]
yome-ga-korena-monde,ヨメがコレなもんで。,2,[発売]角川グループパブリッシング　∥　カドカワ グループ パブリッシング:1 | KADOKAWA　∥　カドカワ:1,[発売]角川グループパブリッシング　∥　カドカワ グループ パブリッシング,KADOKAWA　∥　カドカワ=[2],no,[2]
yomei-wazuka-dakara-to-tsuihousareta-sareta-seijo-desu-junrei-no-tabi-ni-detara-chou-kenkou-ni,余命わずかだからと追放された聖女ですが、巡礼の旅に出たら超健康になりました,2,スクウェア・エニックス　∥　スクウェア ・ エニックス:1 | スクウェア・エニックス:1,スクウェア・エニックス　∥　スクウェア ・ エニックス,スクウェア・エニックス=[2],no,[2]
yomei-wazuka-no-wakiyaku-reijou,余命わずかの脇役令嬢,2,[頒布]講談社　∥　コウダンシャ:1 | [頒布]講談社:1,[頒布]講談社　∥　コウダンシャ,[頒布]講談社=[2],no,[2]
you-aquarist,よぅ、アクアリスト,2,KADOKAWA　∥　カドカワ:1 | KADOKAWA:1,KADOKAWA　∥　カドカワ,KADOKAWA=[3],no,[3]
youhouka-to-mitsu-yakushi-no-hanayome,養蜂家と蜜薬師の花嫁,2,[頒布]講談社 (発売)　∥　コウダンシャ:1 | [頒布]講談社　∥　コウダンシャ:1,[頒布]講談社 (発売)　∥　コウダンシャ,[頒布]講談社　∥　コウダンシャ=[2],no,[2]
youkoso-pokemon-cafe-pikabui-no-mazemaze-a-ra-mode,ようこそ!ポケモンカフェ ピカブイのまぜまぜアラモード,2,小学館　∥　ショウガクカン:1 | 小学館:1,小学館　∥　ショウガクカン,小学館=[2],no,[2]
yuketsu-aku-no-soshiki-dark-dream,ゆけっ!!悪の組織ダークドリーム!!,2,秋田書店　∥　アキタ ショテン:1 | 秋田書店　∥　アキタショテン:1,秋田書店　∥　アキタ ショテン,秋田書店　∥　アキタショテン=[2],no,[2]
yume-genji-tsurugi-no-saimon,夢源氏剣祭文,2,小池書院:1 | KADOKAWA　∥　カドカワ:1,小池書院,KADOKAWA　∥　カドカワ=[2],yes,[2]
yuriyuri,ゆりゆり,2,一迅社　∥　イチジンシャ:1 | [発売]講談社　∥　コウダンシャ:1,一迅社　∥　イチジンシャ,[発売]講談社　∥　コウダンシャ=[2],no,[2]
yuru-days,ゆるデイズ,2,竹書房　∥　タケ ショボウ:1 | 竹書房:1,竹書房　∥　タケ ショボウ,竹書房=[3],no,[3]
yuuan-no-kanata,幽闇のカナタ,2,[頒布]幻冬舎　∥　ゲントウシャ:1 | [頒布]幻冬舎:1,[頒布]幻冬舎　∥　ゲントウシャ,[頒布]幻冬舎=[3],no,[3]
yuurei-no-shoutai-mitari-kare-atama,幽霊の正体見たり、枯れ頭。,2,スクウェア・エニックス　∥　スクウェア ・ エニックス:1 | スクウェア・エニックス　∥　スクウェア エニックス:1,スクウェア・エニックス　∥　スクウェア ・ エニックス,スクウェア・エニックス　∥　スクウェア エニックス=[2],no,[2]
yuusha-ni-uragirareta-tensei-chiyushi-ga-maou-no-chouki-ni-naru-made,勇者に裏切られた転生治癒士が魔王の寵姫になるまで,2,ハーパーコリンズ・ジャパン　∥　ハーパーコリンズジャパン:1 | ハーパーコリンズ・ジャパン:1,ハーパーコリンズ・ジャパン　∥　ハーパーコリンズジャパン,ハーパーコリンズ・ジャパン=[3],no,[3]
yuusha-no-yome-ni-naritakute,勇者の嫁になりたくて,2,[発売]講談社　∥　コウダンシャ:1 | [頒布]講談社　∥　コウダンシャ:1,[発売]講談社　∥　コウダンシャ,[頒布]講談社　∥　コウダンシャ=[2],no,[2]
yuushazuma-yuusha-ga-shite-kurenakutemo-seijo-wa-kedamono-maou-ni-musaboraretemasu,勇者妻 勇者がシてくれなくても、聖女はケダモノ魔王に、貪られてます,2,講談社　∥　コウダンシャ:1 | 講談社:1,講談社　∥　コウダンシャ,講談社=[3],no,[3]
yuutousei-wa-unmei-no-akai-ito-ni-sakaraitai,優等生は運命の赤い糸に逆らいたい,2,フロンティアワークス　∥　フロンティア ワークス:1 | フロンティアワークス:1,フロンティアワークス　∥　フロンティア ワークス,フロンティアワークス=[3],no,[3]
za-last-chef-kuma-no-ryourinin,The Last Chef熊の料理人,2,少年画報社　∥　ショウネンガホウシャ:1 | 少年画報社:1,少年画報社　∥　ショウネンガホウシャ,少年画報社=[2],no,[2]
zannen-nagara-haha-no-musume-wa-soko-no-bishoujo-dewa-naku-watashi-desu,残念ながら、母の娘はそこの美少女ではなく私です!!!,2,秋田書店　∥　アキタショテン:1 | 秋田書店:1,秋田書店　∥　アキタショテン,秋田書店=[2],no,[2]
zeni-100-paasento-no-imouto-akui-hyakupaasento-no-imouto,善意100%の妹、悪意100%の妹。,2,KADOKAWA　∥　カドカワ:1 | KADOKAWA:1,KADOKAWA　∥　カドカワ,KADOKAWA=[2],no,[2]
zenryaku-onii-chan-wa-seijo-ni-narimashita,前略、お兄ちゃんは聖女になりました。,2,[頒布]星雲社 (発売)　∥　セイウンシャ:1 | [頒布]星雲社　∥　セイウンシャ:1,[頒布]星雲社 (発売)　∥　セイウンシャ,[頒布]星雲社　∥　セイウンシャ=[3],no,[3]
zenryou-na-furyou-koukousei-no-nichijou,善良な不良高校生の日常,2,スクウェア・エニックス　∥　スクウェア ・ エニックス:1 | スクウェア・エニックス:1,スクウェア・エニックス　∥　スクウェア ・ エニックス,スクウェア・エニックス=[2],no,[2]
zense-de-koroshita-aite-no-tantou-henshuu-ni-narimashita,前世で殺した相手の担当編集になりました,2,竹書房　∥　タケ ショボウ:1 | 竹書房:1,竹書房　∥　タケ ショボウ,竹書房=[3],no,[3]
zero-no-kiseki,零の軌跡,2,[発売]角川グループパブリッシング　∥　カドカワ グループ パブリッシング:1 | [発売]角川グループパブリッシング　∥　カドカワグループパブリッシング:1,[発売]角川グループパブリッシング　∥　カドカワ グループ パブリッシング,[発売]角川グループパブリッシング　∥　カドカワグループパブリッシング=[2],no,[2]
zetsumetsu-doubutsu-monogatari,絶滅動物物語,2,小学館　∥　ショウガクカン:1 | 小学館:1,小学館　∥　ショウガクカン,小学館=[3],no,[3]
zettai-zetsumei-eiyuu,絶体絶命英雄,2,[発売]角川グループパブリッシング　∥　カドカワグループパブリッシング:1 | [発売]KADOKAWA　∥　カドカワ:1,[発売]角川グループパブリッシング　∥　カドカワグループパブリッシング,[発売]KADOKAWA　∥　カドカワ=[2],no,[2]
zombie-ga-shitaitsu,ゾンビがしたいっ!,2,リブレ出版　∥　リブレ シュッパン:1 | リブレ　∥　リブレ:1,リブレ出版　∥　リブレ シュッパン,リブレ　∥　リブレ=[2],no,[2]
zombie-shoujo-no-fujimi-san,ゾン美少女の藤美さん,2,少年画報社　∥　ショウネンガホウシャ:1 | 少年画報社　∥　ショウネン ガホウシャ:1,少年画報社　∥　ショウネンガホウシャ,少年画報社　∥　ショウネン ガホウシャ=[2],no,[2]
