slug	title	tv	need_synopsis	need_catch	genres	caption
jiiteiioo-paradise-lost-kai	GTOパラダイス・ロスト改	20	1	1	comedy	"鬼塚英吉の次なる舞台は吉祥学苑に新設された芸能クラスだった。
芸能人だらけのパラダイス教師生活が始まると思いきや
赴任初日から人気アイドル・新崎鉄也との泥沼対決が始まるのだった！

作家自らの再構成、大幅加筆で“パラダイス・ロスト”編、大復活！
※1〜11巻までは「GTO　パラダイス・ロスト」と内容の変更はありません。"
ramen-daisuki-koizumi-san	ラーメン大好き小泉さん	14	1	1	gourmet	"お待たせしました！移籍後初の最新刊リリースです!!

まだまだあります、食べたいラーメン！

かき氷とともに出される一杯や、雨宿りでのビーフシチュー麺。
そして眠れない日の夜ラーからの、起きたばかりの朝ラーまで…。

寝ても覚めても食べてても！
ラーメンロードはこれからも果てなく続きます♪"
doctor-children-shouni-gekai	ドクターチルドレン	10	1	1	drama	"子ども×命の現場。その手術は小さな泣き顔のためにある！
子どもより子どもっぽい小児外科医・星乃櫻子（ほしのさくらこ）に加え、
コミュ障で虫好きの変わり者の小児外科医・飛鷹蓮司（ひだかれんじ）が登場。
喉に歯ブラシが刺さる外傷、家電によるヤケド、扁桃腺肥大、子どものいびき、そして、難病の食道閉鎖症……。
卓越した手術が子どもの命を死の危険から救う。"
35-sai-no-sentaku	35歳の選択	8	1	1	action,adventure,comedy,ecchi,fantasy	平凡なサラリーマンだった前川大吉。34歳最後の夜に、ご先祖を名乗る老人が告げた3つの選択肢の中から「剣と魔法の異世界に若者として転生」を選択し、ダイ・フロンティアーズとして異世界に転生する。そこで与えられたチート能力を使い、宿者の女将ナターシャ、姫騎士のクリス、初級冒険者のミルキーと順調に仲良くなりハーレムを築いていく。しかしある日、クエストを横取りしたという理由で街最大のクラン「アドビーズ」に目を付けられ、その副団長と決闘をすることに。腕力のないただの治癒師ダイに、勝つ方法はあるのか！？
omotome-itadaita-bou-kun-heika-no-akujo-desu	お求めいただいた暴君陛下の悪女です	8	1	1	drama,fantasy,romance	以前の人生の記憶から、皇帝・ゼフォンの姉であり、スコルピオン帝国の女帝・レイラの冤罪を晴らし、革命軍の鎮圧に貢献したラース。帝国軍の汚名返上に尽力した対価として、スコルピオン帝国から油田の3割を得ることに成功。シャリオルト帝国の燃料問題を一気に解決させたラースは、ゼフォンの寵愛をうけ、民からの支持を上げていた。そんな中、ラースの祖国・べリエで新たな“秘書”が雇われる噂を耳にし、以前の自分と同じ立場であることに引っかかるラースはあることを思い出す。さらに、なりを潜めていた第2夫人が動き出すーー！？
saikon-shounin-o-youkyuu-shimasu	再婚承認を要求します	8	1	1	romance	ロテシュ子爵の育てている子が自分の実子であると知ったラスタ。弱みを握られて戦々恐々としている彼女に、エルギ公爵は、お金ならいくらでも貸すとまた手を差し伸べる。そんななか、ナビエは差出人不明の贈り物「恋の妙薬」に興味を持つ。魔法に秀でたカフメン大公に「妙薬」について相談すると、彼は効果を確かめるためにその場で薬を飲んでしまう!! すると、カフメン大公はナビエに対する甘い愛の言葉が止まらなくなってしまい──!?
akuyaku-reijou-ni-tensei-shita-hazu-ga-shujinkou-yorimo-dekiai-sareteru-mitai-desu	悪役令嬢に転生したはずが、主人公よりも溺愛されてるみたいです	8	1	1	fantasy,isekai,romance	"ついにリディアに告白をしたイクス。彼の想いを知ったリディアは自分の本当の気持ちがわからず思い悩む。一方イクスにライバル宣言をされたルイードもリディアへの気持ちを高めていく。そんな中、気分転換に出かけたピクニックで事態は急速に動き出すーー！
ルイードか、イクスか、はたまたサイロンかーーリディアが選ぶ恋の相手とは…？
悪役令嬢×逆ハーレム×転生ファンタジー第7巻！！"
suterareta-tsuma-ni-atarashii-otto-ga-dekimashita	捨てられた妻に新しい夫ができました	8	1	1	drama,romance	"Comimo大人気作！8,000万PV突破！
女で金銭を稼ぐ男の”モノ”として、小さな頃から酷い扱いを受け、痣だらけな心と身体を持つ少女クロエ。
クロエが競売に賭けられていたある日、侯爵であるアッシュ・ブリニクルに買われ彼の妻になった。
侯爵から優しい言葉を掛けられ、初めてクロエは”自由”と”優しさ”を知る。
侯爵夫人となる上で二つの選択肢を与えられたクロエ。
彼女の選んだ答えとは？そして二人の運命は…？♡"
mamahaha-dakedo-musume-ga-kawai-sugiru	継母だけど娘が可愛すぎる	8	1	1	comedy,fantasy,isekai,romance	"私、倉本百合は童話の意地悪な継母であるアビゲールに転生してしまう！
このままだとバットエンドまっしぐらなため、関係改善を目指すも、夫セイブリアンは人の物を剣で切り裂いたり、小言を言ってきたりと、相変わらずのクズっぷりで良好とは程遠く…。
でもでも、世界で一番可愛い義娘のブランシュとは少しずつだけど打ち解けられるようになって、いい感じに♪
もっと仲良くなるためにプレゼント選びにいそしんでいたら、魔法で作られた『真実を語る鏡』であるヴェリテと出会い──!?

義娘を溺愛する壮快ラブコメディ、第2巻！"
unmei-no-aite-wa-joushi-datta	運命の相手は上司だった	8	1	1	romance	"20代最後、9年間付き合った彼氏とも別れ、仕事もセクハラ・パワハラで辞め…人生の一大決心をした尾崎沙知。
気分転換にパラオへ旅行に行った先で出会った宮野とワンナイトをしてしまう。
帰国後、心機一転転職先に出社をしたところ、ワンナイトをしたハズの宮野が上司として現れて！？
しかし、宮野は素知らぬふりで接してくる…
彼はパラオで出会った宮野と同一人物なのか？と疑心暗鬼になる沙知。
そんななか、一緒に残業することになって…！？
LINEマンガで大人気のワンナイトから始まる、ピュアラブストーリーをコミックス化！
単行本限定描きおろしマンガも収録。"
umamusume-pisupisu-supisupi-gorushi-chan	ウマ娘ピスピス☆スピスピ ゴルシちゃん	7	1	1	comedy	"大人気のアクスタ特装版第3弾！ 

 超人気クロスメディアコンテンツ「ウマ娘」のコロコロコミカライズ作品、早くも3巻が登場！

ぞくぞくと人気ウマ娘が集結するゴルシワールド、まさかのウマ娘達が襲来！！
「シンデレラグレイ」「映画『新時代の扉』」との禁断コラボでオグリキャップやジャングルポケットが大暴れ！お楽しみに！

特装版には1、2巻に引き続きゴルシちゃんたちウマ娘のアクリルスタンド付録がついてくる！オグリやジャンポケに加え、特別なメジロマックイーンやナカヤマフェスタもアクスタ化！ゴルシちゃんは水着に！？
ここだけの超貴重オリジナルグッズを手に入れよう！！ 

 【編集担当からのおすすめ情報】 
 大人気コンテンツ「ウマ娘」とコロコロコミックがコラボした、破天荒ギャグマンガ第3巻！！

特装版だけのアクリルスタンド付録、3巻も全て描き下ろしの特別イラスト！
ぜひGETして1、2巻のアクスタと並べてください！"
bakuchigui	バクチグイ	7	1	1	drama	"突如始まったビル脱出ゲーム。
3名が死亡するという修羅場へと突入した！！
このゲームを現状支配している男、殺人鬼・吉川に追われるブルに
更なる策はあるのか！？それとも……。

そして、ブルと共闘するメガネの男が密かに殺人を犯し…。
誰が敵で誰が味方か！！信じられる者は己のみ！！
この混沌の中で生き残る者は……！？

そんな中、福友を始めとする“沼”側の動きも見え隠れし始め…。
兄・隆一へと辿り着くため、ブルは命を削り続ける。
前代未聞のギャンブル物語、熾烈！！"
mobu-joshikousei-no-ore-demo-boukensha-ni-nareba-riajuu-ni-naremasu-ka	モブ高生の俺でも冒険者になればリア充になれますか?	7	1	1	action,adventure,comedy,fantasy,romance	"学生限定モンコロ大会ーーベスト4に進出すればDランクカード、優勝ならCランクカードの賞品を手に入れられる。
売り言葉に買い言葉で大会に参加することになってしまったマロだったが、
トラブルに見舞われつつも、なんだかんだ頼もしい仲間とともにベスト4に進出。
優勝もすぐかと思いきや、さすがにこれからの対戦相手は手ごわいようで……！

カードのロストも当然のモンコロ大会で、マロは仲間を失わずにいられるのか？
そして窮地に陥ったマロは覚醒するーー！"
megami-no-hyouteki	女神の標的	7	1	1	drama,mystery,suspense	"金塊の手がかりを狙い敵の魔の手が・・・！ 

 旧華族で元陸軍少将、現在は大手商社の顧問をしているという財前から、
春子が所属する一座に対し、孤児院の子供達に演劇を観せてほしいとの依頼が舞い込んだ。
財前が金塊を狙う人間である可能性を感じつつ、危険を承知で春子達は公演を引き受けることにした。
公演当日、演劇は大盛況に終わり、手配されたタクシーに乗り帰路へ。何事も起きなかったことに春子が内心安堵しかけた瞬間・・・同乗した一座の仲間と春子は突然注射を打たれ、意識を失った春子は拉致されてしまった。
やはり全ては財前により仕組まれていた罠だった。
春子は空き家に運ばれ、そこで財前が雇った薬に精通する男・伴により自白剤を投与されてしまう。
春子は伴と財前に聞かれるがまま、父との思い出を話してしまう。
それによりある仮説を導き出した財前は、金塊の捜索に乗り出す。それは春子に関係する人々を巻き込む事件へと発展していくことに・・・！！
金塊を巡る謎と春子自身人生がさらに大きく転換する、大人気ヒストリカルサスペンス最新刊！ 

 【編集担当からのおすすめ情報】 
 元陸軍少将で戦後は商社の顧問という表の顔を持つ男、財前。
金塊を狙うこの男が、手がかりを得るため、さらなる非道な手段で春子を襲う。拉致され、薬を打たれた春子は父に関する話を財前に話してしまい、それが新たな事件へとつながることに・・・
さらに、春子は関西公演に向かった先で関西で強い力を持つ組織の長・山岡と出会う。
敵、金塊の謎、そして新たな味方と、春子の周囲が大きく動く必読の最新刊です！是非ご覧ください！"
shizukanaru-don-mouhitotsu-no-saishuushou	静かなるドン-もうひとつの最終章-	7	1	1	comedy,slice-of-life	"新鮮組＆鬼州組連合VS麻薬カルテルの大抗争へ!?

鬼州組八代目を殺したメキシコマフィア。
組織のボスであるエルモッソに報復するため、納戸率いる鬼州組・獅子王SSはメキシコに入っていたが、敵地で苦戦を強いられていた。

時を同じくして、静也の最愛の人・秋野は、人身売買で売られた女の子を探すため、
危険をかえりみずメキシコの治安の悪い場所にいた。

秋野を救い出そうとメキシコに来た静也だったが、
到着してすぐにDEA（アメリカ麻薬取締局）に拘束されてしまう。
しかし、連行された先には、なんとメキシコ大統領・マルガリータが待っていた。
DEAはメキシコマフィアを倒すために、静也たち日本のヤクザを利用しようと考え、
それをマルガリータ大統領に承認させようとしていたのだ。
静也は秋野を保護してもらうことを条件に、大統領と協力して最凶最悪な麻薬カルテルと戦うことに。

一方、エルモッソの側も大統領暗殺を企てていて…!?
「俺が牙を剥いたら、どれだけ恐ろしいかわからせてやる」
ヤクザとメキシコ政府連合とメキシコマフィアとの
全面戦争がいよいよ始まろうとしていた！"
majo-no-eden	魔女のエデン	7	1	1	adventure,fantasy	"植物を憎み、ザクムと手を組んだ魔女フルーディティラ。
その裏にある深い傷を知ったピリーは、敵でありながら彼女を救おうとする。

魔獣×少女の絆が紡ぐ物語。
フランス発のファンタジー巨編、闇さえ包む優しさが光る7巻。


L&apos;Eden des sorcieres (c) Yumeji / Ki-oon"
ennead	Ennead	6	1	1	drama,fantasy	"「信じていた神に裏切られるほど、惨めなことはない」
玉座を争う第二の対決で、半神ホルスに敗北した戦争の神セト。
ホルスの勝利には、エネアドの神達だけではなくセトの息子アヌビスも協力していた。
さらに、家族に裏切られたセトを嘲笑うかのように厄災の神セクメトが現れる。
オシリスに復讐するチャンスだ、オシリスの息子ホルスに恥辱を与えればいい、と囁くセクメト。
そそのかされたセトはホルスの寝床へ忍び込むが、思わぬ返り討ちに…？

そして、明かされるオシリスとセトの恐ろしい過去とはーー。"
so-young	So young	6	1	1	action,drama	"[大人気漫画『撲殺ピンク〜性犯罪者処刑人〜』の原点、ここに完結!!!!10P特別描きおろし漫画も収録!!!!]

時は20XX年。
日本は法律が変わり、
殺人を犯した成人は、確実に死刑にーー。

その一方、
殺人を犯した18歳未満の未成年は、
「DIE場都市」というユートピアへ入るという…。

“死の業（カルマ）”が見えるという、
青年ーー通名、「エンジェル」。

未成年たちの未来を守るため、
エンジェルの狂った正義が激しく爆ぜる。

舞台は因縁の地ーー「DIE場都市（ダイバーシティ）」へ。

愛する者たちを守るため、
エンジェル、
最後の闘いへーー…。

大ヒット漫画『撲殺ピンク〜性犯罪者処刑人〜』の山本晃司が描く、
もう一つの “救いの物語”が、
新装再編版として登場!!!!!! 

魂揺さぶる、感動の最終巻!!!!!! 
「すべての始まり」を描いた幻の読切版も収録!! 
そして、新装再編版発売を記念して、
物語の「別のエンディング」を描いた大増10P描きおろし漫画も収録!!!! 

※カバーデザインをリニューアルしました。
※物語の内容に変更はございませんが、
1巻ごとの区切りを再編しました。読み味たっぷりの1冊になっております。"
pakupaku-desuwa-tsuihousareta-sareta-ojousama	〈パクパクですわ〉追放されたお嬢様の『モンスターを食べるほど強くなる』スキルは、1食で1レベルアップする前代未聞の最強スキルでした。3日で人類最強になりましたわ～!	6	1	1	action,comedy,fantasy	"モンスターを美味しい料理に変えて、今日もパクパク&ニコニコのシャーロット。
そんな彼女の実家に、イケメン王子・アウゼスが結婚を申し込みに訪れる。
しかし、シャーロットの父・ネイビー侯爵が追放したことを知ると、アウゼスは怒りで鬼と化すのであった……！？"
iron-familia	アイアンファミリア	6	1	1	action,fantasy,horror	ホムンクルス生成のレシピを奪還するため、犯罪組織・ヤカイのアジトを急襲する蜂須館一行。だが、そこに不在と思われていたヤカイのリーダー・“冠羽”のウカクが飛来する。これまでの敵を凌駕するウカクの圧倒的な戦闘力を前にテツヲは…!? 成長と陰謀が交錯する第2巻！
apparel-dog	アパレルドッグ	6	1	1	slice-of-life	"ついに宣伝イベント「ニットラン」開始！
そこで思いもよらない大事件発生！？

秋冬の目玉商品「トランスフォームニット」。
展示会での価格決めバトルも決着し、次は宣伝イベントを行うことに。
ニット産地である新潟・五泉を舞台に、
ニットを着て自転車で走る「ニットラン」を計画するも、
そこに急遽「アンノワ」が参戦してきて！？
豪華ノベルティの制作、有名人モデルの起用と
豪勢なアンノワチームに対し、「ミシロ・メン」の対応は…？
波乱づくしのニットラン編収録のお仕事エンタメ第6巻！"
will-sama-wa-kyou-mo-mahou-de-asonde-imasu-next	ウィル様は今日も魔法で遊んでいます。ねくすと!	6	1	1	fantasy,isekai	"一度見ただけであらゆる魔法を再現できる少年ウィルは、シローのかつての仲間カルツとヤームの手を借りて新たな魔道具を作ることに。ウィルが作り出した新たな魔法は、不完全ながらも土塊で仮初の腕を作り出すもの、それは王都を襲った魔獣騒動で負傷し、今も苦しむみんなを笑顔にするためのものでーー。
才能∞の小さな天才魔法使いの成長を描く、異世界ファンタジー新章第2巻！"
the-boxer	ザ・ボクサー	6	1	1	sports	伝説のボクシングトレーナー・Kは、最後にして最強の弟子を見つけるため訪れた日本で、白髪の少年・龍山珀を紹介される。ジムでのスパーリングで珀の天才的な才能を目の当たりにするK。その才能に惚れこみかけたところ、路上でリンチにあう黒髪の少年・結城を見かける。不良に殴られるがままの結城だが、Kだけは結城のただならぬ雰囲気を感じ取る。その正体を見抜くため、Kは結城に殴りかかるが──。Kが見つけたのは「本物の天才」か、はたまた「怪物」か!?
skill-saisei-to-hakai-kara-hajimaru-saikyou-boukensha-life	スキル〈再生〉と〈破壊〉から始まる最強冒険者ライフ	6	1	1	adventure,fantasy	"【レアスキル覚醒で最強冒険者へ成り上がれ！】
冒険者として旅立った両親に憧れていた少年・ロルフ。成人の儀で希少なスキル【再生】を授かり、自らも冒険者となって有名パーティーに所属するも、スキルが発動せずに「役立たず」と追放されてしまう…。行き場を失ったロルフは、父から譲り受けたボロボロの剣以外を取り上げられ途方に暮れていたのだが…【破壊】スキルを持つ少女エルサと出会い、能力が覚醒ーー!? 「こんな凄いスキルが、この世界にあるなんてーー！」
【再生】と【破壊】…一見相反する2人のスキルだが、 【再生】スキルは【破壊】スキルで壊したものをパワーアップさせて創り直す規格外のスキルだった!!　さびついた剣は【再生】と【破壊】を経てとんでも武器に進化し、2人は有名パーティーを遥かに凌駕する最強冒険者になっていて…!?

「第1回グラスト大賞」大賞受賞作、待望のコミカライズ！　「役立たず」と追放されたぼっち冒険者が、最強への道を駆け上る成り上がりファンタジー、開幕!!　原作者書き下ろし小説・描き下ろし漫画も収録。"
bear-face	ベアフェイス	6	1	1	action,drama	"選ばれし警察官のみで組織された公安警察。
中でも「歴代最強」「怪物」と恐れられた男・斑鳩が突然公安を去り、始めたのは探偵事務所。
斑鳩を公安に連れ戻すために接触した柏木も公安を辞めて斑鳩の元で働いている。
そんな中、デートの下見で水族館に同行してほしいという女子高生の依頼を受けつつ彼女を守りながら斑鳩達を狙うスパイや過激派を撃退することに!?
期待の新鋭が贈る弩級クライムアクション！"
my-pure-lady-2024	マイピュアレディー	6	1	1	ecchi	フェアレディZで華麗に首都高を走る、謎の美しきドライバー愛子。彼女との出会いがきっかけで、冴えない独身男・田上は、女たちを癒す愛のテクニシャン「サプリマン」へと変貌を遂げていく。人妻、熟女、未亡人、OL、--愛を渇望する女性たちが見せるそれぞれの喜悦……めくるめく官能ストーリー。
kenka-dokugaku	喧嘩独学	6	1	1	action	"母親の入院費を稼ぐため、クラスメイトのカネゴンとともに動画配信サービス・ニューチューブで不良相手にケンカをする配信を続ける志村。
謎のチャンネル「dokugakukennka」の主・闘鶏の動画で学んだ「殴られても痛くない方法」を活かし、カツアゲしてきた不良に勝った志村は順調に収益を伸ばす。
さらに理想の女性・朝宮と出かけることになり、不器用ながらも二人は距離が縮まっていく。しかしその最中に、復讐に燃えるハマケンが襲撃。朝宮を守るためにも、志村はハマケンに立ち向かうが…!?
学んだケンカを撮りまくれ！ 撮った動画で這い上がれ!! 刺激MAX、喧嘩×動画の下剋上！"
ai-mo-nikushimi-mo-chinmoku-no-naka-de	愛も憎しみも沈黙の中で	6	1	1	drama,fantasy,romance	"「お前は　俺だけのものだ」 
「暴君」と悪名高い鎮北(ちんほく）王に、妾として嫁ぐことになった口のきけない美貌の奴隷・沈玉（ルビ：シェンユゥ）。 
男であることを隠し、母親を守るため、主(あるじ)の娘の身代わりとなる。
無垢で素直な沈玉は懸命に鎮北王に仕え、王もそんな沈玉に惹かれ始める。
しかしそんな二人を王妃は黙って見てはおらず、沈玉の正体を暴こうとして…!?　 
古代中国の王宮を舞台にした愛情・独占欲・嫉妬渦巻く、美麗中華ファンタジー第1巻。
大人気中国発WEBコミック、フルカラーで書籍化！"
tokyo-shinrou	東京§神狼	6	1	1	fantasy	"番いになった二人の運命が動き出す！ 

 和風×獣人ファンタジー！過去編進行中！！

物ノ怪を殲滅するためなら犠牲を厭わない「獣憑き」になってしまった玖音は
牢屋に閉じ込められて2年が経過していた・・・
ある日、自らの番いに迫る脅威を感じ取り脱獄するのだが
その先には運命の出会いが待っていたーーーー
巫の所有権を主張する哮牙と激しくぶつかる采だったが、玖音は自らの気持ちを自覚することに？
玖音、采、哮牙の過去から見えるものとは？
 

 【編集担当からのおすすめ情報】 
 シリアスな過去編を収録している本巻なのですが
注目ポイントは采への気持ちを自覚した玖音の一途さ！一途なケモ耳男子の赤面
でしか得られない栄養がここにあります！
男勝りで豪快な采にも注目の今作です！"
mori-no-naka-de-koushaku-ga-hirotta-nowa	森の中で公爵が拾ったのは	6	1	1	fantasy,romance	"幸せになるために何度も回帰し続けているエリシアーー。
30回目の人生は、真夜中の森で野犬に襲われていたところを公爵のヴァロンに助けられ、事なきを得る…。
今回が最後のチャンスということで、エリシアは神の代理人であるラークに記憶を残してもらうことに！
自分のことを放置する父や命を狙う義母からも逃げず、運命に立ち向かおうと決意する‼

残酷な死を繰り返した令嬢のラブファンタジーがついに開幕！"
umarekawattemo-yoroshiku	生まれ変わってもよろしく	6	1	1	romance	"何度も生まれ変わり、18回目の人生を生きていた少女・沙織は、駿と出かけた先で事故に遭い命を落としてしまう。「立花遥」として生まれ変わった沙織は、19回目の人生を始めることに──。
突然の雨に降られた遥・駿・香織・信吾は、香織の別荘に宿泊。そこで香織は、遥の言動にある疑問を抱き始める。
そんな中、遥の兄の借金問題が深刻化。取り立てに巻き込まれる遥を守るため、駿は遥が驚くような行動をとる。
遥と駿がそれぞれ互いを守ろうとする一方で、沙織が命を落とすことになった事故には暗い秘密があるようで…!?"
isekai-teni-shite-kyoushi-ni-nattaga-majo-to-osorerarete-iru-ken	異世界転移して教師になったが、魔女と恐れられている件	6	1	1	fantasy,isekai	"ロックスの目に余る傍若無人ぶりに、保護者面談の実施を宣言したアオイは、
ロックスの両親であるヴァーテッド国王・ミドルトン、王妃・レアを学院に呼びつける。

「学院が潰されるのではないか」と教員・生徒問わず騒然とするなか、
ヴァーテッド国王夫妻が400名の近衛騎士団を率いて来校！

ロックスが真面目に学院生活を送っていると思っている夫妻に、
アオイは包み隠さず真実を伝える。

面談の場に次第に不穏な空気が流れはじめ、
夫妻はアオイに""""あること""""を告げる──。"
koutei-no-mago-ni-tensei-suru-koutei	皇帝の孫に転生する皇帝	6	1	1	action,adventure,fantasy	"奴隷から天賦の才で成り上がり、一代で帝国を築き上げた偉大なる皇帝・ティムールは無能な孫たちにより国が滅びることを案じて自らの孫に生まれ変わった！ 12歳の“皇帝の孫”として順調に教養を深めたティムールは許嫁のジーナと共に帝都を飛び出し、成金御用達ルートで“下級官吏”の身分を買い、本当の身分を隠して僻地の村へ繰り出す！
村に蔓延る悪習に、厄介なスライムも登場して──!? 前世の“俺”とはひと味違う！ 成り上がり皇族転生・無双ストーリー!!"
shuumatsu-no-hakoniwa	終末の箱庭	6	1	1	horror	"【鳥肌保証】予測不能の終末世界ホラー開幕 

 ここからあなたが覗くのは、人類終焉最悪のシナリオ。
まともじゃないこの世界で、あなたは正気を保てますか？

遺伝子改良を施した、生まれた時から優秀な才児。
一切の不健全を許さない徹底した教育。
死者の魂を呼び戻す儀式の流行。

利便性のために、管理のために、欲望のために…
生まれてしまったディストピア。

その果てに待つものは、
生きている意味を見失うレベルの恐怖。

予測不能のディストピアホラー。
壮大な終末の物語が始まる。 

 【編集担当からのおすすめ情報】 
 「笑顔の世界」で3300万超PVの伝説的バズを記録した、ホラー界の新星・岬かいり初連載作品待望のコミックス化！！
予想を裏切る圧倒的構成が価値観を揺さぶります。令和最重要ホラーを是非その目でお確かめください！"
hiitoteki-love-dan	非意図的恋愛談	6	1	1	bl,romance	"無事に互いの誤解が解かれ
晴れて恋人関係に戻ったウォニョンとテジュン。
二人はあずきと一緒に同居すると約束して
幸せな暮らしへの期待に胸を膨らませていた。
一方、ウォニョンは会社の同僚から
チョン室長とは関係なく人事部の調査結果によって
自分の復職が決まった事実を知らされる。
最後まで彼に利用されたことを悔しがるウォニョンを前に
テジュンはチョン室長への仕返しを企むが...?"
oyasumi-fumi-san	おやすみふみさん	6	1	1	drama,ecchi,romance	"「良い人でいられるのは、いつまでかな…？」
 
高嶺の花 ”ふみさん” の禁断の誘惑に、
理性崩壊まで試されるーー。
背徳ラブサスペンス、開幕。


春。田舎から上京し、大学生となった凛太は
大学一の美女ふみさんを飲み会帰りに送ることになったのだが…。
豹変した彼女に、強引にベッドに誘われて!?
誘惑と背徳の大学生活が幕を開けるーー。"
cherry-yuusha-to-sei-naru-tsurugi	チェリー勇者とせいなる剣	6	1	1	action,comedy,fantasy,romance	"予想を裏切り、突如として始まった“病”の魔王軍の侵攻。
レリアから聖剣を抜いたチェリオは、街の人々を守るため、
魔物との戦いに身を投じていく。
そんな中、魔王軍に対して並々ならぬ思いを持つロズマリーが遂に本気を出して…!?
ロズマリーの勇ノ力とは…!?
そして、レリアとサランも激闘を繰り広げ…!?
さらに、遂にチェリオがロズマリーから聖剣を…!?
過激さが増すチェリー“エロ”勇者譚 第3巻!!"
joou-no-rakuin	女王の烙印	6	0	1	ecchi,horror,supernatural	不死姫の呪いによって、人喰いの化け物が彷徨う地獄と化してしまった日本。巫女の美琴と自衛官の巽は、禁足の洞窟でついに、全ての元凶・不死姫と対峙する。銃撃すら効かない不死姫の力に圧倒されていたのも束の間、不死姫の使徒となった美琴の兄・由良の凶行に、秘められた美琴の“力”が爆発する…！ さらに絶体絶命の窮地に謎の二人組まで現れて…!? 『鬼獄の夜』の加藤キャシーが放つ、死闘と快楽入り乱れるエロティックホラー！
kaisei-no-ketsumeisha	廻生の血盟者	6	1	1	action,supernatural	"“アンチ・死に戻り”　頭脳アクションバトル 第2巻！

最愛の人を守るため世界最強の英雄を殺し、命を狙われることになったヨハン。
刺客として現れた風の能力を持つ祓魔執行官を578回目のループで倒すことに成功するが、
ヨハンの持つ【死に瀕した際に、過去へと時間を巻き戻す】能力の存在が敵にバレてしまう。

死んだときに時が戻るなら、死なせなければ良いだけの話ーー。

ヨハンは想い人である聖女・グレーテルが捕らわれている聖都の孤城へ潜入するが、
そこで待ち受けていた大祓魔執行官・クライノォトと闘うことになってしまう。
宝石を飛ばし攻撃してくる未知の能力者との戦い……敵の敷くループ対策を、どう破る！？"
isekai-kaeri-no-otsu-san-wa-shuumatsu-sekai-de-musou-suru	異世界還りのおっさんは終末世界で無双する	6	1	1	action,isekai	"織田たち避難民が滞在するデパートに響いた銃声ーーそれが惨劇の始まりだった。豊富な物資を狙って強襲した略奪者たちは明確な悪意をもって殺りくの限りを尽くしていく。防戦一方の織田を救ったアザミはモモの祖父から受け取った日本刀で略奪者を斬り捨てていくが、避難しそこねたカエデに最大のピンチが迫っていて……！？
終末世界での生き方を問う人気の無双アクション第5巻！！"
watashi-no-aisuru-asseisha	私の愛する圧制者	6	1	1	drama,romance	従軍看護師として戦線にいたアネットに、突然後方の野戦病院へ異動命令が下される。発令したのは、元夫で総司令官のハイナー。彼は、『生きる』ことを条件に離婚したはずの彼女が最前線にいることが許せなかったのだ。再会を果たしたふたりだったが、想いはすれ違いーー？
omae-o-tsuihousareta-suru-tsuihousareta-sareta-no-wa-ore-dewa-naku-mukuchi-na-mahou-shoujo-deshita	「お前を追放する」追放されたのは俺ではなく無口な魔法少女でした	5	1	1	action,adventure,comedy,ecchi,fantasy,romance	"虐げられた
最強Sランク美少女を拾って成り上がる！！

「お前を追放する！」
新米ソロ冒険者・ガリオンが出会ったのは、
Sランク冒険者パーティ『栄光の剣』を追放された無口な魔法使いの少女・テレサ。
落ち込む彼女を慰め、パーティを結成、冒険の日々を共にすることに。
そんな中、落ち目になった『栄光の剣』はテレサを陥れる計画を画策。
ガリオンは彼女の穏やかな冒険ライフを守るため、下剋上を決意するーー!！
かわいくてちょっとドジな魔法少女との日常が紡ぐ、
笑いあり、LOVEあり（⁉）の成り上がり冒険譚開幕！！"
kaijuu-tan-arawaru	かいじゅうたん、現る。	5	1	1	comedy,sci-fi	"かいじゅうたんの大事なおともだち“大仏たん(国宝)”に文化庁から返却命令が…!?
突然のお別れに悲しむ、かいじゅうたん。この窮地に総理はとあるプランを画策する。
総理の計画は文化庁の方針を変えることが出来るのか…!?
真の“文化”、そして本当の“愛”を我々は目撃する…!!

夏祭り、アサガオの観察、そしてみんなで音楽発表会♪
いっぱい遊んで、たくさん学んで、かいじゅうたんは今日も元気いっぱい!!

ほこほこニッコリ、時にはジーン。
読者の皆さんもかいじゅうたんの保護者です!!
みんなで愛でよう、“かいじゅう”保育マンガ!!"
koishika-koi-wa-shikaku	こいしか!	5	1	1	romance	"共感度200％のカルテットラブ、完結！ 

 文化祭で“王子に気もちを伝える”
と覚悟を決めたれん。
でも、先に王子から「好き」
と告白されてーー。

両想いになれたのはうれしいけれど、
王子にちゃんと想いを伝えたい！
「告白リベンジ」しようと
れんは王子を教室から連れ出して…!?

一方、2人の恋が実ったことを知り
傷つく氷上くんに、ここなは「もう私にしなよ」と
思わずキスをしてしまうけど…!?

4人の恋がフィナーレを迎える最終巻!! 

 【編集担当からのおすすめ情報】 
 「たしかに はずかしくしてる王子を見るのは 楽しい 正しくは私のことでそうなってる王子が だと思う」
「私を好きになれってことでしょ!! これで！私のことしか考えられなくなるでしょ!?のキスでしょ!!!」
「オレも恋をしてたんだ それは叶わなかった恋だけど 好きになってよかったって 思ってるんだ 
はじめての気もちばかりで とってもおもしろかった」----

むずキュンカルテットラブの最終巻は、共感度200％のモノローグがたっぷり！
初デートのワクワク、初キスの緊張感、失恋の苦しさーー
キュートな4人のリアルラブを最後まで楽しめるエモさに満ちた1冊です!!"
konotabi-oni-joushi-no-hisho-ni-narimashite	このたび鬼上司の秘書になりまして	5	1	1	romance	"見知らぬ車に突然連れ去られた美月。
しかし、そこにいたのは最上を始めとする、見知った顔ぶれの3人でーー。
彼らは不審な人物が美月の周囲にいることを察知し、救いに来たのだった。
念のため美月の部屋を調べてみたところ、室内から盗聴器の反応があり……。
このままここで暮らすのは危険だと判断した瀬戸と竜胆は、安全のためしばらく最上の家に泊まることを提案する。
密かに最上に想いを寄せていた美月は、思わぬ形で彼との同居生活をスタートさせることになりー...!?"
kore-wa-hanzai-dewanaku-koi-desu	これは犯罪ではなく恋です。	5	1	1	romance	"推しが彼氏に…365日溺愛ラブ、開幕！ 

 いつでも、どんな時でも、あなたの虜…

情報システム部の相馬に夢中の春奈。
朝も昼も相馬のことを眺めていられたらそれだけで幸せ…（ときどき法に触れない範囲でストーカー行為はしているけれど）と思っていたのに。
参加した飲み会で彼に「じゃあ、つき合う？」なんて言われてしまって！？
これって都合のいい夢ですか！？
いやいやでも、夢でも何でも、相馬さんとおつきあいできるなら、なんでもやります…！！！と意気込む春奈。
そして、その相馬にも実は重大な秘密があって…

★収録作品★
mission:1「じゃあ、俺とつき合う？」
mission:2「君の週末を俺にくれない？」
mission:3「私が良識あるストーカーだからよかったものの…」
mission:4「それでも君を放したくない」 

 【編集担当からのおすすめ情報】 
 「注文の多い玉の輿婚」や「悪役令嬢は2度死ぬ」でブレイクした川瀬あや先生の最新作です！
今回は主人公がストーカー、そして、そのストーカー相手の彼も実は…！！（これ以上はネタバレしませんので…！！言いたい…！！）というニヤニヤ展開に、プチコミック本誌でも初回から1位を獲得するなど大人気！！
もちろん早くもデジタル単話版は売れ売れでとてもノッております。
ぜひまだの方はこの機会にご堪能ください☆"
dekiru-maid-sama	できるメイド様	5	1	1	fantasy,romance	"皇宮のメイドとして働く「マリ」は、これといった特技もなく、不器用でいつも怒られてばかり。
けれど、その出自には大きな秘密が隠されていたーー！ある日彼女は、世話を任された余命いくばくもない囚人から「神に君の願いを届けたい」という申し出を受ける。
願い事を口にしたその夜、とても不思議な夢を見て…？「できるメイド」マリの物語が今、始まる！"
nonbiri-mura-no-yakuba-neko	のんびり村の役場猫	5	1	1	comedy	"村役場の猫守さんが、悪の芽を根絶やしにします！

X（Twitter）で「やりすぎでは？？」と話題沸騰！
かわいくてお仕事熱心な猫守さんの勧善懲悪コメディ！
ポップ＆キュート＆ちょっぴりブラックな新感覚猫マンガ！"
hitohitogami-nichinichi	ひとひとがみ日々	5	1	1	supernatural	"人の姿をした神と物の怪。その不思議日常譚 

 時は現代。ミツカド山の麓のある廃村に暮らす者たちがいた。
彼らはすべて神ーーそう、人の姿をした神だった。
その神たちに売る品物を背負ってやってくる物の怪もいれば
森の中でうごめく怪しい物の怪もいる。
菊の神、大石の神、蔵の神、屋根の神、大杉の神……
人の体を持つ神たちと、闇にうごめく物の怪たちの
仄暗くも優しい日々の物語、開幕。
 

 【編集担当からのおすすめ情報】 
 不気味さと可笑しみ、妖しさと微笑ましさ、不穏と安穏……
相反する要素が同居する摩訶不思議な世界を、独特の優しさで紡ぐ。
新鋭・古山フウの異色コミックです。"
futago-no-mahoutsukai	ふたごの魔法使い	5	1	1	adventure,fantasy	"ふたごの魔法使い、エレナとエドは、魔法学校行きのバスに乗りおくれてしまう。
そのまま家にも帰れず伯母の屋しきへ行った二人は、ひょんなことから裏切り者として追われる身に！　
やがて新しい仲間と出会う中、魔法使いと人間の、大人たちの対立を知るーー。
12か国語で翻訳！　世界で大人気の、友情と冒険心にあふれたグラフィックノベルシリーズ第1巻。
2021　ALA（米国図書館協会）Best Graphic Novels for Children選定。（原作名：『HOOKY』）
1　バスに乗りおくれた！
2　ヒルデおばさんの屋しき
3　空飛ぶ岩の地下牢とドラゴンの卵
4　ふしぎ少年ニコとマスター・ペンドラゴン
5　エバンズカフェで騒動
6　王国の城で
7　ペンドラゴンと、みんなで暮らす
8　魔法使いの家
9　エレナをすくえ
10　海での課外自習！？
11　魔法薬のきき目
12　なぞの魔法集会へ
13　塔の上のモニカ
14　仲間でキャンプ
15　モニカのこれまでと、これから
★物語に登場した主な場所
★翻訳者の言葉／2巻予告"
yoasobi-gurashi	よあそびぐらしっ!	5	1	1	romance	"超危険な同居ラブコメ、TVアニメ化＋単行本2巻目突入!!
単行本だけの4ページ描き下ろし付！

「今日は…シてくれる日でしょ」

同居中の幼馴染、弥生の”とある秘密”を知ってから
昼はただの幼馴染、夜は××なカンケイになってしまったカズト。

いけない”夜遊び”に耽る2人の家に…
弥生の姉、薫がやってきて!?
弥生が留守の間、カズトは
薫にも夜遊びを迫られてーー"
remu	れむ	5	1	1	drama	"あなたの大切な人の老後は大丈夫ですか？ 

 国が作った制度が人と人を引き裂いていく。
「あなたの大切な人の老後は大丈夫ですか？」現代日本において、介護や後見人の問題など、親の、また自身の老後の事を考えるのは必須の課題です。例えば成年後見人制度。国が作った制度が人と人を引き裂いていくこともあります。本作は高齢化社会に潜む闇に斬り込んだクライムサスペンスです。
父親の財産を狙う姉たちは後見人である弁護士吉村と結託し、父・耕三をヴィラサントスという老人ホームに拉致します。その老人ホームはかなり悪辣な経営をしています。第3集ではれむが仲間と力を合わせ、養父・耕三を悪徳ホームから脱出させます。手に汗を握る展開をぜひお楽しみください。


実力派作家・山本おさむ氏がたくさんの取材を元に、
精緻に物語を紡ぎ上げました。 

 【編集担当からのおすすめ情報】 
 編集部にこの作品を読んだ読者の「身につまされる」との電話が殺到してます。
実力派作家・山本おさむ氏がたくさんの取材を元に、
精緻に物語を紡ぎ上げました。
どうか手にとってお楽しみください。"
akina-chan-kamigakaru	アキナちゃん神がかる	5	1	1	action,drama,supernatural	"戦神楽、そして”隠”…衝突、不可避！？ 

 活発に動き始め、存在感を強めていく人間の隠…“鬼”。
荘一郎を失い悲嘆に暮れるも、気持ちを一つに一丸となる戦神楽たち。
のどかな田舎町だったはずの猫寄に、不穏な緊張が走る。
そんな中、アキナの姿は東京にあり……！？
戦いが、更なる戦いを呼んでいく……
大ヒット作『デトロイト・メタル・シティ』の著者が送る
トンデモ地方創生奇譚、焦眉の第5巻！！"
ayashide	アヤシデ 怪神手	5	1	1	action,horror,supernatural	"史上最大の絶望の中で──想い、交わる。 

 東京・上野に史上最大の怪神が襲来。

行方不明となっていた萩原美月は、かつての友・
碧流らとともに怪神を討つべく上野へ急いでいた。
時を同じくして、実験台として軍に囚われていた
テンメイ様もまた、美月に会いたい一心で脱走を図る……

贖罪と、復讐と、無垢な愛と。
歪んだ情熱の先にある、それぞれの希望の正体とは。
 

 【編集担当からのおすすめ情報】 
 ONE氏（『モブサイコ100』『ワンパンマン』）、岡部閏氏（『グッド・ナイト・ワールド』『世界鬼』）、江野朱美氏（『アフターゴッド』『亜獣譚』）など漫画家から絶賛の声多数！！
規格外新人が描く”罰と懺悔の怪異ロマン”、待望の第3巻！

力を手に入れ、新たな仲間と出会った美月たちの前に現れた史上最大規模の怪神。
容赦なく襲いかかる敵の脅威を前に、美月は今度こそ大切なものを守ることができるのか？
さらにその裏では、軍やテンメイ様、それぞれの想いが交差して──！？

繊細にして大胆な筆致で描かれる、
心揺さぶるバトルとドラマをお見逃しなく！！"
ikaseru-camera-de-totte-mita	イカセルカメラで撮ってみた	5	0	1	ecchi,romance	"大人気につき、2巻3巻同時発売決定！！
各巻にはここでしか読めない描きおろしも！

イカセルカメラを手に入れた亮太は、
モデルの橋本やコスプレイヤーのルカに撮影してほしいと迫られ、
乱れた彼女たちと身体を重ねる日々を送っていた。

だが広報部の美人記者・島谷が
カメラのヒミツを記事にしてしまう。
橋本とルカを守るため、亮太は島谷を撮影するのだが…。

「こんな未知の感覚…もっと味わいたい…！」
島谷も、カメラの虜となってしまいーー"
cardfight-vanguard-skyride	カードファイト!!ヴァンガードスカイライド	5	1	1	drama,sci-fi	"惑星クレイ編、急加速！舞羅主疾との激闘！ 

 大人気TCG「カードファイト!! ヴァンガード」の
完全オリジナルまんががコロコロコミックに降臨！

少し先の未来ー
世界中を熱狂の渦に巻き込んでいる「ヴァンガード」は
戦いの舞台を空にまで広げていた。

主人公のゼロは相棒のヴァージルアと共に、
空で戦う超絶危険な「スカイライド」バトルに身を投じていく…。

第5巻では、舞羅主疾四天王・ヒャクヤと対戦。
百の人格を持つヒャクヤに、ゼロたちはおののくが…

「おれ、あの顔知ってる…」
その正体は！？ 

 【編集担当からのおすすめ情報】 
 12月26日（金）ブースターパック「冥淵葬空(めいえんそうくう)」発売記念！
PRカード1枚入り！

手汗握るファイトを、単行本でチェックしよう！"
kutouruu-toka-zenzen-wakaranai-ore-ga-jashin-no-chikara-de-bakunyuu-joshi-to-musou-suru	クトゥルーとか全然わからない俺が、邪神の力で爆乳女子と無双する	5	1	1	action,ecchi	"6mを超える邪神・ダゴンの触手に
くるるが捕らえられてしまう危機！
すると、ナニカの「限定的万能」の力が、
恵太をさらに進化させる！！

国家警察は、人質のはるかの命を助ける代わりに、恵太に命を差し出せと突きつける。
恵太はなぜか無抵抗でそれに応え、警察の思惑通り、ナニカの再生の力でも抗えないほどの高熱と銃乱射で、溶鉱炉にて、焼死してしまう……。

この計画を仕切った勝俣は、残されたくるる、つくね、はるかへの責任を感じ、今は亡き恵太の家を訪問する。
しかし、そこで、勝俣が目にしたのは、ナニカの新たな力が産んだ、驚くべき光景だった！！"
habou-no-wadachi	ハボウの轍	5	1	1	action,drama	麻薬への関与が疑われる厚労省職員を追う葉月は、潜入先で出会ったホスト・サトルの正体が麻薬取締官であることを突き止める！ 事件解決のため、互いの情報交換を提案するが…。ある日、K国与党政治家の秘書官が真鍋の元へ訪れる。K国内軍部の不審な動きを見せるある派閥と“北”との繋がりの調査を依頼されー。
zenchiteki-na-dokusha-no-shiten-kara	全知的な読者の視点から	5	1	1	fantasy,isekai	トッケビと『ある契約』を交わし、魚竜の腹から脱出したキム・ドクシャ。その先で待ち受けていたのは、汚染された空気に食糧を求める群衆…！小説の世界が現実となり、過酷さを増す世界で、唯一の読者はどう立ち回るのかーー？世界中で大人気のメタフィクション、第3巻！
tamago-to-niwatori	卵と鶏	5	1	1	drama,sci-fi	ドラマ化で話題「めぐる未来」の辻やもり新作!! 貧しく複雑な家庭で育った鈴原鳴海は、裕福だがDV気質の彼氏と結婚を前提に同棲中。そんなある日、自身の息子を名乗る鈴原慶と出会う。未来から来たという慶に不信感を抱く鳴海だったが、「母さんは今、幸せですか？」という一言に言葉を失ってしまう。さらに、二人でいる所をDV彼氏に目撃されてしまい…!? 数奇な親子が織りなす、幸せになるための物語。
kuni-ni-saikyou-no-baria-o-hattara-heiwa-ni-narisugite-tsuihousareta-saremashita	国に最強のバリアを張ったら平和になりすぎて追放されました。	5	1	1	action,fantasy,isekai	"強固なバリアに覆われた大国ヘレナは、魔物からも守られて繁栄の一途をたどっていた。
そんなバリアを張ったシールド・レイアレスは宮廷魔法師として高い地位を築いてはいたが、
バリア魔法しか使えないと周囲からは見下されていた。
そんな矢先、シールドの婚約パーティーでいきなり国家反逆罪で追放されてしまう…！

国を追われて金も地位も失い、人生のドン底に落ちたシールドだったが、
彼が唯一使えるバリア魔法は常人離れしたとんでもないものだった！
そんな規格外の力を求めて、ドラゴンや異国の美女たち、終いには凶悪な魔族たちにまで狙われていく…！？"
taisetsu-ni-sodateta-anoko-wa-kemono	大切に育てたあの子は獣!?	5	1	1	fantasy,romance	"母に先立たれ、代わりに面倒を見てくれたおじさんに売り飛ばされそうになるブロンディーナ。
自分自身を守るために母が唯一残してくれた大切な形見を売って、逃げるための資金を作ろうとするが、泥棒猫と疑われ捕まってしまうーー！
死を覚悟した矢先、ブロンディーナの父親だと名乗るアテス帝国の皇帝が現れ、一夜にして、第一皇女として宮殿で暮らすことに！
だが、父親からは冷たくあしらわれ、腹違いの姉弟からは嫌がらせを受け、宮殿の暮らしは楽しいものではなかった…。
そんな中、ケガをした黒猫と出会うが、その正体は誰もが恐れる神獣一族の黒豹で…!?

虐げられた皇女と神獣のもふキュンなラブファンタジー、開幕！"
otto-o-mikata-ni-suru-houhou	夫を味方にする方法	5	1	1	fantasy,isekai,romance	不慮の事故に遭い、小説の世界に入り込んでしまった主人公。憑依したのは、義妹毒殺事件により夫・イースケに殺されてしまう悪女・ルードベキアだった。結局、原作どおりにイースケと結婚することになったルードベキアはバッドエンドを回避するため、イースケに取り入ろうとするも一筋縄ではいかなさそうで…！？大人気ロマンスファンタジー第1巻！！
konyaku-kaishou-o-teian-shitara-outaishi-sama-ni-dekiai-saremashita	婚約解消を提案したら王太子様に溺愛されました	5	1	1	fantasy,isekai,romance	もう婚約者ではなくなった、だけど大切な人。ついにヨハネスとの婚約を解消したライラだったが、彼との距離はむしろ近づくばかり。自分の存在が彼の邪魔になってほしくない、だけど彼のそばにいたい。そんな悩めるライラの前に、新たな乙女ゲームの攻略キャラたちが登場!?　さらに甘いばかりだったヨハネスの愛も大人の成長をしてライラに降り注ぐ!　物語の舞台をゲーム本編の学園へ移す、真実の愛をめぐる第3巻!
kareshi-imasu	彼氏います。	5	1	1	bl,romance,sports	"ヒョンホと付き合ってることがスンへにバレて以来、
他の人に自分たちがどう映るかを意識し始めたギョル。
それに加え、
叔母がどこまで隠し事をしているか疑いも増して
ギョルの気分は晴れないままでいた。
一方でヒョンホは海外のエージェンシーから
入団テストを申し込まれるが、
ギョルのそばにいたい一心でその提案を断る。
それを知ったギョルは
自分の存在がヒョンホの将来に邪魔になるのではないか
不安に駆られてしまう...。"
danna-sama-wa-saikyou	旦那様は最強	5	1	1	comedy,fantasy,romance	"ーーー99年分の愛を、その体で思い知って？
男なのに聖女として異世界に召喚され、竜人族・リノのツガイであることが判明した会社員のナオト。リノから毎日かなり激しく溺愛されているものの、ナオトは未だにリノへの気持ちをはっきりとさせることができず悩んでいた。そんなとき、王子からの求婚がきっかけで、ナオトはついにリノが好きだと自覚する。しかし、リノを意識しつつも告白をしようと決意した矢先、リノに執着する狼の獣人が現れて…!?
「…リノは、ツガイだから俺が好きなのか？」
大恋愛のフラグは異世界にアリ!?　異世界BL第3巻！"
kabushiki-kaisha-5-nen-1-kumi	株式会社5年1組	5	1	1	slice-of-life	"新しい給食配膳方法で、昼休み増加に成功した谷角率紀と上値孔雀の株式会社空き教室!! その噂を聞きつけて、となりの小学校から6年生の“本物の社長”梅橋琉威が2人を訪ねて来る。率紀の空想の力にすっかり惚れ込んだ琉威は、パートナーの座を懸け孔雀に勝負を申し込む!! 放課後の学校を舞台に繰り広げられる、率紀＆孔雀と琉威の、文具ビジネス競争の行方は!?
マンガで学べるビジネスの仕組み!! 小学生×起業エンタテインメント快走中!!"
chiyu-mahou-wa-tsukaenai-to-tsuihousareta-sareta-noni-naze-tayoraretemasu	治癒魔法は使えないと追放されたのに、なぜか頼られてます	5	1	1	adventure,fantasy	"【追放された万能""治癒師""が、世界中から頼られるーー!?】
膨大な魔力をもつことから、王国の魔導士団に採用された妹想いの心優しき少年・クラウス。しかし、魔法の素質が攻撃ではなく【治癒魔法】のみだったことから、懸命に努力するも「戦えない者は必要ない」と追放されてしまう。

妹を養うため、心機一転して冒険者になると決めたクラウスだが、ギルドからとんでもない評価を受けることに・・・! 　ずっと努力を続けていたおかげで、その治癒魔法はSSSランクの魔物を倒せるほど万能で規格外な力に成長していたのだった!!

最強の治癒魔法を持ちながらも、優しく謙虚なクラウスは、気づけば世界を守る聖獣や聖女にも頼られまくっていて・・・!?
妹と平和に暮らしたいだけなのに・・・！　 平凡（？）な治癒師のぶっとび冒険譚！

グラスト大賞受賞作、待望のコミカライズ化！　おまけマンガと書きおろし小説も収録！"
muhai-no-futari	無敗のふたり	5	1	1	action,sports	"格闘技をこよなく愛する青年・三島ユタカ。目はいいが、体が弱いユタカは、ジムに出没する天才セコンド・外山晃一郎に、自分のセコンドになって欲しいと頼む。外山は、組んだ人間を誰でも勝たせてしまう天才トレーナーであり、金に五月蠅く、そしてアル中であった。「無敗」の戦績で国内最強になる事こそ、MMA(総合格闘技)の頂点への最速ルート……

異色の超王道格闘漫画、ここに開幕！"
munou-wa-fuyou-to-iware-tokei-tsukai-no-boku-wa-shokunin-guild-kara-oidasareru-mo-dungeon-no-shinbu	無能は不要と言われ『時計使い』の僕は職人ギルドから追い出されるも、ダンジョンの深部で真の力に覚醒する	5	1	1	adventure,fantasy	スキル『時計使い』が持つ真の力を覚醒させ、地獄のようなダンジョンの奥底からノースフォリアの街へと戻ってきたシクロ。奴隷として扱われてきたが、その実力が明らかになることでシクロはSSSランクの冒険者と認定され、立場が一変することにーー！WEBコミック誌「コミックライド2023年8月号〜11月号、2024年1〜2月号」同単話版第6話から第10話までを収録しています。
shinsetsu-game-creator-den	真説ゲームクリエイター伝	5	1	1	drama	"ゲームクリエイターって、すごいんです。 

 『ファイナルファンタジーXII』や『ニーア オートマタ』、数々の人気ゲームのキャラクターデザインを手掛ける吉田明彦の、ほんとうにあったかもしれない凄い話を漫画化！
伝説のクリエイターは、いかにして伝説を作ったのかーー！？

さらに次章、「ヨコオタロウ編」の第1話も収録！
独自の世界観を持つヨコオタロウの「狂気」の裏側とは…！？

※この作品はフィクションです。
ここで描かれている物語は、本当かもしれないし、本当じゃないかもしれません。
 

 【編集担当からのおすすめ情報】 
 大人気ゲーム『ニーア オートマタ』にて絶大な人気を誇る2Bや9S。
彼らのキャラクターデザインを手掛けた吉田明彦氏は、いかにして仕事と向き合ってきたのか。
ゲームクリエイターならではの苦悩と葛藤は、ゲームファンでなくとも、仕事に一生懸命な方々に必見の内容であること間違いなし！

さらに、巻末には原作を務めた加藤礼次朗先生と吉田明彦氏の対談記事も掲載！
AIの進化でこれからのキャラクターデザインはどうなっていくのかなど、現代の話題も交えアツく語り合っていますのでどうぞご注目ください！"
kekkon-shoubai	結婚商売	5	1	1	fantasy,romance	この結婚の価値はおいくらですか？浪費家で『悪妻』と名高い伯爵夫人『ビアンカ・ド・アルノー』はひとり寂しく死を迎えようとしていた。ところが目を覚ますと、鏡に映るのは18歳の自分の姿で──！？神に与えられた二度目の人生、同じ過ちは繰り返さないと誓うビアンカは夫『ザカリー』にある提案を持ちかけて…？財や名誉を得るため、まるで結婚が商売のようになっていた時代。ビアンカとザカリー、ふたりの『結婚商売』の行く末とは──。
ikusei-jouzu-na-boukensha-youjo-o-hiroi-second-life-o-ikuji-ni-sasageru	育成上手な冒険者、幼女を拾い、セカンドライフを育児に捧げる	5	1	1	fantasy	"シエラは冒険者の養成所の入所試験を申し込み、リチャードはその教官に就任することとなった。リチャードに冒険者へ戻ってもらうというアイリスの希望が叶ったのだ。
さらに、アイリスは、リチャードと共にシエラの指導に加わる。なぜなら、シエラが魔導銃と剣という前例のない二刀流を希望したので、二刀流といえばアイリスだからである。三人はリチャードの家で夕食を楽しみ、公私共に親密度を高めていく。
なお、リチャードの友人の息子・リグスも入所試験を受けるらしく、リグスはどうやらシエラに一目惚れしてしまったようでーー！？"
ochikobore-eishi-minarai-no-shounen-jitsu-wa-saikyou-saiaku-no-ansatsusha	落ちこぼれ衛士見習いの少年。 (実は) 最強最悪の暗殺者。	5	1	1	action,fantasy	"戦禍が近づく、とある王国の首都。
衛士見習いの少年・イルは、仕事ができないダメ人間扱いをされながら、義理の妹にあまえてぐうたらな日々を送っていた。

一方、街には“噂”が広まっていた。
「夜の住人（ノクターナル）」と呼ばれる謎の暗殺集団が暗躍している……と。
これはその中でも、「最悪」の暗殺者の物語ーー。

『監禁王』のマサイと新鋭絵師・ミツコエ ユウのタッグが贈る、暗夜を切り裂く異世界ダークヒーロー、ここに見参!!
最強の「裏の顔」が見えたとき、彼の“仕事”が始まる……!!"
shuuen-no-alhabor	讐演のアルアビュール	5	1	1	drama	"大女優から伝えられた、母に関する真実の欠片。闇が深まる中、蒼に新たなドラマの出演オファーが…。
亡き母の仇をとるため、陰謀渦巻く芸能界に飛び込んだ15歳の若き天才女優・冬海 蒼。映画『懺悔』の出演を通じて、母の親友であった雫石雪子から真実の欠片を手に入れた蒼だったが、その先に更なる闇が潜んでいる事を知るーー。新たな敵の存在が明らかになる中、テレビ局のディレクターから漫画原作ドラマへの出演オファーが来る。人気アイドルグループ同士の夢の競演を謳ったそのドラマは、実は急ごしらえで決まったもので、事務所やテレビ局の中でも足並みが揃わないものだった…。芸能界に風穴空ける復讐譚、新章開幕の第3巻!!"
tsuihousareta-sareta-fuyo-mahoutsukai-no-nariagari	追放された付与魔法使いの成り上がり	5	1	1	action,adventure,fantasy,romance	追放したアルスの貢献度に気づき始める勇者パーティ。一方、アルスはセリアの才能を伸ばすため、特注の剣を手に入れようとする。しかしその条件として、ドワーフの名工から難題を突きつけられ…！？さらに偶然ギルドカードを拾ったことから、可憐な「賢者」の少女と出会うーー。「規格外の付与魔術師」と「剣聖」の幸せ道中に、無邪気な精霊・シルフィと、訳アリ賢者・ユキナが加わってますます華やかに！大人気ハーレム無双シリーズ第2弾！
tsuihousareta-sareta-kajishi-wa-cheat-skill-de-densetsu-o-tsukurimakuru	追放された鍛冶師はチートスキルで伝説を作りまくる	5	1	1	action,fantasy	家業の鍛冶屋を軽薄でおバカな弟に婚約者ごと奪われ、流浪の旅にでることになったヴィル。しかし、彼の祖父は「八宝斎」と呼ばれるチート鍛冶師。世界に6本しかない聖剣のメンテを請け負う超実力派職人で、ヴィルはその才能を受け継いでいた。常人離れした職人スキルで不可能を可能にし、魔族やドワーフたちの尊敬と信頼を得ていくが、本人は全くの無自覚で、職人として「作りたいものを作り、直したいものを直し」ているだけ。だが、そんなヴィルを狙う敵が現れて…！？無自覚チート鍛冶師の世界「修繕」冒険譚、開幕！
unjou-ni-utaite-kimi-o-matsu	雲上に歌いて、君を待つ。	5	1	1	drama,music	10年程前、突如姿を消した伝説の覆面アーティスト・ヤタハヤト。覆面での活動ゆえ、誰もその姿を知らない彼が出会ったのは、抜群の歌声を持つ女子高生。彼女をプロデュースして一攫千金を狙うヤタハヤトだったが、彼女はヤタハヤトの信者的ファンだった。ヤタハヤトを神と崇める半面、才能を持ちながら消えたことに、会えたら刺すかもと言う彼女。かくして、身バレせずにプロデュースする難計画が始まった！
maou-o-taoshita-moto-yuusha-moto-no-sekai-niwa-modorenai-to-imasara-iwareta-node-oukoku-o-sutete	魔王を倒した元勇者、元の世界には戻れないと今さら言われたので、王国を捨てて好き勝手にスローライフします!	5	1	1	fantasy,isekai	"【スローライフには全ての願望が詰まってる！】
新たに加わった仲間・クロロックの知識で村を形成したショート達。肥料を作り、鳥舎も完成して充実したスローライフを送っていたのだが、とある人物が襲来!?
「捕まえたわ、ショート!!」
現れたのはハジメーノ王国の王女・トラッピアだった！　ショートを国に連れて帰ろうとするも、カトリナが許容できるはずもなくーー
「ショートはウチの子なの！　勝手に連れて行かないで!!」
女の戦いが勃発し、トラッピアもスローライフを経験する事に！
土をいじり、穏やかに流れる時間をのんびり過ごす。経験して初めて分かるスローライフの楽しさに、ショートともども心を掴まれて…？ そして、ついに実った畑の作物を全員で収穫しちゃいます！　初めて尽くしが楽しい、のんびりスローライフ第3巻!!　原作者書き下ろし小説も収録。"
ikinari-kon	いきなり婚	5	1	1	romance	"甘々で始まった、真央と安藤部長の新婚生活。そんな生活に浸っていると、元彼・航太の動きがどこかおかしい。後輩・八木さん、そしてもちろん安藤部長も、真央の真摯な姿を見てきた人たちが立ち向かう真央を支えてくれる。そして、意外な人も味方になってくれてーー？
立ち向かう勇気ができたのも、あなたに強く溺愛されたから。愛を持って戦いに出る、第5巻。"
epicure-luara	エピキュア・ルアラ	5	1	1	gourmet,mystery	"小柄な20歳の大女優・ルアラ。その外見を生かしてさまざまな「子供」の役を演じ、人気を博している。

そんなある日、『飛月物語』で共演した萄々音（ほほね）が所属するアイドルグループ・ミラクルフューチャーの生放送番組に出演することになったルアラ。
番組内では謎解き企画が始まるが、なかなかに手ごわい謎が用意されていてーー！？
「生放送」×「謎解き」で緊張感MAX！ドキドキの緊急ミッション開幕！！


『ミラクル☆ライブ！緊急ミッション！』編のほか、『新入生の悩み』編、『ブランシェットとイレイン』編を収録。
名物アニメプロデューサー・諏訪道彦が企画に携わった、おいしいものがいっぱいの華麗なる謎解きミステリーをお見逃しなく！"
game-chuuban-de-shinu-akuyaku-kizoku-ni-tensei-shita-no-de-hazure-skill-tame-o-kushi-shite-saikyou	ゲーム中盤で死ぬ悪役貴族に転生したので、外れスキル〈テイム〉を駆使して最強を目指してみた	5	1	1	action,adventure,comedy,fantasy	"原作の「負けイベント」黒竜に挑む！　悪役転生×外れスキル＝絶対面白い異世界転生第2巻！！

強敵ガレウルフをテイムし、大幅なステータス強化と風魔法を手にした「転生悪役貴族」レスト。
テイムの枠を増やしたのち、次なる相手に選んだのは伝説の生物である黒竜‥‥！！
原作では主人公たちを圧倒するほどの強さを持った黒竜を、幼体のうちにテイムしようと試みるレストだが、
伝説級の強さと迫力は彼の想定を超えていて‥‥！？

主人公が転生したのは、人気恋愛アクションRPG『剣と魔法のシンフォニア』の悪役貴族だった！
ゲームでは中盤で倒される運命のキャラクターだが、スキル【テイム】の隠された力を鍛え上げ、驚異的な速度で成長していく。
大人気作品を『エリアの騎士』の月山可也が渾身のコミカライズ！"
chinchin-devil-o-oe	チンチンデビルを追え!	5	0	1	comedy,ecchi,fantasy	チンチンデビルにナニを生やされてしまった冒険者のアンは、相棒のジュノーとこれまたナニを生やされてその快楽に溺れっぱなしの神官のヘルマとともに、チンデビを追う旅に出た。時にはチンデビにより強化されたモンスターたちと戦い、また時にはナニを生やされた女性たちの村で襲われ、多難な道中を行きながら、にっくきチンデビにたどり着く日は来るのか！？ぶっちゃけ、そんなストーリーラインは特に誰も気にしていないとウワサの、チンマシマシの第2巻！
naitemiro-koutemo-ii	泣いてみろ、乞うてもいい	5	1	1	romance	母に捨てられ、父を亡くした少女・レイラ。彼女は親戚の家をたらい回しにされた後、公爵家の庭師を務めるビルのもとに送られる。不器用ながら温かいビルのもとで、鳥を愛する少女へと成長していったレイラだったが、ある日、初対面の若き当主・マティアスからいきなり銃口を向けられてしまい…？
kizoku-reijou-ga-junk-food-kutte-umai-desu-wa-suru-dake-no-hanashi	貴族令嬢がジャンクフード食って「美味いですわ!」するだけの話	5	1	1	gourmet	"【自分の気持ちに忠実に、
美味いものを思うままに酒と共に食す！】
貴族令嬢らしく格式高いものが食べたいと、
居酒屋を訪れたマリー。しかし「うな重」を頼もうとするも、
値段の高さに躊躇してしまう。頭を抱えて悩んでいると、
先輩貴族令嬢のコランティーヌに出くわしてーー
「私なら…頼むわ。勇気を出して、マリー」
金欠でも抗えない誘惑…英断の「うな重」注文!!
明日を気にせず今を楽しむのが貴族の掟！
原作者書き下ろし小説も収録。"
tsuihousareta-sareta-renkinjutsushi-adaruto-guzzu-de-sekai-o-sukuu	追放された錬金術師、アダルトグッズで世界を救う	5	1	1	adventure,comedy,ecchi,fantasy	"ファンタジー史上初ーーー、〇〇〇で無双！！ 局所で話題沸騰中、バカでHでシュールすぎる無双譚ーー。

「お前がつくってきたのは…全部アダルトグッズじゃないか！」
錬金するものがすべて“アダルトグッズ”になってしまう…という、たったそれだけの理由でパーティを追放されたオルガ・ズム。
だが、そこに現れた女騎士クゥ・コロッセはオルガの本当の力を見抜く。

異世界ファンタジー史上初ーーー、〇〇〇で無双！！
性欲モンスターを討ち滅ぼす英雄の、誰も見た事のない無双譚。"
tsuihousareta-ouji-no-teii-dakkan	追放皇子の帝位奪還	5	1	1	action,drama,fantasy	"絆を武器に、最恐を打ち砕け！ 

 革命軍の基地内に教団員が侵入し、居場所が露見してしまうイルハ達。
そんな彼らを一網打尽にするため、帝国最強と謳われる
七聖剣グラムドと宿敵デュランダルが多くの教団員を率いて現れた。
強敵二人を迎え撃つため、イルハ達はとある作戦を実行する──！！
絶体絶命の危機を乗り越え、帝位奪還を目指す第5巻！！

【初出:サイコミ 第33話〜42話】 

 【編集担当からのおすすめ情報】 
 LINEマンガで総合ランキング1位獲得！（2024年6月2日時点）
『追放皇子の帝位奪還』第5巻がついに店頭に並びます！
「苦しんでいる人々に勇気を与えたい…！！！」
敵は帝国最強の男、グラムド。
迫り来る絶望へ、イルハは仲間と共に立ち向かう！
限界まで追い詰められながらも、それでも前を向く彼の姿に
気づけば私、声を上げて泣いてました（マジです）。
怒涛の展開と熱き信念が胸を打つ、魂を焦がす一冊！
この物語の真実を、あなたの目で確かめてください！！"
tonari-no-moto-kare-kun	隣の元カレくん	5	1	1	romance	"40歳×すれちがい復縁ラブ×北海道
大好きな元カレ・稲葉と再び恋人になった黒木。稲葉は黒木との関係をゆっくり大事に育もうと思っていたが、黒木は稲葉に見せられる下着を買いに走っていて!? 両想いなのに何故かすれ違う40歳の恋の行方は─…!?"
100-nen-no-kyou	100年の経	4	1	1	romance,sci-fi	"表現者にとって生成AIは脅威か？ 

 生成AIを利用した執筆は非常識と思われていたが、
100年後の未来では常識と言われていたーー

無名の小説家だった菅井櫓は
100年の冬眠から目覚めると一転、
国民的作家と評されるようになっていた。

現在の自分の評価に戸惑っている時に、
100年経った“現在”の菅井に、生きているはずのない当時付き合っていた彼女からの手紙が届く。
「彼女は生きているのだろうか……」同じ疑問が菅井の頭の中を永遠に回り続けた後、ひとつの決意を固める。
それは再び彼女が喜んでくれる小説を書くこと。

100年経った今、生成AIを使用せずに小説を書いている者などいない世界になっていた。
新しい感動を届ける物語を菅井はどのように執筆していくのか。

物語を紡ぐことに取り憑かれた者たちの近未来譚!!

 

 【編集担当からのおすすめ情報】 
 連載開始時から話題沸騰!! 激賞コメント続々!!

ジョージ朝倉氏 『ダンス・ダンス・ダンスール』
「いいなぁ。天才って」

安田佳澄氏 『フールナイト』
「生成AIに怯える全ての人に読んでほしい!!僕たちはすぐに絶望を想像してしまう。でもこの漫画はそうじゃない。しっかりと未来を見据える、その強さに僕は勇気をもらいました」

etc etc ……
第1話◆ある小説家の実存ーーーーーー003
第2話◆世界相転移ーーーーーー075
第3話◆呪言と神託ーーーーーー117
第4話◆幽霊ーーーーーー160"
3-pun-seijo-no-shiawase-guutara-seikatsu	3分聖女の幸せぐーたら生活	4	1	1	fantasy,romance	"「生涯きみを愛することはない」。
聖女ノイシャは、過労死寸前のところを若き次期公爵リュナンに身請けされる。
リュナンから提示された契約結婚の条件は、たった一つ。

毎朝3分、友人たちの前でラブラブ夫婦を演じること。

桁外れの力が尽きるほど教会で酷使されていた生活から一転、一日たった3分の労働。
初めての「ぐーたら生活」をマイペースに極めていく新婚生活の開始！

だが、ぐーたらどころか他人のために聖女の力を発揮するノイシャに、
リュナンの困惑と使用人たちの溺愛が止まらない…！？"
jieijieiemu-joshi-juudoubu-monogatari-shakaijinhen	JJM女子柔道部物語社会人編	4	1	1	sports	"日本トップクラスの女子柔道選手が集まる
「年越し合宿」で大怪我を負ってしまったえも。
涙、そして悔しさに染まる年末年始を過ごした
えものもとに、母から一本の電話が。
それは、茨城で別れて暮らしていた父の訃報であった。
さらには父のもとで暮らしていた妹、
そして弟とも十数年ぶりに再会することになりーー。
「ドン底」の先にあるのは、希望か、それともーー。

大人気青春女子柔道漫画、
強豪ひしめく「社会人編」第4巻！！"
kaijuu-on-the-earth-borukarusu	Kaiju on the Earthボルカルス	4	1	1	action,supernatural	"怪獣災害と人類の戦いが幕を開ける！！！ 

 タイムリープしたイチロ達はそれぞれの道を進んでいきーー

大人気ボードゲーム「ボルカルス」をコミカライズ！ 

『Kaiju on the Earth ボルカルス』の原作・脚本は、ボードゲーム版の総合ディレクションも務めるドロッセルマイヤーズ渡辺範明氏が担当。ボードゲームの面白さに加え、マンガならではの表現盛り沢山でボードゲームシリーズを体験済みの方も、未体験の方も楽しめる内容になっています。

そして作画は、中道裕大氏が担当。怪獣の脅威とそれに対抗する人間たちのドラマをシリアスなタッチで描き、アニメ化もされた代表作『放課後さいころ倶楽部』のイメージとは異なる新しい魅力が満載です！ 

 【編集担当からのおすすめ情報】 
 漫画アプリ「サンデーうぇぶり」で好評連載中の本作。アニメ化された『放課後さいころ倶楽部』の中道裕大氏が素晴らしい画面作りで“怪獣災害”を描いておりますので、ぜひチェックしてみてください！"
love-game	LoVE GAME	4	1	1	romance,sports	"早乙女愛助18歳。中高一貫のむさ苦しい男子校生活を6年耐え抜き、いよいよ華の大学生活が始まろうとしていた！ 目標は「テニサーに入ってモテモテキャンパスライフを送ること!!」しかし、男子校時代のテニス部の先輩・鬼丸と大学でまさかの遭遇。無理矢理連れてこられた体育会テニス部で、部のマドンナ・葉山美月と運命の出会いを果たしたことで、早乙女の思い描いていたキャンパスライフはテニス漬けのものへと一変する！

帝都大学テニス部のマドンナ・葉山美月先輩に相応しい男になるため、「インカレ」優勝を目指す新大学1年生の早乙女愛助。インターハイで「オクトパス」の異名を轟かせた四条蒼太との部内戦は成長著しい早乙女が追い上げるも完敗。初めての本気の勝負で経験した悔しさを糧に更に強くなると決意をした早乙女は、自分にあった「戦術」を模索していく中で、葉山先輩のプレーからヒントを発見!?"
man-of-rust	MAN OF RUST	4	1	1	action,adventure,fantasy	"「マガポケ」にて大人気連載中！ 
未完のTwitter漫画『MAN OF RUST』が新たな進化を遂げて、ついに単行本化!!

自然の摂理を「心」で捉え、”力”に変える、人はそれを”第六感”と呼ぶーー。地の底”落界”。空を夢見る少年ルオは、ある日、地上のバケモノ”テツジン”の死骸、”遺鉄”を手にする。しかしそれは、触れてはならない禁忌の力だったーー! 目指すは地上。”ロクデナシ”が世界を変える、 “第六感”バトルファンタジー！ ≪超王道少年漫画≫堂々開幕!!"
nike-goddesu-obu-vikutorii-sweet-encount	Nikke goddess of victoryすいーとえんかうんと	4	1	1	sci-fi,comedy	"NIKKEすいーとえんかうんと4巻特装版 

 豪華アクリルスタンド付きの特装版が登場！
ここでしか出会えない特別なNIKKEたちをお手元にーー。
全世界DL数4500万突破の大人気アプリゲーム『勝利の女神:NIKKE』公式コミックス第4巻！
振袖姿になったり、船上パーティの手伝いに挑戦したりと、
笑顔と癒しに満ちた日常をお届けします！
そして特装版には、ミランダ・ポリ・トロニー・ソリンの
雨住先生描きおろしアクリルスタンドが！
精密なイラストと華やかな衣装デザインが魅力の、ここだけの豪華版です。
癒しと可愛さが詰まった『NIKKE』コミックス最新巻を、ぜひ特装版でお楽しみください。 

 【編集担当からのおすすめ情報】 
 SNSでトレンド入りの話題作『勝利の女神:NIKKE』公式コミックス、待望の第4巻特装版！
今回のアクリルスタンドは、ミランダ・ポリ・トロニー・ソリンが登場。
それぞれの個性が光るポージングと衣装は、コレクション必至の仕上がりです。
本編では、笑顔あふれるメイド喫茶の物語に加え、
季節感あふれる特別エピソードも収録。
ページをめくるたび、NIKKEたちの優しさと温かさに心がほぐれます。
飾って楽しい、読んで癒されるーー
ファン必携の豪華特装版を、ぜひお手に取ってください。"
skk	SKK	4	1	1	adventure,fantasy	仲良しの3人に新たな仲間ミツバが加わり、この世界の創造神がカタナであることを知る。カタナの母へのトラウマがワルイヤーツを出現させ、この世界はカタナと母との思い出の場所であることが判明する。もとの世界へ帰る為にも、4人はカタナの母を探し求めていく!! 世界を知らない少女たちの冒険日常ファンタジー最終刊となる第4巻──！
esu-kyuu-party-kara-tsuihousareta-sareta-kariudo-jitsu-wa-sekai-saikyou	S級パーティーから追放された狩人、実は世界最強	4	1	1	action,adventure,fantasy,romance	チートな射程で超遠距離から敵を倒していたガンマ・スナイプ。しかし、あまりに遠距離からだったため、彼の働きを理解できなかったパーティリーダーから追放されてしまう。そんな彼のもとに「君をスカウトしにきたんだ」と、かつての女同級生が訪れる。彼女は隣国の皇女の私設部隊で働いていた。彼女の推薦で入隊したガンマは、驚異的な射程で次々と重要な任務をこなし、欠かせない存在となっていく。一方、貴重な戦力を失った元パーティはクエストの失敗が続きーー。「小説家になろう！」発、射程極振りファンタジーコミカライズ第1弾！
maryoku-mugen-no-mana-pootaa	《魔力無限》のマナポーター	4	1	1	action,adventure,comedy,fantasy,romance	勇者パーティを追放された最強マナポーターのイシュア。彼は後輩の聖女アリアとともに向かったエルフの里で、思わぬ事態に出くわす。「世界樹が…枯れ始めている！？」付近一帯を瘴気から守る世界樹ユグドラシルが危機に陥っていた。そしてそこには、なんとイシュアを追放した勇者アランの姿が。アランはできもしない世界樹の治療を引き受け、失敗したのだった。絶望的な状況の中、イシュアの目が輝く。「…僕に治療させてください！」地味なマナポーターのイシュアが、無限の魔力で世界を救う！！
ore-party-nukeruwa-ga-kuchiguse-no-skill-shukushou-no-diiranku-boukensha-seijo-to-kekkon-shite	「俺、パーティー抜けるわ」が口癖のスキル〈縮小〉のDランク冒険者、聖女と結婚して勇者パーティーに加入するハメになる	4	1	1	fantasy	"ものを小さくできるだけのスキル【縮小】の冒険者・アード。
パーティーがD級からC級に昇級すると退団して、
別のD級パーティーに荷物持ち(ルビ：ポーター)として雇ってもらう繰り返し。
C級以上のクエストは、さすがに【縮小】には荷が重い……。

しかしこの男、わざとやってやがった。

退団金を手にする度に酒池肉林の大騒ぎ！ そして翌朝二日酔い!!
行きつけの店で看板娘にちょっかいかけて、適当三昧の道楽人生！

だが、アードの気楽でうんこみたいな日常は唐突に終わりを告げる。
世界を守る使命を帯びた、当代最強の勇者パーティー、
その聖女・アリステラと結婚することになったから!!　なんで!?

「小説家になろう」で大人気のファンタジー、
驚天動地！疾風怒濤！唯我独尊のコミカライズ!!

※「小説家になろう」は株式会社ヒナプロジェクトの登録商標です。"
akumade-majo-no-yuuwaku-desu-kara	あくまで魔女の誘惑ですから	4	1	1	comedy,ecchi,fantasy,romance	"ついに、悪魔女の暴走を防ぐ方法が判明。鍵となるのは、秋斗の精気を使って作る特効薬。
しかし、その調合には“暴走を止める瞬間にしか得られない特別な精気”が、3人分も必要だという。
秋斗は迷わず協力を申し出るが、その話を聞きつけたスカイ、ラピス、ローズの3人が現れ、
「じゃあ私たちが一緒に暴走すればいい」と
想定外の提案をしてきて…！？

暴走した悪魔女たちを精気で鎮める
ハーレムラブコメファンタジー完結！"
atashi-o-ijimeta-kanojo-no-ko	あたしをいじめたカノジョの子	4	1	1	drama	"母が憎くてたまらない。 

 いじめられていたあたし、ハル。
いじめる側だったカノジョ、ミサリ。

ミサリちゃんの子供が誘拐された。
誘拐したのは、あたしの幼馴染のルキ兄。
その行方を追う過程で、あたしは
ミサリちゃんが自分の家族から受けた
仕打ちを知った。知ってしまった。
だからあたしは、ミサリちゃんの
代わりにあの家族を……。

家族だから、愛したかったのに。
家族だから、許せなかった。

憎しみと愛情を巡る、サスペンスフル・
ロードムービーストーリー、第3巻！ 

 【編集担当からのおすすめ情報】 
 『愛してるって言わなきゃ、死ぬ。』『正義の学園』の三生氏による、緊迫のロードムービーストーリー第2巻です！ ミサリが兄から、そして母から受けた仕打ち。その事実を本当に理解したハルの行動とは…？ そして、ミサリの娘を連れ去ったルキ兄の行方は…？ 今は自身が母親となったからこそ、かつて母に向けられた感情が許せないミサリ。その心情を丁寧に描き出した第3巻…ぜひご一読ください！"
aru-hi-otto-ga-betsujin-ni	ある日夫が別人に	4	1	1	romance	事故を契機に夫は別人のように愛してくれるようになった。幸せとやりがいに満ちた生活がはじまると思った矢先にトラブルが…！？
onii-chan-tachi-ni-ki-o-tsukete	お兄ちゃんたちに気をつけて!	4	1	1	drama,fantasy	バスティーエ兄妹は、エルンスト家の次男・キャベルの雪玉攻撃から自分たちを守ってくれたハリをすっかり慕うように。3人で親しく遊んでいると、それがおもしろくないキャベルが乱入。嫌がるハリを無理やり連れ出そうとしたキャベルに、バスティーエ家の長男・ヨハネスが立ちはだかり…？変わりゆく関係と、変えたい未来。物語が大きく動く第3巻！！
shippo-no-oisha-san	しっぽのお医者さん	4	1	1	slice-of-life	"2024年1月に刊行された『新版　しっぽの医者さん1』の読者待望の続編。
ある町の小さな動物病院を舞台に、さまざまな動物たちと多くの人々との暖かな触れ合いを描いた漫画。
舞台となる「春山動物病院」では、“院長”はなぜか1匹と1人。10年前に突然やってきた「ねこのハルちゃん」と「獣医の春山直樹先生」。院内に響く「院長！」の声にはそんな2人（？）が振り向きます。元気をなくした動物、病気になった動物、ケガをした動物、予防接種に訪れる動物、保護された動物たち。さまざまな動物たちと飼い主、2人（？）の院長とそこで働くスタッフが織りなす愛と笑いのドラマ。絶版となった単行本『しっぽのお医者さん』（朝日新聞出版刊）の中から5ページ作品10編を抜粋。さらに『週刊朝日』連載も単行本未収録作品10編、ウェブメディア『コクハク』掲載（現在も連載中）の5編をはじめ、本刊行のために新たに描き下ろした15ページの作品2編計30ページを加えたファン待望の第2弾！"
daisuki-itoshi-no-muco	だいすき!いとしのムーコ	4	1	1	slice-of-life	"大ヒットほっこり愛犬マンガ、新シリーズ第4巻！

秋田の大自然の中でガラス工房を営む小松さんと、
小松さんのことがだいだいだーい好きな愛犬ムーコ。

ふたりの毎日は、いつだってぬくぬくしあわせ！

初めての「あさかつ」や「ハロウィン」を体験したり、
うしこうさんの愛娘・なのはちゃんと「ぼだっこ」に驚いたり、
モフモフなかしこい弟子・おすしと、「きんろーかんしゃ」の贈り物を考えたり…
ムーコのわくわく盛りだくさん！

なんだか尊いラブリーな秋田ライフをお届けします！"
nasakenaize-mouri	なさけないぜ毛利	4	1	1	comedy	"県立在田高校2年6組デザイン科。
青い春とはほど遠い、彼らのうすらぼんやり灰色な、されど青春な、そんな日常コメディをお届けします。でも、毛利の日常は特筆すべき点が特にない。本当に、ない。
ちょびっとさよなら。またいつか。"
yappa-ningen-yamete-seikai-dawa	やっぱ人間やめて正解だわ	4	1	1	comedy,romance	【コミックDAYS&SNSでも大人気！ 超新星・偽BEなんとかが贈る癖強めラブコメ！！】アンドロイド全盛の現代、恋愛もコスパタイパ重視で面倒くさい人間同士の恋愛なんてお役御免。そんな時代に、アンドロイドアレルギーという不幸を背負って生まれた綴風太(とじふうた)。彼を見守る陰キャ幼馴染の我辺恋(わがなべれん)は、密かにカノジョ候補をアピールしていたが、鈍感な風太は気付かない。このままでは恋が実らないことを悟った恋は、一大決心をする。アレルギー対応の試作アンドロイドのふりをして風太の恋人になることをーー！！バレずにアオハルを堪能できるのか！？残念幼馴染⇔アンドロイドの二重生活ラブコメのはじまりはじまり〜！
arasa-ga-vtuber-ni-natta-hanashi	アラサーがVTuberになった話。	4	1	1	slice-of-life	"個人VTuber「アレイナ」とのコラボで神坂新境地に目覚める！？
登録者数の伸び悩みを感じる神坂のもとに、個人VTuberからコラボ依頼が入ってくる。癖ツヨツヨでも自分より格上のVTuberなためコラボすることを決める。終始圧倒される神坂に新たな扉が開かれる！？"
usagi-to-kuro-hyou-sama-no-kyousei-kankei	ウサギと黒ヒョウ様の共生関係	4	1	1	fantasy,romance	"成長すれば完全な人間になる獣人。
なのにウサギ獣人のビビは、成人を迎えても人間の姿になれずにいた。
そのせいで家族には疎まれ、一族の恥だと捨てられてしまう！
猛獣だらけの黒ヒョウ国へ運ばれる途中、黒ヒョウの獣人・アヒンに拾われて──
「泣いてるのか？　もっと泣いてみろ」
とんでもない猛獣と共生することになったビビは、一体どうなる!?"
odd-spin	オッドスピン	4	1	1	sci-fi,action	双子の「地面師師匠」とも言うべき池田がついに出所し、双子との再会を果たす。これから新たな地面師詐欺に向けて手を組むのかどうか……！？一方、出所した池田に警察は警戒を強めるが、そのなかに、タロットが得意なタロット刑事「ワンド」がいた。タロットを駆使して地面師詐欺を追うことは可能か？双生児クライムサスペンスの新境地。
orc-no-ki-no-shita	オークの樹の下	4	1	1	fantasy,romance	内気な公爵令嬢・マクシミリアンは父の命令により、下級騎士・リフタンと政略結婚をすることに。ふたりは一夜をともにするが、翌朝には彼の姿はなくすでにドラゴン討伐へと旅立ったあとだったーー。それから3年後、大陸中に名を馳せる英雄となって帰還したリフタン。しかし彼には王女との新たな縁談話が持ち上がっていて…！？話題の“じれキュン”ロマンスファンタジー、待望の第1巻！！
camera-baka-ni-tsukeru-kusuri	カメラバカにつける薬	4	1	1	comedy	"レンズ沼こそが我が人生と悟った人たちへ
2015年から同人誌で発行され累計1万6千部超の人気漫画が、ついに単行本化！カメラ愛をこじらせた患者と向き合うカメラ内科で、症状に見合ったレンズを処方します。第4弾となる本書は、Webメディア「デジカメ Watch」の同名連載を引き続き収録。Vlog需要増、本格ミラーレス移行、パンデミックによる「新しい生活様式」など、カメラ業界が激動した2020年?2021年のエピソードを厳選。当時のカメラ業界の情勢を振り返りながら、登場人物たちの行き過ぎたカメラ愛を笑いと共に見つめ直せる1冊です。"
cannabis	カンナビス	4	1	1	action,drama,horror,suspense	"闇バイトで場所もわからぬ絶海の孤島に連れてこられた若者たち。
その中に麻薬取締官の倫がいた。
島全体を大規模な大麻畑とし、強制労働を強いているのはヤクザ組織の伊崎組。
しかし島の島民は得体の知れぬ神を崇拝し、さらに狂気を煽っていた。
殺戮と狂乱の中、島を脱出しようと奔走する倫だが、
さらに異形の魔の手は迫っていた！"
gate-0-zero	ゲート0-zero-	4	1	1	action,fantasy	20××年の夏、白昼の東京銀座に「異世界への門」が出現。中から出てきた醜悪な怪異の群れにより、辺りはたちまち地獄絵図と化したーー。銀座の交番に勤務する警官・沖田聡子は被害を食い止めるべく怪異を操る異形の女と対峙。一方オタク自衛官の伊丹耀司は、人々を皇居外苑に避難させるため第一機動隊隊長と交渉。話がまとまったと思いきや、銀座の方角から轟音が響いてーー!? ここでしか読めない描き下ろし漫画＆原作・柳内たくみ氏によるSSも収録!!
shiganbana	シガンバナ	4	1	1	drama,mystery,suspense	"両親の敵を討つため「殺し屋の殺し屋」久蔵に弟子入りした桐野。人を殺めることを躊躇う桐野に久蔵がとった手段とはーー。
数多の死を見つめ、背負い続けてきた桐野。仇敵ヤマと対峙した時に見たものは彼岸の闇に咲く花か、それとも‥‥。

「殺し屋の殺し屋」が生きる命のドラマ、最終巻。"
the-siren	セイレン	4	1	1	drama,fantasy,romance	歌で人を魅了する「セイレン」の末裔・アリアは人々から神の声を届ける救いの天使として崇められていた。しかし、聖女がセイレンは人を惑わす妖怪であると口火を切ると噂は広がり、戦争にまで発展してしまう。どこへも逃げ出せず、絶望の中で死を待つアリアが助けを求めたのは、「悪魔」と呼ばれる大公・バレンタインだった。彼の腕の中で、アリアは囁くように歌いながら息を引き取る…はずだったが──!?
dungeon-ga-arawarete-5-nen-15-sai-de-dungeon-ni-idomu-koto-ni-shita	ダンジョンが現れて5年、15歳でダンジョンに挑むことにした。	4	1	1	action,fantasy	順調にレベル上げを進める祐太と美鈴。2人のパーティーにアメリカのトップモデルであるエヴィー・ノヴァ・ティンバーレイクが合流することになる。レベル1000を目指す3人は、甲府ダンジョンから池袋にある特級ダンジョンに再度挑もうとするが…!?
davuru-no-oukan	ダヴルの王冠	4	1	1	action,slice-of-life	"世界最強の殺し屋組織『DAVRE-ダヴルー』。
組織No.1ヒットマンの“ルイ”は、とある暗殺事件をきっかけに組織から逃亡ーー辿り着いた日本で“せら”という女子高生に拾われる。
殺し屋を辞め“普通の人生”に憧れるルイ。ところが、せらが住む教会は殺し屋やマフィア、裏社会の危険人物たちが集う足抜け組織で…!?
食いしん坊な元最強の殺し屋と訳アリたちによるバイオレンス＆コメディ、はじまりの第1巻！！"
chuutoriaru-ga-hajimaru-mae-ni	チュートリアルが始まる前に	4	1	1	fantasy,isekai	"大作RPG『精霊大戦ダンジョンマギア』の中ボス・清水凶一郎に
転生した男は、裏ボスの精霊・アルの力を借りて
悲劇が待つ正史への叛逆を始めた。

アルによる厳しい特訓を終えた凶一郎は、
冒険者の資格を得るため、
そして、心強い仲間を得るために
冒険者試験の舞台となるダンジョン「月蝕」へと足を運ぶ。

ゲームではバッドエンドに陥るはずの
少女・蒼乃遥を救い出そうと試みる凶一郎。
今、定められた運命の転輪に、
ifの亀裂が走り出すーー。

「第7回カクヨムWeb小説コンテスト」異世界ファンタジー部門《大賞》受賞ならびに
「このライトノベルがすごい2024(宝島社刊)」単行本部門8位等を記録した
ゲーム転生ファンタジー小説のコミカライズ第2巻！"
tobakuni	トバクニ～賭博國～	4	1	1	drama	"テキサスホールデムはついに最終ゲーム！ ベアとの決戦に向けて、ブルは勝利できるのか!? 一方、ベアのもとで待つタラちゃんに異変が…。復讐と因縁がもつれ合う2人の戦いは、クライマックスへとなだれ込む!!
“賭博國”を賭けた最終決戦──!! 脳汁ブッパ痛快懲悪博劇、堂々完結!!"
bumper	バンプアー	4	1	1	drama	"既刊重版連発！ 殺し屋漫画の最前線。 

 貧困の殺し屋伝説・・・ 闇カルト団体編、開幕!!

既刊、重版連発で話題騒然!!
極限のリアリズムで描く、貧困の殺し屋伝説・・・・・・

貧乏な殺し屋・野島良は、狡猾ヤクザ・幸田一派を始末することに成功した。
一方、「大人の保育園・スイレン」という謎のカルト団体が、野島の周辺にも近づいてゆき・・・・・・ 

『ザ・ファブル』南 勝久先生との、殺し屋漫画家師弟対談も特別掲載!! 

 【編集担当からのおすすめ情報】 
 既刊、重版連発!! 貧困の殺し屋伝説。
謎のカルト団体「スイレン」編が開幕!!
あなたの日常をも侵食する、
極限のリアルを是非コミックスでお楽しみください！

また、単行本発売記念に敢行した
『ザ・ファブル』南 勝久先生との、
殺し屋漫画家師弟対談も完全版として、単行本に特別掲載!!
5000文字オーバー貴重な内容を是非、目撃してください!!"
birdland-no-sara	バードランドの皿	4	1	1	drama	お父さんが昔働いていたレストラン「ルコック・ドール」のオーナーに会った帰りに「悪意」に襲撃されたサラとアキオはお父さんの生き霊に助けられ、それまでサラにしか見えなかった生き霊の姿がアキオにも見えるように！ もしかして…と思ったサラはアキオとともにセリカでお母さんの家へ向かうが…。クライマックスのフランス編で大完結のホットでクールなグルーヴィン・ラブコメディ!!
pawahara-genkai-yuusha-maougun-kara-koutaiguu-de-sukauto-dekiaisareru-yuusha-ranking-1-i-nanoni	パワハラ限界勇者、魔王軍から好待遇でスカウトされる～勇者ランキング1位なのに手取りがゴミ過ぎて生活できません～@comic	4	1	1	action,comedy,fantasy	"パワハラ限界勇者ワケあり魔王に雇われる！ 

 無数の勇者と魔王が存在する世界で、
『最強』の称号を持つ勇者アレン。

だが彼は、悩んでいた…
・絶え間ない魔王討伐命令
・王様からのパワハラ
・見合わない報酬

もう、我慢の限界!!

そんな金欠勇者に魔王から救いの手が!?
超好待遇のスカウトにアレンの選択はーー
勇者と魔王の爽快バトルコメディー第1巻です！！
 

 【編集担当からのおすすめ情報】 
 マンガワン&裏サンデーで好評連載中、
金欠勇者とワケあり魔王。
凸凹コンビの爽快なバトルと
クスッと笑える異世界コメディーをお楽しみください！！"
beatrice	ベアトリーチェ	4	1	1	fantasy,romance	毒草を食べてしまった馬を救うため、前世の記憶を辿り解毒ができる薬草を突き止めたクロエは、馬小屋に泊まりこみでの治療をすることに。その様子を見た騎士団長・アレクサンドロスは他の女性とはどこか違うクロエのことが、少しずつ気になっていく。そんななか、アレクサンドロスの部屋に婚約者・クララが侵入！？このことがある噂となり、帝国中に広まり始めて…。正体を隠す王女と孤高な騎士のラブロマンス第2巻！！
mitsuru-quest	ミツルクエスト!	4	1	1	comedy,fantasy	"大好きなゲームの中に入ってしまったユウタはミツルおじさんや仲間とともについに魔王とそのバグを倒した！ 現実世界へ戻ったユウタ達だがなぜか街全体がゲームのステージと化していた！ このゲームをクリアする条件はニートのおじさんが働く事ととらわれている姫を助け出す事！ 姫とはいったい誰…!?
ユウタとミツルおじさんが繰り広げる異世界アドベンチャー！ ミツルの冒険第三幕!!"
maid-toshite-ikinokorimasu	メイドとして生き残ります	4	1	1	fantasy,isekai	どんな手を使っても、私は生き残ってみせる──！自宅でラーメンを作っていたはずが、気がつくと普通のOLから、小説のモブキャラに憑依していた！？しかも、宮廷のあらゆる男を虜にしてしまう魔性の美男子・ユルーゲルが登場するBL小説で虐げられている王妃のメイド・アスとして…。この異世界で生き抜くことを誓ったものの、アスを待ち受けていたのは、冷酷な国王からのある命令で──。ハードモードなメイドライフファンタジー、第1巻！
meshimazu-onna-atsukai-sareta-node-konyaku-haki-shitara-naze-tsundere-ouji-no-kokoro-to-ibukuro	メシマズ女扱いされたので婚約破棄したら、なぜかツンデレ王子の心と胃袋つかんじゃいました	4	1	1	fantasy,gourmet,romance	婚約者から作った料理を「まずい」と貶されてきた公爵令嬢・ジーナ。不思議な犬・ベルヴァの力で姿と身分を偽りながら学校の食堂で働いていた。ある日、公爵令嬢と平民、どちらの姿のジーナも受け入れてくれた第二王子・シストから婚約を申し込まれる。しかし、ジーナの父・ジークハルトは婚約破棄をしたばかりの娘の体面を保つことが大事だとして、正式な婚約を結ぶのは3ヵ月後だと断られる。3ヵ月の間に婚約の申し出が殺到するのではないかと焦るシストは、更にジーナへの恋心を膨らませていき……？料理スキルで幸せを掴み取る、公爵令嬢の逆転ラブファンタジー第3弾！
yandere-imouto-to-isshokenmei-ni-henkyou-de-shiawase-ni-kurashimasu	ヤンデレ妹と一緒に辺境で幸せに暮らします!	4	1	1	fantasy	"史上最高の錬金術師と地上最強の妹（守護竜）は、新たな伝説を創造するーー。

公爵家の長男・マイスは、回復薬すら作れない無能の錬金術師として辺境へと追放されてしまう。
しかし実は、彼の固有スキルは「SSSランク以上の錬成のみ成功する」というものだった!!
更に国の守護竜ヴァリトラと呼ばれる存在、マイスの妹・ティニーまで辺境の地へ付いていくことに。
マイスが領主となった辺境は彼の優しさと錬金術により空前の発展を遂げ、守護竜を失った王国は破滅への一途を辿っていくのであったーー。

心優しき天才錬金術師と最強ヤンデレ妹の辺境開拓ファンタジー!!"
ubel-blatt-2	ユーベルブラットⅡ	4	1	1	action,fantasy	"復讐のダークファンタジー「ユーベルブラット」待望の続編開幕!!
グレンとの戦いから1年後、皇帝となったエルサリア率いる帝国軍でアシェリート副王殿下として、未だ絶えぬ反乱の鎮圧に赴いていたケインツェル。帝国軍の将軍となったゲランペン、副王の主席執務官・アト、刃匠・イクフェス、皆が力を合わせ、帝国とエルサリアを支えていた。そんな中、帝国領南方にある辺境の地・ヘレニルドにて、グレンの復活を信じる「死せる王の騎士団」と名乗る抵抗勢力が暗躍し始めていた…。ケインツェルと七英雄の因縁が、再び絡まってゆく…。復讐のダークファンタジー、第2幕が今始まるーー!!!"
lapis-no-shinzou	ラピスの心臓	4	1	1	adventure,fantasy	"「小説家になろう」にて4000万PVの大人気作コミカライズ！

狂鬼と呼ばれる凶暴な生き物がひしめく灰色の森＜深界＞で覆われた世界。
隻眼の青年シュオウは、自らの目で世界を見定めるため旅立ち、王都ムラクモに辿り着く。
宝玉院の卒業試験「深界の森の踏破」に従士として参加することになったシュオウは、素人ばかりの小隊、限られた物資、狂鬼の存在と無理難題な状況の中、活路を見出すことはできるのか！？

天井知らずの立身出世ファンタジーはここから始まる。

※「小説家になろう」は株式会社ヒナプロジェクトの登録商標です。"
vampire-2025	ヴァンパイア	4	1	1	comedy,slice-of-life,supernatural	"超人気ボカロP・DECO*27の大ヒット曲をコミカライズ!!


「はじめての吸血は好きな人がいいーー」

あたしは飢えたヴァンパイア。
運命の人の血を吸うことに憧れ、まだ吸血をしたことがなく、
SNSでいいねをもらって飢餓感を紛らわしていた。

しかしあるときSNSのアンチコメントに腹を立て速攻突撃!!!!
向かった先にはどタイプの男子高校生がいてーー!?

イマドキヴァンパイア×無気力男子高校生の
吸血ラブコメディ！
コミックス描き下ろし短編漫画も収録！"
ichinen-ni-ichido-shika-aenai-kimi-no-hanashi	一年に一度しか会えない君の話。	4	1	1	fantasy,mystery,romance	"佐野徹夜『君は月夜に光り輝く』×伊緒直道『やはり俺の青春ラブコメはまちがっている。＠comic』
のタッグで贈る最新作‼

新興宗教「真愛教」の創始者の家系に生まれた時子は、
「神の子」として縛られる生活に嫌気がさしていた。
通学電車で助けられたことをきっかけに始まる亮との交際。
しかし、二人のささやかな恋愛も、亮の死によって幕を閉じてしまう。
七夕に命を落とす運命にある亮を救うため、時子は一族に伝わる力を使い、
…果てなきタイムリープへと身を投じる。

思春期の傷と願いが交差する、
一筋縄ではいかない七夕ボーイ・ミーツ・ガール……&ループ！"
fujun-na-kanojo-tachi-wa-zange-shinai	不純な彼女達は懺悔しない	4	1	1	comedy,ecchi,fantasy,isekai	"これが新時代のハーレム漫画!!!!
聖なる場所で性なる導きしまくり!?
欲望渦巻く教会勃(た)て直しエロ・ファンタジー!!!

魔王を倒した勇者・タカフミが神として崇められている異世界で、青年司祭のスコットはタカフミ教を広めるべく、カルマ教会に赴任することに!!
しかし、この教会にはある問題があった。それはここのシスターたちが全員…超・超・超!!!!!がつくほどの淫乱で問題児だったのだ!!!!!
あるシスターは酒に溺れてゲロを撒き散らし、あるシスターは酒池肉林を作り出し住民を暴走させ、あるシスターは妄想癖が激しすぎて常に脳内が桃色ピンク!!
変態シスターたちのせいで人が寄り付かなくなった教会を、理性を保ちながらスコットは建て直すことができるのか!!!!!

巻末にはコミックス限定で描き下ろし番外編も収録!!!電子版ではWEB連載時カラーだった部分がそのまま収録されてます！

作家のX（旧Twitter）もよろしくね♪

ポロロッカ
@po_ro_ro_ka
第1話
第2話
第3話
第4話
第5話
第6話
第7話
第8話
描き下ろし番外編"
shuyaku-no-hatsutaiken-watashi-ga-ubatchaimashita	主役の初体験、私が奪っちゃいました	4	1	1	fantasy,isekai,romance	"「大人の男女が初夜を過ごしたんだ
お互いに責任を取るのがスジだと思わないか？」

ある日、目を覚ますと小説『エルネルの花』の世界で名も知らない伯爵令嬢リプリーに憑依していた!!
脇役のあたしが首を突っ込んで原作を変えるのもよくないし、主人公が無事エンディングを迎えるまでは、この人生を満喫しよう！
そう思ったのに…パーティーで羽目を外しすぎて、気づいたら冷酷な主人公ゼロニスと同じベッドで寝ていて…!?"
ore-no-risk	俺のリスク	4	1	1	comedy,drama	"ロスジェネおじさんと令和JKの家族ドラマ 

 【人生ってこういう面白い瞬間のためにあるんだよ？】

崖っぷちの家で暮らす寛治たちのもとに
幼なじみにして同世代のロスジェネおじさん、
アジロとベンジー(40歳)があらわれた！

人生で大切なことは
リスクを避けること？冒すこと？
堅実に生きること？夢を見ること？

同じ女性を愛した3人のおじさんが
今を生きる彼女の娘・リスク(15歳)に
伝えられることは一体・・・？

不惑男子の歪なホームコメディー、
ますますリスキーな第2集!! 

 【編集担当からのおすすめ情報】 
 100万PVを突破した『東京最低最悪最高！』
『おちてよ、ケンさん』などの衝撃的短編で
現代を鋭く描く 鬼才・鳥トマト氏と、

『とりま、風呂いかね？』『水族カンパニー！』の
艶麗画家・イシイ渡氏の最強タッグで贈る
令和のホームドラマ、大好評の第2集!!"
sensei-bokutachi-wa-koroshite-imasen	先生、僕たちは殺していません。	4	1	1	drama,supernatural	"こんなにも誰かの誕生日を、待ち遠しく思うなんて…。
一時の快楽のために避妊もせず、暴力で恋人を支配する最低のクズ。自らを特別だと勘違いするその男が奈落へと落ちるまであと少し…。"
zense-majutsu-shidanchou-datta-watashi-anata-o-aisuru-koto-wa-nai-to-itta-otto-ga-katsute-no-buka	前世魔術師団長だった私、「貴女を愛することはない」と言った夫が、かつての部下	4	1	1	fantasy,romance	"ちぐはぐ新婚夫婦にときめくファン続出!? 『耳で聴きたい物語』コンテスト2022大賞受賞作のコミカライズが遂に発売！


「もう一度…!! 結婚式をやり直させてくださいぃぃ!!!」

かつて戦争で命を落とした魔術師団長バーベナ。
遺された部下ギルは、彼女を想うあまり生涯を捧げることを決意する。
しかし、バーベナは“オーレリア”という田舎の侯爵令嬢に転生し、新たな人生を謳歌していた。
前世の記憶を持つオーレリアは、父の計らいでギルーー今や国の英雄となったロストロイ魔術伯爵と結婚することに。

オーレリアの中身が初恋の女性と知らないギルは告げる。
「僕たちは白い結婚でいましょう」

初恋こじらせ青年と元気バクハツ転生少女の、すれ違い恋愛ストーリー!!"
ken-to-mahou-to-gakureki-shakai	剣と魔法と学歴社会	4	1	1	action,adventure,fantasy	"「小説家になろう」年間ランキング1位!!（ファンタジー異世界転生／転移部門）

自由に生きるために全力を尽くす!!

出身学校で人生が決まる貴族社会に生まれた田舎貴族の三男アレン。
文武ともに素質はあるのに努力が続かない……受験勉強のストレスから、学歴に縛られるガリ勉だった前世の記憶を取り戻す。
「今世こそは、自由気ままに風任せで生きてやる！」
そう決意したアレンは、前世の経験を活かして素質を伸ばしまくり、「やりたいこと」のために最難関エリート学園「王立学園」受験に挑むがーー？
CONTENTS
第1話 ガリ勉覚醒　001
第2話 魔法の才能　055
第3話 フェイルーン・フォン・ドラグーン　089
第4話 姉上と母上　123
第5話 入学試験　155
描き下ろし短編 君は変わらない　187
あとがき　195"
natsume-meguru-no-sei-de-nemurenai	夏目巡のせいで眠れない	4	1	1	romance	"紗凪とミカが抱き合う姿を目撃してしまった夏目。
2人が付き合っていると勘違いした夏目は紗凪に別れを告げてしまう。
一方、社内では浅田とミカが浮気をしているという噂が流れ始める。
悪化するケンジとの関係に焦った浅田は「あの動画」を使って紗凪を呼び出しーー!?"
oote-guild-de-10-ninbun-hataraite-iru-chou-yuushuuna-ore-o-kubitte-maji-desu-ka	大手ギルドで10人分働いている超優秀な俺をクビってマジですか?	4	1	1	ecchi,fantasy	"アリスと一夜をともにし、新スキルを手にしたタクト。
しかし、ノエルの結界を破る方法は見つからないまま。
悩んでいたところに突然転移魔法が発動し、なんとノエルと再会を果たす。
久々の逢瀬に燃え上がる二人だが、ノエルの口からは衝撃の一言が!!
一方、ローラの誘拐事件を発端に『鷹の爪』に疑念を抱いたウランはアリスとともに潜入捜査へ。
悪事の証拠を掴むことができるのか!?
クビから始まるハーレムファンタジー第3巻！"
ubaware-seijo-to-noroware-kishidan-no-seiiki-hikikomori-surooraifu	奪われ聖女と呪われ騎士団の聖域引き篭もりスローライフ	4	1	1	fantasy,romance	"逃亡先で魔物たちの呪いを解いたら、美形ぞろいの騎士団で!?
召喚聖女のコハネは、後輩聖女の計略により、立場も婚約者も奪われた。逃げ込んだ聖域で出会ったのは、呪いで魔物となった伝説の騎士たち。彼らの呪いを解きながら、最強の聖魔法で快適スローライフを送ります！"
kanpeki-waifu-ni-yoru-kanpeki-na-fukushuu-keikaku	完璧ワイフによる完璧な復讐計画	4	1	1	drama	"彼女は完璧な妻である。だから復讐もそう、当然完璧に。
成美は才色兼備でありながら、仕事も家事もそつなくこなす完璧な妻だった。夫のために尽くし、生涯愛する夫と幸せな家庭を築いていくと信じて疑わなかった。どんなに仕事が忙しくとも、優しい夫の言葉で疲れなんて吹っ飛んでしまう。自他共に認めるおしどり夫婦。そう思っていた。夫が自分の後輩と不倫をしていると知ったその時までは。完璧すぎる妻による完璧な復讐物語、ここに開幕─…！"
munakata-kyouju-selection	宗像教授セレクション	4	1	1	mystery	"八雲の愛した伝承に迫る、傑作選第5弾！ 

 伝奇ロマン＆ミステリーの金字塔から、待望の傑作選第5弾！ 

明治時代の文豪・小泉八雲。
数々の作品を残した彼が魅了された神話の土地こそ、島根・出雲ーー！ 
出雲大社を舞台に、100本もの大木が流れ着いた“寄木の造営”伝承の謎を追う「巨木漂流」。 
七夕伝説と、八雲の故郷ギリシアに伝わる神話との意外な繋がりに迫る「織女と牽牛」。
 そして、八雲の『怪談』にも登場する、雪女伝説にまつわる「氷の微笑」の3編を収録！
宗像教授の文学的思索が、今始まる！ 

 【編集担当からのおすすめ情報】 
 記念すべき画業50周年を迎えられた、漫画界の巨匠・星野之宣氏。
ひたむきな情熱によって紡がれる、至高の伝奇ロマン＆ミステリー傑作選の最新刊です！

『宗像教授異考録』第2集収録の「織女と牽牛」と、同じく第10集収録の「巨木漂流」、
『宗像教授伝奇考』第6集収録の「氷の微笑」を
1冊に収めた完全保存版の傑作選です！

ぜひ、同時発売の『宗像教授世界篇』第7集と合わせてお楽しみください！
第1話 巨木漂流
第2話 織女と牽牛
第3話 氷の微笑"
kaeru-ie-ga-nai-hanzaishatachi	帰る家がない犯罪者たち	4	0	1	drama	出所後の犯罪者たちのための自立支援施設“希望の家”に初めて[無期懲役]仮釈放の人間が入居することに。どんな軽微なルール違反でも刑務所へ戻され、一生出所することはできないという。何かあれば獄中で死を待つしかない者がやってくるーー。
toshinosa-juugo-no-danna-sama	年の差十五の旦那様	4	1	1	fantasy,romance	"互いの想いを伝え合い、ついに正式な婚約をしたギルバートとシェリル。
幸せの中、シェリルは自らを奪い返しに来た元婚約者・イライジャからの襲撃を受けたリスター家で
大切な人たちを守るため、反撃に転じる…！
そして花嫁修業中のシェリルの元へ、かつて彼女を見下していた
義妹・エリカが突然訪ねて来た理由とは──？

 https：／／taiseisha.tameshiyo.me/9784865182644"
osanago-wa-saikyou-no-tamer-da-to-kizuite-imasen	幼子は最強のテイマーだと気付いていません!	4	1	1	fantasy	"フェンリルやフェニックスといった伝説の魔獣たちが棲む「古の森」で溺愛される竜人族の娘、ユリア。

アーズフィールドでの人さらいが「ジェロラル国」の差し金だと知った一行は、危険が及ぶ前に不穏分子を摘んでおくことに。現地では前に助けた心優しい第二王子・ライルが大ピンチにーー!?

神の愛し子を皆で庇護る！幼子溺愛系ファンタジー第3巻！"
kanojo-tachi-wa-ana-o-umetai	彼女たちは穴をうめたい	4	1	1	comedy,ecchi,romance	"体が丈夫なことが取り柄である主人公・弦貴。
高校に入学することを機に、新たな出会いに胸を膨らませていたところ、
突然2人の美少女・カリンと聖から告白される！

そんな彼女たちの目的は彼とドッキングすることだった…!!
ドッキングとは一体何か。
ドッキングで何ができるのか。
そして彼女たちは何者なのか…!?

何とは言わない「穴」をうめたいヒロインたちの
ちょっとえっちなハーレムラブコメ!!"
akuyaku-reijou-jikkai-shindara-nanka-kowareta	悪役令嬢、十回死んだらなんか壊れた。	4	1	1	fantasy	"婚約破棄、そんなことは心の底からどうでもいいのですが。
捨ててきた過去、勇者と聖女との思わぬ再会、そして彼女は魔族の王の美少年とともに、魔族の国を築き、人間たちと渡り合うための架け橋となることを決めたのだった。"
ga-engi	我演義	4	1	1	comedy	"時は後漢末期。
混乱を極める世に、頭脳、筋肉どちらも兼ね備えた天才軍師・諸葛孔明が現れる。

長坂で、曹操軍からの厳しい追撃を逃れた劉備たち。
逃げ切れたものの、勢力の弱体化は免れない状態になってしまう。
反撃の一手として目指すは、孫権軍との協力体制！
同盟を実現するべく、孔明は孫権軍に単身乗りこむことに。
しかし、待ち構える孫権、周瑜は一癖も二癖もある人物でーー!?

読んで楽しく、トレーニングで健康に!!
○○の主役は我々だ！×三国志×筋トレのショートギャグ、第2巻!

各話終わりには、すぐにできるトレーニングメニュー付き!!"
oshi-o-katachi-ni-suru-shigoto	推しをカタチにする仕事	4	1	1	comedy	"缶バッジ、アクリルスタンド、抱き枕カバーやアパレルなど、漫画やアニメのグッズを制作する会社で働く度越大好は、少し変わった新入社員の津家若葉を指導することに。固定概念に囚われない津家はアクスタよりカッコイイ（？）“鉄アクスタ”や、七色に光って高速回転する“美少女チャンバラ”などを企画！ 奇抜な言動に振り回される度越だが、彼女との悪戦苦闘がグッズ業界に新風を巻き起こしていく…!?
全てのキャラクター愛に幸あれ！ 推し活応援コメディ開幕!!"
saikyou-kyuutei-shinanyaku-no-otsu-san-tsuihousareta-sareta-hekichi-de-musou-suru	最強宮廷指南役のおっさん、追放された僻地で無双する	4	1	1	action,fantasy	伝説級種族の子ども・リリ＆ユーリアの指導を引き受けることとなった、おっさん冒険者・ハイン。冒険者登録を済ませた子どもたちと共に、依頼場所である大山脈を訪れたハインだったが、予期せぬことから、そこに眠っていた巨大な古竜を目覚めさせてしまうーー！規格外の巨体と力を誇る敵を相手に奮闘するハイン。かつての弟子であるジーン＆クオーラも加勢し猛攻撃を繰り出すが、古竜の暴威はとどまることを知らず…!?最強のおっさん×伝説級亜人少女たちが紡ぐ異世界無双ファンタジー、激闘の第3弾！
ake-no-qilin	朱のチーリン	4	1	1	drama	"友か、敵か。二人の少年の運命が動き出す！ 

 英雄たちが群雄割拠した古代中国、三国時代。
魏から蜀へと降り、かの諸葛孔明の元で薫陶をうけた麒麟児。
その武将の名は、姜維(きょうい)--！

儒教の教えを信じて疑わず、異民族を「獣」と見下していた姜維だが、
異民族の少年・姚宇(ようう)と出会い、少しずつ心が動かされていく。
しかし父を姚宇に殺され、その決裂は埋められないものとなりーー！

民族の壁を越えて、人は理解し合えるのか。
激動の歴史の渦の中で、少年たちはどう生きるのか。
まだ誰も知らない三国志、今始まるーー！

 
 

 【編集担当からのおすすめ情報】 
 ビッグコミック期待の新人・向井沙子氏が贈る、新たな中華戦記の開幕です！
主人公は、三国時代後期に活躍した武将・姜維。
物語は彼の少年時代から始まります。
ミステリアスな異民族の少年・姚宇との因縁や、民族同士の争いに翻弄されながら、自らの信じる義のため愚直に突き進む姜維の戦いに、どうぞご注目ください！"
tadashii-koi-to-yokoshima-na-ai	正しい恋とよこしまな愛	4	1	1	drama,romance	"誠実で可愛い年下の男の子。
危険でスイートな大人の上司。
あなたなら…どちらを選ぶ？

あっちに行ったり…
こっちに転んだり…
まったく先の読めない
三角関係どきどきラブストーリー！

高宮さくら
TAKAMIYA SAKURA
27歳彼氏ナシ。
専門学校に勤務。
普通に恋愛して普通に結婚したいのに
間違った相手に惹かれてしまい…

西戸崎翔太
SAITOZAKI SHOTA
さくらの同僚。
年下。独身。
恥ずかしがりで奥手で誠実。
さくらにピュアな想いを寄せている。

三苫洋一
MITOMA YOUICHI
数年ぶりに戻ってきたさくらの元上司。
既婚者。
さくらに甘く優しく激しく迫る！
妻からDVを受けている…？"
eguchi-san-wa-geemunou	江口さんはゲーム脳	4	1	1	comedy,ecchi,romance	"エ●ゲみたいなJKの恋、新章へーー！！？ 

 成人向けゲームが大好きな女子高生・まー子は悩んでいた。
憧れの幼馴染・ショウちゃんは、なぜ私を襲ってくれないのか？
苦悶の末にまー子は、性の伝道師たる姉の部屋の奥でついに”答え”にたどり着く。

「現実がエ●ゲじゃないなら、そんな現実を自分で作ればいい…！！」

催眠術（あります！）、ポロリ（あるかも？）、姉妹丼（あるのか！？）…
覚醒したまー子は止まらない！！
読者困惑のフラグ乱立系ラブコメ、第2巻も大パニック！！ 

 【編集担当からのおすすめ情報】 
 「全力でふざけてて笑う、いいぞもっとやれ」
「俺たちは一体何を読んでいるんだ…？」
「2000年代の匂いがする」

読者を爆笑と困惑の渦に巻き込んだまー子の恋は、新たなステージへ！！
『江口さんはゲーム脳』、第2巻もエロ＆ギャグたっぷりでお届けします！"
kesenai-watashi	消せない「私」	4	1	1	drama	"同級生たちに罠にハメられ、その醜態を撮影した動画がネットで拡散されてしまったばっかりに、一生消せない【デジタルタトゥー】を負ってしまった灰原硝子。
そのうえ放火事件で両親をも失い、悪意の連鎖が硝子から何もかもを奪い去ってしまった。
それから十数年後、立ち上がった硝子は自分を陥れた元同級生たちや両親を死に追いやった放火犯に復讐するべく行動を開始する。
両親が焼死した原因の放火犯・綿貫健を氷室カイの協力で始末した硝子は、これ以上徳道に迷惑をかけられないと判断し彼の元を去った。
一方で硝子の幼なじみであり警察官の砂川より子は一連の事件の被害者が硝子の高校の同級生だということに気づいた。硝子の次のターゲットの疑いがある伊豆太郎にたどりつくが…！"
dekiai-shuuchaku-alpha-kun	溺愛執着αくん	4	1	1	bl,romance	"子供の頃、知らない相手にうなじを噛まれて番になった。
数年後に現れたのはヤクザでストーカーという最高にヤバイ男！？

不動産会社に勤める柊真の前に現れた　謎の男・ミヒロ。
抵抗しながらも次第にほだされ、ミヒロに惹かれていく。
元カレ騒動も終結し、絆が深まった柊真とミヒロ。
しかし突然のヒートに体をつなげてしまう。
ぎこちない空気が流れる中、柊真の前に謎の新たな男が現れてーーー！？
もどかしさにキュンとする究極のオメガバース・ロマンス、第四巻。

『溺愛執着αくん』分冊版13〜16巻を収録。
さらに、コミックス限定描き下ろし漫画5ページも収録！！
本編では描き切れなかったラブラブいちゃいちゃシーンにドキドキ☆"
hai-kaburanai-hime	灰かぶらない姫	4	1	1	fantasy,romance	"ガラスの靴から始まる大人気シンデレラパニックをフルカラーで書籍化！

平民出身の伯爵令嬢・コレットは、姉から可愛がられ、平穏な日々を送っていた。
ひょんなことから授けられた「ラブラブときめき☆乙女ライフ」なる女神のトンデモ祝福のせいでイケメン王子からの猛アプローチ＆プロポーズが始まり、穏やかだった生活は一転してしまう。そんな中、王子に想いを寄せる公爵令嬢・ナタリーの登場により、コレットの日々はさらなるパニックへ……！？"
isekai-de-mizu-no-daiseirei-yattemasu	異世界で水の大精霊やってます。	4	1	1	fantasy,isekai	のんびり屋の高校生・冴島凪（サエジマ ナギ）。ある日居眠りから目覚めると、異世界の湖になっていた!? 自分が湖を本体とする「水の大精霊」になったと知り、怪我や病で苦しむ者たちを自らに宿る力で癒していく。やがてナギは、助けを求める声に導かれひとりの少年に召喚される。その出会いがナギの運命を大きく変えることになりーー。ここでしか読めない描き下ろし漫画も収録!!
magyaku-na-futari-wa-dounimo-dekinai	真逆な2人はどうにもデキない。	4	1	1	romance	ーー大人になってからの恋とセックス、誰が教えてくれるの？まともな恋愛経験のない紗智だったが、晴れて年下イケメン永津さんとお付き合いすることにーー！彼にとっての憧れ、セックスブロガーのJuliaが紗智であることを知らず、彼は巨根×童貞のお悩み相談をしてしまうが、紗智はそのことを打ち明けられない。さすがに告白しようと誘った食事だったが、道中エレベーターに閉じ込められ、お互いへの想いと熱量は高まりーー!?悩みがリアルすぎて痛いほど共感する!!ままならぬ大人の恋と、性と、人生とーー。
shanai-shokeinin	社内処刑人	4	1	1	drama,mystery	しがない派遣社員の浅見ほのかは、なかなか会社に馴染めず、陰鬱とした日々を過ごしていた。ある日、美しく魅力的な女性、深瀬のぞみが入社してくる。のぞみは人気者だったが地味なほのかとも親しくしてくれた。そんな中、ほのかにイジメやパワハラを行う同僚が、なぜか次々と退職に追い込まれていく。疑惑を抱いたほのかが真実を探り始めると、徐々に社内の隠蔽された過去とのぞみの正体が明るみになり……!?
shachiku-desu-shuzoku-shinka-shite-saikyou-e-to-itarimasu	社畜ですが、種族進化して最強へと至ります	4	1	1	action,comedy,fantasy	"聖華女子高校学生失踪事件を解決した自他ともに認める社畜の藤村秋人は、平穏な日常を送っていたがある日、同僚の雨宮梓から告白をされる。秋人は雨宮の気持ちにどう答えるのか──!? 一方、鬼界の王・餓鬼王に命じられていた人間界侵略ゲーム《カオス・ヴェルト》で人間に敗北した夜叉童子はその責任を取らされる形で父母を殺されてしまう。残された妹・紗夜を餓鬼王から守るべく、人間界と鬼界を繋ぐゲート出現の核となる人間を探しに人間界へ。核となる人間を探し出せたが、そこにいたのは紗夜にそっくりの雨宮だった。雨宮は鬼たちに捕えられ、ゲートとして鬼界と人間界を繋がれてしまい、大量の鬼たちが出現。さらに人類の危機、鬼と人間のウォー・ゲームという名の最終決戦が始まる──。秋人は鬼たちから人類を救うべく、奔走する──!!
戦うごとにレベルアップ!! 社畜から最強へ、成り上がり無双譚最終巻!!"
shintouki	神統記	4	1	1	action,fantasy	カイが白牛人(ブラガンド)族の王を倒す約半年前──黒豹(クルガ)族の少女・クオーレは、人族の襲撃によってすべてを失った。孤独となった彼女は、「商品」として人族の村を流転する日々を送る。絶望の淵に沈むクオーレだったが、偶然にも人族の手を逃れ、白鼬(ブラニー)族の村へと辿り着く。そこは、根源に近い生命体「悪しきもの」を狩る神狼(デウ・ロー)族の住処でもあった。神狼族の頂点に立つ古神(こしん)の威容に、心を奪われるクオーレ。古神のようになりたい──そんな古神への憧憬は、やがて彼女を禁忌へと誘う。世界の深淵が垣間見える第13巻！
bishuu-gyakuten-sekai-no-kurerikku	美醜逆転世界のクレリック	4	1	1	adventure,comedy,ecchi,fantasy,romance	"ギルドマスターから次の依頼を受け、ルルゥと二人きりで危険エリアの調査へ向かったマコト。女性たちに囲まれるのを避けて路地裏へ逃げ込むが、そこでルルゥは我慢できなくなり、マコトに襲いかかって強引に儀式をヤリ始めてしまう。憧れの「路地裏破廉恥行為」に大興奮のルルゥは幾度も絶頂に達して…!? その後二人はオークの王都・オクトバーに到着するが、そこでマコトと同じ人間の男と出会い…!?
「金髪爆乳エルフ」「ドM僕っ娘」「のじゃ爆乳娘」の最強ハーレムパーティを率いるマコト！ 終わりなき解呪合戦、第4幕開幕！"
gimusume-ga-akuyaku-reijou-toshite-hametsu-suru-koto-o-shitta-node-mechakucha-aishimasu-keiyaku	義娘が悪役令嬢として破滅することを知ったので、めちゃくちゃ愛します～契約結婚で私に関心がなかったはずの公爵様に、気づいたら溺愛されてました～@comic	4	1	1	fantasy,romance	"義娘の破滅を回避し家族になってみせます！ 

 契約結婚で公爵家の当主・アランに嫁いだ貧乏貴族令嬢のソフィーア。彼女には特別な力「ギフト」があり、予知夢の能力を持っていた。

公爵家嫁いで一週間、契約に従い「アランの仕事の邪魔をせず」、「アランを愛さない」ことを貫いていたソフィーアだが、ある日凄惨な予知夢を見てしまう。
それは、契約結婚で義娘となったレベッカ嬢が破滅して断罪を受ける未来だった…！

「あの愛らしいレベッカ嬢がどうして…？！」
彼女の悲惨な過去と現在を知り、救いたいと願ったソフィーアは、レベッカを全力で愛することを決意する。
そんなソフィーアのことを、アランも次第に気にし始め…？

契約結婚×破滅回避の溺愛子育てラブコメディー！
 

 【編集担当からのおすすめ情報】 
 一見すると悪役令嬢もの…と思いきや、その実は「契約結婚からの溺愛ラブストーリー」×「破滅回避の溺愛子育てハートフルストーリー」という要素が含まれた、ほのぼの家族ラブコメディーです！！

主人公であるソフィーアは、契約結婚をした冷徹な公爵様・アランと「彼を愛さない」「仕事の邪魔をしない」「公爵家の妻としてふさわしい振る舞いをする」という契約を結んだ上で、義娘・レベッカと「家族のように仲良く」なることを目指します。しかし、やはり公爵家の主であるアランはどうしても避けては通れない存在…。
アランとの契約を守りつつレベッカのために奮闘するソフィーアと、ソフィーアの優しさに触れて距離を縮めるレベッカ、そんな二人を見て徐々に絆されていくアラン…。
この仮初めの家族、一体どうなってしまうのか？！

「役立たず"
sei-kishi-desu-takane-no-san-seijo-no-dare-ka-o-yotta-ikioi-de-daite-shimatta-ken-ni-tsuite	聖騎士ですが、高嶺の三聖女の誰かを酔った勢いで抱いてしまった件について	4	0	1	ecchi,fantasy	"知らぬ間に“初めて”を奪われた聖騎士の、無双しちゃいけない物語。


憧れの聖女騎士になるため、
悪友や高嶺の聖女候補3人たちと
厳しい見習い生活をこなすブレイド。

聖女騎士には、一つの絶対的規則が存在する。

・教会が聖女のパートナーと認定して初めて、結ばれなければならない。
もし、認定を得ずに結ばれた場合、能力をはく奪の上、除名となる。

ある朝、目が覚めたブレイドの下腹にある聖刻が
誰かを聖女とした証が刻まれていた。

聖刻の秘密を守りながら、ブレイドは
結ばれた相手を探しだすことができるのか!?"
souen-no-scavenger	蒼炎のスカベンジャー	4	0	1	action	"唐々煙が超絶筆致で描く新境地！！ 

 
『曇天に笑う』『煉獄に笑う』の唐々煙が圧倒的筆致で描く新境地！



数百年前、地球に隕石が衝突した。
居住面積を失った人類は
上へ上へと暮らしを発展させていくーーー

残された大地。最下層。
普通に暮らすことも叶わない
主人公・ニチカ。

それでも姉と上層を目指す夢を抱えながら
懸命に暮らすが
ニチカには己をも知らない秘密があり・・・？

「業」と「使命」を背負って、
少年は上を目指すーーーーー
クライム・アクション、開幕！！！ 

 【編集担当からのおすすめ情報】 
 
圧倒的筆致で描かれるクライム・アクション！！
少年が背負う業と使命。激情を抱えながら上を目指す様と
圧倒的なアクション展開に没入必至です！
是非ご一読くださいませ！"
satsuma-tensei	薩摩転生	4	1	1	action,drama	"ケンコバ絶賛！島津が古代ローマで転生無双 

 ケンドーコバヤシ、絶賛。
「俺も転生したら軍鶏足でボケグルウぞ！全員軍鶏足で読ミグルエ！」

古代ローマで天下統一を目指す島津家は、新たな転生者より、雪深き居城への招待状を受け取る。次男・義弘は親善のため、かつての敵地であるローマを訪問する。テルマエで汗を流す義弘の前に現れた謎の男の正体とは…？

鬼シマヅたちがローマを舞台に暴れまわる戦国スペクタクル大活劇、第4巻！"
kusuri-de-osanaku-natta-okage-de-reikoku-koushaku-sama-ni-hirowaremashita	薬で幼くなったおかげで冷酷公爵様に拾われました	4	1	1	fantasy,romance	"祖国を追放されたシェリーズはその道中、命を狙われてピンチに陥る。
決死の覚悟で持っていた薬を飲むと、なんと身体が少女の姿に変わってしまった！
そんなシェリーズの前に現れたのは“冷酷公爵”と噂のディアーシュでーー。"
mitsu-to-doku	蜜と毒	4	1	1	drama	"とうとう会社にも知れるところとなった亮平と優梨子の不倫。
会社から言い渡された罰は、シンガポールへの左遷だった！
単身で旅立つ決意をした亮平と出立までの短い時間で愛を確かめ合うマチコ。

ーーだが、大塚と優梨子の復讐は最終段階へ！！
大塚と優梨子の身を焦がすほどの愛が毒となり、マチコと亮平を襲う！

不倫から始まった泥沼関係の結末はーー！？"
mitsusou	蜜葬	4	1	1	horror,mystery,suspense	"パパ活なんて、誰にも言わなければ
バレないはずだったーー。
久しぶりの同窓会で再会した友人に、
教えてもらっP Jの存在。
綺麗になった友人たちが羨ましくて、
軽い気持ちでパパ活アプリに
登録してしまった茉莉乃。
まさか、彼女を神聖視する一人の男によって、
日常が大きく歪められてしまうとも知らずに…!!
狂気が彼女を逃さない…戦慄のサイコ・サスペンス！！"
tensei-shitara-nanka-tayorarerundesuga	転生したら、なんか頼られるんですが	4	1	1	fantasy,isekai	ブラック企業社員だった江崎塁は、帰宅途中トラックに轢かれて神様に「ルベル」という異世界へ転生させられる。転生した身体はエルティード・レシス・アドストラムという名前の貴族の末っ子だった。家族全員美男美女揃いで、しかもとびっきり愛され、天才的な魔法の才能もあるチート状態！ 超充実した第二の人生が今始まる！ 愛され系異世界転生ファンタジー開幕！
tensei-renkin-shoujo-no-surooraifu	転生錬金少女のスローライフ	4	1	1	adventure,comedy,fantasy,slice-of-life	二度の過労死を迎え、三度目の人生を歩む村娘・メリア。「今度こそはスローライフを！」と意気込む彼女だったが、錬金術を使ったせいで突然連行されることになり…！？　異世界ワーカーホリック・ファンタジー開幕！
maou-sama-wa-aima-de-shiritai	魔王様はあいまで知りたい。	4	1	1	comedy,fantasy,romance	"勇者を待ち受ける時間は相変わらず…魔王と秘書、早くくっつけ！
魔王の城で勇者を待ち受ける、魔王とその秘書エレナ。魔王様は秘書のエレナのことが大好き。勇者を待つかけがえのない時間を邪魔するやつらがどんどん登場……!?勇者の到来までに、二人の恋の距離は近づくのか!?魔王と秘書の、すれ違い待ち時間ラブコメ第2巻!"
madou-kikou	魔道機巧	4	1	1	action,adventure,fantasy	悪の魔術師ドーグの開発した、精鋭のゴーレム兵によりアキトは敗北を喫する。しかし錬金術師イシスの手により、壊れた「魔道機巧」に新たな力が宿り…!? 一方、英雄フローラの支配する「聖法国トリスタン」では、奪ったチート能力を使ったある「実験」が行われていて…!? 執念の異世界リベンジストーリー、完結の第4巻!!
road59-shinjidai-ninkyou-tokku-shoujo-to-chi-no-sakazuki	ROAD59-新時代任侠特区-少女と血のサカズキ	4	1	1	action,drama,sci-fi,supernatural	"眠らない街、天海区。
そこでは、地下に眠る「ヤマタノオロチの首」を巡って異能を持つヤクザ達の抗争が続いていた。そんな中、春雲組・組長の訃報によって、封印を解く鍵である組長の娘・結津万華夜の居場所が明らかとなる。
黒条組に寝返った元狛浪組・黒鉄と狛浪組の繋がりを疑ったバクト達。
狛浪組・ショウと接触し情報を聞き出そうとするも、ある“取引”を持ち掛けられてーー？
仁義を懸けた異能バトル、最終巻！！"
job-ga-ninja-no-kuse-ni-yakamashisugiru-daro-to-boukensha-party-o-tsuihousareta-saretekita-bakuon	「ジョブが忍者の癖にやかましすぎるだろ……」と冒険者パーティを追放されてきた爆音忍者四人衆と、来月末までに莫大な借金を返さなくちゃいけない子爵令嬢の浮き沈み激しい二ヶ月分の人生	4	1	1	action,adventure,fantasy	"期限までの借金完済が見えた！？　そのとき気象観測台の重大な予言が……
止まない雨、消えたAランク迷宮、未来省の予測……なにかがおかしい、と皆が感じはじめたころ、“それ”は現れた。勢い系ファンタジー。勢い重視（だけ？）のコミックス第3巻！"
akiraka-ni-nenrei-o-sashou-shite-iru-joshi-joshikousei-vtuber	あきらかに年齢を詐称している女子高生VTuber	4	0	1	comedy	"二次元で活躍する萌え声女子高生VTuber(架空)『星空バアド』☆彡
旅行に行くため、自身のチャンネルを知り合いに任せたけれど、留守を預かったメンバーたちのハチャメチャな配信にアカウントが制限…！？
VTuberたちとの楽しい掛け合いだけでなく、レトロネタももちろん健在です。

≪描き下ろし内容≫
・お絵かき講座系V『ディープブリザード』との豪華コラボ回
・新規エピソード
始まりは仕事のストレスだった。
使えない有給。期待できない昇給。上司のくそみたいな要求。
俗にいうブラック企業に勤めていた私は、やり場のない怒りをぶつける場所を求め配信を始めたーーー

など、その他エピソードも収録。

今回も描き下ろしは充実の約50p！！"
iranai-skill-kaitorimasu	いらないスキル買い取ります	4	1	1	adventure,fantasy	"肩の力抜いて気楽に生きな！

とある村で魔物と話せる博士と出会った回収屋は行方不明の姉と瓜二つの女性の情報を手に入れる。

無料でスキル鑑定をしているという彼女の名は『聖女』。

ようやく掴んだ手掛かりに期待と不安を抱くもその正体は、姿を真似るほど姉を崇拝する狂信者だった。

姉が""世界征服を目論み一国を掌握した""と告白を受けその所在を聞き出そうとするが、戦闘を仕掛けられーー…。

「面倒臭いことするわね。早く死んでよ」

姉の壮大な計画の目的は一体何なのか。

真意に迫るため回収屋が声を掛けた人物とは……？"
kono-kekkon-wa-douse-umaku-ikanai	この結婚はどうせうまくいかない	4	1	1	romance	あの日、6歳の高貴な少女・イネスに婚約者として指名されたカッセルは17年の時を経て、美しいプレイボーイに成長していた。そんな彼の自由奔放な私生活は当然婚約者であるイネスの耳にも入っていたが、なぜか彼女は気に留めていないようで…？予測不可能な愛の物語が、いま始まるーー！！
sono-honoo-no-na-wa-seiheki	その炎の名は性癖	4	0	1	ecchi,sci-fi	"続々と新たなクセモノ性癖が登場！！ 

 「NTR」は、主に「寝取られ」を意味する用語である。恋人や配偶者が、他の異性と性的な関係を持つことを指す。

ライバル社の月輪印刷にデータを剽窃された報復として、殴り込みをかけるハルミと棗。月輪印刷の元社員である棗は、かつての部下と戦うことになる。生粋のオナニストの棗は、触手を操る快楽責め系の部下と相性が悪いかのように思われたが……！？ さらに精液に機密情報を書き込まれた（！？）生体サーバが登場……！！ 

 【編集担当からのおすすめ情報】 
 春とヒコーキ、バキ童チャンネルのぐんぴぃ爆笑！！ バキ童チャンネルにてコラボ動画公開中！！"
sore-ga-maid-no-kanna-desu	それがメイドのカンナです	4	1	1	comedy	【発売即重版！新感覚メイドコメディ】日本有数の名家・菖蒲城小路（あやめじょうこうじ）家の次期当主・リクトは、メイドのカンナとともにタワマン最上階で一人（？）暮らし中。存在感もクセも強いカンナに振り回されつつも、自由な高校生活を満喫していた。そんな中、リクトの姉ハルカがタワマンに襲来！　リクトのメイドの座を懸けて、カンナVS.ハルカの『リクトとお風呂対決』がはじまってーー!?　新キャラ続々でおもしろさノンストップ！！
soredemo-ashita-mo-kareshi-ga-ii	それでも明日も彼氏がいい	4	0	1	drama,ecchi,romance	ヤンマガWebで『カラミざかり ボクのほんとと君の嘘』を連載していた御池慧の最新作！　宏平と茉子はラブラブなカップル！　でも茉子はなかなかエッチしてくれないことに宏平は悩んでいた。そんなある日、茉子から提案されたのは、相手を交換したエッチだった！　茉子ちゃんがわからない気持ちとひなちゃんに惹かれる気持ち。そして修羅場が訪れる！　新しいインモラルの扉が開く衝撃作！
maia-2025	まいあMaia	4	1	1	drama	バレエ漫画の金字塔『SWAN』次世代ストーリー『まいあ Maia』（全7巻）が、待望の完全版に！　娘まいあがパリ・オペラ座でエトワールを目指す。描き下ろし番外編、カラー画を加えた新編集。
yoku-aru-reijou-tensei-da-to-omotta-noni	よくある令嬢転生だと思ったのに	4	1	1	fantasy,isekai,romance	皇女・カトリーヌに呼ばれ、皇宮へ向かうエディット。原作にはない展開に戸惑いつつ、なんとか対面を終えるも今度は侍女・ソフィアからルドウィック家の重要書類を盗み出すよう脅されてしまう。心を掻き乱される苦境続きの中でも、リナンの手伝いに没頭しようと努めていたエディットだが、思いがけず掛けられた言葉に涙が溢れてしまい…！？超話題ロマンスファンタジー、第4巻！！
arafoo-otsu-san-slow-life-no-yume-o-miru-ka	アラフォーおっさんはスローライフの夢を見るか?	4	1	1	action,drama,fantasy	"ざっけんな…ブラック企業にクソ異世界！
どいつもこいつも怒りの炎で燃やし尽くす!!

ブラック企業勤務のマコト(38歳・独身)は異世界に転生、現役JKユウカとバディを組み、ジェネレーションギャップに悩まされつつもダンジョンを攻略していく──！

窮地を乗り越え、激戦を制し、ついに対峙するダンジョンボス・骸王！
転生前からくすぶり続けていた「怒りの炎」を拳に宿し、立ち向かうマコト!!

『元居た世界「クソ日本」の地獄生活…ざけんな！
理不尽に襲い来る「異世界」のクソ怪物ども…ざっけんな!!
どいつもこいつも全部…燃えちまえ!!』

──元おっさん×女子高生コンビの人生リスタート系ファンタジー第2弾！
そして…舞台はついに地上へ！"
kuraudo-kuraunzu	クラウド×クラウンズ	4	1	1	adventure,fantasy	"リディヤを仲間に引き入れ、次の層雲へと昇ったリアムたち。
そこには暗く荒れ果てたマリアの記憶にある大地が広がっていたのだったーー!?

雲の上でシスター・パンドラと再会を果たしたマリア。
それはこの層雲を占める特殊な雲が関係していたーー!?"
game-akuyaku-kizoku-ni-tensei-shita-ore-wa-cheat-kinniku-de-musou-suru	ゲーム悪役貴族に転生した俺は、チート筋肉で無双する	4	1	1	action,adventure,comedy,fantasy	"脱ぐほどに強くなる王道筋肉ギャグ漫画！ 

 ゲーム「アブソリュート・オブリージュ」の世界に転生した主人公（ノア・フランシス）は、
クズ貴族のイメージをくつがえし、無事、王都のアブソリュート学園入学に成功する。
新たなる筋肉仲間・勇者との出会いに喜ぶノアだったが、平和な時間は長くは
続かなかった。 新たなる負荷・魔王スオの襲来により、船上の新入生歓迎パーティーは
大混乱。しかし、船にはノアと筋肉集団が乗っているぞ！ 
さあ、盛り上がり続ける筋肉に身をゆだね、逆三角形のハートをたぎらせろ!!
山あり、谷あり、シックスパック!! 疾走するマッスルストーリーを体感せよ!! 

 【編集担当からのおすすめ情報】 
 ついに始まった、魔王スオとのバトル!! そして、この巻にて、第一章は堂々完結。
魔王スオとのバトル、そして、ノアとセシルの関係は…？ コミックスで見届けてください。
また、コミックス恒例！カバーをとったところにひそむ、豪華カラーイラストや
おまけページにも注目です。"
punk-gun	パンクガン	4	0	1	action,drama	"「罪人はゴミよりお金になる」
犯罪と欲望の街、デッドシティで孤児どうし身を寄せ合って暮らす少年・アイボバ。ゴミ漁りと盗みによって日々を食いつなぐそんなある日、家族の1人が賞金首「狼男」に誘拐されてしまう。バトル！ パンク!! アクション!!! 社会の底から這い上がるため、賞金稼ぎの戦いがいま始まる…。"
perfect-glitter	パーフェクトグリッター	4	1	1	drama,mind-game	"「あたしはイチカは悪魔だと思う」 

 突然姿を消してしまったイチカを捜すモモ。

わずかな手がかりをたどっていたモモは、
その矢先にヤナと名乗るインフルエンサーと出会う。

ヤナの知るイチカ、モモの知らないイチカ。
果たしてイチカとは何者なのか。

盲信はその歩みを暴走へ変え、
モモは更なる現代の闇へとまた一歩、無自覚に近づいていく。

「パーフェクトグリッター」第2巻
パーティーが始まる。
 

 【編集担当からのおすすめ情報】 
 衝撃の開幕から始まった「パーフェクトグリッター」2巻発売！
決してヒーローではない等身大の女の子の成長、そして徹底した取材に基づく現代の闇がその姿を見せ始める展開をお楽しみください。
「正しさ」とは何か、信じるとはどういうことなのか、主人公モモと一緒に追体験して頂けると幸いです。"
manticore	マンティコア	4	1	1	action	"窓際部署に異動になり、転落人生を送っていた元エリート商社マン・嵐山は、
ある日精神移行実験に巻き込まれ、ガビアルの宿主となる。
しかし、ガビアルが取引先の社長たちを殺してしまったことで、
ついに人殺しにまでなってしまい…その転落は止まらない。
アナキ市からの逃亡を決意した嵐山だったが、
ガビアルはなぜか頑なに拒否して…？

そんな中、二人の前にヒョウ＆ミミが現れ、
ついにこの二組が激突へ！
嵐山の運命はいったいどうなるーー？

最凶格マイグレーター・ガンカクの真の実力がわかったり、
あのキャラがまさかの形で再登場したり…
さらには最悪災厄な、変態デカ女警察官の参戦と、
色々と目が離せない第3巻！"
rea-monster-sore-tada-no-gaichuu-desu-yo	レアモンスター?それ、ただの害虫ですよ	4	1	1	adventure,fantasy	父親の趣味で山奥の古い家で独り暮らしをして、毎日二時間かけて高校まで自転車通学をするユウト。しかし彼には、自分自身が気づいていない秘密があった。なんと、ユウトの家は知らぬ間にダンジョン化していて、台所に出てくる虫は実はレアモンスターだったのだ。そんなユウトは友人のすすめで動画配信することとなる。ところが、明らかに異常なその日常生活の動画は、彼の知らない場所であっという間にバズってしまい……。
lens-no-mukou-no-megamitachi	レンズの向こうの女神たち	4	1	1	ecchi,romance	"温泉合宿や他校とのコラボ撮影を経て、絆を深めた湘南清風高等学校グラビア部。ついに、彼女たちが挑む大会本番の火蓋が切って落とされる！ 「めいモカ」コンビに立ちはだかるのは、圧倒的な実力を持つ強豪校と、過激な露出で行く手を阻む脱衣系学校!?

果たして清風高校は、夢のステージを勝ち抜くことができるのか!?"
shura-no-hakoniwa	修羅の箱庭	4	0	1	action,school,sci-fi	"「19歳まで一緒に生きよう」ガールミーツガールアクション開幕！
少女にのみ存在する生体エネルギー「蜜」を好物とする化け物「鬱露」。その鬱露と戦う機関「百花苑」に所属する夏海は、喰われる恐怖に怯えて生きていた。そんな彼女の前に圧倒的な強さを誇る一人の少女が現れて!?"
ore-no-yubisaki-de-nureru-sekai	俺の指先で濡れる世界	4	0	1	comedy,ecchi,fantasy	"『俺の女優が一番淫ら』の龍大和、最新作！　男性が女性に虐げられる異世界に迷い込んでしまった芸大生の新見和也。だが、和也はその世界で「触れるだけで女性が反応してしまう魔法の指先」を獲得する。出会う女性を一人ずつ、確実に虜にしていく和也。そんな和也の次なる目的地は、女尊男卑どころか「女性しかいない国」。男とバレるだけで処刑される悪夢の国で、「指先」の真価が問われる！
女尊男卑の世の中を「魔法の指」でひっくり返せ！　ヤンマガの新王道「異世界×セクシー」の最高峰、第3巻！"
moto-otto-no-banken-o-tenazuketa	元夫の番犬を手なずけた	4	1	1	fantasy,romance	悪夢から目覚めた皇太子妃・ラインハルトは気づけば、15年前の父の葬儀の日に戻っていた。そこで、父の死の元凶である皇太子で夫のミシェルから離婚と屈辱的な要求を突きつけられる。激しく抵抗した彼女が追放された先は雪に閉ざされた辺境の地・ルーデン。しかし、絶望の道中でひとりの少年と運命的な出会いがーー！
soushitsu-mahoutsukai-no-saikyou-kenja	喪失魔法使いの最強賢者	4	1	1	action,fantasy,isekai	"【全てに裏切られた勇者は、唯一無二の最強魔法で無双する！】
国民から魔王討伐の期待を一身に受ける勇者・レクター。しかし""転移者""と
名乗る男・ベイリフが現れ、圧倒的な強さを前に勇者の座を奪われてしまう。
立場が一変したレクターは国民から""元勇者""と蔑まれた挙句、
魔族の汚名を着せられ命を落としてしまったーー
「やり直してやる…俺のための人生を！」
失意のまま人生を終えたと思いきや、10年後の世界に転生!? 
しかも魔法が衰退しており、かつて自分が使用していた魔法が最強の「喪失魔法」になっていた！
この人類の衰退はどうやらベイリフが裏で手を引いているようでーー
元勇者は最強賢者となり、影の英雄として世界を救う！ 「小説家になろう」発、
チートな存在になった元勇者が暗躍無双する成り上がりファンタジー！ 
巻末におまけ漫画と原作者書き下ろし短編小説も収録。"
dogou-no-ao	怒業の蒼	4	1	1	action,comedy,drama,supernatural	"スイッチを見つけて、
自由に憤怒の能力を引き出せるようになった響狼と温。
二人が次に挑んだのは執事戦。
相手はえっちなお姉さんで暴食の執事・喜世子。
突然始まったバトルでいきなり温は、
喜世子に胃の中のものをすべて食べられてしまって…!?

争うことは欲をぶつけ合うこと!!
当主の座を狙う異能跡取り戦争、第2巻！"
uramiya-honpo-sutoriimu	怨み屋本舗STREAM	4	1	1	drama	"自分の誤解から警察沙汰を起こし、全てが勘違いだったと判明しても反省どころか悪質な嫌がらせを行うストーカー候補大学生。
日本のアニメや漫画が大好きな外国人観光客に目を付け、偽のサイン色紙を高値で売りつける新型エウリアン。
悦に入る加害者達へ断罪の復讐計画が実行される!!"
bunka-kousakusha-shichijou-tokkou-no-bouken	文化工作者七條特高の冒険	4	1	1	drama	"偽装工作映画の製作を進める七條と立川の周辺に次々と現れる怪しげな人物たち。
さまざまな思惑が入り乱れる中、ピンルーに危機が迫る！
彼女はいったいなぜ、スパイになったのか？
華やかな表情の下に隠された壮絶な過去とはーー
そして七條は日本と中国の戦いを止めることが出来るのか？

これは歴史的事実を元にした物語である。"
saijaku-kizoku-ni-tensei-shita-node-akuyaku-tachi-o-atsumetemita	最弱貴族に転生したので悪役たちを集めてみた	4	1	1	fantasy	"ゲームの世界に転生した主人公は、作中屈指の弱キャラ・アデルになっていた！！
全ステータスがデバフ状態……まさしく最弱！！
さらに死亡フラグもバリ立ち！ 破滅待ったなしだった！！
生き残るためにはゲーム知識を頼りに、最強スペックの悪役キャラたちを口説いて仲間にするしかない！ と決意したのだが…！？"
hikuidori-imamura-2025	火喰鳥	4	1	1	action,drama	"江戸随一の火消“火喰鳥”と呼ばれた松永源吾は、
ある出来事が原因で火消を引退。妻の深雪と貧乏浪人暮らし。
そこへ出羽新庄藩から、突然仕官の誘いがーー。
「火消頭取として、再び江戸を救ってほしい」
江戸を襲う数多の“不審火”から人命を守るべく、
再び火消になることを決意する源吾。
“ぼろ鳶組”と揶揄される壊滅寸前の火消組を再生し、
江戸と命を守るため、業火に立ち向かう！！

原作・今村翔吾による豪華“書き下ろし小説”収録！
さらに、小説には漫画・瀬口忍の“描き下ろし挿絵”も掲載！！"
tanaka-to-mizuno-wa-wakariaenai	田中と水野は分かり合えない	4	1	1	comedy,ecchi,romance,sports	"高校陸上界の絶対的エース、水野ひろなと
彼女が思いを寄せる陸上バカの後輩、田中。

「好きな人はいるか…？」思わず田中に問いただして
しまった水野。けれども事態はまさかの展開に──！？

そして、インターハイが開幕！
田中への気持ち、陸上選手としての矜持──。
さまざまな“想い”を胸に、
水野は走り出す！！

ピュア＆ストイックな二人の
体育会系すれ違いラブコメ、
最終加速（ラストスパート）の第4巻！！"
isekai-no-sumikko-de-kaiteki-monozukuri-seikatsu	異世界のすみっこで快適ものづくり生活	4	1	1	fantasy,slice-of-life	"ブラック労働の末、異世界転生したソウジロウ。
女神から与えられた神器〈クラフトギア〉を手に
ものづくりを楽しみながら、愉快な仲間たちと共に二度目の人生を謳歌していた。
だが、突如闇の魔法使いが現れ、平穏な生活に暗い影がーー
ってあれ？まさかのドジっ子！？

ものづくりで生活を豊かにしていく 異世界スローライフ第2巻！"
isekai-nonbiri-camp	異世界のんびりキャンプ	4	1	1	fantasy,gourmet,isekai,slice-of-life	"【最強ジョブ『キャンパー』で仲間や聖獣たちとお気楽無人島ライフ！】
仕事で限界を迎えた帰りに、突如異世界の無人島に転移してしまったアキト。未知の状況に戸惑うも、ジョブ『キャンパー』を手に入れたことに気付く。実はこれ、キャンプ生活を送るとポイントが貯まり、様々なスキルやキャンプ道具と交換ができる万能ジョブだった！
「せっかくなら憧れのアウトドアライフを満喫するか！」
ポイントで鑑定に回復、快適キャンプ道具など次々に獲得するアキト。そんな中、同じく島に漂着したという箱入り貴族令嬢のオリヴィアに遭遇し、一緒に焚き火やキャンプ飯を大満喫!!　しかも彼女と探索を進める内に、どうやらここは聖獣たちが暮らす不思議な島だと判明し…!?　個性豊かな仲間と一緒にのんびりキャンプライフ、始めます！
巻末におまけ漫画も収録。"
shanai-bitch-chan-wa-kyou-mo-tokimeki-ga-tomerarenai	社内ビッチちゃんは今日もときめきが止められない	4	1	1	romance	"ビッチちゃんの次なるターゲットは童貞！？ 

 昔から、人よりちょっと恋しがち。
友達の彼氏を奪っちゃった…なんてことも。
だけどそれって仕方なくない？
本能がときめいちゃうんだもん。

上司・後輩・同期とのトリプル修羅場を経験し、
西園寺社長の会社へ転職した町永さくら。
新しい会社でもときめきは留まり知らず…
西園寺の堅物秘書・目黒も陥落寸前！？

さらに同期・水野との久々の再会に、
さくらのときめきは止められなくて…！！ 

 【編集担当からのおすすめ情報】 
 各電子ストアで引き続き、1位を獲得中の超話題作！

本能に正直な主人公・町永さくらは、
一途な同期、イケイケ社長、堅物秘書など…
最高な男達からの溺愛が止まらない！！！"
eshi-munechika	絵師ムネチカ	4	1	1	drama,slice-of-life	ただただひたすらに絵を描き続ける高校生、ムネチカ。その絵は人の心を捉える。頬を染める。魅せられる。そして蝕まれる。ムネチカが描き尽くす時、世界はーー!? 手塚治虫文化賞受賞作家が贈る感動のストーリー、待望の第1巻。（第2巻と同時刊行！）
shoshi-hyakuen	諸子百苑	4	1	1	action,adventure,fantasy	"「文士」と呼ばれる勉学と経典の専門家──その頂点に立つ「国士無双」が孔 秋澪（こうしゅうれい）である。
秋澪が持つ経典「論語」から発動される射撃攻撃、「君子は争う所なし。必ずや射か」をはじめとする技の威力は、まさに“必殺”。
可憐な姿からは想像もできない強大で凶悪な力に人々は恐怖を抱き、彼女を「魔王」と称した……。
そしてーー美しくも厳しすぎる秋澪の指導の下、弟子である項戟（こうげき）もまた国士無双を目指して鍛錬中。
だが項戟には、文士には欠かせないある能力が欠如していて……!?
ハイエンド中華風ファンタジー、ここに開幕！"
yamiochi-yuusha-no-haishin-haishin-tsuihousareta-sare-kakushi-bosu-beya-ni-hourikomareta-kekka-bosu	闇堕ち勇者の背信配信～追放され、隠しボス部屋に放り込まれた結果、ボスと探索者狩り配信を始める～@comic	4	1	1	adventure,fantasy	"クガが追放された本当の理由とは…？ 

 “器用貧乏”勇者がゆえにパーティーから追放されてしまったクガだったが、美少女吸血鬼・アリシアに気に入られ、共に""配信""をする仲に。
アリシアの友人・ミノちゃんのストーカー問題を解決する中で、S級ボス・人狼を眷属にすると決めたアリシアは…？
一方、S級ボス・アラクネと対峙するクガの元パーティーの面々。苦戦する彼らの前にクガが現れ、新たな力を発揮する。 そして、クガ追放の真実が明かされーー 

 【編集担当からのおすすめ情報】 
 話題の最強配信英雄譚、第3巻では、ミノちゃんをストーカーする人狼を眷属にするため、その根城に乗り込むクガとアリシア。人狼と相対するアリシアとは別行動をとるクガ。そんなクガが助けた美少女には何か秘密がありそうで…？
一方、クガの元パーティーメンバーは、新たに仲間にしたサイオンを助けるため、S級ボス・アラクネの根城にテレポートするも、苦戦。そんな彼らの前にアリシア＆クガが現れ、クガの新たなジョブ『堕勇者』の真価が発揮されます。その力とは…？
そして、クガが追放された本当の理由が明かされます。
見所たっぷりの最新刊、ぜひご覧ください！"
genkai-shuuraku-o-datsuson-shita-renkinjutsushi-tokai-de-saikyou-nanoga-baremakuru	限界集落を脱村した錬金術士、都会で最強なのがバレまくる。	4	1	1	adventure,fantasy,isekai	ワイスマン教授の依頼によりダンジョンの大探索へ参加することになったマグナたちは、突如現れた《赤の厄災》・メルトの襲撃を受ける。持ち前の錬金術で撃破するも、黒幕・ワイスマン教授の容赦ない攻撃がマグナたちを奈落の底へと突き落とすーー。その先、人類未踏の地でたどり着いたのは、高度な文明を築いた古代都市…？最強の錬金術で切り拓く人生逆転冒険譚、第3巻！
umakake	馬賭け	4	1	1	drama,sports	"幼馴染みのもとでヒモ生活をおくる、ギャンブル中毒の売れないフリーライター・明日一会。そして、その兄で再注目の若手として華々しい経歴を歩むジョッキー・明日一期。まさに未勝利馬とダービー馬に例えられる2人の兄弟は競馬界の裏側に潜む大きな陰謀に巻き込まれていく…。
『優駿の門』シリーズ・やまさき拓味が競馬界を取り巻く闇に切り込む！覚悟の完全新作！"
takase-kun-no-heso-no-shita	高瀬くんのヘソの下	4	1	1	ecchi,romance	智花とのリハビリで7年ぶりに行為でイクことができた高瀬。 リハビリの終わりを感じ涙を流す智花に、高瀬はある言葉をかけて…!?
tokumei-kachou-tadano-hitoshi-otonaaji	特命課長只野仁	3	1	1	drama,comedy,ecchi	"初コミックス化！　TVシリーズでおなじみの「特命係長只野仁」課長編。50歳になり、課長に昇進した只野仁が大活躍!!　大人味（おとなあじ）な特命ストーリー、3エピソード収録！　「ダーク特命」「不思議な顔の女」「不思議な顔の女2」。
「ダーク特命」
「不思議な顔の女」
「不思議な顔の女2」"
esudii-komando-senki	SDコマンド戦記	3	1	1	action,mecha,sci-fi	"90年代『SDガンダム』人気の一角を担ったSF巨編!!
神田正宏によるマンガ版『SDコマンド戦記』シリーズを、未単行本化だった『グレートパンクラチオン』編も収録し、全3巻で復刊!!

1990年代以降、講談社の児童マンガ誌「デラックスボンボン」＆「コミックボンボン」にて連載された、神田正宏の手による『SDガンダム』のマンガ作品ーー。そのうち、91〜93年にかけて展開された作品が、当『SDコマンド戦記』シリーズです。本作は、『SDガンダム』の商品展開でいうところの以下3作品の物語を描いた作品になります。

◇『SDコマンド戦記 II ガンダムフォース』
◇『SDコマンド戦記 III SUPER G-ARMS』
◇『新ガンダムフォース グレートパンクラチオン』

今回は、この『SDコマンド戦記』シリーズを、神田先生のご協力のもと、全3巻で復刊します。

※最終章となった『新ガンダムフォース グレートパンクラチオン』編は、発表当時に単行本化がなされなかったため、今回が初の単行本収録となります。

本シリーズの判型は、ワイドで読みやすいA5版。神田先生のお手元で保管されていた生原稿から改めて製版を行い、今までにない美麗な画質にて単行本化いたします。
また、『新ガンダムフォース グレートパンクラチオン』編の終盤には、神田先生による新規描き下ろしページを追加予定。連載当時、ページ数の関係から惜しくも削除されてしまった描写を復活させ、神田先生が当初に想定していた展開に近づけるための補完作業を行う予定です。

★本シリーズの特長
1.最終作『グレートパンクラチオン』までを収録する、初の単行本。"
timetuber-yukari	TimeTuberゆかり	3	1	1	supernatural	『デウス・エクス・マキナ』の不思議な力で過去へ自由に飛べる女子高生・ゆかり。夏休み、友人たちとキャンプを楽しむはずが、辿り着いたのは銃声轟くアメリカ西部開拓時代!? 無法の荒野に放り出されたゆかりたちは無事、現代日本へ帰れるのか──!?
vivid-voice-party	VIVID VOICE PARTY	3	1	1	music,comedy	"あの声が響いた時、新しい世界が広がります！
いろんな動画でおなじみのキャラたちを豪華執筆陣がイラスト＆コミックで描いた初のアンソロが登場！　彼女たちのいろんな魅力をあなたにお届け！"
saikyou-suteetasu-o-hikitsuide-ningen-ni-tensei-shita-seijuu-behiimosu	《最強ステータス》を引き継いで人間に転生した聖獣ベヒーモス、勇者の婚約者〈お姫様〉をうっかり寝取ってしまう	3	1	1	action,comedy,fantasy,romance	"累計130万部超の異世界ファンタジー『Sランクモンスターの《ベヒーモス》だけど、猫と間違われてエルフ娘の騎として暮らしてます』原作者・銀翼のぞみ氏による、大人気WEB小説を超絶カワイくコミカライズ！
吾輩は、とある理由で人間に転生した最強の存在ーーベヒーモスである。
異常繁殖しているゴブリンたちの退治を頼まれた吾輩は、都市の騎士隊と討伐に向かうことになるのだが、その騎士隊長は以前から吾輩を溺愛していた女騎士・スミレで……。
アリスフィーネ、シェリル、スミレと3人の美少女に愛されまくるハーレム天国へ急転直下!?
S級チート異世界イチャえち転生譚、第3幕スタート!!
2026年3月刊"
24-ten-to-konyaku-haki-sareta-reijou-wa-ringoku-no-outaishi-ni-kanpeki-na-hanayome-to-aisareru	「24点」と婚約破棄された令嬢は、隣国の王太子に完璧な花嫁と愛される	3	1	1	fantasy,romance	「君にそんな顔をされたら……我慢できない」 レノに熱い視線を向けられ、押し倒されてしまったアイリス。しばらく距離を置こうと遠方の視察に向かうレノを追いかけたアイリスは、自分がレノに惹かれていることに気付きはじめる。しかし、視察先でマキャベリー家の嫡男・ゼレインが、国の利益になるのは妹・リリーとの婚姻であるとレノに進言しているところを目撃してしまいーー？ 10年片想いの隣国王太子×甘え下手なマジメ令嬢、国を越えた初恋ラブロマンス。想いが揺れる第3巻！
zako-skill-to-tsuihousareta-sareta-kamitsukai-shin-no-chikara-ga-kakusei-shi-sekai-saikyou-ni	「雑魚スキル」と追放された紙使い、真の力が覚醒し世界最強に	3	1	1	action,adventure,fantasy	ユニークスキル【紙使い】を雑魚スキルだと断定され、「聖剣の団」を追放された冒険者ヤクモ。しかし、ダンジョン攻略中に仲間をかばった影響で、もう1つのユニークスキル【魔力極大】が覚醒！ソロで強大なモンスターを瞬殺してしまう。そんなヤクモは、心機一転ギルドの依頼を受けることに。その道中、錬金術師の少女アルミーネがモンスターに襲撃されている場面に遭遇。覚醒したスキルで助けると、彼女から自身のパーティーに入らないかと勧誘されて…。世界で唯一ユニークスキルを2つ持つ男の成り上がり系爽快バトルファンタジー！
akekure-no-ren	あけくれのれん	3	1	1	gourmet,slice-of-life	"仕事や日常のあれこれに少し疲れたとき…食べたい料理を出してくれる
お家のようなお店「第3食堂」。おむすび、焼きそば、唐揚げ定食、だし巻き卵、
サバの味噌煮など…心とお腹が満たされるグルメが沢山の食堂コミック！"
ato-365-nichi-no-bansan	あと365日の晩餐	3	1	1	comedy,drama	余命一年のセレブなフード・コンサルタントつかさの胃袋を満足させようと、伝説の料理人を姉に持つ町中華の看板娘トビラが大奮闘! つかさと協力し、名物餃子スープの味を取り戻したトビラ。しかし、その噂を聞きつけた“ある女”は快く思っておらず、料理対決へと発展する!!
ayakashi-neko-no-hanayome-sama	あやかし猫の花嫁様	3	1	1	fantasy,romance,supernatural	身寄りのない女子大生の前に自称・婚約者のイケメンが現れて…　両親を早くに亡くした茜は大叔母が住んでいた田舎の一軒家でのんびり一人暮らしをしていた。そんな平和な毎日が一変したのは二十歳の誕生日。突然、彼女の前にあやかし猫の総大将と名乗る美男子・常盤が現れた！　彼から、僕らは夫婦だと言われ困惑する茜。常盤の甘いアプローチを断るが、この結婚は呪いがかかっていて簡単に解消できないと言われて……
iyashi-iyarashi	いやし、いやらし	3	0	1	drama,romance	No.1キャスト・イロハが女性用風俗で働くことになった理由…それは婚約者の死の真相を知る為だった。そんな中、全国No.1の女風キャストを決める大会・プリンスオブプリンス総選挙が開催される。イロハは、婚約者の秘密を知る元No.1の渚と、その情報と己の進退をかけて総選挙で戦うことに…？全ての謎が明かされる、衝撃の最終巻ーー。
usotsu-koushaku-reijou-o-oshinokete-ouji-no-konyakusha-ni-natta-onna-ni-tensei	うそっ、侯爵令嬢を押し退けて王子の婚約者〈仮〉になった女に転生?	3	1	1	fantasy,romance	自分のことがだ〜い好きな「ぶりっ子令嬢」ソフィア。ある日学園で、理想の王子様・ビンセントと出会い恋に落ちる。猛烈なアピールの末に、侯爵令嬢から婚約者の座を奪いとり、順風満帆な日々が待っている……かと思われた。しかし、頭を強く打ったことで前世の記憶が蘇り…自分自身が大嫌いな「ぶりっ子」であることに気付く！可愛いだけで人の恋人を誘惑する女も、誘惑される男も大嫌い!!　それは周囲の人間も同じらしく、私も王太子もみんなに冷たい目で見られている。まぁ、やってしまったことは仕方がない。どうにか、王太子の評判を上げ、侯爵令嬢との仲を元に戻して、自分は穏便に退場しようと奮闘するけれどーー!?
otasuke-chara-ni-tensei-shita-node-game-chishiki-de-musou-suru	お助けキャラに転生したので、ゲーム知識で無双する	3	1	1	fantasy	"ナターシャの勧めで武闘会に参加したアッシュ。
武闘会には『m9』の主人公ライエンが参加しており、ゲーム内では彼が優勝し学院入学を決めるイベントとなっていた。
ライエン相手に一矢報い、あわよくば勝ってその未来を変えるべく、予選をとんとん拍子で勝ち上がっていくアッシュはついに決勝へとたどり着く。
相手は同じく当然のように勝ち上がってきたライエンであった。
そして迎えた決勝戦、来賓席にはなんとアッシュの憧れのキャラクター、メルシィの姿が。
その他にもゲーム内のメインキャラクターが揃い踏みの状況に緊張するアッシュ。
それぞれの命運をかけた、アッシュとライエンの戦いがいざ始まるーー!!"
shiganai-mobu-reijou-nanode-ouji-no-kyuukon-wa-mi-ni-amarimasu	しがないモブ令嬢なので、王子の求婚は身に余ります!	3	1	1	comedy,fantasy,romance	"平穏に暮らしたいだけなので、王子との婚約は辞退させてくださいーー…!!

ヴェルフェ国・王立ユーリス学園に通う男爵令嬢のミサキは、実は転生者。
どうやら前世で大好きだった乙女ゲームの世界の転生したみたい。
ただのモブではあるけど、小悪魔系の侯爵令息と策士眼鏡の公爵令息、
そしてクールでちょっと天然な第二王子（最推し）の仲良し3人組を近くで見られるので幸せ！
悪役令嬢やヒロインにも出会えてウキウキしていたら、ひょんなことから王子に興味を持たれてしまい…？

じれったくて甘いピュアな異世界ラブコメ、開幕♪

★☆SP描き下ろし8P収録☆★"
jirashi-jouzu-na-kudou-buchou-wa-konya-mo-aisai-o-guzuguzu-ni-daki-hogusu	じらし上手な久堂部長は、今夜も愛妻をグズグズに抱きほぐす。	3	1	1	ecchi,romance	"「濡れてるね。こうやって俺に触れられるのは、嫌？」


商社勤務の瑞月（みづき）と、上司の久堂壱也（くどういちや）は、社内でも評判の「お似合いな完璧夫婦」。だが、瑞月には誰にも言えない悩みが…！

実はこの二人、いわゆる政略結婚のうえ、結婚して半年間、キスもセックスもしてない関係。
結婚前から壱也に片思いをしていた瑞月は、一緒にいられるだけで十分だったけれど…。

とあるハプニングがきっかけで、壱也と毎週末セックスをすることになったのに、
壱也のゆっくりでねっとりとした濃厚な愛撫は、瑞月の欲求をさらに高めてしまう！

そんなある日、壱也は瑞月に「毎週土曜にセックスしないか」持ちかけてきて…!?"
takumashi-san-wa-mainichi-saikyou	たくましさんは毎日最強	3	1	1	comedy,romance	"恋愛の勉強のため、人生初の合コンへ参加することになったたくましさん。
ジムの話NG、筋肉の話NG……
盛り上がる輪に入れない…
でもやっぱりたくましさんのポジティブオーラ炸裂！！
手探りで進めるマッスルラブも急展開！
自分の気持ちに素直になった永原さんの次なる一手は…？
笑って泣いて温まる！たくましさんは今日も、最強で、最高！"
tobidase-tsuzui-san	とびだせ!つづ井さん	3	1	1	comedy	"美しすぎる推しへの愛がとまらないーー…！ つづ井さんが出会った、新しい推しの男性アイドル。彼との“共通点”を見つけて世界が輝き出したり、初めてのライブに参戦して感涙＆雄たけびを上げたり、ますますオタクライフが充実！ さらに、“前世からの友”ゾフ田との「レシピを見ないでうどん作り対決」、「夏にやりたいことを1日で全部やる」など、独創的に人生を楽しむ毎日！ 描きおろし40ページ以上を収録。 シリーズ累計95万部突破、大人気シリーズの最新刊です！

【つづ井さんは人生を楽しむのが上手すぎる！ その人生を切り取って僕らに見せてくれてありがとう！】マユリカ 中谷さん推薦‼"
doukyuuseito	どうきゅーせいと!	3	1	1	comedy,ecchi,romance	中学生の頃にイジメられていた青年・阿方は、自分を変えるため定時制高校の新任教師になった。しかし阿方の担任する生徒は、中学で自分をイジめていた1軍女子・吉田さんだった！ だが吉田さんは引きこもり陰キャどスケベ女子になっていて、社会復帰のために定時制高校に入学したという。彼女を学校に通わせるため、阿方と吉田さんはエッチな訓練をすることに‥‥!? 同級生とハーレムライフin定時制高校
nekoneko-youjo-no-aijou-gohan	ねこねこ幼女の愛情ごはん	3	1	1	fantasy,slice-of-life	"【絶品旨辛スパイスカレーにもふもふ達が陥落♥】
もふもふだらけの異世界に転移し、猫耳幼女として青弓亭の料理番になったエレナ。
そんなある日、青弓亭の亭主がカレー粉を持って帰還！
もう食べられないとあきらめていたエリナは大興奮！
匂いだけでもお腹がすく絶品旨辛スパイスカレーを振る舞う事に。
その衝撃の美味しさにもふもふ達も大絶賛、皆あっという間にカレーの虜！？　
しかし、青弓亭の亭主が帰還し自分はお役ごめんだとエリナが勘違いしてしまい…？
「いい加減、家族には甘えてくれ」否、躍進続く頑張り屋な子猫への狼獣人の過保護な溺愛は最大級♥
初のお休みで一緒に街に繰り出しさらに絆も深まってーー
書き下ろし漫画と原作者描き下ろし小説も収録！"
fukufuku-manpuku	ふくふくまんぷく	3	1	1	slice-of-life	"食べることが好き。料理が大好き!!

おふくは、屋台で安い惣菜を売る料理人の父のもと、
料理本を読みふけり、父の手伝いで料理を学んだ。
だがその父が、店を開いて重ねた無理がたたって借金を残して亡くなり、
おふくは、その借金のかたに女の子たちがサービスする茶屋で働くことに……!!
椿茶屋というその深川の店には、
おっかない女将「かかさん」、腕はいいのにヤサグレている料理人、
そして美しい用心棒が……!?

「お殿様でも棒手振りでも
うまいうまいと
毎日笑って
飯が食えりゃア
それが一番幸せよ」

父の言葉を胸に、
おふくは、笑顔とめげない根性と、そして料理の腕で、自分の道を切り開く!!"
mahomane	まほまね	3	1	1	comedy,mahou-shoujo	"「ちょっとでも難しいこと考えたら頭がバーニングしちゃうんだよ!!」

これは次々濃いキャラが出てくる影で己の役目を全うせんとする、とある裏方少女の物語・第二章である…。

魔法少女たちとの絆も深まり、少しずつマネージャー業務が板についてきた（?）カヨ。

しかし日常は彼女を放ってくれず、とある事情で影武者を用意しなきゃと思ったら、敵の怪人組織にもカヨと同じマネージャーが登場し…⁉
さらに地球を飛び出し別の惑星で事件に出くわしたり、はたまた巨大ロボに乗り込んでの激熱バトルまで！

それでも、どんなときでもどんな場所だって魔法少女たちは大活躍!!
だけどその分、今日もカヨがアニメのリアタイ視聴をするのは難しそうで…？"
mame-to-mugi	まめとむぎ	3	1	1	comedy,drama,slice-of-life	ファッション誌編集の麦（30）の夢は、いつか編集長になること。しかし社内不倫がバレてしまい、キャリアも夢も失ってしまう…。どん底の彼女を救ったのは、居酒屋〈大豆堂〉の店主・マメ（23）と、発酵食品との出会い。お客ゼロで大ピンチの〈大豆堂〉を救うため、麦は再び夢に向かって立ち上がるーー！！間違えても、迷っても、負けない。わたしたちの等身大ラブ×ヒューマンドラマ。【単行本限定特典】発酵デザイナー・小倉ヒラク氏×谷口菜津子の対談を収録！
maru-kun	まるくん	3	1	1	comedy	"マルチーズの“まるくん”はカフェアルゴスで働く看板犬!! ドーベルマンに憧れて、かっこいい犬を目指すものの…天然で食いしん坊な“まるくん”は何をしてもかわいくなってしまう!?
“まるくん”がかわいくいられなくなる緊急事態!? ヤングジャンプの癒し枠4コマ…最終巻!!"
moshimo-cheat-shousetsu-no-shujinkou-ga-ukkari-hito-o-koroshitara	もしもチート小説の主人公がうっかり人を殺したら	3	1	1	action,adventure,drama,fantasy	"イマイチなスキルのせいで追放されたB級冒険者ライト。
ある日、スキルの真の力が「能力値（ステータス）の書き換え」だと知る。
能力値を9999にし、無双してはしゃぐライトは気付かない。
自身の力が、腕の一振りで人が死ぬほどのものだということに……。
うっかり人を殺めてしまったその日から、ライトの人生は一変するーー。"
mofumofu-to-tanoshimu-mujintou-nonbiri-kaitaku-life	もふもふと楽しむ無人島のんびり開拓ライフ	3	1	1	adventure,comedy,fantasy,slice-of-life	"フルダイブ型VRMMO『Iris Revolution Online（アイリス レボリューション オンライン）』-通称・IRO。
気遣い症の高校生・伊勢翔太（ショウ）は、IROを気ままにソロプレイするため、マップ探索の末に無人島をスタート地点に選ぶ。
念願叶いマイペースに無人島開拓を満喫していたが、高校での部活動をきっかけに内気なクラスメイトの澪（ミオン）や島で助けた仔狼(?)のルピと共に、開拓の過程を実況動画として配信することに。
ショウ達が投稿した実況動画はまたたく間に拡散され、無人島エリアや開拓スキルを知らなかった多くのIROプレイヤー達の注目を集めていくーー。"
mofumofu-majuu-to-heion-ni-kurashitai-node-kowamote-koushaku-no-kyuukon-wa-okotowari-desu	もふもふ魔獣と平穏に暮らしたいのでコワモテ公爵の求婚はお断りです	3	1	1	fantasy,romance	"「--私と結婚してほしい⋯返事を聞かせてもらえるか」
偽聖女にはめられて、魔女に仕立て上げられ国を追放されてしまった真の聖女・シエル。
追放先の辺境の森で途方に暮れたシエルは、自分が召喚したもふもふの魔獣に助けられて…!?
このまま、もふもふ魔獣と一緒にひっそり平和に暮らしていこうと思った矢先に、
魔女を討伐するよう命を受けた騎士団に狙われてしまう…。
絶体絶命の危機と思いきや、騎士団長で公爵のグランツから
「結婚してほしい」となぜか突然プロポーズされて⋯!?
初対面の彼からの求婚を即お断りするシエルだけど、
「貴女が私を好いてくれるまで、いつまでも待とうー」
と彼はまったく諦めていなくてーー!?
コワモテ公爵の一途な溺愛が止まらない……!?
※不器用な二人のじれきゅんラブファンタジー!"
yagate-eiyuu-ni-naru-saikyou-shujinkou-ni-tensei-shitakedo-boku-niwa-ni-ga-omokatta-you-desu	やがて英雄になる最強主人公に転生したけど、僕には荷が重かったようです	3	1	1	action,drama,fantasy	"竜との激闘を制したルーク。
しかしその代償は重く、心には深い爪痕が残ることに。
かつての理想と現実の狭間で、少年は苦悩する。

物語は再びゲームのシナリオへ。
名門・シグルス王立魔法学園への入学試験、
冒険者ギルドでの模擬戦、そして才能溢れる仲間たちとの出会い……。

少年を待ち受ける運命は……!?"
assault-addict-xr	アサルト・アディクトxR	3	1	1	action,sci-fi	"武装 J Kを描くVR戦争活劇、完結！！ 

 谷浦彩音は憧れの先輩・千堂杏樹を救うため、先輩三人とチームを組んで危険なVRオンラインゲーム『アサルト・アディクト』にログインする。四人は杏樹のアバター・アンジーを探しながら過酷な戦場ステージをクリアするが、アンジーの居所が分からないまま次のミッションが始まってしまう。その最中、彩音は楓が杏樹にした過去の仕打ちの告白を聞き反発、反目する二人の目前に敵の戦車部隊が！ 

 【編集担当からのおすすめ情報】 
 『妖傀愚連隊』、『レッドサン・インク』、銃器キットシリーズ『リトルアーモリー』のパッケージイラストを担当しているスズキ唯知が描く武装JKたちのVR戦争活劇、最終巻！！"
otona-no-susume	オトナノススメ	3	1	1	drama	反社組織「アストロ」から息子を救うため、事務所に潜入した太田は、謎の老人・隠岐と出会い、協力を持ちかけられた。隠岐は、「アストロ」の下っ端3人を拉致監禁するが、太田はそこで隠岐の認知症を知る。一方、「アストロ」は3人の失踪に気づき、捜索を始めるが……!?
alter-ego	オルターエゴ	3	1	1	action,fantasy	"「DUSTCELL」Misumiの大人気ボカロ曲公式コミカライズ！！
「異能力×マフィア」ノンストップ多重人格ピカレスクアクション ！！

突然変異で生まれた異能力者が力を振るい、犯罪都市と化した東京。
そこは、巨大犯罪組織・非神組を筆頭に荒くれ者が蔓延る危険な世界。
自警団マフィア・ベルナルディファミリーの若き組員・土息弾亜は、
自身の抱える“ある問題”と向き合い、平穏が奪われた世界を変えるために、非神組との因縁の戦いに身を投じていくーー。
新世代ダークバトルファンタジー開幕！！

原案・監修：Misumi
漫画：珊十五
©2019 KAMITSUBAKI RECORD / THINKR INC."
kanojo-o-chara-make	カノジョをキャラメイク!	3	1	1	comedy,ecchi,romance	効率良くゲームをプレイすることに心血を注ぐ大学生、中州真は、幼馴染でコスプレイヤーの七隈瑠璃が理想のボディを作るための手助けとして、毎日彼女のご飯を作っている。瑠璃の憧れであるゲームキャラクター・カトレアの生誕祭に向けて、瑠璃のバストサイズをカトレアと同じCカップに成長させようと目標を立てていたふたりであったが、真の効率メシと瑠璃の努力の甲斐あって見事目標を達成！　瑠璃が丹精込めて作っていた新たなコスプレ衣装も無事に完成し、いよいよ撮影会の日を迎える。しかし、そこではふたりが予想もしていなかった事態に直面し……!!?
kamiyu-plus-12	カミユ+12	3	1	1	suspense	天才子役と言われながらも傷害事件を起こし、幼くして芸能界を追放された主人公・カミユ。彼の中には12の人格が宿り、カミユの意識を奪っては周囲に被害をもたらし、カミユはその罪を着せられて肩身の狭い思いをして生きている。そんな彼が12の人格に力を借りて地下アイドルの撮影会で起きた殺人事件を解決する！　本格ダーク・ミステリ第2巻！！　殺されたアイドルの同僚やストーカー気質のファンたち、芸能ライターなどなど怪しい人物が次々登場！　カミユに宿る別人格たちの特性を生かした捜査が始まった！　ダイイングメッセージの謎が解け、ついに犯人が！！
guardian	ガーディアン	3	1	1	action,supernatural	超人テロリスト集団「鉄槌の蠍」によって占拠されてしまった23区を解放するためスパークやミアが決戦に挑む！そして5年前の因縁の相手・戦車男とロケットマン・カナタの戦いの行方とは!?究極の超人バトル、熱き戦いの完結第3巻!!
kimi-no-risou-no-maid-ni-naru	キミの理想のメイドになる!	3	1	1	comedy,romance	"修羅場突入で苛烈を極めるヒロインレース！
真夜の妹もメイドに参戦＆お色気要素もパワーアップ！？
理想のメイドを目指すドタバタメイドラブコメディ、ついにクライマックス！！

メイド修行や温泉旅行を経て廉也との距離を着実に縮めていた真夜。
だがある時廉也と秋帆のキスを目撃し、彼女は失意の底に沈んでしまう。
そんな真夜を見て廉也が下した決断とはーー？

他、険悪な真夜と秋帆を和解させるために文化祭で奔走する廉也、
真夜を取り戻しに現れた妹の夕依、
ヒロインとのドキドキお色気シーンの数々など

見所満載でお届けするメイドラブコメ完結巻！"
gifted-anomalies	ギフテッド・アノマリィズ	3	1	1	fantasy,sci-fi	"サイレンが鳴り響く、奇妙な寄宿学校に転入することになった記憶喪失の少年・クラス。
その学校の生徒は皆、感情が昂ると化物になってしまう“トランス”という不思議な症状を発症していた。
自覚がないながらも自分も“トランス”の患者だと言われ混乱するクラス。
さらに転入早々突然キスしてきた、いわくつきの少年とルームメイトになってしまい!?

個性豊かな生徒たちが織りなす、奇怪で重厚な学園ファンタジー開幕！"
quiz-no-kami-sama	クイズの神様	3	1	1	drama,mystery	"『99人の壁』の人気クイズ作家が送る物語 

 人気クイズ作家・日高大介と矢野了平を原作に迎えた至高のクイズ番組作りを目指すクイズ作家二人と、彼らに憧れて至高のクイズ解答者を目指すアイドル・神山華子の物語。

クイズに悩み、クイズが作れなくなった日高。
面白いがすべてにおいて優先する矢野。
落ちこぼれアイドル神山がクイズ番組で見つけた自分の生き甲斐。

視聴率至上主義のプロデューサーを相手に
クイズに人生を賭けた彼らはどう戦うのか！？

おまけぺージには、日高氏と矢野氏の対談を掲載！

※日高の「高」は、「はしごだか」です。 

 【編集担当からのおすすめ情報】 
 『99人の壁』などの人気クイズ作家・日高大介氏と矢野了平氏が原作です。
架空のテレビ局の架空のクイズ番組を舞台にリアリティーあふれるクイズ業界が描かれています。
絵は『おかみさん』などで知られる一丸氏、シナリオ協力には『獣医ドリトル』や『しっぽの声』の原作・夏緑氏。

ネタ、絵、シナリオすべて魅力あふれる作品となっています。ぜひご一読ください。"
kurourenke-no-jinanbou-comic	クロゥレン家の次男坊@COMIC	3	1	1	fantasy,isekai	"「俺は平穏に職人をやりたいだけなのに…」
のんびり生きたい転生少年の無自覚最強暗躍ファンタジー、待望のコミカライズ第1巻！
原作小説第3巻、同月刊行！
描き下ろし特別漫画＆原作者書き下ろしSSをW収録！"
kemotchi-hiyori	ケモっちびより!	3	1	1	comedy,fantasy	"小さな妖精たちとのほっこり生活スタート♪ 

 12歳の誕生日、留守番中のエマがおばあちゃんから教えてもらったおまじないをすると・・・小さな妖精“ケモっち”がみえるようになっちゃった！

7人のケモっちは、みんな一筋縄ではいかないくせ者ぞろい。
だけど、少しさみしい時、ちょっと助けが欲しい時、
ケモっちたちが、ぽかぽか笑顔にしてくれる☆

個性あふれるケモっちたちとのかわいくて楽しい毎日のはじまり、はじまり♪ 

 【編集担当からのおすすめ情報】 
 “かわいい”を生み出し続けるレジェンド篠塚ひろむ先生最新作！
18年振りにちゃおに掲載されて話題となった「ミルモでポン！」の完全新作を特別収録！ 魔法学校でのミルモ過去が明らかに！ ミルモファンも要チェックの1冊です！"
gokigenyou-gohan-sama	ゴキゲンよう!ごはん様	3	1	1	gourmet	"愛静慈真澄（おしずし・ますみ）は財閥の令嬢。
誰もが羨む優雅な生活の代償は束縛。
その真澄が突然「男子」になってしまい、家を出て途方に暮れていたが強面の青年・キヨタカと出会い、ずっと憧れだった庶民のグルメを食べまくる!?
様々な仲間も出来て充実した生活の中、許嫁の桝川が現われて!?
TS令嬢のグルメ初体験ストーリー完結！"
saten-de-3x3	サテンdeサザン	3	1	1	music,slice-of-life	"街の再開発によって立ち退きの危機が…！！ 

 叔父から喫茶店を引き継いだ夏海リョータ。
お洒落なカフェにしようと意気揚々だったが、
来店するのは、愛煙家のオジサンばかり！！
その常連達が愛する店のBGMは…サザン!!
思い描いた理想のカフェとは違うけれど、
この店を続けていこうと思った矢先、
街の再開発計画により、喫茶店に立ち退きの危機が迫る!!
 

 【編集担当からのおすすめ情報】 
 『奥田民生になりたいボーイ』『デザイナー渋井直人の休日』の渋谷直角氏、最新作!! 作者のサザン愛が溢れる作品。サザンの音楽を聴きながら読むのもおすすめです。"
champagne-tower-no-mukougawa	シャンパンタワーの向こう側	3	1	1	bl,drama,romance	"ホストクラブ「ヘブン」の新店オープンのため、大阪から歌舞伎町へやってきたナンバーワンホストの煌夜。「日本一のホストになる」と嘯く煌夜だが、人々が行き交うこの街でひときわ”きらめき”を放つホストを見かけ、息ができないほどの衝撃を覚える。仲間から、そのホストが歌舞伎町の名店「リューズ」のナンバーワン・優雅だと教えられ、客としてリューズに通い始めた煌夜。逢瀬を重ねる度に着実に距離を縮めてゆく二人だが、穏やかな時間も束の間、優雅は突然「俺のことは止めといたほうがいい」と煌夜を突き放す。どうやら優雅には、煌夜を手放しで愛することのできない事情があるようで……？
「俺の方が、絶対優雅のこと大事にできるーー。」ホスト×ホストのきらめきと激情に満ちたドラマチック・ラブストーリー、第1巻。"
shinkalion-dive-the-world	シンカリオンダイブザワールド	3	1	1	action,comedy,mecha,sci-fi	イッキの親友・アトスがアンノウン側の敵だと判明。重たい現実に戸惑うイッキだったが、かけがえのない繋がりを守るため、再び戦うことを決意する──!! そんな中、仮想世界ではアンノウンの侵攻が開始。シンカリオンの力を模倣したアトスと交戦するが、そこで、親友が抱える悲しき過去を知ることに…!? 世界の命運をかけた、二人の最終決戦が始まる──!! 「カッコイイ男」を目指すイッキの物語、ここに完結!!
jagaimo-nouka-no-muramusume-kenshin-to-utawareru-made	ジャガイモ農家の村娘、剣神と謳われるまで。	3	1	1	action,adventure,fantasy	"ついに迎えた学年末トーナメント4年生の部。_x000D_
必殺・トレミナボールを編み出し、勝ち進んでいくトレミナ。_x000D_
決勝の相手は相当の実力者・チェルシャだった。_x000D_
トーナメントの優勝を掴むのは果たして…。_x000D_
その後、帰省したトレミナ達のもとに神獣・【黒天星狼】が現れ…！？_x000D_
決死の戦い、彼女達の運命やいかにーー。"
sunakku-jou-to-gochisou-gohan	スナック嬢とごちそうごはん	3	1	1	gourmet	"29歳東雲さくらは結婚を控え寿退社をしたが、恋人の意見は聞かず他人の言うことに振り回されてばかり
のせいで婚約解消され路頭に迷うことに…そんな中元カレのコートの中にスナックの名刺を見つけ、浮気
かと確認しに行くがそこには料理上手なママの真夜がいて!?愛情と手間暇かけたスナックグルメコミック！"
second-marriage-ring	セカンドマリッジリング	3	1	1	drama,romance	ある日花那のもとにかかってきた不穏な電話。嫌がらせだと気にしないようにしていたが、次に送られてきたのは颯真の不倫写真で…
dungeon-de-bocchi-meshi-shitetara-saikyou-no-esu-esu-esu-rank-boukensha-ni-natteta	ダンジョンでぼっち飯してたら最強のSSSランク冒険者になってた。	3	1	1	adventure,fantasy,gourmet	"待ちに待った収穫祭。参加費無料の大食い大会を楽しみにするシュータ。
手始めに弁当支給の収穫祭準備のクレイジーパンプキン収穫に参加！　
ところが、収穫は一筋縄ではいかなくて……!?

収穫祭ではシュータがシルクにプレゼント。影暮らしならではの
悩みを解決する贈り物の返礼にシルクは何を贈るのは!?

収穫祭のクジ引きで手に入れたシューズを履いて、魚を食べるために
ザルティス湖を向かうシュータ。途中にサンダードラゴンに連れ去られた
シュータはドラゴンの住む雷鳴渓谷に運ばれ、竜人族のフロランタと
出会うのだった。

竜人族、そしてドラゴンと日々を過ごすシュータだが、やがて別れの刻を
迎え、そして懐かしい仲間たちとの再会を果たし……。完結第3巻!!"
dreamland	ドリームランド	3	1	1	adventure,fantasy	"なんでもありの広大無辺な世界…ドリームランド‼
それは誰もが眠りとともに訪れ、目覚めと同時に忘れてしまう世界。
幼い頃、火事で母親を亡くした17歳の少年テレンスは、毎晩火の悪夢にさいなまれていた。だが、ある夜、彼は悪夢を克服し、火の力を手に入れ、夢人から旅人となる。
昼はさえない高校生のテレンスだが、夜は夢の国で大冒険を繰り広げる。


あらすじ文：
なんでもありの広大無辺な世界…ドリームランド‼
それは誰もが眠りとともに訪れ、目覚めと同時に忘れてしまう世界。
幼い頃、火事で母親を亡くした17歳の少年テレンスは、毎晩火の悪夢にさいなまれていた。
だが、ある夜、彼は悪夢を克服し、火の力を手に入れ、夢人から旅人となる。
昼はさえない高校生のテレンスだが、夜は夢の国で大冒険を繰り広げる。"
doronjo-sama-wa-tensei-shitemo-akuyaku-reijou-no-mama-datta	ドロンジョさまは転生しても悪役令嬢のままだった	3	1	1	fantasy,isekai,romance	ドロンジョ、あなたはガン王子を夫として迎え、愛することを誓いますか？　『タイムボカンシリーズ ヤッターマン』の「ドロンジョ」は異世界で幸せを掴む！……のか!?ガン王子からプロポーズされ、ついに結婚式当日を迎えたドロンジョ。自らデザインしたウェディングドレスに身を包み、満足気な顔のドロンジョは待ちに待った、永遠の愛を誓う。…予定が、このまま式が順調に進む訳もなく…!?ドロンジョが選ぶのは「悪」か「愛」か。話題のドロンジョ×異世界転生悪役令嬢、堂々完結ーー！
hazure-zokusei-on-zokusei-de-tsuihousareta-saretakedo-jitsuwa-yuiitsu-mu-eishou-de-hatsudou-dekiru	ハズレ属性〈音属性〉で追放されたけど、実は唯一無詠唱で発動できる最強魔法でした	3	1	1	adventure,fantasy	"英雄祭、開幕！
王女の護衛で大忙し!?

建国の英雄を称える祭典、英雄祭の季節を迎え、活気に満ちあふれるアストレア王国。
祭りの期間中、アルバスはエレノアとともに王女ルルアリアの護衛役を任されることとなる。
ルルアリアと屋台を巡り、英雄祭を満喫するアルバスだったが、最大の催しである公開決闘の場で突如、第一王子ザイールから対戦相手に指名されてしまいーー!?
“ハズレ”の烙印を押された少年が、やがて最強に至る冒険譚、白熱の第3幕！"
biblia-koshodou-no-jiken-techou-tobiko-to-utsuro-na-yume	ビブリア古書堂の事件手帖扉子と虚ろな夢	3	0	1	mystery	"夢野久作の代表作であり、日本三大奇書にも数えられる小説『ドグラ・マグラ』。
恭一郎と扉子達はその物語の内容から、康明の失踪と『ドグラ・マグラ』に繋がりのようなものを感じる。
そこに祖父・杉尾が現れ、康明の蔵書のひとつである復刻版の中身が何者かの手によって初版本に入れ替わっていることが分かりーー。
事件の真相へと迫るビブリオミステリ、最終巻。"
fenrir-ni-tensei-shita-hazu-ga-dou-mitemo-shibainu	フェンリルに転生したはずがどう見ても柴犬	3	1	1	isekai,fantasy	"異世界で見た目は柴犬、中身はフェンリルに転生して無双！！
「小説家になろう」で人気の異世界ファンタジーを愉快痛快にコミカライズ！

フェンリル（見た目は柴犬）に転生した男と、
彼を待って三百年引きこもっていた女…。
おかしなパーティーの冒険が始まる！！
ヤンマガWebで連載開始するやいなや大反響を獲得した異色の異世界第1巻！

サラリーマンのタロウは、トラックに轢かれかけた
狼らしき生き物を助けて命を落とす。
異世界に来た彼は気まぐれな女神リリーにより
中身は最強の聖なる狼フェンリル、外見は柴犬に転生する。
タロウはフェンリルを救国の使いと信じて三百年祈り続けてきた
王女ソフィアと出会い、冒険の旅に出るが…！？

※「小説家になろう」は株式会社ヒナプロジェクトの登録商標です。
第 1 話 フェンリル転生...!?
第 2 話 柴犬と王女
第 3 話 はじめてのスキル発動
第 4 話 いざ町へ!
特別書きおろし小説 閑話 柴犬フェンリルのつぶやき"
blue-flight	ブルーフライト	3	1	1	drama,romance	"恋も仕事も全力！グラハン女子の成長物語 

 飛行機の離着陸の安全をサポートするお仕事・
グランドハンドリングとして働き始めて2年目のここね。

無愛想だけど誠実なパイロット・松永への恋心を自覚したここねは松永を休日に誘い出して…！？
さらに、いつも明るくここねを支えてくれる先輩・友利の隠された過去を知ってしまい…？
松永と友利。二人との関係性に変化がーー！？

ANA全面協力で描かれる、
グラハン女子の全力お仕事ラブ第2巻!! 

 【編集担当からのおすすめ情報】 
 “この人”たちがいなければ、飛行機は飛ばないーー

飛行機の安全な離着陸をサポートする、なくてはならない仕事“グラハン”。
クールで仕事一筋のパイロット・松永と、優しく頼れる兄貴分グラハン・友利。二人に見守られながら、この人たちに誇れる自分でいたいと精一杯頑張る主人公・ここねの成長をぜひご覧ください。

そして今巻では、松永との休日デート編も収録！観覧車での二人っきりの空間で、ここねは「私のこと どう思いますか？」と問いかけて…？ここねの問いに対する松永の答えとは！？キュンとすること間違いなし！

ANAの取材レポまんがも要チェックです！"
monster-onna-kanbu-wa-osanaki-yuusha-o-dekiai-suru	モンスター女幹部は幼き勇者を溺愛する	3	1	1	action,adventure,ecchi,fantasy	"勇者一行に立ちはだかる四天王【死神】マーフ！
幼勇者に正体がばれちゃった⁉

ストーリアダッシュで連載されている異世界ファンタジー。妖魔アラクネと幼勇者の逆転成り上がりストーリー第3弾!!

幼勇者ネロに惚れて冒険の旅をする魔王軍四天王で蜘蛛の妖魔・エミリア。途中四天王・サリトリを仲間に加わって旅は賑やかになる。立ち寄った国のレジスタンス絡みのの騒動に巻き込まれた一行は四天王の新たな刺客・死神マーフと対峙することに！　妖魔と幼勇者の逆転成り上がりストーリー第3巻!!"
retro-game	レトロゲ	3	1	1	comedy	"真面目で素直な英川叡子と、寡黙で謎の多い美原美子…。
最初こそ対抗意識を燃やしていた2人だけれど、レトロゲームの話をするたびに少しずつ心の距離は近づいてーー！？
レトロゲに導かれ、その魅力にハマった2人の高校生が、ゲーム画面の中にある”無限の世界”に飛び込んでゆく…！！
懐かしくて新しい、青春レトロゲームコミック第2巻!!"
waruhame	ワルハメ	3	1	1	action,comedy,ecchi	"真面目過ぎるが故に左遷されてしまったエリート警察官・青山アガサが流れ着いたのは、なんと秘密裏に潜入捜査を行う非合法な部署だった…!!
成果をあげて出世コースに返り咲くため、アガサはカラダを張って潜入捜査を遂行するが…!?"
vamdead	ヴァンデッド	3	1	1	action,supernatural	"19世紀ロンドン。退役軍人のワトソンは、日々の生活に希望を見いだせず、貧しく暮らしていた。シャーロック・ホームズと名乗る男に出会うまではーー。名探偵とその助手が“吸血鬼狩り（ヴァンパイアハンター）”として街を駆ける。吸血鬼をもって、吸血鬼を制す。この数奇な人生の先に待ち受ける未来とは！？ 稀代の天才探偵が織りなす未体験のダークアクション!!

金も住む家もない退役軍人・ワトソン。偶然見つけたルームシェアの相手は“探偵”のシャーロック・ホームズ。ワトソンはホームズが家賃の7割を負担することを条件に、二つ返事で探偵助手となる。その晩、二人で事件現場に向かうが、ホームズが
“化け物”に襲われ致命傷を負ってしまい…!?"
venus-mission	ヴィーナスミッション	3	1	1	action,fantasy,isekai	"元殺し屋で傭兵の鈴木隆、
新たな肉体と魔法の素養を得て、レイとして異世界に転生。
相棒のエルフ・リディーナとともに、
暴走する勇者達を暗殺する旅を続けていた。
旅の途中、ジルトロ共和国の首都マネーベルにて、
不死者(アンデッド)のスタンピードに遭遇する。
そこには、学生服に身を包んだ勇者達も現れ……"
wunderkammer	ヴンダーカンマー	3	1	1	mystery	"誰からも愛される少女が蒐めたのは
悪辣で陰惨な、人間の闇。


舞台は閉鎖的な地方都市の高校「椿ヶ丘学園」。
その旧校舎本館で一年生の女子生徒「渋谷唯香」が惨殺された。

その現場は、16年前に同じ町で起きた猟奇殺人事件と酷似していた。
殺害現場に居合わせたのは被害者と同じサークルの生徒4人と教師1人。

この殺人は、何を伝えているのかーー。"
shichinin-no-anitachi-wa-suekko-imouto-o-aishiteyamanai	七人の兄たちは末っ子妹を愛してやまない	3	1	1	fantasy,isekai,romance	幼馴染との結婚が決まり、椿は人生の幸せ真っ只中。だけど、結婚式に突然怪しい何者かが現れてーー…目が覚めると、異世界の公爵家末っ子・ミリィに転生していた！しかも転生先の家族は、個性豊かな美形のお兄様が六人も!?兄たちからの溺愛を一身に受け、平和な愛されライフかと思いきや、予想外のハードな運命が待ち受けていてーー？ほのぼの&時々サスペンス（！？）な異世界ファンタジー開幕！
fuyumidouke-no-na-ni-kakete	不遊美堂家の名にかけて!	3	1	1	comedy	"「いずれこの世界の頂点に立つ者ですわ!!」
転校初日からご挨拶をぶちかます、
名門・不遊美堂家のご令嬢、星羅様はポジティブモンスターお嬢様!?
家名にかけて、庶民の高校生活に馴染んでみせますわよ〜!!"
otome-assistant-wa-mangaka-ga-chuki	乙女アシスタントは漫画家がちゅき♡	3	1	1	comedy,ecchi,romance	"健全なエロコメです。


新人漫画家・南アリアは、幼馴染のエロ漫画家・西連寺忍のことがだ〜いすき！
そんなアリアはひょんなことから忍のアシスタントを務めることに♪

アリアは忍のためにご奉仕するが、身も心もむき出しの恋心は暴走気味で…。
さらにはブラコンの妹・西連寺愛莉や、妄想女子の担当編集・東雲雪乃も加わり、エッチな日々が止まらない。。。
恋する乙女たちの、ハッピーなお仕事ラブコメディ♪"
ore-dake-tsukaeru-kodai-mahou	俺だけ使える古代魔法	3	1	1	adventure,fantasy	"基礎魔法すら使えないという理由から、勇者パーティーを追放された魔術師のオリオン。
しかし彼は、現代の魔法体系とは異なる魔法を自在に扱える特別な力を持っていた。
ある日、魔物に襲われそうになっていた少女アリスを助けたオリオンだったが、その力を目の当たりにしたアリスに弟子入りを懇願されてしまう。
押しかけ同然に弟子入りしてきたアリスに戸惑いつつも、彼女とともに自身の『力』を探究する新たな生活をスタートさせるのだが──"
ore-no-gakkou-dewa-maishuu-desu-game-ga-okonawarete-iru	俺の学校では毎週デスゲームが行なわれている	3	1	1	action,drama	"残酷無慈悲なアイドル（死神）、降臨!!
クラスメイトの女子から「DEAD-FALL」というゲームを勧められた真田奏多！　さっそくアプリをインストールするがゲームは始まらない…。そんなある晩、自宅で寝入った彼は、気づいたら校舎の廊下に立っていた！
息つく間もなく奏多は、同じ学校の女子生徒から弓矢で襲われ、強制的に命がけのサバイバルゲームに参加することにーーー。
殺らねば殺られる!!　凄絶・学園サバイバル、ゲームスタート!!!
「さあ殺り合いましょ♪」"
moto-kanotachi-to-yari-naoshi	元カノたちとヤReなおし!?	3	1	1	ecchi,romance	"萩乃内湊斗は老舗菓子メーカー「萩乃内」の御曹司。
入社3年目に後継者教育を受けるために本社に異動することになり、会社のパーティーにて父親から次期社長として紹介され、社長夫人に立候補したい女性はどんどんアタックしていいと許可されてしまう。
ただですら元カノが多い社内で元カノからの猛アタックを受けることに。
幼なじみの小春やモデルの結愛も加わり!?
モテモテハーレムコミック！"
koujo-denka-no-sanbou-sama	公女殿下の参謀様	3	1	1	drama,fantasy	"ロイカンネン将軍を仲間に加え、カジノの闇を暴いたアルカンとリューディア。_x000D_
それにより国民の支持を一気に獲得した彼らの元に、従属派の内務大臣ヘンリク・ラウディオより面会を求める手紙が届いた。_x000D_
現在エルヴィの味方をしているものの、彼自身は非常に高い政治手腕を誇る上、国内屈指の名家の当主であるため、味方につけられれば今後の争いで非常に有利に働くこととなる。_x000D_
そこで周囲の心配をよそにアルカンは一人でラウディオ家の屋敷へと向かったが、対面したヘンリクはなぜか「策」の内容を知っていたーー。_x000D_
国に捨てられた少年と、一人ぼっちの少女の復讐劇、怒涛の展開の第2巻!!_x000D_"
shusseki-bangou-0-ban	出席番号0番	3	1	1	action,mystery,supernatural	"セカイ揺るがす青春オカルトバトル開幕！ 

 オカルト好きの中学二年生・佐渡イオは
""教室には居るが絶対に気づかれない""怪奇現象・出席番号0番と出会う。

0番との束の間の楽しい学園生活と
異界への漂流というオカルト体験をしたイオ。

そんな経験を通して彼女は0番に対して「ある感情」を抱きーー…？

教室で出会った二人が、セカイを揺るがすーー青春オカルトバトル開幕！！
 

 【編集担当からのおすすめ情報】 
 1話掲載直後から各所で話題沸騰！
サンデーうぇぶりにて1週間で5万拍手獲得！
福岡出身の新鋭作家が贈る意欲作、ぜひお楽しみください。"
yuusha-ni-uragirareta-tensei-chiyushi-ga-maou-no-chouki-ni-naru-made	勇者に裏切られた転生治癒士が魔王の寵姫になるまで	3	1	1	fantasy,isekai,romance	"お前は私に捧げられた花嫁だ

転生し孤児として異世界で育ったアリシアは、幼馴染のクリスと婚約をしていた。
しかし勇者になったクリスが聖女イレーネ姫に一目ぼれ。姫の誘惑に負け、アリシアを刺してしまう。
失意のアリシアを助けたのは敵だったはずの魔王でー…。"
yuusha-aruku-wa-hitodenashi	勇者アルクはひとでなし	3	1	1	comedy,fantasy,isekai,romance	"クズ勇者、そして父になる……！？ 

 人間と魔族が永きにわたり敵対しあう世界。
魔族の国にスパイとして潜り込んだ勇者・アルクは、任務をサボって飲み歩いていた。
翌朝目が覚めると、そこは見知らぬアパートの一室。
そして隣には親しげな見知らぬ女が…。
聞けば敵国で出会った行きずりの恋の相手は魔王の娘だと！？
しかも「できちゃった」とか言ってる…！？
突きつけられた受胎告知、男としての責任、勇者の使命、俺の未来……。
あーもうぜーんぶ見て見ぬフリしてただただ逃げたい、超無責任英雄譚！
 

 【編集担当からのおすすめ情報】 
 漫画アプリ「マンガワン」で実施された賞レース・投稿トーナメントの優勝作！
ある日人生が一変する一人の青年の成長譚は、ギャグなのにグッとくる、クズなのに応援したくなる、本作がデビューとなる作者の奇才ぶりが十二分に詰まった異色作です！
本作がデビューとなる作者・きんはでの奇才ぶり、刮目して見よ！"
sennenkimatsu-ni-hoeru-koi	千年紀末に吠える恋	3	1	1	bl,romance	"宮中×幼馴染×再会時代を駆ける中華風BL、開幕。
時は戦乱の世。兄弟のように、はたまた番の鳥のように仲が良い天陽と雨流は、とある国の精鋭部隊に属していた。二人は共に暮らし、共に戦い、絆と愛を深めたが…別れは唐突に訪れる。雨流は敵地にて、最期に約束と口づけを残して絶命してしまった。そして二年後、天陽は雨流との約束を支えに生き続け、敵将・欠月に奇襲を仕掛ける。しかし、振り返った欠月の顔は懐かしく愛おしい雨流そのものだった。たとえ記憶が薄れたとしても、身体は忘れない。「この男からどうしようもなく雨流の匂いがする」--失くした愛の行方を追う中華風ヒストリカルBL、開幕。"
minami-san-wa-azatoi-iko	南さんはあざといい子	3	1	1	comedy	"突然休職し、姿を消した南朝子・自称ミナ。
南さんを探しに大阪を訪れた清川さんたちは、南さんの幼馴染・北野さんと出会う。

「あいつは友達もいない根暗」
「《あざといい子》を演じているだけ」
私たちが知っている南さんは、全部嘘だったの!?
予想外の過去と本心が明かされるーー。

「女の敵は女じゃない！」犬山紙子氏推薦。
女たちで手をとりあうハートフルオフィスコメディ、最終巻！
【単行本限定 描き下ろし漫画収録】"
chikyuu-wa-kozumi-no-mono-nanode	地球はコズミのものなので!	3	1	1	comedy,slice-of-life	侵略オススメランキング第1位の惑星『地球』。ついに侵略が解禁されたこの惑星へ、新米宇宙プリンセスのコズミが1番乗り！さっそく隕石を落として環境を“リセット”しようとするも、現地民・ヨウタに説得されて平和的侵略を目指すことに。続々とやってくる宇宙人たちとの戦いや、彼らに負けない個性を持つ地球人たちとの交流を描く、コズミック日常コメディー！
kabeyaku-nado-fuyou-to-tsuihousareta-sareta-s-kyuu-boukensha-dorei-kaihou-skill-o-kushi-shite	壁役など不要と追放されたS級冒険者、《奴隷解放》スキルを駆使して史上最強の国造り	3	1	1	action,adventure,fantasy,romance	"『あなたが私の御主人様ですか…？』
召喚した美少女奴隷と開拓ハーレムライフ!!

突然冒険者パーティーから追放された聖騎士・アレックス。
少しのんびりしたいと辺境の開拓依頼を受けるが、
突如襲撃してきた魔族を返り討ちにして得たスキル、
≪奴隷解放≫によって美少女エルフが呼び出されて…!?
召喚した美少女奴隷たちと荒野が広がる危険地帯・魔族領を開拓!?

異世界奴隷ハーレムスローライフ第1巻!!"
urareta-joou-nanoni-shinkon-seikatsu-ga-shiawase-desu	売られた王女なのに新婚生活が幸せです	3	1	1	fantasy,romance	兄である王太子の命令でノシュタット子爵家に嫁いだ王女マデレーネ。子爵家で働く人々、北部領で暮らす貴族たちはその優しさに触れ、次第に彼女を受け入れていく。それでも夫婦であるアランとマデレーネの距離はなかなか縮まらないでいた。そんなある日、マデレーネはとある夢で目を覚ますーーそれは幼いマデレーネとアランが一緒に遊ぶ夢だった。あまりにも現実味のあるその夢に、彼女はある疑問を胸に宿す。「もしかして、私たちは以前会ったことがあるのでは……？」虐げられた王女が、温かな愛に包まれるシンデレラストーリー！
hazure-skill-mezamashi-de-tondemo-ryouchi-keiei	外れスキル〈目覚まし〉でとんでも領地経営	3	1	1	fantasy	"【外れスキルが覚醒し、スローライフを満喫しながら最強領地に!?】
領主として将来を期待されながらも、【目覚まし】という眠気を覚ますだけの外れスキルを授かり、辺境の領地に追放されてしまったカイト。
着任した翌朝、気持ちを切り替えようと試しに【目覚まし】を発動してみると、実は眠っていた神を起こすことができる規格外のスキルだと判明して!?
「マジかよ！　カイト様！　あんた、大天使シエラ様を復活させたのか!?」
封印から目覚めた大天使シエラや個性あふれる愉快な領民たちが仲間となって一緒に枯れた大地を改革していくーー！
「小説家になろう」発！ 仲間と一緒にスローライフを謳歌する領地経営ファンタジー！ 巻末に原作者書き下ろし短編小説を2本収録。
※「小説家になろう」は株式会社ヒナプロジェクトの登録商標です。"
yoru-no-lemon-ni-request	夜の檸檬にリクエスト	3	1	1	drama,romance	"母親のせいで引きこもりになってしまった女子大生の太田桃音だったが、
地元のコミュニティFMラジオ局の局長を務める叔父のおかげで（〜経緯割愛〜）パーソナリティとしてデビュー！

箱入り娘すぎてインターネットの海で泳いでばかりいたら
ネットやアニメの話に詳しくなってしまった謎のパーソナリティ
薔薇園檸檬（ばらぞの・れもん）が送る深夜の1時間番組「夜の檸檬にリクエスト」。

……と、表向きは最強だけど、実は対人恐怖症で引きこもりの女子大生・太田桃音がしどろもどろ、あたふたあたふたと送るど素人番組。
苦言系リスナーいわく「雑談配信のようなもの」…とほほ。

そんな桃音も、先輩パーソナリティのリョータやカナカナの圧に鍛えられ、
苦言系リスナーの道化師Pの毒牙に半分貫かれ、
熱烈初恋男子高校生リスナーのねこ最強さんに支えられ、
パリピだらけの海フェスの中継担当を任され、
パーソナリティとして目覚ましく成長し大きくなっていく。

いつしか、多くの人とも話せるようになっていてーー。

そんな絶好調なある日、
桃音を引きこもらせた張本人の大罪人ーーその名も毒母親がふたたび現れて！？

コミュニティFMラジオ業界のツライところも楽しいところも、光も影も、出会いも別れも描いた「夜の檸檬にリクエスト」、ここに完結！"
yumegahara-san-wa-yumemigachi	夢ヶ原さんは夢見がち!	3	1	1	comedy,romance	「えっちはひとつの真理なんです…！！」風紀委員の朝切くんはある日、学校の図書室でエロ漫画を描く同級生・夢ヶ原さんを発見。男性が苦手な夢ヶ原さんは男性に慣れるため自分を主人公にしたエロ漫画でトレーニングしているという。破廉恥すぎる彼女を更生させるため、自ら練習台を買って出た朝切くんだけれど、夢ヶ原さんの妄想はノンストップ。「責任、とってくださいね？」と逆に迫られてしまい…！？妄想大好きふしだら女子高生と清く正しい風紀委員男子のハイテンション学園ラブコメディ！
ookiku-nattara-onnanoko	大きくなったら女の子	3	1	1	drama,romance	"「あなたたちは誰でも女の子になる可能性があります。」

この世界で、人類は最初はみな男として生まれる。そのうち身体が大きく育った人だけが次第に女性化！
たくさんのかわいい男の子と恋愛したり、「女らしい頼りがい」を発揮することを、当然のように期待されることになる。
これは、そんな世界で、思い通りにならない「身体」とか「モテ」とか「友情」とかに振り回されながら、なんとか自分らしくサバイブする女の子たちの物語。"
otto-no-yuigon-ga-doujinshi-kake-datta-mono-de	夫の遺言が「同人誌描け」だったもので	3	1	1	comedy,slice-of-life	"創作を愛するすべての人に送る、
オタクコメディ！

一家の愛されお母さん弥子は、
夫の遺言「同人誌描け」をきっかけに、
同人活動を再開！

オリジナル作品も描き始め、
みんなの応援を受けて、
続編も描くことを決めた。

そして弥子の作品を読んだ香は、
「埼ライ」の同人誌を描くことを決意し奮闘！
弥子さんちの次男坊・源も、
不登校エッセイマンガで同人イベントに臨む。

「誰にどう思われても
　私は描くよ」

弥子の同人活動をきっかけに
ひろがる漫画の輪！

家族みんなで頑張る、ドタバタコメディ、完結！"
dorei-o-choukyou-shite-harem-tsukuru	奴隷を調教してハーレム作る	3	1	1	comedy,fantasy	"ククク……&quot;奴隷&quot;どもを&quot;かわいがって&quot;やる……たっぷりとな
少女奴隷を3人買った。主人である俺好みの女に仕立て上げるべく、まずは風呂に入れ、それから旨い飯をたらふく食わせ、そして清潔な寝床を用意した。繰り返すが、飽くまで俺好みの女に仕立て上げるためにーーだ。"
youbyou-tsuzumi-sama-no-yorozumeguri	妖猫つづみさまのよろずめぐり	3	1	1	comedy	人間のマコと最強でポンコツな猫妖怪のつづみ、ちょっと感動！？なドタバタ日常コメディ完結巻！
ane-ni-konyakusha-o-netorareta-node-wakeari-reisoku-to-kekkon-shite-henkyou-eto-mukaimasu	姉に婚約者を寝取られたので訳あり令息と結婚して辺境へと向かいます	3	1	1	romance	"真面目系健気令嬢、「元婚約者」と「元婚約者を寝取った実姉」と対峙……！？
子爵家の次女・ウェンディは、婚約者・フレデリックとの幸せな未来を夢見ていた。しかし、ある日突然、実姉のジャネットとフレデリックの浮気現場を目撃してしまい……！？泣き寝入りするような形で嫁いだ辺境の地で待っていたのは、もっさり髪の気弱な陰キャ次期辺境伯・ゼルナ。突然田舎で始まったセカンドライフは前途多難だけれど、段々と2人心を通わせるうちに、ウェンディは本当の愛を知る。王都で開かれる「建国記念パーティー」に参加するため、辺境の地を出たウェンディたちは、「元婚約者」と「元婚約者を寝取った実姉」と遭遇し……！？
傷ついた2人の結婚から始まる、むずキュン溺愛ストーリー！"
konyaku-haki-sareta-karen-reijou-wa-teikoku-no-koushaku-kishi-sama-ni-dekiai-dekiaisareru	婚約破棄された可憐令嬢は、帝国の公爵騎士様に溺愛される	3	1	1	fantasy,romance	"幼馴染のペルティエ王国の王太子・アドリアンから突然に婚約破棄を告げられたリリアーヌは、追放された先の辺境の別荘で、ユルティス帝国の第二皇子・フェルナンと運命的な出会いを果たす。実の両親の不幸、義父と義母からの冷遇、高い光魔法のスキルが正当に評価されない現状、そして婚約破棄の背景にある実の妹・アメリーによるアドリアンの略奪…リリアーヌの悲惨な境遇を知ったフェルナンは、「すぐ迎えにくる」との言葉を残してその場を去った。そして2人はペルティエ王国主催のユルティス帝国第二皇子歓迎パーティで再会する。その場でフェルナンは、関係者全員の前で婚約を申し込んで!?
「小説家になろう」発、婚約破棄から始まる人生逆転シンデレラストーリー・待望の第1巻！"
houketsu-no-ronny	宝血のロニー	3	1	1	drama,fantasy	"毒に侵されたラルドの弟妹たちを宝血の力で救ったロニー!! 諸悪の根源である凶悪な吸血鬼・キリルはアンビシアに執心していて…!?
さらに、安住の地を求めてラルドの紹介で「幻想」の最上位吸血鬼・ニカが治める村を目指すロニー一同。
その村に隠れてさえいれば、キリルからの襲撃を恐れることはなくなるはずだが…。
運命が絡み合うヴァンパイア・パニック巨編!!　怒涛の第3巻が登場!!"
shounen-maou-to-yoru-no-maou	少年魔王と夜の魔王	3	1	1	ecchi,fantasy,romance	"魔界と人間界の境目にある大帝国アルセンドラ。
第一皇女ユスティーナは24歳になるがいまだ結婚せず、
剣術の稽古に明け暮れる日々を送っていた。
ある日、魔界から7歳となる魔王の妃としてアルセンドラから皇女を迎えたいと書状が届く。
8歳の第二皇女あての求婚かと思われたが、
好奇心旺盛なユスティーナは妹の代わりに妃となるべく魔界へ。
魔王ハルヴァリは可愛く愛らしい少年で、
子を成すことはできなくても仲良く暮らしていけそうだと安堵するユスティーナ。
しかし初夜、隣で眠っていたはずのハルヴァリがいつの間にか姿を消し、
代わりに見知らぬ男が!?男はレヴィオと名乗り、ユスティーナの体を優しく、激しく愛撫する。
夫以外に体を許してはならないと思いながらも、快楽には抗えなくて…


【収録作品】
少年魔王と夜の魔王　嫁き遅れ皇女は二人の夫を全力で愛す1〜5（前）
描き下ろし"
heimin-shusshin-no-teikoku-shoukan-munou-na-kizoku-joukan-o-juurin-shite-nariagaru	平民出身の帝国将官、無能な貴族上官を蹂躙して成り上がる	3	1	1	action,adventure,fantasy,supernatural	"平民出身のため最前線に配置された新人将官ヘーゼンは、早速、腐敗した部隊を実力と恐怖でまとめ上げ、敵対する部族との協定を結ぶ成果をあげる。
それは、彼がさらに大きな武功を上げるための布石であり、膠着状態であった敵国・ディオルド公国との戦争へと発展させる！
だが、ディオルド公国には雷属性の魔法を使う正真正銘の強者、将軍ギザールがおり…!?"
toshishita-ouji-ni-kyuuai-sarete-konwaku-shitemasu	年下王子に求愛されて困惑してます	3	1	1	romance	美晴のもとに突然現れた金髪の王子様。彼は幼なじみの樹だった。ハンサムで紳士な男性に成長した彼に結婚を申し込まれてーー。
kouun-ouji-to-fuun-reijou-ga-sousai-kekkon-shitara-dekiai-ga-hajimarimashita	幸運王子と不運令嬢が相殺結婚したら溺愛が始まりました	3	1	1	romance	「君が必要なんだ。俺と結婚してくれるね？」不幸を招く“不運令嬢”として家族からも疎まれている伯爵令嬢・エステル。全てを諦めてひっそりと生きていたエステルに突然プロポーズしたのは、皆に愛される“幸運王子”のルイスだった。突然の求婚に戸惑うエステルに「国のため、1年間だけ俺の妃を演じてほしい」と告げるルイス。これは、1年後には離縁するーー期間限定の契約婚。その約束で始まった結婚生活のはずが…王子が甘すぎて!? 幸運王子×不運令嬢のワケアリ婚から始まる焦れキュンラブ♪
teihen-otsu-san-cheat-kakusei-de-isekai-rakuraku-life	底辺おっさん、チート覚醒で異世界楽々ライフ	3	1	1	adventure,fantasy,isekai	"異世界で【ゲーム】を遊んで強くなる？ おっさん成り上がり冒険譚！

【ゲーム】のスキルに気づいた
底辺冒険者のアキオーンは、
能力を駆使して冒険者の夢を再度志す。

さらに王女ファウマーリからもらった
黄金サクランボを食べたことで、
未知のスキル「夜魔デイウォーカー」が発動し…？

どん底から大逆転するおっさんの異世界チート逆転劇!!"
kokoro-o-tozashita-koushaku-kakka-to-konyaku-shita-hazu-nanoni-naze-taisetsu-ni-sarete-shimattemasu	心を閉ざした公爵閣下と婚約したはずなのに、なぜか大切にされてしまってます!	3	1	1	fantasy,romance	ジョエルとの距離が縮まり喜ぶアリーチェ。そんな折、ジョエルが感情の封印を急ぐ話を聞いてしまいーー？
koi-wa-nintai	恋は忍耐	3	1	1	comedy,romance	"少子化時代の全人類、刮目!!
愚かな男の人格矯正ラブコメディ!!
東京の北の端。都内屈指の男子校、英凛高校が共学化した。記念すべき初年度の女子入学数は“5名”だけ…。女子や恋愛をワカった気でいる男子たちの掃き溜めに突如現れた女子入学者・一渡瀬七日。彼女にくぎ付けの男子たちは、あの手この手でお近づきになろうとするが…。
「失礼じゃないですか？」"
love-survival-riaritei-show-ni-kita-hazu-ga-real-survival-desu-game-o-ikinuku-koto-ni-narimashita	恋愛サバイバルリアリティショーに来たはずが、リアルサバイバルデスゲームを生き抜くことになりました	3	1	1	romance	常夏の無人島「ラブパラダイス」で真実の愛を育むために男女16人が1カ月間共同生活する、恋愛サバイバルリアリティショー『トゥルー・ラブ』。恋愛ゲームイベントをこなしながら男女の親密な関係を築いていき、最後に勝ち残ったカップルには5億円の賞金が与えられる！　だがその間、キスの他、性的な行為は自慰も含めてすべてNG！　宿泊施設はもちろん、島中に監視カメラが仕掛けられ、NG行為が発覚すればどんどん優勝賞金が減額されていくルールだ。陰キャのイラストレーター富永太陽はある事情でこの企画に参加したが、他の参加者もそれぞれの事情を抱えたクセ者ばかり。互いの思惑が絡み合う中、外界から隔絶された孤島で不測の事態が起き、「ラブパラダイス」はいつしか生き残りをかけたデスゲームの舞台に変わっていくーー。
haruka-to-haru	悠と晴	3	1	1	bl,drama	"「俺じゃ幸せにできない……」

朱崎晴（あかさきはる）と城江悠斗（しろえゆうと）は大学入学をきっかけに恋人として同棲生活を始めた。
お互いのことを知り尽くし、愛し合う、甘美な日々。
ふたりは幸せに過ごしていた。
しかし、大学卒業を間近に控えたある日、それぞれの実家に帰省したことで、晴の心に揺らぎが生まれて……。

愛しているから怖い。怖いのに離れられない。
歪んだ愛の、執着BL。

「絶対、一番愛してやれる」"
akuyaku-reijou-no-torimaki-ee-desu-outaishi-denka-ni-semararete-imasu	悪役令嬢の取り巻きAですが、王太子殿下に迫られています。	3	1	1	ecchi,fantasy,isekai,romance	"18禁乙女ゲームのモブキャラに転生したと思ったら
まさか自分が正ヒロインだった！
主人公補正を受けたエマは他キャラとのフラグも立ちまくり、
友人たちの不興を買ってしまう予想外のトラブルに見舞われて…。

それでも王太子カイルとのエロでベタなイベントを
密かに満喫しながら迎えたエンディング当日。

カイルの誕生日を祝う華々しいパーティーで、
彼の求婚を受けて見事ハッピーエンド…のはずが、
前世でのゲームにはなかった大トラブルが発生しーー!?

王太子攻略ルートは、そう簡単にはいきませんっ!?"
akuyaku-reijou-no-kyouji	悪役令嬢の矜持	3	1	1	fantasy,romance	"私は今から破滅するようです。--私の策略通りに。
義姉のため自ら断罪されることを選んだ伯爵令嬢ウェルミィ。しかしその目論見は侯爵であるエイデスに看破され、さらに彼の妻として侯爵家に迎え入れられることになる。望んでいた破滅とは違い、侯爵家での幸せな生活に困惑するウェルミィ。そんな彼女の行く末はーー。策略通りだったはずの断罪劇。その前後を描く第2巻。"
yoku-no-tatemae	慾のたてまえ	3	0	1	drama,romance	"浮気相手からの誘いを断った矢先、突如送られてきた、 
陽性の検査薬の写真と「産みたいです」のメッセージに動揺が止まらない航輝。 

一方、彼氏がいるのにセフレと付き合うことになった穂香は、 
愛情と快感の二つを手に入れたかと思いきや、 
何やら彼の行動には不穏な雰囲気が漂い…？ 

裸を見せ合っても、簡単に心の内は見せない大人たちの、 
打算的な関係はさらに加速していき…⁉"
natsukashiku-omou-kimi-wa-dare	懐かしく思う君は誰	3	1	1	drama,horror,mind-game,mystery	"10年ぶりに再会した幼馴染が人を殺した。目の前で起きた惨劇に恐怖を覚えると同時に、過去にもオトちゃんが人を殺していたことを思い出すはじめ。恐怖が脳裏にこびり付き、「アオイ約束」の真相もつかめずに焦りだけが募っていく中、突如オトちゃんから新たな連絡が…！！

‘‘もう一人のオトちゃん‘‘音生楓の正体が明らかになり、約束の場所のヒントを得たはじめ達。しかし、当日になっても場所は分からず焦りが募っていく中、凪崎はオトちゃんを殺すために一人で約束の場所へと向かう…。そして、ついに判明する「アオイ約束」の真実。あまりにも残酷で、受け入れがたい現実に直面したはじめの決意はーー。初恋の女の子との思い出を巡るノスタルジック・サスペンス、完結!!"
sengoku-kaijuuki-raigora	戦国怪獣記ライゴラ	3	1	1	action,drama,fantasy	"巨獣に村の人々を殺された十郎太は復讐を誓い、ある村に逗留していた。
熱田の街の賭場を訪れた彼が出会いし男は…織田信長！
容易く人を斬り捨てた信長は十郎太に「雷強羅」の存在を問いかける──。
そして、時代は巨大な異物を抱えたまま、ターニングポイントを迎えようとしていた。
誰も見たことのない「桶狭間の戦い」が始まる……！"
oshi-no-tame-nara-nandemo-shimasu	推しの為ならなんでもします!	3	1	1	comedy,romance	桜田千奈は推しで上司の染谷将高のため、毎日全力で仕事中。染谷が推しであることを隠していた千奈だが、徐々に距離が縮まり気持ちが高まる中、意図せず本人にカミングアウトする事態に！？　推し×ヲタク女子のワーキングコメディ、完結巻！
tabi-wa-aii-mono-amai-mono	旅は愛いもの甘いもの	3	1	1	comedy,romance	"【単行本描きおろしおまけ4コマ2P収録！】

「一緒に旅してくれませんか？」

30歳の誕生日を目前に、付き合っていた(はずの)先輩にフラれてしまった派遣OL、月見里涼音。
ヤケクソで傷心旅行に発った涼音は、訪れた高千穂峡で、謎めいた青年・天埜悠臣に出会う。
実は悠臣はスランプ中の小説家で、なぜか目をつけられた涼音は、彼と一緒に旅をすることになってーー!?

「オオカミ王子の言うとおり」「恋しちゃいけない花風くん」など大人気少女漫画の原作者・ももしろと、
講談社、スターツ出版等で活躍中の人気漫画家・三月トモコがタッグを組み贈る、旅ラブコメ第1巻。"
nippon-no-tsuki-wa-maruku-mieru	日本の月はまるく見える	3	1	1	drama	母国・中国では規制のため、自由にBL漫画が描けず悶々としていた、漫画家の卵・夢言。日本の雑誌で好きなBLを思う存分描きたい！　そんな思いを胸に秘めつつ、なんとか日本の漫画編集者に担当してもらい、読み切り掲載までは叶ったが、「連載」の壁は高く、BL誌の編集長も「中国の漫画家さんを担当するのは難しい」と難色を示す。早速苦境に立たされた夢言を支えようとするのは、中学生時代に夢言の描いたBL 漫画を真っ向から否定した同級生の致遠だった…。中国と日本、文化も慣習も違う2つの国を行き来しながら、自分の夢を叶えようと奮闘する中国人女性の葛藤と冒険を描く第2巻！　2023年春に「モーニング」に読み切り版が掲載され話題となり、「モーニング・ツー」で連載化となった作品です。
asahino-kun-wa-sasoware-jouzu	旭野くんは誘われ上手	3	1	1	drama	"名古屋の商店街で、祖父と一緒に酒屋を営む旭野楽（あさひの・がく）--彼はどんな時でも、誰の誘いも断らず、いつも相手と楽しい食事時間を作り出す。でも、彼の屈託のない笑顔の裏には、誰もわかってくれない＜家族の秘密＞があった……
母の突然の死をきっかけに、ココロに深い傷を負っていた楽。祖父との生活で、その傷も癒えていたかに思えたが、ある出来事により再燃してしまう。そして、彼を温かく見守っていた友人や知人にもそれぞれに変化が伝播していく……親友の就職、仲良くなった小さな友達の家族問題。ゆっくりと流れていた生活の歯車が少しずつ狂いだし、ついに奥底に隠していた怒りが爆発。だが、その歪みを直すことができるのは、問題を抱えていた家族ではなく──心を揺さぶる完結編。"
shigure-senpai-no-unmei-no-hito	時雨先輩の運命の人	3	1	1	romance	"大人気！変わり者の先輩との切ない青春ラブ 

 才色兼備な姉と比べて平凡な自分に自信が持てない苗は、
高校で出会った意地悪だけど優しい時雨先輩に恋をする。

先輩の初恋が姉・芹だとしても頑張ると決めた苗だったけど
簡単にはいかなくて…。

そんな中、クラスメイトの広海に告白され、遊園地デートへ！
広海の気持ちに苗が揺れる一方で、
先輩は初恋の思い出と、今の苗への気持ちを見つめて・・・？

甘さの奥に痛みがのぞく青春ラブ第3巻！！ 

 【編集担当からのおすすめ情報】 
 電子書店で人気急上昇！！意地悪でミステリアスな先輩との切なくて甘いラブストーリー、待望の第3巻！
今巻は苗と時雨先輩、二人の関係に大きな変化が！
クラスメイトの広海からの告白から始まる怒濤の展開にドキドキすること間違いなしです！"
saioshi-no-gikei-o-mederu-tame-nagaiki-shimasu	最推しの義兄を愛でるため、長生きします!	3	1	1	fantasy,romance	貧乏貴族の息子に転生したアルバ。病のせいで魔法も使えず短命な運命を背負った彼は、公爵家に引き取られることに。そこで出会ったのは、前世で「最推し」だったオルシス。「前世の最推しが、義兄!?　そんな人生美味しすぎる！」と思ったのも束の間、愛する義兄の笑顔が失われる原因が自分にあることを思い出したアルバは、オルシスの笑顔を失わないため、そして彼を愛で続けるために長生きする方法を模索し始める。オルシスにはツンだった義父をお説教したり、自分の病を治す薬草探しをしたり、自己評価の低い兄を褒めまくったり……そんな風に兄様大好きなアルバが必死になって駆け回っていると、なんとオルシスがどんどん弟馬鹿に進化していってーー!?
kogure-kyoudai-no-tomurai-kissa	木暮姉弟のとむらい喫茶	3	1	1	slice-of-life	大切な誰かを喪った人が行き着く、ちょっと不思議な喫茶店「こかげ」。社交的なキッチン担当・千景と、人見知りな接客担当・テル。正反対な姉弟が営むこの店に、今日も喪失感を抱えた人々が訪れるのだった。姉を殺されたテルの元同級生、尊敬する曽祖父の秘密を知った少女、生まれつき「歩けない」男の子。彼らの様々で大きな想いを、千景とテルが「弔いごはん」で晴らしていく。心とかす喫茶店の物語、ここに完結ーー。
tokyo-alternative	東京オルタナティヴ	3	1	1	action,mystery,sci-fi,suspense	1945年、東京に原爆が落ちた。1989年、昭和は終わらなかったーー。歴史は誰かに修正されている!? 警視庁広報課資料室調査係の臨時職員・日和見迷子、元捜査一課・笹山徹、時間失調症の男・浦島正木、時を行き来する少年・トキオたちが、同時存在人間「オルタナティヴ」が引き起こす歴史修正の陰謀に迫るーー！！
toudai-no-sanshimai	東大の三姉妹	3	1	1	drama,slice-of-life	"忘れられない、父への思いはーー 

 外資金融勤めの長女・世利子、ドラマプロデューサーの次女・比成子、現役東大生で研究に夢中な三女・実地子、そして東大不合格、私大に通う末っ子長男・一理ーー
上の三人は全員東大に進学した「東大女子」な、坂咲家の4きょうだい。

終活のためマレーシアから急遽帰国した母に、比成子が世利子の交際相手・岸里を「最後の機会かも」と突如引き合わせる。驚き憤慨する世利子だが、怒りを抑えて岸里の気持ちを尊重し・・・
複雑な胸中で母を見送り、4人での穏やかな暮らしが再開する。一方、世利子の父への憧憬を感じ取っていた岸里は、実は母から父の連絡先を託されており・・・！？ 

 【編集担当からのおすすめ情報】 
 この作品は、高学歴女子のままならない人生の物語です。
努力して得た物の先でどう生きていくのか、何が自分の幸せなのか。
愛すべき登場人物たちそれぞれの選択を、どうか見守っていただけたらと思います。"
kabushiki-buta-yarou-isekai-de-tsue-ni-naru	株式豚野郎、異世界で杖になる。	3	1	1	isekai	"最低限知っておきたい株の知識を異世界で！ 

 引きこもりの株の天才が異世界に転生。だが、彼女の転生後の姿は杖になっていた。自分さえ儲かればいい人間から、人々を支える杖へ！？異世界で教える、誰もが知るべき、株のテクニックとは・・・ 

 【編集担当からのおすすめ情報】 
 「（株だけが原因ではありませんが）自己破産を申請した反省を活かし、楽しみながら株の知識が学べる漫画を描いてみました」（著者談）とのことで、これから株を始めようという人には是非、読んでおいていただきたい内容です。"
gokujou-elite-to-omiai-shitara-hageshii-dokusenyoku-de-metoraremashita	極上エリートとお見合いしたら、激しい独占欲で娶られました	3	1	1	romance	営業部への突然の異動を命じられた元・受付嬢の穂乃香は、お見合いで偶然出会った直属の上司・桐生と婚約中。穂乃香に想いを寄せる元カレ・柘植の存在を乗り越え、2人の絆はますます強固なものに。結婚に向けて具体的な話が進むなか、海外で働いていた穂乃香の兄・雅人が緊急帰国！　重度のシスコンである雅人は妹可愛さのあまり2人の関係を認めないと宣言して…　胸の高鳴りは最高潮、究極のマリッジラブストーリー完結巻！
gokujou-pairotto-ga-aisai-ni-go-goshomou-desu	極上パイロットが愛妻にご所望です	3	1	1	romance	"誰もが憧れるエリートパイロットの朝陽と
付き合うことになった平凡OLの砂羽。
すると、嫉妬した同僚や朝陽に想いを寄せる令嬢・ハンナから
様々な嫌がらせを受けてしまい…!?
さらに、砂羽の身辺を嗅ぎ回る怪しげな男が…。
それでも、朝陽の揺るぎない愛情に支えられ、
二人は想いを深めていく…。
多くの困難と試練を乗り越え、愛し合う二人は最高の幸せを手に入れて…--。

エリートパイロットとの
シンデレラ・ラブストーリー"
bushi-ni-kyuukon-sareta-koushaku-reijou-desu	武士に求婚された公爵令嬢ですが	3	1	1	romance	"悪魔の瞳と嫌われた令嬢、求婚で幸せに。
紫の瞳を持つプリムローズは、「悪魔の瞳」とさげすまれて生きてきた。世間体から家を出ることが許されなかったが、留学生という名の人質として、野蛮で残虐なサクラノ国へ行くことになる。ところが出会った旭という武士に求婚されて…!?嫌われ者の令嬢が、異国の地で育む求婚からの恋物語、開幕です。"
shinikake-akuyaku-reijou-no-shissou	死にかけ悪役令嬢の失踪	3	1	1	fantasy,romance	"…もっと、甘えてください 

 悪役令嬢としてのバッドエンドシナリオ回避のため、慎ましく平穏な生活に生きようと努力していたシレーナだったが、義母の手違いによって、魔物に襲われ命の危機に陥ってしまう。初恋の家庭教師・フォードにより治療され一命を取り留めたように思えたが…！？
「もっと、甘えてください」
初恋の家庭教師からの甘々看護&監禁生活が始まる！？

クールな家庭教師×元・悪役令嬢！
海を巡る異世界ラブロマンス、第2巻！！ 

 【編集担当からのおすすめ情報】 
 クールな家庭教師×元・悪役令嬢の甘々な関係にキュンキュン必至の異世界恋愛ファンタジー第2巻！
今回は1巻よりさらにさらに！クールな家庭教師フォード先生がぐいぐい甘やかしまくってきます…！！
二人の関係性の変化にも注目ください！"
shinde-hanami-ga-saki-hokoru	死んで花実が咲き誇る	3	1	1	drama,horror	桜助は幼い時に家族を亡くし、天涯孤独の身の上。遠い親戚の春原家に引き取られ、陽一、陽鞠の兄妹と本当の家族のように暮らしている。そんなある日、陽一、陽鞠と出かけた神社の夏祭りで謎の青年・曼珠が死者から作り出した怪物「亡者」に襲われ、陽一は命を落とし桜助も「亡者」にされてしまう。「亡者」になってもまだ人間らしい心を残した桜助は、曼珠を倒すことを誓い、戦いの中で力を覚醒させていく。そんな中、曼珠は都市伝説の亡者・「爪子さん」を使い、桜助の通う学園に現れて…。新感覚・復讐のバトル・ホラー、最終決戦の完結巻！！
shinie-sama	死贄様	3	1	1	drama,horror	"謎のループの手掛かりを探すため
「海洋湖のお城」に向かった夏希たち家族3人。
しかし地下室に飼育されていたベニクラゲの影響で
二人の死贄様が生み出されるループに入ってしまう。
必死に逃げる夏希と遥乃に、執拗に襲い掛かる死贄様。
そしてついに遥乃も、湖中に投げ出された末
ベニクラゲに取り込まれてしまう…
地獄のタイムループホラー、衝撃の最終巻!!"
korosaretara-zombie-ni-natta-node-shinka-shimakutte-musou-shiyou-to-omoimasu	殺されたらゾンビになったので、進化しまくって無双しようと思います	3	1	1	adventure,fantasy	"「まさか俺、腐ってるぅぅぅ?!!!???」から始まる
異種族魔物パーティーの痛快成り上がり冒険譚！

ソロ冒険者のアウンは冒険者パーティーに騙され、
瀕死の重傷を負わされる。
「あいつら、許さねぇ……」と恨みながら死の淵をさまようが、
なぜかHP が0になっても意識は失わず、気づけば
「俺、腐りだしてるぅぅぅー!?」

ゾンビ＝魔物となったアウンは、ダンジョンコアを食って
ダンジョンを魔改造する力を手の入れ、
救ったモフモフ妖狐やボンキュッボンのオークなど、
集まってきた魔物達と共に最強を目指す！

ゾンビ×進化＝無双!?
最底辺魔物から最強に駆け上がる
下剋上ダークファンタジー！

「小説家になろう」ランキング1位獲得の
超人気小説、待望のコミカライズ！
第1話　始まりと終わりの名前を冠する男
第2話　ダンジョン発見！
第3話　ダンジョンコア、食ってみた！
第4話　運命の出会い
第5話　約束と決断
第6話　進化と変化"
botsuraku-reijou-nano-2-dai-ni-ouji-ni-kyuukon-sarete-imasu	没落令嬢なのに第2皇子に求婚されています	3	1	1	fantasy,romance	"公爵令嬢・セシルは、全てを失った。
両親も、爵位も、居場所さえも。
行くあてもなく、寒空の下で夜明けを待っていた時。
「僕と結婚してください」--そう言ってセシルに手を差し伸べたのは、第2皇子・ルイスだった。
幼い頃にたった一度、言葉を交わしただけなのに。
「愛している」と告げる彼の眼差しは、あまりに優しくて……？
2024年4月刊"
shinya-0-ji-no-antorume	深夜0時のアントルメ	3	1	1	comedy,romance	"元カレ・よだかくんとの同居生活に、不思議な心地よさを感じ始めた綺優(きゆ)。
相変わらず、誰かの「特別」になる恋愛は怖くても、
優しい距離感で支えてくれるよだかの存在が、綺優を癒していく……。

そんな中、綺優のトラウマの1人である、幼なじみの一誠(いっせい)とまさかの再会！
心を揺さぶられながらも、過去に向き合い、「特別」を恐れない自分になりたいと決意する。

一方よだかは、一誠の登場に警戒モード全開。
慎重に秘められてきた執着愛は、隠し切れない熱を帯びていきーー！？

「俺はいつか、きゅーちゃんの『特別』になりたい」
「もし私が誰かの『特別』になれるなら、君がいい」

全肯定溺愛男子 × 恋愛こじらせOL、
少しずつ近づいていく2人の恋は、ますます切なく、甘やかに。
1 　 第5話
39　 第6話
73　 第7話
105　第7.5話ーー描き下ろし
111　第8話
145　第9話"
muzokusei-mahou-tte-jimi-desu-ka	無属性魔法って地味ですか?	3	1	1	fantasy,isekai	不慮の事故に遭い、異世界貴族の少年・ロイスに転生した元・社畜リーマンの＜俺＞は、地味な無属性魔法しか扱えなかったために辺境領主として最果ての地を治めることに。実は万能だった無属性魔法を駆使して婚約者のシルヴィア、メイドのテスラと充実した辺境開拓ライフを送っていたロイスだが、ある日屋敷の裏で民族衣装に身を包んだ謎の美少女が倒れているのを発見する。どうやら彼女は、前領主の失踪にも関わっていた謎多き霊峰ガンティアの民であるようで…？
kemuriiro-no-mahoroba	煙色のまほろば	3	1	1	slice-of-life	"灰色の世界の住人に贈るヤニカス人生賛歌！ 

 ゆきこは今年70歳。
周囲からの「おばあちゃん」扱いに ちょっと不満げ。

さくらは今年 就活生。失敗続きで自信を喪失。

社会に居場所が見つからない、二人は秘密の喫煙仲間。
もくもくと今日も立ちのぼる灰煙。

でも、人生 灰色のままじゃいられないーー！！

「さくらさん、最高の1本吸ってみたくない？」

人生の「一福」を求めて、ヤニカス二人の冒険が始まります。 

 【編集担当からのおすすめ情報】 
 後藤うどん氏 初連載作！

「人はいつタバコを吸うのでしょうか」--

英気を養いたい時
おめでたいことがあった時
忘れてしまいたいことがある時
どうしようもない寂しさに包まれた時
気になる人に振り向いてほしい時......

人生の句読点たる「一本」が描かれております。

納言・薄幸氏による推薦コメントはコミックス帯に掲載しておりますので、
そちらも是非ご覧ください。
第1話
第2話
第3話
第4話
第5話
第6話
第7話"
hannin-kun-nani-shitenno	犯人クン、何してんの?	3	1	1	comedy,drama,mystery,romance	"推理小説オタクの赤岩五月と、コミュ力限界突破のギャル・鬼灯アロ。
【女性慣れ】をするために、怪しげなサロンに出入りするようになってしまった赤岩。
何とか正気に戻すため、赤岩の両親の依頼を受けてアロが潜入することに…!?
輝くネイルと閃く推理で謎を解く★ギャル探偵の異色ミステリ！
2024年8月刊"
amaku-hodokeru-seiryaku-kekkon	甘くほどける政略結婚	3	1	1	romance	"幼馴染の御曹司・怜士と政略結婚をした陽菜。
形だけの結婚だと思っていたのに、怜士から「子供の頃からずっと好きだった」と言われて、戸惑いを隠せなくて…？
そんなある日職場から家に帰ると、何やら見覚えのある人影が…。
その正体は陽菜の勤める保育園の保護者・野田だった・・・！
突然「男と住んでいるんですか？」と迫られ、動揺する陽菜だけど、
そこに駆けつけた怜士が助けてくれる。
部屋に戻るなり怜士は強く抱きしめてきて、さらに「俺と恋人ごっこをしてほしい」と
提案してきてーー？
幼馴染との政略結婚は一筋縄ではいかない!?"
seikatsu-majutsushi-tachi-daiseidou-ni-idomu	生活魔術師達、大聖堂に挑む	3	1	1	fantasy	"生活魔術で廃墟と化した大聖堂を再建せよ!?

「小説家になろう」発の大人気ライトノベル『生活魔術師達、ダンジョンに挑む』のコミカライズ最新刊! 

フィールドワークの授業で旧大聖堂に行ったところ、200年前に聖女だった霊に憑依されてしまったブラウニーズ。
聖女の霊の話は瞬く間に広がり、王城に呼び出されることに。すると、ここ最近の地震は旧大聖堂の霊脈の乱れによるもの、ということで、ほぼ廃墟に近い旧大聖堂の再建することになった生活魔術師達。今回も生活魔術で楽々解決なるか……!?
単行本でしか読めない完全描き下ろし短編マンガも収録! デイブ王子が超ラブリーな◯◯姿に!? デイブ王子ファン必見です!"
otoko-ga-horonda-sekai	男が滅んだ世界	3	1	1	fantasy,isekai	"異世界転移した少年は、やがてその世界でただ一人の男となった。


8歳のときに海難事故に巻き込まれ、
異世界に転移してしまった新垣空也。
一見のどかに見えたその異世界は、
しかし滅亡へのカウントダウンが始まった世界だったーー。

男が突然、憐魔と呼ばれるモンスターになってしまう世界だったのだ！
幼い空也を導き育てた師匠も、ついに憐魔となってしまった……。
そんな彼の前に、隣の大陸から一人の少女を乗せた船が漂着しーー!?

世界に残ったただ一人の男が、滅びに瀕した世界を変える！"
dansou-kishi-wa-elite-kishidanchou-kara-hanareraremasen	男装騎士はエリート騎士団長から離れられません!	3	1	1	ecchi,fantasy,romance	"騎士団長のエリオットから離れると
発情する体質になってしまった女性騎士テレサ。
エリオットの研究の末、ついに解呪薬が完成する。
不便な生活が続き、
一刻も早く離れたいと思っていた2人だったが、
どこか残念に思う気持ちもありーー
解呪ができていることの検証も終え、
テレサは数日ぶりに自室に戻ることに。
彼女がいなくなった部屋に喪失感を覚えるエリオット。
一方のテレサはこれまでの発作と違う、
激しい謎の“疼き”に襲われてしまう。
『応急処置』だけでは物足りないカラダに
なってしまったテレサはーー?"
isekai-soopurando-kaguya-gaiden-anzu-quest	異世界ソープランド輝夜外伝あんずクエスト	3	1	1	comedy,ecchi,fantasy	"【異世界ソープファンタジー☆大人気スピンオフ最新刊！！】 
古よりドラゴンが蔓延り、 
「竜を狩る者」の存在が必要不可欠な王国「トムル」。 
その僻地「ローゼンフィールド地区」に店を構えるのは、 
日本が誇るソープランド、その名は「輝夜」！ 
“異世界”と“ソープランド”が繋がったのだ！ 
日夜、名を上げた英雄「ドラゴンハンター」達と 
「泡姫」との戦いが繰り広げられている！ 

そんな「輝夜」の人気泡姫・あんずは、 
禁じられた扉を開いてしまい、異世界へ！ 
突如ドラゴンに襲われるも、 
勇者見習い・クックに救われる。 
民衆の間で“真の勇者達の集いし伝説の楽園”と噂される 
 「輝夜」を目指して・・・二人の大冒険が始まった！！ 
旅の途中で出会った謎の美少女ーーーー
クックの父・ジェイクを知る、彼女の正体とは！？
異世界ソープ・スピンオフ☆超待望の第2集！！！"
isekai-trip-shita-teiieru-shousetsu-aikouka-neya-no-kiroku-gakari-ni-naru	異世界トリップしたTL小説愛好家、閨の記録係になる。	3	1	1	ecchi,fantasy,isekai,romance	"「契約の夫婦じゃなくて、心から結ばれたい」

王妃・ルルアに毒を盛った嫌疑をかけられたウミカは、密かに元いた世界ーー日本へ追放されてしまう。居場所を失い孤独にさまようウミカ。一方、オードシアもウミカのいない寂しさに心が押しつぶされそうになる。宮廷の陰謀に引き裂かれた二人。もう二度と逢うことは叶わないーーそう思われていた。しかし、募る想いが奇跡を起こす！ 再び巡り逢ったウミカとオードシアは、離れていた時間を埋めるように、互いの愛を深く確かめ合って……！？

TL好き女子大生×生真面目宰相の異世界ラブコメ、完結！"
isekai-party-kurasshaazu	異世界パーティークラッシャーズ	3	1	1	comedy,fantasy	ブラック企業にやりがい搾取されて引きこもってしまった元会社員・大介。そんな彼の唯一の楽しみは、異世界の勇者パーティーが仲間割れ、いわゆるパーティークラッシュする様子を撮影した魔王カーナの配信動画だった。熱心な視聴者だった大介は魔王カーナに導かれ、いきなり異世界転生！ ついでに女体化もして、魔王カーナの部下として様々なパーティーに潜入し内部崩壊させることになったのだが…!?
isekai-magic-mirror-gou	異世界マジックミラー号	3	1	1	ecchi,fantasy	性的なものを即座に凍らせる伝説の呪物ア・カウント・バンの暴走による“凍結祭り”から街を救ったマホたち。“祭り”の首謀者であるモジョは改心し、レイナと名を改めマホたちと行動を共にすることに。新たな仲間も加わった一行は“水着ギャルとの夏”を満喫すべくビーチへ向かう。そこに現れたのはギャルではなく見目麗しい人魚の夫婦だった。話を聞くと子作りができないことに悩んでいて…。早速、マジックミラー号のなかで人魚夫婦に“子作りレッスン”開始！SOD公認！異世界を聖なる車で巡るロードムービーファンタジー第3弾！
isekai-maid-ga-yattekita	異世界メイドがやってきた	3	1	1	action,adventure,ecchi,fantasy	異世界から現代世界に戻ってきたタカヒロとレンは、タカヒロのアパートでラブラブ生活に入る・・・はずだった。しかし、久々（と言っても2日ぶり）の現代で待っていたのは、お隣に住む小鳥遊瞳・葵のセクシー母娘だった。レンにまさかのライバル出現で、現代に帰ってきても波乱の予感！？　えちえち異世界ラブコメディー、待望の第2弾！
kamigami-no-kennou-o-ayatsurishi-mono	神々の権能を操りし者	3	1	1	action,fantasy	超常の力を持つ能力者と、能力者の力でしか倒すことのできない異形の怪物が出現してから百余年。柳隼人は能力数値『0』の無能力者として不遇な扱いを受け虐げられてきた。しかし隼人には、怪物を簡単に葬り去ることができる別次元の能力が隠されていて──。
kekkon-zenjitsu-ni-suki-to-itta-kaisuu-ga-mieru-you-ni-natta-no-de-outaishihi-ni-wa-narimasen	結婚前日に「好き」と言った回数が見えるようになったので、王太子妃にはなりません!	3	1	1	fantasy,romance	"ある日突然“人に好意を伝えた回数”が見えるようになってしまったキャロル。
婚約者の王太子・レオンを見ると、彼の「好き」と言った回数は限界値を超えていた!!
けれど、自分は彼から愛の言葉を言われた覚えはない…。
キャロルはレオンの想い人を探す中で、彼の深い愛に気づいていく。
そんな時、王室の希少な宝物が盗まれる事件が…！
犯人を見つけようとキャロルは行動を起こすが、賊に囚われてしまい命の危機に…!!
果たして、二人は永遠の愛を誓うことができるのかーー。 

愛が重ためな王太子×婚約破棄したい公爵令嬢の溺愛ラブファンタジー！"
zetsurin-yakuza-wa-dekiai-jouzu	絶倫ヤクザは溺愛上手!?	3	1	1	ecchi,romance	"「毎晩抱かれても、それは愛じゃないーー」
真輝のことが好きだと自覚して、彼にも愛されたいと願うようになる葵。一方、真輝も葵のことを手放したくないと思い始めて……？そんな時に、彼の元婚約者である花鈴の妹である、結衣が二人の前に現れる。花鈴にそっくりな格好で、「真輝にプロポーズしに来たの」と言い放つ結衣に、動揺を隠せない葵。果たして結衣の本当の目的は……？"
oda-nobunaga-ni-hyoui-sareta-akuyaku-reijou-wa-tenka-touitsu-shitakunai	織田信長に憑依された悪役令嬢は天下統一したくない!	3	1	1	fantasy	"信長の大胆な知略と行動で、気弱な令嬢が大逆転⁉

ランメィルとの距離が急速に縮まりドギマギするリーシャ。
そんな時、サザンビーク家とトキア家の戦争というショッキングなニュースがもたらされ、心を痛めるリーシャだったが、悲しみを乗り越え前に進み出す…。
いよいよ学園生活の終わりも近づき、リーシャは卒業パーティーのパートナーとして、謎の剣士ウェバルを誘うことに成功したが、彼の正体は、皆が驚く立場の人間だった！
しかもパーティーではリーシャを目の敵にするオクタヴィアが待ち受けており…？
はたして、うつけ令嬢は皆の注目が集まるパーティー会場でどう立ち回る⁉

ついに完結！
奇妙な縁で繋がった、一蓮托生の二人の結末は如何に⁉"
ei-kun-wa-okuchi-ga-ojouzu	英くんはおくちがお上手	3	1	1	romance	"「最後の彼女になってもらいたい、って思ってます」

柊平との関係に終止符を打ち、
英くんと歩き出した陽茉梨。
めでたく交際＆同棲スタート！
…と思ったら英くんの兄・桂樹が登場!?
新米彼女の陽茉梨は桂樹からの
圧に動揺してしまいーー…
でも、英くんの愛でたっぷりと
満たされて、不安な気持ちにも
立ち向かっていって…
描き下ろしは何にもはばまれない
お風呂いちゃいちゃエピソード！"
eiyuu-sama-wakeari-osanazuma-wa-ikaga-desuka	英雄様、ワケあり幼妻はいかがですか?	3	1	1	fantasy,romance	"「私の愛しい英雄様をもっと甘やかして、いちゃいちゃしたい！」

15歳の幼く可憐な姫テネアリアの政略結婚のお相手は、
「血濡れの悪鬼」の異名を持ち、誰もが恐れる孤独な皇帝ユディングだった。
しかし彼女は恐れるどころか、なぜか初めて会ったはずの凶悪顔の大男を心の底から愛していた！！
ユディングを徹底的に甘やかして幸福にすることを目指し、毎日積極的に押しかけ始める。
だけどそんなテネアリアにはとある秘密があってーー!?"
ochikobore-yuusha-to-rikka-no-majo	落ちこぼれ勇者と六花の魔女	3	1	1	adventure,ecchi,fantasy	"魔女の儀式で最強の魔王の力が覚醒!!
少年魔王の学園無双ファンタジー開幕!!!
勇者学園の落ちこぼれシュウは学園長から退学を勧告されてしまう！　そんなシュウの前に魔女二人が現れ、じつはシュウは魔王の魂を受け継ぐ選ばれし者で、六花の魔女が枷を解くことでその力が解放されると告げられる。
さっそく解放の儀式を受けて魔王の力が発現したシュウは、退学のかかった実戦試験をクリア!!　そして自身の魔王の力を自覚したシュウは、まずはその力で勇者になることを決意するーー！"
wakeari-hakushaku-sama-to-keiyaku-kekkon-shitara-gijou-rokusai-no-keiyaku-haha-ni-natte	訳あり伯爵様と契約結婚したら、義娘〈六歳〉の契約母になってしまいました。	3	1	1	fantasy,romance	男爵家の令嬢・マリア＝マティーニは、リカルド＝リキュール伯爵と一年限りの契約結婚をすることになった。超美形で国内随一の治癒魔法使いの一族であるリカルドは元妻には浮気され、再婚狙いの女性たちから何度もハニートラップを仕掛けられた結果、すっかり女性不信になり弱っていたのだ。そんな彼を守るための隠れ蓑ーーそれがマリアの役割だったはずが、ともに生活する中でリカルドの様子がおかしいことに気づく……。さらにリカルドの連れ子にして幼い義娘・リーディアが新しくできたママに対して興味深々で!?　契約結婚から始まる、幸せすぎる結婚生活開幕♪
make-heroine-ni-tensei-shitara-seijo-ni-narimashita	負けヒロインに転生したら聖女になりました	3	0	1	fantasy,romance	"破滅フラグ回避のあとは魔王討伐！？
私は聖女にもヒロインにも興味ないんです！

魔物を倒し、無事に破滅フラグを回避したレイチェル。
喜びも束の間、幼馴染の勇者・アルフレッドとともに、聖女として魔王討伐の旅に同行することになってしまう。
勇者の剣を目指して進む一行だったが、レイチェルと同じ「白魔法」の使い手である王女は、なぜかレイチェルにだけ回復魔法を使ってくれない。
ギクシャクとした関係が続く中、レイチェルはパーティの脱出を試みるが……？

平穏からは程遠い、巻き込まれラブコメディ第2巻！"
shokuzai-no-hanayome-wa-itsuwari-no-konin-ni-oboreru	贖罪の花嫁はいつわりの婚姻に溺れる	3	1	1	fantasy,romance	"幼い頃、自分の不注意から弟・ジョルジュを誘拐されてしまったエステル。
家族から疎まれた彼女は、国一番の魔法使い・アンデリックと結婚し、
彼の子供を産むことを命じられる。
異形の姿をしたアンデリックは、幼少期に養父を殺してしまったトラウマから
他人との接触を極端に拒んでいた。
「俺を受け入れてくれる女など誰もいない」
互いに消えない傷を負っていたふたりは次第に惹かれあい、ついに一夜を共にする。
かたちだけの婚姻から、本当の夫婦へと近づいていくふたり。
しかし、エステルの実家から手紙が届いたことで、暗雲が立ち込めてーー…？"
gunshin-to-itsuwari-no-hanayome	軍神と偽りの花嫁	3	1	1	fantasy,romance	"夫婦となり互いに心惹かれてゆく煌明と明凛。
煌明の呪いについて手がかりを探そうとする明凛だが、偶然煌明に関する不穏な噂を聞いてしまう。
不安を募らせる中、姉・仙琳が現れ自分こそが本物の仙女であると主張し始める。
皇帝により姉妹のどちらが真の仙女かを決める勝負が行われ、
勝った者にはなんでもひとつ褒美を与えると告げられる。
そこで仙琳が望んだ褒美とは、煌明の正式な妻になることだった。
 
呪いから煌明を護るため、そして傍に居続けるため、明凛は戦う覚悟を決めるーー。"
gunshin-no-tact	軍神のタクト	3	1	1	action,comedy,drama,ecchi,fantasy	"『インフェクション』及川徹先生最新作！！ 
天才戦略ゲーマーは、異世界美少女を護れるかーー？

コミュ障高校生・ノア。その素顔は、超人気戦略ゲー配信者兼リアル覆面軍略家。世界を左右する“軍神”を恐れた大国によって暗殺されたノアだったが、目覚めるとそこは、魔物の襲撃で滅亡寸前の異世界だったーー！！ 魔法戦士とクイーン、ごく僅かな戦力を率いて、人類史上最高の指揮官は、人生最難関の戦いに挑むーー！！"
tensei-nightingale-wa-yoake-o-utau	転生ナイチンゲールは夜明けを歌う	3	1	1	comedy,fantasy	"貧乏侯爵家の長女フロルは病に伏した末、
前世の記憶を取り戻した。
そんな折、フロルは兄が舌小帯短縮症＜ルビ：ぜつ　しょう　たい　たん　しゅく　しょう＞、いわゆる”舌足らず”が原因でトラウマを負ってしまい、引きこもってしまったことを知る。
そんな兄に寄り添い、次期領主へ復帰までさせてみせた
フロルに待ち受ける次なる課題は、
豪華絢爛な社交界デビュー！
看護と前世の知識で成り上がる奮闘記、最終巻!!"
tensei-reijou-kekkon-no-susume	転生令嬢、結婚のすゝめ	3	1	1	fantasy,isekai,romance	"実家から追放されたけど…、異形の辺境伯と幸せになります！
『王都の毒花』と呼ばれ、男遊びが激しいと噂されている貴族の娘ラフィーナ。身に覚え
がないと訴えても、誰も信じてくれなくて…。義妹に婚約者を奪われて、追い出されるよ
うに嫁いだ先は「バケモノ辺境伯」のもとだった！　恐ろしい異形の姿でありながら、優
しい夫。ラフィーナは徐々に心を許していき……!?
人外×異世界　ピュアラブストーリー開幕☆"
tsuihousareta-sareta-otsu-san-kajishi-naze-densetsu-no-daimeikou-ni-naru	追放されたおっさん鍛冶師、なぜか伝説の大名工になる	3	1	1	action,adventure,fantasy	"鍛冶ギルドを追放され無職になるも、グロッサ軍の専属鍛冶師となったデレートは、専用武器「デレートハンマー」を鍛造し、突如現われたAランクモンスター「アイアンベア」を造った武器の一撃で討伐する。
そんな矢先、ミリタルに続き二人目の昔おもちゃの武器を造ってあげた女の子が現れる。その子が持つ武器もまた、進化したものでーー。
なぜか、彼女が教官を勤める魔法学園へと向かうことに……
しかも、シーニョンまできて大騒動にーー！？
アラフォーおっさん鍛冶師のセカンドキャリアファンタジー、待望のコミカライズ第3弾！"
tsuihousareta-sareta-fuguushoku-tamer-desu-futatsume-no-2-yokugyou-ga-bannoushoku-haigoujutsushi	追放された不遇職『テイマー』ですが、2つ目の職業が万能職『配合術師』だったので俺だけの最強パーティを作ります	3	1	1	action,fantasy,isekai	"『不遇職のテイマー』だったアルガは2つ目の職業（セカンドジョブ）に目覚めたことにより、自分を追放した【カナトパーティ】への復讐を決意する。しかし、アルガの強さに気が付いた世界最強の美女・シセルに誘われ、新たなパーティを組むことに!?
さらに、迷宮攻略中に襲ってきた絶世の美女吸血姫・レイナもアルガの強さに興味を示し……

1000年に1人のセカンドジョブに目覚めた主人公の、絶対無敵最強無双物語第2巻‼"
tsuihousareta-ryoushu-no-kotou-kaitakuki	追放領主の孤島開拓記	3	1	1	fantasy	"ダイン伯爵家を追放されたレストは、心許せる臣下たちとともにエンハンスド王国最果ての地、エルドバ島へとやってきた。
コリトコや聖獣様との出会いをきっかけに、エルドバ島の先住民であるウデラウ村のハーフエルフたちとの邂逅を果たしたレストだったが、ガウラウ帝国の第三皇女エストリアから突然の求婚を受けたり、エストリアの弟ヴァンから決闘を挑まれたりしつつも、島の開拓に勤しむ日々を過ごしていた。
ウデラウ村の住民たちを領民として受け入れ、村と屋敷をつなぐ高架道路を作り出したり、エストリアのためにミスリル鉱石の調査をしたり、クラフトスキルが大活躍！　そして新たな出会いも！？"
juusou-reijou-morenet	重装令嬢モアネット	3	1	1	adventure,comedy,fantasy,romance	"「お前みたいな醜い女と結婚なんかするもんか！」

幼い頃に婚約者から浴びせられた言葉がトラウマで、
全身“鎧”姿になった令嬢・モアネット。
その傷は深く、年頃になった現在も、人目を避けて森の古城で一人暮らし。
世間からは「重装令嬢」とあだ名され、恋愛とは縁遠い日々を過ごしていた。
そんなある日、トラウマの元凶である元婚約者の王子・アレクシスと
その護衛騎士・パーシヴァルが突然モアネットの元を訪れる。
王子は、自分がモアネットから呪いをかけられていると告げるが、
モアネットにそんな身に覚えはまったくなくて……!?
心は乙女の鉄塊が魅せる、不器用で愛おしいラブコメ・ファンタジー、開幕！"
onmora-pompoko	陰摩羅ぽんぽこ	3	1	1	action	"昼は水茶屋の茶汲み女。夜はトラブルシューター。
二匹のはぐれ女狐が厄介ごとをすっきり解決！

水茶屋しっぽ屋の茶汲み女、ぽん太とポー子の裏の顔は元公儀隠密・だきに衆のくノ一。忍び廃止令が出され、野良忍者となっただきに衆は世直しで世評を味方につけ、公儀隠密の座に返り咲こうと、厄介ごとをよろず引き受けている。その内容は拐かされた旗本の娘の救出や、悪徳同心の裏の顔を暴く……などなど。鉄火肌で数々の修羅場をくぐっていそうだけど実は未通娘で巨乳のぽん太と、ドジでポーっとしてるからポー子のあだ名がつけられている巨尻のほおずき。ほおずきには、性の匂いを嗅いで“陰真言淫ら九字”を唱えると覚醒し、常人の十倍のスピードとパワーを発揮する鬼灯に変身するという秘密が！　そしてその秘密が新たな展開を牽引し……お約束のヒロイン危機一髪シチュエーションをセクシーアクションで打開する痛快艶笑時代劇。"
dennou-sokai-ribaasu	電脳租界リバース	3	1	1	sci-fi	"VRによるフルダイブ技術が現実となった2040年。
人々が夢見た電脳空間「リバース」は、「持たざる者」たちの掃き溜めとなっていた。
橘星太は「リバース」にこもり就職活動に励む落ちこぼれ大学生。
そんな中、「リバース」内で起きたテロ事件に巻き込まれてしまう。しかも、首謀者を
名乗るメンバーの中には、死んだはずの双子の弟・深月の姿が…！？
次第に明らかになる、「リバース」誕生に隠された真実とは！？
新星タッグが贈る、新感覚近未来VRサスペンス！"
shizuto-kun-no-hajimete-ubatte-shimaimashita	静人くんの初めて、奪ってしまいました	3	1	1	romance	"イケメン二人とオトナな共同生活！？ 

 幼なじみに婚約者を盗られ、仕事はなくなり、住む場所は追われ…と崖っぷちに立たされた漫画家の水野日葵（みずのひまり）。まずは住む場所を…と、クリエイターが住まうシェアハウスに入居することを決める。
そこには、警戒心の強い小説家・柚木静人（ゆずきしずと）と、社交的なデザイナー・岡本亜貴（おかもとあき）が住んでおり、男性二人と共同生活を始めることに。
しかし、初日の歓迎会、日葵は、静人にとある誤解を受けてしまい、訂正しようと酔ったまま彼の部屋を訪れてーー!? 

 【編集担当からのおすすめ情報】 
 主人公の日葵は、崖っぷちに立たされて、どん底の状況になってしまいますが、偶然の縁で、個性的なシェアハウスの住人になります。しかし、日葵の明るい性格を奔放な性格だと同居人の静人に誤解され、誤解を解こうと彼の部屋を訪れ、とんでもないことに!?
始まりは衝撃的でも、次第に距離を縮めてゆく正反対な二人と、もう一人の大人な同居人・亜貴との三角関係にもご注目ください！"
maryoku-zetsumu-no-ryuuken-tsukai	魔力絶無の竜拳使い	3	1	1	action,comedy,fantasy	竜に育てられたアオが、一人前になる為に課せられた試練は人間の友達を100人作ることだった。人助けサークルを立ち上げ順調に友達を増やすアオ達だったが、ある日街へ遊びに行くと狂暴化したゴーレムが暴走し始めた。そこにブルース先生まで現れ、事件解決を手伝うことに──!?
mamono-cry-no-boukensha	魔物喰らいの冒険者	3	0	1	adventure,fantasy	"喰えば喰うほど強くなる、痛快グルメ冒険ファンタジー!!
「状態異常無効化」というユニークスキルを頼りに、瘴気で満ちるダンジョンで薬草を採取して生計を立てている冒険者のルード。それ故に他の冒険者達からは瘴気臭いと避けられパーティーを組む事も出来ず、「瘴気漁り」という蔑称で蔑まれる毎日。そんな時、新たな迷宮が見つかり、荷物持ちとして必要としてくれるパーティーに誘われたルードは、現状を変えるべくこの迷宮に挑戦する。だが、迷宮の中で強力な魔物と遭遇したことで、同行した冒険者たちはルードを裏切り、囮として見捨てられるのだった…。魔物との死闘を経て、怪我をし、物資も失い、絶体絶命の極限状況に陥ったルードは、目の前に横たわる魔物の死体を前に、生き延びるために禁断の「魔物食」に賭けてみるが──…。喰えば喰うほど強くなる、痛快グルメ冒険ファンタジー開幕!!"
maougun-wa-white-kigyou	魔王軍はホワイト企業	3	1	1	comedy,fantasy	【ロケットニュース24で総PV数2.1億回を誇る話題作！待望の3巻発売！】「忠誠を誓えば・・・残業なし、完全週休二日制、充実の福利厚生が得られるぞ」この魔王軍、どこかホワイトすぎる！？ロケットニュース24で大人気連載中のホワイトすぎる魔王軍の日常が描かれる、4コマ漫画。幼い頃の憧れから未だ身の丈に合わない大剣を振るい続ける男・レヴァと見習い生物学者スウィーニ。二人に待ち受けるS級の試練は遂にクライマックスへ！やりがいを求めて勇者パーティに入った魔法使いリリアのキャリアアップ編や様子がおかしいエルフの医師・セラとメカニックのマニオルが魔王軍にやってくるまでを描いた過去編も大収録！ほかにも自己肯定感の低すぎるバジリスクのバジーラや辺境でひっそりと村を統治する若くして魔族の長の悪魔っ子・メイズなど人気キャラクターも続々登場！そして特典の描き下ろしページは紙と電子で異なるエピソードを収録予定。
same-wa-sakura-ni-koi-o-suru	鮫は桜に恋をする	3	0	1	romance	"強面彼氏は寂しがり

年下俺様DK×押しに弱い不器用大学生のえっちで切ない溺愛物語♡

愛されすぎてカラダがもたない////
お付き合いが始まった理人と淳。淳は無事大学に進学し甘い蜜月が始まる…
かと思いきや、淳には新たな悩みができてしまい…？
更に目が離せない鮫と桜の恋人編スタート！"
1000-sai-toshishita-no-koutei-ni-shuuchaku-dekiaisaretemasu	1000歳年下の皇帝に執着されてます	3	1	1	fantasy,romance	怪物が住むいばらに囲まれた森、通称「時が止まった森」で長い眠りを繰り返していた大魔法使い・アリエルは森に迷い込んだ皇子・セドリックにナイフを突きつけられた状態で目を覚ます！人とは違う彼の性格に戸惑いながらも、思いもよらぬ魔力の使い手であることを知ると、徐々に魅了されていき・・・。アリエルは1000年の計画を大きく変えてしまうある決断を下すーー！
1-kakeru-mugen-keikenchi-ichi-de-level-appu-suru-ore-wa-saisoku-de-isekai-saikyou-ni-narimashita	1×∞経験値1でレベルアップする俺は、最速で異世界最強になりました!	3	1	1	fantasy,isekai	"不慮の事故に遭い、異世界へと転移した少年・カズマはあらゆるスキルがたったの経験値1でレベルアップするチート能力を持っていた！ 亡国の姫・アリアスを帝国の追っ手から逃がすため、帝国最強の師団長・カイゼルの相手を引き受けたカズマ。しかし、圧倒的な
実力差から瀕死へと追い込まれてしまう…。カイゼルの放った灼熱の闘気に囲われて意識を手放しそうになったその瞬間、カズマの元にレベルアップの音が鳴り響いて━━…!?"
300-nen-go-ni-fukkatsu-shita-dai-mahoutsukai	300年後に復活した大魔法使い	3	1	1	fantasy	"すぐに戻るーー。勇者パーティーの仲間達にそう言い残し、世界を混乱へと導く悪との戦いのさなか、瀕死状態のリンは深い眠りについた。それから300年後、リンの魂はとある貴族の少年の体を器にして復活した。
ピッコマSMARTOON人気ランキング初登場1位（2024年6月15日調べ）を獲得した大人気作品がついにコミックス化!!"
33-sai-to-iu-hibi	33歳という日々	3	1	1	drama	"「子どもが欲しい」
月並みだと思っていたその願いは、奇跡そのものだった。

結婚して3年。節目も門出もない、かわりばえのない毎日を過ごす会社員のエリ。
本当の気持ちを言い出せないまま、月日は流れ、タイムリミットが迫ってくる。

苦しくて、せつなくて、いとおしい33歳という日々の記録。

YouTubeで130万回再生、共感のコメントで溢れた話題作。
全編を新たに描き下ろして、待望の単行本化。


◎「33歳という日々」シリーズ、全3冊。

結婚したエリ（33）
母になったゆみ（33）
一人で暮らすこのみ（33）

子どもがいてもいなくても
私たちは友達のままでいられるのかな？

『33歳という日々　独身彼なし、このみの場合』2025年8月12日発売
『33歳という日々　シングルマザー、ゆみの場合』2025年9月12日発売

ブックデザイン：脇田あすか

■目次

1章｜節目も門出もない日々
2章｜一番近くて一番遠い人
3章｜たった3年で
4章｜長い夜に
5章｜どんな私と生きていく？
6章｜この手が温かい限り"
mys	MYS	3	0	1	drama,slice-of-life	"大学4年生の前阪七三は”建築家”を志している。彼女の目下の目標は、学生No.1を決める建築コンペ「せんだいデザインリーグ」で優勝すること。七三は、信頼できる後輩たちと渾身の作品を作り上げ、建築家としての大きな一歩を刻めるかーー!?
薄給、激務、容赦なき実力主義…されど、夢だけは無限大！ 気鋭の”アトリエ系建築事務所”を舞台に、建築で未来を切り拓こうとする若者たちの熱き青春が紡がれる！

日本屈指のアトリエ系建築事務所“カラスマ・アーキテクツ”。入社1年目の前阪七三は学びの日々を送る。優秀な同期への嫉妬心、激務の末に壊れていく先輩社員、締め切り直前、深夜の模型作製。てんやわんやな毎日の中、突き付けられた新たな課題“新人5人の即興コンペ”! 勝者にはごほうびアリ! そのテーマはーー背の高い構造物を創れ!!
働くことの意義を問う建築漫画第2巻!!"
no-murder-no-life	No murder No life	3	1	1	mystery,suspense	"全生徒から慕われる生徒会長の伊関里那はある日、親友の加茂朱夏と訪れたボランティア先で
飼われていた犬から里那にしか聞き取れない「この娘のち15年間失踪スル」」という声を聞く。
その40分後、血痕や靴など証拠を残し加茂は失踪。消えた親友のため、里那がとった行動は…!?
新時代サスペンス！"
riot-tsukada-2025	RIOT	3	1	1	slice-of-life	"既刊増刷の「雑誌自主制作」青春譜、最新刊 

 地方在住の男子高生2人に女子高生が加わって
自己流で完成させた「僕らの雑誌」第2号。

勢いだけで突っ走ってきた彼らが第3号を作るにあたり、
ハタと気づいてしまった「今後僕らのやりたいことって…？」という疑問も
大人たちとの出会いを経て、彼らなりの回答を得ることができた…！

同級生たち。教師たち。生まれ育った町の人々。
まだまだ範囲は小さいけれど、静かに密かに彼らの活動が可視化されてゆく中、
「雑誌作り」をやめない彼らはどこへ向かうのかーー
立ち止まらない高校生の青春、お待たせの第3集登場!! 

 【編集担当からのおすすめ情報】 
 カルチャーの中心地からは遠く離れた地方の小さな町。
今はまだ届かない「どこか」にばかり憧れていた高校生たちは
次にどんな世界を見せてくれるのか…!?

既刊にいずれも増刷がかかった新人作家による意欲作。
「かつては自分もこんな高校生だった」「こんな青春を送りたかった」という感想を多くいただく、
令和の高校生たちによる、創作に懸ける青春ストーリーです！"
romancing-saga-2	Romancing Sa・Ga 2	3	1	1	fantasy,action	"【復刊リクエスト・得票数270票OVER!!】
不朽の名作RPG『ロマンシング サ・ガ2』--
その伝説的コミカライズ作品を全3巻で復刊!!

1993年、スクウェア（現：スクウェア・エニックス）が発売し、大人気を博したファンタジーRPGの名作『ロマンシング サ・ガ2』。昨年2024年にはフルリメイク版である『ロマンシング サガ2 リベンジオブザセブン』も発売され、今もなおファンの皆さまから根強い支持を集めている作品です。
その『ロマンシング サ・ガ2』を全3巻の構成でコミカライズした作品が、葉月まゆみ＆面堂かずきの手がけた本シリーズになります（※第1巻の連載時の初期シナリオのみ、森本洋が参加）。1994〜95年にかけ、徳間書店インターメディアの伝説的なゲーム誌「ファミリーコンピュータ Magazine」に連載された本作は、原作ゲームのシナリオの骨子を活かしつつマンガ版独自の要素もふんだんに盛り込み、幅広い読者を獲得しました。

今回は多くの復刊リクエストにお答えし、この葉月＆面堂版『ロマンシング サ・ガ2』（全3巻）をA5サイズの新装版で刊行いたします。
本書の製作にあたっては、葉月先生＆面堂先生のお手元で保管されていた生原稿をもとにマンガ全編の再スキャンを敢行。従来以上に高精細な版面でご用意いたします。また、展開当時の単行本に収録されたカラー画稿を再録するほか、未収録だった連載時の扉絵カットも収録する予定です。

ファンタジーRPGのロマンを体現するシナリオ、そして美麗な作画で知られる本作ーー。ぜひこの機会に、マンガ版『ロマンシング サ・ガ2』の世界に触れてください。

▼"
the-band	THE BAND	3	1	1	music,school	ドラカリスのサポートギターとしてライブをこなしていく友平だったが、ベースの涼はその技量に不満を持つ。友平が正式メンバーとなるために提示された条件は、かつてカスミンと涼が作った未完成の曲を仕上げることだった。しかも別バンドを抜ける予定のやり手のギタリスト、鎌仲も同じ素材を使って曲を作り、より良い曲を作った方が正式メンバーになるという、二人の「作曲決闘」という形に。曲作りのイロハも知らない友平に勝ち目はあるのか？ そして同時に地元で有名なライブハウス、ギミーデンジャーでのライブも決まり、友平は音楽人生のターニングポイントを迎える！
vampxia	Vampxia	3	1	1	fantasy,supernatural	"人間であり、怪物。喫血者をめぐる数奇な物語が幕を開ける。
「速やかに対象の駆除へと移行する」普通でほどほどの暮らしを望む大学生・水無月青凪。ある夜帰宅すると、同居している姉が豹変して、溺愛していたはずの青凪に襲い掛かる。そこへ謎の武装組織が現れ、暴れる姉に発砲しーー。喫血症。人の血を喫い、人並外れた力を揮うこの症状は「病気」として国からも認められていると青凪が知った時には、既に青凪自身も発症していた…！"
shoushimin-shunki-gentei-ichigo-taruto-jiken	〈小市民〉春期限定いちごタルト事件	3	0	1	mystery,romance,slice-of-life	"直木賞作家・米澤穂信による大人気青春学園ミステリがコミカライズ！！

小佐内さんが自転車泥棒に復讐を企んでいることを知った小鳩くん。しかしどうやら相手はただの泥棒ではないようで…。
小鳩くんは間に合うことができるだろうか。
そして小市民の約束を破った苦い春から1年、慎ましい生活を心がけてきた2人は〈小佐内スイーツセレクション・夏〉めぐりをすることに。
小佐内さんは「素敵な予感がする」と言うが…？
舞台は「夏期」へーー！
大人気青春学園ミステリ　コミカライズ第2巻!!"
kore-wa-seiryaku-kekkon-da-to-itta-outaishi-denka-kara-naze-dekiai-sarete-imasu	「これは政略結婚だ」と言った王太子殿下からなぜか溺愛されています	3	1	1	fantasy,romance	「君を婚約者として迎えたい」アレクシスの熱烈アピールからドキドキの同居生活がスタート！ 慎ましくも自分を想うフローラの態度に想いが高ぶるアレクシスはつい我慢ができず…!? さらに新天地で王太子妃としての決意を固めるフローラだが、何者かによって連れ去られてしまうーー!! スパダリ王太子×健気な薄幸令嬢の溺愛ラブロマンス♪ 大人気『「きみを愛する気はない」と言った次期公爵様がなぜか溺愛してきます』公式スピンオフ作品の第2巻が登場！
yuusha-party-ni-sennyuu-shita-maougun-no-ansatsusha	「勇者」パーティに潜入した魔王軍の暗殺者	3	1	1	fantasy	"累計250万部突破の『Sランクパーティから解雇された【呪具師】』と同じく
ヤンマガWeb発×原作／LA軍の異色の異世界ファンタジー!!
魔王軍の暗殺者、女勇者の心にも潜入成功？

勇者パーティーに潜入した魔王軍の凄腕暗殺者『隠密のヴァイパー』。
「勇者の信頼を勝ち取れ」という魔王の命令を完遂する為に、
時に魔王軍相手ですら「敵を欺くにはまず味方から」と次々と撃破する!!
そして勇者の適性を見出されてフツーの女の子の生活とは程遠い生き方を
してきた女勇者のナナミからは、信頼どころか恋愛の対象になってしまい…？

加減を知らない暗殺者と彼に恋する女勇者による、風変わりな異世界ファンタジー!!"
monban-yattero-to-iware-15-nen-tsuttatteru-aida-ni-ore-no-maryoku-ga-9999-saikyou-ni-sodattemashita	「門番やってろ」と言われ15年、突っ立ってる間に俺の魔力が9999 (最強) に育ってました	3	1	1	adventure,fantasy	"測定不能の最強モブ門番（魔力9999）
闇の組織が相手でも無双する！！

念願の冒険者となった元門番のロイルは新たな魔法の開発に没頭していた。
そうして魔法の開発に成功し、新たなるダンジョンに挑むも……突然バソリーと名乗る謎の女が現れた！
さらにロイルは真っ暗な見知らぬ空間へと転移させられてしまった！？
そこで待っていたのは「黒き鋼」と名乗る謎の集団ーー。
命を狙われる中でロイルは、「黒き鋼」から語られた“とんでもない真実”を知ってしまうのだった！

魔力9999の最強元門番が、新たな陰謀に巻き込まれるーー衝撃の第3巻、開幕"
ato-muika-de-horobiru-gakeppuchi-kokka-no-harem-6-sarete-shimatta	あと6日で滅びる崖っぷち国家のハーレムに召喚されてしまった	3	0	1	adventure,comedy,ecchi,fantasy,romance	"Hなスキルで無双する異世界ハーレム冒険譚 

 ええっ！？ ×××するだけでレベルが上がるんですか？

あと6日で魔物の大群に襲われ
滅亡が確定している終末の王国に転生した主人公・オウタ。
エッチな体験に応じて莫大な経験値を獲得し、
さらには相手のスキルをコピーできる
チート能力「性の皇帝」を得たオウタは、
女王や女騎士、学者、格闘家、アマゾネス…
様々なヒロインたちとエッチしまくり、
何とか滅亡を回避しようとするのだが…

1巻は発売即重版！ 
エッチなスキルで無双する、異世界ハーレム冒険譚、
2巻ではバトルもエッチもさらに過激に！"
ijiwaru-osananajimi-to-toroama-fuufu-seikatsu	いじわる幼馴染ととろあま夫婦生活	3	1	1	ecchi,romance	"「俺は何度もしたよ　おまえを抱く想像」
募った想いは激しい愛撫に…
ゾクゾクするほどオクまで愛されてーー…！

OLのミヅは、幼馴染のヒロから突然結婚を提案される!!
ヒロとは幼稚園から就職先まで一緒で、
大学からはルームシェアもしている姉弟のような存在。

利害の一致からすっかり丸め込まれ、
ふたりと一緒に飲んでいた友人・神谷の忠告むなしく、
仮初めの夫婦になることに！

ところが、決して思いつきの提案ではなく、
ミヅを手に入れる機会を虎視眈々と
狙っていたヒロの策略だったようで…!?

0日婚からはじまる、一途な幼馴染の執着ラブ♪

★SP描き下ろしマンガ収録!!"
kinoshita-mahou-koumuten	きのした魔法工務店	3	1	1	fantasy,isekai	"魔物から守る建物づくり！

タケルは満月の夜、魔物の襲撃から城塞を守るため、 
防犯カメラや照明など工務店の技術で仲間と共に防衛戦を成功させる。 
 
被害を最小限に抑え、人々に信頼され始めたタケルは、 
次なる課題として城塞・町への水道設置に挑戦。 
魔法と現代技術を活かして衛生と産業基盤を整え、住民の暮らしを向上させる！ 
 
仲間との絆も深まり始めるが、セティアの不吉な予言が新たな不安を呼ぶ。 
「工務店」としての挑戦は、城主としての成長と困難を迎えてゆく。 
 
魔法×DIYでお届けする、 
建築系スローライフファンタジー第3弾！"
soba-gal-to-oji-san	そばギャルとおじさん	3	1	1	comedy,slice-of-life	"そば好きのサラリーマン・秋丸泰造、日サロ店員の金髪ギャル・じゅりな。
立ち食いそば屋で残り一個の天ぷらをシェアしたことがきっかけで「ソフレ（そばフレンド）」になったふたりは、いっしょにそば屋巡りをすることに…!!
コロッケそばの過激な食べ方、生卵の食べ方の流儀、至高の肉そば対決など…ギャルとおじさんが〈そば〉をおいしく食べ尽くす、SNSで大好評の極上グルメ漫画！"
tarou-no-manimani	たろうのまにまに	3	0	1	comedy,romance	"俺、ヒモである前に男なんだけど 

 恋愛レベルが低いこと以外完璧なOL・さえは
失恋のショックからついプロのヒモ・たろうを飼うことに…！

最初はビジネスライクな関係だったけれど
たろうにも想いが募り、良い感じの雰囲気の中、
元飼い主らしき可憐な女性が現れる！！

正しさにとらわれる不器用なOLが
クズなヒモ男に絆されていく恋の物語。 

 【編集担当からのおすすめ情報】 
 「こんなヒモなら飼いたい」「ほんと、出逢えてよかったね」「たろう沼…もう抜け出せない♡」など、スパダリたろうとさえの恋愛模様に感極まる読者が続出中の大人気ラブコメ第二巻！
しっかり胸キュンポイントもありながら、人間の深い心理描写まで描ききる八海つむ氏らしい作品です。
とにかく癒やされたい、イケメンを摂取しつつ毎日頑張りたいという方に是非おすすめです。"
chanpen-to-mamapen-no-heibon-dakedo-shiawase-na-hibi	ちゃんぺんとママぺんの平凡だけど幸せな日々	3	1	1	slice-of-life	"やさしさの絆は、街中にも

ペンギン親子を見守る、街のあたたかい目に心が癒される
この世界は皆で支え合って生きている

SNSで話題沸騰のちゃんぺんママぺんシリーズ。
待望の第3弾!!

描き下ろしは【　80P超え　】の大ボリューム!!
・トイレットぺーパーが転がり、街の人々を巻き込むコメディ
・ママぺんが振り返るちゃんぺんの保育園入園から卒園
・おばあちゃんちに泊まりに来たちゃんぺんとベビぺん
3本の新規エピソードを収録。

全ページ、豪華フルカラーコミック!!"
doredake-doryoku-shitemo-mannen-level-0-no-ore-wa-tsuihousareta-sareta	どれだけ努力しても万年レベル0の俺は追放された	3	1	1	action,adventure,comedy,ecchi,fantasy	"どんなに頑張ってもレベルが上がらず、
【神の敵】と呼ばれる冒険者・ティント。
ついにパーティから追放された彼のもとに、
女神エステルが現れーー土下座した。
なんと、ティントがレベル0のままだったのは、
彼女のミスのせいなのだった！
そのお詫びとして、今まで得られたはずの
100倍の経験値を与えられ、
ティントは一夜にして最強の冒険者となる！"
harapeko-reijou-level-appu-shokudou-hajimemashita	はらぺこ令嬢、れべるあっぷ食堂はじめました	3	1	1	fantasy,gourmet	"&lt;はらぺこ&gt;スキル持ち令嬢の聖剣料理ライフスタートです！
役立たずな&lt;はらぺこ&gt;スキル持ちのド貧乏令嬢・ララ。道端に突き刺さった包丁をうっかり抜いてしまったが、なんとそれは聖剣だった！？"
hello-my-baby-s	はろー!マイベイビーS	3	1	1	comedy,romance,slice-of-life	"笑顔・涙・バトルあり！子育てコメディ 

 小梅と彼氏・真生のもとに未来からやってきたあいとだい。
ちょっとお姉さんになったあいと、超マイペースなだいの姉弟はと〜っても仲よし♪
夏祭りやケーキづくり、どんぐり拾いにスケート・・・。
たくさんの“はじめて”を家族みんなで楽しんでます！ 

 【編集担当からのおすすめ情報】 
 親子みんなで楽しめるロングヒットシリーズ「はろマイ」の新シリーズ、「はろマイS」も引き続き大人気です！
おませなあいと、赤ちゃんのだいの丸くてかわいい姿は、ちゃおっ娘だけでなく大人も癒やされること間違いナシです。
小梅が子育てに奮闘する姿や、あいが弟のためにがんばって成長していく姿、最強ベイビーだいのかわいさ、真生の優しさや愛に包まれて、笑って泣いて、ほっこりしてください！"
furusato-itadakimasu	ふるさと頂きます	3	1	1	gourmet	東京生まれ東京育ちの蒼と、カナダ生まれの日系人・美亜。故郷に憧れを持つ夫婦が、将来の住処を見つけるため、色々な土地へ想いを馳せる。全国各地をおうちで巡る、おとりよせ夫婦の返礼品グルメ開幕──！
yagate-tako-ni-naru-kimi-to	やがて蛸になるきみと	3	1	1	drama,horror,romance	"高校1年生の女子・小坂さん。
彼氏は「蛸になる呪い」を患っている真島くん。
二人は共に呪いに立ち向かい、互いを必要とすることで、
こんなにも胸が熱くなることを知った。
約束した遊園地デート。お母さんの妨害によって
待ち合わせに現れなかった真島くんは監禁されていた。
それは、蛸になって人を殺してしまうかもしれない彼の尊厳を守るためーー！？
でも、そんなの絶対にいやだ！！ 小坂さんは決断する。真島くんを救うことを！
実は真島くんの一族には門外不出の秘密があったーー。
小坂さんは最後に再び、決断する。
恋と呪いの物語、たどり着いたのは儚くも美しい景色。"
yamero-suki-ni-natte-shimau	やめろ好きになってしまう	3	0	1	comedy,romance	"故意か無邪気か!? 脳内騒然ラブコメディ!!
上っ面を取り繕い生きてきた冷静な男子高校生・松浦吾妻。他人の本性を容易に見透かす彼だが、ある日突然陽キャのツインテ美少女・厳木紗代にアプローチされて──!? 故意か無邪気か、あざとい彼女の一挙手一投足に松浦は…──
「やめろ！ 好きになってしまう!!!」"
idolatry	アイドラトリィ	3	0	1	drama,music	"推しのためなら、なんだってやる!!

アイドルオタクの女子高生・陽見循菜。
最愛の推し・槻城ふわりちゃんの夢を叶えるため、
オーディション番組に潜入して、トップアイドルの座を勝ち取れ!!
ライバルは総勢100人、精鋭ぞろいの少女たち!!

誰かを推すあなたに贈る、異端のサクセスストーリー開演!!

女子高生・陽見循菜の生きがいは、アイドルの槻城ふわりを推すこと！
そんなある日、ふわりの所属するアイドルグループが突然の解散に陥ってしまう！
失意の中、ふわりが新たにアイドルオーディション番組に挑戦するという情報を得た循菜。
オーディションの参加者は総勢100人。推しをその頂点に導くため、循菜は自らオーディションに出場し、暗躍することを決意するのだった。
 
アイドルオタク少女の、人生をかけた“推し活”が今、始まる！
異端のサクセスストーリー第1巻ここに開演!!"
ayashikimi	アヤシキミ	3	1	1	drama,horror,mystery,supernatural	"その少女は人か化け物かーー。
生まれながらに物ノ怪・サトリに憑かれた少女・しきみ。しきみは心の声を聞く能力で、祓い屋の尾形アサギとともに厄介事の解決屋・千日紅に舞い込む怪異事件を解決していく。二人の間に信頼関係ができつつある中、しきみは自身がただの人間に戻れるかもしれないという術を知る。手がかりを求め立ち入った屋敷の中でしきみは知られざる過去と対峙するーー！
レトロで美しき昭和怪奇ファンタジー、完結巻！"
arasa-majutsushi-no-yurui-harem-life	アラサー魔術師のゆる～いハーレムライフ	3	1	1	adventure,fantasy,isekai	ある日、ブラック会社員の鏡平（かがみたいら）は、異世界の魔術師だった前世の記憶を思い出す。能力も覚醒し強大な魔法の力を手に入れるも、現実世界ではなんの役にも立たないことを知る。ならば前世にいた異世界に戻ればいいと、鏡平は『タイラー』として異世界で冒険者を始めることに。気ままに冒険者として過ごすタイラーだったが、ある日街で一番のパーティ『戦乙女』のリーダー・エルザから「あなたの秘密を知っている」と告げられて…。リモートワークは異世界で!? 個性派ヒロインたちと紡ぐ、ハーレム冒険ファンタジー！
under-3	アンダー3	3	1	1	comedy	ずのーん！ジャスジャス！ザーン！バローム！　孤高のショート職人・榎本俊二（第29回手塚治虫文化賞短編賞受賞のカリスマ）が放出する濃密肉汁たっぷり大河ショートギャグ！　ミツオ＆そう太＆マリヨ、品性ゼロ以下の3人組が縦横無尽にかけまわるセクシュアル大活劇はお子様の情操教育にも最適だとか！　下の首を長く太くして世界が待っていた第3巻がついに登場！
under-ku	アンダーク	3	1	1	sci-fi	"大反響、ジュブナイル超能力SF！ 

 歌舞伎町で出会った江波と神、心強い仲間を得た杏は火事現場にいた女・カナとの接触を試みる。

カナのバッグにGPSを忍ばせることに成功し、地下廃駅に向かう杏達が出会ったものは……！？

透明な力が世界を変えていく、超新星サイキック×サスペンス！！"
urikko	ウリッコ	3	0	1	drama,slice-of-life	"名前：星野キズミ

住所：歌舞伎町のネカフェ

収入：1回イチゴーのウリ

夢：漫画で金持ちになる

 

初めての持ち込みで盛大な討ち死にを経験し、漫画から離れてしまうキズミ。職業柄の性病にもかかり踏んだり蹴ったり。

しかし何もすることができない治療中。持て余す時間に苦しむキズミは、漫画を描いている時がもっとも時間が早く過ぎることに気がつく。

 

暇つぶしでも、邪でも、夢への一歩、

令和の「まんが道」は急加速！"
erisu-no-seihai-esu	エリスの聖杯S	3	1	1	fantasy,mystery	"仮面舞踏会のさなか、突然起きた王子の誘拐劇。コニーたちは事件の真相へと迫るーー！

＜あらすじ＞
【どんなに憶病な鳥も】
【帰る場所があれば、自由に羽ばたけるだろう？】

「巡礼せよ」--旅行記に隠された謎めいたメッセージ。その真意を掴めぬまま、華やかな仮面舞踏会の幕が上がる。

仮面をつけ街へ繰り出したコニーたちだったが、黒い外套の男がユリシーズを誘拐しようとする現場に遭遇。
不気味な男の目的、そしてその正体とはーー。

商船の難破、爆竹の浸水、不可解な訴訟、王子の誘拐。
祝祭の裏でうごめく陰謀に、コニーたちはどう立ち向かうのか。

大人気小説『エリスの聖杯』【ファリスの星冠】編をコミカライズ。
新たな舞台で紡がれる、令嬢サスペンス・ファンタジー！

原作者・常磐くじら書き下ろしSS＆キャラクター原案・夕薙の挿絵も収録！"
canon-lady	カノンレディ	3	1	1	action,comedy,fantasy	商人の娘エリザベスは、軍人になる夢を抱き、妹エレンと巨大な大砲を連れて家を出た。辿り着いた異国の地で突如戦火に巻き込まれるも、彼女の砲術が戦局を大きく変えることになる。歴史に名を刻む野望を胸に、型破りな指揮で臨時カノン砲兵部隊を率いていくが、その道は想像以上に険しいものだった。やがて彼女の活躍は、国の命運をも左右する大きな流れへと繋がっていく──。
kisu-made-toho-2-byou	キスまで徒歩2秒	3	1	1	romance	"「俺以外にときめくの禁止」
年下同僚くんとバレたらクビ確定の一つ屋根の下ラブ第2巻!!

もうすぐ30歳の養護教諭・万紘（まひろ）は、新任生物教師・史季（しき）と秘密の同居中。
学校でも家でも、隙を見つけては彼から求愛されるなか、万紘は、高校の時に好きだった白須（しらす）先輩と再会する！
万紘の働く学校の図書館新設に携わることになったという先輩と万紘は、会う機会が増えて…!?
さらに、史季をねらう女子生徒から関係を怪しまれてしまって大ピンチ…!?

養護教諭×年下教師×年上建築士×女子高生のあぶなすぎる四角関係！"
kiruniru	キルニル	3	1	1	action,comedy,ecchi,mystery	"偽殺し屋コメディ、完結！ 

 「伝説の殺し屋」だと勘違いされている
ただの一般人男性・武石先生。
唯一秘密を知っている長泉による
彼を救うための秘策が学校内に波紋を起こす。

そして始まった武石先生との
結婚を賭けたバトルロワイヤル！

15人の花嫁候補は、
もちろん全員殺し屋！
武石先生の明日はどっちだ！？"
crystal-ojou-sama-wa-otokonoko	クリスタルお嬢様は男の子	3	1	1	romance	ロタリ公爵家の美しい末娘、クリスタル・ロタリは女であることを理由に壮絶な後継者争いから外れ、離れでひっそりと暮らしていた。ところがある日、父親が縁談の話を進めていると知ると、ロタリ家の政敵・ペントリン大公に求婚状を送り、単身で雪深い北部の大公城へ向かうため、家を飛び出した。そうまでして、クリスタルが父親の縁談から逃れたい理由…それは…彼女が「男の子」だからなのです！？！？
komyushou-nanode-soro-souryo-o-erandara-yatara-party-ni-sasowareru-ken	コミュ障なのでソロ僧侶を選んだら…やたらパーティーに誘われる件	3	1	1	fantasy	"この可愛さ紙でも届けたい！
電子書籍で人気を集めたアニメージュ＋の名作が、あなたの本棚に降臨！

＜あらすじ＞
大人気オンラインゲーム『プランセトラ』 に
数年ぶりに新サーバー「リーフォス」が追加された。

初心者プレイヤーの彩澄しゅお（10歳）は、
人と話すのが苦手なのでソロでプレイできる僧侶を選択するが、
回復薬が存在しないゲームシステムの中で、
回復魔法が使える僧侶は常にパーティーに誘われてしまう。

しかも、『プランセトラ』 は、
どこでもプレイヤーキルができ、
殺されるとアイテムを奪われてしまう殺伐としたゲームだった。
タイトルが長いので『コミュ僧』と呼んでください。

元日向坂46で、現在はタレントとして活躍されている丹生明里さんより、紙版コミックスの発売を記念した応援コメントを寄稿いただきました。熱狂的なゲームプレイヤーとしても知られる丹生さんが、VRMMO（仮想現実大規模多人数同時参加型オンラインゲーム）をテーマにした本作に対し、1ゲーマーとしての視点から語られたコメントは、コミックス1巻と2巻の帯に掲載されます。

＜丹生明里さんコメント＞
ゲームで生まれる絆って最高！
ゲームの素晴らしさがここに詰まっていました。"
goblin-samurai	ゴブリン侍	3	1	1	action,adventure,fantasy	"渇きの平原に咲く美少女の花！
領主の娘・リラを救い旅を続けるオヅヌとメエプル。とある街で奴隷の市が立つと聞きつけ、間に合わせるため、誰も立ち入ることはしない渇きの平原で出会ったのは困り事を抱えた双子の美少女たちで!?"
samurai-musou	サムライ無双	3	1	1	action,fantasy	リエラにプロポーズを断られ虚仮にされた貴族・クリストフ。腹いせのため、貧民街の孤児・アメリに大金を渡し、リエラに毒を盛ろうと画策するが、アメリにその誘いを断われる。激昂したクリストフはアメリに制裁を加えるが、それを察知したロクローとリエラにより、アメリは救出される。腐った貴族らをぶっ潰すためロクローは「国盗りじゃ」と腹を決める。一方の国の中枢にいる貴族たちは、クリストフに暴行を加えたロクローを葬り去るべく、迷宮におびき出し、暗殺計画を立てるーー。「小説家になろう」発、本格刀剣ファンタジー第二弾！
skeleton-office	スケルトン・オフィス	3	1	1	comedy,fantasy	"「本音なんて聞いたら確実に泡吹いて倒れる‥！」

ごく普通の青年・守谷まもるが勤めるのは、市役所の中でも亜人専門部署の“裏市民課”。日々襲いかかる謎の仕事は、ついに宇宙に飛び立つまでに‥！そして、この業務の押し付け合いも静かに幕を閉じる‥‥。なんでもありな日常コメディ、堂々のフィナーレ！！"
supadari-hanayome-no-prince-maker	スパダリ花嫁のプリンスメーカー	3	1	1	fantasy,romance	"政略結婚で隣国マルドゥークの呪われ王子ツィーナと婚約したシャイル。
それはシャイルの故郷ユピテイルへ攻め込む口実を作るための国王ゲイオスの陰謀だった。
ーーしかし、シャイルは雷帝騎士の異名を持つほどのスーパーダーリンな花嫁。
ツィーナの心優しさを見抜いたシャイルは、ツィーナを国王にするために動き出す！

最強の花嫁が呪われ王子を愛でて愛でて強くする！！
”逆”スパダリ恋愛ファンタジー！！
第6話 王子たちの才能
第7話 ツィーナの決意
第8話 ビリビリデートタイム！
第9話 王となる道
描き下ろしおまけ"
sei-shoujo-mokushiroku-deathpair	セイ少女黙示録ですぺあ	3	1	1	drama,supernatural	"麻枝准氏＆鬼頭莫宏氏、鬼才2名も絶賛。 

 私たちを、セカイを救う。
終末と純潔の少女革命譚。

主人公・桃園クイナ、中学二年生。彼女は、現実を、不潔で不自由で不条理にまみれた世界だと感じ、発露できない憎しみを抱えている。そんなクイナに付き纏う唯一の親友・十八之モア。モアは毎朝学校の屋上で、拡声器を使い、意味不明な妄言を叫び続ける電波少女である。世界に閉ざされた2人が、抱えきれない絶望に直面する時、物語は大きく動き始める。

麻枝 准氏&鬼頭莫宏氏の
鬼才クリエイター2名も絶賛の超話題作！！

運命に抗う少女達の、友情と革命のドラマ。 

 【編集担当からのおすすめ情報】 
 穢れた世界に、純潔を。生死の狭間に、祝祭を。
絶望を変える、少女革命譚。

この作品では、
少女達の純粋さ、儚さ、そして強い絆。
例え絶望的な世界だとしても、
必ず救いはあるという人間ドラマが
克明に描かれております。

著者・中村汚濁氏の初連載作にして、
類い希なる個性と熱量が発揮されたデビュー作です。

『CLANNAD』『Angel Beats!』『ヘブンバーンズレッド』の麻枝 准氏と、
『なるたる』『ぼくらの』の鬼頭莫宏氏の、鬼才お二人の推薦コメントは、
単行本の帯に掲載しておりますので、是非御覧ください。"
zerosen-ace-isekai-de-saikyou-no-ryuukishi-ni-naru	ゼロ戦エース、異世界で最強の竜騎士になる!	3	1	1	action,drama,fantasy	元ゼロ戦エースのコタロウは、異世界で竜のゼロと静かな日々を送っていた。そこに現れた少女エリザベスが、コタロウを竜騎士になるように誘う。争いを避けたいコタロウは一度は断るが、エリザベスの強い気持ちと空への思いが、コタロウを再び空へと導く！　ゼロ戦とともにつちかったコタロウの戦技が異世界の空を貫き、冒険の日々が始まる！　異世界ミリタリーロマン、開幕！
taimado	タイマド	3	1	1	comedy,sci-fi	代表作『サムライせんせい』（全8巻／リブレ）の黒江S介が描く、超現実的タイムスリッパー物語！ タイムスリップにお困りの際はお気軽に役所の【タイムスリッパーおもてなし窓口】--通称タイマドにご相談ください。新任職員・谷中りん子は色んな時代からタイムスリップしてきた一般市民に寄り添ううち、自分の無力さを思い知らされていく。幕末の超有名剣士・岡田以蔵タイムスリップ解決編、地獄のどんずべりな1日をタイムループしてしまう芸人編など、多くの悩める市民と一緒に過ごす超現実的でちょっと不思議な御役所どたばたコメディー！
tatsuki-to-tamaki	タツキとタマキ	3	0	1	comedy,drama,slice-of-life	"ヤクザと刑事は、連載予定作のため京都に取材へ!?
波乱の出張取材編！
堂場組の龍樹と刑事の環は、力を合わせてマンガ連載をすることに。担当編集の無茶ぶりから始まる“京都出張取材編”をたっぷり収録！ さらに、タマキの信者・亀ちゃん、タツキの盟友・乾の登場で、混沌が深まる。二人は連載へと歩を進められるのか!?"
daunaa-kei-onee-san-ni-mainichi-kasu-no-uso-o-nagashikomareru-hanashi	ダウナー系お姉さんに毎日カスの噓を流し込まれる話	3	1	1	comedy,slice-of-life	"SNSトレンド入りで話題沸騰の、カスの嘘ばかり話すお姉さんとの日常。
夕暮れ、公園のベンチに座る二人。 虚空の景色を眺める少年に お姉さんは優しい声でささやき出す。 「ねえ、知ってる？ らっきょうってあるでしょ？ あれ、玉ねぎの赤ちゃん。」"
dungeon-seekers	ダンジョンシーカーズ	3	1	1	action,adventure,fantasy	"突如、広龍の前に現れた""謎の少女""--雨宮里葉。
二人の出会いが、物語の歯車を大きく動かす！

やがて明かされる、《ダンジョンシーカーズ》の""真の正体""。
「このアプリは、ただのゲームじゃないーー」

世界を救うため、二人は命を賭けてダンジョン攻略に挑む！
未知なる上位ダンジョンで、彼らを待ち受けるのはーー！？"
darwin-no-taizai	ダーウィンの大罪	3	0	1	action,fantasy,supernatural,suspense	"善悪の彼岸が問われる。 

 その男は悪魔か、それともーーーー
善悪の彼岸が問われる。

新たな仲間を訪ねて赴いたマンションの一室で、
ダーウィンと春川が目にしたのは
飛び散った血痕と複数の遺体だった。

事件のカギを握るのは一人の政治家。

しかし追い詰められた彼が語り出した事実は、
春川の正義を強く揺るがすもので──！？ 

 【編集担当からのおすすめ情報】 
 『血界戦線』内藤泰弘氏、『桃源暗鬼』漆原侑来氏、賞賛！！

マンガワン読者数ランキングで圧倒的No.1を記録！
新感覚ダークファンタジー、待望の第2巻！！"
tsumugi-no-mahou	ツムギの魔縫	3	1	1	adventure,fantasy	魔物たちの住む荒廃した異世界『アビス』に召喚された、服づくりの天才中学生・福緒ツムギ。あらゆるものを布にする力を得たツムギは、困窮する魔物たちに服を仕立てて…!? 服を紡いで世界を救う冒険ファンタジー!!
tesukatoripoka	テスカトリポカ	3	1	1	action,drama	"メキシコのカルテル頂点として君臨した麻薬密売人のバルミロは、カルテル同士の抗争の果てに自身の組織とその全てを失ってしまう。
復讐を誓うバルミロは、逃走先のジャカルタにて闇医者の末永(すえなが)の持ち掛けた臓器売買ビジネスにのめり込んでいく。
麻薬密売人と闇医者、二つの闇社会の頂点を手にするために進む壮大な計画の行く末は……
直木賞＆山本周五郎賞をW受賞の話題作を圧倒的画力で完全コミカライズ！"
terusutaa-86	テルスター'86	3	0	1	drama,sci-fi,sports	"昭和に最新サッカーIQは通用するのか？ 

 現代から1986年に辿り着いた
スキルもIQも抜群のサッカー小僧・三浦アンジ。
ひとつ年上のヤンキー父を説得し、
イチから創部し、いい成績まで残さないと
自分が消えてしまうかもしれない!？
喧嘩、青春、家族、郷愁、情熱…人間剥き出し！

『ファンタジスタ』 『ロストマン』と
平成サッカー少年を沸かせたマエストロが大胆不敵に放つ!!
心揺さぶるフットボールロマン!! 

 【編集担当からのおすすめ情報】 
 元・サッカー日本代表・岡野雅行さんの語る
高校時代の破天荒話にインスパイアされ企画が発進。
昭和に最新サッカーIQは通用するのか？
チームメートとして現役父から子へエモいパスはつながるのか？

心揺さぶるフットボールロマンをお楽しみください!!"
toohai-shoujo	トー牌少女	3	1	1	sports	新宿トー横で行なわれている1対1の路上特殊麻雀。ここで最強の名をほしいままにする少女・えすかがいた。彼女は、自身の自由を、麻雀で勝ち取ってきたーー。第2巻では、体力自慢の男と役満を上がるか、相手がリタイアするまで勝負が続く「完全決着麻雀」が完結。さらに伏せ牌のウソを見抜いて指摘する「ダウト1」勝負。えすかと倉間の関係にも変化が訪れて、えすかの闇の一面が見え隠れする！
dragon-musume-ni-naritakunai	ドラゴン娘になりたくないっ!	3	1	1	comedy,fantasy	"待望2巻！すずとゼオスが登場だああぁー♪ 

 フツーの女子高生が、ドラゴンに変身できる「ドラゴン娘」に!? 
ただ平穏な高校生活を送りたいだけなのに・・・、
無事平穏なJKライフを過ごせるのー!? 
総再生回数6億回の超超超人気YouTubeアニメ、
エモくてかわちぃ初公式コミカライズ！
待望の2巻には、すずとゼオスが登場！
まんがだけのオリジナル展開にハラハラドキドキ（＞＜）

今回の付録カードは・・・コミックス限定「光鎧龍ホーリーグレイス」！
デュエマで大人気のこのカードを、今回もコミックスだけの
九段そごう先生描きおろし・限定イラストバージョンでお届けしますっ！！ 

 【編集担当からのおすすめ情報】 
 デュエル・マスターズの人気ドラゴン達を、人気イラストレーター・さいとうなおき氏が女の子化！！

流星のガイアッシュ・カイザーをモチーフとした流星アーシュ。
メガ・マグマ・ドラゴンをモチーフとした真久間メガ。
地封龍ギャイアをモチーフとした地封院ギャイ。
悪魔龍ダークマスターズをモチーフとした熊田すず。
煌龍サッヴァークをモチーフとしたサーヴァ・K・ゼオス。

この5人が大活躍するYouTubeアニメ「ドラゴン娘になりたくないっ！」の公式コミカライズ作品です！連載スタートから、アニメとはひと味違った展開やアーシュたちの裏側が楽しめちゃうということで大反響！

しかも2巻続けての刊行で、なんとカバーを繋げると1つの絵が完成するというスペシャル仕様♪ぜひ2冊揃えて並べて飾って頂ければと思います！"
nightmare-busters	ナイトメアバスターズ	3	1	1	adventure,mystery,sci-fi	"美しくも冷酷な「夢の世界」に挑む壮大なる冒険ファンタジー!!

やまぬ戦禍、異常気象、暴走する科学技術……現実が絶望郷と化した時、夢の世界への「大歓迎」が始まるーー

夢の世界に取り残された彗太朗を救うべく、光陽、重明、竜介は現実世界を奔走する。一方、人類を夢の世界の虜（ルビ「とりこ」）にする「大歓迎」を進める京斎は、彗太朗の「夢現力」に目をつける。虚しい現実ではなく豊穣な夢を生きろという京斎のささやきに、彗太朗は……

フル水彩＆フルアナログ作画、原画総枚数700枚、執筆5年に及ぶ破格の超大作、刮目の中巻!!


ーーーーーー

■『ナイトメアバスターズ　中』書誌情報
B6判／240頁／オールカラー／1430円（税込）／装丁：岡野乃里子／発行：リイド社／ISBN978-4-8458-6975-6

■連載媒体：トーチweb

■試し読みページ：トーチweb「ナイトメアバスターズ」
https：／／to-ti.in/product/nightmarebusters

ーーーーーー"
norainu	ノライヌ	3	1	1	action,drama	かつてはTHE OUTSIDER、今はBREAKING DOWN、そして俳優として大活躍中の 「濱の狂犬」こと黒石高大の半生が 「終末のワルキューレ異聞 呂布奉先飛将伝」のオノタケオ先生によって奇跡の漫画化！今、カリスマ性と漢気溢れる男の人生の軌跡が描かれるーーー!!
hyper-yo-yo-accel	ハイパーヨーヨーACCEL	3	1	1	action,sports	"限定ハイパーヨーヨー付き特装版、爆誕！ 

 月刊コロコロコミックで大好評連載中の「ハイパーヨーヨーACCEL」1巻の特装版！超限定のハイパーヨーヨー「アクセルオリジン ドラゴニックデビル」付き！！

ハイパーヨーヨー最強の称号HYPER BIRD（ハイパーバード）を
めぐって繰り広げる、引けば引くほど回る、
激烈な超技（スーパートリック）バトルが幕を開ける！！！！

これが令和のハイパーヨーヨーだ！！！！！
 

 【編集担当からのおすすめ情報】 
 どうも担当のコロコロカーくんです！

「アクセルオリジン ドラゴニックデビル」は
1巻特装版でしか手に入れることができない超レアなヨーヨーです！！

漫画を読んで、セカイやワカバたちと一緒にハイパーヨーヨーを始めYOぜ！！"
hundred-note-hawk-eyes	ハンドレッドノート-ホークアイズ-	3	1	1	mystery	"【紙の初版限定特典】
ホークアイズ「ハイスクール」カード(全3種）を1枚ランダム封入！
【紙版限定キャンペーン】
帯の応募券で応募で、オリジナルアクスタが抽選で50名様に！

不良の街の最強キング。嫌いなものはミニトマトとうるさい女。…その正体は「千里眼」の異能を持つ、探偵事務所「ホークアイズ」の名探偵 司波 仁。スラム街と化したTOKYOCITYの片隅で、大暴れするケンカ最強のスリーマンセルの活躍を見逃すな！　YouTube総登録者数145万人「ハンドレッドノート」公式コミカライズ第3弾。"
heroine-ga-kuru-mae-ni-ninshin-shimashita	ヒロインが来る前に妊娠しました	3	1	1	comedy,drama,romance	前世でドはまりした乙女ゲームの世界に悪役令嬢として転生したはずが、最推しであるミューゼとの子を妊娠し、婚約者となったフェリー。“氷の貴公子”と名高いミューゼは、ゲームのシナリオとは裏腹にフェリーにぞっこん！ 同じく転生者であるヒロインのリリンは、シナリオ通りにいかない世界に憤り、フェリーを陥れようとするが、設定とは異なるキャラたちとの出会いから、徐々に大切なことに気づき始める。フェリーの友人・シャーリンと王太子の関係に急発展も…！ 待ちに待った出産とその後の結婚式で、幸せ全開の第2巻！♡
farisu-no-kekkon	ファリスの結婚	3	1	1	drama,fantasy,romance	"母を亡くし、家族から使用人のように扱われていたサナ。
ある日義妹の代わりに、恐ろしい噂の絶えない
王弟殿下・ファリスの妃候補として嫁ぐことを告げらる。
初対面のファリスは見た目こそ美しいが
「すぐ出て行くことになる」と噂に違わぬ、怖く冷たい印象の人で…。
ここにも自分の居場所がないのかと落ち込むサナだが、
傷つく彼女を救ったのは、ファリスでだった。
恐れていた男であったが、彼の真摯な言葉に
サナは自分もファリスに正直であろうと、誰にも言えない秘密を告白しにいくー…。"
foodies	フーディーズ	3	0	1	action,drama	"トップフーディー神サーティーンのひとり・うどんが主役氏を口説くため、うどんレビュー三本勝負が始まった！　頂拓味の相手はうどんの申し子・稲庭讃岐。讃岐は魂のリズム食べで「冷もり」を平らげ、拓味を凍て付かせる。まさかの二戦目、そこで最終バトルを前に二人は正反対の姿になっていた──。
あの行列必至の有名店が続々実名協力、大ベストセラー『神の雫』の亜樹直原作で贈る、因縁の食レポバトル、第2巻！"
blue-lock-full-color-selection	ブルーロックFULL COLOR SELECTION	3	1	1	soccer,sports	"『ブルーロック』がフルカラーで読めちゃう！！
エゴイスト、塗っちゃいました。エゴさマシマシ傑作選！！

『ブルーロック』からエゴイスト1名を選出し、活躍回をフルカラー化した「FULL COLOR SELECTION」シリーズ！
第1弾は潔 世一の人気エピソード7話をフルカラー収録!!"
propaganda-game	プロパガンダゲーム	3	0	1	drama,suspense	「君たちには、この戦争を正しいと思わせてほしい。そのための手段は問わない。」巨大広告代理店「電央堂」の就職試験を勝ち上がった大学生8名。彼ら彼女らに課された最終選考の課題は、宣伝によって仮想国家の国民を戦争に導けるかどうかを競うゲームだった！　勝敗の行方、そしてこの選考の真の目的とは!?　先の読めないゲーム展開と衝撃のラストが、宣伝広告の本質、ネット社会における民主主義とは何かを読者に問いかける！
baby-shachuu-hackers	ベイビー車中ハッカーズ	3	1	1	comedy	"クラスに馴染めずにいる女子高生・富士。同じクラスの陽キャ・朝日。二人はひょんなことから車中泊をする仲に！
湯原温泉での車中泊を経てさらに絆を深め、一緒にいることが当たり前になっていく二人。そして、富士の保護者・圭と先輩車中ハッカー・紺にも、まさかの繋がりが!?
女子高生×車中泊！ 車で繋がる青春アウトドアガールズストーリー、第3巻!!"
bodo-kan	ボドカン!	3	1	1	comedy	ボードゲーム×監獄!!??覆面の看守により、刑務所内に集められた女囚たち、始まったのはデスゲームかと思いきや、ボ、ボードゲーム!?しかも市販品!?女たちの絶対に負けられない戦い、ここに開幕!!
bondage	ボンデージ	3	1	1	ecchi,mind-game,suspense	"エリートミッション系大学に通う
荒出杏奈（あらいであんな）にはもう一つの秘密の顔がある。
それは……“SMの女王様”---。
突如失踪した姉・絵留の唯一の手掛かりが彼女のパソコンに
残されたSMの映像であり、この世界に飛び込んだのだ。
そしてある日、有力な情報を得る。
SM嬢を巡り、様々な権力者や裏社会の人間が関与する
闇のイベントに姉がいると……。
異質な世界の更なる深淵に一人の女子大生が身を投じる！！
戦慄のSM潜入サスペンス！！"
maipeesu-to-aruku	マイペースと歩く	3	0	1	romance,slice-of-life	「きみといると、安心するんだーー」人目を気にして中学生活を送る近藤。そんな彼女の前の席に座っているのは、毎朝寝グセをつけて登校し、マイペースに日々を過ごす高橋だった。とあることをきっかけに、ふたりの距離が縮まって……。超絶マイペース男子・高橋に、みんなにっこり♪　ほろ苦く、やさしい思春期の日常、開幕!!
matori-no-oshigoto	マトリの推し事	3	1	1	drama,comedy	入省三年目の麻薬取締官・城戸久美子(26)はやさぐれていた。意気揚々と入省したものの、現実は歯抜けのジャンキーや半グレの相手をさせられるばかりの日々。そんな久美子の唯一の癒しは、華やかで見目麗しい芸能人たちを推すこと。特に今の最推しは今をときめく気鋭の俳優・江崎曽蘭。 妄想の中で“推し”に癒され前向きになった久美子は新たな仕事に取り掛かる。しかし、その被疑者のリストの中になんと絶賛どハマり中の【最推し】江崎がおり…。
museum-no-futari	ミュージアムのふたり	3	1	1	drama,slice-of-life	百人斬りの鬼武者と恐れられていた武者エリカは、誰も知らないところで働きたいと、地元の博物館の臨時職員に応募。まさか受かるわけがないと思っていたが採用されてしまい、働くことに。そこで出会ったのは、見るからに話が合わなそうなマジメ学芸員の東海林文子。ふたりと職場の面々の、心の交流を描くヒューマンドラマ。第2巻では、集客を増やそうと奮闘する博物館の人々、そしてそれぞれが抱える家庭の問題が描かれる。また、エリカと文子の関係性が、温泉旅行にふたりで行ったことで変化する…!?
level-gacha	レベルガチャ～ハズレステータス『運』が結局一番重要だった件～@COMIC	3	1	1	action,adventure,fantasy,romance	"1巻が大重版！
『強運』で謎の魔物と奇妙なスキルに出会った時、ショウタの快進撃が始まる！
『小説家になろう』四半期1位の大人気ファンタジー！"
work-sweet-balance	ワークスイートバランス	3	0	1	comedy,romance,slice-of-life	"この恋、コンプライアンス違反ですか？ 

 高学歴・高収入・顔良しのハイスペックサラリーマン、大輔。
一見順風満帆に見える彼だが、
家では祖母の介護をしながら弟たちの世話をする“ヤングケアラー”という一面を抱えている。

そんな大輔の彼女・彩香が新入社員として同じ会社の法務部に入社してきた。
彼女のキャリアを、そして自分の生活を守るために??
この社内恋愛は絶対に秘密にしなければならない。

自分の努力だけではどうにもならない悩みと葛藤を抱えながら、二人の恋の行方は…？

『教え子がAV女優、監督はボク。』の村西てんが先生が描く、
リアルで時に刺激的なオフィスラブコメ開幕！！ 

 【編集担当からのおすすめ情報】 
 人間味あふれる主人公たちの、思い通りにいかない考えや行動が現代に生きる私たちの悩みや葛藤にもじわりと刺さります。
何でも持っているように見える人も、心の奥には誰にも言えない地獄を抱えているのかもしれない??
そんな苦しさとリアルさに胸を締め付けられます。

「秘密にしなければならない」という関係の中で揺れる、 理性と欲望の危うい駆け引きにも注目！
コンプラギリギリを攻める（？）ちょっぴり刺激的なシーンもお見逃しなく！

すべてを手放さないまま、それでもまっすぐ恋する二人を見届けてください。"
vintage-tokyo	ヴィンテージ・トーキョー	3	1	1	action,supernatural	"サムライ異能バトル、激動の第2集！ 

 西暦2024年──“慶応160年”、江戸。
日本は、異能の力を持つ十二の家系に支配されていたーーーー
その支配権を巡るバトルロワイヤル「蠱毒」に巻き込まれた青年・ハムは、
戦いの中で自らも異能に目覚めてしまう。
追われる身となったハムは、
身を寄せた大名一族・酒井家と共に幕府との戦いに挑む…!!
さらに、戦いの陰に自らの出生の謎がちらつき始め…!?
パラレル×サムライ×異能バトル、激動の第2集ーー!! 

 【編集担当からのおすすめ情報】 
 【編集担当からのおすすめ情報】
『LAZARUS ラザロ』『カウボーイビバップ』『サムライチャンプルー』渡辺信一郎監督、推薦!!
累計40万部突破の『スプライト』石川優吾が贈る、バイオレンスな完全新作コミックスがついに登場!!
『格闘美神 武龍』の戦う美少女、『スプライト』の手に汗握るサスペンス、『BABEL』の和風バトル、『湖底のひまわり』のノスタルジー…
様々な顔を持つ石川優吾の魅力がひとつに融合した、新境地の異能力バトルです。第2集では、異能バトルが更に加速!! 「あの偉人」も登場し、あり得たかもしれないもうひとつの日本を巡る戦いは激化して行くーー!!"
isshou-ore-no-soba-ni-ite	一生、俺のそばにいて	3	1	1	drama,romance	"「この幸せを噛みしめて生きていくーー」
弱っていく姿は見せたくない。
匡のそばで過ごした幸せな思い出を胸に、彼のもとを離れる準備を進める璃子。
けれど、まるで恋人のように守り触れてくる匡に心臓が鳴りやまなくて…。
そして、ついに23歳の誕生日を迎えた璃子はーー。
ずっと大好きだった人と結ばれる…一度は諦めた夢の行方、それぞれの愛が紡ぐ未来とはーー…!?

余命宣告された女性が世界一幸せになるまでの
切なくも甘い、至極のラブストーリー感動の最終巻！"
santai	三体	3	1	1	mystery,sci-fi	ナノテク素材の研究者・汪水（ワン・ミャオ）は、突如自宅を訪ねてきた刑事・大史（ダーシー）から世界的な科学者が次々に自殺しているという事実を告げられる。捜査に協力することになった汪水だったが……!?　現代中国最大のヒット作『三体』をフルカラーでコミック化！　全三巻の第一弾
otome-game-no-mob-nanoni-naze-ka-oshi-ni-ai-o-sasayakarete-imasu	乙女ゲームのモブなのに、なぜか推しに愛を囁かれています!	3	1	1	comedy,fantasy,romance	乙女ゲームのモブに転生したけれど、優しい人々に囲まれて学園生活を満喫するリリベル。前世の推しである婚約者アレン様の素敵な声に、毎日心臓がもたない…！だけど、「私はモブだから、ゲームのシナリオを邪魔してはダメ!」と自制する日々。そんなある日、いよいよゲーム本編の“ヒロインと攻略対象たちの出会いイベント”が始まろうとしていた。「ついに物語が動き出す…！」と思いきや、ヒロインの言動はどこか違和感だらけで──。甘えるような仕草に、無理やりな接触、意味深な笑み…。彼女は本当にゲーム通りのヒロインなのー！？
kyounen-82-sai-no-isekai-tensei	享年82歳の異世界転生!?	3	1	1	fantasy,slice-of-life	見た目は幼女、頭脳はお婆ちゃん!? 　転生幼女、前世知識を活かして美味しいものを振る舞います！　前世の記憶を持って異世界に転生した82歳のお婆ちゃん、柊子。属性を持つスキルを所持しておらず無能の烙印を押されるところだったが、家族にそれを打ち明けたところ温かく受け入れてもらえることに。とはいえ家族の優しさに甘える訳にはいかないと、まずは貴族家の料理改革に着手し、美味しいトンカツやデザートを作ると、その料理には付加価値があることがわかり…!?料理×家事までこなす最強幼女のほっこりスローライフ、第2巻！
kyoto-gokoumachi-karisome-fuufu-no-omusubiya-san	京都御幸町かりそめ夫婦のお結び屋さん	3	1	1	fantasy,romance	不幸続きの戸塚花菜が偶然出会ったのは、古くなったものが集まるカフェ「縁庵」のオーナー・進堂一眞。職や住居を失った花菜は、とある出来事をきっかけに、一眞から契約結婚をもちかけられ、偽装夫婦としての生活を始めることになる。物に宿る思い出を見ることができる花菜は、縁庵に集まる不用品を通じて、一眞と共に人と物の新たな縁を結ぶ日常を送る。
jinsei-o-yarinaoshita-reijou-wa-yarinaoshi-o-yarinaosu	人生をやり直した令嬢は、やり直しをやり直す。	3	1	1	drama,fantasy,romance	"溺愛よりも復讐をーー。

侯爵令嬢キーラ・ヴィ・シャンディスは、ある日レグルス王より婚約破棄を告げられる。
更には無実の罪で牢へと投獄されるが、時間と影の悪魔・リュジーの力を借りて人生をやり直すことに。
二度目の人生ではレグルス王にも愛され、誰もが羨む幸せを手にするキーラ。
だが納得できないことがあったキーラは、リュジーに最初の人生へと戻すよう頼みこみーー？

与えられた幸せを捨て、悪魔とともに誇りを取り戻せ!!

※紙版と電子版で表紙が異なりますが、本文の内容は同じものとなります"
adagataki	仇敵-アダガタキ-	3	1	1	drama,sports	"「すべての怒りを俺にぶつけろ」
兄の心を破壊し、兄から剣道を奪い取った顧問・高畠を倒すために、自らも剣道部に入部した駆流。様々なライバル達との試合の中で、己の剣の道を見つめ直し、研ぎ澄ませていく。そんな矢先、高畠の前に兄が突然現れたことで、波乱が起きる‥‥。駆流は高畠と決着をつけることはできるのか？　人生をかけて倒したい敵と相対する。
魂が燃え上がる復讐の剣道ドラマ、ここに完結！"
shigoto-ningen-na-hakushaku-reijou-wa-koori-no-saishou-sama-no-ai-o-miayamatte-iru	仕事人間な伯爵令嬢は氷の宰相様の愛を見誤っている	3	1	1	comedy,fantasy,romance	"偽装婚約が遂に、崩壊のピンチ!?

ついにアーサーとの婚約発表を迎えたオリヴィア。
久しぶりの社交界と“氷の宰相”の婚約者という重責に緊張MAXとなりながらも、無事に大役を果たす。

同じ頃、第一王子と彼の婚約者セシリーにも転機が訪れ、王位継承を巡る黒い噂話の真相に急接近する！

さらに緊急事態は続き、アーサーの弱みを狙うティアラが二人の婚約が偽装であることに気付く。
だがーー

「どう考えたって両想いじゃない!!」

不可解な（？）言葉を残して姿を眩ませてしまい……!?

周囲も巻き込む両片想いな仕事人間たちの擦れ違いドタバタラブコメディ第3幕！"
garandou-no-garakuta-tachi	伽藍堂のガラクタたち	3	1	1	comedy,ecchi,romance	ガラクタを買わされること二桁万円。カモりにカモられている弱男・鴨居耕作35歳。そろそろ報われたいが現れる女ときたら“欲求不満・酒乱人妻（36）”“愛重ブラコン美少女（21）”などヤバ女ばかり‥‥。もはやこの状況モテモテなのでは？？　とも言ってられないので鴨居は今日も今日とて伽藍堂に通うのであった。頑張れ鴨居！　諦めるな鴨居！！　なんだか少し応援したくなる弱男×美人古物商のカモられコメディー！！
nisemono-ni-ubawareta-seijo-no-chii-nantoshitemo-torikaesa-nakute-ikka	偽者に奪われた聖女の地位、なんとしても取り返さ……なくていっか!	3	0	1	fantasy,romance	自国から追放されるも、隣国・スローレン王国の王子・アクトと婚約し、彼の元で聖女として活躍するイリアス。偽聖女の騒動で崩壊したスパーク王国から、多くの移住者を受け入れたスローレンは大きな変化の時。イリアス達はスローレンをより豊かな国にするため動きだしたが…。その矢先、騎士団から、元・スパーク王国の女性が行方不明になり、オークションに出品されているという報告を受ける。気が気でないイリアス、アクト、ジンは自らオークション会場に潜入するが、会場で目にしたのはオークションにかけられた義姉マリィの姿で…‼
boku-no-kanojo-wa-dekkawaii	僕の彼女はデッカワイイ	3	0	1	comedy,romance,school	クラスで一番大きな女子・大日方さんとクラスで一番小さな男子・小見くんは実は内緒で付き合っている恋人同士。そんな二人が、友人たちにバレるかもしれないドキドキを乗り越えて映画館デートへ……。ハイスペック高身長女子とヘタレちびっこ男子が紡ぐ、読んでほっこり思わずニヤニヤの身長差カップルラブコメディ第2弾！
moto-seijo-heroine-no-watashi-zokuhen-dewa-mobu-nanoni-zen-suteetasu-koukando-o-fukumu-ga-kansuto	元聖女ヒロインの私、続編ではモブなのに全ステータス〈好感度を含む〉がカンストしているんですが	3	1	1	fantasy,romance	"「もう逃さないから。俺の世界にはニナが必要なんだ」
仁奈が迷い込んだのは乙女ゲームの世界。しかし、迎えた結果は友情大団円エンド。元の世界に帰還した仁奈だったが、2年後、続編ゲームにまた転移してしまう。そこでは仁奈は村娘になっていた。しかし、全ステータスMAXで無双状態!? と思いきや、王子・アルヴィンの好感度ゲージだけが黒に染まっていて──!?"
kujishi-no-ben	公事師の弁	3	1	1	fantasy,historical,isekai	"死罪の危機！怪力力士と公事師が嘘を暴く！ 

 公事宿に現れた令和の弁、御定めの盲点を突き、江戸を裁くーー
『カバチタレ！』の田島隆と『哲也?雀聖と呼ばれた男?』の星野泰視により豪華タッグが放つ、大江戸リーガル活劇、開幕!!
司法修習生である弁護士の卵・四宮弁は、修習の一環として警察署での実務を経験することになる。ところが初日、かつての処刑場跡から発見された古い人骨の調査に立ち会ったことをきっかけに、突如として江戸時代へと飛ばされてしまう。
一体、弁はどうなってしまうのかーー!? 

 【編集担当からのおすすめ情報】 
 実力派コンビによる痛快リーガル活劇！
まだ”人権”という意識がなかった頃、法律はどんな力を持っていたのか。
現代と江戸時代の違いを”法律”を通して描いていきます。
現代の司法修習生・弁は、亡霊によって江戸時代へタイムスリップ！公事師（江戸の弁護士）の藤兵衛に拾われ、現代の法律と法医学を武器に理不尽な事件に挑む。嫁の不義密通や力士の死罪要求など、現代の理想と江戸の過酷な現実が激突する法廷エンタメ！
3集は馬を担ぐ怪力力士・雷電が登場！仲間の死罪要求に対し、弁が「瓦版」を駆使した奇策で嘘を暴く大逆転劇は必見！
第13話 5
第14話 31
第15話 57
第16話 83
第17話 108
第18話 133"
reiguu-muko-life-o-mankitsu-shiyou-to-shitara-dekiai-route-ni-hairimashita	冷遇婿ライフを満喫しようとしたら、溺愛ルートに入りました!?	3	1	1	bl,fantasy,romance	"ああ…俺、本当に、アレンの正婿になったんだ…
事故死により、BLオメガバース小説の世界に転生した平凡なサラリーマン日下部薫。しかし、転生先のクリス（Ω）は国王アレン（α）の子を産むと暗殺される運命にあった。死亡ルートを回避すべく冷遇されようとするが、なぜか逆に愛されるばかり。順調に幸せをつかんだ──そう思っていた矢先、アレンが実は前国王の実子ではなかったという衝撃の事実が明らかになり…!?"
reikoku-na-juujin-ouji-ni-migawari-de-totsuidara-tsugai-toshite-dekiai-saremashita	冷酷な獣人王子に身代わりで嫁いだら、番として溺愛されました	3	1	1	fantasy,romance	"「こんな気持ちは初めてなんだーー…」
ーー冷酷王子から身代わり姫へのご寵愛!? 
小国の王女付き侍女・ミリアは王女様が大好き！
そんな大切な王女が隣の獣人大国から政略結婚を所望されるも、
王子は最低最悪で有名な女遊び王子と噂…。
ミリアは王女を守るため身代わり花嫁になることを決意する。
幸いにも王子は花嫁に興味ゼロ！
半年ひっそりとやり過ごし離縁に持っていこうと思っていたのに…
なぜか王子が甘く迫ってきてーーー!?
冷酷王子のまさかの溺愛は、身代わり花嫁には甘すぎる!?
政略結婚から始まるドタバタ身代わり♥ファンタジー、ここに開幕！"
shokei-sareta-saikyou-no-gunyou-majutsushi-haisenkoku-no-elf-hime-to-kokka-saikensu	処刑された最強の軍用魔術師、敗戦国のエルフ姫と国家再建す	3	1	1	action,fantasy	イングレッサ王国に対し反抗を始めたヘルトとイリス。王国はそんな二人の元に魔導機関を派遣し降伏勧告を行う。降伏を拒絶したイリスは、滅ぼされた祖国・リーフレイア森林国の再興を宣言した。面子を潰された敵指揮官は魔杖隊による総攻撃を命令しーーーエルフの国を焦土と化した魔術攻撃を前にヘルトの大魔術が起動する!? 処刑された魔術師と国を滅ぼされたエルフ姫による、国家再建リベリオン・ファンタジー第2巻！
toutatsu-no-akuta	到達のアクタ	3	1	1	drama	有名女優の母を持ち役者を目指す天津アリサは、幼い頃に出会った天才・黒川凪の演技に打ちのめされる。高校生となったアリサは凪も出演する映画での役をオーディションで勝ち取り、撮影本番で卓越した演技を見せつける。かたや、宿敵の凪は気配を消したまま。しかしそれは、「天才の演技」のほんの一部にしか過ぎずーーー。これは『感動』を生み出すことに命を懸ける「役者」たちの物語。
mae-kousetsu-hyakumonogatari	前巷説百物語	3	1	1	mystery,historical	"不条理なる人の世でーーー
表に出せぬ悪念を、払う仕掛けは妖の口!?

「寝肥」「周防大蟆」の仕掛けで浮世の損を精算してみせた又市の元に、継子殺しを自白する武家の妻が現れる。
だが、罪の自白を損料屋へ持ち込むという後妻の不可思議な言動に違和感を覚えた又市は、表向きは継子殺しに見える事件の裏を探り、秘された後妻の心情と武家ゆえの事情に行き着いた。
その複雑に絡んだ糸を解くべく、又市は解決の道筋を妖怪の仕業に見立てることにーーー。

憂き世を優しい怪談に変える、はじまりの百物語第三幕。"
yuuma-no-oukoku	勇魔の王国	3	1	1	action,comedy,drama,fantasy	"様々な脅威と直面する、迷宮編スタート！！ 

 魔王ザイラスと部下たちの働きにより、
着々と整備が進むスカイシード。
しかしある日、町に魔物が大量発生!!
同時に地下には迷宮が出現!!
ザイラスは原因を究明すべく、
ハーレンやシャイルと共に迷宮へ潜入するが…?

未知の魔物、先人の遺産と邂逅する、
迷宮編スタート!!"
bake-no-kawa-no-hitobake	化けの皮のヒトバケ	3	1	1	comedy,drama,supernatural	"フフッと笑えてちょっぴりせつない妖怪絵巻 

 令和の世を人間として生きる妖怪・
“人化（ヒトバケ）”--
彼らにも、それぞれ
生きていくうえでの悩みがあるらしい。

雪女・六花（りっか）は、
そんな人化からの相談を受け、
解決を手助けする役目を祖母から引き継いだ。
六花は、「人化の母」と慕われていた
祖母のようになれるのか、なれないのか……

少年サンデー連載『妖怪ギガ』の著者が贈る、
ゆるくて楽しい、そして
ちょっぴりせつないヒトバケライフ！
 

 【編集担当からのおすすめ情報】 
 天狗・枕がえし・小豆はかりなど
相談にやってくる人化たちと
雪女・六花のやりとりは、
どこかズレていながらも
ゆるくなめらかに転がっていきます。

クスッと笑えるコントのような
軽妙なセリフ回し、
けっこうクセになる味わいです。
第1話 人化の六花
第2話 天狗の人化
第3話 反枕（まくらがえし）の人化
第4話 小豆はかりの人化
第5話 化け草履の人化・前編
第6話 化け草履の人化・後編
第7話 日和坊（ひよりぼう）の人化
第8話 わいらの人化・前編
第9話 わいらの人化・後編"
namae-no-nai-byouki	名前のない病気	3	1	1	drama	"奥浩哉氏、林士平氏絶賛！メディアで話題！ 

 衝撃の展開に、貴方はきっと息を呑む。

実家で30年引きこもる「長男さん」を漫画に描くことに決めた道雄。
自身の大病、両親の死……家族の深淵に迫る中で蘇る、壮絶な記憶の数々。
それを描く「作家の業」を背負う中で、道雄の心が揺れ始める。
そんな折、思いもよらぬ出来事がーー

メディアで話題！（毎日新聞、文春オンライン、プレジデントオンライン、東洋経済オンライン、デイリー新潮、日刊SPA！、まいどなニュース他）
『母を亡くした時、僕は遺骨を食べたいと思った。』の宮川サトシが放つ衝撃作、第3集！

●宝島社『このマンガがすごい！2026』オトコ編 19位 ランクイン！
●第1回「スペリオールドキュメントコミック大賞」大賞！

絶賛の声、続々！
◆奥浩哉（漫画家＝『GANTZ』『GIGANT』『還暦姫』）
「面白い！いわば『ザ・ノンフィクション』のアタリ回ばかり！」

◆林士平（漫画編集者＝『SPY×FAMILY』『チェンソーマン』『ダンダダン』）
「答えが出せない、家族の苦しみーー……
丁寧に掘り起こし、描ききるその先に、何があるのか。最後まで見届けたい、連載作品です」 

 【編集担当からのおすすめ情報】 
 これまで一度も自身の「家族エッセイ漫画」に登場させなかった、実家で30年引きこもる長男を描く「ドキュメントコミック」の最新刊です。
これまで漫画家・押見修造氏、オモコロ編集長・原宿氏が絶賛した本作。
今回は漫画家・奥浩哉氏、漫画編集者・林士平氏が、推薦コメントを寄せてくださいました。
数多くのメディアでも取り上げられた話題作、ご"
kimi-wa-ore-no-yasashikunai-haru	君はおれの優しくない春	3	0	1	comedy,drama,romance,school	身長192センチ、顔に傷を持ち周りから「怖い人」だと勘違いされる氏岡佐の今までの学生生活は寂しい日々だった。高校入学の日、友達をつくって楽しい高校生活にしようと意気込む氏岡の前に、バナナの皮で転ぶ下星崎小鶴との衝撃的な出会いが待っていた！ とんでもなく空回っちゃうけど、氏岡を見た目で判断しない、一生懸命に頑張る下星崎に心を打たれた氏岡は、友達になることに!? 友達も青春も初心者だけど、二人で青春、頑張るぞ!!
zennin-no-otsu-san-boukensha-o-intai-shite-kojiin-no-sensei-ni-naru	善人のおっさん、冒険者を引退して孤児院の先生になる	3	1	1	ecchi,fantasy,romance	"初恋の人とケモっ娘たちと仲良くなり、おっさんの幸せスローライフは絶好調ーー!

過去の大ケガが原因で引退を決意したベテラン冒険者・ジロ。
初恋相手であるエルフのコレットに告白をしたことで、二人の仲はより親密な関係に至る。
同時に申し出た孤児院の先生になることも実現し、ケモっ娘たちも一緒に幸せな生活が始まろうとしていた。
そんな中、コレットはジロにかつて突然失踪した真相を明かす…。
温かくてちょっぴりえっちなスローライフ、第2巻♪

ここでしか見れない、2人の初めての夜を描いた特別描き下ろし収録！"
kokuhoukyuu-reisoku-no-kyuukon	国宝級令息の求婚	3	1	1	fantasy,romance	"テリルが独りで長年抱え込んでいた秘密を知ったイラリオン。
彼女が身をもって自分のために奮闘してくれたことを知り、
ますます想いが溢れ出してしまう。
そんなイラリオンの想いに、テリルもまた応えたいと願った。
ふたりで歩むまだ見ぬ未来のため、
彼女は自分を迫害していたかつての家族と決着をつけることに。
一方、イラリオンは過去の術式に取り残されたもうひとりの自分「ラーラ」に会うため、満月の夜、一人で思い出の地・ボンボンの湖へ。
重く苦しい過去の出来事を前に、国宝級令息のとった行動はーー。

「時空さえ飛び越えて、私が愛するのはいつだってあなたひとりだけです」

一途に想い続ける国宝級令息と秘密を抱えて恋をする令嬢の
運命を越えたピュアラブファンタジー最高のハッピーエンドへ"
jigoku-no-sata-mo-ougon-shidai	地獄の沙汰も黄金次第	3	1	1	action,adventure,fantasy	フロンティアで【錬金術】を手に入れた沖ハジメは、『黄金の魔女』エレノア・オーシャンとして、全国のギルドだけでなく、全国民の注目の的となる。ある日、レベルアップのためにクーナー遺跡に行ったエレノア（沖田）は、女子アナに扮して追いかけてきたA級冒険者・三枝ヨシノの危機を救う。ヨシノは、ギルマスの従妹だった⁉　さらに、クーナー遺跡で偶然、怪我を治療してあげた横川ナナカも現れ…エレノア（沖田）の周りには、なぜか美女が集まってきて⁉
chikyuu-no-kodomo	地球のこども	3	1	1	drama,mystery	"男女怪死事件。その事件で兄を失った高校生・誠は、同じく母を失った少年・星一と出会う…。
少年ふたり。挑むのは異形の陰謀。

男女二人が電車に轢かれて死んだ。年齢も性別もバラバラ、ただ一点だけ奇妙な共通点があった━━。頭部を潰すように死んでいたことだ。事件で兄を失った高校生・誠は、同じく母を失った少年・星一と出会う。彼らはこの怪死事件に「ある組織」が関わっていることに気づく。兄と母は自殺ではなく、死ぬように仕向けられたのではないか…？　そしてそこに関わる「異形の生物」とは？　謎を追う少年たちの、ひと夏のサスペンスが始まる。"
urareta-hanayome-wa-gikazoku-ni-dekiai-dekiaisareru	売られた花嫁は義家族に溺愛される	3	1	1	fantasy,romance	"LINEマンガ　日間総合ランキング1位（2023年11月14日時点）
待望のフルカラーコミック

＜フルカラーコミック＞
「そう簡単にはいかないですね」
ディスペンサー家にレナを売り捨てた実家族が現れた。
貴人を招いた大切なパーティに無断で乗り込んできたのだ。

「なにするんですか!?」
レナの両親と姉は、義家族に取り入ろうと非礼な言動を繰り返す。

「解決してくるので行かせてください！」
余りにも非常識な振る舞いを止めるため、
レナは毒親に立ち向かうがーー。"
tengu-to-kitsune-chichi-ni-naru	天狗と狐、父になる	3	0	1	drama,fantasy,romance,slice-of-life	"実華の実の父親・桜葉の存在を知り、実華と宮杵稲ために身を引いた最強の大天狗・黒舞戒。二人から離れて山に籠もり、孤独な日々を過ごしていたが黒舞戒の許に、宮杵稲が「行方不明」になったとの知らせが。再び人間社会へと降り立った彼が目にしたのは、妖力を持たぬ人間・桜葉が仕掛けた、残酷な「生け贄」の儀式だった ---。
伝説のあやかしたちが「父親」になるまでの物語、感動の最終巻！"
taiheiyou-sensou	太平洋戦争	3	1	1	historical,drama	昭和十九年、日本から出港した大艦隊は、レイテ大海戦を境として、永久に姿を消した。生きることを望みながら、死んでいった者たちへ。祈りをこめて描く渾身の戦記漫画。筆者が自ら責任編集にあたった『少年戦記』の掲載作を中心に、戦記や取材をもとに描いた力作を集成。歴史の流れに沿って漫画で読む、太平洋戦史。全三巻。〈解説〉大木　毅〈収録作品〉マリアナの竜／決戦レイテ湾　第一部〜完結篇／／硫黄島の白い旗　ほか一篇
keiyaku-kon-shita-aite-ga-oni-saishou-deshita-ga-konotabi-saishoushitsu-sennin-hosakan-ni-ninmei	契約婚した相手が鬼宰相でしたが、この度宰相室専任補佐官に任命された地味文官〈変装中〉は私です。	3	0	1	drama,romance	妻であることを隠したまま、宰相室専任補佐官としてレオンと働くことになったクリスティーヌ。初めての御前会議でアルノーに出会い、その挙動で笑いが止まらなくなってしまった。会議再開の時間が迫る中、笑いを止めるためレオンがキスしてきて!?　これって浮気!?　キスについてどう受け止めていいのか、クリスティーヌは悩んでしまってーー。
megami-kara-fuka-no-skill-o-sazukatta-ore-ga-naze-genjuu-ya-shinjuu-o-shitagaeru-saikyou-tamer-ni	女神から『孵化』のスキルを授かった俺が、なぜか幻獣や神獣を従える最強テイマーになるまで	3	1	1	adventure,fantasy	"妹のために仕立てたドレスが新たな出会いを呼び
国家冒険者への道を拓いていくーーー！

国家冒険者試験を順調に突破してきたクラウスだが、本試験に進むには上級国民三名以上の推薦が必要だった。
この国に来たばかりでコネを持たない彼にとって、それは大きな壁となる。
推薦の手がかりを求め、上級国民が集う社交パーティーへと臨むが、妹のセリアも学校の関係で出席することに。
ドレスが用意できず困る妹のため、クラウスは従魔由来の素材で一級品のドレスを仕立て上げる。
だが当日、セリアの装いは注目と反感を集め、騒動へと発展してしまいーー。

Webで超人気の冒険者テイマーファンタジー!!
待望の第3巻！"
megami-no-kago-o-ukeshi-mama-no-saga	女神の加護を受けしママのサーガ	3	1	1	adventure,comedy,ecchi,fantasy	"魔王軍に身を投じている若き魔術師のカイン。
彼を魔王軍から抜けさせたい母親の魔術師ルルディアナはカインの親友で司祭のイズニールと「愛と加護の儀式」を行い、魔力を強化してカインに対峙していた。
カインは対峙するたびに母親と親友の淫らな行為内容を毎回聞かされる羽目に!?
マジカルエロコメファンタジー！"
tanoshimi-no-hanayome	娯しみの花嫁	3	1	1	fantasy,isekai,romance	"「巨大モグラ叩き」「空中で音ゲー」などなど……
ギャルJKがつくる「異世界テーマパーク」へ、ようこそ！！
第2巻は新たな展開へ。
アゲハは、ロウガとともに、ロウガの妹を救うための旅へ出る。"
konyaku-haki-sareta-meshitaki-reijou-no-watashi-wa-reikoku-koushaku-to-senzoku-keiyaku-shimashita	婚約破棄された飯炊き令嬢の私は冷酷公爵と専属契約しました	3	1	1	fantasy,gourmet,romance	"「メルフィー・ランバートにお任せあれ！」

子どもの頃から家族に虐げられ、「飯炊き令嬢」として料理をさせられてきたメルフィー。
ある日突然、婚約者のシャローから婚約破棄される。しかも新婚約者はなんとメルフィーの義妹、アバリチアだった…！　
家を追い出されたメルフィーは、「冷酷公爵」ルークの元でシェフとして働くことになる。
しかし通された食糧庫では食材が床に散乱し、使い物にならない状態だった…！
絶対に夕食を出さなければ、もう居場所がない…。
メルフィーが限られた食材で作った料理とはーー？

「心まで氷の魔術師」と呼ばれるルークを、メルフィーのとっておきの料理が変えていく！
お料理上手なヒロインと、冷たいけどグルメな公爵が繰り広げるデリシャス・ファンタジー！"
konyaku-haki-sareta-mahou-yakushi-wa-honoo-no-kishi-ni-dekiai-dekiaisareru	婚約破棄された魔法薬師は炎の騎士に溺愛される	3	1	1	drama,fantasy,romance	"元・魔法薬師がメイド生活スタート！？ 

 全てを奪われ、絶望の淵で川へ転落したクレア。
凍てつく流れにのまれ、静かに幕を下ろすはずだったその命に、思いがけずーー奇跡が訪れる。

「生かされたことに、きっと意味があるはずだよ。」
そう語りかけてくれたのは、海辺で彼女を助けてくれた親子、アンジェラとパット。
二人の温かな励ましに支えられ、クレアは「ここで生きる」と決意する。
職業斡旋所の紹介を受け、クレアは身分と過去を隠し、「薬師」としてではなく「メイド」として働くことに。
その奉公先で出会ったのは、かつて“炎の騎士”と讃えられた寡黙な男・フレデリックだった。
過去に傷を抱えた者同士ーー彼女は再び踏みにじられてしまうのか。
それとも、今度こそ、自分の手で未来を掴めるのか。
幾度も裏切られ、それでも諦めなかった彼女は、少しずつ「本当の居場所」へと歩み始める。
これは、誰にも愛されなかった魔法薬師が、ようやく自分の価値を信じられるようになる物語。 

 【編集担当からのおすすめ情報】 
 本作は、心に深い傷を負いながらも、もう一度人生を歩み出そうとする一人の女性の再生の物語です。
かつて薬師として努力を重ねてきた彼女は、今度はメイドとして新たな生き方を選びます。
奉公先で出会うのは、同じく過去に囚われた“炎の騎士”と呼ばれた男・フレデリック。
過去を背負う者同士が、少しずつ心を通わせていく姿には、静かで確かな温かさがあります。
繰り返される理不尽や孤独に、それでも抗おうとするクレアの姿は、読む者の胸を強く打ちます。
生きづらさを感じている方にこそ、そっと寄り添うように手渡したい一冊で"
soratobu-baiorin	宙飛ぶバイオリン	3	0	1	drama,music,romance	バイオリンを弾かなくなった思春期の少年・吉田良雄は、転校先で馴染めず、つまらない学園生活を過ごしていた。そんな彼はある日、今までみたことがない少女・天野テセラを教室で発見。誰も彼女に違和感を持っていなく、疑問に思った彼は彼女を追いかける…。すると「ブランデンブルク協奏曲」が流れ始め、突然、目の前に彼女が現れたのであった。そんな彼女にバイオリンを聴かせるつもりが、圧倒的な才能を持つ仙波カノンの音がテセラに届くことに。カノンの音に感嘆するテセラ。いい音を何も発せることができない吉田は自分の現状に嘆き、改めて頑張ることを決意。彼はコンクールに出場し、結果を残すことを目指していく。恋、音、宇宙！　バイオリンを軸に、わからないことばかりのなかで成長する少年少女を描くときめきジュブナイル！
kougei-shokunin-wa-sekando-life-o-ouka-suru	工芸職人はセカンドライフを謳歌する	3	1	1	adventure,fantasy	"多くの仲間と村づくりを進め、充実した生活を
送っている天才工芸職人ウィルム。
しかしある日、魔女の住んでいる村が
賊に襲われたという情報が飛び込んでくる。
救出に向かったウィルム達は
敵であったケネスを説得し仲間に加え、
捕らえられていた魔女の娘ミミューを助け出す。
新たな仲間を加えたウィルム達は
捕まった村人やミミューの母親も
救出すべく奔走していくーーー!!"
sasen-sareta-munou-kyuutei-mahoutsukai-jitsu-wa-mahou-ga-nakutemo-saikyou	左遷された〈無能〉宮廷魔法使い、実は魔法がなくても最強	3	1	1	action,adventure,fantasy	"【無能】宮廷魔法使いのジーグとルルナは王都を目指す旅の途中、魅魔のフィリムと出会い新たに仲間となった。ジーグの魔法【強化】の能力を知るためにジーグたちは物知りなヴァンパイア・アミンがいるムジアの大図書館へ行き、能力を教えてもらう。【無能】と蔑まれていた【強化】は互いを信頼することで相手を何倍にも強くする最強の能力だった。だが【強化】は武器にも適応されてしまい、ジーグの魔法に耐えられず武器が持てないようになってしまった。ジーグでも持てる武器を作る鍛冶師を訪ねてジーグたちは森へ。すると森に入った途端、謎の少女に襲撃される。
「人間は敵だ！ お前たちのせいで…」
と言い、ジーグたちに敵意を向ける──。彼女にいったい何が──!?
【無能】こそ最強──!!
追放された魔法使いが仲間と共に無双する成り上がりファンタジー第3巻！"
teito-no-kakushi-miko	帝都の隠し巫女	3	1	1	fantasy,romance,supernatural	"瑠璃に縁談！？ 泉との同居生活の行方は… 

 両親と死別し、実家を親類に乗っ取られた元華族令嬢・滝沢瑠璃。彼女は呪いを解いて救ってくれた「帝都一の呪術医」土志田泉の元でそのまま使用人となり、同居することになる。
そんなある日、瑠璃は突然訪ねてきた名門華族・水無瀬家の嫡男である栄丞から求婚されるが、栄丞の目的は未来を予知する瑠璃の能力「巫女の力」だった。
そして瑠璃の力を自分の野望のために利用しようと企む彼には、今まで踏み潰してきた者たちの恨みからなる膨大な怨念が纏わりついていた。
当然栄丞の求めを断る瑠璃だったが、事情を知らぬ泉からは「よかったではないか」と言われてしまう。さらには陰陽師の名門である鷹宮家の者が、泉を訪ねてきて…？
瑠璃は栄丞との縁談から逃れられるのか？ そして泉の謎、彼があやかしを視れなくなった理由とは？ 明治陰陽ファンタジー、ついに完結!! 

 【編集担当からのおすすめ情報】 
 没落令嬢×視えない呪術医の明治浪漫、ついに完結の第3巻！ 進展しそうでじれったい瑠璃と泉の関係は？ そして泉の秘められた過去も明らかに？
陰陽師としての実力を遺憾無く発揮する泉の活躍も、ぜひご覧ください！"
osananajimi-no-koukousei-no-aida-ni-nikutai-kankei-wa-seiritsu-suruka	幼なじみの高校生のあいだに肉体関係は成立するか。	3	1	1	comedy,ecchi,romance	"夏本番を迎えた幼なじみの高校生男女4人。
とある猛暑日、一軒家のエアコンが故障し
彼らの憩いの場は灼熱地獄へと一変してしまう……。
避暑を求めて訪れた海辺の別荘では、
海水浴で冷えた身体を&quot;人肌&quot;で温め合ったり、
女子が男子のお風呂場に突撃したりーー!?
別荘で過ごす刺激的な一夜が、
幼なじみたちを急接近させる！
ひとつ屋根の下で起こる
恋と友情と性の物語、
第2巻。"
osananajimi-ga-watashi-o-korosou-to-shitekimasu	幼馴染が私を殺そうとしてきます	3	1	1	fantasy,romance	"不治の病で命を落とした主人公が転生した先は、好きだった小説の世界。 しかし、その役は主人公ではなく、物語の序盤で溺死する運命にあるレリア・アウラリアだった！ レリアは、皇太子の暗殺を恐れたアウラリア皇帝の命令で、 五帝国の皇族が集まる神聖中立区域へ替え玉として派遣される。そこで他の帝国の4人の皇太子たちと 深い絆を結ぶことになるが、彼らは将来「光竜討伐」に成功する英雄たちだった。 レリアは彼らと涙ながらに別れ、年月が流れる。光竜を討伐し英雄となった幼馴染たちが再びレリアを訪ねてくるが、 感動の再会とはならず、彼らは「お前は友人を殺した」とレリアを疑い、怒りをぶつける。 かつての友人たちに命を狙われる状況で、レリアは真実を解き明かし、失われた関係を修復しようと奮闘する。 果たして、レリアは彼らとの絆を取り戻せるのか？ 幾重にも絡み合った運命が織り成す、愛と殺意100％のロマンスファンタジー！
ピッコマ恋愛ランキング1位獲得（2025年9月9日調べ）の大人気作品が待望のコミック化!!"
jakushou-kokka-no-eiyuu-ouji	弱小国家の英雄王子	3	1	1	action,fantasy	"聖女のおだてで
うっかり戦争勃発!!!!!

弱小国家の王子アレンは、妹アリスから押し付けられた財政再建と神聖国との関係改善という無理難題を解決するため、国境沿いの鉱山を奪い、そこに教会を建てる際どい任務に就く。

道中、同行する聖女ソフィアから英雄として称賛を浴びると、美少女に弱いアレンはつい調子に乗ってしまいーー

「英雄の凄さをお見せしようじゃないか！」

勢いで放った魔術が、まさかの新たな戦争を呼び込むことに!?

今回のピンチは、さすがに自業自得!?
自堕落王子の無双ファンタジー、第三幕！"
yakume-o-hatashita-hikage-no-yuusha-wa-henkyou-de-jiyuu-ni-ikite-ikimasu	役目を果たした日陰の勇者は、辺境で自由に生きていきます	3	1	1	adventure,fantasy	"怪物ひしめく辺獄の開拓を進める、元勇者パーティーの影の功労者クレイ。家を建て、街道を建設してとやりたい放題だったが、その領分は開拓にとどまらず…? ある日、村で出会った若者の“師匠”になることに。
国家機関でないと調べられないはずの適性を、“なぜか”判別できるクレイは、辺境の村人たちが一生知る機会すらなかった才能を次々と見極めていく。すると、冒険者になる夢を諦めかけていた少年・キエザや、平凡な人生を選ぶしかなかった少女・リタに“伝説級”の適性があると判明！ クレイというとんでも存在が現れたことで、彼らの才能は大きく芽吹き始めてーー!?
さらに、辺獄でクレイを監視していた謎の美しいエルフと邂逅し、底知れぬ猛者同士が激突!? 元仲間である聖女フローラもクレイを追いかけてきてーー！ 引退した真の勇者が挑む辺境開拓ファンタジー、未来を拓く第2巻！ おまけ漫画に原作者書き下ろし小説2本も収録。"
kare-wa-tomodachi-urano-2025	彼は友達	3	0	1	comedy,slice-of-life	友達だと思っていた戸森くんに思いがけず告白されてしまったことをきっかけに、「大庭くんと友達になりたい！」という自分の気持ちにも恋愛感情が混ざっていたことに気がつき、落ち込む小桃。それでも親友・マミちゃんの手を借りながら、戸森くん、そして大庭くんの“二人の男友達”に、再び正面から向き合おうと決意してーー！？　男友達を作るのって実は彼氏を作るよりずっと難しい！？新世代が贈る青春友愛コメディー第2巻！
koukyuu-no-hanamusubi-shi	後宮の花結師	3	0	1	drama,fantasy	"雑草娘娘が後宮の伝説となるーー！？下級女官から始まるシンデレラストーリー！
後宮の底辺女官、草苺。雑草むしりが主な仕事の彼女には、唯一の特技があった。それは女性の命であり品位の象徴でもある「癒花」--頭部に咲く花を整える「花結い」。花結師になることを夢見ながらも、どこか諦めていた草苺だったが、ある日、高貴な身分の妃嬪が助けを求めてきてーー…。草苺の花結いと癒花の力が、やがては後宮を救う術となる…！？"
tokugawa-maizoukin-ha-america-ni-gozaru	徳川埋蔵金はアメリカにござる	3	0	1	action,adventure	時は享保、徳川吉宗の治世。幕府は財政危機に陥っていた。この事態を打開する切り札、それは家康が残した莫大な『徳川埋蔵金』！　その在り処が示された地図を手に『忍びの虎次郎』が向かうのは、未だ国はなく先住民族と移民が割拠する新大陸アメリカであった！　そこで出会った先住民族の女と埋蔵金に数奇なつながりがあり……。未開のアメリカを舞台に、歴史には語られないもうひとつのゴールドラッシュが始まる!!!!
seibetsu-fushou-vtuber-tachi-ga-ofukai-shitara-ore-igai-zenin-joshi-datta	性別不詳VTuberたちがオフ会したら俺以外全員女子だった	3	1	1	comedy,romance,slice-of-life	"性別不詳で活躍する4人のVTuber・性別不詳組。
唯一の男子である甘露ケイこと栗坂恵は、藤枝トモこと志藤留依のことを
ずっと親友だと思っていた。…思おうとしていた。

人気VTuber・宴百年セレネのイベント「年末大宴会」はもう目前。
ここで行われるゲーム大会の優勝賞品、5分間のフリータイムがケイはどうしてもほしかった。
自分の気持ちを、あの子に伝えるために…！

VTuber・甘露ケイにとっても、そして栗坂恵にとっても、一世一代の大勝負。
ギャップだらけのドタバタラブコメ完結！"
koi-wa-sora-kara-futte-kuru	恋は空から降ってくる	3	1	1	romance	"推し活OL×推し強男子メロ甘同居LOVE 

 二次元しか愛せない推し命のOL・蜜姫の元にある日突然、
空から降ってきた推しキャラと激似の青年・颯。
元・スケボー日本代表選手ということ以外謎に包まれた彼と
危険な同居生活が始まって…!?
颯との生活は、過去のトラウマからリア恋NGとなった蜜姫の
心を優しく溶かしていく。
そんな中、颯が突然蜜姫の前から姿を消してしまい…？
彼が突然姿を消した理由、そしてその驚きの正体とは!? 

 【編集担当からのおすすめ情報】 
 颯が突然いなくなって傷心の蜜姫にシゴデキ上司・宝来が迫り、
颯との新たなラブバトルが勃発！ますます目が離せない第2巻！"
akujo-no-watashi-o-shokei-shita-kishidanchou-ni-naze-dekiai-dekiaisaretemasu	悪女の私を処刑した騎士団長に、なぜか溺愛されてます	3	1	1	fantasy,romance	"父親と決別したウィスタリアだが、国賊の娘として爵位を奪われてしまう。
帰る家のないウィスタリアを助けてくれたのは、またしてもガーランドだった。
公爵家に迎え入れられ、穏やかで優しい暮らしが始まったふたり。
従弟のクラインも加わって、生活は一気ににぎやかに華やぐ。
ところがガーランドに執着する公爵令嬢ジェラニアムが現れーー波乱の予感！？
闇落ち令嬢×過保護な騎士団長の逆行ラブストーリー
単行本でしか読めない描き下ろしを収録した第2巻！"
akujo-kougou-no-senzoku-jijo	悪女皇后の専属侍女	3	1	1	fantasy	皇后が社交界から除け者にされていることを知ったパレサは、彼女の権威を取り戻す第一歩として、皇后主催の「皇室舞踏会」の開催を提案する。順調に準備も進み、大勢の貴族が招待された舞踏会だったが、ワガママ皇后が恐れる、ある人物の登場で状況は一変して──！？
akuyaku-reijou-ni-tensei-shita-haha-wa-kosodate-kaikaku-o-itashimasu	悪役令嬢に転生した母は子育て改革をいたします	3	1	1	fantasy,isekai,romance	"3児の母がワンオペ育児に倒れたら、愛読してた小説「トワイライトLOVE」の悪役令嬢オリビアに転生！

子どもたちの行方不明事件は解決できた。
だけど背景にある教会、王妃殿下の存在が重くのしかかるーー。

王太子ヴィルはもしかして「毒親」に苦しめられていたのじゃないの？
転生前のオリビアは物理的に「毒」を盛られていたのでは？

だったら子育て改革のためにも、国家の中枢であっても物申しに行かなくては。
王妃殿下、どうかお待ちくださいませ。

包容力抜群子供大好き公爵令嬢オリビア（中の人は3人の子供を育ててました！）と、ちょっぴり強引で俺様なハイスぺ王太子殿下（ならば、なぜ散歩に行く直前のワンコのような目をする？）との恋愛ファンタジー、人気沸騰第3巻！"
wakuai	惑愛	3	1	1	romance	"司教館で暮らし始めたジュリエッタは、毎夜悪魔祓いにミケーレが来てくれるのを待ち焦がれていた。悪魔を理由に部屋へ行こうか悩んでいたある晩、ミケーレが悪魔に関する本を持って訪ねて来て…？

麗しき聖人×儚き修道女
「私がおまえを護っているという印だ　これがある限り悪魔はおまえを苦しめない」
「そんなことができるのですか？やっぱりミケーレお兄様はすごいのですね」
「ただひとつだけ約束してほしいことがある　私以外の男がおまえに触れたら悪魔は途端に暴れだし地獄に引きずり込もうとするだろう」
神に仕えるふたりの許されぬ恋更なる深みへ…"
aisarenakutemo-betsuni	愛されなくても別に	3	0	1	drama,romance,slice-of-life	"吉川英治文学新人賞受賞で映画化された話題作が、大注目新人漫画家シェリーリリー氏によりコミカライズ！
大学生の宮田陽彩は学生生活以外のほとんどをバイトに費やし、学費と生活費を稼ぐ。家に帰れば浪費家の母親のために家事をこなす。そんな彼女には、遊ぶ時間もお金もなく、友だちすらいない。ただただ人生を消費し、精神と体力をすり減らしていく毎日。母への愛という呪縛に縛られた陽彩の日常を江永雅との出会いが変えていくーー。
愛情は、すべてを帳消しにできる魔法なんかじゃないーー。毒親、虐待、貧困…現代社会のリアルを抱えて生きる彼女たちの、先のことは分からずとも「今への希望」を見つける物語。"
aisuru-tsumori-nazo-naindeshoukara	愛するつもりなぞないんでしょうから	3	0	1	comedy,fantasy,romance	"これが『愛するつもりはない』ってやつ？ 

 辺境の地で脳筋な兄たちに囲まれ、自由に暮らしていた辺境伯爵家の次女・ディアナ。ある日王命によって、婚約破棄された公爵令息・ラキルスに突如嫁ぐことに…！

「可憐な姫の後が、脳筋な辺境伯んとこの娘って、公爵令息もかわいそうに…。これはあれでしょ？『お前を愛するつもりはない！』ってやつでしょ？」

期待も遠慮も捨てている、自称""野ザル""の新妻ディアナと、
好青年の仮面を引っ剥がされていく旦那様ラキルスのすれ違い物語ーー 

 【編集担当からのおすすめ情報】 
 ガガガ文庫のファンタジーノベル大賞で奨励賞を受賞した作品のコミカライズ！
第1話から、「身も心もストロングな女傑主人公久々に見た」「めちゃくちゃ脳筋思考で笑っちゃった」など脳筋ヒロインに反響続々！！"
medete-haru	愛でて春	3	1	1	drama,fantasy,romance	"朱神宝が描く溺愛×異世界ファンタジー！！ 

 自己肯定感が低く、恋愛運がない会社員・春（はる）。
「特別な人にめぐり逢いたい」と願う春は、
占い師から買った石を手に眠りに落ち…
目を覚ますと異世界にいて！？

呪いをかけられ身体中にアザが拡がり、
死を待つ公爵・エルドと出会う。
なんと春が、エルドの呪いを唯一“浄化“できる
“癒しの魂“だと発覚して…！？

『コーヒー＆バニラ』の朱神宝が描く
極上の溺愛×異世界ファンタジー！！ 

 【編集担当からのおすすめ情報】 
 累計1150万部突破の大ヒット少女漫画「コーヒー＆バニラ」の
朱神宝先生の新作は、異世界ファンタジー！

もちろん「コヒバニ」ファン待望の、あまあま溺愛要素たっぷりの作品です。

「愛で春」の推しポイントは、ヒーローである公爵「エルド様」のキャラクター！
「コヒバニ」の深見社長同様、主人公の夢を何でも叶えてくれる
スパダリではありますが、オトナで甘いだけじゃないエルド様。
異世界からやってきた春に、執着する一面も持ち合わせています。

とろけるような甘さと、くせになるダークさがたっぷりとつまった
朱神宝先生の最新作「愛でて春」を、ぜひ応援よろしくお願い致します！"
te-ni-ireta-saimin-app-de-yume-no-harem-seikatsu-o-okuritai	手に入れた催眠アプリで夢のハーレム生活を送りたい	3	1	1	drama,romance	"彼女いない歴＝年齢。そんな俺のスマホにインストールされていたのは、どんな人間をも操ることが出来る催眠アプリだった。
検証の結果アプリの力は本物、これを使えばハーレム生活だって夢じゃない。頑張れ俺、今こそ良心を捨て……って
「なんで俺が目を付けた子全員トラブルを抱えてるんだよ!?」
　美少女ギャル、地味系隠れ美少女、クールなお嬢様後輩ーー彼女たちが誰にも言えなかった秘密が催眠アプリの力によって暴かれる！
（俺はただエロいことが出来れば良かっただけなのに……！）
　自称クズ、だけど根は善人な主人公が、いつの間にか人助けのために大奔走!?"
suterare-elf-san-wa-sekai-de-ichiban-tsuyokute-kawaii	捨てられエルフさんは世界で一番強くて可愛い!	3	1	1	fantasy	"「トッププレイヤーの皆様。このゲームは実在する異世界です。転生し、世界を救えばどんな願いも叶えてあげましょう」
　女神からの提案に、元人気声優のアヤノは応えた。炎上して干された今、もう一度声優として輝くために。
炎上後にゲームをやり込みトップランカーとなったアヤノは、その知識を生かして、最強種【ハイエルフ】に転生！
最強可愛いケモ耳ヒロイン・ホムラとともに異世界での“ゲームクリア”を目指すが、
この世界はただの「ゲーム世界」ではないようでーー!?"
saiyou-no-kamen	採用の仮面	3	1	1	drama,supernatural	"Fラン大生 VS 超高学歴!!年収1000万を掴み取れ、200人の精鋭達よ!!就活バトルロイヤル開幕!!
学歴Fランクの就活生「桐島茜」が次に挑む選考はトップ就活生達との“グループディスカッション”!!人事部長の碇による「初任給改革」が学生の意欲を最高潮に!!だが、茜のグループだけに伝えられた「あるオファー」にトップ就活生達はついに血を滾らせるーー!!"
settai-maajan-ka	接待麻雀課	3	0	1	drama,sports	"賭け麻雀が合法化された日本で、企業戦士たちが真剣勝負！？
躍進中の新興ゼネコン＜風海建設＞。クリーンな見積もりとホワイトな労働環境は表向き、
躍進の真の原動力は＜接待麻雀課＞にあり！
ゼネコンの命綱とも言える入札を有利に進めるため正々堂々、真剣勝負で負けにいく！
単純に勝利を目指す麻雀では得られない最高精度の読みと判断力の戦いーーー。
脳を震わす＜接待麻雀＞開局!!"
oshi-ni-sasageru-dungeon-gourmet	推しにささげるダンジョングルメ	3	1	1	comedy	"「どうかウタちゃんを助けてください！」
数多のモンスターが存在し、倒すとアイテム、スキルが取得できる不思議な空間・ダンジョンで手に入るものには超常の効能をもつと言われるものがあり、世間で時折話題になる。
元探索者の経験を活かしダンジョン食材での料理配信で大バズりした山主ボタン/夜桜猪王。
しかし配信のネタ集めに潜ったダンジョンの帰り道で、大怪我した野良猫にポーションを与えたことをSNSで投稿したところ、運悪く大人気アイドルVTuber・色羽仁ウタの大怪我という悲報と被ってしまい、予期せぬ炎上に巻き込まれてしまう。
子猫は救えてなぜ僕/私の“推し”は救ってくれないのかーーやり場のない感情の矛先を向けられたボタンの答えは!?"
oshi-no-tame-no-isekai-wedding-produce	推しのための異世界ウェディングプロデュース!	3	1	1	fantasy,isekai,romance	"異世界で推しの婚活をお助けする……つもりが!?
王子の寵愛×お仕事×マリッジファンタジーをフルカラーで書籍化！

人気ゲームの世界へ転生した、アリサ。
前世で婚活アドバイザーを務めていた経験を活かし、冒険者たちの結婚相談に乗るギルドの職員として過ごしていた。
過酷な異世界での唯一の生き甲斐は、前世からの「最推し」であるルビオ王太子殿下の「推し活」!
ある日、ルビオ王太子殿下に会えるチャンスが舞い込むが、王太子はなぜか婚約者に命を狙われていて…!?
王太子はゲームで不遇なバッドエンドで死を迎えてしまうため、
推しの運命を変えるべく、推しの幸せな結婚をプロデュースすることになるがーー。"
danzai-sareta-makegumi-reijou-desu-jikan-o-modoseru-you-ni-natta-node-kondo-koso-shiawase-ni	断罪された負け組令嬢ですが、時間を戻せるようになったので今度こそ幸せになります	3	1	1	fantasy,romance	"もう負け組なんて言わせない。やり直しの能力で幸せになってみせます！

幸せになれるはずの婚約披露パーティーで、最悪な形で第二王子から婚約破棄されてしまったヴァイオレット。
なんの才能もなく、家柄しか誇れるものがなかったヴァイオレットは「負け組」と蔑まれ、プライドをズタズタにされてしまう。

日頃の行いが悪かったヴァイオレットは婚約破棄をきっかけに友人を失い、家族からも捨てられる。
誰からも信用されず、全てを失くしたヴァイオレットは幽閉された屋敷で火事に巻き込まれ、孤独に死のうとしていた…。
死の間際、それまでの行いを反省し、人生をやり直したいと強く願った時ヴァイオレットに『やり直し』という加護が発現。目覚めると婚約披露パーティーの1年前に戻っていた。

ヴァイオレットは心を入れ替え『やり直し』を使いこなしながら、今度こそ幸せになるため歩み出す。

ヴァイオレットが二度目の人生で出会ったのは、化け物魔術師呼ばれ、忌み嫌われる魔術師ユリシーズ。
だが、噂と違いユリシーズはとても優しく、紳士的。ヴァイオレットは次第に彼に惹かれていくが……？　

傷ついた心が共鳴する、「やり直し」ミステリーロマンスの開幕！"
mukashi-horobita-maoujou-de-hirotta-inu-wa-jitsu-wa-densetsu-no-majuu-deshita	昔滅びた魔王城で拾った犬は、実は伝説の魔獣でした	3	1	1	adventure,fantasy,gourmet	"隠れ最強職《羊飼い》の規格外大冒険！！
”奇跡の果実”と呼ばれるエルフのトマトの種を手に入れたアルト。
アルトは《羊飼い》の力を24時間使い続け、規格外の育て方を行う。
結果、育つのに10年かかると言われるエルフのトマトを2週間で収穫することに成功！
街でエルフのトマトを売ろうとしたアルトはエルフの美女・デュランタと出会う。
彼女は飢えと死の恐怖に襲われているエルフの里を助けることのできる人物を探しに来ていたのだ。
アルトは飢えに苦しむエルフたちを救うため、エルフの里へと旅立つのであった。
『開拓グルメファンタジー』コミカライズ第2弾！！"
haru-kurari	春くらり	3	0	1	comedy,drama,romance,slice-of-life	"趣味でひっそり漫画を描いている高校2年生の倉木。明るくて楽しい主人公を描きたいけれど、自分の性格もあり暗くおとなしくなってしまうのが悩み。

そんな時、春のように明るくキラキラした、お嬢様学校に通う春野うららに出会うーー。倉木は春野をモデルに一気に漫画を描き上げるが、それを本人に読んでもらうことになり…！？

君のことをもっと知りたいもっと描きたい、青春ラブストーリー！"
akatsuki-no-majo-reishii-wa-jiyuu-ni-ikitai	暁の魔女レイシーは自由に生きたい	3	1	1	adventure,comedy,fantasy,romance,slice-of-life	"君の隣にいたい、そう「星」に願った。

村人の困りごとを解決する日々の中で新しい出会いと積み重ねていくレイシー。
ウェインのおかげで手に入れたその生活を通して、彼女の中に芽生えた新しい“願い”

それはーーウェインの傍を離れること

レイシーが密かに決意を固めた頃、突然、元勇者パーティーの戦友ーーブルックスがレイシーの屋敷を訪れる。

かつての仲間が抱える問題を解決するため、レイシーは彼の故郷へと赴くことに。

ウェインと離れ、一人で依頼に奔走するレイシーは、やがて心の奥に住まう感情に気が付く。

ーーウェインに会って話したいことが増えていく。

レイシーとウェイン、二人の願いが重なるとき、鮮やかな想いが花開く。"
saiteihen-de-agaku-boku-wa-isekai-de-kibou-ni-deau	最底辺であがく僕は、異世界で希望に出会う	3	1	1	action,adventure,fantasy	"【「みんなで決める！第1回・マンガ総選挙」第7位!!!!!!!!!!!!】
早くも話題沸騰の今いちばんアツイ異世界ファンタジー第2巻。

止まらぬレベルアップ無双で最強を目指せ！
累計1,800万PV超えの大人気WEB小説をベテラン漫画家・かたやままこと先生が大胆コミカライズ！　

・あらすじ
ステータス至上主義の世界で最低ランクだったタカシは、ある日【異世界転移】スキルを手にし、異世界で自分だけレベルアップできるようになった。
異世界で着実に力をつけていくタカシは、エルフの少女ノエミと出会う。
ノエミはエルフの王国「アールヴ神樹王国」に連れて行ってほしいとタカシに懇願し……？　

これは、最弱から成り上がる
少年の冒険譚ーー"
saikyou-no-onna-youhei	最強の女傭兵	3	1	1	action	"転生系JK　X　無双シューター!!


かつて、彼女は世界中から恐れられていた、数多の伝説とともに『最強の女傭兵』として。

そして短い人生を駆け抜けたはずの彼女は、平和で刺激のない、第2の人生を迎えていた。

霧島アリス。
かつて『最強の女傭兵』と呼ばれた彼女が、出会ったのは、全世界を熱狂させるVRゲーム『LEGENED』。

彼女の伝説の幕が、再び上がるーーー！"
mi-play-no-otome-game-ni-tensei-shita-heibon-reijou-wa-seinaru-shishuu-no-ito-o-sasu	未プレイの乙女ゲームに転生した平凡令嬢は聖なる刺繍の糸を刺す	3	1	1	comedy,fantasy,romance	"転生先は──未プレイの乙女ゲーム!?
未プレイの乙女ゲームの世界に転生した、刺繍好きの平凡な子爵令嬢エルナ。モブとして静かに学園生活を送るはずが、側妃に誘拐されたり、この乙女ゲーム世界の“秘密”を知ってしまったり、さらには第二王子グラナートからプロポーズを受けたりと、想定外だらけのドタバタな日々を送ることに。
激動の学園生活の中、夏休みを利用して実家へ帰省したエルナ。久しぶりの穏やかな時間を満喫──するはずが、正体不明の褐色美男子ヴィルから突然のプロポーズ!?
さらにその場にグラナートまで居合わせ、まさかの修羅場が勃発──！ 思惑が交錯する中、エルナを巡る恋と運命は新たな局面へ──。
刺繍好きの平凡令嬢×美しすぎる鈍感王子の焦れったくて目が離せないラブファンタジー、第3弾！"
mijuku-na-omame-ga-sodatsu-made	未熟なおまめが育つまで	3	0	1	romance	「マグロ彼女」から脱却すべく大人のおもちゃを使ってサツキにご奉仕しようとした蛍は、逆におもちゃでおまめを激しく弄られて!?
tokyo-death-race	東京デスレース	3	1	1	action,sci-fi,sports,suspense	"近未来、205X年、東京はサーキットという名の墓場と化す!! 銃撃、爆破、何でもアリ!! 常識破りのカーアクション!! 命懸けで東京シティをブッちぎれ!! 生き残りたければ勝つしかない!! 近未来×極悪デスレース、開幕!!

ニューチャイナの刺客によって、スレイプニールの鹵獲を狙われる蒼馬たち! 迫りくる巨大トレーラーから逃げきれるか…!? 一方、渋谷では大炎上が発生! 殺し合いを楽しむ残虐非道なレーサー“ビッチィ・ビッチィ”による妨害工作だった…!! 命を削るサーキットと化した東京。車（マシン）と己の腕を信じ、走り抜けろ!!"
shinitagari-no-eteruno	死にたがりのエテルノ	3	1	1	drama,mind-game,romance,supernatural	永劫に死ねない存在・エテルノ。その魂は、白櫃（シスタ）に殺されることで輪廻の呪縛から解放される。自分が白櫃（シスタ）であると知った綺惟香は激しく動揺するが、千景は綺惟香に呪いを承継させず、彼女の穏やかな日常を願う。しかし、もう一人のエテルノ・破土が綺惟香の周囲を巻き込み、さらなる凶行に及ぶーー。
mizu-no-soko-nimo-haru-wa-kuru	水の底にも春はくる。	3	1	1	slice-of-life,supernatural	"恵比寿の助けを受け、竜宮城から逃げ地上へ戻ったナミマとハル。
当初の計画が頓挫した2人は、地上でそれぞれが抱える苦悩に向き合う中で
徐々にお互いの関係性の変化を自覚していく。生きづらさを抱える2人が辿り着いた答えはーー。"
mizuki-shigeru-senki-manga-meisaku-collection	水木しげる戦記漫画名作コレクション	3	1	1	historical,drama	"2025年は戦後80年。平和への祈りをこめた戦記漫画の名作・傑作を3冊にまとめました（エッセイの名品も収録）。
3冊目には、戦争の恐ろしさと、平和の大切さを、取材をもとに描いた作品を集めています。
【収録作】
グリーン島脱出記　KANDERE
ごきぶり
波の音
レーモン河畔
沖縄に散るーひめゆり部隊哀歌ー
カランコロン漂泊記　より
里見二等兵
戦争論
エッセイ：娘よ　あれがラバウルの灯だ"
koori-no-koushaku-sama-to-karisome-no-hanayome	氷の侯爵様とかりそめの花嫁	3	1	1	fantasy,romance	"「これからも 俺とともに生きてくれないか」

宮廷魔術師で元・男爵令嬢のアニスと、侯爵家のエリート騎士・セルジオは、王命婚の夫婦。
アニスはセルジオの想い人・グレイス王女の存在を知り、
子どもを儲けて身を引こうと考えていた。
しかし、この結婚は、セルジオの強い希望によるものだった！

真実を知らないままグレイスにさらわれ、セルジオへの愛を自覚したアニス。
命の危機を間一髪で救われた後、王女を裁く審問会が始まる！

セルジオの告白で、掛け違えていたふたりの気持ちがようやく通じ合ってーー？

クールで不器用なエリート騎士×健気ヒロインのすれ違い溺愛ラブストーリー、遂に完結！"
dorobune-kizoku-no-goreijou	泥船貴族のご令嬢	3	1	1	fantasy	"消えない、消せない。真実を手繰る。
侯爵夫人の下で働きながら、弟・フロレンシと偽装母子生活を送る公爵令嬢・グラシエラ。ある日、銀髪騎士・リオンが侯爵夫人の亡き孫・イルマの元婚約者だったと聞いて……？　イルマの死に疑問も生じ、グラシエラは真実を知ろうと自ら動き出すがーー!?"
haiiro-no-asshu	灰色のアッシュ	3	1	1	action,adventure,fantasy	"帝国騎士団の一隊長を勤め、可愛い貴族の婚約者までいるという公私ともに順風満帆な生活を送っていたアッシュ。しかし、ある日急に騎士団の追放と婚約破棄を宣告されてしまう!?
全てが嫌になったアッシュは新天地へ赴くことにー。

一方、アッシュのいなくなった帝国騎士団では彼を溺愛する後輩のウルカが目の色を変えて彼を追いかけようとしているのだった。
灰色に染まってしまった人生をひっくり返すための物語が今、始まるー。"
neko-koushaku-sama-wa-osewa-gakari-o-aigan-shitakute-tamaranai	猫公爵様はお世話係を愛玩したくてたまらない	3	0	1	fantasy,romance	実家が貧しく、お下がりのドレスで社交界デビューしたシャーロットは、城の庭で美しい銀色の猫に出会った後、その猫と入れ替わるように現れた銀髪のクリストファー・カーク公爵と意気投合する。猫は国王から公爵位を与えられるほどお気に入りの“猫公爵”だった。シャーロットはクリストファーが魔法で猫公爵に変身しているのだと思い込み、おとぎ話のような素敵な一夜を過ごす。翌日、クリストファーから使いが来て、シャーロットは猫公爵のお世話係に命じられる…！
oukuu-kishidan-to-kyuukoku-no-shoujo	王空騎士団と救国の少女	3	1	1	fantasy,romance	"まさかの飛翔能力開花に、外を飛びたくて仕方がないアイリス。夜中にこっそり家を抜け出して
夜空の中を自由自在に飛んでいたら、王空騎士団のトップファイターたちに見つかってしまった！

圧倒的な高い能力を開花させたアイリスを守ろうと、彼女に寄り添ってくれる頼れる兄貴分の
トップファイター・ヒロとケインとの出会いに加え、弱冠18歳でトップファイターになった美貌の騎士
マイケルがアイリスに興味を抱き……？

アイリスの運命が大きく動きだす待望の第2巻！"
seito-to-koi-wa-dekimasen	生徒と恋はできません!	3	1	1	comedy,romance	"上野奈々子、26歳の新人女教師。理想の異性のタイプは「ドウェイン・ジョンソン」。アパート工事にやってきた筋肉ムキムキ髭の生えた塩顔男性・水城心太郎に恋をした。ついに結ばれた二人だったが心太郎は実は……!?　 この恋は絶対秘密！　波乱万丈の“年の差ラブコメディー”開幕!!

新人女教師「上野奈々子」26歳。アパート工事にやってくる筋肉ムキムキ老け顔のお兄さん「水城心太郎」に恋をしていたが、あえなく工事終了と共にその恋は終わりを告げた。と思いきや、居酒屋で運命の再会！ 互いの思いを確かめ合い、ついに結ばれる二人！ こんな奇跡があるなんて…と幸せに浸る奈々子に、心太郎はある言葉を告げる。それが、二人の関係の始まりだった。波乱万丈の“年の差ラブコメディー”開幕!!"
ikenie-musume-no-soudai-naru-otto-ikusei-tan	生贄娘の壮大なる夫育成譚	3	1	1	fantasy,romance	"「私が愛しく思うのは嫁だけだ」

群青のため最高の祝言を目指し、カラスの案内で天上界へと赴いた志乃は、
位の高い神様ハクタクに気に入られてしまう。
最初こそ敵対していた群青とハクタクだが【志乃が愛らしい】という意見が一致し意気投合。
しかしそれこそが波乱の幕開けだと志乃は知る由もなく…--

真の相思相愛になっても神様に溺愛され振り回される!?
これは、神様と人間の壮大なる異類婚姻譚。"
isekai-de-cheat-nouryoku-o-te-ni-shita-ore-wa-genjitsu-sekai-womo-musou-suru-girls-side	異世界でチート能力を手にした俺は、現実世界をも無双するガールズサイド	3	1	1	action,adventure,fantasy	人助けの旅へと出発したレクシア一行。彼女の昔からの友であり魔法大国レガル王国の王女・ライラが、サハル王国第一王子・ザズとの強引な政略結婚を迫られていた。その影には、怪しい勢力の陰謀が見え隠れする。ライラを護るため、メイドとして王宮に潜入した一行は、料理に、お風呂に、夜会に、ガールズトークと和気藹々--!?　チートでキュートな冒険譚は止まらない！
me-no-mae-no-sangeki-de-zense-o-omoidashitakedo-amarinimo-mondai-yamazumi-de-ippai-ippai-desu	目の前の惨劇で前世を思い出したけど、あまりにも問題山積みでいっぱいいっぱいです。	3	0	1	fantasy,romance	"「少しでも心穏やかに過ごしてもらえるようにーー」
辺境伯ラスボラから医療院運営の許可を取ったネオンは、ラスボラの過去を知ることになる。家令が語る「十五年前の悲劇」とはーー？
そして正式稼働しはじめた医療院では、感染物対策や病衣の用意などやることが山積み！ そんな中医療院にいきなり片目の男が現れーー！？
リアルな医療ファンタジー 第2巻！
第5話　003
第6話　045
第7話　077
第8話　113
第9話　143"
shachiku-tamer-kawaii-slime-no-okage-de-mujikaku-namama-musou-suru	社畜テイマー、可愛いスライムのおかげで無自覚なまま無双する	3	1	1	fantasy	"現代に突如現れた「異世界ダンジョン」。ダンジョン攻略配信は世界最大のエンタメに。
有力な配信者たちはさらなる熱狂を求めて人類未踏破階層へと挑戦したのだが、そこでは冴えない社畜とスライムが強大なドラゴンと対峙していて──!?
可愛いスライムの自動レベル上げで、社畜してたら無自覚なまま最強に!? 最強社畜の無自覚無双譚、第1巻!!"
kagura-ga-yuku	神楽がゆく!	3	1	1	comedy,romance,slice-of-life	"「すべては会長のため！」生徒会副会長の神楽は、会長の金守に日々全力で尽くしていた！ある日、会長の金守は転校生の女・美園に、心を奪われ「恋」してしまうーー！臆して前に進めない金守に代わって、神楽は金守の魅力を伝えたいのだがーー!?　敬愛する会長のため、できないことなどない！　完全無欠の副会長・神楽がゆく！痛快生徒会コメディ!!

生徒会副会長の神楽は生徒会会長の金守に10年以上仕えていて、何においても金守が第一の毎日。ある日、金守は転校生の美園に恋をした！ 臆して前に進めない金守に代わって神楽は金守の魅力を伝えたいのだが…!? 完全無欠の副会長・神楽がゆく！ 痛快生徒会コメディ!!"
shukusei-haishin	粛正配信	3	1	1	fantasy,isekai	"取り立てて目立った特徴もない男子高校生・東条樹生は、自らが起こした「いじめ告発動画」の炎上事件がきっかけとなり、前世の記憶を思い出す。かつて異世界で【東方の賢者】と称えられた自分ーーその胸の内には正義感や使命感などなく、己の力を使ってただただ「粛正を楽しみたい」という欲望だけがあった。その欲望と、賢者としての力を取り戻した少年は、現代日本でも楽しく粛正を行う環境を整える。
裁き、曝すーー【東方の賢者】が力を振るい悪を滅する「粛正配信」、開幕！！"
shuuen-no-majo-to-sekai-no-tabi	終焉の魔女と世界の旅	3	1	1	action,adventure,fantasy	"いつか憎き人類を滅ぼすその日まで━━！　
元・最凶の魔女が世界を巡る冒険ファンタジー開幕！

願いを叶えてくれる泉に到着したエレナたち。そこには、豊かなエルフの森が広がっていた。しかし、泉は瘴気に汚染され力を発揮できず、更にエルフたちも被害を受けていた。魔王様の記憶を取り戻す為、エルフの為にも、瘴気を浄化したいエレナは、力を解放し“終焉の魔女”の能力を使うべきか思い悩む。それは自身の正体を明かすことを意味するが…。
身も心もさらけ出し、障壁を乗り越えていく！　絆と愛の物語、第3巻！"
zecchou-skill-onsen-souzou-de-yukemuri-harem-o-kizuku-made	絶頂スキル〈温泉創造〉で湯けむりハーレムを築くまで	3	1	1	ecchi,fantasy,isekai	チートスキルを授かり、現代から異世界へと転生した元旅館従業員の遠野ジン。転生して束の間、モンスターと遭遇したジンはスキルで抵抗を試みるが、ただただ手からお湯が出るだけ!? 大ピンチのジンは、偶然通りかかった女冒険者・オラリアに「なんでも言うことを聞くから！」と乞い、命からがら助けてもらう。しかしこの時ジンは知らなかった──助けてもらった相手を間違ったこと、そして授かったスキルの本当の能力に…！ 誰でもイカせる絶頂スキル【温泉創造】で赤字旅館を再建させろ!? ちょっぴりHな異世界ハーレム開幕ッ！
kei-to-ayakashi	継とあやかし	3	1	1	action,supernatural	"あやかしバトルアクション開幕！！！ 

 X(旧Twitter時)にて延べ2900万インプレッションを叩き出した読切が連載化！！

刀に宿るあやかし様の力を借りて
代々家業である「除霊師」を受け継いできた白能井家。
だが、一人娘の白能井継は
幼少期に刀を抜けず、父・利一から
「次期当主の器ではない」と
拒絶されてしまう・・・

除霊師になることを夢見ていた継は
その道を断たれてしまったが、
そこには父親のある秘密が隠されておりーー！？

「愛」故のすれ違い。除霊師が背負う「試練」
その道を継ぎ、過去と未来を紡ぐ、
あやかしバトルアクション、開幕！！

 

 【編集担当からのおすすめ情報】 
 旧TWITTER時に大バズりをした読み切りが待望の連載化！
強い少女・継のセリフ、バトル展開に痺れること間違いなし！
そして父親の想いに感涙必至です。
是非ご一読ください！"
batsu	罰	3	0	1	action,drama,suspense	裕福な家庭に養子に入った木村。ある夜木村が飲み会から帰宅すると、平穏な家は未成年の強盗グループ3人に無残に荒らされ妻と子が殺されていた。自身も殺されかけるも決死の反撃で犯人2人を殺すが過剰防衛とみなされ木村は逮捕されてしまう。十年後、出所した木村は犯人の生き残りアンソニーへの復讐を誓うが、同じく恨みを持つ組長と鉢合わせし…？
seijo-sama-no-gyaku-harem-kara-abureta-kishi-sama-ni-netsuretsu-ni-kyuuai-sarete-iru-ken	聖女様の逆ハーレムからあぶれた騎士様に熱烈に求愛されている件	3	1	1	fantasy,romance	"『英雄だって、恋をする。』

それはそうだけど……、
「だからって童貞を奪った責任を取らされるとはねーー…!!」

その日は、ラシェルにとって散々な日だった。
妹に恋人は寝取られ、家族もそっちの味方で妹が家督を継ぐという。
貧乏な家のために、今まで身を粉にして働いて
稼ぎの多くを入れていたというのに、だ。

あまりのことに酒に溺れていたところ、
世界を救った英雄のひとり・アルフレッドも、
貞操観念が強すぎるあまりに「聖女の逆ハーレムからあぶれた」と
安酒場でヤケ酒していたのだ。

お酒の力も手伝って、お互いの事情を話し合うふたり。
気付けばアルフレッドにプロポーズされてーー…!!?

これは世界を救った聖女パーティーにいた
純粋だけれど愛が重い騎士様の恋ーー…
……に振り回されるヒロインのお話。

・大量加筆＆巻頭カラーページ掲載!!
・紙コミックス限定!! 初回限定イラストカード付き!!
・七月タミカ先生の描き下ろしまんが2P掲載!!
・クレイン先生の書き下ろし小説掲載!!"
hana-to-meoto	花とメオト	3	1	1	romance,supernatural	"人と妖。大正浪漫夫婦愛！！ 

 命短し 恋せよ乙女。

世永さまと出逢ったのは、
わたくしが十四の時になります。

不治の病に侵されているわたくしは、
生きている間に世永さまと恋がしてみたいと告げました。
きっとこれが「初恋」というものなのでしょうーー・・・

桃実夫婦の運命の出会いと婚姻までの馴れ初めが明らかに・・・！？
愛艶奇艶の妖艶ファンタジー第二巻！！ 

 【編集担当からのおすすめ情報】 
 超美麗イラスト＆デザインが目印のコミックスカバーですが、毎巻違う「花」をテーマにしています。

1巻のカバーは蜜樹先生に描いていただいた椿をベースに全体的に赤い色味のカバーになりましたが、2巻の花は桔梗になりました。
桔梗の紫が1巻のカバーと並べてみても、色味のバランスがよく惚れ惚れしてしまいます。

桔梗の花言葉は、「永遠の愛」、「誠実」、「気品」。
漫画の内容と関係はあるのかないのか・・・？楽しみに読んでいただけたら嬉しいです。"
ochikobore-tenisha-subete-o-ubau-hakkingu-skill-de-saikyou-ni-nariagaru	落ちこぼれ転移者、全てを奪うハッキングスキルで最強に成り上がる	3	1	1	fantasy,isekai	入谷真澄は「救世の英雄」として異世界に召喚されたが、発現したのは触れた対象の情報を見ることしかできない【解析】という外れスキルだった。 ある日、同じ転移冒険者からパーティに誘われたが、彼らはこの世界で重罪とされる「同業者殺し」を犯し、イリヤはその罪を擦り付けられてしまう。最大の窮地に陥ったイリヤだったが、「解析」スキルが「不正侵入（ハッキング）」スキルに覚醒したことで、状況が一変し…!?
aizawa-hibiki-wa-warawanai	藍沢響は笑わない	3	0	1	comedy,horror,romance,supernatural	"【心拍数急上昇のトキメキ系ホラー 第1巻！！】 

新米看護師の椎名ひなのには、 
「幽霊が視える」という秘密があった。 

病院内や日常生活の至る場所で現れる幽霊を 
視えないフリで必死にやり過ごす、ひなの。 

しかし、人間と幽霊を見間違えてしまうところを 
ミステリアスなイケメン医師の藍沢響に見られてしまい…！？ 


接点がなかったはずの2人に、偶然できた秘密。 
そして、ひなのに固執する幽霊の謎とは一体…。 
胸が高鳴るゾクキュン!?ストーリー！！"
dareka-ga-kaita-manga	誰かが描いた漫画	3	0	1	drama,ecchi,horror,mind-game,supernatural,suspense	漫画家・子守ヒキ氏に渡された謎のUSBメモリー。中にあるzipファイルは、パスワードがないと開けません。その中身がわかった時、『誰かが描いた漫画』は終わりに向かいます。最終巻となりますので、もう一度だけお伝えします。この作品は、一部を除きフィクションです。
shisan-100-oku-supadari-wasou-onzoushi-wa-haraguroi-kemono	資産100億スパダリ和装御曹司は腹黒い獣	3	1	1	romance	藤也が経営する温泉旅館で、いろいろな場所でじっくりと前戯される椿。限界まで徹底的にイジワルな指遣いで濡らされ、ついに!?
akai-hitomi-no-hai-ouji	赤い瞳の廃皇子	3	1	1	fantasy,romance	"LINEマンガ総ビュー数1億1,290万突破!!
すべてを失った未亡人と非情な暴君のロマンスファンタジー

未亡人リエターは望まぬ殉葬から命を救われた。
彼女を救ったのは、女好きな暴君と名高い廃皇子アレクシアス大公キリアン。
キリアンの屋敷に連れ帰られたリエターだったが、手を出されることも追い出されることもない。
命を救われた上、領民として自由な生活を与えられるリエター。
神聖な能力を持つ「祈祷師」の才を見出され、キリアンの寝室に祈りを捧げることになりーー。"
migawari-romantica	身代わりロマンチカ	3	1	1	romance	家族のために、資産家の娘【剣菱芳子(けんびしほうこ)】に成り替わり、黒田靖親(くろだやすちか)の婚約者のフリをすることになった栗橋光(くりはしひかる)。はじめは愛のない婚約だったが、徐々に心を寄せ合っていく2人。しかし突然、靖親の父親から呼び出され、四条椿(しじょうつばき)も靖親の婚約者候補にすると言われる。椿は靖親との約束を破って使用人を別邸に入れたり、自分を優位に立たせようと光を差し置いて行動したり、平穏だった2人の日常をかき乱していき……!? 身代わりからはじまる、秘密のラブロマンス第2巻！
tensei-shitara-saiai-no-kazoku-ni-mouichido-deaemashita	転生したら最愛の家族にもう一度出会えました	3	1	1	fantasy,slice-of-life	生まれてすぐに公爵家からさらわれ、拾ってくれた家族のもとで愛情いっぱいに育てられるアーシェラ。農家だった前世の記憶を活かして料理を作ると、驚くほどの大好評！ラスクに始まり日本食などなど、料理を通してまわりの人たちを幸せに──。愛情いっぱいのお料理で、オナカもココロも満たします──!!
tensei-shitara-maou-no-musume	転生したら魔王の娘	3	1	1	fantasy,isekai,romance	転生した先で今世こそ平和な日常を手に入れようと考えるメノウだったが、最凶の魔族からはなぜか好意を向けられ、人間と魔族は戦争間近だという。争いを止めるためメノウは父である魔王奪還の旅に出ることにする。しかし、立ち寄った街で魔物の襲撃にあい、ゼルの力も借りて街の人間を守るも兵士たちからは敵対視されてしまう。人間と対立したくないメノウは、仕方なくある行動に出るが…。
todoroki-daimaru-no-kikai-taikendan	轟大丸の奇怪体験談	3	1	1	comedy,ecchi,supernatural	神話や伝承、民話などを研究・調査する男、大学准教授・轟大丸の真のフィールドワークとは!?『アイドルマスター　ミリオンライブ! Blooming Clover』『てんむす』の稲山覚也が描く妖ライトH同衾コメディ!!仙狸、山姥、河童、雪女、座敷童に続き、今回のお相手は…死神と女天狗!?
tsuihousareta-sareta-koushaku-reijou-viruherumiina-ga-shiawase-ni-naru-made	追放された公爵令嬢、ヴィルヘルミーナが幸せになるまで。	3	1	1	fantasy,romance	"アレクシの見た目を大改造したヴィルヘルミーナ。

かっこよく変身した夫を連れて、

人工魔石の製造にむけ、研究の出資者を募ることに。



なかなか出資者が見つからず悪戦苦闘するものの

中央銀行のクレメッティ氏が興味を示す。



「あなたが歴史に名を残す研究者か

希代のペテン師か

間近で見させてもらうとしましょう」



後援者を手に入れ、人工魔石製造の研究を

本格的に始めたアレクシ。



魔石は無事に完成するのか？



一方、王城では仕事がうまくまわらなくなった

王太子が何やら思いついたようで……？



王太子の婚約者から突然平民にされた、

ヴィルヘルミーナの華麗なる復讐劇、待望の第2巻！"
tsuihousareta-joutou-tensai-seijo-no-watashi-wa-doko-de-darou-to-kagayakemasu-node	追放上等!天才聖女のわたくしは、どこでだろうと輝けますので。	3	0	1	adventure,comedy,fantasy,romance	"中央神殿から左遷された規格外の力を持つ聖女ミーティアは、道中で騎士隊長リオネルと出会い旅に出る。女神様から【救国の聖女】の神託を受け、使命のために懸命に生きてきたミーティア。リオネルはそんなミーティアに神託や力が無くても自分の価値はなくならないと諭す。
リオネルへの気持ちを自覚し始めたミーティアだったが、中央神殿から助けを求める手紙を受け取り急いで神殿へ向かう。そこに待ち受けていたのは意外な人物でーー。
最後の戦いが幕を開ける!!　ミーティアが選んだ力の使いみちとはーー。
228ページ! 大ボリュームの最終巻!"
unmei-nado-sonzai-shinai-node	運命など存在しないので	3	1	1	comedy,drama,romance	"「あなた、本当に結婚したいのですか？」

悩める相談者たちにズバズバ本音で斬り込む坊主でコワモテの結婚アドバイザー柏木は、新入社員の町田ユナたちとともに、結婚を目指す人たちをバシバシ指導していく！

どうすれば結婚できるのか？ どうすれば幸せになれるのか？ 
結婚相談所って、そもそも何をしているの？

そんな疑問の答えになるかも!?
令和の時代に幸せを見つけたいすべての人に贈る

結婚相談所お仕事漫画　第1巻！"
yaban-no-propose	野蛮のプロポーズ	3	1	1	fantasy,romance	"大陸で最も残忍な傭兵隊の隊長からのプロポーズを断るため、そして国を守るためについた嘘だった。だがその答えは…　「誰の子どもであろうと、私には関係ありません。産んでください。代わりに私は姫様をいただきます」彼が何を考えているのか、まったくわからなかった。滅びていく貧しい王国の姫に、この男はいったい何を望んでいるのだろうか。
LINEマンガ総合ランキング1位（2024年12月1日調べ）を獲得した超人気作品が、待望のコミックス化!!"
kindaichi-papa-no-file	金田一パパの事件簿	3	1	1	comedy,drama,mystery	"脱サラした金田一一は、幼なじみ・美雪との間に生まれた息子・九十九の育児をしつつも、設立した「金田一一探偵事務所」で探偵業に勤しんでいる。
ある日、はじめが九十九とともにビラ配りをしていると、女医の紅島夏月から”理不尽な恨みごと”に巻き込まれていると相談を受ける。彼女のもとに届いたのは、復讐を誓う”ミイラ歌姫”からの犯行予告。”紅島”を名指し、恨み節を奏でるミイラ歌姫から彼女を守るため、警護につくはじめだったが…？
執念と因縁が渦巻く難事件に、はじめと九十九の親子コンビが挑む！"
kouseki-reijou	鉱石令嬢	3	1	1	fantasy,isekai	"愛する鉱物の研究者として働いていたいすずは、ある日の仕事中に突然気を失ってしまう！！
目が覚めると、そこは乙女ゲームの世界であり、悪役令嬢のマヘリアとして転生していたのであった。
このままだとゲームのように人生転！！
王宮から逃げ出し、ある炭鉱に辿り着いたいすずは炭鉱のリーダー・アベルと出会う。
生き残るために、アベルに対してこの世界ではまだない「石炭（コークス）」を使った製鉄を提案し…。
培った鉱物の知識を活用し、この世界で生き残れ！！"
kakushita-koi-no-owari-made	隠した恋の終わりまで	3	1	1	bl,romance	"高校からの同級生・陽(はる)への長年の片想いが実り、
交際を始めた雪斗(ゆきと)たち。

雪斗のペースに合わせて、2人は少しずつ恋人としての時間を重ねていく。

そんな時、飲みの席で“ある人物”に遭遇する。
その人を前にして、明らかに顔色が変わった雪斗を心配する陽だが……。

交際一年目の2人が織りなす、甘くて優しい
日々のかたち。"
tonari-no-seki-no-inkya-joshi-ga-oshi-utaite-datta	隣の席の陰キャ女子が推し歌い手だった	3	1	1	comedy,drama,music,romance	"スクールカースト底辺たちが奏でる下剋上ラブコメ！　アンチを打ち負かすほど熱い仲間たちの絆！　ドキドキの第3巻！！

推し歌い手icyこと氷ノ守音羽（ひのもりおとは）と音楽ユニット「ツナグオト」を結成した黒瀬繋玖（くろせつなぐ）。
神絵師・紙山美彩と妹・結月も一緒に制作合宿へ。
その夜、部屋を閉め出された音羽は繋玖の部屋へ身を寄せる。ひとつのベッドで休むことになったが、音羽が急に迫ってきて！？
その裏で、トレパク絵師・灰谷リコの暴走や、ライバル・天野星也からの執拗なアンチコメントが二人を追い詰める。
新曲を毎日投稿し、合宿後も順調にチャンネル登録者数を伸ばす繋玖たち。
学校のプールの授業では音羽と美彩が水着姿で繋玖に猛アピール！
だが一方で、音羽には秘密が。登録者10万人を達成できなければ海外留学する約束を母としていた。期限が迫る中、繋玖は大切な“推し”との夢を守り抜けるのか！？"
reinousha-ogata-katsumi-collection	霊能者緒方克巳コレクション	3	1	1	horror,supernatural	"目醒めよ…異端と呼ばれた能力を持つ者たち

その研ぎ澄まされた霊能力で見えないものを“視る”……大人気の山本まゆりが描く「霊能者緒方克巳」全シリーズから厳選した珠玉の長編を収録した特別版コレクション。
幼い頃から秘められた力の片鱗をあらわし高校時代には霊能少年として名を馳せる緒方克巳は、大学では心理学を学ぶ一方で周囲には力の存在を伏せつつ人知れず霊たちが起こす事件に挑んでいた。スクールカウンセラーとなってからも、カウンセラーとして人々に寄り添いながら魂の奥深くに潜む問題を解決へと導いていく。
ーー勤と智佳に誘われ「拷問展」に訪れた克巳。その空間にはいたましい歴史に呼び寄せられた霊たちが集まっており、来場客の女性が取り憑かれているのに気づく。さらにあるきっかけで前世の記憶を呼び起こされた智佳は……。異端の罪で追われた者と罰することを運命づけられた者たちが現代で対峙する!? --（高校生編「甦る魔女たち」）
ーー新たにスクールカウンセラーとして訪れた学校は、その昔死体が集まる地だったという。
死霊がただよう因縁の土地に建てられた校舎…その保健室周辺では金縛りや奇妙な問題が多発していた。克巳は養護教諭の小久保に接近するが、小久保は見たことのないような強い光を放っていて……。魔女と呼ばれた女の正体、そして壊された古い祠との関係は!?--（SC編「保健室の魔女」）
ほか、迷えるモノにその霊能力で光の道を指し示す、霊能者緒方克巳の魅力を集めた長編読みきり計4編を収録した、恐怖と感動の本格心霊サスペンスコミック！

【収録作品】
甦る魔女たち
WAKEN-眠れる能力ー
保健室の魔女
4つの顔"
maken-gishi-bakkasu	魔剣技師バッカス	3	1	1	action,fantasy	前世の記憶を持ってこの世界に生まれた何でも屋のバッカスは、魔剣造りを目指して魔術と魔導技術の世界へと足を踏み入れる。何でも屋としても腕利きのバッカスの魔術の腕前を見込まれてやたらと厄介事が舞い込んでくるけど気にしない。喰って呑んで魔剣を造って、時々舞い込む厄介事に手を貸して、ちょっぴり女難の相に悩まされるけども、今日もバッカスは日常を生きるのだ。
maou-wa-yuusha-no-kawaii-yome	魔王は勇者の可愛い嫁	3	1	1	fantasy,romance	"子供の頃の誓いを果たすため、魔王討伐に挑んだ勇者・シオン。あと一歩のところまで追い詰めるも、仲間の4人に裏切られ、魔王を葬るための生贄にされてしまう。しかし、瀕死のところを魔王ヴィラに助けられたシオンは、傷が癒えるまでの間、魔王国で共に暮らすことに。そこで目にしたのは、平和に暮らす魔界の住人たちと、日常を楽しむ“デレ甘”な魔王の姿で…!?
裏切られた勇者とデレ甘魔王の幸せ魔界ラブコメディ開幕！"
maou-surooraifu-o-mankitsu-suru	魔王スローライフを満喫する	3	1	1	fantasy	役立たずの烙印を押され、魔族領へと追放された司祭セロ。そこで出会った吸血鬼の少女ルーシーとの出会いが、彼の運命を切り開く。
makutsu-no-ou	魔窟の王	3	1	1	action,adventure,comedy,ecchi,fantasy,romance	異世界に転移し、魔獣の棲む森をさまよっていた清水正一は、可憐な妖精・アミィちゃんに命を救われる。さらに異世界で生き抜くためのスキルを与えられるも、代償として「月1で女の子を絶頂させないと死ぬ」身体になってしまった！女性経験のない正一は尻込みするものの、アミィちゃんの巧みな話術により、心の奥底にひそむ欲望に正直になっていき…。魔法少女とヤらないと死ぬ！？＜DEAD OR SEX！＞陰キャ非モテ童貞と後背位マニアの妖精が織りなす、成り上がり開拓記！
tasogare-machi-purizunaazu	黄昏町プリズナーズ	3	1	1	action,supernatural	"日本で死刑制度がなくなって5年。重犯罪者は“黄昏町”という町に収監されるようになっていた。町は殺人もレイプも罪にならない無法地帯、死刑囚が殺し合いをさせられていた。そんな地獄のような“黄昏町”に、冤罪を主張するも収監された千頭悠真は生き残ることができるのか!? 全員死刑囚のサバイバル・バトル開幕!!

かつて国家転覆を謀った最強のテロリスト集団“ダテン”のメンバー・梶浦から攻撃を受ける悠真と詩乃。その圧倒的すぎる特殊能力の前に二人は追い込まれていく。しかし、黄昏町の外では周りに気持ち悪がられないようセーブしていた異次元の記憶力の良さ、そのリミッターが解除された時、悠真の特殊能力は覚醒する！　幾重にも重なる戦略を駆使して逆襲へーー。
「この黄昏町なら…俺…、全力で生きてもいいんだ」"
kourai-no-gakutouun	黄雷のガクトゥーン	3	1	1	action,sci-fi	"スチームパンク作品！　大人気アドベンチャーゲームをコミカライズ！
洋上学園都市で繰り広げられるスリリング冒険譚！！
テスラとネオンが学園の闇に迫る！！

現代と異なった進歩を遂げた20世紀初頭。蒸気機関の発達によって環境汚染が続く世界。 
国家の介入を許さず、若者で組織された「統治会」が支配する完全閉鎖された人工島、マルセイユ洋上学園都市は青春を謳歌する若者たちで満ちあふれていた。
復讐心を秘め、学園に入学したネオンであったが様々な思惑で命を狙われる…。そんなネオンを助けたのが、電気系統の異能を持つ自称72歳の青年テスラであった。
思弁的探偵部として活動を始めたテスラとネオンはこの世界の歪みに闘いを挑むが……。

輝ける才能と異能を持つ者たちが仕掛ける画策に、テスラとネオンが立ち向かう！！"
ryuu-to-itsuki	龍と樹	3	1	1	drama,romance	"過去へ時間を遡れば、その代償に想いの熱量を奪われる。
庸を失わないために、龍と樹はお互いの愛を取り戻さないといけない。そう決心してタイムリープを実行する。過去へ戻ると不可解だった自然の様子は元に戻り、平穏になったかと思いきや、庸の様子が普段とは異なり…。"
yori-nuki-pii-tan	よりぬきピータン!!	2	1	1	romance,slice-of-life	おかげさまで、読者の皆さまに長年愛されている『ピータン』シリーズ。その中から、長い人生で何度でも読み返したくなる「とびきり」の傑作をよりぬいちゃいました。ささやかだけど、心が躍るような日常の瞬間を、恋と家族と食とともに描いた伊藤理佐のけっさくオムニバス・ショート。各話が独立しているので、はじめましての方ももちろんそうでない方も！とーんとご賞味あれ☆な一冊です。
unperfect-teacher	アンパーフェクト・ティーチャー	2	1	1	bl,ecchi,romance	"東城アカデミーの新人講師、松山が強い憧れを抱く人物。
それは《神講師》と謳われ、指導内容のみならず、
容姿・性格・立ち振る舞いーーすべてが完璧で、絶大な人気を誇る設楽先生だ。
そんなある日、設楽が生徒とイケナイことをしているのを目撃する。
「今日から君は僕の下僕です」と悪びれる様子のない設楽に、
逆に口止めとして襲われ、エッチな身体でご奉仕されちゃって……!?"
15-shoujo-to-hyouryuuki	15少女と漂流記	2	1	1	sci-fi	"流れ着いた人間ハ、皆殺しダーー。
飛行機事故に遭った高校生たちが流れた着いた先は、人を拒むナニカが潜む不気味な島だった。
姿を消した友を救うため、島の謎へと深入りしていく越智と奈々は、黒ずくめの集団と出会う。
しかし、親友の居場所を知るという彼らと行動を共にする決断は誤った決断…!?
そして同じ頃、島の外でも異変が…!?
孤島の伝記サスペンス、不穏さが世界に満ちる第2巻!!
2024年3月刊"
2-dome-no-karada-wa-gaman-ga-dekinai	2度目のカラダは我慢ができない	2	1	1	ecchi,romance	"溺愛Hな独占欲！
ベッドの上で甘く熱く濃厚な恋人モード最高潮♪
特別描き下ろしマンガ7P付き☆

「澪の好きなとこ、たくさん突いてやるよ」
濃厚Hの原因は、ヤキモチと独占欲と…たっぷりの愛ーー
「おかえり」「ただいま」毎日同じ家で体温を感じられる幸せ…
再熱した初恋のラブラブ同棲ライフは濃密で激しくて…！
ベッドで体をくっつけてる内にムラムラしちゃって!?
「ナカ熱いな…すんなり二本入った…」指で奥までこすられて…
あふれてトロける蜜を、直接舐められて…気持ちよすぎる…っ
「あの頃以上に、どうしようもないくらい澪が好きだ」
初めての甘い記憶が詰まった部屋で、とろとろに抱き合ってーー
奥まで何度も深く繋がったまま…
「しっかり掴まって、離さないで」永く蜜甘な誓い☆"
3-nen-sangumi-tanaka-tarou	3年3組田中太郎	2	1	1	comedy	"うちゅう人田中太郎の完全新作第2弾！ 

 とつぜん3年3組に転校してきたナゾの宇宙人・田中太郎と、ふりまわされるタカシの爆笑ギャグコメディ！！
今回はいつものメンバーに加え、あの戦隊ヒーローや、新しいうちゅう生物も登場！
さらに各話に「いろんな太郎をさがせ！クイズ」もあって、隅々までまるごと楽しめる1冊です。 

 【編集担当からのおすすめ情報】 
 かつてコロコロコミック＆アニメで大ヒットした「うちゅう人田中太郎」の完全新作第2弾です！"
haruki-murakami-manga-stories	HARUKI MURAKAMI MANGA STORIES	2	1	1	drama,fantasy	"Haruki Murakami's best-loved stories finally in graphic novel form!

Haruki Murakami's novels, essays and short stories have sold millions of copies worldwide and been translated into scores of languages. Now for the first time, in this three-volume series, Murakami's best-loved stories are available in manga form in English.

With their trademark mix of realism and fantasy, centering around Murakami's signature themes of loss, remorse and confusion. The three stories in this volume are:

The Second Bakery Attack: A newlywed couple lie in bed, hungry. The man tells his wife about when he and a friend robbed a bakery and stole bread to feed themselves for two days. On hearing this story, the "
happy-table-harapeko-girl-wa-mitasaretai	Happy Tableはらぺこガールは満たされたい!	2	1	1	comedy,slice-of-life	"主人公の理人は、一人暮らし3年目の大学2年生。
ある日、お気に入りのゲーム実況を見ながら夕飯の準備をしようとしたらお隣に引っ越してきたばかりの女子高生・結菜がやってきてーー。

はらぺこ女子に手料理をふるまう、オイシイ生活が幕をあける!?"
i-m-your-prisoner	I'm your prisoner	2	0	1	bl,comedy,romance	"激オモすぎるAV界期待の新人男優×上昇志向が空回るどクズな先輩男優

見た目はイイけど女優人気底辺のAV男優・桐山来斗は
“打倒！おかざき尊”を掲げながらも現在低迷中。
『尊の再来』と持て囃される期待の新人・津田大成に
ライバル心を剥き出しにするが、なぜか本人に懐かれてしまう。
そんなある日、仕事にあぶれた来斗はゲイビの撮影現場へ！
本番ナシのモブだと言われて出ることをOKした来斗だったが、
そこで大成にア○ル処女を奪われてしまい…!?

【収録作品】
I'm your Prisoner #01〜#06
私はあなたの虜です（描き下ろし）"
roaming	Roaming	2	1	1	drama,romance	"2024年アイズナー賞、3冠を達成！
コールデコット賞オナーやアイズナー賞等を受賞したグラフィックノベル『THIS ONE SUMMER』のマリコ タマキ（作）＆ジリアン タマキ（絵）が再びタッグを組み、制作された作品。3人の大学生が過ごした5日間のニューヨークの旅を描き、Volume1ではDay1〜3の物語を収録する。

2009年3月。高校時代の親友ダニエルとゾーイは、大学1年の春休みにニューヨークで再会することに。ダニエルの大学のクラスメイト、フィオナも一緒にさまざまな観光スポットをめぐる3人。お互いの大学生活、家族や将来のこと、セクシャリティについて対話を重ねるうち、長年の友情がゆらぎ始めーー。大都市ニューヨークを舞台に繰り広げられる、繊細でみずみずしいクィア・ロマンス。"
za-last-chef-kuma-no-ryourinin	The Last Chef熊の料理人	2	1	1	gourmet	伝統あるレストラン「マエダ」は向かいにフレンチの名店「ジ・ダン」の支店ができてからお客が減る一方。そこで支配人が雇った新しいシェフは様々な店を渡り歩く“幻”の料理人・熊井元五郎。しかし、熊井はマジのクマだった！クマが習性を駆使しつつ美味しい料理を提供する前代未聞のグルメコミック、完結！
v-drive	Vドライブ!	2	1	1	action	"新人Vライバー・愛世きらり。夢はアイドル、人気はまだまだで貧乏暮らし。



犬猿の仲である同期・ニノとの”百合営業”を事務所から命じられ、

しょっちゅうケンカを繰り広げながらもアイドルとして成長中。

一方、人類を脅かす仮想空間の怪物・Vルスたちも、

世界を支配する計画を着実に進めており……。"
wet-sand	Wet Sand	2	1	1	bl,drama,romance	"【執着】VS【包容】
元ギャングの美しい男をめぐる三角関係BL

元ギャングのイアンは新たに越した街で青年・ジョセフと出会う。正反対の世界に生きる二人だが、ジョセフはイアンのミステリアスな魅力に惹かれ、イアンも正義感が強く明るいジョセフを特別に感じ始めていた。だが、そんなイアンを組織に連れ戻そうとギャングのTJが現れる。過酷な幼少期を共にし、お互いが代え難い存在の二人。それなのに自分の元を去ったイアンを絶対に逃がさないと、TJは激しい執着を隠さず迫ってきて…？"
koko-kara-saki-wa-yuuryou-desu-majime-otto-ni-etchi-na-service	※ここから先は有料です!マジメ夫にえっちなサービス!?	2	1	1	comedy,ecchi,romance	"「手でするなら三千円。口でするなら五千円」
相愛すぎるすれ違い（？）結婚性活エロコメディ開幕！

幸せいっぱいな結婚三年目を過ごす真昼と倫太郎。
倫太郎は、真昼を甘く攻めて愛で倒して
たっぷり気持ちよくさせることが大好き♪
だからこそ「真昼にして欲しいことはない」と伝えたけれど…
それをきっかけに真昼の “夫が欲望に溺れているのを見たい”欲が大爆発!?
 
期待を胸に始めた風俗ごっこ作戦は功を奏し、
倫太郎の秘めた欲望が少しずつ暴かれ始めて…

夜ごと過激に熱中していくラブラブ夫婦の明日はどっちだ!!!"
tsukiuta-gekijouban-rabbits-kingdom	「ツキウタ。」劇場版ラビッツキングダム	2	1	1	fantasy	"これは、「if-もしかしたらー」の、ここではないどこかの国の物語。
ーーとある冬の日。
ツキノ芸能プロダクション所属のアイドルユニット「Six Gravity」リーダー睦月 始は、ふらりと入った古書店で、兄弟ユニットである「Procellarum」のリーダー霜月 隼と出会う。
ふたりが手にしたのは、彼らが出演する舞台の原作本と思しき古書『Rabbits Kingdom』で…？
大人気劇場版本編コミカライズ、開幕！
2024年12月刊"
noroi-no-ko-to-shiitagerareta-reijou-wa-koori-no-hakushaku-ni-dekiai-dekiaisareru	「呪いの子」と虐げられた令嬢は氷の伯爵に溺愛される	2	1	1	fantasy,romance	グラウィスの元婚約者・ローザにさらわれ、「呪いの子」として闇オークションにかけられたミセリア。一億で落札されそうになるが、すんでのところでグラウィスに救出され、ローザは国外追放される。違法なオークション現場を突き止めたグラウィスたちは、国王陛下から褒美として「呪い」の秘密を握る国家医師・カリゴを尋問する権利を与えられる。しかし、カリゴ医師から衝撃的な言葉が告げられてーー!? 愛を知らない冷徹伯爵×健気で素直な不遇令嬢、身分差ラブストーリー。「呪い」の秘密が明かされる、注目の最終巻！
anoko-ni-naisho-no-vtuber	あの子にナイショのVTuber!	2	1	1	comedy,romance	引きこもりの高校生でありながら、人気バーチャルアイドルとして活躍するわらび。彼女の正体を知らない幼なじみの修は、実はそのアイドルに夢中なガチ恋リスナーだった。恋愛が進まないもどかしさ、絶対にバレたくないVTuberとしての活動、不登校に対する不安。複雑な感情が交錯する中で、わらびが最終的に自分で選んだ道とは──？
ii-gomibun-dana-ore-ni-kureyo	いいご身分だな、俺にくれよ	2	1	1	fantasy	貴族転生×下剋上!? 転生した異世界で王を目指せ！　事故で死んだ高橋修は、とある恋愛ゲームの異世界・ウェルロッド侯爵家の次男アイザックとして生まれ変わった。だが、義兄からはいじめられ、初恋の相手には既に婚約者がいてーー…と異世界でも難しい環境下にいることを自覚し、ある決意をする。　どいつもこいつも、 「いいご身分だな、俺にくれよ！」　 これはゲームの異世界にて、空気を読まずに覇道を歩み王へと成り上がる異世界での成り上がり物語であるーー!!　「小説家になろう」にて累計1億5千万PVを誇る作品が待望のコミカライズ！異世界で現代知識を使ったチートを遺憾なく発揮する幼少期を描く、第1巻！
itsuki-to-yuusei	いつきと優成	2	1	1	bl,romance	"「女の体って、こんなに気持ちいいもんなの…？」

いつきは大学進学を機に、友人の筒井優成とルームシェアをする予定だった。
でもまさか、自分が突然「女」になってしまうなんて！！？？
しかも周りはいつきをずっと女性だと認識しており、
「男」だったことを覚えているのは優成だけ。
なぜこんなことに！？　と混乱しつつも、とりあえず優成に付き合ってもらい
変化した体を確認することになるのだけど…。
触れられた部分が熱を持って、すごくドキドキするし気持ちいいーー。
「あのさ…この体で、えっちしてみたい」

ガタイのいい寡黙で優しい友人との、みだれた同居生活がはじまる！？
『漫画家とヤクザ』のコダ、待望の新連載！！"
uchira-wa-mabudachi	うちらはマブダチ	2	1	1	comedy	"美大時代に貧乏で人見知りな私にできた最高なマブダチたち。
あれから20年経っても私たちはやっぱりみんなで集まって、たわいもない話をしてる。

みんなでお肉を食べまくったり、本人不在の誕生日祝いをしたり、妄想でUNOをしたり…平成から令和にかけての爆笑エピソードがぎゅっと詰まった日常編。
『うちらはマブダチseason2』刊行記念トークイベント旅行を描いた、ハプニングたっぷりのトークイベント編。
美大時代の恩師・マゼンダ先生との感動の再会を描いた、じんわり泣けるマゼンダ先生編。
そして長編描き下ろしでは、走って踊って食べまくった卓球部らしさ全開の宮古島旅行編を収録！

卓球部の他己紹介や、個性あふれるカラフルな寄せ書きなどおまけページも大充実。
「奇跡の友情よ、永遠に続け！」笑えて、笑えて、ほんのちょっと泣ける、マブダチ青春コミックエッセイ待望のシーズン3！"
oishii-yosei-no-sugoshikata	おいしい余生の過ごし方	2	1	1	gourmet	"元刑事の海老塚正志と元服役囚の蟹原幸平。65歳で同居生活を始めた2人。
熟年離婚した海老塚、30年前に父親を殺害し、刑期を全うした蟹原。互いに悩みながらも
おいしいご飯を作り、食卓を囲む日々。凸凹おじコンビの楽しい自炊グルメコミック完結！"
oishisou-dane-sorumaani	おいしそうだねソルマーニ	2	0	1	ecchi,fantasy,romance	"獣人の兄ハーティアの突然の発情期をおさめる協力をしたソルマーニ。
それを知った弟スコルルは激しくソルマーニを抱く。
「イジワルしたいわけじゃない」「絶対僕のこと好きにさせてやる」
「だめっキモチイイ」
優しい恋人のように、いつまでも快感を与えるスコルル。
そこに恐ろしい獣人の影はなくてーー。
自分を生贄にしようとした彼を、好きになるわけ無い、
でも反応するカラダは!?


ある日川で溺れかけた事がキッカケで転生前の記憶が強くよみがえる。
生贄として囚われていた時のソルは、無残な扱いを受けていた。
その原因となったのは、森の野蛮な獣人「スコルル」。

今のスコルルへの愛しい気持ちと、辛い記憶が
ソルマーニを苦しめる。泣きながら、混乱する彼女にスコルルはキスをして抱きしめてー？

圧倒的画力で描く、獣人兄弟と生贄少女のセクシー異世界転生！第2巻！"
ojou-sama-wa-chikyuu-no-sweets-ni-shinryaku-sarekakete-iru	お嬢様は地球のスイーツに侵略されかけている	2	1	1	comedy,sci-fi	"美味しいは楽しい♪
共感型グルメコメディ第2巻!!

お父様の指示のもと、
スイーツで地球侵略をすることになった
宇宙人のエラお嬢様。

魅惑のスイーツが多すぎて、
エラ様の暴走は止まらない…！？


【おすすめ情報】
ハーゲンダッツのアイスクリームをはじめ、実在のスイーツばかりが登場！！
宇宙人のお嬢様が身近な実在スイーツに侵略されちゃう(？)姿をお楽しみください♪

幕間には、こばら先生の書きおろしスイーツコラムがあります♡"
okiraku-reijou-wa-konyaku-haki-ni-hokusoemu	お気楽令嬢は、婚約破棄にほくそ笑む	2	1	1	comedy,fantasy,romance	"計画通り断罪されるはずが、周囲の重なる勘違いで大誤算！？
求婚してきたゲオルグが皇国の皇子で貴族令嬢のスローライフ計画はもう限界寸前。
ーーそれでも、アンネローゼは諦めない！

ゲオルグに少しときめきも感じるが、念願を叶えるために彼女は計画を練り直す。
またもや意図せず周囲に勘違いされて過大評価される中、スローライフの労働力として従者を希望するが…？

実直な皇国王子と見た目は完璧な楽観的令嬢による婚約破棄から始まる勘違い（ラブ）コメディ第2巻！"
karisome-konyakusha-ni-dekiai-dekiaisaretemasu	かりそめ婚約者に溺愛されてます	2	1	1	romance	"仮の恋人なのに
ときめいてどうするの？

社内恋愛での失恋を乗り越えた美緒は、
先輩の伊織に助けてもらいながら前向きに仕事を頑張っている。
でも、失恋相手と美緒の後輩が婚約したことから、
美緒にまつわるよくない噂が社内に広まってしまう。
そんなとき、伊織が驚くような提案を！　次期社長候補でもある彼が、
噂を消すために偽の恋人役として名乗りを上げてくれて!?"
kimi-wa-yoru-no-juunin	きみは夜の住人	2	0	1	bl,drama,romance,supernatural	"「俺はマーニ。今からお前の血を頂くよ」
美術館インターンとして働く貴族のルークは、幼い頃家族を亡くした。
悲しみで呆然とするなか魅せられたのは、赤い瞳の美しい青年。
「お前も一人残ってしまったのか」
その日からずっと彼の面影を追い続けていた。

10年後、目の前に現れたのはあの恋焦がれた美青年だった。
マーニと名乗る美青年は首元に犬歯を突き立てーー。
目覚めると吸血鬼（ワンコ付き）のお世話をすることに!?

優等生然として雄み発揮《貴族》×昼はこども夜はおとな《吸血鬼》
時を駆ける運命の再会LOVE"
keroyoi-niigataben-sakaba	けろよい!新潟弁酒場	2	1	1	romance	"学生の両はカエルの研究のために新潟にやってくるが行き倒れてしまう。
そんな両を介抱してくれたのは新潟美女のに乃。彼女の包み込むような優しさに自分を
抑えきれず身体を重ねてしまった両だが、に乃は人妻だった。二人は別れ両は東京に
戻るが、に乃は行方知れずの夫を探して東京に!?新潟方言美女ラブコメ堂々完結！"
kodomo-no-kuni	こどものくに	2	1	1	action,drama,fantasy,sci-fi	コドモだけが暮らす街に現れる脅威。それは彼らを攫う“オトナ”の存在だった。その怪物と戦う軍隊長・ハルを兄に持つサンは、兄の背中を追い軍への入隊を目指すも不合格に…。悲嘆に暮れる中、突如ハルの容体が急変し!?
gobusata-na-izumi-san-ni-dakaremasu	ご無沙汰な伊澄さんに抱かれます	2	1	1	comedy,ecchi,romance	"「あなたを抱きたくてたまらなかった」
自信がなかったマキノだけれど、恋人伊澄のまっすぐな態度に幸せを噛みしめる日々。
涼やかな顔と裏腹の情熱的な言葉やアピールで、愛の重さがいっそう加速！
でもまだ彼を深く知らない、過去、家族……気になることばかり。
中止になったデートの約束も新たに取りつけて、伊澄の本心にますます迫る!?
絶世の年下美青年と出逢って人生が変わった運命的ラブコメ、感動の完結編!!

コミックス限定描き下ろしあり♡"
zatsutabi-another-side-byuu	ざつ旅-Another Side View-	2	1	1	slice-of-life	"『ざつ旅ーThat&apos;s Journey-』では鈴ヶ森ちかの良き相棒として活躍する蓮沼暦。
2人で旅をする時は元気で楽しい仲間だが、1人での生活では違った一面もたくさんあって…？

掃除をするだけ、電話をするだけ、衣替えをするだけ…
でも何をしてもかわいい…そんなハッスーの愉快な日常をご堪能あれ♪"
shiranai-koto-kenkyuukai	しらないこと研究会	2	1	1	comedy,fantasy,slice-of-life	"高校2年生になった不知火フレアは部活に入りたくても、やりたいことがなくて困っていた…。
そこで一つ下の後輩、尾丸ポルカに相談したところ、新しい部活を作ることを提案される。
2人が新しく作った部活、
それはただみんなで集まってわちゃわちゃするだけ、
楽しく過ごすだけの部活「しらけん」こと「しらないこと研究会」だった！
徐々にメンバーが増えていく中、
フレアと仲がいい白銀ノエルは入部したくても踏み出せない…。
そんな友達の背中を押すため、しらけんメンバーはノエル入部大作戦を決行する…！
ホロライブ所属の大人気VTuberユニット「不知火建設」が学パロになって漫画化！
個性豊かでバラバラな5人が繰り広げるゆるーい青春日常コメディ!!"
tekuteku-himitsu-risaachi	てくてくっ!秘密リサーチ	2	1	1	slice-of-life	"ひぐれはフィールドワークが趣味の女子高生。

興味のある場所を訪れては動画を撮影しています。

ある日、暗渠辿りの途中で元気な女の子・すかいと出会って…？

街に隠れた、ちょっと不思議な秘密をリサーチしちゃいます！

街ブラ系4コマ漫画、開幕です！"
dou-agaitemo-akuyaku-reijou	どうあがいても悪役令嬢!	2	1	1	fantasy,isekai,romance	"転生したら乙女ゲームの悪役令嬢ジャンナだった！
良い子になって断罪END回避を狙うも、ヤンデレな美形従者アーシュに阻まれ、悪役令嬢まっしぐら…。
そんなある日、魔獣を使い試験を妨害したと皆に責められるなか、意外にも双子騎士の片割れディーだけが庇ってくれる…！
だけど後日、妙になついてきたディーに後ろから抱き寄せられた所を丁度アーシュに目撃されて…!?
「近いよ、触んないでくれる？」
もしやアーシュの嫉妬が最大の死亡フラグ!?
最高に危険でロマンチックな美形従者×転生悪役令嬢ファンタジー第2巻!!
2024年7月刊"
nande-momo-san-wa	なんでモモさんは	2	1	1	essay,comedy,drama	"54歳差。だけど、心の距離はすぐそばに。

寡黙な女子高生・トシちゃんと、独り静かに暮らしていた老婦人・モモさん。
モモさんが書きためていた一冊の「やることノート」から、
ふたりの交流がはじまり、ゆっくりと心が通いはじめる。
ノートの最後に綴られていたのはーーモモさんの最後の願い…？

年齢も、価値観も違う。けれど、どこか似ているそんなふたりの、
とっておきの友情の記録。"
butto-bird	ぶっとバード	2	1	1	comedy,sports	"トリキャラ全集結！！ 

 コロコロコミックから登場した
大人気ゲーム「ぶっとバード」が
漫画でも楽しめる！

可愛いスズメさんに夢中になること間違いなしっ！
ツバメもフクロウもワシもフェニックスもモズもホウオウもカラスもセキレイもミミズクもタカも全トリ集結！！
トリあえず買っちゃおう！！

※この巻だけの描きおろしもあるぞ！！！ 

 【編集担当からのおすすめ情報】 
 ゲームで活躍するトリたちをもっと好きになりたい方は
ぜひ読んでみてください！"
poyopoyo-shinryaku-sutaadamu	ぽよぽよ侵略スターダム!	2	1	1	comedy	"アイドルで、大宇宙制圧☆
「宇宙人アイドル」ポヨタ・ポヨーラが全宇宙をトリコにするぽよ！
破天荒でキュートな地球侵略（アイドル）伝説、完結（フィナーレ）！！


CHARACTER

ポヨタ・ポヨーラ
ぽよりんこ星からやって来た宇宙人アイドル。

マネージャー
ポヨーラのマネージャー兼プロデューサー。

品川こころ子
国民的アイドル「TKD53次」メンバー。ストイックでチョロい。

鳴海うるん
「TKD53次」メンバー。ナンバーワンアイドル。"
maou-chan	まおうちゃん	2	1	1	comedy,fantasy	"地球について学ぶため、天界から留学にやってきたまおうちゃん。
うさぎちゃんのおうちにホームステイ中の彼女に、いよいよ学校デビューの日がやって来た！
はじめての学校、はじめての授業、新しいともだちーー。
はじめてづくしの学校生活に、まおうちゃんもドキドキワクワクの様子です。"
mochiron-oshite-ne	もちろん推してね!?	2	1	1	drama	"アイドルをしていた時の母は、
私の憧れでした。
引退してからも、ずっと、ずっと。

私は、母の背中を追うようになりました。
母も、妹も、応援してくれました。

…応援してくれてたはずだったんです。
なのに…家に見慣れない物が増えたあの日から。
何かが、おかしくなっていったんです、

＝＝

整形、ホス狂、拒食症、宗教二世。
夢に向かって、キラキラと、ひたむきに走っていた…はずだった。

炎上系(!?)アイドルたちのサクセス・ストーリー、
上下巻同時発売！"
yokubare-ningen-san	よくばれ!人間さん	2	1	1	comedy	相変わらずダラダラと毎日を過ごす人間さんと甘やかしてばかりの天使＆悪魔。そんな3人のもとに現れたのはちょっと生意気な堕天使ちゃん！？人間さんにやたらと突っかかってくる彼女の真意とは…？天使も悪魔もバイトを始めたり、人間さんがメイドになったり、妹が押しかけて来たり…！？イベントてんこ盛りで人間さんの欲は引き出されるのか！？ダメ人間を無限にかわいがる、ダメかわゆる百合コメディ、堂々完結！！
rinku-life-raburaibu	りんく!らいふ!ラブライブ!	2	1	1	music,slice-of-life	"蓮ノ空女学院スクールアイドルの日常が詰まった4コマコミック！
公式Xで連載中の『りんく！らいふ！ラブライブ！』を新規描き下ろしコミックとともにまとめる。『Link！Like！ラブライブ！』で使えるシリアルコードが付いてくる！
※シリアルコードの有効期限は2026年1月28日0時〜2027年1月27日23時59分までです。"
watashi-no-shouko	わたしの証拠	2	1	1	mystery,drama,comedy	"時代を鋭く抉る奇才による人生論、完結！ 

 「結婚ってマジ墓場！」って言った人の余生とは…？

「年賀状じまい」は人間関係の断捨離ーー？

体も頭もどんどん衰えるのに、
「性根」だけは全く衰えないってどういうことだ！？

みんな同じと思っても、同じじゃないことのほうが多いかも。
こんな自分で、良いのだろうか…？

そうやって、悩んで、笑って、日々を過ごす。
だけど、それで良いじゃない。

あなたはあなた、わたしはわたし。
同じじゃなくて当たり前、違うからこそ面白い。

あなたの心にそっと寄り添うオムニバスショート、堂々完結！
 

 【編集担当からのおすすめ情報】 
 「ビッグコミックオリジナル」誌上、
そして小学館Webサイト「ビッコミ」で大反響の本作品。

時に鋭く、時に柔らかく、あなたの心に寄り添って、
読み終えると、「あなた自身」を
ゆるっと抱きしめたくなること間違いなし！！！

あなたの心をたっぷり癒やす、
極上のオムニバスをぜひご堪能くださいーー！
その20 フリーダム……………3
その21 化粧……………11
その22 先輩……………19
その23 ぼっちの性根……………27
その24 尿漏れ……………35
その25 アイドル……………43
その26 夫婦……………51
その27 モチベ……………59
その28 敵 or 味方……………69
その29 元気……………77
その30 がまん……………85
その31 誰の損……………93
その32 呪い……………101
その33 親ガチャ……………109
その34 アピール……………117
その35 AI……………1"
the-idolm-ster-million-live-blooming-clover-encore	アイドルマスターミリオンライブ!Blooming Clover〈encore〉	2	1	1	drama,music,slice-of-life	"人気ゲームをコミカライズした
『アイドルマスター ミリオンライブ! Blooming Clover』(全16巻)の
外伝コミックス第2巻にして、シリーズ最終巻。

劇場の備品室で語られるのは、
可奈たち「Clover」が過ごした1年間とともにあった、
いくつかのサイドストーリー。
オムニバス形式でアイドル1人1人の
魅力に迫った物語がつづられる。

最終話では「Clover」の志保の視点から
もう1つの本編最終回が描かれる。

これからも、いつまでも、
夢見る少女たちの物語は続いていくーー。"
academic-hype	アカデミックハイプ	2	1	1	action,drama	"優等生の道念大二郎と幼馴染・堤 世那はそれぞれの目的のため、悪の巣窟である「無間高校」に入学することに。しかし、そこは二人の想像を遥かに超えた地獄だった!!　 金なし!　 コネなし!　 力なし! 　あるのは頭脳と行動力！ 一般人の二人組が不良高校でトップを目指す!!　令和のネオ不良漫画、開幕!!

優等生の道念大二郎とその幼馴染・堤 世那が周囲の忠告を振り切って進学した高校、それは…全国屈指の不良が集う「私立無間高校」！　それぞれの目的のため、悪の巣窟に足を踏み入れた二人が見たものは、想像をはるかに超えた地獄だった!?　 金なし!!　コネなし!!　力なし!!　ないないづくしの弱小ペアが最難関不良高校でトップを目指す、別マガ史上最もクレイジーなヤンキー漫画爆誕！"
akiresu	アキレス	2	1	1	action	"「剣闘士」になれば全てが手に入る。富も名声も、自由も──。
最強の伝説と出会い、運命をひっくり返せ！　下克上剣戟ファンタジー開幕！！

奴隷の少年・ルクスは自由を求めて、伝説の剣闘士・アキレスの下で剣闘士を目指す!!　奴隷市場での初試合、ルクスは対戦相手ではなく、ムカつく自由市民の審判をブン殴り大波乱！　更には“市民殺し”の大罪人・レイブラッドに対しても、救われてほしい一心で歩み寄ろうとする！　されど目前に迫るは血と命を散らす狂乱の舞台。心優しき少年はどのような剣の道を歩むのか!!　下克上剣戟ファンタジー、堂々完結!!!"
elite-keishi-no-dokusenyoku-ni-karametorare-dekiai-sarete-imasu	エリート警視の独占欲に絡めとられ溺愛されています	2	1	1	romance	IT企業に勤める里紗は、不審者から助けてくれたイケメンの男性・涼真と恋に落ちる。自分のことを話したがらない彼に違和感を覚えつつも惹かれていくが、なんと勤務先に派遣社員として涼真が現れた！　しかも彼は偽名を使っており、会社では他人のふりをしてほしいと告げる。彼の目的は一体なに!?　信じたいのに信じきれない里紗の恋心は揺れて……。
ookami-to-haru-no-uta	オオカミと春の歌	2	1	1	bl,drama,romance	"アパレル企業の清掃員・大上は過去のある体験から、
人生で望んだものを手に入れられるのは一握りの人物だと
希望を持てずに生きていた。
そんな大上のひそかな楽しみは本社で月替わりで展示されるディスプレイ。
偶然そのディスプレイを手掛けるデザイナーに出会うが
彼はとんでもない暴君だった！！
無理やり特務デザイン室・通称S室に異動させられた大上は
デザイナー・春原団に振り回されまくり。
しかし団そして大上にも、それぞれ大きな秘密があってーー。"
occult-journey-etsuran-chuui	オカルトジャーニー〈閲覧注意〉	2	1	1	comedy,drama,horror,supernatural	"「そうだ！ 心霊スポットへ行こう!!」
借金まみれの干物女・杉山ノリコ、彼女が返済のために選んだ道はオカルト系動画配信者だった──。ヤクザの浅井とタッグを組んで、怪奇を撮るため今日も東へ西へ往く。ちょっぴりユルくて、意外と怖い、オカルトバディ珍道中！"
onikogi	オニコギ	2	1	1	sports	"大切なBMXを取り戻すために、斗真との無謀な勝負に挑んだ颯汰《はやた》。
斗真と激突してコースに投げ出された斗真と颯汰だったが…。
そんな中、本音が出場する世界選手権の日が目前に迫るーー。"
karasuya-satoshi-no-shin-bikkuri-curry	カラスヤサトシの新びっくりカレー	2	1	1	comedy,gourmet	"あの人気エッセイコミック、びっくりカレーがかえってきた！　
摩訶不思議な魅力あふれる個性的なカレー店を取材しながら、
カレーへのあこがれはインド中をかけめぐる。
読むとカレーが食べたくなる一冊！"
kandata-onee-san-no-jigoku-surooraifu	カンダタおねえさんの地獄スローライフ	2	1	1	comedy,supernatural	"地獄へやってきたばかりのルーキー亡者・耳小骨ちゃん。かまゆでにされたり、串刺しにされたり、あらゆる苦行を受ける日々。そんな中、苦行を受けながらもニコニコしているおねえさんと出会う。「地獄でスローライフを満喫中」と語る地獄歴五千京年のベテラン亡者・カンダタおねえさん。ちょっぴりエッチでとっても優しいおねえさんに、地獄の楽しい過ごし方を教わることになった耳小骨ちゃんだが…!?
新時代のハード・ギャグ・パンチャー19歳がお届けする、スプラッターでオネショッターな地獄漫遊ギャグ!!"
king-the-land	キング・ザ・ランド	2	1	1	romance	"後継者争いで嫌気が差して海外留学したウォンは、幼い頃に失踪した母親の手がかりを見つけて帰国し、キングホテルの本部長として勤務し始める。
一方、小さい頃からの夢であるキングホテルのインターンとして働き始めたサランは、笑顔を認められ、ホテルのロビーに上がり、ベストタレント賞を2年連続取得するまでに成長していた…。
笑顔を嫌うウォンと常に笑顔のサランは再び出会うも、お互いを忘れているため、事あるごとに衝突し…？

幼少期から成人するまでを描く、身分違いのピュアラブストーリーがついに登場！"
gal-reijou-no-shitsuji-kun	ギャル令嬢の執事くん	2	1	1	romance	"「だって僕は…ヒカリ様の執事くんですから」

時期当主専属の執事になるべくして教育を受けて育った 田頼亮平。

生涯仕える相手であり、自身の初恋相手の陽乃ヒカリとの数年ぶりの再会に心踊らしていたら…やって来たのはギャルだった⁉

家のしがらみに苛まれ、今しかない自由を堪能しようとする少女と、どんな過酷な道でも主人の夢を応援し支えようとする少年。

夢と未来を掴むために奮闘する、少年少女達の群像劇開幕!"
gukkenhaibu	グッケンハイブ	2	1	1	slice-of-life	"芸術島の「グッズ研究部」は楽しさ無限大！ 

 瀬戸内海に浮かぶキンカン島にある、未来の芸術家を育てる百芸大付属学園。編入してきた高校一年生の森谷ラプラは「グッズ研究部」を創設する。さまざまなグッズを研究したり生み出したりする通称「グッケン」の部室は、部員が安らぐ
「巣」のようになり、さらに中等部の生徒たちも加わって、ますます部活ライフは楽しさを増す。そして、充実の1年間が、あっという間に過ぎようとしていた。。。
 

 【編集担当からのおすすめ情報】 
 読売中高生新聞とサンデーうぇぶりで2023年に連載された『グッケンハイブ』待望の単行本化！ 有名女優を母に持つ高校一年生の森谷ラプラを中心に、一癖も二癖もある個性的な高校生たちが「グッズ」を研究します。
『蛍の扉』のコンビが送る、新たな青春ストーリー！ 作画の金平守人氏が描く『偉人画報 三峯徹』も話題沸騰中！"
kokage-chan-wa-koi-no-noroi-ni-maketakunai	コカゲちゃんは恋の呪いに負けたくない	2	1	1	comedy,romance	突如かかった恋の呪いに翻弄されながらも大好きな明澄くんへ想いを伝えるために、イベントが盛りだくさんの夏休みに狙いを定めていたコカゲちゃん。けれども夏休みに補習授業を受けることになってしまいその上…明澄くんを狙う？新キャラも登場や新しい呪いの解決方法に挑戦したりと今まで以上に楽しくも苦闘の日々を送る羽目になってしまう。様々な試練やイベントを乗り越えコカゲちゃんは無事に明澄くんへの想いをちゃんは伝えられるのか！？
cosmo-vs	コスモVS!	2	1	1	action,comedy	"正義のヒーロー、コスモ爆誕！！！！！！！ 

 コロコロコミックに世界を救う正義のヒーローが登場！

世界滅亡をくわだてる怪人・デススカルから
地球を守るべく、宇宙パトロール・コスモは日々ヒーローとして活動する。

ときには、
ビームを打ったり、マックを食べたり、トラックを運転したり…？

怪人・デススカルをおちょくりまくる
コスモの活躍をその目で確かめよう！！ 

 【編集担当からのおすすめ情報】 
 コロコロコミックにヒーローがやってきた！
だけど、このヒーロー、なんだがヘンかも…？

色々な方法で怪人を撃退するその様はまさに痛快！
新時代のギャグを味わおう！！！"
komyuryoku-zero-no-kami-eshi-to-osananajimi-no-teihen-sakka	コミュ力ゼロの神絵師と幼なじみの底辺作家	2	1	1	romance	"平凡な男子高校生のソウヘイは、趣味で書いた小説を投稿サイトに載せてもコメントすらもらえない。
そんな彼の熱心な読者がこの世に一人だけいた。ひきこもりで学校にも行かないが、絵の腕前はプロ級の幼なじみシキだ。
けれどもシキは自分の絵をソウヘイ以外に見せようともしない。
そう、ソウヘイとちがってシキはに承認欲求がまるで無いみたいでーー。
大人気コミック「いきのこれ！社畜ちゃん」のタッグが贈る最新作は、男女の承認欲求をめぐる物語！"
korokoro-kedama-nikki	コロコロ毛玉日記	2	1	1	slice-of-life	ケダマ、クーちゃん、テツオ。性格も、好きな食べ物も、やることなすこと、てんでんばらばらな3匹の猫。そのバラバラな感じが妙におかしくて、癒やされて、時にビックリさせられて……。マンガ家は仕事柄、一日の大半を机の前で過ごします。そんな仕事中の飼い主なんてお構いなし！ 邪魔したいのか、はたまた格好のネタを提供したいのか、猫たちは奇想天外なことを次から次へとやらかします。夜、布団で眠ろうとすればモミモミされ、気持ちよく寝ていれば叩き起こされ……。24時間ずっと一緒の暮らしは、ありふれた日常を少しずつ特別なものに変えてくれました。朝日新聞土曜別刷りbeでの大好評連載はもちろん、本書でしか読めない描き下ろし漫画2編、描きおろしカット30点に加え、充実のオマケも収録！ 大人気猫エッセイ、待望の第2弾です！
cyalume-papa	サイリウム・パパ!!	2	1	1	comedy	"コワモテで部下に恐れられる課長の小野田。
いつも定時で帰る彼のプライベートはベールに包まれていたが、実は彼の一人娘・ナツキは人気アイドルグループ「道徳の教科書」のセンターで人気上昇中のアイドルだった!?
愛娘を応援したくて推し活を始めたパパだが!?
アイドル親子コメディ完結！"
sakiyomi	サキヨミ!	2	1	1	romance,supernatural	"人気動画配信者「雪うさ」の正体は瀧島君だった！
瀧島君にとって『サキヨミ』は「ある人」との絆そのもので、そのために「雪うさ」として配信していると話してくれた。
驚く美羽だけど、瀧島君から雪うさの妹分「ミミふわ」になってもらうと言われて…!?
『サキヨミ』出来る美羽と瀧島君が未来を変えるーーー!!
目が離せない、大人気作品のコミカライズ第2巻！
2024年9月刊"
sasakure-impact	ササクレ・インパクト	2	1	1	bl,romance	"才能ある兄弟に挟まれ、劣等感からサッカーに熱くなれずにいた佐渡太珂(さわたり たいが)。
しかし、あるきっかけで一念発起しサッカー強豪校の竹麗学園に転入する。

寮で同室になったのは、男子生徒たちの憧れの的・サッカー部のマネージャー水町(みずまち)。
選手からマネージャーに転身したという水町は留年しており、何かワケありの様子…？

ある夜、強豪校のハードな練習で疲労困憊の太珂は
寝ている間に水町からマッサージを施され勃ってしまう。
夢だと思って水町に抜いてもらうが…!?

佐渡太珂初登場の「ササクレ・クライシス」番外編他、
「ササクレ・メモリアル」の拗らせ鉄道マン・三田の
叔父さんのスピンオフを収録した「ササクレ」ファン必見のシリーズ最新刊!!

数量限定の初回限定版は「ササクレ」シリーズのコミックス未収録作品3編を収録した24p小冊子付き！


【収録作品】
ササクレ・クライシス Summer Special
靴を買いに行く。
ササクレ・インパクト1〜3
ササクレ・ラビリンス
Winter Special ササクレ・インパクト編(描き下ろし)"
sofii-no-sekai	ソフィーの世界	2	1	1	fantasy	"世界でいちばんやさしい哲学をコミックで読む！

ある日、少女ソフィーのもとに届いた差出人不明の1通の手紙。そこにはたったひとこと「あなたはだれ？」とだけ書かれていた。それは「哲学」への招待状だった。世界的ベストセラーの哲学ファンタジーがフランスの人気作家によるコミック、バンドデシネになってオールカラーで登場！

1 あなたはだれ？ 
2 神話と自然哲学者たち 
3 原子と運命 
4 アテナイとソクラテス 
5 プラトン 
6 アリストテレス 
7 ヘレニズム 
8 ふたつの文化 
9 聖アウグスティヌス、アヴェロエス、聖トマス・アクィナス 
10 ルネサンス 
11 バロック
1 あなたはだれ？ 
2 神話と自然哲学者たち 
3 原子と運命 
4 アテナイとソクラテス 
5 プラトン 
6 アリストテレス 
7 ヘレニズム 
8 ふたつの文化 
9 聖アウグスティヌス、アヴェロエス、聖トマス・アクィナス 
10 ルネサンス 
11 バロック"
sorokyan-numa-no-mineko-san	ソロキャン沼のミネコさん	2	1	1	slice-of-life	"弥高峰子、普段はしがない受付嬢だが、その実態はプライベートのほぼ全てをソロキャンプに
捧げる重度のキャンプ女子なのである。カップヌードル、豚汁、炊き込みご飯等…
誰にも邪魔されない優雅で贅沢な時間はプライスレス。ソロキャン女子コミック新刊！"
solar-eclipse	ソーラーエクリプス	2	1	1	bl,fantasy,romance	"ニセモノの恋人なのに　甘く愛されてーー

皇太子が本当に愛しているのはーー。
帝国一の貴族・エドウィンからの依頼で、失踪した彼の弟・エレンの影武者となったライ。エレンの恋人である皇太子・ヘクトルに甘く愛され、「本当の恋人ならよかった」という想いを抱いてしまう。そんな中、ヘクトルが失踪したはずのエレンと密会しているところを目撃する。自分がエレンではないと知られ動揺するライ。しかし、ヘクトルは全てわかった上で、いきなりライを押し倒しキスをして…？"
danball-bachelor	ダンボールバチェラー	2	1	1	drama,romance	南凛音が倉庫にやってきてから早くも三週間。倉庫内では南を巡るおじさんサバイバルが激化するも、東起助はなかなかアピール出来ずにいた。そんな中、南が念願の声優オーディションに合格！ 夢を諦めない真っすぐな姿勢に感化された東は、自らの夢である“漫画家”になるために奮起するも…!? 果たして、最後に微笑むのは誰なのか──。おじさんたちの倉庫内恋愛サバイバル、衝撃のクライマックス!!?
do-kuzu	ド屑	2	1	1	drama,fantasy,mind-game,romance	"人気ボカロ曲コミカライズ第2巻！

交際を始め、円満にも思えた榴〈リュウ〉と柘〈アカネ〉。
しかし榴の浮気により、二人の関係は破局を迎えてしまう。
柘からの最後の願いで榴は彼女の家を訪れるが、
そこで気を失ってしまい、次に目を覚ましたときには
柘の部屋で鎖につながれ軟禁されていた…！
榴は柘の隙を突いて脱出を試みるが…。

“ド屑”たちの恋愛譚、ここに完結。
向かう先は──“お望み通りの末路です！”。"
nakashi-shimai-no-heni-kiroku	ナカ●シ姉妹のヘン●イ記録	2	0	1	comedy,ecchi	"華の女子大生・仁井戸秋歩は一人暮らしを始めて充実した生活を送っていたーー
ニートの姉・夏奈が居候していることを除いては。だらしのない姉に手を焼く日々を過ごしていたところ、突然、「おちんぎん搾り取り役」を称する爆乳女性・千房が訪ねてくる。開口一番に告げられたのは、なんと夏奈が作った借金300万円の返済請求だった！ 返す当てもなく困り果てる二人に千房が提示した条件は、「ワケアリバイト」。高報酬の代わりに「ワケアリ」な内容とのことだが……？ ナカ●シな姉妹二人が借金ヘン●イに挑む、ちょっとエッチなお仕事コメディ、完結の第2巻!!
6本目「姉のデカサを○いシル！せいしをかけた肝試し!?」
7本目「○ん○ん嗅いだら一嗅惚れ　つくし○んにゅう!? ワケアリバイト」
8本目「マジックショーは本番中し!? まさかの手段でケッ○確定！」
9本目「ヤりたい放題大ぜっ〇ょう!? カジノドリームでぶっカケまくれ」
10本目「ナ○イキバニーにお仕置きを！ ○IPルームでシリつくせ！」
11本目「仲良し姉妹の返済記録」"
net-de-kirai-na-aitsu-no-keshikata	ネットできらいなあいつの消し方	2	1	1	mystery,romance	"ある春の日、高校入学を機に念願の初スマートフォンを手に入れた鳴神鳴（なるかみめい）は
憧れの先輩犬飼羊（いぬかいよう）、中学から犬猿の仲である同級生・常盤楓子（ときわかえでこ）と共に
もどかしい関係を築きながらも順風満帆な高校生活を送っていた。

そんな最中、推していたvtuberがSNSで非難されていたのを目撃し擁護したことが原因で、
鳴はネット上で見知らぬ他人から誹謗中傷を受けてしまう。

そして同時にネットロアとして語られる「消しゴムさん」の噂が彼女の耳に入り、
友人・家族・知人、突如周りの人間の存在が消されていく不可解な事件が起始める…。

ネット上で失われたものへの復讐と少女の恋、
とあるアプリとSNSでの物語が今はじまる。"
honey-blood	ハニーブラッド	2	1	1	romance,supernatural	"イタコの娘 神園令亜(かみぞの れいあ)は
内気で不器用な性格のせいで
クラスメートから「魔女」と呼ばれ気味悪がられていた。
ある日、令亜をいじめる女子たちに連れられて
無理やり修学旅行先の廃教会に入るが…
そこには死体のように冷たい男が!?

その男はなんとバンパイアだった!?

バンパイア男ーブラッド・ぺティシュと出会ってから
令亜の日常が徐々に変わり始めるが…"
hundred-note	ハンドレッドノート	2	1	1	mystery	"今最も新しい“名探偵”、誕生！！ 「ハンドレッドノート」初の公式コミカライズ！！
エルキュール・ポワロ、明智小五郎、シャーロック・ホームズ。事件が起これば、そこには必ず“名探偵”がいた。これは新たな“名探偵”が生まれる物語ーー。

20XX年。TOKYO CITYでは、100人の“名探偵”が統一名探偵組織・ネストの元で事件解決に臨んでいた。
“名探偵”を父に持ち自身も“名探偵”を夢見る高校生・天命大地は、圧倒的な洞察力と推理力を持つ司波仁、お調子者だが友達思いなキザ関西人・霧縦人とともに、とある孤島を訪れる。
しかし、楽しいはずだったクラスメートとの旅行は、一人の悲鳴を境に悲劇へと一変するのだったーー…。"
harem-yori-heion-o	ハーレムより平穏を!	2	1	1	comedy,ecchi,fantasy,isekai	"ニートを夢見てFIREをした、エリートサラリーマン・岸辺。夢の生活も目前!!のはずが、車にひかれる寸前だった女の子を助けたことで死亡してしまう。そんな彼を憐れんだ自称神様が岸辺をニートができる異世界へと転生。気づけば超大国の姫様・アイリスになっていた!!!
超絶美少女で一切働く必要がなく、惰眠と自由とオナ●-のし放題で岸辺は人生勝ち組!! …と確信していたが、ある問題が。この姫様、最高レベルの愛され体質（スキル？）みたいで、色々な女の子が姫様（元男）に迫られまくり……!!?

異世界で愛されまくって働かないメシが上手いか？を体験できる、羨ましすぎる異世界TSクソニートハーレム!!!!
第1話
第2話
第3話
第4話
第5話
第6話
描き下ろし番外編"
bakishimi	バキしみ	2	1	1	comedy	"経験人数0人と経験人数10000人の入れ替わり!?
「バキバキ童貞です。」街角インタビューの一言がきっかけで大人気のネットのおもちゃとなった「バキ童」ことぐんぴぃ。しかし運命のゆがみにより死亡！なんやかんやあって名AV男優のしみけんと入れ替わることに！"
batsuichi-kachou-to-koisuru-ouji	バツイチ課長と恋する王子.	2	1	1	bl,romance	営業三課の課長・青野は『ハピネス製菓の王子様』こと、優秀な部下の牧瀬を歳の離れた友人だと思っていたーーその日までは。「課長が好きです。抱きたいって意味で」告白は流したいけれど、牧瀬が離れるのは嫌で……。一途なキラキラ系年下部下×不器用に逃げ惑うツンデレ上司BL♪【『バツイチ課長と恋する王子』1〜5話＋描き下ろし収録】
hydra	ヒドゥラ	2	1	1	fantasy,drama	"35歳の男・草野遊馬は特に目標もなく、これといった趣味もなくチラシ投函の仕事で生計を立てている。
そんな草野が突如としてデスゲームに参加させられることになり…？
極限状態に落とし込まれた草野の行く末は…!?
極限絶望サバイバル完結！"
himitsu-no-shanai-love-ga-haran-nandesu-kedo	ヒミツの社内恋愛が波乱なんですけど?	2	0	1	bl,comedy,romance	"営業の綾川とデザイナーの山岸は、社内でも有名な犬猿の仲!…だけど、プライベートでは一転、甘々ラブラブカップルでヒミツの社内恋愛を楽しんでいる。そんなある日、現場スタッフから綾川の噂話を持ちかけられた山岸。聞くと、綾川が元・朝ドラ女優と付き合っているという内容で!?　笑い飛ばしていた2人だったけど、事態は思わぬ方向に!!?

フェチエロたっぷり♡超豪華オール描き下ろし小冊子付き!!"
fortuna	フォルトゥーナ	2	1	1	drama,fantasy	"”醜い”と誹られたれた男の物語、完結！！ 

 その醜い容姿から、“怪物”と呼ばれる男・フォルトゥーナ。

盗賊達が森に置き去りにした盲目の少女・
コレーとの出会いをきっかけに、
フォルトゥーナの気持ちに徐徐に
変化が訪れ始める。

病気に伏したコレーの為に手に入れた薬を抱え、
彼女の元へと戻るーーーー!!

 

 【編集担当からのおすすめ情報】 
 読切『漆黒のカイザー』で
読者と業界を激震させた新星が紡ぐ、
初連載作品の完結版です。

帯にはあの大人気漫画家からの推薦コメントも掲載。

上下巻同時刊行！
第7話	寝顔
第8話	愛と幸せを
第9話	物語の様に
第10話 羽化
おまけ ルキウスの手紙
特別掲載！ 短編 漆黒のカイザー"
bullbuster	ブルバスター	2	1	1	mecha	"若き技術者・沖野鉄郎は、自ら開発した新型ロボット・ブルバスターを携え、害獣駆除会社の波止工業に出向。
田島が社長を務める波止が対峙しているのは“巨獣” と名付けられた謎の生物だった！
さらに万年金欠の零細企業とあって、波止には常に経済的な問題がつきまとう……。
ロボットの燃料費、パイロットの人件費、もちろん弾一発の無駄さえ許されない。
巨獣を退治するという「理想」と、コストという「現実」の狭間で、波止に未来は訪れるのか！？

TVアニメ「ブルバスター」現在各配信サービスで好評配信中！
原作小説1〜3巻、KADOKAWAから好評発売中！"
play-shita-oboe-mo-nai-game-teki-na-sekai-ni-mayoikondara	プレイした覚えもないゲーム的な世界に迷い込んだら	2	1	1	action,adventure,supernatural	"合同実習の最中、言い争う川神と獅子堂の前に突如として現れた魔物。2人は討伐に挑むが、魔物のケタ違いの強さに窮地へと追い込まれる‥‥！その一方で、ついに僕と鷹尾先輩が参加する実験計画が始動！「特殊実験室」が立ち上がり、本格的なダンジョン攻略へと動き出す！しかし、実験計画に納得できない様子のA組・B組の生徒が騒ぎ出し、争いにまで発展する！？
迷い込んだこのゲーム的な世界。＜超越者＞の僕がなすべきこととは‥‥。

「小説家になろう」最注目作！待望のコミカライズ、最終巻！ 
※「小説家になろう」は株式会社ヒナプロジェクトの登録商標です。"
hereteku-no-ana	ヘレテクの穴	2	1	1	mystery	"この作品「元祖・異界転生もの」なのか!?
『透明なゆりかご』『お別れホスピタル』とテレビドラマ化の相次ぐ沖田×華が、新井素子『二分割幽霊綺譚』を原作にして拓いた、新しき地平！


真相究明のために東くらこの部屋に忍び込むことにした山科、砂姫（と斎藤の片方）たち。その計画の第一歩、真弓が東をデートに誘うことはかろうじて成功し、2人は出かけた。山科たちが、東の部屋の床の、ぽっかり開いた穴から地下へ降りると、そこは無数の穴が掘られた空間が待ち受けるばかりであった。途方にくれながら地中を這い、駆け回るハメになった山科と砂姫（と斎藤の片方）は、道行きの果てに、とんでもない生物を発見してしまう。次々になされる告白！　明かされる真相‼　そして生まれる新たな謎!!!"
mind-reversi	マインド・リバーシ	2	1	1	mystery,sci-fi	"異星からの侵略者に彼女らのリーダーと間違われた気弱な青年・木偶ノ原。
主張する事が苦手な彼は、
その間違いを否定しきれないまま侵略者デズデモーナを演じる事になってしまう。
混乱の中にある木偶ノ原が次に巻き込まれたのはなんと殺人事件。
しかもその犯人と疑われたのは親友の匠だった。
状況的には匠が犯人なのは間違いない。
しかし木偶ノ原には匠が殺人を犯すとは信じられなかった。
そんな彼に＜マインド・リバーシ＞を提案する
侵略者のサポートアンドロイドのマオ。
＜マインド・リバーシ＞とは電脳空間で行われる思考ゲーム。
みごとにゲームに打ち勝ち、匠の無実を証明できた木偶ノ原だったが、
＜マインド・リバーシ＞により人々の記憶が改変されている事を知り
恐怖と嫌悪を覚えるのだった…。

奇跡の水「宇宙水」の実演会場でまたも殺人事件に巻き込まれた木偶ノ原。
その事件の裏に本物のデズデモーナの影が!?"
mitsuki-kun-chotto-matte	ミツキくんちょっと待って!	2	0	1	romance	"◆紙電子共通 20P描き下ろし小冊子付き◆

「結婚せんか…？」

ゲーム好きな大学生の悠介は、
イケメン実況者で親友の満生から突然告白され、
お試しで交際をスタートする。

初めは戸惑っていた悠介も、
満生のあまりに大きすぎる愛情に惹かれ、
二人は本物の恋人同士へ…。

付き合いはじめて1週間…
その愛情は、日に日に大きく成長していてーー!?

《収録内容》
◆『ミツキくんちょっと待って！』6〜11話
◆小冊子20P"
mon-chan-to-watashi	モンちゃんと私	2	1	1	adventure,comedy	"「俺、つしま」作者、最新“猫”漫画完結！ 

 モンちゃん達との出会いで冴えなかったミキの生活に変化が訪れ・・・なんだか良い予感が… しかし・・・怖いぐらい順調すぎた毎日は次第にほころびを見せて!？ 人間の言葉を話す不思議な猫・モンちゃん、モンちゃんの仲間（兄弟？）でとにかく人なつっこいチョモランマ、不思議な念力らしい力を使うナゾくん、経歴不詳のホームレス・おいさん…彼らとミキの不思議な冒険はあらぬ方向へ舵を切っていく・・・！！この物語の流れ着く先は・・・一体どこに！？

 

 【編集担当からのおすすめ情報】 
 あの大ヒット猫漫画「俺、つしま」のおぷうのきょうだい氏、初の雑誌連載作品にして最新“猫”漫画です！ 「つしま」ともひと味違った不思議な猫たちが読者の
皆さんを、これまた不思議な冒険へと連れ出します！ 必読、必携の上下巻です。"
monkey-d-luffy	モンキー・D・ルフィ	2	1	1	action,adventure	「サバイバルの海 超新星（ルーキー）編」における、麦わらの一味9名の足跡を1人ずつドラマチックに再構成！　シャンクスから託された約束にエースとサボの誓いが続く、ルフィの旅立ちをさらに心熱くする特別仕様。夢の原点も仲間との出会いも強敵との戦いも…。　この1冊のすべてが名場面──
yankee-to-futago-no-tsukurikata	ヤンキーと双子の作り方	2	1	1	comedy	"『ギャルがシルバニアファミリーを溺愛したら。＃ギャルバニア』
『着物ちゃんとロリータちゃん』『生徒指導の百合先生』の岡野く仔が贈る
 正反対な2人のお洒落と青春！

「幼馴染vs双子」
見た目も趣味も
全く違う幼馴染の女子高校生2人と

性格も好みも
正反対な双子の男子高校生2人

4人2組が浴衣や水着で
夏の双子コーディネイト対決!?"
yandere-ouji-sama-ni-aisarechaimashita	ヤンデレ王子様に愛されちゃいました	2	1	1	romance	"「ずっと会いたかったんだ」
甘いマスクのCEOに強引に誘われ、ドラマみたいな恋が始まる!?

超お嬢様学校を卒業しお菓子作り専門の家政婦をしている陽菜。ごく一般の家庭で育つも、周りには良家のお嬢様で恋愛も結婚も自由がない友人が多く“陽菜にはドラマみたいな恋をしてほしい”と期待を寄せられている。ロクに出会いもない陽菜だが、ある日、甘いマスクのイケメンに花束を渡される。その後も陽菜の前に現れ執着する彼は陽菜に”恋人になろう”と迫り…!?"
raki-kun-wa-makai-de-kaima-shitai	ラキくんは魔界デ解魔したい!	2	1	1	fantasy	"魔法の力により子供の身体で成長が止まったニンゲンのラキ。
カワイイものが大好きなアクマのドニー。

ふたりはニンゲンとアクマが契約するオミアイセンターで対面する。
ラキは魔法を解くため魔界の「解魔方法」を求め、ドニーはカワイイ服を着てほしくてーー。
それぞれは勢いだけで仮契約をしてしまう！

かくしてニンゲンとアクマの魔界生活が始まるのだった！！"
loop-10-kaime-no-koushaku-reijou-wa-outaishi-ni-dekiai-sarete-imasu	ループ10回目の公爵令嬢は王太子に溺愛されています	2	1	1	fantasy,romance	"王太子の最有力妃候補になるけれど、王太子・アルベルトに選ばれることはなく不幸な死を迎えてしまう…という人生を何度も繰り返しているロザンナ。
9回目の人生も努力虚しくあっけなく終わってしまい、またしても9歳の頃に戻ってしまっていた。
10回目の人生こそは目立たず穏便に過ごして長生きしようと決意し、妃候補から逃れようとするけれど、
過去の人生ではロザンナにまったく興味を示さなかったはずのアルベルトが何故か積極的に関わってくるようになってしまいーー!?
妃教育から逃げ出したい公爵令嬢×絶対に手離したくない王太子の巻き戻りラブファンタジー！"
room-tours	ルーム・ツアーズ	2	0	1	essay,comedy,slice-of-life	"就活に大苦戦中の大学生・中原中は、ひょんなことから空間デザイナー・高石夏子のところで働くことになる。
男女に爆モテ・一級建築士・超大手企業出身・職人気質でストイックなクセ者上司・夏子と一緒に、さらにクセ者揃いの依頼人達の願いを叶えるべく、試行錯誤の日々へ飛び込むことに!?
インテリア＆リノベーション好きに贈る、アイデアいっぱいのお仕事バディマンガ！
2024年7月刊"
leda-no-majutsushi	レダの魔術師	2	0	1	fantasy	"孤児院で暮らす少年・オルニアは、里子に出されては孤児院に戻されることを繰り返し、鬱屈とした日々を過ごしていた。
見知らぬ妖精に誘い出されて、自身に魔力があると知ったオルニアは、妖精の主である異端の魔術師スヴェルセンと出会う。
王族が弱体化し、宮廷魔術師が台頭している世を嘆くスヴェルセンは、オルニアの血筋に目を付けて現王族と宮廷魔術師を打倒しようと企てていた。"
red-rule	レッドルール	2	1	1	drama,fantasy	"超・下剋上歴史ファンタジー!!　
舞台は「スパルタ」 ━━人類史上最悪の英雄譚!!

紀元前387年、古代ギリシアの軍事国家・スパルタ。
奴隷の少年・イアソンは、支配階級の市民に見出され、この国の頂点を目指すべく、戦士教育という名の生き地獄に身を投じていく。
ここは“人類史の最底辺”。最凶最悪の下克上英雄譚、開幕!!"
ichimanbai-no-seijo-ga-oshieru-sei-kyouiku	一万倍の聖女が教える聖教育	2	1	1	comedy,ecchi,fantasy	"【内容紹介】
聖女マティナと勇者ジュンは魔王オーマと共に世界を救うため魔王城へ。そこで、マティナは常人の一万倍のエロルギーを秘めたドスケベ聖女であることが発覚し、なぜだかドスケベ文化を教える先生になることに…!?

【担当編集のおすすめポイント】
・生徒として勇者と魔王の他にも、魔王側近候補の4人の亜人の女の子たちが登場！一癖も二癖もある生徒たちとのドタバタな授業を堪能あれ♪
・ドスケベ聖女の授業第1回目のテーマは“おねショタ”！聖女マティナが幼い勇者ジュンとおねショタを実践!?刺激的な授業の幕開けは必見です!!!
・第2回目のテーマは“バブみを感じてオギャる”！ママになるマティナだったが、亜人生徒であるネムとの実践で思わぬ要求をされて…!?
・授業に必要なため“スク水”を買いに来たマティナとジュンは、亜人生徒のセピアと鉢合わせる。すると突然セピアが自分のスカートをたくし上げて…!?本日学ぶのは“見せパン”文化!!!
・今日のドスケベ授業は“壁尻”！もちろん実践形式の授業となり、壁にはまってみせるマティナだったが、初めての体験にマティナ自身も過激な妄想が膨らみ始め!?
・常人の一万倍の「セイのエネルギー」＝「エロルギー」を秘めているマティナは、世界を守るため週に一度エロルギーをバリア装置に補充するお仕事が！そんなエロルギーの補充の仕方も常軌を逸しているので、是非ともコミックスで確かめてみてください！
・コミックスだけの描き下ろし漫画ももちろん収録！

【収録話数】
第1話〜第9話とコミックスだけの描き下ろし短編＆イラストを収録！"
furin-shita-gawa-kanojo	不倫シタ側彼女	2	1	1	drama,romance	喜びと罪悪感に揺れながらシノブはユウイチとの関係を深めていく。一方、夫の不倫相手がクリスマスに怪しい写真を送りつけてきて…。
sekai-sukui-owatta-kedo-kioku-soushitsu-no-onnanoko-hirotta	世界救い終わったけど、記憶喪失の女の子ひろった@COMIC	2	1	1	comedy,fantasy	"「女の子ひとり助けることくらいどうってことないよ」
魔王を倒した最強パーティが、謎の少女の過去を辿る、ドタバタ・リライフ・ファンタジー第2巻！

原作者・龍流先生による書き下ろしSSを特別収録！"
sekaiju-no-mamono-tsukai	世界樹の魔物使い	2	1	1	adventure,ecchi,fantasy	"変幻自在のスライム娘と義手義足の天才剣士、天地を貫く迷宮へ挑む!!

何もかもが規格外な超自然の迷宮【世界樹】。
そこには様々な秘宝や伝説があり、夢を追い求める冒険者たちが後を絶たない。
魔物使いの少年剣士・ソウは、スライム娘・スイとともに「不死の実」を求めて命懸けの旅へ出る。
誰も見たことのない壮大で壮絶な冒険が、いま始まるーー。"
ryousei-alpha	両性α	2	1	1	bl,ecchi,romance	αとΩ両方の因子を持つ両性の一ノ瀬は、犬猿の仲だったαの二宮と正真正銘の番に。幸せな時間を過ごす中、二宮といると体に違和感を感じる一ノ瀬。病院でαとΩの割合が不安定になっていると言われたある日、二宮との待ち合わせで全くの別の人に運命の胸の高鳴りが誤作動を起こしてしまい!?　それに嫉妬した二宮にお仕置きSEXされ仲直りするが、一ノ瀬の体に訪れた変化は続いていて？　両性αの運命の行方はーー感動の完結巻！
otome-no-chikyuu-no-hashirikata	乙女の地球の走りかた.	2	1	1	adventure,sports	"海辺を、山を、町中を、走る。

宮村あゆみと大江ユカに誘われ、初めてレースに参加した牧櫻子（あだ名：マキ）。絵を描くこと・地図を読むことに共通の魅力を感じたマキは、次のレース“ロゲイニング”に3人で出場することを決める。舞台はーー伊豆大島。
それでも見たい、ありのままの世界を。

新進気鋭・凡竜がアウトドア漫画の新領域へ挑戦する意欲作・第2巻。"
kyou-kara-akujo-ni-narimasu	今日から悪女になります!	2	1	1	fantasy	"目指せ悪女!? 本物聖女の巻き返しファンタジー！
「一迅社文庫アイリス」の話題作をコミカライズ!!

レオノーラ姫は唯一無二の癒やしの聖女ーーそう見せるため、ひそかに奇跡の力で人々を癒やしていた侍女エーダは、力の使いすぎでボロボロに。
さらに、姉のように慕っていたレオノーラに切り捨てられ、水の中に投げ入れられてしまった!?
もう死んだと思っていたけれど……。大国の傭兵グロウ達に助けられ、本物の聖女として見返してやろうと誘われて!?"
sasana-nana-no-kyuumei	佐々々奈々の究明.	2	1	1	drama,mystery	"アヴィー失踪解決篇…謎はすべて究明される 

 叔母のアヴィーが失踪した事件を追いかける流々は
ついにアヴィーが密会していた「謎の男」にたどり着く。

しかしそのとき、奈々の家では凄惨な事件が勃発していたーー
ふたつの事件にはつながりが？

「解決篇をはじめるぞ。
時間がもったいない。
手っ取り早くいく」
食事も忘れて執筆をつづけるミステリ作家・佐々々奈々は
妹・流々からの報告だけですべての真相にたどり着く。
アヴィーが消えた夜、人里離れた山荘でなにがあったのか？
奈々の言う「密室」の意味とは……？
忘れられた失踪事件は想像を越える「究明」をむかえる。
《姉妹ミステリ》、堂々完結！
 

 【編集担当からのおすすめ情報】 
 水で描いてそこに墨を落として、
細かいところは爪楊枝で執筆するという
独特の線のタッチも楽しんでください！"
yomei-wazuka-no-wakiyaku-reijou	余命わずかの脇役令嬢	2	1	1	drama,fantasy,romance	"跡を継ぐ兄や病弱な妹と幼い弟と違い、手のかからない第2子への親の関心は微々たるもので、常に我慢を強いられて育ったカリナ。
そんなカリナには、描いた絵に生命力を吹き込める能力があり、家族へ無償の愛を求めることをやめ、絵に没頭し始めるーー。
だが、その才能は生命力を代償に起こす「奇跡」であり、気づいた時には既に遅く、身体がむしばまれ長くても1年と余命宣告を受けてしまう！
残りの人生は、ありのままの自分で生きたいと家を出ることを決意し、唯一、「私」という人間を見てくれた婚約者のミリアンの元へ旅立つが…？

今を生きる脇役令嬢の儚くて切ないピュアラブストーリー！"
benri-sugiru-chuutoriaru-skill-de-isekai-poyonpoyon-seikatsu	便利すぎるチュートリアルスキルで異世界ぽよんぽよん生活	2	1	1	fantasy,isekai	勇者召喚に巻き込まれ異世界に子供の姿で転生した会社員・ワタル。超便利なスキルの数々を使い、召喚した前世の飼い犬・コテツや猫耳族の元気な女の子・エレナ、テイムしたスライムたちと猫耳族の村で賑やかな日々を送る！ けれども、村近くの山で勇者に痛めつけられた美女魔王と出会いーー。心優しき少年が異世界すべての人々を幸せにする超ほっこりファンタジー、コミカライズ第2巻！
shakkin-reijou-to-yamikin-ouji-no-gokuama-hensai-life	借金令嬢と闇金王子の極甘返済ライフ!	2	1	1	fantasy,isekai,romance	"乙女ゲームのモブ伯爵令嬢に転生したフローラ・フェデルは、悠々自適な異世界ライフを満喫するつもりが、兄のやらかしのせいで莫大な借金を負ってしまった！　絶望していたその時、一人の美丈夫が目の前に現れる。彼の名はノア・アストルタ。王子という地位にありながら黒い噂が絶えず、「不良王子」の異名を取る人物（でも非常に顔が良いッ）！
「お前の借金を肩代わりしてやろう。その代わり、俺に奉仕しろ」彼に触れれば一万ゴールド、口付けすれば十万ゴールド、体を重ねれば百万ゴールド……。色っぽいご奉仕の提案に一瞬怯むフローラだったが、覚悟を決めて屋敷に向かう。しかしそこにいたのは「俺から触れていいか？」と、ブラックな噂と全然違うあまあまモードのノア殿下!?　ちょっと待って、ギャップに心も身体も限界なのですが！
2021eロマンスロイヤル大賞コミック原作賞受賞作品!!　クズ兄のせいで超ハードモードだったのに、不良王子が私のキスでキュンキュンするなんて聞いてない！　異世界×借金×溺愛ラブコメディ☆"
moto-cheat-makeppanashi	元チート★敗けっぱなし.	2	1	1	bl,fantasy,romance	"今度こそ放さない──

鷲波 初（16）には、ある秘密があった。
それは無敵の騎士だった前世の記憶があること。
なのに今では、ストーカーにムカつくチビでほっそい男子高校生だ…
なるべく目立たず、地味に暮らすことを誓った転校初日、初は学校で前世のライバル・レオンハルトに再会してしまう!!
おまけに、いきなりキスされて!!??
前世の記憶がないレオンハルトは獅子王レオンという派手でチャラい、初の大っ嫌いなタイプの男になっていて!!!???"
moto-saikyou-kouryakusha-nozomanu-dungeon-haishin-de-musou-shite-shimau	元最強攻略者、望まぬダンジョン配信で無双してしまう	2	1	1	action,fantasy	"転移トラップを踏み、五十階層にまで飛ばされてしまった甘星りりなを救うため、とてつもないスピードでダンジョンを突き進む冬稀たち。
凶悪な魔物が回遊する五十階層で、りりなは1人息を潜めるも、見つかるのは時間の問題で…
はたして冬稀たちは、りりなを無事救出することができるのか。
そしてその様子は生配信され、とある人物の目に触れることとなる…!!
事態は放送事故必至の展開に!?"
kyoujin-taisen	兇人大戦	2	1	1	action	"2022年。【極寒の大国】が禁忌を犯したことを切っ掛けに、
世界各国は史上三度目の戦渦に陥る事となった。
長期化した戦乱を鎮めるべく、この世界に新たに制定されたのは、
各国の代表が一対一で殺し合う「“決闘”による代理戦争制度」…!! 
日本代表の『野茨スカーレット』は、
見た目可憐な少女でありながら、異次元の“力”と無尽蔵の“技”をもってして、
【極寒の大国】と【アジア最大の“大陸”】の代表を粉砕するに至った！

その理不尽とも呼んでしかるべき、
『野茨スカーレット』が持つ異常な力の根源とは!? 
そして…【大陸】代表の『呂布奉先』を、現世に蘇らせた技術とは!? 
一つ一つと謎は深まり、戦乱は更に拡大するーー!! 

世界規模バトルアクション第2巻!!
激動の『日本代表選出編』始動!!"
zennou-madoushi	全能魔導士	2	1	1	action,fantasy	"半年後、雪峰山に修練に行くことになった凡司たちは、目的地の百草谷まで到着しろというクエストを受けた。
凡司たちはそれぞれチームを組んで百草谷に向かうが、
出口が見えない森の中で道に迷っている間に、同じように道に迷っていた誠のチームと遭遇する。
凡司は誠のチームと一緒に紆余曲折ありながらも森を越えて百草谷の目の前まで到着し、 クエスト完了を目前に喜んでいた。
しかし、そこには監督官ではなく、想像もできなかった巨大怪物、ゴーストウルフが彼らを待っていた・・・！"
meikon-no-hanayome-wa-aisareru	冥婚の花嫁は愛される	2	1	1	fantasy,romance	人外BL！！！！ 亡者×生贄の青年、結婚後のイチャラブストーリー！
zense-koitsu-ni-korosaremashita	前世こいつに殺されました	2	1	1	comedy,romance	"前世の記憶がある柳綾斗は2つのことに悩まされていた。

1つ目は、前世貴族だったことで現代に馴染めず現在無職という立派な貧乏となり下がり、

2つ目は、前世、殺された記憶が鮮明に残っていること。

友人の紹介で（御曹司専門）寮監督の職を得た綾斗はやっと前世貴族だった事が活かせる！と息巻いていたが、

寮で出迎えたのは顔色の読めない無口な滝本奏だった。一目見た瞬間理解した。

こいつは、前世で俺を殺したやつだ！

前途多難な共同生活が始まる…！転生救済ドラマティックラブコメディー"
kengi-mo-mahou-mo-chuuto-hanpa-dakara-to-kandou-sareta-shounen-dai-seirei-ni-misomerare-saikyou-no	剣技も魔法も中途半端だからと勘当された少年、大精霊に見初められ最強のオールラウンダーとなる。	2	1	1	adventure,fantasy	"なにをやっても中途半端な伯爵家嫡男、ヘリオス・アークライト。
　彼はあまりに何の才能もないことに愛想を尽かされ、勘当処分を受けることになった。そして追い出されるようにして街に出た彼は、支度金として渡された銀貨も使い果たし、途方に暮れる。
　すると、そんな時だ。

『一つだけ願いを叶えてあげようか！？』

　聞こえたのは、嘘のようなそんな声。
　ヘリオスは上の空なまま、答えるのだ。

「中途半端な自分は嫌だ。とにかく、強くなりたい」--と。

　その瞬間に、少年の運命は大きく動き出す。
　何故なら、その声の主の正体は妖精や精霊の頂点に君臨する【大精霊】だったのだから。いつの間にやら彼女ーーミクリアに見初められていた彼は覚醒する。"
kitaguni-yurayura-kikou	北国ゆらゆら紀行	2	1	1	slice-of-life	"大人のクルマ旅、始まります…！ 

 シェアハウスの大掃除で発掘された北海道名物・木彫りの熊。そのルーツを探しに、八雲町へとクルマで旅をすることに決めた月子とちとせ。さて、旅先ではどんな出会いが…！？"
kuchi-hatchoubori	口八丁堀	2	1	1	historical,comedy,drama,samurai	"実在法典で戦う例繰方同心
《大江戸リーガル口ゲンカ漫画》！

びっくりするほど、法治主義。


過去の判例を蓄積し
罪人の量刑を吟味する部署《例繰方》。
北町奉行所随一の減らず口を誇る
《例繰方同心》平津内之介は
娘の仇を20年追い続けながらも
人の宿業である冤罪に思いを馳せるのだった……

田島隆（『カバチタレ！』ほか）＆
星野泰視（『哲也〜雀聖と呼ばれた男〜』ほか）の
『公事師の弁』（小学館「ビッグコミックオリジナル」）のタッグも絶賛!!!

『川島・山内のマンガ沼』（読売テレビ）
「有名書店のマンガ担当に聞いた
2025年おすすめマンガ第3弾」でも
激推しされた異色の新機軸時代劇。

【御定書百箇条】をはじめとした実在法典による
法律ガチ口ゲンカ《言の刃仕合》で罪を斬る！
《大江戸リーガル口ゲンカ漫画》終劇！


鈴木あつむ
法廷ものや刑事物など、青年誌を中心に著作多数。過去作に『検察官キソガワ』『ドーラク弁護士』など。"
meitantei-conan-harouin-no-hanayome	名探偵コナンハロウィンの花嫁	2	1	1	mystery	"火が灯された運命のスクランブル、完結！！ 

 日は沈み出し、祝祭の熱気は上がる。
千葉刑事を拉致し、松田陣平刑事を要求する組織の出現。
コナンは組織の全貌を掴み、連続爆破事件の謎に答えを見い出すも、結婚式までのタイムリミットは刻々と迫ってくる──
今、祝祭ハロウィンが狂乱の夜行へと変貌する！！"
zeni-100-paasento-no-imouto-akui-hyakupaasento-no-imouto	善意100%の妹、悪意100%の妹。	2	1	1	comedy	"中音ナタのSNS大人気作がコミックス化！
働かずにオタク活動とギャンブルに勤しむ青年・百瀬和幸。彼の家には、お兄ちゃんのことが大好きな双子の妹がいる。良かれと思って大迷惑をかけてくる妹・善奈（せな）と、悪だくみをするもついつい優しくしてしまう妹・悪美（あみ）。かわいいけどクセが強すぎる妹たちの善意と悪意を、全編フルカラーでご堪能あれ！"
kissa-koudou-to-jinkaku	喫茶行動と人格	2	1	1	essay	"ここは「喫茶 行動と人格」という、ちょっと奇妙な名前の喫茶店。
その店では、これまた奇妙な従業員と常連客が、
店内で起こった他客のイザコザ・「案件」について、
あれやこれやと議論を繰り返す。

そんな不思議な空間に迷い込んだのは、普通の会社員・尾形。
「あの人たちは客の話を盗み聞きして、一体何やってんだ!?」

しかし気になるイザコザの答え…それは店名にある？？？

*****
■目次

scene01
人目をはばからず激しいケンカをするカップル　ご来店

scene02
婚約者がいるのに浮気したクズ　ご来店

scene03
「男にはかっこつけたいときがある」を訴える男　ご来店

scene04
ママ友の悪口で盛り上がるママたち　ご来店

scene05
挨拶もできない常識のないママ友　ご来店
*****

一緒くたにして語られやすい「行動」と「人格」。
2つを切り離して考えられると、相手への見方も変わって、結果、幸せが訪れる。"
shuuai-renbo	囚愛恋慕	2	1	1	romance	"【キュンコミックス　TLセレクション】
「君の所有権は俺だ」
不器用イケメン若頭×健気借金女子の任侠LOVEストーリー！

喫茶店で慎ましく働く由佳だったけど、
父に5000万の借金が発覚してからは、取り立てに疲弊する毎日…。
また取り立て屋に絡まれていたら、
喫茶店の常連客・キョウさんが現れてーー？
彼は物静かだけど頼れる男性。
助けてもらおうと思ったら、キョウさんはヤクザの若頭!?
しかも「君の所有権は俺だ」と
体で返済することを持ちかけられてーー？"
danchou-sama-no-amai-yuuwaku	団長様の甘い誘惑	2	1	1	fantasy,romance	"「やっと見つけた。……今度は逃がさないよ？」
女性ながら騎士団長に上りつめたフェイルリーナは、
妹に婚約者を奪われてしまう。
優しかったはずの婚約者の捨て台詞は、“女としての魅力を感じない”だった。
ショックから処女を捨てようと仮面の夜会に参加したフェイルリーナは、
仮面越しでもわかる美貌の男と一夜限りの関係で抱き合った、はずがーー
翌日訪ねて来たのは、その夜の仮名で自分を呼ぶ、王国最強の魔術師団長で…!?

秘密の溺愛ファンタジー、第1巻！"
chiteikai-kidan	地底界奇談	2	1	1	action,adventure,drama,fantasy	"地底に眠る、世界の謎。
山から化物がやってくると噂の美城村。村に住むハチと一之進は、自警団として村を守ろうと活動をしてきたが、ある日人里まで化物が下りてきてしまった。ハチと一之進は村を守るため、化物の発生源である美城鉱山に向かう。そこに広がっていたのは、広大な地底都市だったーー。世界の理を辿るファンタジー譚、開幕。"
ochite-oborete-nomikonde-yandere-osananajimi-no-midara-na-kyouai	堕ちて、溺れて、呑み込んでヤンデレ幼なじみの淫らな狂愛	2	1	1	romance	"「俺で“塗り潰さ”なきゃ」

「幼なじみ二人」と再会し、
酔った勢いで紫苑に抱かれてしまった萌。
目を覚まし羞恥に震える中、
担当編集よりある知らせが届き…
自身が書いた小説がドラマ化し、その主演は
なんともう一人の幼なじみの時雨で！？
紫苑に抱かれたことを知り、今度は嫉妬に狂う時雨が、
萌に襲いかかるーー！！

「いけない子だね、萌」

【心の枷×独占欲】に蝕まれるド執着ヤンデレ・ティーンズラブ、待望のコミックス2巻☆
さらに！≪紫苑、約束の日≫の描き下ろし漫画14pも大ボリュームで収録！"
shio-taiou-na-watashi-no-danna-sama-wa-haisupekku-na-osananajimi	塩対応な私の旦那様はハイスペックな幼馴染!?	2	1	1	romance	"「今さらかもしれないけど　言葉にしたかったんだ　俺と結婚してください」

友人たちに結婚していることを打ち明けた桐と由高。
周囲の理解も得られ、幸せで甘々な毎日をおくるふたりは
夏休みにお互いの実家に帰省することに。
夫婦としての絆を紡げてるーーそう感じていたのに、
なんだか近ごろ由高の様子がおかしくて…！？
「どんな由高も　私は大好き」
「一生惚れさせるから　覚悟してて」
両想いなのに拗れまくりで、ラブラブなのにピュアすぎる、胸きゅん必至な第3巻！"
natsumikan-hayato-no-round-lesson	夏蜜柑颯斗のラウンドレッスン	2	1	1	comedy,ecchi,sports	悩める美女ゴルファーが集う『ゴルフラボ夏蜜柑』--。ラボの主・夏蜜柑颯斗はどんな問題でも百万円で解決する伝説のレッスンプロだ。とあるゴルフ場のバンカーに憑いたプロゴルファーの幽霊の除霊を頼まれた颯斗。美女ゴーストと凄腕プロの対決の行方はーー!?　フェロモンとダンディズムが漂うセクシーコメディの最終章！
yakei-no-rembrandt	夜警のレンブラント	2	1	1	action	"少年よ、闇夜に群がる悪を討て!!
新感覚スチームパンク
×
王道バトルファンタジー　開煙!!

兄の背中を追って夜行警察を目指すレンブラントは、
夜行警察学校を卒業して配属先の交番に足を踏み入れた。

そこで遭遇したかつての裏切り者によって明かされたのは、
兄の仇であるギャングがまだ暗躍しているという衝撃の事実だった。
強力な仲間の支援を受け、レンブラントは最後の戦いに挑む!!

〈世界の星〉に憧れた少年の物語の行方は!?
新感覚スチームパンク、堂々完結!!"
tenren	天恋	2	1	1	romance,sci-fi	"人類創生の都市伝説×超科学現代SFファンタジーセカイ系お触りイチャラブストーリー

宇宙を愛する少年・星夜はある日隕石の飛来を間近に見る。
落ちた現場に駆けつけると宇宙人の少女・サクラと出会う。
触れ合う事でしか会話のできないふたりのベタベタ生活が始まった⁉
都市伝説×超科学の拮抗するセカイ系SFロマンスがここに開幕♡"
suki-dayo-good-boy	好きだよグッドボーイ	2	1	1	bl,romance	"「前触らずにイけたらご褒美、できなかったらお仕置き」

アイドルの蒼とファンの翔太は恋人同士。
推しの彼氏が格好良くて毎日幸せ状態の翔太だけど、
大学の飲み会で先輩(Dom)に大量のキスマークを
見られてしまいーー！？
無防備な翔太に魔の手が襲いかかる！

昼は甘いちゃ×夜は過激プレイのギャップが大人気、
続々重版のDom/Subユニバースがパワーアップして登場！"
ninshin-shitara-shinitakunatta	妊娠したら死にたくなった	2	1	1	drama	"「ちゃんと母親ができると思ってたーー」
最愛の人と結ばれ、ふたりの愛の結晶を授かる。それはとてもステキなことで、幸せの象徴であり憧れの対象だった。そして努力の甲斐あって念願の妊娠。自分も家庭を持ちこれから親子3人の幸せな生活が待っているーーはずだったのに。どうして私は閉鎖病棟に入院しているんだろう…？　勝手に動き出す脚、突然やってくる謎の恐怖感、死への衝動…。妊娠を機に始まる数々の体の不調。マタニティーブルーではとても説明できない原因不明の症状に翻弄された著者が、実体験を元に描く驚愕のストーリー、上巻!!"
konyaku-haki-shita-kizumono-reijou-wa-chiyujutsushi-ni-deshiiri-shimasu-comic	婚約破棄した傷物令嬢は、治癒術師に弟子入りします!@COMIC	2	1	1	fantasy,romance	「僕の心はきみから離れられない」「身ひとつで早く私のもとへおいで？」傷ついた令嬢が偏愛に翻弄される恋愛ファンタジー1巻！描き下ろし漫画＆原作・三角あきせ先生による書き下ろしSSを豪華W収録！
konyaku-haki-shimashita-ga-onzoushi-no-aisare-niizuma-ni-narimashita	婚約破棄しましたが、御曹司の愛され新妻になりました	2	1	1	romance	"お願いします！　私の婚約を壊してくれませんか!?

親に紹介された相手と婚約したのはいいけれど、なんとその相手には恋人が!?　困った寿々は、両家の顔合わせの日に出会った初対面の昴生に、思わず助けを求めてしまう。でも、昴生が世界的に有名な企業の副社長だと知り、寿々はそんな彼に頼んでしまったことに不安になる。昴生はある条件と引き換えに、結婚話を壊してくれることになって──。"
uchuusen-ga-sounan-shitakedo-me-no-mae-ni-chikyuugata-wakusei-ga-atta-kara-imamade-no-jinsei-o	宇宙船が遭難したけど、目の前に地球型惑星があったから、今までの人生を捨ててイージーに生きたい	2	1	1	fantasy	"宇宙船の墜落事故により、辺境の惑星に降り立ったルディは、
魔法あり、モンスターありのファンタジー世界で、イージーライフをエンジョイ中！
「奈落の魔女」・ナオミを美味しい手料理で懐柔し、まさかの同棲生活（!?）をスタートすることに!?
無感情系メイドAI・ソラリスも仲間入りして、次なるミッションは…ナオミ宅のリフォーム!!

「生活改善するですよ！」

目指すは快適で文明的な新生活。
そして、彼らの元に予期せぬ来客がーー!?"
jitsu-wa-seiyoku-sugoi-ndesu	実は性欲スゴイんです…	2	1	1	ecchi,romance	"春から社会人デビューを果たした夢羽。
入社した会社で初恋の人であり幼馴染の煌に再会！
元ヤンで強面な煌は上司としてはちょっと厳しいけど、
歓迎会の飲み会で彼の昔と変わらない優しさに触れて再び心惹かれていく。
そんな中、飲みすぎたのか油断をしていた夢羽は
うっかり秘密の「あるもの」を煌に見つけられてしまう。
秘密を知った上でもまだ妹扱いの煌にムッとした夢羽は
「ずっと好きだったんだから」と迫るがーーー！？"
ieiri-kun-ga-ningen-janai	家入くんが人間じゃない	2	1	1	comedy,sci-fi	"地球に来たエイリアン・杏を同僚として匿う
遥美の探偵としての日々は、
新たな同僚・真琴の登場でさらなる混乱の中に。
徐々に遥美を信頼する態度をとり始めた杏から
人間調査の動機を聞きだそうとする遥美。
そんな中、真琴がエイリアンにまつわる情報を
握っているそぶりを見せてきて…？
遥美は杏の秘密を守りきり、無事地球から追い出せるのかーー!?

エリートイケメン探偵が
地球調査員のエイリアンに振り回される
異星間バディコメディ完結！"
kaseifu-kun-wa-mei-tantei	家政夫くんは名探偵!	2	1	1	mystery	"多忙な生活を送る刑事・連城怜。そんな彼が家事代行サービスを通じて出会ったのは、美しい男子大学生・三上光弥だった。
謎多き家政夫くんは、掃除、料理、なんと難事件の推理まで見事にこなしてしまい…。
刑事と家政夫。二人が交差するとき、隠された過去と真実が明らかに!?"
ryousha-no-ikemen-douryou-wa-shikou-no-playmate	寮舎のイケメン同僚は至高のプレイメイト	2	0	1	bl,romance	"警察学校を卒業し、1年ーーーー
晴れて警察官となった猿渡は、忙しい日々を過ごす中で寮生時代のルームメイト・舞浜の存在が忘れられずにいた。
そんなある日、突然勤め先の交番に舞浜がやってきて…！？
久しぶりの再会に、困惑と嬉しさでもんもんとする猿渡。
旧交を温めようとご飯にいくも、気づけばなぜかラブホテルに！？

過去にセフレ関係だったこともあり、期待が隠せない様子の猿渡に舞浜は“おさらい”と称しイイところを指でゆっくり愛撫しはじめ…
「震えるほど気持ちい？…可愛い」
甘い言葉とは裏腹に弱いところをしつこく責められ、連続イキがとまらない…ッ
…って、もう振り回されないって決めたのに！！！！！

新規収録豪華193P＆極甘えっちな描き下ろしも♡"
tera-no-tonari-ni-oni-ga-sumu	寺の隣に鬼が棲む	2	1	1	action	"最強のお坊さんの正体は源（みなもとの）頼政!?今語られる鵺（ぬえ）退治伝説!!
時は平安時代。鬼の少年・山吹（やま　ぶき）は、最強の僧侶・真蓮（しん　れん）に日々戦いを挑んでは返り討ちにあっていた。どんな妖も生身で倒してしまう真蓮の正体……それは平安時代最強の武士・源頼政でーー。SNSでバズった「最強になりたい鬼っ子と最強のお坊さんの話」の加筆修正版コミック、感動の最終巻!! P30超の描き下ろしも収録。"
shatei-gokuburi-yumi-oji-san	射程極振り弓おじさん	2	1	1	adventure,fantasy	"「反撃されない位置からチクチク攻撃するのが最強じゃないか？」
大人気VRMMORPG『Next Stage Online』を始めた35歳のキュージィ。しかしパーティーを組もうにも、おじさんの衰えた身体では誰からも相手にされなかった。最初は落ち込むが、扱いが難しく長所もない不遇職『弓使い』の固有ステータス「射程」に目を付けた彼は、とある戦法を思いつく…！これは自分の理論を証明するため、また第二の人生を楽しむために弓を握り射程を極めるおじさんのマイペース冒険日誌。"
teito-ayakashi-yashiki-no-keiyaku-hanayome	帝都あやかし屋敷の契約花嫁	2	1	1	romance,supernatural	"「僕の花嫁になってくれ」
花嫁が向かうは、あやかし屋敷ーー

ーーーーー

大正時代。
当主の失脚により没落し、下町であばら家生活中の元お嬢様・まりあ。
ある日、参加した夜会で出会ったのは、日本有数の名家である山上家の装二郎。
しかし山上家には“夜な夜な事件を起こすあやかしを匿っている”という不穏な噂があった。
そんな彼に「花嫁になってほしい」と言われ…!?
両親への援助を条件にまりあはそこに嫁ぐことになるがーー？

没落華族令嬢×あやかし公爵様の大正ラブファンタジー、待望の第1巻!!"
shiawase-ni-shitara-dame-desu-ka	幸せにしたらダメですか?	2	1	1	bl,romance	"ヤンデレ×ツンデレ＝デレデレウエディング

客からの逆恨みで襲われそうになった伊久山。
間一髪のところを出海に助けられ、二人は晴れて恋人に。
お礼も兼ねた旅行デートに出海を誘った伊久山は、
楽しい時間を過ごしながらお互いの新たな一面を知り、ますます距離が縮まっていく。
そんな折、出海が誰かと話しているところを見てしまい
とっさに隠れたものの聞こえてきたのは「お見合い」という言葉でーー!?!?"
genmetsu-camera	幻滅カメラ	2	1	1	romance	"ブラック企業、メン地下、ネグレクト、女装の偽フェミニスト。

大橋ジゲン（27）は自称フォトグラファーで、無職（たまに姉におこづかいを貰う）。
ロマンティック至上主義に苦しみながらも、なんとか独立しようと必死に働き続ける。
しかし、いざ労働に従事してみると「楽しく働きましょう」というやりがい搾取の言葉に搾取され、メン地下に搾取される女のチケットをもぎる業務につかされ、クソ親に搾取されている子供の面倒をみるーーそんな毎日を過ごすはめに。
そして、年末のある日、姉の姫子に「あるお願い」を押し付けられ……。
ロマンティックと共存できるか？ 生きてる意味を見いだせてるか？ 人生再構築系コミック。

『幻滅カメラ』上下＆作品集『アッコちゃんは世界一』
鳥トマト3冊同時刊行！！！！

●コミックビーム 公式X(Twitter)●
@COMIC_BEAM"
haiki-sareta-ore-to-tsuihousareta-sareta-akuyaku-reijou	廃棄された俺と追放された悪役令嬢	2	1	1	fantasy,romance	"異世界に転生したものの冒険者として役に立ちそうなチートスキルはこれといって獲得できず取柄は「怪力」という主人公カイル。
いまいち冴えない特技を生かしてポーターとして冒険者のパーティの一員になったものの、
森の中で強力な魔獣と遭遇した一行はカイルをオトリとして捨てて全員逃げ去ってしまう。
なんとか窮地を脱したカイルだが、今度は崖の上から目前に少女が落ちてくるのを目撃！
身を挺して少女を救い介抱すると、目を覚ました少女リーリアの方にも込み入った事情があるらしく…「私、乙女ゲーの悪役令嬢なんです」ってーー!?
第1話
第2話
第3話
第4話
第5話
第6話
第7話
あとがき"
bengonin-yuragi-no-shoudou	弁護人ゆらぎの衝動	2	1	1	drama	"不条理な日々に法律を！
苦手なことだらけの主人公が贈る

ハイスクール・リーガル・コメディ！！


学校で法律事務所を運営している、ゆらぎと二宮のところには今日も依頼が！　盗用された漫画が賞を獲ってしまった？　いじめをしていた女子生徒が停学処分に。でも争うべき議題が他にもあってーー？　お風呂に入れなくなった子の問題も。法律の知識を頼りに、ゆらぎが突き進む！　ハイスクール・リーガル・コメディ完結！！"
koukyuu-no-enou	後宮の炎王	2	1	1	drama,fantasy	"「--静羽が死んだ！？」
悠永城で再開を果たした翔啓と皇太子の智玄。そこに突如現れた皇后は静羽が毒殺されたと告げる。
「皇后の剣」である静羽が暗殺されたことが信じられない翔啓と智玄は、共に真実を確かめるべく、後宮に忍び込むことを決める。
そして、そこで出会ったのはーー。静羽の出自である、灯氏について知れば知るほど、翔啓は自身の記憶にも違和感を覚え始める。
「嵐静」とは何者なのかーー。なぜ、灯氏は滅亡したのかーー。翔啓の失われた過去に隠された真実とはーー。
そして、かつて翔啓を知る悠永軍の兵士が告げる。「よく生き延びられましたね。沁の若君ーー」
「あの後宮には、孤独な友がいるーー」
秘匿されていた過去が、今、炎となって甦るーー＜友情＞と＜陰謀＞が交差する、中華後宮ファンタジー第2巻！"
chuuken-ashisuto-kareshi-ni-aisaretai	忠犬アシスト彼氏に愛されたい	2	1	1	bl,romance	"年間も片想いだった武実は、
ついに人気インフルエンサーの伊織に告白する。
遊び人だった伊織も武実と真剣に向き合うべく、
過去を清算しようとするが、黒い交友関係の罠におちてしまう。
やがて伊織は「武実だけがそばにいてくれればいい」と誓い、
何でもしてあげる特権を武実に与えるのだがーー。

大人気シリーズの最終巻、ついに二人は幸せの答えにたどり着く!!"
akujo-o-koroshite	悪女を殺して	2	1	1	fantasy,isekai	"ある日、目が覚めると私は読み進めていた小説の世界にいた。
心優しく、皆から愛され皇后となるヒロイン・ヘレナ…ではなく皇太子の婚約者で、嫉妬に狂いヘレナを殺してしまう悪女・エリスとして。
元の世界に戻りたい私は死をも厭わずいろいろな方法を試してみるもこの世界はそれを許してはくれず…。
しかし、半信半疑で訪れた占いで異世界から来たことを言い当てられてーー!?
死んで元の世界に戻りたい悪女の異世界ファンタジー第1巻!!"
akuyaku-no-joou-ni-tensei-shitakedo-kakushi-chara-ga-kakuretenai	悪役の王女に転生したけど、隠しキャラが隠れてない。@COMIC	2	1	1	fantasy,isekai,romance	"シリーズ累計20万部突破！（電子書籍を含む）
原作小説第7巻と同日発売！

無垢な王女と腹黒アサシンの年の差・偏愛ファンタジー！
待望のコミカライズ第2巻！
描き下ろし漫画＆原作・早瀬黒絵先生による書き下ろしSSを収録！"
akuyaku-reijou-wa-dance-ga-shitai	悪役令嬢はダンスがしたい	2	1	1	drama,fantasy,romance	乙女ゲームの悪役令嬢に転生したと気づいたライラック・バルクリッド。自分はヒロインの選択次第で未来が変わる脇役……。「そんなのやだ。私の人生は私が決める」第二王子のセドとの婚約を回避し、素敵な婚約者を見つけるために淑女教育に取り組むライラック。しかし気がついたらダンスに夢中にーー!?ダンスをするときは私が主役！ダンス大好き令嬢が踊るロマンティックラブ第1巻！WEBコミック誌「コミックライドアイビーvol.2〜vol.11」同単話版1話〜7話までを収録しています。
keito-sama-ni-wa-omitooshi	慧都様にはお見通し!?	2	1	1	comedy,gourmet	"知ったかお嬢様は庶民グルメのトリコ!?


慧都はお嬢様、自らを全知全能と思い込んでいる。

親元を離れ日本の高校に通う彼女は

同級生を庶民と見下していたが、

彼女たちが発した「たこ焼き」という

未知の単語に反応する。

知らないのを認めない慧都は執事とメイドを

協力させてレシピも見ずにたこ焼きを作るのだが!?"
goumon-dekirumon	拷問できるもんっ!	2	1	1	comedy,fantasy	"魔王の急な来訪に怯えるグロゴア。
見事拷問を成功し、この窮地を脱する事ができるのか!?
そして新たにやってきた捕虜はゲオルジウスの部下!!
意思が強く、好戦的な女性だったのだが……!?

幼き拷問龍・グロゴアは今日も涙目で奮闘中!!"
tantei-eeai-no-real-deep-learning	探偵AIのリアル・ディープラーニング	2	1	1	drama,mystery,sci-fi	原作シリーズ15万部突破！大人気ミステリ、待望のコミカライズ！かわいいAI探偵　×　ミステリ好き少年異色コンビが難事件を次々解決！人工知能の研究者だった父が密室で謎の死を遂げたーー。息子の合尾　輔（あいお たすく）は父が遺した「探偵」のAI、相以（あい）と出会い、一緒に真犯人を追うことになる。相以と双子である「犯人」AI--以相（いあ）が関わる陰謀を知り、前回未聞のAIによる推理バトルが繰り広がる...！?
binwan-joushi-to-oboreru-koi-pafuyuumu	敏腕上司と溺れる恋～Perfume～	2	1	1	romance	"鬼上司・乃木の素顔とその想いを知り、愛を深めていく知紗。
しかし、乃木との縁談を望む副社長の娘・由香里が現れ、二人を牽制。
社内政治に知紗が巻き込まれることを恐れた乃木は、
しばらく上司と部下の関係に戻らせてほしいと、彼女に告げる。
「必ず迎えに行く」
その言葉を信じて待ち続ける知紗だが、
突然の海外異動の打診など、様々な困難が待ち受けていて!?

オフィスで姿を見かけるたびに溢れそうになる想い。
二人の愛の行く末はーー。
感動の完結巻！"
suufun-go-no-mirai-ga-wakaru-you-ni-nattakedo-onnagokoro-wa-wakaranai	数分後の未来が分かるようになったけど、女心は分からない。	2	1	1	comedy,romance,school	"数分先の未来が見える高校生・伊藤新世。
その力で少女たちのピンチを助けていくうちに、仲を深め親しくなっていた。

そんな中、新世たちは学校行事の林間学校へ。
しかし優李と藤林が喧嘩をしてしまい……。
さらには七海が行方不明になってーー!?"
shinjuku-69-heaven	新宿69ヘヴン	2	0	1	bl,romance,slice-of-life	"「ちゃんと言えばよかった、好きだって」

ゲイ風俗ルポのため人気ウリ専ボーイ・ヒロムを指名し
一夜限りのセックスを楽しんだ、風俗ルポライターの九谷慶太。
一度セックスした相手とは二度と寝ないと決めていたにもかかわらず、
ヒロムとのセックスを忘れられなかった九谷の元に
期間限定ルームシェアのパートナーとしてヒロムが現れた。

普段のヒロムは素っ気なくて生活能力も皆無、
どことなく目が離せない危うさで九谷を翻弄するが
そんなヒロムが時折吐露する過去や素直な一面に
九谷はどんどん惹かれていってしまう…。

しかし気がつけば2人のルームシェア企画も残り1週間。

ヒロムに厄介な客がついていることを知りながら、
自分自身も客としてヒロムを買うことでしか愛を伝えられない九谷だったが、
強がってばかりで本音を見せないヒロムを救うため動き出しーー…。


ノンケポルノライター×蠱惑的なウリ専ボーイ
欲望渦巻くネオン街で、抗えない恋の駆け引き。"
shouwa-bousou-rendetsu-bakuon-rettou	昭和暴走列伝!爆音列島	2	1	1	historical,drama	"昭和55年夏、東京ーーー。「何者」かになりたかった少年たちの魂の記憶。
圧倒的“暴走”リアリズムの名作が12話〜20話の大ボリュームで再編集された
読み応え抜群の廉価版第2弾！"
saijoukyuu-no-seijo-rashii-desu-ryuuou-sama-no-hanayome-ni-wa-narimasen	最上級の聖女らしいですが、竜王様の花嫁にはなりません!	2	1	1	fantasy,romance	"【「君を一生幸せにする」虐げられた聖女は竜王様に溺愛されーー。】
竜王であるクレイグと共に薬師として薬草販売店を開業したソフィア。クレイグの助けで聖女の力を使うことができるようになり、順調に薬草を栽培する。しかし、二人のもとに王都の不穏な噂がーー。どうやら王都が薬草減少の危機に陥っているようで!?
「ソフィアには俺が付いている」
クレイグに支えられたソフィアは最上級の白の聖女としての力を発揮し、王都の危機を救う！
虐げられた聖女は真実の愛を見つけることができるのかーー。 隠れ最強聖女×自称夫な竜王様の溺愛ラブファンタジー感動のフィナーレ！"
saikyou-eiyuu-to-muhyoujou-kawaii-ansatsusha-no-raburabu-shinkon-seikatsu	最強英雄と無表情カワイイ暗殺者のラブラブ新婚生活	2	1	1	comedy,fantasy,romance	"かつて魔王を討った最強の英雄・エルド。
その相棒であり恋人の世界最強の暗殺者・クロエ。
最後の任務を終えた二人は、隠居して平穏な新婚生活を始めることにした。
しかし戦いしか知らない彼らのイチャイチャはどこかぎこちなく…！？
ウブで最強な二人が送る、異世界新婚ラブコメ開幕！"
honmei-janakya-yokatta-no-ni	本命じゃなきゃよかったのに	2	1	1	romance	"電子ストアで大バズ！騒然の”悪い男” 

 嫌い、大嫌いーー
・・・・・・でも、まぁ、いっか・・・--

30歳、恋人ナシの実歩乃。
6年つき合って結婚するはずだった彼氏と別れて10年。
今でも思い出すのは、彼氏ではないあの男…。
10年前、人数の合わせの合コンで出会った嬉野栄成。（ル:うれしのえいせい）
お互い恋人がいながらもセックスするだけの、それだけの関係だった男ーー。
もう二度と会うことはないと思っていたのに
まさか、偶然にも栄成が実歩乃の会社に転職してきた。
当時と変わらない思わせぶりな態度で
声をかけてくる栄成に戸惑う実歩乃。
でも、もう30歳だし大人だし、あの時とは違う。
そう思いながら、10年ぶりに再会した栄成と“特別な関係”を持ってしまいーー！？

 

 【編集担当からのおすすめ情報】 
 本命にしたらダメ。近づいたら絶対ダメーーわかっているのに気付いたら目で追って、あっという間に沼ってしまう男・・・きっとあなたも出会ったことがあるはず。そんな男と大人になって再会してしまったら！！！期待なのか、ときめきなのか、それとももっと違う何か。いろんな気持ちが交じり合ってドキドキを加速させます！！"
tokyo-jiraiya	東京ジライヤ	2	1	1	action,supernatural	"ビビりな少年・栂野コータはある日 妹のエフを助けるため、危険な武器「水竜のオモテ」を使用してしまう。「忍者の力」を手に入れたコータは、大事件に巻き込まれながら本物のヒーローへと成長していくーー！花乃軍が描き出す新感覚“忍術”アクション・ファンタジー、開幕！！

ビビりな少年・栂野コータが手にしたのは、「忍者の力」だった。正義感の強い妹・エフの無茶を支える日々を送っていたコータは、ある日 化け物に襲われたエフを助けるため、危険な武器「水竜のオモテ」を使用してしまう。忍者となったコータは、大事件に巻き込まれながら本物のヒーローへと成長していくーー！“忍術”アクション・ファンタジー、開幕！！"
tokyo-dungeon-tower	東京ダンジョンタワー	2	1	1	action,adventure,fantasy	"初心者パーティーが挑むのは、
圧倒的な異常種（ルビ　イレギュラー）【ゴブリンキング】!？

ある時、世界中の塔がダンジョン化した。
東京タワーも例に漏れずダンジョン（迷宮）化し、
変貌の時運悪くそこに居合わせた者たちはみな巻き込まれ、消息を絶ったーー。

＊＊＊

新たに盾役の五十嵐楓も加わって、
ダンジョンと化した東京タワーを冒険する士郎と灯里。
まだまだ低層の4層で着実に力を付けていくはずが、
3人はこんなところに出現するはずのない強敵と出くわす。
異常種・ゴブリンキング。圧倒的な戦力差。
その危機の中で、許斐士郎が覚醒するーー。"
gokujou-onzoushi-to-omiai-kon	極上御曹司とお見合い婚	2	1	1	romance	"これからの時間は
僕たち二人のものだよ
甘い時間を過ごそう

期間限定で拓己とお試し交際中の果穂は、
勤め先のギャラリーに来る客からのいやがらせに落ち込んでいた。
そんな果穂を気分転換させるために拓己は連れ出してくれたものの、
交通事情のせいで日帰りできなくなってしまう。
二人はベッドが一つしかない高級旅館に泊まることになったが、
果穂は「拓己さんを信頼してます」と言って…。"
shoutai-fumei-to-kyoufu	正体不明と恐怖	2	0	1	comedy,mystery,romance	"事故が原因で顔に傷が残り、周りから距離をとられてしまっている高校生、石動かなめ。
ある日、スクールカウンセラーの須賀田鳥子に半ば言いくるめられるように、
彼女の仕事を手伝わされることになってしまう。4人の女子生徒と交流することになり
これまでと違った日々を送るかなめの背中に、突然、カッターナイフを突きつけられる。
訳も解らず拘束されるかなめに対し、仮面の少女は驚きの告白をしてーー。

『アイドルとヲタクの理想の関係』脊髄引き抜きの刑×『弱キャラ友崎くん』（イラスト）フライ
異色タッグで贈る青春ラブコメディ。"
bushinden	武神伝	2	1	1	action,adventure,fantasy	"【命刀】を扱う刀士たちが支配する陽ノ国。
その名家として生を受けたにも関わらず、
命刀を発現できなかった護堂刀真は
国中の笑い者となっていた。
さらには父の謀略で【極魔島】へ捧げる
生贄に選ばれてしまう……しかし！
家族にすら見放された孤独と絶望の淵で、
刀真にある出会いが訪れるーー!!
第一撃　命刀も発現せぬ落ちこぼれ　001
第二撃　魔力が流れぬ歪な体　067
第三撃　5年間の青い春　105
第四撃　極魔島最奥　139

『いせれべ』特別コラボ　183"
shinu-made-bazuttero	死ぬまでバズってろ!!	2	1	1	drama	"「配信者が、刺された」

バズって、シャンパンが飲めるようになって、バズって、芸能人に会えるようになって……
バズの金でタワマンに住めるようになった。
少し前まで何も持っていなかったのに。

突然刺された時、口を衝いて出てきた言葉は、
「私を撮れ！！！！！！！」
バズってないと私には何の価値もないから。

どん底まで墜ちきった後、タパ子は再度這い上がれるのか！？
ラストは究極のハッピーエンド。"
shinigami-sama-to-oyome-sama	死神様とお嫁様	2	0	1	fantasy,romance,supernatural	"最強死神と契約花嫁の和風シンデレラ・ファンタジー、開幕！

金の髪に青い瞳を持つ永遠子は、村人から「鬼の子」と呼ばれ忌み嫌われている。唯一の味方で大好きなおばあちゃんに恩返しすることを目標にたくましく生きてきたけれど…ある日突然、妖たちがいる世界に迷い込んでしまった！ 帰るためには、その世界を統べる死神と偽装結婚しなければならないーー!?"
zannen-nagara-haha-no-musume-wa-soko-no-bishoujo-dewa-naku-watashi-desu	残念ながら、母の娘はそこの美少女ではなく私です!!!	2	1	1	fantasy,mystery	"私の名前はエーダ。母一人子一人で平和に暮らしていた庶民の子。だったのに、母は私が6歳の時に「お夕飯までには帰って来るからね」と言って仕事に行き、そのまま行方知れずになった。残された私は下宿の大家さんの計らいで、その娘・シャルロッテと一緒に下町で暮らす事になったのだけど・・・
残された母の持ち物の中には、立派なドレスが一着。このドレスが私たちを巻き込む大事件を引き起こす事になるとは、その時は想像もしていなかったの・・・！"
doro-no-kuni	泥の国	2	1	1	action,fantasy	コルト国の王女・アスナの魂は転生者に追い出され、泥の国へと行き着いた。自らをリリィと名乗り、地下で出会ったダブドとともに自らの身体を取り戻そうと奮闘するも護衛兵長・テレスに阻まれ再び泥の国に堕ちる。一方、転生者として二度目の人生を謳歌するつもりだった現在のアスナだったが、伝統行事「巡礼の旅」の道中で謎の集団に襲われ命の危機が迫る。転生者と肉体を奪われた者。二人の信念と国家の陰謀が絡み合うダークファンタジー、第2巻。
seijun-sentouryoku-1-man-koe-no-douki-to-mieru-watashi	清純戦闘力1万超えの同期と視えるわたし	2	1	1	ecchi,romance	"はじめて一緒に泊まりの出張へ向かう千桜と三好。「一緒に露天風呂に入るのは、だめ……？」切なく熱を帯びた三好のまなざしに身体がどんどん火照ってきて……。お湯の中で求め合って、もっと奥まで欲しくなっちゃう。ナカまで掻き混ぜられたらもう限界！　しかし出張から戻って数日後、前の晩は三好とは何もシていないはずなのに、彼の頭の上に「0」が浮かんでいた!?　もしかしたら三好が他の誰かと？　そんなわけないと思いつつも、動揺が止まらなくてーー。
訳アリ同期と視える私のピュアでえっちなオフィスラブ☆ハッピーエンド！"
dekiai-mitsugi	溺愛蜜儀	2	1	1	romance	"【あらすじ】
儀式は神様の御前で淫らに交わること────…
突如枯れてしまった七神神社の伝説の泉を復活させるため、
神社の娘で巫女の結乃花は氏子総代の久龍唯織と秘密の儀式を行うことに。
9年前にフラれた初恋の唯織は、素敵な大人の男性になっていた。
儀式とはいえ、想い続けてきた唯織に抱かれることに幸せを感じる結乃花。
しかし二度目の儀式後、泉に復活の兆しが。
唯織への気持ちを押し殺し、儀式のことを忘れようとする結乃花。
しかし、直会に出席できない唯織にお弁当を届けるため向かった久龍ビルで、
唯織が市長の娘と婚約間近であることを聞いてしまい…!?

【収録作品】
溺愛蜜儀 神様にお仕えする巫女ですが、欲情した氏子総代と秘密の儀式をいたします！ 6〜11
描き下ろし"
taku-kun-no-ikinobi-gohan	炊くんの生きのびごはん	2	1	1	gourmet,slice-of-life	同期のやり手・山手くんと10年ぶりに一緒に仕事をすることになった炊くん。接待明けでお疲れの山手くんに、お手製の高菜おにぎり＆トマト味噌汁を振る舞うことに。大学時代からの旧友らとの麻雀宅飲み会では、ミルフィーユピェンロー鍋が大好評。実家に帰省して初対面のお義姉さんにご馳走するのは鮭の粕汁と、野沢菜を使った郷土の味！ 職場でどんなに怒られても、家には塊チャーシューが待ってるし、安くて簡単で美味しい、具だくさん家ラーメンが自分も家計も支えてくれる…！ 健康と節約のため、生きのびるために始めた自炊ごはんが、不器用SE・飯田炊くんの生活と人間関係を少しずつ豊かにする。自分も周りもちょっぴり幸せになれる、慎まし家めしコミック第2巻!!
mugen-seichou-no-card-tsukai	無限成長のカード使い	2	1	1	action,adventure,fantasy	"ハンター。それはカードを武器にダンジョンへ挑む者。上杉ハガネは不遇の万年ランクEハンターである。1人1枚与えられる固有カードはハズレ効果。デッキにセットできるカードの上限も1枚のみ。それでも病気がちな妹を養うため、日々ダンジョンに潜ってはボロボロになりながらお金を稼いでいた。そんなある日、ダンジョンに迷い込んだ少女を偶然にも救ったことで、ある1枚のカードがドロップする。そのカードはハガネの持つ""ハズレ""固有カードと、""チート級""のシナジーを発揮して──！"
juushin-sama-no-ikenie	獣神様の生贄	2	1	1	fantasy,romance	"「どうか、あなたが恐れているようなものではないのだと証明させてくれませんか」

千代の暮らす村には50年に一度、
清い体を持つ女性を狼の神様の元へ捧げることで
ご利益を授かる神事がある。

“生贄”として生きてきた千代は、いよいよその日を迎えた。
覚悟決め、鳥居をくぐり神社へ向かうも、
なぜかご飯にお風呂と手厚くもてなされ、
最後に寝室へと案内された千代の目の前には一組の布団が。
「ついに…私ーー…」固まる千代の手に、三峯は優しく触れて…!?

【狼の神様】×【生贄の村娘】甘く交わる運命の恋物語。

★SP描き下ろしページ3p収録♪"
ouji-sama-haishinsha-kareshi-o-aishiteru	王子様配信者彼氏を愛してる	2	1	1	bl,romance	"大人気配信者・楠人は、フォロワー数30万突破記念の
コラボ撮影を企画。
王子様キャラ配信者・夢太にコラボ出演を依頼することに。
チャンネル上のキラキラ王子キャラと違い、夢太の氷点下対応にとまどいつつも、
次第に打ち解けていく。
夢太も本当の自分をみせていくようになってーー…。
配信者カップルが贈る、
恋の先行きはどうなるーー！？"
tanuma-dono-to-gennai-san-tokidoki-tokugawa-family	田沼殿と源内さん～ときどき徳川ファミリー～	2	1	1	comedy	エレキテルの開発者として知られる天才発明家・平賀源内。源内が発明を続けるために頼ったのは、足軽から老中まで登り詰めた稀代の政治家・田沼意次…!? 江戸時代を舞台にしたハイテンションギャグ開幕!!!
isekai-cheat-suit-ando-mahoutsukai	異世界チート戦士&魔法使い	2	0	1	action,adventure,fantasy	「史上最強」とうたわれていた老人・ジャイルによって異世界に召喚されたミコとアキ。転生し「史上最強の戦士」と「史上最強の魔法使い」になる素質を与えられた彼らは「史上最強の弟子」となるため、異世界を旅することになり…！？　お気楽コンビが目指す最強道の行く末やいかに！
isekai-abarenbou-fuufu	異世界暴れん坊夫婦	2	1	1	action,fantasy,isekai	暴力と混乱が渦巻く世界を旅するエルクとフィオ。果たして二人は世界を救い最愛の娘を取り戻すことができるのかーー？ クセが強すぎる夫婦が異世界を相手に大暴れするバトルファンタジー、完結巻！！
i-tan-no-shukusai	異端の祝祭	2	1	1	horror,mystery	"明かされた過去は、闇と光と──。戦慄の民俗学カルトホラー、完結巻。
心霊案件専門の相談所・佐々木事務所に舞い込んだ「依頼」を解決するために、るみと青山は拝み屋の青年・物部のもとを訪れる。依頼の解決に向けたヒントを得た二人は、それぞれの過去と向き合うことになるが──。"
koutei-heika-no-senzoku-shisho-hime	皇帝陛下の専属司書姫	2	1	1	fantasy,romance	"ある日、ゲームの悪役に生まれ変わっていたことに気づいた伯爵令嬢カノン。
18歳の誕生日、異母妹を選んだ婚約者から婚約破棄されたカノンは、素直に受け入れ皇都に向かうことに。
目的は最悪な結末を逃れ、図書館司書として平穏な人生を送ること。
ーーだったのだけれど、ゲームの攻略対象である皇帝と恋人契約をすることになってしまい……!?
一迅社文庫アイリスの大人気シリーズをコミカライズ！ 描き下ろし漫画も収録★"
ishida-mitsunari-no-tsuma-wa-taihen	石田三成の妻は大変	2	1	1	comedy,romance,slice-of-life	重野なおきが描く、石田三成とその妻・うたの笑いと苦労の歴史！？ 三木城兵糧攻めによって長期間離ればなれの三成とうたは、互いの存在の大きさをひしひしと感じて…？ 結婚してからジリジリと愛を育むふたりに、ときめきが止まらない！戦国時代に咲く、ほんわか夫婦の愛情物語第2巻！！
shachi-kun-to-uzasugiru-kouhai-no-hanashi	社畜くんとウザすぎる後輩の話	2	1	1	bl,romance	"【おまけ漫画たっぷり24ページ収録！】
「社畜な俺たちは、会社でしか×××できない！」
生意気新人×限界社畜の残業発散オフィス・ラブ！

ブラック企業に勤める社畜7年目・マナベの前に現れたのは、超絶顔が好みの新人・美山。
でも、先輩であるマナベに美山は事あるごとに突っかかってくる。
そう、美山は顔がいいだけのバチクソ生意気なヤツだったのだ！

何もかも正反対な美山とマナベ。でもただひとつ、一致する意見がある。
それは「後腐れなく、ただ発散できる相手がほしい」ということーー。

……そんなわけで、かわいそうな社畜たちは、今日も会社で×××して残業をがんばるのである！"
shukufuku-sarenai-kodomotachi	祝福されないこどもたち	2	1	1	drama,mystery	"都内の閑静な住宅街に暮らす3姉弟。

人付き合いが苦手な長女・波瑠子、今どきなネイリストの次女・奈津子、

受験と恋愛で悩む高校生の長男・亜紀斗。

親と離れて暮らしている一見普通の3人は、人には言えないある秘密を抱えていた。

ある夜、酔って帰宅してきたなつ子の左薬指に指輪が嵌められていることに気がついた波瑠子。

口論になる2人だったが「私、結婚するから」と激昂する奈津子に対し、

波瑠子は他人と深く関わってはいけないと言い放つ。

「私たちは殺人犯の子供達なんだから」とーーー。

★特典情報はこちら"
watashi-no-konyakusha-sama-no-dokuzetsu-ga-sugiru	私の婚約者様の毒舌が過ぎる	2	1	1	fantasy,romance	ブロンシェの婚約者であるアシュフォードは、家柄・見た目・頭脳、それを取っても超一流。それゆえに周囲に対して非常に厳しく、毒舌を放つ。ただそんな彼にもある一面が…！？そはなんとなんと、婚約者であるブロンシェだけには溺愛してしまっているのだ！しかし当のブロンシェは、「なんでこの人、私の婚約者なんだろう」と溺愛を受けて困惑気味。そんな中、通う学園で第一王子が起こす問題に巻き込まれてしまい…。みんなに塩対応、だけど私だけには甘々！？ギャップにキュンするドタバタラブファンタジー！
watashi-no-oshi-ga-kyou-mo-saikou-ni-toutoi-node-zenryoku-de-shiawase-ni-suru	私の推しが今日も最高に尊いので、全力で幸せにする!	2	1	1	fantasy,romance	"推しの幸せが私の幸せーー 推ししか勝たん!!!!

ーーーーー

前世が限界オタクの調薬師リゼは、
ある日、最推しキャラ・メア様が道で倒れているのを発見し、今世が乙女ゲームの世界だと気づく。
そして、全く幸せそうでない彼の看病をしながら決意したーー「私がメア様を世界一幸せにする!!」と。
推しを幸せにするための同居生活が始まるが…推しが尊すぎて心臓がもちません！

全力で推しを愛でその尊さに打ちのめされるうちに、彼に囲い込まれちゃう少女の推し活ラブコメディ、待望の第1巻!!"
himitsu-no-wakaoku-sama	秘密の若奥様	2	1	1	ecchi,romance	"妻ってみんな、
こんなエッチなこと
されちゃうの？

経理部の歩美と副社長の桂馬は、
交際ゼロ日婚の新婚夫婦。
でも、このことはごく一部の身内しか知らない、
いわば秘密の関係。
諸事情あって1年間お試し期間中だった。
将棋一筋で生きてきた歩美は初心で、
男女のことは何も知らない。
毎晩、桂馬が教えてくれる夫婦生活は
いやらしくて恥ずかしくて…。
歩美にとっては毎晩が高速列車に乗せられているかのよう。
一人前の奥さんになるためにがんばらなきゃ。
でも気持ちよすぎて、エッチになっちゃう。"
himitsu-no-shinkon-seikatsu	秘蜜の新婚生活	2	1	1	romance	"交際0日で極秘結婚!?
オフィスでは上司と部下。家では愛する夫と妻の日常が始まる

「君を男として独り占めしたい」
IT企業に勤める由依は、憧れの常務・勇士から突然プロポーズされた。
聞けば、社長である父の命令で勇士は政略結婚を強いられているが、
愛のない両親の姿を見て育ったため、同じような結婚はしたくないと言うのだ。
だからずっと心の中で惹かれた由依に想いを告げーー
由依はまっすぐに愛を求める彼の腕に飛び込んだ。
そして社長が不在の2か月間に極秘結婚で既成事実を作り、
仕事を成功させて結婚も認めさせようという
ふたりだけの秘密のビックプロジェクトが始まった！"
doutei-eshi-no-isekai-fasshon-kakumei	童貞絵師の異世界ファッション革命	2	1	1	ecchi,fantasy,isekai	"Hなイラストばかり描いていた内城匠海は認めてもらえない虚しさでビルから自分の絵と共に飛び降り自殺した…はずだったが、落ちた先は異世界の仕立て屋「テーラーテイル」だった!?
美しい社長コルテに絵の才能を認められ、匠海は服のデザイナーとなる。
「テーラーテイル」は数世紀大地の権力と衣服のルールさえも握った王族と対峙するが!?
エロ×異世界ファッション革命完結!!"
hakoniwa-kidan	箱庭綺談	2	1	1	bl	"誰かに認めてほしいけど、理解しようとする者を突き離す。少年たちの名状し難い関係を描く青春群像劇コミック 第2巻

2巻から読んでも大丈夫！
義母の息がかかった連中に好き勝手にされる状況を諦め受け入れる霄（しょう）、それを「まあまあ面白い」と傍観する木菟（ずく）、寄宿学校を舞台に名家の嫡男二人の不思議な関係を描く「一月三舟」。同志のように慕っていた父の再婚を受け入れられない藍（らん）と、義姉との交流を描く「愛楊葉児」。入学式をサボって出会った藍と非色（ひいろ)、変わり者同士の友情以上愛情未満の関係の行く末を描く「鳶飛魚躍」の三編を収録。"
sunao-janai-noha-heart-no-sei	素直じゃないのはハートのせい	2	1	1	romance	"要するにこの2人、最強お惚気プレイ。 

 かつて親同士が決めた婚約者・宗佑と、婚約破談になった明奈。元々自立心が強かった明奈は、自分の力で入社しイキイキと働いていた。

けれど、会社が吸収合併された先で、宗佑が役員として働いていた！ しかも彼は、ツンツンしながらも明奈に好意丸出しで…！？

強がり女子×ツンデレ男子のすれ違いラブ開幕！ 

 【編集担当からのおすすめ情報】 
 主役2人の丁々発止の掛け合いからの甘々展開をお楽しみください。何も考えずに楽しめて、読めば必ずハッピーになれます！"
shuumatsu-rocking-girl	終末ロッキンガール	2	1	1	sci-fi	"【Google Play ベストオブ2024 「ベストSFマンガ2024」 受賞！！】

 

亡くなった息子の代わりに孫の光を育てることになった初老の元軍人・雷蔵と
亡き父の夢を叶えるためギターを手にする盲目の少女・光。

突如襲来した宇宙人たちの攻撃により光たちの暮らす街は一瞬で焼け野原となってしまう…。
生存者を排除するため侵攻を続ける宇宙人に追い詰められる雷蔵を救ったのは、
光の奏でるギターの音…!?

果たして『音楽』の力で宇宙人を打ち倒すことは出来るのかーー!?"
tsumi-no-atoaji	罪のあと味	2	1	1	gourmet,mystery	"殺人の謎を解くカギはとんこつラーメン!?
真相は“メシ”のみぞ知るーー。
事件ライター・竹内一馬が犯人のメシから凶悪犯罪の核心に迫る。
実際にあった事件を基に犯罪×食を描く、禁断のノワールグルメ漫画が誕生！

【本書に登場する禁断のノワールグルメたち】
誕生日の3連ハンバーグ／望郷の皿うどん合盛り／後妻業の女が愛した下町餃子／　　　　　　　　　カラシ5袋のコンビニおでん／犯行直後のこだわりにゅうめん／胸焼けを覚えるチーズリゾット／特ダネを呼ぶ大迫力トンカツ／帰ってきたラーメン狂（マニア）／「爆弾」の仁義なき味わい／女心と1ポンドステーキ／ホップの苦味とオムライス／バローロの引き金／ナポリタンになれなかった母／裏られた奢りの復活焼き／麻辣火鍋の刺激は非道を呼ぶ／牛めし一品で救える人生／思い出はぶたれた母と福岡うどん／駅弁に見せた笑顔は戻ってこない／真実はいつもパーコー麺から"
gunjou-no-stranger	群青のストレンジャー	2	1	1	fantasy	"全寮制「出水学園」は全国の亜人の99%が入学するという亜人の亜人による亜人のための学校。
亜人として発現してすぐ両親を亡くした沖島周は出水学園に入学し、様々なクラスメートとの新生活を始めるが…!?
亜人学園ファンタジー完結!"
oibore-yuusha-no-ise-kaigo	老いぼれ勇者の異世介護	2	1	1	action,adventure,comedy,drama,fantasy	"王道を新たな切り口から描く新感覚ファンタジー、完結！
一堂に会する元勇者一行の面々と、それぞれの後継者達。彼らへ魔王の転生先が一行の子孫、その中で最も才ある者であるという衝撃の事実が明かされる。ルビアはこの場で転生体を倒すことを提案するが…？"
seikou-tenshi-yarinikuru	聖交天使ヤリニクル	2	0	1	comedy,ecchi,romance	クゥに“アガペ”を迫られる日々の中、一途の前についに夢の女性とそっくりな天使が現れる。キィと名乗った彼女も一途と“アガペ”をするために来たようで、しかもクゥとは顔見知りの模様？　クゥ、キィ、まもり、ノロイ、一途の“はじめて”争奪戦を制するのは誰だ!?
shokugyou-shitateya-tan-tan-to-buiaaruemuemuoo-jikkyou-comic	職業、仕立屋。淡々と、VRMMO実況。@COMIC	2	1	1	fantasy	・ポップな世界観、可愛らしいキャラデザ、そして……世知辛いネトゲ民たちが織り成す、渾然一体の「きまくら。」ワールドを、新鋭漫画家・コナタエルがコミカライズ化！・コミックスでしか読めないコナタエル先生による描き下ろし漫画＆わだくちろ先生書き下ろしSSをWで収録！
shokugyou-wa-kanteishi-desu-shingan-tte-nandesu-ka	職業は鑑定士ですが〈神眼〉ってなんですか?	2	1	1	adventure,fantasy,isekai	"平凡な高校生だった真広桃李はある日の授業中、クラス全員で異世界へ転移してしまう。
転移先ですぐさま職業を聞かれるが、判明したのは初級職でしかない『鑑定士』だった！
勇者を求めて召喚した人々に流されるまま追放されてしまうトウリだったが、彼の職業には続きがあって……!?
鑑定スキルで自由に生き抜く、異世界ファンタジー開幕!!
第1話…001
第2話…043
第3話…081
第4話…117
第5話…151"
chou-ha-nakutomo-shokuyoku-ha-aru	腸はなくとも食欲はある!	2	1	1	essay	"潰瘍性大腸炎で大腸を全摘した「腸よ鼻よ」の作者が描く、
健康的なのに満足感のあるがっつりメニュー‼

潰瘍性大腸炎で大腸を全摘した漫画家・島袋全優。
だが、腸はなくとも食べることは大好き！
自分のために、姉のために、せっせと自炊してきたが、
姉との同居もついに解消……ハッピーウエディング‼


■お品書き

食欲10 　血管強化にプロポーズの「サバの炊き込みご飯」と「にんじんしりしり」
食欲11　スタミナ満点・沖縄料理「ばあちゃん秘伝のチムシンジ」と「キャベツの海苔和え」
食欲12　野菜を求めてユートピア「鶏と大根の甘辛照り煮」と「白菜と豆苗の卵スープ」　
食欲13　全優見守り隊の引き継ぎ晩餐「キャベツのオープンオムレツ」と「油揚げの納豆巾着」
食欲14　餅に馴染みがない沖縄人が作る「お餅クリームシチュー」と「レンジでできるおかき」
食欲15　激安うどんでお腹にやさしい満腹料理「小田巻蒸し」
食欲16　感謝100%カロリーは50%の「大根と鶏ひき肉のヘルシーカレー」
食欲17　ついに登場！姉の夫に振る舞う「フーチャンプルー」と「ソーメンチャンプルー」

その他、描き下ろし漫画や作中料理にひとアレンジの「食後の一言」も収録！"
hanamura-chan-sefure-ga-iru-kekkon-tte-ari-desu-ka	花村ちゃん、セフレがいる結婚ってアリですか?	2	1	1	comedy,drama,romance	"28歳、院卒、入社3か月目。
ルール絶対主義の主人公・花村かおりは
ある日の会社帰り、既婚者の部長（♂）と同じく既婚者の先輩（♀）が
ともにラブホテルから出てくるところを目撃する。

不倫なんてゼッタイに許せない！と息巻くものの、
ふたりの関係は「夫婦公認セフレ」だと言われてしまいーー!?

お互い公認だったら浮気もOKなんですかーー!?　

「オープン・リレーションシップ」「セカンドパートナー」問題に
真正面から切り込む真面目系恋愛コメディ！"
hanairo-local-world	花色ローカルワールド	2	1	1	slice-of-life	ブラックすぎる教師生活から解放され、温かな神野家の人々と田舎暮らしを謳歌する森山。今回も自分だけの家庭菜園を作ったり、竹馬をイチから作って乗る練習をしたり、美女姉妹に囲まれて色んな夢を叶えます！
wakakusa-doumei	若草同盟	2	1	1	drama,romance	".
澤部 渡氏（スカート）
谷口菜津子氏（『じゃあ、あんたが作ってみろよ』）
屋敷裕政氏（ニューヨーク）大推薦!!
メディアで続々紹介！ 『あそびあい』『恋のツキ』作者、話題の最新作!!

『彼らと境遇が重なることはないはずなのに「これは私の話だ」だなんて読んでいました。
多分これは「共感」ではないんです。どこかにいる私の話なのです。』
澤部 渡氏（スカート）

『カイロちゃんとムーくんは一見どこにでもいるような二人だけど、
二人それぞれの怒りや悔しさ情けなさを持った人生を歩んできた。
分かり合えない孤独さを抱えている二人のやり取りの中で、
きゅんとは違う心の真ん中から泣けてくるような愛を感じる！』
谷口菜津子氏（漫画家）

『新田先生の漫画はいつも味わったことのないしんどさを与えてくれる。
全部の文字、全てのシーンがパンチラインでした。』
屋敷裕政氏（ニューヨーク）


【2巻のあらすじ】

雪深い田舎町で生活保護受給世帯に育った、スーパーの店員・カイロ。
元・引きこもりで、30過ぎた今も「男社会」に馴染めない会社員・アユム。

東京で出会い、恋に落ちた二人。
結婚の準備が着々と進む中、カイロは、
アユムが会社でひどいパワハラにあっていることを知って…。
そんな折、彼女の働くスーパーの閉店が決まり、
生活費を稼ぐため、カイロは新たな道を選ぶ。

東京の狭い空の下、今日も二人は新しい一日を生きる。"
eikoku-rouman-giga-forest-aibii	英国浪漫戯画フォレストアイビー	2	1	1	slice-of-life	謎の少女・エヴィと共に自宅修復に勤しむオスカーのもとに現れた最大のトラウマ相手！「フォレストアイビー」が盗られてしまう！かも…？　古城にボートがマイ・ホーム！　英国を詰め込んだスローライフを楽しんで♪
ochikobore-reijou-wa-koushaku-kakka-kara-no-dekiai-ni-kizukanai	落ちこぼれ令嬢は、公爵閣下からの溺愛に気付かない	2	1	1	fantasy,romance	"エスターク公爵家のパーティーに襲撃!!
ダークエルフに続いて、次にノアとヴァン2人の前に立ちはだかるのは
国家転覆を狙う帝国軍人!?

強大な敵を目の前に、ノアを守りながら一人戦うヴァン。
そんな姿を見たノアの中に生まれた、共に戦いたい強い想いが
精霊術師としての力を目覚めさせる！

落ちこぼれ令嬢と、エリート公爵閣下。
お互いを埋め合い、距離が近づく第2巻！"
ura-shakaika-kengaku	裏社会科けんがく	2	1	1	drama	"姿を隠してしまった河口と連絡を取るために
彼の息子・西と協力し漫画を描き続ける鳴沢。
現実の出来事とリンクさせた物語はSNS上で話題を呼ぶが
「秘密のデータ」の在り処を探るヤクザたちは
なりふり構わない手段で鳴沢たちを追い詰めるが…？
漫画家が裏社会に踏み入ってしまう、
アングラ・ミステリアス・コメディ衝撃の完結巻！"
oya-ga-saikon-shite-kyuu-ni-imouto-ga-dekita	親が再婚して急に妹ができた	2	1	1	comedy,slice-of-life	"「おにぃ、あそんであげる!!」
妹に嫌われたくない兄×兄と遊んであげている妹、
ちぐはぐな距離感に可愛いがとまらない!?

SNSで人気の兄妹イラストシリーズ、おかげさまで第二弾!!
ほぼ描き下ろしの、オールカラーコミックス！

親が再婚し、11歳年下の妹ができた旭かい。
半年ほど経ち、出会った当初と比べて距離が縮まってきたが、
最近は兄としての立場がなくなっているようで…。
ーーはじめての家族旅行、ハロウィン、クリスマス…、
兄の友人も遊びに来て、旭兄妹の日常はにぎやかに!!
“ほっこり可愛い”を倍増でお届けです。"
mamedanuki-no-bakeru	豆狸のバケル	2	1	1	action,adventure,comedy,fantasy	"ユニークな「お祭り」キャラ大集合！ 

 大人気スイッチゲームをコミカライズ!
お祭りが、悪の軍団に乗っ取られた!
日本のピンチを救う主人公は、なんと変化の力を持つタヌキ族の少年・バケル！？
2巻では、特別なパワーを持つ御伽英雄・キンタロウとのバトルが決着！
そして、2人の英雄・チャラ男のウラシマが登場！

更に、漫画オリジナルキャラとして、人間姿の「ウリ子」も見参！
キュートだけと、クセの強いウリ子に、きっとあなたも夢中になるはず・・・（？）

ゲームを忠実に再現しつつ、漫画ならではのオリジナリティー満載で、ファンも、漫画から入った人も誰でも楽しめる！ 

 【編集担当からのおすすめ情報】 
 ゲームでボスとして登場した英雄・キンタロウ＆ウラシマ登場！
漫画ならではのオリジナル展開だから、ゲームをプレイした人は更に楽しめる！
そして、Xで話題になった人間姿の「ウリ子」が初登場！
「お金命！」のウリ子ですが、何故か憎めないヤツ・・・。
デザインも表情も、めちゃくちゃ可愛らしいです笑！

ゲームをプレイした人も、そうでない人も絶対楽しめますので、ぜひ手に取ってみて下さい！"
migawari-no-konin	身代わりの婚姻	2	1	1	romance	"時は大正ーー
男爵の妾の娘・清乃は亡くなった姉の代わりに侯爵家の嫡男・有季のもとに嫁いだ。

寝室も食事も別々の新婚生活だったが、清乃の奥ゆかしさと愛らしさに有季は心を動かされ、ふたりは毎夜熱く愛しあう本物の夫婦となった。
清乃は生まれて初めて、女性としての幸せを全身に感じていた。
だけど一方でこの幸せは本来、姉のものになるはずだったという思いがよぎる。
さらに一堂家の嫁とは認めないと示すように、誰かが清乃の私物を隠し、破損させるという嫌がらせを続けていた。
そんな日常を過ごす清乃の前に、有季の友人・御厨が現れる。
「上流階級の男なら妾のひとりやふたり当たり前ですよ」彼は有季には新吉原で馴染みの太夫がいると告げ、さらには清乃に不貞行為を持ちかける。
当然拒否をするが、狡猾な彼はすぐには諦めず…!?

姉の死についての真相も明かされる、衝撃の完結巻！"
migawari-honeymoon	身代わりハネムーン	2	1	1	romance	"結婚式当日に新郎と妹の浮気が発覚。
失意のどん底に落とされた杏子は、
新婚旅行に考えていた英国ツアーに独りで旅立つ。
機内で知り合った休暇中のパイロット・大輔と話すうちに、彼に惹かれていくが……。

人生をリセットしたいと積極的に距離を詰めていこうとする杏子。
しかし飛行機にアクシデントが発生!!
ケガを負ったパイロットの代わりに、大輔が操縦を買って出てーー!?

運命に導かれ、大人の男女が愛を求めるシンデレララブ！"
karada-kara-hajimaru-gokujou-mitsuai	身体から始まる極上蜜愛	2	1	1	ecchi,romance	"あなたが本当に愛しているのは、私じゃなくて私に似た別の人…？

”2か月限定のお試し”で、ホテル王の御曹司・頼人と付き合うことになった燈子。
立場が違いすぎることに引け目を感じていたけれど、頼人に甘く強く求められ、彼の愛と包容力に惹かれていく自分を抑えられず…。
ところがある夜、彼が寝言で “ひかり”と呼ぶのを聞いてしまう。
燈子は亡くなった彼の元婚約者“ひかり”に似ていたのだ。
さらにある理由が重なり燈子は頼人との別れを決心するが、その矢先、密かに燈子に好意を寄せる同僚の男性が家に押しかけ、襲いかかってきてーー！"
korogaru-hoshikuzu-domo	転がる星屑ども	2	1	1	drama,music	地に落ちた元スター星一が挑まれたのは、「配信ライブ対決」！　敗者は引退しなければならないこの勝負、星は勝つことができるのか！？　そして、U歌番組でのUlalaのアドリブで星の運命が大きく変わる…！ソング・シンデレラストーリー怒涛の最終巻！
tensei-idol-to-doruota-no-kishi	転生アイドルとドルオタの騎士	2	1	1	bl,music,romance	"再び巡り合った転生主従BL、ついに完結！

元騎士の貴生と元王子の洸は、マネージャーとアイドルとして忙しい日々を送りながらもラブラブな恋人同士。同じマンションに住む約束も交わし、貴生は今まで以上の幸せを感じていた。だがある日、洸のライバルユニットの一人・陽が前世で洸の死に関わった人物だと判明する。一番大切な王子を護れなかった騎士としての記憶がよみがえり、苦しむ貴生。そんな貴生の様子に気づいた洸は、貴生を少しでも癒やしたいと思い…!?"
tensei-healing-life-inou-skill-chiyu-no-chikara-de-isekai-harem	転生ヒーリングライフ異能スキル『治癒』の力で異世界ハーレム	2	1	1	fantasy	"生まれつき人と違った能力「治癒」の力があったがために自分の意志に関わらず宗教団体のシンボルへと祭り上げられた少年アキラ。
ある日車の事故に遭って意識を無くしたアキラは、気がつけば竜と人間が戦ってる異世界の戦場にいたーー。
戦場でケガを負った人々を放っておけず「力」を使って傷を癒していたところ、 同じように回復魔法で人々を治療していた女性クレアと出会い、彼女に協力することに。
すると回復魔法を発動中のクレアの魔法アイテムにアキラが触れたとたん、かつてクレアが経験したことがない上位魔法級のパワーが溢れて…。
【第1話】
【第2話】
【第3話】
【第4話】
【第5話】
【第6話】
【第7話】"
tensei-joou-wa-osananajimi-no-dekiai-houimou-kara-nigedashitai	転生王女は幼馴染の溺愛包囲網から逃げ出したい	2	1	1	fantasy,romance	"幼馴染に叶わぬ恋をしていた前世の記憶があるエリアナ王女。
想いを断ち切り新しい人生を歩もうとするが今世でも幼馴染としてかつての想い人の侯爵子息・アルバートと再会。
しかも彼は、またもやエリアナを妹扱い! 同じ失敗はしないと彼以外の人と結婚しようと奮闘するも、アルバートの様子がおかしくなってきて?
「誰と婚約ーー結婚するの?」「他の誰にも渡したくない」……って前世で振られたのは私よね!?"
henkyou-no-mahou-kusushi	辺境の魔法薬師	2	1	1	fantasy,slice-of-life	"異世界転生「魔法薬」改革小説、コミカライズ第2巻！

ゲロマズ魔法薬しかない異世界に転生した俺は
ハイネ辺境伯家の三男・ユリウスとして育てられ、
魔法薬の改革に着手する。

ユリウスは幼くしておいしい魔法薬を作ることに成功。
騎士団での評価は急上昇！

そんなある日、領地への観光客を増やすため、
この土地ならではの娯楽を考案したいと領主である父親に相談される。
にぎやかな王都と違い、のどかな高原で優秀な馬が育つハイネ……。
そうだ、競馬を開催しよう！
魔法薬の改革もそこそこに、ユリウスはさまざまな娯楽を発明していくことに。

遊びたい盛りの妹・ロザリアにも懐かれて、ユリウス今日も頑張ります！
のんびりモノづくりスローライフ！"
houjin-dakkan	邦人奪還	2	1	1	action,drama	いまそこにある危機！　我々の周りでは秘かに戦争がはじまっているーー!!　海上自衛隊初の特殊部隊を率いる先任小隊長藤井義貴は、選りすぐりの隊員とともに一触即発の国防状況に対応すべく、激しい訓練を行っていた。そんなある日、日本の領土問題の先端・尖閣諸島でひとつの事件が起こったのであった……!!　海上自衛隊特別警備隊の創設者が、政府の動きや作戦行動を完全シミュレーションした同名ドキュメントノベルを自ら完全監修し漫画化！　執筆の『全裸監督』『紫電改343』須本壮一の鬼気迫る画面に刮目せよ！
renkinjutsu-iie-item-gousei-desu	錬金術?いいえ、アイテム合成です!	2	1	1	adventure,fantasy,isekai	"新米商人カコ冒険者に挑戦！？
規格外のものづくりスキルで商人×冒険者の兼業生活も夢じゃない！！

「私を弟子にしてください！」
初の商談を成功させ、報酬で短剣を手に入れたカコは商談相手のメイテナに稽古をつけてもらうことに。
上位冒険者であるメイテナの厳しい訓練を経て、カコはついに魔物の討伐に成功し、自信をつけていく。
そんな中、【合成】スキルの新たな能力が解放されーー！？
破格のスキルを持つ少女の自由気ままな旅商人生活第二幕！！"
kaminari-narite-haru-kitaru	雷鳴りて春来たる	2	1	1	drama	"令和五年、夏。大正時代から百年後の現代にタイムスリップしてしまった戸惑いの中、少しずつ今の暮らしや高校生活に慣れてきたハル。持つことのなかった視点や考えに触れ、大正時代に戻れた時にできることを前向きに考えていた。ハルの存在を知る老女と出会い、「関東大震災」で自分の家族が被災したと聞くまでは…。

「自分の進むべき道」を凛々しく歩む大正乙女の物語、完結！"
itadaki-no-lvitsa	頂のリヴィーツァ	2	0	1	fantasy,horror	"更生施設「無垢の園」にシキブが潜入してから、少女たちの歪みは次第に形を成しはじめたーー。

求める「秘宝」の実体は前王とシャルロータの父の肉体を破壊した「生命樹」の力であることが明らかになったが、これを持ち逃げした少女、カティはすでに死亡していた。

だが祭りの夜、カティらしき者にシャルロータは襲撃される。
生命樹の力は死者を蘇らせ、人格を別の肉体に移植することを可能にしていたのだ。

かくして生命樹の力は確実に拡散し、少女たちを侵食していく。
流血の惨事が連鎖し、この世界を破壊するトリガーが引かれてしまうーー！
第7話「グロリオサの祭典」
第8話「アセビの昇階」
第9話「アカネの後悔」
第10話「ラベンダーの恍惚」
第11話「コランバインの軽骨」
第11.5話「ネナシカズラの参観」"
takane-no-shachou-wa-kohana-o-medetai	高嶺の社長は小花を愛でたい	2	1	1	romance	"12年の時を経た、一途な少女の恋の行方はーー？

社内モデル選抜企画でまさかの上位にランクインを果たした花緒は、
幼い頃から憧れていた『ファンタスティック・ファクトリー』の服が似合う
素敵な女性へと大変身を遂げる。
自信をつけた彼女の姿に、これまで以上に心惹かれていく遼一。
そんな折、花緒に訪れた“再会”をきっかけに、遼一は過去の出来事を思い出す。
「もしかしてキミは、あの時の女の子…」"
majo-no-suupu	魔女のスープ	2	1	1	fantasy,gourmet	"魔界の危機を救うために地上に降り立った魔女のエルド・エルフレイム。
スープ作りに長けた彼女は至高の「毒入りスープ」による人類殲滅計画を目論んでいたが、彼女が偶然口にしたのは喧嘩最強の不良少年・剣崎作ったスープ。
その次元の違う美味しさに心を奪われてしまい剣崎に作り方を教わるようになり!?
本格お料理ファンタジー新刊！"
mazoku-no-pet-ni-narimashite	魔族のペットになりまして	2	1	1	comedy,fantasy,romance	普通の男子高校生が魔族の女の子と恋に落ちるーー！？怪しい占い師が貴文に『女難の相』を告げた直後、豪雨と落雷と共に現れたのは、金髪赤眼の美少女！？ヴァンパイアだと名乗る少女・アーデルハイトの&quot;ペット&quot;となった貴文と、魔族の女の子たちとの同棲生活が始まるーー！「魔族×人間」の、ちょっぴり刺激的なファンタスティック・ラブコメディ開幕！！
100-ten-hyakunin-kyoudai-hyaku-monogatari	100点!!100人兄弟100物語	2	1	1	comedy	"100人兄弟ワザ100連発の大ぼうけん！ 

 よみものの楽しさ！小説（ノベル）の奥深さ！マンガの面白さ！
全てを合わせ持つコロコロコミック生まれの新よみものシリーズ「コロコロよみもノベル」！

昨年秋、合体コロコロコミックで開催された、よみもノベルよみきりグランプリにて
みごと読者アンケートで圧倒的第1位を獲得した作品、「100点!!100人兄弟100物語」！
今年春、発売した第1弾の大人気をうけてはやくも2巻目が登場！

今作では
秘密基地を100人兄弟が作る！
サンタになって100人兄弟がプレゼントを届ける！
無人島で100人兄弟がサバイバルする！
100人兄弟ワザを3大ぼうけんで大連発！

ふしぎで、緻密で、迫力満点な、圧巻の“100人兄弟イラスト”による
「この中に1人、○○○な兄弟がいるよ。さがしてみよう！」のクイズがいっぱいで、とにかくたのしい！

100人兄弟イラストには迫力満点なだけでなくクスッとわらえるシュールさもあり！
100人兄弟が力を合わせて問題を解決する様子にはさわやかな感動もあり！

「100点!!100人兄弟100物語 ひみつきち×プレゼント×むじんとう3大ぼうけん」で新しい読書体験を！ 

 【編集担当からのおすすめ情報】 
 全ページにイラスト付き！ 
漢字には全てふりがな付き！

気軽に読める！
1人でも読める！
学校でも読める！
読書が苦手でも楽しく読める！ 
飽きずにラストまで絶対読める！

コロコロよみもノベル
「100点!!100人兄弟100物語 ひみつきち×プレゼント×むじんとう3大ぼうけん」は
そんな一冊、オススメです！"
10-nen-goshi-no-fukushuu	10年越しの復讐	2	1	1	drama	"10年間の植物状態から奇跡的に目を覚ました一ノ瀬里穂は、記憶喪失で当時の記憶を思い出せずにいた。ある日、病院で怒鳴り声を上げる男に遭遇した里穂は、その男の顔を見た瞬間10年前の事件の記憶を思い出しーー。
全てを奪われた里穂は自らの美貌を武器に復讐を決意する。"
13-banme-no-tenisha-isekai-de-kami-o-mezasu	13番目の転移者、異世界で神を目指す	2	1	1	fantasy,isekai	"精霊魔法習得でパワーアップ！！
新たにシンシアを精霊魔法の師匠として迎え入れた直哉は、
早速精霊を使役するためにシンシアとレギニオ湖へ向かう。
一方、エレーヌは新たな厄介ごとを起こしていて…？"
1-tai-2-kousai-wa-rabukome-ni-hairimasuka	1: 2交際はラブコメに入りますか?	2	1	1	comedy,ecchi,romance	イジめられたい美女&ドSな美女と、三人でナイショのお付き合い…！　大学職員の相模は、優しい先輩の持田に憧れている。ある日、持田の同期・大宮に「持田の喜ぶこと知りたくない？」と言われた彼は、“えっちないたずら”をする係に任命され!?　オトナだけどピュアすぎる、秘密の三角関係ラブコメディー！
21xx-nen-konden-einen-shizaihou	21XX年墾田永年私財法	2	1	1	slice-of-life	"22世紀、大都市を除いて荒廃した日本。政府は荒廃した地方を復興すべく「国土再開拓のための国有地譲渡特例法」、通称「22世紀版　墾田永年私財法」を制定した。
ひとりで生きていきたくて地方へと移住した高卒女子・リコ。彼女は電気なし・水道なしの過酷な世界で、ひとりでは生きていけないことを思い知り、口の悪い元大学教授・ジンの率いる小さな集落に身を寄せることとなる。人力で村を築き上げていく、自給自足の共同生活。存外に温かなその場所で、リコは学びの意味を知っていくーー。
世界がちょっとだけ明るく見える、辺境開拓系スローライフコメディ第2巻！"
3itches-san-majo	3itches三魔女	2	1	1	fantasy	"香港の漫画家KIUによる初のオリジナル長編魔法漫画！
日本と欧米のスタイルを融合した、華やかでダイナミックな画風が特徴。

3人のアク強めな魔女に課せられた、魔摩草原の中心に隠された大邸宅での秘密の潜入任務とはーー！？

舞台となる魔法世界は、オリジナリティとディテールにこだわり、
キャラクターや衣装デザインも独特。
アクションシーンは流れるように力強く、物語の連載構造と漫画の読みやすさに力を入れ、
より完全で魅力的な独自の魔法世界観を創り上げている！！

青騎士にて連載された1話から5話までを収録した第1巻と、日本未公開分収録の第2巻を同時刊行！"
black-letter	BLACK LETTER	2	1	1	drama,fantasy	"人は死の七日前、天使から“黒い手紙”を受け取る。
この世界では、病気や事故ではなく、
あらかじめ定められた日に“消滅”することが死だった。

ごく普通の少年・ルシのもとにも、その手紙が届く。
唯一の友であるトサとの時間を噛み締めながら残された日々を過ごす。
しかし、迎えた消滅の日、
儀式を終えて命を手放すはずだったルシはーー生きていた。

“生き延びた者”をきっかけに、
人間と天使が交わるはずのなかった世界の均衡が
静かに揺らぎはじめる…。

イタリア漫画家が描く、生と死の理をめぐる衝撃のダークファンタジー、開幕!!"
beat-again	Beat againビートアゲイン	2	1	1	music	SNSで2000万インプ超えの話題作、ついに単行本化!! 世界が注目する作曲家“スズヤ”は大炎上をおこし音楽界から追放され、小さな海街に行き着いた。以来、それなりに平穏な日々を送っていたスズヤの日常は、一人の少女との出会いで一変する。天真爛漫な女子高生“ルル”は、抜群の歌唱力を持ち、寂れた地元を音楽で盛り上げるべく奮闘していた。若き才能を前に、スズヤの中に燻っていた音楽への熱が蘇りーー。業界追放作曲家×ダイヤの原石JK歌姫、最強タッグで挑む、再生のサクセスストーリー!!
dog-matic	DOG MATIC	2	0	1	action,drama,fantasy,suspense	その昔、人類は獣の形とそれ以外に進化を遂げた。牙や爪がある肉食獣、体力や運動能力がある草食獣、そして何も持たない最下層・人間。“獣”の力を宿したブッチが、人間に戻る薬を求め潜入したのは王都の大病院！！　四奇士との死闘の果てに、明かされる「ニンゲン獣化計画」の秘密。真実を知り、それでもブッチは世界に牙を剥く。新世代のビーストファンタジー、完結。
draken-code	DRAKEN・CODE	2	1	1	adventure,fantasy	"20歳を超えた女性だけが急速に老化するという竜の呪いを解くため、北を目指すシーマ。
道中で出会ったコロナ、シルフィと共に旅を続けていた。
しかし、皇女であるシーマを兄・セドリックと近衛兵・ラングレーが追っていると気づき、より険しいルートで進むことを余儀なくされる。
そんな中、通りがかった村で人々が倒れているのを発見。
「狼人間」の仕業だと村人たちは言うが…？

運命を覆す、少女たちの異世界冒険ファンタジー、第2巻！"
dr-2025	Dr	2	1	1	drama	"2025年4月、TVドラマ放送開始‼　特別新作読み切りも収録‼
帝釈総合病院がグローバル化していく中、杏野朱羅（あんのしゅら）は、変わらず命を繋ぐ修羅場である救命救急に勤しんでいた。そんな中現れたゴッドハンドと呼ばれる男・梵天。そして、アメリカから来た医師・ナオミと弥勒…。
この者たちとアシュラが絡み合うことで、様々な医師の生き様、そして医療現場の究極の選択が映し出される‼救命救急の深淵がここに‼"
duel-masters-lost-gekka-no-shinigami	Duel Masters LOST～月下の死神～	2	0	1	action,drama,fantasy,supernatural	"デュエマ奇譚に、あの死神が舞い降りる。 

 大人気TCG「デュエル・マスターズ」がおくる本格サスペンスストーリー、アニメも好評配信中の第2章がついに単行本化！
大人気キャラクター・黒城凶死郎が登場！
ダークな世界に生きる彼は、全てを失ったウィンに何を語る!?
さらに深まる謎から、目を離すな・・・！

付録カードは、黒城とバロム＆バロメアレディーを
金林先生が書き下ろした限定イラストの
「大地と悪魔の神域」！"
fg-formula-girl	FGフォーミュラガール	2	0	1	comedy,drama,sports	"映画大好きポンポさん の作者最新作！ 

 『映画大好きポンポさん』の杉谷庄吾（人間プラモ）最新作！

夢をつかむまで駆け抜ける、私たちの物語！

時速300キロメートルで少女たちが走り、競い合う
世界最高峰のスピードレース
FGGP(フォーミュラガールグランプリ)！！

新人レーサーの""リカ""と”サツキ”は、
日本のレースチーム・アズマの入団試験を受験するが…
結果は…不合格に…！
だが、GPレーサーになる夢を諦めきれない二人は
監督に直談判しに行くのだが…！？

青春×スポーツ×根性
新たな少女たちのスポ根レース物語、開幕！"
find	FIND	2	1	1	horror,mystery	"シリーズ累計18万部突破！大人気ホラー作家・内藤了の地域モノホラーをコミカライズ！

「児童連続失踪事件」×「栃木の村落の神隠し伝説」の謎とはーー

被疑者を勾留中に自死させたことで県警捜査一課を追われ、家庭にも居場所を失った刑事・木下清花。異動先の「警察庁特捜地域潜入班」は、組織のはみ出し者が集められた新設部署だった。最初に捜査対象となったのは栃木の村落で発生した「児童連続神隠し事件」。その地では古くから、子供をさらう「ヤマヒト様」伝承が存在しており……。清花たちは事件の真相を追い、村落への潜入捜査を開始する！

内藤了先生書き下ろしのショートストーリー7Pや、描き下ろしおまけ漫画、イラストも収録！
第1話 神奈川県警刑事部捜査一課 木下清花
第2話 牡鹿沼山周辺・児童連続神隠し事件
第3話 ヤマヒト様
第4話 消えてしまった子供たち
第5話 御神域"
fate-grand-order-makuai-no-monogatari	Fate/Grand Order幕間の物語	2	1	1	fantasy	"大ヒットゲーム「FGO」の『幕間の物語』がコミック化！TYPE-MOONエースに掲載された、始皇帝「裁定者の憂鬱」・ペンテシレイア「トロイアの幻影」・沖田総司「ここに」を収録した珠玉の一冊！
東冬…始皇帝「裁定者の憂鬱」
真じろう…ペンテシレイア「トロイアの幻影」
平野稜二…沖田総司「ここに」"
helpful	Helpful	2	1	1	romance,comedy	"『クジマ歌えば家ほろろ』紺野アキラ短編集 

 『クジマ歌えば家ほろろ』の紺野アキラ、初の短編集！

初期の短編4作品に加え、代表作『クジマ歌えば家ほろろ』の後日談2作品や”クジマ”の設定画、初期ネームも初公開！

騒々しくて不可思議で、それでもそばにいてほしい…紺野アキラが紺野節たっぷりに描く、愛しさ満点lなやつらのお話を贅沢に詰め込みました。
 
◎収録作品◎
『ベトベトさん』
『山姫』
『菌活！！』
『混線中』
『クジマ歌えば家ほろろ番外編1 失敗は成功のもと』
『クジマ歌えば家ほろろ番外編2 好きこそ物の上手なれ』


 

 【編集担当からのおすすめ情報】 
 上下巻、合わせて全二冊の短編集です！"
knights-of-scarlet	Knights of Scarlet	2	1	1	action,fantasy	吸血鬼討伐騎士団《ブラッドナイツ》の総司令マーリンから告げられた衝撃の真実を受けて、半吸血鬼ランスロットと行動を共にすることになったアルトリウス。2人は騎士団生活の中で、先輩である円卓の騎士たちと出会いそして成長していく。ゴシックバトルダークファンタジー、第2巻！
murder-hotel	Murder hotel	2	1	1	horror,mind-game,mystery	"最高のお部屋で、極上の殺人を。

殺人鬼集うホテルに眠る大金。
その奪取を目論む男の執念が、
地獄に更なる混沌を呼ぶーー。

特権階級の富裕層だけが宿泊できる、
完全会員制の宿泊施設〈リッチマンズホテル〉。
客は、あらゆる欲望が容認される“客室”で、
望むままに”生贄”を壊し、愉悦する。

妹を救うため、この地獄に堕ちてきた男は、
その奥底に莫大な金が隠されていると知り、奪取を狙う。
しかし、新たに運び込まれた一人の生贄が、
彼の運命を大きく軋ませた。

血濡れのホテルで始まった、極限の下剋上サバイバル。
奪えるものは奪い、殺せる相手は殺す。
運命を掴むため、男は遂に“反撃”へと舵を切る。"
speak	SPEAK	2	1	1	comedy,slice-of-life	"これは詭弁か？ 哲学か？ はたまた単なるおしゃべりか？
かおる、秋、純の“いつメン”3人組による、脱力系クリティカル雑談ワールド、ここに開幕。曖昧と安心は両立しない？　雨は世界からのメッセージ？　フェスでノレる自分になりたい！　純度100％の勇気とは？　
となりの席から聞こえてくるような何気ない日常会話や、ふとした疑問から、新たな世界が見えてくる。 メディアサイト「NeWORLD」での大人気連載に加え、単行本限定の書き下ろしも収録。漫画家・夜なのに朝日がおくる、ファン待望のコミック第1巻。
座らせてくれ
全メッセージ
内なる催し
心のポッピンアイ
見合って見合って！
呪われた石たち
100％勇気
理科
おんがく（書き下ろし）
しんせつ（書き下ろし）

あとがき"
sentinel-loverse	Sentinel loverse	2	0	1	bl,drama,romance	"大都会シカゴの片隅で、高い身体能力を活かし
ギャングの連絡係を担っていた青年・イツキ。
ある日、FBIの一斉摘発によって組織が壊滅し、
謎の男・アルバに捕らわれてしまう…。
アルバからイツキの発達した身体能力と五感は
『センチネル』という性質からくるもので
普通の人間とは違うと説明され、
またアルバ自身も『センチネル』の力を抑え・癒やす
『ガイド』というモノであると説明されるが、
突然変な施設に入れられパニックになったイツキは
激しく抵抗を繰り返す結果に。
そこでアルバがとってきた手段は──…。

《収録作品》
Sentinel Loverse file.1〜6
Sentinel Loverse file.5.5(描き下ろし)"
two-beliefs	TWO BELIEFS	2	1	1	action,drama	"極道一家“京極組”で潜入捜査中の警察官・芦矢。彼は手柄を挙げて組織の中心へ近づくことに成功。しかし、本部配属となって組長から下された指令は、組長の息子・雲雀とタッグを組んで、とある人物を始末せよというものだった！
やむを得ず2人で行動しようとする芦矢だったが、相方の雲雀は喧嘩っ早い狂犬のような男でーー!? 　お堅い警察官とヤクザの放蕩息子、かみ合わない2人のバディミッションが始まる！"
untitled-flowers	Untitled Flowers	2	0	1	drama,slice-of-life	"なんで私、こんな体なんだろうーー。私は戦う、幸せになるために。
美和と茜。ひとつ屋根の下、ふたりの女性の暮らしに、新しく加わったのはーーー。"
hihou-seisokei-de-utte-ita-teihen-haishinsha-ukkari-haishin-o-kiri-wasureta-mama-esuesu-kyuu	〈悲報〉清楚系で売っていた底辺配信者、うっかり配信を切り忘れたままSS級モンスターを拳で殴り飛ばしてしまう	2	1	1	fantasy	"清楚系で売っていたもののスベりまくり！ と思ってたら、うっかりワンパン無双して超人気ダンチューバーとなったレイナ。
その驚くべき強さは、有力ギルドや国内外の視聴者に、強烈なインパクトを与え続けていくのであったが…！？"
anata-no-mirai-o-yurusanai	あなたの未来を許さない	2	1	1	action	"27世紀の未来人の能力バトルの教材に選ばれた高校生・御堂小夜子に与えられた能力は「何も無し」。
毎夜、特殊能力者との闘いに巻き込まれる……。
友人との登校だけが唯一の生きる望み、そのためだけに生き延び、逃げ回る小夜子、彼女の未来は……無い。"
ayakashi-yashiki-no-mayakashi-fuufu	あやかし屋敷のまやかし夫婦	2	1	1	fantasy,romance,supernatural	"鎌倉＆古民家＆あやかし付きの新婚生活！？ 

 両親を亡くして叔父一家に引き取られたものの、疎まれ居場所を失くしていた少女・真琴。叔父は真琴を追い出すべく見合いを強要してくるが、真琴が持つ「視えないものを視る能力」に気がついた見合い相手で小説家の青年・千尋は、「契約としての結婚」を申し込んでくる。住まいである鎌倉の古い屋敷は「あやかしが集う屋敷」で、その家守を一緒に努めてほしいという。
真琴はそれを承諾するが、様々なあやかしたちとの出会いが待ち受けていてーー？ 古都・鎌倉を舞台に紡がれる、あやかしたちと契約夫婦の和風ロマンスファンタジー、開幕!!
 

 【編集担当からのおすすめ情報】 
 あやかしたちとの出会いは、時に楽しく、時に恐ろしく、そして時に切なくてーー美麗な絵で描かれる初々しくも不器用な新婚夫婦の物語を、是非お楽しみください！"
arashi-to-ibuki	あらしといぶき	2	0	1	bl,comedy,romance,school,slice-of-life	"気配り上手な太陽男子×人づきあいが苦手な一匹狼。
話題の青春BL、待望の第2巻！

性格も考え方も正反対な嵐士と伊吹。
体育祭や遠足を通して距離を縮めていく中で、嵐士は伊吹への特別な想いを自覚し、ついに告白！
伊吹の返事はーー。

第9話
第10話
第11話
第12話
第13話
第14話
第15話
第16話
第17話
第9話
第10話
第11話
第12話
第13話
第14話
第15話
第16話
第17話"
ijiwaru-ouji-sama-idol-no-stage-ura-wa-scandal-fukahi-no-dekiai-deshita	いじわる王子様アイドルのステージ裏は、スキャンダル不可避の溺愛でした	2	1	1	romance	"新人マネージャーとしてアイドル事務所で働く斉藤まひる。彼女の担当グループに所属する犬江京はキラキラ王子様アイドル…かと思いきや、裏では理不尽な要求ばかりしてくる超絶横暴な男だった！
ある日、京のあまりの横暴さに口ごたえをしてしまったまひるは、なぜか京に興味を持たれてしまう。それからというもの、まひるの反応を楽しむように京のいじわるな要求がはじまり……！？"
iroha-no-mon	いろはの門	2	1	1	action	現代まで続く江戸幕府。15年前の江戸城襲撃をきっかけに、江戸城の警備体制が見直され、城を取り囲む各門には「門官」が配備された。ある日、一橋門の門長・伊呂八に清水徳川家・兎斗丸の護衛の要請が入る。伊呂八は成瀬と増山を護衛担当にするが、戻った二人はなぜか傷だらけで…。二人が受けた理不尽な要求の数々を知り、伊呂八は翌日の護衛を交代してもらう。そして、門長の伊呂八を気に入った兎斗丸にある場所へ向かうよう指示され…!?
usamimi-jakkupotto	うさ耳ジャックポット	2	0	1	ecchi	"ラズ・キウイ・カカオ・シャインマスカット、バニーキャスト4人による「おしりワードウルフ」ゲームが開幕！
おしりを使った尻文字のみで自分のワードをアピール…！目の前に広がる見渡す限りの尻！尻!!
このゲームに勝てば「えちえちぴょんぴょんダンス」にありつけるが果たして!?
支配人、メスガキバニーなど新キャストもゾクゾク登場！
第2巻もお楽しみあれ♪"
uchi-no-seisokei-iinchou-ga-katsute-chuunibyou-idol-datta-koto-o-ore-dake-ga-shitte-iru	うちの清楚系委員長がかつて中二病アイドルだったことを俺だけが知っている。	2	1	1	comedy,romance	"一世を風靡した中二病アイドル『災禍の悪夢（ナイトメアディザスター）』--通称メア。
そんな彼女と写真を撮ったり、SNSに上げてバズらせたりと活動を共にしていた玲緒は、進学先の高校で彼女と再会を果たす。
しかし彼女はすでに中二病を卒業、コミュ障陰キャ属性のクラス委員長・十七夜 凪となっていた！
さらには、とある事情で生徒会長を目指している凪に頼られ、玲緒は再び彼女をプロデュースすることとなり…！？"
etchi-na-no-wa-watashi-no-sei-ja-arimasen	えっちなのはわたしのせいじゃありません	2	1	1	ecchi,romance	"“推し”が淫魔だなんて、聞いてない！！
　　
彼氏いない歴＝年齢の風花はアイドルグループ“DARK4s”のルカに夢中。
ある日、知らない男にいきなり「食べさせて」と懇願された彼女は……！？
淫魔アイドルの“食料”になってイかされまくる風花の、めくるめく☆推し活ライフ！"
ebisuko	えびすこ!	2	1	1	sports	朱雀部屋・三段目の力士「勇雀」、本名・田村勇一は相撲界期待のホープと同姓同名だったことから間違えられて部屋にスカウトされ角界入り。しかし本物がぐんぐん昇っていくなか、なかなか成績をあげられず「じゃない方」と言われ空虚な気持ちを抱えていたが…!?直径4.55メートルの聖域の中で繰り広げられる超本格相撲譚、完結！
otsu-san-dakedo-seijo-desu	おっさんだけど聖女です	2	1	1	bl,fantasy,romance	"えっ！　おっさんの俺が聖女ーー！？

辺境の村に暮らす平凡なおっさん・ゼフは、ある日王都からやってきた神殿騎士・ヴィーラントの鑑定を受け、「聖女」であると判明する。
王都で正式に先代から聖女の力を受け継いだゼフは、国に広がる穢れを祓い、また、穢れの化身である魔王を倒すため、ヴィーラントと少ないお供を連れて浄化の旅に出る。

旅の途中、ゼフを溺愛し常に過保護に付き添うヴィーラント。最初は戸惑っていたゼフだったが、一緒に過ごしていくうちに、だんだんと彼を受け入れ、打ち解けていく。
最初の街を無事浄化したゼフたちは、次の目的地へ向かうがーー？

美形騎士×おっさん聖女　年の差執着LOVE　堂々完結！"
otsu-san-wa-isekai-de-omoi-o-togeru	おっさんは異世界で想いを遂げる	2	1	1	adventure,fantasy,isekai	"決して起こる事はないが、よくある異世界転移。

痴漢と間違われたおっさんは、疑いをかけた女子高生の瑞稀《ルビ：みずき》と共に、気づくと怪しげな女神のいる神殿にいた。
女神ラクシェルは喧嘩を続けるふたりを仲裁し、魔王討伐の勅令を与える。
女神から3つだけチートの特殊スキルをもらい、おっさんは瑞稀と共に異世界へ転移する。
そこはレベルという概念がある、中世ヨーロッパのような世界だった。

しかも……倒すべき魔王は、100年前に討ち倒されていた。

そもそもおっさんの力では、ゴブリンのような雑魚敵を倒すのもひと苦労。思ったよりも過酷な異世界で生き抜くため、奴隷を買ってパーティを組む事に。おっさんはそこで、犬耳族の美少女ファムと出会う。
ファムとともにおっさんは冒険者として地道に活動し、ダンジョン攻略やクエストに勤しんでゆくーー。

異世界はそんなに甘くない!?
おっさんの再起をかけた人生逆転ファンタジー第1巻！"
otsukare-seijo-wa-goei-kishi-to-toubou-seikatsu-o-mankitsu-suru	おつかれ聖女は護衛騎士と逃亡生活を満喫する	2	1	1	adventure,fantasy,romance	"ループにつかれたので聖女やめます！ 
おてんば聖女×初恋こじらせ騎士の自由気きままな逃避行！

「もう、つかれました。探さないでください！」 
 
国家聖女ナナリーが抱える大きな秘密。 
それは『20歳になる前に命を落とし、王子から婚約破棄される瞬間に戻ってしまう』こと。 
聖女として繰り返した人生は、毎度ろくな死に方ではなかった。 
 
いい加減つかれたナナリーは、とうとう国家聖女のお役目を放り投げる。 
そして共にループしている幼馴染の護衛騎士イクスと逃亡することに。 
 
だけど隣のイクスも、なにやら感情をこじらせているようで…！？ 
 
両片思いの聖女と騎士、ループする運命からの逃亡劇　第1弾！"
otonashiku-nakineiri-suruto-demo-omoimashita-ka	おとなしく泣き寝入りするとでも思いましたか?	2	1	1	fantasy,romance	"柏てん原作の人気ファンタジー作品、待望のコミカライズ第2巻!
夫を寝取った実の妹になりすまし、魔法学校に通い始めたエリス。ひとりでも生きていけるよう、自立した大人になるために真面目に授業に取り組もうとするも、早速クラスメイトの俺様王子に正体がバレたうえ、なぜか求婚までされてしまいーー!?
巻末には柏てんによる書き下ろし短編も掲載!"
oharaibako-no-tensai-fuyo-jutsushi-wa-henkyou-de-yuuyuu-jiteki-ni-kurashitai	おはらい箱の天才付与術師は、辺境で悠々自適に暮らしたい	2	1	1	fantasy	"「教えてやるよ、職人の誇りを」
戦えない役立たずとしてパーティーを追放された付与術師のリュージ。しかしこの男、作る魔石が規格外!? 能力強化にとどまらず、力を付与した魔石でゴーレム生成、荒廃した土地を一晩で畑にしたりと移住先の辺境が快適拠点に!!
何物にも縛られなくなった技術が、粋が、価値がーー遺憾なく発揮される！ やがてその技術は王族にまで轟いて…？ これは万能で最強な付与術師が、職人の誇りを世界に知らしめる物語！"
orizuru	おりずる	2	1	1	drama,mystery	カメとクレインは「あの日」を生き延びた奇跡の子。2人は「こどもの家」で育つが、「あの日」の記憶はなくて…!?　いったい「あの日」に何が起こったのか、そして「あの日」以後2人の生きる世界はどう変わってしまったのか…？
odekakesaki-wa-isekai-desu-ka	お出かけ先は異世界ですか?	2	1	1	comedy,fantasy	"16歳の女子高生・水元桃子は、ある日突然、軍神召喚に巻き込まれ異世界転移してしまう。

「うわあああん」
気が付くと美形のお兄さん達に囲まれていて…その姿は5歳児に──！？
身体は5歳、頭脳は16歳のなんちゃって幼女となってしまった桃子だったが、“モモ”として異世界暮らしを決意する。

The王子のバル様、クールビューティーなキルマ、ホスト属性のカイと、3人の美ケメン達による溺愛ライフが始まっていく──…！！"
omae-yobawari-de-konyaku-haki-ringoku-de-jiyuu-o-ouka-suru-node-douzo-okamainaku	お前呼ばわりで婚約破棄?隣国で自由を謳歌するのでどうぞお構いなく!	2	1	1	adventure,fantasy,romance	"虐げられてきた令嬢の、恋が冒険が幸せが始まる！

代々精霊使いを輩出してきた家門の跡取り娘・イオレッタ。
しかし能力が発現していないことから、
婚約者からは「お前」呼ばわり、家族からは無能扱い。
ついには追放を命じられてしまうがーー
「自由って素晴らしい！」
毒家族から解放されたイオレッタは隠していた能力で即日家出を決行！
冒険者として最高の自由を謳歌することに！
向かう先には、美味しいグルメに充実した新生活、
胸躍らせる新たな出会いが待っていてーー…
追放から始まるのは最高に自由な人生！
わくドキ溢れる大活躍ファンタジー、ここに開幕！"
ojou-no-ai-wa-ore-no-mono	お嬢の愛は俺のもの	2	1	1	romance	「あんまり隙があると、俺がお嬢を食いますよ」 鷹樹組組長ーーいわゆる“ヤクザ”の長を祖父に持つ茉白は、縁が切れているとはいえ、その事情のせいでいつもひとりぼっち。だけど唯一、ボディガードとして常にそばにいてくれる碧に片想いをしている。 碧にはぐらかされてばかりの茉白だけど、碧とともに家から遠い高校に入学。念願だったフツーの高校生活を送れることに！しかし、世間知らずゆえに隙の多い茉白。見かねた碧が「あんまり隙があると、俺がお嬢を食いますよ」と突然迫ってきてーー!? 組長の孫娘×幼なじみボディガードのキケンな恋、始まるーー
ojou-sama-zange-suru	お嬢様、懺悔する。	2	1	1	romance,drama	神条凛は有名お嬢様高校に通う、神条財閥の一人娘。頭脳明晰、スポーツ万能、容姿端麗。学校中の憧れの的でありながら秘密の野望を抱いていた。しかし凛の特殊なクセが災いして…！？　ツンでヨワヨワな「ツンヨワ」お嬢様、登場です！
ojousamakei-teihen-dungeon-haishinsha-meiwakukei-o-bokottara-bazutte-densetsu-ni-nattemasuwa	お嬢様系底辺ダンジョン配信者、迷惑系をボコったらバズって伝説になってますわ!?	2	0	1	action,adventure,comedy,fantasy	"チンピラお嬢様のダンジョン無双コメディ！ 

 「お股を痛めて生んでくれたお母様に申し訳ないと思わねぇんですの！？」

「このラノ2025」「つぎラノ2024」TOP10の話題作を、
『変人のサラダボウル@comic』『ソードアート・オンライン ファントム・バレット』の超画力作家が完全コミカライズ！！

世界中にダンジョンが出現してから数十年。
探索の様子を配信する「ダンジョン配信」が人気を集める中、
お嬢様系配信者・山田カリンは、視聴者0、登録者数3という底辺ぶりにしょんぼりしていた。
ある日カリンは、「ダンジョン壁を爆破してみた」配信をしようとしている迷惑系に遭遇。
実は若手最強格だった彼をフルボッコにしたカリンは、チンピラお嬢様としてバズってしまい…！？

単行本限定で、原作・赤城大空書き下ろし「四条光姫のダンジョンなぜなに解説コーナー」も収録！配信形式で、世界観への理解が楽しく深まります！
そして帯コメントを、にじさんじの壱百満天原サロメ様にいただきました！ぜひチェックしてみてください！ 

 【編集担当からのおすすめ情報】 
 ガガガ文庫の大人気作、ついにコミカライズ1集が発売です！
なんと帯には、お嬢様（を目指す）系配信者といえばこの方・壱百満天原サロメ様に推薦コメントをいただきました！
規格外のパワーで悪人もモンスターもぶっ飛ばし、奇想天外な言動を連発して人気を集める、
一生懸命でとってもかわいいカリンお嬢様の姿に、爽快感と元気をもらえること間違いなし！
クルクル変わるカリンお嬢様の表情・大迫力のモンスターとのバトル作画が見応えバツグンかつ、
『お嬢様バズ』の世界"
otsukare-sama-desu-godou-san	お疲れ様です後堂さん	2	1	1	romance,comedy	「むこうぶち」スピンオフ企画第3弾。人気キャラクター・後堂公一と江崎昭彦を始めとして人気キャラクターたちが織り成す麻雀人間交差点！「むこうぶち」ディープファンである円居挽の筆によるマニアックなネタが満載された「むこうぶち」ファン必読の完結巻。
okazari-seijo-no-hazu-ga-shin-no-chikara-ni-mezameta-you-desu	お飾り聖女のはずが、真の力に目覚めたようですthe comic	2	1	1	fantasy	虐げられる代理の聖女が精霊に認められ、本当の奇跡を起こす!?　精霊の加護と聖女の活躍により繁栄したエルバート王国。　しかし、真の聖女・マリリアンヌは精霊を祀る神殿を放棄し、代わりに「お飾り聖女」のシルフィアが神殿を守っていた。　神殿に閉じ込められ、本当の聖女に虐げられながらも、真摯に聖女の務めを果たすシルフィアの前に、精霊たちが現れーー!?
kaisei-to-popcorn	かいせいとポップコーン	2	1	1	comedy,slice-of-life	全国模試で常に上位の高校生3人組、かいせい、あざぶ、むさしはストリートダンスとの衝撃の出会いをはたした！ のだが、まずはHIPHOPの歴史を書物から学び、ボックスステップを数学的に分析したりと、なかなか踊らない。しかしプロのダンスを目の当たりにし、日本HIPHOPダンス黎明期を知るレジェンドおじさんに出会ったことで、やっと踊りそうな雰囲気に！
katasumi-no-kioku	かたすみのきおく	2	0	1	bl,slice-of-life	"高校1年生、住野は青木に恋をした。しかし、慣れない恋愛にのめり込んだ結果、愚行の連続、そして失恋。青木とのことは忘れたいという気持ちのまま高校を卒業し、就職して東京で平穏で平凡な毎日を送っていた。そんなある夏の日、住野は隣に男性を連れた青木に偶然再会するーー。

絶賛の声、続々！！

ページから波の音が聞こえるようです。
ーー安野モヨコ

圧倒的、夏感。
気だるい空気、じめじめした日、爽やかな熱風、じくじくと永遠に終わらないような夏の夜。あの感じが、そんな夏が、少年の焦燥感とバチバチにリンクして読み手を包んでくる。
冬に読んでも夏。
ーー石黒正数

想像のはるか斜め上をいく展開にいちいち驚かされるだけでなく、
謎の間合いやありえない表情でぐいぐい笑かしにくるのギャグ漫画家を殺しにきてませんか？
ストーリー漫画家に縄張りを荒らされるの本当に困ります。
こんなにハンサムたちが口を開けて呆ける漫画、しかも恋愛漫画（ですよね）、
見たことも聞いたことも夢に出てきたこともないです。
絵も話も異能すぎて思いっきり口開けて読ませていただきました。
ーー榎本俊二

住野くん、大丈夫だよ、大丈夫だよって気持ちでぐんぐん読んで、すっ、住野くん！どうなるの！ってなっていく。住野くんにも、誰にでもおこる青春の葛藤や痛み、期待から、住野くんだけの物語になっていく。
ーー雁須磨子

本作品は鎌倉が舞台ですが、私も海のある町で青年期を過ごしたので、湿気をまとった潮風を浴びると少し陰気臭くなることを思い出しました。住野くんもまた、湿度の高い恋をして、ジメリと嫉妬を漏らし、でもいつも素直で、とても素敵な男の子で"
kawaii-doumei	かわいい同盟	2	1	1	romance	"「かわいい」が好きでもいいですか？ 

 かっこいいと評判の美形で、
クラスの憧れの的となっている女子高生・翠花は、
自分とは正反対のかわいさを纏う地味なクラスメイト・佳奈に密かに憧れていた。

ある日、佳奈の秘密を知った翠花は、
“かわいいものが好きな気持ち”も“「女の子」の自分を見せるのが怖い気持ち”も
彼女になら明かせるかもしれないと思う。

そして二人は、佳奈の提案で
互いの「かわいい」を認め愉しみ合う《かわいい同盟》を結成するーー。 

 【編集担当からのおすすめ情報】 
 『イジめてごっこ。』『つばめアルペン』の南文夏先生が描く最新作！

「自分には、かわいいものなんて似合わない」
「かわいいものが好きって言えない」

そんな気持ちを抱える全ての人に、
優しい眼差しで手を差しのべてくれる作品です。

自分が自分らしくいるための居場所、
《かわいい同盟》を結成した少女たち。
それでも彼らを取り巻く世界には、
対峙しなければならない困難もあって……

性別、性差、性愛…自身の“性”に惑い揺らぐ
少女たちの青春を、ぜひお読みください。"
kiyasuku-fureru-na-kuro-bara-ni	きやすく触れるな黒薔薇に	2	1	1	comedy,romance	"「俺の生きる意味は、ずっと珠夜だったから」
人間不信をこじらせ周囲を遠ざけるあまり、”黒薔薇姫”と恐れられている“ぼっち令嬢”黒葉珠夜。でも、そんな彼女のボディーガードに、幼なじみの理央が現れてから生活が一変！ 理央のひたむきな想いを一身に受けて、自分の気持ちに気づいていく珠夜。そんな時、彼女に忍び寄る怪しい影が…！？
ぼっち令嬢×溺愛ボディーガードの0キョリ警護ラブ・完結第2巻☆"
koitsu-wa-dame-da-to-shitte-iru-vii-ensemble	こいつはダメだと知っているvie ensemble	2	1	1	bl,romance	"美容師の久坂晶は清水憲と公然の恋人となり、独立して一緒に店を開くために励んでいた。
そんな中、晶たちの働く美容院に別店舗で問題を起こした新人美容師の長澤芦佳が入店することに。
人見知りで警戒心の強い芦佳は晶にだけは懐いているものの、清水には私怨を抱いていることがわかり！？

大人気☆ケンカップル美容師シリーズ、ついに完結！！
『その時までは、君のともだち』番外編も収録♪


■収録内容
・「こいつはダメだと知っている vie ensemble」第1話〜第6話…電子書籍で配信中の作品を加筆修正
・「お前の匂い」4P…描きおろし"
kochira-koukyuu-hikage-no-uranai-beya	こちら後宮日陰の占い部屋	2	1	1	mystery,romance	"ここは紅劉（こうりゅう）帝が治める朱（しゅ）国。
その都・栄陽（えいよう）で評判の女性占術師・凜可馨（りんかしん）は謎に包まれている。
いつも御簾（みす）の向こうにいて姿が見えず、助手の翔夢鈴（しょうめいりん）に鑑定結果を耳打ちするだけなのに、
その占いは驚くほど当たると噂されているーー。
しかし、実は凜可馨の正体は口が悪すぎる男性で、すべては翔夢鈴のプロデュースによるものだった。
ある日、ふたりのもとに後宮から使いがやってきた。
多額の謝礼に目がくらんだふたりは、正体を隠して後宮に仕官することになるがーー！？
「執筆中につき後宮ではお静かに」続編コミカライズ！"
kono-koi-o-itsuka-kitto-koukai-suru	この恋をいつかきっと後悔する	2	0	1	bl,drama,romance	"五年ぶりに再会した元恋人は、当時の記憶を失っていたーー
モデルの旭は、大学時代に別れた元恋人の律と五年ぶりに再会する。幸せだった二人の関係は、旭が浮気を繰り返したことで終わりを迎えた。そんな相手との再会だったが、なんと律は事故に遭い、付き合っていた頃の記憶を失っていた。自分の最低な行いを忘れてくれていることにホッとしたものの、「昔の友人だ」と思わず嘘をつき、もう一度会う約束をしてしまう。過去に律を裏切った引け目から、何か手助けができればと思った旭だが…？"
kono-koi-o-mou-shitteru	この恋をもう知ってる	2	1	1	romance	"町工場で働く26才の清見は、中学生の頃メガネをかけた男の子に恋をし、周りにからかわれたことがずっとトラウマになっていた。
そんな清見の前に、社長の甥っ子・染谷樹がインターン生として現れる。
メガネをかけている樹は真面目で優しく、清見の初恋の男の子にどこか似ていた。
戸惑いながらも、誠実で真っ直ぐな樹に惹かれはじめてしまうが、過去の痛みが邪魔をして一歩踏み出せないーー。

「もうあんな思いはしたくないのに…」

一方、樹がこの会社を選んだ理由が、中学生のころに出会った清見であることが明らかになり…？

交わるはずのなかった2人の想いが交差しはじめる、一途で真面目な年下メガネ男子×恋に臆病な年上美人の再会ラブストーリー・上巻。
2人の出会いにまつわる、単行本限定描き下ろし漫画も収録。

■収録内容
・「この恋をもう知ってる」1〜10話
・単行本版限定描き下ろし6P漫画
・番外編3P漫画"
kore-ga-koi-da-to-shitte-iru	これが恋だと知っている	2	1	1	bl,romance	"丸川社文芸部の敏腕編集・青葉詩音（あおばしおん）。
有名大学を卒業し、編集部でも期待されている。
背も高く、見た目も悪くない。
そんな彼が好きなのは、売れてもいないし、金もなく、平凡なおっさん小説家。

ある日、泥酔した先生を家まで送っていくと、
思いが溢れてしまい、キスしようとしてしまう。
しかし、一部始終を先生の娘（？）に見られてしまい、
さらには「私とおじさんを恋人にしろ」と脅されて……!?

気持ちが届かなくても、ただ好きなだけでいい。そう思っていたのに。
ハイテンション・トライアングル・ラブ、上・下巻同時発売！"
konzukushi	こんづくし	2	1	1	comedy,school	"ごく普通の人間・逆茂木いばらが飛び込んだのは“狐”が通う高校!?
「身バレは即刻退学」と校長に告げられたいばらは、目立たず静かな学校生活を目指すも、クラスメイトの枯尾花ススキに人間だと見抜かれてしまい入学初日から大ピンチ！ 笑いあり、死あり、女狐あり!?
狐づくしの不条理な日常シュールコメディ開幕！"
go-shujin-sama-miryou-shichaimashita	ご主人様、魅了しちゃいました!	2	1	1	romance	"「もっとずっと前から、お前に魅了され続けてる」

魅了の力が解けご主人様と執事兼恋人になった2人。
今まで以上に甘々な三國(みくに)との生活に霞(かすむ)は幸せのはずがーー
執事である霞の祖父が倒れ、新しい執事として美しい少年・叶雨(かなめ)が現れる。
そして叶雨はなぜか霞に敵対心を持っているようでーー?

王子なご主人様×ドジっ子執事の、ちょっと不思議でキュートなシンデレララブコメディー・下巻
単行本限定描き下ろし漫画も収録！

■収録内容
・「ご主人様、魅了しちゃいました！」8〜13話
・単行本版限定描き下ろし9P漫画"
shiawase-no-hitokuchi	しあわせのひとくち	2	0	1	romance,slice-of-life	"哀しい過去を話してくれた川藤くんを励まそうとお菓子を作った安里。安里の切実な想いを受けて、川藤くんの顔は赤く染まり…!? お菓子作りで繋がるほっこりキュンストーリー、完結巻！
伝われ。私の好きな人はこんなに素敵な人だと。"
shouyusashi-no-kuishin-bon-okawari	しょうゆさしの食いしん本おかわり	2	1	1	gourmet	"おなかも心もハッピーで満たそう♪

すべての食いしん坊さんに贈る「食」エッセイ！
いつものごはんも、ごちそうも、
読むとおなかが空いてくるお話がたくさん。


【メニュー】
13食目 弁当、作成！
14食目 まなびの焚き火
15食目 おでんの可能性　
16食目 年始はどてどて　
17食目 リセットごはん
18食目 滋賀の味、いただきます　
19食目 シンプルカスクート、複雑バインミー　
20食目 ツーンと！からしそば　
21食目 トントトン みじんぎり　
22食目 やっぱり餃子が好き
23食目 冷やし中華はじめよう
24食目 かんたんごちそう、アクアパッツア

描き下ろし2話・オマケ漫画も収録した大充実の第2巻です♪

収録作品はすべて単行本初収録です。
本作品はモノクロ漫画ですのでご購入の際はご確認ください。"
janai-koumei-tensei-ki-gunshi-no-shi-da-to-iwaremashitemo-comic	じゃない孔明転生記。軍師の師だといわれましても@COMIC	2	1	1	comedy,isekai	"「我が師に対する暴言は許さん！」
（司馬懿さん、あなたの将来の主ですよーッ!?）

あらゆる難事も口八丁で解決に導く!?　誰もが一目置く“じゃないほう”の孔明が、乱立するフラグを回避しまくる超解釈コミカル三国志、第二幕！
描き下ろし漫画＆原作者書き下ろし小説をW収録！"
souiu-ie-no-ko-no-hanashi	そういう家の子の話	2	1	1	drama	"宗教2世を描く話題作、待望の第2集！ 

 【宝島社『このマンガがすごい！2026』ランクイン！】

『青い花』『放浪息子』『淡島百景』の
志村貴子が描く、
宗教2世として生きる若者たちの日常と葛藤…

信仰に対する反発から、
家族との間に距離ができてしまった恵麻（えま）。
恋人・実加との結婚が
互いの""家”の壁により進展しない浩市（こういち）。
親の言われるままに生きてきたが、
遅い反抗期を迎え戸惑う沙知子（さちこ）。

同じ”玲瓏協会”を信仰する家庭に育った3人は、
28歳になり久しぶりに再会するが……。 

 【編集担当からのおすすめ情報】 
 宗教2世として生きる若者たちの日常や葛藤を描く本作。
第2集では、結婚や葬儀といった、どうしても「家」同士の関わりを避けては通れない出来事が描かれます。

そんな時に、思わぬ一言で相手を傷つけてしまったり、かえって自分が傷ついたりということがありますよね。逆に、意外な出会いが救いになったり、活路が開けたりすることも。

恵麻、浩市、沙知子の3人が、
自分たちの生き方に悩み、
抱える後ろめたさに向き合い、
それでも気づけば前に進んでいく。

そんな様子にフッと背中を押されます。

「家族の嫌な部分はありけれど、縁を切りたいわけじゃない」
一度でもそう思ったことがある皆さんにもぜひ読んでいただきたい珠玉の第2集となっております！
第11話 河村拓人と名波佐和
第12話 有馬恵麻 Episode3
第13話 3人の同窓会
第14話 野上実加 Episode1
第15話 魚住さくら Episode1
第16話 赤石先生 Episode1
"
sono-mofu-cafe-tenshu-moto-saikyou-kaizoku	そのもふカフェ店主、元・最凶海賊。	2	1	1	fantasy	悪名高い海賊・スピネル。いかつい顔と風体に似合わず、とにかく“可愛いもの”が大好きな彼は、釈放を機に“可愛いもの”に囲まれた新生活を送ることを決意する。街で出会ったもふもふな獣、そして伝説の“天人族”の少女とともに、セカンドライフでは可愛い“もふカフェ”をまったり運営するーーはずが、彼のもとにはハードなトラブルが次々舞い込んで来て……!?
sono-machi-no-ichimonji-san-ga-warau-toki	その町の一文字さんが笑うとき	2	0	1	drama,romance	潮風香る町。まぶしい太陽とおだやかな時間の中にその人はいた。ヘンテコ（ださい）な服、まっすぐな瞳、真一文字に結んだ愛想笑いなしの口元。突然の病で会社を辞めることになった人、誰からも「いいね」をもらえず孤独感を抱える人、家族から「もう頑張らなくていい」と言われた人…。これは彼女と彼女と出会った人たちのささいかもしれない、けれど、大切な物語。なんだか上手くいかないそんな日々を送るあなたに届け、明日も生きてゆくためのエールと言葉と本当の笑顔。
tada-no-murabito-no-boku-ga-sanbyakunen-mae-no-bou-kun-ouji-ni-tensei-shite-shimaimashita	ただの村人の僕が、三百年前の暴君皇子に転生してしまいました	2	1	1	action,adventure,comedy,fantasy	"ルドルフの大切な思い出の相手がリズベットであったと判明し、二人は急激に近づく!!そして、二人の幸せな生活を守るためにルドルフは策を巡らせる!!一方、不可解な言動をするヴィルヘルムも陰で動きだしーー。
第6話　003
第7話　039
第8話　067
第9話　093
第10話　123"
tamasanchi-no-hogoinu	たまさんちのホゴイヌ	2	1	1	drama	"話題沸騰！保護活動コミックエッセイ待望の第3弾！
涙なしには読めないホゴイヌたちとの感動の物語 

大人気コミックエッセイシリーズ『たまさんちのホゴイヌ・ホゴネコ』シリーズの第3弾。
保護活動を通して小さな命と向き合い続ける著者と、愛すべきホゴイヌたちとの日々をまとめた『たまさんちのホゴイヌ2』には、
インスタグラムに投稿され多くの反響を呼んだわんこたちとのエピソードに、大幅な加筆・修正を加えたかけがえのない物語が綴られています。
今回から、全編フルカラーで愛らしさも倍増！
小さな命から「生きる」意味を考えさせられる感動の実話をぜひご覧ください。
尚、本書の著者印税の全額は動物福祉に充てられます。

【CONTENTS】
・畑に捨てられていた寝たきりの老犬「福くん」
・”笑える介護”を教えてくれた「かいちゃん（通称お爺）」
・妊娠した状態で保健所に収容された「ふうちゃん」
・差し伸べられた手に噛みつき拒んだ「はまじぃ」
・様々な議論を呼んだ「保護犬じゃなくてごめんなさい」　etc.
・畑に捨てられていた寝たきりの老犬「福くん」
・”笑える介護”を教えてくれた「かいちゃん（通称お爺）」
・妊娠した状態で保健所に収容された「ふうちゃん」
・差し伸べられた手に噛みつき拒んだ「はまじぃ」
・様々な議論を呼んだ「保護犬じゃなくてごめんなさい」　etc."
dakara-katte-ni-yuusha-toka-haou-ni-nintei-sunno-yameroyo	だから勝手に勇者とか覇王に認定すんのやめろよ!	2	1	1	action,ecchi,fantasy	"女性にふられ故郷に帰ることにした冒険者・セージ。帰路の途中、道端で倒れている2人の美人エルフ・アイナとエルフィを助けたことがきっかけで勇者に勝手に祭り上げられてしまう!?ただ平和に暮らしたいだけの想いとは裏腹に、エルフたちが集まる祭り「エルフカーニバル」へと参加することになって……!?魔王よりも強いエルフたちを止めるためセージの奮闘と苦難の日々がはじまる！
扉…001
目次…002
第7話…003
第8話…051
第9話…081
第10話…075
第11話…091
第12話…121"
chibikko-tensei-nikkichou	ちびっ子転生日記帳	2	1	1	fantasy,isekai	転生先での使命は、みんなとお友達になること!? 幸せたっぷり異世界ハートフルファンタジー開幕！！　9歳のとき虐待で死んでしまったレンは「友達をいっぱい作ること」を使命として異世界に転生する。そんなレンが最初に出会ったのは、大きいワンちゃんと真っ黒な猫ちゃんで…？　幸せたっぷり異世界ハートフルファンタジー開幕!!
chotto-rusu-ni-shiteitara-ie-ga-botsuraku-shite-imashita	ちょっと留守にしていたら家が没落していました	2	1	1	fantasy,romance	"【アイデアグッズで大儲け!! 推しとの距離も近い気が…///】

アイデアグッズ第一弾である“猫の手”の売れ行きは好調！そこでマルガレーテは第二弾として“湿布薬”の開発を進めることに！騎士団の皆に協力してもらい、効果の検証はばっちり。いざ販売へ…！と思っていた矢先、なぜか国王に謁見することになってしまい…!?「国王陛下のお墨付きって逆に怖くない!?」
一方、結核問題の解決以降、フリードリヒはマルガレーテのことが気になる様子。憧れの存在で、推しであるフリードリヒが見せる優しい笑顔にマルガレーテの心臓は爆発寸前ーー!!!（ファンサがえぐい…！）
借金返済も恋も順調に見えたマルガレーテだったが、なにやら怪しい影が…。ハインツェル家の没落には黒幕がいたーー…!?"
tsuga-koi	つが恋	2	1	1	bl,romance	"大学でα王子と騒がれる一ノ瀬絢斗の正体は、運命のΩとの結婚を夢見るロマンチスト（※童貞）。
初めては運命の相手に…と決めていたのに、Ωを引き連れて夜の参勤交代三昧と騒がれる大取楓が大学の一室で乱交中のところに遭遇し、α同士にも関わらず劇的に惹かれてしまい…!?
天敵αと後天性Ωがつがって→恋を育む、じれ甘オメガバース。
2025年10月刊"
denjarasu-jii-san-daichouhen-collection	でんぢゃらすじーさん大長編これくしょん	2	1	1	comedy	"でんぢゃらすじーさん大長編全集、下巻！ 

 生誕25周年を迎える「でんぢゃらすじーさん」の【大長編シリーズ】をすべて集めた完全版が爆誕！

普段は大爆笑ギャグマンガのでんぢゃらすじーさん、
【大長編シリーズ】では笑って泣ける超感動巨編エピソードだらけ！！

月刊コロコロコミック内で大人気を博した、各話約100ページもある18エピソードを上下巻にて完全収録！！

さらに、通常のコミックスには収録されていない制作秘話やおまけマンガも超充実！！！

コロコロ読者の子供たちはもちろん、過去じーさんを読んでいた大人まで超楽しめる、
でんぢゃらすじーさんファン必見の一冊です！！

※全2巻です。（上下巻）
下巻は「でんぢゃらすじーさん邪12巻」から「なんと！でんぢゃらすじーさん13巻」で掲載された作品を中心に収録しています。

※本書は、コロコロコミックス「でんぢゃらすじーさん」に過去収録されていた大長編シリーズを、全2巻に再編集したものとなります。収録作品自体は過去のものと大きく異なりませんので、購入の際はご注意ください。 

 【編集担当からのおすすめ情報】 
 月刊コロコロコミック内でアンケート1位を連発した超大人気「大長編シリーズ」をまとめた全集がついに発売！！
800ページを超える極厚豪華本で、読み応えもバッチリ！！
後世に残したい伝説のエピソードたちをぜひ楽しんでください！！"
toaru-joyuu-no-saiai	とある女優の最愛	2	1	1	romance	"不運体質の女優の卵である佐倉るり。
推しのVTuberが行方不明になったショックの最中トラックにはねられ、気が付くと戦前の東京にタイムスリップし、白無垢を着て結納の儀を行っていた。
混乱の中でるりの夫として現れたのは、なんと行方不明である推しのVTuber・佐久良メープル。
もとの時代に戻るべく、るりは持ち前の演技力を武器にメープルとともに戦前の時代を生き抜くことになって...!?
戦前の東京にタイムスリップしてしまった不運体質の男女が織りなす、生還婚姻譚!!"
tomodachizukuri-eto-2025	ともだちづくり	2	0	1	horror,supernatural	"その友達は本物ですか──？
クラスでイジメを受けている高校生・望月朋子は、ある日の学校帰り、捨てられた人形を拾って、持ち帰ってしまう。その美しい人形は驚くべきことに意志を持っていた。新たな持ち主朋子の願いを聞き、クラスメイトを「ともだち」にするべく、動き出した──。人形に試される学園×友情サスペンスホラー！

ある日、捨てられている美しい人形を拾った高校生の望月朋子。クラスでイジメを受けている彼女は「私の友達はあなただけ」と人形に話しかける。すると「みんなともだちにしてあげる」という声が聞こえ、朋子の周りでは次々と不可解な事件が起こり始める──。
人形に試される学園×友情サスペンスホラー！"
tondemo-skill-kaze-ga-fukeba-okeya-ga-moukaru-no-okage-de-ore-no-isekai-life-wa-mamanaranai-yoi-imi	とんでもスキル〈風が吹けば桶屋が儲かる〉のおかげで俺の異世界ライフはままならない〈良い意味で〉	2	1	1	adventure,fantasy,isekai	"【予測不能＝可能性は無限大!? 規格外なとんでもスキルで異世界ライフを楽しみます！】
称号“勇者”拝命の宴にて、突然国王に蜂蜜酒をかけたノヴァ。その想定外の行動に勇者パーティーを追放となるも…辿り着いた小さな村で伝説のドラゴンを仲間にしたり、予想外の出来事に遭遇しまくり!? 実はこの男「一見意味がなさそうなクエストをクリアすると、予想外の成果が得られる」というスキル【風が吹けば桶屋が儲かる】で数々の功績を残してきた影の英雄だった!? 追放した国王も巡り巡って、命を救われた事が判明し、王国がノヴァを放っておくはずもなく…？ 本人ですら予想不能のとんでもスキルで異世界ライフを楽しみつくします!! おまけ漫画も収録!!"
nijiiro-campus-life-kari	にじいろキャンパスライフ〈仮〉	2	1	1	comedy,drama,slice-of-life	"春、出会いの季節。昔から容姿にコンプレックスがあり、自分に自信が持てない麗華は、高校の親友で美人の芽衣と共に新生活へと踏み出した。
大学で出会った新しい友達、初めての新歓……。不安を募らせていたある日、麗華は「Vライ部」というサークルがあることを知る。
どうやらそこでは、VTuberとなって完全匿名のまま交流できるらしく…？
麗華はずっと憧れていた「自分」をモデリングし、思い切って「Vライ部」に入部することに。
新しい自分・仲間たちに出会い、麗華の世界は鮮やかに色づいていくーー。"
nokemono-koigatari	のけもの恋がたり	2	1	1	fantasy,romance,supernatural	"「異人の子X半妖」大正ラブファンタジー！ 

 「約束したはずだーーーー俺の生きる意味になると」

時は大正。
西洋人の母譲りの容姿を持つ明るくけなげな女学生の春園アメリは、
ある日突然、彼女の特別な""血""を狙う妖たちに襲われてしまう。
絶体絶命の瞬間、アメリを助けたのは、昏く美しい謎の軍人ーー暁だった。
しかしアメリの""血""を口にした暁も、妖狐となって暴走してしまうが…

「異人の子」と「半妖」---- 

これは、""のけもの""同士の孤独が二人を結び付け、生まれた千年続く愛の呪い。
血と恋が香り立つ、大正ラブファンタジー開幕！！ 

 【編集担当からのおすすめ情報】 
 孤独を抱える""のけもの""同士が惹かれ合い、やがて心を通わせていくーー切なくも美しい恋の物語です！
""特別な血""を持つアメリを守るため、暁は命を懸けて怪と戦う。
 大正という幻想的な時代を舞台に繰り広げられる、血と運命に導かれた二人の物語を、ぜひご堪能ください！"
hajimete-no-sefure	はじめてのセフレ	2	0	1	comedy,ecchi,romance	"1巻大重版！えっちでピュアなラブコメディ 

 はじめてのセフレは、はじめて好きになったひとでした。

恋愛偏差値ゼロなのにはじめて使ったマッチングアプリでうっかりセフレとして出会ってしまった、佐野清貴(さのきよたか)と藍原環(あいはらたまき)。

体の関係だけではなく、もっと親密になりたいのに、たがいに言い出せないふたり。
そんなふたりがはじめて温泉旅行に行くことになりーー 

 【編集担当からのおすすめ情報】 
 第1巻は発売即大重版がかかった両片想いラブコメディ！
2巻ではサウナ、コスプレ、温泉旅行など、ふたりの”はじめて”が盛りだくさんの内容でお届けします！！"
hajimeteno-haru-no-uta	はじめての春のうた	2	1	1	romance	"これから先 世界は少しずつ広がっていくけど
どこまで行ってもきっと君がいる

夏休み中に誕生日を迎えた戸上を祝うため、突然家にやってきた箕野。
戸上は自分の何気ない一言を箕野が覚えていたことを知り、驚きのあまり感謝の気持ちをうまく伝えられないまま夏休みが終わってしまう。
二学期のスタートとともに文化祭の準備が始まると、クラスが違う二人はそれぞれ文化祭に向けて準備を始めて…。"
hachimitsu-yellow	はちみつイエロー	2	1	1	romance	蒼井鈴は、男運ゼロの婚活女子。両親は転勤で不在、弟は大学進学で家を出たため実家で一人で暮らしていたが、ある日突然、弟・律が帰ってくる。律は両親の再婚でできた義理の弟で、就職を機に「またここに住む」と言う。「大人の男」になって帰ってきた律に、鈴はドキドキしてしまい…!?弟だけど、弟じゃないーー脆く危うい義姉弟ラブ！
hanima-tsuushin	はにま通信	2	1	1	slice-of-life	"地味だが味わい深い古墳の魅力と青春の光と影を愚直に描く古墳青春グラフィティ

奈良の高校生・埴田麻央（はにま）は古墳めぐりに夢中。岩屋山、箸墓、黒塚、行燈山、櫛山……地元を中心に古墳を訪ねてまわり、好きが高じて「古墳部」を立ち上げる。人間関係や将来に漠然とした不安を抱きながらも、恋に、古墳に、青春まっさかり！

香具山は畝傍ををしと
耳成と相あらそひき 
神代よりかくにあるらし 
古も然にあれこそ 
うつせみも妻をあらそふらしき
（中大兄皇子／「万葉集」）

ままならぬ青春ともの言わぬ古墳ーー『奈良へ』『令和元年のえずくろしい』作者の新境地!!

ーーーーーー

■『はにま通信1』書誌情報
A5判／160頁／1100円（税込）／装丁：川名潤／発行：リイド社／ISBN978-4-8458-6795-0

■連載媒体：トーチweb

■試し読みページ：トーチweb「はにま通信」
https：／／to-ti.in/product/hanima

ーーーーーー"
habatake-majutsu-sekai-no-shiteitachi	はばたけ魔術世界の師弟たち!	2	1	1	action,comedy,fantasy	"千年以上続く魔物の侵攻から人間界を守ってきたのは、人類最強の大魔導師イシュタルとその優秀な直弟子達。
だが、弟子の中で唯一、ジルベルトだけは自堕落な生活を送っていた。

突如告げられた大魔導師の引退、そして弟子を志願する少女ラピスの登場。
次々と舞い込む問題に、ジルベルトの平穏な日々は一変しーー！？

笑いあり涙ありの師弟成長ファンタジー！"
batchiri-scratch	ばっちりスクラッチ	2	1	1	comedy,slice-of-life	"陰キャだけど…ラップしたい！　初心者4人でビートを刻む♪　「ねぇ、ラップってどうやる
の？」 学校の女子でラップグループを結成したけど、誰もラップを知らない!?　小6の妹に借金しながら大金持ちラッパーを夢見るミモザ！　デコボコ友コンビ冴＆陸！　おっとりお嬢様の冬！　個性豊かな4人はみんなニワカ！　こんなメンバーでラップってどうなっちゃうの!?　ナゾの俊英ぷなつが描く、有史以来最もくだらないラップ日常4コマ！

「わたしにとってはばっちりです」“伝説”の舞台、開幕ーー!! ミモザ、冴、陸、冬、ニワカ4人で結成したラップ部は、大一番の文化祭を迎える。本番を目前に控え、やる気にあふれる仲間と、ダメな自分を比べて落ち込むミモザ。緊張の中、用意したリリックも飛び絶対絶命…!? その時、ミモザの中で何かが目覚める。みんなへの想いを胸に、一世一代の“アドリブ”をブチかませ!! ゆるかわラップ4コマ、大団円の最終巻♪"
paru-tan	ぱるたん	2	1	1	comedy	"ぷりぷりつやつや男子・ぱるたんの
「エエ顔」がかわいすぎる！

コメディ作家の習性か!?
乳腺炎の激痛に襲われながら
どうしても息子から笑いを取りたい
母、松本ひで吉。渾身の大技が炸裂して
ゲラな赤子・ぱるたんの大笑いに
癒やされる第2巻。

『犬と猫』の松本ひで吉による
爆笑子育てエッセイ！"
hinata-to-hikari	ひなたとひかり	2	0	1	drama,slice-of-life	"双子の姉妹が入れ替わる〜〜！？

平凡な中学1年生の相沢日向（ひなた）は、実は大人気アイドル「光莉」（ひかり）の双子の妹。光莉のファンをがっかりさせないため、日向はずっと姉のことを秘密にし、目立たないようにふるまってきた。
ある日、光莉のピンチを救うため、ふたりは入れ替わることに！　芸能人が多く通う「私立ステラ学園」に潜入した日向が出会ったのは、まさかの「推し」の王子様〜〜！？

青い鳥文庫の大人気作品が漫画化！　ふたりが芸能界で成長していく、夢と青春のキラキラストーリー第1巻！

原作者・高杉六花先生書き下ろしSS「日向と壱弥〜沼に落ちました〜」も収録です！"
piyo-kue	ぴよクエ	2	1	1	fantasy,isekai	平凡平均な笹野葉日和はこの春から高校生になり、運動もできて頭も良いが友情が激重い幕ノ内稷と友達になるが、下校中に異世界に召喚されてしまい、日和はハーピィとして、稷は世界を救う勇者として生きることに!?平凡ちゃんと出木過ぎちゃん、真逆な2人の行き違い友情物語、完結!
futsutsuka-na-kyuuketsuki-desu-suenagaku-yoroshiku-onegai-shimasu	ふつつかな吸血鬼ですが、末永くよろしくお願いします	2	0	1	comedy,romance	"普通のサラリーマン・至（いたる）の妻は、なんと吸血鬼。 
一見クールに見える 真珠（しんじゅ） だけど、 
実は旦那様のことが大好きで、たま〜に見せるデレ顔が最高にかわいい！ 
でも、弱点の多い吸血鬼にとって人間界で暮らすのは意外と大変で…！？

人間の夫×吸血鬼の妻のラブラブ新婚コメディ第2巻！"
bokura-wa-mada-sora-no-yume-o-minai	ぼくらはまだ空の夢を見ない	2	0	1	drama	「花のあすか組！」「グランマの憂鬱」など幅広い世界観で読者を魅了する高口里純の、切なくも美しい、危険なサクセスストーリー!!心通わせ固い絆で同じ夢を誓い合ったルカとソンジュン。デビューを待たずに消息を絶ったソンジュンを忘れられないまま、ルカはその2年後にデビューを果たす。同じ声を持つライバルグループのメインボーカル“ジュノ”がソンジュンなのでは？ と確信に近い疑いをもつルカだったが、某歌番組の現場でジュノと対面することに。緊張の一瞬！ジュノの反応は? 果たしてジュノとは何者なのかーー!?
mashiro-kun-no-hokou-atelier	ましろくんの補講アトリエ	2	1	1	comedy,romance	水野真白。ピカピカの美術高校1年生。美術をこよなく愛し、審美眼も備えているが、本人の制作センスは即留年レベルで壊滅的…！ そんな彼は将来を案じられ、特別補講を受けることに。講師として招かれたのは才ある同級生の女の子たち！ 彼女たちの導きで、真白は無事卒業できるのか──!? 芸術指導×ラブコメ、開講!!
masurao-no-ningyo-hime	ますらおの人魚姫	2	0	1	bl,drama,romance,supernatural	この人魚の鱗は決して手放すなーーそう先祖から伝わった鱗を鉄板ネタに持つ怪談師・津之介。ある夜、怪談ライブに現れた謎の美丈夫・汐から「俺の鱗を見世物にするな！」と怒鳴り込まれる。困惑する津之介は、抗う間もなく汐に押し倒され口でイかされてしまう!!「その鱗は昔、俺が津四郎にやったものだ」津之介に先祖の面影を重ね、愛おし気に体液を飲んだ汐は、美しい鱗の人魚に変化して!?
meshi-ni-shimashou-shutchou-kuidaorehen	めしにしましょう出張食い倒れ編	2	1	1	gourmet	料理研究家に非ず漫画家にして低温調理を日本に広めハイカロリーを極めたエクストリーム料理を身上とする不条理漫画家が日本全国を食べ尽くす！　地方の「食」から日本の「食」を俯瞰し、王道邪道の区別なく、行って見て考えて試して食べてみる食べさせる。ご当地では当然の、しかし他の地域では知られざる「うまいもの」満載！　その味はその土地にしかない！　かつてないフード漫画、土佐編は続く！
mofumofu-to-yuku-harapeko-ryourinin-no-zeppin-gourmet-life	もふもふと行く、腹ペコ料理人の絶品グルメライフ	2	1	1	adventure,fantasy,gourmet	最強料理人×神獣のポンコツコンビが贈るゲテモノ飯テロ冒険譚、待望の第2巻！沼地の魔女との邂逅、瘴気の沼に眠る真実とはーー？
yasashiku-chigitte-koi-ga-saku	やさしく契って恋が咲く	2	1	1	romance	"ヤクザの若頭・桜月颯悟は『桜月の鬼鷹』の異名で恐れられていた。
ーーが、実は花屋で働く兎三 凪に四年も片想い中の超・純情気質だった！

ある日、凪が詐欺で多額の借金を背負わされ事態は急変。
颯悟が凪の借金を肩代わりするべく、契約結婚をすることに!?

すれ違いの両片想い
じれじれピュアラブ、第一巻!"
yarinaoshi-henkyou-fujin-no-koufuku-na-go-san	やり直し辺境伯夫人の幸福な誤算	2	1	1	fantasy,romance	二度目の人生で悲劇を回避しようとしていたら、一度目の人生で冷たかった彼が　なぜか、溺愛してきて…　騎士団長の娘であるリーゼは、ある襲撃事件を機に心を病み残忍な性格に変貌した夫のアレクシスの凶刃を受ける…。愛する人の手により生涯を終えた筈だったリーゼだが、気が付くと彼女は襲撃事件が起こる前の過去に戻っていた。突如、人生をやり直すことになったリーゼは一度目の人生の知識を活かし、愛する人を変えてしまった事件を防ぐことを決意する…。　非業の死を遂げた令嬢の人生やり直しラブストーリー、開幕!!
yancha-hime-sama-no-dai-bouken	やんちゃ姫さまの大冒険	2	1	1	fantasy	"パシアン姫が今代の勇者！？
気がつけば自分が魔王討伐メンバー
となった護衛騎士・アルジャン。
勇者のお供を探す旅のゆくえは！？
天真爛漫な王女と心配性な護衛騎士の
凸凹冒険ファンタジー！"
yurumitsu	ゆるみつ	2	0	1	bl,comedy,music,romance	"大人向けのお仕事をする人たちが、
「歌って踊ってイチャイチャする」BLアイドルとして活躍の場を広げている世界。
売れっ子BL配信者の光也にも、BLアイドルデビューのオファーが来ていた。
光也はBLの相方は無名の後輩・緩六がいいと考えるが、事務所は光也をソロか他の売れっ子とデビューさせたいと思っており
”二人でデビューするには「二人のAV新作初週売上10万DL」”
という厳しい条件を突き付けられ…
条件達成へ向けがむしゃらに頑張るが、
緩六の様子がだんだんとおかしくなっていってーーー"
yona-yona-kachikachi	よなよなかちかち。	2	1	1	comedy,ecchi,slice-of-life	"『同級生リメイク』『奴隷市場Renaissance』『School Days』『家族計画 絆箱』
時代を彩った美少女ゲームが登場する、前代未聞のノスタルジック美少女ゲーム実況コメディ開幕！

フリーター翁田涼介（おおた りょうすけ）は、
同じコンビニで働く同僚のチャラ男・室屋世治（むろや せいじ）に美少女ゲームの趣味がバレてしまう。
遊んでみたいと興味津々な世治に、翁田は「初心者におすすめの一本」を一緒に遊ぶことに・・・。

チャラ男とオタク、正反対の2人が時代を彩った名作を全力で楽しむ美少女ゲーム実況コメディ！ プレイスタート！"
watashi-dake-ga-shitte-iru	わたしだけが知っている	2	1	1	drama	"エリコの不倫によってひなとも疎遠になり1年。
たまたまエリコの娘・ライラに遭遇した希は久々の再会を喜ぶも、
ライラの様子からエリコの虐待を疑ってしまう。
それでも「ママが好き」と話すライラを前に希はーー。"
uncontrol-fetishism	アンコントロールフェティシズム	2	1	1	bl,ecchi,romance	"現場仕事でケガをして退職、寮を出ることにしたゲイの六郷は、
運よく性的指向を理解してくれるメンバーとシェアハウスで暮らすことに。

同居人の一人である朝三もゲイである事が判明！
出会ってすぐに朝三の雰囲気に惹かれた六郷だったが、
荷物整理を手伝ってくれていた朝三に、プレイ用の拘束具を
うっかり見られてしまってーー！？

「すごい…見てるだけでカウパーが溢れてくる」

優しすぎるドミナント（S）×サブミッシブ寄りの関西人（M)の好奇心くすぐる性癖BL

■収録内容
・「アンコントロールフェティシズム」第1話〜第5話…COMICフルール掲載作品を加筆修正
・「第5.5話「いじめて下さい」と言われたので…」8P…描きおろし
・本体表紙あとがき2P…描きおろし"
underground-snake	アンダーグラウンド・スネーク	2	0	1	romance	"やり手ヤクザ×敏腕若頭 裏社会で巻き起こる愛重任侠BL

長年の想いが交わり恋人になった二人。相変わらずモテる恋人に嫉妬してしまう勇一郎と、そんな勇一郎を見て百足も独占欲が沸き、仲は更に深まっていくーー。
後日、交際を認めてもらうため組長を訪ねると、取り付く島もなくそのまま三縞組とのお見合いへ連行されてしまう！ ハッキリ断ろうと腹を決めた勇一郎だったが、見合い相手の京花に、祭りのとき百足と二人でいるところを見られていて…!?"
irubizoora-no-touhikou	イルビゾーラの逃避行	2	1	1	adventure,fantasy	"勇者一行から逃げる魔王と奴隷の少女エネア。

ワイバーンの襲撃を逃れた魔王たち。一行は次なる街を目指して歩みを進めていた。向かう先はーー人間と魔族が共存する街、ドーラスレイブ。その道中、さらなる戦力の確保を求め、魔王はかつての幹部「大災害のガルフ」のもとを訪れる。再会がもたらすのは、希望か、それとも新たな破滅か…。"
umigami	ウミガミ	2	1	1	action,drama,horror,sci-fi	"話題沸騰「平和の国の島崎へ」濱田轟天最新作!!!
大戦の傷痕が徐々に癒え始め、戦場復興に奔走する八ヶ島。
伝統ある離島が再興の一手として催した「ウミガミ大祭」だったが、その横では「何か」が蠢く…。
それは信奉すべき神なのか、それとも招かれざるモノなのか…!?
因習、諍い、分断…
極限状態に陥った人間を描き出す
血染めのサバイバル・パニックホラー!!"
erisu-seirei-ni-shukufuku-sareta-renkinjutsushi	エリス、精霊に祝福された錬金術師	2	1	1	adventure,fantasy	"エリス工房、開店準備中！

精霊×錬金術で、オンボロ工房が唯一無二の一流工房に様変わり！？　新米錬金術師のモノづくりファンタジー第2弾！

「エリス工房、みんなでやっていこうね！」

万能精霊召喚師で見習い錬金術師のエリスは、師匠ジオの手違いでいきなり自分の工房を持つことに。

だけど精霊たちの力を借りればきっとなんとかなる！
気を取り直してさっそく定番商品ポーションを作ろうとしたらーー「金が！足りなくて！！素材が買えない！！！」
今度はまだまだ先だと思っていた“迷宮”に素材探索しに行くことに。
初めての“迷宮”にはいったいどんな出会いがあるのか…。

精霊×錬金術で、オンボロ工房が唯一無二の一流工房に様変わり！？
お店も冒険も楽しむ新米錬金術師のモノづくりファンタジー第2弾！"
elite-bengoshi-ni-mitsugetsu-dousei-de-aishi-tsukusarete-imasu	エリート弁護士に蜜月同棲で愛し尽くされています	2	1	1	romance	"偶然の再会から始まる初恋の彼との焦れ甘な同居生活は…

退職トラブルを解決してもらうため、弁護士事務所を訪れた茉友。問題を解決してくれたのは兄の親友でエリート弁護士の高坂慶介だった。まさか初恋の人とこんな形で再会するなんて…。無事に退職した茉友だけど、早々に社宅を出ないといけなくなってしまった！　そんな茉友に慶介は「俺のマンションで同居しないか？」と提案する。親友の妹としか見ていない私に手を出すはずはないとわかっていても、胸のドキドキは止まらなくて──。"
eejiento-mokusei	エージェント木星	2	0	1	action,drama,sci-fi	"その男は最強のエージェント「木星」、だった。
荒廃した並行世界「B面」での任務と戦闘の日々に別れを告げ
平和な「A面」にやってきた彼は穏やかな生活を送るはずが、
同じく「B面」からやってきた少女・真琴の保護者になってしまう。
急遽始まった、真琴の叔父・優作としての日々。
その日常は少女の保護者としても、被監視対象の元エージェントとしても平穏にはいかず！？
そしてセカンドライフの中で見えてくる彼の「帰るべき場所」、「かつての自分」とは...？
アクション×日常。クール×キュート。新感覚SFアクション第2巻！"
oumagatoki-film-mienai-mono-ga-mieru-toki	オウマガトキFILM視えないものが視える刻	2	1	1	horror	ついにクライマックス!! 心霊系YouTubeチャンネル「オウマガトキFILM」を運営するヒロとトモは、依頼を受ければ事故物件や廃墟、心霊スポットを訪れ調査する。しかし、そこでは常識を超えた心霊現象がふたりを待ちかまえる。いったいなにが視えるのか、なにを語りかけてくるのか…。漫画でしか表現できない世界を見逃すな。
ookami-to-iinazuke	オオカミと許嫁	2	1	1	bl,drama,fantasy,romance	"俺は律を大事にしたいから
それを壊そうとするものを
絶対に許さない

ミケーレの婚約者になった律は、
彼の家族に会うためイタリアへやってきた。
華やかな家族に、ミケーレが働く煌びやかな業界。
暮らす世界の違いにためらう律の前に、
狼族の兄弟クロードとユーリが現れる。
「僕は貴方が欲しい
強いオスである貴方とつがいになりたい」
雌雄同体であるユーリは強いオスである
ミケーレを求め、律を敵視してきて!?

オオカミと許嫁、完結！"
okibi-no-takibi	オキビのタキビ	2	1	1	adventure,comedy,fantasy	"フレスベルグを目指し住み処であるユグドラシルへと入ったオキビたち！
目標はしっかり持ちつつも、道中の見たことない不思議なモノに心奪われ楽しんでいたけど…？
楽しい、まったり、トラブル、ハプニング盛りだくさん！
ちょっぴりキャンプなアクション巨編、最終巻！"
oribaa-no-shinzou	オリバーの心臓	2	1	1	bl,drama,fantasy,romance	"運命と出逢った。その瞬間 罪を犯した。

敵国の王を討ち、
戦を終わらせた英雄バンドレン。
その最中、青年オリバーに心を奪われてしまう。
どこにでもいそうな青年なのに、
何故か今まで感じたことのない
衝動に駆られたバンドレンは
オリバーを連れて帰る。
しかし、彼は敵国の王を愛していた青年で…"
katari-ka	カタリカ	2	1	1	drama,horror,mind-game,supernatural	"不思議に魅入られた少女たちの、都市伝説 X サバイバルホラーの青春友情の物語

8年前に失踪した幼馴染・片宮つばめから
笹塚ささみ宛てのテープが届いた。
そのテープは、“きさらぎ駅”から送られた物だったーー。

つばめを探すべく、ささみは、
とある事件の人質で唯一の生き残り、
田中由愛に接触を試みる。

そして二人は、それぞれの友人と再会すべく
“きさらぎ駅”へと向かうのだがーー!?"
karaoke-de-utau-onee-san-to-isshokenmei	カラオケで歌うおねえさんといっしょ	2	1	1	comedy,music,romance	"大学1年生の佐野 司（♂）は、カラオケ店でのアルバイトをきっかけに
元・歌のおねえさんと知り合い、少しずつ仲良くなっていく。
ごはんを食べさせたり、耳かきをしたがったり──
幼児扱いが大好きなおねえさんの行為はどんどんエスカレート！
そこに新たなおねえさんキャラまで現れて──！？

刺激たっぷりのおねえさんラブコメ、第2巻♪
巻末に、おねえさんたちの中身が入れ替わっちゃう描き下ろし漫画も収録！"
kawaii-wa-kane-nari	カワイイは金なり	2	1	1	comedy,slice-of-life	"株式会社ラブリルの底辺デザイナー・一ノ瀬いちかと敏腕営業マン・叢雲百矢がタッグを組んだ。
ふたりが目指すのは、『ラブリル☆スター誕生キャラクター選挙』で1位を獲ること。
大衆の心を掴むような「売れる」新キャラを作るべく、ふたりは打ち合わせを重ねている。ただ1位になったあかつきには叢雲は「ラブリルを辞める」と宣言しており、いちかは内心複雑だ。
そんなさなか先輩デザイナー・黒姫にいちかが描いたキャラデザインを見てもらうも、「マニアックすぎて売れない」と一刀両断されてしまい…！？"
card-game-usagi	カードゲームうさぎ	2	1	1	comedy,fantasy	"カードショップ・ZOOで、紳士的なプレイと
確かな実力でランク争いを繰り広げる動物ーー鷲崎剣士。

だが、「うさぎとうさぎの奮闘記」から時を遡ること数年、
まだ初心者だった頃の彼の姿はZOOにはなかった。

彼が根城にしていたのは、
場末のカードショップ・虎穴。
そこには、愛するカードでマイナーデッキを組み、
近隣のショップに遠征して入賞を繰り返す、
曲者かつ実力者ぞろいのコミュニティがあった。

しかし、虎穴に通う鷲崎はまだ未熟でマナーも悪く、
大会に出ることを許されていないほどの
弱小プレイヤーの一人にすぎなかった。

彼が愛したカード、「戦列の鷲」と出会い、
&quot;カードゲーム&quot;と向き合い始めるまではーー"
gaidoyaku-no-tenshi-o-naguri-taoshitara-shiryoujutsushi-ni-narimashita	ガイド役の天使を殴り倒したら、死霊術師になりました	2	1	1	adventure,fantasy	"VRMMO『メルティスオンライン』を楽しみまくっているリンネ。
ペルセウスら仲間たちと順調にレベルも上がり、
オーレリアの進化で秘密がわかって新たなクエストも。
そんな中ペルセウスはリンネとの過去を思い出す…。
二人の間にあった衝撃的な事件とは!?"
gachi-koi-count-2-ten-9	ガチ恋カウント2.9	2	1	1	comedy,romance,sports	"女子プロレス×推し活!!?


OLのリコは、ある日、ホームセンターの屋上で女子プロレスと出会い、

アツいパフォーマンスをするヒールのメイデンのトリコとなる。

推し対象への感情はいつか自分も一緒にリングに上がりたい、

という気持ちに変化し女子プロレスラーを目指すことに!?"
girly-debut	ガーリーデビュー	2	0	1	comedy,romance	"彼女が欲しいと息まく篝が入った高校は、なんと女子生徒が1人だけ…。
にも関わらず、クラスメイトは自分以外全員可愛くて!?
そんな男の娘だらけの教室で唯一の女の子を探す篝と親友の北野は、
同じく女の子を探しているエルと協力関係を結ぶも裏切られてしまう。
エルの事情を知った篝は、とんでもない行動に出るが…!?
一方で、女の子最有力候補の観世さんと話す中で、北野がとんでもないことをしでかして…。
最強にカッコ良くて可愛いボーイミーツボーイ青春ドラマ、第2巻!!"
kitchen-ni-sumitai	キッチンに住みたい	2	1	1	gourmet,slice-of-life	"毎日の小さな変化が人生を豊かにする

第12回レシピ本大賞料理部門コミック賞受賞！
大人気コミックエッセイ「キッチンに住みたい」第2弾！！
”今”を感じて生きる清子の心と身体中心キッチン料理は実験！
学生らいの小さな基地キッチン全てのものに歴史あり！
タマ子のカオスな魔女キッチン自分とお酒を愛する千恵の美美美脱力キッチン
忙しさに「好き」を忘れてしまった琴里のお片づけキッチン
にぎやかな人が集まる柊呂の出会いと別れの巡るキッチン
6人の暮らしが、ささやかに彩られていく物語"
kimi-no-toruso-o-tsukuritai	キミのトルソをつくりたい	2	0	1	comedy,romance	奥手だけど、高校生らしい”恋愛”に憧れを持つ少女・りと。彼女のコンプレックスは、その豊かな胸だった。ひょんなことから出会った美術男子・司馬田の「そのカラダを造らせてほしい」という一言で、青春が動き出すーー？ピュアすぎる”彫刻造形”ラブコメ、開幕！
kyatchi-the-sento	キャッチ・ザ・セント	2	1	1	mystery	"超人的な嗅覚を持つ元調香師の花村牡丹。
彼女には「犯罪臭」という、犯罪者が醸し出す独特の匂いを
嗅ぎ取る特殊能力があった。

能力を買われた牡丹は刑事の黛とタッグを組み、
嗅覚を元に次々と難事件を解決していく…！

しかし、その能力には代償があって…!?

新感覚・本格“嗅覚”バディーサスペンス！！"
kirakira-name-no-hametsu-no-yami-seijo-niwa-narimasen	キラキラネームの『破滅の闇聖女』にはなりません!	2	1	1	fantasy	"『偉大なるルミナスターキラシャンドラ様の前に、皆 、ひれ伏すがいいわ！』
イタいセリフとポーズをしている人物が映る大画面を前に、シャンドラ・リーベルトは後悔していた。
なぜなら、その画面に映った人物は自分自身なのだからーー。
愛情を知らず、わがままで傲慢な嫌われ者シャンドラは、大聖女となった義妹に恨みを募らせ、世界を消滅させる引き金になってしまった。
そんなシャンドラは死後の世界で神に叱られ、愛情を知り、新たな人生で地味で平凡な幸せを見つけていこうと決心する！
しかし、落ちこぼれ聖女だと思っていた彼女のスペックは、実はかなり高かった!?
愛され美幼女になったシャンドラちゃんが、神様にお祈りしながら大活躍する、ほっこり人生やり直しストーリー！"
kireteru-futari-no-shutchou-meshi	キレてるふたりの出張めし	2	1	1	comedy,slice-of-life	"出張で全国を飛び回る営業マン・畑山ひろし。
そして、畑山が教育を任されているのは女子新入社員・海原たまき。
筋金入りの筋トレマニアである海原の予想外の行動に振り回される畑山であったが、ふたり一緒の出張ではオイシイ思いもできる……？
越前がに、ヒージャー汁、わらび餅、鯉のあらい、だまこ鍋……
凸凹コンビが全国各地の美味くて栄養満点なご当地めしを食べ歩く、一風変わったグルメ旅！"
kirei-sekai	キレイセカイ	2	1	1	action,comedy,fantasy,isekai	"魔法世界で無双！手にはーー掃除用具！？ 

 掃除ギャグ×バトルの魔法ファンタジー開幕！
コロコロコミックで連載開始してから、毎話人気が爆発！

魔法の世界に間違って召喚されてしまった少年・ミガク。
超がつくほど掃除が好きすぎるミガクは、魔法世界でも気にせず掃除しまくり。
村の少年・ニックは、ミガクを魔法が使えない事を心配するが、危険なモンスターが襲ってきた際、ミガクはなんとワンパンでぶっ飛ばす・・・！

なんと、掃除で全身の筋肉が鍛えられ、超人的なパワーを手に入れていたのだ！
だが、魔法を悪用する敵も出現し・・・！？

笑えるギャグあり、熱いバトルもあり・・・。
子どもから大人まで楽しめる「掃除マンガ」！

 

 【編集担当からのおすすめ情報】 
 主人公・ミガクの外見と、中身にハマる人続出してます！
掃除ギャグがこれでもかと詰まっており、バトルでこんな戦い方するの！？と驚く事間違いありません。
大人が読んでもめちゃくちゃ面白いので、超オススメです！"
guilty-angel	ギルティえんじぇる	2	0	1	drama,mind-game	"ツンデレしっかり者・ゆりあ。お茶目元気っ子・千夏。おっとり天然・佳乃。
未来への可能性に煌めく少女達は「花の3人組（F3）」と呼ばれ、崇められていた。
ーー陰から彼女達を盗撮し続ける「オレ」にだけ。
あの日、「あんな事」が起こるまでは……。

女子小学生3人組＆引きこもりオタクの悪の道。
予測不能の女児クライムサスペンス、上・下巻同時発売！

●同時発売●
［イメージ・ビデオ 後藤天泉作品集］

●コミックビーム 公式X(Twitter)●
@COMIC_BEAM"
guild-o-tsuihousareta-saretakedo-mofumofu-shinjuu-ni-sazukatta-kami-skill-randamu-renkin-de-saikyou	ギルドを追放されたけどもふもふ神獣に授かった神スキル【ランダム錬金】で最強のギルドを作って無双します	2	1	1	fantasy	"追放された錬金術師、もふもふ神獣と最強のギルドを設立！？
「ガラクタしか作れねぇ役立たずに価値なんかねぇからな」 スカウトを受けて所属していたギルド、ドラグネイトから身勝手な追放処分を受けた錬金術師：イルト。ソロ活動となったイルトが、森へ魔物調査に出かけると、そこにいたのはかつて【ランダム錬金】を教えてくれたもふもふ神獣のノワールだった！！そこに現れた美少女エルフ：アンリに認められ、エルフの里へ向かったイルトとノワールが見た世界とは…。 ブラックギルドから解放された錬金術師が、美少女エルフ、もふもふ神獣とともに理想の最強ギルドを作り上げていく無双譚！"
kuzuless-oblige	クズレス・オブリージュ	2	1	1	ecchi,fantasy,isekai	"エロゲーの世界を、クズキャラで攻略しろっ！
気が付いたら、魔法あり・エロありの18禁ゲーム世界で史上最低のクズであるウルトスに憑依してしまった！？　このままだと最悪の結末を迎えてしまう運命。 史上最悪のドエロ悪役から成りあがれッ！"
kuso-kimo-catharsis	クソキモカタルシス	2	1	1	drama,music	"魂を震わす大轟音！ かき鳴らせカタルシス!!
入学早々、クラスのマドンナに自作のラブソングを歌いカースト最下位に定着してしまった冬彦。 つらいイジメを受けるも彼は音楽を捨てることが出来なかった。 亡き兄が見せてくれた背中。 音楽の力で多くの人々に感動【カタルシス】を巻き起こすという夢を諦められなかった。 だから冬彦は再び歌うことを決意する。 自分の心の中をすべて曝け出したオリジナルソング「クソキモカタルシス」を。 
ロックは世界を変える！ 新世代青春バンドストーリー!!"
classmate-no-bishoujo-yonin-ni-tanomareta-node-buiaaru-emuemuoo-nai-de-senzoku-ryourinin-o	クラスメイトの美少女四人に頼まれたので、VRMMO内で専属料理人をはじめました	2	1	1	adventure,fantasy	"「こ、この料理、バフ効果がある！」
料理一筋の高校生・斗真は、同級生の美少女四人に頼まれて、
激マズ料理が基本の新作VRMMOゲームで彼女たちの専属料理人をはじめることに!?
しかも、これまで誰にも発見されなかったバフ効果が付いている!! 
巧みな調理技術で早くもプレイヤーの注目を集めた斗真は、とある調合にも成功して一躍時の人に!?"
class-zenin-de-maou-tensei	クラス全員で魔王転生!	2	1	1	adventure,fantasy	"身分差が激しい皇国の名門校に奨学生として通うも、
平民であることでイジメの標的にされていたメグミ。
ある日、学園一の美少女サーシャが彼を庇い、
イジメの主犯格である皇太子ロミオットの怒りを買ってしまうことに。
皇太子が彼女に魔法を放ったその時、教室全体がまばゆい光に包まれ…
気がつくとクラスメイト共々、
ダンジョンマスターである『魔王』に転生していた。
異世界で『自販機作製ギフト』を習得したメグミは
スキルを活かしてダンジョンを快適な環境に整えていき…？

「小説家になろう」発のダンジョン運営ファンタジー、待望のコミカライズ！"
great-deadful	グレイトデッドフル	2	1	1	comedy,supernatural	"この世のどこかに存在するハートフル運送（有）。彼らは死者の魂と臓物を回収し、クライアント（天国or地獄）に配送する下請け業者。ナンバリング以外名前のない彼らを人々は「死神」と呼ぶーー。
ライバル会社のバブリー運送・部長リカは部下の信頼も厚い颯爽とした美女。しかし彼女はひっそりと27号に恋心を抱いていた。仕事上のトラブルもありつつ、27号の過去を知ることになったリカ。27号のかつての恋人は今も生きていてーー⁉　少し人情派なイケメン27号と仲間たちが様々なトラブルに遭うあの世とこの世を結ぶお茶の間コメディ完結巻!!"
koko-wa-kazoku-ga-kieru-machi	ココハ家族ガキエル町	2	1	1	horror,mind-game	とある郊外の町・美宝パークタウンに夢のマイホームを建てた桜庭家。しかし、その隣人・名鳥は、“理想の家族”に異常な執着を持つシリアルキラーだった…。幸せな生活を夢見た桜庭家の周囲で不穏な出来事が起こり始める…。ある日、帰宅した春作がポストの中から発見したのは…!?
kotodama-kanaete-tokie-sensei	コトダマ叶えて!ときえ先生	2	1	1	comedy,ecchi,romance	"小学校で教師を務める御吾妻時恵は、生徒たちに言霊の大切さを教えようとしていた。
ボサボサにのびた髪にジャージ姿と、陰気な格好をしていた彼女に対し、生徒たちが
綺麗にしてほしいと声をかけた瞬間、彼女の姿は美しく変貌した!!
言霊の力を目の当たりにした生徒たちは、ときえ先生に次々と言霊を投げかけていく…!!"
goblin-darake-no-sekai-de-ore-dake-cheat-fuyo-majutsu-de-jiyuu-ni-ikite-iku	ゴブリンだらけの世界で、俺だけ【チート付与魔術】で自由に生きていく	2	1	1	action,fantasy,isekai	"身を隠していた部屋がゴブリンたちにバレてしまい、レンジと真美は新天地を求めて旅立つ。この世界の情報を得るため「守護神（ガーディアンズ）」の根城を訪れた二人は、超巨大なゴブリン［キング］が間もなく襲来すると知らされる…！　レンジは守護神の元に一時滞在し、［キング］を迎え撃つことにーーー。
最強の付与魔術でゴブリンを駆逐する!!　終末サバイバル・アクション！"
gomikasu-idol-joshikousei-sasenai-to-watashi-ga-shinu	ゴミカスアイドル更生させないと私が死ぬ	2	1	1	comedy,drama,music,romance	"アイドルグループのマネージャーになった私。
酒カスだの、ギャンブル狂だの、元鬼枕ホストだの……メンバー全員、クズすぎる！
けれど、メンバーを絶対更生させないといけない理由が！
実は私はループして2周目──前の人生ではメンバー全員が殺された事件に
巻き込まれ、私も死んでしまって……。
今度こそはこのクズたちを更生させて絶対生き残ってやる！

Xで5,300万インプレッション超！
話題のハイテンションコメディ＆サスペンス、ついに単行本化！
コミックス描き下ろしもアリ!!!"
succubus-lip	サキュバス・リップ	2	0	1	drama,ecchi,supernatural,suspense	"サキュバスの力で絞り尽くすエロティック復讐劇！
借金だらけの両親。モラハラで支配してくる彼氏。大学生の実奈（みな）は、金銭的にも性的にも搾取されるばかりの人生に絶望していた。ところがある日、サークルの新入生・桃香（ももか）にとある口紅を勧められる。その口紅をつけて男の精を吸い取ると男達は枯れ果て、力が湧いてくるのを感じる実奈。それはサキュバスの力を手に入れられる口紅だった…！魔性の力を手に入れた実奈は、搾取し続けてきた者達への復讐を始めるーー！"
sabajiosu-no-akuma-no-toge	サバジオスの悪魔の棘	2	1	1	horror,supernatural	"兄の部屋で奇妙な手首の置物に触れたのがきっかけで、
恐ろしい呪いを受けてしまった女子高生・棘園棗（とげぞのなつめ）。
悪魔・ウァサゴとの契約を拒否して、
自ら呪いを解く方法を探し出そうとする。
そんな中、手掛かりを探しに来た大学構内で
不気味な謎の少年の襲撃を受けてしまうーー。"
samenyan	サメにゃん	2	1	1	comedy,slice-of-life	"第二弾！サメの着ぐるみ×もふもふにゃんこ 

 ＼第二弾でも登場！ 本書限定！サメにゃん「特製アクリルスタンド」付き特装版／

SNSやLINEスタンプで大人気のもふもふにゃんこシリーズ「mofusand」。
ねこ愛あふれる“にゃんこ絵師”ぢゅのさんによる「サメにゃん」本の続編ができました！

通常版と同時発売の特装版は、ここでしか手に入らない「限定アクリルスタンド」付き！
書籍に登場するイラストを、レイヤー分けすることで立体的に表現。
今回はサメにゃんをはじめ、シャチにゃんとちびにゃんも登場する豪華仕様！
まるで目の前にサメにゃんたちが現れたような、ファンにはたまらないアイテムです。
（※書籍の内容は通常版と同じになります。）

今回のサメにゃんたちも、愉快でシュールな日常を過ごしています。
サメにゃんとちびにゃんのほっこりエピソードや、シャチにゃんとのキャンプ旅など、
楽しいことだらけの毎日を4コマ漫画にしてお届け！

そんなシュールでコミカルだけど、やっぱりかわいいサメにゃんとその仲間たち。
ゆるく、楽しく、時に一生懸命なサメにゃんに、あなたも癒されてみませんか？

〜〜〜〜〜〜POINT〜〜〜〜〜〜〜
●SNSにアップされているものから一部描き下ろしのものまで、80個前後の4コマ漫画を掲載！
●第二弾では、「サメにゃんのひみつ」をQ&A方式で公開予定！新たな一面を知ることができます。
●すでにSNSアップされているものも加筆・修正が加えられているので、細かなところに新しい発見が隠されているかも！
●サメにゃん以外のキャラクターにも注目！ちびにゃん、シャチにゃん、サメわん"
silk-floss-boat	シルク・フロス・ボート	2	1	1	slice-of-life	取り返しのつかない傷を負っても生きていかねばならない。でも、どうやって？　ある者は罪の重さで身動きが取れず立ちすくみ、ある者は破滅が待つ運命に身を委ねる。それでも蚕が生んだ細い糸は彼女らをやさしく包み前へと目を開かせる。「ひいさま」の望み「蚕と人がずっと一緒にいられますように」の意味は？　『夏・ユートピアノ』で話題を呼んだ、ほそやゆきのの初の長編連載、悲しみと希望の物語、完結。
secret-baby-ga-hakkaku-shitara-tensai-gekai-no-shuuchaku-kyuuai-ga-hajimarimashita	シークレットベビーが発覚したら、天才外科医の執着求愛が始まりました	2	1	1	romance	"「やっと手に入れた。もう二度と離さない」　一途なドクターとの再会で愛されママに

看護師として働きながら、エリート外科医・遥の赤ちゃんを産み育ててきた芹。ところが、海外留学していたはずの彼と再会し、子どもの存在も知られてしまって…!?　遥に捨てられたと思い込んでいたのに、彼は「君への気持ちは変わらない」と独占欲全開！　空白の期間を埋めるように子どもごと一途に溺愛され、芹も秘めていた想いが溢れていき…。"
skill-banbutsu-shihai-ni-mezameta-otsu-san-wa-dungeon-de-seikei-o-tateru-koto-ni-shimashita	スキル〈万物支配〉に目覚めたおっさんは、ダンジョンで生計を立てることにしました	2	1	1	fantasy	無職から冒険者となったおっさん・山本春重は、スキル【万物支配】を駆使し、女子高生冒険者の阿須崎真琴とパーティを結成しダンジョンで生計を立て始める 。順調に素材を集め換金する日々を送る中、かつて真琴を襲った悪辣パーティ「黒狼の群れ」の影が迫る 。リーダー黒桐は、山本への復讐と阿須崎を支配下に置くため、卑劣にもその家族を人質に取ろうとする 。追い詰められたおっさんが下した、支配者としての最初の「決断」とはーー！？
strum-my-voiceless	ストラムマイボイスレス	2	0	1	bl,comedy,drama,romance	"【公式セックス】
裏社会を牛耳る秘書会に属する
カースト底辺の手駒［秘書］を使い
ファイトリング内で体液の搾り合いの
勝敗でセックスバトルする
経営者たちのシークレット賭博場


今まで出会ってきた人々とは違う、
自分という人間を見てくれる鬼塚。
無意識ながらも次第に惹かれていく竜冴は
寝ていた鬼塚に思わず口づけ……
即バレし「俺には目的がある」と苦言を呈されるが
意識すればするほど調子が狂い
鬼塚の秘書になって初めて【公式セックス】で負けてしまう。

思いがけず鬼塚の過去と成し遂げなければならない目的を聞き、
ただ課された仕事（公式セックス）をこなそうとしていたら
仕事の一環で鬼塚に高級旅館に連れてこられ、
気付きたくなかった本心に気付きーー？


上下巻、同時発売!!
愛を捨てた俺様敏腕社長×愛に飢えた尻テク最強ファイター、
金と欲にまみれた世界の狭間で生きる男たちの恋煩い"
streaming-love-addiction	ストリーミング♥ラブアディクション	2	1	1	comedy,romance	"強面な容姿が原因でリアルでの友達ができないものの
キラキラ王子系Vtuber・青月セロリとして活動し、
大好きなゲーム実況配信で充実した生活を過ごす千里。
人気急上昇中のVtuber・好好龍（ハオハオロン）からコラボ企画に誘われる。

初顔合わせにやってきたのは世間に疎い千里ですら認識している
大人気アイドルグループのメンバー・白河龍悠…!?!?!?
有名人とコラボなんて絶対に無理!!!!!と断ろうとするも、
セロリの大ファン発言と熱意、猛アピールに押され
一度だけ…とコラボをしてみるとまさかの大成功で…!!?

それ以来、居心地のいい龍悠と何度も遊ぶ仲になるが、
配信中に一緒に格ゲーをしていたところ
ゲームだけじゃなくて龍悠の股間も盛り上がっており、
「セロくんのえっちな声で勃起したから助けて」と言われ?!?!?!


王子系アイドル×コワモテDD（男子大学生）
リアルとバーチャル、対照的な配信者ふたりのちぐはぐラブアディクト☆"
supadari-kachou-wa-zense-de-watashi-o-koroshita-moto-konyakusha-deshita	スパダリ課長は前世で私を殺した元婚約者でした	2	1	1	isekai,romance	"「私の為に死んでくれ」そう言われて男に殺される夢を見続けていた佐々木絵里は、ある日配属された新しい上司と新入社員を見て思い出す。
殺されたのは前世の自分で、殺したのは元婚約者だった男だと。異世界から聖女が来たことによって、立場を奪われ、冤罪で牢に入れられ、元婚約者に殺される。そんな悲惨な最期だった。
今世ではそんな事にならないようにと恋愛から遠ざかっていたのに、前世の元婚約者に面影が似ている課長は何故か私に構ってきて？
しかも、イケメンでスパダリな課長に恋慕する新入社員に絡まれてしまうし……いや私、課長に興味ありませんからっ！"
slime-wa-saikyou-taru-kanousei-o-himete-iru-nikaime-no-jinsei-chanto-slime-to-mukiaimasu-comic	スライムは最強たる可能性を秘めている～2回目の人生、ちゃんとスライムと向き合います～@COMIC	2	1	1	action,adventure,fantasy	"お金儲けの鍵はーー弾力【モチプル】にあり!?
第11回ネット小説大賞金賞受賞、「小説家になろう」にて8万p越えの人気作、コミカライズ第二巻！
描きおろし漫画＆書き下ろしSS、W収録"
slow-step-sakutarou	スローステップ朔太郎	2	1	1	slice-of-life	"漫画家の叶輝とパートナーの朝待夜駆の家の軒先に、ある日、やつれた子猫が連れて来られた。
連れて来たのは地域猫のキジトラ。
数年前からうつ病に苦しみ、休職を繰り返す朝待と家計を支える叶
そして、ある病気と闘う朔太郎。

辛いことの方が断然多い三人の、明るく幸せだった日々。

会社や社会で上手くいかずもがいている人、
飼い猫や野良猫との付き合い方を模索している人、
病気の家族を支えている人、
そんな人々に届いて欲しいホントに起きた物語。"
sexy-sugar-star	セクシーシュガースター	2	1	1	bl,romance	"日本を席巻するダーク&ワイルド系アイドルグループ「Abyss」の絶対的センター・玲央。
抱かれたい男、恋人にしたい男など一位総なめの玲央だったが、世間には知られていない顔があった。
実は無自覚天然な上、童貞だったのだ。
そんな玲央に、一晩ヤリ捨て疑惑が浮上していたある日、音楽番組でコラボすることになった王子様系アイドルグループ「CROWN」のリーダーで玲央の熱烈なファンだという光瑠と食事に出かけることに。
酔いつぶれた光瑠を介抱するために自宅に連れて帰ると、何かを勘違いした光瑠に組み敷かれ、キスされて!? 
実は童貞初心な玲央は、とっさに光瑠をあおるようなことを言ってしまい!?
激重キラキラ系王子様アイドル×無自覚魔性なセクシーワイルド系アイドルの甘くディープな芸能界BL!
2025年8月刊"
zeni-banzuke	ゼニ番付	2	1	1	sports	「土俵にはカネが埋まっているーー」。古くから伝えられる言葉には続きがあった。「“土俵の外”にもカネは落ちているーー!!」。懸賞金、後援会、タニマチ、裏方……角界で動く巨額のカネを徹底追跡ーー!!
solo-dan	ソロダン	2	1	1	adventure,fantasy,slice-of-life	"伯爵令嬢のティーナは、貴族社会の日々にお疲れ気味。
そんな彼女の心の拠り所は、週末に楽しむ「ソロダンジョン」。
初心者向けのダンジョンに一人で潜って、狩りや料理、キャンプを満喫する。
彼女の正体を知らない冒険者達からは、「常連姉さん」と呼ばれて、適度な距離感で交流している。
夏が来て、学校は長期休み。趣味三昧の日々だ！ と浮かれたティーナだったが、
王太子のお見合い避暑旅行に招待されてしまう。
げんなりしかけるが、豊富な自由時間があると聞いて目を輝かす。
現地で目を付けたのは、ダンジョンでありながら、360度を「海」で囲まれた珍しい構造を持つ、
「エノダンジョン」。釣りと美味い飯、かわいい商人との出会い。
そして現地冒険者達も驚愕のハプニングも…!?
ティーナのひと夏の趣味時間が幕を開ける！"
soro-yoi-sakaba	ソロ酔い酒場	2	1	1	gourmet	"今日もいろいろあったけど、とりあえず一人乾杯！

Web系企業で働く千石麦子（せんごくむぎこ）の日々の楽しみは、
酒場でのひとり飲み。
仕事帰りに打ち合わせ終わりの街を開拓したり、
休日には昼から、時には朝から!? 
安くてうまい酒とつまみを求めて飲み歩く。
ちょっと一杯！と始めて、ついついハシゴしてしまう
30代呑兵衛の飲みアル記。

さぁ、今日もはじめますか！

＊＊＊
ガチ呑兵衛ならではのあるあるに共感&乾杯！
月間PV1500000超の人気飲み歩きサイト「せんべろnet」ひろみん原作
読めば飲まずにいられない！今すぐ行ける実在酒場漫画。

※本作は実在のお店をモデルにしたフィクションです
第1話　五反田のやきとん　
第2話　幡ヶ谷の串かつ　
第3話　神田のいわし　
第4話　溝の口の厚揚げ　
第5話　銀座の生ハム　
第6話　赤羽のナマズ唐揚げ　
第7話　蒲田の鶏の唐揚　
第8話　ファミレスのキープボトル"
dark-knights-of-steel	ダークナイツ・オブ・スティール	2	1	1	action,drama,fantasy	"爆発したクリプトン星から脱出したジョー゠エルとその妻ラーラ。
二人が地球に不時着してから19年後、ジョーはエル王国の王として暮らし、その息子カルは王子として成長していた。国を守る最強の騎士の名はブルース・ウェイン。
親友同士であるカルとブルースは、幼少の頃から共に人生を過ごしていたが、謎の襲撃者によってジョー゠エル王が暗殺されたことで、二人の間に確執が生まれてしまう……。
裏切りの炎と沈黙の氷が交錯する、ダークファンタジー大作『ダークナイツ・オブ・スティール』上巻が登場！
収録作品：Dark Knights of Steel #1-6,Dark Knights of Steel: Tales from the Three Kingdoms #1"
chikarabito	チカラビト	2	1	1	sports	十黒沼(とぐろぬま)に必殺の右を封じられた右魂(うこん)。しかしライバル・生命力(いのちりき)も知らない新たな必殺技を披露する！　続く第三試合は最軽量98kgの小兵(しょうへい)と最重量285kgの大霜降(おおしもふり)が激突！　そして試合会場が盛り上がる中、現在地上最強の力士・馼牛劉(もんごりゅう)が地下へ。参戦力士たちが集う控え室に現れて…。激熱相撲バトルトーナメントはさらなる熱を帯びる！
chishu-ou-no-konin	チシュ王の婚姻	2	1	1	bl,ecchi,fantasy,romance	"「あぁ…やっとお前を嫁にもらえたーー」

双子の兄・憂那（ういな）の策略によって、蜂王（ほうおう）・月天（げってん）の屋敷に連れ去られた憂茄（ういか）。
もうひとりの花嫁候補だった憂那は、憂茄に成り代わり、蜘蛛王・拍（はく）の花嫁になろうと企んでいた。
一方で月天は、捕らえた憂茄に禁断の不倫関係を強要する！
貞操観念などとうに捨てたはずなのに、憂茄の頭に浮かんでくるのは拍の顔ばかりで……！？

意地っ張りなビッチ花嫁が、遠回りしてやっと気づいたピュアな恋心。
初恋をこじらせたふたりの人外嫁入りBL、ついに完結！！


蜂王・月天×双子の兄・憂那の、
キケンな発情期初夜も同時収録♥"
tsunopantsu	ツノパンツ	2	1	1	comedy,ecchi,fantasy	"ヤンマガWebで大反響！！
エロカワ鬼娘との桃色コメディ淫（イン）HELL！！！！
地獄で待っていたのは…鬼かわいいエロギャルからのご褒美みたいな拷問生活！？

地獄へ堕ちた青年・真人が出会ったのは、人間を拷問することで快感を得るエロカワな鬼の娘・ヨノコだった。
真人は彼女と一兆年かけて八つの大地獄にある拷問の名所を巡るという、ご褒美なのかもしれない拷問を受けることに…
そんな真人が桃太郎の子孫で彼を拷問すると超絶頂が得られることが判明すると、
ヨノコだけでなく地獄中の美女鬼にその存在を狙われることになって！？"
delivery-doctor	デリバリードクター	2	1	1	drama	人殺しーー。そんな濡れ衣を着せられた王室を、必死にかばう研修医・彦名。しかし、王室本人は何も言い返さず、ただ静かに受け入れるばかり。その姿に戸惑う彦名は、やがて彼の過去を知る。かつて“天才外科医”と称えられた王室に、一体何があったのかーー。人見知りながらも情熱を持つ医師が、医療の届かぬ患者のもとへ車を走らせるメディカル・ヒューマンドラマ！
doesu-kishidanchou-no-go-houshi-maid-ni-ninmei-saremashita-ga-watashi-nandesukedo	ドS騎士団長のご奉仕メイドに任命されましたが、私××なんですけど!?	2	1	1	ecchi,fantasy,romance	騎士団長の性生活をサポートする“ご奉仕メイド”のエミリア。お仕えしているクールな騎士団長・ランドルフへの想いを秘めたままの彼女だったが、遠征先で彼が記憶喪失になってしまった。エミリアは懸命に看病をするが、「記憶を失う前と同じ行動をするといい」という助言を受け、ランドルフに“ご奉仕”することになる。リードしようと意気込むエミリアに対し、ランドルフは徐々にえっちな記憶を取り戻していき……！？そして、ふたりを巻き込む、とある陰謀が動き出してーー。ご奉仕メイドとアレが大きすぎる騎士団長のラブコメディ、甘さ絶頂の最終巻！
dragon-ball-super-divers-let-s-super-dive	ドラゴンボールスーパーダイバーズ-レッツ!スーパーダイブ!!-	2	0	1	action,comedy	"ある日、体育の授業中にG組の担任・毛呂が乱入！ そして彼とともに、問題児だがSDVの実力は本物の、あの姉弟が現れて…。最凶の姉弟にバトルを挑まれたアスカだが、勝利を掴むことはできるのか!?

【同梱カード】ドラゴンボールスーパーダイバーズ
SDVPJ-027 『スーパージャネンバ』"
nanashi-no-kiyou-binbou	ナナシの器用貧乏	2	1	1	action,fantasy	"記念すべき100職目解雇の日。やけ酒して街を歩いていた俺は、目の前で車に轢かれそうになった親子を身を挺して助ける。
全身を打ち付け意識が混濁していく中、聞きなれない声が頭に響いた。『--現世システムの改変を行います』。
目覚めると世界は一変し、全人類に「ステータス」が出現するとともにスキルも付与され、さらにはモンスターまで現れるようになった！
変わり果てた世界で、「器用貧乏」と言われ続けた青年の成り上がりバトルファンタジー開幕！"
nuance-tone	ニュアンス・トーン	2	0	1	bl,romance,slice-of-life	ゲーム会社に勤める千昭は上司の片山に恋をしている。しかし片山は既婚者。この先を望むつもりはない。そんなある日、突然家を失い行き場がなくなった千昭はハルという謎の男に拾われて…!?
niihao-nyannyan-ryuugakusei	ニーハオ!猫猫留学生	2	1	1	slice-of-life	"中国人漫画家が描く、猫と一緒の留学生活！ 

 上海から日本に留学中の中国人の女の子シイと猫のナタ。

新しい友達と火鍋パーティーをしたり、
教授が飼っているふわふわ猫のキナコと出会えたり、
大学の書道学科では、ついに書のコンクールが始まったり！！

京都留学生活は、今日もほっこり×わくわくと新発見の連続です！ 

 【編集担当からのおすすめ情報】 
 「週刊スピリッツ」で連載中の大人気連載の単行本2巻が発売です。

新連載から話題の「ニーハオ！ 猫猫留学生」ですが、
その理由は、実際に中国から日本に留学中の漫画家さんが描いているからです！

留学中の外国の方から見ると、日本ってこんな風に見えるんだなーと感じるエピソードが満載の、
リアルな留学生活を、みなさん楽しんでくださると嬉しいです。"
neko-tan-2025	ネコたん!	2	1	1	mystery	"時は昭和の初めのころ。北越地方の山間にある通称「猫町」は、残虐な連続殺猫事件によって恐怖に陥れられていた！
そんなある日、財部梨杏から探偵ソマリのもとに事件の真相解明の依頼が舞い込み、
刑事・雨宮将太と調査を始めるが……
運動神経と正義感だけがたよりの探偵ソマリは、事件の真相に迫れるのか!?"
net-idol-no-haishin-o-tetsudatteita-manager-no-ore-naze-bazutte-shimau	ネットアイドルの配信を手伝っていたマネージャーの俺、なぜかバズってしまう	2	1	1	fantasy	迷宮で配信活動をする『MeiQuber』事務所のマネージャー・茅野は枕営業を断ったせいでクビになってしまう。しかし担当アイドルの澪奈だけは茅野を信じ、一緒に事務所を辞めて2人で配信を行うことに。しかし、何故か茅野もバズってしまう!?人気web小説コミカライズ！
netooku-otoko-no-tanoshii-isekai-boueki	ネトオク男の楽しい異世界貿易	2	1	1	fantasy,isekai	"ネトオク男の大いなる野望！現世と異世界を貿易する新感覚ファンタジー！

憧れのエルフと仲良くなりたいーー。
親元パラサイトの青年、綾瀬次郎(あやせ・じろう)はブラック企業で傷付いた心を引きずりながら、ネットオークションで生計を立てていた。
ある日、蔵で異世界と現世の相互旅行ができる鏡を見つけ、訪れた世界には古風な街並みや美しい骨董品。そして、憧れのエルフも…！　手に入れた『天職』を使いジローはこの世界でお気楽貿易生活を目指す。ネオニートの異世界貿易生活、ここに開幕！"
neverland-to-wataridori	ネバーランドと渡り鳥	2	1	1	bl,drama,romance	"全寮制男子校という箱庭で紡がれる、御曹司と庶民の恋

あらすじ：
燕の目的を、椎名はすべて知っていたーー
キスもセックスも愛おしいものに変わったのに
いとも簡単にこの関係は崩れ去ってしまう。
話ができないまま、冬休みが迫ったある日、
燕は椎名が海外に留学することを知る。
「椎名が自己満足で終わらせるつもりなら
俺も俺のわがままに巻き込んでやる！」
学園を飛び出し、二人で駆け落ちをして…!?
大人と子どもの狭間でもがく少年たちが
やっと辿り着いた、愛と幸福の物語!!"
nora-no-pan-tane	ノラのパン種	2	0	1	drama,slice-of-life	パンを焼いて食べたなら、そんだけでハッピー！　ちょっと自然環境がシビアでテクノロジーは先進的な異世界で、主人公・ノラが先祖から受け継ぐことになったのは、東方の島国のヌカドコから派生したパン種。それは彼女の遠い遠いご先祖様が海を越えてこの地に持ち込んだ、門外不出（？）の秘宝。多種多様な人種・民族が暮らすこのカオスチックな世界で、自分のルーツをやさしく教えてくれるのは、おいしい！と感じたパンの味。ひっろい世界でおいしいパンに出会えるなんて、もうそれだけで奇跡！パン種ひとつで驚くほどいろんな美味をつくる、待望の第2巻！
hazure-joou-desu-konsei-wa-taikou-denka-ni-aisarete-imasu	ハズレ王女ですが、今世は大公殿下に愛されています	2	0	1	fantasy,romance	"廃妃の娘・サフィール王女は、国王の命により、
敵国の皇太子・フィリックスと婚約することに。
偽りの婚約だと知りつつも従うサフィール。

実は彼女にとってこれは二度目の人生だった。
前世では、恨みを持つフィリックスに徹底的に虐げられ、
ようやく死をもって、その地獄から逃れたはずなのに…。

前世の経験を活かし、同じ結末にならないように行動するサフィール。
そのせいか、フィリックスの異母弟・レアンダー大公に気にかけられ、
前世でも生き地獄から解放してくれたレアンダーに
「ここから逃げたい」と本音を打ち明けてしまうーー。

助けを求めるのなら、大公殿下しかいない…?!"
haru-no-sabori-meshi	ハルのサボり飯	2	1	1	gourmet	作業服に身を包み今日も元気に働く春川ハル。節約のため安上がりな自炊をしたいけど、手間はかけたくない！　できるだけ楽して作りたい！ そんなハルちゃんがスーパーやコンビニで食材をGetして作る料理は!?　 会社に飲み友達ができたり、念願の車も買ったりーーワンコインで美味しい、簡単アレンジのサボり飯の第2弾もめしあがれ♪
harem-souzoku	ハーレム相続	2	1	1	ecchi,romance,supernatural	"発売即重版！話題のハーレムサスペンス！ 

 急な立ち退きで、訳ありタワマンに
引っ越した日吉善吉。
 
そこは毎夜、美女が訪ねてくる
自分専用のハーレムだった。
 
彼女たちは揃って自分のことを
日吉の""恋人""だと言う。
 
事を済ませ、朝になると、
決まって消える""夜の恋人""たち。
 
──のはずが、目を覚ました日吉の横に… 

 【編集担当からのおすすめ情報】 
 『監禁王』（KADOKAWA刊）のタッグ、最新作！
原作:マサイ／漫画:あしもとよいかで贈る、1集が発売即重版のエロティックハーレムサスペンス、第2集！"
bazure-alice	バズれアリス	2	1	1	comedy,fantasy	"聖女アリス、26歳。飲酒は合法!!

あなたの応援が、私の力になる!!

人々の応援を力に変える能力を持つ追放聖女アリスは、現代日本と繋がる鏡を介して料理人マコトと運命の出会いを果たす！

二人は協力し、異世界の動画配信をスタート。
異文化交流の様子がネットに公開されていくと、徐々にその存在が知れ渡り、人気を獲得していき……。

そして、更に視聴者を増やそうと生配信を始めると、謎のゴーレムが撮影中に突如乱入してきて！?

絶体絶命のピンチに追い込まれた時、アリスの持つ「聖女の力」が覚醒するーー!!"
bad-ass	バダスbad ass	2	1	1	action,drama,mystery	"中学3年、無免許運転のバイクで人を轢き殺してしまった戸田秀太とそれを目撃した小島有一。
パシリだったはずの小島と立場が逆転し、奴隷のように扱われる毎日。
そして数年後…悪徳サイトを運営していた秀太と小島だが、小島による何年ものひどい扱いに耐えられなくなった秀太は殺そうとするが!?
「シマウマ」の作者が描くデビル・デッド・スリラー！"
batman-animated-adventures	バットマン:アニメイテッド・アドベンチャー	2	1	1	action	「バットマン：アニメイテッド」として親しまれている、アニメ版バットマンのマスターピースがコミックになって甦る…。犯罪と欲望が渦巻く都市、ゴッサムシティ。ここに、大都市メトロポリスで悪の限りをつくす実業家レックス・ルーサーの影が忍び寄る。巨大なロボットが街を蹂躙し、危険な傭兵デスストロークがロビンに共闘を申し入れる。だが、それは巧妙に張り巡らされたバットマン抹殺計画の始まりにすぎなかった…。 アニメ版製作の中心人物アラン・バーネットとポール・ディニが脚本を手掛けた、懐かしくも新しい伝説が今、幕を開ける。
ping-pong-kataoka-2025	ピングポング	2	0	1	sports	伍級昇格戦にて卓球部顧問・辻大喜との対戦が開始。ドーピングで強化された辻の力に翻弄される平だが、超人的な強敵を前に奇想天外な秘策を編み出し…!? さらに卓球の恩師である蛇塚葉里と再会した平は、巨額を賭けた一世一代の大勝負に挑むが…!? そして、勝負は人智を超えた宇宙の彼方へ──
fukui-no-pochiko-chan	フクイのポチ子ちゃん	2	1	1	slice-of-life	"けっしてうしろを振り向かない前向きなポチ子ちゃんの日常を描いた4コマ漫画。ポチ子ちゃんはラブラドールレトリバーのポチといつも楽しいおばあちゃんと一緒に暮らしています。近所のネコさんもたまに登場。

2022年4月から2023年10月までにX(旧Twitter）に掲載した4コマ漫画に加え、2020年4月から2022年3月までの掲載分からよりぬいた作品をモノクロ印刷用に描きなおして収録。"
hooked-on-quasar	フックトオンクエーサー	2	0	1	bl,romance	"「椎葉のいろんなところが見たいし…欲しい」

大好きなBatsuの正体が椎葉だと判明し混乱する犬見だったが、
椎葉に対する自身の気持ちを自覚し、告白する。
それを受け、こみ上げる嬉しさにたまらず犬見に触れたくなるも、
相手は初めてなのだから大事にしよう…と自制する椎葉。
そんな椎葉を煽るように、犬見はどんどん積極的になっていき──…？

思いやりと欲望が交差する、うぶなふたりのスローラブ。"
fly-free-ando-high	フライ・フリー&ハイ	2	1	1	sports	"バドミントン界の次世代の日本のエース氷室星は、高1の春、若月立夏が出る試合を観て一瞬でそのプレースタイルに惚れ込み、ペアに誘うーー。
常に前向き明るい性格の立夏に、クールビューティーと呼ばれる星も惹かれていき、ペアとしての信頼を深めていく。
しかし、ラリーを楽しみ、シャトルへのタッチと瞬発力が加速していく、立夏の成長速度に、星は戸惑いを隠せなくなってきて……。

これは、至宝と呼ばれた彼女たちの物語。

希望と未来はすべてコートの中にある！
女子ダブルスで金メダルを目指す、バドミントン・コミックス、完結！"
busamen-gachi-fighter-sss	ブサメンガチファイターSSS	2	1	1	action,adventure,fantasy	"容姿を犠牲に超絶ステータス獲得！！史上最強の『ブサメン』が帰ってきた！！！！
『ブサメンガチファイター』が帰ってきた!!異世界に転生し「ルックス」のステータスー255、「女の子に触れるとHP激減」、「エッチをしたら四散して死ぬ」のハードモードを課すことで絶対神としてのチートステータスを手に入れたブサメン吉岡しげる。しげるは出会った仲間と共に転生者達が道を踏み外さないよう支援をしつつ、この世界で暗躍する悪の組織に対抗する活動を続けるが、一行の前に新たな絶対神の影が…!!最強ブサイク転生冒険譚、新章開幕ーーッ!!"
blue-planter	ブループランター	2	1	1	sci-fi	"”宇宙×農業”マンガ 注目の第2巻！ 

 「宇宙農業」

それは誰もが、当たり前に、
宇宙で暮らす未来のための学問。


宙野園芸高校 宇宙農業科一期生の広田千留は、
幼い頃の自分に宇宙の魅力を教えてくれた相楽青星と再会。

ある理由で、宇宙飛行士になる夢を
諦めてしまった青星と共に、宇宙に行く未来に向かって邁進中。


宇宙に種蒔く物語は、まだ始まったばかり！！


元宇宙飛行士の向井千秋氏激賞！

次に来る宇宙マンガ筆頭！注目の第2巻！"
behemoth-no-hanamuko	ベヒモスの花婿	2	1	1	fantasy	一緒に暮らしていくことで仲が深まっていく統十郎とベヒモスの二人。だがその平穏は続かず、蛇腹剣を扱う美女がベヒモスを襲ってくる！その者の名は孫紅蛇…統十郎の先輩退魔師であった。異形嫌いの彼女が襲撃した目的、それは統十郎の横にベヒモスがいることが気に入らないので、ベヒモス自身を排除することだった…！？
hoiho-hoihoiho	ホイホ・ホイホイホ	2	1	1	comedy	"頭をよくぶつける…それだけの人生とはおさらば！


頭を強打する事によって超能力に目覚めた少女昆布川こだま。
この力で全てを！いや、学園生活を変える！
でも、失敗だらけの人生を変えられるはずが、
超能力でもなかなか上手くいかない…。

どこか奇妙で、どこか可愛くて、滅茶苦茶笑える
日常学園ギャグ漫画の超新星が登場。"
mild	マイルド	2	1	1	drama	"妻と娘がいる平凡でも幸せな家庭を持っていた高橋慎吾は飛んだ友人の借金の連帯保証人になっていたため、急遽4000万円の借金を背負うことに…
返済するためには妻や娘の身体を使うことも示唆される。
追い詰められた慎吾は返す金が用意出来ないのであれば闇バイトをしないかと持ち掛けられ!?
凶悪闇バイトサスペンス！"
madame-to-risou-no-android	マダムと理想のアンドロイド	2	1	1	sci-fi	"時は2083年。
一人一体アンドロイドを所有しているのが一般的な時代。
夫をすでに亡くし、一人暮らしをしていた高齢の景子は、友人のススメで「魔界の第二王子」設定のアンドロイド「ギルディア」を、製作会社「ドリーム・パートナーズ」にて作り、共に生活をすることになった。
景子の周りには次々とオタク趣味のアンドロイドを持つ者たちが集まりだし、賑やかなセカンドライフを送っていた。
今日もまた、新たなお客様がアンドロイドを求め、製作会社である「ドリーム・パートナーズ」の扉を叩くーーー

お金持ちのサッカー部部長、眼鏡と手袋が似合う海外アイドル、あきらかに怪しいチャイナマフィア…
これはかつて通ってきた癖に違いない！！

これは近未来のオタクたちの希望！

「理想の推しを作りました」

書籍でしか楽しめない描き下ろしは30P以上♪"
maroudo-no-kuni	マロウドの國	2	0	1	action,supernatural	"正義には力が伴わなければ意味がないーー。悩む朝陽に突きつけられる真実！
飢餓のマロウドにヒゼという名前を与え、対マロウド組織・清庭会に所属することになった朝陽。そんな中、清庭会の構成員が焼死体で見つかる。朝陽とヒゼを敵対視する竹雀萬里と合同捜査をすることになるのだが…。"
mikazuki-no-ojou-sama-bibouroku	ミカヅキのお嬢様備忘録	2	1	1	comedy,romance	"豪邸に暮らす物静かな女子高生のお嬢様と、そんな彼女を偏執的に愛する執事ミカヅキ。
お嬢様が踏んだ石、髪についたホコリ、食べ残したクリーム、浸かったあとの風呂の湯……お嬢様のすべてを愛し、すべてを知りたいミカヅキは、今日も過保護で変態的な愛をぶつけ続ける。
しかし実は、ミカヅキとお嬢様は互いに打ち明けていない、ある秘密があってーー。

『ほむら先生はたぶんモテない』シリーズのせかねこが初のフルカラーで描く、ちょっと不穏な純愛系（？）コメディ開幕！"
minami-the-super-evolution	ミナミザスーパーエボリューション	2	1	1	supernatural	"「やっぱ普通じゃつまんねぇんだわ。」
高校3年生のミナミはある日突然、超能力が開花する。中学・高校でのデビューもパッとせず、味気なかった彼女の青春はこの超能力をきっかけに次第に色を帯びていき…。
少しぎこちなくも周囲を巻き込み、時には能力も使いながら、やり残した青春を取り戻していく。
サイキック発動系ヒロインの能力無駄遣い微青春譚、第1巻!!"
muku-kano	ムクカノ	2	1	1	romance,slice-of-life	"整体師の賢太と無口な箒職人の椎奈ーー素朴で甘やかな同棲の日々を描く第2巻。いっしょにお風呂、風邪の看病や仕事での発見、小さなすれ違いを重ねながら、二人の絆はより深く、確かなものになっていく。新しい挑戦として訪問施術を始める賢太、そして迎える年末年始には、まさかのWデート旅行の計画が!? 
互いを想い合い、少しずつ大人になっていく二人の姿に、じんわり心が温まる一冊。"
make-dear-home	メイク・ディア・ホーム	2	0	1	bl,comedy,romance	"ベンチャーインテリア企業のツンツン系男子・蜂矢小晴と、大手家具メーカーの大型犬系男子・熊田大和。
性格も見た目も正反対のインテリアコーディネーター見習い二人が同じ屋根の下で同居生活をすることに…！
あなたのお部屋を素敵にします！　インテリアお仕事BL、新生活スタート！"
meoto-de-safari	メオトデサファリ	2	1	1	action,adventure,fantasy,romance	"「何人作りますか？　子供」「？　ああ…それなら、好きなだけ産ませてやる」
知らない相手との結婚に不安でいっぱいだったけど……。相手は年下イケメンの「カワイイ」男子だった!!
しかも強い!! モンスターも難なく撃破する婿殿に、花嫁はまさかの一目惚れ。さっそく初夜に挑むも……？
なにもかもが初めての年の差新婚カップルが獣を狩り、愛も育む!?
「フルメタル・パニック！」シリーズの賀東招二と漫画「テイルズ オブ ジ アビス」の玲衣が描き出す異世界冒険ロマンス！
＃01　結婚
＃02　生贄
＃03　初夜
＃04　仇討
＃05　チャーハン
＃06　夫婦でサファリ
＃07　蟹交戦
＃08　フェルスパー
＃09　接吻"
marry-merry-happy-end	メリーメリーハッピーエンド	2	0	1	bl,drama,romance	"後ろめたくても、ずっとそばにいたいーー

「好き」は人をおかしくするから、好きになることが怖いーー。
榛名に告白されたものの怖くなって拒絶した麻矢。同居生活も終了し、帰る家も失ってしまった。
なげやりな生活を送っていたが、追いかけてきた榛名にプロポーズされーー!?
7 年後の榛名と麻矢、そして颯太郎の関係を描いた後日談も収録。

※本作品は配信中の『メリーメリーハッピーエンド』#6〜#10を加筆修正し収録したものです。ご購入の際は予めご了承ください。"
mobamin	モバミン	2	1	1	comedy	"ヤバいけど、おもしろい！！！

あなたはMOBA（マルチプレイヤーオンラインバトルアリーナ）をプレイしたことがありますか？

ある人は共感必至！ ない人は未知の世界へようこそ！！

ゲーミング修羅道あるあるコメディ、開幕！！

＜登場人物＞
能知 新居子［のうち・にいこ］（23）
MOBAのポジションはサポート。アカウント名：SupGapGG［サポギャップジージー］

西園［さいおん］アカリ（23）
新居子の同僚。MOBA初心者。

境 敬人［さかい・けいと］（25）
新居子の同僚。MOBAのポジションはADC。アカウント名：ショガリーマン"
mobu-dakedo-saikyou-o-mezashimasu	モブだけど最強を目指します!	2	1	1	action,comedy,fantasy,romance	"ヒロイン攻略の管理が高難易度の恋愛アクションRPG
『ラブリーソーサラー』。
攻略サイトを運営するほどハマっていた男は、
ある日突然ゲームの世界に転生してしまう。
だが転生した先は、名前も聞いたことがないモブ貴族……。
「え…俺って魔法の全属性適正持ちなの!?
最強スペックじゃん!!」
モブキャラゆえに物語に縛られないヘルメスは、
前世の知識と己の能力をフルに活用し最強を目指す!!
「へぇ魔法には詠唱と魔力操作があるのか……。
ゲーマーの血が燃えてきた！」
魔法に剣術にヒロインとのロマンスも!?
極めしゲーマーの最強キャラ育成譚、ここに開幕！"
monster-no-niku-o-kutteitara-oui-ni-tsuita-ken	モンスターの肉を食っていたら王位に就いた件	2	1	1	action,adventure,comedy,fantasy	"反乱戦争に勝利し、ファルーンの新国王となったマルス。
国を挙げてモンスターの量産化計画を始動したが、
その影響で隣国カドニアからクレームが入ってしまう。
カドニアに流れ込んだモンスターを討伐するため黒の騎士団を派遣したが、
その一か月後、何故かカドニアのモンスター被害は悪化していてーー!?
たった一つの勘違いから始まる狂食英雄伝、第2巻!!
2025年11月刊"
monster-rendetsu-oreka-battle-2	モンスター烈伝オレカバトル2	2	1	1	action,fantasy	"主人公・ナギの限定カード付き2巻発売！ 

 令和に再臨し、2年目を迎えた激熱アーケードゲーム「モンスター烈伝 オレカバトル2」のコミックス第2巻！

進化を果たし魔王オロロソを倒したナギたちを待ち受ける更なる試練。
新たな友達・イスルと出会うナギだが、その先に待つのは残酷な現実でーー！
平和のために戦う、超本格バトルストーリー！

ゲームでも超人気の主人公「風のナギ」のカードが、石井先生描き下ろしの完全限定ふろくとしてついてくる！
さらにこのカードを育てると手に入る「疾風のナギ」「烈風のナギ」「水天のナギ」のイラストもふろく限定描き下ろしバージョンなのだ！

超絶お宝ふろく付きの2巻、お見逃しなく！ 

 【編集担当からのおすすめ情報】 
 2025年夏の一大イベント「コロコロ魂フェスティバル」でも大盛況だった、今遊ぶべきアーケードゲームNo.1の「オレカバトル2」のコミカライズ第2巻！
著者の石井先生自身も、全モンスターをコンプするほどやりこんでいる生粋のオレカバトラー！
そんな先生劇筆の超激アツバトルストーリーをぜひお楽しみください！

限定ふろくの「風のナギ」は、1巻限定ふろくの「ナギのゼノゴン」と一緒に使うのもおすすめです！"
yakuman	ヤクマン	2	0	1	comedy	"累計3200万部突破！『カメレオン』の加瀬あつしが次に解き放つ最新作は、
ヤクザ×萌え漫画家の二刀流コメディ！！
今作も、ギャグ＆下ネタ全開・全力・絶好調です。

喧嘩最強を誇る飛猿組の看板・花咲 楓。
だが、裏では漫画家・めいぷるとして萌え漫画を連載していた！
組にバレたら殺されかねない綱渡り状態だったが、
めいぷるによって息子を引き籠もりオタク化させられた
組長の怒りが追い打ちをかける！
楓はヤクザと漫画家の二刀流を守れるのか！？
爆笑ギャグ渡世、ここに開幕！！"
revival	リバイバル	2	1	1	horror	"マネージャーと共に会員制の孤島に訪れた、タレントの大槻彩音。
島の恐ろしい力により、周りの観光客は次第に若返り、
そして自分自身も若返っていく。
そんな中、危機感を持った彩音のマネージャーの瑛大は
島からの脱出を試みるのだが…。
一方、死体隠蔽目的で島にやってきた殺人鬼カップルも
その凶悪な本性をあらわにし始め
島は不穏な空気に覆われていくーー！！"
linda-the-share-house	リンダ・ザ・シェアハウス	2	0	1	mystery,romance	"このシェアハウスで、兄は消えた。
女子高生の林田アカネは、彼女を溺愛する兄・アキラに辟易としつつも仲良く過ごしていた。
ある日、その兄が突然失踪する。動揺するアカネは、兄が住んでいたシェアハウスを訪れる。そこにいたのは、兄の友人を自称する、癖のある男たち。兄が残したある手紙を見て、アカネはこのシェアハウスで暮らし始める決意をする──。
この家の誰かが兄の失踪の真相にかかわっている！　4人の男vs.女子高生、ロマンチック・サスペンス！"
re-virgin	リヴァージン	2	1	1	romance	"マッチングアプリで出会った男に無残に殺された松川沙希(29)は何故か24歳の頃に戻り、2回目の人生を歩み出していた。
自堕落でビッチだった1回目の人生で、一際他の男たちと違っていたのがMAYAKO君。
彼とは体の相性が良く、体目的で何度も会っていたが、結局彼はセフレに過ぎない立場であることが空しくなり、サキから別れを告げた相手だった。
しかし、彼を思い出した瞬間、体の奥から熱くなる感覚を覚え、サキは2回目の人生でもMAYAKO君と会うことに。
彼は1回目の出会いの時と同じようにヤリモクで誘ってくるが、未来を知っているサキの返事は……？"
rukkarie-no-kawarimono	ルッカリエの変わり者	2	1	1	comedy,drama,supernatural	"客の悩みを解決してくれる不思議なバー「ルッカリエ」の秘密。
それは、従業員が人間になれる「変わり者」の鳥たちだということ──。
年に一度、前店主の墓参りに訪れるというワタリガラスのニクスが助っ人として店で働くことに。人間との関わりを嫌い傲慢な態度をとるニクスとなかなか相容れないレッドたち従業員。だが、店主のアリは事情を知っているようで…？
忘れえぬ恩と、生き物としての本能──。今宵も、鳥たちと人間の不思議な物語が紡がれていく。"
record-home	レコードホーム	2	1	1	comedy,sci-fi	"18歳のノアがまたもやバイトをとんだ朝、
呼び鈴が鳴った。
「宇宙人です 今日空いてる？」

働きたくないノアは、
宇宙人に手招きされるがままに
とりあえず地球をとびだすことに。

これは、大人になれないノアと
同居宇宙人けびりんちょむによる、
のんきな宇宙暮らしのレコード。

【電子版のみ連載時のカラー原稿が収録されます。】"
level-0-no-munou-tansakusha-to-sagesumaretemo-jitsu-wa-sekai-saikyou-desu	レベル0の無能探索者と蔑まれても実は世界最強です	2	1	1	action,adventure,fantasy	"突如地球にダンジョンが出現してから、
人類には「レベル」という概念が刻まれた。
レベルは数値化され弱肉強食はますます進むなか、
レベル0：鈴木日向は最も差別を受ける存在である。
そんな無能でもダンジョン探索者を夢見るのだが、
日向は入学先の高校で出会った
Sランク潜在能力の銀髪美少女：神威ひなたと
なぜか急接近しーー!?
LEVEL0×LEVEL1　日向とひなた
LEVEL0×LEVEL2　神威さんの本音
LEVEL0×LEVEL3　秘密の特訓
LEVEL0×LEVEL4　実家への挨拶
LEVEL0×LEVEL5　Wヒロイン注意報"
level-no-gainen-ga-nai-sekai-de-ore-dake-ga-zen-jidou-level-appu	レベルの概念がない世界で、俺だけが【全自動レベルアップ】	2	1	1	action,fantasy	「勇者」たる資質はなにか──！激動のトップスピードファンタジー第2巻!!　謎のスキル「全自動レベルアップ」により、王女・ルリスと冒険者・エリを救ったアルバート。その功績により、勇者へと推薦されたアルバートは、勇者を束ねる長・バルフレイと戦う試練を受けることに。だが、際限なく強くなり続ける「全自動レベルアップ」を持ってしてもバルフレイの持つ武力には遠く──。「勇者」たる資質はなにか、アルバートの覚悟が今試される!!
wakeari-dansou-reijou-rival-kara-kyuukon-dekiaisareru	ワケあり男装令嬢、ライバルから求婚される	2	1	1	fantasy,romance	"アドルフとの初デートを終え、リオニーはこれまで知らなかった彼の優しさに触れる。
そんな中、親友・ランハートの協力で、アドルフが手紙と薔薇を贈る相手が、グリンゼルにいることが判明！
相手を突き止めようと、再び彼とのデートに臨むリオニーだったが、彼本人からまさかの「愛人」にまつわる衝撃的な話を切り出されーー！？
さらに、魔法学校での””ある悩み””を打ち明けられたことで、アドルフの誰にも見せない孤独と苦悩を知ってしまい…？

「もうずっと、初めての感情に混乱しているんだーー」
ライバルである彼の胸に秘めた想いが、今明かされるーー！
第6話
第7話
第8話
第9話
第10話"
issun-saki-no-yami	一寸先の闇	2	1	1	horror	"小説紹介クリエイターのけんごさん推薦! 現代ホラーシーンを牽引する澤村伊智による初のホラー短編集、待望のコミカライズ第2巻! 

第6話「血」……とある田舎、夏の夜の秘密の儀式。
第7話「かみさまとにんげん」……夏休みも子どもたちは体育館に集まる。かみさまをつくるために。
第8話「ねぼすけオットセイQ町店301号室のノート」……(以降のページは破り捨てられている)
……など全5話収録(以降続刊)"
isshokenmei-ni-ite-hoshii-tada-sou-iitakatta	一緒に居てほしい。ただそう言いたかった。	2	1	1	drama,romance	"母の死で恋を恐れる娘が
一生に一度の恋に出逢うーー

私の母はーー恋に生きて、恋に狂って、そして恋に殉じた……

溺愛されている異母妹と差別され育った“氷の令嬢”ミネレーリ。彼女の母親は報われない恋で、幼いミネレーリを置いて自らの命を絶った。母の死に囚われ、母のように恋に狂うことを恐れるミネレーリ。固く閉ざされた彼女の心を動かしたのは、カクトスの温かさと優しさ……。"
bannou-yakushi-wa-zamaa-o-kuwadatenai	万能薬師はざまぁを企てない	2	1	1	fantasy,isekai,romance	"日本で薬剤師として働いていた主人公は、王宮専属薬師・マリアンナに転生した。
しかし転生先の医療事情はずさんで、患者のために行動した結果、上司の反感を買って王宮をクビになってしまう。
「私は私でやらせていただきます」
気持ちを新たに、ダイアンサス領へと移住したマリアンナは、
なぜかマリアンナを気に入って離さないイケメン辺境伯や、モフモフでかわいい相棒の精霊とともに、
チート級の調合スキルと薬剤知識で、新薬の開発や医療体制の整備に取り組んでいく──！"
kyuubigitsune-to-kemono-no-ishi	九尾狐と獣の医師	2	0	1	supernatural	"時は榁町。
妖怪大好きな獣医の瑠璃は旅の途中、
美しい九尾の狐、藤瑪を治療した結果、『黒羽根』と呼ばれる妖怪に命を狙われることに…！
護衛として藤瑪が旅に同行することになり、行く先々で妖怪を治療していく瑠璃だが、その影には『黒羽根』の姿があって…!?
クーデレ狐×獣医少女×あやかしお仕事ファンタジー 堂々完結！
2026年3月刊"
nidome-no-propose	二度目のプロポーズ	2	1	1	romance	"新社長になった元カレが、手段を選ばず口説いてきて…！

会社員の麻衣の前に、最悪な別れ方をした元カレ・裕也が社長として現れた！　イケメンかつ御曹司の彼との関係を周りに知られたくない麻衣はつとめて冷静に接するが、裕也はグイグイ迫ってくる。彼への想いには決着をつけたはずなのに、ドキドキ心が揺れてしまうーーあんな思いはもうしたくないのに。だけど裕也に婚約者がいると聞いてしまい……!?"
kyoto-fushimi-no-ayakashi-kanmi-chou	京都伏見のあやかし甘味帖	2	1	1	comedy,fantasy,romance	"ワーカホリックな29歳、小薄れんげ。
ある日会社から唐突な退職勧告を受け帰宅すると、結婚予定の彼氏は見知らぬ女と浮気中!?
憤怒の涙を堪え、れんげは旅立つ。一度は行きたかった未踏の地、京都へとーー！
そこで出会ったのは、古町屋に住むおっとり系甘味オタクな大学生男子と、おしゃべり(!?)な黒狐。
癒しを求めて京都に来たはずのれんげは、次から次へと怪異に巻き込まれ……!?"
hito-no-tame-ni-hataraku	人のために働く	2	1	1	drama	"生きるために知る…可能性の物語、完結。 

 「俺たちはこの種の青年期を、できるだけ適切に終えなければならない」
生きづらさを抱えながら”世”と向き合う青年が繰り返す前進・後退・停滞…
それがやがて、静かで大きな転換をもたらしてゆく。小学館新人コミック大賞、大賞受賞作家の鮮烈デビュー作、ここに完結。"
hitokoishikute-katta-dorei-ga-kizuitara-sei-san-cheat-musou-shitemashita	人恋しくて買った奴隷が気づいたら生産チート無双してました。	2	1	1	adventure,fantasy,isekai,romance	"※全編フルカラー ※描き下ろし1話16P新規収録

何のチート能力も得られず異世界へ放り出されてしまった万年ボッチな
サラリーマン“遠間誠示”は“セージ”と名乗り、独学と努力で自立するも、
周りとは馴染めず結局ボッチ冒険者となってしまった。
そんな中、不意に得た大金で人恋しさから奴隷として“メリス”を購入したことから
セージの生活は一変する。
互いに孤独を感じていた中で出逢ったセージとメリスのふたりは
主従関係を超えた深い愛情で結ばれ、恋人関係となる。
マイホームを手に入れ、ふたりだけのラブラブな新生活を送る中、
メリスは錬金術師“メティー”に才能を見出され、工房の手伝いを始める。
少しでもセージの助けになりたい一心で錬金術に触れたメリスだったが、
その才能は、常識をひっくり返すほどのチート級生産スキルで……！？
未体験の“脱・ボッチ”ファンタジー、堂々完結！"
konya-mechakucha-ni-dakimasu	今夜、めちゃくちゃに抱きます	2	1	1	ecchi,romance	"大胆で激しい猛攻エッチ…ガツガツに抱かれちゃう

「俺を男として見てくれませんか」
本気の恋愛ができず悩んでいたアラサーOLの純はプチ失恋を理由に飲んでいたところ、バー店員の一真に告白される。
ほんの気紛れのつもり…だったのに、一途な熱い視線に抗えず気がつけば家に上げてしまう純。
ところが雄の顔をした一真に真剣に迫られーー…
絶妙で的確な愛撫を仕掛けてくる熱い手に、ご無沙汰な体はトロトロに潤んでいって…
そんなストレートに来られたら、拒めない！
かわいいフリして大胆な猛攻エッチで…ガツガツに激しく抱かれちゃうの!?"
konya-mo-kimi-to-koubutsu-dinaa-o	今夜もきみと鉱物ディナーを	2	1	1	bl,gourmet,romance	"鉱物を食べる“鉱物食”の同級生・一織に密かに恋する大学生・藍生は、
鉱物食向けのシェフを目指し、一織に試作メニューを提供している。
「一織に食べられたい」という欲望を隠したままーー。

一方、藍生が自分を好きだとは気づかない一織は、
藍生が性的な欲求を抱えていると知り、“発散の相手になる”ことを提案。
一織は藍生の身体を、少しずつ暴くように触れ始める。

これは一織の善意だと言い聞かせ、藍生は葛藤に苦しむなか、
一織の胸の内は静かに変質していく。

「藍生の唇を 舌を 髪を 肌を舐めたら どんな味がするのだろう？」

藍生を誰にも見せたくない。
奥まで欲しくてたまらない。
独占欲と執着心が、一織の中で膨れ上がっていき……。

■収録内容
・第5話〜第8話…『COMICフルール』にて掲載作品を加筆修正
・「シチュエーションプレイ」13P…描きおろし
・本体表紙2P…キャラクター設定＋after talk"
koyoi-anata-to-hitamuki-midara	今宵あなたとひたむき淫ら	2	0	1	drama,romance	"順調におつきあいを続ける響平と杏珠。

クールで手慣れているように見えた響平は

想像以上に一途で情熱的で

いつも杏珠を大切にしてくれる。

響平の知らない顔を知るたびに

杏珠の中でも愛しい気持ちが育っていった。

なのに…「一緒に暮らさない？」

響平の言葉になぜかためらってしまう杏珠。

幸せすぎると不安になるのはどうして…



涙からはじまったふたりの恋の結末はーー"
kyou-de-anata-o-wasuremasu-dakara-douzo-oshiawase-ni	今日で貴方を忘れます。だからどうぞお幸せに。	2	1	1	fantasy,romance	"魔女の毒薬を飲み、＜愛する人に関する記憶＞を消したセイラ。

毒は“愛する人”と関わりが深い人間のことも忘れさせ、
幼馴染であり、マシューの側近だったジュリアンとの思い出も抹消してしまった。

失われたジュリアンとの記憶の手掛かりを欲し、かつての自分の日記を辿る中で
これまでも彼の深い愛に支えられてきたことを知ったセイラは
溢れる想いを伝え、二人は交際することに！

しかし、恋人同士になった彼らを待ち受ける
国の政治に深く関わる両家の派閥問題や、セイラへの新たな婚約話。
そして国王陛下の懇願により、セイラは再びマシューと面会することになりーー!?

「今の私が愛しているのはーー…」"
shiage-otoko-no-kuromoji	仕上げ男子のクロモジ	2	1	1	comedy	大ヒット完結作「セトギワ花ヨメ」の次世代編ついにコミックス化！
sennin-surooraifu	仙人すろーらいふ	2	1	1	fantasy,slice-of-life	"渋谷で、留守がちな母と二人姉妹の一夏と佑生、祖母・ヨシエの四人で暮らす永倉家。
そこに山梨で自給自足の生活を送ってきた仙人様と弟子の道が同居することに……！？
都会のど真ん中でマイペースにスローライフを送ろうとする仙人様に、驚きとわくわくをもらう生活が始まった！"
yomei-wazuka-no-intai-seijo-wa-reikoku-koushaku-tono-yakkaibarai-kon-o-ouka-shitai	余命わずかの引退聖女は冷酷公爵との厄介払い婚を謳歌したい!	2	0	1	fantasy,romance	王国に害を与える瘴気を祓うため、命を削り力を尽くしてきた聖女・ミュリエル。しかし身勝手な王子から冤罪と婚約破棄、さらには魔力枯渇による聖女引退を言い渡される。うんざりしながら自身の寿命はあとわずか。余生を悔いなく過ごそうと心に決め、冷酷公爵と噂のロイ・カルヴァートとの縁談を組まされたが王子よりマシ！と覚悟を決める…が！そんな覚悟とは裏腹にロイは溺愛してきて…！？ お払い箱聖女の逆転愛されライフ！
yomei-ichinen-no-koushaku-shisoku-wa-tabi-o-shitai	余命一年の公爵子息は、旅をしたい	2	0	1	adventure,fantasy	公爵家に生まれるも余命を告げられた少年・ヨナは世界中の伝説をこの目で見るために旅に出た。最初に訪れたラングハイム領では伯爵令嬢マルグリットと出会い心を通わせ領地に迫る蝗害の危機を古代魔法で解決。しかし残された時間が一年しかないヨナはまた新たな地へと旅立つ。今度の旅先は海洋国家ベネディア王国。向かう道中で商人に扮した王太子・カルロと出会い歓迎されるも、カルロはある暗い思いを抱えていた。小さな英雄が奇跡を起こすハートフル英雄譚第二弾！
shuraba-marugoto-isekai-shoukan	修羅場丸ごと異世界召喚	2	1	1	adventure,fantasy,isekai	"忘れ物を取りに家に戻ったら、旦那と後輩の浮気現場に遭遇してしまった灘木 優（27）。苦しい言い訳を聞いてるうちに何もかもが嫌になって「帰りたい」と思ったら、修羅場丸ごと異世界に飛ばされてしまったーーー!?
召喚された城で不倫カップルは「勇者（）」と「せいじょ」と鑑定されて浮かれまくる一方、自分は「主婦」で明らかにがっかりされたので、さっさとその場から逃げ出すことに。
翌日、街中でケットシーのルーンにナンパ（？）され、働き口を求めて冒険者ギルドへ向かったものの、そこにあったのは、目を覆うレベルのゴミ屋敷だった。
そんな中、特殊スキル持ちということが判明しーーー。冒険者ユウこと剛力主婦、ここに爆誕！"
ore-dake-yoyuu-no-isekai-survival	俺だけ余裕の異世界サバイバル	2	1	1	ecchi,fantasy	"サバイバル好きの変わり者男子・冴島海斗は、
ある日突然クラスメイト達と異世界の無人島に転移してしまった。

クラスの美少女4人と合流した海斗は、 
火を熾し、獲物を狩り、寝床を確保する。
海斗の有能さに、女子たちの視線はいつしか…？
そして、手作りシェルターで過ごす初めての夜が始まる!!"
ore-no-manamusume-wa-akuyaku-reijou	俺の愛娘は悪役令嬢	2	0	1	fantasy	"愛娘を絶対に悪役令嬢にさせない!! 運命に抗う父親の奮闘記が開幕!!
愛娘の誕生の瞬間、ヴォルフは思い出した。自らが乙女ゲーム「蒼乙女の幻想曲」の世界に転生したこと、そして彼女が悪役令嬢となる未来を! 愛娘を悪役令嬢にさせないため、運命に抗う父親の奮闘記が開幕する!!"
youheidan-no-itoshigo	傭兵団の愛し子	2	1	1	fantasy	"眷属の召喚に成功し、召喚士の道を歩み始めた傭兵団の弟子ウィル。
そんな折、ウィルは傭兵団一の問題児・シャルノアから人攫い討伐任務の手伝いを命じられる。
シャルノアの強引な捜査で人攫いのアジトを早々に発見するが、そこで見たのは檻から逃げ出した巨大な魔物・デッドボアと襲われた人々の死体の山。
そしてシャルノアはウィルに試練を課すーー
「あれを殺れ。あたしは5歳であれくらい殺してた」
あまりに無謀な魔物の単独撃破。
死の淵に立たされたとき、底知れぬウィルの才能が明らかになる…！
無敵の師匠たちに育てられた規格外の弟子による最強成長ファンタジー、第2巻！"
keikoku-akujo-no-hakarigoto	傾国悪女のはかりごと	2	1	1	fantasy,romance	"「悪女」と罵られながらも、家族への深い慈愛と類まれな機知を持つミランダ。
そんな彼女に興味を持ったのは、大国グランガルドの王、クラウスだった。

国王から見初められたことで、一気に「正妃」の最有力候補に躍り出てしまった彼女は
王宮内で政敵から疎まれることに危機感を覚え、
自身の他に4人の「正妃候補」を立てるという、大胆な提案をする。

こうして水晶宮に集結した、5人の妃候補たち。
その華やかな舞台の裏で、グランガルド王国は隣国ジャゴニ首長国への侵攻を開始する。

「--陛下、どうかご無事で」

後宮の静かな火花と、国を蝕む戦禍。
悪役ふたりは、それぞれの場所で
グランガルド王国を守るための戦いに身を投じてゆくーーーー。"
boku-no-satsujin-keikaku	僕の殺人計画	2	1	1	drama,mind-game,mystery,suspense	"YouTubeチャンネル登録者数 86.5万人超！
人気ホラー系クリエイターやがみが描いた、
天才編集者と殺人鬼作家による究極の頭脳戦作品ーー『僕の殺人計画』
それを、緻密で繊細、そして圧倒的画力を誇る、
奇才・真昼てくによって完璧にコミカライズ。
アナタは世紀の傑作を目の当たりにする！"
boku-no-kami-sama-wa-kisu-ga-umai	僕の神様はキスがうまい	2	1	1	bl,romance	"独占欲強めな溺愛神様×不運体質な大学生のご利益保証な同居生活、堂々完結v

稲荷神のウカに気に入られ、
特別な加護を受ける不運体質の大学生・ミサキ。
「一生護ってやる」と誓ってくれたウカの強い護りで、
災いに脅かされることのない平穏な毎日だ。
けれど、ウカの兄を名乗る大歳神が、突然現世に顕現!!
弟神が唯一執着を見せる存在ーーミサキに興味を示すと、
「俺が代わりに加護を与えてやる」と傲岸不遜に言い放ち…!?
甘い蜜月に恋の試練が訪れる、溺愛神様との恋人編v"
moto-gal-joushi-chan-no-karada-ga-panee	元ギャル上司ちゃんのカラダがパネぇ!	2	0	1	ecchi	"2人の恋が動き出す、ドキドキの社員旅行がスタート！

お互いを意識し始めた苺花と北本は素直になれず、ドギマギドギマギ。
そこに現れた同僚・神田夢はどうやら北本を狙っているみたいで!?
夢の存在に嫉妬して、すれ違いまくる2人の関係…--

ああ〜もういいからお前ら付き合っちゃえよっ！！！

ここでしか読めない描きおろし収録！"
moto-koookami-no-reitetsu-kokuou-heika-ni-dekiai-sarete-komatte-imasu	元仔狼の冷徹国王陛下に溺愛されて困っています!	2	1	1	fantasy,romance	森で孤独に暮らす少女・レイラ。傷ついた狼の子・アンバーを助け、ふたりで家族のように暮らしていたが、事故によって離れ離れになってしまう。十年後、街を訪れたレイラは、冷酷と恐れられている国王・イライアスと謁見する。なんと彼はかつての仔狼・アンバーだったのだ。イライアスはレイラの体に残る『番の証』を認めると、独占欲を露わにし、自分の子を孕めるのは番のレイラしかいないと告げる。条件と引き換えに、子を孕むための契約を交わしたレイラだったが、徐々にイライアスと心の距離も近付けていって……。
moto-sentouyou-dorei-desu-tasukete-kureta-ryuujin-wa-tsugai-dasou-desu	元戦闘用奴隷ですが、助けてくれた竜人は番だそうです。	2	0	1	fantasy,romance	八番は戦闘用奴隷として戦うだけの悲惨な毎日を過ごしていた。ある日、警備隊として闘技場の摘発に向かった竜人のセレスト。戦う彼女の姿をひと目見て、神が定めた運命の相手【番(つがい)】だと気付き──？ 奇跡的な出会いによって、二人の運命が今交わりだす…！
moto-tansakusha-no-ojii-chan	元探索者のおじいちゃん	2	1	1	fantasy	元探索者のおじいちゃん、孫に言われてダンジョン探索の配信始めます！　世界にダンジョンが存在するようになって幾星霜。それが文化として根付き、若者はこぞってダンジョン配信をするようになったご時世において、「おじいちゃん、ダンジョン配信してよ！」と孫にせがまれた元探索者の工藤源二は、30年ぶりにダンジョンに潜ることになる。現在の常識とは異なる源二のダンジョン配信は、様々な要因が積み重なり、世間を騒がせるほどにバズってしまうことになるのだがーー!?元探索者のおじいちゃんが世のため孫のため躍動する！波乱万丈の第1巻！
moto-kizoku-no-yonkyoudai-wa-kujikenai	元貴族の四兄弟はくじけない!	2	1	1	fantasy	"【第6回アース・スターノベル大賞・奨励賞とコミカライズ賞のダブル受賞作、待望のコミカライズ！】

無職の男が目を覚ますと、貴族の末っ子である3歳のロロに転生していた。両親を亡くし、“叔父”を名乗る男に家を追い出されたロロたち四兄弟。
田舎でほのぼの暮らしていたら、優しくてチートなお友達のおっきいワンちゃんや赤ちゃんヘビ、巨大なニワトリさんが集まり、さらには兄姉やSS級冒険者、女神に溺愛され…！？"
hikatte-tsukishiro-san	光って!月魄さん	2	0	1	drama,fantasy	"生き辛い世界で出会った2人は、光れるか！ 

 喜びや希望を感じると「髪が光る」特異体質の人間・月魄（つきしろ）。
月魄が橋から捨ててきた「喜びの光」だけを頼りに生きてきた河童・弾子。

現実の世界で生き辛い2人（？）は運命的に出会ったーーーーー

自分が平穏に生きていくために捨ててきた「光」を、誰よりも必要としてくれる存在、弾子に出会った月魄は、彼女を喜ばせるため、なんとか新しい喜びを感じて、光をプレゼントしようとする。だがそれは一方で、自分が世界から得た喜びを捨て去る行為に他ならなかった。

与えることと、与えられること。幸福なようで残酷な2人の関係に光は差すか!? 

 【編集担当からのおすすめ情報】 
 ビッグコミックスペリオールから飛び出た新星・安彦晴による""明日を照らす""ニューファンタジー、注目の最新刊！"
koushakuke-wa-gikei-ga-tsugeba-ii	公爵家は義兄が継げばいい	2	1	1	comedy,fantasy,romance	"どんなに悪女を演じても…
お義兄様への恋心は偽れない

公爵家の令嬢・アデールは、
寡黙な義兄・エドワードに長年片想いをしていた。
親が決めた婚約を破棄して
エドワードを自由にするため【悪女計画】を実行！

悪役令嬢を演じて追放されようとするが、
王太子の逆鱗に触れ、結婚を迫られてしまう。

「公爵家を守りたければ、私の妃となれ」

王太子に嫁ぐと決めたアデールだが、
エドワードへの想いは募るばかりで…

一方、悪女計画を知ったエドワードも
アデールへの恋心があふれ出してーー

「たとえ国を敵に回しても　アデールを譲りたくない」

お義兄様のプロポーズ計画も始動!?
三角関係が加速する、すれ違いラブコメ第2巻"
meikon	冥婚	2	1	1	bl,fantasy,romance	"「お前の死など、俺が許すわけないだろう」
クズな両親に巻き込まれて事故死してしまった恵一。
来世こそは幸せになりたい、そう願いながら目を開けるとーー
「やっっっっっと死んでくれた！！」と謎の悪魔に大歓迎される。
しかも、その悪魔は何故かもの凄く執着してきて、
気づけば冥婚するために外堀を埋められていた。
こんなの冗談じゃない！また死んで絶対に生まれ変わってやる！
そう思っていたらーー「そんなに死にたいならイキ殺してやろう」
不敵な笑みで押し倒されてー…
重すぎる愛に翻弄される冥界ファンタジーBL、開幕！"
saenai-kago-mochi-reijou-kokou-no-ouji-sama-ni-misomerareru	冴えない加護持ち令嬢、孤高の王子様に見初められる	2	1	1	fantasy,romance	豊穣の加護を持つ侯爵令嬢・フェリシー。美を操る加護を持つ妹に虐げられながらも、次期領主の務めを果たすべく日々勉学に励んでいた。しかし、妹の策略によって、後継者の地位と婚約者を奪われーーもういい、ならば自力で生きていきます！　王宮女官となるため学園で猛勉強するフェリシーは、ひょんなことから優秀な第三王子・ハルトの「お気に入り」になって⁉　彼と逢瀬を重ねるうち、フェリシーは愛される幸せ、そして豊穣の加護の真価を知ることにーー。じれ甘×溺愛×シンデレラロマンス♡
reitetsu-onzoushi-to-seiryaku-kekkon-shitara-dekiai-de-tokasarete-migomori-tsuma-ni-narimashita	冷徹御曹司と政略結婚したら、溺愛で溶かされて身ごもり妻になりました	2	1	1	romance	"これから先も続く、最高のハッピーエンド

大企業の御曹司・宇佐川晴臣とは政略結婚だと割り切っていた雪華は、その愛情をどこか信じきれないでいた。しかし、じょじょに晴臣を愛していき、ついに子どもを身ごもる。そんな中、USAKAWAのCMに抜擢された大人気女優は、なんと晴臣の元カノ!?　親し気に見えるふたりに、やっぱり自分は釣り合わない…と気後れしてしまう。晴臣は不安な雪華に優しく語りかける。「俺たちの間に他人が入る隙はない。信じてもらえるまで、何度でも愛していると言うよーー」"
dekisokonai-no-jinan-wa-reikoku-koushaku-sama-ni-dekiai-dekiaisareru	出来損ないの次男は冷酷公爵様に溺愛される	2	1	1	bl,fantasy,isekai,romance	子爵家次男坊であるジル・シャルマン。実は彼は前世の記憶を持つ転生者で、怠ける使用人の代わりに家の財務管理を行っている。ある日妹が勝手にダルトン公爵家との婚約を解消し、国の第一王子と婚約を結んでしまう！　すると公爵家から『違約金を払うか、算学ができる者を差し出せ』と婚約解消の条件が出され、出来損ないと冷遇されていたジルは父親から家を出ていくよう命じられる。有名な冷酷公爵ライア・ダルトンに売られたジルだが、待っていた彼は噂通りの厳しい人物……かと思いきや意外な一面を持っていてーー？
touken-ranbu-shin-tan-hachisuka-kotetsu	刀剣乱舞真譚蜂須賀虎徹	2	1	1	action	"歴史改変を目論む歴史修正主義者。彼らから歴史を守るため、審神者に就任したのは虎のぬいぐるみで……？ 政府からの指令を受け、特命調査・天保江戸へ出陣した一行。そこで出会ったのは先行調査をしていた二振りの刀剣男士だった。
大人気ゲーム「刀剣乱舞ONLINE」の世界を、始まりの一振り・蜂須賀虎徹とともに紡ぎ、折重ねてゆく本丸運営譚堂々完結！
第六話　天保江戸
第七話　江戸市中
第八話　刀剣男士と使命
第九話　イレギュラー
第十話　寄る辺の本丸"
hatsukoi-dogs	初恋dogs	2	1	1	romance	"将軍の正体は、韓国財閥家の“50億円の犬”だった？！
愛犬たちの“初恋”を機に”愛”をこじらせた大人たちの国を越えた三角関係が幕を
開ける！

獣医の快(カイ)は捨て犬だった将軍と過ごして約1年。
快にとって将軍は寂しさを埋めてくれる大切な存在だった。
さらに将軍のおかげで出会えたのが、気は強いがどこか惹かれる女性弁護士・愛子。
順調に進むかと思われた2人の恋。
しかし、ある日突然、韓国から財閥・ウロアグループの若き御曹司である
ウ・ソハが現れて「その犬はうちの犬だ。返してくれ」と告げられたのだった──。

★本作はBL作品ではございません。"
hatsukoi-pure-family	初恋プレファミリー	2	0	1	bl,romance	"『ちょっとだけうちの子預かってくれない？』

地方公務員として慎ましく暮らしている橘瑞稀には、誰にも言えない秘密がある。
それは“性欲が強い”こと。しかも男に触れただけで反応してしまう厄介な体質付き。
一生秘密を背負ってひっそりと一人で生きていくんだ…と思っていたある日、
高校の同級生であり憧れの存在だった瀬川が橘の地域の担当配達員として現れた。

昔と変わらず気軽に接してくる瀬川との再会に嬉しさ半面浮き足立っていたが、
ある日瀬川が幼い女の子と共に訪ねてきて…!?

色とりどりの“愛”を描く、新しい家族のはじめ方。"
shoho-mahou-shika-tsukawanai-nazo-no-rou-mahoutsukai-ga-tabi-o-suru	初歩魔法しか使わない謎の老魔法使いが旅をする	2	1	1	adventure,fantasy	"冒険者パーティ「燃える魂」の欠員募集に現れたのは、
初歩魔法しか使わない痩せた身体の老魔法使い・へルート。
彼は飄々としつつも、どこか剣呑な雰囲気をまとい、
思いもよらない方法でパーティの危機を救ってくれる。
そして旅の途中、へルートは霧に閉ざされた村で暮らす
少女カテナと出会い、ともに旅をすることになり……。

ーー彼は一体何者なのか。
人の業では溶かすことができない氷の欠片を握り
旅を続けるへルートには、何か秘密があるようで？


旅をするへルートは数々の出会いに導かれ、
世界を動かし始めるーー！"
zense-kara-kimi-dake-o-aisuru-to-chikau-yo	前世から君だけを愛すると誓うよ	2	1	1	drama,romance	"大手企業で働く春川 詩乃は、仕事を押し付けてくる後輩に
辟易しながらも、持ち前の責任感で仕事をこなす毎日。
そんなある日、会社の新社長に首藤 真司が就任する。
冷たい印象の須藤だったが、彼は詩乃の今までの
頑張りを認め社長補佐に任命する。
さらに仕事に邁進していく詩乃であったが、なんと家が水漏れ被害に…!?
困り果てる詩乃に、首藤はシェアハウスを紹介。
いざ入居するとそこには首藤の姿があってー…!?"
zense-ga-densetsu-no-dai-majo-datta-fuguu-seijo-wa-koutei-heika-ni-dekiai-sarete-imasu	前世が伝説の大魔女だった不遇聖女は皇帝陛下に溺愛されています	2	1	1	comedy,fantasy,romance	「喜べ、お前を皇帝たるオレの妃にしてやろう！」両親を早くに亡くした稲妻菫は、従妹一家に引き取られ虐げられる生活を送っていた。ところがある日、異世界に従妹の小坂牡丹(極悪)と一緒に救国の聖女として召喚され、なぜか菫だけが皇帝のカーライルに求婚されてしまう。どうやらカーライルと菫の間には前世からの特別なつながりがあるようでーーー。『悪役令嬢は溺愛ルートに入りました！？』『転生した大聖女は、聖女であることをひた隠す』の十夜の完全オリジナル脚本を超美麗絵師・村上ゆいちが描く！
zense-yuusha-no-ore-ga-maou-to-room	前世勇者の俺が魔王とワンルーム	2	1	1	bl,fantasy,romance	"魔力で人生を取り戻すよりも、このままネロと一緒にいたいーー
前世で勇者だった滉太（こうた）は、今世で元魔王のネロと平穏な日々を過ごしていた。
ところが突然、ネロが何者かに攫われてしまう!!
なんと犯人は、学生時代からの友人・財前（ざいぜん）!?
実は彼こそがネロを魔王に仕立てあげ、国を滅ぼそうとした魔術師の生まれ変わりだった…!?
前世では結ばれることが叶わなかった勇者と魔王が、今生で全ての記憶を思い出し奇跡の再会!!
永い時を経て、二人が掴み取る未来はーー!?
さらに元騎士・各務（かがみ）×元魔術師・財前の物語も収録♪"
ken-yo-kaku-katariki	剣よ、かく語りき	2	1	1	action,adventure,fantasy,isekai	"運命をーー斬り裂け！
異世界に転生し、剣の道を志す少年ユキト。ある日、育ての親である老人が姿を消しユキトは故郷を捨て旅に出ることを決意する！科学と魔法の世界で始まる至高の剣劇ファンタジー開幕！"
ken-o-motanai-kensei-kizoku-ni-shihai-sareta-kishi-gakuen-de-musou-suru	剣を持たない剣聖、貴族に支配された騎士学園で無双する	2	0	1	action,fantasy	"ウェルダリア王国。そこは、貴族中心主義がはびこり、真の才能は評価されない腐敗した国…。
堕落した社会の縮図のような騎士学園に、1人の平民が入学した。天真爛漫な少年・フィート。平民である彼を見下し、挑発してくる無能な貴族たちを徒手空拳でブチのめしてゆく。
彼の正体は“剣を持たない剣聖”…かつて人魔戦争を終わらせた男。
剣なんか持たなくてもお前より強いから、俺。超大型学園剣術アクション開幕！"
yuusha-no-ateuma-de-shika-nai-akuyaku-kizoku-ni-tensei-shita-ore	勇者の当て馬でしかない悪役貴族に転生した俺	2	1	1	fantasy,isekai,romance	"ゲームの最推しヒロイン・セルヴィアのハッピーエンドを探して何度もプレイするものの、
勇者ハーレムの一員にしかならない扱いに憤る主人公が、
ある日目覚めるとゲームの世界に転生していた。

しかし転生したのはセルヴィアの婚約者だが
彼女を苦しめ序盤に倒されてしまう悪役貴族・カイン。

何もしなければいずれ勇者にセルヴィアを取られて殺されてしまうカインは、
ゲームシナリオをぶっ壊してセルヴィアと幸せになる未来を掴もうと決意する。"
yuusha-no-tabi-no-uragawa-de	勇者の旅の裏側で	2	0	1	adventure,fantasy	"少女2人きりで挑む世界を救うための冒険譚！

＜あらすじ＞
『旅半ばで魔王の側近に襲われ、新しく選ばれた勇者は命を落とす』
不穏な予見を発端に、勇者を助けるための極秘任務を託された神官リュイス。
冒険者の宿で出会った凄腕剣士アレニエと手を組んで始まった
たった二人だけの旅ーー
想像を超えた困難に立ち向かう中で、傷ついたり、助け合ったりしながら
少しずつ心の距離を縮めていく彼女たちだが、お互い人には言えない秘密を抱えており……。

魔王の恐怖と共に語られる勇者一行の華々しい冒険譚。
その陰で、見え隠れする少女二人の活躍はあまり知られていない。"
yuusha-uchuu-sworgrader	勇者宇宙ソーグレーダー	2	1	1	mecha	"『勇者シリーズ』の生誕30周年を記念して贈る、完全新作コミック『勇者宇宙（ブレイブユニバース）ソーグレーダー』！
地球に暮らす少年「勇之上 平（ゆのかみ たいら）」が、不思議な少女「ラールア」、そして宇宙管理局の勇者「ソーグ」と出会った時、壮大な物語の幕が開く！
エクスカイザーやガオガイガーなど、歴代勇者も登場する夢のオールスター作品！

勇者宇宙ソーグレーダー?には物語の導入部となるchapter001〜005本編5話分に加え、WEB掲載された「勇者王ガオガイガー外伝　キングジェイダー灼熱の不死鳥（前編）」をコミック初収録！
そして特装版の付録は、特別映像満載のスペシャルBlu-rayと小冊子！

◯特別付録Blu-ray
収録映像その1.
勇者宇宙ソーグレーダーのオープニングアニメーションをイメージしたスペシャルアニメPV！
米谷ヨシトモ氏をはじめ、様々なレジェンドクリエイターが集結して制作された超ハイクオリティムービーだ！
歴代勇者大集結の豪華アニメーションに乞うご期待！

収録映像その2.
主題歌『あしたの勇気に日は昇る』の録音風景を収録したショートムービー！
米谷ヨシトモ監督による特別編集バージョン！

収録映像その3.
ソルダートJ役声優「真殿光昭」氏を迎えWEB限定で公開された「勇者王ガオガイガー外伝　キングジェイダーー灼熱の不死鳥ー」のボイスコミックをBlu-ray初収録！

◯特別付録小冊子
勇者宇宙ソーグレーダープロモーションムービーに参加した豪華アニメーター陣の特別イラストを収録した小冊子！"
katte-ni-yuusha-party-no-anbu-o-ninatte-itakedo-fuyou-da-to-tsuihousareta-sareta-node-hontou-ni	勝手に勇者パーティの暗部を担っていたけど不要だと追放されたので、本当に不要だったのか見極めます	2	1	1	action,fantasy	"魔王討伐のため、勇者パーティに参加することになった斥候(スカウト)のヒドゥン。
しかし、勇者であるアシュラムを筆頭にパーティメンバーは資金繰りや魔王国によるスパイ、反逆勢力による刺客・暗殺者などの現実的な問題に疎かった。
そんなパーティを裏で支えるため仲間の目を盗み、汚れ仕事を担うことにしたヒドゥンだったが、彼の貢献を知らない勇者たちから追放宣告を受けてしまう…。

そして、行き場を失ったヒドゥンは闇ギルドへと歩みを進める。
ダークヒーローの暗躍劇が今、始まるーー。"
sennen-no-hanayome	千年の花嫁	2	0	1	drama,romance,supernatural	多産の家系で知られる兎月家の末娘、千年（ちとせ）は、美貌と霊力に恵まれ、結婚話が引きも切らない。ところが、姉・久遠（くおん）の罠にはまり、呪いで老婆の姿にされてしまう。子供が大好きな千年だが、母になる夢をあきらめ、久遠の嫌がらせにも健気に耐える毎日を過ごしている。そんなある日、十八歳になった千年の前に謎めいた男・琥太郎（こたろう）が現れ、「お前の願いを叶えてやる」といって…。遠山えまが贈る和風恋愛ファンタジー。
kyouryoku-suru-yone-haizaki-kun	協力するよね?灰崎くん	2	1	1	bl,comedy,ecchi,romance	"「--灰崎くん、協力してくれるよね？」

灰崎はラブホ清掃員のバイトをしている大学生。昔体験した出来事が理由で顔を隠しながら生活をしている。
ある日のバイト中、同じ大学のモテ男で有名な倉橋先輩とばったり会ってしまった!!

できるだけ関わりたくない灰崎だったが、メガネを落とし顔を見られてしまう。するとなぜか倉橋の股間が盛大にふくれ上がっていてーー!?

「勃起してるでしょ、キミの顔に反応したんだ」

ED腹黒モテ男×DT陰キャ男子の、ハプニング(?)から始まるちょっとエッチなラブコメディ・上巻！
ツンデレ灰崎が可愛いおクチでご奉仕する描き下ろしも収録?

■収録内容
・「協力するよね？灰崎くん」1〜6話
・単行本版限定描き下ろし3P漫画"
minami-senpai-wa-mousou-yori-etchi-de-zetsurin	南先輩は妄想よりエッチで絶倫	2	1	1	ecchi,romance	"「今からもっと恥ずかしいことをするのに？」

好きな人のえっちな妄想が見えちゃった!?
やがて妄想が現実に…♡♡♡

新人OL・金子ののかは恋をしている。
その相手は女子社員の憧れの的で『鉄壁』と呼ばれるクールな上司・南 恋千。
どうやら嫌われているようで諦め気味ながらも、彼の気持ちが知りたくて神社の神様に願ったらーー南先輩の『妄想』が見えるように！
しかも…先輩の頭の中で、私が南先輩にエッチなことされてる!?!?
もしかして私、妄想みたいなことされちゃうの…？

むっつり上司×健気な巨乳OLのエロきゅんオフィスラブ"
sousei-no-apokurifa	双星のアポクリファ	2	1	1	action,ecchi,fantasy	ダゴナリア大迷宮外域の街・エルウッドでギルド受付をして暮らすアルクとリリィ。しかし謎の魔物”ゴブリンクイーン”が街を襲ったことにより、その平穏な暮らしに不安が走る。魔物討伐のために王都から騎士団が駆り出されるも、その消息すら不明になり混乱は加速しはじめる‥‥。立ち上がったアルクは皆のために剣を振れるかーー。そしてリリィが抱える本当の思いとはーー。闇を抱え愛を孕む異色ファンタジー、開幕。
kichijouji-shounen	吉祥寺少年!	2	1	1	slice-of-life	"松江名俊が描く吉祥寺路地裏冒険ストーリー 

 松江名俊が少年期を過ごしたのは、全国屈指の人気タウン吉祥寺。そこで見たもの、体験したものが、戦う漫画家の血肉となった。少しノスタルジックで、でもやっぱり熱い、吉祥寺路地裏冒険ストーリー！ 

 【編集担当からのおすすめ情報】 
 全国屈指の人気タウン吉祥寺で少年期を過ごした作者が、
縦横無尽に遊び回った経験をコミック化！
懐かしくもやっぱり熱い吉祥寺路地裏ストーリー！
松江名俊が描く新境地!! サンデー連載中の『地上へ…』と同時発売!!"
doukyonin-wa-gitei	同居人は義弟	2	1	1	romance	未亡人OL・みことは同居人である義弟・楓のために手作りのお弁当を届けようとするが…楓の女友達（？）雨宮と遭遇してしまい…。
meitantei-conan-kurogane-no-submarine	名探偵コナン黒鉄の魚影	2	1	1	mystery	"絶体絶命の海洋頂上決戦ミステリー、開幕！ 

 東京・八丈島近海に建設された世界中の防犯カメラ網を繋ぐ海上施設「パシフィック・ブイ」。
ユーロポールと接続するため、各国のエンジニアが集結する。
するとドイツでユーロポール職員がジンに暗殺されたと知らせが…
コナンや灰原にも黒い影が忍び寄る！！"
kimi-ga-amari-ni-amasugite	君があまりにあますぎて	2	1	1	bl,romance,school,slice-of-life	"学年1位の優等生×天然世話焼き男子
DK×初恋×秘密の青春ピュアBL☆

同じクラスの隼に片想い中の男子高校生・泉。
少しずつ縮まる距離に期待を膨らませながら、泉は自分の気持ちと目の前にいる隼を信じる と決める。
そんな中テスト期間が終了し、ふたりきりの時間が訪れて…？
青春溺愛ピュアラブストーリー第2巻！"
kimi-no-nemureru-kaii-no-kousha	君の眠れる怪異の校舎	2	0	1	mystery	"さもなくば君たちはとられてしまう
霊峰・遊辺山を望む遊辺高校に入学して二日目。七不思議を研究する「頂上探求部」の体験入部に参加しようとした中里蓮は、「超常」の仕業によって同じく一年生の三人と共に旧校舎に閉じ込められてしまう。次の日が昇るまでに七不思議の謎をすべて解かないと四月七日の夜から永遠に出られない!?　「豚のレバーは加熱しろ」の逆井卓馬原作による、オカルト×ボーイミーツガール×青春ミステリ！"
kimi-wa-boku-no-risou-no-kareshi	君は僕の理想の彼氏	2	1	1	bl,romance	"「俺は…どう向き合ったらいいんだ！？」 

ハイスペックにもかかわらず、恋愛経験0なのがコンプレックスだった柊一郎は、ひょんなことから恋愛経験豊富な年下の幼馴染・桜玖に 「恋愛」を教わることになり、めきめき成長中！　…と思っていたのに、なんと桜玖から突然のキス＆9年分の想いをぶつけられてしまってーー！？ 

無気力モテ男×マジメ優等生のわからせラブ、第2巻！"
noroware-ryourinin-wa-meikyuu-de-mofumimi-shoujo-tachi-o-sodatemasu	呪われ料理人は迷宮でモフミミ少女たちを育てます	2	0	1	action,adventure,comedy,drama	"天竜の血肉が【力】と【成長】をもたらす…
獣人少女たちと紡ぐ、おいしい迷宮攻略譚！

＜あらすじ＞
ポイズンビーストとの死闘の末、お宝を手に入れたトールたち。
【迷宮】で魔獣を倒し、ハンバーグ・酸辣湯？・骨付きステーキなどの
おいしい料理に変えながらレベルアップする日々を送っていたのだが、
執拗にシロとクロを付け狙うホルム子爵の魔の手が迫りーー。

「逃げ隠れる生活から解放される…そんなお宝があればいいのに」

モフミミ少女たちと迷宮の魔物を食らい尽くす、おいしい迷宮攻略譚！
原作者・棚架ユウによる書き下ろしSSも収録!!"
usotsuki-no-mai-alpha	嘘つきのmy α	2	1	1	bl,romance	"Ωで新聞記者の小祝 点のもとに、とある告発メールが届いた。
デリヘルα『NEXUS』のキャスト「ハルミ」が客のΩに
誘引フェロモンを使い前後不覚な状態にし、無許可のまま
ゴムを使わないようなプレイをしているらしい。
パートナーのいない、発情期中のΩを救うための店で
そんな酷い行為は許せない、と
点は自ら客となり予約を取るが、部屋にやってきたハルミは
顔をあわせるなり「相性最悪かも」とつぶやいて……!?

「こんなの…理性を保っていられない──…」
謎多きデリヘルキャストのα×正義感強め新聞記者Ωのドラマティックラブ★"
jimi-dasa-reijou-ga-koushaku-sama-o-futta-noni-naze-ka-shitei-kankei-ni-narimashita	地味ダサ令嬢が公爵様をフったのに、なぜか師弟関係になりました。	2	1	1	fantasy,romance	イケメンとして名高い王弟・ハイランダー公爵に、求婚されたシエーナ！　生涯結婚する気はないと断って帰るが、そこには秘密が。シエーナの家は魔法で繁栄させてもらっており、その魔法をかけた魔術師が死んでしまったのだ！　このままでは家が没落するかもしれない。結婚より家族のために、高名な魔術館に弟子入りしなんとかしようとするが…その魔術師がハイランダー公に似ていて…!?
jizou-iyashi	地蔵癒し	2	1	1	supernatural	"地蔵癒し。お地蔵さんを元気にする仕事。 

 人の暮らしを静かに見守るお地蔵さん。
そのお地蔵さんも時が経るにつれて疲れてくる。

そんなお地蔵さんを癒し、人々への加護の力を取り戻させる。
それが地蔵癒しの仕事であるーー
 

 【編集担当からのおすすめ情報】 
 期待の新人、天海夏矩の初連載作品です！
『私の少年』高野ひと深氏、『劇光仮面』の山口貴由氏も絶賛！
心やさしい僧の若然と、その若然に癒される可愛いお地蔵さんたちが見どころです。殺伐とした今の時代に染み入る作品です。
ぜひご一読を！
目次
第1話 3
第2話 81
第3話 103
第4話 127
第5話 149
第6話 171
第7話 195"
shuuchaku-osananajimi-to-pukkuri	執着幼なじみとぷっくり××	2	1	1	ecchi,romance	"「すごくきれい…俺の手で赤く染まってく」
年上の幼なじみに、コンプレックスの××を甘く触られてーー!?

OLの小春にはある悩みがあり、今まで一度も恋人ができたことがない。
そんなある日、幼なじみで初恋の相手・暁人が転職してきた！
久々の再会と酒の勢いとで
「3カ月間でいいから誰かに愛されてみたい」
という夢をこっそり彼に打ち明けたところ、
「俺で小春の夢を叶えてみない？」と嘘のような提案が!!!!

悩みの種である××を見せても暁人は引かず、
それどころか激しい甘攻めが止まらなくなってーー!?!?

ハイスペ幼なじみの重い愛をカラダに教え込まれる、期限付き執着ラブ♪

コミックス限定、7ページの豪華描き下ろし漫画を収録♪♪♪"
ochita-kensei-fushin-ni-hirowareru	堕ちた剣聖、腐神に拾われる	2	1	1	action,fantasy	"森羅万象七十二柱の神々によって管理される世界に、人々から【剣聖】と称される一人の男ネビ・セルベロス。
しかし彼は、第一柱【始まりの女神】ルーシーに、世界から追放されてしまった。
瀕死の状態のネビを見つけたのは、自身を第七十三柱目の腐神と称する少女・アスタ。
ルーシーへの復讐の剣として、ネビに加護を渡しその命を救う。
しかし起き上がったのは、レベリング中毒とも言えるヤバい男で…？
レベリングに飢えた駄犬×存在すら忘れられた神
二人の異端な復讐劇…いや、レベリングが始まる。"
datenshi-no-karte	堕天使のカルテ	2	0	1	suspense	法をくぐり抜けた狡猾な極悪人たちが入院してくるという、とある都内総合病院。そこで勤務する看護師の三日月麗子ーー美人で頭脳明晰な看護師として、患者からも医療従事者からも慕われている彼女には、その天使のような顔とは裏のもう一つの顔が存在した。それは悪人に無慈悲なる私刑を与える執行人。両手を赤く染める彼女は、美しい白衣の天使か、それとも裁きを下す妖艶な悪魔かーー。完全懲悪・戦慄のサスペンススリラー！
hakamori-tsuma-to-ougon-ryuu	墓守妻と黄金竜	2	1	1	fantasy,mystery,romance	"当主の真の姿が明らかに！　輝く金の髪、青い瞳、一度見たら見間違いがない
ヴェルノア公爵家の血を引く男児が見つかった。名はロマン。いったい彼は当主の息子？　でも当主は息子などいない、それどころか妻はオデットだけだと主張し。。。謎が謎を呼ぶミステリーファンタジー第2巻！"
dan-mitsu	壇蜜	2	0	1	romance,slice-of-life	"「誰もが知る超有名タレントと、知る人ぞ知るマイナーサブカル漫画家…
本来、混ざり合わない水と油のような僕らが、
なぜ「夫婦」をやっているのか…」

2019年に日本中を震撼させた結婚劇からさかのぼること2年、二人は交際を開始した。
そのとき、どんな磁場異常が生じたのか。
交際相手の家族といかなる情緒で交流したのか。
日常生活はどこまでスリリングなのか。

人間関係において発生する怪事件や戦慄や哀歓を描き尽くしてきた名匠、清野とおるが初めて正面から「夫婦」に挑んだ結果は……とんでもないことになってしまった！

「モーニング」で大反響月イチ連載中、大型ノンフィクション連載がついに単行本化！
第1話　壇蜜、現る
第2話　浮間公園の女
第3話　壇蜜宅の怪
第4話　あのマネージャーと齋藤家
第5話　壇蜜と清野家
第6話　何気ある日常"
hazure-skill-dakara-to-tsuihousareta-sareta-mugen-cheat-abiritei-ga-tsuyosugite-kusa-mo-haenai-ken	外れスキルだからと追放された《∞チートアビリティ》が強すぎて草も生えない件	2	1	1	adventure,fantasy	"代々強力なスキルを授かる剣帝一家の長男に生まれたアルフ。しかし、歴代と同じく優秀なスキルを手にした弟に対し、アルフが授かったのは《∞チートアビリティ》という意味不明の外れスキルだった。なんの能力も発揮できず、名家の恥さらしだと追放されたアルフは、王都から離れた村で冒険者として生きていくことを決意する。
村へ向かう道中、何やら怪しい集団に襲われている王女と遭遇し、助けようとするも強大な相手に太刀打ちできず絶体絶命！　そんな時、最弱だと思っていた外れスキルに異変が起き始めーー!?"
gekai-eriize-gaiden	外科医エリーゼ外伝	2	1	1	fantasy,romance	数年ぶりに再会したエリーゼの長兄・レンはいつもとどこか様子が違う。実は、名家のお嬢様に片思い中だったのだ。ところが、彼女はある理由からレンの気持ちを受け入れられずにいて…？一方、リンデンとエリーゼの長男・エドワードは偉大な父に憧れ勉学に励む日々…。しかし、無理がたたってしまいーー！？大人気医療転生ファンタジー、外伝完結巻！！
yoru-made-ni-kitaku-comic	夜までに帰宅@COMIC	2	1	1	horror	"「キミは裏切らないよね？」
著者累計100万部突破の人気作家が送る壮絶サバイバルホラー、待望のコミカライズ、第2巻！"
yume-de-aredake-yatta-noni	夢であれだけやったのに	2	1	1	bl,romance	"大学生のユヅと蓮人は相思相愛の仲良しカップル。
しかし、蓮人のことはユヅにしか見えず、実体もない。
そんな自信を幽霊だと信じている蓮人だが、ある日自分とそっくりな男がユヅの前に現われて目の前でHを始めてしまい!?
新鋭がおくるドロ沼恋愛譚！"
yumeoka-under-za-sukin	夢岡アンダーザスキン	2	1	1	drama	"オールジャンルの作品を仕上げる凄腕タトゥー職人「夢岡潤之助(ゆめおかじゅんのすけ)」。
今巻も彼の元には、マセた小学生・今をときめく女優…など個性的な来訪が。

そして明かされる彫師・夢岡の過去ーー。
初めてタトゥーに触れさせてくれた師匠の存在、
そして何より大事に想っていた兄の存在。
個性派彫師・夢岡は、いかにして職人として活躍することとなったのかーー。"
dai-seijo-wa-ten-ni-mesarete-panya-no-gimusume-ni-narimashita	大聖女は天に召されて、パン屋の義娘になりました。	2	0	1	fantasy,romance	"稀有な祈りの力を持つ大聖女アリィーー
ある時、お茶の時間に何者かに毒殺されそうになる。
ならば、いっそ死んだことにして、ずっと憧れていたパン屋になりたい！！とこっそりジョブチェンジし、
正体を隠して弟子入りしていたところ、そのパン屋の息子がなんと、自分の元近衛！！？？
さらに、元婚約者の王太子の側近が、大聖女毒殺犯の捜査のために大神殿への潜入を依頼してきて……！？
無自覚に元大聖女の能力を発揮しつつ、犯人捜しの合間においしいパン作りに励みます♪"
taishuu-shokudou-akuyaku-reijou	大衆食堂悪役令嬢	2	1	1	fantasy,gourmet,romance	"貴女を知りたい
…だから僕の傍にいて。

「僕はあなたの力を調べたい。呪いの秘密を暴くために」

王都の片隅で念願の大衆食堂を始めたリディア。
筆頭魔導師・シエルの懇願を受けて、メデューサの呪いに苦しむ魔導師団の人々を自作のハンバーグの力で救い出すことに成功する。
そして、シエルから語られ始めたのは“宝石人”として生まれた彼自身の過去。
家族にも見放され、孤独に生きてきたリディアにとって、彼は初めての「友達」になったのだった。

穏やかな日常が戻りつつあったある日、食堂を訪れたのは……一人と一匹で!?

「助けてリディア！ この子を救ってほしいんだ!!」

リディアの力はやがて王国中に波紋を起こす！"
daimadoushi-to-yobareta-koushaku-reijou-sekai-ga-kitanai-node-souji-shite-itadake-nandesukedo-comic	大魔導士と呼ばれた侯爵令嬢～世界が汚いので掃除していただけなんですけど……～@COMIC	2	1	1	fantasy	"レティの魔力、超覚醒!!
規格外の魔法の使い手へと成長を遂げたお転婆姫が、領土でも都でも実力を見せつける、お掃除令嬢の英雄譚！
描き下ろし漫画＆原作さいピン先生の書き下ろしSSをW収録。"
ameku-takao-no-suiri-karte-sphere-no-shi-tenshi	天久鷹央の推理カルテ スフィアの死天使	2	0	1	mystery,slice-of-life	"シリーズ累計350万部超の大ヒット医療ミステリーのファーストエピソードを完全コミカライズ。これは二人の医師が絆を結ぶ、数奇な出会いの物語！
外科医から内科医への転科を決め、天医会総合病院勤務となった小鳥遊優。彼がそこで出会ったのは、莫大な知識と驚異的な頭脳を持つ天才女医・天久鷹央だった。やがて二人は院内で起こる不可解な謎に飲み込まれていき、一連の事件によって同僚の沖田を失った。
2人は事件の真相を暴くため、謎の教団「大宙神光教」の施設に潜入することになる。"
tennyo-sama-ga-kaeranai	天女様がかえらない	2	1	1	drama	"家族の呪縛を描くサスペンスホームドラマ 

 円妙照茉莉（えんみょう・てまり）は、地元のレストランの厨房で働きながら、父と姉、妹と4人で暮らしている。独立して店を持つ夢はあるけれど、10年前の母の失踪以来、精神的に不安定な父と、老朽化した家を自分が支えねばと奮闘する日々。
多額の死亡保険金を遺した母、私たち姉妹を恐怖で支配していた母…
照茉莉がそんな母の呪縛を断ち切ろうと決意したとき、驚くべきことが起きる。
ーー記憶を失くした母が、帰ってきた。
 

 【編集担当からのおすすめ情報】 
 『泥濘の食卓』でも先の読めぬ人間模様を独特な視点で描き出した伊奈子先生の新作のテーマは、“家族”。
記憶を失って別人のようになった毒母の帰還という衝撃から始まり、家族の新たな一面、母の過去など、次々判明する事実から目が離せません。
そんな本作には、“家族”を描く傑作漫画『血の轍』『瞬きの音』の著者である押見修造先生から、ご推薦もいただきました。
「家族は、降りられないヘンな演劇だ。」
こう押見先生が形容された意味を、ぜひ本作を読んで確かめてください。"
tensai-patissier-to-tobishokunin	天才パティシエと鳶職人	2	1	1	comedy,gourmet,romance	"絶世のイケメンパティシエの千暁は、ケーキ作りの腕は超一流。
だけどいつも無表情で、コミュニケーションは大のニガテ。
「…できないほうが悪い」
思ったことをそのまま言ってしまう性格で、同僚やお客さんと揉めてばかり。

そんなある日、千暁はひょんなことから女性鳶職人のももと出会う。
小さいけれど太陽のように明るくて、包容力バツグンなもも。

お菓子を通した交流が、何事にも無気力な千暁を変えていきーー。
「""もも""って呼びたい。…だめ？」

☆登場するお菓子のレシピ付き☆
糖度200％♡甘くてぴゅあなハートフルコメディ！"
tensai-hakenjo-no-shuusai-itanji	天才派遣所の秀才異端児	2	1	1	action,fantasy	"ついに天恵が発現した玖命は、
ゴブリンを倒して魔石を売って稼げるようになっていた。
そんな中、玖命にゴブリン討伐の初心者指導の仕事が舞い込む。
依頼主は【騎士】の天恵を持つ川奈ららという小柄な女の子だった。

標的の追跡の仕方を教えながら、
橋の下に8体のゴブリンを発見した二人は
そのまま討伐を始める。
しかし川の中に【門】を発見。
慌てて応援を頼む二人だったが、
【門】から出現した大量のゴブリンに襲われ
絶体絶命の危機に陥ってしまう。"
tensai-madougushi-wa-souki-retired-mezashite-ganbarimasu	天才魔導具師は早期リタイア目指して頑張ります	2	1	1	fantasy,romance	"社畜として過労死したOLが目を覚ますと、そこは知らない世界だったーー。
天才魔導具師として生まれ変わった主人公ミリスは、今度こそスローライフを目指して
不労所得の獲得に励むべく、宮廷魔導具師になる。
逆境にも負けず次々と商品を開発し、とてつもない仕事をこなしていく社畜体質は
生まれ変わってもなお健在。しかし平民出身のミリスは宮廷内の身分格差や
周囲との確執や軋轢に巻き込まれ……。
果たして夢のFIRE生活への一歩を、ミリスは切り拓けるのか？"
amou-amane-wa-amakunai	天羽あまねは甘くない	2	1	1	comedy,drama,ecchi	"大学を中退して3年、コンビニバイトをしながら小説家を目指す小林だったが、うまくいくわけもなく落ち込んでいるところにバイト仲間からアイドルグループのライブに誘われる。
そこには退かない、媚びない、顧みない、カラダを武器に成りあがるアイドルがいた!?
そして彼女は小林と過去に関りがあった!?
下剋上アイドルコメディ！"
otto-ni-korosareta-hazu-nanoni-nidome-no-jinsei-ga-hajimarimashita	夫に殺されたはずなのに、二度目の人生がはじまりました	2	1	1	fantasy,romance	公爵家の一人娘・ロゼリアは父の反対を押し切り侯爵家の次男・ステファノと結婚した。しかし、結婚から半年後、夫・ステファノの不倫が発覚したうえ、彼に毒殺されてしまう。多くの後悔の念を抱えたまま、ロゼリアは人生を終えた。…はずが、ステファノと出会うずっと以前の世界で目を覚ましたロゼリア。慎重に二度目の人生を生きるロゼリアには、最初の人生では見逃してしまった運命の出会いが待っていて…！死に戻り令嬢と彼女を一途に想い続ける騎士様のラブファンタジー！
shitsurendou	失恋堂	2	1	1	fantasy,romance	"「前世の記憶」でスイーツ無双!?
“婚約破棄”から始まる輝く運命！

「私は砕けた恋のかけらと引き換えに願いをかなえる魔女ーー教えて？　あなたの願い」
甘いもの大好き令嬢エミリーは婚約者を奪われたことで自分の可能性に気づき、無神経な婚約者に苦しみ続けたソフィアは『失恋堂』の魔女から新たな能力を得る。そして次々と令嬢たちの婚約者を虜にし奪い続ける謎の転校生ルーシーが求めるものとは……？"
keiyakukon-shita-reitetsu-shachou-wa-amaku-yasashii-uso-o-tsuku	契約婚した冷徹社長は甘くやさしい嘘をつく	2	1	1	romance	トラブルで困っていた立夏は、窮地を救ってくれた不動産会社社長・成瀬から「俺と結婚してほしいんだ」と突然求婚されてーー!?
keiyaku-mitsukon	契約蜜婚	2	1	1	romance	"私の初めての
唯一譲れない場所ーー

1年だけの契約結婚と決めて、
同居を始めた穂乃花と、上司の諏訪。
風邪で倒れた彼を看病した穂乃花は
「君が好きだ」と熱い告白をされる。
結婚してからの交際ってどうしたらいいの？
心の準備もできないまま、ふたりの結婚が社内でバレ、
不釣り合いだと妨害を受けてしまう。
やっぱり平凡な私が鳳一族の御曹司である彼となんて…。
そして、穂乃花にストーカーの影が忍び寄りーー!?"
oku-made-nurechau-zetsurin-douki-to-kaikan-eichi	奥まで濡れちゃう絶倫同期と快感H	2	0	1	romance	"大人気シリーズ待望の単行本化！　ライバル同期の激しく甘い交際スタート！　シリーズ累計25万DL突破！！

「抱き潰すから覚悟しろよ」

お互いの気持ちを告げて…ラブラブいちゃいちゃスタート
自宅で着けた試供品のブラにドキドキ大興奮!?
熱くたぎったオスに、奥までトロトロに愛されて…ふたりで気持ちよく絶頂

心もカラダも満たされて、ハッピー最高潮!!と思ったら、なんとクライアント主が元カレ!?　
今カレvs元カレ勃発×××
想いを確かめ合うように、全身でお互いを欲しがってーー
「今すぐ大西のことめちゃくちゃに抱きたい」
「早く福田といっぱいシたいなって考えてたからなの」

思い出して濡れちゃうくらいの激しめH
もっとずっと深く繋がる恋人ライフ"
dorei-gaeshi-no-hangyaku-maou	奴隷返しの叛逆魔王	2	1	1	ecchi,fantasy	奴隷として虐げられながらも、魔法の研究を続けてきた悪魔・リーベ。その努力が実りついに、奴隷契約を反転させる魔法の開発に成功。あらたに得た力で散々こき使われていた貴族令嬢を服従させ、領主や領民、討伐にやってきた巨乳騎士や「未来予知」の能力を持つ美女勇者をも隷属させる。運命を覆し、最強の【魔王】を目指すリーベを阻む、次なる壁は現代最強と称される男の勇者。決して交わることのなかった二人の運命が、今、激突するーー！最弱の悪魔が禁断ハーレムを築く主従逆転ファンタジー第2弾！
mousou-land-escape	妄想ランドエスケープ	2	1	1	drama,mystery,supernatural,suspense	母が目を覚さない原因を探るため、妄想に入る能力をつかい続けるゆめ。そんな彼女にの体に異変が…？あの日、何が起きたのか。そしてたどり着く真相と家族の闇…。妄想の中に入り、その人の裏側を知るメルヘンサスペンス、最終巻！
ninkatsu-keiyaku-de-hajimete-o-sasagetara-gouin-shachou-no-dokusenyoku-o-aotte-dekiai	妊活契約で初めてを捧げたら、強引社長の独占欲を煽って溺愛されてます	2	1	1	romance	"恋愛経験ゼロなのにとろ甘な子作りが始まって…!?　極甘授かり愛

日々忙しく働き、実家の家計を支える小梅。とある理由で跡継ぎを欲しがっているハイスぺ社長・龍人から、彼の赤ちゃんを産むよう突然熱望され…!?　激しく動揺するも、このとんでもない依頼を条件付きで受け入れることに。恋愛経験ゼロなのに早速スタートした妊活で、普段は強引な龍人の態度が甘く一変。小梅は初めての愛と熱情を教え込まれて…！"
imouto-ni-subete-o-ubawareta-reijou-wa-konyakusha-no-uragiri-o-shiri-kaiki-suru	妹にすべてを奪われた令嬢は婚約者の裏切りを知り回帰する	2	1	1	fantasy,romance	"絶対に誰にも渡さない、今度こそ……!
回帰した英雄騎士は喪った婚約者に追いすがる
逃げたい令嬢×ヤンデレ騎士　すれ違いもつれる第2巻

＝＝＝＝＝＝＝＝＝＝＝＝＝＝＝＝＝

聖女である妹・カルミアに殺され
二年前に回帰した公爵令嬢フリージア。
死に戻った今回は家を出て一人で生きていこうと
国立アカデミーへの編入を目指す。
しかし、彼女を裏切ったはずの婚約者ヴュートも
実は同じ二年先から回帰していた!?

「彼女を喪った“前回”を絶対に覆す…!」
フリージアが他の男と心中したと思い込み
今度こそ彼女と距離を詰めようとするヴュートだが
そんな彼の目の前で、フリージアは
その“心中相手”と出会ってしまいーー!?

＝＝＝＝＝＝＝＝＝＝＝＝＝＝＝＝＝
第7話　裏切りと回帰（sideヴュート）　
第8話　守れなかった約束　
第9話　編入試験　
第10話　マクレンとの再会　
第11話　二人の距離　
第12話　失われた記憶　
あとがき"
ane-to-ore-to-senpai-to	姉と俺と先輩と	2	0	1	bl,comedy,drama,romance	"女王と呼ばれる姉・冬子に顔が似ている以外は
平々凡々な高校生・萩原秋央。
彼は学校で一番モテる男、通称キングと呼ばれる
河野義人に恋をしてしまった。
冬子を落としたくて秋央に近づいた河野だったけれど、
気づけば純粋でまっすぐな秋央が気になるように。
先輩のことは好きだけど、遊ばれたくない！
拒絶されると、むしろ手に入れたくなるーー
好きだと迫る河野に
お試しでつきあうってどうですか…!? と、
秋央はとりあえず、つきあうことを提案して!!!?

恋とコンプレックス、勝利したのは♥"
ane-ni-konyakusha-to-oui-o-ubawareta-no-de-suterareta-mono-doushi-nagusameatte-imasu	姉に婚約者と王位を奪われたので、捨てられた者同士慰め合っています。	2	1	1	fantasy,romance	"ウェンデル王国の&quot;次期女王&quot;として育てられてきた第一王女のティアラ。
国で最も高位な魔術師であるレイノルドと婚約し、幸せで順風満帆な人生がいつまでも続くと思っていた。
しかしーー18歳を迎え戴冠式の日、次期女王に指名され最愛のレイノルドを王配に迎えることになったのは、ティアラではなく義姉のセレーナだったーー。
夢見ていたレイノルドとの結婚が叶わず、王位を継ぐという目標さえ失ったティアラだったが、
そんな彼女の下に「セレーナの元婚約者」だという孤独な魔術師・ウォルターが現れる。
最愛の人に捨てられた者同士、それぞれの想いを断ち切るため利害が一致した2人は、
仮初の夫婦となり国を出て新婚生活をスタートさせるが、傷を負った2人の関係性は次第に熱を帯びた甘いモノに変化していきーー？
WEB発大人気切甘執愛ファンタジー、待望のコミカライズ1巻！"
ane-no-kawari-no-kyuuzou-konyakusha-desu-henkyou-no-ryouchi-de-shiawase-ni-narimasu	姉の代わりの急造婚約者ですが、辺境の領地で幸せになります!	2	1	1	fantasy,romance	1300万PV突破の人気作、待望のコミカライズ第1巻！ 子爵令嬢のプリシラには絶世の美女の姉がいる。姉は第三王子と婚約することになり、今日はそのお披露目。だけど姉の様子がどこかおかしい…と思っていたら、なんと姉が隣国の王子にひとめぼれ!! 婚約相手の王子そっちのけで「世紀の大恋愛」を始めてしまった──！ 青ざめる王族と私の家族と王子の視線の先は…私!? まさか私が王子様と結婚することになるなんて──!?
shoufu-ochi-tsuihousareta-reijou-to-reikoku-kishi-no-dekiai-sugiru-zetsurin-shoya	娼婦堕ち追放令嬢と冷酷騎士の溺愛すぎる絶倫初夜	2	1	1	ecchi,fantasy,romance	"娼婦から溺愛ルート突入!? 冷酷騎士は超一途な旦那様

「本能のままに感じて、俺に全てを委ねろ」
 乱暴に抱きつぶされると思っていたら、甘く激しく溺愛されて…!?
 無実の罪を着せられ婚約破棄の末、高級娼館に追放された令嬢リチュア。
 初めてのお客が『夜遊び侯爵』と名高い冷酷騎士のギルガード卿でドキドキしていると、
熱い視線を向けられ身請けされて… 
妾としての生活が始まるかと思いきや、甘く淫らな愛撫でトロトロにされ!?
気持ち良すぎる初めての快楽に何度も絶頂し、カラダは貪欲にギルを求めーー… 
クールで一途な冷酷騎士様に愛されすぎて、娼婦から溺愛ルート突入!?"
konyaku-haki-sareta-binbou-hakushaku-reijou-desu-akogare-no-reitetsu-outei-ni-dekiai-sarete-imasu	婚約破棄された貧乏伯爵令嬢ですが、憧れの冷徹王弟に溺愛されています	2	1	1	romance	"「俺に女ができたので婚約はなかったことにする。魅力のないお前が悪い」
夜会の場で身勝手な婚約破棄を突きつけられ、伯爵令嬢レナは震えて動けなくなってしまう。そこに、居合わせた第二王子クラウスが、婚約者を叱りつけ、レナを連れ出して王家の馬車で無事帰宅させてくれた。
事件以来、レナはもう結婚せずに職を得て自立しようと決意。得意な絵を美術館の公募絵画展に応募し、入賞したことから、王弟リシャールの絵の家庭教師として白羽の矢が立つ。
しかも雇い主は、今や第二王弟で「冷徹宰相」として恐れられる、恩人のクラウスだった。
彼への想いを秘め続けるはずだったのに、何かとクラウスが駆けつけてくれる日々が始まる。知れば知るほど冷徹宰相の心根が見えてきて……。この想い…気づかれてしまいそう！"
konyaku-haki-wa-honmou-desu-seijo-no-chikara-ga-kaika-shita-node-watashi-wa-jiyuu-ni-kurashimasu	婚約破棄は本望です!聖女の力が開花したので私は自由に暮らします	2	1	1	fantasy,romance	"あらゆる精霊を扱うことができる証を持つリゼットは、 “聖女の生まれ変わり”だと公爵家に養子として引き取られ、王太子と婚約することに。
しかし、一向に何の力も使えないリゼットは、証を偽装し王太子を騙したとして、濡れ衣で地獄と呼ばれる地へ追放されてしまう。絶体絶命なリゼットの元に現れたのは、ずっと憧れていた“伝説の精霊王”--…!?
精霊王と共に城を出ることにしたリゼットだったが、どこからか苦しんでいる声が…。声のする方へ向かうと、そこには青い炎を纏った魔物に立ち向かう村人たちがいた。
魔物と対峙したことをきっかけに聖女の力が開花したリゼットは、精霊と人間が共存できる世界を目指し奮闘!!
素敵な仲間たちと一緒に、リゼットの第二の人生スタートです！"
kozure-orc	子連れオーク	2	0	1	fantasy	人間族VS魔族の全面戦争から七年後。平和な村で暮らしているエルフの三人姉弟の下に現れたのは、生き残りの魔族・オーク!!緊張が走る中、冒険者を務める次女・アリーシャが剣を抜くが、オークは人間の娘を抱きかかえていた…。敵であるエルフに「この子を助けてくれ」と懇願するオークだが!?
uchuu-fudou-san-hoshino	宇宙不動産ほしの	2	0	1	sci-fi,slice-of-life	"“やさしくカオスな”宇宙へようこそーー。

24世紀ーー宇宙が生活圏となり、不動産業界も星々をまたにかける時代。
とある夢を追う少女・ほしのは、太陽系の宇宙空港へと降り立った。
「宇宙で一番ぴったりのお家を見つけられる、不動産屋になりたい！」
目指すのは、その人が“自分らしくいられる物件”をお客様に見つけること。
突き抜けて明るく。どこまでも前向きに。
銀河のいとなみを巡る“SF（スペース 不動産)コメディ”、第1巻。"
kanpon-inheruno	完本いんへるの	2	1	1	horror	"これが、地獄の真の姿。上下巻同時刊行

ほんとうにこわい話は、奥へ奥へと沈みこみ、
忘れた頃に「ぼこっ」と浮かんでくるものだ。
私は今からその瞬間がおそろしくて、仕方がない。
──ダ・ヴィンチ・恐山（作家・ライター）

2018年〜2021年にWeb連載された『いんへるの』。諸般の事情により単行本化されていなかった膨大な数のエピソード（第31話〜最終第74話）を含む全話を収録した、待望の完全版。

◎上巻：第1話〜第36話、番外3編を収録
◎下巻：第37話〜第74話を収録
◎著者による全話解題（上下巻）
◎描き下ろし掌編「いんへるの・序」（上巻）
◎澤村伊智氏による解説（下巻）

『いんへるの』とは──
エッセイコミックの名手がフィクションでの筆力を十全に発揮した、各話8ページに禍々しさが満ちる怪奇短編連作。「BRUTUS」「週刊文春」「たまむすび」など各所で高評を得た。

＊第1話〜第30話、番外3編は旧単行本第1巻・第2巻（講談社刊）収録のものと同内容です。"
kyuutei-madoushi-tsuihousareta-dekiaisareru	宮廷魔導師、追放される	2	1	1	adventure,fantasy	"俺はすべてを捧ぐーー最高の部下達に!!

デザント王国で最強の宮廷魔導師に冠される『七師』。
その称号を持つアルノードは部下たちと一緒に強大な魔物が蔓延る領地で防衛任務に当たっていた。
しかし、領地を広げる戦果を挙げていないと評価され『七師』の称号を剥奪。国外追放を言い渡されてしまう。
やむを得ず、隣国リンブルへ一人身を寄せようとするが、彼を慕う部下たちが共に行きたいと申し出てきて……!?
アルノードは皆が安心して過ごせる居場所を作るべく、追放された後の、第二の人生をスタートさせる！
その強さは、すべて部下のためにーー
最強魔導ファンタジー、開幕！"
iemori-ki-tan	家守綺譚	2	1	1	supernatural	亡友の家で待っていたのは四季折々の草花と、ちょっと不思議な毎日でした。時は明治時代、文筆家・綿貫征四郎は、亡友の家の「家守」として暮らすことになった。待っていたのは白木蓮や都わすれ、萩、サザンカなど植物に満ちた庭。そして、サルスベリに懸想されたり、河童の衣を拾ったり、化狸を助けたりといった不思議な出来事が次々と起こり……。梨木香歩の傑作小説を近藤ようこが漫画化。
neru-neru-nerune	寝る寝るネルネ	2	1	1	comedy,fantasy	"契約夢魔・天龍ネルネの野望は、なんと一流企業への就職!?
給与月30万、賞与あり、社会保険完備の超ホワイト企業で正夢魔として働くことを目指す、
ちょっと現実的すぎる夢魔である。

そんな彼女を待ち受けていたのは、正夢魔昇格試験！
課題は簡単、たった1時間で人間を眠らせ、夢を頂くだけ──

しかし、その夢を奪うという対象に選ばれたのが、
ひとクセもふたクセもある漫画家・原アシュラだった──

絶対に寝かす契約夢魔 VS 絶対に寝たくない(？)漫画家！
“おやすみ”を賭けた、割とどうでもいい仁義なき戦い第一巻、開幕！"
nene-no-kekkon	寧々の結婚	2	1	1	drama,romance	もともとは財閥の娘であったが、いまや両親の遺した借金の返済に追われる奥村寧々。そんな中彼女は、妹を高等女学校に行かせたい、その一心で身を粉にして働いていた。しかしそれをいとこの千代子は快く思わない…。そんなある日、寧々の妹は千代子の謀略にハマりさらなる借金を背負わされ、翌日に弁済できなければ“身売り”となってしまう。寧々は、お金を借りようと方々を廻り、ようやく“お金を貸してもいい”との申し出を受けたもののその条件はーーー「名も知れぬ男との間に、子をもうける」という信じがたいものだったーーー。
gakeppuchi-kizoku-no-ikinokori-senryaku	崖っぷち貴族の生き残り戦略	2	1	1	action,comedy,fantasy	"異世界では地球の知識を武器に! 地球では異世界の魔法を使う!
2つの分かれた魂が、地球と異世界で活躍する男の成り上がりファンタジー!!
貧乏領主の次男・デニスはある日、自分が地球に生きる中年男性・雅也と意識を共有している事に気がつく。
戸惑いながらも、雅也の知識が領地の経済回復に役立つと考えたデニスは、家族や領民を救うべく奮闘する。
時を同じくして、日本に住む雅也はひょんな事から仕事をクビになり、後輩の冬彦を頼って探偵となった。
異世界の事は夢だと思っていた雅也だったが、同じ境遇の者が大勢いる事を知った時から、運命が変わっていき…!?"
heisei-namaiki-idol-sama-ga-zutto-tsuiteru	平成ナマイキアイドル様がずっと憑いてる	2	1	1	comedy,horror,romance	幽霊くんと、同じグループのタイガ、二人の平成アイドルの幽霊と同居生活をする、アラサーOL 吉田。会社で嫌なことがあっても、「おれらファンの子 悪く言われたら　許さねー主義だから」と、オラついて（霊障）守ってくれる、かっこいい平成アイドルたちに、吉田の心も少しづつ前向きに変わっていく。そんな中、”幽霊を祓える吉田の弟”・理樹がやってきて…!? 平成アイドルと令和の新ファンとのキラキラ!?同居生活、完結。
heion-o-nozomitai-kaijuu-goroshi	平穏を望みたい怪獣殺し	2	1	1	action	"その一撃は、あらゆる脅威を打ち砕く!!


日常的に怪獣が襲来する2030年の現代。
日本も例外ではなく、防衛組織「特生対」を各地に配置して防衛に当たっていた。

しかし中には、特生対でさえ倒せない強大な怪獣も存在する。
日本には、そんな相手への切り札、「怪獣殺し」がいる。

その正体は、普段は高校生として普通に過ごす
大都一樹（おおとかずき）だ。
彼は、家族を守るため、その力を人知れず振るう!!"
youji-ee	幼児A	2	1	1	drama,mystery	"麒麟・川島明氏、絶賛！ 鬼才の最新作！ 

 202X年、日本中を衝撃のニュースが駆け巡った。
5歳の幼児が連続殺人事件の容疑で逮捕されたのだ。
事故や過失ではない、明らかな殺意を持った犯行ーー
なぜ幼い子どもが事件を犯したのか。そして、彼の持つ秘密とは。
これは、彼が自殺願望を持った女性と暮らし、逮捕されるまでの1年間の物語ーー

麒麟・川島明氏、絶賛！！
累計200万部超「オーダーメイド」の鬼才、最新作！！"
osananajimi-no-moto-gokudou-shachou-kara-no-hiru-mo-yoru-mo-hatenai-mouai-ni-sakaraemasen	幼馴染みの〈元〉極道社長からの昼も夜も果てない猛愛に逆らえません	2	1	1	romance	"両想いって甘くてくすぐったい

幼馴染みの京之介と再会し、彼の会社で働くことになった梅乃。
仕事の鬼と言われる京之介だが、人前で梅乃に対する溺愛を隠さず、
社内では社長の恋を成就させるための応援隊までできてしまう。
次第に梅乃も京之介に惹かれていくなか、
突然、彼が縁を切ったはずの実家ーー一堂組へと招かれる。
けれど、それを敵対する組の者に見られたことで、
一堂組の関係者に誤解された梅乃は拉致されてしまうが…。"
ni-no-kuni-no-hikitsugisho	弐の国の引継書	2	1	1	fantasy,isekai	"磐切神社で聞こえた「おはよう」の声ーー。
その声を探すうちに、薙は突如「弐の国」と呼ばれる異世界へ迷い込んでしまう。

「弐の国」とは神や物の怪が暮らす、現世と死後の狭間に存在する世界で、
そこでは薙と同じように、選ばれた人間が三年に一人、生贄として「弐の国」に召喚されていた。

すでに生贄として暮らしている力（ルビ：りき）や智晴（ルビ：ともはる）たちから、この世界のことを教えられている最中、薙は不用意に結界を越えてしまい、猿の物の怪たちに襲われてしまう。
窮地のところを神様の一人である宮比さまに助けられ、安堵する薙。

やがてその目の前に現れたのは、彼が最も会いたかった「おねえちゃん」こと「しをり」だった。
そして、しをりと再会したことで、薙はあることを決意するーー。"
deshiiri-shita-tensai-mahoutsukai-ga-jitsuwa-musume-dattandakedo-doushitara-ii	弟子入りした天才魔法使いが実は娘だったんだけど、どうしたらいい?	2	1	1	fantasy	"落ちぶれたクズ冒険者が、偉大なる魔導士を目指して人生リスタートォ!!!

剣士として華々しく冒険者を始めたものの、とある事件をきっかけにパーティーから追放され続けるようになり、すっかり落ちぶれてしまった中年剣士のラルフ。ギャンブル好きもあいまって、借金まみれの超底辺生活を送っている。
そんなある日、超美人ギルドマスターから「魔導士として天賦の才あり」と見込まれ、美女ぞろいの冒険者ギルドに加入することになる!!
境遇の変化に浮かれるラルフだったが、師匠として紹介されたのはまだ幼い少女でーー!?

クズ親父弟子と可愛い師匠娘が織りなす、人生大逆転ミラクル魔導ファンタジー!!!"
jakuten-zero-kyuuketsuki-no-ryouchi-kaikaku	弱点ゼロ吸血鬼の領地改革	2	1	1	fantasy,isekai	人間の村の村長となり、順調に人間との共生を進めているようにみえたリュウトの前に現れたのは、最上位の吸血鬼ミナリーナ。彼女はこの村には人間と共生できない致命的な欠点があるというが…？
ateuma-no-aiteyaku-ni-nacchatta-hanashi	当て馬の相手役になっちゃった話	2	0	1	bl,comedy,romance,school,supernatural	"クソタコ神様に定められた
ヤンデレ予備軍な当て馬×相手役にされた平凡男子高生

俺「俺は普通に女の子と恋愛したいんですけど!?!?」
タコ神「黒髪ノンケ受けってサイコーだよね！」
転校生・北川 透には使命がある。
それは「神様が作ったこのBLワールドのメインカップル 大路×杏里の当て馬・赤羽の相手役になる」こと。
普通の女の子と恋愛したいし、そもそも神様なんて信じない！とは思いつつ、
「このままでは赤羽が監禁凌辱ヤンデレ化してしまう」と言われた透は、
お人好し心をくすぐられて、赤羽を助けるために友人になることに。
が、神様から同じように裏事情を聞かされていた赤羽は
「杏里を好きでいたいから」と透に対して超冷待遇。
それなのに、赤羽は透の言動にどんどんトキメいているようで…⁉
大人気WEBコミック、待望の書籍化！"
kanojo-wa-hadaka-de-odotteru	彼女は裸で踊ってる	2	0	1	drama,ecchi,romance	"「毎話号泣しながら読んだ」「この作品に救われた」---現役の踊り子&スト客から大絶賛の声多数！！！ストリップを観て、自らの体や性、そして世界と向き合う物語。
女であることに嫌気が差しながら日々を生きる牧野。ある日痴漢に遭った彼女を救ってくれた人物の正体はなんとストリッパーで…！？未知なるストリップとの出会いをきっかけに、彼女は自らの体や性、そして世界と向き合っていくことになるーー。"
onzoushi-ni-chikai-no-cake-o	御曹司に誓いのケーキを	2	1	1	romance	"「ケーキデザイナー」として独立開業し、昔からの夢を叶えた佐久本晶。しかし現実はそううまく行かず、店は難航していた。
そんなとき、ホテルグループの御曹司である柾木慧が晶の店を訪れる。
晶の目には、見た目も経歴も非の打ち所がない男性のように見えたが、じつは慧はある事情を抱えていて…。

その後、彼が経営する「マサキブライダル」での大きな仕事を頼まれるものの、
唯一の家族であり、病床に伏している祖母のことも考えた末に、仕事は断ることに。
けれど今度は、なぜか「ビジネス結婚」を提案されてーー？

思いがけず始まった「新婚生活」。
そしておなじ時間を過ごすうちに、ふたりの関係は、甘く溶ける砂糖のように形を変えていくーー。
不器用な愛が作り出す、溺愛シンデレラストーリー！"
mikado-kun-kyou-mo-biju-ga-ii-desu-ne	御門くん、今日もビジュがいいですね	2	1	1	comedy,romance	文化祭編スタート！ひょんなことから御門くんはクラスの人からの推薦でプリコンに出場することになってしまう。そしてまさかのクラス投票の結果、ペアの相手が江波さんに！出場を嫌がる江波さんを前にした御門くんは、出場しなくてもいいように奮闘するものの自分の無力さと置かれた現実を痛感し落ち込んでしまう。しかし、そんな御門くんの様子を見た江波さんは御門くんを救うべくプリコン出場を決意し!?
ninja-dakedo-ooeru-yattemasu	忍者だけど、OLやってます	2	1	1	romance	"28歳、丸の内で働く会社員、望月陽菜子には秘密がある。
実は忍びの里出身の「忍者」だということ。
掟に縛られる生き方に嫌気がさし、忍者という身分を捨て、今は一般人として生きている。
ーーいや、生きていた。
同期で次期社長のほんわか(すぎる)男・和泉沢創が、何者かに社の重要な契約書を奪い取られる日まで …!
和泉沢のため、今生きている環境を守るため陽菜子は再び忍術に手を出すことに …!!
しかしそれは、元許嫁の忍び・向坂惣真と再会することも意味していてーー。

「…俺を納得させてみろ」

舞台は現代、東京。あらゆる業界に身を潜め暗躍している忍びたちの
笑いと、スリルと、忍びきれない大人の恋心がつまった
隠密お仕事×恋愛譚、開幕!"
koisuru-tensei-seimukan-wa-happy-end-no-yume-o-miru	恋する転生政務官はハッピーエンドの夢を見る	2	0	1	fantasy,romance	"フェルシアナは読書が好きな普通の少女。
彼女はある日、幼い頃会ったきりだった
名家の長男・ユートと再会し、
婚約を申し込まれる。
ハイスペ政務官になったユートは
とっても魅力的だが、
どうやら彼には裏があるようで……？
ーー実は、ここはゲームの世界で
ユートは転生者だった!! 
転生前からフェルシアナ一筋だった彼は
両想いになろうとゲームの知識をフル活用し……!? 
愛する人と一生添い遂げたい！
一途で不器用なラブファンタジー!!"
koi-ni-naru-to-wa-kiitenai	恋になるとは聞いてない	2	1	1	romance	"知りたがり女子の、エロキュン駆け引きラブ 

 仁科琴葉は容姿端麗・成績優秀の完璧女子・・・だけど、恋愛だけは経験0。ある日、犬猿の仲の幼なじみ・瑛斗のHシーンを目撃してから、彼が気になって仕方ない。キスもまだだけど、 触れたり、触れられたり・・・いったいどんな感じなの？ これは恋じゃない。だけど、知りたい、キモチ良いこと全部ーー

 

 【編集担当からのおすすめ情報】 
 知識欲はあっても恋愛経験ゼロの琴葉が、幼なじみの瑛斗から手取り足取りラブレッスン。傍から見れば結構すごいこと（?）してますが、琴葉はそんなこと気づいてない…!?"
koi-no-jinro-game	恋のジンロゲーム	2	1	1	comedy,romance,school,sci-fi	"人類の存亡をかけたジンロゲームへの参加を強いられた桃田くん。
自分の事を「好きかもしれない」魅力的な同級生3人たちとコミュニケーションをとりながら、誰が嘘をついているか見極めようとする。
しかし、知れば知るほど彼女たちへの疑いは深まり、自分自身の欲深さに絶望をしてしまう。
そして無情にも時は過ぎ……。

「さぁ、決断の時だ。
ひとりを選びたまえ」

ささいな事で落ちてしまう恋。
欲望のままに求めてしまう恋。
様々な形があるけど、君が幸せならそれでいい。

命がけの恋に決着をつけるーー。

恋なんて思い込みの勘違い？ 拳で語り合う系ラブコメ、上下巻同時刊行！

●ピエール手塚 ビームコミックス好評既刊●
[ゴクシンカ]全2巻

●コミックビーム 公式X(Twitter)●
@COMIC_BEAM"
koibito-no-furi-no-furi	恋人のフリのフリ	2	1	1	comedy,romance	"ついに最終巻！　ホノジロウの運命はどっちだーー!?　そして、恋は、罪なのか…？

&lt;あらすじ&gt;
恋愛の禁じられた世界で「恋人のフリ」をしないと死ぬ呪いに掛けられたホノジロウ。 恋愛の取り締まり強化のため、恋愛庁エージェントの南野フルルがやってきた。果たして、ホノジロウの明日はどっちだーー!?"
koigokoro-ni-kurushimu-ouhi-wa-ikoku-no-kusushi-outaishi-ni-kyuuai-dekiaisareru	恋心に苦しむ王妃は、異国の薬師王太子に求愛される	2	0	1	comedy,fantasy,romance	公爵令嬢・リュゼリアは、夫である国王・エドワードへの恋心を消す薬を飲み、ついに離婚。白い結婚に終止符を打ったリュゼリアは、侍女たちと共に実家に戻り、明るい日々を過ごしていた。そんなある日、薬師・アキルに誘われたデートで、彼の正体が異国の王太子であり、彼の”探し物”がリュゼリア自身だと告げられ求婚されるーー！ しかしそんな中、リュゼリアはエドワードと白い結婚に隠された真実と、その黒幕を知ることにーー。リュゼリアの選択とは…？愛されなかった王妃×恋を知らない王太子のピュアラブストーリー♡
akujo-to-yobareta-watashi-tenseisaki-demo-akuyaku-desu	悪女と呼ばれた私、転生先でも悪役です	2	1	1	fantasy,mystery,romance	"＜稀代の悪女＞と呼ばれ、全てに絶望しながら生きてきた絵莉朱（えりす）は、夫に刺され非業の死を遂げる。転生したのは…前世でプレイした乙女ゲームの悪役令嬢・エリスだった。
このままでは王太子に婚約破棄され断罪されてしまうーーー
自分が働く悪事について罰せられることは受け入れようとしたエリスだったが、婚約者を捨てた王太子は果たして清廉潔白な人間なのかと疑問を抱く。

「私ひとりを＜悪役＞にするなんて許さない」

破滅ルートを回避すべく生きることを決意したエリスだったが、前世と同じく事件の犯人だと決めつけられてしまい……
「誰にも私の声は届かない…」諦めかけたその時、前世と今世の歯車が噛み合い回り出すーーー！
前世と転生後が絡み合う新感覚＜悪女＞ミステリー開幕！"
akujo-to-uwasa-dekiaisareru-koushaku-reijou-nanode-3-nengo-ni-rien-shimasu	悪女と噂される公爵令嬢なので、3年後に離縁しますっ!	2	1	1	ecchi,fantasy,romance	"悪女の汚名を着せられ、冷酷無慈悲な王に嫁がされたエスメラルダ。
悲痛な思いで嫁いだエスメラルダだったが、夫となったグレゴリオは噂とは全く異なる人物だった。

白い結婚で離縁を目指すエスメラルダだったが、「挿入しない」という約束でグレゴリオのえっちな行為はどんどんエスカレート！？
カラダも心もほだされつつあるエスメラルダは、もっと彼を知りたいと思うようになってしまい……？
後継ぎを望む圧力、白い結婚の決意、芽生えてしまった想い……。胸が張り裂けそうになるエスメラルダに、王国の闇が襲い掛かるーー。

ますます濃厚えっちな閨での攻防戦、第2巻！"
akujo-wa-utsukushiki-kemono-no-ai-ni-saku	悪女は美しき獣の愛に咲く	2	1	1	ecchi,fantasy,romance	偽りの噂に傷ついた令嬢・カリナが出会ったのは、誰よりも優しい“ケダモノ”でした。優しい旦那様・ノクトを望まぬ婚姻で不幸にするわけにはいかないーー。そう思うのに、初めて向けられた温もりに触れ、次第に彼のそばから離れがたくなっていくカリナ。やがてふたりは夜を共にし、甘い朝を迎える。「これは誘いと受け取っていいのか？ 今日は一日ベッドで過ごしてみるか」思わずノクトの体に触れてしまったカリナに、彼は甘く囁き……!? 愛を知らないケダモノ辺境伯 × 悪女に仕立てられた令嬢が紡ぐ、純愛の極上ラブロマンス！
akuyaku-reijou-to-otou-sama	悪役令嬢とお父さま	2	1	1	comedy,fantasy	"最強のお父さま・アークの陰のサポートにより
ワガママ娘のレェジョに悲願のお友達が！
しかし、楽しい毎日を満喫する娘のそばに怪しい気配がじわりと接近。
そこでアークは、レェジョを溺愛する腐れ縁の魔導士・ニヒールと緊急事態に立ち向かうがーー！

娘に近寄る不穏な影。
娘を守り抜くと心に決めたパパ。
はたしてレェジョがハートフルな日常を送れるのか!?

最強パパとちょいワル娘の激甘親娘コメディ第2巻！"
akuyaku-reijou-no-karei-naru-gyakuten-jinsei	悪役令嬢の華麗なる逆転人生	2	1	1	fantasy,isekai,romance	孤児院にいたはずが、気がつくと100年前の亡国・エルダー王国にいた“私”。しかも国を滅ぼした悪役令嬢・グローリアに転生してしまっていた!!　婚約者である王太子・フリードリヒとは不仲なはずなのに、彼から与えられる甘い口づけに溺れてしまいそうになる。歴史通り国が滅ぶのを防ぐため、真のヒロイン・マリエ伯爵令嬢とフリードリヒを恋仲にしようと画策するグローリアだったが……。「誰にも渡さない。君は私だけのものだ」彼からの溺愛は止まらなくて!?　ハッピーエンドな結末目指して、悪役令嬢だって頑張ります！
akuyaku-reijou-taisen	悪役令嬢大戦	2	1	1	ecchi,fantasy,romance	"女が支配する貴族社会。男は飾りであり、道具であり、力も地位も持たない。
そんな世界で「成り上がり」を夢見る主人公・フィーグは、ある日、女生徒たちに虐げられている一人の少女を目にする。
彼女の名はーー「アイネ・ルゼ・ユングラウ」
最下級の爵位〈士爵〉にして、賎爵と呼ばれる、忌まれた家系の娘だった。
助けの手を差し伸べたフィーグに、彼女は言う。
「……男性の方が私に触れないでください。穢れます」
そんな中、風紀委員長・アリフィリアに召集をかけられる。
アリフィリアは決闘に勝てればユーリの悪役令嬢への帰化を認めると言い、審問の場を三日後に設けると言い放つ。フィーグはユーリの力を信じ、彼女を盾にして単に安全圏にいるつもりはないと決意。審判と決闘、そして、学園の頂点にいる人物・ジュリアスへと続く戦いへの挑戦が幕を開ける。"
akko-no-ko	悪虎の子	2	1	1	action,drama,fantasy,supernatural	訳あり霊獣、人の娘と真の親子となる！　兄弟神との取引で、神格を剥奪された元神を捜す事になったリエンとシュン。神を名乗る怪しいカエル・ケイカの助言をもとに元神を捜すのだが…。果たして、天に縛られたくないというリエンの願いは叶うのか!? 孤独な少女と訳あり霊獣の、中華風・破邪契約伝奇譚、完結！
ai-ga-omosugiru-kotani-kun-wa-zettai-ni-kanojo-o-nigasanai	愛が重すぎる小谷くんは、絶対に彼女を逃さない	2	1	1	romance	"「高原に、俺を絶対に好きになってもらう」
年齢＝彼氏無し歴の高原みかこ（27）の日々の癒しは、少女漫画でときめくこと。
でも、恋愛にも憧れて…。
イケメン同期・小谷に悩みを打ち明けると「男に慣れるために、試しに俺が付き合ってやろうか？」と提案される。
“お試し彼女体験ってこと!?”とOKしたみかこだけど、実は小谷は、みかこに3年強も爆裂片思い中の身だったのだ。
みかこを好きすぎて、絶対に逃さない、と小谷はあの手この手で外堀を埋め始める。
重〜い☆愛はみかこに通じる!?　両片思いから両想いへ…ラブ！
コミックス限定描きおろし付き"
aisarenakatta-shachiku-reijou-wa-daini-ouji-mofumofu-ni-iyasare-chuu	愛されなかった社畜令嬢は、第二王子〈もふもふ〉に癒やされ中	2	1	1	fantasy,romance	"家族に愛されず、王城で働く公爵令嬢のメリルは社畜として寝不足の毎日。
翌朝、第二王子・オスカーがやってきて二人で仕事をすることに。しかし、オスカーはメリルを「運命の相手」と思っているようでーー？
もふっと変身しちゃう王子様!? 魔力を持った公爵令嬢の異世界ファンタジー開幕！"
aisare-kouhi-no-yuuutsu	愛され皇妃のゆううつ	2	1	1	comedy,fantasy,romance	"暁帝国の皇帝・青嵐とその妃・明霞は幼馴染同士。
ケンカばかりの青嵐と明霞のもとに二人をよく知る兄弟子・炎燿将軍が現れ、明霞を戦場に借り受けたいと申し出る。
明霞は思ってもない申し出に浮き立つが、拒否しない青嵐にモヤモヤしてしまい…。
そして後宮では次々に大事件がーー!?
すれ違いながらも、いちゃいちゃ増量中の幼馴染ケンカップルの後宮ロマンス2巻♪
2025年12月刊"
aishitai-no-wa-omae-dake	愛したいのは、お前だけ	2	1	1	drama,romance	"老舗料亭・芙蓉のスタッフである和葉は、大好きな祖父のお店で懸命に働く毎日を過ごしていた。
ある日、世界的医療財閥の御曹司で外科医である柾樹のお見合いが開かれることに。お見合い当日、柾樹の失礼な態度を前に思わず言い返してしまった和葉。
最低最悪な出会いをした二人だったが、偶然居合わせた柾樹が倒れた祖父を助けてくれて…？
祖父の治療費に、お店の借金…苦しい経済状況を不安に思う和葉に、柾樹は借金の肩代わりに契約結婚を提案!?
「俺はお前を愛するし、お前も俺を愛するようになる」大胆不敵な俺様発言にドキドキが止まらない！この男に沼ること間違いなし！大人気【財閥御曹司シリーズ】第3弾、ここに開幕！"
ai-ni-naru-made-ato-nannichi	愛になるまであと何日?	2	1	1	fantasy,romance	こじらせ愛が重い上級騎士×ポジティブ没落令嬢のずれきゅんラブストーリー！ 婚約者として迎えに来たノアとともに、王都での生活を始めたリリーローズ。毎日のように向けられる優しさも気遣いも、リリーには“ただの幼なじみで偽りの婚約者”だからだと思えてしまう。ノアは普段は冷静な上級騎士なのに、リリーの前では不器用になるばかり。「僕とほんとうに結婚してみる？」ノアに告白されても、その想いを本気だとは受け取れない。幼い頃の約束から始まった婚約は、やがて深すぎる執着愛へーー。甘く危うい溺愛ロマンス、第2巻。
senchi-kara-kaettekita-kita-takashi-kun-futsuu-ni-koukou-seikatsu-o-okuritai	戦地から帰ってきたタカシ君。普通に高校生活を送りたい	2	1	1	action,comedy,romance,slice-of-life	"宇宙人による侵略戦争が終焉を迎えた今日、英雄・四分咲タカシは軍を引退し、日本に帰国した。

死と隣合わせの毎日から抜け出し、ようやく夢にみた普通の高校生活が始まる…
そう期待に胸を膨らませたタカシだったが、実際の日常は北欧出身の戦友・ナタリーをはじめとした個性的な美少女たちに振り回され、予期せぬバトルに巻き込まれる毎日だった！

普通の毎日じゃなくなったのは、自分自身が変わってしまったから──？
元最強戦士・タカシの、平凡とはかけ離れた青春ライフが始まる！"
suterare-reijou-ga-akogare-no-saishou-sama-ni-ikioi-de-kekkon-shite-kudasai-to-onegai-shitara-gyaku	捨てられ令嬢が憧れの宰相様に勢いで結婚してくださいとお願いしたら逆に求婚されました	2	0	1	drama,fantasy,romance	"ステラが勢いでルドヴィクに求婚したことから、急接近したふたり。

彼の想いは本物ーー？　それとも責任感ーー？

揺れ動くステラの不安な気持ちを消し去るように、
ルドヴィクから熱い愛の告白を受け、幸せいっぱいのステラ。

けれど、婚約発表のパーティーの場でカミーユから
長年秘密にしていたステラの絵師としての活動を暴露されてしまう。
さらに、ルドヴィクは元婚約者の王太子からステラを賭けた勝負を挑まれて!?

憧れのお相手との歳の差ラブストーリー、感動のクライマックス!!"
suterare-koushaku-fujin-wa-heion-na-seikatsu-o-onozomi-no-you-desu-comic	捨てられ公爵夫人は、平穏な生活をお望みのようです@COMIC	2	1	1	fantasy,slice-of-life	"『このライトノベルがすごい！2026』（宝島社刊）
新作単行本・ノベルズ部門第2位／単行本・ノベルズ部門第15位！

小説家になろう年間第1位（2024年4月〜10月）
2024年もっとも読まれた超人気作、コミカライズ第2巻！

シリーズ累計20万部突破！（電子書籍含む）

「みんながずっと、幸せに暮らせるように」
決意を新たにするメルフィーナの元に、予期せぬ来客がーー？
したたか夫人の領地改革ヒューマン・ファンタジー！"
suterare-seijo-wa-keiyaku-kekkon-o-mankitsuchuu-koukai-shiteru-dakara-nani	捨てられ聖女は契約結婚を満喫中。後悔してる?だから何?	2	0	1	fantasy,romance	国の『筆頭聖女』で王太子の婚約者ミシェルは、周りの妬みから『悪虐聖女』呼ばわりされ、やつれきっていた…。そんなある日、王太子からの「婚約破棄」と「筆頭聖女解任」宣言にミシェルは歓喜の雄叫び！！ しかし国王はミシェルを引き留めるため、『好色侯爵』と呼ばれる貴族クリストフとの契約結婚を命じる。噂とは違って紳士なクリストフ。そしてその息子のジェレミーも可愛く天使のよう！しかしクリストフにはある秘密があり…！？そしてミシェル不在の王都には暗雲が立ち込めて…！
suterare-kizoku-no-mujintou-nobinobi-kaitakuki	捨てられ貴族の無人島のびのび開拓記	2	1	1	fantasy	"【なんの価値もなかった無人島が、スローライフを満喫していたら最高の領地に!?】
伯爵家の三男として生まれるも戦いのスキルが使えず家族から虐げられていたレオ。15歳を迎えた日に魔物はびこる危険な領地をあてがわれ事実上の追放となるも…そんな家族の思惑とは裏腹に、当の本人はのんびり島暮らしを大満喫!?
「まさか無人島に来てこんなことが起こるなんて…！」
家族には隠していた人形に命を吹き込む力で相棒のロイを生み出し、家を作り、野菜を育て、果ては大規模村づくり!! 新たな移住者もかわいい闇猫も迎え入れ、未開の無人島をどんどん開拓して最高の領地にしちゃいましょう!!
自由気ままな島暮らしとあたたかな仲間との出会い。一人の少年が織り成すわくわくでいっぱいな無人島開拓記、堂々開幕!! 巻末に原作者書きおろし小説も収録！"
suterare-tensei-koujo-desu-tekikoku-de-seijo-no-furi-o-shite-imasu	捨てられ転生皇女ですが敵国で聖女のフリをしています	2	0	1	fantasy,romance	"「ミラ、君こそが聖女だ」--優しく微笑む皇子アル。
私は復讐のために“聖女のフリ”をしているだけなのに…!?

濡れ衣を着せられ処刑されたが、隣国の皇女として転生したミラ。
しかし平穏な日々も束の間、敵国の侵攻により祖国と両親を失い、兄とは生き別れに。
流れ着いた村の教会でも『聖女』の力を持たないせいで冷遇されていた。

そんなある日、敵国の冷酷皇子・アルファウスが村へやってくる。
魔獣襲来の危機に、ミラの特異な能力が開花！
彼に『聖女』と誤解され、「宮殿へ迎えたい」と強く望まれてしまい…。

「家族を捜し出し、敵国へ復讐するためなら、私…聖女のフリをするわ！」
ミラは素性を隠し、宮殿での潜入生活を始める。
一方、アルファウスの想い人は、かつて処刑された『前世のミラ』でーー!?

時を経て運命が交差する、転生×復讐の恋愛ファンタジー!!"
hikaeme-reijou-ga-konyaku-hakushi-o-uketa-tsugi-no-hi-ni-arata-na-konyaku-o-musunda-hanashi	控えめ令嬢が婚約白紙を受けた次の日に新たな婚約を結んだ話	2	1	1	fantasy,romance	"伯爵令嬢のエレアノーラは婚約者のカイアスから
公の場で地味な女と蔑まれた挙句、
突然の婚約白紙を言い渡されてしまう。

悲しみに暮れつつも周囲に心配をかけまいと
気丈に振る舞うエレアノーラだが、
別のパーティで偶然カイアスと再会。

カイアスとカイアスの新たな婚約者アナベラの二人から
心無い言葉をかけられ、さらなる追い打ちを受けるエレアノーラ。

しかしそんな彼女をかばうように
戦争の英雄であり「軍神」と呼ばれるフェルスが、
美しい銀髪を煌めかせ、颯爽と現れるのだった！

「小説家になろう」×「キルタイムコミュニケーション」の
共同コンテスト「異世界漫画原作大賞」受賞作のコミカライズが
待望の単行本化！"
oshi-no-imouto-ni-tensei-shite-shimatta-node-saikyou-no-akujo-ni-natte-onii-sama-o-dokusen-suru	推しの妹に転生してしまったので、最凶の悪女になってお兄様を独占することにいたします	2	1	1	fantasy,isekai,romance	"宮廷恋愛小説『アストレア帝国記』シリーズに登場する悪役侯爵・ノインに恋する雨宮渚を待ち受けていたのは死…のはずが、彼の妹・フラウに転生!?
血の繋がりがなくても、兄妹の恋愛が禁じられたこの世界。
愛するノインを誰にも渡さないため、“悪役令嬢・フラウ”として「全ての恋愛フラグをへし折って差し上げます！」"
oshi-no-seiheki-ga-yabasugimashita	推しの性癖がヤバすぎました!	2	1	1	bl,comedy,music,romance	"下っ端ADの三家は、かつて芸能事務所の研修生としてアイドルになることを夢見ていた。
しかし、ある事件がきっかけで事務所を解雇されてしまう。
アイドルを諦め、同じグループの弟分・司波に自らの夢を託す三家。
数年後、司波はアイドルグループ「シアン」のメンバーとして鮮烈なデビューを果たした。

研修生時代から司波を弟のように可愛がっていた三家だったが
ひょんなことから司波の‟特殊性癖”を知ってしまい大パニック★
知恵熱を出して仕事中に倒れてしまう。
自宅で目を覚ますと多忙なはずの司波が付きっきりで看病してくれていた。
感動する三家だったが、解熱剤の坐薬を司波に入れてもらうという辱めを受けてしまい!?

「僕たち　付き合ってみない？」

【収録作品】
推しの性癖がヤバすぎました！#00〜#03
出会い（描き下ろし）"
oshikyara-ouji-to-kojirase-etchi	推しキャラ王子とこじらせエッチ	2	1	1	ecchi,romance	"元カレ・永井に事後のような写真を撮られてしまった美帆。「季良を裏切るような行為をしていたらどうしよう」と不安になり泣きじゃくる美帆を、季良は優しく抱きしめて慰める。美帆をこんな目に遭わせた永井を許せず、永井を呼び出すとまどかもやってきて……。現実の男の人は怖いからロズオ様だけでいいと思っていたけれど、今はもう季良くんと出会う前の自分には戻りたくない！　初めて「好き」と言葉にされてますます季良への想いを実感する美帆。そんな折、「バラの王子様」公式から通知が来たのだがーー。
やっぱり季良くんは私の王子様でした！　きゅんきゅんキャンパスラブ、堂々のハッピーエンド☆"
sorowanai-kazoku	揃わない家族	2	1	1	slice-of-life	"「ねえ あたし 友達がほしい」
そんな言葉からはじまったあけみと、のぶえの毎日。そこには、大人の想像をはるかに超える出来事が…!?
じわじわ笑えてクセになる！ 小学5年生の友情と、ちょっと変わった家族の物語。"
shihainin-dan-kouichi	支配人段功一	2	1	1	drama,sports	ゴルフ雑誌『アルバトロス・ビュー』誌上で大人気を誇る、巨匠・弘兼憲史、完全監修の漫画連載『支配人 段功一』が待望のコミックス化。名作『島耕作』シリーズの魅力をそのままに、ゴルフ場で働く男の人生を描くーー。東要建物総務部次長、段功一は役職定年を迎え都落ち。新たな任務は伊豆オーシャンカントリークラブの支配人だった。しかし、クラブには反社会的勢力の影があって……。
houkago-isekai-futari-tabi	放課後異世界ふたり旅	2	1	1	action,adventure,slice-of-life	異世界の数だけ勇者がいる。けれど世界を救った後も居座り続けた勇者は、やがてその世界の危機となるーーそんな居座り勇者たちを元の世界に送り返すナギサと、異世界転移に巻き込まれてしまったユウコ。さまざまな異世界を救う旅を続ける中で、ユウコは世界の危機たる厄災となった勇者を目の当たりにしてショックを受ける。ふたりで救ったはずの世界を滅ぼした、”魔王群”と呼ばれる存在の目的とは!?　海法紀光×藍田鳴の強力タッグが善悪を覆す禁断の異世界SF、第2巻！
houchiku-sareta-tensei-kizoku-wa-jiyuu-ni-yarasete-moraimasu	放逐された転生貴族は、自由にやらせてもらいます	2	1	1	adventure,fantasy,isekai	現代日本人の記憶を持ちながら、貴族家の次男として転生したトーア。悠々自適な異世界ライフを目指すが、幼くして辺境の砦へと送られてしまう。さらに十年後、父の死をきっかけに呼び戻されたところ、家を継いだ兄・グラースから絶縁を宣言される。そんな辛い境遇にもめげず、トーアは辺境の砦で身につけた力と知識を生かして、冒険者として活動することに。けれども、早速ギルドの入会試験で兄が送った刺客に襲われてしまいーー!?
seiryaku-kekkon-kara-hajimaru-koufuku-mo-aru-to-shinjitemo-ii-desu-ka	政略結婚から始まる幸福もあると、信じてもいいですか?	2	0	1	comedy,fantasy,romance	エルツ男爵家へ嫁ぐことになった少女クシェル。それはクシェルの「幸福をもたらす力」が目当ての政略結婚だった。だがクシェルには、代々受け継がれるはずの能力が欠けていたのだった。もし役立たずだとバレたら、自分は殺されてしまう…。覚悟して嫁いだクシェルは、男爵イェレミアスの優しさに戸惑う。クシェルの当惑をよそに、男爵は愛と慈しみで彼女を包む。自分は能力を持たない“石ころ”なのに…なぜ!?薄幸の少女が、溺愛の中で人間としての悦びを取り戻すピュアラブストーリー!!
shinkan-100-okusatsu-kudasai	新刊100億冊ください	2	0	1	comedy,drama,slice-of-life	"ブラック企業を退職し実家に帰ってきた周子・29歳。彼女は趣味のBL同人誌執筆を楽しもうとするが、無職にとって実家は居心地が悪く、思春期の姪っ子・舞への接し方もわからずモヤモヤしていた。
だが実は舞は、BL同人誌が大好き。そして彼女は、叔母の周子が自分の敬愛する“神絵師”であることを知ってしまい...？
超高解像度ですべてのオタクに捧ぐ、同人誌シスターフッドコメディ、開幕！"
shingetsu-no-ban-ni	新月の盤に	2	1	1	drama,sports	"負けても、好きはあきらめなくていい。

プロ棋士の養成機関・奨励会で降級退会の挫折を味わい、将棋をやめた高校生・銀谷悠月。
けれどかつて奨励会員だったことを知るクラスメイトの吉金露凛に、
自分の中の「まだ将棋を好きな気持ち」に気づかされた悠月は、再び将棋を指すことを決める。
プロを目指すのではない将棋“部”員としてーー。
これは、プロになれなかった少年の青春再生の物語。"
tabi-wa-all-pasu	旅はオールパス	2	0	1	adventure,comedy,slice-of-life	"台湾人と日本人の両親を持つ林小鈴（リンシャオリン）の趣味は、鉄道の旅。
高校2年の春休み、甲府への一人旅をしていた彼女は、駅で困っている北欧出身の留学生・エレオノーラと知り合う。
二人はなりゆきから、富士山を見にいく旅を共にするのだが……。
旅はいつだって思いがけないことの連続。一人もいいけど、誰かと一緒の旅もいい。
女子高生たちによる、わくわくゆるゆる日本旅！"
hibi-wa-sugiredo-meshi-umashi	日々は過ぎれど飯うまし	2	1	1	comedy,gourmet,school,slice-of-life	"“食文化研究部”という、部室で
だらだらしたいがためにダミーサークルを立ち上げた少女たち。

平穏な日常を過ごしながらも、部室を確保するための活動報告として
野外ごはん、登山グルメ、食べ歩き………あれ、結構楽しいかも。"
hibi-kore-atarimae-no-zehitaku	日々是あたりまえのぜひたく。	2	1	1	gourmet	"今日も打ち合わせのスタートは「最近の美味かったもの」の話から……新装開店の第1話に提案されたのは、東北旅で思い出深い「牛タン焼肉」。これを思う存分、おうちで堪能したいというものだ。編集者に異論などあろうはずもなく、まずは食材の購入から始まるのだが、まさか塊で買ってくるとは驚くばかり。炭火を熾し、仕込んだ厚切り牛タンを焼けば、ビールの無限ループに突入。ただ、新たに「旅」の要素が加わった＜きくち家の普段日常＞はプロローグに過ぎなかった。
屋久島で出会った「カメの手＆芋焼酎」、駅弁の代表格「タコ飯」、東塩釜の仲卸市場で堪能したかった「海鮮丼」、旅のお供に欠かせない「海苔を巻かない握り飯」などなど、旅の思い出と一緒に＜おうちごはん＞として完全再現。美味しすぎる《ほろ酔いごはん》を作って、飲んで、食べまくります。"
kyuu-furiten-kun	旧フリテンくん	2	1	1	comedy	"30%しか笑えない人は異常。
90%笑える人は正常。
100%笑える人もまた異常。
これが王道の4コマまんが。

※この作品はバンブーコミックス「フリテンくん」2巻、3巻、4巻の再編集版になります。
※収録されている表現は、作品の執筆年代、執筆された状況を考慮し、コミックス発売当時のまま掲載しています。"
akenagi-no-meeteru	明け凪のメーテル	2	1	1	drama,sports	Mリーガー・瑞原明奈の人生を漫画化。U-NEXT Piratesに所属し2度のチーム優勝＆2021シーズン個人MVP、Mリーグの舞台で輝き続ける瑞原明奈。Mリーグの大海原を航海し続ける“気高き女海賊”の波乱と激情の誕生秘話を描いた1巻に続き、初のチーム優勝を果たしたあとに瑞原に迫った苦悩、そして新たなチームメンバーを迎えてからの葛藤と強くなり続けていった瑞原の人生を描いた完結巻。
seisou-no-shinrishi	星霜の心理士	2	0	1	drama,fantasy,isekai	"魔法でも癒やせぬ、心の傷をーーー。 

 剣と魔法の世界に異世界転移した臨床心理士の星乃。
彼女は心理カウンセリングによって勇者一行が抱える心の問題に向き合っていた。
賢者・ソフィアの力を借りながら異世界で職能を発揮する中で、星乃を“詐欺師“と断罪し彼女の職能を認めない戦士・リアムに、彼女は“こちらの世界”のパーティーゲーム、「真実か挑戦か」を持ちかける。
まともな会話すらままならない眼前の相手を前に、星乃が取った策とその真意とは……？

一方、勇者一行の次なる遠征日が迫るなか、双極性障害を患う聖職者・エルンストンにうつの波が訪れる。早期での改善が望まれない病を抱えながら、国民の英雄としてのしかかる責務に逼迫されていく彼女は……！？

本格ファンタジーの世界で紡ぐ、臨床心理学異譚！！ 

 【編集担当からのおすすめ情報】 
 口コミで話題沸騰！ 2026年 超注目作！！ 
心の機微をきめ細やかに描く超絶作画と、膨大な取材に基づく本格的カウンセリングシーンに、作品ファン急増加中！
毎話息を呑む展開の連続ながら、物語はまだ序章。
心病める勇者一行の行く末、どうかご一緒に見守ってください！"
haru-chan-wa-hontou-ni-gaman-ga-dekinai	春ちゃんは本当に我慢ができない	2	1	1	ecchi,romance	"銀行で働く私は学生時代にお付き合いをしていた柳先輩のことがいまだに忘れられない。
高校の時から生徒会長を務める柳先輩は今も営業部の人気者。

ある日、会社の飲み会で酔っ払って柳先輩に家まで送ってもらったけど、
もちろんワンチャン…なんてことはなくて。
出来心でローターを使ってみたら中に入って取れなくなっちゃった…！
そこに柳先輩が現れてーー…！

「オモチャとか買うほど、えっちなこと好きだったんだ？」
仕事のデキる陽キャリーマン×恋愛には臆病だけどHなことには興味津々なOLの再会ラブ。"
harumeku-katabutsu	春めく堅物	2	0	1	bl,romance,slice-of-life	"「ずっと一緒にいれたらいいのに」

手を差し伸べてくれたのは、堅物な隣人ーー。

桝永春芹は大切なひとり息子・律をシングルファーザーとして、懸命に育ててきた。
子育てと仕事で手一杯な生活だったが、同僚で隣人でゲイの円堂千晟が家事・育児をサポートしてくれるようになる。
献身的な円堂に、心から感謝する春芹。
しかし、一緒に過ごしていく内に、特別な感情を抱くようになり……。

そんなある日、春芹の前に現れた「円堂のセフレ」。
ふたりの恋の行方はーー？

ときめきたっぷり！ 
大人気、子育てBL！

●卯ノ花おそら、フルールコミックス既刊●
『さらくんは王子のキスで目を覚ます』1・2"
subaru-to-subaru	昴と彗星	2	0	1	sports	"『頭文字D』『MFゴースト』に続く、真・公道最速伝説！
佐藤昴と工藤彗星、最悪なボーイミーツガール！

日本で開催され、世界中で人気を集める公道レース「MFG」。
藤原拓海の教え子、カナタ・リヴィントンがMFGを席巻した翌年、
群馬から佐藤昴が、神奈川では工藤彗星が、そのレースの出場へ動き始めた。
しかし思わぬアクシデントにより、2人の運命が交差し始める‥‥！

『頭文字D』と『MFゴースト』の世界観がひとつに重なり合う！ ふたりの「すばる」が紡ぎ出す真・公道最速伝説第2巻！！"
toki-watari-reijou-wa-reiketsu-ryuuou-no-chouai-o-towa-ni-kizamu	時わたり令嬢は冷血龍王の寵愛をとわに刻む	2	1	1	fantasy,isekai,romance	"よみがえるのは聖女の記憶？
それとも魔女の断罪？

奴隷リリアは、愛する龍王の敵となる…！
魂が発情する異世界転生ファンタジー！

恋愛がうまくいかないのは、
前世のせいと聞いた御堂緋己子は
催眠療法をつかって意識だけ時を遡り、因縁を探る。

身分違いの龍王ヒューに
恋をした奴隷リリアだった過去世。
番の花嫁になれないとわかっていながら、
森で別荘で愛を交わしあった。わたしの身体で、
彼がふれてない場所なんてないほどに心まで捧げた。
しかし、故国を滅ぼし、奴隷の身へと落としたのは
他でもないヒュー。リリアは聖女として、
愛する龍王と敵対する運命にあったーー！"
aimai-blue-beast	曖昧ブルー・ビースト	2	1	1	romance	"パパの海外赴任をきっかけに東京の高校に通うことになったすず。大好きなB・BEASTの推し活ライフを楽しむぞ！ と思っていたら最推しのフジくんが突然グループを脱退!? 私の青春、終了…。だけど入学式の日、まさかの
フジくん本人が目の前に…!?
【収録作品】曖昧ブルー・ビースト 番外編"
tsuki-to-pieta	月とピエタ	2	0	1	bl,drama,romance	"「俺……先生が描きたい」

百合川への《特別な感情》を認めることができないまま、
卒業制作のテーマに行き詰まる陽介。

しかし、百合川のまっすぐな言葉に、彼をモデルに絵を描くことを決意する。

思い起こされる辛い過去の記憶
目を背けてきた自分自身の本当の気持ち

それぞれと向き合い、答えを出そうともがく陽介だったが
突然、周囲から百合川との関係を問われ……

自分を曝け出せない美大生×変人講師
不器用な二人のたどり着く先はーー

【描き下ろし】
コミックス描き下ろしイラスト＆おまけ漫画
を収録！
5話　無垢な心で
6話　対峙
7話　まなざし
8話　描くということ
おまけ"
gekkan-torirenma	月刊トリレンマ	2	0	1	comedy,drama	"『月刊トリレンマ』編集部の新米漫画編集者・山野井。担当するベテラン作家・ナナ猫周一の連載が決定していたものの、上層部の一声で白紙に!? なんとしても作品を世に出したいと足掻く山野井とは対照的に、ナナ猫は引退を決め…。そして、敏腕編集・夏宮の策とは──!?
夢を手伝う仕事にも、夢がある！ “売れる”漫画を作るために全てを懸ける編集者お仕事マンガ第2巻!!"
yuumei-vtuber-no-ani-dakedo-naze-ore-ga-yuumei-ni-natte-ita	有名VTuberの兄だけど、何故か俺が有名になっていた	2	1	1	comedy,romance	"またバズっちゃったね…お兄ちゃん&#9825;
俺の義理の妹・いすずは、登録者数100万人越えの大人気VTuber【いすずワイン】。いすずの配信切り忘れがきっかけで、なぜかネットの人気者になった俺は、いつの間にかVTuberデビューまですることに!! 業界トップの美少女VTuber・天龍川アルクにも気に入られているみたいだけど、愛が重めの妹・いすずが黙っているはずがなくーー!?失敗するほど愛される痛快成り上がりVTuberラブコメ、他のヒロイン達とも急接近してますますにぎやかな第2巻!!"
honmono-no-kanojo-ni-shitakunaru-made-watashi-de-tameshite-ii-yo	本物のカノジョにしたくなるまで、私で試していいよ。	2	1	1	comedy,drama,romance	"恋愛リアリティ番組『僕らの季節』。
この番組では、全国の美男美女の高校生が集められ、甘く爽やかな青春を送る。
全ての10代が憧れるアオハルの楽園。
ーーそう、表向きには。
その実情は、芸能界へ進出するために青春を切り売りする偽りの学園。
蒼志もまた、脚本通りで予定調和の青春を送っていく……はずだった。"
tokyo-ayakashi-street	東京アヤカシストリート	2	0	1	action,supernatural	"ストリートチルドレンのハヤトは、入院中の妹ひまりの治療費を稼ごうと今日も街を跳びまわっている。
見かけない少年がグラフィティを描いているのに遭遇した後、巨大な異形、妖（あやかし）が現れる！
妖が狙っているのは…ひまり！？
最愛の妹と、大事な街を守るために、ハヤトの戦いが始まるーー！

パルクールx妖退治！新感覚スタイリッシュ・アクション、ここに始動！"
umenosuke-kun-wa-danshiryou-no-onnanoko	梅之助くんは男子寮の女の子	2	1	1	comedy,romance	"女の子が大の苦手である梅之助は、大学の男子寮で大事な男友達や愉快な先輩に囲まれながら、趣味の筋トレに勤しむ毎日。
順風満帆な男子寮ライフを送っていたはずなのに、ある日突然、女の子の体になっちゃって…!?
せっかく育てた筋肉は!?親友と培った友情は!?そもそも、男子寮でどうやって生活するの!?
中身は脳筋男子の紅一点が巻き起こす、男子寮ラブコメディー！
『押しかけギャルの中村さん』とのコラボ漫画も特別収録。"
suterare-ouji-no-saikyou-ikada-kokka	棄てられ王子の最強イカダ国家	2	1	1	fantasy	棄てられ王子が助けたのは海賊の娘・ジーニャスだった。ジーニャスは父親の遺した財宝を横取りしようとする海軍ウォッシャ大佐に命を狙われており、大佐はジーニャスの故郷の村も焼き払おうとする。しかし、民を傷つける大佐にノアクルの怒りが爆発。【リサイクル】で作った巨大な腕で海軍を撃退した。だが、大佐はジーニャスが父親から譲り受けた海賊船「ゴールデンリンクス」を奪おうと画策し、ノアクルたちに不利な勝負を持ち掛けてきてーー!?
sumitai-machi	棲ミタイ街	2	1	1	horror,mystery	おしゃれでキレイなショッピングモールに溢れ、自然も多く、子育てがしやすい。今、日本で一番住みたい街と言われる「おおわしの丘」で猟奇殺人事件が起きた。顔面がから切り取られた部位が子供用の汽車に張り付けられていたのだ。部位の持ち主は転落死。住みやすい街を襲った猟奇事件は、連続殺人事件の幕開けに過ぎなかった…。異常に目がいい刑事・深見と昔気質の刑事・青木は犯人を見つけ出すために奔走するが、深見が犯人に襲われてしまう…！！　儀式と新興住宅地。過去の怨念と今の夢。嫌なものは見たくなる…クライムサスペンス、第2巻！
gokujou-dokutaa-wa-omiai-niizuma-o-amayakashitakute-tamaranai	極上ドクターはお見合い新妻を甘やかしたくてたまらない	2	1	1	romance	"交際0日から始まる溺甘新婚　愛しの旦那様はお医者様!?

大企業の経営者一族なのに、庶民的で恋愛経験ゼロの咲良は、祖母の主治医で大病院の御曹司・梗介とお見合いすることに。初恋の彼と両思いだとわかり、晴れて結婚＆新婚生活がスタート。するとクールで無表情な彼が「かわいいな。食べてしまおうか」と甘い言葉を囁く旦那様に豹変！　想像を超える溺愛尽くしの日々に、咲良の気持ちも昂って…!?"
gokuaku-jotei-no-koukyuu	極悪女帝の後宮	2	0	1	drama,romance	"極悪女帝と美貌の婿君、後宮の謎に挑む！ 

 大陸に君臨する大帝国・斎の若き女帝・李紅蘭。
その属国である脩国の美しき王子・王龍淵。

冷酷非道の極悪女帝と魅惑の美丈夫の結婚生活は、やはり一筋縄には進まなかった。

初夜に紅蘭へ刃を突き立てようとしたり、
宮内で男女を問わずに従者たちの唇を奪い続けたり、
絶えず奇行を重ねる龍淵。
その奔放ぶりに、臣下の郭義らが業を煮やしている傍らで、
当の紅蘭は面白がるばかり……

そして奇行の理由を教えてやると誘われ、十数日ぶりに仕切り直された初夜の続き。

「見せてやる… 俺の知る世界を」
「あんたが知らない、後宮(ここ)の本当の姿をな」

そう言い放つや否や、龍淵は紅蘭を抱き寄せて口づけをする。
突然の接吻に驚く紅蘭。しかし、間もなく彼の言葉の意味を知ることになるーー

美貌の婿君の秘密、後宮に潜む呪いの正体、そして極悪女帝の隠された生い立ち……
謎が渦巻く後宮で繰り広げられる奇々怪々の婚姻譚、本格始動の第二巻。
第6話「龍淵の呪い」……003
第7話「紅蘭のやり方」……020
第8話「紅蘭の決断」……043
第9話「龍淵の暴挙」……060
第10話「後宮の悪鬼」……083
第11話「紅蘭の述懐」……111
第12話「女帝の真実」……131"
gokuaku-ouji-no-aigan-seijo	極悪王子の愛玩聖女	2	1	1	fantasy,isekai,romance	"異母妹の身代わりに【極悪王子】アーロンの婚約者候補として登城したジゼラ。無事アーロンに抱かれることに成功し……何故か愛玩動物ならぬ【愛玩聖女】として囲われることにーー！
彼の【愛玩聖女】としての日々を過ごすうちに、彼に強く惹かれていくジゼラ。しかし、アーロンは生まれてすぐにかけられた呪いのせいで、残り僅かしか生きられないと知りショックを受ける。
彼のために何か出来ないかと思い悩むジゼラだったが、教会で彼女を娶ろうとしていたのがグラシアノ公爵と判明し、アーロンは自分の傍を離れるようにと告げてきてーー？
ワケアリ俺様王子×ワケアリ聖女の異世界ラブロマンス！ ドラマチック＆大団円の最終巻!!"
mobile-suit-gundam-seed-furiidamu-asutorei	機動戦士ガンダムSEED FREEDOM ASTRAY	2	1	1	action,mecha,sci-fi	破壊され、廃棄されたものに再び命と役割を与える技術者たちーージャンク屋。力なき者に代わり戦う傭兵部隊ーーサーペントテール。ロウ・ギュールと叢雲劾、共にアストレイを扱う2人はよき理解者、よきライバルだ！しかし、サーペントテールは謎の人物「リミットレス」から、ある任務を依頼をされる。それは「ロウ・ギュールの抹殺」……!?
mobile-suit-crossbone-gundam-zeeroibaa	機動戦士クロスボーン・ガンダムゼーロイバー	2	1	1	mecha	"シリーズ30周年記念作品、爆誕！
宇宙世紀0172年──時は“宇宙戦国時代”。地球から最も遠い人類の生存圏である木星宙域で起きた、小さな事件の物語。94年の連載開始から紡ぎ紡がれ30年！ 改めて「宇宙海賊」に向き合う記念作品、開幕！"
ketsuraku-renkinjutsushi-no-isekai-seikatsu	欠落錬金術師の異世界生活	2	1	1	adventure,comedy,fantasy	"転生者にもかかわらず、属性が欠落していたため魔法が使えなかい少年・アルテュール。さらに生まれた侯爵家から絶縁され、母・マルティーネと辺境の村で暮らすことになった。
前世の知識を使いながら、様々な困難を乗り越えて錬金術師を目指すことに。独学で始めた錬金術で、琥珀を作ったり、メガネを作ったりと生活を豊かにするために頑張るも、色々な人に目をつけられてしまい…。頭脳を駆使して問題を解決していく知的な錬金ライフが始まる！"
tsugi-no-topikkusu-wa-omae-da	次のトピックスはオマエだ!	2	0	1	comedy,romance,slice-of-life	高校に入学したら映画研究部に入る、と意気込んでいた鴨居映太。だが彼が入学した時には映画研究部は廃部になっており、そして気付けば彼は謎の美少女に誘われるように、校内のゴシップを撮影し動画にして“報道”するという活動をしている「ジャーナル同好会」に所属することになってしまっていた。そんな映太は取り壊し予定と噂の旧校舎に、部長である伊吹と二人で心霊動画を撮影するために忍び込む。しかし誰もいないはずの夜の旧校舎に謎の人影が…!! 遂に二人と対峙したその人物とは!? さらに次々とおかしな怪奇現象が二人を襲い始め、そして旧校舎の最奥で二人が目にしたものとは…!? 高校生活を「ゴシップ動画報道」に捧げた“学内きっての厄介者の巣窟”「ジャーナル同好会」に所属する超個性派の学生たちが、刺激的で愉快で最悪…もとい最高の青春をお届けする学園コメディ…次なる“犠牲者”は誰か!?
rekishi-saiban	歴史裁判	2	1	1	historical,drama	最高裁判所の地下深く、人知れず存在する0号法廷。そこでは、歴史上の事件をもう一度裁くことができる。今回、弁護士・賀倍のもとに現れ、無実を訴えたのは断頭台に消えた王妃・マリーアントワネット。彼女は罪人か、無実の犠牲者か…時を超え、現代の法で真実をあぶり出す！
shinitagari-reijou-wa-kyuuketsuki-ni-dekiai-dekiaisareru	死にたがり令嬢は吸血鬼に溺愛される	2	1	1	romance,supernatural	"君が望めば　僕が叶える 
 
高潔な吸血鬼×虐げられた令嬢の妖しく甘い恋愛ファンタジー第2巻！

麗しき吸血鬼・フィーと正式に婚約を結び、彼の元で暮らすことになったアデル。 
冷たかった家族の元を離れ、甘く、心穏やかな日々を過ごしていたが… 
 
「わたしがこうなったのはお姉様のせい。 
お姉様はわたしを助ける義務がある！」 
 
ある日、自分を虐げていた妹・ティナからの手紙が届けられた。 
フィーに支えられながら、アデルはティナと向き合うことを決意する。 
 
再会したティナは吸血鬼の禁忌に触れ、変わり果てた姿になっておりーー…！？ 
 
高潔な吸血鬼×虐げられた令嬢の 
妖しく甘い恋愛ファンタジー波乱含みの　第2巻！"
shinimodori-kishidanchou-wa-hakushaku-reijou-ni-naritai	死に戻り騎士団長は伯爵令嬢になりたい	2	1	1	comedy,fantasy,romance	"家族を失い、王と国のため生涯を剣に注いだ騎士団長エリネ・マクレディアは、30歳で謎の死を迎える。
しかし入団前の18歳に戻り、人生をやり直すことに！
今度は普通の伯爵令嬢として家族と生きようと決意するが、颯爽と人助けしたりと思わず騎士っぷりを発揮してしまう。
それを見た天才魔術士・フラインが『エリネ観察』と称し、付きまとってきてーー？ 
「知っているよ。君が、とびきり強い騎士団長だったこと」 
最強の元騎士団長は令嬢として、幸せを掴めるのか!?"
shibou-flag-o-kaihi-suru-to-maikai-etchi-suru-hame-ni-naru-nowa-doushite-deshou-ka	死亡フラグを回避すると、毎回エッチする羽目になるのはどうしてでしょうか?	2	1	1	ecchi,romance	"平凡なOL・亜耶は、
人が死ぬ未来＝死亡フラグが見えてしまうという不思議な力があった。
その力を使って憧れの荻原課長のピンチを救ってきたけれど、
その度に何故かエッチな展開に…!!
ある日、コンビニ強盗に襲われる課長を救うため、課長の家へ押しかけ、足止めをすることにした亜耶。
課長から『貴女が好きだから、触れたい』と告白され、
両想い!?と喜んだのもつかの間、
課長と深い仲だという謎の美女が現れてーー…!?"
shitaiyaku-reijou-ni-tensei-shitara-kuromaku-ouji-ni-shuuchaku-sarechaimashita	死体役令嬢に転生したら黒幕王子に執着されちゃいました	2	0	1	comedy,fantasy,romance	"無事学園に入学したメルディは、ジェイクの“遊び相手”として翻弄される日々を送っていた。
一方でジェイクの心には、メルディへの特別な感情が芽生え始めていた。

そんな中、ゲームの正ヒロイン・アマリリスと仲良くなったメルディは、彼の幸せを想って、二人を結びつけようとする。
でもなぜか胸の奥がざわついてーー？

想いを募らせるヤンデレ王子VS彼の幸せを願うモブ令嬢
噛み合わないけれど愛おしい、焦れキュンラブコメディ第2巻！
第6話
第7話
第8話
第9話
第10話
描き下ろし漫画
あとがき"
shitai-katsugi-no-nemu	死体担ぎのネム	2	0	1	adventure,drama,fantasy	ダンジョンで遭難したガレンは、「死体担ぎ」のネムと出会う。「死体担ぎ」は、ダンジョンの奥、獣の巣、海の底などの危険な場所で亡くなった人の遺体を回収しに行く仕事。「死体でもいいから帰ってきて欲しい」という遺された人の声に応えて、ネムは今日も危険な場所に赴き、死体を担いで帰ってくる。死者と遺された人に寄り添う弔いファンタジー、第1巻。
shigo-hitotsu-yane-no-shita	死後ひとつ屋根の下	2	1	1	drama,supernatural	"古い民家に1人ひっそりと暮らす安田。話し相手は家にやってくる野良猫と信楽焼の狸。
誰も安田と話そうとはせず、安田のことを気にもかけない。なぜなら、安田は幽霊だから。
30数年前に命を落とし、成仏しないまま、孤独に”この世”で暮らしていたのだった。
そんな安田の前にある日、男子高校生・未来が現れる。
安田の暮らす家が気に入った未来は、自分がここに住むことを主張するがーー！？
おじさんと男子高校生、この世への未練を抱える凸凹コンビの同居生活が始まる！"
shiryoujutsushi-uerutsu-no-heiwaron	死霊術師ウェルツの平和論	2	1	1	action,adventure,comedy,drama,fantasy	"【元賢者の死霊術師率いる救世パーティは、ゲス勇者にビビり守護騎士、酒飲み聖女と、アクが強すぎる!!?
クセ者たちと英雄のフリをして掴め、世界平和ーー!!】

世界平和を掲げる勇者パーティは、旅の果てに魔王を打ち倒す！
勇者、守護騎士、聖女は戦死、賢者ウェルツのみが生き残る辛勝だったが、これでやっと世界に平和が訪れるーーはずだった。

それから2年、魔王討伐を果たした世界の治安は悪化するばかり。
人間国家間の争いが起こる一方、魔王軍残党の抵抗も激化の一途を辿る。
そんな中、勇者パーティの生き残りとして解決を押しつけられたウェルツは、犯してはならない禁断の手段を選ぶーー!!"
satsujin-gaiki-wa-kuuhaku-o-omou	殺人外鬼は空白を想う	2	0	1	drama,fantasy,supernatural	"思い出で戦うダークヒーロー譚、完結！ 

 SNS累計1400万PV超えの話題作！
『死ニカエリ』『先生のやさしい殺し方』の反転シャロウ最新作・完結巻！！

人を喰らう「人ならざるモノ」が人に紛れて潜む社会。
「殺人外鬼」としてそれらを葬る青年・狭間虚太郎は、たった一人の大切な幼なじみとの思い出を凶器に変えて戦っていた。
そんな虚太郎の前に、「人ならざるモノ」を葬る力を持った少年・刹那鏡助が現れる。
彼は「思い出なんて、消えたっていいだろ」と虚太郎に言い放つのだった。
想いが交差し、鏡助が、そして虚太郎が、選び取る未来とはーー？

単行本限定で、本編をさらに楽しめる「人外図鑑」も収録！ 

 【編集担当からのおすすめ情報】 
 SNSでバズ連発の「思い出を凶器に変える」物語、完結巻です！
「人ならざるモノ」とはいったい何なのか、
神サマの正体は、などなど謎が解き明かされていきます。
虚太郎と正反対に見える価値観を持つ新キャラ・鏡助と虚太郎の想いのぶつかりにも大注目です。
そして何と言っても、「幼なじみを取り戻したい」という虚太郎の一途な想いは叶うのか、
彼の戦いの行く末を一緒に見届けていただけますと幸いです。"
dokuzukai-ranko	毒使い蘭子	2	1	1	horror	"ホラー漫画の女王・犬木加奈子の名作が、完全生産限定版で初めての単行本化！ 
「スピン」と呼ばれる「栞紐」（しおりひも）がつく上製本（ハードカバー）です。"
mizu-mahou-nante-tsukaenai-to-tsuihousareta-saretakedo-mizu-ga-bannou-dato-kigatsuki-mizu-no-kenja	水魔法なんて使えないと追放されたけど、水が万能だと気がつき水の賢者と呼ばれるまでに成長しました	2	1	1	action,adventure,comedy,fantasy,romance	"最弱と呼ばれる水魔法の使い手というだけで、無能の烙印を押され、勇者パーティから追放されてしまったネロ。
ところが、ネロは得意の閃き力で水魔法を使いこなし...まさかの無双!?
「スピィ！」となついてくる可愛いスライムも仲間に!!
誰しもが「水魔法なんて最弱」と疑うなか、次々と敵を倒していき...。
不遇な水属性を持つ少年が、世界の常識を覆す下克上物語、開幕！"
koori-no-koutei-no-torikago-no-naka-de	氷の皇帝の鳥籠の中で	2	1	1	drama,fantasy,romance	"ベネットの全国民に愛される美しい皇女・ロウェナは、
ある日、異母兄の第一皇子・チェトストンに姉殺しの罪を着せられ、
地下牢に監禁される。

幸せだった日々は一変し、牢獄で虐げられながら5年の歳月が経った。
ようやく地下牢から出たロウェナだが、
今度は敵国オズボーンの皇帝・ファインに人質として差し出されてしまう。

ファインとロウェナは幼馴染だったが、喧嘩別れの後、
彼もまた過酷な人生を歩み、いまや冷酷な皇帝になり上がっていた。

ファインは、まだ自分を憎んでいるのか…。
すべてを失った皇女の行き着く先は氷の鳥籠、それともーー。"
eikyuu-no-yuugure	永久のユウグレ	2	1	1	action,drama,romance,sci-fi	"200年後の世界で目覚めた姫神アキラの目の前には、信じられない光景が広がっていた。
国は廃れ、新しい統一機構によって管理される人々。変化した結婚制度“エルシー”。愕然
とするアキラの前に、最愛の人トワサと、うり二つのアンドロイドは現れた──。
「アキラ……。私と結婚して下さい」
これは新時代を生きる×××と×××が愛を見つける物語──。

幼少期に両親を亡くし、父の親友・王真樹博士に引き取られた姫神アキラ。想いを寄せ続けていた同居人・王真樹トワサとの関係を家族から恋人にアップデートするべく、トワサをデートに誘う。長年の想いが実り気持ちを確かめ合った2人だったが、トワサの構想す
るアンドロイド開発計画発表のさなか、過激派の襲撃により銃で打たれたアキラは意識を失ってしまう。
そして、200年後の世界で目覚めたアキラの目の前には信じられない光景が広がっていた──。"
botsuraku-reiko-no-cinderella-gourmet	没落麗子のシンデレラグルメ	2	1	1	comedy,gourmet	家が没落し貧乏になった元社長令嬢の麗子。彼女の楽しみは月に一度、「買える範囲の高級グルメ」、すなわち“シンデレラグルメ”を食べること！ 1本3240円のウスターソースに、1本4532円のビール！ 少しの勇気で買える高級食材が盛りだくさん！ そして麗子に“マーメイドグルメ”を楽しむお友達ができる…！？ ド級グルメコメディ第2巻！
nami-o-tadotta-saki-ni	波を辿った先に	2	1	1	bl,romance	"人見知りで引っ込み思案な飯嶌辿成（いいじまてんせい）は、小学生のころに助けてくれた同級生の一之瀬篠波（いちのせしのは）に友達になりたいという一言が伝えられずに、思いを拗らせてしまう。
大学生になったある日の帰り道、篠波と偶然再会したことがきっかけで、少しずつ運命の歯車が動き出していくーー。

クールな音オタク×人見知りわんこ系の美大生ふたりが紡ぐ、胸が波打つ純情ボーイズライフ！"
nami-to-songai-no-teiteisu	浪と損害のティティス	2	1	1	adventure,fantasy	"邪悪な魔女の狙いは保険!? 魔女vs魔女の戦いの行方はーー!?
謎の魔法による攻撃を受けたアルゴー号。ティティスは“奇跡の力”を使う魔女に捕らえられ、はぐれたキャラックは保険屋を嫌う謎の女性と出会う。保険屋と魔女、それぞれの矜持を持ってピンチに立ち向かうーー!!"
ukiyojima	浮世島	2	1	1	ecchi,horror	"修学旅行で乗っていた船が沈没してしまい、
謎の島に漂着した生徒たち。

妖怪オタクで変人扱いされていた少女・まもりは
異形の化け物に襲われているクラスメイトたちを目撃する!

まもりは襲われているクラスメイトたちを助ける事ができるのか!?
そして魑魅魍魎が跋扈する謎の島から生きて帰れるのかーー!?

情欲渦巻くサバイバルパニックホラー開幕!!"
inma-na-shachou-ni-yabai-cry-shuuchaku-sarete-imasu	淫魔な社長にヤバいくらい執着されています!?	2	1	1	ecchi,fantasy,romance	"一流ホテルのマッサージ・セラピスト世那の楽しみは、響道院家の御曹司・惣馬に
プロとして施術すること。

あくまでも一介のセラピストとVIP顧客の関係。

…のはずが、ある日自宅前に惣馬が現れて!?
不思議な光を放つ瞳で彼に見つめられ、抱き寄せられると身体は火照り…。

「淫魔」を名乗る彼に、尖った乳首や溢れる奥を弄られ、
果てない快感を刻み付けられる。

「生きるために、君の極上の淫気が必要なんだ」
戸惑う世那は、熱く惣馬に迫られてーー。

美貌の淫魔に身も心も独占される、極上のエロティック・ラブ！"
dekiai	溺愛	2	1	1	romance	"【あらすじ】新城組の若頭・新城奏の婚約者となった新見ゆいか。しかしその座を狙う女達の嫉妬、怨恨、殺意ーーありとあらゆる悪意がゆいかを襲う。拉致され、監禁され、ついには凌辱されそうになるが、奏は必ずゆいかを救い出し、“穢れた”心と身体を包み込んでくれるのだった。しかし幸せな日々は長くは続かず……。因縁の双子の妹・まりかと諸悪の根源である実母との対決の行方はーー!?
お互い穢れてるんだから、思う存分穢し合い、愛し合うだけ。深く、昏い愛が交わる激情的ダークLOVEストーリー、ここに完結！
【内容】
・『溺愛』【第7話】〜【第13話】
・描き下ろし『ストーカー量産機』（5P）
・あとがき（榎 ぽのに・映画館）"
dekiai-cinderella	溺愛シンデレラ	2	1	1	ecchi,romance	"君を心から愛しています

困難を乗り越え、2人の愛がついに実って……

「触れていいのも感じさせるのも俺だけ」
9年ぶりに再会したハルから全力で口説かれ、自分の気持ちに素直になった由姫は、ハルと一夜を共にする。
初めてなのに蕩けるほど感じさせられて、何度も絶頂に導かれる由姫。
心も身体も繋がった2人だけど、ハルを追ってNYからやって来たニーナに嫉妬したり、厄介な親族に付きまとわれたり、さらにハルの帰国の日も迫ってきて、由姫の心は穏やかではいられず……!?"
dekiai-bacheraa-wa-gokujou-teku-de-daki-tsukusu	溺愛バチェラーは極上テクで抱き尽くす	2	1	1	ecchi,romance	"絶倫セレブの肉食Hが止まらない…！秘密の身代わり求婚SEX

「君は俺の理想の女性だ」
男勝りでお酒が大好きなOL・瑠花（るか）は、ワケあって双子の妹のフリをして、ハイスペ独身男性の時透洋司（ときとうようじ）のお見合いパーティーに参加することに。
彼は超セレブなイケメン紳士で、私とは縁のない相手…と思っていたのに、なぜか気に入られてしまい!?
口説かれて、甘いキスまでされたら…もう理性はグラグラ。
「感じやすいんだね…いい子だ」優しい愛撫に溶かされたと思ったら、スイッチの入った肉食な彼に激しくイヤらしく奥を責められて、ベッドの上でトロトロになるまで乱されちゃうっ…！
身代わりなのに、何もかも完璧すぎる一流ハイスペバチェラーに、プロポーズされた瑠花の運命はーー…
溺愛バチェラーの肉食Hが止まらない…！秘密の身代わり求婚SEX"
dekiama-papa-na-koukuu-jieikan-to-kosodate-love-hajimemashita	溺甘パパな航空自衛官と子育て恋愛はじめました	2	1	1	romance	"彼との距離が近くなればなるほど不安な気持ちも高まり…

おうちデートで幸せいっぱいな時間を過ごす二人＋悠心。そんななか、健心に緊急招集の連絡が入り、亜美は急きょ悠心を預かることになる。そんな事件がきっかけとなり同居生活を始めた二人の距離はぐっと縮まる。だが、健心への想いが深くなると同時に、自分には危険な仕事に従事する彼を支える覚悟がないことも自覚した亜美の心は揺れて─…"
gekizumi-dungeon-desu-skill-hanshoku-de-gyakuten-shitai-to-omoimasu	激詰みダンジョンですが《スキル:繁殖》で逆転したいと思います	2	1	1	action,adventure,ecchi,fantasy,romance	"異世界ダンジョンマスターとして転生した華村あきらは、
転生して30分で快適に暮らせるダンジョンを作り上げる。

だがそれは押し寄せる冒険者に対して防御力ゼロの「詰みダンジョン」だった！
「ダンジョンを攻略されたら即死」という絶望的な状況で生き残るには、
あきらの《繁殖》スキルで配下のモンスターを増やすしかない！

女冒険者や女性型魔物を苗床に
どんどんモンスターを繁殖させて最弱から最強のダンジョンに逆転させろ！
ノクターンノベルズ発のエロくて激アツな異世界ダンジョン育成ストーリー
コミカライズ第1巻!!"
iseisha-no-neya	為政者の閨	2	1	1	fantasy,romance	"「言わねばわからぬのか？　俺がお前をどう思っているか」
冷酷非情で知られるプロムクヴィスト帝国の皇帝ブレスに嫁いだマクアードルの男装女王ブリジットの目下の悩みは、初夜から一日と開けず毎晩毎晩朝まで抱き潰されることーー。欲しいものを問われ思わず正直に睡眠時間と答える無欲なブリジットに対し、ブレスは日増しに強くなる自分の想いが伝わらないもどかしさを感じていた。王宮内でもブレスの寵愛ぶりが噂となっていた八日連続の閨の夜、ブレスはブリジットに「抱かれるのは妃としての義務」と思ってもいなかった言葉を投げかけられ、ついにその想いが爆発してしまうーー！　男装女王と冷酷無情な皇帝による支配者同士の濃厚な夜（バトル）大団円！"
mushoku-kakutou-niito-konbatto	無職格闘-ニート・コンバット-	2	0	1	action,comedy	"自らと同じく格ゲーのキャラを憑依させて闘う
宇留川乱波との決闘を制した黒須拳護。

しかし直後、ゲームセンター荒山を狙う地上げ集団によって
格ゲーオタクたちのヒロイン・香奈芽がさらわれてしまう。
史上最凶の敵が振るう猛威に、拳護は怒り、立ち向かう──。

喧嘩最強に成った無職が覚醒する超人生逆転アクション、最終巻！！"
munou-no-naka-no-munou-ouji	無能の中の無能王子	2	1	1	fantasy	"神より授かったスキルが【無能】と判明した第三王子ジェイクは、王城外の屋敷で半幽閉生活を送っていた。ある日、屋敷を抜け出したジェイクは、誘拐されていた美女レイラを目撃し助ける。なんとレイラは男を狂わせる魔性のスキル【傾国】の持ち主だった。だが、ジェイクには効かず、それどころか自身の世話係にスカウトするありさま。さらに次々と、強力だが災厄の種でもあるスキル持ちの美女たちが、ジェイクに吸い寄せられるように集まっていきーーーー？　愛とスキルを味方に成り上がる、【無能】王子のハーレムファンタジー。
第1話　【無能】の王子
第2話　【傾国】を拾ったそばから【奸婦・奸商】を素で口説く
第3話　密約「内助の功」
第4話　【傾城】と物騒な秘技
第5話　誘惑無双の女たち
第6話　流浪の女教皇様
第7話　女教皇【悪神・悪食・悪婦】とその事情"
aori-kei-game-haishinsha-hatachi-haishin-no-kiriwasure-20-iihito-bare-suru	煽り系ゲーム配信者〈20歳〉、配信の切り忘れによりいい人バレする。	2	1	1	comedy,romance	"悲報 シスコンお兄ちゃん
妹に嫌われる!?

煽り芸で売っていた配信者・春斗は、放送事故によりいい人バレ。
図らずも愛されキャラとして人気が急上昇してしまう！

更に人気Vtuber・Ayayaともいい感じの雰囲気になり放送事故をきっかけに大きな変化が訪れようとしていた。

だが、彼を心配する妹・柚乃とすれ違いが増え始めーー

「俺、もしかしてゆーに嫌われてるかもしれない……」

ひょんなことから柚乃の本心を聞いてしまった春斗は、傷心のまま視聴者に悩みを打ち明けるのだが!?

放送事故から始まる大人気1on1ラブコメ、第二幕。"
bakudanma-na-youhei-douji-shoukan-sareta-saikyou-cheat-domo-o-katappashi-kara-keshitobasu	爆弾魔な傭兵、同時召喚された最強チート共を片っ端から消し飛ばす	2	1	1	action,fantasy	"異世界に召喚された男、ジャック・アーロンは
めぼしい能力を持たないと嘲笑われ、
奴隷として売られかけてしまう。

彼が元の世界で『爆弾魔』の異名をもつ、
凶悪な傭兵であることも知らずに。

ジャックは奴らに笑われた、
""確実に作動する爆弾が作れる""という
唯一無二の能力を活かして
「自分を召喚した奴ら」と
「自分を笑ったチート能力者共」への復讐を開始する！"
inu-o-hirotta-hazu-datta	犬を拾った、はずだった。	2	1	1	fantasy,romance	"マリスが拾った黒犬は、「救国の英雄」、ゼレク・ウィンザーコートだった！
そうと知ってもゼレクが可愛い「クロちゃん」にしか見えないマリスと、幼児のようにマリスへの執心をあらわにするゼレク。
無自覚な二人のイチャイチャに、周囲は困惑しっぱなしで…。
しかし、ゼレクのマリスへの執着が、思わぬ事態を引き起こす!?
狙われるマリスに、突然の国王からの呼び出し。それにはゼレクの出自と「黒狼の呪い」が関係していてーー!?"
ookami-otoko-wa-dekiai-de-zetsurin	狼男子は溺愛で絶倫	2	1	1	ecchi,romance	御堂さんの絶倫具合を一晩中味わった真由。甘々な日々を楽しんでいた真由の前に現れたのは御堂さんには見えない…元カレの幽霊⁉
nekokaburi-no-ohime-sama	猫かぶりのお姫様	2	1	1	fantasy,romance	"現代のチェス王者が、
北部のお姫様に生まれ変わるお話。

極寒のヴァイナルダム公国に転生したアレニャは、
妾腹の娘として生まれ、毎日が辛い日々。
そんなある日、
チェスの国の王子様・ジュリオに見初められーー

孤高のお姫様と運命の王子様が贈るロイヤルラブファンタジー！"
neko-o-shohou-itashimasu	猫を処方いたします。	2	1	1	slice-of-life	"京都市中京区麩屋町通上ル六角通西入ル富小路通下ル蛸薬師通東入ル。

京都の路地裏の住所にあるメンタルクリニック。
悩みを抱えた人々に処方されるのは、猫。

子育てに行き詰った母親には、
かつて出会った猫にそっくりの猫を。
完璧主義のデザイナーには、
おっとりさんな猫を。
飲み合わせに気を付けて処方される猫たち。

そして変わった医者とキツめの看護師の秘密が、ついに明らかにーー！？

京都本大賞受賞、累計24万部の大ヒット小説シリーズ、待望のコミカライズ！
癒されニャンダフルストーリー！"
shishi-to-bo-tan	獅子と牡丹	2	1	1	drama	"天草埋蔵金アドベンチャー、強力な仲間を迎え前進する第2巻!!

生活に困窮する電（あきら）とマックスは天草埋蔵金を探すため結託。
宝の所在として有力な地下トンネル「じょう太郎が洞穴」に潜ったら富永家とつながっていた…！
電の先祖は一体、何者だったのかーー。
難航するかに思われた埋蔵金探しは歴史オタクの女・森田の加入により現実味を帯びてきて…？

「これって祟りじゃね？埋蔵金なんて探してるから…」

金の十字架、銀の燭台、大判小判に宝石に。「夢」を頼りに謎を追うーー
先祖のたどった軌跡こそ失われた秘宝へと続く黄金の道…！
構想10年!!第24回手塚治虫文化賞「マンガ大賞」受賞作家による本格・歴史浪漫！"
ou-to-kisaki	王と后	2	1	1	fantasy,romance	"感情は何もかも捨て去ったはずなのにーー 

 偽りの夫婦から本当の夫婦になりたいという鳴矢の想いに触れ、心揺れる淡雪。そんな矢先、淡雪の近辺で起きた事件を機に彼女が持つ秘密の「術」の噂が鳴矢の耳に入ってしまう。他の誰でもない鳴矢からの忌避を恐れた淡雪はーー！？￣ 

 【編集担当からのおすすめ情報】 
 話題沸騰！！許されざる恋×和風王宮ファンタジー第2巻"
ouji-na-kishidanchou-wa-yakusouzuki-no-reijou-o-dekiai-shite-metoritai	王子な騎士団長は薬草好きの令嬢を溺愛してめとりたい	2	0	1	romance	"「この肌を暴いて…全身にくちづけたい」
一途なイケメン王子×ハーブ好きの辺境伯令嬢

「自分にこんな…独占欲があるとは知らなかった」
情熱的なキスと優しい愛撫ーー愛される体が甘くとろけてゆく…。
薬草好きの辺境伯令嬢・ローズマリーは、騎士団でハーブティーを
日々振る舞っていた。そんな中、新しい騎士団長として第三王子の
ジェイラスが赴任。美しく圧倒的な魅力の彼に最初は騎士団に来ることを
禁止されるが、互いに惹かれ合うようになり、ついにはプロポーズされる。
だが、ジェイラスが次期国王に指名されて事態が急変！
自分が王妃になれるか不安がありながらも、彼からの愛はとまらずーー!?"
ouritsu-toshokan-no-harinezumi	王立図書館のはりねずみ	2	1	1	fantasy,romance	"王立図書館で出会った、人見知りの最年少『魔術師』エクシアと第一王子のアイヴァン。ランタン祭りのダンスパーティーを共に過ごし、その関係は”図書館の案内人と王子”から着実に変化していく。だが、二人の想いとは裏腹に図書館と王宮の対立は引き返せないところまで深まりつつあった。平和を願い行動するアイヴァンが窮地に立たされる中、狙われたのはエクシアでーー！？
「これは王宮の図書館に対する宣戦布告だ　故に図書館は『閉館』するんだよ」
最後の鍵を握るのは、アイヴァンの探し物。その謎を解き明かして彼を助けるため、エクシアは自分の意思で踏み出しーー

角川ビーンズ文庫発の本格ビブリオファンタジー、堂々のフィナーレ！
第6話
第7話
第8話
第9話
第10話"
ouritsu-mahou-toshokan-no-joumae-ni-tenshoku-suru-koto-ni-narimashite	王立魔法図書館の「錠前」に転職することになりまして	2	1	1	ecchi,fantasy,isekai,romance	"恋人が既婚者だったことに傷ついた美月は、最低男と別れヤケ酒に溺れていた。
BARからの帰り道、ひとり街を歩く美月の目の前に謎の扉が現れる。
謎の呼び声に導かれるまま扉をくぐり抜けると、先にあったのは…異世界の王立魔法図書館!?
突如眼の前に現れた美女・セイラから自らの後継者として図書館司書への転職を勧められ混乱する美月。
しかも、その司書の仕事は『錠前として鍵である男性とHして書庫の解錠をする』という、とんでもない内容で…??


《収録作品》
王立魔法図書館の［錠前］に転職することになりまして 第一章〜第六章
番外編（描き下ろし）"
amaku-dakareru-shitsuaikon	甘く抱かれる執愛婚	2	1	1	romance	"元武家華族の令嬢・澪は、没落寸前の一族を救うため財閥の次期総帥・魁成と契約結婚することに。利害の一致による愛のない結婚ーーそう割り切っていたはずが、自分を本当の恋人のように大切にしてくれる魁成に澪は次第に惹かれていく。同じく澪に想いを募らせていた魁成から「本当の夫婦になろう」と告げられ、ようやく夫婦としての一歩を踏み出した二人だけど、澪を付け狙う金森の魔の手が忍び寄り…。波乱を乗り越え、二人が迎えた結末はーー!?
没落寸前の崖っぷち令嬢×財閥御曹司のドラマティックシンデレラストーリー、完結！"
amaku-kaotte-tokeatte	甘く香って溶けあって	2	1	1	romance	"「想い出の香水がなくなっても、新しい想い出はこれからも作っていけます」

恋人同士になった芳秋と帆乃香は、離れていた時間を埋めるように想いあって愛する毎日。
だけど、恋愛初心者なあまり、子ども扱いをされている気がする…ので、私から積極的に誘ったはずなのに！？
芳秋さんの指が気持ちいい所をかすめる度に、もどかしくてもっとちゃんといじってほしい…！

さらに、嫉妬・スランプ・想い出の香水が廃盤…
恋も仕事も全力な二人に目が離せない！！

【見た目爽やか隠れS彼氏】×【芯のあるほんわか彼女】が織りなす
ピュアで甘い恋の花が癒し香り咲き乱れる第2巻"
seikatsu-majutsushi-tachi-majo-no-mori-ni-idomu	生活魔術師達、魔女の森に挑む	2	1	1	fantasy	"「小説家になろう」発の大人気ライトノベル『生活魔術師達、ダンジョンに挑む』のコミカライズ新シリーズ第2巻! 
魔女試験を受けるためにワルプルギスの夜に参加した生活魔術科のリオン達。ここでも雑務処理を頼まれたのだが、そこで大量の呪詛に遭遇! まさかの陰謀を知ることに……!?
原作単行本収録短編『生活魔術師達、水晶玉に挑む』のコミカライズ版も特別収録!"
namakawa	生皮	2	1	1	drama	"その罪は「時代」のせいじゃない。 

 小説講座の人気講師・月島光一から
7年前に受けた性暴力を告発した九重咲歩。
しかし、夫や世間の理解を得ることは難しく、
苦しみを抱え続けていた。
そんな中、同様に月島から性暴力を受けていた
小説家・小荒間洋子がその過去を自ら語り始めた。
風向きが変わる中、家族と職場から見放され
追い詰められた月島はーー。


井上荒野による衝撃的小説を、
新鋭・粟森きちが渾身の力でコミカライズ。

「今の時代」を貫く物語、完結。"
inaka-no-kuro-gal-jieikee-to-kekkon-shimashita	田舎の黒ギャルJKと結婚しました	2	0	1	ecchi,romance	"脱サラして小説家になった孝一。何も題材が思い浮かばず、小説が書けない毎日を過ごしていたが、ド田舎に引っ越し、黒ギャル女子高生・一花と何故か同棲することに!?

性に奔放な一花だが、孝一と彼女は紆余曲折あって結婚することに。孝一の親への挨拶をしなければいけないことになり、久方ぶりの東京へ。しかし、そこで待ち受けていたのは…!!?

そして、今まで体を重ねることを拒否していた孝一だったが、ついに一花と……!!
性に奔放な彼女と小説家が結婚して子供を作る、ちょっとHな結婚物語、怒涛の第2巻!!
第7話
第8話
第9話
第10話
第11話
第12話"
otoko-nara-ikkoku-ichijou-no-aruji-o-mezasanakya-ne	男なら一国一城の主を目指さなきゃね	2	1	1	fantasy,isekai	"神の手違いによる事故で命を落とした元自衛官の中年サラリーマン。前世の記憶と新たな才能を手に異世界への転生を果たした彼は、決意する。この世界で自分の国を築くことを！
現代の知識を武器に国を興す! サラリーマン建国記開幕!!
「小説家になろう」総合評価15万ポイントの名作がついにコミカライズ！"
otoko-kinsei-game-sekai-de-ore-ga-yarubeki-yuiitsu-no-koto	男子禁制ゲーム世界で俺がやるべき唯一のこと	2	1	1	action,adventure,comedy,drama,ecchi,fantasy,romance	「……今更、善い人ぶるのはやめてよ……っ！」傑作百合ゲー『Everything for the Score』に、百合に挟まる男・三条燈色として転生した俺を責める悲痛な声。燈色の妹であり、三条家の跡取り娘・三条黎は、名家の支配の下に、利用され、裏切られ、傷ついてきた。それはゲーム本来のシナリオであり、愛する百合を成就させるためにも主人公ではない燈色が介入するべきではない。だが、俺は、彼女たちが、泣き続ける未来を許さない。世界の意思に反してでも、このまま見過ごすことなんて、俺にはできない。全ての百合が、傷つくことなく、美しく咲き誇るためにーー。
dansou-no-reijou-wa-gokujou-no-mitsu-ni-oborete-reiri-na-zaibatsu-onzoushi-ni-mibun-o-kawaremashita	男装の令嬢は極上の蜜に溺れて怜悧な財閥御曹司に身分を買われました	2	1	1	ecchi,romance	"身売りした没落令嬢は激しい愛に乱れるーー
「男装も背徳的でそそられる」

大正時代ーー没落令嬢の沙保子は、負債を抱えた家業を立て直すため男装をして資金調達のために必死に働いていた。
しかし上手くいかず最後の望みをかけて向かった東院銀行。そこで東院家の御曹司・明臣に融資として多額の結納金を条件に結婚しないかと提案され、受け入れることに。
成り上がりの東院家が欲しいのは沙保子の家柄、そして侯爵家の血を引く後継者。
利益のためだけの愛のない結婚のはずが、明臣から蕩けるほど可愛がられ、体が熱くなるほど激しく抱かれて…!?"
dansou-joou-no-akusai-keikaku	男装王女の悪妻計画	2	1	1	fantasy,romance	女性であることがバレて、元側近のハロルドと結婚した元王子のエディ。ハロルドのために悪妻を演じ、離婚をしようと画策するも上手くいかない。それどころか、なぜかハロルドに溺愛される幸せな新婚生活を送っている。そんな時、結婚してから初めて、弟のジェイラスに会いに、王宮に行くことになったエディ。ジェイラスの部下の邪心で危険に陥ったところをハロルドに助けられたエディは、これ以上、自身の気持ちに嘘が付けないと悟り…‼離婚したい妻×溺愛したい旦那様のラブファンタジーの行方は…!?
isekai-wa-neko-to-tomo-ni	異世界は猫と共に	2	1	1	fantasy,isekai	"システムエンジニアの松本勇は飼い猫・織姫と共に突如異世界転移してしまった。
転移先で貧乏貴族のアンネマリーと出会い、彼女の庇護下に置かれることに。
この世界の仕組みを知り、自身のスキルや知識が役に立つと感じ領地再建を目指していく。
さらには織姫もとんでもない力を手に入れておりーー！？
猫好きシステムエンジニアの領地改革ファンタジー　第1巻！！"
isekai-bocchi-quest	異世界ぼっちクエスト	2	1	1	action,adventure,fantasy	"【J級冒険者の成り上がりファンタジー、第2巻！】

ふいに異世界転移したコミュ力0のヒロト。
チートスキル「隠密」を駆使して、
A級モンスターを追い詰めたり、伝説の剣を手に入れる。
が、ヒロト最大の天敵・コミュニケーションの壁が
立ちはだかるッ！

……ここから「ハーレムで無双」
したいんですけど大逆転できますか？"
isekai-sauna-de-totonoi-surooraifu	異世界サウナでととのいスローライフ	2	1	1	comedy,ecchi,fantasy	"異世界転移した社畜リーマン・ランスケ。
彼が異世界で始めたのは、人生の楽しみであったサウナをファンタジックに楽しむ『異世界サ活』！
元冒険者・ユスティーナと共に旅に出たランスケは、異世界サウナを求め火山や極寒の地に挑む!!
サウナを堪能しつつ、女の子たちとエッチなととのいも楽しむ異世界スローライフ、第2巻!!"
isekai-rabu-hotel	異世界ラブホテル	2	1	1	ecchi,fantasy,isekai	"【B地区解禁!! 人生初のラブホで…清楚な王女たちが快楽の虜に!!】


父親から相続したラブホの新規オープン当日、オーナー高田リキが目覚めると…ラブホごと異世界に転移していた。それも王城の敷地内に!? よくわからないまま、見回りに来た女騎士にラブホの案内をしていると…なぜか大人の○○○○を初体験してもらうことになってーー。

自慢のお部屋で王女たちを感じさせて、ラブホの素晴らしさを轟かす!! 異世界初のエッチな楽園経営から…王に成り上がる男の物語、開幕!!

【おもてなし上手なおっさんが…愛撫スキル無双!!!】"
isekai-rifure	異世界リフレ	2	1	1	ecchi,fantasy,isekai,romance	"そこは魔物と人が交わる世界。
沢山の異種族娘（モン娘）ちゃんが、お客様の心と体をリフレッシュ！
サキュバス・人魚・吸血鬼…十人十色な女の子たちとマネージャーさん♂との純愛模様も入り交じり…？？
究極癒やしのドキドキリフレ第1巻が堂々オープン!!"
isekai-riiman	異世界リーマン	2	1	1	adventure,comedy,fantasy,isekai	"偽勇者パーティー登場！？ 

 山間都市のカジノ。
そこは暇を持て余した大富豪、
一攫千金を狙う冒険者が集まる遊び場ーー

そんな都市に訪れたアレク一行だったが、
すでに“勇者”の目撃情報が飛び交っていた！

「勇者は俺一人のはず…まさか偽物！？」

偽勇者パーティーVS.真勇者パーティー。
なりすましトラブルに営業のハヤシさんが挑む！！ 

 【編集担当からのおすすめ情報】 
 ブラック企業で培った営業スキルを使って異世界無双!?（無双はしません）
日頃のストレス解消にピッタリの異世界日常コメディー第2巻です！

今巻も、営業サラリーマンのハヤシさんが大活躍！！
偽勇者問題をどう解決するのか… 必見です！！"
isekai-royal-royale	異世界ロイヤルロワイアル	2	1	1	fantasy,isekai,romance	"女性だらけの異世界に、男は俺だけ！？
死の間際に女性しかいない異世界へと召喚されたフリーターの獅子山大河。
大河は世界で唯一の男性として人類存続のため、
”国王”となって18人の候補者からたった一人の結婚相手＝王妃を選ぶことに。
王妃選抜の第一の試練を身を挺した機転で乗り越えた大河だったが、
試練の先には脱落者を自ら選ぶ過酷な選択が待っていたーー。
“運命の相手”の座を賭けた”俺の恋心”争奪戦、第2巻!!"
isekai-shinsengumi	異世界新選組	2	1	1	action,fantasy	"土方歳三が転生した少女・トゥシ。近藤勇が転生した少女・サミィ。沖田総司が転生した少年・ソシル。
異世界に転生した三人の新選組隊士が、王都で再会する。
彼らは異世界で、新選組の復活を目指すことに。
だがそんな三人の前に現れたのは、日本刀を携えた男・シンバと美女・ワイナ。
二人も異世界に転生した「侍」だった。
彼らは自らを「真の侍」を呼び、「ある御方」の力で転生したと語る。
シンバとワイナの猛攻を受けるトゥシたち。
そしてさらにそこに、屈強な魔族・ギャドガが登場。
ギャドガは竜巻で吹き飛ばした建物で、大勢の人間を圧殺する！
激怒したサミィがギャドガに立ち向かうが、その圧倒的な魔族の力に大苦戦…！
果たして、異世界での新選組の再興は果たせるのか！？
物語は転生した「幕末のサムライ」と、魔族の激突という新章に突入する…！"
isekai-tokusou-sukarion	異世界特捜スカリオン	2	1	1	action,fantasy,isekai	"異世界転生ーーそれは突如として人々を非日常へと誘う“災害”となった。
転生によって命を落とす者、意思に反して異世界へ飛ばされる者、そして残された家族や社会。そんな現代において、人知れず異世界事案に立ち向かう組織が存在する。

その名は《異世界特別捜査隊》--コードネーム・スカリオン。
本作は、異世界転生者を“救助対象”と捉え、転生に巻き込まれた人々を救うために命を懸ける若き隊員たちの戦いと青春を描いた、全く新しい異世界バトルアクション。かつて「宇宙刑事」や「レスキューポリス」シリーズに熱狂した世代にも響く、“異世界×特捜ヒーロー”という斬新な世界観が展開されます。

第1巻の物語の中心となるのは、崩壊寸前の世界に召喚されてしまった少年ニラサワ・メデル。彼は召喚された世界を救う為に女神から与えられたスキルを活かして戦っていた。魔王の最後の幹部を倒し世界を平和にするまであと一歩のところまで来ていた。
　だがまだ少年は世界を救うハズの最終決戦が世界完全崩壊を引き起こすキッカケになっているとは気づいていなかったーー。
世界と少年を救う為、最終決戦の場に髑髏の戦士＜スカリオン＞が降り立つーー

『多様化する異世界転生で事象に巻き込まれた人々を救うため己の命と青春を懸けて立ち上がった若者たちがいた。これは異世界特別捜査隊の壮烈な戦いの物語である。焦烈せよスカリオンーー』

『ゲッターロボ牌』（竹書房）で注目を集めた鬼才・ドリル汁先生。ド迫力の戦闘シーン、そしてスピード感あふれる展開は、まさに必見！"
ikai-tettai-parabellum	異界撤退パラベラム	2	1	1	action	"人が人を止め殺し合う狂気の世界「伐異界」に迷い込んだ高校生・皇麻。心を喰われ自我を失った「アガリビト」になる前に異界からの脱出を試みる少女・茉由瑠と共に、元の世界へとつながる出口・簓木駅を目指す。駅の出現を感知するという予測屋を訪ねる二人だったが、そこは最凶最悪と恐れられるボス”黒女”が支配する領域だったーー。敵の圧倒的な力を前に、元警官で”血だまり”の異名を取るエリカ、探知能力を持つファス子らとともに共同撤退戦線結成！　様々な因縁が絡み合い疾走する、オカルティック×異界×銃撃戦、極限のガンアクション！

●園田健一氏（『ガンスミスキャッツ』）も推薦！
「いのうえ空はいいやつだ。ガンアクションと美少女のふとももが好きなやつに悪いやつはいない。まともなやつもいないがな！」　園田健一

巻末付録として著者・いのうえ空が語る、作中銃器解説も収録で大充実の一冊！"
shiromajo-san-tono-henkyou-gurashi	白魔女さんとの辺境ぐらし	2	1	1	comedy,fantasy,romance,slice-of-life	"仲間から解雇されてしまった雑用係トーリは
最強の冒険者 と名高い“白の魔女”から
お世話係として半ば強引に雇われることに。
彼女の筋骨隆々な外見はまやかしで
その素顔は可憐な美少女だった！
生活力ゼロな彼女の自宅は散らかし放題の酷い有様で…？ 

美味しい料理に丁寧な生活。
可愛い魔女と一つ屋根の下。
ドタバタだけど温かい、辺境ぐらし開幕！
第1話　001 
第2話　041
第3話　075
第4話　107
第5話　143"
hyakuka-koukyuu-ki-tan-reboot	百華後宮鬼譚リブート!	2	1	1	fantasy,mystery,romance,supernatural	"鬼霊を視ることができる少女・甜花は後宮で結婚を約束した初恋相手の“おにいちゃん”と再会する。しかし相手はなんと皇帝で……
そんななか、甜花は後宮の怪事件に巻き込まれてしまう。恐ろしい妖怪に取り憑かれた少女・彩雲を甜花は救うことができるのか！？
美貌の後宮妃に甘やかされる、甜花のふしぎ後宮冒険譚！"
koutaishi-to-konyaku-shitara-yomei-ga-10-nen-ni-chijinda-node-nazotoki-hajimemasu	皇太子と婚約したら余命が10年に縮んだので、謎解きはじめます!	2	1	1	comedy,fantasy,romance	"自分と、触れた相手の余命が見えるシャリアーゼは
皇太子との婚約誓約書に署名した途端、残り70年あったはずの余命が10年に!?
婚約解消の手続きを取ろうとしたら自分だけじゃなく親族の余命までもが減ることに…
こうなったら婚約者の立場のままで余命を取り戻す方法を探り出すしかない！
余命奪還ミステリーラブコメディ、ここに開幕!!"
koujo-tensei	皇女転生	2	1	1	fantasy,isekai	"『魔術ギルド総帥』の白石新、最新作！！

夢叶わず死亡した大魔導士、可憐な皇女にまさかの転生！？ 
新たな才能を手にし、目指すは世界最強…！
筋トレ大好き！ おてんば皇女の、最強成り上がりファンタジー！！


夢叶わず死亡した大魔導士は、目を覚ますと皇族として転生していた。さらに新しい肉体には、近接戦闘の才能が！ 今度こそ世界最強に届くかもしれないと希望を抱くが…。転生後の名はエヴァンジェリン。そう、女だったのだ。筋トレ禁止、戦闘禁止の皇女生活の中、エヴァは部屋にダンベルを持ち込み、剣を振るう！ そしていつの間にか最強に！？　おてんば皇女の、最強成り上がりファンタジー！！"
hitomi-no-naka-no-boku-o-shiranai	瞳の中の僕を知らない	2	1	1	bl,drama,romance	"事故で記憶を失った怜は、人気モデル・レイスとしての活動を再開する。
恋人を名乗る大学生・黒田との生活に満たされ始めた頃、もう一人の自称恋人・堂島と仕事現場で一緒になり…!?
黒田と堂島、それぞれとの過去が徐々に紐解かれていくーー。
センシティブ三角関係BL第2巻。
2025年9月刊"
shachou-ga-watashi-o-daku-wake	社長が私を抱く理由	2	1	1	ecchi,romance	"職を失い、彼氏にもフラれ不幸のどん底だった杏は、奇跡的に大企業への転職に成功する。
そこで、偶然が重なりカリスマ社長・八神と会話を交わす仲に。
ある日、階段から落ちたところを八神に助けられると、お腹にナニかが当たってて・・・・・・。
「俺は君にだけ”反応”するらしい。リハビリ相手になってもらえないだろうか」と言われてしまって！？"
haraiya-amagiri-no-koukeisha	祓屋天霧の後継者	2	0	1	action,horror,supernatural	祓屋の名門「天霧屋」。その末裔の三善天馬は、自分が家督を継ぐことに乗り気ではなかった。理由は父の最期。悪霊を祓う中で、命を落とした父を見て、この仕事に疑問を感じ始めたのだ。そんな中、現当主が突然「次期当主は血縁に限らず、実力を以て決定する」と宣言。戸惑う天馬をよそに、余所者の天才祓師・真琴が金銭目当てで後継者候補となる。ルール無視で悪霊を祓いまくる彼女を、天馬は警戒するが……?
shuku-seijo-ni-naremasen-deshita	祝・聖女になれませんでした。	2	1	1	fantasy	"とある事情でお城に幽閉されたアディーテのもとにやってきたのは、魔法師団長！
彼からのまさかの提案に、内心大喜びのアディーテだが、
今までのことを考えると素直に受けられず…。
だけど、でもそれを解決する方法を見つけた時、アディーテはどう決断するのか!?

悪役顔のお人好し聖女×もふもふ精霊の物語、コミカライズ第2巻！"
shinshi-no-bannin	神使の番人	2	1	1	action,fantasy	"禍津神（まがつかみ）という怪物が現れるようになり、
大小の災害を引き起こし、人々の生活を脅かす日々──。
倉持柊は、妹を養うため、災害に対応する【禍津神鎮守機関アマテラス】の一員に。
戦いのさなか、倉持たちは禍津神の腹の中に飲み込まれ…。"
watashi-isekai-de-seirei-ni-narimashita	私、異世界で精霊になりました。	2	1	1	adventure,fantasy,isekai	"帝都で工房を開くための素材探しの旅は、
いつの間にか「第二皇女の世直し旅」の様相を帯びていた。
採掘やダンジョン探索の傍ら、クウはAランク冒険者ロックの一行や
帝都に進学予定のアンジェリカと出会う。
とんがり山に着くと、そこには一緒に転生したかつての同級生の姿がーー？"
watashi-kumo-na-monster-o-tame-shita-node-spider-silk-de-saihou-o-ganbarimasu	私、蜘蛛なモンスターをテイムしたので、スパイダーシルクで裁縫を頑張ります!	2	1	1	fantasy	病死したため女神の祝福を受け異世界に転生した少女・リリィ。健康な身体と『魔法裁縫』の能力を授かって、希望に満ち溢れるリリィが出会ったのはおおきな魔蜘蛛。テイムをして“タラト”と名付けたその魔蜘蛛は希少な糸を生むレアモンスターだった!? 新しい人生を謳歌するリリィですが、『魔法裁縫』の能力×希少な糸でつくった服飾品が次第に話題になってーー!?　裁縫＆紡績スキルをゆるゆる磨きつつ、自分のお店を開くため今日も頑張ります！
watashi-ga-daisuki-na-shousetsuka-o-korosu-made	私が大好きな小説家を殺すまで	2	1	1	drama,horror,mystery	"命を救われてから数ヵ月。
遥川とデートすることになった梓は
初めて訪れた遊園地で夢のような時間を過ごし
遥川への想いを改めて実感する。

その一方で遥川は
かつてないスランプに陥っていた。
歪な二人の共同生活は、
息苦しいほどに濃さを増していく。
壊れていく最愛の先生を前に、梓はーー。
第6話
第7話
第8話
第9話
第10話
第11話
第12話
第13話
第14話"
watashi-to-neta-hito-dare-desu-ka	私と寝た人、誰ですか!?	2	1	1	romance	"会社の飲み会の翌朝目覚めた梢。
いつも通り鏡を見ると、全身にキスマークが？
どうやら処女を喪失したらしい…けど
酔っていて記憶ゼロ!?

初めての相手は、ワンコ系後輩男子？ クール眼鏡上司？
それともイケオジ社長!?

社内リサーチを開始した梢をことごとく邪魔するのは、
高校時代苦い別れ方をした元カレ・拓海。

十年ぶりに同僚として再会した後も、
そっけない態度ばかりだったのに、どうして…？

 「ちゃんとした恋は俺とするんだ」
今や社内一のエリートでモテる彼は、昔と同じ
熱を帯びた瞳で迫ってきて…。"
watashi-to-aishou-yoi-hito-imasenka	私と相性良い人、いませんか?	2	1	1	drama,ecchi,romance	"彼氏とは1年もレスだった女性がレス解消できた理由は…。婚活に勤しむ女性が始めたのは…。
“相性”が良い相手を求めるマッチングアプリによって、女性の秘めたるホンネが露わになる──。"
watashi-wa-kekkon-dekimasu-ka	私は結婚できますか?	2	1	1	romance	"過去があったから、今のあなたがいるーー全部大切にしたい。

晴れて万城目とお付き合いを始めたものの、仕事が忙しくほとんど会えない日々が続いていた。
デートもキスも、恋人らしいことが全くできていない関係に不安を覚える杏。
そんなある日、万城目から同棲を提案され、彼の家に引っ越すことに！
しかし、彼の家には亡くなった奥さんの遺品が残っており、それを処分しようとする万城目を杏は引き留めてーー。

ゆっくりだけど二人のペースで大切に育んだ愛ーー堂々完結♡"
watashi-o-korosu-gitei-o-rouraku-shiyou-to-omoimasu	私を殺す義弟を籠絡しようと思います	2	0	1	drama,fantasy,romance	"王位をめぐり義弟フィリオと対立したレアは、
フィリオの手によって処刑されーー
目が覚めると15歳に回帰していた！
以前のように、王位に固執する母に操られ義弟と争い
国を混乱に陥れるようなことはしたくない。
レアは、義弟を籠絡して味方にすることを決意するが、
逆に「義姉上を独り占めしたい」と
フィリオに強い執着で迫られてしまう！
昔と同じかわいい義弟のはずが、
フィリオにはレアの知らない顔があるようで……？

自分を処刑した義弟に、今度は愛されすぎる執着ラブ！"
himitsu-no-sazukari-kon	秘密の授かり婚	2	1	1	romance	"身分違いと知っていても
きっと私は彼を愛した

母親の営むおにぎり屋を手伝うすずは恋愛に消極的で、
26歳になっても一度も交際をしたことがない。
けれど、公園で出会って以来、常連客となってくれた真司に一気に惹かれ、
結婚を前提に付き合うことに。しかし、次第に仲が深まっても、
真司は仕事や家族のことをまったく話してくれない。
不安に思っていた矢先、就職先の大企業の副社長が真司だと知り、
しかも彼には婚約者がいると職場の者に聞かされてーー。"
himitsu-no-kinpatsu-twintail	秘蜜の金髪ツインテール	2	1	1	comedy,ecchi,romance	"【ぼくらは“きんいろ”に恋をする】
主人公・アオイは中学二年生の男子。
ある日の放課後、
黄昏に染まる誰もいない教室から、
吐息が漏れていたーーー。
謎のツインテ美少女が
ひとり切なく、衝動を求めていたのだ。
彼女の名はバンビ。
2人は“秘蜜”を共有する、特別な関係になった。

今は使われていない元写真部の部室を
“秘蜜基地”にして、2人は“秘蜜”を始めるーーー
《いっしょに、やろ》
誰にも言えない、アオイとバンビの恋物語。

気になるあの娘はヒミツがいっぱい！
中学生男女の蒼き衝動が突き抜ける！
“きんいろ”青春☆ラブコメディ
『ヒミツインテ(略称)』、爆誕！！！"
kegareta-seichi-junrei-ni-tsuite	穢れた聖地巡礼について	2	1	1	horror,mystery	"おるよ。ここに来たときからずっと。
ファンブック企画第2章の舞台は廃病院。通称「天国病院」には、死者に会えるという噂があった。新しく怪談ライターの宝条を迎え、またもや考察をでっちあげていくなか、宝条の視線は、池田の背後に向いていた。"
madogiwa-henshuu-to-baka-ni-sareta-ore-ga-futago-jk-to-doukyo-suru-koto-ni-natta	窓際編集とバカにされた俺が、双子JKと同居することになった	2	1	1	romance	"窓際編集とバカにされ妻が出て行ったその日、双子のJKが家に押し掛けてきた。
見知らぬはずの、だけどどこか見覚えのある二人。
いつも気さくにからかってくる妹のあかりと
控えめで不器用だけど、芯の強い姉の奈々子。

……学生時代に働いていた塾の教え子だった。
なし崩し的に始まった同居生活。
しかしそれは傷ついた心を癒していきーー。"
ryuu-ga-yonda-musume	竜が呼んだ娘	2	0	1	fantasy	その村は「罪人の村」と呼ばれ、王宮の権力争いに敗れた先代王の残党が住んでいました。切り立った崖をこえ村から出る手段はただ一つ、竜に呼ばれること。谷底の村で静かに暮らしていた十歳の少女・ミアは、竜に呼ばれ、外の世界におびえながらも村を出ることを決意します。竜に乗せられ、運ばれた先は瑠璃色に輝く王宮。王宮では不思議な魔女たちや、竜と強い絆で結ばれた竜騎士にも出会います。「谷の子」と呼ばれるミアは、呪いをかけられ、姿を消した伝説の竜騎士の部屋子として働くことに。王宮で懸命に生きるうちに、ミアは奇妙な運命に巻き込まれていきます──。
ryuujin-no-rinjin	竜人の隣人	2	1	1	comedy,fantasy,slice-of-life	"おとなりさんは天然ドラゴン!!
女子大生・姫崎塔子のお隣に、 竜人の留学生・ホンさんが越してきた。 見た目は神々しいけど天然なホンさんと、 表情乏しめだけど世話焼きな塔子ちゃん。読めば思わずニコニコしちゃう、異文化交流コメディー！"
ryuuou-ni-hirowarete-mahou-o-kiwameta-shounen-tsuihousareta-o-iiwatashita-kazoku-no-mae-de-ukkari	竜王に拾われて魔法を極めた少年、追放を言い渡した家族の前でうっかり無双してしまう	2	1	1	action,comedy,fantasy,romance	ドラゴンスレイヤーの家系に生まれたが、生まれながらに竜の呪いで魔法を詠唱できない主人公カル。努力して幻の「無詠唱魔法」を会得するが、家族に信じてもらえず、凶暴な竜の住まう孤島に追放されてしまう。しかし、そこで出会ったのが美少女竜王のアルティナだった！アルティナに気に入られたカルは、彼女の協力を得て竜魔法を使えるように修行を始める…。そこにアルティナの命を狙う聖竜王エンリルの刺客が襲いかかる！カルとアルティナの運命や如何に！？異世界王道ファンタジー、堂々開幕！！
ryuukishi-senmon-gakkou	竜騎士専門学校	2	1	1	fantasy,slice-of-life	"立派な竜騎士となるため人間と竜がともに学ぶ竜騎士専門学校。日々の厳しい訓練のほか、学校行事や休みも相棒と共に過ごすことで絆を深めていきます。
2巻では飛行クラスとは別に陸上部所属の竜が新登場！ ゆるふわコンビは体力向上のため陸上部の訓練に体験参加します。
ほかにもハロウィンやクリスマスといった季節の行事もてんこもり！"
junjou-sentai-virginias	純情戦隊ヴァージニアス	2	0	1	comedy	"「おんなのこのけんをてにいれた」「初恋転生ニアデスゴッデス」でおなじみ福岡太朗の代表作「純情戦隊ヴァージニアス」の愛蔵版が登場！
初出は電子版のみだった作品をブ厚い2冊に濃縮してお届けします。各巻のカラー原稿はもちろんのこと、新作描き下ろしも収録！
あの戦いから5年後の彼らがどうなっているのかを描いた、いつもの福岡太朗節が炸裂です！
純潔でないと変身できない戦隊と、どうやっても憎めそうにない悪の怪人たちによる、ラブでコメな展開をたっぷりご堪能ください♪"
junai-joutou	純愛上等!	2	1	1	bl,drama,romance	"""紅桜高校の不良たちのアタマを張る亀井円（かめい・まどか）のもとに、ライバル・白岩高校のアタマを張る佐藤美鶴（さとう・みつる）が訪れるところから始まる。留年決定・恋愛も喧嘩も休戦中…と早くも枯れ気味の日々を送っていた円だったが、美鶴との出会いで状況が一変！敵対する高校の喧嘩最強同士が一触即発か…!?と思いきや、美鶴は、喧嘩ではなく、円の祖母が営む駄菓子屋の2階に下宿することになったと挨拶に来たのだった。「紅白の鶴と亀」と呼ばれる2人の急接近に周りも大混乱。根っからのお兄ちゃん気質な円は距離を縮めようとするが、クールな美鶴の「本当の目的」はわからないままで…!? 
一匹狼な年下ヤンキー攻×無邪気の裏にトラウマを隠すヤンキー受。ヒリヒリするほど、不器用でピュアなヤンキーBLが開幕！"""
shuudengo-wa-amai-kisu-shite	終電後は甘いキスして	2	0	1	romance,slice-of-life	"「一歩踏み出したら　この人を独り占めできるんだろうか」
関西から転勤してきたかつての先輩・千須和に翻弄されっぱなしの冴香。
からかわれるのは悔しい...!!　のに、やっぱり頼れる存在で、いつでも見ていてくれることに嬉しさを感じてしまう。
そんな中、引っ越しの手伝いで一緒になった千須和の大学時代の友人・かなみの存在が気になって...？
関西弁ハイスペ先輩との甘辛癒やされラブ、第2巻!!"
kekkon-shitakedo-otto-ni-kataomoi-shite-imasu	結婚したけど…夫に片想いしています	2	1	1	romance	"波乱しかない交際0日婚開幕!

8年間片想いしていた同僚・大輔と酒の勢いで入籍した梓は、ウキウキで新婚生活をスタートさせたものの、

ソファに一緒に座ってくれない、寝室はもちろん別...など物理的な距離を感じる日々が続いていた。

よく知った相手でも、交際0日婚はやはり無謀だったのかという思いが頭を過るも、

そこは持ち前のポジティブさで乗り切ろうと心に決める。

ところがそんなある日、大輔がトラウマにより女性には指一本触ることすらできない体質であることを知ってしまう!

片想い継続が確定し打ちひしがれたのも束の間、梓は長期戦に切り替えていくことを決意したけど!?

手を繋いだり、キスしたり、一緒にお風呂だって入りたいけど...夫婦円満のため煩悩は捨て去りますッ!!!

※特典情報はこちら"
kekkon-ganbou-zero-nanoni-shuuchaku-kei-onzoushi-no-houimou-kara-nigeraremasen	結婚願望ゼロなのに、執着系御曹司の包囲網から逃げられません!?	2	1	1	romance	"俺のものだよ この身体も心も

イケメン御曹司のライバルから執着＆溺愛！？

あまきゅんラブストーリー

もう一度ベッドに戻って、俺のこと品定めする？

建築デザイン会社に勤める千春はある日、見知らぬ部屋で目を覚ます。
不審に思い周囲を見ると、隣には苦手意識があった競合会社のエリート営業マン・ 広瀬が裸で寝ていた！
彼と一夜を共にしてしまったのか思い出せずにいる千春に広瀬は優しい眼差しを向け、
「俺と付き合ってくれないかな？」と突然告白してくる。
過去の経験から恋愛に臆病になっていた千春は、
想像もしなかったその言葉に驚き拒むものの、
徐々に広瀬の情熱甘く包みこむような愛情に絆されていく。結局、お試しで三ヶ月付き合うことに承諾するが…。"
keishou-kishin-unbreaker	継承機神アンブレイカー	2	1	1	action,comedy,drama,fantasy,mecha,romance	"タカラトミー×小学館、ロボバトル戦記！ 

 魔獣に囲まれたその世界は、巨大メカ・機神アンブレイカーによって守られていた。
そして、最も優れたアンブレイカーのパイロットは次期皇帝に選定される。
パイロットとして選ばれたダスティは、機神のナビを名乗る女性・フジノハと共に、
皇帝の座を巡る戦いに巻き込まれていきーー！？

ヒロインと共に最強へと成り上がる、
ファンタジーロボ戦記、第二幕！！ 

 【編集担当からのおすすめ情報】 
 TOGUCHI先生が描く超絶可愛いヒロインたちに悶絶必至！！！！"
bikei-shisho-san-wa-zetsurin-nikutaiha-nurunuru-nanowa-mukimuki-no-sei-de-dekiai-saremashita	美形司書さんは絶倫肉体派	2	0	1	comedy,ecchi,fantasy,romance	"エロ小説家として転生したミラベルは、密かに作品のモデルにしていた図書館司書のアランさんと親しくなり、
本格的に恋に落ちてしまう。意を決して告白しようとしたミラベルだが、アランさんからは想いを告げることすら拒絶され……
　
エロ目的から本気の恋に落ちた両片想いのふたりが織りなす、とびきりエロくてドラマチックなラブコメディ！"
gunrou-ni-hana	群狼に花	2	0	1	romance,slice-of-life	"──至高の”からまれ”ライフ、始まりました。

ヤンキーの抗争に巻き込まれたり、体育倉庫に閉じ込められたり。
問題児と噂の先輩4人組と過ごす日々はハプニングの連続…！
でも、”好きなもの”で繋がるこの関係は楽しくて眩しくて…。
そんな侑李に向ける先輩4人の気持ちは、友情から別のものに変化し始めて──!?

治安ワルめな先輩4人×男装(?)ヒロインのからまれ青春ラブ!!"
imouto-shinkon	義妹新婚	2	1	1	romance	"スキだらけな妹嫁との、とろあま新婚ライフ♪

愛が重めな義理の妹・渚と、誠実な兄・一真。
渚が知らない男のところへ無理やり嫁がされるくらいなら…と、一真は兄として彼女を守るため結婚をする。
しかし渚の一途な想いに触れるうちに、その思いは段々と変化していきーー。

優しすぎる兄×距離感近い妹＝あまあま新婚生活♪
今回も単行本だけのB地区解禁です！"
seiin-no-otome	聖印の乙女	2	1	1	comedy,fantasy	前世、薬学研究員だった柊アンナは、公爵令嬢・レティシアに転生。ヒーラーの力と薬草栽培で多くの人を救ってきたが、更に多くの人を救うため、試験が最難関である魔毒士を目指すことになる。そんなある日、レティシアは図書館で、自身が持つ「困っている人、全員を救いたい」いう理想論を全肯定してくれる、特級魔導士のジオ・ゼアと出会うのだが、彼は皇太子が黒蛇に襲撃をされた事件の容疑者で…。
seijo-sama-ni-konyakusha-o-ubawareta-node-mahoushi-hakubutsukan-ni-hikikomorimasu	聖女様に婚約者を奪われたので、魔法史博物館に引きこもります。	2	1	1	fantasy	"『妖精の展示室』の管理人は
この国にとって最も重要な人物だ

妖精の女王に選ばれた少女の異世界お仕事ファンタジー！

『妖精の展示室』の管理人として、魔法史博物館で働くメリーアン。
妖精の女王（フェアリークイーン）の依頼をこなしながら、
忙しくも充実した日々を送っていた。

「素質ある者よ、次の仕事を申し付ける」

新たな依頼は傷ついた妖精の心を救うこと。
かつて『芸術と叡智の妖精』と謳われたメロウシュガー。
人間に魔法を悪用された結果、絵を描くことができなくなっておりーー…。

メリーアンは彼女の憂いを払い、人間への信頼を取り戻すことができるのか？

妖精たちの心を開く、ミュージアムファンタジー 第2弾！"
nikukai-no-shoujiru-mura-nite	肉怪の生じる村にて	2	0	1	horror	"山奥の廃村で見つけたモノとはーーー
モキュメンタリー＆サスペンス！

この沼にはナニかがいるーーー！
炎上騒動を繰り返す迷惑系配信者オーハラを始めとしたグループは、女性キャンパーらが謎の生き物に襲われる動画を見つけ、衝撃的でバズる動画を撮ろうと応果村へ乗り込んだ。
だが、その村には、いにしえより人を喰らう肉塊の化物が潜んでおりーーーー。

クズや自己中だらけの動画配信チームは、生きて山を降りることができるのか!?　命がけの配信が始まるーーー！"
nou-aru-fujin-wa-rien-todoke-o-tatakitsukeru	能ある夫人は離縁届けを叩きつける	2	1	1	drama	男尊女卑の風潮が色濃く残る国に暮らす男爵夫人・ガブリエルは、小さな帽子店を経営している。夫・ジャックとの間にもはや愛はなく、ガブリエルは信頼できる仲間と営むこの店だけが生きがいとなっていた。しかしある日、浪費家で浮気癖のあるジャックがガブリエルの店の金を奪ったばかりか、愛人との間にできた子供に店を継がせようと目論んでいることが発覚。彼の横暴に堪忍袋の緒が切れたガブリエルは離縁届けを叩きつけ、自身の商才で彼を叩き潰すことを決意する。
harapeko-akuma-to-ouchi-gohan	腹ペコ悪魔とおうちごはん	2	1	1	fantasy,gourmet	"ひょんなことから魔界の四将軍のひとり・サラに呼び出され、魔族たちに毎週美味しい家庭料理を振る舞うことになった伊藤くん。
魔界のみんなとも打ち解けてきて楽しい魔界ライフを送る伊藤くんだったけど、またもや怪しい力で連れ去られてしまいーー!？

人間の家庭料理で高貴でかわいい悪魔たちも次々と陥落!!
悪魔の舌もうならせるあったかおうちグルメ第2巻★"
hanayome-keiyaku	花嫁契約	2	1	1	romance	"出会ってすぐにプロポーズなんて?　でも…偽りの関係は本物の恋に?

「俺と結婚してほしい」
婚活パーティーで出会った彼から突然のお願い。いつか王子様からプロポーズを…と夢見ていた瀬莉だったが、南条訓との偽装婚約に巻き込まれることになった。だけど、同居が始まるや否や彼の強引すぎるアプローチに胸のドキドキが止まらない。しかも、実は彼は大企業の御曹司で…!?　そんな心をかき乱す甘い彼との生活は幸せだけど、偽りからスタートした関係に本物の想いが芽生えてーー。"
hanako-gari	花子狩り	2	1	1	drama,supernatural	地縛霊、守護霊、浮遊霊…これらの霊の実在が証明された社会。東京都は霊を「花子」と換言し、対策部署を創設した。その実務とは「花子」の捕獲と保護。だが、実態は霊を「実体化」して行われる「狩り」と「処分」だった。社会の異物と見なされ、排除される「花子」。「花子」の叫びは黙殺され、もはや、この世の誰にも届かないものになったが…！？　『おくることば』の町田とし子がおくる、社会派サスペンス・ドラマ！
hakiri-san-wa-kimi-dake-no-shinigami-ni-naritai	葉木莉さんは君だけの死神になりたい	2	1	1	comedy,romance,supernatural	"高校生の二上は、恋愛に一切興味なし、
当然結婚なんてもっての外な男。
そんな彼に突然、死神の葉木莉さんが取り憑いた。
彼女は二上の死因が結婚に決まってしまったので、
彼に死んでもらうため自分と結婚しようと言い始めて…。

かわいい死神とのラブデスコメディ、開幕！！"
shiitagerare-joou-ni-tensei-shimashitaga-ryuujin-no-kago-o-motsu-saikyou-kishi-sama-ni-aisarete	虐げられ王女に転生しましたが、竜神の加護を持つ最強騎士様に愛されて幸せです	2	1	1	fantasy,isekai,romance	"互いに望まない結婚をしたと思っているデグルス国第一王女・アネットと竜族の末裔・フォルカー。
夫婦生活の中で、フォルカーはアネットこそが竜族が本能的に惹かれる相手「番（つがい）」ではないか、さらに、アネットには「幻獣使い」の能力があるのではないかと考えていた。

そんな中、水不足が深刻になる領地・レジートで、原因を探るため湖へ向かったアネットとフォルカー。
二人が目撃したものは…？

悲運の転生王女×生真面目軍人
政略結婚から運命が回り出す、じれ甘溺愛ファンタジー第2巻！"
chien-no-jiya	血園のジヤ	2	1	1	horror	"全寮制の第九学園に入学したナズナ。
後ろ向きな性格から、新生活に不安を持っていたナズナだったが
学園長からの、「卒業率10％」という厳しい訓示を聞き愕然とする。
一方、ナズナと同室だったリエコが謎の死を遂げるが、
退学処分という名目で秘密裏に処理される。
そんな中、同室のユウキは園内を探索するのだが、
学園の恐ろしい事実を知ることにーーー!！

話題沸騰のヴァンパイアホラー第2巻！！"
ura-kagyou-tensei-moto-gokudou-ga-kazoku-no-tame-ni-ryouchi-hatten-sasemasu-ga-nani-ka-comic	裏稼業転生～元極道が家族の為に領地発展させますが何か?～@COMIC	2	1	1	fantasy,isekai	"「家族のため領民のため、曲がったことは許さない！しっかり筋は通しましょう！」
心優しき元極道少年の義理と人情の領地経営ファンタジー第2巻！

原作小説最新第8巻同日発売！
描き下ろし漫画＆原作・西の果てのぺろ。先生による書き下ろしSSを収録！"
kakusei-shitara-ao-ga-moeta	覚醒したら青が燃えた	2	1	1	comedy,romance	"ガタイはいいのにすぐ失神する虚弱男子、柏木。
一軍女子としてクラスの輪の中心にいるギャル、五十嵐。

こんな二人の接点は「幽体離脱」と「発火能力」！
誰にも言えない「秘密」でつながっている二人が、いろんな「初めて」に出会っていくーー。

初連載の新鋭・爽（さわ）が描く異能ピースフル灼熱ラブコメ、ここに発進！

・「モーニング・ツー」にて毎月第3木曜日正午更新にて大反響連載中！
・紙の単行本のオビには『私がモテてどうすんだ』ぢゅん子さんの応援コメント＆イラストがついてきます！"
wake-atte-ayakashi-no-kosodate-hajimemasu	訳あって、あやかしの子育て始めます	2	1	1	romance,supernatural	"あやかし一家の家政婦として暮らし始めた美空。パワフルな子ども達のお世話に悪戦苦闘しつつ、楽しい日々を過ごしていた。
そんなある日、公園で出会ったおばあさんが孫の事故死を悔いていることを知る。おばあさんを救うため、妖狐の桂蔵と葛葉はあやかしの力でその心残りをそっとほどこうとするけれどーー？
にぎやかな毎日の中で、失敗したり、励まされたり、助け合ったりーー子ども達も少しずつ成長していく。
その姿に寄り添う美空と羅刹の心にも、いつの間にか絆が芽生えていってーー"
aka-no-kekkon	赤の結婚	2	1	1	romance	"兎山もなか×羽柴みず豪華タッグの話題作！ 

 女刑事・鈴本冴架は、自身も結婚にトラウマも持つ過去から
世間を賑わす“アカサギ”こと結婚詐欺師・梵恋太郎を
絶対に自らの手で捕まえようと奔走する日々。
しかし、被害に遭った女性たちの事例を追ううちに
得体の知れない“梵”という男に刑事という枠を超えて
興味を持ち始めーー？？

愛か欺きかーー女刑事×天才詐欺師、禁断のスリリングラブ・第1巻！ 

 【編集担当からのおすすめ情報】 
 兎山もなか×羽柴みずーーという大ヒット作家タッグが実現！
豪華コンビが描く“女性刑事×天才詐欺師”の心理戦に刮目してください！"
migawari-akuyaku-reijou-tenseisaki-de-yami-no-maou-ni-hoshigararete-imasu	身代わり悪役令嬢、転生先で闇の魔王に欲しがられています	2	1	1	ecchi,fantasy,isekai,romance	"悪役令嬢・レティシアに転生し、闇の国で聖女のフリを続ける結衣。
生前知らなかった愛されるよろこびを魔王のクロヴィスから与えられ、いつしか恋心を抱くように。
けれど自分は身代わり……本物のヒロインではなく、人間と魔族にも対立の壁が。
すべてを見透かす優雅な包容力と、自分を抱くときの雄々しさを備えたクロヴィスに惹かれるのを止められないまま、葛藤が続く。
そんななか、聖女である妹が仲間を引き連れ現れて!?
運命的な寵愛で幸せをつかむ異世界転生、堂々完結!!"
migawari-hanayome-wa-inochi-o-toshite	身代わり花嫁は命を賭して	2	1	1	romance	"十三夜会の試練を乗り越え、晴れて悠臣との婚約を結んだ依都。
次なる任務は、戦火の拡大を目論む組織・ティアガルデンが主催する船上パーティーへ潜入し、彼らの野望を阻止すること。
これまでと比べて命の危険が伴う任務に不安を隠せない悠臣だったが、主君に忠義を尽くす依都の決意は固くーー。
“命を賭す”忍びと“死んではならない”スパイ、正反対の二人の契約婚姻譚ーー遂に完結！"
tensei-shita-moto-dorei-cheat-skill-senpen-banka-de-saikyou-harem-o-tsukuru	転生した元奴隷、チートスキル『千変万化』で最強ハーレムを作る	2	1	1	action,ecchi,fantasy	虐げられた男たちよ！ 男を見下す女共へ復讐せよ！ 女性だけが“女神の加護”を受けられる世界。男というだけで差別され虐げられる世界で、女性冒険者パーティーの男奴隷・リビドは、ダンジョンで囮として見捨てられてしまう。「こんなところで……童貞のまま死んでたまるか！ 」死の瞬間、リビドにある能力が発現する。対象の性癖を見破り、その欲望を満たす姿に変身するチートスキル“千変万化”。最強のスキルを手にしたリビドは、自分を、男を見下し続けた女への復讐を開始する！ チートスキルで、男を見下す美女を屈服させよ！ 超エロ異世界復讐ファンタジー！
tensei-ankoku-kishidan-cheriiaji	転生・暗黒騎士団チェリー味	2	1	1	ecchi,fantasy,isekai	進撃する暗黒騎士団の前に、他の悪魔との契約者が立ちはだかる。圧倒的な力で壊滅状態の暗黒騎士団ーーその時、ソリュートに純潔の奇跡が…！ 河田雄志×行徒コンビによる初の異世界転生！
tensei-reijou-vioretta-no-nougyou-kakumei	転生令嬢ヴィオレッタの農業革命	2	1	1	fantasy,isekai	"「旦那様はわたくしの自由にしていいとおっしゃいましたわよ!!」

夫・エルネストから軽蔑の眼差しを受けながら
「何人でも愛人をつくればいい」
という言葉と共に保障された自由だけど、自由は自由！

夫が長期出張中に、痩せた土地が広がる貧しい領地を実り豊かな大地に変貌させ
さらにこの地ならではの産物から新たな事業を生み出すーー。
北の大地でのヴィオレッタの無双劇、いざ本格始動！！"
tensei-yuusha-no-sangen-tonarinchi-no-ore	転生勇者の三軒隣んちの俺	2	1	1	fantasy,isekai	"肉がめったに手に入らない辺境の村で、美味しいお肉を毎日食べたいので奮闘します！
主人公たる転生勇者…ではなくて、その三軒隣んちの少年・ケビンくん。村の食糧事情改善を図り、村を潤していきます。
「じゃないほう」に生まれてもまったく気にしない少年の村暮らし。
美味しいお肉が食べたいからがんばる！…ケビンくんは今日も魔物育成や村開拓に励むのでした。"
tensei-seiyuu-wa-isekai-subete-o-miryou-suru	転生声優は異世界すべてを魅了する	2	1	1	fantasy,isekai	"病気により声を失った人気声優ニキシンが事故で異世界へ転生。
転生した事によって声を取り戻したニキシンはモンスターに襲われている少女に出会う。
呪いによって声が出なくなっているその少女・ヴィオラに
かつての自分を重ね助けようとするが、逆に返り討ちにあってしまう。
逃げながらもヴィオラがさし出した魔導書を感情をこめて読むと、
なんとその声に魅かれた精霊がモンスターを撃退してくれたのだ。
この世界の魔術の『呪文詠唱』において大事なのは、
実は『いかにうまく天使や悪魔や精霊にお願いできるか』であり、
演技力に優れいい声が出せる声優が魔術師として最強だったのだ。

ニキシンが転生した体の持ち主ニコライは借金を抱えていた。
その借金を返すため、そしてヴィオラの声を取り戻すため、
ニキシンは魔術師として仕事を請け負う決心をする。
しかし彼らの前に強力な力を持つ天使が立ちふさがる!?"
tensei-shoujo-wa-kyuusei-o-nozomareru	転生少女は救世を望まれる	2	1	1	fantasy,isekai	"【スラム街の少女が…笑顔と計算スキルで成り上がる!! 頑張る異世界スローライフ!!】

スラム街で家族と暮らしていたレーナは、ふいに日本で生きた記憶を思い出す。その後…快適だった日々と今を比べ、現状に耐えられなくなってしまう。豊かな生活を目指したレーナは、街の住人が運営する市場で特技の暗算を披露!! そして…街の中で雇ってもらえるように交渉をしてーー。

【前世の知識で大活躍!! 転生少女のシンデレラ譚、開幕ーー!!】"
tensei-koujo-wa-reikoku-koutei-heika-ni-dekiai-dekiaisareru-ga-yume-wa-boukensha-desu	転生皇女は冷酷皇帝陛下に溺愛されるが夢は冒険者です!	2	1	1	adventure,fantasy,isekai	"アウラード大帝国・第四皇女アレクシア。
母には愛されず、父には会ったことがない…。
皇女と思えない虐げられた日々を送る彼女だが
本人は充実した毎日を送っていた。
何故なら彼女は大賢者の生まれ変わりなのだ！　
前世の記憶を取り戻し、三歳となった今では
知恵と魔法とサバイバル精神で自由を満喫していた。
そんなある日、父である皇帝ルシアードが現れる。
冷酷で名高いルシアードだが、媚びへつらわない
アレクシアに興味を持ったようで……"
tensei-saiyuuki	転生西遊記	2	1	1	action,fantasy,isekai	"天下無双の力を持つ暴れ猿・孫悟空。
釈迦によって五行山に封印されるはずが、目覚めた時には異世界のゴギョウ王国だった！？
魔力がすべての異世界で、仙術を武器に世界征服を目指す…
世界で一番有名な猿による、無双×最強英雄譚！！"
tensei-nanmin-shoujo-wa-shiminken-o-0-kara-mezashite-hatarakimasu-comic	転生難民少女は市民権を0から目指して働きます!@COMIC	2	0	1	adventure,fantasy,slice-of-life	"がんばるぞ！　はじめてのおしごと！
めざすは脱難民！　転生少女、パン屋さんはじめました⁉　異世界のんびり冒険ファンタジー！
原作6巻同日発売！
描き下ろし漫画＆原作・鳥助先生による書き下ろしSSを収録！"
henji-o-kudasai-ouji-sama	返事をください、王子様	2	1	1	fantasy,romance	不思議な木箱を介して、異世界の王子様との文通を楽しむ新人編集者・コーデリア。互いの顔も知らず、手紙を受け取る表情を見ることすら叶わない、特殊なふたりの関係ーー。にもかかわらず、やりとりを重ねるうちに明かされていく過去に思いを寄せ始め…？一方、現実世界では秘密主義な骨董屋店員・リアムのもとへおせっかいな同僚・ギャレットが乗り込んできて…！？
tsuihousareta-sareta-fuguushoku-irozukai-ga-sekai-o-nurikaeru-made	追放された不遇職『色使い』が世界を塗り替えるまで	2	1	1	action,adventure,ecchi,fantasy	不遇スキルと思ったら…実はエッチなチートスキルだった!? 立派な冒険者を夢見る少年・ラルク。彼が持つスキルは、筆の先からインクを飛ばすだけの不遇スキル“色使い”だった。必死に努力をするも、スキルの弱さを理由にパーティーから追放されてしまうラルク。ある日彼は、Sランクパーティー【戦乙女】のリーダー・アリアンと出会い、スキルの本当の使い方を教わる。その正体は…「最強の強化魔法」だったのだ！ しかし発動条件は、筆で地肌に魔法を描くこと。服を脱いだアリアンに筆で触れるたび、エッチな喘ぎ声が漏れ、ウブなラルクはドキドキ!! さらに美少女ぞろいの【戦乙女】のメンバー全員に強化魔法をかけることになり…!? 王道追放系成り上がりストーリー×エッチな異世界ハーレムファンタジー！
tsuihousareta-sareta-koori-no-seijo-wa-bouen-no-ouji-ni-metorareru	追放された氷の聖女は暴炎の王子に娶られる	2	1	1	fantasy,romance	"「私にとって《夫を支える》って…着飾ることだけじゃないんです！」

強大な氷の力を制御できない落ちこぼれの姫として、
熱砂の国・アブハジクへ嫁がされた《氷の聖女》シーラ。

しかし夫となった《炎の悪魔》イサーク王子もまた、
強すぎる炎の魔力を持て余し、孤独に苦しんでいた。

相反する魔力をもった、似た者同士の私たち…
互いの力を混ぜ合わせることで制御できると知ったふたりは、
困難を乗り越えながら、愛をはぐくんでいく。

こうして正式な婚姻関係を結び、
シーラの故郷・フレゼリス王国を訪問するシーラとイサーク。
だが、氷の国で彼らを出迎えたのは、恐ろしい吹雪と、
長年シーラを虐げていた家族たちでーー…

あなたと一緒なら、もう大丈夫ーーますます目が離せない、新婚サクセスストーリー第2巻！

デジタル書店で大人気のラブファンタジー作品、待望のコミックス続刊です！
単行本でしか読めないスペシャル描きおろしエピソードを、
なんと3本、巻末に大ボリューム収録！"
tsuihousareta-sareta-maou-wa-chikyuu-o-mezasu	追放された魔王は地球を目指す!	2	1	1	comedy,fantasy	同族から追放され、勇者によって封印された魔王が、悠久の刻を経てついに復活！ 目覚めた場所は荒野で、真っ暗な空には星が瞬き、心なしか空気が薄くて、なんだか体が軽いような……。気を取り直して勇者の気配を探ると、どうやら空の遥か彼方にある青い星にいるようで──？ ここがどこかはわからないけど、とにかく勇者を倒すために魔王奮闘!!
tsuihousareta-reijou-vivi-no-funtouki	追放令嬢ヴィヴィの奮闘記	2	1	1	fantasy	"宮廷魔導師団副団長を務めるヴィオラは
超優秀な女性……だったのに、濡れ衣を着せられたせいで、
まさかの幼女化＆国外追放の憂き目に遭い、
今はただの幼女ヴィヴィとして身を隠していた。
自分を拾ったエゼル公爵と共に、
いつのまにやら彼の因縁の相手の屋敷に
殴り込みに行くことになったヴィヴィだったが、
そこではある女と恐ろしい真実が待ち受けていてーー
剣と魔術が交錯する！　幼女奮闘ファンタジー、第2巻！"
shuumatsu-make-debut	週末メイクデビュー	2	1	1	comedy,slice-of-life,sports	"仕事がきっかけで競馬に興味を持った茉莉花は
同僚の公子やその友人・サトミとの交流もあり次第に競馬にハマっていく。

なんとなく名前が良いから…そんな理由で追い始めた『バビューン』という馬に茉莉花は惹かれ&quot;推し馬&quot;として追い始める。
バビューンも茉莉花の期待通り快進撃を見せていき……!?

競馬女子たちの“推し活”ストーリー、堂々完結！"
yuuboku-shoujo-o-hanayome-ni	遊牧少女を花嫁に	2	1	1	drama,fantasy,romance	"あの頃は夢にも思ってなかった
まさか私にこんな幸せが訪れるなんて

羊飼いの遊牧民・アユを襲う過酷な草原の運命……。
口減らしのため叔父に奴隷として売られた少女はすべてを諦めようとしていた。
生きる意味も帰る家も何もかも失った。崩れ落ちる今までの生活。
そのときーー希望の風が少女へ吹く……。
遊牧民を守る《調停者》の族長の息子リュザールに助けられ、
アユは彼が暮らす集落へと向かっていく。
その先に、幸せが待っていることを不遇な少女はまだ知らない。"
unmei-no-noroware-ouji-to-mahou-gakkou-de-futatabi-koi-ni-ochiru	運命の呪われ王子と、魔法学校で再び恋に落ちる	2	0	1	fantasy,romance	ソフィアが幼い頃に将来を誓い合った相手は王子様だった。会えなくなってからそれを知るけれど、彼はもう遠い存在。「なんとかもう一度だけ会って、自分の気持ちにケリをつける。」…そう決意し、王子に謁見できるという魔法学校のトップを目指すことに！　そしてその一方で王子は、重い病を治すことと引き換えに呪いを受け、別人の姿に変わってしまっていた。解呪の方法を探るべく、彼もまた魔法学校へ通うこととなり…！？　切ない恋心と心躍る学校生活のドラマチックファンタジー！！
tooboe-ni-koi	遠吠えに恋	2	1	1	bl,fantasy,romance	狼の群れで育った青年・たまと、狼のタツは、群れの仲間たちに祝福され、「めおと」として一緒に暮らしている。狼の縄張りとヒト里のあいだに家を建てた2人は、どちらの種族とも交流しながら、仲睦まじく暮らしていた。ある日たまは、買い物に訪れたヒト里で、ある噂を耳にする。近くの山で火事があり、そこには「ヒトならざる者」が棲んでいたという。その夜、2人の家の近くに、猫の耳が生えた子供が倒れていてーー。＜狼×人の異種純愛譚＞家族のつながりが深まる、待望の続編！コミックス描き下ろしも収録！
toshi-densetsu-kaitai-center-parallel-file	都市伝説解体センターParallel File	2	1	1	drama,mystery,supernatural	"異界。そこは誰も戻れぬ最果ての地──…
福来あざみに課された次なる怪異調査は、参加者が行方不明になると噂される「異界ツアー」。思惑蠢くツアー参加者たちに唯一共通するのは、「とある未解決事件」に関与しているという疑惑で──…？
そして忘れたはずのあの名前が眠る場所。"
haishinsha-haken-ooeru-to-shugeiya-mero	配信者・ハケンOLと手芸屋メロ	2	0	1	drama,romance,slice-of-life	"とある制作会社に勤める山本すみれは、
昼は普通のOLだが夜は人気のゲーム配信者・ハケンOLという顔を持っている。
すみれの日々の癒やしは、手芸系配信者・手芸屋メロの動画を見ること。
しかし、「推しに認知されるなんてもってのほか！」という信念のもと、
ただ動画を楽しむに留まっていた。
そんなある日、職場に谷という男性が入社し、少しずつ彼のことを知っていくなかで彼が「手芸屋メロ」であることを確信してしまい──！？

寡黙な手芸男子×ゲーム好き拗れOLがおくる、ストリーミングラブストーリー！"
juukon-nante-okotowari	重婚なんてお断り!	2	1	1	ecchi,fantasy,romance	"「ねぇクレア、今どっちが触れてるかわかる？」


治癒の能力をもつ巫女・クレアは、
その力を買われ、ウィリアム王太子の花嫁に選ばれる。
しかし、なんと王太子の正体は
ウィルとリアムという双子の王子で!?
結婚は避けられないが、重婚は嫌！
そう思ったクレアは、重婚回避をかけて
とある勝負をすることになったけれど……
勝負中、「私たちの花嫁はクレアしかいない」
「可愛い声…もっと聞かせて」と
執着王子といじわる王子からの
溺愛が止まらなくてーー"
yajuu-onzoushi-ni-amaku-tabetsukusare-sou-desu	野獣御曹司に甘く食べ尽くされそうです	2	1	1	romance	就職先で初恋相手・悠馬と再会した芽衣。超優秀で仕事に厳しいエリート御曹司として当時の優しい面影をなくした彼に、芽衣は切ない思いを募らせる。けれど、ミスをフォローしてくれた悠馬から強引に食事に連れ出された夜をきっかけに、二人の関係は急接近!!　「俺の一番のご馳走はお前だ」と熱い瞳で迫られ、芽衣は心も体も甘く乱されてしまい…!?
kakure-onzoushi-no-tekagen-nashi-no-dokusen-dekiai	隠れ御曹司の手加減なしの独占溺愛	2	1	1	romance	老舗ホテルのブライダル部門で働く香奈恵。ある日仕事でピンチに陥った彼女は、一日限りで恋人のフリをするという条件で、有能な年上の部下・雅之に助けてもらう。ところが恋人のフリをする約束の日、香奈恵の前に現れたのは、普段の冴えない彼とは似ても似つかない極上イケメンだった。突如本性を露わにした雅之は、強引に香奈恵へとプロポーズしてきてーー？　身分を隠したスパダリ御曹司の愛に溺れる、極甘ノンストップラブ第1巻！
sekigan-renkin-kenshi-no-yarinaoshi-ki-tan	隻眼錬金剣士のやり直し奇譚	2	1	1	action,fantasy	"突如として地球にダンジョンが出現して5年。
最初期からダンジョン攻略に挑み、将来を期待されていた凄腕の探索者・八代夜一は、試練の魔物というイレギュラーに襲われ、片目の視力を奪われてしまう。
結果として、落ちこぼれ探索者の烙印を受けてしまった夜一だったが、本人は全く諦めていなかった！
「俺は何があろうと探索者を辞める気はない。負けっぱなしで終わる気はもっとない。」
隻眼となり、戦えないと思われた男が、諦めぬ果てに手にした力は錬金剣士！唯一無二の力で最底辺から逆襲するダンジョン無双ファンタジー！"
amemiya-kyoudai-no-kottou-file	雨宮兄弟の骨董事件簿	2	0	1	mystery	"横浜のとある場所にある小さな骨董品店、雨宮骨董店。 
明るく才能豊かな若きディーラー・雨宮陽人と、弟の海星が共に経営するこの店に様々な骨董品にまつわる事件が舞い込んでくる。
そして、弟の海星にはアンティークの妖精が視え…？

骨董品が持つ縁を読み解き、新たに結んでいくーー。
「うちの執事が言うことには」シリーズの高里椎奈による
大人気アンティーク・ミステリーを完全コミック化！"
setsujoku-no-hana	雪辱の花	2	1	1	bl	"おかしい こんなにも奴が頭から離れない

一家を滅ぼした仇を討つため、高官・ヒリャンの使用人となったヨンジョ。しかし、その思惑は早々に見抜かれてしまう。一方で、ヒリャンはヨンジョに敵意を抱かれていると知りながらも、好奇心から彼を傍に置いていた。ところが、一度その身体に触れて以来、何をしてもヨンジョのことが頭から離れず、さらには彼に対して同情心まで芽生えてーー。"
ao-o-fumu	青を踏む	2	0	1	ecchi,romance,slice-of-life	中学時代の失恋のトラウマで、いつも下を向いて生きている跡辺。クラスメイトの天川の事が気になりつつも、自信のなさから距離を取っていた。しかし、彼が本当に秘めていたのは恋心だけではなく...？性癖vs恋心、青春の光と闇を描いた問題作！
seishun-sankaku	青春△	2	1	1	bl,romance	"優等生×不良×かわい子の最強トリオ！ それは鉄の三角関係のような固い友情か、それとも三角関係のような複雑な関係か!? 袁昊は近寄りがたい不良学生でいつも嫌な顔をしているが、他の2人の生徒とはとても仲が良く、クラスメートの間で大人気のイー・チェンとユー・ピン、この3人の組み合わせは学校中の教師や生徒たちにも理解不能な噂が絶えず、どこへ行っても話題の中心となる。
しかし、イーチェンとユアンハオの告白をきっかけに、3人の関係は変化し、明らかな距離差が生じて…甘くて苦い青春の歌がここから始まる??。

ユアン…金髪でいつも怖い顔をしているヤンキーのような生徒。周りのモノに興味がない。
イーチェン……賢くていつも冷静。女子人気も抜群だが、自身はユアンに片思いしている。
ユーピン……優しくて元気な少年。ポテチが大好き

【著者プロフィール】
TaaRO
X：5.2万フォロワー
インスタ：7.8万フォロワー
Xなどで創作活動をしていたところ、人気が出て商業作家に。
BL作品だけでなく、百合作品も執筆するなど、幅広い作風が特徴。
ストーリー性のある重厚感ある切り口に定評がある。"
hiitoteki-love-dan-gaiden	非意図的恋愛談外伝	2	1	1	bl,romance	"ついに〈非意図的恋愛談〉もこれで完結！
あずきも連れてみんなでハワイ旅行に行くことを決めたウォニョンたち。
ところが、テジュンは唐突に師匠の展示会を
サポートすることになってしまい…

旅行中に明かされるドンヒとホテの過去話。
さらにあずきの何気ない日常を描いた描き下ろし漫画まで⁉
多種多様な彼らの物語を最後まで見届けてください！"
negattemo-nai-tsuihougo-kara-no-surooraifu	願ってもない追放後からのスローライフ?	2	1	1	adventure,comedy,fantasy,romance	"冒険者ランク最高位まで上り詰めながらも引退した春風黎人（はるかぜれいと）。
隠居してゆっくり過ごそうと考えていた彼のもとに、ある日美少女ギャル・柊火蓮（ひいらぎかれん）が現れる。
「ねえ、おにーさん、ご飯奢って！」
火蓮がお金に困っていることを聞いた黎人は、彼女のためにダンジョン攻略の簡単なレクチャーをすることに。
「おかげで初のダンジョン攻略ができました！ 師匠！」
本当は隠居してスローライフをおくるはずが、新米冒険者の女の子に好かれてしまい、さらに同居して生活の面倒も見ることになってーー!?"
shutokou-esu-pii-eru-zero	首都高SPLゼロ	2	1	1	drama,sports	"GT-R専門のチューニングメーカーの代表、工藤圭介が車の世界に足を踏み入れたのは、1994年、18歳の時。
大学生のまりなやチューニングショップの純平達から車のことを深く知ってゆく。
19歳を迎えた工藤の前には、いくつもの岐路があった──。
『首都高SPL』の始まりを描いた第二部、開幕！"
oni-no-katekyo-ni-narimashita	鬼のカテキョになりました。	2	1	1	comedy,slice-of-life,supernatural	"陰陽師の父親から頼まれて、征梧は鬼の子・千寿丸に家庭教師をすることになった。
毎回、トラブルになりながらも、千寿丸は人間社会について学んでいく。やっとお出かけができるようになったと思ったら、ニセ千寿丸が現れて人間に迷惑をかけていることがわかり…⁉
ヘタレ大学生×天真爛漫な鬼のコンビでおくる、ドタバタあやかしコメディの完結巻！"
kiyakyoku	鬼夜曲	2	1	1	bl,fantasy	"世子である自分を呪っていたのは継母である王妃だった。
そして実の母は自分を守るために死罪になったと知り、深く悲しむイ・ノク。
呪いを断ち切るため、イ・ノクもまたジェシンを利用し、自らの身体を差し出すのだった。
ジェシンの存在は忌々しいが、妖も見ることなく平穏に過ぎる日々。
ジェシンもまたイ・ノクの心を得るために歩みよる自分に驚いていた。
そんな中、七夕の妖力が弱まる時期、イ・ノクは手負いの獣のようになったジェシンに襲われてーー!!
ドラマチックに想いが絡み合う宮廷ファンタジー第2巻"
miryokuchi-minus-no-yuusha-ga-bishoujo-monster-niwa-motemote-datta-ken	魅力値マイナスの勇者が美少女モンスターにはモテモテだった件	2	1	1	adventure,comedy,ecchi,fantasy,romance	"邪神ナイアルラトホテプを攻略した勇者・フトシ。
力も知恵も人並み以下、国王や姫からからも「失敗」と呼ばれる哀れな召喚者だった。
そんな彼に、王から新たな使命が下る。──「ゴブリンやオークが暴れているヘンキョウの村を鎮めよ」。
村を目指す森の中、フトシはあっさり罠にかかり、逆さ吊りにされてしまう。
現れたゴブリン娘たちは彼を指差して「ざーこざーこ！」と大合唱、棒でつつかれ笑いものにされる。
さらに追い打ちをかけるように、噂に名高い“恐怖のオーク軍団”が姿を現す。
だがそこにいたのは豚顔の怪物ではなく、艶やかなグラマラス美女たちだった。
思わぬ展開に助けられたかと思えば、今度は囲まれて「あーん❤」のモテモテ生活。天国と地獄を行き来するような日々に、フトシの心は揺れる。
だが彼の胸には、──「自分は本物の勇者である」という矜持があった。
美少女モンスターにはなぜかモテモテのフトシは、オーク総長とゴブリンたちの対立に巻き込まれる。
互いに睨み合い、殴り合い寸前の空気の中、フトシが提案したことは！？
さらにそんな中、邪神ナイアルラトホテプが現れる──！！
果たしてフトシは、ゴブリン、オークを攻略できるのか！？
そして、再び現れたホテプの狙いとは！？
異世界モンスター娘討伐（？）、ここに開幕！！"
maryoku-ga-nai-karato-mendougoto-o-oshitsukerareta-watashi-tsugi-no-shigoto-wa-koushaku-fujin	魔力がないからと面倒事を押しつけられた私、次の仕事は公爵夫人らしいです	2	0	1	comedy,fantasy,romance	"魔力が少ないせいで、竜の世話係どころか婚約者を奪われ老公爵へと嫁がされることになったアルジェリータ。
老公爵は亡くなっていたのだが、その孫・マーガスと契約結婚をすることになる。
契約結婚のはずが本物の妻としてアルジェリータを扱うマーガス。徐々に二人の距離は縮まり……。
ついに迎えた初デートの日。マーガスを待つアルジェリータに悲劇がーー!?

巻末にはコミックス限定、甘すぎる描き下ろし番外編も収録！"
mahou-ga-tsukaenai-mobu-chara-ni-tensei-shitakedo-ore-dake-tsukaeru-saikyou-kengi-de-nariagaru	魔法が使えないモブキャラに転生したけど、俺だけ使える〈最強剣技〉で成り上がる	2	1	1	action,fantasy,isekai	"破滅の運命を背負う悪役令嬢・ティルティを護るため、ハルトマン家で新たな生活を始めるソルド。
魔神流の力に耐える“魔石の剣”を造り、更なる力を求めて若き領主・ライクと共に""魔石""の眠る魔次元《ダンジョン》攻略へ挑むーー！
しかし、その最奥に待ち受けていたのは伝説の黒竜《ブラックドラゴン》だった!!
『どんな敵が相手だろうと勝つ!!』
頼れる仲間との激しい共闘の中で、ソルドは新たな魔神流剣術を習得する!!
さらに、ソルトの強い意思を継いだティルティは、闇の力を覚醒させてーー!?
強い覚悟で進化するモブの最強剣技で、伝説の竜すらぶった斬る!!
才能ゼロから剣で無双する、超王道バトルファンタジー第2巻!!
巻末におまけ漫画も収録。"
mahou-shoujo-gurumeguri	魔法少女・ぐるめぐり	2	0	1	mahou-shoujo,slice-of-life	"元・魔法少女たちの全国食べ歩き卒業旅行！ 

 『ちぃちゃんのおしながき』大井昌和による、
かわいくてちょっぴり泣ける、魔法少女×グルメの新食感アフターストーリー！
『衛宮さんちの今日のごはん』TAa氏も絶賛！！

魔法少女として、日本の食文化を守ってきた甘宮いちごたち。
しかし、9年にわたる戦いに勝利した彼女らに待ち受けていたのは、「魔法少女としての記憶を封印される」という無情な結末だった。
3ヶ月後、魔法少女だったことを忘れ、就活に励むいちごは、面接会場で、魔法少女仲間だった汐見海と再会し、一緒に食事をすることに。
そこで奇跡が起きるのだった…
元・魔法少女たちの、記憶をたどる全国食べ歩きの卒業旅行が、今始まる！

単行本限定で、「初期設定ラフ集」も収録！ 

 【編集担当からのおすすめ情報】 
 魔法少女×グルメの異色連載、ついに単行本が発売です！
キャラのかわいさと美味しそうな食べものに癒やされながら、
記憶とともに絆や夢を取り戻していく元・魔法少女たちの姿に心を打たれること間違いなし！
帯には『衛宮さんちの今日のごはん』のTAa先生にコメントをいただきました！
連載企画中最初のキャラクターデザインを特別に公開する「初期設定ラフ集」もついてくるので、連載を追ってくださっている方にもぜひ手に取っていただきたい1冊です。"
maou-to-yuusha-ga-jidai-okure-ni-narimashita-comic	魔王と勇者が時代遅れになりました@COMIC	2	1	1	fantasy,sci-fi	"「悪の美学こそロマンだろう？」
SF世界に魔王と勇者が殴り込み！
契りを交わした少女たちと愚直に""悪""へと突き進む、異星暗躍ファンタジー開幕！
描き下ろし漫画＆原作者書き下ろし小説をW収録！"
machine-souzou-den-wataru	魔神創造伝ワタル	2	1	1	action,adventure,isekai,mecha	"魔神創造伝ワタル 堂々完結！ 

 巨大なロボットーー魔神（マシン）たちの大迫力バトル、堂々の完結！

ひょんなことから異世界「宙部界」を救う救世主になった、小学4年生の星部ワタル。
相棒の魔神・龍神丸や仲間と共に、敵のラスボス・「エンジョーダ」を倒す旅を続けていたが、強力な魔神がその行く手を阻む！
さらに、いとこのカケルまでもが、ワタルに立ちはだかる！？
そして、ついに姿を現す、強大すぎる敵「エンジョーダ」。
ワタルと龍神丸は、世界を救うことができるのか！？

アニメとは違う、漫画オリジナルストーリーなので、アニメと漫画、比べてみても楽しめる！ 

 【編集担当からのおすすめ情報】 
 コロコロの新進気鋭・焼nick（やきにっく）先生が描く大迫力のロボットバトル！
魔神のカッコよさが神がかってます！
ぜひ手に取ってください！"
mayoke-no-seijo-wa-munou-de-yakutatazu-o-yameru-koto-ni-shimashita	魔除けの聖女は無能で役立たずをやめることにしました	2	1	1	adventure,fantasy,romance	"多くの聖女が活躍するセントレア王国で、無能で役立たずな魔女として嫌われている”魔除けの聖女”アンジェリーナ。
王命で結ばれた婚約のせいで国に縛られていたが、
無実の罪で婚約破棄になったのを機に国を捨て、旅に出ることに！
しかし、意気揚々と国を出た直後に出会ったのは”魔除けの聖女”を探している隣国の隊長ジルベルト！身分を隠して自由に生きていきたいアンジェリーナだったが、
正体を隠したまま一緒に旅をすることにすることになってしまいーーー！？"
karasu-tengu-wa-tsumoritai	鴉天狗はツモりたい	2	1	1	supernatural,comedy	"VTuber千羽黒乃の雀荘メンバー修行時代をマンガ化。9割実話です。
笑ったり泣いたり、いろんな千羽黒乃が見れて、麻雀の勉強にもなります！"
uruwashi-no-koutei-heika-no-tsugai-ni-erabarete-shimatta-no-desu-mada-shigoto-ga-shitai-node	麗しの皇帝陛下の番に選ばれてしまったのですが、まだ仕事がしたいので秘密です!	2	1	1	fantasy,romance	"8年越しの再会が乙女の恋心を加速させるーー。

宮廷薬師ティアンナは皇帝サフィールの“番”として選ばれるも、身分違いで不相応だと恋心を封印。

番であることを隠したまま仕事を続ける決意を固めた。

しかし、大鷲襲撃事件でのティアンナの活躍により期せずして8年ぶりにサフィールと再会を果たす。

彼が薬師としての自分を認めてくれていたことを知り、仕事も恋も諦めない道を模索し始めるがーー。

同じ頃、前皇帝暗殺犯の息子に謎の魔術師が接触。

ティアンナの恋を思いがけない方向へと加速させ……!?

皇帝×宮廷薬師の身分差ラブストーリー、第2幕！"
chrono-san-wa-occult-ga-suki	黒乃さんはオカルトが好き!	2	1	1	comedy,ecchi,horror,romance,slice-of-life	"怖がりだけどオカルト大好きな少女が、恐怖スポットを探索！
伊藤潤二氏推薦の青春ラブコメ！

男子高校生・悠木は、
ネットで知り合った謎の少女・黒乃に連れ出され、
興味が無いのにオカルトスポットを
探索する事になってしまう。
きさらぎ駅、チュパカブラ、呪いの家、因習村……。
悠木を恐ろしいオカルトの世界に連れこむ黒乃だが、
実は彼女はメチャクチャ怖がりでーー。

帯には伊藤潤二氏のコメントを掲載！"
kokuen-no-ou-zeruku	黒焔の王ゼルク	2	1	1	action,fantasy,sci-fi,supernatural	"戦え！ すべてを”焼滅”させる、その炎で！！文明崩壊後の世界を旅する異能バトルアクション！
その日、空が割れ世界が崩壊した。割れた空の直下にいた猫羽渚月（ねこはなつき）は気を失い、次に気付いた時には5年の歳月が流れていた。文明が崩壊し変わり果てた世界には「異形」と呼ばれる、人間を襲う化け物が徘徊しており渚月も襲われる。その時、頭の中から聞き慣れない声が語り掛けてきて…。「存分に使え。すべてを”焼滅”させる、俺の黒焔を！」世界一可愛い男子が文明崩壊後の世界を旅する異能バトルアクション！"
kuro-kishi-sama-no-oki-ni-mesu-mama	黒騎士様のお気に召すまま	2	0	1	fantasy,romance	"隣国から国土を狙われ窮地に陥っていたノーザンブル王国の第一王女・ビアンカ。
祖国を救うには大国と繋がりを作るしかない…そんな時、大陸一の強国・セントリューズから
政略結婚の申し出が！ 相手の第二王子・ルーカスとは幼い頃に面識があり、
藁にもすがる思いでビアンカはこの結婚を受け入れる。
しかし、成長した彼は屈強な騎士団長になっていた！
かつての心優しい面影はなく、あまりの変化にビアンカが動揺しているとーー
「他の男には指一本触れさせない」
他国から冷酷無情と恐れられる騎士団長のはずが弱国の王女にだけ甘々で!?
政略結婚のはずが甘く蕩けるラブファンタジー、開幕！"
ryuu-no-miko-no-yomeiri	龍の巫女の嫁入り	2	1	1	fantasy,romance	「やっと見つけた、俺の最愛ーー」瑞ノ江家の令嬢・千代は華やかな妹と比べられ、虐げられる日々を送っていた。そんなある日、千代は生贄として龍に捧げられてしまう。死を覚悟した千代だったが、名家の若き当主・宗一郎に救われ、さらには彼の妻として迎えられることになって!? すべてをあきらめた少女が孤高の総司令官に見初められ花開く、運命の和風溺愛ファンタジー！
100-nichigo-ni-shinu-bai-nezumi	100日後に死ぬ×ネズミ	1	1	1	drama,slice-of-life	X「いいね数」日本一を記録したあの名作漫画の続編。日本中の涙を誘った4コママンガ『100日後に死ぬワニ』の続編となる『100日後に死ぬ×（バッテン）ネズミ』が発売。ワニは死んだのか？　残されたネズミはどう生きたのか、そして事故の真相が描かれる。衝撃の一日、100日目の「あの日」から、ネズミ、ワニ、モグラ……それぞれの新たな100日間を描いた物語。本作には新エピソードが掲載。センパイとワニの恋愛と最期の別れを描いた「センパイとワニ　『17日間の恋人』」描き下ろし新作もお楽しみください。
40-sai-ni-natte-kangaeta-chichioya-ga-yonjussai-datta-toki-no-koto	40歳になって考えた父親が40歳だった時のこと	1	1	1	drama	"『やれたかも委員会』『中高一貫！！笹塚高校コスメ部！！』の
吉田貴司が贈る初の自伝的エッセイ漫画。
「父親」についてと「父親になること」について40歳になって考えてみた。
けっこうヒドいのに何故か笑える昭和の父子物語。


「親のこと思い出すのはヘコむなー…」

時は90年代、バブル崩壊前夜の大阪。
一匹狼系タクシー運転手の父（酒乱）と陽気な母（浪費家）が織りなす
暴力と涙と笑いの家族喜劇。"
47-todoufuken-tokoton-rankingu	47都道府県とことんランキング!	1	1	1	comedy	"大人気県民性漫画　堂々完結！
まだまだあった！
あなたが知らない、あなたの県のヘンなトコ！ 

全国から届いた投稿＆投票で
47都道府県の爆笑＆残酷な真実が明らかに！？

おもしろローカルルールや県民あるあるも、たっぷりお届けします♪


(目次)
☆とことん県民ランキングはこちら☆
1. 寡黙な県
2. ちゃっかりしている県
3. 占い好きな県
4. 職人気質な県
5. ビビりな県
6. ズボラな県
7. 変わったグルメが多い県
8. 変わった交通ルールがある県
9. 下ネタ好きな県
10. 小悪魔な県
11. 山を愛する県
12. ドケチな県
13. 激寒い県
14. 不健康な県
15. 大食いな県
16. 義理堅い県"
acca-13-ku-kansatsuka-10th-anniversary-book	ACCA13区監察課10th anniversary book	1	1	1	mystery	"「ACCA」10年の軌跡をあなたに。
「ACCA13区監察課」の連載開始から10年を記念した、豪華2冊組特別仕様のアニバーサリーブックが登場。
1冊はオノ・ナツメが描いてきたカラーイラスト、ラフスケッチを1冊にまとめた画集本。
もう1冊は単行本未収録漫画の数々と、「ACCA13区監察課」の原点となる短編作『グッバイシガレット』、
そしてオノ・ナツメ新規描き下ろし漫画を加えたコミック本。
10周年を迎えた「ACCA」の歴史を凝縮した、永久保存版の記念本です。

【画集：収録内容】
■コミックスカバー、口絵イラスト
■各種特典イラスト
■月刊「ビッグガンガン」表紙イラスト
■オノ・ナツメSNSイラスト
■サイン会お土産イラスト
■メディアミックス記念イラスト
■秘蔵ラフスケッチ
■キャラクター初期ラフ
など、250点以上のイラストを収録!!

【コミック本：収録内容】
■書店特典漫画
■TVアニメ「ACCA13区監察課」Blu-ray＆DVD BOX 特典小冊子収録漫画
■ACCA×BADON CAFE BOOK描き下ろし漫画
■ACCA13区監察課 外伝 Baccara
■グッバイシガレット
■10th Anniversary Book スペシャル描き下ろし漫画13ページ
スペシャル漫画はファンからのリクエストを元にオノ・ナツメが描き下ろし!!"
bugdebugbug	Bugdebugbug	1	1	1	bl,romance	"ゲームのオフ会で出会った女の子のことが忘れられず、
彼女を探しながらゲームを続けていた陰キャリーマン・垣内。
ついにゲーム内で彼女を見つけるが、
それはよく似たプレイヤー名のゲーム実況者・生麺こと生原だった!!
配信中だった彼に対し、盛大な勘違いを披露してしまった垣内だが
それを面白がった生原に気に入られ、それ以来プライベートでゲームをする仲に…。

ある日、生原に誘われ急遽オフで飲みに行くことになり、
オフ会での苦い思い出が過る垣内だったが、
そこに現れたのは…スタイル抜群なイケメン!!??


【収録作品】
BUGDEBUGBUG(バグデバッグバグ) #1〜6
描き下ろし"
immoral-diary	Immoral diary	1	1	1	drama,romance	"「好き」「好き…」「好きだから…許さない」
人によって特別な曜日はあり、それは不倫する男女にもある。
独身OLの既婚者上司との恋の結末を描く「木曜日のポニーテール」。
サレ妻の静かなる復讐を描く「日曜日のワイン」。
セカンドパートナーの現実を描く「火曜日の水族館」。
三篇に綴られた禁断の恋に溺れ、笑い、苦しみ、怒る
オンナ達のココロを映し出す珠玉のオムニバス！"
ssss	SSSS	1	1	1	action,drama	"今こそ読み切れ！名手が贈る珠玉の短編！ 

 各界から高い評価を得る漫画家・すぎむらしんいちが令和に贈るのは、「今こそ」渾身のショートストーリーズ！ 

現代的でノスタルジック、デタラメで精緻、切ないのにフルスピード...
漫画を濃縮した全7編のエンタテインメント、とくと御覧あれ!!!!!


 

 【編集担当からのおすすめ情報】 
 2021年からシリーズ掲載された Shinichi Sugimura's Short Stories（SSSS） 6編に、10年以上前に描かれた名作『こども探偵物語』（再録）を追加した大ボリュームの短編集です！"
the-3-mei-sama-omega-mori	THE3名様Ωメガ盛り	1	1	1	comedy,slice-of-life	"伝説のファミレス系ゆるだらコミック『THE3名様』が“Ω”になって帰ってきた！
◎満腹まちがいなしの選りすぐりエピソード230P超
◎実写版『映画 THE3名様Ω〜これってフツーに事件じゃね？！〜』の原作漫画を描きおろし収録！
◎佐藤隆太×岡田義徳×塚本高史×漫画家・石原まこちんによるスペシャル座談会まで！

【内容】 
フリーター3人が深夜のファミレスで駄弁るだけという異色の脱力系漫画として一世を風靡した『THE3名様』。
実写化でも大注目を浴びた本作が2024年、最新シリーズ“Ω”となって、実写ドラマ・映画化。史上最大のスケールで帰ってきました！
本書では、漫画『THE3名様Ω』から選りすぐりのエピソードをセレクト。ドラマ・映画の原作となったエピソードも多数収録しています！
描きおろしの映画原作漫画や、実写版3名様×石原まこちんによるスペシャル座談会を加えた贅沢すぎる一冊に。
Ωな3名様は、ひと味…違わない！今夜もいらっしゃいませ。"
xinobi	Xinobi	1	1	1	action,drama	戦国乱世。武将達が華々しく闘った表舞台の裏で、“忍び”と呼ばれる男達が暗躍していた。彼らは戦国時代をどう生き延び、何を望んだのだろうか…。藤堂裕が描き出すもう一つの戦国譚──開幕!!
itte-ippai-itte	いっていっぱいいって	1	1	1	comedy	"「でーとこーで」「SCENT」「連想ゲーム」
「範疇」「爆噛み」「キス練」「コレコレ」「重誤認」
「くるこない」「サークルクラッシャーが来た！」
「てきせい」「詮議」「終電逃し」「きょうよう」
「クエスチョン オブ オナー」「きてもっときて」「無理かも」など
表題作含め20本以上を収録！
2024年1月刊"
uchi-wa-mondai-no-aru-kazoku-deshita	うちは「問題」のある家族でした	1	1	1	drama	"毒親から生き延びたかつての子どもたちを取材した『毒親サバイバル』から6年。『「神様」のいる家で育ちました』『酔うと化け物になる父がつらい』の著者・菊池真理子さんが次に取材したのは、家族に問題を抱える当事者たちです。家族に問題を抱えた当事者10名に取材した社会派ノンフィクションマンガで、取材したテーマは、ギャンブル依存症、マルチ2世、児童虐待、貧困、DV、きょうだい児、ヤングケアラー、陰謀論、反医療。現代の社会問題を反映したテーマに切り込み、家族の危機に直面した人々のリアルな姿を描きます。

問題を抱えた親や配偶者、子どもとの関係に悩む人たちが、自分の家族の「問題」とどう向き合い、乗り越えてきたのか。時には距離を置き、時には共存の道を模索しながら、それぞれが選んだ結末とは？　家族の困難をともに乗り越えるためのヒントが詰まった一冊です。
CASE1　反医療　薬剤師　黒川摩耶の場合
CASE2　きょうだい児　ライター　雪代すみれの場合
CASE3　マルチ2世　会社員　朝比ライオの場合
CASE4　貧困　ライター　ヒオカの場合
CASE5　陰謀論　SE　飯島崇の場合
CASE6　DV　会社員・教員　にさご・ちまこの場合
CASE7　ギャンブル依存症　会社員　安井昌子の場合
CASE8　ヤングケアラー　会社員　町田優美の場合
CASE9　児童虐待　子どもの声を聴く人　川瀬信一の場合"
ochikobore	おちこぼれ	1	1	1	drama	"「ドンケツ」で話題沸騰のたーしが描く極道哀歌!!
刑期を終えた男・原口英樹。散り際を見失った男・香田平造。
社会に馴染めず妻と共に生きる男・緒方宗一。
ヤクザにもカタギにもなれない男・鈴木武利。
4人のおちこぼれた極道の人生を圧倒的筆致で描き出す珠玉のオムニバス！！"
otsukare-gohan	おつかれごはん	1	1	1	gourmet	"仕事や恋愛、毎日の生活で疲れた自分の身体をいたわるお手軽料理を漫画でご紹介！
「優しい声よりメシがいい」の中から厳選されたメニューと泣けるエピソードとともに召し上がれ！"
ohyakudo-mairi	おひゃくどまいり	1	1	1	comedy,romance	"学校一の美女とお付き合いしたい純情少年・精太郎。願いを叶えてもらおうと神頼みをしたら、目の前には神と名乗る優し気なお姉さんが…!? ウン十年ぶりの参拝者に張り切る癒し系神様、賄賂(駄菓子でも可)で願いを叶えます!!!
人好きで食いしん坊な神様と、お友達のちょっぴりエッチなギャル神様、さらには気が強いけどしっかり者の幼馴染(＋少しオトボケな学園一の美女)と繰り広げられる、ゆるっと日常応援コメディ♪"
oshiri-fukimasu	お尻ふきます!!	1	1	1	comedy	お笑い芸人のかたわら、主に夜勤で10年以上介護職員をアルバイトで続けてきたお笑いコンビ、マッハスピード豪速球のボケ担当さかまき。(坂巻裕哉)。2022年4月に上梓した初著書「介護芸人のコントな世界」では、認知症の方を中心とした100人以上の「利用者さん」と向き合ってきた介護体験を、お笑い芸人の目線で人情味たっぷりに綴っている。一方、2019年秋から老人ホーム検索サイト「みんなの介護」で、介護や老いをテーマにした対談連載「くらたまのいま会いたい手帳」を50回以上行っている漫画家でエッセイストの倉田真由美。そんな二人が前述の対談企画で意気投合、より多くの人に介護の世界を知ってほしいという思いから介護コミック「お尻ふきます!!」プロジェクトがスタート！
kurumarete-kurisuchina	くるまれてクリスチナ	1	1	1	slice-of-life	"自分への自信がちょっと足りない“うさみみ”こと宇佐美美恵子が着ぐるみスナック“クリスチナ”に迷い込み、さまざまな人と出会うことで、弱っていた心に潤いをチャージして、元気を取り戻していくストーリーです。読み進めていくと、スナックでの出会いを疑似体験している感覚になり、日常生活と重ね合わせて、クスリと笑ったり、「わたしも！」と共感したり、「どういうこと？」と考えたり、物語に入り込んで楽しめます。玖保キリコさんらしいシニカルな視点と、可愛らしい動物キャラクターのギャップも、お愉しみください。

【目次】
♯1　異世界スナック「クリスチナ」　006
♯2　着ぐるみ効果？　012
♯3　クリスチナ・ルール　016
♯4　うさみみ的おつきあい　020
♯5　ピュアO　024
♯6　怖いもの　028
♯7　魔の三　032
♯8　ル・コックのタイプ　036
♯9　外から見ると　040
♯10　嫌です私　044
♯11　いったい誰と比べてるのか　048
♯12　お姉さんと一緒　052
♯13　ごめんは禁止！　056
♯14　デ・キングのお弁当　060
♯15　視線が痛い　064
♯16　親友と元彼もどきの結婚式　068
♯17　自分のやり方　072
♯18　うれしいときはクリスチナ？　076
♯19　会員でない人はお断り　080
♯20　差し入れ禁止令　084
♯21　ママ友がつらい　088
♯22　同期の山田くん　092
♯23　ミミ登場　096
♯24　復讐会議　100
♯25　お互い様　104
♯26　ひとりで空回り　108
♯27　ストーカー対策　112
♯28　プロデュースの必要なし　"
kohaku-bu-eigyouchuu	こはく部、営業中!	1	1	1	comedy	"声優・茅野愛衣さん絶賛！

「愛帆に飲ませてあげる♪　本当のコーヒーを」
秩父に引っ越してきたばかりの愛帆は今日から高校生。
コーヒーなんて苦手なのに、部活には入らないつもりだったのに
気づけばコーヒーを極めたい元気ガールに巻き込まれ
コーヒーを研究する部活、琥珀部に足を踏み入れていて…!?

ガール・ミーツ・コーヒーの
女子高生ゆるやか部活コメディー！、開幕!!"
zutto-ikemen-o-oikaketeitakatta-kedo-soumo-ikanaiyo-genjitsu-wa	ずっとイケメンを追いかけていたかったけど、そうもいかないよ現実は。	1	1	1	comedy	"作者サチコと担当編集M田のふたりによる、イケメンおっかけコミックエッセイ、ついに最終巻！
コロナ禍によりイケメンに会える機会がめっきり減り、イケメンのおっかけ方・向き合い方に疑問を持つようになったふたり。30代前半(シリーズ当初)の頃のような情熱やパワーも失い、気づけはお金の使い道はイケメンから服の爆買いへ……。
体調の変化、生活の変化、そして興味の変化……あらゆる変化が生まれてきたアラフォーの自分たちにとって、イケメンとは何なのか!?
約10年間、本当にいろいろありすぎたけど、どんな時でもふたりをつないでくれたのはイケメンでした。イケメンよ、ありがとう!!"
sou-kuru-boku-no-nee-chan	そう来る?僕の姉ちゃん	1	1	1	slice-of-life	"しっかり者の姉とおっとりタイプの弟。
ふたり暮らしの部屋で、今夜も会話が始まります……。

好きなものは恋と自分と甘いもの

恋する哲学者 ちはる（姉）と
究極の聞き上手 順平（弟）が織りなす、
ちょっと元気になれる148の話。"
soredemo-tenshi-no-mama-de	それでも天使のままで	1	0	1	romance	"小骨トモ、2冊目の単行本は、初恋を描いた4つの物語。「リカ先輩の夢をみる」、「それでも天使のままで」、「あの嫌いなバンドはネットのおもちゃ」、そして単行本先行収録の新作「先生のクモのイト」の4作を収録。

「小骨さんの作品を読むと蚊にさされたとこを血が滲むまで掻きむしった時に襲われる背徳的爽快感に似た読後感に襲われる。つまり好き。すきすきだいすき超超超超超超超すき」
コナリミサト
（漫画家『凪のお暇』『珈琲いかがでしょう』）

「小骨さんの描く箱庭にずっと居たい。じっとりとした湿度は、心の涙のよう。焦燥感はヒリヒリとして身を焦がすのに、このまま焼かれてしまいたいと思った。人間の醜さをこんなに美しく暴けるひとがいるのか。目の離せない危うさに虜になるしかない。触れたら壊れてしまいそう。でも抱きしめたくなる、そんな漫画と出会えて良かった」
Daoko
（アーティスト 8th Album『Slash-&-Burn』）"
soredemo-mainichi-yarakashitemasu	それでも毎日やらかしてます。	1	1	1	comedy	"自閉スペクトラム症（ASD）・ADHD（注意欠如・多動性障害）・LD（学習障害）のトリプル発達障害をもつ作者のコミックエッセイ。
ADHD治療薬の副作用に苦しんだり、聴覚過敏で外食がドキドキの出来事になったり…
さらに、夫と別居計画が勃発！？　どうなる「やらかしまくり」の日常！"
taainai-nouryoku	たあいないのうりょく	1	1	1	comedy	"あなたの超〜たあいない〜能力は！？ 相手のお腹を空かせる、ハンコが綺麗に押せる、紙を均等に折れる…誰もがちょっと特別な才能「異能」を持つ世界のワーキングコメディ！
同じ世界のオフィスコメディ「しょうもないのうりょく」も全3巻発売中！"
tamani-toridaseru-home	たまに取り出せる褒め	1	1	1	essay,comedy	"ふとした時に懐から取り出して、にんまりと心を温める、誰かに褒められた記憶のストック。
そんな記憶は他人のものでも、どういうわけか嬉しくなってしまうものなのである。

描きおろしには絵本作家・ヨシタケシンスケ氏と
TVプロデューサー・佐久間宣行氏の“褒めの記憶”エピソードを収録！

オモコロの人気連載が描きおろし2編を加え、待望の書籍化！"
dame-na-suugaku	だめな数学	1	1	1	comedy	"こんな役に立たない数学マンガ見たことねー！！

＜本作の3大特徴＞
1中学3年間・全21単元を網羅。各単元のポイントをコント形式の漫画で解説しようと試みているが、基礎も応用も身につかない上にギャグ漫画としての完成度も低い。
2作者は元・公立中学校の数学教師。生徒がつまづきがちな問題に、生徒以上につまづき倒す。
3高校受験や大人の学び直しにまるで役立たない。この作品の良いところを無理やり挙げるとすれば、出てくる動物がちょっとかわいいことくらい。

＜収録話＞
【第1学年】正負の数／文字と式／方程式／比例と反比例／平面図形／空間図形／データの活用
【第2学年】式の計算／連立方程式／1次関数／平行と合同／三角形と四角形／確率／
【第3学年】多項式（因数分解）／平方根／2次方程式／関数 y=ax²／相似な図形／円／三平方の定理／標本調査

＜読者の声＞
■この漫画を読んで数学を勉強し直したい気持ちにはなりませんでした。逆に、わからないものをわからないままにしておいても別にいいんだと気が楽になりました。（のぞむ／桐朋中学・高校卒）　
■高校受験はとにかく数学に苦労しました。もし受験の時にこの漫画に出会っていたら「数学を頑張ろう」という気持ちを失い、終わっていたと思います。（おかのり／都立青山高校卒）　
■中学生のみなさん、絶対に読まないで下さい。数学が苦手な人も得意な人も「できなくてもまあ、いいか」みたいな気持ちになって本当に良くない。数学はもっと奥深く、人生を豊かにしてくれる学問なのに。（担当編集／東京学芸大学教育学部卒）


読むなバカになるぞ!!"
tsugumomo-tsuya-tsugumomo-furu-color-comic	つぐもも艶	1	1	1	ecchi,fantasy	「黄泉の国」編からよりすぐりのサービス回を5話分ピックアップ、驚きの彩色技術を駆使してフルカラー化！　おなじみの桐葉＆迷い家勢に加え、神使のしらねと、お久しぶりのくくりも登場！　ますますパワーアップしたかずやの超絶パワー＆テクニックによる霊交接の前に女性陣は身も心もトロトロに!?　さらに今回は、黄泉路行で繰り広げられるバトルでのセクシーアクションにも要注目。「つぐもも」ならではの艶めかしさがフルカラーで満喫できる総天然色な第4弾!!
doushite-shinjaundarou	どうして死んじゃうんだろう?	1	1	1	drama	"「死」を探ろうとする模索の旅に、おつき合いください。
決して後悔はさせません。
──釈徹宗

大切なあの子が死んじゃった。
どうして死んでしまったんだろう？ 
死をどう受け止めたらいいんだろう？
……その悲しみのなかから、著者は歩き出した。

釈迦の高弟「あなん」と、著者の分身「テンテン」を進行役に、仏教の教えからはじまり、ソクラテス、イエス・キリスト、オマル・ハイヤーム、宮澤賢治、エリザベス・キューブラー・ロスなど、古今東西の賢者の声を聴く、死をめぐる思索の旅がはじまった。心をゆさぶる、生と死のものがたり。

“彼女はまだ25歳でした。25歳って、まだまだこれからいろんなことができた。もっと楽しいこともたくさん経験できた／「どうして死んじゃったの？」という言葉が頭の中をぐるぐる回り続けました。いろんなことを考えてたどりついたのが「本を書こう」でした。死についての涅槃経と他の賢者の人たちが説いた死を組み合わせて、死ぬことってどういうことだろう？という本を書こうと思いました。（「あとがき」より）”

【目次】
1　どうして死んじゃったの？
2　死んだらどこに行く？
3　人はモノゴトがちゃんと見えてない
4　手の中にかくしてるもの
5　自分自身をよりどころにする
6　大事なことを聞きのがす
7　本当に死んじゃうの？
8　これが最後の機会だよ
9　死ぬってどういうことかを知る旅に出る
10　死とはわからないもの──ソクラテスの考察
11　死とはいったん待つこと──イエス・キリストの復活
12　死とは合格すること──オマル・ハイヤームの四行詩
13　死とはひとりで行くこと──宮澤賢治の"
nanda-kanda-de-onna-no-hashori-michi	なんだかんだで!女のはしょり道	1	1	1	comedy	"美容の道をどこまでも「はしょり」ながらも、キレイを目指すぐーたらビューティマンガ！

ビューティ誌『VOCE』にて好評連載中の『女のはしょり道』第6巻。
著者が38歳から始まった本シリーズも17年目に突入。成熟期を迎える五十路に心入れ替え、、、なんてことはなく、
日々感じる加齢とズルして戦っています！
お世辞にも美容マニアとはいえない著者だからこそ、
女性の共感が得られる“あるある美容はしょりネタ”が詰まっています。

いつでも気合をいれてキレイにして……はいられない。
「ラクするために一生懸命」を合言葉に、
できる限りラクして、ちゃっかりキレイになる、を目論む
スローでリアルな面白ビューティエッセイコミック。"
furimukeba-neko-puchi	ふりむけばねこぷち	1	1	1	comedy	世界は猫と女の子でできている!?ちょっとヘン…いや、かなりヘン。話題の竹本ワールド、ついに単行本化!!描き下ろしおまけ満載!!
puchi-hontou-ni-atta-yukai-na-hanashi-jingai-makyou-shinrei-kaii-esupii	ぷち本当にあった愉快な話 人外魔境!!心霊怪異SP	1	1	1	horror	"丸ごと一冊読者投稿＆実体験！！！　ハンパない324P！！
冷汗！　忍び寄る病院の恐怖を大特集！！
＜あなたの知らない恐怖がここにある！！＞

[特集1]ホラーと恐怖に包まれる病院パラダイス！
ガクブル病院恐怖体験談から怒りと笑いの冷汗体験話まで！！
[特集2]心霊体験の語り部・所テン子セレクション！
心霊マンガの奇才・所テン子が描く恐怖の実話を厳選一挙出し！！
[特集3]激ヤバ読者投稿！恐怖は日常に潜んでいる！！
当たり前の生活の中で当たり前じゃない人と現象が怖すぎる！！
[特集4]大定番！！本当にあった幽怪な話
ちょっぴり笑えるような恐怖体験話も届く元祖読者投稿マンガ！

【心霊特集のための厳選スペシャル作家陣】
安斎かなえ／田島みるく／所テン子／犬養ヒロ／にわみちよ／森野いずみ／小池恵子／吉田美紀子／佐々木崇／一之瀬はち／華櫻こもも"
puchi-hontou-ni-atta-yukai-na-hanashi-taiken-mokugeki-kuroi-file-esupii	ぷち本当にあった愉快な話 体験!目撃!!黒い事件簿SP	1	1	1	drama	メインは読者やマンガ家が実体験した事件エピソード。黒いと言いながら笑える話も随所に！後半は世間を騒がせた重大事件を追ったシリアスな作品群で、一冊の読み応え十二分にあり！
puchi-hontou-ni-atta-yukai-na-hanashi-oni-yaba-ura-fukugyou-baito-esupii	ぷち本当にあった愉快な話 鬼ヤバ!!(裏)副業-バイト-SP	1	1	1	drama	ニュースやフィクションの世界ではなく、とんでもなく身近になった裏のヤバイ仕事。手を伸ばせばそこにあるが、手が届くと地獄行き！　このご時世、ラクに儲かる仕事などないのだ!!
boku-no-tomodachi	ぼくの友だち	1	1	1	drama	"短編の名手・南Q太が描く、心にあかりを灯してくれる珠玉の5作品。すべて単行本初収録！　

この世界のこの場所で
いま きみがとなりにいること

【収録内容】
お互いの制服を交換し合った同級生との再会『ぼくの友だち』（描き下ろし32ページ）。隣に越してきた画家・カオルとの出会いで、灰色の「ぼく」の人生が色づいていく『キリフィッシュ』。妻から仕事から逃げた先の離島で過ごす優しい時間『幸福』を含む全5作に加え、軽やかな文体がオンリーワンの魅力を放つショートエッセイ「伯林滞在記」も書き下ろしで収録。

【もくじ】
ぼくの友だち　……003
キリフィッシュ　ぼくの友だち2　……035
カルトッフェルン　ぼくの友だち3　……075
サファイア　……113
幸福　……145

【担当者より一言】
ないものにされかけていたその孤独を、見過ごさない。さみしさの中にも、やさしい光を感じる作品集。
南Q太ワールドを存分に堪能できる、2017年〜2024年に描かれた珠玉の5編。
何度も読み返したくなる、宝物のような1冊になりました。
南Q太ファンはもちろん、余韻が深く感じられる物語をお求めの方にも、おすすめです！"
manetsu-shigoku	まんえつしごく	1	1	1	ecchi	"悦楽の風に誘われて♪　全国ご当地にて育まれる目を疑うような艶習俗を実体験踏査。めくるめく「性地巡礼」の果てにあるものは…？

全国津々浦々に密やかに残り、ご当地民がその悶々と充満した自らの欲望を臆面もなく発散しているというレアな艶習俗ーー。
巷で囁かれる怪情報・都市伝説の真相を確かめるべく、ミッションを帯びた雑誌編集・真田が向かったいわくの隠れ里には、理解と想像の範囲を超えた、ただただ快感中枢を深く抉り、女と男が丸裸のメスとオスを解き放って交歓しあうトンデモないアナザー・ワールドが存在していた!? 
真田のナビゲートを担うのは、大学でその手の習俗を研究している、フィールドワークという名の色々も辞さない謎の美女・黒峰さん。
微笑ましくも、もどかしい、恋（？）にも似た互いの微妙な距離感をも織り込みながら、真田が訪ねるのは日本各地の目を疑うばかりの衝撃的な「性地」ばかり♪
悦楽の湿った風に誘われて、まごうことなき“ナチュラルハイ”な素人艶生態を実地体験しながら、その旅の終着に見えたものとは果たして何だったのか…？
人気作家・大見武士の傑作オムニバスシリーズが、ついに単行本となってリリース!!

CONTENTS

Chapt.01 茨城県O町編

Chapt.02 埼玉県K市編

Chapt.03 山形県R村編

Chapt.04 ■■県K村編

Chapt.05 兵庫県●●温泉編

Chapt.06 東京都あきる野市編"
miraibanashi	みらい話	1	1	1	drama,sci-fi	"滅びゆく地球で、人類は…!? 私たちに迫る未来が、ここに記される──。
地球温暖化、環境破壊、人口爆発、資源不足。少しずつ蝕まれていく地球で、我々人類は何を考え、生きていくのか…。本宮ひろ志が綴る、未来を生きる人間達の生き様を克明に描いた物語──！"
banashi	むかし話	1	1	1	drama	"“民話”……それは、民の生活を綴り、民により語り継がれ、口承されてきた説話──
長きに亘って受け継がれてきた数多くの民話からは、時代時代の歴史的バックグラウンドや時勢、戒め、金言、ときに反面教師などが読み取れる。“人間の業”を描き続けてきた本宮ひろ志が、いま改めて描破する、“本宮流”オムニバス民間説話！"
yumemiru-nutty-numbers	ゆめみるナッティー・ナンバーズ	1	0	1	fantasy	"【推薦！】
★江口寿史さん（漫画家／イラストレーター）
「限りなくポップで
限りなく可愛い悪夢。
佐々木マキという甘い毒薬。
きみは知ってる？」

★山本直樹さん （漫画家）
「見たこともないのに
なつかしい、いとおしい。
へんてこりんなひとコマひとコマを
いつまでもながめていたい。
（キリストさんにお目にかかるのは半世紀ぶりですね）」

**********

前衛にしてポップ。実験にしてキュート。
 伝説のマンガ家、20年ぶりの新作コミックス!

**********

ゆめみる少女ナッティーが迷い込んだ世界は、奇妙で不思議なことばかり。
あふれ出すイメージの洪水の中を自由に泳ぎまわる、
ナッティーの大冒険がいまはじまる！"
long-riders-tanpenshuu	ろんぐらいだぁす!短編集	1	1	1	sports	"特装版は、ろんぐらいだぁすとーりーず！画集「Randonneuse」に加え、
コミックス10巻用の架替えカバーを、豪華三方背BOXに封入!!!

ろんぐらいだぁすとーりーず！画集「Randonneuse」は、
『ろんぐらいだぁす！』9巻、10巻、『ろんぐらいだぁすとーりーず！』1巻、1.5巻にて
販促用やグッズなどに描きおろしたイラストや、描きおろしマンガ7Pを収録した、
全96Pの豪華画集!!
3
ろんぐらいだぁす！番外編
「雛子さんのヒミツ 〜prologue〜」

9
ろんぐらいだぁす！番外編
「雛子さんのヒミツ」

31
ろんぐらいだぁす！番外編
「プラトニック秘話」

41
すぱすぱ番外編
「とある御神体開放日の出来事 〜prologue〜」

49
すぱすぱ番外編
「とある御神体開放日の出来事」

83
Quartet「限りある時の中で」

151
ろんぐらいだぁす！番外編
「雛子さんのヒミツ 〜after〜」"
wakame-chan-ehon-no-sekai	わかめちゃん絵本の世界	1	1	1	comedy	"「サザエさん」や「いじわるばあさん」でおなじみの漫画家、長谷川町子が戦後に手がけたわかめちゃん絵本5冊を合冊。全ページカラーで色鮮やかに再現。わかめちゃんの魅力が満載です。
本書限定の特製カラー絵ハガキ付き（2枚）。

◯「サザエさんとわかめちゃん」-お正月・ひなまつりなど、季節の行事を中心にした漫画14話で構成
◯「わかめちゃんどうぶつえん号」-サザエさんやカツオたちと動物園に行くお話
◯「わかめちゃんおとぎのくに号」-わかめちゃんが夢の中でおとぎ話の主人公に出会い、一緒に冒険する物語
◯「わかめちゃんまんがにっき」-季節のイベントや郵便屋さんごっこなどの遊びの漫画が7話
◯「わかめちゃんきしゃのたび号」-富士山を見たり、お弁当を買ったりと、鉄道の旅を楽しむお話
◯「サザエさんとわかめちゃん」-お正月・ひなまつりなど、季節の行事を中心にした漫画14話で構成
◯「わかめちゃんどうぶつえん号」-サザエさんやカツオたちと動物園に行くお話
◯「わかめちゃんおとぎのくに号」-わかめちゃんが夢の中でおとぎ話の主人公に出会い、一緒に冒険する物語
◯「わかめちゃんまんがにっき」-季節のイベントや郵便屋さんごっこなどの遊びの漫画が7話
◯「わかめちゃんきしゃのたび号」-富士山を見たり、お弁当を買ったりと、鉄道の旅を楽しむお話"
watashi-no-shinikata	わたしの死にかた	1	1	1	horror	"可憐な少女の日常の風景を綴った5コマ漫画。いたいけな少女の無邪気でイノセントな行動…ところがそれが、思いも寄らない、まさに想定外の悲劇を招いてしまう！　日常のそこかしこに潜む、ちょっとした油断が無垢な少女の命を奪ってしまう！　その悲劇の原因はいったい何だったのか！？　ページをめくった5コマ目でその原因が解明される！
何の疑いもなく安全と利便を享受している、現代日本の意外な陥し穴を、4コマ漫画の名手・湖西 晶が鋭く洞察し作劇化した、新感覚日常ホラー5コマ連作集！　危機管理のためにも、子供も大人も読んでおいて欲しい1冊！　同一キャラクターの主人公が、生まれてから15歳まで「60回の死」を乗り越えた物語として読むとまた味わい深い読後感がある！　描き下ろし作品も収録し、充実の著者最新作！！

第1章【自然で死んだ	】													
第2章【事故で死んだ	】													
第3章【科学で死んだ	】													
第4章【病気で死んだ	】													
第5章【わたしは、寿命で死ぬ】
　　　　（描き下ろしエピローグ）"
usopp	ウソップ	1	1	1	adventure	"「マンガで読む」究極の“ソロ”キャラクターブック!!
登場人物一人ひとりにクローズアップしたスペシャルセレクションシリーズが登場！ キャラクターの「核（コア）」に迫るエピソードだけを厳選してお届け！"
garbage-collection	ガベージコレクション	1	1	1	mystery,sci-fi	1995年4月、後輩から謎のハードディスクの調査を依頼されたマイコン部所属の少女たちが、次々と不可解な現象に巻き込まれ!?　鬼才・粟岳高弘、待望の最新SFコミックス!!
cutie-honey-the-first	キューティーハニーTHE FIRST	1	1	1	action,mahou-shoujo	"不滅のヒロインよ永遠に…祝！誕生50周年 

 『キューティーハニー』誕生50周年を記念し、「少年チャンピオン」連載時の扉絵を網羅、本文4色・2色を再現。掲載誌サイズのB5判で刊行する特別編集版。マンガ界に革命を起こした、不滅の変身ヒロインの原点をお楽しみください。

主人公、如月ハニーは体内に内蔵した「空中元素固定装置」を発動させ、「ハニーフラッシュ！」のかけ声とともに、愛の戦士キューティーハニーに変身。亡き父の仇である悪の秘密結社「豹の爪」に白銀の剣シルバーフルーレで立ち向かう。

（※本書は2013年に刊行された『キューティーハニーtheORIGIN』（小学館クリエイティブ）を底本に、判型を変更し再編集しました。）"
guilty-3	ギルティ3	1	1	1	drama	"看護師の佐倉かなえは生き物の解剖の虜になり、内臓を見るのが大好きなサイコパスだった…
人間の内臓を触ってみたいという欲望を抑えて心療内科の土岐先生に頼る日々だったが、
ある日心臓弁膜症の美しい患者・上杉鹿乃子と出会い、運命は狂っていく…!?
病院内に繰り広げられるサイコサスペンス！"
cyborg-009-kamigami-to-no-tatakaihen	サイボーグ009天使編・神々との闘い編	1	1	1	action	"サイボーグ009 幻の完結編2作を1冊に 

 『サイボーグ009』誕生60周年記念企画。サイボーグ戦士たちが最後に闘うのは“神”!? 未完に終わった幻の完結編「天使編」と「神々との闘い編」を1冊にまとめた「特別編集版」。カラーページ再現。石ノ森章太郎がファンクラブ機関誌に書いた小説「神々との闘い」も収録。コラム（早瀬マサト）／解題（島田一志）"
sanji	サンジ	1	1	1	adventure	"「マンガで読む」究極の“ソロ”キャラクターブック!!
登場人物一人ひとりにクローズアップしたスペシャルセレクションシリーズが登場！ キャラクターの「核（コア）」に迫るエピソードだけを厳選してお届け！"
shinia-kaigo-driver-ga-kataru-koko-dake-no-hanashi	シニア介護ドライバーが語るココだけの話	1	1	1	drama	介護タクシーとも異なる介護施設の送迎運転業。天国に一番近いワンボックスカーと言われる運転手が見た、介護老人と介護施設のリアルな現場をマンガ化！
synonym	シノニム	1	1	1	ecchi,fantasy	エロ漫画家として成功を夢みる専門学生・矢野。彼の前に突然、手のひらサイズの美少女が現れる。漫画賞を目指したいのに、俺の弁当に何かいるんです！
darling-wa-78-sai	ダーリンは78歳	1	1	1	romance	"年齢なんて吹っ飛ばせ！最強バカップル！！ 

 人は、遺伝子の乗り物です…
私達はご先祖様からの乗り物にすぎないのですーー

そこかしこから溢れ出るサイバラ語録は今回も健在。
全身ガンを公表して手術・治療を続ける高須院長との日々は、
いつも何か“大切なこと”を教えてくれる。

史上最強バカップルは今日も元気だ！
ダーリンとサイバラのエナジーたっぷり入ってます！！
 

 【編集担当からのおすすめ情報】 
 70歳から始まったダーリンシリーズですが、
遂に10冊目となる78歳の単行本、刊行です！

変わらぬ二人のバカップルぶりに…
癒されてください！！！"
tennis-no-ryooma-sama	テニスのリョーマ様	1	1	1	sports	"「マンガで読む」究極の“ソロ”キャラクターブック!!
登場人物一人ひとりにクローズアップしたスペシャルセレクションシリーズが登場！
キャラクターの「核（コア）」に迫るエピソードだけを厳選してお届け！"
tennis-no-fuji-senpai	テニスの不二先輩	1	1	1	sports	"「マンガで読む」究極の“ソロ”キャラクターブック!!
登場人物一人ひとりにクローズアップしたスペシャルセレクションシリーズが登場！
キャラクターの「核（コア）」に迫るエピソードだけを厳選してお届け！"
tennis-no-tezuka-buchou	テニスの手塚部長	1	1	1	sports	"「マンガで読む」究極の“ソロ”キャラクターブック!!
登場人物一人ひとりにクローズアップしたスペシャルセレクションシリーズが登場！
キャラクターの「核（コア）」に迫るエピソードだけを厳選してお届け！"
nami	ナミ	1	1	1	adventure	「サバイバルの海 超新星（ルーキー）編」における、麦わらの一味9名の足跡を1人ずつドラマチックに再構成！　ココヤシ村の悲しき過去、魚人の支配からの解放を経て、頼れる航海士へ！海賊王を目指す船長ルフィとの出会いがもたらすナミの成長の記録…。　この1冊のすべてが名場面──
heart-cocktail-colorful	ハートカクテルカラフル	1	1	1	romance	"アニメ『ハートカクテル カラフル』原作 

 美しい四季の風景と共に“現代の多様な愛”を描いた同名アニメの原作15編を完全収録したシリーズ最新作。
本作は、番組のためにコミック形式で書き下ろされた作品で、それを基にコマを切り取ってアニメーション化、紙媒体では完全未発表でしたが、単行本化希望のリクエストが数多く寄せられたことから、ファン待望の書籍化となります。なお、映像化の際にカットされた場面やセリフを含む完全版として刊行。わたせせいぞう画業50周年記念出版。
今回も表紙は新たに描き下ろし、著者自身による書き下ろしエッセイをはじめオリジナルコンテツも充実しています。"
paraudo-de-aimashou	パラウドで逢いましょう	1	1	1	drama,horror	"「ずっと一緒だよ」そう誓ったのに。なのにアマトはわたしを置いて逝ってしまった。
理想の世界“パラウド”を残してーー。希死念慮と、死に塗れた新たな世界が交わる時、凄惨な物語の幕が開くーー。
鬼才・洋介犬が描き抉る、ネクストワールド・ホラー、第1巻。"
bikkuriman-battle-royale	ビックリメンバトルロイヤル	1	1	1	action,fantasy	"ビックリメンの公式スピンオフまんが！ 

 これが令和のビックリマン！アニメ「ビックリメン」をコロコロコミックが完全オリジナルで公式スピンオフまんが化!!

ヤマト・牛若・ジャック・マリス・アリババなどの
アニメの人気キャラクターたちが、
幻のシールを手に入れるべく、バトルロイヤルを行うことに…!!

ビックリメンたちの壮絶な戦いを見逃すな!!

「ビックリメン」の公式アナザーストーリーまんが、
『ビックリメン メイドン女学院』も同時発売!!"
bikkurimen-shiritsu-meidon-jogakuin	ビックリメン私立メイドン女学院	1	1	1	comedy	"ビックリメンのアナザーストーリーまんが！ 

 これが令和のビックリマン！アニメ「ビックリメン」のアナザーストーリーをコロコロコミックが完全オリジナル公式まんが化!!

「ビックリメン」の作中で人気を博した、
メイドン天使たちがまさかの学園生活！？

舞台はメイドン天使たちの通う「メイドン女学院」に主人公・メイドン遊使は入学することに…。
ただ、クラスメイトたちはまさかのくせ者揃い！？

メイドン遊使の学園生活、一体どうなる…!!!?

「ビックリメン」の公式スピンオフまんが、
『ビックリメン バトルロイヤル』も同時発売!!"
faindaa-no-dekiai	ファインダーの溺愛	1	1	1	bl,romance	"組織から追われる立場になった麻見は、別れか共に組織に身を沈めるか、秋仁に選択を委ねる。
託された秋仁が選んだのは、なんと逃避行……!?　
二人はスペインの片田舎で暮らすことになり、ありえないくらい平和でのんびりした時間を過ごしていたけれど!?　
ファインダー史上最高に甘いシリーズ開幕　
数量限定の初回限定版には描き下ろしマンガ「金の麻見 銀の麻見」収録の小冊子付き！"
present-de-dekite-iru	プレゼントでできている	1	1	1	drama	なにかをもらうことは、きっと、何かをあげることーー。深くてほっこり、3年ぶり待望のエッセイ漫画！　僕はよく、ものをもらう。モンゴルの絨毯、鹿の角、大家さんの柚子、あの人の言葉……。もらったものは買ったものより捨てにくいし、何かをもらうと何かをお返ししたくなる。なぜだろう？　もう会えない誰かや目に見えない何かとも、“プレゼント”でつながれるーー。『ぼくのお父さん』『マンガ ぼけ日和』の矢部太郎が贈る、新作コミック。
honto-wa-dashitai-dashi-san	ホントは出汁たい山車さん	1	1	1	gourmet,romance	よし、あったかいご飯作って食べよう…。少し抜けている営業の佐藤が惹かれているのは、シゴデキで実は出汁に詳しい先輩社員の山車さん。だし巻き卵にご当地おでん…出汁を使ったごはんって、こんなにも身近で手軽！ズボラなあなたにこそ読んでほしいーー。日本の誇る「うま味」が詰まった、ほっこり癒されて為になる＜出汁ラブコメ漫画＞！！描き下ろしレシピ＆マンガもたっぷり収録！
madame-60-rokujuudai-mo-iroiro-aru	マダム60	1	1	1	comedy,slice-of-life	"「60歳ってちょっとショック。でも39歳→40歳のときのショックに比べるとそうでもない」。そんな感じで60歳を迎えた青沼さん。同い歳の友達と還暦のお祝いに巣鴨に赤パンツを買いに行ったり、眠れなくなって自律神経を整えてみたり、80代で足腰が弱くなった母に杖をプレゼントしたり、30年住む家の大片づけに張り切ったり…いろいろと忙しい60代の日常をコミカルにつづります。

第1話　還暦のお祝いプレゼント交換……5
第2話　眠れない！……11
第3話　眠るためには？……17
第4話　ホクロ取りました……23
第5話　ダーリンと年金……29
第6話　86歳母とのお出かけ……35
第7話　たまに娘から借りるもの……41
第8話　ダーリンの靴下の謎……47
第9話　母よしえが徹夜する日……53
第10話　更年期からのヒステリー球……59
第11話　股関節が痛すぎて歩けない！……65
第12話　コストコ大好き！……71
第13話　古いものは捨てよう！……77
第14話　古いものは捨てよう！　洋服編……83
第15話　つみたてNISAその後……89
第16話　大人4人の食事……95
第17話　「相続」と「相続税」のお話……101
第18話　夢のお告げ？……107
第19話　60代の美容ポイント……113
第20話　まあいいか……119

あとがき……126"
miren-san-no-tsubo	ミレンさんの壺	1	1	1	drama,fantasy	"伝説の漫画家・岩泉舞、初の連載作品！ 

 未練を残さず死ねますか？

『岩泉舞作品集 MY LITTLE PLANET』で約30年ぶりに復活した“伝説”の漫画家、岩泉舞の初連載作品『ミレンさんの壺』を単行本化！

あの世とこの世の狭間に住む「壺師」の少女、ミレン。彼女の仕事は、不思議な壺の力を使い、浮かばれない魂を浄化することだった。少し不思議で心温まる、ファンタジー×ヒューマンドラマ！

人間とロボットの友情を描いた、傑作SF短編『ロボットを捨てに行く』の他、描き下ろしのおまけ漫画もたっぷり収録!!"
merosu-no-baka	メロスのバカ!	1	1	1	comedy	"あのメロスによる、ほぼ走らないお散歩記！ 

 「走る男」として日本一有名な男ーーメロス。
雨の日も、灼熱の夏も、コロナ禍もーー
これは、友のために走りつづけ…たりはせず、
全力で道草に励んだ、あるバカな男・メロスの
8年にわたる壮大な町歩きの記録である！

まともな人は毎日見落としている、町にあふれる「おもしろ」の
数々。むしろ、しょうもないものしか目に入らない妄想の達人・メロスが
それらをつぶさに拾い、世界の新しさ（とバカさ）を教えてくれる。

読むと少しバカになれる。新感覚お散歩漫画！
 

 【編集担当からのおすすめ情報】 
 愛猫エッセイ漫画『コロコロ毛玉日記』（朝日新聞出版）も大ヒット中の
ギャグの異才・中川いさみ氏。本作はビッグコミックオリジナル増刊号にて約8年にわたり
連載された漫画×写真の融合作品で「ゆるく、かわいく、笑えて、時に深い」という
中川いさみワールドが満開です。"
razuueru-hosoki-special-gochisou-izakaya-gourmet	ラズウェル細木スペシャルごちそう居酒屋グルメ	1	1	1	gourmet	"居酒屋漫画を代表するラズウェル細木の名作がてんこ盛りになった、とってもお得な廉価コミック！
「美味い話にゃ肴あり」の大人気シリーズ「大江戸酔庵」に加え、レアキャラな常連・飯塚さんをピックアップ！　さらに初々しいみんなの初登場シーンなど、酒の肴になること間違いなしの一冊！"
razuueru-hosoki-special-sake-to-sakana-no-yomoyama-banashi	ラズウェル細木スペシャル酒と肴のよもやま話	1	1	1	gourmet	"居酒屋漫画を代表するラズウェル細木の名作や、酒のおつまみグルメを描いた豪華作家陣てんこ盛りのとってもお得な廉価コミックアンソロジー！
「美味い話にゃ肴あり」の大人気シリーズはマスターイチオシの海の幸や揚げ物をウンチクを添えてまとめてご紹介！　そのほか、魚乃目三太がなどがお贈りするお酒によく合う定番から意外な一品も！　呑兵衛たちの話題になること間違いなしの一冊！"
sanninkon-azato-otoko-to-buaisou-ookami-ga-hageshi-sugite-mi-ga-mochimasen	三人婚	1	1	1	romance	彼氏とシェアメイトが浮気して急に住むところがなくなった乃絵実。会社の後輩・伊吹の口利きで、遼一がオーナーの一軒家に期間限定で三人で住むことに。居心地いい暮らしの中でタイプの違った2人に惹かれていくが、酔った勢いでまさかの事態に…!?
shu-kun-to-tabi-suru-ikutsuka-no-kokoroe	主君と旅する幾つかの心得	1	0	1	comedy,fantasy,sci-fi	"ヴィンテージ計算娘・ランパチカと主人・男爵メルガレッタ、
看板ならぬカバン娘・アルクの銀河を巡る様々な旅のカタチを読み切り連作形式で皆様もぜひご一緒に。
2024年9月刊"
kaigo-genba-reki-20-nen	介護現場歴20年。	1	1	1	drama,slice-of-life	"こんな方に向けて──。
●少しでも介護の仕事に興味を持っている方
●いま、ご家族の介護をされている方
●将来のことを考え、漠然と不安を感じている方　　など


お笑い芸人として活躍しながら、2023年介護福祉士の資格を取得した、安藤なつ（メイプル超合金）。伯父の家が介護施設を運営していたことで、幼少期から介護が身近にあり、“介護現場歴20年”という、異例の経歴を持つ。

「介護は、直接触れ合うことで得られるものがある」
「介護の楽しさや魅力を発信できたら……」
「介護の仕事は、決してきれいごとだけではない」

そんな彼女が、介護を通して、さまざまな方と出会い、触れ合うなかで、感じていた想いとは？　20年間の経験と介護への想いを綴った、コミックエッセイ。

＜目次＞
【Chapter1】伯父が運営する介護施設へ
対談コラム：介護福祉士×安藤なつ(1)

【Chapter2】初めての着替え任務
対談コラム：グループホームスタッフ×安藤なつ

【Chapter3】信頼と実績の夜間の訪問介護
対談コラム：デイサービススタッフ×安藤なつ

【Chapter4】ある日のおむつ交換
対談コラム：訪問介護スタッフ×安藤なつ

【Chapter5】M-1の前日まで続いた夜間勤務
対談コラム：地域包括センタースタッフ×安藤なつ

【Chapter6】介護福祉士の資格取得
対談コラム：介護福祉士×安藤なつ(2)
＞【Chapter1】伯父が運営する介護施設へ
対談コラム：介護福祉士×安藤なつ(1)

【Chapter2】初めての着替え任務
対談コラム：グループホームスタッフ×安藤なつ

【Chapt"
sennin-no-momo	仙人の桃	1	1	1	fantasy,drama	余白を楽しむ、大人のマンガ。奇妙でおかしな中国怪異の世界を描いた『仙人の壺』と『李白の月』を合本、新作描き下ろし作品を収録。
utsurundesu-future-kawauso-seven	伝染るんです。フューチャーかわうそセブン	1	1	1	comedy	"名作キャラ達の全編新作をフルカラーで！ 

 不条理ギャグの金字塔『伝染るんです。』の大人気キャラクター「かわうそ君」ほか
数々の人気キャラクターが令和のニッポンを縦横無尽！

東京新聞・朝刊紙面にて約3年にわたり掲載された時事4コマ漫画全200本に加えて、
WEB掲載分なども多数追加して全編カラーページにて収録！
コロナ前〜渦中〜その後の世相あれこれがひと目でわかる
ファン必携の永久保存本、ここに誕生！ 

 【編集担当からのおすすめ情報】 
 近年は「東京新聞」の顔としてすっかりおなじみとなった「かわうそ君」をはじめ、
「山崎先生」「かっぱ君」「しいたけ」「カブトムシの斉藤さん」ほか、
おなじみのメンバーが誌面狭しと騒いだりダダをこねたり嫉妬したりと大暴れ！
愛にあふれる、極めて欲張りな1冊ができました！

「コミック界の伝説」と呼ばれている『伝染るんです。』単行本の装丁をセルフリスペクトした
デザイナー・祖父江慎氏による遊び心いっぱいのデザインも見どころとなっております。

あふれんばかりの才能が詰まった超豪華本、ぜひとも紙の本でお手元に！"
ore-no-kirai-na-kyouikugakari	俺の嫌いな教育係	1	1	1	bl,romance	新入社員の伊藤の教育係は、社内の人気者で4年先輩の山本。いつも笑顔が絶えず伊藤にも親しげで、褒める度に頭を撫でてくる。「女みたいで可愛い」と言われてきた伊藤には、コンプレックスを刺激する存在だ。一度でいいから、この人の歪んだ顔が見てみたいーー好奇心から酔った山本と関係を持ったのに、呆然とした顔を見ても心は一向に晴れない。しかも一夜の過ちでは片づけられず、なぜか「今夜は素面で抱かせてほしい」と迫られて…!?
ijin-gahou-mitsumine-tooru	偉人画報三峯徹	1	1	1	comedy	"エロ漫画雑誌を読んでいた人なら読者ページで一度は見たことがあるという独特な
タッチの画のハガキ職人・三峯徹氏の輝かしい歴史と魅力をあますことなくご紹介！
三峯氏の投稿へのこだわり、情熱が感じられるサブカル最強の1冊！"
boku-to-yome-san-to-osake-no-kankei	僕と嫁さんとお酒の関係	1	1	1	comedy,romance	"下戸の望月平太にはお酒大好きな奥さんのりこさんがいる。
りこさんは呑むお酒の種類によって人格が変わってしまう
特殊な酒癖の持ち主で…!?仲良し夫婦のアルハラコメディ！"
fuyusugite-sakura	冬すぎて桜	1	1	1	bl,romance	"幼なじみBLの金字塔が、フルカラー完全翻訳版で待望の書籍化！

幼くして両親を亡くした澄春が、親友・悠真の家に引き取られたある日━━…。
「澄春と兄弟になるのは嫌」という悠真の一言から2人の間に溝が生まれ、
お互いに距離を置くようになってしまった。

それから時が経ち、高校生活最後の年。
同じクラスになった澄春と悠真は
ある出来事をきっかけに再び距離を縮めていく。

「つらいことがあったら、せめて俺にだけは話してくれ」

ずっと自分は嫌われていると思っていた澄春は、
悠真からの優しさに気づき始め…。
長い冬を経て、ようやく2人の想いが少しずつかみ合ってゆく──。

2人の雪解けを描いたSeason 1と本書限定の番外編を収録。"
kowareru-mae-ni-tabi-ni-deta	壊れる前に旅に出た	1	1	1	essay,adventure	"20代、夢をかなえてマンガ家デビュー。

30代、ルポマンガ家として樹海で自殺志願者を助けたり、特殊清掃をしてみたり。

40代、自身の生い立ちをつづったエッセイコミック「酔うと化け物になる父がつらい」「宗教2世な私たち〜神様のいる家で育ちました〜」が話題になったり、パートナーと別れたり……。

そして気がつけば、もう50歳ーーー。

「全部投げ出して、どこかに行きたい」

とはいえ、仕事をすべてやめるわけにもいかない作者が選んだのは、数日間の人里離れた現実逃避のような旅。

ひと気の少ない道の駅で一晩を明かしたり、山のてっぺんのキャンプ場で車中泊をしてみたり、連絡をとっていなかった親族をたずねてみたりーーー。

読後、静かに気力がわいてくる、逃避行エッセイ！"
tenchi-kyuusei-shinwa-girl	天地救世♥神話ガール	1	1	1	comedy,fantasy,romance	"恋愛こそ至高！ 肉食系おねいさん・稲田 姫(いなだ ひめ)。明日は王子様のように完璧な婚約者・山田さんとの結婚式♡ まさに人生の絶頂！ バラ色街道を突き進んでいた……が、家に迷い込んだ子犬(？)を助けたらいつの間にか周りは一面の銀世界に…!?
突然目の前に現れた神話風な男子…「我が名はスサノオ！ 巫女殿に呪われた高天原を救ってほしい！」とか言っているけど……私、これからどうなっちゃうの〜!?"
yousei-gakusha-no-natsu-jikan	妖精学者の夏時間	1	1	1	fantasy	"『足洗邸の住人たち。』の、みなぎ得一最新作!!
異世界と現実世界が混じり合った世界ーー。
召喚した妖精を使って怪異と戦う妖精学者は、新たな妖精の勧誘のために案内人・ギリー・ドゥーの手引きでグレートブリテン島を訪れていた。
しかし、最初に遭遇したのはスコットランド最凶の邪妖精でーー。
足洗邸での最終決戦直前、最強戦力“時計男”の知られざる足跡とは!?
連載時原稿に加え新規描き下ろし分16ページを加え、初単行本化!!

※本作は青年作品となります。"
kodomo-ga-hoshii-ka-wakarimasen	子どもが欲しいかわかりません	1	1	1	drama	"結婚するしない、子どもを産む産まない。生き方の選択は自由で、しあわせの形は人それぞれだけれど、女性の体の出産タイムリミットは変わらない中、子どもの有無について考える、価値観をゆさぶる意欲作！

【あらすじ】
ごくフツーの家庭で育ち、仕事は頑張れば頑張るほどいいものだと思って働きづめていた主人公・青木カナコは、マッチングアプリで出会ったエンジニアのリョウと結婚し、平穏な夫婦生活を送っていた。だがーー。夫とはレスだったけど妊活をはじめたマリカ、産後3カ月で職場復帰した元バリキャリのサキ、彼はいるが結婚にはこだわらず推し活を謳歌するハルミ。30代後半に差し掛かり、ライフステージが次々と変わっていく友人たちを目の当たりにし、カナコは戸惑う。「私って子どもが欲しいんだっけ？」 若い頃は、結婚して当然のようにいつか自分にも訪れると思っていた妊娠と出産だったが、真剣に向き合わぬまま「高齢出産」と言われる年齢になっていた。なぜなら、そもそもカナコは心から「子どもが欲しい」と思ったことがなかったのだ。自分は欠陥人間なのだろうか？もし子どもを授かれたとしても、&quot;ちゃんとした母親&quot;になれるのか？ 母親になって後悔しないだろうか。これまで積み上げてきたキャリアは？　右往左往しながらも、カナコが出した答えとはーー？"
izakaya-maruyo	居酒屋まるよ	1	1	1	gourmet,slice-of-life	"気立てのいい女将が一人でやっている、居酒屋まるよ。
そこには疲れたサラリーマン、女房を亡くしてしまったダンナ、トレーダー、子どもの入社祝いなどなど…
いろいろなお客さんが、おいしい料理とお酒と、女将さんとのふれあいを求めてやってくる。
第1話
冷や奴＆真鱈のさつま揚げ

第2話
大根きしめん

第3話
アジの梅干し和えなめろう

第4話
エビとブロッコリーとタラコのサラダ

第5話
豚トマ

第6話
サクとろカツ丼

第7話
いわしの明太ロール

第8話
イカの塩辛＆イクラの醤油漬け

第9話
にんにくシジミ汁

第10話
牛スジとインゲンの和風煮物

第11話
温野菜サラダ＆
枝豆ソースのアスパラ豆腐

第12話
和とフレンチ、スワップ料理

第13話
たたきマグロのヅケ丼

第14話
素ラーメン

第15話
ローストビーフステーキ

第16話
猛暑カレー

第17話
カットサラミ＆
モッツァレラのフルーツサラダ


第18話
スライスキュウリと冷麺

第19話
チーズ明太だし巻卵＆
チーズインロール焼きなす

第20話
鶏口ローストチキン＆
午後テールスープ

第21話
イカゴボウ炒め"
kyozou	巨象	1	1	1	drama	"ネオ漫画家、横山裕一の新刊は、2000 年〜2023 年の間に、あらゆる媒体、美術館プロジェクトで発表された作品をまとめた短編集。北斎漫画のオマージュ作品『巨象』をはじめ、 赤塚不二夫漫画へのオマージュ『ニューバカボン』、広島市現代美術館「世界が妙だ　立石大河亞＋横山裕一の漫画と絵画」展に合わせて制作されたもの、雑誌媒体のための描き下ろしなど、目的・内容が多岐にわたる34 作品を収録。
自身のための作品でないので、「依頼内容」との化学変化も楽しめるものになっています。"
koi-wa-ahare-ni	恋はあはれに!	1	1	1	comedy,romance,supernatural	"【内容紹介】
文学部の大学生・逢月一哉の下に突如現れたのは、源氏物語でお馴染みの“紫式部”！ なぜか二人の同居を始まる中、隣の部屋に住む華乃梢が気になってることがバレ、一哉は紫式部から恋愛の指南を受けることに…!?

【担当編集のおすすめポイント】
・日本最古の恋愛小説家と言われている、かの有名な“紫式部”と一緒に恋愛と文学を学んでいくドタバタラブコメディ！
・登場する偉人は紫式部だけではございません！紫式部といえば、もちろん清少納言!!さらに恋愛心理小説の祖とされるラファイエット夫人も登場!!!
・登場するキャラクターは全員が恋愛ベタ。そんなキャラクターたちのために恋愛マスターな過去の女流作家がためになるアドバイスを！時代を超えた女流作家たちの恋愛代理戦争は必見です!!
・もちろん歴史の小ネタも盛りだくさん！平安ネタから仏文学ネタまで、読んでいるだけで意外とためになる知識も身に着いちゃいます♪
・主人公を取り合う個性豊かなヒロインたちも見逃せません！テンプレなツンデレヒロイン、ヤンデレお嬢様、二面性を持つダウナー系。お気に入りのヒロインをぜひ推してください♪
・著者が得意とするコミカルな掛け合いは本作でも健在です！現代に慣れていない過去の偉人たちの慌てぶりや、なぜか偉人たち以上にぶっ飛んでいるヒロインたち。ユニークすぎる登場キャラクターたちによるドタバタ劇をお楽しみください♪

【収録話数】
第一帖 恋と和歌
第二帖 講義と薫物
第三帖 お嬢様と貴族
第四帖 ショコラと餅餤
第五帖 カフェと達人"
kyouryuu-to-kappa-no-iru-toshoshitsu	恐竜とカッパのいる図書室	1	0	1	slice-of-life	卸町香歩と薬師堂カオリは高校2年のクラスメイト。二人は心の距離感に悩みながらも徐々に打ち解けていく…ハートウォームな物語。
akuyaku-reijou-to-gokudou-pii	悪役令嬢と極道P	1	1	1	fantasy,romance	"ルミエール王国の公爵家の娘・クラウディアは母・エリザベスの死の間際、この世界が乙女ゲームの世界であること、母が異世界からの転生者であること、そして自分がやがて悪役令嬢となり破滅してしまう未来について知らされる。破滅フラグを回避するために王立魔法学園に入学することを禁じられ、政略結婚させられることになったクラウディアは「魔法のカード」を盗み出し、「悪魔」の力を使い己の運命を変えることを願う。悪魔の力に翻弄されるクラウディアの前に現れたのはハチと名乗る異世界からやってきた「ヤクザ」だった!?
第1話
第2話
第3話
第4話
第5話
描き下ろし"
horenai-hanayome-boonasu-torakku	惚れない花嫁-ボーナストラック-	1	1	1	romance	"100万部超の大ヒット作、激甘最新刊！ 

 仕事はクールで完璧、家では超愛妻家。
結婚生活3年目にして留まるところを知らない夫の考太郎の愛に包まれる希。
だからそろそろ“アノこと”考えてもいいんじゃない？

多忙を極めたふたりの記念日の危機や考太郎に訪れる最大の転機。
なかなか言えない、希が抱える不安…
だけどどんなことがあってもこの完璧夫の前ではオールクリアでしょ！？
大人気“ない嫁”シリーズ待望の第6弾！

☆Contents☆
惚れない花嫁ーボーナストラックー
・極甘家族計画編
・花も嵐も夫婦道編
・プレッシャーアニバーサリー編
・馴れ初めはR指定編
・最高の間取り編
・パーフェクトチョイス編 

 【編集担当からのおすすめ情報】 
 完結した“ない嫁”シリーズ、まさかの最新刊です☆
プチコミック別冊付録『プチプチコミック』で不定期連載してくださっていたアフターストーリー集をまとめました。
本編と変わらず糖度高めでお送りします！"
warui-otoko-nakamura-2024	惡い男	1	0	1	drama,mind-game,romance	過去10年余りに及び、様々な雑誌で著者が描き溜めたボーイズラブ作品をまとめた傑作短編集。収録作品：「春の画」「夏と冬のであう場所」「ぼくのすきなにいちゃん」「ヘンタイ」「ボーイズラブ」「温室の果実」「惡い男」(描き下ろし)
tezuka-osamu-no-rekishi-kyoushitsu	手塚治虫の歴史教室	1	1	1	historical	"騎馬民族征服王朝説にヒントを得た『火の鳥・黎明編』、
古代の遺跡・酒船石の謎に迫る『三つ目がとおる』、
国号「日本」が成立した背景を読み解く『火の鳥・太陽編』、
ヒットラーにユダヤ人の血が流れていたという秘密文書をもとに展開される『アドルフに告ぐ』……
古代史から近現代史まで手塚治虫の歴史観がにじみ出る漫画7本を収録。
さらに手塚治虫が挑んだ推理は現代の歴史学からはどのように見えるのか。『古事記』研究の第一人者・三浦佑之の解説で、手塚漫画の魅力をより味わえる一冊になっている。
火の鳥・黎明編より…………………………5
　解説●構想のもとになった「騎馬民族征服王朝説」。
　　　　 一世を風靡した仮説はどんな内容だったのか。　58

三つ目がとおる「酒船石奇談」……………63 
　 解説●謎の遺跡「酒船石」の使い道はいまだ解明されず。
　　　　 石造文化が花開いた時代の大がかりな施設の一部とも。93

火の鳥・太陽編より…………………………99
　　解説●国号「日本」を大海人皇子が決定した宗教的背景。
　　　　　仏教崇拝と太陽神信仰の関係はどうなったのか？　140

弁慶……………………………………………………145 
　　解説●なぜ義経でなく弁慶だったのか？
　　　　 軽いタッチの作品から垣間見える手塚治虫の歴史観。 170

後藤又兵衛………………………………………173
　　解説●戦国武将の一人でありながら、庶民に愛された豪傑。
　　　　　講談の英雄にまつりあげられた背景とは？　221

風之進がんばる………………………………………223
　解説●近藤勇から山岡鉄舟まで剣の達"
motazaru-otoko	持たざる男	1	1	1	bl,romance	"恋愛ポンコツ・和久井久嗣は恋に落ちるか？

モテるくせに恋愛に興味がないインテリアコーディネーターの和久井。
ヘアスタイリストの美しい青年・隈田から熱烈に求愛されるも、それにピンと来ないくらいの恋愛ポンコツ。
しかし青年が思いがけないトラウマを抱えていることを知り、面倒見の良さが爆発して…！？　
牧の仕事上のパートナー・和久井のこれまで明かされなかったプライベートを大公開！！"
motteta-tokoro-de-nani-ni-naru	持ってたところで何になる?	1	1	1	comedy	価値があるから集めるわけじゃない。捨てるんだったら持っときたい。謎のモノたちが増殖する日々を描いた、ビンボーな漫画家の私小説的コミックエッセイ。プロ・コレクターのとみさわ昭仁氏が解説を寄稿。持っとく写真館付き。
hibi-bentou-okawari	日日べんとうおかわり	1	1	1	gourmet,slice-of-life	黄理子が長年大切にしてきた日課は、毎朝、自分の体調にあわせて米を炊き、お弁当をつめること。いろんな日があるけど、一日一日を大切に。それは生活サイクルが変わっても、ともに暮らす人が出来ても一緒。そんな黄理子の最近の水曜日は、ある人のお弁当をつくることから始まって…。
ashita-e	明日へ	1	1	1	drama	北海道は日高地方。作家の乾一磨こと、乾亨の家では、母・翔子さんの子育ても一段落。そんな時、双子の片割れの舞が何やら話があると言って帰ってきて…!?　表題作の他、「翔子の娘」「夢見るもの、流れ行くもの」「愛しきもの 風に乗せて」を収録。北の大地から贈る、愛と感動のメッセージ!!
hoshiboshi-no-shihaisha	星々の支配者	1	1	1	sci-fi	"『無限大の日々』『人類圏』などに続く、鬼才・八木ナガハルのSF作品集第6弾!!

「惑星スカラブラエ」「地中式太陽光発電所」「非思考ゲーム」「地球文書」ほか、宇宙と世界の神秘に迫る前代未聞のSFコミック満載！！　漫画だから表現できるSFのかたちがここにある。（全8作収録）
「惑星スカラブラエ」
「第2の入り口」
「地中式太陽光発電所」
「非思考ゲーム」
「保護領域」
「雑草のごとくに」
「敗北する権利をやろう」
「地球文書」"
shouwa-aruaru-wa-reiwa-nashi-nashi	昭和あるあるは令和なしなし!?	1	1	1	essay,comedy	"昭和と令和、
変わったのはコンプライアンス意識だけじゃなかった！

日常も学んだことも、いつの間にかこんなに変化していた。

***
contents

さよなら、危険で楽しかった遊具たち
公園

短ラン・ボンタン・ロンスカはいずこ…
制服

パソコンの「保存」マーク、あれって何？
身近なマーク

そのアニメ、ブルーレイで買わなくて大丈夫？
電子化　

スポ根が過ぎると体を壊します
トレーニング

人の気持ちに寄り添えるようになりました
病名

惑星じゃなくなったの、知ってた？
冥王星

名前が変わり過ぎてて、お前はダレだ？
表記

ゴジラ立ちじゃないティラノ…
恐竜

昔ながらも、ふわとろも
料理

あのひと手間は全部ムダだった!?
調理　

「犬公方」が「インテリ名君」に昇格
歴史上の偉人　

筆記体はもう、覚えなくていいらしい…
英語教育　

震えて入った腰洗い槽
学校のプール　

***
攻めすぎの昭和、真実があやふやだった昭和、
ーーそれはそれで面白い!?
描き下ろしも満載！"
mitoubun	未等分	1	1	1	fantasy	『戦隊大失格』『五等分の花嫁』著者・春場ねぎ初の短編集！　人間関係がわかるアプリを手にしたら？　男なのに魔法少女になってしまったら？　世界を救うことに飽きてしまったら？　二次元にしか興味がない吸血鬼に攫われたら？　家庭教師の教え子が同級生の五つ子だったら？？　単行本化を待ち望む声を多数いただいていた読み切り版『五等分の花嫁』を含め、五等分以前の珠玉の名品たちを完全収録！
hiiragi-buchou-no-panst-line	柊部長のパンストライン	1	1	1	comedy,ecchi,romance	"柊部長のスベスベでテカテカでサラサラなパンストをヌルヌルにするのは僕しかいない！
社内では厳格でツンツン、プライバートではデレデレなギャップ萌えの
柊部長と部下の石井がフェチズム全開で綴るオフィスラブコメ！堂々完結！"
mizuki-shigeru-gensenshuu-i	水木しげる厳選集異	1	1	1	horror	"ずっと一緒にいたくなる。

「水木先生が描く存在は、
自分たちが生きる現実の世界に嘘くさい
デコレーションを盛り付けることなど決してしない、
自分にとってかけがえのない漫画世界の同志たちだった。」
ーーヤマザキマリ／漫画家（編者解説より）


【内容紹介】
「わたしも水木しげるになりたい」──。作者とその生み出したキャラクターたちをこよなく愛する漫画家・ヤマザキマリが、広大無比な作品群からマイ・フェイバリットを厳選。代表作「河童の三平」「のんのんばあ」掌中の逸品から『ガロ』以降の諧謔と飄逸に富んだ傑作短編まで、選者ならではの視点で選び抜かれた、異境に遊ぶ奇譚集。水木ワールドとの出会いと愛を語る選者解説を付す。
一番病
コケカキイキイ
きつねの座布団の巻
屁道
猫の町
アマゾン大明神
イボ神さま
ぬっぺふほふ
霊形手術
終電車の女

編者解説　ヤマザキマリ"
mangetsu-ni-koi-o-shite	満月に恋をして	1	1	1	mystery,romance	"満月の夜に起こる連続殺人事件。
蒼井奈留はその最初の被害者であり、
今も意識不明の親友のために一人で犯人捜しを始める。
手がかりは偶然事件現場で見かけた妖しい男の姿。
遂にその人物は謎多き有名なファンタジー小説家・天根だと突き止めるが、
風変りな天根に翻弄されつつ、
犯人かもしれない彼に惹かれていくのを止められなくて──…。


【収録作品】
満月に恋をして
麗しのエスメラルダ♡エトランゼ"
manga-shiawase-nara-te-o-tatakou-tanjou-monogatari	漫画幸せなら手をたたこう誕生物語	1	1	1	drama	手をたたく。音を出す。それは誰かの耳に届くー。戦争体験や異国の地での苦悶の日々の先に見つけたひと筋の光。戦争ではなく、平和への誓いを込めた歌が生まれた。
nekomachi-kippu	猫町切符	1	1	1	supernatural	"ある日突然、地球に襲来した宇宙人。天狗、猫又、化け狸、異国の神や悪魔まで、異界から来た妖異に鬼太郎が挑む！

〈収録作品〉UFO宇宙突撃隊／タイムマシン／ロケットハウス／竹やぶの小人／火星人現わる／エンバン実験／不思議な家／猫町切符／宇宙人落下／ムーン大王／狸ばやし／メキシコの石／かくれ蓑／終末株式会社／海坊主／奪衣婆／透明人間／悪魔博士／二人狸／わんたん妖怪／影くい猫／死人列車／つきもの

巻頭カラー口絵を掲載。"
isekai-matchingu-guild-shi-awase-na-isekai-tensei-goteian-shimasu	異世界マッチングギルド	1	1	1	drama,fantasy,isekai	"【異世界でチート…しないことだってある!!!?ブラックヒューマン異世界ドラマ!!!】

あなたは、
こんな噂を
ご存じだろうかーー…？

「深夜0時0分ちょうどに死ぬと
　誰でも異世界転生できる」

この噂は、
事実であるーー。

…異世界転生すれば、
チート能力で無双できる…！！
でも、それって本当…？？

実力派コンビが描き切る、
人間の「欲望」と「愚かさ」を抉った全8話のオムニバス!!! 
”ブラックヒューマン異世界ドラマ”!!!!"
isekai-doujin-katsudouki	異世界同人活動記	1	1	1	ecchi,fantasy	"エロ同人漫画を描き上げた瞬間、無理がたたったのかあの世へと召された主人公。
だが、気がつくとそこは「あの世」ではなく、やりこんでいたRPGゲームの中の世界で、
美女ふたりが切り盛りする「魔法薬学館」のお手伝いキャラとして転生していた!?
現状は把握したものの、よくある特別なスキルは何もない…。
だが、もしやと思って試してみると、現世で磨いた「絵を描く能力」は持ってきていた！
描いたエロイラストを、こっちの世界の人は芸術作品扱いしてくれて…？
【第1話】
【第2話】
【第3話】
【第4話】
【第5話】
【第6話】
【第7話】"
byoutou-fuufu	病棟夫婦	1	1	1	drama	"同じ病気、同じ病棟。共に入院生活を送る富永夫婦。
いつだって隣にはあなたがいた。健やかな時も病める時もーー。
 
生きる事と死ぬ事、家族とは、夫婦とは。
長い長い闘病の果てに見える景色と感動。
平凡な夫婦の平凡な旅路が、読む人の心を激しく抉る。
 
原作・エッセイで数々の話題作を送り続ける宮川サトシが
満を持して放つ渾身のヒューマンドラマが遂に登場。"
hitsuji-ga-kin-no-hoshi-o-tobu	羊が金の星をとぶ	1	1	1	drama	"女ふたり、生きづらさも、愛しさも。 

 『その女、ジルバ』の有間しのぶ最新作!!

幼馴染の“しえる“と“トッキー”。
育った環境も性格も違うけど、親友だった。

数年後OLとポールダンサーになって再会し
いっしょに暮らし始める。

女の子ふたり、
強く優しい花道を進む。

Girl meets Girl !!
読切連作短編集。

「その女、ジルバ」の番外編〈バクレンのお真(ま)知(ち)、仁義の美脚〉も収録！ 

 【編集担当からのおすすめ情報】 
 今を生きる女の子たちへーー

不器用でも、一生懸命に生きることに
大切なものが宿っていくーー
優しさ溢れる、心に寄り添う物語です。
第1話 羊が金の星をとぶ………… 003
第2話 仔羊ソワレ………… 033
第3話 銀河コロッケ………… 057
第4話 Noberry Forest………… 081
第5話 ここは彼方のはじまり………… 105
第6話 Love&Peace Piece………… 137 
第7話 ふふふDiary…………163
「その女、ジルバ」番外編 〈バクレンのお真(ま)知(ち)、仁義の美脚〉………… 177"
tora-to-edelweiss	虎とエーデルワイス	1	1	1	gourmet	"優しい二人のハートフルグルメコメディー 

 安藤歩はいつも締め切りに追われる漫画家。
そんな彼を支えるのは、同居人の後藤涼平。
料理の得意な彼は、安藤の為に料理を振る舞う。
仕事柄不規則な終了時間でも、温かい物がたべられるようにと、炊飯器でポトフを作ったり…漫画家の彼に合わせ献立を考える。 
漫画という面白い仕事に肉薄し、それを支える温かいご飯を描く。
優しい二人が紡ぐ、ハートフルグルメコメディー！ 

 【編集担当からのおすすめ情報】 
 おいしそうなご飯の描写はもちろん。料理を通して描かれる、2人の絆に注目です！"
semi-houshi	蝉法師	1	1	1	drama	"地上に出れば消えると知ってのこの命、咲かせるために唱えよう！

稀代の人外絵師が、蝉の一生を独自の解釈で漫画にする。
個人誌として発行し、即完売となった表題作に、尼蝉法師（雌）視点の物語と、ほかの昆虫類との交流を描く短編描き下ろしを加え書籍化。

声優・三木眞一郎氏も激賞！"
nigeru-ee	逃げるA	1	1	1	drama	"「いつだって、彼は無責任」

29歳の編集者・あやかは、マッチングアプリで知り合った男性と割りった関係を楽しんでいる。ある日出会った会社役員の安藤は、その中でもとびきり良い”物件”だと思ったけれど、実は既婚者だった。だけど、あやかとの関係を持つ時に、安藤は避妊すらしようとせず……。　　　　　　　　　　　　　　　　　　　　　　

「読後、胸がすく！！！！」文春オンライン掲載時に大反響を呼んだ、アプリ不倫から始まる、ある男性の転落の物語"
kane-no-chikara	金の力	1	0	1	comedy,drama	"平凡な人生を変える、まさかの出来事！！ 

 もし大富豪と知り合いになったら…
もし憧れていたアイドルと出会えたら…
もし音信不通だった旧友が現れたら…
中年男の人生に訪れる、もし、まさかを
高橋留美子が描いた極上のエンターテイメント!!

 

 【編集担当からのおすすめ情報】 
 ビッグオリジナル誌上で一年に一作ずつ発表された高橋留美子劇場を単行本化。表題作『金の力』の他、『ふたりの家』 『きみはNo．1』 『嫌なランナー』 『昔の女』 『Sに捧ぐ』 を収録。"
kintsugi-oji-san	金継ぎおじさん	1	1	1	slice-of-life	"〈＆Premium〉大人気web連載、私と誰かと器のプライベート・ストーリー。

割れや欠け、ヒビなど、陶磁器の破損部分を漆によって接着し、
金などの金属粉で仕上げる日本の伝統的な修理技法「金継ぎ」。
金継ぎ師の繕井継男（つくろいつぎお）は娘のほつれと二人暮らし。
その腕は一級品と噂されるけど、仕事へのこだわりはヒトクセあるみたい。
そんな金継ぎおじさんのもとに、今日も器を持った誰かがやって来ます。

割れた皿、戻らない時間、悲しい顔。

「お直し、やりますよ。」

「金継ぎ部」を主催する漫画家・堀道広が描く、
生活を繕い直して愛着を深めていく人々の姿。
笑えてほっこり。人と器・記憶と想いを繋ぐ、おおらか金継ぎ漫画。

・・・・・・・・・・・・・・・・・・・・・・

【金継ぎおじさんのスタイル】
1.直したいものしか直さない。
2.伝統的な技法でしか直さない（それ以外知らないので）。
3.納期のある仕事は引き受けない（守れないので）。
4.器の接着がズレても諦める。
5.器の声、人の声を聞き、器にあった修理をする。
6.金継ぎに特別な価値をつけない。あくまで単なる修理法のひとつ。

【収録エピソード一覧】
プロローグ
第1話　金継ぎおじさん、登場
第2話　接着
第3話　金継ぎおじさん、ととのう
第4話　呼び継ぎ
第5話　床ユカの兄の話
第6話　器の声
第7話　急須の金継ぎ
第8話　炭研ぎ
第9話　難しい例え
第10話　漉す
第11話　型
第12話　芙蓉手の皿
第13話　含浸(前編)
第14話　含浸(後編)
エピローグ"
toubyougo-nikki	闘病後日記	1	1	1	drama	"「生き残ってしまった。」
余命120日から奇跡の生還を果たした青年にとって、本当に大変なのはここからだった。結婚を考えた彼女とは闘病中に心が離れ、テレビマンには壮絶な闘病経験だけでは「弱い」と言われ、漫画家を目指し掴んだ連載は打ち切りとなり…。それでも、面倒な道を選び続けた著者による全然順調ではないものの、一歩ずつ前へと進む共感のノンフィクション。"
rikugun-chuujou-higuchi-kiichirou-no-ketsudan	陸軍中将樋口季一郎の決断	1	1	1	war	“マンガ”北海道をロシアから守りユダヤ難民を救った男！樋口中将が指揮した奇跡のキスカ島救出作戦は米の公式戦史に「パーフェクト・ゲーム」とされた。「人道の将」こんな凄い日本人がいた！！
seiran-ryou-no-kondate	青嵐寮の献立	1	1	1	gourmet,romance	"剛谷大学の男子学生寮に入寮した内気な1年の大迫は個性的で強引な先輩たちの
豪快料理に惹かれ、先輩たちが所属している考古学研究会に入部することに…。
そこにいたエイコ部長に淡い恋心を抱き…グルメ×考古学×青春ストーリー！"
mairimashita-iruma-kun-gaiden-karuegohen	魔入りました!入間くん外伝-カルエゴ編-	1	1	1	fantasy	"入間たち問題児クラスの担任ナベリウス・カルエゴ。彼もかつては悪魔学校バビルスの生徒だった!!

オペラ、バラムたちと織りなす過去のバビルスで起きていたもう一つの物語！

単行本累計1400万部超えの大人気、悪魔学校ファンタジー「魔入りました！入間くん」

その作者・西修自身が描く、珠玉のサイドストーリーがここに。正統スピンオフ。待望の第1巻が登場!!"
karasu-wa-hibari-ni-amakute-amai	鴉は雲雀に甘くてあまい	1	0	1	bl,drama,romance	"時は大照時代ーーー。
明路の御代に男の女の他に「第二の性」と呼ばれる「Dom」と「Sub」の存在が明らかになる。支配する「Dom」、支配を望む「Sub」。その異端な性質から人々に忌み嫌われる存在となっていた…。

「Sub」の雲雀は亡き母との約束を守り、心を殺して生きてきた。
ところが、鴉という強面の「Dom」と出逢ったことで、命令される喜びを知る。鴉の冷たい言動とは裏腹な甘い支配にとろけていく雲雀。
『彼にもっと命令されたい…』
初めて感じた欲望に戸惑いながらも、鴉に惹かれる気持ちを止められなくてーーー？"
40-made-ni-shitai-10-no-koto	40までにしたい10のこと	1	0	1	bl,romance,slice-of-life	"10年以上ぶりに恋人ができた十条雀（40歳）。
しかも相手は10歳年下のイケメン部下・田中慶司。
雀の目下の課題は「公私の切り分け」。

気を抜くと浮き足立ってしまう雀と慶司が決めたルールは4つ。
1会社では今まで通りの距離を保つ
2仕事中は「雀さん」て呼ばない
3慶司ばかり見ない
4一週間守れたらご褒美
ルール順守を頑張る雀だったがーー!?

【部下×上司】誠実に向き合って育む大人の恋"
50-sai-kara-no-kimama-ni-yurayura-hitori-tabi	50歳からの気ままにゆらゆらひとり旅	1	1	1	essay,slice-of-life	"「ゆらぎ期」ともいわれる更年期真っ只中の漫画家フカザワナオコ氏が、久しぶりにひとり旅を再開。
無理も我慢もせず、ハプニングも楽しみながらやりたいことを叶え、「大人のひとり旅」ってすごくいい！と思える旅の実体験を描いたコミックエッセイ。読んだらきっと旅に出たくなる、アラフィフのための1冊です。

＜主な内容＞
【Chapter1】絶景に感動！かわいいフクロウと自然に触れる三島の旅
【Chapter2】城下町に古い町並、食べ歩きを楽しむ飛騨高山の旅
【Chapter3】定番人気スポットの魅力と海鮮グルメを堪能！金沢の旅
【Chapter4】パンダに会って、アートに触れて、ヌン活して…プチ贅沢な東京の旅
【Chapter5】かわいい鳥たちに香水作り体験、好きなものを叶えた掛川・浜松の旅
【Chapter6】寺社めぐり、宿坊に宿泊、心整う何度でも行きたい京都の旅
【Chapter7】観光列車で砂むし温泉、フェリーで桜島へ！初めての鹿児島の旅

○50歳からのひとり旅に役立つコラムも！
・プランニングのコツ
・持ち物のキホン
・旅をより楽しむアイテム
・旅行の思い出〜体が求めるソウルフード〜"
8-ban-deguchi	8番出口	1	0	1	horror	"引き返せ引き返せ引き返せ弓Iき返せ 

 【ご案内】
ゲーム・8番出口公式コミカライズ

異変を見逃さないこと

異変を見つけたら、すぐに引き返すこと

異変が見つからなかったら、引き返さないこと

8番出口から外に出ること 

 【編集担当からのおすすめ情報】 
 公式コミカライズがついに登場！

様々な事情を抱えたキャラクターが、「8番出口」に迷い込みます。
それぞれのキャラクターは、脱出できるのか？はたまた…
是非ご一読ください！

映画「8番出口」は、8月29日公開です！"
ddnangels	DDNAngels	1	0	1	drama,fantasy	"怪盗ダークがクラッドと共に「黒翼」に戻り十数年。いつしか、その絵画の中から二人の姿は消え、しかし「丹羽」の中にもダークは目覚めないままでいた。
「伝説の怪盗ダーク」に憧れを抱く丹羽大夜（ダイヤ）は、双子の日渡兄弟と共に、「生きている美術品」を探し求める毎日。
一方、大夜の世界と対をなす「並行世界」では、丹羽家最後の生き残りである丹羽ダイアが、命をかけて化け物と化した美術品の回収を行っていた。
ふたつの世界に2人の丹羽。そしてちらつく「白い羽根の魔物」。ダークの目覚めは叶うのかーーー！？"
duck-tail	DUCK TAIL	1	1	1	drama	"吉田聡が贈る大人のロックンロール短編集！ 

 「湘南爆走族」「ちょっとヨロシク！」「荒くれKNIGHT」そして初代湘爆を綴る現在連載中の「湘南爆走族ファーストフラッグ」などなど、青春漫画の旗手として多くのヒット連載作を生み続ける吉田聡。
だが彼は同時にショートストーリーの名手でもある。そこで、これまで描いてきた数多の作品の中から、魂がヒリヒリと騒ぐ珠玉の短編をここに厳選！
""隠れた傑作""と呼び声の高い、二人の男たちが疾走する一夜の旅路を描いた初表題作「DUCK TAIL」。
スーパーの社員が転勤先の地で伝説のライダーと出会い、ひと夏の冒険へと踏み出す「BLACK NIGHT HAWK」。
順調に歩んできたサラリーマンが謎の少年の夢に苛まれる「手紙」。
そして、妻を亡くした夫が父の背中を子に見せるため戦う初収録「パパは、なんでも知っている。」の計4編を収録！
すべての作品の根底に流れるのは…そう、大人が唄うロックンロールだ！ 

 【編集担当からのおすすめ情報】 
 「湘南爆走族 特装版」発売から早二年！
今度は、ファンの要望が高かった「短編集」を、単行本未収録作品を含め厳選してお届けします。
大人になるとわかる“哀愁と疾走感”…そんな読後感の余韻がたまらない4作品！
吉田聡の神髄を味わっていただけたら、と思います。"
jii-ga-no-shima	G餓の島	1	1	1	drama	"1943年、太平洋南方ガダルカナル島。
かつて乗艦する度にその船が沈み、
廃軍人と言われた菱垣少尉は、
この島で極秘任務を命じられる。

それは日本兵撤退作戦において不都合な
同胞・三蔵の暗殺という過酷なものだった。

だが真に過酷なのは、この死島の現実と
標的・三蔵との邂逅と壮絶な旅路……!!

圧巻の描写で迫る壮絶戦争譚、ここに開幕‼"
link-like-love-live	Link!Like!ラブライブ!@COMIC	1	1	1	music,slice-of-life	"リンクラ103期を描いたショートストーリーのコミカライズ！
LoveLive!Daysの誌面で連載していたコミックの単行本化。Link！Like！ラブライブ！FIRST FAN BOOKでの書き下ろしショートストーリーを、たかみ裕紀氏がコミカライズする。"
atchikotchi-netchi	あっちこっちネッチ!	1	0	1	comedy,slice-of-life	とても大きくて長い体（当社比）をし、壁を引っ掻いたり物を落としたりせず、嫌なことをされても怒らずにやんわりと腕を伸ばして拒否の気持ちを表現し、一人ぼっちになるとかまってほしくて見つめてくる愛らしさを持ち、飼い主が悲しい時には側に寄り添ってくれる…。「いいやつ」という言葉を辞書で引いたら例として掲載されているネッチとの日々を、多くのねこマンガを描いてきたぱんだにあさんが描きます。ねこ好きの心に刺さる描き方で人気を博しているぱんだにあさんだからこそ、ねこ好きのあなたならハートを掴まれること間違いなしのコミックエッセイ！
amebaamu-hodo-suki-ni-naru-kagibari-ami-hajimemashita	あめばあむほど好きになるかぎ針編みはじめました	1	1	1	essay,slice-of-life	"編み図が読めなくても、不器用さんでも大丈夫！一緒に編み物はじめてみませんか？

編み物初心者の著者と一緒に、自由で奥深い編み物沼の世界を楽しめる、
毛糸みたいにカラフルな編み物入門コミックエッセイです♪
全160ページフルカラーで“編みたいものを編む楽しさ”をつめこみました。
「まずはこれさえ知ればOK」な、かぎ針編み基本の編み方情報も大充実！

世界にひとつだけのかわいいを作ろう！


ーーーーーーーーーー
もくじ

プロローグ　やわらかな時間
STEP1
第1話　編み物デビュー!?
第2話　編み物道具を手に入れよう
しおりのあみものノート　かぎ針編みの針と糸
第3話　はじめての作品はコースター
第4話　担当さんと編み会

STEP2
第5話　いざ！毛糸店へ！ 前編
しおりのあみものノート　毛糸屋さんってこんなところ
第6話　いざ！毛糸店へ！ 後編
しおりのあみものノート　かぎ針編みの基本の編み方
第7話　ネコと毛糸をめぐる闘い
しおり新聞「もふもふ毛糸に忍びよる2つの影…!!」
4コマまんが「ネコと毛糸」
編み物道具収納
第8話　グラニースクエアに挑戦！

STEP3
第9話　星のしおり作り
しおりのあみものノート　みんなに聞いた肩こり解消法
第10話　カフェで円編み習得！
しおりのあみものノート　編み会レポート
第11話　季節はずれのマフラー
第12話　夜の編み物時間
しおりのあみものノート　編み物時間のお茶＆お茶菓子
第13話　お花たっぷり春の庭バッグを作ったお話
自由手芸家Bonamiさんのアトリエ訪問記
第14話　季節を感じる編み物
しおりのあみものノート　編み物ス"
aruruku-jieikee-machiaruki	あるるくJKまちある記	1	1	1	comedy,slice-of-life	"街にはまだまだ私たちの知らない魅力がいっぱいある!!
高校進学を機に東京に引っ越してきた正丸ほのかは、近所の公園で一人の少女とすれ違う。落とし物をした少女の後を追いかけていく道すがら、ほのかはとっておきの景色に心奪われる。これが大泉歩と街中ウォーキングとの出会いだった。学校の登下校を舞台にした女子高生による街中ウォーキングコメディー、ここに開幕!!"
itsumo-inu-ga-ita	いつも犬が居た	1	1	1	slice-of-life	"ーーそこに君が居るだけで私は救われるーー
レトリバー、ポメラニアン、コーギー、3匹の犬たちが見守る3つの家族の物語。

事実婚のパートナーにはヒミツがあった…。
「いつも犬が居た　夫のヒミツ」
（2024年6月〜2024年11月「ダ・ヴィンチWeb」連載）

女の心に“今さら”はない。82歳で初恋？
「いつも犬が居た　女三代恋物語」
（2024年6月〜2024年11月「毎日が発見」ネット連載）

人間68歳、犬11歳。サイモンさんと愛犬リンコの普通でかけがえのない日々。
「いつも犬が居た　老漫画家と老犬の毎日」
（「毎日が発見」連載中）

犬でつながった人気連載3作品を一冊にまとめました。
それぞれ加筆修正を加え、単行本描き下ろし「老漫画家×2と老犬の毎日　番外編」も収録。
パートナーを失った、働き盛りの女性の再生物語。
子どもを育て、孫を愛し、そこから始まる大人の恋の物語。
そして柴門ふみ自身が愛犬との日々をリアルにユーモラスに綴るエッセイコミックです。

ーー作者「あとがき」よりーー
「『こんなに毎日犬のことを考えているのだから、いつか犬の漫画を描きたいものだ』と漠然と考えていた、そのことがこの一冊で実現できました」
「いつも犬が居た　夫のヒミツ」

「いつも犬が居た　女三代恋物語」

「いつも犬が居た　老漫画家と老犬の毎日」"
itonami-itonameta	いとなみいとなめた!	1	1	1	romance	累計100万部突破!! 清く澄んだ新婚夫婦の純情極まる結婚生活「いとなみいとなめず」のその後が読める!!真面目な26歳の不動産営業マン・清と、弁当屋で働く儚げな少女・澄。二人は新婚。何もシた事がなかった二人が結婚して、1年。ついにいとなみ、いとなめちゃった後の物語。二人のラブラブな日々、いとなみ事情は？ゆーもと充の結末は！？そして清と澄に新たな展開がーー！？
uchi-tama-uchi-no-tama-shirimasenka	うちタマ?!うちのタマ知りませんか?	1	0	1	comedy,slice-of-life	テレビアニメ『うちタマ？！〜うちのタマ知りませんか？〜』は『タマ＆フレンズ　うちのタマ知りませんか？』から生まれた擬人化プロジェクトのアニメ作品。本書はアニメ版の公式スピンオフコミック。すぐに迷子になるネコのタマと3丁目の仲間たちが繰り広げる小さな大冒険。可愛くてほっこりして時々きゅんとなる『うちタマ？！』ワールドをご覧あれ。
enma-2025	えんま	1	1	1	drama	"託された総額50億円分の借用書。
本宮ひろ志が次に描くは“借金取り”！ 主人公・大島健に託された総額50億円分の借用書。これらを全てものにするには、自ら動きまわって回収するしかない！ 債務者はヤクザから社長、首相まで。立場に屈さぬ優しき漢の大立ち回りが今始まる──。"
ohayou-sante	おはよう、サンテ	1	1	1	drama	"二〇二四年一月二十五日。
うちの犬が死にました。
うちの犬の話を聞いてください。

深く心に傷を負った小学6年生のロンズは、母の「犬、飼おうか」という一言がきっかけでトイプードルのサンテと出会う。
家族になってともに大きくなって、言葉は通じないはずなのに心は通い合って、だけど犬は先に老いてゆくーー
介護、看取りはしんどかったはずなのに、それでも楽しかった記憶しかない。最後まで愛おしかった、サンテと過ごした十余年の記録。

カクヨムWeb小説短編賞2023（エッセイ・ノンフィクション部門）短編特別賞受賞作、感動のコミカライズ！"
omi-kunchi-wa-ne	おみくんちはね	1	1	1	comedy,slice-of-life	"おみくんの家はね、モテモテ幼稚園児のおみくん、パワフル大食いな妹のスズ、主夫のパパ、海外で働くママの4人家族。ちょっと楽しくて大変なそんな家族の話。
2014〜2017年のまんがタイム増刊号むんこコレクションに掲載されたエピソードも全て詰め込んだファン必見の1冊！"
omoshirogariya-de-ikimashou	おもしろがり屋でいきましょう	1	1	1	comedy,slice-of-life	"「不要不急の毎日を、おもしろがって生きてます」

漫画家・凸ノ高秀のありそうでなさそうな日常体験! 

SNSで大きな話題となったAmazon Kindle版『日々よ!!』に
描きおろしを大幅追加してついに単行本化! 

なんでもない。だからこそ愛しいーー。
そんな日々を記録した、
著者のビジュアル以外ほぼノンフィクションの
エッセイマンガです!"
omae-no-hyoujou-o-tashikametai	お前の表情を確かめたい	1	1	1	comedy,romance,supernatural	"『ナナとカオル』『せふれ』『じょふう』の甘詰留太最新!!

「透明人間の童貞もらってやるよ」
透明人間の尾根透と出会った、サークルクラッシャーとして知られる美澄円香。エッチなことが大好きな美澄は、“ミエない”関係に超興奮！ 恋愛感情なんて一切ナシの同棲生活を始めた二人は、だんだん互いの中身に惹かれあい…!?

セフレ以上親友未満の二人がおくる、ミエない感情を探るエロコメディ!!"
kaitou-joker-2025	かいとうジョーカー	1	1	1	adventure,mystery	"どんなお宝も、かならず盗む大怪盗！ 

 月刊コロコロコミックで約10年連載し、アニメにもなった名作
「怪盗ジョーカー」シリーズがよみもノベルに登場！

神出鬼没、世界中をまたにかける怪盗、ジョーカー。
攻略困難な宝も、思いもよらぬ手で盗み出すことから、
「ミラクルメイカー」の異名を持っています。

今回盗むお宝は、「でんせつの おうごんの くすり」と呼ばれるもの。

お宝はどこにあるのか？
どうやって盗み出すのか？

謎解きいっぱい、仕掛けいっぱいの大ボリュームよみものです！

はじめて読むお子様でも大丈夫！

ぜひ一度お手にとってみてください！ 

 【編集担当からのおすすめ情報】 
 ジョーカーとハチ、ふたりの出会いを描いてます。
ここでしか見ることができない描き下ろしのエピソードになります。

迷路や謎解きなど、本の仕掛けももりだくさん！"
koushite-otona-ni-natte-ikundane	こうして、大人になっていくんだね	1	1	1	slice-of-life	等身大の親子の日常を描いたコミックエッセイ。息子・ちーと君は思春期に突入。「ひとりで寝る」宣言から徐々に親離れしていく息子に戸惑ったり、頼もしくなっていくことを喜んだり。突然難しい言葉で親に反撃するちーと君や、「過保護」になってしまうハハとパパの姿に、ほっこり笑えます。大人気連載の単行本化。
kono-inu-tokitara-mago-no-koto-shika-kangaete-inai	この犬ときたら孫のことしか考えていない	1	1	1	fantasy	"勇者により、魔王エデンは倒され世界は平和を手にした！
だが、死した魔王は奇跡により二度目の生を手にする、今度は犬として…！？ 
もふもふの魔王は、実の孫娘・エムと幸せに暮らしたいと願うが…。
エムは世界の全てから狙われる運命でーー。

これは最強の魔王が、
ただ、孫の幸せを願う物語。"
koyubi-sensei-no-reiteki-chousen	こゆび先生の霊的挑戦	1	1	1	horror	見た目はとってもキュートな女の子。でもじつはすごい能力を持った霊能者・こゆび先生。そんな先生のところには常に不思議な事件が持ち込まれる。先生の解決方法はとっても斬新。その方法は……？
konna-ni-etchi-de-gomennasai	こんなにえっちでごめんなさい。	1	0	1	bl,romance	"真面目であることがコンプレックスな保育士・陽汰には、誰にも言えない秘密が…
それは大好きなAV男優・KAIのゲイビを見ながら妄想えっちをすること♥　
今は引退しているKAIをずっと推し続けていた陽汰の隣室に、なんとあのKAIこと海江田蓮が引っ越してきた!? 

そんなある日、うっかり自分がKAIの大ファンであるとバレ、なぜか妄想えっちの再現をしてくれて!?　
推し直々のえっちなプレイに翻弄されっぱなしの陽汰は♥"
gokigen-na-40-sai-ni-naritai	ごきげんな40歳になりたい	1	1	1	slice-of-life	いちばん心地いい、わたしを探してーー。　40歳を前に、関西へUターンしたおづさん。かわいい赤のケトルを買ったり、40歳のお金の見直しをしたり、念願の猫を飼い始めたり、新しい暮らしづくりに勤しんでいます。「40歳の身だしなみ」ということで、黒縁メガネやキャップ、ひとてま“だけ”美容からインナーカラーにまで挑戦して、四十路の装いを楽しむ日々。40歳を記念して、沖縄ひとり旅にも出発！　時には「あきらめる練習」や「人を誘う勇気を出す」「自分と違う人と過ごしてみる」など、自分の生き方を見つめ直すことも。楽しくて前向きな変化に満ちた、日々の実感をつづるコミックエッセイです。80ページ以上を描きおろし！
sarabure	さらぶれ	1	1	1	sports	"小さな頃から馬が大好きなさくらは、
サラブレッドを育成する
生産馬学科が新設された成田農業高校へ入学。
馬への知見が深いさつき、
祖父が馬主の紫苑、
熊本の牧場出身の美也子と共に、
自然豊かな地で青春を駆け抜けていくーー。"
soredemo-kazoku-o-tsuzukemasuka	それでも家族を続けますか?	1	1	1	drama	"奥手でマジメ。友達からの評判もよく、将来の考え方もぴったり合うーーそんな「理想の夫」が大嘘つきだった。

出産前に会社を立ち上げた夫は「会社が軌道に乗るまで」と残業続き。おまけに経営が苦しいと生活費も入れてくれない。ねむは夫の言葉を信じて、貯金を切り崩しながら、世界で30人以下しかいない希少性疾患を持つ我が子をワンオペで育児してきたが、夫の鞄からは精力剤と避妊具が出てきて……。問い詰めていくと、夫の性依存症が発覚。夫が関係した人数は520人だった。残業も生活費もすべて嘘。家族をだましてきた夫といますぐ離婚したいけれど、頼れるのは夫しかいない。怒りと悲しみに苦しみ抜いたねむに、「それでも家族を続けるか」という問いがぶつけられる。"
tatakai-no-kiroku	たたかいのきろく	1	1	1	drama,historical	『団地ともお』が代表作の小田扉の最新作！小田扉史上最もヘビーなテーマに挑む！！それは「たたかい」。子供のケンカ、大人同士の変な争い、企業戦争、宇宙戦争、さまざまな角度から人々の「たたかい」を描く。シュールとゆるさと不思議な味わい。小田扉の真骨頂！
chibi-godzilla-no-gyakushuu	ちびゴジラの逆襲	1	1	1	comedy	"あの大怪獣の息子が、クセ強めに大暴れ！ 

 主人公は、あの世界的大怪獣・ゴジラ！…の息子・ちびゴジラ！豪華声優大集結のテレビアニメでもおなじみ、超シュールなショートギャグアニメを、衝撃のコミカライズ！アニメと合わせて読めば、面白さ倍増！舞台となる怪獣島で、ちびゴジラ＆クセ強すぎの仲間たちとくり広げられる、超ド級脱力ギャグ!!アナタもこのクセがクセになる…！"
tsuriman	つりまん	1	1	1	slice-of-life	"コロナ禍が終結した近未来の日本。大の釣り好きの
中年コンビは、日本全国の渓流を探し訪ねるが
そこで出会うのは普通に言葉を話す不思議な動物たちで…？
世知辛い世、いろいろあるけど、釣りがあれば何とかなるさ。
名匠・いましろたかし待望の最新作！"
denjarasu-jii-san	でんぢゃらすじーさん	1	1	1	comedy	"大人気でんぢゃらすじーさんが読み物に！ 

 よみものの楽しさ！小説（ノベル）の奥深さ！マンガの面白さ！
全てを合わせ持つコロコロコミック生まれの新よみものシリーズ
「コロコロよみもノベル」第2弾！

20年以上コロコロコミックギャグまんがNo．1を突っ走り続ける、「でんぢゃらすじーさん」が児童読み物に！

とんでもないじーさんがどんなピンチも解決！？

全ページに挿絵がついてわかりやすい！
漢字には全てふりがな、カタカナにもふりがながついて読みやすい！
絶対笑って楽しめる最強ギャグ読み物をひとりで読む初めての1冊に！ 

 【編集担当からのおすすめ情報】 
 ひとりで読める！気軽に読める！
学校でも読める！読者が苦手でも楽しく読める！
コロコロよみもノベル「でんぢゃらすじーさん」はそんな1冊、オススメです！"
totteoki-chinpui	とっておきチンプイ	1	1	1	comedy	"かわいいは宇宙！ 

 まんが『チンプイ』、
”とっておき”の作品を集めた大人気の傑作選コミックスシリーズ！
B6判サイズで、通常のコミックスよりも大きく、
作品を味わうことが出来ます。

不朽の名作『チンプイ』の”かわいい”名シーンや名エピソードが
詰まっています！キュンとする感覚を味わいたいあなたに！
『チンプイ』の入門編としてもぴったりの1冊です。

この特別版にだけ付く特典は、
『まんまるおひるね♪アクリルオーロラキーホルダー』
夢のようにかわいく虹色に輝くキーホルダーです。

山本美月さん（俳優）
による、特別解説も掲載！

同時発売の
『とっておきドラえもん コロコロテカテカかわいい編』も
一緒に楽しんでいただけると、「かわいさ」倍増します！ 

 【編集担当からのおすすめ情報】 
 『チンプイ』ファンはもちろん、
まだ『チンプイ』を読んだことがないあなたへ！
藤子・F・不二雄先生作品の中でも
『ドラえもん』とは異なる魅力やテーマをもった本作、
これを機にぜひお楽しみいただけたらと思います！
エリさま、おめでとう/おもちゃもラーメンを食べる/願いごとかなえ券/妃殿下の編み物/どうにもこうにも……/パーピー・ハウス/エリさま初レコーティング/天体観測で見つけたものは/エリちゃんのおしゃぶり名探偵/おし売りおことわり!!/ボク、バブバブ…/遠い思い出"
doushitemo-aiirenai	どうしても相容れない	1	0	1	bl,romance	"喧嘩するほどナカがいい

煽りスキル100の陽キャイケメン×煽り耐性0のクール美人
犬猿の仲で今日から同居始めます。

大学で映画サークルに所属する久須美と佐居は性格もノリも、
映画の趣味もとにかく全てが正反対で気が合わない
ある時、久須美がボヤ騒ぎで家を失い困っていると何故か天敵であるはずの佐居から

「うちに住ませてやろうか？」と提案が。
借りを作るのは癪だったが、こうなったらとことん迷惑をかけてやろうと奇妙な同居生活が始まった。
しかし、意外にも佐居とは家事の相性がぴったりなだけではなくなんと身体の相性までぴったりでーー！？"
doko-miteru-ka-barebare-dayo	どこ見てるかバレバレだよ?	1	1	1	ecchi,romance	恥ずかしい顔でおっぱい見せてもらいたい。男の子の夢をここに叶えます！　大学の先輩お姉さんが優しく見せてくれる大きなおっぱい。眼鏡が似合う真面目な後輩の、想像よりもやわらかいおっぱい。高校の同僚先生が、生徒たちに内緒にしながら教室で触らせてくれる、大人のおっぱい。女の子たちのかわいさとやわらかさに、思わずキュンとしてドキドキしてしまう、赤面おっぱい作品集。
hikidashi-ni-anpan	ひきだしにアンパン	1	1	1	gourmet	"羽二重団子に鰺の塩焼き、しっぽくうどん…
明治の文豪・夏目漱石の娘・栄子の視点で語られる、漱石の食生活と人となりを当時の世相と共に描いた魚乃目三太入魂の作品。"
hiyokko-sharoushi-no-hinako	ひよっこ社労士のヒナコ	1	1	1	mystery	"「お仕事トラブル、解決します！」
社労士＝社会保険労務士とは、労務管理や社会保険に関するスペシャリストのこと。派遣社員から転職した新米社労士の朝倉雛子（あさくら・ひなこ）が、「不当解雇」「給料未払い」「ブラック企業」「マタハラ」「派遣切り」など、労務問題を巡るさまざまな〈事件〉に挑みます。

クライアントから報酬を受け取る立場でありながら、労働者の気持ちも実感できるヒナコ。板ばさみの状態に悩みつつも、労務をめぐる諸問題に対して、法令に沿った解決法を見出します。水生大海の人気労務ミステリーを、気鋭の漫画家・河野別荘地が新感覚コミカライズしました。

いま話題の「年収の壁」をはじめ、「失業給付」「育児休業」「年末調整」など、働く人なら誰しもが直面する諸制度の裏表が分かりやすく絵解きされます。「労務あるある」満載のお仕事マンガ、颯爽スタート！"
fuufu-yokikana	ふうふよきかな	1	1	1	ecchi	欲しくてならない子を得るためか、ただ快楽のためか。妻の啼泣は午前を過ぎてなお止むことはない…。佐野タカシが贈る様々な夫婦のかたち…エロティック・オムニバスシリーズ♡
puchi-hontou-ni-atta-yukai-na-hanashi-maji-de-shiritakunakatta-esupii	ぷち本当にあった愉快な話 マジで知りたくなかったSP	1	1	1	drama	"知って得することだらけ！！
定番のインテリジェンスコミックス第3弾！！！！！

英知の集結！大ボリューム324P！！
思いもよらない面白雑学が一冊にギッシリ！！

[特集1]
大定番！王道の知りたくなかった！！
もちろん“知って良かった”小ネタがギッシリ！！　雑学は広く深く！

[特集2]
刑務所に関する知りたくなかった！！
謎のベールにつつまれた刑務所の実態や刑務官のお仕事をご案内！

[特集3]
不動産に関する知りたくなかった！！
悪徳不動産のヤバい手口や事故物件に出会ってしまった話など

[特集4]
食品に関する知りたくなかった！！
厳しいようで意外とヌルい日本の食品安全基準を知っておこう！

☆実体験、読者体験ネタも提供する豪華作家陣！！
葛西りいち／安斎かなえ／田島みるく／一之瀬はち／箱ミネコ／東條さち子／森野いずみ／小池恵子／高倉あつこ／田丸こーじ／小谷梓／もぐら／丸山ゴンザレス／村田らむ"
puchi-hontou-ni-atta-yukai-na-hanashi-jitsuroku-shinrei-taiken-esupii	ぷち本当にあった愉快な話 実録!心霊体験SP	1	1	1	horror	"丸ごと一冊怪奇現象実体験！！
身体が震える！！凍える！！　震えが止まらない！大ボリューム324P！！！！！

■阿鼻叫喚！霊界はアナタのすぐそばに存在する！！■

[特集1]
＜果たして病院は霊界の入り口なのか！？＞
本当にあった病院の怖い話を聞かせてあげよう！！

[特集2]
＜霊に出会ってしまった全国の読者体験談＞
全国から寄せられた遭霊体験談に震えるしかない！！

[特集3]
＜ガチでヤバすぎる心霊体験談（女性作家編）＞
どこにでもいる！？ 亡霊、生霊、憑依霊たちが忍び寄る！！

[特集4]
＜ガチでヤバすぎる心霊体験談（男性作家編）＞
戦慄の恐怖体験から決して目を背けてはいけない！！

☆暑い夏に冷え冷えの話をお届けするスペシャル作家陣
安斎かなえ／田島みるく／押切蓮介／にわみちよ／犬養ヒロ／一之瀬はち／箱ミネコ／東條さち子／森野いずみ／吉田美紀子／もぐら／華櫻こもも／忍田鳩子／小池恵子／百中／所テン子／丸山ゴンザレス／村田らむ／蓮古田二郎／オオイシヒロト／いでえいじ／松原タニシ／宮本ぐみ／ほしのえみこ／poko"
mainichi-haru-chan	まいにち、はるちゃん。	1	1	1	slice-of-life	"外暮らし8年だったはるちゃんと暮らし始めて3年。
相変わらず、甘えんぼ・はるちゃんに振り回される毎日だけど、前より距離も縮まって、
一緒にいると嬉しい出来事もたくさん★愛猫・はるちゃんと繰り返される愛と笑いの日常風景。
わかつきめぐみの愛情たっぷり★はるちゃんシリーズ第3弾！
2025年8月刊"
motto-dogeza-de-tanonde-mita	もっと土下座で頼んでみた	1	0	1	comedy,ecchi	"あの「土下座で頼んでみた」が「もっと土下座で頼んでみた」となって、さらにパワーアップして帰ってきた!! 
さまざまな断りきれない女子たちは土下座をすれば、エッチなお願いも聞いてくれる!?
女の子たちの胸や下着が見られるお楽しみページはすべてフルカラーで掲載!!
バラエティー豊かな女の子が登場!!"
warui-neko	わるい猫	1	1	1	comedy	"じゆうほんぽう、だいたんふてき。
「わるい猫」の大ぼうけん。

【画家のヒグチユウコさんも大ファン！】　
「わるい猫、とうとう本に!!!!　ヤッター！」


ひとのめいわくかえりみず、
やりたいほうだいしほうだい。

ページをめくるたびに大そうどう！
ページをめくるたびに「ニャッハー」！

漫画家・和田ラヂヲの新発明。
かつてない斬新なフォーマットで描く、
全1巻・400ページの大河4コマ作品です。"
anarchy-oji-san	アナーキーおじさん	1	1	1	comedy	"我々から目を背けるな！　本気のおじさんこそパンクなのだ！　
昭和を代表するギャグ漫画の王様・赤塚不二夫。現代とは価値観も倫理観も全く異なる時代に描かれたギャグ漫画は、「笑えないもの」になってしまうのか？ 否！　無職で腹巻に鉢巻で無免許運転をするようなバカボンのパパが、時代を超えて面白がられるのはなぜか？　時代がどんなに変わっても、変わらない危険な面白さがここにある！　アナーキーなおじさんたちが大暴れするギリギリ（もはやアウト？）なアンソロジーが令和に爆誕！　
いじわる爺さん 人生のリズム／われら 8プロ／大バカ探偵白痴小五郎／
オーオもーれつ会社／ジャングルの社長ターラン／ギャグの王様 まっくろけの王様／
おそ松くん チビ太！デカパンの子どもになれ／おそ松くん 30年後のおそ松くん／
ミスターイヤミ／メチャクチャNO.1 ボケ男の大マンガ家／
もーれつア太郎 子分をつれたデコッハ／天才バカボン 警官ニューフェースなのだ／
天才バカボン 常識破壊促進研究なのだ／天才バカボン 恐怖の無責任先生なのだ／
くそババア！！女装響官篇／ギャグゲリラ あるケツ婚／
ギャグゲリラ ハンタイのサンセイ／レッツラゴン ヒッピー刑事／
レッツラゴン ああ無情／不二夫のギャグありき 文豪の末路／ラーメン大脱走"
antiman	アンチマン	1	1	1	action,comedy	webアクションで公開され40万PVを獲得しSNS上で大きな話題となった表題作「アンチマン」や、同じくwebアクションで公開され10万PVを獲得した「ある人」を収録。さらに、2008年に新人賞大賞を受賞したデビュー作「ブラックタイガー」など、現在までに発表された単行本未収録の読切を収めた短編集！　漫画家・岡田索雲、その才の発現と轍。待望のストーリー連載『ザ・バックラッシャー』単行本第1巻と同時発売！
eroge-sekai-ni-tensei-ore-ga-oshi-heno-ai-de-netorare-heroine-o-shiawase-ni-suru	エロゲ世界に転生した俺が、推しへの愛で寝取られヒロインを幸せにする。	1	1	1	drama,romance	"「上手にしゃぶれよザコ×××！」
画面の向こうで、""あいつ""は彼女にそう命じていたーー。

友人に勧められて始めた1本のエロゲ。
光希はその中のメインヒロイン・古都葉に、ガチ恋をしてしまう。
しかしこのゲーム、ヒロインがプレイヤーの親友キャラ・凌に必ず堕とされてしまう""寝取られゲー""だったのだ……。

どうにか彼女との幸せな結末を見つけようと試行錯誤する中、光希は事故で駅のホームから転落し、命を落としてしまう。
しかし目を覚ました時、彼の目の前に現れたのは他でもない古都葉だった！

光希は、""あのゲーム""の主人公キャラに転生していたのだーー！"
canzoniere	カンツォニエーレ	1	1	1	historical	ルネサンス史上最も美しい英雄といわれた、チェーザレ・ボルジア。1492年の教皇選挙が終了し、チェーザレの父、ロドリーゴ・ボルジアが教皇アレクサンデル六世となったころ、チェーザレはヴァレンシア大司教としてローマへ入城する前に、スポレートというローマ近郊の要塞都市に滞在していた。チェーザレとアンジェロが森の中で鹿狩りをしている時に、ある少女と出会う。翌年には枢機卿として本格的に聖職に就くことになるチェーザレが、スポレートで過ごした最後の青春ともいえる物語で、累計140万部突破の大ヒット歴史漫画の待望の続編である。
kisu-yori-saki-ni-chikaimasu	キスより先に誓います	1	0	1	romance	"結婚したら、「ヒロイン」になれますかーー？

崖っぷちアラサー女優・高樹さゆ。
悪役ばかりのイメージから脱却するのため、婚活することを決意！
しかし、相手がストーカー化して大ピンチ！？
危機一髪でさゆの元へ駆けつけたのは、まるでお姫様のような“男性”リアン。

メイクひとつで別人のように姿を変えるリアンは、新進気鋭のメイクアップクリエイター。
芸能界も婚活も諦めようとしたさゆに、彼は突然「結婚」の提案をしてきて…！？

ツンメロ年下男子に翻弄されながら…「偽り夫婦」を演じ切れるかーー…！？？

芸能界×偽装シンデレラロマンス、開幕！"
crazy-animals	クレイジー・アニマルズ	1	1	1	comedy	"動物ってかわいい？　ニンゲンはお気楽だニャ！
赤塚不二夫が描く、愛らしくイキイキとした動物キャラクターたち。作品は読んだことがないけれど、ニャロメやウナギイヌは知っているという方も少なくないハズ！ 本書は王道からレアキャラまで、赤塚作品の可愛らしいキャラや物語を「動物」をテーマにギュッと集めたアンソロジー作品集。ギャグ漫画の王様、赤塚不二夫から生み出されるクレイジーなアニマルランドをお楽しみあれ！
赤塚不二夫のアニマルランド／ケロゴンとお姫さま／タトル君「地球にびっくり」の巻／
女番長ケロ子／ネコの目ニュース／ワンペイモウちゃん／
おそ松くん エスパーニャンコをねらえ／天才バカボン 天才ウナギイヌ／
ハタ坊とワンペイ雪コンコン火事ワンワン／レッツラゴン 東京ちゃわんむし／
もーれつア太郎 キョーレツかわい子ちゃん／のらガキかあちゃん文字をならう／
のらガキ刑事ウナンボ お色気一発・のらガキウナドンのウナ子ちゃん／
ぶッかれダン ハエ男の忘年会／少年フライデー バカメもおともがしたいやんけ／
風のカラッペ 泣くな浮世の三度笠やんけ／メチャクチャNO.1 ボケ男の友だち雪男／
まかせて長太 ゴミラ対バラバラ／虫／花の菊千代 おれをひろえニャ！！"
glass-heart	グラスハート	1	1	1	drama,music	佐藤健　主演＆共同エグゼクティブプロデューサーにて2025年7月に配信される至高の《青春音楽ドラマ》Netflixシリーズ「グラスハート」原作小説を完全マンガ化！　「女だから」という理不尽な理由でバンドをクビになった高校生・西条朱音の元に、「一緒にバンドをやらないか」と天才ミュージシャン・藤谷直季から突然誘いの電話がきて──？　長く書き継がれる若木未生の代表作・「グラスハート」シリーズ、待望のコミカライズ第1弾！
get-back	ゲットバック	1	1	1	drama	"「漫画家になって、全員を見返すんだ！」
地方の底辺高校に通うさえない男子2人がコンビを組み、プロ漫画家を目指す物語。

ボンクラの長谷川が原作を考え、不登校の竹夫が作画を担当。級友をモデルにしたゾンビ漫画を投稿したところ、新人賞に入選してしまう──。青春の〈夢と現実〉、創作の〈喜びと苦悩〉が交錯する、これぞ令和の『まんが道』。「漫画家漫画」の最新問題作、爆誕！

『ブラックジャックによろしく』佐藤秀峰氏、推薦！
「才能に執着せず凡人を生きる男。
才能を信じ凡人を受け入れられない男。
それぞれの終着駅。
身につまされろ。」

『これ描いて死ね』とよ田みのる氏、絶賛！
「凄かった。
いや、本当こうなるだろうなって展開の上をゆく展開で
読み終えた後どんな感情になっていいのか分からず
数分驚いたり戸惑ったりした後に
ようやく飲み込めて凄すぎて笑うしかなく
すげー！と言いつつ爆笑してしまいました。
作中の『生まれて初めて何かに頑張ってるんだ』
て台詞に落涙しました。
僕も漫画を描き始めた時そうだったから。
古泉先生大好きです。」
第1話　棒人間 　
第2話 ひょっとこ　
第3話　ネームは一人でやるものだ　
第4話 空も飛べるはず 
第5話　マンガ編集者は日帰り 
第6話『ゲーム・オブ・ドラゴン』 
第7話　恋の呪い 
第8話　マンガもうやめた 
第9話　打ち切り 
第10話　ゼロイチ 
第11話　雪 
第12話　出張編集部 
第13話　和包丁 　
最終話　マンガ家はマンガで殺す 
あとがき"
satou-san-no-tomodachi	サトウさんの友達	1	0	1	drama,slice-of-life	"手塚治虫文化賞短編賞 受賞後初の描き下ろし漫画

気づけば友達が減りつつある年頃。
職場では居心地の悪さを感じなくもない。
二人暮らしの母の健康状態にも不安を覚える日々。
そんなある日、主人公はNintendo Switch用ソフト「あつまれ どうぶつの森」に出会う。
もうひとつの世界が、彼女の現実を少しずつ変えていく。

空気を読みすぎない
新しい人間関係が動き出す

わたしを支える
もうひとつの世界ーー
『ミウラさんの友達』に続く「友達」シリーズ第二弾
じわじわ沁みる描き下ろし漫画"
samurai-spirits-dai-samurai-tamashii	サムライスピリッツ大侍魂	1	1	1	action	"アニメ化もされた人気作品『トライガン』シリーズ（少年画報社）『血界戦線』シリーズ（集英社）で知られる内藤泰弘初の商業連載作である本作は、 1994年「ファミリーコンピュータマガジン」に掲載された 大人気格闘ゲーム「サムライスピリッツ」のコミカライズ版。
10年ぶりとなる待望の復刊は257×210ミリのほぼ掲載誌サイズにブローアップ！　表紙イラストは新規描き下ろし、さらに巻末には著者＆ゲームスタッフのロング対談記事を追加した＜最終版＞としてリリース！"
the-backlasher	ザ・バックラッシャー	1	1	1	drama	"何か為せると信じていた人生は、何も為せぬまま折り返した。
その選択は正か否か。門倉莫、もうすぐ44歳、無職…ヒーローコスチュームを身にまとい、失った何かを取り戻そうと一念発起。前途多難な仲間集めが始まる…！
『メイコの遊び場』『ようきなやつら』の岡田索雲、超待望の本格新連載！"
supadari-yamete-ii-desuka	スパダリやめていいですか	1	1	1	comedy,romance	"スパダリすぎてフラれ続けてしまうハイスペ男が大奮闘！ 
『ラブミーテンダーにさようなら』の著者、オフィスラブコメディ最新作♥
名実ともにスパダリでありながら、スパダリすぎてフラれ続きのハイスペック営業男子・汐野優生。
恋愛を休もうと心機一転の異動先でも、あちこちで恋愛フラグが乱立し右往左往！
そんな矢先、同僚のカタブツ女子・園生梢と“シゴデキタッグ”に。
その塩対応っぷりにひと安心…だったはずなのに、ふいに見せられた一面に予想外に心を乱されて…！？

“愛する才能”は封印できるのか？
令和のニューヒーローによる、爆笑必至のON⇔OFFラブコメディ！"
slanleat	スローンラット	1	1	1	slice-of-life	"あの世とこの世のはざまにあるcafe宿”スローンラット”で、接客担当のクティと厨房担当のゾディアックは今日もお客様のお越しをお待ちしています♪
胡桃ちのが描く少し不思議なハートウォーミング4コマ。"
zero-ka-hyaku-ka-no-igarashi-kun	ゼロかヒャクかの五十嵐くん	1	0	1	romance	"スポーツ系アパレルメーカーに勤める花森の悩みは、自身の「空気読みすぎ・器用貧乏・八方美人」な性格。
誰に対しても冷たく塩対応な同期・五十嵐くんは、自分とは正反対な存在…
…と思っていたのに、ある日を境に、なぜか彼から溺愛全開で迫られるように！？

どうやら、人への感情を「ゼロ」か「ヒャク」かに振り切っているらしい五十嵐。
2人きりの会議室で、狭いエレベーターで、飲み会のテーブルの下でーー
ためらいなく繰り出される、五十嵐くんの100％の愛情に、花森は今日も振り回されっぱなし…！

両極端な同期男子×悩める八方美人、瞬間沸騰オフィスラブ！！
第1話　…　1　
第2話　…　43
第3話　…　71
第4話　…　107
第5話　…　137

あとがき　…　169
描き下ろし　…170"
souyoku	ソウヨク	1	1	1	drama	"兄弟は同じ空を見上げ、違う海と大地で戦った。
海軍に所属する兄・次郎。陸軍に所属する弟・三郎。
ともに戦闘機パイロットであり双子の兄弟が、ほんの戯れに入れ替わってしまい、軍靴の響き轟く戦時下で数奇な運命をたどるーー！

戦記漫画の雄・滝沢聖峰が描く、太平洋戦争。"
diamond-no-a-act-2-gaiden-teitou-vs-ugumori	ダイヤのA act 2外伝帝東VS鵜久森	1	1	1	baseball,sports	"東東京代表の座を懸けた戦い・帝東高校VS鵜久森高校。春季大会での雪辱を果たすため打倒帝東に燃える鵜久森だが、初回からノーアウト、一・三塁のピンチに。絶対的エース・梅宮に対するは、帝東最強打者・乾。先制点の行方は──。
続く1回裏では、帝東の若きエース・向井が気迫溢れるピッチングで鵜久森打線を迎え撃つ。激闘を制し、甲子園への切符を摑み取るのは果たして──!?


全国への切符も　主役の座も　俺達が今日全部かっさらう
何かできることある？　糞ヤンキー軍団に

白熱の西東京大会決勝が行われた翌日、幕を開けた“もう一つの決勝戦”帝東高校VS鵜久森高校。名門・帝東が誇りと意地を見せるか、野武士軍団・鵜久森が帝王をも飲み込むか。
互いに譲れぬ思いを持つ両校は、死力を尽くしてぶつかり合う──!!"
darling-wa-79-sai	ダーリンは79歳	1	1	1	romance	"この2人には敵ナシ！最強バカップル最新作 

 全身ガンを公表して、
手術・治療を続ける高須院長ですが、
サイバラとのケンカ＆ノロ気は止まらない！

生きることに全開の2人が巻き起こすドタバタと笑い、
時々心に沁みるサイバラ節は今回も健在。
忘れていた“大切なこと”を思い出させてくれます。

史上最強バカップルは今日もノンストップ！
ダーリンとサイバラの溢れるパワーを浴びよ。


 

 【編集担当からのおすすめ情報】 
 70歳から始まったダーリンシリーズ最新刊となる
79歳の単行本が、高須院長の誕生日に今年も発刊です！
還暦となった西原氏のライフワークとも言える
高須院長とのラブラブダイアリー、これを読むと元気になります。"
challenge-kanreki-ichinensei	チャレンジ還暦一年生	1	1	1	comedy	"第二の人生、ゆる〜くチャレンジ!!
還暦なんてまだまだひよっこ！
怒涛の子育て&介護の4~50代を経て、ようやく自分の時間が持てた還暦のマンガ家。
これまで出来なかった推し活、英会話、スキーetcにチャレンジしてみる!!
失敗を恐れず、アナタも60歳から新しい自分を見つけませんか？"
doruwota-never-dai	ドルヲタネバーダイ	1	0	1	comedy,romance,slice-of-life,supernatural	ドルヲタとして生きてきた10年を捧げたアイドルが引退。絶望して死んだ俺だが、気がつくと高校2年生に…。初恋の人にもう一度出会うために、青春を生き直すことに…。アイドルとドルヲタあるある満載の転生ラブコメ。
dollhouse	ドールハウス	1	0	1	horror,mind-game,mystery,supernatural	2025年6月公開予定の映画『ドールハウス』を公式コミカライズ！不慮の事故により娘を失った佳恵は、骨董市でとある人形に出会う。佳恵は人形を本当の娘のように可愛がり、心の傷も徐々に癒えていった。しかし、夫婦が新たな娘を授かると、人形によって家族の幸せが崩れ始めるーー。ノンストップで展開するストーリーを圧巻の描写と迫力の表現で漫画化。この家の人形、なんか変…ゾク×ゾクのドールミステリー！
happy-ending	ハッピーエンディング	1	1	1	bl,romance	"キミと、初恋をもう一度ーー。
ストーカーに執着され、逃げるために顔を隠し目立たないように過ごしている羽多野。社会人になって、せっかく再会した初恋の人・片瀬にも名乗ることができずにいたある日、酔った片瀬に「好きだ」と言われ、拒み切れず抱かれてしまう。しかし、片瀬も自分のことを覚えていてくれたと喜んだのも束の間、片瀬は過去自分が告白した「ユウキ」が羽多野だと気づいていなかったとわかり…!?
出会ってから数年。俺の初恋がやっと始まったんだーー。
極上ビタースイートラブ！ 描き下ろしも収録!!"
hanamomo	ハナモモ	1	1	1	drama	"青春漫画の金字塔。

デビュー37周年を迎えるベテラン漫画家、松本剛。
単行本初収録作品を含めた計9編の傑作。函入り。
いつまでも手元に残したいと思える一冊を目指して製作しました。
ハナモモ
第一話「坂道」……p.5
第二話「春雷」……p.39
第三話「蝶々」……p.73

サヨナラ 僕のトモダチ……p.107
10月はかわたれどき……p.113
海風……p.145
夏への天蓋……p.177
夏滑り……p.227
夏来たりなば……p.237

あとがき……p.270"
fan-fiction	ファンフィクション	1	1	1	comedy	"コトヤマ初の短編集！！ 

 ［よふかしのうた］［だがしかし］のコトヤマ、1st短編集！！

剣道少年×辻斬り少女による歪な青春が爆ぜる、100p越えの話題作『ミナソコ』。
妖怪たちが一大お祭りに向けて”準備”する、作者新境地の衝撃作『百鬼夜行実行委員会』。

リアルに潜むフィクション、フィクションに宿るリアル。
繊細と大胆を自在に行き来する
異才コトヤマ初の短編集！！ 

 【編集担当からのおすすめ情報】 
 「よふかし」本編完結以降、初の完全新作ストーリー！
『よふかしのうた 楽園編』も同日発売！！"
first-contact-2025	ファーストコンタクト	1	1	1	fantasy,sci-fi	美少女・おっさん・人外・ギャル・SF・ファンタジー・現代劇・溢れる着想・膨大な情報量……。才気煥発、原点濃縮。窓口基、初の作品集！近未来舞台のサイバネティック・グルメ漫画『サイバネ飯』。SNSでも話題となったSFショート作品群や『冒険には、武器が必要だ！〜こだわりルディの鍛冶屋ぐらし〜』にも登場するキャラの原案となったファンタジー『斧振りエルフと弓引きドワーフ』。さらには商業で発表した読切作品から初期作品の『変身解除』まで、これまで描かれてきた多様な短編作品から厳選収録した特厚240P！
hetalia-world-stars-gangsta	ヘタリアWorld★Stars Gangsta	1	1	1	comedy	いつものヘタリアの世界と似ているようで、ちょっと違う世界。そこには200の地区がひしめき、それぞれの代表者が取り仕切っている。中でも特別な「BIG5」と呼ばれる5つの地区に39地区のBoss（兄のほう）が果たし状を叩きつけた！ 地区の威信を懸けたカードバトルが始まる!!
poyopoyo-kansatsu-nikki-plus	ポヨポヨ観察日記ぷらす	1	1	1	comedy	"アニメ化もされた大人気作「ポヨポヨ観察日記」の続編がついに刊行！
単行本未掲載分に加え、新作を中心とした完全新規の単行本！
「チート転生した猫は嫁の膝で丸くなりたい5」と同時発売。"
portgas-d-ace	ポートガス・D・エース	1	1	1	action,adventure	ルフィの兄、ポートガス・D・エースの足跡をドラマチックに再構成！ 己の血統に抗い続けた少年は、やがて尊敬する“親父”と巡り合い、海賊として名を馳せていく。3兄弟の契り、ワノ国の冒険、黒ひげとの激闘、そして愛する者たちとの別れ…。 この1冊のすべてが名場面──
machine-rock-g	マシーンロックG	1	1	1	action	"巨匠・近藤和久、幻の原点がついに初の単行本化！！
B-CLUBにて近藤和久が連載していた当時の原稿を高精度で再スキャンし、幻の名作が初の単行本化決定！あの頃の感動が、衝撃が、令和の今蘇る！！"
mister-quattro	ミスタークアトロ	1	1	1	romance	"ジムニーと青春。
エンスーコミックの伝道師［西風］が贈る
愛すべきクルマと青春の物語

2020年5月、世はコロナ禍真っ直中──登校も外出もままならない高校三年生・加藤陸は、まるで実感が無かったGW明けのコンビニで品川ナンバーのジムニー・シエラを見かける。納車まで半年・1年は当たり前という大人気車種の、その頂点であるこのJB74のオーナーは、今度、この街に引っ越してくるという蝶野すず──なんと陸と同じ高校三年生の女の子だった。
閉塞感で押しつぶされそうな毎日の中、天真爛漫でいてどこか影のある彼女と陸と、そして二人がこよなく愛するスズキ・ジムニーとが織りなす、まっすぐな青春の物語。"
meme	メメ	1	1	1	comedy	"「眼球」にまつわる怪異は侵食度を高め、大野こここは自らに宿る「コード404」を行使するか決断を迫られる…！
だがそれは彼女の滅びを意味していた…その結末にいざ刮目せよ！"
mofumofu-yashiki-no-neko-to-ore	モフモフ屋敷の猫とオレ	1	1	1	comedy,slice-of-life	"人生を諦めて死のうとした男は、チヨという名の可愛い女子に助けられる。彼女は
たくさんの猫達と「盛富荘」で暮らしていた。そこで過去に男が助けた猫・くるみと再会し、
彼女の人間嫌いをなおす人として住むことになり…!?ドキドキモフルンコメディ！"
rabu-story-o-oikakete	ラブストーリーを追いかけて	1	1	1	romance	"カーサブルータスの大人気連載が待望の単行本化！
令和の東京オフィスを舞台に繰り広げられる、社内恋愛ラブ猫ストーリー。

登場猫20匹以上(子猫老猫を含む)。
猫たちのトレンディドラマ（懐かしの昭和感満載！）が止まらない。
全ページフルカラー、少し大きな判型の可愛い一冊でお届け。"
yo-ni-mo-kanbi-na-toshi-densetsu-biiefu	世にも甘美な都市伝説BF	1	1	1	ecchi	"あの奇跡のように気持ちよすぎた瞬間が微熱と湿り気を帯びて甦る。女性編集・M嬢が一般男女からの「喪失体験」をモニタリング!!

人生最大のイベントであり、誰もが生涯一度きりしか味わえない初めての「●●喪失体験」にまつわる深く切なく気持ちよすぎる「極限の悶々」の数々を、女性編集・M嬢が一般男女から克明にモニタリング♪
2021年に電子限定版コミックスとして配信を開始し、その後、多くの読者様からのお声をいただいて、この度、「紙」単行本化が決定!
明かされる痴情の告白話は全8編。表紙イラストを新規に描き下ろし、また過去単行本未収録短編を2作加える形で新装版としてリリースいたします。
思わず赤面、あ然…、妙に疼きを覚えながらも、どうにもツッコミ欲が止められないM嬢のリアルなリアクションとともに、愛すべき「性愛の彷徨い人」たちが遭遇した深淵な悦楽の極みをどうかご堪能ください!"
hitozuma-ee	人妻A	1	1	1	ecchi,romance	"セックスレス、夫のモラハラ、好奇心、執着、昂る性欲、本気の恋。
何が女たちを不倫に向かわせたのかーー？

さまざまな「人妻A」たちの、ありふれた、けれど切実な不倫の物語を、時にリアルに、時に艶かしく官能的にオムニバス形式で描く！ 「人妻A」はあなたのすぐそばにいるかもしれない。

＜収録予定エピソード＞
第1話	リモートワークーとTバック
第2話	モラハラ夫と年下彼氏
第3話	イケない私と義母のセックス
第4話	初風俗と離婚届
第5話	二十年彼氏と寡黙な夫
第6話	ペーパー講習と疼く体"
ningen-isshou-zukan	人間一生図巻	1	1	1	drama	「世界は人間なしに始まったし、人間なしに終るだろう」レヴィ=ストロース「悲しき熱帯」の最終章に出てくる有名な言葉です。それでもヒトはこの世に生まれ、生き、病み、老い、死ぬ。それでもヒトそれぞれの生きざまは胸を打つ。巨匠いがらしみきおが贈る入魂の人生絵巻！
kaigo-hyakuiro	介護百色	1	1	1	drama	"さまざまな家族の介護でみられる悲喜こもごもの物語を優しいタッチで描いたまんが作品です。
作者は高齢者介護に造詣の深い北川なつさんです。本書にはタイトルとなった
「介護百色〜それぞれの家族たち〜」（京都民報2023年4月〜2025年6月連載）
「みんなみんな いつかは、年をとる」（介護情報誌『Better Care』（芳林社）連載　2014年冬号〜2023年夏号）
「こずえの人々」（こずえちゃん@kozukozu1017のXでの投稿を元に漫画化）を収載しています。"
ore-no-oppai-ga-dekkaku-natchimau-cry-chuuchuu-sutte-kure	俺の雄っぱいがでっかくなっちまうくらいちゅーちゅー吸ってくれ	1	1	1	bl,comedy,ecchi	"女の子のおっぱいが大好きな
沖田翔吾くんの悩みはまだ人生で
生のおっぱいを触ったことがないこと。
そんなある日…
自分の胸筋が思いのほかでっかいことを知り
こうなったら
自分の雄っぱいをとことんおっきくして
自分のを揉んで
満たされようと奮闘をはじめる！
その【雄っぱい巨乳化計画】に
友だちの陰日向くんも巻き込まれていき……

TVドラマ化された人気作品
【壁サー同人作家の猫屋敷くんは承認欲求をこじらせている】
主人公・骨肉先生の同人誌を再現した
雄っぱいにこだわり尽くした筋肉受BL！
このコミックスだけ読んでも…
まったく問題なく楽しめます！！"
guuzou-senbatsu-game	偶像選抜ゲーム	1	1	1	drama,music	"戦慄のアイドルデスゲーム譚、降臨！！ 

 空前のアイドル戦国時代の中、様々な事情で
ステージから遠ざかってしまったアイドルたち。
それでも輝きたいと願う彼女たちのもとに、
アイドルオーディション「THE FINAL」への
招待状が舞い込んだ。
会場に集まった527名は 命を保証されない
”オーディション”へとその身を投じていく。
もう一度、あの輝ける場所に立つために。
そして 鮮血に彩られたステージが開幕する・・・"
moto-yan-ooeru-narita-narumi-wa-service-zangyou-joutou-rashii	元ヤンOL成田なるみはサービス残業上等らしい	1	1	1	comedy,ecchi,romance	チームを卒業して数年、デキるOLに転生したアタイが出逢っちまったヤバめの後輩。黒歴史に迫ってくるアイツの挑戦、肉体言語で語り合おうぜ！征服か屈服か、オフィスエロコメディ！
naiki-komori-no-hikikomogomo-seikatsu	内木小森のひきこもごも生活	1	1	1	romance,slice-of-life	「世界を、滅亡させてください！」ある日お星さまに願ったら、本当に地球に隕石が落ちてきた!? 自分のせいだと信じた内木小森は、部屋にひきこもり……それから7年。幼馴染・空からの声掛けをきっかけに、ついに外に出てみることに。こんな世界でも、こんな私でも、今から幸せを見つけたいーー。内気な小森の、悲喜こもごもな青春恋愛グラフィティ！
hatsukoi-geinin	初恋芸人	1	1	1	comedy,drama,romance	"売れない芸人と「市川さん」の初めての恋！ 

 女の子と話すなんてありえない！？そんな僕の一生で一度の初恋。
学生時代のトラウマから、女性とは距離を置いていた賢治。 芸人を志すも売れない日々だが、そんなある日、お笑いライブに来てくれた謎の女性”市川さん”は賢治のことを「面白い」とほめてくれて…！？ 怪獣芸人のせつなくてもどかしい恋物語！
実写映画化も話題の小説、待望のコミカライズです。 

 【編集担当からのおすすめ情報】 
 その心中に謎が残る女性、市川さんに翻弄される賢治に共感したりつっこんだりしながら読める本作。
原作の中沢健先生もお墨付きのもこやま仁先生の作画でお楽しみください！"
setsuna-2025	刹那	1	1	1	sci-fi	"SFマンガの巨匠・星野之宣、デビュー50周年記念作品集・第2弾。
一瞬にして永遠の時間と生命の奇跡に震える傑作を厳選！
著者自らが50周年を記念して描き下ろしたマンガ、星野作品をこよなく愛する漫画家・鶴田謙二のリスペクトインタビュー＆イラストも収録。
サイエンス・フィクションの真髄を体感せよ!!
【収録作品】
●「宇宙の孤児 スターチャイルド」
●「愛に時間を」
●「遠い呼び声」
●「サーベル・タイガー」
●「生物祭」
●「メリー・ステラ号の謎」
●「世界樹」
●描き下ろしマンガ／星野之宣
●リスペクトインタビュー＆イラスト／鶴田謙二"
hyousetsu-shinchou	剽窃新潮	1	1	1	comedy	初版部数に泣き、絶版におののく孤高の文士・広岡達三に安住の地はあるのか。『ROCA 吉川ロカ ストーリーライブ』で新たなファンを獲得した「ギャグ四コマの名匠」が長年描き続けた、文壇内幕暴露シリーズの決定版。純文学の長老ヒロオカ先生を中心に、作家のさもしい生活や編集者とのバトルを、業界人も驚くリアリティで四コマに落とし込む。出版界のシンジツが知りたければ、この巻を繙け！
hokuou-bishoujo-no-classmate-ga-konyakusha-ni-nattara-deredere-no-amaama-ni-natteshimatta-ken-ni	北欧美少女のクラスメイトが、婚約者になったらデレデレの甘々になってしまった件について	1	1	1	comedy,romance	"学校一可愛いと噂の北欧美少女ーー愛乃・リュティを偶然助けた連城透は、翌日、リュティに「婚約者になってほしい」と突然迫られる。戸惑う透の前に追い打ちをかけるように現れたのは、
幼馴染で元婚約者の近衛知香だった。
美少女たちのデレデレが止まらない、甘々ラブストーリー開幕！"
kisaki-to-kawa	后と河	1	1	1	drama,romance	"洪水が繰り返し人々を襲う時代。命を落とす民の姿に心を痛めた王佳は、河工事の必要性を何度も訴え続けていた。
皇帝に見い出され、妹の身代わりに妃として後宮で閨を共にし、昼は河工事の役人として働くことになる。

そんなある日、自分の身を顧みず「完璧」であり続けようとする皇帝がふと見せた心の一片に触れ、王佳の中に変化が芽生え始める。
しかし、無意識に口にした言葉が原因で皇帝と仲違いしたまま、王佳は河の視察に旅立つことになってしまう。
念願の視察のはずが、どうしても皇帝のことが心から離れない王佳はーー？"
kissa-rougoku	喫茶牢獄	1	1	1	drama	"この世は牢獄。誰しもが鎖に繋がれている。あなたも、私も──。
引きこもり気味でメンタル療養中の小説家・コモリは、心を病んだ者が引き寄せられるカフェ「喫茶牢獄」で、反逆罪により労働刑に処せられている悪魔・ダンと出会う。AI看守に食人植物。占い師、オタク女子に過保護な脳筋天使。コモリとダンの周りに集う奇妙な者たち…。過去の因縁と愛憎がうずまく喫茶を中心に、損なわれた心と自由を取り戻す、再生の物語が始まる──。"
gedou-gaiden	外道外伝	1	1	1	drama	"「善悪の屑」「外道の歌」の新たな公式スピンオフが始動！
本編でカモとトラに粛清された“外道”たち。なぜ彼らは道を踏み外したのか…
その人生が初めて明かされる。漫画は「エリカ」「隣人X」の楠本哲。監修は原作の渡邊ダイスケ。"
yozakura-quartet-kyakuenshuu	夜桜四重奏-客演集-	1	1	1	fantasy	"『夜桜四重奏』のブルーレイや画集の特典に収録した『夜桜四重奏』×『デュラララ！！』のコラボ漫画がコミックスになって登場！　
臨也やヒメ、静雄や秋名など、両作品の大人気キャラクター達による唯一無二なる共演！！
更にヤスダスズヒトがキャラクターデザインを務めた『デビルサバイバー』や『ダンまち』のメインキャラクター達の姿も！！！
人気4タイトルが一堂に会した、豪華な一冊！！！！"
otonatachi-no-mun-to-kuru-sei-taiken-ohanashi-shimasu	大人たちのムンとくる聖体験、お話します	1	1	1	ecchi	"ずっとカラダが覚えてる…。性春を謳歌する男女が味わった世にもレアめな実体験！　甘酸っぱほろ苦い、大人な出逢いの数々に乾杯！

一般男性・女性読者の欲深き下半身がもたらした「誰かに聞いてほしくてしょうがない“前代未聞の体験談”」を、漫画家・八月薫が鮮明・克明にコミック化！

登場するのは、フリーマーケットで見かけた妖しげな淑女やソロキャンデビュー女子、小さい頃通っていた床屋の奥さん、アラサーAD女子、巷で話題になった子ども部屋おばさん、お尻で誘うお掃除おばさんなどなど、汁もしたたるイイ女たち。

自らの本能に向き合った男女がひとたび出逢ってしまえば、退屈な日常が音をたてて崩れ去り、全身が百花繚乱に弾け飛ぶ…！
求め合う男女の、艶めく極上の瞬間をその目に焼き付けろ！

【収録コンテンツ】
第1話　レンタルビデオ屋の常連さん
第2話　子ども部屋おばさんといっしょ
第3話　真夜中のフリーマーケット
第4話　女 AD の受難
第5話　バーバーショップの秘密
第6話　炎が誘うソロキャンプ
第7話　10 年越しのアイラブユー
第8話　憧れ姉さんのガチンコ花道
第9話　バイト中の眼福タイム
第10話　鏡の国の古着屋
第11話　電話口のサセコおばさん"
oomori-nariagari-meshi	大盛り!成り上がり飯	1	0	1	action,comedy,slice-of-life	唯一無二の不良高校、王森高校。その頂点を目指しケンカに明け暮れる1年生レオの前に2年の頭・ケニーが立ちふさがる。彼の武器は拳ではなく、弁当!?
tenka-no-yell	天下のエール	1	0	1	music,sports	"キミの推しがきっと見つかる！ 

 「勝つのは、楽しませたほう！」
アイドル育成の名門・星掴学園。マネージャー志望のエールは、入学初日に問題児アイドル・天下と出会い、コンビを組むことに。
ふたりが挑むのは、歌とダンス、そして想いが勝敗を決めるバーチャル空間でのライブバトル！学内ランクを駆け上がり、めざすはアイドル界の頂点！ 

 【編集担当からのおすすめ情報】 
 キミの推しがきっと見つかる！
コロコロ初の男性アイドル学園バトル漫画、誕生！
ページをめくるたびに、“推したくなる”キャラがどんどん増えていく。
楽観的でまっすぐな天下、悲観的だけど有能なエール、
努力家のミケに、スリルを愛する極美ーー。
個性あふれる仲間たちが、キミの心を奪う！
読めば読むほど、推しが変わるかも⁉︎
そんな熱を、思いきり楽しんでください！"
fuufu-no-kizuna	夫婦の絆	1	1	1	mystery	"『おぼっちゃまくん』が国際ヒット中の鬼才がデビュー50周年に描く渾身の“復讐”ミステリー。かつて、小林よしのり責任編集長「わしズム」連載で話題をさらった『夫婦の絆』がついに完結！

“異形の嫁”蜜子の夫になっていた記憶喪失の男。彼は蜜子の正体も目的も何も知らない。愛もない、恋もない、そんな見知らぬ妻をなぜ愛することができるのか。あなたの常識をぶっ壊す…「愛」と「生命」をめぐるスペクタクル巨編が誕生！"
onnatachi-no-isedai-yuujou-gohan	女たちの異世代友情ごはん	1	1	1	gourmet,slice-of-life	"穏やかな凛と素直な初乃。
世代も性格も年の差女友達が、美味しい食べ物を食べながら、お互いの違いを理解して友情を深めていく異世代女友情グルメコミック！"
megami-eleven	女神イレブン	1	1	1	soccer,sports	"“幻の未発表原稿”が、いま甦る！
望月三起也が遺した作品単行本化プロジェクトから生まれた新刊がついに発売！

2016年4月、惜しまれつつ逝去した漫画家・望月三起也先生。代表作『ワイルド7』をはじめ、数々の傑作を発表し、アクション漫画の巨匠としての地位を不動のものとしています。
望月先生の作品リストには、これまで単行本化されていない作品がいくつかありました。
その中に原稿は全ページ完成し、フキダシには写植（セリフ文字）まで貼られているもののどの雑誌にも発表された形跡がない、タイトルも付けられていない女子サッカー漫画がありました。それが、本作『女神（ヴィーナス）イレブン』です。

◇望月先生とサッカーの深い関係
望月先生が、大のサッカー好きだったことはファンの間では有名な話です。Jリーグ発足前、1970年代からプライベートでサッカーチーム「ザ・ミイラ」を率い、自ら監督兼エースFWとして活躍しました。ご自身は三菱のファンで、プロ化後は浦和レッズのサポーターでした。三菱出身の菊川凱夫氏との縁で、藤枝ブルックスのイメージマスコットを描いたり、サッカーとの絆は、終生途切れることはありませんでした。

その愛は漫画にも生かされ、数多のサッカー題材漫画を発表。中でも「騒世記」は、女子校を舞台に繰り広げられるアクション多めの女子サッカー漫画。まだプロリーグすらなく、女性がサッカーをすること自体が珍しかった時代に描かれた、先見性に富んだ作品とも言えるでしょう。
本作もその系譜に連なるものです。日本女子サッカーのなでしこ旋風が起こる前に描かれたもので、1990年代頃に執筆されたものと推察できます。"
suki-janai-nara-furenaide	好きじゃないなら触れないで	1	1	1	romance	"好きになってしまったのは、姉の恋人ーー
叶わない片想いをしている大学生の光海(みつみ)。
弟のように可愛がってくれた優しい奏(かなで)が
姉と結婚すれば、この恋にも諦めがつくーー
恋心を封印したある日、突然奏から告白された!?
姉とはずっと前に別れたと説明されて
「光海くんが好き」とまっすぐ見つめられても、
“姉の代わり”にされている不安感は拭えず…!?"
hajimari-wa-itsumo-gohan-kara	始まりはいつもごはんから。	1	1	1	gourmet,slice-of-life	"東京から故郷の山口にUターンした直（なお）、30歳。「地元に帰ってきたのはいいものの、この先自分はどうしたらいいんだろう？」気落ちする直を連れ出したのは幼なじみの千紘（ちひろ）。誘われるまま、直は千紘と地元をドライブ＆おいしいもの巡りへ！　千紘と過ごす楽しい時間と、ふるさとの「ぶちうま」ごはんに励まされ、直は新たな夢を見つけていくーー。
第1話　道の駅のご当地ソフト
第2話　リョーユーパンのあんトースト
第3話　ふくの関のふく定食
第4話　潮彩市場防府のお寿司
第5話　ソウルフードのバリそば
第6話　藤光海風堂のころん
第7話　北京風酢豚の巻き寿司
第8話　山口ご自愛弁当
第9話　名物　瓦そば
第10話　湯田温泉食べ歩き
第11話　ナポリタン
第12話　クリームソーダ
第13話　ミックスサンド
第14話　大人のお子様ランチ
第15話　しょうが焼き定食
かきおろし"
hime-sama-to-eiyuu-to-puroresu	姫さまと英雄とプロレス	1	1	1	action,fantasy	"姉妹の絆、国の政治、世界の命運…全部プロレスで決めましょう！
幸福国家・フィーシモ公国の双子のプリンセス、「お転婆な姉」アステラと「完璧な妹」ヘリオス。 ある日、姉姫アステラが「イセカイド・ウェポン」と出会ったことで、姉妹の絆は断ち切られてしまう……。姫さまVS 姫さま、美しき姉妹格闘技ファンタジーのゴングが、今鳴り響く！"
kodoku-na-majo-ha-hikikomori-zetsurin-ouji-ni-maiban-ikasare-dekiai-sareteimasu	孤独な魔女はひきこもり絶倫王子に毎晩イかされ溺愛されています	1	1	1	ecchi,fantasy,romance	"癒しの力で回復した彼は、何度でも身体を求めてきて?

「初仕事だ、私の身体を洗え」

天涯孤独のジャクリーンローズはケガをして倒れていた少年を、母から受け継いだ力で癒し、助けた。
すると少年は一国の王子だと身分を明かし、彼女の力で兄・リュシアン殿下の心を癒し、救ってほしいと懇願する。
ある事情から東の古城にひきこもって身内を遠ざけ、人前にも出なくなったらしく…天使のような少年の頼みを断れず、
ジャクリーンローズはリュシアン殿下のもとにメイドとして働くことを申し出た。
するとリュシアン殿下は一緒に湯船に入り、彼の身体をすみずみまで洗うこと要求される。
ーー気づけば、彼がジャクリーンローズの全身をまさぐり、舐り、お互い熱くなったアソコを擦り付けあい…
今まで知らなかった快感にジャクリーンローズは夢中になってしまう!?"
kanpon-bakeneko-anzu-chan	完本化け猫あんずちゃん	1	1	1	supernatural,slice-of-life	"アニメ映画で世界を席巻！　いましろたかし『化け猫あんずちゃん』、2007年にコミックボンボンで連載した「無印版」と、2024年にコミックDAYSで連載した続編「風雲編」を一冊にまとめた「完本」、待望のリリース！　作者描き下ろしのショート漫画も収録、
この一冊で「あんずちゃん」のすべてを楽しめる永久保存版が、ここに爆誕！！"
ie-ni-kuroneko-ga-imasu	家に黒猫がいます	1	1	1	slice-of-life	"夫婦の元にやってきた小さな黒猫。生活は一変し、
猫に振り回されながらも愉快な日常。ほっこり猫ライフコミック！"
shoujo-ni-tensei-shita-serial-killer-wa-mujihi-ni-naaru-o-oitsumeru	少女に転生したシリアルキラーは、無慈悲にNarrを追い詰める。	1	1	1	mystery	"除霊師、という名の実質「何でも屋」を営むアラサー女子・奈々圭（ななか）は、ある日遠縁にあたる親戚の様子を見に行くように頼まれて向かった先で、奇妙な少女・莉流（りる）と出会う。
依頼される内容は実際に心霊関係の事件はほとんどなく、いわゆる「ヒトコワ」な現場に遭遇することが多い。相談者の話を聞いて事件の謎を模索する中、助手として引き取った莉流が持つ奇特な才能によって人間が持つドス黒い事件を次々と解決へと導いていく。とても10歳の少女とは思えない落ち着いた言動や考え方、何より犯罪者となる人間の思考を知り尽くしたかのような判断力、……そう彼女の中にはかつて死刑でその身を滅ぼしたシリアルキラーが転生しているのだった。"
shounen-mahoushi-flare-stacks	少年魔法士フレアスタックス	1	1	1	action,fantasy	"山間の閑静な町・療ヶ丘（リョウガオカ）にある療ヶ丘小学校では創立五周年記念の修学旅行が行われた。だが、東京へ向かうバスの中で生徒たちに異変が起こる。異変のなかった生徒たちだけで修学旅行は続行されたが、帰ってきた小学校でおぞましい怪異が……!? やがて町を焼き尽くす大火災が発生。生存者は小学校教員の佐富（サトミ）、療ヶ丘小五年生・阿形（アガタ）ら十一名だった。--時は過ぎ、佐富のもとに阿形が現れるーー!?
代表作『少年魔法士』の、その先の物語を描く鬼才なるしまゆりの待望作、第1巻！
※フレアスタック：flare stack。コンビナート等で高い煙突の先に灯る炎。原油採掘施設や製油所等では余剰ガスを無害化させるために燃焼させている。"
sangaku-choujin-matsuoka	山岳超人マツオカ	1	0	1	drama,horror,mystery	"七ツ岳山麓に住む老人・松岡浩が訪れたのは、
唯一の理解者だったスナックのママ・ひびきの葬儀。
自らが勧めた山での滑落事故死に思い詰める松岡。
何気なく見た現場写真に残された違和感…。
事故死への疑念とその真相が老人を戦地へと誘う…‼

“七ツ岳連峰”
美しき聖域が血で染まるーー

累計250万部突破‼「モンキーピーク」コンビが放つ
前代未聞の山岳殺戮劇、ここに開幕‼"
shishoku	思色	1	1	1	drama,historical	"稀代の天才漫画家・一ノ関圭、出色の初自選 

 2025年に画業50周年を迎える一ノ関圭の全作品の中から、作者自らが厳選した9作品を、原画から最新のデジタル技術によって、さらに美しく蘇らせた初の自選集です。自選作品の選出理由も、インタビューにて掲載します。
【本書の内容】
●収録タイトル:これまで描いた全作品の中から、作者自らが厳選した9作品を掲載。
●インタビュー:作者自らが語る、各作品の選出理由や作品にまつわるエピソード。
●描き下ろし:カバーイラスト、中扉イラスト。
●イラストギャラリー:これまで描いたイラストの中から、作者自らが厳選して掲載。"
koi-kara-wa-nigerarenai	恋からは逃げられない	1	1	1	comedy,romance,sports	"[陸上部〈おとこ〉1人!!!美女マネージャーいっっぱい!!?青春爆走ラブコメ、第3集!!!!]

中学時代、短距離（男子100m）で、全国2位となった大塚ヒロ。
しかし、彼は、1位になれなかったーー。

その理由はーーおっぱい!!!!!!?? 
そんなヒロの弱点を見抜き、スカウトした黒河高等学園の理事長!! 

大量の女子マネージャーを特別に配置された
ヒロの周りには、
誘惑がいっっっぱい♡なのです……!!!

　迫る、全国予選……!! 
迫る、恋愛前線……!!! 

全国1位を掴むために、
マネージャー達の退学を阻止するために、
今の大塚ヒロに必要なモノとは……!?

“好き”からは逃げられないーー
青春駆け抜ける、万感のクライマックス!!!"
osorubeki-kodomotachi	恐るべき子供たち	1	1	1	comedy	"説教、教育、ノーサンキュー！　大人になんてなりたくない‼︎　
「子供は純粋である」という固定観念を良くも悪くもぶち壊していく赤塚不二夫の子供キャラたち。しかし「純粋」というイメージは大人の押し付けに過ぎず、人の顔色を窺い、本能的にズル賢く、欲望に忠実なのも子供の本質だろう。そんな子供のサガを肯定しつつ、慈愛に満ちた目線で描かれた赤塚の子供キャラクター。恐ろしくも生命力にあふれる赤塚キッズたちのエピソードを集めた1冊。
ヒッピーちゃん いじわる／ヒッピーちゃんただぐい方法／
ヒッピーちゃん すて子／怪物一家／メチャクチャNO.1／ボケ男のアタマに春風ふいた／
おた助くん　ネコおじさんをやっつけろ／ジャジャ子ちゃん くさったバナナ／
ジャジャ子ちゃん あたらしいヘアースタイル／ジャジャ子ちゃん かあちゃんとおねしょ／
ジャジャ子ちゃん オカシなでんわ！／ジャジャ子ちゃん しつけがだいじよその1／
ジャジャ子ちゃん しつけがだいじよその2／ジャジャ子ちゃん ふたごになりたい／
ジャジャ子ちゃん 劇団子ぶた座／ジャジャ子ちゃん 強敵あらわる／
ジャジャ子ちゃん すごい子へんな子／ジャジャ子ちゃん へんな子の仲なおり／
カン太郎 馬鹿か画家かそれが問題だ／つまんない子ちゃん 魔法の口／
つまんない子ちゃん ヤクザ志願／へんな子ちゃん ひねくれNo.1／
へんな子ちゃん へんな子のきらいなこと／へんな子ちゃん 死ぬほどこわい親切／
へんな子ちゃん へんな子ちゃんがへんな子になるまで／
へんな子ちゃん へんな子ちゃんの赤塚先生訪問／レッツラゴン 母子草／
レッツラゴン マッチ売りの少女／天オ"
kyoufu-buta-no-machi-hino-hideshi-animal-works	恐怖!!ブタの町+日野日出志アニマルワークス	1	1	1	horror	日野日出志のアニマルホラーの決定版！恐怖‼︎ブタの町の謎に迫るあとがき付き！
imi-ga-wakaru-to-kowai-monogatari	意味がわかると怖いモノ語り	1	1	1	drama	"「モノ」はただそこに在るだけ…使うヒト次第で凶器にも利器にも変身を遂げる。
欲にかられ闇に取り込まれてしまったヒトが使った「モノ」とそのヒトの末路は…!?
大ヒット作「意味がわかると怖い4コマ」の湖西晶が放つ怖く哀しき物語。"
ijippari-na-senpai-no-shitsukekata	意地っ張りな先輩のしつけ方	1	1	1	bl,drama,romance	"「キスもプレイも全部、お前の命令（コマンド）がいいーー」

Domの永緒との同棲生活にも少しずつ慣れてきたSubの真木野。

口では強がりながらも、“素直”になる努力をし始めた矢先、
仕事先で、元恋人でDomの久慈山 稔と再会してしまう。

彼は歪んだ執着と支配で、
かつて真木野にトラウマを植え付けた張本人だった。

萎縮してしまう真木野を目にした永緒は
まっすぐ立ち向かうがーー…？

痛みと優しさを越えて、本当の信頼を育むラブストーリー。
生意気な後輩×気の強い先輩のDom/Subユニバース・オフィスラブ★第2巻

描きおろし「真木野さんのおねだり」8Pを収録！


■収録内容
・「意地っ張りな先輩のしつけ方2」」続・第1話〜続・第5話…COMICフルールにて連載の作品を修正
・「真木野さんのおねだり」8P…描きおろし"
orokamono-no-mibun	愚か者の身分	1	1	1	drama	"多田由美の新たなる到達点！！

SNSを介して金繰りに窮する相手に戸籍売買を持ちかける半グレ集団の闇ビジネスに引き寄せられる「愚者」たちーー。

映画化が決定した痛みと愛おしさに満ちたクライム群像劇を異才・多田由美が圧倒的な筆致で描く。"
aishiau-kemonotachi	愛しあう獣たち	1	1	1	bl,romance	"大企業藤堂グループの御曹司・一輝は勉強のため、
取引先のマーキュリー社で身分を隠して働いている。
一輝の教育係であり恋人の千春は、愛する一輝を一刻も早く
藤堂グループに戻し、自分の目の届くところに置きたいと望んでいた。
しかし、将来に悩んだ一輝が藤堂には戻らず、
アメリカで「起業」すると言い出した。
自分の元を離れようとする一輝に千春は抑えきれなくなるが…!?
ロングラン連載「獣」シリーズ堂々完結！
描き下ろし付き。"
senritsu-kaiki-fairu-kowasugi	戦慄怪奇ファイルコワすぎ!	1	1	1	horror,mystery,supernatural	"口裂け女を追い、撮影に成功した工藤率いる「コワすぎ!」取材班の元に、再び1本のビデオテープが届く。
そこに映っていたのは日本古来から伝わる妖怪、河童……!?
コミカライズだからこその展開にも注目！　取材班は河童を捕らえることができるのか!?

==

2012年に公開が始まった、POV形式のホラー映像シリーズ『コワすぎ!』。瞬く間にインターネット上で熱狂的な支持を獲得し、日本中が恐怖に包まれたーー。

『ノロイ』『オカルト』『貞子vs伽椰子』などで知られるホラー界の鬼才・白石晃士監督のフェイクドキュメンタリーを『恋の門』『青 オールー』『アラタの獣』の異才・羽生生純が漫画化し、衝撃を与えたコミカライズシリーズ！第1弾【口裂け女捕獲作戦】編に続く、第2弾【人喰い河童伝説】編が爆誕！

==

●羽生生純 ビームコミックス好評既刊●
[恋の門]全5巻
[恋と問]全2巻
[アラタの獣]全4巻
[この物語でネコに危害はいっさい加えておりません。]
[ルームロンダリング]上・下巻
[ジュウマン]全3巻
[いってミヨーン やってミヨーン]全3巻
[アワヤケ]全4巻
[青 オールー]全5巻
[戦慄怪奇ファイル コワすぎ!【口裂け女捕獲作戦】]

＝

●コミックビーム 公式X(Twitter)●
@COMIC_BEAM"
oshi-hakubutsukan-hitori-tabi	推し博物館ひとり旅	1	1	1	comedy,slice-of-life	"「好奇心と感動こそが、旅の原動力。
推し博ひとり旅なんて、『楽しい!』しかない!」
ーーひとりっPさん激賞!（「ひとりっぷ (R)」シリーズ著者）

大人のひとり旅の目的に「博物館」はいかが?
『漫画家しながらツアーナースしています。』シリーズの著者・明さんが、全国の大好きな博物館＝「推し博物館」を旅するコミックエッセイ。
博物館の見どころはもちろん、女性のひとり旅にうれしい「旅費」「持ち物」「食事」「夜行バスや寝台特急など移動手段」などの情報コラムも充実!

【紹介する博物館はこちら (掲載順)】
内藤記念くすり博物館／野外民族博物館 リトルワールド／ふじさんミュージアム／福井県立恐竜博物館／国立科学博物館／横浜みなと博物館／横浜開港資料館／横浜人形の家／鉄道博物館／芝山古墳・はにわ博物館／国立民族学博物館／漢字ミュージアム／京都市学校歴史博物館／京都国際マンガミュージアム／江戸東京たてもの園／ひだ宇宙科学館 カミオカラボ／奥出雲多根自然博物館／印刷博物館／日本銀行金融研究所 貨幣博物館／徳島県立博物館／関門海峡ミュージアム／立佞武多の館／ねぶたの家ワ・ラッセ／沖縄県立博物館・美術館(おきみゅー)

【著者プロフィール】
みん／漫画家・看護師。『漫画家しながらツアーナースしています。』シリーズ、『いのちの教室』(ともに集英社)のほか『リヒト 光の癒術師』(小学館クリエイティブ)『Ming短編集』(ナンバーナイン)などがある。公式X＠rikukamehameha"
oshi-kimono	推し着物	1	0	1	slice-of-life	"『着物ちゃんとロリータちゃん』
『ギャルがシルバニアファミリーを溺愛したら。#ギャルバニア』で話題の岡野く仔最新作！

着物はもっと自由でいい♪
今回もたくさんの「推し」と「着物」が登場！


・こっそり推しを感じる「概念着物コーデ」
・食べ放題でも苦しくない帯「和洋MIX甘めコーデ」
・夏祭りデートにおすすめ「浴衣リンクコーデ」
・背もたれを気にしない「映画参戦コーデ」
・骨董市で出会った「掘り出し物コーデ」
・オーダーメイドで世界に1つ「手描き帯コーデ」
・憧れのメンズ着物で「片身替わりコーデ」
・現代風に着こなせる「白無垢コーデ」

8篇に加え単行本描き下ろし漫画を収録！
新たな「推し」と「着物」がつなぐオムニバス・ストーリー


（STORY）
着物‟再”デビューを果たしたかの子は、
着物屋「お色」の店長・久乃とのお付き合いを機に
一緒に働き始めることに。

さまざまな「推し」を持つお客様とともに
着物の魅力をさらに深く楽しく知っていく！"
totonou-oto	整う音	1	1	1	music	"かつてショパンコンクールで一ノ瀬海と競い合った向井智。
海の演奏に衝撃を受けた彼はある決意を胸に、調律の世界を目指す。
『ピアノの森』から生まれたもうひとつの物語が、いま幕を開けるーー。"
shayou-ni-kou	斜陽に恋う	1	1	1	baseball,bl,drama,romance,sports	"高校最後の夏。
雛ノ井 日葵は、少年野球の頃から追いかけていた先輩の八谷 蕃李と、
もう一度同じグラウンドに立ちたいと願っていた。
ただの憧れているだけだったはずなのに、
夕日のような彼の瞳に、いつしか心を奪われていく。

けれど、蕃李の想い人は男性。
しかも、彼の弟の彼氏だったーー

「野球を諦めた先輩×バッテリーを夢見る後輩」
焦げつくように痛くて、眩しい青春BLグラフィティ。"
tabiji-no-hate	旅路の果て	1	1	1	sci-fi	"鬼才・八木ナガハルが描く衝撃のSF世界。『無限大の日々』『星々の支配者』などに続く、待望の作品集第7弾!!
「宇宙の騎士」
「パーキング軌道にて」
「不死社会」
「善き人々」
「評議会」
「回転する惑星の下で」
「再会」
「世界の外側で」"
nichinichisou	日々草	1	1	1	drama	"毎日そっと咲いてくれる花のような存在が、あなたにもありますように。
コロナ禍の2020年〜2023年に渡って発表された、短編連載『日々草』の全78本を収録。
ショート漫画の妙手・戸田誠二が贈る最新短編集。"
seibou	星芒	1	1	1	sci-fi	"SFマンガの巨匠・星野之宣、祝デビュー50周年記念出版。
初期のSF短編を中心に「全人類が今こそ読むべき傑作」を厳選！
著者あとがき、画業50年の足跡をたどる解説、未公開資料も収録。
本物のセンス・オブ・ワンダーがここにある!!
【収録作品】
●「地球光」
●「はるかなる朝」
●「荒野への脱出」
●「落雷（四次元の爆撃機）」
●「雷鳴」
●「残像　AN AFTER IMAGE」
●「美神曲　AFRODITE INFERNO」
●「月夢」
●あとがき（文・星野之宣）
●解説「1975年の衝撃と50年後の星芒」（文・南信長）
●未公開資料集
星野之宣のスケッチブックよりラフスケッチ、「コドク・エクスペリメント」ネームほか、初公開の貴重な資料を掲載！"
seimei-sama-no-jieikee-hanayome	晴明様のJK花嫁	1	1	1	fantasy,romance	"ちょっと怖がりな女子高生・星乃楓はいわゆる「視える人」。
修学旅行先の京都で池に落ちてしまい、安倍晴明の妻・かえでに転生してしまった！
伝説の陰陽師はイケメンでスパダリだけど、女好きでイケズで…!?
令和のJK楓の平安転生ファンタジー開幕!!
2025年11月刊"
saisho-de-saigo-no-muu-misa	最初で最後のムウ=ミサ	1	1	1	drama,fantasy	和田慎二作品の中でも人気キャラのムウ＝ミサが主役「深海魚は眠らない」ほか、読者からのリクエストも多いコミックス未収録シリーズ「ファティマ」を収録!!　和田慎二ファンにはたまらない一冊です！
shiba-inu-pon-chan-kyou-mo-wagamichi-o-yuku	柴犬ぽんちゃん、今日もわが道を行く	1	1	1	comedy	"Xで25万人が共感！ 可愛すぎる犬あるあるが満載、描き下ろしは大満足の40P超え！
SNSにアップする度、「うちの子もやる」「可愛すぎる」「癒される」と大バズりの柴犬ぽんちゃん第2弾。

柴犬のぽんた(通称ぽんちゃん)11才、性格はマイペース。
走ればすぐに息切れ、犬にも猫にも嫉妬、イメチェンすればおじさん化、食べ物のことになると覚醒……ユーモアたっぷりな日々。
ぽんちゃんがいれば、なんてことない毎日も笑えて、癒されて、最高な日々になる。

いつだって予想の斜め上をいく、見ていて飽きないぽんちゃんのストーリーが盛りだくさんの1冊。
イラストやひと言日記に加え、単行本でしか読めない40P超え長編マンガ「ぽんたVSぽんた」を収録。



1章「思うがままなぽんちゃん」
　・こだわりの食べ方
　・猫の才
　・添い寝
2章「ぶれないぽんちゃん」
　・さんぽの時間　「まだよ」
　・他人事
　・奪われたトレイ
3章「愛らしいぽんちゃん」
　・こりもせず
　・風のオルトロス
　・貫禄
4章「頑張るぽんちゃん」
　・今度も闘うよ雷と
　・ささみじゃーきーのちから
　・ねじれ突進
　　　　　　　　　　　　　　　　　　　　　　　　　　　　　etc..."
kyokuhoku-no-geroi	極北のゲロイ	1	1	1	drama	"もう一つの、知られざる太平洋戦争。 

 終戦の日として知られる昭和20年8月15日。
その日に戦争は終わらなかった。千島列島の北東端、占守島を舞台に描かれる戦争ドラマ巨編。
『RAINBOW-二舎六房の七人ー』の柿崎正澄が描く、もう一つの知られざる太平洋戦争。
運命に翻弄される少年兵たちの絆と友情を、緻密な取材と圧倒的筆致で描く！ 

 【編集担当からのおすすめ情報】 
 柿崎正澄最新作は、太平洋戦争を題材にした極限ドラマです。
まだ十代の少年兵たちの絆と友情を描きます。"
kabukichou-karaoke-tenin-toshikuni-san	歌舞伎町カラオケ店員としくにさん	1	1	1	drama,mystery	"欲望の街・歌舞伎町で絶賛営業中の「カラオケにゃん」には、いろいろとめんどうなお客がやってくる。
ナンパを繰り返す迷惑男、悪ノリする大学生、泣きじゃくるホスト通いの女の子…。

やっかいな事件と共に訪れる彼らを、寡黙な店員・としくにさんは、その選曲で優しくなぐさめる。
頼れる店員・としくにさんだが、このカラオケで働くのには、ある個人的な目的があった。
それは…「犯人を捜すこと」。

『赤ちゃん本部長』『Bye-Bye アタシのお兄ちゃん』の竹内佐千子がお送りする、
作者史上最もノワールなカラオケ奇譚、はじまりはじまり。"
zanzou-ni-kuchibeni-o	残像に口紅を	1	1	1	drama	"世界から一つずつ文字が消えていく。文字が消えれば、言葉が消える。
言葉で表現できないものは、この世から消える。
ーーいったいどれだけのものを消滅から守れるだろう。

ある日突然、物語の主人公として虚構の世界を生きることになった小説家・佐治勝夫。
現実と虚構が徐々に溶け合っていく中で、佐治はなにを思うのか？

＼原作約50万部／
＼TikTokをはじめ、数々のSNSで話題／
1995年の刊行以来、たびたび話題となる筒井康隆の実験的名著が、まさかのコミカライズ！

【解説：飯間浩明（国語辞典編纂者）】"
kaa-chan-ha-itsudatte-soko-ni-ita	母ちゃんは、いつだってそこにいた。	1	1	1	drama	"〜笑って、泣いて、きっと逢いたくなる。
いつの時代も変わらない母の愛がここに。〜


今年は、『おそ松くん』や『ひみつのアッコちゃん』 『天才バカボン』など、今なお愛される作品を数多く生み出した赤塚不二夫の生誕90周年！

本書では、「母ちゃん」や「ママ」といった母親たちが印象的な作品を厳選。今となってはこの本でしか読めないレア作品も多数収録！
赤塚不二夫の作風の変遷を追うように、初期のほっこり作品からギャグ漫画まで楽しめます。"
maifun-maibyou	毎分毎秒	1	1	1	drama	"「やり直したい時間はありますか？」
絵麻みどりは、浮気者の恋人・ハルキが頭部強打で倒れるも、救急車を呼ばずに見捨ててしまう。
自首前に最後の晩餐をと訪れた店ではキャンペーンがあり、
景品としてなんと「時間」が選べるようで……!?
 
時間を操れる謎の店長・間（あわい）と、
口の悪いワケありイケメン店員の鏡（かがみ）がいる喫茶店「AWAY（あわい）」。
みどりのエピソードを中心に、断ち切れない過去を抱えた人々の揺れる想いを描く、
注目のタイムリープ・ストーリー第一弾!!"
sawamura-san-no-wakuwaku-okaimono	沢村さん家のわくわくお買い物	1	1	1	slice-of-life	"買い物って、未来へのちょっとした「希望」だね。

洋服みたいなテンションが上がる大きなお買い物も、
スーパーで季節限定のスナックを発見した時のお買い物も、
どちらもわくわく楽しくて、少しだけ明日を楽しみにしてくれるーー。
…………………………
英会話教室にハマっている70歳の四朗さんは書店でキョロキョロ、英語の本を物色中。
ご近所友達が多い69歳の典江さんはスーパーをウロウロ、晩ごはんを思案顔。
40歳のひとり娘・ヒトミさんはお高いクロワッサンをわくわくお取り寄せ。
そんな平均年齢60歳の沢村家の日常を描いた人気ホーム・コミック最新刊。 

描き下ろし6ページ漫画「沢村さん一家、100円ショップに行く」、
沢村家それぞれの「お買い物ベスト3」も収録。"
miyama-to-nanase-wa-mada-tomodachi	深山と七瀬はまだ友達?	1	1	1	bl,romance	"描き下ろし40P！！！

みんなに内緒で付き合いはじめた深山と七瀬。
文化祭が近づくなかで順調に仲を深めていた二人だったが、
ひょんなことから七瀬が女装コンテストに出場することに!?
「知らなかった こんなに嫉妬するなんてーー…」
恋人が一躍注目の的となったことにモヤモヤが止まらない深山と、深山のぎこちない態度に戸惑う七瀬。
揺れ動く二人のもとに、深山の過去を知るイケメン大学生・百槻（どうづき）が現れて…！？

P5…10話 　内緒
P25…11話　挑戦
P47…12話　嫉妬
P69…13話　不安
P89…14話　特別
P111…14.5話　独占（描き下ろし）
P131…15話　先輩
P153…16話　旅行（描き下ろし）
P5…10話 　内緒
P25…11話　挑戦
P47…12話　嫉妬
P69…13話　不安
P89…14話　特別
P111…14.5話　独占（描き下ろし）
P131…15話　先輩
P153…16話　旅行（描き下ろし）"
manman-amanjiru	満満あまんじる	1	1	1	comedy,ecchi,romance	"部下女子社員発「上司と恋愛＆性交したい申請」承認します。非モテ中年・山田山係長を悦楽に引きずり込む社内外ハニトラが横行！

冴えない非モテながら人柄はめっぽういい、中肉中背（ややぽっちゃり）のアアロム電工・施工一係 山田山係長に、自身も疑念を抱くほどの濃厚すぎる人生初の「モテ期」が到来!？
ナチュラルボーンLOVE＆淫欲あふれまくる部下女子社員・春本さんの職場モラルぎりぎりセーフ（と本人は思っている）、就業時間内外を問わない「上司の指示はみっちりカラダを密着させて聞く」「上司へ湧き上がるフラチな欲情をごく自然かつ頻繁に直接、報告・連絡・相談（というより日常会話レベル）」「上司を押し倒してまでの熱意ある社内外でのセックス」などなど、数々のレアな勤務態度に、日々の業務は常にハニトラ含みの波乱模様。
さらにはドS性癖を濁々と隠しつつ、性格暗め・粘りめな伏兵美女社員・根倉さんの犯罪すれすれセーフ（と本人は思っている）な変態衝動が嵐のように降りかかり、山田山係長のサラリーマン的「明日」は、ますます混迷と快感を深めていき…!?? 
お年ごろ女子の萌える作業服姿と部下社員・春本さんの淫らかつ難解（？）な格言にもぜひぜひご注目を♪"
nijimikomu-rinjin	滲み込む隣人	1	1	1	ecchi	彼女は雨の中、傘も持たずにたたずんでいた。そんな彼女を見つけてしまった俺は、優しさから自宅へ招き入れたが…彼女の肌はとても白く、儚げで、とても下品だった！zen9が放つサスペンスエロス開幕!!
manga-ishibumi	漫画いしぶみ	1	1	1	drama	"★第55回日本漫画家協会賞大賞〈萬画部門〉受賞！

1945年8月6日、雲ひとつない夏の朝。
空襲で火事が燃え広がるのを防ぐ、建物の解体作業のために集められていた広島二中一年生の上空で原爆が爆発。そこにいた320余名の生徒たち、全員が命を落とした。
彼らがどんなふうに亡くなっていったか、家族の証言をもとに克明に記録し、50年以上読み継がれてきたロングセラーを漫画化。
大けがをしながらもなんとか家に帰りついた子、途中で家族に会えた子、逃げる途中で力尽きた子……。
一人一人の最期から、原爆の悲痛な実相が伝わってくる、貴重なノンフィクション。
巻末に池上彰さんの解説を収録。"
manga-yufuin-kikou	漫画湯布院奇行	1	1	1	drama	"もう何日経ったろう？　まるで、ずっと湯の中にいるようなーー。

SNS時代のベストセラー作家・燃え殻　×　「このマンガを読め！ 2025」第1位に選出された注目の劇画家・川勝徳重
異色のタッグがはなつ、空前絶後の幻想譚、誕生！！



熱い湯の中で身体中の血液を沸騰させると、見えないはずのものが見えてくるーー。
東京で文筆家として生活している火頭雄（かずお）。目をかけてくれていた恩師が三週間前に事故死した上、最近、同棲していた彼女にも逃げられた。身をすり減らすように仕事をこなし、荒んだ生活を送るうち、いつしか奇妙な幻想を視るように。異変を感じた友人が訪ねてきたある日、火頭雄はついに幻想に飲み込まれーー気づけば、恩師が所有していた湯布院の宿にいた。これは夢か、はたまた現実か、火頭雄を待ち受ける数奇な運命とは？



『ボクたちはみんな大人になれなかった』など数々の作品が映像化、多方面で人気を博すSNS時代のベストセラー作家・燃え殻。
『電話・睡眠・音楽』で注目を集め、『痩我慢の説』がフリースタイル誌が発表した『THE BEST MANGA 2025 このマンガを読め！』で第1位に選出されるなど話題の劇画家・川勝徳重。

異能と異才のイマジネーションが共鳴する！！"
aku-onna	灰汁女	1	1	1	drama,romance	"31歳・専業主婦の美禰子は、夫と二人きりの生活に限界を感じている。
ーー「子供が欲しいっていうより、私が生きてる意味が欲しい」 --
既婚者合コンで出会った慎司は、浮気相手の美禰子に愛の言葉を惜しみなく口にする。
慎司は家庭に居場所がなく、ただ気楽さを外に求めていた。
美禰子の友人・典果は、冷えきった夫婦関係の虚しさを埋めるように、女風に通いつめている。
ーー愛されたい。けれど、どこまでも空洞な私たち。
既婚者たちの『居場所探し』の物語。"
mujihi-na-yoru-ni	無慈悲なヨルに	1	0	1	bl,comedy,drama,romance	"長い片想いを経て、年下の恋人・相川久遠と同棲を始めた白羽七王。
毎朝久遠の隣で目覚めるのは、怖いくらい甘やかで幸せだ。
そんなある日、七王の親友・辰巳が大学に現れた。
辰巳に言いようのない不信感を抱いた久遠から、彼に注意するよう言われ、喧嘩をしてしまう二人。
心がすれ違ったまま、久遠がしばらく帰省することになり…!?
大ヒット「ワルイコトシタイ」シリーズ！
寡黙な大学生・久遠×魔性の青年・七王編完結！描き下ろし付き。"
inu-mayuge-de-ikou-not-machigaisagashi	犬マユゲでいこうnotまちがいさがし	1	1	1	comedy	"「notまちがいさがし」はまちがいさがしではないのでまちがいを探したら負けだ。

この本はパズル雑誌ではありません。この本は犬マユというマンガです。
いろいろ足しといたヨー。
◆よくわからない巻頭コーナー
◆レギュラーロゴ＆フォントを紹介したい
◆勝手に推しアレコレ発表
◆ゲーム機修理その後……
◆登場人物が多いアニメを観ました
◆『DQB2』息を吸うように追加する
◆アナログ4コマ完成まで
収録イジられゲーム等 Switch『薔薇と椿』、『不思議のダンジョン 風来のシレン6』、『パラノマサイト』、『ママにゲーム隠された！』、『アンジェリーク』、『DQB2』、『DQIII』、自分の名前が違ってた、B級映画とは、iPad力尽きる 他"
kitsune-to-sensha-to-ougon-to	狐と戦車と黄金と	1	1	1	action,adventure,fantasy,suspense	"戦車傭兵の狐娘は「74式戦車S改II」を駆って貧乏脱出を目指す!!
狐娘のフォクシーは、「74式戦車S改II」を駆る名うての戦車傭兵「ナナヨン・カンパニー」の車長。自転車操業のある日、とあるキャラバンで人さらいから救った美少女が、貧乏脱出のための鍵となるーー!?"
tagawa-suihou-no-shinpan-tako-no-hatsu-chan	田河水泡の「新版タコの八ちゃん」	1	1	1	comedy,adventure	"タコの八ちゃん、陸にあがって人間世界に仲間入り！

「のらくろ」の作者、田河水泡の知られざる戦後長編漫画『新版　タコの八ちゃん』。

シリーズ3巻（「はじまりの巻」「びっくりの巻」「ホームランの巻」）を合冊して初めて復刻！

「新版 タコの八ちゃん　はじまりの巻」（日文社、昭和34年、96ページ）
「新版 タコの八ちゃん　びっくりの巻」（日文社、昭和34年、96ページ）
「新版 タコの八ちゃん　ホームランの巻」（日文社、昭和35年、96ページ）
「新版 タコの八ちゃん　はじまりの巻」（日文社、昭和34年、96ページ）
「新版 タコの八ちゃん　びっくりの巻」（日文社、昭和34年、96ページ）
「新版 タコの八ちゃん　ホームランの巻」（日文社、昭和35年、96ページ）"
isekai-tanuki	異世界たぬき	1	1	1	fantasy,isekai	"日本の珍獣、異世界を化かす。　たぬきのマーゴは、飼い主のおじいさんが大好き。そんなある日、おじいさんが救急車で運ばれてしまいます。追いかけようと道路に出ると、目の前にはトラックが!?
マーゴは今わの際に願いました、おじいさんに会いたいとーー。すると、たぬきの女神様が現れて生き返るチャンスをくれると言い始めて…。日本の珍獣による異世界珍道中、はじまりはじまり。"
shiritakunakatta-sekai-no-gedou-hanzai-file	知りたくなかった!世界の外道犯罪事件簿	1	1	1	horror	"遺体を腐乱させた後に凌辱する連続強姦魔
首切りに執着する男
子供の入院患者を薬殺していく准看護師
のど笛を歯で嚙みちぎり、人肉を売っていた精肉店主
硫酸で遺体を溶かし、完全犯罪を狙った凶悪詐欺師
…など常軌を逸する殺癖をもった外道たちの犯行をマンガ化。

読むのがつらくなるほど怖い「犯罪事件簿」シリーズ第3弾も
国内外の猟奇的事件を多量収集。人間の本性をあぶりだす!"
anabou	穴棒	1	1	1	ecchi,sports	"究極のエロスって何だ？ 答えがここに。 

 究極の快楽って何だろう？ それは気持ちよくイクことだ。
相手の性癖を突き、悦ばせて勝敗を競うスポーツ穴棒。
この競技にひかれていく中根紗季が体験するめくるめくエロスの世界とは！？ 

 【編集担当からのおすすめ情報】 
 「前科者」を生んだ強力タッグによる新感覚のエロ漫画です。
是非ご一読ください。"
sorairo-shingyou	空色心経	1	1	1	drama	大丈夫、心はやがて、のどかな海にたどり着くから黒と青の織りなす世にも美しい2色刷コミック『この世界の片隅に』著者約12年ぶり長編ストーリー！未知のウイルスがまん延する中、スーパーマーケットで働く麻木あいはある悩みを心に秘めていた。一方、遥か昔のインドで、観自在菩薩がお釈迦様の弟子・舎利子と対話している。あいは、苦しみの中で、観自在菩薩の説く般若心経と出会い、そしてーー。
zaiaku	罪悪	1	0	1	drama,mind-game	"自身の罪の原風景を描いた著者初の短編集 

 あの日の罪は今でも血を流している・・・

記憶の奥底で疼く傷・・・赦されることなく、風化することなく、疼き続けるその痛みこそが、作家の現在（リアル）を形づくる。

『惡の華』『血の轍』の押見修造氏が、自身の実体験を元に描いた回想録4編を収録！！かつてない“私漫画”短編集、登場。"
kusarizoroi-no-doukyuusei	腐揃いの同級生	1	1	1	bl,romance	"弓道部の部長を務める真斗は、
最近不調が続き悩んでいた。
そんな中、同級生の大神から
射詰競射で勝てば指導してやると提案される。
喜んだのも束の間、真斗が負けた時の代償が
“キス”だと言われ…!?
背に腹は変えられぬと勝負を受けた真斗だけど、
あっさり敗北し、初キスを奪われてしまう。
さらに賭けの内容はエスカレートしていき、
真斗は貞操の危機を感じ始め…!?"
hanakanmuri-no-hanamuko	花冠の花婿	1	1	1	bl,fantasy,romance,supernatural	7年ぶりに亡くなった祖父の家を訪れた高校生・悠矢（ゆうや）。そこで、行方不明だった血の繋がらない叔父と再会!!　幼い頃に面倒を見てくれた初恋の人ーーけれどその姿は、昔とまったく変わらぬ人外の若さと美貌をまとっていた。普通じゃない私は嫌われてしまう…怯える叔父に「たとえ人間じゃなくてもいい、俺と結婚して」そう想いを告げたとたん、いきなり庭中の花が狂い咲いて!?
hana-musubu-koi	花結ぶ恋	1	1	1	drama,romance	繊細な描写で女性にエールを送る大谷博子の『風のペンション』シリーズ傑作選！ 作品舞台である北海道に佇む「ペンションやましな」は、人の痛みがわかる愛あふれる人達と大自然が、心身ともに傷ついた宿泊客を癒し、再生させてくれる場所。冬が長いこの北の大地で、花のつぼみが開花するように、傷ついた女性たちが心を開き、花を咲かせるように恋をするエピソードを贈り届けます。--「風の狭間で」「春の息吹（前・後編）」「彼女と彼」の全3篇を収録。
ochikobore-koryuu-no-endan	落ちこぼれ子竜の縁談	1	1	1	fantasy,romance	「竜のパティも、人間のパトリシア嬢も、ずっと抱っこしていたいくらい可愛いね」高貴な竜の血を引くメテオリット家の末娘・パティの秘密は、恐怖や驚きにより、小さくてピンクで翼のない、出来損ない子竜になってしまうこと。「こんな私なんて一生愛されっこない」…自分を卑下するばかりのパティに持ち上がった縁談話、相手は13歳も年上の次期シャルベリ辺境伯・シャルロ。見目麗しく優しげな態度とは裏腹に、動物嫌いらしい一面を見てしまったパティは、傷付き萎縮するばかり。けれど、うっかり子竜姿を見られてしまったら、信じられないほど溺愛されて!?クールに見えて可愛いもの（小動物）大好きな美丈夫軍司令官に、子竜姿でも人間姿でも愛されまくり☆大人気・年の差異類婚姻譚、コミカライズ第1巻!!
shokushu-kareshi	触手・彼氏	1	1	1	comedy,romance	植取伸多は彼女の胡桃を愛してやまない大学生。けれど彼の体は触手に変わりつつあった！？しかし秘密を知った胡桃の反応は意外なもので…？どんな変化も愛さえあれば！完全変態カップルコメディ♡
yomikirishuu-koi	読切集『恋』	1	1	1	drama,romance	"少年ジャンプ＋10周年記念 止まらない、止まれない、この恋心。
【収録作品】
キスしたい男［タイザン5］
ママごめん、私コロナ禍にホスト通ってる。［朝賀庵］
心中［矢薙／増渕ウナム］
愛を食らわば皿まで［ナジ］
うつろうカノジョたち［大豆田］"
yomikirishuu-sei	読切集『生』	1	1	1	drama	"少年ジャンプ＋10周年記念 懸命な生き様を描く。
【収録作品】
にくをはぐ［遠田おと］
16歳の身体地図［モリエサトシ］
打ち切られ漫画家、同人イベントへ行く［澄ヒビト］
ミーシア［吉野マト］
だめっ子みーちゃん［棉きのし］"
tsuji-getsu-tan	辻月探	1	1	1	action,adventure,fantasy	"孤高の老剣士が異国の地で剣技を揮う！
剣術抄シリーズ、最新作!!

ただひたすら剣の道を生きていた老剣士・辻月探。
ある日、時空を移動する謎の装置を手にしたことで、
時を超え「ゼナ国」という別世界へ迷い込む。
ゼナ国では軍の将軍から剣の腕を買われ、
兵士たちに剣術指導をする充実した日々を送るが、
突如、敵対するオー国が攻め入ってきたことで、
月探は兵士らと共に戦うことになるーー"
unsou-kaisha-torakku-driver-no-dare-ni-mo-ienai-tondemo-gyoumu-nisshi	運送会社トラックドライバーの誰にも言えないトンデモ業務日誌	1	1	1	drama	"2024年問題で揺れた運送会社のトラックドライバーの現実を描く。基本給は七万円、タイムカードを押した後のサービス残業、備品はすべて自費…etc.。ブラックと呼ばれるにふさわしい仕事内容から、お客さんには言えない業界内での悪行などもすべて暴きます。


CONTENTS
第1便　荷物の行方は？
第2便　基本給のカラクリ
第3便　トラックドライバーあるある
第4便　対策できないクレーマー
第5便　事故への認識
第6便　ヘッドハンティング
第7便　運びたくない荷物
第8便　倒産していく顧客
第9便　腰痛の原因"
hasegawa-machiko-no-shin-yajikita-douchuuki	長谷川町子の『新やじきた道中記』	1	1	1	adventure,comedy	"やじさんときたさんの珍道中
道づれにまさかのサザエさん！？

まぼろしの連載の最終回までが初めて一冊に！


「サザエさん」の作者、長谷川町子による「東海道中膝栗毛」のパロディ漫画。
昭和20年代に「週刊朝日」に連載された作品を、初めて最終話まで一冊にまとめた単行本。

「新やじきた道中記」は、歌舞伎や時代劇を愛した町子が、初めて時代物に挑戦した作品で、万人に愛される、やじさん、きたさんの凸凹コンビによる江戸・日本橋から伊勢までの珍道中を描いている。　旅の途中にサザエさんも登場するなどした。

「週刊朝日」連載当時、大人気となり、映画化もされている。その映画『新やじきた道中』（1952年公開）には、花菱アチャコと横山エンタツが、弥次郎兵衛、喜多八を演じている。

これまで数回単行本化されているが、桑名宿（三重県）を過ぎたあたりで突然終わり、最後の7話が未収録だった。7話のうち4話はのちに描き直して別の著書（『エプロンおばさん』 第5巻）に収録したが、残り3話はどこにも収録されていない。今回は最終話を含む単行本未収録の3作品も初めて収録する。
『新やじきた道中記　第一集』
『新やじきた道中記　第二集』
『第一集』『第二集』未収録作品

『新やじきたかるた』の世界
「復刊に寄せて　「新やじきた道中記」と町子さん」イッセー尾形（俳優）
「解説　「新やじきた道中記」について」相澤弘子（長谷川町子美術館学芸員 ）"
asagaya-succubus-doujin-monogatari	阿佐ヶ谷サキュバス同人物語	1	1	1	comedy,ecchi	同人で糊口をしのぐ生活を続ける佐藤莉奈。 ふと立ち寄ったコンビニで、エロ本が無いことに憤る洋風美女に絡まれてしまう。 辛くもその場から脱出することが出来たが、突如頭上に落ちてきた看板で頭が真っ二つに…!? 朦朧とする意識の中、目の前には先ほどの洋風美女が。 彼女は言った、助かりたいなら私と契約しなさいと…。 ザコザコ同人作家がエリートサキュバスと一緒に同人界隈の天下を目指す…!? ダラダラ同棲日常コメディ!!
shougaisha-senmon-fuuzoku-jou-no-watashi	障がい者専門風俗嬢のわたし	1	1	1	drama	"長い間、蓋をされてきた「障がい者の性」の現実や偏見に立ち向かうーー。

『マツコの知らない世界』などを手掛けてきたディレクター三谷三四郎氏によるYouTube番組「街録ch あなたの人生、教えて下さい」に出演し800万回再生を記録した一般社団法人「輝き製作所」代表で現役風俗嬢の小西理恵氏と『虐待父がようやく死んだ』『女性の死に方』など、センセーショナルなテーマを描いた作品に定評のある漫画家・あらいぴろよ氏によるセミフィクション。

【あらすじ】デリヘルで学費を稼ぎ、念願の看護師になった主人公つくしは、ある動画配信で「障がい者専門の風俗嬢」の存在を知る。そこで語られていたのは、あることがないことにされタブー視される「障がい者の性」の実態だった。自分の体験とも重なり奮起した主人公は、その世界に飛び込むことを決めるがーー。知的障害の弟を持つ姉からの相談、ヘルパーによる介護が必要な20代男性、メンタル不調で治療中の女性……つくしは、様々な立場のお客さんに向き合い、先輩しずくに支えられながら前に進んでいくーー。


【解説】坂爪真吾（ホワイトハンズ・NPO法人風テラス創業者）"
aogashima-hard-mode	青ヶ島ハードモード	1	1	1	comedy	"kindleインディーズで1位を取った著者の旅エッセイが、大幅加筆＆新作エッセイを加えて単行本化！
日本で一番上陸が困難な離島、東京都青ヶ島。交通、生活、絶景など、なかなか知ることのできない情報が満載。
目的地不明!?描き下ろしのミステリー船旅編も収録。"
fuuma-no-kojirou-gaiden	風魔の小次郎外伝	1	1	1	action	"40年の時を経た伝説の名作、「風魔の小次郎」最新作!!
小次郎の最大のライバルにして最強の男、飛鳥武蔵を主役とした物語が幕を開ける。
飛鳥武蔵の知られざる過去……孤高の忍狩りとなる以前の姿を描いた「淵源の章」
飛鳥武蔵に黄金剣あり……伝説の聖剣「黄金剣」との出会いを描いた「聖剣の章」
そして最愛の妹、絵里奈の死後……孤独となった飛鳥武蔵の新たな旅路「死国の章」を収録！"
kuro-zange	黒懺悔	1	1	1	horror	"社会をナメた女子大生・聴村りすんが始めたのは、
一懺悔一万円のインチキ懺悔室…！

愛する妻をバラバラにした夫に、誹謗中傷に死を返す過激なファン…。
狂気の秘密を持った迷える子羊達が、
今日も懺悔室で罪を吐き出すーー。
 
現代人が抱える黒い秘密とその結末に恐怖と涙を。
洋介犬がおくる秘密告白“人怖”ホラー！！"
akimoto-osamu-no-naisu-na-choice-kochikame-live	秋本治のナイス!なチョイスこち亀live!!	18	1	1	comedy,gag	
golgo-13-shorty	ゴルゴ13 shorty	8	1	1	action	
gundlander	ガンドランダー	7	1	1	fantasy,action	
torajima-no-mii-me	トラジマのミーめ	6	1	1	comedy	
hal-s-moto	HAL'S MOTO	6	1	1	sports,drama	
comic-mei-tantei-asami-mitsuhiko	コミック名探偵浅見光彦	5	1	1	mystery	
aru-hi-kara-tsukaeru-you-ni-natta-teni-mahou-ga-bannou-de-ikiru-no-ga-tanoshiku-narimashita	ある日から使えるようになった転移魔法が万能で生きるのが楽しくなりました	4	1	1	isekai,fantasy	
comic-akagawa-jirou-mystery	コミック赤川次郎ミステリー	4	1	1	mystery	
golgo-13-characters	ゴルゴ13 characters	4	1	1	action	
kekkon-nochi-love	結婚、のち恋愛。	4	1	1	romance,drama	
gikazoku-ni-shuuchaku-sarete-imasu	義家族に執着されています	4	1	1	fantasy,isekai,romance	
sorosoro-no-dankai-desu	そろそろ×××の段階です!	3	1	1	romance	
motokare-shidou-kun-ni-kokuritai	モトカレ紫藤くんに告りたい!	3	1	1	romance	
monty-paradise	モンティパラダイス	3	1	1	fantasy,sci-fi,drama	モンティパラダイスー意地悪な王様と秘密の記憶ー第2巻
daisuki-na-hito-nanoni-sefure-keiyaku-musunjaimashita	大好きな人なのにセフレ契約結んじゃいました…	3	1	1	romance,drama	
koutei-to-chouki-wa-naka-ga-owarui	皇帝と寵姫は仲がお悪い	3	1	1	fantasy,romance,historical	
migawari-hime-wa-ringoku-no-yuumou-ou-ni-dekiai-dekiaisareru	身代わり姫は隣国の勇猛王に溺愛される	3	0	1	romance	
ato-wa-go-jiyuu-ni-douzo	あとはご自由にどうぞ!	3	1	1	action,adventure,comedy,ecchi,fantasy,isekai,supernatural	
henkutsu-saishou-osanazuma-ni-rouraku-dekiaisareru	偏屈宰相、幼妻に篭絡される	3	1	1	romance	
hime-no-otto-wa-maiban-kawaru	姫の夫は毎晩変わる	3	1	1	isekai,fantasy,romance	
boukun-sama-wa-yasashiku-naritai	暴君様は優しくなりたい	3	1	1	fantasy,romance,comedy	
suna-mahou-de-suna-no-oukoku-o-tsukurou	砂魔法で砂の王国を作ろう	3	1	1	action,adventure,comedy,fantasy,romance	
ore-no-shoya-wa-nando-attemo-ii	おれの初夜は何度あってもいい.	2	1	1	bl,romance	
katawarezuki-no-yoru-ni-naite	かたわれづきの夜に鳴いて	2	1	1	bl,fantasy	
kono-koi-wa-kitto-amasugiru	この恋はきっと、甘すぎる	2	0	1	bl,romance	
kore-wa-kitto-unmei-no-koi	これはきっと、運命の恋	2	1	1	romance,drama	
hajimemashite-orenoshinyuu	はじめまして、オレの親友	2	1	1	bl,drama,romance	
baka-de-yowakute-buzama-demo	バカで弱くて無様でも	2	0	1	romance	
my-fair-killer	マイ・フェア・キラー	2	1	1	mystery,drama	
yanbaru-no-tatakai	ヤンバルの戦い	2	1	1	historical,action,drama	
reitetsu-shachou-to-kozukuri-kon	冷徹社長と子づくり婚	2	1	1	romance,drama	
kimi-ga-mata-kakidasu-sen	君がまた描きだす線	2	1	1	romance	
daikichi-soba	大吉蕎麦	2	1	1	gourmet,drama	
gokudou-domu-sabu	極道dom/sub	2	1	1	romance,drama	
monoushinai-gata-kirakira-blue	物失型キラキラブルー	2	0	1	romance,sci-fi	
gendaishi-no-naka-no-golgo-13	現代史の中のゴルゴ13	2	1	1	action	
kami-spec-kami-darling	神スペック神ダーリン	2	1	1	romance,comedy	
watashi-o-futta-hito-no-kozukuri-aite-ni-meizeraremashita	私を振った人の子作り相手に命ぜられました	2	1	1	fantasy,romance,drama	
miyori-no-nai-onnanoko	身寄りのない女の子	2	1	1	comedy,mind-game,romance,slice-of-life	
3000-nen-fuuin-sareshi-jaryuu-chan-to-tomodachi-ni-narimashita	3000年封印されし邪龍ちゃんと友達になりました	2	0	1	comedy,fantasy	
and-again	And again	2	1	1	drama	
the-die-is-cast	The die is cast	2	1	1	bl,drama,romance	
anata-no-amai-kiba-de	あなたの甘い牙で	2	1	1	romance	虐げられていた私が、妖の番として花嫁に!?
cut-back-end-roll	カットバック:エンドロール	2	0	1	bl,drama,romance	
secret-share-house	シークレットシェアハウス	2	1	1	bl,romance,drama	
twin-reincarnation	ツインリンカネーション	2	1	1	isekai,fantasy	
nonguzu	ノンぐず	2	1	1	bl,drama	
papa-kari-wa-komando-nante-hoshikunai	パパ (仮) はコマンドなんて欲しくない	2	1	1	bl	
hitsuji-no-suimin-suishin-iinkai	ヒツジの睡眠推進委員会	2	1	1	comedy,slice-of-life	
lullaby-bye-lily	ララバイバイリリー	2	0	1	bl,drama,romance	
vanpaia-dekiaiparadaisu	ヴァンパイア♥溺愛パラダイス	2	0	1	romance,supernatural	
chuunen-junai-syndrome	中年純愛シンドローム	2	1	1	romance,drama	
jiko-bukken-tantei	事故物件探偵	2	1	1	mystery,supernatural	
ningyouhime-ha-migawari-ni-koori-no-ouji-no-moto-he-totsugu	人形姫は身代わりに氷の王子の元へ嫁ぐ	2	1	1	fantasy,romance,drama,isekai	
sajou-rihito-no-chichi-to-sono-buka	佐条利人の父とその部下	2	0	1	bl,drama,slice-of-life	
shokei-flag-mansai-no-kiraware-ouji-no-yarinaoshi	処刑フラグ満載の嫌われ皇子のやり直し	2	1	1	isekai,fantasy	
kuchibeni-o-tsukete-shussha-suru-shinnyuu-shine-ga-ki-ni-naru	口紅をつけて出社する新入社員が気になる	2	1	1	romance	
uso-niwa-mukanai-shokugyou-shiikueru	嘘には向かない職業sequel	2	1	1	bl,drama	
shukuteki-na-hazu-ga-kare-no-mukidashi-no-dekiai-kara-hanareraremasen	宿敵なはずが、彼の剥き出しの溺愛から離れられません	2	1	1	romance,drama	
misokagokoro	密心	2	0	1	bl,drama,romance	
kokoro-no-naka-ga-mieru-ouji-to-kokoro-no-naka-wa-makkuro-reijou	心の中が見える王子と心の中は真っ黒令嬢	2	0	1	comedy,drama,fantasy,romance	
medeyo-kaoruru-tsumugi-kaze	愛でよ!薫るるつむぎ風	2	1	1	romance,historical	
haikei-tengoku-no-nee-san-yuusha-ni-natta-mei-ga-erosugite-oji-san-hogosha-toka-sorosoro-muri-desu	拝啓、天国の姉さん、勇者になった姪がエロすぎて-叔父さん、保護者とかそろそろ無理です+	2	1	1	action,adventure,comedy,ecchi,fantasy	
oshi-koi	推し恋	2	1	1	school	
binwan-hisho-ni-yuuwaku-saremashita	敏腕秘書に誘惑されました	2	0	1	romance	
hoshi-no-seijin	星の聖人	2	1	1	fantasy,romance	
bou-kun-onzoushi-no-dekiai-moukou-kara-nigerarenai-unmei-mitai-desu	暴君御曹司の溺愛猛攻から逃げられない運命みたいです!?	2	1	1	romance,drama	“運命の恋人”からの溺愛猛攻に、身も心も染められてーー。
tsukiyo-no-mishin-koubou	月夜のミシン工房	2	1	1	romance,fantasy	
honban-kinshi-ijiwaru-serapisuto-no-torotoro-dekiai-ryouhou	本番、禁止。いじわるセラピストのとろとろ溺愛療法	2	1	1	romance,drama	
gokujou-kareshi-to-himitsu-no-amakoi	極上彼氏と秘密の甘恋	2	1	1	romance,drama	
yuri-fetish-life	百合フェチLIFE	2	1	1	ecchi,romance	
himegoto-o-ajiwatte	秘めごとを味わって	2	0	1	bl,drama,romance	
emu-no-rakuen	Mの楽園	1	1	1	romance	
anata-no-shiranai-kyoufu-no-sekai	あなたの知らない恐怖の世界	1	1	1	horror,drama	
gomanetsu	ごまんえつ	1	1	1	essay,gourmet	
yuu-chan	ゆうちゃん	1	0	1	bl,comedy,drama,romance	
comic-ran-selection-seirei-kakkin	コミック乱セレクション精励恪勤	1	1	1	historical	
shinpapa-to-hatsukoi-etude	シンパパと初恋エチュード	1	1	1	romance	
baldish-hotel	バルディッシュ・ホテル	1	1	1	comedy	
yodan-to-kaidan	余談と怪談	1	0	1	slice-of-life,supernatural	
yumekui	夢喰い	1	0	1	drama,fantasy,sci-fi	
akuyaku-hime-desu-kirawarete-iru-hazu-no-ouji-to-kozukuri-shinaito-ikemasen	悪役姫ですが、嫌われているはずの王子と子作りしないといけません。	1	1	1	fantasy,romance,drama	
miseijuku-2024	未成熟	1	1	1	drama,slice-of-life	
sanada-yukimura-wa-naze-nihonichi-no-tsuwamono-to-shousareta-noka	真田幸村はなぜ日本一の兵と称されたのか?	1	1	1	historical	
ura-aka-otoko-wa-dakaretai-seme-sama-no-1-ni-saretai	裏アカ男子は抱かれたい攻め様No. 1に××されたい	1	0	1	romance	
ura-aka-otoko-wa-dakaretai-seme-sama-no-1-ni-xx-saretai	裏アカ男子は抱かれたい攻め様No.1にXXされたい	1	1	1	romance,ecchi	
migawari-nante-okotowari	身代わりなんてお断り!	1	1	1	romance,drama	
noraneko-ni-piza	野良猫にピザ	1	0	1	bl,romance	
hijoushiki-ni-mo-hodo-ga-aru	非常識にもほどがある!	1	1	1	drama,comedy	
za-kabocha-wine-first-rukku	TheかぼちゃワインFirst Look	1	1	1	romance,comedy,school	＊
aoi-shundou	あおい蠢動	1	0	1	drama	
akai-shundou	あかい蠢動	1	0	1	drama	
banashi-miraibanashi	むかし話みらい話	1	1	1	drama	
otokogi-2025	オトコギ。	1	1	1	bl,romance	
guutenberuku-no-himitsu-no-tobira	グーテンベルクのひみつの扉	1	1	1	fantasy,drama	
comic-ran-selection-sen-tan-banren	コミック乱セレクション千鍛万錬	1	1	1	historical	
comic-ran-selection-kennin-kaketsu	コミック乱セレクション堅忍果決	1	1	1	historical	
comic-ran-selection-soumei-gouki	コミック乱セレクション聡明剛毅	1	1	1	historical	
comic-ran-selection-eishi-sassou	コミック乱セレクション英姿颯爽	1	1	1	historical	
comic-ran-selection-sokusen-sokketsu	コミック乱セレクション速戦即決	1	1	1	historical	
comic-ran-selection-doutou-tetsugaku	コミック乱セレクション銅頭鉄額	1	1	1	historical	
changeling-elf	チェンジリングエルフ	1	1	1	romance,fantasy	
tennis-no-yukimura-san	テニスの幸村さん	1	1	1	sports	
tennis-no-shiraishi-buchou	テニスの白石部長	1	1	1	sports	
tennis-no-atobe-sama	テニスの跡部様	1	1	1	sports	
neo-cat	ネオ・キャット	1	1	1	comedy,slice-of-life,supernatural	
boku-wa-nisemono-no-kimi-ni-koi-o-suru	ボクはニセモノノキミに恋をする	1	1	1	romance	
majime-ni-ikitai-onagawa-san	マジめにイキたい小名川さん	1	1	1	ecchi,comedy	
ribbon-no-kishi-missing-piishizu	リボンの騎士MISSING PIECES	1	1	1	fantasy	＊
jinsei-iroiro	人生色々	1	1	1	drama	
ore-isekai-de-torotoro-ni-aisarechattemasu	俺、異世界でとろとろに愛されちゃってます	1	1	1	bl,isekai	
machiawase-wa-sasoriza-no-dokoka-de	待ち合わせはさそり座のどこかで	1	0	1	bl,drama,romance	
tokugawa-ieyasu-to-sanada-yukimura	徳川家康と真田幸村	1	1	1	historical,drama	
love-jakusha-no-bibouroku	恋愛弱者の美貌録	1	1	1	romance,comedy	
shinjuku-momiji-ike	新宿もみじ池	1	1	1	historical,action	
edo-o-sawagaseta-10-nin-no-onnatachi	江戸を騒がせた10人の女たち	1	1	1	historical,drama	
ikizurai-mama-waraeta-nara	生きづらいまま笑えたなら	1	1	1	drama,slice-of-life	
ikenie-no-seijo-wa-umarekawattemo-maou-sama-ni-ai-o-sasagu	生贄の聖女は生まれ変わっても魔王様に愛を捧ぐ	1	1	1	fantasy,romance	
isekai-oni-joushi	異世界鬼上司	1	1	1	fantasy,isekai	
akimoto-osamu-no-naisu-na-choice-kochikame-50-shuunen	秋本治のナイス!なチョイスこち亀50周年!!	1	1	1	comedy	
bidan-to-kaneko	美男と金子	1	0	1	drama	
datsuraku-reijou-no-kekkon	脱落令嬢の結婚	1	0	1	drama,slice-of-life	
shundou	蠢動	1	0	1	drama	
echigo-no-tora-uesugi-kenshin-ni-tenka-wa-toreta-noka	越後の虎・上杉謙信に天下は取れたのか。	1	1	1	historical	
maou-sama-sekai-ga-oishi-sugite-horobosu-no-o-yameru	魔王様、世界が美味しすぎて滅ぼすのをやめる。	1	1	1	comedy,fantasy	
