isbn13	date	publisher	series	volume	title	kana	creators	creators_roled
9784805318393	[2024]	チャールズ・イー・タトル出版			AKUTAGAWA&#39;S RASHÔMON and OTHER STORIES : THE MANGA EDITION	アクタガワズラショウモンアンドアザーストーリーズ:ザマンガエディション	芥川, 竜之介, 1892-1927/mkdeville/Nicloux, Ph	Ryunosuke Akutagawa [原作]:/mkdeville [翻案]:/Philippe Nicloux [イラスト]:
9784758018586	2024.1	一迅社	ベビードール×comics		悪役令嬢のはずが、絶倫溺愛ルートでトロトロに愛されちゃうアンソロジー	アクヤクレイジョウノハズガ、ゼツリンデキアイルートデトロトロニアイサレチャウアン		
9784799765371	2024.1	リブレ	クロフネcomics. くろふねピクシブシリーズ		悪役令嬢は溺愛エンドを回避できません! : アンソロジー	アクヤクレイジョウワデキアイエンドオカイヒデキマセン!:アンソロジー		
9784867207093	[2024]	コアミックス	ゼノンコミックス	1	アテナの卒業式 : 中学校教師菜花さきの戦い. 1	アテナノソツギョウシキ:チュウガッコウキョウシナバナサキノタタカイ	戸井, 理恵/のぶ	戸井理恵:/のぶ:監修
9784821157648	2024.1	ぶんか社	Bunkasha comics		あなたが体験した怖い話 : 怖い部屋	アナタガタイケンシタコワイハナシ:コワイヘヤ		
9784065360002	2024.7	講談社		44	宇宙兄弟 44	ウチュウキョウダイ	小山, 宙哉	小山宙哉著:
9784758039819	2024.1	一迅社	IDコミックス. Zero-sum comics		お飾り妻は冷酷旦那様と離縁したい! : 実は溺愛されていたなんて知りません : アンソロジーコミック	オカザリヅマワレイコクダンナサマトリエンシタイ!:ジツワデキアイサレテイタナンテ		
9784088934747	2024.12	集英社		16	推しの子 16	オシノコ	横槍, メンゴ/赤坂, アカ	赤坂アカ著 ; 横槍メンゴ著:
9784838756438	2024.1	マガジンハウス	マガジンハウスムック		大人も読みたい藤子・F・不二雄100 : THE BEST OF FUJIKO・F・FUJIO	オトナモヨミタイフジコエフフジオヒャク:ザベストオブフジコエフフジオ		
9784821157785	2024.1	ぶんか社	Bunkasha comics	Vol. 40	俺流!絶品めし. Vol. 40	オレリュウ!ゼッピンメシ		
9784396750534	2024.10	祥伝社		4	女の園の星 4	オンナノソノノホシ	和山, やま	和山やま著:
9784099431488	2024.1	小学館	ゲッサン少年サンデーコミックススペシャル	20	からかい上手の高木さん. 20	カラカイジョウズノタカギサン	山本, 崇一朗	山本崇一朗:著/山本崇一朗:著
9784098530977	２０２４．１	小学館	ゲッサン少年サンデーコミックススペシャル	20	からかい上手の高木さん 20	カラカイジョウズノタカギサン	山本, 崇一朗	山本崇一朗:著
9784041148426	2024.2	KADOKAWA	角川コミックス・エース	20	機動戦士ZガンダムDefine 20	キドウセンシゼータガンダムディファイン	北爪/宏幸/矢立/肇/富野/由悠季	北爪宏幸:著/矢立肇:原案/富野由悠季:原案
9784054069954	[2024]	[Gakken]	学研の図鑑 ; 48		キン肉マン技	キンニクマンワザ	ゆでたまご/学研プラス	ゆでたまご:監修/学研図鑑編集室 編集・制作:
9784091578471	2024.12	小学館		19	薬屋のひとりごと : 猫猫の後宮謎解き手帳 19	クスリヤノヒトリゴト:マオマオノコウキュウナゾトキテチョウ	日向, 夏/倉田, 三ノ路/しの, とうこ	日向夏原作 ; 倉田三ノ路作画 ; しのとうこキャラクター原案:
9784091578174	2024.3	小学館		18	薬屋のひとりごと : 猫猫の後宮謎解き手帳 18	クスリヤノヒトリゴト:マオマオノコウキュウナゾトキテチョウ	日向, 夏/倉田, 三ノ路/しの, とうこ	日向夏原作 ; 倉田三ノ路作画 ; しのとうこキャラクター原案:
9784805318249	[2024]	チャールズ・イー・タトル出版			Kenji Miyazawa&#39;s THE RESTAURANT OF MANY ORDERS And Other Stories : THE MANGA EDITION	ケンジミヤザワズザレストランオブメニーオーダーズアンドアザーストーリーズ:ザマン	朔野, 安子/Quanci, Moss/宮沢, 賢治, 1896-1933	Yasuko Sakuno [翻案]:/Moss Quanci [訳]:/Kenji Miyazawa [原作]:
9784048995832	2024.2	ブシロードワークス	ブシロードコミックス	2	悪役令嬢?いいえお転婆娘です : ざまぁなんて言いません : アンソロジーコミック. 2	アクヤクレイジョウイイエオテンバムスメデス:ザマァナンテイイマセン:アンソロジー		
9784758039901	2024.2	一迅社	IDコミックス. Zero-sum comics	11	悪役令嬢ですが、幸せになってみせますわ! : アンソロジーコミック. 11	アクヤクレイジョウデスガ、シアワセニナッテミセマスワ!:アンソロジーコミック		
9784046833853	2024.2	KADOKAWA	MFC		異世界純愛アンソロジー = Pure love Anthology in Another world	イセカイジュンアイアンソロジー		
9784065332207	2024.2	講談社	KCDX		宇宙兄弟公式コミックガイド人はなぜ月を目指すのか!? : 宇宙開発最新ルポ	ウチュウキョウダイコウシキコミックガイドヒトワナゼツキオメザスノカ:ウチュウカイ	小山, 宙哉, 1978-/講談社	小山宙哉:原作/講談社 編集:
9784065353165	2024.2	講談社ビーシー	別冊ベストカー		MFゴーストマンガ&amp;アニメ完全ガイドブックtuned byベストカー	エムエフゴーストマンガアンドアニメカンゼンガイドブックチューンドバイベストカー	しげの秀一 画/ベストカー編集部 編	しげの秀一:画/ベストカー編集部:編
9784758084642	2024.2	一迅社	IDコミックス. Rex comics	2	エロいほど最強!?ダンジョンでセックス無双アンソロジーコミック. 2	エロイホドサイキョウ!?ダンジョンデセックスムソウアンソロジーコミック		
9784785975975	2024.2	少年画報社	ぐる漫	No. 74 (お茶漬け編)	思い出食堂 : 新作漫画よみきり. No. 74 (お茶漬け編)	オモイデショクドウ:シンサクマンガヨミキリ		
9784866577319	2024.2	フロンティアワークス	LC. Hugピクシブシリーズ	4	かわにさざなみ. 4	カワニサザナミ	澄谷, ゼニコ	澄谷ゼニコ:著
9784867800386	2024.2	小鳥遊書房			「記憶」で読む『鬼滅の刃』	「キオク」デヨム『キメツノヤイバ』	三村, 尚央, 1974-	三村尚央:
9784758018647	2024.2	一迅社	ベビードール×comics		鬼畜殿下のはずなのに、夜伽の時間が甘すぎます…ッ! : アンソロジー	キチクデンカノハズナノニ、ヨトギノジカンガアマスギマス…ッ!:アンソロジー		
9784799218624	2024.2	キルタイムコミュニケーション	二次元ドリームコミックス ; 729	SP17	くっ殺ヒロインズ. SP17	クッコロヒロインズ		
9784065335215	2024.2	講談社	KCDX		黒博物館図録 = The Catalogue:Backyard of Black Museum	クロハクブツカンズロク	藤田, 和日郎, 1964-	藤田和日郎:著
9784845864539	2024.2	リイド社	パーフェクト・メモワール	Vol. 31	コミック艶. Vol. 31	コミックエン		
9784867104545	2024.2	ガイドワークス	GW mook ; 885		コミックパチンコ必勝ガイド	コミックパチンコヒッショウガイド		
9784758039895	2024.2	一迅社	IDコミックス. Zero-sum comics	6	婚約破棄されましたが、幸せに暮らしておりますわ! : アンソロジーコミック. 6	コンヤクハキサレマシタガ、シアワセニクラシテオリマスワ!:アンソロジーコミック		
9784821157891	2024.2	ぶんか社	Bunkasha comics	Vol. 45	ごはん日和. Vol. 45	ゴハンビヨリ		
9784785976057	2024.3	少年画報社	ぐる漫	No. 15	アウトドアごはん. No. 15	アウトドアゴハン		
9784591181454	2024.3	ポプラ社		17	アニメコミックおしりたんてい. 17	アニメコミックオシリタンテイ		
9784799766545	2024.3	リブレ	クロフネcomics. くろふねピクシブシリーズ		異世界で愛しの彼♂に寵愛されちゃう♥ : BLアンソロジー	イセカイデイトシノカレ♂ニチョウアイサレチャウ♥:BLアンソロジー		
9784022143945	2024.3	朝日新聞出版			伊藤潤二大研究	イトウジュンジダイケンキュウ	朝日新聞出版	Nemuki+編集部:編
9784866537849	2024.3	コアマガジン	コアコミックス ; 642		裏職業大事典 : スゴい儲かるけど悪人は必ず成敗する!!	ウラショクギョウダイジテン:スゴイモウカルケドアクニンワカナラズセイバイスル!!		
9784480017949	2024.3	筑摩書房	筑摩選書 ; 0276		SF少女マンガ全史 : 昭和黄金期を中心に	エスエフショウジョマンガゼンシ:ショウワオウゴンキオチュウシンニ	長山, 靖生, 1962-	長山靖生:著
9784065349939	2024.3	講談社		1	カードキャプターさくらイラスト集 = CARDCAPTOR SAKURA ILLUSTRATIONS COLLECTION. 1	カードキャプターサクライラストシュウ	CLAMP	CLAMP:著
9784065349946	2024.3	講談社		2	カードキャプターさくらイラスト集 = CARDCAPTOR SAKURA ILLUSTRATIONS COLLECTION. 2	カードキャプターサクライラストシュウ	CLAMP	CLAMP:著
9784065349953	2024.3	講談社		3	カードキャプターさくらイラスト集 = CARDCAPTOR SAKURA ILLUSTRATIONS COLLECTION. 3	カードキャプターサクライラストシュウ	CLAMP	CLAMP:著
9784065349960	2024.3	講談社			カードキャプターさくらメモリアルブック = CARDCAPTOR SAKURA MEMORIAL BOOK	カードキャプターサクラメモリアルブック	CLAMP	CLAMP:著
9784865377347	2024.4	ゲネシス	GENESYS COMICS		生贄の放課後 : 気の強い転校生を責め堕とす	イケニエノホウカゴ:キノツヨイテンコウセイオセメオトス	鬼窪浩久 著	鬼窪浩久:著
9784908356551	2024.4	ブルーシープ			おひさま : 矢部太郎の漫画	オヒサマ:ヤベタロウノマンガ	矢部, 太郎, 1977-/永岡, 綾	永岡綾 編集:
9784902591569	2024.4	かりん舎			おまえの無駄に遣っている時間をワシにくれ : 湊谷雪子夢吉を語る	オマエノムダニツカッテイルジカンオワシニクレ:ミナトヤユキコユメキチオカタル	湊谷, 雪子, 1949-	湊谷雪子:著/阿部幸弘 インタビュアー:
9784785976262	2024.4	少年画報社	ぐる漫	No. 75 (卵かけご飯編)	思い出食堂 : 新作漫画よみきり. No. 75 (卵かけご飯編)	オモイデショクドウ:シンサクマンガヨミキリ		
9784821157983	2024.4	ぶんか社	Bunkasha comics	Vol. 41	俺流!絶品めし. Vol. 41	オレリュウ!ゼッピンメシ		
9784575418552	2024.4	双葉社	モンスターコミックスf	1	恩を仇で返された令嬢の家族が黙っている訳がない. 1	オンオアダデカエサレタレイジョウノカゾクガダマッテイルワケガナイ	七ツ河, ほづみ/コミックルーム	七ツ河ほづみ:漫画/COMIC ROOM:原作
9784091990792	2024.4	小学館			COLORS 1978-2024 : 高橋留美子原画集	カラーズナインティーンセヴンティエイトトゥエンティトゥエンティフォー:タカハシル	高橋, 留美子, 1957-	高橋留美子:著
9784091990846	2024.4	小学館			からかい上手の高木さん卒業アルバム : 山本崇一朗カラーワークス	カラカイジョウズノタカギサンソツギョウアルバム:ヤマモトソウイチロウカラーワーク	山本, 崇一朗	山本崇一朗:著
9784799767047	2024.4	リブレ	ビボピー	1	きんぴか症候群. 1	キンピカシンドローム	篠, ヒロフミ	篠ヒロフミ:
9784295206361	2024.4	エムディエヌコーポレーション			CLIP STUDIO PAINT EX公式ガイドブック	クリップスタジオペイントイーエックスコウシキガイドブック	セルシス	セルシス:監修
9784575728408	2024.4	双葉社	双葉文庫 ; う-04-26	〈初期ギャグ傑作選〉すべてはここからはじまった!編	クレヨンしんちゃんベストセレクション. 〈初期ギャグ傑作選〉すべてはここからはじまった!編	クレヨンシンチャンベストセレクション	臼井, 儀人, 1958-2009	臼井儀人:著
9784845864560	2024.4	リイド社	パーフェクト・メモワール	Vol. 32	コミック艶. Vol. 32	コミックエン		
9784821158324	2024.4	ぶんか社	Bunkasha comics	Vol. 46	ごはん日和. Vol. 46	ゴハンビヨリ		
9784758084789	2024.4	一迅社	IDコミックス. Rex comics	19	ゴブリンにエロいことされちゃうアンソロジーコミック. 19	ゴブリンニエロイコトサレチャウアンソロジーコミック		
9784575381658	2024.4	双葉社	marginal		屍と椿	シカバネトツバキ	北国, 良人	北国良人:著
9784865377354	2024.5	ゲネシス	GENESYS COMICS		愛を伝える方法論	アイオツタエルホウホウロン	大波耀子 著	大波耀子:著
9784799765333	2024.5	リブレ	ビーボーイコミックスデラックス		アイドルくんに抱かれたい!	アイドルクンニダカレタイ!	峰島, なわこ	峰島なわこ:
9784821158331	2024.5	ぶんか社	Bunkasha comics		あなたが体験した怖い話 : よくない家	アナタガタイケンシタコワイハナシ:ヨクナイイエ		
9784778323288	2024.5	太田出版		5	淡島百景 = A Hundred Scenes of AWAJIMA. 5	アワジマヒャッケイ	志村, 貴子, 1973-	志村貴子:著
9784065355145	2024.5	講談社	KCDX. 週刊少年マガジン		WIND BREAKER公式キャラクターブック(秘)ノート	ウィンドブレイカーコウシキキャラクターブックマルヒノート	講談社	にいさとる, 週刊少年マガジン編集部:監修
9784911186060	2024.5	モバイルメディアリサーチ	ラブきゅんcomic		SM的純愛 : 解きたい男×縛られたい女	エスエムテキジュンアイ:トキタイオトコシバラレタイオンナ	粕谷, まこ	粕谷まこ:著
9784799767122	2024.5	リブレ	ビーボーイコミックスデラックス	2	王子さまの抱きまくら. 2	オウジサマノダキマクラ	ハシモト, ミツ	ハシモトミツ:著
9784866401782	2024.5	マガジンボックス	M.B.MOOK		怪獣8号終焉のフォルティチュード	カイジュウハチゴウシュウエンノフォルティチュード		
9784799218969	2024.5	キルタイムコミュニケーション	アンリアルコミックス ; 314		感覚遮断～身体の感覚を遮断されて気づかぬ間に強制絶頂～ : 別冊コミックアンリアル	カンカクシャダンシンタイノカンカクオシャダンサレテキズカヌアイダニキョウセイゼッ		
9784911186053	2024.5	モバイルメディアリサーチ	ラブきゅんcomic	7	ギラつき上司と偽装結婚!? 7	ギラツキジョウシトギソウケッコン	叶依, 恭	叶依恭:著
9784799218921	2024.5	キルタイムコミュニケーション	二次元ドリームコミックス ; 736	SP18	くっ殺ヒロインズ. SP18	クッコロヒロインズ		
9784046068163	2024.5	KADOKAWA			50婚 = Married at 50 : 影木、おひとり様やめるってよ	ゴジュウコン	影木, 栄貴	影木栄貴:著
9784799767337	2024.5	リブレ	クロフネcomics. くろふねピクシブシリーズ	1	サイコな黒幕の義姉ちゃん. 1	サイコナクロマクノギシチャン	天城, れの/59	天城れの 漫画・キャラクター原案:/59:原作
9784799767283	2024.5	リブレ	ビーボーイコミックスデラックス	1	サイレントノイズ. 1	サイレントノイズ	いちかわ, 壱	いちかわ壱:著
9784253305068	2024.6	秋田書店	ヤングチャンピオン・コミックス	VOL.26	OUT. VOL.26	アウト	井口, 達也/みずた, まこと	井口達也:原作/みずたまこと:漫画
9784758085090	2024.6	一迅社	IDコミックス. Zero-sum comics	12	悪役令嬢ですが、幸せになってみせますわ! : アンソロジーコミック. 12	アクヤクレイジョウデスガ、シアワセニナッテミセマスワ!:アンソロジーコミック		
9784107727220	2024.6	新潮社	BUNCH COMICS	10	Artiste 10	アルティスト	さもえど 太郎	さもえど 太郎／著:
9784758085281	2024.6	一迅社	IDコミックス. Rex comics	3	エロいほど最強!?ダンジョンでセックス無双アンソロジーコミック. 3	エロイホドサイキョウ!?ダンジョンデセックスムソウアンソロジーコミック		
9784048996266	2024.6	ブシロードワークス	ブシロードコミックス		推しを愛する私たち : ～推し×ファン～アンソロジーコミック	オシオアイスルワタクシタチ:オシファンアンソロジーコミック		
9784253163583	2024.6	秋田書店	A.L.C.DX	1	おはよう、おやすみ、また明日。 = Good morning,Good night,And See you tomorrow. 1	オハヨウオヤスミマタアシタ	御前, モカ	御前モカ:著
9784785976729	2024.6	少年画報社	ぐる漫	No. 76 (喫茶店のドライカレー編)	思い出食堂. No. 76 (喫茶店のドライカレー編)	オモイデショクドウ		
9784253154857	2024.6	秋田書店	カチCOMI	3	俺たちビジネス番やってます! 3	オレタチビジネスツガイヤッテマス	木上, マリカ	木上マリカ:著
9784821158409	2024.6	ぶんか社	Bunkasha comics	Vol. 42	俺流!絶品めし. Vol. 42	オレリュウ!ゼッピンメシ		
9784774743790	2024.6	コスミック出版	COSMIC MOOK		怪獣8号日本防衛隊討伐報告書	カイジュウハチゴウニホンボウエイタイトウバツホウコクショ		
9784799219089	2024.6	キルタイムコミュニケーション	二次元ドリームコミックス ; 740. 二次元コ		キマってとろける百合エッチ	キマッテトロケルユリエッチ		
9784779129841	2024.6	彩流社			『鬼滅の刃』論 : 鬼舞辻無惨と十二鬼月のための哀悼碑	キメツノヤイバロン:キブツジムザントジュウニキズキノタメノアイトウヒ	小菅, 信子, 1960-	小菅信子:著
9784253252942	2024.6	秋田書店	SHŌNEN CHAMPION COMICS E	19	クローズ外伝鳳仙花 : the beginning of HOUSEN. 19	クローズガイデンホウセンカ:ザビギニングオブホウセン	高橋, ヒロシ/齋藤, 周平	髙橋ヒロシ:原作/齋藤周平:漫画
9784253312028	2024.6	秋田書店	ヤングチャンピオン・コミックス	12	クロスオーバーレブ! = Cross Over Rev. 12	クロスオーバーレブ	山口, かつみ, 1965-	山口かつみ:著
9784253301688	2024.6	秋田書店	ヤングチャンピオン・コミックス	13	公道ウルフ = The Wolf of Road Race. 13	コウドウウルフ	野口, 賢	野口賢:著
9784253321983	2024.6	秋田書店	チャンピオンREDコミックス	3	こじらせ転生魔王と7人のおしかけ乙女のラグナロク・システム. 3	コジラセテンセイマオウトシチニンノオシカケオトメノラグナロクシステム	サイトウ, ケンジ/GUNP	サイトウケンジ:原作/GUNP:作画
9784253294539	2024.6	秋田書店	SHŌNEN CHAMPION COMICS	3	この冒険者、人類史最強です : 外れスキル『鑑定』が『継承』に覚醒したので、数多の英雄たちの力を受け継ぎ無双する. 3	コノボウケンシャジンルイシサイキョウデス:ハズレスキルカンテイガケイショウニカク	日之影, ソラ/みやけ, りく	日之影ソラ:原作/みやけりく:漫画/エシュアル:キャラクター原案
9784845864607	2024.6	リイド社	パーフェクト・メモワール	Vol. 33	コミック艶. Vol. 33	コミックエン		
9784821158539	2024.6	ぶんか社	Bunkasha comics	Vol. 47	ごはん日和. Vol. 47	ゴハンビヨリ		
9784253310789	2024.6	秋田書店	ヤングチャンピオン・コミックス	3	私刑執行人 = The Private Executioner : 殺人弁護士とテミスの天秤. 3	シケイシッコウニン	草下, シンヤ, 1975-/内田, 康平, 漫画家/大槻, 展子	草下シンヤ:原作/内田康平:漫画/大槻展子:監修
9784087926194	2024.7	集英社	愛蔵版コミックス		アイシールド21 BRAIN×BRAVE : 21st Anniversary down	アイシールドニジュウイチブレインブレイブ:トゥエンティファーストアニバーサリーダ	村田, 雄介	稲垣理一郎:原作/村田雄介:漫画
9784253313117	2024.7	秋田書店	ヤングチャンピオン・コミックス	1	アウターQ = Outer Q : 弱小Webマガジンの事件簿. 1	アウターキュー	澤村, 伊智, 1979-/宵町, めめ	澤村伊智:原作/宵町めめ:漫画
9784799219218	2024.7	キルタイムコミュニケーション	二次元ドリームコミックス ; 741. 二次元コ		悪堕ち孕ませ : 正義の美少女悪転受胎	アクオチハラマセ:セイギノビショウジョアクテンジュタイ		
9784253313018	2024.7	秋田書店	ヤングチャンピオン・コミックス	1	悪の組織の求人広告. 1	アクノソシキノキュウジンコウコク	喜友名, トト/優輝, 光太朗	喜友名トト:原作/優輝光太朗:漫画
9784047379589	2024.7	KADOKAWA	HARTA COMIX		異種交流会 = EXCHANGE PARTIES WITH ANTHROPOMORPHIC FIGURES	イシュコウリュウカイ		
9784048113182	2024.7	KADOKAWA	MFコミックス. アライブ+シリーズ	1	異世界のすみっこで快適ものづくり生活 : 女神さまのくれた工房はちょっとやりすぎ性能だった. 1	イセカイノスミッコデカイテキモノズクリセイカツ:メガミサマノクレタコウボウワチョ	西山, アラタ/長田, 信織	西山アラタ:漫画/長田信織:原作/東上文:キャラクター原案
9784867320266	2024.7	ナナロク社			一年前の猫	イチネンマエノネコ	近藤, 聡乃, 1980-	近藤聡乃 絵と文:
9784022143969	2024.7	朝日新聞出版			伊藤潤二展誘惑Illustrations = JUNJI ITO EXHIBITION ENCHANTMENT ILLUSTRATIONS	イトウジュンジテンユウワクイラストレーションズ	伊藤, 潤二	伊藤潤二:著
9784847074608	2024.7	ワニ・プラス			命の水 = L&#39;eau de vie : モンマルトル-ラパン・アジルへの道	イノチノミズ	さかもと, 未明, 1965-	さかもと未明:著
9784801983694	2024.7	竹書房	Bamboo comics		うおっ♡でっか♡巨乳巨尻高身長ギャルちゃんは僕に恋してる : アンソロジーコミック	ウオッ♡デッカ♡キョニュウキョジリコウシンチョウギャルチャンワボクニコイシテル:		
9784821158805	2024.7	ぶんか社	Bunkasha comics	Vol. 43	俺流!絶品めし. Vol. 43	オレリュウ!ゼッピンメシ		
9784049158908	2024.7	KADOKAWA	電撃コミックスNEXT ; N312-04	2	怪物たちを統べるモノ = THE BOY WHO RULES THE MONSTERS : 最強の支援特化能力で、気付けば世界最強パーティーに! 2	カイブツタチオスベルモノ	多門, 結之/Sin Guilty	多門結之:著/Sin Guilty:原作/中村エイト:キャラクター原案
9784403669378	2024.7	新書館	ディアプラスコミックス ; 836	11	花鳥風月. 11	カチョウフウゲツ	志水, ゆき	志水ゆき:
9784911186121	2024.7	モバイルメディアリサーチ	ラブきゅんcomic	8	ギラつき上司と偽装結婚!? 8	ギラツキジョウシトギソウケッコン	叶依, 恭	叶依恭:著
9784049158458	2024.7	KADOKAWA	電撃コミックスNEXT ; N350-04	2	この世はガマンが多すぎる! 2	コノヨワガマンガオオスギル	御眼鏡	御眼鏡:著
9784802157797	2024.7	エックスワン	メディアパルムック	Vol.21	コミケPlus. Vol.21	コミケプラス		
9784065366035	2024.8	講談社	モーニングKC	6	逢いたくて、島耕作. 6	アイタクテシマコウサク	諏訪, 符馬	諏訪符馬:作
9784041152164	2024.8	KADOKAWA	あすかコミックスCL-DX		アイドルだって振り向かせたい	アイドルダッテフリムカセタイ	桜庭, ちどり	桜庭ちどり:著
9784081152346	2024.8	集英社	SJR	3	秋本治のナイス!なチョイスこち亀live!! : こちら葛飾区亀有公園前派出所. 3	アキモトオサムノナイス!ナチョイスコチカメlive!!:コチラカツシカクカメアリ	秋本, 治, 1952-	秋本治:著
9784065356890	2024.8	講談社	KCx	2	悪夢令嬢は一家滅亡の夢を見た : 私の目的は生き延びることです. 2	アクユメレイジョウワイッカメツボウノユメオミタ:ワタシノモクテキワイキノビルコト	大菊小菊/近衛, 悠/泉乃, せん	大菊小菊:原作/近衛悠:漫画/泉乃せん:構成
9784046837509	2024.8	KADOKAWA	MFコミックス. ジーンシリーズ	1	憧れの作家は人間じゃありませんでした. 1	アコガレノサッカワニンゲンジャアリマセンデシタ	相尾, 灯自/澤村, 御影	相尾灯自:漫画/澤村御影:原作/スカイエマ:キャラクター原案
9784864682763	2024.8	ヒーローズ	HCヒーローズコミックス	03	あつあつ!スタグル旅. 03	アツアツスタグルタビ	能田, 達規	能田達規:著
9784821159017	2024.8	ぶんか社	Bunkasha comics		あなたが体験した怖い話 : 霊能者も震えた!凶悪霊の呪い	アナタガタイケンシタコワイハナシ:レイノウシャモフルエタ!キョウアクレイノノロイ		
9784065364901	2024.8	講談社	KCx	3	義姉の代わりに、余命一年と言われる侯爵子息様と婚約することになりました. 3	アネノカワリニヨメイイチネントイワレルコウシャクシソクサマトコンヤクスルコトニナ	もりこも/瑪々子	もりこも:漫画/瑪々子:原作/紫藤むらさき:キャラクター原案
9784537148695	2024.8	日本文芸社	Nichibun comics	1	アブソリュートキル. 1	アブソリュートキル	愛南, ぜろ	愛南ぜろ:
9784757593800	2024.8	スクウェア・エニックス	ビッグガンガンコミックス		あまサドアンソロジー	アマサドアンソロジー		
9784253275255	2024.8	秋田書店	PRINCESS COMICS	8	妖精国の騎士Ballad～継ぐ視の守護者～. 8	アルフヘイムノキシバラッドツグミノモリ	中山, 星香, 1954-	中山星香:著
9784065363829	2024.8	講談社	モーニングKC	16	アンメット = unmet : ある脳外科医の日記. 16	アンメット	子鹿, ゆずる/大槻, 閑人	子鹿ゆずる:原作/大槻閑人:漫画
9784864682725	2024.8	ヒーローズ	HCヒーローズコミックス	2	生きとし生ける = All living things. 2	イキトシイケル	長谷川, 未来	長谷川未来:著
9784334102623	2024.8	光文社			生きるのが楽になるスヌーピー : 心をゆるめてくれる禅の言葉	イキルノガラクニナルスヌーピー:ココロオユルメテクレルゼンノコトバ	枡野, 俊明, 1953-	チャールズ・M.シュルツ:著/谷川俊太郎:訳/枡野俊明:監修
9784799219362	2024.8	キルタイムコミュニケーション	アンリアルコミックス ; 316		因習村でイキ狂う雌達 : 別冊コミックアンリアル	インシュウムラデイキクルウメスタチ:ベッサツコミックアンリアル		
9784403669439	2024.8	新書館	ディアプラスコミックス ; 842		インフィニット・スター	インフィニット・スター	須野, なつこ	須野なつこ:
9784253306560	2024.8	秋田書店	ヤングチャンピオン・コミックス	1	売れ残りの奴隷エルフを拾ったので、娘にすることにした. 1	ウレノコリノドレイエルフオヒロッタノデムスメニスルコトニシタ	遥, 透子/澤村, 明	遥透子:原作/澤村明:漫画/松うに:キャラクター原案
9784065363997	2024.8	講談社	KCx	2	王子、婚約破棄したのはそちらなので、恐い顔でこっちにらまないでください。. 2	オウジコンヤクハキシタノワソチラナノデコワイカオデコッチニラマナイデクダサイ	真曽木, トウル/三枝, えま	真曽木トウル:原作/三枝えま:漫画/足立いまる:キャラクター原案
9784777055845	2024.8	カルチュア・エンタテインメントネコ・パブ			オオカミが鉄道模型をはじめるマンガ	オオカミガテツドウモケイオハジメルマンガ	らつた	らつた [著]:
9784065367858	2024.8	講談社		12	OTOMO THE COMPLETE WORKS. 12	オオトモザコンプリートワークス	大友, 克洋, 1954-	大友克洋:著
9784065367865	2024.8	講談社		6	OTOMO THE COMPLETE WORKS. 6	オオトモザコンプリートワークス	大友, 克洋, 1954-	大友克洋:著
9784758085632	2024.8	一迅社	IDコミックス. Zero-sum comics	2	お飾り妻は冷酷旦那様と離縁したい! : 実は溺愛されていたなんて知りません : アンソロジーコミック. 2	オカザリヅマワレイコクダンナサマトリエンシタイ!:ジツワデキアイサレテイタナンテ		
9784046836397	2024.8	KADOKAWA	MFコミックス. アライブシリーズ	8	幼なじみが絶対に負けないラブコメ. 8	オサナナジミガゼッタイニマケナイラブコメ	井冬, 良/二丸, 修一	井冬良:漫画/二丸修一:原作/しぐれうい:キャラクター原案
9784041151853	2024.8	KADOKAWA	あすかコミックスCL-DX		幼なじみでもキスがしたい	オサナナジミデモキスガシタイ	あずみ, つな	あずみつな:著
9784041151839	2024.8	KADOKAWA	あすかコミックスCL-DX		推しが義弟で恋人で	オシガオトウトデコイビトデ	めぎむら	めぎむら:著
9784065365908	2024.8	講談社	モーニングKC	3	オッドスピン. 3	オッドスピン	菅野, カラン	菅野カラン:著
9784785977153	2024.8	少年画報社	ぐる漫	No. 77 (勝負のカツ丼!編)	思い出食堂. No. 77 (勝負のカツ丼!編)	オモイデショクドウ		
9784537148701	2024.8	日本文芸社	Nichibun comics. マンガtop	3	怪異界. 3	カイイカイ	宮尾, 行巳	宮尾行巳:
9784065363836	2024.8	講談社	モーニングKC	3	街道あるくんです = Let&#39;s Walk The TOKAIDO. 3	カイドウアルクンデス	竹本, 真/猪乙, くろ	竹本真:原作/猪乙くろ:作画
9784870424517	2024.8	あまとりあ社	バイキングコミックススペシャル		カチコチ男の娘 : 女子寮に女装少年ひとり	カチコチオトコノムスメ:ジョシリョウニジョソウショウネンヒトリ	夏川冬 著	夏川冬:著
9784253198134	2024.8	秋田書店	PRINCESS COMICSプチプリ	2	歌舞伎町のカリスマ無双キャバ嬢が史上最強の悪役令嬢マリー・アントワネットに生まれ変わったら. 2	カブキチョウノカリスマムソウキャバジョウガシジョウサイキョウノアクヤクレイジョウ	ひかり, 旭/新堂, 冬樹, 1966-	ひかり旭:漫画/新堂冬樹:原作
9784864682855	2024.8	ヒーローズ	HCヒーローズコミックス	25	仮面ライダークウガ = Masked Rider KUUGA. 25	カメンライダークウガ	石ノ森, 章太郎, 1938-1998/井上, 敏樹, 1959-/横島, 一	石ノ森章太郎:原作/井上敏樹:脚本/横島一:作画
9784041153383	2024.8	KADOKAWA		KURO	COLOR : CLAMP展公式画集. KURO	カラー:クランプテンコウシキガシュウ	CLAMP	CLAMP:著
9784065364833	2024.8	講談社		SHIRO	COLOR : CLAMP展公式画集. SHIRO	カラー:クランプテンコウシキガシュウ	CLAMP	CLAMP:著
9784596777393	2024.8	ハーパーコリンズ・ジャパン	ハーレクインコミックス★キララ. 永遠のハッピー		買われた純潔	カワレタジュンケツ	小越, なつえ/Reid, Michelle	小越なつえ:著/ミシェル・リード:原作
9784046838360	2024.8	KADOKAWA	MFコミックス. アライブシリーズ	22	ガールズ&amp;パンツァーもっとらぶらぶ作戦です! 22	ガールズアンドパンツァーモットラブラブサクセンデス	弐尉, マルコ	弐尉マルコ:著/ガールズ&amp;パンツァー製作委員会:原作
9784864682732	2024.8	ヒーローズ	HCヒーローズコミックス	2	がごはん : 天津水市「がご」撲滅だより. 2	ガゴハン:アマツミズシガゴボクメツダヨリ	ゆのこ, ショウ	ゆのこショウ:著
9784537148664	2024.8	日本文芸社	Nichibun comics. CH comi	3	学校でいちばん地味な2人が付き合う話. 3	ガッコウデイチバンジミナ2ニンガツキアウハナシ	てぃーろんたろん	てぃーろんたろん:著
9784537148671	2024.8	日本文芸社	Nichibun comics. CH comi	4	学校でいちばん地味な2人が付き合う話. 4	ガッコウデイチバンジミナ2ニンガツキアウハナシ	てぃーろんたろん	てぃーろんたろん:著
9784864682831	2024.8	ヒーローズ	ヒーローズコミックスふらっと	1	ガンバレ!中村くん!! 1	ガンバレナカムラクン	春泥	春泥:著
9784864682848	2024.8	ヒーローズ	ヒーローズコミックスふらっと	2	ガンバレ!中村くん!! 2	ガンバレナカムラクン	春泥	春泥:著
9784253282185	2024.8	秋田書店	SHŌNEN CHAMPION COMICS	8	気絶勇者と暗殺姫. 8	キゼツユウシャトアンサツヒメ	のりしろちゃん/雪田, 幸路	のりしろちゃん:原作/雪田幸路:作画
9784046838605	2024.8	KADOKAWA	MFコミックス. ジーンシリーズ	1	狐の許嫁は嘲り嗤う. 1	キツネノイイナズケワアザケリワラウ	東大路, ムツキ	東大路ムツキ:著
9784098630486	2024.8	小学館	BIG SUPERIOR COMICS SPEC	24	機動戦士ガンダムサンダーボルト 24	キドウセンシガンダムサンダーボルト	太田垣 康男/矢立 肇/富野 由悠季	太田垣 康男／著:/矢立 肇／原案:/富野 由悠季／原案:
9784866401812	2024.8	マガジンボックス	M.B.MOOK		キングダム英雄風雲録	キングダムエイユウフウウンロク		
9784910284378	2024.8	高知新聞社		第14巻	きんこん土佐日記. 第14巻	キンコントサニッキ	村岡, マサヒロ	村岡マサヒロ:著
9784758085540	2024.8	一迅社	IDコミックス. Rex comics		ギャルがオタクの家に入り浸ってエッチに沼るアンソロジーコミック	ギャルガオタクノイエニイリビタッテエッチニヌマルアンソロジーコミック		
9784537148633	2024.8	日本文芸社	Nichibun comics	2	銀牙伝説-レクイエム. 2	ギンガデンセツ-レクイエム	高橋, よしひろ, 1953-	高橋よしひろ:
9784065365946	2024.8	講談社	講談社プラチナコミックス	ルーローファン	クッキングパパ. ルーローファン	クッキングパパ	うえやま, とち, 1954-	うえやまとち:著
9784799219355	2024.8	キルタイムコミュニケーション	二次元ドリームコミックス ; 743	SP19	くっ殺ヒロインズ. SP19	クッコロヒロインズ		
9784864682671	2024.8	ヒーローズ	HCヒーローズコミックス	1	グレンダイザーUジ・インセプション = GRENDIZER U:The Inception. 1	グレンダイザーユージインセプション	永井, 豪, 1945-/8KEY	永井豪:原作/8KEY:作画
9784253198455	2024.8	秋田書店	PRINCESS COMICSプチプリ	3	恋の星図と猫日和. 3	コイノセイズトネコビヨリ	もと, なおこ/登石, 麻恭子	もとなおこ:漫画/登石麻恭子 協力:
9784758019156	2024.8	一迅社	ベビードール×comics		孤高の騎士様は私の前だけ甘くてえっちです…っ! : アンソロジー	ココウノキシサマワワタクシノマエダケアマクテエッチデス…ッ!:アンソロジー		
9784344853874	2024.8	幻冬舎コミックス	バーズコミックス	16	このはな綺譚. 16	コノハナキタン	天乃, 咲耶	天乃咲哉:
9784845864638	2024.8	リイド社	パーフェクト・メモワール	Vol. 34	コミック艶. Vol. 34	コミックエン		
9784344854550	2024.8	幻冬舎コミックス	バーズコミックス. リンクスコレクション		これは嘘の結婚だから	コレワウソノケッコンダカラ	上田, にく	上田にく:著
9784910019208	2024.8	クラーケンコミックス		4	金色のガッシュ!!2 = Konjiki no GASH!!2. 4	コンジキノガッシュニ	雷句, 誠	雷句誠:著
9784758085649	2024.8	一迅社	IDコミックス. Zero-sum comics	7	婚約破棄されましたが、幸せに暮らしておりますわ! : アンソロジーコミック. 7	コンヤクハキサレマシタガ、シアワセニクラシテオリマスワ!:アンソロジーコミック		
9784758085656	2024.8	一迅社	IDコミックス. Zero-sum comics		極上エリート男子は私だけに激甘です!? : 逆転恋愛アンソロジーコミック	ゴクジョウエリートダンシワワタクシダケニゲキアマデス!?:ギャクテンレンアイアン		
9784344854505	2024.8	幻冬舎コミックス	バーズコミックス	2	ごはんのおトモに、死神と! 2	ゴハンノオトモニ、シニガミト!	寝路	寝路:
9784821158911	2024.8	ぶんか社	Bunkasha comics	Vol. 48	ごはん日和. Vol. 48	ゴハンビヨリ		
9784596712189	2024.9	ハーパーコリンズ・ジャパン	ハーレクインコミックス★キララ. 永遠のハッピー		愛を偽る花嫁	アイオイツワルハナヨメ	津寺, 里可子/Fox, Susan, 1952-	津寺里可子:著/スーザン・フォックス:原作
9784596712202	2024.9	ハーパーコリンズ・ジャパン	ハーレクインコミックス★キララ. 永遠のハッピー		愛を夢見た家なき子	アイオユメミタイエナキコ	長崎, 真央子/Green, Abby	長崎真央子:/アビー・グリーン:原作
9784824202222	2024.9	一二三書房	LAVARE comics plus	1	愛する人を殺す時、私は何を思うだろう. 1	アイスルヒトオコロストキワタクシワナニオオモウダロウ	和泉, 杏咲/ソラジマ	和泉杏咲:原作/SORAJIMA 制作:
9784088677729	2024.9	集英社	りぼんマスコットコミックス	6	青に落雷 = You are the blue lightning in me. 6	アオニラクライ	虹沢, 羽見	虹沢羽見:著
9784048113267	2024.9	KADOKAWA	角川コミックス・エース		アカイロフラグ = Aka Iro Flag in Four Seasons	アカイロフラグ	押切, 蓮介, 1979-	押切蓮介:著
9784081152353	2024.9	集英社	SJR	4	秋本治のナイス!なチョイスこち亀live!! : こちら葛飾区亀有公園前派出所. 4	アキモトオサムノナイス!ナチョイスコチカメlive!!:コチラカツシカクカメアリ	秋本, 治, 1952-	秋本治:著
9784758085724	2024.9	一迅社	IDコミックス. Zero-sum comics	3	悪虐聖女ですが、愛する旦那さまのお役に立ちたいです。 : とはいえ、嫌われているのですが. 3	アクギャクセイジョデスガ、アイスルダンナサマノオヤクニタチタイデス。:トワイエ、	提灯あんこ/雨川, 透子	提灯あんこ コミック:/雨川透子:原作
9784046839053	2024.9	KADOKAWA	フロースコミック	5	悪役令嬢に転生失敗して勝ちヒロインになってしまいました : 悪役令嬢の兄との家族エンドを諦めて恋人エンドを目指します. 5	アクヤクレイジョウニテンセイシッパイシテカチヒロインニナッテシマイマシタ:アクヤ	御守, リツヒロ/柚原, テイル	御守リツヒロ:著/柚原テイル:原作
9784065372265	2024.9	講談社	KCx	1	悪役令嬢ルートから解放されました! = FREED FROM THE VILLAINOUS LADY&#39;S ROUTE! : ゲームは終わったので、ヒロインには退場してもらいましょうか. 1	アクヤクレイジョウルートカラカイホウサレマシタ	みなと, pub. 2023/吉たか, 結衣	みなと:原作/吉たか結衣:漫画/霧夢ラテ:キャラクター原案
9784047381698	2024.9	KADOKAWA	ビーズログコミックス	5	悪役令嬢ルートがないなんて、誰が言ったの? 5	アクヤクレイジョウルートガナイナンテダレガイッタノ	あさ, ここの/ぷにちゃん	あさここの:著/ぷにちゃん:原作/Laruha:キャラクター原案
9784088677811	2024.9	集英社	Ribon mascot comics = りぼ	1	アクロトリップ. 1	アクロトリップ	佐和田, 米	佐和田米:
9784909125514	2024.9	サウザンブックス社	サウザンコミックス		アステリオス・ポリプ	アステリオスポリプ	Mazzucchelli, David/矢倉, 喬士, 1985-/はせがわ, 	デイヴィッド・マッツケーリ:著/矢倉喬士, はせがわなお:訳
9784046837820	2024.9	KADOKAWA	フロースコミック	1	悪姫の後宮華演. 1	アッキノコウキュウカエン	目玉焼き/甲斐田, 紫乃	目玉焼き:漫画/甲斐田紫乃:原作/mokoppe:キャラクター原案
9784864682879	2024.9	ヒーローズ	HCヒーローズコミックス	21	アトムザ・ビギニング = ATOM THE BEGINNING. 21	アトムザビギニング	ゆうき, まさみ, 1957-/カサハラ, テツロー, 1967-/手塚, 真,	手塚治虫:原案/ゆうきまさみ コンセプトワークス:/カサハラテツロー:漫画/手塚眞:監修
9784420154789	2024.9	集英社クリエイティブ	office YOU COMICS	12	あの人は昨日と同じ空を見上げてる. 12	アノヒトワキノウトオナジソラオミアゲテル	宮川, 匡代	宮川匡代:著
9784046839350	2024.9	KADOKAWA	フロースコミック	1	妖しきご縁がありますように = May you have a mysterious edge. 1	アヤシキゴエンガアリマスヨウニ	梅咲, しゃきこ/山吹	梅咲しゃきこ:著/山吹:原作/さくらもち:キャラクター原案
9784798635194	2024.9	ホビージャパン	HJコミックス ; HJC356	3	アラフォーになった最強の英雄たち、再び戦場で無双する!! 3	アラフォーニナッタサイキョウノエイユウタチ、フタタビセンジョウデムソウスル!!	岸馬, きらく/戸田, 泰成	岸馬きらく:原作/戸田泰成:漫画
9784046840356	2024.9	KADOKAWA	MFC	4	アルマーク. 4	アルマーク	柚ノ木, ヒヨト/やまだ, のぼる, pub. 2022	柚ノ木ヒヨト:著/やまだのぼる:原作/出水ぽすか:キャラクター原案
9784049159325	2024.9	KADOKAWA	電撃コミックスNEXT ; N535-03	3	ある魔女が死ぬまで : 終わりの言葉と始まりの涙. 3	アルマジョガシヌマデ:オワリノコトバトハジマリノナミダ	雨霰, けぬ/坂	雨霰けぬ:漫画/坂:原作/コレフジ:キャラクター原案
9784046839534	2024.9	KADOKAWA	フロースコミック	7	ある継母のメルヘン = The Fantasie of a Stepmother. 7	アルママハハノメルヘン	ORKA/Spice &amp; Kitty	ORKA:漫画/Spice &amp; Kitty:原作
9784041151822	2024.9	KADOKAWA	角川コミックス・エース	博多編10	アンゴルモア = Angolmois : 元寇合戦記. 博多編10	アンゴルモア	たかぎ, 七彦	たかぎ七彦:著
9784049159219	2024.9	KADOKAWA	電撃コミックスNEXT ; N288-09	7	Unnamed Memory = アンネームドメモリー. 7	アンネームドメモリー	古宮, 九時/越水, ナオキ	古宮九時:原作/越水ナオキ:作画/chibi:キャラクターデザイン
9784911186152	2024.9	モバイルメディアリサーチ	caramelコミックス		イイ声で啼けよ、おまわりさん : 警官Ωはヤクザ様の運命	イイコエデナケヨオマワリサン:ケイカンオメガワヤクザサマノウンメイ	安滋, かづ	安滋かづ:著
9784823607189	2024.9	ジーオーティー	GOT COMICS		いいなりマゾメストリップ	イイナリマゾメストリップ	みつあし 著	みつあし:著
9784047381162	2024.9	KADOKAWA	BEAM COMIX	8	EVOL. 8	イーヴォー	カネコ, アツシ	カネコアツシ:著
9784047381773	2024.9	KADOKAWA	ビーズログコミックス	1	家を追い出されましたが、元気に暮らしています : チートな魔法と前世知識で快適便利なセカンドライフ! 1	イエオオイダサレマシタガゲンキニクラシテイマス:チートナマホウトゼンセチシキデカ	つむぎ, はる/斎木, リコ	つむぎはる:著/斎木リコ:原作/薔薇缶:キャラクター原案
9784047381704	2024.9	KADOKAWA	ビーズログコミックス	04	家から追い出された私は、隣国のお抱え錬金術師として、幸せな第二の人生を送る事にしました! 04	イエカラオイダサレタワタシワリンゴクノオカカエレンキンジュツシトシテシアワセナダ	ななしののん/アルト	ななしののん:著/アルト:原作/ひげ猫:キャラクター原案
9784799768846	2024.9	リブレ	ビボピーコミックス	5	息できないのは君のせい. 5	イキデキナイノワキミノセイ	澄谷, ゼニコ	澄谷ゼニコ:著
9784785977641	2024.9	少年画報社	YKコミックス	10	イケナイ菜々子さん. 10	イケナイナナコサン	あさぎ, 龍	あさぎ龍:著
9784537148862	2024.9	日本文芸社	Nichibun comics	2	生贄家族. 2	イケニエカゾク	杉野, アキユキ	杉野アキユキ:
9784049158656	2024.9	KADOKAWA		2	イケメン夫はゴリラ妻とプリティ娘を愛しすぎてる. 2	イケメンオットワゴリラズマトプリティムスメオアイシスギテル	伊達, しのぶ	伊達しのぶ:著
9784046839978	2024.9	KADOKAWA	MFC	12	異世界おじさん = Ojisan In Another World. 12	イセカイオジサン	殆ど死んでいる	殆ど死んでいる:著
9784046840165	2024.9	KADOKAWA	MFC	2	異世界陰陽師と十二天将の式神 = The Other World Yin-Yang Master and the Twelve Heavenly Generals&#39; Shikigami. 2	イセカイオンヨウジトジュウニテンショウノシキガミ	ココノツけい/蒼乃, 白兎	ココノツけい:作画/蒼乃白兎:原作/フーモア 制作:
9784537148756	2024.9	Amazia	マンガbangコミックス	1	異世界クラス召喚されたらR1〇のスキルを獲得したので、〇りたい放題させてもらいます! 1	イセカイクラスショウカンサレタラR1〇ノスキルオカクトクシタノデ、〇リタイホウダ	仁堂, ジョー/ひろの, あきとみ	仁堂ジョー:原作/ひろのあきとみ:漫画
9784041149492	2024.9	KADOKAWA	角川コミックス・エース	3	異世界最高峰のギルドリーダー : ギルド最弱の僕だけど、ギルメン全員の愛が重くてギルドをやめられません. 3	イセカイサイコウホウノギルドリーダー:ギルドサイジャクノボクダケドギルメンゼンイ	くじらじーお/陽波, ゆうい	くじらじーお:漫画/陽波ゆうい:原作
9784801984424	2024.9	竹書房	Bamboo comics	4	異世界ジビエ飯 : 食わず嫌いエルフをおもてなす. 4	イセカイジビエメシ:クワズギライエルフオオモテナス	田辺, 崇	田辺崇:
9784434344978	2024.9	アルファポリス	アルファポリスCOMICS	4	異世界じゃスローライフはままならない : 聖獣の主人は島育ち. 4	イセカイジャスローライフワママナラナイ:セイジュウノシュジンワシマソダチ	夏柿, シン/ひなた丸, だいや	夏柿シン:原作/ひなた丸だいや:漫画/鈴穂ほたる:キャラクター原案
9784801984240	2024.9	竹書房	Bamboo comics	Volume 14	異世界ちゃんこ : 横綱目前に召喚されたんだが. Volume 14	イセカイチャンコ:ヨコズナモクゼンニショウカンサレタンダガ	林, ふみの	林ふみの:
9784757593954	2024.9	スクウェア・エニックス	ガンガンコミックスup!	8	異世界転生で賢者になって冒険者生活 : 【魔法改良】で異世界最強. 8	イセカイテンセイデケンジャニナッテボウケンシャセイカツ:【マホウカイリョウ】デイ	進行諸島/神名, ゆゆ	進行諸島:原作/神名ゆゆ:漫画
9784040755861	2024.9	KADOKAWA	ドラゴンコミックスエイジ ; か-4-1-13	13	異世界でスキルを解体したらチートな嫁が増殖しました : 概念交差のストラクチャー. 13	イセカイデスキルオカイタイシタラチートナヨメガゾウショクシマシタ:ガイネンコウサ	千月, さかき/カタセ, ミナミ	千月さかき:原作/カタセミナミ:作画/東西:キャラクター原案
9784537148770	2024.9	Amazia	Manga bang!コミックス = マンガba	1	異世界トリップしたので可愛い獣人を全力で愛でることにしました。. 1	イセカイトリップシタノデカワイイジュウジンオゼンリョクデメデルコトニシマシタ。	明/ハルヒマチ	明。:原作/ハルヒマチ:漫画
9784434344985	2024.9	アルファポリス	アルファポリスCOMICS	13	異世界に飛ばされたおっさんは何処へ行く? = An Ossan in counterworld! 13	イセカイニトバサレタオッサンワドコエイク	シガレット/ひらぶき, 雅浩	シ・ガレット:原作/ひらぶき雅浩:漫画/岡谷:キャラクター原案
9784040755854	2024.9	KADOKAWA	ドラゴンコミックスエイジ	4	異世界のんびり農家の日常. 4	イセカイノンビリノウカノニチジョウ	内藤, 騎之介/ユウズィ	内藤騎之介:原作/ユウズィ:作画/やすも:キャラクター原案
9784040755847	2024.9	KADOKAWA	ドラゴンコミックスエイジ ; つ-6-1-13	13	異世界のんびり農家 = Farming life in another world. 13	イセカイノンビリノウカ	内藤, 騎之介/剣, 康之	内藤騎之介:原作/剣康之:作画/やすも:キャラクター原案
9784040755885	2024.9	KADOKAWA	ドラゴンコミックスエイジ	7	異世界ゆるっとサバイバル生活 : 学校の皆と異世界の無人島に転移したけど俺だけ楽勝です. 7	イセカイユルットサバイバルセイカツ:ガッコウノミナトイセカイノムジントウニテンイ	絢乃/西尾, 洋一/一二三書房	絢乃:原作/西尾洋一:作画/乾和音:キャラクター原案/一二三書房:監修
9784299059703	2024.9	宝島社	このマンガがすごい!comics	3	異世界ゆるりキャンプ. 3	イセカイユルリキャンプ	けーすけ/錬金王	けーすけ:漫画/錬金王:原作/ひづきみや:キャラクター原案
9784774732824	2024.9	コスミック出版	Kyun comics	#2	異世界料理で子育てしながらレベルアップ! : ケモミミ幼児とのんびり冒険します. #2	イセカイリョウリデコソダテシナガラレベルアップ!:ケモミミヨウジトノンビリボウケ	サクヤ, カイシ/桑原, 伶依	サクヤカイシ:/桑原伶依:原作
9784041152706	2024.9	KADOKAWA	角川コミックス・エース	7	一億年ボタンを連打した俺は、気付いたら最強になっていた : 落第剣士の学院無双. 7	イチオクネンボタンオレンダシタオレワキズイタラサイキョウニナッテイタ:ラクダイケ	月島, 秀一/士土, 幽太郎	月島秀一:原作/士土幽太郎:漫画/もきゅ:キャラクター原案
9784046839527	2024.9	KADOKAWA	MFC	1	一軍男子は恋してる. 1	イチグンダンシワコイシテル	本田, もなか	本田もなか:著
9784651203096	2024.9	ワン・パブリッシング			1年のいたわりごはん日記 = ONE YEAR CARING MEAL DIARY : がんばれなくてもなんとか作りたい	イチネンノイタワリゴハンニッキ	中山, 有香里	中山有香里:著
9784046838698	2024.9	KADOKAWA	BRIDGE COMICS	1	165185. 1	イチロクゴイチハチゴ	野良, おばけ	野良おばけ:著
9784041153901	2024.9	KADOKAWA	角川コミックス・エース	7	一式さんは恋を知りたい。. 7	イッシキサンワコイオシリタイ	あららぎ, あゆね	あららぎあゆね:著
9784040755557	2024.9	KADOKAWA	ドラゴンコミックスエイジ	2	いとこのこ. 2	イトコノコ	いぬちく	いぬちく [著]:
9784048113120	2024.9	KADOKAWA	MFコミックス. アライブ+シリーズ	2	妹が女騎士学園に入学したらなぜか救国の英雄になりました。ぼくが。 = After my sister enrolling in Girl Knights&#39;School,I become a HERO. 2	イモウトガオンナキシガクエンニニュウガクシタラナゼカキュウコクノエイユウニナリマ	萩原, エミリオ/ラマンおいどん	萩原エミリオ:漫画/ラマンおいどん:原作/なたーしゃ:キャラクター原案
9784801984486	2024.9	竹書房	Bamboo comics	2	居留守の勇者アリシア. 2	イルスノユウシャアリシア	水鳥, なや	水鳥なや:
9784041152195	2024.9	KADOKAWA	角川コミックス・エース	3	陰キャだった俺の青春リベンジ : 天使すぎるあの娘と歩むReライフ. 3	インキャダッタオレノセイシュンリベンジ:テンシスギルアノコトアユムリライフ	伊勢海老, ボイル/慶野, 由志	伊勢海老ボイル:漫画/慶野由志:原作/たん旦:キャラクター原案
9784253307284	2024.9	秋田書店	ヤングチャンピオン・コミックス	vol.8	院内警察 : アスクレピオスの蛇. vol.8	インナイケイサツ:アスクレピオスノヘビ	酒井, 義/林, いち	酒井義:原作/林いち:漫画
9784046838391	2024.9	KADOKAWA	ヴァンプコミックス	6	淫靡な洞窟のその奥で. 6	インビナドウクツノソノオクデ	あび/ウメ種	あび:漫画/ウメ種:原作
9784537148879	2024.9	日本文芸社	Nichibun comics	5	鶯谷デッドゾーン. 5	ウグイスダニデッドゾーン	井深, みつ/三日閉, 両	井深みつ:原作/三日閉両:作画
9784046834904	2024.9	KADOKAWA	メディアファクトリーのコミックエッセイ	8	うちの猫がまた変なことしてる。. 8	ウチノネコガマタヘンナコトシテル	卵山, 玉子	卵山玉子:著
9784041153482	2024.9	KADOKAWA	Kadokawa Comics. 単行本コミック		生まれは違えど一恋托生 = Born in different ways,but in the same love. : 異種族×百合アンソロジー	ウマレワチガエドイチレンタクショウ	KADOKAWA	コミックニュータイプ:編
9784796873925	2024.9	小学館集英社プロダクション	ShoPro Books	Vol.2	X-MEN. Vol.2	エックスメン	Duggan, Gerry/Larraz, Pepe, 1981-/Pina, 	ジェリー・ダガン [ほか]:著/高木亮:訳
9784049160291	2024.9	KADOKAWA	電撃コミックスNEXT ; N610-01	1	エトランジュオーヴァーロード : 反省しない悪役令嬢、地獄に堕ちて華麗なるハッピーライフ無双. 1	エトランジュオーヴァーロード:ハンセイシナイアクヤクレイジョウジゴクニオチテカレ	へかとん/喜多山, 浪漫	へかとん:漫画/喜多山浪漫:原作/大塚真一郎:キャラクター原案
9784537165036	2024.9	日本文芸社	Gコミックス	初秋・サンマ編	江戸前の旬スペシャル : 銀座柳寿司三代目. 初秋・サンマ編	エドマエノシュンスペシャル:ギンザヤナギズシサンダイメ	九十九, 森/さとう, 輝, 1963-	九十九森:作/さとう輝:画
9784046839398	2024.9	KADOKAWA	MFコミックス. フラッパーシリーズ	7	FX戦士くるみちゃん. 7	エフエックスセンシクルミチャン	でむにゃん/炭酸, だいすき	でむにゃん:原作/炭酸だいすき:作画
9784785977610	2024.9	少年画報社	YKコミックス	2	エルフせんぱいは××××したい. 2	エルフセンパイワバツバツバツバツシタイ	亀吉, いちこ	亀吉いちこ:著
9784253323161	2024.9	秋田書店	チャンピオンREDコミックス	1	エロントロピーが止まらない! : JK巫女のラブレッスン. 1	エロントロピーガトマラナイ:ジェイケイミコノラブレッスン	青橋, 由高/ぜろの, りく	青橋由高:原作/ぜろのりく:作画
9784065368152	2024.9	講談社	KCx	6	王太子様、私今度こそあなたに殺されたくないんです! : 聖女に嵌められた貧乏令嬢、二度目は串刺し回避します! 6	オウタイシサマワタシコンドコソアナタニコロサレタクナインデス:セイジョニハメラレ	おしばなお/岡達, 英茉	おしばなお:漫画/岡達英茉:原作/先崎真琴:キャラクター原案
9784800015044	2024.9	マッグガーデン	MGC. Avarus series	5	王太子に婚約破棄されたので、もうバカのふりはやめようと思います. 5	オウタイシニコンヤクハキサレタノデ、モウバカノフリハヤメヨウトオモイマス	南乃, 映月/狭山, ひびき	南乃映月:漫画/狭山ひびき:原作
9784049159318	2024.9	KADOKAWA	電撃コミックスNEXT ; N443-05	5	王都の外れの錬金術師 = A tale of a little alchemist blessed by the spirits : ハズレ職業だったので、のんびりお店経営します. 5	オウトノハズレノレンキンジュツシ	あさなや/yocco, pub. 2021	あさなや:著/yocco:原作/純粋:キャラクター原案
9784048996327	2024.9	ブシロードワークス	ブシロードコミックス	2	王立騎士団の花形職 : 転移先で授かったのは、聖獣に愛される規格外な魔力と供給スキルでした. 2	オウリツキシダンノハナガタショク:テンイサキデサズカッタノワセイジュウニアイサレ	糸由, はんみ/眼鏡, ぐま	糸由はんみ:漫画/眼鏡ぐま:原作/縞:キャラクター原案
9784049160314	2024.9	KADOKAWA	電撃コミックスNEXT ; N526-02	2	王立魔術学院の鬼畜講師. 2	オウリツマジュツガクインノキチクコウシ	実々, みみず/急川, 回レ	実々みみず:漫画/急川回レ:原作/zunta:キャラクターデザイン
9784049157277	2024.9	KADOKAWA		6	狼と香辛料. 6	オオカミトコウシンリョウ	小梅, けいと/支倉, 凍砂	小梅けいと:作画/支倉凍砂:原作/文倉十:キャラクターデザイン
9784041152218	2024.9	KADOKAWA	角川コミックス・エース	1	オーバーロード〈新〉世界編 = OVERLORD New World. 1	オーバーロードシンセカイヘン	丸山, くがね/Matsuki	丸山くがね:原作/Matsuki:漫画/so-bin:キャラクター原案
9784041152256	2024.9	KADOKAWA	角川コミックス・エース	13	オーバーロード不死者のOh! = OVERLORD The Undead King Oh! 13	オーバーロードフシシャノオー	じゅうあみ/丸山, くがね	じゅうあみ:漫画/丸山くがね:原作/so-bin:キャラクター原案
9784537148725	2024.9	日本文芸社	Nichibun comics	7	オーラス : 裏道の柳. 7	オーラス:ウラミチノヤナギ	押川, 雲太郎, 1965-/嶺岸, 信明	押川雲太朗:原作/嶺岸信明:劇画
9784537148893	2024.9	日本文芸社	Nichibun comics	8	オーラス : 裏道の柳. 8	オーラス:ウラミチノヤナギ	押川, 雲太郎, 1965-/嶺岸, 信明	押川雲太朗:原作/嶺岸信明:劇画
9784047381179	2024.9	KADOKAWA	BEAM COMIX	6	オール・ザ・マーブルズ! = ALL THE MARBLES! 6	オールザマーブルズ	伊図, 透	伊図透:著
9784758085700	2024.9	一迅社	IDコミックス. Zero-sum comics	2	お母様の言うとおり! 2	オカアサマノイウトオリ!	うき太郎/ふみ, pub. 2023	うき太郎 コミック:/ふみ:原作
9784046840424	2024.9	KADOKAWA	フロースコミック	5	お飾り王妃になったので、こっそり働きに出ることにしました : うさぎがいるので独り寝も寂しくありません! 5	オカザリオウヒニナッタノデコッソリハタラキニデルコトニシマシタ:ペットガイルノデ	封宝/富樫, 聖夜	封宝:漫画/富樫聖夜:原作/まち:キャラクター原案
9784396701550	2024.9	アイプロダクション	Melt comics	5	おくちがエッチな弱点だって、ライバルのエリート同僚にバレてしまいました. 5	オクチガエッチナジャクテンダッテ、ライバルノエリートドウリョウニバレテシマイマシ	あわい, ぽっぽ	あわいぽっぽ:
9784041153437	2024.9	KADOKAWA	単行本コミックス	1	おくりものコンシェルジュ = gift concierge. 1	オクリモノコンシェルジュ	メクチ, ハナ	メクチハナ:著
9784049159226	2024.9	KADOKAWA	電撃コミックスNEXT ; N043-12	1	幼なじみの高校生のあいだに肉体関係は成立するか。 = Are physical relationships possible between childhood friends of high school students? 1	オサナナジミノコウコウセイノアイダニニクタイカンケイワセイリツスルカ	紺矢, ユキオ	紺矢ユキオ:著
9784046065698	2024.9	KADOKAWA	KITORA		幼馴染BIG LOVE	オサナナジミビッグラブ	観乃, ふみ	観乃ふみ:著
9784088430546	2024.9	集英社	マーガレットコミックス	10	おしかけ王子は2度おいしい. 10	オシカケオウジワニドオイシイ	壱乃, リョウ	壱乃リョウ:著
9784800014986	2024.9	マッグガーデン	Blade comics. Pixiv	1	推しの実況者に、なぜか溺愛されています。. 1	オシノジッキョウシャニ、ナゼカデキアイサレテイマス。	拓平	タクヘイ:著
9784046839770	2024.9	KADOKAWA	シリーズ立ち行かないわたしたち		夫に「したくない」が言えない	オットニシタクナイガイエナイ	高尾, まこと	高尾まこと:著
9784046841001	2024.9	KADOKAWA	MFコミックス. アライブシリーズ	8	乙女怪獣キャラメリゼ. 8	オトメカイジュウキャラメリゼ	蒼木, スピカ	蒼木スピカ:著
9784049158700	2024.9	KADOKAWA	シルフコミックス ; S-113-2	2	乙女ゲーの推しが逆トリップしてきた話。. 2	オトメゲーノオシガギャクトリップシテキタハナシ	チチカカ池	チチカカ池:著
9784845866908	2024.9	リイド社	SP comics = SPコミックス. SP 		鬼平犯科帳 : わかれ道	オニヘイハンカチョウ:ワカレミチ	さいとう, たかを, 1936-2021/池波, 正太郎, 1923-1990/	さいとう・たかを:/池波正太郎:原案/大原久澄, 植田真太郎, 守山カオリ 脚色:
9784823607257	2024.9	ジーオーティー	GOT COMICS		お姉ちゃんとずぽずぽ。	オネエチャントズポズポ	たかしな浅妃 著	たかしな浅妃:著
9784046827937	2024.9	KADOKAWA	KITORA		思ってたのと違うあの子の話 = Story of the girl who is not what I thought she would be	オモッテタノトチガウアノコノハナシ	かいばしら	かいばしら:著
9784911186145	2024.9	モバイルメディアリサーチ	ラブきゅんcomic		俺が欲情するのはキミのせい。 : 一目惚れのち、相性120%エッチ	オレガヨクジョウスルノワキミノセイ:ヒトメボレノチアイショウヒャクニジッパーセン	南雲, ジュリ	南雲ジュリ:著
9784046839435	2024.9	KADOKAWA	MFC	18	俺だけレベルアップな件. 18	オレダケレベルアップナケン	DUBU, 1985-2022/Chugong/h-goon	DUBU:漫画/Chugong:原作/h-goon 脚色:
9784065368084	2024.9	講談社	シリウスKC	1	俺のクラスに若返った元嫁がいる. 1	オレノクラスニワカガエッタモトヨメガイル	akn坊/猫又, ぬこ, 1990-	akn坊:漫画/猫又ぬこ:原作/緑川葉:キャラクター原案
9784821159130	2024.9	ぶんか社	Bunkasha comics	Vol. 44	俺流!絶品めし. Vol. 44	オレリュウ!ゼッピンメシ		
9784049159172	2024.9	KADOKAWA	電撃コミックスNEXT ; N491-05	5	女鍛冶師はお人好しギルドに拾われました : 新天地でがんばる鍛冶師生活. 5	オンナカジシワオヒトヨシギルドニヒロワレマシタ:シンテンチデガンバルカジシセイカ	日之影, ソラ/百井, 一途	日之影ソラ:原作/みつなり都:キャラクターデザイン/百井一途:作画
9784046065599	2024.9	KADOKAWA			女ひとり、インドのヒマラヤでバイクに乗る。	オンナヒトリインドノヒマラヤデバイクニノル	里中, はるか, 1988-	里中はるか:著
9784299059062	2024.9	宝島社	このマンガがすごい!comics		怨霊地図	オンリョウチズ	宝島社	『このマンガがすごい!』編集部:編
9784845866885	2024.9	リイド社	SP comics = SPコミックス. Mim		帰っておいでよ。	カエッテオイデヨ。	オオヒラ, ヨウ	オオヒラヨウ:
9784046840547	2024.9	KADOKAWA		3rdステージ	カッラフルなエッッブリデイ : へたくそなのに泣くほど笑える! 3rdステージ	カッラフルナエッッブリデイ:ヘタクソナノニナクホドワラエル	むめい	むめい:著
9784065368688	2024.9	講談社	KCx	2	過保護な執事が私の婚活を邪魔してきます! 2	カホゴナシツジガワタシノコンカツオジャマシテキマス	蒼凪, そう/もり	蒼凪そう:漫画/もり:原作
9784046838995	2024.9	KADOKAWA	フロースコミック	3	空っぽ聖女として捨てられたはずが、嫁ぎ先の皇帝陛下に溺愛されています. 3	カラッポセイジョトシテステラレタハズガトツギサキノコウテイヘイカニデキアイサレテ	小山, るんち/琴子	小山るんち:漫画/琴子:原作
9784821159123	2024.9	ぶんか社	RK comics. Comic doop&#3	2	可愛い義理の妹なんて、本当は面倒なだけなんだが. 2	カワイイギリノイモウトナンテ、ホントウワメンドウナダケナンダガ	ロジロ	ロジロ:著
9784537148886	2024.9	日本文芸社	Nichibun comics	1	カンナビス. 1	カンナビス	佐伊村, 司	佐伊村司:
9784801984127	2024.9	竹書房	Bamboo comics. Reijin un		ガチ推し☆リアリティ	ガチオシ☆リアリティ	才田, もちお	才田もちお:著
9784041153864	2024.9	KADOKAWA	角川コミックス・エース	1	ガルルガール = GARURU GIRL. 1	ガルルガール	原, 聡志	原聡志:著
9784775321652	2024.9	新紀元社			頑張らない背景の描き方 : マンガ・イラストに役立つ「省力化」テクニック!	ガンバラナイハイケイノエガキカタ:マンガイラストニヤクダツショウリョクカテクニッ	デジタル職人株式会社	デジタル職人:監修
9784049159912	2024.9	KADOKAWA	電撃コミックスNEXT ; N094-15	15	ガヴリールドロップアウト = Gabriel DropOut. 15	ガヴリールドロップアウト	うかみ	うかみ:著
9784796416900	2024.9	海王社	Kaiohsha comics. Gush co	1	后と河. 1	キサキトカワ	山中, ヒコ	山中ヒコ:
9784041152423	2024.9	KADOKAWA			キジバトくん日記	キジバトクンニッキ	初丸, うげべそ	初丸うげべそ:著
9784801984257	2024.9	竹書房	Bamboo comics	1	キスからはじまる異世界ハーレム : 一夫多妻の世界に転生したので神が決めた運命の人を探します. 1	キスカラハジマルイセカイハーレム:イップタサイノセカイニテンセイシタノデカミガキ	勇人	勇人:著
9784041156162	2024.9	KADOKAWA	角川コミックス・エース	3	機動戦士ガンダム赤い三巨星 = MOBILE SUITS GUNDAM RED GIANT 03rd MS TEAM. 3	キドウセンシガンダムアカイサンキョセイ	江尻, 立真/関西, リョウジ/矢立, 肇/富野, 由悠季, 1941-	江尻立真:漫画/関西リョウジ シナリオ:/矢立肇, 富野由悠季:原作
9784041153628	2024.9	KADOKAWA	角川コミックス・エース	3	機動戦士ガンダム水星の魔女ヴァナディースハート = Mobile Suit Gundam THE WITCH FROM MERCURY VANADIS HEART. 3	キドウセンシガンダムスイセイノマジョヴァナディースハート	東條, チカ/米山, 昂/矢立, 肇/富野, 由悠季, 1941-	東條チカ:漫画/米山昂 シナリオ:/矢立肇, 富野由悠季:原作
9784041154311	2024.9	KADOKAWA	角川コミックス・エース	3	機動戦士ガンダムヴァルプルギスEVE = MOBILE SUIT GUNDAM VALPURGIS EVE. 3	キドウセンシガンダムヴァルプルギスイヴ	葛木, ヒヨン/海冬, レイジ/倉持, キョーリュー	葛木ヒヨン:漫画/海冬レイジ:脚本/矢立肇, 富野由悠季:原案/倉持キョーリュー メカニックデザイン:
9784537148909	2024.9	日本文芸社	Nichibun comics	1	キノコ・ブラザーズ. 1	キノコ・ブラザーズ	尾藤, 麻論/烏山, 英司	尾藤麻論:原作/烏山英司:作画
9784046839657	2024.9	KADOKAWA	フロースコミック	3	貴腐人ローザは陰から愛を見守りたい. 3	キフジンローザワカゲカラアイオミマモリタイ	紫, のの/中村, 颯希	紫のの:漫画/中村颯希:原作/わるつ, 西村和笑:キャラクター原案
9784088430515	2024.9	集英社	マーガレットコミックス	3	君を忘れる恋がしたい. 3	キミオワスレルコイガシタイ	結木, 悠	結木悠:著
9784046839374	2024.9	KADOKAWA	MFC	1	君とブルーに染まる頃 = When I&#39;m dyed blue with you. 1	キミトブルーニソマルコロ	斎藤, 栞/みあ, ボーカリスト	斎藤栞:著/みあ:原作
9784041153475	2024.9	KADOKAWA	角川コミックス・エース	3	君のラブを見せてくれ! 3	キミノラブオミセテクレ	リムコロ	リムコロ:著
9784416723708	2024.9	誠文堂新光社	描きテク!		キャラクターの豊かな感情表現の描き方 : 喜怒哀楽から微妙な心理表現まで、描き方のコツと表情例1000点	キャラクターノユタカナカンジョウヒョウゲンノカキカタ:キドアイラクカラビミョウナ	細井, 綾	細井綾 筆:
9784046837530	2024.9	KADOKAWA			キャンドルと魔女 = CANDLE &amp; WITCH	キャンドルトマジョ	chick	chick:著
9784049159189	2024.9	KADOKAWA	電撃コミックスNEXT ; N520-04	4	嫌われ皇子のやりなおし = The Hated Prince Starts His Life Over Again : 辺境で〈闇魔法〉を極めて、最強の眷属と理想の王国を作ります. 4	キラワレオウジノヤリナオシ	苗原, 一/阿部, 花次郎	苗原一:原作/阿部花次郎:漫画/高峰ナダレ:キャラクターデザイン
9784864682824	2024.9	ヒーローズ	HCヒーローズコミックス	24	キリングバイツ = KILLING BITES. 24	キリングバイツ	村田, 真哉/隅田, かずあさ	村田真哉:原作/隅田かずあさ:作画
9784041154403	2024.9	KADOKAWA			クールな同級生の10年後 = COOL CLASSMATE GIRLS 10 YEARS LATER	クールナドウキュウセイノジュウネンゴ	球体X	球体X:著
9784801984417	2024.9	竹書房	Bamboo comics	3	クズ外道の俺は、洗脳スキルで美少女を脱がすことにした。. 3	クズゲドウノオレワ、センノウスキルデビショウジョオヌガスコトニシタ。	ダイヤモンド/剛田, ナギ	ダイヤモンド:原作/剛田ナギ:漫画
9784065368459	2024.9	講談社	講談社プラチナコミックス	鴨南丼	クッキングパパ. 鴨南丼	クッキングパパ	うえやま, とち, 1954-	うえやまとち:著
9784785977658	2024.9	少年画報社	YKコミックス		くっころ騎士の快適虜囚生活 = A Kukkoro knight&#39;s comfortable life in captivity	クッコロキシノカイテキリョシュウセイカツ	蛇光院, 三郎	蛇光院三郎:著
9784041138939	2024.9	KADOKAWA	角川コミックス・エース	2	国渡りの錬金術師 : 王子に騙され王宮を追い出された私は、ある旅の一団と出会いました. 2	クニワタリノレンキンジュツシ:オウジニダマサレオウキュウオオイダサレタワタシワア	綴吏/日之影, ソラ	綴吏:漫画/日之影ソラ:原作/saraki:キャラクター原案
9784845864652	2024.9	リイド社	パーフェクト・メモワール	Vol. 19	雲盗り暫平. Vol. 19	クモトリザンペイ	さいとう, たかを, 1936-2021	さいとう・たかを:
9784040755939	2024.9	KADOKAWA	ドラゴンコミックスエイジ	5	くらいあの子としたいこと. 5	クライアノコトシタイコト	碇, マナツ	碇マナツ [著]:
9784041153871	2024.9	KADOKAWA	角川コミックス・エース	6	クラスの大嫌いな女子と結婚することになった。. 6	クラスノダイキライナジョシトケッコンスルコトニナッタ	天乃, 聖樹/もすこんぶ	天乃聖樹:原作/もすこんぶ:漫画
9784434344992	2024.9	アルファポリス	アルファポリスCOMICS	1	工芸職人はセカンドライフを謳歌する. 1	クラフトマンワセカンドライフオオウカスル	鈴木, 竜一/華尾, ス太郎	鈴木竜一:原作/華尾ス太郎:漫画/ゆーにっと:キャラクター原案
9784048113489	2024.9	KADOKAWA	MFコミックス. アライブ+シリーズ	4	クレバテス = CLEVATESS : 魔獣の王と赤子と屍の勇者. 4	クレバテス	岩原, 裕二	岩原裕二:著
9784047381353	2024.9	KADOKAWA	AOKISHI COMICS	3	クロシオカレント = KUROSHIO CURRENT. 3	クロシオカレント	こかむも	こかむも [著]:
9784046840332	2024.9	KADOKAWA	MFCキューンシリーズ	4	ケイヤクシマイ = Contract Sisters. 4	ケイヤクシマイ	ヒジキ	ヒジキ:著
9784800014993	2024.9	マッグガーデン	MGC. Web comic beat&#39;	8	剣聖の称号を持つ料理人. 8	ケンセイノショウゴウオモツリョウリニン	天那, 光汰/海田, ゆた	天那光汰:原作/海田ゆた:漫画
9784046839404	2024.9	KADOKAWA	フロースコミック	13	外科医エリーゼ = Surgeon Elise. 13	ゲカイエリーゼ	mini/yuin	mini:漫画/yuin:原作
9784065369159	2024.9	講談社	ヤンマガKC	その11	月曜日のたわわ = Tawawa on Monday. その11	ゲツヨウビノタワワ	比村, 奇石	比村奇石:著
9784046839497	2024.9	KADOKAWA	MFコミックス. ジーンシリーズ	2	幻想命名記. 2	ゲンソウメイメイキ	小松, 万記	小松万記:著
9784845866915	2024.9	リイド社	SPコミックス. SP pocket wide		現代史の中のゴルゴ13 : 米ソ激突!!危機の時代	ゲンダイシノナカノゴルゴ13:ベイソゲキトツ!!キキノジダイ	さいとう, たかを, 1936-2021	さいとう・たかを:著
9784048113588	2024.9	KADOKAWA	MFC	2	現代の最強兵士、異世界ダンジョンを攻略する = THE MODERN ERA&#39;S STRONGEST SOLDIER CONQUERS ANOTHER WORLD&#39;S DUNGEON. 2	ゲンダイノサイキョウヘイシイセカイダンジョンオコウリャクスル	三門, 鉄狼, 1983-/クリエイティブハウスポケット	三門鉄狼 原作・脚本:/クリエイティブハウスポケット:作画
9784838732845	2024.9	マガジンハウス		2	恋とか夢とかてんてんてん. 2	コイトカユメトカテンテンテン	世良田, 波波	世良田波波:著
9784098536047	2024.9	小学館	裏少年サンデーコミックス	1	恋人以上のことを、彼女じゃない君と。@comic. 1	コイビトイジョウノコトオカノジョジャナイキミトアットマークコミック	持崎, 湯葉/胡枩, 遼	持崎湯葉:原作/どうしま:キャラクター原案/胡枩遼:漫画
9784865377385	2024.9	ゲネシス	GENESYS COMICS		コイマニ。	コイマニ	りゅうき夕海 著	りゅうき夕海:著
9784046839329	2024.9	KADOKAWA			交換日記がおわっても = EVEN AFTER THE EXCHANGE DIARY IS OVER	コウカンニッキガオワッテモ	AK壱乃	AK壱乃:著
9784046838582	2024.9	KADOKAWA	MFコミックス. ジーンシリーズ	3	後宮の検屍女官. 3	コウキュウノケンシニョカン	おの, 秋人/小野, はるか, pub. 2015	おの秋人:漫画/小野はるか:原作/夏目レモン:キャラクター原案
9784046835789	2024.9	KADOKAWA	フロースコミック	2	後宮の毒華. 2	コウキュウノドクカ	いずも, 甘茶/太田, 紫織, 1978-	いずも甘茶:著/太田紫織:原作/千景:キャラクター原案
9784800015020	2024.9	マッグガーデン	MGC. Avarus series	1	後宮の忘却妃 : 輪廻の華は官女となりて返り咲く : the comic. 1	コウキュウノボウキャクヒ:リンネノハナワカンジョトナリテカエリザク:thecom	あかこ/池谷, 茉優	あかこ:原作/池谷茉優:漫画
9784048996334	2024.9	ブシロードワークス	ブシロードコミックス	1	公爵令嬢は我が道を場当たり的に行く = I going my way haphazardly! 1	コウシャクレイジョウワワガミチオバアタリテキニイク	高瀬, 雛/ぽよ子	高瀬雛:漫画/ぽよ子:原作/にもし:キャラクター原案
9784046840400	2024.9	KADOKAWA	フロースコミック	4	皇帝の薬膳妃. 4	コウテイノヤクゼンヒ	かなたろう/尾道, 理子	かなたろう:漫画/尾道理子:原作/名司生:キャラクター原案
9784047379428	2024.9	KADOKAWA	HARTA COMIX	1	黒巫鏡談. 1	コクフキョウダン	戸川, 四餡	戸川四餡:著
9784049160352	2024.9	KADOKAWA	電撃コミックスNEXT ; N609-01	1	蠱毒の胡蝶はどんな夢を見るのか? 1	コドクノコチョウワドンナユメオミルノカ	耳式/鴉, ぴえろ, 1991-	耳式:漫画/鴉ぴえろ:原作
9784799768860	2024.9	リブレ	クロフネcomics. く ろふねピクシブシリー	2	子供に懐かれたら家政婦になりました。あれ?騎士様にも溺愛されてるようです!? 2	コドモニナツカレタラカセイフニナリマシタ。アレ?キシサマニモデキアイサレテルヨウ	桂, 実, 漫画家/三園, 七詩	桂実 漫画・キャラクター原案:/三園七詩:原作
9784046839466	2024.9	KADOKAWA	MFC	8	このヒーラー、めんどくさい. 8	コノヒーラーメンドクサイ	丹念に発酵	丹念に発酵:著
9784046838315	2024.9	KADOKAWA	シリーズ立ち行かないわたしたち		この街の誰かに嫌われています	コノマチノダレカニキラワレテイマス	グラハム子	グラハム子:著
9784845866922	2024.9	リイド社	SP comics = SPコミックス		コミック乱ツインズセレクション : 想いは強く。	コミックランツインズセレクション:オモイワツヨク。	さいとう, たかを, 1936-2021/ラズウェル細木, 1956-/藤原, 	さいとう・たかを, ラズウェル細木, 藤原芳秀, 鈴木あつむ, 平田弘史, 荒木俊明, 岡村賢二, こだま学:/池波正太郎, 安部龍太郎:原作/北鏡太, 幸森軍也 脚色:
9784088430508	2024.9	集英社	マーガレットコミックス	6	小宮山がキライだ = i never fall in love with Komiyama.maybe. 6	コミヤマガキライダ	桃白, 茉乃	桃白茉乃:著
9784537148831	2024.9	日本文芸社	Nichibun comics	20	今宵、妻が。. 20	コヨイ、ツマガ。	佐野, タカシ	佐野タカシ:
9784088430386	2024.9	集英社	マーガレットコミックス	13	これは経費で落ちません! : 経理部の森若さん. 13	コレワケイヒデオチマセン:ケイリブノモリワカサン	青木, 祐子/森, こさち	青木祐子:原作/森こさち:漫画
9784864682916	2024.9	ヒーローズ	ヒーローズコミックスふらっと	6	転がる姉弟. 6	コロガルキョウダイ	森, つぶみ	森つぶみ:著
9784048113540	2024.9	KADOKAWA	カドコミ	1	殺し殺され三角関係に私が今から入るんですか? 1	コロシコロサレサンカクカンケイニワタシガイマカラハイルンデスカ	鈴木, 二三江	鈴木二三江:著
9784048996341	2024.9	ブシロードワークス	ブシロードコミックス	1	こんな異世界のすみっこで : ちっちゃな使役魔獣とすごす、ほのぼの魔法使いライフ. 1	コンナイセカイノスミッコデ:チッチャナシエキマジュウトスゴスホノボノマホウツカイ	栗崎, きんぐ/いちい, 千冬	栗崎きんぐ:漫画/いちい千冬:原作/桶乃かもく:キャラクター原案
9784877233280	2024.9	興陽館			こんにちは!ひとり暮らし	コンニチワヒトリグラシ	みつはし, ちかこ, 1941-	みつはしちかこ:著
9784065372746	2024.9	講談社	KCx	2	婚約破棄した相手が毎日謝罪に来ますが、復縁なんて絶対にありえません! 2	コンヤクハキシタアイテガマイニチシャザイニキマスガフクエンナンテゼッタイニアリエ	櫻井, みこと/いちいち	櫻井みこと:原作/いちいち:漫画/フルーツパンチ:キャラクター原案
9784041152645	2024.9	KADOKAWA	角川コミックス・エース	1	婚約破棄までの10日間 = 10 days until the engagement is broken. 1	コンヤクハキマデノトオカカン	きなつk/小鳩, 子鈴	きなつk:漫画/小鳩子鈴:原作/すずむし:キャラクター原案
9784344854680	2024.9	幻冬舎コミックス	Birz comics = バーズコミックス. 		極上乳首をいただきます	ゴクジョウチクビオイタダキマス	都, みめこ	都みめこ:
9784048113359	2024.9	KADOKAWA	カドコミ		午後の光線	ゴゴノコウセン	南寝	南寝:著
9784911348000	2024.9	フェーズシックス		ROUND3	ゴジラライバルズ. ROUND3	ゴジラライバルズ	Frank, Matt, 1985-/マルティネス, マーク/ファウ, ノーラ/	マット・フランク [ほか]:脚本/マット・フランク [ほか] アート:/ルビー翔馬ジェームス:訳
9784046836915	2024.9	KADOKAWA		4	後藤さんは振り向かせたい! 4	ゴトウサンワフリムカセタイ	みきぽん	みきぽん:著
9784344854604	2024.9	幻冬舎コミックス	Birz comics = バーズコミックス	12	ご飯つくりすぎ子と完食系男子. 12	ゴハンツクリスギコトカンショクケイダンシ	揚立, しの	揚立しの:
9784845866878	2024.9	リイド社	SPコミックス	214	ゴルゴ13. 214	ゴルゴサーティーン	さいとう, たかを, 1936-2021	さいとうたかを:著
9784047379480	2024.9	KADOKAWA	HARTA COMIX	2	サーヴァントビースト = Servant Beasts. 2	サーヴァントビースト	森野, 鈴鹿	森野鈴鹿:著
9784253308052	2024.9	秋田書店	ヤングチャンピオン・コミックス	3	最凶の魔王に鍛えられた勇者、異世界帰還者たちの学園で無双する. 3	サイキョウノマオウニキタエラレタユウシャイセカイキカンシャタチノガクエンデムソウ	紺野, 千昭/岩葉, 純希	紺野千昭:原作/岩葉:漫画/fame:キャラクター原案
9784757594364	2024.9	スクウェア・エニックス	ヤングガンガンコミックス	1	最後の夏を人妻と. 1	サイゴノナツオヒトズマト	永谷, えんがわ	永谷えんがわ:著
9784838732906	2024.9	マガジンハウス	ISEKAI	1	最底辺であがく僕は、異世界で希望に出会う : 自分だけゲームのような異世界に行けるようになったので、レベルを上げてみんなを見返します. 1	サイテイヘンデアガクボクワイセカイデキボウニデアウ:ジブンダケゲームノヨウナイセ	片山, 誠/風の吹くまま気の向くまま	かたやままこと:漫画/風の吹くまま気の向くまま:原作
9784845866939	2024.9	リイド社		1	前巷説百物語. 1	サキノコウセツヒャクモノガタリ	日高, 建男/京極, 夏彦, 1963-	日高建男:漫画/京極夏彦:原作
9784781623719	2024.10	イースト・プレス			あーしはDJ	アーシワディージェー	杉作, J太郎, 1961-	杉作J太郎:著
9784047381674	2024.10	KADOKAWA	B&#39;s LOVEY comics		愛から一番遠い場所	アイカライチバントオイバショ	せきとう	せきとう:著
9784065368275	2024.10	講談社	講談社コミックス別冊フレンド	1	愛がなければアイドルできない = Without love,I can&#39;t be an idol. 1	アイガナケレバアイドルデキナイ	北川, 夕夏	北川夕夏:著
9784065367995	2024.10	講談社	KCDX. 週刊少年マガジン	1	愛妻の裏アカ = It&#39;s not just Adultery. 1	アイサイノウラアカ	MITA/図, イツク	MITA:原作/図イツク:漫画
9784596714916	2024.10	ハーパーコリンズ・ジャパン	marmalade comics ; ア3-04	2	愛されていますが離婚しましょう : 許嫁夫婦の片恋婚. 2	アイサレテイマスガリコンシマショウ:イイナズケフウフノカタコイコン	安崎, 羽美/黒乃, 梓	安崎羽美:著/黒乃梓:原作
9784088933870	2024.10	集英社	ヤングジャンプコミックス・ウルトラ	4	逢沢小春は死に急ぐ. 4	アイザワコハルワシニイソグ	胡原, おみ	胡原おみ:著
9784824009623	2024.10	オーバーラップ	LiQulle Comics		愛し上手なセックス・ピロー	アイシジョウズナセックスピロー	ずつうやく	ずつうやく:著
9784098536245	2024.10	小学館	サンデーうぇぶり少年サンデーコミックス	5	アイツノカノジョ. 5	アイツノカノジョ	肉丸	肉丸:著
9784867177334	[2024.10]	ジーウォーク	Moog comics		愛というなまえ	アイトイウナマエ	田中森, よこた	田中森よこた:著
9784596714251	2024.10	ハーパーコリンズ・ジャパン	プティルコミックス	1	愛とかいいから抱きしめて. 1	アイトカイイカラダキシメテ	鳴海, 涼	鳴海涼:著
9784065369432	2024.10	講談社	講談社コミックスデラックス. 月刊少年マガジン	2	#アイトラ. 2	アイトラ	ねこうめ	ねこうめ:著
9784048113410	2024.10	KADOKAWA	角川コミックス・エース	1	アイドル失格. 1	アイドルシッカク	安部, 若菜, 2001-/空神, セイ	安部若菜:原作/空神セイ:漫画
9784041154946	2024.10	KADOKAWA	角川コミックス・エース	2	アイドルマスターシャイニーカラーズコヒーレントライト = THE IDOLM@STER SHINY COLORS CoherentLight. 2	アイドルマスターシャイニーカラーズコヒーレントライト	バンダイナムコエンターテインメント/緒原, 博綺	バンダイナムコエンターテインメント:原作/緒原博綺:漫画
9784099431716	2024.10	小学館	サンデーうぇぶり少年サンデーコミックス	2	アイドルマスター シャイニーカラーズ 事務的光空記録. 2	アイドルマスターシャイニーカラーズジムテキシャイノグラフィ	バンダイナムコエンターテインメント/夜出, 偶太郎	バンダイナムコエンターテインメント:原作/夜出偶太郎:著
9784098630332	2024.10	小学館	ビッグコミックス	37	アオアシ. 37	アオアシ	小林, 有吾	小林有吾:著
9784098536368	2024.10	小学館	少年サンデーコミックス	34	あおざくら : 防衛大学校物語. 34	アオザクラ:ボウエイダイガッコウモノガタリ	二階堂, ヒカル	二階堂ヒカル:著
9784088842073	2024.10	集英社	ジャンプコミックス	17	アオのハコ. 17	アオノハコ	三浦, 糀	三浦糀:著
9784046842039	2024.10	KADOKAWA	MFコミックス. ジーンシリーズ	2025年度版	青春鉄道. 2025年度版	アオハルテツドウ	青春	青春:著
9784785977832	2024.10	少年画報社	YKコミックス	13	アオバ自転車店といこうよ! 13	アオバジテンシャテントイコウヨ	宮尾, 岳, 1959-	宮尾岳:著
9784065370407	2024.10	講談社	講談社コミックス. 週刊少年マガジン	3	アガルタゲーム = AGARTHA GAME. 3	アガルタゲーム	青海, 兼/倭川, 佐	青海兼:原作/倭川佐:漫画
9784081152360	2024.10	集英社	SJR	5	秋本治のナイス!なチョイスこち亀live!! : こちら葛飾区亀有公園前派出所. 5	アキモトオサムノナイス!ナチョイスコチカメlive!!:コチラカツシカクカメアリ	秋本, 治, 1952-	秋本治:著
9784046840257	2024.10	KADOKAWA			あきらかに年齢を詐称している女子高生VTuber = High school girl VTuber who clearly lies about her age	アキラカニネンレイオサショウシテイルジョシコウセイヴイチューバー	なまず	なまず:著
9784046837783	2024.10	KADOKAWA	フロースコミック	03	亜空の聖女 : 妹に濡れ衣を着せられた最強魔術師は、正体を隠してやり直す. 03	アクウノセイジョ:イモウトニヌレギヌオキセラレタサイキョウマジュツシワショウタイ	芳澤, 勇介/ラチム	芳澤勇介:漫画/ラチム:原作/武田ほたる:キャラクター原案
9784801984332	2024.10	竹書房	Bamboo comics	1	あくまで魔女の誘惑ですから. 1	アクマデマジョノユウワクデスカラ	わたり, さえ	わたりさえ:
9784049160444	2024.10	KADOKAWA	電撃コミックスNEXT ; N584-02	2	悪役御曹司の勘違い聖者生活 : 二度目の人生はやりたい放題したいだけなのに. 2	アクヤクオンゾウシノカンチガイセイジャセイカツ:ニドメノジンセイワヤリタイホウダ	戦上, まい子/木の芽	戦上まい子:漫画/木の芽:原作/へりがる:キャラクター原案
9784065372272	2024.10	講談社	KCx	2	悪役聖女のやり直し : 冤罪で処刑された聖女は推しの英雄を救うために我慢をやめます. 2	アクヤクセイジョノヤリナオシ:エンザイデショケイサレタセイジョワオシノエイユウオ	山夜, みい, 1994-/野崎, もと	山夜みい:原作/野崎もと:漫画/woonak:キャラクター原案
9784046840691	2024.10	KADOKAWA	フロースコミック	7	悪役のエンディングは死のみ. 7	アクヤクノエンディングワシノミ	SUOL/Gwon, Gyeoeul	SUOL:漫画/GwonGyeoeul:原作
9784041153895	2024.10	KADOKAWA	角川コミックス・エース	1	悪役令嬢、十回死んだらなんか壊れた。. 1	アクヤクレイジョウジュッカイシンダラナンカコワレタ	嶋野, 夕陽/星野, スミ	嶋野夕陽:原作/星野スミ:漫画
9784046841100	2024.10	KADOKAWA	フロースコミック	7	悪役令嬢、セシリア・シルビィは死にたくないので男装することにした。. 7	アクヤクレイジョウセシリアシルビィワシニタクナイノデダンソウスルコトニシタ	秋山, シノ/秋桜, ヒロロ	秋山シノ:著/秋桜ヒロロ:原作/ダンミル:キャラクター原案
9784758085960	2024.10	一迅社	IDコミックス. Zero-sum comics	13	悪役令嬢ですが、幸せになってみせますわ! : アンソロジーコミック. 13	アクヤクレイジョウデスガ、シアワセニナッテミセマスワ!:アンソロジーコミック		
9784800015051	2024.10	マッグガーデン	MGC. Avarus series		悪役令嬢として破滅フラグは全てへし折ってあげますわ! : いろんな手段であらゆる不幸に「ざまぁ」します : アンソロジーコミック	アクヤクレイジョウトシテハメツフラグワスベテヘシオッテアゲマスワ!:イロンナシュ		
9784774732848	2024.10	コスミック出版	Kyun comics. Maomao	2	悪役令嬢に転生したら異臭漂う世界だったので、いい香りで救います! 2	アクヤクレイジョウニテンセイシタライシュウタダヨウセカイダッタノデ、イイカオリデ	桜庭, あさみ/ひなの, 琴莉	桜庭あさみ:/ひなの琴莉:原作
9784800015143	2024.10	マッグガーデン	MGC. Avarus series	4	悪役令嬢にハッピーエンドの祝福を! : アンソロジーコミック. 4	アクヤクレイジョウニハッピーエンドノシュクフクオ!:アンソロジーコミック		
9784088934310	2024.10	集英社	ヤングジャンプコミックス	14	明日ちゃんのセーラー服 = AKEBI&#39;s sailor uniform. 14	アケビチャンノセーラーフク	博	博:著
9784801984271	2024.10	竹書房	Bamboo comics	1	明星のジェニィ. 1	アケボシノジェニィ	上原, 翔平	上原翔平:
9784801984288	2024.10	竹書房	Bamboo comics	2	明星のジェニィ. 2	アケボシノジェニィ	上原, 翔平	上原翔平:
9784396792466	2024.10	祥伝社	FC jam comics	2	あした、君と恋を知る : even more. 2	アシタ、キミトコイオシル:evenmore	日向, きょう	日向きょう:
9784098045549	2024.10	小学館	My first big		味いちもんめ季節膳 : 花板	アジイチモンメキセツゼン:ハナイタ	あべ, 善太/倉田, よしみ, 1954-	あべ善太:作/倉田よしみ:画
9784088842417	2024.10	集英社	ジャンプコミックス	2	アストロベイビー. 2	アストロベイビー	森屋, シロ	森屋シロ:著
9784434342639	2024.10	ブラスト出版	occupai		アソコ洗い屋さん! : あの子が蕩ける濃密性交	アソコアライヤサン:アノコガトロケルノウミツセイコウ	トヨ 著	トヨ:著
9784022519948	2024.10	朝日新聞出版		第3巻	あたしンちSUPER. 第3巻	アタシンチスーパー	けら, えいこ, 1962-	けらえいこ:著
9784592230380	2024.10	白泉社	HC Special		可惜夜行	アタラヤコウ	都戸, 利津	都戸利津:著
9784046840998	2024.10	KADOKAWA	フロースコミック	2	当て馬モブ令嬢が必死に瞬殺回避したら、気づけば全キャラ攻略してました!? 2	アテウマモブレイジョウガヒッシニシュンサツカイヒシタラキズケバゼンキャラコウリャ	桜, あげは/うに	桜あげは 原作・脚本:/うに:作画
9784041154298	2024.10	KADOKAWA	角川コミックス・エース	4	ATRI : My Dear Moments. 4	アトリ:マイディアモーメンツ	アニプレックス/じゃこ	ANIPLEX.EXE:原作/じゃこ:漫画
9784757594685	2024.10	スクウェア・エニックス	ガンガンコミックス	1	アナスタシアの生きた9日間. 1	アナスタシアノイキタ9ニチカン	朝倉, 亮介	朝倉亮介:著
9784575419979	2024.10	双葉社	モンスターコミックスf	1	貴方に未練はありません! : 浮気者の婚約者を捨てたら王子様の溺愛が待っていました. 1	アナタニミレンワアリマセン:ウワキモノノコンヤクシャオステタラオウジサマノデキア	蒼空, ユキヤ/水垣, するめ	蒼空ユキヤ:漫画/水垣するめ:原作/藤未都也:キャラクター原案
9784757594623	2024.10	スクウェア・エニックス	ガンガンコミックスup!	1	あなたのお城の小人さん : 御飯下さい、働きますっ. 1	アナタノオシロノコビトサン:ゴハンクダサイ、ハタラキマスッ	美袋, 和仁/栗原, 一実	美袋和仁, п猫R:原作/栗原一実:漫画
9784065371749	2024.10	講談社	モーニングKC	5	阿南さんは出会って3秒で合体したい! 5	アナンサンワデアッテサンビョウデガッタイシタイ	松林, 佑	松林佑:著
9784049159646	2024.10	KADOKAWA	電撃コミックスNEXT ; N514-04	4	あの夏が飽和する。 = That summer is saturated. 4	アノナツガホウワスル	武富, 智/カンザキ, イオリ	武富智:漫画/カンザキイオリ:原作
9784592721499	2024.10	白泉社	HANAMARU COMICS PREMIUM	5	アフター・ミッドナイト・スキン. 5	アフターミッドナイトスキン	にむまひろ	にむまひろ:著
9784065372920	2024.10	講談社	講談社コミックス. 週刊少年マガジン	4	阿武ノーマル = abunormal. 4	アブノーマル	川上, 大和/タイジュン	川上大和:原作/タイジュン:作画
9784065371725	2024.10	講談社	モーニングKC	1	あぶらぶ : 夫婦でアブノーマルなラブしませんか? 1	アブラブ:フウフデアブノーマルナラブシマセンカ	ありしゃん	ありしゃん:著
9784757594913	2024.10	スクウェア・エニックス	G fantasy comics	1	アベルと魔界の王. 1	アベルトマカイノオウ	野原, もさえ	野原もさえ:著
9784861174568	2024.10	文苑堂	バベルコミックス		あまからびっち	アマカラビッチ	香山リム 著	香山リム:著
9784065371329	2024.10	講談社	講談社コミックス. 週刊少年マガジン	17	甘神さんちの縁結び. 17	アマガミサンチノエンムスビ	内藤, マーシー	内藤マーシー:著
9784866577920	2024.10	フロンティアワークス	Daria comics	3	甘くて熱くて息もできない. 3	アマクテアツクテイキモデキナイ	蜂巣	蜂巣:著
9784434346408	2024.10	アルファポリス	&amp;arche COMICS		甘くて苦い僕たちは	アマクテニガイボクタチワ	きむら, 紫	きむら紫 [著]:
9784065369883	2024.10	講談社	ヤンマガKC	1	アマチュアビジランテ. 1	アマチュアビジランテ	浅村, 壮平/内藤, 光太郎	浅村壮平:原作/内藤光太郎:漫画
9784046840752	2024.10	KADOKAWA	フロースコミック	2	あやかし恋紡ぎ : 儚き乙女は妖狐の王に溺愛される. 2	アヤカシコイツムギ:ハカナキオトメワヨウコノオウニデキアイサレル	杣, 抹茶/伊月, ともや	杣抹茶:著/伊月ともや:原作/夜咲こん:キャラクター原案
9784098728350	2024.10	小学館	FLOWER COMICS SPECIAL	2	あらあらかしこ. 2	アラアラカシコ	波津, 彬子, 1959-	波津彬子:著
9784048113816	2024.10	KADOKAWA	カドコミ	1	アラサーがVTuberになった話。 = Around 30 years old became VTuber. 1	アラサーガブイチューバーニナッタハナシ	犬威, 赤彦/とくめい	犬威赤彦:漫画/とくめい:原作/カラスBTK:キャラクター原案
9784757594487	2024.10	スクウェア・エニックス	ガンガンコミックスup!	14	アラフォー賢者の異世界生活日記 : 気ままな異世界教師ライフ. 14	アラフォーケンジャノイセカイセイカツニッキ:キママナイセカイキョウシライフ	寿, 安清/招来/岡﨑, 純平	寿安清:原作/招来:作画/岡﨑純平:構成
9784065371237	2024.10	講談社	シリウスKC	2	アルス・ゲーティア = Ars Goetia : 無能と呼ばれた少年は、72の悪魔を使役して無双する. 2	アルスゲーティア	駒吉/北川, ニキタ	駒吉:漫画/北川ニキタ:原作/GreeN:キャラクター原案
9784160901896	2024.10	文藝春秋		2	ある日から使えるようになった転移魔法が万能で生きるのが楽しくなりました = The transfer magic I got one day is all-round so it&#39;s fun to live. 2	アルヒカラツカエルヨウニナッタテンイマホウガバンノウデイキルノガタノシクナリマシ	まるせい/市渡, コナヒキ	まるせい:原作/市渡コナヒキ:漫画/イセ川ヤスタカ:キャラクター原案
9784041156193	2024.10	KADOKAWA	角川コミックス・エース	1	ある日突然、ギャルの許嫁ができた = ONE DAY,OUT OF THE BLUE,I GOT A GAL&#39;S FORGIVING WIFE. 1	アルヒトツゼンギャルノイイナズケガデキタ	窪茶/泉谷, 一樹	窪茶:漫画/泉谷一樹:原作/なかむら 文庫イラスト:/まめぇ 原作イラスト:
9784757594500	2024.10	スクウェア・エニックス	ガンガンコミックスup!	14	暗黒騎士の俺ですが最強の聖騎士をめざします. 14	アンコクキシノオレデスガサイキョウノパラディンオメザシマス	西島, ふみかる/白縫, 餡	西島ふみかる:原作/白縫餡:漫画
9784088842400	2024.10	集英社	ジャンプコミックス	2	暗黒デルタ = ANKOKU DELTA. 2	アンコクデルタ	有波	有波:著
9784758027731	2024.10	一迅社	IDコミックス. Gateau comics		アンチ・フェイク・マリッジ	アンチ・フェイク・マリッジ	幾がお	幾がお:
9784088842080	2024.10	集英社	ジャンプコミックス	23	アンデッドアンラック. 23	アンデッドアンラック	戸塚, 慶文	戸塚慶文:著
9784046840882	2024.10	KADOKAWA	MFコミックス. フラッパーシリーズ	2	アンドロイドは地雷系の夢を見る。 = ANDROID DREAMS OF JIRAIKEI GIRL. 2	アンドロイドワジライケイノユメオミル	ぶりすけ	ぶりすけ:著
9784065373118	2024.10	講談社	モーニングKC	17	アンメット = unmet : ある脳外科医の日記. 17	アンメット	子鹿, ゆずる/大槻, 閑人	子鹿ゆずる:原作/大槻閑人:漫画
9784757594517	2024.10	スクウェア・エニックス	ガンガンコミックスup!	5	家で無能と言われ続けた俺ですが、世界的には超有能だったようです. 5	イエデムノウトイワレツズケタオレデスガ、セカイテキニワチョウユウノウダッタヨウデ	kimimaro/鈴木, 匡	Kimimaro:原作/鈴木匡:漫画
9784801984547	2024.10	竹書房	Bamboo comics	2	いえない秘密の愛し方. 2	イエナイヒミツノアイシカタ	卯蟹うか	卯蟹うか:
9784575420005	2024.10	双葉社	モンスターコミックスf	5	厳つい顔で凶悪騎士団長と恐れられる公爵様の最後の婚活相手は社交界の幻の花でした. 5	イカツイカオデキョウアクキシダンチョウトオソレラレルコウシャクサマノサイゴノコン	如月, 清華/サヤマ, カヤ	如月清華:漫画/サヤマカヤ:原作/匈歌ハトリ:キャラクター原案
9784824202635	2024.10	一二三書房	NOVA COMICS	1	育成上手な冒険者、幼女を拾い、セカンドライフを育児に捧げる. 1	イクセイジョウズナボウケンシャヨウジョオヒロイセカンドライフオイクジニササゲル	リズ/森見, 明日	リズ:原作/森見明日:漫画/サクミチ:キャラクター原案
9784049160154	2024.10	KADOKAWA		巻ノ3	異刻メモワール = INTER-DIMENSIONAL MEMOIR. 巻ノ3	イコクメモワール	るん太	るん太:著
9784434346750	2024.10	アルファポリス	アルファポリスCOMICS	10	居酒屋ぼったくり. 10	イザカヤボッタクリ	秋川, 滝美/しわすだ	秋川滝美:原作/しわすだ:漫画
9784065372449	2024.10	講談社	ヤンマガKC	1	イジメ0の学校. 1	イジメゼロノガッコウ	石川, 実/西嶋, 慶大	石川実:原作/西嶋慶大:漫画
9784596714992	2024.10	ハーパーコリンズ・ジャパン	marmalade comics	2	イジワル御曹司の甘美な毒牙 = The sweet poisonous fang of the wicked scion : その求愛からは逃げられない. 2	イジワルオンゾウシノカンビナドクガ	朱琳/河野, 美姫	朱琳:著/河野美姫:原作
9784065370254	2024.10	講談社	KCDX. 週刊少年マガジン	8	異世界ウォーキング = Walking in another world. 8	イセカイウォーキング	あるくひと/小川, 慧	あるくひと:原作/小川慧:漫画/ゆーにっと:キャラクター原案
9784065372135	2024.10	講談社	シリウスKC	volume18	異世界支配のスキルテイカー : ゼロから始める奴隷ハーレム. volume18	イセカイシハイノスキルテイカー:ゼロカラハジメルドレイハーレム	柑橘, ゆすら/笠原, 巴	柑橘ゆすら:原作/笠原巴:漫画/蔓木鋼音:キャラクター原案
9784434346736	2024.10	アルファポリス	アルファポリスCOMICS	13	異世界転生騒動記. 13	イセカイテンセイソウドウキ	高見, 梁川/ほのじ	高見梁川:原作/ほのじ:漫画/りりんら:キャラクター原案
9784048996426	2024.10	ブシロードワークス	ブシロードコミックス	1	異世界で狼皇帝に蜜月を迫られています. 1	イセカイデオオカミコウテイニミツゲツオセマラレテイマス	新津/すずね, 凜	新津:漫画/すずね凜:原作/鳩屋ユカリ:キャラクター原案
9784344854925	2024.10	幻冬舎コミックス	バーズコミックス	9	異世界で土地を買って農場を作ろう. 9	イセカイデトチオカッテノウジョウオツクロウ	岡沢, 六十四/細雪, 純	岡沢六十四:原作/細雪純:作画
9784434346392	2024.10	アルファポリス	&amp;arche COMICS	2	異世界でのおれへの評価がおかしいんだが. 2	イセカイデノオレエノヒョウカガオカシインダガ	秋山, 龍央/Roa	秋山龍央:原作/Roa:漫画
9784041148976	2024.10	KADOKAWA	角川コミックス・エース	4	異世界で配信活動をしたら大量のヤンデレ信者を生み出してしまった件. 4	イセカイデハイシンカツドウオシタラタイリョウノヤンデレシンジャオウミダシテシマッ	伊予嶺, つく/みょん	伊予嶺つく:漫画/みょん:原作
9784049160475	2024.10	KADOKAWA	電撃コミックスNEXT ; N463-04	4	異世界ではじめる二拠点生活 : 空間魔法で王都と田舎をいったりきたり. 4	イセカイデハジメルニキョテンセイカツ:クウカンマホウデオウトトイナカオイッタリキ	丸山, りん/錬金王	丸山りん:漫画/錬金王:原作/あんべよしろう:キャラクター原案
9784575420067	2024.10	双葉社	モンスターコミックス	14	異世界でもふもふなでなでするためにがんばってます。. 14	イセカイデモフモフナデナデスルタメニガンバッテマス	高上, 優里子/向日葵	高上優里子:漫画/向日葵:原作/雀葵蘭:キャラクター原案
9784757594753	2024.10	スクウェア・エニックス	ガンガンコミックスonline	2	異世界刀匠の魔剣製作ぐらし. 2	イセカイトウショウノマケンセイサクグラシ	荻原, 数馬/慕潔/桜井, 竜矢	荻原数馬:原作/慕潔:作画/桜井竜矢:構成
9784046840639	2024.10	KADOKAWA	MFC	14	異世界の主役は我々だ! 14	イセカイノシュヤクワワレワレダ	加茂, ユウジ/草薙, 刃, 1987-	加茂ユウジ:著/草薙刃:原作/グルッペン・フューラー:原案
9784065372340	2024.10	講談社	シリウスKC	03	異世界メイドの三ッ星グルメ : 現代ごはん作ったら王宮で大バズリしました. 03	イセカイメイドノミツボシグルメ:ゲンダイゴハンツクッタラオウキュウデオオバズリシ	モリタ/U4	モリタ:原作/U4:漫画/nima:キャラクター原案
9784864682930	2024.10	ヒーローズ	HCヒーローズコミックス	3	異世界メタラー = isekai metaller. 3	イセカイメタラー	かすが, 龍	かすが龍。:著
9784046839473	2024.10	KADOKAWA	MFC	11	異世界薬局. 11	イセカイヤッキョク	高野, 聖/高山, 理図	高野聖:著/高山理図:原作
9784065373026	2024.10	講談社	ヤンマガKC	Volume04	異世界らくらくサバイバル = Isekai rakuraku survival : 生存スキル強者の俺が美少女四人と暮らす無人島生活. Volume04	イセカイラクラクサバイバル	絢乃/最上, 工路/聖橋, 蘭	絢乃:原作/最上工路, 聖橋蘭:漫画
9784798636405	2024.10	ホビージャパン	HJコミックス ; HJC361	11	異世界料理道. 11	イセカイリョウリドウ	EDA/こちも	EDA:原作/こちも:漫画
9784824009784	2024.10	オーバーラップ	ガルドコミックス	3	一生働きたくない俺が、クラスメイトの大人気アイドルに懐かれたら. 3	イッショウハタラキタクナイオレガクラスメイトノダイニンキアイドルニナツカレタラ	岸本, 和葉/三崎, 弓	岸本和葉:原作/三崎弓:漫画/みわべさくら:キャラクター原案
9784596714480	2024.10	ハーパーコリンズ・ジャパン	ハーレクインコミックス★キララ. 永遠のハッピー		いつわりと情熱の初夜	イツワリトジョウネツノショヤ	英, 洋子/Connelly, Clare	英洋子:/クレア・コネリー:原作
9784391163681	2024.10	主婦と生活社	PASH!COMICS	3	偽りの聖女は竜国の魔法使いになりました = THE FALSE SAiNT BECAME A WiZARD OF THE DRAGON KiNGDOM. 3	イツワリノセイジョワリュウコクノマホウツカイニナリマシタ	松河, 美衣/日之影, ソラ	松河美衣:漫画/日之影ソラ:原作/三登いつき:キャラクター原案
9784592221678	2024.10	白泉社	花とゆめCOMICS	12	偽りのフレイヤ. 12	イツワリノフレイヤ	石原, ケイコ	石原ケイコ:著
9784040756479	2024.10	KADOKAWA	ドラゴンコミックスエイジ	1	田舎の黒ギャルJKと結婚しました. 1	イナカノクロギャルジェーケートケッコンシマシタ	カヅチ	カヅチ [著]:
9784823607363	2024.10	ジーオーティー	GOT COMICS		いもうとサンクチュアリ	イモウトサンクチュアリ	vanilla 著	vanilla:著
9784065371282	2024.10	講談社	講談社コミックス. 週刊少年マガジン	1	色憑くモノクローム. 1	イロズクモノクローム	内山, 敦司	内山敦司:著
9784040756417	2024.10	KADOKAWA	ドラゴンコミックスエイジ	7	淫獄団地. 7	インゴクダンチ	搾精研究所/丈山, 雄為	搾精研究所:原作/丈山雄為:漫画
9784041155219	2024.10	KADOKAWA	角川コミックス・エース	1	引退魔王は悠々自適に暮らしたい : ※女勇者「許さない…絶対にだ!」. 1	インタイマオウワユウユウジテキニクラシタイ:オンナユウシャユルサナイゼッタイニダ	ふちかたつー/山川海	ふちかたつー:漫画/山川海:原作/鍋島テツヒロ:キャラクター原案
9784434334245	2024.10	アルファポリス	Noche COMICS	2	淫魔なわたしを愛してください! 2	インマナワタシオアイシテクダサイ	佐倉, 紫/ぽこた	佐倉紫:原作/ぽこた:漫画
9784049160451	2024.10	KADOKAWA	電撃コミックスNEXT ; N585-02	2	陰陽ブラザーズ = Fateful Brothers. 2	インヨウブラザーズ	日高, チトセ	日高チトセ:著
9784065371893	2024.10	講談社	講談社コミックス. 週刊少年マガジン	19	WIND BREAKER. 19	ウィンドブレイカー	にい, さとる	にいさとる:著
9784098728206	2024.10	小学館	ちゃおプラスコミックス	1	上杉くんは女の子をやめたい = Uesugi-kun wants to quit being a girl. 1	ウエスギクンワオンナノコオヤメタイ	やぶうち, 優	やぶうち優:著
9784065372111	2024.10	講談社	KC Kiss	2	噓とか恋とか = Lies,love and so on…. 2	ウソトカコイトカ	六つ花, えいこ/加瀬, アオ	六つ花えいこ:原作/加瀬アオ:漫画
9784091671165	2024.10	小学館	flowers comics	4	詩歌川百景. 4	ウタガワヒャッケイ	吉田, 秋生	吉田秋生:著
9784799769201	2024.10	リブレ	クロフネcomics. クロフネ×LINEマンガ	2	ウチでは飼えません! 2	ウチデワカエマセン!	わたぬき, めん	わたぬきめん:
9784049160758	2024.10	KADOKAWA	電撃コミックスNEXT ; N403-08	4	虚ろなるレガリア = THE HOLLOW REGALIA. 4	ウツロナルレガリア	うがつ, まつき/三雲, 岳斗, 1970-	うがつまつき:漫画/三雲岳斗:原作/深遊:キャラクターデザイン
9784199508714	2024.10	徳間書店	リュウコミックス	3	生まれ変わるなら犬がいい. 3	ウマレカワルナライヌガイイ	堤, 葎子	堤葎子:
9784803020182	2024.10	アース・スターエンターテイメント	EARTH STAR COMICS	9	生まれた直後に捨てられたけど、前世が大賢者だったので余裕で生きてます = Since my previous life was a wise man,I can afford to live. : 最強赤ちゃん大暴走. 9	ウマレタチョクゴニステラレタケドゼンセガダイケンジャダッタノデヨユウデイキテマス	九頭, 七尾/遠田, マリモ	九頭七尾, 鍋島テツヒロ:原作/遠田マリモ:漫画
9784800015129	2024.10	マッグガーデン	MGC. Avarus series	5	裏切られたので、王妃付き侍女にジョブチェンジ! 5	ウラギラレタノデ、オウヒツキジジョニジョブチェンジ!	雉間, ちまこ/青山, 克己	雉間ちまこ:原作/青山克己:漫画
9784757594678	2024.10	スクウェア・エニックス	ガンガンコミックス	13	裏世界ピクニック. 13	ウラセカイピクニック	宮澤, 伊織/水野, 英多	宮澤伊織:原作/水野英多:作画
9784592721505	2024.10	白泉社	HANAMARU COMICS PREMIUM	1	営業ですから. 1	エイギョウデスカラ	ミユキ, 蜜蜂	ミユキ蜜蜂:著
9784757594661	2024.10	スクウェア・エニックス	ガンガンコミックス	20	英雄教室. 20	エイユウキョウシツ	新木, 伸, 1968-/岸田, こあら	新木伸:原作/岸田こあら:作画
9784575420029	2024.10	双葉社	モンスターコミックス	1	英雄ブランの人生計画 = Hero Blanc&#39;s Plan. : 第二の人生は雑用係でお願いします. 1	エイユウブランノキャリアプラン	青佐, のり/美紅	青佐のり:漫画/美紅:原作/fame:キャラクター原案
9784046841742	2024.10	KADOKAWA	BRIDGE COMICS	2	え、神絵師を追い出すんですか? 2	エカミエシオオイダスンデスカ	乙津, きみ子/宮城, こはく	乙津きみ子:漫画/宮城こはく:原作
9784049160468	2024.10	KADOKAWA	電撃コミックスNEXT ; N472-05	5	S級ギルドを追放されたけど、実は俺だけドラゴンの言葉がわかるので、気付いたときには竜騎士の頂点を極めてました。. 5	エスキュウギルドオツイホウサレタケドジツワオレダケドラゴンノコトバガワカルノデキ	ひそな/三木, なずな	ひそな:漫画/三木なずな:原作/白狼:キャラクター原案
9784065372654	2024.10	講談社	ヤンマガKC	9	Sランクパーティから解雇された〈呪具師〉 : 『呪いのアイテム』しか作れませんが、その性能はアーティファクト級なり……! 9	エスランクパーティカラカイコサレタジュグシ:ノロイノアイテムシカツクレマセンガソ	LA軍/小川, 錦	LA軍:原作/小川錦:漫画
9784065372609	2024.10	講談社	ヤンマガKC	21	MFゴースト = MF GHOST. 21	エムエフゴースト	しげの, 秀一	しげの秀一:著
9784434346606	2024.10	アルファポリス	Eternity COMICS	3	エリート上司は求愛の機会を逃さない. 3	エリートジョウシワキュウアイノキカイオノガサナイ	水守, 真子/秀真	水守真子:原作/秀真:漫画
9784861174582	2024.10	文苑堂	バベルコミックス		エルフ化の秘薬 : TSメスイキH	エルフカノヒヤク:ティーエスメスイキエッチ	かんむり 著	かんむり:著
9784088934976	2024.10	集英社	ヤングジャンプコミックス	3	エルフ奴隷と築くダンジョンハーレム : 異世界で寝取って仲間を増やします. 3	エルフドレイトキズクダンジョンハーレム:イセカイデネトッテナカマオフヤシマス	火野, あかり/ツキシタ, カグヤ	火野あかり:原作/ツキシタカグヤ:漫画/ねいび:キャラクター原案
9784813763734	2024.10	スターツ出版	グラストCOMICS ; さ1-5	5	えろいことするために巨乳美少女奴隷を買ったはずが、お師匠さまと慕われて思った通りにいかなくなる話. 5	エロイコトスルタメニキョニュウビショウジョドレイオカッタハズガオシショウサマトシ	佐藤, 36/煮豆シューター	佐藤36:作画/煮豆シューター:原作
9784098045426	2024.10	小学館	My first big	小麦の香りにうっとり♡茹でたてうどん編	美味しんぼ : 名品集. 小麦の香りにうっとり♡茹でたてうどん編	オイシンボ:メイヒンシュウ	雁屋, 哲, 1941-/花咲, アキラ, 1956-	雁屋哲:作/花咲アキラ:画
9784065373811	2024.10	星海社	星海社COMICS	1	花魁系JK. 1	オイランケイジェーケー	R君	R君:著
9784046840455	2024.10	KADOKAWA	BRIDGE COMICS	4	旺華国後宮の薬師. 4	オウカコクコウキュウノクスシ	初依, 実和/甲斐田, 紫乃	初依実和:漫画/甲斐田紫乃:原作/友風子:キャラクター原案
9784803020144	2024.10	アース・スターエンターテイメント	EARTH STAR COMICS	1	王空騎士団と救国の少女 : 空を飛ぶ少女アイリスの物語. 1	オウクウキシダントキュウコクノショウジョ:ソラオトブショウジョアイリスノモノガタ	守雨/松尾, 葉月	守雨:原作/松尾葉月:漫画/ox:キャラクター原案
9784046842046	2024.10	KADOKAWA	ヒューコミックス	15	王国へ続く道 : 奴隷剣士の成り上がり英雄譚. 15	オウコクエツズクミチ:ドレイケンシノナリアガリハーレムライフ	伊藤, 寿規/湯水, 快	伊藤寿規:著/湯水快:原作
9784040756387	2024.10	KADOKAWA	ドラゴンコミックスエイジ	2	黄金の経験値 = the golden experience point. 2	オウゴンノケイケンチ	原純/霜月, 汐	原純:原作/霜月汐:作画/fixro2n:キャラクター原案
9784799219645	2024.10	キルタイムコミュニケーション	ブリーゼコミックス	6	王子様なんて、こっちから願い下げですわ! : 追放された元悪役令嬢、魔法の力で見返します. 6	オウジサマナンテコッチカラネガイサゲデスワ:ツイホウサレタモトアクヤクレイジョウ	春原, まい/柏, てん	春原まい:著/柏てん:原作/御子柴リョウ:キャラクター原案
9784592222231	2024.10	白泉社	HC Special	8	王子に溺愛されたくないので元プリンセスですが男装執事になります! 8	オウジニデキアイサレタクナイノデモトプリンセスデスガダンソウシツジニナリマス	にーづま	にーづま。:著
9784065372456	2024.10	講談社	KCx	2	王弟殿下の恋姫 : 王子と婚約を破棄したら、美麗な王弟に囚われました. 2	オウテイデンカノコイヒメ:オウジトコンヤクオハキシタラビレイナオウテイニトラワレ	甘夏, みのり/神山, りお	甘夏みのり:漫画/神山りお:原作/早瀬ジュン:キャラクター原案
9784575419962	2024.10	双葉社	モンスターコミックスf	1	王妃リドリーの恋と嘘 = Queen Ridley&#39;s Love and Lies. 1	オウヒリドリーノコイトウソ	ほろば, いさ子	ほろばいさ子:漫画
9784088842783	2024.10	集英社	ジャンプコミックス	3	オオカミ男とぬりかべちゃん. 3	オオカミオトコトヌリカベチャン	おだか, けんたろう	おだかけんたろう:著
9784049157284	2024.10	KADOKAWA		7	狼と香辛料. 7	オオカミトコウシンリョウ	小梅, けいと/支倉, 凍砂	小梅けいと:作画/支倉凍砂:原作/文倉十:キャラクターデザイン
9784065371718	2024.10	講談社	モーニングKC	2	大きくなったら女の子 = The Big Girl&#39;s World. 2	オオキクナッタラオンナノコ	御厨, 稔	御厨稔:著
9784065360545	2024.10	講談社		25	OTOMO THE COMPLETE WORKS. 25	オオトモザコンプリートワークス	大友, 克洋, 1954-	大友克洋:著
9784845866960	2024.10	リイド社	SPコミックス. SP next		大判鬼平犯科帳 : 山吹屋お勝	オオバンオニヘイハンカチョウ:ヤマブキヤオカツ	さいとう, たかを, 1936-2021/池波, 正太郎, 1923-1990/	さいとう・たかを:/池波正太郎:原作/久保田千太郎 脚色:
9784892194665	2024.10	風濤社			オー・ヘンリーの魔女のパン	オーヘンリーノマジョノパン	Henry, O, 1862-1910/川田, じゅん, 1968-	オー・ヘンリー:原作/川田じゅん:作
9784065370643	2024.10	講談社	シリウスKC	04	大雪海のカイナ. 04	オオユキウミノカイナ	弐瓶, 勉/武本, 糸会	弐瓶勉:原作/武本糸会:漫画
9784867870532	2024.10	ブライト出版	Tulle Comics		お飾り嫁は恋を知る	オカザリヨメワコイオシル	本庄, りえ	本庄りえ:著
9784821159079	2024.10	ぶんか社	RK comics		奥さまは仕事人	オクサマワシゴトニン	ほんだ, あきと/早見, 義夫	ほんだあきと:作画/早見義夫:原作
9784107727534	2024.10	新潮社	Bunch comics	2	推し殺す. 2	オシコロス	タカノンノ	タカノンノ:
9784592225058	2024.10	白泉社	花とゆめCOMICS	6	推しに甘噛み. 6	オシニアマガミ	鈴木, ジュリエッタ	鈴木ジュリエッタ:著
9784757594852	2024.10	スクウェア・エニックス	ヤングガンガンコミックス	5	推しは推せるときに推せ! 5	オシワオセルトキニオセ!	優風	優風:著
9784065366981	2024.10	講談社	シリウスKC	16	お嬢様の僕. 16	オジョウサマノシモベ	田口, ホシノ	田口ホシノ:著
9784344854628	2024.10	幻冬舎コミックス	バーズコミックス	4	おせん : 和な女. 4	オセン:ワナヒト	きくち, 正太	きくち正太:
9784048113977	2024.10	KADOKAWA	カドコミ	1	オタ婚のススメ! 1	オタコンノススメ	砂履, シンシャ	砂履シンシャ:著
9784065370049	2024.10	講談社	シリウスKC	11	落ちこぼれだった兄が実は最強 = My older brother who was a dropout is actually the strongest : 史上最強の勇者は転生し、学園で無自覚に無双する. 11	オチコボレダッタアニガジツワサイキョウ	村上, よしゆき, 漫画家/茨木野, 1991-	村上よしゆき:漫画/茨木野:原作/あるてら:キャラクター原案
9784065372739	2024.10	講談社	KCx	3	落ちこぼれ令嬢は、公爵閣下からの溺愛に気付かない : 婚約者に指名されたのは才色兼備の姉ではなく、私でした. 3	オチコボレレイジョウワコウシャクカッカカラノデキアイニキズカナイ:コンヤクシャニ	アルト/柏, りんこ	アルト:原作/柏りんこ:漫画/tatsuki:キャラクター原案
9784575419948	2024.10	双葉社	モンスターコミックス	10	おっさん底辺治癒士と愛娘の辺境ライフ = The Frontier life of the low-class Ossan healer and the lovely girl : 中年男が回復スキルに覚醒して、英雄へ成り上がる. 10	オッサンテイヘンチユシトマナムスメノヘンキョウライフ	空賀, ミガク/飯田, 栄静	空賀ミガク:漫画/飯田栄静:原作/ドルチェ:キャラクター原案
9784344854901	2024.10	幻冬舎コミックス	バーズコミックス	3	おっさん冒険者の異世界放浪記 : 若返りスキルで地道に生き延びる. 3	オッサンボウケンシャノイセカイホウロウキ:ワカガエリスキルデジミチニイキノビル	なまず太郎/曽山, 彦介	なまず太郎:原作/曽山彦介:作画
9784046842138	2024.10	KADOKAWA	フロースコミック	1	おデブ悪女に転生したら、なぜかラスボス王子様に執着されています. 1	オデブアクジョニテンセイシタラナゼカラスボスオウジサマニシュウチャクサレテイマス	琴子/花宮, かなめ	琴子:原作/花宮かなめ:作画
9784046842145	2024.10	KADOKAWA	フロースコミック	2	おデブ悪女に転生したら、なぜかラスボス王子様に執着されています. 2	オデブアクジョニテンセイシタラナゼカラスボスオウジサマニシュウチャクサレテイマス	琴子/花宮, かなめ	琴子:原作/花宮かなめ:作画
9784041154823	2024.10	KADOKAWA	角川コミックス・エース	2	男嫌いな美人姉妹を名前も告げずに助けたら一体どうなる? 2	オトコギライナビジンシマイオナマエモツゲズニタスケタライッタイドウナル	司馬, 淳子/みょん	司馬淳子:漫画/みょん:原作/ぎうにう 原作イラスト:
9784799219652	2024.10	キルタイムコミュニケーション	ブリーゼコミックス	3	乙女ゲームの悪役令嬢に転生したけどフォロワーが布教してた知識しかない. 3	オトメゲームノアクヤクレイジョウニテンセイシタケドフォロワーガフキョウシテタチシ	やちうお	やちうお:著
9784434345340	2024.10	アルファポリス	Regina COMICS	3	乙女ゲームは終了しました. 3	オトメゲームワシュウリョウシマシタ	悠十/丸山, 詩葡	悠十:原作/丸山詩葡:漫画/縞, とき間, 月戸:キャラクター原案
9784832204430	2024.10	芳文社	FUZ comics	第1巻	踊町コミックハウス. 第1巻	オドロマチコミックハウス	九重, すわ	九重すわ:
9784868120001	2024.10	ワニマガジン社	WANIMAGAZINE COMICS SPEC		おにあい	オニアイ	だいじ 著	だいじ:著
9784758085847	2024.10	一迅社	IDコミックス	5	お兄ちゃんはおしまい!公式アンソロジーコミック. 5	オニイチャンワオシマイ!コウシキアンソロジーコミック		
9784845866953	2024.10	リイド社	SPコミックス	20	鬼切丸伝. 20	オニキリマルデン	楠, 桂, 1966-	楠桂:
9784537149012	2024.10	日本文芸社	Nichibun comics	15	鬼ゴロシ. 15	オニゴロシ	河部, 真道	河部真道:
9784065372906	2024.10	講談社	モーニングKC	その10	お文具といっしょ. その10	オブングトイッショ	お文具	お文具:著
9784785977856	2024.10	少年画報社	YKコミックス	第7巻	おぼこい魔女はまじわりたい! 第7巻	オボコイマジョワマジワリタイ	仲邑, エンジツ	仲邑エンジツ:著
9784776755241	2024.10	宙出版	Missy comics. YLC collec	3	お見合い相手はSSSレア!? : 29歳家事手伝い、スパダリ幼なじみとお試し婚始めました. 3	オミアイアイテワSSSレア!?:29サイカジテツダイ、スパダリオサナナジミトオタ	南香, かをり	南香かをり:
9784785977764	2024.10	少年画報社	ぐる漫	No. 78 (豚汁とおむすび編)	思い出食堂. No. 78 (豚汁とおむすび編)	オモイデショクドウ		
9784866578071	2024.10	フロンティアワークス	Daria comics		俺以外にはときめかないで	オレイガイニワトキメカナイデ	水曜日	水曜日:著
9784866578149	2024.10	フロンティアワークス	COMICらぐちゅう	1	俺が淫魔術で奴隷ハーレムを作る話. 1	オレガインマジュツデドレイハーレムオツクルハナシ	黒乃, 豹華/黒水蛇	黒乃豹華:著/黒水蛇:原作
9784065372418	2024.10	講談社	Honey Milk Comics	1	俺が好きって言ったらどうする? = What if I said I love you? 1	オレガスキッテイッタラドウスル	くもそく	くもそく:著
9784088934303	2024.10	集英社	ヤングジャンプコミックス	8	俺だけ不遇スキルの異世界召喚叛逆記 : 最弱スキル〈吸収〉が全てを飲み込むまで. 8	オレダケフグウスキルノイセカイショウカンハンギャクキ:サイジャクスキルキュウシュ	すかいふぁーむ/高幡, 隆盛	すかいふぁーむ:原作/高幡隆盛:漫画
9784757594722	2024.10	スクウェア・エニックス	ガンガンコミックスonline	3	俺だけレベルが上がる世界で悪徳領主になっていた. 3	オレダケレベルガアガルセカイデアクトクリョウシュニナッテイタ	わるいおとこ/えすお	わるいおとこ:原作/えすお:漫画
9784434342578	2024.10	彗星社	Clair TLcomics	8	俺の指で乱れろ。 : 閉店後のサロン、意地悪に焦らされて. 8	オレノユビデミダレロ:ヘイテンゴノサロンイジワルニジラサレテ	neco	neco:著
9784160901872	2024.10	文藝春秋		7	俺、勇者じゃないですから。 : VR世界の頂点に君臨せし男。転生し、レベル1の無職からリスタートする. 7	オレユウシャジャナイデスカラ:ヴイアールセカイノチョウテンニクンリンセシオトコテ	心音, ゆるり/伊咲, ウタ	心音ゆるり:原作/伊咲ウタ:漫画
9784910803586	2024.10	viviON viviON THOTH	viviON THOTH. BLANKET		俺はお前に狂ってる	オレワオマエニクルッテル	春乃井, めめ	春乃井めめ:著
9784824009906	2024.10	オーバーラップ	ガルドコミックス	7	俺は星間国家の悪徳領主! = I am the Villainous Lord of the Interstellar Nation. 7	オレワセイカンコッカノアクトクリョウシュ	三嶋, 与夢/灘島, かい	三嶋与夢:原作/灘島かい:漫画/高峰ナダレ:キャラクター原案
9784088842172	2024.10	集英社	ジャンプコミックス	33	終わりのセラフ = Seraph of the end. 33	オワリノセラフ	鏡, 貴也/山本, ヤマト/降矢, 大輔	鏡貴也:原作/山本ヤマト:漫画/降矢大輔 コンテ構成:
9784801984554	2024.10	竹書房	Bamboo comics	3	おんなのこのまゆ : 昭和式メイド閑話抄. 3	オンナノコノマユ:ショウワシキメイドカンワショウ	ユイザキ, カズヤ/あるけ	ユイザキカズヤ:作画/あるけ:原作
9784396750541	2024.10	祥伝社	Feel comics swing	4	女の園の星. 4	オンナノソノノホシ	和山, やま, 1995-	和山やま:著
9784801984400	2024.10	竹書房	Bamboo comics. Renpara c	1	女魔王ですが、生贄はせめてイケメンにしてください. 1	オンナマオウデスガ、イケニエワセメテイケメンニシテクダサイ	三夏/日車, メレ	三夏:漫画/日車メレ:原作
9784040756370	2024.10	KADOKAWA	ドラゴンコミックスエイジ ; は-4-1-20	20	Only Sense Online. 20	オンリーセンスオンライン	アロハ座長/羽仁, 倉雲	アロハ座長:原作/羽仁倉雲:作画/ゆきさん:キャラクター原案
9784091497987	2024.10	小学館	コロコロコミックス	1	カードファイト!!ヴァンガードスカイライド. 1	カードファイトヴァンガードスカイライド	大円坊, 真	大円坊真:著
9784863114210	2024.10	産業編集センター		10	会社員でぶどり. 10	カイシャインデブドリ	橋本, ナオキ, 1992-	橋本ナオキ:著
9784088842714	2024.10	集英社	ジャンプコミックス	2	怪獣8号side B. 2	カイジュウハチゴウサイドビー	松本, 直也/安藤, 敬而/肥田野, 健太郎	松本直也, 安藤敬而, 肥田野健太郎:著
9784845867370	2024.10	リイド社	SPコミックス. Mimosa		貝の声を聞け	カイノコエオキケ	テラシマ	テラシマ:著
9784065370445	2024.10	講談社	講談社コミックス. 週刊少年マガジン	14	薫る花は凛と咲く. 14	カオルハナワリントサク	三香見, サカ	三香見サカ:著
9784867870693	2024.10	ブライト出版	LOVE COFFRE COMICS		香る私を淫らに咲かせて	カオルワタシオミダラニサカセテ	雪, ことり	雪ことり:著
9784065371862	2024.10	講談社	モーニングKC	1	書くなる我ら. 1	カクナルワレラ	北, 駒生	北駒生:著
9784065366523	2024.10	講談社	シリウスKC	6	かくりよの宿飯 : あやかしお宿に嫁入りします。. 6	カクリヨノヤドメシ:アヤカシオヤドニヨメイリシマス	冬葉, つがる/友麻, 碧/泉乃, せん	冬葉つがる:漫画/友麻碧:原作/泉乃せん:構成/Laruha:キャラクター原案
9784088842097	2024.10	集英社	ジャンプコミックス	04	カグラバチ. 04	カグラバチ	外薗, 健	外薗健:著
9784824009807	2024.10	オーバーラップ	ガルドコミックス	7	影の宮廷魔術師 = The Court Wizard in Shadow : 無能だと思われていた男、実は最強の軍師だった. 7	カゲノキュウテイマジュツシ	羽田, 遼亮/白石, 琴似	羽田遼亮:原作/白石琴似:漫画/黒井ススム:キャラクター原案
9784065367926	2024.10	講談社	モーニングKC	5	かさねと昴. 5	カサネトスバル	山田, 金鉄	山田金鉄:著
9784866753805	2024.10	フレックスコミックス	METEOR COMICS	3	貸した魔力は〈リボ払い〉で強制徴収 : 用済みとパーティー追放された俺は、可愛いサポート妖精と一緒に取り立てた魔力を運用して最強を目指す。. 3	カシタマリョクワリボバライデキョウセイチョウシュウ:ヨウズミトパーティーツイホウ	飯島, しんごう/まさキチ	飯島しんごう:漫画/まさキチ:原作
9784098045433	2024.10	小学館	My first big special. さい		風よ雲よ剣よ : 道明寺炎上	カゼヨクモヨケンヨ:ドウミョウジエンジョウ	さいとう, たかを, 1936-2021/さいとうプロダクション	さいとう・たかを:
9784041153994	2024.10	KADOKAWA	あすかコミックスDX	22	KATANA. 22	カタナ	かまた, きみこ	かまたきみこ:著
9784088934655	2024.10	集英社	ヤングジャンプコミックス	13	カット&amp;ペーストでこの世界を生きていく. 13	カットアンドペーストデコノセカイオイキテイク	咲夜/天野, ハザマ/加藤, コウキ	咲夜, 天野ハザマ:原作/加藤コウキ:漫画/PiNe キャラクター[ほか]原案:
9784065371336	2024.10	講談社	講談社コミックス. SHONEN MAGAZIN	38	彼女、お借りします. 38	カノジョオカリシマス	宮島, 礼吏	宮島礼吏:著
9784845867349	2024.10	リイド社	SP comics. リイドカフェ・コミックス	1	彼女のカレラ. 1	カノジョノカレラ	麻宮, 騎亜, 1963-	麻宮騎亜:著
9784845867356	2024.10	リイド社	SP comics. リイドカフェ・コミックス	2	彼女のカレラ. 2	カノジョノカレラ	麻宮, 騎亜, 1963-	麻宮騎亜:著
9784785977603	2024.10	少年画報社	YKコミックス	7	株式会社神かくし. 7	カブシキガイシャカミカクシ	片山, 陽介	片山陽介:著
9784088841373	2024.10	集英社	ジャンプコミックス	1	株式会社5年1組. 1	カブシキガイシャゴネンイチクミ	神海, 英雄	神海英雄:著
9784088842301	2024.10	集英社	ジャンプコミックス. JUMP COMICS+	14	株式会社マジルミエ. 14	カブシキガイシャマジルミエ	岩田, 雪花/青木, 裕	岩田雪花:原作/青木裕:作画
9784065372791	2024.10	講談社	BE LOVE KC	2	かまくらBAKE猫倶楽部. 2	カマクラバケネコクラブ	五十嵐, 大介	五十嵐大介:著
9784049159684	2024.10	KADOKAWA	電撃コミックスNEXT ; N524-04	4	神を〈神様ガチャ〉で生み出し放題 : 実家を追放されたので、領主として気ままに辺境スローライフします. 4	カミオカミサマガチャデウミダシホウダイ:ジッカオツイホウサレタノデリョウシュトシ	こはるんるん/一竜, 輝	こはるんるん:原作/一竜輝:作画/riritto:キャラクターデザイン
9784046840349	2024.10	KADOKAWA	ヴァンプコミックス	4	神隠しの楽園. 4	カミカクシノエデン	佐原, 玄清	佐原玄清:著
9784575419702	2024.10	双葉社	モンスターコミックス	4	神々の加護で生産革命 = production revolution by blessing of gods : 異世界の片隅でまったりスローライフしてたら、なぜか多彩な人材が集まって最強国家ができてました. 4	カミガミノカゴデセイサンカクメイ	トトキ, ハルキ/風来山	トトキハルキ:漫画/風来山:原作/鈴穂ほたる:キャラクター原案
9784344854970	2024.10	幻冬舎コミックス	バーズコミックス. リンクスコレクション	下	神様とオタクくんのハッピーライフ. 下	カミサマトオタククンノハッピーライフ	倉橋, 蝶子	倉橋蝶子:
9784344854963	2024.10	幻冬舎コミックス	バーズコミックス. リンクスコレクション	上	神様とオタクくんのハッピーライフ. 上	カミサマトオタククンノハッピーライフ	倉橋, 蝶子	倉橋蝶子:
9784757594555	2024.10	スクウェア・エニックス	ガンガンコミックスUP!	13	神達に拾われた男. 13	カミタチニヒロワレタオトコ	蘭々/Roy	蘭々:漫画/Roy:原作/りりんら:キャラクター原案
9784091497833	2024.10	小学館	コロコロコミックス	4	神たま. 4	カミタマ	曽山, 一寿, 1978-	曽山一寿:著
9784867166352	2024.10	マイクロマガジン社	Ride Comics	1	神の遣いの少女は初恋の将軍にすべてを捧ぐ. 1	カミノツカイノショウジョワハツコイノショウグンニスベテオササグ	ガラナ, 純和子/雪見, 桜	ガラナ純和子:漫画/雪見桜:原作
9784088842318	2024.10	集英社	ジャンプコミックス. JUMP COMICS+	15	鴨乃橋ロンの禁断推理. 15	カモノハシロンノキンダンスイリ	天野, 明, 漫画家	天野明:著
9784098536320	2024.10	小学館	ゲッサン少年サンデーコミックススペシャル		からかい上手〈?〉の西片さん	カラカイジョウズノニシカタサン	稲葉, 光史/山本, 崇一朗	稲葉光史:著/山本崇一朗:原作
9784098536528	2024.10	小学館	ゲッサン少年サンデーコミックススペシャル	23	からかい上手の〈元〉高木さん. 23	カラカイジョウズノモトタカギサン	稲葉, 光史/山本, 崇一朗	稲葉光史:著/山本崇一朗:原作
9784434342585	2024.10	彗星社	Clair TLcomics	4	カラダが恋する契約結婚 : 冨永夫妻は今夜も離婚できません。. 4	カラダガコイスルケイヤクケッコン:トミナガフサイワコンヤモリコンデキマセン	いち	いち:著
9784396750589	2024.10	祥伝社	FC swing	1	カラフルアンチノミー. 1	カラフルアンチノミー	シバタ, ヒカリ	シバタヒカリ:
9784065370322	2024.10	講談社	モーニングKC	4	カルトオンデマンド = CULT ON DEMAND : 潜入捜査官と8人の女優たち. 4	カルトオンデマンド	殺野, 高菜/オオイシ, ヒロト	殺野高菜:原作/オオイシヒロト:漫画
9784824202468	2024.10	一二三書房	ビアンココミックス	3	彼氏います。. 3	カレシイマス	PIBI	PIBI:著
9784832259546	2024.10	芳文社	Manga time comics	8	可愛い上司を困らせたい. 8	カワイイジョウシオコマラセタイ	タチバナ, ロク	タチバナロク:著
9784088842141	2024.10	集英社	ジャンプコミックス	10	カワイスギクライシス. 10	カワイスギクライシス	城戸, みつる	城戸みつる:著
9784866578019	2024.10	フロンティアワークス	LC. Hugピクシブシリーズ	5	かわにさざなみ. 5	カワニサザナミ	澄谷, ゼニコ	澄谷ゼニコ:著
9784596714497	2024.10	ハーパーコリンズ・ジャパン	ハーレクインコミックス★キララ. 永遠のハッピー		買われた純愛	カワレタジュンアイ	桐坂, 真生/Williams, Cathy	桐坂真生:/キャシー・ウィリアムズ:原作
9784040756400	2024.10	KADOKAWA	ドラゴンコミックスエイジ	5	監禁王. 5	カンキンオウ	マサイ/あしもと, よいか	マサイ:原作/あしもとよいか:作画/ぺい:キャラクター原案
9784046840745	2024.10	KADOKAWA	MFC	11	完全回避ヒーラーの軌跡. 11	カンゼンカイヒヒーラーノキセキ	倭, 日向/ぷにちゃん	倭ヒナ:著/ぷにちゃん:原作
9784434346743	2024.10	アルファポリス	アルファポリスCOMICS	7	勘違いの工房主 : 英雄パーティの元雑用係が、実は戦闘以外がSSSランクだったというよくある話. 7	カンチガイノアトリエマイスター:エイユウパーティノモトザツヨウガカリガジツワセン	時野, 洋輔/古川, 奈春	時野洋輔:原作/古川奈春:漫画/ゾウノセ:キャラクター原案
9784785977757	2024.10	少年画報社	YKコミックス	1	ガーディアン = GUARDIAN. 1	ガーディアン	武田, すん	武田すん:著
9784801984530	2024.10	竹書房	Bamboo comics	1	ガールズゾンビパーティー. 1	ガールズゾンビパーティー	sarako	sarako:
9784866538273	2024.10	コアマガジン	メガストアコミックスシリーズ ; No.782		学園裏サービス	ガクエンウラサービス	霞雪誠 著	霞雪誠:著
9784046841650	2024.10	KADOKAWA	fleur comics		がっつきエッチBLコミックアンソロジー	ガッツキエッチビーエルコミックアンソロジー	アメダ/犬飼, 小町/生方, うぶ	アメダ [ほか] [著]:
9784065371268	2024.10	講談社	講談社コミックス. 週刊少年マガジン	1	GALAXIAS. 1	ガラクシアス	果坂, 青	果坂青:著
9784199610042	2024.10	徳間書店	Chara comics		消えない小鳥はうそをつく	キエナイコトリワウソオツク	のき, ようこ	のきようこ:著
9784046822321	2024.10	KADOKAWA	BRIDGE COMICS	1	喜花坊の寵姫 : 恋と縁は宴より始めよ. 1	キカボウノチョウキ:コイトエニシワウタゲヨリハジメヨ	酒井, サユリ/和知, 杏佳	酒井さゆり:漫画/和知杏佳:原作/セカイメグル:キャラクター原案
9784046836441	2024.10	KADOKAWA	MFコミックス. アライブシリーズ	5	キグナスの乙女たち : 新・魔法科高校の劣等生. 5	キグナスノオトメタチ:シンマホウカコウコウノレットウセイ	La-na/佐島, 勤	La-na:著/佐島勤:原作/石田可奈:キャラクター原案
9784046839886	2024.10	KADOKAWA			着ぐるみ家族 = Costume Family	キグルミカゾク	Masaki, イラストレーター	Masaki:著
9784065370162	2024.10	講談社	講談社キャラクターズA	5	傷モノの花嫁 : 虐げられた私が、皇國の鬼神に見初められた理由. 5	キズモノノハナヨメ:シイタゲラレタワタシガ、コウコクノキジンニミソメラレタリユウ	友麻, 碧/藤丸, 豆ノ介	友麻碧:原作/藤丸豆ノ介:漫画
9784845866946	2024.10	リイド社	SP comics. リイドカフェコミックス		鬼畜島 : 終わりなき地獄	キチクジマ:オワリナキジゴク	外園, 昌也, 1961-	外薗昌也:
9784845866991	2024.10	リイド社	SP comics. リイドカフェ・コミックス	2	鬼畜島 : ダスト・エンペラー. 2	キチクジマ:ダスト・エンペラー	外園, 昌也, 1961-	外薗昌也:
9784396750565	2024.10	祥伝社	FC	2	きちじつごよみ. 2	キチジツゴヨミ	岩岡, ヒサエ/北尾, 詩津花/岡村, 奈奈	岩岡ヒサエ:/北尾詩津花, 岡村奈奈:監修
9784815550974	2024.10	英和出版社	DAISY COMICS		きっと比翼の白と黒	キットヒヨクノシロトクロ	ひなせ, 瓜	ひなせ瓜:著
9784041156186	2024.10	KADOKAWA	角川コミックス・エース	22の巻	機動戦士ガンダムさん. 22の巻	キドウセンシガンダムサン	大和田, 秀樹, 1969-	大和田秀樹:著/矢立肇, 富野由悠季:原案
9784088933627	2024.10	集英社	ヤングジャンプコミックスGJ	4	機動戦士ガンダムラストホライズン = MOBILE SUIT GUNDAM RUST HORIZON. 4	キドウセンシガンダムラストホライズン	吉野, 弘幸, 1970-/寺田, ケンイチ	吉野弘幸 シナリオ:/寺田ケンイチ:漫画/矢立肇, 富野由悠季:原案
9784041155875	2024.10	KADOKAWA	角川コミックス・エース	1	機動戦士Vガンダム外伝オデロ・ヘンリークからの手紙. 1	キドウセンシブイガンダムガイデンオデロヘンリークカラノテガミ	岡本, 一広/矢立, 肇/富野, 由悠季, 1941-	岡本一広:漫画/矢立肇, 富野由悠季:原作
9784098630370	2024.10	小学館	ビッグコミックス	3	気になる聖凪の頭の中は. 3	キニナルセイナノアタマノナカワ	小麦, ムギ	小麦ムギ:著
9784866753942	2024.10	フレックスコミックス	POLARIS COMICS	4	「きみを愛する気はない」と言った次期公爵様がなぜか溺愛してきます. 4	キミオアイスルキワナイトイッタジキコウシャクサマガナゼカデキアイシテキマス	水埜, なつ/三沢, ケイ	水埜なつ:漫画/三沢ケイ:原作
9784065372050	2024.10	講談社	BE LOVE KC	3	きみが誰でも愛してる = WHOEVER YOU ARE,I LOVE YOU. 3	キミガダレデモアイシテル	萩原, ケイク	萩原ケイク:著
9784065372005	2024.10	講談社	アフタヌーンKC	3	君と宇宙を歩くために. 3	キミトウチュウオアルクタメニ	泥ノ田, 犬彦	泥ノ田犬彦:著
9784098536214	2024.10	小学館	サンデーうぇぶり少年サンデーコミックス	4	君の刀が折れるまで = Until your sword breaks. : 月宮まつりの恋難き. 4	キミノカタナガオレルマデ	井上, 小春	イノウエ:著
9784868050124	2024.10	ヒーローズ	ヒーローズコミックスわいるど	1	きみのカチカチ. 1	キミノカチカチ	圓山, りす	圓山りす:著
9784758027748	2024.10	一迅社	IDコミックス. Gateau comics		キミの完璧×××に恋してる	キミノカンペキ×××ニコイシテル	ノノダ, イツミ	ノノダイツミ:
9784098536238	2024.10	小学館	サンデーうぇぶり少年サンデーコミックス	9	君は冥土様。 = You are Ms.servant. 9	キミワメイドサマ	しょたん	しょたん:著
9784785977801	2024.10	少年画報社	YKコミックス	10	鬼門街KARMA. 10	キモンガイカルマ	永田, 晃一	永田晃一:著
9784088843070	2024.10	集英社	ジャンプコミックス	第13巻	キャプテン2. 第13巻	キャプテンツー	コージィ城倉, 1963-	コージィ城倉:著/ちばあきお:原案
9784801983182	2024.10	竹書房	Bamboo comics. Reijin se		究極×××のつくりかた	キュウキョク×××ノツクリカタ	鰐淵	鰐淵:著
9784065366004	2024.10	講談社	ヤンマガKC	1	救済の教室. 1	キュウサイノキョウシツ	江戸川, エドガワ	江戸川エドガワ:著
9784046838407	2024.10	KADOKAWA	MFC	2	今日からここで暮らシマす!? 2	キョウカラココデクラシマス	樋渡, りん	樋渡りん:漫画
9784434342592	2024.10	彗星社	Clair TLcomics		教師の俺らはシてもいいでしょ? : マジメ先生はチャラ男先生に敵わない	キョウシノオレラワシテモイイデショ:マジメセンセイワチャラオセンセイニカナワナイ	菜花	菜花:著
9784537149005	2024.10	日本文芸社	Nichibun comics	3	兇人大戦. 3	キョウジンタイセン	オオヒラ, 航多	オオヒラ航多:
9784757594548	2024.10	スクウェア・エニックス	ガンガンコミックスup!	3	強制じゃしん信仰プレイ : このぽんこつを崇めろって正気ですか? 3	キョウセイジャシンシンコウプレイ:コノポンコツオアガメロッテショウキデスカ?	機織機/川崎, 命大	機織機:原作/川崎命大:作画
9784046838452	2024.10	KADOKAWA	フロースコミック	1	今日の閣下はどなたですか? = Sir,who are you today? 1	キョウノカッカワドナタデスカ	珠樹, みつね/春臣, あかり	珠樹みつね:漫画/春臣あかり:原作/すらだまみ:キャラクター原案
9784801977433	2024.10	竹書房	Bamboo comics		今日もカレーですか? : カレーなる日々。	キョウモカレーデスカ?:カレーナルヒビ。	藤川, よつ葉/あづま, 笙子	藤川よつ葉:原作/あづま笙子:作画
9784098536573	2024.10	小学館	サンデーうぇぶり少年サンデーコミックス	1	今日も吹部は! 1	キョウモスイブワ	宮脇, ビリー	宮脇ビリー:著
9784065370858	2024.10	講談社	モーニングKC	6	今日もベランダで = On the balcony again today. 6	キョウモベランダデ	糸川, 一成	糸川一成:著
9784065368176	2024.10	講談社	講談社コミックス. 月刊少年マガジン	22	虚構推理 = Invented inference. 22	キョコウスイリ	城平, 京, 1974-/片瀬, 茶柴	城平京:原作/片瀬茶柴:漫画
9784867910238	2024.10	トゥーヴァージンズ	路草COMICS	2	きらきら、あおい = My First Blue. 2	キラキラアオイ	ito	ito:著
9784065372425	2024.10	講談社	KCx	1	嫌われ者の令嬢は、私が愛しましょう。～いまさら溺愛してきても、もう遅いです!～ = I will love the hated daughter.Even if you dote on her now.it&#39;s already to	キラワレモノノレイジョウワワタシガアイシマショウイマサラデキアイシテキテモモウオ	暮田, 呉子/藍原, ナツキ	暮田呉子:原作/藍原ナツキ:漫画
9784781623900	2024.10	イースト・プレス	Splushコミックス		桐川先生の下半身が奔放すぎる!	キリカワセンセイノカハンシンガホンポウスギル	ぽにく	ぽにく:著
9784575860207	2024.10	双葉社	ACTION COMICS	18	桐谷さんちょっそれ食うんすか!? 18	キリタニサンチョッソレクウンスカ	ぽんとごたんだ	ぽんとごたんだ:著
9784065372029	2024.10	講談社	BE LOVE KC	3	キリングライン = KILLING LINE. 3	キリングライン	モリエ, サトシ	モリエサトシ:著
9784091578426	2024.10	小学館	サンデーGXコミックス	1	キルニル = KILLNIRU : 先生が殺し屋って本当ですか? 1	キルニル	広瀬, べろせ	広瀬べろせ:著
9784832295735	2024.10	芳文社	Manga time KR comics. Ki	15	キルミーベイべー. 15	キルミーベイベー	カヅホ	カヅホ:著
9784801984615	2024.10	竹書房	Bamboo comics. 潤恋★★★オトナセ	新婚編 上	きれいなオネエさんは野獣でした!? : エリートさんと社畜女子. 新婚編 上	キレイナオネエサンワヤジュウデシタ!?:エリートサントシャチクジョシ	小松原, 千鳥	小松原千鳥:
9784801984622	2024.10	竹書房	Bamboo comics. 潤恋★★★オトナセ	新婚編 下	きれいなオネエさんは野獣でした!? : エリートさんと社畜女子. 新婚編 下	キレイナオネエサンワヤジュウデシタ!?:エリートサントシャチクジョシ	小松原, 千鳥	小松原千鳥:
9784087928006	2024.10	集英社	愛蔵版コミックス	15	キングダム = KINGDOM : 完全版. 15	キングダム	原, 泰久, 1975-	原泰久:著
9784087928013	2024.10	集英社	愛蔵版コミックス	16	キングダム = KINGDOM : 完全版. 16	キングダム	原, 泰久, 1975-	原泰久:著
9784065370292	2024.10	講談社	イブニングKC	17	金田一37歳の事件簿 = The Case File of Kindaichi age 37. 17	キンダイチサンジュウナナサイノジケンボ	天樹, 征丸, 1962-/さとう, ふみや	天樹征丸:原作/さとうふみや:漫画
9784065370483	2024.10	講談社	講談社コミックス. 週刊少年マガジン	6	菌と鉄 = FUNGUS AND IRON. 6	キントテツ	片山, あやか	片山あやか:著
9784088843087	2024.10	集英社	ジャンプコミックス	86	キン肉マン. 86	キンニクマン	ゆでたまご	ゆでたまご:著
9784434342622	2024.10	彗星社	夜暇		禁欲いんぽっしぶる女学園	キンヨクインポッシブルジョガクエン	庭トリ	庭トリ:著
9784865182354	2024.10	大誠社	Only Lips comics. めちゃコミッ	5	偽装カレシに愛されてしまいました. 5	ギソウカレシニアイサレテシマイマシタ	美山, るこ	美山るこ:著
9784065370520	2024.10	講談社	KCDX	4	ギャルがシルバニアファミリーを溺愛したら。 : #ギャルバニア. 4	ギャルガシルバニアファミリーオデキアイシタラ:ギャルバニア	岡野, く仔	岡野く仔:著
9784065371848	2024.10	講談社	モーニングKC	4	ギャル弁 = Gal Lawyer : 歌舞伎町の幽霊. 4	ギャルベン	ヨウイチ	ヨウイチ:著
9784065371855	2024.10	講談社	モーニングKC	5	ギャル弁 = Gal Lawyer : 歌舞伎町の幽霊. 5	ギャルベン	ヨウイチ	ヨウイチ:著
9784861174575	2024.10	文苑堂	バベルコミックス		ぎゅってして	ギュッテシテ	花札さくらの 著	花札さくらの:著
9784049159714	2024.10	KADOKAWA	電撃コミックスNEXT ; N301-08	5	ギルドの受付嬢ですが、残業は嫌なのでボスをソロ討伐しようと思います. 5	ギルドノウケツケジョウデスガザンギョウワイヤナノデボスオソロトウバツシヨウトオモ	香坂, マト/優木, すず	香坂マト:原作/優木すず:作画/がおう:キャラクターデザイン
9784098630455	2024.10	小学館	ビッグスピリッツコミックススペシャル	15	くーねるまるた ぬーぼ = Ku Neru Maruta Novo. 15	クーネルマルタヌーボ	高尾, じんぐ	高尾じんぐ:著
9784098630394	2024.10	小学館	ビッグコミックス	14	空母いぶきGREAT GAME. 14	クウボイブキグレートゲーム	かわぐち, かいじ, 1948-	かわぐちかいじ:著/惠谷治 原案協力:
9784065373033	2024.10	講談社	ヤンマガKC	第3巻	空来船打払令. 第3巻	クウライセンウチハライレイ	加藤, 文孝	加藤文孝:著
9784596715111	2024.10	ハーパーコリンズ・ジャパン	marmalade comics	1	クールな御曹司は最愛のママとシークレットベビーを溺愛したい. 1	クールナオンゾウシワサイアイノママトシークレットベビーオデキアイシタイ	橘, テルエ/桜井, 響華	橘テルエ:著/桜井響華:原作
9784088932675	2024.10	集英社	ヤングジャンプコミックス	10	九龍ジェネリックロマンス. 10	クーロンジェネリックロマンス	眉月, じゅん	眉月じゅん:著
9784088934341	2024.10	集英社	ヤングジャンプコミックス	10	くじ引き特賞:無双ハーレム権 = Grand Prize:Unrivalled HAREM TICKET. 10	クジビキトクショウムソウハーレムケン	三木, なずな/長谷見, 亮	三木なずな:原作/長谷見亮:漫画/瑠奈璃亜:キャラクター原案
9784758027755	2024.10	一迅社	IDコミックス. Gateau comics		くじらの御仕立さん	クジラノオシタテサン	灼	灼:
9784575381870	2024.10	双葉社	Chillche comics		クズなお前の愛し方	クズナオマエノアイシカタ	rug	rug:著
9784088842424	2024.10	集英社	ジャンプコミックス. JUMP COMICS+	4	クソ女に幸あれ = Hope You&#39;re Happy,Lemon. 4	クソオンナニサチアレ	岸川, 瑞樹	岸川瑞樹:著
9784065372517	2024.10	講談社	講談社プラチナコミックス	シソテバ	クッキングパパ. シソテバ	クッキングパパ	うえやま, とち, 1954-	うえやまとち:
9784065372524	2024.10	講談社	講談社プラチナコミックス	スペイン・オムレツ	クッキングパパ. スペイン・オムレツ	クッキングパパ	うえやま, とち, 1954-	うえやまとち:
9784065372500	2024.10	講談社	モーニングKC	171	クッキングパパ. 171	クッキングパパ	うえやま, とち, 1954-	うえやまとち:著
9784065370315	2024.10	講談社	モーニングKC	1	国を追われた竜師さん、拾われた隣国でうっかり無双してしまう。 : 弱小国家が大陸最強の竜の楽園になるまで. 1	クニオオワレタリュウシサンヒロワレタリンゴクデウッカリムソウシテシマウ:ジャクシ	謙虚なサークル/佐藤, 駿光	謙虚なサークル:原作/佐藤駿光:漫画
9784088842738	2024.10	集英社	ジャンプコミックス	1	クニゲイ : 大國大学藝術学部映画学科. 1	クニゲイ:オオクニダイガクゲイジュツガクブエイガガッカ	髙野, 陽介	髙野陽介:著
9784098045532	2024.10	小学館	My first big special		首斬り朝 : 絵師や絵師	クビキリアサ:エシヤエシ	小池, 一夫, 1936-2019/小島, 剛夕, 1928-2000	小池一夫:原作/小島剛夕:作画
9784868050100	2024.10	ヒーローズ	HCヒーローズコミックス	1	くびしょい勇者. 1	クビショイユウシャ	ツナミノ, ユウ	ツナミノユウ:著
9784047380967	2024.10	KADOKAWA	HARTA COMIX	6	クプルムの花嫁 = Brides of Cuprum. 6	クプルムノハナヨメ	namo	namo:著
9784575420050	2024.10	双葉社	モンスターコミックス	10	クラス転移で俺だけハブられたので、同級生ハーレム作ることにした. 10	クラステンイデオレダケハブラレタノデドウキュウセイハーレムツクルコトニシタ	もりたか, たかし/新双ロリス	もりたかたかし:漫画/新双ロリス:原作/夏彦:キャラクター原案
9784910526683	2024.10	シュークリーム	from RED COMICS ; 064		くらやみにストロボ	クラヤミニストロボ	ハヤカワ, ノジコ	ハヤカワノジコ:著
9784065372708	2024.10	講談社	KCデラックス	8	CLAMP PREMIUM COLLECTIONちょびっツ. 8	クランププレミアムコレクションチョビッツ	CLAMP	CLAMP:著
9784065371343	2024.10	講談社	講談社コミックス. 週刊少年マガジン	16	黒岩メダカに私の可愛いが通じない = Kuroiwa Medaka is proof against my cuteness. 16	クロイワメダカニワタシノカワイイガツウジナイ	久世, 蘭	久世蘭:著
9784434342615	2024.10	彗星社	Glanz BLcomics	4	黒ギャルになったから親友とヤってみた。. 4	クロギャルニナッタカラシンユウトヤッテミタ	織島, ユポポ	織島ユポポ:著
9784065371787	2024.10	講談社	KCデザート	1	黒子と悪役くん = Kuroko and Her Sweet Villain. 1	クロコトヒールクン	山科, ティナ	山科ティナ:著
9784824009821	2024.10	オーバーラップ	ガルドコミックス	20	黒の召喚士 = The Berserker Rises to Greatness. 20	クロノショウカンシ	迷井, 豆腐/天羽, 銀	迷井豆腐:原作/天羽銀:漫画/黒銀:キャラクター原案
9784821159185	2024.10	ぶんか社	Bunkasha comics. S*girl 	5	黒弁護士の痴情 : 世界でいちばん重い純愛. 5	クロベンゴシノチジョウ:セカイデイチバンオモイジュンアイ	すみ, 漫画家	すみ:
9784098536269	2024.10	小学館	サンデーうぇぶり少年サンデーコミックス	2	黒魔法寮の三悪人 = THE BLACK MAGIC DORMITORY. 2	クロマホウリョウノサンアクニン	斎藤, キミオ	斎藤キミオ:著
9784575381856	2024.10	双葉社	marginal		グッドボーイ、抱いていいですよ	グッドボーイダイテイイデスヨ	冬至, 冬	冬至冬:著
9784041152621	2024.10	KADOKAWA	カドコミ		グッドモーニング・エンペラ = Good morning and pairs	グッドモーニングエンペラ	栄太	栄太:著
9784049159707	2024.10	KADOKAWA	電撃コミックスNEXT ; N608-01	1	グラン&amp;グルメ : 器用貧乏な転生勇者が始める辺境スローライフ. 1	グランアンドグルメ:キヨウビンボウナテンセイユウシャガハジメルヘンキョウスローラ	えりまし, 圭多/雛咲, 葉	えりまし圭多:原作/雛咲葉:作画/榊原瑞紀:キャラクターデザイン
9784065370988	2024.10	講談社	アフタヌーンKC	23	ぐらんぶる = GRAND BLUE. 23	グランブル	井上, 堅二/吉岡, 公威	井上堅二:原作/吉岡公威:漫画
9784832204409	2024.10	芳文社	FUZ comics	3	軍人婿さんと大根嫁さん. 3	グンジンムコサントダイコンヨメサン	コマkoma	コマkoma:著
9784537148947	2024.10	日本文芸社	Nichibun comics	22	警部補ダイマジン. 22	ケイブホダイマジン	リチャード・ウー/こうの, こうじ	リチャード・ウー:作/コウノコウジ:画
9784866578132	2024.10	フロンティアワークス	Daria comics	2	契約コハビテーション. 2	ケイヤクコハビテーション	須坂, 紫那	須坂紫那:著
9784098727766	2024.10	小学館	Sho-Comiフラワーコミックス	2	Cake×Bomb. 2	ケーキバイボム	佐野, 愛莉	佐野愛莉:著
9784065368909	2024.10	講談社	イブニングKC	48	K2. 48	ケーツー	真船, 一雄	真船一雄:著
9784107727558	2024.10	新潮社	Bunch comics	2	けがわとなかみ. 2	ケガワトナカミ	類家, 海	類家海:
9784046840721	2024.10	KADOKAWA	フロースコミック	2	結婚商売 = Marriage of Convenience. 2	ケッコンショウバイ	Antstudio/KEN, pub. 2023	Antstudio:漫画/KEN:原作
9784813763642	2024.10	スターツ出版	BF COMICS ; は1-3	1	結婚前日に「好き」と言った回数が見えるようになったので、王太子妃にはなりません! : 私には好きと言ってくれない王太子様になぜか溺愛されているのですが!? 1	ケッコンゼンジツニスキトイッタカイスウガミエルヨウニナッタノデオウタイシヒニワナ	葉々ねろ/来栖, 千依	葉々ねろ:作画/来栖千依:原作
9784098728190	2024.10	小学館	ちゃおコミックス	2	ケモっちびより! 2	ケモッチビヨリ	篠塚, ひろむ	篠塚ひろむ:著
9784041153086	2024.10	KADOKAWA	角川コミックス・エース	14	けものみち. 14	ケモノミチ	暁, なつめ/まったく, モー助/夢唄	暁なつめ:原作/まったくモー助, 夢唄:漫画
9784098536436	2024.10	小学館	裏少年サンデーコミックス	25	ケンガンオメガ. 25	ケンガンオメガ	サンドロビッチ・ヤバ子/だろめおん	サンドロビッチ・ヤバ子:原作/だろめおん:作画
9784868120025	2024.10	ワニマガジン社	WANIMAGAZINE COMICS SPEC		健康で文化的な性活	ケンコウデブンカテキナセイカツ	層積 著	層積:著
9784041152713	2024.10	KADOKAWA	角川コミックス・エース	25	賢者の孫. 25	ケンジャノマゴ	吉岡, 剛/緒方, 俊輔	吉岡剛:原作/緒方俊輔:漫画/菊池政治:キャラクター原案
9784821159093	2024.10	ぶんか社	RK comics	秘密を抱えた妻編	ケン月影珠玉作品選. 秘密を抱えた妻編	ケンツキカゲシュギョクサクヒンセン	ケン月影	ケン月影:著
9784088842165	2024.10	集英社	ジャンプコミックス	2	剣闘士AtoZ. 2	ケントウシエートゥゼット	サイトウ, ケンジ/YOHAN	サイトウケンジ, YOHAN:著
9784088842257	2024.10	集英社	ジャンプコミックス	2	ケントゥリア = Centuria. 2	ケントゥリア	暗森, 透	暗森透:著
9784065319208	2024.10	講談社			ゲゲゲの鬼太郎悪魔くん河童の三平水木しげる3大キャラ百科	ゲゲゲノキタロウアクマクンカッパノサンペイミズキシゲルサンダイキャラヒャッカ	水木プロダクション/講談社	水木プロダクション:監修/講談社:編
9784768319819	2024.10	玄光社	MOVE ON COMICS		ゲッターロボG	ゲッターロボジー	永井, 豪, 1945-/石川, 賢, 1948-2006/ダイナミックプロダク	永井豪:原作/石川賢, ダイナミックプロ:作画
9784813033998	2024.10	大洋図書	H &amp; C comics. Ihertz		ゲレンデマジック101号	ゲレンデマジック101ゴウ	日暮, くれ	日暮くれ:著
9784046841483	2024.10	KADOKAWA	MFC	2	限界OLと女子大生が○○する話. 2	ゲンカイオーエルトジョシダイセイガマルマルスルハナシ	小畠, 泪	小畠泪:著
9784845867394	2024.10	リイド社	SPコミックス. SP pocket wide		現代史の中のゴルゴ13 : 共産主義の崩壊	ゲンダイシノナカノゴルゴ13:キョウサンシュギノホウカイ	さいとう, たかを, 1936-2021	さいとう・たかを:著
9784098536252	2024.10	小学館	サンデーうぇぶり少年サンデーコミックス	4	幻狼潜戦. 4	ゲンロウセンセン	桜井, 亜都	桜井亜都:著
9784065371640	2024.10	講談社	アフタヌーンKC	3	恋をしたのに世界は滅びる気配もない. 3	コイオシタノニセカイワホロビルケハイモナイ	東雲, pub. 2024	東雲:著
9784537148985	2024.10	日本文芸社	Comic Heaven comics	2	恋からは逃げられない. 2	コイカラワニゲラレナイ	長谷川, 真也	長谷川真也:著
9784334104580	2024.10	光文社	熱帯COMICS	1	こいしとこさめの旅チャンネル. 1	コイシトコサメノタビチャンネル	kashmir	kashmir:著
9784396785956	2024.10	祥伝社	On blue comics		恋知らずの神様に捧ぐ	コイシラズノカミサマニササグ	滝端	滝端:
9784832292789	2024.10	芳文社	花音コミックス	6	恋する鉄面皮. 6	コイスルテツメンピ	中田, アキラ	中田アキラ:著
9784866577975	2024.10	フロンティアワークス	LC. Hugピクシブシリーズ	1	恋するときも、病めるときも. 1	コイスルトキモ、ヤメルトキモ	りべるむ	りべるむ:著
9784796416931	2024.10	海王社	Kaiohsha comics. Gush co	15	恋する暴君. 15	コイスルボウクン	高永, ひなこ	高永ひなこ:
9784046841582	2024.10	KADOKAWA	fleur comics		恋とパンプアップ	コイトパンプアップ	松島, 叶杷	松島叶杷:著
9784801984301	2024.10	竹書房	Bamboo comics	1	恋に恋するコイビト関係. 1	コイニコイスルコイビトカンケイ	雨水, 汐	雨水汐:
9784046835079	2024.10	KADOKAWA	MFコミックス. ジーンシリーズ	2	恋人がウブすぎて困る = the sweet confusion about my boyfriend&#39;s innocence. 2	コイビトガウブスギテコマル	広田	広田:著
9784391163544	2024.10	主婦と生活社	PASH!COMICS	9	項羽と劉邦、あと田中. 9	コウウトリュウホウアトタナカ	亜希乃, 千紗/古寺谷, 雉	亜希乃千紗:漫画/古寺谷雉:原作/獅子猿:キャラクター原案
9784065372364	2024.10	講談社	KCデラックス	5	高坂社長は我慢できない : トロける同居生活はじまりました. 5	コウサカシャチョウワガマンデキナイ:トロケルドウキョセイカツハジマリマシタ	織田, はるか	織田はるか:著
9784065373064	2024.10	講談社	ヤンマガKC	5	公爵家の料理番様 : 300年生きる小さな料理人. 5	コウシャクケノリョウリバンサマ:サンビャクネンイキルチイサナリョウリニン	延野, 正行/斎藤, 縹/中村, ゆきひろ	延野正行:原作/斎藤縹:漫画/中村ゆきひろ:構成/TAPI岡:キャラクター原案
9784758019309	2024.10	一迅社	ベビードール×comics	2	公爵様は私の体に飢えている。 : アンソロジー. 2	コウシャクサマワワタクシノカラダニウエテイル。:アンソロジー		
9784046840707	2024.10	KADOKAWA	フロースコミック	7	公爵夫人の50のお茶レシピ = 50 Tea Recipes of The Duchess. 7	コウシャクフジンノゴジュウノオチャレシピ	Antstudio/Lee, Jiha	Antstudio:漫画/LeeJiha:原作
9784866578033	2024.10	フロンティアワークス	Arianrose Comics	6	侯爵令嬢は手駒を演じる = The daughter of a marquess acts the prince&#39;s follower. 6	コウシャクレイジョウワテゴマオエンジル	白雪, しおん/橘, 千秋, pub. 2016	白雪しおん:著/橘千秋:原作/蒼崎律:キャラクター原案
9784785977849	2024.10	少年画報社	YKコミックス	3	公然わいせつ魔法少女. 3	コウゼンワイセツマホウショウジョ	亜桜, まる	亜桜まる:著
9784776755265	2024.10	宙出版	Missy comics. YLC DX col	2	皇帝と寵姫は仲がお悪い. 2	コウテイトチョウキワナカガオワルイ	須貝, あや/イシクロ	須貝あや:/イシクロ:原作
9784799769218	2024.10	リブレ	ビボピーコミックス		後輩が一途すぎる話	コウハイガイチズスギルハナシ	ミキマキ	ミキマキ:
9784041153420	2024.10	KADOKAWA	角川コミックス・エース	5	コードギアス復活のルルーシュ = CODE GEASS Lelouch of the Re;surrection. 5	コードギアスフッカツノルルーシュ	小笠原, 智史/谷口, 廣次朗	小笠原智史:漫画/谷口廣次朗 シナリオ:
9784832204478	2024.10	芳文社	芳文社コミックス. トレイル	2	氷の姫は小さな陽だまりでとかされたい. 2	コオリノヒメワチイサナヒダマリデトカサレタイ	樹多村, あかつき	樹多村あかつき:
9784098630783	2024.10	小学館	ビッグコミックス	1	国宝. 1	コクホウ	吉田, 修一, 1968-/三国, 史明	吉田修一, 三国史明:著
9784046839732	2024.10	KADOKAWA	フロースコミック	4	黒狼王と白銀の贄姫 : 辺境の地で最愛を得る. 4	コクロウオウトハクギンノニエヒメ:ヘンキョウノチデサイアイオエル	白木, 苺/高岡, 未来	白木苺:漫画/高岡未来:原作/vient:キャラクター原案/理 構成協力:
9784107727527	2024.10	新潮社	Bunch comics	2	木暮姉弟のとむらい喫茶. 2	コグレキョウダイノトムライキッサ	うおやま	うおやま:
9784098536405	2024.10	小学館	少年サンデーコミックス	2	古々路ひめるの全秘密. 2	ココロヒメルノゼンヒミツ	小松, 翔太	小松翔太:著
9784575381887	2024.10	双葉社	Chillche comics		子連れΩ、偽装交際はじめました	コズレオメガギソウコウサイハジメマシタ	しおの, こうじ	しおのこうじ:著
9784537148961	2024.10	日本文芸社	Nichibun comics. マンガtop	6	この子知りませんか? 6	コノコシリマセンカ?	てぃーろんたろん	てぃーろんたろん:
9784046836700	2024.10	KADOKAWA	フロースコミック	2	この度、冷酷公爵様の花嫁に選ばれました : 捨てられ王女の旦那様は溺愛が隠せない!? 2	コノタビレイコクコウシャクサマノハナヨメニエラバレマシタ:ステラレオウジョノダン	大羽, ふみ/アルト	大羽ふみ:漫画/アルト:原作/白皙:キャラクター原案
9784088933566	2024.10	集英社	ヤングジャンプコミックス	下	この部屋から東京タワーは永遠に見えない. 下	コノヘヤカラトウキョウタワーワエイエンニミエナイ	麻布競馬場, 1991-/川野, 倫	麻布競馬場:原作/川野倫:漫画
9784800015112	2024.10	マッグガーデン	Mag Garden comics eden	8	琥珀の夢で酔いましょう. 8	コハクノユメデヨイマショウ	村野, 真朱/依田, 温/杉村, 啓, 1976-	村野真朱:原作/依田温:作画/杉村啓:監修
9784592225041	2024.10	白泉社	花とゆめCOMICS	2	琥春くんの細胞を. 2	コハルクンノサイボウオ	浅葉, さつき	浅葉さつき:著
9784098536351	2024.10	小学館	少年サンデーコミックス	Volume35	古見さんは、コミュ症です。. Volume35	コミサンワコミュショウデス	小田, 智仁	オダトモヒト:著
9784821159369	2024.10	ぶんか社	Bunkasha comics	Vol. 1	コミック赤川次郎ミステリー. Vol. 1	コミックアカガワジロウミステリー	赤川, 次郎, 1948-/安武, わたる/中原, まい/油豆	赤川次郎:原作/安武わたる, 中原まい, 油豆, 摩耶夕湖:作画
9784821159208	2024.10	ぶんか社	Bunkasha comics	Vol. 16	コミック浅見光彦本格旅情ミステリー. Vol. 16	コミックアサミミツヒコホンカクリョジョウミステリー	内田, 康夫, 1934-2018/あさみ, さとる/細村, 誠	内田康夫:原作/あさみさとる, 細村誠:作画
9784845864669	2024.10	リイド社	パーフェクト・メモワール	Vol. 35	コミック艶. Vol. 35	コミックエン		
9784799769140	2024.10	リブレ	ビーボーイコミックスデラックス	4	これから俺は、後輩に抱かれます. 4	コレカラオレワ、コウハイニダカレマス	佳門, サエコ	佳門サエコ:著
9784776755258	2024.10	宙出版	Missy comics. YLC collec	3	これはきっと、運命の恋. 3	コレワキット、ウンメイノコイ	ぺこまる	ぺこまる:
9784800015099	2024.10	マッグガーデン	Blade comics	5	Colori colore creare. 5	コローリコローレクレアーレ	天野, こずえ	天野こずえ:著
9784799219683	2024.10	キルタイムコミュニケーション	スリーズロゼコミックス		殺し屋Re starting over	コロシヤリスターティングオーヴァー	吉池, マスコ	吉池マスコ:漫画
9784046840585	2024.10	KADOKAWA	フロースコミック	4	今世は当主になります = I SHALL MASTER THIS FAMILY. 4	コンセワトウシュニナリマス	Mon, pub. 2023/Antstudio/Kim, Roah	Mon, Antstudio:漫画/KimRoah:原作
9784774732831	2024.10	コスミック出版	Kyun comics. Maomao	1	今度は死なない悪役令嬢 : 断罪イベントから逃げた私は魔王さまをリハビリしつつ絶賛スローライフ! 1	コンドワシナナイアクヤクレイジョウ:ダンザイイベントカラニゲタワタクシワマオウサ	山田, 圭子/霜月, りつ	山田圭子:/霜月りつ:原作
9784041151679	2024.10	KADOKAWA	角川コミックス・エース	3	コンビニ強盗から助けた地味店員が、同じクラスのうぶで可愛いギャルだった. 3	コンビニゴウトウカラタスケタジミテンインガオナジクラスノウブデカワイイギャルダッ	うおぬま, ゆう/あボーン	うおぬまゆう:漫画/あボーン:原作/なかむら:キャラクター原案
9784829626870	2024.10	プランタン出版	オパールCOMICS		今夜、あなたを抱きます。 : 彼女の秘めた欲望は男の理性を狂わせる、快楽堕ちアンソロジー	コンヤアナタオダキマス:カノジョノヒメタヨクボウワオトコノリセイオクルワセルカイ	エトウ, ユツキ/もちぱむ/北ケ丘, アド	エトウユツキ [ほか]:著
9784865182347	2024.10	大誠社	Only Lips comics. めちゃコミッ	3	今夜、うちにおいで : 冷徹上司の理性が溶けたら. 3	コンヤウチニオイデ:レイテツジョウシノリセイガトケタラ	椿野, イメリ	椿野イメリ:著
9784803020137	2024.10	アース・スターエンターテイメント	EARTH STAR COMICS	1	婚約者様には運命のヒロインが現れますが、暫定婚約ライフを満喫します!にゃーん. 1	コンヤクシャサマニワウンメイノヒロインガアラワレマスガザンテイコンヤクライフオマ	星見, うさぎ/アスナキハル	星見うさぎ:原作/アスナキハル:漫画/Qi234:キャラクター原案
9784065372432	2024.10	講談社	KCx	1	婚約者に忘れられた私、隣国の皇太子殿下と偽装婚約することになりました : ※ただし、殿下の本命は私みたいです!? 1	コンヤクシャニワスレラレタワタシリンゴクノコウタイシデンカトギソウコンヤクスルコ	北宮, あみ/一分, 咲	北宮あみ:漫画/一分咲:原作/まち:キャラクター原案
9784065372357	2024.10	講談社	KCx	2	婚約破棄されたので、好きにすることにした。. 2	コンヤクハキサレタノデスキニスルコトニシタ	砂糖, まつ/櫻井, みこと	砂糖まつ:漫画/櫻井みこと:原作
9784434345357	2024.10	アルファポリス	Regina COMICS	3	婚約破棄で追放されて、幸せな日々を過ごす。 : ……え?私が世界に一人しか居ない水の聖女?あ、今更泣きつかれても、知りませんけど? 3	コンヤクハキデツイホウサレテシアワセナヒビオスゴス:エワタシガセカイニヒトリシカ	末松, 樹/不二原, 理夏	末松樹:原作/不二原理夏:漫画/祀花よう子:キャラクター原案
9784596715012	2024.10	ハーパーコリンズ・ジャパン	marmalade comics	1	強引上司に迫られてます!? : キスからはじまる契約恋愛. 1	ゴウインジョウシニセマラレテマス:キスカラハジマルケイヤクレンアイ	森, 智世乃/星咲, りら	森智世乃:著/星咲りら:原作
9784088934242	2024.10	集英社	ヤングジャンプコミックス	04	ゴールデンエッグ = GOLDENEGG. 04	ゴールデンエッグ	横幕, 智裕/鈴木, 大四郎, 1977-/柄澤, 俊介	横幕智裕:原作/鈴木大四郎:漫画/柄澤俊介:監修
9784757594876	2024.10	スクウェア・エニックス	ビッグガンガンコミックス	4	獄卒クラーケン. 4	ゴクソツクラーケン	タカヒロ/戸流, ケイ	タカヒロ:原作/戸流ケイ:作画
9784757594784	2024.10	スクウェア・エニックス	ガンガンコミックスjoker	2	ごっどくん. 2	ゴッドクン	兎乃, 心	兎乃心:著
9784163919003	2024.10	文藝春秋			ごはんが楽しみ	ゴハンガタノシミ	井田, 千秋	井田千秋:著
9784098630639	2024.10	小学館	ビッグコミックスペーパーバックコレクション	2	ゴミ屋敷とトイプードルと私. 2	ゴミヤシキトトイプードルトワタクシ	池田, ユキオ	池田ユキオ:著
9784596714275	2024.10	ハーパーコリンズ・ジャパン	Petir Honey comics	2	ごめんね、逃がしてあげない : 幼馴染ヤクザの甘い暴愛. 2	ゴメンネニガシテアゲナイ:オサナナジミヤクザノアマイボウアイ	ヒノノメ, ヒナ	ヒノノメヒナ:著
9784098045457	2024.10	小学館	My first big. &quot;Golg		ゴルゴ13 : American dream-シン・アメリカ?	ゴルゴ13:Americandream-シン・アメリカ?	さいとう, たかを, 1936-2021/さいとうプロダクション	さいとう・たかを:
9784046840806	2024.10	KADOKAWA	MFコミックス. ジーンシリーズ	22	SERVAMP. 22	サーヴァンプ	田中, ストライク	田中ストライク:著
9784592156239	2024.10	白泉社	HLC Silky PRESENTS	3	催淫毒～シスターとヴァンパイア～. 3	サイインドクシスタートヴァンパイア	暁, 漫画家	暁:著
9784098536467	2024.10	小学館	裏少年サンデーコミックス	8	最強女師匠たちが育成方針を巡って修羅場. 8	サイキョウオンナシショウタチガイクセイホウシンオメグッテシュラバ	小野, 洋一郎/赤城, 大空, 1991-	小野洋一郎:漫画/赤城大空:原作/タジマ粒子:キャラクター原案
9784757594562	2024.10	スクウェア・エニックス	ガンガンコミックスup!	12	最強タンクの迷宮攻略 : 体力9999のレアスキル持ちタンク、勇者パーティーを追放される. 12	サイキョウタンクノメイキュウコウリャク:タイリョク9999ノレアスキルモチタンク	木嶋, 隆太/如月, 命	木嶋隆太:原作/如月命:漫画
9784344854918	2024.10	幻冬舎コミックス	Birz comics = バーズコミックス	11	最強の黒騎士、戦闘メイドに転職しました. 11	サイキョウノクロキシ、セントウメイドニテンショクシマシタ	百門, 一新/風華, チルヲ	百門一新:原作/風華チルヲ:作画
9784757594579	2024.10	スクウェア・エニックス	ガンガンコミックスup!	10	最強の魔導士。ひざに矢をうけてしまったので田舎の衛兵になる. 10	サイキョウノマドウシ。ヒザニヤオウケテシマッタノデイナカノエイヘイニナル	えぞぎんぎつね/アヤノ, マサキ	えぞぎんぎつね:原作/アヤノマサキ:漫画
9784088842356	2024.10	集英社	ジャンプコミックス	2	再婚承認を要求します. 2	サイコンショウニンオヨウキュウシマス	SUMPUL/HereLee/Alphatart	SUMPUL:作画/HereLee 脚色:/Alphatart:原作
9784434340765	2024.10	アルファポリス	Regina COMICS	9	最後にひとつだけお願いしてもよろしいでしょうか. 9	サイゴニヒトツダケオネガイシテモヨロシイデショウカ	鳳, ナナ/ほおのき, ソラ	鳳ナナ:原作/ほおのきソラ:漫画/沙月:キャラクター原案
9784087881141	2024.10	集英社			さいごの恋	サイゴノコイ	野原, 広子, イラストレーター	野原広子:著
9784798636412	2024.10	ホビージャパン	HJコミックス ; HJC362	3	才女のお世話 : 高嶺の花だらけな名門校で、学院一のお嬢様 (生活能力皆無) を陰ながらお世話することになりました. 3	サイジョノオセワ:タカネノハナダラケナメイモンコウデ、ガクインイチノオジョウサマ	坂石, 遊作, 1994-/水島, 空彦	坂石遊作:原作/水島空彦:漫画
9784040756486	2024.10	KADOKAWA	ドラゴンコミックスエイジ	2	三枝さんはメガネ先輩と恋を描く. 2	サエグササンワメガネセンパイトコイオエガク	セレビィ量産型	セレビィ量産型 [著]:
9784813040279	2024.10	大洋図書	H &amp; C comics. Ihr he	9	囀る鳥は羽ばたかない. 9	サエズルトリワハバタカナイ	ヨネダ, コウ	ヨネダコウ:
9784813033981	2024.10	大洋図書	H &amp; C comics. Ihr he	9	囀る鳥は羽ばたかない. 9	サエズルトリワハバタカナイ	ヨネダ, コウ	ヨネダコウ:
9784065371916	2024.10	講談社	KCDX. 週刊少年マガジン	1	魁の花巫女. 1	サキガケノハナミコ	きただ, りょうま	きただりょうま:著
9784832295780	2024.10	芳文社	Manga time KR comics. Ki	3	サキュバスイッチ. 3	サキュバスイッチ	橘, まなり	橘まなり:著
9784799219669	2024.10	キルタイムコミュニケーション	シャイニーコミックス ; 01	1	さきゅりふぁいす! = SUCCURIFICE! 1	サキュリファイス	南瓜, かぷちー	南瓜かぷちー:著
9784065372647	2024.10	講談社	ヤンマガKC	3	咲花ソルジャーズ = SAKU HANA SOLDIERS. 3	サクハナソルジャーズ	松本, 文怜	松本文怜:著
9784041139530	2024.10	KADOKAWA	角川コミックス・エース	3	左遷されたギルド職員が辺境で地道に活躍する話 : なお、原因のコネ野郎は大変な目にあう模様. 3	サセンサレタギルドショクインガヘンキョウデジミチニカツヤクスルハナシ:ナオゲンイ	みなかみ, しょう/芝本, 七乃香	みなかみしょう:原作/芝本七乃香:漫画
9784046839947	2024.10	KADOKAWA	MFC	3	サテライト・コインランドリー = SATELLITE COIN LAUNDRY. 3	サテライトコインランドリー	にわかあめ	にわかあめ:著
9784757594708	2024.10	スクウェア・エニックス	ガンガンコミックスonline	2	砂漠の国の雨降らし姫 : 前世で処刑された魔法使いは農家の娘になりました. 2	サバクノクニノアメフラシヒメ:ゼンセデショケイサレタマホウツカイワノウカノムスメ	守雨/うみとしま	守雨:原作/うみとしま:漫画
9784088934389	2024.11	集英社	ヤングジャンプコミックス	4	アイアンファミリア = IRON FAMILIAR. 4	アイアンファミリア	竜丸	竜丸:著
9784868120063	2024.11	ワニマガジン社	WANIMAGAZINE COMICS SPEC		愛を注いで	アイオソソイデ	背中が尻 著	背中が尻:著
9784867870563	2024.11	ブライト出版	Tulle Comics		相方にガチ恋しています	アイカタニガチコイシテイマス	阿古多	阿古多:著
9784758027717	2024.11	一迅社	Zero-sum comics	1	愛が重い騎士公爵は、追放令嬢のすべてを奪い尽くしたい。. 1	アイガオモイキシコウシャクワ、ツイホウレイジョウノスベテオウバイツクシタイ。	海原, ゆた	海原ゆた:著
9784758027724	2024.11	一迅社	Zero-sum comics	2	愛が重い騎士公爵は、追放令嬢のすべてを奪い尽くしたい。. 2	アイガオモイキシコウシャクワ、ツイホウレイジョウノスベテオウバイツクシタイ。	海原, ゆた	海原ゆた:著
9784575420104	2024.11	双葉社	モンスターコミックスf	4	愛さないといわれましても : 元魔王の伯爵令嬢は生真面目軍人に餌付けをされて幸せになる. 4	アイサナイトイワレマシテモ:モトマオウノハクシャクレイジョウワキマジメグンジンニ	石野, 人衣/豆田, 麦	石野人衣:漫画/豆田麦:原作/花染なぎさ:キャラクター原案
9784041155813	2024.11	KADOKAWA	角川コミックス・エース	1	愛され天使なクラスメイトが、俺にだけいたずらに微笑む = The classmate who is adored by everyone,smiles teasingly only at me. 1	アイサレテンシナクラスメイトガオレニダケイタズラニホホエム	水口, 敬文/なはり, ふみお	水口敬文:原作/なはりふみお:漫画/たん旦:キャラクター原案
9784909408037	2024.11	アーク・プレス	Labios comics		愛で固めた砂上の箱庭	アイデカタメタサジョウノエデン	モリ, て潮	モリて潮:著
9784596716477	2024.11	ハーパーコリンズ・ジャパン	プティルコミックス	2	愛とかいいから抱きしめて. 2	アイトカイイカラダキシメテ	鳴海, 涼	鳴海涼:著
9784867781166	2024.11	秋水社	SDC YLシリーズ	2	アイネクライネをうたって. 2	アイネクライネオウタッテ	片山, 愁/ヨダカ, ケイ	片山愁:/ヨダカケイ:原作
9784596714206	2024.11	ハーパーコリンズ・ジャパン	ハーレクインコミックス・ダイヤ ; ナ7-10		愛の金曜日	アイノキンヨウビ	長沢, 智/Steele, Jessica, -2020	ながさわさとる:著/ジェシカ・スティール:原作
9784785978013	2024.11	少年画報社	ヤングキングコミックス. YK OURS Com	第2報	蒼き鋼のアルペジオOFFICIAL BOOK戦闘詳報2059. 第2報	アオキハガネノアルペジオオフィシャルブックセントウショウホウニセンゴジュウキュウ	Ark performance	Ark Performance [著]:
9784785978006	2024.11	少年画報社	ヤングキングコミックス. YK OURS Com	28	蒼き鋼のアルペジオ = ARPEGGIO OF BLUE STEEL. 28	アオキハガネノアルペジオ	Ark performance	Ark Performance [著]:
9784065371350	2024.11	講談社	講談社コミックス. 週刊少年マガジン	14	蒼く染めろ. 14	アオクソメロ	桜井, ミヤト	桜井ミヤト:著
9784065374252	2024.11	講談社	講談社コミックス. 週刊少年マガジン	2	青のミブロ-新選組編-. 2	アオノミブロシンセングミヘン	安田, 剛士, 1980-	安田剛士:著
9784065375778	2024.11	講談社	KCデザート	上	アオハルだなんて君のせい. 上	アオハルダナンテキミノセイ	花瀬, はる	花瀬はる:著
9784065374832	2024.11	講談社	アフタヌーンKC	7	アオバノバスケ. 7	アオバノバスケ	学, 慶人	学慶人:著
9784596714213	2024.11	ハーパーコリンズ・ジャパン	ハーレクインコミックス・パール ; シ5-12		赤い誘惑	アカイユウワク	汐宮, ゆき/Leto, Julie Elizabeth	汐宮ゆき:著/ジュリー・E.リート:原作
9784065378410	2024.11	講談社	プレミアムKC	4	あかがみんは脱出できない. 4	アカガミンワダッシュツデキナイ	青柳, 碧人/矢崎, えり/赤髪のとも	青柳碧人:原作/矢崎えり:漫画/赤髪のとも:監修
9784592212645	2024.11	白泉社	HC special	3	「赤毛の役立たず」とクビになった魔力なしの魔女ですが、「薬草の知識がハンパない!」と王立研究所に即採用されました。. 3	アカゲノヤクタタズトクビニナッタマリョクナシノマジョデスガヤクソウノチシキガハン	天宮, こなつ/糸加	天宮こなつ:漫画/糸加:原作
9784575860252	2024.11	双葉社	ACTION COMICS	3	赤ずきん、旅の途中で死体と出会う。 = Little Red Riding Hood…. 3	アカズキンタビノトチュウデシタイトデアウ	青柳, 碧人/たな, かのか	青柳碧人:原作/たなかのか:漫画
9784824010070	2024.11	オーバーラップ	ガルドコミックス	1	暁の魔女レイシーは自由に生きたい = The Dawn Witch Lacey Wants to Live Freely. : 魔王討伐を終えたので、のんびりお店を開きます. 1	アカツキノマジョレイシーワジユウニイキタイ	雨傘, ヒョウゴ/蔦, 千鳥	雨傘ヒョウゴ:原作/蔦千鳥:漫画/京一 原作イラスト:
9784088842844	2024.11	集英社	ジャンプコミックス	14	あかね噺. 14	アカネバナシ	末永, 裕樹/馬上, 鷹将	末永裕樹:原作/馬上鷹将:作画
9784065374382	2024.11	講談社	講談社コミックス. 週刊少年マガジン	11	赤羽骨子のボディガード. 11	アカバネホネコノボディガード	丹月, 正光	丹月正光:著
9784046835871	2024.11	KADOKAWA	MFコミックス. アライブ+シリーズ	1	聖交天使ヤリニクル. 1	アガペエンジェルヤリニクル	林, 雄一	林雄一:著
9784081152377	2024.11	集英社	SJR	6	秋本治のナイス!なチョイスこち亀live!! : こちら葛飾区亀有公園前派出所. 6	アキモトオサムノナイス!ナチョイスコチカメlive!!:コチラカツシカクカメアリ	秋本, 治, 1952-	秋本治:著
9784022143617	2024.11	朝日新聞出版	HONKOWAコミックス		悪縁切り : 魔百合の恐怖報告	アクエンギリ:マユリノショックレポート	山本, まゆり/寺尾, 玲子	山本まゆり, 寺尾玲子:著
9784799219799	2024.11	キルタイムコミュニケーション	二次元ドリームコミックス ; 753. 二次元コ		悪堕ち逆バニー : 反転スーツ姿で堕ちる正義の乙女たち	アクオチギャクバニー:ハンテンスーツスガタデオチルセイギノオトメタチ		
9784824202529	2024.11	一二三書房	NOVA COMICS	2	悪逆覇道のブレイブソウル. 2	アクギャクハドウノブレイブソウル	レオナール, D/東里, 桐子/桐原, のん	レオナールD:原作/東里桐子:漫画/桐原のん:構成/こむぴ:キャラクター原案
9784098537037	2024.11	小学館	裏少年サンデーコミックス	3	あくたの死に際. 3	アクタノシニギワ	竹屋, まり子	竹屋まり子:著
9784781624044	2024.11	イースト・プレス	Sonya COMICS	1	悪人の恋. 1	アクニンノコイ	霜月, かいり/荷鴣	霜月かいり:著/荷鴣:原作
9784758085694	2024.11	一迅社	IDコミックス. Zero-sum comics	5	悪の華道を行きましょう. 5	アクノハナミチオユキマショウ	やましろ, 梅太/真冬日	やましろ梅太:漫画/真冬日:原作
9784065375259	2024.11	講談社	モーニングKC	3	あくまでクジャクの話です。 = IT&#39;S JUST A STORY ABOUT  PEACOCKS. 3	アクマデクジャクノハナシデス	小出, もと貴	小出もと貴:著
9784040755502	2024.11	KADOKAWA	ドラゴンコミックスエイジ	2	悪魔はロザリオにキスをする = the devil kisses the rosary. 2	アクマワロザリオニキスオスル	火野, あかり/田中, 守, pub. 2021/菅原, 健二	火野あかり:原作/田中守:作画/菅原健二 ネーム構成:
9784041152119	2024.11	KADOKAWA	角川コミックス・エース	4	悪役一家の奥方、死に戻りして心を入れ替える。 = The wife of a villain&#39;s family,Return to death and change her mind. 4	アクヤクイッカノオクガタシニモドリシテココロオイレカエル	鏡/丘野, 優	鏡:漫画/丘野優:原作/TEDDY:キャラクター原案
9784041154533	2024.11	KADOKAWA	角川コミックス・エース	2	悪役令嬢、十回死んだらなんか壊れた。. 2	アクヤクレイジョウジュッカイシンダラナンカコワレタ	嶋野, 夕陽/星野, スミ	嶋野夕陽:原作/星野スミ:漫画
9784758086080	2024.11	一迅社	IDコミックス. Zero-sum comics	4	悪役令嬢と鬼畜騎士. 4	アクヤクレイジョウトキチクキシ	生還/猫田	生還 コミック:/猫田:原作
9784824202512	2024.11	一二三書房	LAVARE comics	5	悪役令嬢に転生したはずが、主人公よりも溺愛されてるみたいです. 5	アクヤクレイジョウニテンセイシタハズガシュジンコウヨリモデキアイサレテルミタイデ	菜々/九田, こすも	菜々:原作/九田こすも:漫画/茶乃ひなの:キャラクター原案
9784838733002	2024.11	マガジンハウス	isekai f	1	悪役令嬢にできること。 : 転生令嬢は、偽りの恋人に無償の愛を捧ぐ. 1	アクヤクレイジョウニデキルコト:テンセイレイジョウワイツワリノコイビトニムショウ	霜月, 星良/姫, 沙羅	霜月星良:漫画/姫沙羅:原作
9784866697192	2024.11	Jパブリッシング	FK comics	3	悪役令嬢になりたくないので、王子様と一緒に完璧令嬢を目指します! 3	アクヤクレイジョウニナリタクナイノデオウジサマトイッショニカンペキレイジョウオメ	島田, ちえ/月神, サキ	島田ちえ:著/月神サキ:原作/雲屋ゆきお:キャラクター原案
9784757595132	2024.11	スクウェア・エニックス	ガンガンコミックスonline	5	悪役令嬢は今日も華麗に暗躍する : 追放後も推しのために悪党として支援します! 5	アクヤクレイジョウワキョウモカレイニアンヤクスル:ツイホウゴモオシノタメニアクト	道草, 家守/高松, 翼	道草家守:原作/高松翼:漫画
9784838733019	2024.11	マガジンハウス	isekai f	1	悪役令嬢はスローライフをエンジョイしたい! : やっと婚約破棄されたのに、第二王子がめっちゃストーカーしてくるんですけど…. 1	アクヤクレイジョウワスローライフオエンジョイシタイ:ヤットコンヤクハキサレタノニ	梅星, あやめ/雨宮, れん	梅星あやめ:漫画/雨宮れん:原作
9784434347108	2024.11	アルファポリス	Regina COMICS	4	悪役令嬢はヒロインを虐めている場合ではない. 4	アクヤクレイジョウワヒロインオイジメテイルバアイデワナイ	四宮, あか/梓弥, ちとせ	四宮あか:原作/あずやちとせ:漫画/11ちゃん:キャラクター原案
9784344855113	2024.11	幻冬舎コミックス	バーズコミックス. リンクスコレクション		憧れの王子サマに押しかけ同棲されてます : one more	アコガレノオウジサマニオシカケドウセイサレテマス:onemore	三川, ケイヤ	三川ケイヤ:著
9784098536917	2024.11	小学館	ゲッサン少年サンデーコミックス	30	アサギロ～浅葱狼～. 30	アサギロ	ヒラマツ, ミノル	ヒラマツミノル:著
9784046842053	2024.11	KADOKAWA	MFコミックス. フラッパーシリーズ	2	あした、裸足でこい。 = Tomorrow,when spring comes. 2	アシタハダシデコイ	犬井, あやとり/岬, 鷺宮	犬井あやとり:著/岬鷺宮:原作/Hiten:キャラクター原案
9784098045686	2024.11	小学館	My first big		味いちもんめ季節膳 : 牡蠣	アジイチモンメキセツゼン:カキ	あべ, 善太/倉田, よしみ, 1954-	あべ善太:作/倉田よしみ:画
9784098630721	2024.11	小学館	ビッグコミックス	12	味いちもんめ 継ぎ味. 12	アジイチモンメツギアジ	倉田, よしみ, 1954-	倉田よしみ:著/久部緑郎 ストーリー協力:/あべ善太:原案
9784088934495	2024.11	集英社	ヤングジャンプコミックスGJ	1	Ada～逆襲の女たち～. 1	アダギャクシュウノオンナタチ	とらふぐ/小田原, 愛	とらふぐ, 小田原愛:著
9784046842626	2024.11	KADOKAWA	フロースコミック	6	アデライド = La Dolce Vita di Adelaide. 6	アデライド	SUHO/Chae, Habin	SUHO:漫画/ChaeHabin:原作
9784065375181	2024.11	講談社	ヤンマガKC	10	亜童. 10	アドウ	天野, 雀	天野雀:著
9784420154802	2024.11	集英社クリエイティブ	office YOU COMICS	2	あなたの幸せ探します : Camel &amp; Lion. 2	アナタノシアワセサガシマス:キャメルアンドライオン	板羽, 皆	板羽皆:著
9784098536597	2024.11	小学館	裏少年サンデーコミックス	13	あなたは私におとされたい = You want to be Fall in love me. 13	アナタワワタクシニオトサレタイ	梅涼/宮口, ジュン	梅涼:作画/宮口ジュン:原作
9784040756929	2024.11	KADOKAWA	ドラゴンコミックスエイジ	02	あの乙女ゲーは俺たちに厳しい世界です = THAT OTOME GAMES IS A TOUGH WORLD FOR US. 02	アノオトメゲーワオレタチニキビシイセカイデス	三嶋, 与夢/福原, 蓮士	三嶋与夢:原作/福原蓮士:作画/孟達:キャラクター原案/悠井もげ 原作イラスト:
9784065367117	2024.11	講談社	講談社コミックス別冊フレンド	10	あの子の子ども. 10	アノコノコドモ	蒼井, まもる	蒼井まもる:著
9784868120094	2024.11	ワニマガジン社	WANIMAGAZINE COMICS SPEC		あの娘はおじさんの穴	アノコワオジサンノアナ	おそまつ 著	おそまつ:著
9784065375204	2024.11	講談社	モーニングKC	1	アパレルドッグ = APPAREL DOG. 1	アパレルドッグ	林田, もずる	林田もずる:著
9784098537044	2024.11	小学館	裏少年サンデーコミックス	8	アフターゴッド = After God. 8	アフターゴッド	江野, 朱美	江野朱美:著
9784049161304	2024.11	KADOKAWA	電撃コミックスNEXT ; N620-01	1	アプリコットファズ = APRICOT FUZZ. 1	アプリコットファズ	なぎと	なぎと:著
9784864425131	2024.11	東京漫画社	MARBLE COMICS		あまくち天使とスパイシー	アマクチテンシトスパイシー	赤星, ジェイク	赤星ジェイク:著
9784065376133	2024.11	講談社	ヤンマガKC	8	雨夜の月 = the moon on a rainy night. 8	アマヨノツキ	くずしろ	くずしろ:著
9784434348518	2024.11	アルファポリス	アルファポリスCOMICS	4	余りモノ異世界人の自由生活 : 勇者じゃないので勝手にやらせてもらいます. 4	アマリモノイセカイジンノジユウセイカツ:ユウシャジャナイノデカッテニヤラセテモラ	藤森, フクロウ/村松, 麻由	藤森フクロウ:原作/村松麻由:漫画/万冬しま:キャラクター原案
9784049160413	2024.11	KADOKAWA	it COMICS	2	雨降り晴れて花ひかる. 2	アメフリハレテハナヒカル	大沢, やよい	大沢やよい:著
9784047382091	2024.11	KADOKAWA	ビーズログコミックス	11	あやかしお宿に嫁入りします。 : かくりよの宿飯. 11	アヤカシオヤドニヨメイリシマス:カクリヨノヤドメシ	衣丘, わこ/友麻, 碧	衣丘わこ:著/友麻碧:原作/Laruha:キャラクター原案
9784087213386	2024.11	集英社	集英社新書 ; 1238		荒木飛呂彦の新・漫画術悪役の作り方	アラキヒロヒコノシンマンガジュツアクヤクノツクリカタ	荒木, 飛呂彦, 1960-	荒木飛呂彦:著
9784041155882	2024.11	KADOKAWA	角川コミックス・エース	6	アラサーOLハマーン様. 6	アラサーオーエルハマーンサマ	いわさき, まさかず	いわさきまさかず:漫画/矢立肇, 富野由悠季:原案
9784823607561	2024.11	ジーオーティー	GOT COMICS		アラフォー独身バリキャリおばさんたちが年下男子との関係にハマる話	アラフォードクシンバリキャリオバサンタチガトシシタダンシトノカンケイニハマルハナ	三船誠二郎 著	三船誠二郎:著
9784866753874	2024.11	フレックスコミックス	METEOR COMICS	8	アラフォー冒険者、伝説となる : SSランクの娘に強化されたらSSSランクになりました. 8	アラフォーボウケンシャデンセツトナル:エスエスランクノムスメニキョウカサレタラエ	タッ公/延野, 正行	タッ公:漫画/延野正行:原作/ox, 吉武:キャラクター原案
9784046060822	2024.11	KADOKAWA	KADOKAWA MASTERPIECE COM		アルケミスト : 夢を旅した少年	アルケミスト:ユメオタビシタショウネン	中村, 環, 1992-/Coelho, Paulo, 1947-	中村環:漫画/パウロ・コエーリョ:原作
9784867206973	2024.11	コアミックス	ゼノンコミックス	20	アルテ. 20	アルテ	大久保, 圭, 漫画家	大久保圭:著
9784821159475	2024.11	ぶんか社	BK COMICS	4	ある日、惰眠を貪っていたら一族から追放されて森に捨てられました : そのまま寝てたら周りが勝手に魔物の国を作ってたけど、私は気にせず今日も眠ります. 4	アルヒダミンオムサボッテイタライチゾクカラツイホウサレテモリニステラレマシタ:ソ	伊草, さゆ/白波, ハクア	伊草さゆ:漫画/白波ハクア:原作/まさよ:キャラクター原案
9784088933269	2024.11	集英社	ヤングジャンプコミックス	1	あゎ菜ちゃんは今日もしあわせ. 1	アヮナチャンワキョウモシアワセ	たばよう	たばよう:著
9784866578064	2024.11	フロンティアワークス	LC. Hugピクシブシリーズ	1	アングラ系男子と初恋. 1	アングラケイダンシトハツコイ	雨桜, あまおう	雨桜あまおう:著
9784757595033	2024.11	スクウェア・エニックス	ガンガンコミックスup!	15	暗黒騎士の俺ですが最強の聖騎士をめざします. 15	アンコクキシノオレデスガサイキョウノパラディンオメザシマス	西島, ふみかる/白縫, 餡	西島ふみかる:原作/白縫餡:漫画
9784088430706	2024.11	集英社	マーガレットコミックス	9	アンサー = Answer. 9	アンサー	Maria	Maria:著
9784867206966	2024.11	コアミックス	ゼノンコミックス	13	アンサングシンデレラ : 病院薬剤師葵みどり. 13	アンサングシンデレラ:ビョウインヤクザイシアオイミドリ	荒井, ママレ, 1981-	荒井ママレ:著/富野浩充 医療原案:
9784091578464	2024.11	小学館	サンデーGXコミックス	1	アンダーク = Undark : 新しい透明な力のすべて. 1	アンダーク	アキリ	アキリ:著
9784098536764	2024.11	小学館	夜サンデー少年サンデーコミックス	2	アンビバレント = AMBIVALENT : 童貞を捨てたら死ぬ世界. 2	アンビバレント	オクショウ/増渕, ウナム	オクショウ:原作/増渕ウナム:作画
9784098728442	2024.11	小学館	プチコミックフラワーコミックスα	3	いいから黙ってキスをして = Kiss me,without a word. 3	イイカラダマッテキスオシテ	わたなべ, 志穂	わたなべ志穂:著
9784757595156	2024.11	スクウェア・エニックス	ガンガンコミックスonline	6	家から逃げ出したい私が、うっかり憧れの大魔法使い様を買ってしまったら. 6	イエカラニゲダシタイワタクシガ、ウッカリアコガレノダイマホウツカイサマオカッテシ	琴子/鷹来, タラ	琴子, TCB:原作/鷹来タラ:漫画
9784758019385	2024.11	一迅社		2	異形頭さんとニンゲンちゃん = VARIANT HEAD AND WOMAN. 2	イギョウトウサントニンゲンチャン	三毛, たま	三毛たま:著
9784041150634	2024.11	KADOKAWA	角川コミックス・エース	2	育オジ×ベイビー. 2	イクオジベイビー	ねてる	ねてる:著
9784065372197	2024.11	講談社	講談社コミックスデラックス. 月刊少年マガジン	5	いけない!ルナ先生R. 5	イケナイルナセンセイアール	ぼーかん/上村, 純子	ぼーかん:漫画/上村純子:原作
9784065375044	2024.11	講談社	アフタヌーンKC	18	イサック = ISSAK. 18	イサック	真刈, 信二/Double-S	真刈信二:原作/DOUBLE-S:漫画
9784088934549	2024.11	集英社	ヤングジャンプコミックスGJ	2	慰謝料狩り. 2	イシャリョウガリ	きづき, あきら/サトウ, ナンキ	きづきあきら, サトウナンキ:著
9784434348426	2024.11	アルファポリス	アルファポリスCOMICS	3	異種族異文化交流記. 3	イシュゾクイブンカコウリュウキ	六守, 創	六守創:漫画
9784813763789	2024.11	スターツ出版	Berry&#39;s COMICS ; み3-	1	イジワル同居人は御曹司!? = Mean housemate has a secret. 1	イジワルドウキョニンワオンゾウシ	三星, マユハ/悠木, にこら	三星マユハ:作画/悠木にこら:原作
9784813763796	2024.11	スターツ出版	Berry&#39;s COMICS ; み3-	2	イジワル同居人は御曹司!? = Mean housemate has a secret. 2	イジワルドウキョニンワオンゾウシ	三星, マユハ/悠木, にこら	三星マユハ:作画/悠木にこら:原作
9784048113861	2024.11	KADOKAWA	Pomme Comics	3	異世界行ったら私の職業『野生児』だった. 3	イセカイイッタラワタシノショクギョウヤセイジダッタ	mucco, 漫画家/堂本, 葉知子	mucco:著/堂本葉知子:原作
9784048113847	2024.11	KADOKAWA	角川コミックス・エース	1	異世界から来た魔族、拾いました。 : うっかりもらった莫大な魔力で、ダンジョンのある暮らしを満喫します。. 1	イセカイカラキタマゾクヒロイマシタ:ウッカリモラッタバクダイナマリョクデダンジョ	Saida/ミヤイチ	Saida:原作/ミヤイチ:漫画/KeG:キャラクター原案
9784046842015	2024.11	KADOKAWA	フロースコミック	9	異世界から聖女が来るようなので、邪魔者は消えようと思います. 9	イセカイカラセイジョガクルヨウナノデジャマモノワキエヨウトオモイマス	ばち/蓮水, 涼	ばち:著/蓮水涼:原作/まち:キャラクター原案
9784065375433	2024.11	講談社	ヤンマガKC	9	異世界帰りの大賢者様はそれでもこっそり暮らしているつもりです. 9	イセカイガエリノダイケンジャサマワソレデモコッソリクラシテイルツモリデス	木野, 二九/岡﨑, 純平	木野二九:原作/岡﨑純平:漫画/日下コウ:キャラクター原案
9784575420166	2024.11	双葉社	モンスターコミックス	4	異世界最強の嫁ですが、夜の戦いは俺の方が強いようです : 知略を活かして成り上がるハーレム戦記. 4	イセカイサイキョウノヨメデスガヨルノタタカイワオレノホウガツヨイヨウデス:チリャ	ありの, かまち/シンギョウ, ガク	ありのかまち:漫画/シンギョウガク:原作/をん:キャラクター原案
9784065375396	2024.11	講談社	アフタヌーンKC	5	異世界車中泊物語 : アウトランナーPHEV. 5	イセカイシャチュウハクモノガタリ:アウトランナーピーエイチイーブイ	芳賀, 概夢/灯, まりも	芳賀概夢:原作/灯まりも:漫画
9784799219751	2024.11	キルタイムコミュニケーション	アンリアルコミックス ; 323	4	異世界娼館. 4	イセカイショウカン	しいなかずき 著	しいなかずき:著
9784575420128	2024.11	双葉社	モンスターコミックス	1	異世界商人 : スキル〈異世界渡航〉を駆使して、悠々自適なお金持ちスローライフを送ります. 1	イセカイショウニン:スキルイセカイトコウオクシシテユウユウジテキナオカネモチスロ	はも/青葉, pub. 2023	はも:漫画/青葉:原作/キッカイキ:キャラクター原案
9784867166505	2024.11	マイクロマガジン社	Ride Comics	5	異世界転移したら愛犬が最強になりました : シルバーフェンリルと俺が異世界暮らしを始めたら : THE COMIC. 5	イセカイテンイシタラアイケンガサイキョウニナリマシタ:シルバーフェンリルトオレガ	一花, ハナ/龍央	一花ハナ:漫画/龍央:原作/りりんら:キャラクター原案
9784824203281	2024.11	一二三書房	NOVA COMICS	1	異世界転生したら愛犬ベスのほうが強かったんだが : 職業街の人でも出来る宿屋経営と街の守り方. 1	イセカイテンセイシタラアイケンベスノホウガツヨカッタンダガ:ショクギョウガイノヒ	影木, とふ/藍川, ユヅル	影木とふ:原作/藍川ユヅル:漫画/クロがねや:キャラクター原案
9784575420197	2024.11	双葉社	モンスターコミックス	3	異世界転生スラム街からの成り上がり : 採取や猟をしてご飯食べてスローライフするんだ. 3	イセカイテンセイスラムガイカラノナリアガリ:サイシュヤリョウオシテゴハンタベテス	幾夜大黒堂/滝川, 海老郎	幾夜大黒堂:漫画/滝川海老郎:原作/沖史慈宴:キャラクター原案
9784800015228	2024.11	マッグガーデン	MGC. Web comic beat&#39;	11	異世界転生の冒険者. 11	イセカイテンセイノボウケンシャ	しばの, 番茶/ケンイチ	しばの番茶:漫画/ケンイチ:原作
9784049160765	2024.11	KADOKAWA	電撃コミックスNEXT ; N612-01	1	異世界でチート能力を手にした俺は、現実世界をも無双するガールズサイド = I got a cheat ability in a different world,and became extraordinary even in the rea	イセカイデチートスキルオテニシタオレワゲンジツセカイオモムソウスルガールズサイド	瀬尾, みいのすけ/琴平, 稜/美紅	瀬尾みいのすけ:漫画/琴平稜:原作/美紅 原案・監修:/桑島黎音:キャラクター原案
9784774732862	2024.11	コスミック出版	Kyun comics. Maomao	1	異世界で真心包み屋カフェをオープンです. 1	イセカイデマゴコロツツミヤカフェオオープンデス	はやぶち, 伶子/朝陽, ゆりね	はやぶち伶子:/朝陽ゆりね:原作
9784434348433	2024.11	アルファポリス	アルファポリスCOMICS	2	異世界で水の大精霊やってます。. 2	イセカイデミズノダイセイレイヤッテマス	穂高, 稲穂/青木, 千尋	穂高稲穂:原作/青木千尋:漫画/つなかわ:キャラクター原案
9784047381544	2024.11	KADOKAWA	ビーズログコミックス	6	異世界の沙汰は社畜次第. 6	イセカイノサタワシャチクシダイ	采, 和輝/八月, 八	采和輝:著/八月八:原作/大橋キッカ:キャラクター原案
9784801984790	2024.11	竹書房	Bamboo comics	4	異世界バトルロイヤル. 4	イセカイバトルロイヤル	平石, 六/巖本, 英利	平石六:原作/巖本英利:漫画
9784098537068	2024.11	小学館	裏少年サンデーコミックス	2	異世界ポメラニアンと虹のもふもふ旅. 2	イセカイポメラニアントニジノモフモフタビ	春日, 有	春日有:著
9784575419023	2024.11	双葉社	モンスターコミックス	1	異世界マジックミラー号 = Isekai MAGIC MIRROR gou. 1	イセカイマジックミラーゴウ	まめこ, 漫画家/けてる	まめこ:漫画/けてる:原作
9784065373965	2024.11	講談社	シリウスKC	11	異世界マンチキン : HP1のままで最強最速ダンジョン攻略. 11	イセカイマンチキン:ヒットポイントイチノママデサイキョウサイソクダンジョンコウリ	志瑞, 祐/青桐, 良	志瑞祐:原作/青桐良:漫画
9784824010025	2024.11	オーバーラップ	ガルドコミックス	7	異世界迷宮の最深部を目指そう = Aim the Deepest Part of the Different World Labyrinth. 7	イセカイメイキュウノサイシンブオメザソウ	割内, タリサ/左藤, 圭右	割内タリサ:原作/左藤圭右:漫画/鵜飼沙樹:キャラクター原案
9784824202642	2024.11	一二三書房	NOVA COMICS	1	異世界メイドがやってきた : 異邦人だった頃のメイドが現代の我が家でエッチなメイドさんに. 1	イセカイメイドガヤッテキタ:イホウジンダッタコロノメイドガゲンダイノワガヤデエッ	立石立飲/ウニドン\120	立石立飲:原作/ウニドン\120:漫画/わかるティッシュ:キャラクター原案
9784047381551	2024.11	KADOKAWA	ビーズログコミックス	6	異世界もふもふカフェ. 6	イセカイモフモフカフェ	高岡, ゆう/ぷにちゃん	高岡ゆう:著/ぷにちゃん:原作/Tobi:キャラクター原案
9784868120117	2024.11	ワニマガジン社	WANIMAGAZINE COMICS SPEC		いたずらごころ	イタズラゴコロ	えーすけ 著	えーすけ:著
9784309257846	2024.11	河出書房新社			1秒24コマのぼくの人生	イチビョウニジュウヨンコマノボクノジンセイ	りん, たろう, 1941-	りんたろう:著
9784815618773	2024.11	SBクリエイティブ	GAコミック	4	一瞬で治療していたのに役立たずと追放された天才治癒師、闇ヒーラーとして楽しく生きる : コミック. 4	イッシュンデチリョウシテイタノニヤクタタズトツイホウサレタテンサイチユシヤミヒー	十乃壱, 天/菱川, さかく	十乃壱天:漫画/菱川さかく:原作/だぶ竜:キャラクター原案
9784796417006	2024.11	海王社	Kaiohsha comics. Gush co		いっしょにいたいって言い訳	イッショニイタイッテイイワケ	わが	わが:著
9784049160864	2024.11	KADOKAWA	電撃コミックスNEXT ; N506-03	3	一緒に剣の修行をした幼馴染が奴隷になっていたので、Sランク冒険者の僕は彼女を買って守ることにした. 3	イッショニケンノシュギョウオシタオサナナジミガドレイニナッテイタノデエスランクボ	笹, 塔五郎/湊, 良弘	笹塔五郎:原作/湊良弘:作画/菊田幸一:キャラクターデザイン
9784867870723	2024.11	ブライト出版	LOVE COFFRE COMICS	5	イツやめ : イッても、イッても…止めないよ?この男、猛獣。. 5	イツヤメ:イッテモイッテモヤメナイヨコノオトコモウジュウ	こしあん	こしあん:著
9784048113885	2024.11	KADOKAWA	Pomme Comics	2	偽りの巫女は帝王の手に堕ちる : エロティクス・エンペラー. 2	イツワリノミコワテイオウノテニオチル:エロティクスエンペラー	乙黒, ゆう/水戸, 泉, 1971-	乙黒ゆう:漫画/水戸泉:原作
9784088934426	2024.11	集英社	ヤングジャンプコミックス・ウルトラ	1	いとこのお姉ちゃんに甘えちゃう? 1	イトコノオネエチャンニアマエチャウ	五十嵐, 恭平	五十嵐恭平:著
9784801984677	2024.11	竹書房	Bamboo comics. Moment		愛しのアンダードッグ	イトシノアンダードッグ	みよし, あやと	みよしあやと:
9784041155769	2024.11	KADOKAWA	角川コミックス・エース	13	田舎のホームセンター男の自由な異世界生活. 13	イナカノホームセンターオトコノジユウナイセカイセイカツ	うさぴょん, pub. 2017/古来, 歩	うさぴょん:原作/古来歩:漫画/市丸きすけ:キャラクター原案
9784803020281	2024.11	アース・スターエンターテイメント	EARTH STAR COMICS	1	稲穂くんは偽カノジョのはずなのに = Inaho-kun is supposed to be a Fake Sweetheart. 1	イナホクンワニセカノジョノハズナノニ	とこのま, 1992-	とこのま:著
9784785977986	2024.11	少年画報社	YKコミックス	3	犬神は祈らない. 3	イヌガミワイノラナイ	白石, 純	白石純:著
9784065375754	2024.11	講談社	ワイドKC. Palcy	8	犬と猫どっちも飼ってると毎日たのしい. 8	イヌトネコドッチモカッテルトマイニチタノシイ	松本, ひで吉	松本ひで吉:著
9784801984851	2024.11	竹書房	Bamboo comics. Qpa colle	2	イノセントにくちづけ . 2	イノセントニクチズケ	さきした, せんむ	さきしたせんむ:著
9784046838155	2024.11	KADOKAWA	ヒューコミックス	2	イマドキのサバサバ冒険者. 2	イマドキノサバサバボウケンシャ	清水, 俊, pub. 2021/埴輪庭	清水俊:作画/埴輪庭:原作
9784864425148	2024.11	東京漫画社	MARBLE COMICS		イメ★プレ : 悩める官能小説家と濡れ場実演	イメプレ:ナヤメルカンノウショウセツカトヌレバジツエン	nぽぽ	nぽぽ:著
9784049161229	2024.11	KADOKAWA	電撃コミックスNEXT ; N362-07	3	妹はカノジョにできないのに. 3	イモウトワカノジョニデキナイノニ	鏡, 遊/ちくわ	鏡遊:原作/ちくわ。:作画/三九呂:キャラクターデザイン
9784065374023	2024.11	講談社	シリウスKC	13	人外姫様、始めました : Free Life Fantasy Online. 13	イモータルプリンセスハジメマシタ:フリーライフファンタジーオンライン	園原, アオ/子日, あきすず/割田, コマ	園原アオ:漫画/子日あきすず:原作/割田コマ:構成/Sherry:キャラクター原案
9784824010087	2024.11	オーバーラップ	ガルドコミックス	6	芋くさ令嬢ですが悪役令息を助けたら気に入られました. 6	イモクサレイジョウデスガアクヤクレイソクオタスケタラキニイラレマシタ	桜, あげは/七浦, なりな	桜あげは:原作/七浦なりな:漫画/くろでこ:キャラクター原案
9784832204607	2024.11	芳文社	芳文社コミックス	1	いやし、いやらし. 1	イヤシ、イヤラシ	とやま, 十成	とやま十成:
9784088934396	2024.11	集英社	ヤングジャンプコミックス	9	イリオス = IΛIOΣ. 9	イリオス	円城寺, 真己	円城寺真己:著
9784065374375	2024.11	講談社	講談社コミックス. 週刊少年マガジン	14	イレギュラーズ = IRREGULARS. 14	イレギュラーズ	松本, 直記, pub. 2021	松本直記:著
9784434344206	2024.11	彗星社	Glanz BLcomics		色恋マネジメントで手懐けるはずでした。	イロコイマネジメントデテナズケルハズデシタ	式守	式守:著
9784047381216	2024.11	KADOKAWA	HARTA COMIX	3	インク色の欲を吐く. 3	インクイロノヨクオハク	梅ノ木, びの	梅ノ木びの:著
9784847068911	2024.11	ワニブックス	ガムコミックスプラス	18巻	インゴシマ. 18巻	インゴシマ	田中, 克樹	田中克樹:著/天下雌子:原案
9784434348440	2024.11	アルファポリス	アルファポリスCOMICS	2	引退賢者はのんびり開拓生活をおくりたい. 2	インタイケンジャワノンビリカイタクセイカツオオクリタイ	鈴木, 竜一/箸糸, シュウスケ	鈴木竜一:原作/箸糸シュウスケ:漫画/imoniii:キャラクター原案
9784799219706	2024.11	キルタイムコミュニケーション	二次元ドリームコミックス ; 749		淫蕩神楽 : 穢れなき乙女が快楽に沈むまで	イントウカグラ:ケガレナキオトメガカイラクニシズムマデ	BRLL 著	BRLL:著
9784088552361	2024.11	集英社	集英社ガールズコミックス. 君恋	上	インビジブル・ワールド. 上	インビジブルワールド	茶渋, たむ	茶渋たむ:著
9784088552378	2024.11	集英社	集英社ガールズコミックス. 君恋	下	インビジブル・ワールド. 下	インビジブルワールド	茶渋, たむ	茶渋たむ:著
9784098536993	2024.11	小学館	裏少年サンデーコミックス	2	インフォーマ-INFORMA-. 2	インフォーマ	沖田, 臥竜, 1976-/鯛噛/山本, 晃司, 漫画家	沖田臥竜:原作/鯛噛:作画/山本晃司:構成
9784048114134	2024.11	KADOKAWA	Pomme Comics	1	淫紋OLになった私が、欲望を暴かれてみだらにトロトロ執愛されちゃうアンソロジー. 1	インモンオーエルニナッタワタシガヨクボウオアバカレテミダラニトロトロシュウアイサ		
9784088677781	2024.11	集英社	りぼんマスコットコミックス	16	初×婚. 16	ウイコン	黒崎, みのり	黒崎みのり:著
9784088842516	2024.11	集英社	ジャンプコミックス	19	ウィッチウォッチ = WITCHWATCH. 19	ウィッチウォッチ	篠原, 健太, 1974-	篠原健太:著
9784065374702	2024.11	講談社	アフタヌーンKC	3	ウィッチクラフトワークスEXTRA = Witch Craft Works EXTRA. 3	ウィッチクラフトワークスエクストラ	水薙, 竜	水薙竜:著
9784575946284	2024.11	双葉社	ACTION COMICS		ウエイトレス = Waitress	ウエイトレス	胡桃, ちの	胡桃ちの:著
9784098536948	2024.11	小学館	裏少年サンデーコミックス	8	ウェルベルム = verbellum : 言葉の戦争. 8	ウェルベルム	花林, ソラ/伏見, 航介	花林ソラ:原作/伏見航介:作画
9784785977993	2024.11	少年画報社	YKコミックス	1	嘘から出た真琴 = The Truth that came out of a Lie. 1	ウソカラデタマコト	ヤマモト, マナブ	ヤマモトマナブ:著
9784065375914	2024.11	講談社	講談社コミックス別冊フレンド	15	ウソ婚. 15	ウソコン	時名, きうい	時名きうい:著
9784344855106	2024.11	幻冬舎コミックス	Birz comics = バーズコミックス. 		ウソツキと初恋	ウソツキトハツコイ	牛込, トラジ	牛込トラジ:
9784758027618	2024.11	一迅社	IDコミックス. Yurihime comics	2	嘘つき花嫁と同性結婚論. 2	ウソツキハナヨメトドウセイケッコンロン	コダマ, ナオコ	コダマナオコ:著
9784098630752	2024.11	小学館	ビッグコミックス	5	うっちゃれ五所瓦粘り腰編. 5	ウッチャレゴショガワラネバリゴシヘン	なかいま, 強, 1960-	なかいま強:著
9784098536825	2024.11	小学館	少年サンデーコミックス	2	写らナイんです = The ghost doesn&#39;t show up. 2	ウツラナインデス	コノシマ, ルカ	コノシマルカ:著
9784396750596	2024.11	祥伝社	FC swing	3	うどんの女. 3	ウドンノヒト	えすと, えむ	えすとえむ:
9784065377994	2024.11	講談社	講談社コミックスデラックス. 月刊少年マガジン	2	奪う者奪われる者 = Bereave or Bereaved. 2	ウバウモノウバワレルモノ	mino, pub. 2015/オキウミ, レイ	mino:原作/オキウミレイ 漫画・キャラクター原案:
9784046842176	2024.11	KADOKAWA	フロースコミック	2	奪われ聖女と呪われ騎士団の聖域引き篭もりスローライフ. 2	ウバワレセイジョトノロワレキシダンノセイイキヒキコモリスローライフ	猫宮, なお/花果, 唯	猫宮なお:著/花果唯:原作/林マキ:キャラクター原案
9784821159239	2024.11	ぶんか社	Bunkasha comics	14	美味い話にゃ肴あり. 14	ウマイハナシニャサカナアリ	ラズウェル細木, 1956-	ラズウェル細木:著
9784065376836	2024.11	星海社	星海社COMICS	10	ウマ娘プリティーダービーアンソロジーコミックSTAR. 10	ウマムスメプリティーダービーアンソロジーコミックスター	Cygames	Cygames:原作
9784088841953	2024.11	集英社	ジャンプコミックス	2	生まれ変わってもよろしく = See You in My 19th Life. 2	ウマレカワッテモヨロシク	LEEHYE	LEEHYE:著
9784799769560	2024.11	リブレ	ビーボーイコミックスデラックス		裏アカが新入社員にバレました	ウラアカガシンニュウシャインニバレマシタ	魚, ともみ	魚ともみ:
9784098536979	2024.11	小学館	裏少年サンデーコミックス	14	裏バイト:逃亡禁止. 14	ウラバイトトウボウキンシ	田口, 翔太郎	田口翔太郎:著
9784596714220	2024.11	ハーパーコリンズ・ジャパン	ハーレクインコミックス・パール ; シ9-03		売られた花嫁	ウラレタハナヨメ	白井, 幸子, 1971-/Devine, Carol	白井幸子:著/キャロル・ディヴァイン:原作
9784575420111	2024.11	双葉社	モンスターコミックスf	9	売られた辺境伯令嬢は隣国の王太子に溺愛される. 9	ウラレタヘンキョウハクレイジョウワリンゴクノオウタイシニデキアイサレル	小椋, あん/コミックルーム	小椋あん, COMIC ROOM:漫画
9784098631162	2024.11	小学館	ビッグコミックス	1	ウルトラマン:アロング・ケイム・ア・スパイダーマン = ULTRAMAN:Along Came a SPIDER-MAN. 1	ウルトラマンアロングケイムアスパイダーマン	松本, しげのぶ, 1973-/緋呂河, とも	松本しげのぶ, 緋呂河とも:著/円谷プロ:原案
9784815502713	2024.11	メディアソフト	Charles Comics ; No.268		運命の人を探してます	ウンメイノヒトオサガシテマス	紫妲, たかゆき	紫妲たかゆき:著
9784065375686	2024.11	講談社	プレミアムKC	6	運命の人に出会う話. 6	ウンメイノヒトニデアウハナシ	あなしん	あなしん:
9784046069238	2024.11	KADOKAWA	KITORA		エースくんとヨバンさん : 犬とアヒルの友情物語	エースクントヨバンサン:イヌトアヒルノユウジョウモノガタリ	石川, 真衣, 1988- 版画家	石川真衣:著
9784065376157	2024.11	講談社	KCDX	11	笑顔のたえない職場です。. 11	エガオノタエナイショクバデス	くずしろ	くずしろ:著
9784088843230	2024.11	集英社	ジャンプコミックス	1	悪祓士のキヨシくん. 1	エクソシストノキヨシクン	臼井, 彰一	臼井彰一:著
9784824203243	2024.11	一二三書房	NOVA COMICS	1	SSS級スキル配布神官の辺境セカンドライフ : 左遷先の村人たちに愛されながら最高の村をつくります! 1	エスエスエスキュウスキルハイフシンカンノヘンキョウセカンドライフ:サセンサキノム	天池, のぞむ/須藤, 由華	天池のぞむ:原作/須藤由華:漫画/ゆーにっと:キャラクター原案
9784575420135	2024.11	双葉社	モンスターコミックス	2	S級パーティーから追放された狩人、実は世界最強 : 射程9999の男、帝国の狙撃手として無双する. 2	エスキュウパーティーカラツイホウサレタカリウドジツワセカイサイキョウ:シャテイキ	カズミヤ, アキラ/茨木野, 1991-	カズミヤアキラ:漫画/茨木野:原作/へいろー:キャラクター原案
9784046841063	2024.11	KADOKAWA			SCP財団コミックアノマリー = SCP FOUNDATION COMIC ANOMALY	エスシーピーザイダンコミックアノマリー	安曇, 祈	アヅミイノリ:著/SCP財団:原作
9784824010032	2024.11	オーバーラップ	ガルドコミックス	9	Sランク冒険者である俺の娘たちは重度のファザコンでした. 9	エスランクボウケンシャデアルオレノムスメタチワジュウドノファザコンデシタ	友橋, かめつ/しゅにち	友橋かめつ:原作/しゅにち:漫画/希望つばめ 原作イラスト:
9784065372074	2024.11	講談社	BE・LOVE KC	3	エネ夫デスゲーム : 奈落の底の夫婦たち. 3	エネオデスゲーム:ナラクノソコノフウフタチ	六反, りょう/最上, 蛍	六反りょう:原作/最上蛍:作画
9784779651038	2024.11	三栄	サンエイムック		MF GHOST&amp;頭文字D&amp;バリバリ伝説大解剖 : 完全保存版	エムエフゴーストアンドイニシャルディーアンドバリバリデンセツダイカイボウ:カンゼ		
9784596717412	2024.11	ハーパーコリンズ・ジャパン	marmalade comics	1	エリート外交官の狡猾な求婚 : 仮面夫婦のはずが、予想外の激情で堕とされました. 1	エリートガイコウカンノコウカツナキュウコン:カメンフウフノハズガヨソウガイノゲキ	汐宮, ゆき/伊月, ジュイ	汐宮ゆき:著/伊月ジュイ:原作
9784757595057	2024.11	スクウェア・エニックス	ガンガンコミックスup!	11	エリスの聖杯. 11	エリスノセイハイ	常磐, くじら/桃山, ひなせ	常磐くじら:原作/桃山ひなせ:漫画
9784868120070	2024.11	ワニマガジン社	WANIMAGAZINE COMICS SPEC		えろいろまん	エロイロマン	エロ井ロエ 著	エロ井ロエ:著
9784832204577	2024.11	芳文社	芳文社コミックス	4	Angelの翼. 4	エンジェルノツバサ	千葉, 潔和, 1961-	千葉きよかず:
9784098536856	2024.11	小学館	サンデーうぇぶり少年サンデーコミックス	5	厭談夜話. 5	エンダンヨバナシ	夜馬裕/外本, 健生	夜馬裕 怪談:/外本ケンセイ:漫画
9784098045563	2024.11	小学館	My first big	たっぷり栄養を蓄えた海のミルク!牡蠣編	美味しんぼ : 名品集. たっぷり栄養を蓄えた海のミルク!牡蠣編	オイシンボ:メイヒンシュウ	雁屋, 哲, 1941-/花咲, アキラ, 1956-	雁屋哲:作/花咲アキラ:画
9784434348471	2024.11	アルファポリス	アルファポリスCOMICS	9	追い出された万能職に新しい人生が始まりました. 9	オイダサレタバンノウショクニアタラシイジンセイガハジマリマシタ	東堂, 大稀/宇崎, 鷹丸	東堂大稀:原作/宇崎鷹丸:漫画/らむ屋:キャラクター原案
9784049161311	2024.11	KADOKAWA	電撃コミックスNEXT ; N621-01	1	おいのち頂戴! = Give me your life! 1	オイノチチョウダイ	神地, あたる	神地あたる:著
9784041153598	2024.11	KADOKAWA	角川コミックス・エース	2	老いぼれ勇者の異世介護. 2	オイボレユウシャノイセカイゴ	森田, 和彦	森田和彦:著
9784758086066	2024.11	一迅社	IDコミックス. Zero-sum comics	Vol. 6	王子様に溺愛されて困ってます : 転生ヒロイン、乙女ゲーム奮闘記. Vol. 6	オウジサマニデキアイサレテコマッテマス:テンセイヒロイン、オトメゲームフントウキ	三浦, ひらく/月神, サキ	三浦ひらく コミック:/月神サキ:原作
9784048996471	2024.11	ブシロードワークス	ブシロードコミックス	1	王子の取巻きAは悪役令嬢の味方です = The prince&#39;s entourage A is on the side of the villainous daughter. 1	オウジノトリマキエーワアクヤクレイジョウノミカタデス	岸本, さとる/佐崎, 一路	岸本さとる:漫画/佐崎一路:原作/吉田依世:キャラクター原案
9784772812023	2024.11	ゴルフダイジェスト社		53	オーイ!とんぼ. 53	オーイトンボ	かわさき, 健/古沢, 優, 1960-	かわさき健:作/古沢優:画
9784592225072	2024.11	白泉社	花とゆめCOMICS	1	狼皇子と嘘つきな結婚. 1	オオカミオウジトウソツキナケッコン	音, 久無	音久無:著
9784344855120	2024.11	幻冬舎コミックス	Birz comics = バーズコミックス. 	2	狼王弟と白のお嫁さん. 2	オオカミオウテイトシロノオヨメサン	金田, 正太郎	金田正太郎:
9784049157291	2024.11	KADOKAWA		8	狼と香辛料. 8	オオカミトコウシンリョウ	小梅, けいと/支倉, 凍砂	小梅けいと:作画/支倉凍砂:原作/文倉十:キャラクターデザイン
9784821159055	2024.11	ぶんか社	BK COMICS f	1	オオカミ陛下の躾け方 : 悪役令嬢は破滅フラグと一夜を共にしてしまったけど、溺愛させます! 1	オオカミヘイカノシツケカタ:アクヤクレイジョウワハメツフラグトイチヤオトモニシテ	みずき, 春/枢, 呂紅	みずき春:漫画/枢呂紅:原作
9784065325520	2024.11	講談社	KCDX		おおきく振りかぶって公式選手名鑑 : 連載20周年記念	オオキクフリカブッテコウシキセンシュメイカン:レンサイニジッシュウネンキネン	ひぐち, アサ	ひぐちアサ:原作/講談社:編
9784065373019	2024.11	講談社	アフタヌーンKC	37	おおきく振りかぶって. 37	オオキクフリカブッテ	ひぐち, アサ	ひぐちアサ:著
9784867206980	2024.11	コアミックス	ゼノンコミックス		大久保圭短篇集	オオクボケイタンペンシュウ	大久保, 圭, 漫画家	大久保圭:
9784821159383	2024.11	ぶんか社	Bunkasha comics	2024 秋	大盛!!みこすり半劇場. 2024 秋	オオモリ!!ミコスリハンゲキジョウ	岩谷, テンホー	岩谷テンホー:
9784832295865	2024.11	芳文社	Manga time KR comics. Ki	2	オールドヨコハマラジオアワー. 2	オールドヨコハマラジオアワー	青田, めい	青田めい:著
9784781623986	2024.11	イースト・プレス			おかしな魔法洋裁店 = Enchanted Sweet Couture	オカシナマホウヨウサイテン	meeco	meeco:著
9784088934587	2024.11	集英社	ヤングジャンプコミックス	3	オカルトジャーニー〈閲覧注意〉 = OCCULT JOURNEY. 3	オカルトジャーニーエツランチュウイ	駒, 魔子	駒魔子:著
9784046840370	2024.11	KADOKAWA	MFC	3	お菊さんはいちゃ憑きたい. 3	オキクサンワイチャツキタイ	結野, ちり	結野ちり:著
9784088935010	2024.11	集英社	ヤングジャンプコミックスGJ	01	奥田の細道. 01	オクダノホソミチ	相葉, キョウコ	相葉キョウコ:著
9784046842718	2024.11	KADOKAWA	フロースコミック	9	お酒のために乙女ゲー設定をぶち壊した結果、悪役令嬢がチート令嬢になりました. 9	オサケノタメニオトメゲーセッテイオブチコワシタケッカアクヤクレイジョウガチートレ	永緒, ウカ/ゆなか	永緒ウカ:漫画/ゆなか:原作/ひづきみや:キャラクター原案
9784910582474	2024.11	ジュネット	ジュネットコミックス ; 450. ピアスシリー		幼なじみ淫魔事情	オサナナジミインマジジョウ	わかちこ	わかちこ:著
9784065374191	2024.11	講談社	KCDX. 週刊少年マガジン	13	幼馴染とはラブコメにならない. 13	オサナナジミトワラブコメニナラナイ	三簾, 真也	三簾真也:著
9784868120100	2024.11	ワニマガジン社	WANIMAGAZINE COMICS SPEC		おしえて、いけないこと	オシエテイケナイコト	もず 著	もず:著
9784757595279	2024.11	スクウェア・エニックス	ガンガンコミックスpixiv	7	推しが兄になりました. 7	オシガアニニナリマシタ	隈浪, さえ	隈浪さえ:著
9784815551001	2024.11	英和出版社	DAISY COMICS		推し様はどうやら恋ができない	オシサマワドウヤラコイガデキナイ	駒鳥, ぴた	駒鳥ぴた:著
9784592217848	2024.11	白泉社	花とゆめCOMICS SPECIAL	1	推したいしております。. 1	オシタイシテオリマス	しちみ, 漫画家	しちみ:著
9784088430638	2024.11	集英社	マーガレットコミックス	5	推しにガチ恋しちゃったら. 5	オシニガチコイシチャッタラ	春江, ひかる	春江ひかる:著
9784776755296	2024.11	宙出版	Missy comics. YLC collec		推しの愛が重すぎます!! : イヤミな上司は私のイチ推し	オシノアイガオモスギマス!!:イヤミナジョウシワワタクシノイチオシ	いなさく	いなさく:
9784081152469	2024.11	集英社	SJR	1 (幼年期・芸能界編)	推しの子. 1 (幼年期・芸能界編)	オシノコ	赤坂, アカ/横槍, メンゴ	赤坂アカ, 横槍メンゴ:
9784081152476	2024.11	集英社	SJR	2 (恋愛リアリティショー編・ファーストステージ編)	推しの子. 2 (恋愛リアリティショー編・ファーストステージ編)	オシノコ	赤坂, アカ/横槍, メンゴ	赤坂アカ, 横槍メンゴ:
9784087901849	2024.11	集英社	おしりダンディアドベンチャー ; 9		おしりダンディザ・ヤングかいていからのSOS	オシリダンディザヤングカイテイカラノエスオーエス	トロル/春原, ロビンソン, 1986-/菊池, 晃弘, 1967-	トロル, はるはらロビンソン, きくちあきひろ:著
9784098536863	2024.11	小学館	サンデーうぇぶり少年サンデーコミックス	1	おじ転生 : 悪役令嬢の加齢なる生活. 1	オジテンセイ:アクヤクレイジョウノカレイナルセイカツ	相葉, キョウコ	相葉キョウコ:著
9784776755289	2024.11	宙出版	Missy comics. YLC collec		お世話になります! お腹いっぱい、もだあま生活	オセワニナリマス!オナカイッパイ、モダアマセイカツ	成瀬, 真琴	なるせまこと:
9784049161199	2024.11	KADOKAWA		3	オタク同僚と偽装結婚した結果、毎日がメッチャ楽しいんだけど! 3	オタクドウリョウトギソウケッコンシタケッカマイニチガメッチャタノシインダケド	七十, ななそ/コイル	七十ななそ:著/コイル:原作/雪子:キャラクター原案
9784867206942	2024.11	コアミックス	ゼノンコミックス	8	オタクに優しいギャルはいない!? 8	オタクニヤサシイギャルワイナイ!?	のりしろちゃん/魚住, さかな	のりしろちゃん:原作/魚住さかな:漫画
9784065373637	2024.11	講談社	モーニングKC	1	織田ちゃんと明智くん. 1	オダチャントアケチクン	常盤, 魚	常盤ギヨ:著
9784434348525	2024.11	アルファポリス	アルファポリスCOMICS	5	落ちこぼれ〈☆1〉魔法使いは、今日も無意識にチートを使う. 5	オチコボレホシイチマホウツカイワキョウモムイシキニチートオツカウ	右薙, 光介/ももしか, 藤子	右薙光介:原作/ももしか藤子:漫画/M.B:キャラクター原案
9784813763864	2024.11	スターツ出版	グラストCOMICS ; よ2-3	3	落ちこぼれ魔剣使いの英雄譚 : 魔術が使えず無能の烙印を押されましたが、〈魔術破壊〉で世界最強へ成り上がる. 3	オチコボレマケンツカイノエイユウタン:マジュツガツカエズムノウノラクインオオサレ	よつやの, はじめ/五月, 蒼	よつやのはじめ:作画/五月蒼:原作
9784344855083	2024.11	幻冬舎コミックス	バーズコミックス	11	おっさんのリメイク冒険日記 : オートキャンプから始まる異世界満喫ライフ. 11	オッサンノリメイクボウケンニッキ:オートキャンプカラハジマルイセカイマンキツライ	緋色, 優希, 1963-/小池, えいらく	緋色優希:原作/小池えいらく:作画
9784575860276	2024.11	双葉社	ACTION COMICS		Odds VS!外伝HANA×HANA	オッズバーサススピンオフハナハナ	石渡, 治, 1959-	石渡治:著
9784046842381	2024.11	KADOKAWA	フロースコミック	2	夫を味方にする方法 = How to Win My Husband Over. 2	オットオミカタニスルホウホウ	SIRU/Spice &amp; Kitty	SIRU:漫画/Spice &amp; Kitty:原作
9784065376843	2024.11	星海社	星海社COMICS	1	夫の遺言が「同人誌描け」だったもので. 1	オットノユイゴンガドウジンシカケダッタモノデ	むんこ	むんこ:著
9784040749068	2024.11	KADOKAWA	ドラゴンコミックスエイジ	2	『おっぱい揉みたい』って叫んだら、妹の友達と付き合うことになりました。. 2	オッパイモミタイッテサケンダライモウトノトモダチトツキアウコトニナリマシタ	凪木, エコ/逢沢, もにょ	凪木エコ:原作/逢沢もにょ:作画/白クマシェイク:キャラクター原案
9784864956963	2024.11	大都社	Daitosha comic. Daito co	3	お局様は腐女子様!? : 3次元年下男子はお断り! 3	オツボネサマワフジョシサマ!?:3ジゲントシシタダンシワオコトワリ!	黒岬, 光	黒岬光:
9784813034018	2024.11	大洋図書	H &amp; C comics. Ihr he	3	お伽話は地獄の果て、. 3	オトギバナシワジゴクノハテ、	市梨, きみ	市梨きみ:著
9784776755272	2024.11	宙出版	Astro comics. コイハル	3	男運がEランクなので異世界の闇落ち神様に娶られました. 3	オトコウンガEランクナノデイセカイノヤミオチカミサマニメトラレマシタ	悦若, えつこ	悦若えつこ:
9784065376188	2024.11	講談社	ヤンマガKC	2	大人になれない僕らは. 2	オトナニナレナイボクラワ	藤田, 丞	藤田丞:著
9784040756882	2024.11	KADOKAWA	ドラゴンコミックスエイジ	13	乙女ゲー世界はモブに厳しい世界です = THE WORLD OF OTOME GAMES IS A TOUGH FOR MOBS. 13	オトメゲーセカイワモブニキビシイセカイデス	三嶋, 与夢/潮里, 潤	三嶋与夢:原作/潮里潤:作画/孟達:キャラクター原案
9784592230397	2024.11	白泉社	HC Special	1	乙女ゲームの最強キャラたちが私に執着する. 1	オトメゲームノサイキョウキャラタチガワタクシニシュウチャクスル	ZION/Elephant Kim	ZION:著/Elephant Kim:原作
9784592230403	2024.11	白泉社	HC Special	2	乙女ゲームの最強キャラたちが私に執着する. 2	オトメゲームノサイキョウキャラタチガワタクシニシュウチャクスル	ZION/Elephant Kim	ZION:著/Elephant Kim:原作
9784047381728	2024.11	KADOKAWA		15	乙嫁語り = The Bride&#39;s Stories. 15	オトヨメガタリ	森, 薫, 1978-	森薫:著
9784041156223	2024.11	KADOKAWA	あすかコミックスCL-DX		同じ顔のいとこは俺の顔が好き	オナジカオノイトコワオレノカオガスキ	紫, ネル	紫ネル:著
9784049161328	2024.11	KADOKAWA	電撃コミックスNEXT ; N593-02	2	同じギルメンの声が好き. 2	オナジギルメンノコエガスキ	砂履, シンシャ	砂履シンシャ:著
9784046842756	2024.11	KADOKAWA	フロースコミック	2	お兄ちゃんたちに気をつけて! = HARLEY TAKES THE HOUSE. 2	オニイチャンタチニキオツケテ	Min, Iyeong/Plutus	MinIyeong:漫画/Plutus:原作
9784801984837	2024.11	竹書房	Bamboo comics	7	鬼桐さんの洗濯. 7	オニギリサンノセンタク	ふかさく, えみ	ふかさくえみ:
9784592223504	2024.11	白泉社	花とゆめCOMICS	10	鬼の花嫁は喰べられたい. 10	オニノハナヨメワタベラレタイ	サカノ, 景子	サカノ景子:著
9784813763772	2024.11	スターツ出版	noicomi COMICS ; と1-6	6	鬼の花嫁. 6	オニノハナヨメ	富樫, じゅん/クレハ	富樫じゅん:作画/クレハ:原作
9784845867486	2024.11	リイド社	SPコミックス. SPポケットワイド	鬼平、泣く。	鬼平犯科帳劇画名作選. 鬼平、泣く。	オニヘイハンカチョウゲキガメイサクセン	さいとう, たかを, 1936-2021/池波, 正太郎, 1923-1990/	さいとう・たかを:/池波正太郎 原作・原案:/久保田千太郎, 大原久澄, 守山カオリ 脚色:
9784845867493	2024.11	リイド社	SP comics = SPコミックス. SP 		鬼平犯科帳 : 老同心	オニヘイハンカチョウ:ロウドウシン	さいとう, たかを, 1936-2021/池波, 正太郎, 1923-1990/	さいとう・たかを:/池波正太郎:原案/植田真太郎, 守山カオリ, 大原久澄 脚色:
9784088430621	2024.11	集英社	マーガレットコミックス	7	お姉ちゃんの翠くん = MIDORI LOVES MY SISTER. 7	オネエチャンノミドリクン	目黒, あむ	目黒あむ:著
9784408651187	2024.11	実業之日本社			おひさまとえんぴつ : Saki&#39;s story will never end	オヒサマトエンピツ:サキズストーリーウィルネヴァーエンド	羊の目	羊の目。:著
9784396750619	2024.11	祥伝社	FC swing	3	溺れる日々はきみのせい. 3	オボレルヒビワキミノセイ	深澤, ねじ	深澤ねじ:
9784041155394	2024.11	KADOKAWA	あすかコミックスCL-DX		お前が俺にオチるまで	オマエガオレニオチルマデ	いさき, 李果	いさき李果:著
9784867870594	2024.11	ブライト出版	B.Pilz comics		お巡りさん、また明日	オマワリサンマタアス	池尻, モジオ	池尻モジオ:著
9784757595262	2024.11	スクウェア・エニックス	ガンガンコミックスjoker	1	おむかえ月見ドール. 1	オムカエツキミドール	鼓屋, 稀	鼓屋稀:著
9784065377826	2024.11	講談社	アフタヌーンKC	1	OMORI. 1	オモリ	OMOCAT/此糸, 縫	OMOCAT:原作/此糸縫:漫画
9784065374177	2024.11	講談社	講談社コミックス. SHONEN MAGAZIN	22	オリエント = ORIENT. 22	オリエント	大高, 忍	大高忍:著
9784065376010	2024.11	講談社	モーニングKC	1	俺のお受験. 1	オレノオジュケン	奥沢, 清之	奥沢清之:著
9784088934136	2024.11	集英社	ヤングジャンプコミックス	1	終わらないヨスガ. 1	オワラナイヨスガ	立河, 里流/橋本, スズヒラ	立河里流, 橋本スズヒラ:著
9784046840943	2024.11	KADOKAWA	フロースコミック	2	女伯爵アンバーには商才がある! : やっと自由になれたので、再婚なんてお断り. 2	オンナハクシャクアンバーニワショウサイガアル:ヤットジユウニナレタノデサイコンナ	ひの, なつ海/守雨	ひのなつ海:漫画/守雨:原作/薔薇缶:キャラクター原案
9784091498373	2024.11	小学館	コロコロコミックス	2	カードファイト!!ヴァンガードスカイライド. 2	カードファイトヴァンガードスカイライド	大円坊, 真	大円坊真:著
9784065375365	2024.11	講談社	ヤンマガKC	14	解雇された暗黒兵士〈30代〉のスローなセカンドライフ. 14	カイコサレタアンコクヘイシサンジュウダイノスローナセカンドライフ	岡沢, 六十四/るれくちぇ	岡沢六十四:原作/るれくちぇ:漫画/sage・ジョー:キャラクター原案
9784088843124	2024.11	集英社	ジャンプコミックス	1	怪獣8号RELAX. 1	カイジュウハチゴウリラックス	渡邉, 築/松本, 直也	渡邉築, 松本直也:著
9784088843155	2024.11	集英社	ジャンプコミックス. JUMP COMICS+	14	怪獣8号. 14	カイジュウハチゴウ	松本, 直也	松本直也:著
9784065370506	2024.11	講談社	講談社コミックス. 週刊少年マガジン	2	灰仭巫覡. 2	カイジンフゲキ	大, 暮維人	大暮維人:著
9784046842169	2024.11	KADOKAWA	フロースコミック	4	回復職の悪役令嬢. 4	カイフクショクノアクヤクレイジョウ	片村, ナムラ/ぷにちゃん	片村ナムラ:著/ぷにちゃん:原作/緋原ヨウ:キャラクター原案
9784799219737	2024.11	キルタイムコミュニケーション	二次元ドリームコミックス ; 752		快楽敗北ヒロインズ	カイラクハイボクヒロインズ	空蜂ミドロ 著	空蜂ミドロ:著
9784832204591	2024.11	芳文社	芳文社コミックス	2	帰る家がない犯罪者たち. 2	カエルイエガナイハンザイシャタチ	高崎, ひいろ	高崎ひいろ:
9784065374689	2024.11	講談社	KCDX. 週刊少年マガジン	1	帰れ!大鶴谷帰宅倶楽部 = GO BACK! OHTSURUDANI HOMECOMING CLUB. 1	カエレオオツルダニキタククラブ	田中, カタパルト	田中カタパルト:著
9784041155912	2024.11	KADOKAWA	角川コミックス・エース	3	顔さえよければいい教室 = EVERYONE HAS TALENT.IF ONLY WE COULD REALIZE IT. 3	カオサエヨケレバイイキョウシツ	三河, ごーすと/マッハダイ	三河ごーすと:原作/マッハダイ:漫画/necömi:キャラクター原案
9784592230342	2024.11	白泉社	Hanatoyume comics = 花とゆめ	12	顔だけじゃ好きになりません. 12	カオダケジャスキニナリマセン	安斎, かりん	安斎かりん:
9784575420098	2024.11	双葉社	モンスターコミックスf	1	顔だけ聖女なのに、死に戻ったら冷酷だった公爵様の本音が甘すぎます! 1	カオダケセイジョナノニシニモドッタラレイコクダッタコウシャクサマノホンネガアマス	春乃, まい/一分, 咲	春乃まい:漫画/一分咲:原作/八美☆わん:キャラクター原案
9784088430812	2024.11	集英社	マーガレットコミックス	6	隠したがりの同期くん. 6	カクシタガリノドウキクン	袖山, みみり	袖山みみり:著
9784813763840	2024.11	スターツ出版	グラストCOMICS ; い2-2	2	覚醒したら世界最強の魔導錬成師でした : 錬金術や治癒をも凌駕する力ですべてを手に入れる. 2	カクセイシタラセカイサイキョウノマドウレンセイシデシタ:レンキンジュツヤチユオモ	入江, 達/長野, 文三郎	入江達:作画/長野文三郎:原作
9784592166597	2024.11	白泉社	YOUNG ANIMAL COMICS	4	描くなるうえは. 4	カクナルウエワ	高畑, 弓/蒲, 夕二	高畑弓:原作/蒲夕二:作画
9784824009852	2024.11	オーバーラップ	クリエコミックス	3	かくりよの若旦那様と贄姫 = Master and sacrificial princess In the Kakuriyo. 3	カクリヨノワカダンナサマトニエヒメ	街, こまち	街こまち:著
9784046843470	2024.11	KADOKAWA	MFC	2	隠れ転生勇者 : チートスキルと勇者ジョブを隠して第二の人生を楽しんでやる! 2	カクレテンセイユウシャ:チートスキルトユウシャジョブオカクシテダイニノジンセイオ	佐々川, いこ/なんじゃもんじゃ	佐々川いこ:著/なんじゃもんじゃ:原作
9784041155776	2024.11	KADOKAWA	角川コミックス・エース	1	陰の実力者になりたくて!マスターオブガーデン～七陰列伝～. 1	カゲノジツリョクシャニナリタクテマスターオブガーデンシチカゲレツデン	kanco/逢沢, 大介	kanco:漫画/逢沢大介, マスターオブガーデン製作委員会:原作
9784041155745	2024.11	KADOKAWA	角川コミックス・エース	14	陰の実力者になりたくて! = The Eminence in Shadow. 14	カゲノジツリョクシャニナリタクテ	坂野, 杏梨/逢沢, 大介	坂野杏梨:漫画/逢沢大介:原作/東西:キャラクター原案
9784047382084	2024.11	KADOKAWA	ビーズログコミックス	6	加護なし令嬢の小さな村 : さあ、領地運営を始めましょう! 6	カゴナシレイジョウノチイサナムラ:サアリョウチウンエイオハジメマショウ	ひなた水色/ぷにちゃん	ひなた水色:著/ぷにちゃん:原作/藻:キャラクター原案
9784098535941	2024.11	小学館	裏少年サンデーコミックス	6	風の槍 = SPEAR OF THE WIND. 6	カゼノヤリ	NUMBER8/矢野, 日菜子	NUMBER8:原作/矢野日菜子:作画
9784098045570	2024.11	小学館	My first big special. さい		風よ雲よ剣よ : 波之進慟哭	カゼヨクモヨケンヨ:ナミノシンドウコク	さいとう, たかを, 1936-2021/さいとうプロダクション	さいとう・たかを:
9784832295872	2024.11	芳文社	Manga time KR comics. Ki	2	仮想世界のテミス. 2	カソウセカイノテミス	河瀬, 季, 1981-/さくたつ	河瀬季:原作/さくたつ。:漫画
9784801941809	2024.11	竹書房	BAMBOO ESSAY SELECTION	4	火葬場で働く僕の日常 : 最期の火を灯す者. 4	カソウバデハタラクボクノニチジョウ:サイゴノヒオトモスモノ	蓮古田, 二郎	下駄華緒:原案/蓮古田二郎:漫画
9784832292819	2024.11	芳文社	花音コミックス		家族になれない僕たちは	カゾクニナレナイボクタチワ	富塚, ミヤコ	富塚ミヤコ:著
9784592721512	2024.11	白泉社	HANAMARU COMICS PREMIUM	1	片想い中の後輩とマッチングが成立しました. 1	カタオモイチュウノコウハイトマッチングガセイリツシマシタ	愛葉, もーこ	愛葉もーこ:著
9784065374405	2024.11	講談社	講談社コミックス. 週刊少年マガジン	25	カッコウの許嫁. 25	カッコウノイイナズケ	吉河, 美希	吉河美希:著
9784065367308	2024.11	講談社	ワイドKC		彼方へ : 諸星大二郎短編集	カナタエ:モロホシダイジロウタンペンシュウ	諸星, 大二郎, 1949-	諸星大二郎:著
9784065374368	2024.11	講談社	KCDX. 週刊少年マガジン	8	カナン様はあくまでチョロい. 8	カナンサマワアクマデチョロイ	nonco	nonco:著
9784592230434	2024.11	白泉社	花とゆめCOMICS SPECIAL	1	金なる恋は後宮で. 1	カネナルコイワコウキュウデ	白藤, 圭	白藤圭:著
9784757594807	2024.11	スクウェア・エニックス	ガンガンコミックスpixiv	1	彼女がクズを愛するワケは。. 1	カノジョガクズオアイスルワケワ。	池田, ルイ	池田ルイ:著
9784845867448	2024.11	リイド社	SP comics. リイドカフェ・コミックス	3	彼女のカレラ. 3	カノジョノカレラ	麻宮, 騎亜, 1963-	麻宮騎亜:著
9784845867455	2024.11	リイド社	SP comics. リイドカフェ・コミックス	4	彼女のカレラ. 4	カノジョノカレラ	麻宮, 騎亜, 1963-	麻宮騎亜:著
9784040755595	2024.11	KADOKAWA	ドラゴンコミックスエイジ	2	彼女のそれにやられてる. 2	カノジョノソレニヤラレテル	大海, たび	大海たび [著]:
9784065374757	2024.11	講談社	ヤンマガKC	5	彼女の友達. 5	カノジョノトモダチ	じゅら	じゅら:著
9784046840615	2024.11	KADOKAWA	フロースコミック	1	彼女はジャンヌ・クーロン、伯爵家の降霊術師 = Her name is Jeanne Coulomb,the count&#39;s necromancer. 1	カノジョワジャンヌクーロンハクシャクケノコウレイジュツシ	らむだ/仲村, つばき	らむだ:漫画/仲村つばき:原作/珠梨やすゆき:キャラクター原案
9784047381520	2024.11	KADOKAWA	BEAM COMIX	上	歌舞伎町ヒステリックドリーマー = KABUKICHO HYSTERIC DREAMER. 上	カブキチョウヒステリックドリーマー	関野, 葵	関野葵:著
9784047381537	2024.11	KADOKAWA	BEAM COMIX	下	歌舞伎町ヒステリックドリーマー = KABUKICHO HYSTERIC DREAMER. 下	カブキチョウヒステリックドリーマー	関野, 葵	関野葵:著
9784596717351	2024.11	ハーパーコリンズ・ジャパン	乙女ドルチェ・コミックス		過保護な公爵様の蜜愛包囲網 : 運命の令嬢を絶対に離さない	カホゴナコウシャクサマノミツアイホウイモウ:ウンメイノレイジョウオゼッタイニハナ	天点/熊野, まゆ	天点:著/熊野まゆ:原作
9784065375792	2024.11	講談社	BE LOVE KC	7	過保護な若旦那様の甘やかし婚. 7	カホゴナワカダンナサマノアマヤカシコン	こだち	こだち:著
9784575999006	2024.11	双葉社	Action comics. Coinsアクショ	魔界編	鎌倉ものがたり. 魔界編	カマクラモノガタリ	西岸, 良平, 1947-	西岸良平:
9784344855069	2024.11	幻冬舎コミックス	Birz comics = バーズコミックス	11	神の手違いで死んだらチートガン積みで異世界に放り込まれました. 11	カミノテチガイデシンダラチートガンツミデイセカイニホウリコマレマシタ	かくろう/石神, 一威	かくろう:原作/石神一威:作画
9784847068928	2024.11	ワニブックス	ガムコミックスプラス	8巻	カムゴロシ. 8巻	カムゴロシ	田中, 克樹/上野, 将治	田中克樹:原作/上野将治:漫画/天下雌子:原案
9784088934501	2024.11	集英社	ヤングジャンプコミックスGJ	9	カモのネギには毒がある : 加茂教授の人間経済学講義. 9	カモノネギニワドクガアル:カモキョウジュノニンゲンケイザイガクコウギ	甲斐谷, 忍, 1967-	甲斐谷忍:著/夏原武:原案
9784107727633	2024.11	新潮社	Bunch comics	6	カヤちゃんはコワくない. 6	カヤチャンワコワクナイ	百合太郎	百合太郎:
9784434348396	2024.11	アルファポリス	Eternity COMICS	2	カラダからはじめる溺愛結婚 : 婚約破棄されたら極上スパダリに捕まりました. 2	カラダカラハジメルデキアイケッコン:コンヤクハキサレタラゴクジョウスパダリニツカ	結祈, みのり/秋月, 綾	結祈みのり:原作/秋月綾:漫画
9784040757018	2024.11	KADOKAWA	ドラゴンコミックスエイジ	1	カルネアデス = CARNEADES. 1	カルネアデス	綾里, けいし/はっとり, まさき	綾里けいし 原作・脚本:/はっとりまさき:作画/rurudo イラスト・企画:
9784065371909	2024.11	講談社	講談社コミックス. 週刊少年マガジン	3	彼氏時々彼女. 3	カレシトキドキカノジョ	紬木, ムサヲ	ムサヲ:著
9784910803470	2024.11	viviON viviON THOTH	viviON THOTH. PILLOW		彼の事情と彼女の秘密	カレノジジョウトカノジョノヒミツ	桃色アザラシ	桃色アザラシ:著
9784785977870	2024.11	少年画報社	ぐる漫		缶詰 : 懐かしくて新しい味	カンズメ:ナツカシクテアタラシイアジ		
9784088430737	2024.11	集英社	マーガレットコミックス	3	完璧ワイフによる完璧な復讐計画 = THE FLAWLESS REVENGE BY THE FLAWLESS WIFE. 3	カンペキワイフニヨルカンペキナフクシュウケイカク	錦, ヒトミ/佐倉, サク/雪村, こはる	錦ヒトミ:作画/佐倉サク:構成/雪村こはる:原作
9784065375266	2024.11	講談社	モーニングKC	9	ガクサン. 9	ガクサン	佐原, 実波	佐原実波:著
9784867166499	2024.11	マイクロマガジン社	Ride Comics	11	ガチャを回して仲間を増やす最強の美少女軍団を作り上げろ = You increase families and make beautiful girl army corps,and put it up : THE COMIC. 11	ガチャオマワシテナカマオフヤスサイキョウノビショウジョグンダンオツクリアゲロ	晴野, しゅー/ちんくるり	晴野しゅー:漫画/ちんくるり:原作/イセ川ヤスタカ:キャラクター原案
9784065375037	2024.11	講談社	講談社コミックス. SHONEN MAGAZIN	33	我間乱-修羅- = GAMARAN-SHURA-. 33	ガマランシュラ	中丸, 洋介	中丸洋介:著
9784758027786	2024.11	一迅社	IDコミックス. Yurihime comics	2	伽藍の姫. 2	ガランノヒメ	こるせ	こるせ:著
9784408641560	2024.11	実業之日本社	RuelleCOMICS	2	消えたくない神様と日日暮らし. 2	キエタクナイカミサマトニチニチグラシ	まちた	まちた:著
9784799219713	2024.11	キルタイムコミュニケーション	二次元ドリームコミックス ; 750. 二次元コ		機械姦孕ませ : 妊娠装置で強制種付け!	キカイカンハラマセ:ニンシンソウチデキョウセイタネツケ		
9784065376928	2024.11	講談社	講談社コミックスデラックス. 月刊少年マガジン	1	傷口と包帯 = Wound &amp; Bandage. 1	キズグチトホウタイ	七井, 海星	七井海星:著
9784434348457	2024.11	アルファポリス	アルファポリスCOMICS	1	貴族家三男の成り上がりライフ : 生まれてすぐに人外認定された少年は異世界を満喫する. 1	キゾクケサンナンノナリアガリライフ:ウマレテスグニジンガイニンテイサレタショウネ	美原, 風香/虫田, 花	美原風香:原作/虫田花:漫画/はま:キャラクター原案
9784098537464	2024.11	小学館	ゲッサン少年サンデーコミックススペシャル	1	北国ゆらゆら紀行. 1	キタグニユラユラキコウ	ながら, りょうこ	ながらりょうこ:著
9784049161212	2024.11	KADOKAWA	電撃コミックスNEXT ; N529-03	3	北町さんは「ただの」トモダチ. 3	キタマチサンワタダノトモダチ	えのき	えのき:著
9784592165781	2024.11	白泉社	YOUNG ANIMAL COMICS	6	キッチンカー『デリ・ジョイ』 : 車窓から異世界へ美味いもの密輸販売中! 6	キッチンカーデリジョイ:シャソウカライセカイエウマイモノミツユハンバイチュウ	水晶, 零/りぃん	水晶零:漫画/りぃん:原作/ゆき哉:キャラクター原案
9784041154830	2024.11	KADOKAWA	角川コミックス・エース	3	機動戦士ガンダムウェアヴォルフ = Mobile Suit Gundam WEARWOLF. 3	キドウセンシガンダムウェアヴォルフ	伊藤, 亰/重信, 康	伊藤亰:漫画/重信康 シナリオ:/小太刀右京 アドバイザー:/矢立肇, 富野由悠季:原案
9784041155936	2024.11	KADOKAWA	角川コミックス・エース	6	機動戦士ガンダムF91プリクエル = MOBILE SUIT GUNDAM FORMULA 91 PREQUEL. 6	キドウセンシガンダムエフキュウジュウイチプリクエル	富野, 由悠季, 1941-/大野, 純二	富野由悠季:原作/おおのじゅんじ:漫画
9784041155929	2024.11	KADOKAWA	角川コミックス・エース	1	機動戦士ガンダムF90クラスター = MOBILE SUIT GUNDAM F90 CLUSTER. 1	キドウセンシガンダムエフキュウジュウクラスター	今ノ夜, きよし/小太刀, 右京/矢立, 肇/富野, 由悠季, 1941-/森木	今ノ夜きよし:漫画/小太刀右京 シナリオ:/矢立肇, 富野由悠季:原作/森木靖泰, 柳瀬敬之, フジイナオキ メカニックデザイン:/大河原邦男 オリジナルF90デザイン:
9784041156711	2024.11	KADOKAWA	角川コミックス・エース	1	機動戦士Vガンダム = MOBILE SUIT V GUNDAM. 1	キドウセンシヴイガンダム	岩村, 俊哉, 1961-/矢立, 肇/富野, 由悠季, 1941-	岩村俊哉:著/矢立肇, 富野由悠季:原作
9784041156728	2024.11	KADOKAWA	角川コミックス・エース	2	機動戦士Vガンダム = MOBILE SUIT V GUNDAM. 2	キドウセンシヴイガンダム	岩村, 俊哉, 1961-/矢立, 肇/富野, 由悠季, 1941-	岩村俊哉:著/矢立肇, 富野由悠季:原作
9784893792075	2024.11	山中邦一			キマグレドダビンチ作品集 : 数学とb-boyの融合なるか	キマグレドダビンチサクヒンシュウ:スウガクトb-boyノユウゴウナルカ	山中, 康秀, 1983-/山中, 邦一/山中, 愛子/山中, 隆志	山中康秀:著
9784824009869	2024.11	オーバーラップ	LiQulle Comics		君を喰らわば欲まで	キミオクラワバヨクマデ	七生, えむ	七生えむ:著
9784047381568	2024.11	KADOKAWA	ビーズログコミックス	1	君が唄う薬恋歌. 1	キミガウタウヤクレンカ	柑奈, まち/守野, 伊音	柑奈まち:著/守野伊音:原作
9784046840271	2024.11	KADOKAWA			君にかわいいと叫びたい	キミニカワイイトサケビタイ	ハッピーゼリーポンチ	ハッピーゼリーポンチ:著
9784049161342	2024.11	KADOKAWA	シルフコミックス ; S-112-4	vol.2	君に捧げる男前 = my manhood for you. vol.2	キミニササゲルオトコマエ	文之助	文之助:著
9784815502706	2024.11	メディアソフト	Charles Comics ; No.267		君のいちばんにしてよ	キミノイチバンニシテヨ	櫻井, タイキ	櫻井タイキ:著
9784861178023	2024.11	文苑堂	.Poika comics		君のこと好きになりたくないのに = I don&#39;t even want to love you	キミノコトスキニナリタクナイノニ	merorico	merorico:著
9784575860290	2024.11	双葉社		7	きみは謎解きのマシェリ = Tu es ma détective chérie. 7	キミワナゾトキノマシェリ	糸, なつみ	糸なつみ:著
9784049160772	2024.11	KADOKAWA	シルフコミックス ; S-106-3	3	休日限定彼女 = My weekend girlfriend. 3	キュウジツゲンテイカノジョ	いなば, みね	いなばみね:著
9784799769607	2024.11	リブレ	クロフネcomics. くろふねピクシブシリーズ		【急募】異世界で溺愛された時の対処法♂ : BLアンソロジー	【キュウボ】イセカイデデキアイサレタトキノタイショホウ♂:BLアンソロジー		
9784046840462	2024.11	KADOKAWA	BRIDGE COMICS	7	暁花薬殿物語. 7	キョウカクスドノモノガタリ	霜月, 星良/佐々木, 禎子, 1964-	霜月星良:漫画/佐々木禎子:原作/サカノ景子:キャラクター原案
9784592166740	2024.11	白泉社	YOUNG ANIMAL COMICS	2	器用貧乏おじさんの異世界再冒険. 2	キヨウビンボウオジサンノイセカイサイボウケン	西川, 秀明	西川秀明:著
9784867943472	2024.11	TOブックス	コロナ・コミックス	8	今日も絵に描いた餅が美味い@COMIC. 8	キョウモエニカイタモチガウマイアットマークコミック	梅渡, 飛鳥/もちもち物質	梅渡飛鳥:著/もちもち物質:原作/転:キャラクター原案
9784041157077	2024.11	KADOKAWA	角川コミックス・エース	3	今日も来たんすか、依田先輩。. 3	キョウモキタンスカヨダセンパイ	黒河, 佑弥	黒河佑弥:著
9784866697123	2024.11	Jパブリッシング	arca comics		今日も憑いてます	キョウモツイテマス	魚井, ずみ	魚井ずみ:著
9784087901887	2024.11	集英社			今日もまたそんな日 : 超朝型ルーティン生活の愉しみ	キョウモマタソンナヒ:チョウアサガタルーティンセイカツノタノシミ	タナカ, カツキ, 1966-	タナカカツキ:著
9784575860283	2024.11	双葉社	ACTION COMICS	6	極限夫婦. 6	キョクゲンフウフ	きづき, あきら/サトウ, ナンキ	きづきあきら, サトウナンキ:著
9784088934693	2024.11	集英社	ヤングジャンプコミックス	4	極東キメラティカ = KYOKUTOU CHIMERATICA. 4	キョクトウキメラティカ	板橋, 大祐	板橋大祐:著
9784088842547	2024.11	集英社	ジャンプコミックス	2	極東ネクロマンス. 2	キョクトウネクロマンス	那波, 歩才	那波歩才:著
9784867166574	2024.11	マイクロマガジン社	コミックELMO	7	キラーズホリディ = Killer&#39;s Holiday. 7	キラーズホリディ	松, イラストレーター	松(A・TYPEcorp.):著
9784867870556	2024.11	ブライト出版	Tulle Comics	2	桐島くんはいじめたい. 2	キリシマクンワイジメタイ	あられちゃん	あられちゃん:著
9784088842523	2024.11	集英社	ジャンプコミックス	7	キルアオ = KILL BLUE. 7	キルアオ	藤巻, 忠俊	藤巻忠俊:著
9784065366974	2024.11	講談社	シリウスKC	2	きれいなおじさんは、好きですか。 = DO YOU LIKE BEAUTIFUL OJISAN. 2	キレイナオジサンワスキデスカ	座紀, 光倫	座紀光倫:著
9784823607585	2024.11	ジーオーティー	GOT COMICS		金烏玉兎恋歌	キンウギョクトレンカ	腐蝕 著	腐蝕:著
9784087928020	2024.11	集英社	愛蔵版コミックス	17	キングダム = KINGDOM : 完全版. 17	キングダム	原, 泰久, 1975-	原泰久:著
9784087928037	2024.11	集英社	愛蔵版コミックス	18	キングダム = KINGDOM : 完全版. 18	キングダム	原, 泰久, 1975-	原泰久:著
9784757595118	2024.11	スクウェア・エニックス	ガンガンコミックス	9	金装のヴェルメイユ : 崖っぷち魔術師は最強の厄災と魔法世界を突き進む. 9	キンソウノヴェルメイユ:ガケップチマジュツシワサイキョウノヤクサイトマホウセカイ	天那, 光汰/梅津, 葉子	天那光汰:原作/梅津葉子:作画
9784800015211	2024.11	マッグガーデン	MGC. Web comic beat&#39;	1	ギズモライザー. 1	ギズモライザー	早名, ロク	早名ロク:著
9784065371633	2024.11	講談社	アフタヌーンKC	2	ギャルとツチノコ = Gal &amp; Tsuchinoko. 2	ギャルトツチノコ	トミムラ, コタ	トミムラコタ:著
9784823607554	2024.11	ジーオーティー	GOT COMICS		ギャル欲しがりだけ	ギャルホシガリダケ	東野みかん 著	東野みかん:著
9784867207109	2024.11	コアミックス	ゼノンコミックスBD	Vol 1	ギャル嫁の秘密. Vol 1	ギャルヨメノヒミツ	クドゥー	クドゥー:
9784065374245	2024.11	講談社	KCDX. 週刊少年マガジン	14	ギルティサークル = Guilty Circle. 14	ギルティサークル	門馬, 司/山本, やみー	門馬司:原作/山本やみー:漫画
9784434344244	2024.11	彗星社	夜暇		ギルティホール : 教え子しか指名できない店	ギルティホール:オシエゴシカシメイデキナイミセ	ケンティ	ケンティ:著
9784087920987	2024.11	集英社		6	銀太郎さんお頼み申す. 6	ギンタロウサンオタノミモウス	東村, アキコ, 1975-	東村アキコ:著
9784065372098	2024.11	講談社	KC Kiss	6	クジャクのダンス、誰が見た? = Who saw the peacock dance in the jungle? 6	クジャクノダンスダレガミタ	浅見, 理都	浅見理都:著
9784846210410	2024.11	道玄坂書房	ミケプラスコミックス		クズの教育	クズノキョウイク	藤村まりな 著	藤村まりな:著
9784041155806	2024.11	KADOKAWA	角川コミックス・エース	2	クセつよ異種族で行列ができる結婚相談所. 2	クセツヨイシュゾクデギョウレツガデキルケッコンソウダンジョ	五月雨, きょうすけ/sorani	五月雨きょうすけ:原作/sorani:漫画/猫屋敷ぷしお:キャラクター原案
9784040757001	2024.11	KADOKAWA	ドラゴンコミックスエイジ	1	クセ強彼女は床にいざなう. 1	クセツヨカノジョワトコニイザナウ	須河, 篤志	須河篤志 [著]:
9784813763765	2024.11	スターツ出版	noicomi COMICS ; な1-3	3	久世くん、悪いことしちゃダメ = Don&#39;t do anything bad,Kuze-kun. 3	クゼクンワルイコトシチャダメ	仲月, かな/香乃子	仲月かな:作画/香乃子:原作
9784065375419	2024.11	講談社	講談社プラチナコミックス	ゴマダレうどん	クッキングパパ. ゴマダレうどん	クッキングパパ	うえやま, とち, 1954-	うえやまとち:著
9784065375426	2024.11	講談社	講談社プラチナコミックス	スンドゥブチゲ	クッキングパパ. スンドゥブチゲ	クッキングパパ	うえやま, とち, 1954-	うえやまとち:著
9784799219720	2024.11	キルタイムコミュニケーション	二次元ドリームコミックス ; 751	SP20	くっ殺ヒロインズ. SP20	クッコロヒロインズ		
9784098045679	2024.11	小学館	My first big special		首斬り朝 : 畳捕り傘次郎	クビキリアサ:タタミドリカサジロウ	小池, 一夫, 1936-2019/小島, 剛夕, 1928-2000	小池一夫:原作/小島剛夕:作画
9784107727640	2024.11	新潮社	Bunch comics	14	クマ撃ちの女. 14	クマウチノオンナ	安島, 薮太	安島薮太:
9784845864676	2024.11	リイド社	パーフェクト・メモワール	Vol. 20	雲盗り暫平. Vol. 20	クモトリザンペイ	さいとう, たかを, 1936-2021	さいとう・たかを:
9784065370223	2024.11	講談社	シリウスKC	4	クラゲの骨は青. 4	クラゲノホネワアオ	追本	追本:著
9784065374313	2024.11	講談社	講談社コミックス. 週刊少年マガジン	2	クレイターズシンクス = CRATERS THINKS. 2	クレイターズシンクス	田中, レオン/とらほたて	田中レオン:原作/とらほたて:漫画
9784041156858	2024.11	KADOKAWA	あすかコミックスCL-DX	第13巻	黒か白か. 第13巻	クロカシロカ	さちも	さちも:著
9784065375723	2024.11	講談社	KCデザート	1	鐵くんと最強の恋 = The strongest love with Kurogane-kun. 1	クロガネクントサイキョウノコイ	緒沢, 亜美	緒沢亜美:著
9784065370384	2024.11	講談社	講談社コミックス. 週刊少年マガジン	9	黒猫と魔女の教室 = The Classroom of a Black Cat and a Witch. 9	クロネコトマジョノキョウシツ	金田, 陽介	金田陽介:著
9784088933641	2024.11	集英社	ヤングジャンプコミックス	2	グールが世界を救ったことを私だけが知っている = Only I know the Ghoul saved the world. 2	グールガセカイオスクッタコトオワタクシダケガシッテイル	火浦, R/下等, 妙人	火浦R:漫画/下等妙人:原作/米白粕:キャラクター原案
9784796416825	2024.11	海王社	Kaiohsha comics. Gush co		グルメな黒猫は甘えたがり	グルメナクロネコワアマエタガリ	黒岩, チハヤ	黒岩チハヤ:
9784865182385	2024.11	大誠社	Only Lips comics. めちゃコミッ	1	軍神と偽りの花嫁 = God of war and alse bride. 1	グンシントイツワリノハナヨメ	涼子	涼子:著
9784046842466	2024.11	KADOKAWA	フロースコミック	2	傾国悪女のやり直し王女譚 : 騎士団長が不器用で離れません. 2	ケイコクアクジョノヤリナオシオウジョタン:キシダンチョウガブキヨウデハナレマセン	絢瀬, マコト/柚原, テイル	絢瀬マコト:漫画/柚原テイル:原作/Shabon:キャラクター原案
9784832204560	2024.11	芳文社	芳文社コミックス	8	経理の夏谷さんはガマンできない. 8	ケイリノナツタニサンワガマンデキナイ	財政, ろろ	財政ろろ:
9784801984813	2024.11	竹書房	Bamboo comics. 潤恋★★★オトナセ		蹴って、踏みにじって、虐げて。	ケッテ、フミニジッテ、シイタゲテ。	九里, もなか/青砥, あか	九里もなか:漫画/青砥あか:原作
9784334104832	2024.11	光文社	熱帯COMICS	5	煙たい話. 5	ケムタイハナシ	林, 史也	林史也:著
9784047380592	2024.11	KADOKAWA	HARTA COMIX	第6集	煙と蜜 = SMOKE &amp; HONEY. 第6集	ケムリトミツ	長蔵, ヒロコ	長蔵ヒロコ:著
9784088842158	2024.11	集英社	ジャンプコミックス	22	怪物事変. 22	ケモノジヘン	藍本, 松	藍本松:著
9784575860238	2024.11	双葉社	ACTION COMICS	1	ケモ耳少女の幸せごはん. 1	ケモミミショウジョノシアワセゴハン	あやめ, ゴン太	あやめゴン太:著
9784088841946	2024.11	集英社	ジャンプコミックス	2	喧嘩独学. 2	ケンカドクガク	パク, テジュン/キム, ゾンヒョン	パクテジュン, キムゾンヒョン:著
9784098536955	2024.11	小学館	裏少年サンデーコミックス	26	ケンガンオメガ. 26	ケンガンオメガ	サンドロビッチ・ヤバ子/だろめおん	サンドロビッチ・ヤバ子:原作/だろめおん:作画
9784098630967	2024.11	小学館	ビッグコミックス	13	健康で文化的な最低限度の生活. 13	ケンコウデブンカテキナサイテイゲンドノセイカツ	柏木, ハルコ	柏木ハルコ:著
9784091498144	2024.11	小学館	コロコロコミックス	4	ゲーマーが妖怪退治やってみた! 4	ゲーマーガヨウカイタイジヤッテミタ	小松, 清太郎, 1986-	小松清太郎:著
9784098631117	2024.11	小学館	BIG SUPERIOR COMICS SPEC	6	劇光仮面. 6	ゲキコウカメン	山口, 貴由	山口貴由:著
9784768319895	2024.11	玄光社	MOVE ON COMICS	1	ゲッターロボ號. 1	ゲッターロボゴウ	永井, 豪, 1945-/石川, 賢, 1948-2006/ダイナミックプロダク	永井豪:原作/石川賢, ダイナミックプロ:作画
9784768319901	2024.11	玄光社	MOVE ON COMICS	2	ゲッターロボ號. 2	ゲッターロボゴウ	永井, 豪, 1945-/石川, 賢, 1948-2006/ダイナミックプロダク	永井豪:原作/石川賢, ダイナミックプロ:作画
9784768319918	2024.11	玄光社	MOVE ON COMICS	3	ゲッターロボ號. 3	ゲッターロボゴウ	永井, 豪, 1945-/石川, 賢, 1948-2006/ダイナミックプロダク	永井豪:原作/石川賢, ダイナミックプロ:作画
9784845867530	2024.11	リイド社	SPコミックス. SP pocket wide		現代史の中のゴルゴ13 : ドイツ統一と冷戦の終結	ゲンダイシノナカノゴルゴ13:ドイツトウイツトレイセンノシュウケツ	さいとう, たかを, 1936-2021	さいとう・たかを:著
9784065372333	2024.11	講談社	KCデラックス	8	恋ヶ窪くんにはじめてを奪われました = Koigakubo-kun stole my first time. 8	コイガクボクンニハジメテオウバワレマシタ	美麻, りん	美麻りん:著
9784592221944	2024.11	白泉社	花とゆめCOMICS	2	恋だの愛だの～君は僕の太陽だ～. 2	コイダノアイダノキミワボクノタイヨウダ	辻田, りり子	辻田りり子:著
9784046841377	2024.11	KADOKAWA	fleur comics		恋でとけるギルド・ザ・リリー	コイデトケルギルドザリリー	いとう, ぎりこ	いとうぎりこ:著
9784910582467	2024.11	ジュネット	ジュネットコミックス ; 449. ピアスシリー		恋ととのえば腹がへる	コイトトノエバハラガヘル	宇二シカ	宇二シカ:著
9784041156896	2024.11	KADOKAWA	あすかコミックスCL-DX		恋も愛もすべて	コイモアイモスベテ	水名瀬, 雅良	水名瀬雅良:著
9784040755519	2024.11	KADOKAWA	ドラゴンコミックスエイジ	2	恋はあえての逆バニー. 2	コイワアエテノギャクバニー	むねひろ	むねひろ [著]:
9784040755588	2024.11	KADOKAWA	ドラゴンコミックスエイジ		恋はオカルトにはいりますか	コイワオカルトニハイリマスカ	紀ノ上, 晟一	紀ノ上晟一 [著]:
9784088933146	2024.11	集英社	ヤングジャンプコミックス・ウルトラ	2	恋は忍耐 = Love is patience. 2	コイワニンタイ	川西, ノブヒロ	川西ノブヒロ:著
9784088934686	2024.11	集英社	ヤングジャンプコミックス	9	こういうのがいい. 9	コウイウノガイイ	双龍	双龍:著
9784065376058	2024.11	講談社	KCDX	7	攻殻機動隊THE HUMAN ALGORITHM. 7	コウカクキドウタイザヒューマンアルゴリズム	藤咲, 淳一, 1967-/吉本, 祐樹	藤咲淳一:脚本/吉本祐樹:漫画
9784041152027	2024.11	KADOKAWA	角川コミックス・エース	26	紅殻のパンドラ : GHOST URN. 26	コウカクノパンドラ:ゴーストユーアールエヌ	六道, 神士/春夏秋冬, 鈴	士郎正宗:原案/六道神士:漫画/春夏秋冬鈴:作画
9784040754758	2024.11	KADOKAWA	フロースコミック	1	後宮食医の薬膳帖 : 廃姫は毒を喰らいて薬となす. 1	コウキュウショクイノヤクゼンチョウ:ハイヒワドクオクライテクスリトナス	夢見里, 龍/そ太郎	夢見里龍:原作/そ太郎:作画/夏目レモン:キャラクター原案
9784758086059	2024.11	一迅社	IDコミックス. Zero-sum comics	2	後宮妃は龍神の生贄花嫁 : 五神山物語 . 2	コウキュウヒワリュウジンノイケニエハナヨメ:ゴシンザンモノガタリ	葵ハカス/唐澤, 和希	葵ハカス コミック:/唐澤和希:原作
9784800015204	2024.11	マッグガーデン	MGC. Web comic beat&#39;	7	侯爵嫡男好色物語 : 異世界ハーレム英雄戦記. 7	コウシャクチャクナンコウショクモノガタリ:イセカイハーレムエイユウセンキ	AL/GEN	AL:原作/GEN:漫画
9784832295858	2024.11	芳文社	Manga time KR comics. Ki	2	好都合セミフレンド. 2	コウツゴウセミフレンド	千種, みのり	千種みのり:著
9784758019279	2024.11	一迅社	IDコミックス. カラフルハピネス	2	皇帝の子供を隠す方法. 2	コウテイノコドモオカクスホウホウ	SSAL/26/Lee, Yeonseon	SSAL:作画/26 文:/Lee Yeonseon:原作
9784776755302	2024.11	宙出版	Missy comics. YLC DX col	2	皇帝陛下の寵姫にご指名されました. 2	コウテイヘイカノチョウキニゴシメイサレマシタ	霜月, 星良	霜月星良:著
9784065374597	2024.11	講談社	モーニングKC	8	高度に発達した医学は魔法と区別がつかない. 8	コウドニハッタツシタイガクワマホウトクベツガツカナイ	津田, 彷徨, 1983-/瀧下, 信英	津田彷徨 原作・医療監修:/瀧下信英:漫画
9784065375624	2024.11	講談社	KC Kiss	3	高2の恋の忘れ方 = How to let go of your junior year love. 3	コウニノコイノワスレカタ	小沢, かな	小沢かな:著
9784866753911	2024.11	BookLive	FCエトワール	1	氷の侯爵様とかりそめの花嫁 = The ice marquis and His temporary bride : 愛のない王命婚なのに、なぜか溺愛されてます. 1	コオリノコウシャクサマトカリソメノハナヨメ	兎月, りか/キムラ, ましゅろう	兎月りか:作画/キムラましゅろう:原作
9784758086073	2024.11	一迅社	IDコミックス. Zero-sum comics	第6巻	こぎつね、わらわら稲荷神のまかない飯いただきますっ! 第6巻	コギツネ、ワラワライナリガミノマカナイメシイタダキマスッ!	西実, さく/松幸, かほ	西実さく コミック:/松幸かほ:原作
9784575860320	2024.11	双葉社	ACTION COMICS	5	黒魔無双. 5	コクマムソウ	石澤, 寛伎/コミックルーム	石澤寛伎, COMIC ROOM:著
9784866753829	2024.11	フレックスコミックス	POLARIS COMICS	2	小暮くんは美少女V〈♂〉に恋してる = Kogure-kun is in love with a beautiful girl V-tuber(♂). 2	コグレクンワビショウジョブイニコイシテル	流星ハニー	流星ハニー:著
9784821159253	2024.11	ぶんか社	Bunkasha comics. S*girl 	3	こじらせ彼の溺愛が重すぎます! : 10年越しのとろ甘えっち試してみる? 3	コジラセカレノデキアイガオモスギマス!:10ネンゴシノトロアマエッチタメシテミル	古賀, てっこ	古賀てっこ:
9784098536900	2024.11	小学館	ゲッサン少年サンデーコミックススペシャル	12	国境のエミーリャ = ПОГРАНИЧНИЦА ЗМИЛИЯ. 12	コッキョウノエミーリャ	池田, 邦彦, 1965-	池田邦彦:著/津久田重吾 監修協力:
9784107727657	2024.11	新潮社	Bunch comics	16	「子供を殺してください」という親たち. 16	「コドモオコロシテクダサイ」トイウオヤタチ	押川, 剛, 1968-/鈴木, マサカズ, 1973-	押川剛:原作/鈴木マサカズ:漫画
9784088842684	2024.11	集英社	ジャンプコミックス	3	こどものくに = Children&#39;s Land. 3	コドモノクニ	カシミ, ハル	カシミハル:著
9784835459370	2024.11	復刊ドットコム		2	こどものグルメ. 2	コドモノグルメ	久住, 昌之, 1958-/安倍, 吉俊, 1971-	久住昌之:原作/安倍吉俊:作画
9784866697185	2024.11	Jパブリッシング	soufflé comics	10	この男は人生最大の過ちです = This guy is the biggest mistake in my life. 10	コノオトコワジンセイサイダイノアヤマチデス	九瀬, しき	九瀬しき:著
9784065375679	2024.11	講談社	BE LOVE KC	11	この恋、茶番につき!? = This love,is a farce!? 11	コノコイチャバンニツキ	山中, 梅鉢	山中梅鉢:著
9784910526690	2024.11	シュークリーム	from RED COMICS ; 065	3	この手を離さないで. 3	コノテオハナサナイデ	咲本, 﨑	咲本﨑:著
9784199610080	2024.11	徳間書店	Chara comics	3rd	好みじゃなかと. 3rd	コノミジャナカト	見多, ほむろ	見多ほむろ:著
9784845867462	2024.11	リイド社	SP comics = SPコミックス		コミック乱セレクション国士無双	コミックランセレクションコクシムソウ	さいとう, たかを, 1936-2021/臣, 新蔵, 1944-/荻野, 真,	さいとう・たかを, とみ新蔵, 荻野真, 八月薫, 大島やすいち:著/池波正太郎:原作/久保田千太郎 脚色:/篁千夏 シナリオ:
9784845867547	2024.11	リイド社	SP comics = SPコミックス		コミック乱ツインズセレクション : 秋霜烈日の如く	コミックランツインズセレクション:シュウソウレツジツノゴトク	さいとう, たかを, 1936-2021/ラズウェル細木, 1956-/外園, 	さいとう・たかを, ラズウェル細木, 外薗昌也, こだま学, 倉島圭, 平田弘史, 鈴木あつむ, 岡村賢二:/池波正太郎:原作/北鏡太, 幸森軍也 脚色:
9784575440683	2024.11	双葉社		2	狐面夫婦 = Evil masked couple can&#39;t be honest. 2	コメンフウフ	岩飛猫	岩飛猫:著
9784396750602	2024.11	祥伝社	FC swing	3	木洩れ日のひと. 3	コモレビノヒト	川端, 志季	川端志季:
9784098728435	2024.11	小学館	プチコミックフラワーコミックスα	2	これは犯罪ではなく恋です。. 2	コレワハンザイデワナクコイデス	川瀬, あや	川瀬あや:著
9784832204539	2024.11	芳文社	FUZ comics	Volume 1	コンカフェ嬢は恋を着る. Volume 1	コンカフェジョウワコイオキル	卯花, りりか	卯花りりか:
9784832295841	2024.11	芳文社	Manga time KR comics. Ki	3	コンビニ夜勤のあくまちゃん. 3	コンビニヤキンノアクマチャン	なじみ	なじみ:著
9784824203205	2024.11	一二三書房	LAVARE comics plus	4	婚約を破棄された悪役令嬢は荒野に生きる。. 4	コンヤクオハキサレタアクヤクレイジョウワコウヤニイキル	吉井, あん/中野, るり/ソラジマ	吉井あん:原作/中野るり:構成/SORAJIMA 制作:
9784434348747	2024.11	ドリコム	DRE COMICS	2	婚約者が浮気相手と駆け落ちしました。王子殿下に溺愛されて幸せなので、今さら戻りたいと言われても困ります。. 2	コンヤクシャガウワキアイテトカケオチシマシタオウジデンカニデキアイサレテシアワセ	あおい, れびん/櫻井, みこと	あおいれびん:漫画/櫻井みこと:原作/黒裄:キャラクター原案
9784800015259	2024.11	マッグガーデン	MGC. Avarus series	3	婚約者の浮気現場を見ちゃったので始まりの鐘が鳴りましたthe comic. 3	コンヤクシャノウワキゲンバオミチャッタノデハジマリノカネガナリマシタthecom	えひと/あず真矢	えひと:原作/あず真矢:漫画
9784391163971	2024.11	主婦と生活社	Comic PASH! PC Fiore	3	婚約破棄だ、発情聖女。. 3	コンヤクハキダハツジョウセイジョ	藤峰, やまと/まえばる, 蒔乃	藤峰やまと:漫画/まえばる蒔乃:原作/ウエハラ蜂:キャラクター原案
9784065374696	2024.11	講談社	アフタヌーンKC	1	今夜もシリアルキラーと待ち合わせ = Tonight I&#39;m seeing a serial killer.Again. 1	コンヤモシリアルキラートマチアワセ	伊口, 紺/中村, 優児	伊口紺:原作/中村優児:漫画
9784815530938	2024.11	CLAPコミックス	Pink cherie comics	1	今夜はどっちの&quot;オレ&quot;に抱かれたい?上司がWでエロ全開に迫ってきます!! 1	コンヤワドッチノオレニダカレタイジョウシガダブルデエロゼンカイニセマッテキマス	江田, まり	江田まり:著
9784046843135	2024.11	KADOKAWA	フロースコミック	3	傲慢王女でしたが心を入れ替えたのでもう悪い事はしません、たぶん. 3	ゴウマンオウジョデシタガココロオイレカエタノデモウワルイコトワシマセンタブン	ごくげつ/葵, れん	ごくげつ:著/葵れん:原作/漣ミサ:キャラクター原案
9784065374504	2024.11	講談社	ヤンマガKC	07	ゴールデンドロップ = GOLDEN DROP. 07	ゴールデンドロップ	上月, 亮/津覇, 圭一	上月亮:作画/津覇圭一:原作/草下シンヤ, 神里純平 取材協力:
9784065374641	2024.11	講談社	ヤンマガKC	3	ゴールデンマン = GOLDENMAN. 3	ゴールデンマン	ペトス/恵, 広史	ペトス:原作/恵広史:漫画
9784596717399	2024.11	ハーパーコリンズ・ジャパン	marmalade comics	2	極上御曹司と甘くとろける恋愛事情. 2	ゴクジョウオンゾウシトアマクトロケルレンアイジジョウ	中山, 紗良/神埼, たわ	中山紗良:著/神埼たわ:原作
9784596717436	2024.11	ハーパーコリンズ・ジャパン	marmalade comics	2	極上御曹司の秘書になったのは溺愛されるためじゃありません! 2	ゴクジョウオンゾウシノヒショニナッタノワデキアイサレルタメジャアリマセン	有沢, 遼/藤谷, 郁	有沢遼:著/藤谷郁:原作
9784813763802	2024.11	スターツ出版	Berry&#39;s COMICS ; い2-	2	極上パイロットが愛妻にご所望です = The super pilot wants you to become a beloved wife. 2	ゴクジョウパイロットガアイサイニゴショモウデス	いちかわ, 有花/若菜, モモ	いちかわ有花:作画/若菜モモ:原作
9784098728480	2024.11	小学館	プチコミックフラワーコミックスα	1	極と蕾 : 極道と恋を知らない人妻と. 1	ゴクトツボミ:ゴクドウトコイオシラナイヒトズマト	井山, ゆー	井山ゆー:著
9784821158768	2024.12	ぶんか社	Bunkasha comics	7	あい・ターン. 7	アイ・ターン	おーはし, るい	おーはしるい:
9784824010117	2024.12	オーバーラップ	LiQulle Comics		愛欲オーバードーズ	アイヨクオーバードーズ	下野, 圭	下野圭:著
9784867207215	2024.12	コアミックス	ゼノンコミックスBD	15	あおのたつき. 15	アオノタツキ	安達, 智	安達智:著
9784088843834	2024.12	集英社	ジャンプコミックス	18	アオのハコ. 18	アオノハコ	三浦, 糀	三浦糀:著
9784091498366	2024.12	小学館	てんとう虫コミックススペシャル	1	アクジキさんノごはん. 1	アクジキサンノゴハン	菊妻, ヒロキ	菊妻ヒロキ:著
9784575420333	2024.12	双葉社	モンスターコミックスf	8	悪夢から目覚めた傲慢令嬢はやり直しを模索中. 8	アクムカラメザメタゴウマンレイジョウワヤリナオシオモサクチュウ	上原, 誠/もり	上原誠:漫画/もり:原作/六原ミツヂ:キャラクター原案
9784758086097	2024.12	一迅社	IDコミックス. Zero-sum comics	3	悪役令嬢が婚約破棄されたので、いまから俺が幸せにします。 : アンソロジーコミック. 3	アクヤクレイジョウガコンヤクハキサレタノデ、イマカラオレガシアワセニシマス。:ア		
9784758028042	2024.12	一迅社	LAKE	5	悪役令嬢の中の人 = The person in a villainess : 断罪された転生者のため嘘つきヒロインに復讐いたします. 5	アクヤクレイジョウノナカノヒト	白梅, ナズナ/まきぶろ	白梅ナズナ:漫画/まきぶろ:原作/紫真依:キャラクター原案
9784758019422	2024.12	一迅社	ベビードール×comics	2	悪役令嬢のはずが、絶倫溺愛ルートでトロトロに愛されちゃうアンソロジー. 2	アクヤクレイジョウノハズガ、ゼツリンデキアイルートデトロトロニアイサレチャウアン		
9784098631322	2024.12	小学館	ビッグスピリッツコミックススペシャル	volume9	あさドラ! : 連続漫画小説. volume9	アサドラ:レンゾクマンガショウセツ	浦沢, 直樹, 1960-	浦沢直樹:著
9784775321942	2024.12	新紀元社		闘魂伝承編	味のプロレス. 闘魂伝承編	アジノプロレス	アカツキ, 1975-	アカツキ:著
9784575339598	2024.12	双葉社	JOUR COMICS	1	アスチルベ = Astilbe : 船底の花嫁. 1	アスチルベ	鈴木, 望	鈴木望:著
9784799219836	2024.12	キルタイムコミュニケーション	ヴァルキリーコミックス	4	アストロキング : 召喚勇者だけど下級認定されたのでメイドハーレムを作ります! 4	アストロキング:ショウカンユウシャダケドカキュウニンテイサレタノデメイドハーレム	GEN/竜庭, ケンジ	GEN:漫画/竜庭ケンジ:原作
9784824010155	2024.12	オーバーラップ	ラブパルフェコミックス		あちらの新海社長は絶倫・溺愛 : エリート野獣と甘イキ蜜夜	アチラノシンカイシャチョウワゼツリンデキアイ:エリートヤジュウトアマイキミツヤ	小川, つぐみ	小川つぐみ:著
9784046843746	2024.12	KADOKAWA	BRIDGE COMICS	上	あなたの妻じゃなくていいから : 謝罪する夫を許せますか? 上	アナタノツマジャナクテイイカラ:シャザイスルオットオユルセマスカ	上野, りゅうじん, 1980-	上野りゅうじん:著
9784803020458	2024.12	アース・スターエンターテイメント	EARTH STAR COMICS	7	姉に言われるがままに特訓をしていたら、とんでもない強さになっていた弟 : ブラコン姉に鍛えられすぎた新米冒険者、やがて英雄となる. 7	アネニイワレルガママニトックンオシテイタラトンデモナイツヨサニナッテイタオトウト	吉田, 杏/相模, 映	吉田杏, スコッティ:原作/相模映 漫画・原作:
9784575420340	2024.12	双葉社	モンスターコミックスf	6	姉の身代わりで婚約したら何故か辺境の聖女と呼ばれるようになりました. 6	アネノミガワリデコンヤクシタラナゼカヘンキョウノセイジョトヨバレルヨウニナリマシ	こなきなこ/冬月, 光輝	こなきなこ:漫画/冬月光輝:原作/先崎真琴:キャラクター原案
9784796417020	2024.12	海王社	Kaiohsha comics. &amp;. 		甘噛みと白昼夢	アマガミトハクチュウム	螺子, じじ	螺子じじ:
9784862796585	2024.12	モーターマガジン社	Motor Magazine Mook	11	雨はこれから. 11	アメワコレカラ	東本, 昌平	東本昌平 [作]:
9784434348891	2024.12	アルファポリス	アルファノルンCOMICS	4	あやかし蔵の管理人. 4	アヤカシグラノカンリニン	朝比奈, 和/北野, りりお	朝比奈和:原作/北野りりお:漫画/neyagi:キャラクター原案
9784868120148	2024.12	ワニマガジン社	WANIMAGAZINE COMICS SPEC		あること♪ないこと☆	アルコトナイコト	六角八十助 著	六角八十助:著
9784088843063	2024.12	集英社	ジャンプコミックス	3	暗黒デルタ = ANKOKU DELTA. 3	アンコクデルタ	有波	有波:著
9784910526720	2024.12	シュークリーム	from RED COMICS ; 067	1	イグナートの花嫁 = Bride of Ignat. 1	イグナートノハナヨメ	もり, もより	もりもより:著
9784434349997	2024.12	アルファポリス	アルファポリスCOMICS	8	いずれ最強の錬金術師? 8	イズレサイキョウノレンキンジュツシ	小狐丸/ささかま, たろう	小狐丸:原作/ささかまたろう:漫画/人米:キャラクター原案
9784832295940	2024.12	芳文社	Manga time KR comics. Ki	3	異世界サウナへようこそ! : ルナちゃんはととのいたい. 3	イセカイサウナエヨウコソ!:ルナチャンワトトノイタイ	はづき	はづき:著
9784867207130	2024.12	コアミックス	ゼノンコミックス	3	異世界仕立て屋ソフィア : 貧乏令嬢、現代知識で服を作ってみんなの暮らしを豊かにします. 3	イセカイシタテヤソフィア:ビンボウレイジョウ、ゲンダイチシキデフクオツクッテミン	今仲, 華月	今仲華月:
9784199508820	2024.12	徳間書店	Ryu comics unicorn	1	異世界←→地球間で個人貿易してみた. 1	イセカイ←→チキュウカンデコジンボウエキシテミタ	海老猫, 道楽/肥前, 文俊	海老猫道楽:漫画/肥前文俊:原作
9784799769973	2024.12	リブレ	クロフネcomics. くろふねピクシブシリーズ		異世界で溺愛王子ととろあま初夜♥ : TLアンソロジー	イセカイデデキアイオウジトトロアマショヤ♥:TLアンソロジー		
9784434347566	2024.12	アルファポリス	アルファポリスCOMICS	1	異世界二度目のおっさん、どう考えても高校生勇者より強い. 1	イセカイニドメノオッサンドウカンガエテモコウコウセイユウシャヨリツヨイ	八神, 凪/伊藤, ひずみ	八神凪:原作/伊藤ひずみ:漫画/岡谷:キャラクター原案
9784575420227	2024.12	双葉社	モンスターコミックスf	2	異世界のおチビちゃんは今日も何かを創り出す : スキル〈想像創造〉で目指せ成り上がり! 2	イセカイノオチビチャンワキョウモナニカオツクリダス:スキルソウゾウソウゾウデメザ	犬飼, りっぽ/ぱつきんすきー	犬飼りっぽ:漫画/ぱつきんすきー:原作/高瀬コウ:キャラクター原案
9784866753997	2024.12	フレックスコミックス	METEOR COMICS	2	異世界フィールドワークは今日も大変 = Fieldwork in another world is hard today. 2	イセカイフィールドワークワキョウモタイヘン	瀬戸, 涼子	瀬戸涼子:著
9784832295926	2024.12	芳文社	Manga time KR comics. Ki	1	異世界魔王ごっこ : 魔王は姫を倒したくない! 1	イセカイマオウゴッコ:マオウワヒメオタオシタクナイ!	むつをむつ/蒼井, ゆん	むつをむつ:原作/蒼井ゆん:作画
9784048996549	2024.12	ブシロードワークス	ブシロードコミックス		頂き女子を理解らせる!! : 性悪な女子にエッチな復讐アンソロジーコミック	イタダキジョシオワカラセル:ショウワルナジョシニエッチナフクシュウアンソロジーコ		
9784434346385	2024.12	アルファポリス	&amp;arche COMICS	1	いつから魔力がないと錯覚していた!? 1	イツカラマリョクガナイトサッカクシテイタ	犬丸, まお/黒川, レイジ	犬丸まお:原作/黒川レイジ:漫画/シェリー:キャラクター原案
9784823607776	2024.12	ジーオーティー	Bivy comic	あまあま同棲編	イッて終わりなわけがない! あまあま同棲編	イッテオワリナワケガナイ	こめおか, しぐ	こめおかしぐ:著
9784823607783	2024.12	ジーオーティー	Bivy comic		イッて終わりなわけがない!	イッテオワリナワケガナイ	こめおか, しぐ	こめおかしぐ:著
9784773066050	2024.12	笠倉出版社	Cult comics. Niμ collect	1	一匹狼の花嫁 : 結婚当日に「貴女を愛せない」と言っていた旦那さまの様子がおかしいのですが. 1	イッピキオオカミノハナヨメ:ケッコントウジツニ「アナタオアイセナイ」トイッテイタ	百迦, にごう/Mikura	百迦にごう:漫画/Mikura:原作
9784758019439	2024.12	一迅社		3	妹はシスコン兄がめんどくさい. 3	イモウトワシスコンアニガメンドクサイ	ヨシミズ	ヨシミズ:著
9784865377408	2024.12	ゲネシス	GENESYS COMICS		淫靡なトラップに嵌められる女たち : 罠に堕ちた人妻とアイドル	インビナトラップニハメラレルオンナタチ:ワナニオチタヒトズマトアイドル	鬼窪浩久 著	鬼窪浩久:著
9784798635200	2024.12	ホビージャパン	HJコミックス ; HJC365	11	ウォルテニア戦記. 11	ウォルテニアセンキ	保利, 亮太, 1980-/八木, ゆかり/アラヰ, フミ	保利亮太:原作/八木ゆかり:漫画/アラヰフミ 構成・演出:
9784334105198	2024.12	光文社	光文社BL COMICS	上	ウサミミヤンキー!! : 俺の獲物に噛みつきたい. 上	ウサミミヤンキー:オレノエモノニカミツキタイ	御茶漬, わさび	御茶漬わさび [著]:
9784334105204	2024.12	光文社	光文社BL COMICS	下	ウサミミヤンキー!! : 俺の獲物に噛みつきたい. 下	ウサミミヤンキー:オレノエモノニカミツキタイ	御茶漬, わさび	御茶漬わさび [著]:
9784098728503	2024.12	小学館	プチコミックフラワーコミックスα	6	うしろに何かみえてますが. 6	ウシロニナニカミエテマスガ	赤石, 路代	赤石路代:著
9784867207055	2024.12	コアミックス	ゼノンコミックス	2	渦神 : 分裂増殖人間. 2	ウズガミ:ブンレツゾウショクニンゲン	山口, 貴巳/大城, 密	山口貴巳:漫画/大城密:原作
9784866753973	2024.12	フレックスコミックス	POLARIS COMICS	3	嘘婚ロマン : 契約結婚のはずなのに、クールな旦那様に溺愛されています. 3	ウソコンロマン:ケイヤクケッコンノハズナノニクールナダンナサマニデキアイサレテイ	奈院, ゆりえ/マチバリ	奈院ゆりえ:漫画/マチバリ:原作
9784868120155	2024.12	ワニマガジン社	WANIMAGAZINE COMICS SPEC		内気なカノジョ	ウチキナカノジョ	を図さとる 著	を図さとる:著
9784098536207	2024.12	小学館	裏少年サンデーコミックス	5	ウマ娘プリティーダービーうまむすめし. 5	ウマムスメプリティーダービーウマムスメシ	浅草, 九十九/Cygames	浅草九十九:著/Cygames:原作
9784758027991	2024.12	一迅社	DNA media comics = DNAメデ		ウマ娘プリティーダービー : コミックアンソロジー : vacation	ウマムスメプリティーダービー:コミックアンソロジー:バケーション		
9784091794666	2024.12	小学館	Shonen Sunday Comics Spe		うる星やつら公式ファンブックDancing Star	ウルセイヤツラコウシキファンブックダンシングスター	高橋, 留美子, 1957-	高橋留美子:著
9784758028011	2024.12	一迅社		02	ウルフちゃんは澄ましたい = wolf chan wants to put on an unconcerned air. 02	ウルフチャンワスマシタイ	ホンノ, シオリ	ホンノシオリ:著
9784575381955	2024.12	双葉社	Chillche comics		売れっ子漫画家とひよっ子ボイス	ウレッコマンガカトヒヨッコボイス	茶葉, なな	茶葉なな:著
9784832204669	2024.12	芳文社	芳文社コミックス	1	雲上に歌いて、君を待つ。. 1	ウンジョウニウタイテ、キミオマツ。	村田, 椰融	村田椰融:
9784592712510	2024.12	白泉社			英国軍艦ジャーヴィス・ベイ = HMS JERVIS BAY BRITISH ARMED MERCHANT CRUISER	エイコクグンカンジャーヴィスベイ	黒井, 緑	黒井緑:著
9784867943601	2024.12	TOブックス	コロナ・コミックス	10	英雄魔術師はのんびり暮らしたい@COMIC. 10	エイユウマジュツシワノンビリクラシタイアットマークコミック	福成, 冠智/柊, 遊馬	福成冠智:著/柊遊馬:原作/あり子:キャラクター原案
9784758028073	2024.12	一迅社	LB COMICS	3	エッチな××漏れてます…っ! 3	エッチナバツバツモレテマスッ	青mori	青mori:著
9784434350009	2024.12	アルファポリス	アルファポリスCOMICS	4	えっ、能力なしでパーティ追放された俺が全属性魔法使い!? 4	エッノウリョクナシデパーティツイホウサレタオレガゼンゾクセイマホウツカイ	たかた, ちひろ/目楼, 保	たかたちひろ:原作/目楼保:漫画/たば:キャラクター原案
9784091498571	2024.12	小学館			F THE TRiBUTE藤子・F・不二雄トリビュート&amp;原作アンソロジー	エフザトリビュートフジコエフフジオトリビュートアンドゲンサクアンソロジー	藤子, 不二雄F, 1933-1996/浅野, いにお, 1980-/石黒, 正	藤子・F・不二雄 [ほか]:著
9784575420159	2024.12	双葉社	モンスターコミックス	3	Fランク冒険者の成り上がり : 俺だけができる《ステータス操作》で最強へと至る. 3	エフランクボウケンシャノナリアガリ:オレダケガデキルステータスソウサデサイキョウ	二世, めぐる/まるせい	二世めぐる:漫画/まるせい:原作/いずみけい:キャラクター原案
9784867166659	2024.12	マイクロマガジン社	Ride Comics	04	エロいスキルで異世界無双 : THE COMIC. 04	エロイスキルデイセカイムソウ:ザコミック	薬味紅生姜/まさなん	薬味紅生姜:漫画/まさなん:原作/B-銀河:キャラクター原案
9784799219584	2024.12	キルタイムコミュニケーション	二次元ドリームコミックス ; 757	2	エローナ. 2	エローナ	山田ゴゴゴ 著	山田ゴゴゴ:著
9784775530436	2024.12	オークラ出版	オークラコミックス. ミンティコミックス	2	おいしいからだ。. 2	オイシイカラダ。	青井, うえ	青井うえ:著
9784098045846	2024.12	小学館	My first big	もはや日本食!?いつもの中華料理編	美味しんぼ : 名品集. もはや日本食!?いつもの中華料理編	オイシンボ:メイヒンシュウ	雁屋, 哲, 1941-/花咲, アキラ, 1956-	雁屋哲:作/花咲アキラ:画
9784864957045	2024.12	大都社	Daitosha comic. Daito co	5	オオカミ課長のキスは甘い : 冷徹上司の裏の顔. 5	オオカミカチョウノキスワアマイ:レイテツジョウシノウラノカオ	一之瀬, 絢	一之瀬絢:
9784098728152	2024.12	小学館	flowersフラワーコミックスα	5	狼の娘. 5	オオカミノムスメ	小玉, ユキ	小玉ユキ:著
9784845867615	2024.12	リイド社	SPコミックス. SP next		大判鬼平犯科帳 : 蛙の長助	オオバンオニヘイハンカチョウ:カエルノチョウスケ	さいとう, たかを, 1936-2021/池波, 正太郎, 1923-1990/	さいとう・たかを:/池波正太郎:原作/久保田千太郎 脚色:
9784823607868	2024.12	ジーオーティー	GOT COMICS		犯され催眠 : 男子1人しかいない学園で性格最悪の女達に犯されまくる	オカサレサイミン:ダンシヒトリシカイナイガクエンデセイカクサイアクノオンナタチニ	しんどう 漫画	しんどう:漫画
9784821159345	2024.12	ぶんか社	BK COMICS f	2	お金が大好きな平民の私は卑屈貴族と契約結婚して愛し愛されます. 2	オカネガダイスキナヘイミンノワタクシワヒクツキゾクトケイヤクケッコンシテアイシア	青井, さび/ゴルゴンゾーラ三国	青井さび:漫画/ゴルゴンゾーラ三国:原作
9784576241067	2024.12	SGH	Futami La Roseraieコミックス		幼馴染は溺愛クールビューティー	オサナナジミワデキアイクールビューティー	しもくら/斎原	しもくら:漫画/斎原:原作
9784799219553	2024.12	キルタイムコミュニケーション	二次元ドリームコミックス ; 755		おしかけ!爆乳ギャルハーレム性活THE BOOK	オシカケバクニュウギャルハーレムセイカツザブック	ひし形とまる 著	ひし形とまる:著
9784592721536	2024.12	白泉社	HANAMARU COMICS PREMIUM	2	推しの桂真くんにガチ恋してます. 2	オシノケイマクンニガチコイシテマス	三浦, うに	三浦うに:著
9784824203335	2024.12	一二三書房	LAVARE comics	1	お嬢さんの契約カレシ。. 1	オジョウサンノケイヤクカレシ	織島, かのこ/咲月, 晴	織島かのこ:原作/咲月晴:漫画/白谷ゆう:キャラクター原案
9784758027984	2024.12	一迅社	IDコミックス. Yurihime comics	3	おそとごはんをご一緒に. 3	オソトゴハンオゴイッショニ	はづき	はづき:著
9784823607714	2024.12	ジーオーティー	GOT COMICS		Oppai in the sky	オッパイインザスカイ	天空太一 著	天空太一:著
9784758019354	2024.12	一迅社	IDコミックス. カラフルハピネス	8	お父さん、私この結婚イヤです! 8	オトウサン、ワタクシコノケッコンイヤデス!	Roal/yuri/Hong, Heesu	Roal:作画/yuri 文:/Hong Heesu:原作
9784758019347	2024.12	一迅社	IDコミックス. カラフルハピネス	8	お父さん、私この結婚イヤです! 8	オトウサン、ワタクシコノケッコンイヤデス!	Roal/yuri/Hong, Heesu	Roal:作画/yuri 文:/Hong Heesu:原作
9784829626900	2024.12	プランタン出版	オパールCOMICS. kiss	2	義弟を好きになってもいいですか : 猫かぶりの甘い罠. 2	オトウトオスキニナッテモイイデスカ:ネコカブリノアマイワナ	沙絵子	沙絵子:著
9784845867585	2024.12	リイド社	SPコミックス	21	鬼切丸伝. 21	オニキリマルデン	楠, 桂, 1966-	楠桂:
9784865182408	2024.12	大誠社	Only Lips comics. めちゃコミッ	4	鬼上司の溺愛が止まりません = MY STRICT BOSS ALWAYS LOVES ME. 4	オニジョウシノデキアイガトマリマセン	大島, 幸也	大島幸也:著
9784107727794	2024.12	新潮社	Bunch comics. Coral	5	おひとりさまホテル : don&#39;t disturb. 5	オヒトリサマホテル:don&#39;tdisturb	マキ, ヒロチ	まろ:原案/マキヒロチ:漫画
9784088843018	2024.12	集英社	ジャンプコミックス	2	おぼろとまち. 2	オボロトマチ	石ト, 悠良	石ト悠良:著
9784758027960	2024.12	一迅社	IDコミックス. Yurihime comics		おままごとのおわり。 : さかさな短編集	オママゴトノオワリ。:サカサナタンペンシュウ	さかさな	さかさな:著
9784821159215	2024.12	ぶんか社	BK COMICS f	1	汚名を着せられ婚約破棄された伯爵令嬢は、結婚に理想は抱かない. 1	オメイオキセラレコンヤクハキサレタハクシャクレイジョウワケッコンニリソウワイダカ	黒色豆腐/花宵/酒井, だんごむし	黒色豆腐:漫画/花宵:原作/酒井だんごむし:構成
9784785978143	2024.12	少年画報社	ぐる漫	No. 79 (カキフライ編)	思い出食堂. No. 79 (カキフライ編)	オモイデショクドウ		
9784091497963	2024.12	小学館	コロコロコミックス	5	オレだけはマトモくん. 5	オレダケワマトモクン	中村, 夏寿紀, 1992-	中村夏寿紀:著
9784821159543	2024.12	ぶんか社	Bunkasha comics	Vol. 45	俺流!絶品めし. Vol. 45	オレリュウ!ゼッピンメシ		
9784098631049	2024.12	小学館	ビッグコミックス	13	お別れホスピタル = Owakare Hospital. 13	オワカレホスピタル	沖田, ×華, 1979-	沖田×華:著
9784778038861	2024.12	小学館クリエイティブ			終わりと始まりのマイルス = Mailvs Exitvs et Ortvs	オワリトハジマリノマイルス	鬼頭, 莫宏	鬼頭莫宏:著
9784091794680	2024.12	小学館	ゲッサン少年サンデーコミックススペシャル	3	海外縁にまかせて歩くだけ。. 3	カイガイエンニマカセテアルクダケ	五箇, 野人	五箇野人:著
9784074607181	2024.12	主婦の友社			介護はじまりました : ままならないアラフィフたち	カイゴハジマリマシタ:ママナラナイアラフィフタチ	月野, まる/太田, 差惠子, 1960-	月野まる:著/太田差惠子:監修
9784107727770	2024.12	新潮社	Bunch comics	17	怪獣自衛隊. 17	カイジュウジエイタイ	井上, 淳哉, 1971-	井上淳哉:
9784778033637	2024.12	小学館クリエイティブ			帰ってきたウルトラマン = Return of ULTRAMAN : 内山まもるウルトラ作品集	カエッテキタウルトラマン	内山, まもる, 1949-2011/円谷プロダクション	内山まもる:著/円谷プロダクション:監修
9784861174629	2024.12	文苑堂	バベルコミックス		楓と鈴	カエデトスズ	きょくちょ 著	きょくちょ:著
9784868120186	2024.12	ワニマガジン社	WANIMAGAZINE COMICS SPEC		kakao Early Days	カカオアーリーデイズ	kakao 著	kakao:著
9784575860337	2024.12	双葉社	ACTION COMICS	4	かくして!マキナさん!! 4	カクシテマキナサン	里, 好	里好:著
9784088843483	2024.12	集英社	ジャンプコミックス	05	カグラバチ. 05	カグラバチ	外薗, 健	外薗健:著
9784309421575	2024.12	河出書房新社	河出文庫 ; ま27-1	温泉旅は好きですか編	かけ湯くん : 旅する温泉漫画. 温泉旅は好きですか編	カケユクン:タビスルオンセンマンガ	松本, 英子	松本英子:著
9784396750626	2024.12	祥伝社	FC	7	かしましめし. 7	カシマシメシ	オカザキ, マリ, 1967-	おかざき真里:
9784098045853	2024.12	小学館	My first big special. さい		風よ雲よ剣よ : 吹雪に一人行く	カゼヨクモヨケンヨ:フブキニヒトリユク	さいとう, たかを, 1936-2021/さいとうプロダクション	さいとう・たかを:
9784758027977	2024.12	一迅社	IDコミックス. Yurihime comics	1	カナリアは綺羅星の夢をみる. 1	カナリアワキラボシノユメオミル	sheepD	sheepD:著
9784801942301	2024.12	竹書房	BAMBOO ESSAY SELECTION		彼女が女風に通うワケ : 元セラピストが語る女性用風俗の真実	カノジョガジョフウニカヨウワケ:モトセラピストガカタルジョセイヨウフウゾクノシン	カナメ, キヌコ	カナメキヌコ:漫画/リオ:原案
9784845867639	2024.12	リイド社	SP comics. リイドカフェ・コミックス	5	彼女のカレラ. 5	カノジョノカレラ	麻宮, 騎亜, 1963-	麻宮騎亜:著
9784845867646	2024.12	リイド社	SP comics. リイドカフェ・コミックス	6	彼女のカレラ. 6	カノジョノカレラ	麻宮, 騎亜, 1963-	麻宮騎亜:著
9784199508776	2024.12	徳間書店	Ryu comics	9	壁サー同人作家の猫屋敷くんは承認欲求をこじらせている. 9	カベサードウジンサッカノネコヤシキクンワショウニンヨッキュウオコジラセテイル	ミナモト, カズキ	ミナモトカズキ:
9784864166935	2024.12	一水社	光彩コミックス ; 90. Boys L		カミーユの鳥籠	カミーユノトリカゴ	高杉, 桂	高杉桂:
9784091498342	2024.12	小学館	コロコロコミックス	5	神様のアルバイト. 5	カミサマノアルバイト	石井, 敬士, 1986-	石井敬士:著
9784832204638	2024.12	芳文社	Houbunsha comics = 芳文社コミ	Vol. 36	神様のバレー. Vol. 36	カミサマノバレー	西崎, 泰正/渡辺, ツルヤ	西崎泰正:作画/渡辺ツルヤ:原作
9784799219805	2024.12	キルタイムコミュニケーション	アンリアルコミックス ; 324	10	カラーコミックコレクション : 別冊コミックアンリアル. 10	カラーコミックコレクション:ベッサツコミックアンリアル		
9784823607745	2024.12	ジーオーティー	MeDu COMICS	4	カラフルグレー = COLORFUL GRAY. 4	カラフルグレー	躯咲, マドロミ	躯咲マドロミ:著
9784592222118	2024.12	白泉社	花とゆめCOMICS	26	学園ベビーシッターズ. 26	ガクエンベビーシッターズ	時計野, はり	時計野はり:著
9784575420395	2024.12	双葉社	モンスターコミックス	7	学園物の乙女ゲームの世界に転生したけど、チート持ちの背景男子生徒だったようです。. 7	ガクエンモノノオトメゲームノセカイニテンセイシタケドチートモチノハイケイダンシセ	穂積, 可添/ながせ	穂積可添:漫画/ながせ:原作
9784391163995	2024.12	主婦と生活社	Comic PASH! PC Fiore	6	妃教育から逃げたい私 = I want to escape from princess education. 6	キサキキョウイクカラニゲタイワタクシ	菅田, うり/沢野, いずみ	菅田うり:漫画/沢野いずみ:原作/夢咲ミル:キャラクター原案
9784785978105	2024.12	少年画報社	ねこぱんちコミックス	26	キジトラ猫の小梅さん. 26	キジトラネコノコウメサン	ほしの, なつみ	ほしのなつみ:著
9784099425401	2024.12	小学館			機獣新世紀zoids core box	キジュウシンセイキzoidscorebox	小学館	コロコロ企画室:
9784824203519	2024.12	一二三書房	NOVA COMICS	10	鬼畜英雄. 10	キチクエイユウ	よのき	よのき:著
9784088842882	2024.12	集英社	ジャンプコミックス	2	気になるあの子はカエル好き = That Girl Loves Frogs. 2	キニナルアノコワカエルズキ	松本, 勇祐	松本勇祐:著
9784868120193	2024.12	ワニマガジン社	WANIMAGAZINE COMICS SPEC		君を堕とした証	キミオオトシタアカシ	堀博昭 著	堀博昭:著
9784866753904	2024.12	フレックスコミックス	POLARIS COMICS	4	今日、駅で見た可愛い女の子。 = CUTE GIRL I SAW AT THE STATION TODAY. 4	キョウエキデミタカワイイオンナノコ	さかな, こうじ	さかなこうじ:著
9784824010414	2024.12	オーバーラップ	ガルドコミックス	13	境界迷宮と異界の魔術師 = BOUNDARY LABYRINTH AND MAGICIAN OF ALIEN WORLD. 13	キョウカイメイキュウトイカイノマジュツシ	小野崎, えいじ/ばう	小野崎えいじ:原作/ばう:漫画/鍋島テツヒロ:キャラクター原案
9784098728213	2024.12	小学館	ちゃおコミックス	9	今日からパパは神様です。. 9	キョウカラパパワカミサマデス	寺本, 実月	寺本実月:著
9784813054313	2024.12	大洋図書	ミリオンコミックス. Emperor&#39;s		今日もあの世で待ち合わせ : みなぎ得一初期作品集	キョウモアノヨデマチアワセ:ミナギトクイチショキサクヒンシュウ	みなぎ, 得一	みなぎ得一:著
9784099431723	2024.12	小学館			きらりん☆レボリューション20th anniversary book	キラリン☆レボリューション20thanniversarybook	中原, 杏	中原杏:原作
9784758086141	2024.12	一迅社	IDコミックス. Rex comics	2	ギャルがオタクの家に入り浸ってエッチに沼るアンソロジーコミック. 2	ギャルガオタクノイエニイリビタッテエッチニヌマルアンソロジーコミック		
9784785978150	2024.12	少年画報社	思い出食堂コミックス		牛丼も幸せも特盛で : 食の短編集熱き心の15品	ギュウドンモシアワセモトクモリデ:ショクノタンペンシュウアツキココロノジュウゴヒ	和泉, ひろき	和泉ひろき:著
9784868120162	2024.12	ワニマガジン社	WANIMAGAZINE COMICS SPEC		空想カノジョのグリモワール	クウソウカノジョノグリモワール	さいおがうま 著	さいおがうま:著
9784434345555	2024.12	ブラスト出版	occupai	[4]	クーデレづま. [4]	クーデレズマ	七草天音 著	七草天音:著
9784867166772	2024.12	マイクロマガジン社	コミックELMO	13	組長娘と世話係. 13	クミチョウムスメトセワガカリ	つきや	つきや:著
9784434345517	2024.12	彗星社	Glanz BLcomics	2	食らいついてよ、旦那さま. 2	クライツイテヨダンナサマ	ユキハル	ユキハル:著
9784815502720	2024.12	メディアソフト	Charles Comics ; No.270	上	クラスのイケメンと地味キャラがバンド組む話. 上	クラスノイケメントジミキャラガバンドクムハナシ	イズミ, ハルカ	イズミハルカ:著
9784815502744	2024.12	メディアソフト	Charles Comics ; No.272	下	クラスのイケメンと地味キャラがバンド組む話. 下	クラスノイケメントジミキャラガバンドクムハナシ	イズミ, ハルカ	イズミハルカ:著
9784596717245	2024.12	ハーパーコリンズ・ジャパン	ハーレクインコミックス・パール ; カ11-04		クリスマス・キス	クリスマスキス	河村, 恵利/Shalvis, Jill	河村恵利:著/ジル・シャルヴィス:原作
9784821159529	2024.12	ぶんか社	Bunkasha comics		胡桃ちのpresentsモノズキ散歩、お茶してきらり♡	クルミチノpresentsモノズキサンポ、オチャシテキラリ♡	胡桃, ちの	胡桃ちの:著
9784199610134	2024.12	徳間書店	Chara comics		クローゼットにお星さま	クローゼットニオホシサマ	風緒	風緒:著
9784592156000	2024.12	白泉社	HLC Silky PRESENTS	10	結婚×レンアイ。 = MARRiAGE LOVE. 10	ケッコンレンアイ	萩尾, 彬	萩尾彬:著
9784098631032	2024.12	小学館	ビッグコミックス	2	煙色のまほろば. 2	ケムリイロノマホロバ	後藤, うどん	後藤うどん:著
9784845867592	2024.12	リイド社	SPコミックス	50	剣客商売. 50	ケンカクショウバイ	大島, やすいち, 1954-/池波, 正太郎, 1923-1990/天沢, 彰	大島やすいち:/池波正太郎:原案
9784821159444	2024.12	ぶんか社	RK comics		ケン月影珠玉作品選 : 必殺紅お杏	ケンツキカゲシュギョクサクヒンセン:ヒッサツクレナイオキョウ	ケン月影	ケン月影:
9784592163145	2024.12	白泉社	YOUNG ANIMAL COMICS	12	拳奴死闘伝セスタス : CESTVS SERIES VOLUME 2. 12	ケンドシトウデンセスタス:セスタスシリーズ	技来, 静也	技来静也:著
9784434350023	2024.12	アルファポリス	アルファポリスCOMICS	1	ゲート0-zero- = GATE 0-zero- : 自衛隊銀座にて、斯く戦えり. 1	ゲートゼロ	柳内, たくみ/才谷屋, 龍一	柳内たくみ:原作/才谷屋龍一:漫画/Daisuke Izuka:キャラクター原案
9784434350016	2024.12	アルファポリス	アルファポリスCOMICS	26	ゲート = GATE : 自衛隊彼の地にて、斯く戦えり. 26	ゲート	柳内, たくみ/竿尾, 悟	柳内たくみ:原作/竿尾悟:漫画
9784867943564	2024.12	TOブックス	コロナ・コミックス	4	ゲーム世界転生〈ダン活〉～ゲーマーは〈ダンジョン就活のススメ〉を〈はじめから〉プレイする～@COMIC. 4	ゲームセカイテンセイダンカツゲーマーワダンジョンシュウカツノススメオハジメカラプ	浅葱, 洋/ニシキギ, カエデ	浅葱洋:著/ニシキギカエデ:原作/朱里:キャラクター原案
9784107727732	2024.12	新潮社	Bunch comics	2	外科医キアラは死亡フラグを許さない : 死人だらけのシナリオは、前世の知識で書きかえます. 2	ゲカイキアラワシボウフラグオユルサナイ:シニンダラケノシナリオワ、ゼンセノチシキ	焦田, シューマイ/冬芽, 沙也	焦田シューマイ:原作/冬芽沙也:漫画
9784799219898	2024.12	キルタイムコミュニケーション	二次元ドリームコミックス ; 756		コアクマ禁猟区	コアクマキンリョウク	緋乃ひの 著	緋乃ひの:著
9784867781258	2024.12	秋水社	SDC BLシリーズ. 担任×問題児Dom/Su		恋執switch	コイシュウswitch	彩田, あまた	彩田あまた:
9784823607721	2024.12	ジーオーティー	GOT COMICS		恋のガンファイト	コイノガンファイト	ナポ 著	ナポ:著
9784098728800	2024.12	小学館	フラワーコミックスα	5	後宮茶妃伝 : 寵妃は愛より茶が欲しい. 5	コウキュウチャヒデン:チョウヒワアイヨリチャガホシイ	唐澤, 和希/井山, くらげ	唐澤和希:原作/井山くらげ:漫画
9784801942370	2024.12	竹書房	華猫	1	皇帝陛下のスキャンダル☆ベイビー : 逃亡するはずが甘く捕まえられました. 1	コウテイヘイカノスキャンダルベイビー:トウボウスルハズガアマクツカマエラレマシタ	佐東, ゆかり/藍杜, 雫	佐東ゆかり:作画/藍杜雫:原作
9784098730469	2024.12	小学館	モバフラフラワーコミックスα	7	この極道調教中につき. 7	コノゴクドウチョウキョウチュウニツキ	夜神, 里奈	夜神里奈:著
9784299062765	2024.12	宝島社		2025	このマンガがすごい! 2025	コノマンガガスゴイ	宝島社	『このマンガがすごい!』編集部:編
9784802158336	2024.12	エックスワン	メディアパルムック	Vol.22	コミケPlus. Vol.22	コミケプラス		
9784845868018	2024.12	リイド社	パーフェクト・メモワール	Vol. 36	コミック艶. Vol. 36	コミックエン		
9784098728527	2024.12	小学館	プチコミックフラワーコミックスα	5	今宵もお待ちしております. 5	コヨイモオマチシテオリマス	北川, みゆき, 1967-	北川みゆき:著
9784813034117	2024.12	大洋図書	H &amp; C comics. Ihertz		怖がり男子を暴きたい	コワガリダンシオアバキタイ	ときた, ほのじ	ときたほのじ:著
9784868120124	2024.12	ワニマガジン社	WANIMAGAZINE COMICS SPEC		混血サキュバスたちの日常	コンケツサキュバスタチノニチジョウ	ちゅーりっふ。 著	ちゅーりっふ。:著
9784868120247	2025.1	ワニマガジン社	WANIMAGAZINE COMICS SPEC		あいとえき	アイトエキ	fu-ta 著	fu-ta:著
9784065382028	2025.1	講談社	講談社文庫 ; こ97-1		愛の人やなせたかし	アイノヒトヤナセタカシ	小手鞠, るい, 1956-	小手鞠るい [著]:
9784106023071	2025.1	新潮社	とんぼの本		青池保子 : 騒がしき男たちとマンガの冒険	アオイケヤスコ:サワガシキオトコタチトマンガノボウケン	青池, 保子, 1948-/新潮社	青池保子:著/芸術新潮編集部:編
9784047381056	2025.1	KADOKAWA	HARTA COMIX		青の秘密 = Secrets in Blue	アオノヒミツ		
9784758086363	2025.1	一迅社	IDコミックス. Zero-sum comics	3	悪役令嬢ですが、ヒロインに攻略されてますわ!? : アンソロジーコミック. 3	アクヤクレイジョウデスガ、ヒロインニコウリャクサレテマスワ!?:アンソロジーコミ		
9784867943892	2025.1	TOブックス	コロナ・コミックス	8	アナザー・フロンティア・オンライン～生産系スキルを極めたらチートなNPCを雇えるようになりました～@COMIC. 8	アナザーフロンティアオンラインセイサンケイスキルオキワメタラチートナエヌピーシー	fufu/ぺんぎん	fufu:著/ぺんぎん:原作/YuzuKi:キャラクター原案
9784821159635	2025.1	ぶんか社	Bunkasha comics		あなたが体験した怖い話 : 前世の怖い因縁	アナタガタイケンシタコワイハナシ:ゼンセノコワイインネン		
9784408177151	2025.1	実業之日本社	マンサンコミックス		妖 : 輪廻の事件簿	アヤカシ:リンネノジケンボ	山本, まゆり/一綺, サチア/三原, 千恵利/説話社	山本まゆり, 一綺サチア, 三原千恵利, 紫垣まゆみ, 冬森雪湖:著/説話社 編集:
9784866538358	2025.1	コアマガジン	メガストアコミックスシリーズ ; No.787		アンダーザスカート	アンダーザスカート	SAEKI 著	SAEKI:著
9784434350849	2025.1	リベラル社			いくつになっても夢を追い続けるやなせたかしの言葉 = 80 WORDS OF TAKASHI YANASE	イクツニナッテモユメオオイツズケルヤナセタカシノコトバ	桑原, 晃弥, 1956-	桑原晃弥:著
9784823607936	2025.1	ジーオーティー	GOT COMICS		イケナイことだ～いすき	イケナイコトダーイスキ	mirudora 著	mirudora:著
9784823607950	2025.1	ジーオーティー	GOT COMICS		いけないよ、佐藤先生!	イケナイヨサトウセンセイ	高野真之 著	高野真之:著
9784823607967	2025.1	ジーオーティー	GOT COMICS		陰キャ優等生の性交体験	インキャユウトウセイノセイコウタイケン	広乃あずま 著	広乃あずま:著
9784868120261	2025.1	ワニマガジン社	WANIMAGAZINE COMICS SPEC		淫謀	インボウ	シャイン・ナビス 著	シャイン・ナビス:著
9784065400326	2025.7	講談社		45	宇宙兄弟 45	ウチュウキョウダイ	小山, 宙哉	小山宙哉著:
9784867943700	2025.1	TOブックス	コロナ・コミックス	4	羽林、乱世を翔る : 異伝淡海乃海. 4	ウリンランセオカケル:イデンアフミノウミ	藤科, 遥市, 1989-/イスラーフィール	藤科遥市:著/イスラーフィール:原作/碧風羽:キャラクター原案
9784867943878	2025.1	TOブックス	コロナ・コミックス	7	運命の番?ならばその赤い糸とやら切り捨てて差し上げましょう@COMIC = Threads of Fate?Well Then,I Shall Cut It Off. 7	ウンメイノツガイナラバソノアカイイトトヤラキリステテサシアゲマショウアットマーク	南澤, 久佳/音無, 砂月	南澤久佳:著/音無砂月:原作/iyutani:キャラクター原案
9784046843463	2025.1	KADOKAWA	フロースコミック	1	王子様などいりません! = I don&#39;t need a prince. : 脇役の金持ち悪女に転生していたので、今世では贅沢三昧に過ごします. 1	オウジサマナドイリマセン	ゆいまーる/別所, 燈	ゆいまーる:漫画/別所燈:原作/コユコム:キャラクター原案
9784107728159	2025.4	新潮社		20	応天の門 = Ohten no mon 20	オウテンノモン	灰原, 薬	灰原薬 [著]:
9784434347481	2025.1	ブラスト出版	occupai	[7]	おーばーふろぉ. [7]	オーバーフロォ	かいづか 著	かいづか:著
9784773066043	2025.1	笠倉出版社	Cult comics. Love chucol	7	幼馴染は一卵性の獣. 7	オサナナジミワイチランセイノケダモノ	あわい, ぽっぽ/さくら, 蒼	あわいぽっぽ, さくら蒼:著
9784046845146	2025.1	KADOKAWA	フロースコミック	1	鬼狩り神社の守り姫. 1	オニガリジンジャノマモリヒメ	牛舌/やしろ, 慧	牛舌:著/やしろ慧:原作/白谷ゆう:キャラクター原案
9784758019521	2025.1	一迅社	Lake		俺、異世界でとろとろに愛されちゃってます : アンソロジー	オレ、イセカイデトロトロニアイサレチャッテマス:アンソロジー		
9784867943885	2025.1	TOブックス	コロナ・コミックス	2	顔が見分けられない伯爵令嬢ですが、悪人公爵様に溺愛されています@COMIC = She is a countess whose face is unrecognizable,but she is doted upon by the evil	カオガミワケラレナイハクシャクレイジョウデスガアクニンコウシャクサマニデキアイサ	樋木, ゆいち/櫻田, りん	樋木ゆいち:著/櫻田りん:原作/紫藤むらさき:キャラクター原案
9784046828293	2025.1	KADOKAWA	フロースコミック	1	鴉天狗様と最愛の契り : 落ちこぼれの私が、最強のあやかしに執着されるまで. 1	カラステングサマトサイアイノチギリ:オチコボレノワタシガサイキョウノアヤカシニシ	七瀬, なつ/琴子	七瀬なつ:漫画/琴子:原作
9784758019507	2025.1	一迅社		2	カワイイ恋は着飾らない = DON&#39;T DRESS UP MY SWEET SWEET LOVE. 2	カワイイコイワキカザラナイ	直, 正也	直正也:著
9784870424555	2025.1	あまとりあ社	バイキングコミックススペシャル		監禁飼育 : JKペット	カンキンシイク:ジェイケイペット	やまのべきった 著	やまのべきった:著
9784778323332	2025.10	太田出版		1	起承転転 1	キショウテンテン	雁, 須磨子	雁須磨子著:
9784866538471	2025.1	コアマガジン	メガストアコミックスシリーズ ; No.789		キミ推しっ!	キミオシッ	雨宮ミズキ 著	雨宮ミズキ:著
9784823607929	2025.1	ジーオーティー	GOT COMICS		キミの本性を曝して	キミノホンショウオサラシテ	れい 著	れい:著
9784334808563	2025.1	光文社		3	キラー通りのソムリエ探偵. 3	キラードオリノソムリエタンテイ	天樹, 征丸, 1962-/草壁, エリザ	天樹征丸:原作/草壁エリザ:漫画
9784823607905	2025.1	ジーオーティー	GOT COMICS		KING of the PARADISE	キングオブザパラダイス	Karl 著	Karl:著
9784091582089	2025.12	小学館		21	薬屋のひとりごと : 猫猫の後宮謎解き手帳 21	クスリヤノヒトリゴト:マオマオノコウキュウナゾトキテチョウ	日向, 夏/倉田, 三ノ路/しの, とうこ	日向夏原作 ; 倉田三ノ路作画 ; しのとうこキャラクター原案:
9784091578815	2025.5	小学館		20	薬屋のひとりごと : 猫猫の後宮謎解き手帳 20	クスリヤノヒトリゴト:マオマオノコウキュウナゾトキテチョウ	日向, 夏/倉田, 三ノ路/しの, とうこ	日向夏原作 ; 倉田三ノ路作画 ; しのとうこキャラクター原案:
9784798636184	2025.1	ホビージャパン	HJコミックス ; HJC367	3	グランアヴェール : お守りの魔導師は最推しラスボスお兄様を救いたい. 3	グランアヴェール:オマモリノマドウシワサイオシラスボスオニイサマオスクイタイ	彩戸, ゆめ/夏河, もか	彩戸ゆめ:原作/夏河もか:漫画
9784868120216	2025.1	ワニマガジン社	WANIMAGAZINE COMICS SPEC		ケモミミの占術師	ケモミミノセンジュツシ	れぐでく 著	れぐでく:著
9784867166857	2025.1	マイクロマガジン社	Ride Comics	13	賢者の弟子を名乗る賢者 = She professed herself pupil of the wise man. : THE COMIC. 13	ケンジャノデシオナノルケンジャ	すえみつ, ぢっか/りゅうせん, ひろつぐ	すえみつぢっか:漫画/りゅうせんひろつぐ:原作/藤ちょこ:キャラクター原案
9784046844033	2025.2	KADOKAWA		14	外科医エリーゼ 14	ゲカイエリーゼ	mini/yuin	mini漫画 ; yuin原作 = Surgeon Elise:
9784046838629	2025.1	KADOKAWA	フロースコミック	1	皇帝廟の花嫁探し. 1	コウテイビョウノハナヨメサガシ	こより, さつき/藤乃, 早雪	こよりさつき:漫画/藤乃早雪:原作/Nardack:キャラクター原案
9784801942707	2025.1	竹書房	華猫	2	皇帝陛下のスキャンダル☆ベイビー : 逃亡するはずが甘く捕まえられました. 2	コウテイヘイカノスキャンダルベイビー:トウボウスルハズガアマクツカマエラレマシタ	佐東, ゆかり/藍杜, 雫	佐東ゆかり:作画/藍杜雫:原作
9784801942714	2025.1	竹書房	華猫	3	皇帝陛下のスキャンダル☆ベイビー : 逃亡するはずが甘く捕まえられました. 3	コウテイヘイカノスキャンダルベイビー:トウボウスルハズガアマクツカマエラレマシタ	佐東, ゆかり/藍杜, 雫	佐東ゆかり:作画/藍杜雫:原作
9784867943830	2025.1	TOブックス	コロナ・コミックス	3	心の声が聞こえる悪役令嬢は、今日も子犬殿下に翻弄される@COMIC. 3	ココロノコエガキコエルアクヤクレイジョウワキョウモコイヌデンカニホンロウサレルア	百畑, うな/かのん, 1988-	百畑うな:著/かのん:原作/Shabon:キャラクター原案
9784046844347	2025.1	KADOKAWA	fleur comics		この探偵、欲張りにつき	コノタンテイヨクバリニツキ	小津, リオ	小津リオ:著
9784864425186	2025.1	東京漫画社	MARBLE COMICS		こぼれるアンビバレンス	コボレルアンビバレンス	はかた	はかた:著
9784046844361	2025.1	KADOKAWA	MFコミックス. ジーンシリーズ		SERVAMPコンプリートガイドブック = SERVAMP COMPLETE GUIDE BOOK	サーヴァンプコンプリートガイドブック	田中, ストライク	田中ストライク:著
9784074602339	2025.1	主婦の友社			柴犬食堂の12カ月	シバイヌショクドウノジュウニカゲツ	影山, 直美	影山直美:著
