title	kana_slug	v2_slug	new_slug	type	changed	flag
麻雀放浪記2020	maajan-horoki-nisen-niju	maajan-horoki-nisen-niju	maajan-horoki-2020	音読み→数字	CHANGED	
10年間友達だと思ってた男の子に告白されるお話	junenkan-tomodachi-dato-omotteta-otokonoko-ni-kokuhaku-sareru-ohanashi	junenkan-tomodachi-dato-omotteta-otokonoko-ni-kokuhaku-sareru-ohanashi	10-nenkan-tomodachi-dato-omotteta-otokonoko-ni-kokuhaku-sareru-ohanashi	音読み→数字(先頭分割)	CHANGED	
139	isaku	isaku	isaku	no-segment		分かち書き無=token置換不可
カラスマ0条探題	karasuma-zerojo-tandai	karasuma-zerojo-tandai	karasuma-0-jo-tandai	音読み→数字(先頭分割)	CHANGED	
255の5コマ	nikoko-no-gokoma	nikoko-no-gokoma	nikoko-no-5-koma	音読み→数字(先頭分割) ; 訓読み/当て字 or sandhi	CHANGED	数字の読みがtoken分割と不一致(sandhi等)→要確認
ソードアート・オンライン 4コマ公式アンソロジー	sodo-aato-onrain-yonkoma-koshiki-ansorojii	sodo-aato-onrain-yonkoma-koshiki-ansorojii	sodo-aato-onrain-4-koma-koshiki-ansorojii	音読み→数字(先頭分割)	CHANGED	
AK-69の泣きメシ	eekee-shikkusuteinain-no-nakimeshi	eekee-shikkusuteinain-no-nakimeshi	eekee-shikkusuteinain-no-nakimeshi	latin-mixed		latin混じり(別処理)
号外On BLUE 2nd SEASON	gogai-on-buru-sekando-shiizun	gogai-on-buru-sekando-shiizun	gogai-on-buru-sekando-shiizun	latin-mixed		latin混じり(別処理)
公爵夫人の50のお茶レシピ	koshaku-fujin-no-goju-no-ocha-reshipi	koshaku-fujin-no-goju-no-ocha-reshipi	koshaku-fujin-no-50-no-ocha-reshipi	音読み→数字	CHANGED	
デビル サバイバー2 THE ANIMATION	debiru-sabaibaa-2-the-animation	debiru-sabaibaa-2-the-animation	debiru-sabaibaa-2-the-animation	latin-mixed		latin混じり(別処理)
デビルサバイバー2 Show Your Free Will	debiru-sabaibaa-tsu-sho-yua-furii-uiru	debiru-sabaibaa-tsu-sho-yua-furii-uiru	debiru-sabaibaa-tsu-sho-yua-furii-uiru	latin-mixed		latin混じり(別処理)
ペルソナ5	perusona-faivu	perusona-faivu	perusona-5	英語読み付随→数字	CHANGED	
花嫁修業をやめたくて、冷徹公爵の13番目の婚約者になります	hanayome-shugyo-wo-yametakute-reitetsu-koshaku-no-ju-san-banme-no-konyakusha-ni-narimasu	hanayome-shugyo-wo-yametakute-reitetsu-koshaku-no-ju-san-banme-no-konyakusha-ni-narimasu	hanayome-shugyo-wo-yametakute-reitetsu-koshaku-no-13-banme-no-konyakusha-ni-narimasu	音読み→数字	CHANGED	
秘蜜なbody 21	himitsu-na-bodi-nijuichi	himitsu-na-bodi-nijuichi	himitsu-na-bodi-nijuichi	latin-mixed		latin混じり(別処理)
君と100回目の恋	kimi-to-hyakkaime-no-koi	kimi-to-hyakkaime-no-koi	kimi-to-100-kaime-no-koi	音読み→数字(先頭分割)	CHANGED	
死神様と4人の彼女	shinigami-sama-to-4nin-no-kanojo	shinigami-sama-to-4nin-no-kanojo	4-nigamisama-to-4nin-no-kanojo	音読み→数字(先頭分割)	CHANGED	
20面相におねがい!!	nijumenso-ni-onegai	nijumenso-ni-onegai	20-menso-ni-onegai	音読み→数字(先頭分割)	CHANGED	
20面相におねがい!!	20menso-ni-onegai	20menso-ni-onegai	20menso-ni-onegai	訓読み/当て字 or sandhi		数字の読みがtoken分割と不一致(sandhi等)→要確認
CLAMP PREMIUM COLLECTION魔法騎士(マジックナイト)レイアース2	kuranpu-puremiamu-korekushon-majikkunaito-reiaasu-tsu	kuranpu-puremiamu-korekushon-majikkunaito-reiaasu-tsu	kuranpu-puremiamu-korekushon-majikkunaito-reiaasu-tsu	latin-mixed		latin混じり(別処理)
魔法騎士レイアース2	majikku-naito-reiaasu-2	majikku-naito-reiaasu-2	majikku-naito-reiaasu-2	訓読み/当て字 or sandhi		数字の読みがtoken分割と不一致(sandhi等)→要確認
魔法騎士レイアース2	majikku-naito-reiaasu-tsu	majikku-naito-reiaasu-tsu	majikku-naito-reiaasu-2	英語読み付随→数字	CHANGED	
4コマのバハムート	4koma-no-bahamuto	4koma-no-bahamuto	4koma-no-bahamuto	訓読み/当て字 or sandhi		数字の読みがtoken分割と不一致(sandhi等)→要確認
艦隊これくしょん -艦これ-4コマコミック 吹雪、がんばります!	kantai-korekushon-kankore-yonkoma-komikku-fubuki-ganbarimasu	kantai-korekushon-kankore-yonkoma-komikku-fubuki-ganbarimasu	kantai-korekushon-kankore-4-koma-komikku-fubuki-ganbarimasu	音読み→数字(先頭分割)	CHANGED	
艦隊これくしょん-艦これ-4コマコミック 吹雪、がんばります!	kantai-korekushon-kankore-yonkoma-komikku-fubuki-ganbarimasu	kantai-korekushon-kankore-yonkoma-komikku-fubuki-ganbarimasu	kantai-korekushon-kankore-4-koma-komikku-fubuki-ganbarimasu	音読み→数字(先頭分割)	CHANGED	
大手ギルドで10人分働いている超優秀な俺をクビってマジですか?	ote-girudo-de-juninbun-hataraite-iru-cho-yushuna-ore-wo-kubitte-maji-desu-ka	ote-girudo-de-juninbun-hataraite-iru-cho-yushuna-ore-wo-kubitte-maji-desu-ka	ote-girudo-de-10-ninbun-hataraite-iru-cho-yushuna-ore-wo-kubitte-maji-desu-ka	音読み→数字(先頭分割)	CHANGED	
7人の眠り姫	shichinin-no-nemurihime	shichinin-no-nemurihime	7-nin-no-nemurihime	音読み→数字(先頭分割)	CHANGED	
12人の優しい殺し屋	12nin-no-yasashii-koroshiya	12nin-no-yasashii-koroshiya	12nin-no-yasashii-koroshiya	訓読み/当て字 or sandhi		数字の読みがtoken分割と不一致(sandhi等)→要確認
7年後で待ってる	nananen-go-de-matteru	nananen-go-de-matteru	7-nen-go-de-matteru	音読み→数字(先頭分割)	CHANGED	
ウィザードリィ4コマまんが王国	uizaadorii-4koma-manga-okoku	uizaadorii-4koma-manga-okoku	uizaadorii-4koma-manga-okoku	訓読み/当て字 or sandhi		数字の読みがtoken分割と不一致(sandhi等)→要確認
ストリートファイターⅡ 4コマまんが王国	sutoriito-faitaa-tsu-4koma-manga-okoku	sutoriito-faitaa-tsu-4koma-manga-okoku	sutoriito-faitaa-tsu-4koma-manga-okoku	訓読み/当て字 or sandhi		数字の読みがtoken分割と不一致(sandhi等)→要確認
新世紀エヴァンゲリオン 鋼鉄のガールフレンド2nd	shinseiki-evangerion-kotetsu-no-gaarufurendo-sekando	shinseiki-evangerion-kotetsu-no-gaarufurendo-sekando	shinseiki-evangerion-kotetsu-no-gaarufurendo-sekando	latin-mixed		latin混じり(別処理)
スーパードンキーコング 4コマまんが王国	supaa-donkiikongu-yonkoma-manga-okoku	supaa-donkiikongu-yonkoma-manga-okoku	supaa-donkiikongu-4-koma-manga-okoku	音読み→数字(先頭分割)	CHANGED	
スーパーマリオ 4コマまんが王国	supaa-mario-yonkoma-manga-okoku	supaa-mario-yonkoma-manga-okoku	supaa-mario-4-koma-manga-okoku	音読み→数字(先頭分割)	CHANGED	
スーパーマリオ64 4コマまんが王国	supaa-mario-rokujuyon-yonkoma-manga-okoku	supaa-mario-rokujuyon-yonkoma-manga-okoku	supaa-mario-64-4-koma-manga-okoku	音読み→数字 ; 音読み→数字(先頭分割)	CHANGED	
スーパーマリオヨッシーアイランド 4コマまんが王国	supaa-mario-yosshii-airando-yonkoma-manga-okoku	supaa-mario-yosshii-airando-yonkoma-manga-okoku	supaa-mario-yosshii-airando-4-koma-manga-okoku	音読み→数字(先頭分割)	CHANGED	
ぷよぷよ　4コマまんが王国	puyopuyo-yonkoma-manga-okoku	puyopuyo-yonkoma-manga-okoku	puyopuyo-4-koma-manga-okoku	音読み→数字(先頭分割)	CHANGED	
ボンバーマン4コマまんが王国	bonbaaman-yonkoma-manga-okoku	bonbaaman-yonkoma-manga-okoku	bonbaaman-4-koma-manga-okoku	音読み→数字(先頭分割)	CHANGED	
マリオカート64　4コマまんが王国	mario-kaato-rokujuyon-yonkoma-manga-okoku	mario-kaato-rokujuyon-yonkoma-manga-okoku	mario-kaato-64-4-koma-manga-okoku	音読み→数字 ; 音読み→数字(先頭分割)	CHANGED	
こじらせ転生魔王と7人のおしかけ乙女のラグナロク・システム	kojirase-tensei-mao-to-shichinin-no-oshikake-otome-no-ragunaroku-shisutemu	kojirase-tensei-mao-to-shichinin-no-oshikake-otome-no-ragunaroku-shisutemu	kojirase-tensei-mao-to-7-nin-no-oshikake-otome-no-ragunaroku-shisutemu	音読み→数字(先頭分割)	CHANGED	
5人いるっ!?	5nin-irutsu	5nin-irutsu	5nin-irutsu	訓読み/当て字 or sandhi		数字の読みがtoken分割と不一致(sandhi等)→要確認
37セカンズ	sanjunana-sekanzu	sanjunana-sekanzu	37-sekanzu	音読み→数字	CHANGED	
The idolm@ster million live!theater days 4コマシアターの日常	the-idolmster-million-livetheater-days-4-komashiataa-no-nichijo	the-idolmster-million-livetheater-days-4-komashiataa-no-nichijo	the-idolmster-million-livetheater-days-4-komashiataa-no-nichijo	latin-mixed		latin混じり(別処理)
リモート授業になったらクラス1の美少女と同居することになった	rimoto-jugyo-ni-nattara-kurasu-wan-no-bishojo-to-dokyo-suru-koto-ni-natta	rimoto-jugyo-ni-nattara-kurasu-wan-no-bishojo-to-dokyo-suru-koto-ni-natta	rimoto-jugyo-ni-nattara-kurasu-1-no-bishojo-to-dokyo-suru-koto-ni-natta	英語読み付随→数字	CHANGED	
K-1Jファイターズ	k1-j-faitaazu	k1-j-faitaazu	k1-j-faitaazu	latin-mixed		latin混じり(別処理)
1000歳年下の皇帝に執着されてます	sensai-toshishita-no-kotei-ni-shuchaku-saretemasu	sensai-toshishita-no-kotei-ni-shuchaku-saretemasu	1000-sai-toshishita-no-kotei-ni-shuchaku-saretemasu	音読み→数字(先頭分割)	CHANGED	
3itches三魔女	san-majo	san-majo	san-majo	latin-mixed		latin混じり(別処理)
ぷりぞな6	purizona-6	purizona-6	purizona-6	訓読み/当て字 or sandhi		数字の読みがtoken分割と不一致(sandhi等)→要確認
あと6日で滅びる崖っぷち国家のハーレムに召喚されてしまった	ato-muika-de-horobiru-gakeppuchi-kokka-no-haaremu-ni-shokan-sarete-shimatta	ato-muika-de-horobiru-gakeppuchi-kokka-no-haaremu-ni-shokan-sarete-shimatta	ato-muika-de-horobiru-gakeppuchi-kokka-no-haaremu-ni-shokan-sarete-shimatta	訓読み/当て字 or sandhi		数字の読みがtoken分割と不一致(sandhi等)→要確認
その英雄は余命99日	sono-eiyu-wa-yomei-kyujukyu-nichi	sono-eiyu-wa-yomei-kyujukyu-nichi	sono-eiyu-wa-yomei-99-nichi	音読み→数字	CHANGED	
0能者ミナト	zero-nosha-minato	zero-nosha-minato	0-nosha-minato	音読み→数字	CHANGED	
空を飛ぶ、3つの方法。	sora-o-tobu-3tsu-no-hoho	sora-o-tobu-3tsu-no-hoho	sora-o-tobu-3tsu-no-hoho	訓読み/当て字 or sandhi		数字の読みがtoken分割と不一致(sandhi等)→要確認
公爵夫人の50のお茶レシピ	koshaku-fujin-no-goju-no-ocha-reshipi	koshaku-fujin-no-goju-no-ocha-reshipi	koshaku-fujin-no-50-no-ocha-reshipi	音読み→数字	CHANGED	
青春、残り5分です。	seishun-nokori-gofun-desu	seishun-nokori-gofun-desu	seishun-nokori-5-fun-desu	音読み→数字(先頭分割)	CHANGED	
3Bの恋人	sanbii-no-koibito	sanbii-no-koibito	sanbii-no-koibito	latin-mixed		latin混じり(別処理)
落ちこぼれ〈☆1〉魔法使いは、今日も無意識にチートを使う	ochikobore-hoshi-ichi-mahotsukai-wa-kyo-mo-muishiki-ni-chiito-wo-tsukau	ochikobore-hoshi-ichi-mahotsukai-wa-kyo-mo-muishiki-ni-chiito-wo-tsukau	ochikobore-hoshi-1-mahotsukai-wa-kyo-mo-muishiki-ni-chiito-wo-tsukau	音読み→数字	CHANGED	
崩壊3rd THE COMIC	hokai-saado-za-komikku	hokai-saado-za-komikku	hokai-saado-za-komikku	latin-mixed		latin混じり(別処理)
10年越しの復讐	junen-goshi-no-fukushu	junen-goshi-no-fukushu	10-nen-goshi-no-fukushu	音読み→数字(先頭分割)	CHANGED	
餓狼伝説2	garo-densetsu-ni	garo-densetsu-ni	garo-densetsu-2	音読み→数字	CHANGED	
Angel Beats!The4コマ お空の死んだ世界から	enjieru-biitsu-za-yonkoma-osora-no-shinda-sekai-kara	enjieru-biitsu-za-yonkoma-osora-no-shinda-sekai-kara	enjieru-biitsu-za-yonkoma-osora-no-shinda-sekai-kara	latin-mixed		latin混じり(別処理)
Charlotte The 4コマ	shaarotto-za-yonkoma	shaarotto-za-yonkoma	shaarotto-za-yonkoma	latin-mixed		latin混じり(別処理)
僕らの千年と君が死ぬまでの30日間	bokura-no-sennen-to-kimi-ga-shinu-made-no-sanju-nichikan	bokura-no-sennen-to-kimi-ga-shinu-made-no-sanju-nichikan	bokura-no-sennen-to-kimi-ga-shinu-made-no-30-nichikan	音読み→数字	CHANGED	
恋の病と野郎組シーズン2	koi-no-yamai-to-yarogumi-shiizun-tsu	koi-no-yamai-to-yarogumi-shiizun-tsu	koi-no-yamai-to-yarogumi-shiizun-2	英語読み付随→数字	CHANGED	
ローゼンメイデン0	rozen-meiden-zero	rozen-meiden-zero	rozen-meiden-0	音読み→数字	CHANGED	
マジで付き合う15分前	maji-de-tsukiau-jugofunmae	maji-de-tsukiau-jugofunmae	maji-de-tsukiau-15-funmae	音読み→数字(先頭分割)	CHANGED	
役立たずスキルに人生を注ぎ込み25年、今さら最強の冒険譚	yakutatazu-sukiru-ni-jinsei-wo-sosogikomi-nijugo-nen-imasara-saikyo-no-boken-tan	yakutatazu-sukiru-ni-jinsei-wo-sosogikomi-nijugo-nen-imasara-saikyo-no-boken-tan	yakutatazu-sukiru-ni-jinsei-wo-sosogikomi-25-nen-imasara-saikyo-no-boken-tan	音読み→数字	CHANGED	
ストライクウィッチーズ第501統合戦闘航空団	sutoraiku-uitchiizu-daigohyakuichi-togo-sento-kokudan	sutoraiku-uitchiizu-daigohyakuichi-togo-sento-kokudan	sutoraiku-uitchiizu-daigohyakuichi-togo-sento-kokudan	訓読み/当て字 or sandhi		数字の読みがtoken分割と不一致(sandhi等)→要確認
ストライクウィッチーズ零 1937扶桑海事変	sutoraiku-uitchiizu-zero-1937-fusokai-jihen	sutoraiku-uitchiizu-zero-1937-fusokai-jihen	sutoraiku-uitchiizu-zero-1937-fusokai-jihen	訓読み/当て字 or sandhi		数字の読みがtoken分割と不一致(sandhi等)→要確認
19歳の夫には秘密がある	jukyusai-no-otto-niwa-himitsu-ga-aru	jukyusai-no-otto-niwa-himitsu-ga-aru	19-sai-no-otto-niwa-himitsu-ga-aru	音読み→数字(先頭分割)	CHANGED	
自由に生きようと転生したら、史上4人目の賢者様でした!?	jiyu-ni-ikiyo-to-tensei-shitara-shijo-yoninme-no-kenja-sama-deshita	jiyu-ni-ikiyo-to-tensei-shitara-shijo-yoninme-no-kenja-sama-deshita	jiyu-ni-ikiyo-to-tensei-4-tara-shijo-yoninme-no-kenjasama-deshita	音読み→数字(先頭分割)	CHANGED	
解雇された暗黒兵士〈30代〉のスローなセカンドライフ	kaiko-sareta-ankoku-heishi-sanjudai-no-suro-na-sekando-raifu	kaiko-sareta-ankoku-heishi-sanjudai-no-suro-na-sekando-raifu	kaiko-sareta-ankoku-heishi-30-dai-no-suro-na-sekando-raifu	音読み→数字(先頭分割)	CHANGED	
彼女のカレラGT3	kanojo-no-karera-gt3	kanojo-no-karera-gt3	kanojo-no-karera-gt3	latin-mixed		latin混じり(別処理)
7代祟りますので早く結婚してください!	nanadai-tatarimasu-node-hayaku-kekkon-shite-kudasai	nanadai-tatarimasu-node-hayaku-kekkon-shite-kudasai	7-dai-tatarimasu-node-hayaku-kekkon-shite-kudasai	音読み→数字(先頭分割)	CHANGED	
2度目の人生、と思ったら、実は3度目だった。～歴史知識と内政努力で不幸な歴史の改変に挑みます～@COMIC	nidome-no-jinsei-to-omottara-jitsuwa-sandome-datta-rekishi-chishiki-to-naisei-doryoku-de-fuko-na-rekishi-no-kaihen-ni-idomimasu-komikku	nidome-no-jinsei-to-omottara-jitsuwa-sandome-datta-rekishi-chishiki-to-naisei-doryoku-de-fuko-na-rekishi-no-kaihen-ni-idomimasu-komikku	nidome-no-jinsei-to-omottara-jitsuwa-sandome-datta-rekishi-chishiki-to-naisei-doryoku-de-fuko-na-rekishi-no-kaihen-ni-idomimasu-komikku	latin-mixed		latin混じり(別処理)
6のトリガー	roku-no-torigaa	roku-no-torigaa	6-no-torigaa	音読み→数字	CHANGED	
悪役令嬢レベル99	akuyaku-reijo-reberu-kyujukyu	akuyaku-reijo-reberu-kyujukyu	akuyaku-reijo-reberu-99	音読み→数字	CHANGED	
信じていた仲間達にダンジョン奥地で殺されかけたがギフト『無限ガチャ』でレベル9999の仲間達を手に入れて元パーティーメンバーと世界に復讐&『ざまぁ!』します!	shinjite-ita-nakamatachi-ni-danjon-okuchi-de-korosarekaketaga-gifuto-mugen-gacha-de-reberu-kyusenkyuhyakukyujukyu-no-nakamatachi-o-te-ni-irete-moto-paateii-menbaa-to-sekai-ni-fukushu-ando-zamaa-shimasu	shinjite-ita-nakamatachi-ni-danjon-okuchi-de-korosarekaketaga-gifuto-mugen-gacha-de-reberu-kyusenkyuhyakukyujukyu-no-nakamatachi-o-te-ni-irete-moto-paateii-menbaa-to-sekai-ni-fukushu-ando-zamaa-shimasu	shinjite-ita-nakamatachi-ni-danjon-okuchi-de-korosarekaketaga-gifuto-mugen-gacha-de-reberu-9999-no-nakamatachi-o-te-ni-irete-moto-paateii-menbaa-to-sekai-ni-fukushu-ando-zamaa-shimasu	音読み→数字	CHANGED	
ループ8周目は幸せな人生を	rupu-hasshume-wa-shiawase-na-jinsei-o	rupu-hasshume-wa-shiawase-na-jinsei-o	rupu-8-shume-wa-shiawase-na-jinsei-o	音読み→数字(先頭分割)	CHANGED	
ラッキードッグ1 BLAST	rakkiidoggu-wan-burasuto	rakkiidoggu-wan-burasuto	rakkiidoggu-wan-burasuto	latin-mixed		latin混じり(別処理)
ラッキードッグ1BLAST	rakkiidoggu-wan-burasuto	rakkiidoggu-wan-burasuto	rakkiidoggu-wan-burasuto	latin-mixed		latin混じり(別処理)
Lv 1魔王とワンルーム勇者	reberu-wan-mao-to-wanrumu-yusha	reberu-wan-mao-to-wanrumu-yusha	reberu-wan-mao-to-wanrumu-yusha	latin-mixed		latin混じり(別処理)
Lv 1魔王とワンルーム勇者	lv-1-mao-to-wanrumu-yusha	lv-1-mao-to-wanrumu-yusha	lv-1-mao-to-wanrumu-yusha	latin-mixed		latin混じり(別処理)
Fate/Grand Order-Epic of Remnant-亜種特異点2伝承地底世界アガルタ アガルタの女	feito-gurando-odaa-epikku-obu-remunanto-ashu-tokuiten-ni-densho-chitei-sekai-agaruta-agaruta-no-onna	feito-gurando-odaa-epikku-obu-remunanto-ashu-tokuiten-ni-densho-chitei-sekai-agaruta-agaruta-no-onna	feito-gurando-odaa-epikku-obu-remunanto-ashu-tokuiten-ni-densho-chitei-sekai-agaruta-agaruta-no-onna	latin-mixed		latin混じり(別処理)
Fate/Grand Order-Epic of Remnant-亜種特異点3/亜種並行世界 屍山血河舞台 下総国 英霊剣豪七番勝負	feito-gurando-odaa-epikku-obu-remunanto-ashu-tokuiten-san-ashu-heiko-sekai-shizan-ketsuga-butai-shimosanokuni-eirei-kengo-nanaban-shobu	feito-gurando-odaa-epikku-obu-remunanto-ashu-tokuiten-san-ashu-heiko-sekai-shizan-ketsuga-butai-shimosanokuni-eirei-kengo-nanaban-shobu	feito-gurando-odaa-epikku-obu-remunanto-ashu-tokuiten-san-ashu-heiko-sekai-shizan-ketsuga-butai-shimosanokuni-eirei-kengo-nanaban-shobu	latin-mixed		latin混じり(別処理)
プリズマ☆イリヤ3rei!!	purizuma-iriya-dorai	purizuma-iriya-dorai	purizuma-iriya-dorai	latin-mixed		latin混じり(別処理)
8.1山田悠介劇場	81-yamada-yusuke-gekijo	81-yamada-yusuke-gekijo	81-yamada-yusuke-gekijo	訓読み/当て字 or sandhi		数字の読みがtoken分割と不一致(sandhi等)→要確認
青春奇人伝!240学園	seishun-kijinden-nishio-gakuen	seishun-kijinden-nishio-gakuen	seishun-kijinden-nishio-gakuen	訓読み/当て字 or sandhi		数字の読みがtoken分割と不一致(sandhi等)→要確認
シャーロットには5人の弟子がいる	shaarotto-niwa-gonin-no-deshi-ga-iru	shaarotto-niwa-gonin-no-deshi-ga-iru	shaarotto-niwa-5-nin-no-deshi-ga-iru	音読み→数字(先頭分割)	CHANGED	
第3王子はスローライフをご所望	dai-san-oji-wa-suroraifu-wo-go-shomo	dai-san-oji-wa-suroraifu-wo-go-shomo	dai-3-oji-wa-suroraifu-wo-go-shomo	音読み→数字	CHANGED	
モンスター娘のお医者さん0	monsutaamusume-no-oisha-san-zero	monsutaamusume-no-oisha-san-zero	monsutaamusume-no-oishasan-0	音読み→数字	CHANGED	
おうちビールを100倍おいしくする方法	ochi-biiru-wo-hyakubai-oishiku-suru-hoho	ochi-biiru-wo-hyakubai-oishiku-suru-hoho	ochi-biiru-wo-100-bai-oishiku-suru-hoho	音読み→数字(先頭分割)	CHANGED	
10年後の和美ちゃん	10nengo-no-kazumi-chan	10nengo-no-kazumi-chan	10nengo-no-kazumichan	訓読み/当て字 or sandhi	CHANGED	数字の読みがtoken分割と不一致(sandhi等)→要確認
彼女がお兄ちゃんになったらしたい10のこと	kanojo-ga-onii-chan-ni-nattara-shitai-10-no-koto	kanojo-ga-onii-chan-ni-nattara-shitai-10-no-koto	kanojo-ga-oniichan-ni-nattara-shitai-10-no-koto	訓読み/当て字 or sandhi	CHANGED	数字の読みがtoken分割と不一致(sandhi等)→要確認
3分聖女の幸せぐーたら生活	sanpun-seijo-no-shiawase-gutara-seikatsu	sanpun-seijo-no-shiawase-gutara-seikatsu	3-pun-seijo-no-shiawase-gutara-seikatsu	音読み→数字(先頭分割)	CHANGED	
ぼくらの17-ON!	bokura-no-junana-on	bokura-no-junana-on	bokura-no-junana-on	latin-mixed		latin混じり(別処理)
機動戦士ガンダム第08MS小隊	kido-senshi-gandamu-dai-zerohachi-emuesu-shotai-firumukomikku	kido-senshi-gandamu-dai-zerohachi-emuesu-shotai-firumukomikku	kido-senshi-gandamu-dai-zerohachi-emuesu-shotai-firumukomikku	latin-mixed		latin混じり(別処理)
15才	15sai	15sai	15sai	no-segment		分かち書き無=token置換不可
清純戦闘力1万超えの同期と視えるわたし	seijun-sentoryoku-ichiman-koe-no-doki-to-mieru-watashi	seijun-sentoryoku-ichiman-koe-no-doki-to-mieru-watashi	seijun-sentoryoku-1-man-koe-no-doki-to-mieru-watashi	音読み→数字(先頭分割)	CHANGED	
ペルソナ4 4コマkings	perusona-fo-yonkoma-kingusu	perusona-fo-yonkoma-kingusu	perusona-fo-yonkoma-kingusu	latin-mixed		latin混じり(別処理)
ペルソナ4 4コマKINGS	perusona-4-4koma-kings	perusona-4-4koma-kings	perusona-4-4koma-kings	latin-mixed		latin混じり(別処理)
ペルソナ4ジ・アルティマックスウルトラスープレックスホールド	perusona-fo-ji-aruteimakkusu-urutora-supurekkusu-horudo	perusona-fo-ji-aruteimakkusu-urutora-supurekkusu-horudo	perusona-4-ji-aruteimakkusu-urutora-supurekkusu-horudo	英語読み付随→数字	CHANGED	
ペルソナ5メメントスミッション	perusona-faibu-mementosu-misshon	perusona-faibu-mementosu-misshon	perusona-5-mementosu-misshon	英語読み付随→数字	CHANGED	
ペルソナQシャドウオブザラビリンスSide:P4	perusona-kyu-shado-obu-za-rabirinsu-saido-pii-fo	perusona-kyu-shado-obu-za-rabirinsu-saido-pii-fo	perusona-kyu-shado-obu-za-rabirinsu-saido-pii-fo	latin-mixed		latin混じり(別処理)
サブマリン707	sabumarin-nanamarunana	sabumarin-nanamarunana	sabumarin-nanamarunana	訓読み/当て字 or sandhi		数字の読みがtoken分割と不一致(sandhi等)→要確認
なんで生きてるかわからない人和泉澄25歳	nande-ikiteruka-wakaranai-hito-izumi-sumi-25sai	nande-ikiteruka-wakaranai-hito-izumi-sumi-25sai	nande-ikiteruka-wakaranai-hito-izumi-sumi-25sai	訓読み/当て字 or sandhi		数字の読みがtoken分割と不一致(sandhi等)→要確認
池袋でホスト始めたら1億売れた話。	ikebukuro-de-hosuto-hajimetara-ichioku-ureta-hanashi	ikebukuro-de-hosuto-hajimetara-ichioku-ureta-hanashi	ikebukuro-de-hosuto-hajimetara-1-oku-ureta-hanashi	音読み→数字(先頭分割)	CHANGED	
男と女の2DK	otoko-to-onna-no-2dk	otoko-to-onna-no-2dk	otoko-to-onna-no-2dk	latin-mixed		latin混じり(別処理)
私が15歳ではなくなっても。	watashi-ga-jugosai-dewa-nakunattemo	watashi-ga-jugosai-dewa-nakunattemo	watashi-ga-15-sai-dewa-nakunattemo	音読み→数字(先頭分割)	CHANGED	
え?結婚って3次元でもできるんですか?	e-kekkon-tte-sanjigen-demo-dekirundesu-ka	e-kekkon-tte-sanjigen-demo-dekirundesu-ka	e-kekkon-tte-3-jigen-demo-dekirundesu-ka	音読み→数字(先頭分割)	CHANGED	
トップ10	toppu-ten	toppu-ten	toppu-10	英語読み付随→数字	CHANGED	
王子さまlv 1	oji-sama-reberu-wan	oji-sama-reberu-wan	oji-sama-reberu-wan	latin-mixed		latin混じり(別処理)
コーヒープリンス1号店	kohii-purinsu-1goten	kohii-purinsu-1goten	kohii-purinsu-1goten	訓読み/当て字 or sandhi		数字の読みがtoken分割と不一致(sandhi等)→要確認
1945年10代の戦争	1945nen-10dai-no-senso	1945nen-10dai-no-senso	1945nen-10dai-no-senso	訓読み/当て字 or sandhi		数字の読みがtoken分割と不一致(sandhi等)→要確認
100日後に死ぬ悪役令嬢は毎日がとても楽しい。	hyakunichi-go-ni-shinu-akuyaku-reijo-wa-mainichi-ga-totemo-tanoshii	hyakunichi-go-ni-shinu-akuyaku-reijo-wa-mainichi-ga-totemo-tanoshii	100-nichi-go-ni-shinu-akuyaku-reijo-wa-mainichi-ga-totemo-tanoshii	音読み→数字(先頭分割)	CHANGED	
2歳差の幼なじみ	nisaisa-no-osananajimi	nisaisa-no-osananajimi	2-saisa-no-osananajimi	音読み→数字(先頭分割)	CHANGED	
3組の幼なじみ	sankumi-no-osananajimi	sankumi-no-osananajimi	3-kumi-no-osananajimi	音読み→数字(先頭分割)	CHANGED	
異世界不倫2	isekai-furin-tsu	isekai-furin-tsu	isekai-furin-2	英語読み付随→数字	CHANGED	
レベル596の鍛冶見習い	reberu-gohyakukyujuroku-no-kaji-minarai	reberu-gohyakukyujuroku-no-kaji-minarai	reberu-596-no-kaji-minarai	音読み→数字	CHANGED	
300年引きこもり、作り続けてしまった骨董品《魔導具》が、軒並みチート級の魔導具だった件	sanbyakunen-hikikomori-tsukuri-tsuzukete-shimatta-kottohin-madogu-ga-nokinami-chiito-kyu-no-madogu-datta-ken	sanbyakunen-hikikomori-tsukuri-tsuzukete-shimatta-kottohin-madogu-ga-nokinami-chiito-kyu-no-madogu-datta-ken	300-nen-hikikomori-tsukuri-tsuzukete-shimatta-kottohin-madogu-ga-nokinami-chiito-kyu-no-madogu-datta-ken	音読み→数字(先頭分割)	CHANGED	
ボクとわたしの10年恋	boku-to-watashi-no-junenkoi	boku-to-watashi-no-junenkoi	boku-to-watashi-no-10-nenkoi	音読み→数字(先頭分割)	CHANGED	
鈴と3つごのボーイフレンド	suzu-to-mitsugo-no-boifurendo	suzu-to-mitsugo-no-boifurendo	suzu-to-mitsugo-no-boifurendo	訓読み/当て字 or sandhi		数字の読みがtoken分割と不一致(sandhi等)→要確認
3回まわって恋をして	3kai-mawatte-koi-o-shite	3kai-mawatte-koi-o-shite	3kai-mawatte-koi-o-shite	訓読み/当て字 or sandhi		数字の読みがtoken分割と不一致(sandhi等)→要確認
新宿69ヘヴン	shinjuku-shikkusuteinain-hevun	shinjuku-shikkusuteinain-hevun	shinjuku-69-hevun	英語読み付随→数字	CHANGED	
ジョジョの奇妙な冒険 第2部戦闘潮流総集編	jojo-no-kimyona-boken-dai-nibu-sento-choryu-soshuhen	jojo-no-kimyona-boken-dai-nibu-sento-choryu-soshuhen	jojo-no-kimyona-boken-dai-2-bu-sento-choryu-soshuhen	音読み→数字(先頭分割)	CHANGED	
ジョジョの奇妙な冒険 第3部スターダストクルセイダース総集編	jojo-no-kimyona-boken-dai-sanbu-sutaadasuto-kuruseidaasu-soshuhen	jojo-no-kimyona-boken-dai-sanbu-sutaadasuto-kuruseidaasu-soshuhen	jojo-no-kimyona-boken-dai-3-bu-sutaadasuto-kuruseidaasu-soshuhen	音読み→数字(先頭分割)	CHANGED	
ジョジョの奇妙な冒険第4部ダイヤモンドは砕けない総集編	jojo-no-kimyona-boken-dai-yonbu-daiyamondo-wa-kudakenai-soshuhen	jojo-no-kimyona-boken-dai-yonbu-daiyamondo-wa-kudakenai-soshuhen	jojo-no-kimyona-boken-dai-4-bu-daiyamondo-wa-kudakenai-soshuhen	音読み→数字(先頭分割)	CHANGED	
ひとつの布団にヤローが2人。	hitotsu-no-futon-ni-yaro-ga-futari	hitotsu-no-futon-ni-yaro-ga-futari	hitotsu-no-futon-2-yaro-ga-futari	音読み→数字	CHANGED	
ビックリマン2000	bikkuriman-nisen	bikkuriman-nisen	bikkuriman-2000	音読み→数字	CHANGED	
ここは俺に任せて先に行けと言ってから10年がたったら伝説になっていた。	koko-wa-ore-ni-makasete-saki-ni-yuke-to-itte-kara-10nen-ga-tattara-densetsu-ni-natteita	koko-wa-ore-ni-makasete-saki-ni-yuke-to-itte-kara-10nen-ga-tattara-densetsu-ni-natteita	koko-wa-ore-ni-makasete-saki-ni-yuke-to-itte-kara-10nen-ga-tattara-densetsu-ni-natteita	訓読み/当て字 or sandhi		数字の読みがtoken分割と不一致(sandhi等)→要確認
よよぎ2	yoyogi-tsu	yoyogi-tsu	yoyogi-2	英語読み付随→数字	CHANGED	
テイルズオブエターニア　4コママンガ劇場	teiruzu-obu-etaania-4koma-manga-gekijo	teiruzu-obu-etaania-4koma-manga-gekijo	teiruzu-obu-etaania-4koma-manga-gekijo	訓読み/当て字 or sandhi		数字の読みがtoken分割と不一致(sandhi等)→要確認
ドラゴンクエストⅦ 4コママンガ劇場	doragonkuesuto-sebun-yonkoma-manga-gekijo	doragonkuesuto-sebun-yonkoma-manga-gekijo	doragonkuesuto-sebun-4-koma-manga-gekijo	音読み→数字(先頭分割)	CHANGED	
ドラゴンクエストモンスターズ2 マルタのふしぎな鍵 4コママンガ劇場	doragonkuesuto-monsutaazu-tsu-maruta-no-fushigi-na-kagi-yonkoma-manga-gekijo	doragonkuesuto-monsutaazu-tsu-maruta-no-fushigi-na-kagi-yonkoma-manga-gekijo	doragonkuesuto-monsutaazu-2-maruta-no-fushigi-na-kagi-4-koma-manga-gekijo	英語読み付随→数字 ; 音読み→数字(先頭分割)	CHANGED	
ヴァルキリープロファイル 4コママンガ劇場	varukirii-purofairu-4koma-manga-gekijo	varukirii-purofairu-4koma-manga-gekijo	varukirii-purofairu-4koma-manga-gekijo	訓読み/当て字 or sandhi		数字の読みがtoken分割と不一致(sandhi等)→要確認
スターオーシャン セカンドストーリー 4コママンガ劇場	sutaa-oshan-sekando-sutorii-4koma-manga-gekijo	sutaa-oshan-sekando-sutorii-4koma-manga-gekijo	sutaa-oshan-sekando-sutorii-4koma-manga-gekijo	訓読み/当て字 or sandhi		数字の読みがtoken分割と不一致(sandhi等)→要確認
ゼルダの伝説 4コママンガ劇場	zeruda-no-densetsu-yonkoma-manga-gekijo	zeruda-no-densetsu-yonkoma-manga-gekijo	zeruda-no-densetsu-4-koma-manga-gekijo	音読み→数字(先頭分割)	CHANGED	
ゼルダの伝説時のオカリナ 4コママンガ劇場	zeruda-no-densetsu-toki-no-okarina-4koma-manga-gekijo	zeruda-no-densetsu-toki-no-okarina-4koma-manga-gekijo	zeruda-no-densetsu-toki-no-okarina-4koma-manga-gekijo	訓読み/当て字 or sandhi		数字の読みがtoken分割と不一致(sandhi等)→要確認
テイルズオブデスティニー　4コママンガ劇場	teiruzu-obu-disuteinii-yonkoma-manga-gekijo	teiruzu-obu-disuteinii-yonkoma-manga-gekijo	teiruzu-obu-disuteinii-4-koma-manga-gekijo	音読み→数字(先頭分割)	CHANGED	
ドラゴンクエストⅦ 4コママンガ劇場	doragon-kuesuto-7-4koma-manga-gekijo	doragon-kuesuto-7-4koma-manga-gekijo	doragon-kuesuto-7-4koma-manga-gekijo	訓読み/当て字 or sandhi		数字の読みがtoken分割と不一致(sandhi等)→要確認
ドラゴンクエストあるくんです 4コママンガ劇場	doragon-kuesuto-arukundesu-4koma-manga-gekijo	doragon-kuesuto-arukundesu-4koma-manga-gekijo	doragon-kuesuto-arukundesu-4koma-manga-gekijo	訓読み/当て字 or sandhi		数字の読みがtoken分割と不一致(sandhi等)→要確認
ドラゴンクエストモンスターズ テリーのワンダーランド 4コママンガ劇場	doragon-kuesuto-monsutaazu-terii-no-wandaarando-4koma-manga-gekijo	doragon-kuesuto-monsutaazu-terii-no-wandaarando-4koma-manga-gekijo	doragon-kuesuto-monsutaazu-terii-no-wandaarando-4koma-manga-gekijo	訓読み/当て字 or sandhi		数字の読みがtoken分割と不一致(sandhi等)→要確認
トルネコの大冒険2 不思議のダンジョン 4コママンガ劇場	toruneko-no-daiboken-2-fushigi-no-danjon-4koma-manga-gekijo	toruneko-no-daiboken-2-fushigi-no-danjon-4koma-manga-gekijo	toruneko-no-daiboken-2-fushigi-no-danjon-4koma-manga-gekijo	訓読み/当て字 or sandhi		数字の読みがtoken分割と不一致(sandhi等)→要確認
ファイアーエムブレムトラキア776　4コママンガ劇場	faiaa-emuburemu-torakia-776-4koma-manga-gekijo	faiaa-emuburemu-torakia-776-4koma-manga-gekijo	faiaa-emuburemu-torakia-776-4koma-manga-gekijo	訓読み/当て字 or sandhi		数字の読みがtoken分割と不一致(sandhi等)→要確認
ペルソナ2罪　4コママンガ劇場	perusona-2-tsumi-4koma-manga-gekijo	perusona-2-tsumi-4koma-manga-gekijo	perusona-2-tsumi-4koma-manga-gekijo	訓読み/当て字 or sandhi		数字の読みがtoken分割と不一致(sandhi等)→要確認
ペルソナ2罰　4コママンガ劇場	perusona-2-batsu-4koma-manga-gekijo	perusona-2-batsu-4koma-manga-gekijo	perusona-2-batsu-4koma-manga-gekijo	訓読み/当て字 or sandhi		数字の読みがtoken分割と不一致(sandhi等)→要確認
モンスターファーム 4コママンガ劇場	monsutaa-faamu-yonkoma-manga-gekijo	monsutaa-faamu-yonkoma-manga-gekijo	monsutaa-faamu-4-koma-manga-gekijo	音読み→数字(先頭分割)	CHANGED	
ワイルドアームズ2ndイグニッション 4コママンガ劇場	wairudo-aamuzu-2nd-igunisshon-4koma-manga-gekijo	wairudo-aamuzu-2nd-igunisshon-4koma-manga-gekijo	wairudo-aamuzu-2nd-igunisshon-4koma-manga-gekijo	latin-mixed		latin混じり(別処理)
星のカービィ64 4コママンガ劇場	hoshi-no-kaabii-64-4koma-manga-gekijo	hoshi-no-kaabii-64-4koma-manga-gekijo	hoshi-no-kaabii-64-4koma-manga-gekijo	訓読み/当て字 or sandhi		数字の読みがtoken分割と不一致(sandhi等)→要確認
第7天国	dai7-tengoku	dai7-tengoku	dai7-tengoku	訓読み/当て字 or sandhi		数字の読みがtoken分割と不一致(sandhi等)→要確認
シドニー行き714便	shidonii-iki-714bin	shidonii-iki-714bin	shidonii-iki-714bin	訓読み/当て字 or sandhi		数字の読みがtoken分割と不一致(sandhi等)→要確認
300年後に復活した大魔法使い	sanbyakunen-go-ni-fukkatsu-shita-dai-mahotsukai	sanbyakunen-go-ni-fukkatsu-shita-dai-mahotsukai	300-nen-go-ni-fukkatsu-shita-dai-mahotsukai	音読み→数字(先頭分割)	CHANGED	
大図書館の羊飼い Library 4 you	daitoshokan-no-hitsujikai-library-4-yo	daitoshokan-no-hitsujikai-library-4-yo	daitoshokan-no-hitsujikai-library-4-yo	latin-mixed		latin混じり(別処理)
9デイズワンダー	nain-deizu-wandaa	nain-deizu-wandaa	9-deizu-wandaa	英語読み付随→数字	CHANGED	
29歳独身は異世界で自由に生きた……かった。	nijukyusai-dokushin-wa-isekai-de-jiyu-ni-ikita-katta	nijukyusai-dokushin-wa-isekai-de-jiyu-ni-ikita-katta	29-sai-dokushin-wa-isekai-de-jiyu-ni-ikita-katta	音読み→数字(先頭分割)	CHANGED	
オレっち4コマ	oretchi-yonkoma	oretchi-yonkoma	oretchi-4-koma	音読み→数字(先頭分割)	CHANGED	
100点!!100人兄弟100物語	hyakuten-hyakunin-kyodai-hyaku-monogatari	hyakuten-hyakunin-kyodai-hyaku-monogatari	100-ten-hyakunin-kyodai-hyaku-monogatari	音読み→数字(先頭分割)	CHANGED	
スライムは最強たる可能性を秘めている～2回目の人生、ちゃんとスライムと向き合います～@COMIC	suraimu-wa-saikyo-taru-kanosei-wo-himete-iru-nikaime-no-jinsei-chanto-suraimu-to-mukiaimasu-komikku	suraimu-wa-saikyo-taru-kanosei-wo-himete-iru-nikaime-no-jinsei-chanto-suraimu-to-mukiaimasu-komikku	suraimu-wa-saikyo-taru-kanosei-wo-himete-iru-nikaime-no-jinsei-chanto-suraimu-to-mukiaimasu-komikku	latin-mixed		latin混じり(別処理)
メゾンプアナの7人の食卓	mezon-puana-no-shichinin-no-shokutaku	mezon-puana-no-shichinin-no-shokutaku	mezon-puana-no-7-nin-no-shokutaku	音読み→数字(先頭分割)	CHANGED	
100%除霊する男	hyakupaasento-jorei-suru-otoko	hyakupaasento-jorei-suru-otoko	100-paasento-jorei-suru-otoko	音読み→数字(先頭分割)	CHANGED	
ガールズ＆パンツァーの日常4コマコミックアンソロジー	gaaruzu-ando-pantsuaa-no-nichijo-yonkoma-komikku-ansorojii	gaaruzu-ando-pantsuaa-no-nichijo-yonkoma-komikku-ansorojii	gaaruzu-ando-pantsuaa-no-nichijo-4-koma-komikku-ansorojii	音読み→数字(先頭分割)	CHANGED	
ガールズ＆パンツァーの日常4コマコミックアンソロジー	gaaruzu-ando-pantsuaa-no-nichijo-yonkoma-komikku-ansorojii	gaaruzu-ando-pantsuaa-no-nichijo-yonkoma-komikku-ansorojii	gaaruzu-ando-pantsuaa-no-nichijo-4-koma-komikku-ansorojii	音読み→数字(先頭分割)	CHANGED	
ガールズ＆パンツァーリトルアーミー2	gaaruzu-ando-pantsuaa-ritoru-aamii-tsu	gaaruzu-ando-pantsuaa-ritoru-aamii-tsu	gaaruzu-ando-pantsuaa-ritoru-aamii-2	英語読み付随→数字	CHANGED	
900。	nainhandoreddo	nainhandoreddo	nainhandoreddo	no-segment		分かち書き無=token置換不可
3分聖女の幸せぐーたら生活	sanpun-seijo-no-shiawase-gutara-seikatsu	sanpun-seijo-no-shiawase-gutara-seikatsu	3-pun-seijo-no-shiawase-gutara-seikatsu	音読み→数字(先頭分割)	CHANGED	
機動戦士クロスボーン・ガンダムX-11	kido-senshi-kurosubon-gandamu-ekkusu-irebun	kido-senshi-kurosubon-gandamu-ekkusu-irebun	kido-senshi-kurosubon-gandamu-ekkusu-irebun	latin-mixed		latin混じり(別処理)
機動戦士クロスボーン・ガンダム鋼鉄の7人	kido-senshi-kurosubon-gandamu-kotetsu-no-shichinin	kido-senshi-kurosubon-gandamu-kotetsu-no-shichinin	kido-senshi-kurosubon-gandamu-kotetsu-no-7-nin	音読み→数字(先頭分割)	CHANGED	
5★G★B-ファイブ・ジーナー・ブラザーズ-	faibu-jiinaa-burazaazu	faibu-jiinaa-burazaazu	faibu-jiinaa-burazaazu	latin-mixed		latin混じり(別処理)
仮面ライダー913(カイザ)	kamen-raidaa-kaiza	kamen-raidaa-kaiza	kamen-raidaa-kaiza	訓読み/当て字 or sandhi		数字の読みがtoken分割と不一致(sandhi等)→要確認
ロックマン7	rokkuman-sebun	rokkuman-sebun	rokkuman-7	英語読み付随→数字	CHANGED	
ロックマン8	rokkuman-eito	rokkuman-eito	rokkuman-8	英語読み付随→数字	CHANGED	
戦国BASARA3 -Bloody Angel-	sengoku-basara-surii-buraddei-enjieru	sengoku-basara-surii-buraddei-enjieru	sengoku-basara-surii-buraddei-enjieru	latin-mixed		latin混じり(別処理)
アヴリル・ラヴィーン5つの願いごと	avuriru-raviin-itsutsu-no-negai-goto	avuriru-raviin-itsutsu-no-negai-goto	avuriru-raviin-itsutsu-no-negai-5-to	音読み→数字(先頭分割)	CHANGED	
101人目のアリス	101ninme-no-arisu	101ninme-no-arisu	101ninme-no-arisu	訓読み/当て字 or sandhi		数字の読みがtoken分割と不一致(sandhi等)→要確認
俺の妹がこんなに可愛いわけがない 4コマ公式アンソロジー	ore-no-imoto-ga-konna-ni-kawaii-wake-ga-nai-yonkoma-koshiki-ansorojii	ore-no-imoto-ga-konna-ni-kawaii-wake-ga-nai-yonkoma-koshiki-ansorojii	ore-no-imoto-ga-konna-ni-kawaii-wake-ga-nai-4-koma-koshiki-ansorojii	音読み→数字(先頭分割)	CHANGED	
機動戦士ガンダム4コマ最前線	kido-senshi-gandamu-4koma-furontorain	kido-senshi-gandamu-4koma-furontorain	kido-senshi-gandamu-4koma-furontorain	訓読み/当て字 or sandhi		数字の読みがtoken分割と不一致(sandhi等)→要確認
ダメドルと世界に1人だけのファン	damedoru-to-sekai-ni-hitori-dake-no-fan	damedoru-to-sekai-ni-hitori-dake-no-fan	damedoru-to-sekai-ni-hitori-dake-no-fan	訓読み/当て字 or sandhi		数字の読みがtoken分割と不一致(sandhi等)→要確認
4分間のマリーゴールド	yonpunkan-no-mariigorudo	yonpunkan-no-mariigorudo	4-punkan-no-mariigorudo	音読み→数字(先頭分割)	CHANGED	
35歳の選択	sanjugosai-no-sentaku	sanjugosai-no-sentaku	35-sai-no-sentaku	音読み→数字(先頭分割)	CHANGED	
2度目の人生は推しの食糧です!?	nidome-no-jinsei-wa-oshi-no-shokuryo-desu	nidome-no-jinsei-wa-oshi-no-shokuryo-desu	2-dome-no-jinsei-wa-oshi-no-shokuryo-desu	音読み→数字(先頭分割)	CHANGED	
31番目のユーリ	sanjuichi-banme-no-yuri	sanjuichi-banme-no-yuri	31-banme-no-yuri	音読み→数字	CHANGED	
魔王2099	mao-nisen-kyujukyu	mao-nisen-kyujukyu	mao-2099	音読み→数字	CHANGED	
レベル99冒険者によるはじめての領地経営	reberu-kyujukyu-bokensha-ni-yoru-hajimete-no-ryochi-keiei	reberu-kyujukyu-bokensha-ni-yoru-hajimete-no-ryochi-keiei	reberu-99-bokensha-ni-yoru-hajimete-no-ryochi-keiei	音読み→数字	CHANGED	
DQ4コマドラゴンクエストⅢそして伝説へ…	diikyu-yonkoma-doragon-kuesuto-surii-soshite-densetsu-e	diikyu-yonkoma-doragon-kuesuto-surii-soshite-densetsu-e	diikyu-yonkoma-doragon-kuesuto-surii-soshite-densetsu-e	latin-mixed		latin混じり(別処理)
ドラゴンクエスト1Pコミック劇場	doragonkuesuto-wan-pii-komikku-gekijo	doragonkuesuto-wan-pii-komikku-gekijo	doragonkuesuto-wan-pii-komikku-gekijo	latin-mixed		latin混じり(別処理)
ドラゴンクエスト4コママンガ劇場	doragonkuesuto-yonkoma-manga-gekijo	doragonkuesuto-yonkoma-manga-gekijo	doragonkuesuto-4-koma-manga-gekijo	音読み→数字(先頭分割)	CHANGED	
ドラゴンクエスト4コママンガ大全集	doragon-kuesuto-4koma-manga-daizenshu	doragon-kuesuto-4koma-manga-daizenshu	doragon-kuesuto-4koma-manga-daizenshu	訓読み/当て字 or sandhi		数字の読みがtoken分割と不一致(sandhi等)→要確認
けものフレンズ2	kemono-furenzu-ni	kemono-furenzu-ni	kemono-furenzu-2	音読み→数字	CHANGED	
36.5℃の天使	sanjurokutengodoshii-no-ivu	sanjurokutengodoshii-no-ivu	36-tengodoshii-no-ivu	音読み→数字(先頭分割) ; 訓読み/当て字 or sandhi	CHANGED	数字の読みがtoken分割と不一致(sandhi等)→要確認
高2にタイムリープした俺が、当時好きだった先生に告った結果	ko2-ni-taimu-riipu-shita-ore-ga-toji-sukidatta-sensei-ni-kokutta-kekka	ko2-ni-taimu-riipu-shita-ore-ga-toji-sukidatta-sensei-ni-kokutta-kekka	ko2-2-taimu-riipu-shita-ore-ga-toji-sukidatta-sensei-ni-kokutta-kekka	音読み→数字	CHANGED	
制服、深夜2時。	seifuku-shinya-niji	seifuku-shinya-niji	seifuku-shinya-2-ji	音読み→数字(先頭分割)	CHANGED	
スターダスト11	sutaa-dasuto-irebun	sutaa-dasuto-irebun	sutaa-dasuto-11	英語読み付随→数字	CHANGED	
コミック真・三國無双4ワンダーエボリューション	komikku-shin-sangoku-muso-4-wandaa-eboryushon	komikku-shin-sangoku-muso-4-wandaa-eboryushon	komikku-4-n-sangoku-muso-4-wandaa-eboryushon	音読み→数字(先頭分割)	CHANGED	
コミック戦国無双2 サムライサバイバー	komikku-sengoku-muso-2-samurai-sabaibaa	komikku-sengoku-muso-2-samurai-sabaibaa	komikku-sengoku-muso-2-samurai-sabaibaa	訓読み/当て字 or sandhi		数字の読みがtoken分割と不一致(sandhi等)→要確認
キャプテン2	kyaputen-tsu	kyaputen-tsu	kyaputen-2	英語読み付随→数字	CHANGED	
保留荘の奴ら season1	horyuso-no-yatsura	horyuso-no-yatsura	horyuso-no-yatsura	latin-mixed		latin混じり(別処理)
高1ですが異世界で城主はじめました	koichi-desuga-isekai-de-joshu-hajimemashita	koichi-desuga-isekai-de-joshu-hajimemashita	koichi-desuga-isekai-de-joshu-hajimemashita	訓読み/当て字 or sandhi		数字の読みがtoken分割と不一致(sandhi等)→要確認
24時のイタズラな彼女	nijuyoji-no-itazura-na-kanojo	nijuyoji-no-itazura-na-kanojo	nijuyoji-no-itazura-na-kanojo	訓読み/当て字 or sandhi		数字の読みがtoken分割と不一致(sandhi等)→要確認
ヴァンパイアセイヴァー4コマ決定版	uanpaia-seiuaa-4koma-ketteiban	uanpaia-seiuaa-4koma-ketteiban	uanpaia-seiuaa-4koma-ketteiban	訓読み/当て字 or sandhi		数字の読みがtoken分割と不一致(sandhi等)→要確認
ゲーパロ4コマグランプリ	geeparo-yonkoma-guranpuri	geeparo-yonkoma-guranpuri	geeparo-4-koma-guranpuri	音読み→数字(先頭分割)	CHANGED	
ゲームギャグ1Pコミック	geemu-gyagu-1p-komikku	geemu-gyagu-1p-komikku	geemu-gyagu-1p-komikku	latin-mixed		latin混じり(別処理)
ザ・キング・オブ・ファイターズ'97 4コマ決定版	za-kingu-obu-faitaazu-3997-4koma-ketteiban	za-kingu-obu-faitaazu-3997-4koma-ketteiban	za-kingu-obu-faitaazu-3997-4koma-ketteiban	訓読み/当て字 or sandhi		数字の読みがtoken分割と不一致(sandhi等)→要確認
ザ・キング・オブ・ファイターズ'97 コミックアンソロジー	za-kingu-obu-faitaazu-3997-komikku-ansorojii	za-kingu-obu-faitaazu-3997-komikku-ansorojii	za-kingu-obu-faitaazu-3997-komikku-ansorojii	訓読み/当て字 or sandhi		数字の読みがtoken分割と不一致(sandhi等)→要確認
サムライスピリッツ 4コマ決定版	samurai-supirittsu-4koma-ketteiban	samurai-supirittsu-4koma-ketteiban	samurai-supirittsu-4koma-ketteiban	訓読み/当て字 or sandhi		数字の読みがtoken分割と不一致(sandhi等)→要確認
スーパーストⅡ　4コマ決定版	supaa-suto-ni	supaa-suto-ni	supaa-suto-ni	訓読み/当て字 or sandhi		数字の読みがtoken分割と不一致(sandhi等)→要確認
真サムライスピリッツ 4コマ決定版	shin-samurai-supirittsu-yonkoma-ketteiban	shin-samurai-supirittsu-yonkoma-ketteiban	4-n-samurai-supirittsu-yonkoma-ketteiban	音読み→数字(先頭分割)	CHANGED	
Angel Beats! the 4コマ	angel-beats-the-4koma	angel-beats-the-4koma	angel-beats-the-4koma	latin-mixed		latin混じり(別処理)
**(はな)とキス付き2DK	hana-to-kisutsuki-nidiikee	hana-to-kisutsuki-nidiikee	hana-to-kisutsuki-nidiikee	latin-mixed		latin混じり(別処理)
僕とあやかしの365日	boku-to-ayakashi-no-sanbyakurokujugo-nichi	boku-to-ayakashi-no-sanbyakurokujugo-nichi	boku-to-ayakashi-no-365-nichi	音読み→数字	CHANGED	
リラックマ4クママンガ	rirakkuma-4kuma-manga	rirakkuma-4kuma-manga	rirakkuma-4kuma-manga	訓読み/当て字 or sandhi		数字の読みがtoken分割と不一致(sandhi等)→要確認
PSYCHO-PASS サイコパス 3	saikopasu-surii	saikopasu-surii	saikopasu-surii	latin-mixed		latin混じり(別処理)
PSYCHO-PASS サイコパス 3 FIRST INSPECTOR	saikopasu-san-faasuto-insupekutaa	saikopasu-san-faasuto-insupekutaa	saikopasu-san-faasuto-insupekutaa	latin-mixed		latin混じり(別処理)
偏差値30ギャルとガリ勉陰キャな俺。	hensachi-sanju-gyaru-to-gariben-inkya-na-ore	hensachi-sanju-gyaru-to-gariben-inkya-na-ore	hensachi-30-gyaru-to-gariben-inkya-na-ore	音読み→数字	CHANGED	
クロの戦記2	kuro-no-senki-tsu	kuro-no-senki-tsu	kuro-no-senki-2	英語読み付随→数字	CHANGED	
12時の権力者	12ji-no-kenryokusha	12ji-no-kenryokusha	12ji-no-kenryokusha	訓読み/当て字 or sandhi		数字の読みがtoken分割と不一致(sandhi等)→要確認
記録 12時の権力者外伝	kiroku-12ji-no-kenryokusha-gaiden	kiroku-12ji-no-kenryokusha-gaiden	kiroku-12ji-no-kenryokusha-gaiden	訓読み/当て字 or sandhi		数字の読みがtoken分割と不一致(sandhi等)→要確認
1年3組にゃんぱち先生!	1nen-3kumi-nyanpachi-sensei	1nen-3kumi-nyanpachi-sensei	1nen-3kumi-nyanpachi-sensei	訓読み/当て字 or sandhi		数字の読みがtoken分割と不一致(sandhi等)→要確認
資産100億スパダリ和装御曹司は腹黒い獣	shi-san-hyakuoku-supadari-waso-onzoshi-wa-haraguroi-kemono	shi-san-hyakuoku-supadari-waso-onzoshi-wa-haraguroi-kemono	shisan-100-oku-supadari-waso-onzoshi-wa-haraguroi-kemono	音読み→数字(先頭分割)	CHANGED	
SD頑駄無 武者○伝3	esudii-gandamu-musha-maruden-surii	esudii-gandamu-musha-maruden-surii	esudii-gandamu-musha-maruden-surii	latin-mixed		latin混じり(別処理)
機動戦士ガンダム0080	kido-senshi-gandamu-daburuo-eitei	kido-senshi-gandamu-daburuo-eitei	kido-senshi-gandamu-daburuo-80	英語読み付随→数字	CHANGED	
機動戦士ガンダム0083 REBELLION	kido-senshi-gandamu-daburuo-eiteisurii-riberion	kido-senshi-gandamu-daburuo-eiteisurii-riberion	kido-senshi-gandamu-daburuo-eiteisurii-riberion	latin-mixed		latin混じり(別処理)
武者○伝2	musha-maruden-tsu	musha-maruden-tsu	musha-maruden-2	英語読み付随→数字	CHANGED	
武者○伝3	musha-maruden-surii	musha-maruden-surii	musha-maruden-3	英語読み付随→数字	CHANGED	
夢王国と眠れる100人の王子様アンソロジー	yumeokoku-to-nemureru-hyakunin-no-oji-sama-ansorojii	yumeokoku-to-nemureru-hyakunin-no-oji-sama-ansorojii	yumeokoku-to-nemureru-100-nin-no-ojisama-ansorojii	音読み→数字(先頭分割)	CHANGED	
フランス人は10着しか服を持たない	furansujin-wa-jitchaku-shika-fuku-o-motanai	furansujin-wa-jitchaku-shika-fuku-o-motanai	furansujin-wa-10-chaku-shika-fuku-o-motanai	音読み→数字(先頭分割)	CHANGED	
100万回のスキをあげる	hyakumankai-no-suki-o-ageru	hyakumankai-no-suki-o-ageru	100-mankai-no-suki-o-ageru	音読み→数字(先頭分割)	CHANGED	
恋文と13歳の女優	koibumi-to-jusansai-no-joyu	koibumi-to-jusansai-no-joyu	koibumi-to-13-sai-no-joyu	音読み→数字(先頭分割)	CHANGED	
伝説のレベル1勇者	densetsu-no-reberu-ichi-yusha	densetsu-no-reberu-ichi-yusha	densetsu-no-reberu-1-yusha	音読み→数字	CHANGED	
アイドルマスター2 Colorful Days	aidoru-masutaa-2-karafuru-deizu	aidoru-masutaa-2-karafuru-deizu	aidoru-masutaa-2-karafuru-deizu	latin-mixed		latin混じり(別処理)
'89-長野∞連合-	hachikyu-nagano-rengo	hachikyu-nagano-rengo	hachikyu-nagano-rengo	訓読み/当て字 or sandhi		数字の読みがtoken分割と不一致(sandhi等)→要確認
86-エイティシックス-オペレーション・ハイスクール	eiteishikkusu-opereeshon-haisukuru	eiteishikkusu-opereeshon-haisukuru	86-opereeshon-haisukuru	英語読み付随→数字	CHANGED	
86-エイティシックス-フラグメンタルネオテニー	eiteishikkusu-furagumentaru-neotenii	eiteishikkusu-furagumentaru-neotenii	86-furagumentaru-neotenii	英語読み付随→数字	CHANGED	
無職転生～4コマになっても本気だす～	mushoku-tensei-yonkoma-ni-nattemo-honki-dasu	mushoku-tensei-yonkoma-ni-nattemo-honki-dasu	mushoku-tensei-4-koma-ni-nattemo-honki-dasu	音読み→数字(先頭分割)	CHANGED	
皇太子と婚約したら余命が10年に縮んだので、謎解きはじめます!	kotaishi-to-konyaku-shitara-yomei-ga-junen-ni-chijinda-node-nazotoki-hajimemasu	kotaishi-to-konyaku-shitara-yomei-ga-junen-ni-chijinda-node-nazotoki-hajimemasu	kotaishi-to-konyaku-shitara-yomei-ga-10-nen-ni-chijinda-node-nazotoki-hajimemasu	音読み→数字(先頭分割)	CHANGED	
ファイナルファンタジー15公式コミックアンソロジー	fainaru-fantajii-fifuteiin-koshiki-komikku-ansorojii	fainaru-fantajii-fifuteiin-koshiki-komikku-ansorojii	fainaru-fantajii-15-koshiki-komikku-ansorojii	英語読み付随→数字	CHANGED	
悪女と噂される公爵令嬢なので、3年後に離縁しますっ!	akujo-to-uwasa-sareru-koshaku-reijo-nanode-sannengo-ni-rien-shimasu	akujo-to-uwasa-sareru-koshaku-reijo-nanode-sannengo-ni-rien-shimasu	akujo-to-uwasa-sareru-koshaku-reijo-nanode-3-nengo-ni-rien-shimasu	音読み→数字(先頭分割)	CHANGED	
宝くじで40億当たったんだけど異世界に移住する	takarakuji-de-yonjuoku-atattandakedo-isekai-ni-iju-suru	takarakuji-de-yonjuoku-atattandakedo-isekai-ni-iju-suru	takarakuji-de-40-oku-atattandakedo-isekai-ni-iju-suru	音読み→数字(先頭分割)	CHANGED	
ぷよぷよ　4コマギャグバトル	puyopuyo-yonkoma-gyagu-batoru	puyopuyo-yonkoma-gyagu-batoru	puyopuyo-4-koma-gyagu-batoru	音読み→数字(先頭分割)	CHANGED	
ヨッシーストーリー 4コマギャグバトル	yosshii-sutorii-yonkoma-gyagu-batoru-nikoniko-hen	yosshii-sutorii-yonkoma-gyagu-batoru-nikoniko-hen	yosshii-sutorii-4-koma-gyagu-batoru-nikoniko-hen	音読み→数字(先頭分割)	CHANGED	
星のカービィスーパーデラックス 4コマギャグバトル	hoshi-no-kaabii-supaa-derakkusu-yonkoma-gyagu-batoru	hoshi-no-kaabii-supaa-derakkusu-yonkoma-gyagu-batoru	hoshi-no-kaabii-supaa-derakkusu-4-koma-gyagu-batoru	音読み→数字(先頭分割)	CHANGED	
スーパーダンガンロンパ2 さよなら絶望学園	supaa-danganronpa-tsu-sayonara-zetsubo-gakuen	supaa-danganronpa-tsu-sayonara-zetsubo-gakuen	supaa-danganronpa-2-sayonara-zetsubo-gakuen	英語読み付随→数字	CHANGED	
スーパーダンガンロンパ2七海千秋のさよなら絶望大冒険	supaa-dangan-ronpa-2-nanami-chiaki-no-sayonara-zetsubo-kuesuto	supaa-dangan-ronpa-2-nanami-chiaki-no-sayonara-zetsubo-kuesuto	supaa-dangan-ronpa-2-nanami-chiaki-no-sayonara-zetsubo-kuesuto	訓読み/当て字 or sandhi		数字の読みがtoken分割と不一致(sandhi等)→要確認
スーパーダンガンロンパ2超高校級の幸運と希望と絶望	supaa-dangan-ronpa-2-chokokokyu-no-koun-to-kibo-to-zetsubo	supaa-dangan-ronpa-2-chokokokyu-no-koun-to-kibo-to-zetsubo	supaa-dangan-ronpa-2-chokokokyu-no-koun-to-kibo-to-zetsubo	訓読み/当て字 or sandhi		数字の読みがtoken分割と不一致(sandhi等)→要確認
スーパーダンガンロンパ2南国ぜつぼうカーニバル!	supaa-danganronpa-tsu-nangoku-zetsubo-kaanibaru	supaa-danganronpa-tsu-nangoku-zetsubo-kaanibaru	supaa-danganronpa-2-nangoku-zetsubo-kaanibaru	英語読み付随→数字	CHANGED	
レベル1だけどユニークスキルで最強です	reberu-ichi-dakedo-yuniiku-sukiru-de-saikyo-desu	reberu-ichi-dakedo-yuniiku-sukiru-de-saikyo-desu	reberu-1-dakedo-yuniiku-sukiru-de-saikyo-desu	音読み→数字	CHANGED	
2ndバージンのじょうずな捨て方	sekando-baajin-no-jozu-na-sutekata	sekando-baajin-no-jozu-na-sutekata	sekando-baajin-no-jozu-na-sutekata	latin-mixed		latin混じり(別処理)
濡れトロ3P	nuretoro-sanpii	nuretoro-sanpii	nuretoro-sanpii	latin-mixed		latin混じり(別処理)
スパイ教室4部	supai-kyoshitsu-yonbu	supai-kyoshitsu-yonbu	supai-kyoshitsu-4-bu	音読み→数字(先頭分割)	CHANGED	
PSO2ニュージェネシスせんとらるっ!	piiesuotsu-nyu-jieneshisu-sentoraru	piiesuotsu-nyu-jieneshisu-sentoraru	piiesuotsu-nyu-jieneshisu-sentoraru	latin-mixed		latin混じり(別処理)
戦場のヴァルキュリア2 our only days	senjo-no-varukyuria-tsu-awaa-onrii-deizu	senjo-no-varukyuria-tsu-awaa-onrii-deizu	senjo-no-varukyuria-tsu-awaa-onrii-deizu	latin-mixed		latin混じり(別処理)
ファンタシースターオンライン2ぷそ煮コミ	fantashii-sutaa-onrain-tsu-pusonikomi	fantashii-sutaa-onrain-tsu-pusonikomi	fantashii-sutaa-onrain-2-pusonikomi	英語読み付随→数字	CHANGED	
GRAVITY DAZE2 重力的眩暈追想譚	gurabitei-deizu-tsu-juryokuteki-genun-tsuiso-tan	gurabitei-deizu-tsu-juryokuteki-genun-tsuiso-tan	gurabitei-deizu-tsu-juryokuteki-genun-tsuiso-tan	latin-mixed		latin混じり(別処理)
どれだけ努力しても万年レベル0の俺は追放された	doredake-doryoku-shitemo-mannen-reberu-zero-no-ore-wa-tsuiho-sareta	doredake-doryoku-shitemo-mannen-reberu-zero-no-ore-wa-tsuiho-sareta	doredake-doryoku-shitemo-mannen-reberu-0-no-ore-wa-tsuiho-sareta	音読み→数字	CHANGED	
ダンジョンが現れて5年、15歳でダンジョンに挑むことにした。	danjon-ga-arawarete-gonen-jugosai-de-danjon-ni-idomu-koto-ni-shita	danjon-ga-arawarete-gonen-jugosai-de-danjon-ni-idomu-koto-ni-shita	danjon-ga-arawarete-5-nen-15-sai-de-danjon-ni-idomu-koto-ni-shita	音読み→数字(先頭分割)	CHANGED	
彼女たちのメシがマズい100の理由	kanojotachi-no-meshi-ga-mazui-hyaku-no-riyu	kanojotachi-no-meshi-ga-mazui-hyaku-no-riyu	kanojotachi-no-meshi-ga-mazui-100-no-riyu	音読み→数字	CHANGED	
キューティーハニー90's激闘伝説	kyuteii-hanii-nainteiizu-gekito-densetsu	kyuteii-hanii-nainteiizu-gekito-densetsu	kyuteii-hanii-nainteiizu-gekito-densetsu	latin-mixed		latin混じり(別処理)
30点かあさん	30ten-kaa-san	30ten-kaa-san	30ten-kaasan	訓読み/当て字 or sandhi	CHANGED	数字の読みがtoken分割と不一致(sandhi等)→要確認
マラソン1年生	marason-1nensei	marason-1nensei	marason-1nensei	訓読み/当て字 or sandhi		数字の読みがtoken分割と不一致(sandhi等)→要確認
クラスで2番目に可愛い女の子と友だちになった	kurasu-de-nibanme-ni-kawaii-onnanoko-to-tomodachi-ni-natta	kurasu-de-nibanme-ni-kawaii-onnanoko-to-tomodachi-ni-natta	kurasu-de-2-banme-ni-kawaii-onnanoko-to-tomodachi-ni-natta	音読み→数字(先頭分割)	CHANGED	
1Fの騎士	ikkai-no-kishi	ikkai-no-kishi	ikkai-no-kishi	latin-mixed		latin混じり(別処理)
神速の改造戦士009	shinsoku-no-kaizo-senshi-zerozeronain	shinsoku-no-kaizo-senshi-zerozeronain	shinsoku-no-kaizo-senshi-zerozeronain	訓読み/当て字 or sandhi		数字の読みがtoken分割と不一致(sandhi等)→要確認
GALS POLICE24時	gals-police24ji	gals-police24ji	gals-police24ji	latin-mixed		latin混じり(別処理)
4コマカピバラさん	yonkoma-kapibara-san	yonkoma-kapibara-san	4-koma-kapibarasan	音読み→数字(先頭分割)	CHANGED	
転生難民少女は市民権を0から目指して働きます!@COMIC	tensei-nanmin-shojo-wa-shiminken-wo-zero-kara-mezashite-hatarakimasu-komikku	tensei-nanmin-shojo-wa-shiminken-wo-zero-kara-mezashite-hatarakimasu-komikku	tensei-nanmin-shojo-wa-shiminken-wo-zero-kara-mezashite-hatarakimasu-komikku	latin-mixed		latin混じり(別処理)
2.5次元の推しがクラスメイトになりました!?	niitengo-jigen-no-oshi-ga-kurasumeito-ni-narimashita	niitengo-jigen-no-oshi-ga-kurasumeito-ni-narimashita	2-tengo-jigen-no-oshi-ga-kurasumeito-ni-narimashita	音読み→数字(先頭分割) ; 訓読み/当て字 or sandhi	CHANGED	数字の読みがtoken分割と不一致(sandhi等)→要確認
天使の3P!	tenshi-no-suriipiisu	tenshi-no-suriipiisu	tenshi-no-suriipiisu	latin-mixed		latin混じり(別処理)
天使の3P!の3P!!	tenshi-no-suriipiisu-no-sanpeeji	tenshi-no-suriipiisu-no-sanpeeji	tenshi-no-suriipiisu-no-sanpeeji	latin-mixed		latin混じり(別処理)
レベル0の無能探索者と蔑まれても実は世界最強です	reberu-zero-no-muno-tansakusha-to-sagesumaretemo-jitsu-wa-sekai-saikyo-desu	reberu-zero-no-muno-tansakusha-to-sagesumaretemo-jitsu-wa-sekai-saikyo-desu	reberu-0-no-muno-tansakusha-to-sagesumaretemo-jitsu-wa-sekai-saikyo-desu	音読み→数字	CHANGED	
イチャイチャするとお金が湧いちゃう2人の話	ichaicha-suru-to-okane-ga-waichau-futari-no-hanashi	ichaicha-suru-to-okane-ga-waichau-futari-no-hanashi	ichaicha-suru-to-okane-ga-waichau-futari-no-hanashi	訓読み/当て字 or sandhi		数字の読みがtoken分割と不一致(sandhi等)→要確認
終電で帰さない、たった1つの方法	shuden-de-kaesanai-tatta-1tsu-no-hoho	shuden-de-kaesanai-tatta-1tsu-no-hoho	shuden-de-kaesanai-tatta-1tsu-no-hoho	訓読み/当て字 or sandhi		数字の読みがtoken分割と不一致(sandhi等)→要確認
ようこそ実力至上主義の教室へ2年生編	yokoso-jitsuryoku-shijo-shugi-no-kyoshitsu-e-ninensei-hen	yokoso-jitsuryoku-shijo-shugi-no-kyoshitsu-e-ninensei-hen	yokoso-jitsuryoku-shijo-shugi-no-kyoshitsu-e-2-nensei-hen	音読み→数字(先頭分割)	CHANGED	
答えは3つ	kotae-ha-3tsu	kotae-ha-3tsu	kotae-ha-3tsu	訓読み/当て字 or sandhi		数字の読みがtoken分割と不一致(sandhi等)→要確認
17歳	junanasai	junanasai	junanasai	no-segment		分かち書き無=token置換不可
ゲームやるから100円貸して!	geemu-yarukara-hyakuen-kashite	geemu-yarukara-hyakuen-kashite	geemu-yarukara-100-en-kashite	音読み→数字(先頭分割)	CHANGED	
40ベイビーズ	yonmaru-beibiizu	yonmaru-beibiizu	yonmaru-beibiizu	訓読み/当て字 or sandhi		数字の読みがtoken分割と不一致(sandhi等)→要確認
4ジゲン	yojigen	yojigen	yojigen	no-segment		分かち書き無=token置換不可
陽下3姉妹はかまってほしい	hinomoto-sanshimai-wa-kamatte-hoshii	hinomoto-sanshimai-wa-kamatte-hoshii	hinomoto-3-shimai-wa-kamatte-hoshii	音読み→数字(先頭分割)	CHANGED	
※キスは20歳(はたち)になってから	kisuha20toshininattekara	kisuha20toshininattekara	kisuha20toshininattekara	no-segment		分かち書き無=token置換不可
999ドクター	999-dokutaa	999-dokutaa	999-dokutaa	訓読み/当て字 or sandhi		数字の読みがtoken分割と不一致(sandhi等)→要確認
とある科学の超電磁砲×とある魔術の禁書目録 4コマ公式アンソロジー	toaru-kagaku-no-cho-denjiho-toaru-majutsu-no-indekkusu-yonkoma-koshiki-ansorojii	toaru-kagaku-no-cho-denjiho-toaru-majutsu-no-indekkusu-yonkoma-koshiki-ansorojii	toaru-kagaku-no-cho-denjiho-toaru-majutsu-no-indekkusu-4-koma-koshiki-ansorojii	音読み→数字(先頭分割)	CHANGED	
0歳児スタートダッシュ物語	zerosaiji-sutaato-dasshu-monogatari	zerosaiji-sutaato-dasshu-monogatari	0-saiji-sutaato-dasshu-monogatari	音読み→数字(先頭分割)	CHANGED	
出会って5秒でバトル	deatte-gobyo-de-batoru	deatte-gobyo-de-batoru	deatte-5-byo-de-batoru	音読み→数字(先頭分割)	CHANGED	
「門番やってろ」と言われ15年、突っ立ってる間に俺の魔力が9999 (最強) に育ってました	monban-yattero-to-iware-jugonen-tsuttatteru-aida-ni-ore-no-maryoku-ga-kyusen-kyuhyaku-kyujukyu-saikyo-ni-sodattemashita	monban-yattero-to-iware-jugonen-tsuttatteru-aida-ni-ore-no-maryoku-ga-kyusen-kyuhyaku-kyujukyu-saikyo-ni-sodattemashita	monban-yattero-to-iware-15-nen-tsuttatteru-aida-ni-ore-no-maryoku-ga-9999-saikyo-ni-sodattemashita	音読み→数字(先頭分割) ; 音読み→数字	CHANGED	
野獣オトコは本能むきだしな2人	yaju-otoko-wa-honno-mukidashi-na-futari	yaju-otoko-wa-honno-mukidashi-na-futari	yaju-otoko-wa-honno-mukidashi-na-futari	訓読み/当て字 or sandhi		数字の読みがtoken分割と不一致(sandhi等)→要確認
「雑魚には鍛冶がお似合いだwww」と言われた鍛冶レベル9999の俺、追放されたので冒険者に転職する	zako-niwa-kaji-ga-oniai-da-to-iwareta-kaji-reberu-kyusen-kyuhyaku-kyujukyu-no-ore-tsuiho-sareta-node-bokensha-ni-tenshoku-suru	zako-niwa-kaji-ga-oniai-da-to-iwareta-kaji-reberu-kyusen-kyuhyaku-kyujukyu-no-ore-tsuiho-sareta-node-bokensha-ni-tenshoku-suru	zako-niwa-kaji-ga-oniai-da-to-iwareta-kaji-reberu-kyusen-kyuhyaku-kyujukyu-no-ore-tsuiho-sareta-node-bokensha-ni-tenshoku-suru	latin-mixed		latin混じり(別処理)
新世紀エヴァンゲリオン鋼鉄のガールフレンド2nd4コママンガ劇場	shinseiki-evangerion-kotetsu-no-gaarufurendo-sekando-yonkoma-manga-gekijo	shinseiki-evangerion-kotetsu-no-gaarufurendo-sekando-yonkoma-manga-gekijo	shinseiki-evangerion-kotetsu-no-gaarufurendo-sekando-yonkoma-manga-gekijo	latin-mixed		latin混じり(別処理)
99回断罪されたループ令嬢ですが今世は「超絶愛されモード」ですって!?	kyujukyukai-danzai-sareta-rupu-reijo-desuga-konse-wa-chozetsu-aisare-modo-desutte	kyujukyukai-danzai-sareta-rupu-reijo-desuga-konse-wa-chozetsu-aisare-modo-desutte	99-kai-danzai-sareta-rupu-reijo-desuga-konse-wa-chozetsu-aisare-modo-desutte	音読み→数字(先頭分割)	CHANGED	
つくねちゃん + 30	tsukune-chan-30	tsukune-chan-30	tsukunechan-30	訓読み/当て字 or sandhi	CHANGED	数字の読みがtoken分割と不一致(sandhi等)→要確認
133cmの景色	hyakusanju-san-senchi-no-keshiki	hyakusanju-san-senchi-no-keshiki	hyakusanju-san-senchi-no-keshiki	latin-mixed		latin混じり(別処理)
異世界クラス召喚されたらR1〇のスキルを獲得したので、〇りたい放題させてもらいます!	isekai-kurasu-shokan-saretara-aaru-juhachi-no-sukiru-wo-kakutoku-shita-node-yaritai-hodai-sasete-moraimasu	isekai-kurasu-shokan-saretara-aaru-juhachi-no-sukiru-wo-kakutoku-shita-node-yaritai-hodai-sasete-moraimasu	isekai-kurasu-shokan-saretara-aaru-juhachi-no-sukiru-wo-kakutoku-shita-node-yaritai-hodai-sasete-moraimasu	latin-mixed		latin混じり(別処理)
ファイナルファンタジー14ララフェル先生の教えてやるよ!	fainaru-fantajii-foteiin-raraferu-sensei-no-oshiete-yaruyo	fainaru-fantajii-foteiin-raraferu-sensei-no-oshiete-yaruyo	fainaru-fantajii-14-raraferu-sensei-no-oshiete-yaruyo	英語読み付随→数字	CHANGED	
LV999の村人	reberu-kyuhyakukyujukyu-no-murabito	reberu-kyuhyakukyujukyu-no-murabito	reberu-kyuhyakukyujukyu-no-murabito	latin-mixed		latin混じり(別処理)
わたしの知らない、先輩の100コのこと	watashi-no-shiranai-senpai-no-hyakko-no-koto	watashi-no-shiranai-senpai-no-hyakko-no-koto	watashi-no-shiranai-senpai-no-100-ko-no-koto	音読み→数字(先頭分割)	CHANGED	
ロマンスは剣の輝き2	romansu-wa-ken-no-kagayaki-tsu	romansu-wa-ken-no-kagayaki-tsu	romansu-wa-ken-no-kagayaki-2	英語読み付随→数字	CHANGED	
インフィニティ8	infinitei-eito	infinitei-eito	infinitei-8	英語読み付随→数字	CHANGED	
機動戦士ガンダムF90クラスター	kido-senshi-gandamu-efu-kyuju-kurasutaa	kido-senshi-gandamu-efu-kyuju-kurasutaa	kido-senshi-gandamu-efu-kyuju-kurasutaa	latin-mixed		latin混じり(別処理)
D4DJ-4コマmix!-	diifo-diijiee-yonkoma-mikkusu	diifo-diijiee-yonkoma-mikkusu	diifo-diijiee-yonkoma-mikkusu	latin-mixed		latin混じり(別処理)
探偵オペラミルキィホームズ2	tantei-opera-mirukii-homuzu-tsu	tantei-opera-mirukii-homuzu-tsu	tantei-opera-mirukii-homuzu-2	英語読み付随→数字	CHANGED	
PSO2ニュージェネシスせんとらるっ!	piiesuotsu-nyu-jieneshisu-sentoraru	piiesuotsu-nyu-jieneshisu-sentoraru	piiesuotsu-nyu-jieneshisu-sentoraru	latin-mixed		latin混じり(別処理)
アイドル声優★上村とまり17歳	aidoru-seiyu-kamimura-tomari-17sai	aidoru-seiyu-kamimura-tomari-17sai	aidoru-seiyu-kamimura-tomari-17sai	訓読み/当て字 or sandhi		数字の読みがtoken分割と不一致(sandhi等)→要確認
異世界帰りのアラフォーリーマン、17歳の頃に戻って無双する	isekai-gaeri-no-arafo-riiman-junanasai-no-koro-ni-modotte-muso-suru	isekai-gaeri-no-arafo-riiman-junanasai-no-koro-ni-modotte-muso-suru	isekai-gaeri-no-arafo-riiman-17-sai-no-koro-ni-modotte-muso-suru	音読み→数字(先頭分割)	CHANGED	
異世界帰りのアラフォーリーマン、17歳の頃に戻って無双する	isekai-gaeri-no-arafo-riiman-junanasai-no-koro-ni-modotte-muso-suru	isekai-gaeri-no-arafo-riiman-junanasai-no-koro-ni-modotte-muso-suru	isekai-gaeri-no-arafo-riiman-17-sai-no-koro-ni-modotte-muso-suru	音読み→数字(先頭分割)	CHANGED	
もっと!えっちは週7希望ですっ!	motto-etchi-wa-shu-nana-kibo-desu	motto-etchi-wa-shu-nana-kibo-desu	motto-etchi-wa-shu-7-kibo-desu	音読み→数字	CHANGED	
100人めのスマーフ	hyakuninme-no-sumaafu	hyakuninme-no-sumaafu	100-ninme-no-sumaafu	音読み→数字(先頭分割)	CHANGED	
10年間身体(からだ)を乗っ取られ悪女になっていた私に、二度と顔を見せるなと婚約破棄してきた騎士様が今日も縋ってくる	junenkan-karada-wo-nottorare-akujo-ni-natte-ita-watashi-ni-nido-to-kao-wo-miseru-na-to-konyaku-haki-shitekita-kishi-sama-ga-kyo-mo-sugatte-kuru	junenkan-karada-wo-nottorare-akujo-ni-natte-ita-watashi-ni-nido-to-kao-wo-miseru-na-to-konyaku-haki-shitekita-kishi-sama-ga-kyo-mo-sugatte-kuru	10-nenkan-karada-wo-nottorare-akujo-ni-natte-ita-watashi-ni-nido-to-kao-wo-miseru-na-to-konyaku-haki-shitekita-kishisama-ga-kyo-mo-sugatte-kuru	音読み→数字(先頭分割)	CHANGED	
1億1千万のわたし	ichioku-issenman-no-watashi	ichioku-issenman-no-watashi	1-oku-issenman-no-watashi	音読み→数字(先頭分割)	CHANGED	
7つのマーブル	nanatsu-no-maaburu	nanatsu-no-maaburu	nanatsu-no-maaburu	訓読み/当て字 or sandhi		数字の読みがtoken分割と不一致(sandhi等)→要確認
狂四郎2030	kyoshiro-2030	kyoshiro-2030	kyoshiro-2030	訓読み/当て字 or sandhi		数字の読みがtoken分割と不一致(sandhi等)→要確認
怪体真書0	kaitai-shinsho-zero	kaitai-shinsho-zero	kaitai-shinsho-0	音読み→数字	CHANGED	
カウント11	kaunto-irebun	kaunto-irebun	kaunto-11	英語読み付随→数字	CHANGED	
10年間身体を乗っ取られ悪女になっていた私に、二度と顔を見せるなと婚約破棄してきた騎士様が今日も縋ってくる	junenkan-karada-wo-nottorare-akujo-ni-natte-ita-watashi-ni-nido-to-kao-wo-miseru-na-to-konyaku-haki-shitekita-kishi-sama-ga-kyo-mo-sugatte-kuru	junenkan-karada-wo-nottorare-akujo-ni-natte-ita-watashi-ni-nido-to-kao-wo-miseru-na-to-konyaku-haki-shitekita-kishi-sama-ga-kyo-mo-sugatte-kuru	10-nenkan-karada-wo-nottorare-akujo-ni-natte-ita-watashi-ni-nido-to-kao-wo-miseru-na-to-konyaku-haki-shitekita-kishisama-ga-kyo-mo-sugatte-kuru	音読み→数字(先頭分割)	CHANGED	
10年間身体を乗っ取られ悪女になっていた私に、二度と顔を見せるなと婚約破棄してきた騎士様が今日も縋ってくる	junenkan-karada-wo-nottorare-akujo-ni-natte-ita-watashi-ni-nido-to-kao-wo-miseru-na-to-konyaku-haki-shitekita-kishi-sama-ga-kyo-mo-sugatte-kuru	junenkan-karada-wo-nottorare-akujo-ni-natte-ita-watashi-ni-nido-to-kao-wo-miseru-na-to-konyaku-haki-shitekita-kishi-sama-ga-kyo-mo-sugatte-kuru	10-nenkan-karada-wo-nottorare-akujo-ni-natte-ita-watashi-ni-nido-to-kao-wo-miseru-na-to-konyaku-haki-shitekita-kishisama-ga-kyo-mo-sugatte-kuru	音読み→数字(先頭分割)	CHANGED	
性教育120%	seikyoiku-hyakunijippaasento	seikyoiku-hyakunijippaasento	seikyoiku-120-paasento	音読み→数字(先頭分割)	CHANGED	
あと1%で運命の恋	ato-ichipaasento-de-unmei-no-koi	ato-ichipaasento-de-unmei-no-koi	ato-1-paasento-de-unmei-no-koi	音読み→数字(先頭分割)	CHANGED	
25歳の女子高生	nijugosai-no-joshikosei	nijugosai-no-joshikosei	25-sai-no-joshikosei	音読み→数字(先頭分割)	CHANGED	
マジキュー4コマ STEINS;GATE	majikyu-yonkoma-shutainzu-geeto	majikyu-yonkoma-shutainzu-geeto	majikyu-yonkoma-shutainzu-geeto	latin-mixed		latin混じり(別処理)
マジキュー4コマ マブラヴオルタネイティヴトータル・イクリプス	majikyu-yonkoma-maburavu-orutaneiteivu-totaru-ikuripusu	majikyu-yonkoma-maburavu-orutaneiteivu-totaru-ikuripusu	majikyu-4-koma-maburavu-orutaneiteivu-totaru-ikuripusu	音読み→数字(先頭分割)	CHANGED	
マジキュー4コマ真剣で私に恋しなさい!S	majikyu-yonkoma-maji-de-watashi-ni-koishinasai-esu	majikyu-yonkoma-maji-de-watashi-ni-koishinasai-esu	majikyu-yonkoma-maji-de-watashi-ni-koishinasai-esu	latin-mixed		latin混じり(別処理)
未完成NO.1	mikansei-no1	mikansei-no1	mikansei-no1	latin-mixed		latin混じり(別処理)
山田くんとLv999の恋をする	yamada-kun-to-reberu-kyuhyakukyujukyu-no-koi-o-suru	yamada-kun-to-reberu-kyuhyakukyujukyu-no-koi-o-suru	yamada-kun-to-reberu-kyuhyakukyujukyu-no-koi-o-suru	latin-mixed		latin混じり(別処理)
ウェディングベル35	uedinguberu-35	uedinguberu-35	uedinguberu-35	訓読み/当て字 or sandhi		数字の読みがtoken分割と不一致(sandhi等)→要確認
1×∞経験値1でレベルアップする俺は、最速で異世界最強になりました!	ichi-kakeru-mugen-keikenchi-ichi-de-reberu-appu-suru-ore-wa-saisoku-de-isekai-saikyo-ni-narimashita	ichi-kakeru-mugen-keikenchi-ichi-de-reberu-appu-suru-ore-wa-saisoku-de-isekai-saikyo-ni-narimashita	1-kakeru-mugen-keikenchi-ichi-de-reberu-appu-suru-ore-wa-saisoku-de-isekai-saikyo-ni-narimashita	音読み→数字	CHANGED	
享年82歳の異世界転生!?	kyonen-hachijunisai-no-isekai-tensei	kyonen-hachijunisai-no-isekai-tensei	kyonen-82-sai-no-isekai-tensei	音読み→数字(先頭分割)	CHANGED	
40までにしたい10のこと	yonju-made-ni-shitai-ju-no-koto	yonju-made-ni-shitai-ju-no-koto	40-made-ni-shitai-10-no-koto	音読み→数字	CHANGED	
魔法少女育成計画F2P	maho-shojo-ikusei-keikaku-efutsupii	maho-shojo-ikusei-keikaku-efutsupii	maho-shojo-ikusei-keikaku-efutsupii	latin-mixed		latin混じり(別処理)
13番目の転移者、異世界で神を目指す	jusanbanme-no-tenisha-isekai-de-kami-wo-mezasu	jusanbanme-no-tenisha-isekai-de-kami-wo-mezasu	13-banme-no-tenisha-isekai-de-kami-wo-mezasu	音読み→数字(先頭分割)	CHANGED	
元・世界1位のサブキャラ育成日記	moto-sekai-ichii-no-sabukyara-ikusei-nikki	moto-sekai-ichii-no-sabukyara-ikusei-nikki	moto-sekai-1-i-no-sabukyara-ikusei-nikki	音読み→数字(先頭分割)	CHANGED	
回転むてん丸 第2章 ひかりの旅路	kaiten-mutenmaru	kaiten-mutenmaru	kaiten-mutenmaru	訓読み/当て字 or sandhi		数字の読みがtoken分割と不一致(sandhi等)→要確認
No. 1の絶頂とろあま恋愛指南	nanbaa-wan-no-zetcho-toroama-renai-shinan	nanbaa-wan-no-zetcho-toroama-renai-shinan	nanbaa-wan-no-zetcho-toroama-renai-shinan	latin-mixed		latin混じり(別処理)
ドS社長と交際0日婚	dos-shacho-to-kosai-0nichikon	dos-shacho-to-kosai-0nichikon	dos-shacho-to-kosai-0nichikon	latin-mixed		latin混じり(別処理)
16bitセンセーション	jurokubitto-senseeshon	jurokubitto-senseeshon	jurokubitto-senseeshon	latin-mixed		latin混じり(別処理)
ちえりの恋は8メートル	chieri-no-koi-wa-hachi-meetoru	chieri-no-koi-wa-hachi-meetoru	chieri-no-koi-wa-8-meetoru	音読み→数字	CHANGED	
10歳下でも、アナタを抱きたい。	10saishita-demo-anata-o-dakitai	10saishita-demo-anata-o-dakitai	10saishita-demo-anata-o-dakitai	訓読み/当て字 or sandhi		数字の読みがtoken分割と不一致(sandhi等)→要確認
異世界帰りのアラフォーリーマン、17歳の頃に戻って無双する	isekai-gaeri-no-arafo-riiman-junanasai-no-koro-ni-modotte-muso-suru	isekai-gaeri-no-arafo-riiman-junanasai-no-koro-ni-modotte-muso-suru	isekai-gaeri-no-arafo-riiman-17-sai-no-koro-ni-modotte-muso-suru	音読み→数字(先頭分割)	CHANGED	
Adventure2030学園	adobenchaa-nisen-sanju-gakuen	adobenchaa-nisen-sanju-gakuen	adobenchaa-nisen-sanju-gakuen	latin-mixed		latin混じり(別処理)
アドベンチャー2030学園	adobenchaa-nisen-sanju-gakuen	adobenchaa-nisen-sanju-gakuen	adobenchaa-2030-gakuen	音読み→数字	CHANGED	
魔法少女201	maho-shojo-nihyakuichi	maho-shojo-nihyakuichi	maho-shojo-201	音読み→数字	CHANGED	
クロの戦記2	kuro-no-senki-tsu	kuro-no-senki-tsu	kuro-no-senki-2	英語読み付随→数字	CHANGED	
余命2ケ月の異世界健康法	yomei-nikagetsu-no-isekai-kenkoho	yomei-nikagetsu-no-isekai-kenkoho	yomei-2-kagetsu-no-isekai-kenkoho	音読み→数字(先頭分割)	CHANGED	
鉄鍋のジャン!!2nd	tetsunabe-no-jan-sekando	tetsunabe-no-jan-sekando	tetsunabe-no-jan-sekando	latin-mixed		latin混じり(別処理)
落ちこぼれ〈☆1〉魔法使いは、今日も無意識にチートを使う	ochikobore-hoshi-ichi-mahotsukai-wa-kyo-mo-muishiki-ni-chiito-wo-tsukau	ochikobore-hoshi-ichi-mahotsukai-wa-kyo-mo-muishiki-ni-chiito-wo-tsukau	ochikobore-hoshi-1-mahotsukai-wa-kyo-mo-muishiki-ni-chiito-wo-tsukau	音読み→数字	CHANGED	
15歳、今日から同棲はじめます。	jugosai-kyo-kara-dosei-hajimemasu	jugosai-kyo-kara-dosei-hajimemasu	15-sai-kyo-kara-dosei-hajimemasu	音読み→数字(先頭分割)	CHANGED	
学園1の美少女は××絵師の俺に惚れている!?	gakuen-ichi-no-bishojo-wa-eshi-no-ore-ni-horete-iru	gakuen-ichi-no-bishojo-wa-eshi-no-ore-ni-horete-iru	gakuen-1-no-bishojo-wa-eshi-no-ore-ni-horete-iru	音読み→数字	CHANGED	
10回婚約破棄された私が冷徹公爵様に溺愛されるなんて罠ですか?	jukkai-konyaku-haki-sareta-watashi-ga-reitetsu-koshaku-sama-ni-dekiai-sareru-nante-wana-desu-ka	jukkai-konyaku-haki-sareta-watashi-ga-reitetsu-koshaku-sama-ni-dekiai-sareru-nante-wana-desu-ka	10-kai-konyaku-haki-sareta-watashi-ga-reitetsu-koshakusama-ni-dekiai-sareru-nante-wana-desu-ka	音読み→数字(先頭分割)	CHANGED	
姫と女勇者が結ばれるための12の聖行為	hime-to-onna-yusha-ga-musubareru-tame-no-juni-no-sei-koi	hime-to-onna-yusha-ga-musubareru-tame-no-juni-no-sei-koi	hime-to-onna-yusha-ga-musubareru-tame-no-12-no-sei-koi	音読み→数字	CHANGED	
20時過ぎの報告会	nijujisugi-no-hokokukai	nijujisugi-no-hokokukai	20-jisugi-no-hokokukai	音読み→数字(先頭分割)	CHANGED	
おかしな2人	okashina-futari	okashina-futari	okashina-futari	訓読み/当て字 or sandhi		数字の読みがtoken分割と不一致(sandhi等)→要確認
姫島くん、あと20センチ!	himejima-kun-ato-nijutsu-senchi	himejima-kun-ato-nijutsu-senchi	himejimakun-ato-nijutsu-senchi	訓読み/当て字 or sandhi	CHANGED	数字の読みがtoken分割と不一致(sandhi等)→要確認
おとなの1ページ心理学	otona-no-ichi-peeshi-shinrigaku	otona-no-ichi-peeshi-shinrigaku	otona-no-1-peeshi-shinrigaku	音読み→数字	CHANGED	
シーバス1-2-3	shiibasu-wan-tsu-surii	shiibasu-wan-tsu-surii	shiibasu-1-2-3	英語読み付随→数字	CHANGED	
8歳から始める魔法学	hassai-kara-hajimeru-mahogaku	hassai-kara-hajimeru-mahogaku	8-sai-kara-hajimeru-mahogaku	音読み→数字(先頭分割)	CHANGED	
1/10の花嫁	jubunnoichi-no-hanayome	jubunnoichi-no-hanayome	10-bunnoichi-no-hanayome	音読み→数字(先頭分割) ; 訓読み/当て字 or sandhi	CHANGED	数字の読みがtoken分割と不一致(sandhi等)→要確認
領民0人スタートの辺境領主様	ryomin-zeronin-sutaato-no-henkyo-ryoshu-sama	ryomin-zeronin-sutaato-no-henkyo-ryoshu-sama	ryomin-0-nin-sutaato-no-henkyo-ryoshusama	音読み→数字(先頭分割)	CHANGED	
18禁のつくりかた	18kin-no-tsukurikata	18kin-no-tsukurikata	18kin-no-tsukurikata	訓読み/当て字 or sandhi		数字の読みがtoken分割と不一致(sandhi等)→要確認
鳥クラスタに捧ぐ鳥4コマ	tori-kurasuta-ni-sasagu-tori-yonkoma	tori-kurasuta-ni-sasagu-tori-yonkoma	tori-kurasuta-ni-sasagu-tori-4-koma	音読み→数字(先頭分割)	CHANGED	
鳥クラスタに捧ぐ鳥4コマ	tori-kurasuta-ni-sasagu-tori-yonkoma	tori-kurasuta-ni-sasagu-tori-yonkoma	tori-kurasuta-ni-sasagu-tori-4-koma	音読み→数字(先頭分割)	CHANGED	
ストⅡ 4コマ笑竜拳	suto-ni-yonkoma-shoryuken	suto-ni-yonkoma-shoryuken	suto-ni-4-koma-shoryuken	音読み→数字(先頭分割)	CHANGED	
転生してハイエルフになりましたが、スローライフは120年で飽きました	tensei-shite-hai-erufu-ni-narimashita-ga-suroraifu-wa-hyakunijunen-de-akimashita	tensei-shite-hai-erufu-ni-narimashita-ga-suroraifu-wa-hyakunijunen-de-akimashita	tensei-shite-hai-erufu-ni-narimashita-ga-suroraifu-wa-120-nen-de-akimashita	音読み→数字(先頭分割)	CHANGED	
転生してハイエルフになりましたが、スローライフは120年で飽きました	tensei-shite-hai-erufu-ni-narimashita-ga-suroraifu-wa-hyakunijunen-de-akimashita	tensei-shite-hai-erufu-ni-narimashita-ga-suroraifu-wa-hyakunijunen-de-akimashita	tensei-shite-hai-erufu-ni-narimashita-ga-suroraifu-wa-120-nen-de-akimashita	音読み→数字(先頭分割)	CHANGED	
ルートサーティスリー～ROUTE 33～	ruto-saatei-surii	ruto-saatei-surii	ruto-saatei-surii	latin-mixed		latin混じり(別処理)
遙かなる時空の中で5	haruka-naru-toki-no-naka-de-faibu	haruka-naru-toki-no-naka-de-faibu	haruka-naru-toki-no-naka-de-5	英語読み付随→数字	CHANGED	
解雇された暗黒兵士〈30代〉のスローなセカンドライフ	kaiko-sareta-ankoku-heishi-sanjudai-no-suro-na-sekando-raifu	kaiko-sareta-ankoku-heishi-sanjudai-no-suro-na-sekando-raifu	kaiko-sareta-ankoku-heishi-30-dai-no-suro-na-sekando-raifu	音読み→数字(先頭分割)	CHANGED	
4コマ妖怪ウォッチゲラゲラマンガ劇場	yonkoma-yokai-uotchi-geragera-manga-gekijo	yonkoma-yokai-uotchi-geragera-manga-gekijo	4-koma-yokai-uotchi-geragera-manga-gekijo	音読み→数字(先頭分割)	CHANGED	
1000万童貞	issenman-dotei	issenman-dotei	issenman-dotei	訓読み/当て字 or sandhi		数字の読みがtoken分割と不一致(sandhi等)→要確認
偏差値10の俺がい世界で知恵の勇者になれたワケ	hensachi-ju-no-ore-ga-isekai-de-chie-no-yusha-ni-nareta-wake	hensachi-ju-no-ore-ga-isekai-de-chie-no-yusha-ni-nareta-wake	hensachi-10-no-ore-ga-isekai-de-chie-no-yusha-ni-nareta-wake	音読み→数字	CHANGED	
残機×99	zanki-x-99	zanki-x-99	zanki-x-99	訓読み/当て字 or sandhi		数字の読みがtoken分割と不一致(sandhi等)→要確認
VS騎士ラムネ＆40炎	baasasu-naito-ramune-ando-shiju-faiyaa	baasasu-naito-ramune-ando-shiju-faiyaa	baasasu-naito-ramune-ando-shiju-faiyaa	latin-mixed		latin混じり(別処理)
日本語が話せないロシア人美少女転入生が頼れるのは、多言語マスターの俺1人	nihongo-ga-hanasenai-roshiajin-bishojo-tennyusei-ga-tayoreru-no-wa-tagengo-masutaa-no-ore-hitori	nihongo-ga-hanasenai-roshiajin-bishojo-tennyusei-ga-tayoreru-no-wa-tagengo-masutaa-no-ore-hitori	nihongo-ga-hanasenai-roshiajin-bishojo-tennyusei-ga-tayoreru-no-wa-tagengo-masutaa-no-ore-hitori	訓読み/当て字 or sandhi		数字の読みがtoken分割と不一致(sandhi等)→要確認
6のトリガー	roku-no-torigaa	roku-no-torigaa	6-no-torigaa	音読み→数字	CHANGED	
6センチの絆	rokusenchi-no-kizuna	rokusenchi-no-kizuna	6-senchi-no-kizuna	音読み→数字(先頭分割)	CHANGED	
86-エイティシックス	86-eiteishikkusu	86-eiteishikkusu	86-86	英語読み付随→数字	CHANGED	
U12(アンダートゥエルブ)	andaa-toerubu	andaa-toerubu	andaa-toerubu	latin-mixed		latin混じり(別処理)
懲役339年	choeki-339-nen	choeki-339-nen	choeki-339-nen	訓読み/当て字 or sandhi		数字の読みがtoken分割と不一致(sandhi等)→要確認
1000の鼓動	1000-no-kodo	1000-no-kodo	1000-no-kodo	訓読み/当て字 or sandhi		数字の読みがtoken分割と不一致(sandhi等)→要確認
39℃ショック	39doc-shokku	39doc-shokku	39doc-shokku	訓読み/当て字 or sandhi		数字の読みがtoken分割と不一致(sandhi等)→要確認
人魚姫2001	ningyohime-2001	ningyohime-2001	ningyohime-2001	訓読み/当て字 or sandhi		数字の読みがtoken分割と不一致(sandhi等)→要確認
8月31日のロングサマー	hachigatsu-sanjuichinichi-no-rongu-samaa	hachigatsu-sanjuichinichi-no-rongu-samaa	8-gatsu-31-nichi-no-rongu-samaa	音読み→数字(先頭分割)	CHANGED	
なぜ東堂院聖也16歳は彼女が出来ないのか?	naze-todoin-seiya-jurokusai-wa-kanojo-ga-dekinai-no-ka	naze-todoin-seiya-jurokusai-wa-kanojo-ga-dekinai-no-ka	naze-todoin-seiya-16-sai-wa-kanojo-ga-dekinai-no-ka	音読み→数字(先頭分割)	CHANGED	
16フィートの真夏	jurokufiito-no-manatsu	jurokufiito-no-manatsu	16-fiito-no-manatsu	音読み→数字(先頭分割)	CHANGED	
デジモンアドベンチャーVテイマー01	dejimon-adobenchaa-v-teimaa-01	dejimon-adobenchaa-v-teimaa-01	dejimon-adobenchaa-v-teimaa-01	latin-mixed		latin混じり(別処理)
F-1伝説	f1-densetsu	f1-densetsu	f1-densetsu	latin-mixed		latin混じり(別処理)
コンビニで君との5分間。	konbini-de-kimi-to-no-5funkan	konbini-de-kimi-to-no-5funkan	konbini-de-kimi-to-no-5funkan	訓読み/当て字 or sandhi		数字の読みがtoken分割と不一致(sandhi等)→要確認
10歳下の幼なじみに求婚されています	jussai-shita-no-osananajimi-ni-kyukon-sarete-imasu	jussai-shita-no-osananajimi-ni-kyukon-sarete-imasu	10-sai-shita-no-osananajimi-ni-kyukon-sarete-imasu	音読み→数字(先頭分割)	CHANGED	
那波18歳♂ママになりました	nanami-18sai-mama-ni-narimashita	nanami-18sai-mama-ni-narimashita	nanami-18sai-mama-ni-narimashita	訓読み/当て字 or sandhi		数字の読みがtoken分割と不一致(sandhi等)→要確認
おしかけ王子は2度おいしい	oshikake-oji-wa-nido-oishii	oshikake-oji-wa-nido-oishii	oshikake-oji-wa-2-do-oishii	音読み→数字(先頭分割)	CHANGED	
1日1回、果てるまで…	ichinichi-ikkai-hateru-made	ichinichi-ikkai-hateru-made	1-nichi-ikkai-hateru-made	音読み→数字(先頭分割)	CHANGED	
君が死ぬまであと100日	kimi-ga-shinu-made-ato-hyakunichi	kimi-ga-shinu-made-ato-hyakunichi	kimi-ga-shinu-made-ato-100-nichi	音読み→数字(先頭分割)	CHANGED	
恋愛フラグ0女子の迷走	renai-furagu-zero-joshi-no-meiso	renai-furagu-zero-joshi-no-meiso	renai-furagu-0-joshi-no-meiso	音読み→数字	CHANGED	
レベル0の魔王様、異世界で冒険者を始めます	reberu-0-no-mao-sama-isekai-de-bokensha-o-hajimemasu	reberu-0-no-mao-sama-isekai-de-bokensha-o-hajimemasu	reberu-0-no-mao-sama-isekai-de-bokensha-o-hajimemasu	訓読み/当て字 or sandhi		数字の読みがtoken分割と不一致(sandhi等)→要確認
限界レベル1からの成り上がり	genkai-reberu-ichi-kara-no-nariagari	genkai-reberu-ichi-kara-no-nariagari	genkai-reberu-1-kara-no-nariagari	音読み→数字	CHANGED	
ループ7回目の悪役令嬢は、元敵国で自由気ままな花嫁生活を満喫する	rupu-nanakaime-no-akuyaku-reijo-wa-mototekikoku-de-jiyu-kimama-na-hanayome-seikatsu-o-mankitsu-suru	rupu-nanakaime-no-akuyaku-reijo-wa-mototekikoku-de-jiyu-kimama-na-hanayome-seikatsu-o-mankitsu-suru	rupu-7-kaime-no-akuyaku-reijo-wa-mototekikoku-de-jiyu-kimama-na-hanayome-seikatsu-o-mankitsu-suru	音読み→数字(先頭分割)	CHANGED	
マジンガーZ 2022	majingaa-zetto-nisen-nijuni	majingaa-zetto-nisen-nijuni	majingaa-zetto-nisen-nijuni	latin-mixed		latin混じり(別処理)
児童養護施設で育った俺がマンガ家になるまでの〈おおよそ〉8760日	jido-yogo-shisetsu-de-sodatta-ore-ga-mangaka-ni-naru-made-no-oyoso-hassennanahyakurokujunichi	jido-yogo-shisetsu-de-sodatta-ore-ga-mangaka-ni-naru-made-no-oyoso-hassennanahyakurokujunichi	jido-yogo-shisetsu-de-sodatta-ore-ga-mangaka-ni-naru-made-no-oyoso-8760-nichi	音読み→数字(先頭分割)	CHANGED	
クラスに彼女が2人いる。	kurasu-ni-kanojo-ga-futari-iru	kurasu-ni-kanojo-ga-futari-iru	kurasu-2-kanojo-ga-futari-iru	音読み→数字	CHANGED	
34歳・売れ残りの恋は逆プロポーズから	sanjuyonsai-urenokori-no-koi-wa-gyaku-puropozu-kara	sanjuyonsai-urenokori-no-koi-wa-gyaku-puropozu-kara	34-sai-urenokori-no-koi-wa-gyaku-puropozu-kara	音読み→数字(先頭分割)	CHANGED	
齢5000年の草食ドラゴン、いわれなき邪竜認定	yowai-5000nen-no-soshoku-doragon-iwarenaki-jaryu-nintei	yowai-5000nen-no-soshoku-doragon-iwarenaki-jaryu-nintei	yowai-5000nen-no-soshoku-doragon-iwarenaki-jaryu-nintei	訓読み/当て字 or sandhi		数字の読みがtoken分割と不一致(sandhi等)→要確認
ミラーマン2D	miraaman-tsudii	miraaman-tsudii	miraaman-tsudii	latin-mixed		latin混じり(別処理)
起きたら20年後なんですけど!	okitara-nijunengo-nandesukedo	okitara-nijunengo-nandesukedo	okitara-20-nengo-nandesukedo	音読み→数字(先頭分割)	CHANGED	
午前2時まで君のもの	gozen-niji-made-kimi-no-mono	gozen-niji-made-kimi-no-mono	gozen-2-ji-made-kimi-no-mono	音読み→数字(先頭分割)	CHANGED	
鉄子の旅3代目	tetsuko-no-tabi-sandaime	tetsuko-no-tabi-sandaime	tetsuko-no-tabi-3-daime	音読み→数字(先頭分割)	CHANGED	
午後9時15分の演劇論	gogo-kuji-jugofun-no-engekiron	gogo-kuji-jugofun-no-engekiron	gogo-9-ji-15-fun-no-engekiron	音読み→数字(先頭分割)	CHANGED	
月50万もらっても生き甲斐のない隣のお姉さんに30万で雇われて「おかえり」って言うお仕事が楽しい	tsuki-gojuman-morattemo-ikigai-no-nai-tonari-no-onee-san-ni-sanjuman-de-yatowarete-okaeri-tte-iu-oshigoto-ga-tanoshii	tsuki-gojuman-morattemo-ikigai-no-nai-tonari-no-onee-san-ni-sanjuman-de-yatowarete-okaeri-tte-iu-oshigoto-ga-tanoshii	tsuki-50-man-morattemo-ikigai-no-nai-tonari-no-oneesan-ni-30-man-de-yatowarete-okaeri-tte-iu-oshigoto-ga-tanoshii	音読み→数字(先頭分割)	CHANGED	
14階の恋人	juyonkai-no-koibito	juyonkai-no-koibito	14-kai-no-koibito	音読み→数字(先頭分割)	CHANGED	
こいつら100%伝説	koitsura-hyakupaasento-densetsu	koitsura-hyakupaasento-densetsu	koitsura-100-paasento-densetsu	音読み→数字(先頭分割)	CHANGED	
6号警備	6go-keibi	6go-keibi	6go-keibi	訓読み/当て字 or sandhi		数字の読みがtoken分割と不一致(sandhi等)→要確認
29とJK	nijukyu-to-jieekee	nijukyu-to-jieekee	nijukyu-to-jieekee	latin-mixed		latin混じり(別処理)
24時間オチないkiss	24jikan-ochinai-kiss	24jikan-ochinai-kiss	24jikan-ochinai-kiss	latin-mixed		latin混じり(別処理)
スパイゲームA.D.1600	supai-geemu-eedii-senroppyaku	supai-geemu-eedii-senroppyaku	supai-geemu-eedii-senroppyaku	latin-mixed		latin混じり(別処理)
やんちゃギャルの安城さんたち高1編	yancha-gyaru-no-anjo-santachi-koichihen	yancha-gyaru-no-anjo-santachi-koichihen	yancha-gyaru-no-anjo-santachi-koichihen	訓読み/当て字 or sandhi		数字の読みがtoken分割と不一致(sandhi等)→要確認
まめ戦国BASARA4	mame-sengoku-basara-fo	mame-sengoku-basara-fo	mame-sengoku-basara-fo	latin-mixed		latin混じり(別処理)
25才ビッグベイビー	nijugosai-biggu-beibii	nijugosai-biggu-beibii	25-sai-biggu-beibii	音読み→数字(先頭分割)	CHANGED	
5秒でお前をイかせてやるよ	gobyo-de-omae-wo-ikasete-yaruyo	gobyo-de-omae-wo-ikasete-yaruyo	5-byo-de-omae-wo-ikasete-yaruyo	音読み→数字(先頭分割)	CHANGED	
煽り系ゲーム配信者〈20歳〉、配信の切り忘れによりいい人バレする。	aori-kei-geemu-haishinsha-hatachi-haishin-no-kiriwasure-ni-yori-iihito-bare-suru	aori-kei-geemu-haishinsha-hatachi-haishin-no-kiriwasure-ni-yori-iihito-bare-suru	aori-kei-geemu-haishinsha-hatachi-haishin-no-kiriwasure-ni-yori-iihito-bare-suru	訓読み/当て字 or sandhi		数字の読みがtoken分割と不一致(sandhi等)→要確認
25時、赤坂で	25ji-akasaka-de	25ji-akasaka-de	25ji-akasaka-de	訓読み/当て字 or sandhi		数字の読みがtoken分割と不一致(sandhi等)→要確認
アフター5はkissの雨	afutaa-5-wa-kiss-no-ame	afutaa-5-wa-kiss-no-ame	afutaa-5-wa-kiss-no-ame	latin-mixed		latin混じり(別処理)
ダンゲロス1969	dangerosu-ichikyurokukyu	dangerosu-ichikyurokukyu	dangerosu-ichikyurokukyu	訓読み/当て字 or sandhi		数字の読みがtoken分割と不一致(sandhi等)→要確認
魔力0でも魔術狂いだったので、第二の人生では無双する	maryoku-zero-demo-majutsu-gurui-datta-node-daini-no-jinsei-dewa-muso-suru	maryoku-zero-demo-majutsu-gurui-datta-node-daini-no-jinsei-dewa-muso-suru	maryoku-0-demo-majutsu-gurui-datta-node-daini-no-jinsei-dewa-muso-suru	音読み→数字	CHANGED	
重神機パンドーラ0	jushinki-pandora-zero	jushinki-pandora-zero	jushinki-pandora-0	音読み→数字	CHANGED	
めざせ100歳!ミツみっちゃん介護日記	mezase-hyakusai-mitsumitsu-chan-kaigo-nikki	mezase-hyakusai-mitsumitsu-chan-kaigo-nikki	mezase-100-sai-mitsumitchan-kaigo-nikki	音読み→数字(先頭分割)	CHANGED	
1日1回エッチしなくちゃダメですか?	ichinichi-ikkai-etchi-shinakucha-dame-desuka	ichinichi-ikkai-etchi-shinakucha-dame-desuka	1-nichi-ikkai-etchi-shinakucha-dame-desuka	音読み→数字(先頭分割)	CHANGED	
篠崎先生と1日1回エッチしなくちゃダメですか?	shinozaki-sensei-to-1nichi-1kai-etchi-shinakucha-dame-desuka	shinozaki-sensei-to-1nichi-1kai-etchi-shinakucha-dame-desuka	shinozaki-sensei-to-1nichi-1kai-etchi-shinakucha-dame-desuka	訓読み/当て字 or sandhi		数字の読みがtoken分割と不一致(sandhi等)→要確認
ダメ!あん!もう!再会0秒、ヤクザの××にされちゃいました	dame-an-mo-saikai-0byo-yakuza-no-xx-ni-sarechaimashita	dame-an-mo-saikai-0byo-yakuza-no-xx-ni-sarechaimashita	dame-an-mo-saikai-0byo-yakuza-no-xx-ni-sarechaimashita	訓読み/当て字 or sandhi		数字の読みがtoken分割と不一致(sandhi等)→要確認
銀耳3・4	inaru-3-4	inaru-3-4	inaru-3-4	訓読み/当て字 or sandhi		数字の読みがtoken分割と不一致(sandhi等)→要確認
探偵になるための893の方法	tantei-ni-naru-tame-no-893-no-hoho	tantei-ni-naru-tame-no-893-no-hoho	tantei-ni-naru-tame-no-893-no-hoho	訓読み/当て字 or sandhi		数字の読みがtoken分割と不一致(sandhi等)→要確認
0歳児スタートダッシュ物語	0saiji-sutaato-dasshu-monogatari	0saiji-sutaato-dasshu-monogatari	0saiji-sutaato-dasshu-monogatari	訓読み/当て字 or sandhi		数字の読みがtoken分割と不一致(sandhi等)→要確認
神様に加護2人分貰いました	kami-sama-ni-kago-futaribun-moraimashita	kami-sama-ni-kago-futaribun-moraimashita	kamisama-2-kago-futaribun-moraimashita	音読み→数字	CHANGED	
2ndハウス	2nd-hausu	2nd-hausu	2nd-hausu	latin-mixed		latin混じり(別処理)
4人はそれぞれウソをつく	yonin-wa-sorezore-uso-o-tsuku	yonin-wa-sorezore-uso-o-tsuku	yonin-wa-sorezore-uso-o-tsuku	訓読み/当て字 or sandhi		数字の読みがtoken分割と不一致(sandhi等)→要確認
25時のゴーストライター	25ji-no-gosuto-raitaa	25ji-no-gosuto-raitaa	25ji-no-gosuto-raitaa	訓読み/当て字 or sandhi		数字の読みがtoken分割と不一致(sandhi等)→要確認
実験地区13	jikken-chiku-ju-san	jikken-chiku-ju-san	jikken-chiku-13	音読み→数字	CHANGED	
7日間限定彼女	nanokakan-gentei-kanojo	nanokakan-gentei-kanojo	nanokakan-gentei-kanojo	訓読み/当て字 or sandhi		数字の読みがtoken分割と不一致(sandhi等)→要確認
モスクワ2160	mosukuwa-nisen-hyakurokuju	mosukuwa-nisen-hyakurokuju	mosukuwa-2160	音読み→数字	CHANGED	
機動戦士ガンダムU.C.0096ラスト・サン	kido-senshi-gandamu-yushii-zerokyuroku-rasuto-san	kido-senshi-gandamu-yushii-zerokyuroku-rasuto-san	kido-senshi-gandamu-yushii-zerokyuroku-rasuto-san	latin-mixed		latin混じり(別処理)
ジタンヌ90	jitannu-naintei	jitannu-naintei	jitannu-90	英語読み付随→数字	CHANGED	
R15+じゃダメですか?	aaru-jugo-purasu-ja-dame-desu-ka	aaru-jugo-purasu-ja-dame-desu-ka	aaru-jugo-purasu-ja-dame-desu-ka	latin-mixed		latin混じり(別処理)
LV999の村人	reberu-kyuhyaku-kyujukyu-no-murabito	reberu-kyuhyaku-kyujukyu-no-murabito	reberu-kyuhyaku-kyujukyu-no-murabito	latin-mixed		latin混じり(別処理)
岩波文庫1927-1996解説総目録	iwanami-bunko-senkyuhyaku-nijushichi-senkyuhyaku-kujuroku-kaisetsu-somokuroku	iwanami-bunko-senkyuhyaku-nijushichi-senkyuhyaku-kujuroku-kaisetsu-somokuroku	iwanami-bunko-1927-1996-kaisetsu-somokuroku	音読み→数字	CHANGED	
18=80	juhachi-ikoru-hachiju	juhachi-ikoru-hachiju	18-ikoru-80	音読み→数字	CHANGED	
4000倍の男	yonsenbai-no-otoko	yonsenbai-no-otoko	4000-bai-no-otoko	音読み→数字(先頭分割)	CHANGED	
ぼくとミモザの75日	boku-to-mimoza-no-nanajugonichi	boku-to-mimoza-no-nanajugonichi	boku-to-mimoza-no-75-nichi	音読み→数字(先頭分割)	CHANGED	
公安部特異人種課56	koanbu-tokui-jinshuka-gojuroku	koanbu-tokui-jinshuka-gojuroku	koanbu-tokui-jinshuka-56	音読み→数字	CHANGED	
ボーイフレンド17	boifurendo-junana	boifurendo-junana	boifurendo-17	音読み→数字	CHANGED	
1と2	ichi-to-ni	ichi-to-ni	1-to-2	音読み→数字	CHANGED	
怪人ミラの第2形態が可愛すぎる	kaijin-mira-no-daini-keitai-ga-kawaisugiru	kaijin-mira-no-daini-keitai-ga-kawaisugiru	kaijin-mira-no-daini-keitai-ga-kawaisugiru	訓読み/当て字 or sandhi		数字の読みがtoken分割と不一致(sandhi等)→要確認
由良くんの10%には秘密がある	yura-kun-no-jippaasento-niwa-himitsu-ga-aru	yura-kun-no-jippaasento-niwa-himitsu-ga-aru	yura-kun-no-10-paasento-niwa-himitsu-ga-aru	音読み→数字(先頭分割)	CHANGED	
うっかり戦国4コマかいこ	ukkari-sengoku-4koma-kaiko	ukkari-sengoku-4koma-kaiko	ukkari-sengoku-4koma-kaiko	訓読み/当て字 or sandhi		数字の読みがtoken分割と不一致(sandhi等)→要確認
38℃のキス	sanjuhachidoshii-no-kisu	sanjuhachidoshii-no-kisu	38-doshii-no-kisu	音読み→数字(先頭分割)	CHANGED	
100万＄キッド	hyakuman-doru-kiddo	hyakuman-doru-kiddo	100-man-doru-kiddo	音読み→数字(先頭分割)	CHANGED	
悠久幻想曲3パーペチュアルブルー公式コミックファンブック	yukyu-gensokyoku-surii-paapechuaruburu-koshiki-komikku-fanbukku	yukyu-gensokyoku-surii-paapechuaruburu-koshiki-komikku-fanbukku	yukyu-gensokyoku-3-paapechuaruburu-koshiki-komikku-fanbukku	英語読み付随→数字	CHANGED	
8月アウトロー	hachigatsu-autoro	hachigatsu-autoro	8-gatsu-autoro	音読み→数字(先頭分割)	CHANGED	
オール1の落ちこぼれ、教師になる	oru-1-no-ochikobore-kyoshi-ni-naru	oru-1-no-ochikobore-kyoshi-ni-naru	oru-1-no-ochikobore-kyoshi-ni-naru	訓読み/当て字 or sandhi		数字の読みがtoken分割と不一致(sandhi等)→要確認
プラレス3四郎	puraresu-sanshiro	puraresu-sanshiro	puraresu-3-shiro	音読み→数字(先頭分割)	CHANGED	
ホステスno.1	hosutesu-nanbaa-wan	hosutesu-nanbaa-wan	hosutesu-nanbaa-wan	latin-mixed		latin混じり(別処理)
2.5次元の誘惑	nitengojigen-no-ririsa	nitengojigen-no-ririsa	2-tengojigen-no-ririsa	音読み→数字(先頭分割) ; 訓読み/当て字 or sandhi	CHANGED	数字の読みがtoken分割と不一致(sandhi等)→要確認
2.5次元の誘惑(リリサ)	nitengojigen-no-ririsa	nitengojigen-no-ririsa	2-tengojigen-no-ririsa	音読み→数字(先頭分割) ; 訓読み/当て字 or sandhi	CHANGED	数字の読みがtoken分割と不一致(sandhi等)→要確認
高1ですが異世界で城主はじめました	ko1-desu-ga-isekai-de-joshu-hajimemashita	ko1-desu-ga-isekai-de-joshu-hajimemashita	ko1-desu-ga-isekai-de-joshu-hajimemashita	訓読み/当て字 or sandhi		数字の読みがtoken分割と不一致(sandhi等)→要確認
シグナル100	shigunaru-hyaku	shigunaru-hyaku	shigunaru-100	音読み→数字	CHANGED	
真・女神転生4 DEMONIC GENE	shin-megami-tensei-fo-demonikku-jiin	shin-megami-tensei-fo-demonikku-jiin	shin-megami-tensei-fo-demonikku-jiin	latin-mixed		latin混じり(別処理)
真・女神転生4-Prayers-	shin-megami-tensei-fo-pureiyaazu	shin-megami-tensei-fo-pureiyaazu	shin-megami-tensei-fo-pureiyaazu	latin-mixed		latin混じり(別処理)
37歳で医者になった僕	37sai-de-isha-ni-natta-boku	37sai-de-isha-ni-natta-boku	37sai-de-isha-ni-natta-boku	訓読み/当て字 or sandhi		数字の読みがtoken分割と不一致(sandhi等)→要確認
花部長（52）と心乃ちゃん（17）	hana-bucho-gojuni-to-kokono-chan-junana	hana-bucho-gojuni-to-kokono-chan-junana	hana-bucho-52-to-kokono-chan-17	音読み→数字	CHANGED	
奇少物件100LDK	kisho-bukken-hyakuerudiikee	kisho-bukken-hyakuerudiikee	kisho-bukken-hyakuerudiikee	latin-mixed		latin混じり(別処理)
魔力0で最強の大賢者	maryoku-0-de-saikyo-no-daikenja	maryoku-0-de-saikyo-no-daikenja	maryoku-0-de-saikyo-no-daikenja	訓読み/当て字 or sandhi		数字の読みがtoken分割と不一致(sandhi等)→要確認
花嫁修業をやめたくて、冷徹公爵の13番目の婚約者になります	hanayome-shugyo-wo-yametakute-reitetsu-koshaku-no-ju-san-banme-no-konyakusha-ni-narimasu	hanayome-shugyo-wo-yametakute-reitetsu-koshaku-no-ju-san-banme-no-konyakusha-ni-narimasu	hanayome-shugyo-wo-yametakute-reitetsu-koshaku-no-13-banme-no-konyakusha-ni-narimasu	音読み→数字	CHANGED	
30デイズ・ナイト	saatei-deizu-naito	saatei-deizu-naito	30-deizu-naito	英語読み付随→数字	CHANGED	
29歳独身は異世界で自由に生きた……かった。	nijukyusai-dokushin-wa-isekai-de-jiyu-ni-ikitakatta	nijukyusai-dokushin-wa-isekai-de-jiyu-ni-ikitakatta	29-sai-dokushin-wa-isekai-de-jiyu-ni-ikitakatta	音読み→数字(先頭分割)	CHANGED	
コープスパーティーcemetery 0	kopusu-paateii-cemetery-0	kopusu-paateii-cemetery-0	kopusu-paateii-cemetery-0	latin-mixed		latin混じり(別処理)
5人の王	gonin-no-o	gonin-no-o	5-nin-no-o	音読み→数字(先頭分割)	CHANGED	
コルトM1851残月	koruto-emu-senhappyakugojuichi-zangetsu	koruto-emu-senhappyakugojuichi-zangetsu	koruto-emu-senhappyakugojuichi-zangetsu	latin-mixed		latin混じり(別処理)
金貨1枚で変わる冒険者生活	kinka-1mai-de-kawaru-bokensha-seikatsu	kinka-1mai-de-kawaru-bokensha-seikatsu	kinka-1mai-de-kawaru-bokensha-seikatsu	訓読み/当て字 or sandhi		数字の読みがtoken分割と不一致(sandhi等)→要確認
ラブライブ!スーパースター!!Comic Book2人の時間!～Special times～	rabu-raibu-supaa-sutaa-komikku-bukku-futari-no-jikan-supesharu-taimuzu	rabu-raibu-supaa-sutaa-komikku-bukku-futari-no-jikan-supesharu-taimuzu	rabu-raibu-supaa-sutaa-komikku-bukku-futari-no-jikan-supesharu-taimuzu	latin-mixed		latin混じり(別処理)
AKB49 恋愛禁止条例	eekeebii-foteinain-renai-kinshi-jorei	eekeebii-foteinain-renai-kinshi-jorei	eekeebii-foteinain-renai-kinshi-jorei	latin-mixed		latin混じり(別処理)
電撃6ハロン!!	dengeki-6-haron	dengeki-6-haron	dengeki-6-haron	訓読み/当て字 or sandhi		数字の読みがtoken分割と不一致(sandhi等)→要確認
5年ぶりに繋がる元カレ医師から伝わる熱い熱	gonenburi-ni-tsunagaru-moto-kare-ishi-kara-tsutawaru-atsui-netsu	gonenburi-ni-tsunagaru-moto-kare-ishi-kara-tsutawaru-atsui-netsu	5-nenburi-ni-tsunagaru-moto-kare-ishi-kara-tsutawaru-atsui-netsu	音読み→数字(先頭分割)	CHANGED	
魔法使いの嫁詩篇. 75稲妻ジャックと妖精事件	mahotsukai-no-yome-shihen-75-inazuma-jakku-to-yosei-jiken	mahotsukai-no-yome-shihen-75-inazuma-jakku-to-yosei-jiken	mahotsukai-no-yome-shihen-75-inazuma-jakku-to-yosei-jiken	訓読み/当て字 or sandhi		数字の読みがtoken分割と不一致(sandhi等)→要確認
しあわせしんきろう3	shiawase-shinkiro-san	shiawase-shinkiro-san	shiawase-shinkiro-3	音読み→数字	CHANGED	
となりの801ちゃん+	tonari-no-yaoi-chan-purasu	tonari-no-yaoi-chan-purasu	tonari-no-yaoi-chan-purasu	訓読み/当て字 or sandhi		数字の読みがtoken分割と不一致(sandhi等)→要確認
鉄人28号	tetsujin-nijuhachi-go	tetsujin-nijuhachi-go	tetsujin-28-go	音読み→数字	CHANGED	
コミックアンジェリークspecial 2カーニバル	komikku-anjieriiku-special-2-kaanibaru	komikku-anjieriiku-special-2-kaanibaru	komikku-anjieriiku-special-2-kaanibaru	latin-mixed		latin混じり(別処理)
夢中でつながる午前4時	muchu-de-tsunagaru-gozen-yoji	muchu-de-tsunagaru-gozen-yoji	muchu-de-tsunagaru-gozen-yoji	訓読み/当て字 or sandhi		数字の読みがtoken分割と不一致(sandhi等)→要確認
四姉妹+1物語	yonshimai-purasuwan-monogatari	yonshimai-purasuwan-monogatari	yonshimai-purasuwan-monogatari	訓読み/当て字 or sandhi		数字の読みがtoken分割と不一致(sandhi等)→要確認
電撃・えふえふいれぶん・4コマ・マンガ	dengeki-efuefu-irebun-4koma-manga	dengeki-efuefu-irebun-4koma-manga	dengeki-efuefu-irebun-4koma-manga	訓読み/当て字 or sandhi		数字の読みがtoken分割と不一致(sandhi等)→要確認
異世界紀元前202年	isekai-kigenzen-nihyakuninen	isekai-kigenzen-nihyakuninen	isekai-kigenzen-202-nen	音読み→数字(先頭分割)	CHANGED	
99回断罪されたループ令嬢ですが今世は「超絶愛されモード」ですって!?	kyujukyu-kai-danzai-sareta-rupu-reijo-desuga-konse-wa-chozetsu-aisare-modo-desu-tte	kyujukyu-kai-danzai-sareta-rupu-reijo-desuga-konse-wa-chozetsu-aisare-modo-desu-tte	99-kai-danzai-sareta-rupu-reijo-desuga-konse-wa-chozetsu-aisare-modo-desu-tte	音読み→数字	CHANGED	
-50kgのシンデレラ	mainasu-gojikkiroguramu-no-shinderera	mainasu-gojikkiroguramu-no-shinderera	mainasu-gojikkiroguramu-no-shinderera	latin-mixed		latin混じり(別処理)
10年ごしの引きニートを辞めて外出したら自宅ごと異世界に転移してた	junen-goshi-no-hiki-niito-wo-yamete-gaishutsu-shitara-jitaku-goto-isekai-ni-teni-shiteta	junen-goshi-no-hiki-niito-wo-yamete-gaishutsu-shitara-jitaku-goto-isekai-ni-teni-shiteta	10-nen-goshi-no-hiki-niito-wo-yamete-gaishutsu-shitara-jitaku-goto-isekai-ni-teni-shiteta	音読み→数字(先頭分割)	CHANGED	
2・4・6	nii-yon-roku	nii-yon-roku	2-i-4-6	音読み→数字(先頭分割) ; 音読み→数字	CHANGED	
オーロラ要塞1946	orora-yosai-senkyuhyakuyonjuroku	orora-yosai-senkyuhyakuyonjuroku	orora-yosai-1946	音読み→数字	CHANGED	
駅前5坪	ekimae-5tsubo	ekimae-5tsubo	ekimae-5tsubo	訓読み/当て字 or sandhi		数字の読みがtoken分割と不一致(sandhi等)→要確認
麗奈と9人の男たち	reina-to-kyunin-no-otokotachi	reina-to-kyunin-no-otokotachi	reina-to-9-nin-no-otokotachi	音読み→数字(先頭分割)	CHANGED	
アイドル総選挙4位だった私が魔王を倒すんですか?	aidoru-sosenkyo-yoni-datta-watakushi-ga-mao-o-taosundesuka	aidoru-sosenkyo-yoni-datta-watakushi-ga-mao-o-taosundesuka	aidoru-sosenkyo-4-i-datta-watakushi-ga-mao-o-taosundesuka	音読み→数字(先頭分割)	CHANGED	
29歳・地味局の突然なモテ期	29sai-jimitsubone-no-totsuzenna-moteki	29sai-jimitsubone-no-totsuzenna-moteki	29sai-jimitsubone-no-totsuzenna-moteki	訓読み/当て字 or sandhi		数字の読みがtoken分割と不一致(sandhi等)→要確認
2年B組オネェ先生	2nen-bgumi-onee-sensei	2nen-bgumi-onee-sensei	2nen-bgumi-onee-sensei	latin-mixed		latin混じり(別処理)
10年シてないスダチさん	junen-shitenai-sudachi-san	junen-shitenai-sudachi-san	10-nen-shitenai-sudachi-san	音読み→数字(先頭分割)	CHANGED	
地上100階	chijo-hyakkai	chijo-hyakkai	chijo-100-kai	音読み→数字(先頭分割)	CHANGED	
宝くじで40億当たったんだけど異世界に移住する	takarakuji-de-yonjuoku-atattandakedo-isekai-ni-iju-suru	takarakuji-de-yonjuoku-atattandakedo-isekai-ni-iju-suru	takarakuji-de-40-oku-atattandakedo-isekai-ni-iju-suru	音読み→数字(先頭分割)	CHANGED	
宝くじで40億当たったんだけど異世界に移住する～マリーのイステリア商業開発記～	takarakuji-de-yonjuoku-atattandakedo-isekai-ni-iju-suru-marii-no-isuteria-shogyo-kaihatsuki	takarakuji-de-yonjuoku-atattandakedo-isekai-ni-iju-suru-marii-no-isuteria-shogyo-kaihatsuki	takarakuji-de-40-oku-atattandakedo-isekai-ni-iju-suru-marii-no-isuteria-shogyo-kaihatsuki	音読み→数字(先頭分割)	CHANGED	
海底人8823	kaiteijin-8823	kaiteijin-8823	kaiteijin-8823	訓読み/当て字 or sandhi		数字の読みがtoken分割と不一致(sandhi等)→要確認
イモリ201	imori-201	imori-201	imori-201	訓読み/当て字 or sandhi		数字の読みがtoken分割と不一致(sandhi等)→要確認
鉄鍋のジャン!!2nd	tetsunabe-no-jan-sekando	tetsunabe-no-jan-sekando	tetsunabe-no-jan-sekando	latin-mixed		latin混じり(別処理)
3D甲子園プラコン大作	suriidii-koshien-purakon-taisaku	suriidii-koshien-purakon-taisaku	suriidii-koshien-purakon-taisaku	latin-mixed		latin混じり(別処理)
10歳下の彼だけど	10sai-shita-no-kare-dakedo	10sai-shita-no-kare-dakedo	10sai-shita-no-kare-dakedo	訓読み/当て字 or sandhi		数字の読みがtoken分割と不一致(sandhi等)→要確認
29時の朝ごはん	nijukuji-no-asagohan	nijukuji-no-asagohan	29-ji-no-asagohan	音読み→数字(先頭分割)	CHANGED	
100兆の男	100cho-no-otoko	100cho-no-otoko	100cho-no-otoko	訓読み/当て字 or sandhi		数字の読みがtoken分割と不一致(sandhi等)→要確認
バカ女26時	baka-onna-nijurokuji	baka-onna-nijurokuji	baka-onna-26-ji	音読み→数字(先頭分割)	CHANGED	
あんたを口説く100のセリフ	anta-o-kudoku-100-no-serifu	anta-o-kudoku-100-no-serifu	anta-o-kudoku-100-no-serifu	訓読み/当て字 or sandhi		数字の読みがtoken分割と不一致(sandhi等)→要確認
ゲート0-zero-	geeto-zero	geeto-zero	geeto-zero	latin-mixed		latin混じり(別処理)
ロード・エルメロイ2世の事件簿	rodo-erumeroi-nisei-no-jikenbo	rodo-erumeroi-nisei-no-jikenbo	rodo-erumeroi-2-sei-no-jikenbo	音読み→数字(先頭分割)	CHANGED	
1.17	ichi-ten-ichinana	ichi-ten-ichinana	1-ten-ichinana	音読み→数字 ; 訓読み/当て字 or sandhi	CHANGED	数字の読みがtoken分割と不一致(sandhi等)→要確認
女冥利1994	onnamyori-senkyuhyaku-kujushi	onnamyori-senkyuhyaku-kujushi	onnamyori-1994	音読み→数字	CHANGED	
オッサン〈36〉がアイドルになる話	otsu-san-sanjuroku-ga-aidoru-ni-naru-hanashi	otsu-san-sanjuroku-ga-aidoru-ni-naru-hanashi	ossan-36-ga-aidoru-ni-naru-hanashi	音読み→数字	CHANGED	
恋する2DK、あやかし前妻憑き。	koisuru-ni-diikee-ayakashi-zensaitsuki	koisuru-ni-diikee-ayakashi-zensaitsuki	koisuru-ni-diikee-ayakashi-zensaitsuki	latin-mixed		latin混じり(別処理)
2度目のカラダは我慢ができない	nidome-no-karada-wa-gaman-ga-dekinai	nidome-no-karada-wa-gaman-ga-dekinai	2-dome-no-karada-wa-gaman-ga-dekinai	音読み→数字(先頭分割)	CHANGED	
サムライガール21	samurai-gaaru-21	samurai-gaaru-21	samurai-gaaru-21	訓読み/当て字 or sandhi		数字の読みがtoken分割と不一致(sandhi等)→要確認
プラス20cmの距離	purasu-20cm-no-kyori	purasu-20cm-no-kyori	purasu-20cm-no-kyori	latin-mixed		latin混じり(別処理)
抱かれたい男1位に脅されています。	dakaretai-otoko-1i-ni-odosareteimasu	dakaretai-otoko-1i-ni-odosareteimasu	dakaretai-otoko-1i-ni-odosareteimasu	訓読み/当て字 or sandhi		数字の読みがtoken分割と不一致(sandhi等)→要確認
午前0時の甘い罠	gozen-reiji-no-amai-wana	gozen-reiji-no-amai-wana	gozen-0-ji-no-amai-wana	音読み→数字(先頭分割)	CHANGED	
拝啓陛下、2度目の王妃はお断り!	haikei-heika-nidome-no-ohi-wa-okotowari	haikei-heika-nidome-no-ohi-wa-okotowari	haikei-heika-2-dome-no-ohi-wa-okotowari	音読み→数字(先頭分割)	CHANGED	
すみっこプリマU-15	sumikko-purima-u15	sumikko-purima-u15	sumikko-purima-u15	latin-mixed		latin混じり(別処理)
ミラクルチロル44キロ	mirakuru-chiroru-44kiro	mirakuru-chiroru-44kiro	mirakuru-chiroru-44kiro	訓読み/当て字 or sandhi		数字の読みがtoken分割と不一致(sandhi等)→要確認
カミユ+12	kamiyu-purasu-juni	kamiyu-purasu-juni	kamiyu-purasu-12	音読み→数字	CHANGED	
魔法使いの嫁詩編. 108魔術師の青	mahotsukai-no-yome-shihen-108-majutsushi-no-ao	mahotsukai-no-yome-shihen-108-majutsushi-no-ao	mahotsukai-no-yome-shihen-108-majutsushi-no-ao	訓読み/当て字 or sandhi		数字の読みがtoken分割と不一致(sandhi等)→要確認
男女比1:5の世界でも普通に生きられると思った?	danjohi-ichi-tai-go-no-sekai-demo-futsu-ni-ikirareru-to-omotta	danjohi-ichi-tai-go-no-sekai-demo-futsu-ni-ikirareru-to-omotta	danjohi-1-tai-5-no-sekai-demo-futsu-ni-ikirareru-to-omotta	音読み→数字	CHANGED	
レベル1だけどユニークスキルで最強です	reberu-wan-dakedo-yuniiku-sukiru-de-saikyo-desu	reberu-wan-dakedo-yuniiku-sukiru-de-saikyo-desu	reberu-1-dakedo-yuniiku-sukiru-de-saikyo-desu	英語読み付随→数字	CHANGED	
31番目のお妃様	sanjuichi-banme-no-okisaki-sama	sanjuichi-banme-no-okisaki-sama	31-banme-no-okisakisama	音読み→数字	CHANGED	
30歳喪女、平成ギャルになる。	sanjissai-mojo-heisei-gyaru-ni-naru	sanjissai-mojo-heisei-gyaru-ni-naru	30-sai-mojo-heisei-gyaru-ni-naru	音読み→数字(先頭分割)	CHANGED	
アクションポーズ5000	akushon-pozu-5000	akushon-pozu-5000	akushon-pozu-5000	訓読み/当て字 or sandhi		数字の読みがtoken分割と不一致(sandhi等)→要確認
彼女とキスする50の方法	kanojo-to-kisu-suru-goshu-no-hoho	kanojo-to-kisu-suru-goshu-no-hoho	kanojo-to-kisu-suru-goshu-no-hoho	訓読み/当て字 or sandhi		数字の読みがtoken分割と不一致(sandhi等)→要確認
深夜0時のアントルメ	shinya-reiji-no-antorume	shinya-reiji-no-antorume	shinya-0-ji-no-antorume	音読み→数字(先頭分割)	CHANGED	
100万の命の上に俺は立っている	hyakuman-no-inochi-no-ue-ni-ore-wa-tatte-iru	hyakuman-no-inochi-no-ue-ni-ore-wa-tatte-iru	100-man-no-inochi-no-ue-ni-ore-wa-tatte-iru	音読み→数字(先頭分割)	CHANGED	
彼には10の秘密がある。	kare-niwa-ju-no-himitsu-ga-aru	kare-niwa-ju-no-himitsu-ga-aru	kare-niwa-10-no-himitsu-ga-aru	音読み→数字	CHANGED	
山本アヒルの実録4コマ	yamamoto-ahiru-no-jitsuroku-yonkoma	yamamoto-ahiru-no-jitsuroku-yonkoma	yamamoto-ahiru-no-jitsuroku-4-koma	音読み→数字(先頭分割)	CHANGED	
4年制不老不死	yonensei-furo-fushi	yonensei-furo-fushi	yonensei-furo-fushi	訓読み/当て字 or sandhi		数字の読みがtoken分割と不一致(sandhi等)→要確認
レンタル105	rentaru-hyakugo	rentaru-hyakugo	rentaru-105	音読み→数字	CHANGED	
その劣等騎士、レベル999	sono-retto-kishi-reberu-kyuhyakukyujukyu	sono-retto-kishi-reberu-kyuhyakukyujukyu	sono-retto-kishi-reberu-999	音読み→数字	CHANGED	
フルメタル・パニック!0	furumetaru-panikku-zero	furumetaru-panikku-zero	furumetaru-panikku-0	音読み→数字	CHANGED	
ぴゅあ0.01mm	pyua-rei-ten-zeroichi-miri	pyua-rei-ten-zeroichi-miri	pyua-rei-ten-zeroichi-miri	latin-mixed		latin混じり(別処理)
残念系悪役令嬢は3年後に破滅するようです	zannenkei-akuyaku-reijo-wa-sannengo-ni-hametsu-suru-yo-desu	zannenkei-akuyaku-reijo-wa-sannengo-ni-hametsu-suru-yo-desu	zannenkei-akuyaku-reijo-wa-3-nengo-ni-hametsu-suru-yo-desu	音読み→数字(先頭分割)	CHANGED	
2LDKイケメン付き物件あります。	2ldk-ikemen-tsuki-bukken-arimasu	2ldk-ikemen-tsuki-bukken-arimasu	2ldk-ikemen-tsuki-bukken-arimasu	latin-mixed		latin混じり(別処理)
最果てから、徒歩5分	saihate-kara-toho-5fun	saihate-kara-toho-5fun	saihate-kara-toho-5fun	訓読み/当て字 or sandhi		数字の読みがtoken分割と不一致(sandhi等)→要確認
Lv2からチートだった元勇者候補のまったり異世界ライフ	reberu-tsu-kara-chiito-datta-moto-yusha-koho-no-mattari-isekai-raifu	reberu-tsu-kara-chiito-datta-moto-yusha-koho-no-mattari-isekai-raifu	reberu-tsu-kara-chiito-datta-moto-yusha-koho-no-mattari-isekai-raifu	latin-mixed		latin混じり(別処理)
Fischer's×ONE PIECE 7つなぎの大秘宝	fisshaazu-wan-piisu-nanatsunagi-no-daihiho	fisshaazu-wan-piisu-nanatsunagi-no-daihiho	fisshaazu-wan-piisu-nanatsunagi-no-daihiho	latin-mixed		latin混じり(別処理)
身長差35cm、野獣系幼なじみとむさぼりルームシェア	shinchosa-sanjugo-senchi-yajukei-osananajimi-to-musabori-rumu-shiea	shinchosa-sanjugo-senchi-yajukei-osananajimi-to-musabori-rumu-shiea	shinchosa-sanjugo-senchi-yajukei-osananajimi-to-musabori-rumu-shiea	latin-mixed		latin混じり(別処理)
鉄拳2	tekken-ni	tekken-ni	tekken-2	音読み→数字	CHANGED	
4P田中くん	yon-pii-tanaka-kun	yon-pii-tanaka-kun	yon-pii-tanaka-kun	latin-mixed		latin混じり(別処理)
ノンケ上司、30日の開発メソッド	nonke-joshi-sanjunichi-no-kaihatsu-mesoddo	nonke-joshi-sanjunichi-no-kaihatsu-mesoddo	nonke-joshi-30-nichi-no-kaihatsu-mesoddo	音読み→数字(先頭分割)	CHANGED	
超難関ダンジョンで10万年修行した結果、世界最強に	cho-nankan-danjon-de-jumannen-shugyo-shita-kekka-sekai-saikyo-ni	cho-nankan-danjon-de-jumannen-shugyo-shita-kekka-sekai-saikyo-ni	cho-nankan-danjon-de-10-mannen-shugyo-shita-kekka-sekai-saikyo-ni	音読み→数字(先頭分割)	CHANGED	
母40歳、女子高生になりました	haha-yonjissai-joshi-kosei-ni-narimashita	haha-yonjissai-joshi-kosei-ni-narimashita	haha-40-sai-joshi-kosei-ni-narimashita	音読み→数字(先頭分割)	CHANGED	
3分待ってむぎ先輩	sanpun-matte-mugi-senpai	sanpun-matte-mugi-senpai	3-pun-matte-mugi-senpai	音読み→数字(先頭分割)	CHANGED	
19歳の密かな欲望	19sai-no-hisokana-yokubo	19sai-no-hisokana-yokubo	19sai-no-hisokana-yokubo	訓読み/当て字 or sandhi		数字の読みがtoken分割と不一致(sandhi等)→要確認
ポーションは160km/hで投げるモノ!～アイテム係の俺が万能回復薬を投擲することで最強の冒険者に成り上がる!?～@COMIC	poshon-wa-hyakurokujikkiro-de-nageru-mono	poshon-wa-hyakurokujikkiro-de-nageru-mono	poshon-wa-hyakurokujikkiro-de-nageru-mono	latin-mixed		latin混じり(別処理)
手塚治虫エロス1000ページ	tezuka-osamu-erosu-senpeeji	tezuka-osamu-erosu-senpeeji	tezuka-osamu-erosu-1000-peeji	音読み→数字(先頭分割)	CHANGED	
うみねこのなく頃に散episode 5	umineko-no-naku-koro-ni-chiru-episode-5	umineko-no-naku-koro-ni-chiru-episode-5	umineko-no-naku-koro-ni-chiru-episode-5	latin-mixed		latin混じり(別処理)
追放おっさん冒険者〈37〉…実はパーティメンバーにヤバいほど慕われていた	tsuiho-otsu-san-bokensha-jitsu-wa-paatei-menbaa-ni-yabai-hodo-shitawarete-ita	tsuiho-otsu-san-bokensha-jitsu-wa-paatei-menbaa-ni-yabai-hodo-shitawarete-ita	tsuiho-ossan-bokensha-jitsu-wa-paatei-menbaa-ni-yabai-hodo-shitawarete-ita	訓読み/当て字 or sandhi	CHANGED	数字の読みがtoken分割と不一致(sandhi等)→要確認
乃木坂の詩episode 1-きっかけ-	nogizaka-no-uta-episodo-wan-kikkake	nogizaka-no-uta-episodo-wan-kikkake	nogizaka-no-uta-episodo-wan-kikkake	latin-mixed		latin混じり(別処理)
01	zerowan	zerowan	zerowan	no-segment		分かち書き無=token置換不可
第9砂漠	daikyu-sabaku	daikyu-sabaku	daikyu-sabaku	訓読み/当て字 or sandhi		数字の読みがtoken分割と不一致(sandhi等)→要確認
アインシュタイン1904	ainshutain-senkyuhyakuyon	ainshutain-senkyuhyakuyon	ainshutain-1904	音読み→数字	CHANGED	
100万ボルトの彼女	100manboruto-no-kanojo	100manboruto-no-kanojo	100manboruto-no-kanojo	訓読み/当て字 or sandhi		数字の読みがtoken分割と不一致(sandhi等)→要確認
りりあ01	riria-zerowan	riria-zerowan	riria-zerowan	訓読み/当て字 or sandhi		数字の読みがtoken分割と不一致(sandhi等)→要確認
キャベツな2人	kyabetsuna-futari	kyabetsuna-futari	kyabetsuna-futari	訓読み/当て字 or sandhi		数字の読みがtoken分割と不一致(sandhi等)→要確認
余命10年	yomei-junen	yomei-junen	yomei-10-nen	音読み→数字(先頭分割)	CHANGED	
3年B組金八先生 3	sannen-biigumi-kinpachi-sensei	sannen-biigumi-kinpachi-sensei	sannen-biigumi-kinpachi-sensei	latin-mixed		latin混じり(別処理)
彼の1番になる方法	kare-no-1ban-ni-naru-hoho	kare-no-1ban-ni-naru-hoho	kare-no-1ban-ni-naru-hoho	訓読み/当て字 or sandhi		数字の読みがtoken分割と不一致(sandhi等)→要確認
90日彼氏	90nichi-kareshi	90nichi-kareshi	90nichi-kareshi	訓読み/当て字 or sandhi		数字の読みがtoken分割と不一致(sandhi等)→要確認
35歳の不・純愛	35sai-no-fu-junai	35sai-no-fu-junai	35sai-no-fu-junai	訓読み/当て字 or sandhi		数字の読みがtoken分割と不一致(sandhi等)→要確認
2番セカンド	niban-sekando	niban-sekando	2-ban-sekando	音読み→数字(先頭分割)	CHANGED	
東京空間1868-1930	tokyo-kukan-senhappyakurokujuhachi-senkyuhyakusanju	tokyo-kukan-senhappyakurokujuhachi-senkyuhyakusanju	tokyo-kukan-1868-1930	音読み→数字	CHANGED	
弁護士と17歳	bengoshi-to-junanasai	bengoshi-to-junanasai	bengoshi-to-17-sai	音読み→数字(先頭分割)	CHANGED	
サイボーグ009	saibogu-zerozeronain	saibogu-zerozeronain	saibogu-zerozeronain	訓読み/当て字 or sandhi		数字の読みがtoken分割と不一致(sandhi等)→要確認
18倫	18rin	18rin	18rin	no-segment		分かち書き無=token置換不可
機動戦士ガンダム戦記U.C.0081	kido-senshi-gandamu-senki-yushii-zerozerohachiichi	kido-senshi-gandamu-senki-yushii-zerozerohachiichi	kido-senshi-gandamu-senki-yushii-zerozerohachiichi	latin-mixed		latin混じり(別処理)
阿南さんは出会って3秒で合体したい!	anan-san-wa-deatte-sanbyo-de-gattai-shitai	anan-san-wa-deatte-sanbyo-de-gattai-shitai	anan-3-wa-deatte-sanbyo-de-gattai-shitai	音読み→数字	CHANGED	
1日外出録ハンチョウ	ichinichi-gaishutsuroku-hancho	ichinichi-gaishutsuroku-hancho	1-nichi-gaishutsuroku-hancho	音読み→数字(先頭分割)	CHANGED	
レムレスブルーの午前2時	remuresu-buru-no-gozen-niji	remuresu-buru-no-gozen-niji	remuresu-buru-no-gozen-2-ji	音読み→数字(先頭分割)	CHANGED	
秒速5センチメートル	byosoku-5senchimeetoru	byosoku-5senchimeetoru	byosoku-5senchimeetoru	訓読み/当て字 or sandhi		数字の読みがtoken分割と不一致(sandhi等)→要確認
悪徳令嬢5000兆円無双	akutoku-reijo-gosenchoen-muso	akutoku-reijo-gosenchoen-muso	akutoku-reijo-5000-choen-muso	音読み→数字(先頭分割)	CHANGED	
探偵ボーズ21休さん	tantei-bozu-nijuikkyu-san	tantei-bozu-nijuikkyu-san	tantei-bozu-21-kyusan	音読み→数字(先頭分割)	CHANGED	
捕食系ヒロインにあと1年以内に食べられます	hoshokukei-hiroin-ni-ato-1nen-inai-ni-taberaremasu	hoshokukei-hiroin-ni-ato-1nen-inai-ni-taberaremasu	hoshokukei-hiroin-ni-ato-1nen-inai-ni-taberaremasu	訓読み/当て字 or sandhi		数字の読みがtoken分割と不一致(sandhi等)→要確認
あにまる荘202	animaruso-nihyakuni	animaruso-nihyakuni	animaruso-202	音読み→数字	CHANGED	
うたの☆プリンスさまっ♪ マジLOVE2000％	uta-no-purinsusamatsu-maji-ravu-nisenpaasento	uta-no-purinsusamatsu-maji-ravu-nisenpaasento	uta-no-purinsusamatsu-maji-ravu-nisenpaasento	latin-mixed		latin混じり(別処理)
スライム倒して300年、知らないうちにレベルmaxになってました	suraimu-taoshite-300nen-shiranai-uchi-ni-reberu-max-ni-nattemashita	suraimu-taoshite-300nen-shiranai-uchi-ni-reberu-max-ni-nattemashita	suraimu-taoshite-300nen-shiranai-uchi-ni-reberu-max-ni-nattemashita	latin-mixed		latin混じり(別処理)
ヒラ役人やって1500年、魔王の力で大臣にされちゃいました	hirayakunin-yatte-1500nen-mao-no-chikara-de-daijin-ni-sarechaimashita	hirayakunin-yatte-1500nen-mao-no-chikara-de-daijin-ni-sarechaimashita	hirayakunin-yatte-1500nen-mao-no-chikara-de-daijin-ni-sarechaimashita	訓読み/当て字 or sandhi		数字の読みがtoken分割と不一致(sandhi等)→要確認
ICS犀生国際大学A棟302号	aishiiesu-saisei-kokusai-daigaku-eeto-sanmaruni-go	aishiiesu-saisei-kokusai-daigaku-eeto-sanmaruni-go	aishiiesu-saisei-kokusai-daigaku-eeto-sanmaruni-go	latin-mixed		latin混じり(別処理)
シークレット5	shiikuretto-faibu	shiikuretto-faibu	shiikuretto-5	英語読み付随→数字	CHANGED	
風雲プロレス30年	fuun-puroresu-sanjunen	fuun-puroresu-sanjunen	fuun-puroresu-30-nen	音読み→数字(先頭分割)	CHANGED	
殺戮の天使Episode.0	satsuriku-no-tenshi-episodo-zero	satsuriku-no-tenshi-episodo-zero	satsuriku-no-tenshi-episodo-zero	latin-mixed		latin混じり(別処理)
7つのマーブル	nanatsu-no-maaburu	nanatsu-no-maaburu	nanatsu-no-maaburu	訓読み/当て字 or sandhi		数字の読みがtoken分割と不一致(sandhi等)→要確認
マリエ、背番号16	marie-sebango-juroku	marie-sebango-juroku	marie-sebango-16	音読み→数字	CHANGED	
感じてるのバレバレだよ?後輩クンと28歳こじらせOL	kanjiteru-no-barebare-dayo-kohai-kun-to-28sai-kojirase-ol	kanjiteru-no-barebare-dayo-kohai-kun-to-28sai-kojirase-ol	kanjiteru-no-barebare-dayo-kohai-kun-to-28sai-kojirase-ol	latin-mixed		latin混じり(別処理)
追放されるたびにスキルを手に入れた俺が、100の異世界で2周目無双	tsuiho-sareru-tabi-ni-sukiru-wo-te-ni-ireta-ore-ga-hyaku-no-isekai-de-nishume-muso	tsuiho-sareru-tabi-ni-sukiru-wo-te-ni-ireta-ore-ga-hyaku-no-isekai-de-nishume-muso	tsuiho-sareru-tabi-2-sukiru-wo-te-ni-ireta-ore-ga-100-no-isekai-de-nishume-muso	音読み→数字	CHANGED	
レベル1の最強賢者	reberu-ichi-no-saikyo-kenja	reberu-ichi-no-saikyo-kenja	reberu-1-no-saikyo-kenja	音読み→数字	CHANGED	
まどか26歳、研修医やってます!	madoka-nijurokusai-kenshui-yattemasu	madoka-nijurokusai-kenshui-yattemasu	madoka-26-sai-kenshui-yattemasu	音読み→数字(先頭分割)	CHANGED	
探偵ゼノと7つの殺人密室	tantei-zeno-to-nanatsu-no-satsujin-misshitsu	tantei-zeno-to-nanatsu-no-satsujin-misshitsu	tantei-zeno-to-nanatsu-no-satsujin-misshitsu	訓読み/当て字 or sandhi		数字の読みがtoken分割と不一致(sandhi等)→要確認
兎山女子高校2年1組!!	usayama-joshi-koko-ninen-ichikumi	usayama-joshi-koko-ninen-ichikumi	usayama-joshi-koko-2-nen-1-kumi	音読み→数字(先頭分割)	CHANGED	
8年後の都筑くんが甘すぎる	hachinengo-no-tsuzuki-kun-ga-amasugiru	hachinengo-no-tsuzuki-kun-ga-amasugiru	8-nengo-no-tsuzuki-kun-ga-amasugiru	音読み→数字(先頭分割)	CHANGED	
80番地の犬	hachiju-banchi-no-inu	hachiju-banchi-no-inu	80-banchi-no-inu	音読み→数字	CHANGED	
81番地の犬	hachijuichi-banchi-no-inu	hachijuichi-banchi-no-inu	81-banchi-no-inu	音読み→数字	CHANGED	
82番地の犬	hachijuni-banchi-no-inu	hachijuni-banchi-no-inu	82-banchi-no-inu	音読み→数字	CHANGED	
戦場のヴァルキュリア2	senjo-no-varukyuria-2	senjo-no-varukyuria-2	senjo-no-varukyuria-2	訓読み/当て字 or sandhi		数字の読みがtoken分割と不一致(sandhi等)→要確認
36-サンジュウロク-	sanjuroku	sanjuroku	sanjuroku	no-segment		分かち書き無=token置換不可
ROAD59-新時代任侠特区-少女と血のサカズキ	rodo-fifuteinain-shinjidai-ninkyo-tokku-shojo-to-chi-no-sakazuki	rodo-fifuteinain-shinjidai-ninkyo-tokku-shojo-to-chi-no-sakazuki	rodo-fifuteinain-shinjidai-ninkyo-tokku-shojo-to-chi-no-sakazuki	latin-mixed		latin混じり(別処理)
乙姫1000％	otohime-senpaasento	otohime-senpaasento	otohime-1000-paasento	音読み→数字(先頭分割)	CHANGED	
12歳。	junisai	junisai	junisai	no-segment		分かち書き無=token置換不可
16年、君を想うとこんなに大きく…♡	jurokunen-kimi-wo-omo-to-konnani-okiku	jurokunen-kimi-wo-omo-to-konnani-okiku	16-nen-kimi-wo-omo-to-konnani-okiku	音読み→数字(先頭分割)	CHANGED	
7人のイリア	7nin-no-iria	7nin-no-iria	7nin-no-iria	訓読み/当て字 or sandhi		数字の読みがtoken分割と不一致(sandhi等)→要確認
0日婚でも恋したい	0nichikon-demo-koishitai	0nichikon-demo-koishitai	0nichikon-demo-koishitai	訓読み/当て字 or sandhi		数字の読みがtoken分割と不一致(sandhi等)→要確認
9時にはおうちに帰りたい	kuji-niwa-ochi-ni-kaeritai	kuji-niwa-ochi-ni-kaeritai	9-ji-niwa-ochi-ni-kaeritai	音読み→数字(先頭分割)	CHANGED	
ジャポニズム47	japonizumu-47	japonizumu-47	japonizumu-47	訓読み/当て字 or sandhi		数字の読みがtoken分割と不一致(sandhi等)→要確認
異世界で失敗しない100の方法	isekai-de-shippai-shinai-hyaku-no-hoho	isekai-de-shippai-shinai-hyaku-no-hoho	isekai-de-shippai-shinai-100-no-hoho	音読み→数字	CHANGED	
この世界で9番目ぐらいな俺、異世界人の監視役に駆り出されました	kono-sekai-de-9banme-guraina-ore-isekaijin-no-kanshiyaku-ni-karidasaremashita	kono-sekai-de-9banme-guraina-ore-isekaijin-no-kanshiyaku-ni-karidasaremashita	kono-sekai-de-9banme-guraina-ore-isekaijin-no-kanshiyaku-ni-karidasaremashita	訓読み/当て字 or sandhi		数字の読みがtoken分割と不一致(sandhi等)→要確認
もがけ!100万馬力	mogake-100man-bariki	mogake-100man-bariki	mogake-100man-bariki	訓読み/当て字 or sandhi		数字の読みがtoken分割と不一致(sandhi等)→要確認
コミック真・三國無双3バトルイリュージョン	komikku-shin-sangoku-muso-san-batoru-iryujon	komikku-shin-sangoku-muso-san-batoru-iryujon	komikku-shin-3-goku-muso-san-batoru-iryujon	音読み→数字(先頭分割)	CHANGED	
K-1ダイナマイト	keewan-dainamaito	keewan-dainamaito	keewan-dainamaito	latin-mixed		latin混じり(別処理)
セルナンバー8	seru-nanbaa-8	seru-nanbaa-8	seru-nanbaa-8	訓読み/当て字 or sandhi		数字の読みがtoken分割と不一致(sandhi等)→要確認
イジメ0の学校	ijime-zero-no-gakko	ijime-zero-no-gakko	ijime-0-no-gakko	音読み→数字	CHANGED	
1センチよりも近く	issenchi-yorimo-chikaku	issenchi-yorimo-chikaku	1-senchi-yorimo-chikaku	音読み→数字(先頭分割)	CHANGED	
No.1リンナ	nanbaa-wan-rinna	nanbaa-wan-rinna	nanbaa-wan-rinna	latin-mixed		latin混じり(別処理)
魔法科高校の優等生2nd Season	mahoka-koko-no-yutosei-sekando-shiizun	mahoka-koko-no-yutosei-sekando-shiizun	mahoka-koko-no-yutosei-sekando-shiizun	latin-mixed		latin混じり(別処理)
100年の経	hyakunen-no-kyo	hyakunen-no-kyo	100-nen-no-kyo	音読み→数字(先頭分割)	CHANGED	
バトルアスリーテス大運動会A.D.4999	batoru-asuriitesu-daiundokai-ad-4999	batoru-asuriitesu-daiundokai-ad-4999	batoru-asuriitesu-daiundokai-ad-4999	latin-mixed		latin混じり(別処理)
赤塚不二夫裏1000ページ	akatsuka-fujio-ura-senpeeji	akatsuka-fujio-ura-senpeeji	akatsuka-fujio-ura-1000-peeji	音読み→数字(先頭分割)	CHANGED	
5番館へようこそ	gobankan-e-yokoso	gobankan-e-yokoso	5-bankan-e-yokoso	音読み→数字(先頭分割)	CHANGED	
卒業までの1000日	sotsugyo-made-no-sennichi	sotsugyo-made-no-sennichi	sotsugyo-made-no-1000-nichi	音読み→数字(先頭分割)	CHANGED	
3月のライオン	3gatsu-no-raion	3gatsu-no-raion	3gatsu-no-raion	訓読み/当て字 or sandhi		数字の読みがtoken分割と不一致(sandhi等)→要確認
推定年齢120歳、顔も知らない婚約者が実は超絶美形でした。	suitei-nenrei-hyakunijussai-kao-mo-shiranai-konyakusha-ga-jitsu-wa-chozetsu-bikei-deshita	suitei-nenrei-hyakunijussai-kao-mo-shiranai-konyakusha-ga-jitsu-wa-chozetsu-bikei-deshita	suitei-nenrei-120-sai-kao-mo-shiranai-konyakusha-ga-jitsu-wa-chozetsu-bikei-deshita	音読み→数字(先頭分割)	CHANGED	
悪役令嬢だそうですが、攻略対象その5以外は興味ありません	akuyaku-reijo-daso-desuga-koryaku-taisho-sono-go-igai-wa-kyomi-arimasen	akuyaku-reijo-daso-desuga-koryaku-taisho-sono-go-igai-wa-kyomi-arimasen	akuyaku-reijo-daso-desuga-koryaku-taisho-sono-5-igai-wa-kyomi-arimasen	音読み→数字	CHANGED	
機動戦士ガンダム00F	kido-senshi-gandamu-00f	kido-senshi-gandamu-00f	kido-senshi-gandamu-00f	latin-mixed		latin混じり(別処理)
機動戦士ガンダム00I	kido-senshi-gandamu-00i	kido-senshi-gandamu-00i	kido-senshi-gandamu-00i	latin-mixed		latin混じり(別処理)
機動戦士ガンダムSEED C.E.73 Δ ASTRAY	kido-senshi-gandamu-seed-c-e-73-deruta-astray	kido-senshi-gandamu-seed-c-e-73-deruta-astray	kido-senshi-gandamu-seed-c-e-73-deruta-astray	latin-mixed		latin混じり(別処理)
19番目のカルテ	19banme-no-karute	19banme-no-karute	19banme-no-karute	訓読み/当て字 or sandhi		数字の読みがtoken分割と不一致(sandhi等)→要確認
2本足の犬	2hon-ashi-no-inu	2hon-ashi-no-inu	2hon-ashi-no-inu	訓読み/当て字 or sandhi		数字の読みがtoken分割と不一致(sandhi等)→要確認
悪役令嬢は2度死ぬ	akuyaku-reijo-wa-nido-shinu	akuyaku-reijo-wa-nido-shinu	akuyaku-reijo-wa-2-do-shinu	音読み→数字(先頭分割)	CHANGED	
バニラ37℃	banira-sanjunana-do	banira-sanjunana-do	banira-37-do	音読み→数字	CHANGED	
宗志郎100万$ハート	soshiro-hyakuman-doru-haato	soshiro-hyakuman-doru-haato	soshiro-100-man-doru-haato	音読み→数字(先頭分割)	CHANGED	
元・世界1位のサブキャラ育成日記	moto-sekai-ichii-no-sabu-kyara-ikusei-nikki	moto-sekai-ichii-no-sabu-kyara-ikusei-nikki	moto-sekai-1-i-no-sabu-kyara-ikusei-nikki	音読み→数字(先頭分割)	CHANGED	
聖smiley学園高等部smiley*2G	sei-sumairii-gakuen-kotobu-sumairii-tsujii	sei-sumairii-gakuen-kotobu-sumairii-tsujii	sei-sumairii-gakuen-kotobu-sumairii-tsujii	latin-mixed		latin混じり(別処理)
聖smiley学園高等部smiley*2Gアンソロジー	sei-smiley-gakuen-kotobu-smiley-2g-ansorojii	sei-smiley-gakuen-kotobu-smiley-2g-ansorojii	sei-smiley-gakuen-kotobu-smiley-2g-ansorojii	latin-mixed		latin混じり(別処理)
15歳のレビュー	jugosai-no-rebyu	jugosai-no-rebyu	15-sai-no-rebyu	音読み→数字(先頭分割)	CHANGED	
19XXカゲキ派	senkyuhyakuekkusuekkusu-kagekiha	senkyuhyakuekkusuekkusu-kagekiha	senkyuhyakuekkusuekkusu-kagekiha	latin-mixed		latin混じり(別処理)
恋する1/4	koisuru-yonbunnoichi	koisuru-yonbunnoichi	koisuru-4-bunnoichi	音読み→数字(先頭分割) ; 訓読み/当て字 or sandhi	CHANGED	数字の読みがtoken分割と不一致(sandhi等)→要確認
24のひとみ	nijushi-no-hitomi	nijushi-no-hitomi	24-no-hitomi	音読み→数字	CHANGED	
僕のカノジョは18才	boku-no-kanojo-ha-18sai	boku-no-kanojo-ha-18sai	boku-no-kanojo-ha-18sai	訓読み/当て字 or sandhi		数字の読みがtoken分割と不一致(sandhi等)→要確認
余命￥20,000,000-	yomei-nisenmanen	yomei-nisenmanen	yomei-nisenmanen	訓読み/当て字 or sandhi		数字の読みがtoken分割と不一致(sandhi等)→要確認
機動戦士ガンダムU.C.0094アクロス・ザ・スカイ	kido-senshi-gandamu-yushii-zerozerokyuyon-akurosu-za-sukai	kido-senshi-gandamu-yushii-zerozerokyuyon-akurosu-za-sukai	kido-senshi-gandamu-yushii-zerozerokyuyon-akurosu-za-sukai	latin-mixed		latin混じり(別処理)
カカオ79%	kakao-nanajukyu-paasento	kakao-nanajukyu-paasento	kakao-79-paasento	音読み→数字	CHANGED	
転生エロエルフの中の人は29歳処女OLです。	tensho-eroerufu-no-nakano-nin-ha-29-toshi-shojo-ol-desu	tensho-eroerufu-no-nakano-nin-ha-29-toshi-shojo-ol-desu	tensho-eroerufu-no-nakano-nin-ha-29-toshi-shojo-ol-desu	latin-mixed		latin混じり(別処理)
3インチ	saninchi	saninchi	saninchi	no-segment		分かち書き無=token置換不可
真逆な2人はどうにもデキない。	magyaku-na-futari-wa-donimo-dekinai	magyaku-na-futari-wa-donimo-dekinai	magyaku-na-futari-wa-donimo-dekinai	訓読み/当て字 or sandhi		数字の読みがtoken分割と不一致(sandhi等)→要確認
出席番号0番	shusseki-bango-zeroban	shusseki-bango-zeroban	shusseki-bango-0-ban	音読み→数字(先頭分割)	CHANGED	
エロティカル・ウィザードと12人の花嫁	eroteikaru-uizaado-to-juninin-no-hanayome	eroteikaru-uizaado-to-juninin-no-hanayome	eroteikaru-uizaado-to-12-nin-no-hanayome	音読み→数字(先頭分割)	CHANGED	
機動戦士ガンダムF90FF(ファステスト・フォーミュラ)	kido-senshi-gandamu-efu-kyuju-fasutesuto-fomyura	kido-senshi-gandamu-efu-kyuju-fasutesuto-fomyura	kido-senshi-gandamu-efu-kyuju-fasutesuto-fomyura	latin-mixed		latin混じり(別処理)
戦国BASARA3	sengoku-basara-3	sengoku-basara-3	sengoku-basara-3	latin-mixed		latin混じり(別処理)
マンガもし世界が1つのクラスだったら	manga-moshi-sekai-ga-hitotsu-no-kurasu-dattara	manga-moshi-sekai-ga-hitotsu-no-kurasu-dattara	manga-moshi-sekai-ga-hitotsu-no-kurasu-dattara	訓読み/当て字 or sandhi		数字の読みがtoken分割と不一致(sandhi等)→要確認
万年2位だからと勘当された少年、無自覚に無双する	mannen-2i-dakara-to-kando-sareta-shonen-mujikaku-ni-muso-suru	mannen-2i-dakara-to-kando-sareta-shonen-mujikaku-ni-muso-suru	mannen-2i-dakara-to-kando-sareta-shonen-mujikaku-2-muso-suru	音読み→数字	CHANGED	
信じていた仲間達にダンジョン奥地で殺されかけたがギフト『無限ガチャ』でレベル9999の仲間達を手に入れて元パーティーメンバーと世界に復讐&『ざまぁ!』します!	shinjite-ita-nakamatachi-ni-danjon-okuchi-de-korosarekaketaga-gifuto-mugen-gacha-de-reberu-kyusenkyuhyakukyujukyu-no-nakamatachi-wo-te-ni-irete-moto-paateii-menbaa-to-sekai-ni-fukushu-shimasu	shinjite-ita-nakamatachi-ni-danjon-okuchi-de-korosarekaketaga-gifuto-mugen-gacha-de-reberu-kyusenkyuhyakukyujukyu-no-nakamatachi-wo-te-ni-irete-moto-paateii-menbaa-to-sekai-ni-fukushu-shimasu	shinjite-ita-nakamatachi-ni-danjon-okuchi-de-korosarekaketaga-gifuto-mugen-gacha-de-reberu-9999-no-nakamatachi-wo-te-ni-irete-moto-paateii-menbaa-to-sekai-ni-fukushu-shimasu	音読み→数字	CHANGED	
35歳の選択	sanjugosai-no-sentaku	sanjugosai-no-sentaku	35-sai-no-sentaku	音読み→数字(先頭分割)	CHANGED	
篝家の8兄弟	kagarike-no-hachi-kyodai	kagarike-no-hachi-kyodai	kagarike-no-8-kyodai	音読み→数字	CHANGED	
離婚しない男CASE2	rikon-shinai-otoko-keesu-tsu	rikon-shinai-otoko-keesu-tsu	rikon-shinai-otoko-keesu-tsu	latin-mixed		latin混じり(別処理)
re:teen 繭の中でもう一度10代のキミと会う	ri-teiin-mayu-no-naka-de-mo-ichido-judai-no-kimi-to-au	ri-teiin-mayu-no-naka-de-mo-ichido-judai-no-kimi-to-au	ri-teiin-mayu-no-naka-de-mo-ichido-judai-no-kimi-to-au	latin-mixed		latin混じり(別処理)
午後3時雨宮教授のお茶の時間	gogo-3ji-amemiya-kyoju-no-ocha-no-jikan	gogo-3ji-amemiya-kyoju-no-ocha-no-jikan	gogo-3ji-amemiya-kyoju-no-ocha-no-jikan	訓読み/当て字 or sandhi		数字の読みがtoken分割と不一致(sandhi等)→要確認
イッてはいけない!オフィスで絶頂管理24時	ittewa-ikenai-ofisu-de-zetcho-kanri-24ji	ittewa-ikenai-ofisu-de-zetcho-kanri-24ji	ittewa-ikenai-ofisu-de-zetcho-kanri-24ji	訓読み/当て字 or sandhi		数字の読みがtoken分割と不一致(sandhi等)→要確認
恋まであと3歩	koi-made-ato-3po	koi-made-ato-3po	koi-made-ato-3po	訓読み/当て字 or sandhi		数字の読みがtoken分割と不一致(sandhi等)→要確認
セブン〔＾3〕	sebun-kyubu	sebun-kyubu	sebun-kyubu	訓読み/当て字 or sandhi		数字の読みがtoken分割と不一致(sandhi等)→要確認
ぼくたち保育科高校1年生	bokutachi-hoikuka-koko-ichinensei	bokutachi-hoikuka-koko-ichinensei	bokutachi-hoikuka-koko-1-nensei	音読み→数字(先頭分割)	CHANGED	
サンダー3	sandaa-surii	sandaa-surii	3-daa-surii	音読み→数字(先頭分割)	CHANGED	
8人の戦士	8nin-no-senshi	8nin-no-senshi	8nin-no-senshi	訓読み/当て字 or sandhi		数字の読みがtoken分割と不一致(sandhi等)→要確認
ちびっこ賢者、Lv.1から異世界でがんばります!	chibikko-kenja-eruvui-ichi-kara-isekai-de-ganbarimasu	chibikko-kenja-eruvui-ichi-kara-isekai-de-ganbarimasu	chibikko-kenja-eruvui-ichi-kara-isekai-de-ganbarimasu	latin-mixed		latin混じり(別処理)
8	hachi	hachi	hachi	no-segment		分かち書き無=token置換不可
45歳、おじさまは不器用な獣。	45sai-oji-sama-wa-bukiyona-kemono	45sai-oji-sama-wa-bukiyona-kemono	45sai-ojisama-wa-bukiyona-kemono	訓読み/当て字 or sandhi	CHANGED	数字の読みがtoken分割と不一致(sandhi等)→要確認
10年ぶりの初カレがすごい	junenburi-no-hatsukare-ga-sugoi	junenburi-no-hatsukare-ga-sugoi	10-nenburi-no-hatsukare-ga-sugoi	音読み→数字(先頭分割)	CHANGED	
ループ10回目の公爵令嬢は王太子に溺愛されています	rupu-jikkaime-no-koshaku-reijo-wa-otaishi-ni-dekiai-sarete-imasu	rupu-jikkaime-no-koshaku-reijo-wa-otaishi-ni-dekiai-sarete-imasu	rupu-10-kaime-no-koshaku-reijo-wa-otaishi-ni-dekiai-sarete-imasu	音読み→数字(先頭分割)	CHANGED	
0時を過ぎたら君のもの	reiji-wo-sugitara-kimi-no-mono	reiji-wo-sugitara-kimi-no-mono	0-ji-wo-sugitara-kimi-no-mono	音読み→数字(先頭分割)	CHANGED	
善意100%の妹、悪意100%の妹。	zeni-hyakupaasento-no-imoto-akui-hyakupaasento-no-imoto	zeni-hyakupaasento-no-imoto-akui-hyakupaasento-no-imoto	zeni-100-paasento-no-imoto-akui-hyakupaasento-no-imoto	音読み→数字(先頭分割)	CHANGED	
0482	zeroyonhachini	zeroyonhachini	zeroyonhachini	no-segment		分かち書き無=token置換不可
19歳・童貞の僕が飛び込んだのは、AV業界でした。	19sai-dotei-no-boku-ga-tobikonda-no-wa-avgyokai-deshita	19sai-dotei-no-boku-ga-tobikonda-no-wa-avgyokai-deshita	19sai-dotei-no-boku-ga-tobikonda-no-wa-avgyokai-deshita	latin-mixed		latin混じり(別処理)
6人の死なない少女と必ず死ぬ運命の人	rokunin-no-shinanai-shojo-to-kanarazu-shinu-unmei-no-hito	rokunin-no-shinanai-shojo-to-kanarazu-shinu-unmei-no-hito	6-nin-no-shinanai-shojo-to-kanarazu-shinu-unmei-no-hito	音読み→数字(先頭分割)	CHANGED	
キスは10年たってから	kisu-wa-junen-tatte-kara	kisu-wa-junen-tatte-kara	kisu-wa-10-nen-tatte-kara	音読み→数字(先頭分割)	CHANGED	
21世紀探偵事務所	nijuisseiki-tantei-jimusho	nijuisseiki-tantei-jimusho	21-seiki-tantei-jimusho	音読み→数字(先頭分割)	CHANGED	
1コ下から、キスさせて。	ikko-shita-kara-kisu-sasete	ikko-shita-kara-kisu-sasete	1-ko-shita-kara-kisu-sasete	音読み→数字(先頭分割)	CHANGED	
20×20	toentei-toentei	toentei-toentei	twenty-toentei	英語読み→英単語	CHANGED	
緑町2丁目物語	midorimachi-nichome-monogatari	midorimachi-nichome-monogatari	midorimachi-2-chome-monogatari	音読み→数字(先頭分割)	CHANGED	
恋しさあまってキスを100倍	koishisa-amatte-kisu-o-hyakubai	koishisa-amatte-kisu-o-hyakubai	koishisa-amatte-kisu-o-100-bai	音読み→数字(先頭分割)	CHANGED	
26歳処女、チャラ男上司に抱かれました	nijurokusai-shojo-charao-joshi-ni-dakaremashita	nijurokusai-shojo-charao-joshi-ni-dakaremashita	26-sai-shojo-charao-joshi-ni-dakaremashita	音読み→数字(先頭分割)	CHANGED	
婚活バトルフィールド37	konkatsu-batoru-fiirudo-sanjunana	konkatsu-batoru-fiirudo-sanjunana	konkatsu-batoru-fiirudo-37	音読み→数字	CHANGED	
ペルソナ2罪　4コマギャグバトル	perusona-tsu-tsumi-yonkoma-gyagu-batoru	perusona-tsu-tsumi-yonkoma-gyagu-batoru	perusona-2-tsumi-4-koma-gyagu-batoru	英語読み付随→数字 ; 音読み→数字(先頭分割)	CHANGED	
天才伝説第2章	tensai-densetsu-dai-2sho	tensai-densetsu-dai-2sho	tensai-densetsu-dai-2sho	訓読み/当て字 or sandhi		数字の読みがtoken分割と不一致(sandhi等)→要確認
アナスタシアの生きた9日間	anasutashia-no-ikita-kokonokakan	anasutashia-no-ikita-kokonokakan	anasutashia-no-ikita-kokonokakan	訓読み/当て字 or sandhi		数字の読みがtoken分割と不一致(sandhi等)→要確認
14ジューシー	14-jushii	14-jushii	14-jushii	訓読み/当て字 or sandhi		数字の読みがtoken分割と不一致(sandhi等)→要確認
カッコいい女の子と12センチの約束	kakkoii-onnanoko-to-junisenchi-no-yakusoku	kakkoii-onnanoko-to-junisenchi-no-yakusoku	kakkoii-onnanoko-to-12-senchi-no-yakusoku	音読み→数字(先頭分割)	CHANGED	
コタローは1人暮らし	kotaro-wa-hitorigurashi	kotaro-wa-hitorigurashi	kotaro-wa-hitorigurashi	訓読み/当て字 or sandhi		数字の読みがtoken分割と不一致(sandhi等)→要確認
本好きの下剋上 司書になるためには手段を選んでいられません 第1部 本がないなら作ればいい!	honzuki-no-gekokujo-shisho-ni-naru-tame-niwa-shudan-o-erande-iraremasen	honzuki-no-gekokujo-shisho-ni-naru-tame-niwa-shudan-o-erande-iraremasen	honzuki-no-gekokujo-shisho-ni-naru-tame-niwa-shudan-o-erande-iraremasen	訓読み/当て字 or sandhi		数字の読みがtoken分割と不一致(sandhi等)→要確認
100万＄ナイト	hyakumandoru-naito	hyakumandoru-naito	100-mandoru-naito	音読み→数字(先頭分割)	CHANGED	
オタク女子が、4人で暮らしてみたら。	otaku-joshi-ga-yonin-de-kurashite-mitara	otaku-joshi-ga-yonin-de-kurashite-mitara	otaku-joshi-ga-yonin-de-kurashite-mitara	訓読み/当て字 or sandhi		数字の読みがtoken分割と不一致(sandhi等)→要確認
わたしたち、5人姉妹です。	watashitachi-5nin-shimai-desu	watashitachi-5nin-shimai-desu	watashitachi-5nin-shimai-desu	訓読み/当て字 or sandhi		数字の読みがtoken分割と不一致(sandhi等)→要確認
限界独身女子〈26〉ごはん	genkai-dokushin-joshi-nijuroku-gohan	genkai-dokushin-joshi-nijuroku-gohan	genkai-dokushin-joshi-26-gohan	音読み→数字	CHANGED	
吉祥7	kissho-sebun	kissho-sebun	kissho-7	英語読み付随→数字	CHANGED	
ガチ恋カウント2.9	gachi-koi-kaunto-ni-ten-kyu	gachi-koi-kaunto-ni-ten-kyu	gachi-koi-kaunto-2-ten-9	音読み→数字	CHANGED	
中ボスさんレベル99、最強の部下たちとともに二周目突入!	chubosu-san-reberu-kyujukyu-saikyo-no-bukatachi-to-tomo-ni-nishume-totsunyu	chubosu-san-reberu-kyujukyu-saikyo-no-bukatachi-to-tomo-ni-nishume-totsunyu	chubosusan-reberu-99-saikyo-no-bukatachi-to-tomo-ni-nishume-totsunyu	音読み→数字	CHANGED	
3本足のしじみちゃん	sanbonashi-no-shijimi-chan	sanbonashi-no-shijimi-chan	3-bonashi-no-shijimichan	音読み→数字(先頭分割)	CHANGED	
男×4寮!生態記録	otoko-yon-ryo-seitai-kiroku	otoko-yon-ryo-seitai-kiroku	otoko-4-ryo-seitai-kiroku	音読み→数字	CHANGED	
100人の英雄を育てた最強預言者は、冒険者になっても世界中の弟子から慕われてます@comic	hyakunin-no-eiyu-o-sodateta-saikyo-yogensha-wa-bokensha-ni-nattemo-sekaiju-no-deshi-kara-shitawaretemasu-attomaaku-komikku	hyakunin-no-eiyu-o-sodateta-saikyo-yogensha-wa-bokensha-ni-nattemo-sekaiju-no-deshi-kara-shitawaretemasu-attomaaku-komikku	hyakunin-no-eiyu-o-sodateta-saikyo-yogensha-wa-bokensha-ni-nattemo-sekaiju-no-deshi-kara-shitawaretemasu-attomaaku-komikku	latin-mixed		latin混じり(別処理)
エクスプローラーズ6	ekusupuroraazu-shikkusu	ekusupuroraazu-shikkusu	ekusupuroraazu-6	英語読み付随→数字	CHANGED	
エリア88	eria-hachijuhachi	eria-hachijuhachi	eria-88	音読み→数字	CHANGED	
一日1回エロ生活!	ichinichi-ikkai-ero-seikatsu	ichinichi-ikkai-ero-seikatsu	1-nichi-ikkai-ero-seikatsu	音読み→数字(先頭分割)	CHANGED	
365歩のユウキ!!!	sanbyakurokujugoho-no-yuki	sanbyakurokujugoho-no-yuki	365-ho-no-yuki	音読み→数字(先頭分割)	CHANGED	
愛しあってる2人	aishiatteru-futari	aishiatteru-futari	aishiatteru-futari	訓読み/当て字 or sandhi		数字の読みがtoken分割と不一致(sandhi等)→要確認
人生2周目はヤンデレ彼氏を甘やかしてハッピーエンドになります!!	jinsei-nishume-wa-yandere-kareshi-wo-amayakashite-happii-endo-ni-narimasu	jinsei-nishume-wa-yandere-kareshi-wo-amayakashite-happii-endo-ni-narimasu	jinsei-2-shume-wa-yandere-kareshi-wo-amayakashite-happii-endo-ni-narimasu	音読み→数字(先頭分割)	CHANGED	
最強の皇帝に叛逆したら懲役666年をくらった俺、追放先の精霊界で真の最強となって舞い戻る	saikyo-no-kotei-ni-hangyaku-shitara-choeki-roppyakurokujurokunen-wo-kuratta-ore-tsuihosaki-no-seireikai-de-shin-no-saikyo-to-natte-maimodoru	saikyo-no-kotei-ni-hangyaku-shitara-choeki-roppyakurokujurokunen-wo-kuratta-ore-tsuihosaki-no-seireikai-de-shin-no-saikyo-to-natte-maimodoru	saikyo-no-kotei-ni-hangyaku-shitara-choeki-666-nen-wo-kuratta-ore-tsuihosaki-no-seireikai-de-shin-no-saikyo-to-natte-maimodoru	音読み→数字(先頭分割)	CHANGED	
やはり4コマでも俺の青春ラブコメはまちがっている。	yahari-4koma-demo-ore-no-seishun-rabukome-wa-machigatteiru	yahari-4koma-demo-ore-no-seishun-rabukome-wa-machigatteiru	yahari-4koma-demo-ore-no-seishun-rabukome-wa-machigatteiru	訓読み/当て字 or sandhi		数字の読みがtoken分割と不一致(sandhi等)→要確認
交際0日婚	kosai-zeronichikon	kosai-zeronichikon	kosai-0-nichikon	音読み→数字(先頭分割)	CHANGED	
うわさのピンクハウス806	uwasa-no-pinku-hausu-806	uwasa-no-pinku-hausu-806	uwasa-no-pinku-hausu-806	訓読み/当て字 or sandhi		数字の読みがtoken分割と不一致(sandhi等)→要確認
不機嫌な名探偵 division-0	fukigenna-meitantei-dibijon-zero	fukigenna-meitantei-dibijon-zero	fukigenna-meitantei-dibijon-zero	latin-mixed		latin混じり(別処理)
スパイキャッチャーJ3	supai-kyatchaa-jiei-surii	supai-kyatchaa-jiei-surii	supai-kyatchaa-jiei-surii	latin-mixed		latin混じり(別処理)
ぷよぷよ　4コマギャグバトル	puyopuyo	puyopuyo	puyopuyo	no-segment		分かち書き無=token置換不可
4番の卓球	4ban-no-takkyu	4ban-no-takkyu	4ban-no-takkyu	訓読み/当て字 or sandhi		数字の読みがtoken分割と不一致(sandhi等)→要確認
アルドノア・ゼロ2nd season	arudonoa-zero-sekando-shiizun	arudonoa-zero-sekando-shiizun	arudonoa-zero-sekando-shiizun	latin-mixed		latin混じり(別処理)
アルドノア・ゼロ2nd Season	arudonoa-zero-2nd-season	arudonoa-zero-2nd-season	arudonoa-zero-2nd-season	latin-mixed		latin混じり(別処理)
パワハラ限界勇者、魔王軍から好待遇でスカウトされる～勇者ランキング1位なのに手取りがゴミ過ぎて生活できません～@comic	pawahara-genkai-yusha-maogun-kara-kotaigu-de-sukauto-sareru	pawahara-genkai-yusha-maogun-kara-kotaigu-de-sukauto-sareru	pawahara-genkai-yusha-maogun-kara-kotaigu-de-sukauto-sareru	latin-mixed		latin混じり(別処理)
〈パクパクですわ〉追放されたお嬢様の『モンスターを食べるほど強くなる』スキルは、1食で1レベルアップする前代未聞の最強スキルでした。3日で人類最強になりましたわ～!	pakupaku-desuwa-tsuiho-sareta-ojo-sama	pakupaku-desuwa-tsuiho-sareta-ojo-sama	pakupaku-desuwa-tsuiho-sareta-ojosama	訓読み/当て字 or sandhi	CHANGED	数字の読みがtoken分割と不一致(sandhi等)→要確認
宝くじが当たったのでレベル1から聖剣を買ってみる	takarakuji-ga-atatta-no-de-reberu-ichi-kara-seiken-wo-katte-miru	takarakuji-ga-atatta-no-de-reberu-ichi-kara-seiken-wo-katte-miru	takarakuji-ga-atatta-no-de-reberu-1-kara-seiken-wo-katte-miru	音読み→数字	CHANGED	
老後に備えて異世界で8万枚の金貨を貯めます	rogo-ni-sonaete-isekai-de-hachimanmai-no-kinka-o-tamemasu	rogo-ni-sonaete-isekai-de-hachimanmai-no-kinka-o-tamemasu	rogo-ni-sonaete-isekai-de-8-manmai-no-kinka-o-tamemasu	音読み→数字(先頭分割)	CHANGED	
1: 2交際はラブコメに入りますか?	ichi-tai-ni-kosai-wa-rabukome-ni-hairimasuka	ichi-tai-ni-kosai-wa-rabukome-ni-hairimasuka	1-tai-2-kosai-wa-rabukome-ni-hairimasuka	音読み→数字	CHANGED	
艦隊これくしょん-艦これ-4コマコミック	kantai-korekushon-kankore-yonkoma-komikku	kantai-korekushon-kankore-yonkoma-komikku	kantai-korekushon-kankore-4-koma-komikku	音読み→数字(先頭分割)	CHANGED	
艦隊これくしょん-艦これ-4コマコミック 吹雪、がんばります!	kantai-korekushon-kankore-yonkoma-komikku-fubuki-ganbarimasu	kantai-korekushon-kankore-yonkoma-komikku-fubuki-ganbarimasu	kantai-korekushon-kankore-4-koma-komikku-fubuki-ganbarimasu	音読み→数字(先頭分割)	CHANGED	
漫画5分後に意外な結末	manga-gofungo-ni-igai-na-ketsumatsu	manga-gofungo-ni-igai-na-ketsumatsu	manga-5-fungo-ni-igai-na-ketsumatsu	音読み→数字(先頭分割)	CHANGED	
1分間ハァハァ	1punkan-haahaa	1punkan-haahaa	1punkan-haahaa	訓読み/当て字 or sandhi		数字の読みがtoken分割と不一致(sandhi等)→要確認
星のカービィ64 4コマギャグバトル	hoshi-no-kaabii-rokujuyon-yonkoma-gyagu-batoru	hoshi-no-kaabii-rokujuyon-yonkoma-gyagu-batoru	hoshi-no-kaabii-64-4-koma-gyagu-batoru	音読み→数字 ; 音読み→数字(先頭分割)	CHANGED	
藤原らんかの4コマ劇場	fujiwara-ranka-no-4koma-gekijo	fujiwara-ranka-no-4koma-gekijo	fujiwara-ranka-no-4koma-gekijo	訓読み/当て字 or sandhi		数字の読みがtoken分割と不一致(sandhi等)→要確認
21エモン	nijuichiemon	nijuichiemon	nijuichiemon	no-segment		分かち書き無=token置換不可
ビッグ・1	bigguwan	bigguwan	bigguwan	no-segment		分かち書き無=token置換不可
綾。ホステス、18歳。	aya-hosutesu-juhassai	aya-hosutesu-juhassai	aya-hosutesu-18-sai	音読み→数字(先頭分割)	CHANGED	
綾。ホステス、22歳。	aya-hosutesu-nijunisai	aya-hosutesu-nijunisai	aya-hosutesu-22-sai	音読み→数字(先頭分割)	CHANGED	
癖あり彼の純度は100%	kuse-ari-kare-no-jundo-wa-100	kuse-ari-kare-no-jundo-wa-100	kuse-ari-kare-no-jundo-wa-100	訓読み/当て字 or sandhi		数字の読みがtoken分割と不一致(sandhi等)→要確認
45分間の魔法使い	45funkan-no-mahotsukai	45funkan-no-mahotsukai	45funkan-no-mahotsukai	訓読み/当て字 or sandhi		数字の読みがtoken分割と不一致(sandhi等)→要確認
ステージナンバー1	suteeji-nanbaa-wan	suteeji-nanbaa-wan	suteeji-nanbaa-1	英語読み付随→数字	CHANGED	
12星座のセレナーデ	12-seiza-no-serenaade	12-seiza-no-serenaade	12-seiza-no-serenaade	訓読み/当て字 or sandhi		数字の読みがtoken分割と不一致(sandhi等)→要確認
月齢・15	getsurei-jugo	getsurei-jugo	getsurei-15	音読み→数字	CHANGED	
うろんな3人共	uron-na-sannin-tomo	uron-na-sannin-tomo	uron-na-3-nin-tomo	音読み→数字(先頭分割)	CHANGED	
29歳独身中堅冒険者の日常	nijukyusai-dokushin-chuken-bokensha-no-nichijo	nijukyusai-dokushin-chuken-bokensha-no-nichijo	29-sai-dokushin-chuken-bokensha-no-nichijo	音読み→数字(先頭分割)	CHANGED	
20XX年レベルアップ災害	nijuekkusuekkusunen-reberuappu-saigai	nijuekkusuekkusunen-reberuappu-saigai	nijuekkusuekkusunen-reberuappu-saigai	latin-mixed		latin混じり(別処理)
テイルズオブエクシリア2	teiruzu-obu-ekushiria-tsu	teiruzu-obu-ekushiria-tsu	teiruzu-obu-ekushiria-2	英語読み付随→数字	CHANGED	
なぜ東堂院聖也16歳は彼女が出来ないのか?	naze-todoin-seiya-16sai-wa-kanojo-ga-dekinainoka	naze-todoin-seiya-16sai-wa-kanojo-ga-dekinainoka	naze-todoin-seiya-16sai-wa-kanojo-ga-dekinainoka	訓読み/当て字 or sandhi		数字の読みがtoken分割と不一致(sandhi等)→要確認
108回殺された悪役令嬢	hyakuhachikai-korosareta-akuyaku-reijo	hyakuhachikai-korosareta-akuyaku-reijo	108-kai-korosareta-akuyaku-reijo	音読み→数字(先頭分割)	CHANGED	
ラブネスト2nd	rabunesuto-sekando	rabunesuto-sekando	rabunesuto-sekando	latin-mixed		latin混じり(別処理)
0から始めるオフィスラブ	zero-kara-hajimeru-ofisu-rabu	zero-kara-hajimeru-ofisu-rabu	0-kara-hajimeru-ofisu-rabu	音読み→数字	CHANGED	
月曜日は2限から	getsuyobi-wa-nigen-kara	getsuyobi-wa-nigen-kara	getsuyobi-wa-2-gen-kara	音読み→数字(先頭分割)	CHANGED	
100回お見合いしたヲタ女子の婚活記	hyakkai-omiai-shita-ota-joshi-no-konkatsuki	hyakkai-omiai-shita-ota-joshi-no-konkatsuki	100-kai-omiai-shita-ota-joshi-no-konkatsuki	音読み→数字(先頭分割)	CHANGED	
100回お見合いしたヲタ女子の出産記	hyakkai-omiai-shita-ota-joshi-no-shussanki	hyakkai-omiai-shita-ota-joshi-no-shussanki	100-kai-omiai-shita-ota-joshi-no-shussanki	音読み→数字(先頭分割)	CHANGED	
クラスで2番目に可愛い女の子と友だちになった	kurasu-de-nibanme-ni-kawaii-onnanoko-to-tomodachi-ni-natta	kurasu-de-nibanme-ni-kawaii-onnanoko-to-tomodachi-ni-natta	kurasu-de-2-banme-ni-kawaii-onnanoko-to-tomodachi-ni-natta	音読み→数字(先頭分割)	CHANGED	
201号室のおとなりさん	nihyakuichi-goshitsu-no-otonari-san	nihyakuichi-goshitsu-no-otonari-san	201-goshitsu-no-otonari-san	音読み→数字	CHANGED	
羽柴くんは152センチ	hashiba-kun-wa-hyakugojunisenchi	hashiba-kun-wa-hyakugojunisenchi	hashiba-kun-wa-152-senchi	音読み→数字(先頭分割)	CHANGED	
私のクラスの生徒が、一晩で24人死にました。	watakushi-no-kurasu-no-seito-ga-hitoban-de-nijuyonin-shinimashita	watakushi-no-kurasu-no-seito-ga-hitoban-de-nijuyonin-shinimashita	watakushi-no-kurasu-no-seito-ga-hitoban-de-nijuyonin-shinimashita	訓読み/当て字 or sandhi		数字の読みがtoken分割と不一致(sandhi等)→要確認
21XX年墾田永年私財法	nijuichiekkusuekkusunen-konden-einen-shizaiho	nijuichiekkusuekkusunen-konden-einen-shizaiho	nijuichiekkusuekkusunen-konden-einen-shizaiho	latin-mixed		latin混じり(別処理)
幸運値999の私、〈即死魔法〉が絶対に成功するので世界最強です	kounchi-kyuhyakukyujukyu-no-watashi-sokushi-maho-ga-zettai-ni-seiko-suru-no-de-sekai-saikyo-desu	kounchi-kyuhyakukyujukyu-no-watashi-sokushi-maho-ga-zettai-ni-seiko-suru-no-de-sekai-saikyo-desu	kounchi-999-no-watashi-sokushi-maho-ga-zettai-ni-seiko-suru-no-de-sekai-saikyo-desu	音読み→数字	CHANGED	
魔界戦記ディスガイア3	makai-senki-disugaia-3	makai-senki-disugaia-3	makai-senki-disugaia-3	訓読み/当て字 or sandhi		数字の読みがtoken分割と不一致(sandhi等)→要確認
2200年ねこの国ニッポン	2200nen-neko-no-kuni-nippon	2200nen-neko-no-kuni-nippon	2200nen-neko-no-kuni-nippon	訓読み/当て字 or sandhi		数字の読みがtoken分割と不一致(sandhi等)→要確認
8歳から始める魔法学	hassai-kara-hajimeru-mahogaku	hassai-kara-hajimeru-mahogaku	8-sai-kara-hajimeru-mahogaku	音読み→数字(先頭分割)	CHANGED	
新刊100億冊ください	shinkan-hyakuokusatsu-kudasai	shinkan-hyakuokusatsu-kudasai	shinkan-100-okusatsu-kudasai	音読み→数字(先頭分割)	CHANGED	
絶対に付き合ってはいけない3B男子	zettai-ni-tsukiattewa-ikenai-san-bii-danshi	zettai-ni-tsukiattewa-ikenai-san-bii-danshi	zettai-ni-tsukiattewa-ikenai-san-bii-danshi	latin-mixed		latin混じり(別処理)
23区東京マジョ	nijusanku-tokyo-majo	nijusanku-tokyo-majo	23-ku-tokyo-majo	音読み→数字(先頭分割)	CHANGED	
32歳、こじらせ→モテ期!?	sanjunisai-kojirase-moteki	sanjunisai-kojirase-moteki	32-sai-kojirase-moteki	音読み→数字(先頭分割)	CHANGED	
1日外出録ハンチョウ	ichinichi-gaishutsuroku-hancho	ichinichi-gaishutsuroku-hancho	1-nichi-gaishutsuroku-hancho	音読み→数字(先頭分割)	CHANGED	
没落令嬢なのに第2皇子に求婚されています	botsuraku-reijo-nano-ni-dai-ni-oji-ni-kyukon-sarete-imasu	botsuraku-reijo-nano-ni-dai-ni-oji-ni-kyukon-sarete-imasu	botsuraku-reijo-nano-2-dai-ni-oji-ni-kyukon-sarete-imasu	音読み→数字	CHANGED	
その劣等騎士、レベル999	sono-retto-kishi-reberu-999	sono-retto-kishi-reberu-999	sono-retto-kishi-reberu-999	訓読み/当て字 or sandhi		数字の読みがtoken分割と不一致(sandhi等)→要確認
麦ちゃんのヰタ・セクスアリス 第2部	mugi-chan-no-ita-sekusuarisu-dai-nibu	mugi-chan-no-ita-sekusuarisu-dai-nibu	mugichan-no-ita-sekusuarisu-dai-2-bu	音読み→数字(先頭分割)	CHANGED	
8度目の人生、嫌われていたはずの王太子殿下の溺愛ルートにはまりました	hachi-dome-no-jinsei-kirawarete-ita-hazu-no-otaishi-denka-no-dekiai-ruto-ni-hamarimashita	hachi-dome-no-jinsei-kirawarete-ita-hazu-no-otaishi-denka-no-dekiai-ruto-ni-hamarimashita	8-dome-no-jinsei-kirawarete-ita-hazu-no-otaishi-denka-no-dekiai-ruto-ni-hamarimashita	音読み→数字	CHANGED	
3000年封印されし邪龍ちゃんと友達になりました	sanzennen-fuin-sareshi-jaryu-chan-to-tomodachi-ni-narimashita	sanzennen-fuin-sareshi-jaryu-chan-to-tomodachi-ni-narimashita	3000-nen-fuin-sareshi-jaryu-chan-to-tomodachi-ni-narimashita	音読み→数字(先頭分割)	CHANGED	
あと365日の晩餐	ato-sanbyakurokujugonichi-no-ban-san	ato-sanbyakurokujugonichi-no-ban-san	ato-365-nichi-no-bansan	音読み→数字(先頭分割)	CHANGED	
3センチメンタル	3senchimentaru	3senchimentaru	3senchimentaru	no-segment		分かち書き無=token置換不可
17ストリート	sebunteiin-sutoriito	sebunteiin-sutoriito	17-sutoriito	英語読み付随→数字	CHANGED	
金貨100枚の花嫁	kinka-hyakumai-no-hanayome	kinka-hyakumai-no-hanayome	kinka-100-mai-no-hanayome	音読み→数字(先頭分割)	CHANGED	
17歳のママ	17sai-no-mama	17sai-no-mama	17sai-no-mama	訓読み/当て字 or sandhi		数字の読みがtoken分割と不一致(sandhi等)→要確認
公爵様は1/2BOY	koshaku-sama-wa-haafu-boi	koshaku-sama-wa-haafu-boi	koshaku-sama-wa-haafu-boi	latin-mixed		latin混じり(別処理)
悪役令嬢、94回目の転生はヒロインらしい。	akuyaku-reijo-kyujuyonkaime-no-tensei-wa-hiroin-rashii	akuyaku-reijo-kyujuyonkaime-no-tensei-wa-hiroin-rashii	akuyaku-reijo-94-kaime-no-tensei-wa-hiroin-rashii	音読み→数字(先頭分割)	CHANGED	
遊・戯・王5D's	yu-gi-o-faibu-diizu	yu-gi-o-faibu-diizu	yu-gi-o-faibu-diizu	latin-mixed		latin混じり(別処理)
556ラボ	556-rabo	556-rabo	556-rabo	訓読み/当て字 or sandhi		数字の読みがtoken分割と不一致(sandhi等)→要確認
3秒後、野獣。	sanbyogo-yaju	sanbyogo-yaju	3-byogo-yaju	音読み→数字(先頭分割)	CHANGED	
演劇部5分前	engekibu-5funmae	engekibu-5funmae	engekibu-5funmae	訓読み/当て字 or sandhi		数字の読みがtoken分割と不一致(sandhi等)→要確認
4番目の許婚候補	yonbanme-no-iinazuke-koho	yonbanme-no-iinazuke-koho	4-banme-no-iinazuke-koho	音読み→数字(先頭分割)	CHANGED	
19番目のカルテ	jukyu-banme-no-karute	jukyu-banme-no-karute	19-banme-no-karute	音読み→数字	CHANGED	
機動戦士ガンダム MS IGLOO 603	kido-senshi-gandamu-ms-iglo-603	kido-senshi-gandamu-ms-iglo-603	kido-senshi-gandamu-ms-iglo-603	latin-mixed		latin混じり(別処理)
機動戦士ガンダム00	kido-senshi-gandamu-00	kido-senshi-gandamu-00	kido-senshi-gandamu-00	訓読み/当て字 or sandhi		数字の読みがtoken分割と不一致(sandhi等)→要確認
機動戦士ガンダム00 2nd.season	kido-senshi-gandamu-00-2nd-season	kido-senshi-gandamu-00-2nd-season	kido-senshi-gandamu-00-2nd-season	latin-mixed		latin混じり(別処理)
機動戦士ガンダム00 セカンドシーズン	kido-senshi-gandamu-daburuo-sekando-shiizun	kido-senshi-gandamu-daburuo-sekando-shiizun	kido-senshi-gandamu-daburuo-sekando-shiizun	訓読み/当て字 or sandhi		数字の読みがtoken分割と不一致(sandhi等)→要確認
機動戦士ガンダム0083 REBELLION	kido-senshi-gandamu-daburuoeiteiisurii-riberion	kido-senshi-gandamu-daburuoeiteiisurii-riberion	kido-senshi-gandamu-daburuoeiteiisurii-riberion	latin-mixed		latin混じり(別処理)
機動戦士ガンダムF91プリクエル	kido-senshi-gandamu-efu-kyujuichi-purikueru	kido-senshi-gandamu-efu-kyujuichi-purikueru	kido-senshi-gandamu-efu-kyujuichi-purikueru	latin-mixed		latin混じり(別処理)
機動戦士ガンダム第08MS小隊U.C.0079+α	kido-senshi-gandamu-dai-zerohachi-emuesu-shotai-yushii-zerozeronanakyu-purasu-arufa	kido-senshi-gandamu-dai-zerohachi-emuesu-shotai-yushii-zerozeronanakyu-purasu-arufa	kido-senshi-gandamu-dai-zerohachi-emuesu-shotai-yushii-zerozeronanakyu-purasu-arufa	latin-mixed		latin混じり(別処理)
Capeta 16歳のF3パイロット編	kapeta	kapeta	kapeta	latin-mixed		latin混じり(別処理)
6歳の賢者は日陰の道を歩みたい	6sai-no-kenja-wa-hikage-no-michi-o-ayumitai	6sai-no-kenja-wa-hikage-no-michi-o-ayumitai	6sai-no-kenja-wa-hikage-no-michi-o-ayumitai	訓読み/当て字 or sandhi		数字の読みがtoken分割と不一致(sandhi等)→要確認
転生したら15歳の王妃でした	tensei-shitara-15sai-no-ohi-deshita	tensei-shitara-15sai-no-ohi-deshita	tensei-shitara-15sai-no-ohi-deshita	訓読み/当て字 or sandhi		数字の読みがtoken分割と不一致(sandhi等)→要確認
しょっきんぐぴんく33 1/3	shokkingu-pinku-33-13	shokkingu-pinku-33-13	shokkingu-pinku-33-13	訓読み/当て字 or sandhi		数字の読みがtoken分割と不一致(sandhi等)→要確認
領民0人スタートの辺境領主様	ryomin-zeronin-sutaato-no-henkyo-ryoshu-sama	ryomin-zeronin-sutaato-no-henkyo-ryoshu-sama	ryomin-0-nin-sutaato-no-henkyo-ryoshusama	音読み→数字(先頭分割)	CHANGED	
戦国自衛隊1549	sengoku-jieitai-1549	sengoku-jieitai-1549	sengoku-jieitai-1549	訓読み/当て字 or sandhi		数字の読みがtoken分割と不一致(sandhi等)→要確認
8マン	eitoman	eitoman	eitoman	no-segment		分かち書き無=token置換不可
天使1/2方程式	tenshi-nibunnoichi-hoteishiki	tenshi-nibunnoichi-hoteishiki	tenshi-2-bunnoichi-hoteishiki	音読み→数字(先頭分割) ; 訓読み/当て字 or sandhi	CHANGED	数字の読みがtoken分割と不一致(sandhi等)→要確認
風雲三姉妹LIN3	fuun-san-shimai-rin-surii	fuun-san-shimai-rin-surii	fuun-san-shimai-rin-surii	latin-mixed		latin混じり(別処理)
Lv2からチートだった元勇者候補のまったり異世界ライフ	eruvui-ni-kara-chiito-datta-moto-yusha-koho-no-mattari-isekai-raifu	eruvui-ni-kara-chiito-datta-moto-yusha-koho-no-mattari-isekai-raifu	eruvui-ni-kara-chiito-datta-moto-yusha-koho-no-mattari-isekai-raifu	latin-mixed		latin混じり(別処理)
33歳清らか腐女子が年下男子と朝帰り!?	sanjusansai-kiyoraka-fujoshi-ga-toshishita-danshi-to-asagaeri	sanjusansai-kiyoraka-fujoshi-ga-toshishita-danshi-to-asagaeri	33-sai-kiyoraka-fujoshi-ga-toshishita-danshi-to-asagaeri	音読み→数字(先頭分割)	CHANGED	
鉄錆と1000カラット	tetsusabi-to-senkaratto	tetsusabi-to-senkaratto	tetsusabi-to-1000-karatto	音読み→数字(先頭分割)	CHANGED	
魔術師^2	majutsushi-sukuea	majutsushi-sukuea	majutsushi-sukuea	訓読み/当て字 or sandhi		数字の読みがtoken分割と不一致(sandhi等)→要確認
レベル1で挑む縛りプレイ!	reberu-wan-de-idomu-shibari-purei	reberu-wan-de-idomu-shibari-purei	reberu-1-de-idomu-shibari-purei	英語読み付随→数字	CHANGED	
まんが江戸幕府300年	manga-edo-bakufu-300nen	manga-edo-bakufu-300nen	manga-edo-bakufu-300nen	訓読み/当て字 or sandhi		数字の読みがtoken分割と不一致(sandhi等)→要確認
東京23区絶滅	tokyo-nijusanku-zetsumetsu	tokyo-nijusanku-zetsumetsu	tokyo-23-ku-zetsumetsu	音読み→数字(先頭分割)	CHANGED	
裁判長!ここは懲役4年でどうすか	saibancho-koko-wa-choeki-4nen-de-dosuka	saibancho-koko-wa-choeki-4nen-de-dosuka	saibancho-koko-wa-choeki-4nen-de-dosuka	訓読み/当て字 or sandhi		数字の読みがtoken分割と不一致(sandhi等)→要確認
30センチスター	sanjissenchi-sutaa	sanjissenchi-sutaa	30-senchi-sutaa	音読み→数字(先頭分割)	CHANGED	
小5な彼女とオトナの愛	sho5-na-kanojo-to-otona-no-ai	sho5-na-kanojo-to-otona-no-ai	sho5-na-kanojo-to-otona-no-ai	訓読み/当て字 or sandhi		数字の読みがtoken分割と不一致(sandhi等)→要確認
未来の絶対0度	miki-no-zettai-0do	miki-no-zettai-0do	miki-no-zettai-0do	訓読み/当て字 or sandhi		数字の読みがtoken分割と不一致(sandhi等)→要確認
5+わん=ロク	gowan-roku	gowan-roku	5-wan-roku	音読み→数字(先頭分割)	CHANGED	
4軍くん〈仮〉	yongun-kun-kari	yongun-kun-kari	4-gun-kun-kari	音読み→数字(先頭分割)	CHANGED	
1000年の疾風	sennen-no-kaze	sennen-no-kaze	1000-nen-no-kaze	音読み→数字(先頭分割)	CHANGED	
「24点」と婚約破棄された令嬢は、隣国の王太子に完璧な花嫁と愛される	nijuyonten-to-konyaku-haki-sareta-reijo-wa-ringoku-no-otaishi-ni-kanpeki-na-hanayome-to-aisareru	nijuyonten-to-konyaku-haki-sareta-reijo-wa-ringoku-no-otaishi-ni-kanpeki-na-hanayome-to-aisareru	24-ten-to-konyaku-haki-sareta-reijo-wa-ringoku-no-otaishi-ni-kanpeki-na-hanayome-to-aisareru	音読み→数字(先頭分割)	CHANGED	
35歳、今さら恋とかありえない	sanjugosai-imasara-koi-toka-arienai	sanjugosai-imasara-koi-toka-arienai	35-sai-imasara-koi-toka-arienai	音読み→数字(先頭分割)	CHANGED	
ビビッドレッド・オペレーションTHE4コマ びびおぺ	bibiddo-reddo-opereeshon-za-yonkoma-bibiope	bibiddo-reddo-opereeshon-za-yonkoma-bibiope	bibiddo-reddo-opereeshon-za-yonkoma-bibiope	latin-mixed		latin混じり(別処理)
ロマンシング サ・ガ2	romanshingu-saga	romanshingu-saga	romanshingu-saga	訓読み/当て字 or sandhi		数字の読みがtoken分割と不一致(sandhi等)→要確認
17	sebunteiin	sebunteiin	sebunteiin	no-segment		分かち書き無=token置換不可
代紋 TAKE 2	daimon-teiku-tsu	daimon-teiku-tsu	daimon-teiku-tsu	latin-mixed		latin混じり(別処理)
代紋 TAKE2	daimon-teiku-tsu	daimon-teiku-tsu	daimon-teiku-tsu	latin-mixed		latin混じり(別処理)
代紋take2	daimon-teiku-tsu	daimon-teiku-tsu	daimon-teiku-tsu	latin-mixed		latin混じり(別処理)
代紋TAKE2	enburemu-take-2	enburemu-take-2	enburemu-take-2	latin-mixed		latin混じり(別処理)
ザン★メン5	zan-men-faibu	zan-men-faibu	zan-men-5	英語読み付随→数字	CHANGED	
13年後の君	13nengo-no-kimi	13nengo-no-kimi	13nengo-no-kimi	訓読み/当て字 or sandhi		数字の読みがtoken分割と不一致(sandhi等)→要確認
20世紀を彩った女たち	20seiki-o-irodotta-onnatachi	20seiki-o-irodotta-onnatachi	20seiki-o-irodotta-onnatachi	訓読み/当て字 or sandhi		数字の読みがtoken分割と不一致(sandhi等)→要確認
摂氏100℃の微熱	sesshi-hyakudo-no-binetsu	sesshi-hyakudo-no-binetsu	sesshi-100-do-no-binetsu	音読み→数字(先頭分割)	CHANGED	
キングダムハーツ358/2 days	kingudamu-haatsu-sanbyakugojuhachi-nibunno-ni-deizu	kingudamu-haatsu-sanbyakugojuhachi-nibunno-ni-deizu	kingudamu-haatsu-sanbyakugojuhachi-nibunno-ni-deizu	latin-mixed		latin混じり(別処理)
キングダムハーツ358/2 Days	kingudamu-haatsu-sanbyakugojuhachi-nibunno-ni-deizu	kingudamu-haatsu-sanbyakugojuhachi-nibunno-ni-deizu	kingudamu-haatsu-sanbyakugojuhachi-nibunno-ni-deizu	latin-mixed		latin混じり(別処理)
165185	ichirokugo-ichihachigo	ichirokugo-ichihachigo	ichirokugo-ichihachigo	訓読み/当て字 or sandhi		数字の読みがtoken分割と不一致(sandhi等)→要確認
365歩の竜太	365ho-no-ryuta	365ho-no-ryuta	365ho-no-ryuta	訓読み/当て字 or sandhi		数字の読みがtoken分割と不一致(sandhi等)→要確認
地球0年	chikyuzeronen	chikyuzeronen	chikyuzeronen	no-segment		分かち書き無=token置換不可
アサシンクリード4	asashin-kuriido-fo	asashin-kuriido-fo	asashin-kuriido-4	英語読み付随→数字	CHANGED	
ラブライブ!スーパースター!!Liella!Kila[2] Life Comic	raburaibu-supaasutaa-riera-kirakira-raifu-komikku	raburaibu-supaasutaa-riera-kirakira-raifu-komikku	raburaibu-supaasutaa-riera-kirakira-raifu-komikku	latin-mixed		latin混じり(別処理)
機動戦士ガンダム0083 REBELLION	kido-senshi-gandamu-daburuo-hachi-san-riberion	kido-senshi-gandamu-daburuo-hachi-san-riberion	kido-senshi-gandamu-daburuo-hachi-san-riberion	latin-mixed		latin混じり(別処理)
機動戦士ガンダムF91	kido-senshi-gandamu-efu-kyujuichi	kido-senshi-gandamu-efu-kyujuichi	kido-senshi-gandamu-efu-kyujuichi	latin-mixed		latin混じり(別処理)
機動戦士ガンダムハイブリッド4コマ大戦線	kido-senshi-gandamu-haiburiddo-yonkoma-dai-sensen	kido-senshi-gandamu-haiburiddo-yonkoma-dai-sensen	kido-senshi-gandamu-haiburiddo-4-koma-dai-sensen	音読み→数字(先頭分割)	CHANGED	
機動戦士クロスボーン・ガンダム鋼鉄の7人	kido-senshi-kurosubon-gandamu-kotetsu-no-shichinin	kido-senshi-kurosubon-gandamu-kotetsu-no-shichinin	kido-senshi-kurosubon-gandamu-kotetsu-no-7-nin	音読み→数字(先頭分割)	CHANGED	
超級!機動武闘伝Gガンダム 最終決戦編 STAGE 4	chokyu-kido-butoden-jii-gandamu-saishu-kessenhen-suteeji-fo	chokyu-kido-butoden-jii-gandamu-saishu-kessenhen-suteeji-fo	chokyu-kido-butoden-jii-gandamu-saishu-kessenhen-suteeji-fo	latin-mixed		latin混じり(別処理)
超級!機動武闘伝Gガンダム 新宿・東方不敗! STAGE 2	chokyu-kido-butoden-jii-gandamu-shinjuku-toho-fuhai-suteeji-tsu	chokyu-kido-butoden-jii-gandamu-shinjuku-toho-fuhai-suteeji-tsu	chokyu-kido-butoden-jii-gandamu-shinjuku-toho-fuhai-suteeji-tsu	latin-mixed		latin混じり(別処理)
超級!機動武闘伝Gガンダム爆熱・ネオホンコン! STAGE 3	chokyu-kido-butoden-jii-gandamu-bakunetsu-neo-honkon-suteeji-surii	chokyu-kido-butoden-jii-gandamu-bakunetsu-neo-honkon-suteeji-surii	chokyu-kido-butoden-jii-gandamu-bakunetsu-neo-honkon-suteeji-surii	latin-mixed		latin混じり(別処理)
対魔導学園35試験小隊	taimado-gakuen-sanjugo-shiken-shotai	taimado-gakuen-sanjugo-shiken-shotai	taimado-gakuen-35-shiken-shotai	音読み→数字	CHANGED	
ゲート 帝国の薔薇騎士団ピニャ・コ・ラーダ14歳	geeto-teikoku-no-bara-kishidan-pinya-ko-raada-juyonsai	geeto-teikoku-no-bara-kishidan-pinya-ko-raada-juyonsai	geeto-teikoku-no-bara-kishidan-pinya-ko-raada-14-sai	音読み→数字(先頭分割)	CHANGED	
遊☆戯☆王ARC-5最強デュエリスト遊矢!!	yugio-aaku-faibu-saikyo-deyuerisuto-yuya	yugio-aaku-faibu-saikyo-deyuerisuto-yuya	yugio-aaku-faibu-saikyo-deyuerisuto-yuya	latin-mixed		latin混じり(別処理)
〈パクパクですわ〉追放されたお嬢様の『モンスターを食べるほど強くなる』スキルは、1食で1レベルアップする前代未聞の最強スキルでした。3日で人類最強になりましたわ～!	pakupaku-desuwa-tsuiho-sareta-ojo-sama	pakupaku-desuwa-tsuiho-sareta-ojo-sama	pakupaku-desuwa-tsuiho-sareta-ojosama	訓読み/当て字 or sandhi	CHANGED	数字の読みがtoken分割と不一致(sandhi等)→要確認
孤狼の血LEVEL2	koro-no-chi-reberu-tsu	koro-no-chi-reberu-tsu	koro-no-chi-reberu-tsu	latin-mixed		latin混じり(別処理)
午前0時、とけあう熱	gozen-zeroji-tokeau-netsu	gozen-zeroji-tokeau-netsu	gozen-0-ji-tokeau-netsu	音読み→数字(先頭分割)	CHANGED	
俺の彼女と幼なじみが修羅場すぎる4コマ	ore-no-kanojo-to-osananajimi-ga-shurabasugiru-4koma	ore-no-kanojo-to-osananajimi-ga-shurabasugiru-4koma	ore-no-kanojo-to-osananajimi-ga-4-yurabasugiru-4koma	音読み→数字(先頭分割)	CHANGED	
レベル1から始まる召喚無双	reberu-wan-kara-hajimaru-shokan-muso	reberu-wan-kara-hajimaru-shokan-muso	reberu-1-kara-hajimaru-shokan-muso	英語読み付随→数字	CHANGED	
Romancing Sa・Ga 2	romanshingu-saga-tsu	romanshingu-saga-tsu	romanshingu-saga-tsu	latin-mixed		latin混じり(別処理)
10-4	ten-fo	ten-fo	ten-four	英語読み→英単語	CHANGED	
4000年ぶりに帰還した大魔導士	yonsennenburi-ni-kikan-shita-dai-madoshi	yonsennenburi-ni-kikan-shita-dai-madoshi	4000-nenburi-ni-kikan-shita-dai-madoshi	音読み→数字(先頭分割)	CHANGED	
妾の後宮妃ランキングは133番目のようです	warawa-no-kokyuhi-rankingu-wa-hyakusanju-san-banme-no-yo-desu	warawa-no-kokyuhi-rankingu-wa-hyakusanju-san-banme-no-yo-desu	warawa-no-kokyuhi-rankingu-wa-133-banme-no-yo-desu	音読み→数字	CHANGED	
警察3兄弟は不良少女に甘すぎる	keisatsu-san-kyodai-wa-furyo-shojo-ni-amasugiru	keisatsu-san-kyodai-wa-furyo-shojo-ni-amasugiru	keisatsu-3-kyodai-wa-furyo-shojo-ni-amasugiru	音読み→数字	CHANGED	
アンバランス×2	anbaransu-2	anbaransu-2	anbaransu-2	訓読み/当て字 or sandhi		数字の読みがtoken分割と不一致(sandhi等)→要確認
アンバランス×3	anbaransu-kakeru-san	anbaransu-kakeru-san	anbaransu-kakeru-3	音読み→数字	CHANGED	
0の男	rabu-boi	rabu-boi	rabu-boi	訓読み/当て字 or sandhi		数字の読みがtoken分割と不一致(sandhi等)→要確認
サディスティック・19	sadisu-teikku-nainteiin	sadisu-teikku-nainteiin	sadisu-teikku-19	英語読み付随→数字	CHANGED	
100年後に転生した私、前世の従騎士に求婚されました	hyakunengo-ni-tensei-shita-watashi-zense-no-jukishi-ni-kyukon-saremashita	hyakunengo-ni-tensei-shita-watashi-zense-no-jukishi-ni-kyukon-saremashita	100-nengo-ni-tensei-shita-watashi-zense-no-jukishi-ni-kyukon-saremashita	音読み→数字(先頭分割)	CHANGED	
夜10時からは素直に溺れて	yoru-juji-kara-wa-sunao-ni-oborete	yoru-juji-kara-wa-sunao-ni-oborete	yoru-10-ji-kara-wa-sunao-ni-oborete	音読み→数字(先頭分割)	CHANGED	
奥州平泉藤原4代	oshu-hiraizumi-fujiwara-yon-dai	oshu-hiraizumi-fujiwara-yon-dai	oshu-hiraizumi-fujiwara-4-dai	音読み→数字	CHANGED	
総務部総務課山口六平太 シーズン2	somubu-somuka-yamaguchi-roppeita-shiizun-2	somubu-somuka-yamaguchi-roppeita-shiizun-2	somubu-somuka-yamaguchi-roppeita-shiizun-2	訓読み/当て字 or sandhi		数字の読みがtoken分割と不一致(sandhi等)→要確認
総務部総務課山口六平太 シーズン3	somubu-somuka-yamaguchi-roppeita-shiizun-3	somubu-somuka-yamaguchi-roppeita-shiizun-3	somubu-somuka-yamaguchi-roppeita-shiizun-3	訓読み/当て字 or sandhi		数字の読みがtoken分割と不一致(sandhi等)→要確認
超難関ダンジョンで10万年修行した結果、世界最強に	chonankan-danjon-de-jumannen-shugyo-shita-kekka-sekai-saikyo-ni	chonankan-danjon-de-jumannen-shugyo-shita-kekka-sekai-saikyo-ni	chonankan-danjon-de-10-mannen-shugyo-shita-kekka-sekai-saikyo-ni	音読み→数字(先頭分割)	CHANGED	
33歳という日々	sanjusansai-to-iu-hibi	sanjusansai-to-iu-hibi	33-sai-to-iu-hibi	音読み→数字(先頭分割)	CHANGED	
四十路のおっさん、神様からチート能力(スキル)を9個もらう	yosoji-no-otsu-san-kami-sama-kara-chiito-noryoku-wo-kyuko-morau	yosoji-no-otsu-san-kami-sama-kara-chiito-noryoku-wo-kyuko-morau	yosoji-no-ossan-kamisama-kara-chiito-noryoku-wo-9-ko-morau	音読み→数字(先頭分割)	CHANGED	
アフター5の女王たち	afutaa-faibu-no-jotachi	afutaa-faibu-no-jotachi	afutaa-5-no-jotachi	英語読み付随→数字	CHANGED	
1LDKとふたり	wan-erudiikee-to-futari	wan-erudiikee-to-futari	wan-erudiikee-to-futari	latin-mixed		latin混じり(別処理)
魔力0で追放されましたが、大精霊と契約し魔剣の力が覚醒しました	maryoku-zero-de-tsuiho-saremashita-ga-daiseirei-to-keiyaku-shi-maken-no-chikara-ga-kakusei-shimashita	maryoku-zero-de-tsuiho-saremashita-ga-daiseirei-to-keiyaku-shi-maken-no-chikara-ga-kakusei-shimashita	maryoku-0-de-tsuiho-saremashita-ga-daiseirei-to-keiyaku-shi-maken-no-chikara-ga-kakusei-shimashita	音読み→数字	CHANGED	
錆喰いビスコ2	sabikui-bisuko-tsu	sabikui-bisuko-tsu	sabikui-bisuko-2	英語読み付随→数字	CHANGED	
99.99%	fo-nain	fo-nain	fo-nain	訓読み/当て字 or sandhi		数字の読みがtoken分割と不一致(sandhi等)→要確認
モスクワ2160	mosukuwa-nisenhyakurokuju	mosukuwa-nisenhyakurokuju	mosukuwa-2160	音読み→数字	CHANGED	
9番目のムサシ	kyubanme-no-musashi	kyubanme-no-musashi	9-banme-no-musashi	音読み→数字(先頭分割)	CHANGED	
9番目のムサシ Silent Black	kyubanme-no-musashi-sairentoburakku	kyubanme-no-musashi-sairentoburakku	kyubanme-no-musashi-sairentoburakku	latin-mixed		latin混じり(別処理)
9番目のムサシ	kyubanme-no-musashi	kyubanme-no-musashi	9-banme-no-musashi	音読み→数字(先頭分割)	CHANGED	
警視庁特務部特殊凶悪犯対策室第七課トクナナfile.0	keishicho-tokumubu-tokushu-kyoakuhan-taisakushitsu-dai-nanaka-tokunana-fairu-zero	keishicho-tokumubu-tokushu-kyoakuhan-taisakushitsu-dai-nanaka-tokunana-fairu-zero	keishicho-tokumubu-tokushu-kyoakuhan-taisakushitsu-dai-nanaka-tokunana-fairu-zero	latin-mixed		latin混じり(別処理)
2人におまかせ	futari-ni-omakase	futari-ni-omakase	futari-2-omakase	音読み→数字	CHANGED	
soul 覇第2章	sol-ha-dai2sho	sol-ha-dai2sho	sol-ha-dai2sho	latin-mixed		latin混じり(別処理)
列島198X	retto-ichi-kyu-hachi-x	retto-ichi-kyu-hachi-x	retto-ichi-kyu-hachi-x	latin-mixed		latin混じり(別処理)
コードギアス双貌のオズO2	kodo-giasu-sobo-no-ozu-otsu	kodo-giasu-sobo-no-ozu-otsu	kodo-giasu-sobo-no-ozu-otsu	latin-mixed		latin混じり(別処理)
130センチのダンディ	130senchi-no-dandi	130senchi-no-dandi	130senchi-no-dandi	訓読み/当て字 or sandhi		数字の読みがtoken分割と不一致(sandhi等)→要確認
3.11あの日を忘れない	311-anohi-o-wasurenai	311-anohi-o-wasurenai	311-anohi-o-wasurenai	訓読み/当て字 or sandhi		数字の読みがtoken分割と不一致(sandhi等)→要確認
3月の犬笛	sangatsu-no-inubue	sangatsu-no-inubue	3-gatsu-no-inubue	音読み→数字(先頭分割)	CHANGED	
8月の冗談	hachigatsu-no-jodan	hachigatsu-no-jodan	8-gatsu-no-jodan	音読み→数字(先頭分割)	CHANGED	
機動戦士ガンダム2	kido-senshi-gandamu-tsu	kido-senshi-gandamu-tsu	kido-senshi-gandamu-2	英語読み付随→数字	CHANGED	
機動戦士ガンダム3	kido-senshi-gandamu-surii	kido-senshi-gandamu-surii	kido-senshi-gandamu-3	英語読み付随→数字	CHANGED	
機動戦士ガンダムUCバンデシネEpisode:0	kido-senshi-gandamu-yushii-bandeshine-episodo-zero	kido-senshi-gandamu-yushii-bandeshine-episodo-zero	kido-senshi-gandamu-yushii-bandeshine-episodo-zero	latin-mixed		latin混じり(別処理)
東京タラレバ娘シーズン2	tokyo-tarareba-musume-shiizun-tsu	tokyo-tarareba-musume-shiizun-tsu	tokyo-tarareba-musume-shiizun-2	英語読み付随→数字	CHANGED	
1年366日のひみつ	ichinen-sanbyakurokujurokunichi-no-himitsu	ichinen-sanbyakurokujurokunichi-no-himitsu	1-nen-366-nichi-no-himitsu	音読み→数字(先頭分割)	CHANGED	
22世紀の子リーベス・ツァイベン	nijuniseiki-no-ko-riibesu-tsuaiben	nijuniseiki-no-ko-riibesu-tsuaiben	22-seiki-no-ko-riibesu-tsuaiben	音読み→数字(先頭分割)	CHANGED	
シャネルNo.5	shaneru-nanbaa-faibu	shaneru-nanbaa-faibu	shaneru-nanbaa-faibu	latin-mixed		latin混じり(別処理)
月光学園1年B組	gekko-gakuen-ichinen-biigumi	gekko-gakuen-ichinen-biigumi	gekko-gakuen-ichinen-biigumi	latin-mixed		latin混じり(別処理)
ようこそ!FACT〈東京S区第2支部〉へ	yokoso-fakuto-tokyo-esuku-dai-ni-shibu-e	yokoso-fakuto-tokyo-esuku-dai-ni-shibu-e	yokoso-fakuto-tokyo-esuku-dai-ni-shibu-e	latin-mixed		latin混じり(別処理)
『行け!稲中卓球部』20周年メモリアルBOX「おめでたい。」	ike-inachu-takkyubu-20shunen-memoriaru-bokkusu-omedetai	ike-inachu-takkyubu-20shunen-memoriaru-bokkusu-omedetai	ike-inachu-takkyubu-20shunen-memoriaru-bokkusu-omedetai	latin-mixed		latin混じり(別処理)
グリーンヒル05	guriinhiru-05	guriinhiru-05	guriinhiru-05	訓読み/当て字 or sandhi		数字の読みがtoken分割と不一致(sandhi等)→要確認
僕といっしょ05	boku-to-issho-05	boku-to-issho-05	boku-to-issho-05	訓読み/当て字 or sandhi		数字の読みがtoken分割と不一致(sandhi等)→要確認
15分の少女たち	jugofun-no-shojo-tachi	jugofun-no-shojo-tachi	15-fun-no-shojo-tachi	音読み→数字(先頭分割)	CHANGED	
生き残った6人によると	ikinokotta-rokunin-ni-yoruto	ikinokotta-rokunin-ni-yoruto	ikinokotta-6-nin-ni-yoruto	音読み→数字(先頭分割)	CHANGED	
12連休	12renkyu	12renkyu	12renkyu	no-segment		分かち書き無=token置換不可
君のことが大大大大大好きな100人の彼女	kimi-no-koto-ga-daidaidaidaidaisuki-na-hyakunin-no-kanojo	kimi-no-koto-ga-daidaidaidaidaisuki-na-hyakunin-no-kanojo	kimi-no-koto-ga-daidaidaidaidaisuki-na-100-nin-no-kanojo	音読み→数字(先頭分割)	CHANGED	
1限めはやる気の民法	1genme-wa-yaruki-no-minpo	1genme-wa-yaruki-no-minpo	1genme-wa-yaruki-no-minpo	訓読み/当て字 or sandhi		数字の読みがtoken分割と不一致(sandhi等)→要確認
3才児みーたんは容赦しない	sansaiji-mii-tan-wa-yosha-shinai	sansaiji-mii-tan-wa-yosha-shinai	3-saiji-miitan-wa-yosha-shinai	音読み→数字(先頭分割)	CHANGED	
ドンケツ第2章	donketsu-dainisho	donketsu-dainisho	donketsu-dainisho	訓読み/当て字 or sandhi		数字の読みがtoken分割と不一致(sandhi等)→要確認
サムライ8八丸伝	samurai-eito-hachimaruden	samurai-eito-hachimaruden	samurai-8-hachimaruden	英語読み付随→数字	CHANGED	
AM8:02、はつこい	eeemu-hachiji-nifun-hatsukoi	eeemu-hachiji-nifun-hatsukoi	eeemu-hachiji-nifun-hatsukoi	latin-mixed		latin混じり(別処理)
明日の3600秒	ashita-no-sanzenroppyakubyo	ashita-no-sanzenroppyakubyo	ashita-no-3600-byo	音読み→数字(先頭分割)	CHANGED	
テルスター'86	terusutaa-hachijuroku	terusutaa-hachijuroku	terusutaa-86	音読み→数字	CHANGED	
生きる2010	ikiru-2010	ikiru-2010	ikiru-2010	訓読み/当て字 or sandhi		数字の読みがtoken分割と不一致(sandhi等)→要確認
35歳からのお酒デビュー	sanjugosai-kara-no-osake-debyu	sanjugosai-kara-no-osake-debyu	35-sai-kara-no-osake-debyu	音読み→数字(先頭分割)	CHANGED	
部長と2LDK	bucho-to-2ldk	bucho-to-2ldk	bucho-to-2ldk	latin-mixed		latin混じり(別処理)
くたびれサラリーマンな俺、7年ぶりに再会した美少女JKと同棲を始める	kutabire-sarariiman-na-ore-nananenburi-ni-saikai-shita-bishojo-jieikee-to-dosei-wo-hajimeru	kutabire-sarariiman-na-ore-nananenburi-ni-saikai-shita-bishojo-jieikee-to-dosei-wo-hajimeru	kutabire-sarariiman-na-ore-nananenburi-ni-saikai-shita-bishojo-jieikee-to-dosei-wo-hajimeru	latin-mixed		latin混じり(別処理)
出会って5秒でバトル	deatte-gobyo-de-batoru	deatte-gobyo-de-batoru	deatte-5-byo-de-batoru	音読み→数字(先頭分割)	CHANGED	
脱サラ41歳のマンガ家再挑戦	datsusara-yonjuissai-no-mangaka-saichosen	datsusara-yonjuissai-no-mangaka-saichosen	datsusara-41-sai-no-mangaka-saichosen	音読み→数字(先頭分割)	CHANGED	
20日間は泣くでしょう	hatsukakanhanakudesho	hatsukakanhanakudesho	hatsukakanhanakudesho	no-segment		分かち書き無=token置換不可
3月の霹靂	sangatsu-no-hekireki	sangatsu-no-hekireki	3-gatsu-no-hekireki	音読み→数字(先頭分割)	CHANGED	
30歳の保健体育	30sai-no-hoken-taiiku	30sai-no-hoken-taiiku	30sai-no-hoken-taiiku	訓読み/当て字 or sandhi		数字の読みがtoken分割と不一致(sandhi等)→要確認
グレン5	guren-faibu	guren-faibu	guren-5	英語読み付随→数字	CHANGED	
4カクマンガ劇場マインクラフト穴ほり生活	yonkaku-manga-gekijo-mainkurafuto-anahori-seikatsu	yonkaku-manga-gekijo-mainkurafuto-anahori-seikatsu	4-kaku-manga-gekijo-mainkurafuto-anahori-seikatsu	音読み→数字(先頭分割)	CHANGED	
あやめ14	ayame-foteiin	ayame-foteiin	ayame-14	英語読み付随→数字	CHANGED	
ノックを3回	nokku-o-3kai	nokku-o-3kai	nokku-o-3kai	訓読み/当て字 or sandhi		数字の読みがtoken分割と不一致(sandhi等)→要確認
転生してから40年。そろそろ、おじさんも恋がしたい。	tensei-shite-kara-yonjunen-sorosoro-oji-san-mo-koi-ga-shitai	tensei-shite-kara-yonjunen-sorosoro-oji-san-mo-koi-ga-shitai	tensei-shite-kara-40-nen-sorosoro-ojisan-mo-koi-ga-shitai	音読み→数字(先頭分割)	CHANGED	
3月4月	sangatsu-shigatsu	sangatsu-shigatsu	3-gatsu-4-gatsu	音読み→数字(先頭分割)	CHANGED	
高根平3丁目	takanedaira-sanchome	takanedaira-sanchome	takanedaira-3-chome	音読み→数字(先頭分割)	CHANGED	
12月のラブ・スケッチ	junigatsu-no-rabu-suketchi	junigatsu-no-rabu-suketchi	12-gatsu-no-rabu-suketchi	音読み→数字(先頭分割)	CHANGED	
17歳のカノン	junanasai-no-kanon	junanasai-no-kanon	17-sai-no-kanon	音読み→数字(先頭分割)	CHANGED	
ロックマンX2	rokkuman-ekkusu-tsu	rokkuman-ekkusu-tsu	rokkuman-ekkusu-tsu	latin-mixed		latin混じり(別処理)
ロックマンX3	rokkuman-ekkusu-san	rokkuman-ekkusu-san	rokkuman-ekkusu-san	latin-mixed		latin混じり(別処理)
ロックマンX4	rokkuman-x-4	rokkuman-x-4	rokkuman-x-4	latin-mixed		latin混じり(別処理)
メダロット2	medarotto-2	medarotto-2	medarotto-2	訓読み/当て字 or sandhi		数字の読みがtoken分割と不一致(sandhi等)→要確認
メダロット3	medarotto-3	medarotto-3	medarotto-3	訓読み/当て字 or sandhi		数字の読みがtoken分割と不一致(sandhi等)→要確認
メダロット4	medarotto-4	medarotto-4	medarotto-4	訓読み/当て字 or sandhi		数字の読みがtoken分割と不一致(sandhi等)→要確認
メダロット5	medarotto-5	medarotto-5	medarotto-5	訓読み/当て字 or sandhi		数字の読みがtoken分割と不一致(sandhi等)→要確認
9to恋5to愛	9-to-rabu-5-to-rabu	9-to-rabu-5-to-rabu	9-to-rabu-5-to-rabu	latin-mixed		latin混じり(別処理)
1/10のないしょ話	jubunnoichi-no-naisho-banashi	jubunnoichi-no-naisho-banashi	10-bunnoichi-no-naisho-banashi	音読み→数字(先頭分割) ; 訓読み/当て字 or sandhi	CHANGED	数字の読みがtoken分割と不一致(sandhi等)→要確認
2度目の春初めてのキス	nidome-no-haru-hajimete-no-kisu	nidome-no-haru-hajimete-no-kisu	2-dome-no-haru-hajimete-no-kisu	音読み→数字(先頭分割)	CHANGED	
お隣は1軒で2度おいしい	otonari-wa-ikken-de-nido-oishii	otonari-wa-ikken-de-nido-oishii	otonari-wa-1-ken-de-2-do-oishii	音読み→数字(先頭分割)	CHANGED	
恋人は16さい	koibito-wa-16sai	koibito-wa-16sai	koibito-wa-16sai	訓読み/当て字 or sandhi		数字の読みがtoken分割と不一致(sandhi等)→要確認
妊娠17ヵ月!40代で母になる!	ninshin-junanakagetsu-yonjissai-de-haha-ni-naru	ninshin-junanakagetsu-yonjissai-de-haha-ni-naru	ninshin-17-kagetsu-40-sai-de-haha-ni-naru	音読み→数字(先頭分割)	CHANGED	
高2の恋の忘れ方	ko-ni-no-koi-no-wasurekata	ko-ni-no-koi-no-wasurekata	ko-2-no-koi-no-wasurekata	音読み→数字	CHANGED	
八乙女×2	yaotome-ni	yaotome-ni	yaotome-2	音読み→数字	CHANGED	
+1 あたしの中のアイツ	purasu-wan-atashinonakanoaitsu	purasu-wan-atashinonakanoaitsu	purasu-1-atashinonakanoaitsu	英語読み付随→数字	CHANGED	
思いっきりキレイになる8つの方法	omoikkiri-kirei-ni-naru-8tsu-no-hoho	omoikkiri-kirei-ni-naru-8tsu-no-hoho	omoikkiri-kirei-ni-naru-8tsu-no-hoho	訓読み/当て字 or sandhi		数字の読みがtoken分割と不一致(sandhi等)→要確認
修学旅行99日目	shugaku-ryoko-kyujukyunichime	shugaku-ryoko-kyujukyunichime	shugaku-ryoko-99-nichime	音読み→数字(先頭分割)	CHANGED	
×2	kakeruni	kakeruni	kakeruni	no-segment		分かち書き無=token置換不可
酩酊!怪獣酒場2nd	meitei-kaiju-sakaba-sekando	meitei-kaiju-sakaba-sekando	meitei-kaiju-sakaba-sekando	latin-mixed		latin混じり(別処理)
13-学校怪談-	ju-san-gakko-kaidan	ju-san-gakko-kaidan	13-gakko-kaidan	音読み→数字	CHANGED	
禁断の愛に溺れた6人の処女	kindan-no-ai-ni-oboreta-6nin-no-shojo	kindan-no-ai-ni-oboreta-6nin-no-shojo	kindan-no-ai-ni-oboreta-6nin-no-shojo	訓読み/当て字 or sandhi		数字の読みがtoken分割と不一致(sandhi等)→要確認
モブサイコ100	mobu-saiko-hyaku	mobu-saiko-hyaku	mobu-saiko-100	音読み→数字	CHANGED	
私立極道高校2011	shiritsu-kiwamemichi-koko-2011	shiritsu-kiwamemichi-koko-2011	shiritsu-kiwamemichi-koko-2011	訓読み/当て字 or sandhi		数字の読みがtoken分割と不一致(sandhi等)→要確認
私立極道高校2011スペシャル	shiritsu-kiwamemichi-koko-2011-supesharu	shiritsu-kiwamemichi-koko-2011-supesharu	shiritsu-kiwamemichi-koko-2011-supesharu	訓読み/当て字 or sandhi		数字の読みがtoken分割と不一致(sandhi等)→要確認
5億年後に意外な結末	gokunengo-ni-igai-na-ketsumatsu	gokunengo-ni-igai-na-ketsumatsu	5-okunengo-ni-igai-na-ketsumatsu	音読み→数字(先頭分割)	CHANGED	
チョコ22歳学問ノムスメ	choko-22sai-gakumon-no-musume	choko-22sai-gakumon-no-musume	choko-22sai-gakumon-no-musume	訓読み/当て字 or sandhi		数字の読みがtoken分割と不一致(sandhi等)→要確認
超可動ガール1/6	chokado-gaaru-rokubunnoichi	chokado-gaaru-rokubunnoichi	chokado-gaaru-6-bunnoichi	音読み→数字(先頭分割) ; 訓読み/当て字 or sandhi	CHANGED	数字の読みがtoken分割と不一致(sandhi等)→要確認
100万円の女たち	hyakumanen-no-onnatachi	hyakumanen-no-onnatachi	100-manen-no-onnatachi	音読み→数字(先頭分割)	CHANGED	
ペルソナ4ジ・アルティメットインマヨナカアリーナ	perusona-fo-ji-aruteimetto-in-mayonaka-ariina	perusona-fo-ji-aruteimetto-in-mayonaka-ariina	perusona-4-ji-aruteimetto-in-mayonaka-ariina	英語読み付随→数字	CHANGED	
2.5次元彼氏	nitengojigen-kareshi	nitengojigen-kareshi	2-tengojigen-kareshi	音読み→数字(先頭分割) ; 訓読み/当て字 or sandhi	CHANGED	数字の読みがtoken分割と不一致(sandhi等)→要確認
奥州平泉藤原4代	oshu-hiraizumi-fujiwara-yondai	oshu-hiraizumi-fujiwara-yondai	oshu-hiraizumi-fujiwara-4-dai	音読み→数字(先頭分割)	CHANGED	
第13保健室	daiju-san-hokenshitsu	daiju-san-hokenshitsu	daijusan-hokenshitsu	訓読み/当て字 or sandhi	CHANGED	数字の読みがtoken分割と不一致(sandhi等)→要確認
快盗!ポケモン7	kaito-pokemon-7	kaito-pokemon-7	kaito-pokemon-7	訓読み/当て字 or sandhi		数字の読みがtoken分割と不一致(sandhi等)→要確認
10代でママになった女の子	10dai-de-mama-ni-natta-onnanoko	10dai-de-mama-ni-natta-onnanoko	10dai-de-mama-ni-natta-onnanoko	訓読み/当て字 or sandhi		数字の読みがtoken分割と不一致(sandhi等)→要確認
3.11あの日を忘れない	santenichiichi-ano-hi-wo-wasurenai	santenichiichi-ano-hi-wo-wasurenai	3-tenichiichi-ano-hi-wo-wasurenai	音読み→数字(先頭分割) ; 訓読み/当て字 or sandhi	CHANGED	数字の読みがtoken分割と不一致(sandhi等)→要確認
新・10代でママになった女の子	shin-10dai-de-mama-ni-natta-onnanoko	shin-10dai-de-mama-ni-natta-onnanoko	shin-10dai-de-mama-ni-natta-onnanoko	訓読み/当て字 or sandhi		数字の読みがtoken分割と不一致(sandhi等)→要確認
涙100万粒のリアル いじめはそこにある。	namida-hyakumantsubu-no-riaru-ijime-wa-soko-ni-aru	namida-hyakumantsubu-no-riaru-ijime-wa-soko-ni-aru	namida-100-mantsubu-no-riaru-ijime-wa-soko-ni-aru	音読み→数字(先頭分割)	CHANGED	
コミティア30thクロニクル	komiteia-sanjutsu-kuronikuru	komiteia-sanjutsu-kuronikuru	komiteia-sanjutsu-kuronikuru	latin-mixed		latin混じり(別処理)
34歳無職さん	34sai-mushoku-san	34sai-mushoku-san	34sai-mushokusan	訓読み/当て字 or sandhi	CHANGED	数字の読みがtoken分割と不一致(sandhi等)→要確認
2×2	tsu-bai-tsu	tsu-bai-tsu	two-bai-tsu	英語読み→英単語	CHANGED	
ファイナルファンタジー11	fainaru-fantajii-11	fainaru-fantajii-11	fainaru-fantajii-11	訓読み/当て字 or sandhi		数字の読みがtoken分割と不一致(sandhi等)→要確認
ファイナルファンタジー11リボン	fainaru-fantajii-11-ribon	fainaru-fantajii-11-ribon	fainaru-fantajii-11-ribon	訓読み/当て字 or sandhi		数字の読みがtoken分割と不一致(sandhi等)→要確認
1999	senkyuhyakukyujukyu	senkyuhyakukyujukyu	senkyuhyakukyujukyu	no-segment		分かち書き無=token置換不可
〔○生〕読者投稿夏ザ・ベスト2014	marunama-dokusha-toko-natsu-za-besuto	marunama-dokusha-toko-natsu-za-besuto	marunama-dokusha-toko-natsu-za-besuto	訓読み/当て字 or sandhi		数字の読みがtoken分割と不一致(sandhi等)→要確認
1・2の3K	1-2-no-3k	1-2-no-3k	1-2-no-3k	latin-mixed		latin混じり(別処理)
100万回きかせてよ	hyakumankai-kikaseteyo	hyakumankai-kikaseteyo	100-mankai-kikaseteyo	音読み→数字(先頭分割)	CHANGED	
台湾にひとりで1か月住んでみた	taiwan-ni-hitori-de-ikkagetsu-sunde-mita	taiwan-ni-hitori-de-ikkagetsu-sunde-mita	taiwan-ni-hitori-de-1-kagetsu-sunde-mita	音読み→数字(先頭分割)	CHANGED	
1000万@スキャンダル	1000man-sukyandaru	1000man-sukyandaru	1000man-sukyandaru	訓読み/当て字 or sandhi		数字の読みがtoken分割と不一致(sandhi等)→要確認
ファンタシースターオンライン2 es恋やかんギャラクシー	fantashii-sutaa-onrain-tsu-iiesu-koi-yakan-gyarakushii	fantashii-sutaa-onrain-tsu-iiesu-koi-yakan-gyarakushii	fantashii-sutaa-onrain-tsu-iiesu-koi-yakan-gyarakushii	latin-mixed		latin混じり(別処理)
転生担当女神が100人いたのでチートスキル100個貰えた	tensei-tanto-megami-ga-hyakunin-ita-no-de-chiito-sukiru-hyakko-moraeta	tensei-tanto-megami-ga-hyakunin-ita-no-de-chiito-sukiru-hyakko-moraeta	tensei-tanto-megami-ga-100-nin-ita-no-de-chiito-sukiru-hyakko-moraeta	音読み→数字(先頭分割)	CHANGED	
10代の妊娠と結婚	judai-no-ninshin-to-kekkon	judai-no-ninshin-to-kekkon	10-dai-no-ninshin-to-kekkon	音読み→数字(先頭分割)	CHANGED	
10代の本当にあった感動体験	10dai-no-hontoni-atta-kando-taiken	10dai-no-hontoni-atta-kando-taiken	10dai-no-hontoni-atta-kando-taiken	訓読み/当て字 or sandhi		数字の読みがtoken分割と不一致(sandhi等)→要確認
17歳のリアル	jushichisai-no-riaru	jushichisai-no-riaru	17-sai-no-riaru	音読み→数字(先頭分割)	CHANGED	
18歳の鼓動	18sai-no-kodo	18sai-no-kodo	18sai-no-kodo	訓読み/当て字 or sandhi		数字の読みがtoken分割と不一致(sandhi等)→要確認
19歳。愛をつらぬくために	19sai-ai-o-tsuranuku-tameni	19sai-ai-o-tsuranuku-tameni	19sai-ai-o-tsuranuku-tameni	訓読み/当て字 or sandhi		数字の読みがtoken分割と不一致(sandhi等)→要確認
7200秒のロマンス	nanasennihyakubyo-no-romansu	nanasennihyakubyo-no-romansu	7200-byo-no-romansu	音読み→数字(先頭分割)	CHANGED	
8か月の天使	8kagetsu-no-tenshi	8kagetsu-no-tenshi	8kagetsu-no-tenshi	訓読み/当て字 or sandhi		数字の読みがtoken分割と不一致(sandhi等)→要確認
ないしょのカウント5	naisho-no-kaunto-faibu	naisho-no-kaunto-faibu	naisho-no-kaunto-5	英語読み付随→数字	CHANGED	
思いっきり100P	omoikkiri-hyaku-pii	omoikkiri-hyaku-pii	omoikkiri-hyaku-pii	latin-mixed		latin混じり(別処理)
本当にあった最高のラブストーリー読者体験手記ベスト10	honto-ni-atta-saiko-no-rabu-sutorii-dokusha-taiken-shuki-besuto-10	honto-ni-atta-saiko-no-rabu-sutorii-dokusha-taiken-shuki-besuto-10	honto-ni-atta-saiko-no-rabu-sutorii-dokusha-taiken-shuki-besuto-10	訓読み/当て字 or sandhi		数字の読みがtoken分割と不一致(sandhi等)→要確認
恋人をつくる100の方法	koibito-o-tsukutsu-hyaku-no-hoho	koibito-o-tsukutsu-hyaku-no-hoho	koibito-o-tsukutsu-100-no-hoho	音読み→数字	CHANGED	
背後霊24時!	haigorei-24ji	haigorei-24ji	haigorei-24ji	訓読み/当て字 or sandhi		数字の読みがtoken分割と不一致(sandhi等)→要確認
ありす1999	arisu-1999	arisu-1999	arisu-1999	訓読み/当て字 or sandhi		数字の読みがtoken分割と不一致(sandhi等)→要確認
アトリエ777	atorie-rakkii-sebun	atorie-rakkii-sebun	atorie-rakkii-sebun	訓読み/当て字 or sandhi		数字の読みがtoken分割と不一致(sandhi等)→要確認
ゼルダの伝説 4コママンガ劇場	zeruda-no-densetsu-yonkoma-manga-gekijo	zeruda-no-densetsu-yonkoma-manga-gekijo	zeruda-no-densetsu-4-koma-manga-gekijo	音読み→数字(先頭分割)	CHANGED	
マジキュー4コマ ひぐらしのなく頃に	majikyu-yonkoma-higurashi-no-naku-koro-ni	majikyu-yonkoma-higurashi-no-naku-koro-ni	majikyu-4-koma-higurashi-no-naku-koro-ni	音読み→数字(先頭分割)	CHANGED	
今日も2人は仲良しです。	kyo-mo-2ri-wa-nakayoshi-desu	kyo-mo-2ri-wa-nakayoshi-desu	kyo-mo-2ri-wa-nakayoshi-desu	訓読み/当て字 or sandhi		数字の読みがtoken分割と不一致(sandhi等)→要確認
少年少女18禁	shonen-shojo-juhachikin	shonen-shojo-juhachikin	shonen-shojo-18-kin	音読み→数字(先頭分割)	CHANGED	
2人はS×S(スーパーシークレット)	futari-wa-supaa-shiikuretto	futari-wa-supaa-shiikuretto	futari-wa-supaa-shiikuretto	latin-mixed		latin混じり(別処理)
21歳の水平線	nijuissai-no-suiheisen	nijuissai-no-suiheisen	21-sai-no-suiheisen	音読み→数字(先頭分割)	CHANGED	
3.11あの日を忘れない	santenichiichi-ano-hi-wo-wasurenai	santenichiichi-ano-hi-wo-wasurenai	3-tenichiichi-ano-hi-wo-wasurenai	音読み→数字(先頭分割) ; 訓読み/当て字 or sandhi	CHANGED	数字の読みがtoken分割と不一致(sandhi等)→要確認
60歳のラブレター	60sai-no-raburetaa	60sai-no-raburetaa	60sai-no-raburetaa	訓読み/当て字 or sandhi		数字の読みがtoken分割と不一致(sandhi等)→要確認
ハメっこ3Peace!!!	hamekko-sanpiisu	hamekko-sanpiisu	hamekko-sanpiisu	latin-mixed		latin混じり(別処理)
’70年-ぼくらの時代	70nen-bokura-no-jidai	70nen-bokura-no-jidai	70nen-bokura-no-jidai	訓読み/当て字 or sandhi		数字の読みがtoken分割と不一致(sandhi等)→要確認
魔法少女なら1105号室にいます。	maho-shojo-nara-1105goshitsu-ni-imasu	maho-shojo-nara-1105goshitsu-ni-imasu	maho-shojo-nara-1105goshitsu-ni-imasu	訓読み/当て字 or sandhi		数字の読みがtoken分割と不一致(sandhi等)→要確認
3.11あの日を忘れない	santenichiichi-ano-hi-wo-wasurenai	santenichiichi-ano-hi-wo-wasurenai	3-tenichiichi-ano-hi-wo-wasurenai	音読み→数字(先頭分割) ; 訓読み/当て字 or sandhi	CHANGED	数字の読みがtoken分割と不一致(sandhi等)→要確認
6番めの虹	rokubanmenoniji	rokubanmenoniji	rokubanmenoniji	no-segment		分かち書き無=token置換不可
A.M.4時の海の色	a-m-yoji-no-umi-no-iro	a-m-yoji-no-umi-no-iro	a-m-yoji-no-umi-no-iro	latin-mixed		latin混じり(別処理)
1+1は?	1-1-wa	1-1-wa	1-1-wa	訓読み/当て字 or sandhi		数字の読みがtoken分割と不一致(sandhi等)→要確認
るーむ!room no.1301	rumu-rumu-nanbaa-ichisanmaruichi	rumu-rumu-nanbaa-ichisanmaruichi	rumu-rumu-nanbaa-ichisanmaruichi	latin-mixed		latin混じり(別処理)
寿司魂昭和39年スペシャル	sushi-damashii-showa-sanjukyunen-supesharu	sushi-damashii-showa-sanjukyunen-supesharu	sushi-damashii-showa-39-nen-supesharu	音読み→数字(先頭分割)	CHANGED	
寿司魂昭和41年スペシャル	sushi-damashii-showa-yonjuichinen-supesharu	sushi-damashii-showa-yonjuichinen-supesharu	sushi-damashii-showa-41-nen-supesharu	音読み→数字(先頭分割)	CHANGED	
寿司魂昭和42年スペシャル	sushi-damashii-showa-yonjuninen-supesharu	sushi-damashii-showa-yonjuninen-supesharu	sushi-damashii-showa-42-nen-supesharu	音読み→数字(先頭分割)	CHANGED	
寿司魂昭和43年スペシャル	sushi-damashii-showa-yonjusannen-supesharu	sushi-damashii-showa-yonjusannen-supesharu	sushi-damashii-showa-43-nen-supesharu	音読み→数字(先頭分割)	CHANGED	
寿司魂昭和44年スペシャル	sushi-damashii-showa-yonjuyonnen-supesharu	sushi-damashii-showa-yonjuyonnen-supesharu	sushi-damashii-showa-44-nen-supesharu	音読み→数字(先頭分割)	CHANGED	
寿司魂昭和45年-46年スペシャル	sushi-damashii-showa-yonjugonen-yonjurokunen-supesharu	sushi-damashii-showa-yonjugonen-yonjurokunen-supesharu	sushi-damashii-showa-45-nen-46-nen-supesharu	音読み→数字(先頭分割)	CHANGED	
寿司魂昭和47年スペシャル	sushi-damashii-showa-yonjunananen-supesharu	sushi-damashii-showa-yonjunananen-supesharu	sushi-damashii-showa-47-nen-supesharu	音読み→数字(先頭分割)	CHANGED	
寿司魂昭和51年-54年スペシャル	sushi-damashii-showa-gojuichinen-gojuyonnen-supesharu	sushi-damashii-showa-gojuichinen-gojuyonnen-supesharu	sushi-damashii-showa-51-nen-54-nen-supesharu	音読み→数字(先頭分割)	CHANGED	
TVアニメペルソナ4電撃コミックアンソロジー	tv-anime-perusona-4-dengeki-komikku-ansorojii	tv-anime-perusona-4-dengeki-komikku-ansorojii	tv-anime-perusona-4-dengeki-komikku-ansorojii	latin-mixed		latin混じり(別処理)
0の聖書	zero-no-baiburu	zero-no-baiburu	0-no-baiburu	音読み→数字	CHANGED	
クローン5	kuron-5	kuron-5	kuron-5	訓読み/当て字 or sandhi		数字の読みがtoken分割と不一致(sandhi等)→要確認
サムライダー'88	samuraidaa-88	samuraidaa-88	samuraidaa-88	訓読み/当て字 or sandhi		数字の読みがtoken分割と不一致(sandhi等)→要確認
ディアスポリス-異邦警察-999篇	diasu-porisu-iho-keisatsu-suriinainhen	diasu-porisu-iho-keisatsu-suriinainhen	diasu-porisu-iho-keisatsu-suriinainhen	訓読み/当て字 or sandhi		数字の読みがtoken分割と不一致(sandhi等)→要確認
1年C組恐怖会議	ichinen-shiigumi-kyofu-kaigi	ichinen-shiigumi-kyofu-kaigi	ichinen-shiigumi-kyofu-kaigi	latin-mixed		latin混じり(別処理)
イワさんとニッポちゃん連載2000回スペシャルコミック	iwa-san-to-nippo-chan-rensai-nisenkai-supesharu-komikku	iwa-san-to-nippo-chan-rensai-nisenkai-supesharu-komikku	iwasan-to-nippochan-rensai-2000-kai-supesharu-komikku	音読み→数字(先頭分割)	CHANGED	
2×2ゲーム	2-2-geemu	2-2-geemu	2-2-geemu	訓読み/当て字 or sandhi		数字の読みがtoken分割と不一致(sandhi等)→要確認
桜2号	sakura-2go	sakura-2go	sakura-2go	訓読み/当て字 or sandhi		数字の読みがtoken分割と不一致(sandhi等)→要確認
F-1ボーイ	efuwan-boi	efuwan-boi	efuwan-boi	latin-mixed		latin混じり(別処理)
1995東京壊滅	senkyuhyakukyujugo-tokyo-kaimetsu	senkyuhyakukyujugo-tokyo-kaimetsu	1995-tokyo-kaimetsu	音読み→数字	CHANGED	
1997第三次世界大戦	senkyuhyakukyujunana-daisanji-sekai-taisen	senkyuhyakukyujunana-daisanji-sekai-taisen	1997-daisanji-sekai-taisen	音読み→数字	CHANGED	
1999人類終末	senkyuhyakukyujukyu-jinrui-shumatsu	senkyuhyakukyujukyu-jinrui-shumatsu	1999-jinrui-shumatsu	音読み→数字	CHANGED	
5五の龍	gogonoryu	gogonoryu	gogonoryu	no-segment		分かち書き無=token置換不可
0からはじめましょう	rei-kara-hajimemasho	rei-kara-hajimemasho	0-kara-hajimemasho	音読み→数字	CHANGED	
3カ月で20kg減成功すんのよ!ダイエット	3kagetsu-de-20kg-gen-seikosunnoyo-daietto	3kagetsu-de-20kg-gen-seikosunnoyo-daietto	3kagetsu-de-20kg-gen-seikosunnoyo-daietto	latin-mixed		latin混じり(別処理)
ポンコツ19	ponkotsu-19	ponkotsu-19	ponkotsu-19	訓読み/当て字 or sandhi		数字の読みがtoken分割と不一致(sandhi等)→要確認
蔵出し選集!!コミック乱創刊20周年記念特別編集	kuradashi-senshu-komikku-ran-sokan-20shunen-kinen-tokubetsu-henshu	kuradashi-senshu-komikku-ran-sokan-20shunen-kinen-tokubetsu-henshu	kuradashi-senshu-komikku-ran-sokan-20shunen-kinen-tokubetsu-henshu	訓読み/当て字 or sandhi		数字の読みがtoken分割と不一致(sandhi等)→要確認
泣いてる君が1番大好き	naiteru-kimi-ga-ichiban-daisuki	naiteru-kimi-ga-ichiban-daisuki	naiteru-kimi-ga-1-ban-daisuki	音読み→数字(先頭分割)	CHANGED	
トイレット博士 第1期・トイレット研究所篇	toiretto-hakase	toiretto-hakase	toiretto-hakase	訓読み/当て字 or sandhi		数字の読みがtoken分割と不一致(sandhi等)→要確認
3年3組田中太郎	sannen-sangumi-tanaka-taro	sannen-sangumi-tanaka-taro	3-nen-sangumi-tanaka-taro	音読み→数字(先頭分割)	CHANGED	
世紀末・ダーリン2006	seikimatsu-daarin-nisenroku	seikimatsu-daarin-nisenroku	seikimatsu-daarin-2006	音読み→数字	CHANGED	
世紀末・ダーリン2007	seikimatsu-daarin-nisennana	seikimatsu-daarin-nisennana	seikimatsu-daarin-2007	音読み→数字	CHANGED	
世紀末・ダーリン2008	seikimatsu-daarin-nisenhachi	seikimatsu-daarin-nisenhachi	seikimatsu-daarin-2008	音読み→数字	CHANGED	
世紀末・ダーリン2009	seikimatsu-daarin-nisenkyu	seikimatsu-daarin-nisenkyu	seikimatsu-daarin-2009	音読み→数字	CHANGED	
世紀末・ダーリン2010	seikimatsu-daarin-nisenju	seikimatsu-daarin-nisenju	seikimatsu-daarin-2010	音読み→数字	CHANGED	
世紀末☆ダーリン2011	seikimatsu-daarin-nisenjuichi	seikimatsu-daarin-nisenjuichi	seikimatsu-daarin-2011	音読み→数字	CHANGED	
世紀末☆ダーリン2012	seikimatsu-daarin-nisenjuni	seikimatsu-daarin-nisenjuni	seikimatsu-daarin-2012	音読み→数字	CHANGED	
ぼくのパート2	boku-no-paato-tsu	boku-no-paato-tsu	boku-no-paato-2	英語読み付随→数字	CHANGED	
りとる〔＾2〕☆ミラクル	ritoru-2-mirakuru	ritoru-2-mirakuru	ritoru-2-mirakuru	訓読み/当て字 or sandhi		数字の読みがtoken分割と不一致(sandhi等)→要確認
午前3時の危険地帯	gozen-3ji-no-kiken-chitai	gozen-3ji-no-kiken-chitai	gozen-3ji-no-kiken-chitai	訓読み/当て字 or sandhi		数字の読みがtoken分割と不一致(sandhi等)→要確認
午前3時の不協和音	gozen-3ji-no-fukyo-waon	gozen-3ji-no-fukyo-waon	gozen-3ji-no-fukyo-waon	訓読み/当て字 or sandhi		数字の読みがtoken分割と不一致(sandhi等)→要確認
午前3時の無法地帯	gozen-3ji-no-muho-chitai	gozen-3ji-no-muho-chitai	gozen-3ji-no-muho-chitai	訓読み/当て字 or sandhi		数字の読みがtoken分割と不一致(sandhi等)→要確認
3レボリューション	3-reboryushon	3-reboryushon	3-reboryushon	訓読み/当て字 or sandhi		数字の読みがtoken分割と不一致(sandhi等)→要確認
コンプレックス192	konpurekkusu-192	konpurekkusu-192	konpurekkusu-192	訓読み/当て字 or sandhi		数字の読みがtoken分割と不一致(sandhi等)→要確認
おしゃれ泥棒'97	oshare-dorobo-97	oshare-dorobo-97	oshare-dorobo-97	訓読み/当て字 or sandhi		数字の読みがtoken分割と不一致(sandhi等)→要確認
クレイジーラバーズno.6	kureijii-rabaazu-no-6	kureijii-rabaazu-no-6	kureijii-rabaazu-no-6	latin-mixed		latin混じり(別処理)
ストーリー311	sutorii-sanichiichi	sutorii-sanichiichi	sutorii-sanichiichi	訓読み/当て字 or sandhi		数字の読みがtoken分割と不一致(sandhi等)→要確認
ひさうちみちお研究2 愛の多忙について スケベはつらいよっ!	hisauchi-michio-kenkyu-ni-ai-no-tabo-ni-tsuite-sukebe-wa-tsurai-yotsu	hisauchi-michio-kenkyu-ni-ai-no-tabo-ni-tsuite-sukebe-wa-tsurai-yotsu	hisauchi-michio-kenkyu-2-ai-no-tabo-ni-tsuite-sukebe-wa-tsurai-yotsu	音読み→数字	CHANGED	
島の人 オール2色カラー版	shima-no-hito-oru-2shoku-karaaban	shima-no-hito-oru-2shoku-karaaban	shima-no-hito-oru-2shoku-karaaban	訓読み/当て字 or sandhi		数字の読みがtoken分割と不一致(sandhi等)→要確認
宇宙喜劇M774	uchu-kigeki-m-774	uchu-kigeki-m-774	uchu-kigeki-m-774	latin-mixed		latin混じり(別処理)
もりあげ7	moriage-sebun	moriage-sebun	moriage-7	英語読み付随→数字	CHANGED	
12歳。	12sai	12sai	12sai	no-segment		分かち書き無=token置換不可
禁断の愛に溺れた6人の処女	kindan-no-ai-ni-oboreta-rokunin-no-shojo	kindan-no-ai-ni-oboreta-rokunin-no-shojo	kindan-no-ai-ni-oboreta-6-nin-no-shojo	音読み→数字(先頭分割)	CHANGED	
被虐の運命に縛られ悶える6人のプリンセス	higyaku-no-unmei-ni-shibarare-modaeru-6nin-no-purinsesu	higyaku-no-unmei-ni-shibarare-modaeru-6nin-no-purinsesu	higyaku-no-unmei-ni-shibarare-modaeru-6nin-no-purinsesu	訓読み/当て字 or sandhi		数字の読みがtoken分割と不一致(sandhi等)→要確認
午前0時、キスしに来てよ	gozen-reiji-kisu-shini-kiteyo	gozen-reiji-kisu-shini-kiteyo	gozen-0-ji-kisu-shini-kiteyo	音読み→数字(先頭分割)	CHANGED	
まりあの夢に向かって第1歩	maria-no-yume-ni-mukatte-dai1po	maria-no-yume-ni-mukatte-dai1po	maria-no-yume-ni-mukatte-dai1po	訓読み/当て字 or sandhi		数字の読みがtoken分割と不一致(sandhi等)→要確認
√3	hitonami-ni-ogoreya-onago	hitonami-ni-ogoreya-onago	hitonami-ni-ogoreya-onago	訓読み/当て字 or sandhi		数字の読みがtoken分割と不一致(sandhi等)→要確認
ルート3	ruto-san	ruto-san	ruto-3	音読み→数字	CHANGED	
コミック1970	komikku-1970	komikku-1970	komikku-1970	訓読み/当て字 or sandhi		数字の読みがtoken分割と不一致(sandhi等)→要確認
ホモホモ7	homohomo-7	homohomo-7	homohomo-7	訓読み/当て字 or sandhi		数字の読みがtoken分割と不一致(sandhi等)→要確認
天魔3000年!!	tenma-sanzen-nen	tenma-sanzen-nen	tenma-3000-nen	音読み→数字	CHANGED	
天地無用!魎皇鬼 第2期	tenchi-muyo-ryoki-dai2ki	tenchi-muyo-ryoki-dai2ki	tenchi-muyo-ryoki-dai2ki	訓読み/当て字 or sandhi		数字の読みがtoken分割と不一致(sandhi等)→要確認
ゴルフ19	gorufu-19	gorufu-19	gorufu-19	訓読み/当て字 or sandhi		数字の読みがtoken分割と不一致(sandhi等)→要確認
めざせ1等賞	mezase-ittosho	mezase-ittosho	mezase-1-tosho	音読み→数字(先頭分割)	CHANGED	
スーパーボンバーマン4コマ	supaa-bonbaaman-yonkoma	supaa-bonbaaman-yonkoma	supaa-bonbaaman-4-koma	音読み→数字(先頭分割)	CHANGED	
今日からヒットマンスペシャル 彼と彼女の第2章編	kyo-kara-hittoman-supesharu	kyo-kara-hittoman-supesharu	kyo-kara-hittoman-supesharu	訓読み/当て字 or sandhi		数字の読みがtoken分割と不一致(sandhi等)→要確認
まりあ17	maria-sebunteiin	maria-sebunteiin	maria-17	英語読み付随→数字	CHANGED	
109ばんめのぼくの姫	109banme-no-boku-no-hime	109banme-no-boku-no-hime	109banme-no-boku-no-hime	訓読み/当て字 or sandhi		数字の読みがtoken分割と不一致(sandhi等)→要確認
47都道府県とことんランキング!	yonjunana-todofuken-tokoton-rankingu	yonjunana-todofuken-tokoton-rankingu	47-todofuken-tokoton-rankingu	音読み→数字	CHANGED	
47都道府県とんでもランキング!	yonjunana-todofuken-tondemo-rankingu	yonjunana-todofuken-tondemo-rankingu	47-todofuken-tondemo-rankingu	音読み→数字	CHANGED	
47都道府県なんでもランキング!	yonjunana-todo-fuken-nandemo-rankingu	yonjunana-todo-fuken-nandemo-rankingu	47-todo-fuken-nandemo-rankingu	音読み→数字	CHANGED	
47都道府県へんてこランキング!	yonjunana-todofuken-henteko-rankingu	yonjunana-todofuken-henteko-rankingu	47-todofuken-henteko-rankingu	音読み→数字	CHANGED	
ツイステ4コマ	tsuisute-yonkoma	tsuisute-yonkoma	tsuisute-4-koma	音読み→数字(先頭分割)	CHANGED	
V8キッド	buihachi-kiddo	buihachi-kiddo	buihachi-kiddo	latin-mixed		latin混じり(別処理)
嗚呼花の新小岩3丁目	aa-hana-no-shinkoiwa-sanchome	aa-hana-no-shinkoiwa-sanchome	aa-hana-no-shinkoiwa-3-chome	音読み→数字(先頭分割)	CHANGED	
1円の男	1en-no-otoko	1en-no-otoko	1en-no-otoko	訓読み/当て字 or sandhi		数字の読みがtoken分割と不一致(sandhi等)→要確認
アイスエイジ2	aisu-eiji-2	aisu-eiji-2	aisu-eiji-2	訓読み/当て字 or sandhi		数字の読みがtoken分割と不一致(sandhi等)→要確認
やくみつるの10年イチジクの思い	yaku-mitsuru-no-junen-ichijiku-no-omoi	yaku-mitsuru-no-junen-ichijiku-no-omoi	yaku-mitsuru-no-10-nen-ichijiku-no-omoi	音読み→数字(先頭分割)	CHANGED	
25歳差の部長に朝まで大人のセックスを教えられました	25saisa-no-bucho-ni-asa-made-otona-no-sekkusu-o-oshieraremashita	25saisa-no-bucho-ni-asa-made-otona-no-sekkusu-o-oshieraremashita	25saisa-no-bucho-ni-asa-made-otona-no-sekkusu-o-oshieraremashita	訓読み/当て字 or sandhi		数字の読みがtoken分割と不一致(sandhi等)→要確認
優駿の門 G1	yushun-no-mon-g1	yushun-no-mon-g1	yushun-no-mon-g1	latin-mixed		latin混じり(別処理)
優駿の門2020馬術	yushun-no-mon-nisenniju-bajutsu	yushun-no-mon-nisenniju-bajutsu	yushun-no-mon-2020-bajutsu	音読み→数字	CHANGED	
優駿の門G1	yushun-no-mon-g1	yushun-no-mon-g1	yushun-no-mon-g1	latin-mixed		latin混じり(別処理)
ポケモン4コマ学園	pokemon-4koma-gakuen	pokemon-4koma-gakuen	pokemon-4koma-gakuen	訓読み/当て字 or sandhi		数字の読みがtoken分割と不一致(sandhi等)→要確認
ポケモン4コマ大百科	pokemon-yonkoma-daihyakka	pokemon-yonkoma-daihyakka	pokemon-4-koma-daihyakka	音読み→数字(先頭分割)	CHANGED	
ポケモン4コマ大百科ギャグスターズ	pokemon-4koma-daihyakka-gyagu-sutaazu	pokemon-4koma-daihyakka-gyagu-sutaazu	pokemon-4koma-daihyakka-gyagu-sutaazu	訓読み/当て字 or sandhi		数字の読みがtoken分割と不一致(sandhi等)→要確認
ポケモン4コマ大百科スペシャル	pokemon-4koma-daihyakka-supesharu	pokemon-4koma-daihyakka-supesharu	pokemon-4koma-daihyakka-supesharu	訓読み/当て字 or sandhi		数字の読みがtoken分割と不一致(sandhi等)→要確認
ポケモン4コマ大百科ダイヤモンド・パール	pokemon-yonkoma-daihyakka-daiyamondo-paaru	pokemon-yonkoma-daihyakka-daiyamondo-paaru	pokemon-4-koma-daihyakka-daiyamondo-paaru	音読み→数字(先頭分割)	CHANGED	
餓狼伝説SPECIAL 爆笑4コマゲームギャグコミックス	garo-densetsu-supesharu	garo-densetsu-supesharu	garo-densetsu-supesharu	latin-mixed		latin混じり(別処理)
アポクリファ／0	apokurifa-0	apokurifa-0	apokurifa-0	訓読み/当て字 or sandhi		数字の読みがtoken分割と不一致(sandhi等)→要確認
ウィッチクラフト109	uitchi-kurafuto-109	uitchi-kurafuto-109	uitchi-kurafuto-109	訓読み/当て字 or sandhi		数字の読みがtoken分割と不一致(sandhi等)→要確認
4時44分地獄	yoji-yonjuyonfun-jigoku	yoji-yonjuyonfun-jigoku	yoji-4-juyonfun-jigoku	音読み→数字(先頭分割) ; 訓読み/当て字 or sandhi	CHANGED	数字の読みがtoken分割と不一致(sandhi等)→要確認
涙100万粒のリアル まもりたい	namida-hyakumantsubu-no-riaru-mamoritai	namida-hyakumantsubu-no-riaru-mamoritai	namida-100-mantsubu-no-riaru-mamoritai	音読み→数字(先頭分割)	CHANGED	
ゆるゆる楽しい40代ぼっち暮らし	yuruyuru-tanoshii-yonjudai-botchi-kurashi	yuruyuru-tanoshii-yonjudai-botchi-kurashi	yuruyuru-tanoshii-40-dai-botchi-kurashi	音読み→数字(先頭分割)	CHANGED	
スターオーシャン2セカンドエヴォリューション	sutaa-oshan-2-sekando-evoryushon	sutaa-oshan-2-sekando-evoryushon	sutaa-oshan-2-sekando-evoryushon	訓読み/当て字 or sandhi		数字の読みがtoken分割と不一致(sandhi等)→要確認
馬なり1ハロン劇場	umanari-ichiharon-shiataa	umanari-ichiharon-shiataa	umanari-1-haron-shiataa	音読み→数字(先頭分割)	CHANGED	
馬なり1ハロン劇場(シアター)	umanari-ichi-haron-shiataa	umanari-ichi-haron-shiataa	umanari-1-haron-shiataa	音読み→数字	CHANGED	
8畳カーニバル	hachijo-kaanibaru	hachijo-kaanibaru	8-jo-kaanibaru	音読み→数字(先頭分割)	CHANGED	
1丁目の楽園	1chome-no-rakuen	1chome-no-rakuen	1chome-no-rakuen	訓読み/当て字 or sandhi		数字の読みがtoken分割と不一致(sandhi等)→要確認
4コマまんがでわかることわざ150	yonkoma-manga-de-wakaru-kotowaza-hyakugoju	yonkoma-manga-de-wakaru-kotowaza-hyakugoju	4-koma-manga-de-wakaru-kotowaza-150	音読み→数字(先頭分割) ; 音読み→数字	CHANGED	
こどもに伝えたい50人のおはなし	kodomo-ni-tsutaetai-gojunin-no-ohanashi	kodomo-ni-tsutaetai-gojunin-no-ohanashi	kodomo-ni-tsutaetai-50-nin-no-ohanashi	音読み→数字(先頭分割)	CHANGED	
まんがでわかる日本の行事12か月	manga-de-wakaru-nihon-no-gyoji-junikagetsu	manga-de-wakaru-nihon-no-gyoji-junikagetsu	manga-de-wakaru-nihon-no-gyoji-12-kagetsu	音読み→数字(先頭分割)	CHANGED	
親子で読みたい70人のおはなし	oyako-de-yomitai-nanajunin-no-ohanashi	oyako-de-yomitai-nanajunin-no-ohanashi	oyako-de-yomitai-70-nin-no-ohanashi	音読み→数字(先頭分割)	CHANGED	
世界を動かした200人	sekai-o-ugokashita-nihyakunin	sekai-o-ugokashita-nihyakunin	sekai-o-ugokashita-200-nin	音読み→数字(先頭分割)	CHANGED	
日本を動かした200人	nippon-o-ugokashita-nihyakunin	nippon-o-ugokashita-nihyakunin	nippon-o-ugokashita-200-nin	音読み→数字(先頭分割)	CHANGED	
シシ12か月	shishi-12kagetsu	shishi-12kagetsu	shishi-12kagetsu	訓読み/当て字 or sandhi		数字の読みがtoken分割と不一致(sandhi等)→要確認
バージンロケット88	baajin-roketto-hachijuhachi	baajin-roketto-hachijuhachi	baajin-roketto-88	音読み→数字	CHANGED	
2012年地球滅亡の危機!!	nisenjuni-nen-chikyu-metsubo-no-kiki	nisenjuni-nen-chikyu-metsubo-no-kiki	2012-nen-chikyu-metsubo-no-kiki	音読み→数字	CHANGED	
迫り来る!!!!!20XX年地球水没の危機!!	semari-kuru-nisen-ekkusuekkusu-nen-chikyu-suibotsu-no-kiki	semari-kuru-nisen-ekkusuekkusu-nen-chikyu-suibotsu-no-kiki	semari-kuru-nisen-ekkusuekkusu-nen-chikyu-suibotsu-no-kiki	latin-mixed		latin混じり(別処理)
しんりゃくし隊のメイド3	shinryakushitai-no-meido-3	shinryakushitai-no-meido-3	shinryakushitai-no-meido-3	訓読み/当て字 or sandhi		数字の読みがtoken分割と不一致(sandhi等)→要確認
木根さんの1人でキネマ	kine-san-no-hitori-de-kinema	kine-san-no-hitori-de-kinema	kine-san-no-hitori-de-kinema	訓読み/当て字 or sandhi		数字の読みがtoken分割と不一致(sandhi等)→要確認
US-2救難飛行艇開発物語	yuesu-tsu-kyunan-hikotei-kaihatsu-monogatari	yuesu-tsu-kyunan-hikotei-kaihatsu-monogatari	yuesu-tsu-kyunan-hikotei-kaihatsu-monogatari	latin-mixed		latin混じり(別処理)
トコR55	toko-r55	toko-r55	toko-r55	latin-mixed		latin混じり(別処理)
恋人8号	koibito-8go	koibito-8go	koibito-8go	訓読み/当て字 or sandhi		数字の読みがtoken分割と不一致(sandhi等)→要確認
ペルソナ4電撃コミックアンソロジー	perusona-fo-dengeki-komikku-ansorojii	perusona-fo-dengeki-komikku-ansorojii	perusona-4-dengeki-komikku-ansorojii	英語読み付随→数字	CHANGED	
カトリーヌあやこが見た!0勝2敗1分。	katoriinu-ayako-ga-mita-0sho-2hai-1bu	katoriinu-ayako-ga-mita-0sho-2hai-1bu	katoriinu-ayako-ga-mita-0sho-2hai-1bu	訓読み/当て字 or sandhi		数字の読みがtoken分割と不一致(sandhi等)→要確認
1丁目のタイムカプセル機動戦士ガンダムより	1chome-no-taimu-kapuseru-kido-senshi-gandamu-yori	1chome-no-taimu-kapuseru-kido-senshi-gandamu-yori	1chome-no-taimu-kapuseru-kido-senshi-gandamu-yori	訓読み/当て字 or sandhi		数字の読みがtoken分割と不一致(sandhi等)→要確認
0歳からのアレルギー戦記	zerosai-kara-no-arerugii-senki	zerosai-kara-no-arerugii-senki	0-sai-kara-no-arerugii-senki	音読み→数字(先頭分割)	CHANGED	
カラスヤサトシの37歳の遠足ガイド	karasuya-satoshi-no-37sai-no-ensoku-gaido	karasuya-satoshi-no-37sai-no-ensoku-gaido	karasuya-satoshi-no-37sai-no-ensoku-gaido	訓読み/当て字 or sandhi		数字の読みがtoken分割と不一致(sandhi等)→要確認
猫が4匹いる暮らし	neko-ga-yonhiki-iru-kurashi	neko-ga-yonhiki-iru-kurashi	neko-ga-4-hiki-iru-kurashi	音読み→数字(先頭分割)	CHANGED	
1・2のアッホ!!	ichi-ni-no-ahho	ichi-ni-no-ahho	1-2-no-ahho	音読み→数字	CHANGED	
4軍くん〈仮〉	yongun-kun-kari	yongun-kun-kari	4-gun-kun-kari	音読み→数字(先頭分割)	CHANGED	
スライム倒して300年、知らないうちにレベルmaxになってました	suraimu-taoshite-sanbyaku-nen-shiranai-uchi-ni-reberu-makkusu-ni-nattemashita	suraimu-taoshite-sanbyaku-nen-shiranai-uchi-ni-reberu-makkusu-ni-nattemashita	suraimu-taoshite-sanbyaku-nen-shiranai-uchi-ni-reberu-makkusu-ni-nattemashita	latin-mixed		latin混じり(別処理)
天気100のひみつ	tenki-hyaku-no-himitsu	tenki-hyaku-no-himitsu	tenki-100-no-himitsu	音読み→数字	CHANGED	
定番すぎる文学作品をだいたい10ページくらいの漫画で読む。	teiban-sugiru-bungaku-sakuhin-o-daitai-jippeeji-kurai-no-manga-de-yomu	teiban-sugiru-bungaku-sakuhin-o-daitai-jippeeji-kurai-no-manga-de-yomu	teiban-sugiru-bungaku-sakuhin-o-daitai-10-peeji-kurai-no-manga-de-yomu	音読み→数字(先頭分割)	CHANGED	
必修すぎる文学作品をだいたい10ページくらいの漫画で読む。	hisshu-sugiru-bungaku-sakuhin-o-daitai-jippeeji-kurai-no-manga-de-yomu	hisshu-sugiru-bungaku-sakuhin-o-daitai-jippeeji-kurai-no-manga-de-yomu	hisshu-sugiru-bungaku-sakuhin-o-daitai-10-peeji-kurai-no-manga-de-yomu	音読み→数字(先頭分割)	CHANGED	
評判すぎる文学作品をだいたい10ページくらいの漫画で読む。	hyoban-sugiru-bungaku-sakuhin-wo-daitai-jutsu-peeji-kurai-no-manga-de-yomu	hyoban-sugiru-bungaku-sakuhin-wo-daitai-jutsu-peeji-kurai-no-manga-de-yomu	hyoban-sugiru-bungaku-sakuhin-wo-daitai-jutsu-peeji-kurai-no-manga-de-yomu	訓読み/当て字 or sandhi		数字の読みがtoken分割と不一致(sandhi等)→要確認
有名すぎる文学作品をだいたい10ページくらいの漫画で読む。	yumei-sugiru-bungaku-sakuhin-o-daitai-jippeeji-kurai-no-manga-de-yomu	yumei-sugiru-bungaku-sakuhin-o-daitai-jippeeji-kurai-no-manga-de-yomu	yumei-sugiru-bungaku-sakuhin-o-daitai-10-peeji-kurai-no-manga-de-yomu	音読み→数字(先頭分割)	CHANGED	
8bit年代記	8bit-nendaiki	8bit-nendaiki	8bit-nendaiki	latin-mixed		latin混じり(別処理)
ロボットポンコッツ2	robotto-ponkottsu-2	robotto-ponkottsu-2	robotto-ponkottsu-2	訓読み/当て字 or sandhi		数字の読みがtoken分割と不一致(sandhi等)→要確認
14106	aishiteru	aishiteru	aishiteru	no-segment		分かち書き無=token置換不可
シーズン4	shiizun-yon	shiizun-yon	4-zun-yon	音読み→数字(先頭分割)	CHANGED	
島耕作他5大アニメ化作品共演	shima-kosaku-hoka-5dai-animeka-sakuhin-kyoen	shima-kosaku-hoka-5dai-animeka-sakuhin-kyoen	shima-kosaku-hoka-5dai-animeka-sakuhin-kyoen	訓読み/当て字 or sandhi		数字の読みがtoken分割と不一致(sandhi等)→要確認
島耕作他5大アニメ化作品登場	shima-kosaku-hoka-5dai-animeka-sakuhin-tojo	shima-kosaku-hoka-5dai-animeka-sakuhin-tojo	shima-kosaku-hoka-5dai-animeka-sakuhin-tojo	訓読み/当て字 or sandhi		数字の読みがtoken分割と不一致(sandhi等)→要確認
アホ汁666	aho-jiru-shikkusu	aho-jiru-shikkusu	aho-jiru-shikkusu	訓読み/当て字 or sandhi		数字の読みがtoken分割と不一致(sandhi等)→要確認
40代が、こんなにしんどいなんて聞いてなかった	yonjudai-ga-konnani-shindoinante-kiitenakatta	yonjudai-ga-konnani-shindoinante-kiitenakatta	40-dai-ga-konnani-shindoinante-kiitenakatta	音読み→数字(先頭分割)	CHANGED	
45歳、結婚3年、お金オンチの私にもわかるように家計と老後のことを教えてください!	yonjugosai-kekkon-sannen-okane-onchi-no-watakushi-nimo-wakaru-yoni-kakei-to-rogo-no-koto-o-oshiete-kudasai	yonjugosai-kekkon-sannen-okane-onchi-no-watakushi-nimo-wakaru-yoni-kakei-to-rogo-no-koto-o-oshiete-kudasai	45-sai-kekkon-3-nen-okane-onchi-no-watakushi-nimo-wakaru-yoni-kakei-to-rogo-no-koto-o-oshiete-kudasai	音読み→数字(先頭分割)	CHANGED	
50歳からの気ままにゆらゆらひとり旅	gojussai-kara-no-kimama-ni-yurayura-hitori-tabi	gojussai-kara-no-kimama-ni-yurayura-hitori-tabi	50-sai-kara-no-kimama-ni-yurayura-hitori-tabi	音読み→数字(先頭分割)	CHANGED	
もうすぐ50歳、調子のいい日がほとんどありません	mosugu-gojussai-choshi-no-ii-hi-ga-hotondo-arimasen	mosugu-gojussai-choshi-no-ii-hi-ga-hotondo-arimasen	mosugu-50-sai-choshi-no-ii-hi-ga-hotondo-arimasen	音読み→数字(先頭分割)	CHANGED	
ウール100%	uru-hyaku-paasento	uru-hyaku-paasento	uru-100-paasento	音読み→数字	CHANGED	
家政婦と暮らす100の方法	kaseifu-to-kurasu-100-no-hoho	kaseifu-to-kurasu-100-no-hoho	kaseifu-to-kurasu-100-no-hoho	訓読み/当て字 or sandhi		数字の読みがtoken分割と不一致(sandhi等)→要確認
メルヘン課長とノンケ後輩くんseason2	meruhen-kacho-to-nonke-kohai-kun-shiizun-tsu	meruhen-kacho-to-nonke-kohai-kun-shiizun-tsu	meruhen-kacho-to-nonke-kohai-kun-shiizun-tsu	latin-mixed		latin混じり(別処理)
午前0時の失恋同好会	gozen-reiji-no-shitsuren-dokokai	gozen-reiji-no-shitsuren-dokokai	gozen-0-ji-no-shitsuren-dokokai	音読み→数字(先頭分割)	CHANGED	
池袋13	ikb-saateiin	ikb-saateiin	ikb-13	英語読み付随→数字	CHANGED	
10	ten	ten	ten	no-segment		分かち書き無=token置換不可
戦国basara 2英雄外伝コミックアンソロジー	sengoku-basara-2-eiyu-gaiden-heroes-komikku-ansorojii	sengoku-basara-2-eiyu-gaiden-heroes-komikku-ansorojii	sengoku-basara-2-eiyu-gaiden-heroes-komikku-ansorojii	latin-mixed		latin混じり(別処理)
おじぞークエスト 1st.ステージ	ojizo-kuesuto-faasuto-suteeji	ojizo-kuesuto-faasuto-suteeji	ojizo-kuesuto-faasuto-suteeji	latin-mixed		latin混じり(別処理)
年中行事記念日365日のひみつ	nenchu-gyoji-kinenbi-sanbyaku-rokujugo-nichi-no-himitsu	nenchu-gyoji-kinenbi-sanbyaku-rokujugo-nichi-no-himitsu	nenchu-gyoji-kinenbi-365-nichi-no-himitsu	音読み→数字	CHANGED	
18	eiteiin	eiteiin	eiteiin	no-segment		分かち書き無=token置換不可
ばらかもん18+1	barakamon-juhachi-purasu-ichi	barakamon-juhachi-purasu-ichi	barakamon-18-purasu-1	音読み→数字	CHANGED	
自分がツインテールのかわいい女の子だと思い込んで、今日の出来事を4コマにする。	jibun-ga-tsuinteeru-no-kawaii-onnanoko-dato-omoikonde-kyo-no-dekigoto-o-yonkoma-ni-suru	jibun-ga-tsuinteeru-no-kawaii-onnanoko-dato-omoikonde-kyo-no-dekigoto-o-yonkoma-ni-suru	jibun-ga-tsuinteeru-no-kawaii-onnanoko-dato-omoikonde-kyo-no-dekigoto-o-4-koma-ni-suru	音読み→数字(先頭分割)	CHANGED	
リーマン戦記独身3	riiman-senki-dokushin-san	riiman-senki-dokushin-san	riiman-senki-dokushinsan	訓読み/当て字 or sandhi	CHANGED	数字の読みがtoken分割と不一致(sandhi等)→要確認
1年1組甲斐せんせい	1nen-1kumi-kai-sensei	1nen-1kumi-kai-sensei	1nen-1kumi-kai-sensei	訓読み/当て字 or sandhi		数字の読みがtoken分割と不一致(sandhi等)→要確認
勇者コジロー2	yusha-kojiro-tsu	yusha-kojiro-tsu	yusha-kojiro-2	英語読み付随→数字	CHANGED	
2組のお友達。	2kumi-no-otomodachi	2kumi-no-otomodachi	2kumi-no-otomodachi	訓読み/当て字 or sandhi		数字の読みがtoken分割と不一致(sandhi等)→要確認
末広町35番地	suehirocho-35banchi	suehirocho-35banchi	suehirocho-35banchi	訓読み/当て字 or sandhi		数字の読みがtoken分割と不一致(sandhi等)→要確認
怪滅王と12人の星の巫女	kaimetsuo-to-juninin-no-hoshi-no-miko	kaimetsuo-to-juninin-no-hoshi-no-miko	kaimetsuo-to-12-nin-no-hoshi-no-miko	音読み→数字(先頭分割)	CHANGED	
7センチ!	7senchi	7senchi	7senchi	no-segment		分かち書き無=token置換不可
5つのあこがれお仕事ストーリー	5tsu-no-akogare-oshigoto-sutorii	5tsu-no-akogare-oshigoto-sutorii	5tsu-no-akogare-oshigoto-sutorii	訓読み/当て字 or sandhi		数字の読みがtoken分割と不一致(sandhi等)→要確認
9匹目の猫	9hikime-no-neko	9hikime-no-neko	9hikime-no-neko	訓読み/当て字 or sandhi		数字の読みがtoken分割と不一致(sandhi等)→要確認
寛太2 君の天使によろしく	kanta-tsu-kimi-no-tenshi-ni-yoroshiku	kanta-tsu-kimi-no-tenshi-ni-yoroshiku	kanta-2-kimi-no-tenshi-ni-yoroshiku	英語読み付随→数字	CHANGED	
エイジ'87	eiji-eiteisevunsu	eiji-eiteisevunsu	eiji-eiteisevunsu	訓読み/当て字 or sandhi		数字の読みがtoken分割と不一致(sandhi等)→要確認
R-30のラブストーリー	r30-no-rabusutorii	r30-no-rabusutorii	r30-no-rabusutorii	latin-mixed		latin混じり(別処理)
1+2=パラダイス	1-tasu-2-ha-paradaisu	1-tasu-2-ha-paradaisu	1-tasu-2-ha-paradaisu	訓読み/当て字 or sandhi		数字の読みがtoken分割と不一致(sandhi等)→要確認
ペルソナ2罪	perusona-2-tsumi	perusona-2-tsumi	perusona-2-tsumi	訓読み/当て字 or sandhi		数字の読みがtoken分割と不一致(sandhi等)→要確認
ペルソナ2罰	perusona-2-batsu	perusona-2-batsu	perusona-2-batsu	訓読み/当て字 or sandhi		数字の読みがtoken分割と不一致(sandhi等)→要確認
少女忍者シズカ91	shojo-ninja-shizuka-kunoichi	shojo-ninja-shizuka-kunoichi	shojo-ninja-shizuka-kunoichi	訓読み/当て字 or sandhi		数字の読みがtoken分割と不一致(sandhi等)→要確認
第2次美少女戦士ウォーズ	dai-2ji-bishojo-senshi-uozu	dai-2ji-bishojo-senshi-uozu	dai-2ji-bishojo-senshi-uozu	訓読み/当て字 or sandhi		数字の読みがtoken分割と不一致(sandhi等)→要確認
魔幻戦士レイスター2	magen-senshi-reisutaa-2	magen-senshi-reisutaa-2	magen-senshi-reisutaa-2	訓読み/当て字 or sandhi		数字の読みがtoken分割と不一致(sandhi等)→要確認
ぶっとび!リエちゃん 芸能界おさわがせ4コマ	buttobi-rie-chan	buttobi-rie-chan	buttobi-riechan	訓読み/当て字 or sandhi	CHANGED	数字の読みがtoken分割と不一致(sandhi等)→要確認
芸能ワンダーランドアイドル1番	geino-wandaa-rando-aidoru-ichiban	geino-wandaa-rando-aidoru-ichiban	geino-1-daa-rando-aidoru-ichiban	英語読み(先頭分割)	CHANGED	
ミラクルアベニュー1番地	mirakuru-abenyu-ichibanchi	mirakuru-abenyu-ichibanchi	mirakuru-abenyu-1-banchi	音読み→数字(先頭分割)	CHANGED	
88 エイティエイト	88-eiteieito	88-eiteieito	88-88	英語読み付随→数字	CHANGED	
ジェネラルコントラクターbuddy998	jieneraru-kontorakutaa-buddy-998	jieneraru-kontorakutaa-buddy-998	jieneraru-kontorakutaa-buddy-998	latin-mixed		latin混じり(別処理)
9速眼球アクティヴスリープ	9soku-gankyu-akuteivu-suriipu	9soku-gankyu-akuteivu-suriipu	9soku-gankyu-akuteivu-suriipu	訓読み/当て字 or sandhi		数字の読みがtoken分割と不一致(sandhi等)→要確認
書かずの753	kakazu-no-nagomi	kakazu-no-nagomi	kakazu-no-nagomi	訓読み/当て字 or sandhi		数字の読みがtoken分割と不一致(sandhi等)→要確認
20世紀のじみへん	nijisseiki-no-jimihen	nijisseiki-no-jimihen	20-seiki-no-jimihen	音読み→数字(先頭分割)	CHANGED	
ひつこいんだから30S	hitsukoindakara-saateiizu	hitsukoindakara-saateiizu	hitsukoindakara-saateiizu	latin-mixed		latin混じり(別処理)
身から出た鯖 7番出汁	mi-kara-deta-saba	mi-kara-deta-saba	mi-kara-deta-saba	訓読み/当て字 or sandhi		数字の読みがtoken分割と不一致(sandhi等)→要確認
フィギュア17	figyua-sebunteiin	figyua-sebunteiin	figyua-17	英語読み付随→数字	CHANGED	
世界が終わる7日前	sekai-ga-owaru-nanoka-mae	sekai-ga-owaru-nanoka-mae	sekai-ga-owaru-nanoka-mae	訓読み/当て字 or sandhi		数字の読みがtoken分割と不一致(sandhi等)→要確認
3LDKの王様	sanerudiikee-no-o-sama	sanerudiikee-no-o-sama	sanerudiikee-no-o-sama	latin-mixed		latin混じり(別処理)
ママは小学4年生	mama-wa-shogaku-yonensei	mama-wa-shogaku-yonensei	mama-wa-4-yogaku-yonensei	音読み→数字(先頭分割)	CHANGED	
1/2空模様	nibun-no-ichi-soramoyo	nibun-no-ichi-soramoyo	2-bun-no-1-soramoyo	音読み→数字(先頭分割) ; 音読み→数字	CHANGED	
Oh!透明人間21	oh-tomei-ningen-21	oh-tomei-ningen-21	oh-tomei-ningen-21	latin-mixed		latin混じり(別処理)
宇宙戦艦ヤマト2199 緋眼のエース	uchu-senkan-yamato-nisenhyakukyujukyu-higan-no-eesu	uchu-senkan-yamato-nisenhyakukyujukyu-higan-no-eesu	uchu-senkan-yamato-2199-higan-no-eesu	音読み→数字	CHANGED	
3LDKの花子さん	sanerudiikee-no-hanako-san	sanerudiikee-no-hanako-san	sanerudiikee-no-hanako-san	latin-mixed		latin混じり(別処理)
真・女神転生4電撃コミックアンソロジー	shin-megami-tensei-fo-dengeki-komikku-ansorojii	shin-megami-tensei-fo-dengeki-komikku-ansorojii	4-n-megami-tensei-fo-dengeki-komikku-ansorojii	音読み→数字(先頭分割)	CHANGED	
第3のギデオン	dai-san-no-gideon	dai-san-no-gideon	daisan-no-gideon	訓読み/当て字 or sandhi	CHANGED	数字の読みがtoken分割と不一致(sandhi等)→要確認
7月7日のラプソディー	7gatsu-nanuka-no-rapusodii	7gatsu-nanuka-no-rapusodii	7gatsu-nanuka-no-rapusodii	訓読み/当て字 or sandhi		数字の読みがtoken分割と不一致(sandhi等)→要確認
3.3.7ビョーシ!!	san-san-nana-byoshi	san-san-nana-byoshi	3-san-7-byoshi	音読み→数字	CHANGED	
14さいオートマティック	14sai-otomateikku	14sai-otomateikku	14sai-otomateikku	訓読み/当て字 or sandhi		数字の読みがtoken分割と不一致(sandhi等)→要確認
14さいマニュアル	14sai-manyuaru	14sai-manyuaru	14sai-manyuaru	訓読み/当て字 or sandhi		数字の読みがtoken分割と不一致(sandhi等)→要確認
シルバー77	shirubaa-77	shirubaa-77	shirubaa-77	訓読み/当て字 or sandhi		数字の読みがtoken分割と不一致(sandhi等)→要確認
エリア51	eria-51	eria-51	eria-51	訓読み/当て字 or sandhi		数字の読みがtoken分割と不一致(sandhi等)→要確認
ジャバウォッキー1914	jaba-uokkii-senkyuhyakujuyon	jaba-uokkii-senkyuhyakujuyon	jaba-uokkii-1914	音読み→数字	CHANGED	
戦国BASARA2 Groove'n Dragon	sengoku-basara-2-groven-dragon	sengoku-basara-2-groven-dragon	sengoku-basara-2-groven-dragon	latin-mixed		latin混じり(別処理)
9	kyu	kyu	kyu	no-segment		分かち書き無=token置換不可
まんが世界史202	manga-sekaishi-nihyakuni	manga-sekaishi-nihyakuni	manga-sekaishi-202	音読み→数字	CHANGED	
無茶四と13人の鎌倉時代	muchashi-to-jusannin-no-kamakura-jidai	muchashi-to-jusannin-no-kamakura-jidai	muchashi-to-13-nin-no-kamakura-jidai	音読み→数字(先頭分割)	CHANGED	
06:04～ロクヨン～	rokuyon	rokuyon	rokuyon	no-segment		分かち書き無=token置換不可
バクレツ☆歌姫21	bakuretsu-utahime-nijuichi	bakuretsu-utahime-nijuichi	bakuretsu-utahime-21	音読み→数字	CHANGED	
アリエテ2057	ariete-2057	ariete-2057	ariete-2057	訓読み/当て字 or sandhi		数字の読みがtoken分割と不一致(sandhi等)→要確認
愛人31号	aijin-31go	aijin-31go	aijin-31go	訓読み/当て字 or sandhi		数字の読みがtoken分割と不一致(sandhi等)→要確認
小1タイム	sho1-taimu	sho1-taimu	sho1-taimu	訓読み/当て字 or sandhi		数字の読みがtoken分割と不一致(sandhi等)→要確認
学校の怪談2	gakko-no-kaidan-tsu	gakko-no-kaidan-tsu	gakko-no-kaidan-2	英語読み付随→数字	CHANGED	
機動戦士ガンダムF91	kido-senshi-gandamu-fomyura-kyujuichi	kido-senshi-gandamu-fomyura-kyujuichi	kido-senshi-gandamu-fomyura-kyujuichi	latin-mixed		latin混じり(別処理)
2012年地球滅亡最終警告!!すでに滅亡までのカウントダウンは始まっている!	nisenjuni-nen-chikyu-metsubo-saishu-keikoku-sudeni-metsubo-made-no-kauntodaun-wa-hajimatte-iru	nisenjuni-nen-chikyu-metsubo-saishu-keikoku-sudeni-metsubo-made-no-kauntodaun-wa-hajimatte-iru	2012-nen-chikyu-metsubo-saishu-keikoku-sudeni-metsubo-made-no-kauntodaun-wa-hajimatte-iru	音読み→数字	CHANGED	
となりの貞子ちゃん2D	tonari-no-sadako-chan-tsudii	tonari-no-sadako-chan-tsudii	tonari-no-sadako-chan-tsudii	latin-mixed		latin混じり(別処理)
090えこといっしょ。	090-eko-to-issho	090-eko-to-issho	090-eko-to-issho	訓読み/当て字 or sandhi		数字の読みがtoken分割と不一致(sandhi等)→要確認
17歳、あいつ限定	junanasai-aitsu-gentei	junanasai-aitsu-gentei	17-sai-aitsu-gentei	音読み→数字(先頭分割)	CHANGED	
9～キミがいる街で恋をした～	nain-kimi-ga-iru-machi-de-koi-o-shita	nain-kimi-ga-iru-machi-de-koi-o-shita	9-kimi-ga-iru-machi-de-koi-o-shita	英語読み付随→数字	CHANGED	
ときめき10カウント!	tokimeki-ten-kaunto	tokimeki-ten-kaunto	tokimeki-10-kaunto	英語読み付随→数字	CHANGED	
100番めの羊	100banme-no-hitsuji	100banme-no-hitsuji	100banme-no-hitsuji	訓読み/当て字 or sandhi		数字の読みがtoken分割と不一致(sandhi等)→要確認
5つ数えれば君の夢	itsutsu-kazoereba-kimi-no-yume	itsutsu-kazoereba-kimi-no-yume	itsutsu-kazoereba-kimi-no-yume	訓読み/当て字 or sandhi		数字の読みがtoken分割と不一致(sandhi等)→要確認
センネン画報+10 years	sennen-gaho-purasu-ten-iyaazu	sennen-gaho-purasu-ten-iyaazu	sennen-gaho-purasu-ten-iyaazu	latin-mixed		latin混じり(別処理)
ビーストウォーズ2	biisuto-uozu-tsu	biisuto-uozu-tsu	biisuto-uozu-2	英語読み付随→数字	CHANGED	
七人の武器屋1/7	shichinin-no-bukiya-nanabun-no-ichi	shichinin-no-bukiya-nanabun-no-ichi	7-nin-no-bukiya-nanabun-no-1	音読み→数字(先頭分割) ; 音読み→数字	CHANGED	
4人のラストブルー	4nin-no-rasuto-buru	4nin-no-rasuto-buru	4nin-no-rasuto-buru	訓読み/当て字 or sandhi		数字の読みがtoken分割と不一致(sandhi等)→要確認
3日に1回はユーレイ視る人の怖い話	mikka-ni-ikkai-wa-yurei-miru-hito-no-kowai-hanashi	mikka-ni-ikkai-wa-yurei-miru-hito-no-kowai-hanashi	mikka-ni-1-kai-wa-yurei-miru-hito-no-kowai-hanashi	音読み→数字(先頭分割) ; 訓読み/当て字 or sandhi	CHANGED	数字の読みがtoken分割と不一致(sandhi等)→要確認
今日介と6人の女たち	kyosuke-to-6nin-no-onnatachi	kyosuke-to-6nin-no-onnatachi	kyosuke-to-6nin-no-onnatachi	訓読み/当て字 or sandhi		数字の読みがtoken分割と不一致(sandhi等)→要確認
レモン・ピープルベストセレクション1982-1988	remon-piipuru-besuto-serekushon-1982-1988	remon-piipuru-besuto-serekushon-1982-1988	remon-piipuru-besuto-serekushon-1982-1988	訓読み/当て字 or sandhi		数字の読みがtoken分割と不一致(sandhi等)→要確認
砂漠の姫は2人のシークに愛されて	sabaku-no-hime-wa-2ri-no-shiiku-ni-aisarete	sabaku-no-hime-wa-2ri-no-shiiku-ni-aisarete	sabaku-no-hime-wa-2ri-no-shiiku-2-aisarete	音読み→数字	CHANGED	
ブレーメン5	bureemen-faibu	bureemen-faibu	bureemen-5	英語読み付随→数字	CHANGED	
アリスの13時間	arisu-no-ju-san-jikan	arisu-no-ju-san-jikan	arisu-no-13-jikan	音読み→数字	CHANGED	
奥州平泉藤原4代	oshu-hiraizumi-fujiwara-4dai	oshu-hiraizumi-fujiwara-4dai	oshu-hiraizumi-fujiwara-4dai	訓読み/当て字 or sandhi		数字の読みがtoken分割と不一致(sandhi等)→要確認
17歳のチズ	junanasai-no-chizu	junanasai-no-chizu	17-sai-no-chizu	音読み→数字(先頭分割)	CHANGED	
イケてる2人	iketerufutari	iketerufutari	iketerufutari	no-segment		分かち書き無=token置換不可
100％コットン	100paasento-kotton	100paasento-kotton	100paasento-kotton	訓読み/当て字 or sandhi		数字の読みがtoken分割と不一致(sandhi等)→要確認
11月の子供	11gatsu-no-kodomo	11gatsu-no-kodomo	11gatsu-no-kodomo	訓読み/当て字 or sandhi		数字の読みがtoken分割と不一致(sandhi等)→要確認
1・2・3歳のしつけと健康	ichinisannoshitsuketokenko	ichinisannoshitsuketokenko	ichinisannoshitsuketokenko	no-segment		分かち書き無=token置換不可
突撃くらたま24時	totsugeki-kuratama-nijuyoji	totsugeki-kuratama-nijuyoji	totsugeki-kuratama-nijuyoji	訓読み/当て字 or sandhi		数字の読みがtoken分割と不一致(sandhi等)→要確認
14歳の里山レシピ	14sai-no-satoyama-reshipi	14sai-no-satoyama-reshipi	14sai-no-satoyama-reshipi	訓読み/当て字 or sandhi		数字の読みがtoken分割と不一致(sandhi等)→要確認
'99純情革命	99-junjo-kakumei	99-junjo-kakumei	99-junjo-kakumei	訓読み/当て字 or sandhi		数字の読みがtoken分割と不一致(sandhi等)→要確認
デーモン72	deemon-72	deemon-72	deemon-72	訓読み/当て字 or sandhi		数字の読みがtoken分割と不一致(sandhi等)→要確認
12ダースの怒れる女	junidaasu-no-ikareru-onna	junidaasu-no-ikareru-onna	12-daasu-no-ikareru-onna	音読み→数字(先頭分割)	CHANGED	
8月のまなざし	8gatsu-no-manazashi	8gatsu-no-manazashi	8gatsu-no-manazashi	訓読み/当て字 or sandhi		数字の読みがtoken分割と不一致(sandhi等)→要確認
15歳のエチュード	jugosainoechudo	jugosainoechudo	jugosainoechudo	no-segment		分かち書き無=token置換不可
おじゃる丸 4コマンガ劇場	ojarumaru-4koma-manga-gekijo	ojarumaru-4koma-manga-gekijo	ojarumaru-4koma-manga-gekijo	訓読み/当て字 or sandhi		数字の読みがtoken分割と不一致(sandhi等)→要確認
27歳のニューガン・ダイアリー	nijunanasai-no-nyugan-daiarii	nijunanasai-no-nyugan-daiarii	27-sai-no-nyugan-daiarii	音読み→数字(先頭分割)	CHANGED	
45歳の線香花火	yonjugosai-no-senko-hanabi	yonjugosai-no-senko-hanabi	45-sai-no-senko-hanabi	音読み→数字(先頭分割)	CHANGED	
イケてない10代	iketenai-judai	iketenai-judai	iketenai-10-dai	音読み→数字(先頭分割)	CHANGED	
小6ノスタルジア	sho6-nosutarujia	sho6-nosutarujia	sho6-nosutarujia	訓読み/当て字 or sandhi		数字の読みがtoken分割と不一致(sandhi等)→要確認
深夜0時にこんばんは	shinya-reiji-ni-konbanwa	shinya-reiji-ni-konbanwa	shinya-0-ji-ni-konbanwa	音読み→数字(先頭分割)	CHANGED	
彼氏が4年おりません。	kareshi-ga-yonen-orimasen	kareshi-ga-yonen-orimasen	kareshi-ga-yonen-orimasen	訓読み/当て字 or sandhi		数字の読みがtoken分割と不一致(sandhi等)→要確認
ロックマン8	rokkuman-8	rokkuman-8	rokkuman-8	訓読み/当て字 or sandhi		数字の読みがtoken分割と不一致(sandhi等)→要確認
対魔導学園35試験小隊	taimado-gakuen-sanjugo-shiken-shotai	taimado-gakuen-sanjugo-shiken-shotai	taimado-gakuen-35-shiken-shotai	音読み→数字	CHANGED	
キスは0時を過ぎてから	kisu-wa-0ji-o-sugitekara	kisu-wa-0ji-o-sugitekara	kisu-wa-0ji-o-sugitekara	訓読み/当て字 or sandhi		数字の読みがtoken分割と不一致(sandhi等)→要確認
10コ入りハニ太郎です。	jukko-iri-hani-taro-desu	jukko-iri-hani-taro-desu	10-ko-iri-hani-taro-desu	音読み→数字(先頭分割)	CHANGED	
3ばんめのハニ太郎です。	sanbanme-no-hani-taro-desu	sanbanme-no-hani-taro-desu	3-banme-no-hani-taro-desu	音読み→数字(先頭分割)	CHANGED	
7ばんめのハニ太郎です。	nanabanme-no-hani-taro-desu	nanabanme-no-hani-taro-desu	7-banme-no-hani-taro-desu	音読み→数字(先頭分割)	CHANGED	
闘破蛇烈伝DEI48	tohaja-retsuden-dei-48	tohaja-retsuden-dei-48	tohaja-retsuden-dei-48	latin-mixed		latin混じり(別処理)
フィリピン妻4コマ日記	firipinzuma-yonkoma-nikki	firipinzuma-yonkoma-nikki	firipinzuma-4-koma-nikki	音読み→数字(先頭分割)	CHANGED	
鴻鵠館1301	kokokukan-1301	kokokukan-1301	kokokukan-1301	訓読み/当て字 or sandhi		数字の読みがtoken分割と不一致(sandhi等)→要確認
白雪姫と7人のコドモ	shirayukihime-to-7nin-no-kodomo	shirayukihime-to-7nin-no-kodomo	shirayukihime-to-7nin-no-kodomo	訓読み/当て字 or sandhi		数字の読みがtoken分割と不一致(sandhi等)→要確認
82億食の奇跡	82okushoku-no-kiseki	82okushoku-no-kiseki	82okushoku-no-kiseki	訓読み/当て字 or sandhi		数字の読みがtoken分割と不一致(sandhi等)→要確認
メカニカルバディユニバース1.0	mekanikaru-badi-yunibaasu-ittenzero	mekanikaru-badi-yunibaasu-ittenzero	mekanikaru-badi-yunibaasu-1-tenzero	音読み→数字(先頭分割) ; 訓読み/当て字 or sandhi	CHANGED	数字の読みがtoken分割と不一致(sandhi等)→要確認
追放された不遇職『テイマー』ですが、2つ目の職業が万能職『配合術師』だったので俺だけの最強パーティを作ります	tsuiho-sareta-fugushoku-teimaa-desuga-futatsume-no-shokugyo-ga-bannoshoku-haigojutsushi-datta-no-de-ore-dake-no-saikyo-paatei-wo-tsukurimasu	tsuiho-sareta-fugushoku-teimaa-desuga-futatsume-no-shokugyo-ga-bannoshoku-haigojutsushi-datta-no-de-ore-dake-no-saikyo-paatei-wo-tsukurimasu	tsuiho-sareta-fugushoku-teimaa-desuga-futatsume-no-shokugyo-ga-bannoshoku-haigojutsushi-datta-no-de-ore-dake-no-saikyo-paatei-wo-tsukurimasu	訓読み/当て字 or sandhi		数字の読みがtoken分割と不一致(sandhi等)→要確認
王子を1匹飼っています。	oji-o-1piki-katte-imasu	oji-o-1piki-katte-imasu	oji-o-1piki-katte-imasu	訓読み/当て字 or sandhi		数字の読みがtoken分割と不一致(sandhi等)→要確認
1/3	sanbunnoichi	sanbunnoichi	sanbunnoichi	no-segment		分かち書き無=token置換不可
1/3さんぶんのいち	sanbunnoichi-sanbunnoichi	sanbunnoichi-sanbunnoichi	3-bunnoichi-sanbunnoichi	音読み→数字(先頭分割) ; 訓読み/当て字 or sandhi	CHANGED	数字の読みがtoken分割と不一致(sandhi等)→要確認
7限目はヒミツ。	nanagenme-ha-himitsu	nanagenme-ha-himitsu	7-genme-ha-himitsu	音読み→数字(先頭分割)	CHANGED	
今日から門限7:00です	kyo-kara-mongen-shichiji-desu	kyo-kara-mongen-shichiji-desu	kyo-kara-mongen-7-ji-desu	音読み→数字(先頭分割) ; 訓読み/当て字 or sandhi	CHANGED	数字の読みがtoken分割と不一致(sandhi等)→要確認
360°マテリアル	sanbyaku-rokujudo-materiaru	sanbyaku-rokujudo-materiaru	sanbyaku-rokujudo-materiaru	訓読み/当て字 or sandhi		数字の読みがtoken分割と不一致(sandhi等)→要確認
100カラット★バンビーノ	hyakukaratto-banbiino	hyakukaratto-banbiino	100-karatto-banbiino	音読み→数字(先頭分割)	CHANGED	
D4プリンセス	diifo-purinsesu	diifo-purinsesu	diifo-purinsesu	latin-mixed		latin混じり(別処理)
12時からはじまる	12ji-kara-hajimaru	12ji-kara-hajimaru	12ji-kara-hajimaru	訓読み/当て字 or sandhi		数字の読みがtoken分割と不一致(sandhi等)→要確認
19XXカゲキ派	seikimatsu-kagekiha	seikimatsu-kagekiha	seikimatsu-kagekiha	latin-mixed		latin混じり(別処理)
3年目のキス	3nenme-no-kisu	3nenme-no-kisu	3nenme-no-kisu	訓読み/当て字 or sandhi		数字の読みがtoken分割と不一致(sandhi等)→要確認
戦国BASARA4	sengoku-basara-fo	sengoku-basara-fo	sengoku-basara-fo	latin-mixed		latin混じり(別処理)
戦国BASARA4 梵天丸編	sengoku-basara-fo	sengoku-basara-fo	sengoku-basara-fo	latin-mixed		latin混じり(別処理)
涙100万粒の泣けちゃう恋	namida-hyakuman-tsubu-no-nakechau-koi	namida-hyakuman-tsubu-no-nakechau-koi	namida-100-man-tsubu-no-nakechau-koi	音読み→数字(先頭分割)	CHANGED	
5番目のめるへん	5banme-no-meruhen	5banme-no-meruhen	5banme-no-meruhen	訓読み/当て字 or sandhi		数字の読みがtoken分割と不一致(sandhi等)→要確認
くしゃみ3回	kushami-3kai	kushami-3kai	kushami-3kai	訓読み/当て字 or sandhi		数字の読みがtoken分割と不一致(sandhi等)→要確認
もっともっともっと感動したい!100p	motto-motto-motto-kandoshitai-100p	motto-motto-motto-kandoshitai-100p	motto-motto-motto-kandoshitai-100p	latin-mixed		latin混じり(別処理)
40代女性マンガ家が訪問介護ヘルパーになったら	yonjudai-josei-mangaka-ga-homon-kaigo-herupaa-ni-nattara	yonjudai-josei-mangaka-ga-homon-kaigo-herupaa-ni-nattara	40-dai-josei-mangaka-ga-homon-kaigo-herupaa-ni-nattara	音読み→数字(先頭分割)	CHANGED	
70's愛ライフ	sebunteiizu-ai-raifu	sebunteiizu-ai-raifu	sebunteiizu-ai-raifu	latin-mixed		latin混じり(別処理)
月下の一群part2	gekka-no-ichigun	gekka-no-ichigun	gekka-no-ichigun	latin-mixed		latin混じり(別処理)
12月、彼女は思う	12gatsu-kanojo-wa-omo	12gatsu-kanojo-wa-omo	12gatsu-kanojo-wa-omo	訓読み/当て字 or sandhi		数字の読みがtoken分割と不一致(sandhi等)→要確認
ぐるぐる迷路23	guruguru-meiro-23	guruguru-meiro-23	guruguru-meiro-23	訓読み/当て字 or sandhi		数字の読みがtoken分割と不一致(sandhi等)→要確認
ポケットモンスター4コママンガ劇場	pokettomonsutaa-yonkoma-manga-gekijo	pokettomonsutaa-yonkoma-manga-gekijo	pokettomonsutaa-4-koma-manga-gekijo	音読み→数字(先頭分割)	CHANGED	
18禁別冊ストラーダもぐもぐBL	juhachikin-bessatsu-sutoraada-mogumogu-biieru	juhachikin-bessatsu-sutoraada-mogumogu-biieru	juhachikin-bessatsu-sutoraada-mogumogu-biieru	latin-mixed		latin混じり(別処理)
120%くつラヂヲ	hyakunijuppaasento-kutsu-rajiwo	hyakunijuppaasento-kutsu-rajiwo	120-paasento-kutsu-rajiwo	音読み→数字(先頭分割)	CHANGED	
1986年の夏物語	senkyuhyakuhachijurokunen-no-natsu-monogatari	senkyuhyakuhachijurokunen-no-natsu-monogatari	1986-nen-no-natsu-monogatari	音読み→数字(先頭分割)	CHANGED	
18 エイティーン	18-eiteiin	18-eiteiin	18-18	英語読み付随→数字	CHANGED	
カウントダウン7 days	kauntodaun-7-days	kauntodaun-7-days	kauntodaun-7-days	latin-mixed		latin混じり(別処理)
14歳	foteiin	foteiin	foteiin	no-segment		分かち書き無=token置換不可
100億の男	hyakuoku-no-otoko	hyakuoku-no-otoko	100-oku-no-otoko	音読み→数字(先頭分割)	CHANGED	
5年目の結婚記念日	5nenme-no-kekkon-kinenbi	5nenme-no-kekkon-kinenbi	5nenme-no-kekkon-kinenbi	訓読み/当て字 or sandhi		数字の読みがtoken分割と不一致(sandhi等)→要確認
festa! 七瀬葵20周年アニバーサリーコレクション	fesuta-nanase-aoi-nijisshunen-anibaasarii-korekushon	fesuta-nanase-aoi-nijisshunen-anibaasarii-korekushon	fesuta-nanase-aoi-nijisshunen-anibaasarii-korekushon	latin-mixed		latin混じり(別処理)
1/Nのゆらぎ	enubun-no-ichi-no-yuragi	enubun-no-ichi-no-yuragi	enubun-no-ichi-no-yuragi	latin-mixed		latin混じり(別処理)
P.M.5のパステル	piiemu-go-no-pasuteru	piiemu-go-no-pasuteru	piiemu-go-no-pasuteru	latin-mixed		latin混じり(別処理)
創立100年ギンザ小学校	soritsu-hyakunen-ginza-shogakko	soritsu-hyakunen-ginza-shogakko	soritsu-100-nen-ginza-shogakko	音読み→数字(先頭分割)	CHANGED	
ちぇんじ123	chenji-hifumi	chenji-hifumi	chenji-hifumi	訓読み/当て字 or sandhi		数字の読みがtoken分割と不一致(sandhi等)→要確認
あぁん・クレムリン　IQ200のソープ・ストーリー	aan-kuremurin	aan-kuremurin	aan-kuremurin	latin-mixed		latin混じり(別処理)
バーテンダー6stp	baatendaa-shikkusu-suteppu	baatendaa-shikkusu-suteppu	baatendaa-shikkusu-suteppu	latin-mixed		latin混じり(別処理)
1993年の日本幸福な結婚?	senkyuhyaku-kujusannen-no-nihon-kofukuna-kekkon	senkyuhyaku-kujusannen-no-nihon-kofukuna-kekkon	senkyuhyaku-kujusannen-no-nihon-kofukuna-kekkon	訓読み/当て字 or sandhi		数字の読みがtoken分割と不一致(sandhi等)→要確認
親の介護、10年め日記。	oya-no-kaigo-junenme-nikki	oya-no-kaigo-junenme-nikki	oya-no-kaigo-10-nenme-nikki	音読み→数字(先頭分割)	CHANGED	
希林館通り2	kirinkan-dori-2	kirinkan-dori-2	kirinkan-dori-2	訓読み/当て字 or sandhi		数字の読みがtoken分割と不一致(sandhi等)→要確認
28歳、初体験。	28sai-hatsutaiken	28sai-hatsutaiken	28sai-hatsutaiken	訓読み/当て字 or sandhi		数字の読みがtoken分割と不一致(sandhi等)→要確認
蟲姫2 蛭子	mushihime-tsu-ebisu	mushihime-tsu-ebisu	mushihime-2-ebisu	英語読み付随→数字	CHANGED	
17歳、キスとジレンマ	junanasai-kisu-to-jirenma	junanasai-kisu-to-jirenma	17-sai-kisu-to-jirenma	音読み→数字(先頭分割)	CHANGED	
57人の遺産相続人	gojunananin-no-i-san-sozokunin	gojunananin-no-i-san-sozokunin	57-nin-no-isan-sozokunin	音読み→数字(先頭分割)	CHANGED	
琵琶湖要塞1997	biwako-yosai-senkyuhyaku-kujushichi	biwako-yosai-senkyuhyaku-kujushichi	biwako-yosai-1997	音読み→数字	CHANGED	
15歳、プロ彼女	jugosai-purokanojo	jugosai-purokanojo	15-sai-purokanojo	音読み→数字(先頭分割)	CHANGED	
人は見た目が100パーセント	hito-wa-mitame-ga-hyakupaasento	hito-wa-mitame-ga-hyakupaasento	hito-wa-mitame-ga-100-paasento	音読み→数字(先頭分割)	CHANGED	
大原さんちの2才児をあまくみてました	ohara-sanchi-no-2saiji-wo-amaku-mitemashita	ohara-sanchi-no-2saiji-wo-amaku-mitemashita	ohara-sanchi-no-2saiji-wo-amaku-mitemashita	訓読み/当て字 or sandhi		数字の読みがtoken分割と不一致(sandhi等)→要確認
1Kアパートの王子様	1k-apaato-no-oji-sama	1k-apaato-no-oji-sama	1k-apaato-no-oji-sama	latin-mixed		latin混じり(別処理)
素人のウチが10日間で漫画原稿を完成させる話	shiroto-no-uchi-ga-10nichikan-de-manga-genko-o-kanseisaseru-hanashi	shiroto-no-uchi-ga-10nichikan-de-manga-genko-o-kanseisaseru-hanashi	shiroto-no-uchi-ga-10nichikan-de-manga-genko-o-kanseisaseru-hanashi	訓読み/当て字 or sandhi		数字の読みがtoken分割と不一致(sandhi等)→要確認
ギャラクシーエンジェル2	gyarakushii-enjieru-2	gyarakushii-enjieru-2	gyarakushii-enjieru-2	訓読み/当て字 or sandhi		数字の読みがtoken分割と不一致(sandhi等)→要確認
ギャラクシーエンジェル2nd	gyarakushii-enjieru-2nd	gyarakushii-enjieru-2nd	gyarakushii-enjieru-2nd	latin-mixed		latin混じり(別処理)
ギャラクシーエンジェル3rd	gyarakushii-enjieru-3rd	gyarakushii-enjieru-3rd	gyarakushii-enjieru-3rd	latin-mixed		latin混じり(別処理)
大橋裕之の1P	ohashi-hiroyuki-no-wanpii	ohashi-hiroyuki-no-wanpii	ohashi-hiroyuki-no-wanpii	latin-mixed		latin混じり(別処理)
2番目のお願いは?	nibanme-no-onegai-ha	nibanme-no-onegai-ha	2-banme-no-onegai-ha	音読み→数字(先頭分割)	CHANGED	
4丁目の植物誌	yonchome-no-shokubutsushi	yonchome-no-shokubutsushi	4-chome-no-shokubutsushi	音読み→数字(先頭分割)	CHANGED	
機動戦士ガンダムF91エターナルウインド	kido-senshi-gandamu-efukyujuichi-etaanaru-uindo	kido-senshi-gandamu-efukyujuichi-etaanaru-uindo	kido-senshi-gandamu-efukyujuichi-etaanaru-uindo	latin-mixed		latin混じり(別処理)
龍虎の拳2	ryuko-no-ken-2	ryuko-no-ken-2	ryuko-no-ken-2	訓読み/当て字 or sandhi		数字の読みがtoken分割と不一致(sandhi等)→要確認
5時から始まるヒミツの時間。	5ji-kara-hajimaru-himitsu-no-jikan	5ji-kara-hajimaru-himitsu-no-jikan	5ji-kara-hajimaru-himitsu-no-jikan	訓読み/当て字 or sandhi		数字の読みがtoken分割と不一致(sandhi等)→要確認
21世紀マンガ大賞セレクション	21seiki-manga-taisho-serekushon	21seiki-manga-taisho-serekushon	21seiki-manga-taisho-serekushon	訓読み/当て字 or sandhi		数字の読みがtoken分割と不一致(sandhi等)→要確認
100万の命の上に俺は立っている	hyakuman-no-inochi-no-ue-ni-ore-wa-tatte-iru	hyakuman-no-inochi-no-ue-ni-ore-wa-tatte-iru	100-man-no-inochi-no-ue-ni-ore-wa-tatte-iru	音読み→数字(先頭分割)	CHANGED	
トリニティセブン 7人の魔書使い	torinitei-sebun-shichinin-no-masho-tsukai	torinitei-sebun-shichinin-no-masho-tsukai	torinitei-7-shichinin-no-masho-tsukai	英語読み付随→数字	CHANGED	
トリニティセブン 7人の魔書使い コミックアンソロジー	torinitei-sebun-shichinin-no-mashotsukai-komikku-ansorojii	torinitei-sebun-shichinin-no-mashotsukai-komikku-ansorojii	torinitei-7-shichinin-no-mashotsukai-komikku-ansorojii	英語読み付随→数字	CHANGED	
100のしっぽ物語	hyaku-no-shippo-monogatari	hyaku-no-shippo-monogatari	100-no-shippo-monogatari	音読み→数字	CHANGED	
アキラno. 2	akira-nanbaa-tsu	akira-nanbaa-tsu	akira-nanbaa-tsu	latin-mixed		latin混じり(別処理)
アキラNo.2	akira-nanbaa-2	akira-nanbaa-2	akira-nanbaa-2	latin-mixed		latin混じり(別処理)
ドロねこ9	doroneko-nain	doroneko-nain	doroneko-9	英語読み付随→数字	CHANGED	
パチスロ115番街	pachisuro-hyakujugobangai	pachisuro-hyakujugobangai	pachisuro-115-bangai	音読み→数字(先頭分割)	CHANGED	
アップセット15	appu-setto-fifuteiin	appu-setto-fifuteiin	appu-setto-15	英語読み付随→数字	CHANGED	
ぴーひょろ一家20XX	piihyoro-ikka-nisen-ekkusuekkusu	piihyoro-ikka-nisen-ekkusuekkusu	piihyoro-ikka-nisen-ekkusuekkusu	latin-mixed		latin混じり(別処理)
3人とひとり	3nin-to-hitori	3nin-to-hitori	3nin-to-hitori	訓読み/当て字 or sandhi		数字の読みがtoken分割と不一致(sandhi等)→要確認
ギャグ1ダース	gyagu-ichidaasu	gyagu-ichidaasu	gyagu-1-daasu	音読み→数字(先頭分割)	CHANGED	
うみねこのなく頃にepisode 4	umineko-no-naku-koro-ni-episode-4	umineko-no-naku-koro-ni-episode-4	umineko-no-naku-koro-ni-episode-4	latin-mixed		latin混じり(別処理)
22/7+α	nanabunnonijuni-purasu-arufa	nanabunnonijuni-purasu-arufa	7-bunnonijuni-purasu-arufa	音読み→数字(先頭分割) ; 訓読み/当て字 or sandhi	CHANGED	数字の読みがtoken分割と不一致(sandhi等)→要確認
AKB49 恋愛禁止条例	eekeebii-yonjukyu-renai-kinshi-jorei	eekeebii-yonjukyu-renai-kinshi-jorei	eekeebii-yonjukyu-renai-kinshi-jorei	latin-mixed		latin混じり(別処理)
1/2000秒ドリーミング	nisenbun-no-ichibyo-doriimingu	nisenbun-no-ichibyo-doriimingu	2000-bun-no-1-byo-doriimingu	音読み→数字(先頭分割)	CHANGED	
1/2ウエディング	nibunnoichi-uedingu	nibunnoichi-uedingu	2-bunnoichi-uedingu	音読み→数字(先頭分割) ; 訓読み/当て字 or sandhi	CHANGED	数字の読みがtoken分割と不一致(sandhi等)→要確認
1/2エンゲージ	nibunnoichi-engeeji	nibunnoichi-engeeji	2-bunnoichi-engeeji	音読み→数字(先頭分割) ; 訓読み/当て字 or sandhi	CHANGED	数字の読みがtoken分割と不一致(sandhi等)→要確認
1/2セレモニー	nibunnoichi-seremonii	nibunnoichi-seremonii	2-bunnoichi-seremonii	音読み→数字(先頭分割) ; 訓読み/当て字 or sandhi	CHANGED	数字の読みがtoken分割と不一致(sandhi等)→要確認
1/2ハネムーン	nibunnoichi-hanemun	nibunnoichi-hanemun	2-bunnoichi-hanemun	音読み→数字(先頭分割) ; 訓読み/当て字 or sandhi	CHANGED	数字の読みがtoken分割と不一致(sandhi等)→要確認
いたずらな24時	itazurana-24ji	itazurana-24ji	itazurana-24ji	訓読み/当て字 or sandhi		数字の読みがtoken分割と不一致(sandhi等)→要確認
プリンセスVer.1	purinsesu-ver-1	purinsesu-ver-1	purinsesu-ver-1	latin-mixed		latin混じり(別処理)
1千万の恋人	1senman-no-koibito	1senman-no-koibito	1senman-no-koibito	訓読み/当て字 or sandhi		数字の読みがtoken分割と不一致(sandhi等)→要確認
デザートセレクション 10分でモテ子になる6つの方法	dezaato-serekushon-juppun-de-moteko-ni-naru-muttsu-no-hoho	dezaato-serekushon-juppun-de-moteko-ni-naru-muttsu-no-hoho	dezaato-serekushon-10-pun-de-moteko-ni-naru-muttsu-no-hoho	音読み→数字(先頭分割) ; 訓読み/当て字 or sandhi	CHANGED	数字の読みがtoken分割と不一致(sandhi等)→要確認
思いっきりキレイになる7つの方法	omoikkiri-kirei-ni-naru-7tsu-no-hoho	omoikkiri-kirei-ni-naru-7tsu-no-hoho	omoikkiri-kirei-ni-naru-7tsu-no-hoho	訓読み/当て字 or sandhi		数字の読みがtoken分割と不一致(sandhi等)→要確認
1Kアパートの恋	1k-apaato-no-koi	1k-apaato-no-koi	1k-apaato-no-koi	latin-mixed		latin混じり(別処理)
キスまでの13センチ	kisu-made-no-ju-san-senchi	kisu-made-no-ju-san-senchi	kisu-made-no-13-senchi	音読み→数字	CHANGED	
わりとよくある男子校的恋愛事情2	warito-yokuaru-danshiko-teki-renai-jijo-tsu	warito-yokuaru-danshiko-teki-renai-jijo-tsu	warito-yokuaru-danshiko-teki-renai-jijo-2	英語読み付随→数字	CHANGED	
（16）バージンロード	shikkusuteiin-baajin-rodo	shikkusuteiin-baajin-rodo	16-baajin-rodo	英語読み付随→数字	CHANGED	
（18）バージンロード	18-baajin-rodo	18-baajin-rodo	18-baajin-rodo	訓読み/当て字 or sandhi		数字の読みがtoken分割と不一致(sandhi等)→要確認
コマンダー0	komandaa-zero	komandaa-zero	komandaa-0	音読み→数字	CHANGED	
スポーツマン金太郎 第1章	supotsuman-kintaro-daiissho	supotsuman-kintaro-daiissho	supotsuman-kintaro-daiissho	訓読み/当て字 or sandhi		数字の読みがtoken分割と不一致(sandhi等)→要確認
スポーツマン金太郎 第2章	supotsuman-kintaro-dainisho	supotsuman-kintaro-dainisho	supotsuman-kintaro-dainisho	訓読み/当て字 or sandhi		数字の読みがtoken分割と不一致(sandhi等)→要確認
背番号0	sebango-0	sebango-0	sebango-0	訓読み/当て字 or sandhi		数字の読みがtoken分割と不一致(sandhi等)→要確認
背番号0 学年誌版	sebango0gakunenshiban	sebango0gakunenshiban	sebango0gakunenshiban	no-segment		分かち書き無=token置換不可
背番号0 野球少年版	sebango-zero-yakyu-shonenban	sebango-zero-yakyu-shonenban	sebango-0-yakyu-shonenban	音読み→数字	CHANGED	
背番号0 野球少年版 後編	zebangozeroyakyushonenban	zebangozeroyakyushonenban	zebangozeroyakyushonenban	no-segment		分かち書き無=token置換不可
背番号0 野球少年版 前編	sebango-zero-yakyu-shonenban-zenpen	sebango-zero-yakyu-shonenban-zenpen	sebango-0-yakyu-shonenban-zenpen	音読み→数字	CHANGED	
背番号0物語	se-bango-zero-monogatari	se-bango-zero-monogatari	se-bango-0-monogatari	音読み→数字	CHANGED	
1/250秒の恋人	nihyakugojubunnoichi-byo-no-koibito	nihyakugojubunnoichi-byo-no-koibito	250-bunnoichi-byo-no-koibito	音読み→数字(先頭分割) ; 訓読み/当て字 or sandhi	CHANGED	数字の読みがtoken分割と不一致(sandhi等)→要確認
3色♪シグナル	sanshoku-shigunaru	sanshoku-shigunaru	3-shoku-shigunaru	音読み→数字(先頭分割)	CHANGED	
となりの801ちゃん	tonari-no-801-chan	tonari-no-801-chan	tonari-no-801chan	訓読み/当て字 or sandhi	CHANGED	数字の読みがtoken分割と不一致(sandhi等)→要確認
よりぬきとなりの801ちゃん	yorinuki-tonari-no-801-chan	yorinuki-tonari-no-801-chan	yorinuki-tonari-no-801chan	訓読み/当て字 or sandhi	CHANGED	数字の読みがtoken分割と不一致(sandhi等)→要確認
極道も泣いた!8匹のハチ公物語	gokudo-mo-naita-happiki-no-hachiko-monogatari	gokudo-mo-naita-happiki-no-hachiko-monogatari	gokudo-mo-naita-8-piki-no-hachiko-monogatari	音読み→数字(先頭分割)	CHANGED	
悪1013	akuto-ichimi	akuto-ichimi	akuto-ichimi	訓読み/当て字 or sandhi		数字の読みがtoken分割と不一致(sandhi等)→要確認
01	zerowan	zerowan	zerowan	no-segment		分かち書き無=token置換不可
2人のCEOとハイヒール	2ri-no-ceo-to-haihiiru	2ri-no-ceo-to-haihiiru	2ri-no-ceo-to-haihiiru	latin-mixed		latin混じり(別処理)
チャンネル・0	channeru-rabu	channeru-rabu	channeru-rabu	訓読み/当て字 or sandhi		数字の読みがtoken分割と不一致(sandhi等)→要確認
ギルティ2	girutei-tsu	girutei-tsu	girutei-2	英語読み付随→数字	CHANGED	
ギルティ3	girutei-surii	girutei-surii	girutei-3	英語読み付随→数字	CHANGED	
私、29歳お一人様。	watakushi-29sai-ohitori-sama	watakushi-29sai-ohitori-sama	watakushi-29sai-ohitorisama	訓読み/当て字 or sandhi	CHANGED	数字の読みがtoken分割と不一致(sandhi等)→要確認
ストリートファイターZERO2 4コマギャグバトル	sutoriito-faitaa-zero-tsu-yonkoma-gyagu-batoru	sutoriito-faitaa-zero-tsu-yonkoma-gyagu-batoru	sutoriito-faitaa-zero-tsu-yonkoma-gyagu-batoru	latin-mixed		latin混じり(別処理)
2人目、どうする?	futarime-dosuru	futarime-dosuru	futarime-dosuru	訓読み/当て字 or sandhi		数字の読みがtoken分割と不一致(sandhi等)→要確認
ボーダー66	bodaa-shikkusuteishikkusu	bodaa-shikkusuteishikkusu	bodaa-66	英語読み付随→数字	CHANGED	
女子刑務所に2度入りました	joshi-keimusho-ni-nido-hairimashita	joshi-keimusho-ni-nido-hairimashita	joshi-keimusho-2-nido-hairimashita	音読み→数字	CHANGED	
コミコミ5万でどれだけ海外旅行を楽しめるのか!?	komikomi-goman-de-doredake-kaigai-ryoko-o-tanoshimeru-noka	komikomi-goman-de-doredake-kaigai-ryoko-o-tanoshimeru-noka	komikomi-5-man-de-doredake-kaigai-ryoko-o-tanoshimeru-noka	音読み→数字(先頭分割)	CHANGED	
東京23区女ひとり風呂	tokyo-nijusanku-onna-hitoriburo	tokyo-nijusanku-onna-hitoriburo	tokyo-23-ku-onna-hitoriburo	音読み→数字(先頭分割)	CHANGED	
最高の結婚500	saiko-no-kekkon-gohyaku	saiko-no-kekkon-gohyaku	saiko-no-kekkon-500	音読み→数字	CHANGED	
0マン	zeroman	zeroman	zeroman	no-segment		分かち書き無=token置換不可
サブマリン707	sabumarin-nanamarunana	sabumarin-nanamarunana	sabumarin-nanamarunana	訓読み/当て字 or sandhi		数字の読みがtoken分割と不一致(sandhi等)→要確認
サブマリン707F	sabumarin-nanamarunana-fuyujon	sabumarin-nanamarunana-fuyujon	sabumarin-nanamarunana-fuyujon	latin-mixed		latin混じり(別処理)
サブマリン707レジェンドBOX	sabumarin-nanamarunana-rejiendo-bokkusu	sabumarin-nanamarunana-rejiendo-bokkusu	sabumarin-nanamarunana-rejiendo-bokkusu	latin-mixed		latin混じり(別処理)
青の6号	ao-no-rokugo	ao-no-rokugo	ao-no-6-go	音読み→数字(先頭分割)	CHANGED	
かろりのつやごとSeason2	karori-no-tsuyagoto-shiizun-tsu	karori-no-tsuyagoto-shiizun-tsu	karori-no-tsuyagoto-shiizun-tsu	latin-mixed		latin混じり(別処理)
モレンジャー5	morenjaa-faibu	morenjaa-faibu	morenjaa-5	英語読み付随→数字	CHANGED	
妄想トラッカー8823	moso-torakkaa-8823	moso-torakkaa-8823	moso-torakkaa-8823	訓読み/当て字 or sandhi		数字の読みがtoken分割と不一致(sandhi等)→要確認
〔○被〕警察24時+	hi-keisatsu-nijuyoji-purasu	hi-keisatsu-nijuyoji-purasu	hi-keisatsu-nijuyoji-purasu	訓読み/当て字 or sandhi		数字の読みがtoken分割と不一致(sandhi等)→要確認
3番目の彼氏	3banme-no-kareshi	3banme-no-kareshi	3banme-no-kareshi	訓読み/当て字 or sandhi		数字の読みがtoken分割と不一致(sandhi等)→要確認
777	surii-sebun	surii-sebun	surii-sebun	訓読み/当て字 or sandhi		数字の読みがtoken分割と不一致(sandhi等)→要確認
キスまで徒歩2秒	kisu-made-toho-nibyo	kisu-made-toho-nibyo	kisu-made-toho-2-byo	音読み→数字(先頭分割)	CHANGED	
10歳かあさん	jissai-kaa-san	jissai-kaa-san	10-sai-kaasan	音読み→数字(先頭分割)	CHANGED	
365・super color	sanbyaku-rokujugo-supaa-karaa	sanbyaku-rokujugo-supaa-karaa	sanbyaku-rokujugo-supaa-karaa	latin-mixed		latin混じり(別処理)
365・super color+plus	sanbyaku-rokujugo-supaa-karaa-purasu	sanbyaku-rokujugo-supaa-karaa-purasu	sanbyaku-rokujugo-supaa-karaa-purasu	latin-mixed		latin混じり(別処理)
ウルトラマン80宇宙大戦争	urutoraman-80-uchu-daisenso	urutoraman-80-uchu-daisenso	urutoraman-80-uchu-daisenso	訓読み/当て字 or sandhi		数字の読みがtoken分割と不一致(sandhi等)→要確認
新・第3次世界大戦	shin-dai-sanji-sekai-taisen	shin-dai-sanji-sekai-taisen	shin-dai-3-ji-sekai-taisen	音読み→数字(先頭分割)	CHANGED	
罪×10	juzai	juzai	juzai	no-segment		分かち書き無=token置換不可
365歩のマーチ	sanbyaku-rokujugoho-no-maachi	sanbyaku-rokujugoho-no-maachi	sanbyaku-rokujugoho-no-maachi	訓読み/当て字 or sandhi		数字の読みがtoken分割と不一致(sandhi等)→要確認
オーバーレブ!90's	obaa-rebu-nainteiizu	obaa-rebu-nainteiizu	obaa-rebu-nainteiizu	latin-mixed		latin混じり(別処理)
バーキッツヴィル7	baakittsuviru-7	baakittsuviru-7	baakittsuviru-7	訓読み/当て字 or sandhi		数字の読みがtoken分割と不一致(sandhi等)→要確認
ダーリンは55歳	daarin-wa-55sai	daarin-wa-55sai	daarin-wa-55sai	訓読み/当て字 or sandhi		数字の読みがtoken分割と不一致(sandhi等)→要確認
はるか17	haruka-17	haruka-17	haruka-17	訓読み/当て字 or sandhi		数字の読みがtoken分割と不一致(sandhi等)→要確認
8番目の罪	8banme-no-tsumi	8banme-no-tsumi	8banme-no-tsumi	訓読み/当て字 or sandhi		数字の読みがtoken分割と不一致(sandhi等)→要確認
アリスと3人のふたご	arisutosanninnofutago	arisutosanninnofutago	arisutosanninnofutago	no-segment		分かち書き無=token置換不可
午前2時の丘	gozen-niji-no-oka	gozen-niji-no-oka	gozen-2-ji-no-oka	音読み→数字(先頭分割)	CHANGED	
203号室の尽子さん	203goshitsu-no-jinko-san	203goshitsu-no-jinko-san	203goshitsu-no-jinkosan	訓読み/当て字 or sandhi	CHANGED	数字の読みがtoken分割と不一致(sandhi等)→要確認
魔導士LV99は空気が読めない	madoshi-reberu-kyujukyu-wa-kuki-ga-yomenai	madoshi-reberu-kyujukyu-wa-kuki-ga-yomenai	madoshi-reberu-kyujukyu-wa-kuki-ga-yomenai	latin-mixed		latin混じり(別処理)
春美120％	harumi-hyakunijippaasento	harumi-hyakunijippaasento	harumi-120-paasento	音読み→数字(先頭分割)	CHANGED	
アフター0	afutaa-zero	afutaa-zero	afutaa-0	音読み→数字	CHANGED	
アフター0 Neo	afutaa-0-neo	afutaa-0-neo	afutaa-0-neo	latin-mixed		latin混じり(別処理)
岡崎二郎SF短編集ビフォー60	okazaki-jiro-esuefu-tanpenshu-bifo-shikkusuteii	okazaki-jiro-esuefu-tanpenshu-bifo-shikkusuteii	okazaki-jiro-esuefu-tanpenshu-bifo-shikkusuteii	latin-mixed		latin混じり(別処理)
こいつら100%伝説	koitsura-hyakupaasento-densetsu	koitsura-hyakupaasento-densetsu	koitsura-100-paasento-densetsu	音読み→数字(先頭分割)	CHANGED	
OZ2の魔法使い	ozuozu-no-mahotsukai	ozuozu-no-mahotsukai	ozuozu-no-mahotsukai	latin-mixed		latin混じり(別処理)
丹波哲郎の大霊界2	tanba-tetsuro-no-daireikai-tsu	tanba-tetsuro-no-daireikai-tsu	tanba-tetsuro-no-daireikai-2	英語読み付随→数字	CHANGED	
テンホーの第3の足	tenho-no-dai-san-no-ashi	tenho-no-dai-san-no-ashi	tenho-no-daisan-no-ashi	訓読み/当て字 or sandhi	CHANGED	数字の読みがtoken分割と不一致(sandhi等)→要確認
レベル4	reberu-4	reberu-4	reberu-4	訓読み/当て字 or sandhi		数字の読みがtoken分割と不一致(sandhi等)→要確認
21世紀の流れ星	21seiki-no-nagareboshi	21seiki-no-nagareboshi	21seiki-no-nagareboshi	訓読み/当て字 or sandhi		数字の読みがtoken分割と不一致(sandhi等)→要確認
銀河鉄道999 ANOTHER STORYアルティメットジャーニー	ginga-tetsudo-suriinain-anazaa-sutorii-aruteimetto-jaanii	ginga-tetsudo-suriinain-anazaa-sutorii-aruteimetto-jaanii	ginga-tetsudo-suriinain-anazaa-sutorii-aruteimetto-jaanii	latin-mixed		latin混じり(別処理)
1000日のディアナ	1000nichi-no-diana	1000nichi-no-diana	1000nichi-no-diana	訓読み/当て字 or sandhi		数字の読みがtoken分割と不一致(sandhi等)→要確認
ポケモンルビー・サファイア2コマまんが全集	pokemon-rubii-safaia-2koma-manga-zenshu	pokemon-rubii-safaia-2koma-manga-zenshu	pokemon-rubii-safaia-2koma-manga-zenshu	訓読み/当て字 or sandhi		数字の読みがtoken分割と不一致(sandhi等)→要確認
1と2	ichi-to-ni	ichi-to-ni	1-to-2	音読み→数字	CHANGED	
フロイト1/2	furoito-nibunnoichi	furoito-nibunnoichi	furoito-2-bunnoichi	音読み→数字(先頭分割) ; 訓読み/当て字 or sandhi	CHANGED	数字の読みがtoken分割と不一致(sandhi等)→要確認
アニマル1	animaru-1	animaru-1	animaru-1	訓読み/当て字 or sandhi		数字の読みがtoken分割と不一致(sandhi等)→要確認
猫的生活12か月	nekoteki-seikatsu-junikagetsu	nekoteki-seikatsu-junikagetsu	nekoteki-seikatsu-12-kagetsu	音読み→数字(先頭分割)	CHANGED	
6番目の殺人	6banme-no-satsujin	6banme-no-satsujin	6banme-no-satsujin	訓読み/当て字 or sandhi		数字の読みがtoken分割と不一致(sandhi等)→要確認
S60チルドレン	showa-shikkusutei-chirudoren	showa-shikkusutei-chirudoren	showa-shikkusutei-chirudoren	latin-mixed		latin混じり(別処理)
KING OF PRISM by PrettyRhythm 4コマアンソロジー ゴールデンエイジ編	kingu-obu-purizumu-bai-puritei-rizumu-yonkoma-ansorojii	kingu-obu-purizumu-bai-puritei-rizumu-yonkoma-ansorojii	kingu-obu-purizumu-bai-puritei-rizumu-yonkoma-ansorojii	latin-mixed		latin混じり(別処理)
探偵ヤマトナデシコ[2]	tantei-yamato-nadeshiko-2	tantei-yamato-nadeshiko-2	tantei-yamato-nadeshiko-2	訓読み/当て字 or sandhi		数字の読みがtoken分割と不一致(sandhi等)→要確認
5年ひばり組傑作選	gonen-hibarigumi-kessakusen	gonen-hibarigumi-kessakusen	5-nen-hibarigumi-kessakusen	音読み→数字(先頭分割)	CHANGED	
ミキストリ2	mikisutori-2	mikisutori-2	mikisutori-2	訓読み/当て字 or sandhi		数字の読みがtoken分割と不一致(sandhi等)→要確認
2人暮らし	futari-gurashi	futari-gurashi	futari-gurashi	訓読み/当て字 or sandhi		数字の読みがtoken分割と不一致(sandhi等)→要確認
欲望のままに生きるのをやめたら、2ケ月で12kgやせてました	yokubo-no-mama-ni-ikiru-no-yametara-nikagetsu-de-junikiroguramu-yasetemashita	yokubo-no-mama-ni-ikiru-no-yametara-nikagetsu-de-junikiroguramu-yasetemashita	yokubo-no-mama-ni-ikiru-no-yametara-nikagetsu-de-junikiroguramu-yasetemashita	latin-mixed		latin混じり(別処理)
25時のバカンス	25ji-no-bakansu	25ji-no-bakansu	25ji-no-bakansu	訓読み/当て字 or sandhi		数字の読みがtoken分割と不一致(sandhi等)→要確認
5月の不思議	5gatsu-no-fushigi	5gatsu-no-fushigi	5gatsu-no-fushigi	訓読み/当て字 or sandhi		数字の読みがtoken分割と不一致(sandhi等)→要確認
がんばれゴエモン3	ganbare-goemon-surii	ganbare-goemon-surii	ganbare-goemon-3	英語読み付随→数字	CHANGED	
特命リサーチ200X	tokumei-risaachi-200x	tokumei-risaachi-200x	tokumei-risaachi-200x	latin-mixed		latin混じり(別処理)
東京直下型地震M8	tokyo-chokkagata-jishin-m8	tokyo-chokkagata-jishin-m8	tokyo-chokkagata-jishin-m8	latin-mixed		latin混じり(別処理)
W1ララバイ	daburu-wan-rarabai	daburu-wan-rarabai	daburu-wan-rarabai	latin-mixed		latin混じり(別処理)
甘い生活2nd season	amai-seikatsu-2nd-season	amai-seikatsu-2nd-season	amai-seikatsu-2nd-season	latin-mixed		latin混じり(別処理)
「スキ!」まで0秒	suki-made-zerobyo	suki-made-zerobyo	suki-made-0-byo	音読み→数字(先頭分割)	CHANGED	
「スキ!」まで0秒おかわりっ	suki-made-zerobyo-okawaritsu	suki-made-zerobyo-okawaritsu	suki-made-0-byo-okawaritsu	音読み→数字(先頭分割)	CHANGED	
16歳、はつ恋	jurokusai-hatsukoi	jurokusai-hatsukoi	16-sai-hatsukoi	音読み→数字(先頭分割)	CHANGED	
21時の女	21ji-no-onna	21ji-no-onna	21ji-no-onna	訓読み/当て字 or sandhi		数字の読みがtoken分割と不一致(sandhi等)→要確認
ラブ2ポーション	rabu-2-poshon	rabu-2-poshon	rabu-2-poshon	訓読み/当て字 or sandhi		数字の読みがtoken分割と不一致(sandhi等)→要確認
3本つっこみ道場	sanbon-tsukkomi-dojo	sanbon-tsukkomi-dojo	3-bon-tsukkomi-dojo	音読み→数字(先頭分割)	CHANGED	
Splatoonイカすキッズ4コマフェス	supuratoun-ikasu-kizzu-yonkoma-fesu	supuratoun-ikasu-kizzu-yonkoma-fesu	supuratoun-ikasu-kizzu-yonkoma-fesu	latin-mixed		latin混じり(別処理)
まんがで発見!たまごっち爆笑4コマ劇場	manga-de-hakken-tamagotchi-4koma-gekijo	manga-de-hakken-tamagotchi-4koma-gekijo	manga-de-hakken-tamagotchi-4koma-gekijo	訓読み/当て字 or sandhi		数字の読みがtoken分割と不一致(sandhi等)→要確認
火の鳥2772	hi-no-tori-2772	hi-no-tori-2772	hi-no-tori-2772	訓読み/当て字 or sandhi		数字の読みがtoken分割と不一致(sandhi等)→要確認
13日の御茶漬海苔	ju-san-nichi-no-ochazukenori	ju-san-nichi-no-ochazukenori	13-nichi-no-ochazukenori	音読み→数字	CHANGED	
殺人ダイヤル9999	satsujin-daiyaru-kyukyukyukyukyu	satsujin-daiyaru-kyukyukyukyukyu	satsujin-daiyaru-kyukyukyukyukyu	訓読み/当て字 or sandhi		数字の読みがtoken分割と不一致(sandhi等)→要確認
5つのハジメテ	itsutsu-no-hajimete	itsutsu-no-hajimete	itsutsu-no-hajimete	訓読み/当て字 or sandhi		数字の読みがtoken分割と不一致(sandhi等)→要確認
アリス微熱38℃	arisu-binetsu-38doc	arisu-binetsu-38doc	arisu-binetsu-38doc	訓読み/当て字 or sandhi		数字の読みがtoken分割と不一致(sandhi等)→要確認
オトメ・花嫁・16歳	otome-hanayome-jurokusai	otome-hanayome-jurokusai	otome-hanayome-16-sai	音読み→数字(先頭分割)	CHANGED	
オトメ・花嫁・17歳	otome-hanayome-junanasai	otome-hanayome-junanasai	otome-hanayome-17-sai	音読み→数字(先頭分割)	CHANGED	
ブラッディ・マンディ Season2	buraddeimandishiizuntsu	buraddeimandishiizuntsu	buraddeimandishiizuntsu	latin-mixed		latin混じり(別処理)
花嫁さまは16歳	hanayome-sama-wa-16sai	hanayome-sama-wa-16sai	hanayomesama-wa-16sai	訓読み/当て字 or sandhi	CHANGED	数字の読みがtoken分割と不一致(sandhi等)→要確認
仮面ライダー11戦記	kamen-raidaa-irebun-senki	kamen-raidaa-irebun-senki	kamen-raidaa-11-senki	英語読み付随→数字	CHANGED	
仮面ライダー決死戦7人ライダー	kamen-raidaa-kesshisen-7nin-raidaa	kamen-raidaa-kesshisen-7nin-raidaa	kamen-raidaa-kesshisen-7nin-raidaa	訓読み/当て字 or sandhi		数字の読みがtoken分割と不一致(sandhi等)→要確認
15明刹工業高校ラグビー部	15-meisetsu-kogyo-koko-ragubiibu	15-meisetsu-kogyo-koko-ragubiibu	15-meisetsu-kogyo-koko-ragubiibu	訓読み/当て字 or sandhi		数字の読みがtoken分割と不一致(sandhi等)→要確認
9時から5時までの恋人	kuji-kara-goji-made-no-koibito	kuji-kara-goji-made-no-koibito	9-ji-kara-5-ji-made-no-koibito	音読み→数字(先頭分割)	CHANGED	
100億の星の中でも	hyakuoku-no-hoshi-no-naka-demo	hyakuoku-no-hoshi-no-naka-demo	100-oku-no-hoshi-no-naka-demo	音読み→数字(先頭分割)	CHANGED	
卒業までの1000日	sotsugyo-madeno-issennichi	sotsugyo-madeno-issennichi	sotsugyo-madeno-issennichi	訓読み/当て字 or sandhi		数字の読みがtoken分割と不一致(sandhi等)→要確認
中3の夏	chu-san-no-natsu	chu-san-no-natsu	chusan-no-natsu	訓読み/当て字 or sandhi	CHANGED	数字の読みがtoken分割と不一致(sandhi等)→要確認
プロ野球剛球エース9番勝負!!	puro-yakyu-gokyu-eesu-kyuban-shobu	puro-yakyu-gokyu-eesu-kyuban-shobu	puro-yakyu-gokyu-eesu-9-ban-shobu	音読み→数字(先頭分割)	CHANGED	
プロ野球日本シリーズ9番勝負!!	puro-yakyu-nihon-shiriizu-kyuban-shobu	puro-yakyu-nihon-shiriizu-kyuban-shobu	puro-yakyu-nihon-shiriizu-9-ban-shobu	音読み→数字(先頭分割)	CHANGED	
ナンバー2物語	nanbaa-2-monogatari	nanbaa-2-monogatari	nanbaa-2-monogatari	訓読み/当て字 or sandhi		数字の読みがtoken分割と不一致(sandhi等)→要確認
2年7組❤女ともだち	ninen-nanakumi-onna-tomodachi	ninen-nanakumi-onna-tomodachi	2-nen-7-kumi-onna-tomodachi	音読み→数字(先頭分割)	CHANGED	
クレドーリア621年	kuredoria-621nen	kuredoria-621nen	kuredoria-621nen	訓読み/当て字 or sandhi		数字の読みがtoken分割と不一致(sandhi等)→要確認
21世紀の君へ	21seiki-no-kimi-e	21seiki-no-kimi-e	21seiki-no-kimi-e	訓読み/当て字 or sandhi		数字の読みがtoken分割と不一致(sandhi等)→要確認
月曜日は2限から	getsuyobi-wa-2gen-kara	getsuyobi-wa-2gen-kara	getsuyobi-wa-2gen-kara	訓読み/当て字 or sandhi		数字の読みがtoken分割と不一致(sandhi等)→要確認
わたしが愛した9つの秘密	watashi-ga-aishita-kokonotsu-no-himitsu	watashi-ga-aishita-kokonotsu-no-himitsu	watashi-ga-aishita-kokonotsu-no-himitsu	訓読み/当て字 or sandhi		数字の読みがtoken分割と不一致(sandhi等)→要確認
30歳で「性別が、ない!」と判明した俺がアラフィフになってわかったこと。	sanjissai-de-seibetsu-ga-nai-to-hanmei-shita-ore-ga-arafifu-ni-natte-wakatta-koto	sanjissai-de-seibetsu-ga-nai-to-hanmei-shita-ore-ga-arafifu-ni-natte-wakatta-koto	30-sai-de-seibetsu-ga-nai-to-hanmei-shita-ore-ga-arafifu-ni-natte-wakatta-koto	音読み→数字(先頭分割)	CHANGED	
31歳地味眼鏡OLさん	sanjuissai-jimi-megane-oeru-san	sanjuissai-jimi-megane-oeru-san	sanjuissai-jimi-megane-oeru-san	latin-mixed		latin混じり(別処理)
山中寮E館215号	yamanaka-ryo-ekan-215go	yamanaka-ryo-ekan-215go	yamanaka-ryo-ekan-215go	latin-mixed		latin混じり(別処理)
12月生まれの少年	12gatsu-umare-no-shonen	12gatsu-umare-no-shonen	12gatsu-umare-no-shonen	訓読み/当て字 or sandhi		数字の読みがtoken分割と不一致(sandhi等)→要確認
ファイアーエムブレム トラキア776	faiaa-emuburemu-torakia-776	faiaa-emuburemu-torakia-776	faiaa-emuburemu-torakia-776	訓読み/当て字 or sandhi		数字の読みがtoken分割と不一致(sandhi等)→要確認
8マンvs(バーサス)サイボーグ009	eitoman-baasasu-saibogu-zerozeronain	eitoman-baasasu-saibogu-zerozeronain	eitoman-baasasu-saibogu-zerozeronain	latin-mixed		latin混じり(別処理)
サイボーグ009太平洋の亡霊	saibogu-zerozeronain-taiheiyo-no-borei	saibogu-zerozeronain-taiheiyo-no-borei	saibogu-zerozeronain-taiheiyo-no-borei	訓読み/当て字 or sandhi		数字の読みがtoken分割と不一致(sandhi等)→要確認
裏アカ男子は抱かれたい攻め様No. 1に××されたい	ura-aka-danshi-wa-dakaretai-seme-sama-nanbaa-wan-ni-saretai	ura-aka-danshi-wa-dakaretai-seme-sama-nanbaa-wan-ni-saretai	ura-aka-danshi-wa-dakaretai-seme-sama-nanbaa-wan-ni-saretai	latin-mixed		latin混じり(別処理)
裏アカ男子は抱かれたい攻め様No.1にXXされたい	ura-aka-danshi-wa-dakaretai-seme-sama-nanbaa-wan-ni-saretai	ura-aka-danshi-wa-dakaretai-seme-sama-nanbaa-wan-ni-saretai	ura-aka-danshi-wa-dakaretai-seme-sama-nanbaa-wan-ni-saretai	latin-mixed		latin混じり(別処理)
1月のプリュヴィオーズ	1gatsu-no-puryuviozu	1gatsu-no-puryuviozu	1gatsu-no-puryuviozu	訓読み/当て字 or sandhi		数字の読みがtoken分割と不一致(sandhi等)→要確認
2×2チャンネル	tsu-bai-tsu-channeru	tsu-bai-tsu-channeru	2-bai-tsu-channeru	英語読み付随→数字	CHANGED	
桜町4丁目ものがたり	sakuracho-yonchome-monogatari	sakuracho-yonchome-monogatari	sakuracho-4-chome-monogatari	音読み→数字(先頭分割)	CHANGED	
新12の結婚物語	shin-12-no-kekkon-monogatari	shin-12-no-kekkon-monogatari	shin-12-no-kekkon-monogatari	訓読み/当て字 or sandhi		数字の読みがtoken分割と不一致(sandhi等)→要確認
1月の輪舞	ichigatsu-no-rondo	ichigatsu-no-rondo	1-gatsu-no-rondo	音読み→数字(先頭分割)	CHANGED	
アニメ95.2	anime-952	anime-952	anime-952	訓読み/当て字 or sandhi		数字の読みがtoken分割と不一致(sandhi等)→要確認
エンゼルゲーム2リバース	enzeru-geemu-tsu-ribaasu	enzeru-geemu-tsu-ribaasu	enzeru-geemu-2-ribaasu	英語読み付随→数字	CHANGED	
高機動幻想ガンパレード・マーチ 4コママンガ劇場	kokido-genso-ganpareedo-maachi-yonkoma-manga-gekijo	kokido-genso-ganpareedo-maachi-yonkoma-manga-gekijo	kokido-genso-ganpareedo-maachi-4-koma-manga-gekijo	音読み→数字(先頭分割)	CHANGED	
キミはそのときケモノになる もっと×2	kimi-wa-sonotoki-kemono-ni-naru-motto-motto	kimi-wa-sonotoki-kemono-ni-naru-motto-motto	kimi-wa-sonotoki-kemono-2-naru-motto-motto	音読み→数字	CHANGED	
キミはそのときケモノになる もっと×3	kimi-wa-sonotoki-kemono-ni-naru-motto-motto-motto	kimi-wa-sonotoki-kemono-ni-naru-motto-motto-motto	kimi-wa-sonotoki-kemono-ni-naru-motto-motto-motto	訓読み/当て字 or sandhi		数字の読みがtoken分割と不一致(sandhi等)→要確認
キミはそのときケモノになる もっと×4	kimi-wa-sonotoki-kemono-ni-naru-motto-motto-motto-motto	kimi-wa-sonotoki-kemono-ni-naru-motto-motto-motto-motto	kimi-wa-sonotoki-kemono-ni-naru-motto-motto-motto-motto	訓読み/当て字 or sandhi		数字の読みがtoken分割と不一致(sandhi等)→要確認
TVアニメ「ペルソナ4ザ・ゴールデン」電撃コミックアンソロジー	terebi-anime-perusona-fo-za-goruden-dengeki-komikku-ansorojii	terebi-anime-perusona-fo-za-goruden-dengeki-komikku-ansorojii	terebi-anime-perusona-fo-za-goruden-dengeki-komikku-ansorojii	latin-mixed		latin混じり(別処理)
ペルソナ3	perusona-surii	perusona-surii	perusona-3	英語読み付随→数字	CHANGED	
ペルソナ3ポータブル電撃コミックアンソロジー	perusona-surii-potaburu-dengeki-komikku-ansorojii	perusona-surii-potaburu-dengeki-komikku-ansorojii	perusona-3-potaburu-dengeki-komikku-ansorojii	英語読み付随→数字	CHANGED	
ペルソナ3電撃コミックアンソロジー	perusona-surii-dengeki-komikku-ansorojii	perusona-surii-dengeki-komikku-ansorojii	perusona-3-dengeki-komikku-ansorojii	英語読み付随→数字	CHANGED	
ペルソナ4	perusona-fo	perusona-fo	perusona-4	英語読み付随→数字	CHANGED	
ペルソナ4ザ・ゴールデン電撃コミックアンソロジー	perusona-fo-za-goruden-dengeki-komikku-ansorojii	perusona-fo-za-goruden-dengeki-komikku-ansorojii	perusona-4-za-goruden-dengeki-komikku-ansorojii	英語読み付随→数字	CHANGED	
ペルソナ4ジ・アルティメットインマヨナカアリーナ電撃コミックアンソロジー	perusona-fo-ji-aruteimetto-in-mayonaka-ariina-dengeki-komikku-ansorojii	perusona-fo-ji-aruteimetto-in-mayonaka-ariina-dengeki-komikku-ansorojii	perusona-4-ji-aruteimetto-in-mayonaka-ariina-dengeki-komikku-ansorojii	英語読み付随→数字	CHANGED	
劇場版「ペルソナ3」電撃コミックアンソロジー	gekijoban-perusona-surii-dengeki-komikku-ansorojii	gekijoban-perusona-surii-dengeki-komikku-ansorojii	gekijoban-perusona-3-dengeki-komikku-ansorojii	英語読み付随→数字	CHANGED	
1/2の悪魔	nibun-no-ichi-no-akuma	nibun-no-ichi-no-akuma	2-bun-no-1-no-akuma	音読み→数字(先頭分割) ; 音読み→数字	CHANGED	
1000分の1	1000bun-no-1	1000bun-no-1	1000bun-no-1	訓読み/当て字 or sandhi		数字の読みがtoken分割と不一致(sandhi等)→要確認
感動ラブストーリー100p長編ベスト5	kando-rabu-sutorii-100peeji-chohen-besuto-5	kando-rabu-sutorii-100peeji-chohen-besuto-5	kando-rabu-sutorii-100peeji-chohen-besuto-5	latin-mixed		latin混じり(別処理)
ロックマン4コマ大行進	rokkuman-yonkoma-daikoshin	rokkuman-yonkoma-daikoshin	rokkuman-4-koma-daikoshin	音読み→数字(先頭分割)	CHANGED	
なんでも解決!?110番	nandemo-kaiketsu-110ban	nandemo-kaiketsu-110ban	nandemo-kaiketsu-110ban	訓読み/当て字 or sandhi		数字の読みがtoken分割と不一致(sandhi等)→要確認
東京発25時04分	tokyohatsu-24ji-05fun	tokyohatsu-24ji-05fun	tokyohatsu-24ji-05fun	訓読み/当て字 or sandhi		数字の読みがtoken分割と不一致(sandhi等)→要確認
6代目日ペンの美子ちゃん	rokudaime-nippen-no-miko-chan	rokudaime-nippen-no-miko-chan	6-daime-nippen-no-mikochan	音読み→数字(先頭分割)	CHANGED	
5時から0時まで	5ji-kara-0ji-made	5ji-kara-0ji-made	5ji-kara-0ji-made	訓読み/当て字 or sandhi		数字の読みがtoken分割と不一致(sandhi等)→要確認
ごくろう3	gokuro-san	gokuro-san	gokuro-san	no-segment		分かち書き無=token置換不可
ワイルド7	wairudo-sebun	wairudo-sebun	wairudo-7	英語読み付随→数字	CHANGED	
ワイルド7 1969	wairudo-sevun-senkyuhyakurokujukyu	wairudo-sevun-senkyuhyakurokujukyu	wairudo-7-1969	英語読み付随→数字 ; 音読み→数字	CHANGED	
ワイルド7 1970-71	wairudo-sevun-senkyuhyakunanaju-nanajuichi	wairudo-sevun-senkyuhyakunanaju-nanajuichi	wairudo-7-1970-71	英語読み付随→数字 ; 音読み→数字	CHANGED	
ワイルド7 1972	wairudo-sevun-senkyuhyakunanajuni	wairudo-sevun-senkyuhyakunanajuni	wairudo-7-1972	英語読み付随→数字 ; 音読み→数字	CHANGED	
ワイルド7 1973-74	wairudo-sevun-senkyuhyakunanaju-san-nanajuyon	wairudo-sevun-senkyuhyakunanaju-san-nanajuyon	wairudo-7-1973-74	英語読み付随→数字 ; 音読み→数字	CHANGED	
ワイルド7 R	wairudo-7-ritaanzu	wairudo-7-ritaanzu	wairudo-7-ritaanzu	latin-mixed		latin混じり(別処理)
ワイルド7イラストレーションズ	wairudo-sevun-irasutoreeshonzu	wairudo-sevun-irasutoreeshonzu	wairudo-7-irasutoreeshonzu	英語読み付随→数字	CHANGED	
死者の4日間	shisha-no-yokkakan	shisha-no-yokkakan	4-sha-no-yokkakan	音読み→数字(先頭分割)	CHANGED	
新ワイルド7	shinwairudo7	shinwairudo7	shinwairudo7	no-segment		分かち書き無=token置換不可
続・新ワイルド7	zoku-shin-wairudo7	zoku-shin-wairudo7	zoku-shin-wairudo7	訓読み/当て字 or sandhi		数字の読みがtoken分割と不一致(sandhi等)→要確認
タケコさんの恋人21	takeko-san-no-koibito-21	takeko-san-no-koibito-21	takekosan-no-koibito-21	訓読み/当て字 or sandhi	CHANGED	数字の読みがtoken分割と不一致(sandhi等)→要確認
〔√3〕	ruto-3	ruto-3	ruto-3	訓読み/当て字 or sandhi		数字の読みがtoken分割と不一致(sandhi等)→要確認
メープルハイツ#201	meepuru-haitsu-nihyakuichi	meepuru-haitsu-nihyakuichi	meepuru-haitsu-201	音読み→数字	CHANGED	
メープルハイツ#202	meepuru-haitsu-nihyakuni	meepuru-haitsu-nihyakuni	meepuru-haitsu-202	音読み→数字	CHANGED	
エメラルドドラゴン4コマギャグBomb!	emerarudo-doragon-yonkoma-gyagu-bon	emerarudo-doragon-yonkoma-gyagu-bon	emerarudo-doragon-yonkoma-gyagu-bon	latin-mixed		latin混じり(別処理)
スーパーマリオ 4コマ大行進	supaa-mario-yonkoma-dai-koshin	supaa-mario-yonkoma-dai-koshin	supaa-mario-4-koma-dai-koshin	音読み→数字(先頭分割)	CHANGED	
スーパーマリオ64	supaa-mario-rokujushi	supaa-mario-rokujushi	supaa-mario-64	音読み→数字	CHANGED	
スーパーマリオランド2 6つの金貨	muttsu-no-kinka	muttsu-no-kinka	muttsu-no-kinka	訓読み/当て字 or sandhi		数字の読みがtoken分割と不一致(sandhi等)→要確認
スーパーマリオランド3 ワリオランド	supaamario-rando-surii	supaamario-rando-surii	supaamario-rando-3	英語読み付随→数字	CHANGED	
生命ー40億年はるかな旅ー	seimei-yonjuokunen-haruka-na-tabi	seimei-yonjuokunen-haruka-na-tabi	seimei-40-okunen-haruka-na-tabi	音読み→数字(先頭分割)	CHANGED	
13月の花束	jusangatsu-no-hanataba	jusangatsu-no-hanataba	13-gatsu-no-hanataba	音読み→数字(先頭分割)	CHANGED	
月の夜星の朝35ans	tsuki-no-yoru-hoshi-no-asa-35ans	tsuki-no-yoru-hoshi-no-asa-35ans	tsuki-no-yoru-hoshi-no-asa-35ans	latin-mixed		latin混じり(別処理)
本秀康の描く4ページ	moto-hideyasu-no-egaku-4peeji	moto-hideyasu-no-egaku-4peeji	moto-hideyasu-no-egaku-4peeji	訓読み/当て字 or sandhi		数字の読みがtoken分割と不一致(sandhi等)→要確認
3つ星ラブデイズ	mitsuboshi-rabu-deizu	mitsuboshi-rabu-deizu	mitsuboshi-rabu-deizu	訓読み/当て字 or sandhi		数字の読みがtoken分割と不一致(sandhi等)→要確認
4月の君、スピカ。	shigatsu-no-kimi-supika	shigatsu-no-kimi-supika	4-gatsu-no-kimi-supika	音読み→数字(先頭分割)	CHANGED	
サユリ1号	sayuri-1go	sayuri-1go	sayuri-1go	訓読み/当て字 or sandhi		数字の読みがtoken分割と不一致(sandhi等)→要確認
1Pコミックドラゴンクエストモンスターズ	1p-komikku-doragon-kuesuto-monsutaazu	1p-komikku-doragon-kuesuto-monsutaazu	1p-komikku-doragon-kuesuto-monsutaazu	latin-mixed		latin混じり(別処理)
トルネコの大冒険2	toruneko-no-daiboken-2	toruneko-no-daiboken-2	toruneko-no-daiboken-2	訓読み/当て字 or sandhi		数字の読みがtoken分割と不一致(sandhi等)→要確認
F1グランプリ天国	efuwan-guranpuri-tengoku	efuwan-guranpuri-tengoku	efuwan-guranpuri-tengoku	latin-mixed		latin混じり(別処理)
F1速報グランプリ天国	efuwan-sokuho-guranpuri-tengoku	efuwan-sokuho-guranpuri-tengoku	efuwan-sokuho-guranpuri-tengoku	latin-mixed		latin混じり(別処理)
新F1グランプリ天国	shin-f1-guranpuri-tengoku	shin-f1-guranpuri-tengoku	shin-f1-guranpuri-tengoku	latin-mixed		latin混じり(別処理)
1000日の瞳	sennichi-no-hitomi	sennichi-no-hitomi	1000-nichi-no-hitomi	音読み→数字(先頭分割)	CHANGED	
1夫5妻	ippu-gosai	ippu-gosai	1-pu-5-sai	音読み→数字(先頭分割)	CHANGED	
1分16秒08	ippun-jurokubyo-zerohachi	ippun-jurokubyo-zerohachi	1-pun-16-byo-zerohachi	音読み→数字(先頭分割) ; 訓読み/当て字 or sandhi	CHANGED	数字の読みがtoken分割と不一致(sandhi等)→要確認
ラブアタック5対1	rabu-atakku-5tai1	rabu-atakku-5tai1	rabu-atakku-5tai1	訓読み/当て字 or sandhi		数字の読みがtoken分割と不一致(sandhi等)→要確認
大家さん10年め。	oya-san-junenme	oya-san-junenme	oyasan-10-nenme	音読み→数字(先頭分割)	CHANGED	
超弩級少女4946	cho-dokyu-shojo-yonkyuyonroku	cho-dokyu-shojo-yonkyuyonroku	cho-dokyu-shojo-yonkyuyonroku	訓読み/当て字 or sandhi		数字の読みがtoken分割と不一致(sandhi等)→要確認
ショージ君の漫画文学全集110選	shoji-kun-no-manga-bungaku-zenshu-110sen	shoji-kun-no-manga-bungaku-zenshu-110sen	shoji-kun-no-manga-bungaku-zenshu-110sen	訓読み/当て字 or sandhi		数字の読みがtoken分割と不一致(sandhi等)→要確認
ショージ君不滅の100名作	shoji-kun-fumetsu-no-100-meisaku	shoji-kun-fumetsu-no-100-meisaku	shojikun-fumetsu-no-100-meisaku	訓読み/当て字 or sandhi	CHANGED	数字の読みがtoken分割と不一致(sandhi等)→要確認
東谷文仁の4コマ裂伝	higashitani-fumihito-no-yonkoma-retsuden	higashitani-fumihito-no-yonkoma-retsuden	higashitani-fumihito-no-4-koma-retsuden	音読み→数字(先頭分割)	CHANGED	
4Pの事情	yonpii-no-jijo	yonpii-no-jijo	yonpii-no-jijo	latin-mixed		latin混じり(別処理)
8月の日記はラズライト	hachigatsu-no-nikki-wa-razuraito	hachigatsu-no-nikki-wa-razuraito	8-gatsu-no-nikki-wa-razuraito	音読み→数字(先頭分割)	CHANGED	
幸福喫茶3丁目	shiawase-kissa-sanchome	shiawase-kissa-sanchome	shiawase-kissa-3-chome	音読み→数字(先頭分割)	CHANGED	
彼岸島 最後の47日間	higanjima-saigo-no-yonjunana-nichikan	higanjima-saigo-no-yonjunana-nichikan	higanjima-saigo-no-47-nichikan	音読み→数字	CHANGED	
彼岸島48日後…	higanjima-yonjuhachinichigo	higanjima-yonjuhachinichigo	higanjima-48-nichigo	音読み→数字(先頭分割)	CHANGED	
怪獣8号	kaiju-hachigo	kaiju-hachigo	kaiju-8-go	音読み→数字(先頭分割)	CHANGED	
怪獣8号RELAX	kaiju-hachigo-rirakkusu	kaiju-hachigo-rirakkusu	kaiju-hachigo-rirakkusu	latin-mixed		latin混じり(別処理)
怪獣8号side B	kaiju-hachigo-saido-bii	kaiju-hachigo-saido-bii	kaiju-hachigo-saido-bii	latin-mixed		latin混じり(別処理)
27歳、ナオの決断	27sai-nao-no-ketsudan	27sai-nao-no-ketsudan	27sai-nao-no-ketsudan	訓読み/当て字 or sandhi		数字の読みがtoken分割と不一致(sandhi等)→要確認
ラヴァーズ 6色の恋人たち	ravaazu-rokushoku-no-koibitotachi	ravaazu-rokushoku-no-koibitotachi	ravaazu-6-shoku-no-koibitotachi	音読み→数字(先頭分割)	CHANGED	
卒業180日前	sotsugyo-180nichimae	sotsugyo-180nichimae	sotsugyo-180nichimae	訓読み/当て字 or sandhi		数字の読みがtoken分割と不一致(sandhi等)→要確認
49歳、秘湯ひとり旅	yonjukyusai-hito-hitoritabi	yonjukyusai-hito-hitoritabi	49-sai-hito-hitoritabi	音読み→数字(先頭分割)	CHANGED	
A君（17）の戦争	a-kun-17-no-senso	a-kun-17-no-senso	a-kun-17-no-senso	latin-mixed		latin混じり(別処理)
漫画松下幸之助5つの原則	manga-matsushita-konosuke-itsutsu-no-gensoku	manga-matsushita-konosuke-itsutsu-no-gensoku	manga-matsushita-konosuke-itsutsu-no-gensoku	訓読み/当て字 or sandhi		数字の読みがtoken分割と不一致(sandhi等)→要確認
みはらし荘の6人の花嫁	miharashiso-no-rokunin-no-hanayome	miharashiso-no-rokunin-no-hanayome	miharashiso-no-6-nin-no-hanayome	音読み→数字(先頭分割)	CHANGED	
200年の夜と孤独	200nen-no-yoru-to-kodoku	200nen-no-yoru-to-kodoku	200nen-no-yoru-to-kodoku	訓読み/当て字 or sandhi		数字の読みがtoken分割と不一致(sandhi等)→要確認
100年たったらみんな死ぬ	100nen-tattara-minna-shinu	100nen-tattara-minna-shinu	100nen-tattara-minna-shinu	訓読み/当て字 or sandhi		数字の読みがtoken分割と不一致(sandhi等)→要確認
東北沢5号	higashi-kitazawa-5-go	higashi-kitazawa-5-go	higashi-kitazawa-5-5-u	音読み→数字(先頭分割)	CHANGED	
野村24時	nomura-24ji	nomura-24ji	nomura-24ji	訓読み/当て字 or sandhi		数字の読みがtoken分割と不一致(sandhi等)→要確認
17歳からやり直すプロポーズ	junanasai-kara-yari-naosu-puropozu	junanasai-kara-yari-naosu-puropozu	17-sai-kara-yari-naosu-puropozu	音読み→数字(先頭分割)	CHANGED	
社畜と少女の1800日	shachiku-to-shojo-no-1800nichi	shachiku-to-shojo-no-1800nichi	shachiku-to-shojo-no-1800nichi	訓読み/当て字 or sandhi		数字の読みがtoken分割と不一致(sandhi等)→要確認
4畳半OLのり子	4johan-ol-noriko	4johan-ol-noriko	4johan-ol-noriko	latin-mixed		latin混じり(別処理)
ダンナは海上保安官転勤ぐらし7年め!	danna-wa-kaijo-hoankan-tenkingurashi-nananenme	danna-wa-kaijo-hoankan-tenkingurashi-nananenme	danna-wa-kaijo-hoankan-tenkingurashi-7-nenme	音読み→数字(先頭分割)	CHANGED	
Ph4.5グッピーは死なない	ph45-guppii-wa-shinanai	ph45-guppii-wa-shinanai	ph45-guppii-wa-shinanai	latin-mixed		latin混じり(別処理)
離婚同居2nd season	rikon-dokyo-2nd-season	rikon-dokyo-2nd-season	rikon-dokyo-2nd-season	latin-mixed		latin混じり(別処理)
魔法少女育成計画F2P	maho-shojo-ikusei-keikaku-efutsupii	maho-shojo-ikusei-keikaku-efutsupii	maho-shojo-ikusei-keikaku-efutsupii	latin-mixed		latin混じり(別処理)
思いっきり100P	omoikkiri-100peeji	omoikkiri-100peeji	omoikkiri-100peeji	latin-mixed		latin混じり(別処理)
200m先の熱	nihyakumeetoru-saki-no-netsu	nihyakumeetoru-saki-no-netsu	nihyakumeetoru-saki-no-netsu	latin-mixed		latin混じり(別処理)
8マン	eitoman	eitoman	eitoman	no-segment		分かち書き無=token置換不可
エスパー3	esupaa3	esupaa3	esupaa3	no-segment		分かち書き無=token置換不可
まぼろし探偵　第1部	maboroshi-tantei-daiichibu	maboroshi-tantei-daiichibu	maboroshi-tantei-daiichibu	訓読み/当て字 or sandhi		数字の読みがtoken分割と不一致(sandhi等)→要確認
まぼろし探偵　第2部	maboroshi-tantei-dainibu	maboroshi-tantei-dainibu	maboroshi-tantei-dainibu	訓読み/当て字 or sandhi		数字の読みがtoken分割と不一致(sandhi等)→要確認
まぼろし探偵　第3部	maboroshi-tantei-dai3bu	maboroshi-tantei-dai3bu	maboroshi-tantei-dai3bu	訓読み/当て字 or sandhi		数字の読みがtoken分割と不一致(sandhi等)→要確認
巨人16号	jaiantsu16go	jaiantsu16go	jaiantsu16go	no-segment		分かち書き無=token置換不可
170cm★オトメチカ	hyakunanajissenchi-otomechika	hyakunanajissenchi-otomechika	hyakunanajissenchi-otomechika	latin-mixed		latin混じり(別処理)
40歳になるのだがこのまま私性活切り売りマンガを描いていていいのか。	yonjussai-ni-naru-nodaga-konomama-shiseikatsu-kiriuri-manga-o-kaite-ite-ii-noka	yonjussai-ni-naru-nodaga-konomama-shiseikatsu-kiriuri-manga-o-kaite-ite-ii-noka	40-sai-ni-naru-nodaga-konomama-shiseikatsu-kiriuri-manga-o-kaite-ite-ii-noka	音読み→数字(先頭分割)	CHANGED	
誓いのキスは、16歳	chikai-no-kisu-wa-jurokusai	chikai-no-kisu-wa-jurokusai	chikai-no-kisu-wa-16-sai	音読み→数字(先頭分割)	CHANGED	
めだかの学校2限目!	medaka-no-gakko-nigenme	medaka-no-gakko-nigenme	medaka-no-gakko-2-genme	音読み→数字(先頭分割)	CHANGED	
23のさかな	niju-san-no-sakana	niju-san-no-sakana	23-no-sakana	音読み→数字	CHANGED	
36寿司	saburoku-zushi	saburoku-zushi	saburoku-zushi	訓読み/当て字 or sandhi		数字の読みがtoken分割と不一致(sandhi等)→要確認
ウチの場合はベストセレクション連載3000回スペシャル	uchi-no-baai-wa-besuto-serekushon-rensai-sanzenkai-supesharu	uchi-no-baai-wa-besuto-serekushon-rensai-sanzenkai-supesharu	uchi-no-baai-wa-besuto-serekushon-rensai-3000-kai-supesharu	音読み→数字(先頭分割)	CHANGED	
小3アシベQQゴマちゃん	sho-san-ashibe-kyukyu-goma-chan	sho-san-ashibe-kyukyu-goma-chan	sho-san-ashibe-kyukyu-goma-chan	latin-mixed		latin混じり(別処理)
1万分の1の奇跡	1manbunno1-no-kiseki	1manbunno1-no-kiseki	1manbunno1-no-kiseki	訓読み/当て字 or sandhi		数字の読みがtoken分割と不一致(sandhi等)→要確認
余命1ヶ月の花嫁	yomei-1kagetsu-no-hanayome	yomei-1kagetsu-no-hanayome	yomei-1kagetsu-no-hanayome	訓読み/当て字 or sandhi		数字の読みがtoken分割と不一致(sandhi等)→要確認
7人目は笑う	shichininme-wa-warau	shichininme-wa-warau	7-ninme-wa-warau	音読み→数字(先頭分割)	CHANGED	
1/2	nibunnoichi	nibunnoichi	nibunnoichi	no-segment		分かち書き無=token置換不可
30才、処女なのにエロ漫画描いてます。	30sai-shojo-nanoni-ero-manga-egaitemasu	30sai-shojo-nanoni-ero-manga-egaitemasu	30sai-shojo-nanoni-ero-manga-egaitemasu	訓読み/当て字 or sandhi		数字の読みがtoken分割と不一致(sandhi等)→要確認
ゾイドワイルド2	zoido-wairudo-tsu	zoido-wairudo-tsu	zoido-wairudo-2	英語読み付随→数字	CHANGED	
ゾイドワイルド2+	zoido-wairudo-tsu-purasu	zoido-wairudo-tsu-purasu	zoido-wairudo-2-purasu	英語読み付随→数字	CHANGED	
88の夏休み	88-no-natsuyasumi	88-no-natsuyasumi	88-no-natsuyasumi	訓読み/当て字 or sandhi		数字の読みがtoken分割と不一致(sandhi等)→要確認
12歳からの秘密	12sai-kara-no-himitsu	12sai-kara-no-himitsu	12sai-kara-no-himitsu	訓読み/当て字 or sandhi		数字の読みがtoken分割と不一致(sandhi等)→要確認
37.5℃(さんじゅうななどごぶ)の涙	sanjunanado-gobu-no-namida	sanjunanado-gobu-no-namida	37-do-5-bu-no-namida	音読み→数字(先頭分割)	CHANGED	
37.5℃の涙	sanjunanadogobu-no-namida	sanjunanadogobu-no-namida	37-dogobu-no-namida	音読み→数字(先頭分割) ; 訓読み/当て字 or sandhi	CHANGED	数字の読みがtoken分割と不一致(sandhi等)→要確認
8月の悪戯	8gatsu-no-itazura	8gatsu-no-itazura	8gatsu-no-itazura	訓読み/当て字 or sandhi		数字の読みがtoken分割と不一致(sandhi等)→要確認
To heart4コママンガ劇場	tohaato-yonkoma-manga-gekijo	tohaato-yonkoma-manga-gekijo	tohaato-yonkoma-manga-gekijo	latin-mixed		latin混じり(別処理)
コクーン荘1×1	kokunso-1-1	kokunso-1-1	kokunso-1-1	訓読み/当て字 or sandhi		数字の読みがtoken分割と不一致(sandhi等)→要確認
スキャンダル8 1/2	sukyandaru-hachi-ka-nibun-no-ichi	sukyandaru-hachi-ka-nibun-no-ichi	sukyandaru-8-ka-2-bun-no-1	音読み→数字 ; 音読み→数字(先頭分割)	CHANGED	
恋は100kg	koi-wa-100-kg	koi-wa-100-kg	koi-wa-100-kg	latin-mixed		latin混じり(別処理)
17歳の夏恋に死ぬ	17sai-no-natsu-koi-ni-shinu	17sai-no-natsu-koi-ni-shinu	17sai-no-natsu-koi-ni-shinu	訓読み/当て字 or sandhi		数字の読みがtoken分割と不一致(sandhi等)→要確認
2003年の365日	nisensannen-no-sanbyakurokujugo-nichi	nisensannen-no-sanbyakurokujugo-nichi	2003-nen-no-365-nichi	音読み→数字(先頭分割) ; 音読み→数字	CHANGED	
20世紀の366日	nijisseiki-no-sanbyaku-rokujurokunichi	nijisseiki-no-sanbyaku-rokujurokunichi	20-seiki-no-sanbyaku-rokujurokunichi	音読み→数字(先頭分割) ; 訓読み/当て字 or sandhi	CHANGED	数字の読みがtoken分割と不一致(sandhi等)→要確認
東京熱血110番	tokyo-nekketsu-hyakutoban	tokyo-nekketsu-hyakutoban	tokyo-nekketsu-hyakutoban	訓読み/当て字 or sandhi		数字の読みがtoken分割と不一致(sandhi等)→要確認
握力1トンの執行人	akuryoku-1ton-no-shikkonin	akuryoku-1ton-no-shikkonin	akuryoku-1ton-no-shikkonin	訓読み/当て字 or sandhi		数字の読みがtoken分割と不一致(sandhi等)→要確認
F-1倶楽部	efu-wan-kurabu	efu-wan-kurabu	efu-wan-kurabu	latin-mixed		latin混じり(別処理)
レストアガレージ251	resutoa-gareeji-251	resutoa-gareeji-251	resutoa-gareeji-251	訓読み/当て字 or sandhi		数字の読みがtoken分割と不一致(sandhi等)→要確認
隼人18番勝負	hayato-juhachiban-shobu	hayato-juhachiban-shobu	hayato-18-ban-shobu	音読み→数字(先頭分割)	CHANGED	
0×0メモリーズ	zero-zero-memoriizu	zero-zero-memoriizu	0-zero-memoriizu	音読み→数字	CHANGED	
3分後に○○する話	sanpungo-ni-marumaru-suru-hanashi	sanpungo-ni-marumaru-suru-hanashi	3-pungo-ni-marumaru-suru-hanashi	音読み→数字(先頭分割)	CHANGED	
アゲハ100％	ageha-100paasento	ageha-100paasento	ageha-100paasento	訓読み/当て字 or sandhi		数字の読みがtoken分割と不一致(sandhi等)→要確認
+1	purasu-wan	purasu-wan	purasu-one	英語読み→英単語	CHANGED	
愛と欲望の1/6	ai-to-yokubo-no-1-6	ai-to-yokubo-no-1-6	ai-to-yokubo-no-1-6	訓読み/当て字 or sandhi		数字の読みがtoken分割と不一致(sandhi等)→要確認
29歳のリミット	nijukyusai-no-rimitto	nijukyusai-no-rimitto	29-sai-no-rimitto	音読み→数字(先頭分割)	CHANGED	
KISS ME ダーリン!!×3	kiss-me-daarin-3	kiss-me-daarin-3	kiss-me-daarin-3	latin-mixed		latin混じり(別処理)
まおゆう4コマ「向いてませんよ、魔王様」	maoyu-yonkoma-muitemasenyo-mao-sama	maoyu-yonkoma-muitemasenyo-mao-sama	maoyu-4-koma-muitemasenyo-maosama	音読み→数字(先頭分割)	CHANGED	
30日間世界一周!	30nichikan-sekai-isshu	30nichikan-sekai-isshu	30nichikan-sekai-isshu	訓読み/当て字 or sandhi		数字の読みがtoken分割と不一致(sandhi等)→要確認
35日間世界一周!!	35nichikan-sekai-isshu	35nichikan-sekai-isshu	35nichikan-sekai-isshu	訓読み/当て字 or sandhi		数字の読みがtoken分割と不一致(sandhi等)→要確認
世界ボンクラ2人旅!	sekai-bonkura-futaritabi	sekai-bonkura-futaritabi	sekai-bonkura-futaritabi	訓読み/当て字 or sandhi		数字の読みがtoken分割と不一致(sandhi等)→要確認
100回泣くこと	hyakkai-naku-koto	hyakkai-naku-koto	100-kai-naku-koto	音読み→数字(先頭分割)	CHANGED	
100%パスカル先生	hyakupaasento-pasukaru-sensei	hyakupaasento-pasukaru-sensei	100-paasento-pasukaru-sensei	音読み→数字(先頭分割)	CHANGED	
ぴ・あ・す・1	piasu-faasuto	piasu-faasuto	piasu-faasuto	訓読み/当て字 or sandhi		数字の読みがtoken分割と不一致(sandhi等)→要確認
科学少年01くん	kagaku-shonen-zero-wan-kun	kagaku-shonen-zero-wan-kun	kagaku-shonen-zero-1-kun	英語読み付随→数字	CHANGED	
ロックマン4	rokkuman-4	rokkuman-4	rokkuman-4	訓読み/当て字 or sandhi		数字の読みがtoken分割と不一致(sandhi等)→要確認
ロックマン5	rotsukuman-faibu	rotsukuman-faibu	rotsukuman-5	英語読み付随→数字	CHANGED	
ロックマン6	rokkuman-6	rokkuman-6	6-kuman-6	音読み→数字(先頭分割)	CHANGED	
ロックマン7	rokkuman-sebun	rokkuman-sebun	rokkuman-7	英語読み付随→数字	CHANGED	
機動戦士ガンダム0080	poketsuto-no-naka-no-senso	poketsuto-no-naka-no-senso	poketsuto-no-naka-no-senso	訓読み/当て字 or sandhi		数字の読みがtoken分割と不一致(sandhi等)→要確認
21世紀の狼	21seiki-no-okami	21seiki-no-okami	21seiki-no-okami	訓読み/当て字 or sandhi		数字の読みがtoken分割と不一致(sandhi等)→要確認
3355	sansangogo	sansangogo	sansangogo	no-segment		分かち書き無=token置換不可
3時のおやつ	3ji-no-oyatsu	3ji-no-oyatsu	3ji-no-oyatsu	訓読み/当て字 or sandhi		数字の読みがtoken分割と不一致(sandhi等)→要確認
家なき子2	ienakiko-ni	ienakiko-ni	ienakiko-2	音読み→数字	CHANGED	
20代の心とカラダ	nijudai-no-kokoro-to-karada	nijudai-no-kokoro-to-karada	20-dai-no-kokoro-to-karada	音読み→数字(先頭分割)	CHANGED	
それぞれの40	sorezore-no-40	sorezore-no-40	sorezore-no-40	訓読み/当て字 or sandhi		数字の読みがtoken分割と不一致(sandhi等)→要確認
最高の結婚600	saiko-no-kekkon-roppyaku	saiko-no-kekkon-roppyaku	saiko-no-kekkon-600	音読み→数字	CHANGED	
ただいま'69	tadaima-rokujukyu	tadaima-rokujukyu	tadaima-69	音読み→数字	CHANGED	
GO!GO!12歳	go-go-12sai	go-go-12sai	go-go-12sai	latin-mixed		latin混じり(別処理)
4コマちびまる子ちゃん	4koma-chibimaruko-chan	4koma-chibimaruko-chan	4koma-chibimarukochan	訓読み/当て字 or sandhi	CHANGED	数字の読みがtoken分割と不一致(sandhi等)→要確認
スーパー0くん	supaa-0-kun	supaa-0-kun	supaa-0kun	訓読み/当て字 or sandhi	CHANGED	数字の読みがtoken分割と不一致(sandhi等)→要確認
4年1組起立!	4nen-1kumi-kiritsu	4nen-1kumi-kiritsu	4nen-1kumi-kiritsu	訓読み/当て字 or sandhi		数字の読みがtoken分割と不一致(sandhi等)→要確認
元祖!浦安鉄筋家族爆笑 4コマ劇場	ganso-urayasu-tekkin-kazoku	ganso-urayasu-tekkin-kazoku	ganso-urayasu-tekkin-kazoku	訓読み/当て字 or sandhi		数字の読みがtoken分割と不一致(sandhi等)→要確認
好きの100万倍	suki-no-100manbai	suki-no-100manbai	suki-no-100manbai	訓読み/当て字 or sandhi		数字の読みがtoken分割と不一致(sandhi等)→要確認
アタックno.1	atakku-no-1	atakku-no-1	atakku-no-1	latin-mixed		latin混じり(別処理)
アタックNo.1	atakku-no-1	atakku-no-1	atakku-no-1	latin-mixed		latin混じり(別処理)
新アタックNo.1	shin-atakku-nanbaa-wan	shin-atakku-nanbaa-wan	shin-atakku-nanbaa-wan	latin-mixed		latin混じり(別処理)
3人で愛しあいましょう?	3nin-de-aishiaimasho	3nin-de-aishiaimasho	3nin-de-aishiaimasho	訓読み/当て字 or sandhi		数字の読みがtoken分割と不一致(sandhi等)→要確認
トリコロMW-1056	torikoro-mw1056	torikoro-mw1056	torikoro-mw1056	latin-mixed		latin混じり(別処理)
豚飼い王子と100回のキス	butakai-oji-to-100kai-no-kisu	butakai-oji-to-100kai-no-kisu	butakai-oji-to-100kai-no-kisu	訓読み/当て字 or sandhi		数字の読みがtoken分割と不一致(sandhi等)→要確認
5秒前	5byo-mae	5byo-mae	5byo-mae	訓読み/当て字 or sandhi		数字の読みがtoken分割と不一致(sandhi等)→要確認
17歳	17sai	17sai	17sai	no-segment		分かち書き無=token置換不可
ファイナルファンタジー11	fainaru-fantajii-11	fainaru-fantajii-11	fainaru-fantajii-11	訓読み/当て字 or sandhi		数字の読みがtoken分割と不一致(sandhi等)→要確認
1122	ii-fufu	ii-fufu	ii-fufu	訓読み/当て字 or sandhi		数字の読みがtoken分割と不一致(sandhi等)→要確認
1122(いいふうふ)	ii-fufu	ii-fufu	ii-fufu	訓読み/当て字 or sandhi		数字の読みがtoken分割と不一致(sandhi等)→要確認
1122五代夫婦の場合	ii-fufu-godai-fufu-no-baai	ii-fufu-godai-fufu-no-baai	ii-fufu-godai-fufu-no-baai	訓読み/当て字 or sandhi		数字の読みがtoken分割と不一致(sandhi等)→要確認
代紋TAKE2	enburemu-teiku-tsu	enburemu-teiku-tsu	enburemu-teiku-tsu	latin-mixed		latin混じり(別処理)
ダーリンはno.1	daarin-wa-nanbaa-wan	daarin-wa-nanbaa-wan	daarin-wa-nanbaa-wan	latin-mixed		latin混じり(別処理)
コミックネオロマンスmix 4コマ トレーディングロマンス	komikku-neoromansu-mix-4koma-toreedingu-romansu	komikku-neoromansu-mix-4koma-toreedingu-romansu	komikku-neoromansu-mix-4koma-toreedingu-romansu	latin-mixed		latin混じり(別処理)
意味がわかると怖い4コマ	imi-ga-wakaruto-kowai-yonkoma	imi-ga-wakaruto-kowai-yonkoma	imi-ga-wakaruto-kowai-4-koma	音読み→数字(先頭分割)	CHANGED	
8月19日の戦争	8gatsu-19nichi-no-senso	8gatsu-19nichi-no-senso	8gatsu-19nichi-no-senso	訓読み/当て字 or sandhi		数字の読みがtoken分割と不一致(sandhi等)→要確認
ブルーバード5	burubaado-faibu	burubaado-faibu	burubaado-5	英語読み付随→数字	CHANGED	
樹海少年ZOO1	jukai-shonen-zo1	jukai-shonen-zo1	jukai-shonen-zo1	latin-mixed		latin混じり(別処理)
珍遊記2	chinyuki-2	chinyuki-2	chinyuki-2	訓読み/当て字 or sandhi		数字の読みがtoken分割と不一致(sandhi等)→要確認
うぶな27才とむくな11才	ubu-na-nijunanasai-to-muku-na-juissai	ubu-na-nijunanasai-to-muku-na-juissai	ubu-na-27-sai-to-muku-na-11-sai	音読み→数字(先頭分割)	CHANGED	
かん字 1・2年生	kanji	kanji	kanji	no-segment		分かち書き無=token置換不可
かん字 3年生	kanji	kanji	kanji	no-segment		分かち書き無=token置換不可
かん字 4年生	kanji	kanji	kanji	no-segment		分かち書き無=token置換不可
7代祟りますので早く結婚してください!	nanadai-tatarimasu-no-de-hayaku-kekkon-shite-kudasai	nanadai-tatarimasu-no-de-hayaku-kekkon-shite-kudasai	7-dai-tatarimasu-no-de-hayaku-kekkon-shite-kudasai	音読み→数字(先頭分割)	CHANGED	
都立水商!2	toritsu-mizusho2	toritsu-mizusho2	toritsu-mizusho2	訓読み/当て字 or sandhi		数字の読みがtoken分割と不一致(sandhi等)→要確認
2821コカコーラ	2821-kokakora	2821-kokakora	2821-kokakora	訓読み/当て字 or sandhi		数字の読みがtoken分割と不一致(sandhi等)→要確認
パーム1971-1989	paamu	paamu	paamu	no-segment		分かち書き無=token置換不可
ポケモン全キャラ2コマまんが全集	pokemon-zen-kyara-2koma-manga-zenshu	pokemon-zen-kyara-2koma-manga-zenshu	pokemon-zen-kyara-2koma-manga-zenshu	訓読み/当て字 or sandhi		数字の読みがtoken分割と不一致(sandhi等)→要確認
おむかえまで8時間	omukae-made-8jikan	omukae-made-8jikan	omukae-made-8jikan	訓読み/当て字 or sandhi		数字の読みがtoken分割と不一致(sandhi等)→要確認
どうする?2人め	dosuru-futarime	dosuru-futarime	dosuru-futarime	訓読み/当て字 or sandhi		数字の読みがtoken分割と不一致(sandhi等)→要確認
Cafe南青山骨董通りsince 1962	kafe-minamiaoyama-kottodori-shinsu-senkyuhyakurokujuni	kafe-minamiaoyama-kottodori-shinsu-senkyuhyakurokujuni	kafe-minamiaoyama-kottodori-shinsu-senkyuhyakurokujuni	latin-mixed		latin混じり(別処理)
V8探偵Dick	v8-tantei-dick	v8-tantei-dick	v8-tantei-dick	latin-mixed		latin混じり(別処理)
神罰1.1	shinbatsu-ittenichi	shinbatsu-ittenichi	shinbatsu-1-tenichi	音読み→数字(先頭分割)	CHANGED	
マニアックス21	maniakkusu-21	maniakkusu-21	maniakkusu-21	訓読み/当て字 or sandhi		数字の読みがtoken分割と不一致(sandhi等)→要確認
3時になったらパブロフの犬	sanji-ni-nattara-paburofu-no-inu	sanji-ni-nattara-paburofu-no-inu	3-ji-ni-nattara-paburofu-no-inu	音読み→数字(先頭分割)	CHANGED	
サマータイムレンダ2026未然事故物件	samaa-taimu-renda-nisen-nijuroku-mizen-jiko-bukken	samaa-taimu-renda-nisen-nijuroku-mizen-jiko-bukken	samaa-taimu-renda-2026-mizen-jiko-bukken	音読み→数字	CHANGED	
ここ10年分のヒロシ。	koko-10nenbun-no-hiroshi	koko-10nenbun-no-hiroshi	koko-10nenbun-no-hiroshi	訓読み/当て字 or sandhi		数字の読みがtoken分割と不一致(sandhi等)→要確認
恋する1/4	koisuru-yonbun-no-ichi	koisuru-yonbun-no-ichi	koisuru-4-bun-no-1	音読み→数字(先頭分割) ; 音読み→数字	CHANGED	
8番出口	hachiban-deguchi	hachiban-deguchi	8-ban-deguchi	音読み→数字(先頭分割)	CHANGED	
劇画日本史1 邪馬台国大乱	gekiga-nihonshi-yamataikoku-dairan	gekiga-nihonshi-yamataikoku-dairan	gekiga-nihonshi-yamataikoku-dairan	訓読み/当て字 or sandhi		数字の読みがtoken分割と不一致(sandhi等)→要確認
劇画日本史2 大化改新の光と影	gekiga-nihonshi-taikanokaishin-no-hikari-to-kage	gekiga-nihonshi-taikanokaishin-no-hikari-to-kage	gekiga-2-honshi-taikanokaishin-no-hikari-to-kage	音読み→数字(先頭分割)	CHANGED	
劇画日本史3 花さける女帝の世紀	gekiga-nihonshi-hanasakeru-nyotei-no-seiki	gekiga-nihonshi-hanasakeru-nyotei-no-seiki	gekiga-nihonshi-hanasakeru-nyotei-no-seiki	訓読み/当て字 or sandhi		数字の読みがtoken分割と不一致(sandhi等)→要確認
11.1	juichigatsutsuitachi	juichigatsutsuitachi	juichigatsutsuitachi	no-segment		分かち書き無=token置換不可
1970年代記	1970-nendaiki	1970-nendaiki	1970-nendaiki	訓読み/当て字 or sandhi		数字の読みがtoken分割と不一致(sandhi等)→要確認
2度目の恋は嘘つき	2dome-no-koi-wa-usotsuki	2dome-no-koi-wa-usotsuki	2dome-no-koi-wa-usotsuki	訓読み/当て字 or sandhi		数字の読みがtoken分割と不一致(sandhi等)→要確認
30禁	sanjukkin	sanjukkin	sanjukkin	no-segment		分かち書き無=token置換不可
17才旅立ちのふたり	17sai-tabidachi-no-futari	17sai-tabidachi-no-futari	17sai-tabidachi-no-futari	訓読み/当て字 or sandhi		数字の読みがtoken分割と不一致(sandhi等)→要確認
99%サキュバスちゃん	kyujukyu-paasento-sakyubasu-chan	kyujukyu-paasento-sakyubasu-chan	99-paasento-sakyubasu-chan	音読み→数字	CHANGED	
ROCKMAN DASH 2 エピソード2 大いなる遺産 4コマギャグバトル	rokkuman-dasshu-tsu-episodo-tsu-oinaru-i-san-yonkoma-gyagu-batoru	rokkuman-dasshu-tsu-episodo-tsu-oinaru-i-san-yonkoma-gyagu-batoru	rokkuman-dasshu-tsu-episodo-tsu-oinaru-i-san-yonkoma-gyagu-batoru	latin-mixed		latin混じり(別処理)
SDガンダムGジェネレーション・ゼロ 4コマKINGS	sd-gandamu-jii-jienereeshon-zero-4koma-kings	sd-gandamu-jii-jienereeshon-zero-4koma-kings	sd-gandamu-jii-jienereeshon-zero-4koma-kings	latin-mixed		latin混じり(別処理)
スーパーロボット大戦α 4コマギャグバトル	supaa-robotto-taisen-arufa-yonkoma-gyagu-batoru	supaa-robotto-taisen-arufa-yonkoma-gyagu-batoru	supaa-robotto-taisen-arufa-4-koma-gyagu-batoru	音読み→数字(先頭分割)	CHANGED	
15 1/2	fifuteiin-haafu	fifuteiin-haafu	fifteen-haafu	英語読み→英単語 ; 訓読み/当て字 or sandhi	CHANGED	数字の読みがtoken分割と不一致(sandhi等)→要確認
30代くたびれリーマンを癒すならカラダで	30dai-kutabire-riiman-o-iyasu-nara-karada-de	30dai-kutabire-riiman-o-iyasu-nara-karada-de	30dai-kutabire-riiman-o-iyasu-nara-karada-de	訓読み/当て字 or sandhi		数字の読みがtoken分割と不一致(sandhi等)→要確認
カッコイイ男の子ベスト10	kakkoii-otokonoko-besuto-10	kakkoii-otokonoko-besuto-10	kakkoii-otokonoko-besuto-10	訓読み/当て字 or sandhi		数字の読みがtoken分割と不一致(sandhi等)→要確認
20歳のエンゲージ	hatachi-no-engeeji	hatachi-no-engeeji	hatachi-no-engeeji	訓読み/当て字 or sandhi		数字の読みがtoken分割と不一致(sandhi等)→要確認
ザ・キング・オブ・ファイターズ'94	za-kingu-obu-faitaazu-94	za-kingu-obu-faitaazu-94	za-kingu-obu-faitaazu-94	訓読み/当て字 or sandhi		数字の読みがtoken分割と不一致(sandhi等)→要確認
エルフを狩るモノたち2	erufu-o-karu-monotachi-tsu	erufu-o-karu-monotachi-tsu	erufu-o-karu-monotachi-2	英語読み付随→数字	CHANGED	
環境保護隊モッタイ9	kankyo-hogotai-mottai-nain	kankyo-hogotai-mottai-nain	kankyo-hogotai-mottai-9	英語読み付随→数字	CHANGED	
750ライダー	nanahan-raidaa	nanahan-raidaa	nanahan-raidaa	訓読み/当て字 or sandhi		数字の読みがtoken分割と不一致(sandhi等)→要確認
レジェンド 750ライダー	rejiendo-nanahan-raidaa	rejiendo-nanahan-raidaa	rejiendo-nanahan-raidaa	訓読み/当て字 or sandhi		数字の読みがtoken分割と不一致(sandhi等)→要確認
「好き!」を100万回	suki-o-100mankai	suki-o-100mankai	suki-o-100mankai	訓読み/当て字 or sandhi		数字の読みがtoken分割と不一致(sandhi等)→要確認
5番街でつかまえて!	gobangai-de-tsukamaete	gobangai-de-tsukamaete	5-bangai-de-tsukamaete	音読み→数字(先頭分割)	CHANGED	
猫の101の愛し方	neko-no-101-no-aishikata	neko-no-101-no-aishikata	neko-no-101-no-aishikata	訓読み/当て字 or sandhi		数字の読みがtoken分割と不一致(sandhi等)→要確認
JAH3名様	jaa-sanmei-sama	jaa-sanmei-sama	jaa-sanmei-sama	latin-mixed		latin混じり(別処理)
THE 3名様	the-3mei-sama	the-3mei-sama	the-3mei-sama	latin-mixed		latin混じり(別処理)
THE3名様	za-sanmei-sama	za-sanmei-sama	za-sanmei-sama	latin-mixed		latin混じり(別処理)
THE3名様Ωメガ盛り	za-sanmei-sama-omega-mori	za-sanmei-sama-omega-mori	za-sanmei-sama-omega-mori	latin-mixed		latin混じり(別処理)
陰謀論THE3名様Q	inboron-za-sanmei-sama-kyu	inboron-za-sanmei-sama-kyu	inboron-za-sanmei-sama-kyu	latin-mixed		latin混じり(別処理)
100万ドルキッド	100mandoru-kiddo	100mandoru-kiddo	100mandoru-kiddo	訓読み/当て字 or sandhi		数字の読みがtoken分割と不一致(sandhi等)→要確認
新生MMR迫りくる人類滅亡3大危機!!	shinsei-emuemuaaru-semarikuru-jinrui-metsubo-toripuru-kuraishisu	shinsei-emuemuaaru-semarikuru-jinrui-metsubo-toripuru-kuraishisu	shinsei-emuemuaaru-semarikuru-jinrui-metsubo-toripuru-kuraishisu	latin-mixed		latin混じり(別処理)
実戦攻略!ガチンコ裏テク13時間	jissen-koryaku-gachinko-ura-teku-13-jikan	jissen-koryaku-gachinko-ura-teku-13-jikan	jissen-koryaku-gachinko-ura-teku-13-jikan	訓読み/当て字 or sandhi		数字の読みがtoken分割と不一致(sandhi等)→要確認
14歳の兵士ザザ	juyonsai-no-heishi-zaza	juyonsai-no-heishi-zaza	14-sai-no-heishi-zaza	音読み→数字(先頭分割)	CHANGED	
もやしもん 〔1+〕	moyashimon-ichi-purasu	moyashimon-ichi-purasu	moyashimon-1-purasu	音読み→数字	CHANGED	
14歳の季節	juyonsai-no-shiizun	juyonsai-no-shiizun	14-sai-no-shiizun	音読み→数字(先頭分割)	CHANGED	
5月クィーン	5gatsu-kuiin	5gatsu-kuiin	5gatsu-kuiin	訓読み/当て字 or sandhi		数字の読みがtoken分割と不一致(sandhi等)→要確認
3年Z組ポチ先生	3nen-zgumi-pochi-sensei	3nen-zgumi-pochi-sensei	3nen-zgumi-pochi-sensei	latin-mixed		latin混じり(別処理)
先生ロックオン!2nd	sensei-rokku-on-sekando	sensei-rokku-on-sekando	sensei-rokku-on-sekando	latin-mixed		latin混じり(別処理)
株式会社5年1組	kabushiki-gaisha-gonen-ichikumi	kabushiki-gaisha-gonen-ichikumi	kabushiki-gaisha-5-nen-1-kumi	音読み→数字(先頭分割)	CHANGED	
37564学園	minagoroshi-gakuen	minagoroshi-gakuen	minagoroshi-gakuen	訓読み/当て字 or sandhi		数字の読みがtoken分割と不一致(sandhi等)→要確認
アノナツ-1959-	ano-natsu-senkyuhyakugojukyu	ano-natsu-senkyuhyakugojukyu	ano-natsu-1959	音読み→数字	CHANGED	
17	junana	junana	junana	no-segment		分かち書き無=token置換不可
カワイコちゃんを2度見る	kawaiko-chan-o-2do-miru	kawaiko-chan-o-2do-miru	kawaikochan-o-2do-miru	訓読み/当て字 or sandhi	CHANGED	数字の読みがtoken分割と不一致(sandhi等)→要確認
妻に恋する66の方法	tsuma-ni-koisuru-rokujuroku-no-hoho	tsuma-ni-koisuru-rokujuroku-no-hoho	tsuma-ni-koisuru-66-no-hoho	音読み→数字	CHANGED	
中2の男子と第6感	chuni-no-danshi-to-dairokkan	chuni-no-danshi-to-dairokkan	chuni-no-danshi-to-dairokkan	訓読み/当て字 or sandhi		数字の読みがtoken分割と不一致(sandhi等)→要確認
5分後の世界	gofungo-no-sekai	gofungo-no-sekai	5-fungo-no-sekai	音読み→数字(先頭分割)	CHANGED	
純真ミラクル100％	junshinmirakuru100paasento	junshinmirakuru100paasento	junshinmirakuru100paasento	no-segment		分かち書き無=token置換不可
百億分の1の恋人	hyakuokubunnoichi-no-koibito	hyakuokubunnoichi-no-koibito	hyakuokubunnoichi-no-koibito	訓読み/当て字 or sandhi		数字の読みがtoken分割と不一致(sandhi等)→要確認
19番ホールの鷹	jukyuban-horu-no-taka	jukyuban-horu-no-taka	19-ban-horu-no-taka	音読み→数字(先頭分割)	CHANGED	
夢見る7月猫	yumemiru-7gatsu-neko	yumemiru-7gatsu-neko	yumemiru-7gatsu-neko	訓読み/当て字 or sandhi		数字の読みがtoken分割と不一致(sandhi等)→要確認
インターミッションパート2	intaa-misshon-paato-tsu	intaa-misshon-paato-tsu	intaa-misshon-paato-2	英語読み付随→数字	CHANGED	
8ミリの悪魔vs特命班	8miri-no-akuma-vs-tokumeihan	8miri-no-akuma-vs-tokumeihan	8miri-no-akuma-vs-tokumeihan	latin-mixed		latin混じり(別処理)
1/4×1/2	kuoto-ando-haafu	kuoto-ando-haafu	kuoto-ando-haafu	訓読み/当て字 or sandhi		数字の読みがtoken分割と不一致(sandhi等)→要確認
1/4×1/2Ⓡ	yonbunnoichi-nibunnoichi-aaru	yonbunnoichi-nibunnoichi-aaru	4-bunnoichi-2-bunnoichi-aaru	音読み→数字(先頭分割) ; 訓読み/当て字 or sandhi	CHANGED	数字の読みがtoken分割と不一致(sandhi等)→要確認
30婚	30kon	30kon	30kon	no-segment		分かち書き無=token置換不可
プロキシマ1.3	purokishima-13	purokishima-13	purokishima-13	訓読み/当て字 or sandhi		数字の読みがtoken分割と不一致(sandhi等)→要確認
24時間、あまい服従	24jikan-amai-fukuju	24jikan-amai-fukuju	24jikan-amai-fukuju	訓読み/当て字 or sandhi		数字の読みがtoken分割と不一致(sandhi等)→要確認
餓狼伝説 3	garo-densetsu-surii	garo-densetsu-surii	garo-densetsu-3	英語読み付随→数字	CHANGED	
餓狼伝説2	garo-densetsu-tsu	garo-densetsu-tsu	garo-densetsu-2	英語読み付随→数字	CHANGED	
40歳から「キレイ」と「オシャレ」始めました。	yonjissai-kara-kirei-to-oshare-hajimemashita	yonjissai-kara-kirei-to-oshare-hajimemashita	40-sai-kara-kirei-to-oshare-hajimemashita	音読み→数字(先頭分割)	CHANGED	
きょとんチャン。1歩前へ!	kyoton-chan-1po-mae-e	kyoton-chan-1po-mae-e	kyotonchan-1po-mae-e	訓読み/当て字 or sandhi	CHANGED	数字の読みがtoken分割と不一致(sandhi等)→要確認
ツレはパパ1年生	tsure-ha-papa-1nensei	tsure-ha-papa-1nensei	tsure-ha-papa-1nensei	訓読み/当て字 or sandhi		数字の読みがtoken分割と不一致(sandhi等)→要確認
ツレはパパ2年生	tsure-wa-papa-ninensei	tsure-wa-papa-ninensei	tsure-wa-papa-2-nensei	音読み→数字(先頭分割)	CHANGED	
ツレはパパ3年生	tsure-wa-papa-sannensei	tsure-wa-papa-sannensei	tsure-wa-papa-3-nensei	音読み→数字(先頭分割)	CHANGED	
魔法戦士リウイパロディ 4コマ劇場	maho-senshi-riui-parodi-4koma-gekijo	maho-senshi-riui-parodi-4koma-gekijo	maho-senshi-riui-parodi-4koma-gekijo	訓読み/当て字 or sandhi		数字の読みがtoken分割と不一致(sandhi等)→要確認
1ねん3くみ桃ちゃん先生。	1nen-3kumi-momo-chan-sensei	1nen-3kumi-momo-chan-sensei	1nen-3kumi-momochan-sensei	訓読み/当て字 or sandhi	CHANGED	数字の読みがtoken分割と不一致(sandhi等)→要確認
スーパーロボット大戦α 4コマギャグバトル	supaa-robotto-taisen-arufa-yonkoma-gyagu-batoru	supaa-robotto-taisen-arufa-yonkoma-gyagu-batoru	supaa-robotto-taisen-arufa-4-koma-gyagu-batoru	音読み→数字(先頭分割)	CHANGED	
スーパーロボット大戦α外伝 4コマギャグバトル	supaa-robotto-taisen-arufa-gaiden-yonkoma-gyagu-batoru	supaa-robotto-taisen-arufa-gaiden-yonkoma-gyagu-batoru	supaa-robotto-taisen-arufa-gaiden-4-koma-gyagu-batoru	音読み→数字(先頭分割)	CHANGED	
戦国BASARA4電撃コミックアンソロジー	sengoku-basara-fo-dengeki-komikku-ansorojii	sengoku-basara-fo-dengeki-komikku-ansorojii	sengoku-basara-fo-dengeki-komikku-ansorojii	latin-mixed		latin混じり(別処理)
レジデン都市505	rejiden-shitei-gomarugo	rejiden-shitei-gomarugo	rejiden-shitei-gomarugo	訓読み/当て字 or sandhi		数字の読みがtoken分割と不一致(sandhi等)→要確認
本番5秒前!	honban-5byomae	honban-5byomae	honban-5byomae	訓読み/当て字 or sandhi		数字の読みがtoken分割と不一致(sandhi等)→要確認
手のひらサイズの猫と26歳OLの同居生活	tenohira-saizu-no-neko-to-nijurokusai-oeru-no-dokyo-seikatsu	tenohira-saizu-no-neko-to-nijurokusai-oeru-no-dokyo-seikatsu	tenohira-saizu-no-neko-to-nijurokusai-oeru-no-dokyo-seikatsu	latin-mixed		latin混じり(別処理)
12月にはジャズを聴く	12gatsu-niwa-jazu-o-kiku	12gatsu-niwa-jazu-o-kiku	12gatsu-niwa-jazu-o-kiku	訓読み/当て字 or sandhi		数字の読みがtoken分割と不一致(sandhi等)→要確認
56時の行進曲	56ji-no-koshinkyoku	56ji-no-koshinkyoku	56ji-no-koshinkyoku	訓読み/当て字 or sandhi		数字の読みがtoken分割と不一致(sandhi等)→要確認
ミッドナイトレストラン7 to 7	middonaito-resutoran-sebun-to-sebun	middonaito-resutoran-sebun-to-sebun	middonaito-resutoran-sebun-to-sebun	latin-mixed		latin混じり(別処理)
F-1伝説	efu-wan-densetsu	efu-wan-densetsu	efu-wan-densetsu	latin-mixed		latin混じり(別処理)
18時から僕のもの	juhachiji-kara-boku-no-mono	juhachiji-kara-boku-no-mono	18-ji-kara-boku-no-mono	音読み→数字(先頭分割)	CHANGED	
警視庁特犯課007	keishicho-tokuhanka-007	keishicho-tokuhanka-007	keishicho-tokuhanka-007	訓読み/当て字 or sandhi		数字の読みがtoken分割と不一致(sandhi等)→要確認
5時まで待てない	5ji-made-matenai	5ji-made-matenai	5ji-made-matenai	訓読み/当て字 or sandhi		数字の読みがtoken分割と不一致(sandhi等)→要確認
5	faibu	faibu	faibu	no-segment		分かち書き無=token置換不可
純情ロボット2号	junjo-robotto-2go	junjo-robotto-2go	junjo-robotto-2go	訓読み/当て字 or sandhi		数字の読みがtoken分割と不一致(sandhi等)→要確認
迷子のバンビにキスを1mm	maigo-no-banbi-ni-kisu-wo-1miri	maigo-no-banbi-ni-kisu-wo-1miri	maigo-no-banbi-ni-kisu-wo-1miri	latin-mixed		latin混じり(別処理)
アイドルマスター2 眠り姫	aidoru-masutaa-2-nemurihime	aidoru-masutaa-2-nemurihime	aidoru-masutaa-2-nemurihime	訓読み/当て字 or sandhi		数字の読みがtoken分割と不一致(sandhi等)→要確認
トップをねらえ2!	toppu-o-nerae-2	toppu-o-nerae-2	toppu-o-nerae-2	訓読み/当て字 or sandhi		数字の読みがtoken分割と不一致(sandhi等)→要確認
3は、キライ。	3-ha-kirai	3-ha-kirai	3-ha-kirai	訓読み/当て字 or sandhi		数字の読みがtoken分割と不一致(sandhi等)→要確認
1/6じゃーんぷっ!	rokubun-no-ichi-jaanputsu	rokubun-no-ichi-jaanputsu	6-bun-no-1-jaanputsu	音読み→数字(先頭分割) ; 音読み→数字	CHANGED	
4LDKカンパニー	yon-erudiikei-kanpanii	yon-erudiikei-kanpanii	yon-erudiikei-kanpanii	latin-mixed		latin混じり(別処理)
20代、親を看取る。	nijudai-oya-wo-mitoru	nijudai-oya-wo-mitoru	20-dai-oya-wo-mitoru	音読み→数字(先頭分割)	CHANGED	
16歳、新婚はじめました。	jurokusai-shinkon-hajimemashita	jurokusai-shinkon-hajimemashita	16-sai-shinkon-hajimemashita	音読み→数字(先頭分割)	CHANGED	
17歳、はじめて	junanasai-hajimete	junanasai-hajimete	17-sai-hajimete	音読み→数字(先頭分割)	CHANGED	
ユリア100式	yuria-100shiki	yuria-100shiki	yuria-100shiki	訓読み/当て字 or sandhi		数字の読みがtoken分割と不一致(sandhi等)→要確認
2番目のカノジョ	2banme-no-kanojo	2banme-no-kanojo	2banme-no-kanojo	訓読み/当て字 or sandhi		数字の読みがtoken分割と不一致(sandhi等)→要確認
放課後は第2会議室	hokago-wa-dai-2-kaigishitsu	hokago-wa-dai-2-kaigishitsu	hokago-wa-dai-2-kaigishitsu	訓読み/当て字 or sandhi		数字の読みがtoken分割と不一致(sandhi等)→要確認
天獄の島season 2	tengoku-no-shima-season-2	tengoku-no-shima-season-2	tengoku-no-shima-season-2	latin-mixed		latin混じり(別処理)
ルナ・シティ17	runa-shitei-wan-sebun	runa-shitei-wan-sebun	runa-shitei-wan-sebun	訓読み/当て字 or sandhi		数字の読みがtoken分割と不一致(sandhi等)→要確認
ルナ・シティ17〈ワン・セブン〉	runa-shitei-wan-sebun	runa-shitei-wan-sebun	runa-shitei-wan-sebun	訓読み/当て字 or sandhi		数字の読みがtoken分割と不一致(sandhi等)→要確認
トップ2の交際進捗	toppu-2-no-kosai-shinchoku	toppu-2-no-kosai-shinchoku	toppu-2-no-kosai-shinchoku	訓読み/当て字 or sandhi		数字の読みがtoken分割と不一致(sandhi等)→要確認
トップ2の恋愛事情	toppu-2-no-renai-jijo	toppu-2-no-renai-jijo	toppu-2-no-renai-jijo	訓読み/当て字 or sandhi		数字の読みがtoken分割と不一致(sandhi等)→要確認
白雪姫と7人の囚人	shirayukihime-to-7nin-no-shujin	shirayukihime-to-7nin-no-shujin	shirayukihime-to-7nin-no-shujin	訓読み/当て字 or sandhi		数字の読みがtoken分割と不一致(sandhi等)→要確認
0時5分のシンデレラ	reiji-gofun-no-shinderera	reiji-gofun-no-shinderera	0-ji-5-fun-no-shinderera	音読み→数字(先頭分割)	CHANGED	
5時からの軍手ネコ	goji-kara-no-gunte-neko	goji-kara-no-gunte-neko	5-ji-kara-no-gunte-neko	音読み→数字(先頭分割)	CHANGED	
カスタムロボV2 4コマギャグバトル	kasutamu-robo-buitsu-yonkoma-gyagu-batoru	kasutamu-robo-buitsu-yonkoma-gyagu-batoru	kasutamu-robo-buitsu-yonkoma-gyagu-batoru	latin-mixed		latin混じり(別処理)
ポケットモンスター4コママンガ劇場	pokettomonsutaa-yonkoma-manga-gekijo	pokettomonsutaa-yonkoma-manga-gekijo	pokettomonsutaa-4-koma-manga-gekijo	音読み→数字(先頭分割)	CHANGED	
6年3組スターなやつら	6nen-3kumi-sutaa-na-yatsura	6nen-3kumi-sutaa-na-yatsura	6nen-3kumi-sutaa-na-yatsura	訓読み/当て字 or sandhi		数字の読みがtoken分割と不一致(sandhi等)→要確認
婚活姫と16歳の王子	konkatsuhime-to-jurokusai-no-oji	konkatsuhime-to-jurokusai-no-oji	konkatsuhime-to-16-sai-no-oji	音読み→数字(先頭分割)	CHANGED	
ゴールドラッシュ21	gorudo-rasshu-21	gorudo-rasshu-21	gorudo-rasshu-21	訓読み/当て字 or sandhi		数字の読みがtoken分割と不一致(sandhi等)→要確認
2人で守ってあげます!	futari-de-mamotte-agemasu	futari-de-mamotte-agemasu	futari-de-mamotte-agemasu	訓読み/当て字 or sandhi		数字の読みがtoken分割と不一致(sandhi等)→要確認
Mリーグほぼ毎日4コマ	emu-riigu-hobo-mainichi-yonkoma	emu-riigu-hobo-mainichi-yonkoma	emu-riigu-hobo-mainichi-yonkoma	latin-mixed		latin混じり(別処理)
1+1	ichi-tasu-ichi	ichi-tasu-ichi	1-tasu-ichi	音読み→数字	CHANGED	
ひなた120％	hinata-120-paasento	hinata-120-paasento	hinata-120-paasento	訓読み/当て字 or sandhi		数字の読みがtoken分割と不一致(sandhi等)→要確認
3Dマテリアル	3d-materiaru	3d-materiaru	3d-materiaru	latin-mixed		latin混じり(別処理)
王子さまlv2 the comic	oji-sama-reberu2-za-komikku	oji-sama-reberu2-za-komikku	oji-sama-reberu2-za-komikku	latin-mixed		latin混じり(別処理)
1/2ハート	2bun-no-1-haato	2bun-no-1-haato	2bun-no-1-haato	訓読み/当て字 or sandhi		数字の読みがtoken分割と不一致(sandhi等)→要確認
東京直下震度7!!	tokyo-chokka-shindo-7	tokyo-chokka-shindo-7	tokyo-chokka-shindo-7	訓読み/当て字 or sandhi		数字の読みがtoken分割と不一致(sandhi等)→要確認
10	ten	ten	ten	no-segment		分かち書き無=token置換不可
ハレルヤ7	hareruya-7	hareruya-7	hareruya-7	訓読み/当て字 or sandhi		数字の読みがtoken分割と不一致(sandhi等)→要確認
7年目の純愛	7nenme-no-junai	7nenme-no-junai	7nenme-no-junai	訓読み/当て字 or sandhi		数字の読みがtoken分割と不一致(sandhi等)→要確認
スーパードンキーコング2 4コマギャグバトル	supaa-donkii-kongu-2-4koma-gyagu-batoru	supaa-donkii-kongu-2-4koma-gyagu-batoru	supaa-donkii-kongu-2-4koma-gyagu-batoru	訓読み/当て字 or sandhi		数字の読みがtoken分割と不一致(sandhi等)→要確認
真・女神転生デビルチルドレン 4コマギャグバトル	shin-megami-tensei-debiru-chirudoren-yonkoma-gyagu-batoru	shin-megami-tensei-debiru-chirudoren-yonkoma-gyagu-batoru	4-n-megami-tensei-debiru-chirudoren-yonkoma-gyagu-batoru	音読み→数字(先頭分割)	CHANGED	
1年1組うちのクラスの女子がヤバい	ichinen-ichikumi-uchi-no-kurasu-no-joshi-ga-yabai	ichinen-ichikumi-uchi-no-kurasu-no-joshi-ga-yabai	1-nen-ichikumi-uchi-no-kurasu-no-joshi-ga-yabai	音読み→数字(先頭分割)	CHANGED	
2年1組うちのクラスの女子がヤバい	ninen-ichikumi-uchi-no-kurasu-no-joshi-ga-yabai	ninen-ichikumi-uchi-no-kurasu-no-joshi-ga-yabai	2-nen-1-kumi-uchi-no-kurasu-no-joshi-ga-yabai	音読み→数字(先頭分割)	CHANGED	
KANAKOどきどき'87	kanako-dokidoki-87	kanako-dokidoki-87	kanako-dokidoki-87	latin-mixed		latin混じり(別処理)
ディエンビエンフー0	dienbienfu-zero	dienbienfu-zero	dienbienfu-0	音読み→数字	CHANGED	
女教師綾子2002	onna-kyoshi-ayako-2002	onna-kyoshi-ayako-2002	onna-kyoshi-ayako-2002	訓読み/当て字 or sandhi		数字の読みがtoken分割と不一致(sandhi等)→要確認
女教師綾子96	onna-kyoshi-ayako-kujuroku	onna-kyoshi-ayako-kujuroku	onna-kyoshi-ayako-96	音読み→数字	CHANGED	
超家族+1	chokazoku-1	chokazoku-1	chokazoku-1	訓読み/当て字 or sandhi		数字の読みがtoken分割と不一致(sandhi等)→要確認
ドン・キホーテ2002	don-kihote-2002	don-kihote-2002	don-kihote-2002	訓読み/当て字 or sandhi		数字の読みがtoken分割と不一致(sandhi等)→要確認
谷村ひとしの爆裂CR海物語攻略2002	tanimura-hitoshi-no-bakuretsu-cr-umi-monogatari-koryaku-2002	tanimura-hitoshi-no-bakuretsu-cr-umi-monogatari-koryaku-2002	tanimura-hitoshi-no-bakuretsu-cr-umi-monogatari-koryaku-2002	latin-mixed		latin混じり(別処理)
谷村ひとしの爆裂旅打ちスペシャル2002	tanimura-hitoshi-no-bakuretsu-tabiuchi-supesharu-nisenni	tanimura-hitoshi-no-bakuretsu-tabiuchi-supesharu-nisenni	tanimura-hitoshi-no-bakuretsu-tabiuchi-supesharu-2002	音読み→数字	CHANGED	
13日のゾンビ	jiyusannichi-no-zonbi	jiyusannichi-no-zonbi	jiyusannichi-no-zonbi	訓読み/当て字 or sandhi		数字の読みがtoken分割と不一致(sandhi等)→要確認
3年C組呪いの黒板	sannen-shiigumi-noroi-no-kokuban	sannen-shiigumi-noroi-no-kokuban	sannen-shiigumi-noroi-no-kokuban	latin-mixed		latin混じり(別処理)
1・2作戦	wantsusakusen	wantsusakusen	wantsusakusen	no-segment		分かち書き無=token置換不可
2.26事件昭和維新	226-jiken-showa-ishin	226-jiken-showa-ishin	226-jiken-showa-ishin	訓読み/当て字 or sandhi		数字の読みがtoken分割と不一致(sandhi等)→要確認
ゴルフ13	gorufu-saateiin	gorufu-saateiin	gorufu-13	英語読み付随→数字	CHANGED	
0戦あらし	zerosen-arashi	zerosen-arashi	0-sen-arashi	音読み→数字(先頭分割)	CHANGED	
0戦はやと	zerosenhayato	zerosenhayato	zerosenhayato	no-segment		分かち書き無=token置換不可
0戦太郎	zerosen-taro	zerosen-taro	0-sen-taro	音読み→数字(先頭分割)	CHANGED	
天からトルテ!×3	ten-kara-torute-3	ten-kara-torute-3	ten-kara-torute-3	訓読み/当て字 or sandhi		数字の読みがtoken分割と不一致(sandhi等)→要確認
9時から5時半まで	9ji-kara-5jihan-made	9ji-kara-5jihan-made	9ji-kara-5jihan-made	訓読み/当て字 or sandhi		数字の読みがtoken分割と不一致(sandhi等)→要確認
こーしょー19さい	kosho-19sai	kosho-19sai	kosho-19sai	訓読み/当て字 or sandhi		数字の読みがtoken分割と不一致(sandhi等)→要確認
雲雀町1丁目の事情	hibaricho-itchome-no-jijo	hibaricho-itchome-no-jijo	hibaricho-1-chome-no-jijo	音読み→数字(先頭分割)	CHANGED	
オッドマン11	oddoman-irevun	oddoman-irevun	oddoman-11	英語読み付随→数字	CHANGED	
♂ティンクル〔＾2〕♀アイドル☆スター	teinkuru-teinkuru-aidoru-sutaa	teinkuru-teinkuru-aidoru-sutaa	teinkuru-teinkuru-aidoru-sutaa	訓読み/当て字 or sandhi		数字の読みがtoken分割と不一致(sandhi等)→要確認
胸キュン刑事2みるくCC	munekyun-deka-2-miruku-cc	munekyun-deka-2-miruku-cc	munekyun-deka-2-miruku-cc	latin-mixed		latin混じり(別処理)
漫画家生活50年	mangaka-seikatsu-gojunen	mangaka-seikatsu-gojunen	mangaka-seikatsu-50-nen	音読み→数字(先頭分割)	CHANGED	
ホステスNo.1ネオン街の再建屋みなみ、登場!!	hosutesunanbaawan	hosutesunanbaawan	hosutesunanbaawan	latin-mixed		latin混じり(別処理)
新ホステスNo.1	shinhosutesunanbaawan	shinhosutesunanbaawan	shinhosutesunanbaawan	latin-mixed		latin混じり(別処理)
きらきらひかる2	kirakira-hikaru-2	kirakira-hikaru-2	kirakira-hikaru-2	訓読み/当て字 or sandhi		数字の読みがtoken分割と不一致(sandhi等)→要確認
101回目のトラバーユ	101kaime-no-torabaayu	101kaime-no-torabaayu	101kaime-no-torabaayu	訓読み/当て字 or sandhi		数字の読みがtoken分割と不一致(sandhi等)→要確認
10ダンス!ダンス!ダンス!!	ten-dansu-dansu-dansu	ten-dansu-dansu-dansu	10-dansu-dansu-dansu	英語読み付随→数字	CHANGED	
おくさまは28歳	oku-sama-wa-nijuhassai	oku-sama-wa-nijuhassai	okusama-wa-28-sai	音読み→数字(先頭分割)	CHANGED	
亜紀子のカレンダー 16歳	akiko-no-karendaa-jurokusai	akiko-no-karendaa-jurokusai	akiko-no-karendaa-16-sai	音読み→数字(先頭分割)	CHANGED	
亜紀子のカレンダー17歳	akiko-no-karendaa-junanasai	akiko-no-karendaa-junanasai	akiko-no-karendaa-17-sai	音読み→数字(先頭分割)	CHANGED	
亜紀子のカレンダー18歳	akiko-no-karendaa-18sai	akiko-no-karendaa-18sai	akiko-no-karendaa-18sai	訓読み/当て字 or sandhi		数字の読みがtoken分割と不一致(sandhi等)→要確認
結婚を2倍楽しむ方法	kekkon-o-2bai-tanoshimu-hoho	kekkon-o-2bai-tanoshimu-hoho	kekkon-o-2bai-tanoshimu-hoho	訓読み/当て字 or sandhi		数字の読みがtoken分割と不一致(sandhi等)→要確認
羽根くんの10年ロマンス	hane-kun-no-junen-romansu	hane-kun-no-junen-romansu	hane-kun-no-10-nen-romansu	音読み→数字(先頭分割)	CHANGED	
オリーブと3人ポパイ	oriibu-to-sannin-popai	oriibu-to-sannin-popai	oriibu-to-3-nin-popai	音読み→数字(先頭分割)	CHANGED	
ホスピ・めし2nd season	hosupi-meshi-sekando-shiizun	hosupi-meshi-sekando-shiizun	hosupi-meshi-sekando-shiizun	latin-mixed		latin混じり(別処理)
ホスピめし 2nd season	hosupi-meshi-sekando-shiizun	hosupi-meshi-sekando-shiizun	hosupi-meshi-sekando-shiizun	latin-mixed		latin混じり(別処理)
サムライナンバー11	samurai-nanbaa-irebun	samurai-nanbaa-irebun	samurai-nanbaa-11	英語読み付随→数字	CHANGED	
サムラナンバー11	samurai-nanbaa-11	samurai-nanbaa-11	samurai-nanbaa-11	訓読み/当て字 or sandhi		数字の読みがtoken分割と不一致(sandhi等)→要確認
3軒隣の遠い人	3ken-tonari-no-toi-hito	3ken-tonari-no-toi-hito	3ken-tonari-no-toi-hito	訓読み/当て字 or sandhi		数字の読みがtoken分割と不一致(sandhi等)→要確認
にんぽぽ123	ninpopo-1-2-3	ninpopo-1-2-3	ninpopo-1-2-3	訓読み/当て字 or sandhi		数字の読みがtoken分割と不一致(sandhi等)→要確認
タブロウ・ゲート0	taburo-geeto-0	taburo-geeto-0	taburo-geeto-0	訓読み/当て字 or sandhi		数字の読みがtoken分割と不一致(sandhi等)→要確認
ひまわり 2nd episode	himawari-2nd-episode	himawari-2nd-episode	himawari-2nd-episode	latin-mixed		latin混じり(別処理)
17歳。	junanasai	junanasai	junanasai	no-segment		分かち書き無=token置換不可
もっと×2あなたのオモチャ	motto-nikai-anata-no-omocha	motto-nikai-anata-no-omocha	motto-2-kai-anata-no-omocha	音読み→数字(先頭分割)	CHANGED	
もっと×3あなたのオモチャ	motto-sankai-anata-no-omocha	motto-sankai-anata-no-omocha	motto-3-kai-anata-no-omocha	音読み→数字(先頭分割)	CHANGED	
MIO2しちゃお!	miomio-shichao	miomio-shichao	miomio-shichao	latin-mixed		latin混じり(別処理)
おはようケン+ヒヨッコ探偵6	ohayo-ken-hiyokko-tantei-6	ohayo-ken-hiyokko-tantei-6	ohayo-ken-hiyokko-tantei-6	訓読み/当て字 or sandhi		数字の読みがtoken分割と不一致(sandhi等)→要確認
少年No.1	shonen-no1	shonen-no1	shonen-no1	latin-mixed		latin混じり(別処理)
パトライザー3	patoraizaa-surii	patoraizaa-surii	patoraizaa-3	英語読み付随→数字	CHANGED	
3月にはかすみ草	sangatsu-niwa-kasumiso	sangatsu-niwa-kasumiso	3-gatsu-niwa-kasumiso	音読み→数字(先頭分割)	CHANGED	
名探偵コナン沈黙の15分(クォーター)	meitantei-konan-chinmoku-no-kuotaa	meitantei-konan-chinmoku-no-kuotaa	meitantei-konan-chinmoku-no-kuotaa	訓読み/当て字 or sandhi		数字の読みがtoken分割と不一致(sandhi等)→要確認
ブラックギャラクシー6	burakku-gyarakushii-shikkusu	burakku-gyarakushii-shikkusu	burakku-gyarakushii-6	英語読み付随→数字	CHANGED	
40歳からラジコンできるかな?	yonjissai-kara-rajikon-dekirukana	yonjissai-kara-rajikon-dekirukana	40-sai-kara-rajikon-dekirukana	音読み→数字(先頭分割)	CHANGED	
40歳からラジコンできるかな?TYPE-S	yonjussai-kara-rajikon-dekiru-kana-taipu-esu	yonjussai-kara-rajikon-dekiru-kana-taipu-esu	yonjussai-kara-rajikon-dekiru-kana-taipu-esu	latin-mixed		latin混じり(別処理)
エリートヤンキー三郎 第2部	eriito-yankii-saburo	eriito-yankii-saburo	eriito-yankii-saburo	訓読み/当て字 or sandhi		数字の読みがtoken分割と不一致(sandhi等)→要確認
星まで5分!	hoshi-made-5fun	hoshi-made-5fun	hoshi-made-5fun	訓読み/当て字 or sandhi		数字の読みがtoken分割と不一致(sandhi等)→要確認
怪体真書0	kaitai-shinsho-zero	kaitai-shinsho-zero	kaitai-shinsho-0	音読み→数字	CHANGED	
ペルソナ2罪 償いし者たち	perusona-tsu-tsumi-tsugunaishimonotachi	perusona-tsu-tsumi-tsugunaishimonotachi	perusona-2-tsumi-tsugunaishimonotachi	英語読み付随→数字	CHANGED	
ワールドヒーローズ2	waarudo-hiirozu-ni	waarudo-hiirozu-ni	waarudo-hiirozu-2	音読み→数字	CHANGED	
青春鉄道 2014年度版	aoharu-tetsudo	aoharu-tetsudo	aoharu-tetsudo	訓読み/当て字 or sandhi		数字の読みがtoken分割と不一致(sandhi等)→要確認
青春鉄道 2015年度版	aoharu-tetsudo	aoharu-tetsudo	aoharu-tetsudo	訓読み/当て字 or sandhi		数字の読みがtoken分割と不一致(sandhi等)→要確認
青春鉄道 2016年度版	aoharu-tetsudo	aoharu-tetsudo	aoharu-tetsudo	訓読み/当て字 or sandhi		数字の読みがtoken分割と不一致(sandhi等)→要確認
青春鉄道 2017年度版	aoharu-tetsudo	aoharu-tetsudo	aoharu-tetsudo	訓読み/当て字 or sandhi		数字の読みがtoken分割と不一致(sandhi等)→要確認
青春鉄道 2018年度版	aoharu-tetsudo	aoharu-tetsudo	aoharu-tetsudo	訓読み/当て字 or sandhi		数字の読みがtoken分割と不一致(sandhi等)→要確認
ガッツリ食べて-7kg減ゲキウマ糖質制限ダイエット	gattsuri-tabete-7kg-gen-gekiuma-toshitsu-seigen-daietto	gattsuri-tabete-7kg-gen-gekiuma-toshitsu-seigen-daietto	gattsuri-tabete-7kg-gen-gekiuma-toshitsu-seigen-daietto	latin-mixed		latin混じり(別処理)
5階美少女家電売り場でございます	5kai-bishojo-kaden-uriba-de-gozaimasu	5kai-bishojo-kaden-uriba-de-gozaimasu	5kai-bishojo-kaden-uriba-de-5-zaimasu	音読み→数字(先頭分割)	CHANGED	
悠久幻想曲2nd Alubum 公式コミックファンブック	yukyu-gensokyoku-sekando-arubamu	yukyu-gensokyoku-sekando-arubamu	yukyu-gensokyoku-sekando-arubamu	latin-mixed		latin混じり(別処理)
0のコネクション	zero-no-konekushon	zero-no-konekushon	0-no-konekushon	音読み→数字	CHANGED	
12の結婚物語	juni-no-kekkon-monogatari	juni-no-kekkon-monogatari	12-no-kekkon-monogatari	音読み→数字	CHANGED	
1999ノストラダムス地獄のX-file	senkyuhyaku-kujuku-nosutoradamusu-jigoku-no-ekkusu-fairu	senkyuhyaku-kujuku-nosutoradamusu-jigoku-no-ekkusu-fairu	senkyuhyaku-kujuku-nosutoradamusu-jigoku-no-ekkusu-fairu	latin-mixed		latin混じり(別処理)
1999世紀末の大恐怖!!	senkyuhyaku-kujuku-seikimatsu-no-daikyofu	senkyuhyaku-kujuku-seikimatsu-no-daikyofu	1999-seikimatsu-no-daikyofu	音読み→数字	CHANGED	
ファイアーエムブレムトラキア776	faiaa-emuburemu-torakia-nanananaroku	faiaa-emuburemu-torakia-nanananaroku	faiaa-emuburemu-torakia-nanananaroku	訓読み/当て字 or sandhi		数字の読みがtoken分割と不一致(sandhi等)→要確認
11ぴきのねこどろんこ	juippiki-no-neko-doronko	juippiki-no-neko-doronko	11-piki-no-neko-doronko	音読み→数字(先頭分割)	CHANGED	
マンガちょっとHな江戸の小噺200	manga-chotto-h-na-edo-no-kobanashi-200	manga-chotto-h-na-edo-no-kobanashi-200	manga-chotto-h-na-edo-no-kobanashi-200	latin-mixed		latin混じり(別処理)
開幕ベルは2度鳴る	kaimaku-beru-wa-2do-naru	kaimaku-beru-wa-2do-naru	kaimaku-beru-wa-2do-naru	訓読み/当て字 or sandhi		数字の読みがtoken分割と不一致(sandhi等)→要確認
マクロスダイナマイト7	makurosu-dainamaito-7-mireenu-biito	makurosu-dainamaito-7-mireenu-biito	makurosu-dainamaito-7-mireenu-biito	訓読み/当て字 or sandhi		数字の読みがtoken分割と不一致(sandhi等)→要確認
デストロ016	desutoro-zeroichiroku	desutoro-zeroichiroku	desutoro-zeroichiroku	訓読み/当て字 or sandhi		数字の読みがtoken分割と不一致(sandhi等)→要確認
デストロ246	desutoro-246	desutoro-246	desutoro-246	訓読み/当て字 or sandhi		数字の読みがtoken分割と不一致(sandhi等)→要確認
ダストボックス2.5	dasuto-bokkusu-25	dasuto-bokkusu-25	dasuto-bokkusu-25	訓読み/当て字 or sandhi		数字の読みがtoken分割と不一致(sandhi等)→要確認
ダストボックス2.5	dasuto-bokkusu-25	dasuto-bokkusu-25	dasuto-bokkusu-25	訓読み/当て字 or sandhi		数字の読みがtoken分割と不一致(sandhi等)→要確認
15の夏がゆく	jugo-no-natsu-ga-yuku	jugo-no-natsu-ga-yuku	15-no-natsu-ga-yuku	音読み→数字	CHANGED	
ゾン100	zon-hyaku	zon-hyaku	zon-100	音読み→数字	CHANGED	
13号発進せよ	13go-hasshinseyo	13go-hasshinseyo	13go-hasshinseyo	訓読み/当て字 or sandhi		数字の読みがtoken分割と不一致(sandhi等)→要確認
70年目の告白	nanajunenme-no-kokuhaku	nanajunenme-no-kokuhaku	70-nenme-no-kokuhaku	音読み→数字(先頭分割)	CHANGED	
2万光年翔んで新潟	nimankonen-tonde-niigata	nimankonen-tonde-niigata	2-mankonen-tonde-niigata	音読み→数字(先頭分割)	CHANGED	
ファイアーエムブレム4コママンガ劇場	faiaa-emuburemu-yonkoma-manga-gekijo	faiaa-emuburemu-yonkoma-manga-gekijo	faiaa-emuburemu-4-koma-manga-gekijo	音読み→数字(先頭分割)	CHANGED	
黒豹と16歳	kurohyo-to-jurokusai	kurohyo-to-jurokusai	kurohyo-to-16-sai	音読み→数字(先頭分割)	CHANGED	
ピース*2	piisu-tsu	piisu-tsu	piisu-2	英語読み付随→数字	CHANGED	
No.1海童	no-1-kaido	no-1-kaido	no-1-kaido	latin-mixed		latin混じり(別処理)
10年スフレ	10nen-sufure	10nen-sufure	10nen-sufure	訓読み/当て字 or sandhi		数字の読みがtoken分割と不一致(sandhi等)→要確認
秘書・恵純18歳	hisho-ezumi-18sai	hisho-ezumi-18sai	hisho-ezumi-18sai	訓読み/当て字 or sandhi		数字の読みがtoken分割と不一致(sandhi等)→要確認
マカロニ2	makaronitsu	makaronitsu	makaronitsu	no-segment		分かち書き無=token置換不可
大自然のふしぎ50のひみつ	daishizen-no-fushigi-goju-no-himitsu	daishizen-no-fushigi-goju-no-himitsu	daishizen-no-fushigi-50-no-himitsu	音読み→数字	CHANGED	
戦国激女100人伝	sengoku-gekijo-hyakuninden	sengoku-gekijo-hyakuninden	sengoku-gekijo-100-ninden	音読み→数字(先頭分割)	CHANGED	
放課後プレイ2	hokago-purei-tsu	hokago-purei-tsu	hokago-purei-2	英語読み付随→数字	CHANGED	
放課後プレイ3	hokago-purei-3	hokago-purei-3	hokago-purei-3	訓読み/当て字 or sandhi		数字の読みがtoken分割と不一致(sandhi等)→要確認
恋愛1年生	renai-1nensei	renai-1nensei	renai-1nensei	訓読み/当て字 or sandhi		数字の読みがtoken分割と不一致(sandhi等)→要確認
1702忠臣蔵	sennanahyakuni-chushingura	sennanahyakuni-chushingura	1702-chushingura	音読み→数字	CHANGED	
-15歳!美魔女エンヌへの道のり	mainasu-jugosai-bimajoennu-e-no-michinori	mainasu-jugosai-bimajoennu-e-no-michinori	mainasu-15-sai-bimajoennu-e-no-michinori	音読み→数字(先頭分割)	CHANGED	
4×4～お隣さんは4B男子～	fo-bai-fo-otonari-san-wa-yon-bii-danshi	fo-bai-fo-otonari-san-wa-yon-bii-danshi	fo-bai-fo-otonari-san-wa-yon-bii-danshi	latin-mixed		latin混じり(別処理)
人造人間100	jinzo-ningen-hyaku	jinzo-ningen-hyaku	jinzo-ningen-100	音読み→数字	CHANGED	
びんぼうまんが家!都内で月3万円の3DKに住んでます	binbo-mangaka-tonai-de-tsuki-3manen-no-3dk-ni-sundemasu	binbo-mangaka-tonai-de-tsuki-3manen-no-3dk-ni-sundemasu	binbo-mangaka-tonai-de-tsuki-3manen-no-3dk-ni-sundemasu	latin-mixed		latin混じり(別処理)
安い食材が極ウマに大変身!おつまみ100	yasui-shokuzai-ga-gokuma-ni-daihenshin-otsumami-hyaku	yasui-shokuzai-ga-gokuma-ni-daihenshin-otsumami-hyaku	yasui-shokuzai-ga-gokuma-ni-daihenshin-otsumami-100	音読み→数字	CHANGED	
100万円超えの高級時計を買う男ってバカなの?	hyakumanengoe-no-kokyu-dokei-o-kau-otoko-tte-baka-nano	hyakumanengoe-no-kokyu-dokei-o-kau-otoko-tte-baka-nano	100-manengoe-no-kokyu-dokei-o-kau-otoko-tte-baka-nano	音読み→数字(先頭分割)	CHANGED	
藤崎竜作品集1 PSYCHO+	fujisaki-ryu-sakuhinshu-ichi-saiko-purasu	fujisaki-ryu-sakuhinshu-ichi-saiko-purasu	fujisaki-ryu-sakuhinshu-ichi-saiko-purasu	latin-mixed		latin混じり(別処理)
藤崎竜作品集2 サクラテツ対話篇	fujisaki-ryu-sakuhinshu-ni-sakuratetsu-taiwahen	fujisaki-ryu-sakuhinshu-ni-sakuratetsu-taiwahen	fujisaki-ryu-sakuhinshu-2-sakuratetsu-taiwahen	音読み→数字	CHANGED	
藤崎竜作品集3 天球儀	fujisaki-ryu-sakuhinshu-san-tenkyugi	fujisaki-ryu-sakuhinshu-san-tenkyugi	fujisaki-ryu-sakuhinshu-3-tenkyugi	音読み→数字	CHANGED	
ケロロ軍曹4コマまんが	keroro-gunso-yonkoma-manga	keroro-gunso-yonkoma-manga	keroro-gunso-4-koma-manga	音読み→数字(先頭分割)	CHANGED	
ケロロ軍曹4コマ大集合であります!	keroro-gunso-4koma-daishugo-de-arimasu	keroro-gunso-4koma-daishugo-de-arimasu	keroro-gunso-4koma-daishugo-de-arimasu	訓読み/当て字 or sandhi		数字の読みがtoken分割と不一致(sandhi等)→要確認
1日外出録ハンチョウ	ichinichi-gaishutsuroku-hancho	ichinichi-gaishutsuroku-hancho	1-nichi-gaishutsuroku-hancho	音読み→数字(先頭分割)	CHANGED	
賭博堕天録カイジ 地雷ゲーム「17歩」	tobaku-datenroku-kaiji-jirai-geemu-junanaho	tobaku-datenroku-kaiji-jirai-geemu-junanaho	tobaku-datenroku-kaiji-jirai-geemu-17-ho	音読み→数字(先頭分割)	CHANGED	
モンスター烈伝オレカバトル2	monsutaa-retsuden-oreka-batoru-tsu	monsutaa-retsuden-oreka-batoru-tsu	monsutaa-retsuden-oreka-batoru-2	英語読み付随→数字	CHANGED	
剣士を目指して入学したのに魔法適性9999なんですけど!?	kenshi-o-mezashite-nyugaku-shita-noni-maho-tekisei-kyusenkyuhyakukyujukyu-nandesu-kedo	kenshi-o-mezashite-nyugaku-shita-noni-maho-tekisei-kyusenkyuhyakukyujukyu-nandesu-kedo	kenshi-o-mezashite-nyugaku-shita-noni-maho-tekisei-9999-nandesu-kedo	音読み→数字	CHANGED	
40歳になったことだし	yonjissai-ni-natta-koto-dashi	yonjissai-ni-natta-koto-dashi	40-sai-ni-natta-koto-dashi	音読み→数字(先頭分割)	CHANGED	
じょしラク!2 Years Later	joshiraku-tsu-iyaazu-reitaa	joshiraku-tsu-iyaazu-reitaa	joshiraku-tsu-iyaazu-reitaa	latin-mixed		latin混じり(別処理)
15年後に俺たちは	jugonengo-ni-oretachi-wa	jugonengo-ni-oretachi-wa	15-nengo-ni-oretachi-wa	音読み→数字(先頭分割)	CHANGED	
君に注ぐ100dB	kimi-ni-sosogu-hyaku-deshiberu	kimi-ni-sosogu-hyaku-deshiberu	kimi-ni-sosogu-hyaku-deshiberu	latin-mixed		latin混じり(別処理)
学校でいちばん地味な2人が付き合う話	gakko-de-ichiban-jimi-na-futari-ga-tsukiau-hanashi	gakko-de-ichiban-jimi-na-futari-ga-tsukiau-hanashi	gakko-de-ichiban-jimi-na-futari-ga-tsukiau-hanashi	訓読み/当て字 or sandhi		数字の読みがtoken分割と不一致(sandhi等)→要確認
ブルーアーカイブ便利屋68業務日誌	buru-aakaibu-benriya-rokuhachi-gyomu-nisshi	buru-aakaibu-benriya-rokuhachi-gyomu-nisshi	buru-aakaibu-benriya-rokuhachi-gyomu-nisshi	訓読み/当て字 or sandhi		数字の読みがtoken分割と不一致(sandhi等)→要確認
1・2・3でキメてあげる	kaunto-surii-de-kimete-ageru	kaunto-surii-de-kimete-ageru	kaunto-3-de-kimete-ageru	英語読み付随→数字 ; 訓読み/当て字 or sandhi	CHANGED	数字の読みがtoken分割と不一致(sandhi等)→要確認
0戦チャンピオン	0sen-chanpion	0sen-chanpion	0sen-chanpion	訓読み/当て字 or sandhi		数字の読みがtoken分割と不一致(sandhi等)→要確認
0戦仮面	0sen-kamen	0sen-kamen	0sen-kamen	訓読み/当て字 or sandhi		数字の読みがtoken分割と不一致(sandhi等)→要確認
11月でも花火	juichigatsudemohanabi	juichigatsudemohanabi	juichigatsudemohanabi	no-segment		分かち書き無=token置換不可
あすなろ白書 第2部	asunaro-hakusho	asunaro-hakusho	asunaro-hakusho	訓読み/当て字 or sandhi		数字の読みがtoken分割と不一致(sandhi等)→要確認
東京ラブストーリーAfter 25 years	tokyo-rabu-sutorii-afutaa-toenteifaibu-iyaazu	tokyo-rabu-sutorii-afutaa-toenteifaibu-iyaazu	tokyo-rabu-sutorii-afutaa-toenteifaibu-iyaazu	latin-mixed		latin混じり(別処理)
こち亀'76	kochikame-nanajuroku	kochikame-nanajuroku	kochikame-76	音読み→数字	CHANGED	
こち亀’77	kochikame-nanajunana	kochikame-nanajunana	kochikame-77	音読み→数字	CHANGED	
こち亀'78	kochikame	kochikame	kochikame	no-segment		分かち書き無=token置換不可
こち亀'79	kochikame-nanajukyu	kochikame-nanajukyu	kochikame-79	音読み→数字	CHANGED	
こち亀'80	kochikame-hachiju	kochikame-hachiju	kochikame-80	音読み→数字	CHANGED	
こち亀'81	kochikame-hachijuichi	kochikame-hachijuichi	kochikame-81	音読み→数字	CHANGED	
こち亀'86	kochikame-hachijuroku	kochikame-hachijuroku	kochikame-86	音読み→数字	CHANGED	
こち亀'87	kochikame-hachijunana	kochikame-hachijunana	kochikame-87	音読み→数字	CHANGED	
こち亀'88	kochikame-hachijuhachi	kochikame-hachijuhachi	kochikame-88	音読み→数字	CHANGED	
こち亀'89	kochikame-hachijukyu	kochikame-hachijukyu	kochikame-89	音読み→数字	CHANGED	
こち亀'90	kochikame-kyuju	kochikame-kyuju	kochikame-90	音読み→数字	CHANGED	
こち亀'92	kochikame-kyujuni	kochikame-kyujuni	kochikame-92	音読み→数字	CHANGED	
こち亀'93	kochikame-kyuju-san	kochikame-kyuju-san	kochikame-93	音読み→数字	CHANGED	
こち亀'94	kochikame-kyujuyon	kochikame-kyujuyon	kochikame-94	音読み→数字	CHANGED	
こち亀'95	kochikame-kyujugo	kochikame-kyujugo	kochikame-95	音読み→数字	CHANGED	
こち亀'98	kochikame-kyujuhachi	kochikame-kyujuhachi	kochikame-98	音読み→数字	CHANGED	
こち亀'99	kochikame-kyujukyu	kochikame-kyujukyu	kochikame-99	音読み→数字	CHANGED	
こち亀2000	kochikame-nisen	kochikame-nisen	kochikame-2000	音読み→数字	CHANGED	
秋本治のナイス!なチョイスこち亀50周年!!	akimoto-osamu-no-naisu-na-choisu-kochikame-goju-shunen	akimoto-osamu-no-naisu-na-choisu-kochikame-goju-shunen	akimoto-osamu-no-naisu-na-choisu-kochikame-50-shunen	音読み→数字	CHANGED	
平成こち亀 20年	heisei-kochikame-nijunen	heisei-kochikame-nijunen	heisei-kochikame-20-nen	音読み→数字(先頭分割)	CHANGED	
平成こち亀 21年	heisei-kochikame-nijuichinen	heisei-kochikame-nijuichinen	heisei-kochikame-21-nen	音読み→数字(先頭分割)	CHANGED	
平成こち亀 22年	heisei-kochikame-nijuninen	heisei-kochikame-nijuninen	heisei-kochikame-22-nen	音読み→数字(先頭分割)	CHANGED	
平成こち亀10年	heisei-kochikame-junen	heisei-kochikame-junen	heisei-kochikame-10-nen	音読み→数字(先頭分割)	CHANGED	
平成こち亀11年	heisei-kochikame-juichinen	heisei-kochikame-juichinen	heisei-kochikame-11-nen	音読み→数字(先頭分割)	CHANGED	
平成こち亀12年	heisei-kochikame-juninen	heisei-kochikame-juninen	heisei-kochikame-12-nen	音読み→数字(先頭分割)	CHANGED	
平成こち亀13年	heisei-kochikame-jusannen	heisei-kochikame-jusannen	heisei-kochikame-13-nen	音読み→数字(先頭分割)	CHANGED	
平成こち亀14年	heisei-kochikame-juyonnen	heisei-kochikame-juyonnen	heisei-kochikame-14-nen	音読み→数字(先頭分割)	CHANGED	
平成こち亀15年	heisei-kochikame-jugonen	heisei-kochikame-jugonen	heisei-kochikame-15-nen	音読み→数字(先頭分割)	CHANGED	
平成こち亀16年	heisei-kochikame-jurokunen	heisei-kochikame-jurokunen	heisei-kochikame-16-nen	音読み→数字(先頭分割)	CHANGED	
平成こち亀17年	heisei-kochikame-junananen	heisei-kochikame-junananen	heisei-kochikame-17-nen	音読み→数字(先頭分割)	CHANGED	
平成こち亀18年	heisei-kochikame-juhachinen	heisei-kochikame-juhachinen	heisei-kochikame-18-nen	音読み→数字(先頭分割)	CHANGED	
平成こち亀19年	heisei-kochikame-jukyunen	heisei-kochikame-jukyunen	heisei-kochikame-19-nen	音読み→数字(先頭分割)	CHANGED	
平成こち亀23年	heisei-kochikame-nijusannen	heisei-kochikame-nijusannen	heisei-kochikame-23-nen	音読み→数字(先頭分割)	CHANGED	
平成こち亀24年	heisei-kochikame-nijuyonnen	heisei-kochikame-nijuyonnen	heisei-kochikame-24-nen	音読み→数字(先頭分割)	CHANGED	
平成こち亀25年	heisei-kochikame-nijugonen	heisei-kochikame-nijugonen	heisei-kochikame-25-nen	音読み→数字(先頭分割)	CHANGED	
平成こち亀26年	heisei-kochikame-nijurokunen	heisei-kochikame-nijurokunen	heisei-kochikame-26-nen	音読み→数字(先頭分割)	CHANGED	
平成こち亀27年	heisei-kochikame-nijunananen	heisei-kochikame-nijunananen	heisei-kochikame-27-nen	音読み→数字(先頭分割)	CHANGED	
平成こち亀28年	heisei-kochikame-nijuhachinen	heisei-kochikame-nijuhachinen	heisei-kochikame-28-nen	音読み→数字(先頭分割)	CHANGED	
平成こち亀2年	heisei-kochikame-2nen	heisei-kochikame-2nen	heisei-kochikame-2nen	訓読み/当て字 or sandhi		数字の読みがtoken分割と不一致(sandhi等)→要確認
平成こち亀3年	heisei-kochikame-3nen	heisei-kochikame-3nen	heisei-kochikame-3nen	訓読み/当て字 or sandhi		数字の読みがtoken分割と不一致(sandhi等)→要確認
平成こち亀4年	heisei-kochikame-yonen	heisei-kochikame-yonen	heisei-kochikame-yonen	訓読み/当て字 or sandhi		数字の読みがtoken分割と不一致(sandhi等)→要確認
平成こち亀5年	heisei-kochikame-gonen	heisei-kochikame-gonen	heisei-kochikame-5-nen	音読み→数字(先頭分割)	CHANGED	
平成こち亀6年	heisei-kochikame-rokunen	heisei-kochikame-rokunen	heisei-kochikame-6-nen	音読み→数字(先頭分割)	CHANGED	
平成こち亀7年	heisei-kochikame-nananen	heisei-kochikame-nananen	heisei-kochikame-7-nen	音読み→数字(先頭分割)	CHANGED	
平成こち亀8年	heisei-kochikame-hachinen	heisei-kochikame-hachinen	heisei-kochikame-8-nen	音読み→数字(先頭分割)	CHANGED	
平成こち亀9年	heisei-kochikame-kyunen	heisei-kochikame-kyunen	heisei-kochikame-9-nen	音読み→数字(先頭分割)	CHANGED	
青春エンドロール113	seishun-endororu-hyakuju-san	seishun-endororu-hyakuju-san	seishun-endororu-113	音読み→数字	CHANGED	
相愛シネマトグラフ113	soai-shinematogurafu-hyakuju-san	soai-shinematogurafu-hyakuju-san	soai-shinematogurafu-113	音読み→数字	CHANGED	
血界戦線back 2 back	kekkai-sensen-bakku-tsu-bakku	kekkai-sensen-bakku-tsu-bakku	kekkai-sensen-bakku-tsu-bakku	latin-mixed		latin混じり(別処理)
血界戦線Back 2 Back	kekkai-sensen-bakku-tsu-bakku	kekkai-sensen-bakku-tsu-bakku	kekkai-sensen-bakku-tsu-bakku	latin-mixed		latin混じり(別処理)
血界戦線Beat 3 Peat	kekkai-sensen-biito-surii-piito	kekkai-sensen-biito-surii-piito	kekkai-sensen-biito-surii-piito	latin-mixed		latin混じり(別処理)
ガロ1968前衛マンガの試行と軌跡	garo-senkyuhyakurokujuhachi-zenei-manga-no-shiko-to-kiseki	garo-senkyuhyakurokujuhachi-zenei-manga-no-shiko-to-kiseki	garo-1968-zenei-manga-no-shiko-to-kiseki	音読み→数字	CHANGED	
2年ね太郎	2nen-netaro	2nen-netaro	2nen-netaro	訓読み/当て字 or sandhi		数字の読みがtoken分割と不一致(sandhi等)→要確認
カムイ外伝第1部	kamui-gaiden-dai-ichibu	kamui-gaiden-dai-ichibu	kamui-gaiden-dai-1-bu	音読み→数字(先頭分割)	CHANGED	
カムイ外伝第2部	kamui-gaiden-dai-nibu	kamui-gaiden-dai-nibu	kamui-gaiden-dai-2-bu	音読み→数字(先頭分割)	CHANGED	
カムイ伝 第2部	kamui-dendai-2bu	kamui-dendai-2bu	kamui-dendai-2bu	訓読み/当て字 or sandhi		数字の読みがtoken分割と不一致(sandhi等)→要確認
カムイ伝全集 第1部	kamui-den-zenshu	kamui-den-zenshu	kamui-den-zenshu	訓読み/当て字 or sandhi		数字の読みがtoken分割と不一致(sandhi等)→要確認
カムイ伝全集 第2部	kamui-den-zenshu	kamui-den-zenshu	kamui-den-zenshu	訓読み/当て字 or sandhi		数字の読みがtoken分割と不一致(sandhi等)→要確認
67歳の新人	rokujunanasai-no-shinjin	rokujunanasai-no-shinjin	67-sai-no-shinjin	音読み→数字(先頭分割)	CHANGED	
2001+5	nisen-ichi-purasu-go	nisen-ichi-purasu-go	2001-purasu-5	音読み→数字	CHANGED	
2001夜物語	2001yamonogatari	2001yamonogatari	2001yamonogatari	no-segment		分かち書き無=token置換不可
38歳バツイチ独身女がマッチングアプリをやってみたヤバい結果日記	sanjuhassai-batsuichi-dokushin-onna-ga-matchingu-apuri-wo-yattemita-yabai-kekka-nikki	sanjuhassai-batsuichi-dokushin-onna-ga-matchingu-apuri-wo-yattemita-yabai-kekka-nikki	38-sai-batsuichi-dokushin-onna-ga-matchingu-apuri-wo-yattemita-yabai-kekka-nikki	音読み→数字(先頭分割)	CHANGED	
38歳バツイチ独身女がマッチングアプリをやってみた結果日記	sanjuhassai-batsuichi-dokushinonna-ga-matchingu-apuri-o-yatte-mita-kekka-nikki	sanjuhassai-batsuichi-dokushinonna-ga-matchingu-apuri-o-yatte-mita-kekka-nikki	38-sai-batsuichi-dokushinonna-ga-matchingu-apuri-o-yatte-mita-kekka-nikki	音読み→数字(先頭分割)	CHANGED	
ストⅡ 爆笑!!4コマギャグ外伝	suto-tsu-bakusho-yonkoma-gyagu-gaiden	suto-tsu-bakusho-yonkoma-gyagu-gaiden	suto-tsu-bakusho-4-koma-gyagu-gaiden	音読み→数字(先頭分割)	CHANGED	
ストⅡ爆笑!!4コマギャグ外伝	suto-ni-bakusho-yonkoma-gyagu-gaiden	suto-ni-bakusho-yonkoma-gyagu-gaiden	suto-ni-bakusho-4-koma-gyagu-gaiden	音読み→数字(先頭分割)	CHANGED	
341戦闘団	sanbyakuyonjuichi-sentodan	sanbyakuyonjuichi-sentodan	341-sentodan	音読み→数字	CHANGED	
8ビートのリーズンたち	eitobiito-no-riizuntachi	eitobiito-no-riizuntachi	8-biito-no-riizuntachi	英語読み(先頭分割)	CHANGED	
100	hyaku	hyaku	hyaku	no-segment		分かち書き無=token置換不可
101	hyakuichi	hyakuichi	hyakuichi	no-segment		分かち書き無=token置換不可
7年目の制服・君が教えてくれるすべて	7nenme-no-seifuku-kimi-ga-oshietekureru-subete	7nenme-no-seifuku-kimi-ga-oshietekureru-subete	7nenme-no-seifuku-kimi-ga-oshietekureru-subete	訓読み/当て字 or sandhi		数字の読みがtoken分割と不一致(sandhi等)→要確認
豪血寺一族2	goketsuji-ichizoku-ni	goketsuji-ichizoku-ni	goketsuji-ichizoku-2	音読み→数字	CHANGED	
17	sebunteiin	sebunteiin	sebunteiin	no-segment		分かち書き無=token置換不可
ちびギアス4コマのるるーしゅ	chibi-giasu-4koma-no-rurushu	chibi-giasu-4koma-no-rurushu	chibi-giasu-4koma-no-rurushu	訓読み/当て字 or sandhi		数字の読みがtoken分割と不一致(sandhi等)→要確認
君とは2度とキスできない	kimi-towa-nido-to-kisu-dekinai	kimi-towa-nido-to-kisu-dekinai	kimi-towa-2-do-to-kisu-dekinai	音読み→数字(先頭分割)	CHANGED	
「おつきあい」の壁を乗り越え48キロやせました	otsukiai-no-kabe-o-norikoe-yonjuhachikiro-yasemashita	otsukiai-no-kabe-o-norikoe-yonjuhachikiro-yasemashita	otsukiai-no-kabe-o-norikoe-48-kiro-yasemashita	音読み→数字(先頭分割)	CHANGED	
1%の恋	ichipaasento-no-koi	ichipaasento-no-koi	1-paasento-no-koi	音読み→数字(先頭分割)	CHANGED	
めぐる88	meguru-88	meguru-88	meguru-88	訓読み/当て字 or sandhi		数字の読みがtoken分割と不一致(sandhi等)→要確認
恋愛3次元デビュー	renai-sanjigen-debyu	renai-sanjigen-debyu	renai-3-jigen-debyu	音読み→数字(先頭分割)	CHANGED	
10月のプラネタリウム	10gatsu-no-puranetariumu	10gatsu-no-puranetariumu	10gatsu-no-puranetariumu	訓読み/当て字 or sandhi		数字の読みがtoken分割と不一致(sandhi等)→要確認
初夜2	vaajin-naito-2	vaajin-naito-2	vaajin-naito-2	訓読み/当て字 or sandhi		数字の読みがtoken分割と不一致(sandhi等)→要確認
5080	gosen-hachiju	gosen-hachiju	5080	音読み→数字	CHANGED	
かいけつゾロリ4コマ大作戦	kaiketsu-zorori-4koma-daisakusen	kaiketsu-zorori-4koma-daisakusen	kaiketsu-zorori-4koma-daisakusen	訓読み/当て字 or sandhi		数字の読みがtoken分割と不一致(sandhi等)→要確認
鉄ヲタ少女500番台	tetsuota-shojo-gohyakubandai	tetsuota-shojo-gohyakubandai	tetsuota-shojo-500-bandai	音読み→数字(先頭分割)	CHANGED	
三原順傑作選'70s	mihara-jun-kessakusen-sebunteiizu	mihara-jun-kessakusen-sebunteiizu	mihara-jun-kessakusen-sebunteiizu	latin-mixed		latin混じり(別処理)
三原順傑作選'80s	mihara-jun-kessakusen-80s	mihara-jun-kessakusen-80s	mihara-jun-kessakusen-80s	latin-mixed		latin混じり(別処理)
50×50	fifutei-fifutei	fifutei-fifutei	fifty-fifutei	英語読み→英単語	CHANGED	
北くんがかわいすぎて手に余るので、3人でシェアすることにしました。	kita-kun-ga-kawai-sugite-te-ni-amaru-node-sannin-de-shiea-suru-koto-ni-shimashita	kita-kun-ga-kawai-sugite-te-ni-amaru-node-sannin-de-shiea-suru-koto-ni-shimashita	kita-kun-ga-kawai-sugite-te-ni-amaru-node-3-nin-de-shiea-suru-koto-ni-shimashita	音読み→数字(先頭分割)	CHANGED	
8年越しの花嫁	hachinengoshi-no-hanayome	hachinengoshi-no-hanayome	8-nengoshi-no-hanayome	音読み→数字(先頭分割)	CHANGED	
裁判長!ぼくの弟懲役4年でどうすか	saibancho-boku-no-ototo-choeki-4nen-de-dosuka	saibancho-boku-no-ototo-choeki-4nen-de-dosuka	saibancho-boku-no-ototo-choeki-4nen-de-dosuka	訓読み/当て字 or sandhi		数字の読みがtoken分割と不一致(sandhi等)→要確認
3万円の彼氏	3manen-no-kareshi	3manen-no-kareshi	3manen-no-kareshi	訓読み/当て字 or sandhi		数字の読みがtoken分割と不一致(sandhi等)→要確認
14歳の恋	juyonsai-no-koi	juyonsai-no-koi	14-sai-no-koi	音読み→数字(先頭分割)	CHANGED	
Cl 1/菜園モノクローム	shiieru-ichi-saien-monokuromu	shiieru-ichi-saien-monokuromu	shiieru-ichi-saien-monokuromu	latin-mixed		latin混じり(別処理)
うのはな3姉妹	unohana-3shimai	unohana-3shimai	unohana-3shimai	訓読み/当て字 or sandhi		数字の読みがtoken分割と不一致(sandhi等)→要確認
初情事まであと1時間	hatsujoji-made-ato-ichijikan	hatsujoji-made-ato-ichijikan	hatsujoji-made-ato-1-jikan	音読み→数字(先頭分割)	CHANGED	
野々村リリ子23才	nonomura-ririko-nijusansai	nonomura-ririko-nijusansai	nonomura-ririko-23-sai	音読み→数字(先頭分割)	CHANGED	
ガン!ガン!ガンバライド!!仮面ライダー4コマギャグ百科	gan-gan-ganbaraido-kamen-raidaa-yonkoma-gyagu-hyakka	gan-gan-ganbaraido-kamen-raidaa-yonkoma-gyagu-hyakka	gan-gan-ganbaraido-kamen-raidaa-4-koma-gyagu-hyakka	音読み→数字(先頭分割)	CHANGED	
ログ・ホライズン 4コマアンソロジー	rogu-horaizun-yonkoma-ansorojii	rogu-horaizun-yonkoma-ansorojii	rogu-horaizun-4-koma-ansorojii	音読み→数字(先頭分割)	CHANGED	
プリズマ・イリヤ2wei!	purizuma-iriya-2wei	purizuma-iriya-2wei	purizuma-iriya-2wei	latin-mixed		latin混じり(別処理)
プリズマ☆イリヤ2wei!	purizuma-iriya-tsuvai	purizuma-iriya-tsuvai	purizuma-iriya-tsuvai	latin-mixed		latin混じり(別処理)
東京闇虫-2nd scenario-パンドラ	tokyo-yamimushi-sekando-shinario-pandora	tokyo-yamimushi-sekando-shinario-pandora	tokyo-yamimushi-sekando-shinario-pandora	latin-mixed		latin混じり(別処理)
44歳の彼女	yonjuyonsai-no-kanojo	yonjuyonsai-no-kanojo	44-sai-no-kanojo	音読み→数字(先頭分割)	CHANGED	
018	rabu-eiteiin	rabu-eiteiin	rabu-eighteen	英語読み→英単語	CHANGED	
500年の営み	500nen-no-itonami	500nen-no-itonami	500nen-no-itonami	訓読み/当て字 or sandhi		数字の読みがtoken分割と不一致(sandhi等)→要確認
アイドルマスター2 the world is all one!!	aidoru-masutaa-tsu-za-waarudo-izu-oru-wan	aidoru-masutaa-tsu-za-waarudo-izu-oru-wan	aidoru-masutaa-tsu-za-waarudo-izu-oru-wan	latin-mixed		latin混じり(別処理)
アイドルマスター2 The world is all one!!	aidoru-masutaa-tsu-za-waarudo-izu-oru-wan	aidoru-masutaa-tsu-za-waarudo-izu-oru-wan	aidoru-masutaa-tsu-za-waarudo-izu-oru-wan	latin-mixed		latin混じり(別処理)
夏休みを666倍楽しむ方法	natsuyasumi-o-666bai-tanoshimu-hoho	natsuyasumi-o-666bai-tanoshimu-hoho	natsuyasumi-o-666bai-tanoshimu-hoho	訓読み/当て字 or sandhi		数字の読みがtoken分割と不一致(sandhi等)→要確認
日本史人物55人のひみつ	nihonshi-jinbutsu-gojugonin-no-himitsu	nihonshi-jinbutsu-gojugonin-no-himitsu	nihonshi-jinbutsu-55-nin-no-himitsu	音読み→数字(先頭分割)	CHANGED	
もっとも淫靡で残酷な6人の姫君	mottomo-inbi-de-zankoku-na-6nin-no-himegimi	mottomo-inbi-de-zankoku-na-6nin-no-himegimi	mottomo-inbi-de-zankoku-na-6nin-no-himegimi	訓読み/当て字 or sandhi		数字の読みがtoken分割と不一致(sandhi等)→要確認
オブジェクト13	obujiekuto-ju-san	obujiekuto-ju-san	obujiekuto-13	音読み→数字	CHANGED	
ペルソナ2罪	perusona-2-tsumi	perusona-2-tsumi	perusona-2-tsumi	訓読み/当て字 or sandhi		数字の読みがtoken分割と不一致(sandhi等)→要確認
イ-58浮上せり	i58-fujoseri	i58-fujoseri	i58-fujoseri	訓読み/当て字 or sandhi		数字の読みがtoken分割と不一致(sandhi等)→要確認
〔○生〕お仕事ウラ話読者投稿ベスト 元スタッフが激白!衝撃ヤバヤバ業界(秘)スクープ416p!!	nama-oshigoto-urabanashi-dokusha-toko-besuto-moto-sutaffu-ga-gekihaku-shogeki-yabayaba-gyokai-hi-sukupu-yonhyakujuroku-pii	nama-oshigoto-urabanashi-dokusha-toko-besuto-moto-sutaffu-ga-gekihaku-shogeki-yabayaba-gyokai-hi-sukupu-yonhyakujuroku-pii	nama-oshigoto-urabanashi-dokusha-toko-besuto-moto-sutaffu-ga-gekihaku-shogeki-yabayaba-gyokai-hi-sukupu-yonhyakujuroku-pii	latin-mixed		latin混じり(別処理)
〔○生〕トンデモ冠婚葬祭読者投稿ベスト 結婚式こぼれ話!新郎新婦ドタバタ目撃談416p!!	nama-tondemo-kankon-sosai-dokusha-toko-besuto-kekkonshiki-koborebanashi-shinro-shinpu-dotabata-mokugekidan-yonhyakujuroku-pii	nama-tondemo-kankon-sosai-dokusha-toko-besuto-kekkonshiki-koborebanashi-shinro-shinpu-dotabata-mokugekidan-yonhyakujuroku-pii	nama-tondemo-kankon-sosai-dokusha-toko-besuto-kekkonshiki-koborebanashi-shinro-shinpu-dotabata-mokugekidan-yonhyakujuroku-pii	latin-mixed		latin混じり(別処理)
メガ盛!本当にあった〔○生〕)絶叫パニック24時SP	megamori-honto-ni-atta-nama-zekkyo-panikku-nijuyoji-esupii	megamori-honto-ni-atta-nama-zekkyo-panikku-nijuyoji-esupii	megamori-honto-ni-atta-nama-zekkyo-panikku-nijuyoji-esupii	latin-mixed		latin混じり(別処理)
本当にあった〔○生〕冬の読者投稿3大スクープSP	honto-ni-atta-nama-fuyu-no-dokusha-toko-sandai-sukupu-esupii	honto-ni-atta-nama-fuyu-no-dokusha-toko-sandai-sukupu-esupii	honto-ni-atta-nama-fuyu-no-dokusha-toko-sandai-sukupu-esupii	latin-mixed		latin混じり(別処理)
0リー打越くん!!	0rii-uchikoshi-kun	0rii-uchikoshi-kun	0rii-uchikoshi-kun	訓読み/当て字 or sandhi		数字の読みがtoken分割と不一致(sandhi等)→要確認
MM 2号	emuemu-nigo	emuemu-nigo	emuemu-nigo	latin-mixed		latin混じり(別処理)
3P始めました!!	sanpii-hajimemashita	sanpii-hajimemashita	sanpii-hajimemashita	latin-mixed		latin混じり(別処理)
21エモン	nijuichiemon	nijuichiemon	nijuichiemon	no-segment		分かち書き無=token置換不可
ドラえもんまんがセレクションstand by meドラえもん2スペシャル	doraemon-manga-serekushon-sutando-bai-mii-doraemon-tsu-supesharu	doraemon-manga-serekushon-sutando-bai-mii-doraemon-tsu-supesharu	doraemon-manga-serekushon-sutando-bai-mii-doraemon-tsu-supesharu	latin-mixed		latin混じり(別処理)
ドラえもんまんがセレクションTVアニメ40周年!スペシャル	doraemon-manga-serekushon-teiibui-anime-yonjutsu-shunen-supesharu	doraemon-manga-serekushon-teiibui-anime-yonjutsu-shunen-supesharu	doraemon-manga-serekushon-teiibui-anime-yonjutsu-shunen-supesharu	latin-mixed		latin混じり(別処理)
ドラえもんまんがセレクションドラえもん50周年!スペシャル	doraemon-manga-serekushon-doraemon-gojutsu-shunen-supesharu	doraemon-manga-serekushon-doraemon-gojutsu-shunen-supesharu	doraemon-manga-serekushon-doraemon-gojutsu-shunen-supesharu	訓読み/当て字 or sandhi		数字の読みがtoken分割と不一致(sandhi等)→要確認
ドラえもんまんがセレクションドラえもん誕生日90年前!スペシャル!	doraemon-manga-serekushon-doraemon-tanjobi-kyujunenmae-supesharu	doraemon-manga-serekushon-doraemon-tanjobi-kyujunenmae-supesharu	doraemon-manga-serekushon-doraemon-tanjobi-90-nenmae-supesharu	音読み→数字(先頭分割)	CHANGED	
ドラえもんまんがセレクション映画ドラえもんのび太の宇宙小戦争2021祝♪公開スペシャル!	doraemon-manga-serekushon-eiga-doraemon-nobita-no-uchu-shosenso-nisennijuichi-shuku-kokai-supesharu	doraemon-manga-serekushon-eiga-doraemon-nobita-no-uchu-shosenso-nisennijuichi-shuku-kokai-supesharu	doraemon-manga-serekushon-eiga-doraemon-nobita-no-uchu-shosenso-2021-shuku-kokai-supesharu	音読み→数字	CHANGED	
ドラえもんまんがセレクション映画ドラえもんのび太の宇宙小旅行2021再始動!スペシャル	doraemon-manga-serekushon-eiga-doraemon-nobita-no-uchu-shoryoko-nisennijuichi-saishido-supesharu	doraemon-manga-serekushon-eiga-doraemon-nobita-no-uchu-shoryoko-nisennijuichi-saishido-supesharu	doraemon-manga-serekushon-eiga-doraemon-nobita-no-uchu-shoryoko-2021-saishido-supesharu	音読み→数字	CHANGED	
ドラえもんまんがセレクション藤子・F・不二雄ミュージアム10周年スペシャル	doraemon-manga-serekushon-fujiko-efu-fujio-myujiamu-jutsu-shunen-supesharu	doraemon-manga-serekushon-fujiko-efu-fujio-myujiamu-jutsu-shunen-supesharu	doraemon-manga-serekushon-fujiko-efu-fujio-myujiamu-jutsu-shunen-supesharu	latin-mixed		latin混じり(別処理)
ドラえもん巻頭まんが作品45	doraemon-kanto-manga-sakuhin-45	doraemon-kanto-manga-sakuhin-45	doraemon-kanto-manga-sakuhin-45	訓読み/当て字 or sandhi		数字の読みがtoken分割と不一致(sandhi等)→要確認
のび太の恐竜2006	nobita-no-kyoryu-2006	nobita-no-kyoryu-2006	nobita-no-kyoryu-2006	訓読み/当て字 or sandhi		数字の読みがtoken分割と不一致(sandhi等)→要確認
のび太の新魔界大冒険 7人の魔法使い	nobita-no-shin-makai-daiboken-shichinin-no-mahotsukai	nobita-no-shin-makai-daiboken-shichinin-no-mahotsukai	nobita-no-shin-makai-daiboken-7-nin-no-mahotsukai	音読み→数字(先頭分割)	CHANGED	
ミラ・クル・1	mira-kuru-wan	mira-kuru-wan	mira-kuru-1	英語読み付随→数字	CHANGED	
映画2112年ドラえもん誕生	eiga-nisenjuninen-doraemon-tanjo	eiga-nisenjuninen-doraemon-tanjo	eiga-nisenjuninen-doraemon-tanjo	訓読み/当て字 or sandhi		数字の読みがtoken分割と不一致(sandhi等)→要確認
映画21エモン	eiga-nijuichi-emon	eiga-nijuichi-emon	eiga-21-emon	音読み→数字	CHANGED	
映画STAND BY MEドラえもん2	eiga-sutando-bai-mii-doraemon-tsu	eiga-sutando-bai-mii-doraemon-tsu	eiga-sutando-bai-mii-doraemon-tsu	latin-mixed		latin混じり(別処理)
新・のび太の大魔境 ペコと5人の探検隊	shin-nobita-no-daimakyo-peko-to-gonin-no-tankentai	shin-nobita-no-daimakyo-peko-to-gonin-no-tankentai	shin-nobita-no-daimakyo-peko-to-5-nin-no-tankentai	音読み→数字(先頭分割)	CHANGED	
ドラゴンクエスト〔Ⅹ〕4コママンガ劇場	doragon-kuesuto-ten-yonkoma-manga-gekijo	doragon-kuesuto-ten-yonkoma-manga-gekijo	doragon-kuesuto-ten-4-koma-manga-gekijo	音読み→数字(先頭分割)	CHANGED	
15で少女は、あれになる。	jugo-de-shojo-wa-are-ni-naru	jugo-de-shojo-wa-are-ni-naru	15-de-shojo-wa-are-ni-naru	音読み→数字	CHANGED	
11月物語	juichigatsumonogatari	juichigatsumonogatari	juichigatsumonogatari	no-segment		分かち書き無=token置換不可
みのりと100人のお嬢様	minori-to-100nin-no-ojo-sama	minori-to-100nin-no-ojo-sama	minori-to-100nin-no-ojosama	訓読み/当て字 or sandhi	CHANGED	数字の読みがtoken分割と不一致(sandhi等)→要確認
from 701号室	furomu-701-goshitsu	furomu-701-goshitsu	furomu-701-goshitsu	latin-mixed		latin混じり(別処理)
ハニカミ the 4コマ	hanikami-the-4koma	hanikami-the-4koma	hanikami-the-4koma	latin-mixed		latin混じり(別処理)
ラブゾンビ!?2～the Kiss～	rabu-zonbi-ni-za-kisu	rabu-zonbi-ni-za-kisu	rabu-zonbi-ni-za-kisu	latin-mixed		latin混じり(別処理)
東京ミュウミュウ2020り・たーん	tokyo-myumyu-nisenniju-ritaan	tokyo-myumyu-nisenniju-ritaan	tokyo-myumyu-2020-ritaan	音読み→数字	CHANGED	
R17レイテッドセブンティーン	aaru-junana-reiteddo-sebunteiin	aaru-junana-reiteddo-sebunteiin	aaru-junana-reiteddo-sebunteiin	latin-mixed		latin混じり(別処理)
なるこう飼育部039!	naruko-shiikubu-osankyu	naruko-shiikubu-osankyu	naruko-shiikubu-osankyu	訓読み/当て字 or sandhi		数字の読みがtoken分割と不一致(sandhi等)→要確認
モンスター娘のいる日常4コマアンソロジー	monsutaamusume-no-iru-nichijo-4koma-ansorojii	monsutaamusume-no-iru-nichijo-4koma-ansorojii	monsutaamusume-no-iru-nichijo-4koma-ansorojii	訓読み/当て字 or sandhi		数字の読みがtoken分割と不一致(sandhi等)→要確認
Capeta 16歳のF3パイロット編	kapeta-jurokusai-no-efusurii-pairottohen	kapeta-jurokusai-no-efusurii-pairottohen	kapeta-jurokusai-no-efusurii-pairottohen	latin-mixed		latin混じり(別処理)
Capeta F3マカオグランプリ編	kapeta-efusurii-makao-guranpurihen	kapeta-efusurii-makao-guranpurihen	kapeta-efusurii-makao-guranpurihen	latin-mixed		latin混じり(別処理)
ミカコ72歳	mikako-nanajunisai	mikako-nanajunisai	mikako-72-sai	音読み→数字(先頭分割)	CHANGED	
合コン1000回、結婚1回!	gokon-senkai-kekkon-ikkai	gokon-senkai-kekkon-ikkai	gokon-1000-kai-kekkon-1-kai	音読み→数字(先頭分割)	CHANGED	
無慈悲な8bit	mujihi-na-eito-bitto	mujihi-na-eito-bitto	mujihi-na-eito-bitto	latin-mixed		latin混じり(別処理)
まんが古典落語36話	mangakotenrakugo36wa	mangakotenrakugo36wa	mangakotenrakugo36wa	no-segment		分かち書き無=token置換不可
0マン	0man	0man	0man	no-segment		分かち書き無=token置換不可
0マン 少年サンデー版	zeroman-shonen-sandeeban	zeroman-shonen-sandeeban	0-man-shonen-sandeeban	音読み→数字(先頭分割)	CHANGED	
1冊で3度楽しめる手塚治虫ヒット選集	1satsu-de-3do-tanoshimeru-tezuka-osamu-hitto-senshu	1satsu-de-3do-tanoshimeru-tezuka-osamu-hitto-senshu	1satsu-de-3do-tanoshimeru-tezuka-osamu-hitto-senshu	訓読み/当て字 or sandhi		数字の読みがtoken分割と不一致(sandhi等)→要確認
38度線上の怪物	38do-senjo-no-kaibutsu	38do-senjo-no-kaibutsu	38do-senjo-no-kaibutsu	訓読み/当て字 or sandhi		数字の読みがtoken分割と不一致(sandhi等)→要確認
あなたが選ぶブラック・ジャックBEST40	anata-ga-erabu-burakku-jakku-besuto-yonju	anata-ga-erabu-burakku-jakku-besuto-yonju	anata-ga-erabu-burakku-jakku-besuto-yonju	latin-mixed		latin混じり(別処理)
アバンチュール21	abanchuru-nijuichi	abanchuru-nijuichi	abanchuru-21	音読み→数字	CHANGED	
ケン1探偵長	ken1-tanteicho	ken1-tanteicho	ken1-tanteicho	訓読み/当て字 or sandhi		数字の読みがtoken分割と不一致(sandhi等)→要確認
ダスト18	dasuto-eiteiin	dasuto-eiteiin	dasuto-18	英語読み付随→数字	CHANGED	
ダスト8	dasuto-eito	dasuto-eito	dasuto-8	英語読み付随→数字	CHANGED	
ナンバー7	nanbaa-sebun	nanbaa-sebun	nanbaa-7	英語読み付随→数字	CHANGED	
ブルンガ1世	burunga1sei	burunga1sei	burunga1sei	no-segment		分かち書き無=token置換不可
手塚治虫10大事件簿	tezuka-osamu-10dai-sasupensu	tezuka-osamu-10dai-sasupensu	tezuka-osamu-10dai-sasupensu	訓読み/当て字 or sandhi		数字の読みがtoken分割と不一致(sandhi等)→要確認
手塚治虫を10倍楽しむ本手塚治虫ヒット選集	tezuka-osamu-o-10bai-tanoshimu-hon-tezuka-osamu-hitto-senshu	tezuka-osamu-o-10bai-tanoshimu-hon-tezuka-osamu-hitto-senshu	tezuka-osamu-o-10bai-tanoshimu-hon-tezuka-osamu-hitto-senshu	訓読み/当て字 or sandhi		数字の読みがtoken分割と不一致(sandhi等)→要確認
手塚治虫極めつき1000ページ	tezuka-osamu-kiwametsuki-1000peeji	tezuka-osamu-kiwametsuki-1000peeji	tezuka-osamu-kiwametsuki-1000peeji	訓読み/当て字 or sandhi		数字の読みがtoken分割と不一致(sandhi等)→要確認
読むだけで幸せになる手塚治虫ベスト10	yomu-dake-de-shiawase-ni-naru-tezuka-osamu-besuto-10	yomu-dake-de-shiawase-ni-naru-tezuka-osamu-besuto-10	yomu-dake-de-shiawase-ni-naru-tezuka-osamu-besuto-10	訓読み/当て字 or sandhi		数字の読みがtoken分割と不一致(sandhi等)→要確認
秘密指令第3号	himitsu-shirei-dai-sango	himitsu-shirei-dai-sango	himitsu-shirei-dai-3-go	音読み→数字(先頭分割)	CHANGED	
冒険王別冊付録幻の6作品完全復刻	bokeno-bessatsu-furoku-maboroshi-no-6-sakuhin-kanzen-fukkoku	bokeno-bessatsu-furoku-maboroshi-no-6-sakuhin-kanzen-fukkoku	bokeno-bessatsu-furoku-maboroshi-no-6-sakuhin-kanzen-fukkoku	訓読み/当て字 or sandhi		数字の読みがtoken分割と不一致(sandhi等)→要確認
明日、人に話したくなる10本の手塚治虫	asu-hito-ni-hanashitakunaru-10pon-no-tezuka-osamu	asu-hito-ni-hanashitakunaru-10pon-no-tezuka-osamu	asu-hito-ni-hanashitakunaru-10pon-no-tezuka-osamu	訓読み/当て字 or sandhi		数字の読みがtoken分割と不一致(sandhi等)→要確認
Μψτηοσ 異界へ誘う24の招待状	myutosu-ikai-e-izanau-nijuyon-no-shotaijo	myutosu-ikai-e-izanau-nijuyon-no-shotaijo	myutosu-ikai-e-izanau-24-no-shotaijo	音読み→数字	CHANGED	
辰奈1905	shinna-1905	shinna-1905	shinna-1905	訓読み/当て字 or sandhi		数字の読みがtoken分割と不一致(sandhi等)→要確認
3×3(サザン)EYES鬼籍の闇の契約者	sazan-aizu-kiseki-no-yami-no-keiyakusha	sazan-aizu-kiseki-no-yami-no-keiyakusha	sazan-aizu-kiseki-no-yami-no-keiyakusha	latin-mixed		latin混じり(別処理)
3×3EYES 幻獣の森の遭難者	sazan-aizu-genju-no-mori-no-sonansha	sazan-aizu-genju-no-mori-no-sonansha	sazan-aizu-genju-no-mori-no-sonansha	latin-mixed		latin混じり(別処理)
3×3EYES鬼籍の闇の契約者	sazan-aizu-kiseki-no-yami-no-keiyakusha	sazan-aizu-kiseki-no-yami-no-keiyakusha	sazan-aizu-kiseki-no-yami-no-keiyakusha	latin-mixed		latin混じり(別処理)
ブルーシードパロディ4コマ劇場	buru-shiido-parodi-4koma-gekijo	buru-shiido-parodi-4koma-gekijo	buru-4-do-parodi-4koma-gekijo	音読み→数字(先頭分割)	CHANGED	
九十九眠るしずめ　-明治17年編-	tsukumo-nemuru-shizume	tsukumo-nemuru-shizume	tsukumo-nemuru-shizume	訓読み/当て字 or sandhi		数字の読みがtoken分割と不一致(sandhi等)→要確認
55歳の地図	55sai-no-chizu	55sai-no-chizu	55sai-no-chizu	訓読み/当て字 or sandhi		数字の読みがtoken分割と不一致(sandhi等)→要確認
ハートフル4コマFate/hollow ataraxia	haatofuru-yonkoma-feito-horo-atarakushia	haatofuru-yonkoma-feito-horo-atarakushia	haatofuru-yonkoma-feito-horo-atarakushia	latin-mixed		latin混じり(別処理)
2年2組のスタジアムガール	ninen-nikumi-no-sutajiamu-gaaru	ninen-nikumi-no-sutajiamu-gaaru	2-nen-nikumi-no-sutajiamu-gaaru	音読み→数字(先頭分割)	CHANGED	
ネコたーぼ16V	neko-taabo-16-v	neko-taabo-16-v	neko-taabo-16-v	latin-mixed		latin混じり(別処理)
平成生まれ2	heisei-umare-2	heisei-umare-2	heisei-umare-2	訓読み/当て字 or sandhi		数字の読みがtoken分割と不一致(sandhi等)→要確認
平成生まれ3	heisei-umare-3	heisei-umare-3	heisei-umare-3	訓読み/当て字 or sandhi		数字の読みがtoken分割と不一致(sandhi等)→要確認
8LDK-屍者ノ王-	hachierudiikee-shisha-no-o	hachierudiikee-shisha-no-o	hachierudiikee-shisha-no-o	latin-mixed		latin混じり(別処理)
7コール	7-koru	7-koru	7-koru	訓読み/当て字 or sandhi		数字の読みがtoken分割と不一致(sandhi等)→要確認
恋心パート2	koigokoro-paato-2	koigokoro-paato-2	koigokoro-paato-2	訓読み/当て字 or sandhi		数字の読みがtoken分割と不一致(sandhi等)→要確認
ファンが選ぶONE PIECE“涙”ベスト10!!	fan-ga-erabu-wan-piisu-namida-besuto-ten	fan-ga-erabu-wan-piisu-namida-besuto-ten	fan-ga-erabu-wan-piisu-namida-besuto-ten	latin-mixed		latin混じり(別処理)
ファンが選ぶONE PIECE”涙”ベスト10!!	fan-ga-erabu-wan-piisu-namida-besuto-ten	fan-ga-erabu-wan-piisu-namida-besuto-ten	fan-ga-erabu-wan-piisu-namida-besuto-ten	latin-mixed		latin混じり(別処理)
宇宙戦艦ヤマト2199	uchu-senkan-yamato-niichikyukyu	uchu-senkan-yamato-niichikyukyu	uchu-senkan-yamato-niichikyukyu	訓読み/当て字 or sandhi		数字の読みがtoken分割と不一致(sandhi等)→要確認
クルスク1943	kurusuku-senkyuhyakuyonju-san	kurusuku-senkyuhyakuyonju-san	kurusuku-1943	音読み→数字	CHANGED	
3ツのお願い	mittsu-no-onegai	mittsu-no-onegai	mittsu-no-onegai	訓読み/当て字 or sandhi		数字の読みがtoken分割と不一致(sandhi等)→要確認
湯けむりスナイパーpart 2	yukemuri-sunaipaa-part-2	yukemuri-sunaipaa-part-2	yukemuri-sunaipaa-part-2	latin-mixed		latin混じり(別処理)
Dragon ballジャンプファンが選んだベストシーンtop 10!!	dragon-ball-janpu-fan-ga-eranda-besutoshiin-top-10	dragon-ball-janpu-fan-ga-eranda-besutoshiin-top-10	dragon-ball-janpu-fan-ga-eranda-besutoshiin-top-10	latin-mixed		latin混じり(別処理)
31まいめの空白	31maime-no-kuhaku	31maime-no-kuhaku	31maime-no-kuhaku	訓読み/当て字 or sandhi		数字の読みがtoken分割と不一致(sandhi等)→要確認
バンクafter5	banku-after-5	banku-after-5	banku-after-5	latin-mixed		latin混じり(別処理)
17歳、夏。	17sai-natsu	17sai-natsu	17sai-natsu	訓読み/当て字 or sandhi		数字の読みがtoken分割と不一致(sandhi等)→要確認
18歳、新妻、不倫します。	juhassai-niizuma-furin-shimasu	juhassai-niizuma-furin-shimasu	18-sai-niizuma-furin-shimasu	音読み→数字(先頭分割)	CHANGED	
27歳	27sai	27sai	27sai	no-segment		分かち書き無=token置換不可
1Kの王様	1k-no-o-sama	1k-no-o-sama	1k-no-o-sama	latin-mixed		latin混じり(別処理)
レベル1の抱かれ方	reberu-wan-no-dakarekata	reberu-wan-no-dakarekata	reberu-1-no-dakarekata	英語読み付随→数字	CHANGED	
1ポンドの福音	1pondonofukuin	1pondonofukuin	1pondonofukuin	no-segment		分かち書き無=token置換不可
らんま1/2	ranma-nibunnoichi	ranma-nibunnoichi	ranma-2-bunnoichi	音読み→数字(先頭分割) ; 訓読み/当て字 or sandhi	CHANGED	数字の読みがtoken分割と不一致(sandhi等)→要確認
るーみっくわーるど35	rumikku-waarudo-35	rumikku-waarudo-35	rumikku-waarudo-35	訓読み/当て字 or sandhi		数字の読みがtoken分割と不一致(sandhi等)→要確認
DEAD OR ALIVE Xtreme Venus Vacation公式4コママンガやわらか4コマ☆ブイブイ	deddo-oa-araivu-ekusutoriimu-viinasu-vakeeshon-koshiki-yonkoma-manga-yawaraka-yonkoma-buibui	deddo-oa-araivu-ekusutoriimu-viinasu-vakeeshon-koshiki-yonkoma-manga-yawaraka-yonkoma-buibui	deddo-oa-araivu-ekusutoriimu-viinasu-vakeeshon-koshiki-yonkoma-manga-yawaraka-yonkoma-buibui	latin-mixed		latin混じり(別処理)
こう見えて日渡くんの女子力は53万です	ko-miete-hiwatari-kun-no-joshiryoku-wa-gojusanman-desu	ko-miete-hiwatari-kun-no-joshiryoku-wa-gojusanman-desu	ko-miete-hiwatari-kun-no-joshiryoku-wa-53-man-desu	音読み→数字(先頭分割)	CHANGED	
人気マンガ家になるための15の法則	ninki-mangaka-ni-naru-tame-no-jugo-no-hosoku	ninki-mangaka-ni-naru-tame-no-jugo-no-hosoku	ninki-mangaka-ni-naru-tame-no-15-no-hosoku	音読み→数字	CHANGED	
のんのんびより4コマアンソロジーコミック	nonnon-biyori-yonkoma-ansorojii-komikku	nonnon-biyori-yonkoma-ansorojii-komikku	nonnon-biyori-4-koma-ansorojii-komikku	音読み→数字(先頭分割)	CHANGED	
「3+1サンプライチ」	sanpuraichi	sanpuraichi	sanpuraichi	no-segment		分かち書き無=token置換不可
魔界戦記ディスガイア2	makai-senki-disugaia-tsu	makai-senki-disugaia-tsu	makai-senki-disugaia-2	英語読み付随→数字	CHANGED	
13月のゆうれい	13gatsu-no-yurei	13gatsu-no-yurei	13gatsu-no-yurei	訓読み/当て字 or sandhi		数字の読みがtoken分割と不一致(sandhi等)→要確認
ジタンヌ90	jitannu-kyuju	jitannu-kyuju	jitannu-90	音読み→数字	CHANGED	
25次元のダイス	nijugojigen-no-daisu	nijugojigen-no-daisu	25-jigen-no-daisu	音読み→数字(先頭分割)	CHANGED	
4月の東京は…	4gatsu-no-tokyo-wa	4gatsu-no-tokyo-wa	4gatsu-no-tokyo-wa	訓読み/当て字 or sandhi		数字の読みがtoken分割と不一致(sandhi等)→要確認
4じてん。	yojiten	yojiten	yojiten	no-segment		分かち書き無=token置換不可
ホリミヤ メモリアルブック page.100	horimiya-memoriaru-bukku-peeji-hyaku	horimiya-memoriaru-bukku-peeji-hyaku	horimiya-memoriaru-bukku-peeji-hyaku	latin-mixed		latin混じり(別処理)
ボクと教授の20年	boku-to-kyoju-no-nijunen	boku-to-kyoju-no-nijunen	boku-to-kyoju-no-20-nen	音読み→数字(先頭分割)	CHANGED	
100万円!ベガスくん	100manen-begasu-kun	100manen-begasu-kun	100manen-begasukun	訓読み/当て字 or sandhi	CHANGED	数字の読みがtoken分割と不一致(sandhi等)→要確認
19歳	19sai	19sai	19sai	no-segment		分かち書き無=token置換不可
彼氏1号	kareshi-1go	kareshi-1go	kareshi-1go	訓読み/当て字 or sandhi		数字の読みがtoken分割と不一致(sandhi等)→要確認
椿荘101号室	tsubakiso-101goshitsu	tsubakiso-101goshitsu	tsubakiso-101goshitsu	訓読み/当て字 or sandhi		数字の読みがtoken分割と不一致(sandhi等)→要確認
6番目の世界	6banme-no-sekai	6banme-no-sekai	6banme-no-sekai	訓読み/当て字 or sandhi		数字の読みがtoken分割と不一致(sandhi等)→要確認
幽子ちゃん100連発!!	yuko-chan-100-renpatsu	yuko-chan-100-renpatsu	yukochan-100-renpatsu	訓読み/当て字 or sandhi	CHANGED	数字の読みがtoken分割と不一致(sandhi等)→要確認
はやて×ブレード2	hayate-kurosu-bureedo-nyaan	hayate-kurosu-bureedo-nyaan	hayate-kurosu-bureedo-2-yaan	音読み→数字(先頭分割)	CHANGED	
17日めのショパン	17nichime-no-shopan	17nichime-no-shopan	17nichime-no-shopan	訓読み/当て字 or sandhi		数字の読みがtoken分割と不一致(sandhi等)→要確認
通り魔1991	torima-1991	torima-1991	torima-1991	訓読み/当て字 or sandhi		数字の読みがtoken分割と不一致(sandhi等)→要確認
19	nainteiin	nainteiin	nainteiin	no-segment		分かち書き無=token置換不可
ホットマン2003	hottoman-2003	hottoman-2003	hottoman-2003	訓読み/当て字 or sandhi		数字の読みがtoken分割と不一致(sandhi等)→要確認
バトルクラブ 2nd stage	batoru-kurabu-2nd-stage	batoru-kurabu-2nd-stage	batoru-kurabu-2nd-stage	latin-mixed		latin混じり(別処理)
7つの黄金郷	nanatsu-no-erudorado	nanatsu-no-erudorado	nanatsu-no-erudorado	訓読み/当て字 or sandhi		数字の読みがtoken分割と不一致(sandhi等)→要確認
鋼の錬金術師20th anniversary book	hagane-no-renkinjutsushi-toenteiisu-anibaasarii-bukku	hagane-no-renkinjutsushi-toenteiisu-anibaasarii-bukku	hagane-no-renkinjutsushi-toenteiisu-anibaasarii-bukku	latin-mixed		latin混じり(別処理)
鋼の錬金術師4コマ	hagane-no-renkinjutsushi-4koma	hagane-no-renkinjutsushi-4koma	hagane-no-renkinjutsushi-4koma	訓読み/当て字 or sandhi		数字の読みがtoken分割と不一致(sandhi等)→要確認
31☆アイドリーム	saateiiwan-aidoriimu	saateiiwan-aidoriimu	31-aidoriimu	英語読み付随→数字	CHANGED	
1・2・3と4・5・ロク	ichi-ni-san-to-shi-go-roku	ichi-ni-san-to-shi-go-roku	1-2-3-to-4-5-roku	音読み→数字	CHANGED	
ありす19th	arisu-nainteiinsu	arisu-nainteiinsu	arisu-nainteiinsu	latin-mixed		latin混じり(別処理)
100人分の快楽	hyakuninbun-no-kairaku	hyakuninbun-no-kairaku	100-ninbun-no-kairaku	音読み→数字(先頭分割)	CHANGED	
8つの顔を持つ上司	yattsu-no-kao-o-motsu-joshi	yattsu-no-kao-o-motsu-joshi	yattsu-no-kao-o-motsu-joshi	訓読み/当て字 or sandhi		数字の読みがtoken分割と不一致(sandhi等)→要確認
1/11	jiyuichi-bun-no-ichi	jiyuichi-bun-no-ichi	jiyuichi-bun-no-1	音読み→数字 ; 訓読み/当て字 or sandhi	CHANGED	数字の読みがtoken分割と不一致(sandhi等)→要確認
山田くんと7人の魔女	yamada-kun-to-nananin-no-majo	yamada-kun-to-nananin-no-majo	yamadakun-to-7-nin-no-majo	音読み→数字(先頭分割)	CHANGED	
40歳になって考えた父親が40歳だった時のこと	yonjussai-ni-natte-kangaeta-chichioya-ga-yonjussai-datta-toki-no-koto	yonjussai-ni-natte-kangaeta-chichioya-ga-yonjussai-datta-toki-no-koto	40-sai-ni-natte-kangaeta-chichioya-ga-yonjussai-datta-toki-no-koto	音読み→数字(先頭分割)	CHANGED	
17-21	junana-nijuichi	junana-nijuichi	17-21	音読み→数字	CHANGED	
22-26	nijuni-nijuroku	nijuni-nijuroku	22-26	音読み→数字	CHANGED	
2丁目のドンキホーテ	nichome-no-donkihote	nichome-no-donkihote	2-chome-no-donkihote	音読み→数字(先頭分割)	CHANGED	
ロイヤル7days	roiyaru-sebun-deizu	roiyaru-sebun-deizu	roiyaru-sebun-deizu	latin-mixed		latin混じり(別処理)
0の奏香師	0-no-sokoshi	0-no-sokoshi	0-no-sokoshi	訓読み/当て字 or sandhi		数字の読みがtoken分割と不一致(sandhi等)→要確認
いちご100％	ichigo-100paasento	ichigo-100paasento	ichigo-100paasento	訓読み/当て字 or sandhi		数字の読みがtoken分割と不一致(sandhi等)→要確認
198Xメモリーズ	senkyuhyakuhachijuekkusu-memoriizu	senkyuhyakuhachijuekkusu-memoriizu	senkyuhyakuhachijuekkusu-memoriizu	latin-mixed		latin混じり(別処理)
202号室にご用心	nihyaku-nigoshitsu-ni-goyojin	nihyaku-nigoshitsu-ni-goyojin	nihyaku-nigoshitsu-ni-goyojin	訓読み/当て字 or sandhi		数字の読みがtoken分割と不一致(sandhi等)→要確認
ラブステイション1148	rabu-suteishon-1148	rabu-suteishon-1148	rabu-suteishon-1148	訓読み/当て字 or sandhi		数字の読みがtoken分割と不一致(sandhi等)→要確認
アイシールド21	ai-shiirudo-nijuichi	ai-shiirudo-nijuichi	ai-shiirudo-21	音読み→数字	CHANGED	
10月の少女たち	jugatsu-no-shojotachi	jugatsu-no-shojotachi	10-gatsu-no-shojotachi	音読み→数字(先頭分割)	CHANGED	
11月のギムナジウム	juichigatsu-no-gimunajiumu	juichigatsu-no-gimunajiumu	11-gatsu-no-gimunajiumu	音読み→数字(先頭分割)	CHANGED	
11人いる!	juichinin-iru	juichinin-iru	11-nin-iru	音読み→数字(先頭分割)	CHANGED	
99万粒の涙	kyujukyuman-tsubu-no-namida	kyujukyuman-tsubu-no-namida	99-man-tsubu-no-namida	音読み→数字(先頭分割)	CHANGED	
続・11人いる!	zoku-juichinin-iru	zoku-juichinin-iru	zoku-11-nin-iru	音読み→数字(先頭分割)	CHANGED	
007サンダーボール作戦	zerozerosevun-sandaaboru-sakusen	zerozerosevun-sandaaboru-sakusen	zerozerosevun-sandaaboru-sakusen	訓読み/当て字 or sandhi		数字の読みがtoken分割と不一致(sandhi等)→要確認
007黄金の銃を持つ男	zerozerosevun-ogon-no-ju-o-motsu-otoko	zerozerosevun-ogon-no-ju-o-motsu-otoko	zerozerosevun-ogon-no-ju-o-motsu-otoko	訓読み/当て字 or sandhi		数字の読みがtoken分割と不一致(sandhi等)→要確認
007死ぬのは奴らだ	zerozerosevun-shinu-nowa-yatsura-da	zerozerosevun-shinu-nowa-yatsura-da	zerozerosevun-shinu-nowa-yatsura-da	訓読み/当て字 or sandhi		数字の読みがtoken分割と不一致(sandhi等)→要確認
007女王陛下の007	zerozerosevun-jo-heika-no-zerozerosevun	zerozerosevun-jo-heika-no-zerozerosevun	zerozerosevun-jo-heika-no-zerozerosevun	訓読み/当て字 or sandhi		数字の読みがtoken分割と不一致(sandhi等)→要確認
Epic of ゴルゴ13	epikku-obu-gorugo-saateiin	epikku-obu-gorugo-saateiin	epikku-obu-gorugo-saateiin	latin-mixed		latin混じり(別処理)
Legend of ゴルゴ13 アサシン・ローズ	rejiendo-obu-gorugo-saateiin-asashin-rozu	rejiendo-obu-gorugo-saateiin-asashin-rozu	rejiendo-obu-gorugo-saateiin-asashin-rozu	latin-mixed		latin混じり(別処理)
Legend ofゴルゴ13 black	rejiendo-obu-gorugo-saateiin-burakku	rejiendo-obu-gorugo-saateiin-burakku	rejiendo-obu-gorugo-saateiin-burakku	latin-mixed		latin混じり(別処理)
Legend ofゴルゴ13 white	legend-of-gorugo-13-white	legend-of-gorugo-13-white	legend-of-gorugo-13-white	latin-mixed		latin混じり(別処理)
Legend ofゴルゴ13クロス・オブ・アイアン	rejiendo-obu-gorugo-saateiin-kurosu-obu-aian	rejiendo-obu-gorugo-saateiin-kurosu-obu-aian	rejiendo-obu-gorugo-saateiin-kurosu-obu-aian	latin-mixed		latin混じり(別処理)
Legend ofゴルゴ13ザ・ベスト4	rejiendo-obu-gorugo-saateiin-za-besuto-fo	rejiendo-obu-gorugo-saateiin-za-besuto-fo	rejiendo-obu-gorugo-saateiin-za-besuto-fo	latin-mixed		latin混じり(別処理)
Legend ofゴルゴ13ザ・レッドスター	rejiendo-obu-gorugo-saateiin-za-reddo-sutaa	rejiendo-obu-gorugo-saateiin-za-reddo-sutaa	rejiendo-obu-gorugo-saateiin-za-reddo-sutaa	latin-mixed		latin混じり(別処理)
コミックいわて13	komikku-iwate-saateiin	komikku-iwate-saateiin	komikku-iwate-13	英語読み付随→数字	CHANGED	
ゴルゴ13	gorugo-saateiin	gorugo-saateiin	gorugo-13	英語読み付随→数字	CHANGED	
ゴルゴ13 ALL TIME BEST	gorugo-13-all-time-best	gorugo-13-all-time-best	gorugo-13-all-time-best	latin-mixed		latin混じり(別処理)
ゴルゴ13 best of 200	gorugo-13-best-of-200	gorugo-13-best-of-200	gorugo-13-best-of-200	latin-mixed		latin混じり(別処理)
ゴルゴ13 characters	gorugo-saateiin-kyarakutaazu	gorugo-saateiin-kyarakutaazu	gorugo-saateiin-kyarakutaazu	latin-mixed		latin混じり(別処理)
ゴルゴ13 in Africa	gorugo-saateiin-in-afurika	gorugo-saateiin-in-afurika	gorugo-saateiin-in-afurika	latin-mixed		latin混じり(別処理)
ゴルゴ13 in Asia Oceania	gorugo-saateiin-in-ajia-oseania	gorugo-saateiin-in-ajia-oseania	gorugo-saateiin-in-ajia-oseania	latin-mixed		latin混じり(別処理)
ゴルゴ13 in China	gorugo-saateiin-in-chaina	gorugo-saateiin-in-chaina	gorugo-saateiin-in-chaina	latin-mixed		latin混じり(別処理)
ゴルゴ13 in France	gorugo-saateiin-in-furansu	gorugo-saateiin-in-furansu	gorugo-saateiin-in-furansu	latin-mixed		latin混じり(別処理)
ゴルゴ13 in Germany	gorugo-saateiin-in-jaamanii	gorugo-saateiin-in-jaamanii	gorugo-saateiin-in-jaamanii	latin-mixed		latin混じり(別処理)
ゴルゴ13 in Italy	gorugo-saateiin-in-itarii	gorugo-saateiin-in-itarii	gorugo-saateiin-in-itarii	latin-mixed		latin混じり(別処理)
ゴルゴ13 in Japan	gorugo-saateiin-in-japan	gorugo-saateiin-in-japan	gorugo-saateiin-in-japan	latin-mixed		latin混じり(別処理)
ゴルゴ13 in Latin America	gorugo-saateiin-in-raten-amerika	gorugo-saateiin-in-raten-amerika	gorugo-saateiin-in-raten-amerika	latin-mixed		latin混じり(別処理)
ゴルゴ13 in Middle East	gorugo-saateiin-in-midoru-iisuto	gorugo-saateiin-in-midoru-iisuto	gorugo-saateiin-in-midoru-iisuto	latin-mixed		latin混じり(別処理)
ゴルゴ13 in Russia	gorugo-saateiin-in-roshia	gorugo-saateiin-in-roshia	gorugo-saateiin-in-roshia	latin-mixed		latin混じり(別処理)
ゴルゴ13 shorty	gorugo-saateiin-shotei	gorugo-saateiin-shotei	gorugo-saateiin-shotei	latin-mixed		latin混じり(別処理)
ゴルゴ13 SPECIAL EDITION	gorugo-saateiin-supesharu-edishon	gorugo-saateiin-supesharu-edishon	gorugo-saateiin-supesharu-edishon	latin-mixed		latin混じり(別処理)
ゴルゴ13 two in oneアンコール	gorugo-saateiin-tsu-in-wan-ankoru	gorugo-saateiin-tsu-in-wan-ankoru	gorugo-saateiin-tsu-in-wan-ankoru	latin-mixed		latin混じり(別処理)
ゴルゴ13	gorugo-13	gorugo-13	gorugo-13	訓読み/当て字 or sandhi		数字の読みがtoken分割と不一致(sandhi等)→要確認
ゴルゴ13	gorugo-13	gorugo-13	gorugo-13	訓読み/当て字 or sandhi		数字の読みがtoken分割と不一致(sandhi等)→要確認
ゴルゴ13Premium	gorugo-saateiin-puremiamu	gorugo-saateiin-puremiamu	gorugo-saateiin-puremiamu	latin-mixed		latin混じり(別処理)
ゴルゴ13アニメ化作品セレクション	gorugo-saateiin-animeka-sakuhin-serekushon	gorugo-saateiin-animeka-sakuhin-serekushon	gorugo-13-animeka-sakuhin-serekushon	英語読み付随→数字	CHANGED	
ゴルゴ13シリーズ	gorugo-saateiin-shiriizu	gorugo-saateiin-shiriizu	gorugo-13-shiriizu	英語読み付随→数字	CHANGED	
ゴルゴ13スピンオフシリーズ	gorugo-saateiin-supinofu-shiriizu	gorugo-saateiin-supinofu-shiriizu	gorugo-13-supinofu-shiriizu	英語読み付随→数字	CHANGED	
ゴルゴ13スピンオフシリーズ	gorugo-saateiin-supinofu-shiriizu	gorugo-saateiin-supinofu-shiriizu	gorugo-13-supinofu-shiriizu	英語読み付随→数字	CHANGED	
ゴルゴ13リーダーズ・チョイスBEST 13 OF“G”	gorugo-saateiin-riidaazu-choisu-besuto-saateiin-obu-jii	gorugo-saateiin-riidaazu-choisu-besuto-saateiin-obu-jii	gorugo-saateiin-riidaazu-choisu-besuto-saateiin-obu-jii	latin-mixed		latin混じり(別処理)
ゴルゴ1969	gorugo-senkyuhyakurokujukyu	gorugo-senkyuhyakurokujukyu	gorugo-1969	音読み→数字	CHANGED	
ゴルゴ1970	gorugo-senkyuhyakunanaju	gorugo-senkyuhyakunanaju	gorugo-1970	音読み→数字	CHANGED	
ゴルゴ1971	gorugo-senkyuhyakunanajuichi	gorugo-senkyuhyakunanajuichi	gorugo-1971	音読み→数字	CHANGED	
ゴルゴ1972	gorugo-senkyuhyakunanajuni	gorugo-senkyuhyakunanajuni	gorugo-1972	音読み→数字	CHANGED	
ゴルゴ1973	gorugo-senkyuhyakunanaju-san	gorugo-senkyuhyakunanaju-san	gorugo-1973	音読み→数字	CHANGED	
ゴルゴ1974	gorugo-senkyuhyakunanajuyon	gorugo-senkyuhyakunanajuyon	gorugo-1974	音読み→数字	CHANGED	
ゴルゴ1975	gorugo-senkyuhyakunanajugo	gorugo-senkyuhyakunanajugo	gorugo-1975	音読み→数字	CHANGED	
ゴルゴ1976	gorugo-senkyuhyakunanajuroku	gorugo-senkyuhyakunanajuroku	gorugo-1976	音読み→数字	CHANGED	
ゴルゴ1977	gorugo-senkyuhyakunanajunana	gorugo-senkyuhyakunanajunana	gorugo-1977	音読み→数字	CHANGED	
ゴルゴ1978	gorugo-senkyuhyakunanajuhachi	gorugo-senkyuhyakunanajuhachi	gorugo-1978	音読み→数字	CHANGED	
ゴルゴ1979	gorugo-senkyuhyakunanajukyu	gorugo-senkyuhyakunanajukyu	gorugo-1979	音読み→数字	CHANGED	
ゴルゴ1980	gorugo-senkyuhyakuhachiju	gorugo-senkyuhyakuhachiju	gorugo-1980	音読み→数字	CHANGED	
ゴルゴ1981	gorugo-senkyuhyakuhachijuichi	gorugo-senkyuhyakuhachijuichi	gorugo-1981	音読み→数字	CHANGED	
ゴルゴ1984	gorugo-senkyuhyakuhachijuyon	gorugo-senkyuhyakuhachijuyon	gorugo-1984	音読み→数字	CHANGED	
ゴルゴ1985	gorugo-senkyuhyakuhachijugo	gorugo-senkyuhyakuhachijugo	gorugo-1985	音読み→数字	CHANGED	
さいとう・たかをセレクションbest 13 ofゴルゴ13	saito-takao-serekushon-best-13-of-gorugo-13	saito-takao-serekushon-best-13-of-gorugo-13	saito-takao-serekushon-best-13-of-gorugo-13	latin-mixed		latin混じり(別処理)
パクリ屋お六と午前0時の主役	pakuriya-oroku-to-gozen-0ji-no-shuyaku	pakuriya-oroku-to-gozen-0ji-no-shuyaku	pakuriya-oroku-to-gozen-0ji-no-shuyaku	訓読み/当て字 or sandhi		数字の読みがtoken分割と不一致(sandhi等)→要確認
バロム・1	baromu-wan	baromu-wan	baromu-1	英語読み付随→数字	CHANGED	
ミライ☆ゴルゴ13	mirai-gorugo-saateiin	mirai-gorugo-saateiin	mirai-gorugo-13	英語読み付随→数字	CHANGED	
リーダーズ・チョイスbest 13 ofゴルゴ13	riidaazu-choisu-best-13-of-gorugo-13	riidaazu-choisu-best-13-of-gorugo-13	riidaazu-choisu-best-13-of-gorugo-13	latin-mixed		latin混じり(別処理)
各界著名人セレクションbest 13 ofゴルゴ13	kakukai-chomeijin-serekushon-besuto-saateiin-obu-gorugo-saateiin	kakukai-chomeijin-serekushon-besuto-saateiin-obu-gorugo-saateiin	kakukai-chomeijin-serekushon-besuto-saateiin-obu-gorugo-saateiin	latin-mixed		latin混じり(別処理)
泣ける!ゴルゴ13	nakeru-gorugo-saateiin	nakeru-gorugo-saateiin	nakeru-gorugo-13	英語読み付随→数字	CHANGED	
劇画1964 さいとう・たかをゴリラコレクション	gekiga-senkyuhyakurokujuyon-saito-takao-gorira-korekushon	gekiga-senkyuhyakurokujuyon-saito-takao-gorira-korekushon	gekiga-1964-saito-takao-gorira-korekushon	音読み→数字	CHANGED	
現代史の中のゴルゴ13	gendaishi-no-naka-no-gorugo-saateiin	gendaishi-no-naka-no-gorugo-saateiin	gendaishi-no-naka-no-gorugo-13	英語読み付随→数字	CHANGED	
女首駅午前5時発	onna-kubi-eki-gozen-5ji-hatsu	onna-kubi-eki-gozen-5ji-hatsu	onna-kubi-eki-5-zen-5ji-hatsu	音読み→数字(先頭分割)	CHANGED	
超人バロム・1	chojin-baromu-wan	chojin-baromu-wan	chojin-baromu-1	英語読み付随→数字	CHANGED	
エデン2185	eden-2185	eden-2185	eden-2185	訓読み/当て字 or sandhi		数字の読みがtoken分割と不一致(sandhi等)→要確認
新橋の5分間	shinbashi-no-gofunkan	shinbashi-no-gofunkan	shinbashi-no-5-funkan	音読み→数字(先頭分割)	CHANGED	
1スウの銅貨	ichisu-no-doka	ichisu-no-doka	1-su-no-doka	音読み→数字(先頭分割)	CHANGED	
17歳初めてのH	17sai-hajimete-no-h	17sai-hajimete-no-h	17sai-hajimete-no-h	latin-mixed		latin混じり(別処理)
ロザリオとバンパイアseason2	rozario-to-banpaia-shiizun-tsu	rozario-to-banpaia-shiizun-tsu	rozario-to-banpaia-shiizun-tsu	latin-mixed		latin混じり(別処理)
5時から9時まで	goji-kara-kuji-made	goji-kara-kuji-made	5-ji-kara-9-ji-made	音読み→数字(先頭分割)	CHANGED	
特殊任務飛行隊KG200	tokushu-ninmu-hikotai-keejii-nihyaku	tokushu-ninmu-hikotai-keejii-nihyaku	tokushu-ninmu-hikotai-keejii-nihyaku	latin-mixed		latin混じり(別処理)
厳選人間交差点14/212	gensen-ningen-kosaten-nihyakujunibunnojuyon	gensen-ningen-kosaten-nihyakujunibunnojuyon	gensen-ningen-kosaten-212-bunnojuyon	音読み→数字(先頭分割) ; 訓読み/当て字 or sandhi	CHANGED	数字の読みがtoken分割と不一致(sandhi等)→要確認
島耕作の優雅な1日	shima-kosaku-no-yugana-ichinichi	shima-kosaku-no-yugana-ichinichi	shima-kosaku-no-yugana-1-nichi	音読み→数字(先頭分割)	CHANGED	
3月のライオン	3gatsu-no-raion	3gatsu-no-raion	3gatsu-no-raion	訓読み/当て字 or sandhi		数字の読みがtoken分割と不一致(sandhi等)→要確認
13月の悲劇	13gatsu-no-higeki	13gatsu-no-higeki	13gatsu-no-higeki	訓読み/当て字 or sandhi		数字の読みがtoken分割と不一致(sandhi等)→要確認
69	shikkusutei-nain	shikkusutei-nain	sixty-nine	英語読み→英単語	CHANGED	
アラミス'78	aramisu-nanajuhachi	aramisu-nanajuhachi	aramisu-78	音読み→数字	CHANGED	
フスマランド4.5	fusuma-rando-45	fusuma-rando-45	fusuma-rando-45	訓読み/当て字 or sandhi		数字の読みがtoken分割と不一致(sandhi等)→要確認
紀元2600年のプレイボール	kigen-2600nen-no-purei-boru	kigen-2600nen-no-purei-boru	kigen-2600nen-no-purei-boru	訓読み/当て字 or sandhi		数字の読みがtoken分割と不一致(sandhi等)→要確認
遙かなる時空(とき)の中で7	haruka-naru-toki-no-naka-de-sevun	haruka-naru-toki-no-naka-de-sevun	haruka-naru-toki-no-naka-de-7	英語読み付随→数字	CHANGED	
遙かなる時空の中で6	haruka-naru-toki-no-naka-de-shikkusu	haruka-naru-toki-no-naka-de-shikkusu	haruka-naru-toki-no-naka-de-6	英語読み付随→数字	CHANGED	
遙かなる時空の中で7	harukanaru-toki-no-naka-de-sebun	harukanaru-toki-no-naka-de-sebun	harukanaru-toki-no-naka-de-7	英語読み付随→数字	CHANGED	
死刑囚042	shikeishu-042	shikeishu-042	shikeishu-042	訓読み/当て字 or sandhi		数字の読みがtoken分割と不一致(sandhi等)→要確認
太鼓の達人4コマ祭でドドンがドン!	taiko-no-tatsujin-yonkoma-matsuri-de-dodon-ga-don	taiko-no-tatsujin-yonkoma-matsuri-de-dodon-ga-don	taiko-no-tatsujin-4-koma-matsuri-de-dodon-ga-don	音読み→数字(先頭分割)	CHANGED	
コミティア30thクロニクル	komiteia-saateiisu-kuronikuru	komiteia-saateiisu-kuronikuru	komiteia-saateiisu-kuronikuru	latin-mixed		latin混じり(別処理)
カードファイト!!ヴァンガード0スタートセット	kaado-faito-vangaado-zero-sutaato-setto	kaado-faito-vangaado-zero-sutaato-setto	kaado-faito-vangaado-0-sutaato-setto	音読み→数字	CHANGED	
レタス2個分のステキ	retasu-nikobun-no-suteki	retasu-nikobun-no-suteki	retasu-2-kobun-no-suteki	音読み→数字(先頭分割)	CHANGED	
仁義2	jingi-2	jingi-2	jingi-2	訓読み/当て字 or sandhi		数字の読みがtoken分割と不一致(sandhi等)→要確認
麦ちゃんのヰタ・セクスアリス第2部	baku-chan-no-ita-sekusuarisu	baku-chan-no-ita-sekusuarisu	bakuchan-no-ita-sekusuarisu	訓読み/当て字 or sandhi	CHANGED	数字の読みがtoken分割と不一致(sandhi等)→要確認
6秒の9月	rokubyo-no-kugatsu	rokubyo-no-kugatsu	6-byo-no-9-gatsu	音読み→数字(先頭分割)	CHANGED	
キャッチ30秒	kyatchi-30byo	kyatchi-30byo	kyatchi-30byo	訓読み/当て字 or sandhi		数字の読みがtoken分割と不一致(sandhi等)→要確認
君ニ送ル11通ノ手紙	kimi-ni-okuru-juittsu-no-tegami	kimi-ni-okuru-juittsu-no-tegami	kimi-ni-okuru-juittsu-no-tegami	訓読み/当て字 or sandhi		数字の読みがtoken分割と不一致(sandhi等)→要確認
姫100％	hime-hyaku-paasento	hime-hyaku-paasento	hime-100-paasento	音読み→数字	CHANGED	
10年ぶりに再会したクソガキは清純美少女JKに成長していた	junenburi-ni-saikai-shita-kusogaki-wa-seijun-bishojo-jieikee-ni-seicho-shiteita	junenburi-ni-saikai-shita-kusogaki-wa-seijun-bishojo-jieikee-ni-seicho-shiteita	junenburi-ni-saikai-shita-kusogaki-wa-seijun-bishojo-jieikee-ni-seicho-shiteita	latin-mixed		latin混じり(別処理)
涙100万粒のリアル いじめがはじまるとき	namida-hyakumantsubu-no-riaru-ijime-ga-hajimaru-toki	namida-hyakumantsubu-no-riaru-ijime-ga-hajimaru-toki	namida-100-mantsubu-no-riaru-ijime-ga-hajimaru-toki	音読み→数字(先頭分割)	CHANGED	
LP～ライフ・パートナー～3番目の配偶者	erupii-raifu-paatonaa-sanbanme-no-haigusha	erupii-raifu-paatonaa-sanbanme-no-haigusha	erupii-raifu-paatonaa-sanbanme-no-haigusha	latin-mixed		latin混じり(別処理)
午前0時の心霊写真	gozen-reiji-no-shinrei-shashin	gozen-reiji-no-shinrei-shashin	gozen-0-ji-no-shinrei-shashin	音読み→数字(先頭分割)	CHANGED	
7と嘘吐きオンライン	7-to-usotsuki-onrain	7-to-usotsuki-onrain	7-to-usotsuki-onrain	訓読み/当て字 or sandhi		数字の読みがtoken分割と不一致(sandhi等)→要確認
パターンその1 駄目人間	pataan-sono-1-dame-ningen	pataan-sono-1-dame-ningen	pataan-sono-1-dame-ningen	訓読み/当て字 or sandhi		数字の読みがtoken分割と不一致(sandhi等)→要確認
7人のシェイクスピア	7nin-no-shieikusupia	7nin-no-shieikusupia	7nin-no-shieikusupia	訓読み/当て字 or sandhi		数字の読みがtoken分割と不一致(sandhi等)→要確認
7人のシェイクスピア 第一部	shichinin-no-shieikusupia	shichinin-no-shieikusupia	7-nin-no-shieikusupia	音読み→数字(先頭分割)	CHANGED	
7人のシェイクスピアNON SANZ DROICT	shichinin-no-shieikusupia-non-sansu-dorowa	shichinin-no-shieikusupia-non-sansu-dorowa	shichinin-no-shieikusupia-non-sansu-dorowa	latin-mixed		latin混じり(別処理)
ゴリラーマン40	goriraaman-fotei	goriraaman-fotei	goriraaman-40	英語読み付随→数字	CHANGED	
ハルカ69	haruka-69	haruka-69	haruka-69	訓読み/当て字 or sandhi		数字の読みがtoken分割と不一致(sandhi等)→要確認
4月の庭の子供たち	shigatsu-no-niwa-no-kodomotachi	shigatsu-no-niwa-no-kodomotachi	4-gatsu-no-niwa-no-kodomotachi	音読み→数字(先頭分割)	CHANGED	
1/2	nibunnoichi	nibunnoichi	nibunnoichi	no-segment		分かち書き無=token置換不可
サカタ荘221号室	sakataso221goshitsu	sakataso221goshitsu	sakataso221goshitsu	no-segment		分かち書き無=token置換不可
ライム博士の12か月	raimuhakase-no-junikagetsu	raimuhakase-no-junikagetsu	raimuhakase-no-12-kagetsu	音読み→数字(先頭分割)	CHANGED	
緑が丘3丁目	midorigaoka-3chome	midorigaoka-3chome	midorigaoka-3chome	訓読み/当て字 or sandhi		数字の読みがtoken分割と不一致(sandhi等)→要確認
女には3年に一度どうにかされたい日がある	onna-niwa-3nen-ni-ichido-donika-saretai-hi-ga-aru	onna-niwa-3nen-ni-ichido-donika-saretai-hi-ga-aru	onna-niwa-3nen-ni-ichido-donika-saretai-hi-ga-aru	訓読み/当て字 or sandhi		数字の読みがtoken分割と不一致(sandhi等)→要確認
24000回の肘鉄	niman-yonsenkai-no-hijitetsu	niman-yonsenkai-no-hijitetsu	niman-yonsenkai-no-hijitetsu	訓読み/当て字 or sandhi		数字の読みがtoken分割と不一致(sandhi等)→要確認
30代はまだキレイ	30dai-wa-mada-kirei	30dai-wa-mada-kirei	30dai-wa-mada-kirei	訓読み/当て字 or sandhi		数字の読みがtoken分割と不一致(sandhi等)→要確認
ドラゴンクエスト4外伝	doragon-kuesuto-4-gaiden	doragon-kuesuto-4-gaiden	doragon-kuesuto-4-gaiden	訓読み/当て字 or sandhi		数字の読みがtoken分割と不一致(sandhi等)→要確認
異世界行っても少年マンガの主人公は1ミリもブレない!!!	isekai-ittemo-shonen-manga-no-shujinko-wa-ichimiri-mo-burenai	isekai-ittemo-shonen-manga-no-shujinko-wa-ichimiri-mo-burenai	isekai-1-temo-shonen-manga-no-shujinko-wa-ichimiri-mo-burenai	音読み→数字(先頭分割)	CHANGED	
妖怪伝奇Roku69Bi	yokai-denki-rokurokkubi	yokai-denki-rokurokkubi	yokai-denki-rokurokkubi	latin-mixed		latin混じり(別処理)
君のいる町妄想200話special edition	kimi-no-iru-machi-moso-200wa-special-edition	kimi-no-iru-machi-moso-200wa-special-edition	kimi-no-iru-machi-moso-200wa-special-edition	latin-mixed		latin混じり(別処理)
36度	sanjurokudo	sanjurokudo	sanjurokudo	no-segment		分かち書き無=token置換不可
餓狼伝説special 4コマ大行進	garo-densetsu-supesharu-4koma-daikoshin	garo-densetsu-supesharu-4koma-daikoshin	garo-densetsu-supesharu-4koma-daikoshin	latin-mixed		latin混じり(別処理)
10万分の1	jumanbunnoichi	jumanbunnoichi	jumanbunnoichi	no-segment		分かち書き無=token置換不可
16歳KISS	16sai-kiss	16sai-kiss	16sai-kiss	latin-mixed		latin混じり(別処理)
5愛のルール	5-ai-no-ruru	5-ai-no-ruru	5-ai-no-ruru	訓読み/当て字 or sandhi		数字の読みがtoken分割と不一致(sandhi等)→要確認
7つのシンフォニー	7tsu-no-shinfonii	7tsu-no-shinfonii	7tsu-no-shinfonii	訓読み/当て字 or sandhi		数字の読みがtoken分割と不一致(sandhi等)→要確認
7つの夢風船	7tsu-no-yume-fusen	7tsu-no-yume-fusen	7tsu-no-yume-fusen	訓読み/当て字 or sandhi		数字の読みがtoken分割と不一致(sandhi等)→要確認
7つの旅立ち	7tsu-no-tabidachi	7tsu-no-tabidachi	7tsu-no-tabidachi	訓読み/当て字 or sandhi		数字の読みがtoken分割と不一致(sandhi等)→要確認
7つぶの宝石	nanatsubu-no-hoseki	nanatsubu-no-hoseki	nanatsubu-no-hoseki	訓読み/当て字 or sandhi		数字の読みがtoken分割と不一致(sandhi等)→要確認
7色のクレヨン	7iro-no-kureyon	7iro-no-kureyon	7iro-no-kureyon	訓読み/当て字 or sandhi		数字の読みがtoken分割と不一致(sandhi等)→要確認
7色のスケッチ	7-iro-no-suketchi	7-iro-no-suketchi	7-iro-no-suketchi	訓読み/当て字 or sandhi		数字の読みがtoken分割と不一致(sandhi等)→要確認
7枚のポートレート	7mai-no-potoreeto	7mai-no-potoreeto	7mai-no-potoreeto	訓読み/当て字 or sandhi		数字の読みがtoken分割と不一致(sandhi等)→要確認
9月のポピィ	9gatsu-no-popii	9gatsu-no-popii	9gatsu-no-popii	訓読み/当て字 or sandhi		数字の読みがtoken分割と不一致(sandhi等)→要確認
きらめき7つ星	kirameki-7tsuboshi	kirameki-7tsuboshi	kirameki-7tsuboshi	訓読み/当て字 or sandhi		数字の読みがtoken分割と不一致(sandhi等)→要確認
クリスチーナの青い空 摩耶の葬列 9月のポピィ	kurisuchiina-no-aoi-sora-maya-no-soretsu-9gatsu-no-popii	kurisuchiina-no-aoi-sora-maya-no-soretsu-9gatsu-no-popii	9-risuchiina-no-aoi-sora-maya-no-soretsu-9gatsu-no-popii	音読み→数字(先頭分割)	CHANGED	
一条ゆかりデビュー30周年イラスト集	ichijo-yukari-debyu-30shunen-irasutoshu	ichijo-yukari-debyu-30shunen-irasutoshu	ichijo-yukari-debyu-30shunen-irasutoshu	訓読み/当て字 or sandhi		数字の読みがtoken分割と不一致(sandhi等)→要確認
虹を渡る7人	niji-o-wataru-7nin	niji-o-wataru-7nin	niji-o-wataru-7nin	訓読み/当て字 or sandhi		数字の読みがtoken分割と不一致(sandhi等)→要確認
ラブひな0	rabuhinazero	rabuhinazero	rabuhinazero	no-segment		分かち書き無=token置換不可
8月の光・ひな	8gatsu-no-hikari-hina	8gatsu-no-hikari-hina	8gatsu-no-hikari-hina	訓読み/当て字 or sandhi		数字の読みがtoken分割と不一致(sandhi等)→要確認
偉人が4.0をつけたメシ屋に行ってみた。	ijin-ga-yontenzero-wo-tsuketa-meshiya-ni-ittemita	ijin-ga-yontenzero-wo-tsuketa-meshiya-ni-ittemita	ijin-ga-4-tenzero-wo-tsuketa-meshiya-ni-ittemita	音読み→数字(先頭分割) ; 訓読み/当て字 or sandhi	CHANGED	数字の読みがtoken分割と不一致(sandhi等)→要確認
警死庁24時	keishicho-nijuyoji	keishicho-nijuyoji	keishicho-nijuyoji	訓読み/当て字 or sandhi		数字の読みがtoken分割と不一致(sandhi等)→要確認
101匹忍者大行進	hyakuippikininjadai-koshin	hyakuippikininjadai-koshin	101-pikininjadai-koshin	音読み→数字(先頭分割)	CHANGED	
バイトくん!大阪100円生活	baito-kun-osaka-100en-seikatsu	baito-kun-osaka-100en-seikatsu	baitokun-osaka-100en-seikatsu	訓読み/当て字 or sandhi	CHANGED	数字の読みがtoken分割と不一致(sandhi等)→要確認
ロスタイム17分	rosutaimu-17fun	rosutaimu-17fun	rosutaimu-17fun	訓読み/当て字 or sandhi		数字の読みがtoken分割と不一致(sandhi等)→要確認
大阪100円生活	osaka-100en-seikatsu	osaka-100en-seikatsu	osaka-100en-seikatsu	訓読み/当て字 or sandhi		数字の読みがtoken分割と不一致(sandhi等)→要確認
4番サード	yoban-saado	yoban-saado	yoban-saado	訓読み/当て字 or sandhi		数字の読みがtoken分割と不一致(sandhi等)→要確認
AKB48殺人事件	akb48-satsujin-jiken	akb48-satsujin-jiken	akb48-satsujin-jiken	latin-mixed		latin混じり(別処理)
名探偵コナン 11人目のストライカー	meitantei-konan-11ninme-no-sutoraikaa	meitantei-konan-11ninme-no-sutoraikaa	meitantei-konan-11ninme-no-sutoraikaa	訓読み/当て字 or sandhi		数字の読みがtoken分割と不一致(sandhi等)→要確認
名探偵コナン 14番目の標的	14banme-no-hyoteki	14banme-no-hyoteki	14banme-no-hyoteki	訓読み/当て字 or sandhi		数字の読みがtoken分割と不一致(sandhi等)→要確認
名探偵コナン 5つの重要書類	meitantei-konan-itsutsu-no-juyo-shorui	meitantei-konan-itsutsu-no-juyo-shorui	meitantei-konan-itsutsu-no-juyo-shorui	訓読み/当て字 or sandhi		数字の読みがtoken分割と不一致(sandhi等)→要確認
名探偵コナン 沈黙の15分	meitantei-konan-chinmoku-no-kuotaa	meitantei-konan-chinmoku-no-kuotaa	meitantei-konan-chinmoku-no-kuotaa	訓読み/当て字 or sandhi		数字の読みがtoken分割と不一致(sandhi等)→要確認
名探偵コナン揺れる警視庁1200万人の人質/悪意と聖者の行進	meitantei-konan-yureru-keishicho-sennihyakuman-nin-no-hitojichi-akui-to-seija-no-koshin	meitantei-konan-yureru-keishicho-sennihyakuman-nin-no-hitojichi-akui-to-seija-no-koshin	meitantei-konan-yureru-keishicho-1200-man-nin-no-hitojichi-akui-to-seija-no-koshin	音読み→数字(先頭分割)	CHANGED	
テニスの王子様 完全版 season 1	tenisu-no-oji-sama-kanzenban-season-1	tenisu-no-oji-sama-kanzenban-season-1	tenisu-no-oji-sama-kanzenban-season-1	latin-mixed		latin混じり(別処理)
テニスの王子様 完全版 season 2	tenisu-no-oji-sama-kanzenban-season-2	tenisu-no-oji-sama-kanzenban-season-2	tenisu-no-oji-sama-kanzenban-season-2	latin-mixed		latin混じり(別処理)
テニスの王子様 完全版 season 3	tenisu-no-oji-sama-kanzenban-season-3	tenisu-no-oji-sama-kanzenban-season-3	tenisu-no-oji-sama-kanzenban-season-3	latin-mixed		latin混じり(別処理)
テニスの王子様 完全版season1	tenisu-no-oji-sama-kanzenban-shiizun-wan	tenisu-no-oji-sama-kanzenban-shiizun-wan	tenisu-no-oji-sama-kanzenban-shiizun-wan	latin-mixed		latin混じり(別処理)
モンフェス11	monfesu-irebun	monfesu-irebun	monfesu-11	英語読み付随→数字	CHANGED	
8マンインフィニティ	eitoman-infinitei	eitoman-infinitei	8-man-infinitei	英語読み(先頭分割)	CHANGED	
サルまん2.0	saruman-nitenzero	saruman-nitenzero	saruman-2-tenzero	音読み→数字(先頭分割) ; 訓読み/当て字 or sandhi	CHANGED	数字の読みがtoken分割と不一致(sandhi等)→要確認
21世紀のための吾妻ひでお	nijuisseiki-no-tame-no-azuma-hideo	nijuisseiki-no-tame-no-azuma-hideo	21-seiki-no-tame-no-azuma-hideo	音読み→数字(先頭分割)	CHANGED	
はっぱ64	happa-rokujushi	happa-rokujushi	happa-64	音読み→数字	CHANGED	
レッド最後の60日そしてあさま山荘へ	reddo-saigo-no-rokujunichi-soshite-a-sama-sanso-e	reddo-saigo-no-rokujunichi-soshite-a-sama-sanso-e	reddo-saigo-no-60-nichi-soshite-asama-sanso-e	音読み→数字(先頭分割)	CHANGED	
レッド最終章あさま山荘の10日間	reddo-saishusho-a-sama-sanso-no-tokakan	reddo-saishusho-a-sama-sanso-no-tokakan	reddo-saishusho-asama-sanso-no-tokakan	訓読み/当て字 or sandhi	CHANGED	数字の読みがtoken分割と不一致(sandhi等)→要確認
99ハッピーソウル	tsukumo-happii-soru	tsukumo-happii-soru	tsukumo-happii-soru	訓読み/当て字 or sandhi		数字の読みがtoken分割と不一致(sandhi等)→要確認
魔神英雄伝ワタル2	mashin-eiyuden-wataru-tsu	mashin-eiyuden-wataru-tsu	mashin-eiyuden-wataru-2	英語読み付随→数字	CHANGED	
まんまるポタジェ2	manmaru-potajie-ni	manmaru-potajie-ni	manmaru-potajie-2	音読み→数字	CHANGED	
時事おやじ:2000	jiji-oyaji-2000	jiji-oyaji-2000	jiji-oyaji-2000	訓読み/当て字 or sandhi		数字の読みがtoken分割と不一致(sandhi等)→要確認
12ヵ月	12kagetsu	12kagetsu	12kagetsu	no-segment		分かち書き無=token置換不可
33歳、バツイチ、恋愛からはじめます。	sanjusansai-batsuichi-renai-kara-hajimemasu	sanjusansai-batsuichi-renai-kara-hajimemasu	33-sai-batsuichi-renai-kara-hajimemasu	音読み→数字(先頭分割)	CHANGED	
こいこい7	koikoi-sebun	koikoi-sebun	koikoi-7	英語読み付随→数字	CHANGED	
俺の空'03	ore-no-sora-03	ore-no-sora-03	ore-no-sora-03	訓読み/当て字 or sandhi		数字の読みがtoken分割と不一致(sandhi等)→要確認
ACCA 13区監察課	akka-13ku-kansatsuka	akka-13ku-kansatsuka	akka-13ku-kansatsuka	latin-mixed		latin混じり(別処理)
ACCA13区監察課10th anniversary book	akka-jusanku-kansatsuka-tensu-anibaasarii-bukku	akka-jusanku-kansatsuka-tensu-anibaasarii-bukku	akka-jusanku-kansatsuka-tensu-anibaasarii-bukku	latin-mixed		latin混じり(別処理)
ACCA13区監察課P.S	akka-jusanku-kansatsuka-piiesu	akka-jusanku-kansatsuka-piiesu	akka-jusanku-kansatsuka-piiesu	latin-mixed		latin混じり(別処理)
1,000円のしあわせ	senen-no-shiawase	senen-no-shiawase	senen-no-shiawase	訓読み/当て字 or sandhi		数字の読みがtoken分割と不一致(sandhi等)→要確認
変態兄と中2の妹	hentai-ani-to-chuni-no-imoto	hentai-ani-to-chuni-no-imoto	hentai-ani-to-chuni-no-imoto	訓読み/当て字 or sandhi		数字の読みがtoken分割と不一致(sandhi等)→要確認
私立トアール学園2年☆組物語	shiritsu-toaaru-gakuen-2nen-hoshigumi-monogatari	shiritsu-toaaru-gakuen-2nen-hoshigumi-monogatari	shiritsu-toaaru-gakuen-2nen-hoshigumi-monogatari	訓読み/当て字 or sandhi		数字の読みがtoken分割と不一致(sandhi等)→要確認
ダーリンは70歳	daarin-wa-nanajissai	daarin-wa-nanajissai	daarin-wa-70-sai	音読み→数字(先頭分割)	CHANGED	
ダーリンは71歳	daarin-wa-nanajuissai	daarin-wa-nanajuissai	daarin-wa-71-sai	音読み→数字(先頭分割)	CHANGED	
ダーリンは72歳	daarin-wa-nanajunisai	daarin-wa-nanajunisai	daarin-wa-72-sai	音読み→数字(先頭分割)	CHANGED	
ダーリンは73歳	daarin-wa-nanajusansai	daarin-wa-nanajusansai	daarin-wa-73-sai	音読み→数字(先頭分割)	CHANGED	
ダーリンは74歳	daarin-wa-nanajuyonsai	daarin-wa-nanajuyonsai	daarin-wa-74-sai	音読み→数字(先頭分割)	CHANGED	
ダーリンは75歳	daarin-wa-nanajugosai	daarin-wa-nanajugosai	daarin-wa-75-sai	音読み→数字(先頭分割)	CHANGED	
ダーリンは76歳	daarin-wa-nanajurokusai	daarin-wa-nanajurokusai	daarin-wa-76-sai	音読み→数字(先頭分割)	CHANGED	
ダーリンは77歳	daarin-wa-nanajunanasai	daarin-wa-nanajunanasai	daarin-wa-77-sai	音読み→数字(先頭分割)	CHANGED	
ダーリンは78歳	daarin-wa-nanajuhassai	daarin-wa-nanajuhassai	daarin-wa-78-sai	音読み→数字(先頭分割)	CHANGED	
ダーリンは79歳	daarin-wa-nanajukyusai	daarin-wa-nanajukyusai	daarin-wa-79-sai	音読み→数字(先頭分割)	CHANGED	
ダーリンは80歳	daarin-wa-hachijussai	daarin-wa-hachijussai	daarin-wa-80-sai	音読み→数字(先頭分割)	CHANGED	
隣人13号	rinjin-13go	rinjin-13go	rinjin-13go	訓読み/当て字 or sandhi		数字の読みがtoken分割と不一致(sandhi等)→要確認
0人間・八百八だぬき	zeroningenhappyakuyadanuki	zeroningenhappyakuyadanuki	zeroningenhappyakuyadanuki	no-segment		分かち書き無=token置換不可
ゴジラ漫画コレクション1954-58	gojira-manga-korekushon-senkyuhyakugojuyon-gojuhachi	gojira-manga-korekushon-senkyuhyakugojuyon-gojuhachi	gojira-manga-korekushon-1954-58	音読み→数字	CHANGED	
杉浦茂傑作漫画選集0人間	sugiura-shigeru-kessaku-manga-senshu-zeroningen	sugiura-shigeru-kessaku-manga-senshu-zeroningen	sugiura-shigeru-kessaku-manga-senshu-0-ningen	音読み→数字(先頭分割)	CHANGED	
20世紀少年	20seiki-shonen	20seiki-shonen	20seiki-shonen	訓読み/当て字 or sandhi		数字の読みがtoken分割と不一致(sandhi等)→要確認
20世紀少年の脇役	nijisseiki-shonen-no-wakiyaku	nijisseiki-shonen-no-wakiyaku	20-seiki-shonen-no-wakiyaku	音読み→数字(先頭分割)	CHANGED	
21世紀少年	nijuisseiki-shonen	nijuisseiki-shonen	21-seiki-shonen	音読み→数字(先頭分割)	CHANGED	
君は008	kimi-wa-daburuoeito	kimi-wa-daburuoeito	kimi-wa-daburuoeito	訓読み/当て字 or sandhi		数字の読みがtoken分割と不一致(sandhi等)→要確認
12色物語	12shokumonogatari	12shokumonogatari	12shokumonogatari	no-segment		分かち書き無=token置換不可
3月の風は3ノット	3gatsu-no-kaze-wa-3notto	3gatsu-no-kaze-wa-3notto	3gatsu-no-kaze-wa-3notto	訓読み/当て字 or sandhi		数字の読みがtoken分割と不一致(sandhi等)→要確認
電飾の夜23: 59発	denshoku-no-yoru-nijusanji-gojukyufun	denshoku-no-yoru-nijusanji-gojukyufun	denshoku-no-yoru-23-ji-59-fun	音読み→数字(先頭分割)	CHANGED	
太陽まで3m	taiyo-made-3m	taiyo-made-3m	taiyo-made-3m	latin-mixed		latin混じり(別処理)
9で割れ!	kyu-de-ware	kyu-de-ware	9-de-ware	音読み→数字	CHANGED	
9で割れ!!	ku-de-ware	ku-de-ware	9-de-ware	音読み→数字	CHANGED	
20世紀少年	nijisseiki-shonen	nijisseiki-shonen	20-seiki-shonen	音読み→数字(先頭分割)	CHANGED	
21世紀少年	nijuisseiki-shonen	nijuisseiki-shonen	21-seiki-shonen	音読み→数字(先頭分割)	CHANGED	
H2（ツー）	eichi-tsu	eichi-tsu	eichi-tsu	latin-mixed		latin混じり(別処理)
タッチ 2 さよならの贈り物	sayonara-no-okuri-mono	sayonara-no-okuri-mono	sayonara-no-okuri-mono	訓読み/当て字 or sandhi		数字の読みがtoken分割と不一致(sandhi等)→要確認
タッチ 3 君が通り過ぎたあとに	kimi-ga-torisugita-ato-ni	kimi-ga-torisugita-ato-ni	kimi-ga-torisugita-ato-ni	訓読み/当て字 or sandhi		数字の読みがtoken分割と不一致(sandhi等)→要確認
ナイン2	nain-2	nain-2	nain-2	訓読み/当て字 or sandhi		数字の読みがtoken分割と不一致(sandhi等)→要確認
ナイン3	nain-3	nain-3	nain-3	訓読み/当て字 or sandhi		数字の読みがtoken分割と不一致(sandhi等)→要確認
コミックス プロジェクトA子2	komikkusu-purojiekutoeekotsu	komikkusu-purojiekutoeekotsu	komikkusu-purojiekutoeekotsu	latin-mixed		latin混じり(別処理)
涙100万粒のリアル・ライフ	namida-hyakumantsubu-no-riaru-raifu	namida-hyakumantsubu-no-riaru-raifu	namida-100-mantsubu-no-riaru-raifu	音読み→数字(先頭分割)	CHANGED	
労働2号	rodo-2go	rodo-2go	rodo-2go	訓読み/当て字 or sandhi		数字の読みがtoken分割と不一致(sandhi等)→要確認
8	eito	eito	eito	no-segment		分かち書き無=token置換不可
上條淳士画集1983 SINCE	kamijo-atsushi-gashu-senkyuhyakuhachiju-san-shinsu	kamijo-atsushi-gashu-senkyuhyakuhachiju-san-shinsu	kamijo-atsushi-gashu-senkyuhyakuhachiju-san-shinsu	latin-mixed		latin混じり(別処理)
666～サタン～	666-sa-tan	666-sa-tan	666-satan	訓読み/当て字 or sandhi	CHANGED	数字の読みがtoken分割と不一致(sandhi等)→要確認
助太刀09	sukedachi-nain	sukedachi-nain	sukedachi-9	英語読み付随→数字	CHANGED	
クレヨンしんちゃん30周年スペシャル	kureyon-shin-chan-sanjusshunen-supesharu	kureyon-shin-chan-sanjusshunen-supesharu	kureyon-shinchan-30-shunen-supesharu	音読み→数字(先頭分割)	CHANGED	
1・2の三四郎	1-2-no-sanshiro	1-2-no-sanshiro	1-2-no-sanshiro	訓読み/当て字 or sandhi		数字の読みがtoken分割と不一致(sandhi等)→要確認
1・2の三四郎2	1-2-no-sanshiro-2	1-2-no-sanshiro-2	1-2-no-sanshiro-2	訓読み/当て字 or sandhi		数字の読みがtoken分割と不一致(sandhi等)→要確認
4階のミズ桜子	yonkai-no-mizu-sakurako	yonkai-no-mizu-sakurako	4-kai-no-mizu-sakurako	音読み→数字(先頭分割)	CHANGED	
アフロディーテ'90	afurodiitenaintei	afurodiitenaintei	afurodiitenaintei	no-segment		分かち書き無=token置換不可
コミックいわて11	komikku-iwate-irebun	komikku-iwate-irebun	komikku-iwate-11	英語読み付随→数字	CHANGED	
12色のカクテル	12shoku-no-kakuteru	12shoku-no-kakuteru	12shoku-no-kakuteru	訓読み/当て字 or sandhi		数字の読みがtoken分割と不一致(sandhi等)→要確認
1936-2021古谷三敏メモリアルセレクション	senkyuhyakusanjuroku-nisennijuichi-furuya-mitsutoshi-memoriaru-serekushon	senkyuhyakusanjuroku-nisennijuichi-furuya-mitsutoshi-memoriaru-serekushon	1936-2021-furuya-mitsutoshi-memoriaru-serekushon	音読み→数字	CHANGED	
Barレモン・ハート ドラマ・シーズン2エピソード集	bar-remon-haato	bar-remon-haato	bar-remon-haato	latin-mixed		latin混じり(別処理)
ピンクのカーテン〔★〕2	pinkunokaatenni	pinkunokaatenni	pinkunokaatenni	no-segment		分かち書き無=token置換不可
特区八犬士［code:T-8］	tokku-hakkenshi-kodo-teii-eito	tokku-hakkenshi-kodo-teii-eito	tokku-hakkenshi-kodo-teii-eito	latin-mixed		latin混じり(別処理)
ニーチェが京都にやってきて17歳の私に哲学のこと教えてくれた。	niiche-ga-kyoto-ni-yatte-kite-junanasai-no-watakushi-ni-tetsugaku-no-koto-oshiete-kureta	niiche-ga-kyoto-ni-yatte-kite-junanasai-no-watakushi-ni-tetsugaku-no-koto-oshiete-kureta	niiche-ga-kyoto-ni-yatte-kite-17-sai-no-watakushi-ni-tetsugaku-no-koto-oshiete-kureta	音読み→数字(先頭分割)	CHANGED	
六人の嘘つきな大学生〈プラス1〉	rokunin-no-usotsuki-na-daigakusei-purasu-wan	rokunin-no-usotsuki-na-daigakusei-purasu-wan	rokunin-no-usotsuki-na-daigakusei-purasu-1	英語読み付随→数字	CHANGED	
六人の噓つきな大学生〈プラス1〉	rokunin-no-usotsuki-na-daigakusei-purasu-wan	rokunin-no-usotsuki-na-daigakusei-purasu-wan	rokunin-no-usotsuki-na-daigakusei-purasu-1	英語読み付随→数字	CHANGED	
魔法陣グルグル2	mahojin-guruguru-2	mahojin-guruguru-2	mahojin-guruguru-2	訓読み/当て字 or sandhi		数字の読みがtoken分割と不一致(sandhi等)→要確認
刑事かれん24時の都会	keiji-karen-24ji-no-tokai	keiji-karen-24ji-no-tokai	keiji-karen-24ji-no-tokai	訓読み/当て字 or sandhi		数字の読みがtoken分割と不一致(sandhi等)→要確認
KING OF PRISM by PrettyRhythm 4コマアンソロジー 次世代編	kingu-obu-purizumu-bai-puritei-rizumu-yonkoma-ansorojii	kingu-obu-purizumu-bai-puritei-rizumu-yonkoma-ansorojii	kingu-obu-purizumu-bai-puritei-rizumu-yonkoma-ansorojii	latin-mixed		latin混じり(別処理)
機動戦士ガンダム0079	kido-senshi-gandamu-daburuo-sebunteinain	kido-senshi-gandamu-daburuo-sebunteinain	kido-senshi-gandamu-daburuo-79	英語読み付随→数字	CHANGED	
20代のリアル	nijudai-no-riaru	nijudai-no-riaru	20-dai-no-riaru	音読み→数字(先頭分割)	CHANGED	
3D彼女	riaru-gaaru	riaru-gaaru	riaru-gaaru	latin-mixed		latin混じり(別処理)
3D彼女リアルガール	suriidii-kanojo-riaru-gaaru	suriidii-kanojo-riaru-gaaru	suriidii-kanojo-riaru-gaaru	latin-mixed		latin混じり(別処理)
おひとりさまのあったか1ケ月食費2万円生活	ohitori-sama-no-attaka-ikkagetsu-shokuhi-nimanen-seikatsu	ohitori-sama-no-attaka-ikkagetsu-shokuhi-nimanen-seikatsu	ohitorisama-no-attaka-1-kagetsu-shokuhi-2-manen-seikatsu	音読み→数字(先頭分割)	CHANGED	
おひとりさまのあったか1ケ月食費2万円生活四季の野菜レシピ	ohitori-sama-no-attaka-ikkagetsu-shokuhi-nimanen-seikatsu-shiki-no-yasai-reshipi	ohitori-sama-no-attaka-ikkagetsu-shokuhi-nimanen-seikatsu-shiki-no-yasai-reshipi	ohitorisama-no-attaka-1-kagetsu-shokuhi-2-manen-seikatsu-shiki-no-yasai-reshipi	音読み→数字(先頭分割)	CHANGED	
おひとりさまのゆたかな年収200万生活	ohitori-sama-no-yutaka-na-nenshu-nihyakuman-seikatsu	ohitori-sama-no-yutaka-na-nenshu-nihyakuman-seikatsu	ohitorisama-no-yutaka-na-nenshu-200-man-seikatsu	音読み→数字(先頭分割)	CHANGED	
ごきげんな40歳になりたい	gokigen-na-yonjussai-ni-naritai	gokigen-na-yonjussai-ni-naritai	gokigen-na-40-sai-ni-naritai	音読み→数字(先頭分割)	CHANGED	
わたしの1ヶ月1000円ごほうび	watashi-no-ikkagetsu-senen-gohobi	watashi-no-ikkagetsu-senen-gohobi	watashi-no-1-kagetsu-1000-en-gohobi	音読み→数字(先頭分割)	CHANGED	
わたしの1ケ月1000円ごほうび	watashi-no-ikkagetsu-senen-gohobi	watashi-no-ikkagetsu-senen-gohobi	watashi-no-1-kagetsu-1000-en-gohobi	音読み→数字(先頭分割)	CHANGED	
金曜日のほろよい1000円ふたりメシ	kinyobi-no-horoyoi-senen-futari-meshi	kinyobi-no-horoyoi-senen-futari-meshi	kinyobi-no-horoyoi-1000-en-futari-meshi	音読み→数字(先頭分割)	CHANGED	
3月の第2ボタン	3gatsu-no-dai2-bo-tan	3gatsu-no-dai2-bo-tan	3gatsu-no-dai2-botan	訓読み/当て字 or sandhi	CHANGED	数字の読みがtoken分割と不一致(sandhi等)→要確認
キラキラ100％	kirakira-100paasento	kirakira-100paasento	kirakira-100paasento	訓読み/当て字 or sandhi		数字の読みがtoken分割と不一致(sandhi等)→要確認
マジカル★ドリームキラピチ5	majikaru-doriimu-kirapichi-faibu	majikaru-doriimu-kirapichi-faibu	majikaru-doriimu-kirapichi-5	英語読み付随→数字	CHANGED	
バッファロー5人娘	baffaro-5nin-musume	baffaro-5nin-musume	baffaro-5nin-musume	訓読み/当て字 or sandhi		数字の読みがtoken分割と不一致(sandhi等)→要確認
3月の夢	3gatsu-no-yume	3gatsu-no-yume	3gatsu-no-yume	訓読み/当て字 or sandhi		数字の読みがtoken分割と不一致(sandhi等)→要確認
12の結婚物語	juni-no-kekkon-monogatari	juni-no-kekkon-monogatari	12-no-kekkon-monogatari	音読み→数字	CHANGED	
ズームインage25	zumuineijitoenteifaibu	zumuineijitoenteifaibu	zumuineijitoenteifaibu	latin-mixed		latin混じり(別処理)
蔵出し選集!!コミック乱創刊20周年記念特別編集	kuradashi-senshu-komikku-ran-sokan-nijusshunen-kinen-tokubetsu-henshu	kuradashi-senshu-komikku-ran-sokan-nijusshunen-kinen-tokubetsu-henshu	kuradashi-senshu-komikku-ran-sokan-20-shunen-kinen-tokubetsu-henshu	音読み→数字(先頭分割)	CHANGED	
ファイナルファンタジー11	fainaru-fantajii-11	fainaru-fantajii-11	fainaru-fantajii-11	訓読み/当て字 or sandhi		数字の読みがtoken分割と不一致(sandhi等)→要確認
ファイナルファンタジー11未来への約束	fainaru-fantajii-irevun-asu-eno-yakusoku	fainaru-fantajii-irevun-asu-eno-yakusoku	fainaru-fantajii-11-asu-eno-yakusoku	英語読み付随→数字	CHANGED	
100万回のkiss	hyakumankai-no-kisu	hyakumankai-no-kisu	hyakumankai-no-kisu	latin-mixed		latin混じり(別処理)
キャプテン2	kyaputen-tsu	kyaputen-tsu	kyaputen-2	英語読み付随→数字	CHANGED	
プレイボール2	pureiboru-tsu	pureiboru-tsu	pureiboru-2	英語読み付随→数字	CHANGED	
20世紀伝説	nijusseikiseikidensetsu	nijusseikiseikidensetsu	nijusseikiseikidensetsu	no-segment		分かち書き無=token置換不可
1000年女王	sennen-jo	sennen-jo	1000-nen-jo	音読み→数字(先頭分割)	CHANGED	
3000年の春	sanzennen-no-haru	sanzennen-no-haru	3000-nen-no-haru	音読み→数字(先頭分割)	CHANGED	
V2パンツァー	v2-pantsuaa	v2-pantsuaa	v2-pantsuaa	latin-mixed		latin混じり(別処理)
さよなら銀河鉄道999	sayonara-ginga-tetsudo-surii-nain	sayonara-ginga-tetsudo-surii-nain	sayonara-ginga-tetsudo-surii-nain	訓読み/当て字 or sandhi		数字の読みがtoken分割と不一致(sandhi等)→要確認
そのまま連載第1回松本零士	sonomama-rensai-dai1kai-matsumoto-reiji	sonomama-rensai-dai1kai-matsumoto-reiji	sonomama-rensai-dai1kai-matsumoto-reiji	訓読み/当て字 or sandhi		数字の読みがtoken分割と不一致(sandhi等)→要確認
ダイバー0	daibaa-zero	daibaa-zero	daibaa-0	音読み→数字	CHANGED	
宇宙戦艦ヤマト2	uchu-senkan-yamato-ni	uchu-senkan-yamato-ni	uchu-senkan-yamato-2	音読み→数字	CHANGED	
火聖旅団ダナサイト999.9	faiaa-fosu-danasaito-fonain	faiaa-fosu-danasaito-fonain	faiaa-fosu-danasaito-fonain	訓読み/当て字 or sandhi		数字の読みがtoken分割と不一致(sandhi等)→要確認
銀河鉄道999	ginga-tetsudo-suriinain	ginga-tetsudo-suriinain	ginga-tetsudo-suriinain	訓読み/当て字 or sandhi		数字の読みがtoken分割と不一致(sandhi等)→要確認
銀河鉄道999 ANOTHER STORYアルティメットジャーニー	ginga-tetsudo-suriinain-anazaa-sutorii-aruteimetto-jaanii	ginga-tetsudo-suriinain-anazaa-sutorii-aruteimetto-jaanii	ginga-tetsudo-suriinain-anazaa-sutorii-aruteimetto-jaanii	latin-mixed		latin混じり(別処理)
銀河鉄道999 perfect book	ginga-tetsudo-999-perfect-bok	ginga-tetsudo-999-perfect-bok	ginga-tetsudo-999-perfect-bok	latin-mixed		latin混じり(別処理)
銀河鉄道999アンドロメダ編	ginga-tetsudo-suriinain-andoromedahen	ginga-tetsudo-suriinain-andoromedahen	ginga-tetsudo-suriinain-andoromedahen	訓読み/当て字 or sandhi		数字の読みがtoken分割と不一致(sandhi等)→要確認
銀河鉄道999エターナル編	ginga-tetsudo-suriinain-etaanaruhen	ginga-tetsudo-suriinain-etaanaruhen	ginga-tetsudo-suriinain-etaanaruhen	訓読み/当て字 or sandhi		数字の読みがtoken分割と不一致(sandhi等)→要確認
銀河鉄道999エターナル編	ginga-tetsudo-suriinain-etaanaruhen	ginga-tetsudo-suriinain-etaanaruhen	ginga-tetsudo-suriinain-etaanaruhen	訓読み/当て字 or sandhi		数字の読みがtoken分割と不一致(sandhi等)→要確認
幻想新幹線0	genso-shinkansen-rei	genso-shinkansen-rei	genso-shinkansen-0	音読み→数字	CHANGED	
思春期100万年	shishunki-hyakumannen	shishunki-hyakumannen	shishunki-100-mannen	音読み→数字(先頭分割)	CHANGED	
潜水艦スーパー99	sensuikan-supaa-99	sensuikan-supaa-99	sensuikan-supaa-99	訓読み/当て字 or sandhi		数字の読みがtoken分割と不一致(sandhi等)→要確認
漂流3000万光年	hyoryu-sanzenman-konen	hyoryu-sanzenman-konen	hyoryu-3000-man-konen	音読み→数字(先頭分割)	CHANGED	
漂流幹線000	hyoryu-kansen-suriizero	hyoryu-kansen-suriizero	hyoryu-kansen-suriizero	訓読み/当て字 or sandhi		数字の読みがtoken分割と不一致(sandhi等)→要確認
蜃気楼フェリーアイランダー0	shinkiro-ferii-airandaa-0	shinkiro-ferii-airandaa-0	shinkiro-ferii-airandaa-0	訓読み/当て字 or sandhi		数字の読みがtoken分割と不一致(sandhi等)→要確認
1001	naitsu	naitsu	naitsu	no-segment		分かち書き無=token置換不可
コミティア30thクロニクル	komiteia-saateiisu-kuronikuru	komiteia-saateiisu-kuronikuru	komiteia-saateiisu-kuronikuru	latin-mixed		latin混じり(別処理)
にぎやか文庫3	nigiyaka-bunko-san	nigiyaka-bunko-san	nigiyaka-bunko-3	音読み→数字	CHANGED	
願いを3ページだけ叶えてやろう	negai-o-3peeji-dake-kanaete-yaro	negai-o-3peeji-dake-kanaete-yaro	negai-o-3peeji-dake-kanaete-yaro	訓読み/当て字 or sandhi		数字の読みがtoken分割と不一致(sandhi等)→要確認
1/2の林檎	2bunno1-no-ringo	2bunno1-no-ringo	2bunno1-no-ringo	訓読み/当て字 or sandhi		数字の読みがtoken分割と不一致(sandhi等)→要確認
5年目の意地っぱり	gonenme-no-ijippari	gonenme-no-ijippari	5-nenme-no-ijippari	音読み→数字(先頭分割)	CHANGED	
スイート10	suiito-ten	suiito-ten	suiito-10	英語読み付随→数字	CHANGED	
6月のラブレター	rokugatsu-no-rabu-retaa	rokugatsu-no-rabu-retaa	6-gatsu-no-rabu-retaa	音読み→数字(先頭分割)	CHANGED	
ライフ2ギバーテイカー	raifu-tsu-gibaateikaa	raifu-tsu-gibaateikaa	raifu-2-gibaateikaa	英語読み付随→数字	CHANGED	
涙100万粒	namida-hyakumantsubu	namida-hyakumantsubu	namida-100-mantsubu	音読み→数字(先頭分割)	CHANGED	
パリ1921	pari-senkyuhyakunijuichi	pari-senkyuhyakunijuichi	pari-1921	音読み→数字	CHANGED	
黄昏のニキータちゃん2010	tasogare-no-nikiita-chan-2010	tasogare-no-nikiita-chan-2010	tasogare-no-nikiitachan-2010	訓読み/当て字 or sandhi	CHANGED	数字の読みがtoken分割と不一致(sandhi等)→要確認
緋賀ゆかり画集15th ART WORKS	higa-yukari-gashu-fifuteiinsu-aato-waakusu	higa-yukari-gashu-fifuteiinsu-aato-waakusu	higa-yukari-gashu-fifuteiinsu-aato-waakusu	latin-mixed		latin混じり(別処理)
イケメン☆9!	ikemen-nain	ikemen-nain	ikemen-9	英語読み付随→数字	CHANGED	
地上10メートルの檻から	chijo-10meetoru-no-ori-kara	chijo-10meetoru-no-ori-kara	chijo-10meetoru-no-ori-kara	訓読み/当て字 or sandhi		数字の読みがtoken分割と不一致(sandhi等)→要確認
エイリアン9	eirian-nain	eirian-nain	eirian-9	英語読み付随→数字	CHANGED	
エイリアン9 エミュレイターズ	eirian-9-emyureitaazu	eirian-9-emyureitaazu	eirian-9-emyureitaazu	訓読み/当て字 or sandhi		数字の読みがtoken分割と不一致(sandhi等)→要確認
17歳の解剖学	17sai-no-kaibogaku	17sai-no-kaibogaku	17sai-no-kaibogaku	訓読み/当て字 or sandhi		数字の読みがtoken分割と不一致(sandhi等)→要確認
21世紀のアサーッ!	21seiki-no-asaatsu	21seiki-no-asaatsu	21seiki-no-asaatsu	訓読み/当て字 or sandhi		数字の読みがtoken分割と不一致(sandhi等)→要確認
アラベスク第1部	arabesuku	arabesuku	arabesuku	no-segment		分かち書き無=token置換不可
アラベスク第2部	arabesuku	arabesuku	arabesuku	no-segment		分かち書き無=token置換不可
舞姫 第2部	maihime-dai2bu	maihime-dai2bu	maihime-dai2bu	訓読み/当て字 or sandhi		数字の読みがtoken分割と不一致(sandhi等)→要確認
リベルテ144時間	riberute-hyaku-shijushi-jikan	riberute-hyaku-shijushi-jikan	riberute-144-jikan	音読み→数字	CHANGED	
森のなかの1羽と3匹	mori-no-naka-no-ichiwa-to-sanbiki	mori-no-naka-no-ichiwa-to-sanbiki	mori-no-naka-no-1-wa-to-3-biki	音読み→数字(先頭分割)	CHANGED	
3人目が消えた	sannin-me-ga-kieta	sannin-me-ga-kieta	3-nin-me-ga-kieta	音読み→数字(先頭分割)	CHANGED	
そして5回の鈴が鳴る	soshite-gokai-no-suzu-ga-naru	soshite-gokai-no-suzu-ga-naru	soshite-5-kai-no-suzu-ga-naru	音読み→数字(先頭分割)	CHANGED	
D・N・〔A^2〕	dii-enu-ee-tsu	dii-enu-ee-tsu	dii-enu-ee-tsu	latin-mixed		latin混じり(別処理)
30デビュー	saatei-debyu	saatei-debyu	30-debyu	英語読み付随→数字	CHANGED	
11番目のねこはねね	juichibanme-no-neko-wa-nene	juichibanme-no-neko-wa-nene	11-banme-no-neko-wa-nene	音読み→数字(先頭分割)	CHANGED	
100万ポンドの愛	100manpondo-no-ai	100manpondo-no-ai	100manpondo-no-ai	訓読み/当て字 or sandhi		数字の読みがtoken分割と不一致(sandhi等)→要確認
秘密 season0	himitsu-shiizun-zero	himitsu-shiizun-zero	himitsu-shiizun-zero	latin-mixed		latin混じり(別処理)
秘密season0	himitsu-shiizun-zero	himitsu-shiizun-zero	himitsu-shiizun-zero	latin-mixed		latin混じり(別処理)
100万ドルの女	100mandoru-no-onna	100mandoru-no-onna	100mandoru-no-onna	訓読み/当て字 or sandhi		数字の読みがtoken分割と不一致(sandhi等)→要確認
1999年七の月～上海	1999nen-shichi-no-tsuki-kara-shanhai	1999nen-shichi-no-tsuki-kara-shanhai	1999nen-shichi-no-tsuki-kara-shanhai	訓読み/当て字 or sandhi		数字の読みがtoken分割と不一致(sandhi等)→要確認
1年5組いきものがかり	1nen-5kumi-ikimonogakari	1nen-5kumi-ikimonogakari	1nen-5kumi-ikimonogakari	訓読み/当て字 or sandhi		数字の読みがtoken分割と不一致(sandhi等)→要確認
おとなにナッツー2	otona-ni-natsu-2	otona-ni-natsu-2	otona-2-natsu-2	音読み→数字	CHANGED	
エンジェル・ハート 2ndシーズン	enjieru-haato-2nd-shiizun	enjieru-haato-2nd-shiizun	enjieru-haato-2nd-shiizun	latin-mixed		latin混じり(別処理)
北条司漫画家20周年記念イラストレーションズ	hojo-tsukasa-mangaka-20shunen-kinen-irasutoreeshonzu	hojo-tsukasa-mangaka-20shunen-kinen-irasutoreeshonzu	hojo-tsukasa-mangaka-20shunen-kinen-irasutoreeshonzu	訓読み/当て字 or sandhi		数字の読みがtoken分割と不一致(sandhi等)→要確認
北条司漫画家25周年記念自選イラストレーション100	hojo-tsukasa-mangaka-25shunen-kinen-jisen-irasutoreeshon-100	hojo-tsukasa-mangaka-25shunen-kinen-jisen-irasutoreeshon-100	hojo-tsukasa-mangaka-25shunen-kinen-jisen-irasutoreeshon-100	訓読み/当て字 or sandhi		数字の読みがtoken分割と不一致(sandhi等)→要確認
午後3時の魔法	gogo-3ji-no-maho	gogo-3ji-no-maho	gogo-3ji-no-maho	訓読み/当て字 or sandhi		数字の読みがtoken分割と不一致(sandhi等)→要確認
恋愛内科25時	renai-naika-25ji	renai-naika-25ji	renai-naika-25ji	訓読み/当て字 or sandhi		数字の読みがtoken分割と不一致(sandhi等)→要確認
9つの夜の扉	kokonotsu-no-yoru-no-tobira	kokonotsu-no-yoru-no-tobira	kokonotsu-no-yoru-no-tobira	訓読み/当て字 or sandhi		数字の読みがtoken分割と不一致(sandhi等)→要確認
009ノ1	zerozero-nain-wan	zerozero-nain-wan	zerozero-nine-one	英語読み→英単語	CHANGED	
イナズマン1973	inazuman-senkyuhyakunanaju-san	inazuman-senkyuhyakunanaju-san	inazuman-1973	音読み→数字	CHANGED	
キカイダー02	kikaidaa-02	kikaidaa-02	kikaidaa-02	訓読み/当て字 or sandhi		数字の読みがtoken分割と不一致(sandhi等)→要確認
キカイダー02Special Graphics Edition	kikaidaa-zerotsu-supesharu-gurafikkusu-edishon	kikaidaa-zerotsu-supesharu-gurafikkusu-edishon	kikaidaa-zerotsu-supesharu-gurafikkusu-edishon	latin-mixed		latin混じり(別処理)
サイボーグ009	saibogu-zerozeronain	saibogu-zerozeronain	saibogu-zerozeronain	訓読み/当て字 or sandhi		数字の読みがtoken分割と不一致(sandhi等)→要確認
サイボーグ009 00学園危機一髪	saibogu-zerozeronain-zerozero-gakuen-kiki-ippatsu	saibogu-zerozeronain-zerozero-gakuen-kiki-ippatsu	saibogu-0-zeronain-zerozero-gakuen-kiki-ippatsu	音読み→数字(先頭分割) ; 訓読み/当て字 or sandhi	CHANGED	数字の読みがtoken分割と不一致(sandhi等)→要確認
サイボーグ009 BGOOPARTS DELETE	saibogu-zerozeronain-bigoopaatsu-deriito	saibogu-zerozeronain-bigoopaatsu-deriito	saibogu-zerozeronain-bigoopaatsu-deriito	latin-mixed		latin混じり(別処理)
サイボーグ009	saibogu-zerozeronain	saibogu-zerozeronain	saibogu-zerozeronain	訓読み/当て字 or sandhi		数字の読みがtoken分割と不一致(sandhi等)→要確認
サイボーグ009その世界	saibogu-zerozeronain-sono-sekai	saibogu-zerozeronain-sono-sekai	saibogu-zerozeronain-sono-sekai	訓読み/当て字 or sandhi		数字の読みがtoken分割と不一致(sandhi等)→要確認
サイボーグ009完結編	saibogu-zerozeronain-kanketsuhen	saibogu-zerozeronain-kanketsuhen	saibogu-zerozeronain-kanketsuhen	訓読み/当て字 or sandhi		数字の読みがtoken分割と不一致(sandhi等)→要確認
サイボーグ009天使編・神々との闘い編	saibogu-zerozeronain-tenshihen-kamigami-to-no-tatakaihen	saibogu-zerozeronain-tenshihen-kamigami-to-no-tatakaihen	saibogu-zerozeronain-tenshihen-kamigami-to-no-tatakaihen	訓読み/当て字 or sandhi		数字の読みがtoken分割と不一致(sandhi等)→要確認
ロボット刑事1973	robotto-keiji-senkyuhyakunanaju-san	robotto-keiji-senkyuhyakunanaju-san	robotto-keiji-1973	音読み→数字	CHANGED	
仮面ライダー 1971	kamen-raidaa-senkyuhyakunanajuichi	kamen-raidaa-senkyuhyakunanajuichi	kamen-raidaa-1971	音読み→数字	CHANGED	
仮面ライダーV3	kamenraidaa-bui3	kamenraidaa-bui3	kamenraidaa-bui3	latin-mixed		latin混じり(別処理)
仮面ライダーアマゾン1974	kamen-raidaa-amazon-senkyuhyakunanajuyon	kamen-raidaa-amazon-senkyuhyakunanajuyon	kamen-raidaa-amazon-1974	音読み→数字	CHANGED	
劇画家畜人ヤプー 正編「宇宙帝国への招待」続編「悪夢の日本史」【2巻セット】	gekiga-kachikujin-yapu	gekiga-kachikujin-yapu	gekiga-kachikujin-yapu	訓読み/当て字 or sandhi		数字の読みがtoken分割と不一致(sandhi等)→要確認
劇場版仮面ライダーヒビキと7人の戦鬼	gekijoban-kamen-raidaa-hibiki-to-7nin-no-senki	gekijoban-kamen-raidaa-hibiki-to-7nin-no-senki	gekijoban-kamen-raidaa-hibiki-to-7nin-no-senki	訓読み/当て字 or sandhi		数字の読みがtoken分割と不一致(sandhi等)→要確認
決死戦7人ライダー	kesshisen-7nin-raidaa	kesshisen-7nin-raidaa	kesshisen-7nin-raidaa	訓読み/当て字 or sandhi		数字の読みがtoken分割と不一致(sandhi等)→要確認
人造人間キカイダー1972	jinzo-ningen-kikaidaa-senkyuhyakunanajuni	jinzo-ningen-kikaidaa-senkyuhyakunanajuni	jinzo-ningen-kikaidaa-1972	音読み→数字	CHANGED	
石ノ森章太郎変身ヒーロー画集 after 1975	ishinomori-shotaro-henshin-hiiro-gashu-afutaa-senkyuhyakunanajugo	ishinomori-shotaro-henshin-hiiro-gashu-afutaa-senkyuhyakunanajugo	ishinomori-shotaro-henshin-hiiro-gashu-afutaa-senkyuhyakunanajugo	latin-mixed		latin混じり(別処理)
石ノ森章太郎変身ヒーロー画集 before 1975	ishinomori-shotaro-henshin-hiiro-gashu-bifoa-senkyuhyakunanajugo	ishinomori-shotaro-henshin-hiiro-gashu-bifoa-senkyuhyakunanajugo	ishinomori-shotaro-henshin-hiiro-gashu-bifoa-senkyuhyakunanajugo	latin-mixed		latin混じり(別処理)
大江戸緋鳥808	oedo-hicho-happyaku-hachi	oedo-hicho-happyaku-hachi	oedo-hicho-808	音読み→数字	CHANGED	
秘密戦隊ゴレンジャー1975	himitsu-sentai-gorenjaa-senkyuhyakunanajugo	himitsu-sentai-gorenjaa-senkyuhyakunanajugo	himitsu-sentai-gorenjaa-1975	音読み→数字	CHANGED	
変身忍者嵐1972	henshin-ninja-arashi-senkyuhyakunanajuni	henshin-ninja-arashi-senkyuhyakunanajuni	henshin-ninja-arashi-1972	音読み→数字	CHANGED	
未来救助隊アスガード7 1974すがやみつる版	mirai-kyujotai-asu-gaado-sebun	mirai-kyujotai-asu-gaado-sebun	mirai-kyujotai-asu-gaado-7	英語読み付随→数字 ; 訓読み/当て字 or sandhi	CHANGED	数字の読みがtoken分割と不一致(sandhi等)→要確認
未来救助隊アスガード7 1975すがやみつる版	mirai-kyujotai-asu-gaado-sebun-senkyuhyakunanajugo-sugaya-mitsuruban	mirai-kyujotai-asu-gaado-sebun-senkyuhyakunanajugo-sugaya-mitsuruban	mirai-kyujotai-asu-gaado-7-1975-sugaya-mitsuruban	英語読み付随→数字 ; 音読み→数字	CHANGED	
オフィス7	ofisu-7	ofisu-7	ofisu-7	訓読み/当て字 or sandhi		数字の読みがtoken分割と不一致(sandhi等)→要確認
その名は101	sono-na-wa-wanzerowan	sono-na-wa-wanzerowan	sono-na-wa-wanzerowan	訓読み/当て字 or sandhi		数字の読みがtoken分割と不一致(sandhi等)→要確認
バビル2世	babiru-2sei	babiru-2sei	babiru-2sei	訓読み/当て字 or sandhi		数字の読みがtoken分割と不一致(sandhi等)→要確認
バビル2世 ザ・リターナー	babiru-2sei-za-ritaanaa	babiru-2sei-za-ritaanaa	babiru-2sei-za-ritaanaa	訓読み/当て字 or sandhi		数字の読みがtoken分割と不一致(sandhi等)→要確認
バビル2世	babiru-nisei	babiru-nisei	babiru-2-sei	音読み→数字(先頭分割)	CHANGED	
バビル2世ザ・リターナー	babiru-nisei-za-ritaanaa	babiru-nisei-za-ritaanaa	babiru-2-sei-za-ritaanaa	音読み→数字(先頭分割)	CHANGED	
続・鉄人28号	zoku-tetsujin-28go	zoku-tetsujin-28go	zoku-tetsujin-28go	訓読み/当て字 or sandhi		数字の読みがtoken分割と不一致(sandhi等)→要確認
地球ナンバーV-7	chikiyu-nanbaa-bui-sebun	chikiyu-nanbaa-bui-sebun	chikiyu-nanbaa-bui-sebun	latin-mixed		latin混じり(別処理)
鉄人28号	tetsujin-28go	tetsujin-28go	tetsujin-28go	訓読み/当て字 or sandhi		数字の読みがtoken分割と不一致(sandhi等)→要確認
鉄人28号 皇帝の紋章	tetsujin-28go-kotei-no-monsho	tetsujin-28go-kotei-no-monsho	tetsujin-28go-kotei-no-monsho	訓読み/当て字 or sandhi		数字の読みがtoken分割と不一致(sandhi等)→要確認
鉄人28号 少年オリジナル版 復刻大全集	tetsujin-nijuhachigo-shonen-orijinaruban-fukkoku-daizenshu	tetsujin-nijuhachigo-shonen-orijinaruban-fukkoku-daizenshu	tetsujin-28-go-shonen-orijinaruban-fukkoku-daizenshu	音読み→数字(先頭分割)	CHANGED	
鉄人28号 鉄人奪還作戦	tetsujin-28-go-tetsujin-dakkan-sakusen	tetsujin-28-go-tetsujin-dakkan-sakusen	tetsujin-28-go-tetsujin-dakkan-sakusen	訓読み/当て字 or sandhi		数字の読みがtoken分割と不一致(sandhi等)→要確認
鉄人28号	tetsujin-nijuhachigo	tetsujin-nijuhachigo	tetsujin-28-go	音読み→数字(先頭分割)	CHANGED	
鉄人28号DELUXE	tetsujin-nijuhachigo-deluxe	tetsujin-nijuhachigo-deluxe	tetsujin-nijuhachigo-deluxe	latin-mixed		latin混じり(別処理)
2週間のアバンチュール	2shukan-no-abanchuru	2shukan-no-abanchuru	2shukan-no-abanchuru	訓読み/当て字 or sandhi		数字の読みがtoken分割と不一致(sandhi等)→要確認
#140字のロマンス	hasshutagu-hyakuyonjuji-no-romansu	hasshutagu-hyakuyonjuji-no-romansu	hasshutagu-140-ji-no-romansu	音読み→数字(先頭分割)	CHANGED	
デビルズライン2〈逆襲〉	debiruzu-rain-tsu-gyakushu	debiruzu-rain-tsu-gyakushu	debiruzu-rain-2-gyakushu	英語読み付随→数字	CHANGED	
君のことが大大大大大好きな100人の彼女	kimi-no-koto-ga-daidaidaidaidaisuki-na-hyakunin-no-kanojo	kimi-no-koto-ga-daidaidaidaidaisuki-na-hyakunin-no-kanojo	kimi-no-koto-ga-daidaidaidaidaisuki-na-100-nin-no-kanojo	音読み→数字(先頭分割)	CHANGED	
1995年のスモーク・オン・ザ・ウォーター	1995nen-no-sumoku-on-za-uotaa	1995nen-no-sumoku-on-za-uotaa	1995nen-no-sumoku-on-za-uotaa	訓読み/当て字 or sandhi		数字の読みがtoken分割と不一致(sandhi等)→要確認
5年めのUターン	gonenme-no-yutaan	gonenme-no-yutaan	gonenme-no-yutaan	latin-mixed		latin混じり(別処理)
100年のライラ	hyakunen-no-raira	hyakunen-no-raira	100-nen-no-raira	音読み→数字(先頭分割)	CHANGED	
マリエ館37号室	mariekan-37goshitsu	mariekan-37goshitsu	mariekan-37goshitsu	訓読み/当て字 or sandhi		数字の読みがtoken分割と不一致(sandhi等)→要確認
RUNNING第2部	ranningu	ranningu	ranningu	latin-mixed		latin混じり(別処理)
BLEACH 4コマコマブリ	buriichi-4-koma-komaburi	buriichi-4-koma-komaburi	buriichi-4-koma-komaburi	latin-mixed		latin混じり(別処理)
Mother2ギーグの逆襲・ネスの冒険記	mazaa-tsu-giigu-no-gyakushu-nesu-no-bokenki	mazaa-tsu-giigu-no-gyakushu-nesu-no-bokenki	mazaa-tsu-giigu-no-gyakushu-nesu-no-bokenki	latin-mixed		latin混じり(別処理)
9年めの未病生活	kyunenme-no-mibyo-seikatsu	kyunenme-no-mibyo-seikatsu	9-nenme-no-mibyo-seikatsu	音読み→数字(先頭分割)	CHANGED	
不登校の17歳。	futoko-no-junanasai	futoko-no-junanasai	futoko-no-17-sai	音読み→数字(先頭分割)	CHANGED	
洋服を9枚に減らしてみた。	yofuku-o-9mai-ni-herashitemita	yofuku-o-9mai-ni-herashitemita	yofuku-o-9mai-ni-herashitemita	訓読み/当て字 or sandhi		数字の読みがtoken分割と不一致(sandhi等)→要確認
私には5人の毒親がいる	watashi-niwa-gonin-no-dokuoya-ga-iru	watashi-niwa-gonin-no-dokuoya-ga-iru	watashi-niwa-5-nin-no-dokuoya-ga-iru	音読み→数字(先頭分割)	CHANGED	
今日の5の2	kyo-no-5-no-2	kyo-no-5-no-2	kyo-no-5-no-2	訓読み/当て字 or sandhi		数字の読みがtoken分割と不一致(sandhi等)→要確認
1年A組のモンスター	1nen-agumi-no-monsutaa	1nen-agumi-no-monsutaa	1nen-agumi-no-monsutaa	latin-mixed		latin混じり(別処理)
1985年のソドム	senkyuhyakuhachijugonen-no-sodomu	senkyuhyakuhachijugonen-no-sodomu	1985-nen-no-sodomu	音読み→数字(先頭分割)	CHANGED	
Wsamarus・2001	usamaruzu-nisen-ichi	usamaruzu-nisen-ichi	usamaruzu-nisen-ichi	latin-mixed		latin混じり(別処理)
彼女を守る51の方法	kanojo-o-mamoru-51-no-hoho	kanojo-o-mamoru-51-no-hoho	kanojo-o-mamoru-51-no-hoho	訓読み/当て字 or sandhi		数字の読みがtoken分割と不一致(sandhi等)→要確認
シャーマンキング0	shaaman-kingu-zero	shaaman-kingu-zero	shaaman-kingu-0	音読み→数字	CHANGED	
うみねこのなく頃に散 Episode7	umineko-no-naku-koro-ni-chiru-episodo-sebun	umineko-no-naku-koro-ni-chiru-episodo-sebun	umineko-no-naku-koro-ni-chiru-episodo-sebun	latin-mixed		latin混じり(別処理)
友達100人できるかな	tomodachi-100nin-dekirukana	tomodachi-100nin-dekirukana	tomodachi-100nin-dekirukana	訓読み/当て字 or sandhi		数字の読みがtoken分割と不一致(sandhi等)→要確認
アンコールが3回	ankoru-ga-sankai	ankoru-ga-sankai	ankoru-ga-3-kai	音読み→数字(先頭分割)	CHANGED	
わずか5センチのロック	wazuka-gosenchi-no-rokku	wazuka-gosenchi-no-rokku	wazuka-5-senchi-no-rokku	音読み→数字(先頭分割)	CHANGED	
駅から5分	eki-kara-5fun	eki-kara-5fun	eki-kara-5fun	訓読み/当て字 or sandhi		数字の読みがtoken分割と不一致(sandhi等)→要確認
LEGAの13	lega-no-13	lega-no-13	lega-no-13	latin-mixed		latin混じり(別処理)
超人類6	chojinrui-shikkusu	chojinrui-shikkusu	chojinrui-6	英語読み付随→数字	CHANGED	
超人類6	chojinrui-shikkusu	chojinrui-shikkusu	chojinrui-6	英語読み付随→数字	CHANGED	
ファルコン50	farukon-faibuo	farukon-faibuo	farukon-faibuo	訓読み/当て字 or sandhi		数字の読みがtoken分割と不一致(sandhi等)→要確認
TVアニメコミックス うちの3姉妹	teiibui-anime-komikkusu-uchi-no-san-shimai	teiibui-anime-komikkusu-uchi-no-san-shimai	teiibui-anime-komikkusu-uchi-no-san-shimai	latin-mixed		latin混じり(別処理)
うちの3ねこ	uchi-no-sanneko	uchi-no-sanneko	uchi-no-3-neko	音読み→数字(先頭分割)	CHANGED	
うちの3姉妹	uchi-no-sanshimai	uchi-no-sanshimai	uchi-no-3-shimai	音読み→数字(先頭分割)	CHANGED	
うちの3姉妹 番外編	uchi-no-sanshimai	uchi-no-sanshimai	uchi-no-3-shimai	音読み→数字(先頭分割)	CHANGED	
おってけ!3ハロン	otteke-3-haron	otteke-3-haron	otteke-3-haron	訓読み/当て字 or sandhi		数字の読みがtoken分割と不一致(sandhi等)→要確認
松本ぷりっつの夫婦(めおと)漫才旅ときどき3姉妹	matsumoto-purittsu-no-meoto-manzaitabi-tokidoki-sanshimai	matsumoto-purittsu-no-meoto-manzaitabi-tokidoki-sanshimai	matsumoto-purittsu-no-meoto-manzaitabi-tokidoki-3-shimai	音読み→数字(先頭分割)	CHANGED	
松本ぷりっつの夫婦漫才旅ときどき3姉妹	matsumoto-purittsu-no-fufu-manzai-tabi-tokidoki-san-shimai	matsumoto-purittsu-no-fufu-manzai-tabi-tokidoki-san-shimai	matsumoto-purittsu-no-fufu-manzai-tabi-tokidoki-3-shimai	音読み→数字	CHANGED	
アイツに恋した4つの理由	aitsu-ni-koi-shita-yottsu-no-wake	aitsu-ni-koi-shita-yottsu-no-wake	aitsu-ni-koi-4-ta-yottsu-no-wake	音読み→数字(先頭分割)	CHANGED	
アタシがハマッた4つの純愛	atashi-ga-hamatta-4tsu-no-junai	atashi-ga-hamatta-4tsu-no-junai	atashi-ga-hamatta-4tsu-no-junai	訓読み/当て字 or sandhi		数字の読みがtoken分割と不一致(sandhi等)→要確認
7年目のセキララ結婚生活	7nenme-no-sekirara-kekkon-seikatsu	7nenme-no-sekirara-kekkon-seikatsu	7nenme-no-sekirara-kekkon-seikatsu	訓読み/当て字 or sandhi		数字の読みがtoken分割と不一致(sandhi等)→要確認
マジカル1to3	majikaru-wan-tsu-surii	majikaru-wan-tsu-surii	majikaru-wan-tsu-surii	latin-mixed		latin混じり(別処理)
結婚伝説2	kekkon-densetsu-2	kekkon-densetsu-2	kekkon-densetsu-2	訓読み/当て字 or sandhi		数字の読みがtoken分割と不一致(sandhi等)→要確認
作品ナンバー20	sakuhin-nanbaa-20	sakuhin-nanbaa-20	sakuhin-nanbaa-20	訓読み/当て字 or sandhi		数字の読みがtoken分割と不一致(sandhi等)→要確認
帰って来たどらン猫2	kaettekita-doranko2	kaettekita-doranko2	kaettekita-doranko2	訓読み/当て字 or sandhi		数字の読みがtoken分割と不一致(sandhi等)→要確認
幽霊の1/2	yurei-no-nibun-no-ichi	yurei-no-nibun-no-ichi	yurei-no-2-bun-no-1	音読み→数字(先頭分割) ; 音読み→数字	CHANGED	
813の謎	hachi-ichi-san-no-nazo	hachi-ichi-san-no-nazo	hachi-ichi-san-no-nazo	訓読み/当て字 or sandhi		数字の読みがtoken分割と不一致(sandhi等)→要確認
UFOロボグレンダイザー1975-77	yufo-robo-gurendaizaa-senkyuhyakunanajugo-nanajunana	yufo-robo-gurendaizaa-senkyuhyakunanajugo-nanajunana	yufo-robo-gurendaizaa-senkyuhyakunanajugo-nanajunana	latin-mixed		latin混じり(別処理)
オカルト団D3	okarutodan-d3	okarutodan-d3	okarutodan-d3	latin-mixed		latin混じり(別処理)
クライシス2050	kuraishisu-2050	kuraishisu-2050	kuraishisu-2050	訓読み/当て字 or sandhi		数字の読みがtoken分割と不一致(sandhi等)→要確認
グレート・マジンガー1974-75	gureeto-majingaa-senkyuhyakunanajuyon-nanajugo	gureeto-majingaa-senkyuhyakunanajuyon-nanajugo	gureeto-majingaa-1974-75	音読み→数字	CHANGED	
サイボーグ009VSデビルマン	saibogu-zerozeronain-baasasu-debiruman	saibogu-zerozeronain-baasasu-debiruman	saibogu-zerozeronain-baasasu-debiruman	latin-mixed		latin混じり(別処理)
バイオレンスジャック20XX	baiorensu-jakku-nisenekkusuekkusu	baiorensu-jakku-nisenekkusuekkusu	baiorensu-jakku-nisenekkusuekkusu	latin-mixed		latin混じり(別処理)
バラバンバ2	barabanba-ni	barabanba-ni	barabanba-2	音読み→数字	CHANGED	
マジンガーZ 1972-74	majingaa-zetto-senkyuhyakunanajuni-nanajuyon	majingaa-zetto-senkyuhyakunanajuni-nanajuyon	majingaa-zetto-senkyuhyakunanajuni-nanajuyon	latin-mixed		latin混じり(別処理)
『ああっ女神さまっ』1988-2008	aatsu-megamisamatsu-1988-2008	aatsu-megamisamatsu-1988-2008	aatsu-megamisamatsu-1988-2008	訓読み/当て字 or sandhi		数字の読みがtoken分割と不一致(sandhi等)→要確認
サクラ大戦 第2部	sakura-taisen-dai-ni-bu	sakura-taisen-dai-ni-bu	sakura-taisen-dai-2-bu	音読み→数字	CHANGED	
テイルズオブヴェスペリア4コマKINGS	teiruzu-obu-vesuperia-yonkoma-kingusu	teiruzu-obu-vesuperia-yonkoma-kingusu	teiruzu-obu-vesuperia-yonkoma-kingusu	latin-mixed		latin混じり(別処理)
テイルズオブジアビス 4コマkings	teiruzu-obu-ji-abisu-yonkoma-kingusu	teiruzu-obu-ji-abisu-yonkoma-kingusu	teiruzu-obu-ji-abisu-yonkoma-kingusu	latin-mixed		latin混じり(別処理)
テイルズオブシンフォニア4コマkings	teiruzu-obu-shinfonia-yonkoma-kingusu	teiruzu-obu-shinfonia-yonkoma-kingusu	teiruzu-obu-shinfonia-yonkoma-kingusu	latin-mixed		latin混じり(別処理)
カクテル25時	kakuteru-nijugoji	kakuteru-nijugoji	kakuteru-25-ji	音読み→数字(先頭分割)	CHANGED	
閉じられた9月	tojirareta-seputenbaa	tojirareta-seputenbaa	tojirareta-seputenbaa	訓読み/当て字 or sandhi		数字の読みがtoken分割と不一致(sandhi等)→要確認
5	faibu	faibu	faibu	no-segment		分かち書き無=token置換不可
5年めのピーターパン	5nenme-no-piitaa-pan	5nenme-no-piitaa-pan	5nenme-no-piitaa-pan	訓読み/当て字 or sandhi		数字の読みがtoken分割と不一致(sandhi等)→要確認
うちの子1等賞!	uchi-no-ko-1tosho	uchi-no-ko-1tosho	uchi-no-ko-1tosho	訓読み/当て字 or sandhi		数字の読みがtoken分割と不一致(sandhi等)→要確認
30歳まで童貞だと魔法使いになれるらしい	30sai-made-dotei-dato-mahotsukai-ni-narerurashii	30sai-made-dotei-dato-mahotsukai-ni-narerurashii	30sai-made-dotei-dato-mahotsukai-ni-narerurashii	訓読み/当て字 or sandhi		数字の読みがtoken分割と不一致(sandhi等)→要確認
8月のソーダ水	hachigatsu-no-sodasui	hachigatsu-no-sodasui	8-gatsu-no-sodasui	音読み→数字(先頭分割)	CHANGED	
惑星9の休日	wakusei-nain-no-kyujitsu	wakusei-nain-no-kyujitsu	wakusei-9-no-kyujitsu	英語読み付随→数字	CHANGED	
キングダムハーツ3	kingudamu-haatsu-3	kingudamu-haatsu-3	kingudamu-haatsu-3	訓読み/当て字 or sandhi		数字の読みがtoken分割と不一致(sandhi等)→要確認
7時間目の音符	shichijikanme-no-noto	shichijikanme-no-noto	7-jikanme-no-noto	音読み→数字(先頭分割)	CHANGED	
ヒネヤ2の8	hineya-ni-no-hachi	hineya-ni-no-hachi	hineya-2-no-8	音読み→数字	CHANGED	
幻の9階	maboroshi-no-9kai	maboroshi-no-9kai	maboroshi-no-9kai	訓読み/当て字 or sandhi		数字の読みがtoken分割と不一致(sandhi等)→要確認
電夢時空2 runner	denmu-jiku-2-runner	denmu-jiku-2-runner	denmu-jiku-2-runner	latin-mixed		latin混じり(別処理)
バツイチ2人は未定な関係	batsuichi-futari-wa-mitei-na-kankei	batsuichi-futari-wa-mitei-na-kankei	batsuichi-futari-wa-mitei-na-kankei	訓読み/当て字 or sandhi		数字の読みがtoken分割と不一致(sandhi等)→要確認
3丁目神社奇譚	3chome-jinja-ki-tan	3chome-jinja-ki-tan	3chome-jinja-kitan	訓読み/当て字 or sandhi	CHANGED	数字の読みがtoken分割と不一致(sandhi等)→要確認
99	kyuju-kyu	kyuju-kyu	99	音読み→数字	CHANGED	
5000光年の虎	5000-konen-no-tora	5000-konen-no-tora	5000-konen-no-tora	訓読み/当て字 or sandhi		数字の読みがtoken分割と不一致(sandhi等)→要確認
石川賢初期自薦ギャグ傑作選1970-1973	ishikawa-ken-shoki-jisen-gyagu-kessakusen-1970-kara-1973	ishikawa-ken-shoki-jisen-gyagu-kessakusen-1970-kara-1973	ishikawa-ken-shoki-jisen-gyagu-kessakusen-1970-kara-1973	訓読み/当て字 or sandhi		数字の読みがtoken分割と不一致(sandhi等)→要確認
極悪妻・花奈30歳	gokuakuzuma-kana-30sai	gokuakuzuma-kana-30sai	gokuakuzuma-kana-30sai	訓読み/当て字 or sandhi		数字の読みがtoken分割と不一致(sandhi等)→要確認
惰性67パーセント	dasei-rokujunanapaasento	dasei-rokujunanapaasento	dasei-67-paasento	音読み→数字(先頭分割)	CHANGED	
2月は雨に濡れて	nigatsu-wa-ame-ni-nurete	nigatsu-wa-ame-ni-nurete	2-gatsu-wa-ame-ni-nurete	音読み→数字(先頭分割)	CHANGED	
深紫'72伝説	diipu-paapuru-sebunteiitsu-densetsu	diipu-paapuru-sebunteiitsu-densetsu	diipu-paapuru-72-densetsu	英語読み付随→数字	CHANGED	
1	ichi	ichi	ichi	no-segment		分かち書き無=token置換不可
殺し屋1	koroshiya-ichi	koroshiya-ichi	koroshiya-1	音読み→数字	CHANGED	
33歳独身女騎士隊長。	sanjusansai-dokushin-onnakishi-taicho	sanjusansai-dokushin-onnakishi-taicho	33-sai-dokushin-onnakishi-taicho	音読み→数字(先頭分割)	CHANGED	
午前0時の冷蔵庫	gozen-rei-ji-no-reizoko	gozen-rei-ji-no-reizoko	gozen-0-ji-no-reizoko	音読み→数字	CHANGED	
25時のシンデレラ	nijugoji-no-shinderera	nijugoji-no-shinderera	25-ji-no-shinderera	音読み→数字(先頭分割)	CHANGED	
午前3時のティータイム	gozen-sanji-no-teiitaimu	gozen-sanji-no-teiitaimu	gozen-3-ji-no-teiitaimu	音読み→数字(先頭分割)	CHANGED	
2/2	nibun-no-ni	nibun-no-ni	2-bun-no-ni	音読み→数字(先頭分割)	CHANGED	
リトルバスターズ!EX the 4コマ	ritoru-basutaazu-ekusutashii-za-4koma	ritoru-basutaazu-ekusutashii-za-4koma	ritoru-basutaazu-ekusutashii-za-4koma	latin-mixed		latin混じり(別処理)
リトルバスターズ!The 4コマ	ritoru-basutaazu-the-4koma	ritoru-basutaazu-the-4koma	ritoru-basutaazu-the-4koma	latin-mixed		latin混じり(別処理)
デュラララ!! 3way standoff-alley-	deyurarara-surii-uei-sutando-ofu-arei	deyurarara-surii-uei-sutando-ofu-arei	deyurarara-surii-uei-sutando-ofu-arei	latin-mixed		latin混じり(別処理)
ミスター味っ子2	misutaa-ajikko-tsu	misutaa-ajikko-tsu	misutaa-ajikko-2	英語読み付随→数字	CHANGED	
将太の寿司2	shota-no-sushi-tsu	shota-no-sushi-tsu	shota-no-sushi-2	英語読み付随→数字	CHANGED	
将太の寿司2 World Stage	shota-no-sushi-tsu-waarudo-suteeji	shota-no-sushi-tsu-waarudo-suteeji	shota-no-sushi-tsu-waarudo-suteeji	latin-mixed		latin混じり(別処理)
金田一37歳の事件簿	kindaichi-sanjunana-sai-no-jikenbo	kindaichi-sanjunana-sai-no-jikenbo	kindaichi-37-sai-no-jikenbo	音読み→数字	CHANGED	
金田一少年の1泊2日小旅行	kindaichi-shonen-no-ippaku-futsuka-shoryoko	kindaichi-shonen-no-ippaku-futsuka-shoryoko	kindaichi-shonen-no-1-paku-futsuka-shoryoko	音読み→数字(先頭分割) ; 訓読み/当て字 or sandhi	CHANGED	数字の読みがtoken分割と不一致(sandhi等)→要確認
たて・よこ・ななめプリズム'80	tate-yoko-naname-purizumu-hachiju	tate-yoko-naname-purizumu-hachiju	tate-yoko-naname-purizumu-80	音読み→数字	CHANGED	
もうひとつの9月	mo-hitotsu-no-9gatsu	mo-hitotsu-no-9gatsu	mo-hitotsu-no-9gatsu	訓読み/当て字 or sandhi		数字の読みがtoken分割と不一致(sandhi等)→要確認
聖14グラフィティ	sento-foteiin-gurafitei	sento-foteiin-gurafitei	sento-14-gurafitei	英語読み付随→数字	CHANGED	
3歳児くん	3saiji-kun	3saiji-kun	3saiji-kun	no-segment		分かち書き無=token置換不可
まるごと1冊ぼのぼのスペシャル	marugoto-issatsu-bonobono-supesharu	marugoto-issatsu-bonobono-supesharu	marugoto-1-satsu-bonobono-supesharu	音読み→数字(先頭分割)	CHANGED	
ワタシとこどもの14章	watashi-to-kodomo-no-juyonsho	watashi-to-kodomo-no-juyonsho	watashi-to-kodomo-no-14-sho	音読み→数字(先頭分割)	CHANGED	
あのこに1000％	anoko-ni-senpaasento	anoko-ni-senpaasento	anoko-ni-1000-paasento	音読み→数字(先頭分割)	CHANGED	
1時間でわかる介護のお仕事	ichijikan-de-wakaru-kaigo-no-oshigoto	ichijikan-de-wakaru-kaigo-no-oshigoto	1-jikan-de-wakaru-kaigo-no-oshigoto	音読み→数字(先頭分割)	CHANGED	
だんじり母ちゃんとコシノ3姉妹	danjiri-kaa-chan-to-koshino-3shimai	danjiri-kaa-chan-to-koshino-3shimai	danjiri-kaachan-to-koshino-3shimai	訓読み/当て字 or sandhi	CHANGED	数字の読みがtoken分割と不一致(sandhi等)→要確認
ライトno.1	raito-nanbaa-wan	raito-nanbaa-wan	raito-nanbaa-wan	latin-mixed		latin混じり(別処理)
ドラゴンクエスト4コママンガ劇場	doragon-kuesuto-yonkoma-manga-gekijo	doragon-kuesuto-yonkoma-manga-gekijo	doragon-kuesuto-4-koma-manga-gekijo	音読み→数字(先頭分割)	CHANGED	
藤原カムイ画集40GB	fujiwara-kamui-gashu	fujiwara-kamui-gashu	fujiwara-kamui-gashu	latin-mixed		latin混じり(別処理)
8!～エイト～	eito	eito	eito	no-segment		分かち書き無=token置換不可
寺田克也ココ10年	terada-katsuya-koko-junen	terada-katsuya-koko-junen	terada-katsuya-koko-10-nen	音読み→数字(先頭分割)	CHANGED	
コットン200％	kotton-nihyaku-paasento	kotton-nihyaku-paasento	kotton-200-paasento	音読み→数字	CHANGED	
2乗な恋の駆け引き	2jona-koi-no-kakehiki	2jona-koi-no-kakehiki	2jona-koi-no-kakehiki	訓読み/当て字 or sandhi		数字の読みがtoken分割と不一致(sandhi等)→要確認
2010カネモリ	2010-kanemori	2010-kanemori	2010-kanemori	訓読み/当て字 or sandhi		数字の読みがtoken分割と不一致(sandhi等)→要確認
9月 September	kugatsu	kugatsu	kugatsu	latin-mixed		latin混じり(別処理)
太陽の下の17歳	taiyo-no-shita-no-17sai	taiyo-no-shita-no-17sai	taiyo-no-shita-no-17sai	訓読み/当て字 or sandhi		数字の読みがtoken分割と不一致(sandhi等)→要確認
1型	ichigata	ichigata	ichigata	no-segment		分かち書き無=token置換不可
2	tou-tou	tou-tou	tou-tou	訓読み/当て字 or sandhi		数字の読みがtoken分割と不一致(sandhi等)→要確認
どきどき魔女神判2	dokidoki-majo-shinpan-2	dokidoki-majo-shinpan-2	dokidoki-majo-shinpan-2	訓読み/当て字 or sandhi		数字の読みがtoken分割と不一致(sandhi等)→要確認
ななか6/17	nanaka-junanabunnoroku	nanaka-junanabunnoroku	nanaka-17-bunnoroku	音読み→数字(先頭分割) ; 訓読み/当て字 or sandhi	CHANGED	数字の読みがtoken分割と不一致(sandhi等)→要確認
ななか6/17+	nanaka-jushichibunnoroku	nanaka-jushichibunnoroku	nanaka-17-bunnoroku	音読み→数字(先頭分割) ; 訓読み/当て字 or sandhi	CHANGED	数字の読みがtoken分割と不一致(sandhi等)→要確認
ラブコメ彼氏と18禁彼女	rabukome-kareshi-to-18kin-kanojo	rabukome-kareshi-to-18kin-kanojo	rabukome-kareshi-to-18kin-kanojo	訓読み/当て字 or sandhi		数字の読みがtoken分割と不一致(sandhi等)→要確認
アイアムアヒーロー公式アンソロジーコミック8 TALES OF THE ZQN	ai-amu-a-hiiro-koshiki-ansorojii-komikku-eito-teeruzu-obu-za-zokyun	ai-amu-a-hiiro-koshiki-ansorojii-komikku-eito-teeruzu-obu-za-zokyun	ai-amu-a-hiiro-koshiki-ansorojii-komikku-eito-teeruzu-obu-za-zokyun	latin-mixed		latin混じり(別処理)
ほぼ0円ペット	hobo-0en-petto	hobo-0en-petto	hobo-0en-petto	訓読み/当て字 or sandhi		数字の読みがtoken分割と不一致(sandhi等)→要確認
100％	hyakupaasento	hyakupaasento	hyakupaasento	no-segment		分かち書き無=token置換不可
100%*	hyakupaasento	hyakupaasento	hyakupaasento	no-segment		分かち書き無=token置換不可
市民ポリス69	shimin-porisu-69	shimin-porisu-69	shimin-porisu-69	訓読み/当て字 or sandhi		数字の読みがtoken分割と不一致(sandhi等)→要確認
電気ショック第1号	denki-shokku-dai1go	denki-shokku-dai1go	denki-shokku-dai1go	訓読み/当て字 or sandhi		数字の読みがtoken分割と不一致(sandhi等)→要確認
忍空2nd stage	ninku-2nd-stage	ninku-2nd-stage	ninku-2nd-stage	latin-mixed		latin混じり(別処理)
この中に1人、妹がいる!	kono-naka-ni-hitori-imoto-ga-iru	kono-naka-ni-hitori-imoto-ga-iru	kono-naka-ni-hitori-imoto-ga-iru	訓読み/当て字 or sandhi		数字の読みがtoken分割と不一致(sandhi等)→要確認
〔○裏〕潜入!!人妻探偵24時	marura-sennyuhitozuma-tantei-24ji	marura-sennyuhitozuma-tantei-24ji	marura-sennyuhitozuma-tantei-24ji	訓読み/当て字 or sandhi		数字の読みがtoken分割と不一致(sandhi等)→要確認
漫画家アシスタント三郷さん〈29〉は婚活中	mangaka-ashisutanto-misato-san-nijukyu-wa-konkatsuchu	mangaka-ashisutanto-misato-san-nijukyu-wa-konkatsuchu	mangaka-ashisutanto-misato-san-29-wa-konkatsuchu	音読み→数字	CHANGED	
24時間サンシャイン!	nijuyo-jikan-sanshain	nijuyo-jikan-sanshain	nijuyo-jikan-sanshain	訓読み/当て字 or sandhi		数字の読みがtoken分割と不一致(sandhi等)→要確認
2匹暮らし	2hiki-gurashi	2hiki-gurashi	2hiki-gurashi	訓読み/当て字 or sandhi		数字の読みがtoken分割と不一致(sandhi等)→要確認
50歳前からのココカラ手帖	gojissai-mae-kara-no-kokokara-techo	gojissai-mae-kara-no-kokokara-techo	50-sai-mae-kara-no-kokokara-techo	音読み→数字(先頭分割)	CHANGED	
50代からのお仕事探しアタフタ日記	gojudai-kara-no-oshigotosagashi-atafuta-nikki	gojudai-kara-no-oshigotosagashi-atafuta-nikki	50-dai-kara-no-oshigotosagashi-atafuta-nikki	音読み→数字(先頭分割)	CHANGED	
50代からの体力革命	gojudai-kara-no-tairyoku-kakumei	gojudai-kara-no-tairyoku-kakumei	50-dai-kara-no-tairyoku-kakumei	音読み→数字(先頭分割)	CHANGED	
特選三丁目の夕日・12か月	tokusen-sanchome-no-yuhi-12kagetsu	tokusen-sanchome-no-yuhi-12kagetsu	tokusen-sanchome-no-yuhi-12kagetsu	訓読み/当て字 or sandhi		数字の読みがtoken分割と不一致(sandhi等)→要確認
3年A組おばけ教室	sannen-eegumi-obake-kyoshitsu	sannen-eegumi-obake-kyoshitsu	sannen-eegumi-obake-kyoshitsu	latin-mixed		latin混じり(別処理)
鬼太郎&妖怪100大決戦	kitaro-ando-yokai-hyakudaikessen	kitaro-ando-yokai-hyakudaikessen	kitaro-ando-yokai-100-daikessen	音読み→数字(先頭分割)	CHANGED	
水木しげる超1000ページ	mizuki-shigeru-cho-1000peeji	mizuki-shigeru-cho-1000peeji	mizuki-shigeru-cho-1000peeji	訓読み/当て字 or sandhi		数字の読みがtoken分割と不一致(sandhi等)→要確認
戦争×漫画1970-2020	senso-manga-senkyuhyakunanaju-nisenniju	senso-manga-senkyuhyakunanaju-nisenniju	senso-manga-1970-2020	音読み→数字	CHANGED	
墓場鬼太郎2	hakaba-kitaro-tsu	hakaba-kitaro-tsu	hakaba-kitaro-2	英語読み付随→数字	CHANGED	
15の春	15-no-haru	15-no-haru	15-no-haru	訓読み/当て字 or sandhi		数字の読みがtoken分割と不一致(sandhi等)→要確認
ブレイブサーガ2	bureibu-saaga-tsu	bureibu-saaga-tsu	bureibu-saaga-2	英語読み付随→数字	CHANGED	
海皇紀 第1幕	kaioki-daiichimaku	kaioki-daiichimaku	kaioki-daiichimaku	訓読み/当て字 or sandhi		数字の読みがtoken分割と不一致(sandhi等)→要確認
海皇紀 第2幕	kaioki	kaioki	kaioki	no-segment		分かち書き無=token置換不可
海皇紀 第3幕	kaioki	kaioki	kaioki	no-segment		分かち書き無=token置換不可
狂四郎2030	kyoshiro-2030	kyoshiro-2030	kyoshiro-2030	訓読み/当て字 or sandhi		数字の読みがtoken分割と不一致(sandhi等)→要確認
バツイチ30ans	batsuichi-30ans	batsuichi-30ans	batsuichi-30ans	latin-mixed		latin混じり(別処理)
湾岸MIDNIGHT C1ランナー	wangan-middonaito-c1-rannaa	wangan-middonaito-c1-rannaa	wangan-middonaito-c1-rannaa	latin-mixed		latin混じり(別処理)
湾岸ミッドナイト C1ランナー	wangan-middonaito-shii-wan-rannaa	wangan-middonaito-shii-wan-rannaa	wangan-middonaito-shii-wan-rannaa	latin-mixed		latin混じり(別処理)
湾岸ミッドナイトC1ランナー	wangan-middonaito-shii-wan-rannaa	wangan-middonaito-shii-wan-rannaa	wangan-middonaito-shii-wan-rannaa	latin-mixed		latin混じり(別処理)
すがやみつるの改訂版ロータス1-2-3入門	sugaya-mitsuru-no-kaiteiban-rotasu-wan-tsu-surii-nyumon	sugaya-mitsuru-no-kaiteiban-rotasu-wan-tsu-surii-nyumon	sugaya-mitsuru-no-kaiteiban-rotasu-1-2-3-nyumon	英語読み付随→数字	CHANGED	
テレビマガジン版・仮面ライダーV3	terebi-magajin-ban-kamen-raidaa-v3	terebi-magajin-ban-kamen-raidaa-v3	terebi-magajin-ban-kamen-raidaa-v3	latin-mixed		latin混じり(別処理)
ひみつ指令マシン刑事999	himitsushireimashinkeiji999	himitsushireimashinkeiji999	himitsushireimashinkeiji999	no-segment		分かち書き無=token置換不可
仮面ライダーV3	kamen-raidaa-buisurii	kamen-raidaa-buisurii	kamen-raidaa-buisurii	latin-mixed		latin混じり(別処理)
卒業までの24時間	sotsugyo-made-no-nijuyo-jikan	sotsugyo-made-no-nijuyo-jikan	sotsugyo-made-no-nijuyo-jikan	訓読み/当て字 or sandhi		数字の読みがtoken分割と不一致(sandhi等)→要確認
レベル1から始まる召喚無双	reberu-wan-kara-hajimaru-shokan-muso	reberu-wan-kara-hajimaru-shokan-muso	reberu-1-kara-hajimaru-shokan-muso	英語読み付随→数字	CHANGED	
3年奇面組	3nen-kimengumi	3nen-kimengumi	3nen-kimengumi	訓読み/当て字 or sandhi		数字の読みがtoken分割と不一致(sandhi等)→要確認
ヴィットマン戦記1943	vittoman-senki-1943	vittoman-senki-1943	vittoman-senki-1943	訓読み/当て字 or sandhi		数字の読みがtoken分割と不一致(sandhi等)→要確認
オメガ7	omega-sebun	omega-sebun	omega-7	英語読み付随→数字	CHANGED	
ザームラント1945	zaamuranto-1945	zaamuranto-1945	zaamuranto-1945	訓読み/当て字 or sandhi		数字の読みがtoken分割と不一致(sandhi等)→要確認
ノルマンディー1944	norumandii-1944	norumandii-1944	norumandii-1944	訓読み/当て字 or sandhi		数字の読みがtoken分割と不一致(sandhi等)→要確認
総統命令41号・青	soto-meirei-shijuichigo-burau	soto-meirei-shijuichigo-burau	soto-meirei-41-go-burau	音読み→数字(先頭分割)	CHANGED	
第2次朝鮮戦争	dai-niji-chosen-senso	dai-niji-chosen-senso	dai-2-ji-chosen-senso	音読み→数字(先頭分割)	CHANGED	
第3次世界大戦	daisanjisekaitaisen	daisanjisekaitaisen	daisanjisekaitaisen	no-segment		分かち書き無=token置換不可
マクロス7trash	makurosu-7-trash	makurosu-7-trash	makurosu-7-trash	latin-mixed		latin混じり(別処理)
マクロス7TRASH	makurosu-shichi-torasshu	makurosu-shichi-torasshu	makurosu-shichi-torasshu	latin-mixed		latin混じり(別処理)
マクロス7トラッシュ	makurosu-sebun-torasshu	makurosu-sebun-torasshu	makurosu-7-torasshu	英語読み付随→数字	CHANGED	
10月の満月に一番近い土曜日	jugatsu-no-mangetsu-ni-ichiban-chikai-doyobi	jugatsu-no-mangetsu-ni-ichiban-chikai-doyobi	10-gatsu-no-mangetsu-ni-ichiban-chikai-doyobi	音読み→数字(先頭分割)	CHANGED	
空中都市008	kuchutoshizerozerohachi	kuchutoshizerozerohachi	kuchutoshizerozerohachi	no-segment		分かち書き無=token置換不可
リンド3!	rindo-surii	rindo-surii	rindo-3	英語読み付随→数字	CHANGED	
犬を飼うと12の短編	inu-o-kau-to-12-no-tanpen	inu-o-kau-to-12-no-tanpen	inu-o-kau-to-12-no-tanpen	訓読み/当て字 or sandhi		数字の読みがtoken分割と不一致(sandhi等)→要確認
リングにかけろ1	ringu-ni-kakero-1	ringu-ni-kakero-1	ringu-ni-kakero-1	訓読み/当て字 or sandhi		数字の読みがtoken分割と不一致(sandhi等)→要確認
リングにかけろ2	ringu-ni-kakero-2	ringu-ni-kakero-2	ringu-2-kakero-2	音読み→数字	CHANGED	
17番街の情景	jushichibangai-no-jokei	jushichibangai-no-jokei	17-bangai-no-jokei	音読み→数字(先頭分割)	CHANGED	
ゼブラーマン2	zeburaaman-2	zeburaaman-2	zeburaaman-2	訓読み/当て字 or sandhi		数字の読みがtoken分割と不一致(sandhi等)→要確認
アセンブラ0X	asenbura-0x	asenbura-0x	asenbura-0x	latin-mixed		latin混じり(別処理)
コレクター・ユイVer.2	korekutaa-yui-baajon-tsu	korekutaa-yui-baajon-tsu	korekutaa-yui-baajon-tsu	latin-mixed		latin混じり(別処理)
彼女のカレラGT3	kanojo-no-karera-jii-teii-surii	kanojo-no-karera-jii-teii-surii	kanojo-no-karera-jii-teii-surii	latin-mixed		latin混じり(別処理)
P.M.6:00スタジオP	pm600-sutajio-p	pm600-sutajio-p	pm600-sutajio-p	latin-mixed		latin混じり(別処理)
35歳で独身で	35sai-de-dokushin-de	35sai-de-dokushin-de	35sai-de-dokushin-de	訓読み/当て字 or sandhi		数字の読みがtoken分割と不一致(sandhi等)→要確認
1日2回	ichinichi-nikai	ichinichi-nikai	1-nichi-2-kai	音読み→数字(先頭分割)	CHANGED	
スターダスト3年め	sutaa-dasuto-3nenme	sutaa-dasuto-3nenme	sutaa-dasuto-3nenme	訓読み/当て字 or sandhi		数字の読みがtoken分割と不一致(sandhi等)→要確認
ザ・キング・オブ・ファイターズ'94外伝	za-kingu-obu-faitaazu-nainteifo-gaiden	za-kingu-obu-faitaazu-nainteifo-gaiden	za-kingu-obu-faitaazu-94-gaiden	英語読み付随→数字	CHANGED	
ロックマンエグゼNEW STORIES 2023	rokkuman-eguze-nyu-sutoriizu-nisen-niju-san	rokkuman-eguze-nyu-sutoriizu-nisen-niju-san	rokkuman-eguze-nyu-sutoriizu-nisen-niju-san	latin-mixed		latin混じり(別処理)
天才たちの競演 ビッグコミック創刊45周年	tensaitachi-no-kyoen-biggu-komikku-sokan-yonjugoshunen	tensaitachi-no-kyoen-biggu-komikku-sokan-yonjugoshunen	tensaitachi-no-kyoen-biggu-komikku-sokan-45-shunen	音読み→数字(先頭分割)	CHANGED	
鉄娘な3姉妹	tetsukona-sanshimai	tetsukona-sanshimai	tetsukona-3-shimai	音読み→数字(先頭分割)	CHANGED	
13日には花を飾って	jusannichi-niha-hana-wo-kazatte	jusannichi-niha-hana-wo-kazatte	13-nichi-niha-hana-wo-kazatte	音読み→数字(先頭分割)	CHANGED	
あぶさんの野球人生全56章	abu-san-no-yakyu-jinsei-zen-56sho	abu-san-no-yakyu-jinsei-zen-56sho	abusan-no-yakyu-jinsei-zen-56sho	訓読み/当て字 or sandhi	CHANGED	数字の読みがtoken分割と不一致(sandhi等)→要確認
アンダー3	andaa-surii	andaa-surii	andaa-3	英語読み付随→数字	CHANGED	
永遠の0	eien-no-zero	eien-no-zero	eien-no-0	音読み→数字	CHANGED	
海底3000メートルの大捜索	kaitei-3000meetoru-no-daisosaku	kaitei-3000meetoru-no-daisosaku	kaitei-3000meetoru-no-daisosaku	訓読み/当て字 or sandhi		数字の読みがtoken分割と不一致(sandhi等)→要確認
紫電改343	shidenkai-sanbyakuyonju-san	shidenkai-sanbyakuyonju-san	shidenkai-343	音読み→数字	CHANGED	
母が拉致された時僕はまだ1歳だった	haha-ga-rachisareta-toki-boku-wa-mada-1saidatta	haha-ga-rachisareta-toki-boku-wa-mada-1saidatta	haha-ga-rachisareta-toki-boku-wa-mada-1saidatta	訓読み/当て字 or sandhi		数字の読みがtoken分割と不一致(sandhi等)→要確認
18階の男	juhachikai-no-otoko	juhachikai-no-otoko	18-kai-no-otoko	音読み→数字(先頭分割)	CHANGED	
湯けむりスナイパーpart 3	yukemuri-sunaipaa-part-3	yukemuri-sunaipaa-part-3	yukemuri-sunaipaa-part-3	latin-mixed		latin混じり(別処理)
アイコ36歳	aiko-sajiyurokusai	aiko-sajiyurokusai	aiko-sajiyurokusai	訓読み/当て字 or sandhi		数字の読みがtoken分割と不一致(sandhi等)→要確認
スーパーマーケット'86	supaamaaketsuto-hachijiyuroku	supaamaaketsuto-hachijiyuroku	supaamaaketsuto-hachijiyuroku	訓読み/当て字 or sandhi		数字の読みがtoken分割と不一致(sandhi等)→要確認
20歳は過ぎたけれど	hatachi-wa-sugita-keredo	hatachi-wa-sugita-keredo	hatachi-wa-sugita-keredo	訓読み/当て字 or sandhi		数字の読みがtoken分割と不一致(sandhi等)→要確認
マダム60	madamu-rokuju-rokujudai-mo-iroiro-aru	madamu-rokuju-rokujudai-mo-iroiro-aru	madamu-60-rokujudai-mo-iroiro-aru	音読み→数字	CHANGED	
空気でも太るお年頃の私が15kg痩せるまで	kuki-demo-futoru-otoshigoro-no-watakushi-ga-jugokiroguramu-yaseru-made	kuki-demo-futoru-otoshigoro-no-watakushi-ga-jugokiroguramu-yaseru-made	kuki-demo-futoru-otoshigoro-no-watakushi-ga-jugokiroguramu-yaseru-made	latin-mixed		latin混じり(別処理)
ガメラ2レギオン襲来	gamera-tsu-region-shurai	gamera-tsu-region-shurai	gamera-2-region-shurai	英語読み付随→数字	CHANGED	
スミレ❤16歳!!	sumire-16sai	sumire-16sai	sumire-16sai	訓読み/当て字 or sandhi		数字の読みがtoken分割と不一致(sandhi等)→要確認
スミレ❤17歳!!	sumire-17sai	sumire-17sai	sumire-17sai	訓読み/当て字 or sandhi		数字の読みがtoken分割と不一致(sandhi等)→要確認
メジャー2nd〈TVシリーズ〉	mejaa-sekando-terebi-shiriizu	mejaa-sekando-terebi-shiriizu	mejaa-sekando-terebi-shiriizu	latin-mixed		latin混じり(別処理)
4コマ漫玉日記	4koma-mantama-nikki	4koma-mantama-nikki	4koma-mantama-nikki	訓読み/当て字 or sandhi		数字の読みがtoken分割と不一致(sandhi等)→要確認
タツノコ60thアンソロジー	tatsunoko-rokujusshunen-ansorojii	tatsunoko-rokujusshunen-ansorojii	tatsunoko-rokujusshunen-ansorojii	latin-mixed		latin混じり(別処理)
12/24.好きな人。	juni-nijuyo-suki-na-hito	juni-nijuyo-suki-na-hito	12-nijuyo-suki-na-hito	音読み→数字 ; 訓読み/当て字 or sandhi	CHANGED	数字の読みがtoken分割と不一致(sandhi等)→要確認
17	junana	junana	junana	no-segment		分かち書き無=token置換不可
ビッグ・1	biggu-1	biggu-1	biggu-1	訓読み/当て字 or sandhi		数字の読みがtoken分割と不一致(sandhi等)→要確認
ぶきみな5週間	bukimina-goshukan	bukimina-goshukan	bukimina-5-shukan	音読み→数字(先頭分割)	CHANGED	
ウサギコットン100%	usagi-kotton-hyakupaasento	usagi-kotton-hyakupaasento	usagi-kotton-100-paasento	音読み→数字(先頭分割)	CHANGED	
黄金のラフ2	kogane-no-rafu-tsu	kogane-no-rafu-tsu	kogane-no-rafu-2	英語読み付随→数字	CHANGED	
0課の女	zerokanonna	zerokanonna	zerokanonna	no-segment		分かち書き無=token置換不可
82分署	wani-bunsho	wani-bunsho	wani-bunsho	訓読み/当て字 or sandhi		数字の読みがtoken分割と不一致(sandhi等)→要確認
警視庁0課の女	keishicho-zeroka-no-onna	keishicho-zeroka-no-onna	keishicho-0-ka-no-onna	音読み→数字(先頭分割)	CHANGED	
となりの801ちゃん	tonari-no-801-chan	tonari-no-801-chan	tonari-no-801chan	訓読み/当て字 or sandhi	CHANGED	数字の読みがtoken分割と不一致(sandhi等)→要確認
機動戦士ガンダムF90	kido-senshi-gandamu-efu-kyuju	kido-senshi-gandamu-efu-kyuju	kido-senshi-gandamu-efu-kyuju	latin-mixed		latin混じり(別処理)
69デナシ	rokukyu-denashi	rokukyu-denashi	rokukyu-denashi	訓読み/当て字 or sandhi		数字の読みがtoken分割と不一致(sandhi等)→要確認
69デナシ スペシャル	69denashi-supesharu	69denashi-supesharu	69denashi-supesharu	訓読み/当て字 or sandhi		数字の読みがtoken分割と不一致(sandhi等)→要確認
内線893	naisen-893	naisen-893	naisen-893	訓読み/当て字 or sandhi		数字の読みがtoken分割と不一致(sandhi等)→要確認
HACHI -東京23宮-	hachi-tokyo-nijusanku	hachi-tokyo-nijusanku	hachi-tokyo-nijusanku	latin-mixed		latin混じり(別処理)
HACHI 東京23宮	hachi-tokyo-nijusanku	hachi-tokyo-nijusanku	hachi-tokyo-nijusanku	latin-mixed		latin混じり(別処理)
ダイヤのA act 2	daiya-no-ee-akuto-tsu	daiya-no-ee-akuto-tsu	daiya-no-ee-akuto-tsu	latin-mixed		latin混じり(別処理)
ダイヤのA act 2外伝帝東VS鵜久森	daiya-no-ee-akuto-tsu-gaiden-teito-baasasu-ugumori	daiya-no-ee-akuto-tsu-gaiden-teito-baasasu-ugumori	daiya-no-ee-akuto-tsu-gaiden-teito-baasasu-ugumori	latin-mixed		latin混じり(別処理)
100％の君へ	100paasento-no-kimi-e	100paasento-no-kimi-e	100paasento-no-kimi-e	訓読み/当て字 or sandhi		数字の読みがtoken分割と不一致(sandhi等)→要確認
2.14事件	niitenichiyon-jiken	niitenichiyon-jiken	2-tenichiyon-jiken	音読み→数字(先頭分割) ; 訓読み/当て字 or sandhi	CHANGED	数字の読みがtoken分割と不一致(sandhi等)→要確認
ミノスのビーフ100%	minosu-no-biifu-hyakupaasento	minosu-no-biifu-hyakupaasento	minosu-no-biifu-100-paasento	音読み→数字(先頭分割)	CHANGED	
GET THE GOAL 4v4嵐	get-the-goal-4-v-4-arashi	get-the-goal-4-v-4-arashi	get-the-goal-4-v-4-arashi	latin-mixed		latin混じり(別処理)
SDガンダムGジェネレーション・エフ 4コマKINGS	sd-gandamu-jii-jienereeshon-efu-4koma-kings	sd-gandamu-jii-jienereeshon-efu-4koma-kings	sd-gandamu-jii-jienereeshon-efu-4koma-kings	latin-mixed		latin混じり(別処理)
未来冒険チャンネル5	mirai-boken-channeru-faibu	mirai-boken-channeru-faibu	mirai-boken-channeru-5	英語読み付随→数字	CHANGED	
仮面ライダーV3/X 1973-74	kamen-raidaa-bui-surii-ekkusu-senkyuhyakunanaju-san-nanajuyon	kamen-raidaa-bui-surii-ekkusu-senkyuhyakunanaju-san-nanajuyon	kamen-raidaa-bui-surii-ekkusu-senkyuhyakunanaju-san-nanajuyon	latin-mixed		latin混じり(別処理)
2DK、Gペン、アフタータイム。	2dk-gpen-afutaataimu	2dk-gpen-afutaataimu	2dk-gpen-afutaataimu	latin-mixed		latin混じり(別処理)
2DK、Gペン、目覚まし時計。	2dk-gpen-mezamashidokei	2dk-gpen-mezamashidokei	2dk-gpen-mezamashidokei	latin-mixed		latin混じり(別処理)
1978年のまんが虫	senkyuhyakunanajuhachinen-no-mangamushi	senkyuhyakunanajuhachinen-no-mangamushi	1978-nen-no-mangamushi	音読み→数字(先頭分割)	CHANGED	
1億1千万のわたし	1oku-1senman-no-watashi	1oku-1senman-no-watashi	1oku-1senman-no-watashi	訓読み/当て字 or sandhi		数字の読みがtoken分割と不一致(sandhi等)→要確認
天才柳沢教授の生活「男はここまで純情です」セレクト18	tensai-yanagisawa-kyoju-no-seikatsu-otoko-ha-kokomade-junjo-desu-serekuto-juhachi	tensai-yanagisawa-kyoju-no-seikatsu-otoko-ha-kokomade-junjo-desu-serekuto-juhachi	tensai-yanagisawa-kyoju-no-seikatsu-otoko-ha-kokomade-junjo-desu-serekuto-18	音読み→数字	CHANGED	
天才柳沢教授の生活「男はこんなにおバカです!」セレクト16	tensai-yanagisawa-kyoju-no-seikatsu-otoko-wa-konnani-obaka-desu-serekuto-16	tensai-yanagisawa-kyoju-no-seikatsu-otoko-wa-konnani-obaka-desu-serekuto-16	tensai-yanagisawa-kyoju-no-seikatsu-otoko-wa-konnani-obaka-desu-serekuto-16	訓読み/当て字 or sandhi		数字の読みがtoken分割と不一致(sandhi等)→要確認
ラバーズ7	rabaazu-7	rabaazu-7	rabaazu-7	訓読み/当て字 or sandhi		数字の読みがtoken分割と不一致(sandhi等)→要確認
球場ラヴァーズ3-2	kyujo-ravaazu-furu-kaunto	kyujo-ravaazu-furu-kaunto	kyujo-ravaazu-furu-kaunto	訓読み/当て字 or sandhi		数字の読みがtoken分割と不一致(sandhi等)→要確認
23:00	nijusanji	nijusanji	nijusanji	no-segment		分かち書き無=token置換不可
ドラゴン桜2	doragonzakura-tsu	doragonzakura-tsu	doragonzakura-2	英語読み付随→数字	CHANGED	
LIAR GAME 第1章	raiaa-geemu	raiaa-geemu	raiaa-geemu	latin-mixed		latin混じり(別処理)
青年14歳	seinen-14sai	seinen-14sai	seinen-14sai	訓読み/当て字 or sandhi		数字の読みがtoken分割と不一致(sandhi等)→要確認
副島社長にはセフレが5人いる	soejima-shacho-niha-sefure-ga-gonin-iru	soejima-shacho-niha-sefure-ga-gonin-iru	soejima-shacho-niha-sefure-ga-5-nin-iru	音読み→数字(先頭分割)	CHANGED	
夢が叶う12月	yume-ga-kanau-12gatsu	yume-ga-kanau-12gatsu	yume-ga-kanau-12gatsu	訓読み/当て字 or sandhi		数字の読みがtoken分割と不一致(sandhi等)→要確認
10歳からの家族計画	10sai-kara-no-kazoku-keikaku	10sai-kara-no-kazoku-keikaku	10sai-kara-no-kazoku-keikaku	訓読み/当て字 or sandhi		数字の読みがtoken分割と不一致(sandhi等)→要確認
100日後に死ぬ×ネズミ	hyakunichigo-ni-shinu-bai-nezumi	hyakunichigo-ni-shinu-bai-nezumi	100-nichigo-ni-shinu-bai-nezumi	音読み→数字(先頭分割)	CHANGED	
100日後に死ぬワニ	hyakunichigo-ni-shinu-wani	hyakunichigo-ni-shinu-wani	100-nichigo-ni-shinu-wani	音読み→数字(先頭分割)	CHANGED	
退引町1丁目15番地	noppikicho-itchome-jugobanchi	noppikicho-itchome-jugobanchi	noppikicho-1-chome-15-banchi	音読み→数字(先頭分割)	CHANGED	
13日は金曜日?	13nichi-wa-kinyobi	13nichi-wa-kinyobi	13nichi-wa-kinyobi	訓読み/当て字 or sandhi		数字の読みがtoken分割と不一致(sandhi等)→要確認
1/2	nibunnoichi	nibunnoichi	nibunnoichi	no-segment		分かち書き無=token置換不可
ウルトラマンstory 0	urutoraman-story-0	urutoraman-story-0	urutoraman-story-0	latin-mixed		latin混じり(別処理)
ウルトラマンSTORY 0	urutoraman-story-0	urutoraman-story-0	urutoraman-story-0	latin-mixed		latin混じり(別処理)
うみねこのなく頃に散episode 6	umineko-no-naku-koro-ni-chiru-episode-6	umineko-no-naku-koro-ni-chiru-episode-6	umineko-no-naku-koro-ni-chiru-episode-6	latin-mixed		latin混じり(別処理)
パラノマサイトfile 25霊感少女・黒鈴ミヲの邂逅	paranomasaito-fairu-nijugo-reikan-shojo-kurosuzu-miwo-no-kaiko	paranomasaito-fairu-nijugo-reikan-shojo-kurosuzu-miwo-no-kaiko	paranomasaito-fairu-nijugo-reikan-shojo-kurosuzu-miwo-no-kaiko	latin-mixed		latin混じり(別処理)
うみねこのなく頃に episode 1	umineko-no-naku-koro-ni	umineko-no-naku-koro-ni	umineko-no-naku-koro-ni	latin-mixed		latin混じり(別処理)
うみねこのなく頃にepisode 3	umineko-no-naku-koro-ni-episode-3	umineko-no-naku-koro-ni-episode-3	umineko-no-naku-koro-ni-episode-3	latin-mixed		latin混じり(別処理)
うみねこのなく頃に散 Episode8	umineko-no-naku-koroni-chiru-episodo-eito	umineko-no-naku-koroni-chiru-episodo-eito	umineko-no-naku-koroni-chiru-episodo-eito	latin-mixed		latin混じり(別処理)
フルーツ果汁100％	furutsu-kaju-100paasento	furutsu-kaju-100paasento	furutsu-kaju-100paasento	訓読み/当て字 or sandhi		数字の読みがtoken分割と不一致(sandhi等)→要確認
16秒間の密室	juroku-byokan-no-misshitsu	juroku-byokan-no-misshitsu	16-byokan-no-misshitsu	音読み→数字	CHANGED	
6つの箱の死体	muttsu-no-hako-no-shitai	muttsu-no-hako-no-shitai	muttsu-no-hako-no-shitai	訓読み/当て字 or sandhi		数字の読みがtoken分割と不一致(sandhi等)→要確認
探偵は2人で・彼と彼女と、名推理	tantei-ha-futari-de-kare-to-kanojo-to-meisuiri	tantei-ha-futari-de-kare-to-kanojo-to-meisuiri	tantei-ha-futari-de-kare-to-kanojo-to-meisuiri	訓読み/当て字 or sandhi		数字の読みがtoken分割と不一致(sandhi等)→要確認
Honey＾2スキップ!	honey2-sukippu	honey2-sukippu	honey2-sukippu	latin-mixed		latin混じり(別処理)
AM8:00君が好き。	am-800-kimi-ga-suki	am-800-kimi-ga-suki	am-800-kimi-ga-suki	latin-mixed		latin混じり(別処理)
8♀1♂	hachiichi	hachiichi	hachiichi	no-segment		分かち書き無=token置換不可
うみねこのなく頃にepisode 2	umineko-no-naku-koro-ni-episode-2	umineko-no-naku-koro-ni-episode-2	umineko-no-naku-koro-ni-episode-2	latin-mixed		latin混じり(別処理)
9番目のムサシ	kyubanme-no-musashi	kyubanme-no-musashi	9-banme-no-musashi	音読み→数字(先頭分割)	CHANGED	
9番目のムサシ ミッション・ブルー	kyu-banme-no-musashi-misshon-buru	kyu-banme-no-musashi-misshon-buru	9-banme-no-musashi-misshon-buru	音読み→数字	CHANGED	
7月の魔法使い	7gatsu-no-mahotsukai	7gatsu-no-mahotsukai	7gatsu-no-mahotsukai	訓読み/当て字 or sandhi		数字の読みがtoken分割と不一致(sandhi等)→要確認
7時間目ラプソディー	7jikanme-rapusodii	7jikanme-rapusodii	7jikanme-rapusodii	訓読み/当て字 or sandhi		数字の読みがtoken分割と不一致(sandhi等)→要確認
12の月のめぐる間に	12-no-tsuki-no-meguru-aida-ni	12-no-tsuki-no-meguru-aida-ni	12-no-tsuki-no-meguru-aida-ni	訓読み/当て字 or sandhi		数字の読みがtoken分割と不一致(sandhi等)→要確認
江戸を騒がせた10人の女たち	edo-wo-sawagaseta-junin-no-onnatachi	edo-wo-sawagaseta-junin-no-onnatachi	edo-wo-sawagaseta-10-nin-no-onnatachi	音読み→数字(先頭分割)	CHANGED	
俊平1/50	shunpei-gojubunnoichi	shunpei-gojubunnoichi	shunpei-50-bunnoichi	音読み→数字(先頭分割) ; 訓読み/当て字 or sandhi	CHANGED	数字の読みがtoken分割と不一致(sandhi等)→要確認
13回目の足跡	ju-san-kaime-no-ashiato	ju-san-kaime-no-ashiato	13-kaime-no-ashiato	音読み→数字	CHANGED	
豊乳4989	honyu-shikuhakku	honyu-shikuhakku	honyu-shikuhakku	訓読み/当て字 or sandhi		数字の読みがtoken分割と不一致(sandhi等)→要確認
13枚綴りのお客人	jusanmai-tsuzuri-no-okyakujin	jusanmai-tsuzuri-no-okyakujin	13-mai-tsuzuri-no-okyakujin	音読み→数字(先頭分割)	CHANGED	
6月国の王子さま	rokugatsukoku-no-oji-sama	rokugatsukoku-no-oji-sama	6-gatsukoku-no-ojisama	音読み→数字(先頭分割)	CHANGED	
7番目の少年	7banme-no-shonen	7banme-no-shonen	7banme-no-shonen	訓読み/当て字 or sandhi		数字の読みがtoken分割と不一致(sandhi等)→要確認
花冠の竜の国2nd	hanakanmuri-no-ryu-no-kuni-sekando	hanakanmuri-no-ryu-no-kuni-sekando	hanakanmuri-no-ryu-no-kuni-sekando	latin-mixed		latin混じり(別処理)
四月学院の4月	eipuriru-hausu-no-4gatsu	eipuriru-hausu-no-4gatsu	eipuriru-hausu-no-4gatsu	訓読み/当て字 or sandhi		数字の読みがtoken分割と不一致(sandhi等)→要確認
Fate/Grand Order-Epic of Remnant-亜種特異点1悪性隔絶魔境新宿 新宿幻霊事件	feito-gurando-odaa-epikku-obu-remunanto-ashu-tokuiten-ichi-akusei-kakuzetsu-makyo-shinjuku-shinjuku-genrei-jiken	feito-gurando-odaa-epikku-obu-remunanto-ashu-tokuiten-ichi-akusei-kakuzetsu-makyo-shinjuku-shinjuku-genrei-jiken	feito-gurando-odaa-epikku-obu-remunanto-ashu-tokuiten-ichi-akusei-kakuzetsu-makyo-shinjuku-shinjuku-genrei-jiken	latin-mixed		latin混じり(別処理)
切っ先3寸	kissaki-sanzun	kissaki-sanzun	kissaki-3-zun	音読み→数字(先頭分割)	CHANGED	
異世界で最強魔王の子供達10人のママになっちゃいました。	isekai-de-saikyo-mao-no-kodomotachi-junin-no-mama-ni-natchaimashita	isekai-de-saikyo-mao-no-kodomotachi-junin-no-mama-ni-natchaimashita	isekai-de-saikyo-mao-no-kodomotachi-10-nin-no-mama-ni-natchaimashita	音読み→数字(先頭分割)	CHANGED	
妹のおシゴトは時給2000円	imoto-no-oshigoto-wa-jikyu-2000en	imoto-no-oshigoto-wa-jikyu-2000en	imoto-no-oshigoto-wa-jikyu-2000en	訓読み/当て字 or sandhi		数字の読みがtoken分割と不一致(sandhi等)→要確認
ここは俺に任せて先に行けと言ってから10年がたったら伝説になっていた。	koko-ha-ore-ni-makasete-saki-ni-ike-to-ittekara-junen-ga-tattara-densetsu-ni-natteita	koko-ha-ore-ni-makasete-saki-ni-ike-to-ittekara-junen-ga-tattara-densetsu-ni-natteita	koko-ha-ore-ni-makasete-saki-ni-ike-to-ittekara-10-nen-ga-tattara-densetsu-ni-natteita	音読み→数字(先頭分割)	CHANGED	
ナンバMG5	nanba-mg5	nanba-mg5	nanba-mg5	latin-mixed		latin混じり(別処理)
魔界戦記ディスガイア4	makai-senki-disugaia-fo	makai-senki-disugaia-fo	makai-senki-disugaia-4	英語読み付随→数字	CHANGED	
終わりのセラフ一瀬グレン、16歳の破滅	owari-no-serafu-ichinose-guren-jurokusai-no-katasutorofi	owari-no-serafu-ichinose-guren-jurokusai-no-katasutorofi	owari-no-serafu-ichinose-guren-16-sai-no-katasutorofi	音読み→数字(先頭分割)	CHANGED	
終わりのセラフ一瀬グレン、16歳の破滅(カタストロフィ)	owari-no-serafu-ichinose-guren-jurokusai-no-katasutorofi	owari-no-serafu-ichinose-guren-jurokusai-no-katasutorofi	owari-no-serafu-ichinose-guren-16-sai-no-katasutorofi	音読み→数字(先頭分割)	CHANGED	
エルフ・17	erufu-sebunteiin	erufu-sebunteiin	erufu-17	英語読み付随→数字	CHANGED	
エルフ17	erufu-sebunteiin	erufu-sebunteiin	erufu-17	英語読み付随→数字	CHANGED	
メタルマックス3 双銃身の魔女	metaru-makkusu-3-sojushinnomajo	metaru-makkusu-3-sojushinnomajo	metaru-makkusu-3-sojushinnomajo	訓読み/当て字 or sandhi		数字の読みがtoken分割と不一致(sandhi等)→要確認
最終教師2	saishiyu-kiyoshi-tsu	saishiyu-kiyoshi-tsu	saishiyu-kiyoshi-2	英語読み付随→数字	CHANGED	
大怪盗ムサシ:no.1	daikaito-musashi-nanbaa-1	daikaito-musashi-nanbaa-1	daikaito-musashi-nanbaa-1	latin-mixed		latin混じり(別処理)
ドラえもん「のび太の恐竜2006DS」	doraemon-nobita-no-kyoryu-2006-ds	doraemon-nobita-no-kyoryu-2006-ds	doraemon-nobita-no-kyoryu-2006-ds	latin-mixed		latin混じり(別処理)
×2	kakeru-2	kakeru-2	kakeru-2	訓読み/当て字 or sandhi		数字の読みがtoken分割と不一致(sandhi等)→要確認
365日の恋人	sanbyaku-rokuju-go-nichi-no-koibito	sanbyaku-rokuju-go-nichi-no-koibito	365-nichi-no-koibito	音読み→数字	CHANGED	
天使1/2方程式	tenshi-2bunno1-hoteishiki	tenshi-2bunno1-hoteishiki	tenshi-2bunno1-hoteishiki	訓読み/当て字 or sandhi		数字の読みがtoken分割と不一致(sandhi等)→要確認
デビル17	debiru-17	debiru-17	debiru-17	訓読み/当て字 or sandhi		数字の読みがtoken分割と不一致(sandhi等)→要確認
クッキングパパ 3分間クッキング	kukkingu-papa-sanpunkan-kukkingu	kukkingu-papa-sanpunkan-kukkingu	kukkingu-papa-3-punkan-kukkingu	音読み→数字(先頭分割)	CHANGED	
メイクアップスペシャルNo.1	meikuappu-supesharu-nanbaa-wan	meikuappu-supesharu-nanbaa-wan	meikuappu-supesharu-nanbaa-wan	latin-mixed		latin混じり(別処理)
介護現場歴20年。	kaigo-genba-reki-nijunen	kaigo-genba-reki-nijunen	kaigo-genba-reki-20-nen	音読み→数字(先頭分割)	CHANGED	
1+1=0	ichi-tasu-ichi-wa-rei	ichi-tasu-ichi-wa-rei	1-tasu-ichi-wa-0	音読み→数字	CHANGED	
888	suriieito	suriieito	suriieito	no-segment		分かち書き無=token置換不可
一陽来福 1+1=0	ichi-tasu-ichi-wa-rei	ichi-tasu-ichi-wa-rei	1-tasu-ichi-wa-0	音読み→数字	CHANGED	
月刊1年2組	gekkan-ichi-nen-ni-kumi	gekkan-ichi-nen-ni-kumi	gekkan-1-nen-2-kumi	音読み→数字	CHANGED	
卓球戦隊ぴんぽん5	takkyu-sentai-pinpon-faibu	takkyu-sentai-pinpon-faibu	takkyu-sentai-pinpon-5	英語読み付随→数字	CHANGED	
10日間の彼と彼女	tokakan-no-kare-to-kanojo	tokakan-no-kare-to-kanojo	tokakan-no-kare-to-kanojo	訓読み/当て字 or sandhi		数字の読みがtoken分割と不一致(sandhi等)→要確認
笹錦さんと30歳の悩める仲間たち	sasanishiki-san-to-sanjissai-no-nayameru-nakamatachi	sasanishiki-san-to-sanjissai-no-nayameru-nakamatachi	sasanishiki-san-to-30-sai-no-nayameru-nakamatachi	音読み→数字(先頭分割)	CHANGED	
おまもりひまり1/4	omamori-himari-yonbunnoichi	omamori-himari-yonbunnoichi	omamori-himari-4-bunnoichi	音読み→数字(先頭分割) ; 訓読み/当て字 or sandhi	CHANGED	数字の読みがtoken分割と不一致(sandhi等)→要確認
家族戦隊ノック5	kazoku-sentai-nokku-faibu	kazoku-sentai-nokku-faibu	kazoku-sentai-nokku-5	英語読み付随→数字	CHANGED	
時間救助隊タイマー3	jikan-kyujotai-taimaa-surii	jikan-kyujotai-taimaa-surii	jikan-kyujotai-taimaa-3	英語読み付随→数字	CHANGED	
マンガ家さんとアシスタントさんと2	mangaka-san-to-ashisutanto-san-to-tsu	mangaka-san-to-ashisutanto-san-to-tsu	mangakasan-to-ashisutantosan-to-2	英語読み付随→数字	CHANGED	
思いっきり100P	omoikkiri-hyaku-pii	omoikkiri-hyaku-pii	omoikkiri-hyaku-pii	latin-mixed		latin混じり(別処理)
神様に見捨てられた20日間	kami-sama-ni-misuterareta-20nichikan	kami-sama-ni-misuterareta-20nichikan	kamisama-ni-misuterareta-20nichikan	訓読み/当て字 or sandhi	CHANGED	数字の読みがtoken分割と不一致(sandhi等)→要確認
あわせて1本!	awasete-ippon	awasete-ippon	awasete-1-pon	音読み→数字(先頭分割)	CHANGED	
スマッシュ1	sumasshu-wan	sumasshu-wan	sumasshu-1	英語読み付随→数字	CHANGED	
週7	shu-nana	shu-nana	shu-7	音読み→数字	CHANGED	
魔法少女リリカルなのは The 1st	maho-shojo-ririkaru-nanoha-za-faasuto	maho-shojo-ririkaru-nanoha-za-faasuto	maho-shojo-ririkaru-nanoha-za-faasuto	latin-mixed		latin混じり(別処理)
魔法少女リリカルなのはThe 1st	maho-shojo-ririkaru-nanoha-za-faasuto	maho-shojo-ririkaru-nanoha-za-faasuto	maho-shojo-ririkaru-nanoha-za-faasuto	latin-mixed		latin混じり(別処理)
16歳のラストスパート	jurokusai-no-rasuto-supaato	jurokusai-no-rasuto-supaato	16-sai-no-rasuto-supaato	音読み→数字(先頭分割)	CHANGED	
17歳の塔	junanasai-no-to	junanasai-no-to	17-sai-no-to	音読み→数字(先頭分割)	CHANGED	
「おそ松さん」公式アンソロジーコミック『4コ松2さん』	osomatsu-san-koshiki-ansorojii-komikku-yonkomatsu-san	osomatsu-san-koshiki-ansorojii-komikku-yonkomatsu-san	osomatsusan-koshiki-ansorojii-komikku-4-komatsusan	音読み→数字(先頭分割) ; 訓読み/当て字 or sandhi	CHANGED	数字の読みがtoken分割と不一致(sandhi等)→要確認
「おそ松さん」公式アンソロジーコミック『4コ松さん』	osomatsu-san-koshiki-ansorojii-komikku-yonkomatsu-san	osomatsu-san-koshiki-ansorojii-komikku-yonkomatsu-san	osomatsusan-koshiki-ansorojii-komikku-4-komatsusan	音読み→数字(先頭分割)	CHANGED	
1950年代	1950nendai	1950nendai	1950nendai	no-segment		分かち書き無=token置換不可
1960年代	senkyuhyakurokujunendai	senkyuhyakurokujunendai	senkyuhyakurokujunendai	no-segment		分かち書き無=token置換不可
1970年代	senkyuhyakunanajunendai	senkyuhyakunanajunendai	senkyuhyakunanajunendai	no-segment		分かち書き無=token置換不可
1980年代	senkyuhyakuhachijunendai	senkyuhyakuhachijunendai	senkyuhyakuhachijunendai	no-segment		分かち書き無=token置換不可
1990年代	senkyuhyakukyujunendai	senkyuhyakukyujunendai	senkyuhyakukyujunendai	no-segment		分かち書き無=token置換不可
6つ子オールスターズ!	mutsugo-oru-sutaazu	mutsugo-oru-sutaazu	mutsugo-oru-sutaazu	訓読み/当て字 or sandhi		数字の読みがtoken分割と不一致(sandhi等)→要確認
おそ松さん公式アンソロジーコミック F6	osomatsu-san-koshiki-ansorojii-komikku-efushikkusu	osomatsu-san-koshiki-ansorojii-komikku-efushikkusu	osomatsu-san-koshiki-ansorojii-komikku-efushikkusu	latin-mixed		latin混じり(別処理)
ギャグ21世紀	gyagu-21seiki	gyagu-21seiki	gyagu-21seiki	訓読み/当て字 or sandhi		数字の読みがtoken分割と不一致(sandhi等)→要確認
ギャグゲリラ1980	gyagu-gerira-senkyuhyakuhachiju	gyagu-gerira-senkyuhyakuhachiju	gyagu-gerira-1980	音読み→数字	CHANGED	
ギャグゲリラ1981	gyagu-gerira-senkyuhyakuhachijuichi	gyagu-gerira-senkyuhyakuhachijuichi	gyagu-gerira-1981	音読み→数字	CHANGED	
ギャグゲリラ1982	gyagu-gerira-senkyuhyakuhachijuni	gyagu-gerira-senkyuhyakuhachijuni	gyagu-gerira-1982	音読み→数字	CHANGED	
ピヨ13世	piyo-ju-san-sei	piyo-ju-san-sei	piyo-13-sei	音読み→数字	CHANGED	
へんな子ちゃん1991	hennako-chan-1991	hennako-chan-1991	hennakochan-1991	訓読み/当て字 or sandhi	CHANGED	数字の読みがtoken分割と不一致(sandhi等)→要確認
へんな子ちゃん1992	hennako-chan-1992	hennako-chan-1992	hennakochan-1992	訓読み/当て字 or sandhi	CHANGED	数字の読みがtoken分割と不一致(sandhi等)→要確認
へんな子ちゃん1993	hennako-chan-1993	hennako-chan-1993	hennakochan-1993	訓読み/当て字 or sandhi	CHANGED	数字の読みがtoken分割と不一致(sandhi等)→要確認
へんな子ちゃん1994	hennako-chan-1994	hennako-chan-1994	hennakochan-1994	訓読み/当て字 or sandhi	CHANGED	数字の読みがtoken分割と不一致(sandhi等)→要確認
まるっと12ケ月おそ松さん公式アンソロジーコミック	marutsu-to-junikagetsu-osomatsu-san-koshiki-ansorojii-komikku	marutsu-to-junikagetsu-osomatsu-san-koshiki-ansorojii-komikku	marutsu-to-12-kagetsu-osomatsusan-koshiki-ansorojii-komikku	音読み→数字(先頭分割)	CHANGED	
メチャクチャNO.1	mechakucha-nanbaa1	mechakucha-nanbaa1	mechakucha-nanbaa1	latin-mixed		latin混じり(別処理)
モンスター13番地	monsutaa-ju-san-banchi	monsutaa-ju-san-banchi	monsutaa-13-banchi	音読み→数字	CHANGED	
赤塚不二夫1000ページ	akatsuka-fujio-senpeeji	akatsuka-fujio-senpeeji	akatsuka-fujio-1000-peeji	音読み→数字(先頭分割)	CHANGED	
赤塚不二夫が語る64人のマンガ家たち	akatsuka-fujio-ga-kataru-rokujuyonin-no-mangakatachi	akatsuka-fujio-ga-kataru-rokujuyonin-no-mangakatachi	akatsuka-fujio-ga-kataru-rokujuyonin-no-mangakatachi	訓読み/当て字 or sandhi		数字の読みがtoken分割と不一致(sandhi等)→要確認
続メチャクチャNO.1	zoku-mechakucha-nanbaa-wan	zoku-mechakucha-nanbaa-wan	zoku-mechakucha-nanbaa-wan	latin-mixed		latin混じり(別処理)
天才バカボン誕生40周年記念 天才バカボンTHE BEST	tensai-bakabon-the-best	tensai-bakabon-the-best	tensai-bakabon-the-best	latin-mixed		latin混じり(別処理)
母ちゃんNO.1	kaa-chan-nanbaa-wan	kaa-chan-nanbaa-wan	kaa-chan-nanbaa-wan	latin-mixed		latin混じり(別処理)
母ちゃんNO.1 1994	kaa-chan-nanbaa-wan-senkyuhyakukyujuyo	kaa-chan-nanbaa-wan-senkyuhyakukyujuyo	kaa-chan-nanbaa-wan-senkyuhyakukyujuyo	latin-mixed		latin混じり(別処理)
100Mジャンパー	100-meetoru-janpaa	100-meetoru-janpaa	100-meetoru-janpaa	latin-mixed		latin混じり(別処理)
キャプテン翼 GOLDEN-23	kyaputen-tsubasa-golden23	kyaputen-tsubasa-golden23	kyaputen-tsubasa-golden23	latin-mixed		latin混じり(別処理)
キャプテン翼 ROAD TO 2002	kyaputen-tsubasa-road-to-2002	kyaputen-tsubasa-road-to-2002	kyaputen-tsubasa-road-to-2002	latin-mixed		latin混じり(別処理)
コントラスト88	kontorasuto-eiteieito	kontorasuto-eiteieito	kontorasuto-88	英語読み付随→数字	CHANGED	
南極28号	nankyoku-28go	nankyoku-28go	nankyoku-28go	訓読み/当て字 or sandhi		数字の読みがtoken分割と不一致(sandhi等)→要確認
遊人3D comic	yujin-surii-dii-komikku	yujin-surii-dii-komikku	yujin-surii-dii-komikku	latin-mixed		latin混じり(別処理)
Bloody Monday season 2 絶望ノ匣	buraddei-mandee-shiizun-tsu-zetsubo-no-hako	buraddei-mandee-shiizun-tsu-zetsubo-no-hako	buraddei-mandee-shiizun-tsu-zetsubo-no-hako	latin-mixed		latin混じり(別処理)
ブラッディ・マンディ Season2	buraddei-mandee-shiizun-tsu	buraddei-mandee-shiizun-tsu	buraddei-mandee-shiizun-tsu	latin-mixed		latin混じり(別処理)
金田一37歳の事件簿	kindaichi-sanjunanasai-no-jikenbo	kindaichi-sanjunanasai-no-jikenbo	kindaichi-37-sai-no-jikenbo	音読み→数字(先頭分割)	CHANGED	
金田一少年の1泊2日小旅行	kindaichi-shonen-no-ippaku-futsuka-shoryoko	kindaichi-shonen-no-ippaku-futsuka-shoryoko	kindaichi-shonen-no-1-paku-futsuka-shoryoko	音読み→数字(先頭分割) ; 訓読み/当て字 or sandhi	CHANGED	数字の読みがtoken分割と不一致(sandhi等)→要確認
金田一少年の事件簿30th	kindaichi-shonen-no-jikenbo-saateiisu	kindaichi-shonen-no-jikenbo-saateiisu	kindaichi-shonen-no-jikenbo-saateiisu	latin-mixed		latin混じり(別処理)
10	ju	ju	ju	no-segment		分かち書き無=token置換不可
11	juichi	juichi	juichi	no-segment		分かち書き無=token置換不可
12	juni	juni	juni	no-segment		分かち書き無=token置換不可
13	ju-san	ju-san	ju-san	no-segment		分かち書き無=token置換不可
14	juyon	juyon	juyon	no-segment		分かち書き無=token置換不可
15	jugo	jugo	jugo	no-segment		分かち書き無=token置換不可
16	juroku	juroku	juroku	no-segment		分かち書き無=token置換不可
17	junana	junana	junana	no-segment		分かち書き無=token置換不可
18	juhachi	juhachi	juhachi	no-segment		分かち書き無=token置換不可
19	jukyu	jukyu	jukyu	no-segment		分かち書き無=token置換不可
3	san	san	san	no-segment		分かち書き無=token置換不可
4	yon	yon	yon	no-segment		分かち書き無=token置換不可
5	go	go	go	no-segment		分かち書き無=token置換不可
6	roku	roku	roku	no-segment		分かち書き無=token置換不可
7	nana	nana	nana	no-segment		分かち書き無=token置換不可
8	hachi	hachi	hachi	no-segment		分かち書き無=token置換不可
9	kyu	kyu	kyu	no-segment		分かち書き無=token置換不可
トラブル3ちゃンゴルフSOS	toraburu-3-chan-gorufu-sos	toraburu-3-chan-gorufu-sos	toraburu-3-chan-gorufu-sos	latin-mixed		latin混じり(別処理)
マッド・ブル2000	maddo-buru-2000	maddo-buru-2000	maddo-buru-2000	訓読み/当て字 or sandhi		数字の読みがtoken分割と不一致(sandhi等)→要確認
マッド・ブル34	maddo-buru-saateifo	maddo-buru-saateifo	maddo-buru-34	英語読み付随→数字	CHANGED	
マッド★ブル2000	maddo-buru-2000	maddo-buru-2000	maddo-buru-2000	訓読み/当て字 or sandhi		数字の読みがtoken分割と不一致(sandhi等)→要確認
マッド☆ブル34	maddo-buru-sanjuyon	maddo-buru-sanjuyon	maddo-buru-34	音読み→数字	CHANGED	
ファイナルファンタジー11ガルカ、はじめました。	fainaru-fantajii-11-garuka-hajimemashita	fainaru-fantajii-11-garuka-hajimemashita	fainaru-fantajii-11-garuka-hajimemashita	訓読み/当て字 or sandhi		数字の読みがtoken分割と不一致(sandhi等)→要確認
刀剣乱舞-ONLINE-アンソロジーコミック4コマらんぶっぷちらんぶっ	token-ranbu-onrain-ansorojii-komikku-yonkoma-ranbutsu-puchi-ranbutsu	token-ranbu-onrain-ansorojii-komikku-yonkoma-ranbutsu-puchi-ranbutsu	token-ranbu-onrain-ansorojii-komikku-yonkoma-ranbutsu-puchi-ranbutsu	latin-mixed		latin混じり(別処理)
眠くなる前に話したいことがあと3つあって	nemuku-naru-mae-ni-hanashitai-koto-ga-ato-mittsu-atte	nemuku-naru-mae-ni-hanashitai-koto-ga-ato-mittsu-atte	nemuku-naru-mae-ni-hanashitai-koto-ga-ato-mittsu-atte	訓読み/当て字 or sandhi		数字の読みがtoken分割と不一致(sandhi等)→要確認
7's-セブンズ-	sebunzu	sebunzu	sebunzu	latin-mixed		latin混じり(別処理)
金色のガッシュ!!2	konjiki-no-gasshu-tsu	konjiki-no-gasshu-tsu	konjiki-no-gasshu-2	英語読み付随→数字	CHANGED	
美少女戦士04R1	bishojo-senshi-zerofoaaruwan	bishojo-senshi-zerofoaaruwan	bishojo-senshi-zerofoaaruwan	latin-mixed		latin混じり(別処理)
アリス12	arisutoerubu	arisutoerubu	arisutoerubu	no-segment		分かち書き無=token置換不可
エリア88	eria-hachijuhachi	eria-hachijuhachi	eria-88	音読み→数字	CHANGED	
エリアファイル88	eria-fairu-hachijuhachi	eria-fairu-hachijuhachi	eria-fairu-88	音読み→数字	CHANGED	
シリーズ1/1000sec.	shiriizu-senbunnoichi-sec	shiriizu-senbunnoichi-sec	shiriizu-senbunnoichi-sec	latin-mixed		latin混じり(別処理)
友人に500円貸したら借金のカタに妹をよこしてきたのだけれど、俺は一体どうすればいいんだろう	yujin-ni-gohyakuen-kashitara-shakkin-no-kata-ni-imoto-wo-yokoshitekita-nodakeredo-ore-ha-ittai-dosureba-iin-daro	yujin-ni-gohyakuen-kashitara-shakkin-no-kata-ni-imoto-wo-yokoshitekita-nodakeredo-ore-ha-ittai-dosureba-iin-daro	yujin-ni-500-en-kashitara-shakkin-no-kata-ni-imoto-wo-yokoshitekita-nodakeredo-ore-ha-ittai-dosureba-iin-daro	音読み→数字(先頭分割)	CHANGED	
エイティエイトを2でわって	eitei-eito-wo-ni-de-watte	eitei-eito-wo-ni-de-watte	eitei-eito-wo-2-de-watte	音読み→数字	CHANGED	
24区の花子さん	nijuyonku-no-hanako-san	nijuyonku-no-hanako-san	24-ku-no-hanako-san	音読み→数字(先頭分割)	CHANGED	
ローンナイト2	ron-naito-ni	ron-naito-ni	ron-naito-2	音読み→数字	CHANGED	
ローンナイト2特別編	ron-naito-2-tokubetsuhen	ron-naito-2-tokubetsuhen	ron-naito-2-tokubetsuhen	訓読み/当て字 or sandhi		数字の読みがtoken分割と不一致(sandhi等)→要確認
15少女と漂流記	jugo-shojo-to-hyoryuki	jugo-shojo-to-hyoryuki	15-shojo-to-hyoryuki	音読み→数字	CHANGED	
Wジュリエット2	daburu-jurietto-tsu	daburu-jurietto-tsu	daburu-jurietto-tsu	latin-mixed		latin混じり(別処理)
新機動戦記ガンダムW0.5PREVENTER-7	shin-kido-senki-gandamu-uingu-zero-go-puribentaa-sebun	shin-kido-senki-gandamu-uingu-zero-go-puribentaa-sebun	shin-kido-senki-gandamu-uingu-zero-go-puribentaa-sebun	latin-mixed		latin混じり(別処理)
