slug	title	ours	rakuten	year	isbn
akuyaku-reijou-ni-tensei-shitara-risou-no-heya-ga-te-ni-hairimashita	悪役令嬢に転生したら理想の部屋が手に入りました!	森長あやみ	岡野く仔	2026	9784781625232
hitomi-ni-utsuru-kimi-wa-zenbu-ore-no-mono	瞳に映るキミは、全部オレのもの	るすけ	カモ	2026	9784824014726
kamakura-shiyakusho-fuurekika	鎌倉市役所風歴課	池袋万里	うましむら	2026	9784047387508
kirishima-kun-wa-ijimetai	桐島くんはいじめたい	晴海にいな	あられちゃん	2026	9784867871201
koushakusamatatanaihazudewa-shoyakarazetsurinkedamonoetchi	侯爵様、勃たないはずでは!? : 初夜から絶倫ケダモノえっち	安里瀅	安里　けい	2026	9784302118045
mate-ga-dekinai-hinata-kun	待てができない日向くん	うじい	しろまゆ	2026	9784302113255
orutaa-ego	オルターエゴ	SánchezAnaC / 山口真果	アナ・C・サンチェス	2026	9784046854995
seifuku-shinya-2-ji	制服、深夜2時。	甘野めぐみ	コウキ。	2026	9784801988545
shin-shiawase-no-jikan-2026	シン幸せの時間	十河コウ	国友 やすゆき	2026	9784575861808
sub-doru-sensational	Subドルセンセーショナル	小池ノクト	高昌ゆり	2026	9784867782224
suki-nara-nugasete	好きなら脱がせて。	上田にく	佐倉 リコ	2026	9784799777022
1-tai-2-kousai-wa-rabukome-ni-hairimasuka	1: 2交際はラブコメに入りますか?	服部了	桃井桃子	2025	9784832204904
3itches-san-majo	3itches三魔女	永吉美幸	KIU	2025	9784047382725
40-made-ni-shitai-10-no-koto	40までにしたい10のこと	LA軍	マミタ	2025	9784799770689
ai-ga-omosugiru-kotani-kun-wa-zettai-ni-kanojo-o-nigasanai	愛が重すぎる小谷くんは、絶対に彼女を逃さない	城宮えす	タチバナ	2025	9784799773536
aibou-ni-doku-ga-arimashite	相棒に毒がありまして!	(4)	よなか	2025	9784065386774
akumade-taida-na-akuyaku-kizoku-comic	あくまで怠惰な悪役貴族@COMIC	マキムラK / イコ	セロタ	2025	9784867945285
akuyaku-reijou-no-yojouhan	悪役令嬢の四畳半	森長あやみ	岡野 く仔	2025	9784065413593
anata-no-mirai-o-yurusanai	あなたの未来を許さない	鳴海マイカ / 顎木あくみ	倫理きよ / Syousa. / jimao	2025	9784391163742
anta-wa-ore-no-omega-daro	アンタは俺のオメガだろ	蘇我捨恥	猫野まりこ	2025	9784813034155
ato-wa-go-jiyuu-ni-douzo	あとはご自由にどうぞ!	石山さやか / 大城戸カロ	鬼影スパナ / かんむり / Ixy	2025	9784758086806
bake-bake-bake	ベイク・ベイク・ベイク	炊田鳩子	吉近 イチ	2025	9784088937038
bake-no-kawa-no-hitobake	化けの皮のヒトバケ	巳島早生	佐藤 さつき	2025	9784098635139
banzoku-tensei-makeikusa-kara-hajimaru-isekai-seifuku	蛮族転生!	esk / 鯖井ばる	佃　繁奈 / 武蔵野　純平	2025	9784046847034
barubaro	バルバロ!	ノド山	岩浪れんじ	2025	9784575861211
batchiri-scratch	ばっちりスクラッチ	田中カタパルト	ぷなつ	2025	9784065391020
batman-animated-adventures	バットマン:アニメイテッド・アドベンチャー	彩月つかさ / DiniPaul / KaneBob / TempletonTy	タイ・テンプレトン / ルビー 翔馬 ジェームス	2025	9784911348130
beat-again	Beat againビートアゲイン	にのまえなな	火鳥満月	2025	9784866754338
blue-head-ni-kuchizuke	ブルー・ヘッドにくちづけ	すなこ	おまる	2025	9784865898453
boukensha-aru-aitsu-no-mahou-wa-okashii-comic	冒険者アルあいつの魔法はおかしい@COMIC	れもん / 山﨑と子	山崎と子	2025	9784867944974
chanto-norotte-ichiko-chan	ちゃんと呪ってイチコちゃん	カナンアスカ	おりお無	2025	9784065380086
dakasete-kudasai-furutaka-shunin	抱かせてください古高主任	浅岡旭	町田 とまと	2025	9784065381281
danshikou-no-hime	男子校の姫	にどね杉	いくたはな	2025	9784758029490
dogou-no-ao	怒業の蒼	神田はるか	カワハラ恋	2025	9784253286268
doku-ni-kuchizuke	毒にくちづけ	久保田流生	doji	2025	9784866538617
drama-queen	ドラマクイン	宇乃花空樹	市川 苦楽	2025	9784088844978
dribble-nukko-aashi-chan	ドリブルヌッコあーしちゃん	カズフミ	モノノヴ	2025	9784088845401
ekiden-bros	エキデンブロス	遥川潤	野乃 大生	2025	9784088848068
elf-to-hitotsu-yane-no-shita	エルフとひとつ屋根の下	にどね杉	いくたはな	2025	9784253266215
enma-no-kyoushitsu	閻魔の教室	家田明歩	田中優吏	2025	9784253002325
foodies	フーディーズ	樹林伸 / 灰吹ジジ	中西 淳 / 亜樹 直 / ショーキチ	2025	9784065412763
futsukazuki-ni-sumu	二日月に栖む	喃喃	ミギノヤギ	2025	9784801986824
gilded-seven	Gilded seven	烏丸匡	カラスマタスク	2025	9784867207758
ginsei-no-proust	銀青のプルースト	渡部大羊	えもふう	2025	9784088845883
gunrou-ni-hana	群狼に花	眞生みち	月凪 あやせ	2025	9784065405062
hai-to-gin-no-hane	灰と銀の羽根	古町ゆき	文ノ梛	2025	9784065409961
haikei-arishihi-ni-saku-hanatachi-e	拝啓、在りし日に咲く花たちへ	はとぼし	五十嵐　純	2025	9784046845504
haishinsha-haken-ooeru-to-shugeiya-mero	配信者・ハケンOLと手芸屋メロ	映画館	らくだ	2025	9784046846990
harapeko-oyako-to-moto-kare-yanushi	はらぺこ母娘と元カレ家主	松本蓮士	りおり	2025	9784832259843
hard-worker-nakada	ハードワーカー中田	南部ゼロイチ	内海 瀬戸	2025	9784065397404
heisei-namaiki-idol-sama-ga-zutto-tsuiteru	平成ナマイキアイドル様がずっと憑いてる	三嶋しょう子	とめおにぎり	2025	9784867208113
hikikomori-reijou-wa-kouhi-ni-nante-naritakunai	引きこもり令嬢は皇妃になんてなりたくない!	日乃チハヤ / 北郷豊	直江亜季子 / 百門一新	2025	9784813764540
himegoto-o-ajiwatte	秘めごとを味わって	marie漫画家	梅田みそ	2025	9784403669705
hoshi-no-seijin	星の聖人	喧噪社	小夏うみれ	2025	9784823609480
houmatsu-no-mujina	泡沫のムジナ	あぐにゅん	会田小路ちょこぷでぃんぐ	2025	9784758086707
ichika-bachika	イチカバチカ	益子リョウヘイ	本間 仁助	2025	9784098538164
idolatry	アイドラトリィ	山崎将 / 蜂蓮花マルモ	大鷹 シン / ホマレ	2025	9784065409169
ijippari-na-senpai-no-shitsukekata	意地っ張りな先輩のしつけ方	八神凪	あさみ　青子	2025	9784046846518
ijiwaru-osananajimi-to-toroama-fuufu-seikatsu	いじわる幼馴染ととろあま夫婦生活	久松エイト	ひさまつえいと	2025	9784821159918
inaka-no-kuro-gal-jieikee-to-kekkon-shimashita	田舎の黒ギャルJKと結婚しました	甘露アメ	カヅチ	2025	9784040759029
incubus-datte-junai-shitai	インキュバスだって純愛したい	北川あじゅ	脳みそ海綿隊	2025	9784434350696
inma-na-shachou-ni-yabai-cry-shuuchaku-sarete-imasu	淫魔な社長にヤバいくらい執着されています!?	吉舎和幸 / 森こさち	卯月　たける / 蘇我 空木	2025	9784829626931
isekai-kaeri-no-otsu-san-wa-shuumatsu-sekai-de-musou-suru	異世界還りのおっさんは終末世界で無双する	羽々音色	ダンタガワ	2025	9784891997991
isekai-kara-elf-san-ga-ochitekita-nodesuga	異世界からエルフさんが落ちてきたのですが!?	かえで透	山田ぱすた	2025	9784434364440
jizou-iyashi	地蔵癒し	パラリラ	天海 夏矩	2025	9784098633869
junai-joutou	純愛上等!	家田明歩	七緒	2025	9784910528694
kagura-ga-yuku	神楽がゆく!	けだま柴	奥一	2025	9784065384121
kaikai-gi-gi-gi-gi-gi	怪怪ギギギギギ	ひよどり祥子	うぐいす　祥子	2025	9784575861372
kairanban-no-etchi-na-rule-wa-zettai-desu	回覧板のエッチなルールは絶対です。	大友しゅうま	ラララ・ホリディ	2025	9784434352584
kakusei-shitara-ao-ga-moeta	覚醒したら青が燃えた	清永卵	爽	2025	9784065404928
kakushita-koi-no-owari-made	隠した恋の終わりまで	立川譲	みのり	2025	9784434367526
kami-eno-esa-wa-kanojotachi	神への餌は彼女達	蔵人健吾 / 伊藤里	蔵人　幸明 / まりお	2025	9784040757360
kawaihara-senpai-wa-kawaii-saotome-kun-ga-suki	可愛原先輩はかわいい〈早乙女くん〉がすき!	伊月一	せらみっく	2025	9784046849212
kekkon-nochi-love	結婚、のち恋愛。	森こさち / 綾河ららら	朔也 / 蘇我空木	2025	9784867781296
kekkon-shitakedo-otto-ni-kataomoi-shite-imasu	結婚したけど…夫に片想いしています	春キャベツ	小倉すぱ	2025	9784865182767
kireteru-futari-no-shutchou-meshi	キレてるふたりの出張めし	塩胡蝶	岩国　ひろひと	2025	9784049161649
kita-kun-ga-kawai-sugite-te-ni-amaru-node-3-nin-de-share-suru-koto-ni-shimashita	北くんがかわいすぎて手に余るので、3人でシェアすることにしました。	榊間おつぶ	榊こつぶ	2025	9784575339796
kiyasuku-fureru-na-kuro-bara-ni	きやすく触れるな黒薔薇に	あさき美暮	茜音 かや	2025	9784065412121
kizuguchi-to-houtai	傷口と包帯	ペル	七井 海星	2025	9784065407851
koi-kara-wa-nigerarenai	恋からは逃げられない	浪咲ゆか	長谷川 真也	2025	9784537149937
koitsu-wa-dame-da-to-shitte-iru-vii-ensemble	こいつはダメだと知っているvie ensemble	奈院ゆりえ	吉田　実加	2025	9784046839107
konna-hazu-ja-nakatta-sore-wa-zannen-deshitane	こんなはずじゃなかった?それは残念でしたね	熊雪ふる / haeyeon	風見 ゆうみ / 志風 きよ / しあびす	2025	9784065380888
konya-mo-kimi-to-koubutsu-dinaa-o	今夜もきみと鉱物ディナーを	鹿ちゃん	アサナエアラタ	2025	9784046849694
kotowarenai-kaichou-wa-tomoe-kun-ni-dake-shite-agetai	断れない会長は友江くんにだけしてあげたい	由村	沼地　どろまる	2025	9784040757490
koyubi-sensei-no-reiteki-chousen	こゆび先生の霊的挑戦	ひよどり祥子	うぐいす祥子	2025	9784022144164
kuma-to-usagi-wa-tomodachi-dewa-irarenai	クマとウサギは友達ではいられない	漆赤	犬好晶	2025	9784757599239
kunigei	クニゲイ	髙野陽介	高野 陽介	2025	9784088842738
kurone-san-wa-nyaa-to-nakanai	黒根さんはニャーと鳴かない	竹村優作	乙川 灯	2025	9784065382806
kyatchi-the-sento	キャッチ・ザ・セント	玖乃緑	荒川　三喜夫	2025	9784048116305
kyuutei-madoushi-tsuihousareta-dekiaisareru	宮廷魔導師、追放される	吉田しゃけ	きつね丸 / しんこせい / ろこ	2025	9784824012678
let-s-go-nirvana	Let's go nirvana	みやこかっく	百地 元	2025	9784107728111
maipeesu-to-aruku	マイペースと歩く	小倉あすか	三本 阪奈	2025	9784107728104
matte-suki	まって、好き。	冬村蜜柑	おまゆ	2025	9784799771006
migawari-akuyaku-reijou-tenseisaki-de-yami-no-maou-ni-hoshigararete-imasu	身代わり悪役令嬢、転生先で闇の魔王に欲しがられています	ヨコイエミ	司馬かなん	2025	9784867871218
mobamin	モバミン	上田敦夫	ずんだコロッケ	2025	9784065410288
mofumofu-yashiki-no-neko-to-ore	モフモフ屋敷の猫とオレ	藤野もやむ	桑佳 あさ	2025	9784785980030
mokke-no-banbanzai	もっけの万々歳!	直木三十三	伽奈茶井子	2025	9784334106829
mongaata-no-tabibito-yo	モンガータの旅人よ	蔦屋空	野間　与太郎	2025	9784049163872
motto-dogeza-de-tanonde-mita	もっと土下座で頼んでみた	ふなつ一輝	ふなつ　かずき	2025	9784046847058
muku-kano	ムクカノ	まえじま	原田繭	2025	9784832259812
munou-no-akudou-ouji-wa-ikinokoritai	無能の悪童王子は生き残りたい	ニシキギカエデ / 中浦トモキ	水面ミレ / サンボン	2025	9784575421781
mushoku-kakutou-niito-konbatto	無職格闘-ニート・コンバット-	ナマキマキセミ	若生 真也	2025	9784065401798
nakanai-shukure-to-amai-kiss	泣かないシュクレと甘いキス	高渕アスミ	南華 つくる	2025	9784065395110
negattemo-nai-tsuihougo-kara-no-surooraifu	願ってもない追放後からのスローライフ?	風緒 / 石ト悠良	ヤミーゴ / シュガースプーン。 / なたーしゃ	2025	9784048115056
nidome-no-jinsei-to-omottara-jitsuwa-sandome-datta-rekishi-chishiki-to-naisei-doryoku-de-fukou-na	2度目の人生、と思ったら、実は3度目だった。～歴史知識と内政努力で不幸な歴史の改変に挑みます～@COMIC	take4 / 則本シゲ	麦こうちゃ	2025	9784867943861
nito-no-joreishi	二兎の除霊師	無機質	市川 ヒロミ	2025	9784088936253
nokemono-tomo-ni-shukufuku-o	のけもの共に祝福を	あまねかむらぎ	冬房承	2025	9784832292901
nuance-tone	ニュアンス・トーン	ミヤコヒト	西尾 メシ	2025	9784088552514
oda-chan-to-akechi-kun	織田ちゃんと明智くん	常盤魚	常盤 ギヨ	2025	9784065383438
oedo-oekaki-oji-san-utakuni	大江戸お絵描きおじさんウタクニ	斉藤ロクロ	目黒川うな	2025	9784867207246
okibi-no-takibi	オキビのタキビ	園太デイ	植杉光	2025	9784253291705
oribaa-no-shinzou	オリバーの心臓	いなた	丸田ザール	2025	9784434358234
osananajimi-no-koukousei-no-aida-ni-nikutai-kankei-wa-seiritsu-suruka	幼なじみの高校生のあいだに肉体関係は成立するか。	白松	紺矢　ユキオ	2025	9784049162455
oshi-kimono	推し着物	森長あやみ	岡野く仔	2025	9784801943810
oshikyara-ouji-to-kojirase-etchi	推しキャラ王子とこじらせエッチ	浅葱洋	堂森　あじ	2025	9784048114387
otonari-kun-wa-kyou-mo-watashi-o-komaraseru	おとなりくんは今日もわたしを困らせる	はやさかめばゑ	鹿乃 おこと	2025	9784065381182
otonari-no-onee-san-wa-shitai	お隣のおねぇさんは×××したい	小萩紀歩	照玉　ぽてこら	2025	9784041161302
ouji-na-hime-to-hime-na-boku	王子な姫とヒメな僕	中村朝	三雲　ジョージ	2025	9784040758367
penguin-kissa-wa-kyou-mo-seiten	ペンギン喫茶は今日も青天	世禕	世い	2025	9784046835161
perfect-glitter	パーフェクトグリッター	高成利季	をの ひなお	2025	9784098633760
peste-ga-aketara-asobimashou	ペストが明けたら遊びましょう!	中島こうき	hoihoi	2025	9784046843777
riot-tsukada-2025	RIOT	松浦ショウゴ	塚田 ゆうた	2025	9784098634101
road59-shinjidai-ninkyou-tokku-shoujo-to-chi-no-sakazuki	ROAD59-新時代任侠特区-少女と血のサカズキ	西尾和観	西尾 カズミ / ブシロード / ぎどら	2025	9784065371886
ryuu-to-itsuki	龍と樹	かすみりょう / 銀麦	吉上　亮 / ku-ba	2025	9784048115735
saigo-no-natsu-o-hitozuma-to	最後の夏を人妻と	I-Ⅳ	永谷えんがわ	2025	9784757597686
saiteihen-de-agaku-boku-wa-isekai-de-kibou-ni-deau	最底辺であがく僕は、異世界で希望に出会う	片山誠 / 森野どんぐり	かたやままこと / 風の吹くまま気の向くまま	2025	9784838733163
saneka-no-yomeiri	サネカの嫁入り	百瀬渡	百世 渡	2025	9784088844695
satsujin-gaiki-wa-kuuhaku-o-omou	殺人外鬼は空白を想う	反転邪郎	反転 シャロウ	2025	9784098540587
seito-to-koi-wa-dekimasen	生徒と恋はできません!	らむ屋	尾崎 海老太郎	2025	9784065384374
sekai-de-ichiban-ani-shiteru	世界でいちばん兄してる	ことぶきりー	黒月 悠	2025	9784065404386
shanai-bitch-chan-wa-kyou-mo-tokimeki-ga-tomerarenai	社内ビッチちゃんは今日もときめきが止められない	妹尾圭祐	秋 ひろな	2025	9784098730094
shiba-inu-pon-chan-kyou-mo-wagamichi-o-yuku	柴犬ぽんちゃん、今日もわが道を行く	猫麦	犬山　スケッチ	2025	9784046853394
shigo-hitotsu-yane-no-shita	死後ひとつ屋根の下	イテカ	パち子	2025	9784911437049
shikoku-ohenro-mankitsu-surechigai-tabi	四国お遍路まんきつすれちがい旅	國津武士	しまたけひと	2025	9784801947511
shinitagari-no-eteruno	死にたがりのエテルノ	ぽこた	綾幡 フイヱ	2025	9784065383162
shiokaze-to-ryuu-no-sumika	汐風と竜のすみか	キアチマチ	縞 あさと	2025	9784592230656
shiromajo-san-tono-henkyou-gurashi	白魔女さんとの辺境ぐらし	青柳朔 / Fuyusora	門司柿家 / 冬空 / syow	2025	9784048996624
shuuen-no-majo-to-sekai-no-tabi	終焉の魔女と世界の旅	つきぼしりょう	片岡 とんち	2025	9784065390429
solo-dan	ソロダン	青葉	早神あたか	2025	9784434352041
soratobu-baiorin	宙飛ぶバイオリン	中馬孝博	三原 和人	2025	9784065400487
soushitsu-mahoutsukai-no-saikyou-kenja	喪失魔法使いの最強賢者	紅木春 / 藤沢里菜	近藤笑真 / どまどま	2025	9784813764816
suiheisen-wa-yagate-matataku	水平線はやがて瞬く	茜田千	文乃　ゆき	2025	9784829687307
suruga-meteor	スルガメテオ	戦記暗転	田中 ドリル	2025	9784065387894
tabi-wa-all-pasu	旅はオールパス	ほなみ彩	少年FLY / 高橋　美鈴 / iimAn	2025	9784048116176
tatsuki-to-tamaki	タツキとタマキ	沖尚樹	吉田 ユウマ	2025	9784088940038
tokyo-saitei-saiaku-saikou	東京最低最悪最高!	八守りょう	鳥 トマト	2025	9784098630929
tora-kun-wa-kyou-mo-ojou-sama-ni-tamesareru	虎くんは今日もお嬢様に試される	つわぶき杏	菊乃 杏	2025	9784098731671
tsugi-no-kuuhaku-o-umeyo	次の空白を埋めよ。	夏のティー	新本 浦子	2025	9784799772195
tsuihousareta-ouji-no-teii-dakkan	追放皇子の帝位奪還	コミックルーム / はやさかめばゑ	ボビー大澤 / COMIC ROOM	2025	9784098538324
tsuihousareta-sareta-renkinjutsushi-adaruto-guzzu-de-sekai-o-sukuu	追放された錬金術師、アダルトグッズで世界を救う	中浦トモキ	上田 勇李	2025	9784065392454
twin-reincarnation	ツインリンカネーション	村正みかど	浜村俊基・藤澤紀幸	2025	9784824204608
two-beliefs	TWO BELIEFS	PutriYasmine	内谷	2025	9784911437018
unjou-ni-utaite-kimi-o-matsu	雲上に歌いて、君を待つ。	花形怜	村田椰融	2025	9784832205000
unmei-no-noroware-ouji-to-mahou-gakkou-de-futatabi-koi-ni-ochiru	運命の呪われ王子と、魔法学校で再び恋に落ちる	凪咲夕	佐倉 ロゼ / すめうむ	2025	9784065405277
unsou-kaisha-torakku-driver-no-dare-ni-mo-ienai-tondemo-gyoumu-nisshi	運送会社トラックドライバーの誰にも言えないトンデモ業務日誌	葛西りいち	葛󠄀西りいち	2025	9784801945227
ura-kagyou-tensei-moto-gokudou-ga-kazoku-no-tame-ni-ryouchi-hatten-sasemasu-ga-nani-ka-comic	裏稼業転生～元極道が家族の為に領地発展させますが何か?～@COMIC	西の果てのぺろ / 則本シゲ	ソラト 夕	2025	9784867943847
uso-kareshi-demo-iikara-tonikaku-shitai-mashiro-chan	嘘彼氏でもいいからとにかくシたいましろちゃん	浪咲ゆか	ねこ末端	2025	9784866754390
usotsuki-no-mai-alpha	嘘つきのmy α	田仲みのる	藤間　みお	2025	9784041160886
vocalize	ヴォカライズ	西巻拓馬	小菊路 よう	2025	9784065394878
wagahai-wa-neko-madoushi-de-aru	我輩は猫魔導師である	ももよ万葉 / 猫神信仰研究会	三國大和	2025	9784891998394
wake-atte-ayakashi-no-kosodate-hajimemasu	訳あって、あやかしの子育て始めます	西岡壱誠 / 福富優樹	日巻いと / 朝比奈希夜	2025	9784434355189
watashi-ga-daisuki-na-shousetsuka-o-korosu-made	私が大好きな小説家を殺すまで	本間ぴるぱ / 士土幽太郎	斜線堂 有紀 / 足立 いまる	2025	9784065406137
watashi-isekai-de-seirei-ni-narimashita	私、異世界で精霊になりました。	ヨシモト / こうし	オギノサトシ / かっぱん	2025	9784801985971
yagate-tako-ni-naru-kimi-to	やがて蛸になるきみと	ひろいうみ	小嶋 網走	2025	9784065391402
yakuza-ni-ofuro-de-hatarakasaretemasu	ヤクザにお風呂で働かされてます。	芋畑サリー	たかし♂	2025	9784253162005
yattara	ヤッターラ	西野みや子	大山田	2025	9784088843438
yoru-no-chou-wa-ayashiku-kataru	夜ノ蝶ハ怪シク談ル	中林ずん	伊藤 和良	2025	9784098632152
youji-ee	幼児A	髙橋一仁	高橋 一仁	2025	9784091582010
yukai-na-shintouki	ゆかいな神統記	雨水汐	尾羊　英	2025	9784047385573
yume-de-aredake-yatta-noni	夢であれだけやったのに	石井紺	臓内 ニガツ	2025	9784785978358
yuunou-na-gunjin-koutei-wa-katabutsu-reijou-o-amaku-dekiai-suru	有能な軍人皇弟はカタブツ令嬢を甘く溺愛する	シンギョウガク / 怜悧	すけまる / ちろりん	2025	9784801943148
zeni-banzuke	ゼニ番付	山崎匡佑	山崎享祐	2025	9784575860924
3-pun-seijo-no-shiawase-guutara-seikatsu	3分聖女の幸せぐーたら生活	貞清カズヒコ / あるくひと	かじきすい / ゆいレギナ / あかつき聖	2024	9784803018868
academic-hype	アカデミックハイプ	衣谷イロ	西塔 しゅんけ	2024	9784065367568
ake-no-qilin	朱のチーリン	煙かぶり	向井 沙子	2024	9784098630165
akiresu	アキレス	衣谷イロ	佐伯 直	2024	9784065367636
akumade-majo-no-yuuwaku-desu-kara	あくまで魔女の誘惑ですから	連城寺のあ	わたりさえ	2024	9784801984332
akuyaku-hime-desu-kirawarete-iru-hazu-no-ouji-to-kozukuri-shinaito-ikemasen	悪役姫ですが、嫌われているはずの王子と子作りしないといけません。	林倉吉	もちあんこ	2024	9784865898163
akuyaku-no-joou-ni-tensei-shitakedo-kakushi-chara-ga-kakuretenai	悪役の王女に転生したけど、隠しキャラが隠れてない。@COMIC	植田真太郎 / 早瀬黒絵	こわたりひろ	2024	9784867947142
amayakashite-kureru-jimu-no-onee-san	甘やかしてくれるジムのお姉さん	わかつきひかる	若槻 ヒカル	2024	9784065358191
asagiiro-no-saudaaji	あさぎ色のサウダージ	逆縞	サクタロー	2024	9784041153031
ateuma-chara-no-kuseshite-supadari-ouji-ni-chouai-sarete-imasu	当て馬キャラのくせして、スパダリ王子に寵愛されています。	永田礼路	結城アオ	2024	9784434331824
baitosaki-no-senpai-ga-koukousei-janakatta-hanashi	バイト先の先輩が高校生じゃなかった話	梅涼	文之助	2024	9784049157338
baka-de-yowakute-buzama-demo	バカで弱くて無様でも	夏江夢子	千代崎	2024	9784403669200
batsubatsu-shinaide-tsukimine-san	××しないで!月峰さん。	カシバ	夜墨リョウ	2024	9784824008947
bengonin-yuragi-no-shoudou	弁護人ゆらぎの衝動	山形シン	岡野 める	2024	9784065368046
bocchi-za-rock-gaiden-hiroi-kikuri-no-fukazake-nikki	ぼっち・ざ・ろっく!外伝廣井きくりの深酒日記	小石川イオリ	はまじあき / くみちょう	2024	9784832203655
bon-hyakusen-sai	盆百千栽	冴木ぽてり	火事屋	2024	9784065374566
chichi-o-okorasetai	父を怒らせたい	葉月セン	おかくーこ	2024	9784098630172
chuutoriaru-ga-hajimaru-mae-ni	チュートリアルが始まる前に	髙橋炬燵	横山　コウヂ / 高橋　炬燵 / カカオ・ランタン	2024	9784049147544
dakareta-akuyaku-reijou-wa-gekihen-ouji-no-dekiai-route-ni-totsunyuuchuu	抱かれた悪役令嬢は、激変王子の溺愛ルートに突入中!?	やまち	吉田にん	2024	9784596535030
dou-ganbattemo-etchi-ni-natchau-osananajimi	どう頑張ってもHになっちゃう幼なじみ	狐神文夜	すしじろう	2024	9784065348840
dreamland	ドリームランド	原正人 / LemaireReno	ルノー・ルメール	2024	9784868010418
dungeon-faamu	ダンジョン・ファーム	春乃カミハル	鈴木竜一 / シソ / もずくず	2024	9784757590540
dungeon-haishin-o-kiriwasureta-yuumei-haishinsha-o-tasuketara-densetsu-no-tansakusha-toshite-bazuri	ダンジョン配信を切り忘れた有名配信者を助けたら、伝説の探索者としてバズりはじめた	紅木春 / 浅白優作	鳴九 / どまどま	2024	9784575420357
ei-kun-wa-okuchi-ga-ojouzu	英くんはおくちがお上手	雨宮皐季	茸太	2024	9784434336577
fudanshi-no-ore-ga-youkya-osananajimi-ni-semarareteru-ken	腐男子の俺が陽キャ幼馴染に迫られてる件	しちみや	雪潮にぎり	2024	9784434343254
fure-ai	触レ愛	春兎あや	おぐり イコ	2024	9784785975661
furoya-no-fuuko	風呂屋のフーコ	町健次郎	鳴果なる	2024	9784575440621
genmetsu-camera	幻滅カメラ	八守りょう	鳥　トマト	2024	9784047379091
ginii-pig-wa-ori-no-soto-no-yume-o-minai	ギニーピッグは檻の外の夢を見ない	安房さとる	理原	2024	9784866696638
gogh-hajimemashita	ゴッホはじめました。	関﨑俊三	関崎　俊三	2024	9784041150016
grenimal-no-shokeinin	グレニマルの処刑人	森由羅	鴉鬼助	2024	9784845867707
hakugetsu-no-ban-ni	白月の晩に	霧崎秀征	渋江 ヨフネ	2024	9784799769942
handsome-must-die	ハンサムマストダイ.	あさがお	アストラ 芦魔	2024	9784088838120
haramu-made-midare-ike	孕むまで乱れいけ	山本泰一郎	神崎柚	2024	9784434335174
haruki-murakami-manga-stories	HARUKI MURAKAMI MANGA STORIES	村上春樹 / 日乃チハヤ	Haruki Murakami / Jean-Christophe Deveney's / PMGL	2024	9784805317679
hatsukoi-oobaadoozu	初恋オーバードーズ	かくたすず	amai	2024	9784046832153
heisei-haizanhei-sumire-chan	平成敗残兵すみれちゃん	野田大輔	里見 U	2024	9784065352151
hiiragi-buchou-no-panst-line	柊部長のパンストライン	吉宗	ウシハシル	2024	9784785976194
hirotta-inui-kun-to-koi-o-suru	拾った戌井くんと恋をする	児嶋建洋	行村 コウ	2024	9784088677743
houkago-boku-wa-kimi-ni-naru	放課後、ぼくは君になる	インド僧	多喜 れい	2024	9784065368121
hundred-note	ハンドレッドノート	染谷リキ	雪一	2024	9784065349151
idol-wa-oshinobi-chu	アイドルはお忍びchu♡	むつき潤	青島かなえ	2024	9784832259348
ikukyuu-maou-to-nise-yuusha	育休魔王とニセ勇者	比村奇石	水稀たま	2024	9784832292581
isekai-ni-shoukan-sarete-watashi-ga-kokuou-sonnano-muri-desu	異世界に召喚されて私が国王!?そんなのムリです!	といけ	キシバマユ / トガタガト	2024	9784824202079
itsuki-to-yuusei	いつきと優成	九重千花	コダ	2024	9784867870389
juusou-reijou-morenet	重装令嬢モアネット	GuidiGuido / 小見川なまり	nishi / さき / 増田　メグミ	2024	9784046831828
kaburidani	カブリダニ	紙屋りな	オオゾネサトシ	2024	9784253296717
kaijuu-no-hanataba	かいじゅうの花束	つきみせい	雨花 深衣	2024	9784088430744
kaminegu-shimai	かみねぐしまい	電柱棒	若鶏にこみ	2024	9784832295582
kayuuma	かゆうま	百乃モト	坂木原 レム	2024	9784065345870
kegawa-to-nakami	けがわとなかみ	19歳	類家 海	2024	9784107726872
kimi-ni-sasageru-otokomae	君に捧げる男前	梅涼	文之助	2024	9784049157680
kimi-to-apocalypse	君とアポカリプス	生方めぐみ	むうりあん	2024	9784253297363
kimi-wa-yoru-no-juunin	きみは夜の住人	園千代子	黒井 モリー	2024	9784799768402
korogaru-hoshikuzu-domo	転がる星屑ども	甘酒縞	有海とよこ	2024	9784047377981
kuro-mahou-ryou-no-sanakunin	黒魔法寮の三悪人	イマイマキ	斎藤 キミオ	2024	9784098535071
kyuuketsu-bar-e-youkoso	吸血バーへようこそ	小手万里	次見 やをら	2024	9784592165675
liar-chiyozaki-2024	liar	夏江夢子	千代崎	2024	9784813033899
love-game	LoVE GAME	雨蛙ガメ	有田 ケイ	2024	9784065368558
love-no-jugyou	恋愛の授業	斉田えじわ	高橋つばさ	2024	9784757595736
lunatic-terrapop	ルナティック・テラポップ	弓庭史路	橋田 久弥	2024	9784088843506
mad-miniscape	マッドミニスケープ	高妍	廣瀬　アユム	2024	9784049157314
madara-rumble	マダラランブル	星海ユミ	イズミダ フユキ	2024	9784065364468
mahoui-rex-no-hentai-karte	魔法医レクスの変態カルテ	19歳	元三 大介	2024	9784107726865
maokin	まおきん	村正みかど / 東毅	あずま たけし / 藤澤 紀幸	2024	9784065349977
maou-reijou-no-kyouikugakari	魔王令嬢の教育係	鈴木貴昭 / くれの又秋 / このえ / 日本チェス連盟	松原剛	2024	9784891998295
maou-sama-wa-aima-de-shiritai	魔王様はあいまで知りたい。	和泉宗谷	益田学昭	2024	9784757591165
mikoto-chan-wa-kirawaretakunai	みことちゃんは嫌われたくない!	クラナガ	Pt	2024	9784046837561
misaki-kun-wa-kouryaku-chara-ja-nai	三咲くんは攻略キャラじゃない	多喜ざわゆき	ナツイチ	2024	9784107727282
mitsuboshi-kareshi-no-full-koosu	三つ星彼氏のフルコース	朝吹まり	森猫 まりり	2024	9784098726141
mitsuru-quest	ミツルクエスト!	大江慎一郎	大江 しんいちろう	2024	9784088840147
mitsuya-sensei-no-keikakutekina-ezuke	三ツ矢先生の計画的な餌付け。.	まつもとあやか	松本あやか	2024	9784821157679
mizudako-chan-kara-wa-nigerarenai	ミズダコちゃんからは逃げられない!	もうれの	眼亀	2024	9784832204089
mon-chan-to-watashi	モンちゃんと私	山川イブキ	おぷうの きょうだい	2024	9784091794420
monster-strike-shitamachi-hello-world	モンスターストライク下町ハローワールド	おひたし熱郎	矢村いち	2024	9784253296816
muse	MUSE	鈴木ミニラ	鬼山 瑞樹	2024	9784098631346
mushi-musume	ムシムスメ	森由羅	安芸 勘谷	2024	9784088843117
neko-no-te-datte-yaku-ni-tatsu	猫の手だって役に立つ	竹充ヒロ	NOBEL	2024	9784065351482
nezumi-royale	ねずみロワイアル	仲峰紘史	佐々木 順一郎	2024	9784065350638
nikokei-ikari-no-manga-deka	にこけい!怒りのマンガ刑事	四宮和	マクレーン	2024	9784048113458
ninshin-shitara-shinitakunatta	妊娠したら死にたくなった	いなせ多希	橘ちなつ	2024	9784821146895
non-classic-school	ノンクラシック・スクール.	夏のティー	新本浦子	2024	9784434328039
nonogaki-san-wa-nakayoku-shitai	野々垣さんは仲良くしたい	椰子木虹	タクヘイ	2024	9784832204621
noroi-no-ko-to-shiitagerareta-reijou-wa-koori-no-hakushaku-ni-dekiai-dekiaisareru	「呪いの子」と虐げられた令嬢は氷の伯爵に溺愛される	わたい	筒井美雪	2024	9784866753591
nuclear	Nuclear	甲斐とうしろう	木村 航	2024	9784537149265
oibore-yuusha-no-ise-kaigo	老いぼれ勇者の異世介護	茶柱一号	森田　和彦	2024	9784041148228
old-yokohama-radio-hour	オールドヨコハマラジオアワー	つっつ	青田めい	2024	9784832295483
omiai-ni-sugoi-komyushou-ga-kita	お見合いにすごいコミュ症が来た	矢野稔貴	矢野　としたか	2024	9784049155402
onikogi	オニコギ	松虫あられ	真崎福太郎	2024	9784864682657
ookami-sama-no-ichizu-na-bouai	オオカミ様の一途な暴愛	うるひこ	あぶく	2024	9784909699992
ore-no-risk	俺のリスク	中川海二 / 八守りょう	鳥 トマト / イシイ 渡	2024	9784098626311
orion-meimetsu-su	オリオン明滅す	ふじい葛西	西倉新久	2024	9784575440492
oshi-to-no-yuri-wa-arienai	推しとの百合はありえない!	檜乃坂耀季	ヒノサカアキ	2024	9784041147559
otona-ni-narenai-bokura-wa	大人になれない僕らは	鳶田ハジメ	藤田 丞	2024	9784065362914
otonari-san-wa-kiss-yori-amai	おとなりさんはキスより甘い	瀬戸めぐむ	咲良 香那	2024	9784065341469
otsukae-cinderella	お仕えシンデレラ	おむたつ	たついこと	2024	9784757595460
peak-out	ピークアウト	ウヒョ助	塚脇永久 / 渋川難波	2024	9784801982567
raki-kun-wa-makai-de-kaima-shitai	ラキくんは魔界デ解魔したい!	月凪なか	わわわ	2024	9784046833358
ramen-daisuki-koizumi-san	ラーメン大好き小泉さん	なるみなる	鳴見なる	2024	9784253292559
rika-san-kekkon-shite-kudasai	理香さん、結婚してください!	小原絹子	Nomo	2024	9784041149522
rikugun-chuujou-higuchi-kiichirou-no-ketsudan	陸軍中将樋口季一郎の決断	孫向文	東雲くによし	2024	9784898319758
ryuujin-no-musume	龍神の娘	紺津名子	越田うめ	2024	9784757592421
saijoukyuu-no-seijo-rashii-desu-ryuuou-sama-no-hanayome-ni-wa-narimasen	最上級の聖女らしいですが、竜王様の花嫁にはなりません!	日乃チハヤ / 臣人	服部万利 / 百門一新	2024	9784813762867
sekigan-sekiwan-sekikyaku-no-majutsushi	隻眼・隻腕・隻脚の魔術師@COMIC	三日月シズカ / 矢上裕 / すずすけ	しばの番茶	2024	9784867941133
sewayaki-mafia-to-hakkou-shoujo	世話焼きマフィアと薄幸少女	なつみ理奈	久遠アユム	2024	9784866753331
shachi-kun-to-uzasugiru-kouhai-no-hanashi	社畜くんとウザすぎる後輩の話	嘉内	ぎゅん	2024	9784065356012
shinigami-koujo-no-kekkon	死神皇女の結婚	猪原賽	多貫カヲ	2024	9784800014467
shokugyou-wa-kanteishi-desu-shingan-tte-nandesu-ka	職業は鑑定士ですが〈神眼〉ってなんですか?	にゃんたろう / 鹿乃子	コノモト　ケント / 渡　琉兎 / ゆのひと	2024	9784048996310
shuumatsu-rocking-girl	終末ロッキンガール	石山りーち	石山り〜ち	2024	9784801983335
shuumatsu-torein-doko-e-iku	終末トレインどこへいく?	竹輪つぼみ	酉村	2024	9784048113076
souteigai-no-sweet-marriage	想定外のスウィートマリッジ	上田にく	佐倉リコ	2024	9784824008459
suki-dayo-good-boy	好きだよグッドボーイ	川野暁子	花好 なぽ	2024	9784799767955
supaidaaman-kizuna	スパイダーマン:絆	関井シモン / 渡辺進	水野 ハチ / 小林 拙太	2024	9784088840635
supinofu-de-aimashou	スピンオフで会いましょう	九重千花	いちかわ壱	2024	9784845865680
takatora-kun-to-omegatachi	鷹虎くんとオメガたち	小林嵩人	朝田　ねむい	2024	9784829686997
tantei-no-shikigami	探偵の式神	紅城蒼	田辺　ゆがた	2024	9784048112789
telomere	テロメア	維邪之托刀	鶴川かきお	2024	9784334104405
tensei-idol-to-doruota-no-kishi	転生アイドルとドルオタの騎士	沙嶋カタナ	佐久本あゆ	2024	9784866577852
tensei-shitara-koutei-deshita-umarenagara-no-koutei-wa-konosaki-ikinokoreru-ka-comic	転生したら皇帝でした～生まれながらの皇帝はこの先生き残れるか～@COMIC	久松エイト / 魔石の硬さ	櫛灘ゐるゑ	2024	9784866996813
tobidase-tsuzui-san	とびだせ!つづ井さん	内野こめこ	つづ井	2024	9784163917894
tokumu-daizero-kikan-no-nichijou-itanroku	特務第零機関の日常異端録	ビリー・バリバリー	アキハル　ノビタ	2024	9784041144633
toudoukunchi-no-maid-shota	凍堂くんちのメイドショタ	由葵るゆ	びみ太	2024	9784046838124
tsumari-souiu-koto-karada-wa-ai-ni-hairimasuka	つまりそういうコト。	花本八満	獅山雨為	2024	9784776755128
tsutte-tabetai-gyaruzawa-san	釣って食べたいギャル澤さん	ふなつ一輝	ふなつ かずき	2024	9784088933955
uchira-wa-mabudachi	うちらはマブダチ	安房さとる	やまもとりえ	2024	9784046838063
vivid-voice-party	VIVID VOICE PARTY	HenselerThomas	コミックニュータイプ	2024	9784041145302
wadatsumi-no-musume	海神の娘	晴山晴緒 / といけ	白川 紺子 / さるマ	2024	9784065360040
wakaba-chan-wa-wakarasetai	若葉ちゃんはわからせたい!	Re:	紺吉	2024	9784575859768
watashi-ni-ai-o-sakebasete	私に愛を叫ばせて	ひろせえい	小坂 奈津希	2024	9784088430522
will-sama-wa-kyou-mo-mahou-de-asonde-imasu-next	ウィル様は今日も魔法で遊んでいます。ねくすと!	幸山みう / 木端みの / 綾河ららら	秋嶋うおと	2024	9784891998516
yanbaru-no-tatakai	ヤンバルの戦い	新里堅進 / 石原昌家	しんざとけんしん	2024	9784867640227
yandere-cafe-e-youkoso	ヤンデレカフェへようこそ	玉木とらこ	ひのみや	2024	9784757590595
yankee-to-futago-no-tsukurikata	ヤンキーと双子の作り方	森長あやみ	岡野 く仔	2024	9784065351468
yatara-yarashii-fukami-kun	やたらやらしい深見くん	まつもとあやか	松本あやか	2024	9784434338021
youko-no-danna-sama	妖狐の旦那さま	百乃モト	ももの　もと	2024	9784047382053
yuru-days	ゆるデイズ	久壁おと	S井ミツル	2024	9784801983724
100-nichi-go-ni-shinu-akuyaku-reijou-wa-mainichi-ga-totemo-tanoshii	100日後に死ぬ悪役令嬢は毎日がとても楽しい。	たみふる / あるくひと	雷蔵 / ゆいレギナ / いちかわはる	2023	9784815614294
13-kaime-no-ashiato	13回目の足跡	三部敬	三部　けい	2023	9784041140024
89-nagano-rengou	'89-長野∞連合-	隈屑	ジュリー・W・神谷	2023	9784065314210
aiba-kun-wa-ano-mitsu-ga-sukisugiru	相葉くんは〈あの蜜〉が好きすぎる!	竹若トモハル	南 志都	2023	9784829650967
ajiiru	アジール Asyl	灯まちこ	速戸 ゆう	2023	9784098625888
aka-chan-ni-tensei-shita-hanashi	赤ちゃんに転生した話	岩崎優次	茶々京色	2023	9784040007113
ane-ni-naritai-gishi-vs-yuri-ni-naritai-imouto	姉になりたい義姉vs百合になりたい義妹	じゃが	森	2023	9784800013231
ano-ko-wa-shoujo-no-furi-o-shite	あの子は少女の振りをして	はるこ	田中 文	2023	9784098528653
ao-ni-rakurai	青に落雷	花時めに	虹沢 羽見	2023	9784088677026
asuka-chan-wa-ijimeraretai	明日花ちゃんはいじめられたい.	おけいど	麦野スミレ	2023	9784864955980
atai-to-nechikoyan	あたいとネチコヤン	ごじょうふみえ	もちぎ	2023	9784106030710
azamukare-seijo-to-shugoryuu-no-konyaku	欺かれ聖女と守護竜の婚約	あきつ鉄鋼	志藤ミネ	2023	9784800013613
azawarau-sekai-no-naka-de	嘲笑う世界の中で	岸根靖興	和泉 亜明	2023	9784785975395
bakee	化け絵	白樺鹿夜	モコ	2023	9784065319024
blood-night-market	ブラッドナイトマーケット	北畠あけ乃	緒川　千世	2023	9784041138090
boku-igai-zenin-tenseisha-kayo	僕以外全員転生者かよ	武田スーパー	夏名 ゆーま	2023	9784065330050
boku-ni-korosarero	僕に殺されろ	ひよどり祥子	うぐいす 祥子	2023	9784065330302
boku-to-jingi-naki-oji-san	ぼくと仁義なきおじさん	百瀬渡	百世 渡	2023	9784088834177
boku-to-jubutsu-no-kimyou-na-seikatsu	ぼくと呪物の奇妙な生活	大石普人	田中 俊行 / オオイシ ヒロト	2023	9784801936270
boku-to-mimoza-no-75-nichi	ぼくとミモザの75日	鈴木ミニラ	鬼山瑞樹	2023	9784757586819
bokura-no-libido	ボクらのリビドー	野﨑花一	乙本 ロイ	2023	9784537147209
bokura-no-souretsu	ぼくらの葬列	隈屑	朝霧 ユウキ	2023	9784065309971
camera-senpai-to-sewayaki-jouzu-na-kouhai-chan	カメラ先輩と世話焼き上手な後輩ちゃん	むつき潤 / 宮城こはく	美月麗 / 青島かなえ	2023	9784801980709
chiisai-boku-no-haru	小さい僕の春	小川錦	渥美 駿	2023	9784098527854
chingochou-futsuryoukyoku-ukeika	鎮護庁祓竜局誓約課	灰田高鴻	鵜山はじめ	2023	9784047374263
chou-ten-chan	超てんちゃん!	ワイソーシリアス	しおん	2023	9784046827012
chuu-bosu-reijou-wa-taijou-go-no-jinsei-o-ouka-suru-yotei	中ボス令嬢は、退場後の人生を謳歌する (予定)。	はるこ / 小見川なまり	nishi / こる / Shabon	2023	9784758038829
chuunen-majutsushi-no-yuuyuu-jiteki-na-dungeon-kouryaku-skill-oobu-o-tsukattara-saikyou-skill-o-te	中年魔術師の悠々自適なダンジョン攻略～スキルオーブを使ったら最強スキルを手に入れたので、好きに生きようと思います～@COMIC	ロウ	咲野日暮	2023	9784866997612
cinderella-no-ane-desu-fuhoni-nagara-ouji-to-kekkon-suru-koto-ni-narimashita	シンデレラの姉ですが、不本意ながら王子と結婚することになりました	支倉文度	チドリアシ / 柚子れもん	2023	9784575415988
cult-on-demand	カルトオンデマンド	大石普人 / ささおかえり	殺野 高菜 / オオイシ ヒロト	2023	9784065329313
daikazoku-gohan-monogatari	大家族ごはん物語	流水凜子	流水りんこ	2023	9784821156405
dakarete-tamaruka	抱かれてたまるか!	吾平	山本ともみつ	2023	9784909699855
danzai-no-majutsugari	断罪の魔術狩り	恵比須清司 / ぼーかん	羊 太郎 / 梳久耶 マヒル	2023	9784065317563
dekiai-mo-keiyaku-no-uchi-ni-hairimasu-ka	溺愛も契約のうちに入りますか?	由井ひな子 / 江成いちこ	冴島ユカ子 / 河野美姫	2023	9784596766779
diamond-no-kouzai	ダイヤモンドの功罪	青佐のり	平井 大橋	2023	9784088927671
dunwich-no-kai	ダニッチの怪	田邊剛 / LovecraftHoward Phillips	田辺　剛	2023	9784047374003
e-kekkon-tte-3-jigen-demo-dekirundesu-ka	え?結婚って3次元でもできるんですか?	玖乃緑	あらたまい	2023	9784832295100
efupiiesu-no-tomodachi-to-real-de-au-manga	FPSの友達とリアルで会う漫画	ゆめの	ちくわ。	2023	9784041122822
feroumerou	フェロウメロウ	夕倉アキ	ゆいつ	2023	9784866536965
fukou-reijou-deshitaga-happy-end-o-mukaemashita	不幸令嬢でしたが、ハッピーエンドを迎えました	美麻りん / 横山もよ / 棚本いこま / 雪森さくら	生還 / ミズメ / メイリ / 三折 おみ / えっちゃん / acca	2023	9784065329252
fureai-lesson-keiyaku	ふれあいレッスン契約	望月うた	MAE	2023	9784801980341
gal-ga-sylvanian-family-o-dekiai-shitara	ギャルがシルバニアファミリーを溺愛したら。	森長あやみ	岡野 く仔	2023	9784065338537
gamer-ga-youkai-taiji-yattemita	ゲーマーが妖怪退治やってみた!	苗原一	小松 清太郎	2023	9784091436382
gangster-girls	ギャングスタガールズ	うみハル	綾瀬　れつ	2023	9784046821478
gee-maou	ゲー魔王	岩崎優次	普津澤 画乃新	2023	9784088834450
genbaku	原爆	Alcante / RodierDenis / BolléeLaurent-Frédéric	ディディエ・アルカント / L.-F. ボレ / ドゥニ・ロディエ / 大西　愛子	2023	9784582286960
gokujou-kishidanchou-no-yuruginai-dokusen-ai	極上騎士団長の揺るぎない独占愛	さくまれん / 北郷豊	直江亜季子 / 黒乃梓	2023	9784813762409
good-boy-chuudoku	Good boy中毒	あまね水咲	ともち	2023	9784867780299
goumon-baito-kun-no-nichijou	拷問バイトくんの日常	小手万里	次見 やをら	2023	9784592165323
hajimete-no-ojou-sama	はじめてのお嬢様	久川はる	橙夏りり	2023	9784575858181
hakoniwa-no-ie	ハコニワノイエ	須王あや	小森 江莉	2023	9784065316870
hanayome-to-akuma-no-yakusoku	花嫁と悪魔の約束	堂島高博	浅井 結衣	2023	9784065320211
hanechin-to-bucky-no-oko-sama-shinryouroku	ハネチンとブッキーのお子さま診療録	夢花李 / 北岡寛己	佐原ミズ	2023	9784867205631
haneru-kimi-o-tomeru-boku	ハネる君をトメる僕	みきぽん	きたむら　ましゅう	2023	9784408641140
happy-family-sakazaki	ハッピーファミリー	坂崎未侑	船木涼介	2023	9784867205051
hengen-no-hanko	変幻の半狐	にどね杉	いくた はな	2023	9784065329924
hetare-onna-maou-no-irekawari	へたれ女魔王の入れかわり	津々巳あや	内水　亜彩子	2023	9784046826824
hoshizora-o-mitsumeta-sono-ato-de	星空を見つめたそのあとで	秋じたく	季田　ビスコ	2023	9784046822215
ikiteru-dake-de-erai-tte-haine-san-ga-iu-kara	生きてるだけでえらい!ってハイネさんが言うから	由村	沼地　どろまる	2023	9784049152593
imouto-ni-kiite-minai-to	妹に聞いてみないと	中西ゆか	渡辺　伊織	2023	9784041135235
imouto-wa-siscon-ani-ga-mendokusai	妹はシスコン兄がめんどくさい	濱田みふみ	ヨシミズ	2023	9784758018449
isekai-tensei-shitara-naze-uwasa-no-reikoku-ouji-ni-dekiai-sarete-torawaretemasu	異世界転生したら、なぜか噂の冷酷王子に溺愛されて囚われてます。	戯屋べんべ	境壱　幸	2023	9784048112062
ji-majutsushi-no-tsuyokute-new-game	時魔術士の強くてニューゲーム	小田ヒロ / 湊良弘	坂木　持丸 / 三千社　ヒロ / きさらぎ　ゆり	2023	9784049148343
jiki-koushaku-fujin-no-yakuwari-dake-o-motomete-kita-koori-no-bara-to-utawareru-danna-sama-ga	次期公爵夫人の役割だけを求めてきた、氷の薔薇と謳われる旦那様が家庭内ストーカーと化した件	うもう	皐月 めい / 石沢 うみ	2023	9784065316597
jouzen	上全	黄助	ozet	2023	9784799761861
kage-to-hana	影と花	にどね杉	いくたはな	2023	9784575859102
kaidan-kidan-mamire-no-shikoku-ohenro	怪談奇談まみれの四国お遍路	國津武士	しまたけひと	2023	9784801936232
kamisogi	神殺(かみそぎ)	仁乃	爾弥 餡丸	2023	9784065320266
kankaku-kyouyuu-maid-san	感覚共有メイドさん!	じゃが	森	2023	9784049150926
kanojo-no-elegy	彼女のエレジー	仁乃	遊園地 迷子	2023	9784065319758
katashiro-misawo-no-hanayome-shugyou	形代ミサヲの花嫁修業っ!?	眠田瞼	めたりかん	2023	9784785975128
kikazaru-hina-wa-mada-koi-o-shiranai	着飾るヒナはまだ恋を知らない	平安ジロー	ざらめ 鮫	2023	9784799762905
kimi-ni-somareba	君に染まれば	石川オレオ	河井 あぽろ	2023	9784065317402
kimi-no-shita-wa-dolce	君の舌はドルチェ	春路ON	さとみち	2023	9784575381504
kiraware-joou-ha-juuou-sama-no-okiniiri-dokuhime-ga-reset-shita-jinsei-de-dekiai-saremasu	嫌われ王女は獣王様のお気に入り	日輪早夜	ヒマワリソウヤ / 今井真椎	2023	9784867780176
kissaten-ni-gal-ga-iru	喫茶店にギャルがいる	丸本チンタ	田丸鴇彦	2023	9784867205129
kitare-parettodan	来たれ、パレット団!	宮本ぺるみ	双葉　陽 / さいとうなおき	2023	9784046823793
koi-wa-jirai-o-funde-kara	恋は地雷を踏んでから	鈴木ミニラ	熊田 龍泉	2023	9784537146561
koisuru-milk-crown	恋するミルククラウン	海灯火	まさき 茉生	2023	9784758025706
kokou-no-ou-to-yotogi-no-jouai	孤高の王と夜伽の情愛	小池ノクト	高昌ゆり	2023	9784046827500
komiyama-ga-kirai-da	小宮山がキライだ	湊ユウキ	桃白 茉乃	2023	9784088447360
kono-te-o-hanasanaide	この手を離さないで	咲本﨑	咲本崎	2023	9784910526133
kore-kara-dandan-shiawase-ni-natte-iku-kowai-onna-joushi	これからだんだん幸せになっていく怖い女上司	沢田竜治	矢野　トシノリ	2023	9784049152166
kowa-meshi	こわメシ	藤野もやむ	桑佳 あさ	2023	9784785974091
kujirahama-otoko-koukou-engee-bu	くじら浜男子高校えんげー部	生倉大福	さんかく。	2023	9784065313602
kuro-no-gurotesuku	黒のグロテスク	北大路みみ	ムジハ	2023	9784434319334
kurosaki-kun-no-iinari-ni-nante-naranai-s	黒崎くんの言いなりになんてならないS	よの・志郎	マキノ	2023	9784065333150
kusattemo-neko-nanode	くさっても猫なので	ふかさわ映	関口 かんこ	2023	9784065310588
machi-no-honya-no-goshoyama-san	まちの本屋の御書山さん	秋乃かかし	いずみ　せら	2023	9784046828781
madara-moyou-no-yoi	まだら模様のヨイ	小林嵩人	朝田 ねむい	2023	9784098528790
mahoutsukai-no-hanzai-sousa	魔法使いの犯罪捜査	日暮眠都	たもつ　葉子	2023	9784041140000
make-no-ohime-sama	メイクのお姫様	北村有香	きたむら ゆうか	2023	9784098722303
maoujou-no-ryouriban	魔王城の料理番	西岡さち	ワイエム系	2023	9784107726155
match-mondo	マッチモンド	大山満千	堀内 祥吾	2023	9784785972974
meiten-restaurant	冥天レストラン	水永潔	鈴野 スケ	2023	9784098528196
merry-uitchiizu-life	メリー・ウィッチーズ・ライフ	楢島さち	メノタ	2023	9784391159592
method	メソッド	清露	河島 笑利	2023	9784065337653
milk-chocoloate	ミルクチョコレート	佐藤カケル	泡沫	2023	9784757585393
misato-san-wa-amasugi-joushi-ni-chotto-kibishii	三郷さんは甘すぎ上司にちょっとキビしい	陽村空葉	くろたま	2023	9784832203013
mitasu-no-wa-kuufuku-dake-desu-ka	満たすのは空腹だけですか?	ごくげつ	タダノヤス	2023	9784824004338
mizukoshi-kun-wa-futtou-shitakunai-noni	水越くんは沸騰したくないのに	陽村空葉	くろたま	2023	9784199508097
momo-chan-sensei-ryouri-no-yakusoku	ももちゃん先生料理のやくそく	中邑みつのり / 桃世真弓	ももせ まゆみ / なかむら みつのり	2023	9784785974428
mozzu-court-no-kuso-akuma	モッズコートのクソ悪魔	長岡太一	かさいちあき	2023	9784801981881
mujikaku-na-tensai-shoujo-wa-kizukanai	無自覚な天才少女は気付かない	きらた	伊吹 有 / まきぶろ	2023	9784592228769
mukuwarenakatta-murabito-ee-kizoku-ni-hirowarete-dekiai-dekiaisareru-ue-ni-jitsu-wa-motte-ita	報われなかった村人A、貴族に拾われて溺愛される上に、実は持っていた伝説級の神スキルも覚醒した	海産物	くもすずめ / 三木 なずな / 柴乃 櫂人	2023	9784088927442
mushi-no-joou-mayu-no-tabi	虫の皇女マユの旅	氷堂涼二	氷堂リョージ	2023	9784801980945
mutant-turtles-the-last-ronin-lost-years	ミュータントタートルズラスト・ローニンLOST YEARS.	彩月つかさ / EastmanKevin B / SmithTom / BishopBen / DelgadoLuis Antonio / GallantS. L. (Shannon Londin) / KeaneMaria	ケビン・イーストマン / トム・ワルツ	2023	9784910416731
mutant-turtles-tv-adventure	ミュータントタートルズTVアドベンチャー	彩月つかさ / MyerSarah / 中村優児 / バーナムエリック	エリック・バーナム / ティム・ラティー / ルビー　翔馬　ジェームス	2023	9784910416700
muzukashii-hou-no-saitoo-kun	難しいほうのサイトーくん	辻恵	辻󠄀恵	2023	9784199508035
nakanomi	なかのみ	うらのりつ	NEO草野	2023	9784065308387
nekomata-to-asagohan	ねこまたとあさごはん	石田リンネ	清水アイ	2023	9784781622422
nene-to-ikoku-no-mahoutsukai	ネネと異国の魔法使い	夏木美香	tsugumi	2023	9784821156955
noijii-ruumumeito	ノイジールームメイト	グルッペン・フューラー	緒崎 カホ	2023	9784065302224
oboreru-hibi-wa-kimi-no-sei	溺れる日々はきみのせい	半次	深澤ねじ	2023	9784396768843
ochibure-zeus-to-dorei-no-ko	落ちぶれゼウスと奴隷の子	雨水汐	尾羊英	2023	9784022143563
omega-senyou-kareshi	Ω専用カレシ	田仲みのる	藤間 みお	2023	9784774732572
onmyou-jihen	陰陽事変	上機しほ	麻日 隆	2023	9784065332498
onnagaki-to-oji-san	♀ガキとおじさん	藤松盟	サラマンダ	2023	9784049150384
ore-no-wa-iranai-rashii	俺の×××はいらないらしい	石江八	プルちょめ	2023	9784049152814
orenchi-no-kaibutsu	俺ン家の怪物	カエデミノル	ずみ子	2023	9784065338469
otogi-no-hako-no-reto	お伽の匣のレト	三部敬	三部けい / 【助言・協力】一般社団法人 阿寒アイヌコンサルン	2023	9784757587120
otoko-no-inai-onnatachi	男のいない女たち	桜井トシフミ	櫻井 稔文	2023	9784344041905
otori	オトリ	てらおか現象	野生の もぎ	2023	9784065308462
otsu-san-ga-zako-chara-ni-tensei-surumo-ippashi-o-mezasu	おっさんが雑魚キャラに転生するも、いっぱしを目指す。	桃川ささみ	八月明久 / 月見　ひろっさん	2023	9784046829351
ouji-to-kojiki	王子と乞食	河井英杞	河井 英槻	2023	9784799764459
pako-chan	パコちゃん	サノアサヒ	我妻 ひかり	2023	9784834233193
parallel-leap-syndrome	パラレルリープ・シンドローム	眠田瞼	タカハシ ノブユキ	2023	9784785973834
phantom-busters	ファントムバスターズ	高岡祥	ネオショコ	2023	9784088837246
pikkoriina	ピッコリーナ	澄谷ゼニコ	大槻　一翔	2023	9784047374454
plot-kara-yarinaose	プロットからやり直せ	辻恵	つごもり	2023	9784047373815
quartz-no-oukoku	クオーツの王国	仁乃 / M Fulcrum	BOMHAT	2023	9784065316887
reboot-ichikawa-2023	リブート	九重千花	いちかわ壱	2023	9784199609374
revenger	リベンジャー	妃羅	利便事屋 / 山田リューセイ	2023	9784757587021
route-33	ルートサーティスリー～ROUTE 33～	初瀬白	ランドルフ	2023	9784088928012
ryuu-to-tora	龍と虎	にどね杉	いくたはな	2023	9784801949379
safe-sex	セーフセックス	ノド山	岩浪 れんじ / 森 もり子	2023	9784088928180
sagesumu-shisen-ga-saikou-desu	蔑む視線が最高です。	ことぶきりー	黒月 悠	2023	9784065306970
sarezuma-shitao-no-koibitotachi	サレ妻シタ夫の恋人たち	降本孟	村岡 恵	2023	9784065317334
sasada-wa-tomodachi	佐々田は友達	サイ	スタニング沢村	2023	9784160901551
scavengers-another-sky	スカベンジャーズアナザースカイ	竹村優作	古部亮	2023	9784253257817
sekai-saikyou-no-majo-hajimemashita	世界最強の魔女、始めました	小田ヒロ	戸賀 環 / 坂木 持丸 / riritto	2023	9784065327784
shibatarian	シバタリアン	宗像夏潼	イワムロ カツヤ	2023	9784088835020
shinigamineko-no-jizu-wa-nasakebukai	死神猫のジズは情け深い	本橋雄一	北見 明子	2023	9784785973247
shio-taiou-osananajimi-ni-amasugi-body-o-taberaremashita	塩対応幼馴染に甘過ぎボディを食べられました	竹若トモハル	南　志都	2023	9784596530387
shujuu-ribaashi-dog	主従リバーシドッグ	どーるる	灰田ナナコ	2023	9784403668517
shuumatsu-no-valkyrie-ki-tan-jack-za-ripper-no-file	終末のワルキューレ奇譚ジャック・ザ・リッパーの事件簿	後藤正人	イイヅカケイタ / 終末のワルキューレ	2023	9784867204825
suzume-kun-no-koe	すずめくんの声	天野雀	路田行	2023	9784823604614
takase-san-wa-dorukatsu-ni-muchuu-desu	高瀬さんはドル活に夢中です	印イェニ	師走ほりお	2023	9784832274709
tamaranai-no-wa-koi-nanoka	たまらないのは恋なのか	ナカガワパリ	空華 みあ	2023	9784065339701
tanku-chea	戦車椅子-TANK CHAIR-	渡邉たろう	やしろ 学	2023	9784065299234
tennen-na-koroshiya-san-to-fuun-na-oyome-san	天然な殺し屋さんと不運なお嫁さん〈仮〉	吉舎和幸	卯月 たける	2023	9784829650868
tenohira-neko	手のひらねこ	海月れおな	鷹野 久	2023	9784107726476
tensai-majo-no-maryoku-gare	天才魔女の魔力枯れ	山草遊	辻島 もと	2023	9784098520480
toaru-mei-tantei-to-joshu-no-rabukome-teki-nichijou-tantei-wa-mou-shinde-iru	とある名探偵と助手のラブコメ的日常@探偵はもう、死んでいる。	オノヤマコズエ	二語十 / うみぼうず / 炒芽　もやし	2023	9784046825698
tomodachi-wa-kiss-shinai	友達はキスしない!	鮫類	参号ミツル	2023	9784813033424
tsubaki-kun-no-netsu-ni-oboretai	椿くんの熱におぼれたい	上乃凛子	北ムラサキ	2023	9784823605192
tsuihousareta-ossan-boukensha-jitsu-wa-party-menbaa-ni-yabai-hodo-shitawarete-ita	追放おっさん冒険者〈37〉…実はパーティメンバーにヤバいほど慕われていた	こわたりひろ	勇希ギンモ / 秋月静流	2023	9784575416060
uguisudani-dead-zone	鶯谷デッドゾーン	モチ漫画家 / マシマロウ	井深 みつ / 三日閉 両	2023	9784537146929
watashi-ni-dake-tenparu-joushi-no-hanashi	私にだけテンパる上司の話	カワセワカ	イスズ	2023	9784757588608
watashi-o-center-ni-suru-to-chikaimasu-ka	私をセンターにすると誓いますか?	櫻井マキ	若月 ジュン	2023	9784065320457
watashitachi-wa-moto-joshi-desu	私たちは元女子です	藤野晴海	咲次朗	2023	9784823604553
wotaku-mo-koi-mo-rensa-suru	オタクも恋も連鎖する	あまいろちゆ	天色ちゆ	2023	9784757584815
yasashii-milk	やさしいミルク	五月雨きょうすけ	高田ローズ	2023	9784253163798
yasha-kohno-2023	夜者	マイトウ	河野那歩也	2023	9784575858938
yoinochi-hareyaka	酔いのち晴れやか	卯月よう	眠井 アヒル	2023	9784065305973
yoru-no-ikigami-sama-to-susukaburi-no-otome	夜の生き神様とすすかぶりの乙女	花生	蒔々	2023	9784821155255
yuusha-wa-hitori-nippon-de	勇者はひとり、ニッポンで	泉すずしろ / もみもみじ	山崎 響 / 雪狸	2023	9784758084192
yuutousei-no-seifuku-no-naka	優等生の制服のなか	かみつかげつ	藤田 カフェコ	2023	9784758026253
zessei-no-akujo-wa-ma-ouji-sama-ni-chouai-dekiaisareru	絶世の悪女は魔王子さまに寵愛される	卓美涼	朝香 のりこ / ＊あいら＊	2023	9784088677200
zettai-bl-ni-naru-sekai-vs-zettai-bl-ni-naritakunai-otoko	絶対BLになる世界vs絶対BLになりたくない男	Re:	紺吉	2023	9784107726940
32-sai-kojirase-moteki	32歳、こじらせ→モテ期!?	出樹	梅子	2022	9784776753957
5-nenburi-ni-tsunagaru-moto-kare-ishi-kara-tsutawaru-atsui-netsu	5年ぶりに繋がる元カレ医師から伝わる熱い熱	可児いとう	玄野 さわ	2022	9784773062427
anata-ni-dake-wa	あなたにだけは	吉舎和幸	柏木郁乃	2022	9784910340111
aobara-antique-no-shoukoujo	青薔薇アンティークの小公女	こん炉	コリス / 道草　家守 / 沙月	2022	9784046818119
arupain-kuraimaa	アルパインクライマー	横溝邦彦 / 梅澤夏子	よこみぞ 邦彦 / 山地 たくろう	2022	9784098613342
baacharu-kun-wa-otonari-san-kara-nigetai	バーチャルくんはおとなりさんから逃げたい	磯カズナリ	あきちはや	2022	9784774732473
batsuichi-de-nakimushi-na-otonari-san	バツイチで泣き虫なおとなりさん	シンギョウガク	十五夜	2022	9784046057563
batsuichi-ga-moteru-nante-kiitemasen	バツイチがモテるなんて聞いてません	蛭塚都 / コミックルーム	亀奈ゆう / COMIC ROOM	2022	9784575857696
beni-ikkon	紅一献!	西海ミナト	桃缶	2022	9784865181371
black-madougushi-guild-o-tsuihousareta-sareta-watashi-oukyuu-majutsushi-to-shite-hirowareru	ブラック魔道具師ギルドを追放された私、王宮魔術師として拾われる	えむけえ / Bcoca	葉月秋水 / nec&#246;mi / 鳥飼やすゆき	2022	9784757583061
bless	ブレス	石田万	園山 ゆきの	2022	9784065286494
boku-mo-isshokenmei	ぼくもいっしょ!	映画館	らくだ	2022	9784046818874
boku-no-dokuhime-wa-kyou-mo-kawaii	ぼくの毒姫は今日もかわいい	saku漫画家	咲竹ちひろ	2022	9784757580459
boku-no-noroi-no-kyuuketsuki	僕の呪いの吸血姫	雨水龍	金井千咲貴	2022	9784757577411
boku-wa-isekai-de-fuyo-mahou-to-shoukan-mahou-o-tenbin-ni-kakeru	ぼくは異世界で付与魔法と召喚魔法を天秤にかける	すずの木くろ / 青辺マヒト	ツカモリ　シュウジ / 横塚　司 / マニャ子	2022	9784049142488
boku-wa-onii-chan-no-koto-ga-suki-desu	僕はお兄ちゃんのことが好きです。	田村純兵	蒼井 たまご	2022	9784107724779
buzz-game	#バズゲーム	御鷹穂積 / 平石六	景山　愁 / 高橋　右手	2022	9784040747484
chibon-kaburi	チボンカブリ	彩月つかさ	北岡朋	2022	9784575857207
chiriakuta	チリアクタ	甲斐とうしろう	木村 航	2022	9784065284148
chita-nyan-ga-kita	ちたにゃんがきた!	稲荷家房之介	九条友淀	2022	9784864955010
choueki-ichizen-shakai-no-gomi-desu-kedo-kansha-shite-kuremasuka	懲役一善	岬ねおん	宮月 新 / 田中 基	2022	9784592163961
daijoubu-club	大丈夫倶楽部	杉山鉄兵	井上まい	2022	9784910352459
danzai-sareta-akuyaku-reijou-wa-gyakkou-shite-kanpeki-na-akujo-o-mezasu	断罪された悪役令嬢は、逆行して完璧な悪女を目指す	泉すずしろ / 楢山幕府	北国良人	2022	9784866996295
darashinai-desu-hotta-sensei	だらしないです堀田先生!	あおいくじら	なかだまお	2022	9784575857795
debayashi-from-universe	デバヤシ・フロム・ユニバース	草水敏	神崎タタミ	2022	9784344850309
dominant	ドミナント	はとぼし	五十嵐　純	2022	9784046818683
doushitara-osananajimi-no-kanojo-ni-naremasuka	どうしたら幼馴染♀の彼女になれますか!?	なむる。	矢坂しゅう	2022	9784801978690
eigyoubu-no-saeki-san-to-kagitsuki-etchi	営業部の佐伯さんと鍵つきエッチ	辰巳仁	山田パン	2022	9784801978584
ekkusueru-de-oku-made-tonton-sarete-revenge-eichi-kara-nukedasenai	XLで奥までトントンされて…リベンジHから抜け出せない!	成瀬真琴	なるせまこと	2022	9784596749529
erukuesuto	えるくえすと!	安房さとる	むらさき＊	2022	9784832273849
fuji-to-nankyoku-no-nakamatachi	ふじと南極のなかまたち	防衛省海上幕僚監部	ふくの　うみ	2022	9784047370661
furuki-okite-no-mahou-kishi	古き掟の魔法騎士	恵比須清司 / 秋乃かかし	カワバタ　ヨシヒロ / 羊太郎 / 遠坂　あさぎ	2022	9784046810243
futari-nara-dokoedemo	夫婦ならどこへでも	甘露アメ	カヅチ	2022	9784801978485
gal-suke	ギャル×スケ!	三葦十夢	神内 アキラ	2022	9784098512881
gate-of-nightmares	Gate of Nightmares	くっきぃ	真島 ヒロ / スクウェア・エニックス / マツオカ ヨシノリ	2022	9784065281864
gifted	ギフテッド	樹林伸 / 紺津名子	天樹 征丸 / 雨宮 理真	2022	9784065275528
ginmokusei-no-shitateya	ギンモクセイの仕立て屋	LA軍	マミタ	2022	9784199608995
gokudou-faust	極道ファウスト	まずりん	横尾公敏	2022	9784823603440
gurazeni-dairiiguhen	グラゼニ～大リーグ編～	アダチケイジ / コージィ城倉	森高 夕次 / 足立 金太郎	2022	9784065274958
haiyaa-toraivu	ハイヤートライヴ	藤山素心	高橋 構造	2022	9784537144567
harusame-to-koi-moyou	春雨と恋もよう	児嶋建洋	行村 コウ	2022	9784088676555
hatarake-oji-san-no-mori	はたらけ!おじさんの森	朱雀新吾	中原 開平 / 朱雀 伸吾 / 深山 フギン	2022	9784088924366
heaven-no-tenbin	ヘブンの天秤	村崎ハネル	浄土 るる	2022	9784098614639
hidamari-ga-kikoeru-shunka-shuutou	ひだまりが聴こえる-春夏秋冬-	茜田千	文乃 ゆき	2022	9784829686591
hiroware-lily-wa-amai-uso-ni-hodasareru	拾われリリーは甘い嘘にほだされる	夏木美香	tsugumi	2022	9784821129416
hoshitsukai-serena	星使いセレナ	LEN〈A7〉	LEN［A-7］	2022	9784065274194
houkago-kimi-dake-no-heroine	放課後、君だけのヒロイン	北村有香	きたむら ゆうか	2022	9784098718771
ice-cream-kanojo	アイスクリームカノジョ	ツブキ	くうねりん	2022	9784065270929
ijiwaru-na-tsugai	いじわるな番	山本アットホーム	桜庭ゆりん	2022	9784867174555
inori-no-kuni-no-ririeeru-majo-no-tabitabi-gaiden	祈りの国のリリエール～魔女の旅々外伝～	釘宮あつき / 白石定規	ねりうめ	2022	9784815610531
inu-no-kagayaki-nikki	犬のかがやき日記	なか憲人	犬のかがやき	2022	9784046057570
isekai-go-houshi-kiroku	異世界御奉仕記録	辰巳仁 / 光用千春	山田パン / 猫屋敷　爺 / さばるどろ	2022	9784048111935
isekai-ittara-watashi-no-shokugyou-yaseiji-datta	異世界行ったら私の職業『野生児』だった	ていやん / 因幡シホ	mucco / 堂本　葉知子 / 逆月　酒乱	2022	9784048111928
isekai-kaeri-no-eiyuu-iwaku	異世界帰りの英雄曰く	さくら真呂 / 朝日曼耀	窪茶 / 涼暮　皐	2022	9784041128480
isekai-koutei-no-zettai-dekiai	異世界皇帝の絶対溺愛	七士七海	広枝出海	2022	9784396792237
isekai-ryouchi-kaikaku	異世界領地改革	ユウコトリトリ / クロノヤミ	布袋三郎 / さくら夏希 / イシバシヨウスケ	2022	9784867203002
isekai-saikou-no-kizoku-harem-o-fuyasu-hodo-tsuyoku-naru	異世界最高の貴族、ハーレムを増やすほど強くなる	木下聡志 / 海産物	木下 さとし / 三木 なずな / へいろー	2022	9784088924564
jakutaika-yuusha-no-restart	弱体化勇者のリスタート	いーどぅー	い〜どぅ〜	2022	9784098511341
jigoku-ni-ochiteyo-onii-chan	地獄に堕ちてよ、お兄ちゃん	今井ささる	ねじがなめた	2022	9784757582712
jikangai-dekiai-itashimasu-toshishita-hisho-kara-gokuama-ni-iyasareru	時間外、溺愛いたします	森田富士	モリフジ	2022	9784799760161
jiraikei-kareshi-suzu-kun	地雷系彼氏すずくん	長岡太一	かさいちあき	2022	9784801979352
joou-no-trunk	女王のトランク	中村ミネ	北森サイ	2022	9784344851245
junai-yakuza-to-dousei-seikatsu	純愛ヤクザと同棲生活	夏野ちより	志波ひより	2022	9784776753698
kachou-diet-no-ojikan-desu	課長!ダイエットのお時間です!	零之龍	サザレイシ ヤチヨ	2022	9784088925509
kahan-no-machi-no-seriinu	河畔の街のセリーヌ	三原しらゆき	日之下あかめ	2022	9784800012272
kamigami	かみがみ	佐木かやの / okamura	真上犬太 / 松林佑 / 黒ドラ	2022	9784867202999
kanan-sama-wa-akumade-choroi	カナン様はあくまでチョロい	赤城あさひと	nonco	2022	9784065293607
kanojo-shoukan-shimashita	彼女召喚しました!?	連城寺のあ	わたりさえ	2022	9784801975866
kazemachi-no-futari	風街のふたり	吉川ヒロアキ	カシワイ	2022	9784575440201
kedakaki-ookami-wa-bukiyou-na-koi-ni-oboreru	気高き狼は不器用な恋に溺れる	浅葱洋	伊倉とう子	2022	9784861239168
kemono-to-waltz	ケモノとワルツ	上機しほ	椿木　とりか	2022	9784048995047
kimi-ga-kemono-ni-naru-mae-ni	君が獣になる前に	佐野隆	さの 隆	2022	9784065264706
kimi-no-koe-de-shitsukete	君の声で躾けて	寺嶋かなえ	みづい甘	2022	9784575381184
kimi-to-shiranai-natsu-ni-naru	君としらない夏になる	七緒一綺	きぃやん	2022	9784758023788
kinai-again	禁愛again	あまね水咲	ともち	2022	9784864955157
king-sama-no-ichiban-boshi	キング様のいちばん星	八街潤	如月 ゆきの	2022	9784098715855
kinoshita-kyoudai-wa-tomaranai	木下兄妹は止まらない!	朝ひおり	チキン	2022	9784592224310
kirigiri-hotaru-no-kirai-na-tabemono	桐切蛍の嫌いな食べもの	神泉せい	木綿 八十子	2022	9784785971809
knuckle-knuckle	ナックルナックル	ヨンチャン	山岸 汰誠	2022	9784065298282
kojirase-kare-no-dekiai-ga-omosugimasu	こじらせ彼の溺愛が重すぎます!	八科こむぎ	古賀てっこ	2022	9784821154821
kokoro-no-program	ココロのプログラム	三月ソラ	中村 ひなた	2022	9784088830223
konyaku-haki-no-tsugi-wa-gisou-konyaku-sate-sono-tsugi-wa	婚約破棄の次は偽装婚約。さて、その次は……。	MPワークス / たんさんでんち	タナ / 瑞本 千紗	2022	9784866575629
konyaku-haki-sareta-koushaku-reijou-wa-mori-ni-hikikomorimasu	婚約破棄された公爵令嬢は森に引き籠ります	ハレノチアメ	西山　アラタ / 春野　こもも / iyutani	2022	9784046814302
koukousei-uebu-sakka-no-mote-seikatsu	高校生WEB作家のモテ生活	佐藤勇 / 茨木野	SBクリエイティブ刊） / さとうゆう / 一乃ゆゆ	2022	9784757580893
kuroneko-osananajimi-ga-nigashite-kurenai	黒猫おさななじみが逃がしてくれない。	吾平	山本ともみつ	2022	9784861239236
kyoshou	巨匠	髙橋一仁	Gたかし / 高橋一仁	2022	9784832239456
kyouen-no-kikai-houki	競煙の機械箒	乙黒ゆう	ヤスヒロ	2022	9784047371262
locker-game	ロッカーゲーム	ビリー・バリバリー	アキハルノビタ	2022	9784434295386
loss-time-ni-hanamuke-o	ロスタイムに餞を	電子レンジ	ココミ	2022	9784796415422
love-all-puree	ラブオールプレー	藪崎可奈子 / 小瀬木麻美	宮田 ダム	2022	9784088923239
machigai-de-kyuukon-sareta-onna-wa-ichinengo-rien-dekiaisareru	間違いで求婚された女は一年後離縁される	真波潜 / となり凛 / Amary	ほいっぷくりーむ / ヤマトミライ	2022	9784575414622
mahou-shoujo-misoji	魔法少女三十路	神林イチトラ	三倉 ゆめ	2022	9784785972783
mahoutsukai-mana-to-h-no-tobira	魔法使いマナと叡痴の扉	中島こうき	hoihoi	2022	9784046811226
maou-dou	魔王道	きなつk / 凩はとば	寒天 / 高岸　かも	2022	9784041130469
megami-to-maou-kara-semararete-umarete-hajimete-onnanoko-to-flag-ga-tatta-node-iji-demo-isekai	女神と魔王〈♀〉から迫られて生まれて初めて女の子とフラグが立ったので、意地でも異世界転生を回避したい件!??	品川イチガ	森貴夕貴	2022	9784803016864
mibu-no-tsugai	壬生の番い	ひるなま	篁 ふみ / cocoaball	2022	9784758023641
mirai-no-hikouki-yarou-haruto	未来の飛行機野郎ハルト	桂イチホ	S．濃すぎ	2022	9784047371408
mokutekichi-ni-touchaku-shimashita	目的地に到着しました。	タケオキュージュウ	鮭no.マリネ / 日本サぱ協会	2022	9784757578395
moto-kare-hiroimashita	元カレ、拾いました。	MartínezHugo	三本 ひより	2022	9784758024549
motto-etchi-wa-shuu-7-kibou-desu	もっと!えっちは週7希望ですっ!	神室リツコ	ぺそ太郎	2022	9784801978393
muni-no-ichigeki	無二の一撃	仲藤ぬい	内藤 光太郎	2022	9784065294956
mutant-turtles-the-last-ronin	ミュータントタートルズラスト・ローニン	彩月つかさ / CurnowBobby / EastmanKevin B / SmithTom / EscorzaEsau / BishopBen / DelgadoLuis Antonio / EscorzaIsaac	ケビン・イーストマン	2022	9784910416458
naka-ga-warui-nomo-oshigoto-desu	仲が悪いのもお仕事です	折紙ちよこ	おりがみちよこ	2022	9784866752471
nanikato-mujikaku-na-joshi	何かと無自覚な女子	言炎	相舞　みー	2022	9784046817525
nee-mou-isso-tsukiatchau	ねぇ、もういっそつき合っちゃう?	ケンイチ	西島 黎 / 叶田 キズ	2022	9784088924045
neko-no-hon	ねこのほん	右京あやね	左京亜也	2022	9784403668104
neko-no-okite	ネコの掟	斉藤ロクロ	目黒川うな	2022	9784867204436
nobara-to-pretender	野ばらとプリテンダー	ごんたくにど	カモバーガー	2022	9784799760109
nonke-joushi-30-nichi-no-kaihatsu-mesoddo	ノンケ上司、30日の開発メソッド	家田明歩	七緒	2022	9784434300295
ojou-san-no-shitsuji	お嬢さんの執事	芽々ノ圭	Cheomji / HA　YaeJi	2022	9784046810564
okiku-san-wa-ichatsukitai	お菊さんはいちゃ憑きたい	家田キリゼン	結野　ちり	2022	9784046811349
okuchi-ga-etchi-na-jakuten-datte-rival-no-elite-douryou-ni-barete-shimaimashita	おくちがエッチな弱点だって、ライバルのエリート同僚にバレてしまいました	さくら蒼	あわいぽっぽ	2022	9784396701413
omiaikon	お見合い婚	藤本正二 / おおぐろてん	南香かをり / 紅カオル	2022	9784813761037
oni-to-yoake	鬼と夜明け	にどね杉	いくたはな	2022	9784910352497
onshuu-no-replica	怨讐のレプリカ	カナンアスカ	おりお無	2022	9784065271209
ookami-alpha-san-to-ookami-omega-kun	オオカミαさんとオオカミΩくん	来岬未悠	嵩崎ナツハ	2022	9784575856989
oshi-ga-ani-ni-narimashita	推しが兄になりました	遊痴庵	隈浪さえ	2022	9784757576896
oshi-towa-koi-ni-ochimasen-tabun	推しとは恋に落ちません。 (たぶん)	真敷ひさめ	三浦ひらく	2022	9784801978263
oshi-wa-oseru-toki-ni-ose	推しは推せるときに推せ!	三木よう子	優風	2022	9784757579842
otoshite-kudasai-megami-sama	オトしてください!女神様!!	中村朝	三雲　ジョージ	2022	9784040744322
oyaku-ni-tatsu-node-chi-o-kudasai	お役に立つので血をください	シンギョウガク	十五夜	2022	9784088925431
panaou-rippa-na-ou-ni-onarinasaitsu-bamboo-edition	ぱな王	氷堂涼二	氷堂リョージ	2022	9784801978713
pedigree	ペディグリー	花巻かえる	丹下道	2022	9784832291935
please-marry-me	Please marry me	ましろ雪	なおやみか	2022	9784774732374
raibaa-diver-lover	ライバーダイバーラバー	柏葉ぺす	鹿島初	2022	9784041132593
ren-kun-wa-muitara-onnanoko	蓮くんは剥いたらおんなのこ。	永田礼路	結城アオ	2022	9784434299353
route	ルート	ヨシサト	秦 和生	2022	9784065284544
ryuusora-no-aces	龍空のエイシズ	片山誠	かたやま　まこと	2022	9784041120101
saikyou-no-chikara-o-te-ni-ireta-kawari-ni-onnanoko-ni-narimashita	最強の力を手に入れたかわりに女の子になりました	新山サホ / 小倉あすか	ふじや / 笹塔五郎	2022	9784821154210
sainou-nashi-to-iwareta-otsu-san-tamer-wa-manamusume-to-tomoni-musou-suru	才能なしと言われたおっさんテイマーは、愛娘と共に無双する!	もすこんぶ	柊木 楸 / 琥宮 千孝	2022	9784813760917
saisoku-kon	最速婚	龍翠	近藤 しぐれ	2022	9784537145748
saitou-yoshitatsu-ni-umarekawatta-node-oda-nobunaga-ni-kuniyuzuri-shite-nagaiki-suru-no-o	斎藤義龍に生まれ変わったので、織田信長に国譲りして長生きするのを目指します!	サブリック / 権田原	巽未頼 / 田村ゆうき / マキムラシュンスケ	2022	9784253294010
samenai-futari-no-hitori-gohan	冷めないふたりのひとりご飯	みきぽん	きたむらましゅう	2022	9784832258617
second-break	SECOND BREAK!!	雨水龍	稲木 智宏	2022	9784065272893
seishun-shizuka-ni-sasagemasu	青春、静に捧げます。	トリメ	木野芽ササ	2022	9784434297939
share-ni-naranai-hanashi-o-otsumami-ni	洒落にならない話をおつまみに	吉舎和幸	柏木　郁乃	2022	9784046817013
shiina-san-no-oshi-jijou	椎奈さんの推し事情	ムナカタ	碧くるみ	2022	9784757578999
shiitagerare-reijou-to-kegare-koushaku	虐げられ令嬢とケガレ公爵	横山ひろと	廻	2022	9784866752389
shinjuku-box	新宿box	奥谷通教 / 花乃軍	観月 昴 / 奥 道則	2022	9784537144468
shinratsu-naru-gourmet	辛辣なるグルメ	G3井田 / 鷹巣ヒロキ	香川 まさひと / 若狭 星	2022	9784098613045
sometimes-blue	サムタイムズ・ブルー	戸崎映	雨野サン	2022	9784823603488
sora-made-itchau	空までイっちゃう	おわる	吉沢りょう	2022	9784253137904
sore-wa-otona-no-jijou-desu	それは大人の事情です	ながやま由貴	藤原 えみ	2022	9784098715176
sorette-maji-desuka	それってマジですか!?	流水凜子 / 宮村詩乃	流水りんこ	2022	9784022143440
spy-game-a-d-1600	スパイゲームA.D.1600	田代弓矢	加藤清志	2022	9784047371903
stage-s	ステージS	さーもにずむ	針川 智也	2022	9784088830797
sukeban-to-tenkousei	スケバンと転校生	柴田文	ふじちか	2022	9784575440164
sukumizu-uchuujin-ga-mina-san-ni-otsutae-shitai-koto-ga-arimasu	スク水宇宙人がみなさんにお伝えしたいことがあります!	生方めぐみ	むうりあん	2022	9784801978782
sunao-ni-nareyo-kutteyaru	素直になれよ、喰ってやる	山本泰一郎	神崎柚	2022	9784910429694
tabimiman	たびみまん	鳴原千	赤樫	2022	9784049142501
tabun-kore-kara-ai-no-hibi	多分これから愛の日々	早蕨たまお	池森あゆ	2022	9784866694887
takaga-shishaku-chakunan-ni-kouki-na-hitotachi-ga-guigui-kite-comic	たかが子爵嫡男に高貴な人たちがグイグイきて困る@COMIC	宮須弥 / あぐにゅん	miyasumi	2022	9784866994215
takane-no-hana-wa-midasaretai	高嶺の花は、乱されたい	右京あやね	左京亜也	2022	9784403668098
takumashii-ude-ni-ubawareru	逞しい腕に奪われる	原浩	フジキハルカ	2022	9784910429557
tanin-ni-wa-mienai-oryouri-no-sensei	他人には見えないお料理の先生	榊間おつぶ	榊󠄀こつぶ	2022	9784801976887
tatsuki-ryou-senshuu	たつき諒選集	竜樹諒	たつき諒	2022	9784864108720
teramen	テラ麺	明日かかん	白井慶太	2022	9784864681186
tonari-no-kuuderella-o-amayakashitara-uchi-no-aikagi-o-watasu-koto-ni-natta	隣のクーデレラを甘やかしたら、ウチの合鍵を渡すことになった	むつき潤 / 熊乃げん骨	雪仁 / かがちさく / 青島　かなえ	2022	9784041127254
tonari-no-uchuujin-ga-kowai	隣の宇宙人がコワい	小手万里	阿東　里枝	2022	9784041122853
torima-furo-ikane	とりま、風呂いかね?	中川海二	イシイ 渡	2022	9784065268612
toshishita-onzoushi-to-konzen-etchi	年下御曹司と婚前エッチ	まつだいお	星乃 みなみ	2022	9784758023702
toshiue-no-kare-wa-amaku-daku	年上のカレは甘く抱く。	古賀てっ子	古賀てっこ	2022	9784824003546
tou-no-shotou-no-itoori-otome	塔の諸島の糸織り乙女	esk / ニシキギカエデ	佃　繁奈 / 渡来　みずね / チェリ子	2022	9784046819253
tsuchikaburi-no-elena-hime	土かぶりのエレナ姫	夢木みつる	晴海 ひつじ	2022	9784592221265
tsugunai-mahou-shoujo-karenza	償い魔法少女カレンザ	岬ねおん	宮月 新 / 下内 遼太	2022	9784098510535
tsumande-kande-switch-on	つまんで噛んでスイッチon	秋月綾	川野タニシ	2022	9784801978089
unmei-no-makimodoshi	運命の巻戻士	舞嶋大	木村 風太	2022	9784091433992
usotsukikon-to-hoshizukiyo	うそつき婚と星月夜	朝海たいこ	ささきさ	2022	9784098513413
vaanya-no-oishii-tabi-kitchen	ヴァーニャのおいしい旅キッチン	中原都	彩藤なお	2022	9784815526030
wakaouji-shunin-wa-kouhai-voice-ni-agaraenai	若王子主任は後輩ボイスに抗えない!	折紙ちよこ	おりがみちよこ	2022	9784832258853
yarinaoshi-akuyaku-reijou-wa-osanai-otouto-tenshi-o-dekiai-shimasu-comic	やり直し悪役令嬢は、幼い弟〈天使〉を溺愛します@comic	軽井広	馬場彩玖	2022	9784866996288
yoake-no-polaris	夜明けのポラリス	真敷ひさめ	嘉島ちあき	2022	9784796415569
yomeshuuto-wa-nakayoku-kenka-suru	嫁姑は仲良くケンカする	大江慎一郎	大江しんいちろう	2022	9784821129126
youka-san-ga-nameru	八日さんが舐める	カワラハジメ	松羅弁当	2022	9784823603198
youkyuu-shouten	用九商店	阮光民	ルアン・グアンミン / 沢井メグ	2022	9784910352145
zeitaku-zanmai-shitai-no-desu	贅沢三昧したいのです!	五月雨きょうすけ	木虎こん / みわかず / 沖史慈宴	2022	9784803016796
0nichikon-demo-koishitai	0日婚でも恋したい	青山理砂	青山りさ	2021	9784821128167
10-nenkan-tomodachi-dato-omotteta-otokonoko-ni-kokuhaku-dekiaisareru-ohanashi	10年間友達だと思ってた男の子に告白されるお話	○線	〇線	2021	9784049139716
100-se-ari-kare-no-jundo-wa-100	癖あり彼の純度は100%	ちま	藤村綾生	2021	9784821127375
35-sai-imasara-koi-toka-arienai	35歳、今さら恋とかありえない	椎名まうみ	蜜柑子	2021	9784909699503
86-operation-highschool	86-エイティシックス-オペレーション・ハイスクール	鈴木ミニラ	染宮　すずめ / 安里 アサト / しらび / I-IV	2021	9784046800060
after-god	アフターゴッド	江野スミ	江野 朱美	2021	9784098508341
akuyaku-reijou-wa-heroine-o-ijimete-iru-baai-dewa-nai	悪役令嬢はヒロインを虐めている場合ではない	秦槙吾 / 丹辺るん	あずやちとせ / 四宮あか	2021	9784434296352
amaetai-kemono	甘えたい獣	夕倉アキ	ゆいつ	2021	9784861238710
amakute-atsukute-iki-mo-dekinai	甘くて熱くて息もできない	臼井ともみ	蜂巣	2021	9784866574882
ame-to-kimi-to	雨と君と	くりもとぴんこ	二階堂 幸	2021	9784065225837
anna-comnena	アンナ・コムネナ	小林丸々	佐藤 二葉	2021	9784065264591
aohada-kyonyuu-to-kuso-bocchi	青肌巨乳とクソボッチ	シンギョウガク	十五夜	2021	9784801974548
arasa-mama-no-watashi-de-iino	アラサーママの私でいいの?	浪咲ゆか	ねこ末端	2021	9784866751641
arima-san-wa-omega-ni-naritai	有馬さんはオメガになりたい	かみつかげつ	藤田カフェコ	2021	9784832291812
atama-no-naka-no-suzu-senpai	アタマのナカの鈴せんぱい	うるひこ / ななお	にゃるら / ゆめつきママ	2021	9784046809377
ayame-senpai-wa-boku-to-himitsu-no-keiyaku-o	あやめ先輩は僕とヒミツの契約を	昼間行燈	蛇足せんたろう	2021	9784801971912
baatoretto-eiyuu-tan	バートレット英雄譚	ももよ万葉 / 仙幸	三國大和	2021	9784891997281
boku-no-mirai-wa-majo-no-naka	僕の未来は魔女の中	あおいくじら	なかだ まお	2021	9784834232981
bokutachi-ga-kazoku-ni-naru-made	僕たちが家族になるまで	安房さとる	あさひよひ	2021	9784823601958
bourei-madoushi-no-hiroiage-hanayome	亡霊魔道士の拾い上げ花嫁	一花カナウ / 久保田流生	藤谷一帆 / 瀬尾優梨	2021	9784824000576
caligula-no-koi	カリギュラの恋	佐藤千鳥	みちのくアタミ	2021	9784344848450
character	キャラクター	龍翠	いわや 晃 / 長崎 尚志 / 川原 杏奈 / 永井 聡	2021	9784098610877
chikyuu-san-wa-level-appu-shimashita-comic	地球さんはレベルアップしました!@COMIC	生咲日月	まいたけ	2021	9784866993645
colorful-kyuu-sheet	からふるキューシート!	ゆめの	ちくわ。	2021	9784049140262
damasare-uragirare-shokei-sareta-watashi-ga-dare-o-shinjirareruto-iunodeshou	騙され裏切られ処刑された私が……誰を信じられるというのでしょう?	壱川いちか / とびらの	AMAO / 榊万桜	2021	9784575412475
dattara-ore-ga-daiteyaru	だったら俺が抱いてやる	袴田なつき	麻生くま	2021	9784801974784
dekiai-seifuku	溺愛征服	原浩	フジキハルカ	2021	9784910429045
dekiai-shinshi-umeda-san	溺愛紳士梅田さん。	林倉吉	もちあんこ	2021	9784774732329
dekiaisuru-nomo-hodohodo-ni	溺愛するのもほどほどに。	花岡美莉	さんかく	2021	9784910429274
deshi-ga-kawaisugite-tsurai	弟子が可愛すぎてつらい	トータス杉村	火山　雷弌	2021	9784040741208
dracula-yakin	ドラキュラやきん!	あきのみどり / 和ケ原聡司	浅草九十九 / 和ヶ原　聡司 / 有坂　あこ	2021	9784046806338
dual-mound	デュアルマウンド	シャンプーハットこいで	水森 崇史	2021	9784065248539
ekiben-jikan	駅弁時間	富士沢一矢	六月柿 光	2021	9784537144321
fool-night	フールナイト	鈴菜	安田 佳澄	2021	9784098608669
fudanshi-kun-niwa-himitsu-ga-aru	腐男子くんには秘密がある	エイタツ	小丸 オイコ	2021	9784834264890
fuku-fuku-gohan	ふくふくごはん	水沢充	水沢クロマル	2021	9784821128402
fukuonsei-wa-urusai-juubun-ni	副音声はうるさい十分に	新矢りん	英子	2021	9784434287268
fukushuu-no-dokko-riwaindo	復讐の毒鼓REWIND	ときゎ	Meen X Baekdoo	2021	9784046806444
fura-furadansu	フラ・フラダンス	あきつ鉄鋼	志藤　ミネ / おしゃれサロンなつなぎ	2021	9784046808677
ga-kirai-na-joshi-nanka-imasen	××が嫌いな女子なんかいません!	大沢ういち	実倉なる	2021	9784757575998
ginshio-shoushou	ぎんしお少々	電柱棒	若鶏にこみ	2021	9784832272934
gochisou-omega-wa-chuu-to-naku	ごちそうΩはチュウと鳴く	森世	はなさわ浪雄	2021	9784861238994
gojuu-rokujuu-yorokonde	五十、六十、よろこんで。	西岡さち	ワイエム系	2021	9784799752968
goodbye-to-destiny	グッドバイトゥデスティニー	霧崎秀征	渋江 ヨフネ	2021	9784773062274
goukon-ni-ittara-onna-ga-inakatta-hanashi	合コンに行ったら女がいなかった話	楢島さち	蒼川なな	2021	9784757570962
h-na-omocha-no-tsukurikata	Hなおもちゃの作り方	I-Ⅳ	永谷えんがわ	2021	9784757573338
haibasu-ni-sumu	廃バスに住む	暁葉悠	イチヒ	2021	9784046805355
hajime-rabukome-ogabebe	はじめラブコメオガベベ	小木ハム	おきらくボーイ	2021	9784098507269
hakuhou-hongi	白鵬本紀	山崎匡佑	白鵬翔 / 山崎享祐	2021	9784197806454
hanatsumugu-higo-no-kami	花紡ぐ、庇護ノ神	たこつむり	丹野　いち子	2021	9784046804013
harebare-hiyori	晴れ晴れ日和	石津カユ	吉村佳	2021	9784046802712
hazukashigariya-no-tsuma-to-shinkon-seikatsu-hajimemashita	恥ずかしがり屋の妻と新婚生活はじめました	的場りょう	桐灰　きねそ	2021	9784046808769
hebio	ヘビオ	白樺鹿夜	モコ	2021	9784065238035
henkyou-no-shishi-wa-ruriiro-no-bara-o-dekiai-suru	辺境の獅子は瑠璃色のバラを溺愛する	ナフセ / 蛸八太二	まろ乃 / 三沢 ケイ / 宵マチ	2021	9784391156782
higashi-no-mori-no-majo-no-niwa	東の森の魔女の庭	紺津名子	越田うめ	2021	9784403623271
hitori-h-online	ひとりえっちオンライン	都氏	めがね	2021	9784866694191
hon-no-mushi	本のムシ	九重リココ	小虎	2021	9784040739434
houkago-wa-kimi-no-kanojo	放課後は君の彼女	石井たくま	佐々木 奈緒	2021	9784088676463
houtei-no-fantasma	法廷のファンタズマ	玖乃緑	荒川三喜夫	2021	9784832238749
ibitte-konai-gibo-to-gishi	いびってこない義母と義姉	中村朝	おつじ	2021	9784758022453
ikeoji-monster-to-zettai-reido-otoko	イケオジモンスターと絶対零度男子	やまあき連理	フミト	2021	9784065236185
ikishini	イキ死ニ	鮪オーケストラ	ハセガワM	2021	9784047367180
imouto-no-tomodachi-ga-nani-kangaeteru-noka-wakaranai	妹の友達が何考えてるのかわからない	一原ロコ	玲。	2021	9784758021791
inari-sama-wa-heion-ni-kurashitai	稲荷様は平穏に暮らしたい	茶トラの猫	水杜吉比	2021	9784891997663
isekai-1-temo-shounen-manga-no-shujinkou-wa-ichimiri-mo-burenai	異世界行っても少年マンガの主人公は1ミリもブレない!!!	梅沢春人	梅澤　春人	2021	9784041118078
isekai-de-nanchatte-oukyuu-nurse-ni-narimashita	異世界で、なんちゃって王宮ナースになりました。	臣人 / 青山有	服部万利 / 涙鳴	2021	9784813760757
isekai-toubou-no-aibou-wa-koi-o-shiranai-ouji-sama	異世界逃亡の相棒は恋を知らない王子様	八神凪	あさみ　青子	2021	9784046809841
js-san-to-ol-chan	JSさんとOLちゃん	亘理肖悟	ゆりかご	2021	9784396791834
juunishi-to-nezumi-to-hagureneko	十二支とネズミとはぐれ猫	ヒゲの筆	ぬら次郎	2021	9784065259207
kamigami-no-kago-de-sei-san-kakumei	神々の加護で生産革命	トトキハルキ	白木とざくろ / 風来山	2021	9784575412697
kannou-shousetsuka-no-mitsuiro-otogibanashi	官能小説家の蜜色お伽話	夏木美香	tsugumi	2021	9784821127474
karada-kasanete-kasanatte	カラダ、重ねて、重なって	がっきー	iko	2021	9784065222577
karasu-wa-aruji-o-erabanai	烏は主を選ばない	東藤ながる	阿部 智里 / 松崎 夏未	2021	9784065224564
kayou-koukyuu-no-hanayome	華耀後宮の花嫁	佐茂すけ / ひらのりょう	山崎里佳 / 藤野ポチョムキン	2021	9784253274241
keikenchi-chochiku-de-nonbiri-shoushin-ryokou	経験値貯蓄でのんびり傷心旅行	西崎正 / Noise	奏　ヨシキ / 徳川　レモン / riritto	2021	9784049139723
kenja-ga-nakama-ni-natta	賢者が仲間になった!	ささのゆゆすけ	アズ	2021	9784065240397
kimi-ga-nozomeba	猫(きみ)が望めば	しえろ	千星夜人	2021	9784799215555
kimi-ga-radio-o-suki-dakara	きみがラジオを好きだから	斉田えじわ	高橋つばさ	2021	9784041113790
kimi-to-koete-koi-ni-naru	キミと越えて恋になる	冬坂ころも	柚樹 ちひろ	2021	9784088445717
kimi-wa-nazotoki-no-mashieri	きみは謎解きのマシェリ	秋山シノ	糸なつみ	2021	9784575856507
kiraware-yuusha-o-enjita-ore-wa-naze-rasubosu-ni-sukarete-isshokenmei-ni-seikatsushitemasu	嫌われ勇者を演じた俺は、なぜかラスボスに好かれて一緒に生活してます!	貞清カズヒコ / Neno	らいと	2021	9784801974319
kodomo-ni-natta-ore-o-tsuma-ga-mechakucha-medetekuru	子供になった俺を妻がめちゃくちゃ愛でてくる	小手万里	次見 やをら	2021	9784065261941
koi-wa-doujinshi-yori-ki-nari	恋は同人誌より奇なり	日向きょう	夏目あやの	2021	9784757574786
koisuru-hetare-wa-itsumo-bukiyou	恋するヘタレはいつも不器用	梶原伊緒	九重ヤエ	2021	9784799752975
koisuru-panty-stocking	恋するパンティストッキング	吉宗	ウシハシル	2021	9784785970314
koisuru-succubus-no-ikenai-jijou	恋するサキュバスのイケない事情	ささきさきÜ	リーフィ	2021	9784801972605
kokokara-wa-otona-no-jikan-desu	ここからはオトナの時間です。	モタ	つきの おまめ	2021	9784088551821
konna-koi-nara-owari-ni-shitai	こんな恋なら終わりにしたい!	甘野めぐみ	コウキ。	2021	9784344849617
kono-gei-towa-tsukiaitakunai	このゲイとは付き合いたくない!!!	ごじょうふみえ	もちぎ	2021	9784065258484
konya-beddo-de-matte-iro	今夜ベッドで待っていろ	露がも子	斉川冬	2021	9784813032953
korogaru-kyoudai	転がる姉弟	インカ帝国	森つぶみ	2021	9784864687751
koukyuu-no-musubi-jin	後宮の結び人	磯野フナ / 竹町	小早川真寛 / 鰍ヨウ	2021	9784757572720
kuchibeni	口紅	めぇ田のん	川端 新 / 軍事法規研究会	2021	9784408640211
kurogyaru-san-ga-kuru	黒ギャルさんが来る!	ザシーツ	いつむ	2021	9784040739816
kusano-to-nozomi	草野と希	塩胡蝶	岩国　ひろひと	2021	9784049139242
maid-in-gokudou	冥土in極道	片山誠	かたやままこと	2021	9784537143416
mainichi-shine-shine-itte-kuru-imouto-ga-ore-ga-nete-iru-suki-ni-saiminjutsu-de-horesaseyou-to	毎日死ね死ね言ってくる義妹が、俺が寝ている隙に催眠術で惚れさせようとしてくるんですけど……!	戦記暗転	田中ドリル	2021	9784891997021
maji-de-tsukiau-15-funmae	マジで付き合う15分前	高野水登	Perico	2021	9784041112151
manga-kiiroi-zerosen	マンガ黄色い零戦	小澤さとる	小沢さとる	2021	9784864108539
mayoeru-kohitsuji-ni-neko-no-te-o	迷える子羊に猫の手を	西田拓矢	遊佐 ハルカ	2021	9784785968953
megami-no-mousou	女神の妄想	紺津名子	雨宮理真	2021	9784865181203
mei-be-love	めいbe love	九重千花	いちかわ壱	2021	9784832258266
meiji-juuzoku-tangusuten	明治従属タングステン	龍本みお	たつもとみお	2021	9784046805928
minna-watashi-no-hara-no-naka	みんな私のはらのなか	田仲みのる	ちさこ	2021	9784801972759
mitsubachi-to-remonbaamu	ミツバチとレモンバーム	犬居葉菜	端倉 ジル	2021	9784758017251
miyoko-tagawa-kibun	美代子田川気分	安部慎一	安部　愼一	2021	9784898303405
moshimo-kubiwa-ga-hazusetanaraba	もしも首輪がはずせたならば	髭乃慎士	トナミショウ	2021	9784866751726
motoshiikaazu-cafe-e-youkoso	モトシーカーズ・カフェへようこそ!	ばどみゅーみん	ばどみゅーん	2021	9784862795700
mou-inai-kimi-to-wangan-o-aruite	もういない君と湾岸を歩いて	ディビ	hituji	2021	9784823602450
murder-murder	Murder murder	香穂	竹添 裕史	2021	9784537144246
musunda-koi-no-tsutaekata	結んだ恋の伝え方	深緑野分	吉尾アキラ	2021	9784866535210
mutant-turtles-classic-collection	ミュータントタートルズクラシックコレクション	彩月つかさ / EastmanKevin B / SmithTom	ケビン・イーストマン / ピーター・レアード	2021	9784910416199
naisho-no-rabu-mariaaju	ナイショの♥ラブまりあーじゅ	菅原竜	すがはらりゅう	2021	9784776753483
nekomimi-maid-to-shounen-ouji	猫耳メイドと少年王子	いつこ	さゆこ	2021	9784046809735
nightmare-family	ナイトメア・ファミリー	史群アル仙	七野　ワビせん	2021	9784047365315
nijiiro-game-maker	虹色ゲームメーカー	芋畑サリー	たかし♂	2021	9784757574793
nisemonohime-to-dekiai-ouji	ニセモノ姫と溺愛王子	大橋キッカ	天点	2021	9784596415073
noichigo-shoujo-satsujin-jiken	野苺少女殺人事件	震電みひろ	江口 侑輝	2021	9784065261699
oborozuki-no-regorisu	朧月のレゴリス	大隅剛史	えらんと	2021	9784802132275
odd-taxi	オッドタクシー	ピクス / 此元和津也	小戸川交通パートナーズ	2021	9784865293166
ojou-omezame-no-jikan-desu	お嬢、お目覚めの時間です	ながやま由貴	樫 八重子	2021	9784592221012
omega-ni-dake-wa-naritakunai	Ωにだけはなりたくない!!	一本木尊	潜えむ	2021	9784865896442
onii-chan-datte-amaetai-wake-de	お兄ちゃんだって甘えたいわけで。	亜希乃千紗 / 餡玉	吹浦ハギ	2021	9784815550516
ookami-no-kawa-o-kabutta-hitsujihime	狼の皮をかぶった羊姫	遠藤仁漫画家	ミト	2021	9784801973077
ookami-wa-tantei-o-tabetai	オオカミは探偵を食べたい	アンギャマン	大村陽	2021	9784757575837
ore-no-tame-dake-ni-naite	俺のためだけに鳴いて?	星乃ソマリ	城井 ユキ	2021	9784829650431
osake-to-oshi-ga-ikigaidesu	お酒と推しが生きがいです	久川はる	tapon	2021	9784799752142
osanai-fusai-wa-itonamitai	小山内夫妻はいとなみたい	ささきさきÜ	リーフィ	2021	9784049137040
oshi-no-gohan-tan-ni-narimashita	推しのご飯担になりました!?	木村慎吾	なつき凛	2021	9784575856248
otokojuku-gaiden-akashi-gouji-special	男塾外伝赤石剛次スペシャル	香穂	宮下あきら / 竹添裕史	2021	9784537164466
otona-no-hatsukoi	おとなの初恋	星森ゆきも	星森 柚稀も	2021	9784098715442
otonari-no-tengai	おとなりの天涯	七緒一綺	きぃやん	2021	9784049138146
otonari-no-yakuza	お隣のヤクザ	やまち	吉田にん	2021	9784861238888
otoriyose-shimasshi	おとりよせしまっし!	田仲みのる	ちさこ	2021	9784046808097
otou-san-isshoni-asobo	おとうさん、いっしょに遊ぼ	じゃんぽ～る西	じゃんぽ〜る西	2021	9784396768409
otsu-san-no-pantsu-ga-nandatte-ii-janaika	おっさんのパンツがなんだっていいじゃないか!	練馬zim	練馬ジム	2021	9784866972343
ouji-sama-ni-ochite-tamarukatsu	王子様に堕ちてたまるかっ!	大箕すず	かおもじ	2021	9784865549010
owari-no-hatemi-wa-hanshoku-shitai	終わりのハテミは繁殖したい	眠田瞼	めたりかん	2021	9784785968816
porno-tattoo	ポルノ・タトゥー	あまね水咲	ともち	2021	9784815501693
rabukyo	らぶキョ	インド僧	多喜 れい	2021	9784065241592
restart	リスタート!	百乃モト	坂木原 レム	2021	9784065229682
rettoumon-no-chouetsu-healer	劣等紋の超越ヒーラー	坂本憲司郎 / 美希みなみ	星野 まご / 蒼月 浩二	2021	9784065262979
robasutonesu	ロバストネス	角光	佐藤由幸	2021	9784891997076
senshiya-ichiya-monogatari	千氏夜一夜物語	テトメト	千氏夜	2021	9784065225233
shadow-cross	シャドークロス	ユエミチタカ	スガワラ エスコ	2021	9784088918174
shi-ga-futari-o-wakatsu-tomo	死がふたりを分かつとも	あまいろちゆ	天色 ちゆ	2021	9784088446301
shiawase-torimingu	しあわせ鳥見んぐ	電柱棒	わらびもちきなこ	2021	9784832273184
shinikaeri	死ニカエリ	反転邪郎	反転 シャロウ	2021	9784107723574
shirobuta-kizoku-desu-zense-no-kioku-ga-haeta-node-hiyoko-na-otouto-sodatemasu-attomaaku-comic	白豚貴族ですが前世の記憶が生えたのでひよこな弟育てます@COMIC	藤丘ようこ / やしろ	よこわけ	2021	9784866991627
shitou-iejimasen	死闘伊江島戦	新里堅進	しんざとけんしん	2021	9784897422664
shogi-shounen	将棋少年	おおきぼん太	おおきぽん太	2021	9784022143174
shokuba-to-jitaku-de-gap-no-aru-papa	職場と自宅でギャップのあるパパ	佐藤カケル	泡沫	2021	9784041112809
shota-oni	ショタおに	アカコッコ	中山幸	2021	9784757575844
shoujo-hana-zukan	少女花図鑑	泉すずしろ	雪狸	2021	9784396791964
sleeping-dead	スリーピングデッド	小林嵩人	朝田 ねむい	2021	9784829686553
slow-jet-coaster	スロー・ジェットコースター	藍田	佐倉 チカコ	2021	9784065238400
snowball-earth	スノウボールアース	小野寺こころ	辻次 夕日郎	2021	9784098611072
starting-gate	STARTING GATE!	桂イチホ	S． 濃すぎ / Cygames	2021	9784098507108
studio-cabana	スタジオカバナ	藤田阿登	馬あぐり	2021	9784049138849
succubus-na-iinchou-ni-okotowari-saremashite	サキュバスな委員長にお断りされまして	いーどぅー	い〜どぅ〜	2021	9784801971585
suiyou-kyoudai	水曜姉弟	西巻拓馬	小菊路 よう	2021	9784065236321
suki	好きだ。	春キャベツ	祈崎ひな汰	2021	9784434284496
sukitte-itta-no-omae-darouga	好きって言ったのお前だろうが!	marie漫画家	梅田みそ	2021	9784799753767
surechigai-wa-fuufu-no-hajimari	すれ違いは夫婦の始まり	沢田竜治	矢野　トシノリ	2021	9784041118238
taiichi-kun-ni-ezukesarete-masu	太一くんに餌付けされてます	尾藤麻論	にわの池	2021	9784821127580
tanuki-to-kitsune-to-satogurashi	たぬきときつねと里暮らし	小石川イオリ	くみちょう	2021	9784088920399
teiou-joushi-no-dekiai-sekkusu	帝王上司の溺愛セックス	松本ゆうか	空海リク	2021	9784864954181
tensei-babaa-wa-misugosenai	転生ババァは見過ごせない!	マツリ / 橋広功	文月路亜 / ナカノムラアヤスケ	2021	9784434297472
tensei-shita-akuyaku-reijou-wa-fukushuu-o-nozomanai-the-comic	転生した悪役令嬢は復讐を望まないthe comic	鶏尾 / 和式トイレット	あかこ / 磐秋ハル	2021	9784800010957
tsui-no-hito	終のひと	村瀬佳子	清水 俊	2021	9784575855692
tsukitousagi	ツキトウサギ	九重リココ	小虎	2021	9784098505128
tsurenai-kanojo-no-hitorijime	つれない彼女のひとりじめ	四宮和	甘里 シュガー	2021	9784098507894
twinkle-kitchen	トゥインクル☆キッチン	北村有香	きたむら ゆうか	2021	9784098713639
uchi-no-maid-to-kekkonsuru-tame-nara-ore-wa-harem-o-tsukuru	うちのメイドと結婚するためなら俺はハーレムを作る	森名尚 / 二月公 / 大河原	火野あかり	2021	9784801974234
uchi-wa-wakarete-kurashiteru	ウチは別れて暮らしてる	神田はるか	カワハラ 恋	2021	9784065243237
untitled-blue	アンタイトル・ブルー	日本の怪村研究会	夏目 靫子	2021	9784065237175
uso-to-kiss-wa-houkago-ni	嘘とキスは放課後に	これかわかずとも	目玉焼き	2021	9784757575370
usotsuki-android	うそつきアンドロイド	小手万里	阿東里枝	2021	9784253291811
usotsuki-kitsune-no-koibanashi	うそつきキツネの恋噺	松本豊	めぷちん☆	2021	9784253234481
wagamama-ouji-wa-neko-o-karu	わがまま王子は猫を狩る	右京あやね	左京亜也	2021	9784403667732
watashi-ga-mita-mirai	私が見た未来	竜樹諒	たつき諒	2021	9784864108515
watashi-to-neko-to-hatachi-no-kimi-to	私と猫と二十歳の君と	安房さとる	あさひよひ	2021	9784867202685
world-is-dancing	ワールドイズダンシング	中馬孝博	三原 和人	2021	9784065245057
xl-size-desu-ga-kekkon-sasete-kuremasu-ka	XLサイズですが、結婚させてくれますか?	BrownChester	たまち	2021	9784909460905
yakyuu-miyouyo	やきゅうみようよ!	山草遊	辻島 もと	2021	9784098507672
youki-na-shimerike	陽気なしめりけ	来栖メロ	緒木 鈴人	2021	9784098505500
yuusha-wa-kousoku-ihan-ni-narimasuka	勇者は校則違反になりますか?	レノTS	有馬 レンジ	2021	9784098507825
zannenna-ouji-kun-to-fujoshi-no-noda-san	残念な皇子くんと腐女子の野田さん	竹若トモハル	南志都	2021	9784821127368
zense-seijo-wa-te-o-nukitai-yokiyoki	前世聖女は手を抜きたい よきよき	上地拓郎 / ほなみ彩	高辻有 / 彩戸ゆめ	2021	9784575412161
zettai-seiiki-no-cherion	絶対聖域のチェリオン	蒼木アキ	川田 暁生	2021	9784065242315
10-nen-shitenai-sudachi-san	10年シてないスダチさん	五月雨きょうすけ	高田ローズ	2020	9784253156653
2-nen-b-gumi-onee-sensei	2年B組オネェ先生	濃口kiki	高瀬雛	2020	9784832258075
2200nen-neko-no-2200	2200年ねこの国ニッポン	白縫餡	猫葉りて	2020	9784864953658
act-out	アクトアウト	あまねかむらぎ	冬房 承	2020	9784396791704
amedeo-ryokouki	アメデオ旅行記	イトウハジメ	アボガド6	2020	9784046049353
andou-kanoko-no-angou-file	安堂鍵乃子の暗号事件簿	関﨑俊三	関崎　俊三	2020	9784041108222
ao-barahime-no-yarinaoshi-kakumeiki	青薔薇姫のやりなおし革命記	優月祥 / esk	枢呂紅 / 双葉はづき	2020	9784757566965
aoi-kun-niwa-kanawanai	蒼井くんにはかなわない	小牧街	押川 いい	2020	9784758035552
ashita-wa-docchi-da-kyou-girl	明日はどっちだ今日ガール	高妍	みぎひざ	2020	9784049131499
atsu-tsugi-no-shigoto-wa-bakemono-taiji-desu	あっ、次の仕事はバケモノ退治です。	麦子	市村 基	2020	9784098503407
atsugari-hinata-san-to-samugari-yozaki-kun	暑がりヒナタさんと寒がりヨザキくん	鉄山かや	ますだ 悠	2020	9784098502462
baku-kun	バクくん	家田明歩	田中優吏	2020	9784253224178
bocchi-na-ace-o-riido-shitai	ぼっちなエースをリードしたい	シャンプーハットこいで	水森 崇史	2020	9784098502226
boku-no-tsugai-wa-nekoshinshi	僕の番は猫紳士	鹿ちゃん	アサナエアラタ	2020	9784040645261
boku-to-kanojo-no-meguru-isekai	僕と彼女の転生る異世界	清水ヤスヲミ	コジィ	2020	9784040640204
boku-to-watashi-no-10-nenkoi	ボクとわたしの10年恋	津島つしま	うさ沢 妹子	2020	9784065210697
boku-wa-oneko-sama-no-geboku-desu	僕はお猫様の下僕です。	泉すずしろ	北国良人	2020	9784757566323
bokura-wa-koi-ga-heta-sugiru	僕らは恋がヘタすぎる	夢野かつき	橘　えいこ	2020	9784596591555
bud-rush	バドラッシュ	井上とさず	塩沢 かつま	2020	9784065196120
chotto-shakai-futekigousha-san	ちょっと社会不適合者さん	吉宗	ウシハシル	2020	9784785966713
coax-code	コークス・コード	多平優香	赤瀬 新一	2020	9784065185773
corpo-a-corpo	コーポ・ア・コーポ	ノド山	岩浪れんじ	2020	9784823600395
danna-ga-totsuzen-shinimashita	旦那が突然死にました。	にしむらゆうじ	せせらぎ	2020	9784295200147
dear-noman	Dear NOMAN	矢澤おけ	寝路	2020	9784049130591
death-hotel	デスホテル	鮪オーケストラ	ハセガワM	2020	9784537143072
debu-to-love-to-ayamachi-to	デブとラブと過ちと!	旧都なぎ	ままかり	2020	9784866693460
deck-hitotsu-de-isekai-tanbou	デッキひとつで異世界探訪	ももしか藤子 / 空飛ぶひよこ	春夏冬エ / 棚架ユウ	2020	9784821139200
demodoriyakata-no-sebasu-chan	出戻り館のセバスチャン	片山誠	かたやま まこと	2020	9784785965884
densetsu-no-level-1-yuusha	伝説のレベル1勇者	アオキタクト	しゃど地蔵	2020	9784088915975
dolls-furontorain-doll-no-uta	ドールズフロントライン人形之歌	三上敬	上海散爆網絡技有限公司 / Ling	2020	9784758068482
don-t-touch-me	ドント・タッチ・ミー!	永田礼路	結城アオ	2020	9784434262777
dorei-yuugi-guren	奴隷遊戯GUREN	赤沢佳 / モチ漫画家	木村 隆志 / 井深 みつ / ヤマイ ナナミ	2020	9784088823539
dungeon-battle-royale	ダンジョンバトルロワイヤル	梅村真也 / 中野まや花	なぎはし ここ	2020	9784891996673
dungeon-harem-master	ダンジョン+ハーレム+マスター	低橋 / 大畑慎治	長次郎 / 三島千廣	2020	9784575411072
en-to-yukari	エンとゆかり	長谷良えりあ	しろううらやま	2020	9784832272170
enga	怨画	けいじろー	砂川どろ	2020	9784757565647
etchina-oshiri-ja-dame-desuka	えっちなお尻じゃダメですか?	西野きいな	鳩屋タマ	2020	9784796413503
fantasy-o-hotondo-shiranai-joshi-joshikousei-ni-yoru-isekai-teni-seikatsu	ファンタジーをほとんど知らない女子高生による異世界転移生活	蛍幻飛鳥	游紗　吹香 / コウ / shimano	2020	9784040643434
ferumi-kenkyuujo	フェルミ研究所	多平優香	フェルミ研究所	2020	9784065194218
fukujuu-to-amagami	服従と甘噛み	うすいかつら	志木見 ビビ	2020	9784396785130
fukumen-no-hitsuji	覆面の羊	坂崎未侑	船木涼介	2020	9784801968516
fukushuu-no-dokko	復讐の毒鼓	ときゎ	Meen X Baekdoo	2020	9784040646763
fushi-no-sougishi	不死の葬儀師	ゲンツキ	清宮　こう丞	2020	9784040644042
fushigi-no-kuni-no-heart-no-joou	不思議の国のハートの女王	由村 / 仕掛け番長	よはち / 長月　遥 / 鳴海　ゆき	2020	9784046800084
futago-wazurai	ふたごわずらい	瀬田U	桜野 いつき	2020	9784758021432
gacha-shi-ni-kamibiki-saretemita	ガチャ師に神引きされてみた	浪咲ゆか	長谷川 真也	2020	9784537143133
gachikoi-nenchakujuu	ガチ恋粘着獣	山崎将	星来	2020	9784801970557
gakushoku-hana-no-shiawase-gohan	学食「ハナ」のしあわせごはん	鉄山かや	pote	2020	9784758083515
gawacosu	ガワコス!!	やまうち	土平 ゆの	2020	9784098502073
gay-bar-no-mochigi-san	ゲイバーのもちぎさん	ごじょうふみえ	もちぎ	2020	9784065187272
ghost-girl	ゴーストガール	月乃睡蓮	紗池 晃久	2020	9784088825076
girigiri-out-2020	ギリギリアウト!	翠川稜	佐藤アキヒト	2020	9784796413909
god-of-dog	GOD OF DOG	甲斐とうしろう	木村 航	2020	9784065205617
goinkyo-collection	ご隠居コレクション	空木哲生	祀木円	2020	9784865896039
gokufuri-kyohi-shite-tesaguri-start-tokka-shinai-healer-nakama-to-wakarete-tabi-ni-deru	極振り拒否して手探りスタート!特化しないヒーラー、仲間と別れて旅に出る	なまざかな / あし	蒼井　一秀 / 刻一 / MIYA*KI	2020	9784040735726
goseichou-arigatou-gozaimasu	ご成長ありがとうございます	小倉あすか	三本阪奈	2020	9784106030666
goukon-aite-wa-nikushoku-keikan	合コン相手は肉食警官!?	月乃ひかり / 二日市とふろう	佐鳥 百 / 踊る毒林檎	2020	9784773072440
guriddoman-shinseiki-chuugakusei-nikki	SSSS.GRIDMAN新世紀中学生日記	鈴紀オズク	あり子 / SSSS.GRIDMAN	2020	9784040646312
gyakusou-randevuu	逆装ランデヴー	小手万里	次見 やをら	2020	9784065190968
hakase-noshippai	ハカセの失敗	史群アル仙	七野ワビせん	2020	9784781619255
hakoniwa-no-aruji-to-saigo-no-majo	箱庭の主と最期の魔女	津島つしま	うさ沢 妹子	2020	9784065217993
hallelujah-baby	ハレルヤベイビー	多賀タイラ	仔縞 楽々	2020	9784088551692
hana-no-chiruran-yoshiwara-yuukaku-koigatari	花の散るらん-吉原遊郭恋がたり-	朝吹まり	森猫 まりり	2020	9784098711352
haru-made-no-kyori	春までの距離	新多奏日	ハルモト紺	2020	9784865895926
hashire-kawata-kun	走れ!川田くん	ヘンリエッタ	伊佐 義勇	2020	9784065200537
hataraku-maou-sama-no-meshi	はたらく魔王さまのメシ!	姫なっつん / 和ケ原聡司	さだうおじ / 和ヶ原　聡司 / 029	2020	9784049130386
hataraku-saibou-baby	はたらく細胞BABY	福田やすひろ	福田 泰宏 / 清水 茜	2020	9784065182314
hayasegawa-kun-to-megami-na-onee-san	早瀬川君と女神なお姉さん	ゆめの	ちくわ。	2020	9784049129762
hayato-kun-to-saho-chan-wa-honjitsu-mo-ichaama	隼人くんと早穂ちゃんは本日もいちゃ甘。	なつみ理奈	久遠アユム	2020	9784821139965
hero-kun-ni-koishiterutsu	ヒーローくんに恋してるっ!	八街潤	如月 ゆきの	2020	9784098711796
herscherik-aaru-tensei-ouji-no-eiyuu-tan	ハーシェリクR転生王子の英雄譚	伊恵中二 / 福嶋ユッカ	柚葵ゆゆ / 楠のびる	2020	9784575411614
hikari-to-kage	光と影	叶輝	ひおん / RYU	2020	9784040649245
himeno-kun-wa-hime-ni-naritakunai	姫野くんは姫になりたくない	うすいかつら	三日月ランプ	2020	9784757569034
hito-no-musuko	人の息子	つるまいかだ	あの あやの	2020	9784065189184
hoshikuzu-terepasu	星屑テレパス	カコベン	大熊らすこ	2020	9784832272057
ibaraki-tte-dokoni-arundesuka	茨城ってどこにあるんですか?	都波みなと	真枝アキ	2020	9784832258143
ichiya-kagiri-no-zetsurin-kareshi	一夜限りの絶倫彼氏	かずいち	青井レミ	2020	9784907203986
ichizu-bitch-chan	一途ビッチちゃん	斎創	色のん	2020	9784040644370
igyou-esuteteikku	異形ヱステティック	上杉響士郎	鈍色家電	2020	9784040646848
ihatov-no-futari-no-sensei	イーハトーヴのふたりの先生	ワタヌキヒロヤ	山口　八三	2020	9784040645131
ikeda-kun	イケ田くん	小川錦	渥美 駿	2020	9784098501830
im-a-greaver	アイムアグリーバー!	久松エイト	ひさまつえいと	2020	9784866970141
imouto-wa-shiiaiee	妹はCIA	生方めぐみ	むうりあん	2020	9784098502455
inochi-mijikashi-yoiseyo-otome	いのち短し善せよ乙女	村里つむぎ	土管	2020	9784832272231
inu-ni-nattara-suki-na-hito-ni-hirowareta	犬になったら好きな人に拾われた。	いつつせ	古川 五勢	2020	9784065214930
isekai-de-item-corrector	異世界でアイテムコレクター	KuhnAndy / るぅ1mm	今泉　サルチェンコ / 時野　洋輔 / 冬馬　来彩	2020	9784040646060
isekai-ni-otosareta-jouka-wa-kihon-attomaaku-comic	異世界に落とされた…浄化は基本!@COMIC	槙島ギン / ほのぼのる500	中島鯛	2020	9784866990514
isekai-teni-jiraitsuki	異世界転移、地雷付き。	柴崎しょうじ / あし	レルシー / いつきみずほ / 猫猫　猫	2020	9784041092248
jiken-wa-skirt-no-naka-de	事件はスカートの中で	カエデミノル	ずみ子	2020	9784065206799
joou-denka-wa-oikari-no-youdesu	王女殿下はお怒りのようです	植田真太郎	四つ葉ねこ / 八ツ橋皓	2020	9784865546163
joshiryoku-takamena-shishihara-kun	女子力高めな獅子原くん	言炎	相舞 みー	2020	9784758035255
juujika-no-rokunin	十字架のろくにん	前屋進	中武 士竜	2020	9784065201220
juujin-kishi-no-keiai	獣人騎士の敬愛	朝谷コトリ	米子	2020	9784892124174
kaettekita-kita-misuteriasu-kaiketsubu	帰ってきた!ミステリアス解決部	庭猫もる	朔坂　みん	2020	9784041096468
kagekui	影喰	田村純兵	蒼井 たまご	2020	9784107722454
kaibutsu-maid-no-karei-naru-oshigoto	怪物メイドの華麗なるお仕事	紅城蒼	田辺　ゆがた	2020	9784041098936
kaijuuzamurai	怪獣侍	舞嶋大	木村 風太	2020	9784091431806
kanchigai-no-atelier-maisutaa	勘違いの工房主(アトリエマイスター)	KuhnAndy / パクゴヌン	古川奈春 / 時野洋輔	2020	9784434281372
kareshi-ga-iru-noni	カレシがいるのに	柚木N'	柚木N’	2020	9784253140867
katakoi-kekkon	片恋結婚	イヌヅカヒロ	おおひらしるす	2020	9784821139996
kikanshita-yuusha-no-gojitsu-tan	帰還した勇者の後日譚	音埜クルミ / しめさば	月夜乃古狸 / 吉沢メガネ	2020	9784757567221
kimi-ni-tsumugu-bouhaku	君に紡ぐ傍白	なむる。	矢坂しゅう	2020	9784801971011
kimi-no-sumire	きみの春花	えむだ	有馬 嵐	2020	9784866573977
kimi-no-uso-sura-aishiteru	君の嘘すら愛してる	徳之ゆいか	如月あい	2020	9784866970684
kimi-to-koishite-afogaato	君と恋してアフォガート	さとる	要まりこ	2020	9784774731988
kimono-chan-to-lolita-chan	着物ちゃんとロリータちゃん	森長あやみ	岡野く仔	2020	9784860721817
kindan-shitei-de-break-through	禁断師弟でブレイクスルー	貞清カズヒコ / 瀬戸メグル	えとうヨナ / アニッキーブラッザー / 竜徹	2020	9784803014433
kinsei-no-riveeru	金星のリヴェール	由村	沼地　どろまる	2020	9784049134285
kinyoubi-wa-atelier-de	金曜日はアトリエで	石田総司	浜田　咲良	2020	9784047361010
kioku-no-kaibutsu	記憶の怪物	望月うた	MAE	2020	9784801969582
kisu-to-zettai-sekai-seifuku	キスと絶対世界征服	いつこ	さゆこ	2020	9784049132878
kiyoku-tadashiku-fushidarani	清く正しくふしだらに	中村朝	三雲ジョージ	2020	9784757569584
koe-ga-dasenai-shoujo-wa-kanojo-ga-yasashisugiru-to-omotte-iru	声がだせない少女は「彼女が優しすぎる」と思っている	おひたし熱郎	矢村いち	2020	9784253229517
koibito-wa-oni-no-hime	コイビトは鬼の姫	秦槙吾	佐保	2020	9784801968523
kokuryuu-sama-no-minarai-hanayome	黒龍さまの見習い花嫁	アトリエ・セントー	三月ゆか	2020	9784861769788
kono-healer-mendokusai	このヒーラー、めんどくさい	ましろ	丹念に発酵	2020	9784040641652
kubo-san-wa-mob-o-yurusanai	久保さんは僕(モブ)を許さない	荒井小豆	雪森 寧々	2020	9784088914763
kurogyaru-ni-natta-kara-shinyuu-to-yatte-mita	黒ギャルになったから親友とヤってみた。	星た	織島ユポポ	2020	9784434274329
kusushi-no-hakushaku-reijou-wa-densetsu-no-koryuu-ni-aisareru	薬師の伯爵令嬢は伝説の仔竜に愛される	雨川水海 / 時雨さよ	Luna.M / みずつき / ひづき　みや	2020	9784047363939
kyabajou-to-himoneko	キャバ嬢とヒモ猫	ミツル	一式アキラ	2020	9784832258006
kyojinzoku-no-hanayome	巨人族の花嫁	低橋	ITKZ	2020	9784434268403
level-1-no-saikyou-kenja	レベル1の最強賢者	かなめもにか / 木塚麻弥	かん奈	2020	9784891996475
love-gurimowaaru	恋愛グリモワール	吉山航平	いぬやまりこ	2020	9784757568976
love-score	ラブスコア	LEN〈A7〉	LEN［A-7］	2020	9784065209110
lover-santa-claus	Lover Santa Claus	青山アルト	九重シャム	2020	9784344845930
lv-1-maou-to-room-yuusha	Lv 1魔王とワンルーム勇者	まえじま	toufu	2020	9784832237216
mabataki-yori-hayaku	瞬きより迅く!!	ふなつ一輝	ふなつ かずき	2020	9784088915852
mai-chan-no-onee-san-shiiku-gohan	舞ちゃんのお姉さん飼育ごはん。	北野はるた	秋津貴央	2020	9784801969933
majo-no-i	魔女の胃	上野りゅうじん	KARAS押形	2020	9784799749289
majo-o-mamoru	魔女をまもる。	槙えびし	槇えびし	2020	9784022143020
makai-no-shuyaku-wa-wareware-da	魔界の主役は我々だ!	家田明歩	津田沼篤 / 西修 / コネシマ	2020	9784253222686
maki-kun-wa-moteru-kedo-koi-ga-heta	巻くんはモテるけど恋がヘタ	半次	深澤ねじ	2020	9784799749272
maku-ga-oritara-bokura-wa-tsugai	幕が下りたら僕らは番	平安ジロー	ざらめ鮫	2020	9784801969506
mamanaranu	魔々ならぬ	衣田ぬぬ	ゆーき	2020	9784049131741
marvel-super-heroes-secret-wars	マーベルスーパーヒーローズ:シークレット・ウォーズ	音埜クルミ	ジム・シューター	2020	9784864914802
mask-otoko-wa-koishitakunainoni	マスク男子は恋したくないのに	鮫類	参号ミツル	2020	9784799747353
meiji-rabu-shop	明治ラブショップ	藏丸竜彦	蓮城 はに	2020	9784758021401
metcha-shoukansareta-ken-the-comic	めっちゃ召喚された件the comic	シチ	六甲島カモメ / さいとうさ	2020	9784800010315
metsubou-sekai-de-aku-no-kagakusha-to-ai-o-hagukumanaito-ikenai-youdesu	滅亡世界で悪の科学者と愛を育まないといけないようです	鶏尾	磐秋　ハル	2020	9784040642932
midori-no-basho	ミドリノバショ	明治みちる	岡 Q	2020	9784098502219
mimiyori-gohan	耳よりごはん♪	ジョポジョリン	さかき しん	2020	9784785967918
mizutamari-ni-ukabu-shima	水溜まりに浮かぶ島	三部敬	三部 けい	2020	9784065188583
moimoi-suisui	もいもいスイスイ	みいみつき	しでん	2020	9784049132311
motto-naka-made-aishite-ageru	もっとナカまで愛してあげる	まつだいお	星乃みなみ	2020	9784801971028
munou-no-taka	無能の鷹	吉本祐樹	はんざき 朝未	2020	9784065192306
murazukuri-game-no-npc-ga-namami-no-ningen-to-shika-omoenai	村づくりゲームのNPCが生身の人間としか思えない	茶柱一号	森田　和彦 / 昼熊 / 海鼠	2020	9784041093511
naisho-no-yoshuu	ないしょの予習	奥田薫	森井 暁正	2020	9784537143140
naiteru-kimi-ga-1-ban-daisuki	泣いてる君が1番大好き	あまね水咲	ともち	2020	9784846210120
nameraretakunai-namekawa-san	ナメられたくないナメカワさん	小手万里	阿東 里枝	2020	9784758021548
nanami-minami-wa-kagayakitai	七海みなみは輝きたい	上機しほ	屋久 ユウキ / 吉田 ばな / フライ	2020	9784091576187
natsume-no-sekai-ikai-taimaden	棗のセカイ-異界退魔伝-	若宮弘明	若宮 ひろあき	2020	9784065207352
neko-de-yokereba	ねこでよければ	安房さとる	やまもと りえ	2020	9784834285048
neko-no-kiku-chan	猫の菊ちゃん	ぼのこ	湊文	2020	9784047360846
neko-no-youna-nanika	猫のようなナニカ	栗之丸源	アヅミ　イノリ	2020	9784040643939
neko-o-hirotta-hanashi	猫を拾った話。	本多八十二	寺田 亜太朗	2020	9784065189924
neko-to-chiyo	ねことちよ	伊月一	せらみっく	2020	9784832271913
nichijou-no-fuchi	日常の淵	楠勝平	ササキバラ ゴウ	2020	9784480436733
nijisanji-sanba-kaani-baru	にじさんじさんばかーにばる	カツヲ / いちから株式会社	221 / にじさんじ	2020	9784199507243
nitou-to-tazuka-no-nichijou	仁藤と田塚の日常	あおいゆみ	砂糖と塩	2020	9784046800626
non-chan-to-akari	のんちゃんとアカリ	さかめがね	日日ねるこ	2020	9784864687386
ohime-sama-no-ohime-sama	お姫様のお姫様	山崎将	ホマレ	2020	9784253229715
ol-san-to-neko-no-hanashi	OLさんと猫のはなし	吉岡榊	嵩乃朔	2020	9784049130607
omawari-san-to-akujo-chan	おまわりさんと悪女ちゃん	猿和香ちみ	まどろみ太郎	2020	9784801971035
onegai-sonna-ni-kamanaide	お願い、そんなに噛まないで	鮫類	参号ミツル	2020	9784846210113
onnanoko-ga-daicha-dame-desuka	女の子が抱いちゃダメですか?	今井ささる	ねじがなめた	2020	9784098502400
onnatarashi-na-oji-san-ga-honki-ni-nattara	女たらしなオジサンが本気になったら。	竹若トモハル	南志都	2020	9784815590048
ookami-to-shugaaresu	狼とシュガーレス	ながやま由貴	藤原 えみ	2020	9784098712144
ookisugite-kare-no-are-ga-sakitcho-shika-hairimasen	大きすぎて、 (彼のアレが) 先っちょしか入りません!	さとる	藤原江奈	2020	9784821139989
ore-no-joushi-ga-elite-nanoni-hetare-kawaii	俺の上司がエリートなのにヘタレかわいい	秋久テオ	白崎 ナベ	2020	9784866573540
ore-o-tatasete-miroyo	俺を、たたせてみろよ	加奈	嶋永のの	2020	9784909699244
ore-sama-shachou-to-yuuwaku-trap-sakusen	俺様社長と誘惑☆トラップ作戦	能迅なのと	高山ねむ子 / ノウジン・ナノト	2020	9784596413147
oshi-ga-kounin-stalker-ni-narimashita	推しが公認ストーカーになりました	津島つしま	瀬尾みいのすけ	2020	9784801968844
oshite-dame-nara-oshite-miro	押して駄目なら押してみろ!	高妍	廣瀬　アユム	2020	9784049131598
otomege-tensou-ore-ga-heroine-de-kyuuseishu	乙女ゲー転送、俺がヒロインで救世主!?	夏川優希 / 天空宇宙流	武凪知 / 辻本ユウ	2020	9784757567481
otona-o-dame-ni-suru-kangoshi-kitano-san	大人をだめにする看護師北野さん	水野沙彰	ぜっきょ	2020	9784049129281
otoshigo-to-juusha-no-monogatari	落とし子と従者の物語	蛍幻飛鳥	水花ーsuika-	2020	9784434275432
paidon	ぱいどん	手塚治虫	「TEZUKA2020」プロジェクト	2020	9784065204993
papa-to-kyonyuu-jk-to-game-jikkyou	パパと巨乳JKとゲーム実況	かれい	糸吉　了一	2020	9784049130324
peanut-butter-sandwich	ピーナッツバターサンドウィッチ	拝田久	ミツコ	2020	9784065196212
perfect-scandal	パーフェクトスキャンダル	つわぶき杏	菊乃 杏	2020	9784098708031
piatto-unico	PIATTO UNICO	ふなつ一輝	ふなつ かずき	2020	9784088914909
ping-kong	PING KONG	望月帝	コミック・ジャクソン	2020	9784091297181
polarity-toumeiki	ポラリティ透明期	ぽこた	綾幡　フイヱ	2020	9784408415642
printernia-nippon	プリンタニア・ニッポン	鳶田ハジメ	迷子	2020	9784781619156
quattro-battery	クワトロバッテリー	武川慎	高嶋栄充	2020	9784253218917
raising-hell	レイジング・ヘル	空木哲生	荒木 光	2020	9784065181843
rakumei-majo-to-toki-o-kakeru-danna-sama-no-shinanai-konyakuin	落命魔女と時をかける旦那様の死なない婚約印	秦槙吾	あずや　ちとせ	2020	9784040643076
rin-chan-sansaara	りんちゃんさんさーら	おけいど	雅日野 琥珀	2020	9784065184929
risouteki-love-no-jouken	理想的恋愛の条件	どーるる	灰田 ナナコ	2020	9784758021692
rokujou-hitoma	六畳一魔	柏葉ぺす	鹿島初	2020	9784799213759
roriitameshi	ロリータ飯	森長あやみ	岡野く仔	2020	9784040647814
rukei-no-shima	流刑の島	桃田テツ	戯画オメガ	2020	9784434274527
rule-ihan-wa-asa-made-eichi	ルール違反は朝までH!?	あおいゆみ	rera	2020	9784909699251
saigo-no-isha-wa-ameagari-no-sora-ni-kimi-o-negau	最後の医者は雨上がりの空に君を願う	菅原竜 / 二宮敦人	すがはら竜	2020	9784866990767
saika-no-kami-wa-negawanai	災禍の神は願わない	雨水汐	尾羊 英	2020	9784758034791
saikopasu-kanojo-to-houkaisuru-boku-no-nichijou	サイコパス彼女と崩壊する僕の日常	うすいかつら / 吉山航平	Kfumi / HUILAMSI / ネーム構成:	2020	9784757569027
sakuma-kun-to-taki-kun-kekkon-suru-rashiiyo	佐久間くんと多喜くん、結婚するらしいよ	家田明歩	七緒	2020	9784434272875
samugari-ni-yuki	寒がりに雪	炊田鳩子	吉近イチ	2020	9784832237605
scars	Scars	おむたつ	たついこと	2020	9784757565838
sekai-wa-owattemo-ikiru-tte-tanoshii	世界は終わっても生きるって楽しい	植草美幸	鳥取砂丘	2020	9784865547481
sengoku-guriddoman	戦国グリッドマン	サブリック	SSSS.GRIDMAN / 田村ゆうき	2020	9784253229814
sensei-mou-damedesutsu	先生、もうダメですっ	真敷ひさめ	嘉島ちあき	2020	9784832291287
sex-delivery	セックス×デリバリー	倉田けい	瑛乃	2020	9784815501341
shabaou	娑婆王	今際之キワミ	暦	2020	9784253251624
shinsounoizu	シンソウノイズ	伊東フミ / DMM.com	海原望 / DMM　GAMES	2020	9784757564695
shiosai-no-majo	潮騒の魔女	上田アキ	もぐす	2020	9784758016810
shogun-ashikaga-yoshiaki	将軍足利義昭	國津武士	しまたけひと	2020	9784575854480
shouan-to-hibi	しょうあんと日々。	藤野もやむ	桑佳　あさ	2020	9784040657530
shoujotachi-no-kakusei	少女たちの覚醒	萩尾望都	恩田 陸	2020	9784480436788
shuryou-no-yumeka	狩猟のユメカ	竹村優作	古部 亮	2020	9784065201411
shuumatsu-sekai-no-hakoiri-musume	終末世界の箱入りムスメ	円井大地	みああわ	2020	9784800009944
sister-complex-2020	シスター・コンプレックス	ゆあま	Tam-U / えらんと / 草野　ほうき / ごくげつ / ZEN / 滝乃　大祐	2020	9784049130553
six	シックス	桃田テツ	照井にと	2020	9784866971193
sonic-the-hedgehog	ソニック・ザ・ヘッジホッグ	セガゲームス / 彩月つかさ / FlynnIan / Yardley!Tracy / HermsMatt / ItoLeonardo / ThomasAdam Bryce / LawrenceJack / ほのかあかり / StanleyEvan / HernandezJennifer / BreckleHeather / セガ (2020年) / WellsLamar / GrahamReggie / TramontanoPriscilla	イアン・フリン / ルビー・翔馬・ジェームズ	2020	9784909434715
sono-koi-wa-kare-o-mushibamu	その恋は彼を蝕む	蘇我捨恥	猫野まりこ	2020	9784832291195
soredemo-pen-wa-tomaranai	それでもペンは止まらない	鈴木ミニラ	熊田龍泉	2020	9784864687393
statement	ストメント	ポロロッカ	黒木 ろく	2020	9784098503308
suki-datta-gay-ga-hoka-no-josei-to-kekkon-shitemashita	好きだったゲイが他の女性と結婚してました	七瀬	さいとう林子	2020	9784865547542
suki-nanoni-karada-dake	好きなのにカラダだけ	温泉川ワブ	栗原はるな	2020	9784434267390
tada-shiawasena-isekai-kazoku-seikatsu-tenseishite-kondo-koso-shiawase-ni-kurashimasu	ただ幸せな異世界家族生活	君塚力 / 白石新	舞 / 水沢翔 / えいひ	2020	9784757569188
takada-kun-wa-hajimete-ga-osuki	鷹田くんはハジメテがお好き	飛世	冴月ゆと	2020	9784815590109
takane-no-hana-wa-chirasaretai	高嶺の花は、散らされたい	右京あやね	左京亜也	2020	9784403667220
takao-no-tengu-to-midori-no-heijitsu	高尾の天狗とミドリの平日	氷堂涼二	氷堂リョージ	2020	9784801969445
tamer-san-no-vuiaaruemuemuoo-ikusei-nisshi	テイマーさんのVRMMO育成日誌	上下 / 沢村治太郎	うえした / ジャジャ丸	2020	9784821139217
teal-blue-no-hairo	#ティールブルーの羽色	石川オレオ	河井あぽろ	2020	9784866970363
teiou-joushi-no-choukyou-sekkusu	帝王上司の調教セックス	松本ゆうか	空海リク	2020	9784864953450
teira-to-kera	ティラとケラ	高妍	市川　ヒロ	2020	9784049131529
tensei-shitara-butouha-reijou	転生したら武闘派令嬢!?	伊恵中二 / 八茶橋らっく	白瀬やや / きゃる	2020	9784575411607
tensei-shitara-ore-ga-heroine-de-aitsu-ga-yuusha-datta	転生したらオレがヒロインであいつが勇者だった	あかうめ	みずのもと	2020	9784865547290
tenshou-ero-elf-no-naka-no-hito-wa-29-sai-shojo-ol-desu	転生エロエルフの中の人は29歳処女OLです。	清水しの	蒼田カヤ	2020	9784864953894
the-boulder	ザ・ボルダー	あまみね	蜜浦 ミノル	2020	9784065195178
toaru-tenin-to-kyaku-no-hanashi	とある店員と客の話	えむだ	幸子	2020	9784757566156
tochigami-to-mura-de-ichiban-wakai-yome	土地神と、村で一番若い嫁	剛田ナギ	あらをか 青い	2020	9784758020633
tokaku-no-kyoudai	兎角ノ兄弟	アオキタクト	十束椿	2020	9784757568198
tokimeki-no-ikenie	ときめきのいけにえ	ひよどり祥子	うぐいす 祥子	2020	9784065200933
tonari-no-seki-ni-natta-bishoujo-ga-horesaseyou-to-karakatte-kuru-ga-itsu-no-ma-nika-kaeriuchi-ni	隣の席になった美少女が惚れさせようとからかってくるがいつの間にか返り討ちにしていた	あぐにゅん / サイとウマお	宮古蜂 / 荒三水	2020	9784575411560
toshishita-dekiai-tokidoki-ookami	年下、溺愛、ときどきオオカミ。	なもなき	蝶らら	2020	9784801970588
toshishita-kun-ga-asa-made-hanashite-kuremasentsu	年下くんが朝まで離してくれませんっ!	桜谷シュウ	岡田 衣代	2020	9784829650189
twins-sing	ツインズシング	うさとる	ゴリラスロウ	2020	9784823601101
uchi-no-obaa-chan-ga-motoyan-ni-nerawarete-imasu	うちのおばあちゃんが元ヤンに狙われています!	中島諒	星倉ハル	2020	9784865546330
uchi-no-otoutodomo-ga-sumimasen	うちの弟どもがすみません	尾崎あきら	オザキ アキラ	2020	9784088443461
unmei-no-hito-to-deaeru-koisuru-app	運命の人と出逢える恋するアプリ	背筋 / 月見だしお	結城　にこ / 弥生　万智	2020	9784040644936
unmei-o-shinjinai-kare-ga-iu-niwa	運命を信じない彼が言うには	オトクニ	おむ・ザ・ライス	2020	9784049132397
ura-aka-joshi	ウラアカジョシ	岩田れんたろう	七保志天十	2020	9784253300810
usotsuki-na-tetora	うそつきなテトラ	時雨さよ	ななのいち	2020	9784866970677
usotsuki-satsuki-wa-shi-ga-mieru	ウソツキ皐月は死が視える	ひいろろに	了子	2020	9784098503292
usotsuki-usotsuki	嘘月-ウソツキ-	井上知之	ミナミ	2020	9784098500321
vexation	ヴェクサシオン	明日乃隆	湯川義弘	2020	9784575854534
wafukuna-joushi-ga-itooshii	和服な上司がいとおしい	まえじま	原田繭	2020	9784832237209
wan-piisu-gakuen	ONE PIECE学園	搾精研究所 / 尾田栄一郎	小路 壮平	2020	9784088822730
wanko-soba-ni-iru	ワンコそばにいる	天野雀	路田行	2020	9784065184196
watashi-nande-wakarerarenai-ndarou	私、なんで別れられないんだろう	井上咲子	いのうえさきこ	2020	9784253107488
watashi-no-ani-wa-hito-o-ayamemashita	私の兄は人を殺めました	未散ソノオ	みずも	2020	9784867150412
watashi-no-oyome-kun	わたしのお嫁くん	細堀ゆかり	柴 なつみ	2020	9784065202692
watashitachi-5nin-5-mai-desu	わたしたち、5人姉妹です。	中島諒	泥川恵	2020	9784801969643
yakara-to-donkan	輩と鈍感	竹若トモハル	南 志都	2020	9784829650301
yamaguchi-kun-wa-warukunai	山口くんはワルくない	一本木尊	斉木 優	2020	9784065182413
yokohama-rokku	横浜ロック	熊谷祐樹	前田 治郎	2020	9784537142020
yome-no-manimani	嫁のまにまに	三木よう子	優風	2020	9784757565371
yoru-no-nightingale	夜のナイチンゲール♥	丸井シロ	羽浪由惚	2020	9784199507120
youkoso-ball-game-e	ようこそBALLGAMEへ!	丸本チンタ	田丸 鴇彦	2020	9784785967383
yume-no-hashibashi	夢の端々	藤峰式	須藤佑実	2020	9784396768027
yume-no-tadaji-o-koimadou	夢の直路を恋惑ふ	紺津名子	越田　うめ	2020	9784047362024
yurizukushi-no-kyoushitsu-de	ゆりづくしの教室で	北野はるた	しーめ	2020	9784758021449
yuunagi-ni-mae-boku-no-ribbon	夕凪に舞え、僕のリボン	よした	黒川　裕美	2020	9784047361133
yuusha-ni-haibokushita-maou-sama-wa-kaerizaku-tameni-mamono-guild-o-tsukuru-koto-ni-shimashita	勇者に敗北した魔王様は返り咲くために魔物ギルドを作ることにしました。	ごんたくにど	とうろう	2020	9784107722782
yuutousei-ja-irarenai	優等生じゃいられない!	レノTS	有馬 レンジ	2020	9784098501496
zatsu-na-seikatsu	雑な生活	なか憲人	中　憲人	2020	9784047360785
zenbu-kimi-no-sei	ぜんぶきみの性	森島コン	浅月　のりと	2020	9784049133608
zonbidarake-no-kono-sekai-dewa-sekkusu-shinaito-ikinokorenai	ゾンビだらけのこの世界ではセックスしないと生き残れない	大沢ういち	実倉 なる	2020	9784785967055
3-3ji-amemiya-kyouju-no-ocha-no-jikan	午後3時雨宮教授のお茶の時間	海月れおな	鷹野 久	2019	9784107722355
33-sai-kiyoraka-fujoshi-ga-toshishita-otoko-to-asagaeri	33歳清らか腐女子が年下男子と朝帰り!?	大嶋まなぶ	蜂谷ナナオ	2019	9784434253997
a3-summer	A3! summer	井上佐藤	ムネヤマヨシミ / リベル・エンタテインメント	2019	9784758034142
aa-toka-uu-shika-ienai	あーとかうーしか言えない	藤沢里菜	近藤 笑真	2019	9784091291035
adam-no-rokkotsu	アダムの肋骨	佐藤千鳥	みちのくアタミ	2019	9784813032281
ai-like-haiku	あいらいく俳句	みなりふうりん	骨抜きチキン	2019	9784832271425
ai-o-katarunara-hisoyakani	愛を語るなら密やかに	オトクニ	おむ・ザ・ライス	2019	9784799743201
aka-no-gurimoa	赫のグリモア	不破大輔	A-10	2019	9784065138816
akinashi-san-ni-norowarerutsu	春夏冬さんに呪われるっ!?	白梅ナズナ	三ノ咲 コノリ	2019	9784065142127
anata-de-fukuramu-watashi-no-peshanko	あなたでふくらむ、私のぺしゃんこ。	金森ケイタ	滝沢リネン	2019	9784434261770
anata-no-tame-nara-nannidemo	あなたのためなら女(なん)にでも	辻恵	つごもり	2019	9784040642017
aniizu-pantsuaa	アニーズ・ぱんつぁー	片山誠	かたやま まこと	2019	9784537139112
arafoo-kenja-no-isekai-seikatsu-nikki	アラフォー賢者の異世界生活日記	西野リュウ	寿安清 / 招来	2019	9784757560420
arima-kun-wa-mahoutsukai	蟻魔君は魔法使い	的場りょう	伝子れんぢ	2019	9784040654713
art-gangsta	アートギャングスタ	時田	齊藤 真聖	2019	9784785963675
asaha-furu	朝羽振る	佐藤カケル	泡沫	2019	9784909767943
ashigei-shoujo-komura-san	足芸少女こむらさん	藤野晴海	灰刃ねむみ	2019	9784253207881
asu-watashi-wa-dareka-no-kanojo	明日、私は誰かのカノジョ	高成利季	をの ひなお	2019	9784091294944
baiyakuzumi-no-megami-sama	売約済みの女神さま	昼間行燈	蛇足せんたろう	2019	9784801966741
banken-honey	番犬ハニー	八街潤	如月 ゆきの	2019	9784098704958
bengoshi-to-17-sai	弁護士と17歳	茨芽ヒサ	小野 アンビ	2019	9784065179772
black-clover-esudii-asuta-kun-mahoutei-e-no-michi	ブラッククローバーSDアスタくん魔法帝への道	関井シモン / 田畠裕基	小林 拙太	2019	9784088817057
black-clover-gaiden-quartet-knights	ブラッククローバー外伝カルテットナイツ	田代弓矢 / 田畠裕基	田代 弓也	2019	9784088817095
black-kigyou-no-shine-ga-neko-ni-natte-jinsei-ga-kawatta-hanashi-mofuta-kun-no-baai	ブラック企業の社員が猫になって人生が変わった話〈モフ田くんの場合〉	おおがきなこ	清水　めりぃ	2019	9784040654461
blaze-soo-edge	ブレイズ・ソー・エッジ	芋畑サリー	吐兎 モノロブ	2019	9784785964276
boisura	ボイスラ!!	金子彰史	Octo	2019	9784065155424
bokura-no-issen	ぼくらの一線	紺野なをこ	鴈方ひのの	2019	9784865895735
bougyoryoku-zero-no-yome	防御力ゼロの嫁	沢田竜治	矢野トシノリ	2019	9784758068017
cinnamon	シナモン	吉岡榊	嵩乃朔 / 香川悠作 / 川井マコト / 結うき。 / 寝路 / 天乃　咲哉	2019	9784049124446
cole-de-platon	エコール・ド・プラトーン	三原しらゆき	永美太郎	2019	9784845860111
cosplay-jimiko-to-kameko-kachou	コスプレ地味子とカメコ課長	久川はる	橙夏りり	2019	9784832257719
crows-kaizokuban	クローズ海賊版	秋田書店	高橋ヒロシ	2019	9784253132053
crows-zero-reboot	クローズZEROリブート	髙橋ヒロシ	高橋ヒロシ / 平良ケンジ	2019	9784253253512
darkartsmaster	DarkArtsMaster	星河蟹	神原　絵理華	2019	9784049128277
dekisokonai-no-himegimi-tachi	できそこないの姫君たち	柴もなか	アジイチ	2019	9784801964709
deokure-tamer-no-sonohigurashi	出遅れテイマーのその日暮らし	空飛ぶひよこ / 城宮えす	タチバナ / 棚架　ユウ / Nardack	2019	9784040655239
doutei-zetsumetsu-rettou	童貞絶滅列島	川﨑順平	川崎 順平	2019	9784065171448
edo-jou-saiken	江戸城再建	猿渡かざみ	黒川 清作 / 三浦 正幸	2019	9784098604562
eegekai-o-wataru-hanatachi	エーゲ海を渡る花たち	三原しらゆき	日之下あかめ	2019	9784866750477
eishashitsu-no-wakaba-san	映写室のわかばさん	風越洞	青山克己 / 神田川あゆ	2019	9784800008589
ekusupurooraazu-6	エクスプローラーズ6	丸本チンタ	田丸 鴇彦	2019	9784785964450
fudanshi-bartender-no-tashinami	腐男子バーテンダーの嗜み	閏月戈	なる粉	2019	9784758034234
futsugyou	払暁	鈴ノ助	明野たわ / 戌島百花	2019	9784575410570
gashi-tensei	餓死転生	上機しほ / 池崎数也	麻日隆	2019	9784864728782
gei-fuuzoku-no-mochigi-san	ゲイ風俗のもちぎさん	ごじょうふみえ	もちぎ	2019	9784047357426
gekkousha-boorei-ki-tan	月光社ボーレイ奇譚	めぇ田のん	川端新	2019	9784253264419
genji-monogatari-ai-to-tsumi-to	源氏物語～愛と罪と～	朝吹まり	森猫 まりり	2019	9784098704767
girls-und-panzer-saishuushou-keizoku-koukou-harapeko-shokujidou	ガールズ&パンツァー最終章継続高校はらぺこ食事道	あしもと・よいか	あしもと☆よいか	2019	9784049124972
gyakuhaa-mousou-konfuyuujon	逆ハー妄想コンフュージョン	ヨコイエミ	司馬かなん	2019	9784861237928
hadakaikkan-tsuzui-san	裸一貫!つづ井さん	内野こめこ	つづ井	2019	9784163910932
hai-spec-dayo-iona-chan	ハイスペックだよ!イオナちゃん	九品そういん	星野 蒼一朗 / 新木 伸 / 森沢 晴行	2019	9784088911502
haikyo-no-meshi	廃墟のメシ	北大路みみ	ムジハ	2019	9784434259418
haikyuubu	ハイキュー部!!	京橋こより	宮島 京平	2019	9784088821573
hametsu-no-oukoku	はめつのおうこく	和泉カズマ	yoruhashi	2019	9784800009012
hanikami-o-toke	はにかみを解け	藤本桜	桂馬びんぞこ	2019	9784799742563
haraguro-ouji-ni-himitsu-o-nigiraremashita	腹黒王子に秘密を握られました	本橋雄一	北見明子 / きたみまゆ	2019	9784813760146
hasegawa-kunnoga-ookiku-te-iri-masen	長谷川くんのが大きくて入りません!?	花岡美莉	さんかく	2019	9784864952668
hate-no-shoutsuushin	果ての星通信	楢島さち	メノタ	2019	9784391153330
hatsukoi-gossip	初恋ゴシップ	金森ケイタ	モト	2019	9784434261794
hatsukoi-ni-tokeru-yukimoyou	初恋に溶ける雪模様	美和	いもはた	2019	9784866252124
hayami-shachou-sono-kiss-no-wake-o-oshiete	速水社長、そのキスの理由(わけ)を教えて	勝川ユミ / 藤本正二	シラカワイチ / 紅カオル	2019	9784813760269
heisha-no-joushi-wa-motoyuusha	弊社の上司は元勇者	小手万里	次見やをら	2019	9784040642284
herscherik-tensei-ouji-no-eiyuu-tan	ハーシェリク転生王子の英雄譚	鈴紀オズク	北国良人 / 楠のびる	2019	9784575410532
hi-izuru-tokoro-no-sunakku	日出処のスナック	みずの雪見	山元玲奈	2019	9784396791384
hirasaka-hinako-ga-ero-kawaii-koto-o-ore-dake-ga-shitte-iru	比羅坂日菜子がエロかわいいことを俺だけが知っている。	白松	紺矢　ユキオ	2019	9784049128680
hizamazukinayo-joou-sama	ひざまずきなよ、女王様	honeybee+	千葉　たゆり	2019	9784047357006
hokenshitsu-no-wotaku-onee-san-wa-suki-desuka	保健室のおたくおねえさんは好きですか?	めぇ田のん	川端 新	2019	9784098603411
honya-no-kotoha-hanbunko	本屋のコトハ半分こ	よつばますみ	よつば◎ますみ。	2019	9784537139808
hoshigaru-anata-ni-nuretewa-ikenai	欲しがるあなたに、濡れてはいけない	やまち	吉田にん	2019	9784801965782
hoshino-doubutsuen-koi-monogatari	ほしの動物園恋物語	澄谷ゼニコ	小山	2019	9784796412476
houkago-strip	放課後すとりっぷ	電柱棒	若鶏にこみ	2019	9784832270558
housekishou-no-shinjin	宝石省の新人	赤澤正之	まりむぅ	2019	9784049128635
hush-hush	Hush Hush	マッハダイ	ROJER	2019	9784040658742
hypnosis-mic-before-the-battle-the-dirty-dawg	ヒプノシスマイク-before the battle-the dirty dawg	百瀬祐一郎	EVIL LINE RECORDS / 鴉月 ルイ	2019	9784065161234
ichijouma-mankitsu-gurashi	一畳間まんきつ暮らし!	街こまち	ひさまくまこ	2019	9784832271395
idol-no-ane-ga-shinimashita	アイドルの姉が死にました	永遠幸	エトオミユキ	2019	9784757559547
ihou-no-oswald	異邦のオズワルド	黒崎なおき	おかざきさと乃	2019	9784801964914
ijime-no-jikan	イジメの時間	松尾あき	くにろう	2019	9784575853636
inaka-ni-kaeru-to-yakeni-natsuita-kasshoku-ponytail-shota-ga-iru	田舎に帰るとやけになついた褐色ポニテショタがいる	由葵るゆ	びみ太	2019	9784040655963
isekai-ni-tensei-shitara-zenra-ni-sareta	異世界に転生したら全裸にされた	あしもと・よいか	狐谷まどか / あしもと☆よいか	2019	9784801964761
isekai-shuukyou-e-youkoso	異世界宗教へようこそ!	saku漫画家	咲竹　ちひろ	2019	9784040641430
isekai-tensei-no-boukensha	異世界転生の冒険者	三日月シズカ	ケンイチ / しばの番茶	2019	9784800008312
ishuzoku-joshi-ni-marumaru-suru-hanashi	異種族女子に○○する話	小林こー	すいみん	2019	9784040640181
itsumo-tsukiyo-ni-kome-no-meshi	いつも月夜に米の飯	HEAD研究会 / 須王あや	小森 江莉	2019	9784065141427
izumisanchi-nofukufuku-kazoku	泉さんちの福福家族	岡エリ	泉福朗	2019	9784757563995
jaa-kimi-no-kawari-ni-korosouka	じゃあ、君の代わりに殺そうか?	月並甲介 / 蔵人健吾	蔵人幸明 / 榊原宗々	2019	9784253149389
jadou-sniper	蛇道スナイパー	春名ひろ	梶井祐	2019	9784592164111
jidou-hanbaiki-no-mae-de	自動販売機の前で、	桂タマミ	斉藤ヒュウ	2019	9784757562585
jiko-bukken-no-yuurei-chan	事故物件の幽霊ちゃん	神林イチトラ	三倉　ゆめ	2019	9784047357099
jitsuroku-hoikushi-deko-sensei	実録保育士でこ先生	ネコクロ	でこぽん吾郎	2019	9784046043146
juujin-san-to-ohana-chan	獣人さんとお花ちゃん	冬坂ころも	柚樹ちひろ	2019	9784773072112
kaibutsu-shoujo-wa-hatsukoi-no-yume-o-miruka	怪物少女は初恋の夢を見るか?	坂本遊也	在間 りしん	2019	9784088821344
kaijuu-rettou-shoujotai	怪獣列島少女隊	春日晃	優輝 光太朗	2019	9784107722041
kaikou-ichiban	開口一番!	東ぺちこ	町田 翠	2019	9784098603572
kainis-no-kin-no-tori	カイニスの金の鳥	ヨシサト	秦和生	2019	9784781618180
karesen-joshikousei-to-tokikake-oji-san	枯れ専女子高生と時かけおじさん	オカカ	ももたん	2019	9784047358492
karoojiero-no-enogu	カロージェロの絵の具	尾方富生	雪アサラ	2019	9784434266263
kawahara-kachou-to-gal-buka-chan	河原課長とギャル部下ちゃん	折紙ちよこ	おりがみちよこ	2019	9784832257641
kawaii-boku-no-mia	可愛い僕のミア	夏木美香	tsugumi	2019	9784821138326
kihei-senki	キヘイ戰記	金城宗幸	原田 ケンタロー	2019	9784065142271
killing-stalking	キリング・ストーキング	村田天	クギ	2019	9784866572802
kimi-no-nadekata-shitsukekata	キミの撫で方躾け方	長岡太一	かさいちあき	2019	9784796413404
kinirobachi-ni-mitsu	金色蜂に蜜	こん炉	キタハラリイ	2019	9784813032465
kinjo-no-nanako-san	近所のななこさん	佐々木陽子	米白粕	2019	9784040656458
kireppuru-no-nichijou	キレップルの日常	陽村空葉	くろたま	2019	9784040640419
kirinji-gate	キリンジゲート	ウヒョ助	塚脇永久	2019	9784801966000
koko-hore-boketsu-chan	ここほれ墓穴ちゃん	みきぽん	きたむら　ましゅう	2019	9784049123777
kokuhaku-wa-yume-no-naka-de	告白は夢の中で…	出樹	梅子	2019	9784776749356
komatta-jii-san	困ったじいさん	大江慎一郎	大江　しんいちろう	2019	9784047358249
konbini-de-kimi-to-no-5funkan	コンビニで君との5分間。	流悦子	一永のぞみ	2019	9784757563582
konya-mo-damasare-honey	今夜も騙されハニー	堀江要戸	たむら 紗知	2019	9784098706099
kore-dakara-geemuzukuri-wa-yamerarenai	これだからゲーム作りはやめられない!	芋畑サリー	たかし♂	2019	9784757561298
koroshiya-datte-mimamoritai	殺し屋だって見守りたい	遊痴庵	隈浪さえ	2019	9784757562738
kouryuu-hengen	虹龍変現!!	厦門潤	あもい　潤	2019	9784041087985
kouya-ni-kemuru-wa-shi-no-kaori	荒野に煙るは死の香り	閏月戈	ザキコ / 牧野圭祐	2019	9784758034319
kurasugoto-shuudan-teni-shimashita-ga-ichiban-tsuyoi-ore-wa-saijaku-no-shounin-ni-gisouchuu-desu	クラスごと集団転移しましたが、一番強い俺は最弱の商人に偽装中です。	ヨシモト	荒井空真 / かわち乃梵天丸	2019	9784575410518
kuzu-inou-saamo-opereetaa-no-ore-ga-musou-suru-made	クズ異能温度を変える者(サーモオペレーター)の俺が無双するまで	中原都 / 熊坂出	彩藤 なお / 鍋敷 / 荻pote	2019	9784391153903
kyokutou-jihen	極東事変	杷木あもね	大上明久利	2019	9784047356283
kyomu-no-higan	キョムノヒガン	お文具	オズノ らいおん	2019	9784065147726
kyoto-sasupensu-meitantei-kyasarin-no-file-ando-mystery-best-comic	京都サスペンス名探偵キャサリンの事件簿&ミステリーベストコミック	浦川まさる / 内村月子 / 森山玉枝 / 瀬畑純 / 桜井まり子 / 浦川佳弥 / 時友美如 / 山村美紗	山村美沙	2019	9784253248969
kyou-wa-ochawan-futaribun	今日はお茶碗ふたりぶん	あまね水咲	ともち	2019	9784344844919
kyuu-nana-hachi-yon	キューナナハチヨン	田川ミ	ヤマモト マナブ	2019	9784785965303
kyuuketsuki-to-bara-shoujo	吸血鬼と薔薇少女	卓美涼	朝香 のりこ	2019	9784088675503
late-bloomer	レイトブルーマー	冨月一乃	玉屋一心	2019	9784434257612
lost-stars	STAR WARS/ロスト・スターズ	白梅ナズナ	小宮山優作 / Claudia Gray / ルーカスフィルム	2019	9784909767486
maboroshi-matane	まぼろしまたね	秋山シノ	糸なつみ	2019	9784575853537
maid-san-no-shitagi-wa-tokubetsu-desu	メイドさんの下着は特別です。	電柱棒	みらくるる	2019	9784832270657
manga-men	マンガ麺	石黒正数 / 板垣巴留 / 上機しほ	峰なゆか / シモダアサミ / 北駒生	2019	9784199805899
mari-wa-happy-end-de-onegai-shimasu	マリはハッピーエンドでお願いします	夢木みつる	晴海ひつじ	2019	9784592220411
maria-no-sumu-ie	マリアの棲む家	鮪オーケストラ	ハセガワM	2019	9784047355729
midara-na-ao-chan-wa-benkyou-ga-dekinai-otonahen	淫らな青ちゃんは勉強ができないオトナ編	神田はるか	カワハラ 恋	2019	9784065157558
mitsuru-botsu-chan-wa-bocchi	光流坊ちゃんはぼっち	うみハル	綾瀬れつ	2019	9784757563247
mizumaho	みずまほ	生方めぐみ	むうりあん	2019	9784091288271
momo-oni	モモオニ!	真敷ひさめ	嘉島ちあき	2019	9784799741771
mononoke-soul-food	モノノケソウルフード	草水敏	神崎 タタミ	2019	9784065143612
mori-girl	銛ガール	塩胡蝶	岩国　ひろひと	2019	9784049124910
moshimo-ano-hi-ni-modoretara	もしもあの日に戻れたら	山本美希	本崎月子	2019	9784799744932
moto-kouzou-kaiseki-kenkyuusha-no-isekai-bouken-tan	元構造解析研究者の異世界冒険譚	ナッツ	犬社護 / 桐沢十三	2019	9784434258497
moto-yan-papa-to-hitsuji-sensei-yotsuba	元ヤンパパとヒツジ先生よつば	比村奇石	水稀たま	2019	9784040656151
moujuu-yakuza-to-doukyo-seikatsu	猛獣ヤクザと同居生活!?	鹿島こたる	庭鳥ヒナコ	2019	9784909699107
my-little-inferno	マイリトルインフェルノ	小林嵩人	朝田ねむい	2019	9784396784683
neko-manga	猫まんが	槇村さとる	マガジンハウス	2019	9784838753659
nekopan-nikki	猫パン日記	ヒゲの筆	ぬら次郎	2019	9784041090275
nido-tensei-shounen-wa-s-rank-boukensha-to-shite-heion-ni-sugosu	二度転生した少年はSランク冒険者として平穏に過ごす	舞嶋大 / がおう / GarneyRon	十一屋　翠 / イケシタ	2019	9784757563056
nise-kioku-soushitsu-no-hachiya-san	ニセ記憶喪失の蜂夜さん	園太デイ	植杉光	2019	9784758067980
nomu-nara-omaera-to-konna-toki	呑むならお前らとこんな時	小坂つん	ため	2019	9784049128741
nui-dara-zetsurin	脱いだら絶倫!?	加奈	嶋永のの	2019	9784864952699
ojou-sama-wa-oshioki-ga-suki	お嬢様はお仕置きが好き	酒井敦朗	もりなか もなか	2019	9784098703869
ojou-sama-wa-rabukome-no-shujinkou-ni-naritai	お嬢様はラブコメの主人公になりたい!	連城寺のあ	わたりさえ	2019	9784801967519
omoi-ga-omoi-omoi-san	おもいがおもいおもいさん	矢野稔貴	矢野としたか	2019	9784592163312
onii-chan-to-otona-no-omamagoto	お兄ちゃんと、大人のおままごと	園田俊樹	クロサワ / 立花もぐら	2019	9784821137732
ooyankii	オオヤンキー!!	千月さかき	蒼井 ひな太	2019	9784091294968
ore-ni-sosogareru-nante-arigataku-omoeyo	俺に注がれるなんてありがたく思えよ?	見田竜介	はながたみあや	2019	9784434266591
ore-wa-mada-honki-o-dashite-inai-dx	俺はまだ、本気を出していないDX	海産物 / 二宮カク	リキタケ / 三木なずな	2019	9784757563858
oshiete-burajaa-sensei	教えてブラジャー先生	ニクヤ乾	新矢歩世	2019	9784253253710
pink-royal	ピンクロイヤル	天野雨乃	あまのあめの	2019	9784814801701
princess-okaa-san	プリンセスお母さん	風街いと	並庭　マチコ	2019	9784040641041
raise-o-chikatte-tenseishitara-taihenna-kotoni-natta	来世を誓って転生したら大変なことになった	城キイコ	∞谷鳩	2019	9784758034432
ramen-ookami-to-curry-tora	ラーメン狼とカレー虎	トナカイフサコ	エンボス	2019	9784865895377
reki-yomi	レキヨミ	もぁらす	柴田　康平	2019	9784047356184
rengoku-no-toshi	恋獄の都市	坂本遊也	俵 京平	2019	9784088821368
rinko-san-wa-shite-mitai	凛子さんはシてみたい	ホンマジュンコ	藤田みお	2019	9784865180831
robot-izonkei-joshi-no-meewaku-na-nichijou	ロボット依存系女子のメーワクな日常	蒼木アキ	川田 暁生	2019	9784065149003
romantic-killer	ロマンティック・キラー	百瀬渡	百世 渡	2019	9784088821641
s-x-mitsu-office	S×蜜オフィス	森田富士	モリフジ	2019	9784799743997
sabakan	さばかん!	久松エイト	櫛灘ゐるゑ	2019	9784896379471
sabiiro-no-armor	錆色のアーマ	碓井ツカサ	hagi / 「錆色のアーマ」プロジェクト	2019	9784040657028
saikoubi	さいこうび	大木戸いずみ	ななみね希	2019	9784909767738
sakeyo-hana-sake	咲けよ花咲け!	ハイソンヤギ	モリコロス	2019	9784801964945
salad-bowl	サラダボウル	七緒一綺	きぃやん	2019	9784758079280
satou-san-wa-pjk	佐藤さんはPJK	電柱棒	わらびもちきなこ	2019	9784832270527
satsujinhime-to-fushi-no-majutsushi	殺人姫と不死の魔術師	鶏尾	磐秋ハル	2019	9784800008619
scarlet	スカーレット	家田キリゼン	結野ちり	2019	9784758079129
sei-kun-wa-koi-o-wasureteru	星くんは恋を忘れてる	四宮和	甘里 シュガー	2019	9784065171417
seikatsu-majutsushitachi-dungeon-ni-idomu	生活魔術師達、ダンジョンに挑む	東西	川上ちまき / 丘野境界	2019	9784800293497
sekai-de-tada-hitori-no-mamonotsukai	世界でただ一人の魔物使い	兎月あい / 浦津ゆうじ	筧千里 / 堂島ノリオ	2019	9784757560925
sekai-neko-men-zukan	世界ねこメンずかん	石田リンネ	清水アイ	2019	9784800008886
sensei-ni-doushitehoshiika-ittegoran	先生にどうしてほしいか言ってごらん?	三咲	白弓サン	2019	9784776749660
shaba-no-futsuu-wa-muzukashii	シャバの「普通」は難しい	ポロロッカ	ばたこ / 中村　颯希 / 村　カルキ	2019	9784041080061
shachiku-to-gal-ga-irekawarimashite	社畜とギャルが入れ替わりまして	インド僧	多喜 れい	2019	9784065162217
shadows-house	シャドーハウス	青インク	ソウマトウ	2019	9784088911847
shanai-marriage-honey	社内マリッジハニー	ながやま由貴	藤原 えみ	2019	9784098703906
shigo-no-sekai-demo-shinu-made-hataraku-hanashi	死後の世界でも死ぬまで働く話	しおだまりん	山口えいと	2019	9784757559950
shinchoku-dou-desuka	進捗どうですか?	的場りょう	紺野ぱる / みやお	2019	9784040654652
shinde-kudasai-yuusha-desho	死んでください!勇者でしょ?	ささきさきÜ	リーフィ	2019	9784049124286
shinibitogatari	シニビトガタリ	鬼ノ仁	魅魑	2019	9784537139020
shinjin-adaruto-writer-no-chousa-houkoku	新人アダルトライターの調査報告	可児いとう	玄野さわ	2019	9784434257087
shinobu-koi-hodo	忍ぶ恋ほど	れん野	鶴来いちろ	2019	9784861237997
shinonome-tantei-ibunroku	東雲探偵異聞録	たらちねジョン	たらつみジョン	2019	9784863497528
shinu-toki-wa-mabayuku	死ぬときはまばゆく	カズキ	小鳥游ミズキ	2019	9784757559554
shiosai-no-bon	潮騒の凡	ウヒョ助	塚脇永久 / ナンジョウヨシミ	2019	9784253253611
shirayukihime-ni-kuchizuke	白雪姫にくちづけ	深緑野分	吉尾アキラ	2019	9784796413091
shirohebijou-ni-kisu-kudasai	白蛇嬢にキスください。	由村	よはち	2019	9784040658766
shishunki-koara-no-ichinichi	思春期コアラの一日	なか憲人	中憲人	2019	9784022142757
shizumare-vinsento	しずまれ!ヴィンセント	百井一途	かいれめく	2019	9784065148235
shojo-kara-hajimeru-kekkon-seikatsu	処女から始める結婚生活	冬坂ころも	柚樹ちひろ	2019	9784799744949
shotenin-makoto-no-ban-san	書店員まことの晩餐	ジョポジョリン	さかき しん	2019	9784785965495
shouni-geka-no-yuuka-sensei	小児外科のゆうか先生	赤澤正之	和乃　アヤ子	2019	9784040640815
siscon-onee-chan-to-kinishinai-imouto	シスコンお姉ちゃんと気にしない妹	的場りょう	桐灰　きねそ	2019	9784040654843
soukon-no-shoujo-to-sourei-no-tabi	送魂の少女と葬礼の旅	朝倉誠一	路那	2019	9784199805646
stalker-jokers	ストーカー浄化団	大石普人	オオガ ヒロミチ / オオイシ ヒロト	2019	9784065142585
subete-hai-ni-nattemo	すべて灰になっても	タケオキュージュウ / 辻森惺	鬼八頭かかし / 鮭no．マリネ	2019	9784757560734
suki-koso-momo-no-jouzunare	好きこそももの上手なれ!	紀ノ上晟一	楠元 とうか	2019	9784758083287
super-baby	スーパーベイビー	青木庸	丸顔めめ	2019	9784832236660
sweet-darling	すうぃーとダーリン	辰巳仁	山田パン	2019	9784775528792
tenka-hyakken-shun	天華百剣-瞬-	桂イチホ	多門　結之 / 天華百剣プロジェクト	2019	9784049121377
tensei-akujo-no-kurorekishi	転生悪女の黒歴史	まめちょろ	冬夏アキハル	2019	9784592211747
tokedase-mizore-chan	とけだせ!みぞれちゃん	酒井敦朗	足袋 はなお	2019	9784088817286
tokugawa-no-mashira	徳川の猿	昭時大紀	藤田かくじ	2019	9784575853780
tondemo-skill-de-isekai-hourou-meshi-sui-no-daibouken	とんでもスキルで異世界放浪メシ スイの大冒険	綿桐さや / ネコメヒコ	双葉もも / 江口連 / 雅	2019	9784865544442
toorigakari-ni-wan-point-adobaisu-shiteiku-type-no-yankee	通りがかりにワンポイントアドバイスしていくタイプのヤンキー	中村朝	おつじ	2019	9784757559981
tora-no-ko-ga-nanoni-semattekuru-hanashi	トラの子が♂なのに迫ってくる話	日本サぱ協会	吾笠花	2019	9784866572642
transformers-more-than-meets-the-eye	トランスフォーマー:モア・ザン・ミーツ・ジ・アイ	MilneAlex / 神山りお / RaizeJames	ジェームズ・ロバーツ / 小池　顕久	2019	9784864914543
tsukarekitta-onna-ga-shinuhodo-iyasareru-tame-ni	疲れきった女が死ぬほど癒やされるために。	しおだまりん	山口　えいと	2019	9784040640761
tsuki-to-suppin	月とすっぴん	メソポたみあ	アケガタ ユウ	2019	9784396791476
tsukipro-the-animation	Tsukipro the animation	直山	朝谷コトリ / ふじわら	2019	9784758034104
tsuma-shougakusei-ni-naru	妻、小学生になる。	花形怜	村田椰融	2019	9784832236714
tsutsumi-tainoshin-houchouroku	堤鯛之進包丁録	岡田屋鉄蔵	崗田屋愉一	2019	9784344845572
ukiyo-hatsukoi-emaki	浮世初恋絵巻	くろばR	ナガトカヨ	2019	9784776749554
unperfect-teacher	アンパーフェクト・ティーチャー	喧噪社	小夏うみれ	2019	9784799745533
uruwashi-biru-no-tokanai-tantei	美しビルの解かない探偵	グルッペン・フューラー	緒崎　カホ	2019	9784041088876
walking-cat	ウォーキング・キャット	彩月つかさ	北岡 朋	2019	9784575852745
watashi-no-kami-sama	私の神様	森永ミキ	夢野つくし	2019	9784757561540
watashi-no-kiraina-shachou	わたしのきらいな社長	真敷ひさめ	三浦ひらく	2019	9784776749110
wild-etchi-de-ishiki-tonjau	ワイルドえっちで意識トんじゃう!	みなもとまり	紺子ゆきめ	2019	9784396704025
wondance	ワンダンス	カトウハルアキ	珈琲	2019	9784065154830
worst-gaiden-guriko	WORST外伝グリコ	八目迷 / 髙橋ヒロシ	高橋ヒロシ / 鈴木リュータ	2019	9784253254311
you-are-my-religion	You are my religion	松山花子	九州男児	2019	9784775528556
youkai-izakaya-nonbereke	ようかい居酒屋のんべれケ。	赤城あさひと	nonco	2019	9784065166086
yubisaki-kara-honki-no-netsujou	指先から本気の熱情	秋月綾	川野タニシ	2019	9784434254307
yuusha-party-o-tsuihousareta-beast-tamer-tamer-no-neko-ji-shoujo-to-deau	勇者パーティーを追放されたビーストテイマー、最強種の猫耳少女と出会う	森永ミキ / 力水	深山鈴 / 茂村モト	2019	9784757561601
zettai-ni-tsukiattewa-ikenai-3b-otoko	絶対に付き合ってはいけない3B男子	藤田阿登	馬あぐり	2019	9784866750699
29-to-jk	29とJK	よぱん男爵	裕時悠示 / 加藤かきと	2018	9784757556218
3-inchi	3インチ	季生みなと	多口 はじめ	2018	9784091287298
5-g-b-faibu-jiinaa-brothers	5★G★B-ファイブ・ジーナー・ブラザーズ-	藤野もやむ	桑佳　あさ	2018	9784040651224
a-i-c-o-incarnation	A.I.C.O. Incarnation	にいさとる	道明 宏明 / BONES	2018	9784065110287
acro-trip	アクロトリップ	あんねこ	佐和田 米	2018	9784088674988
ai-rabu-taiwan-yataimeshi	アイラブ台湾屋台めし	沼田ぬしを	フジナミコナ	2018	9784781616964
ai-to-eros-no-nippon-kindai-bungakushi	愛とエロスの日本近代文学史	斎藤なずな	齋藤なずな	2018	9784814918317
ai-wa-kane-nari	愛は金なり	ゆきの漫画家	熊猫	2018	9784773071955
akane-sasu-sekai-de-kimi-to-utau	茜さすセカイでキミと詠う	はるこ	田中 文 / ジークレスト	2018	9784065112946
akechi	AKECHI	後藤正人 / 江戸川乱歩	イイヅカ ケイタ	2018	9784088911717
all-rush	オールラッシュ!	今井ささる	ねじが　なめた	2018	9784040653181
ankoku-kishidanchou-to-seishun-girl	暗黒騎士団長と青春ガール	神田哲也漫画家	りしん	2018	9784048936538
arafoo-shachiku-no-golem-master	アラフォー社畜のゴーレムマスター	吉沢メガネ	水無月十八 / 高見　梁川	2018	9784575410334
arukohooru-communication	アルコホール・コミュニケイション	たらちねジョン	たらつみ ジョン	2018	9784834264128
asayake-wa-koganeiro-idol-master	朝焼けは黄金色the idolm@ster	まな / バンダイナムコエンターテインメント / 髙橋龍也	BNEI / PROJECT　iM＠S / 高橋龍也	2018	9784758067089
ashita-no-jiroo	あしたのジロー	空木哲生	荒木　光 / 森高　夕次	2018	9784575851298
asper-kanojo	アスペル・カノジョ	冨山玖呂	萩本 創八 / 森田 蓮次	2018	9784065120347
ayaka-san-wa-dame-gitsune	あやかさんは駄メギツネ	まさきりょう	したらなな	2018	9784757558090
ayashi-kotogatari	怪しことがたり	イシコ漫画家	白鳥うしお	2018	9784800007971
bandai-kaname-wa-asobitai	万代かなめは遊びたい	高橋真弥	氷川翔	2018	9784866750309
basutabu-ni-notta-kyoudai	バスタブに乗った兄弟	桜井トシフミ	櫻井　稔文	2018	9784575852004
bimajo-no-ayano-san	美魔女の綾乃さん	しゅがーぺろぺろ	相原 瑛人	2018	9784065135716
boku-wa-kanawanu-koi-o-suru	僕は叶わぬ恋をする	森長あやみ	岡野　く仔	2018	9784575852134
boogiepop-wa-warawanai-vs-imaginator	ブギーポップは笑わないVSイマジネーター	オカカ	上遠野　浩平 / 越水　ナオキ / 緒方　剛志	2018	9784049122367
bougyaku-no-kokekkoo	暴虐のコケッコー	須﨑洋輔	須崎 洋輔	2018	9784065112120
boukensha-license-o-hakudatsusareta-otsu-san-dakedo-manamusume-ga-dekita-node-nonbiri-jinsei-o	冒険者ライセンスを剥奪されたおっさんだけど、愛娘ができたのでのんびり人生を謳歌する	空路恵	斧名田マニマニ / 唯浦史	2018	9784757559417
boushoku-no-beruseruku	暴食のベルセルク	御影獏	滝乃大祐 / 一色一凛	2018	9784896378221
busamen-gachi-fighter	ブサメンガチファイター	ながやま由貴	弘松涼 / 上月ヲサム	2018	9784757557031
children	チルドレン	因幡シホ	三浦みう	2018	9784757557536
choubu-no-shinobi	蝶撫の忍	横山旬	村田真哉 / 速水時貞	2018	9784757556041
crows-gaiden-housenka	クローズ外伝鳳仙花	髙橋ヒロシ	高橋ヒロシ / 齋藤周平	2018	9784253252768
crueler-than-dead	クルエラーザンデッド	藤山素心	佐伊村 司 / 高橋 構造	2018	9784537136951
desu-raba	デスラバ	百井一途	智弘 カイ / カズタカ	2018	9784065115909
devil-dezaiaazu	デビルデザイアーズ!!	椰子木虹	拓平	2018	9784040697079
dogeza-de-tanonde-mita	土下座で頼んでみた	ふなつ一輝	ふなつ　かずき	2018	9784040696928
fate-grand-order-comic-la-carte-plus	Fate/Grand OrderコミックアラカルトPLUS!	HenselerThomas	TYPE-MOON	2018	9784041077214
fechippuru	フェチップル	長月天音	るり原 ズラチー	2018	9784065141175
fenrir-nee-san-to-boku	フェンリル姉さんと僕	大家	阿崎桃子	2018	9784253228145
final-fantasy-brave-exvius-rikodoki	Final Fantasy Brave Exviusリコドキッ!	まつもと剛志	まつもと剛士	2018	9784757557994
garden-sphere	ガーデンスフィア	れもんえんど	紺野賢護	2018	9784757556584
geinoujin-no-kareshi	芸能人の彼氏	つわぶき杏	菊乃 杏 / 朝田 とも	2018	9784098702619
gekikara-ojou-sama-wa-jibun-o-basshitai	激辛お嬢さまは自分を罰したい	西巻拓馬	小菊路 よう	2018	9784065109564
goblin-slayer-gaiden	ゴブリンスレイヤー外伝	れもんえんど	蝸牛くも / 栄田健人	2018	9784757556539
gray-no-gureko-san-wa-oshi-ga-toutoi	グレイのグレ子さんは推しが尊い	まさみティー	伊藤りかばり	2018	9784088911755
guild-no-cheat-na-uketsukejou	ギルドのチートな受付嬢	三弥カズトモ	八月明久 / 夏にコタツ	2018	9784575410242
hakushaku-reijou-to-juusha-no-futekisetsu-na-kankei	伯爵令嬢と従者の不適切な関係	三日月シズカ	くせつきこ	2018	9784253272636
hana-matsu-ibara-meguru-haru	花待ついばらめぐる春	ユエミチタカ	スガワラ エスコ	2018	9784088911243
hana-o-meshimase	花を召しませ	瀬之たつね	シロヒト梨太	2018	9784344842168
hanafuri-yado-no-yadokari-otome	花降り宿のやどかり乙女	上原ひびき	大堀ユタカ	2018	9784832249165
hanbun-aoppoi	半分、青っぽい。	なかはら★ももた	なかはら・ももた	2018	9784594080358
haru-no-mushoku	春のムショク	杉山鉄兵	井上 まい	2018	9784091282835
haruzakari	はるざかり	甘岸久弥	伊藤レイヂ	2018	9784861237683
heart-no-alice	ハートのアリス	真敷ひさめ	三浦ひらく	2018	9784776746188
heilang	黒狼(ヘイラン)	みやこかっく	百地 元	2018	9784065138595
higyaku-otoko-fujisaki-kun	被虐男子藤咲くん	わかつきひかる	若槻 ヒカル	2018	9784065136096
himitsu-no-akko-chan-m	ひみつのアッコちゃんμ	上北双子	上北 ふたご / 赤塚 不二夫 / 井沢 ひろし / フジオ・プロダクション	2018	9784834284799
hisshou-dungeon-unei-houhou	必勝ダンジョン運営方法	ファルまろ	山猫　スズメ / 雪だるま	2018	9784575410273
honey-tochka	ハニートーチカ	吉宗	ウシハシル	2018	9784785961923
hugttopurikyua	Hugっと!プリキュア	上北双子	上北 ふたご / 東堂 いづみ	2018	9784065124840
ichinose-kun-wa-itsumo-iinari	一ノ瀬くんはいつも言いなり。	上田にく	佐倉リコ	2018	9784866531885
ii-otouto-warui-otouto	いい弟、悪い弟	涼子	瀬能 じゅん	2018	9784098701414
ikuji-tte-konna-ni-waraerunya	育児ってこんなに笑えるんや!	でん蔵	モチコ	2018	9784835638690
isekai-no-meikyuu-toshi-de-chiyu-mahoutsukai-yattemasu	異世界の迷宮都市で治癒魔法使いやってます	おりょう	二世 / 幼馴じみ	2018	9784575410419
isekai-shoukan-wa-nidome-desu	異世界召喚は二度目です	半次	嵐山 / 岸本和葉	2018	9784575410402
itai-onee-san-wa-suki-desuka	いたいお姉さんは好きですか?	高橋あさみ	若菜	2018	9784785961374
jakukyara-tomozaki-kun-comic	弱キャラ友崎くん-comic	千田衛人	屋久ユウキ / フライ	2018	9784757557130
jieekee-to-sutego-no-aka-chan	JKと捨て子の赤ちゃん	反転邪郎	反転シャロウ	2018	9784048936071
jikai-no-death-game-ni-gokitai-kudasai	次回のデスゲームにご期待ください!!	高野水登	Perico	2018	9784088815435
jishohen	じしょへん	鈴木イゾ	久木　ゆづる	2018	9784040653150
joryuu-sakka-to-yuki	女流作家とユキ	張六郎	なごり　悠	2018	9784040652504
joshikousei-to-ouji-chan	女子高生と王子ちゃん	ツブキ	くうねりん	2018	9784758078771
josou-cosplayer-to-otouto	女装コスプレイヤーと弟	楢島さち	蒼川なな	2018	9784757558380
junjou-otomen-mako-chan	純情乙男マコちゃん	藤田阿登	馬 あぐり	2018	9784866571041
kako-no-anata-o-yuukai-shimashita	過去のあなたを誘拐しました	猫井ミィ	猫井 ヤスユキ / 粟国 翼	2018	9784088816388
kankinkon	監禁婚	龍翠	近藤 しぐれ	2018	9784537137071
kanojo-to-2p	彼女とつーぴー	奥田薫	森井暁正	2018	9784537137934
kare-wa-kanojo-ni-kawaru-node	彼は彼女に変わるので	ハシモトミツ	中 てい / 壱崎 煉	2018	9784091281418
karin-chan-wa-misetagari	カリンちゃんは魅せたがり	あさぎ龍	守姫　武士	2018	9784040652740
katte-ni-hero-yattemasu	勝手にヒーローやってます。	まつだいお	森永あぐり	2018	9784408415048
kattenai-neko	飼ってない猫	ふかさわ映	関口 かんこ	2018	9784065115152
kedamono-arashi	ケダモノアラシ	園千代子	黒井モリー	2018	9784796411325
kemono-friends-comic-arakaruto	けものフレンズコミックアラカルト	HenselerThomas	けものフレンズプロジェクト	2018	9784041065006
keyaki-shimai-no-shiki	欅姉妹の四季	澄谷ゼニコ	大槻　一翔	2018	9784047349988
kimi-eno-josou	君への助走	榎本ナリコ	野火 ノビタ	2018	9784866571539
kimi-ga-bokura-o-akuma-to-yonda-koro	君が僕らを悪魔と呼んだ頃	佐野隆	さの 隆	2018	9784065111970
kimi-no-okane-wa-doko-ni-kieru-noka	キミのお金はどこに消えるのか	井上純弌	井上　純一	2018	9784041071106
kisou-tensai-genius	奇想天才ジーニアズ!	saku漫画家	咲竹　ちひろ	2018	9784040697567
kiss-and-cry	キスアンドクライ	大豆田	日笠 希望	2018	9784065118016
kiss-shitai-tte-nedatte-miroyo	キスしたいってねだってみろよ	春巻トキコ	三月 トモコ	2018	9784065117712
koitsu-ore-no-koto-suki-nanoka	コイツ、俺のこと好きなのか?!	多治見尚哉	百々瀬 新	2018	9784065112496
kojirase-hyakki-domainaa	こじらせ百鬼ドマイナー	天乃ちはる	南郷 晃太	2018	9784088816746
kouya-no-hanayome	荒野の花嫁	東冬	村山　慶	2018	9784575850925
kowamote-koukousei-to-jimiko-san	コワモテ高校生と地味子さん	梶原伊緒	九重ヤエ	2018	9784799740576
kuro-ka-shiro-ka	黒か白か	桜日梯子	さちも	2018	9784041067222
kuroneko-kareshi-no-arukikata	クロネコ彼氏のあるき方	右京あやね	左京亜也	2018	9784403666391
kuroneko-quincat	黒猫クインキャット	藤緒あい	宮ちひろ	2018	9784041065501
kuroneko-to-houseki-shokunin	黒猫と宝石職人	一×	りとう春墨	2018	9784866252056
kyou-mo-kobamaretemasu	今日も拒まれてます	西条陽	ポレポレ美	2018	9784821144761
kyrie-kuraka-2018	Kyrie	斉藤浩美	冥花すゐ	2018	9784863497429
live-dungeon	ライブダンジョン!	ハルチカ	ことり　りょう / dy冷凍 / Mika Pikazo	2018	9784040728803
live-reboruto	ライブレボルト	なもなき	瀬島ハルキ / 咲良ゆき	2018	9784866750200
love-symphony	恋愛しんふぉに～	テトメト	千氏夜	2018	9784065110119
mad-summer-school	マッドサマースクール	伊野ナユタ	関よしみ / 合田蛍冬	2018	9784821136674
madk	MADK	墨佳遼	硯 遼	2018	9784829686058
magic-2018	Magic	坂丘のぼる	鴨林源史	2018	9784863440203
maou-na-kachou-no-teshita-ni-narimashita	魔王な課長の手下になりました。	真敷ひさめ	三浦ひらく	2018	9784776747307
maou-no-mama-ni-narundayo	魔王のママになるんだよ!	つきぼしりょう	片岡とんち	2018	9784800007810
maou-no-ore-ga-dorei-elf-o-yome-ni-shitandaga-dou-medereba-ii	魔王の俺が奴隷エルフを嫁にしたんだが、どう愛でればいい?	オンディ	手島史詞 / COMTA / 板垣ハコ	2018	9784798617565
maou-sama-retry	魔王様、リトライ!	緒方剛志	身ノ丈あまる / 神埼黒音	2018	9784575410235
mariko-san-no-koukotsu-gohan	まりこさんの恍惚ごはん	榎本ハイツ	酉川宇宙	2018	9784592161912
marimo-no-hoshi	まりもの星	谷ゆきこ	谷ゆき子	2018	9784845632336
marusei	マルセイ!!	さかめがね	鯨川 リョウ	2018	9784091283023
megamiryou-no-ryoubo-kun	女神寮の寮母くん。	樽戸アキ	日野行望	2018	9784041070505
megumi-to-tsugu-mi	めぐみとつぐみ	久壁おと	S井ミツル	2018	9784801964112
mei-no-maiden	メイのメイデン	柴崎しょうじ	ガクキリオ / レルシー	2018	9784757556003
mesuka-drug-konzetsu-keikaku	メス化ドラッグ、根絶計画。	山川イブキ	もちゃろ	2018	9784434243790
mijuku-na-futari-de-gozaimasuga	未熟なふたりでございますが	神田はるか	カワハラ 恋	2018	9784065122747
minna-de-yamereba-kowakunai	みんなで辞めれば怖くない	なか憲人	中憲人	2018	9784253140386
mitsuiro-office	蜜色オフィス	七士七海	広枝出海 / pinori	2018	9784813760092
mobile-suit-gundam-twilight-axis	機動戦士ガンダムTwilight AXIS	高橋寛行	蒔島 梓 / 矢立 肇・富野 由悠季 / Ark Performance / サンライズ	2018	9784065110829
model-chan-to-jimimane-san	モデルちゃんと地味マネさん	玉崎たま	たねこ	2018	9784758078245
mofuka-no-popuri	もふかのポプリ	瞳ちご	喜月かこ	2018	9784199506062
momonoke-togari	モモノ怪トガリ	黒谷シュウジ	黒谷　宗史	2018	9784575852202
monresu	もんれす	青木健生	眼魔礼 / 茶谷葉	2018	9784896377477
mou-sundome-wa-shineeyo	もう寸止めはしねーよ?	猿和香ちみ	雪野泉	2018	9784821136155
mound-no-taiyou	マウンドの太陽	シャンプーハットこいで	水森崇史	2018	9784253223942
my-baker	マイベイカー	映画館	らくだ	2018	9784040652603
nagami-san-no-hyakumonogatari	流水さんの百物語	流水凜子	流水りんこ	2018	9784821136575
nanimo-kikazu-ni-dakasetekure	何も聞かずに抱かせてくれ	アラタアキ	澤村鞠子	2018	9784396701048
nankai-na-fujoshi	難解な腐女子	大箕すず	かおもじ	2018	9784040697048
narikawari	ナリカワリ	大石普人	オオイシ ヒロト / 長田 トヒキ	2018	9784065119891
neko-ga-iru-shiawase	猫がいるしあわせ	桃ノ木みのむし	駒猫	2018	9784866430232
nekomura-san-to-hoshi-yoriko	猫村さんとほしよりこ	ほしよりこ	マガジンハウス	2018	9784838753307
niito-dakedo-harowa-ni-ittara-isekai-ni-tsuretekareta	ニートだけどハロワにいったら異世界につれてかれた	さめだ小判	高野いつき / 桂かすが	2018	9784799211755
nottori-love	乗っ取りレンアイ	にやま	聖ゆうか	2018	9784821135752
o-kashira-tsuki	尾かしら付き。	夢花李	佐原ミズ	2018	9784199805318
ojii-chan-dekorimashita	おじいちゃんデコりました	アオダ	中西	2018	9784801963863
ojii-chan-shinanai	おじいちゃんしなない	猿和香ちみ	まどろみ太郎	2018	9784799737835
okashina-tensei	おかしな転生	古流望 / 飯田せりこ / 富沢みどり	桐井	2018	9784866999432
onee-chan-wa-koiyoukai	お姉ちゃんは恋妖怪	むつき潤	青島 かなえ	2018	9784091285164
onee-kachou-tamaki-san	オネェ課長たまきさん	濃口kiki	高瀬雛	2018	9784757558670
oni-no-mataoni-no-amo	鬼の又鬼のアモ	兎ろうと	多田乃 伸明	2018	9784065128107
oni-to-tengoku	鬼と天国	秋芳あめり	お吉川京子 / 阿賀直己	2018	9784801964440
onigiri-san-no-sentaku	鬼桐さんの洗濯	霜風るみ	ふかさくえみ	2018	9784801963603
onii-chan-wa-se-ga-chiisai	お兄ちゃんは背が小さい	まりげ	冬野　ケイ	2018	9784041071540
onushi-mo-waru-yonoo	お主もワルよのぉ	横山旬	村田 青 / 横川 直史	2018	9784537137491
ookami-no-hanayome	狼の花嫁	桐乃まひろ	りゆま 加奈	2018	9784866571935
ore-tsushima	俺、つしま	山川イブキ	おぷうの きょうだい	2018	9784093886178
oshiete-kudasai-fujishima-san	教えてください、藤縞さん!	なえ*淡路	なえ・淡路	2018	9784861237393
otome-kaijuu-caramelise	乙女怪獣キャラメリゼ	萩原あさ美	蒼木スピカ	2018	9784040699141
oukyuu-no-trinity	王宮のトリニティ	ヨウハ	雨壱絵穹	2018	9784757557352
overlord-fushisha-no-oh	オーバーロード不死者のOh!	植野メグル	じゅうあみ / 丸山　くがね / so-bin	2018	9784041063859
overlord-koushiki-comic-a-ra-carte	オーバーロード公式コミックアラカルト	HenselerThomas	丸山　くがね / so-bin	2018	9784041063767
oya-ga-shuukatsu-de-shikujirimashite	親が終活でしくじりまして	桜小路むつみ	寝猫	2018	9784798054377
panda-to-inu	パンダと犬	スティーヴンスピルハンバーグ	スティーヴン★スピルハンバーグ	2018	9784835638621
paper-horror-show	ペーパーホラーショー	ヨンチャン	山岸 汰誠	2018	9784065120248
pashiri-na-boku-to-koisuru-banchou-san	パシリな僕と恋する番長さん	柏葉ぺす	鹿島初	2018	9784041071595
pentabu-to-sensha	ペンタブと戦車	百乃モト	坂木原レム	2018	9784832256743
peter-grill-to-kenja-no-jikan	ピーター・グリルと賢者の時間	銀八	檜山 大輔	2018	9784575850949
prison-town-e-youkoso	監獄街 (プリズンタウン) へようこそ!	矢澤おけ	寝路	2018	9784758078443
raise-dewa-chanto-shimasu	来世ではちゃんとします	大家	いつまちゃん	2018	9784087927276
reikan-ikka-no-fushigi-na-jitsuwa	霊感一家のふしぎな実話	たこつむり	りか	2018	9784781616308
release-za-spice-naisho-no-mission	RELEASE THE SPYCEないしょのミッション	風緒	美月　めいあ / SORASAKI.F / タカヒロ / なもり	2018	9784049120660
rocking-you	ロッキンユー!!!	高村真耶	石川 香織	2018	9784088815527
rojika-to-rakkasei	ロジカとラッカセイ	翠川稜	紀ノ目	2018	9784107721051
saeki-san-wa-nemutteru	佐伯さんは眠ってる	西巻拓馬	小菊路 よう / 春原 ロビンソン	2018	9784065121399
sakura-no-hanamichi	さくらのはなみち	やまあき連理	希戸塚一示 / 西山田	2018	9784814801367
satoremasen-manji	悟れません卍	カワセワカ	イスズ	2018	9784592210238
sayonaraboshi	さよなら星	谷ゆきこ	谷ゆき子	2018	9784845632381
seiten	青天	佐藤貴文	Cボ	2018	9784065124703
sekai-no-owari-ni-shibainu-to	世界の終わりに柴犬と	藤井おでこ	石原　雄	2018	9784040650265
sekai-o-sukue-wa-shinai-kedo	世界を救えはしないけど	ブッチャーU	つんばらじり子	2018	9784434252303
sekkaku-cheat-o-moratte-isekai-ni-teni-shitandakara-suki-na-youni-ikite-mitai	せっかくチートを貰って異世界に転移したんだから、好きなように生きてみたい	水龍敬	ブッチャーU / ムンムン	2018	9784896378412
seseragisou-no-kokoro-chan	せせらぎ荘のこころちゃん	吉沢雅	そらあお	2018	9784065092439
shieadan	シェア男!!	桃田テツ	照井にと	2018	9784908588433
shigotoosame	シゴトオサメ	鶏尾	磐秋　ハル	2018	9784040652542
shiiku-shoujo	飼育少女	イシダナオキ	仲川 麻子	2018	9784065108130
shingeki-kyojin-koukou	進撃!巨人高校	岡﨑純平	中川 沙樹 / 諫山 創	2018	9784065123294
shinigami-minarai-otsukare-chan	死神見習!オツカレちゃん	えきあ	コハラモトシ	2018	9784801962712
shinozaki-kun-no-mente-jijou	篠崎くんのメンテ事情	駄犬ひろし	鰤尾　みちる	2018	9784048938945
shiraishi-kun-no-doukyuusei	白石君の動級生	港川一臣	チノク	2018	9784757557369
shiritsu-hamanasu-chuukoutou-gakkou-danshiryou-no-tomadoi	私立浜茄子中高等学校男子寮の戸惑い	住咲ゆづな	円山　晃	2018	9784049121490
shougakusei-ga-mama-demo-iidesuka	小学生がママでもいいですか?	ぢたま(某)	ぢたま 某	2018	9784065115657
sokushi-cheat-ga-saikyou-sugite-isekai-no-yatsura-ga-marude-aite-ni-naranaindesuga-alpha-omega	即死チートが最強すぎて、異世界のやつらがまるで相手にならないんですが。-ΑΩ-	納都花丸	藤孝剛志 / 成瀬ちさと	2018	9784803012194
sou-haburi	葬-はぶり	山悠希	渡辺千紘	2018	9784800008084
souten-no-ken-regenesis	蒼天の拳リジェネシス	辻秀輝	原哲夫 / 武論尊 / 八津弘幸	2018	9784199804809
suit-ni-ai-o	戦士に愛を	明里もみじ	三浦　秀雄	2018	9784575851472
surfingman	Surfingman	梅沢春人	梅澤春人	2018	9784199804687
tabi-to-gohan-to-shuumatsu-sekai	旅とごはんと終末世界	古町ゆき	文ノ梛	2018	9784757559110
taimashi-to-akuma-chan	退魔師と悪魔ちゃん	髭乃慎士	トナミショウ	2018	9784049121766
tatarigami-no-shokutaku	祟り神の食卓	水沢充	水沢クロマル	2018	9784408414843
toaru-ohime-sama-no-hanashi	とあるお姫さまのはなし	芋畑サリー	亜乃　アメ助	2018	9784040698953
tokiiro-kazoku	ときいろ家族	墨リンダ	淡沢さわ	2018	9784757558137
tokyo-2018	東京	上条淳士	上條 淳士	2018	9784778038236
tokyo-sekaimeshi-kikou	東京世界メシ紀行	井上咲子	いのうえさきこ	2018	9784875865438
tou-no-kanri-o-shitemiyou	塔の管理をしてみよう	ぷにちゃん / えかきびと / リスノ	盧恩＆雪笠 / 早秋 / 雨神	2018	9784040699899
uchuujin-puruka	宇宙人プルカ	関﨑俊三	関崎 俊三	2018	9784834232639
urban-legend	アーバンレジェンド	カツヲ	221	2018	9784199506390
usagi-no-furafura	うさぎのふらふら	クマノイ	隈井	2018	9784049121537
uzura-no-jikan	うずらのじかん	峰島なわこ	マツダユカ / 上田恵介	2018	9784408415017
wakeari-seitokai	ワケあり生徒会!	マツリ	宛 / 春川　こばと / 文月　路亜	2018	9784048939546
wakuai-no-kishi	惑愛の騎士	獅童ありす	蝶　らら / 花川戸菖蒲	2018	9784596583635
wan-piisu-kobii-ni-no-kohiyama	ONE PIECEコビー似の小日山	尾田栄一郎	なかまる	2018	9784088816821
watashi-to-watashi	私と私	夢花李	佐原ミズ	2018	9784199804694
wazato-miseteru-kamoi-san	わざと見せてる?加茂井さん。	寺山電	エム。	2018	9784575852417
wotaku-mo-koisuru-nikushoku-shinshi	オタクも恋する肉食紳士	冬坂ころも	柚樹ちひろ	2018	9784396701031
yasashii-hikari	やさしいヒカリ	三月ソラ	中村 ひなた	2018	9784065134450
yasashii-pantsu-no-nugasekata	優しいパンツの脱がせ方	海灯火	まさき茉生	2018	9784758078726
yasui-shokuzai-ga-gokuuma-ni-daihenshin-otsumami-100	安い食材が極ウマに大変身!おつまみ100	中邑みつのり	なかむらみつのり	2018	9784809415555
yome-nusubito	ヨメヌスビト	松山花子	九州男児	2018	9784775527559
yoru-ni-naru-to-boku-wa	夜になると僕は	はころく	一× / 益子 悠	2018	9784065130919
yowai-5000nen-no-soushoku-dragon-iwarenaki-jaryuu-5000-ntei	齢5000年の草食ドラゴン、いわれなき邪竜認定	しめさば	榎本快晴 / ムロコウイチ	2018	9784757557437
yoyohara	ヨヨハラ	なもなき	ogros	2018	9784046022509
yuurei-kareshi	幽霊彼氏	春兎あや	おぐりイコ	2018	9784065120095
yuuta-no-koto	ゆう太のこと	國津武士	しま　たけひと	2018	9784575945218
zetsurin-jigoku	絶倫地獄	山川イブキ	もちゃろ	2018	9784434251832
6-senchi-no-kizuna	6センチの絆	橋本ユウシ	中島 真 / 安達 士朗	2017	9784063958867
8-gatsu-autoroo	8月アウトロー	冬樹久生	宮田 大輔	2017	9784063958911
a3-spring	A3! SPRING	井上佐藤	ムネヤマヨシミ / リベル・エンタテインメント	2017	9784758033190
ai-ga-nakutcha-komarimasu	愛がなくっちゃ、こまります!	浅葱洋	伊倉とう子	2017	9784861237294
ai-no-babylon	愛のバビロン	昭時大紀	相原 コージ / 藤田 かくじ	2017	9784537136166
aikyuu-rakuen	愛Q楽園	桂イチホ / セブンデイズウォー	S．濃すぎ / 科丈　ひとな	2017	9784041060087
amagami-osananajimi-wa-dekiaisuru	甘噛み幼なじみは溺愛する	三咲	白弓サン	2017	9784776744368
anta-o-100-doku-100-no-serifu	あんたを口説く100のセリフ	山本夜	彩木咲花	2017	9784758077248
asshou	圧勝	九重リココ	小虎	2017	9784091274816
bakki	魃鬼	あたる	下川 咲	2017	9784063882896
bandit-seven	バンディセブン	青辺マヒト	まさゆみ	2017	9784107719829
bareeboshi	バレエ星	谷ゆきこ	谷ゆき子	2017	9784845631308
bishuu-no-daichi	美醜の大地	園田俊樹	藤森治見	2017	9784821134823
black-board	BLACK BOARD	星海ユミ	イズミダフユキ	2017	9784757552753
bocchi-hakase-to-robot-shoujo-no-zetsubouteki-utopia	ぼっち博士とロボット少女の絶望的ユートピア	堀祐介	山田 鐘人	2017	9784091276155
boku-no-heya-ga-dungeon-no-kyuukeijo-ni-natte-shimatta-ken	僕の部屋がダンジョンの休憩所になってしまった件	今井雅巳	東国不動 / たこやきよし	2017	9784801961029
boku-no-kanojo-wa-saikou-desu	僕の彼女は最高です!	上機しほ	伊織 / 高田 タカミ	2017	9784065102633
boku-o-warui-ko-ni-shite	僕を悪い子にして	どーるる	灰田ナナコ	2017	9784758077378
bokura-no-q	ぼくらのQ	市真ケンジ	市真 時系	2017	9784091278241
botsuraku-yotei-nanode-kaji-shokunin-o-mezasu	没落予定なので、鍛冶職人を目指す	新川権兵衛	石田　彩 / CK / かわく	2017	9784040723945
buggy-whip	バギーウィップ	石田総司	大野 すぐる	2017	9784065003015
bukkafe	ぶっカフェ!	劇団イヌカレー	小林 ロク	2017	9784065104033
butsuzou-punk	仏像パンク	まずりん	横尾公敏	2017	9784344839762
butterfly-2017	バタフライ	東元俊哉	東元 俊也	2017	9784537135381
chaos-child-children-s-collapse	CHAOS;CHILD～Children's Collapse～	三日月シズカ	園心 ふつう / MAGES． / Chiyo st．inc / 梅原英司×MAGES．	2017	9784063906776
cheroofu-san-no-mahou-doll	チェローフさんの魔法人形	西尾洋一	星川ちどり	2017	9784199505898
chibidora	ちびドラ!	ふじい葛西	宮本 ちゆ	2017	9784065101971
chitchana-kanojo-ni-sematta-kekka	ちっちゃな彼女にせまった結果。	桜井飛鳥	嘉村朗	2017	9784801959538
chiyu-mahou-no-machigatta-tsukaikata	治癒魔法の間違った使い方	月並甲介	九我山　レキ / くろかた / KeG	2017	9784041061299
chousou-no-babel	鳥葬のバベル	二宮正明	二宮 志郎	2017	9784063886863
comic-sherlock-holmes-the-best	コミックシャーロック・ホームズthe best	Jet	アーサー・コナン・ドイル	2017	9784776746096
daidoreiku	大奴隷区	大石普人	オオイシ　ヒロト / 岡田　伸一	2017	9784575849769
daimaou-no-off	大魔王のOFF	万太郎	水野まどか	2017	9784845851287
dame-na-pet-no-shitsukekekata	駄目なペットの躾け方	出樹	梅子	2017	9784776743866
desupareeto-na-reijoutachi	デスパレートな令嬢たち	ながやま由貴	矢板　みなみ	2017	9784063959284
dorei-yuugi	奴隷遊戯	赤沢佳	木村 隆志 / ヤマイ ナナミ	2017	9784088812410
dragon-ball-gaiden-tensei-shitara-yamucha-datta-ken	DRAGON BALL外伝 転生したらヤムチャだった件	津田穂波	ドラゴン画廊・リー / 鳥山 明	2017	9784088812618
dramatic-irony	ドラマティック・アイロニー	あすか	なま子	2017	9784048926874
eden-no-otome	エデンの処女	巳年キリン	渡邉嘘海	2017	9784408414805
eikan-wa-ore-ni-kagayaku	栄冠は俺に輝く	鈴木ミニラ	熊田 龍泉	2017	9784091275271
eiyuu-caesar-san	英雄!シーザーさん	大江慎一郎	大江しんいちろう	2017	9784253222662
everyday-magic	エブリデイ・マジック	磯野フナ	崎谷はるひ / 鰍ヨウ	2017	9784344841048
fat-you-want	ファット・ユー・ウォント	松山花子	九州男児	2017	9784864423151
fukigen-kareshi-no-saraikata	不機嫌彼氏のさらい方	右京あやね	左京亜也	2017	9784403665745
full-drum	フルドラム	鹿子	箱石 達	2017	9784088906287
furin-to-fukushuu	不倫と復讐	内田春菊	国友　やすゆき	2017	9784575997866
fushigi-no-kuni-no-arisugawa-san	ふしぎの国の有栖川さん	尾崎あきら	オザキ アキラ	2017	9784088457055
gaikotsu-kishi-sama-tadaima-isekai-e-odekakechuu	骸骨騎士様、只今異世界へお出掛け中	あずみ圭	サワノアキラ / 秤猿鬼 / KeG	2017	9784865542523
gamers	ゲーマーズ!	斉田えじわ	葵　せきな / 高橋つばさ / 仙人掌	2017	9784041054468
gensou-gourmet	幻想グルメ	中村朝	天那光汰 / おつじ	2017	9784757553811
getsuyou-kara-kinyou-no-otoko-koukousei	月曜から金曜の男子高校生	インカ帝国	森つぶみ	2017	9784908588327
getter-robo-hai	ゲッターロボ牌	ドリル汁	永井豪 / 石川賢	2017	9784801960138
ginza-lesson	銀座レッスン	近藤崇	近藤 タカシ / 山崎 ヒロキ	2017	9784088906775
goblin-wa-mou-juubun-ni-tsuyoi	ゴブリンはもう十分に強い	藤松盟	サラマンダ	2017	9784048934305
gosurori-jk-mujintou-hyouryuuki	ゴスロリJK無人島漂流記	つっつ	青田めい	2017	9784832248298
ha-omae-kurogyaru-no-kuse-ni-shojo-nano	は?お前、黒ギャルのくせに処女なの?	神戸遥真	ENVY	2017	9784434236020
hajime-algorithm	はじめアルゴリズム	中馬孝博	三原 和人	2017	9784065105214
hakui-no-ou-sama	白衣の王様	うみハル	綾瀬れつ	2017	9784757552326
hal-ayase-2017	ハル	牧野あおい	ハル	2017	9784865893540
hanjuku-eiyuu	半熟英雄	沖野真歩	スクウェア・エニックス / 時田貴司	2017	9784757555044
harinezumi-no-harry	ハリネズミのハリー	伊海	村松 まつり	2017	9784063695717
harutsuge-to-yukimusuko	春告と雪息子	碓井ツカサ	hagi / 弓部　早苗	2017	9784040695709
hatsukoi-futatabi	はつ恋、ふたたび。	藤野もやむ	桑佳 あさ	2017	9784063658972
helvetica	helvetica	ひのた	染井 紬希 / 津木波 シズカ	2017	9784088907819
hero-datte-omae-o-dakitai	ヒーローだって…おまえを抱きたい。	春キャベツ	祈崎ひな汰	2017	9784434238390
hidamari-ga-kikoeru-limit	ひだまりが聴こえる リミット	茜田千	文乃 ゆき	2017	9784829685990
hikiage-no-higeki	引き揚げの悲劇	村上もとか	中野 晴信	2017	9784323064086
hinichijoutekina-nepaaru-taizaiki	非日常的なネパール滞在記	三部敬	三部けい / 三部りえ	2017	9784757552067
hitotsubana	ひとつばな	井上知之	ミナミ	2017	9784091276124
hiyama-kun-wa-katei-kyoushi	氷山くんは家庭教師	春巻トキコ	三月 トモコ	2017	9784063915440
hna-koakuma-kun-wa-nugasejouzu-de-yajuusugi	Hな小悪魔くんは脱がせ上手で、野獣すぎ!	鹿島こたる	庭鳥ヒナコ	2017	9784801960381
hoken-kanyuusha-ni-tsugu	保険加入者に告ぐ。	ビタワン	渡辺 悠 / 田丸 哲二	2017	9784065103555
holmes-san-wa-suiri-ga-dekinai	ホームズさんは推理ができない	由村	沼地どろまる	2017	9784758076951
hoshi-ni-ochiru-efude	星に落ちる絵筆	こん炉	櫻川なろ	2017	9784801957336
houkago-shoujo-bout	放課後少女バウト	昭時大紀	藤田かくじ	2017	9784801959798
i-am-a-hero-in-nagasaki	アイアムアヒーローin NAGASAKI	富士沢一矢	花沢 健吾 / にしだ けんすけ	2017	9784091893185
idol-dti	アイドルDTI	まめちょろ	冬夏アキハル	2017	9784592211716
ijimerare-taishitsu	イジメラレ体質	青木庸	ころめ	2017	9784396703837
ikari-no-roadshow	怒りのロードショー	四宮和	マクレーン	2017	9784047343658
isekai-de-outaishihi-hajimemashita	異世界で、王太子妃はじめました。	片山令子 / 日乃チハヤ	武村　ゆみこ / 汐邑　雛	2017	9784047348165
iyagatteru-kimi-ga-suki	嫌がってるキミが好き	鈴木ミニラ	鬼山瑞樹	2017	9784408414584
jagaaaaaan	ジャガーン	富士沢一矢	金城 宗幸 / にしだ けんすけ	2017	9784091895059
jank-runk-family	ジャンク・ランク・ファミリー	髙橋ヒロシ	高橋ヒロシ	2017	9784253141017
jinrou-shitsuji-no-bussou-na-nikka	人狼執事の物騒な日課	降本孟	村岡 恵	2017	9784091893888
joushi-ga-gomu-o-kuwaetara	上司がゴムを咥えたら	椎名まうみ	蜜柑子	2017	9784775527078
junketsu-no-esuko-chan	純潔のS子ちゃん。	寺山電	エム。	2017	9784040695761
kagitsuki-no-alter	鉤月のオルタ	上機しほ	麻日 隆	2017	9784065102473
kaichou-sama-to-hiyoko-chan	会長様とひよこちゃん	八街潤	如月 ゆきの	2017	9784091388896
karin-no-mound	花鈴のマウンド	赤瀬由里子 / 角谷建耀知	星桜高校漫画研究会 / 紫々丸	2017	9784903954073
katakoi-candy	片恋キャンディ	アトリエ・セントー	三月ゆか	2017	9784776745440
kazokuhodo-waraerumono-wa-nai	家族ほど笑えるものはない	ヤマモト喜怒	カフカヤマモト	2017	9784040691862
keishichou-hanzai-higaisha-shienshitsu-no-onna	警視庁犯罪被害者支援室の女	富士沢一矢	六月柿 光	2017	9784091893680
kemono-friends-comic-a-ra-carte	けものフレンズコミックアラカルト ジャパリパーク編	HenselerThomas	けものフレンズプロジェクト	2017	9784041057742
kengai-manga	圏外漫画	浪咲ゆか	長谷川 真也	2017	9784537136289
kessen-no-kuon	血戦の九遠	くっきぃ	枩岡 佳範	2017	9784065102848
kimi-o-daku-no-wa-shigoto-dakara	君を抱くのは仕事だから	にやま	聖ゆうか	2017	9784396703851
kimi-wa-haru-ni-me-o-samasu	君は春に目を醒ます	キアチマチ	縞あさと	2017	9784592211815
kirakira-precure-a-la-mode	キラキラ☆プリキュアアラモード	上北双子	上北 ふたご / 東堂 いづみ	2017	9784063378665
kitsune-no-oyome-chan	狐のお嫁ちゃん	しおり	Batta	2017	9784041054543
koi-to-batsu	恋と罰	大石普人	松居 大悟 / オオイシ ヒロト	2017	9784778322854
koisuru-app	恋するアプリ	綾乃かずえ	KYE　YOUNG　CHON	2017	9784821135165
kokuei-no-junk	黒影のジャンク	佐々木尚	中尾 拓矢	2017	9784065092323
komatsubara-ga-koibito-ni-naritasou-ni-kochira-o-mite-iru	小松原が恋人になりたそうにこちらをみている!	昭時大紀	かわにし 萌	2017	9784088457703
kono-subarashii-sekai-ni-shukufuku-o-kappore	この素晴らしい世界に祝福を!かっぽれ!	上田敦夫	ずんだコロッケ / 暁　なつめ / 三嶋　くろね	2017	9784047344167
koukando-ga-agaranai	好感度が上がらない	マツリ	文月路亜 / かなん	2017	9784434234583
koyoi-no-akuma-teishoku	今宵の悪魔定食	橋本省吾	橋本智広	2017	9784832235816
kurogiri-kun-wa-shinobanai	黒霧くんは忍ばない	中川海二	紺 のんこ / さよし	2017	9784091276414
kuyashii-cry-suki	くやしいくらい、好き。	一本木尊	斉木 優	2017	9784063921083
kyoto-irodori-gangster	キョウト彩奪ギャングスタア	椰子木虹	拓平	2017	9784040690315
kyuuketsuki-chan-kouhai-chan	吸血鬼ちゃん×後輩ちゃん	吉岡榊	嵩乃朔	2017	9784048933186
kyuukyoku-nipako-chan	究極!ニパ子ちゃん	野田のんだ	ゆうじこうじ / 真野英二	2017	9784800007261
mado-kara-madoka-chan	まどからマドカちゃん	福田やすひろ	福田 泰宏	2017	9784063887402
mahou-shounen-natsuki-x-rabbits	魔法少年なつき×らびっツ	雨水龍	金井千咲貴	2017	9784757552210
mahouka-koukou-no-rettousei-natsuyasumi-hen	魔法科高校の劣等生 夏休み編	柚木N'	佐島　勤 / 柚木N’ / 石田　可奈	2017	9784048927222
majime-dakedo-shitaindesu	まじめだけど、したいんです!	桜井飛鳥	嘉村　朗	2017	9784575336764
majo-to-yajuu	魔女と野獣	営業のK	佐竹 幸典	2017	9784063829686
manga-de-wakaru-fate-grand-order	マンガで分かる!Fate/Grand Order	カマンベールはる坊	リヨ / TYPE-MOON	2017	9784041061015
marian-to-isshokenmei	マリアンといっしょ!	伊海	つきよみ	2017	9784063695731
mashirohi	ましろ日	G3井田	香川まさひと / 若狭 星	2017	9784091895981
master-grape	MASTERグレープ	辺天使	土塚 理弘 / 高橋 アキラ	2017	9784091275325
meshineko	めしねこ	梶本ユキヒロ	木村 わさび	2017	9784063931495
meteor-girl	隕石少女	石山りーち	石山 り〜ち	2017	9784091276896
mikansei-pianisuto	未完成ピアニスト	わたい	筒井美雪	2017	9784592211068
mina-tes-vous-pr-t	みなさまエト・ヴ・プレ?	丸本チンタ	田丸鴇彦	2017	9784041059128
mitsume-mokushiroku	三つ目黙示録	柚木N'	手塚治虫 / 藤澤勇希	2017	9784253236584
miyao-san-wa-haeteiru	宮尾さんは生えている	わたい	TOもえ	2017	9784801960541
mobile-suit-gundam-ji-origin-msd-cucuruz-doan-no-shima	機動戦士ガンダムTHE ORIGIN MSDククルス・ドアンの島	大野純二	おおの　じゅんじ / カトキ　ハジメ / ことぶき　つかさ / 矢立肇・富野由悠季 / サンライズ / 安彦　良和	2017	9784041053430
modokidomo	モドキドモ	楢島さち	蒼川なな	2017	9784757553095
mofumofu-no-kamisamasagashi	もふもふの神様さがし	新川権兵衛	たまき	2017	9784041059906
murabito-desu-nanika	村人ですが何か?	百均	鯖夢 / 白石　新 / 白蘇　ふぁみ	2017	9784040723174
musuko-ga-kawaikute-shikata-ga-nai-mazoku-no-hahaoya	息子がかわいくて仕方がない魔族の母親	シンギョウガク	十五夜	2017	9784088906560
nagami-san-no-reinou-shugyouki	流水さんの霊能修行記	流水凜子	流水りんこ	2017	9784821135004
nanatoshi-monogatari	七都市物語	三浦征隆	田中 芳樹 / フクダ イクミ	2017	9784065103173
nanatsu-no-taizai-seven-days-touzoku-to-seishoujo	七つの大罪セブンデイズ～盗賊と聖少女～	西巻拓馬	小菊路 よう / 鈴木 央 / 岩佐 まもる	2017	9784063932010
nasakenai-bokura-no-irokoi-moyou	情けない僕らの色恋模様	山珠彩貴	茅なや	2017	9784041051085
nee-chan-wa-boku-ga-mamorutsu	ねーちゃんはぼくが守るっ	九重千花	いちかわ壱	2017	9784832255906
nejikemono	ねじけもの	夜州	肋家 竹一	2017	9784107719812
neko-to-spica	猫とスピカ	西野きいな	鳩屋タマ	2017	9784866531168
neru-joshi	ねるじょし	榎本ハイツ	酉川宇宙	2017	9784832235632
netsu-shintouritsu	熱浸透率	坂井久仁江	国枝彩香	2017	9784801959767
niku-danzai	辱-断罪-	朝日曼耀	窪茶	2017	9784091277602
ningen-ni-koishita-oni-wa-warau	人間に恋した鬼は咲う	荒井小豆	雪森寧々	2017	9784408414546
nippon-o-kaeta-sekai-no-rekishi	日本を変えた世界の歴史	さいとうはるお / 上下	藤子・F・ 不二雄 / 浜学園	2017	9784092538818
noumen-chan-to-geboku-san	能面ちゃんと下僕さん	夜州	西荻亨	2017	9784344839915
oedo-kuniyoshi-yoshizukushi	大江戸国芳よしづくし	岡田屋鉄蔵	崗田屋 愉一	2017	9784537135633
ohayou-sabaibu	おはようサバイブ	加藤望	前原　タケル	2017	9784063959543
oishii-ayakashi	美味しい妖	人類補完計画監視委員会	おとうさん	2017	9784757554474
oji-san-to-neko-to-shoujo	おじさんと猫と少女	西田拓矢	遊佐ハルカ	2017	9784785961015
old-technica	オールドテクニカ	植草美幸	鳥取砂丘	2017	9784065108185
omotenashi-shite-ageru	おもてなし、シてあげる。	新川権兵衛	香琳	2017	9784434233814
onna-kudouden-rei	女苦道伝れい	叶精作	信田朋嗣	2017	9784074219193
ookami-no-ko	オオカミの子	仲峰紘史	佐々木 順一郎	2017	9784065100691
ore-maou-dakedo-baretenaiyone	オレ、魔王だけどバレてないよね?	おおのいも	八汐ごよう	2017	9784758066860
ore-no-kanbotsu-chikubi-ga-senpai-no-shitapi-de-tachimashita	俺の陥没ちくびが、先輩の舌ピで勃ちました。	ヤマダコト	鳥丸太郎	2017	9784434239304
ore-sama-sorushieeru	俺様ソルシエール	音羽さおり	ウラ ミユキ / 赤尾 でこ	2017	9784063925760
ore-to-atashi-to-shinsekai	オレとあたしと新世界	宇野リッカ	古宇田エン	2017	9784775526514
osananajimi-no-yabasugiru-aishikata	幼なじみのヤバ過ぎる愛し方	森月あめ	筑谷たか菜	2017	9784775527214
otona-to-kodomo-anata-to-watashi	おとなとこども、あなたとわたし。	秋山シノ	糸　なつみ	2017	9784048927321
otouto-wa-midarana-yajuu	弟はミダラな野獣	大嶋まなぶ	蜂谷ナナオ	2017	9784801960282
outcast	アウトキャスト	巻左千夫	ロバート・カークマン / ポール・アザセタ / エリザベス・ブレイトウエイザー / 椎名 ゆかり	2017	9784416517994
perfect-human	パーフェクトヒューマン	髙橋一仁	高橋一仁	2017	9784832235441
pitch-dealer	ピッチディーラー	外本ケンセイ	外本 健生 / 昌子 春	2017	9784063829716
planet-hulk	プラネット・ハルク	清原揺	グレッグ・パク / 御代　しおり	2017	9784864913492
poco-a-poco	poco a poco	日輪早夜	ヒマワリソウヤ	2017	9784864952064
ponshubu	ぽんしゅ部!	野口友梨子	野口 こゆり	2017	9784088907093
poten-hit-girl	ポテン・ヒット・ガール	青木庸	丸顔 めめ	2017	9784785961114
puro-yakyuu-super-star-meishoubu-waido-sp	プロ野球スーパースター名勝負ワイドSP	押山雄一	眞島浩一 / 亜古真奏重	2017	9784537162752
rakuen-taxi-haisha-nippou	楽園タクシー配車日報	寺山一弥	たむら あやこ	2017	9784065101643
real-no-heroine-wa-irimasen	現実の彼女はいりません!	中村朝	田尾典丈 / 三雲ジョージ	2017	9784757553712
red-beryl-ni-sayonara	レッドべリルにさよなら	佐藤千鳥	みちのくアタミ	2017	9784861349959
ryouchou-wa-ryouri-jouzu	寮長は料理上手	石津カユ	吉村佳	2017	9784040692470
ryuu-no-nanakoku-to-minashigo-no-fana	竜の七国とみなしごのファナ	有馬慎太郎	田中清久	2017	9784800006608
saenai-heroine-no-sodatekata-girls-side	冴えない彼女の育てかたGirls Side	あさぎ龍	丸戸　史明 / 守姫　武士 / 深崎　暮人	2017	9784040722108
saiouji-kyoudai-ni-komarasareru-nomo-waruku-nai	斎王寺兄弟に困らされるのも悪くない	夢木みつる	晴海ひつじ	2017	9784592211310
saisei-gakkou	再生学校	葉月エリカ	空木あんぐ	2017	9784758082853
saishuu-densha	最終電車	岬ねおん	式夏緒	2017	9784796410953
sakazuki-san-no-gikyoudai	サカズキさん家の義兄弟	秦槙吾	佐保	2017	9784041062951
satoko-to-nada	サトコとナダ	百均	ユペチカ / 西森 マリー	2017	9784063695724
sayounara-ryuusei-konnichiwa-jinsei	さようなら竜生、こんにちは人生	長田龍伯	くろの / 永島ひろあき	2017	9784434227981
secret-code-fukigen-na-angou-tantei	シークレットコード不機嫌な暗号探偵	雪永めりを	とりこぼ 縞屋	2017	9784091280039
secret-life	しーくれっトラいふ!	九重ヒビキ	とくら	2017	9784065105252
seiheki-sakuragaoka	聖へき†桜ケ丘	もちオーレ	夕仁 / 里　好	2017	9784048932578
seijaku-no-tsuki	静寂の月	大日野カルコ	森嶋ペコ / 姉村アネム	2017	9784801960299
seishun-soukanzu	青春相関図	和武はざの	廣瀬 俊 / 三宮 宏太	2017	9784065104309
senkai-no-mermaid	戦海のマーメイド	片山誠	かたやままこと	2017	9784253237581
sensei-no-yasashii-koroshikata	先生のやさしい殺し方	反転邪郎	反転シャロウ	2017	9784757555167
shachiku-ni-shinigami-ga-tsuku-anken	社畜に死神が憑く案件	陽村空葉	くろたま	2017	9784040694245
shiba-kun-to-shepherd-san	柴くんとシェパードさん	早蕨たまお	池森あゆ	2017	9784908757518
shikabane-ryouiki	屍領域	さとる	大前 貴史	2017	9784065103838
shikisai	四季彩	髙橋ツトム	高橋 ツトム	2017	9784065106037
shiniaruki	死にあるき	ひいろろに	了子	2017	9784091276629
shinpan-no-meisu	審判のメイス	老眼	ROHGUN / 矢立肇・富野由悠季 / 神野　淳一	2017	9784048929790
shiotaiou-no-shiota-kun	塩対応の塩田くん	永遠幸	エトオミユキ	2017	9784593881420
shittaka-brillia	しったかブリリア	カトウハルアキ	珈琲	2017	9784065105580
shitte-irukana-kisetsu-no-kotoba-to-gyouji	しっているかな?きせつのことばとぎょうじ	いそほゆうすけ	藤子・F・ 不二雄 / 青山 由紀	2017	9784092535862
shokunin-otoko-kanda-kun	職人男子神田くん	木下聡志	木下　さとし	2017	9784040690308
shotenin-hayama-komako	書店員波山個間子	東裏友希	黒谷　知也	2017	9784048927352
shoujo-manga-wa-okirai-desuka	少女マンガはお嫌いですか?	さとまるまみ	森田 羊	2017	9784063945591
show-by-rock-plasmagica-purupuru-diary	SHOW BY ROCK!!プラズマジカ♪ぷるぷるダイアリー	風緒	美月　めいあ / 株式会社サンリオ	2017	9784048926942
shussei-to-sokai-soshite-sengo	出征と疎開そして戦後	藤子・F・不二雄	中野 晴信	2017	9784323064093
sodom-no-ichi	ソドムの市	はるこ	田中文	2017	9784757552999
sofii-rose-to-ibara-no-warlock	ソフィー・ローズと荊棘の人形師	永遠幸	エトオミユキ	2017	9784757553064
sono-voice-yuuryou-desuka	そのボイス、有料ですか?	四宮和	甘里 シュガー / さなだ はつね	2017	9784063931556
soredemo-ore-no-mono-ni-naru	それでも俺のものになる	いけがみ小5	高崎ぼすこ	2017	9784801960862
soukuu-no-maou-rudel	蒼空の魔王ルーデル	片山誠	永川成基 / かたやままこと	2017	9784801957589
subaru-to-suu-san	昴とスーさん	菊池まりこ	高橋　那津子	2017	9784047346239
suizoku-company	水族カンパニー!	中川海二	イシイ 渡	2017	9784091895264
sukusuku-soramame	すくすくそらまめ	百山ネル	眉屋　まゆこ	2017	9784048959025
sundome-jieitai	すんどめ自衛隊	片山誠	かたやま まこと	2017	9784537135817
sundome-milky-way	すんどめ!!ミルキーウェイ	ふなつ一輝	ふなつ かずき	2017	9784088906362
taishou-no-kondate	大正の献立	ジョポジョリン	さかき しん	2017	9784785960896
tasukete-dokutaa-dokuta	たすけて!ドクター・ドク太	三葦十夢	神内 アキラ	2017	9784091423801
tatoe-todokanu-ito-dato-shitemo	たとえとどかぬ糸だとしても	真船佳奈	tMnR	2017	9784758076692
tenchou-dame-zettai	てんちょう、ダメ、絶対	細堀ゆかり	柴 なつみ	2017	9784088457222
terror-night	テラーナイト	青インク	月見 隆士	2017	9784091276551
the-athletes	ザ・アスリーターズ	田近康平	淡田青	2017	9784864685016
the-boys	ザ・ボーイズ	シンギョウガク	ガース・エニス / ダリック・ロバートソン / 椎名 ゆかり	2017	9784416617144
tokugawa-15	TOKUGAWA 15	赤のキノコ	斯波浅人	2017	9784041055465
totsuneetsu	突姉っ!	うおやま	児玉 潤	2017	9784065104873
toukoku-no-subaru	嶌国のスバル	後藤	カトウ チカ / 小林 裕和 / カトウ コトノ	2017	9784063906769
utsukushii-inu	美しい犬	大石普人	ハジメ / オオイシヒロト	2017	9784253252614
volley-no-tamago	バレーの球語	新川権兵衛	僕 男	2017	9784091276087
wakaki-taketora-kun-no-nayami	若き猛虎くんの悩み	ゆきの漫画家	熊猫	2017	9784813031451
wakeari-bukken-ni-wakeari	ワケあり物件にワケあり。	オトクニ	おむ・ザ・ライス	2017	9784799733585
watashi-nouryoku-wa-heikinchi-de-tte-ittayone-funa-2017	私、能力は平均値でって言ったよね!	荒井小豆	FUNA / 亜方逸樹	2017	9784803010091
watashi-to-sensei-no-genjuu-shinryouroku	わたしと先生の幻獣診療録	冴木ぽてり	火事屋	2017	9784800006844
yamada-bl	山田BL	山田J太	山田ユギ / 山田2丁目	2017	9784796410144
yano-kun-ni-oshihen-wa-dekinai	矢野くんに推し変はできない!	上機しほ	吉田 ばな	2017	9784063809480
yano-nanako-hakkyuu-o-ou	矢野七菜子、白球を追う。	丸本チンタ	田丸鴇彦	2017	9784199804120
yarisugi-itazura-kun	やりすぎ!!!イタズラくん	緋色の雨	吉野 あすみ	2017	9784091422842
yasei-no-rasubosu-ga-arawareta	野生のラスボスが現れた!	葉月翼	炎頭	2017	9784803011357
yata	ヤタ	カラス	ヤタ	2017	9784865893625
yotsukoto	ヨツコト	甘乃くぐり	双見酔 / 中曽ねこ	2017	9784832248830
youkai-giga	妖怪ギガ	巳島早生	佐藤 さつき	2017	9784091276902
youkai-massage	妖怪マッサージ	ふじい葛西	押切蓮介 / 忌木一郎	2017	9784253257213
yukiusagi-no-oshinagaki	ゆきうさぎのお品書き	有生青春	木田 翔一 / 小湊 悠貴	2017	9784088907178
yume-de-mita-ano-ko-no-tame-ni	夢で見たあの子のために	三部敬	三部　けい	2017	9784041063125
yuruo-senpai-to-watashi	ゆるお先輩とわたし	中島諒	泥川　恵	2017	9784040692760
yuuki-yuuna-wa-yuusha-de-aru-washio-sumi-no-show	結城友奈は勇者である-鷲尾須美の章-	高光晶	イチフジニタカ / Project　2H / タカヒロ / BUNBUN	2017	9784048934374
zenryaku-kumo-no-ue-yori	前略雲の上より	中馬孝博	猪乙くろ / 竹本 真	2017	9784065104101
zeus-no-te	ゼウスの手	一色こうき	花月 仁	2017	9784065103579
12ji-kara-hajimaru	12時からはじまる	右京あやね	左京亜也	2016	9784403665127
abigeiru-no-kemonotachi	薔薇監獄の獣たち	萩原あさ美	蒼木スピカ	2016	9784253273015
accel-star	アクセルスター	ひみつ	葉那	2016	9784088806433
after-5-no-jououtachi	アフター5の女王たち	武川慎	六反 りょう	2016	9784063695427
ai-sensei-wa-wakaranai	アイ先生はわからない	うおやま	児玉潤	2016	9784063910063
ajisai-planet	あじさい・プラネット	さかめがね	知梨	2016	9784832247499
akizuki-san-wa-otona-ni-narenai	秋月さんは大人になれない	三木よう子	優風	2016	9784091270849
akuma-no-memumemu-chan	悪魔のメムメムちゃん	三雲ネリ	四谷 啓太郎	2016	9784088808680
amayaka-na-yoru-no-otogibanashi	甘やかな夜のおとぎ話	辰巳仁	山田パン / 米田ひな	2016	9784776744313
aramitama	ARAMITAMA	ゴツボ×リュウジ	ゴツボリュウジ	2016	9784063910049
arifureta-shokugyou-de-sekai-saikyou	ありふれた職業で世界最強	くっきぃ	RoGa / 白米良 / たかやKi	2016	9784865541830
asonde-manga-no-onii-san	遊んで!まんがのお兄さん	生方めぐみ	むうりあん	2016	9784048658744
azuki-no-chi	あずきの地!	くろばR	ナガトカヨ	2016	9784776742937
bandori-koma-bandoritsu	BanG Dream!よんこま ばんどりっ!	早蕨たまお	しろいはくと / ISSEN / 中村　航 / ひと和	2016	9784048926089
bungou-act	文豪アクト	松虫あられ	真崎福太郎	2016	9784199803642
bungu-shoujo-no-nono	文具少女ののの	星屑七号	星屑7号	2016	9784757549937
challenge-up	Challenge Up!	友永晃浩	鈴木 手毬	2016	9784088456065
chaos-child	Chaos;Child	柴崎しょうじ	レルシー / MAGES． / Chiyo　St．inc．	2016	9784048923590
chiiko-basket	ちーこばすけっと!	佐々木陽子	米白粕	2016	9784040686196
chupakarabu	ちゅぱからぶ	カワグチタケシ	徳山るーしー	2016	9784063956139
crows-respect	クローズリスペクト	此元和津也	高橋ヒロシ	2016	9784253131759
cyborg-0-zeronain-zerozero-gakuen-kiki-ippatsu	サイボーグ009 00学園危機一髪	マイトウ	石ノ森章太郎 / まつはらともふみ	2016	9784835454313
danna-san-wa-kanbu-kouhosei	旦那さんは幹部候補生	こげどんぼ*	コゲどんぼ	2016	9784800005892
dekkaincho	でっかいんちょ	豊田アキヒロ	トイシキ	2016	9784832254510
desu-dot-teiibii	死.tv	金田達也	カネダ カズヤ	2016	9784091422606
dokuro-san-ga-mite-iru	どくろさんが見ている	藤野もやむ	桑佳　あさ	2016	9784040683287
doukyonin-ga-fuantei-deshite	同居人が不安定でして	甘露アメ	タカダ　フミ子	2016	9784048922883
dousei-kara-hajimemashita	同棲からはじめました。	なぱ	ko	2016	9784879197368
dragless-sex	ドラッグレス・セックス	江口吾朗	エンゾウ	2016	9784801956193
emu-san	エムさん。	寺山電	エム。	2016	9784040684697
erabarezaru-mono	選ばれざる者	日輪早夜	ヒマワリソウヤ	2016	9784537134230
fate-extra-ccc	フェイト/エクストラCCC	ろびーな	ろび〜な / TYPE-MOON / マーベラス	2016	9784041038604
fate-grand-order-comic-la-carte	Fate/Grand Orderコミックアラカルト	HenselerThomas	TYPE-MOON	2016	9784041040928
fruits-takuhaibin	フルーツ宅配便	岡田れいみ	鈴木 良雄	2016	9784091877277
fujoi-no-ishadou	腐女医の医者道!	岩葉純希	さーたり	2016	9784040681764
fujoshi-no-tsuzui-san	腐女子のつづ井さん	内野こめこ	つづ井	2016	9784040680774
fullback	フルバック	くっきぃ	枩岡 佳範	2016	9784063958201
gantz-g	GANTZ:G	後藤正人	イイヅカ ケイタ / 奥 浩哉	2016	9784088903958
gesu-no-police	ゲスのポリス	須﨑洋輔	須崎洋輔	2016	9784063957198
gokuritsu	ごくりっ	加藤望	前原 タケル	2016	9784091875891
green-contrast	グリーン・コントラスト	ミヤコヒト	西尾メシ	2016	9784040684093
hadou-no-mon-special	破道の門スペシャル ロシアマフィア死闘編	東元俊哉	東元俊也	2016	9784537162110
haguchi-san	はぐちさん	倉金篤史	くらっぺ	2016	9784396766887
haha-ni-naru-noga-osoroshii	母になるのがおそろしい	山田可南	ヤマダカナン	2016	9784040683669
hakone-no-nekoha	ハコネのネコハ	臼井ともみ	渡辺 一平	2016	9784063958331
harmony	ハーモニー	金魚鉢でめ	三巷　文 / 伊藤計劃 / Project Itoh	2016	9784041040683
haru-wa-na-nomi-no	はるはなのみの	河井英杞	河井 英槻	2016	9784087920154
haru-yo-kuruna	春よ来るな	濱﨑真代	濱崎 真代 / 草水 敏	2016	9784063774832
hataraku-basu-girl	働く!バス娘	リベルエンタテインメント	犬吠あか太	2016	9784074151783
hatred	HATRED	シチ	六甲島　カモメ	2016	9784048658447
hatsukoi-body	初恋ボディー	内田実	萩倉ゆうき	2016	9784800006073
hattatsu-shougai-demo-piano-ga-hikemasuka	発達障害でもピアノが弾けますか?	かなしろにゃんこ。	中嶋 恵美子	2016	9784636899351
hi-no-ataranai-basho	日の当たらない場所	龍本みお	たつもとみお	2016	9784040684109
hidamari-ga-kikoeru-koufukuron	ひだまりが聴こえる-幸福論-	茜田千	文乃ゆき	2016	9784829685808
hijuumura	祕十村	唯野	宗方 馨 / 白輝 蓮	2016	9784063828580
hime-no-dameshi	ヒメの惰飯	くりもとぴんこ	二階堂幸	2016	9784041044179
himitsu-no-reptiles	秘密のレプタイルズ	さかめがね	鯨川 リョウ	2016	9784091273871
hinomoto-3-shimai-wa-kamatte-hoshii	陽下3姉妹はかまってほしい	浪咲ゆか	ねこ末端	2016	9784048925044
hitokuchi-futakuchi	ひとくち、ふたくち、	岡田れいみ	倉月忍	2016	9784592215073
hokahibito	ホカヒビト	中村ミネ	北森 サイ	2016	9784063886559
hokuriku-triangle	北陸とらいあんぐる	田仲みのる	ちさこ	2016	9784040685823
honya-no-onii-san	本屋の鬼いさん	オカカ	ももたん	2016	9784047308923
hoobare-soushoku-joshi	ほおばれ!草食女子	玖乃緑	あらたまい	2016	9784832247062
hoshikuzu-gakuen-shiikoosu	星くず学園Cコース	あすか	なま子	2016	9784048657341
igarashi-kun-to-nakahara-kun	五十嵐くんと中原くん	西野きいな	イサム	2016	9784041039830
ikebukuro-otome-road-senki	池袋ヲトメ道戦記	殿ヶ谷美由記	殿ケ谷美由記	2016	9784063910193
imouto-sae-ireba-ii-atto-comic	妹さえいればいい。@comic	いーどぅー	平坂 読 / い〜どぅ〜 / カントク	2016	9784091574480
inran-baby	いんらんベイベー	奥田薫	森井 暁正	2016	9784063881424
inugami-kun-wa-tsun-dakedo-bareteru	犬神くんはツンだけどバレてる	反転邪郎	反転シャロウ	2016	9784757551152
isekai-maou-to-shoukan-shoujo-no-dorei-majutsu	異世界魔王と召喚少女の奴隷魔術	土田えり	福田 直叶 / むらさき ゆきや / 鶴崎 貴大	2016	9784063765960
isekai-tensei-soudouki	異世界転生騒動記	孟倫	ほのじ / 高見梁川	2016	9784434215667
isourou-no-akai-san	居候の赤井さん	シチ	三角勤	2016	9784040681580
issui-no-sanbaka	一炊の三馬鹿	港川一臣	チノク	2016	9784403622151
iyashikei-otoko-to-toraware-seikatsu	癒し系男子と囚われ生活	にやま	聖ゆうか	2016	9784801954922
jinrou-game-beast-side	人狼ゲームビーストサイド	小うどん	小独活 / 川上亮	2016	9784801954601
jogakusei-tantei-to-henkutsu-sakka	女学生探偵と偏屈作家	シチ	てにをは / 笹原　智映 / なのり	2016	9784048652896
joker-game-the-animation	ジョーカー・ゲームTHE ANIMATION	大島連盟	仁藤すばる / 柳広司	2016	9784800005724
kankinjou	監禁嬢	マイトウ	河野　那歩也	2016	9784575848878
kashikomarimashita-destiny	かしこまりました、デスティニー	桜日梯子	さちも	2016	9784865891867
kawareta-hoshi	買われた星	なかはら★ももた	なかはらももた	2016	9784832289826
kazoku-ga-katazukerarenai	家族が片づけられない	小池みき	井上能理子	2016	9784781614120
keeburu-ando-deddopuuru-ao-no-senrei	ケーブル＆デッドプール:青の洗礼	LiefeldRob	ファビアン・ニシーザ / 小池　顕久	2016	9784864912822
kemokko-doobutsuen	けもっ娘ど～ぶつえん!	松本豊	めぷちん☆	2016	9784253256537
kinome-sasa	木野芽ササ	トリメ	木野芽ササ	2016	9784865892512
kiyowa-onee-to-kishi-otome-no-love-purosesu	気弱オネェと騎士乙女の恋愛プロセス	濃口kiki	高瀬雛	2016	9784758076036
knife-mitai-ni-togattera	ナイフみたいにとがってら	マルサイ	月野まる	2016	9784040686936
kobanare-shinakya-dame-desuka	子離れしなきゃダメですか?	華桜小桃	華桜こもも	2016	9784821144396
koi-to-yobu-niwa-kimochiwarui	恋と呼ぶには気持ち悪い	上田アキ	もぐす	2016	9784758014830
koisuru-shirokuma	恋するシロクマ	大島連盟	ころも	2016	9784040678924
kokage-kun-wa-majo	木陰くんは魔女。	こゆき	小森 羊仔	2016	9784088455211
korosensee-quest	殺せんせーQ!	近藤憲一	青戸成 / 松井優征	2016	9784088807331
kuroneko-zukan	クロネコ図鑑	右京あやね	左京亜也	2016	9784403650772
kyouki-no-sanmyaku-nite	狂気の山脈にて	田邊剛 / ラヴクラフト	田辺　剛	2016	9784047283169
kyuuketsu-baito-kirishima-kun	吸血バイト霧島くん	柏葉ぺす	鹿島初	2016	9784041046876
last-man	ラストマン	VivésBastien	バラック / バスティアン・ヴィヴェス	2016	9784864105101
lightning-anchor	ライトニング・アンカー	河上だいしろう	河上大志郎	2016	9784757551091
little-n-flippers	リトルエヌフリッパーズ	銀子	リトルエヌ	2016	9784879194862
maajan-tenhoushin-kirinji	麻雀天鳳神キリンジ	ウヒョ助	塚脇永久 / 渋川難波	2016	9784801951587
mahoutsukai-precure	魔法つかいプリキュア!	上北双子	上北 ふたご / 東堂 いづみ	2016	9784063378498
mangaka-to-yakuza	漫画家とヤクザ	九重千花	コダ	2016	9784861236839
mazin-nuudoru	魔人ヌードル	ひこちゃん	杉谷和彦	2016	9784091421678
megami-sama-no-iutoori-tsuyatsuya-2016	女神さまのいうとおり	艶々	廣瀬良多	2016	9784537133790
michikusa	道草	坂井久仁江	国枝彩香	2016	9784799730584
michinoku-ni-michi-tsukuru	みちのくにみちつくる	國津武士	しま　たけひと	2016	9784575309997
midara-na-ao-chan-wa-benyou-ga-dekinai	淫らな青ちゃんは勉強ができない	神田はるか	カワハラ 恋	2016	9784063910155
midori-no-yuugure	ミドリノユーグレ	dy冷凍	藤田勇利亜	2016	9784253224956
mirai-no-bokura-no-tame-no-sonata	未来の僕らのためのソナタ	福原秀美	さがら総 / わかさま	2016	9784040720203
misen	未生	尹胎鎬	ユン テホ / 古川 綾子 / 金 承福	2016	9784063774863
mobile-suit-gundam-seed-asutorei-tenkuu-no-princess	機動戦士ガンダムSEED ASTRAY天空の皇女	鴇田洸一	ときた　洸一 / 千葉　智宏 / 矢立肇・富野由悠季	2016	9784041046722
mousou-telepathy	妄想テレパシー	竹充ヒロ	NOBEL	2016	9784063695533
mushoku-kyousei-shuuyoujo	無職強制収容所	昭伶	昭怜 / 鎌倉敦史	2016	9784575848267
nagami-san-no-reinousha-angya	流水さんの霊能者行脚	流水凜子	流水りんこ	2016	9784821178537
nikujo-no-susume	肉女のススメ	あきのそら	小鳩ねねこ	2016	9784785957858
nishiouji-kun-ni-kokuhaku-saremashita	西王子くんに告白されました。	暁葉悠	イチヒ	2016	9784048924511
nobita-to-iku-sekai-rekishi-tanken	のび太と行く世界歴史探検	大岩ピュン	藤子・F・ 不二雄 / 藤子プロ / 近藤 二郎	2016	9784092538764
nogi-wakaba-wa-yuusha-de-aru	乃木若葉は勇者である	御影獏	滝乃　大祐 / タカヒロ / BUNBUN / D．K＆JWWORKS	2016	9784048925594
nora-o-tsuku	野良をつく	東元俊哉	東元 俊也	2016	9784537133950
nyotaika-yankee-gakuen	女体化ヤンキー学園★	佐藤千鳥	高尾鷹浬	2016	9784799728994
nyuushitsu-knock-wa-wasurezuni	入室ノックは忘れずに	ポン	黒木えぬこ	2016	9784796409384
oda-cinnamon-nobunaga	織田シナモン信長	斉藤ロクロ	目黒川うな	2016	9784199803192
oishii-roshia	おいしいロシア	寺山電	シベリカ子	2016	9784781614540
okoshiyasu-chitose-chan	おこしやす、ちとせちゃん	日本の怪村研究会	夏目 靫子	2016	9784063930757
onee-shikkaku	オネエ失格	飛世	冴月　ゆと	2016	9784396703691
onjin-wa-gokudou	恩人は極道!?	かずいち	青井レミ	2016	9784864951227
ookami-ouji-no-emono-chan	オオカミ王子の獲物ちゃん	花岡美莉	さんかく	2016	9784396703653
oomori-sateisufakushon	大森サティスファクション	田村正一	清水 コウセイ	2016	9784088808352
ootanisanchi-no-tenshi-sama	大谷さんちの天使様	野田大輔	鳥乃桐	2016	9784757550964
ore-ga-fujoshi-de-aitsu-ga-yuriota-de	オレが腐女子でアイツが百合オタで	柴もなか	アジイチ	2016	9784040682860
ore-no-kaikata-shikarikata	俺の飼い方叱り方	長岡太一	かさいちあき	2016	9784796408509
ore-to-joushi-no-kakushigoto	俺と上司のかくしごと	真敷ひさめ	嘉島ちあき	2016	9784796409179
ori-no-naka-watashi-wa-midara-ni-kowasareru	檻の中、私は淫らに壊される。	見田竜介	はながたみあや	2016	9784434224966
otona-no-houkago	おとなのほうかご	暁葉悠	イチヒ	2016	9784040681528
oz-to-elsa	オズとエルザ	月並甲介	榊原　宗々	2016	9784041042632
pokemon-za-movie-ekkusu-wai-ando-zetto-borukenion-to-karakuri-no-magiana	ポケモン・ザ・ムービーXY&Zボルケニオンと機巧のマギアナ	河本ひろし	河本 けもん	2016	9784091421791
puppet-call	ぱぺっとコール!	さかめがね	へちま	2016	9784832247383
pygmalion	ピグマリオン	山悠希	渡辺千紘	2016	9784800005588
reset-game	リセット・ゲーム	吉開寛二	吉開かんじ	2016	9784197701681
ryuuou-no-oshigoto	りゅうおうのおしごと!	こげたおこげ	白鳥士郎 / カズキ	2016	9784757548565
saikoo-no-kansatsui	サイコオノ監察医	井上佐藤	ムネヤマヨシミ / rechi	2016	9784800005601
sakuranbotchi	サクランボッチ	佐古新佑	悠理　なゆた	2016	9784832247260
sand-storm-slugger	SAND STORM SLUGGER	武川慎	高嶋栄充	2016	9784253227414
satore-miroku-chan	悟れ!弥勒ちゃん	○はぎ	ぼるぴっか	2016	9784758082754
sayonara-giulietta	さよならジュリエッタ	にいさとる	道明 宏明	2016	9784063906400
seishun-away	青春アウェー	島袋ユミ	コータ	2016	9784592213758
seishun-radio-penchi	青春ラジオペンチ	虎井シグマ	橘　ミズキ	2016	9784040684734
sekai-seifuku-wa-mata-ashita	世界征服はまた明日	ささきさきÜ	リーフィ	2016	9784048924290
senbonzakura	千本桜	石見翔子	黒うさP / WhiteFlame	2016	9784048657693
sengoku-basara-dokugan	戦国BASARAドクガン	猫井ミィ	猫井ヤスユキ / カプコン	2016	9784253141413
senjou-no-inu	線上の犬	漣一弥	墨田　モト	2016	9784048656108
sennen-sensou-aigisu	千年戦争アイギス	いーどぅー	い〜どぅ〜 / DMM GAMES	2016	9784048922722
shachiku-shura-koosaku	社畜!修羅コーサク	唯野	江戸 パイン	2016	9784063828535
shachiku-to-yuurei	社畜と幽霊	さかめがね	日日 ねるこ	2016	9784088905440
shichinenme-no-ryouomoi	七年目の両想い	出樹	梅子	2016	9784776742753
shikabanechou-undead	屍町アンデッド	鶏尾	磐秋ハル	2016	9784800005861
shingun-no-cadet	神軍のカデット	めぇ田のん	川端 新	2016	9784091876652
shinogigoroshi	シノギゴロシ	龍翠	いわや晃 / 山田一文	2016	9784253237055
shinri-sousakan-kokoro	心理捜査官ココロ	北村有香	きたむら ゆうか	2016	9784091386199
shinyaku-meruhien	新約Marchen	えむけえ	鳥飼 やすゆき / Sound Horizon	2016	9784063910070
shoujotachi-wa-kouya-o-mezasu	少女たちは荒野を目指す	甘露アメ / 平つくね	カヅチ / みなとそふと / 松竜	2016	9784048923293
signal-100	シグナル100	龍翠	宮月新 / 近藤しぐれ	2016	9784592141266
sono-dekiai-hansoku-desu	その溺愛、反則です!	花本八満	立花 実咲 / 獅山 雨為	2016	9784396703721
sono-shimai-wa-tabun-koisuru-ashi-nanoda	その姉妹はたぶん恋する葦なのだ	白松	紺矢　ユキオ	2016	9784048658737
sutanbai-kiss	スタンバイ・キス	那須村さっこ	筋	2016	9784908757228
suzu-to-mitsugo-no-boyfriend	鈴と3つごのボーイフレンド	南部ワタリ	うちはら 香乃	2016	9784091386069
tadaima-okaeri	ただいま、おかえり	九重千花	いちかわ壱	2016	9784865892000
takane-no-hana-nara-ochitekoi	高嶺の花なら落ちてこい!!	日向きょう	夏目あやの	2016	9784757549562
tejina-senpai	手品先輩	ささのゆゆすけ	アズ	2016	9784063828351
tekken-shoujo-urami-chan	鉄拳少女うらみちゃん	小石川イオリ	くみちょう	2016	9784041040997
teruya-kun-wa-hodasarenai	照屋くんは絆されない	桂イチホ	茶藤あんこ	2016	9784048659987
tokyo-7th-sisters	Tokyo 7th Sisters	中村颯希	山吹ざらめ / Donuts / 茂木　伸太郎	2016	9784041045268
tomogui	トモグイ	ジジ＆ピンチ	RAZEN / 金沢　伸明	2016	9784575847642
tsuki-ga-michibiku-isekai-douchuu	月が導く異世界道中	鷹木骰子	木野コトラ / あずみ圭	2016	9784434216046
tsukurogu	つくろぐ。	鹿子木灯	今村　朝希	2016	9784040687100
twin-role	ツインロール	夢木みつる	晴海ひつじ	2016	9784592211013
twindle-no-hakoniwa	ツインドルの箱庭	オノタケオ	稚野 まちこ	2016	9784087927160
udedori	腕鳥。	ミナヤマカエル	先御 見瑠人	2016	9784861349188
ukkari-haitchatta-itoko-to-mitchaku-geemuchuu	うっかり入っちゃった!従姉妹と密着ゲーム中	米餅昭彦	なめぞう	2016	9784862976338
usao-manga	usao漫画	海道左近	usao	2016	9784594076443
uso-nimo-koi-ga-iru	嘘にも恋がいる	石川オレオ	河井あぽろ	2016	9784908588051
utawareru-mono-itsuwari-no-kamen	うたわれるもの 偽りの仮面	30M先	アクアプラス / 平　こさか	2016	9784048922241
watashi-no-shiikugakari-kun	わたしの飼育係くん	しのざきおさむ	見崎 なつみ	2016	9784063920963
yakumo-san-wa-ezuke-ga-shitai	八雲さんは餌づけがしたい。	野田大輔	里見U	2016	9784757551107
yamori-senpai-to-isshokenmei-de-iinjane	ヤモリ先輩といっしょでいいんじゃね?	姫なっつん	さだうおじ	2016	9784040685724
yasashii-hito	やさしい人	安部慎一	阿部慎一	2016	9784883794287
youkai-manga-de-tanoshii-koten	妖怪マンガで楽しい古典	みずなともみ / 武楽清 / 能松健七	小松和彦	2016	9784055011730
youkoso-jitsuryoku-shijou-shugi-no-kyoushitsu-e	ようこそ実力至上主義の教室へ	あさひあける	一乃　ゆゆ / 衣笠彰梧 / トモセ　シュンサク	2016	9784040685502
zettai-naru-isolator	絶対ナル孤独者	オカカ	川原　礫 / 越水　ナオキ / シメジ	2016	9784048656566
zettai-zetsumei-kiken-seibutsu-world-o-kouryaku-seyo	絶体絶命!危険生物ワールドを攻略せよ!	三國シン	今泉忠明 / ミクニシン	2016	9784052045493
afurika-no-salaryman	アフリカのサラリーマン	映画館	ガム	2015	9784040676388
akireusu	アキレウス	昭時大紀	藤田かくじ / 鉄人	2015	9784799207840
akuma-na-futago-to-abunai-ryouseikatsu	悪魔な双子とアブナイ寮生活❤	西のり子	芦原　モカ	2015	9784048691512
ame-nochi-hare-zonbiyori	雨のち晴れゾン日和	飛田漱	キヨミズリュウタロウ	2015	9784063954692
asakusa-uneune-tabearuki	浅草うねうね食べある記	猫田ぴの字	上野うね	2015	9784821144068
ashondeyotsu	あしょんでよッ	映画館	らくだ	2015	9784040676395
atom-the-beginning	アトムザ・ビギニング	カサハラテツロー	手塚治虫 / ゆうきまさみ	2015	9784864684170
avengers-zombie-asenburu	アベンジャーズ/ゾンビ・アセンブル	白梅ナズナ	小宮山優作	2015	9784063955293
blend-s	ブレンド・S	アカコッコ	中山幸	2015	9784832245204
blue-gralia	ブルーグラリア	後藤正人	イイヅカケイタ	2015	9784088901480
boku-to-uchuujin	僕と宇宙人	竹充ヒロ	NOBEL	2015	9784088901886
bokutachi-ga-yarimashita	僕たちがやりました	空木哲生	荒木光 / 金城宗幸	2015	9784063826630
booska-plus	ブースカプラス	矢萩隼人	JIMMY / 金巻ともこほか	2015	9784864684132
brave-furonteia-haruto-no-shoukan-nikki	ブレイブフロンティアハルトの召喚日記	常深アオサ	サンジョウキイロ	2015	9784047307155
captain-haarokku-jigen-koukai	キャプテンハーロック 次元航海	文彦	松本零士 / 嶋星光壱	2015	9784253237215
caste-heaven	カーストヘヴン	北畠あけ乃	緒川千世	2015	9784799725436
chuugoku-koujou-no-kotone-chan	中国工場の琴音ちゃん	井上純弌	井上純一	2015	9784758014618
chuukan-kanriroku-tonegawa	中間管理録トネガワ	橋本省吾	福本伸行 / 萩原天晴	2015	9784063827217
dance-with-devils-blight	Dance with DEVILS-Blight-	七都サマコ	岩崎大介	2015	9784757548534
datte-oyama-kun-ga-tsuyai	だって小山くんが艶い。	島﨑結太	島崎結太	2015	9784091266163
deadpool-samurai	デッドプール	DugganGerry	ジェリー・ダガン / ブライアン・ポゼーン / トニー・ムーア / 高木 亮	2015	9784796875660
doburoku-chan	どぶろくちゃん	恵庭	ポテチ次郎	2015	9784537133219
doraemon-fushigi-no-hisutorii	ドラえもんふしぎのヒストリー	ひじおか誠	藤子・F・ 不二雄 / 藤子プロ / 渡辺 丈彦	2015	9784092966185
dosen-tan-nurse	ど先端ナース	ÖYSTER	O¨YSTER	2015	9784575944495
dream-times	ドリームタイムズ	たみ	赤塚不二夫 / いずみはらきみ	2015	9784834232240
fudanshi-koukou-seikatsu	腐男子高校生活	佐藤千鳥	みちのくアタミ	2015	9784758031158
fukigen-kareshi-no-nadamekata	不機嫌彼氏のなだめ方	右京あやね	左京亜也	2015	9784403664717
fushigi-no-kuni-no-bird	ふしぎの国のバード	名原しょうこ	佐々　大河	2015	9784047305137
g-joshi	G女子!	榎本ハイツ	酉川宇宙	2015	9784199802621
gangsta-cursed-ep-marco-adriano	GANGSTA:CURSED.EP_MARCO ADRIANO	高嶋育	鴨修平 / コースケ	2015	9784107718280
gansuringaa-sutoratosu	ガンスリンガーストラトス	ビリー	森瀬　繚 / 彼岸　ロージ / 海法　紀光 / SQUARE　ENIX / GUNS　PROJECT	2015	9784048651646
gay-bar-de-arubaito-hajimemashita	ゲイバーでアルバイト、はじめました。	永田礼路	結城アオ	2015	9784434209666
gelateria-supernova	ジェラテリアスーパーノヴァ	こん炉	キタハラリイ	2015	9784801953307
genkai-seifu-magical-panzer	限界聖布☆マジカルパンツァー!	えむけえ	倖らる / 祁答院　慎	2015	9784047302235
girls-ando-panzer-little-army-2	ガールズ＆パンツァーリトルアーミー2	ガールズ＆パンツァー製作委員会	槌居	2015	9784040675947
go-princess-precure	Go!プリンセスプリキュア	上北双子	上北ふたご / 東堂いづみ	2015	9784063378337
gokujou-otoko-gohan-manaita-no-ue-no-ore	極上男子ごはん★まな板の上の…俺!?	園田花ヨウ	榎木しめじ	2015	9784861236143
gunjou-ni-siren	群青にサイレン	河下水希	桃栗みかん	2015	9784088454924
gurazeni-pa-riiguhen	グラゼニ～パ・リーグ編～	コージィ城倉	足立 金太郎 / 森高 夕次	2015	9784065121450
haikou-dolls	廃校ドールズ	吉野貝	君と子音	2015	9784832245839
hajimete-no-nippon-no-rekishi	はじめての日本の歴史	さいとうしげき	山本 博文 / 三条 和都 / 大谷 じろう / 松木 武彦	2015	9784092982017
hanahada-hanaya	ハナハダハナヤ	高橋あさみ	若菜	2015	9784063880564
hanamakura	華枕	浅生鴨	華壇倶楽部 / まちこ	2015	9784331901281
harukiya-san-wa-ijippari	春木屋さんはいじっぱり	神田はるか	カワハラ　恋	2015	9784040679358
hatsujou-rippusuteikku	発情リップスティック	見田竜介	花筐絢	2015	9784821176939
henteko-basu-to-amedama-kururi	へんてこバスと飴玉くるり	鈴木日和子	笛	2015	9784832245990
hierarchy-ni-oyogu-shinkaigyo-wa-yume-o-miru	ヒエラルキーに泳ぐ深海魚は夢を見る	山本中学	まくた / 池★沼太郎	2015	9784063826388
hime-to-ouji-to-romance-to	姫と王子とロマンスと	奈知未佐子	萩尾 望都 / さいとう ちほ / 篠原 千絵	2015	9784091915894
hitomi-gokuu-no-hiyama-san	人身御供の緋山さん	けものの☆ 	けものの★	2015	9784593858095
hontou-ni-atta-kowai-hanashi-2015	本当にあった怖い話	かわぐちけい	雅るな	2015	9784262154701
hoshi-no-koimonogatari	星の恋物語	谷川史子	石井ゆかり	2015	9784344834415
hyakunin-no-hanzou	百人の半蔵	まずりん	横尾公敏	2015	9784253225519
iikagen-na-yashoku	いい加減な夜食	おそら	善内美景	2015	9784434212741
iribinode	イリビノデ	田代弓矢	ハイバラノセ	2015	9784063925029
itsumo-tonari-ni-uchuujin	いつも隣に宇宙人。	丸本チンタ	田丸鴇彦	2015	9784048111010
joshikai-quest	女子会QUEST	浅田圭	椎名　聰	2015	9784040672991
kaede-typhoon	かえで台風	河下水希	桃栗みかん	2015	9784088454764
kainushi-juujin-to-pet-joshikousei	飼い主獣人とペット女子高生	映画館	野干ツヅラ	2015	9784040676401
kakegurui-twin	賭ケグルイ双	斎木桂	河本ほむら	2015	9784757548381
kami-sama-no-joker	神様のジョーカー	夢花李	佐原 ミズ / 楠 みちはる	2015	9784063545951
kamigatari	かみがたり	三日月シズカ	くせつきこ	2015	9784253263030
kasouba-no-nai-machi-ni-kane-ga-naru-toki	火葬場のない町に鐘が鳴る時	亀和田康太	和夏 弘雨 / 碧海 景	2015	9784063826166
kataomoi-fever	片想いフィーバー	藤野もやむ	桑佳あさ	2015	9784063658118
keisatsu-no-onii-san	けいさつのおにーさん	唐花見コウ	からけみ	2015	9784832254336
konchuu-world-daidasshutsu	昆虫ワールド大脱出!	三國シン	ミクニシン / 岡島秀治	2015	9784052042621
konya-wa-tsuki-ga-kirei-desu-toriaezu-shine	今夜は月が綺麗ですが、とりあえず死ね	月並甲介	榊原 宗々 / 要 マジュロ	2015	9784063714937
kurogane-no-taiyou	黒鉄の太陽	つくも号	白川 雷電	2015	9784088903286
kuroneko-kareshi-no-afurekata	クロネコ彼氏のあふれ方	右京あやね	左京亜也	2015	9784403664953
kyou-kara-anata-wa-boku-no-yome	今日からアナタは僕の嫁	神田はるか	カワハラ恋	2015	9784800004178
kyou-no-noruma-san	今日のノルマさん	霜風るみ	ふかさくえみ	2015	9784801952508
kyouryuu-no-fushigi	恐竜のふしぎ	安斉俊	高橋 拓真 / 小林 快次	2015	9784062999540
kyouryuu-rescue-jurakizzu	恐竜レスキュージュラKIDS!	横山千里	宮原美香 / 富田京一	2015	9784907150570
long-distance	ロング・ディスタンス	新條まゆ	征城悠馬	2015	9784834262636
madonna-wa-glass-keesu-no-naka	マドンナはガラスケースの中	ユエミチタカ	スガワラエスコ	2015	9784408414232
majo-no-yasashii-parade	魔女 (リリス) のやさしい葬列 (パレード)	こじまなおなり	黒釜ナオ	2015	9784199504570
maki-youko-love-monogatarishuu	槙ようこ恋愛物語集	槙ようこ	槇ようこ	2015	9784086196147
mama-san-wa-moe-mangaka	ママさんは萌え漫画家	こげどんぼ*	コゲどんぼ	2015	9784800004567
massan	マッサン	なかはら★ももた	羽原大介 / なかはら桃太	2015	9784594072179
mayoe-nanatsu-no-taizai-gakuen	迷え!七つの大罪学園!	おさじ	球木拾壱 / 鈴木央	2015	9784063953220
mayonaka-no-occult-koumuin	真夜中のオカルト公務員	日暮眠都	たもつ　葉子	2015	9784041036600
mitsu-ai	蜜逢い	長谷川潤	香森かずら	2015	9784801950634
mizuiro-museum	みずいろミュージアム	二宮亜子	あさみゆとり	2015	9784832254114
mon-puchi-yome-wa-furansujin	モンプチ嫁はフランス人	じゃんぽ～る西	じゃんぽ〜る西	2015	9784396766450
monochrome	モノクローム	金光鉉	イム・ダリョン / キム・クァンヒョン	2015	9784091873200
mononobe-koshoten-kaiki-tan	もののべ古書店怪奇譚	Re:	紺吉	2015	9784800004741
mosh-pit	モッシュピット	くれよんカンパニー	今野涼	2015	9784091868909
mutant-taatoruzu	ミュータントタートルズ	寿司一郎	ケビン・イーストマン / トム・ワルツ	2015	9784796875523
nakaseta-sekinin-tottekure	泣かせた責任とってくれ	くろばR	ナガトカヨ	2015	9784776739814
nanako-santeki-na-nichijou-rivaivaru	菜々子さん的な日常REVIVAL	三部敬	瓦敬助	2015	9784091872555
nano-ranger	ナノレンジャー	中西ゆか	渡辺伊織	2015	9784801952355
nante-koddai-farao-kun	なんて古っ代!ファラオくん	関井シモン	小林拙太	2015	9784088804651
nee-chan-to-ore-to-tokidoki-sensei	ねーちゃんとオレと、ときどき先生。	わたい	TOもえ	2015	9784801954038
no-guns-life	ノー・ガンズ・ライフ	烏丸匡	カラスマタスク	2015	9784088901244
noblesse	NOBLESSE	渡邉ポポ	KwangsuLee / JehoSonほか	2015	9784575846775
noboru-kotera-san	のぼる小寺さん	カトウハルアキ	珈琲	2015	9784063880700
nyan-communication	にゃんこみゅにけーしょん	瞳ちご	喜月かこ	2015	9784785956059
obaa-chan-shoujo-hinata-chan	老女的 (おばあちゃん) 少女ひなたちゃん	藤野もやむ	桑佳あさ	2015	9784199802850
odette	オデット	河南好美	日当貼	2015	9784593881079
okaa-san-futari-itemo-ii-kana	お母さん二人いてもいいかな!?	中村珍	中村キヨ	2015	9784584136799
oogata-shinjin-no-kyouikugakari	大型新人の教育係	森長あやみ	晴山　日々子	2015	9784040680514
ooi-sukunai-kazoete-miyou	おおい?すくない?かぞえてみよう	いそほゆうすけ	藤子・F・ 不二雄 / 黒澤 俊二	2015	9784092535848
ookami-wa-hana-no-kaori	狼は花の馨り	桐乃まひろ	りゆま加奈	2015	9784861348013
ore-ga-mahou-o-kakete-yaru	オレが魔法をかけてやる	ヒサオ	Ishiko	2015	9784063419801
otome-no-tenioha	乙女のてにをは	藤並みなと	るなツー	2015	9784091873224
owaranai-fukou-ni-tsuite-no-hanashi	終わらない不幸についての話	北畠あけ乃	緒川千世	2015	9784796407694
panna-cotta	PANNA COTTA	駕籠真太郎	駕篭真太郎	2015	9784883752003
re-teen-mayu-no-naka-de-mou-ichido-10-dai-no-kimi-to-au	re:teen 繭の中でもう一度10代のキミと会う	上原ひびき	伊達　将範 / 大堀　ユタカ	2015	9784048655149
rengoku-game	煉獄ゲーム	伊藤翔太	北野弘務 / 江崎双六	2015	9784063826418
rengoku-no-torisuagion	煉獄のトリスアギオン	三日月シズカ	瑞智士記 / しばの　番茶	2015	9784040676456
robodatchi	ロボダッチ	小澤さとる	小沢さとる	2015	9784775914816
sangatsu-wa-ore-sama-ni-narimasu	三月は俺様になります	Re:	紺吉	2015	9784757548350
sapporo-otome-gohan	札幌乙女ごはん。	まつもとあやか	松本あやか / エアーダイブ	2015	9784907436056
sasahito	ささひと	一色こうき	花月仁	2015	9784537133103
seishun-scrap	青春SCRAP!	内山敦司	あっつん	2015	9784040704593
seishun-sweet-track	青春スウィートトラック	わたい	TOもえ	2015	9784040679341
seitokai-fukukaichou-yagami-sayuri-wa-ganbatte-iru	生徒会副会長矢上さゆりは頑張っている!	柚木N'	稲光伸二 / 柚木N’	2015	9784253237512
sensei-wa-warui-ko	先生は悪いコ	しのざきおさむ	見崎 なつみ	2015	9784063419849
sentirental-girl	センチレンタル少女	石神一威	蜷津直	2015	9784063953329
sesshi-100-do-no-binetsu	摂氏100℃の微熱	亀和田康太	岡本 健志 / 野咲 あや	2015	9784063826180
shimoneta-to-iu-gainen-ga-sonzaishinai-taikutsuna-sekai-man-hen	下ネタという概念が存在しない退屈な世界マン●篇	柚木N'	柚木N’ / 赤城大空	2015	9784800004130
shinjuku-seven	新宿セブン	奥谷通教	奥道則 / 観月昴	2015	9784537132984
shinkai	SHINKAI	有生青春	木田翔一 / 金成陽三郎	2015	9784088902241
shiota-sensei-to-amai-chan	塩田先生と雨井ちゃん	くれよんカンパニー	なかとかくみこ	2015	9784781613048
shitsuji-emu	執事M	さくら真呂	佐倉牡丹	2015	9784758030304
shoujo-za-wairuzu	少女・ザ・ワイルズ	渡邉ポポ	ZHENA / HUN	2015	9784575846768
shubarieeru	しゅばりえーる	アカコッコ	だいせ	2015	9784832245181
shuugoku-elite	囚獄エリート	椰子木虹	拓平	2015	9784800005076
sidekick-fighting-rule	サイドキック☆ファイティングルール	ジジ＆ピンチ	津島直人 / ナズカトキオ	2015	9784864683975
skirt-darling	スカートダーリン	神田はるか	カワハラ恋	2015	9784832253834
somari-to-mori-no-kami-sama	ソマリと森の神様	梅木泰祐	暮石ヤコ	2015	9784199803130
spin-out-kunieda-2015	スピンアウト	坂井久仁江	国枝彩香	2015	9784801953901
subarashikikana-jinsei-futatabi-tomorou	すばらしきかな人生-ふたたび友郎-	G3井田	北原 雅紀 / 若狭 星	2015	9784091873002
subarashikikana-jinsei-masami	すばらしきかな人生-まさみ-	G3井田	香川 まさひと / 若狭 星	2015	9784091872999
suisei-no-gargantia-meguru-kouro-haruka	翠星のガルガンティア -めぐる航路、遥か-	狂zip	オケアノス / 杉浩太郎	2015	9784803006926
tahiti-girl	タヒチガール	石津カユ	吉村佳 / あおしまたかし	2015	9784832253865
tailor-mori	テラモリ	がっきー	iko	2015	9784091264367
takao-no-tengu-to-datsu-haihiiru	高尾の天狗と脱・ハイヒール	氷堂涼二	氷堂リョージ	2015	9784801950740
takayukashiki-shoujo	高床式少女	帯屋ミドリ	滝川いづみ	2015	9784785954529
tantei-higurashi-tabito-no-sagashimono	探偵・日暮旅人の探し物	菅原竜	すがはら　竜 / 山口　幸三郎 / 煙楽	2015	9784041034378
taresokare	タレソカレ	ハイソンヤギ	モリコロス	2015	9784199802904
teiirekkusu-na-kanojo	T-REXな彼女	映画館	三三	2015	9784040676418
tenjouura-kara-douzo-yoroshiku	天井裏からどうぞよろしく	加藤えりこ	くるひなた / 加藤絵理子	2015	9784434209307
tenshi-no-3p-no-3p	天使の3P!の3P!!	大宮宮美	蒼山　サグ / おーみや / てぃんくる	2015	9784048651707
tera-formars-gaiden-rain-hard	テラフォーマーズ外伝 RAIN HARD	木村聡	橘賢一 / 貴家悠	2015	9784088901237
terebi-no-sekai	テレビノセカイ	奥谷通教	奥道則	2015	9784537132991
third-human	サードヒューマン	維邪之托刀	鶴川かきお	2015	9784803007978
toshigoro-no-otokonoko-to-are	年頃のオトコノコとアレ	右京あやね	左京亜也	2015	9784199606267
toukyuu-hands-niwa-midoriepuron-no-kamigami-ga-iru	東急ハンズには緑エプロンの神々がいる	瑠沢るか	るかぽん	2015	9784040674247
tsuki-ga-kirei-desune-suzuyuki-2015	つきがきれいですね★	すずゆき	えだお	2015	9784063825749
tsukimigusa	つきみぐさ	伊丹澄一	小野田真央	2015	9784063807936
tutti	tutti!	恩田時夫	片桐了	2015	9784091262233
usakame	うさかめ	ナッツ	ルーツ	2015	9784803008296
waon	和おん!	高坂はしやん	りょく	2015	9784575847000
yoimachi-over-road	宵街オーバーロード	仲乃商店	水谷麻志 / イダタツヒコ	2015	9784091574213
yoshifumi-to-karaage	よしふみとからあげ	ふかさわ映	関口 かんこ	2015	9784063826890
yotoshichi	よとしち!	秦槙吾	佐保	2015	9784041027769
yutori-noberaizu	ゆとりノベライズ	中西ゆか	渡辺伊織	2015	9784832253599
yuusha-ga-shinda	勇者が死んだ!	蛸山めがね	スバルイチ	2015	9784091261397
za-town-ribenjaa	THE TOWN 復讐者	田代弓矢	加藤清志	2015	9784047308695
zombie-ga-deta-node-gakkou-yasumi	ゾンビが出たので学校休み。	生方めぐみ	むうりあん	2015	9784801950832
4ban-no-takkyuu	4番の卓球	柳沢ゆきお	土田悠史	2014	9784800002891
4koma-no-bahamut	4コマのバハムート	縞	Cygames	2014	9784800222770
akuryoku-1ton-no-1-kkounin	握力1トンの執行人	雨蘭	橋本還	2014	9784785954383
annetta-no-sanpomichi	アンネッタの散歩道	清瀨赤目	清瀬赤目	2014	9784832244573
araidoki	あらいどき。	須久ねるこ	橋本ゆうすけ	2014	9784063950977
bakemonochou-no-hitobito	ばけもの町のヒトビト	渋谷圭一郎	くまのとおる	2014	9784575843668
batman-incorporated	バットマン・インコーポレイテッド	黒曜燐	グラント・モリソン / クリス・バーナム	2014	9784796875264
batman-no-mans-land	バットマン:ノーマンズ・ランド	マイク・デオダート・ジュニア / CarielloSergio / グレッグ・ルッカ	ボブ・ゲイル他 / アレックス・マリーヴ他 / 高木 亮	2014	9784796871709
bb-hell	BB.HELL	関根光太郎	渡れい	2014	9784063952278
best-of-gekiga-takarazuka	ベストオブ劇画タカラヅカ	武田京子	宝塚歌劇団 / 白井鉄造	2014	9784835450704
botchiman	ぼっちマン	月並甲介	榊原宗々	2014	9784041020210
bunbougu-waltz	文房具ワルツ	河内遙	河内遥	2014	9784091362490
chiisana-majo-no-korie	小さな魔女の首輪	港川一臣	チノク	2014	9784757542167
chotto-morimashita	ちょっと盛りました。	西本英雄 / シマダヒデアキ / アサミダイジュ	にしもとひでお	2014	9784063950021
dezi-con	デジコン	オダトモヒト	小田智仁	2014	9784091254481
douse-yumeochi-nandaro	どうせ夢オチなんだろ?	なかはら★ももた	なかはらももた	2014	9784420152846
dry-and-heavy	ドライアンドヘビー	はころく	益子悠	2014	9784063952773
eg-maker	EGメーカー	榎本ハイツ	酉川宇宙	2014	9784592140818
furoitoshutein-no-futago	フロイトシュテインの双子	ひよどり祥子	うぐいす祥子	2014	9784088900056
gakuen-fuusa	学園×封鎖	上田敦夫	Nykken / 八頭道尾	2014	9784575845112
girigiri-out	ギリギリアウト	青インク	ソウマトウ	2014	9784048662475
gougai-on-blue	号外 on BLUE	ためこう / 丸木戸マキ / 紗久楽さわ / 松本ミーコハウス / 井田さと子 / 小林嵩人 / 都陽子 / ダヨオ / カシオ / 梶ヶ谷ミチル / ハヤカワノジコ	たなと	2014	9784396783501
groundless	GROUNDLESS	森野きこり	影待蛍太	2014	9784575844887
hakoniwa-yuugi	箱庭遊戯	はるこ	田中文	2014	9784088801667
hakoniwa	箱庭	坂井久仁江	国枝彩香	2014	9784799714720
hana-ouji-to-himitsu-no-fianc	花王子と秘密のフィアンセ	くろばR	ナガトカヨ	2014	9784776736820
hanamoto-ari	花本アリ	まずりん	花本アリ	2014	9784879196767
hatsukoi-lesson	初恋レッスン	やぶうち優	やぶうちゆう	2014	9784091363930
hatsukoi-shinjuu	初恋心中	須﨑洋輔	須崎洋輔	2014	9784063950700
hello	HELLO!!	冬樹久生	宮田大輔	2014	9784063950052
hidamari-ga-kikoeru	ひだまりが聴こえる	茜田千	文乃　ゆき	2014	9784829685617
hikou-meikyuu-gakuen-dangerous	飛行迷宮学園ダンゲロス	猫井ミィ	猫井ヤスユキ / 架神恭介	2014	9784575845440
himitsu-no-otome-chan	ひみつの乙女ちゃん	千月さかき	蒼井 ひな太	2014	9784091573957
hogosha-shikkaku	保護者失格。	モタ	つきのおまめ	2014	9784864950756
homun-no-renkinjutsubu	ほむんの錬金術部	浪咲ゆか	長谷川真也	2014	9784041022214
honno-koi-nado	ほんの恋など	日高あすま	カワカミコマ	2014	9784800002860
honobono-enikki	仄仄絵日記	菇凉	□凉	2014	9784331518236
ikimono-system	イキモノシステム	絹野りせ	ユイザキカズヤ	2014	9784832244351
jukusei-ikariishi-kun	塾生★碇石くん	空木哲生	荒木光	2014	9784063824803
junai-torotorippu	純愛とろとりっぷ	あきのそら	小鳩ねねこ	2014	9784785953638
kamidarake	かみだらけ	殿ヶ谷美由記	殿ケ谷美由記	2014	9784063806830
kanan-chao	かなんCiao!	大月悠祐子	かなん	2014	9784879194039
kaze-no-sutora	邪風のストラ	西巻拓馬	岩田ナヲヤ	2014	9784063950991
kenkouhi	剣光妃	野口友梨子	野口こゆり	2014	9784088900124
kimi-ga-inakya-dame-tte-itte	君がいなきゃダメって言って	佐藤千恵	はつはる	2014	9784063419207
kimi-to-te-o-tsunaide	きみと手をつないで	磯野フナ	鰍ヨウ / 崎谷はるひ	2014	9784344831933
koisuru-intelligence	恋するインテリジェンス	花巻かえる	丹下道	2014	9784344831476
kudamimi-no-neko	くだみみの猫	アカコッコ	中山　幸	2014	9784040665887
kunoichi-joshikousei-otonashi-san	くのいち女子高生音無さん	彭傑	渡部まさみ	2014	9784063951233
kuro	黒	青インク	ソウマトウ	2014	9784088798332
kuroi-rinjin-shiroi-onzoushi	黒い隣人白い御曹司	山本美希	本崎月子	2014	9784776737568
kuroneko-kareshi-no-aishikata	クロネコ彼氏の愛し方	右京あやね	左京亜也	2014	9784403664366
kurosaki-kun-no-iinari-ni-nante-naranai	黒崎くんの言いなりになんてならない	よの・志郎	マキノ	2014	9784063419269
kyou-no-suu	きょうのスー	峰島なわこ	マツダユカ	2014	9784575944167
mahou-shoujo-kanrikan-hanmura-hisayuki	魔法少女管理官・半村久雪	白松	紺矢ユキオ	2014	9784048663984
mahoutsukai-no-deshi-ga-warau-toki	魔法使いの弟子が笑う時。	雨水龍	金井千咲貴	2014	9784757542235
mamiya-san-to-isshokenmei	間宮さんといっしょ	千月さかき	ガオシ	2014	9784091254795
mirumo-sama-ga-miteru	ミルモ様が見てる	浪咲ゆか	ねこ末端	2014	9784048669214
mitokon-perestroika	ミトコンペレストロイカ	漫☆画太郎	まん○画太郎	2014	9784107717627
money-fight	マネーファイト	hounori	ミックス・アップ	2014	9784063951585
mune-no-kodou	胸の鼓動	坂井久仁江	国枝彩香	2014	9784812487624
musuko-ga-shishunki-o-kojirasete-iru	息子が思春期をこじらせている	華桜小桃	華桜こもも	2014	9784821143764
nagami-rinko-no-kyoufu-tan	流水りんこの恐怖譚	流水凜子	流水りんこ	2014	9784907203177
naitobotchi	ナイトぼっち	オギノ	枩岡啓資	2014	9784063951509
nankuru	なんくる	姫なっつん	さだうおじ	2014	9784040668420
nega-channel	ネガちゃんねる	神田はるか	カワハラ恋	2014	9784800003423
oji-sama-koushaku-wa-koisuru-otoshigoro	おじさま侯爵は恋するお年頃	時千	飛鳥りな	2014	9784776737162
omoide-no-maanii	思い出のマーニー	ジョーン. G. ロビンソン	ジョーン・ゲイル・ロビンソン / 米林宏昌	2014	9784197701667
order-made-2014	オーダーメイド	髙橋一仁	高橋一仁	2014	9784832234116
ore-no-pan	俺のパン	今谷鉄柱	河上 祐隆	2014	9784865430240
ore-to-kawazu-san-no-isekai-hourouki	俺と蛙さんの異世界放浪記	天山まや	くずもち / 笠	2014	9784434199363
osu-chichi	オス♂ちち	坂口尚作品保存会午后の風	魁李	2014	9784896442175
otonoba	オトノバ	河上だいしろう	河上大志郎	2014	9784063825466
pk-genius	P.K.ジーニアス	薬師寺敦子	桐谷将士	2014	9784091254467
rabu-wanko	愛×野獣	真敷ひさめ	三浦ひらく	2014	9784812484852
rasen-no-doggy	螺旋のドギー	白瀬透	北田おか	2014	9784091886392
sachiko-ni-sachi-are	幸子に幸あれ	于彦舒	生春巻	2014	9784063824452
saijaku-muhai-no-bahamut	最弱無敗の神装機竜	空路恵	明月千里 / 唯浦史	2014	9784757544949
secret-siblings	シークレット×シブリングス	港川一臣	野原ゆた	2014	9784757542051
seishun-kajou-sisters	青春過剰Sisters	○はぎ	ぼるぴっか	2014	9784832244672
senjou-no-mahoutsukai	戦場の魔法使い	銀八	檜山大輔	2014	9784758064392
shin-megami-tensei-4-demonic-gene	真・女神転生4 DEMONIC GENE	三浦征隆	フクダイクミ / 山井一千	2014	9784088708997
shinemachikku-kineko-san	シネマちっくキネ子さん	ÖYSTER	O¨YSTER	2014	9784832252905
shinitagari-shoujo-to-shokujinki-san	死にたがり少女と食人鬼さん	○はぎ	〇はぎ	2014	9784758013932
shirojishi-no-kodomotachi	白獅子の子供たち	菊池まりこ	高橋　那津子	2014	9784047300200
shukoku-no-jin	朱黒の仁	槙えびし	槇えびし	2014	9784022141484
souyoku-no-gift	双翼のギフト	高木秀栄	磯咲渓一 / 維真由騎	2014	9784864683579
steel-and-dead	スティールアンドデッド	三部敬	三部けい	2014	9784757543270
stella-no-mahou	ステラのまほう	黒澤真円	くろば・U	2014	9784832243880
sui-gattsuo	翠▼▼▼gazzo	七菱ヒロ	翠	2014	9784864570657
sumikko-prima-u-15	すみっこプリマU-15	うさとさや	三ツ沢大介	2014	9784199504174
taberarechaina-yo	たべられちゃいなヨ!	佐藤千恵	恩田ゆじ	2014	9784063419474
taishou-otome-karte	大正乙女カルテ	編著	野広実由	2014	9784575944198
tekuteku	てくてく	山崎峰水	山崎浩	2014	9784845846733
tendou-no-singularity	天動のシンギュラリティ	浪咲ゆか	大崎　ミツル / 砂阿久　雁 / 長谷　敏司	2014	9784047299894
tenmasou-no-sanshimai	天間荘の三姉妹	髙橋ツトム	高橋ツトム	2014	9784088797465
tetsu-no-ou	鉄の王	佐野隆	さの隆	2014	9784063952254
tetsunaki-no-kirinji	鉄鳴きの麒麟児 歌舞伎町制圧編	ウヒョ助	塚脇永久 / 渋川難波	2014	9784801952119
tezuka-gakuen	手塚学園	呉由姫 / 筑波さくら / ながやま由貴	手塚治虫	2014	9784592195238
toko-r55	トコR55	月島冬二	イワシタシゲユキ	2014	9784537131536
tsukushi-hiyori	つくし日和	八海薫	上田ゆい	2014	9784063950885
tsurami-sougokankei	つらみ相互感系	大岩ケンヂ	大岩ケンジ	2014	9784253130455
uchi-no-maou-kamimasenyo	うちの魔王かみませんよ	人類補完計画監視委員会	おとうさん	2014	9784757544710
ultra-danchi-kyuu	うるとら団地Q	大石普人	オオイシヒロト	2014	9784420137744
umehara	ウメハラ	格 折笠 / ケンゴロー 西出 / マキ 友井	梅原　大吾 / 西出　ケンゴロー / 折笠　格	2014	9784041020296
uni-uni-uni-uni	うにうにうにうに	つっつ	青田めい	2014	9784832244665
vespa	Vespa	大北真潤	大北紘子	2014	9784758073196
yoru-no-tobari-hisoyakana-koi	夜の帳密やかな恋	山本美希	本崎月子	2014	9784776738824
yotsuba-danshiryou-sensen	よつば男子寮戦線	日暮眠都	たもつ　葉子	2014	9784041020999
youkai-shoujo-monsuga	妖怪少女-モンスガ-	ふなつ一輝	ふなつ かずき	2014	9784088798691
zero-kagemiko	零 影巫女	コーエーテクモゲームス / 樹林伸	天樹征丸 / hakus	2014	9784063951981
10sai-kara-no-kazoku-keikaku	10歳からの家族計画	厦門潤	陸乃家鴨	2013	9784832233508
abunoomarukei-joshi	危ノーマル系女子	カトウハルアキ	真田ジューイチ	2013	9784593857203
akai-mi-hajiketa	紅い実はじけた	菊池まりこ	高橋　那津子	2013	9784047292758
alquaine	アルクアイネ	白梅ナズナ	三ノ咲 コノリ	2013	9784063763874
aoi-uroko-to-suna-no-machi	青い鱗と砂の街	こゆき	小森羊仔	2013	9784088450902
ashigaru	あしがる	ゴツボ×リュウジ	ゴツボリュウジ	2013	9784041208700
ashitsuma-monogatari	アシ妻物語	大月康成	岡本ジュリー	2013	9784800001917
baby-kokoro-no-mama-ni	Baby,ココロのママに!	トワ	奥山ぷく	2013	9784593880751
banji-no-nyamunyamu-nikki	バンジのにゃむにゃむ日記	山崎あろえ	ジョンイ / ラナ	2013	9784591135822
batman-the-bat-manga-jirou-kuwata-edition	バットマン THE BAT MANGA JIRO KUWATA EDITION	桑田二郎	桑田次郎	2013	9784778032555
batman	バットマン	晴山晴緒	スコット・シュナイダー / グレッグ・カプロ / 高木　亮	2013	9784796871419
boku-dake-ga-inai-machi	僕だけがいない街	三部敬	三部　けい	2013	9784041205570
chibitora	チビトラ	あおいサクラ子	Kagezi	2013	9784391143355
chikkoincho	ちっこいんちょ	豊田アキヒロ	トイシキ	2013	9784832251670
choukadou-girl-6-bunnoichi	超可動ガール1/6	ÖYSTER	OYSTER	2013	9784575842289
clay-lord	CLAY LORD	瀬之たつね	鈴本純	2013	9784758058667
corpse-party-cemetery-0	コープスパーティーcemetery 0	中尾にわ	祁答院慎 / いちはや	2013	9784812483107
daitoshokan-no-hitsujikai-library-4-you	大図書館の羊飼い Library 4 you	旭太郎	和錆 / オーガスト	2013	9784758081863
dangan-takkuru	弾丸タックル	角光	佐藤由幸	2013	9784253211772
danna-sama-to-watashi	ダンナ様と私	なかはら★ももた	なかはらももた	2013	9784253136648
devi-rock	デビ★ロック	麻斗	那貴りんご	2013	9784253271219
diabolik-lovers	DiABOLiK LOVERS	南條パピ子 / 須坂紫那 / しのだまさき / Carawey	Rejet / アイディアファクトリー	2013	9784047287372
diaboro-no-suupu	ディアボロのスープ	岡﨑純平	岡崎純平	2013	9784063848588
dokusha-senyou-kensaku-engine-chotto-morimashita	読者専用検索エンジン ちょっと盛りました。	西本英雄	にしもとひでお	2013	9784063848557
doronkyuu	どろんきゅー	石津カユ	吉村佳	2013	9784832252158
gadget-ai-ga-tomaranai	ガジェット愛がとまらない	瑠沢るか / スタパ齋藤	スタパ斎藤 / るかぽん	2013	9784840149471
gekikara-bunka-kouryuu	ゲキカラ文化交流	将良	沼江蛙	2013	9784832252349
genbaku-to-inochi	原爆といのち	貝塚ひろし / 手塚治虫 / 赤塚不二夫 / 辰巳ヨシヒロ / 谷川一彦 / 中沢啓治	中野　晴行	2013	9784323064017
gesuiyo-hanamura-san	ゲスいよ!花村さん	壱臣	木箱キユ	2013	9784048662291
ginga-teikoku-kouboushi	銀河帝国興亡史	恵庭	アイザック・アシモフ / 卯月	2013	9784990256623
girls-ando-panzer-motto-raburabu-sakusen-desu	ガールズ&パンツァーもっとらぶらぶ作戦です!	深緑野分	弐尉　マルコ	2013	9784840153409
go-san-no-heart	誤算のハート	北畠あけ乃	緒川千世	2013	9784796404303
gokuraku-baritou-maruo-takatoshi-booboo-monogatari	極楽バリ島丸尾孝俊ボーボー物語	中祥人	中□人 / 丸尾孝俊	2013	9784537131017
haisouki-2013	敗走記	國津武士	しまたけひと	2013	9784063524819
hana-no-android-gakuen	花のアンドロイド学園	西村西	加山紀章	2013	9784048918121
hangyaku-no-kagetsukai	反逆の影使い	神﨑新	神崎新	2013	9784063949223
haru-x-kiyo	ハル×キヨ	尾崎あきら	オザキアキラ	2013	9784088451046
higanbana-no-joou	ヒガンバナの女王	岡児志太郎	岡仁志 太郎	2013	9784091854100
hima-nanode-hajimetemimasu	ヒマなのでハジメテみます。	右京あやね	左京亜也	2013	9784403663772
hyakujuu-taisen-great-animal-kaizaa	百獣大戦グレートアニマルカイザー	ひこちゃん	杉谷和彦	2013	9784091416858
hyouhen-suit-to-choukyou-office	豹変スーツと調教オフィス	山本美希	本崎月子	2013	9784776736356
ice-cream-line	アイスクリームライン	高菜	たし	2013	9784758072724
ikusaba-animation	戦場アニメーション	今野ユウキ	中田貴大	2013	9784088706931
imasara-nostradamus	いまさらノストラダムス	おそら	善内　美景	2013	9784840150453
jigoku-koisuchou	地獄恋すてふ	大宮宮美	おーみや	2013	9784041206874
kaiwa	会話	クレパス	ナラボン	2013	9784063949759
kantai-collection-kancolle-comic-arakaruto-maizuru-chinjufu-hen	艦隊これくしょん-艦これ-コミックアラカルト 舞鶴鎮守府編	「艦これ」運営鎮守府	角川ゲームス / コンプティーク	2013	9784041209714
kaze-tachinu	風立ちぬ	徳間書店	宮崎駿	2013	9784197701629
kodomotachi-no-sensou	子どもたちの戦争	ちばてつや	中野　晴行	2013	9784323064024
koubai-no-purokion	購買のプロキオン	霜風るみ	ふかさくえみ	2013	9784403671418
kuroneko-kareshi-no-amaekata	クロネコ彼氏の甘え方	右京あやね	左京亜也	2013	9784403664021
kyou-kara-omae-wa-ore-no-yome-2013	今日からオマエは俺の嫁	神田はるか	カワハラ恋	2013	9784800002303
lasboss-hero	LASBOSS×HERO	くずしろ	葛城一	2013	9784091242068
love-hard	LOVE HARD	袴田十莉	袴田十二	2013	9784403663901
mako-san-to-hachisuka-kun	真子さんとハチスカくん。	カツヲ	221	2013	9784896374117
material-polka	マテリアルポルカ	蓮乗寺メイ	古林奈留	2013	9784063879261
mirai-no-sensou	未来の戦争	ひらまつつとむ / 山上たつひこ / 手塚治虫 / 諸星大二郎 / 松本零士 / 星野之宣 / 石ノ森章太郎 / 藤子・F・不二雄 / 小松左京	中野　晴行	2013	9784323064055
mizuki-tama	水稀たま	比村奇石	水稀たま	2013	9784864421027
museum	ミュージアム	山本ダバサ	巴 亮介	2013	9784063823769
nanakosantekina-nichijou-dash	菜々子さん的な日常DASH!!	三部敬	瓦 敬助	2013	9784091848505
nanashi-wa-ittai-daredeshou	名無しは一体誰でしょう?	岡﨑河亮 / 堀祐介	山田 鐘人 / 岡崎 河亮	2013	9784091245076
necro-chronicle	ネクロ;クロニクル	鈴木狂太郎	鈴木　恭太郎	2013	9784047129337
nemuri-no-fuchi	ネムリノフチ	白井もも吉	中村歩	2013	9784063848755
nobo-san-to-kanojo	のぼさんとカノジョ?	ハイソンヤギ	モリコロス	2013	9784199801327
obake-apaato	おばけアパート	山野一	ねこぢるy	2013	9784883751600
odoro-ryouiki-nayura	おどろ領域ナユラ	黒谷シュウジ	黒谷宗史	2013	9784344829596
okitsunebiyori	おきつね日和	あずみ圭	澤野　明	2013	9784047128767
onnanoko-no-atama-no-naka-wa-okashi-ga-ippai-tsumatte-imasu	女の子の頭の中はお菓子がいっぱい詰まっています	駕籠真太郎	駕篭真太郎	2013	9784883751631
ozmafia	OZMAFIA!!	月ヶ瀬ゆりの	月ケ瀬ゆりの / Ｐｏｎｉ-Ｐａｃｈｅｔ　ＳＹ	2013	9784575842876
p-s-restart	P.S. リスタート	ふじま美耶	桑島黎音	2013	9784832243163
piano-no-mushi	ピアノのムシ	玖乃緑	荒川三喜夫	2013	9784832233775
pokemon-4koma-gakuen	ポケモン4コマ学園	やましたたかひろ	山下 たかひろ	2013	9784091414984
repeat-after-me	リピートアフターミー	田川ミ	ヤマモトマナブ	2013	9784800001887
ri-mahou-shoujo	Re:魔法少女	荒木そらいろ	しよた　こん	2013	9784048662451
secret-5	シークレット5	都波みなと	真枝アキ	2013	9784812481110
sekai-wa-kimi-de-mawatteru	世界は君で廻ってる	北畠あけ乃	緒川千世	2013	9784796404365
senjou-no-genjitsu-to-shoutai	戦場の現実と正体	古谷三敏 / 手塚治虫 / 秋本治 / 松本零士 / 水木しげる / 楳図かずお / 白土三平 / 比嘉慂	中野　晴行	2013	9784323064048
shihou-shuushuu-quest	司法修習QUEST	森田優子	赤ネコ法律事務所	2013	9784403671340
shinobi-no-otsutome	忍びのオツトメ	河野	マサオ	2013	9784785940249
shinozaki-san-ki-o-otashikani	篠崎さん気をオタしかに!	高橋真弥	氷川翔	2013	9784593857401
shitsuji-to-torawarehime	執事と囚われ姫	徐園	水里友紀	2013	9784776735274
sna-watashi-to-mna-sensei	Sな私とMな先生	大瑛ユキオ	しほのゆうじ	2013	9784091848338
suki-yorimo-chikaku	好きよりも近く	よの・志郎	マキノ	2013	9784063418552
teion-buranketto	低温ブランケット	坂井久仁江	国枝彩香	2013	9784799713150
tokkou-jimuin-minowa	特攻事務員ミノワ	蓮乗寺メイ	小川圭	2013	9784063823660
tokyo-d	トウキョウ・D	空木哲生	祀木円	2013	9784063806502
tomodachi-magunetto	ともだちマグネット	八色	まご	2013	9784812481004
uron-na-3-nin-tomo	うろんな3人共	徳重甫	山田真	2013	9784091243577
yankee-juku-e-iku	ヤンキー塾へ行く	空木哲生	荒木光	2013	9784063823677
zetsubou-no-hantou	絶望の犯島	桜井トシフミ	櫻井稔文	2013	9784575842784
100manboruto-no-kanojo	100万ボルトの彼女	ヒロコ 楯山	楯山ヒロコ	2012	9784812480038
1gatsu-no-puryuvioozu	1月のプリュヴィオーズ	星屑七号	星屑7号	2012	9784087824698
adashimono	あだしもの	大野彰	山本久美子	2012	9784088704593
ai-ga-aru	あいがある	なかはら★ももた	なかはらももた	2012	9784088672328
akabako	赤箱。	北浜勇介	キタハマンZ	2012	9784048864640
alpha-no-sakebi	アルファの叫び	青山アルト	九重シャム	2012	9784834262117
aoine-shiba-kun	青いね芝くん!	白山仁	木村光博	2012	9784091240194
aruki-henro-zukan	アルキヘンロズカン	國津武士	しまたけひと	2012	9784575943528
b-b-girls	B.B. girls	小石川イオリ	くみちょう	2012	9784800000712
bakugan-master-honoo-moetaroo	爆丸マスター炎もえたろー	ひこちゃん	杉谷和彦	2012	9784091415257
bird-jankai-angel-vs-tensai-magician	バード 雀界天使VS天才魔術師	山根和俊	青山広美	2012	9784812479230
blife	BLife	猿屋ハチ	一宮思帆	2012	9784861232190
byoon-youkai-gakkyuu	びょ～ん!!陽快学級	伊藤直晃	いとうなおあき	2012	9784088705897
campione	カンピオーネ!	坂本裕次郎 / シコルスキー / 丈月城	坂本次郎	2012	9784087824513
chuuganji-ke-no-onmitsu	中巌寺家の隠密	恩田時夫	片桐了	2012	9784091237880
cosplay-no-kami	コスプレの神!	奄美あまゆ	方密	2012	9784832241992
dansou-shoujo-cosplay-jienikku	男装少女×コスプレジェニック	たかうま創 / 御子紫はぐ	御子柴トミィ	2012	9784047282766
dogesen-r	どげせんR	笠原倫	RIN	2012	9784785939076
doraemon-nobita-to-kiseki-no-shima	ドラえもんのび太と奇跡の島	むぎわらしんたろう	藤子・F・不二雄プロ / 藤子不二雄F	2012	9784091413659
doreiku	奴隷区	大石普人 / BeLL	オオイシヒロト / 岡田伸一	2012	9784575841718
dougenzaka-alice	道玄坂アリス	月島冬二	イワシタシゲユキ	2012	9784537129090
enoki-jinja-nyanpaiki	榎神社ニャン拝記	石田リンネ	清水アイ	2012	9784592198680
ent	ENT	田島悠理 / 企画 / 朴美叔	Ylab	2012	9784091240064
erogeya-sister	えろげや×シスター	三上ミカ	御木本かなみ	2012	9784758081542
fleur	fleur	くろばR	ナガトカヨ	2012	9784776733713
fotokano	フォトカノ	緋野孝雄 / エンターブレイン	ナイロン / ディンゴ	2012	9784592141419
fuwafuwa-kagaku	ふわふわ科学	南野彼方	田仲康二	2012	9784832241299
gacen-rafu-sketch	G専ラフスケッチ	植草美幸	鳥取砂丘	2012	9784041202982
gikyoudai	戯姉弟	厦門潤	陸乃家鴨	2012	9784785939786
girls-und-panzer-little-army	ガールズ＆パンツァーリトルアーミー	ガールズ＆パンツァー製作委員会	槌居	2012	9784840147392
godaiko-furu-burst	五大湖フルバースト	有永イネ	西野マルタ	2012	9784063763232
gogh-chan	ゴッホちゃん	涼川りん	マブレックス	2012	9784757538399
gokatte-meijinroku	ご勝手名人録	雷門獅篭	雷門獅籠	2012	9784821143481
gokuben	ごくべん	大石普人	オオイシヒロト	2012	9784785937584
hanasaki-san-no-shuukatsu-nikki	花咲さんの就活日記	伊丹澄一	小野田真央	2012	9784091886026
hito-hitori-futari	ヒトヒトリフタリ	髙橋ツトム	高橋ツトム	2012	9784088792835
horeta-otoko-ga-warukatta	惚れた男がワルかった。	松山花子	九州男児	2012	9784799711798
imadoki-seishun-dankura	イマドキ青春男クラ	神田はるか	カワハラ恋	2012	9784041205082
imadoki-seishun-jokura	イマドキ青春女クラ	神田はるか	カワハラ恋	2012	9784041205075
in-biju	いん×びじゅ	里崎雅	八乃多々良	2012	9784575840223
ishida-to-asakura	石田とあさくら	河野	マサオ	2012	9784785938260
itsuya-san	夜さん	夢花李	佐原ミズ	2012	9784199801181
jibetagurashi-ahiru-no-seikatsu	ぢべたぐらし あひるの生活	峰島なわこ	マツダユカ	2012	9784799711316
kaden-no-okaimono	家電のお買いもの!	瑠沢るか	るかぽん	2012	9784864101448
kaitei-sentai	海底戦隊	小澤さとる	小沢さとる	2012	9784775914502
kashizukimusume-to-wakatsubame	かしずき娘と若燕	満月シオン	高透レイコ	2012	9784757534841
kikai-jikake-no-merudiina	機械仕掛けのメルディーナ	藤緒あい	宮ちひろ	2012	9784575841732
kimi-ni-somaru	きみに染まる	なかはら★ももた	なかはらももた	2012	9784253136631
kimi-to-kanaderu-fukyou-waon	君と奏でる不協和音	日輪早夜	ヒマワリソウヤ	2012	9784537128451
kodomo-shikkaku	子供失格	松山花子	友利卓司	2012	9784575840537
kohitsuji-wa-yoru-hyouhensuru	子羊は夜、豹変する	ふさ十次	かまくらなな	2012	9784776732877
koimeguri	恋巡	百乃モト / 清原紘 / 長井知佳 / 日本一ソフトウェア「特殊報道部」	中村トウヤ	2012	9784593880638
kugizuke-sasupishasu	釘付け鎖スピシャス	瀬之たつね	芹川豆	2012	9784758056915
kuroneko-kareshi-no-asobikata	クロネコ彼氏のアソビ方	右京あやね	左京亜也	2012	9784403663611
kyouiki-no-suruto	境域の錠前師	中原都	彩藤なお	2012	9784847038204
kyuudoushi	弓導士	天野雨乃	あまのあめの	2012	9784048864497
majikyuu-4-koma-maburavu-orutaneiteivu-tootaru-ikuripusu	マジキュー4コマ マブラヴオルタネイティヴトータル・イクリプス	草壁レイ / 緋呂河とも / おこさまランチ / 桃井涼太 / 結ゆい / 延川祐子 / 森しんじ / 智 / みづしま亜留	エンターブレイン	2012	9784047285248
marvel-zombies	マーベルゾンビーズ	PhillipsSean	ロバート・カークマン / 秋友　克也	2012	9784864911597
mawaru-kenja-no-shuraibuvaare	回転る賢者のシュライブヴァーレ	星屑七号	星屑7号	2012	9784757537620
momo-eno-tegami	ももへの手紙	本橋雄一	北見明子 / 沖浦啓之	2012	9784041201909
mukai-usagidou-nikki	向ヒ兎堂日記	海月れおな	鷹野久	2012	9784107716842
nekoka-kareshi-no-ayashikata	ネコ科彼氏のあやし方	右京あやね	左京亜也	2012	9784403663345
occult-mangekyou	オカルト万華鏡	流水凜子	流水凛子	2012	9784022140852
onnamae	おんなまえ	椎名南	しいなみなみ	2012	9784812479964
ozawa-satoru-mishuuroku-tanpenshuu	小沢さとる未収録短編集	小澤さとる	小沢さとる	2012	9784775914595
rakkiidoggu-1-blast	ラッキードッグ1 BLAST	おそら / Tennenouji	渦八	2012	9784040672724
reeve-monogatari	レーヴェ物語	楽時たらひ	日本ファルコム / 田沢大典	2012	9784896102246
saipiito	サイピート	小澤さとる	小沢さとる	2012	9784775914557
sayonara-itoshi-no-my-friend	さよなら、愛しのマイフレンド	江口吾朗	エンゾウ	2012	9784834262087
scratch	スクラッチ!!	上野	茶谷るみ / 狐屋草明	2012	9784758057219
seifuku	せいふく!	内山敦司	あっつん	2012	9784047284319
shibuya-mandala-dream-king-gaiden	シブヤ曼陀羅 ドリームキング外伝	近藤和寿 / 俵家宗弖一	柳内大樹 / 俵屋宗弓一	2012	9784088793832
shichinin-no-samurai	七人の侍	ケン月影	黒沢明 / 小国英雄	2012	9784063648997
shounen-typhoon	少年台風	小澤さとる	小沢さとる	2012	9784775914458
sirius-to-mayu	シリウスと繭	こゆき	小森羊仔	2012	9784088467962
sky-hai-shinshou	スカイハイ新章	髙橋ツトム	高橋ツトム	2012	9784086193917
sky-high-karma	スカイハイ カルマ	髙橋ツトム	高橋ツトム	2012	9784086193818
strike-uitchiizu-chiisaanya	ストライクウィッチーズ小ぃサーニャ	たちきヤマト / Projekt Kagonish / 島田フミカネ	立木大和	2012	9784041201725
sunuupii-zenshuu	スヌーピー全集	チャールズ・M・シュルツ / 松岡和子	チャールズ・モンロー・シュルツ / 谷川俊太郎	2012	9784835448541
tomodachi-ijou	友だち以上	おかざき真里	オカザキマリ	2012	9784087824254
tori-kurasuta-ni-sasagu-tori-4-koma	鳥クラスタに捧ぐ鳥4コマ	よしだ☆かおる	よしだかおる	2012	9784903974439
wonderland-museum	WONDERLAND MUSEUM	黒木香	浦山慎也	2012	9784091240248
yome-san-wa-moe-mangaka	ヨメさんは萌え漫画家	こげどんぼ*	コゲどんぼ	2012	9784861279867
yoru-o-meguru-hito	夜を巡る人	日輪早夜	ヒマワリソウヤ	2012	9784832288126
zan-men-5	ザン★メン5	斉藤ロクロ	目黒川うな	2012	9784575841060
zashiki-no-nonono	ざしきのののの	白井三二朗	白井三二郎 / かじいたかし	2012	9784798605043
baibai-niini	ばいばい、にぃに。	柳川ヨシヒロ	柳川喜弘	2011	9784091885630
baka-sennyuu	バカ潜入!	桜井トシフミ	桜壱バーゲン	2011	9784813053262
bara-to-black-pantsu	薔薇とブラックパンツ	くじらいいく子	くじらいいくこ	2011	9784048992060
botchibiyori	ぼっち日和。。	鹿子木灯	今村朝希	2011	9784758062831
centaur-no-nayami	セントールの悩み	東冬	村山慶	2011	9784199502743
chuugoku-yome-nikki	中国嫁日記	井上純弌	井上　純一	2011	9784047273597
danshaku-kouchou-hai	男爵校長high!	ÖYSTER	OYSTER	2011	9784575943405
dondonguri	どんどんぐり	遥那もより	遙那もより	2011	9784403671050
doubutsu-ga-oisha-san	動物がお医者さん!?	富士昴	富士昂	2011	9784091232274
esudii-gundam-sangokuden-brave-battle-uooriaazu-souseiki	SDガンダム三国伝brave battle warriors創世記	富野由悠季 / 矢立肇 / 岸本みゆき	岩本ゆきお	2011	9784047156494
goulart-knights	グラール騎士団	瀬之たつね	sion / 実弥島巧	2011	9784758055475
gusha-no-koi	愚者の恋	松山花子	九州男児	2011	9784403663024
haru-ni-kaeru	春に孵る	坂井久仁江	国枝彩香	2011	9784812475607
higurashi-no-naku-koro-ni-itagaki-hako-senshuu	ひぐらしのなく頃に 板垣ハコ撰集	オンディ	板垣ハコ / 竜騎士07	2011	9784758006323
hyakunin-isshu	百人一首	バラエティ・アートワークス	藤原定家	2011	9784781605333
ikezu-kareshi-no-otoshikata	イケズ彼氏の堕とし方	右京あやね	左京亜也	2011	9784403663222
indojin-to-nerima-de-kosodate	インド人と練馬で子育て。	流水凜子	流水りんこ	2011	9784821143122
isshokenmei-ni-class-tame-no-yakusoku-o-ikutsuka	一緒に暮らすための約束をいくつか	厦門潤	陸乃家鴨	2011	9784832232709
itoshi-itoshi-to-iu-kokoro	いとしいとしというこころ。	なかはら★ももた	なかはら桃太	2011	9784253136365
jinkou-hyourei-koneko	人工憑霊蠱猫	倭ヒナ / 化野燐	倭日向	2011	9784048546119
kaiten-mokuba	回転木馬	おおやちき	大矢 ちき	2011	9784778031817
kinoko-inu	きのこいぬ	阿左維シン	蒼星きまま	2011	9784199502675
konbini-kun	コンビニくん。	ぢゅん子	ぢゅんこ	2011	9784199604973
kuroneko-ace	黒猫エース	桂よしひろ	きょうこりん	2011	9784785935696
kusakanmuri	くさかんむり	竹村いづみ	竹村いずみ / 古林仁史	2011	9784091841780
kyuupii-gaiden-drama-special	QP外伝ドラマスペシャル	今村KSK / 南勝久 / 門尾勇治 / 髙橋ヒロシ / NAKA雅MURA / 神津しおん / 木村僚佑	高橋ヒロシ	2011	9784785937164
ladies-maid	レディーズメイド	めぇ田のん	春夏秋冬鈴	2011	9784785936143
love-idenshi-double-ekkusu	恋愛遺伝子XX	つだみきよ	蔵王大志 / 影木栄貴	2011	9784758071420
lovekatsu	ラブカツ!	清野静流	清野清流	2011	9784063417678
mamama	マママ	オカヤド	乾武丸	2011	9784063844818
manga-de-opera	マンガでオペラ	小林可多入	中野京子	2011	9784636861754
mangaka-yoiyoi	マンガ家よゐよゐ	なかはら★ももた	なかはら桃太	2011	9784063377293
marii-to-ellie-no-atelier-zaaruburugu-no-renkinjutsushi-sekando-season	マリーとエリーのアトリエザールブルグの錬金術士 Second Season	おちよしひこ	越智　善彦	2011	9784047271616
momozono-quartet	桃苑カルテット	赤井里美	赤井里実	2011	9784048992282
nagai-aida-kimi-o-miteita	長い間きみを見ていた	榎本ナリコ	野火ノビタ	2011	9784799710111
nihonkaigun-kikkarengoukantai	日本海軍菊花聯合艦隊	枚	牧	2011	9784893937056
ochita-taiyou	堕ちた太陽	松山花子	九州男児	2011	9784775517567
oneko-sama	おネコさま	榊間おつぶ	榊こつぶ	2011	9784537127980
pink-reesuna-kare	ピンクレースな彼	みなみ遥	南かずか	2011	9784199604980
saihate-keisatsu	最果警察	倖 松久	松久倖	2011	9784861279294
seishun-hana-shinjuu	青春花心中	河井英杞	河井英槻	2011	9784403663192
shitsuji-ni-kokkyou-nante	執事に国境なんて	赤夏	五十嵐嵐	2011	9784758056236
shoku-no-gunshi	食の軍師	泉晴紀 / 久住昌之 / ねてる	泉昌之	2011	9784537127072
shounan-resukyuubu	湘南レスキュー部	東元俊哉	東元俊也	2011	9784063821048
spree-killer	スプリー★キラー	麻斗	那貴りんご	2011	9784893937025
steins-gate-2011	しゅたいんず・げーと!	さらちよみ	nini / 5pb．×ニトロプラス	2011	9784840140164
tetsugaku-letra	鉄楽レトラ	夢花李	佐原 ミズ	2011	9784091234452
umineko-no-naku-party-ni-tea-party-of-the-witches	うみねこのなく宴に Tea party of the witches	30M先	平こさか / 竜騎士07	2011	9784758081030
ushio-kun-kamubakku	牛男くん!カムバック	いのうえさきこ	井上咲子	2011	9784267018657
15-meisetsu-kougyou-koukou-ragubiibu	15明刹工業高校ラグビー部	成家慎一郎	成瀬芳貴	2010	9784757530331
adarutona-kaihatsushitsu	アダルトな開発室	極楽院櫻子	さくらあしか	2010	9784904468685
anamorphosis-no-meijuu	アナモルフォシスの冥獣	駕籠真太郎	駕篭真太郎	2010	9784862529121
armed-arm	アームドアーム	雨蘭	橋本還	2010	9784785935269
blade-breaker	ブレイドブレイカー	鈴木狂太郎	鈴木恭太郎	2010	9784785935030
buchou-no-koi	部長の恋	松山花子	九州男児	2010	9784862638014
cha-no-namida	茶の涙	ひらぶき雅浩	水面かえる	2010	9784861277504
chocolate-fighter	チョコレート・ファイター	ふうたまろ	森川ひさし	2010	9784408172460
d-drops	D・ドロップス	住野よる	椎名	2010	9784757530430
emuemu-santa	エムエム三太	小澤さとる	小沢さとる	2010	9784775914151
fifty-fifutei	50×50	坂井久仁江	国枝彩香	2010	9784862637758
himawari-2010	ひまわり	銀八	檜山大輔 / ごぉ	2010	9784757528086
himegoto-2010	ひめごと	國津武士	堀多磊音	2010	9784253255059
hourai-girls	蓬莱ガールズ	山田怜	山田瑯	2010	9784063842890
in-wonderland	イン・ワンダーランド	薮内貴広	藪内貴広	2010	9784047262720
jiraishin-diablo	地雷震ディアブロ	髙橋ツトム	高橋ツトム	2010	9784063106237
jitsuroku-watanabe-yoshinori-yamaguchigumi-godaime-monogatari	実録渡辺芳則山口組五代目物語	村祖俊一	如月次郎 / 月檸一閃	2010	9784862011725
kabuki-no-fudou	カブキの不動	奥谷通教 / 花乃軍	奥道則 / 観月昴	2010	9784537125443
kanojo-wa-sore-o-gaman-dekinai	彼女はソレを我慢できない	月島冬二	イワシタシゲユキ	2010	9784766335125
koiiro-devil	恋色・DEVIL	真敷ひさめ	三浦ひらく	2010	9784812472750
komasa-desutsu	コマサですっ!	くじらいいく子	くじらいいくこ	2010	9784022140463
kurowashi-shounen	黒わし少年	桑田二郎	桑田次郎	2010	9784775913604
kyoukaisenjou-no-rinbo	境界線上のリンボ	植草美幸	鳥取砂丘	2010	9784832279025
love-kaidan-sayoko-san	恋愛怪談サヨコさん	関﨑俊三	関崎俊三	2010	9784592147411
m-and-mirumiru	M ＆ミルミル	Kan Fujita	FujitaKan	2010	9784286091426
mahou-to-pantsu-to-ore	魔法とパンツとオレ	黒柾志西	ベンジャミン	2010	9784847037443
mouryou-no-yurikago	魍魎の揺りかご	三部敬	三部けい	2010	9784757529694
negative-twin-tower	ネガティブ・ツインタワー!	けものの☆ 	けものの★	2010	9784797358254
nude-fighter-yuzuki	ヌードファイター柚希	爲永ゆう	為永 ゆう	2010	9784091828750
oishii-nagoya-o-tabe-ni-ikomai	美味しい名古屋を食べに行こまい	榊間おつぶ	榊こつぶ	2010	9784537126730
pasta-no-oukoku	パスタの王国	中祥人	中□人	2010	9784537125665
rakugakichou	落画記帳	さかいよしのり	酒井芳徳	2010	9784434142918
rongo	論語	バラエティ・アートワークス	孔子	2010	9784781603254
rui-rui	るいるい	たからもも	真楠	2010	9784861277702
sakura-buntsuu	さくら文通	日輪早夜	ヒマワリソウヤ	2010	9784758070935
shihoubatake-de-tsukamaete	司法畑でつかまえて♥	厦門潤	陸乃家鴨	2010	9784812472422
shin-koihime-musou	真・恋姫・無双	むこうじまてんろ / BaseSon	あかりりゅりゅ羽	2010	9784047154155
shiritsu-rpg-highschool	私立RPGハイスクール	こいでたく	小出拓	2010	9784798600178
suugaku-joshi	数学女子	山口悠	安田まさえ	2010	9784812474440
toshishita-no-ryuugi	年下の流儀	黒沢椎	円屋榎英	2010	9784199604270
usahiyo	うさひよ	石田リンネ	清水アイ	2010	9784861277306
yuuboo	Uボー	佐々木多利尓	藤子・F・ 不二雄	2010	9784091434449
zettai-kunshu-shoukougun	絶対君主症候群	月島冬二	イワシタシゲユキ	2010	9784537125719
ani-koi	アニコイ	ゴツボ×リュウジ	ゴツボリュウジ	2009	9784047152908
axel-rex	アクセルレックス	大野純二	おおのじゅんじ	2009	9784063494372
baby-tech	ベビーテック	桑田二郎	桑田次郎	2009	9784775912850
black-dust-potion	ブラックダストポーション	瀬之たつね	芹川豆	2009	9784758053952
chiruhi	チルヒ	河内遙	河内　遥	2009	9784862254672
daikyuu-seikuu-kihei-shidan	第九征空騎兵師団	藤崎聖人	藤崎了士	2009	9784063841671
dokidoki-tama-tan	どきどき!たまタン	こげどんぼ*	コゲどんぼ	2009	9784063642285
fluidrat	フルイドラット	百乃モト	坂木原レム	2009	9784199501258
gebaruto	ゲバルト	雨蘭	橋本還	2009	9784592145288
gunjou-2012	群青	吉田秋生	かねさだ雪緒 / 宮木あや子	2009	9784091325921
hadou-no-mon	破道の門	東元俊哉	東元俊也	2009	9784063617436
hataraku-indojin	働く!!インド人	流水凜子	流水りんこ	2009	9784022140173
higher-ground	ハイアーグラウンド	小幡文生	小幡フミオ	2009	9784537109153
jitsuroku-yami-no-shihaisha-yami-shogun	実録!闇の支配者闇将軍	井上大助 / 坂丘のぼる / 池原しげと / こんどうしゅん / 大下英治	鴨林源史	2009	9784479391890
karakasa-no-saien	唐傘の才媛	非鍵龍彦	緋鍵　龍彦	2009	9784048677110
kouun-no-rihatsushi	幸運の理髪師	東冬	長門サイチ	2009	9784199603969
machi	街	辰巳ヨシヒロ	石川フミヤス / 草川秀男 / 久呂田まさみ / さいとう・ たかを / 桜井昌一 / 佐藤まさあき	2009	9784778031077
mahou-no-onnanoko-chaamii-chako-chan	魔法の女の子ちゃ～み～チャコちゃん	紺野比奈子	ひな。	2009	9784056070514
maishuu-kayou-wa-chuuzudei	毎週火曜はチューズデイ!	ÖYSTER	Ｏ¨ＹＳＴＥＲ	2009	9784832267596
mama-wa-doukyuusei	ママは同級生	あずまゆき	あづまゆき	2009	9784253148979
midareru-megane	乱れるメガネ	ミナモトカズキ	美輝妖	2009	9784775513613
mimitabu-no-wake	耳たぶの理由	坂井久仁江	国枝彩香	2009	9784812470442
mousou-otome	妄想乙女	いいじま凛	いいじま凜	2009	9784253136167
onape	オナぺ	佐藤沙緒里 / カマキリ / 栗山なつき	佐藤　沙緒理	2009	9784790122586
pink-pepper-okano-2009	ピンク・ペッパー	厦門潤	陸乃家鴨	2009	9784408172200
pocket-monster-platinum	ポケットモンスタープラチナ	松島リュウ	松嶋リュウ	2009	9784091408341
popcorn-avatar	ポップコーンアバター	星野倖一郎	星野幸一郎	2009	9784091218599
rappa	乱刃	樋野友行	空十雲	2009	9784840129053
rinko-chan-haaitsu	リンコちゃんハーイッ	流水凜子	流水りんこ	2009	9784785932183
senpainetsu	先輩熱	小だまたけし	まだ子	2009	9784408171821
shinkan	シンカン	イシデ電	川原由美子	2009	9784022142085
shokkyaku	食客	ホ・ヨンマン	許英万 / カン・スンジャ	2009	9784063757088
shoujo-no-mousou-wa-itsu-hiraku	少女の妄想はいつひらく?	厦門潤	陸乃家鴨	2009	9784408171876
spray-king	Spray King	三国シン	三國シン	2009	9784063800395
teriyaki-uesutan	テリヤキウエスタン	高木かな子	高木かなこ	2009	9784757525290
toaru-joshidaisei-no-nichijou-ni-miru	とある女子大生の日常にみる	こんちき	山田　秀樹	2009	9784047261624
tokyo-kaidou	東京怪童	望月峯太郎	望月ミネタロウ	2009	9784063728132
tonton-wanko-baggu	とんとん♪わんこバッグ	上重☆さゆり	上重さゆり	2009	9784091408761
trans-venus	トランス・ヴィーナス	田巻久雄	たまきひさお	2009	9784199501180
wagamama-fasshon-girls-mode-rui-style	わがままファッション ガールズモード	小室栄子	こむろえ?こ	2009	9784091408792
worst-gaiden	WORST外伝	髙橋ヒロシ	高橋ヒロシ	2009	9784253201513
abu-san-tsunohazu-2008	危さん	奴隷ジャッキー	どれえじゃっきぃ	2008	9784253255431
bousou-shojo	暴想処女	榎本ハイツ	酉川宇宙	2008	9784063616835
chibi-geass-4koma-no-lelouch	ちびギアス4コマのるるーしゅ	As'まりあ	As’まりあ	2008	9784048542289
chocola-2008	Chocola 2008	こげどんぼ*	コゲどんぼ	2008	9784797352108
darwin-ga-kita	ダーウィンが来た!	NHK「ダーウィンが来た!」	日本放送協会	2008	9784062145695
di-gi-charat	デ・ジ・キャラット	こげどんぼ*	コゲどんぼ	2008	9784797352115
enueichikee-darwin-ga-kita	NHKダーウィンが来た!	NHK「ダーウィンが来た!」	日本放送協会	2008	9784062192996
garoro-q	ガロロQ	桑田二郎	桑田次郎	2008	9784775912393
hakake-no-uta	歯かけの恋	小幡文生	ふんわり / かわさき健	2008	9784408171142
hare-nochi-cinderella	晴れのちシンデレラ	宮成樂	宮成楽	2008	9784812470091
hiiragi-shougakkou-love-club	柊小学校恋愛くらぶ	あずまゆき	あづまゆき	2008	9784575835137
hoozuki-no-shima	鬼燈の島	三部敬	三部けい	2008	9784757522855
hurricane-trimmer	ハリケーントリマー	柳川ヨシヒロ	柳川喜弘	2008	9784537107562
hyottoko-school	ひょっとこスクール	天空宇宙流	武凪知	2008	9784757523272
joou-sama-ga-ippai	女王様がいっぱい	月島冬二	イワシタシゲユキ	2008	9784107714008
kakato-no-rakugaki	踵の落書き	中村慶吾	膝枕カカト	2008	9784785930462
kaminari-to-mandala	雷とマンダラ	雷門獅篭	雷門獅籠	2008	9784821186839
kitsune-no-yomeiri	きつねのよめいり	髙木聡	高木聡	2008	9784063800142
kyoudai-brothers	兄弟-BROTHERS	成家慎一郎	成瀬芳貴	2008	9784757523388
masuikai-hana	麻酔科医ハナ	中山寛巳	なかお白亜 / 松本克平	2008	9784575835045
megalomania	メガロマニア	銀八	檜山大輔	2008	9784757521827
mirai-no-kioku-kaze-no-yukue	未来の記憶風の行方	坂井久仁江	国枝彩香	2008	9784862633675
mousou-senki-robot-zantouhei	妄想戦記ロボット残党兵	まずりん	横尾公敏	2008	9784199500992
nagamike-no-shokutaku	流水家の食卓	流水凜子	流水りんこ	2008	9784253245814
naki-shoujo-no-tame-no-pavane	亡き少女の為のパヴァーヌ	こげどんぼ*	コゲどんぼ	2008	9784861275647
neko-puni	ねこぷに	石田貴子	まつうらゆうこ	2008	9784862010407
otoko-to-onna-no-kousaten	男と女の交差点	大和正樹	アンソロジ-	2008	9784537154894
patoken	パト犬	片倉政憲	片倉・狼組・政憲	2008	9784088745114
penguin-musume-max	ペンギン娘MAX	高橋哲哉	高橋てつや	2008	9784253232531
raiden	らいでん	ウヒョ助	塚脇永久	2008	9784253209007
ririkoi-love-naika	リリコイ恋愛内科	くじらいいく子	くじらいいくこ	2008	9784091821591
romance-concierge	ロマンス・コンシェルジュ	松山花子	九州男児	2008	9784537108880
sabita-kenjuu	錆びた拳銃	谷弘兒	谷弘児	2008	9784757739741
sekai-wa-hitotsu-dake-no-hana	世界はひとつだけの花	なかはら★ももた	なかはら桃太	2008	9784253106061
shouwa-no-kodomo	昭和のこども	流水凜子	流水りんこ	2008	9784821186099
shugo-chara-chan	しゅごキャラ!ちゃん	ナフタレン水嶋 / PEACH‐PIT	PEACH-PIT	2008	9784063756098
sunaakugari	スナーク狩り	大石普人	オオイシヒロト / 宮部みゆき	2008	9784107714121
sweet-embrace	Sweet embrace	みなみ遥	南かずか	2008	9784877248505
trash-can	トラッシュカン	藍川さとる	古張乃莉	2008	9784403619212
tsuki-no-omoide	月の思い出	シバ	三橋乙揶	2008	9784892891281
warasibe	WARASIBE	ひいろ莎々	松葉サトル	2008	9784757522701
x-man	Xマン	桑田二郎	桑田次郎	2008	9784775912348
zoruman-ebiinu-kun	ゾル漫えびいぬ君	ゾルゲ市蔵	ゾルゲール哲	2008	9784896372458
akane-sal	あかねSAL☆	なかはら★ももた / 岡田惠和	なかはらももた / 岡田恵和	2007	9784063406405
aratama-tribe	荒魂トライブ	ゴツボ×リュウジ	ゴツボリュウジ	2007	9784047139411
bannin	番人	坂井久仁江	国枝彩香	2007	9784862632746
bus-hashiru	バス走る。	夢花李	佐原ミズ	2007	9784107713360
first-mission	ファースト・ミッション	松山花子	九州男児	2007	9784896017458
fushigi-no-kuni-no-alice	不思議の国のアリス	たむら純子 / ルイス・キャロル	木下さくら	2007	9784344810945
green-geito-monogatari	グリーンゲイト物語	めるへんめーかー	めるへんめ-か-	2007	9784257724216
hikari-no-daishain	光の大社員	ÖYSTER	O¨YSTER	2007	9784575941357
indona-hibi	インドな日々	流水凜子	流水りんこ	2007	9784022130976
inraku-ni-torawareta-gurimudouwa	淫楽に囚われたグリム童話	愛田真夕美	天ケ江ルチカ	2007	9784821184712
kami-no-te-o-motsu-otoko	神の手を持つ男	須本壮一	本そういち	2007	9784047250062
kiss-sis	Kiss×sis	ぢたま(某)	ぢたま某	2007	9784063723441
kotetsuden	小鉄伝!!	岸本みゆき	岩本ゆきお	2007	9784063751048
kumafuufu	くま夫婦	パンチョ近藤	中央ヤンボル	2007	9784344013575
lady-eagle	レディイーグル	千葉きよかず / 鳴海章	千葉潔和	2007	9784047250031
mahou-ni-kakatta-boku-no-machi	魔法にかかったぼくのまち	よしだもろへ	吉田もろへ	2007	9784757738645
mahou-no-ojikan	魔法のお時間	よしだもろへ	吉田もろへ	2007	9784757735880
manyuu-hikenchou	魔乳秘剣帖	こんちき	山田　秀樹	2007	9784757734876
mobile-suit-gundam-dai-08ms-shoutai-u-c-0079-alpha	機動戦士ガンダム第08MS小隊U.C.0079+α	矢立肇 / 富野由悠季	飯田馬之介	2007	9784047139442
mononokemono	もののけもの	ゴツボ×リュウジ	ゴツボリュウジ	2007	9784047139046
my-girl	マイガール	夢花李	佐原ミズ	2007	9784107713254
nekomokoro	ねこもころ	☆よしみる	乙佳佐明	2007	9784797341072
ou-sama-no-oopaatsu	王様のオーパーツ	ニシカワ醇	西川淳	2007	9784253213110
penguin-musume	ペンギン娘	高橋哲哉	高橋てつや	2007	9784253209410
project-ekkusu-chousensha-tachi	プロジェクトX 挑戦者たち	張慶二郎	日本放送協会	2007	9784776721154
saint-october	セイントオクトーバー	きぃら～	きぃら〜	2007	9784861273728
schoolmate	Schoolmate	あずまゆき	あづまゆき	2007	9784253255110
shounen-shoujo-wa-batsubatsusuru	少年少女は××する	厦門潤	陸乃家鴨	2007	9784408170961
taanee-gundam-tsuki-no-kaze	ターンエーガンダム月の風	安田朗	あきまん	2007	9784047139299
taneda-mikio-de-gozaimasu	〔○当〕タネダミキオでございます。	ウヒョ助	塚脇永久	2007	9784107713094
tenshi-no-uta-nishida-2007	天使のうた	西田ヒガシ	西田東	2007	9784403661761
yurumi-to-shimeru	ユルミとシメル	こいでたく	小出拓	2007	9784797341430
yuuwaku-recipe	誘惑レシピ	楢崎壮太	てぃるよし	2007	9784575834024
12-seiza-no-serenade	12星座のセレナーデ	編著	鴇乃翠	2006	9784892363634
asami-mitsuhiko-mystery-special	浅見光彦ミステリースペシャル	日下部拓海 / 羽柴麟 / 千村青 / 内田康夫	稜敦水 / 中邑冴	2006	9784408170336
atori-show	アトリ抄	たしろたくや	田代琢也	2006	9784840116237
comic-2-2-samurai-survivor	コミック戦国無双2 サムライサバイバー	企画	光栄	2006	9784775804445
comic-sangokushi-touruu-episode-rendetsu	コミック三國志トゥルーエピソード列伝	フィールドワイ	光栄	2006	9784775804346
cosplay-hausukiipaa-ume-chan	コスプレHキーパーうめちゃん	前川かずお	前川・工房	2006	9784408170022
dakkan	奪還	須本壮一	本そういち / 蓮池透	2006	9784575993134
diasu-police	ディアスポリス	すぎむらしんいち / 長崎尚志	リチャード・ウー	2006	9784063725520
egao-no-mahou	えがおのまほう	よしだもろへ	吉田もろへ	2006	9784757730106
esupaa3	エスパー3	桑田二郎	桑田次郎	2006	9784775911280
fight-ippatsu-juuden-chan	ファイト一発!充電ちゃん!!	ぢたま(某)	ぢたま某	2006	9784847035524
gunyouken-yamato	軍用犬ヤマト	桑田二郎	真樹日佐夫 / 桑田次郎	2006	9784775911167
haha-ga-rachisareta-toki-boku-wa-mada-1saidatta	母が拉致された時僕はまだ1歳だった	須本壮一 / 小山唯史	飯塚耕一郎 / 本そういち	2006	9784575299199
hana-mo-kimi-o-miteru	花もキミを見てる	くじらいいく子	くじらいいくこ	2006	9784091807496
honey-boys-spiral	蜜的男子スパイラル	みなみ遥	南かずか	2006	9784199603228
itsuka-hero-ni-naru-hi	いつかヒーローになる日	芹沢ゆきこ	芹沢由紀子	2006	9784063653861
japon	JAPON	安野モヨコ	フレデリック・ボワレ / 天野昌直	2006	9784870316997
kamichama-karin-chu	かみちゃまかりんchu	こげどんぼ*	コゲどんぼ	2006	9784063641196
koikyuu	恋きゅー	征海美亜	征海未亜	2006	9784797337617
konkon-kokon	こんこんここん	こげどんぼ*	コゲどんぼ	2006	9784797339345
kuwata-jirou-adaruto-tanpenshuu	桑田次郎アダルト短編集	桑田二郎	桑田次郎	2006	9784775911174
love-shoujo	恋愛少女	草薙竜樹	水城かなる	2006	9784396780074
mangamuboubiman-ga-yuku	まんが無防備マンが行く!	秋元裕美子	あきもとゆみこ	2006	9784886835888
mugen-no-gunkan-yamato	夢幻の軍艦大和	須本壮一	本そういち	2006	9784063521542
netsuai-shoujo	熱愛少女	草薙竜樹	水城かなる	2006	9784396780128
orette-tenshi	オレって、天使	硝音あや	しょうおとあや	2006	9784862630506
shiratama	しらたま!	あずまゆき	あづまゆき	2006	9784832276031
soredewa-mina-san	それではみなさん。	内田カヲル	内田かおる	2006	9784862630896
suihee-riibe	すいへーりーべ!	東風実花	吾妻ナオミ	2006	9784797337587
superman-for-tomorrow	Superman for tomorrow	石川裕人	BRIAN　AZZARELLO	2006	9784861763137
takeda-shingen-2023	武田信玄	深谷陽 / 佐藤修弘 / 木村栄志	井上靖 / 小堺昭三	2006	9784063703160
tamage	魂消	稲荷家房之介	九条友淀	2006	9784056043945
taoreru-toki-wa-maenomeri	倒れるときは前のめり。	いのうえさきこ	井上咲子	2006	9784253105729
toukyouzman	東京Zマン	桑田二郎	桑田次郎 / 久米穣	2006	9784775910788
travel	トラベル	横山裕一	横山祐一	2006	9784872576528
trouble-travel	とらぶるトラベル	愁☆一樹	愁一樹	2006	9784797338775
yami-ni-koi-shita-hitsuji-chan	闇に恋したひつじちゃん	長蔵ヒロコ	長蔵　啓丸	2006	9784047124677
yasashii-tatsu-no-koroshikata	やさしい竜の殺し方	加藤えりこ / 津守時生	加藤絵理子	2006	9784048539739
1-nen-366-nichi-no-himitsu	1年366日のひみつ	大橋よしひこ / 筆吉純一郎	おおはしよしひこ / 竹内誠	2005	9784052023477
akuma-no-shisha	悪夢の使者	桑田二郎	桑田次郎	2005	9784775910511
angels	Angels	大月悠祐子	かなん	2005	9784861762161
aruji-no-oose-no-mama-ni	主のおおせのままに	つだみきよ	蔵王大志	2005	9784403661020
boku-tachi-ha-asu-ni-mukatte-ikiru-no-da	僕たちは明日に向かって生きるのだ	つだみきよ	蔵王大志	2005	9784403661013
candy-2012	キャンディ	鈴木有布子	わたなべあじあ	2005	9784832283558
comic-4-n-sangoku-musou-4-wonder-evolution	コミック真・三國無双4ワンダーエボリューション	企画	光栄	2005	9784775803172
de-ji-kyaratto-piyopiyo-piyoko-chan	デ・ジ・キャラットぴよぴよぴよこちゃん	紺野比奈子	ひな	2005	9784861760235
dog-tory	ドッグ・トーリィ	桑田二郎	桑田次郎	2005	9784775910665
gashu	画趣	皇名月	皇なつき	2005	9784870316218
glee-green-island	Glee Green Island	あずまゆき	あづまゆき	2005	9784832275553
himitsu-de-hanazono	秘密で、花園。	硝音あや	しょうおとあや	2005	9784835218106
honto-ni-atta-itai-ohanashi	ホントにあった痛いお話	うぐいすみつる	流水りんこ	2005	9784056039528
kaidanshi-saniwa	快男子サニワ	小幡文生 / 狩撫麻礼	ふんわり / 土屋ガロン	2005	9784575831948
kaiki-daisakusen-kuwatajirouban	怪奇大作戦 桑田次郎版	桑田二郎	桑田次郎	2005	9784775910498
kiku	キク	髙橋ヒロシ	高橋ヒロシ	2005	9784253240093
kimi-no-kao-ni-sasu-kage	君の顔に射す影	榎本ナリコ	野火ノビタ	2005	9784835217987
koihime-soushi	恋姫草紙	こげどんぼ*	コゲどんぼ	2005	9784840230094
koneko-no-mainichi	仔猫の毎日	稲荷家房之介	九条友淀	2005	9784056039511
kousoku-esper-asano-2005	光速エスパー	あさのりじ	浅野利治	2005	9784775910566
kuroi-kaze	電人Xマン+黒い風	桑田二郎	桑田次郎	2005	9784775910627
lingua-franca	リンガフランカ	鹿島麻耶	滝沢麻耶	2005	9784063143720
master-gun-master	MASTER GUN MASTER	鈴木大	鈴木ダイ	2005	9784253208017
megumi	めぐみ	須本壮一 / 横田早紀江	本　そういち	2005	9784575298253
miraijin-ken	未来人ケン	桑田二郎	桑田次郎	2005	9784775910450
reimei-no-hana	黎明の花	稲荷家房之介	九条友淀	2005	9784056038637
seiteki-ningen	性的人間	松田望 / 中村好夫	のぞむよしお	2005	9784088767826
skincream-de-nurashite	スキンクリームで濡らして	みなみ遥	南かずか	2005	9784199602931
taiko-no-tatsujin	太鼓の達人	大野純二	おおのじゅんじ	2005	9784063721102
tomo-no-shi-o-koete	友の死を越えて	高岩ヨシヒロ	日本放送協会	2005	9784776791027
valkyrie-no-kou-tan	ワルキューレの降誕	冨士宏	富士宏	2005	9784861271588
wish-fuga-2005	wish	征海美亜	征海未亜	2005	9784063640939
8-miri-no-akuma-vs-tokumeihan	8ミリの悪魔vs特命班	笠原倫	日本放送協会	2004	9784776790099
anata-o-hitorijime	あなたをひとりじめ	内田カヲル	内田かおる	2004	9784812460139
budfly	バドフライ	月島冬二	イワシタシゲユキ	2004	9784091871718
cherry-2004	チェリー	小沢としお	小沢利雄	2004	9784253207218
chijou-saisoku-seishun-takkyuu-shounen-puuyan	地上最速青春卓球少年 ぷーやん	桐木憲一	霧木凡ケン	2004	9784088736921
chouhatsu-baby	挑発ベイビー	紗羅まひろ	沙羅まひろ	2004	9784091383037
cocoon	COCOON	竹下けんじろう	竹下堅次朗	2004	9784861270918
code-name-ha-baby-face	暗号名はBF	田中ほさな	田中保左奈	2004	9784091271310
daishizen-no-fushigi-50-no-himitsu	大自然のふしぎ50のひみつ	鵺りつき	ぬえりつき / 奈須紀幸	2004	9784052019500
de-ji-kyaratto-dejiko-danyo	デ・ジ・キャラットでじこだにょ	こげどんぼ*	コゲどんぼ	2004	9784902314885
fuji-san-reedaa-kyodai-taifuu-kara-nippon-o-mamore	富士山レーダー巨大台風から日本を守れ	高岩ヨシヒロ	日本放送協会	2004	9784776790204
geigeki-kuuiki	迎撃空域	吉原昌宏	吉原昌広	2004	9784861560125
hamster-family	ハムスターファミリー	じゅりあーの	じゅりあ-の	2004	9784873173788
hatou-senkan-musashi	波濤戦艦武蔵	居村眞二	居村真二	2004	9784056036367
ichigo-omelette	いちごオムレツ	はんざわかおり	半澤香織	2004	9784088565163
inagawa-kaidan	稲川怪談	井出智香恵 / 稲川淳二	永久保貴一	2004	9784048537681
ippatsu-gyakuten-pawapuro-kun	一発逆転!パワプロクン!	やましたたかひろ	山下たかひろ	2004	9784091470119
kaitei-3000meetoru-no-daisousaku	海底3000メートルの大捜索	須本壮一	日本放送協会	2004	9784776790044
kaze-no-yukue	風の行方	坂井久仁江	国枝彩香	2004	9784835216607
kessen-ultra-kyoudai	決戦!ウルトラ兄弟	居村眞二	居村真二	2004	9784813020073
ketsudan-inochi-no-itteki	決断命の一滴	須本壮一	本そういち	2004	9784776713289
king-robo	キングロボ	桑田二郎	桑田次郎	2004	9784775910030
kusuriyubi-ni-himitsu-no-koi	薬指に秘密の恋	極楽院櫻子	さくらあしか	2004	9784773095159
kyuumei-kyuukyuu-er-tanjou	救命救急ER誕生	こやす珠世	日本放送協会	2004	9784776790266
ma-no-yama-daisounan-kesshi-no-kyuushutsugeki	魔の山大遭難決死の救出劇	こやす珠世	日本放送協会	2004	9784776790990
manga-project-ekkusu-chousenshatachi	まんがプロジェクトX挑戦者たち	NHKプロジェクトX制作班	日本放送協会	2004	9784776790297
manga-yakyuu-nyuumon	マンガ野球入門	てらしまけいじ	椎屋光則 / 大沢啓二	2004	9784381079527
meitantei-zukkoke-sanningumi	名探偵ズッコケ三人組	新山たかし / 前川かずお / 矢沢和重	那須正幹 / 矢澤和重	2004	9784591082768
mendou-michauyo	メンドウ見ちゃうよ	かやまゆみ	加山弓	2004	9784408434094
nekozamurai	ネコ侍	松山花子	九州男児	2004	9784835216881
nippon-hatsu-no-haiuee-shoubu-wa-tennouzan	日本初のハイウエー勝負は天王山	笠原倫	日本放送協会	2004	9784776790983
pocket-monster-chamo-chamo-pretty	ポケットモンスターチャモチャモ☆ぷりてぃ	つきりのゆみ	月梨野ゆみ	2004	9784091318428
private-rabu-teacher	プライベート・らぶ・ティーチャー	吉祥寺もなか	風鈴	2004	9784883862436
project-x-chousenshatachi-2004	プロジェクトX挑戦者たち	正木秀尚	日本放送協会	2004	9784872878882
rampage	ランペイジ	吉永裕ノ介	吉永裕介	2004	9784063462449
repure	リピュア	征海美亜	征海　未亜	2004	9784049249910
ryuusuisanchi-no-pet-jijou-kazoku-jijou	流水さんちのペット事情家族事情	流水凜子	流水りんこ	2004	9784056037609
saihate-no-kimi-e	最果ての君へ	みなみ遥	鹿住槇	2004	9784835213613
saite-magoichi	咲いて孫市	柳川ヨシヒロ	柳川喜弘	2004	9784107711571
sasameki	ササメキ	ゴツボ×リュウジ	ゴツボリュウジ	2004	9784047136151
sasanaki	ササナキ	ゴツボ×リュウジ	ゴツボリュウジ	2004	9784047136731
senjou-no-kizuna	戦場の絆	居村眞二 / 佐藤大輔	居村真二	2004	9784418045174
senka-no-okite	戦火の掟	居村眞二 / 佐藤大輔	居村真二	2004	9784418045136
shin-zankoku-no-nemuru-grimm-douwa	新・残酷の眠るグリム童話	森園みるく	山口椿	2004	9784575724998
suzumiya-haruhi-no-yuuutsu	涼宮ハルヒの憂鬱	ツガノガク / いとうのいぢ / 谷川流	みずのまこと	2004	9784047136588
sweetest-tripper	SWEETEST-TRIPPER	内田一奈	内田一菜	2004	9784775503270
tonari-no-heya-no-paranoia	隣の部屋のパラノイア	みなみ遥	南かずか	2004	9784199602580
torikago-himezono	鳥篭姫園	長谷部百合	長谷川百合	2004	9784091363275
ultra-ninpouchou-flash	ウルトラ忍法帖（輝）	御童カズヒコ	御堂カズヒコ	2004	9784063320053
ultraman-80-uchuu-daisensou	ウルトラマン80宇宙大戦争	居村眞二	居村真二	2004	9784813020080
x-kiss	X-KISS	内田一奈	内田一菜	2004	9784812460061
alexandros	アレクサンドロス	安彦良和	日本放送協会	2003	9784140054215
awahime-lullaby	泡姫ららばい	村祖俊一	如月次郎	2003	9784537102208
butchouzura-ni-koi-o-shite	仏頂面に恋をして	極楽院櫻子	さくらあしか	2003	9784773006704
chimachima-puppet	ちまちまぱぺっと	紺野比奈子	ひな。	2003	9784047135444
club-crime	Club crime	厘のミキ	凛野ミキ	2003	9784758050296
dankon	ダンコン〈団魂〉	小沢としお	小沢利雄	2003	9784253202756
egao-o-misete	エガオを見せて	くじらいいく子	くじらいいくこ	2003	9784088651286
gentou-kuroyondamu-ni-idomu	厳冬黒四ダムに挑む	影丸穣也	日本放送協会	2003	9784872878769
hanagata	HANAGATA	こやす珠世	小安珠世	2003	9784091871510
hey-doctor	ヘイ!ドクター	内田カヲル	内田かおる	2003	9784812458310
joukyou-monogatari-2003	上京物語	増田剛	うらまっく	2003	9784408167633
juon-juon	呪怨/juon	厘のミキ / MEIMU / 清水崇	凛野ミキ	2003	9784048536714
kachou-no-koi	課長の恋	松山花子	九州男児	2003	9784835215068
kami-sama-damono	神様だもの	赤井里美	紗夢猫	2003	9784847034596
kamichama-karin	かみちゃまかりん	こげどんぼ*	コゲどんぼ	2003	9784063347593
kimi-ni-shika-kikoenai	きみにしか聞こえない	清原紘 / 乙一	都筑せつり	2003	9784048537063
kimi-wa-pochi-da	キミは「ぽち」だ!	霧嶋珠生	霧島珠樹	2003	9784877242770
koutetsu-no-shoujotachi	鋼鉄の少女たち	野上武志 / 手塚一佳	しけたみがの	2003	9784047135390
kublai	クビライ	星野之宣	日本放送協会	2003	9784140054222
leo-the-gold	LEO the GOLD	石岡ショウエイ	石波昌英	2003	9784088733777
meitantei-holmes	名探偵ホームズ	コナン・ドイル	宮崎駿	2003	9784198616793
number10	NUMBER10	松井勝法	キユ	2003	9784088733722
o-guts	オガッツ!	平井摩利	平井摩里	2003	9784592172512
ota-ga-yuku	オタが行く!!	滝沢ひろゆき	ちば・ぢろう	2003	9784785922658
otokotachi-fukutsu-no-drama-seto-oohashi	男たち不屈のドラマ瀬戸大橋	笠原倫	日本放送協会	2003	9784872878875
pantera	パン★テラ	ゴツボ×リュウジ	ゴツボリュウジ	2003	9784091884015
piyopiyo-clinic	ぴよぴよ★クリニック	つきりのゆみ	月梨野ゆみ	2003	9784091355720
rockman-megamix	ロックマンメガミックス	ありがひとし	有賀ヒトシ	2003	9784757712805
rpg-kowai	RPGこわい	こいでたく	小出拓	2003	9784907792145
seihaseyo-sekai-saikouhou-race	制覇せよ世界最高峰レース	横山アキラ	日本放送協会	2003	9784872878684
shounen-revolution	少年レボリューション	矢作俊彦	ダディ・グ-ス	2003	9784870315501
shuunen-ga-unda-shinkansen	執念が生んだ新幹線	六田登	日本放送協会	2003	9784872878578
sukina-josei-no-type-wa	好きな女性のタイプは?	磯山晶	小泉すみれ	2003	9784088764801
ticktack-gangan	Ticktack gangan	あきづきりょう	秋月亮	2003	9784840224420
tokyo-eighties	東京エイティーズ	大石知征 / 樹林伸	安童夕馬	2003	9784091870018
tokyo-tower-koibito-tachi-no-tatakai	東京タワー恋人たちの戦い	菊池としを / 門脇正法	日本放送協会	2003	9784872878592
uchuu-no-stellvia	宇宙のステルヴィア	あきづきりょう	秋月　亮 / XEBEC	2003	9784840225373
12kagetsu	12ヵ月	おかざき真里	オカザキマリ	2002	9784088563718
82okushoku-no-kiseki	82億食の奇跡	加藤唯史	日本放送協会	2002	9784872878424
a-d-o-g-s	A.-D.O.G.S.	鈴木大 / 北嶋博明	鈴木ダイ	2002	9784253201988
aa-tantei-jimusho	ああ探偵事務所	関﨑俊三	関崎俊三	2002	9784592133940
ana-ga-aiteru	穴があいてる	増田剛	うらまっく	2002	9784408166513
ano-ko-to-boku-to-ano-hito-to	あの子とボクとあの人と	極楽院櫻子	さくらあしか	2002	9784773006469
bright-no-yuuutsu	ブライトの憂鬱	竹宮惠子	竹宮恵子	2002	9784592132899
chotto-ya-sotto-ja-tomaranai	ちょっとやそっとじゃ止まらない	内田カヲル	内田かおる	2002	9784812457054
crazy-crazy	CRAZY CRAZY	草薙竜樹	水城かなる	2002	9784877751463
dejiko-no-champion-cup-gekijou	でじこのチャンピオンカップ劇場	こげどんぼ*	コゲどんぼ	2002	9784253201254
enjou-otokotachi-wa-tobikonda	炎上男たちは飛び込んだ	篠原とおる	日本放送協会	2002	9784872878462
goukyuu-shoujo	剛球少女	千葉きよかず / 田中誠一	千葉潔和	2002	9784408166698
gurechawanaidene	ぐれちゃわないでね	高嶋ひろみ / ごとうしのぶ	南京ぐれ子	2002	9784048535779
hadee-hendorikkusu-monogatari	ハデー・ヘンドリックス物語	漫☆画太郎	漫F画太郎	2002	9784088762593
hakoiri	ハコイリ❤	御米椎	飯閃澪	2002	9784883861217
hare-tokidoki-gachou	晴れときどきがちょう!?	つきりのゆみ	月梨野ゆみ	2002	9784091355713
horoyoi-shubou	ホロ酔い酒房	長尾ともひさ	長尾朋寿	2002	9784408166889
ikinasai-kiki	生きなさいキキ	ジョージ秋山	ジョ-ジ秋山	2002	9784408166452
indo-meoto-jawan	インド夫婦茶碗	流水凜子	流水りんこ	2002	9784821199549
inochi-2002	命	竹下けんじろう	竹下堅次朗	2002	9784309728162
jitsuroku-nihongun-sanbou-no-tatakai	実録日本軍参謀の闘い	居村眞二	居村真二	2002	9784651797137
kaijin-nijuumensou	怪人二十面相	たくま朋正	藤子不二雄A	2002	9784835430256
kaiketsu-shinkirou	快傑蜃氣樓	谷弘兒	谷弘児	2002	9784883791002
kohitsuji-hokaku-keekaku	仔羊捕獲ケーカク!	みなみ遥	南かずか	2002	9784199601927
koi-ha-i-na-mono-myou-na-mono	恋は異なもの妙なもの	つだみきよ	蔵王大志	2002	9784403660511
koi-ni-utaeba	恋に唄えば	たむら純子	田村純子	2002	9784048535649
koi-yori-kiss-yori-daikirai	恋よりkissより大嫌い!!	梅沢はな	梅澤はな	2002	9784757508323
komusume-zanmai	こむすめざんまい	北條知佳	北条知佳	2002	9784054014435
kumo-no-ue-de-kiss-o-shiyou	雲の上でキスをしよう	かやまゆみ	加山弓	2002	9784835213842
kurenai-shimai	紅姉妹	村祖俊一 / 団鬼六	如月次郎	2002	9784893085085
kuroneko-no-sankaku	黒猫の三角	皇名月 / 森博嗣	皇なつき	2002	9784048535304
love-revo	ラブレボ!	なかはら★ももた	なかはら桃太	2002	9784088563633
mahoutsukai-no-deshi-takemiya-2002	まほうつかいの弟子	竹宮惠子	竹宮恵子	2002	9784840105033
matatabi-sensei-hashiru	またたび先生走る!	前田紅葉	ししゃも歳三	2002	9784883026913
mikan-to-sakura	みかんとさくら	赤井里美	紗夢猫	2002	9784047123021
mirai-no-kioku	未来の記憶	坂井久仁江	国枝彩香	2002	9784835213811
natsu-jikan	夏時間	坂井久仁江	国枝彩香	2002	9784812457030
nazopon	なぞポン	上重☆さゆり	じょうさゆり	2002	9784092532144
nhk-sono-toki-rekishi-ga-ugoita	NHKその時歴史が動いた	ながいのりあき / 谷口敬 / 小川おさむ / 狩那匠 / 西田真基	日本放送協会	2002	9784834272765
oppai-o-totta-kareshi	オッパイをとったカレシ。	芹沢ゆきこ	芹沢由紀子	2002	9784063411966
piyoko-ni-omakasetsu	ぴよこにおまかせっ!	こげどんぼ* / 紺野比奈子	ひな。	2002	9784840220361
priest	PRIEST	〔ヒョン〕民友	ひょん民友	2002	9784757708877
project-x-chousensha-tachi	プロジェクトX 挑戦者たち	池原しげと	日本放送協会	2002	9784872878493
prototype-azmax	Prototype azmax	As'まりあ	As’まりあ	2002	9784925148313
puroburemu-child	ぷろぶれむちゃいるど	中村慶吾	高柳ヒデツ	2002	9784886537560
qp-angel	QPエンジェル	高嶋ひろみ	南京ぐれ子	2002	9784757506138
rainbow-life	Rainbow life	さとみつ男児	里見満	2002	9784087826951
reo-shingo-2002	零王!	阿佐維シン	浅井信悟	2002	9784063631418
rizeru-mine	りぜるまいん	杉崎ゆきる	スギサキ　ユキル	2002	9784047134904
sakura-ga-naku-hi	桜がなく日	函岬誉	瀬口恵子	2002	9784408433714
sasameke	ササメケ	ゴツボ×リュウジ	ゴツボリュウジ	2002	9784047135000
sennen-no-yume	千年の夢	斎藤なずな	齋藤なずな	2002	9784094150032
shin-kasumin	新カスミン	厦門潤	あもい潤	2002	9784144540790
speace-ship-ee	Speace ship EE	タカノ綾	高野綾	2002	9784939148064
star-ocean-blue-sphere	スターオーシャン ブルースフィア	米山シヲ	水城葵	2002	9784757507647
sugiyama-genshou-irasuto-sakuhinshuu	すぎやま現象イラスト作品集	すぎやま現象	すぎやまＧｅｎｓｈｏ	2002	9784766113594
sweet-home-2002	Sweet home	かやまゆみ	加山弓	2002	9784408433783
teens-blues	ティーンズブルース	コージィ❤城倉	コージィ城倉	2002	9784091865212
tengoku-abe-2002	天国	安部慎一	安部　愼一	2002	9784898301326
tou-rippuru-kun	トゥ・リップルくん	竹宮惠子	竹宮恵子	2002	9784840105163
tsubasa-wa-yomigaetta	翼はよみがえった	石川森彦 / 大石けんいち	日本放送協会	2002	9784872878455
tsumi-to-batsu	罪と罰	岩下博美 / ドストエフスキー	フョ-ドル・ミハイロヴィチ・ドストエフス / 汐見朝子	2002	9784575723915
tsuppari-seito-to-nakimushi-sensei	ツッパリ生徒と泣き虫先生	六田登	日本放送協会	2002	9784872878394
tsuukai-maihoomu	痛快!!マイホーム	池沢早人師	池沢さとし	2002	9784107710154
ude-to-dokyou-no-torakkubin	腕と度胸のトラック便	はやせ淳	日本放送協会	2002	9784872878509
waka	若!!	霧嶋珠生	霧島珠樹	2002	9784877345174
worst	WORST	髙橋ヒロシ	高橋ヒロシ	2002	9784253202176
younenki-abe-seimei-ibun-mimei-no-kemono	幼年期安倍清明異聞未明の獣	稲荷家房之介	九条友淀	2002	9784056027884
yume-no-rootarii-engine-tanjou	夢のロータリーエンジン誕生	広井てつお / 石上耕平	日本放送協会	2002	9784872878431
1nen-3kumi-momochan-sensei	1ねん3くみ桃ちゃん先生。	紺野比奈子	ひな。	2001	9784047134225
aijin-2001	A・i・ji・n	かやまゆみ	加山弓	2001	9784835211855
atta-2	Atta2	佐藤元	さとうげん	2001	9784894904217
bloody-roar-the-fang	BLOODY ROARザ・ファング	丸山朝ヲ	丸山トモヲ	2001	9784088731773
doraemon-comic-quiz	ドラえもんコミッククイズ	藤子プロ	藤子・Ｆ・不二雄プロ	2001	9784092811751
doubutsu-no-kame-chan	動物のカメちゃん	そにしけんじ	噌西けんじ	2001	9784091262110
eien-no-tameiki	永遠のため息	内田カヲル	内田かおる	2001	9784812455531
happy-world	Happy World!	竹下けんじろう	竹下堅次朗	2001	9784088761282
hinmin-no-shokutaku	貧民の食卓	おおつぼマキ	大坪万記	2001	9784107710116
holmes	ホームズ	久保田眞二	久保田真二	2001	9784088761176
hounetsu-jaibu	放熱jive	神葉理世	神葉里世	2001	9784906011933
humanize-sequel	Humanize Sequel	いーだ俊嗣	すんぢ	2001	9784897994031
kasumin	カスミン	厦門潤	あもい潤	2001	9784144540752
koiseyo-shounen	恋せよ・少年	杉基イクラ	くおん摩緒	2001	9784877750725
kuchi-no-koufun	口の興奮	安部慎一	安部　愼一	2001	9784898301074
kumo-to-arukou	雲とあるこう	南天佑	南天祐	2001	9784756714541
kyonyuu-de-gatten	巨乳でガッテン!	猫島礼	猫島れい	2001	9784575826296
kyoukaisen	境界線	函岬誉	瀬口恵子	2001	9784408433400
manga-de-nabigeeto	まんがでナビゲート	山田えいし	科学教育研究会	2001	9784772602662
meikai-rakugo	冥界落語	厘のミキ	凛野ミキ	2001	9784048534529
nemuri-kyoushirou	眠狂四郎	柳川ヨシヒロ / 柴田錬三郎	柳川喜弘	2001	9784107710031
night-blood	NIGHT BLOOD	富田安紀子	富田安紀良	2001	9784063287837
nijiiro-tantei-ki-tan	虹色探偵奇譚	小川こうじ	小川浩司	2001	9784088730844
no-brand	NO・ブランド	田渕由美子	田淵由美子	2001	9784088650340
orion-no-shounen	オリオンの少年	極楽院櫻子 / ブロッコリー・神あそ製作委員会 / 中井まれかつ	極楽院桜子	2001	9784757505766
otona-no-love-jikan	大人の恋愛時間	亜月裕	内田春菊	2001	9784087852226
pichonmu	飛天舞	金恵〔リン〕	金恵りん	2001	9784901337212
punyarin	プニャリン	コージィ❤城倉	コージィ城倉	2001	9784091262011
ruka-to-ita-natsu	琉伽といた夏	外薗昌也	外園昌也	2001	9784088762234
saotome-typhoon	早乙女タイフーン	くじらいいく子	くじらいいくこ	2001	9784091831859
sci-fi-harry-the-comic	Sci-fi Harry the comic	阿部忍 / 飯田譲治	阿部しのぶ	2001	9784049261721
sky-high	スカイハイ	髙橋ツトム	高橋ツトム	2001	9784088762456
sonogo-crows	その後のクローズ	髙橋ヒロシ	高橋ヒロシ	2001	9784253055543
sukina-mono-wa-sukidakara-shouganai	好きなものは好きだからしょうがない!!	つたえゆず	松平徹	2001	9784048533676
tokyo-karumen	東京カルメン	花小路ゆみ / 鍋島雅治	花小路小町	2001	9784537100327
tokyo-myuumyuu	東京ミュウミュウ	征海美亜 / 吉田玲子	征海未亜	2001	9784061789555
yamatai	Yamatai	野妻まゆ美	野妻まゆみ	2001	9784575723557
yami-ni-naku-oni	闇に哭く鬼	霧嶋珠生	霧島珠樹	2001	9784253096249
yawarakai-kara	やわらかい殻	おかざき真里	オカザキマリ	2001	9784088562797
yorozuya-kagyou-tadaima-seigyouchuu	よろず屋稼業只今盛業中	霧嶋珠生	霧島珠樹	2001	9784756714022
abunai-koto-hodo-kane-ni-naru	危いことほど金になる	花小路ゆみ	花小路小町	2000	9784575722147
ai-no-mystery-senshuu	愛のミステリー 選集	里中満智子	菊川近子	2000	9784063194562
anata-ga-hoshii	あなたが欲しい。	内田一奈	内田一菜	2000	9784812454176
b-a-d	B.A.D.	鈴木大	鈴木ダイ	2000	9784253058780
bathroom-guuwa	バスルーム寓話	おかざき真里	オカザキマリ	2000	9784870313989
beauty-beast	ビューティ ビースト	なかはら★ももた	なかはら桃太	2000	9784088472188
bremen	無頼男	梅澤春人	梅沢春人	2000	9784088728674
charisma-2	カリスマ	花小路ゆみ	花小路小町 / 来賀友志	2000	9784832228658
daisuki-love-love-tamagotchi	だいすきLOVE・LOVEたまごっち	河井リツ子	りっち	2000	9784091496119
egoist-clergyman	エゴイストな聖職者	みなみ遥	南かずか	2000	9784199601422
fukamachi-iin-monogatari	深町医院物語	野妻まゆ美	野妻まゆみ	2000	9784391905595
game-over-inoe	Game Over	尾崎未来	井上洋子	2000	9784088621067
gekiga-saigo-no-danzaemon	劇画最後の弾左衛門	清水ひろ子	清水おさむ	2000	9784826503099
glass-no-kutsu-wa-niawanai	ガラスの靴は似合わない	中村真理子	深見じゅん	2000	9784061754676
hakui-no-suit-operenjaa	白衣の戦士オペレンジャー	みもり	伊井トモ	2000	9784861170683
hanabiki	花引き	小幡文生	ふんわり / 小池一夫	2000	9784812460900
hayawakari-comic-sangokushi	早わかりコミック三國志	とみ新蔵	臣新蔵 / 守屋洋	2000	9784837970958
heart-ni-goyoujin	ハートにご用心	内田カヲル	内田かおる	2000	9784812453445
idol-to-koi-ni-ochiru-houhou	アイドルと恋に落ちる方法	磯山晶	小泉すみれ	2000	9784088760735
iku-natsu	逝く夏	尾崎未来	井上洋子	2000	9784088621401
io	イオ	こいおみなと	恋緒みなと	2000	9784063368659
japan-moto	JAPAN	須本壮一	本そういち	2000	9784575818512
kami-sama-mo-shiranai	神サマも知らない	内田一奈	内田一菜	2000	9784835211015
kanabalism	KANABALISM	たなかかなこ	田中加奈子	2000	9784088730325
kannou-gekiga-daizenshuu	官能劇画大全集	編著	高取　英	2000	9784944154203
kanojo-ga-shinjatta	彼女が死んじゃった。	おかざき真里 / 一色伸幸	オカザキマリ	2000	9784088760742
kantoku	かんとく	ぼっしぃ	コージィ城倉	2000	9784063280326
katei-kyoushi-miki	家庭教師Miki	梅谷ケンヂ	梅谷ケンジ	2000	9784575825138
kaze-densetsu-hikoza-kaze-no-kizuna	疾風伝説彦佐 疾風の絆	山本航暉	山本晃	2000	9784063128208
kaze-to-mandala	風とマンダラ	雷門獅篭	立川志加吾	2000	9784063374407
kirukee-no-buta	キルケーの豚	関﨑俊三	関崎俊三	2000	9784592137399
kita-no-fuuin	北の封印	成毛厚子	正保ひろみ	2000	9784088621203
koisuru-kachou-minami-sakiko	恋する課長南咲子	小阪かおる	小坂かおる	2000	9784063259025
kokodake-no-hanashi	ここだけの話	尾崎未来	井上洋子	2000	9784088621227
lovers-high-2000	Lovers high	小宮裕太	御堂明日香	2000	9784835210179
manga-de-yomu-hitobito-no-sei-to-sei	まんがで読む・ひとびとの生と性	鈴目ゆら	山本直英 / 高柳美知子	2000	9784591063583
metal-wind	メタルウインド	吉永裕ノ介	吉永裕介	2000	9784063460841
miyoko-asagaya-kibun	美代子阿佐ヶ谷気分	安部慎一	安部　愼一	2000	9784898300350
moshikashite-cinderella	もしかしてシンデレラ	たらさわみち	たらさわみわ	2000	9784061783447
nagare-inu-katchaku-monogatari	流れ犬かっちゃく物語	ひきの真二	ひのき真二	2000	9784575934090
natsuki-shizuko-sasupensu	夏樹静子サスペンス	寺口えみ	寺口ふみ / 夏樹静子	2000	9784391904772
nekojiru-y-udon	ねこぢるyうどん	山野一	ねこぢるy	2000	9784792603359
nigiyaka-bunko-3	にぎやか文庫3	ベルネ	Ｂｅｌｎｅ	2000	9784403611315
nude-mihiro-2010	Nude	オジロマコト	叶のりこ	2000	9784063031928
nullalive	NULLALIVE	櫻林子 / 橘瑞樹	橘水樹	2000	9784835210711
onna-ga-yureru	女が揺れる	花小路ゆみ	花小路小町	2000	9784796286985
oretacha-dragons	おれたちゃドラゴンズ	倉橋寛	くらはしかん	2000	9784806204046
paranoia-street	パラノイアストリート	駕籠真太郎	駕篭　真太郎	2000	9784889917680
piichiku-paachiku	ぴーちくぱーちく	滝沢ひろゆき	千葉治郎	2000	9784785918064
pita-ten	ぴたテン	こげどんぼ*	コゲどんぼ	2000	9784840215282
piyopuu-seikatsu	ぴよぷー生活	金沢尚子	金澤尚子	2000	9784907792046
raburetaa-hanakojiko	ラブレター	花小路ゆみ	花小路小町	2000	9784796286459
rakuen-no-tobira	楽園の扉	阿部川キネコ	観世アリス	2000	9784877750657
ryuuko	龍子	千葉きよかず	千葉潔和	2000	9784408165417
sanjuushi	三獣士	たなかかなこ	田中加奈子	2000	9784088730110
seven-2000	セ・ブ・ン	花津ハナヨ	桜井明子	2000	9784061789500
shin-nippon-keizai-nyuumon	新・日本経済入門	シュガー佐藤	石森章太郎プロ	2000	9784091098870
shinkokyuu-no-hitsuyou	深呼吸の必要	高田祐子	高田裕子	2000	9784575331806
shop-riido-koutarou	SHOPLEAD航太郎	人見惠史	人見恵史 / 末田雄一郎	2000	9784575823677
speed-memorial-kabuki-densetsu	SPEEDメモリアル歌舞姫伝説	井出智香恵	井出知香恵	2000	9784883880683
spring-fields	スプリング・フィールズ	田渕由美子	田淵由美子	2000	9784088625096
star-ocean-second-story	スターオーシャン セカンドストーリー	天麻灯	東まゆみ	2000	9784757502406
sunuupiitachi-no-yasashii-kankei	スヌーピーたちのやさしい関係	チャールズ・M.シュルツ	チャールズ・モンロー・シュルツ / 谷川俊太郎	2000	9784062564663
tales-of-destiny-inomata-2000	Tales of Destiny	杉基イクラ	くおん摩緒	2000	9784757502741
tanin-doushi	他人同士	尾崎未来	井上洋子	2000	9784088620800
tenka-ichi-dai-katsugeki	天下一大活劇	古澤純也	ふるじゅん	2000	9784897990989
tenshi-no-heart-rhythm	天使のハートリズム	極楽院櫻子	さくらあしか	2000	9784773006087
terumi-terumi-terumi	テルミ×テルミ×テルミ	徳田春生 / 佐木飛朗斗	岡田鯛	2000	9784063128185
tokyo-beni-rashin	東京紅羅針	高嶋ひろみ	南京ぐれ子	2000	9784048531993
tsunkoro-tasuke	つんころ太介	山崎匡佑	山崎享祐	2000	9784575816167
udegashi-no-ten	腕貸しの天	安部譲二	政岡としや / 阿部譲二	2000	9784575820607
wannabes	ウァナビーズ	須本壮一	本そういち / 来賀友志	2000	9784884758134
yakou-touki-scarlet	夜光闘姫スカーレット	来留間慎一	秋恭摩	2000	9784063490138
yama-ni-sumu-kami	山に住む神	皇名月	皇なつき	2000	9784048532242
yubiwa	指環	尾崎未来	井上洋子	2000	9784088621609
zange-kano-hattashiuk	懺悔	鹿乃しうこ	初田しうこ	2000	9784812452127
akane-chan-over-drive	あかねちゃん OVER DRIVE	河下水希	桃栗みかん	1999	9784088470481
banzai	BANZAI	鈴木大	鈴木ダイ	1999	9784253057059
bx	BX	おかざき真里	オカザキマリ	1999	9784088471631
caramel-august	キャラメル・オーガスト	田渕由美子	田淵由美子	1999	9784088624594
childragon	Childragon	東直輝	あずまけいしん	1999	9784088728018
d-triangle	D-triangle	いーだ俊嗣	すんぢ	1999	9784897993454
daisukingu	大好王	道元宗紀	道元むねのり	1999	9784088727394
dark-edge	DARK EDGE	相川有	有川　有	1999	9784840211291
denei-yuugi	電影遊戯	関﨑俊三	関崎俊三	1999	9784592133049
digimon-adventure-v-tamer-01	デジモンアドベンチャーVテイマー01	やぶのてんや / 井沢ひろし	薮野てんや	1999	9784088060170
drops	DROPS	高嶋ひろみ	南京ぐれ子	1999	9784789781855
fire-candy	ファイヤーキャンディ	米倉けんご	今村夏央	1999	9784253146296
fire-emblem-seisen-no-keifu	ファイアーエムブレム聖戦の系譜	うさ銀太郎	大沢　美月	1999	9784889917321
fly	FLY	ニシカワ醇	西川ジュン	1999	9784821197705
ginga-ojou-sama-densetsu-yuna	銀河お嬢様伝説ユナ	いづみひろの / 明貴美加	いいづみ　蜜	1999	9784073106401
grass-breath	Grass Breath	コージィ城倉	城倉浩司	1999	9784063367942
hagaki-suit-janpudan	ハガキ戦士ジャンプ団	編著	井沢ひろし	1999	9784088727011
heian-joururi-monogatari	平安情瑠璃物語	竹宮惠子	竹宮恵子	1999	9784091721129
himitsu-no-kemonotachi	ひみつのケモノたち	極楽院櫻子	さくらあしか	1999	9784773005868
houkago-date-club	放課後デート倶楽部	浦嶋嶺至	浦島礼仁	1999	9784883860289
inochi-mijikashi-koiseyo-otome	いのち短し恋せよおとめ	新名昭彦	新名あき	1999	9784789782050
isola	Isola	厘のミキ / 貴志祐介	凛野ミキ	1999	9784048531672
kamakiri-yakata-no-sangeki	蟷螂館の惨劇	函岬誉	瀬口恵子	1999	9784063310405
kaoru-mizu	香る水	遠野一実	遠野一生	1999	9784088644332
kimi-no-naka-de-nemurasete	君の中で眠らせて	かやまゆみ	加山弓	1999	9784882717126
kogal-busters	コギャルバスターズ	オキモト・シュウ	沖本秀子	1999	9784253164580
kumi-chan-no-otsukai	くみちゃんのおつかい	吉田ふらわ	軽部華子	1999	9784257903901
lena-maria	レーナ・マリア	あべさより	ビヤネール 多美子	1999	9784092700154
lingerie-publicity	ランジェリー・パブリシティ	なかはら★ももた	なかはら桃太	1999	9784834261196
love-no-miko-chan	恋愛の美子ちゃん	小阪かおる	小坂かおる	1999	9784063258325
lupin-iii-y	ルパン三世Y	山上正月	モンキー・パンチ	1999	9784575936186
maboroshi-no-hata	まぼろしの旗	竹宮惠子	竹宮恵子	1999	9784091881113
mahoromateikku	まほろまてぃっく	ぢたま(某) / 中山文十郎	ぢたま某	1999	9784847033261
mahoutsukai-yousei-senmon-magic-star-gakuin	魔法使い養成専門マジックスター学院	南澤久佳	南澤ミヅキ	1999	9784757501386
manha-head	マッハヘッド	高橋秀武	瑳川恵一	1999	9784088727660
marijun	マリジュン	花津ハナヨ	桜井明子	1999	9784061789265
matatabisou-wa-nekoyashiki	またたび荘は猫屋敷	新名昭彦	新名あき	1999	9784821197736
odamari-chiba-1999	ODAMARI	千葉きよかず	千葉潔和	1999	9784537098518
ol-paradise	OLパラダイス	杜菜りの	千葉なおこ	1999	9784832261266
pink-lips-chaps	ピンクリップスチャップス	なかはら★ももた	なかはら桃太	1999	9784088644585
qp	QP	髙橋ヒロシ	高橋ヒロシ	1999	9784785919054
rorentsuo-no-yuri	ロレンツォの百合	函岬誉	瀬口恵子	1999	9784821197637
sega-no-game-wa-sekaiichiiii	セガのゲームは世界いちぃぃぃ!	吉松孝博	サムシング吉松	1999	9784797311105
shinin-shinjuu	死人心中	函岬誉	瀬口恵子	1999	9784408433004
shinjuku-gyoin-bat	新宿ギョインバット	くじらいいく子	くじらいいくこ	1999	9784091881311
shinkaigyo	身海魚	たなかかなこ	田中加奈子	1999	9784088727035
shounen-venus	少年ヴィーナス	瑞垣みずほ	なるも　みずほ	1999	9784049248029
sonnano-aijanai	そんなの愛じゃない	内田一奈	内田一菜	1999	9784882718741
super-doll-licca-chan	スーパードール・リカちゃん	征海美亜	征海未亜	1999	9784061789173
tanoshiku-nakayoku-yasashikune	たのしくなかよくやさしくね	杉基イクラ	くおん摩緒	1999	9784905965978
tekichuu	的中	能田茂 / 田原成貴	のだしげる	1999	9784063460179
terigaki	照柿	久保田眞二 / 高村薫	久保田真二	1999	9784845817566
the-big-o	THEビッグオー	ありがひとし / 矢立肇	有賀ヒトシ	1999	9784063490053
twins	TWINS	影崎由那	影崎夕那	1999	9784871823647
akechi-shounosuke-tanteisha	明智将之介探偵社	小川こうじ	小川浩司	1998	9784088725130
alichino	Alichino	珠黎皐夕	珠黎こうゆ	1998	9784834261011
anata-dake-ga-suki	あなただけがすき	極楽院櫻子	さくらあしか	1998	9784773005622
big-waver	Big Waver	関口裕行	関口裕之	1998	9784063126150
chuubou-ga-futari	チュー坊がふたり	田渕由美子	田淵由美子	1998	9784062607940
daikuu-maryuu-gaiking	大空魔竜ガイキング	尾瀬あきら / 小林檀 / 杉野昭夫 / 中谷国夫	松本めぐむ / 永井豪	1998	9784575935745
daisuki-tamagotchi	だいすき・たまごっち	河井リツ子	りっち	1998	9784092532717
dear-sweet-heart	Dear sweet heart	計奈恵	和猫	1998	9784882718536
deki-no-ii-kiss-warui-kiss	できのいいキス悪いキス	鹿乃しうこ	初田しうこ	1998	9784872872347
desertification	Desertification	いーだ俊嗣	すんぢ	1998	9784897992846
dragon-quest-princess-aleana	ドラゴンクエスト～プリンセスアリーナ～	天麻灯 / 小松崎康弘	八坂麻美子	1998	9784870252660
electric-hands	Electric Hands	つだみきよ	蔵王大志	1998	9784403660108
garow	画・row	水元あきつぐ	水元昭嗣	1998	9784088725475
geinou-1-daa-land-idol-ichiban	芸能ワンダーランドアイドル1番	上重☆さゆり	じょうさゆり	1998	9784091494412
generous-kiss	GENEROUS KISS	かんべあきら	栗栖ひとみ / 藤たまき	1998	9784756712219
happy-omajinai-comic	ハッピーおまじないコミック	上重☆さゆり	じょうさゆり	1998	9784092532991
hebi	蛇	楳図かずお	井口かのん	1998	9784408432632
heroine	ヒロイン	函岬誉	瀬口恵子	1998	9784408432649
ijigen-no-sekai-eruhazaado	異次元の世界エルハザード	企画	桂木すずし	1998	9784789791281
itsumo-miteiru-mono-dakara	いつもみているものだから	内田カヲル	内田かおる	1998	9784812452653
kaze-no-denshousha	風の伝承者	山本サトシ / 若桑一人	山本智	1998	9784091254511
ketsueki-shoujo	血液少女	ニシカワ醇	西川ジュン	1998	9784821196791
knight	ナイト	千葉きよかず / 松田康志	千葉潔和	1998	9784537097962
koi-seiki-apple-tender	恋世紀アップルテンダー	大槻メグミ	大槻恵	1998	9784253078580
koko-ga-sekai-no-mannaka-da	ここが世界のまんなかだ	内田カヲル	内田かおる	1998	9784812451717
kyojinjuu	ザ・パラノイド 巨人獣	石川球太	石川球人	1998	9784872333886
kyuuki-z	球鬼Z	藤澤勇希	藤沢勇希	1998	9784253145978
lupin-iii-1998	ルパン三世	山本修生 / 高口里純	モンキー・パンチ	1998	9784575935684
majutsu-no-princess-hikita-tenkou	魔術のプリンセス引田天功	飛鳥幸子 / 福瀬くに子	ジャン・ボーノワイエ / 岡田好惠	1998	9784795294233
manga-sangokushi	マンガ三国志	とみ新蔵	臣新蔵	1998	9784837917427
mesu-no-kiba-shinde-moraimasu	牝の牙・死んでもらいます	花小路ゆみ	花小路小町	1998	9784253156714
mitarai-san-to-ishioka-kun-ga-iku	御手洗さんと石岡君が行く	さちみりほ	島田荘司 / 今井ゆきる	1998	9784562030668
momoko-ni-tsuite	桃子について	田渕由美子	田淵由美子	1998	9784088624204
monster-faamu-4-koma-manga-gekijou	モンスターファーム 4コママンガ劇場	神田達志	エニックス出版局	1998	9784870256958
mother-lucy	マザー・ルーシー	山崎紗也夏	沖さやか	1998	9784091522214
nakanonchi-no-tameiki	ナカノんちのため息	高橋和希	たかはしかずき	1998	9784592131830
nekoteki-seikatsu-12-kagetsu	猫的生活12か月	川崎苑子	北村夏	1998	9784796288545
pocket-monster-pipipi-adventure	ポケットモンスターpipipi☆アドベンチャー	つきりのゆみ	月梨野ゆみ	1998	9784091358417
poketsuto-no-naka-no-0080-sou	機動戦士ガンダム0080	池原しげと / 矢立肇 / 富野由悠季	サンライズ	1998	9784751101308
r-shitei	R指定	須本壮一	本そういち	1998	9784160900332
rasetsu-no-ie	羅刹の家	井出智香恵	井出知香恵	1998	9784391920420
rensen	恋泉	皇名月	皇なつき	1998	9784048529020
seifuku-max	制服max	花小路ゆみ	花小路小町	1998	9784253144674
shanai-love-no-arukikata	社内恋愛の歩き方	小阪かおる	小坂かおる	1998	9784063257915
shin-hanamaru-den	新・花マル伝	いわしげ孝	岩重孝	1998	9784091523310
shounan-genjiroo	湘南ゲンジロー	くじらいいく子	くじらいいくこ	1998	9784160900295
smile-1998-2	Smile!	かやまゆみ	加山弓	1998	9784882717690
soshite-boku-wa-tohou-ni-kureru	そして僕は途方に暮れる	かやまゆみ	加山弓	1998	9784882718352
soukaigi	双界儀	霧嶋珠生	霧島珠樹	1998	9784048529341
speed-connection	SPEEDコネクション	池沢早人師	池沢さとし	1998	9784088570389
sunuupiitachi-no-kokoro-no-soudanshitsu	スヌーピーたちの心の相談室	チャールズ M.シュルツ	チャールズ・モンロー・シュルツ / 谷川俊太郎	1998	9784062690300
super-robot-comic-getter-robo-hen	スーパーロボットコミック ゲッターロボ編	石川賢 / 永井豪 / ダイナミックプロダクション	G．G．C．	1998	9784575935622
tickets	Tickets	いーだ俊嗣	すんぢ	1998	9784897992976
ultra-choudensetsu	ウルトラ超伝説	居村眞二	居村真二	1998	9784886531063
ultra-seven-productions-1998	ウルトラセブン	伊東章夫 / 桑田二郎 / 中沢啓治 / 福元一義	桑田次郎	1998	9784063420173
uwasa-ni-naritai	ウワサになりたい!	ツバキアンナ	椿アンナ	1998	9784088487694
wappa-rendetsu-bakuzou	わっぱ烈伝爆造	高橋幸慈	高橋幸二	1998	9784088757230
b-play	B-play	ツインテール	万利休	1997	9784756707109
bio-luminescence	バイオ・ルミネッセンス	漆原友紀	志摩冬青	1997	9784897992587
black-guard-1997	Black guard	霧嶋珠生	霧島　珠樹	1997	9784049247008
burari-tessen-torimonochou	ぶらり鉄扇捕物帳	佐佐木あつし	ささきあつし	1997	9784088587660
c-darwin	C・Darwin	櫻林子 / 橘瑞樹	橘水樹	1997	9784882716426
choujin-gakuen-goukaizaa	超人学園ゴウカイザー	村正みかど / 大張正己	村正帝	1997	9784198301576
colors-side-k	Colors side-K	麻宮騎亜	菊池通隆	1997	9784896012606
dakishimete-kureru-nara	抱きしめてくれるなら	榎本ナリコ	野火ノビタ	1997	9784882716341
diamond-century	Diamond century	櫻林子 / 橘瑞樹	橘水樹	1997	9784403614828
doruhira	ドルヒラ	井上行広	堀井秀人	1997	9784088723013
dragon-knight4	Dragon Knight4	冨樫	富樫	1997	9784073058281
eternal-melody	エターナルメロディ	森下要	遊演体	1997	9784073057390
fair	Fair	きらたかし	吉良たかし	1997	9784886729811
feauei-no-samurai	フェアウェイの侍	池沢早人師	池沢さとし	1997	9784529030052
fujiko-efu-fujio	藤子・F・不二雄	さいとうはるお	藤子プロ	1997	9784092701113
ganso-doku-typhoon	元祖Dr.タイフーン	かざま鋭二 / かざま鋭二＆堀井ひろし / 高橋三千綱 / 堀井ひろし	かざまプロ	1997	9784575822762
genghis-khan-1997	チンギスハン	石ノ森章太郎	石森プロ	1997	9784418975020
gpx	GPX	佐野まさき / わたなべ京	佐野真砂輝	1997	9784403614859
gyo-tto-paradise	ぎょ!っとパラダイス	紺野比奈子	ひな。	1997	9784897992501
hanagumi-ninkyouden	花組仁侠伝	鹿乃しうこ	初田しうこ	1997	9784391315936
hanakouji-komachi	花小路小町	花小路ゆみ	花小路小町	1997	9784575287585
happy-nanako	Happy菜々子	村祖俊一	如月次郎	1997	9784537097535
hayako-sakemichi-o-iku	ハヤ子サケ道をいく	玉川重機	玉川敏秀	1997	9784063141559
hermes-no-michi	エルメスの道	竹宮惠子	竹宮恵子	1997	9784120026720
inu-mayuge-de-ikou	犬マユゲでいこう	石塚2祐子	石塚祐子	1997	9784088060149
inugami	犬神	外薗昌也	外園昌也	1997	9784063141474
ishi-kuu-otoko	石喰う男	カラスヤサトシ	片岡聰	1997	9784838709274
jinrou-tensei	人狼転生	函岬誉	瀬口恵子	1997	9784063310313
kaettekita-hitosarai	帰って来たひとさらい	榎本ナリコ	野火ノビタ	1997	9784882716518
kakeru	カケル	竹下けんじろう	竹下堅次朗	1997	9784091521712
kiseijin	寄生人	杉本五郎	つゆきサブロー	1997	9784872333503
kouu-1997	項羽	石ノ森章太郎	石森プロ	1997	9784418975013
loose	Loose	なかはら★ももた	なかはら桃太	1997	9784088487281
love-experience	Love experience	國居亨	國居享	1997	9784832280410
mad-jam	MAD JAM	岩田やすてる	岩田康照	1997	9784091521514
mahou-shoujo-pretty-sammy	魔法少女プリティサミー	蒔野靖弘	牧野　靖弘 / 林　宏樹 / 鹿住　忠広 / 黒田　洋介 / 倉田　英之	1997	9784047121300
mikkusu-muteki-no-duo	MIX!無敵のデュオ	樹本祐季	中村月人	1997	9784056014983
mobile-suit-gundam-dai-08-ms-shoutai	機動戦士ガンダム第08MS小隊	アクアロード	サンライズ	1997	9784886412126
morishita-tsuushin-kanameeru	森下通信かなめーる	森下要	もりしたかなめ	1997	9784894251595
nakamurabashi-doubutsu-byouin-no-inu	中村橋動物病院の犬	高倉あつこ	高倉あつ子	1997	9784575822731
nozomi-s-life	望'sらいふ	富田安紀子	富田安紀良	1997	9784592137894
onna-kenji-reona	女検事・玲緒奈	鷲尾和哉	たむろ未知 / 北原雄二	1997	9784253161510
otete-tsunaide	お手てつないで	富田安紀子	富田安紀良	1997	9784592137900
pink-tornado	PINKトルネード	竹内未来	海月未来	1997	9784091372413
rabukome	愛米	コージィ❤城倉	コージィ城倉	1997	9784091521910
reimia-yorozu-company	レイミア よろずカンパニー	新名昭彦	山桜桃	1997	9784882715375
remics-time-mix	REMICS TIME MIX	いーだ俊嗣	すんぢ	1997	9784897992419
ringo	Ringo	こいおみなと	恋緒みなと	1997	9784063366822
saikena-natsu-o-yokohama-de	サイケな夏を横浜で	ツバキアンナ	椿アンナ	1997	9784088486635
saikou-no-kankei	最高の関係	あさいもとゆき	浅井裕	1997	9784575822410
saint-exupery	サン=テグジュペリ	ひらまつおさむ	鈴木 一郎	1997	9784092700123
sengoku-no-kaze	戦国の疾風	山本航暉	山本晃	1997	9784063124262
seven	Seven	なかはら★ももた	なかはら桃太	1997	9784088486475
shikoutei	始皇帝	石ノ森章太郎	石森プロ	1997	9784418975037
shin-f1-guranpuri-tengoku	新F1グランプリ天国	村山文夫	村山文男	1997	9784575960365
shin-oretacha-dragons	新おれたちゃドラゴンズ	倉橋寛	くらはしかん	1997	9784833111027
shin-san	新さん	ねてる	泉昌之	1997	9784838709519
sora-no-seibun	空の成分	河下水希	桃栗みかん	1997	9784088623665
star-wars-1998	スター・ウォーズ	工藤俊生 / LucasGeorge	田巻久雄	1997	9784073065616
supercar-no-ookami	スーパーカーの狼	池沢早人師	池沢さとし	1997	9784845814015
taka-o-kukurouka	たかをくくろうか	内田カヲル	内田かおる	1997	9784812451182
takamura-koutarou-chieko	高村光太郎・智恵子	村野守美	北川 太一	1997	9784092701083
transit	Transit	いーだ俊嗣	すんぢ	1997	9784897992525
tsuda-umeko	津田梅子	みやぞえ郁雄	津田塾大学・津田梅子資料室	1997	9784092701120
akashingou-chokushin-shimasutsu	赤信号直進しますっ	ぬまじりよしみ	めまじりよしみ	1996	9784575332094
ashuu-kouryuu-denki	亜州黄龍伝奇	菅野博之 / 狩野あさみ	菅野博士 / 狩野あざみ	1996	9784198301248
bakuhatsu-sunzen-yoshie-chan	爆発寸前!よしえちゃん	くら☆りっさ	くらりっさ	1996	9784897992051
bang-2	Bang!!!2	鈴木大	鈴木ダイ	1996	9784253047067
beppin-in-the-box	べっぴん IN THE BOX	春野まみ	春野まゆ	1996	9784199600173
chou-kakutou-densetsu-ashita-kagayake	超格闘伝説あした輝け!!	高橋幸慈	高橋幸二	1996	9784088754819
crystalize	Crystalize	みなみ遥	南かずか	1996	9784896012330
dag-boys	ダグ・ボーイズ	樹要	芹沢要	1996	9784756706133
dr-mordrid	Dr.モードリッド	外薗昌也	外園昌也	1996	9784796297004
enoshima-joshikou-ragubiibu	江の島女子高ラグビー部!!	くじらいいく子	くじらいいくこ	1996	9784063366259
eyes-kingin-youdou	Eyes金銀妖瞳	高橋ユキ	高橋　由紀	1996	9784592123644
faasu-akechi-hakase-boukenki	FARCE!明智博士冒険記	赤井里美	紗夢猫	1996	9784047121218
gakkou-no-kaidan-2	学校の怪談2	井上大助	いのうえだいすけ	1996	9784063197297
genshi-shounen-gyao	原始少年ギャオ	穴久保幸作	榎本有紀	1996	9784334803032
goryou-toushi-ooki-den	五霊闘士オーキ伝	☆よしみる / 土門弘幸	よしみる　徳隆	1996	9784073046974
haruo	ハルオ	榎本ナリコ	野火ノビタ	1996	9784872332438
himitsu-no-chikashitsu	秘密の地下室	中ノ尾恵	矢追町成増	1996	9784756705723
honda-souichirou	本田宗一郎	ひきの真二	竹内 均	1996	9784092701090
hottoiteyo-mama	ほっといてよ!ママ	富田安紀子	富田安紀良	1996	9784088754505
iceman	アイスマン	くじらいいく子	くじらいいくこ	1996	9784091520012
kachou-fuugetsu-1996	花鳥風月	神奈幸子	JET	1996	9784253161206
kakeru-kun-wake-up	翔くんWake up!!	あさいもとゆき	浅井裕	1996	9784845814596
kaze-densetsu-hikoza-kaze-no-shichiseiken	疾風伝説彦佐 疾風の七星剣	山本航暉	山本晃	1996	9784063122756
kennedy	ケネディ	ひらまつおさむ	鳥越 俊太郎 / 平松 おさむ / 菅谷惇夫	1996	9784092700017
kinka-gyokujou-ohanamori	金科玉条!?お花守	五十嵐あぐり	曽我あきお	1996	9784870256347
kishou-tenketsu-monogatari	奇笑天傑物語	大羽快	原淳	1996	9784870256354
kitsunebi	狐火	千葉きよかず	千葉潔和	1996	9784812450161
kosaaju	こさあじゅ	田渕由美子	田淵由美子	1996	9784086172622
kyuuketsuki-no-kisu	吸血鬼のキス	紫垣まゆみ	柴垣まゆみ	1996	9784821194810
last-kisu-kara-hajimeyou	ラストキスから始めよう	鹿乃しうこ	初田しうこ	1996	9784812450376
laura-ingalls	ローラ・インガルス	後藤ユタカ	服部 奈美	1996	9784092700079
lemon-chan-saga	レモンちゃんSaGa	赤井里美	紗夢猫	1996	9784047121270
mankai-sakurako	Mankai桜子	蒔野靖弘	牧野靖弘	1996	9784886536198
miboujin-wa-ogenkijirushi	未亡人はお元気印	村祖俊一	如月次郎	1996	9784537096279
minakata-kumagusu-1996	南方熊楠	みやぞえ郁雄	荒俣 宏	1996	9784092701045
minus	マイナス	山崎紗也夏	沖さやか	1996	9784091517814
miyazawa-kenji	宮沢賢治	村野守美	畑山 博	1996	9784092701069
mutant-turtles-gaiden	ミュータントタートルズ外伝	菅野博之	菅野　博士	1996	9784073040071
na-na	Na Na	綱渕貴仁	綱淵貴仁	1996	9784063335262
nikkan-tenshoku-panic	日刊転職パニック	宮川総一郎	水谷潤	1996	9784795218321
noumiso-purun	脳みそプルン!	川口けんご	川口憲吾	1996	9784063123432
omajinai-neko-chakura-kun	おまじないネコ・チャクラくん	上重☆さゆり	じょうさゆり	1996	9784091492418
oretsuu-ei-tou-zetto	オレ通A to Z	こいおみなと	恋緒みなと	1996	9784063366150
oudo-no-kishi-no-moto	黄土の旗幟のもと	皇名月	皇なつき	1996	9784048526753
peanuts-essence-1996	ピーナッツ・エッセンス	チャールズ・M.シュルツ	チャールズ・モンロー・シュルツ / 谷川俊太郎	1996	9784062650014
purple	Purple	竹下けんじろう	竹下堅次朗	1996	9784091517517
putchin-fruits	ぷっちんフルーツ	ゆかりがわ弓夜	紫川弓夜	1996	9784872780550
rakushou-hyper-doll-1996	楽勝!ハイパー★ドール	伊東伸平	伊藤伸平	1996	9784198301507
rockman-remix	ロックマンリミックス	ありがひとし	有賀ヒトシ	1996	9784063196948
satsui-no-soko	殺意の底	竹宮惠子	竹宮恵子	1996	9784122027084
second-kiss	セカンド・キス	込由野しほ	夢野まこと	1996	9784091364746
seisouken-no-tomoshibi	成層圏の灯	鳥人ヒロミ	鳥人弥巳	1996	9784882714774
shimarisu-kansatsu-nikki	シマリス観察日記	ゴブリン	ゴゴリン	1996	9784796287449
shin-happy-people	新ハッピーピープル	釋英勝	釈英勝	1996	9784088753515
shin-kaitei-gunkan	新海底軍艦	飯島祐輔	飯島ゆうすけ	1996	9784047131064
shinkou-endan-shinshiroku	神光援団紳士録	岩田やすてる	岩田康照	1996	9784088720821
shinsekai-blood-street	新世界ブラッドストリート	尾上龍太郎	尾上竜太郎	1996	9784893675033
shokatsu-koumei-1996	諸葛孔明	石ノ森章太郎	石森プロ	1996	9784418965182
smile-de-arukou	スマイルで歩こう!!	高橋もとこ	福田素子	1996	9784253161336
soushouguu	双晶宮	遠野一実	遠野一生	1996	9784030142800
sunuupii-no-nonki-ga-ichiban	スヌーピーののんきが一番	チャールズ・M.シュルツ	チャールズ・モンロー・シュルツ / 谷川俊太郎	1996	9784062561556
tanpa-kun	タンパ君	霧嶋珠生	霧島　珠樹	1996	9784049245974
tenchi-souzou	天地創造	天麻灯	八坂麻美子	1996	9784870255692
tenshin-ranman	天真ラン漫!	太田早紀	ほんだちはる	1996	9784091364326
tezuka-osamu-1996	手塚治虫	伴俊男	小学館	1996	9784092701038
the-spy-s-family	THE SPY’S FAMILY	松枝尚嗣	堀井覚司	1996	9784253039109
the-x-files	THE X FILES	望月三起也 / クリス・カーター	かきざき和美	1996	9784198301125
toto-to-poncho	トトとポンチョ	タイガー立石	タイガ-立石	1996	9784834013832
tottegorannasai	採ってごらんなさい!	高倉あつこ	高倉あつ子	1996	9784063281224
toyotomi-hideyoshi-chiba-1996	豊臣秀吉	大林かおる	小和田 哲男	1996	9784092701014
tsuburaya-age	円谷英二	小林たつよし	市川 森一	1996	9784092701076
uemura-naomi	植村直己	本庄敬	中出水 勲	1996	9784092701021
uta-ha-yo-ni-tsure-kimi-ni-tsure	歌は世につれキミにつれ	ツバキアンナ	椿アンナ	1996	9784088485058
vampire-2004	ヴァンパイア	高橋ユキ	高橋　由紀	1996	9784592127291
yosano-akiko	与謝野晶子	あべさより	入江春行	1996	9784092701106
zero-site-muhou-chitai	Xero site（無法恥帯）	ツインテール	ぺるそな	1996	9784576960937
amiteeji-the-saado	アミテージ・ザ・サード	大棚ザラエ / 大棚ザラエ+池上竜矢 / 池上竜矢 / 越智博之 / 小中千昭	池上竜也	1995	9784198300968
baacha-fighter-kage	バーチャファイター影	来留間慎一	秋恭摩	1995	9784198300791
butchou-baby	仏頂baby	鹿乃しうこ	初田しうこ	1995	9784391915402
catch-ball	キャッチ★ボール	小泉ヤスヒロ	小泉裕洋	1995	9784088582702
crows-gaiden	クローズ外伝	髙橋ヒロシ / 矢部享祐	高橋ヒロシ	1995	9784253043984
daikaijuu-gamera	大怪獣ガメラ	どろんぱ / 高橋二三	ただし	1995	9784198300470
doraemon-no-taiiku-omoshiro-kouryaku	ドラえもんの体育おもしろ攻略	鈴木伸一 / 藤子プロ / 村田ヒロシ	立木 正	1995	9784092531574
doragu-kyouryuuken	ドラグ恐竜剣	永井豪	船戸明里 / 友谷蒼	1995	9784344802926
double-half	ダブル・ハーフ	霧嶋珠生	霧島　珠樹	1995	9784049244878
gakkou-kaidan	学校怪談	高橋葉介	高橋兼介	1995	9784253053747
garou-densetsu-special-bakusho-4-koma-game-gag-comics	餓狼伝説SPECIAL 爆笑4コマゲームギャグコミックス	やましたたかひろ	山下高弘	1995	9784091740717
garudia	ガルダイヤ	山崎峰水	山崎浩	1995	9784047131187
golf-jinsei	ゴルフ・人生	いけうち誠一	セイ	1995	9784575850550
goreijou-kanezaki-reiko	御令嬢金崎麗子	はやしりえこ	林倫恵子	1995	9784088582467
gouketsuji-ichizoku-2	豪血寺一族2	氏賀Y太	古葉美一	1995	9784881992098
hikou-shounenzu	飛行少年ズ	榎本ナリコ	野火ノビタ	1995	9784872332162
kakedashita-cupid	駆けだしたCupid	太田早紀	ほんだちはる	1995	9784091364319
kenpee-kun	ケンペーくん	睦月影郎	奈良谷隆	1995	9784947681010
kimi-ni-kisushitai	君にKissしたい	かやまゆみ	加山弓	1995	9784882713258
kiru	斬る!!	流水凜子	流水りんこ	1995	9784048525572
kyoujuu-no-kiba	凶獣の牙	根本テツヤ / 鍋島雅治	鍋島雅春 / 根本哲也	1995	9784537039733
love-rendetsu	恋愛烈伝	斎藤なずな	齋藤なずな	1995	9784091890627
makasete-darling	まかせてダーリン	鈴木がんま	鈴木雅洋	1995	9784091424112
mama-ganbatte	ママがんばって	みずの圭	水野圭	1995	9784093112215
manga-gaishoku-ou-rendetsu	マンガ外食王列伝	石ノ森章太郎 / 日経レストラン編集部	石森プロ	1995	9784822230029
model	Model	不破慎理 / 企画	茶屋町勝呂	1995	9784048525954
nanakongu	ななコング	山崎紗也夏	沖さやか	1995	9784091517012
nirvana-panic	ニルヴァーナ・パニック	伊藤勢	伊藤努	1995	9784198300975
onnakui	女喰い	みね武 / 広山義慶 / 広尾満 / 小嶋悟	向後つぐお / 伊東恒久	1995	9784832227132
operation-w	オペレーションW	みずき健	あづみ享 / ぶるまほげろー	1995	9784897991733
osawagase-prism-lady	おさわがせプリズムレディ	新名昭彦	新名あき	1995	9784796243216
pekin-reijin-show	燕京伶人抄	皇名月	皇なつき	1995	9784048525770
pingu-comic	Pingu Comic	ミッシェル・ニー	ミシェル・ニー	1995	9784789709965
rinneman	輪廻男	流水凜子	流水りんこ	1995	9784257985778
shin-megami-tensei-ifu	真・女神転生if…	柳澤一明 / ATLUS	アスキー	1995	9784756111319
shounen-ninja-basara-kun-fuyouhime-taikutsuki	「少年忍者バサラくん」芙蓉姫退屈記	よしみいく / ADA	義見依久	1995	9784334802592
shounen-ninja-basara-kun	少年忍者バサラくん	よしみいく / ADA	義見依久	1995	9784334803001
shousetsu-fajji	小説FUDGE	原田やよい	梶本ほこら	1995	9784756709424
simoom	SIMOOM	青樹緫	青樹総	1995	9784199600012
sora-yori-takaku	天より高く	宮下あきら	浅美裕子	1995	9784088574110
street-fighter-tsuu-bui-rendetsu	ストリートファイターⅡ V列伝	馬場康誌	馬場　康士	1995	9784063340037
sukatto-saibaemon	すかっとサイバえもん	吉松孝博	サムシング吉松	1995	9784056009347
susume-dainaman	すすめ!!ダイナマン	川野匠	池田匠	1995	9784870256002
teddy-boy	テディ・ボーイ	やぎざわ梨穂	源氏街子	1995	9784812400470
tsuki-no-hikari-hoshi-no-michi	月の光星の道	浅見侑	Lee	1995	9784756709288
usagi-no-shiro	兎の城	鹿乃しうこ	初田しうこ	1995	9784882712961
who-is-fuou	Who is 風生!?	なかざき冬	なかざきふゆ	1995	9784063335026
yatsu-no-na-ha-maria	奴の名はMARIA	道元宗紀	道元むねのり	1995	9784088715780
yoru-no-ryourinin	夜の料理人	たがわ靖之	たきがわ靖之	1995	9784832227279
youjuuki	妖獣姫	函岬誉	瀬口恵子	1995	9784063310047
youshin-kourin	妖神降臨	SYUFO / 朝松健 / ゴブリン松本 / 藤川守 / 来雅環 / いつきたかし / 桜水樹	板橋しゅうほう	1995	9784756111517
yume-made-kiss	ゆめまでKiss❤	大槻メグミ	大槻恵	1995	9784253079235
yuushi-dandan	勇士ダンダン	永井豪	佐野真砂輝＆わたな / 子安武人	1995	9784344802834
yuushuntachi-no-teiseki	優駿たちの蹄跡	やまさき拓味	山崎拓味	1995	9784088753362
zettai-goukaku-akamon-kun	絶対合格アカモンくん	岩村俊哉	岩村俊也	1995	9784334802844
ai-no-akujotachi	愛の悪女たち	星合操	寺館和子 / 近藤厚子	1994	9784391905229
ai-no-meikyuu	愛の迷宮	矢萩貴子	エメラルド	1994	9784391905236
angel-baby-cupid	Angel baby cupid	なかはら★ももた	なかはら桃太	1994	9784088482934
buttobi-riechan	ぶっとび!リエちゃん 芸能界おさわがせ4コマ	上重☆さゆり	じょうさゆり	1994	9784091422217
chizu-dai-tanken	地図大探検	藤子・F・不二雄	小学館	1994	9784092965225
dakaapo	だかあぽ	川島博幸	鷹城冴貴	1994	9784420137546
dokidoki	どきどき	山崎峰水	山崎浩	1994	9784088618685
doraemon-no-kokugo-omoshiro-kouryaku-surasura-sakubun-ga-kakeru	ドラえもんの国語おもしろ攻略 すらすら作文が書ける	方倉陽二 / 鈴木伸一	若林富夫	1994	9784092531529
dragon-league	ドラゴンリーグ	川島博幸	鷹城冴貴	1994	9784088060019
eikyuu-jishaku-no-housoku	永久磁石の法則	鹿乃しうこ	初田しうこ	1994	9784906011049
enerugii-no-himitsu	エネルギーのひみつ	堀江卓 / 阿部団吉 / 西田真基	安部団吉	1994	9784052002151
exhiibition	EXHIIBITION	すえひろがり	末広雅里	1994	9784893674166
fire-emblem-4-koma-manga-gekijou	ファイアーエムブレム4コママンガ劇場	魔神ぐり子	エニックス	1994	9784870257337
foundation	ファンデーション	来留間慎一	秋恭摩	1994	9784894250222
fukuzawa-akuninjuku	福沢悪人塾	業田良家	武井海彦	1994	9784063234534
gakkou-no-kaidan-koga-1994	学校の怪談	古賀新一	谷間夢路	1994	9784253128889
gakkou-no-kowai-hanashi	学校の怖い話	猪川朱美	滝清流	1994	9784257902256
gekiga-yaohan-no-chousen	劇画ヤオハンの挑戦	江波譲二	江波じょうじ	1994	9784531062522
hanamori-no-kitsune	花守の狐	西澤暁	西沢暁	1994	9784257902188
heruzu-warrior-maou	地獄戦士魔王	苅部誠	刈部誠	1994	9784088711416
himitsu-book	ひみつブック	おーなり由子	お-なり由子	1994	9784479670056
j-1994	J	須本壮一	本そういち	1994	9784575819328
jikuu-ninja-shien	時空忍人紫炎	松本久志 / 永井豪	朔田浩美	1994	9784344802339
junjou-dear-boy	純情ディアボーイ	大槻メグミ	大槻恵	1994	9784253076395
kaijin-hyakumensou	怪人百面相	いわしげ孝	岩重孝	1994	9784091833617
karubi-ni-shite-ne	カルビにしてね!	高倉あつこ	高倉あつ子	1994	9784063234916
kisu-kara-hajimete	Kissから始めて!	きらら萌	よしかわ哲郎	1994	9784878920523
kurenai-niou-takemiya-1994	紅にほふ	竹宮惠子	竹宮恵子	1994	9784091890719
kureyon-shin-chan-gemu-book	クレヨンしんちゃんゲームブック	土門トキオ	臼井儀人 / 宮本えつよし	1994	9784575283297
lunatic-zatsugidan	ルナティック雑技団	岡田あーみん	岡田 あ〜みん	1994	9784088537214
mamotteagetai	守ってあげたい!	くじらいいく子	くじらいいくこ	1994	9784091515612
mermaid-girl-1994	マーメイドガール	あさいもとゆき	浅井裕	1994	9784592136804
mitsugo-chan	三つ子ちゃん	ニコル・ランベール	ニコル・ランベ-ル	1994	9784120022876
mother-2-giygas-no-gyakushuu-ness-no-boukenki	Mother2ギーグの逆襲・ネスの冒険記	伊藤あしゅら紅丸	伊藤紅丸	1994	9784091740519
nagori-no-yuki	名残りの雪	尾崎未来	井上洋子	1994	9784088623016
nouzui-jungle	脳髄ジャングル	新井理恵	佐藤由惟	1994	9784091341013
osaru-na-masaru-kun	おさるなまさるくん	鮪オーケストラ	長谷川 清	1994	9784091233813
platinum-jungle	プラチナジャングル	すずはら篠	篠原正美	1994	9784056007619
punch-kurenzo	パンチくれんぞ!	古沢優	吉沢優	1994	9784796296281
ramiaa-no-tsubo	羅巳婀の壺	流水凜子	流水りんこ	1994	9784253127721
rintarou-panic	りんたろうパニック!	竹宮惠子	竹宮恵子	1994	9784875199564
rockman-4-koma-daikoushin	ロックマン4コマ大行進	ありがひとし	有賀ヒトシ / 水戸いずみ	1994	9784063195132
rockman-x	ロックマンX	岩本佳浩	岩本佳治	1994	9784063217049
ruriiro-a-la-carte	瑠璃色ア・ラ・カルト	蒔野靖弘	牧野靖弘	1994	9784796243018
ryuu-no-densetsu	龍の伝説	倉科遼	司敬	1994	9784832227088
shanghai-kaijinzoku	上海丐人賊	草〔ナギ〕琢仁	草なぎ琢仁	1994	9784048524865
shokubutsu-dai-tanken	植物大探検	藤子・F・不二雄	小学館	1994	9784092965232
shuraba-ya-ranko	シュラバ★ヤ★ランコ	塩崎雄二	塩崎ユウジ	1994	9784088751900
smile-wa-zero-gold	スマイルはゼロゴールド	佐野たかよし	さのたかよし	1994	9784870255197
sorekara	それから	バラエティ・アートワークス / 富沢みどり / 夏目漱石	佐々木亮	1994	9784088751894
suhada-no-rinbu	素肌の輪舞	村祖俊一	如月次郎	1994	9784537039351
sukusuku	すくすく	コージィ❤城倉	コージィ城倉	1994	9784091515414
tachibanaya-hanjouki	橘屋繁盛記	高橋もとこ	福田素子	1994	9784592153139
tsuisekisha	追跡者	倉科遼	司敬	1994	9784537039283
tsuki-to-nosutarujiya	月とノスタルヂヤ	くもぎり太郎	一条和春	1994	9784897991269
wiseman	ワイズマン	外薗昌也	外園昌也	1994	9784063140842
yami-no-ouji-dizunii	闇の王子ディズニー	マーク・エリオット	マ-ク・エリオット / 古賀林幸	1994	9784794205766
youchien-senki-madara	幼稚園戦記まだら	よしみいく	義見依久	1994	9784073004233
yume-de-aetara-2000	夢で逢えたら	山花典之	Hanako	1994	9784088618364
yume-ha-taafu-o-kakemeguru	夢はターフを駆けめぐる	企画	光栄	1994	9784877191344
zoku-sutoppu-ryuubi-kun	続・STOP劉備くん!	白井恵理子	白井　理恵子	1994	9784049244151
aitsu-1993	あいつ	ぶしやま	飯野恵子	1993	9784091394316
ashita-no-joe-shinrigaku-gairon	「あしたのジョー」心理学概論	笠原倫 / サーフライダー21 / 編著	Super　Stringsサーフライダー	1993	9784946485053
atsui-yoru	熱い夜	花小路ゆみ	花小路小町	1993	9784253155595
boku-no-gakkou-wa-fever	ぼくの学校はフィーバー	なかはら★ももた	なかはら桃太	1993	9784088602943
comic-super-famicom-selection	COMICスーパーファミコンセレクション	上田信舟	海鳴杜	1993	9784886410672
godzilla-vs-mechagodzilla-kessenshi	ゴジラVSメカゴジラ決戦史	桑田二郎	桑田次郎	1993	9784884756895
hanamaruden	花マル伝	いわしげ孝	岩重孝	1993	9784091514615
himitsu-kessha-arufaa	秘密結社α	イダタツヒコ	井田辰彦	1993	9784063233858
houkago-ni-wa-madoushi	放課後には魔導師	くら☆りっさ	くらりっさ	1993	9784897990941
ikinari-saishuukai	いきなり最終回	コミックvow制作委員会	梶原一騎	1993	9784796605908
lonely-army	LONELY ARMY	大河原遁	大河原正敏	1993	9784088716374
manga-chikamatsu-monogatari	マンガ近松物語	とみ新蔵	臣新蔵	1993	9784582287240
maruchipeinto-de-tanoshimu-manga-no-egakikata	マルチペイントで楽しむマンガの描き方	どろんぱ	愼村　ただし	1993	9784833787505
mizutama-seikatsu	水玉生活	サライネス	サラ・イイネス	1993	9784061766747
nandemoari	なんでもあり	小池たかし	どおくまんプロ	1993	9784197830114
nuuyan	ぬーやん	コージィ❤城倉	コージィ城倉	1993	9784063233797
osaka-mamegohan	大阪豆ゴハン	サライネス	サラ・イイネス	1993	9784061766792
otome-na-program	乙女なプログラム	いとうかこ	伊藤かこ	1993	9784408431383
paraiso-road	ぱらいそロード	菅野博之	菅野博士	1993	9784198331214
pink-chan-v	ピンクちゃんV	蒔野靖弘	牧野靖弘	1993	9784886536020
richou-angyouki	李朝・暗行記	皇名月	皇なつき	1993	9784048524193
sakura-zensen-hokujouchuu	サクラ前線北上中	田山真美人	まつむらやすし	1993	9784870250420
semishigure	蝉時雨	尾崎未来	井上洋子	1993	9784088622590
shouten-akatsuki-no-fundoshi-musume	昇天!!暁のふんどし娘	イマイヒヅル	今井ひづる	1993	9784938461874
show	ショウ!	くじらいいく子	くじらいいくこ	1993	9784091831811
soccer-boy	サッカーボーイ	大武ユキ	柴田文明	1993	9784403613104
suigetsurou-dreams	翠月楼ドリームス	流水凜子	流水りんこ	1993	9784048524551
suupaaman-no-saigo	スーパーマンの最期	久世操 / アダム・カウフマン	モンキー・パンチ	1993	9784120022012
takeru-1997-2	タケル	葉月京	寺沢武一	1993	9784796242318
tokyo-batsu-tengoku	東京BATSU天国	なかはら★ももた	なかはら桃太	1993	9784088603216
tomadoi-no-shichueeshon	とまどいのシチュエーション	たむら純子	田村純子	1993	9784592126225
uchinanchu	ウチナーンチュ	仲宗根みいこ	仲曽根ミーコ	1993	9784267902574
undercover-cops	アンダーカバーコップス	氏賀Y太	古葉美一	1993	9784881990926
wahhahha-sports-news	ワッハッハスポーツニュース	やくみつる	はた山ハッチ	1993	9784832260634
yohoutsukai-saria	予報使いサリア	くら☆りっさ	くらりっさ	1993	9784894250031
ai-de-naku	愛でなく	獸木野生	伸たまき	1992	9784403612886
ano-hi-no-boku-o-sagashite	あの日の僕をさがして	小暮あゆみ / 山永明子	木暮あゆみ	1992	9784575331417
appare-kappoore	天晴れ!カッポーレ	菅野博之	菅野博士	1992	9784198321208
banei-kakeru	ばんえい駆ける	いわしげ孝	岩重孝	1992	9784091830715
bridal-express	ブライダルエクスプレス	板本こうこ	坂本こうこ	1992	9784061703803
diamond-ga-mabushikute	ダイヤモンドがまぶしくて	小泉ヤスヒロ	小泉裕洋	1992	9784088582719
godzilla-tai-mosura-kessenshi	ゴジラVSモスラ決戦史	園田光慶	吉田きみまろ / 久松文雄	1992	9784884756116
hoshi-no-kazu-dake-dakishimete	星の数だけ抱きしめて	あさいもとゆき	浅井裕	1992	9784845805617
houkago-sentai-gotakkii	放課後戦隊ゴタッキー	月島冬二	そらみみくろすけ	1992	9784063233186
jigoku-no-ie	地獄の家	王欣太	GONTA	1992	9784063140491
kagerou-nikki	蜻蛉日記	羽崎やすみ	羽崎安実	1992	9784048522991
kotoza-no-regashii	こと座のレガシー	井出智香恵	井出知香恵	1992	9784898292129
legende	レーゲンデ	厦門潤	あもい　潤	1992	9784048523714
like-father-like-son	Like father like son	尾崎未来	井上洋子	1992	9784088622293
marii-no-game	マリーの獲物	千葉きよかず	千葉潔和	1992	9784575818192
miku-chan-senpuu	未来ちゃん旋風	おおめ裕一	おおめ祐一	1992	9784088713052
mirage	MIRAGE	竹宮惠子	竹宮恵子	1992	9784120020711
mishiranu-machi-de	見知らぬ街で	野妻まゆ美	野妻まゆみ	1992	9784391904857
nyanto-alien	にゃんとエイリアン!?	函岬誉	瀬口恵子	1992	9784061763395
omoide-yorimo-setsunakute	思い出よりもせつなくて	石井まゆみ	石井真裕美	1992	9784061783485
ribbon-shinjin-mangaka-debyuusakushuu	りぼん新人まんが家デビュー作集	福米ともみ / 浅月舞 / 芳原のぞみ / 北沢薫 / 瀬戸優菜 / 掛川なると / 朝比奈ゆうや / 香村陽子 / 井上多美子 / 沢野ともこ / 槙ようこ	池野恋	1992	9784088536408
ryou-sanpaku-to-shuku-eidai	梁山伯と祝英台	皇名月	皇なつき	1992	9784048523745
sangokushi-sou-sou-den	三国志曹操伝	影丸穣也	影丸譲也	1992	9784906300877
shippuu-densetsu-hikosa	疾風伝説 彦佐	山本航暉	山本晃	1992	9784063119442
shiroi-machi-no-adoriaana	白い町のアドリアーナ	野妻まゆ美	野妻まゆみ	1992	9784391904444
spirit-jump	スピリット・ジャンプ	オウム出版広報編集部	Ａｕｍ　ｍａｔ　ｓｔｕｄｉｏ	1992	9784871420310
suruga-no-raita	駿河の雷太	塩崎雄二	塩崎ユウジ	1992	9784088750057
tennen-shiyoku-danji-burai	天然色男児BURAY	高橋和希	高橋一雅	1992	9784088710334
tenshinowakka	天使の環	ささやななえこ	ささやさなえ	1992	9784088622231
test-ni-deru-kamo-eitango	テストに出るかも英単語	上重☆さゆり	じょうさゆり	1992	9784091344717
the-drift-girl	ザ・ドリフトガール	飯島祐輔	飯島ゆうすけ	1992	9784870250215
tonton-touma	とんとん刀馬	綱渕貴仁	網渕貴仁	1992	9784063023633
tosouya-harii	塗装屋ハリィ	髙橋雄一郎	高橋雄一郎	1992	9784592135852
ushi-no-ohime-sama	うしのおひめさま	たむら純子	田村　純子	1992	9784592125877
way-tekuiruuitoru	貴人の大祭	厦門潤	あもい　潤	1992	9784049242751
wow-f1	Wow!F1	池沢早人師	池沢さとし	1992	9784088587011
yoru-no-sanctuary	夜のサンクチュアリ	野妻まゆ美	野妻まゆみ	1992	9784391904758
zokubutsuou	俗物王	ロビン西 / 鶴屋次楼	藤崎ヒトシ / 鶴屋次桜	1992	9784063283068
alice-s-book	アリス・ブック	竹宮惠子	竹宮恵子 / 増山のりえ	1991	9784106030260
biikyuu-tenshi	B級天使	イワタナオミ / 江間浩司	岩田　直巳	1991	9784048522748
bike-land	バイクランド	神塚ときお	神塚時生	1991	9784893672179
crows	クローズ	髙橋ヒロシ	高橋ヒロシ	1991	9784253054041
daijina-koto-wa-miinna-neko-ni-osowatta	大事なことはみーんな猫に教わった	スージー・ベッカー	ス-ジ-・ベッカ- / 谷川俊太郎	1991	9784870310896
faraway	ファラウェイ	倉科遼	司敬	1991	9784253132237
futatabi-no-houyou	ふたたびの抱擁	井出智香恵	井出知香恵	1991	9784803337143
gedounosho	外道の書	イダタツヒコ	井田辰彦	1991	9784061022522
hana-no-koe	花情曲	皇名月	皇なつき	1991	9784048523134
iza-tatsuma	いざ!竜馬	小山ゆう	小林よしのり	1991	9784197810123
kanojo-ga-hero	彼女がヒーロー	野妻まゆ美	野妻まゆみ	1991	9784575331288
karutteto	かるってと	山花典之	山崎花子	1991	9784088750620
kaze-no-matsurigoto	疾風のまつりごと	竹宮惠子	竹宮恵子	1991	9784091721518
kiiroi-tebukuro-ekkusu	黄色い手袋X	桑田二郎 / 大野景範 / 川内康範	桑田次郎	1991	9784775910122
kouei-manga-pack	光栄まんがパック	此路あゆみ	いまいかおる	1991	9784906300501
kurayami-de-hatsuratsu	暗闇で元気ハツラツ	岡田純子	岡田淳子	1991	9784592150510
manga-shiberiya-yokuryuu-monogatari	漫画シベリヤ抑留物語	斎藤くにお	斎藤邦雄	1991	9784769805571
mitsu-no-aji-scandal	蜜の味スキャンダル	井出智香恵	井出知香恵	1991	9784396760250
monster-dj	モンスターD・J	山下友美	山下和美	1991	9784592125662
naite-nanka-irarenai	泣いてなんかいられない	尾崎未来	井上洋子	1991	9784088622026
nansou-satomi-hakkenden	マンガ南総里見八犬伝	宮添育男	みやぞえ郁雄	1991	9784309007267
natsu-made	夏まで	尾崎未来	井上洋子	1991	9784088621807
new-onnanokotachi-club	New・おんなのこたち倶楽部	くじらいいく子	くじらいいくこ	1991	9784049280098
oh-my-konbu	OH!MYコンブ	かみやたかひろ	秋元康 / かたみやたかひろ	1991	9784063216141
pandora-no-kifujin	パンドラの貴婦人	井出智香恵	井出知香恵	1991	9784253155410
quartet	かるてっと	山花典之	山崎花子	1991	9784088750613
ran-no-mai	乱の舞	井出智香恵	井出知香恵	1991	9784803337594
rimeeku-no-utage	リメークの宴	井出智香恵	井出知香恵	1991	9784396760359
sei-naru-shinnyuu	聖なる侵入	外薗昌也	外園昌也	1991	9784592131465
submarine-707f	サブマリン707F	小澤さとる	小沢さとる	1991	9784257901303
tamaroido-choucgandamu	タマロイド超Cガンダム	神矢みのる	神谷みのる	1991	9784061766105
the-hitman	ザ・ヒットマン!	松枝尚嗣	堀井覚司	1991	9784088718514
yakushi	薬師	渡瀬のぞみ	かえんぐるま	1991	9784051056575
zappera	ざっぺら	いわしげ孝	岩重孝	1991	9784091825216
7mai-no-pootoreeto	7枚のポートレート	ホーム社	一条ゆかり	1990	9784088535227
anata-no-sukina-hana	あなたの好きな花	竹宮惠子	竹宮恵子	1990	9784048521321
ao-mata-ao	青また青	獸木野生	伸たまき	1990	9784403612398
arusu-no-tsubasa	アルスの翼	うさとさや	田中雅子	1990	9784253126892
at-lady	AT Lady!	岡野剛	のむら剛	1990	9784088710549
baubau-daijin	バウバウ大臣	藤子不二雄	藤子・Ｆ・不二雄	1990	9784124102901
casanova	カサノバ	倉科遼	司敬	1990	9784197801220
cyborg-jii-chan-g	CYBORGじいちゃんG	小畑健	土方茂	1990	9784088710518
dancing-thunder	ダンシングサンダー	千葉きよかず	千葉潔和	1990	9784091824110
dandori-kun	ダンドリくん	ねてる	泉昌之 / 久住昌之	1990	9784575931839
debirukko-ruru	デビルっ子ルル	能田茂 / 樋口雅一 / 団龍彦	のだしげる	1990	9784420132183
fushigi-no-mori-no-monogatari	不思議の森の物語	めるへんめーかー	めるへんめ-か-	1990	9784086114073
hannya-shingyou	般若心経	池田淳一 / 尺ひめき	渋川驍	1990	9784795236653
hohoemu-shounen	ほほえむ少年	竹宮惠子	竹宮恵子	1990	9784048521376
hoshi-furu-mori-no-little-majo	星降る森のリトル魔女	めるへんめーかー	めるへんめ-か-	1990	9784039695109
jijimetal-jacket	ジジメタルジャケット	ねてる	泉昌之	1990	9784575932225
kaiwa-1990	会話	竹宮惠子	竹宮恵子	1990	9784048521345
kazeoh	風霊王	厦門潤	あもい　潤	1990	9784049242027
koi-wa-paopao	恋はパオパオ	西川秀明	まみやこまし	1990	9784885320859
koitsura-100-paasento-densetsu	こいつら100%伝説	岡田あーみん	岡田 あ〜みん	1990	9784088535302
kurara-shake	くららシェイク	唯登詩樹	加藤雅基	1990	9784048522366
l-a-heat	L.A.HEAT	黒田かすみ	くろだ　かすみ	1990	9784049241594
majuu-kessha	魔獣結社	来留間慎一	秋恭摩	1990	9784198301019
manga-kii-waado	まんがキーワード	近石まさし	近石雅史	1990	9784022206060
mitsuhashi-otsuya-tokuhon	三橋乙揶読本	シバ	三橋乙揶	1990	9784892890826
modena-no-ken	モデナの剣	池沢早人師	池沢さとし	1990	9784088573311
money	マニー	新岡浩美	寿限無	1990	9784403612251
near-death	ニア・デス	いまざきいつき	伊魔崎斎	1990	9784893671851
nekonyan-ninpouchou	猫ニャン忍法帖	谷間夢路	出井州忍	1990	9784885320811
nova	NOVA	伊藤結花理	伊藤結花里	1990	9784091331335
one-note-samba	ワン・ノート・サンバ	竹宮惠子	竹宮恵子	1990	9784048521383
onna-tachi-no-beesu-ball	女たちのベースボール	野妻まゆ美	野妻まゆみ	1990	9784575331073
power-bomb-theater	パワーボムtheater	青山広美	青山パセリ	1990	9784845807611
sen-no-suna	千の砂	流水凜子	流水りんこ	1990	9784063131864
shinbashi-no-5-funkan	新橋の5分間	竹宮惠子	竹宮恵子	1990	9784048521369
shinigami-ni-kanpai	死神に乾杯!	富田安紀子	富沢佑	1990	9784420132107
shinkirou-fujin	蜃気楼夫人	村祖俊一	如月次郎	1990	9784885320736
shuten-dooji	酒呑☆ドージ	梅澤春人	梅沢勇人	1990	9784088714714
stag-party	スタッグ・パーティー	タケダケント	きょん	1990	9784893671752
sugar-no-kimochi	シュガーの気持ち	いとうかこ	伊藤かこ	1990	9784408430706
the-next-generation	The NEXT GENERATION	麻宮騎亜	菊池　通隆	1990	9784829191040
third-street	サードストリート	須本壮一	本そういち	1990	9784575932065
upper-road	アッパーロード	山本航暉	山本晃	1990	9784063115765
ushinawareta-lullaby	失われた旋律	流水凜子	流水りんこ	1990	9784063131758
vagabond-fish	ヴァガボンド・フィッシュ	浜田翔子	木戸恵	1990	9784403612343
yabou-no-mure	野望の群れ	倉科遼	司敬	1990	9784537036091
albatross	アルバトロス	さとう輝	佐藤輝	1989	9784063115161
all-star-project	オールスター・プロジェクト	獸木野生	伸たまき	1989	9784403612107
atchi-muite-paa	あっち向いて!Par	山崎匡佑	山崎享祐	1989	9784575815160
chiguhagu	CHI・GU・HA・GU	山花典之	山崎花子	1989	9784088617718
deka-kenshi-ekkusukaribaa	刑事剣士Xカリバー	富士原昌幸	藤原昌幸	1989	9784047130043
dekochin	でこちん	山根青鬼	山根　あかおに	1989	9784893510464
eiyuuden	英雄伝	芝田英行	芝田秀行	1989	9784253143790
envirion	エンヴリオン	外薗昌也	外園昌也	1989	9784403611957
erudegain	エルデガイン	円英智	つぶらひでとも	1989	9784047120044
forever	Forever	美村あきの	亜宮まさみ	1989	9784061702530
fuuin-toshi	封印都市	美衣暁	佐江明	1989	9784253144131
gekiga-aoki-isao-no-golf-gorinnosho	劇画・青木功のゴルフ五輪書	山崎匡佑	青木功	1989	9784537032192
gekiga-saigou-takamori	劇画・西郷隆盛	倉科遼	司敬	1989	9784537035766
girl-ga-abunai	GIRLがあぶない	いとうかこ	伊藤かこ	1989	9784408430461
hageshiina-sakurai-kun	ハゲしいな!桜井くん	高倉あつこ	高倉あつ子	1989	9784061021587
heart-of-stone	ハートオブストーン	真行寺たつや	富本たつや	1989	9784257901068
jipangu-boy	ジパング少年	いわしげ孝	岩重孝	1989	9784091817310
kami-no-miezaru-kingyoku	神の見えざる金玉	相原コージ	相原コ-ジ	1989	9784575280685
kyoumi-chan-no-iede	京美ちゃんの家出	横山えいじ	東野司	1989	9784150302924
kyuu-no-ji-tou	Qの字塔	竹宮惠子	竹宮恵子	1989	9784048521314
luck-master	ラックマスター	MEE	みいくん	1989	9784893671547
madonna-no-hikyuu	マドンナの秘宮	谷間夢路	出井州忍	1989	9784885320569
makuu-no-tenshi	魔空の天使	うさとさや	田中雅子	1989	9784253126052
mira-kuru-1	ミラ・クル・1	佐々木多利尓 / 藤子不二雄	藤子・Ｆ・不二雄	1989	9784124102581
nagasaremono	流され者	甲良幹二郎	葉山　伸	1989	9784049210149
naraku	奈落	山岸凉子	山岸　涼子	1989	9784049240825
niihao-jiangshi-kun	〔ニイ〕好キョンシーくん	西東栄一	斎藤栄一	1989	9784091413413
noripii-chan	のりピーちゃん	YASCORN / さかいのりこ	酒井法子	1989	9784091790118
oretachino-ouenka	俺たちの応援歌	野妻まゆ美	野妻まゆみ	1989	9784592115601
seikimatsu-collection	世紀末コレクション	ソルボンヌK子	鹿野景子	1989	9784803319064
sen-no-rikyuu	千利休	西村弘美	西林弘美	1989	9784061043718
shin-reijou-monogatari	真・隷嬢物語	Woody-Rinn	森林りんご	1989	9784886728036
shounen-esuefu-tanpen	少年SF短篇	藤子不二雄	藤子・Ｆ・不二雄	1989	9784124102239
tengoku-ya-jigoku	天国や地獄	ねてる	泉昌之	1989	9784792601928
thrill-kun	スリルくん	板井れんたろう	坂井　れんたろう	1989	9784893510457
twin-1989	TWIN	厦門潤	亜藤潤子	1989	9784592125419
uanpu-meshimase	Vamp召しませ	砂倉そーいち	砂倉そ-いち	1989	9784829183069
usotsukina-shinjutachi	嘘つきな真珠たち	竹宮惠子	竹宮恵子	1989	9784091721112
virgin-rabbit	ヴァージン・ラビット	竹宮惠子	竹宮恵子	1989	9784048521277
wind-up	ワインドアップ!!	小泉ヤスヒロ	小泉裕洋	1989	9784091222817
yamato-nadeshiko-attacker	大和撫子遊撃隊	外薗昌也	外園昌也	1989	9784592131304
aishite-wolf-boy	AIしてウルフboy	伊藤結花理	伊藤結花里	1988	9784091327710
andromeda-stories	アンドロメダ・ストーリーズ	竹宮惠子 / 光瀬竜	竹宮恵子	1988	9784063480016
arms-1988	Arms	唯登詩樹	加藤　雅基	1988	9784885705434
bukyou-ichidai	武侠一代	倉科遼	司敬	1988	9784537031898
chotto-meiken	ちょっと名犬	谷間夢路	出井州　忍	1988	9784821192212
crescent	CRESCENT	葉月しのぶ	筒井　百々子	1988	9784885702211
daphne	ダフネー	山岸凉子	山岸　涼子	1988	9784049230291
dash-my-road	Dash!マイ・ロード	神塚ときお	神塚時生	1988	9784788923331
doctor-hankotsui	ドクター反骨医	根本テツヤ / 高山よしのり	根本哲也 / 鏡丈二	1988	9784537031751
gekiga-nakayama-miki-monogatari	劇画 中山みき物語	とみ新蔵	臣新蔵	1988	9784651770116
giniro-no-arufureddo	銀色のアルフレッド	ベルネ	Ｂｅｌｎｅ	1988	9784403611773
hiina-no-maisou	ひいなの埋葬	山岸凉子	山岸　涼子	1988	9784049230321
hoshi-no-rekishi	星の歴史	獸木野生	伸たまき	1988	9784403611575
kayou-manga-daizenshuu	歌謡マンガ大全集	内田美奈子	大友克洋	1988	9784061021303
kaze-no-darutaniyan	風のダルタニヤン	うさとさや	田中雅子	1988	9784391903560
kiiroi-zerosen	黄色い零戦	小澤さとる	小沢さとる	1988	9784106030017
kotomonashi-kyouichirou	こともなし凶一郎!!	真行寺たつや	富本たつや	1988	9784882750086
kou-chan-no-shichii-o-yumemite	康ちゃんのシチーを夢みて	木暮由美子	小暮　由美子	1988	9784049240689
manga-shouwashi	まんが昭和史	とみ新蔵	臣新蔵	1988	9784874443767
mindy-land	Mindy land	眠田直	みんだ　なお	1988	9784943966128
miracle-night-gate	ミラクル・ナイト・ゲート	厦門潤	亜藤潤子	1988	9784592118558
nagi	椰	流水凜子	流水りんこ	1988	9784803323665
ogen-sama	お幻さま	茶木宏実	茶木宏美	1988	9784088493992
onna-koshien	おんな甲子園!	野妻まゆ美	野妻まゆみ	1988	9784592118503
onryou-no-sumu-shima	怨霊の棲む島	井出智香恵	井出知香恵	1988	9784803316216
orufe-no-yuigon	オルフェの遺言	竹宮惠子	竹宮恵子	1988	9784048521185
phaethon-yamagishi-1988	パエトーン	山岸凉子	山岸　涼子	1988	9784049240535
ramon-full-power	羅門FULL POWER	加納隆己	加納隆巳	1988	9784061021082
shoki-sakuhin-shuu	レフトアンドライト	山岸凉子	山岸　涼子	1988	9784049230284
shuugeki-angel-rumi	蹴撃エンジェルRUMI	近石まさし	近石雅史	1988	9784257961703
the-king	ザ・キング	倉科遼	司敬	1988	9784197890545
tobira-wa-hiraku-ikutabimo	扉はひらくいくたびも	竹宮惠子	竹宮恵子	1988	9784048521161
uchuu-seibutsu-mojakou	宇宙生物モジャ公	藤子不二雄	藤子・Ｆ・不二雄	1988	9784124101911
wakaki-hi-no-takeda-shingen	若き日の武田信玄	倉科遼	司敬	1988	9784537031577
watashi-ga-kieta	わたしが消えた!	渡千枝	渡千江	1988	9784063027440
yami-no-kakusei	闇の覚醒	流水凜子	流水りんこ	1988	9784803316766
yami-no-marukuto	闇のマルクト	厦門潤	亜藤潤子	1988	9784592118640
yoroiden-samurai-troopers	鎧伝サムライトルーパー	ほしの竜一 / 矢立肇	とや邦行	1988	9784061005532
all-stars	All stars	眠田直	みんだ　なお	1987	9784943966104
anima-1987	アニマ	新岡浩美	寿限無	1987	9784403611452
bara-kessha	薔薇結社	井出智香恵	井出知香恵	1987	9784257919056
behind	behind	竹宮惠子	竹宮恵子	1987	9784592118312
case-b	Case B	雨宮淳	雨宮じゅん	1987	9784765921350
dream	ドリーム	山岸凉子	山岸　涼子	1987	9784049230239
flying-shoujo-hai	フライング少女ハイ!	帯ひろ志	本能　猛	1987	9784803311853
funky-monkey-teacher	ファンキー・モンキーティーチャー	もりやまつる	守山鶴	1987	9784061020788
goukai-san-datsu	豪快さんだっ!	ねてる	泉昌之	1987	9784792601720
green-carnation	グリーン・カーネーション	山岸凉子	山岸　涼子	1987	9784049230253
haado-gumi	覇悪怒組	いしわた周一 / 石ノ森章太郎	石綿周一	1987	9784061004986
kentoushi	拳闘士	倉科遼	司敬	1987	9784537030945
king-of-the-hustler	キング・オブ・ザ・ハスラー	谷津太朗	小林伸明 / 谷津太郎	1987	9784063110241
kita-no-kiba	北の牙	影丸穣也	影丸　譲也	1987	9784885705403
koojien	コージ苑	相原コージ	相原コ-ジ	1987	9784091780720
kuro-no-tasogare	黒のたそがれ	流水凜子	流水りんこ	1987	9784803311839
maboroshi-no-hanayome	まぼろしの花嫁	細川智栄子	細川知栄子	1987	9784253073097
madonna	マドンナ	くじらいいく子	くじらいいくこ	1987	9784091814111
norowareta-chouzou	呪われた彫像	うさとさや / 池田悦子	田中雅子	1987	9784253080361
offside	オフサイド	塀内夏子	塀内真人	1987	9784063112511
oh-potato-boy	OH!ポテトBOY	みやすのんき	ひろもり　しのぶ	1987	9784893670335
panyukisu	パニュキス	山岸凉子	山岸　涼子	1987	9784049230246
paradise-1987	ぱらだいす	よね	みやぎひろみ	1987	9784391902266
paroyakyuu-news	パロ野球ニュース	やくみつる	はた山ハッチ	1987	9784884757298
perman-fujiko-1979	パーマン	藤子不二雄	藤子・Ｆ・不二雄	1987	9784124101461
ruri-no-tsume	瑠璃の爪	山岸凉子	山岸　涼子	1987	9784049240214
standard-daytime	スタンダード・デイタイム	獸木野生	伸たまき	1987	9784403611292
tokijiku-no-kaku-no-konomi	時じくの香の木の実	山岸凉子	山岸　涼子	1987	9784049240054
tokiwasou-seishun-monogatari	トキワ荘青春物語	手塚治虫	知里高央 / 横山孝雄	1987	9784905579908
watashi-no-doll-wa-yoi-doll	わたしの人形は良い人形	山岸凉子	山岸　涼子	1987	9784049240153
zero-racer	ZEROレーサー	影丸穣也	影丸　譲也	1987	9784821192083
2821-kokakoora	2821コカコーラ	獸木野生	伸たまき	1986	9784403611124
akuryou-no-uta-ga-kikoeru	悪霊の歌が聞こえる	西東栄一	斎藤栄一	1986	9784651071213
ano-ko-obake-dayotsu	あの子おばけだよっ	浜慎二	浜　慎一	1986	9784828080307
b-boy	b-Boy	なると真樹 / 桃さくら	倉持知子	1986	9784088542997
battle-staff	BATTLE STAFF	唯登詩樹	加藤　雅基	1986	9784885705014
beat-shot	Beat Shot!!	池沢早人師	池沢さとし	1986	9784088571317
biijiiemu-ga-kikoenai	B.G.M.がきこえない	九月姫	いくざわのぶこ	1986	9784253081597
blue-jean	ブルー・ジーン	くじらいいく子	くじらいいくこ	1986	9784091810915
dai-san-no-nami	第三の波	小澤さとる	小沢さとる	1986	9784120015335
dorokuremon	どろくれもん	村尾ただよし	村尾忠義	1986	9784061025745
doubles	Doubles	荻丸雅子	麻原いつみ	1986	9784091323316
gin-no-oni-1986	銀の鬼	茶木宏実	茶木ひろみ	1986	9784088492223
goo-q-chouji-ikkiman	剛Q超児イッキマン	高橋和希	高橋かずお	1986	9784061731714
gyagumagedon	ぎゃぐまげどん	相原コージ	相原コ-ジ	1986	9784575723113
hane-kun-no-sayonara-o-iu-ki-mo-nai	羽根くんのさよならをいう気もない	野妻まゆ美	野妻まゆみ	1986	9784592114666
happy-penguin	ハッピーペンギン	谷間夢路	出井州　忍	1986	9784754651633
kanon-takemiya-1986	カノン	竹宮惠子	竹宮恵子	1986	9784403611100
kaori-paradise	Kaoriパラダイス	唯登詩樹	加藤　雅基	1986	9784885705120
koji-omoshirobanashi	故事おもしろ話	谷間夢路	出井州忍	1986	9784832200388
kokuhaku-1986	告白	竹宮惠子	竹宮恵子	1986	9784592130819
kyokon-sanshirou	巨根三四郎	能田茂 / 林律雄	のだしげる	1986	9784197865819
money-wars	マネーウォーズ	宮川総一郎	宮川總一郎	1986	9784088630618
namida-no-bareebooru	涙のバレーボール	塀内夏子	塀内真人	1986	9784061731967
osu-karatebu	押忍!!空手部	高橋幸慈	高橋幸二	1986	9784088615318
reflex-1987	Reflex	Ken-G / あらきあきら / フレッド・ケリー / 中山たろう	ケリー・フレッド	1986	9784893670182
shikei-shikkounin-blue	死刑執行人ブルー	倉科遼	司敬	1986	9784061025639
shiyounan-bakusouzoku	湘南爆走族	西城隆詞	吉田聡	1986	9784785945602
the-combat	ザ・コンバット	望月三起也	南聖二	1986	9784257900757
the-konbatto	ザ・コンバット	あさりよしとお	南聖二	1986	9784257900757
umayako-no-hime-miko	馬屋古女王	山岸凉子	山岸　涼子	1986	9784049230093
voice-1986	V・O・I・C・E	外薗昌也	外園昌也	1986	9784592131014
wadatsumi-no-iroko-no-miya	海の魚鱗宮	山岸凉子	山岸　涼子	1986	9784049230161
watashi-no-kare-wa-kyuuketsuki	私の彼は吸血鬼	西東栄一	斉藤栄一	1986	9784651071084
yamanaka-ryou-e-kan-215-go	山中寮E館215号	新岡浩美	寿限無	1986	9784403611094
yumechiyo-paradise	夢千代パラダイス	塀内夏子	塀内真人	1986	9784063010107
yuureidan	ゆうれい談	山岸凉子	山岸　涼子	1986	9784049230178
7-ji-o-wataru-7nin	虹を渡る7人	さくらももこ / 吉住渉 / 柊あおい / 矢沢あい / 高倉あつこ	一条ゆかり	1985	9784088533278
ai-o-yumemite	愛を夢みて…	雨宮淳	雨宮じゅん	1985	9784765921091
ao-no-otoko	蒼の男	ベルネ	Ｂｅｌｎｅ	1985	9784403610875
aru-hazu-no-nai-umi	あるはずのない海	獸木野生	伸たまき	1985	9784403610776
bakeru-kun	バケルくん	藤子不二雄	藤子・Ｆ・不二雄	1985	9784124101799
banana-sisters	バナナ❤シスターズ!!	みやすのんき	ひろもりしのぶ	1985	9784938256821
biidoronotoki	びいどろの時	石ノ森章太郎	石森　章太郎	1985	9784885704901
chichiyuukai-no-shinjiyu	地中海の真珠	布浦翼	あまねかずみ	1985	9784061760554
circus-dream	サーカス・ドリーム	塀内夏子	塀内真人	1985	9784063010039
diamond-game	ダイヤモンド芸夢	塀内夏子	塀内真人	1985	9784063010015
doraemon-no-hatsumei-kyoushitsu	ドラえもんの発明教室	しのだひでお	篠田ひでお	1985	9784091410313
eden-2185	エデン2185	竹宮惠子	竹宮恵子	1985	9784091785510
futsuu-no-onnanoko-ni-naritai	普通の女の子になりたい	くじらいいく子	くじらいいくこ	1985	9784257918226
haai-mari-chan	ハーイ!まりちゃん	上原きみ子	上原 きみこ	1985	9784091410610
hane-kun-no-ki-ni-naru-omae	羽根くんの気になるお前	野妻まゆ美	野妻まゆみ	1985	9784592114659
hane-kun-no-kimi-o-nosete	羽根くんの君をのせて	野妻まゆ美	野妻まゆみ	1985	9784592114642
let-gourmet	Let'sぐるめ	南雲ジュリ	河名尚子	1985	9784253073158
maicon-rendezvous	マイコンランデブー	おおやま黎	あおやま黎	1985	9784061736580
manhattan-op	マンハッタン・オプ	谷口ジロー	矢作俊彦	1985	9784334700966
mobile-suit-z-gundam	機動戦士Zガンダム	山口宏 / 矢立肇 / 富野由悠季	近藤和久	1985	9784062018807
nagareboshi-mitaka	流れ星見たか	中城けんたろう	中城健	1985	9784253068642
nobe-wa-naku	野辺は無く	シバ	三橋乙揶	1985	9784792601348
nothing-heart	ナッシング・ハート	獸木野生	伸たまき	1985	9784403610684
otou-san-to-boku	おとうさんとぼく	e.o.プラウエン	E．О．プラウエン	1985	9784001121087
otou-san-wa-shinpaishou	お父さんは心配症	岡田あーみん	岡田 あ〜みん	1985	9784088533513
ragunasenki	ラグナ戦記	外薗昌也	外園昌也	1985	9784592130604
romance-wine	浪漫葡萄酒	田渕由美子	田淵由美子	1985	9784088533384
yami-ni-ugomeku-dokurogumo	闇にうごめくドクロ蜘蛛	安田達矢	安田タツオ	1985	9784651071046
21-emon	21エモン	藤子不二雄	藤子・F・ 不二雄	1984	9784091434371
banana-hakusho	バナナ白書	蛭田充	SANZE摩利	1984	9784088570914
dai-chouhen-doraemon	大長編ドラエもん	藤子不二雄	藤子・F・不二雄	1984	9784091590640
emerentia	エメレンティア	竹宮惠子	竹宮恵子	1984	9784592820055
esper-mami	エスパー魔美	藤子不二雄	藤子・Ｆ・不二雄	1984	9784124100235
fifteen-love	フィフティーン・ラブ	塀内夏子 / 川島健三	塀内真人	1984	9784061729728
follow-you-follow-me	フォロー・ユー フォロー・ミー	荻丸雅子	麻原いつみ	1984	9784257917915
giant-gorg	巨神ゴーグ	清水としみつ / 安彦良和 / 矢立肇	清水緑	1984	9784061004467
hane-kun-no-10-nen-romance	羽根くんの10年ロマンス	野妻まゆ美	野妻まゆみ	1984	9784592114635
happy-people	ハッピーピープル	釋英勝	釈英勝	1984	9784088614113
konchikushou-blues	こんちくしょうブルース	くじらいいく子	くじらいいくこ	1984	9784257917847
mansion-neko-no-kyoumi-shinshin	マンションネコの興味シンシン	竹宮惠子	竹宮恵子	1984	9784047050068
midship-jun	ミッドシップ隼	池沢早人師	池沢さとし	1984	9784253042239
omame-no-hanbun	お豆の半分	獸木野生	伸たまき	1984	9784403610561
oretachi-no-itadaki	おれたちの頂	塀内夏子 / 川島健三	塀内真人	1984	9784061729568
pieta	ピエタ	野妻まゆ美	野妻まゆみ	1984	9784592117711
lucky-route-he-runaway-sf-tanpenshu	ラッキールートへランナウェイ	SYUFO	板橋しゅうほう	1984	9784420131186
saru-tan-bouei-tai	サルタン防衛隊	高寺彰彦 / 大友克洋 / 高千穂遥	高千穂遙	1984	9784061020184
shounen-shoujo-jinbutsu-nippon-no-rekishi	少年少女人物日本の歴史	学習まんが集団 / 小井土繁	あおむら純	1984	9784092990012
shouwa-bankaraha	昭和バンカラ派	倉科遼	司敬	1984	9784537008227
sukitootta-gogo	透きとおった午後	尾崎未来	井上洋子	1984	9784086122306
toorisugari-ni-koroshitai	通りすがりに殺したい	竹宮惠子	竹宮恵子	1984	9784592117179
fujiko-fuji-yuushounen-sf-tanpenshuu	藤子不二雄 少年SF短編集	藤子不二雄	藤子・F・不二雄	1983	9784091407016
hane-kun-no-miserareta-yoru	羽根くんの魅せられた夜	野妻まゆ美	野妻まゆみ	1983	9784592114628
harusaki-red	春咲きレッド	さとる	浅川まゆみ	1983	9784253072335
jiinzu-no-mori-kara	ジーンズの杜から	前原滋子	徳光康之	1983	9784061765696
kakkoii-sukiyaki	かっこいいスキヤキ	編著 / ねてる	泉昌之	1983	9784792602697
kimi-dake-no-film	きみだけのフィルム	尾崎未来	井上洋子	1983	9784086122061
manga-de-wakaru-doukouhou	まんがでわかる道交法	武内つなよし	高山俊吉	1983	9784087810288
megane-iro-no-koi-wazurai	めがね色の恋わずらい	渡千枝	渡千絵	1983	9784061065932
ore-no-saakitto	おれのサーキット	飛鳥弓樹	山口博史	1983	9784061004122
oyama-no-taishou	お山の大将	山崎匡佑	山崎享祐	1983	9784061025066
sakkaa-sakigake	サッカー魁	高山よしのり / 能田茂	のだしげる / 高山芳紀	1983	9784061736009
seishoujo	聖少女	冨田茂	富田茂	1983	9784765923552
sekainorekishi	世界の歴史	石原しゅん	手塚治虫	1983	9784124024272
shishitachi-no-kouya	獅子たちの荒野	由紀賢二 / 雁屋哲	由起賢二	1983	9784537008357
supeshiyaru-banguutara-mama	スペシャル版 ぐうたらママ	古谷三敏	中江嘉男 / 上野紀子	1983	9784592760221
ten-o-ugokasu	天を動かす	カエデミノル	森しんいち	1983	9784086127240
bravo-la-nesshii	ブラボー!ラ・ネッシー	竹宮惠子	竹宮恵子	1982	9784091907356
hane-kun-no-kiken-na-futari	羽根くんの危険なふたり	野妻まゆ美	野妻まゆみ	1982	9784575722628
harukanari-yume-no-kanata	遥かなり夢のかなた	竹宮惠子	竹宮恵子	1982	9784091907332
hime-kuzushi	姫くずし	竹宮惠子 / 滝瀬源一	竹宮恵子	1982	9784091907349
izuaroon-densetsu	イズァローン伝説	竹宮惠子	竹宮恵子	1982	9784091310613
joker-1998-2	JOKER	野村あきこ	森谷幸子	1982	9784061753228
maikon-deka	マイコン刑事	すがやみつる / 下条よしあき	下條よしあき	1982	9784253039871
seishun-rabu-try	青春ラブ・トライ	北川康春	田辺真由美	1982	9784253090384
sobakasu-no-shounen	そばかすの少年	竹宮惠子 / ジーン・ポーター / 村岡花子	竹宮恵子	1982	9784091783417
star-road	スターロード	倉科遼	司敬	1982	9784253068123
suzume-no-chun-chan	すずめのチュンちゃん	あなだ〔スペード〕もあ	あなだもあ	1982	9784061084827
tenma-no-sora	天馬の空	倉科遼	智中天 / 北森鴻	1982	9784592130222
tsugaru-seishun-sanga	津軽青春山河	倉科遼	司敬	1982	9784253068048
watashi-o-tsuki-made-tsuretette	私を月まで連れてって!	竹宮惠子	竹宮恵子	1982	9784091783318
hatsumeisonta	発明ソン太	あさのりじ / あさりのりじ	浅野利治	1981	9784775914083
hyouman	豹マン	桑田二郎	桑田次郎	1981	9784775910276
natsu-eno-tobira	夏への扉	竹宮惠子	竹宮恵子	1981	9784063480122
rettou-198x	列島198X	沖一 / 武論尊	史村　翔	1981	9784061745223
sayonara-ganpeki-sensei	さよなら!!岸壁先生	一文字鈴 / 小池一夫	石綿周一	1981	9784253038355
hamusarada-kun	ハムサラダくん	ヨシダ忠	吉田忠	1980	9784434102714
hensoukyoku	変奏曲	竹宮惠子 / 増山のりえ	竹宮恵子	1980	9784257915607
kokomame-chan	ゝゝこまめちゃん	あなだ〔スペード〕もあ	あなだもあ	1980	9784061785120
rondo-capriccioso	ロンド・カプリチオーソ	竹宮惠子	竹宮恵子	1980	9784091907318
shichikai-karano-tegami	七階からの手紙	竹宮惠子	竹宮恵子	1980	9784257913863
tera-e	地球へ…	竹宮惠子 / 藤川桂介	竹宮恵子	1980	9784257915911
astro-twin	アストロツイン	竹宮惠子	竹宮恵子	1979	9784091782014
circuit-no-ookami	サーキットの狼	池沢早人師	池沢さとし	1979	9784944017805
kokonotsu-no-yuujou	ここのつの友情	竹宮惠子	竹宮恵子	1979	9784091782076
majo-wa-hot-nao-toshigoro	魔女はホットなお年頃	竹宮惠子	竹宮恵子	1979	9784091782038
nijiiro-no-toreesu	虹色のトレース	うさとさや	田中雅子	1979	9784253080149
ringo-monogatari	林檎ものがたり	田渕由美子	田淵由美子	1979	9784086183949
ushinawareta-muu-tairiku	失われたムー大陸	桑田二郎	桑田次郎	1979	9784775910474
furansu-mado-dayori	フランス窓便り	田渕由美子	田淵由美子	1978	9784086172615
meitantei-kageman	名たんていカゲマン	山根青鬼	山根あおおに	1978	9784091470416
sora-ga-suki	空がすき!	竹宮惠子	竹宮恵子	1978	9784091782052
youseiou	妖精王	山岸凉子	山岸　涼子	1978	9784049230185
ao-no-6-gou	青の6号	小澤さとる	小沢さとる	1977	9784418975174
kaze-to-ki-no-uta	風と木の詩	竹宮惠子	竹宮恵子	1977	9784091302212
patman-x	パットマンX	ジョージ秋山	ジョ-ジ秋山	1977	9784870258273
jirubesutaa-no-hoshi-kara	ジルベスターの星から	竹宮惠子	竹宮　恵子	1976	9784257913870
ninpou-juuban-shoubu-shirato	忍法十番勝負	白土三平	一峰大二	1976	9784253244459
sanruumunite	サンルームにて	竹宮惠子	竹宮　恵子	1976	9784257913856
wedding-license	ウェディング・ライセンス	竹宮惠子	竹宮　恵子	1976	9784257914112
pharaoh-no-haka	ファラオの墓	竹宮惠子	竹宮恵子	1975	9784091782090
oni-rinban	鬼輪番	ながやす巧 / やまさき拓味 / 小池一夫	小池一雄	1974	9784253014854
baiyaku-kakeba-chou-kuzuryuu	買厄懸場帖九頭竜	石ノ森章太郎	宮川輝	1973	9784091902979
submarine-nanamarunana	サブマリン707	小澤さとる	小沢さとる	1967	9784253108492
