severity	kind	slug	title	ed_idx	ed_type	ed_imprint	ed_publisher	date	gran	n	ed_vols	frac	ed_batch	vols	cadence_mo	cad_src	span_months	serial_years	year_started	year_ended	event_slugs	isbn_block	nbr_n	nbr_same	nbr_inside	nbr_titles	nbr_titles_flat	nbr_span_mo	serial_width	isbn_proof_ok	local_rate	implied_months	rakuten	rk_distinct	rk_spread_mo	rk_offset_mo	rk_mono	rakuten_dates	legit_hint
BROKEN	RAKUTEN_STAGGERED	kamuigaiden	カムイ外伝	2	kanzenban	カムイ伝全集	小学館	2006	year	11	11	1.0	11	1-11		assumed	25.0	5	1983	1987	1	11/11	89	3	9	5	0	143	11	0	0.46	21.5	6種/11件/散5ヶ月 ★楽天はバラける=本番の同一日が偽	6	5	7	1	1:2006年10月30日 2:2006年11月30日 3:2006年11月30日 4:2006年12月26日 5:2006年12月26日 6:2007年01月30日 7:2007年01月30日 8:2007年02月28日 9:2007年02月28日 10:2007年03月30日 11:2007年03月30日	ISBN連番(弱い証拠=採番ブロック予約でも連番になる) / 学習/全集/BOX語 / 再版種別
BROKEN	RAKUTEN_STAGGERED	break-blade	ブレイクブレイド	0	standard	Flex comix	ほるぷ出版	2012-02	month	10	20	0.5	1	1-10	6.7	observed	60.6	11	2012	2022	2	10/22	115	2	12	31	1	45	22	0	3.17	6.6	5種/10件/散4ヶ月 ★楽天はバラける=本番の同一日が偽	5	4	19	1	1:2013年07月12日頃 2:2013年07月12日頃 3:2013年08月12日頃 4:2013年08月12日頃 5:2013年09月12日頃 6:2013年09月12日頃 7:2013年10月12日頃 8:2013年10月12日頃 9:2013年11月12日頃 10:2013年11月12日頃	
BROKEN	RAKUTEN_CONFLICT	ginga-tetsudou-999	銀河鉄道999	1	bunkobon	少年画報社文庫	少年画報社	1994-05-04	day	8	18	0.44	6	3-10	10.1	observed	70.8	18	1988	2005	1	8/8	94	0	0	16	0	271	8	0	0.45	15.5	3種/8件/散20ヶ月 ★楽天はバラける=本番の同一日が偽	3	20	20	0	3:1996年01月 4:1996年01月 5:1994年05月 6:1994年05月04日頃 7:1996年01月 8:1994年05月 9:1994年05月 10:1996年01月	ISBN連番(弱い証拠=採番ブロック予約でも連番になる) / 再版種別
BROKEN	ISBN_SPREAD_PROOF	sprite-arimura-1995	SPRITE	0	standard	YKコミックス	少年画報社	1997-04-15	day	5	9	0.56	1	2-6	4.5	observed	18.0	4	1995	1998	1	5/110	166	0	62	31	0	58	110	1	4.34	25.1	1種/5件/散0ヶ月 (楽天も実質同日=一挙刊行の可能性)	1	0	0	1	2:1997年04月15日頃 3:1997年04月15日頃 4:1997年04月15日頃 5:1997年04月15日頃 6:1997年04月15日頃	楽天も実質同日
BROKEN	RAKUTEN_STAGGERED	peleliu-rakuen-no-gerunika	ペリリュー-楽園のゲルニカ-	0	standard	YOUNG ANIMAL COMICS	白泉社	2017-08	month	4	11	0.36	1	1-4	4.8	observed	14.4	5	2017	2021	1	4/4	64	1	0	16	0	156	4	0			4種/4件/散19ヶ月 ★楽天はバラける=本番の同一日が偽	4	19	-1	1	1:2016年07月29日頃 2:2017年01月27日頃 3:2017年07月28日頃 4:2018年02月28日	ISBN連番(弱い証拠=採番ブロック予約でも連番になる)
BROKEN	RAKUTEN_STAGGERED	tonari-no-seki-kun	となりの関くん	0	standard	MFコミックスフラッパーシリーズ	KADOKAWA	2013-12	month	4	10	0.4	1	1-4	4.3	observed	13.0	5	2013	2017	1	4/4	48	0	0	6	0	30	4	0	1.89	1.6	4種/4件/散24ヶ月 ★楽天はバラける=本番の同一日が偽	4	24	-17	1	1:2011年04月 2:2011年11月 3:2012年07月23日 4:2013年04月05日頃	ISBN連番(弱い証拠=採番ブロック予約でも連番になる)
BROKEN	PRE_SERIAL	aikoku-sensou	哀国戦争	0	standard	キングシリーズ	集英社	1990-08-01	day	4	6	0.67	1	1-4	3.2	observed	9.6	27	2000		1	4/4	43	1	0	6	0	94	4	0	0.66	4.5	1種/4件/散0ヶ月 (楽天も実質同日=一挙刊行の可能性)	1	0	0	1	1:1990年08月01日頃 2:1990年08月01日頃 3:1990年08月01日頃 4:1990年08月01日頃	ISBN連番(弱い証拠=採番ブロック予約でも連番になる) / 楽天も実質同日
BROKEN	ISBN_SPREAD_PROOF	bambi	バンビ	0	standard	アスペクトコミックス	エンターブレイン	2001-01	month	4	6	0.67	1	1-5(飛)	3.0	observed	9.0	2	2000	2001	1	4/161	92	5	42	19	2	51	161	1	3.7	43.2	2種/4件/散7ヶ月 ★楽天はバラける=本番の同一日が偽	2	7	-7	1	1:2000年06月 2:2000年06月 3:2000年06月 5:2001年01月	
BROKEN	ISBN_SPREAD_PROOF	jibaku-kun	ジバクくん	0	standard	BROS.COMICS	エンターブレイン	2000-07	month	4	6	0.67	1	1-5(飛)	1.4	observed	4.2	2	2000	2001	1	4/28	26	11	3	6	2	26	28	1	1.69	16.0	2種/2件/散1ヶ月 (楽天も実質同日=一挙刊行の可能性)	2	1	0	0	3:2000年06月 5:2000年07月	
BROKEN	RAKUTEN_STAGGERED	kochira-bonjingumi	こちら凡人組	0	standard	マンサンコミックス	実業之日本社	1987-12-25	day	3	17	0.18	1	3-7(飛)	12.5	observed	25.0	18	1987	2004	1	3/5	27	0	0	5	0	43	5	0	0.21	19.1	3種/3件/散9ヶ月 ★楽天はバラける=本番の同一日が偽	3	9	7	1	3:1987年11月25日頃 6:1988年07月27日頃 7:1988年08月24日頃	
BROKEN	RAKUTEN_STAGGERED	madame-joker	マダム・ジョーカー	0	standard	JOUR COMICS	双葉社	2003-09	month	3	30	0.1	1	1-3	9.1	observed	18.1	24	2003		1	3/10	45	0	4	9	2	103	10	1	1.2	7.5	3種/3件/散9ヶ月 ★楽天はバラける=本番の同一日が偽	3	9	0	1	1:2003年08月 2:2003年09月 3:2004年05月	
BROKEN	RAKUTEN_STAGGERED	genji-monogatari-asaki-yumemishi	源氏物語あさきゆめみし	0	standard		講談社	1989-08	month	3	7	0.43	1	1-3	5.0	observed	10.0	4	1989	1992	1	3/3	0	0	0	0	0	0	3	0			3種/3件/散14ヶ月 ★楽天はバラける=本番の同一日が偽	3	14	-16	1	1:1987年10月01日頃 2:1988年04月01日頃 3:1988年12月12日頃	ISBN連番(弱い証拠=採番ブロック予約でも連番になる)
BROKEN	ISBN_SPREAD_PROOF	shikii-no-juunin	敷居の住人	0	standard	アスペクトコミックス	エンターブレイン	2001-05	month	3	7	0.43	1	1-5(飛)	4.3	observed	8.7	3	2000	2002	1	3/247	131	7	51	26	2	52	247	1	1.03	238.3	3種/3件/散11ヶ月 ★楽天はバラける=本番の同一日が偽	3	11	-8	0	1:2000年09月 2:2000年06月 5:2001年05月	
BROKEN	RAKUTEN_STAGGERED	shakuou	借王	0	standard	SPコミックス	リイド社	1999-04	month	3	4	0.75	3	1-3	2.0	observed	4.0	1	1998	1998	1	3/52	82	1	28	21	0	99	52	1	1.33	38.4	3種/3件/散8ヶ月 ★楽天はバラける=本番の同一日が偽	3	8	-32	1	1:1996年03月22日頃 2:1996年08月07日頃 3:1996年11月08日頃	
BROKEN	ISBN_SPREAD_PROOF	banana-fish	BANANA FISH	1	bunkobon	小学館文庫	小学館	1997-06	month	3	11	0.27	2	9-11	0.5	observed	1.0	32	1987	2018	1	3/13	113	1	10	26	8	222	13	1	0.14	87.0	1種/3件/散0ヶ月 (楽天も実質同日=一挙刊行の可能性)	1	0	-1	1	9:1997年05月16日頃 10:1997年05月16日頃 11:1997年05月16日頃	再版種別 / 楽天も実質同日
BROKEN	ISBN_SPREAD_PROOF	soukaikessen	蒼海訣戰	0	standard	IDコミックス	角川グループパブリッシング	2012-03	month	3	10	0.3	2	5-7	0.4	observed	0.9	2	2011	2012	1	3/153	92	21	40	7	3	18	153	1	5.43	28.0	1種/3件/散0ヶ月 (楽天も実質同日=一挙刊行の可能性)	1	0	0	1	5:2012年03月 6:2012年03月 7:2012年03月	楽天も実質同日
HIGH	RAKUTEN_CONFLICT	kamui-den	カムイ伝	1	kanzenban	カムイ伝全集	小学館	2005	year	7	15	0.47	2	9-15	0.4	observed	2.6	5	1967	1971	1	7/7	101	2	0	8	1	148	7	0	0.02	284.0	4種/7件/散3ヶ月 ★楽天はバラける=本番の同一日が偽	4	3	8	1	9:2006年01月30日 10:2006年01月30日 11:2006年02月28日 12:2006年02月28日 13:2006年03月30日 14:2006年03月30日 15:2006年04月27日	ISBN連番(弱い証拠=採番ブロック予約でも連番になる) / 学習/全集/BOX語 / 再版種別
HIGH	RAKUTEN_CONFLICT	garfield	ガーフィールド	0	standard		研究社	1990	year	6	20	0.3	5	2-9(飛)	1.3	observed	6.3	3	1990	1992	1	6/8	0	0	0	0	0	0	8	0			2種/6件/散6ヶ月 ★楽天はバラける=本番の同一日が偽	2	6	1	1	2:1990年07月 3:1990年07月 4:1990年07月 5:1990年07月 8:1991年01月 9:1991年01月	
HIGH	ISBN_SPREAD	nekomeewaku	ねこめ～わく	0	standard	ミッシィコミックスDX	朝日新聞社	2007-10	month	5	8	0.62	1	1-5	8.6	observed	34.3	6	2007	2012	1	5/31	104	51	18	18	3	36	31	1	3.63	8.3	1種/5件/散0ヶ月 (楽天も実質同日=一挙刊行の可能性)	1	0	0	1	1:2007年10月 2:2007年10月 3:2007年10月 4:2007年10月 5:2007年10月	楽天も実質同日
HIGH	ISBN_SPREAD	star-wars-1998	スター・ウォーズ	0	standard		メディアワークス	1998-05	month	4	6	0.67	1	3-6	2.0	observed	6.0	2	1997	1998	1	4/1006	55	6	19	11	0	16	1006	1	113.14	8.9	1種/4件/散0ヶ月 (楽天も実質同日=一挙刊行の可能性)	1	0	0	1	3:1998年05月 4:1998年05月 5:1998年05月 6:1998年05月	楽天も実質同日
HIGH	RAKUTEN_CONFLICT	shin-ranchesutaa-senryaku	新ランチェスター戦略	0	standard		ワコー	1988-07	month	4	10	0.4	1	2-10(飛)	1.8	observed	5.3	2	1987	1988	1	4/13	1	0	1	0	0	0	13	0			2種/4件/散25ヶ月 ★楽天はバラける=本番の同一日が偽	2	25	0	1	2:1986年06月 8:1988年07月 9:1988年07月 10:1988年07月	
HIGH	RAKUTEN_CONFLICT	nanairo-inko	七色いんこ	3	bunkobon	手塚治虫文庫全集	講談社	2011-08	month	3	3	1.0	3	1-3		assumed	5.0	14	1981	1994	1	3/3	112	3	0	20	9	20	3	0	6.17	0.3	2種/3件/散12ヶ月 ★楽天はバラける=本番の同一日が偽	2	12	0	1	1:2010年08月 2:2011年08月 3:2011年08月	ISBN連番(弱い証拠=採番ブロック予約でも連番になる) / 学習/全集/BOX語 / 再版種別
HIGH	RAKUTEN_CONFLICT	sunanobara	砂の薔薇	1	bunkobon	白泉社文庫	白泉社	2000-03	month	3	8	0.38	2	3-5	1.3	observed	2.6	10	1990	1999	1	3/3	110	0	0	23	8	126	3	0	0.28	7.2	2種/3件/散3ヶ月 ★楽天はバラける=本番の同一日が偽	2	3	0	1	3:2000年03月 4:2000年03月 5:2000年06月	ISBN連番(弱い証拠=採番ブロック予約でも連番になる) / 再版種別
MED	RAKUTEN_WIDE	nakazawa-deka-heiwa-manga-sakuhinshuu	中沢啓治平和マンガ作品集	0	standard	中沢啓治ヒューマンコミックス	ほるぷ出版	1995-01	month	20	20	1.0	20	1-20		assumed	47.5	1	1995	1995	1	20/20	0	0	0	0	0	0	20	0			1種/20件/散0ヶ月/本番との中央ズレ204ヶ月 ※楽天が重版・新装の日付を返している疑い(証拠として弱い)	1	0	204	1	1:2012年01月 2:2012年01月 3:2012年01月 4:2012年01月 5:2012年01月 6:2012年01月 7:2012年01月 8:2012年01月 9:2012年01月 10:2012年01月 11:2012年01月 12:2012年01月 13:2012年01月 14:2012年01月	ISBN連番(弱い証拠=採番ブロック予約でも連番になる) / 楽天も実質同日
MED	PARTIAL_BULK	shounen-shoujo-nippon-no-rekishi	少年少女日本の歴史	0	standard	少年少女日本の歴史 1998年版	小学館	1998-02	month	19	22	0.86	2	1-21(飛)	11.8	observed	212.6	38	1981	2018	1	19/21	0	0	0	0	0	0	21	0				0	0	0	0		学習/全集/BOX語
MED	PARTIAL_BULK	ningenkyouki	人間兇器	0	standard	GORAKU COMICS	日本文芸社	1982-08-25	day	13	23	0.57	1	1-14(飛)	1.5	observed	18.5	4	1982	1985	1		0	0	0	0	0	0	0	0				0	0	0	0		
MED	PARTIAL_BULK	netsuai-prince-oniichan-wa-kimi-ga-suki	熱愛プリンス お兄ちゃんはキミが好き	0	standard	ネクストFコミックス	ネクストF	2020-06-26	day	12	24	0.5	1	1-12	3.1	observed	34.4	12	2015		1	12/12	38	0	0	12	2	21	12	0	3.05	3.6	1種/12件/散0ヶ月 (楽天も実質同日=一挙刊行の可能性)	1	0	0	1	1:2020年06月26日 2:2020年06月26日 3:2020年06月26日 4:2020年06月26日 5:2020年06月26日 6:2020年06月26日 7:2020年06月26日 8:2020年06月26日 9:2020年06月26日 10:2020年06月26日 11:2020年06月26日 12:2020年06月26日	ISBN連番(弱い証拠=採番ブロック予約でも連番になる) / 楽天も実質同日
MED	PARTIAL_BULK	uryuudou-yumebanashi	雨柳堂夢咄	0	standard	眠れぬ夜の奇妙な話コミックス	朝日新聞社	2007-10	month	11	18	0.61	1	1-11	9.4	observed	94.1	20	2007		5	11/11	87	45	0	15	2	25	11	0	4.92	2.0	1種/11件/散0ヶ月 (楽天も実質同日=一挙刊行の可能性)	1	0	0	1	1:2007年10月 2:2007年10月 3:2007年10月 4:2007年10月 5:2007年10月 6:2007年10月 7:2007年10月 8:2007年10月 9:2007年10月 10:2007年10月 11:2007年10月	ISBN連番(弱い証拠=採番ブロック予約でも連番になる) / 楽天も実質同日
MED	PARTIAL_BULK	sousei-no-taiga	創世のタイガ	0	standard	イブニングKC	白泉社	2024-03	month	11	14	0.79	1	1-11	2.0	observed	20.0	3	2024		1	11/21	57	0	9	12	1	112	21	0			1種/11件/散0ヶ月 (楽天も実質同日=一挙刊行の可能性)	1	0	-1	1	1:2024年02月29日 2:2024年02月29日 3:2024年02月29日 4:2024年02月29日 5:2024年02月29日 6:2024年02月29日 7:2024年02月29日 8:2024年02月29日 9:2024年02月29日 10:2024年02月29日 11:2024年02月29日	楽天も実質同日
MED	PARTIAL_BULK	netsuai-prince	熱愛プリンス	0	standard	Missy comics	宙出版	2023-09-08	day	8	21	0.38	1	13-20	5.8	observed	40.2	11	2014	2024	1	8/8	91	20	6	26	4	26	8	0	5.0	1.4	1種/8件/散0ヶ月 (楽天も実質同日=一挙刊行の可能性)	1	0	0	1	13:2023年09月08日 14:2023年09月08日 15:2023年09月08日 16:2023年09月08日 17:2023年09月08日 18:2023年09月08日 19:2023年09月08日 20:2023年09月08日	ISBN連番(弱い証拠=採番ブロック予約でも連番になる) / 楽天も実質同日
MED	PARTIAL_BULK	sazae-san	サザエさん	0	standard		朝日新聞社	1995-07	month	8	68	0.12	3	16-30(飛)	4.9	observed	34.1	28	1994	2021	1	8/15	9	0	0	2	1	74	15	0	1.26	11.1	1種/8件/散0ヶ月 (楽天も実質同日=一挙刊行の可能性)	1	0	0	1	16:1995年07月 17:1995年07月 18:1995年07月 19:1995年07月 27:1995年07月 28:1995年07月 29:1995年07月 30:1995年07月	楽天も実質同日
MED	PARTIAL_BULK	taimashin	退魔針	0	standard	バーガーSC	ソニー・マガジンズ	1999-07-29	day	8	11	0.73	1	1-8	2.1	observed	14.7	3	1999	2001	1	8/8	72	10	0	20	9	22	8	0	6.05	1.2	1種/8件/散0ヶ月 (楽天も実質同日=一挙刊行の可能性)	1	0	0	1	1:1999年07月29日頃 2:1999年07月29日頃 3:1999年07月29日頃 4:1999年07月29日頃 5:1999年07月29日頃 6:1999年07月29日頃 7:1999年07月29日頃 8:1999年07月29日頃	ISBN連番(弱い証拠=採番ブロック予約でも連番になる) / 楽天も実質同日
MED	PARTIAL_BULK	sazae-san	サザエさん	0	standard		朝日新聞社	1995-09	month	7	68	0.1	3	20-26	4.9	observed	29.2	28	1994	2021	1	7/7	5	0	0	1	1	20	7	0			1種/7件/散0ヶ月 (楽天も実質同日=一挙刊行の可能性)	1	0	0	1	20:1995年09月 21:1995年09月 22:1995年09月 23:1995年09月 24:1995年09月 25:1995年09月 26:1995年09月	ISBN連番(弱い証拠=採番ブロック予約でも連番になる) / 楽天も実質同日
MED	PARTIAL_BULK	pachipro-hyena	パチプロハイエナ	0	standard	バーガーSC	日本文芸社	1999-09	month	7	10	0.7	1	1-7	2.7	observed	16.0	3	1999	2001	1	7/7	111	3	0	24	0	22	7	0	5.75	1.0	1種/7件/散0ヶ月 (楽天も実質同日=一挙刊行の可能性)	1	0	-1	1	1:1999年08月20日頃 2:1999年08月20日頃 3:1999年08月20日頃 4:1999年08月20日頃 5:1999年08月20日頃 6:1999年08月20日頃 7:1999年08月20日頃	ISBN連番(弱い証拠=採番ブロック予約でも連番になる) / 楽天も実質同日
MED	PARTIAL_BULK	uryuudou-yumebanashi	雨柳堂夢咄	1	bunkobon	ソノラマコミック文庫	朝日新聞社	2007-10	month	6	13	0.46	1	1-6	15.3	observed	76.7	20	2007		3	6/6	46	24	0	10	3	34	6	0	3.41	1.5	1種/6件/散0ヶ月 (楽天も実質同日=一挙刊行の可能性)	1	0	0	1	1:2007年10月 2:2007年10月 3:2007年10月 4:2007年10月 5:2007年10月 6:2007年10月	ISBN連番(弱い証拠=採番ブロック予約でも連番になる) / 再版種別 / 楽天も実質同日
MED	PARTIAL_BULK	joshi-joshikousei-girls-hai	女子高生Girls-High	1	standard	アクションコミックス	双葉社	2006-02	month	6	13	0.46	1	1-6	10.6	observed	52.9	13	2004	2016	1	6/11	24	1	2	6	0	12	11	0	10.58	0.9	1種/6件/散0ヶ月 (楽天も実質同日=一挙刊行の可能性)	1	0	-1	1	1:2006年01月 2:2006年01月 3:2006年01月 4:2006年01月 5:2006年01月 6:2006年01月	楽天も実質同日
MED	PARTIAL_BULK	richou-suikoden	李朝水滸伝	0	standard		JICC出版局	1989-11	month	6	9	0.67	1	1-8(飛)	6.5	observed	32.5	2	1985	1986	2	6/8	1	0	0	0	0	0	8	0			1種/6件/散0ヶ月 (楽天も実質同日=一挙刊行の可能性)	1	0	0	1	1:1989年11月 2:1989年11月 4:1989年11月 5:1989年11月 7:1989年11月 8:1989年11月	楽天も実質同日
MED	PARTIAL_BULK	eikyuu-shimei-onegai-shimasu	永久指名おねがいします!	0	standard	スフレコミックス	Jパブリッシング	2020-04-30	day	6	16	0.38	1	1-6	6.2	observed	31.0	9	2017	2025	1	6/6	12	1	0	2	1	16	6	0	7.69	0.7	1種/6件/散0ヶ月 (楽天も実質同日=一挙刊行の可能性)	1	0	0	1	1:2020年04月30日 2:2020年04月30日 3:2020年04月30日 4:2020年04月30日 5:2020年04月30日 6:2020年04月30日	ISBN連番(弱い証拠=採番ブロック予約でも連番になる) / 楽天も実質同日
MED	RAKUTEN_WIDE	hadashi-no-gen	はだしのゲン	0	standard		汐文社	1986-08	month	6	10	0.6	1	2-7	5.4	observed	27.2	5	1983	1987	1		0	0	0	0	0	0	0	0			2種/4件/散66ヶ月/本番との中央ズレ402ヶ月 ※楽天が重版・新装の日付を返している疑い(証拠として弱い)	2	66	402	1	2:2014年08月05日頃 3:2014年08月05日頃 4:2020年02月07日頃 5:2020年02月07日頃	
MED	PARTIAL_BULK	kimi-ni-aisarete-itakatta	君に愛されて痛かった	0	standard	Bunch comics	秋田書店	2023-03	month	6	9	0.67	1	1-6	3.5	observed	17.5	3	2023	2025	1	6/6	55	3	0	12	1	34	6	0	1.09	4.6	1種/6件/散0ヶ月 (楽天も実質同日=一挙刊行の可能性)	1	0	-1	1	1:2023年02月20日 2:2023年02月20日 3:2023年02月20日 4:2023年02月20日 5:2023年02月20日 6:2023年02月20日	ISBN連番(弱い証拠=採番ブロック予約でも連番になる) / 楽天も実質同日
MED	PARTIAL_BULK	bonobono	ぼのぼの	1	bunkobon	竹書房文庫	竹書房	2002-07	month	5	15	0.33	1	1-5	11.7	observed	46.9	40	1987		1	5/5	1	0	0	0	0	0	5	0			2種/5件/散0ヶ月 (楽天も実質同日=一挙刊行の可能性)	2	0	-1	1	1:2002年06月08日頃 2:2002年06月 3:2002年06月08日頃 4:2002年06月08日頃 5:2002年06月08日頃	ISBN連番(弱い証拠=採番ブロック予約でも連番になる) / 再版種別 / 楽天も実質同日
MED	PARTIAL_BULK	bonobono	ぼのぼの	1	bunkobon	竹書房文庫	竹書房	2003-01	month	5	15	0.33	1	6-10	11.7	observed	46.9	40	1987		1	5/5	3	0	0	0	0	0	5	0			1種/5件/散0ヶ月 (楽天も実質同日=一挙刊行の可能性)	1	0	0	1	6:2003年01月 7:2003年01月 8:2003年01月 9:2003年01月 10:2003年01月	ISBN連番(弱い証拠=採番ブロック予約でも連番になる) / 再版種別 / 楽天も実質同日
MED	PARTIAL_BULK	kyou-kara-city-hunter-2021	今日から City hunter	0	standard	ゼノンコミックス	コアミックス	2020-04-01	day	5	18	0.28	1	1-5	4.3	observed	17.2	7	2020		1	5/5	24	0	0	5	0	63	5	0	1.11	3.6	1種/5件/散0ヶ月 (楽天も実質同日=一挙刊行の可能性)	1	0	0	1	1:2020年04月01日 2:2020年04月01日 3:2020年04月01日 4:2020年04月01日 5:2020年04月01日	ISBN連番(弱い証拠=採番ブロック予約でも連番になる) / 楽天も実質同日
MED	PLACEHOLDER_DATE	princess	Princess	0	standard	角川コミックス・ドラゴンJr.	角川書店	2003-01-01	day	5	5	1.0	5	1-5		assumed	10.0	1	2003	2003	1	5/5	101	0	0	27	2	50	5	0	2.56	1.6	1種/5件/散0ヶ月 (楽天も実質同日=一挙刊行の可能性)	1	0	-1	1	1:2002年12月25日 2:2002年12月25日 3:2002年12月25日 4:2002年12月25日 5:2002年12月25日	ISBN連番(弱い証拠=採番ブロック予約でも連番になる) / 楽天も実質同日
MED	RAKUTEN_WIDE	ninja-bugeichou-kagemaruden	忍者武芸帳〈影丸伝〉	1	bunkobon	小学館文庫	小学館	1976-04-20	day	5	17	0.29	2	1-5	0.5	observed	2.0	2	1966	1967	1	5/5	7	0	0	1	0	83	5	0			4種/5件/散18ヶ月/本番との中央ズレ116ヶ月 ※楽天が重版・新装の日付を返している疑い(証拠として弱い)	4	18	116	0	1:1985年03月 2:1986年07月 3:1986年07月 4:1985年12月 5:1985年01月	ISBN連番(弱い証拠=採番ブロック予約でも連番になる) / 再版種別
MED	PARTIAL_BULK	mibu-gishiden	壬生義士伝	1	aizoban	愛蔵版コミックス	ホーム社	2014-04-17	day	4	13	0.31	1	1-4	9.2	observed	27.8	3	2010	2012	1	4/4	69	0	0	16	3	249	4	0	0.48	6.2	1種/4件/散0ヶ月 (楽天も実質同日=一挙刊行の可能性)	1	0	0	1	1:2014年04月17日頃 2:2014年04月17日頃 3:2014年04月17日頃 4:2014年04月17日頃	ISBN連番(弱い証拠=採番ブロック予約でも連番になる) / 再版種別 / 楽天も実質同日
MED	PARTIAL_BULK	oruchuban-ebichu	おるちゅばんエビちゅ	1	kanzenban		双葉社	1997-07-17	day	4	15	0.27	1	1-4	9.0	observed	27.0	18	1990	2007	1	4/4	65	5	0	15	1	25	4	0	4.48	0.7	1種/4件/散0ヶ月 (楽天も実質同日=一挙刊行の可能性)	1	0	0	1	1:1997年07月17日頃 2:1997年07月17日頃 3:1997年07月17日頃 4:1997年07月17日頃	ISBN連番(弱い証拠=採番ブロック予約でも連番になる) / 再版種別 / 楽天も実質同日
MED	PARTIAL_BULK	ping-pong	ピンポン	0	standard	Big spirits comics special	小学館	2002-09	month	4	9	0.44	1	6-9	9.0	observed	27.0	7	1996	2002	1		0	0	0	0	0	0	0	0			1種/1件/散0ヶ月 (楽天も実質同日=一挙刊行の可能性)	1	0	-2	0	7:2002年07月	
MED	PARTIAL_BULK	isshokenmei-hajime-hajime-kun	いっしょけんめいハジメくん	4	shinsoban	ビジネスジャンプ・コミックス	集英社	1990-07-27	day	4	8	0.5	1	3-6	7.3	observed	22.0	3	1981	1983	1	4/4	60	1	0	6	0	121	4	0			1種/4件/散0ヶ月 (楽天も実質同日=一挙刊行の可能性)	1	0	0	1	3:1990年07月27日頃 4:1990年07月27日頃 5:1990年07月27日頃 6:1990年07月27日頃	ISBN連番(弱い証拠=採番ブロック予約でも連番になる) / 再版種別 / 楽天も実質同日
MED	PARTIAL_BULK	mierundesu	視えるんです。	0	standard	幽BOOKS	朝日新聞出版	2018-07	month	4	8	0.5	1	1-4	6.3	observed	18.9	5	2018	2022	1	4/4	48	1	0	9	0	152	4	0	0.71	4.2	1種/4件/散0ヶ月 (楽天も実質同日=一挙刊行の可能性)	1	0	0	1	1:2018年07月 2:2018年07月 3:2018年07月 4:2018年07月	ISBN連番(弱い証拠=採番ブロック予約でも連番になる) / 楽天も実質同日
MED	PARTIAL_BULK	sazae-san	サザエさん	0	standard		朝日新聞社	1994-09	month	4	68	0.06	3	1-45(飛)	4.9	observed	14.6	28	1994	2021	1	4/45	16	0	0	3	2	132	45	0	0.74	59.3	1種/4件/散0ヶ月 (楽天も実質同日=一挙刊行の可能性)	1	0	0	1	1:1994年09月 2:1994年09月 44:1994年09月 45:1994年09月	楽天も実質同日
MED	PARTIAL_BULK	sazae-san	サザエさん	0	standard		朝日新聞社	1995-02	month	4	68	0.06	3	6-40(飛)	4.9	observed	14.6	28	1994	2021	2	4/35	14	0	0	2	1	132	35	0	0.74	45.8	1種/4件/散0ヶ月 (楽天も実質同日=一挙刊行の可能性)	1	0	0	1	6:1995年02月 7:1995年02月 39:1995年02月 40:1995年02月	楽天も実質同日
MED	PARTIAL_BULK	sazae-san	サザエさん	0	standard		朝日新聞社	1995-03	month	4	68	0.06	3	8-38(飛)	4.9	observed	14.6	28	1994	2021	1	4/31	14	0	0	2	1	132	31	0	0.74	40.4	1種/4件/散0ヶ月 (楽天も実質同日=一挙刊行の可能性)	1	0	0	1	8:1995年03月 9:1995年03月 37:1995年03月 38:1995年03月	楽天も実質同日
MED	PARTIAL_BULK	sazae-san	サザエさん	0	standard		朝日新聞社	1995-04	month	4	68	0.06	3	10-36(飛)	4.9	observed	14.6	28	1994	2021	2	4/27	14	0	0	2	1	132	27	0	0.74	35.0	1種/4件/散0ヶ月 (楽天も実質同日=一挙刊行の可能性)	1	0	0	1	10:1995年04月 11:1995年04月 35:1995年04月 36:1995年04月	楽天も実質同日
MED	PARTIAL_BULK	sazae-san	サザエさん	0	standard		朝日新聞社	1995-05	month	4	68	0.06	3	12-34(飛)	4.9	observed	14.6	28	1994	2021	1	4/23	13	0	0	2	1	132	23	0	0.73	29.9	1種/4件/散0ヶ月 (楽天も実質同日=一挙刊行の可能性)	1	0	0	1	12:1995年05月 13:1995年05月 33:1995年05月 34:1995年05月	楽天も実質同日
MED	PARTIAL_BULK	sazae-san	サザエさん	0	standard		朝日新聞社	1995-06	month	4	68	0.06	3	14-32(飛)	4.9	observed	14.6	28	1994	2021	1	4/19	11	0	0	2	1	107	19	0	0.89	20.3	1種/4件/散0ヶ月 (楽天も実質同日=一挙刊行の可能性)	1	0	0	1	14:1995年06月 15:1995年06月 31:1995年06月 32:1995年06月	楽天も実質同日
MED	PARTIAL_BULK	nukarumi-no-shokutaku	泥濘の食卓	0	standard	Bunch comics	新潮社	2023-10-06	day	4	9	0.44	1	2-5	4.6	observed	13.9	4	2022	2025	1	4/4	109	7	0	36	2	13	4	0	9.5	0.3	1種/4件/散0ヶ月 (楽天も実質同日=一挙刊行の可能性)	1	0	0	1	2:2023年10月06日頃 3:2023年10月06日頃 4:2023年10月06日頃 5:2023年10月06日頃	ISBN連番(弱い証拠=採番ブロック予約でも連番になる) / 楽天も実質同日
MED	PLACEHOLDER_DATE	ninja-senpuu	忍者旋風	0	standard	コンパクト・コミックス	集英社	1967-12-31	day	4	4	1.0	4	1-4		assumed	7.5	9	1959	1967	1		0	0	0	0	0	0	0	0				0	0	0	0		
MED	PLACEHOLDER_DATE	otoko-ippiki-gaki-daishou	男一匹ガキ大将	1	bunkobon	集英社漫画文庫	集英社	1976-12-31	day	4	20	0.2	1	6-9	0.5	observed	1.6	5	1969	1973	1		0	0	0	0	0	0	0	0				0	0	0	0		再版種別
MED	PARTIAL_BULK	norakuro-souchou	のらくろ曹長	0	standard			1935-12	month	3	5	0.6	1	1-3	101.5	observed	203.0	35	1935	1969	1		0	0	0	0	0	0	0	0				0	0	0	0		
MED	PARTIAL_BULK	shin-dabide-no-hoshi	新・堕靡泥の星	0	standard	Play comic series	秋田書店	2002-06-01	day	3	10	0.3	1	8-10	20.3	observed	40.7	16	1987	2002	1		0	0	0	0	0	0	0	0				0	0	0	0		
MED	PARTIAL_BULK	kamigami-no-itadaki	神々の山嶺	2	standard	ヤングジャンプコミックスGJ	集英社	2016-02-02	day	3	5	0.6	1	1-3	19.8	observed	39.5	23	2000	2022	1	3/3	52	0	0	11	0	100	3	0	0.77	2.6	1種/3件/散0ヶ月 (楽天も実質同日=一挙刊行の可能性)	1	0	0	1	1:2016年02月02日頃 2:2016年02月02日頃 3:2016年02月02日頃	ISBN連番(弱い証拠=採番ブロック予約でも連番になる) / 楽天も実質同日
MED	PARTIAL_BULK	akaki-chi-no-eleven	赤き血のイレブン	0	standard	ヒット・コミックス	広済堂	1987-04-20	day	3	6	0.5	2	3-5	17.4	observed	34.8	8	1987	1994	1	3/3	24	0	0	2	0	18	3	0	2.39	0.8		0	0	0	0		ISBN連番(弱い証拠=採番ブロック予約でも連番になる)
MED	PARTIAL_BULK	kutabare-namida-kun	くたばれ!!涙くん	0	standard	サンデーコミックス	秋田書店	1978-12	month	3	8	0.38	1	6-8	14.4	observed	28.9	9	1970	1978	1		0	0	0	0	0	0	0	0				0	0	0	0		
MED	PARTIAL_BULK	kachou-fuugetsu	花鳥風月	0	standard	ディアプラスコミックス	新書館	2017-04	month	3	12	0.25	1	3-6(飛)	13.8	observed	27.6	14	2013		1	3/10	43	1	1	10	2	27	10	0	4.69	1.9		0	0	0	0		
MED	PARTIAL_BULK	perman	パーマン	0	standard	中公コミックス	小学館	2003-04	month	3	8	0.38	1	1-3	12.3	observed	24.6	14	1997	2010	1	3/3	103	3	0	19	0	217	3	0	0.22	9.1	1種/3件/散0ヶ月 (楽天も実質同日=一挙刊行の可能性)	1	0	-1	1	1:2003年03月 2:2003年03月 3:2003年03月	ISBN連番(弱い証拠=採番ブロック予約でも連番になる) / 楽天も実質同日
MED	PARTIAL_BULK	the-morgue	ザ・モルグ	1	bunkobon	ぶんか社コミック文庫	ぶんか社	2005-09	month	3	5	0.6	1	1-3	12.2	observed	24.5	1	2003	2003	1	3/3	59	5	0	9	2	15	3	0	8.62	0.2	1種/3件/散0ヶ月 (楽天も実質同日=一挙刊行の可能性)	1	0	0	1	1:2005年09月 2:2005年09月 3:2005年09月	ISBN連番(弱い証拠=採番ブロック予約でも連番になる) / 再版種別 / 楽天も実質同日
MED	PARTIAL_BULK	hitman-2013	ヒットマン	0	standard		KADOKAWA	2017-05-18	day	3	5	0.6	1	3-5	11.0	observed	22.0	5	2013	2017	1	3/3	22	0	0	0	0	6	3	0	10.67	0.2	1種/3件/散0ヶ月 (楽天も実質同日=一挙刊行の可能性)	1	0	0	1	3:2017年05月18日頃 4:2017年05月18日頃 5:2017年05月18日頃	ISBN連番(弱い証拠=採番ブロック予約でも連番になる) / 楽天も実質同日
MED	PARTIAL_BULK	hatenkou-yuugi	破天荒遊戯	0	standard	GFC	一迅社	2002-09	month	3	24	0.12	1	1-3	10.5	observed	21.0	21	2002	2022	1	3/3	31	0	0	8	0	19	3	0	3.21	0.6	1種/3件/散0ヶ月 (楽天も実質同日=一挙刊行の可能性)	1	0	-1	1	1:2002年08月 2:2002年08月 3:2002年08月	ISBN連番(弱い証拠=採番ブロック予約でも連番になる) / 楽天も実質同日
MED	PARTIAL_BULK	glass-no-kamen	ガラスの仮面	1	bunkobon	白泉社文庫	白泉社	1994-03	month	3	27	0.11	2	3-5	10.4	observed	20.8	51	1976		2	3/3	15	7	0	3	2	174	3	0	0.08	24.9	1種/3件/散0ヶ月 (楽天も実質同日=一挙刊行の可能性)	1	0	0	1	3:1994年03月 4:1994年03月 5:1994年03月	ISBN連番(弱い証拠=採番ブロック予約でも連番になる) / 再版種別 / 楽天も実質同日
MED	PARTIAL_BULK	osaka-mamegohan	大阪豆ゴハン	1	bunkobon	講談社漫画文庫	講談社	2007-04	month	3	6	0.5	1	4-6	10.4	observed	20.8	6	1993	1998	1	3/3	114	10	0	25	3	12	3	0	10.36	0.2		0	0	0	0		ISBN連番(弱い証拠=採番ブロック予約でも連番になる) / 再版種別
MED	PARTIAL_BULK	bell-epoque	ベル・エポック	1	bunkobon	Young you特別企画文庫	集英社	1998-04	month	3	7	0.43	1	2-4	10.0	observed	20.0	11	1992	2002	1	3/3	79	0	0	15	7	91	3	0	0.98	2.0	1種/3件/散0ヶ月 (楽天も実質同日=一挙刊行の可能性)	1	0	0	1	2:1998年04月 3:1998年04月 4:1998年04月	ISBN連番(弱い証拠=採番ブロック予約でも連番になる) / 再版種別 / 楽天も実質同日
MED	PARTIAL_BULK	marou-ou-reppuu-den	魔狼王烈風伝	0	standard	Dengeki Comics EX	メディアワークス	1994-04	month	3	9	0.33	1	1-3	10.0	observed	20.0	7	1994	2000	1	3/24	3	0	0	0	0	0	24	0			1種/3件/散0ヶ月 (楽天も実質同日=一挙刊行の可能性)	1	0	0	1	1:1994年04月 2:1994年04月 3:1994年04月	楽天も実質同日
MED	PARTIAL_BULK	silent-m-bius	サイレントメビウス	0	standard	Comp comics DX	角川書店	2001-01	month	3	15	0.2	1	13-15	9.9	observed	19.9	13	1989	2001	1	3/3	92	2	0	23	2	42	3	0	2.79	0.7	1種/3件/散0ヶ月 (楽天も実質同日=一挙刊行の可能性)	1	0	-1	1	13:2000年12月26日 14:2000年12月26日 15:2000年12月26日	ISBN連番(弱い証拠=採番ブロック予約でも連番になる) / 楽天も実質同日
MED	PARTIAL_BULK	zone-00	ZONE-00	0	standard	Zero comics	KADOKAWA	2007-05-23	day	3	20	0.15	1	1-3	9.7	observed	19.4	16	2007	2022	1	3/21	44	3	8	8	1	31	21	1	5.56	3.6	1種/3件/散0ヶ月 (楽天も実質同日=一挙刊行の可能性)	1	0	0	1	1:2007年05月23日頃 2:2007年05月23日頃 3:2007年05月23日頃	楽天も実質同日
MED	PARTIAL_BULK	e-s	E'S	0	standard	Gファンタジーコミックス	エニックス	2003-03	month	3	16	0.19	1	1-3	8.5	observed	16.9	12	1999	2010	1	3/3	80	35	0	10	0	5	3	0	22.4	0.1	1種/3件/散0ヶ月 (楽天も実質同日=一挙刊行の可能性)	1	0	0	1	1:2003年03月 2:2003年03月 3:2003年03月	ISBN連番(弱い証拠=採番ブロック予約でも連番になる) / 楽天も実質同日
MED	PARTIAL_BULK	shiawase-no-katachi	しあわせのかたち	0	standard	Famitsu comix	アスキー	1992-02	month	3	5	0.6	1	1-3	8.0	observed	16.0	3	1992	1994	1	3/4	15	0	0	3	2	12	4	0	4.25	0.7	1種/3件/散0ヶ月 (楽天も実質同日=一挙刊行の可能性)	1	0	-1	1	1:1992年01月22日頃 2:1992年01月22日頃 3:1992年01月22日頃	ISBN連番(弱い証拠=採番ブロック予約でも連番になる) / 楽天も実質同日
MED	PARTIAL_BULK	usagiotoko-toraotoko	兎オトコ虎オトコ	0	standard	CHOCOLAT COMICS	白泉社	2020-02-27	day	3	5	0.6	1	1-3	8.0	observed	16.0	3	2020	2022	1	3/3	63	0	0	14	1	173	3	0	0.7	2.9	1種/3件/散0ヶ月 (楽天も実質同日=一挙刊行の可能性)	1	0	0	1	1:2020年02月27日頃 2:2020年02月27日頃 3:2020年02月27日頃	ISBN連番(弱い証拠=採番ブロック予約でも連番になる) / 楽天も実質同日
MED	PARTIAL_BULK	watashi-wa-shadow	私はシャドウ	0	bunkobon	集英社文庫コミック版	集英社	2011-09	month	3	6	0.5	1	4-6	7.8	observed	15.6	4	2008	2011	1	3/3	103	6	0	16	1	18	3	0	7.2	0.3	1種/3件/散0ヶ月 (楽天も実質同日=一挙刊行の可能性)	1	0	0	1	4:2011年09月 5:2011年09月 6:2011年09月	ISBN連番(弱い証拠=採番ブロック予約でも連番になる) / 再版種別 / 楽天も実質同日
MED	PARTIAL_BULK	sore-ga-seiyuu	それが声優!	0	standard	IDコミックス	一迅社	2015-07-08	day	3	5	0.6	1	1-3	7.2	observed	14.5	3	2015	2017	1	3/3	51	5	0	13	2	20	3	0	6.16	0.3	1種/3件/散0ヶ月 (楽天も実質同日=一挙刊行の可能性)	1	0	0	1	1:2015年07月08日頃 2:2015年07月08日頃 3:2015年07月08日頃	ISBN連番(弱い証拠=採番ブロック予約でも連番になる) / 楽天も実質同日
MED	PARTIAL_BULK	shin-karate-jigokuhen	新カラテ地獄変	0	standard	サンケイコミックス	不明	1979-12	month	3	13	0.23	1	1-3	7.2	observed	14.3	9	1979	1987	1		0	0	0	0	0	0	0	0				0	0	0	0		
MED	PARTIAL_BULK	shin-karate-jigokuhen	新カラテ地獄変	0	standard	サンケイコミックス	不明	1980-08	month	3	13	0.23	1	4-6	7.2	observed	14.3	9	1979	1987	1		0	0	0	0	0	0	0	0				0	0	0	0		
MED	PARTIAL_BULK	onmyouji	陰陽師	1	standard	SC DELUX バーガー	白泉社	1999-07-17	day	3	13	0.23	1	1-3	6.2	observed	12.5	12	1994	2005	1	3/3	93	1	0	19	0	184	3	0	0.63	3.2	1種/3件/散0ヶ月 (楽天も実質同日=一挙刊行の可能性)	1	0	0	1	1:1999年07月 2:1999年07月 3:1999年07月	ISBN連番(弱い証拠=採番ブロック予約でも連番になる) / 楽天も実質同日
MED	PARTIAL_BULK	onmyouji	陰陽師	1	standard	SC DELUX バーガー	白泉社	1999-09-01	day	3	13	0.23	1	4-6	6.2	observed	12.5	12	1994	2005	1	3/3	94	0	0	20	0	174	3	0			1種/3件/散0ヶ月 (楽天も実質同日=一挙刊行の可能性)	1	0	-1	1	4:1999年08月 5:1999年08月 6:1999年08月	ISBN連番(弱い証拠=採番ブロック予約でも連番になる) / 楽天も実質同日
MED	RAKUTEN_WIDE	kamuigaiden	カムイ外伝	0	standard	ビッグコミックス	小学館	1983-07	month	3	20	0.15	1	3-7(飛)	2.6	observed	5.2	5	1983	1987	1	3/5	23	0	0	5	0	51	5	0	1.88	2.1	3種/3件/散4ヶ月/本番との中央ズレ134ヶ月 ※楽天が重版・新装の日付を返している疑い(証拠として弱い)	3	4	134	1	3:1994年06月30日頃 6:1994年09月30日頃 7:1994年10月28日頃	
MED	PLACEHOLDER_DATE	arion	アリオン	2	deluxe	アニメージュコミックスデラックス	不明	1986-01-01	day	3	3	1.0	3	1-3		assumed	5.0	6	1980	1985	1		0	0	0	0	0	0	0	0				0	0	0	0		再版種別
MED	PLACEHOLDER_DATE	manga-project-ekkusu-chousenshatachi	まんがプロジェクトX挑戦者たち	0	standard		宙出版	2004-12-31	day	3	13	0.23	5	6-8	0.8	observed	1.7	2	2004	2005	1	3/3	8	3	0	0	0	8	3	0	12.62	0.2		0	0	0	0		ISBN連番(弱い証拠=採番ブロック予約でも連番になる)
MED	RAKUTEN_WIDE	tetsuwan-atom	鉄腕アトム	0	standard	SUNDAY COMICS	秋田書店	1999-07	month	3	20	0.15	2	1-3	0.5	observed	0.9	45	1956	2000	1	3/3	27	0	0	8	0	132	3	0	0.24	8.2	1種/3件/散0ヶ月/本番との中央ズレ122ヶ月 ※楽天が重版・新装の日付を返している疑い(証拠として弱い)	1	0	122	1	1:2009年09月30日頃 2:2009年09月30日頃 3:2009年09月30日頃	ISBN連番(弱い証拠=採番ブロック予約でも連番になる) / 楽天も実質同日
MED	RAKUTEN_WIDE	gegege-no-kitarou	ゲゲゲの鬼太郎	0	standard	講談社コミックス	講談社	1985-09-18	day	3	17	0.18	3	1-3	0.3	observed	0.6	2	1985	1986	1		0	0	0	0	0	0	0	0			3種/3件/散393ヶ月/本番との中央ズレ191ヶ月 ※楽天が重版・新装の日付を返している疑い(証拠として弱い)	3	393	191	0	1:2001年08月09日頃 2:1985年09月18日頃 3:2018年06月14日頃	
MED	RAKUTEN_WIDE	gegege-no-kitarou	ゲゲゲの鬼太郎	0	standard	講談社コミックス	講談社	1985-10-18	day	3	17	0.18	3	4-6	0.3	observed	0.6	2	1985	1986	1	3/339004	45593	29	29651	6919	195	683	339004	0	939.34	360.9	3種/3件/散394ヶ月/本番との中央ズレ393ヶ月 ※楽天が重版・新装の日付を返している疑い(証拠として弱い)	3	394	393	1	4:1985年10月18日頃 5:2018年07月17日 6:2018年08月17日	
MED	RAKUTEN_WIDE	gegege-no-kitarou	ゲゲゲの鬼太郎	0	standard	講談社コミックス	講談社	1985-11-18	day	3	17	0.18	3	7-9	0.3	observed	0.6	2	1985	1986	1	3/3	40	0	0	1	0	47	3	0			3種/3件/散2ヶ月/本番との中央ズレ395ヶ月 ※楽天が重版・新装の日付を返している疑い(証拠として弱い)	3	2	395	1	7:2018年09月14日頃 8:2018年10月17日頃 9:2018年11月15日	ISBN連番(弱い証拠=採番ブロック予約でも連番になる) / 楽天も実質同日
MED	RAKUTEN_WIDE	gegege-no-kitarou	ゲゲゲの鬼太郎	0	standard	講談社コミックス	講談社	1985-12-17	day	3	17	0.18	3	10-12	0.3	observed	0.6	2	1985	1986	1	3/5	49	0	1	1	0	6	5	0			3種/3件/散2ヶ月/本番との中央ズレ397ヶ月 ※楽天が重版・新装の日付を返している疑い(証拠として弱い)	3	2	397	1	10:2018年12月17日頃 11:2019年01月17日 12:2019年02月15日	楽天も実質同日
MED	RAKUTEN_WIDE	gegege-no-kitarou	ゲゲゲの鬼太郎	0	standard	講談社コミックス	講談社	1986-01-18	day	3	17	0.18	3	13-15	0.3	observed	0.6	2	1985	1986	1	3/338969	45593	25	29631	6919	195	683	338969	0	939.34	360.9	2種/3件/散398ヶ月/本番との中央ズレ0ヶ月 ※楽天が重版・新装の日付を返している疑い(証拠として弱い)	2	398	0	0	13:2019年03月15日 14:1986年01月18日頃 15:1986年01月18日頃	
LOW	ED_REGULAR_BATCH	netsuai-prince-oniichan-wa-kimi-ga-suki	熱愛プリンス お兄ちゃんはキミが好き	2	kanzenban	アニメージュコミックスコイハル	カルチュア・エンタテインメント	2026-10-13	day	25	25	1.0	25	1-25		assumed	60.0	12	2015		1	25/25	13	0	0	4	1	124	25	0	0.32	74.4		0	0	0	0		ISBN連番(弱い証拠=採番ブロック予約でも連番になる) / 再版種別
LOW	ED_REGULAR_BATCH	shoichi	伝説の雀鬼 ショーイチ	1	kanzenban	マンガの金字塔		2021-06	month	24	24	1.0	24	1-24		assumed	57.5	6	1989	1994	1		0	0	0	0	0	0	0	0				0	0	0	0		再版種別
LOW	PUBLISHER_BATCH	tensai-bakabon	天才バカボン	4	shinsoban	赤塚不二夫漫画大全集	小学館	2005-09	month	21	21	1.0	21	1-21		assumed	50.0	8	1969	1976	4	21/21	58	58	0	12	12	0	21	0				0	0	0	0		ISBN連番(弱い証拠=採番ブロック予約でも連番になる) / 学習/全集/BOX語 / 再版種別 / 近傍58件中58件が同日=レーベル一斉出荷 / 近傍の複数巻作品12件中12件が全巻同日=レーベル体質
LOW	ED_REGULAR_BATCH	nihonnorekishi	日本の歴史	0	standard	集英社版・学習まんが	集英社	2016-10	month	20	20	1.0	20	1-20		assumed	47.5	42	1982	2023	1	20/20	0	0	0	0	0	0	20	0				0	0	0	0		ISBN連番(弱い証拠=採番ブロック予約でも連番になる) / 学習/全集/BOX語
LOW	ED_REGULAR_BATCH	netsuai-prince-oniichan-wa-kimi-ga-suki	熱愛プリンス お兄ちゃんはキミが好き	1	shinsoban	ASTRO COMICS	宙出版	2023-09-08	day	19	19	1.0	19	1-19		assumed	45.0	12	2015		1	19/19	84	8	6	27	5	29	19	0	4.88	3.7	1種/19件/散0ヶ月 (楽天も実質同日=一挙刊行の可能性)	1	0	0	1	1:2023年09月08日 2:2023年09月08日 3:2023年09月08日 4:2023年09月08日 5:2023年09月08日 6:2023年09月08日 7:2023年09月08日 8:2023年09月08日 9:2023年09月08日 10:2023年09月08日 11:2023年09月08日 12:2023年09月08日 13:2023年09月08日 14:2023年09月08日	ISBN連番(弱い証拠=採番ブロック予約でも連番になる) / 再版種別 / 楽天も実質同日
LOW	PUBLISHER_BATCH	hyakki-yagyou-show	百鬼夜行抄	1	standard	眠れぬ夜の奇妙な話コミックス	朝日新聞社	2007-10	month	15	32	0.47	1	1-15	7.2	observed	100.3	20	2007		5	15/15	55	49	0	10	6	3	15	0	52.5	0.3	1種/15件/散0ヶ月 (楽天も実質同日=一挙刊行の可能性)	1	0	0	1	1:2007年10月 2:2007年10月 3:2007年10月 4:2007年10月 5:2007年10月 6:2007年10月 7:2007年10月 8:2007年10月 9:2007年10月 10:2007年10月 11:2007年10月 12:2007年10月 13:2007年10月 14:2007年10月	ISBN連番(弱い証拠=採番ブロック予約でも連番になる) / 楽天も実質同日 / 近傍55件中49件が同日=レーベル一斉出荷 / 近傍の複数巻作品10件中6件が全巻同日=レーベル体質
LOW	ED_REGULAR_BATCH	nippon-no-rekishi-2015-9	日本の歴史	0	standard	角川まんが学習シリーズ	KADOKAWA	2015-06-30	day	15	15	1.0	15	1-15		assumed	35.0	1	2015	2015	1	15/15	6	0	0	2	0	6	15	0	1.17	12.0		0	0	0	0		ISBN連番(弱い証拠=採番ブロック予約でも連番になる) / 学習/全集/BOX語
LOW	SMALL_BATCH	ippei-zenshuu	一平全集	1	shinsoban	大空社復刻版	大空社	1990-10	month	15	20	0.75	15	1-15	0.7	observed	10.3	2	1929	1930	1		0	0	0	0	0	0	0	0				0	0	0	0		学習/全集/BOX語 / 再版種別
LOW	ED_REGULAR_BATCH	umezu-kazuo-kowai-hon	楳図かずおこわい本	2	bunkobon	楳図かずお恐怖文庫	朝日新聞社	2007-10	month	14	14	1.0	14	1-14		assumed	32.5	2	1981	1982	1	14/14	43	16	0	10	1	60	14	0	1.88	6.9	2種/14件/散0ヶ月 (楽天も実質同日=一挙刊行の可能性)	2	0	0	1	1:2007年10月01日頃 2:2007年10月01日頃 3:2007年10月01日頃 4:2007年10月01日頃 5:2007年10月01日頃 6:2007年10月01日頃 7:2007年10月01日頃 8:2007年10月01日頃 9:2007年10月01日頃 10:2007年10月 11:2007年10月01日頃 12:2007年10月01日頃 13:2007年10月01日頃 14:2007年10月01日頃	ISBN連番(弱い証拠=採番ブロック予約でも連番になる) / 再版種別 / 楽天も実質同日
LOW	ED_REGULAR_BATCH	hinotori	火の鳥	2	bunkobon	角川文庫	角川書店	1992-12-10	day	13	14	0.93	13	1-13	24.0	observed	288.0	43	1976	2018	1	13/13	17	0	0	1	1	49	13	0	0.43	28.0	1種/13件/散0ヶ月 (楽天も実質同日=一挙刊行の可能性)	1	0	0	1	1:1992年12月08日頃 2:1992年12月08日頃 3:1992年12月08日頃 4:1992年12月08日頃 5:1992年12月08日頃 6:1992年12月08日頃 7:1992年12月08日頃 8:1992年12月08日頃 9:1992年12月08日頃 10:1992年12月08日頃 11:1992年12月08日頃 12:1992年12月08日頃 13:1992年12月08日頃	ISBN連番(弱い証拠=採番ブロック予約でも連番になる) / 再版種別 / 楽天も実質同日
LOW	SMALL_BATCH	gakken-manga-nippon-no-rekishi	学研まんが 日本の歴史	0	standard		学研	1982	year	13	16	0.81	2	2-16(飛)	0.3	observed	4.0	12	1982	1993	1	13/15	0	0	0	0	0	0	15	0				0	0	0	0		学習/全集/BOX語
LOW	PUBLISHER_BATCH	black-jack	ブラック・ジャック	3	bunkobon	秋田文庫	秋田書店	1993-08	month	12	17	0.71	1	1-12	7.6	observed	83.2	22	1974	1995	1	12/12	56	0	0	8	6	169	12	0	0.11	96.1	3種/12件/散15ヶ月 ★楽天はバラける=本番の同一日が偽	3	15	26	0	1:1995年10月 2:1995年08月 3:1995年08月 4:1994年07月 5:1995年08月 6:1995年10月 7:1995年10月 8:1995年10月 9:1995年10月 10:1995年10月 11:1995年10月 12:1995年08月	ISBN連番(弱い証拠=採番ブロック予約でも連番になる) / 再版種別 / 近傍の複数巻作品8件中6件が全巻同日=レーベル体質
LOW	ED_REGULAR_BATCH	gakken-manga-new-sekai-no-rekishi	学研まんがNEW世界の歴史	0	standard		学研プラス	2016-02-23	day	12	12	1.0	12	1-12		assumed	27.5	1	2016	2016	2	12/12	0	0	0	0	0	0	12	0				0	0	0	0		ISBN連番(弱い証拠=採番ブロック予約でも連番になる) / 学習/全集/BOX語
LOW	ED_REGULAR_BATCH	shiki	史記	1	bunkobon	小学館文庫	小学館	2001-08	month	11	11	1.0	11	1-11		assumed	25.0	6	1994	1999	1	11/11	90	5	0	6	1	76	11	0	1.0	10.0	1種/11件/散0ヶ月 (楽天も実質同日=一挙刊行の可能性)	1	0	-1	1	1:2001年07月17日頃 2:2001年07月17日頃 3:2001年07月17日頃 4:2001年07月17日頃 5:2001年07月17日頃 6:2001年07月17日頃 7:2001年07月17日頃 8:2001年07月17日頃 9:2001年07月17日頃 10:2001年07月17日頃 11:2001年07月17日頃	ISBN連番(弱い証拠=採番ブロック予約でも連番になる) / 再版種別 / 楽天も実質同日
LOW	PARTIAL_BULK(年のみ)	shounen-shoujo-nippon-no-rekishi	少年少女日本の歴史	1	standard	少年少女日本の歴史 1982年版	小学館	1982	year	11	20	0.55	1	5-15	1.5	observed	14.7	38	1981	2018	1	11/11	0	0	0	0	0	0	11	0				0	0	0	0		ISBN連番(弱い証拠=採番ブロック予約でも連番になる) / 学習/全集/BOX語
LOW	PUBLISHER_BATCH	hakatakko-junjou	博多っ子純情	1	bunkobon	双葉文庫	双葉社	1996-02	month	10	10	1.0	10	1-10		assumed	22.5	8	1977	1984	1	10/10	72	0	0	19	18	41	10	0	2.22	4.1	1種/10件/散0ヶ月 (楽天も実質同日=一挙刊行の可能性)	1	0	0	1	1:1996年02月 2:1996年02月 3:1996年02月 4:1996年02月 5:1996年02月 6:1996年02月 7:1996年02月 8:1996年02月 9:1996年02月 10:1996年02月	ISBN連番(弱い証拠=採番ブロック予約でも連番になる) / 再版種別 / 楽天も実質同日 / 近傍の複数巻作品19件中18件が全巻同日=レーベル体質
LOW	ED_REGULAR_BATCH	kamuidendainibu	カムイ伝 第二部	1	bunkobon	小学館文庫	小学館	1999-06-26	day	10	10	1.0	10	1-10		assumed	22.5	12	1989	2000	1	10/10	34	0	0	0	0	179	10	0	0.27	33.6	1種/10件/散0ヶ月 (楽天も実質同日=一挙刊行の可能性)	1	0	0	1	1:1999年06月26日頃 2:1999年06月26日頃 3:1999年06月26日頃 4:1999年06月26日頃 5:1999年06月26日頃 6:1999年06月26日頃 7:1999年06月26日頃 8:1999年06月26日頃 9:1999年06月26日頃 10:1999年06月26日頃	ISBN連番(弱い証拠=採番ブロック予約でも連番になる) / 再版種別 / 楽天も実質同日
LOW	ED_REGULAR_BATCH	sabaku-no-maou	沙漠の魔王	2	shinsoban	秋田書店創立65周年記念特別企画(2012復刻)	秋田書店	2012-08	month	10	10	1.0	10	1-10		assumed	22.5	1	1952	1952	1		0	0	0	0	0	0	0	0			1種/1件/散0ヶ月 (楽天も実質同日=一挙刊行の可能性)	1	0	0	0	1:2012年08月	学習/全集/BOX語 / 再版種別
LOW	ED_REGULAR_BATCH	tonda-couple	翔んだカップル	1	bunkobon	スコラ漫画文庫シリーズ	スコラ	1994-10	month	10	10	1.0	10	1-10		assumed	22.5	4	1978	1981	1	10/10	40	0	0	5	2	7	10	0	12.57	0.7	1種/10件/散0ヶ月 (楽天も実質同日=一挙刊行の可能性)	1	0	0	1	1:1994年10月 2:1994年10月 3:1994年10月 4:1994年10月 5:1994年10月 6:1994年10月 7:1994年10月 8:1994年10月 9:1994年10月 10:1994年10月	ISBN連番(弱い証拠=採番ブロック予約でも連番になる) / 再版種別 / 楽天も実質同日
LOW	SMALL_BATCH	nijitte-monogatari	弐十手物語	4	bunkobon	道草文庫	小池書院	1994-12	month	10	20	0.5	2	1-10	1.0	observed	9.0	25	1981	2005	2	10/10	61	3	0	9	3	88	10	0			1種/10件/散0ヶ月 (楽天も実質同日=一挙刊行の可能性)	1	0	-1	1	1:1994年11月 2:1994年11月 3:1994年11月 4:1994年11月 5:1994年11月 6:1994年11月 7:1994年11月 8:1994年11月 9:1994年11月 10:1994年11月	ISBN連番(弱い証拠=採番ブロック予約でも連番になる) / 再版種別 / 楽天も実質同日
LOW	PUBLISHER_BATCH	hyakki-yagyou-show	百鬼夜行抄	0	bunkobon	ソノラマコミック文庫	朝日新聞社	2007-10	month	9	21	0.43	1	1-9	10.4	observed	83.2	20	2007		3	9/9	27	27	0	4	4	0	9	0			1種/9件/散0ヶ月 (楽天も実質同日=一挙刊行の可能性)	1	0	0	1	1:2007年10月 2:2007年10月 3:2007年10月 4:2007年10月 5:2007年10月 6:2007年10月 7:2007年10月 8:2007年10月 9:2007年10月	ISBN連番(弱い証拠=採番ブロック予約でも連番になる) / 再版種別 / 楽天も実質同日 / 近傍27件中27件が同日=レーベル一斉出荷 / 近傍の複数巻作品4件中4件が全巻同日=レーベル体質
LOW	PUBLISHER_BATCH	ponkotsu-fuuki-iin-skirt-sukaatotake-ga-futekisetsu-na-jk-no-hanashi	ポンコツ風紀委員とスカート丈が不適切なJKの話	0	standard	シリウスKC	講談社	2026-03-23	day	9	21	0.43	1	12-20	4.1	observed	32.8	8	2019		1	9/26	44	35	16	1	1	170	26	0	14.0	1.8	1種/9件/散0ヶ月 (楽天も実質同日=一挙刊行の可能性)	1	0	0	1	12:2026年03月09日 13:2026年03月09日 14:2026年03月09日 15:2026年03月09日 16:2026年03月09日 17:2026年03月09日 18:2026年03月09日 19:2026年03月09日 20:2026年03月09日	楽天も実質同日 / 近傍44件中35件が同日=レーベル一斉出荷
LOW	PUBLISHER_BATCH	mooretsu-atarou	もーれつア太郎	1	bunkobon	竹書房文庫	竹書房	1994-11-28	day	9	9	1.0	9	1-9		assumed	20.0	2	1990	1991	1	9/9	18	0	0	4	3	10	9	0			1種/9件/散0ヶ月 (楽天も実質同日=一挙刊行の可能性)	1	0	0	1	1:1994年11月28日頃 2:1994年11月28日頃 3:1994年11月28日頃 4:1994年11月28日頃 5:1994年11月28日頃 6:1994年11月28日頃 7:1994年11月28日頃 8:1994年11月28日頃 9:1994年11月28日頃	ISBN連番(弱い証拠=採番ブロック予約でも連番になる) / 再版種別 / 楽天も実質同日 / 近傍の複数巻作品4件中3件が全巻同日=レーベル体質
LOW	ED_REGULAR_BATCH	ps-genki-desu-shunpei	P.S.元気です、俊平	3	deluxe	KCデラックス	講談社	1999-06-22	day	9	9	1.0	9	1-9		assumed	20.0	4	1981	1984	1	9/9	37	0	0	6	1	5	9	0	11.8	0.7	1種/9件/散0ヶ月 (楽天も実質同日=一挙刊行の可能性)	1	0	0	1	1:1999年06月22日頃 2:1999年06月22日頃 3:1999年06月22日頃 4:1999年06月22日頃 5:1999年06月22日頃 6:1999年06月22日頃 7:1999年06月22日頃 8:1999年06月22日頃 9:1999年06月22日頃	ISBN連番(弱い証拠=採番ブロック予約でも連番になる) / 再版種別 / 楽天も実質同日
LOW	SMALL_BATCH	manga-nougyou-business-rendetsu	まんが農業ビジネス列伝	0	standard		家の光協会	2007-03-15	day	9	11	0.82	9	1-9	1.2	observed	9.6	2	2007	2008	1	9/9	0	0	0	0	0	0	9	0				0	0	0	0		ISBN連番(弱い証拠=採番ブロック予約でも連番になる)
LOW	PARTIAL_BULK(年のみ)	toilet-hakase	トイレット博士	0	standard	ジャンプ・コミックス	集英社	1973	year	8	24	0.33	1	8-20(飛)	3.6	observed	25.4	7	1971	1977	2		0	0	0	0	0	0	0	0				0	0	0	0		
LOW	PUBLISHER_BATCH	arashi-no-destiny	嵐のデスティニィ	0	bunkobon	ソノラマコミック文庫	朝日新聞社	2007-10-01	day	8	8	1.0	8	1-8		assumed	17.5	6	2007	2012	1	8/8	27	27	0	4	4	0	8	0			1種/8件/散0ヶ月 (楽天も実質同日=一挙刊行の可能性)	1	0	0	1	1:2007年10月01日頃 2:2007年10月01日頃 3:2007年10月01日頃 4:2007年10月01日頃 5:2007年10月01日頃 6:2007年10月01日頃 7:2007年10月01日頃 8:2007年10月01日頃	ISBN連番(弱い証拠=採番ブロック予約でも連番になる) / 再版種別 / 楽天も実質同日 / 近傍27件中27件が同日=レーベル一斉出荷 / 近傍の複数巻作品4件中4件が全巻同日=レーベル体質
LOW	ED_REGULAR_BATCH	kappa-no-sanpei	河童の三平	3	shinsoban	1975年版	不明	1975-10-12	day	8	8	1.0	8	1-8		assumed	17.5	12	1975	1986	1		0	0	0	0	0	0	0	0				0	0	0	0		再版種別
LOW	ED_REGULAR_BATCH	kappa-no-sanpei	河童の三平	4	shinsoban	1993年版	不明	1993-10-22	day	8	8	1.0	8	1-8		assumed	17.5	12	1975	1986	1		0	0	0	0	0	0	0	0				0	0	0	0		再版種別
LOW	ED_REGULAR_BATCH	kizuoibito	傷追い人	1	bunkobon	道草文庫	スタジオ・シップ	1995-01	month	8	8	1.0	8	1-8		assumed	17.5	4	1983	1986	2	8/8	82	7	0	11	4	88	8	0	6.62	1.1	1種/8件/散0ヶ月 (楽天も実質同日=一挙刊行の可能性)	1	0	-1	1	1:1994年12月 2:1994年12月 3:1994年12月 4:1994年12月 5:1994年12月 6:1994年12月 7:1994年12月 8:1994年12月	ISBN連番(弱い証拠=採番ブロック予約でも連番になる) / 再版種別 / 楽天も実質同日
LOW	PUBLISHER_BATCH	let-s-la-gon	レッツラ・ゴン	1	standard	Akebono-Comics	小学館	2005-09	month	8	12	0.67	8	2-9		assumed	17.5	1	2005	2005	1	8/8	48	48	0	9	9	0	8	0				0	0	0	0		ISBN連番(弱い証拠=採番ブロック予約でも連番になる) / 近傍48件中48件が同日=レーベル一斉出荷 / 近傍の複数巻作品9件中9件が全巻同日=レーベル体質
LOW	ED_REGULAR_BATCH	manga-hyakunin-isshu-monogatari	マンガ百人一首物語	0	standard		学研教育出版	2014-02-16	day	8	8	1.0	8	1-8		assumed	17.5	1	2014	2014	1	8/8	0	0	0	0	0	0	8	0				0	0	0	0		ISBN連番(弱い証拠=採番ブロック予約でも連番になる)
LOW	ED_REGULAR_BATCH	manga-saiensu	まんがサイエンス	1	standard		学習研究社	2004-02-13	day	8	8	1.0	8	1-8		assumed	17.5	36	1991		1	8/8	1	0	0	0	0	0	8	0				0	0	0	0		ISBN連番(弱い証拠=採番ブロック予約でも連番になる)
LOW	ED_REGULAR_BATCH	0man	0マン	1	standard	コンパクト・コミックス	金の星社	2008-01	month	7	7	1.0	7	1-7		assumed	15.0	12	1997	2008	1	7/7	8	1	0	2	0	45	7	0	1.4	4.3	1種/7件/散0ヶ月 (楽天も実質同日=一挙刊行の可能性)	1	0	0	1	1:2008年01月 2:2008年01月 3:2008年01月 4:2008年01月 5:2008年01月 6:2008年01月 7:2008年01月	ISBN連番(弱い証拠=採番ブロック予約でも連番になる) / 楽天も実質同日
LOW	ED_REGULAR_BATCH	asaki-yume-mishi	あさきゆめみし	1	bunkobon	講談社漫画文庫	講談社	2001-08	month	7	7	1.0	7	1-7		assumed	15.0	14	1980	1993	1	7/7	109	22	0	19	6	6	7	0	21.8	0.3	1種/7件/散0ヶ月 (楽天も実質同日=一挙刊行の可能性)	1	0	-1	1	1:2001年07月31日頃 2:2001年07月31日頃 3:2001年07月31日頃 4:2001年07月31日頃 5:2001年07月31日頃 6:2001年07月31日頃 7:2001年07月31日頃	ISBN連番(弱い証拠=採番ブロック予約でも連番になる) / 再版種別 / 楽天も実質同日
LOW	PUBLISHER_BATCH	hi-izuru-tokoro-no-tenshi	日出処の天子	1	bunkobon	白泉社文庫	白泉社	1994-03	month	7	7	1.0	7	1-7		assumed	15.0	2	1983	1984	2	7/7	87	6	0	8	5	270	7	0	0.11	57.0	1種/7件/散0ヶ月 (楽天も実質同日=一挙刊行の可能性)	1	0	0	1	1:1994年03月 2:1994年03月 3:1994年03月 4:1994年03月 5:1994年03月 6:1994年03月 7:1994年03月	ISBN連番(弱い証拠=採番ブロック予約でも連番になる) / 再版種別 / 楽天も実質同日 / 近傍の複数巻作品8件中5件が全巻同日=レーベル体質
LOW	ED_REGULAR_BATCH	kawaite-sourou	乾いて候	0	bunkobon	道草文庫	スタジオ・シップ	1995-01	month	7	7	1.0	7	1-7		assumed	15.0	17	1995	2011	2	7/7	75	8	0	10	4	88	7	0	7.27	0.8	1種/7件/散0ヶ月 (楽天も実質同日=一挙刊行の可能性)	1	0	-1	1	1:1994年12月 2:1994年12月 3:1994年12月 4:1994年12月 5:1994年12月 6:1994年12月 7:1994年12月	ISBN連番(弱い証拠=採番ブロック予約でも連番になる) / 再版種別 / 楽天も実質同日
LOW	ED_REGULAR_BATCH	taiman-buruusu	たいまんぶるうす	0	standard	芸文ムックス	芸文社	1993-12	month	7	7	1.0	7	1-7		assumed	15.0	1	1993	1993	1	7/7	1	0	0	0	0	0	7	0			2種/7件/散1ヶ月 (楽天も実質同日=一挙刊行の可能性)	2	1	-1	0	1:1993年11月 2:1993年11月 3:1993年12月 4:1993年12月 5:1993年11月 6:1993年11月 7:1993年11月	ISBN連番(弱い証拠=採番ブロック予約でも連番になる) / 楽天も実質同日
LOW	PARTIAL_BULK(年のみ)	houchounin-ajihei	包丁人味平	0	standard	ジャンプコミックス	集英社	1974	year	7	15	0.47	1	1-10(飛)	2.4	observed	14.1	4	1974	1977	1		0	0	0	0	0	0	0	0				0	0	0	0		
LOW	SMALL_BATCH	ore-no-kendo	俺の剣道	1	shinsoban	SPコミックス	リイド社	1984-04	month	7	20	0.35	1	1-10(飛)	1.8	observed	11.1	10	1984	1993	1		0	0	0	0	0	0	0	0				0	0	0	0		再版種別
LOW	SMALL_BATCH	tensai-bakabon	天才バカボン	8	bunkobon	竹書房文庫	竹書房	1994-06-20	day	7	21	0.33	7	1-7	1.2	observed	7.5	8	1969	1976	1	7/7	18	0	0	4	0	130	7	0			2種/7件/散0ヶ月 (楽天も実質同日=一挙刊行の可能性)	2	0	0	1	1:1994年06月 2:1994年06月 3:1994年06月20日頃 4:1994年06月 5:1994年06月 6:1994年06月 7:1994年06月	ISBN連番(弱い証拠=採番ブロック予約でも連番になる) / 再版種別 / 楽天も実質同日
LOW	SMALL_BATCH	tensai-bakabon	天才バカボン	8	bunkobon	竹書房文庫	竹書房	1996-07-13	day	7	21	0.33	7	15-21	1.2	observed	7.5	8	1969	1976	1	7/7	29	7	0	5	1	7	7	0	4.86	1.2	1種/7件/散0ヶ月 (楽天も実質同日=一挙刊行の可能性)	1	0	-1	1	15:1996年06月 16:1996年06月 17:1996年06月 18:1996年06月 19:1996年06月 20:1996年06月 21:1996年06月	ISBN連番(弱い証拠=採番ブロック予約でも連番になる) / 再版種別 / 楽天も実質同日
LOW	PUBLISHER_BATCH	chikita-gugu	チキタ・gugu	0	standard	眠れぬ夜の奇妙な話コミックス	朝日新聞社	2007-10	month	7	8	0.88	7	1-7	0.7	observed	4.3	2	2007	2008	5	7/7	34	34	0	5	5	0	7	0			1種/7件/散0ヶ月 (楽天も実質同日=一挙刊行の可能性)	1	0	0	1	1:2007年10月 2:2007年10月 3:2007年10月 4:2007年10月 5:2007年10月 6:2007年10月 7:2007年10月	ISBN連番(弱い証拠=採番ブロック予約でも連番になる) / 楽天も実質同日 / 近傍34件中34件が同日=レーベル一斉出荷 / 近傍の複数巻作品5件中5件が全巻同日=レーベル体質
LOW	SMALL_BATCH	itchoume-no-torakichi	一丁目のトラ吉	0	standard		復刊ドットコム	2011-07	month	7	10	0.7	7	4-10	0.3	observed	2.0	1	2011	2011	1	7/7	12	2	0	3	0	42	7	0			1種/7件/散0ヶ月 (楽天も実質同日=一挙刊行の可能性)	1	0	0	1	4:2011年07月 5:2011年07月 6:2011年07月 7:2011年07月 8:2011年07月 9:2011年07月 10:2011年07月	ISBN連番(弱い証拠=採番ブロック予約でも連番になる) / 楽天も実質同日
LOW	SMALL_BATCH	boku-no-doubutsuen-nikki	ぼくの動物園日記	0	standard	ジャンプ・コミックス	集英社	1973	year	7	8	0.88	7	3-10(飛)	0.3	observed	1.7	1	1973	1973	2		0	0	0	0	0	0	0	0				0	0	0	0		
LOW	ED_REGULAR_BATCH	ginga-tetsudou-999	銀河鉄道999	1	bunkobon	少年画報社文庫	少年画報社	2008-09	month	6	18	0.33	6	13-18	10.1	observed	50.6	18	1988	2005	1	6/6	38	1	0	4	0	98	6	0	0.38	13.2	1種/6件/散0ヶ月 (楽天も実質同日=一挙刊行の可能性)	1	0	0	1	13:2008年09月 14:2008年09月 15:2008年09月 16:2008年09月 17:2008年09月 18:2008年09月	ISBN連番(弱い証拠=採番ブロック予約でも連番になる) / 再版種別 / 楽天も実質同日
LOW	PUBLISHER_BATCH	boyfriend	ボーイフレンド	1	bunkobon	小学館文庫	小学館	1995-01	month	6	6	1.0	6	1-6		assumed	12.5	4	1985	1988	1	6/6	75	0	0	16	8	221	6	0	0.17	29.7	1種/6件/散0ヶ月 (楽天も実質同日=一挙刊行の可能性)	1	0	-1	1	1:1994年12月 2:1994年12月 3:1994年12月 4:1994年12月 5:1994年12月 6:1994年12月	ISBN連番(弱い証拠=採番ブロック予約でも連番になる) / 再版種別 / 楽天も実質同日 / 近傍の複数巻作品16件中8件が全巻同日=レーベル体質
LOW	ED_REGULAR_BATCH	hakaba-kitarou	墓場鬼太郎	0	standard	水木しげる貸本漫画傑作選	角川書店	1997-07-31	day	6	6	1.0	6	1-6		assumed	12.5	1	1997	1997	1	6/6	69	5	0	14	1	145	6	0	0.91	5.5	1種/6件/散0ヶ月 (楽天も実質同日=一挙刊行の可能性)	1	0	0	1	1:1997年07月 2:1997年07月 3:1997年07月 4:1997年07月 5:1997年07月 6:1997年07月	ISBN連番(弱い証拠=採番ブロック予約でも連番になる) / 学習/全集/BOX語 / 楽天も実質同日
LOW	ED_REGULAR_BATCH	hanayoi-douchuu	花宵道中	1	bunkobon	小学館文庫	小学館	2015-08-06	day	6	6	1.0	6	1-6		assumed	12.5	5	2010	2014	1	6/6	0	0	0	0	0	0	6	0			1種/6件/散0ヶ月 (楽天も実質同日=一挙刊行の可能性)	1	0	0	1	1:2015年08月06日頃 2:2015年08月06日頃 3:2015年08月06日頃 4:2015年08月06日頃 5:2015年08月06日頃 6:2015年08月06日頃	ISBN連番(弱い証拠=採番ブロック予約でも連番になる) / 再版種別 / 楽天も実質同日
LOW	PUBLISHER_BATCH	otasuke-kun	おた助くん	0	standard	赤塚不二夫漫画大全集	小学館	2005-09	month	6	6	1.0	6	1-6		assumed	12.5	1	2005	2005	4	6/6	67	62	0	10	10	23	6	0				0	0	0	0		ISBN連番(弱い証拠=採番ブロック予約でも連番になる) / 学習/全集/BOX語 / 近傍67件中62件が同日=レーベル一斉出荷 / 近傍の複数巻作品10件中10件が全巻同日=レーベル体質
LOW	SMALL_BATCH	tensai-bakabon	天才バカボン	8	bunkobon	竹書房文庫	竹書房	1995-04-08	day	6	21	0.29	7	9-14	1.2	observed	6.2	8	1969	1976	1	6/6	14	0	0	2	1	8	6	0	7.5	0.7	2種/6件/散0ヶ月 (楽天も実質同日=一挙刊行の可能性)	2	0	0	1	9:1995年04月 10:1995年04月 11:1995年04月08日頃 12:1995年04月 13:1995年04月 14:1995年04月	ISBN連番(弱い証拠=採番ブロック予約でも連番になる) / 再版種別 / 楽天も実質同日
LOW	PUBLISHER_BATCH	live	LIVE!!	1	standard	バーズコミックス	ソニー・マガジンズ	1999-10-29	day	6	7	0.86	6	1-6	1.2	observed	5.8	6	1995	2000	1	6/6	65	3	0	13	8	9	6	0	15.25	0.3	1種/6件/散0ヶ月 (楽天も実質同日=一挙刊行の可能性)	1	0	0	1	1:1999年10月29日頃 2:1999年10月29日頃 3:1999年10月29日頃 4:1999年10月29日頃 5:1999年10月29日頃 6:1999年10月29日頃	ISBN連番(弱い証拠=採番ブロック予約でも連番になる) / 楽天も実質同日 / 近傍の複数巻作品13件中8件が全巻同日=レーベル体質
LOW	PUBLISHER_BATCH	dokaben	ドカベン	1	bunkobon	秋田文庫	秋田書店	1994-08	month	6	31	0.19	2	1-6	0.8	observed	4.0	10	1972	1981	1	6/6	89	8	0	15	11	215	6	0	0.2	25.3	2種/6件/散10ヶ月 ★楽天はバラける=本番の同一日が偽	2	10	14	0	1:1995年10月 2:1995年10月 3:1994年12月 4:1995年10月 5:1995年10月 6:1995年10月	ISBN連番(弱い証拠=採番ブロック予約でも連番になる) / 再版種別 / 近傍の複数巻作品15件中11件が全巻同日=レーベル体質
LOW	PUBLISHER_BATCH	sukeban-deka	スケバン刑事	1	bunkobon	白泉社文庫	白泉社	1995-03-22	day	6	12	0.5	6	1-6	0.3	observed	1.4	8	1976	1983	1	6/6	114	4	0	17	10	175	6	0			1種/6件/散0ヶ月 (楽天も実質同日=一挙刊行の可能性)	1	0	0	1	1:1995年03月 2:1995年03月 3:1995年03月 4:1995年03月 5:1995年03月 6:1995年03月	ISBN連番(弱い証拠=採番ブロック予約でも連番になる) / 再版種別 / 楽天も実質同日 / 近傍の複数巻作品17件中10件が全巻同日=レーベル体質
LOW	PUBLISHER_BATCH	sukeban-deka	スケバン刑事	1	bunkobon	白泉社文庫	白泉社	1995-06-21	day	6	12	0.5	6	7-12	0.3	observed	1.4	8	1976	1983	1	6/6	114	5	0	17	9	172	6	0	0.63	7.9	1種/6件/散0ヶ月 (楽天も実質同日=一挙刊行の可能性)	1	0	0	1	7:1995年06月 8:1995年06月 9:1995年06月 10:1995年06月 11:1995年06月 12:1995年06月	ISBN連番(弱い証拠=採番ブロック予約でも連番になる) / 再版種別 / 楽天も実質同日 / 近傍の複数巻作品17件中9件が全巻同日=レーベル体質
LOW	PUBLISHER_BATCH	area-88	エリア88	2	bunkobon	スコラ漫画文庫シリーズ	スコラ	1994-09	month	6	13	0.46	5	1-7(飛)	0.2	observed	1.2	8	1979	1986	2	6/7	25	5	0	4	3	5	7	0	14.2	0.4	1種/6件/散0ヶ月 (楽天も実質同日=一挙刊行の可能性)	1	0	0	1	1:1994年09月 2:1994年09月 4:1994年09月 5:1994年09月 6:1994年09月 7:1994年09月	ISBN連番(弱い証拠=採番ブロック予約でも連番になる) / 再版種別 / 楽天も実質同日 / 近傍の複数巻作品4件中3件が全巻同日=レーベル体質
LOW	ED_REGULAR_BATCH	ningen-club	人間倶楽部	1	bunkobon	宙コミック文庫	宙出版	2006-12	month	6	9	0.67	6	1-6	0.2	observed	1.2	6	1992	1997	3	6/21	64	18	11	13	1	31	21	1	6.0	3.3	1種/6件/散0ヶ月 (楽天も実質同日=一挙刊行の可能性)	1	0	0	1	1:2006年12月 2:2006年12月 3:2006年12月 4:2006年12月 5:2006年12月 6:2006年12月	再版種別 / 楽天も実質同日
LOW	SMALL_BATCH	iyahayanantomo	イヤハヤ南友	0	standard	講談社コミックス	講談社	1976-06-25	day	6	7	0.86	6	1-6	0.2	observed	0.8	1	1976	1976	1		0	0	0	0	0	0	0	0				0	0	0	0		
LOW	SMALL_BATCH	slam-dunk	SLAM DUNK	2	aizoban	愛蔵版コミックス	集英社	2018-06-01	day	6	20	0.3	6	1-6	0.2	observed	0.8	6	1991	1996	1	6/6	30	0	0	1	0	57	6	0	1.28	3.9	1種/6件/散0ヶ月 (楽天も実質同日=一挙刊行の可能性)	1	0	0	1	1:2018年06月01日 2:2018年06月01日 3:2018年06月01日 4:2018年06月01日 5:2018年06月01日 6:2018年06月01日	ISBN連番(弱い証拠=採番ブロック予約でも連番になる) / 再版種別 / 楽天も実質同日
LOW	SMALL_BATCH	slam-dunk	SLAM DUNK	2	aizoban	愛蔵版コミックス	集英社	2018-09-01	day	6	20	0.3	6	15-20	0.2	observed	0.8	6	1991	1996	1	6/6	33	0	0	1	0	91	6	0	1.09	4.6	1種/6件/散0ヶ月 (楽天も実質同日=一挙刊行の可能性)	1	0	0	1	15:2018年09月01日 16:2018年09月01日 17:2018年09月01日 18:2018年09月01日 19:2018年09月01日 20:2018年09月01日	ISBN連番(弱い証拠=採番ブロック予約でも連番になる) / 再版種別 / 楽天も実質同日
LOW	SMALL_BATCH	jinnairyuu-juujutsu-butouden-majima-kun-suttobasu	陣内流柔術武闘伝 真島クンすっとばす!!	2	bunkobon	宙コミック文庫	宙出版	2006-12	month	6	9	0.67	6	1-6	0.1	observed	0.6	4	1995	1998	3	6/6	61	18	0	11	1	19	6	0	6.06	0.8	1種/6件/散0ヶ月 (楽天も実質同日=一挙刊行の可能性)	1	0	0	1	1:2006年12月 2:2006年12月 3:2006年12月 4:2006年12月 5:2006年12月 6:2006年12月	ISBN連番(弱い証拠=採番ブロック予約でも連番になる) / 再版種別 / 楽天も実質同日
LOW	SMALL_BATCH	tezuka-osamu-kara-no-message	手塚治虫からの伝言(メッセージ)	0	standard		童心社	2018-03-20	day	5	10	0.5	4	1-5	2.7	observed	10.7	3	2018	2020	1	5/5	0	0	0	0	0	0	5	0			1種/5件/散0ヶ月 (楽天も実質同日=一挙刊行の可能性)	1	0	0	1	1:2018年03月20日 2:2018年03月20日 3:2018年03月20日 4:2018年03月20日 5:2018年03月20日	ISBN連番(弱い証拠=採番ブロック予約でも連番になる) / 楽天も実質同日
LOW	ED_REGULAR_BATCH	again	アゲイン	1	bunkobon	秋田漫画文庫		1976	year	5	5	1.0	5	1-5		assumed	10.0	2	1971	1972	1		0	0	0	0	0	0	0	0				0	0	0	0		再版種別
LOW	ED_REGULAR_BATCH	ai-ga-mau-basho	愛が舞う場所	0	standard		双葉社	1997-03-30	day	5	5	1.0	5	1-5		assumed	10.0	1	1997	1997	1	5/5	0	0	0	0	0	0	5	0			1種/5件/散0ヶ月 (楽天も実質同日=一挙刊行の可能性)	1	0	0	1	1:1997年03月30日頃 2:1997年03月30日頃 3:1997年03月30日頃 4:1997年03月30日頃 5:1997年03月30日頃	ISBN連番(弱い証拠=採番ブロック予約でも連番になる) / 楽天も実質同日
LOW	ED_REGULAR_BATCH	akatsuki-sentoutai	あかつき戦闘隊	0	standard	COMIC MATE	若木書房	1971	year	5	5	1.0	5	1-5		assumed	10.0	1	1971	1971	1		0	0	0	0	0	0	0	0				0	0	0	0		
LOW	ED_REGULAR_BATCH	fuji-santarou	フジ三太郎	2	bunkobon	ソノラマ漫画文庫	不明	1976	year	5	5	1.0	5	1-5		assumed	10.0	2	1974	1975	1		0	0	0	0	0	0	0	0				0	0	0	0		再版種別
LOW	ED_REGULAR_BATCH	hi-no-matsuei	陽の末裔	1	standard	Personal you	集英社	1996-04	month	5	5	1.0	5	1-5		assumed	10.0	10	1987	1996	1	5/5	57	0	0	9	3	121	5	0	0.55	7.3	1種/5件/散0ヶ月 (楽天も実質同日=一挙刊行の可能性)	1	0	0	1	1:1996年04月 2:1996年04月 3:1996年04月 4:1996年04月 5:1996年04月	ISBN連番(弱い証拠=採番ブロック予約でも連番になる) / 楽天も実質同日
LOW	ED_REGULAR_BATCH	hidarikiki-no-eren-nifuni-2020	左ききのエレン	0	standard		ナンバーナイン	2020-04-06	day	5	5	1.0	5	1-5		assumed	10.0	7	2020		1	5/5	0	0	0	0	0	0	5	0				0	0	0	0		ISBN連番(弱い証拠=採番ブロック予約でも連番になる)
LOW	ED_REGULAR_BATCH	high-score-girl-continue	ハイスコアガールCONTINUE	0	standard	ビッグガンガンコミックスsuper	スクウェア・エニックス	2016-07-25	day	5	5	1.0	5	1-5		assumed	10.0	1	2016	2016	1	5/5	102	25	0	6	1	7	5	0	29.75	0.1	1種/5件/散0ヶ月 (楽天も実質同日=一挙刊行の可能性)	1	0	0	1	1:2016年07月25日頃 2:2016年07月25日頃 3:2016年07月25日頃 4:2016年07月25日頃 5:2016年07月25日頃	ISBN連番(弱い証拠=採番ブロック予約でも連番になる) / 楽天も実質同日
LOW	ED_REGULAR_BATCH	hypno-travel	ヒプノトラベル	0	standard	ほんとにあった怖い話コミックス	朝日新聞社	2007-10	month	5	5	1.0	5	1-5		assumed	10.0	1	2007	2007	1	5/5	43	20	0	1	0	57	5	0	1.69	2.4	2種/5件/散0ヶ月 (楽天も実質同日=一挙刊行の可能性)	2	0	2	1	1:2007年12月21日頃 2:2007年12月21日頃 3:2007年12月21日頃 4:2007年12月05日頃 5:2007年12月05日頃	ISBN連番(弱い証拠=採番ブロック予約でも連番になる) / 楽天も実質同日
LOW	ED_REGULAR_BATCH	kaiketsu-harimao	快傑ハリマオ	4	bunkobon	講談社漫画文庫		1976	year	5	5	1.0	5	1-5		assumed	10.0	12	1960	1971	1		0	0	0	0	0	0	0	0				0	0	0	0		再版種別
LOW	ED_REGULAR_BATCH	karuizawa-syndrome	軽井沢シンドローム	1	bunkobon	スコラ漫画文庫シリーズ	スコラ	1995-01	month	5	5	1.0	5	1-5		assumed	10.0	4	1982	1985	1	5/5	51	0	0	5	2	10	5	0	12.1	0.3	1種/5件/散0ヶ月 (楽天も実質同日=一挙刊行の可能性)	1	0	0	1	1:1995年01月 2:1995年01月 3:1995年01月 4:1995年01月 5:1995年01月	ISBN連番(弱い証拠=採番ブロック予約でも連番になる) / 再版種別 / 楽天も実質同日
LOW	ED_REGULAR_BATCH	kimi-no-te-ga-sasayaiteiru	君の手がささやいている	1	bunkobon	講談社漫画文庫	講談社	2000-09	month	5	5	1.0	5	1-5		assumed	10.0	5	1993	1997	2	5/5	116	17	0	20	7	7	5	0	15.14	0.3	1種/5件/散0ヶ月 (楽天も実質同日=一挙刊行の可能性)	1	0	0	1	1:2000年09月 2:2000年09月 3:2000年09月 4:2000年09月 5:2000年09月	ISBN連番(弱い証拠=採番ブロック予約でも連番になる) / 再版種別 / 楽天も実質同日
LOW	PUBLISHER_BATCH	kugishi-sabuyan	釘師サブやん	2	bunkobon	竹書房文庫	竹書房	1996-03-28	day	5	5	1.0	5	1-5		assumed	10.0	1	1983	1983	1	5/5	36	0	0	8	5	11	5	0	9.36	0.4	1種/5件/散0ヶ月 (楽天も実質同日=一挙刊行の可能性)	1	0	-1	1	1:1996年02月29日頃 2:1996年02月29日頃 3:1996年02月29日頃 4:1996年02月29日頃 5:1996年02月29日頃	ISBN連番(弱い証拠=採番ブロック予約でも連番になる) / 再版種別 / 楽天も実質同日 / 近傍の複数巻作品8件中5件が全巻同日=レーベル体質
LOW	ED_REGULAR_BATCH	majo-tenshi	魔女天使	0	standard	KCマガジン		1979-07	month	5	5	1.0	5	1-5		assumed	10.0	1	1979	1979	1		0	0	0	0	0	0	0	0				0	0	0	0		
LOW	ED_REGULAR_BATCH	manga-de-gakushuu-nippon-no-rekishi	まんがで学習 日本の歴史	0	standard		成美堂出版	2002-08-10	day	5	5	1.0	5	1-5		assumed	10.0	1	2002	2002	1	5/5	0	0	0	0	0	0	5	0				0	0	0	0		ISBN連番(弱い証拠=採番ブロック予約でも連番になる) / 学習/全集/BOX語
LOW	ED_REGULAR_BATCH	manga-de-nabigeeto	まんがでナビゲート	0	standard		合同出版	2001-04-05	day	5	5	1.0	5	1-5		assumed	10.0	1	2001	2001	1	5/5	0	0	0	0	0	0	5	0				0	0	0	0		ISBN連番(弱い証拠=採番ブロック予約でも連番になる)
LOW	ED_REGULAR_BATCH	me-o-tojite-daite	目を閉じて抱いて	1	bunkobon	角川文庫	角川書店	2003-01	month	5	5	1.0	5	1-5		assumed	10.0	7	1994	2000	1	5/5	12	0	0	1	0	43	5	0	0.53	7.5	1種/5件/散0ヶ月 (楽天も実質同日=一挙刊行の可能性)	1	0	0	1	1:2003年01月 2:2003年01月 3:2003年01月 4:2003年01月 5:2003年01月	ISBN連番(弱い証拠=採番ブロック予約でも連番になる) / 再版種別 / 楽天も実質同日
LOW	PUBLISHER_BATCH	migimagari-no-dandy	右曲がりのダンディー	1	bunkobon	スコラ漫画文庫シリーズ	スコラ	1994-09	month	5	5	1.0	5	1-5		assumed	10.0	5	1986	1990	2	5/5	30	7	0	4	3	4	5	0	14.75	0.3	1種/5件/散0ヶ月 (楽天も実質同日=一挙刊行の可能性)	1	0	0	1	1:1994年09月 2:1994年09月 3:1994年09月 4:1994年09月 5:1994年09月	ISBN連番(弱い証拠=採番ブロック予約でも連番になる) / 再版種別 / 楽天も実質同日 / 近傍の複数巻作品4件中3件が全巻同日=レーベル体質
LOW	ED_REGULAR_BATCH	namuji	ナムジ	3	shinsoban	アニメージュコミックス オリジナル	徳間書店	1994-05-20	day	5	5	1.0	5	1-5		assumed	10.0	3	1989	1991	1	5/5	21	1	0	4	1	120	5	0	0.22	18.5	1種/5件/散0ヶ月 (楽天も実質同日=一挙刊行の可能性)	1	0	-1	1	1:1994年04月16日頃 2:1994年04月16日頃 3:1994年04月16日頃 4:1994年04月16日頃 5:1994年04月16日頃	ISBN連番(弱い証拠=採番ブロック予約でも連番になる) / 再版種別 / 楽天も実質同日
LOW	ED_REGULAR_BATCH	ofurodemoyomerusarari-kun	お風呂でも読めるサラリ君	0	standard		フロンティアニセン	2006-07-01	day	5	5	1.0	5	1-5		assumed	10.0	1	2006	2006	1	5/5	2	0	0	0	0	0	5	0			1種/5件/散0ヶ月 (楽天も実質同日=一挙刊行の可能性)	1	0	2	1	1:2006年09月 2:2006年09月 3:2006年09月 4:2006年09月 5:2006年09月	ISBN連番(弱い証拠=採番ブロック予約でも連番になる) / 楽天も実質同日
LOW	PUBLISHER_BATCH	onna-tomodachi	女ともだち	1	bunkobon	双葉文庫	双葉社	1994-11	month	5	5	1.0	5	1-5		assumed	10.0	6	1983	1988	1	5/5	47	2	0	13	12	31	5	0	1.84	2.2	1種/5件/散0ヶ月 (楽天も実質同日=一挙刊行の可能性)	1	0	0	1	1:1994年11月 2:1994年11月 3:1994年11月 4:1994年11月 5:1994年11月	ISBN連番(弱い証拠=採番ブロック予約でも連番になる) / 再版種別 / 楽天も実質同日 / 近傍の複数巻作品13件中12件が全巻同日=レーベル体質
LOW	ED_REGULAR_BATCH	sekigan-no-ryuu	隻眼の竜	0	bunkobon	リイド文庫	リイド社	1994-12-17	day	5	5	1.0	5	1-5		assumed	10.0	33	1994		1	5/6	23	0	0	7	1	17	6	0	2.35	2.1	1種/5件/散0ヶ月 (楽天も実質同日=一挙刊行の可能性)	1	0	0	1	1:1994年12月17日頃 2:1994年12月17日頃 3:1994年12月17日頃 4:1994年12月17日頃 5:1994年12月17日頃	ISBN連番(弱い証拠=採番ブロック予約でも連番になる) / 再版種別 / 楽天も実質同日
LOW	ED_REGULAR_BATCH	sugiurashigeruondemandosenshuu	杉浦茂オンデマンド選集	0	standard		青林工藝舎	2009-02	month	5	5	1.0	5	1-5		assumed	10.0	1	2009	2009	1	5/5	54	0	0	3	0	58	5	0	2.03	2.0		0	0	0	0		ISBN連番(弱い証拠=採番ブロック予約でも連番になる)
LOW	ED_REGULAR_BATCH	youkai-manga-de-tanoshii-koten	妖怪マンガで楽しい古典	0	standard		学研プラス	2016-02-23	day	5	5	1.0	5	1-5		assumed	10.0	1	2016	2016	2	5/5	0	0	0	0	0	0	5	0				0	0	0	0		ISBN連番(弱い証拠=採番ブロック予約でも連番になる)
LOW	SMALL_BATCH	g-defend	G・defend	1	standard	ラキッシュ・コミックス	冬水社	2014-04	month	5	76	0.07	1	5-44(飛)	2.1	observed	8.6	20	2007		1	5/5	63	2	0	11	0	30	5	0	4.1	1.0		0	0	0	0		ISBN連番(弱い証拠=採番ブロック予約でも連番になる)
LOW	SMALL_BATCH	g-defend	G・defend	1	standard	ラキッシュ・コミックス	冬水社	2014-08	month	5	76	0.07	1	13-45(飛)	2.1	observed	8.6	20	2007		1	5/5	56	2	0	10	0	32	5	0	4.0	1.0		0	0	0	0		ISBN連番(弱い証拠=採番ブロック予約でも連番になる)
LOW	SMALL_BATCH	g-defend	G・defend	1	standard	ラキッシュ・コミックス	冬水社	2014-12	month	5	76	0.07	1	21-46(飛)	2.1	observed	8.6	20	2007		1	5/5	49	2	0	9	0	28	5	0	4.25	0.9		0	0	0	0		ISBN連番(弱い証拠=採番ブロック予約でも連番になる)
LOW	SMALL_BATCH	g-defend	G・defend	1	standard	ラキッシュ・コミックス	冬水社	2015-04	month	5	76	0.07	1	29-47(飛)	2.1	observed	8.6	20	2007		1	5/12	47	2	2	9	0	32	12	0	4.27	2.6		0	0	0	0		
LOW	SMALL_BATCH	akadou-suzunosuke	赤胴鈴之助	1	other	初出単行本(1957-59・版元不明)	不明	1957-07	month	5	13	0.38	1	5-12(飛)	1.9	observed	7.7	15	1957	1971	1		0	0	0	0	0	0	0	0				0	0	0	0		
LOW	SMALL_BATCH	golgo-13	ゴルゴ13	1	aizoban	SPコミックスコンパクト	リイド社	2002-10	month	5	177	0.03	1	1-5	1.6	observed	6.4	54	1973		1	5/5	0	0	0	0	0	0	5	0			1種/5件/散0ヶ月 (楽天も実質同日=一挙刊行の可能性)	1	0	-1	1	1:2002年09月 2:2002年09月 3:2002年09月 4:2002年09月 5:2002年09月	ISBN連番(弱い証拠=採番ブロック予約でも連番になる) / 再版種別 / 楽天も実質同日
LOW	PUBLISHER_BATCH	ningen-kousaten	人間交差点	1	bunkobon	小学館文庫	小学館	1995-03	month	5	19	0.26	2	6-10	1.3	observed	5.3	11	1981	1991	2	5/5	49	5	0	7	4	63	5	0	0.74	5.4	1種/5件/散0ヶ月 (楽天も実質同日=一挙刊行の可能性)	1	0	-1	1	6:1995年02月17日頃 7:1995年02月17日頃 8:1995年02月17日頃 9:1995年02月17日頃 10:1995年02月17日頃	ISBN連番(弱い証拠=採番ブロック予約でも連番になる) / 再版種別 / 楽天も実質同日 / 近傍の複数巻作品7件中4件が全巻同日=レーベル体質
LOW	SMALL_BATCH	garfield	ガーフィールド	0	standard		研究社	1991-06	month	5	20	0.25	5	11-15	1.3	observed	5.1	3	1990	1992	1	5/5	0	0	0	0	0	0	5	0			1種/5件/散0ヶ月 (楽天も実質同日=一挙刊行の可能性)	1	0	0	1	11:1991年06月 12:1991年06月 13:1991年06月 14:1991年06月 15:1991年06月	ISBN連番(弱い証拠=採番ブロック予約でも連番になる) / 楽天も実質同日
LOW	SMALL_BATCH	garfield	ガーフィールド	0	standard		研究社	1992	year	5	20	0.25	5	16-20	1.3	observed	5.1	3	1990	1992	1	5/5	0	0	0	0	0	0	5	0			1種/5件/散0ヶ月 (楽天も実質同日=一挙刊行の可能性)	1	0	1	1	16:1992年07月 17:1992年07月 18:1992年07月 19:1992年07月 20:1992年07月	ISBN連番(弱い証拠=採番ブロック予約でも連番になる) / 楽天も実質同日
LOW	SMALL_BATCH	manga-project-ekkusu-chousenshatachi	まんがプロジェクトX挑戦者たち	0	standard		宙出版	2004-08-07	day	5	13	0.38	5	1-5	0.8	observed	3.3	2	2004	2005	1	5/5	8	0	0	0	0	14	5	0	2.29	1.8		0	0	0	0		ISBN連番(弱い証拠=採番ブロック予約でも連番になる)
LOW	SMALL_BATCH	manga-project-ekkusu-chousenshatachi	まんがプロジェクトX挑戦者たち	0	standard		宙出版	2005-06-03	day	5	13	0.38	5	11-15	0.8	observed	3.3	2	2004	2005	1	5/5	7	0	0	0	0	7	5	0	10.43	0.4		0	0	0	0		ISBN連番(弱い証拠=採番ブロック予約でも連番になる)
LOW	SMALL_BATCH	shima-kousaku-zenshuu	島耕作全集	0	standard	弘兼憲史叢書	講談社	2008-05-15	day	5	9	0.56	2	1-8(飛)	0.8	observed	3.0	1	2008	2008	1	5/1	16	0	0	1	1	36	1	0	2.42	0.0	1種/5件/散0ヶ月 (楽天も実質同日=一挙刊行の可能性)	1	0	0	1	1:2008年05月 4:2008年05月 6:2008年05月 7:2008年05月 8:2008年05月	ISBN連番(弱い証拠=採番ブロック予約でも連番になる) / 学習/全集/BOX語 / 楽天も実質同日
LOW	SMALL_BATCH	ippei-zenshuu	一平全集	1	shinsoban	大空社復刻版	大空社	1991-12	month	5	20	0.25	15	16-20	0.7	observed	2.9	2	1929	1930	1		0	0	0	0	0	0	0	0				0	0	0	0		学習/全集/BOX語 / 再版種別
LOW	PUBLISHER_BATCH	chinmoku-no-kantai	沈黙の艦隊	1	bunkobon	講談社漫画文庫	講談社	1998-03	month	5	16	0.31	2	1-5	0.4	observed	1.6	8	1989	1996	1	5/5	112	6	0	23	12	16	5	0	8.08	0.5	1種/5件/散0ヶ月 (楽天も実質同日=一挙刊行の可能性)	1	0	0	1	1:1998年03月 2:1998年03月 3:1998年03月 4:1998年03月 5:1998年03月	ISBN連番(弱い証拠=採番ブロック予約でも連番になる) / 再版種別 / 楽天も実質同日 / 近傍の複数巻作品23件中12件が全巻同日=レーベル体質
LOW	PUBLISHER_BATCH	area-88	エリア88	2	bunkobon	スコラ漫画文庫シリーズ	スコラ	1994-11	month	5	13	0.38	5	8-13(飛)	0.2	observed	1.0	8	1979	1986	1	5/6	41	0	0	5	3	9	6	0	11.44	0.4	1種/5件/散0ヶ月 (楽天も実質同日=一挙刊行の可能性)	1	0	0	1	8:1994年11月 9:1994年11月 10:1994年11月 12:1994年11月 13:1994年11月	ISBN連番(弱い証拠=採番ブロック予約でも連番になる) / 再版種別 / 楽天も実質同日 / 近傍の複数巻作品5件中3件が全巻同日=レーベル体質
LOW	SMALL_BATCH	kyojin-no-hoshi	巨人の星	4	bunkobon	講談社漫画文庫	講談社	1995-06-09	day	5	11	0.45	3	1-5	0.2	observed	0.8	4	1968	1971	1	5/5	114	12	0	17	4	9	5	0	11.88	0.3	1種/5件/散0ヶ月 (楽天も実質同日=一挙刊行の可能性)	1	0	0	1	1:1995年06月02日頃 2:1995年06月02日頃 3:1995年06月02日頃 4:1995年06月02日頃 5:1995年06月02日頃	ISBN連番(弱い証拠=採番ブロック予約でも連番になる) / 再版種別 / 楽天も実質同日
LOW	SMALL_BATCH	hidamari-no-ki	陽だまりの樹	1	bunkobon	小学館文庫	小学館	1995-06	month	5	8	0.62	5	1-5	0.1	observed	0.6	13	1983	1995	1	5/5	75	3	0	11	5	106	5	0	0.73	5.5	1種/5件/散0ヶ月 (楽天も実質同日=一挙刊行の可能性)	1	0	-1	1	1:1995年05月17日頃 2:1995年05月17日頃 3:1995年05月17日頃 4:1995年05月17日頃 5:1995年05月17日頃	ISBN連番(弱い証拠=採番ブロック予約でも連番になる) / 再版種別 / 楽天も実質同日
LOW	PUBLISHER_BATCH	pink-no-curtain	ピンクのカーテン	1	bunkobon	竹書房文庫	竹書房	1996-05	month	5	14	0.36	5	1-5	0.2	observed	0.6	3	1981	1983	1	5/5	27	1	0	8	6	11	5	0	9.36	0.4	1種/5件/散0ヶ月 (楽天も実質同日=一挙刊行の可能性)	1	0	-1	1	1:1996年04月 2:1996年04月 3:1996年04月 4:1996年04月 5:1996年04月	ISBN連番(弱い証拠=採番ブロック予約でも連番になる) / 再版種別 / 楽天も実質同日 / 近傍の複数巻作品8件中6件が全巻同日=レーベル体質
LOW	PUBLISHER_BATCH	pink-no-curtain	ピンクのカーテン	1	bunkobon	竹書房文庫	竹書房	1996-06	month	5	14	0.36	5	6-10	0.2	observed	0.6	3	1981	1983	2	5/5	34	6	0	7	4	9	5	0	7.67	0.5	1種/5件/散0ヶ月 (楽天も実質同日=一挙刊行の可能性)	1	0	-1	1	6:1996年05月 7:1996年05月 8:1996年05月 9:1996年05月 10:1996年05月	ISBN連番(弱い証拠=採番ブロック予約でも連番になる) / 再版種別 / 楽天も実質同日 / 近傍の複数巻作品7件中4件が全巻同日=レーベル体質
LOW	SMALL_BATCH	tensai-bakabon	天才バカボン	3	shinsoban	講談社コミックス	講談社	1999-11	month	5	15	0.33	5	7-11	0.1	observed	0.6	8	1969	1976	1	5/5	106	11	0	28	0	10	5	0	12.89	0.3	1種/5件/散0ヶ月 (楽天も実質同日=一挙刊行の可能性)	1	0	0	1	7:1999年11月17日頃 8:1999年11月17日頃 9:1999年11月17日頃 10:1999年11月17日頃 11:1999年11月17日頃	ISBN連番(弱い証拠=採番ブロック予約でも連番になる) / 再版種別 / 楽天も実質同日
LOW	SMALL_BATCH	tensai-bakabon	天才バカボン	3	shinsoban	講談社コミックス	講談社	1999-10	month	5	15	0.33	5	2-6	0.1	observed	0.6	8	1969	1976	1	5/5	105	11	0	28	0	10	5	0	12.78	0.3	1種/5件/散0ヶ月 (楽天も実質同日=一挙刊行の可能性)	1	0	0	1	2:1999年10月15日頃 3:1999年10月15日頃 4:1999年10月15日頃 5:1999年10月15日頃 6:1999年10月15日頃	ISBN連番(弱い証拠=採番ブロック予約でも連番になる) / 再版種別 / 楽天も実質同日
LOW	SMALL_BATCH	tensai-bakabon	天才バカボン	3	shinsoban	講談社コミックス	講談社	1999-12	month	5	15	0.33	5	12-16	0.1	observed	0.6	8	1969	1976	1	5/5	105	8	0	28	0	10	5	0	12.78	0.3	1種/5件/散0ヶ月 (楽天も実質同日=一挙刊行の可能性)	1	0	0	1	12:1999年12月15日頃 13:1999年12月15日頃 14:1999年12月15日頃 15:1999年12月15日頃 16:1999年12月15日頃	ISBN連番(弱い証拠=採番ブロック予約でも連番になる) / 再版種別 / 楽天も実質同日
LOW	SMALL_BATCH	tetsuwan-atom	鉄腕アトム	8	bunkobon	光文社文庫コミックシリーズ	光文社	1995-12-15	day	5	15	0.33	3	11-15	0.1	observed	0.6	45	1956	2000	1	5/5	20	0	0	2	0	7	5	0	2.71	1.5	1種/5件/散0ヶ月 (楽天も実質同日=一挙刊行の可能性)	1	0	0	1	11:1995年12月15日頃 12:1995年12月15日頃 13:1995年12月15日頃 14:1995年12月15日頃 15:1995年12月15日頃	ISBN連番(弱い証拠=採番ブロック予約でも連番になる) / 再版種別 / 楽天も実質同日
LOW	SMALL_BATCH	shiawasenojikan	幸せの時間	0	standard	ACTION COMICS	双葉社	2012-12	month	5	9	0.56	5	5-9	0.1	observed	0.5	16	1997	2012	1	5/5	101	11	0	25	2	10	5	0	11.5	0.3	1種/5件/散0ヶ月 (楽天も実質同日=一挙刊行の可能性)	1	0	0	1	5:2012年12月 6:2012年12月 7:2012年12月 8:2012年12月 9:2012年12月	ISBN連番(弱い証拠=採番ブロック予約でも連番になる) / 楽天も実質同日
LOW	SMALL_BATCH	sangokushi-sentaro-1980	三国志	1	bunkobon	講談社漫画文庫	講談社	1995-04-12	day	5	10	0.5	5	1-5	0.1	observed	0.4	5	1974	1978	1	5/5	78	10	0	13	3	8	5	0	7.0	0.6	1種/5件/散0ヶ月 (楽天も実質同日=一挙刊行の可能性)	1	0	0	1	1:1995年04月12日頃 2:1995年04月12日頃 3:1995年04月12日頃 4:1995年04月12日頃 5:1995年04月12日頃	ISBN連番(弱い証拠=採番ブロック予約でも連番になる) / 再版種別 / 楽天も実質同日
LOW	SMALL_BATCH	sangokushi-sentaro-1980	三国志	1	bunkobon	講談社漫画文庫	講談社	1995-05-12	day	5	10	0.5	5	6-10	0.1	observed	0.4	5	1974	1978	2	5/5	83	11	0	14	4	8	5	0	12.71	0.3	1種/5件/散0ヶ月 (楽天も実質同日=一挙刊行の可能性)	1	0	0	1	6:1995年05月12日頃 7:1995年05月12日頃 8:1995年05月12日頃 9:1995年05月12日頃 10:1995年05月12日頃	ISBN連番(弱い証拠=採番ブロック予約でも連番になる) / 再版種別 / 楽天も実質同日
LOW	ED_REGULAR_BATCH	ijiwaru-baa-san	いじわるばあさん	0	standard		朝日新聞社	1995-11-01	day	4	6	0.67	4	1-4	43.8	observed	131.4	20	1995	2014	1	4/4	48	0	0	2	1	18	4	0	2.0	1.5	2種/4件/散0ヶ月 (楽天も実質同日=一挙刊行の可能性)	2	0	0	1	1:1995年11月 2:1995年11月01日頃 3:1995年11月01日頃 4:1995年11月01日頃	ISBN連番(弱い証拠=採番ブロック予約でも連番になる) / 楽天も実質同日
LOW	PUBLISHER_BATCH	glass-no-kamen	ガラスの仮面	1	bunkobon	白泉社文庫	白泉社	1994-06-17	day	4	27	0.15	2	7-10	10.4	observed	31.2	51	1976		1	4/4	20	4	0	5	4	178	4	0	0.11	28.1	1種/4件/散0ヶ月 (楽天も実質同日=一挙刊行の可能性)	1	0	0	1	7:1994年06月17日頃 8:1994年06月17日頃 9:1994年06月17日頃 10:1994年06月17日頃	ISBN連番(弱い証拠=採番ブロック予約でも連番になる) / 再版種別 / 楽天も実質同日 / 近傍の複数巻作品5件中4件が全巻同日=レーベル体質
LOW	ED_REGULAR_BATCH	ginga-tetsudou-999	銀河鉄道999	1	bunkobon	少年画報社文庫	少年画報社	1994-05	month	4	18	0.22	6	1-12(飛)	10.1	observed	30.4	18	1988	2005	1	4/12	95	0	0	16	0	272	12	0	0.46	24.0	1種/4件/散0ヶ月 (楽天も実質同日=一挙刊行の可能性)	1	0	20	1	1:1996年01月 2:1996年01月 11:1996年01月 12:1996年01月	再版種別 / 楽天も実質同日
LOW	PUBLISHER_BATCH	shin-petshop-of-horrors	新Petshop of Horrors	0	standard	眠れぬ夜の奇妙な話コミックス	朝日新聞社	2007-10	month	4	12	0.33	1	1-4	5.8	observed	17.5	7	2007	2013	5	4/4	74	60	0	12	5	5	4	0	22.0	0.1	1種/4件/散0ヶ月 (楽天も実質同日=一挙刊行の可能性)	1	0	0	1	1:2007年10月 2:2007年10月 3:2007年10月 4:2007年10月	ISBN連番(弱い証拠=採番ブロック予約でも連番になる) / 楽天も実質同日 / 近傍74件中60件が同日=レーベル一斉出荷
LOW	PUBLISHER_BATCH	iga-no-kagemaru	伊賀の影丸	12	bunkobon	秋田文庫	秋田書店	1995-02-25	day	4	11	0.36	1	1-4	5.6	observed	16.8	14	1963	1976	2	4/4	91	8	0	17	12	206	4	0	0.26	11.7	1種/4件/散0ヶ月 (楽天も実質同日=一挙刊行の可能性)	1	0	0	1	1:1995年02月25日頃 2:1995年02月25日頃 3:1995年02月25日頃 4:1995年02月25日頃	ISBN連番(弱い証拠=採番ブロック予約でも連番になる) / 再版種別 / 楽天も実質同日 / 近傍の複数巻作品17件中12件が全巻同日=レーベル体質
LOW	SMALL_BATCH	kindaichi-shounen-no-file	金田一少年の事件簿	1	bunkobon	講談社漫画文庫	講談社	2004-08-04	day	4	34	0.12	1	1-4	3.6	observed	10.8	19	1993	2011	1	4/4	96	10	0	22	4	9	4	0	13.0	0.2	1種/4件/散0ヶ月 (楽天も実質同日=一挙刊行の可能性)	1	0	0	1	1:2004年08月04日頃 2:2004年08月04日頃 3:2004年08月04日頃 4:2004年08月04日頃	ISBN連番(弱い証拠=採番ブロック予約でも連番になる) / 再版種別 / 楽天も実質同日
LOW	SMALL_BATCH	tokusen-12-choume-no-yuuhi-12kagetsu	特選三丁目の夕日・12か月	0	standard		小学館	2004-12	month	4	12	0.33	2	1-12(飛)	3.5	observed	10.6	1	2004	2004	1	4/4	22	0	0	5	0	284	4	0	0.2	14.7	1種/4件/散0ヶ月 (楽天も実質同日=一挙刊行の可能性)	1	0	0	1	1:2004年12月 6:2004年12月 9:2004年12月 12:2004年12月	ISBN連番(弱い証拠=採番ブロック予約でも連番になる) / 楽天も実質同日
LOW	SMALL_BATCH	psycho-doctor	サイコドクター	1	bunkobon	講談社漫画文庫	講談社	2002-09	month	4	5	0.8	4	1-4	3.0	observed	9.0	8	1996	2003	1	4/4	117	22	0	23	8	13	4	0	15.14	0.2	1種/4件/散0ヶ月 (楽天も実質同日=一挙刊行の可能性)	1	0	0	1	1:2002年09月 2:2002年09月 3:2002年09月 4:2002年09月	ISBN連番(弱い証拠=採番ブロック予約でも連番になる) / 再版種別 / 楽天も実質同日
LOW	SMALL_BATCH	keirin-yarou	ケイリン野郎	0	standard	Judy comics	小学館	1991-07	month	4	56	0.07	1	1-4	2.9	observed	8.8	14	1991	2004	1	4/4	92	3	0	6	1	322	4	0	0.12	24.4	1種/4件/散0ヶ月 (楽天も実質同日=一挙刊行の可能性)	1	0	-1	1	1:1991年06月26日頃 2:1991年06月26日頃 3:1991年06月26日頃 4:1991年06月26日頃	ISBN連番(弱い証拠=採番ブロック予約でも連番になる) / 楽天も実質同日
LOW	SMALL_BATCH	tezuka-osamu-kara-no-message	手塚治虫からの伝言(メッセージ)	0	standard		童心社	2020-03-23	day	4	10	0.4	4	7-10	2.7	observed	8.0	3	2018	2020	1	4/4	0	0	0	0	0	0	4	0			1種/4件/散0ヶ月 (楽天も実質同日=一挙刊行の可能性)	1	0	0	1	7:2020年03月25日 8:2020年03月25日 9:2020年03月25日 10:2020年03月25日	ISBN連番(弱い証拠=採番ブロック予約でも連番になる) / 楽天も実質同日
LOW	ED_REGULAR_BATCH	alien-street	エイリアン通り	1	bunkobon	白泉社文庫	白泉社	1995-12-19	day	4	4	1.0	4	1-4		assumed	7.5	4	1981	1984	2	4/4	120	5	0	27	8	122	4	0	0.85	3.5	2種/4件/散0ヶ月 (楽天も実質同日=一挙刊行の可能性)	2	0	0	1	1:1995年12月 2:1995年12月15日頃 3:1995年12月 4:1995年12月15日頃	ISBN連番(弱い証拠=採番ブロック予約でも連番になる) / 再版種別 / 楽天も実質同日
LOW	ED_REGULAR_BATCH	arabesque-dai1bu	アラベスク第1部	0	standard	花とゆめCOMICS	不明	1975-06-20	day	4	4	1.0	4	1-4		assumed	7.5	1	1975	1975	1		0	0	0	0	0	0	0	0				0	0	0	0		
LOW	PUBLISHER_BATCH	arabesque	アラベスク	0	bunkobon	白泉社文庫	白泉社	1994-12-18	day	4	4	1.0	4	1-4		assumed	7.5	17	1994	2010	2	4/4	120	0	0	16	9	178	4	0	0.05	58.0	1種/4件/散0ヶ月 (楽天も実質同日=一挙刊行の可能性)	1	0	0	1	1:1994年12月 2:1994年12月 3:1994年12月 4:1994年12月	ISBN連番(弱い証拠=採番ブロック予約でも連番になる) / 再版種別 / 楽天も実質同日 / 近傍の複数巻作品16件中9件が全巻同日=レーベル体質
LOW	PUBLISHER_BATCH	ariesu-no-otometachi	アリエスの乙女たち	4	bunkobon	講談社漫画文庫	講談社	1998-06-12	day	4	4	1.0	4	1-4		assumed	7.5	2	1974	1975	2	4/4	114	9	0	23	13	14	4	0	8.77	0.3	1種/4件/散0ヶ月 (楽天も実質同日=一挙刊行の可能性)	1	0	0	1	1:1998年06月12日頃 2:1998年06月12日頃 3:1998年06月12日頃 4:1998年06月12日頃	ISBN連番(弱い証拠=採番ブロック予約でも連番になる) / 再版種別 / 楽天も実質同日 / 近傍の複数巻作品23件中13件が全巻同日=レーベル体質
LOW	PUBLISHER_BATCH	california-monogatari	カリフォルニア物語	1	bunkobon	小学館文庫	小学館	1994-12	month	4	4	1.0	4	1-4		assumed	7.5	4	1979	1982	3	4/4	55	1	0	10	6	220	4	0	0.09	34.6	1種/4件/散0ヶ月 (楽天も実質同日=一挙刊行の可能性)	1	0	-1	1	1:1994年11月17日頃 2:1994年11月17日頃 3:1994年11月17日頃 4:1994年11月17日頃	ISBN連番(弱い証拠=採番ブロック予約でも連番になる) / 再版種別 / 楽天も実質同日 / 近傍の複数巻作品10件中6件が全巻同日=レーベル体質
LOW	ED_REGULAR_BATCH	dark-crimson	ダーククリムゾン	0	standard		ムービック	2010-10	month	4	4	1.0	4	1-4		assumed	7.5	1	2010	2010	1	4/4	1	0	0	0	0	0	4	0			1種/4件/散0ヶ月 (楽天も実質同日=一挙刊行の可能性)	1	0	0	1	1:2010年10月 2:2010年10月 3:2010年10月 4:2010年10月	ISBN連番(弱い証拠=採番ブロック予約でも連番になる) / 楽天も実質同日
LOW	ED_REGULAR_BATCH	finding-nemo	ファインディングニモ	0	standard	Animage comics special	徳間書店スタジオジブリ事業本部	2004-01	month	4	4	1.0	4	1-4		assumed	7.5	1	2004	2004	1	4/6	14	0	0	3	1	196	6	0	0.46	10.9	1種/2件/散0ヶ月 (楽天も実質同日=一挙刊行の可能性)	1	0	-1	0	1:2003年12月 3:2003年12月	
LOW	PUBLISHER_BATCH	gilgamesh	ギルガメッシュ	1	bunkobon	竹書房文庫	竹書房	1996-04-27	day	4	4	1.0	4	1-4		assumed	7.5	2	1977	1978	1	4/4	43	0	0	8	4	11	4	0	15.0	0.2	1種/4件/散0ヶ月 (楽天も実質同日=一挙刊行の可能性)	1	0	-1	1	1:1996年03月 2:1996年03月 3:1996年03月 4:1996年03月	ISBN連番(弱い証拠=採番ブロック予約でも連番になる) / 再版種別 / 楽天も実質同日 / 近傍の複数巻作品8件中4件が全巻同日=レーベル体質
LOW	ED_REGULAR_BATCH	idol-master-cinderella-girls-after-20	アイドルマスター シンデレラガールズ After20	0	standard	サイコミ	Cygames	2026-08-14	day	4	4	1.0	4	1-4		assumed	7.5	1	2026		2	4/4	13	4	0	2	1	3	4	0	11.0	0.3	1種/4件/散0ヶ月 (楽天も実質同日=一挙刊行の可能性)	1	0	0	1	1:2026年08月14日頃 2:2026年08月14日頃 3:2026年08月14日頃 4:2026年08月14日頃	ISBN連番(弱い証拠=採番ブロック予約でも連番になる) / 楽天も実質同日
LOW	ED_REGULAR_BATCH	idol-master-cinderella-girls-u-149	アイドルマスター シンデレラガールズ U149	0	standard	サイコミ	Cygames	2026-08-14	day	4	4	1.0	4	1-4		assumed	7.5	1	2026		2	4/4	13	4	0	2	1	3	4	0	12.33	0.2	1種/4件/散0ヶ月 (楽天も実質同日=一挙刊行の可能性)	1	0	0	1	1:2026年08月14日頃 2:2026年08月14日頃 3:2026年08月14日頃 4:2026年08月14日頃	ISBN連番(弱い証拠=採番ブロック予約でも連番になる) / 楽天も実質同日
LOW	SMALL_BATCH	inakappe-taishou	いなかっぺ大将	3	bunkobon	にちぶん文庫	日本文芸社	1994-10	month	4	5	0.8	4	2-5		assumed	7.5	12	1970	1981	1	4/4	0	0	0	0	0	0	4	0			1種/4件/散0ヶ月 (楽天も実質同日=一挙刊行の可能性)	1	0	0	1	2:1994年10月 3:1994年10月 4:1994年10月 5:1994年10月	ISBN連番(弱い証拠=採番ブロック予約でも連番になる) / 再版種別 / 楽天も実質同日
LOW	PUBLISHER_BATCH	kakutououbui	格闘王V	0	standard	マンガショップシリーズ	パンローリング	2007-04-02	day	4	4	1.0	4	1-4		assumed	7.5	1	2007	2007	1	4/4	110	1	0	22	18	21	4	0	6.16	0.5	1種/4件/散0ヶ月 (楽天も実質同日=一挙刊行の可能性)	1	0	-1	1	1:2007年03月 2:2007年03月 3:2007年03月 4:2007年03月	ISBN連番(弱い証拠=採番ブロック予約でも連番になる) / 楽天も実質同日 / 近傍の複数巻作品22件中18件が全巻同日=レーベル体質
LOW	ED_REGULAR_BATCH	kantouheiya	関東平野	2	bunkobon	道草文庫(1996)	小池書院	1996-07	month	4	4	1.0	4	1-4		assumed	7.5	2	1978	1979	1	4/6	97	4	2	11	2	35	6	0	3.69	1.4	1種/4件/散0ヶ月 (楽天も実質同日=一挙刊行の可能性)	1	0	0	1	1:1996年07月 2:1996年07月 3:1996年07月 4:1996年07月	再版種別 / 楽天も実質同日
LOW	ED_REGULAR_BATCH	kashimashi-house	かしましハウス	1	bunkobon	竹書房文庫	竹書房	2005-07	month	4	4	1.0	4	1-4		assumed	7.5	10	1994	2003	1	4/4	8	3	0	1	0	4	4	0	24.5	0.1	1種/4件/散0ヶ月 (楽天も実質同日=一挙刊行の可能性)	1	0	0	1	1:2005年07月 2:2005年07月 3:2005年07月 4:2005年07月	ISBN連番(弱い証拠=採番ブロック予約でも連番になる) / 再版種別 / 楽天も実質同日
LOW	ED_REGULAR_BATCH	let-goutokuji	Let's豪徳寺!	1	bunkobon	講談社漫画文庫	講談社	1996-05-10	day	4	4	1.0	4	1-4		assumed	7.5	7	1982	1988	2	4/4	120	9	0	19	5	13	4	0	8.55	0.4	1種/4件/散0ヶ月 (楽天も実質同日=一挙刊行の可能性)	1	0	0	1	1:1996年05月 2:1996年05月 3:1996年05月 4:1996年05月	ISBN連番(弱い証拠=採番ブロック予約でも連番になる) / 再版種別 / 楽天も実質同日
LOW	PUBLISHER_BATCH	lupin-iii-dead-oa-alive	ルパン三世デッド・オア・アライブ	0	bunkobon	双葉文庫名作シリーズ	双葉社	1996-12-25	day	4	4	1.0	4	1-4		assumed	7.5	1	1996	1996	1	4/4	94	0	0	23	21	45	4	0	2.4	1.2	1種/4件/散0ヶ月 (楽天も実質同日=一挙刊行の可能性)	1	0	0	1	1:1996年12月 2:1996年12月 3:1996年12月 4:1996年12月	ISBN連番(弱い証拠=採番ブロック予約でも連番になる) / 再版種別 / 楽天も実質同日 / 近傍の複数巻作品23件中21件が全巻同日=レーベル体質
LOW	PUBLISHER_BATCH	maihime-shichihenge	舞姫七変化	1	bunkobon	祥伝社コミック文庫	祥伝社	2007-12	month	4	4	1.0	4	1-4		assumed	7.5	7	1991	1997	1	4/4	58	0	0	12	7	110	4	0	0.65	4.6	1種/4件/散0ヶ月 (楽天も実質同日=一挙刊行の可能性)	1	0	-1	1	1:2007年11月 2:2007年11月 3:2007年11月 4:2007年11月	ISBN連番(弱い証拠=採番ブロック予約でも連番になる) / 再版種別 / 楽天も実質同日 / 近傍の複数巻作品12件中7件が全巻同日=レーベル体質
LOW	SMALL_BATCH	manga-de-yomu-hitobito-no-sei-to-sei	まんがで読む・ひとびとの生と性	0	standard		ポプラ社	2000-04	month	4	5	0.8	4	2-5		assumed	7.5	1	2000	2000	1	4/4	0	0	0	0	0	0	4	0				0	0	0	0		ISBN連番(弱い証拠=採番ブロック予約でも連番になる)
LOW	PUBLISHER_BATCH	mazin-bandaa	魔神バンダー	0	standard	マンガショップシリーズ	パンローリング	2010-06-15	day	4	4	1.0	4	1-4		assumed	7.5	1	2010	2010	1	4/4	81	0	0	25	23	29	4	0	4.27	0.7	1種/4件/散0ヶ月 (楽天も実質同日=一挙刊行の可能性)	1	0	0	1	1:2010年06月 2:2010年06月 3:2010年06月 4:2010年06月	ISBN連番(弱い証拠=採番ブロック予約でも連番になる) / 楽天も実質同日 / 近傍の複数巻作品25件中23件が全巻同日=レーベル体質
LOW	ED_REGULAR_BATCH	minmin	ミンミン!	1	deluxe	KCデラックス	講談社	1997-12-11	day	4	4	1.0	4	1-4		assumed	7.5	4	1990	1993	1	4/4	84	4	0	18	7	11	4	0	10.45	0.3	1種/4件/散0ヶ月 (楽天も実質同日=一挙刊行の可能性)	1	0	0	1	1:1997年12月11日頃 2:1997年12月11日頃 3:1997年12月11日頃 4:1997年12月11日頃	ISBN連番(弱い証拠=採番ブロック予約でも連番になる) / 再版種別 / 楽天も実質同日
LOW	ED_REGULAR_BATCH	monogatari-yunbo-kun	ものがたりゆんぼくん	0	bunkobon	竹書房文庫	角川書店	2009-05	month	4	4	1.0	4	1-4		assumed	7.5	1	2009	2009	1	4/4	4	0	0	1	1	20	4	0	0.35	8.6		0	0	0	0		ISBN連番(弱い証拠=採番ブロック予約でも連番になる) / 再版種別
LOW	ED_REGULAR_BATCH	monokage-ni-ashibyoushi	物陰に足拍子	1	shinsoban	マンサンコミックス	実業之日本社	1998-12	month	4	4	1.0	4	1-4		assumed	7.5	3	1989	1991	1	4/4	104	4	0	21	0	155	4	0	0.42	7.1	1種/4件/散0ヶ月 (楽天も実質同日=一挙刊行の可能性)	1	0	1	1	1:1999年01月28日頃 2:1999年01月28日頃 3:1999年01月28日頃 4:1999年01月28日頃	ISBN連番(弱い証拠=採番ブロック予約でも連番になる) / 再版種別 / 楽天も実質同日
LOW	ED_REGULAR_BATCH	mononoke-ranchiki-wars	物の怪らんちき戦争	0	standard	コンプコミックス	メディアワークス	1994-02	month	4	4	1.0	4	1-4		assumed	7.5	1	1994	1994	1	4/40	4	3	0	0	0	2	40	0				0	0	0	0		
LOW	ED_REGULAR_BATCH	mugibaa-no-shima	麦ばあの島	0	standard		すいれん舎	2017-11	month	4	4	1.0	4	1-4		assumed	7.5	1	2017	2017	1	4/4	0	0	0	0	0	0	4	0			1種/4件/散0ヶ月 (楽天も実質同日=一挙刊行の可能性)	1	0	0	1	1:2017年11月 2:2017年11月 3:2017年11月 4:2017年11月	ISBN連番(弱い証拠=採番ブロック予約でも連番になる) / 楽天も実質同日
LOW	ED_REGULAR_BATCH	muumin-no-bouken	ムーミンのぼうけん	0	standard		偕成社	1999-12	month	4	4	1.0	4	1-4		assumed	7.5	1	1999	1999	1	4/31	0	0	0	0	0	0	31	0				0	0	0	0		
LOW	PUBLISHER_BATCH	niji-o-yobu-ken	虹をよぶ拳	1	shinsoban	マンガショップシリーズ	マンガショップ	2007-03-02	day	4	4	1.0	4	1-4		assumed	7.5	8	1970	1977	1	4/4	110	2	0	22	18	20	4	0	5.55	0.5	1種/4件/散0ヶ月 (楽天も実質同日=一挙刊行の可能性)	1	0	-1	1	1:2007年02月 2:2007年02月 3:2007年02月 4:2007年02月	ISBN連番(弱い証拠=採番ブロック予約でも連番になる) / 再版種別 / 楽天も実質同日 / 近傍の複数巻作品22件中18件が全巻同日=レーベル体質
LOW	PUBLISHER_BATCH	noragaki	のらガキ	0	standard	少年サンデーコミックス	小学館	2005-09	month	4	5	0.8	4	2-5		assumed	7.5	1	2005	2005	2	4/4	40	40	0	6	6	0	4	0				0	0	0	0		ISBN連番(弱い証拠=採番ブロック予約でも連番になる) / 近傍40件中40件が同日=レーベル一斉出荷 / 近傍の複数巻作品6件中6件が全巻同日=レーベル体質
LOW	PUBLISHER_BATCH	norainu-no-oka	のら犬の丘	1	kanzenban	マンガショップシリーズ	パンローリング	2007-02-02	day	4	4	1.0	4	1-4		assumed	7.5	4	1968	1971	1	4/4	111	2	0	23	19	21	4	0	6.05	0.5	1種/4件/散0ヶ月 (楽天も実質同日=一挙刊行の可能性)	1	0	-1	1	1:2007年01月16日頃 2:2007年01月16日頃 3:2007年01月16日頃 4:2007年01月16日頃	ISBN連番(弱い証拠=採番ブロック予約でも連番になる) / 再版種別 / 楽天も実質同日 / 近傍の複数巻作品23件中19件が全巻同日=レーベル体質
LOW	ED_REGULAR_BATCH	nyuuyooku-komachi	N.Y.小町	1	bunkobon	講談社漫画文庫	講談社	1997-02-12	day	4	4	1.0	4	1-4		assumed	7.5	3	1986	1988	1	4/4	115	4	0	24	11	20	4	0	4.89	0.6	1種/4件/散0ヶ月 (楽天も実質同日=一挙刊行の可能性)	1	0	0	1	1:1997年02月11日頃 2:1997年02月11日頃 3:1997年02月11日頃 4:1997年02月11日頃	ISBN連番(弱い証拠=採番ブロック予約でも連番になる) / 再版種別 / 楽天も実質同日
LOW	ED_REGULAR_BATCH	omocha-tachi-no-yume	オモチャたちの午後	1	bunkobon	YOUNGYOU特別企画文庫	集英社	1997-07-28	day	4	4	1.0	4	1-4		assumed	7.5	4	1990	1993	1	4/4	88	2	0	15	6	104	4	0	0.86	3.5	1種/4件/散0ヶ月 (楽天も実質同日=一挙刊行の可能性)	1	0	0	1	1:1997年07月 2:1997年07月 3:1997年07月 4:1997年07月	ISBN連番(弱い証拠=採番ブロック予約でも連番になる) / 再版種別 / 楽天も実質同日
LOW	PUBLISHER_BATCH	otchan	オッチャン	0	standard	AkeBono Comics	小学館	2005-09	month	4	5	0.8	4	2-5		assumed	7.5	1	2005	2005	2	4/4	41	41	0	8	8	0	4	0				0	0	0	0		ISBN連番(弱い証拠=採番ブロック予約でも連番になる) / 近傍41件中41件が同日=レーベル一斉出荷 / 近傍の複数巻作品8件中8件が全巻同日=レーベル体質
LOW	PUBLISHER_BATCH	puroresu-akuyaku-series	プロレス悪役シリーズ	0	standard	MANGA Shop Series	パンローリング	2006-07-03	day	4	5	0.8	4	1-4		assumed	7.5	1	2006	2006	2	4/4	109	3	0	21	15	24	4	0	5.52	0.5	1種/4件/散0ヶ月 (楽天も実質同日=一挙刊行の可能性)	1	0	-1	1	1:2006年06月 2:2006年06月 3:2006年06月 4:2006年06月	ISBN連番(弱い証拠=採番ブロック予約でも連番になる) / 楽天も実質同日 / 近傍の複数巻作品21件中15件が全巻同日=レーベル体質
LOW	ED_REGULAR_BATCH	retsupuu	烈風	1	shinsoban	青林堂オンデマンド	不明	2002-08-01	day	4	4	1.0	4	1-4		assumed	7.5	2	1973	1974	2		0	0	0	0	0	0	0	0				0	0	0	0		再版種別
LOW	ED_REGULAR_BATCH	saizensen	最前線	3	shinsoban	Star comics	不明	1983-07-08	day	4	4	1.0	4	1-4		assumed	7.5	4	1968	1971	1		0	0	0	0	0	0	0	0				0	0	0	0		再版種別
LOW	ED_REGULAR_BATCH	shimakko	島っ子	1	shinsoban	ホームコミックス・現代マンガ作家選集	不明	1975-09	month	4	4	1.0	4	1-4		assumed	7.5	5	1968	1972	1		0	0	0	0	0	0	0	0				0	0	0	0		再版種別
LOW	PUBLISHER_BATCH	shounen-ninja-butai-gekkou	少年忍者部隊月光	0	standard	SUN WIDE COMICS	パンローリング	2007-01-02	day	4	4	1.0	4	1-4		assumed	7.5	1	2007	2007	1	4/4	110	2	0	21	18	22	4	0	5.7	0.5	1種/4件/散0ヶ月 (楽天も実質同日=一挙刊行の可能性)	1	0	-1	1	1:2006年12月11日頃 2:2006年12月11日頃 3:2006年12月11日頃 4:2006年12月11日頃	ISBN連番(弱い証拠=採番ブロック予約でも連番になる) / 楽天も実質同日 / 近傍の複数巻作品21件中18件が全巻同日=レーベル体質
LOW	PUBLISHER_BATCH	slow-step	スローステップ	1	bunkobon	小学館文庫	小学館	1995-09	month	4	4	1.0	4	1-4		assumed	7.5	5	1987	1991	2	4/4	115	1	0	25	13	221	4	0	0.02	121.2	1種/4件/散0ヶ月 (楽天も実質同日=一挙刊行の可能性)	1	0	-1	1	1:1995年08月10日頃 2:1995年08月10日頃 3:1995年08月10日頃 4:1995年08月10日頃	ISBN連番(弱い証拠=採番ブロック予約でも連番になる) / 再版種別 / 楽天も実質同日 / 近傍の複数巻作品25件中13件が全巻同日=レーベル体質
LOW	ED_REGULAR_BATCH	sukuuru-days	すくうるでいず	1	deluxe	KCデラックス	講談社	1998-03-13	day	4	4	1.0	4	1-4		assumed	7.5	2	1980	1981	1	4/4	74	11	0	16	7	10	4	0	10.44	0.3	1種/4件/散0ヶ月 (楽天も実質同日=一挙刊行の可能性)	1	0	0	1	1:1998年03月13日頃 2:1998年03月13日頃 3:1998年03月13日頃 4:1998年03月13日頃	ISBN連番(弱い証拠=採番ブロック予約でも連番になる) / 再版種別 / 楽天も実質同日
LOW	SMALL_BATCH	sutoppunii-chan	ストップ!にいちゃん	2	shinsoban	ホーム・コミックス	汐文社	1975-10-30	day	4	5	0.8	4	1-5(飛)		assumed	7.5	7	1964	1970	1		0	0	0	0	0	0	0	0				0	0	0	0		再版種別
LOW	ED_REGULAR_BATCH	t-e-lawrence	T.E.ロレンス	1	bunkobon	ウィングス文庫	新書館	1998-02	month	4	4	1.0	4	1-4		assumed	7.5	4	1985	1988	1	4/4	46	2	0	9	2	101	4	0	0.65	4.6	1種/4件/散0ヶ月 (楽天も実質同日=一挙刊行の可能性)	1	0	0	1	1:1998年02月 2:1998年02月 3:1998年02月 4:1998年02月	ISBN連番(弱い証拠=採番ブロック予約でも連番になる) / 再版種別 / 楽天も実質同日
LOW	ED_REGULAR_BATCH	taraobannai	多羅尾伴内	1	bunkobon	道草文庫	小池書院	1997-12	month	4	4	1.0	4	1-4		assumed	7.5	1	1978	1978	1	4/4	59	0	0	7	1	82	4	0	1.22	2.5	2種/4件/散1ヶ月 (楽天も実質同日=一挙刊行の可能性)	2	1	0	1	1:1997年11月 2:1997年11月 3:1997年12月 4:1997年12月	ISBN連番(弱い証拠=採番ブロック予約でも連番になる) / 再版種別 / 楽天も実質同日
LOW	PUBLISHER_BATCH	tenmatenpei	天馬天平	0	standard	虫コミックス	パンローリング	2010-12-01	day	4	5	0.8	4	1-4		assumed	7.5	1	2010	2010	1	4/4	76	2	0	23	23	51	4	0	2.6	1.2	1種/4件/散0ヶ月 (楽天も実質同日=一挙刊行の可能性)	1	0	0	1	1:2010年12月 2:2010年12月 3:2010年12月 4:2010年12月	ISBN連番(弱い証拠=採番ブロック予約でも連番になる) / 楽天も実質同日 / 近傍の複数巻作品23件中23件が全巻同日=レーベル体質
LOW	PUBLISHER_BATCH	uchuueesu	宇宙エース	0	standard		パンローリング	2010-04-01	day	4	4	1.0	4	1-4		assumed	7.5	1	2010	2010	1	4/4	84	0	0	25	23	27	4	0	4.71	0.6	1種/4件/散0ヶ月 (楽天も実質同日=一挙刊行の可能性)	1	0	0	1	1:2010年04月 2:2010年04月 3:2010年04月 4:2010年04月	ISBN連番(弱い証拠=採番ブロック予約でも連番になる) / 楽天も実質同日 / 近傍の複数巻作品25件中23件が全巻同日=レーベル体質
LOW	ED_REGULAR_BATCH	vampire	バンパイヤ	2	shinsoban	サンデー・コミックス	秋田書店	1988-03	month	4	4	1.0	4	1-4		assumed	7.5	26	1968	1993	1	4/4	44	0	0	11	1	259	4	0	0.31	9.6	1種/4件/散0ヶ月 (楽天も実質同日=一挙刊行の可能性)	1	0	45	1	1:1991年12月05日頃 2:1991年12月05日頃 3:1991年12月05日頃 4:1991年12月05日頃	ISBN連番(弱い証拠=採番ブロック予約でも連番になる) / 再版種別 / 楽天も実質同日
LOW	PUBLISHER_BATCH	wata-no-kunihoshi	綿の国星	2	bunkobon	白泉社文庫	白泉社	1994-06-22	day	4	4	1.0	4	1-4		assumed	7.5	9	1978	1986	1	4/4	97	4	0	9	5	270	4	0	0.11	28.5	3種/4件/散0ヶ月 (楽天も実質同日=一挙刊行の可能性)	3	0	0	1	1:1994年06月22日頃 2:1994年06月 3:1994年06月20日頃 4:1994年06月	ISBN連番(弱い証拠=採番ブロック予約でも連番になる) / 再版種別 / 楽天も実質同日 / 近傍の複数巻作品9件中5件が全巻同日=レーベル体質
LOW	ED_REGULAR_BATCH	watashi-o-tsuki-made-tsuretette	私を月まで連れてって!	2	bunkobon	小学館文庫	小学館	1995-07-10	day	4	4	1.0	4	1-4		assumed	7.5	5	1982	1986	1	4/4	105	2	0	21	10	221	4	0	0.02	121.2	1種/4件/散0ヶ月 (楽天も実質同日=一挙刊行の可能性)	1	0	0	1	1:1995年07月 2:1995年07月 3:1995年07月 4:1995年07月	ISBN連番(弱い証拠=採番ブロック予約でも連番になる) / 再版種別 / 楽天も実質同日
LOW	ED_REGULAR_BATCH	yokohama-monogatari	ヨコハマ物語	1	bunkobon	講談社漫画文庫	講談社	1996-04-11	day	4	4	1.0	4	1-4		assumed	7.5	4	1981	1984	1	4/4	120	10	0	19	6	13	4	0	10.73	0.3	1種/4件/散0ヶ月 (楽天も実質同日=一挙刊行の可能性)	1	0	0	1	1:1996年04月11日頃 2:1996年04月11日頃 3:1996年04月11日頃 4:1996年04月11日頃	ISBN連番(弱い証拠=採番ブロック予約でも連番になる) / 再版種別 / 楽天も実質同日
LOW	PUBLISHER_BATCH	youhen-genji-monogatari	妖変源氏物語	0	standard		ぶんか社	2008-10	month	4	4	1.0	4	1-4		assumed	7.5	1	2008	2008	1	4/4	54	8	0	8	6	8	4	0	14.62	0.2	1種/4件/散0ヶ月 (楽天も実質同日=一挙刊行の可能性)	1	0	0	1	1:2008年10月 2:2008年10月 3:2008年10月 4:2008年10月	ISBN連番(弱い証拠=採番ブロック予約でも連番になる) / 楽天も実質同日 / 近傍の複数巻作品8件中6件が全巻同日=レーベル体質
LOW	SMALL_BATCH	g-defend	G・defend	1	standard	ラキッシュ・コミックス	冬水社	2014-02	month	4	76	0.05	1	1-4	2.1	observed	6.4	20	2007		1	4/4	62	3	0	11	0	30	4	0	3.96	0.8		0	0	0	0		ISBN連番(弱い証拠=採番ブロック予約でも連番になる)
LOW	SMALL_BATCH	g-defend	G・defend	1	standard	ラキッシュ・コミックス	冬水社	2014-06	month	4	76	0.05	1	9-12	2.1	observed	6.4	20	2007		1	4/4	56	4	0	10	1	30	4	0	3.89	0.8		0	0	0	0		ISBN連番(弱い証拠=採番ブロック予約でも連番になる)
LOW	SMALL_BATCH	g-defend	G・defend	1	standard	ラキッシュ・コミックス	冬水社	2014-10	month	4	76	0.05	1	17-20	2.1	observed	6.4	20	2007		1	4/4	50	4	0	9	0	28	4	0	4.0	0.8		0	0	0	0		ISBN連番(弱い証拠=採番ブロック予約でも連番になる)
LOW	SMALL_BATCH	g-defend	G・defend	1	standard	ラキッシュ・コミックス	冬水社	2015-02	month	4	76	0.05	1	25-28	2.1	observed	6.4	20	2007		1	4/4	41	3	0	8	0	28	4	0	4.62	0.7		0	0	0	0		ISBN連番(弱い証拠=採番ブロック予約でも連番になる)
LOW	SMALL_BATCH	g-defend	G・defend	1	standard	ラキッシュ・コミックス	冬水社	2015-06	month	4	76	0.05	1	33-36	2.1	observed	6.4	20	2007		1	4/4	41	4	0	9	0	28	4	0	4.27	0.7		0	0	0	0		ISBN連番(弱い証拠=採番ブロック予約でも連番になる)
LOW	SMALL_BATCH	judo-no-rekishi	柔道の歴史	0	standard		本の友社	1988-10	month	4	6	0.67	4	3-6	2.0	observed	6.0	2	1987	1988	1	4/4	0	0	0	0	0	0	4	0				0	0	0	0		ISBN連番(弱い証拠=採番ブロック予約でも連番になる)
LOW	SMALL_BATCH	tamahime-uruteima	魂☆姫ULTIMA	0	standard	ファミ通クリアコミックス	角川グループパブリッシング	2012-10	month	4	5	0.8	4	1-4	2.0	observed	6.0	2	2012	2013	1	4/4	18	8	0	1	1	49	4	0	1.84	1.6	1種/4件/散0ヶ月 (楽天も実質同日=一挙刊行の可能性)	1	0	0	1	1:2012年10月 2:2012年10月 3:2012年10月 4:2012年10月	ISBN連番(弱い証拠=採番ブロック予約でも連番になる) / 楽天も実質同日
LOW	SMALL_BATCH	tiger-mask	タイガー・マスク	0	standard	講談社コミックス		1971	year	4	14	0.29	2	10-14(飛)	1.8	observed	5.5	3	1969	1971	1		0	0	0	0	0	0	0	0				0	0	0	0		
LOW	SMALL_BATCH	ramen-daisuki-koizumi-san	ラーメン大好き小泉さん	0	standard	SHŌNEN CHAMPION COMICS	秋田書店	2024-10-27	day	4	15	0.27	4	1-4	1.4	observed	4.1	3	2024		1	4/4	74	1	0	18	0	208	4	0	0.96	3.1	1種/4件/散0ヶ月 (楽天も実質同日=一挙刊行の可能性)	1	0	0	1	1:2024年10月08日 2:2024年10月08日 3:2024年10月08日 4:2024年10月08日	ISBN連番(弱い証拠=採番ブロック予約でも連番になる) / 楽天も実質同日
LOW	SMALL_BATCH	ramen-daisuki-koizumi-san	ラーメン大好き小泉さん	0	standard	SHŌNEN CHAMPION COMICS	秋田書店	2024-11-27	day	4	15	0.27	4	5-8	1.4	observed	4.1	3	2024		1	4/454	419	12	191	86	0	209	454	1			1種/4件/散0ヶ月 (楽天も実質同日=一挙刊行の可能性)	1	0	0	1	5:2024年11月08日 6:2024年11月08日 7:2024年11月08日 8:2024年11月08日	楽天も実質同日
LOW	SMALL_BATCH	ramen-daisuki-koizumi-san	ラーメン大好き小泉さん	0	standard	SHŌNEN CHAMPION COMICS	秋田書店	2024-12-27	day	4	15	0.27	4	9-12	1.4	observed	4.1	3	2024		1	4/4	32	4	0	10	0	11	4	0	8.09	0.4	1種/4件/散0ヶ月 (楽天も実質同日=一挙刊行の可能性)	1	0	0	1	9:2024年12月06日 10:2024年12月06日 11:2024年12月06日 12:2024年12月06日	ISBN連番(弱い証拠=採番ブロック予約でも連番になる) / 楽天も実質同日
LOW	PUBLISHER_BATCH	ningen-kousaten	人間交差点	1	bunkobon	小学館文庫	小学館	1994-12	month	4	19	0.21	2	1-5(飛)	1.3	observed	4.0	11	1981	1991	3	4/5	48	3	0	7	4	63	5	0	0.74	5.4	1種/4件/散0ヶ月 (楽天も実質同日=一挙刊行の可能性)	1	0	-1	1	1:1994年11月17日頃 2:1994年11月17日頃 3:1994年11月17日頃 5:1994年11月17日頃	ISBN連番(弱い証拠=採番ブロック予約でも連番になる) / 再版種別 / 楽天も実質同日 / 近傍の複数巻作品7件中4件が全巻同日=レーベル体質
LOW	SMALL_BATCH	swan	SWAN	3	kanzenban	SWAN特装シリーズ	平凡社	2024-05	month	4	7	0.57	1	4-14(飛)	1.2	observed	3.5	6	1976	1981	1	4/27	19	0	0	3	0	135	27	0	0.67	38.6		0	0	0	0		再版種別
LOW	SMALL_BATCH	ore-wa-teppei	おれは鉄兵	1	bunkobon	ちばてつや漫画文庫	不明	1980-07	month	4	31	0.13	2	24-27	1.1	observed	3.2	7	1974	1980	1		0	0	0	0	0	0	0	0				0	0	0	0		再版種別
LOW	SMALL_BATCH	ore-wa-teppei	おれは鉄兵	1	bunkobon	ちばてつや漫画文庫	不明	1980-08	month	4	31	0.13	2	28-31	1.1	observed	3.2	7	1974	1980	1		0	0	0	0	0	0	0	0				0	0	0	0		再版種別
LOW	SMALL_BATCH	nijitte-monogatari	弐十手物語	4	bunkobon	道草文庫	小池書院	1996-07	month	4	20	0.2	2	17-20	1.0	observed	3.0	25	1981	2005	1	4/6	91	4	2	12	4	34	6	0	3.77	1.3	1種/4件/散0ヶ月 (楽天も実質同日=一挙刊行の可能性)	1	0	0	1	17:1996年07月 18:1996年07月 19:1996年07月 20:1996年07月	再版種別 / 楽天も実質同日
LOW	SMALL_BATCH	shinpen-kaze-no-rondo	新編 風の輪舞	0	deluxe	YOU COMICS DELUXE	集英社	1995-04-21	day	4	5	0.8	4	1-4	1.0	observed	3.0	1	1995	1995	1	4/4	99	0	0	13	1	49	4	0	2.49	1.2	1種/4件/散0ヶ月 (楽天も実質同日=一挙刊行の可能性)	1	0	0	1	1:1995年04月21日頃 2:1995年04月21日頃 3:1995年04月21日頃 4:1995年04月21日頃	ISBN連番(弱い証拠=採番ブロック予約でも連番になる) / 再版種別 / 楽天も実質同日
LOW	SMALL_BATCH	ultra-seven-1978	ウルトラセブン	0	standard	サンコミックス	朝日ソノラマ	1978-07	month	4	6	0.67	4	1-4	1.0	observed	3.0	1	1978	1978	2		0	0	0	0	0	0	0	0				0	0	0	0		
LOW	SMALL_BATCH	ultra-seven	ウルトラセブン	0	standard	サンコミックス	朝日ソノラマ	1978-07	month	4	6	0.67	4	1-4	1.0	observed	3.0	1	1978	1978	2		0	0	0	0	0	0	0	0				0	0	0	0		
LOW	PUBLISHER_BATCH	crying-freeman	クライングフリーマン	1	bunkobon	道草文庫	スタジオ・シップ	1995-05	month	4	7	0.57	4	1-4	0.8	observed	2.5	2	1987	1988	1	4/4	65	6	0	9	5	88	4	0	8.75	0.3	1種/4件/散0ヶ月 (楽天も実質同日=一挙刊行の可能性)	1	0	-6	1	1:1994年11月 2:1994年11月 3:1994年11月 4:1994年11月	ISBN連番(弱い証拠=採番ブロック予約でも連番になる) / 再版種別 / 楽天も実質同日 / 近傍の複数巻作品9件中5件が全巻同日=レーベル体質
LOW	SMALL_BATCH	choujin-locke	超人ロック	3	bunkobon	ビブロスコミック文庫	青磁ビブロス	1996-04-01	day	4	27	0.15	3	1-4	0.7	observed	2.0	10	1980	1989	1	4/4	30	1	0	3	1	14	4	0	7.71	0.4	1種/4件/散0ヶ月 (楽天も実質同日=一挙刊行の可能性)	1	0	0	1	1:1996年04月 2:1996年04月 3:1996年04月 4:1996年04月	ISBN連番(弱い証拠=採番ブロック予約でも連番になる) / 再版種別 / 楽天も実質同日
LOW	SMALL_BATCH	kaze-to-ki-no-uta	風と木の詩	5	bunkobon	白泉社文庫	白泉社	1995-03	month	4	10	0.4	3	1-4	0.7	observed	2.0	8	1977	1984	1	4/4	114	6	0	21	8	123	4	0	0.58	5.2	2種/4件/散0ヶ月 (楽天も実質同日=一挙刊行の可能性)	2	0	0	1	1:1995年03月 2:1995年03月17日頃 3:1995年03月17日頃 4:1995年03月17日頃	ISBN連番(弱い証拠=採番ブロック予約でも連番になる) / 再版種別 / 楽天も実質同日
LOW	SMALL_BATCH	sabu-to-ichi-torimonohikae	佐武と市捕物控	2	shinsoban	1981年版	不明	1981-01	month	4	15	0.27	1	3-6	0.6	observed	1.7	21	1968	1988	1		0	0	0	0	0	0	0	0				0	0	0	0		再版種別
LOW	SMALL_BATCH	harenchi-gakuen	ハレンチ学園	5	bunkobon	集英社漫画文庫	集英社	1976-11	month	4	12	0.33	1	1-4	0.5	observed	1.6	6	1969	1974	2		0	0	0	0	0	0	0	0				0	0	0	0		再版種別
LOW	SMALL_BATCH	captain	キャプテン	3	shinsoban	ホームコミックス	ホーム社	2010-04	month	4	18	0.22	2	13-16	0.5	observed	1.4	7	1974	1980	1	4/7	68	1	1	22	4	250	7	0	0.5	12.0	2種/4件/散1ヶ月 (楽天も実質同日=一挙刊行の可能性)	2	1	0	1	13:2010年03月 14:2010年03月 15:2010年04月 16:2010年04月	再版種別 / 楽天も実質同日
LOW	SMALL_BATCH	cyborg-009	サイボーグ009	1	shinsoban	MFコミックス版(2001-02)	メディアファクトリー	2001-12-24	day	4	36	0.11	2	7-10	0.5	observed	1.4	15	1966	1980	1	4/4	34	5	0	11	0	17	4	0	7.06	0.4	1種/4件/散0ヶ月 (楽天も実質同日=一挙刊行の可能性)	1	0	0	1	7:2001年12月24日 8:2001年12月24日 9:2001年12月24日 10:2001年12月24日	ISBN連番(弱い証拠=採番ブロック予約でも連番になる) / 再版種別 / 楽天も実質同日
LOW	PUBLISHER_BATCH	manga-nippon-no-rekishi	マンガ日本の歴史	1	bunkobon	中公文庫	中央公論社	1997-03	month	4	55	0.07	2	1-4	0.5	observed	1.4	5	1989	1993	1	4/4	28	4	0	7	4	6	4	0	19.33	0.2		0	0	0	0		ISBN連番(弱い証拠=採番ブロック予約でも連番になる) / 学習/全集/BOX語 / 再版種別 / 近傍の複数巻作品7件中4件が全巻同日=レーベル体質
LOW	SMALL_BATCH	kozure-ookami	子連れ狼	8	bunkobon	道草文庫	小池書院	1995-08	month	4	28	0.14	2	11-14	0.4	observed	1.3	6	1971	1976	1	4/7	89	0	0	14	5	21	7	0	5.8	1.0	1種/4件/散0ヶ月 (楽天も実質同日=一挙刊行の可能性)	1	0	0	1	11:1995年08月 12:1995年08月 13:1995年08月 14:1995年08月	再版種別 / 楽天も実質同日
LOW	SMALL_BATCH	zoku-sengoku-jieitai	続戦国自衛隊	1	bunkobon	セブン文庫	世界文化社	2008-05	month	4	10	0.4	3	4-7	0.4	observed	1.3	7	2000	2006	1	4/4	4	0	0	0	0	6	4	0	3.33	0.9	1種/4件/散0ヶ月 (楽天も実質同日=一挙刊行の可能性)	1	0	0	1	4:2008年05月 5:2008年05月 6:2008年05月 7:2008年05月	ISBN連番(弱い証拠=採番ブロック予約でも連番になる) / 再版種別 / 楽天も実質同日
LOW	SMALL_BATCH	kamuiden-zenshuu	カムイ伝全集 外伝	0	standard	ビッグコミックススペシャル	小学館	2007-04	month	4	11	0.36	2	8-11	0.4	observed	1.2	2	2006	2007	1	4/4	84	0	2	5	1	142	4	0	0.46	6.6	2種/4件/散1ヶ月 (楽天も実質同日=一挙刊行の可能性)	2	1	-1	1	8:2007年02月28日 9:2007年02月28日 10:2007年03月30日 11:2007年03月30日	ISBN連番(弱い証拠=採番ブロック予約でも連番になる) / 学習/全集/BOX語 / 楽天も実質同日
LOW	SMALL_BATCH	tensai-bakabon	天才バカボン	7	bunkobon	講談社漫画文庫	講談社	1977-09	month	4	16	0.25	2	1-4	0.4	observed	1.2	8	1969	1976	1		0	0	0	0	0	0	0	0				0	0	0	0		再版種別
LOW	SMALL_BATCH	hana-no-deka	花の慶次	2	deluxe	Bunch comics deluxe	新潮社	2008-11	month	4	12	0.33	2	1-4	0.4	observed	1.1	20	1990	2009	1	4/4	103	6	0	24	2	18	4	0	6.71	0.4	1種/4件/散0ヶ月 (楽天も実質同日=一挙刊行の可能性)	1	0	0	1	1:2008年11月 2:2008年11月 3:2008年11月 4:2008年11月	ISBN連番(弱い証拠=採番ブロック予約でも連番になる) / 再版種別 / 楽天も実質同日
LOW	PUBLISHER_BATCH	itoshi-no-ellie	いとしのエリー	1	bunkobon	スコラ漫画文庫シリーズ	スコラ	1994-12	month	4	12	0.33	4	1-4	0.4	observed	1.1	5	1984	1988	1	4/4	44	1	0	5	3	10	4	0	10.8	0.3	1種/4件/散0ヶ月 (楽天も実質同日=一挙刊行の可能性)	1	0	0	1	1:1994年12月 2:1994年12月 3:1994年12月 4:1994年12月	ISBN連番(弱い証拠=採番ブロック予約でも連番になる) / 再版種別 / 楽天も実質同日 / 近傍の複数巻作品5件中3件が全巻同日=レーベル体質
LOW	PUBLISHER_BATCH	itoshi-no-ellie	いとしのエリー	1	bunkobon	スコラ漫画文庫シリーズ	スコラ	1995-02	month	4	12	0.33	4	5-8	0.4	observed	1.1	5	1984	1988	1	4/4	35	0	0	4	2	10	4	0	11.4	0.3	1種/4件/散0ヶ月 (楽天も実質同日=一挙刊行の可能性)	1	0	0	1	5:1995年02月 6:1995年02月 7:1995年02月 8:1995年02月	ISBN連番(弱い証拠=採番ブロック予約でも連番になる) / 再版種別 / 楽天も実質同日 / 近傍の複数巻作品4件中2件が全巻同日=レーベル体質
LOW	SMALL_BATCH	hotman	ホットマン	1	bunkobon	集英社文庫	集英社	2004-09	month	4	10	0.4	2	1-4	0.3	observed	1.0	4	1997	2000	1	4/4	99	6	0	14	1	17	4	0	5.75	0.5	1種/4件/散0ヶ月 (楽天も実質同日=一挙刊行の可能性)	1	0	0	1	1:2004年09月 2:2004年09月 3:2004年09月 4:2004年09月	ISBN連番(弱い証拠=採番ブロック予約でも連番になる) / 再版種別 / 楽天も実質同日
LOW	SMALL_BATCH	manga-shougakusei-no-jiyuu-kenkyuu	まんが小学生の自由研究	0	standard		大日本図書	2000-03-01	day	4	7	0.57	4	4-7	0.3	observed	1.0	1	2000	2000	1	4/4	0	0	0	0	0	0	4	0				0	0	0	0		ISBN連番(弱い証拠=採番ブロック予約でも連番になる)
LOW	SMALL_BATCH	mitsumegatooru	三つ目がとおる	3	shinsoban	GAMANGA BOOKS	三栄書房	2012-06	month	4	10	0.4	2	3-6	0.3	observed	1.0	3	1975	1977	1	4/4	61	1	0	7	1	351	4	0	3.0	1.0	2種/4件/散1ヶ月 (楽天も実質同日=一挙刊行の可能性)	2	1	0	1	3:2012年05月25日頃 4:2012年05月25日頃 5:2012年06月25日頃 6:2012年06月25日頃	ISBN連番(弱い証拠=採番ブロック予約でも連番になる) / 再版種別 / 楽天も実質同日
LOW	SMALL_BATCH	suikoden-2006	水滸伝	0	standard	漫画中国四大奇書シリーズ	ソフトバンククリエイティブ	2006-06	month	4	10	0.4	3	7-10	0.3	observed	1.0	1	2006	2006	1	4/4	0	0	0	0	0	0	4	0			1種/4件/散0ヶ月 (楽天も実質同日=一挙刊行の可能性)	1	0	0	1	7:2006年06月 8:2006年06月 9:2006年06月 10:2006年06月	ISBN連番(弱い証拠=採番ブロック予約でも連番になる) / 楽天も実質同日
LOW	PUBLISHER_BATCH	yami-no-purple-ai	闇のパープル・アイ	1	bunkobon	小学館文庫	小学館	1995-03	month	4	7	0.57	4	1-4	0.3	observed	1.0	4	1984	1987	2	4/4	82	2	0	17	9	221	4	0	0.03	101.0	1種/4件/散0ヶ月 (楽天も実質同日=一挙刊行の可能性)	1	0	-1	1	1:1995年02月17日頃 2:1995年02月17日頃 3:1995年02月17日頃 4:1995年02月17日頃	ISBN連番(弱い証拠=採番ブロック予約でも連番になる) / 再版種別 / 楽天も実質同日 / 近傍の複数巻作品17件中9件が全巻同日=レーベル体質
LOW	SMALL_BATCH	kachou-shima-kousaku	課長島耕作	2	deluxe	KCデラックス	講談社	1998-12	month	4	8	0.5	2	1-4	0.3	observed	0.9	8	1985	1992	1	4/4	82	1	0	13	5	104	4	0	0.92	3.2	1種/4件/散0ヶ月 (楽天も実質同日=一挙刊行の可能性)	1	0	0	1	1:1998年12月 2:1998年12月 3:1998年12月 4:1998年12月	ISBN連番(弱い証拠=採番ブロック予約でも連番になる) / 再版種別 / 楽天も実質同日
LOW	SMALL_BATCH	samurai-giants	侍ジャイアンツ	3	shinsoban	梶原一騎原作漫画傑作選	道出版	2002-04	month	4	8	0.5	3	5-8	0.3	observed	0.9	4	1972	1975	1	4/5	36	3	1	10	2	68	5	0	1.4	2.9	2種/4件/散1ヶ月 (楽天も実質同日=一挙刊行の可能性)	2	1	0	1	5:2002年03月 6:2002年03月 7:2002年04月 8:2002年04月	ISBN連番(弱い証拠=採番ブロック予約でも連番になる) / 学習/全集/BOX語 / 再版種別 / 楽天も実質同日
LOW	PUBLISHER_BATCH	buddha	ブッダ	1	bunkobon	潮ビジュアル文庫	潮出版社	1992-12-25	day	4	12	0.33	4	1-4	0.3	observed	0.8	20	1974	1993	1	4/4	10	0	0	4	2	46	4	0	1.76	1.7	1種/4件/散0ヶ月 (楽天も実質同日=一挙刊行の可能性)	1	0	0	1	1:1992年12月 2:1992年12月 3:1992年12月 4:1992年12月	ISBN連番(弱い証拠=採番ブロック予約でも連番になる) / 再版種別 / 楽天も実質同日 / 近傍の複数巻作品4件中2件が全巻同日=レーベル体質
LOW	PUBLISHER_BATCH	buddha	ブッダ	1	bunkobon	潮ビジュアル文庫	潮出版社	1993-02-10	day	4	12	0.33	4	5-8	0.3	observed	0.8	20	1974	1993	1	4/4	10	1	0	4	2	46	4	0	1.76	1.7	1種/4件/散0ヶ月 (楽天も実質同日=一挙刊行の可能性)	1	0	0	1	5:1993年02月 6:1993年02月 7:1993年02月 8:1993年02月	ISBN連番(弱い証拠=採番ブロック予約でも連番になる) / 再版種別 / 楽天も実質同日 / 近傍の複数巻作品4件中2件が全巻同日=レーベル体質
LOW	PUBLISHER_BATCH	buddha	ブッダ	1	bunkobon	潮ビジュアル文庫	潮出版社	1993-03-10	day	4	12	0.33	4	9-12	0.3	observed	0.8	20	1974	1993	1	4/4	10	0	0	4	2	46	4	0	1.76	1.7	1種/4件/散0ヶ月 (楽天も実質同日=一挙刊行の可能性)	1	0	0	1	9:1993年03月 10:1993年03月 11:1993年03月 12:1993年03月	ISBN連番(弱い証拠=採番ブロック予約でも連番になる) / 再版種別 / 楽天も実質同日 / 近傍の複数巻作品4件中2件が全巻同日=レーベル体質
LOW	SMALL_BATCH	kyojin-no-hoshi	巨人の星	3	bunkobon	講談社漫画文庫	講談社	1976-08	month	4	19	0.21	3	6-9	0.3	observed	0.8	4	1968	1971	1		0	0	0	0	0	0	0	0				0	0	0	0		再版種別
LOW	SMALL_BATCH	kyojin-no-hoshi	巨人の星	3	bunkobon	講談社漫画文庫	講談社	1976-10	month	4	19	0.21	3	13-16	0.3	observed	0.8	4	1968	1971	1		0	0	0	0	0	0	0	0				0	0	0	0		再版種別
LOW	PUBLISHER_BATCH	shinrupansansei	新ルパン三世	2	bunkobon	中公文庫コミック版	中央公論社	1995-05	month	4	13	0.31	3	10-13	0.2	observed	0.8	5	1978	1982	1	4/4	28	3	0	8	6	4	4	0	26.5	0.1	1種/4件/散0ヶ月 (楽天も実質同日=一挙刊行の可能性)	1	0	0	1	10:1995年05月 11:1995年05月 12:1995年05月 13:1995年05月	ISBN連番(弱い証拠=採番ブロック予約でも連番になる) / 再版種別 / 楽天も実質同日 / 近傍の複数巻作品8件中6件が全巻同日=レーベル体質
LOW	SMALL_BATCH	yakyuukyou-no-uta	野球狂の詩	2	bunkobon	講談社漫画文庫	講談社	1995-07	month	4	13	0.31	3	1-4	0.2	observed	0.8	5	1973	1977	2	4/4	111	13	0	18	4	8	4	0	13.38	0.2	1種/4件/散0ヶ月 (楽天も実質同日=一挙刊行の可能性)	1	0	0	1	1:1995年07月 2:1995年07月 3:1995年07月 4:1995年07月	ISBN連番(弱い証拠=採番ブロック予約でも連番になる) / 再版種別 / 楽天も実質同日
LOW	SMALL_BATCH	zoku-tetsujin-28gou	続・鉄人28号	0	bunkobon	光文社文庫comic series	光文社	1997-09-10	day	4	13	0.31	3	1-4	0.2	observed	0.8	1	1997	1997	1	4/4	22	0	0	2	0	30	4	0	1.53	2.0	1種/4件/散0ヶ月 (楽天も実質同日=一挙刊行の可能性)	1	0	0	1	1:1997年09月10日頃 2:1997年09月10日頃 3:1997年09月10日頃 4:1997年09月10日頃	ISBN連番(弱い証拠=採番ブロック予約でも連番になる) / 再版種別 / 楽天も実質同日
LOW	SMALL_BATCH	boukenshatachi-no-sekaishi	冒険者たちの世界史	0	standard		タイムライフブックス	1983-06	month	4	23	0.17	4	1-14(飛)	0.2	observed	0.7	1	1983	1983	1	4/14	6	0	0	0	0	24	14	0	0.83	15.6		0	0	0	0		
LOW	SMALL_BATCH	boukenshatachi-no-sekaishi	冒険者たちの世界史	0	standard		タイムライフブックス	1983-07	month	4	23	0.17	4	2-15(飛)	0.2	observed	0.7	1	1983	1983	1	4/14	6	0	0	0	0	24	14	0	0.83	15.6		0	0	0	0		
LOW	SMALL_BATCH	boukenshatachi-no-sekaishi	冒険者たちの世界史	0	standard		タイムライフブックス	1983-08	month	4	23	0.17	4	3-16(飛)	0.2	observed	0.7	1	1983	1983	1	4/14	6	1	0	0	0	24	14	0	0.83	15.6		0	0	0	0		
LOW	SMALL_BATCH	boukenshatachi-no-sekaishi	冒険者たちの世界史	0	standard		タイムライフブックス	1983-09	month	4	23	0.17	4	7-21(飛)	0.2	observed	0.7	1	1983	1983	1	4/15	6	0	0	0	0	24	15	0	0.83	16.8		0	0	0	0		
LOW	SMALL_BATCH	boukenshatachi-no-sekaishi	冒険者たちの世界史	0	standard		タイムライフブックス	1983-10	month	4	23	0.17	4	8-24(飛)	0.2	observed	0.7	1	1983	1983	1	4/17	6	0	0	0	0	24	17	0	0.83	19.2		0	0	0	0		
LOW	SMALL_BATCH	shiki-sentaro-1979	史記	1	bunkobon	講談社漫画文庫	講談社	1995-11	month	4	10	0.4	3	7-10	0.2	observed	0.7	2	1983	1984	2	4/4	114	9	0	16	4	11	4	0	10.7	0.3	1種/4件/散0ヶ月 (楽天も実質同日=一挙刊行の可能性)	1	0	0	1	7:1995年11月 8:1995年11月 9:1995年11月 10:1995年11月	ISBN連番(弱い証拠=採番ブロック予約でも連番になる) / 再版種別 / 楽天も実質同日
LOW	SMALL_BATCH	suikoden	水滸伝	2	bunkobon	文庫版(1978)	潮出版社	1978-01-15	day	4	10	0.4	3	7-10	0.2	observed	0.7	8	1969	1976	1		0	0	0	0	0	0	0	0				0	0	0	0		再版種別
LOW	SMALL_BATCH	kemono-no-youni	獣のように	0	standard	ACTION COMICS	世界文化社	1998-10	month	4	6	0.67	4	1-4	0.2	observed	0.6	1	1998	1998	1	4/5	4	0	0	0	0	11	5	0	2.91	1.4	1種/4件/散0ヶ月 (楽天も実質同日=一挙刊行の可能性)	1	0	0	1	1:1998年10月 2:1998年10月 3:1998年10月 4:1998年10月	ISBN連番(弱い証拠=採番ブロック予約でも連番になる) / 楽天も実質同日
LOW	ED_REGULAR_BATCH	peach	PEACH!	1	bunkobon	宙コミック文庫	宙出版	2006-12	month	4	6	0.67	4	1-4	0.2	observed	0.6	3	2001	2003	3	4/10	70	20	4	14	1	31	10	0	6.11	1.5	1種/4件/散0ヶ月 (楽天も実質同日=一挙刊行の可能性)	1	0	0	1	1:2006年12月 2:2006年12月 3:2006年12月 4:2006年12月	再版種別 / 楽天も実質同日
LOW	PUBLISHER_BATCH	pink-no-curtain	ピンクのカーテン	1	bunkobon	竹書房文庫	竹書房	1996-07	month	4	14	0.29	5	11-14	0.2	observed	0.5	3	1981	1983	2	4/4	32	10	0	6	3	8	4	0	6.62	0.5	1種/4件/散0ヶ月 (楽天も実質同日=一挙刊行の可能性)	1	0	-1	1	11:1996年06月 12:1996年06月 13:1996年06月 14:1996年06月	ISBN連番(弱い証拠=採番ブロック予約でも連番になる) / 再版種別 / 楽天も実質同日 / 近傍の複数巻作品6件中3件が全巻同日=レーベル体質
LOW	PUBLISHER_BATCH	saint-adams	セイントアダムズ	1	bunkobon	講談社漫画文庫	講談社	1998-04	month	4	7	0.57	4	1-4	0.2	observed	0.5	4	1989	1992	1	4/4	113	7	0	22	12	13	4	0	9.75	0.3	1種/4件/散0ヶ月 (楽天も実質同日=一挙刊行の可能性)	1	0	0	1	1:1998年04月 2:1998年04月 3:1998年04月 4:1998年04月	ISBN連番(弱い証拠=採番ブロック予約でも連番になる) / 再版種別 / 楽天も実質同日 / 近傍の複数巻作品22件中12件が全巻同日=レーベル体質
LOW	SMALL_BATCH	slam-dunk	SLAM DUNK	2	aizoban	愛蔵版コミックス	集英社	2018-07	month	4	20	0.2	6	7-10	0.2	observed	0.5	6	1991	1996	1	4/4	30	0	0	1	0	57	4	0	1.28	2.3	1種/4件/散0ヶ月 (楽天も実質同日=一挙刊行の可能性)	1	0	-1	1	7:2018年06月30日頃 8:2018年06月30日頃 9:2018年06月30日頃 10:2018年06月30日頃	ISBN連番(弱い証拠=採番ブロック予約でも連番になる) / 再版種別 / 楽天も実質同日
LOW	SMALL_BATCH	slam-dunk	SLAM DUNK	2	aizoban	愛蔵版コミックス	集英社	2018-08-01	day	4	20	0.2	6	11-14	0.2	observed	0.5	6	1991	1996	1	4/4	30	0	0	1	0	57	4	0	1.28	2.3	1種/4件/散0ヶ月 (楽天も実質同日=一挙刊行の可能性)	1	0	0	1	11:2018年08月01日 12:2018年08月01日 13:2018年08月01日 14:2018年08月01日	ISBN連番(弱い証拠=採番ブロック予約でも連番になる) / 再版種別 / 楽天も実質同日
LOW	SMALL_BATCH	old-boy-ruuzu-senki	オールド・ボーイ ルーズ戦記	2	shinsoban	アクションコミックス	双葉社	2014-03-28	day	4	8	0.5	4	1-4	0.1	observed	0.4	2	1997	1998	1	4/4	104	12	0	22	1	7	4	0	19.0	0.2	1種/4件/散0ヶ月 (楽天も実質同日=一挙刊行の可能性)	1	0	0	1	1:2014年03月28日頃 2:2014年03月28日頃 3:2014年03月28日頃 4:2014年03月28日頃	ISBN連番(弱い証拠=採番ブロック予約でも連番になる) / 再版種別 / 楽天も実質同日
LOW	SMALL_BATCH	old-boy-ruuzu-senki	オールド・ボーイ ルーズ戦記	2	shinsoban	アクションコミックス	双葉社	2014-04-19	day	4	8	0.5	4	5-8	0.1	observed	0.4	2	1997	1998	1	4/4	104	17	0	18	1	6	4	0	19.0	0.2	1種/4件/散0ヶ月 (楽天も実質同日=一挙刊行の可能性)	1	0	0	1	5:2014年04月19日頃 6:2014年04月19日頃 7:2014年04月19日頃 8:2014年04月19日頃	ISBN連番(弱い証拠=採番ブロック予約でも連番になる) / 再版種別 / 楽天も実質同日
LOW	PUBLISHER_BATCH	ore-to-kaneyan	おれとカネやん	0	standard	MANGA Shop Series	パンローリング	2006-10-02	day	4	8	0.5	4	1-4	0.1	observed	0.4	1	2006	2006	1	4/4	106	2	0	23	20	22	4	0	5.43	0.6	1種/4件/散0ヶ月 (楽天も実質同日=一挙刊行の可能性)	1	0	-1	1	1:2006年09月20日頃 2:2006年09月20日頃 3:2006年09月20日頃 4:2006年09月20日頃	ISBN連番(弱い証拠=採番ブロック予約でも連番になる) / 楽天も実質同日 / 近傍の複数巻作品23件中20件が全巻同日=レーベル体質
LOW	PUBLISHER_BATCH	ore-to-kaneyan	おれとカネやん	0	standard	MANGA Shop Series	パンローリング	2006-11-02	day	4	8	0.5	4	5-8	0.1	observed	0.4	1	2006	2006	1	4/4	106	1	0	23	20	22	4	0	5.75	0.5	1種/4件/散0ヶ月 (楽天も実質同日=一挙刊行の可能性)	1	0	-1	1	5:2006年10月16日頃 6:2006年10月16日頃 7:2006年10月16日頃 8:2006年10月16日頃	ISBN連番(弱い証拠=採番ブロック予約でも連番になる) / 楽天も実質同日 / 近傍の複数巻作品23件中20件が全巻同日=レーベル体質
LOW	SMALL_BATCH	shiawasenojikan	幸せの時間	0	standard	ACTION COMICS	双葉社	2012-11	month	4	9	0.44	5	1-4	0.1	observed	0.4	16	1997	2012	1	4/4	96	8	0	22	1	9	4	0	14.38	0.2	1種/4件/散0ヶ月 (楽天も実質同日=一挙刊行の可能性)	1	0	0	1	1:2012年11月 2:2012年11月 3:2012年11月 4:2012年11月	ISBN連番(弱い証拠=採番ブロック予約でも連番になる) / 楽天も実質同日
LOW	ED_REGULAR_BATCH	tako-no-hatsu-chan	蛸の八ちゃん	0	standard			1960-02	month	3	4	0.75	3	2-4	42.3	observed	84.7	12	1949	1960	1		0	0	0	0	0	0	0	0				0	0	0	0		
LOW	ISBN_SPREAD(年のみ)	qp	QP	0	standard		少年画報社	1999	year	3	9	0.33	1	4-6	17.1	observed	34.2	12	1999	2010	1	3/61	86	0	29	23	1	134	61	1	7.29	8.2		0	0	0	0		
LOW	ED_REGULAR_BATCH	indona-hibi	インドな日々	0	standard	Honwara comics	朝日新聞社	2007-10	month	3	4	0.75	3	1-3	15.7	observed	31.3	5	2007	2011	1	3/3	98	46	0	15	2	36	3	0	3.38	0.6		0	0	0	0		ISBN連番(弱い証拠=採番ブロック予約でも連番になる)
LOW	PUBLISHER_BATCH	shiori-to-shimiko	栞と紙魚子	0	bunkobon	ソノラマコミック文庫	朝日新聞社	2007-10	month	3	4	0.75	3	1-3	13.3	observed	26.7	9	2007	2015	3	3/3	47	47	0	6	6	0	3	0			1種/3件/散0ヶ月 (楽天も実質同日=一挙刊行の可能性)	1	0	0	1	1:2007年10月 2:2007年10月 3:2007年10月	ISBN連番(弱い証拠=採番ブロック予約でも連番になる) / 再版種別 / 楽天も実質同日 / 近傍47件中47件が同日=レーベル一斉出荷 / 近傍の複数巻作品6件中6件が全巻同日=レーベル体質
LOW	ED_REGULAR_BATCH	romantic-killer	ロマンティック・キラー	0	standard	JUMP COMICS+	集英社	2022-10-04	day	3	4	0.75	3	2-4	11.3	observed	22.7	4	2019	2022	1	3/3	117	25	0	17	2	18	3	0	22.4	0.1		0	0	0	0		ISBN連番(弱い証拠=採番ブロック予約でも連番になる)
LOW	PUBLISHER_BATCH	glass-no-kamen	ガラスの仮面	1	bunkobon	白泉社文庫	白泉社	1994-03-17	day	3	27	0.11	2	1-6(飛)	10.4	observed	20.8	51	1976		1	3/6	16	7	0	4	3	174	6	0	0.09	58.0	1種/3件/散0ヶ月 (楽天も実質同日=一挙刊行の可能性)	1	0	0	1	1:1994年03月17日頃 2:1994年03月17日頃 6:1994年03月17日頃	再版種別 / 楽天も実質同日 / 近傍の複数巻作品4件中3件が全巻同日=レーベル体質
LOW	PUBLISHER_BATCH	glass-no-kamen	ガラスの仮面	1	bunkobon	白泉社文庫	白泉社	1994-09-16	day	3	27	0.11	2	12-14	10.4	observed	20.8	51	1976		1	3/3	24	3	0	6	4	178	3	0	0.11	18.7	1種/3件/散0ヶ月 (楽天も実質同日=一挙刊行の可能性)	1	0	0	1	12:1994年09月16日頃 13:1994年09月16日頃 14:1994年09月16日頃	ISBN連番(弱い証拠=採番ブロック予約でも連番になる) / 再版種別 / 楽天も実質同日 / 近傍の複数巻作品6件中4件が全巻同日=レーベル体質
LOW	PUBLISHER_BATCH	glass-no-kamen	ガラスの仮面	1	bunkobon	白泉社文庫	白泉社	1994-12-13	day	3	27	0.11	2	15-17	10.4	observed	20.8	51	1976		1	3/3	27	0	0	6	4	178	3	0	0.11	18.7	1種/3件/散0ヶ月 (楽天も実質同日=一挙刊行の可能性)	1	0	0	1	15:1994年12月13日頃 16:1994年12月13日頃 17:1994年12月13日頃	ISBN連番(弱い証拠=採番ブロック予約でも連番になる) / 再版種別 / 楽天も実質同日 / 近傍の複数巻作品6件中4件が全巻同日=レーベル体質
LOW	ED_REGULAR_BATCH	tokyo-myuumyuu	東京ミュウミュウ	1	deluxe	KCデラックス	講談社	2015-10-06	day	3	10	0.3	3	1-3	9.0	observed	18.0	3	2001	2003	3	3/3	78	16	0	8	0	15	3	0	15.29	0.1	1種/3件/散0ヶ月 (楽天も実質同日=一挙刊行の可能性)	1	0	0	1	1:2015年10月06日頃 2:2015年10月06日頃 3:2015年10月06日頃	ISBN連番(弱い証拠=採番ブロック予約でも連番になる) / 再版種別 / 楽天も実質同日
LOW	PUBLISHER_BATCH	tokyo-myuumyuu	東京ミュウミュウ	1	deluxe	KCデラックス	講談社	2022-07-13	day	3	10	0.3	3	8-10	9.0	observed	18.0	3	2001	2003	1	3/3	75	61	0	0	0	2	3	0			1種/3件/散0ヶ月 (楽天も実質同日=一挙刊行の可能性)	1	0	0	1	8:2022年07月13日 9:2022年07月13日 10:2022年07月13日	ISBN連番(弱い証拠=採番ブロック予約でも連番になる) / 再版種別 / 楽天も実質同日 / 近傍75件中61件が同日=レーベル一斉出荷
LOW	PUBLISHER_BATCH	dust-bokkusu-25	ダストボックス2.5	0	standard	ヤングガンガンコミックス	スクウェア・エニックス	2021-09-25	day	3	8	0.38	1	6-8	8.1	observed	16.3	6	2016	2021	1	3/3	108	49	0	4	4	5	3	0	38.0	0.1	1種/3件/散0ヶ月 (楽天も実質同日=一挙刊行の可能性)	1	0	0	1	6:2021年09月25日 7:2021年09月25日 8:2021年09月25日	ISBN連番(弱い証拠=採番ブロック予約でも連番になる) / 学習/全集/BOX語 / 楽天も実質同日 / 近傍の複数巻作品4件中4件が全巻同日=レーベル体質
LOW	PUBLISHER_BATCH	kaze-hikaru-1997	風光る	1	bunkobon	小学館文庫	小学館	2022-08-10	day	3	23	0.13	2	21-23	8.0	observed	16.1	25	1997	2021	1	3/3	100	0	0	23	12	164	3	0	0.08	24.5	1種/3件/散0ヶ月 (楽天も実質同日=一挙刊行の可能性)	1	0	0	1	21:2022年08月10日頃 22:2022年08月10日頃 23:2022年08月10日頃	ISBN連番(弱い証拠=採番ブロック予約でも連番になる) / 再版種別 / 楽天も実質同日 / 近傍の複数巻作品23件中12件が全巻同日=レーベル体質
LOW	PUBLISHER_BATCH	shin-gekai-toumori-akira-no-shoken	新外科医東盛玲の所見	1	standard	眠れぬ夜の奇妙な話コミックス	朝日新聞社	2007-10	month	3	10	0.3	1	1-3	6.9	observed	13.8	6	2007	2012	5	3/3	79	56	0	14	4	16	3	0	9.67	0.2	1種/3件/散0ヶ月 (楽天も実質同日=一挙刊行の可能性)	1	0	0	1	1:2007年10月 2:2007年10月 3:2007年10月	ISBN連番(弱い証拠=採番ブロック予約でも連番になる) / 楽天も実質同日 / 近傍79件中56件が同日=レーベル一斉出荷
LOW	SMALL_BATCH	tensai-bakabon	天才バカボン	0	standard	講談社コミックス	講談社	1974-07-10	day	3	19	0.16	1	9-12(飛)	5.8	observed	11.6	8	1969	1976	1		0	0	0	0	0	0	0	0				0	0	0	0		
LOW	PUBLISHER_BATCH	cyborg-009	サイボーグ009	3	bunkobon		秋田書店	1994-08	month	3	23	0.13	2	1-3	5.3	observed	10.5	15	1966	1980	1	3/3	77	11	0	9	6	177	3	0	0.12	16.0	1種/3件/散0ヶ月 (楽天も実質同日=一挙刊行の可能性)	1	0	0	1	1:1994年08月 2:1994年08月 3:1994年08月	ISBN連番(弱い証拠=採番ブロック予約でも連番になる) / 再版種別 / 楽天も実質同日 / 近傍の複数巻作品9件中6件が全巻同日=レーベル体質
LOW	PUBLISHER_BATCH	cyborg-009	サイボーグ009	3	bunkobon		秋田書店	1994-11	month	3	23	0.13	2	4-6	5.3	observed	10.5	15	1966	1980	1	3/3	80	7	0	9	6	180	3	0	0.12	16.8	1種/3件/散0ヶ月 (楽天も実質同日=一挙刊行の可能性)	1	0	0	1	4:1994年11月 5:1994年11月 6:1994年11月	ISBN連番(弱い証拠=採番ブロック予約でも連番になる) / 再版種別 / 楽天も実質同日 / 近傍の複数巻作品9件中6件が全巻同日=レーベル体質
LOW	PUBLISHER_BATCH	cyborg-009	サイボーグ009	3	bunkobon		秋田書店	1995-02	month	3	23	0.13	2	7-9	5.3	observed	10.5	15	1966	1980	2	3/3	82	3	0	10	7	180	3	0	0.12	16.8	1種/3件/散0ヶ月 (楽天も実質同日=一挙刊行の可能性)	1	0	0	1	7:1995年02月 8:1995年02月 9:1995年02月	ISBN連番(弱い証拠=採番ブロック予約でも連番になる) / 再版種別 / 楽天も実質同日 / 近傍の複数巻作品10件中7件が全巻同日=レーベル体質
LOW	PUBLISHER_BATCH	cyborg-009	サイボーグ009	3	bunkobon		秋田書店	1995-04	month	3	23	0.13	2	10-12	5.3	observed	10.5	15	1966	1980	2	3/3	85	6	0	11	8	180	3	0	0.12	16.8	1種/3件/散0ヶ月 (楽天も実質同日=一挙刊行の可能性)	1	0	0	1	10:1995年04月 11:1995年04月 12:1995年04月	ISBN連番(弱い証拠=採番ブロック予約でも連番になる) / 再版種別 / 楽天も実質同日 / 近傍の複数巻作品11件中8件が全巻同日=レーベル体質
LOW	SMALL_BATCH	cleopatra-d-c	クレオパトラD.C.	3	shinsoban	バーガーSC	スコラ	1988-07-13	day	3	6	0.5	1	1-3	5.2	observed	10.4	5	1987	1991	1	3/9	21	4	3	5	0	11	9	1	4.64	1.7	2種/3件/散0ヶ月 (楽天も実質同日=一挙刊行の可能性)	2	0	0	1	1:1988年07月13日頃 2:1988年07月13日頃 3:1988年07月15日頃	再版種別 / 楽天も実質同日
LOW	SMALL_BATCH	shinyaku-ookami-ga-kuru	新約オオカミが来る!	0	standard	CR comics	ジャイブ	2008-08	month	3	7	0.43	1	1-3	5.2	observed	10.3	4	2008	2011	1	3/3	32	2	0	7	0	10	3	0	10.5	0.2	1種/3件/散0ヶ月 (楽天も実質同日=一挙刊行の可能性)	1	0	0	1	1:2008年08月 2:2008年08月 3:2008年08月	ISBN連番(弱い証拠=採番ブロック予約でも連番になる) / 楽天も実質同日
LOW	SMALL_BATCH	shouwa-gokudoushi	昭和極道史	0	standard	文華コミックス	日本文華社	1974	year	3	33	0.09	1	1-3	5.0	observed	10.1	14	1974	1987	1	3/3	34	0	0	2	0	340	3	0				0	0	0	0		ISBN連番(弱い証拠=採番ブロック予約でも連番になる)
LOW	SMALL_BATCH	shouwa-gokudoushi	昭和極道史	0	standard	文華コミックス	日本文華社	1981-02-25	day	3	33	0.09	1	5-11(飛)	5.0	observed	10.1	14	1974	1987	1	3/24	53	0	0	7	0	340	24	0				0	0	0	0		
LOW	SMALL_BATCH	sanada-juuyuushi	真田十勇士	3	shinsoban	ジャンプ・テレビ・コミックス	不明	1975	year	3	4	0.75	3	1-3	5.0	observed	10.0	2	1975	1976	1		0	0	0	0	0	0	0	0				0	0	0	0		再版種別
LOW	SMALL_BATCH	sazae-san	サザエさん	0	standard		朝日新聞社	2021-04	month	3	68	0.04	3	46-48	4.9	observed	9.7	28	1994	2021	1	3/3	0	0	0	0	0	0	3	0				0	0	0	0		ISBN連番(弱い証拠=採番ブロック予約でも連番になる)
LOW	SMALL_BATCH	sazae-san	サザエさん	0	standard		朝日新聞社	2021-05-07	day	3	68	0.04	3	49-51	4.9	observed	9.7	28	1994	2021	1	3/3	0	0	0	0	0	0	3	0			1種/3件/散0ヶ月 (楽天も実質同日=一挙刊行の可能性)	1	0	0	1	49:2021年05月07日頃 50:2021年05月07日頃 51:2021年05月07日頃	ISBN連番(弱い証拠=採番ブロック予約でも連番になる) / 楽天も実質同日
LOW	SMALL_BATCH	sazae-san	サザエさん	0	standard		朝日新聞社	2021-07	month	3	68	0.04	3	55-57	4.9	observed	9.7	28	1994	2021	1	3/3	0	0	0	0	0	0	3	0				0	0	0	0		ISBN連番(弱い証拠=採番ブロック予約でも連番になる)
LOW	SMALL_BATCH	sazae-san	サザエさん	0	standard		朝日新聞社	2021-08	month	3	68	0.04	3	58-60	4.9	observed	9.7	28	1994	2021	1	3/3	0	0	0	0	0	0	3	0				0	0	0	0		ISBN連番(弱い証拠=採番ブロック予約でも連番になる)
LOW	SMALL_BATCH	sazae-san	サザエさん	0	standard		朝日新聞社	2021-10	month	3	68	0.04	3	64-66	4.9	observed	9.7	28	1994	2021	1	3/3	0	0	0	0	0	0	3	0				0	0	0	0		ISBN連番(弱い証拠=採番ブロック予約でも連番になる)
LOW	SMALL_BATCH	a-peanuts-book-featuring-snoopy	A PEANUTS BOOK featuring SNOOPY	0	standard		角川書店	1990-10-01	day	3	26	0.12	1	1-4(飛)	4.7	observed	9.4	11	1990	2000	1	3/4	1	0	0	0	0	0	4	0				0	0	0	0		ISBN連番(弱い証拠=採番ブロック予約でも連番になる)
LOW	SMALL_BATCH	sengoku-shishiden	戦国獅子伝	0	standard	パワァコミックス	双葉社	1974	year	3	8	0.38	1	1-3	4.6	observed	9.1	4	1974	1977	1		0	0	0	0	0	0	0	0				0	0	0	0		
LOW	SMALL_BATCH	yajikita-in-deep	弥次喜多 in DEEP	0	standard	アスペクトコミックス	エンターブレイン	2001-06	month	3	8	0.38	1	2-4	4.6	observed	9.1	4	2000	2003	1	3/3	30	5	0	5	1	49	3	0	2.29	0.9	1種/3件/散0ヶ月 (楽天も実質同日=一挙刊行の可能性)	1	0	0	1	2:2001年06月 3:2001年06月 4:2001年06月	ISBN連番(弱い証拠=採番ブロック予約でも連番になる) / 楽天も実質同日
LOW	SMALL_BATCH	otoko-oidon	男おいどん	1	shinsoban	講談社コミックス	講談社	1972-09-10	day	3	9	0.33	1	1-4(飛)	4.4	observed	8.8	16	1972	1987	1		0	0	0	0	0	0	0	0				0	0	0	0		再版種別
LOW	SMALL_BATCH	otoko-oidon	男おいどん	1	shinsoban	講談社コミックス	講談社	1975-05-20	day	3	9	0.33	1	7-9	4.4	observed	8.8	16	1972	1987	1		0	0	0	0	0	0	0	0				0	0	0	0		再版種別
LOW	SMALL_BATCH	wraith-sweeper-cross	レイスイーパーCROSS	0	standard	CR comics	ジャイブ	2008-06	month	3	7	0.43	1	1-4(飛)	4.3	observed	8.7	4	2007	2010	1	3/3	35	1	0	8	1	10	3	0	10.9	0.2	1種/3件/散0ヶ月 (楽天も実質同日=一挙刊行の可能性)	1	0	0	1	1:2008年06月 2:2008年06月 4:2008年06月	ISBN連番(弱い証拠=採番ブロック予約でも連番になる) / 楽天も実質同日
LOW	PUBLISHER_BATCH	patalliro	パタリロ!	1	bunkobon	白泉社文庫	白泉社	1994-09-21	day	3	46	0.07	2	1-3	4.3	observed	8.6	48	1979		1	3/3	60	4	0	9	5	270	3	0			2種/3件/散0ヶ月 (楽天も実質同日=一挙刊行の可能性)	2	0	0	1	1:1994年09月16日頃 2:1994年09月 3:1994年09月	ISBN連番(弱い証拠=採番ブロック予約でも連番になる) / 再版種別 / 楽天も実質同日 / 近傍の複数巻作品9件中5件が全巻同日=レーベル体質
LOW	SMALL_BATCH	kirikiritei-no-buraun-sensei	きりきり亭のぶら雲先生	1	deluxe	スコラSCデラックス	ソニー・マガジンズ	1999-08-28	day	3	5	0.6	1	1-3	4.2	observed	8.5	7	1998	2004	1	3/3	69	6	0	21	10	10	3	0	10.44	0.2	1種/3件/散0ヶ月 (楽天も実質同日=一挙刊行の可能性)	1	0	0	1	1:1999年08月28日頃 2:1999年08月28日頃 3:1999年08月28日頃	ISBN連番(弱い証拠=採番ブロック予約でも連番になる) / 再版種別 / 楽天も実質同日
LOW	SMALL_BATCH	bou-kun-vaaderu-no-hanayome-shoya-hen	暴君ヴァーデルの花嫁 初夜編	0	standard	Missy comics	宙出版	2021-03-04	day	3	21	0.14	1	13-15	4.2	observed	8.3	8	2014	2021	1	3/3	78	2	0	20	2	38	3	0	3.66	0.5	1種/3件/散0ヶ月 (楽天も実質同日=一挙刊行の可能性)	1	0	0	1	13:2021年03月04日 14:2021年03月04日 15:2021年03月04日	ISBN連番(弱い証拠=採番ブロック予約でも連番になる) / 楽天も実質同日
LOW	SMALL_BATCH	0	0戦はやと	2	shinsoban	辻なおき0戦シリーズ	若木書房	1973	year	3	4	0.75	3	1-4(飛)	4.0	observed	8.0	5	1964	1968	1		0	0	0	0	0	0	0	0				0	0	0	0		再版種別
LOW	SMALL_BATCH	ginga-sengoku-gunyuuden-rai	銀河戦国群雄伝ライ	0	standard	Comp comics DX	メディアワークス	1993-10	month	3	27	0.11	1	1-8(飛)	4.0	observed	8.0	9	1993	2001	1	3/23	3	0	0	0	0	0	23	0			1種/3件/散0ヶ月 (楽天も実質同日=一挙刊行の可能性)	1	0	0	1	1:1993年10月 2:1993年10月 8:1993年10月	楽天も実質同日
LOW	ED_REGULAR_BATCH	gunnm-last-order	銃夢last order	2	shinsoban	KCDX	講談社	2014-04	month	3	4	0.75	3	11-19(飛)	4.0	observed	8.0	10	2001	2010	1	3/24	78	13	15	17	2	24	24	1	5.36	4.3	1種/3件/散0ヶ月 (楽天も実質同日=一挙刊行の可能性)	1	0	0	1	11:2014年04月 12:2014年04月 19:2014年04月	再版種別 / 楽天も実質同日
LOW	SMALL_BATCH	tensai-choukoushi-houjou-mika	天才調香師宝条ミカ	0	standard	ダイソーコミックシリーズ	双葉社	2002	year	3	4	0.75	3	2-4	4.0	observed	8.0	2	2001	2002	1		0	0	0	0	0	0	0	0				0	0	0	0		
LOW	SMALL_BATCH	oodorii-hepubaan-monogatari	オードリー・ヘプバーン物語	0	standard		近代映画社	2009-08	month	3	10	0.3	2	8-10	3.9	observed	7.8	4	2006	2009	1	3/3	0	0	0	0	0	0	3	0				0	0	0	0		ISBN連番(弱い証拠=採番ブロック予約でも連番になる)
LOW	SMALL_BATCH	golgo-13	ゴルゴ13	2	bunkobon	小学館文庫	小学館	1976-06	month	3	40	0.07	1	4-6	3.8	observed	7.6	54	1973		1		0	0	0	0	0	0	0	0				0	0	0	0		再版種別
LOW	SMALL_BATCH	tera-e	地球へ…	0	standard	サンコミックス	朝日ソノラマ	1980-08-25	day	3	5	0.6	1	3-5	3.8	observed	7.5	1	1980	1980	1	3/3	15	0	0	3	1	39	3	0	0.28	7.1		0	0	0	0		ISBN連番(弱い証拠=採番ブロック予約でも連番になる)
LOW	SMALL_BATCH	tokusen-12-choume-no-yuuhi-12kagetsu	特選三丁目の夕日・12か月	0	standard		小学館	2007-12-26	day	3	12	0.25	2	3-5	3.5	observed	7.1	1	2004	2004	1	3/5	81	19	2	12	0	243	5	0	0.11	37.4	1種/3件/散0ヶ月 (楽天も実質同日=一挙刊行の可能性)	1	0	0	1	3:2007年12月26日 4:2007年12月26日 5:2007年12月26日	楽天も実質同日
LOW	SMALL_BATCH	only-you-viva-kyabakura	Only❤You ビバ!キャバクラ	0	standard	SPA!COMICS	扶桑社	1999-09	month	3	6	0.5	1	4-6	3.4	observed	6.8	2	1998	1999	1	3/3	4	0	0	1	1	4	3	0	15.0	0.1	1種/3件/散0ヶ月 (楽天も実質同日=一挙刊行の可能性)	1	0	0	1	4:1999年09月 5:1999年09月 6:1999年09月	ISBN連番(弱い証拠=採番ブロック予約でも連番になる) / 楽天も実質同日
LOW	SMALL_BATCH	otona-ni-naru-jumon	大人になる呪文	0	standard	Fox comics	ワニブックス	2007-04	month	3	4	0.75	3	1-3	3.3	observed	6.7	2	2007	2008	1	3/3	79	1	0	18	0	33	3	0	3.5	0.6	2種/3件/散0ヶ月 (楽天も実質同日=一挙刊行の可能性)	2	0	-1	1	1:2007年03月 2:2007年03月22日頃 3:2007年03月22日頃	ISBN連番(弱い証拠=採番ブロック予約でも連番になる) / 楽天も実質同日
LOW	SMALL_BATCH	saint-seiya-final-edition	聖闘士(セイント)星矢Final Edition	0	standard	SHŌNEN CHAMPION COMICS EXTRA	秋田書店	2021-07-08	day	3	13	0.23	2	3-5	3.2	observed	6.5	4	2021	2024	1	3/3	44	0	0	12	0	26	3	0	3.24	0.6	1種/3件/散0ヶ月 (楽天も実質同日=一挙刊行の可能性)	1	0	0	1	3:2021年07月08日 4:2021年07月08日 5:2021年07月08日	ISBN連番(弱い証拠=採番ブロック予約でも連番になる) / 楽天も実質同日
LOW	SMALL_BATCH	hakatakko-junjou	博多っ子純情	3	shinsoban	西日本新聞社版(2005)	西日本新聞社	2005-04	month	3	6	0.5	1	1-3	3.2	observed	6.4	8	1977	1984	1	3/3	0	0	0	0	0	0	3	0			1種/3件/散0ヶ月 (楽天も実質同日=一挙刊行の可能性)	1	0	0	1	1:2005年04月 2:2005年04月 3:2005年04月	ISBN連番(弱い証拠=採番ブロック予約でも連番になる) / 再版種別 / 楽天も実質同日
LOW	SMALL_BATCH	star-no-jidai	スタアの時代	0	standard	KC	光文社	2016-05-18	day	3	7	0.43	1	1-3	3.2	observed	6.3	2	2016	2017	1	3/3	22	0	0	7	0	176	3	0	0.61	3.3	1種/3件/散0ヶ月 (楽天も実質同日=一挙刊行の可能性)	1	0	0	1	1:2016年05月18日頃 2:2016年05月18日頃 3:2016年05月18日頃	ISBN連番(弱い証拠=採番ブロック予約でも連番になる) / 楽天も実質同日
LOW	SMALL_BATCH	azamukare-seijo-to-shugoryuu-no-konyaku	欺かれ聖女と守護竜の婚約	0	standard	MGC	マッグガーデン	2024-08-09	day	3	5	0.6	3	3-5	3.0	observed	6.0	2	2023	2024	1	3/3	74	5	0	18	0	76	3	0	11.9	0.2		0	0	0	0		ISBN連番(弱い証拠=採番ブロック予約でも連番になる)
LOW	SMALL_BATCH	outsiders	Outsiders	0	standard	あすかコミックスDX	KADOKAWA	2022-08-24	day	3	5	0.6	3	1-3	3.0	observed	6.0	2	2022	2023	1	3/3	41	7	0	4	0	39	3	0	0.67	3.0	1種/3件/散0ヶ月 (楽天も実質同日=一挙刊行の可能性)	1	0	0	1	1:2022年08月24日 2:2022年08月24日 3:2022年08月24日	ISBN連番(弱い証拠=採番ブロック予約でも連番になる) / 楽天も実質同日
LOW	SMALL_BATCH	dochokkyuu-kareshi-x-kanojo	ド直球彼氏×彼女	0	standard	IDコミックス	秋田書店	2020-03	month	3	7	0.43	1	1-3	2.8	observed	5.7	2	2020	2021	1	3/3	69	3	0	18	1	141	3	0			1種/3件/散0ヶ月 (楽天も実質同日=一挙刊行の可能性)	1	0	-1	1	1:2020年02月20日 2:2020年02月20日 3:2020年02月20日	ISBN連番(弱い証拠=採番ブロック予約でも連番になる) / 楽天も実質同日
LOW	SMALL_BATCH	maicching-machiko-sensei	まいっちんぐマチコ先生	0	standard	少年チャレンジ・コミックス	学習研究社	1981-10	month	3	8	0.38	1	1-3	2.9	observed	5.7	3	1981	1983	1		0	0	0	0	0	0	0	0				0	0	0	0		
LOW	SMALL_BATCH	shin-hanamaru-den	新・花マル伝	0	standard	ヤングサンデーコミックス	小学館	2001-05-10	day	3	19	0.16	1	11-13	2.8	observed	5.7	6	1998	2003	1	3/3	77	4	0	10	0	59	3	0	2.44	0.8		0	0	0	0		ISBN連番(弱い証拠=採番ブロック予約でも連番になる)
LOW	SMALL_BATCH	shin-hanamaru-den	新・花マル伝	0	standard	ヤングサンデーコミックス	小学館	2002-05-10	day	3	19	0.16	1	15-17	2.8	observed	5.7	6	1998	2003	1	3/3	74	4	0	10	0	58	3	0	1.81	1.1	1種/1件/散0ヶ月 (楽天も実質同日=一挙刊行の可能性)	1	0	4	0	17:2002年09月	ISBN連番(弱い証拠=採番ブロック予約でも連番になる)
LOW	SMALL_BATCH	sumaho-o-otoshita-dake-nanoni	スマホを落としただけなのに	0	standard	このマンガがすごい!comics	LINE Digital Frontier	2020-01-15	day	3	7	0.43	1	1-3	2.8	observed	5.7	2	2020	2021	1	3/3	64	5	0	12	1	33	3	0	8.38	0.2	1種/3件/散0ヶ月 (楽天も実質同日=一挙刊行の可能性)	1	0	0	1	1:2020年01月15日頃 2:2020年01月15日頃 3:2020年01月15日頃	ISBN連番(弱い証拠=採番ブロック予約でも連番になる) / 楽天も実質同日
LOW	PUBLISHER_BATCH	daichouhen-doraemon	大長編ドラえもん	1	bunkobon	小学館コロコロ文庫	小学館	1995-03	month	3	17	0.18	3	1-3	2.8	observed	5.5	22	1983	2004	1	3/3	27	0	0	8	7	37	3	0	0.46	4.4	1種/3件/散0ヶ月 (楽天も実質同日=一挙刊行の可能性)	1	0	-1	1	1:1995年02月24日頃 2:1995年02月24日頃 3:1995年02月24日頃	ISBN連番(弱い証拠=採番ブロック予約でも連番になる) / 再版種別 / 楽天も実質同日 / 近傍の複数巻作品8件中7件が全巻同日=レーベル体質
LOW	PUBLISHER_BATCH	daichouhen-doraemon	大長編ドラえもん	1	bunkobon	小学館コロコロ文庫	小学館	1995-08	month	3	17	0.18	3	4-6	2.8	observed	5.5	22	1983	2004	1	3/3	29	3	0	8	6	37	3	0	0.46	4.4	1種/3件/散0ヶ月 (楽天も実質同日=一挙刊行の可能性)	1	0	-1	1	4:1995年07月21日頃 5:1995年07月21日頃 6:1995年07月21日頃	ISBN連番(弱い証拠=採番ブロック予約でも連番になる) / 再版種別 / 楽天も実質同日 / 近傍の複数巻作品8件中6件が全巻同日=レーベル体質
LOW	PUBLISHER_BATCH	daichouhen-doraemon	大長編ドラえもん	1	bunkobon	小学館コロコロ文庫	小学館	1996-03	month	3	17	0.18	3	7-9	2.8	observed	5.5	22	1983	2004	1	3/3	29	3	0	8	6	37	3	0	0.46	4.4	1種/3件/散0ヶ月 (楽天も実質同日=一挙刊行の可能性)	1	0	-1	1	7:1996年02月23日頃 8:1996年02月23日頃 9:1996年02月23日頃	ISBN連番(弱い証拠=採番ブロック予約でも連番になる) / 再版種別 / 楽天も実質同日 / 近傍の複数巻作品8件中6件が全巻同日=レーベル体質
LOW	PUBLISHER_BATCH	daichouhen-doraemon	大長編ドラえもん	1	bunkobon	小学館コロコロ文庫	小学館	1996-08	month	3	17	0.18	3	10-12	2.8	observed	5.5	22	1983	2004	2	3/63	51	3	29	13	8	140	63	1	2.49	24.9	1種/3件/散0ヶ月 (楽天も実質同日=一挙刊行の可能性)	1	0	-1	1	10:1996年07月19日頃 11:1996年07月19日頃 12:1996年07月19日頃	再版種別 / 楽天も実質同日 / 近傍の複数巻作品13件中8件が全巻同日=レーベル体質
LOW	PUBLISHER_BATCH	daichouhen-doraemon	大長編ドラえもん	1	bunkobon	小学館コロコロ文庫	小学館	1997-03	month	3	17	0.18	3	13-15	2.8	observed	5.5	22	1983	2004	1	3/3	49	0	0	12	7	140	3	0	2.18	0.9	1種/3件/散0ヶ月 (楽天も実質同日=一挙刊行の可能性)	1	0	-1	1	13:1997年02月21日頃 14:1997年02月21日頃 15:1997年02月21日頃	ISBN連番(弱い証拠=採番ブロック予約でも連番になる) / 再版種別 / 楽天も実質同日 / 近傍の複数巻作品12件中7件が全巻同日=レーベル体質
LOW	PUBLISHER_BATCH	sarutobi-etsu-chan	さるとびエッちゃん	2	bunkobon	双葉文庫名作シリーズ	双葉社	1999-05	month	3	4	0.75	3	1-3	2.7	observed	5.3	2	1971	1972	1	3/3	103	4	0	22	16	22	3	0	5.6	0.4	1種/3件/散0ヶ月 (楽天も実質同日=一挙刊行の可能性)	1	0	0	1	1:1999年05月 2:1999年05月 3:1999年05月	ISBN連番(弱い証拠=採番ブロック予約でも連番になる) / 再版種別 / 楽天も実質同日 / 近傍の複数巻作品22件中16件が全巻同日=レーベル体質
LOW	SMALL_BATCH	kyojin-no-hoshi	巨人の星	0	standard	講談社コミックス	講談社	1972-01-20	day	3	19	0.16	1	11-13	2.6	observed	5.1	4	1968	1971	1		0	0	0	0	0	0	0	0				0	0	0	0		
LOW	SMALL_BATCH	kyojin-no-hoshi	巨人の星	0	standard	講談社コミックス	講談社	1969-03-15	day	3	19	0.16	1	3-8(飛)	2.6	observed	5.1	4	1968	1971	1		0	0	0	0	0	0	0	0				0	0	0	0		
LOW	SMALL_BATCH	sahara	サハラ	0	standard	ビッグコミックス	小学館	1976	year	3	8	0.38	1	5-8(飛)	2.6	observed	5.1	3	1974	1976	1		0	0	0	0	0	0	0	0				0	0	0	0		
LOW	SMALL_BATCH	1-2-3-to-4-5-roku	1・2・3と4・5・ロク	0	standard	ホーム・コミックス	汐文社	1975-06	month	3	3	1.0	3	1-3		assumed	5.0	7	1969	1975	1		0	0	0	0	0	0	0	0				0	0	0	0		
LOW	SMALL_BATCH	1000-nen-joou	1000年女王	3	bunkobon	小学館文庫	小学館	1995-09	month	3	3	1.0	3	1-3		assumed	5.0	4	1980	1983	2	3/3	81	0	0	8	1	106	3	0	1.02	2.0	1種/3件/散0ヶ月 (楽天も実質同日=一挙刊行の可能性)	1	0	-1	1	1:1995年08月10日頃 2:1995年08月10日頃 3:1995年08月10日頃	ISBN連番(弱い証拠=採番ブロック予約でも連番になる) / 再版種別 / 楽天も実質同日
LOW	SMALL_BATCH	21-emon	21エモン	5	bunkobon	小学館コロコロ文庫	小学館	1997-05-20	day	3	3	1.0	3	1-3		assumed	5.0	2	1971	1972	1	3/3	43	0	0	8	2	134	3	0	0.9	2.2	1種/3件/散0ヶ月 (楽天も実質同日=一挙刊行の可能性)	1	0	-1	1	1:1997年04月25日頃 2:1997年04月25日頃 3:1997年04月25日頃	ISBN連番(弱い証拠=採番ブロック予約でも連番になる) / 再版種別 / 楽天も実質同日
LOW	SMALL_BATCH	ai-ga-isogashii	愛がいそがしい	1	bunkobon	双葉文庫名作シリーズ	双葉社	2007-02	month	3	3	1.0	3	1-3		assumed	5.0	2	1991	1992	1	3/3	106	1	0	20	9	37	3	0	3.32	0.6	1種/3件/散0ヶ月 (楽天も実質同日=一挙刊行の可能性)	1	0	0	1	1:2007年02月 2:2007年02月 3:2007年02月	ISBN連番(弱い証拠=採番ブロック予約でも連番になる) / 再版種別 / 楽天も実質同日
LOW	SMALL_BATCH	ai-hitotsu-akiko	愛ひとつ晶子	1	standard	講談社コミックスミー	講談社	1990-07-13	day	3	3	1.0	3	1-3		assumed	5.0	13	1978	1990	1	3/3	43	0	0	7	3	52	3	0	1.22	1.6	1種/3件/散0ヶ月 (楽天も実質同日=一挙刊行の可能性)	1	0	0	1	1:1990年07月13日頃 2:1990年07月13日頃 3:1990年07月13日頃	ISBN連番(弱い証拠=採番ブロック予約でも連番になる) / 楽天も実質同日
LOW	PUBLISHER_BATCH	aijin-mari	愛人「真理」	0	bunkobon	双葉文庫名作シリーズ	双葉社	1995-08-10	day	3	3	1.0	3	1-3		assumed	5.0	1	1995	1995	1	3/3	65	2	0	16	15	36	3	0	2.14	0.9	1種/3件/散0ヶ月 (楽天も実質同日=一挙刊行の可能性)	1	0	0	1	1:1995年08月10日頃 2:1995年08月10日頃 3:1995年08月10日頃	ISBN連番(弱い証拠=採番ブロック予約でも連番になる) / 再版種別 / 楽天も実質同日 / 近傍の複数巻作品16件中15件が全巻同日=レーベル体質
LOW	PUBLISHER_BATCH	aijintachi	愛人たち	1	bunkobon	双葉文庫名作シリーズ	双葉社	1996-09-25	day	3	3	1.0	3	1-3		assumed	5.0	2	1985	1986	1	3/3	92	0	0	21	19	45	3	0	2.39	0.8	1種/3件/散0ヶ月 (楽天も実質同日=一挙刊行の可能性)	1	0	0	1	1:1996年09月 2:1996年09月 3:1996年09月	ISBN連番(弱い証拠=採番ブロック予約でも連番になる) / 再版種別 / 楽天も実質同日 / 近傍の複数巻作品21件中19件が全巻同日=レーベル体質
LOW	SMALL_BATCH	aishiteru-morita-1997	愛してる	1	bunkobon	講談社漫画文庫	講談社	2000-12-26	day	3	3	1.0	3	1-3		assumed	5.0	3	1997	1999	1	3/3	120	20	0	20	7	11	3	0	13.62	0.1	1種/3件/散0ヶ月 (楽天も実質同日=一挙刊行の可能性)	1	0	0	1	1:2000年12月26日頃 2:2000年12月26日頃 3:2000年12月26日頃	ISBN連番(弱い証拠=採番ブロック予約でも連番になる) / 再版種別 / 楽天も実質同日
LOW	SMALL_BATCH	aishiteruze-baby	愛してるぜベイベ★★	2	aizoban	愛蔵版コミックス	集英社	2020-04-24	day	3	3	1.0	3	1-3		assumed	5.0	4	2002	2005	1	3/3	79	0	0	15	3	141	3	0	0.76	2.6	1種/3件/散0ヶ月 (楽天も実質同日=一挙刊行の可能性)	1	0	0	1	1:2020年04月24日頃 2:2020年04月24日頃 3:2020年04月24日頃	ISBN連番(弱い証拠=採番ブロック予約でも連番になる) / 再版種別 / 楽天も実質同日
LOW	SMALL_BATCH	akuma-datta-kimitachi-e	悪魔だった君たちへ	0	standard	Mosh!	高陵社書店	2022-01-15	day	3	3	1.0	3	1-3		assumed	5.0	1	2022	2022	1	3/3	8	0	0	3	2	5	3	0	3.0	0.7	1種/3件/散0ヶ月 (楽天も実質同日=一挙刊行の可能性)	1	0	0	1	1:2022年01月15日 2:2022年01月15日 3:2022年01月15日	ISBN連番(弱い証拠=採番ブロック予約でも連番になる) / 楽天も実質同日
LOW	SMALL_BATCH	akuyaku-reijou-ni-tensei-shitakedo-hakyoku-shita-hazu-no-katabutsu-outaishi-ni-dekiai	悪役令嬢に転生したけど、破局したはずのカタブツ王太子に溺愛されてます!?	0	standard	華猫	竹書房	2023-08-21	day	3	3	1.0	3	1-3		assumed	5.0	1	2023	2023	1	3/3	13	4	0	1	1	3	3	0	29.0	0.1	1種/3件/散0ヶ月 (楽天も実質同日=一挙刊行の可能性)	1	0	0	1	1:2023年08月21日 2:2023年08月21日 3:2023年08月21日	ISBN連番(弱い証拠=採番ブロック予約でも連番になる) / 楽天も実質同日
LOW	SMALL_BATCH	anata-ni-aete-yokatta	あなたに、逢えてよかった!!	0	standard		小池書院	1998-09	month	3	3	1.0	3	1-3		assumed	5.0	1	1998	1998	1	3/13	14	0	0	5	0	51	13	0	2.22	5.4		0	0	0	0		
LOW	SMALL_BATCH	andromeda-stories	アンドロメダ・ストーリーズ	0	standard	通常版	講談社	1999-12-09	day	3	3	1.0	3	1-3		assumed	5.0	12	1988	1999	1	3/3	14	0	0	1	1	14	3	0	2.36	0.8	1種/3件/散0ヶ月 (楽天も実質同日=一挙刊行の可能性)	1	0	0	1	1:1999年12月09日頃 2:1999年12月09日頃 3:1999年12月09日頃	ISBN連番(弱い証拠=採番ブロック予約でも連番になる) / 楽天も実質同日
LOW	PUBLISHER_BATCH	angelique-kihara-1978	アンジェリク	3	bunkobon	秋田文庫	秋田書店	1995-06-10	day	3	3	1.0	3	1-3		assumed	5.0	2	1978	1979	2	3/3	91	4	0	20	13	203	3	0	0.06	36.4	1種/3件/散0ヶ月 (楽天も実質同日=一挙刊行の可能性)	1	0	0	1	1:1995年06月10日頃 2:1995年06月10日頃 3:1995年06月10日頃	ISBN連番(弱い証拠=採番ブロック予約でも連番になる) / 再版種別 / 楽天も実質同日 / 近傍の複数巻作品20件中13件が全巻同日=レーベル体質
LOW	SMALL_BATCH	aogeba-toutoshi	仰げば尊し!	1	bunkobon	講談社漫画文庫	講談社	2002-01	month	3	3	1.0	3	1-3		assumed	5.0	1	1987	1987	1	3/3	113	11	0	23	10	9	3	0	16.71	0.1	1種/3件/散0ヶ月 (楽天も実質同日=一挙刊行の可能性)	1	0	0	1	1:2002年01月 2:2002年01月 3:2002年01月	ISBN連番(弱い証拠=採番ブロック予約でも連番になる) / 再版種別 / 楽天も実質同日
LOW	SMALL_BATCH	arinko-no-uta	アリンコの歌	1	shinsoban	サンコミックス	朝日ソノラマ	1974-06-10	day	3	3	1.0	3	0-3(飛)		assumed	5.0	1	1967	1967	1		0	0	0	0	0	0	0	0				0	0	0	0		再版種別
LOW	PUBLISHER_BATCH	asari-chan	あさりちゃん	1	bunkobon	小学館コロコロ文庫	小学館	1996-08	month	3	3	1.0	3	1-3		assumed	5.0	35	1980	2014	2	3/3	52	2	0	12	6	137	3	0	1.07	1.9	1種/3件/散0ヶ月 (楽天も実質同日=一挙刊行の可能性)	1	0	-1	1	1:1996年07月19日頃 2:1996年07月19日頃 3:1996年07月19日頃	ISBN連番(弱い証拠=採番ブロック予約でも連番になる) / 再版種別 / 楽天も実質同日 / 近傍の複数巻作品12件中6件が全巻同日=レーベル体質
LOW	SMALL_BATCH	asunaro-hakusho-2002-2	あすなろ白書 社会人編	0	standard	My first casual	小学館	2002-11	month	3	3	1.0	3	1-3		assumed	5.0	1	2002	2002	1	3/3	5	1	0	1	0	13	3	0	4.31	0.5	2種/3件/散0ヶ月 (楽天も実質同日=一挙刊行の可能性)	2	0	-1	1	1:2002年10月02日頃 2:2002年10月16日頃 3:2002年10月16日頃	ISBN連番(弱い証拠=採番ブロック予約でも連番になる) / 楽天も実質同日
LOW	PUBLISHER_BATCH	baby-tech	ベビーテック	0	standard	MANGA Shop Series	パンローリング	2009-01-15	day	3	3	1.0	3	1-3		assumed	5.0	1	2009	2009	1	3/3	85	1	0	21	16	199	3	0	6.61	0.3		0	0	0	0		ISBN連番(弱い証拠=採番ブロック予約でも連番になる) / 近傍の複数巻作品21件中16件が全巻同日=レーベル体質
LOW	SMALL_BATCH	baierun-no-tenshi	バイエルンの天使	1	bunkobon	講談社漫画文庫	講談社	2003-01	month	3	3	1.0	3	1-3		assumed	5.0	4	1983	1986	1	3/3	116	21	0	26	9	14	3	0	16.0	0.1	1種/3件/散0ヶ月 (楽天も実質同日=一挙刊行の可能性)	1	0	0	1	1:2003年01月 2:2003年01月 3:2003年01月	ISBN連番(弱い証拠=採番ブロック予約でも連番になる) / 再版種別 / 楽天も実質同日
LOW	PUBLISHER_BATCH	bara-no-ki-ni-bara-no-hana-saku	薔薇の木に薔薇の花咲く	1	bunkobon	扶桑社文庫	扶桑社	2000-04	month	3	3	1.0	3	1-3		assumed	5.0	1	1991	1991	1	3/3	7	6	0	1	1	3	3	0	15.67	0.1	1種/3件/散0ヶ月 (楽天も実質同日=一挙刊行の可能性)	1	0	0	1	1:2000年04月 2:2000年04月 3:2000年04月	ISBN連番(弱い証拠=採番ブロック予約でも連番になる) / 再版種別 / 楽天も実質同日 / 近傍7件中6件が同日=レーベル一斉出荷
LOW	SMALL_BATCH	battle-thunder	バトルサンダー	0	standard	講談社コミックスボンボン	講談社	1991-07-06	day	3	3	1.0	3	1-3		assumed	5.0	1	1991	1991	1	3/3	55	3	0	9	0	38	3	0	2.24	0.9	1種/3件/散0ヶ月 (楽天も実質同日=一挙刊行の可能性)	1	0	0	1	1:1991年07月06日頃 2:1991年07月06日頃 3:1991年07月06日頃	ISBN連番(弱い証拠=採番ブロック予約でも連番になる) / 楽天も実質同日
LOW	SMALL_BATCH	blondie	Blondie	0	standard		マガジンハウス	1989-11	month	3	3	1.0	3	1-3		assumed	5.0	1	1989	1989	2	3/18	8	2	1	0	0	15	18	0	6.47	2.6	1種/3件/散0ヶ月 (楽天も実質同日=一挙刊行の可能性)	1	0	0	1	1:1989年11月 2:1989年11月 3:1989年11月	楽天も実質同日
LOW	SMALL_BATCH	bokunchi	ぼくんち	1	bunkobon	角川文庫	角川書店	2009-04-25	day	3	3	1.0	3	1-3		assumed	5.0	3	1996	1998	1	3/3	5	0	0	1	1	19	3	0	0.21	9.5		0	0	0	0		ISBN連番(弱い証拠=採番ブロック予約でも連番になる) / 再版種別
LOW	SMALL_BATCH	champagne-shower	シャンペン・シャワー	1	bunkobon	白泉社文庫	白泉社	2002-03	month	3	3	1.0	3	1-3		assumed	5.0	3	1984	1986	1	3/3	120	0	0	25	8	125	3	0			1種/3件/散0ヶ月 (楽天も実質同日=一挙刊行の可能性)	1	0	0	1	1:2002年03月 2:2002年03月 3:2002年03月	ISBN連番(弱い証拠=採番ブロック予約でも連番になる) / 再版種別 / 楽天も実質同日
LOW	PUBLISHER_BATCH	chibita	チビ太	0	standard	パファコミックス	小学館	2005-09	month	3	3	1.0	3	1-3		assumed	5.0	1	2005	2005	1	3/3	64	64	0	7	7	0	3	0				0	0	0	0		ISBN連番(弱い証拠=採番ブロック予約でも連番になる) / 近傍64件中64件が同日=レーベル一斉出荷 / 近傍の複数巻作品7件中7件が全巻同日=レーベル体質
LOW	PUBLISHER_BATCH	chousen-shikaku	挑戦資格	0	standard		パンローリング	2005-05-04	day	3	3	1.0	3	1-3		assumed	5.0	1	2005	2005	1	3/3	89	2	0	23	17	22	3	0	4.58	0.4	1種/3件/散0ヶ月 (楽天も実質同日=一挙刊行の可能性)	1	0	0	1	1:2005年05月04日頃 2:2005年05月04日頃 3:2005年05月04日頃	ISBN連番(弱い証拠=採番ブロック予約でも連番になる) / 楽天も実質同日 / 近傍の複数巻作品23件中17件が全巻同日=レーベル体質
LOW	SMALL_BATCH	dabide-no-hoshi	堕靡泥の星	2	aizoban		アスペクト	1998-06	month	3	3	1.0	3	1-3		assumed	5.0	6	1971	1976	2	3/3	16	2	0	1	0	63	3	0	1.41	1.4		0	0	0	0		ISBN連番(弱い証拠=採番ブロック予約でも連番になる) / 再版種別
LOW	PUBLISHER_BATCH	daibaka-tantei-hakuchi-kogorou	大バカ探偵はくち小五郎	0	standard	赤塚不二夫漫画大全集	小学館	2005-09	month	3	3	1.0	3	1-3		assumed	5.0	1	2005	2005	4	3/3	41	41	0	8	8	0	3	0				0	0	0	0		ISBN連番(弱い証拠=採番ブロック予約でも連番になる) / 学習/全集/BOX語 / 近傍41件中41件が同日=レーベル一斉出荷 / 近傍の複数巻作品8件中8件が全巻同日=レーベル体質
LOW	SMALL_BATCH	daiyashoujo	ダイヤ少女	0	standard	SAKURA COMICS	三学出版	1982-11-06	day	3	3	1.0	3	1-3		assumed	5.0	1	1982	1982	1	3/3	9	0	0	3	3	5	3	0	1.6	1.2		0	0	0	0		ISBN連番(弱い証拠=採番ブロック予約でも連番になる)
LOW	PUBLISHER_BATCH	dakitsubusu-made-yamenee-zo	抱きつぶすまでやめねぇぞ	0	standard	ラブパルフェコミックス	オーバーラップ	2022-07-15	day	3	3	1.0	3	1-3		assumed	5.0	1	2022	2022	1	3/3	52	10	0	4	2	5	3	0	23.2	0.1	1種/3件/散0ヶ月 (楽天も実質同日=一挙刊行の可能性)	1	0	0	1	1:2022年07月15日 2:2022年07月15日 3:2022年07月15日	ISBN連番(弱い証拠=採番ブロック予約でも連番になる) / 楽天も実質同日 / 近傍の複数巻作品4件中2件が全巻同日=レーベル体質
LOW	SMALL_BATCH	dekiai-hanayome	溺愛花嫁	0	standard	華猫	竹書房	2024-02-22	day	3	3	1.0	3	1-3		assumed	5.0	1	2024	2024	1	3/3	6	0	0	0	0	2	3	0			1種/3件/散0ヶ月 (楽天も実質同日=一挙刊行の可能性)	1	0	0	1	1:2024年02月22日頃 2:2024年02月22日頃 3:2024年02月22日頃	ISBN連番(弱い証拠=採番ブロック予約でも連番になる) / 楽天も実質同日
LOW	SMALL_BATCH	dokonjougaeru	ど根性ガエル	2	shinsoban	青林堂B.O.D.シリーズ	不明	2002-11-21	day	3	3	1.0	3	25-27		assumed	5.0	6	1971	1976	1		0	0	0	0	0	0	0	0				0	0	0	0		再版種別
LOW	PUBLISHER_BATCH	dororo	どろろ	3	bunkobon	秋田文庫	秋田書店	1994-04	month	3	3	1.0	3	1-3		assumed	5.0	2	1971	1972	1	3/3	74	8	0	8	5	177	3	0	0.12	16.0	1種/3件/散0ヶ月 (楽天も実質同日=一挙刊行の可能性)	1	0	-1	1	1:1994年03月 2:1994年03月 3:1994年03月	ISBN連番(弱い証拠=採番ブロック予約でも連番になる) / 再版種別 / 楽天も実質同日 / 近傍の複数巻作品8件中5件が全巻同日=レーベル体質
LOW	SMALL_BATCH	dragon-ball-saiyajin-hen	ドラゴンボール サイヤ人編	0	standard	ジャンプ・コミックス	集英社	2013-02-09	day	3	3	1.0	3	1-3		assumed	5.0	1	2013	2013	1	3/3	77	0	0	15	1	410	3	0			2種/3件/散0ヶ月 (楽天も実質同日=一挙刊行の可能性)	2	0	0	1	1:2013年02月04日 2:2013年02月04日 3:2013年02月04日頃	ISBN連番(弱い証拠=採番ブロック予約でも連番になる) / 楽天も実質同日
LOW	SMALL_BATCH	fostine	フォスティーヌ	1	deluxe	KCデラックス	講談社	1997-10-23	day	3	3	1.0	3	1-3		assumed	5.0	2	1978	1979	1	3/3	81	8	0	18	7	11	3	0	11.2	0.2	1種/3件/散0ヶ月 (楽天も実質同日=一挙刊行の可能性)	1	0	0	1	1:1997年10月23日頃 2:1997年10月23日頃 3:1997年10月23日頃	ISBN連番(弱い証拠=採番ブロック予約でも連番になる) / 再版種別 / 楽天も実質同日
LOW	PUBLISHER_BATCH	fostine	フォスティーヌ	2	bunkobon	講談社漫画文庫	講談社	2001-04	month	3	3	1.0	3	1-3		assumed	5.0	2	1978	1979	1	3/3	96	17	0	21	11	8	3	0	9.8	0.2	1種/3件/散0ヶ月 (楽天も実質同日=一挙刊行の可能性)	1	0	0	1	1:2001年04月 2:2001年04月 3:2001年04月	ISBN連番(弱い証拠=採番ブロック予約でも連番になる) / 再版種別 / 楽天も実質同日 / 近傍の複数巻作品21件中11件が全巻同日=レーベル体質
LOW	SMALL_BATCH	fuichin-san	フイチンさん	3	shinsoban	COMIC・On・DEMANDS	不明	2009-04	month	3	3	1.0	3	1-3		assumed	5.0	38	1958	1995	1	3/3	0	0	0	0	0	0	3	0				0	0	0	0		ISBN連番(弱い証拠=採番ブロック予約でも連番になる) / 再版種別
LOW	SMALL_BATCH	futtemo-haretemo	降っても晴れても	1	bunkobon	集英社文庫	集英社	2003-02-23	day	3	3	1.0	3	1-3		assumed	5.0	3	1993	1995	1	3/3	74	4	0	11	1	14	3	0	5.54	0.4	1種/3件/散0ヶ月 (楽天も実質同日=一挙刊行の可能性)	1	0	0	1	1:2003年02月 2:2003年02月 3:2003年02月	ISBN連番(弱い証拠=採番ブロック予約でも連番になる) / 再版種別 / 楽天も実質同日
LOW	PUBLISHER_BATCH	game-center-arashi	ゲームセンターあらし	2	bunkobon	小学館コロコロ文庫	小学館	1995-12-20	day	3	3	1.0	3	1-3		assumed	5.0	4	1980	1983	2	3/3	63	3	0	13	7	45	3	0	2.44	0.8	1種/3件/散0ヶ月 (楽天も実質同日=一挙刊行の可能性)	1	0	0	1	1:1995年12月20日頃 2:1995年12月20日頃 3:1995年12月20日頃	ISBN連番(弱い証拠=採番ブロック予約でも連番になる) / 再版種別 / 楽天も実質同日 / 近傍の複数巻作品13件中7件が全巻同日=レーベル体質
LOW	PUBLISHER_BATCH	garoro-q	ガロロQ	0	standard	MANGA Shop Series	パンローリング	2008-06-02	day	3	3	1.0	3	1-3		assumed	5.0	1	2008	2008	1	3/3	97	3	0	23	20	191	3	0	6.26	0.3		0	0	0	0		ISBN連番(弱い証拠=採番ブロック予約でも連番になる) / 近傍の複数巻作品23件中20件が全巻同日=レーベル体質
LOW	PUBLISHER_BATCH	genma-taisen	幻魔大戦	3	shinsoban	Shotaro world	メディアファクトリー	1999-05-01	day	3	3	1.0	3	1-3		assumed	5.0	1	1968	1968	1	3/3	30	2	0	8	6	32	3	0			1種/3件/散0ヶ月 (楽天も実質同日=一挙刊行の可能性)	1	0	0	1	1:1999年05月 2:1999年05月 3:1999年05月	ISBN連番(弱い証拠=採番ブロック予約でも連番になる) / 再版種別 / 楽天も実質同日 / 近傍の複数巻作品8件中6件が全巻同日=レーベル体質
LOW	PUBLISHER_BATCH	genroku-otatami-bugyou-no-nikki	元禄御畳奉行の日記	1	bunkobon	中公文庫コミック版	中央公論社	1996-04-18	day	3	3	1.0	3	1-3		assumed	5.0	1	1986	1986	1	3/3	28	3	0	9	5	5	3	0	21.6	0.1	1種/3件/散0ヶ月 (楽天も実質同日=一挙刊行の可能性)	1	0	0	1	1:1996年04月18日頃 2:1996年04月18日頃 3:1996年04月18日頃	ISBN連番(弱い証拠=採番ブロック予約でも連番になる) / 再版種別 / 楽天も実質同日 / 近傍の複数巻作品9件中5件が全巻同日=レーベル体質
LOW	SMALL_BATCH	georgie	ジョージィ!	1	bunkobon	中公文庫コミック版	中央公論社	1996-01-18	day	3	3	1.0	3	1-3		assumed	5.0	2	1983	1984	1	3/3	30	4	0	7	2	4	3	0	24.0	0.1	1種/3件/散0ヶ月 (楽天も実質同日=一挙刊行の可能性)	1	0	0	1	1:1996年01月18日頃 2:1996年01月18日頃 3:1996年01月18日頃	ISBN連番(弱い証拠=採番ブロック予約でも連番になる) / 再版種別 / 楽天も実質同日
LOW	PUBLISHER_BATCH	giatrus	ギャートルズ	1	bunkobon	ペップコミック文庫	中央公論社	1995-03-18	day	3	3	1.0	3	1-3		assumed	5.0	1	1988	1988	1	3/3	33	5	0	7	5	4	3	0	25.25	0.1	1種/3件/散0ヶ月 (楽天も実質同日=一挙刊行の可能性)	1	0	0	1	1:1995年03月18日頃 2:1995年03月18日頃 3:1995年03月18日頃	ISBN連番(弱い証拠=採番ブロック予約でも連番になる) / 再版種別 / 楽天も実質同日 / 近傍の複数巻作品7件中5件が全巻同日=レーベル体質
LOW	SMALL_BATCH	gin-no-hanabira	銀の花びら	2	bunkobon	講談社漫画文庫	講談社	2002-06	month	3	3	1.0	3	1-3		assumed	5.0	1	1969	1969	3	3/3	112	22	0	25	12	14	3	0	22.6	0.1	1種/3件/散0ヶ月 (楽天も実質同日=一挙刊行の可能性)	1	0	0	1	1:2002年06月 2:2002年06月 3:2002年06月	ISBN連番(弱い証拠=採番ブロック予約でも連番になる) / 再版種別 / 楽天も実質同日
LOW	SMALL_BATCH	ginyoubi-no-otogibanashi	銀曜日のおとぎばなし	1	bunkobon	集英社文庫コミック版	集英社	1999-04-21	day	3	3	1.0	3	1-3		assumed	5.0	3	1983	1985	1	3/3	112	2	0	14	4	86	3	0			1種/3件/散0ヶ月 (楽天も実質同日=一挙刊行の可能性)	1	0	0	1	1:1999年04月 2:1999年04月 3:1999年04月	ISBN連番(弱い証拠=採番ブロック予約でも連番になる) / 再版種別 / 楽天も実質同日
LOW	SMALL_BATCH	go-go-bakusou-highschool	GO!GO!爆走ハイスクール	1	deluxe	KCデラックス	講談社	1996-09-20	day	3	3	1.0	3	1-3		assumed	5.0	2	1988	1989	1	3/6	86	3	3	15	0	16	6	0	7.93	0.6	1種/3件/散0ヶ月 (楽天も実質同日=一挙刊行の可能性)	1	0	0	1	1:1996年09月20日頃 2:1996年09月20日頃 3:1996年09月20日頃	再版種別 / 楽天も実質同日
LOW	PUBLISHER_BATCH	god-arm	ゴッド・アーム	1	shinsoban	MANGA Shop Series	マンガショップ	2004-11-05	day	3	3	1.0	3	1-3		assumed	5.0	1	1979	1979	1	3/3	60	1	0	15	11	16	3	0	4.77	0.4	1種/3件/散0ヶ月 (楽天も実質同日=一挙刊行の可能性)	1	0	0	1	1:2004年11月05日頃 2:2004年11月05日頃 3:2004年11月05日頃	ISBN連番(弱い証拠=採番ブロック予約でも連番になる) / 再版種別 / 楽天も実質同日 / 近傍の複数巻作品15件中11件が全巻同日=レーベル体質
LOW	SMALL_BATCH	goetsu-moyu	呉越燃ゆ	1	standard	コミック人物中国史	文藝春秋	1990-07-01	day	3	3	1.0	3	1-3		assumed	5.0	2	1989	1990	1		0	0	0	0	0	0	0	0			1種/1件/散0ヶ月 (楽天も実質同日=一挙刊行の可能性)	1	0	0	0	1:1990年07月	
LOW	SMALL_BATCH	gokujou-drops	極上ドロップス	0	standard	IDコミックス	一迅社	2015-09	month	3	3	1.0	3	1-3		assumed	5.0	7	2009	2015	1	3/3	20	0	0	4	0	14	3	0	8.07	0.2	1種/3件/散0ヶ月 (楽天も実質同日=一挙刊行の可能性)	1	0	-1	1	1:2015年08月18日頃 2:2015年08月18日頃 3:2015年08月18日頃	ISBN連番(弱い証拠=採番ブロック予約でも連番になる) / 楽天も実質同日
LOW	SMALL_BATCH	gunryuuden	群竜伝	1	deluxe	KCデラックス	講談社	1998-01-23	day	3	3	1.0	3	1-3		assumed	5.0	1	1973	1973	1	3/3	80	2	0	17	7	10	3	0	9.9	0.2	1種/3件/散0ヶ月 (楽天も実質同日=一挙刊行の可能性)	1	0	0	1	1:1998年01月23日頃 2:1998年01月23日頃 3:1998年01月23日頃	ISBN連番(弱い証拠=採番ブロック予約でも連番になる) / 再版種別 / 楽天も実質同日
LOW	SMALL_BATCH	guzuroku-koushinkyoku	グズ六行進曲	0	standard	中沢啓治平和マンガシリーズ	汐文社	1987-03	month	3	3	1.0	3	1-3		assumed	5.0	1	1987	1987	1	3/3	10	1	0	3	2	67	3	0	0.24	8.4	1種/3件/散0ヶ月 (楽天も実質同日=一挙刊行の可能性)	1	0	0	1	1:1987年03月 2:1987年03月 3:1987年03月	ISBN連番(弱い証拠=採番ブロック予約でも連番になる) / 楽天も実質同日
LOW	SMALL_BATCH	haisouki	敗走記	0	standard	ほるぷ平和漫画シリーズ		1983-10	month	3	3	1.0	3	1-3		assumed	5.0	1	1983	1983	1		0	0	0	0	0	0	0	0				0	0	0	0		
LOW	PUBLISHER_BATCH	hammer-kit	ハンマーキット	0	standard	堀江卓名作選	パンローリング	2010-08-01	day	3	3	1.0	3	1-3		assumed	5.0	1	2010	2010	1	3/3	82	3	0	26	25	34	3	0	3.79	0.5	1種/3件/散0ヶ月 (楽天も実質同日=一挙刊行の可能性)	1	0	0	1	1:2010年08月 2:2010年08月 3:2010年08月	ISBN連番(弱い証拠=採番ブロック予約でも連番になる) / 楽天も実質同日 / 近傍の複数巻作品26件中25件が全巻同日=レーベル体質
LOW	PUBLISHER_BATCH	harisu-mudan	ハリス無段	0	standard	MANGA Shop Series	パンローリング	2006-01-03	day	3	3	1.0	3	1-3		assumed	5.0	1	2006	2006	1	3/3	112	6	0	24	18	24	3	0	4.71	0.4	2種/3件/散0ヶ月 (楽天も実質同日=一挙刊行の可能性)	2	0	0	1	1:2006年01月03日頃 2:2006年01月 3:2006年01月	ISBN連番(弱い証拠=採番ブロック予約でも連番になる) / 楽天も実質同日 / 近傍の複数巻作品24件中18件が全巻同日=レーベル体質
LOW	SMALL_BATCH	hayawakari-comic-sangokushi	早わかりコミック三國志	0	bunkobon	知的生きかた文庫	三笠書房	2000-03	month	3	3	1.0	3	1-3		assumed	5.0	1	2000	2000	1	3/3	0	0	0	0	0	0	3	0			1種/3件/散0ヶ月 (楽天も実質同日=一挙刊行の可能性)	1	0	0	1	1:2000年03月 2:2000年03月 3:2000年03月	ISBN連番(弱い証拠=採番ブロック予約でも連番になる) / 再版種別 / 楽天も実質同日
LOW	PUBLISHER_BATCH	heigenji-sabu	平原児サブ	0	standard	マンガショップシリーズ	パンローリング	2010-07-01	day	3	3	1.0	3	1-3		assumed	5.0	1	2010	2010	1	3/3	82	1	0	25	23	31	3	0	4.0	0.5	1種/3件/散0ヶ月 (楽天も実質同日=一挙刊行の可能性)	1	0	0	1	1:2010年07月 2:2010年07月 3:2010年07月	ISBN連番(弱い証拠=採番ブロック予約でも連番になる) / 楽天も実質同日 / 近傍の複数巻作品25件中23件が全巻同日=レーベル体質
LOW	SMALL_BATCH	hidokei-hanadokei	日時計花時計	0	standard	SJコミックス	主婦と生活社	1987-06	month	3	3	1.0	3	1-3		assumed	5.0	1	1987	1987	1	3/3	28	3	0	5	0	28	3	0	2.57	0.8	1種/1件/散0ヶ月 (楽天も実質同日=一挙刊行の可能性)	1	0	0	0	2:1987年06月	ISBN連番(弱い証拠=採番ブロック予約でも連番になる)
LOW	SMALL_BATCH	high-heel-cop	ハイヒールCOP	1	bunkobon	講談社漫画文庫	講談社	1998-07	month	3	3	1.0	3	1-3		assumed	5.0	4	1990	1993	1	3/3	114	9	0	23	11	29	3	0	8.25	0.2	1種/3件/散0ヶ月 (楽天も実質同日=一挙刊行の可能性)	1	0	0	1	1:1998年07月 2:1998年07月 3:1998年07月	ISBN連番(弱い証拠=採番ブロック予約でも連番になる) / 再版種別 / 楽天も実質同日
LOW	SMALL_BATCH	hikaru-kaze	光る風	0	standard	サン・コミックス	朝日ソノラマ	1975-11	month	3	3	1.0	3	1-3		assumed	5.0	4	1972	1975	1	3/3	9	0	0	0	0	66	3	0	1.17	1.7		0	0	0	0		ISBN連番(弱い証拠=採番ブロック予約でも連番になる)
LOW	SMALL_BATCH	himemama	ヒメママ	1	bunkobon	マガジンハウス文庫	マガジンハウス	2014-09-11	day	3	3	1.0	3	1-3		assumed	5.0	3	2007	2009	1	3/3	15	0	0	1	0	189	3	0	0.38	5.3	1種/3件/散0ヶ月 (楽天も実質同日=一挙刊行の可能性)	1	0	0	1	1:2014年09月11日頃 2:2014年09月11日頃 3:2014年09月11日頃	ISBN連番(弱い証拠=採番ブロック予約でも連番になる) / 再版種別 / 楽天も実質同日
LOW	SMALL_BATCH	hit-and-run	ヒット・エンド・ラン	1	shinsoban	KCDX	講談社	2000-07-21	day	3	3	1.0	3	1-3		assumed	5.0	3	1979	1981	1	3/3	71	6	0	17	2	14	3	0	9.08	0.2	1種/3件/散0ヶ月 (楽天も実質同日=一挙刊行の可能性)	1	0	0	1	1:2000年07月21日頃 2:2000年07月21日頃 3:2000年07月21日頃	ISBN連番(弱い証拠=採番ブロック予約でも連番になる) / 再版種別 / 楽天も実質同日
LOW	SMALL_BATCH	houfuku-kei	報復刑	0	standard	BCペーパーバックコレクション	小学館	2023-01	month	3	3	1.0	3	1-3		assumed	5.0	4	2023		1	3/3	76	16	0	6	2	7	3	0	21.4	0.1	1種/3件/散0ヶ月 (楽天も実質同日=一挙刊行の可能性)	1	0	-1	1	1:2022年12月28日 2:2022年12月28日 3:2022年12月28日	ISBN連番(弱い証拠=採番ブロック予約でも連番になる) / 楽天も実質同日
LOW	SMALL_BATCH	i-boy	アイ・boy	1	bunkobon	講談社漫画文庫	講談社	2000-05	month	3	3	1.0	3	1-3		assumed	5.0	2	1989	1990	2	3/3	115	12	0	21	7	10	3	0	14.86	0.1	1種/3件/散0ヶ月 (楽天も実質同日=一挙刊行の可能性)	1	0	0	1	1:2000年05月 2:2000年05月 3:2000年05月	ISBN連番(弱い証拠=採番ブロック予約でも連番になる) / 再版種別 / 楽天も実質同日
LOW	SMALL_BATCH	i-sengokushi	異戦国志	0	standard	歴史群像コミックス	ゴマブックス	2019-02	month	3	3	1.0	3	1-3		assumed	5.0	1	2019	2019	1	3/3	30	4	0	8	2	7	3	0	10.71	0.2		0	0	0	0		ISBN連番(弱い証拠=採番ブロック予約でも連番になる)
LOW	SMALL_BATCH	ijiwaru-osananajimi-to-toroama-fuufu-seikatsu	いじわる幼馴染ととろあま夫婦生活	0	standard	Bunkasha comics. S*girl selection	ぶんか社	2025-03-24	day	3	3	1.0	3	1-3		assumed	5.0	1	2025	2025	1	3/3	24	3	0	1	1	6	3	0	10.17	0.2		0	0	0	0		ISBN連番(弱い証拠=採番ブロック予約でも連番になる)
LOW	SMALL_BATCH	itsuka-hikari-no-furu-asa-ni	いつか光の降る朝に…	0	standard	Darlin' collection	祥伝社	2005-12	month	3	3	1.0	3	1-3		assumed	5.0	1	2005	2005	1	3/3	26	0	0	3	0	33	3	0	1.55	1.3		0	0	0	0		ISBN連番(弱い証拠=採番ブロック予約でも連番になる)
LOW	PUBLISHER_BATCH	itsumo-pocket-ni-chopin	いつもポケットにショパン	2	bunkobon	集英社文庫 コミック版	集英社	1995-09-19	day	3	3	1.0	3	1-3		assumed	5.0	1	1981	1981	1	3/3	116	0	0	20	13	52	3	0	0.49	4.1	1種/3件/散0ヶ月 (楽天も実質同日=一挙刊行の可能性)	1	0	0	1	1:1995年09月14日頃 2:1995年09月14日頃 3:1995年09月14日頃	ISBN連番(弱い証拠=採番ブロック予約でも連番になる) / 再版種別 / 楽天も実質同日 / 近傍の複数巻作品20件中13件が全巻同日=レーベル体質
LOW	SMALL_BATCH	iwanami-bunko-1927-1996-kaisetsu-soumokuroku	岩波文庫1927-1996解説総目録	0	bunkobon	岩波文庫	岩波書店	1997-02	month	3	3	1.0	3	1-3		assumed	5.0	1	1997	1997	1	3/3	0	0	0	0	0	0	3	0				0	0	0	0		ISBN連番(弱い証拠=採番ブロック予約でも連番になる) / 再版種別
LOW	SMALL_BATCH	jikan-o-tomete-matteite	時間をとめて待っていて	1	bunkobon	白泉社文庫	白泉社	1997-09	month	3	3	1.0	3	1-3		assumed	5.0	3	1986	1988	1	3/3	120	0	0	24	8	123	3	0	0.57	3.5	1種/3件/散0ヶ月 (楽天も実質同日=一挙刊行の可能性)	1	0	0	1	1:1997年09月 2:1997年09月 3:1997年09月	ISBN連番(弱い証拠=採番ブロック予約でも連番になる) / 再版種別 / 楽天も実質同日
LOW	SMALL_BATCH	joou-no-trunk	女王のトランク	0	standard	バーズコミックス	幻冬舎	2022-10-24	day	3	3	1.0	3	1-3		assumed	5.0	1	2022	2022	1	3/3	49	6	0	6	0	8	3	0	16.86	0.1	1種/3件/散0ヶ月 (楽天も実質同日=一挙刊行の可能性)	1	0	0	1	1:2022年10月24日 2:2022年10月24日 3:2022年10月24日	ISBN連番(弱い証拠=採番ブロック予約でも連番になる) / 楽天も実質同日
LOW	SMALL_BATCH	jotei-katharina	女帝エカテリーナ	2	shinsoban	KCDX	講談社	2014-11	month	3	4	0.75	3	1-4(飛)		assumed	5.0	3	1982	1984	1	3/21	74	0	11	14	2	10	21	1	13.89	1.4	1種/1件/散0ヶ月 (楽天も実質同日=一挙刊行の可能性)	1	0	0	0	4:2014年11月13日頃	再版種別
LOW	ED_REGULAR_BATCH	jungle-shounen-jan-bangaihen	ジャングル少年ジャン番外編	0	standard	アスペクトコミックス	エンターブレイン	2000-08	month	3	3	1.0	3	1-3		assumed	5.0	1	2000	2000	1	3/98	53	7	28	9	1	47	98	1	4.77	20.3	3種/3件/散2ヶ月 (楽天も実質同日=一挙刊行の可能性)	3	2	-1	1	1:2000年06月30日 2:2000年07月 3:2000年08月	楽天も実質同日
LOW	PUBLISHER_BATCH	kaa-chan-no-1	母ちゃんNO.1	0	standard	少年サンデーコミックス	小学館	2005-09	month	3	3	1.0	3	1-3		assumed	5.0	1	2005	2005	2	3/3	38	38	0	6	6	0	3	0				0	0	0	0		ISBN連番(弱い証拠=採番ブロック予約でも連番になる) / 近傍38件中38件が同日=レーベル一斉出荷 / 近傍の複数巻作品6件中6件が全巻同日=レーベル体質
LOW	SMALL_BATCH	kachou-baka-ichidai	課長バカ一代	1	deluxe	KCデラックス	講談社	2002-11	month	3	3	1.0	3	1-3		assumed	5.0	5	1996	2000	1	3/3	62	10	0	12	2	21	3	0	10.6	0.2	1種/3件/散0ヶ月 (楽天も実質同日=一挙刊行の可能性)	1	0	0	1	1:2002年11月 2:2002年11月 3:2002年11月	ISBN連番(弱い証拠=採番ブロック予約でも連番になる) / 再版種別 / 楽天も実質同日
LOW	SMALL_BATCH	kaiketsu-todo-kachou	快傑!!トド課長	1	bunkobon	講談社漫画文庫	講談社	2002-06	month	3	3	1.0	3	1-3		assumed	5.0	5	1996	2000	3	3/3	112	22	0	25	11	14	3	0	30.0	0.1	1種/3件/散0ヶ月 (楽天も実質同日=一挙刊行の可能性)	1	0	0	1	1:2002年06月 2:2002年06月 3:2002年06月	ISBN連番(弱い証拠=採番ブロック予約でも連番になる) / 再版種別 / 楽天も実質同日
LOW	SMALL_BATCH	kaiki-yumeji-kan	怪奇夢路館	0	bunkobon	まんがホラー文庫	黒田出版興文社	1995-11-30	day	3	3	1.0	3	1-3		assumed	5.0	1	1995	1995	1	3/3	0	0	0	0	0	0	3	0			1種/3件/散0ヶ月 (楽天も実質同日=一挙刊行の可能性)	1	0	0	1	1:1995年11月30日頃 2:1995年11月30日頃 3:1995年11月30日頃	ISBN連番(弱い証拠=採番ブロック予約でも連番になる) / 再版種別 / 楽天も実質同日
LOW	PUBLISHER_BATCH	kaitei-sentai	海底戦隊	0	standard	MANGA Shop Series	パンローリング	2012-03-02	day	3	3	1.0	3	1-3		assumed	5.0	1	2012	2012	1	3/3	55	0	0	16	15	55	3	0	1.67	1.2	1種/3件/散0ヶ月 (楽天も実質同日=一挙刊行の可能性)	1	0	0	1	1:2012年03月 2:2012年03月 3:2012年03月	ISBN連番(弱い証拠=採番ブロック予約でも連番になる) / 楽天も実質同日 / 近傍の複数巻作品16件中15件が全巻同日=レーベル体質
LOW	SMALL_BATCH	kakarichou-shima-kousaku	係長島耕作	1	bunkobon	講談社漫画文庫	講談社	2017-10-12	day	3	3	1.0	3	1-3		assumed	5.0	4	2011	2014	2	3/3	60	0	0	8	1	41	3	0	1.2	1.7	1種/3件/散0ヶ月 (楽天も実質同日=一挙刊行の可能性)	1	0	0	1	1:2017年10月12日頃 2:2017年10月12日頃 3:2017年10月12日頃	ISBN連番(弱い証拠=採番ブロック予約でも連番になる) / 再版種別 / 楽天も実質同日
LOW	SMALL_BATCH	kakutoushi-rome-no-hoshi	格闘士ローマの星	0	standard	芳文社コミックス	美術出版社	1999-11	month	3	3	1.0	3	1-3		assumed	5.0	1	1999	1999	1	3/3	10	0	0	1	0	48	3	0	0.31	6.4	1種/3件/散0ヶ月 (楽天も実質同日=一挙刊行の可能性)	1	0	0	1	1:1999年11月 2:1999年11月 3:1999年11月	ISBN連番(弱い証拠=採番ブロック予約でも連番になる) / 楽天も実質同日
LOW	SMALL_BATCH	kamen-rider-2011	仮面ライダー	0	standard	テレビランドコミックス	徳間書店	2011-07-15	day	3	3	1.0	3	1-3		assumed	5.0	1	2011	2011	1	3/3	37	1	0	2	0	49	3	0	1.94	1.0	1種/3件/散0ヶ月 (楽天も実質同日=一挙刊行の可能性)	1	0	0	1	1:2011年07月 2:2011年07月 3:2011年07月	ISBN連番(弱い証拠=採番ブロック予約でも連番になる) / 楽天も実質同日
LOW	SMALL_BATCH	kamen-rider-black	仮面ライダーBlack	1	bunkobon	小学館文庫	小学館	1998-10-10	day	3	3	1.0	3	1-3		assumed	5.0	2	1988	1989	1	3/3	120	2	0	12	1	239	3	0	0.39	5.1	1種/3件/散0ヶ月 (楽天も実質同日=一挙刊行の可能性)	1	0	-1	1	1:1998年09月17日頃 2:1998年09月17日頃 3:1998年09月17日頃	ISBN連番(弱い証拠=採番ブロック予約でも連番になる) / 再版種別 / 楽天も実質同日
LOW	PUBLISHER_BATCH	kamen-rider	仮面ライダー	0	standard	Shotaro world	メディアファクトリー	1999-07-01	day	3	3	1.0	3	1-3		assumed	5.0	29	1971	1999	1	3/3	21	0	0	6	6	8	3	0	13.88	0.1	1種/3件/散0ヶ月 (楽天も実質同日=一挙刊行の可能性)	1	0	0	1	1:1999年07月 2:1999年07月 3:1999年07月	ISBN連番(弱い証拠=採番ブロック予約でも連番になる) / 楽天も実質同日 / 近傍の複数巻作品6件中6件が全巻同日=レーベル体質
LOW	SMALL_BATCH	kamen-rider	仮面ライダー	3	bunkobon	中公文庫コミック版	中央公論社	1994-11-18	day	3	3	1.0	3	1-3		assumed	5.0	29	1971	1999	1	3/3	32	5	0	5	2	13	3	0	1.77	1.1	1種/3件/散0ヶ月 (楽天も実質同日=一挙刊行の可能性)	1	0	0	1	1:1994年11月18日頃 2:1994年11月18日頃 3:1994年11月18日頃	ISBN連番(弱い証拠=採番ブロック予約でも連番になる) / 再版種別 / 楽天も実質同日
LOW	PUBLISHER_BATCH	kariudo-no-seiza	狩人の星座	2	bunkobon	双葉文庫名作シリーズ	双葉社	1999-01	month	3	3	1.0	3	1-3		assumed	5.0	12	1980	1991	1	3/3	105	0	0	23	16	25	3	0	4.91	0.4	1種/3件/散0ヶ月 (楽天も実質同日=一挙刊行の可能性)	1	0	0	1	1:1999年01月 2:1999年01月 3:1999年01月	ISBN連番(弱い証拠=採番ブロック予約でも連番になる) / 再版種別 / 楽天も実質同日 / 近傍の複数巻作品23件中16件が全巻同日=レーベル体質
LOW	PUBLISHER_BATCH	kasei-no-hatsu-chan	火星の八ちゃん	1	standard	MANGA Shop Series	パンローリング	2009-10-15	day	3	3	1.0	3	1-3		assumed	5.0	51	1959	2009	1	3/3	87	3	0	25	23	30	3	0	5.55	0.4	1種/3件/散0ヶ月 (楽天も実質同日=一挙刊行の可能性)	1	0	0	1	1:2009年10月 2:2009年10月 3:2009年10月	ISBN連番(弱い証拠=採番ブロック予約でも連番になる) / 楽天も実質同日 / 近傍の複数巻作品25件中23件が全巻同日=レーベル体質
LOW	SMALL_BATCH	katakuri	かたくり	0	standard		一迅社	2015-12	month	3	3	1.0	3	1-3		assumed	5.0	1	2015	2015	1	3/3	12	0	0	3	0	27	3	0	4.0	0.5	1種/3件/散0ヶ月 (楽天も実質同日=一挙刊行の可能性)	1	0	-1	1	1:2015年11月 2:2015年11月 3:2015年11月	ISBN連番(弱い証拠=採番ブロック予約でも連番になる) / 楽天も実質同日
LOW	SMALL_BATCH	katari-tsugareru-sensou-no-kioku	語り継がれる戦争の記憶	1	bunkobon	講談社漫画文庫	講談社	2002-08	month	3	3	1.0	3	1-3		assumed	5.0	4	1995	1998	1	3/3	115	23	0	22	6	14	3	0	15.6	0.1	1種/3件/散0ヶ月 (楽天も実質同日=一挙刊行の可能性)	1	0	0	1	1:2002年08月 2:2002年08月 3:2002年08月	ISBN連番(弱い証拠=採番ブロック予約でも連番になる) / 再版種別 / 楽天も実質同日
LOW	PUBLISHER_BATCH	katte-ni-shirokuma	かってにシロクマ	2	bunkobon	双葉文庫	双葉社	1996-07	month	3	3	1.0	3	1-3		assumed	5.0	3	1987	1989	1	3/3	89	0	0	20	18	44	3	0	2.32	0.9	1種/3件/散0ヶ月 (楽天も実質同日=一挙刊行の可能性)	1	0	0	1	1:1996年07月 2:1996年07月 3:1996年07月	ISBN連番(弱い証拠=採番ブロック予約でも連番になる) / 再版種別 / 楽天も実質同日 / 近傍の複数巻作品20件中18件が全巻同日=レーベル体質
LOW	PUBLISHER_BATCH	kaze-no-karappe	風のカラッペ	0	standard	AkeBono Comics	小学館	2005-09	month	3	4	0.75	3	2-4		assumed	5.0	1	2005	2005	2	3/3	57	57	0	7	7	0	3	0				0	0	0	0		ISBN連番(弱い証拠=採番ブロック予約でも連番になる) / 近傍57件中57件が同日=レーベル一斉出荷 / 近傍の複数巻作品7件中7件が全巻同日=レーベル体質
LOW	SMALL_BATCH	kaze-no-tsubasa	風の翼	1	wideban	文春コミックス ワイド版	文芸春秋	1997-04-21	day	3	3	1.0	3	1-3		assumed	5.0	3	1987	1989	1	3/3	14	0	0	1	0	45	3	0	0.44	4.5	1種/3件/散0ヶ月 (楽天も実質同日=一挙刊行の可能性)	1	0	0	1	1:1997年04月21日頃 2:1997年04月21日頃 3:1997年04月21日頃	ISBN連番(弱い証拠=採番ブロック予約でも連番になる) / 再版種別 / 楽天も実質同日
LOW	SMALL_BATCH	kazenorondo	風の輪舞	1	bunkobon	YOU漫画文庫	集英社	1999-07	month	3	3	1.0	3	1-3		assumed	5.0	1	1990	1990	1	3/3	99	2	0	18	7	132	3	0	0.76	2.6	1種/3件/散0ヶ月 (楽天も実質同日=一挙刊行の可能性)	1	0	0	1	1:1999年07月 2:1999年07月 3:1999年07月	ISBN連番(弱い証拠=採番ブロック予約でも連番になる) / 再版種別 / 楽天も実質同日
LOW	SMALL_BATCH	kekkoukamen	けっこう仮面	2	bunkobon	角川文庫	角川書店	1996-04	month	3	3	1.0	3	1-3		assumed	5.0	2	1977	1978	1	3/3	6	0	0	1	0	43	3	0	0.12	17.2	1種/3件/散0ヶ月 (楽天も実質同日=一挙刊行の可能性)	1	0	0	1	1:1996年04月 2:1996年04月 3:1996年04月	ISBN連番(弱い証拠=採番ブロック予約でも連番になる) / 再版種別 / 楽天も実質同日
LOW	SMALL_BATCH	kigen-2600nen-no-play-ball	紀元2600年のプレイボール	1	bunkobon	講談社漫画文庫	講談社	1997-10-09	day	3	3	1.0	3	1-3		assumed	5.0	2	1979	1980	1	3/3	115	6	0	24	11	23	3	0	6.29	0.3	1種/3件/散0ヶ月 (楽天も実質同日=一挙刊行の可能性)	1	0	0	1	1:1997年10月09日頃 2:1997年10月09日頃 3:1997年10月09日頃	ISBN連番(弱い証拠=採番ブロック予約でも連番になる) / 再版種別 / 楽天も実質同日
LOW	PUBLISHER_BATCH	kikkai-kun	キッカイくん	2	bunkobon	竹書房文庫	竹書房	1995-12-18	day	3	4	0.75	3	1-3		assumed	5.0	1	1973	1973	1	3/3	20	4	0	5	5	5	3	0	12.6	0.2	1種/3件/散0ヶ月 (楽天も実質同日=一挙刊行の可能性)	1	0	0	1	1:1995年12月11日頃 2:1995年12月11日頃 3:1995年12月11日頃	ISBN連番(弱い証拠=採番ブロック予約でも連番になる) / 再版種別 / 楽天も実質同日 / 近傍の複数巻作品5件中5件が全巻同日=レーベル体質
LOW	SMALL_BATCH	killa	KILLA	1	bunkobon	講談社漫画文庫	講談社	1998-01-12	day	3	3	1.0	3	1-3		assumed	5.0	2	1978	1979	1	3/3	119	4	0	23	10	19	3	0	7.53	0.3	1種/3件/散0ヶ月 (楽天も実質同日=一挙刊行の可能性)	1	0	0	1	1:1998年01月12日頃 2:1998年01月12日頃 3:1998年01月12日頃	ISBN連番(弱い証拠=採番ブロック予約でも連番になる) / 再版種別 / 楽天も実質同日
LOW	SMALL_BATCH	kinyoubi-no-shinshitsu	金曜日の寝室	0	standard	マンサンコミックス		1981-07	month	3	5	0.6	3	1-3		assumed	5.0	1	1981	1981	1		0	0	0	0	0	0	0	0				0	0	0	0		
LOW	SMALL_BATCH	kirihito-sanka	きりひと讃歌	2	bunkobon	小学館文庫	小学館	1994-12	month	3	3	1.0	3	1-3		assumed	5.0	1	1977	1977	3	3/3	50	5	0	6	2	63	3	0	0.58	3.4	2種/3件/散0ヶ月 (楽天も実質同日=一挙刊行の可能性)	2	0	-1	1	1:1994年11月 2:1994年11月17日頃 3:1994年11月	ISBN連番(弱い証拠=採番ブロック予約でも連番になる) / 再版種別 / 楽天も実質同日
LOW	SMALL_BATCH	kiss-de-goukaku	Kissで合格	0	standard	ユーコミックス	集英社	1996-10-23	day	3	3	1.0	3	1-3		assumed	5.0	1	1996	1996	1	3/2	100	0	0	16	1	45	2	0	2.68	0.4	1種/3件/散0ヶ月 (楽天も実質同日=一挙刊行の可能性)	1	0	0	1	1:1996年10月23日頃 2:1996年10月23日頃 3:1996年10月23日頃	ISBN連番(弱い証拠=採番ブロック予約でも連番になる) / 楽天も実質同日
LOW	ED_REGULAR_BATCH	klan	KLAN	0	standard	Flex comix	ほるぷ出版	2012-02	month	3	3	1.0	3	1-3		assumed	5.0	1	2012	2012	2	3/177	172	17	7	40	2	65	177	1	2.98	59.0	1種/3件/散0ヶ月 (楽天も実質同日=一挙刊行の可能性)	1	0	0	1	1:2012年02月 2:2012年02月 3:2012年02月	楽天も実質同日
LOW	SMALL_BATCH	koi-no-kiseki	恋の奇跡	1	bunkobon	講談社漫画文庫	講談社	1999-03-12	day	3	4	0.75	3	1-4(飛)		assumed	5.0	4	1994	1997	1	3/4	111	12	0	22	9	28	4	0	1.72	1.7	1種/3件/散0ヶ月 (楽天も実質同日=一挙刊行の可能性)	1	0	0	1	1:1999年03月12日頃 3:1999年03月12日頃 4:1999年03月12日頃	ISBN連番(弱い証拠=採番ブロック予約でも連番になる) / 再版種別 / 楽天も実質同日
LOW	SMALL_BATCH	kooringu	コーリング	1	bunkobon	白泉社文庫	白泉社	2009-09-20	day	3	3	1.0	3	1-3		assumed	5.0	2	1993	1994	1	3/3	55	1	0	10	4	48	3	0	0.45	4.4	1種/3件/散0ヶ月 (楽天も実質同日=一挙刊行の可能性)	1	0	0	1	1:2009年09月20日頃 2:2009年09月20日頃 3:2009年09月20日頃	ISBN連番(弱い証拠=採番ブロック予約でも連番になる) / 再版種別 / 楽天も実質同日
LOW	PUBLISHER_BATCH	koshien-no-tsuchi	甲子園の土	0	standard	HIT COMICS	パンローリング	2006-03-03	day	3	4	0.75	3	1-3		assumed	5.0	1	2006	2006	1	3/3	111	2	0	23	17	24	3	0	5.14	0.4	1種/3件/散0ヶ月 (楽天も実質同日=一挙刊行の可能性)	1	0	0	1	1:2006年03月03日頃 2:2006年03月03日頃 3:2006年03月03日頃	ISBN連番(弱い証拠=採番ブロック予約でも連番になる) / 楽天も実質同日 / 近傍の複数巻作品23件中17件が全巻同日=レーベル体質
LOW	SMALL_BATCH	kou-u-to-ryuu-hou-sentaro-1987	項羽と劉邦	0	standard		文芸春秋	1989-12-20	day	3	3	1.0	3	1-3		assumed	5.0	1	1989	1989	1		3	0	0	0	0	0	21	0			1種/2件/散0ヶ月 (楽天も実質同日=一挙刊行の可能性)	1	0	0	0	1:1989年12月 3:1989年12月	
LOW	SMALL_BATCH	koubou-daishi-kuukai	弘法大師空海	1	bunkobon	新人物文庫	KADOKAWA	2015-01-15	day	3	3	1.0	3	1-3		assumed	5.0	3	1997	1999	1	3/3	1	0	0	0	0	0	3	0				0	0	0	0		ISBN連番(弱い証拠=採番ブロック予約でも連番になる) / 再版種別
LOW	PUBLISHER_BATCH	koufuku-wa-fukou-no-tane	幸福は不幸の種	0	standard	Bamboo comics	竹書房	2020-07	month	3	3	1.0	3	1-3		assumed	5.0	1	2020	2020	1	3/3	84	22	0	8	7	5	3	0	28.0	0.1	1種/3件/散0ヶ月 (楽天も実質同日=一挙刊行の可能性)	1	0	-1	1	1:2020年06月25日 2:2020年06月25日 3:2020年06月25日	ISBN連番(弱い証拠=採番ブロック予約でも連番になる) / 楽天も実質同日 / 近傍の複数巻作品8件中7件が全巻同日=レーベル体質
LOW	SMALL_BATCH	kuraki-shokeidai	昏き処刑台	0	standard	さくらコミックス	さくら出版	1999-10	month	3	3	1.0	3	1-3		assumed	5.0	1	1999	1999	1	3/25	43	1	5	13	3	5	25	1	14.8	1.6		0	0	0	0		
LOW	SMALL_BATCH	kuro	黒	1	aizoban	ヤングジャンプ愛蔵版コミックス	集英社	2026-01-09	day	3	3	1.0	3	1-3		assumed	5.0	3	2014	2016	1	3/3	55	1	0	9	1	49	3	0	1.2	1.7	1種/3件/散0ヶ月 (楽天も実質同日=一挙刊行の可能性)	1	0	0	1	1:2026年01月19日頃 2:2026年01月19日頃 3:2026年01月19日頃	ISBN連番(弱い証拠=採番ブロック予約でも連番になる) / 再版種別 / 楽天も実質同日
LOW	SMALL_BATCH	kurobee-2002	黒ベエ	1	shinsoban	藤子不二雄Aランド	復刊ドットコム	2011-11	month	3	3	1.0	3	1-3		assumed	5.0	1	2002	2002	1	3/3	2	0	0	0	0	0	3	0			1種/3件/散0ヶ月 (楽天も実質同日=一挙刊行の可能性)	1	0	0	1	1:2011年11月 2:2011年11月 3:2011年11月	ISBN連番(弱い証拠=採番ブロック予約でも連番になる) / 再版種別 / 楽天も実質同日
LOW	PUBLISHER_BATCH	kuronoshishi	黒の獅士	2	bunkobon	中公文庫コミック版	中央公論社	1995-02-18	day	3	3	1.0	3	1-3		assumed	5.0	1	1984	1984	1	3/3	31	5	0	6	3	4	3	0	24.5	0.1	1種/3件/散0ヶ月 (楽天も実質同日=一挙刊行の可能性)	1	0	0	1	1:1995年02月18日頃 2:1995年02月18日頃 3:1995年02月18日頃	ISBN連番(弱い証拠=採番ブロック予約でも連番になる) / 再版種別 / 楽天も実質同日 / 近傍の複数巻作品6件中3件が全巻同日=レーベル体質
LOW	PUBLISHER_BATCH	kurowashi-shounen	黒わし少年	0	standard	MANGA Shop Series	パンローリング	2010-02-01	day	3	3	1.0	3	1-3		assumed	5.0	1	2010	2010	1	3/3	86	2	0	25	23	32	3	0	5.55	0.4		0	0	0	0		ISBN連番(弱い証拠=採番ブロック予約でも連番になる) / 近傍の複数巻作品25件中23件が全巻同日=レーベル体質
LOW	PUBLISHER_BATCH	kusakabesho-meikyuuka-omiya-san	草壁署迷宮課おみやさん	0	bunkobon	双葉文庫名作シリーズ	双葉社	2000-12	month	3	3	1.0	3	1-3		assumed	5.0	1	2000	2000	1	3/3	111	4	0	25	13	20	3	0	6.28	0.3	1種/3件/散0ヶ月 (楽天も実質同日=一挙刊行の可能性)	1	0	0	1	1:2000年12月 2:2000年12月 3:2000年12月	ISBN連番(弱い証拠=採番ブロック予約でも連番になる) / 再版種別 / 楽天も実質同日 / 近傍の複数巻作品25件中13件が全巻同日=レーベル体質
LOW	PUBLISHER_BATCH	kusekke-lullaby	くせっ毛ララバイ	1	deluxe	KCデラックス	講談社	1999-07-13	day	3	3	1.0	3	1-3		assumed	5.0	2	1983	1984	1	3/3	80	5	0	12	6	99	3	0			1種/3件/散0ヶ月 (楽天も実質同日=一挙刊行の可能性)	1	0	0	1	1:1999年07月13日頃 2:1999年07月13日頃 3:1999年07月13日頃	ISBN連番(弱い証拠=採番ブロック予約でも連番になる) / 再版種別 / 楽天も実質同日 / 近傍の複数巻作品12件中6件が全巻同日=レーベル体質
LOW	SMALL_BATCH	kyoufu	恐怖	1	bunkobon	秋田漫画文庫	秋田書店	1976-08	month	3	3	1.0	3	1-3		assumed	5.0	1	1969	1969	1		0	0	0	0	0	0	0	0				0	0	0	0		再版種別
LOW	PUBLISHER_BATCH	kyoujinkankei	狂人関係	1	shinsoban	名作manga選集	不明	1995-04-10	day	3	3	1.0	3	1-3		assumed	5.0	2	1977	1978	1	3/3	11	7	0	2	2	3	3	0	27.33	0.1	1種/3件/散0ヶ月 (楽天も実質同日=一挙刊行の可能性)	1	0	0	1	1:1995年04月 2:1995年04月 3:1995年04月	ISBN連番(弱い証拠=採番ブロック予約でも連番になる) / 再版種別 / 楽天も実質同日 / 近傍11件中7件が同日=レーベル一斉出荷
LOW	PUBLISHER_BATCH	less	レス	0	standard	Bamboo comics	竹書房	2020-05	month	3	3	1.0	3	1-3		assumed	5.0	1	2020	2020	1	3/3	81	15	0	8	7	5	3	0	27.5	0.1	1種/3件/散0ヶ月 (楽天も実質同日=一挙刊行の可能性)	1	0	-1	1	1:2020年04月27日 2:2020年04月27日 3:2020年04月27日	ISBN連番(弱い証拠=採番ブロック予約でも連番になる) / 楽天も実質同日 / 近傍の複数巻作品8件中7件が全巻同日=レーベル体質
LOW	SMALL_BATCH	love-pack	ラブパック	2	deluxe	KCデラックス	講談社	1997-06-13	day	3	3	1.0	3	1-3		assumed	5.0	1	1974	1974	1	3/3	73	5	0	18	4	11	3	0	6.0	0.3	1種/3件/散0ヶ月 (楽天も実質同日=一挙刊行の可能性)	1	0	0	1	1:1997年06月13日頃 2:1997年06月13日頃 3:1997年06月13日頃	ISBN連番(弱い証拠=採番ブロック予約でも連番になる) / 再版種別 / 楽天も実質同日
LOW	PUBLISHER_BATCH	maboroshi-jou	まぼろし城	0	standard	MANGA Shop Series	パンローリング	2006-04-03	day	3	3	1.0	3	1-3		assumed	5.0	1	2006	2006	1	3/3	112	2	0	22	16	24	3	0	4.91	0.4	1種/3件/散0ヶ月 (楽天も実質同日=一挙刊行の可能性)	1	0	0	1	1:2006年04月 2:2006年04月 3:2006年04月	ISBN連番(弱い証拠=採番ブロック予約でも連番になる) / 楽天も実質同日 / 近傍の複数巻作品22件中16件が全巻同日=レーベル体質
LOW	SMALL_BATCH	maboroshi-no-natsu	幻の夏	0	standard	エメラルドコミックス	主婦と生活社	1992-08	month	3	3	1.0	3	1-3		assumed	5.0	1	1992	1992	1	3/3	53	2	0	10	2	45	3	0	2.71	0.7	1種/3件/散0ヶ月 (楽天も実質同日=一挙刊行の可能性)	1	0	-2	1	1:1992年06月26日頃 2:1992年06月26日頃 3:1992年06月26日頃	ISBN連番(弱い証拠=採番ブロック予約でも連番になる) / 楽天も実質同日
LOW	PUBLISHER_BATCH	maboroshi-tantei-daiichibu	まぼろし探偵　第1部	0	standard	MANGA Shop Series	パンローリング	2008-01-03	day	3	3	1.0	3	1-3		assumed	5.0	1	2008	2008	1	3/3	104	3	0	26	23	185	3	0	6.5	0.3		0	0	0	0		ISBN連番(弱い証拠=採番ブロック予約でも連番になる) / 近傍の複数巻作品26件中23件が全巻同日=レーベル体質
LOW	PUBLISHER_BATCH	macaroni-hourensou	マカロニほうれん荘	1	bunkobon	秋田文庫	秋田書店	1994-04-30	day	3	3	1.0	3	1-3		assumed	5.0	4	1977	1980	2	3/3	86	8	0	8	5	177	3	0	0.11	17.7	1種/3件/散0ヶ月 (楽天も実質同日=一挙刊行の可能性)	1	0	0	1	1:1994年04月30日頃 2:1994年04月30日頃 3:1994年04月30日頃	ISBN連番(弱い証拠=採番ブロック予約でも連番になる) / 再版種別 / 楽天も実質同日 / 近傍の複数巻作品8件中5件が全巻同日=レーベル体質
LOW	PUBLISHER_BATCH	machiko-no-senya-ichiya	まちこの千夜一夜	1	bunkobon	双葉文庫	双葉社	1997-10	month	3	3	1.0	3	1-3		assumed	5.0	20	1984	2003	1	3/3	100	0	0	24	22	43	3	0	2.92	0.7	1種/3件/散0ヶ月 (楽天も実質同日=一挙刊行の可能性)	1	0	0	1	1:1997年10月 2:1997年10月 3:1997年10月	ISBN連番(弱い証拠=採番ブロック予約でも連番になる) / 再版種別 / 楽天も実質同日 / 近傍の複数巻作品24件中22件が全巻同日=レーベル体質
LOW	SMALL_BATCH	majo-no-hoshi	魔女の星	0	standard	レモン・コミックス	三学出版	1982-02	month	3	3	1.0	3	1-3		assumed	5.0	1	1982	1982	1	3/3	9	0	0	3	3	11	3	0	1.55	1.3		0	0	0	0		ISBN連番(弱い証拠=採番ブロック予約でも連番になる)
LOW	SMALL_BATCH	majo-o-mamoru	魔女をまもる。	0	standard	Nemuki+コミックス	朝日新聞出版	2020-11-20	day	3	3	1.0	3	1-3		assumed	5.0	1	2020	2020	1	3/3	85	2	0	23	1	63	3	0	1.91	1.0	1種/3件/散0ヶ月 (楽天も実質同日=一挙刊行の可能性)	1	0	0	1	1:2020年11月20日頃 2:2020年11月20日頃 3:2020年11月20日頃	ISBN連番(弱い証拠=採番ブロック予約でも連番になる) / 楽天も実質同日
LOW	SMALL_BATCH	majuu-sensen	魔獣戦線	4	shinsoban	ACTION COMICS	双葉社	1997-07	month	3	3	1.0	3	1-3		assumed	5.0	2	1976	1977	1	3/3	64	6	0	15	0	25	3	0	4.96	0.4	1種/3件/散0ヶ月 (楽天も実質同日=一挙刊行の可能性)	1	0	-1	1	1:1997年06月28日頃 2:1997年06月28日頃 3:1997年06月28日頃	ISBN連番(弱い証拠=採番ブロック予約でも連番になる) / 再版種別 / 楽天も実質同日
LOW	PUBLISHER_BATCH	makuu-hakken-den	魔空八犬伝	1	bunkobon	講談社漫画文庫	講談社	1999-08	month	3	3	1.0	3	1-3		assumed	5.0	6	1992	1997	1	3/3	110	9	0	24	12	9	3	0	12.25	0.2	1種/3件/散0ヶ月 (楽天も実質同日=一挙刊行の可能性)	1	0	0	1	1:1999年08月 2:1999年08月 3:1999年08月	ISBN連番(弱い証拠=採番ブロック予約でも連番になる) / 再版種別 / 楽天も実質同日 / 近傍の複数巻作品24件中12件が全巻同日=レーベル体質
LOW	PUBLISHER_BATCH	mamie-angel	メイミー❤エンジェル	1	bunkobon	中公文庫コミック版	中央公論社	1995-10	month	3	3	1.0	3	1-3		assumed	5.0	3	1979	1981	1	3/3	30	4	0	8	6	4	3	0	26.25	0.1	1種/3件/散0ヶ月 (楽天も実質同日=一挙刊行の可能性)	1	0	0	1	1:1995年10月 2:1995年10月 3:1995年10月	ISBN連番(弱い証拠=採番ブロック予約でも連番になる) / 再版種別 / 楽天も実質同日 / 近傍の複数巻作品8件中6件が全巻同日=レーベル体質
LOW	SMALL_BATCH	manga-ka-zankoku-mono-gatari	漫画家残酷物語	1	standard	サンコミックス	ジャイブ	2010-11	month	3	3	1.0	3	1-3		assumed	5.0	35	1976	2010	1	3/3	57	5	0	15	1	20	3	0	5.05	0.4	1種/3件/散0ヶ月 (楽天も実質同日=一挙刊行の可能性)	1	0	-1	1	1:2010年10月 2:2010年10月 3:2010年10月	ISBN連番(弱い証拠=採番ブロック予約でも連番になる) / 楽天も実質同日
LOW	SMALL_BATCH	manga-kyoui-no-shouuchuu-jintai	まんが驚異の小宇宙人体	0	standard		小学館	2004-08-01	day	3	3	1.0	3	1-3		assumed	5.0	1	2004	2004	1	3/3	3	0	0	0	0	0	3	0			1種/3件/散0ヶ月 (楽天も実質同日=一挙刊行の可能性)	1	0	0	1	1:2004年08月 2:2004年08月 3:2004年08月	ISBN連番(弱い証拠=採番ブロック予約でも連番になる) / 楽天も実質同日
LOW	SMALL_BATCH	manga-monogatari-kankokushi	マンガものがたり韓国史	0	standard		国書刊行会	2001-11-10	day	3	3	1.0	3	1-3		assumed	5.0	1	2001	2001	1	3/3	0	0	0	0	0	0	3	0				0	0	0	0		ISBN連番(弱い証拠=採番ブロック予約でも連番になる)
LOW	SMALL_BATCH	manga-sangokushi	マンガ三国志	0	standard		三笠書房	1998-06	month	3	3	1.0	3	1-3		assumed	5.0	1	1998	1998	2	3/3	0	0	0	0	0	0	3	0				0	0	0	0		ISBN連番(弱い証拠=採番ブロック予約でも連番になる)
LOW	SMALL_BATCH	manga-sangokushi	マンガ三国志	1	bunkobon	王様文庫	三笠書房	2005-07	month	3	3	1.0	3	1-3		assumed	5.0	1	1998	1998	1	3/3	0	0	0	0	0	0	3	0			1種/3件/散0ヶ月 (楽天も実質同日=一挙刊行の可能性)	1	0	0	1	1:2005年07月 2:2005年07月 3:2005年07月	ISBN連番(弱い証拠=採番ブロック予約でも連番になる) / 再版種別 / 楽天も実質同日
LOW	SMALL_BATCH	marine-blue-no-kaze-ni-dakarete	マリンブルーの風に抱かれて	1	bunkobon	集英社文庫	集英社	2002-08-14	day	3	3	1.0	3	1-3		assumed	5.0	2	1990	1991	1	3/3	104	8	0	15	3	20	3	0	5.75	0.3	1種/3件/散0ヶ月 (楽天も実質同日=一挙刊行の可能性)	1	0	0	1	1:2002年08月14日頃 2:2002年08月14日頃 3:2002年08月14日頃	ISBN連番(弱い証拠=採番ブロック予約でも連番になる) / 再版種別 / 楽天も実質同日
LOW	SMALL_BATCH	massugu-ni-ikou	まっすぐにいこう。	1	bunkobon	集英社文庫	集英社	2003-04-23	day	3	15	0.2	2	1-3	2.5	observed	5.0	13	1993	2005	1	3/3	91	6	0	13	2	14	3	0	7.0	0.3	1種/3件/散0ヶ月 (楽天も実質同日=一挙刊行の可能性)	1	0	0	1	1:2003年04月23日頃 2:2003年04月23日頃 3:2003年04月23日頃	ISBN連番(弱い証拠=採番ブロック予約でも連番になる) / 再版種別 / 楽天も実質同日
LOW	PUBLISHER_BATCH	matto-no-shishiou	マットの獅子王	0	standard	MANGA Shop Series	パンローリング	2008-09-02	day	3	3	1.0	3	1-3		assumed	5.0	1	2008	2008	1	3/3	91	7	0	22	19	193	3	0	6.5	0.3	1種/3件/散0ヶ月 (楽天も実質同日=一挙刊行の可能性)	1	0	-1	1	1:2008年08月07日頃 2:2008年08月07日頃 3:2008年08月07日頃	ISBN連番(弱い証拠=採番ブロック予約でも連番になる) / 楽天も実質同日 / 近傍の複数巻作品22件中19件が全巻同日=レーベル体質
LOW	SMALL_BATCH	mayuko-no-kisetsu	まゆ子の季節	1	bunkobon	集英社文庫コミック版	集英社	2001-05-23	day	3	3	1.0	3	1-3		assumed	5.0	2	1976	1977	1	3/3	116	6	0	18	7	22	3	0	5.93	0.3	1種/3件/散0ヶ月 (楽天も実質同日=一挙刊行の可能性)	1	0	0	1	1:2001年05月 2:2001年05月 3:2001年05月	ISBN連番(弱い証拠=採番ブロック予約でも連番になる) / 再版種別 / 楽天も実質同日
LOW	PUBLISHER_BATCH	mazinger-z	マジンガーZ	3	shinsoban	マンガショップシリーズ	マンガショップ	2012-09	month	3	3	1.0	3	1-3		assumed	5.0	12	1987	1998	1	3/3	46	0	0	13	12	52	3	0	1.52	1.3	1種/3件/散0ヶ月 (楽天も実質同日=一挙刊行の可能性)	1	0	0	1	1:2012年09月 2:2012年09月 3:2012年09月	ISBN連番(弱い証拠=採番ブロック予約でも連番になる) / 再版種別 / 楽天も実質同日 / 近傍の複数巻作品13件中12件が全巻同日=レーベル体質
LOW	SMALL_BATCH	mazinger-z	マジンガーZ	4	shinsoban	トクマコミックス	徳間書店	2018-01-10	day	3	3	1.0	3	1-3		assumed	5.0	12	1987	1998	1	3/3	68	0	0	4	1	156	3	0	0.76	2.6	1種/3件/散0ヶ月 (楽天も実質同日=一挙刊行の可能性)	1	0	0	1	1:2018年01月10日頃 2:2018年01月10日頃 3:2018年01月10日頃	ISBN連番(弱い証拠=採番ブロック予約でも連番になる) / 再版種別 / 楽天も実質同日
LOW	SMALL_BATCH	mazinger-z	マジンガーZ	5	shinsoban	復刻版(2025)	不明	2025-12-22	day	3	3	1.0	3	1-3		assumed	5.0	12	1987	1998	1	3/3	3	0	0	0	0	0	3	0			1種/3件/散0ヶ月 (楽天も実質同日=一挙刊行の可能性)	1	0	0	1	1:2025年12月22日頃 2:2025年12月22日頃 3:2025年12月22日頃	ISBN連番(弱い証拠=採番ブロック予約でも連番になる) / 学習/全集/BOX語 / 再版種別 / 楽天も実質同日
LOW	SMALL_BATCH	meitantei-kageman	名たんていカゲマン	1	shinsoban	てんとう虫コミックスライブラリー	小学館	2004-11	month	3	3	1.0	3	1-3		assumed	5.0	6	1976	1981	1	3/3	8	0	0	1	0	20	3	0	4.5	0.4	1種/3件/散0ヶ月 (楽天も実質同日=一挙刊行の可能性)	1	0	-1	1	1:2004年10月 2:2004年10月 3:2004年10月	ISBN連番(弱い証拠=採番ブロック予約でも連番になる) / 再版種別 / 楽天も実質同日
LOW	PUBLISHER_BATCH	mejiko-to-hitsuji-san-no-nyan-nyan-joshi-koukou	めじことヒツジさんのにゃんにゃん女子高校	1	bunkobon	双葉文庫名作シリーズ	双葉社	2000-09	month	3	3	1.0	3	1-3		assumed	5.0	5	1988	1992	1	3/3	110	2	0	23	14	20	3	0	6.22	0.3	1種/3件/散0ヶ月 (楽天も実質同日=一挙刊行の可能性)	1	0	0	1	1:2000年09月 2:2000年09月 3:2000年09月	ISBN連番(弱い証拠=採番ブロック予約でも連番になる) / 再版種別 / 楽天も実質同日 / 近傍の複数巻作品23件中14件が全巻同日=レーベル体質
LOW	SMALL_BATCH	meri-wa-gaihakuchuu	メリは外泊中	0	standard	アルカナコミックス	ソフトバンククリエイティブ	2011-07	month	3	3	1.0	3	1-3		assumed	5.0	1	2011	2011	1	3/3	2	0	0	0	0	0	3	0			1種/3件/散0ヶ月 (楽天も実質同日=一挙刊行の可能性)	1	0	0	1	1:2011年07月 2:2011年07月 3:2011年07月	ISBN連番(弱い証拠=採番ブロック予約でも連番になる) / 楽天も実質同日
LOW	SMALL_BATCH	mesh	メッシュ	1	bunkobon	白泉社文庫	白泉社	1994-12-18	day	3	3	1.0	3	1-3		assumed	5.0	4	1981	1984	2	3/3	116	1	0	19	4	144	3	0			1種/3件/散0ヶ月 (楽天も実質同日=一挙刊行の可能性)	1	0	0	1	1:1994年12月 2:1994年12月 3:1994年12月	ISBN連番(弱い証拠=採番ブロック予約でも連番になる) / 再版種別 / 楽天も実質同日
LOW	SMALL_BATCH	miraijin-saijoo	未来人サイジョー	0	standard	BEAM COMIX	KADOKAWA	2021-04-12	day	3	3	1.0	3	1-3		assumed	5.0	1	2021	2021	1	3/3	39	10	0	1	1	6	3	0	15.33	0.1	1種/3件/散0ヶ月 (楽天も実質同日=一挙刊行の可能性)	1	0	0	1	1:2021年04月12日 2:2021年04月12日 3:2021年04月12日	ISBN連番(弱い証拠=採番ブロック予約でも連番になる) / 楽天も実質同日
LOW	SMALL_BATCH	mon-cheri-coco	モンシェリCoCo	0	standard	講談社コミックスフレンド		1972-08-28	day	3	3	1.0	3	1-3		assumed	5.0	1	1972	1972	1		0	0	0	0	0	0	0	0				0	0	0	0		
LOW	SMALL_BATCH	mon-cheri-coco	モンシェリCoCo	1	deluxe	KCデラックス	講談社	1997-04-11	day	3	3	1.0	3	1-3		assumed	5.0	1	1972	1972	1	3/3	75	4	0	13	1	14	3	0	10.73	0.2	1種/3件/散0ヶ月 (楽天も実質同日=一挙刊行の可能性)	1	0	0	1	1:1997年04月11日頃 2:1997年04月11日頃 3:1997年04月11日頃	ISBN連番(弱い証拠=採番ブロック予約でも連番になる) / 再版種別 / 楽天も実質同日
LOW	PUBLISHER_BATCH	musashi-2011	ムサシ	0	standard	マンガショップシリーズ	パンローリング	2011-08-01	day	3	3	1.0	3	1-3		assumed	5.0	1	2011	2011	1	3/3	69	0	0	21	20	58	3	0	1.95	1.0	1種/3件/散0ヶ月 (楽天も実質同日=一挙刊行の可能性)	1	0	0	1	1:2011年08月 2:2011年08月 3:2011年08月	ISBN連番(弱い証拠=採番ブロック予約でも連番になる) / 楽天も実質同日 / 近傍の複数巻作品21件中20件が全巻同日=レーベル体質
LOW	SMALL_BATCH	nakimushi-koshien	泣き虫甲子園	1	bunkobon	小学館文庫	小学館	1997-08-10	day	3	3	1.0	3	1-3		assumed	5.0	1	1993	1993	1	3/3	115	2	0	23	10	220	3	0			1種/3件/散0ヶ月 (楽天も実質同日=一挙刊行の可能性)	1	0	-1	1	1:1997年07月17日頃 2:1997年07月17日頃 3:1997年07月17日頃	ISBN連番(弱い証拠=採番ブロック予約でも連番になる) / 再版種別 / 楽天も実質同日
LOW	PUBLISHER_BATCH	nanairo-kamen	七色仮面	0	standard	MANGA Shop Series	パンローリング	2009-12-03	day	3	7	0.43	3	1-3		assumed	5.0	1	2009	2009	1	3/3	91	1	0	26	24	32	3	0	5.27	0.4	1種/3件/散0ヶ月 (楽天も実質同日=一挙刊行の可能性)	1	0	0	1	1:2009年12月 2:2009年12月 3:2009年12月	ISBN連番(弱い証拠=採番ブロック予約でも連番になる) / 楽天も実質同日 / 近傍の複数巻作品26件中24件が全巻同日=レーベル体質
LOW	PUBLISHER_BATCH	nanairo-magic	なな色マジック	1	bunkobon	講談社漫画文庫	講談社	1999-11	month	3	3	1.0	3	1-3		assumed	5.0	2	1987	1988	1	3/3	109	10	0	22	13	12	3	0	8.64	0.2	1種/3件/散0ヶ月 (楽天も実質同日=一挙刊行の可能性)	1	0	0	1	1:1999年11月 2:1999年11月 3:1999年11月	ISBN連番(弱い証拠=採番ブロック予約でも連番になる) / 再版種別 / 楽天も実質同日 / 近傍の複数巻作品22件中13件が全巻同日=レーベル体質
LOW	SMALL_BATCH	nankin-road-ni-hanafubuki	南京路に花吹雪	2	bunkobon	白泉社文庫	白泉社	1996-09	month	3	3	1.0	3	1-3		assumed	5.0	8	1982	1989	1	3/3	120	4	0	27	6	120	3	0	0.05	37.3	1種/3件/散0ヶ月 (楽天も実質同日=一挙刊行の可能性)	1	0	0	1	1:1996年09月 2:1996年09月 3:1996年09月	ISBN連番(弱い証拠=採番ブロック予約でも連番になる) / 再版種別 / 楽天も実質同日
LOW	SMALL_BATCH	neko-koushaku-sama-wa-osewa-gakari-o-aigan-shitakute-tamaranai	猫公爵様はお世話係を愛玩したくてたまらない	0	standard	華猫	竹書房	2025-11-10	day	3	3	1.0	3	1-3		assumed	5.0	1	2025	2025	1	3/3	12	3	0	1	1	3	3	0	35.67	0.1	1種/3件/散0ヶ月 (楽天も実質同日=一挙刊行の可能性)	1	0	-1	1	1:2025年10月31日頃 2:2025年10月31日頃 3:2025年10月31日頃	ISBN連番(弱い証拠=採番ブロック予約でも連番になる) / 楽天も実質同日
LOW	SMALL_BATCH	niji-no-densetsu	虹の伝説	1	deluxe	KCデラックス	講談社	1998-02-13	day	3	3	1.0	3	1-3		assumed	5.0	3	1985	1987	1	3/3	80	4	0	17	7	10	3	0	9.9	0.2	1種/3件/散0ヶ月 (楽天も実質同日=一挙刊行の可能性)	1	0	0	1	1:1998年02月13日頃 2:1998年02月13日頃 3:1998年02月13日頃	ISBN連番(弱い証拠=採番ブロック予約でも連番になる) / 再版種別 / 楽天も実質同日
LOW	PUBLISHER_BATCH	niji-no-densetsu	虹の伝説	2	bunkobon	講談社漫画文庫	講談社	2001-05	month	3	3	1.0	3	1-3		assumed	5.0	3	1985	1987	1	3/3	77	20	0	17	10	5	3	0	20.0	0.1	1種/3件/散0ヶ月 (楽天も実質同日=一挙刊行の可能性)	1	0	0	1	1:2001年05月 2:2001年05月 3:2001年05月	ISBN連番(弱い証拠=採番ブロック予約でも連番になる) / 再版種別 / 楽天も実質同日 / 近傍の複数巻作品17件中10件が全巻同日=レーベル体質
LOW	SMALL_BATCH	niji-no-kouro	虹の航路	1	bunkobon	講談社漫画文庫	講談社	1998-02-10	day	3	3	1.0	3	1-3		assumed	5.0	2	1976	1977	1	3/3	120	6	0	22	9	18	3	0	8.23	0.2	1種/3件/散0ヶ月 (楽天も実質同日=一挙刊行の可能性)	1	0	0	1	1:1998年02月10日頃 2:1998年02月10日頃 3:1998年02月10日頃	ISBN連番(弱い証拠=採番ブロック予約でも連番になる) / 再版種別 / 楽天も実質同日
LOW	SMALL_BATCH	nippon-chinbotsu	日本沈没	9	bunkobon	講談社漫画文庫	講談社	1995-05-12	day	3	3	1.0	3	1-3		assumed	5.0	37	1973	2009	2	3/3	120	13	0	15	2	11	3	0	13.88	0.1	1種/3件/散0ヶ月 (楽天も実質同日=一挙刊行の可能性)	1	0	0	1	1:1995年05月 2:1995年05月 3:1995年05月	ISBN連番(弱い証拠=採番ブロック予約でも連番になる) / 再版種別 / 楽天も実質同日
LOW	SMALL_BATCH	nora-1993	のら	0	standard	Bamboo comics	アスペクト	1999-08	month	3	3	1.0	3	1-3		assumed	5.0	1	1999	1999	1	3/30	11	1	0	0	0	34	30	0	1.18	24.6	1種/3件/散0ヶ月 (楽天も実質同日=一挙刊行の可能性)	1	0	0	1	1:1999年08月 2:1999年08月 3:1999年08月	楽天も実質同日
LOW	SMALL_BATCH	oedo-wa-nemurenai	お江戸はねむれない!	1	bunkobon	集英社文庫	集英社	2005-11-23	day	3	3	1.0	3	1-3		assumed	5.0	2	1991	1992	1	3/3	116	10	0	13	2	17	3	0	6.87	0.3	1種/3件/散0ヶ月 (楽天も実質同日=一挙刊行の可能性)	1	0	0	1	1:2005年11月23日頃 2:2005年11月23日頃 3:2005年11月23日頃	ISBN連番(弱い証拠=採番ブロック予約でも連番になる) / 再版種別 / 楽天も実質同日
LOW	SMALL_BATCH	offered	オファード	3	bunkobon	道草文庫	小池書院	1995-02	month	3	3	1.0	3	1-3		assumed	5.0	2	1990	1991	1	3/3	91	2	0	11	4	14	3	0	6.43	0.3	1種/3件/散0ヶ月 (楽天も実質同日=一挙刊行の可能性)	1	0	-1	1	1:1995年01月 2:1995年01月 3:1995年01月	ISBN連番(弱い証拠=採番ブロック予約でも連番になる) / 再版種別 / 楽天も実質同日
LOW	SMALL_BATCH	one-zero	ワン・ゼロ	1	bunkobon	小学館文庫	小学館	1996-11-10	day	3	3	1.0	3	1-3		assumed	5.0	2	1985	1986	1	3/3	116	1	0	24	8	215	3	0	0.08	26.5	1種/3件/散0ヶ月 (楽天も実質同日=一挙刊行の可能性)	1	0	0	1	1:1996年11月 2:1996年11月 3:1996年11月	ISBN連番(弱い証拠=採番ブロック予約でも連番になる) / 再版種別 / 楽天も実質同日
LOW	PUBLISHER_BATCH	oozora-no-chikai	大空のちかい	1	kanzenban	マンガショップシリーズ	マンガショップ	2007-10-02	day	3	3	1.0	3	1-3		assumed	5.0	2	1963	1964	1	3/3	107	3	0	25	23	182	3	0	6.17	0.3	1種/3件/散0ヶ月 (楽天も実質同日=一挙刊行の可能性)	1	0	-1	1	1:2007年09月19日頃 2:2007年09月19日頃 3:2007年09月19日頃	ISBN連番(弱い証拠=採番ブロック予約でも連番になる) / 再版種別 / 楽天も実質同日 / 近傍の複数巻作品25件中23件が全巻同日=レーベル体質
LOW	SMALL_BATCH	ore-sama-rendetsu	オレさま烈伝	0	standard	サンエイムック	三栄書房	2007-03	month	3	3	1.0	3	1-3		assumed	5.0	1	2007	2007	1	3/3	0	0	0	0	0	0	3	0			1種/3件/散0ヶ月 (楽天も実質同日=一挙刊行の可能性)	1	0	-2	1	1:2007年01月 2:2007年01月 3:2007年01月	ISBN連番(弱い証拠=採番ブロック予約でも連番になる) / 楽天も実質同日
LOW	PUBLISHER_BATCH	oshi-no-tame-no-isekai-wedding-produce	推しのための異世界ウェディングプロデュース!	0	standard	フロースコミック	KADOKAWA	2025-03-12	day	3	3	1.0	3	1-3		assumed	5.0	1	2025	2025	1	3/9	73	5	4	5	3	14	9	1	2.12	3.8	1種/3件/散0ヶ月 (楽天も実質同日=一挙刊行の可能性)	1	0	0	1	1:2025年03月14日頃 2:2025年03月14日頃 3:2025年03月14日頃	楽天も実質同日 / 近傍の複数巻作品5件中3件が全巻同日=レーベル体質
LOW	SMALL_BATCH	ossu-miri-chan	オッス!美里ちゃん	1	bunkobon	集英社文庫コミック版	集英社	2000-07-23	day	3	3	1.0	3	1-3		assumed	5.0	2	1980	1981	1	3/3	113	0	0	14	4	86	3	0			1種/3件/散0ヶ月 (楽天も実質同日=一挙刊行の可能性)	1	0	0	1	1:2000年07月 2:2000年07月 3:2000年07月	ISBN連番(弱い証拠=採番ブロック予約でも連番になる) / 再版種別 / 楽天も実質同日
LOW	SMALL_BATCH	ossu-tonko-chan	オッス!トン子ちゃん	0	standard		ポプラ社	2009-12	month	3	3	1.0	3	1-3		assumed	5.0	1	2009	2009	1	3/3	1	0	0	0	0	0	3	0			1種/3件/散0ヶ月 (楽天も実質同日=一挙刊行の可能性)	1	0	-1	1	1:2009年11月 2:2009年11月 3:2009年11月	ISBN連番(弱い証拠=採番ブロック予約でも連番になる) / 楽天も実質同日
LOW	SMALL_BATCH	ossu-tonko-chan	オッス!トン子ちゃん	1	bunkobon	ポプラ文庫	ポプラ社	2015-01-19	day	3	3	1.0	3	1-3		assumed	5.0	1	2009	2009	1	3/3	0	0	0	0	0	0	3	0			1種/3件/散0ヶ月 (楽天も実質同日=一挙刊行の可能性)	1	0	0	1	1:2015年01月19日頃 2:2015年01月19日頃 3:2015年01月19日頃	ISBN連番(弱い証拠=採番ブロック予約でも連番になる) / 再版種別 / 楽天も実質同日
LOW	SMALL_BATCH	ou-no-michi	王の道	0	standard		中経出版	1989-12-04	day	3	3	1.0	3	1-3		assumed	5.0	1	1989	1989	1	3/3	0	0	0	0	0	0	3	0			1種/3件/散0ヶ月 (楽天も実質同日=一挙刊行の可能性)	1	0	0	1	1:1989年12月04日頃 2:1989年12月04日頃 3:1989年12月04日頃	ISBN連番(弱い証拠=採番ブロック予約でも連番になる) / 楽天も実質同日
LOW	ED_REGULAR_BATCH	ouji-to-kojiki	王子と乞食	0	deluxe	Be×boy comics deluxe	リブレ	2023-10-10	day	3	3	1.0	3	1-3		assumed	5.0	1	2023	2023	1	3/3546	817	6	466	219	28	181	3546	1	40.37	87.8	1種/1件/散0ヶ月 (楽天も実質同日=一挙刊行の可能性)	1	0	0	0	1:2023年10月10日	再版種別
LOW	SMALL_BATCH	passion-parade	パッション・パレード	1	bunkobon	白泉社文庫	白泉社	1998-06-17	day	3	3	1.0	3	1-3		assumed	5.0	3	1987	1989	2	3/3	117	4	0	21	4	144	3	0			1種/3件/散0ヶ月 (楽天も実質同日=一挙刊行の可能性)	1	0	0	1	1:1998年06月 2:1998年06月 3:1998年06月	ISBN連番(弱い証拠=採番ブロック予約でも連番になる) / 再版種別 / 楽天も実質同日
LOW	SMALL_BATCH	pony-tail	Pony Tail	1	bunkobon	講談社漫画文庫	講談社	2001-06	month	3	3	1.0	3	1-3		assumed	5.0	4	1992	1995	2	3/3	57	7	0	13	6	4	3	0	3.0	0.7	1種/3件/散0ヶ月 (楽天も実質同日=一挙刊行の可能性)	1	0	0	1	1:2001年06月 2:2001年06月 3:2001年06月	ISBN連番(弱い証拠=採番ブロック予約でも連番になる) / 再版種別 / 楽天も実質同日
LOW	SMALL_BATCH	ponytail-hakusho	ポニーテール白書	1	bunkobon	集英社文庫	集英社	1998-11	month	3	3	1.0	3	1-3		assumed	5.0	2	1986	1987	1	3/3	112	4	0	15	4	28	3	0	5.63	0.4	1種/3件/散0ヶ月 (楽天も実質同日=一挙刊行の可能性)	1	0	0	1	1:1998年11月 2:1998年11月 3:1998年11月	ISBN連番(弱い証拠=採番ブロック予約でも連番になる) / 再版種別 / 楽天も実質同日
LOW	SMALL_BATCH	poo-no-ichizoku	ポーの一族	1	bunkobon	小学館文庫	小学館	1998-08-10	day	3	3	1.0	3	1-3		assumed	5.0	3	1974	1976	1	3/3	115	2	0	22	3	209	3	0	0.24	8.2	1種/3件/散0ヶ月 (楽天も実質同日=一挙刊行の可能性)	1	0	-1	1	1:1998年07月17日頃 2:1998年07月17日頃 3:1998年07月17日頃	ISBN連番(弱い証拠=採番ブロック予約でも連番になる) / 再版種別 / 楽天も実質同日
LOW	SMALL_BATCH	reset-2009	リセット	0	bunkobon	ホラーMコミック文庫	講談社	2009-01	month	3	3	1.0	3	1-3		assumed	5.0	1	2009	2009	1	3/3	87	2	0	14	1	16	3	0	7.4	0.3	1種/3件/散0ヶ月 (楽天も実質同日=一挙刊行の可能性)	1	0	0	1	1:2009年01月 2:2009年01月 3:2009年01月	ISBN連番(弱い証拠=採番ブロック予約でも連番になる) / 学習/全集/BOX語 / 再版種別 / 楽天も実質同日
LOW	SMALL_BATCH	ri-ryou	李陵	0	standard		文芸春秋	1990-03	month	3	3	1.0	3	1-3		assumed	5.0	1	1990	1990	1		5	0	0	2	2	58	11	0	1.72	5.8	1種/2件/散0ヶ月 (楽天も実質同日=一挙刊行の可能性)	1	0	0	0	1:1990年03月 2:1990年03月	
LOW	SMALL_BATCH	ribonnokishi	リボンの騎士	5	shinsoban	少女クラブ版完全復刻(2009)	講談社	2009	year	3	3	1.0	3	1-3		assumed	5.0	19	1954	1972	1	3/3	24	0	0	2	0	20	3	0	4.35	0.5	1種/3件/散0ヶ月 (楽天も実質同日=一挙刊行の可能性)	1	0	-5	1	1:2009年01月 2:2009年01月 3:2009年01月	ISBN連番(弱い証拠=採番ブロック予約でも連番になる) / 学習/全集/BOX語 / 再版種別 / 楽天も実質同日
LOW	SMALL_BATCH	rinko-shineitai	りんこ親衛隊	1	bunkobon	講談社漫画文庫	講談社	2001-03-09	day	3	3	1.0	3	1-3		assumed	5.0	2	1985	1986	1	3/3	118	16	0	23	10	9	3	0	11.29	0.2	1種/3件/散0ヶ月 (楽天も実質同日=一挙刊行の可能性)	1	0	0	1	1:2001年03月 2:2001年03月 3:2001年03月	ISBN連番(弱い証拠=採番ブロック予約でも連番になる) / 再版種別 / 楽天も実質同日
LOW	PUBLISHER_BATCH	robot-santou-hei	ロボット三等兵	4	shinsoban	MANGA Shop Series	マンガショップ	2007-08-02	day	3	3	1.0	3	1-3		assumed	5.0	21	1969	1989	1	3/3	109	2	0	24	21	20	3	0	6.0	0.3	1種/3件/散0ヶ月 (楽天も実質同日=一挙刊行の可能性)	1	0	-1	1	1:2007年07月 2:2007年07月 3:2007年07月	ISBN連番(弱い証拠=採番ブロック予約でも連番になる) / 再版種別 / 楽天も実質同日 / 近傍の複数巻作品24件中21件が全巻同日=レーベル体質
LOW	SMALL_BATCH	roommates	ルームメイツ	1	bunkobon	小学館文庫	小学館	1999-05-10	day	3	3	1.0	3	1-3		assumed	5.0	6	1992	1997	1	3/3	65	0	0	8	3	67	3	0	0.33	6.0	1種/3件/散0ヶ月 (楽天も実質同日=一挙刊行の可能性)	1	0	-1	1	1:1999年04月16日頃 2:1999年04月16日頃 3:1999年04月16日頃	ISBN連番(弱い証拠=採番ブロック予約でも連番になる) / 再版種別 / 楽天も実質同日
LOW	SMALL_BATCH	ryourinin	料理人	0	standard	マンサンコミックス		1979-02	month	3	3	1.0	3	1-3		assumed	5.0	1	1979	1979	1		0	0	0	0	0	0	0	0				0	0	0	0		
LOW	SMALL_BATCH	ryukyu-kaidan	琉球怪談	0	standard	BIG COMICS SPECIAL	小学館	2020-08	month	3	3	1.0	3	1-3		assumed	5.0	1	2020	2020	1	3/3	114	23	0	20	0	9	3	0	23.0	0.1	1種/3件/散0ヶ月 (楽天も実質同日=一挙刊行の可能性)	1	0	-1	1	1:2020年07月30日 2:2020年07月30日 3:2020年07月30日	ISBN連番(弱い証拠=採番ブロック予約でも連番になる) / 楽天も実質同日
LOW	SMALL_BATCH	saizensen	最前線	2	shinsoban	St comics	大都社	1993-09	month	3	3	1.0	3	1-3		assumed	5.0	4	1968	1971	1	3/3	41	0	0	3	2	152	3	0	0.52	3.8	1種/3件/散0ヶ月 (楽天も実質同日=一挙刊行の可能性)	1	0	0	1	1:1993年09月 2:1993年09月 3:1993年09月	ISBN連番(弱い証拠=採番ブロック予約でも連番になる) / 再版種別 / 楽天も実質同日
LOW	PUBLISHER_BATCH	sakamichi-nobore	坂道のぼれ!	2	bunkobon	双葉文庫名作シリーズ	双葉社	1998-08-25	day	3	3	1.0	3	1-3		assumed	5.0	2	1978	1979	1	3/3	102	6	0	24	20	31	3	0	4.44	0.5	1種/3件/散0ヶ月 (楽天も実質同日=一挙刊行の可能性)	1	0	0	1	1:1998年08月25日頃 2:1998年08月25日頃 3:1998年08月25日頃	ISBN連番(弱い証拠=採番ブロック予約でも連番になる) / 再版種別 / 楽天も実質同日 / 近傍の複数巻作品24件中20件が全巻同日=レーベル体質
LOW	SMALL_BATCH	samurider	サムライダー	1	deluxe	KCデラックス	講談社	1999-06-23	day	3	3	1.0	3	1-3		assumed	5.0	16	1989	2004	1	3/3	87	11	0	13	5	99	3	0			1種/3件/散0ヶ月 (楽天も実質同日=一挙刊行の可能性)	1	0	0	1	1:1999年06月23日頃 2:1999年06月23日頃 3:1999年06月23日頃	ISBN連番(弱い証拠=採番ブロック予約でも連番になる) / 再版種別 / 楽天も実質同日
LOW	SMALL_BATCH	sandaa-daiou	サンダー大王	0	standard	サンデー・コミックス	秋田書店	1988-08-15	day	3	3	1.0	3	1-3		assumed	5.0	1	1988	1988	1	3/3	46	0	0	11	1	273	3	0	0.32	6.3	1種/3件/散0ヶ月 (楽天も実質同日=一挙刊行の可能性)	1	0	-1	1	1:1988年07月14日頃 2:1988年07月14日頃 3:1988年07月14日頃	ISBN連番(弱い証拠=採番ブロック予約でも連番になる) / 楽天も実質同日
LOW	PUBLISHER_BATCH	satonaka-machiko-sakuhinshuu	里中満智子作品集	0	bunkobon	中公文庫コミック版	中央公論社	1995-09-18	day	3	3	1.0	3	1-3		assumed	5.0	26	1995	2020	2	3/3	33	6	0	9	7	4	3	0	27.0	0.1	1種/3件/散0ヶ月 (楽天も実質同日=一挙刊行の可能性)	1	0	0	1	1:1995年09月18日頃 2:1995年09月18日頃 3:1995年09月18日頃	ISBN連番(弱い証拠=採番ブロック予約でも連番になる) / 再版種別 / 楽天も実質同日 / 近傍の複数巻作品9件中7件が全巻同日=レーベル体質
LOW	SMALL_BATCH	satoshi	聖	1	shinsoban	ビッグコミックススペシャル	小学館	2016-11	month	3	3	1.0	3	1-3		assumed	5.0	3	2000	2002	1	3/3	77	10	0	3	0	6	3	0	8.2	0.2	1種/3件/散0ヶ月 (楽天も実質同日=一挙刊行の可能性)	1	0	-1	1	1:2016年10月28日 2:2016年10月28日 3:2016年10月28日	ISBN連番(弱い証拠=採番ブロック予約でも連番になる) / 再版種別 / 楽天も実質同日
LOW	PUBLISHER_BATCH	sebangou-0-yakyuu-shounenban-zenpen	背番号0 野球少年版 前編	0	standard	マンガショップシリーズ	パンローリング	2009-06-15	day	3	3	1.0	3	1-3		assumed	5.0	1	2009	2009	1	3/3	86	1	0	22	19	25	3	0	5.75	0.3	1種/3件/散0ヶ月 (楽天も実質同日=一挙刊行の可能性)	1	0	0	1	1:2009年06月 2:2009年06月 3:2009年06月	ISBN連番(弱い証拠=採番ブロック予約でも連番になる) / 楽天も実質同日 / 近傍の複数巻作品22件中19件が全巻同日=レーベル体質
LOW	SMALL_BATCH	sebangou-0	背番号0	2	bunkobon	サラ文庫昭和漫画傑作集	不明	1976-05-10	day	3	3	1.0	3	1-3		assumed	5.0	1	1960	1960	1		0	0	0	0	0	0	0	0				0	0	0	0		再版種別
LOW	PUBLISHER_BATCH	sebangou0gakunenshiban	背番号0 学年誌版	0	standard	マンガショップシリーズ	パンローリング	2010-08-01	day	3	3	1.0	3	1-3		assumed	5.0	1	2010	2010	1	3/3	82	3	0	26	25	31	3	0	3.9	0.5	1種/3件/散0ヶ月 (楽天も実質同日=一挙刊行の可能性)	1	0	0	1	1:2010年08月 2:2010年08月 3:2010年08月	ISBN連番(弱い証拠=採番ブロック予約でも連番になる) / 楽天も実質同日 / 近傍の複数巻作品26件中25件が全巻同日=レーベル体質
LOW	PUBLISHER_BATCH	seiiki	聖域	1	bunkobon	講談社漫画文庫	講談社	1997-10-06	day	3	3	1.0	3	1-3		assumed	5.0	3	1993	1995	1	3/3	115	6	0	24	12	23	3	0	6.29	0.3	1種/3件/散0ヶ月 (楽天も実質同日=一挙刊行の可能性)	1	0	0	1	1:1997年10月 2:1997年10月 3:1997年10月	ISBN連番(弱い証拠=採番ブロック予約でも連番になる) / 再版種別 / 楽天も実質同日 / 近傍の複数巻作品24件中12件が全巻同日=レーベル体質
LOW	SMALL_BATCH	seiyou-kottou-yougashiten	西洋骨董洋菓子店	1	bunkobon	新書館ウィングス文庫	新書館	2008-06-10	day	3	3	1.0	3	1-3		assumed	5.0	3	2000	2002	1	3/3	26	0	0	5	1	41	3	0	1.61	1.2	1種/3件/散0ヶ月 (楽天も実質同日=一挙刊行の可能性)	1	0	0	1	1:2008年06月10日頃 2:2008年06月10日頃 3:2008年06月10日頃	ISBN連番(弱い証拠=採番ブロック予約でも連番になる) / 再版種別 / 楽天も実質同日
LOW	PUBLISHER_BATCH	shadow-shoukai-henkirou	シャドウ商会変奇郎	0	bunkobon	秋田文庫	秋田書店	1994-11-30	day	3	3	1.0	3	1-3		assumed	5.0	-16	1994	1977	2	3/3	101	9	0	16	10	206	3	0	0.36	5.5	1種/3件/散0ヶ月 (楽天も実質同日=一挙刊行の可能性)	1	0	0	1	1:1994年11月30日頃 2:1994年11月30日頃 3:1994年11月30日頃	ISBN連番(弱い証拠=採番ブロック予約でも連番になる) / 再版種別 / 楽天も実質同日 / 近傍の複数巻作品16件中10件が全巻同日=レーベル体質
LOW	PUBLISHER_BATCH	shibire-no-suka-tan	しびれのスカタン	0	standard	赤塚不二夫漫画大全集	小学館	2005-09	month	3	3	1.0	3	1-3		assumed	5.0	1	2005	2005	4	3/3	60	60	0	9	9	0	3	0				0	0	0	0		ISBN連番(弱い証拠=採番ブロック予約でも連番になる) / 学習/全集/BOX語 / 近傍60件中60件が同日=レーベル一斉出荷 / 近傍の複数巻作品9件中9件が全巻同日=レーベル体質
LOW	PUBLISHER_BATCH	shikkari-chounan	しっかり!長男	1	bunkobon	双葉文庫名作シリーズ	双葉社	1999-03	month	3	3	1.0	3	1-3		assumed	5.0	2	1977	1978	1	3/3	105	0	0	20	12	23	3	0	5.55	0.4	1種/3件/散0ヶ月 (楽天も実質同日=一挙刊行の可能性)	1	0	0	1	1:1999年03月 2:1999年03月 3:1999年03月	ISBN連番(弱い証拠=採番ブロック予約でも連番になる) / 再版種別 / 楽天も実質同日 / 近傍の複数巻作品20件中12件が全巻同日=レーベル体質
LOW	PUBLISHER_BATCH	shimakko	島っ子	7	shinsoban	母と娘でみる漫画名作館	草の根出版会	1987-07-25	day	3	3	1.0	3	1-3		assumed	5.0	5	1968	1972	1	3/3	12	0	0	4	4	21	3	0	2.14	0.9	1種/3件/散0ヶ月 (楽天も実質同日=一挙刊行の可能性)	1	0	1	1	1:1987年08月 2:1987年08月 3:1987年08月	ISBN連番(弱い証拠=採番ブロック予約でも連番になる) / 再版種別 / 楽天も実質同日 / 近傍の複数巻作品4件中4件が全巻同日=レーベル体質
LOW	SMALL_BATCH	shin-otoko-no-unchikugaku	新・男のうんちく学	0	standard		読売新聞社	1991-03-01	day	3	3	1.0	3	1-3		assumed	5.0	1	1991	1991	1	3/3	2	0	0	0	0	0	3	0			1種/3件/散0ヶ月 (楽天も実質同日=一挙刊行の可能性)	1	0	0	1	1:1991年03月01日頃 2:1991年03月01日頃 3:1991年03月01日頃	ISBN連番(弱い証拠=採番ブロック予約でも連番になる) / 楽天も実質同日
LOW	SMALL_BATCH	shin-takeko-san-no-koibito	新・タケコさんの恋人	1	bunkobon	講談社漫画文庫	講談社	2008-08	month	3	3	1.0	3	1-3		assumed	5.0	3	2003	2005	1	3/3	94	5	0	14	2	15	3	0	8.21	0.2	1種/3件/散0ヶ月 (楽天も実質同日=一挙刊行の可能性)	1	0	0	1	1:2008年08月 2:2008年08月 3:2008年08月	ISBN連番(弱い証拠=採番ブロック予約でも連番になる) / 再版種別 / 楽天も実質同日
LOW	SMALL_BATCH	shindou	神童	1	bunkobon	双葉文庫名作シリーズ	双葉社	2003-12	month	3	3	1.0	3	1-3		assumed	5.0	1	1998	1998	1	3/3	109	3	0	21	7	29	3	0	4.07	0.5	1種/3件/散0ヶ月 (楽天も実質同日=一挙刊行の可能性)	1	0	0	1	1:2003年12月 2:2003年12月 3:2003年12月	ISBN連番(弱い証拠=採番ブロック予約でも連番になる) / 再版種別 / 楽天も実質同日
LOW	SMALL_BATCH	shinpen-yami-no-hate-kara	新編 闇の果てから	0	bunkobon	YOU漫画文庫	集英社	1996-03-27	day	3	3	1.0	3	1-3		assumed	5.0	1	1996	1996	1	3/3	54	0	0	9	3	117	3	0	0.5	4.0	1種/3件/散0ヶ月 (楽天も実質同日=一挙刊行の可能性)	1	0	0	1	1:1996年03月 2:1996年03月 3:1996年03月	ISBN連番(弱い証拠=採番ブロック予約でも連番になる) / 再版種別 / 楽天も実質同日
LOW	SMALL_BATCH	shinsengumi	新選組	1	bunkobon	MF文庫	メディアファクトリー	2007-12	month	3	3	1.0	3	1-3		assumed	5.0	26	1967	1992	1	3/3	12	1	0	0	0	6	3	0	16.5	0.1	1種/3件/散0ヶ月 (楽天も実質同日=一挙刊行の可能性)	1	0	0	1	1:2007年12月 2:2007年12月 3:2007年12月	ISBN連番(弱い証拠=採番ブロック予約でも連番になる) / 再版種別 / 楽天も実質同日
LOW	SMALL_BATCH	shirogane-no-hana	銀の華	0	standard		ポット出版	2012-11	month	3	3	1.0	3	1-3		assumed	5.0	1	2012	2012	1	3/3	9	0	0	2	0	18	3	0	1.5	1.3		0	0	0	0		ISBN連番(弱い証拠=採番ブロック予約でも連番になる)
LOW	SMALL_BATCH	shomuni	ショムニ	1	bunkobon	講談社漫画文庫	講談社	2000-03	month	3	3	1.0	3	1-3		assumed	5.0	2	1996	1997	1	3/3	115	15	0	19	7	12	3	0	13.11	0.2	1種/3件/散0ヶ月 (楽天も実質同日=一挙刊行の可能性)	1	0	0	1	1:2000年03月 2:2000年03月 3:2000年03月	ISBN連番(弱い証拠=採番ブロック予約でも連番になる) / 再版種別 / 楽天も実質同日
LOW	SMALL_BATCH	shoujo-exorcist	少女エクソシスト	0	standard	レモン・コミックス	三学出版	1981-12	month	3	3	1.0	3	1-3		assumed	5.0	1	1981	1981	1	3/3	9	0	0	3	3	9	3	0	1.56	1.3		0	0	0	0		ISBN連番(弱い証拠=採番ブロック予約でも連番になる)
LOW	SMALL_BATCH	shoujo-sa-tan	少女サタン	0	standard	少女心霊コミックシリーズ	三学出版	1982-05-19	day	3	3	1.0	3	1-3		assumed	5.0	1	1982	1982	1	3/3	9	0	0	3	3	11	3	0	1.55	1.3		0	0	0	0		ISBN連番(弱い証拠=採番ブロック予約でも連番になる)
LOW	PUBLISHER_BATCH	shounen-jidai	少年時代	2	bunkobon	中公文庫コミック版	中央公論社	1995-07-18	day	3	3	1.0	3	1-3		assumed	5.0	2	1989	1990	2	3/3	32	6	0	7	4	4	3	0	26.75	0.1	1種/3件/散0ヶ月 (楽天も実質同日=一挙刊行の可能性)	1	0	0	1	1:1995年07月18日頃 2:1995年07月18日頃 3:1995年07月18日頃	ISBN連番(弱い証拠=採番ブロック予約でも連番になる) / 再版種別 / 楽天も実質同日 / 近傍の複数巻作品7件中4件が全巻同日=レーベル体質
LOW	PUBLISHER_BATCH	shounen-no-1	少年No.1	1	shinsoban	マンガショップシリーズ	マンガショップ	2007-09-02	day	3	3	1.0	3	1-3		assumed	5.0	2	1969	1970	1	3/3	109	3	0	25	23	182	3	0	5.95	0.3	1種/3件/散0ヶ月 (楽天も実質同日=一挙刊行の可能性)	1	0	0	1	1:2007年09月02日頃 2:2007年09月02日頃 3:2007年09月02日頃	ISBN連番(弱い証拠=採番ブロック予約でも連番になる) / 再版種別 / 楽天も実質同日 / 近傍の複数巻作品25件中23件が全巻同日=レーベル体質
LOW	PUBLISHER_BATCH	shounen-typhoon	少年台風	0	standard	MANGA Shop Series	パンローリング	2012-01-03	day	3	3	1.0	3	1-3		assumed	5.0	1	2012	2012	1	3/3	58	0	0	17	16	55	3	0	1.71	1.2	1種/3件/散0ヶ月 (楽天も実質同日=一挙刊行の可能性)	1	0	0	1	1:2012年01月 2:2012年01月 3:2012年01月	ISBN連番(弱い証拠=採番ブロック予約でも連番になる) / 楽天も実質同日 / 近傍の複数巻作品17件中16件が全巻同日=レーベル体質
LOW	SMALL_BATCH	shouwa-manga-fuuunroku	昭和漫画風雲録	0	standard		実業之日本社	2004-04-29	day	3	3	1.0	3	1-3		assumed	5.0	1	2004	2004	1	3/3	0	0	0	0	0	0	3	0			1種/3件/散0ヶ月 (楽天も実質同日=一挙刊行の可能性)	1	0	0	1	1:2004年04月29日頃 2:2004年04月29日頃 3:2004年04月29日頃	ISBN連番(弱い証拠=採番ブロック予約でも連番になる) / 楽天も実質同日
LOW	SMALL_BATCH	shumari	シュマリ	2	bunkobon	角川文庫	角川書店	1995-04	month	3	3	1.0	3	1-3		assumed	5.0	4	1976	1979	1	3/3	27	0	0	1	1	72	3	0	0.47	4.2	1種/3件/散0ヶ月 (楽天も実質同日=一挙刊行の可能性)	1	0	0	1	1:1995年04月 2:1995年04月 3:1995年04月	ISBN連番(弱い証拠=採番ブロック予約でも連番になる) / 再版種別 / 楽天も実質同日
LOW	PUBLISHER_BATCH	smash-o-kimero	スマッシュをきめろ!	1	bunkobon	双葉文庫名作シリーズ	双葉社	1998-10-25	day	3	3	1.0	3	1-3		assumed	5.0	1	1970	1970	1	3/3	106	2	0	20	15	26	3	0	4.56	0.4	1種/3件/散0ヶ月 (楽天も実質同日=一挙刊行の可能性)	1	0	0	1	1:1998年10月 2:1998年10月 3:1998年10月	ISBN連番(弱い証拠=採番ブロック予約でも連番になる) / 再版種別 / 楽天も実質同日 / 近傍の複数巻作品20件中15件が全巻同日=レーベル体質
LOW	SMALL_BATCH	softbank	ソフトバンク	0	standard	まんがで学ぶ成功企業の仕事術	朝日新聞出版	2012-03	month	3	3	1.0	3	1-3		assumed	5.0	1	2012	2012	1	3/3	6	1	0	2	1	9	3	0	11.56	0.2		0	0	0	0		ISBN連番(弱い証拠=採番ブロック予約でも連番になる)
LOW	PUBLISHER_BATCH	sora-to-umi-no-aida	空と海のあいだ	1	bunkobon	双葉文庫	双葉社	2009-09	month	3	3	1.0	3	1-3		assumed	5.0	2	1999	2000	1	3/3	104	1	0	22	12	62	3	0	2.73	0.7	1種/3件/散0ヶ月 (楽天も実質同日=一挙刊行の可能性)	1	0	0	1	1:2009年09月 2:2009年09月 3:2009年09月	ISBN連番(弱い証拠=採番ブロック予約でも連番になる) / 再版種別 / 楽天も実質同日 / 近傍の複数巻作品22件中12件が全巻同日=レーベル体質
LOW	PUBLISHER_BATCH	soredemo-chikyuu-wa-mawatteiru	それでも地球は回ってる	1	bunkobon	小学館文庫	小学館	1995-05-10	day	3	3	1.0	3	1-3		assumed	5.0	2	1985	1986	1	3/3	95	3	0	18	9	221	3	0	0.16	12.2	1種/3件/散0ヶ月 (楽天も実質同日=一挙刊行の可能性)	1	0	-1	1	1:1995年04月 2:1995年04月 3:1995年04月	ISBN連番(弱い証拠=採番ブロック予約でも連番になる) / 再版種別 / 楽天も実質同日 / 近傍の複数巻作品18件中9件が全巻同日=レーベル体質
LOW	SMALL_BATCH	soshite-daremo-inakunatta	そして誰もいなくなった	0	bunkobon	ハヤカワ文庫. クリスティー文庫	早川書房	2025-02-24	day	3	3	1.0	3	1-3		assumed	5.0	1	2025	2025	1	3/3	0	0	0	0	0	0	3	0			1種/3件/散0ヶ月 (楽天も実質同日=一挙刊行の可能性)	1	0	0	1	1:2025年02月26日頃 2:2025年02月26日頃 3:2025年02月26日頃	ISBN連番(弱い証拠=採番ブロック予約でも連番になる) / 再版種別 / 楽天も実質同日
LOW	SMALL_BATCH	spotlight	スポットライト	1	bunkobon	講談社漫画文庫	講談社	2001-02	month	3	3	1.0	3	1-3		assumed	5.0	2	1975	1976	1	3/3	118	17	0	20	7	10	3	0	11.12	0.2	1種/3件/散0ヶ月 (楽天も実質同日=一挙刊行の可能性)	1	0	0	1	1:2001年02月 2:2001年02月 3:2001年02月	ISBN連番(弱い証拠=採番ブロック予約でも連番になる) / 再版種別 / 楽天も実質同日
LOW	SMALL_BATCH	strain	strain	1	bunkobon	小学館文庫	小学館	2003-05	month	3	3	1.0	3	1-3		assumed	5.0	2	1997	1998	1	3/3	78	2	0	6	1	76	3	0	1.05	1.9	1種/3件/散0ヶ月 (楽天も実質同日=一挙刊行の可能性)	1	0	-1	1	1:2003年04月15日頃 2:2003年04月15日頃 3:2003年04月15日頃	ISBN連番(弱い証拠=採番ブロック予約でも連番になる) / 再版種別 / 楽天も実質同日
LOW	PUBLISHER_BATCH	sugata-sanshirou	姿三四郎	5	bunkobon	講談社漫画文庫	講談社	2001-06	month	3	3	1.0	3	1-3		assumed	5.0	37	1954	1990	2	3/3	62	10	0	12	7	5	3	0	7.0	0.3	1種/3件/散0ヶ月 (楽天も実質同日=一挙刊行の可能性)	1	0	0	1	1:2001年06月 2:2001年06月 3:2001年06月	ISBN連番(弱い証拠=採番ブロック予約でも連番になる) / 再版種別 / 楽天も実質同日 / 近傍の複数巻作品12件中7件が全巻同日=レーベル体質
LOW	PUBLISHER_BATCH	super-giants	スーパージャイアンツ	0	standard	MANGA Shop Series	パンローリング	2009-11-02	day	3	4	0.75	3	2-4		assumed	5.0	1	2009	2009	1	3/3	86	1	0	25	23	31	3	0	5.4	0.4	1種/3件/散0ヶ月 (楽天も実質同日=一挙刊行の可能性)	1	0	0	1	2:2009年11月 3:2009年11月 4:2009年11月	ISBN連番(弱い証拠=採番ブロック予約でも連番になる) / 楽天も実質同日 / 近傍の複数巻作品25件中23件が全巻同日=レーベル体質
LOW	PUBLISHER_BATCH	supootsuman-kintarou-daiisshou	スポーツマン金太郎 第1章	0	standard	マンガショップシリーズ	パンローリング	2009-02-02	day	3	3	1.0	3	1-3		assumed	5.0	1	2009	2009	1	3/3	87	0	0	22	18	200	3	0	2.25	0.9	1種/3件/散0ヶ月 (楽天も実質同日=一挙刊行の可能性)	1	0	0	1	1:2009年02月 2:2009年02月 3:2009年02月	ISBN連番(弱い証拠=採番ブロック予約でも連番になる) / 楽天も実質同日 / 近傍の複数巻作品22件中18件が全巻同日=レーベル体質
LOW	PUBLISHER_BATCH	supootsuman-kintarou-dainishou	スポーツマン金太郎 第2章	0	standard	マンガショップシリーズ	パンローリング	2009-03-15	day	3	3	1.0	3	1-3		assumed	5.0	1	2009	2009	1	3/3	85	0	0	21	17	200	3	0	2.3	0.9	1種/3件/散0ヶ月 (楽天も実質同日=一挙刊行の可能性)	1	0	0	1	1:2009年03月 2:2009年03月 3:2009年03月	ISBN連番(弱い証拠=採番ブロック予約でも連番になる) / 楽天も実質同日 / 近傍の複数巻作品21件中17件が全巻同日=レーベル体質
LOW	PUBLISHER_BATCH	supootsuman-kintarou-saishuushou	スポーツマン金太郎 最終章	0	standard	マンガショップシリーズ	パンローリング	2009-04-15	day	3	3	1.0	3	1-3		assumed	5.0	1	2009	2009	1	3/3	85	0	0	21	17	201	3	0	2.38	0.8	1種/3件/散0ヶ月 (楽天も実質同日=一挙刊行の可能性)	1	0	0	1	1:2009年04月 2:2009年04月 3:2009年04月	ISBN連番(弱い証拠=採番ブロック予約でも連番になる) / 楽天も実質同日 / 近傍の複数巻作品21件中17件が全巻同日=レーベル体質
LOW	PUBLISHER_BATCH	supootsuman-sasuke	スポーツマン佐助	0	standard	マンガショップシリーズ	パンローリング	2009-10-15	day	3	3	1.0	3	1-3		assumed	5.0	1	2009	2009	1	3/3	87	3	0	25	23	30	3	0	5.55	0.4	1種/3件/散0ヶ月 (楽天も実質同日=一挙刊行の可能性)	1	0	0	1	1:2009年10月 2:2009年10月 3:2009年10月	ISBN連番(弱い証拠=採番ブロック予約でも連番になる) / 楽天も実質同日 / 近傍の複数巻作品25件中23件が全巻同日=レーベル体質
LOW	PUBLISHER_BATCH	t-patrol-bon	T・Pぼん	1	bunkobon	中公文庫コミック版	中央公論社	1995-06-18	day	3	3	1.0	3	1-3		assumed	5.0	30	1995	2024	2	3/3	30	4	0	7	4	4	3	0	25.25	0.1	2種/3件/散5ヶ月 ★楽天はバラける=本番の同一日が偽	2	5	-5	0	1:1995年06月 2:1995年01月01日頃 3:1995年01月01日頃	ISBN連番(弱い証拠=採番ブロック予約でも連番になる) / 再版種別 / 近傍の複数巻作品7件中4件が全巻同日=レーベル体質
LOW	SMALL_BATCH	taichou-no-zaku-san	隊長のザクさん	0	standard	角川コミックス・エース	KADOKAWA	2023-02-24	day	3	3	1.0	3	1-3		assumed	5.0	1	2023	2023	1	3/3	33	1	0	3	2	10	3	0	6.1	0.3	1種/3件/散0ヶ月 (楽天も実質同日=一挙刊行の可能性)	1	0	0	1	1:2023年02月24日 2:2023年02月24日 3:2023年02月24日	ISBN連番(弱い証拠=採番ブロック予約でも連番になる) / 楽天も実質同日
LOW	PUBLISHER_BATCH	takashina-ryouko-satsujin-jiken-selection	高階良子殺人事件セレクション	0	deluxe	KCデラックス	講談社	1998-06-12	day	3	3	1.0	3	1-3		assumed	5.0	1	1998	1998	1	3/3	53	7	0	8	4	6	3	0	10.67	0.2	1種/3件/散0ヶ月 (楽天も実質同日=一挙刊行の可能性)	1	0	0	1	1:1998年06月12日頃 2:1998年06月12日頃 3:1998年06月12日頃	ISBN連番(弱い証拠=採番ブロック予約でも連番になる) / 再版種別 / 楽天も実質同日 / 近傍の複数巻作品8件中4件が全巻同日=レーベル体質
LOW	PUBLISHER_BATCH	takeda-katsuyori	武田勝頼	1	bunkobon	講談社漫画文庫	講談社	1999-02-09	day	3	3	1.0	3	1-3		assumed	5.0	1	1988	1988	1	3/3	108	7	0	25	13	32	3	0	2.7	0.7	1種/3件/散0ヶ月 (楽天も実質同日=一挙刊行の可能性)	1	0	0	1	1:1999年02月09日頃 2:1999年02月09日頃 3:1999年02月09日頃	ISBN連番(弱い証拠=採番ブロック予約でも連番になる) / 再版種別 / 楽天も実質同日 / 近傍の複数巻作品25件中13件が全巻同日=レーベル体質
LOW	SMALL_BATCH	tatsuki-ryou-senshuu	たつき諒選集	0	standard		飛鳥新社	2022-03-16	day	3	3	1.0	3	1-3		assumed	5.0	1	2022	2022	1	3/3	9	0	0	2	1	21	3	0	4.81	0.4		0	0	0	0		ISBN連番(弱い証拠=採番ブロック予約でも連番になる)
LOW	SMALL_BATCH	ten-to-chi-to	天と地と	1	bunkobon	講談社漫画文庫	講談社	1998-09	month	3	3	1.0	3	1-3		assumed	5.0	2	1987	1988	1	3/3	114	5	0	22	10	35	3	0	4.35	0.5	1種/3件/散0ヶ月 (楽天も実質同日=一挙刊行の可能性)	1	0	0	1	1:1998年09月 2:1998年09月 3:1998年09月	ISBN連番(弱い証拠=採番ブロック予約でも連番になる) / 再版種別 / 楽天も実質同日
LOW	SMALL_BATCH	tenshi-no-omou-tsubo	天使の思う壺	1	bunkobon	知恵の森文庫	光文社	2001-01	month	3	3	1.0	3	1-3		assumed	5.0	1	1995	1995	1	3/3	7	0	0	2	1	3	3	0	7.0	0.3	1種/3件/散0ヶ月 (楽天も実質同日=一挙刊行の可能性)	1	0	0	1	1:2001年01月 2:2001年01月 3:2001年01月	ISBN連番(弱い証拠=採番ブロック予約でも連番になる) / 再版種別 / 楽天も実質同日
LOW	PUBLISHER_BATCH	tentoumushinouta	てんとう虫の歌	2	bunkobon	小学館コロコロ文庫	小学館	1995-02	month	3	3	1.0	3	1-3		assumed	5.0	2	1974	1975	1	3/3	39	0	0	8	5	36	3	0	0.75	2.7	1種/3件/散0ヶ月 (楽天も実質同日=一挙刊行の可能性)	1	0	0	1	1:1995年02月 2:1995年02月 3:1995年02月	ISBN連番(弱い証拠=採番ブロック予約でも連番になる) / 再版種別 / 楽天も実質同日 / 近傍の複数巻作品8件中5件が全巻同日=レーベル体質
LOW	PUBLISHER_BATCH	teppen-1993	てっぺん	1	bunkobon	講談社漫画文庫	講談社	1999-07-01	day	3	3	1.0	3	1-3		assumed	5.0	4	1993	1996	1	3/3	110	14	0	25	14	10	3	0	4.78	0.4	1種/3件/散0ヶ月 (楽天も実質同日=一挙刊行の可能性)	1	0	0	1	1:1999年07月01日頃 2:1999年07月01日頃 3:1999年07月01日頃	ISBN連番(弱い証拠=採番ブロック予約でも連番になる) / 再版種別 / 楽天も実質同日 / 近傍の複数巻作品25件中14件が全巻同日=レーベル体質
LOW	PUBLISHER_BATCH	tobenai-tsubasa	とべない翼	0	standard	MANGA Shop Series	パンローリング	2006-12-02	day	3	3	1.0	3	1-3		assumed	5.0	1	2006	2006	1	3/3	110	3	0	23	20	21	3	0	5.43	0.4	1種/3件/散0ヶ月 (楽天も実質同日=一挙刊行の可能性)	1	0	-1	1	1:2006年11月14日頃 2:2006年11月14日頃 3:2006年11月14日頃	ISBN連番(弱い証拠=採番ブロック予約でも連番になる) / 楽天も実質同日 / 近傍の複数巻作品23件中20件が全巻同日=レーベル体質
LOW	SMALL_BATCH	toki-no-gyouja	時の行者	4	bunkobon	講談社漫画文庫	講談社	2000-02-10	day	3	3	1.0	3	1-3		assumed	5.0	7	1977	1983	1	3/3	115	11	0	19	8	12	3	0	10.9	0.2	1種/3件/散0ヶ月 (楽天も実質同日=一挙刊行の可能性)	1	0	0	1	1:2000年02月 2:2000年02月 3:2000年02月	ISBN連番(弱い証拠=採番ブロック予約でも連番になる) / 再版種別 / 楽天も実質同日
LOW	SMALL_BATCH	tokiiro-triangle	朱鷺色三角	1	bunkobon	白泉社文庫	白泉社	1997-12-17	day	3	3	1.0	3	1-3		assumed	5.0	3	1985	1987	1	3/3	117	3	0	21	4	144	3	0			2種/3件/散0ヶ月 (楽天も実質同日=一挙刊行の可能性)	2	0	0	1	1:1997年12月17日頃 2:1997年12月 3:1997年12月	ISBN連番(弱い証拠=採番ブロック予約でも連番になる) / 再版種別 / 楽天も実質同日
LOW	PUBLISHER_BATCH	tokyo-kazoku	東京家族	1	bunkobon	双葉文庫名作シリーズ	双葉社	2008-10	month	3	3	1.0	3	1-3		assumed	5.0	1	2003	2003	1	3/3	101	3	0	19	10	33	3	0	3.63	0.6	1種/3件/散0ヶ月 (楽天も実質同日=一挙刊行の可能性)	1	0	0	1	1:2008年10月 2:2008年10月 3:2008年10月	ISBN連番(弱い証拠=採番ブロック予約でも連番になる) / 再版種別 / 楽天も実質同日 / 近傍の複数巻作品19件中10件が全巻同日=レーベル体質
LOW	SMALL_BATCH	tokyo-kuukan-1868-1930	東京空間1868-1930	0	standard		筑摩書房	1986-09	month	3	3	1.0	3	1-3		assumed	5.0	1	1986	1986	1	3/3	0	0	0	0	0	0	3	0				0	0	0	0		ISBN連番(弱い証拠=採番ブロック予約でも連番になる)
LOW	SMALL_BATCH	tokyo-love-story	東京ラブストーリー	1	bunkobon	小学館文庫	小学館	1995-11	month	3	3	1.0	3	1-3		assumed	5.0	2	1990	1991	1	3/3	82	0	0	12	3	103	3	0	0.74	2.7	1種/3件/散0ヶ月 (楽天も実質同日=一挙刊行の可能性)	1	0	-1	1	1:1995年10月17日頃 2:1995年10月17日頃 3:1995年10月17日頃	ISBN連番(弱い証拠=採番ブロック予約でも連番になる) / 再版種別 / 楽天も実質同日
LOW	SMALL_BATCH	tonari-no-yamada-kun-zenshuu	となりの山田くん 全集	0	standard	Animage comics special	徳間書店	1999-05-10	day	3	3	1.0	3	1-3		assumed	5.0	1	1999	1999	1	3/3	31	0	0	6	2	165	3	0	0.37	5.4	1種/3件/散0ヶ月 (楽天も実質同日=一挙刊行の可能性)	1	0	-1	1	1:1999年04月 2:1999年04月 3:1999年04月	ISBN連番(弱い証拠=採番ブロック予約でも連番になる) / 学習/全集/BOX語 / 楽天も実質同日
LOW	SMALL_BATCH	torufan-no-nishi	トルファンの西	0	standard	青林堂オンデマンド	不明	2002-08-01	day	3	3	1.0	3	1-3		assumed	5.0	12	1991	2002	2		0	0	0	0	0	0	0	0				0	0	0	0		
LOW	PUBLISHER_BATCH	toudai-kaishingeki	東大快進撃	1	bunkobon	小学館コロコロ文庫	小学館	1995-05	month	3	3	1.0	3	1-3		assumed	5.0	1	1981	1981	1	3/3	49	0	0	10	7	45	3	0	1.42	1.4	1種/3件/散0ヶ月 (楽天も実質同日=一挙刊行の可能性)	1	0	0	1	1:1995年05月 2:1995年05月 3:1995年05月	ISBN連番(弱い証拠=採番ブロック予約でも連番になる) / 再版種別 / 楽天も実質同日 / 近傍の複数巻作品10件中7件が全巻同日=レーベル体質
LOW	PUBLISHER_BATCH	tsubakuro-zukin	つばくろ頭巾	0	standard	MANGA Shop Series	パンローリング	2007-06-02	day	3	3	1.0	3	1-3		assumed	5.0	-46	2007	1960	1	3/3	109	3	0	23	21	21	3	0	5.84	0.3	1種/3件/散0ヶ月 (楽天も実質同日=一挙刊行の可能性)	1	0	-1	1	1:2007年05月15日頃 2:2007年05月15日頃 3:2007年05月15日頃	ISBN連番(弱い証拠=採番ブロック予約でも連番になる) / 楽天も実質同日 / 近傍の複数巻作品23件中21件が全巻同日=レーベル体質
LOW	PUBLISHER_BATCH	tsuraize-boku-chan	つらいぜ!ボクちゃん	2	bunkobon	双葉文庫名作シリーズ	双葉社	1998-04	month	3	3	1.0	3	1-3		assumed	5.0	2	1975	1976	1	3/3	97	4	0	22	19	36	3	0	3.19	0.6	1種/3件/散0ヶ月 (楽天も実質同日=一挙刊行の可能性)	1	0	0	1	1:1998年04月 2:1998年04月 3:1998年04月	ISBN連番(弱い証拠=採番ブロック予約でも連番になる) / 再版種別 / 楽天も実質同日 / 近傍の複数巻作品22件中19件が全巻同日=レーベル体質
LOW	PUBLISHER_BATCH	tsurugi-no-mai	つるぎのまい!	0	standard	E・2コミックス	廣済堂あかつき出版事業部	2010-09	month	3	3	1.0	3	1-3		assumed	5.0	1	2010	2010	1	3/3	17	0	0	4	2	44	3	0	2.02	1.0	1種/3件/散0ヶ月 (楽天も実質同日=一挙刊行の可能性)	1	0	-1	1	1:2010年08月 2:2010年08月 3:2010年08月	ISBN連番(弱い証拠=採番ブロック予約でも連番になる) / 楽天も実質同日 / 近傍の複数巻作品4件中2件が全巻同日=レーベル体質
LOW	SMALL_BATCH	uchi-no-mama-ga-yuu-koto-niwa	うちのママが言うことには	1	bunkobon	Young you特別企画文庫	集英社	1999-03	month	3	3	1.0	3	1-3		assumed	5.0	8	1988	1995	1	3/3	78	2	0	14	6	90	3	0	0.85	2.4	1種/3件/散0ヶ月 (楽天も実質同日=一挙刊行の可能性)	1	0	0	1	1:1999年03月 2:1999年03月 3:1999年03月	ISBN連番(弱い証拠=採番ブロック予約でも連番になる) / 再版種別 / 楽天も実質同日
LOW	PUBLISHER_BATCH	uchuu-kaizoku-captain-harlock	宇宙海賊キャプテンハーロック	3	bunkobon	秋田文庫	秋田書店	1994-04-30	day	3	3	1.0	3	1-3		assumed	5.0	3	1977	1979	2	3/3	82	8	0	8	5	177	3	0	0.11	17.7	1種/3件/散0ヶ月 (楽天も実質同日=一挙刊行の可能性)	1	0	0	1	1:1994年04月30日頃 2:1994年04月30日頃 3:1994年04月30日頃	ISBN連番(弱い証拠=採番ブロック予約でも連番になる) / 再版種別 / 楽天も実質同日 / 近傍の複数巻作品8件中5件が全巻同日=レーベル体質
LOW	PUBLISHER_BATCH	ultra-seven-1978	ウルトラセブン	1	shinsoban	MANGA Shop Series	マンガショップ	2004-12-25	day	3	3	1.0	3	1-3		assumed	5.0	1	1978	1978	2	3/3	68	7	1	18	14	18	3	0	5.0	0.4	1種/3件/散0ヶ月 (楽天も実質同日=一挙刊行の可能性)	1	0	0	1	1:2004年12月 2:2004年12月 3:2004年12月	ISBN連番(弱い証拠=採番ブロック予約でも連番になる) / 再版種別 / 楽天も実質同日 / 近傍の複数巻作品18件中14件が全巻同日=レーベル体質
LOW	PUBLISHER_BATCH	ultra-seven	ウルトラセブン	1	shinsoban	MANGA Shop Series	マンガショップ	2004-12-25	day	3	3	1.0	3	1-3		assumed	5.0	1	1978	1978	2	3/3	68	7	1	18	14	18	3	0	5.0	0.4	1種/3件/散0ヶ月 (楽天も実質同日=一挙刊行の可能性)	1	0	0	1	1:2004年12月 2:2004年12月 3:2004年12月	ISBN連番(弱い証拠=採番ブロック予約でも連番になる) / 再版種別 / 楽天も実質同日 / 近傍の複数巻作品18件中14件が全巻同日=レーベル体質
LOW	PUBLISHER_BATCH	umi-no-toriton	海のトリトン	3	bunkobon	秋田文庫	秋田書店	1994-11	month	3	3	1.0	3	1-3		assumed	5.0	2	1972	1973	1	3/3	102	10	0	15	9	206	3	0	0.36	5.5	1種/3件/散0ヶ月 (楽天も実質同日=一挙刊行の可能性)	1	0	11	1	1:1995年10月 2:1995年10月 3:1995年10月	ISBN連番(弱い証拠=採番ブロック予約でも連番になる) / 再版種別 / 楽天も実質同日 / 近傍の複数巻作品15件中9件が全巻同日=レーベル体質
LOW	PUBLISHER_BATCH	vampire	バンパイヤ	5	bunkobon	秋田文庫	秋田書店	1995-02-25	day	3	3	1.0	3	1-3		assumed	5.0	26	1968	1993	2	3/3	99	9	0	17	11	206	3	0	0.26	7.8	1種/3件/散0ヶ月 (楽天も実質同日=一挙刊行の可能性)	1	0	0	1	1:1995年02月25日頃 2:1995年02月25日頃 3:1995年02月25日頃	ISBN連番(弱い証拠=採番ブロック予約でも連番になる) / 再版種別 / 楽天も実質同日 / 近傍の複数巻作品17件中11件が全巻同日=レーベル体質
LOW	PUBLISHER_BATCH	victoria-milan-no-daishou	ヴィクトリアミランの代償	0	standard	Bamboo comics	竹書房	2023-03	month	3	3	1.0	3	1-3		assumed	5.0	1	2023	2023	1	3/3	85	0	0	7	7	8	3	0	25.25	0.1	1種/2件/散0ヶ月 (楽天も実質同日=一挙刊行の可能性)	1	0	-1	0	1:2023年02月27日 2:2023年02月27日	ISBN連番(弱い証拠=採番ブロック予約でも連番になる) / 近傍の複数巻作品7件中7件が全巻同日=レーベル体質
LOW	PUBLISHER_BATCH	x-man	Xマン	0	standard	マンガショップシリーズ	パンローリング	2008-05-02	day	3	5	0.6	3	1-3		assumed	5.0	1	2008	2008	1	3/3	97	1	0	22	19	189	3	0	6.33	0.3		0	0	0	0		ISBN連番(弱い証拠=採番ブロック予約でも連番になる) / 近傍の複数巻作品22件中19件が全巻同日=レーベル体質
LOW	SMALL_BATCH	yami-no-alexandra	闇のアレキサンドラ	1	deluxe	KCデラックス	講談社	1999-10-13	day	3	3	1.0	3	1-3		assumed	5.0	2	1995	1996	1	3/3	59	4	0	10	1	10	3	0	9.3	0.2	1種/3件/散0ヶ月 (楽天も実質同日=一挙刊行の可能性)	1	0	0	1	1:1999年10月13日頃 2:1999年10月13日頃 3:1999年10月13日頃	ISBN連番(弱い証拠=採番ブロック予約でも連番になる) / 再版種別 / 楽天も実質同日
LOW	SMALL_BATCH	yaminodoki	闇の土鬼	1	bunkobon	講談社漫画文庫	講談社	2000-05	month	3	3	1.0	3	1-3		assumed	5.0	10	1984	1993	2	3/3	115	12	0	22	8	10	3	0	14.75	0.1	1種/3件/散0ヶ月 (楽天も実質同日=一挙刊行の可能性)	1	0	0	1	1:2000年05月 2:2000年05月 3:2000年05月	ISBN連番(弱い証拠=採番ブロック予約でも連番になる) / 再版種別 / 楽天も実質同日
LOW	SMALL_BATCH	yellow-kawaguchi-1996	Yellow	1	bunkobon	小学館文庫	小学館	2003-01	month	3	3	1.0	3	1-3		assumed	5.0	2	1996	1997	1	3/3	63	2	0	8	3	19	3	0	6.21	0.3	1種/3件/散0ヶ月 (楽天も実質同日=一挙刊行の可能性)	1	0	-1	1	1:2002年12月14日頃 2:2002年12月14日頃 3:2002年12月14日頃	ISBN連番(弱い証拠=採番ブロック予約でも連番になる) / 再版種別 / 楽天も実質同日
LOW	SMALL_BATCH	yonaoshi-gen-san	世直し源さん	0	bunkobon	竹書房文庫	竹書房	2005-12-07	day	3	3	1.0	3	1-3		assumed	5.0	1	2005	2005	1	3/3	0	0	0	0	0	0	3	0			1種/3件/散0ヶ月 (楽天も実質同日=一挙刊行の可能性)	1	0	0	1	1:2005年12月 2:2005年12月 3:2005年12月	ISBN連番(弱い証拠=採番ブロック予約でも連番になる) / 再版種別 / 楽天も実質同日
LOW	SMALL_BATCH	young-shima-kousaku-shuninhen	ヤング島耕作 主任編	1	bunkobon	講談社漫画文庫	講談社	2017-09-12	day	3	3	1.0	3	1-3		assumed	5.0	3	2008	2010	1	3/3	63	0	0	8	1	42	3	0	1.32	1.5	1種/3件/散0ヶ月 (楽天も実質同日=一挙刊行の可能性)	1	0	0	1	1:2017年09月12日頃 2:2017年09月12日頃 3:2017年09月12日頃	ISBN連番(弱い証拠=採番ブロック予約でも連番になる) / 再版種別 / 楽天も実質同日
LOW	SMALL_BATCH	youseiou	妖精王	2	bunkobon	白泉社文庫	白泉社	1995-09-19	day	3	3	1.0	3	1-3		assumed	5.0	2	1977	1978	1	3/3	120	6	0	25	8	125	3	0	0.91	2.2	1種/3件/散0ヶ月 (楽天も実質同日=一挙刊行の可能性)	1	0	0	1	1:1995年09月 2:1995年09月 3:1995年09月	ISBN連番(弱い証拠=採番ブロック予約でも連番になる) / 再版種別 / 楽天も実質同日
LOW	PUBLISHER_BATCH	yuka-o-yobu-umi	ユカをよぶ海	3	other	母と娘でみる漫画名作館	草の根出版会	1988-07	month	3	3	1.0	3	1-3		assumed	5.0	1	1963	1963	1	3/3	12	0	0	4	4	25	3	0	1.92	1.0	1種/3件/散0ヶ月 (楽天も実質同日=一挙刊行の可能性)	1	0	0	1	1:1988年07月 2:1988年07月 3:1988年07月	ISBN連番(弱い証拠=採番ブロック予約でも連番になる) / 楽天も実質同日 / 近傍の複数巻作品4件中4件が全巻同日=レーベル体質
LOW	PUBLISHER_BATCH	yuki-no-taiyou	ユキの太陽	1	shinsoban	母と娘でみる漫画名作館	草の根出版会	1988-03	month	3	3	1.0	3	1-3		assumed	5.0	7	1963	1969	1	3/3	12	0	0	4	4	25	3	0	1.92	1.0	1種/3件/散0ヶ月 (楽天も実質同日=一挙刊行の可能性)	1	0	0	1	1:1988年03月 2:1988年03月 3:1988年03月	ISBN連番(弱い証拠=採番ブロック予約でも連番になる) / 再版種別 / 楽天も実質同日 / 近傍の複数巻作品4件中4件が全巻同日=レーベル体質
LOW	SMALL_BATCH	yuni-e	由似へ…	1	bunkobon	集英社文庫コミック版	集英社	1998-02-23	day	3	3	1.0	3	1-3		assumed	5.0	2	1980	1981	1	3/3	115	6	0	16	5	32	3	0	1.84	1.1	1種/3件/散0ヶ月 (楽天も実質同日=一挙刊行の可能性)	1	0	0	1	1:1998年02月 2:1998年02月 3:1998年02月	ISBN連番(弱い証拠=採番ブロック予約でも連番になる) / 再版種別 / 楽天も実質同日
LOW	PUBLISHER_BATCH	yuusei-kamen	遊星仮面	0	standard	MANGA Shop Series	パンローリング	2007-12-03	day	3	3	1.0	3	1-3		assumed	5.0	1	2007	2007	1	3/3	104	2	0	26	24	184	3	0	6.05	0.3	1種/3件/散0ヶ月 (楽天も実質同日=一挙刊行の可能性)	1	0	-1	1	1:2007年11月19日頃 2:2007年11月19日頃 3:2007年11月19日頃	ISBN連番(弱い証拠=採番ブロック予約でも連番になる) / 楽天も実質同日 / 近傍の複数巻作品26件中24件が全巻同日=レーベル体質
LOW	SMALL_BATCH	yuzuki-hikaru-no-oshigoto	弓月光のお仕事	0	aizoban	ビジネスジャンプ愛蔵版コミックス	集英社	2008-06	month	3	3	1.0	3	1-3		assumed	5.0	1	2008	2008	1		0	0	0	0	0	0	0	0			1種/1件/散0ヶ月 (楽天も実質同日=一挙刊行の可能性)	1	0	0	0	1:2008年06月	再版種別
LOW	SMALL_BATCH	zannenkei-akuyaku-reijou-wa-3-nengo-ni-hametsu-suru-you-desu	残念系悪役令嬢は3年後に破滅するようです	0	standard	フロースコミック	KADOKAWA	2023-03-17	day	3	3	1.0	3	1-3		assumed	5.0	1	2023	2023	1	3/7	61	15	4	2	2	10	7	0	7.88	0.8	1種/3件/散0ヶ月 (楽天も実質同日=一挙刊行の可能性)	1	0	0	1	1:2023年03月17日 2:2023年03月17日 3:2023年03月17日	楽天も実質同日
LOW	SMALL_BATCH	karate-baka-ichidai	空手バカ一代	0	standard	講談社コミックス	講談社	1972-10-10	day	3	29	0.1	1	1-3	2.4	observed	4.8	7	1972	1978	1		0	0	0	0	0	0	0	0				0	0	0	0		
LOW	SMALL_BATCH	switch-new-era-basketball-comic	switch	0	standard	少年サンデーコミックス	小学館	2021-07-16	day	3	15	0.2	1	13-15	2.3	observed	4.6	4	2018	2021	1	3/3	115	26	0	12	0	6	3	0	29.25	0.1	1種/3件/散0ヶ月 (楽天も実質同日=一挙刊行の可能性)	1	0	0	1	13:2021年07月16日 14:2021年07月16日 15:2021年07月16日	ISBN連番(弱い証拠=採番ブロック予約でも連番になる) / 楽天も実質同日
LOW	SMALL_BATCH	kagegari	影狩り	4	bunkobon	小学館文庫	小学館	1976-05	month	3	12	0.25	1	1-5(飛)	2.3	observed	4.5	2	1972	1973	1		0	0	0	0	0	0	0	0				0	0	0	0		再版種別
LOW	SMALL_BATCH	fire-emblem-seisen-no-keifu	ファイアーエムブレム聖戦の系譜	0	standard	MFコミックス	メディアファクトリー	1999-10-23	day	3	12	0.25	1	1-7(飛)	2.2	observed	4.4	3	1999	2001	1	3/7	64	1	0	19	1	35	7	0	2.6	2.3		0	0	0	0		
LOW	SMALL_BATCH	deborah-ga-rival	デボラがライバル	0	standard	マーガレットコミックス	集英社	1997-06-30	day	3	4	0.75	3	1-3	2.0	observed	4.0	1	1997	1997	1	3/3	63	8	0	17	0	8	3	0	13.62	0.1	1種/3件/散0ヶ月 (楽天も実質同日=一挙刊行の可能性)	1	0	0	1	1:1997年06月25日頃 2:1997年06月25日頃 3:1997年06月25日頃	ISBN連番(弱い証拠=採番ブロック予約でも連番になる) / 楽天も実質同日
LOW	SMALL_BATCH	eko-eko-azaraku	エコエコアザラク	2	shinsoban	ホラーコミックススペシャル	秋田書店	1996-02-28	day	3	5	0.6	1	1-3	2.0	observed	4.0	4	1976	1979	1	3/3	69	0	0	10	0	173	3	0	0.79	2.5	1種/3件/散0ヶ月 (楽天も実質同日=一挙刊行の可能性)	1	0	-1	1	1:1996年01月29日頃 2:1996年01月29日頃 3:1996年01月29日頃	ISBN連番(弱い証拠=採番ブロック予約でも連番になる) / 再版種別 / 楽天も実質同日
LOW	SMALL_BATCH	fuji-santarou	フジ三太郎	0	standard	通常版	不明	1974-06-20	day	3	5	0.6	1	1-3	2.0	observed	4.0	2	1974	1975	1		0	0	0	0	0	0	0	0				0	0	0	0		
LOW	SMALL_BATCH	kaze-no-wakusei-zefaa	風の惑星ゼファー	0	standard	少年キャプテンコミックススペシャル	徳間書店	1995-12-10	day	3	4	0.75	3	1-3	2.0	observed	4.0	2	1995	1996	1	3/4	90	1	0	22	1	85	4	0	1.21	2.5	1種/3件/散0ヶ月 (楽天も実質同日=一挙刊行の可能性)	1	0	-1	1	1:1995年11月09日頃 2:1995年11月09日頃 3:1995年11月09日頃	ISBN連番(弱い証拠=採番ブロック予約でも連番になる) / 楽天も実質同日
LOW	SMALL_BATCH	kinyoubi-no-shinshitsu	金曜日の寝室	1	bunkobon	フランス書院コミック文庫	フランス書院	1987-06	month	3	5	0.6	1	1-3	2.0	observed	4.0	1	1981	1981	1	3/3	1	0	0	0	0	0	3	0				0	0	0	0		ISBN連番(弱い証拠=採番ブロック予約でも連番になる) / 再版種別
LOW	SMALL_BATCH	shiawase-wa-konna-katachi-de-yattekuru	幸せはこんなカタチでやってくる	0	standard	ラキッシュ・コミックス	冬水社	1996-04	month	3	7	0.43	1	1-4(飛)	2.0	observed	4.0	2	1996	1997	1		0	0	0	0	0	0	0	0				0	0	0	0		
LOW	SMALL_BATCH	shin-kaiketsu-jouki-tanteidan	真・快傑蒸気探偵団	0	standard	Dengeki Comics EX	メディアワークス	2001-12-10	day	3	13	0.23	1	1-3	1.9	observed	3.8	3	2001	2003	1	3/3	19	4	0	0	0	6	3	0	15.17	0.1	1種/3件/散0ヶ月 (楽天も実質同日=一挙刊行の可能性)	1	0	0	1	1:2001年12月10日頃 2:2001年12月10日頃 3:2001年12月10日頃	ISBN連番(弱い証拠=採番ブロック予約でも連番になる) / 楽天も実質同日
LOW	SMALL_BATCH	shin-kaiketsu-jouki-tanteidan	真・快傑蒸気探偵団	0	standard	Dengeki Comics EX	メディアワークス	2002-01-10	day	3	13	0.23	1	4-6	1.9	observed	3.8	3	2001	2003	1	3/3	22	3	0	1	1	6	3	0	18.0	0.1	1種/3件/散0ヶ月 (楽天も実質同日=一挙刊行の可能性)	1	0	0	1	4:2002年01月10日頃 5:2002年01月10日頃 6:2002年01月10日頃	ISBN連番(弱い証拠=採番ブロック予約でも連番になる) / 楽天も実質同日
LOW	SMALL_BATCH	tiger-mask	タイガー・マスク	0	standard	講談社コミックス		1970	year	3	14	0.21	2	6-9(飛)	1.8	observed	3.7	3	1969	1971	1		0	0	0	0	0	0	0	0				0	0	0	0		
LOW	SMALL_BATCH	chiisana-koi-no-monogatari	小さな恋のものがたり	2	shinsoban	復刻版(2013)	学研	2014-07-22	day	3	9	0.33	3	4-6	1.8	observed	3.5	49	1974	2022	1	3/3	0	0	0	0	0	0	3	0			1種/3件/散0ヶ月 (楽天も実質同日=一挙刊行の可能性)	1	0	0	1	4:2014年07月22日頃 5:2014年07月22日頃 6:2014年07月22日頃	ISBN連番(弱い証拠=採番ブロック予約でも連番になる) / 学習/全集/BOX語 / 再版種別 / 楽天も実質同日
LOW	SMALL_BATCH	chiisana-koi-no-monogatari	小さな恋のものがたり	2	shinsoban	復刻版(2013)	学研	2014-09-25	day	3	9	0.33	3	7-9	1.8	observed	3.5	49	1974	2022	1	3/3	1	0	0	0	0	0	3	0			1種/3件/散0ヶ月 (楽天も実質同日=一挙刊行の可能性)	1	0	0	1	7:2014年09月25日頃 8:2014年09月25日頃 9:2014年09月25日頃	ISBN連番(弱い証拠=採番ブロック予約でも連番になる) / 学習/全集/BOX語 / 再版種別 / 楽天も実質同日
LOW	SMALL_BATCH	kichikujima	鬼畜島	0	standard	Bamboo comics	LINE Digital Frontier	2019-08-10	day	3	24	0.12	1	1-3	1.7	observed	3.5	4	2019	2022	1	3/3	66	4	0	21	3	14	3	0	5.93	0.3	1種/3件/散0ヶ月 (楽天も実質同日=一挙刊行の可能性)	1	0	0	1	1:2019年08月10日 2:2019年08月10日 3:2019年08月10日	ISBN連番(弱い証拠=採番ブロック予約でも連番になる) / 楽天も実質同日
LOW	SMALL_BATCH	kichikujima	鬼畜島	0	standard	Bamboo comics	LINE Digital Frontier	2019-09-13	day	3	24	0.12	1	4-6	1.7	observed	3.5	4	2019	2022	1	3/3	57	5	0	17	2	13	3	0	6.17	0.3	1種/3件/散0ヶ月 (楽天も実質同日=一挙刊行の可能性)	1	0	0	1	4:2019年09月13日頃 5:2019年09月13日頃 6:2019年09月13日頃	ISBN連番(弱い証拠=採番ブロック予約でも連番になる) / 楽天も実質同日
LOW	SMALL_BATCH	kichikujima	鬼畜島	0	standard	Bamboo comics	LINE Digital Frontier	2019-10-15	day	3	24	0.12	1	7-9	1.7	observed	3.5	4	2019	2022	1	3/3	52	3	0	15	2	11	3	0	6.18	0.3	1種/3件/散0ヶ月 (楽天も実質同日=一挙刊行の可能性)	1	0	0	1	7:2019年10月15日頃 8:2019年10月15日頃 9:2019年10月15日頃	ISBN連番(弱い証拠=採番ブロック予約でも連番になる) / 楽天も実質同日
LOW	SMALL_BATCH	kubikiri-asa	首斬り朝	0	standard	劇画キングシリーズ	不明	1981-04	month	3	12	0.25	1	1-3	1.7	observed	3.5	7	1976	1982	1		0	0	0	0	0	0	0	0				0	0	0	0		
LOW	SMALL_BATCH	tokimeki-no-jin	ときめきのジン	0	standard	ヒットコミックス	不明	1981-11	month	3	9	0.33	1	2-4	1.8	observed	3.5	2	1980	1981	1		0	0	0	0	0	0	0	0				0	0	0	0		
LOW	SMALL_BATCH	jojo-no-kimyouna-bouken	ジョジョの奇妙な冒険	1	bunkobon	集英社文庫コミック版	集英社	2002-02-15	day	3	50	0.06	2	1-3	1.7	observed	3.4	13	1987	1999	1	3/3	102	6	0	15	1	18	3	0	7.4	0.3	1種/3件/散0ヶ月 (楽天も実質同日=一挙刊行の可能性)	1	0	0	1	1:2002年02月15日頃 2:2002年02月15日頃 3:2002年02月15日頃	ISBN連番(弱い証拠=採番ブロック予約でも連番になる) / 再版種別 / 楽天も実質同日
LOW	SMALL_BATCH	shoujo-kidan-makora	少女奇談まこら	0	standard	DENGEKI JAPAN COMICS	角川グループパブリッシング	2011-10-15	day	3	4	0.75	3	1-3	1.7	observed	3.3	2	2011	2012	1	3/3	14	8	0	2	1	11	3	0	5.27	0.4		0	0	0	0		ISBN連番(弱い証拠=採番ブロック予約でも連番になる)
LOW	SMALL_BATCH	golgo-13	ゴルゴ13	1	aizoban	SPコミックスコンパクト	リイド社	2005-01	month	3	177	0.02	1	50-52	1.6	observed	3.2	54	1973		1	3/3	4	0	0	1	1	1	3	0			2種/3件/散1ヶ月 (楽天も実質同日=一挙刊行の可能性)	2	1	-1	1	50:2004年12月 51:2004年12月 52:2005年01月	ISBN連番(弱い証拠=採番ブロック予約でも連番になる) / 再版種別 / 楽天も実質同日
LOW	SMALL_BATCH	atashinchi-best	あたしンちベスト	0	standard		朝日新聞出版	2020-01-20	day	3	10	0.3	3	3-5	1.6	observed	3.1	3	2019	2021	1	3/3	3	0	0	0	0	0	3	0			1種/3件/散0ヶ月 (楽天も実質同日=一挙刊行の可能性)	1	0	0	1	3:2020年01月20日頃 4:2020年01月20日頃 5:2020年01月20日頃	ISBN連番(弱い証拠=採番ブロック予約でも連番になる) / 楽天も実質同日
LOW	SMALL_BATCH	atashinchi-best	あたしンちベスト	0	standard		朝日新聞出版	2021-02-19	day	3	10	0.3	3	8-10	1.6	observed	3.1	3	2019	2021	1	3/3	3	0	0	0	0	0	3	0			1種/3件/散0ヶ月 (楽天も実質同日=一挙刊行の可能性)	1	0	0	1	8:2021年02月19日頃 9:2021年02月19日頃 10:2021年02月19日頃	ISBN連番(弱い証拠=採番ブロック予約でも連番になる) / 楽天も実質同日
LOW	SMALL_BATCH	shiki-sentaro-1979	史記	0	standard	グローバルコミックス	講談社	1983	year	3	12	0.25	1	2-4	1.5	observed	3.1	2	1983	1984	1	3/3	31	0	0	6	0	179	3	0				0	0	0	0		ISBN連番(弱い証拠=採番ブロック予約でも連番になる)
LOW	SMALL_BATCH	ten-carat-torute	天からトルテ!	0	standard	Ascii comix	エンターブレイン	2000-07	month	3	14	0.21	1	1-4(飛)	1.5	observed	3.1	3	2000	2002	1	3/4	29	8	0	5	1	27	4	0	3.7	0.8	1種/3件/散0ヶ月 (楽天も実質同日=一挙刊行の可能性)	1	0	-1	1	1:2000年06月 3:2000年06月 4:2000年06月	ISBN連番(弱い証拠=採番ブロック予約でも連番になる) / 楽天も実質同日
LOW	SMALL_BATCH	ten-carat-torute	天からトルテ!	0	standard	Ascii comix	エンターブレイン	2000-10	month	3	14	0.21	1	5-7	1.5	observed	3.1	3	2000	2002	1	3/3	22	2	0	2	0	47	3	0			1種/3件/散0ヶ月 (楽天も実質同日=一挙刊行の可能性)	1	0	-1	1	5:2000年09月 6:2000年09月 7:2000年09月	ISBN連番(弱い証拠=採番ブロック予約でも連番になる) / 楽天も実質同日
LOW	SMALL_BATCH	cream-lemon	くりいむレモン	0	standard	くりいむレモン・フイルムコミックス	ABC出版	1985-04-30	day	3	14	0.21	1	1-3	1.5	observed	2.9	2	1985	1986	1	3/3	1	0	0	0	0	0	3	0				0	0	0	0		ISBN連番(弱い証拠=採番ブロック予約でも連番になる)
LOW	PUBLISHER_BATCH	jarinko-chie	じゃりン子チエ	1	bunkobon	双葉文庫名作シリーズ	双葉社	1998-09	month	3	47	0.06	2	1-3	1.4	observed	2.9	19	1979	1997	1	3/3	93	5	0	22	18	26	3	0	4.52	0.4	1種/3件/散0ヶ月 (楽天も実質同日=一挙刊行の可能性)	1	0	0	1	1:1998年09月 2:1998年09月 3:1998年09月	ISBN連番(弱い証拠=採番ブロック予約でも連番になる) / 再版種別 / 楽天も実質同日 / 近傍の複数巻作品22件中18件が全巻同日=レーベル体質
LOW	PUBLISHER_BATCH	jarinko-chie	じゃりン子チエ	1	bunkobon	双葉文庫名作シリーズ	双葉社	1998-12	month	3	47	0.06	2	4-6	1.4	observed	2.9	19	1979	1997	1	3/3	94	0	0	22	16	25	3	0	5.04	0.4	1種/3件/散0ヶ月 (楽天も実質同日=一挙刊行の可能性)	1	0	0	1	4:1998年12月 5:1998年12月 6:1998年12月	ISBN連番(弱い証拠=採番ブロック予約でも連番になる) / 再版種別 / 楽天も実質同日 / 近傍の複数巻作品22件中16件が全巻同日=レーベル体質
LOW	PUBLISHER_BATCH	jarinko-chie	じゃりン子チエ	1	bunkobon	双葉文庫名作シリーズ	双葉社	1999-04	month	3	47	0.06	2	7-9	1.4	observed	2.9	19	1979	1997	1	3/3	90	2	0	21	14	21	3	0	5.38	0.4	1種/3件/散0ヶ月 (楽天も実質同日=一挙刊行の可能性)	1	0	0	1	7:1999年04月 8:1999年04月 9:1999年04月	ISBN連番(弱い証拠=採番ブロック予約でも連番になる) / 再版種別 / 楽天も実質同日 / 近傍の複数巻作品21件中14件が全巻同日=レーベル体質
LOW	PUBLISHER_BATCH	jarinko-chie	じゃりン子チエ	1	bunkobon	双葉文庫名作シリーズ	双葉社	1999-07	month	3	47	0.06	2	10-12	1.4	observed	2.9	19	1979	1997	1	3/3	89	2	0	23	16	23	3	0	5.04	0.4	1種/3件/散0ヶ月 (楽天も実質同日=一挙刊行の可能性)	1	0	0	1	10:1999年07月 11:1999年07月 12:1999年07月	ISBN連番(弱い証拠=採番ブロック予約でも連番になる) / 再版種別 / 楽天も実質同日 / 近傍の複数巻作品23件中16件が全巻同日=レーベル体質
LOW	PUBLISHER_BATCH	jarinko-chie	じゃりン子チエ	1	bunkobon	双葉文庫名作シリーズ	双葉社	1999-09	month	3	47	0.06	2	13-15	1.4	observed	2.9	19	1979	1997	1	3/3	87	2	0	23	16	23	3	0	5.14	0.4	1種/3件/散0ヶ月 (楽天も実質同日=一挙刊行の可能性)	1	0	0	1	13:1999年09月 14:1999年09月 15:1999年09月	ISBN連番(弱い証拠=採番ブロック予約でも連番になる) / 再版種別 / 楽天も実質同日 / 近傍の複数巻作品23件中16件が全巻同日=レーベル体質
LOW	PUBLISHER_BATCH	jarinko-chie	じゃりン子チエ	1	bunkobon	双葉文庫名作シリーズ	双葉社	2000-02	month	3	47	0.06	2	16-18	1.4	observed	2.9	19	1979	1997	1	3/3	97	2	0	22	12	21	3	0	5.55	0.4	1種/3件/散0ヶ月 (楽天も実質同日=一挙刊行の可能性)	1	0	0	1	16:2000年02月 17:2000年02月 18:2000年02月	ISBN連番(弱い証拠=採番ブロック予約でも連番になる) / 再版種別 / 楽天も実質同日 / 近傍の複数巻作品22件中12件が全巻同日=レーベル体質
LOW	PUBLISHER_BATCH	jarinko-chie	じゃりン子チエ	1	bunkobon	双葉文庫名作シリーズ	双葉社	2000-06	month	3	47	0.06	2	19-21	1.4	observed	2.9	19	1979	1997	1	3/3	100	2	0	21	11	21	3	0	6.0	0.3	1種/3件/散0ヶ月 (楽天も実質同日=一挙刊行の可能性)	1	0	0	1	19:2000年06月 20:2000年06月 21:2000年06月	ISBN連番(弱い証拠=採番ブロック予約でも連番になる) / 再版種別 / 楽天も実質同日 / 近傍の複数巻作品21件中11件が全巻同日=レーベル体質
LOW	PUBLISHER_BATCH	babiru-2sei	バビル2世	2	bunkobon	秋田文庫	秋田書店	1994-11-30	day	3	8	0.38	3	1-3	1.3	observed	2.6	24	1972	1995	2	3/3	105	12	0	16	11	206	3	0	0.48	4.1	1種/3件/散0ヶ月 (楽天も実質同日=一挙刊行の可能性)	1	0	0	1	1:1994年11月30日頃 2:1994年11月30日頃 3:1994年11月30日頃	ISBN連番(弱い証拠=採番ブロック予約でも連番になる) / 再版種別 / 楽天も実質同日 / 近傍の複数巻作品16件中11件が全巻同日=レーベル体質
LOW	PUBLISHER_BATCH	babiru-2sei	バビル2世	2	bunkobon	秋田文庫	秋田書店	1995-04-10	day	3	8	0.38	3	4-6	1.3	observed	2.6	24	1972	1995	1	3/3	102	9	0	15	10	206	3	0	0.38	5.3	1種/3件/散0ヶ月 (楽天も実質同日=一挙刊行の可能性)	1	0	0	1	4:1995年04月10日頃 5:1995年04月10日頃 6:1995年04月10日頃	ISBN連番(弱い証拠=採番ブロック予約でも連番になる) / 再版種別 / 楽天も実質同日 / 近傍の複数巻作品15件中10件が全巻同日=レーベル体質
LOW	SMALL_BATCH	garfield	ガーフィールド	0	standard		研究社	1991-01	month	3	20	0.15	5	6-10(飛)	1.3	observed	2.5	3	1990	1992	1	3/5	0	0	0	0	0	0	5	0			1種/3件/散0ヶ月 (楽天も実質同日=一挙刊行の可能性)	1	0	0	1	6:1991年01月 7:1991年01月 10:1991年01月	楽天も実質同日
LOW	SMALL_BATCH	waru-seiden	ワル正伝	0	standard		飯倉書房	1996-04-25	day	3	7	0.43	1	1-3	1.2	observed	2.3	1	1996	1996	1	3/3	0	0	0	0	0	0	3	0			1種/3件/散0ヶ月 (楽天も実質同日=一挙刊行の可能性)	1	0	0	1	1:1996年04月 2:1996年04月 3:1996年04月	ISBN連番(弱い証拠=採番ブロック予約でも連番になる) / 楽天も実質同日
LOW	SMALL_BATCH	drsuranpu	Dr.スランプ	3	bunkobon	集英社文庫	集英社	1996-04	month	3	9	0.33	2	7-9	1.1	observed	2.2	6	1980	1985	1	3/3	100	2	0	13	3	86	3	0			1種/3件/散0ヶ月 (楽天も実質同日=一挙刊行の可能性)	1	0	0	1	7:1996年04月 8:1996年04月 9:1996年04月	ISBN連番(弱い証拠=採番ブロック予約でも連番になる) / 再版種別 / 楽天も実質同日
LOW	SMALL_BATCH	chiisana-koi-no-monogatari	小さな恋のものがたり	1	shinsoban	復刻版(1996)	立風書房	1996-06	month	3	13	0.23	3	1-3	1.0	observed	2.0	49	1974	2022	1	3/3	13	0	0	1	0	132	3	0	0.06	33.0	1種/3件/散0ヶ月 (楽天も実質同日=一挙刊行の可能性)	1	0	0	1	1:1996年06月 2:1996年06月 3:1996年06月	ISBN連番(弱い証拠=採番ブロック予約でも連番になる) / 学習/全集/BOX語 / 再版種別 / 楽天も実質同日
LOW	SMALL_BATCH	chiisana-koi-no-monogatari	小さな恋のものがたり	1	shinsoban	復刻版(1996)	立風書房	1996-08	month	3	13	0.23	3	4-6	1.0	observed	2.0	49	1974	2022	1	3/3	16	0	0	1	0	169	3	0	0.07	30.7	1種/3件/散0ヶ月 (楽天も実質同日=一挙刊行の可能性)	1	0	0	1	4:1996年08月 5:1996年08月 6:1996年08月	ISBN連番(弱い証拠=採番ブロック予約でも連番になる) / 学習/全集/BOX語 / 再版種別 / 楽天も実質同日
LOW	SMALL_BATCH	chiisana-koi-no-monogatari	小さな恋のものがたり	1	shinsoban	復刻版(1996)	立風書房	1997-06	month	3	13	0.23	3	11-13	1.0	observed	2.0	49	1974	2022	1	3/3	20	0	0	1	0	223	3	0	0.07	29.7	1種/3件/散0ヶ月 (楽天も実質同日=一挙刊行の可能性)	1	0	0	1	11:1997年06月 12:1997年06月 13:1997年06月	ISBN連番(弱い証拠=採番ブロック予約でも連番になる) / 学習/全集/BOX語 / 再版種別 / 楽天も実質同日
LOW	SMALL_BATCH	cipher	CIPHER	1	bunkobon	白泉社文庫	白泉社	1997-03-19	day	3	7	0.43	2	1-3	1.0	observed	2.0	6	1985	1990	1	3/3	116	6	0	25	5	144	3	0			1種/3件/散0ヶ月 (楽天も実質同日=一挙刊行の可能性)	1	0	0	1	1:1997年03月 2:1997年03月 3:1997年03月	ISBN連番(弱い証拠=採番ブロック予約でも連番になる) / 再版種別 / 楽天も実質同日
LOW	SMALL_BATCH	shumari	シュマリ	3	bunkobon	小学館文庫	小学館	1976-04	month	3	4	0.75	3	1-3	1.0	observed	2.0	4	1976	1979	1		0	0	0	0	0	0	0	0				0	0	0	0		再版種別
LOW	SMALL_BATCH	taiyaku-sazae-san	対訳サザエさん	0	standard	講談社バイリンガル・コミックス	講談社インターナショナル	1997-04-22	day	3	12	0.25	2	1-12(飛)	0.9	observed	1.8	1	1997	1997	1	3/83	0	0	0	0	0	0	83	0			1種/3件/散0ヶ月 (楽天も実質同日=一挙刊行の可能性)	1	0	0	1	1:1997年04月 2:1997年04月 12:1997年04月	楽天も実質同日
LOW	SMALL_BATCH	tennis-no-ouji-sama	テニスの王子様	1	aizoban	愛蔵版コミックス	集英社	2010-04	month	3	10	0.3	1	1-3	0.9	observed	1.8	9	2000	2008	1	3/3	78	4	0	16	1	41	3	0	2.32	0.9	1種/3件/散0ヶ月 (楽天も実質同日=一挙刊行の可能性)	1	0	0	1	1:2010年04月 2:2010年04月 3:2010年04月	ISBN連番(弱い証拠=採番ブロック予約でも連番になる) / 再版種別 / 楽天も実質同日
LOW	PUBLISHER_BATCH	crying-freeman	クライングフリーマン	1	bunkobon	道草文庫	スタジオ・シップ	1994-12	month	3	7	0.43	4	5-7	0.8	observed	1.7	2	1987	1988	2	3/3	68	10	0	10	6	88	3	0	8.11	0.2	1種/3件/散0ヶ月 (楽天も実質同日=一挙刊行の可能性)	1	0	-1	1	5:1994年11月 6:1994年11月 7:1994年11月	ISBN連番(弱い証拠=採番ブロック予約でも連番になる) / 再版種別 / 楽天も実質同日 / 近傍の複数巻作品10件中6件が全巻同日=レーベル体質
LOW	SMALL_BATCH	doubutsu-no-oisha-san	動物のお医者さん	1	bunkobon	白泉社文庫	白泉社	1995-12-19	day	3	8	0.38	3	1-3	0.9	observed	1.7	6	1989	1994	2	3/3	115	6	0	19	8	123	3	0	0.58	3.5	1種/3件/散0ヶ月 (楽天も実質同日=一挙刊行の可能性)	1	0	0	1	1:1995年12月 2:1995年12月 3:1995年12月	ISBN連番(弱い証拠=採番ブロック予約でも連番になる) / 再版種別 / 楽天も実質同日
LOW	SMALL_BATCH	doubutsu-no-oisha-san	動物のお医者さん	1	bunkobon	白泉社文庫	白泉社	1996-03-20	day	3	8	0.38	3	4-6	0.9	observed	1.7	6	1989	1994	1	3/3	115	2	0	19	8	123	3	0	0.58	3.5	1種/3件/散0ヶ月 (楽天も実質同日=一挙刊行の可能性)	1	0	0	1	4:1996年03月 5:1996年03月 6:1996年03月	ISBN連番(弱い証拠=採番ブロック予約でも連番になる) / 再版種別 / 楽天も実質同日
LOW	PUBLISHER_BATCH	hokuto-no-ken	北斗の拳	1	bunkobon	集英社文庫 コミック版	集英社	1998-05-20	day	3	15	0.2	2	13-15	0.9	observed	1.7	19	1984	2002	1	3/3	103	3	0	18	9	40	3	0	1.76	1.1	1種/3件/散0ヶ月 (楽天も実質同日=一挙刊行の可能性)	1	0	0	1	13:1998年05月15日頃 14:1998年05月15日頃 15:1998年05月15日頃	ISBN連番(弱い証拠=採番ブロック予約でも連番になる) / 再版種別 / 楽天も実質同日 / 近傍の複数巻作品18件中9件が全巻同日=レーベル体質
LOW	SMALL_BATCH	judo-itchokusen	柔道一直線	3	shinsoban	完全復刻版(ネコ・パブリッシング)	ネコ・パブリッシング	2004-07	month	3	7	0.43	2	5-7	0.8	observed	1.7	3	1968	1970	1	3/3	0	0	0	0	0	0	3	0			1種/3件/散0ヶ月 (楽天も実質同日=一挙刊行の可能性)	1	0	0	1	5:2004年07月 6:2004年07月 7:2004年07月	ISBN連番(弱い証拠=採番ブロック予約でも連番になる) / 学習/全集/BOX語 / 再版種別 / 楽天も実質同日
LOW	SMALL_BATCH	ring-ni-kakero	リングにかけろ	1	bunkobon	集英社文庫 コミック版	集英社	1999-07-21	day	3	15	0.2	2	13-15	0.9	observed	1.7	6	1978	1983	1	3/3	104	5	0	16	4	24	3	0	3.89	0.5	1種/3件/散0ヶ月 (楽天も実質同日=一挙刊行の可能性)	1	0	0	1	13:1999年07月 14:1999年07月 15:1999年07月	ISBN連番(弱い証拠=採番ブロック予約でも連番になる) / 再版種別 / 楽天も実質同日
LOW	SMALL_BATCH	boku-no-chikyuu-o-mamotte	ぼくの地球を守って	1	bunkobon	白泉社文庫	白泉社	1998-03-18	day	3	12	0.25	3	1-3	0.8	observed	1.6	8	1987	1994	2	3/3	106	1	0	15	4	141	3	0	0.81	2.5	1種/3件/散0ヶ月 (楽天も実質同日=一挙刊行の可能性)	1	0	0	1	1:1998年03月 2:1998年03月 3:1998年03月	ISBN連番(弱い証拠=採番ブロック予約でも連番になる) / 再版種別 / 楽天も実質同日
LOW	SMALL_BATCH	boku-no-chikyuu-o-mamotte	ぼくの地球を守って	1	bunkobon	白泉社文庫	白泉社	1998-06-17	day	3	12	0.25	3	4-6	0.8	observed	1.6	8	1987	1994	2	3/3	106	0	0	15	4	141	3	0	0.81	2.5	1種/3件/散0ヶ月 (楽天も実質同日=一挙刊行の可能性)	1	0	0	1	4:1998年06月 5:1998年06月 6:1998年06月	ISBN連番(弱い証拠=採番ブロック予約でも連番になる) / 再版種別 / 楽天も実質同日
LOW	SMALL_BATCH	boku-no-chikyuu-o-mamotte	ぼくの地球を守って	1	bunkobon	白泉社文庫	白泉社	1998-09	month	3	12	0.25	3	7-9	0.8	observed	1.6	8	1987	1994	1	3/3	106	2	0	15	5	143	3	0	0.82	2.4	1種/3件/散0ヶ月 (楽天も実質同日=一挙刊行の可能性)	1	0	0	1	7:1998年09月 8:1998年09月 9:1998年09月	ISBN連番(弱い証拠=採番ブロック予約でも連番になる) / 再版種別 / 楽天も実質同日
LOW	SMALL_BATCH	boku-no-chikyuu-o-mamotte	ぼくの地球を守って	1	bunkobon	白泉社文庫	白泉社	1998-12	month	3	12	0.25	3	10-12	0.8	observed	1.6	8	1987	1994	1	3/3	106	4	0	13	3	145	3	0	0.83	2.4	1種/3件/散0ヶ月 (楽天も実質同日=一挙刊行の可能性)	1	0	0	1	10:1998年12月 11:1998年12月 12:1998年12月	ISBN連番(弱い証拠=採番ブロック予約でも連番になる) / 再版種別 / 楽天も実質同日
LOW	SMALL_BATCH	chi-no-wana	血の罠	0	standard		白夜書房	1987-06	month	3	6	0.5	3	1-3	0.8	observed	1.6	1	1987	1987	1	3/3	43	2	0	7	1	27	3	0	4.52	0.4	1種/3件/散0ヶ月 (楽天も実質同日=一挙刊行の可能性)	1	0	0	1	1:1987年06月 2:1987年06月 3:1987年06月	ISBN連番(弱い証拠=採番ブロック予約でも連番になる) / 楽天も実質同日
LOW	SMALL_BATCH	chi-no-wana	血の罠	0	standard		白夜書房	1987-10-01	day	3	6	0.5	3	4-6	0.8	observed	1.6	1	1987	1987	1	3/3	41	1	0	7	1	31	3	0	4.27	0.5	1種/3件/散0ヶ月 (楽天も実質同日=一挙刊行の可能性)	1	0	0	1	4:1987年10月01日頃 5:1987年10月01日頃 6:1987年10月01日頃	ISBN連番(弱い証拠=採番ブロック予約でも連番になる) / 楽天も実質同日
LOW	PUBLISHER_BATCH	dokaben	ドカベン	1	bunkobon	秋田文庫	秋田書店	1995-04	month	3	31	0.1	2	13-15	0.8	observed	1.6	10	1972	1981	1	3/3	86	6	0	17	13	207	3	0	0.49	4.0	1種/3件/散0ヶ月 (楽天も実質同日=一挙刊行の可能性)	1	0	6	1	13:1995年10月 14:1995年10月 15:1995年10月	ISBN連番(弱い証拠=採番ブロック予約でも連番になる) / 再版種別 / 楽天も実質同日 / 近傍の複数巻作品17件中13件が全巻同日=レーベル体質
LOW	PUBLISHER_BATCH	dokaben	ドカベン	1	bunkobon	秋田文庫	秋田書店	1995-06-10	day	3	31	0.1	2	16-18	0.8	observed	1.6	10	1972	1981	2	3/3	87	4	0	17	13	207	3	0	0.66	3.0	1種/3件/散0ヶ月 (楽天も実質同日=一挙刊行の可能性)	1	0	0	1	16:1995年06月10日頃 17:1995年06月10日頃 18:1995年06月10日頃	ISBN連番(弱い証拠=採番ブロック予約でも連番になる) / 再版種別 / 楽天も実質同日 / 近傍の複数巻作品17件中13件が全巻同日=レーベル体質
LOW	SMALL_BATCH	fuufu-tantei-funsenki	夫婦探偵奮戦記	1	shinsoban		小学館	1991-07-26	day	3	10	0.3	3	1-3	0.8	observed	1.6	5	1987	1991	1	3/3	85	4	0	5	1	320	3	0			1種/3件/散0ヶ月 (楽天も実質同日=一挙刊行の可能性)	1	0	0	1	1:1991年07月26日頃 2:1991年07月26日頃 3:1991年07月26日頃	ISBN連番(弱い証拠=採番ブロック予約でも連番になる) / 再版種別 / 楽天も実質同日
LOW	SMALL_BATCH	fuufu-tantei-funsenki	夫婦探偵奮戦記	1	shinsoban		小学館	1991-09-26	day	3	10	0.3	3	4-6	0.8	observed	1.6	5	1987	1991	1	3/3	84	1	0	4	1	312	3	0			1種/3件/散0ヶ月 (楽天も実質同日=一挙刊行の可能性)	1	0	0	1	4:1991年09月26日頃 5:1991年09月26日頃 6:1991年09月26日頃	ISBN連番(弱い証拠=採番ブロック予約でも連番になる) / 再版種別 / 楽天も実質同日
LOW	SMALL_BATCH	maifurendo-doubutsubyouin-nisshi	MF動物病院日誌	1	bunkobon	少年画報社文庫	少年画報社	2007-12	month	3	18	0.17	1	1-5(飛)	0.8	observed	1.6	1	2003	2003	1	3/5	65	1	0	6	0	256	5	0	0.35	11.4	1種/3件/散0ヶ月 (楽天も実質同日=一挙刊行の可能性)	1	0	0	1	1:2007年12月 2:2007年12月 5:2007年12月	再版種別 / 楽天も実質同日
LOW	SMALL_BATCH	susume-pirates	すすめ!!パイレーツ	3	bunkobon	角川文庫	角川書店	1996-08-25	day	3	6	0.5	2	4-6	0.8	observed	1.6	3	1979	1981	1	3/3	0	0	0	0	0	0	3	0			1種/3件/散0ヶ月 (楽天も実質同日=一挙刊行の可能性)	1	0	0	1	4:1996年08月 5:1996年08月 6:1996年08月	ISBN連番(弱い証拠=採番ブロック予約でも連番になる) / 再版種別 / 楽天も実質同日
LOW	PUBLISHER_BATCH	wild-7	ワイルド7	6	bunkobon	徳間コミック文庫	徳間書店	1995-06-30	day	3	33	0.09	2	11-13	0.8	observed	1.6	11	1969	1979	1	3/3	25	2	0	4	2	25	3	0	2.4	0.8	1種/3件/散0ヶ月 (楽天も実質同日=一挙刊行の可能性)	1	0	0	1	11:1995年06月 12:1995年06月 13:1995年06月	ISBN連番(弱い証拠=採番ブロック予約でも連番になる) / 再版種別 / 楽天も実質同日 / 近傍の複数巻作品4件中2件が全巻同日=レーベル体質
LOW	SMALL_BATCH	bajiru-shi-no-yuugana-seikatsu	バジル氏の優雅な生活	1	bunkobon	白泉社文庫	白泉社	1996-12	month	3	5	0.6	3	1-3	0.8	observed	1.5	8	1980	1987	1	3/3	118	0	0	26	5	144	3	0			1種/3件/散0ヶ月 (楽天も実質同日=一挙刊行の可能性)	1	0	0	1	1:1996年12月 2:1996年12月 3:1996年12月	ISBN連番(弱い証拠=採番ブロック予約でも連番になる) / 再版種別 / 楽天も実質同日
LOW	SMALL_BATCH	shinpan-himitsu-tantei-jieiei	秘密探偵JA	3	bunkobon	ぶんか社コミック文庫	ぶんか社	2009-08	month	3	9	0.33	2	7-9	0.8	observed	1.5	5	1965	1969	1	3/3	45	6	0	3	2	12	3	0	10.18	0.2	1種/3件/散0ヶ月 (楽天も実質同日=一挙刊行の可能性)	1	0	0	1	7:2009年08月 8:2009年08月 9:2009年08月	ISBN連番(弱い証拠=採番ブロック予約でも連番になる) / 再版種別 / 楽天も実質同日
LOW	SMALL_BATCH	tenshi-nanka-janai	天使なんかじゃない	2	aizoban	愛蔵版コミックス	集英社	2019-06-25	day	3	5	0.6	3	1-3	0.8	observed	1.5	4	1992	1995	1	3/3	78	0	0	15	4	144	3	0	0.76	2.6	1種/3件/散0ヶ月 (楽天も実質同日=一挙刊行の可能性)	1	0	0	1	1:2019年06月25日 2:2019年06月25日 3:2019年06月25日	ISBN連番(弱い証拠=採番ブロック予約でも連番になる) / 再版種別 / 楽天も実質同日
LOW	SMALL_BATCH	kubikiri-asa	首斬り朝	5	bunkobon	講談社漫画文庫	講談社	1977-03	month	3	8	0.38	1	3-5	0.7	observed	1.4	7	1976	1982	1		0	0	0	0	0	0	0	0				0	0	0	0		再版種別
LOW	PUBLISHER_BATCH	mizuki-shigeru-manga-dai-zenshuu	水木しげる漫画大全集	0	standard	水木しげる漫画大全集	講談社	2013-06-03	day	3	69	0.04	2	21-81(飛)	0.7	observed	1.4	2	2013	2014	1	3/21	38	0	0	6	3	10	21	0	3.6	5.6	2種/3件/散0ヶ月 (楽天も実質同日=一挙刊行の可能性)	2	0	0	1	21:2013年06月03日 29:2013年06月 81:2013年06月	学習/全集/BOX語 / 楽天も実質同日 / 近傍の複数巻作品6件中3件が全巻同日=レーベル体質
LOW	SMALL_BATCH	mizuki-shigeru-manga-dai-zenshuu	水木しげる漫画大全集	0	standard	水木しげる漫画大全集	講談社	2017-01-05	day	3	69	0.04	2	34-56(飛)	0.7	observed	1.4	2	2013	2014	1	3/11	0	0	0	0	0	0	11	0			1種/3件/散0ヶ月 (楽天も実質同日=一挙刊行の可能性)	1	0	0	1	34:2017年01月05日 47:2017年01月05日 56:2017年01月05日	学習/全集/BOX語 / 楽天も実質同日
LOW	SMALL_BATCH	x-men-1994	X-MEN	0	standard	バンブーコミックス	竹書房	1994-08	month	3	11	0.27	1	3-5	0.7	observed	1.4	2	1994	1995	1	3/3	87	8	1	19	1	137	3	0	6.82	0.3		0	0	0	0		ISBN連番(弱い証拠=採番ブロック予約でも連番になる)
LOW	SMALL_BATCH	19-nineteen	19 <Nineteen>	1	bunkobon	集英社文庫 コミック版	集英社	1999-06	month	3	7	0.43	2	5-7	0.7	observed	1.3	3	1989	1991	1	3/3	105	4	0	15	3	23	3	0	5.33	0.4	1種/3件/散0ヶ月 (楽天も実質同日=一挙刊行の可能性)	1	0	0	1	5:1999年06月 6:1999年06月 7:1999年06月	ISBN連番(弱い証拠=採番ブロック予約でも連番になる) / 再版種別 / 楽天も実質同日
LOW	SMALL_BATCH	chou-shoujo-asuka	超少女明日香	1	standard	マーガレット・コミックス	メディアファクトリー	2000-04-24	day	3	7	0.43	2	1-3	0.7	observed	1.3	3	1998	2000	1	3/3	68	1	0	17	1	35	3	0	2.6	0.8	1種/3件/散0ヶ月 (楽天も実質同日=一挙刊行の可能性)	1	0	0	1	1:2000年04月24日 2:2000年04月24日 3:2000年04月24日	ISBN連番(弱い証拠=採番ブロック予約でも連番になる) / 楽天も実質同日
LOW	SMALL_BATCH	choujin-locke	超人ロック	3	bunkobon	ビブロスコミック文庫	青磁ビブロス	1996-06-01	day	3	27	0.11	3	6-8	0.7	observed	1.3	10	1980	1989	1	3/3	32	9	0	3	1	12	3	0	8.17	0.2	1種/3件/散0ヶ月 (楽天も実質同日=一挙刊行の可能性)	1	0	0	1	6:1996年06月 7:1996年06月 8:1996年06月	ISBN連番(弱い証拠=採番ブロック予約でも連番になる) / 再版種別 / 楽天も実質同日
LOW	SMALL_BATCH	choujin-locke	超人ロック	3	bunkobon	ビブロスコミック文庫	青磁ビブロス	1996-07-18	day	3	27	0.11	3	9-11	0.7	observed	1.3	10	1980	1989	1	3/3	33	4	0	3	1	12	3	0	8.17	0.2	1種/3件/散0ヶ月 (楽天も実質同日=一挙刊行の可能性)	1	0	0	1	9:1996年07月 10:1996年07月 11:1996年07月	ISBN連番(弱い証拠=採番ブロック予約でも連番になる) / 再版種別 / 楽天も実質同日
LOW	SMALL_BATCH	choujin-locke	超人ロック	3	bunkobon	ビブロスコミック文庫	青磁ビブロス	1996-09-18	day	3	27	0.11	3	12-14	0.7	observed	1.3	10	1980	1989	1	3/3	32	3	0	4	1	46	3	0	2.28	0.9	1種/3件/散0ヶ月 (楽天も実質同日=一挙刊行の可能性)	1	0	0	1	12:1996年09月 13:1996年09月 14:1996年09月	ISBN連番(弱い証拠=採番ブロック予約でも連番になる) / 再版種別 / 楽天も実質同日
LOW	SMALL_BATCH	choujin-locke	超人ロック	3	bunkobon	ビブロスコミック文庫	青磁ビブロス	1996-11-18	day	3	27	0.11	3	15-17	0.7	observed	1.3	10	1980	1989	1	3/3	34	1	0	4	0	46	3	0	2.24	0.9	1種/3件/散0ヶ月 (楽天も実質同日=一挙刊行の可能性)	1	0	0	1	15:1996年11月 16:1996年11月 17:1996年11月	ISBN連番(弱い証拠=採番ブロック予約でも連番になる) / 再版種別 / 楽天も実質同日
LOW	SMALL_BATCH	choujin-locke	超人ロック	3	bunkobon	ビブロスコミック文庫	青磁ビブロス	1997-01-18	day	3	27	0.11	3	18-20	0.7	observed	1.3	10	1980	1989	1	3/3	32	1	0	4	0	41	3	0	2.29	0.9	1種/3件/散0ヶ月 (楽天も実質同日=一挙刊行の可能性)	1	0	0	1	18:1997年01月 19:1997年01月 20:1997年01月	ISBN連番(弱い証拠=採番ブロック予約でも連番になる) / 再版種別 / 楽天も実質同日
LOW	SMALL_BATCH	haou-densetsu-takeru	覇王伝説驍	1	bunkobon	講談社漫画文庫	講談社	2002-12	month	3	10	0.3	2	6-8	0.7	observed	1.3	4	1992	1995	1	3/3	114	20	0	26	11	7	3	0	23.6	0.1	1種/3件/散0ヶ月 (楽天も実質同日=一挙刊行の可能性)	1	0	0	1	6:2002年12月 7:2002年12月 8:2002年12月	ISBN連番(弱い証拠=採番ブロック予約でも連番になる) / 再版種別 / 楽天も実質同日
LOW	SMALL_BATCH	high-high	HIGH ＆ HIGH	1	bunkobon	冬水社文庫	冬水社	2013-06	month	3	7	0.43	2	5-7	0.7	observed	1.3	5	2008	2012	1	3/3	92	4	0	14	0	27	3	0	4.35	0.5		0	0	0	0		ISBN連番(弱い証拠=採番ブロック予約でも連番になる) / 再版種別
LOW	SMALL_BATCH	imagine	イマジン	1	bunkobon	集英社文庫	集英社	2002-11	month	3	7	0.43	2	5-7	0.7	observed	1.3	5	1995	1999	1	3/3	112	9	0	17	4	18	3	0	6.12	0.3	1種/3件/散0ヶ月 (楽天も実質同日=一挙刊行の可能性)	1	0	0	1	5:2002年11月 6:2002年11月 7:2002年11月	ISBN連番(弱い証拠=採番ブロック予約でも連番になる) / 再版種別 / 楽天も実質同日
LOW	SMALL_BATCH	kaze-to-ki-no-uta	風と木の詩	5	bunkobon	白泉社文庫	白泉社	1995-06	month	3	10	0.3	3	5-7	0.7	observed	1.3	8	1977	1984	1	3/3	113	6	0	21	8	123	3	0	0.58	3.5	1種/3件/散0ヶ月 (楽天も実質同日=一挙刊行の可能性)	1	0	0	1	5:1995年06月16日頃 6:1995年06月16日頃 7:1995年06月16日頃	ISBN連番(弱い証拠=採番ブロック予約でも連番になる) / 再版種別 / 楽天も実質同日
LOW	SMALL_BATCH	kaze-to-ki-no-uta	風と木の詩	5	bunkobon	白泉社文庫	白泉社	1995-09	month	3	10	0.3	3	8-10	0.7	observed	1.3	8	1977	1984	1	3/3	113	6	0	22	8	123	3	0	0.85	2.3	2種/3件/散0ヶ月 (楽天も実質同日=一挙刊行の可能性)	2	0	0	1	8:1995年09月14日頃 9:1995年09月 10:1995年09月	ISBN連番(弱い証拠=採番ブロック予約でも連番になる) / 再版種別 / 楽天も実質同日
LOW	SMALL_BATCH	keishichou-tokuhanka-007	警視庁特犯課007	1	bunkobon	冬水社文庫	冬水社	2013-10	month	3	7	0.43	2	3-5	0.7	observed	1.3	6	2007	2012	1	3/3	97	4	0	12	0	29	3	0	4.04	0.5		0	0	0	0		ISBN連番(弱い証拠=採番ブロック予約でも連番になる) / 再版種別
LOW	SMALL_BATCH	kouya-no-shounen-isamu	荒野の少年イサム	2	bunkobon	集英社漫画文庫	集英社	1976-11-30	day	3	12	0.25	1	1-3	0.6	observed	1.3	3	1972	1974	2		0	0	0	0	0	0	0	0				0	0	0	0		再版種別
LOW	SMALL_BATCH	notari-matsutarou	のたり松太郎	2	bunkobon	小学館文庫	小学館	2003-08	month	3	22	0.14	2	1-3	0.7	observed	1.3	25	1976	2000	1	3/3	66	2	0	7	3	76	3	0	1.18	1.7	1種/3件/散0ヶ月 (楽天も実質同日=一挙刊行の可能性)	1	0	-1	1	1:2003年07月15日頃 2:2003年07月15日頃 3:2003年07月15日頃	ISBN連番(弱い証拠=採番ブロック予約でも連番になる) / 再版種別 / 楽天も実質同日
LOW	SMALL_BATCH	notari-matsutarou	のたり松太郎	2	bunkobon	小学館文庫	小学館	2003-09	month	3	22	0.14	2	4-6	0.7	observed	1.3	25	1976	2000	1	3/3	66	0	0	6	2	76	3	0	1.05	1.9	1種/3件/散0ヶ月 (楽天も実質同日=一挙刊行の可能性)	1	0	-1	1	4:2003年08月09日頃 5:2003年08月09日頃 6:2003年08月09日頃	ISBN連番(弱い証拠=採番ブロック予約でも連番になる) / 再版種別 / 楽天も実質同日
LOW	SMALL_BATCH	hoshikuzu-paradise	星くずパラダイス	1	bunkobon	白泉社文庫	白泉社	1999-09	month	3	6	0.5	3	1-3	0.6	observed	1.2	3	1990	1992	1	3/3	114	2	0	19	5	120	3	0	0.69	2.9	1種/3件/散0ヶ月 (楽天も実質同日=一挙刊行の可能性)	1	0	0	1	1:1999年09月 2:1999年09月 3:1999年09月	ISBN連番(弱い証拠=採番ブロック予約でも連番になる) / 再版種別 / 楽天も実質同日
LOW	SMALL_BATCH	hoshikuzu-paradise	星くずパラダイス	1	bunkobon	白泉社文庫	白泉社	1999-12	month	3	6	0.5	3	4-6	0.6	observed	1.2	3	1990	1992	1	3/3	115	0	0	18	4	120	3	0	0.69	2.9	1種/3件/散0ヶ月 (楽天も実質同日=一挙刊行の可能性)	1	0	0	1	4:1999年12月 5:1999年12月 6:1999年12月	ISBN連番(弱い証拠=採番ブロック予約でも連番になる) / 再版種別 / 楽天も実質同日
LOW	SMALL_BATCH	kurotsubaki	玄椿	1	bunkobon	白泉社文庫	白泉社	2013-09-13	day	3	6	0.5	3	1-3	0.6	observed	1.2	12	2000	2011	1	3/3	74	2	0	13	2	80	3	0	1.13	1.8	1種/3件/散0ヶ月 (楽天も実質同日=一挙刊行の可能性)	1	0	0	1	1:2013年09月13日頃 2:2013年09月13日頃 3:2013年09月13日頃	ISBN連番(弱い証拠=採番ブロック予約でも連番になる) / 再版種別 / 楽天も実質同日
LOW	SMALL_BATCH	kurotsubaki	玄椿	1	bunkobon	白泉社文庫	白泉社	2013-12	month	3	6	0.5	3	4-6	0.6	observed	1.2	12	2000	2011	1	3/3	74	0	0	13	2	80	3	0	1.13	1.8	1種/3件/散0ヶ月 (楽天も実質同日=一挙刊行の可能性)	1	0	0	1	4:2013年12月 5:2013年12月 6:2013年12月	ISBN連番(弱い証拠=採番ブロック予約でも連番になる) / 再版種別 / 楽天も実質同日
LOW	PUBLISHER_BATCH	mikan-enikki	みかん・絵日記	1	bunkobon	白泉社文庫	白泉社	1998-03-18	day	3	6	0.5	2	4-6	0.6	observed	1.2	8	1988	1995	2	3/3	117	0	0	16	9	175	3	0			1種/3件/散0ヶ月 (楽天も実質同日=一挙刊行の可能性)	1	0	0	1	4:1998年03月18日頃 5:1998年03月18日頃 6:1998年03月18日頃	ISBN連番(弱い証拠=採番ブロック予約でも連番になる) / 再版種別 / 楽天も実質同日 / 近傍の複数巻作品16件中9件が全巻同日=レーベル体質
LOW	SMALL_BATCH	garasunoshiro	ガラスの城	3	bunkobon	集英社漫画文庫	集英社	1976-11-30	day	3	8	0.38	1	1-3	0.6	observed	1.1	3	1969	1971	2		0	0	0	0	0	0	0	0				0	0	0	0		再版種別
LOW	SMALL_BATCH	goyoukiba	御用牙	1	shinsoban	King series 漫画スーパーワイド	小池書院	2011-10	month	3	14	0.21	2	8-10	0.5	observed	1.1	7	1971	1977	1	3/3	31	2	0	4	0	16	3	0	7.31	0.3		0	0	0	0		ISBN連番(弱い証拠=採番ブロック予約でも連番になる) / 再版種別
LOW	SMALL_BATCH	kanzenban-piinattsu-zenshuu	完全版ピーナッツ全集	0	standard		河出書房新社	2020-11-30	day	3	25	0.12	2	23-25	0.5	observed	1.1	2	2019	2020	1	3/3	0	0	0	0	0	0	3	0			1種/3件/散0ヶ月 (楽天も実質同日=一挙刊行の可能性)	1	0	0	1	23:2020年11月30日頃 24:2020年11月30日頃 25:2020年11月30日頃	ISBN連番(弱い証拠=採番ブロック予約でも連番になる) / 学習/全集/BOX語 / 楽天も実質同日
LOW	SMALL_BATCH	otoko-ippiki-gaki-daishou	男一匹ガキ大将	1	bunkobon	集英社漫画文庫	集英社	1976-11	month	3	20	0.15	1	1-5(飛)	0.5	observed	1.1	5	1969	1973	2		0	0	0	0	0	0	0	0				0	0	0	0		再版種別
LOW	PUBLISHER_BATCH	actor	アクター	1	bunkobon	講談社漫画文庫	講談社	1997-01-10	day	3	9	0.33	2	7-9	0.5	observed	1.0	4	1985	1988	2	3/3	109	5	0	25	13	19	3	0	6.82	0.3	1種/3件/散0ヶ月 (楽天も実質同日=一挙刊行の可能性)	1	0	0	1	7:1997年01月10日頃 8:1997年01月10日頃 9:1997年01月10日頃	ISBN連番(弱い証拠=採番ブロック予約でも連番になる) / 再版種別 / 楽天も実質同日 / 近傍の複数巻作品25件中13件が全巻同日=レーベル体質
LOW	SMALL_BATCH	akai-kiba	紅い牙	1	bunkobon	MF文庫	メディアファクトリー	2000-06	month	3	11	0.27	2	1-3	0.5	observed	1.0	1	1993	1993	1	3/3	19	1	0	2	0	8	3	0	13.38	0.1	1種/3件/散0ヶ月 (楽天も実質同日=一挙刊行の可能性)	1	0	0	1	1:2000年06月 2:2000年06月 3:2000年06月	ISBN連番(弱い証拠=採番ブロック予約でも連番になる) / 再版種別 / 楽天も実質同日
LOW	SMALL_BATCH	akogare	あこがれ	1	bunkobon	講談社漫画文庫	講談社	2002-10	month	3	5	0.6	3	3-5	0.5	observed	1.0	1	1986	1986	1	3/3	115	21	0	20	5	14	3	0	29.5	0.1	1種/3件/散0ヶ月 (楽天も実質同日=一挙刊行の可能性)	1	0	0	1	3:2002年10月 4:2002年10月 5:2002年10月	ISBN連番(弱い証拠=採番ブロック予約でも連番になる) / 再版種別 / 楽天も実質同日
LOW	SMALL_BATCH	ao-no-fuuin	蒼の封印	1	bunkobon	小学館文庫	小学館	1999-06	month	3	7	0.43	2	5-7	0.5	observed	1.0	3	1992	1994	1	3/3	112	0	0	24	7	211	3	0	0.03	59.7	1種/3件/散0ヶ月 (楽天も実質同日=一挙刊行の可能性)	1	0	-1	1	5:1999年05月15日頃 6:1999年05月15日頃 7:1999年05月15日頃	ISBN連番(弱い証拠=採番ブロック予約でも連番になる) / 再版種別 / 楽天も実質同日
LOW	SMALL_BATCH	baajin-ondo	ばあじん・おんど	1	bunkobon	集英社文庫コミック版	集英社	1997-11-23	day	3	5	0.6	3	3-5	0.5	observed	1.0	3	1983	1985	1	3/5	115	6	2	15	5	38	5	0	0.97	4.1	1種/3件/散0ヶ月 (楽天も実質同日=一挙刊行の可能性)	1	0	0	1	3:1997年11月 4:1997年11月 5:1997年11月	再版種別 / 楽天も実質同日
LOW	SMALL_BATCH	bara-no-tameni	薔薇のために	1	bunkobon	小学館文庫	小学館	2001-03	month	3	9	0.33	2	7-9	0.5	observed	1.0	7	1992	1998	1	3/3	113	1	0	24	7	154	3	0	0.5	4.0	1種/3件/散0ヶ月 (楽天も実質同日=一挙刊行の可能性)	1	0	-1	1	7:2001年02月16日頃 8:2001年02月16日頃 9:2001年02月16日頃	ISBN連番(弱い証拠=採番ブロック予約でも連番になる) / 再版種別 / 楽天も実質同日
LOW	PUBLISHER_BATCH	be-free	Be free!	1	bunkobon	講談社漫画文庫	講談社	1997-12-12	day	3	7	0.43	2	1-3	0.5	observed	1.0	5	1984	1988	1	3/3	111	4	0	24	14	22	3	0	5.56	0.4	1種/3件/散0ヶ月 (楽天も実質同日=一挙刊行の可能性)	1	0	0	1	1:1997年12月12日頃 2:1997年12月12日頃 3:1997年12月12日頃	ISBN連番(弱い証拠=採番ブロック予約でも連番になる) / 再版種別 / 楽天も実質同日 / 近傍の複数巻作品24件中14件が全巻同日=レーベル体質
LOW	SMALL_BATCH	boku-no-fianc	ボクの婚約者	1	bunkobon	集英社文庫コミック版	集英社	2003-01	month	3	5	0.6	3	3-5	0.5	observed	1.0	5	1983	1987	1	3/3	95	0	0	15	4	20	3	0	4.67	0.4	1種/3件/散0ヶ月 (楽天も実質同日=一挙刊行の可能性)	1	0	0	1	3:2003年01月 4:2003年01月 5:2003年01月	ISBN連番(弱い証拠=採番ブロック予約でも連番になる) / 再版種別 / 楽天も実質同日
LOW	SMALL_BATCH	captain	キャプテン	5	bunkobon	集英社文庫	集英社	1996-03-20	day	3	15	0.2	2	13-15	0.5	observed	1.0	7	1974	1980	1	3/3	95	0	0	14	4	86	3	0			1種/3件/散0ヶ月 (楽天も実質同日=一挙刊行の可能性)	1	0	0	1	13:1996年03月15日頃 14:1996年03月15日頃 15:1996年03月15日頃	ISBN連番(弱い証拠=採番ブロック予約でも連番になる) / 再版種別 / 楽天も実質同日
LOW	PUBLISHER_BATCH	champion-futoshi	チャンピオン太	0	standard	MANGA Shop Series	パンローリング	2006-07-03	day	3	5	0.6	3	3-5	0.5	observed	1.0	1	2006	2006	2	3/3	108	4	0	22	17	24	3	0	4.95	0.4	1種/3件/散0ヶ月 (楽天も実質同日=一挙刊行の可能性)	1	0	-1	1	3:2006年06月 4:2006年06月 5:2006年06月	ISBN連番(弱い証拠=採番ブロック予約でも連番になる) / 楽天も実質同日 / 近傍の複数巻作品22件中17件が全巻同日=レーベル体質
LOW	SMALL_BATCH	denei-shoujo	電影少女	1	bunkobon	集英社文庫	集英社	2003-05	month	3	9	0.33	2	7-9	0.5	observed	1.0	4	1990	1993	1	3/3	61	4	0	10	2	12	3	0	5.67	0.4	1種/3件/散0ヶ月 (楽天も実質同日=一挙刊行の可能性)	1	0	0	1	7:2003年05月 8:2003年05月 9:2003年05月	ISBN連番(弱い証拠=採番ブロック予約でも連番になる) / 再版種別 / 楽天も実質同日
LOW	SMALL_BATCH	eien-no-nohara	永遠の野原	2	bunkobon	集英社文庫 コミック版	集英社	2001-10	month	3	9	0.33	2	7-9	0.5	observed	1.0	1	1989	1989	1	3/3	109	8	0	16	6	21	3	0	7.21	0.3	1種/3件/散0ヶ月 (楽天も実質同日=一挙刊行の可能性)	1	0	0	1	7:2001年10月 8:2001年10月 9:2001年10月	ISBN連番(弱い証拠=採番ブロック予約でも連番になる) / 再版種別 / 楽天も実質同日
LOW	SMALL_BATCH	geki-gokutora-ikka	激!!極虎一家	1	bunkobon	集英社文庫コミック版	集英社	2002-11-20	day	3	7	0.43	2	5-7	0.5	observed	1.0	22	1981	2002	1	3/3	107	9	0	15	4	21	3	0	4.72	0.4	1種/3件/散0ヶ月 (楽天も実質同日=一挙刊行の可能性)	1	0	0	1	5:2002年11月 6:2002年11月 7:2002年11月	ISBN連番(弱い証拠=採番ブロック予約でも連番になる) / 再版種別 / 楽天も実質同日
LOW	SMALL_BATCH	handsome-na-kanojo	ハンサムな彼女	1	bunkobon	集英社文庫	集英社	2003-09-18	day	3	5	0.6	3	3-5	0.5	observed	1.0	4	1989	1992	1	3/3	108	7	0	13	2	19	3	0	5.69	0.4	1種/3件/散0ヶ月 (楽天も実質同日=一挙刊行の可能性)	1	0	0	1	3:2003年09月18日頃 4:2003年09月18日頃 5:2003年09月18日頃	ISBN連番(弱い証拠=採番ブロック予約でも連番になる) / 再版種別 / 楽天も実質同日
LOW	SMALL_BATCH	iraka-no-nami	いらかの波	1	bunkobon	集英社文庫	集英社	2000-12	month	3	5	0.6	3	3-5	0.5	observed	1.0	2	1980	1981	1	3/3	115	8	0	17	6	26	3	0	0.39	5.1	1種/3件/散0ヶ月 (楽天も実質同日=一挙刊行の可能性)	1	0	0	1	3:2000年12月 4:2000年12月 5:2000年12月	ISBN連番(弱い証拠=採番ブロック予約でも連番になる) / 再版種別 / 楽天も実質同日
LOW	SMALL_BATCH	juuoku-shoujo	￥十億少女	1	bunkobon	講談社漫画文庫	講談社	2014-11-12	day	3	5	0.6	3	3-5	0.5	observed	1.0	4	2001	2004	1	3/3	91	2	0	13	2	47	3	0	1.98	1.0	1種/3件/散0ヶ月 (楽天も実質同日=一挙刊行の可能性)	1	0	0	1	3:2014年11月12日頃 4:2014年11月12日頃 5:2014年11月12日頃	ISBN連番(弱い証拠=採番ブロック予約でも連番になる) / 再版種別 / 楽天も実質同日
LOW	SMALL_BATCH	kachou-shima-kousaku	課長島耕作	1	bunkobon	講談社漫画文庫	講談社	1995-08	month	3	17	0.18	2	15-17	0.5	observed	1.0	8	1985	1992	1	3/3	114	13	0	16	2	10	3	0	13.12	0.2	1種/3件/散0ヶ月 (楽天も実質同日=一挙刊行の可能性)	1	0	0	1	15:1995年08月 16:1995年08月 17:1995年08月	ISBN連番(弱い証拠=採番ブロック予約でも連番になる) / 再版種別 / 楽天も実質同日
LOW	PUBLISHER_BATCH	kirinkan-doori	希林館通り	1	bunkobon	集英社文庫 コミック版	集英社	1997-07	month	3	5	0.6	3	3-5	0.5	observed	1.0	2	1979	1980	1	3/3	114	0	0	20	14	52	3	0	0.49	4.1	1種/3件/散0ヶ月 (楽天も実質同日=一挙刊行の可能性)	1	0	0	1	3:1997年07月 4:1997年07月 5:1997年07月	ISBN連番(弱い証拠=採番ブロック予約でも連番になる) / 再版種別 / 楽天も実質同日 / 近傍の複数巻作品20件中14件が全巻同日=レーベル体質
LOW	SMALL_BATCH	kujakuou-taima-seiden	孔雀王 退魔聖伝	1	bunkobon	集英社文庫 コミック版	集英社	2000-02	month	3	7	0.43	2	5-7	0.5	observed	1.0	3	1991	1993	1	3/3	106	4	0	15	2	21	3	0	4.53	0.4	2種/3件/散0ヶ月 (楽天も実質同日=一挙刊行の可能性)	2	0	0	1	5:2000年02月 6:2000年02月 7:2000年02月23日頃	ISBN連番(弱い証拠=採番ブロック予約でも連番になる) / 再版種別 / 楽天も実質同日
LOW	PUBLISHER_BATCH	kujakuou	孔雀王	1	bunkobon	集英社文庫 コミック版	集英社	1997-06	month	3	11	0.27	2	9-11	0.5	observed	1.0	5	1986	1990	1	3/3	105	2	0	14	7	59	3	0			1種/3件/散0ヶ月 (楽天も実質同日=一挙刊行の可能性)	1	0	0	1	9:1997年06月 10:1997年06月 11:1997年06月	ISBN連番(弱い証拠=採番ブロック予約でも連番になる) / 再版種別 / 楽天も実質同日 / 近傍の複数巻作品14件中7件が全巻同日=レーベル体質
LOW	PUBLISHER_BATCH	mutsugorou-ga-yuku	ムツゴロウが征く	1	bunkobon	小学館コロコロ文庫	小学館	1996-03-20	day	3	5	0.6	3	1-3	0.5	observed	1.0	4	1982	1985	1	3/3	62	3	0	13	8	45	3	0	2.46	0.8	1種/3件/散0ヶ月 (楽天も実質同日=一挙刊行の可能性)	1	0	0	1	1:1996年03月20日頃 2:1996年03月20日頃 3:1996年03月20日頃	ISBN連番(弱い証拠=採番ブロック予約でも連番になる) / 再版種別 / 楽天も実質同日 / 近傍の複数巻作品13件中8件が全巻同日=レーベル体質
LOW	SMALL_BATCH	orenosora	俺の空	5	bunkobon	集英社文庫 コミック版	集英社	1997-02-23	day	3	11	0.27	1	5-7	0.5	observed	1.0	4	1976	1979	1	3/3	75	0	0	10	1	86	3	0	0.39	5.2	1種/3件/散0ヶ月 (楽天も実質同日=一挙刊行の可能性)	1	0	0	1	5:1997年02月 6:1997年02月 7:1997年02月	ISBN連番(弱い証拠=採番ブロック予約でも連番になる) / 再版種別 / 楽天も実質同日
LOW	SMALL_BATCH	orpheus-no-mado	オルフェウスの窓	2	bunkobon	集英社文庫コミック版	集英社	1995-11-22	day	3	9	0.33	2	7-9	0.5	observed	1.0	6	1976	1981	1	3/3	50	2	0	7	0	86	3	0	0.38	5.2	1種/3件/散0ヶ月 (楽天も実質同日=一挙刊行の可能性)	1	0	0	1	7:1995年11月 8:1995年11月 9:1995年11月	ISBN連番(弱い証拠=採番ブロック予約でも連番になる) / 再版種別 / 楽天も実質同日
LOW	SMALL_BATCH	otoko-ippiki-gaki-daishou	男一匹ガキ大将	3	bunkobon	集英社文庫コミック版	集英社	1995-10-23	day	3	7	0.43	2	5-7	0.5	observed	1.0	5	1969	1973	1	3/3	60	6	0	8	1	86	3	0			1種/3件/散0ヶ月 (楽天も実質同日=一挙刊行の可能性)	1	0	-9	1	5:1995年01月01日頃 6:1995年01月01日頃 7:1995年01月01日頃	ISBN連番(弱い証拠=採番ブロック予約でも連番になる) / 再版種別 / 楽天も実質同日
LOW	SMALL_BATCH	perman	パーマン	1	bunkobon	小学館コロコロ文庫	小学館	1997-07-20	day	3	5	0.6	1	1-3	0.5	observed	1.0	14	1997	2010	1	3/3	41	0	0	8	3	134	3	0	0.9	2.2	1種/3件/散0ヶ月 (楽天も実質同日=一挙刊行の可能性)	1	0	-1	1	1:1997年06月27日頃 2:1997年06月27日頃 3:1997年06月27日頃	ISBN連番(弱い証拠=採番ブロック予約でも連番になる) / 再版種別 / 楽天も実質同日
LOW	SMALL_BATCH	pureibooru	プレイボール	2	bunkobon	集英社文庫 コミック版	集英社	1996-10-23	day	3	11	0.27	2	9-11	0.5	observed	1.0	4	1976	1979	1	3/3	105	0	0	13	4	86	3	0			1種/3件/散0ヶ月 (楽天も実質同日=一挙刊行の可能性)	1	0	0	1	9:1996年10月18日頃 10:1996年10月18日頃 11:1996年10月18日頃	ISBN連番(弱い証拠=採番ブロック予約でも連番になる) / 再版種別 / 楽天も実質同日
LOW	PUBLISHER_BATCH	rokudenashi-blues	ろくでなしblues	1	bunkobon	集英社文庫	集英社	2003-07-18	day	3	25	0.12	2	13-15	0.5	observed	1.0	9	1989	1997	1	3/3	48	0	0	10	5	10	3	0	3.8	0.5	1種/3件/散0ヶ月 (楽天も実質同日=一挙刊行の可能性)	1	0	0	1	13:2003年07月18日頃 14:2003年07月18日頃 15:2003年07月18日頃	ISBN連番(弱い証拠=採番ブロック予約でも連番になる) / 再版種別 / 楽天も実質同日 / 近傍の複数巻作品10件中5件が全巻同日=レーベル体質
LOW	SMALL_BATCH	sekiryuuou	赤龍王	2	bunkobon	集英社文庫コミック版	集英社	2002-01	month	3	5	0.6	3	3-5	0.5	observed	1.0	3	1987	1989	1	3/3	113	7	0	15	5	21	3	0	5.83	0.3	1種/3件/散0ヶ月 (楽天も実質同日=一挙刊行の可能性)	1	0	0	1	3:2002年01月 4:2002年01月 5:2002年01月	ISBN連番(弱い証拠=採番ブロック予約でも連番になる) / 再版種別 / 楽天も実質同日
LOW	SMALL_BATCH	shikakuijanguru	四角いジャングル	1	bunkobon	講談社漫画文庫	講談社	1997-01-10	day	3	5	0.6	3	1-3	0.5	observed	1.0	3	1978	1980	2	3/3	113	5	0	22	8	20	3	0	5.88	0.3	1種/3件/散0ヶ月 (楽天も実質同日=一挙刊行の可能性)	1	0	0	1	1:1997年01月10日頃 2:1997年01月10日頃 3:1997年01月10日頃	ISBN連番(弱い証拠=採番ブロック予約でも連番になる) / 再版種別 / 楽天も実質同日
LOW	SMALL_BATCH	sora-no-canvas	空のキャンバス	1	bunkobon	集英社文庫コミック版	集英社	2001-04-23	day	3	5	0.6	3	3-5	0.5	observed	1.0	2	1987	1988	1	3/3	116	8	0	19	6	27	3	0	5.22	0.4	1種/3件/散0ヶ月 (楽天も実質同日=一挙刊行の可能性)	1	0	0	1	3:2001年04月 4:2001年04月 5:2001年04月	ISBN連番(弱い証拠=採番ブロック予約でも連番になる) / 再版種別 / 楽天も実質同日
LOW	PUBLISHER_BATCH	takeda-shingen	武田信玄	1	bunkobon	文春文庫	講談社	1997-11-11	day	3	5	0.6	3	3-5	0.5	observed	1.0	2	1987	1988	1	3/3	113	6	0	24	13	18	3	0	6.33	0.3	1種/3件/散0ヶ月 (楽天も実質同日=一挙刊行の可能性)	1	0	0	1	3:1997年11月11日頃 4:1997年11月11日頃 5:1997年11月11日頃	ISBN連番(弱い証拠=採番ブロック予約でも連番になる) / 再版種別 / 楽天も実質同日 / 近傍の複数巻作品24件中13件が全巻同日=レーベル体質
LOW	SMALL_BATCH	tennen-kokekkoo	天然コケッコー	1	bunkobon	集英社文庫	集英社	2003-08-08	day	3	9	0.33	2	1-3	0.5	observed	1.0	7	1995	2001	1	3/3	110	6	0	13	2	26	3	0	4.67	0.4	1種/3件/散0ヶ月 (楽天も実質同日=一挙刊行の可能性)	1	0	0	1	1:2003年08月08日頃 2:2003年08月08日頃 3:2003年08月08日頃	ISBN連番(弱い証拠=採番ブロック予約でも連番になる) / 再版種別 / 楽天も実質同日
LOW	SMALL_BATCH	tennis-boy	テニスボーイ	2	bunkobon	集英社文庫コミック版	集英社	2001-02-21	day	3	9	0.33	2	7-9	0.5	observed	1.0	4	1980	1983	1	3/3	112	4	0	18	4	27	3	0	2.88	0.7	1種/3件/散0ヶ月 (楽天も実質同日=一挙刊行の可能性)	1	0	0	1	7:2001年02月 8:2001年02月 9:2001年02月	ISBN連番(弱い証拠=採番ブロック予約でも連番になる) / 再版種別 / 楽天も実質同日
LOW	PUBLISHER_BATCH	toudai-itchokusen	東大一直線	2	bunkobon	小学館コロコロ文庫	小学館	1995-12-20	day	3	9	0.33	2	7-9	0.5	observed	1.0	4	1977	1980	2	3/3	54	3	0	12	8	45	3	0	1.42	1.4	1種/3件/散0ヶ月 (楽天も実質同日=一挙刊行の可能性)	1	0	0	1	7:1995年12月20日頃 8:1995年12月20日頃 9:1995年12月20日頃	ISBN連番(弱い証拠=採番ブロック予約でも連番になる) / 再版種別 / 楽天も実質同日 / 近傍の複数巻作品12件中8件が全巻同日=レーベル体質
LOW	SMALL_BATCH	wingman	ウイングマン	1	bunkobon	集英社文庫 コミック版	集英社	1998-04-22	day	3	7	0.43	2	5-7	0.5	observed	1.0	4	1983	1986	1	3/3	111	4	0	16	6	31	3	0	2.26	0.9	1種/3件/散0ヶ月 (楽天も実質同日=一挙刊行の可能性)	1	0	0	1	5:1998年04月01日頃 6:1998年04月01日頃 7:1998年04月01日頃	ISBN連番(弱い証拠=採番ブロック予約でも連番になる) / 再版種別 / 楽天も実質同日
LOW	PUBLISHER_BATCH	za-kabocha-wine	The・かぼちゃワイン	1	bunkobon	双葉文庫	双葉社	1999-06	month	3	9	0.33	3	1-3	0.5	observed	1.0	4	1981	1984	1	3/3	98	2	0	23	16	22	3	0	5.14	0.4	1種/3件/散0ヶ月 (楽天も実質同日=一挙刊行の可能性)	1	0	0	1	1:1999年06月 2:1999年06月 3:1999年06月	ISBN連番(弱い証拠=採番ブロック予約でも連番になる) / 再版種別 / 楽天も実質同日 / 近傍の複数巻作品23件中16件が全巻同日=レーベル体質
LOW	PUBLISHER_BATCH	za-kabocha-wine	The・かぼちゃワイン	1	bunkobon	双葉文庫	双葉社	1999-08	month	3	9	0.33	3	4-6	0.5	observed	1.0	4	1981	1984	1	3/3	99	2	0	22	15	22	3	0	5.18	0.4	1種/3件/散0ヶ月 (楽天も実質同日=一挙刊行の可能性)	1	0	0	1	4:1999年08月 5:1999年08月 6:1999年08月	ISBN連番(弱い証拠=採番ブロック予約でも連番になる) / 再版種別 / 楽天も実質同日 / 近傍の複数巻作品22件中15件が全巻同日=レーベル体質
LOW	PUBLISHER_BATCH	za-kabocha-wine	The・かぼちゃワイン	1	bunkobon	双葉文庫	双葉社	1999-10-20	day	3	9	0.33	3	7-9	0.5	observed	1.0	4	1981	1984	1	3/3	99	2	0	23	15	24	3	0	5.14	0.4	1種/3件/散0ヶ月 (楽天も実質同日=一挙刊行の可能性)	1	0	0	1	7:1999年10月20日頃 8:1999年10月20日頃 9:1999年10月20日頃	ISBN連番(弱い証拠=採番ブロック予約でも連番になる) / 再版種別 / 楽天も実質同日 / 近傍の複数巻作品23件中15件が全巻同日=レーベル体質
LOW	SMALL_BATCH	zoku-junjou-crazy-fruits	続・純情クレイジーフルーツ	0	bunkobon	集英社文庫 コミック版	集英社	2000-03	month	3	5	0.6	3	3-5	0.5	observed	1.0	1	2000	2000	1	3/3	116	7	0	17	4	30	3	0	6.0	0.3	1種/3件/散0ヶ月 (楽天も実質同日=一挙刊行の可能性)	1	0	0	1	3:2000年03月 4:2000年03月 5:2000年03月	ISBN連番(弱い証拠=採番ブロック予約でも連番になる) / 再版種別 / 楽天も実質同日
LOW	SMALL_BATCH	cyborg-009	サイボーグ009	1	shinsoban	MFコミックス版(2001-02)	メディアファクトリー	2001-10-23	day	3	36	0.08	2	1-3	0.5	observed	0.9	15	1966	1980	1	3/3	57	0	0	14	4	31	3	0			1種/3件/散0ヶ月 (楽天も実質同日=一挙刊行の可能性)	1	0	0	1	1:2001年10月23日 2:2001年10月23日 3:2001年10月23日	ISBN連番(弱い証拠=採番ブロック予約でも連番になる) / 再版種別 / 楽天も実質同日
LOW	SMALL_BATCH	cyborg-009	サイボーグ009	1	shinsoban	MFコミックス版(2001-02)	メディアファクトリー	2001-11-23	day	3	36	0.08	2	4-6	0.5	observed	0.9	15	1966	1980	1	3/3	34	3	0	9	0	15	3	0	8.13	0.2	1種/3件/散0ヶ月 (楽天も実質同日=一挙刊行の可能性)	1	0	0	1	4:2001年11月23日 5:2001年11月23日 6:2001年11月23日	ISBN連番(弱い証拠=採番ブロック予約でも連番になる) / 再版種別 / 楽天も実質同日
LOW	SMALL_BATCH	dragon-quest-daino-daibouken	ドラゴンクエスト ダイの大冒険	1	bunkobon	集英社文庫 コミック版	集英社	2003-11-18	day	3	22	0.14	2	11-13	0.4	observed	0.9	8	1990	1997	1	3/3	91	6	0	13	2	17	3	0	6.93	0.3	1種/3件/散0ヶ月 (楽天も実質同日=一挙刊行の可能性)	1	0	0	1	11:2003年11月18日頃 12:2003年11月18日頃 13:2003年11月18日頃	ISBN連番(弱い証拠=採番ブロック予約でも連番になる) / 再版種別 / 楽天も実質同日
LOW	SMALL_BATCH	dragon-quest-daino-daibouken	ドラゴンクエスト ダイの大冒険	1	bunkobon	集英社文庫 コミック版	集英社	2004-01	month	3	22	0.14	2	16-18	0.4	observed	0.9	8	1990	1997	1	3/3	91	8	0	15	4	17	3	0	6.86	0.3	1種/3件/散0ヶ月 (楽天も実質同日=一挙刊行の可能性)	1	0	0	1	16:2004年01月 17:2004年01月 18:2004年01月	ISBN連番(弱い証拠=採番ブロック予約でも連番になる) / 再版種別 / 楽天も実質同日
LOW	SMALL_BATCH	h2	H2	1	wideban	少年サンデーコミックスワイド版	小学館	2005-01	month	3	17	0.18	3	6-8	0.4	observed	0.9	8	1993	2000	1	3/3	66	0	0	7	0	171	3	0	0.34	5.9	1種/3件/散0ヶ月 (楽天も実質同日=一挙刊行の可能性)	1	0	-1	1	6:2004年12月16日 7:2004年12月16日 8:2004年12月16日	ISBN連番(弱い証拠=採番ブロック予約でも連番になる) / 再版種別 / 楽天も実質同日
LOW	SMALL_BATCH	h2	H2	1	wideban	少年サンデーコミックスワイド版	小学館	2005-02	month	3	17	0.18	3	9-11	0.4	observed	0.9	8	1993	2000	1	3/3	66	0	0	6	0	171	3	0	0.34	5.9	1種/3件/散0ヶ月 (楽天も実質同日=一挙刊行の可能性)	1	0	-1	1	9:2005年01月13日 10:2005年01月13日 11:2005年01月13日	ISBN連番(弱い証拠=採番ブロック予約でも連番になる) / 再版種別 / 楽天も実質同日
LOW	SMALL_BATCH	h2	H2	1	wideban	少年サンデーコミックスワイド版	小学館	2005-03	month	3	17	0.18	3	12-14	0.4	observed	0.9	8	1993	2000	1	3/3	66	0	0	7	0	170	3	0	0.39	5.2	1種/3件/散0ヶ月 (楽天も実質同日=一挙刊行の可能性)	1	0	-1	1	12:2005年02月16日 13:2005年02月16日 14:2005年02月16日	ISBN連番(弱い証拠=採番ブロック予約でも連番になる) / 再版種別 / 楽天も実質同日
LOW	SMALL_BATCH	h2	H2	1	wideban	少年サンデーコミックスワイド版	小学館	2005-04	month	3	17	0.18	3	15-17	0.4	observed	0.9	8	1993	2000	1	3/3	66	0	0	6	0	170	3	0	0.38	5.3	1種/3件/散0ヶ月 (楽天も実質同日=一挙刊行の可能性)	1	0	-1	1	15:2005年03月02日 16:2005年03月02日 17:2005年03月02日	ISBN連番(弱い証拠=採番ブロック予約でも連番になる) / 再版種別 / 楽天も実質同日
LOW	SMALL_BATCH	jaiantotaifuu	ジャイアント台風	0	standard	ヒットコミックス	不明	1984-10-01	day	3	12	0.25	2	3-5	0.5	observed	0.9	17	1969	1985	1		0	0	0	0	0	0	0	0				0	0	0	0		
LOW	SMALL_BATCH	manga-de-opera	マンガでオペラ	0	standard		ヤマハミュージックメディア	2011-04	month	3	8	0.38	2	6-8	0.4	observed	0.9	1	2011	2011	2	3/4	0	0	0	0	0	0	4	0				0	0	0	0		ISBN連番(弱い証拠=採番ブロック予約でも連番になる)
LOW	SMALL_BATCH	marude-dameo	丸出だめ夫	0	standard	講談社コミックス	講談社	1976-06-30	day	3	12	0.25	3	1-3	0.5	observed	0.9	9	1968	1976	1		0	0	0	0	0	0	0	0				0	0	0	0		
LOW	SMALL_BATCH	marude-dameo	丸出だめ夫	0	standard	講談社コミックス	講談社	1976-07-30	day	3	12	0.25	3	4-6	0.5	observed	0.9	9	1968	1976	1		0	0	0	0	0	0	0	0				0	0	0	0		
LOW	SMALL_BATCH	marude-dameo	丸出だめ夫	0	standard	講談社コミックス	講談社	1976-08-16	day	3	12	0.25	3	7-9	0.5	observed	0.9	9	1968	1976	1		0	0	0	0	0	0	0	0				0	0	0	0		
LOW	SMALL_BATCH	naoko	奈緒子	1	bunkobon	小学館文庫	小学館	2005-09	month	3	25	0.12	2	23-25	0.5	observed	0.9	8	1995	2002	1	3/3	52	0	0	8	0	128	3	0	0.23	8.8	1種/3件/散0ヶ月 (楽天も実質同日=一挙刊行の可能性)	1	0	-1	1	23:2005年08月12日頃 24:2005年08月12日頃 25:2005年08月12日頃	ISBN連番(弱い証拠=採番ブロック予約でも連番になる) / 再版種別 / 楽天も実質同日
LOW	SMALL_BATCH	nesshou-hanazawa-koukou	熱笑!!花沢高校	2	shinsoban	Tokuma favorite comics	徳間書店	2002-05	month	3	10	0.3	2	1-3	0.4	observed	0.9	5	1980	1984	1	3/5	28	0	0	3	0	184	5	0	0.57	7.0	2種/3件/散1ヶ月 (楽天も実質同日=一挙刊行の可能性)	2	1	-2	1	1:2002年03月 2:2002年03月 3:2002年04月	再版種別 / 楽天も実質同日
LOW	SMALL_BATCH	nichiro-sensou-monogatari	日露戦争物語	1	bunkobon	PHP文庫	PHP研究所	2010-04	month	3	12	0.25	3	1-3	0.5	observed	0.9	6	2001	2006	1	3/3	0	0	0	0	0	0	3	0			1種/3件/散0ヶ月 (楽天も実質同日=一挙刊行の可能性)	1	0	0	1	1:2010年04月 2:2010年04月 3:2010年04月	ISBN連番(弱い証拠=採番ブロック予約でも連番になる) / 再版種別 / 楽天も実質同日
LOW	SMALL_BATCH	nichiro-sensou-monogatari	日露戦争物語	1	bunkobon	PHP文庫	PHP研究所	2010-05	month	3	12	0.25	3	4-6	0.5	observed	0.9	6	2001	2006	1	3/3	0	0	0	0	0	0	3	0			1種/3件/散0ヶ月 (楽天も実質同日=一挙刊行の可能性)	1	0	0	1	4:2010年05月 5:2010年05月 6:2010年05月	ISBN連番(弱い証拠=採番ブロック予約でも連番になる) / 再版種別 / 楽天も実質同日
LOW	SMALL_BATCH	nichiro-sensou-monogatari	日露戦争物語	1	bunkobon	PHP文庫	PHP研究所	2010-08	month	3	12	0.25	3	7-9	0.5	observed	0.9	6	2001	2006	1	3/3	0	0	0	0	0	0	3	0			1種/3件/散0ヶ月 (楽天も実質同日=一挙刊行の可能性)	1	0	0	1	7:2010年08月 8:2010年08月 9:2010年08月	ISBN連番(弱い証拠=採番ブロック予約でも連番になる) / 再版種別 / 楽天も実質同日
LOW	SMALL_BATCH	nichiro-sensou-monogatari	日露戦争物語	1	bunkobon	PHP文庫	PHP研究所	2010-09	month	3	12	0.25	3	10-12	0.5	observed	0.9	6	2001	2006	1	3/3	0	0	0	0	0	0	3	0			1種/3件/散0ヶ月 (楽天も実質同日=一挙刊行の可能性)	1	0	0	1	10:2010年09月 11:2010年09月 12:2010年09月	ISBN連番(弱い証拠=採番ブロック予約でも連番になる) / 再版種別 / 楽天も実質同日
LOW	SMALL_BATCH	offside	オフサイド	1	bunkobon	講談社漫画文庫	講談社	2000-09	month	3	15	0.2	2	1-3	0.4	observed	0.9	6	1987	1992	2	3/3	110	19	0	20	8	8	3	0	16.57	0.1	1種/3件/散0ヶ月 (楽天も実質同日=一挙刊行の可能性)	1	0	0	1	1:2000年09月 2:2000年09月 3:2000年09月	ISBN連番(弱い証拠=採番ブロック予約でも連番になる) / 再版種別 / 楽天も実質同日
LOW	SMALL_BATCH	peanuts-essence-1996	ピーナッツ・エッセンス	0	standard		講談社	1996-04-20	day	3	15	0.2	2	1-15(飛)	0.4	observed	0.9	1	1996	1996	1	3/15	0	0	0	0	0	0	15	0				0	0	0	0		
LOW	SMALL_BATCH	shachou-shima-kousaku	社長島耕作	1	bunkobon	講談社漫画文庫	講談社	2015-11-12	day	3	10	0.3	2	1-3	0.4	observed	0.9	6	2008	2013	1	3/3	83	1	0	12	2	46	3	0	1.91	1.0	1種/3件/散0ヶ月 (楽天も実質同日=一挙刊行の可能性)	1	0	0	1	1:2015年11月12日頃 2:2015年11月12日頃 3:2015年11月12日頃	ISBN連番(弱い証拠=採番ブロック予約でも連番になる) / 再版種別 / 楽天も実質同日
LOW	SMALL_BATCH	shinpan-himitsu-tantei-jieiei	秘密探偵JA	0	standard	Star comics	大都社	1985-01-20	day	3	15	0.2	2	7-9	0.4	observed	0.9	5	1965	1969	1	3/3	26	0	0	3	3	37	3	0	1.14	1.8		0	0	0	0		ISBN連番(弱い証拠=採番ブロック予約でも連番になる)
LOW	SMALL_BATCH	soukaikessen	蒼海訣戰	0	standard	IDコミックス	角川グループパブリッシング	2012-04	month	3	10	0.3	2	8-10	0.4	observed	0.9	2	2011	2012	1	3/3	28	14	0	1	0	2	3	0			1種/3件/散0ヶ月 (楽天も実質同日=一挙刊行の可能性)	1	0	0	1	8:2012年04月 9:2012年04月 10:2012年04月	ISBN連番(弱い証拠=採番ブロック予約でも連番になる) / 楽天も実質同日
LOW	PUBLISHER_BATCH	waru	悪女	1	bunkobon	講談社漫画文庫	講談社	1998-11	month	3	19	0.16	2	1-3	0.4	observed	0.9	9	1989	1997	1	3/3	97	7	0	24	13	32	3	0	2.62	0.8	1種/3件/散0ヶ月 (楽天も実質同日=一挙刊行の可能性)	1	0	0	1	1:1998年11月 2:1998年11月 3:1998年11月	ISBN連番(弱い証拠=採番ブロック予約でも連番になる) / 再版種別 / 楽天も実質同日 / 近傍の複数巻作品24件中13件が全巻同日=レーベル体質
LOW	SMALL_BATCH	yawara	YAWARA!	1	bunkobon	小学館文庫	小学館	1999-04	month	3	19	0.16	2	17-19	0.4	observed	0.9	8	1987	1994	1	3/3	69	1	0	9	3	103	3	0	1.21	1.7	1種/3件/散0ヶ月 (楽天も実質同日=一挙刊行の可能性)	1	0	-1	1	17:1999年03月16日頃 18:1999年03月16日頃 19:1999年03月16日頃	ISBN連番(弱い証拠=採番ブロック予約でも連番になる) / 再版種別 / 楽天も実質同日
LOW	SMALL_BATCH	yuuyake-banchiyou	夕やけ番長	1	shinsoban	サンケイコミックス	サンケイ出版	1986-05-01	day	3	15	0.2	2	1-3	0.4	observed	0.9	4	1968	1971	1		0	0	0	0	0	0	0	0				0	0	0	0		再版種別
LOW	SMALL_BATCH	zoku-sengoku-jieitai	続戦国自衛隊	1	bunkobon	セブン文庫	世界文化社	2008-03	month	3	10	0.3	3	1-3	0.4	observed	0.9	7	2000	2006	1	3/3	4	1	0	0	0	6	3	0	3.33	0.6	1種/3件/散0ヶ月 (楽天も実質同日=一挙刊行の可能性)	1	0	0	1	1:2008年03月 2:2008年03月 3:2008年03月	ISBN連番(弱い証拠=採番ブロック予約でも連番になる) / 再版種別 / 楽天も実質同日
LOW	SMALL_BATCH	zoku-sengoku-jieitai	続戦国自衛隊	1	bunkobon	セブン文庫	世界文化社	2008-07	month	3	10	0.3	3	8-10	0.4	observed	0.9	7	2000	2006	1	3/3	4	1	0	0	0	6	3	0	3.33	0.6	1種/3件/散0ヶ月 (楽天も実質同日=一挙刊行の可能性)	1	0	0	1	8:2008年07月 9:2008年07月 10:2008年07月	ISBN連番(弱い証拠=採番ブロック予約でも連番になる) / 再版種別 / 楽天も実質同日
LOW	PUBLISHER_BATCH	aa-harimanada	ああ播磨灘	1	bunkobon	講談社漫画文庫	講談社	2002-03	month	3	14	0.21	2	1-3	0.4	observed	0.8	6	1991	1996	3	3/3	108	21	0	28	14	16	3	0	21.6	0.1	1種/3件/散0ヶ月 (楽天も実質同日=一挙刊行の可能性)	1	0	0	1	1:2002年03月 2:2002年03月 3:2002年03月	ISBN連番(弱い証拠=採番ブロック予約でも連番になる) / 再版種別 / 楽天も実質同日 / 近傍の複数巻作品28件中14件が全巻同日=レーベル体質
LOW	SMALL_BATCH	aa-harimanada	ああ播磨灘	1	bunkobon	講談社漫画文庫	講談社	2002-04	month	3	14	0.21	2	4-6	0.4	observed	0.8	6	1991	1996	1	3/3	107	18	0	27	13	15	3	0	20.8	0.1	1種/3件/散0ヶ月 (楽天も実質同日=一挙刊行の可能性)	1	0	0	1	4:2002年04月 5:2002年04月 6:2002年04月	ISBN連番(弱い証拠=採番ブロック予約でも連番になる) / 再版種別 / 楽天も実質同日
LOW	SMALL_BATCH	ai-to-makoto	愛と誠	4	shinsoban	講談社プラチナコミックス	講談社	2012-06	month	3	6	0.5	2	3-5	0.4	observed	0.8	4	1973	1976	1	3/10	25	0	0	5	0	24	10	0	1.04	8.6	1種/3件/散0ヶ月 (楽天も実質同日=一挙刊行の可能性)	1	0	0	1	3:2012年06月 4:2012年06月 5:2012年06月	再版種別 / 楽天も実質同日
LOW	SMALL_BATCH	aku-no-hana	悪の華	0	standard	Tokuma comics	ゴマブックス	2017-05	month	3	6	0.5	2	3-5	0.4	observed	0.8	1	2017	2017	1	3/3	13	0	0	3	2	3	3	0	11.0	0.2	1種/3件/散0ヶ月 (楽天も実質同日=一挙刊行の可能性)	1	0	0	1	3:2017年05月 4:2017年05月 5:2017年05月	ISBN連番(弱い証拠=採番ブロック予約でも連番になる) / 楽天も実質同日
LOW	SMALL_BATCH	dragon-quest-daino-daibouken	ドラゴンクエスト ダイの大冒険	2	aizoban	愛蔵版コミックス	集英社	2020-10-02	day	3	25	0.12	3	1-3	0.4	observed	0.8	8	1990	1997	1	3/3	37	0	0	3	0	101	3	0	1.08	1.9	1種/3件/散0ヶ月 (楽天も実質同日=一挙刊行の可能性)	1	0	0	1	1:2020年10月02日 2:2020年10月02日 3:2020年10月02日	ISBN連番(弱い証拠=採番ブロック予約でも連番になる) / 再版種別 / 楽天も実質同日
LOW	SMALL_BATCH	dragon-quest-daino-daibouken	ドラゴンクエスト ダイの大冒険	2	aizoban	愛蔵版コミックス	集英社	2020-12-04	day	3	25	0.12	3	6-8	0.4	observed	0.8	8	1990	1997	1	3/3	38	0	0	3	0	120	3	0	0.95	2.1	1種/3件/散0ヶ月 (楽天も実質同日=一挙刊行の可能性)	1	0	0	1	6:2020年12月04日 7:2020年12月04日 8:2020年12月04日	ISBN連番(弱い証拠=採番ブロック予約でも連番になる) / 再版種別 / 楽天も実質同日
LOW	SMALL_BATCH	dragon-quest-daino-daibouken	ドラゴンクエスト ダイの大冒険	2	aizoban	愛蔵版コミックス	集英社	2021-03-04	day	3	25	0.12	3	13-15	0.4	observed	0.8	8	1990	1997	1	3/3	37	0	0	3	0	115	3	0	0.97	2.1	1種/3件/散0ヶ月 (楽天も実質同日=一挙刊行の可能性)	1	0	0	1	13:2021年03月04日 14:2021年03月04日 15:2021年03月04日	ISBN連番(弱い証拠=採番ブロック予約でも連番になる) / 再版種別 / 楽天も実質同日
LOW	SMALL_BATCH	dragon-quest-daino-daibouken	ドラゴンクエスト ダイの大冒険	2	aizoban	愛蔵版コミックス	集英社	2021-04-30	day	3	25	0.12	3	18-20	0.4	observed	0.8	8	1990	1997	1	3/3	36	0	0	3	0	100	3	0	0.94	2.1	1種/3件/散0ヶ月 (楽天も実質同日=一挙刊行の可能性)	1	0	0	1	18:2021年04月30日 19:2021年04月30日 20:2021年04月30日	ISBN連番(弱い証拠=採番ブロック予約でも連番になる) / 再版種別 / 楽天も実質同日
LOW	SMALL_BATCH	dragon-quest-daino-daibouken	ドラゴンクエスト ダイの大冒険	2	aizoban	愛蔵版コミックス	集英社	2021-07-02	day	3	25	0.12	3	23-25	0.4	observed	0.8	8	1990	1997	1	3/3	36	0	0	3	0	100	3	0	0.94	2.1	1種/3件/散0ヶ月 (楽天も実質同日=一挙刊行の可能性)	1	0	0	1	23:2021年07月02日 24:2021年07月02日 25:2021年07月02日	ISBN連番(弱い証拠=採番ブロック予約でも連番になる) / 再版種別 / 楽天も実質同日
LOW	SMALL_BATCH	esper-mami	エスパー魔美	4	bunkobon	小学館コロコロ文庫	小学館	1996-09-20	day	3	6	0.5	3	1-3	0.4	observed	0.8	6	1978	1983	1	3/3	43	0	0	9	4	137	3	0	1.07	1.9	1種/3件/散0ヶ月 (楽天も実質同日=一挙刊行の可能性)	1	0	0	1	1:1996年09月20日頃 2:1996年09月20日頃 3:1996年09月20日頃	ISBN連番(弱い証拠=採番ブロック予約でも連番になる) / 再版種別 / 楽天も実質同日
LOW	SMALL_BATCH	esper-mami	エスパー魔美	4	bunkobon	小学館コロコロ文庫	小学館	1996-11-22	day	3	6	0.5	3	4-6	0.4	observed	0.8	6	1978	1983	1	3/3	40	0	0	8	3	134	3	0	0.9	2.2	1種/3件/散0ヶ月 (楽天も実質同日=一挙刊行の可能性)	1	0	0	1	4:1996年11月22日頃 5:1996年11月22日頃 6:1996年11月22日頃	ISBN連番(弱い証拠=採番ブロック予約でも連番になる) / 再版種別 / 楽天も実質同日
LOW	PUBLISHER_BATCH	futaridaka	ふたり鷹	1	bunkobon	スコラ漫画文庫シリーズ	スコラ	1995-03	month	3	11	0.27	2	1-3	0.4	observed	0.8	4	1982	1985	1	3/3	35	2	0	4	2	9	3	0	11.11	0.2	1種/3件/散0ヶ月 (楽天も実質同日=一挙刊行の可能性)	1	0	0	1	1:1995年03月 2:1995年03月 3:1995年03月	ISBN連番(弱い証拠=採番ブロック予約でも連番になる) / 再版種別 / 楽天も実質同日 / 近傍の複数巻作品4件中2件が全巻同日=レーベル体質
LOW	SMALL_BATCH	gorilla-man	ゴリラーマン	1	shinsoban	ヤンマガKC	講談社	2010-08	month	3	19	0.16	2	1-3	0.4	observed	0.8	5	1989	1993	1	3/3	98	9	0	26	0	11	3	0	11.6	0.2	1種/3件/散0ヶ月 (楽天も実質同日=一挙刊行の可能性)	1	0	0	1	1:2010年08月 2:2010年08月 3:2010年08月	ISBN連番(弱い証拠=採番ブロック予約でも連番になる) / 再版種別 / 楽天も実質同日
LOW	SMALL_BATCH	gorilla-man	ゴリラーマン	1	shinsoban	ヤンマガKC	講談社	2010-09	month	3	19	0.16	2	4-6	0.4	observed	0.8	5	1989	1993	1	3/3	96	7	0	25	0	10	3	0	11.4	0.2	1種/3件/散0ヶ月 (楽天も実質同日=一挙刊行の可能性)	1	0	0	1	4:2010年09月 5:2010年09月 6:2010年09月	ISBN連番(弱い証拠=採番ブロック予約でも連番になる) / 再版種別 / 楽天も実質同日
LOW	SMALL_BATCH	gorilla-man	ゴリラーマン	1	shinsoban	ヤンマガKC	講談社	2010-10	month	3	19	0.16	2	7-9	0.4	observed	0.8	5	1989	1993	1	3/3	86	10	0	24	0	105	3	0	11.56	0.2	1種/3件/散0ヶ月 (楽天も実質同日=一挙刊行の可能性)	1	0	0	1	7:2010年10月 8:2010年10月 9:2010年10月	ISBN連番(弱い証拠=採番ブロック予約でも連番になる) / 再版種別 / 楽天も実質同日
LOW	SMALL_BATCH	hana-no-asuka-gumi	花のあすか組!	1	bunkobon	高口里純文庫 コミック版	角川書店	1998-05	month	3	13	0.23	2	1-3	0.4	observed	0.8	9	1987	1995	1	3/3	35	0	0	5	1	486	3	0	0.22	9.3	1種/3件/散0ヶ月 (楽天も実質同日=一挙刊行の可能性)	1	0	0	1	1:1998年05月 2:1998年05月 3:1998年05月	ISBN連番(弱い証拠=採番ブロック予約でも連番になる) / 再版種別 / 楽天も実質同日
LOW	SMALL_BATCH	highschool-kimengumi	ハイスクール!奇面組	1	bunkobon	集英社文庫	集英社	2002-05-17	day	3	13	0.23	2	11-13	0.4	observed	0.8	6	1983	1988	1	3/3	104	8	0	17	5	21	3	0	5.19	0.4	1種/3件/散0ヶ月 (楽天も実質同日=一挙刊行の可能性)	1	0	0	1	11:2002年05月17日頃 12:2002年05月17日頃 13:2002年05月17日頃	ISBN連番(弱い証拠=採番ブロック予約でも連番になる) / 再版種別 / 楽天も実質同日
LOW	SMALL_BATCH	judo-itchokusen	柔道一直線	1	shinsoban	サンケイコミックス	サンケイ出版	1986-01-20	day	3	9	0.33	2	4-6	0.4	observed	0.8	3	1968	1970	1		0	0	0	0	0	0	0	0				0	0	0	0		再版種別
LOW	SMALL_BATCH	karate-baka-ichidai	空手バカ一代	1	shinsoban	KCスペシャル	講談社	1982-09	month	3	17	0.18	2	1-3	0.4	observed	0.8	7	1972	1978	1	3/3	24	0	0	6	2	13	3	0	1.15	1.7	1種/3件/散0ヶ月 (楽天も実質同日=一挙刊行の可能性)	1	0	0	1	1:1982年09月 2:1982年09月 3:1982年09月	ISBN連番(弱い証拠=採番ブロック予約でも連番になる) / 再版種別 / 楽天も実質同日
LOW	SMALL_BATCH	karate-baka-ichidai	空手バカ一代	1	shinsoban	KCスペシャル	講談社	1982-10	month	3	17	0.18	2	5-7	0.4	observed	0.8	7	1972	1978	1	3/3	25	0	0	6	2	13	3	0	1.15	1.7	1種/3件/散0ヶ月 (楽天も実質同日=一挙刊行の可能性)	1	0	0	1	5:1982年10月 6:1982年10月 7:1982年10月	ISBN連番(弱い証拠=採番ブロック予約でも連番になる) / 再版種別 / 楽天も実質同日
LOW	SMALL_BATCH	misen	未生	0	standard	KCDX	講談社	2016-06-23	day	3	9	0.33	2	1-3	0.4	observed	0.8	1	2016	2016	1	3/7	97	14	3	8	2	44	7	0			1種/3件/散0ヶ月 (楽天も実質同日=一挙刊行の可能性)	1	0	0	1	1:2016年06月23日頃 2:2016年06月23日頃 3:2016年06月23日頃	楽天も実質同日
LOW	SMALL_BATCH	mosaren-bugi	猛者連ブギ	0	standard	トクマコミックス	不明	1984-07	month	3	9	0.33	2	7-9	0.4	observed	0.8	1	1984	1984	1		0	0	0	0	0	0	0	0				0	0	0	0		
LOW	SMALL_BATCH	oni-iga-2	男弐	0	standard		スタジオ・シップ	2003-07	month	3	8	0.38	2	5-7	0.4	observed	0.8	1	2003	2003	1	3/3	20	0	0	3	0	26	3	0	4.19	0.5	1種/3件/散0ヶ月 (楽天も実質同日=一挙刊行の可能性)	1	0	0	1	5:2003年07月 6:2003年07月 7:2003年07月	ISBN連番(弱い証拠=採番ブロック予約でも連番になる) / 楽天も実質同日
LOW	SMALL_BATCH	ore-wa-teppei	おれは鉄兵	3	shinsoban	KCスペシャル	講談社	1984-11-06	day	3	18	0.17	2	4-6	0.4	observed	0.8	7	1974	1980	1	3/3	67	2	0	16	2	69	3	0	3.69	0.5	1種/3件/散0ヶ月 (楽天も実質同日=一挙刊行の可能性)	1	0	0	1	4:1984年11月06日頃 5:1984年11月06日頃 6:1984年11月06日頃	ISBN連番(弱い証拠=採番ブロック予約でも連番になる) / 再版種別 / 楽天も実質同日
LOW	SMALL_BATCH	puroresu-super-star-rendetsu	プロレススーパースター列伝	2	bunkobon	講談社漫画文庫	講談社	1996-12-12	day	3	11	0.27	2	7-9	0.4	observed	0.8	3	1981	1983	1	3/3	107	6	0	20	9	15	3	0	9.0	0.2	1種/3件/散0ヶ月 (楽天も実質同日=一挙刊行の可能性)	1	0	0	1	7:1996年12月 8:1996年12月 9:1996年12月	ISBN連番(弱い証拠=採番ブロック予約でも連番になる) / 再版種別 / 楽天も実質同日
LOW	SMALL_BATCH	shinpan-himitsu-tantei-jieiei	秘密探偵JA	2	bunkobon	HMB	ホーム社	2000-10	month	3	13	0.23	2	7-9	0.4	observed	0.8	5	1965	1969	1	3/5	68	2	2	12	5	31	5	0	4.68	0.9	1種/3件/散0ヶ月 (楽天も実質同日=一挙刊行の可能性)	1	0	0	1	7:2000年10月 8:2000年10月 9:2000年10月	再版種別 / 楽天も実質同日
LOW	SMALL_BATCH	so-young	So young	0	standard	Nichibun comics	日本文芸社	2024-03	month	3	6	0.5	2	4-6	0.4	observed	0.8	1	2024	2024	1	3/3	104	13	0	20	2	7	3	0	16.29	0.1	1種/3件/散0ヶ月 (楽天も実質同日=一挙刊行の可能性)	1	0	-1	1	4:2024年02月19日 5:2024年02月19日 6:2024年02月19日	ISBN連番(弱い証拠=採番ブロック予約でも連番になる) / 楽天も実質同日
LOW	SMALL_BATCH	sugar	シュガー	0	bunkobon	秋田漫画文庫	秋田書店	1985-09	month	3	9	0.33	2	7-9	0.4	observed	0.8	18	1985	2002	1	3/3	86	0	0	13	4	537	3	0	0.21	9.5	1種/3件/散0ヶ月 (楽天も実質同日=一挙刊行の可能性)	1	0	0	1	7:1985年09月 8:1985年09月 9:1985年09月	ISBN連番(弱い証拠=採番ブロック予約でも連番になる) / 再版種別 / 楽天も実質同日
LOW	PUBLISHER_BATCH	tsuruhime-jaatsu	つる姫じゃ～っ！	1	bunkobon	中公文庫コミック版	中央公論社	1995-07-18	day	3	6	0.5	3	1-3	0.4	observed	0.8	12	1979	1990	2	3/3	29	6	0	7	5	4	3	0	26.75	0.1	1種/3件/散0ヶ月 (楽天も実質同日=一挙刊行の可能性)	1	0	0	1	1:1995年07月18日頃 2:1995年07月18日頃 3:1995年07月18日頃	ISBN連番(弱い証拠=採番ブロック予約でも連番になる) / 再版種別 / 楽天も実質同日 / 近傍の複数巻作品7件中5件が全巻同日=レーベル体質
LOW	PUBLISHER_BATCH	tsuruhime-jaatsu	つる姫じゃ～っ！	1	bunkobon	中公文庫コミック版	中央公論社	1995-09-18	day	3	6	0.5	3	4-6	0.4	observed	0.8	12	1979	1990	2	3/3	30	6	0	9	8	4	3	0	26.25	0.1	1種/3件/散0ヶ月 (楽天も実質同日=一挙刊行の可能性)	1	0	0	1	4:1995年09月18日頃 5:1995年09月18日頃 6:1995年09月18日頃	ISBN連番(弱い証拠=採番ブロック予約でも連番になる) / 再版種別 / 楽天も実質同日 / 近傍の複数巻作品9件中8件が全巻同日=レーベル体質
LOW	SMALL_BATCH	wild-7	ワイルド7	3	bunkobon	ぶんか社コミック文庫	ぶんか社	2007-10	month	3	27	0.11	2	1-3	0.4	observed	0.8	11	1969	1979	1	3/3	44	2	0	5	1	9	3	0	13.0	0.2	1種/3件/散0ヶ月 (楽天も実質同日=一挙刊行の可能性)	1	0	0	1	1:2007年10月 2:2007年10月 3:2007年10月	ISBN連番(弱い証拠=採番ブロック予約でも連番になる) / 再版種別 / 楽天も実質同日
LOW	SMALL_BATCH	wild-7	ワイルド7	3	bunkobon	ぶんか社コミック文庫	ぶんか社	2007-11	month	3	27	0.11	2	4-6	0.4	observed	0.8	11	1969	1979	1	3/3	41	6	0	4	1	9	3	0	13.0	0.2	1種/3件/散0ヶ月 (楽天も実質同日=一挙刊行の可能性)	1	0	0	1	4:2007年11月 5:2007年11月 6:2007年11月	ISBN連番(弱い証拠=採番ブロック予約でも連番になる) / 再版種別 / 楽天も実質同日
LOW	SMALL_BATCH	wild-7	ワイルド7	3	bunkobon	ぶんか社コミック文庫	ぶんか社	2008-01	month	3	27	0.11	2	7-9	0.4	observed	0.8	11	1969	1979	1	3/3	38	7	0	4	1	10	3	0	8.6	0.2	1種/3件/散0ヶ月 (楽天も実質同日=一挙刊行の可能性)	1	0	0	1	7:2008年01月 8:2008年01月 9:2008年01月	ISBN連番(弱い証拠=採番ブロック予約でも連番になる) / 再版種別 / 楽天も実質同日
LOW	PUBLISHER_BATCH	wild-7	ワイルド7	3	bunkobon	ぶんか社コミック文庫	ぶんか社	2008-09	month	3	27	0.11	2	25-27	0.4	observed	0.8	11	1969	1979	1	3/3	50	7	0	6	5	9	3	0	14.62	0.1	1種/3件/散0ヶ月 (楽天も実質同日=一挙刊行の可能性)	1	0	0	1	25:2008年09月 26:2008年09月 27:2008年09月	ISBN連番(弱い証拠=採番ブロック予約でも連番になる) / 再版種別 / 楽天も実質同日 / 近傍の複数巻作品6件中5件が全巻同日=レーベル体質
LOW	SMALL_BATCH	beniiro-no-hone	紅色の骨	0	bunkobon	講談社漫画文庫	講談社	2002-02	month	3	4	0.75	3	1-3	0.3	observed	0.7	1	2002	2002	2	3/29	137	17	26	28	12	19	29	1	23.33	1.2	2種/3件/散1ヶ月 (楽天も実質同日=一挙刊行の可能性)	2	1	0	1	1:2002年02月 2:2002年02月 3:2002年03月	再版種別 / 楽天も実質同日
LOW	PUBLISHER_BATCH	black-jack	ブラック・ジャック	5	bunkobon	手塚治虫文庫全集	講談社	2010-06	month	3	12	0.25	2	1-3	0.4	observed	0.7	22	1974	1995	1	3/3	109	5	0	23	14	19	3	0	5.61	0.4	1種/3件/散0ヶ月 (楽天も実質同日=一挙刊行の可能性)	1	0	0	1	1:2010年06月11日頃 2:2010年06月11日頃 3:2010年06月11日頃	ISBN連番(弱い証拠=採番ブロック予約でも連番になる) / 学習/全集/BOX語 / 再版種別 / 楽天も実質同日 / 近傍の複数巻作品23件中14件が全巻同日=レーベル体質
LOW	PUBLISHER_BATCH	black-jack	ブラック・ジャック	5	bunkobon	手塚治虫文庫全集	講談社	2010-07	month	3	12	0.25	2	4-6	0.4	observed	0.7	22	1974	1995	1	3/3	112	3	0	23	13	19	3	0	5.61	0.4	1種/3件/散0ヶ月 (楽天も実質同日=一挙刊行の可能性)	1	0	0	1	4:2010年07月09日頃 5:2010年07月09日頃 6:2010年07月09日頃	ISBN連番(弱い証拠=採番ブロック予約でも連番になる) / 学習/全集/BOX語 / 再版種別 / 楽天も実質同日 / 近傍の複数巻作品23件中13件が全巻同日=レーベル体質
LOW	PUBLISHER_BATCH	condor-king	コンドル・キング	0	standard	武内つなよし傑作集	パンローリング	2009-08	month	3	4	0.75	3	1-3	0.3	observed	0.7	1	2009	2009	1	3/3	85	3	0	23	22	28	3	0	5.32	0.4	1種/3件/散0ヶ月 (楽天も実質同日=一挙刊行の可能性)	1	0	0	1	1:2009年08月 2:2009年08月 3:2009年08月	ISBN連番(弱い証拠=採番ブロック予約でも連番になる) / 楽天も実質同日 / 近傍の複数巻作品23件中22件が全巻同日=レーベル体質
LOW	PUBLISHER_BATCH	gokudou-kun	極道くん	1	bunkobon	講談社漫画文庫	講談社	1998-06-12	day	3	7	0.43	2	1-3	0.3	observed	0.7	3	1985	1987	2	3/3	110	10	0	21	11	16	3	0	9.25	0.2	1種/3件/散0ヶ月 (楽天も実質同日=一挙刊行の可能性)	1	0	0	1	1:1998年06月12日頃 2:1998年06月12日頃 3:1998年06月12日頃	ISBN連番(弱い証拠=採番ブロック予約でも連番になる) / 再版種別 / 楽天も実質同日 / 近傍の複数巻作品21件中11件が全巻同日=レーベル体質
LOW	SMALL_BATCH	hanakyabetsu-hiyokomame	花きゃべつひよこまめ	1	bunkobon	講談社漫画文庫	講談社	2002-03	month	3	7	0.43	2	1-3	0.3	observed	0.7	9	1992	2000	3	3/3	111	21	0	27	12	16	3	0	23.6	0.1	1種/3件/散0ヶ月 (楽天も実質同日=一挙刊行の可能性)	1	0	0	1	1:2002年03月 2:2002年03月 3:2002年03月	ISBN連番(弱い証拠=採番ブロック予約でも連番になる) / 再版種別 / 楽天も実質同日
LOW	SMALL_BATCH	harukanaru-umi-e	遥かなる海へ	1	bunkobon	集英社漫画文庫	集英社	1987-07-01	day	3	6	0.5	3	4-6	0.3	observed	0.7	2	1981	1982	1	3/3	46	0	0	11	0	38	3	0	1.46	1.4	1種/3件/散0ヶ月 (楽天も実質同日=一挙刊行の可能性)	1	0	0	1	4:1987年07月01日頃 5:1987年07月01日頃 6:1987年07月01日頃	ISBN連番(弱い証拠=採番ブロック予約でも連番になる) / 再版種別 / 楽天も実質同日
LOW	SMALL_BATCH	inugami	犬神	1	bunkobon	講談社漫画文庫	講談社	2003-02	month	3	7	0.43	2	5-7	0.3	observed	0.7	6	1997	2002	1	3/3	112	16	0	27	10	14	3	0	19.0	0.1		0	0	0	0		ISBN連番(弱い証拠=採番ブロック予約でも連番になる) / 再版種別
LOW	SMALL_BATCH	itchoume-no-torakichi	一丁目のトラ吉	0	standard		復刊ドットコム	2011-04	month	3	10	0.3	7	1-3	0.3	observed	0.7	1	2011	2011	2	3/3	14	0	0	4	0	44	3	0	0.8	2.5	1種/3件/散0ヶ月 (楽天も実質同日=一挙刊行の可能性)	1	0	0	1	1:2011年04月 2:2011年04月 3:2011年04月	ISBN連番(弱い証拠=採番ブロック予約でも連番になる) / 楽天も実質同日
LOW	SMALL_BATCH	judo-itchokusen	柔道一直線	4	bunkobon	光文社文庫comic series	光文社	1998-02-20	day	3	7	0.43	2	1-3	0.3	observed	0.7	3	1968	1970	1	3/3	28	0	0	2	0	26	3	0	1.5	1.3	1種/3件/散0ヶ月 (楽天も実質同日=一挙刊行の可能性)	1	0	0	1	1:1998年02月 2:1998年02月 3:1998年02月	ISBN連番(弱い証拠=採番ブロック予約でも連番になる) / 再版種別 / 楽天も実質同日
LOW	PUBLISHER_BATCH	kaibutsu-kun-1988	怪物くん	1	shinsoban	藤子不二雄Aランド	ブッキング	2002-06	month	3	19	0.16	3	1-3	0.3	observed	0.7	22	1968	1989	1	3/3	9	0	0	4	2	7	3	0	1.86	1.1	1種/3件/散0ヶ月 (楽天も実質同日=一挙刊行の可能性)	1	0	0	1	1:2002年06月 2:2002年06月 3:2002年06月	ISBN連番(弱い証拠=採番ブロック予約でも連番になる) / 再版種別 / 楽天も実質同日 / 近傍の複数巻作品4件中2件が全巻同日=レーベル体質
LOW	PUBLISHER_BATCH	kaibutsu-kun-1988	怪物くん	1	shinsoban	藤子不二雄Aランド	ブッキング	2002-07	month	3	19	0.16	3	4-6	0.3	observed	0.7	22	1968	1989	1	3/3	11	1	0	5	3	18	3	0	2.39	0.8	1種/3件/散0ヶ月 (楽天も実質同日=一挙刊行の可能性)	1	0	0	1	4:2002年07月 5:2002年07月 6:2002年07月	ISBN連番(弱い証拠=採番ブロック予約でも連番になる) / 再版種別 / 楽天も実質同日 / 近傍の複数巻作品5件中3件が全巻同日=レーベル体質
LOW	PUBLISHER_BATCH	kaibutsu-kun-1988	怪物くん	1	shinsoban	藤子不二雄Aランド	ブッキング	2002-08	month	3	19	0.16	3	7-9	0.3	observed	0.7	22	1968	1989	1	3/3	11	1	0	5	3	18	3	0	2.39	0.8	1種/3件/散0ヶ月 (楽天も実質同日=一挙刊行の可能性)	1	0	0	1	7:2002年08月 8:2002年08月 9:2002年08月	ISBN連番(弱い証拠=採番ブロック予約でも連番になる) / 再版種別 / 楽天も実質同日 / 近傍の複数巻作品5件中3件が全巻同日=レーベル体質
LOW	PUBLISHER_BATCH	kaibutsu-kun-1988	怪物くん	1	shinsoban	藤子不二雄Aランド	ブッキング	2002-09	month	3	19	0.16	3	10-12	0.3	observed	0.7	22	1968	1989	1	3/3	11	1	0	5	3	18	3	0	2.39	0.8	1種/3件/散0ヶ月 (楽天も実質同日=一挙刊行の可能性)	1	0	0	1	10:2002年09月 11:2002年09月 12:2002年09月	ISBN連番(弱い証拠=採番ブロック予約でも連番になる) / 再版種別 / 楽天も実質同日 / 近傍の複数巻作品5件中3件が全巻同日=レーベル体質
LOW	PUBLISHER_BATCH	kaibutsu-kun-1988	怪物くん	1	shinsoban	藤子不二雄Aランド	ブッキング	2002-10	month	3	19	0.16	3	13-15	0.3	observed	0.7	22	1968	1989	1	3/3	11	1	0	5	3	18	3	0	2.39	0.8	1種/3件/散0ヶ月 (楽天も実質同日=一挙刊行の可能性)	1	0	0	1	13:2002年10月 14:2002年10月 15:2002年10月	ISBN連番(弱い証拠=採番ブロック予約でも連番になる) / 再版種別 / 楽天も実質同日 / 近傍の複数巻作品5件中3件が全巻同日=レーベル体質
LOW	PUBLISHER_BATCH	kaibutsu-kun-1988	怪物くん	1	shinsoban	藤子不二雄Aランド	ブッキング	2002-11	month	3	19	0.16	3	16-18	0.3	observed	0.7	22	1968	1989	1	3/3	11	1	0	5	3	18	3	0	2.39	0.8	1種/3件/散0ヶ月 (楽天も実質同日=一挙刊行の可能性)	1	0	0	1	16:2002年11月 17:2002年11月 18:2002年11月	ISBN連番(弱い証拠=採番ブロック予約でも連番になる) / 再版種別 / 楽天も実質同日 / 近傍の複数巻作品5件中3件が全巻同日=レーベル体質
LOW	SMALL_BATCH	kiyoku-yawaku	潔く柔く	1	bunkobon	コミック版	集英社	2017-04-18	day	3	7	0.43	2	1-3	0.3	observed	0.7	7	2004	2010	1	3/3	109	2	0	14	2	35	3	0	3.68	0.5	1種/3件/散0ヶ月 (楽天も実質同日=一挙刊行の可能性)	1	0	0	1	1:2017年04月18日頃 2:2017年04月18日頃 3:2017年04月18日頃	ISBN連番(弱い証拠=採番ブロック予約でも連番になる) / 再版種別 / 楽天も実質同日
LOW	SMALL_BATCH	manga-shougakusei-no-jiyuu-kenkyuu	まんが小学生の自由研究	0	standard		大日本図書	2000-01-28	day	3	7	0.43	4	1-3	0.3	observed	0.7	1	2000	2000	1	3/3	0	0	0	0	0	0	3	0				0	0	0	0		ISBN連番(弱い証拠=採番ブロック予約でも連番になる)
LOW	PUBLISHER_BATCH	mitsumegatooru	三つ目がとおる	7	bunkobon	手塚治虫文庫全集	講談社	2010-02	month	3	7	0.43	2	1-3	0.3	observed	0.7	3	1975	1977	1	3/3	91	4	0	17	10	15	3	0	6.62	0.3	1種/3件/散0ヶ月 (楽天も実質同日=一挙刊行の可能性)	1	0	0	1	1:2010年02月10日頃 2:2010年02月10日頃 3:2010年02月10日頃	ISBN連番(弱い証拠=採番ブロック予約でも連番になる) / 学習/全集/BOX語 / 再版種別 / 楽天も実質同日 / 近傍の複数巻作品17件中10件が全巻同日=レーベル体質
LOW	SMALL_BATCH	ohayou-spunk	おはよう!スパンク	2	deluxe	KCデラックス	講談社	2015-08-06	day	3	7	0.43	2	1-3	0.3	observed	0.7	5	1978	1982	4	3/3	71	15	0	9	0	8	3	0	16.17	0.1	1種/3件/散0ヶ月 (楽天も実質同日=一挙刊行の可能性)	1	0	0	1	1:2015年08月06日頃 2:2015年08月06日頃 3:2015年08月06日頃	ISBN連番(弱い証拠=採番ブロック予約でも連番になる) / 再版種別 / 楽天も実質同日
LOW	PUBLISHER_BATCH	purogorufaa-saru	プロゴルファー猿	1	bunkobon	中公文庫コミック版	中央公論社	1994-09-18	day	3	13	0.23	2	1-3	0.3	observed	0.7	32	1989	2020	1	3/3	16	5	0	4	2	13	3	0	1.77	1.1	1種/3件/散0ヶ月 (楽天も実質同日=一挙刊行の可能性)	1	0	0	1	1:1994年09月18日頃 2:1994年09月18日頃 3:1994年09月18日頃	ISBN連番(弱い証拠=採番ブロック予約でも連番になる) / 再版種別 / 楽天も実質同日 / 近傍の複数巻作品4件中2件が全巻同日=レーベル体質
LOW	PUBLISHER_BATCH	purogorufaa-saru	プロゴルファー猿	1	bunkobon	中公文庫コミック版	中央公論社	1994-10-18	day	3	13	0.23	2	4-6	0.3	observed	0.7	32	1989	2020	1	3/3	17	3	0	4	2	13	3	0	1.77	1.1	1種/3件/散0ヶ月 (楽天も実質同日=一挙刊行の可能性)	1	0	0	1	4:1994年10月 5:1994年10月 6:1994年10月	ISBN連番(弱い証拠=採番ブロック予約でも連番になる) / 再版種別 / 楽天も実質同日 / 近傍の複数巻作品4件中2件が全巻同日=レーベル体質
LOW	SMALL_BATCH	sangokushi-shokatsu-koumei	三国志諸葛孔明	0	standard	Goma books	ゴマブックス	2017-11	month	3	4	0.75	3	1-3	0.3	observed	0.7	1	2017	2017	1	3/3	14	2	0	3	1	6	3	0	9.67	0.2		0	0	0	0		ISBN連番(弱い証拠=採番ブロック予約でも連番になる)
LOW	SMALL_BATCH	seiden	聖伝	1	bunkobon	新書館ウィングス文庫	新書館	2003-12	month	3	7	0.43	2	1-3	0.3	observed	0.7	7	1990	1996	1	3/3	55	0	0	10	3	115	3	0	0.78	2.6	1種/3件/散0ヶ月 (楽天も実質同日=一挙刊行の可能性)	1	0	0	1	1:2003年12月 2:2003年12月 3:2003年12月	ISBN連番(弱い証拠=採番ブロック予約でも連番になる) / 再版種別 / 楽天も実質同日
LOW	SMALL_BATCH	suikoden-2006	水滸伝	0	standard	漫画中国四大奇書シリーズ	ソフトバンククリエイティブ	2006-03	month	3	10	0.3	3	1-3	0.3	observed	0.7	1	2006	2006	1	3/3	0	0	0	0	0	0	3	0			1種/3件/散0ヶ月 (楽天も実質同日=一挙刊行の可能性)	1	0	0	1	1:2006年03月 2:2006年03月 3:2006年03月	ISBN連番(弱い証拠=採番ブロック予約でも連番になる) / 楽天も実質同日
LOW	SMALL_BATCH	suikoden-2006	水滸伝	0	standard	漫画中国四大奇書シリーズ	ソフトバンククリエイティブ	2006-04	month	3	10	0.3	3	4-6	0.3	observed	0.7	1	2006	2006	1	3/3	0	0	0	0	0	0	3	0			1種/3件/散0ヶ月 (楽天も実質同日=一挙刊行の可能性)	1	0	0	1	4:2006年04月 5:2006年04月 6:2006年04月	ISBN連番(弱い証拠=採番ブロック予約でも連番になる) / 楽天も実質同日
LOW	SMALL_BATCH	suikoden-sentaro-1980	水滸伝	5	bunkobon	講談社漫画文庫	講談社	1996-04	month	3	7	0.43	2	5-7	0.3	observed	0.7	6	1980	1985	1	3/3	116	11	0	18	7	11	3	0	11.4	0.2	1種/3件/散0ヶ月 (楽天も実質同日=一挙刊行の可能性)	1	0	0	1	5:1996年04月 6:1996年04月 7:1996年04月	ISBN連番(弱い証拠=採番ブロック予約でも連番になる) / 再版種別 / 楽天も実質同日
LOW	SMALL_BATCH	tensai-bakabon	天才バカボン	5	shinsoban	講談社コミックスボンボン	講談社	1987-11-17	day	3	4	0.75	3	1-3	0.3	observed	0.7	8	1969	1976	1	3/3	100	1	0	17	0	63	3	0	1.75	1.1	2種/3件/散1ヶ月 (楽天も実質同日=一挙刊行の可能性)	2	1	-1	1	1:1987年10月17日頃 2:1987年10月17日頃 3:1987年11月17日頃	ISBN連番(弱い証拠=採番ブロック予約でも連番になる) / 再版種別 / 楽天も実質同日
LOW	PUBLISHER_BATCH	tetsuwan-atom	鉄腕アトム	14	bunkobon	手塚治虫文庫全集	講談社	2009-10	month	3	10	0.3	3	1-3	0.3	observed	0.7	45	1956	2000	1	3/3	54	7	0	12	7	9	3	0	5.67	0.4	1種/3件/散0ヶ月 (楽天も実質同日=一挙刊行の可能性)	1	0	0	1	1:2009年10月09日頃 2:2009年10月09日頃 3:2009年10月09日頃	ISBN連番(弱い証拠=採番ブロック予約でも連番になる) / 学習/全集/BOX語 / 再版種別 / 楽天も実質同日 / 近傍の複数巻作品12件中7件が全巻同日=レーベル体質
LOW	PUBLISHER_BATCH	tetsuwan-atom	鉄腕アトム	14	bunkobon	手塚治虫文庫全集	講談社	2010-01	month	3	10	0.3	3	8-10	0.3	observed	0.7	45	1956	2000	1	3/26	84	4	24	16	9	15	26	1	5.92	4.2	1種/3件/散0ヶ月 (楽天も実質同日=一挙刊行の可能性)	1	0	0	1	8:2010年01月08日頃 9:2010年01月08日頃 10:2010年01月08日頃	学習/全集/BOX語 / 再版種別 / 楽天も実質同日 / 近傍の複数巻作品16件中9件が全巻同日=レーベル体質
LOW	SMALL_BATCH	tezuka-osamu-meisaku-oopuningu-taizen	手塚治虫名作オープニング大全	0	standard		エニックス	1998-10-17	day	3	4	0.75	3	1-3	0.3	observed	0.7	1	1998	1998	1	3/27	68	14	12	12	0	11	27	1	17.12	1.5	1種/3件/散0ヶ月 (楽天も実質同日=一挙刊行の可能性)	1	0	0	1	1:1998年10月17日頃 2:1998年10月17日頃 3:1998年10月17日頃	楽天も実質同日
LOW	SMALL_BATCH	tiger-mask	タイガー・マスク	2	bunkobon	講談社漫画文庫	講談社	2001-08-08	day	3	7	0.43	2	1-3	0.3	observed	0.7	3	1969	1971	1	3/3	114	26	0	20	7	6	3	0	22.8	0.1	1種/3件/散0ヶ月 (楽天も実質同日=一挙刊行の可能性)	1	0	0	1	1:2001年08月08日頃 2:2001年08月08日頃 3:2001年08月08日頃	ISBN連番(弱い証拠=採番ブロック予約でも連番になる) / 再版種別 / 楽天も実質同日
LOW	SMALL_BATCH	tsuruhime-jaatsu	つる姫じゃ～っ！	0	standard	中公コミック・スーリ	不明	1990-03-20	day	3	10	0.3	3	1-3	0.3	observed	0.7	12	1979	1990	1	3/3	80	2	0	15	1	206	3	0	1.0	2.0	1種/3件/散0ヶ月 (楽天も実質同日=一挙刊行の可能性)	1	0	0	1	1:1990年03月20日頃 2:1990年03月20日頃 3:1990年03月20日頃	ISBN連番(弱い証拠=採番ブロック予約でも連番になる) / 楽天も実質同日
LOW	SMALL_BATCH	tsuruhime-jaatsu	つる姫じゃ～っ！	0	standard	中公コミック・スーリ	不明	1990-04-20	day	3	10	0.3	3	4-6	0.3	observed	0.7	12	1979	1990	1	3/3	81	1	0	15	1	207	3	0	1.11	1.8	1種/3件/散0ヶ月 (楽天も実質同日=一挙刊行の可能性)	1	0	0	1	4:1990年04月19日頃 5:1990年04月19日頃 6:1990年04月19日頃	ISBN連番(弱い証拠=採番ブロック予約でも連番になる) / 楽天も実質同日
LOW	PUBLISHER_BATCH	yami-no-purple-ai	闇のパープル・アイ	1	bunkobon	小学館文庫	小学館	1995-05	month	3	7	0.43	4	5-7	0.3	observed	0.7	4	1984	1987	1	3/3	85	3	0	17	9	221	3	0	0.03	67.3	1種/3件/散0ヶ月 (楽天も実質同日=一挙刊行の可能性)	1	0	-1	1	5:1995年04月15日頃 6:1995年04月15日頃 7:1995年04月15日頃	ISBN連番(弱い証拠=採番ブロック予約でも連番になる) / 再版種別 / 楽天も実質同日 / 近傍の複数巻作品17件中9件が全巻同日=レーベル体質
LOW	SMALL_BATCH	yoru-ni-ugomeku	夜に蠢く	0	standard	Goma books	ゴマブックス	2017-10	month	3	4	0.75	3	2-4	0.3	observed	0.7	1	2017	2017	1	3/3	17	1	0	3	1	8	3	0	10.25	0.2	1種/1件/散0ヶ月 (楽天も実質同日=一挙刊行の可能性)	1	0	0	0	4:2017年10月	ISBN連番(弱い証拠=採番ブロック予約でも連番になる)
LOW	PUBLISHER_BATCH	aitsu-to-lullaby	あいつとララバイ	1	deluxe	KCデラックス	講談社	1998-03-23	day	3	18	0.17	3	1-3	0.3	observed	0.6	8	1982	1989	2	3/3	61	12	0	15	8	9	3	0	9.56	0.2	1種/3件/散0ヶ月 (楽天も実質同日=一挙刊行の可能性)	1	0	0	1	1:1998年03月23日頃 2:1998年03月23日頃 3:1998年03月23日頃	ISBN連番(弱い証拠=採番ブロック予約でも連番になる) / 再版種別 / 楽天も実質同日 / 近傍の複数巻作品15件中8件が全巻同日=レーベル体質
LOW	PUBLISHER_BATCH	aitsu-to-lullaby	あいつとララバイ	1	deluxe	KCデラックス	講談社	1998-04-23	day	3	18	0.17	3	4-6	0.3	observed	0.6	8	1982	1989	1	3/3	54	5	0	12	7	8	3	0	9.62	0.2	1種/3件/散0ヶ月 (楽天も実質同日=一挙刊行の可能性)	1	0	0	1	4:1998年04月23日頃 5:1998年04月23日頃 6:1998年04月23日頃	ISBN連番(弱い証拠=採番ブロック予約でも連番になる) / 再版種別 / 楽天も実質同日 / 近傍の複数巻作品12件中7件が全巻同日=レーベル体質
LOW	PUBLISHER_BATCH	aitsu-to-lullaby	あいつとララバイ	1	deluxe	KCデラックス	講談社	1998-05-22	day	3	18	0.17	3	7-9	0.3	observed	0.6	8	1982	1989	1	3/3	47	1	0	9	5	7	3	0	9.14	0.2	1種/3件/散0ヶ月 (楽天も実質同日=一挙刊行の可能性)	1	0	0	1	7:1998年05月22日頃 8:1998年05月22日頃 9:1998年05月22日頃	ISBN連番(弱い証拠=採番ブロック予約でも連番になる) / 再版種別 / 楽天も実質同日 / 近傍の複数巻作品9件中5件が全巻同日=レーベル体質
LOW	PUBLISHER_BATCH	aitsu-to-lullaby	あいつとララバイ	1	deluxe	KCデラックス	講談社	1998-06-23	day	3	18	0.17	3	10-12	0.3	observed	0.6	8	1982	1989	1	3/3	41	7	0	7	4	6	3	0	9.67	0.2	1種/3件/散0ヶ月 (楽天も実質同日=一挙刊行の可能性)	1	0	0	1	10:1998年06月23日頃 11:1998年06月23日頃 12:1998年06月23日頃	ISBN連番(弱い証拠=採番ブロック予約でも連番になる) / 再版種別 / 楽天も実質同日 / 近傍の複数巻作品7件中4件が全巻同日=レーベル体質
LOW	SMALL_BATCH	aitsu-to-lullaby	あいつとララバイ	1	deluxe	KCデラックス	講談社	1998-07-23	day	3	18	0.17	3	13-15	0.3	observed	0.6	8	1982	1989	1	3/3	90	5	0	20	2	166	3	0			1種/3件/散0ヶ月 (楽天も実質同日=一挙刊行の可能性)	1	0	0	1	13:1998年07月23日頃 14:1998年07月23日頃 15:1998年07月23日頃	ISBN連番(弱い証拠=採番ブロック予約でも連番になる) / 再版種別 / 楽天も実質同日
LOW	SMALL_BATCH	aitsu-to-lullaby	あいつとララバイ	1	deluxe	KCデラックス	講談社	1998-08-21	day	3	18	0.17	3	16-18	0.3	observed	0.6	8	1982	1989	1	3/3	88	4	0	19	1	166	3	0			1種/3件/散0ヶ月 (楽天も実質同日=一挙刊行の可能性)	1	0	0	1	16:1998年08月21日頃 17:1998年08月21日頃 18:1998年08月21日頃	ISBN連番(弱い証拠=採番ブロック予約でも連番になる) / 再版種別 / 楽天も実質同日
LOW	SMALL_BATCH	akuma-to-love-song	悪魔とラブソング	1	aizoban	愛蔵版コミックス	集英社	2021-05-25	day	3	8	0.38	3	1-3	0.3	observed	0.6	5	2007	2011	1	3/3	65	0	0	14	4	128	3	0	0.77	2.6	1種/3件/散0ヶ月 (楽天も実質同日=一挙刊行の可能性)	1	0	0	1	1:2021年05月25日 2:2021年05月25日 3:2021年05月25日	ISBN連番(弱い証拠=採番ブロック予約でも連番になる) / 再版種別 / 楽天も実質同日
LOW	SMALL_BATCH	akuma-to-love-song	悪魔とラブソング	1	aizoban	愛蔵版コミックス	集英社	2021-06-24	day	3	8	0.38	3	4-6	0.3	observed	0.6	5	2007	2011	1	3/3	62	1	0	14	4	123	3	0	0.79	2.5	1種/3件/散0ヶ月 (楽天も実質同日=一挙刊行の可能性)	1	0	0	1	4:2021年06月24日 5:2021年06月24日 6:2021年06月24日	ISBN連番(弱い証拠=採番ブロック予約でも連番になる) / 再版種別 / 楽天も実質同日
LOW	SMALL_BATCH	black-jack	ブラック・ジャック	1	shinsoban	少年チャンピオン・コミックス	秋田書店	2004-11	month	3	17	0.18	3	1-3	0.3	observed	0.6	22	1974	1995	1	3/3	103	2	0	15	0	188	3	0	0.01	137.0	1種/3件/散0ヶ月 (楽天も実質同日=一挙刊行の可能性)	1	0	-1	1	1:2004年10月19日頃 2:2004年10月19日頃 3:2004年10月19日頃	ISBN連番(弱い証拠=採番ブロック予約でも連番になる) / 再版種別 / 楽天も実質同日
LOW	SMALL_BATCH	black-jack	ブラック・ジャック	1	shinsoban	少年チャンピオン・コミックス	秋田書店	2004-12	month	3	17	0.18	3	4-6	0.3	observed	0.6	22	1974	1995	1	3/3	103	4	0	15	0	188	3	0	0.01	137.0	1種/3件/散0ヶ月 (楽天も実質同日=一挙刊行の可能性)	1	0	-1	1	4:2004年11月30日頃 5:2004年11月30日頃 6:2004年11月30日頃	ISBN連番(弱い証拠=採番ブロック予約でも連番になる) / 再版種別 / 楽天も実質同日
LOW	SMALL_BATCH	black-jack	ブラック・ジャック	1	shinsoban	少年チャンピオン・コミックス	秋田書店	2005-01	month	3	17	0.18	3	7-9	0.3	observed	0.6	22	1974	1995	1	3/3	103	1	0	14	0	188	3	0	0.01	137.0	1種/3件/散0ヶ月 (楽天も実質同日=一挙刊行の可能性)	1	0	0	1	7:2005年01月06日頃 8:2005年01月06日頃 9:2005年01月06日頃	ISBN連番(弱い証拠=採番ブロック予約でも連番になる) / 再版種別 / 楽天も実質同日
LOW	SMALL_BATCH	black-jack	ブラック・ジャック	1	shinsoban	少年チャンピオン・コミックス	秋田書店	2005-02	month	3	17	0.18	3	10-12	0.3	observed	0.6	22	1974	1995	1	3/3	103	7	0	14	0	188	3	0	0.01	137.0	1種/3件/散0ヶ月 (楽天も実質同日=一挙刊行の可能性)	1	0	-1	1	10:2005年01月26日頃 11:2005年01月26日頃 12:2005年01月26日頃	ISBN連番(弱い証拠=採番ブロック予約でも連番になる) / 再版種別 / 楽天も実質同日
LOW	SMALL_BATCH	black-jack	ブラック・ジャック	1	shinsoban	少年チャンピオン・コミックス	秋田書店	2005-03	month	3	17	0.18	3	13-15	0.3	observed	0.6	22	1974	1995	1	3/3	103	3	0	14	0	188	3	0			1種/3件/散0ヶ月 (楽天も実質同日=一挙刊行の可能性)	1	0	-1	1	13:2005年02月14日頃 14:2005年02月14日頃 15:2005年02月14日頃	ISBN連番(弱い証拠=採番ブロック予約でも連番になる) / 再版種別 / 楽天も実質同日
LOW	SMALL_BATCH	daikaijuu-gamera	大怪獣ガメラ	0	standard	少年キャプテンコミックススペシャル	徳間書店	1995-03-25	day	3	8	0.38	3	3-5	0.3	observed	0.6	1	1995	1995	1	3/3	74	1	0	18	2	73	3	0	1.17	1.7	1種/3件/散0ヶ月 (楽天も実質同日=一挙刊行の可能性)	1	0	-1	1	3:1995年02月23日頃 4:1995年02月23日頃 5:1995年02月23日頃	ISBN連番(弱い証拠=採番ブロック予約でも連番になる) / 楽天も実質同日
LOW	SMALL_BATCH	daikaijuu-gamera	大怪獣ガメラ	0	standard	少年キャプテンコミックススペシャル	徳間書店	1995-04-25	day	3	8	0.38	3	6-8	0.3	observed	0.6	1	1995	1995	1	3/5	83	4	2	19	2	75	5	0	1.22	3.3	1種/2件/散0ヶ月 (楽天も実質同日=一挙刊行の可能性)	1	0	-1	0	6:1995年03月23日頃 8:1995年03月23日頃	
LOW	SMALL_BATCH	gang-king	ギャングキング	1	deluxe		講談社	2015-12-17	day	3	27	0.11	3	1-3	0.3	observed	0.6	18	2004	2021	1	3/3	46	8	0	5	0	14	3	0	4.18	0.5	1種/3件/散0ヶ月 (楽天も実質同日=一挙刊行の可能性)	1	0	0	1	1:2015年12月17日頃 2:2015年12月17日頃 3:2015年12月17日頃	ISBN連番(弱い証拠=採番ブロック予約でも連番になる) / 再版種別 / 楽天も実質同日
LOW	SMALL_BATCH	gang-king	ギャングキング	1	deluxe		講談社	2016-01-15	day	3	27	0.11	3	4-6	0.3	observed	0.6	18	2004	2021	1	3/3	45	2	0	6	0	11	3	0	2.7	0.7	1種/3件/散0ヶ月 (楽天も実質同日=一挙刊行の可能性)	1	0	0	1	4:2016年01月15日頃 5:2016年01月15日頃 6:2016年01月15日頃	ISBN連番(弱い証拠=採番ブロック予約でも連番になる) / 再版種別 / 楽天も実質同日
LOW	SMALL_BATCH	gang-king	ギャングキング	1	deluxe		講談社	2016-02-17	day	3	27	0.11	3	7-9	0.3	observed	0.6	18	2004	2021	1	3/3	47	9	0	8	1	11	3	0	1.3	1.5	1種/3件/散0ヶ月 (楽天も実質同日=一挙刊行の可能性)	1	0	0	1	7:2016年02月17日頃 8:2016年02月17日頃 9:2016年02月17日頃	ISBN連番(弱い証拠=採番ブロック予約でも連番になる) / 再版種別 / 楽天も実質同日
LOW	SMALL_BATCH	gang-king	ギャングキング	1	deluxe		講談社	2016-03-17	day	3	27	0.11	3	10-12	0.3	observed	0.6	18	2004	2021	1	3/4	49	3	0	9	1	13	4	0	1.2	2.5	1種/3件/散0ヶ月 (楽天も実質同日=一挙刊行の可能性)	1	0	0	1	10:2016年03月17日頃 11:2016年03月17日頃 12:2016年03月17日頃	ISBN連番(弱い証拠=採番ブロック予約でも連番になる) / 再版種別 / 楽天も実質同日
LOW	SMALL_BATCH	gang-king	ギャングキング	1	deluxe		講談社	2016-04-15	day	3	27	0.11	3	13-15	0.3	observed	0.6	18	2004	2021	1	3/3	50	9	0	9	1	13	3	0	0.89	2.2	1種/3件/散0ヶ月 (楽天も実質同日=一挙刊行の可能性)	1	0	0	1	13:2016年04月15日頃 14:2016年04月15日頃 15:2016年04月15日頃	ISBN連番(弱い証拠=採番ブロック予約でも連番になる) / 再版種別 / 楽天も実質同日
LOW	SMALL_BATCH	gang-king	ギャングキング	1	deluxe		講談社	2016-05-17	day	3	27	0.11	3	16-18	0.3	observed	0.6	18	2004	2021	1	3/3	51	8	0	8	1	12	3	0	0.78	2.6	1種/3件/散0ヶ月 (楽天も実質同日=一挙刊行の可能性)	1	0	0	1	16:2016年05月17日頃 17:2016年05月17日頃 18:2016年05月17日頃	ISBN連番(弱い証拠=採番ブロック予約でも連番になる) / 再版種別 / 楽天も実質同日
LOW	SMALL_BATCH	gang-king	ギャングキング	1	deluxe		講談社	2016-06-17	day	3	27	0.11	3	19-21	0.3	observed	0.6	18	2004	2021	1	3/3	50	1	0	8	1	12	3	0	0.56	3.6	1種/3件/散0ヶ月 (楽天も実質同日=一挙刊行の可能性)	1	0	0	1	19:2016年06月17日頃 20:2016年06月17日頃 21:2016年06月17日頃	ISBN連番(弱い証拠=採番ブロック予約でも連番になる) / 再版種別 / 楽天も実質同日
LOW	SMALL_BATCH	gang-king	ギャングキング	1	deluxe		講談社	2016-07-15	day	3	27	0.11	3	22-24	0.3	observed	0.6	18	2004	2021	1	3/3	50	0	0	9	1	12	3	0			1種/3件/散0ヶ月 (楽天も実質同日=一挙刊行の可能性)	1	0	0	1	22:2016年07月15日頃 23:2016年07月15日頃 24:2016年07月15日頃	ISBN連番(弱い証拠=採番ブロック予約でも連番になる) / 再版種別 / 楽天も実質同日
LOW	SMALL_BATCH	gang-king	ギャングキング	1	deluxe		講談社	2016-08-17	day	3	27	0.11	3	25-27	0.3	observed	0.6	18	2004	2021	1	3/3	51	1	0	8	1	12	3	0			1種/3件/散0ヶ月 (楽天も実質同日=一挙刊行の可能性)	1	0	0	1	25:2016年08月17日 26:2016年08月17日 27:2016年08月17日	ISBN連番(弱い証拠=採番ブロック予約でも連番になる) / 再版種別 / 楽天も実質同日
LOW	SMALL_BATCH	haikara-san-ga-tooru	はいからさんが通る	1	standard	講談社コミックスデザート	講談社	2002-07	month	3	8	0.38	3	1-3	0.3	observed	0.6	3	1975	1977	1	3/3	77	1	0	15	1	29	3	0			1種/3件/散0ヶ月 (楽天も実質同日=一挙刊行の可能性)	1	0	0	1	1:2002年07月 2:2002年07月 3:2002年07月	ISBN連番(弱い証拠=採番ブロック予約でも連番になる) / 楽天も実質同日
LOW	SMALL_BATCH	haikara-san-ga-tooru	はいからさんが通る	1	standard	講談社コミックスデザート	講談社	2002-08	month	3	8	0.38	3	4-6	0.3	observed	0.6	3	1975	1977	1	3/3	78	3	0	17	1	29	3	0			1種/3件/散0ヶ月 (楽天も実質同日=一挙刊行の可能性)	1	0	0	1	4:2002年08月 5:2002年08月 6:2002年08月	ISBN連番(弱い証拠=採番ブロック予約でも連番になる) / 楽天も実質同日
LOW	SMALL_BATCH	initial-dei	頭文字(イニシャル)D	0	standard	KCDX	講談社	2020-11	month	3	24	0.12	3	1-3	0.3	observed	0.6	2	2020	2021	1	3/3	72	1	0	0	0	3	3	0	2.5	0.8	1種/3件/散0ヶ月 (楽天も実質同日=一挙刊行の可能性)	1	0	0	1	1:2020年11月06日 2:2020年11月06日 3:2020年11月06日	ISBN連番(弱い証拠=採番ブロック予約でも連番になる) / 楽天も実質同日
LOW	PUBLISHER_BATCH	initial-dei	頭文字(イニシャル)D	0	standard	KCDX	講談社	2020-12	month	3	24	0.12	3	4-6	0.3	observed	0.6	2	2020	2021	1	3/3	50	33	0	1	0	5	3	0	2.5	0.8	1種/3件/散0ヶ月 (楽天も実質同日=一挙刊行の可能性)	1	0	0	1	4:2020年12月04日 5:2020年12月04日 6:2020年12月04日	ISBN連番(弱い証拠=採番ブロック予約でも連番になる) / 楽天も実質同日 / 近傍50件中33件が同日=レーベル一斉出荷
LOW	PUBLISHER_BATCH	initial-dei	頭文字(イニシャル)D	0	standard	KCDX	講談社	2021-01	month	3	24	0.12	3	7-9	0.3	observed	0.6	2	2020	2021	1	3/3	51	38	0	1	1	2	3	0			1種/3件/散0ヶ月 (楽天も実質同日=一挙刊行の可能性)	1	0	0	1	7:2021年01月06日 8:2021年01月06日 9:2021年01月06日	ISBN連番(弱い証拠=採番ブロック予約でも連番になる) / 楽天も実質同日 / 近傍51件中38件が同日=レーベル一斉出荷
LOW	PUBLISHER_BATCH	initial-dei	頭文字(イニシャル)D	0	standard	KCDX	講談社	2021-02	month	3	24	0.12	3	10-12	0.3	observed	0.6	2	2020	2021	1	3/3	60	52	0	0	0	2	3	0			1種/3件/散0ヶ月 (楽天も実質同日=一挙刊行の可能性)	1	0	0	1	10:2021年02月05日 11:2021年02月05日 12:2021年02月05日	ISBN連番(弱い証拠=採番ブロック予約でも連番になる) / 楽天も実質同日 / 近傍60件中52件が同日=レーベル一斉出荷
LOW	PUBLISHER_BATCH	initial-dei	頭文字(イニシャル)D	0	standard	KCDX	講談社	2021-03	month	3	24	0.12	3	13-15	0.3	observed	0.6	2	2020	2021	1	3/28	84	74	22	0	0	6	28	1	48.0	0.6	1種/3件/散0ヶ月 (楽天も実質同日=一挙刊行の可能性)	1	0	0	1	13:2021年03月05日 14:2021年03月05日 15:2021年03月05日	楽天も実質同日 / 近傍84件中74件が同日=レーベル一斉出荷
LOW	PUBLISHER_BATCH	initial-dei	頭文字(イニシャル)D	0	standard	KCDX	講談社	2021-04	month	3	24	0.12	3	16-18	0.3	observed	0.6	2	2020	2021	1	3/3	72	58	0	1	0	6	3	0	4.33	0.5	1種/3件/散0ヶ月 (楽天も実質同日=一挙刊行の可能性)	1	0	0	1	16:2021年04月06日 17:2021年04月06日 18:2021年04月06日	ISBN連番(弱い証拠=採番ブロック予約でも連番になる) / 楽天も実質同日 / 近傍72件中58件が同日=レーベル一斉出荷
LOW	PUBLISHER_BATCH	initial-dei	頭文字(イニシャル)D	0	standard	KCDX	講談社	2021-05	month	3	24	0.12	3	19-21	0.3	observed	0.6	2	2020	2021	1	3/3	58	46	0	1	1	4	3	0	9.33	0.2	1種/3件/散0ヶ月 (楽天も実質同日=一挙刊行の可能性)	1	0	0	1	19:2021年05月06日 20:2021年05月06日 21:2021年05月06日	ISBN連番(弱い証拠=採番ブロック予約でも連番になる) / 楽天も実質同日 / 近傍58件中46件が同日=レーベル一斉出荷
LOW	PUBLISHER_BATCH	initial-dei	頭文字(イニシャル)D	0	standard	KCDX	講談社	2021-06	month	3	24	0.12	3	22-24	0.3	observed	0.6	2	2020	2021	1	3/3	53	40	0	0	0	12	3	0			1種/3件/散0ヶ月 (楽天も実質同日=一挙刊行の可能性)	1	0	0	1	22:2021年06月04日 23:2021年06月04日 24:2021年06月04日	ISBN連番(弱い証拠=採番ブロック予約でも連番になる) / 楽天も実質同日 / 近傍53件中40件が同日=レーベル一斉出荷
LOW	PUBLISHER_BATCH	kamui-den	カムイ伝	2	bunkobon	小学館文庫	小学館	1995-03-17	day	3	15	0.2	3	1-3	0.3	observed	0.6	5	1967	1971	1	3/3	48	7	0	8	5	63	3	0	0.74	2.7	1種/3件/散0ヶ月 (楽天も実質同日=一挙刊行の可能性)	1	0	0	1	1:1995年03月17日頃 2:1995年03月17日頃 3:1995年03月17日頃	ISBN連番(弱い証拠=採番ブロック予約でも連番になる) / 再版種別 / 楽天も実質同日 / 近傍の複数巻作品8件中5件が全巻同日=レーベル体質
LOW	PUBLISHER_BATCH	kamui-den	カムイ伝	2	bunkobon	小学館文庫	小学館	1995-04-15	day	3	15	0.2	3	4-6	0.3	observed	0.6	5	1967	1971	1	3/3	51	0	0	9	5	63	3	0	0.74	2.7	1種/3件/散0ヶ月 (楽天も実質同日=一挙刊行の可能性)	1	0	0	1	4:1995年04月15日頃 5:1995年04月15日頃 6:1995年04月15日頃	ISBN連番(弱い証拠=採番ブロック予約でも連番になる) / 再版種別 / 楽天も実質同日 / 近傍の複数巻作品9件中5件が全巻同日=レーベル体質
LOW	PUBLISHER_BATCH	kamui-den	カムイ伝	2	bunkobon	小学館文庫	小学館	1995-05-17	day	3	15	0.2	3	7-9	0.3	observed	0.6	5	1967	1971	1	3/3	53	0	0	9	5	106	3	0	0.75	2.7	1種/3件/散0ヶ月 (楽天も実質同日=一挙刊行の可能性)	1	0	0	1	7:1995年05月17日頃 8:1995年05月17日頃 9:1995年05月17日頃	ISBN連番(弱い証拠=採番ブロック予約でも連番になる) / 再版種別 / 楽天も実質同日 / 近傍の複数巻作品9件中5件が全巻同日=レーベル体質
LOW	PUBLISHER_BATCH	kamui-den	カムイ伝	2	bunkobon	小学館文庫	小学館	1995-06-17	day	3	15	0.2	3	10-12	0.3	observed	0.6	5	1967	1971	1	3/3	55	5	0	10	6	106	3	0	0.75	2.7	1種/3件/散0ヶ月 (楽天も実質同日=一挙刊行の可能性)	1	0	0	1	10:1995年06月17日頃 11:1995年06月17日頃 12:1995年06月17日頃	ISBN連番(弱い証拠=採番ブロック予約でも連番になる) / 再版種別 / 楽天も実質同日 / 近傍の複数巻作品10件中6件が全巻同日=レーベル体質
LOW	PUBLISHER_BATCH	kamui-den	カムイ伝	2	bunkobon	小学館文庫	小学館	1995-07-15	day	3	15	0.2	3	13-15	0.3	observed	0.6	5	1967	1971	1	3/3	58	3	0	10	5	106	3	0	0.75	2.7	1種/3件/散0ヶ月 (楽天も実質同日=一挙刊行の可能性)	1	0	0	1	13:1995年07月15日頃 14:1995年07月15日頃 15:1995年07月15日頃	ISBN連番(弱い証拠=採番ブロック予約でも連番になる) / 再版種別 / 楽天も実質同日 / 近傍の複数巻作品10件中5件が全巻同日=レーベル体質
LOW	SMALL_BATCH	kyojin-no-hoshi	巨人の星	3	bunkobon	講談社漫画文庫	講談社	1976-11	month	3	19	0.16	3	17-19	0.3	observed	0.6	4	1968	1971	1		0	0	0	0	0	0	0	0				0	0	0	0		再版種別
LOW	SMALL_BATCH	kyojin-no-hoshi	巨人の星	3	bunkobon	講談社漫画文庫	講談社	1976-09	month	3	19	0.16	3	10-12	0.3	observed	0.6	4	1968	1971	1		0	0	0	0	0	0	0	0				0	0	0	0		再版種別
LOW	SMALL_BATCH	nanoda-tensai-bakabon	なのだ!?天才バカボン	0	standard		ソフトガレージ	1999-10	month	3	8	0.38	3	1-3	0.3	observed	0.6	1	1999	1999	1	3/3	3	0	0	0	0	0	3	0			1種/3件/散0ヶ月 (楽天も実質同日=一挙刊行の可能性)	1	0	0	1	1:1999年10月 2:1999年10月 3:1999年10月	ISBN連番(弱い証拠=採番ブロック予約でも連番になる) / 楽天も実質同日
LOW	SMALL_BATCH	nanoda-tensai-bakabon	なのだ!?天才バカボン	0	standard		ソフトガレージ	1999-11	month	3	8	0.38	3	4-6	0.3	observed	0.6	1	1999	1999	1	3/3	3	0	0	0	0	0	3	0			1種/3件/散0ヶ月 (楽天も実質同日=一挙刊行の可能性)	1	0	0	1	4:1999年11月 5:1999年11月 6:1999年11月	ISBN連番(弱い証拠=採番ブロック予約でも連番になる) / 楽天も実質同日
LOW	SMALL_BATCH	notari-matsutarou	のたり松太郎	3	shinsoban	ちばてつや全集	ホーム社	1997-04	month	3	21	0.14	3	1-3	0.3	observed	0.6	25	1976	2000	1	3/3	34	1	0	4	0	32	3	0	3.69	0.5	1種/3件/散0ヶ月 (楽天も実質同日=一挙刊行の可能性)	1	0	0	1	1:1997年04月 2:1997年04月 3:1997年04月	ISBN連番(弱い証拠=採番ブロック予約でも連番になる) / 学習/全集/BOX語 / 再版種別 / 楽天も実質同日
LOW	ED_REGULAR_BATCH	notari-matsutarou	のたり松太郎	3	shinsoban	ちばてつや全集	ホーム社	1997-10	month	3	21	0.14	3	19-21	0.3	observed	0.6	25	1976	2000	1	3/27	54	2	21	12	3	33	27	1	3.39	7.7	1種/3件/散0ヶ月 (楽天も実質同日=一挙刊行の可能性)	1	0	0	1	19:1997年10月 20:1997年10月 21:1997年10月	学習/全集/BOX語 / 再版種別 / 楽天も実質同日
LOW	SMALL_BATCH	notari-matsutarou	のたり松太郎	3	shinsoban	ちばてつや全集	ホーム社	1997-09-24	day	3	21	0.14	3	16-18	0.3	observed	0.6	25	1976	2000	1	3/3	46	1	0	9	2	30	3	0	3.19	0.6	1種/3件/散0ヶ月 (楽天も実質同日=一挙刊行の可能性)	1	0	0	1	16:1997年09月 17:1997年09月 18:1997年09月	ISBN連番(弱い証拠=採番ブロック予約でも連番になる) / 学習/全集/BOX語 / 再版種別 / 楽天も実質同日
LOW	SMALL_BATCH	notari-matsutarou	のたり松太郎	3	shinsoban	ちばてつや全集	ホーム社	1997-08-24	day	3	21	0.14	3	13-15	0.3	observed	0.6	25	1976	2000	1	3/3	43	1	0	8	1	30	3	0	3.19	0.6	1種/3件/散0ヶ月 (楽天も実質同日=一挙刊行の可能性)	1	0	0	1	13:1997年08月 14:1997年08月 15:1997年08月	ISBN連番(弱い証拠=採番ブロック予約でも連番になる) / 学習/全集/BOX語 / 再版種別 / 楽天も実質同日
LOW	SMALL_BATCH	notari-matsutarou	のたり松太郎	3	shinsoban	ちばてつや全集	ホーム社	1997-07	month	3	21	0.14	3	10-12	0.3	observed	0.6	25	1976	2000	1	3/3	40	1	0	7	1	30	3	0	1.88	1.1	1種/3件/散0ヶ月 (楽天も実質同日=一挙刊行の可能性)	1	0	0	1	10:1997年07月 11:1997年07月 12:1997年07月	ISBN連番(弱い証拠=採番ブロック予約でも連番になる) / 学習/全集/BOX語 / 再版種別 / 楽天も実質同日
LOW	SMALL_BATCH	ore-wa-teppei	おれは鉄兵	2	shinsoban	ちばてつや全集	ホーム社	1997-11	month	3	21	0.14	3	1-3	0.3	observed	0.6	7	1974	1980	1	3/3	51	1	0	11	3	30	3	0	3.0	0.7	1種/3件/散0ヶ月 (楽天も実質同日=一挙刊行の可能性)	1	0	0	1	1:1997年11月 2:1997年11月 3:1997年11月	ISBN連番(弱い証拠=採番ブロック予約でも連番になる) / 学習/全集/BOX語 / 再版種別 / 楽天も実質同日
LOW	SMALL_BATCH	ore-wa-teppei	おれは鉄兵	2	shinsoban	ちばてつや全集	ホーム社	1997-12	month	3	21	0.14	3	4-6	0.3	observed	0.6	7	1974	1980	1	3/3	51	1	0	11	3	30	3	0	3.0	0.7	1種/3件/散0ヶ月 (楽天も実質同日=一挙刊行の可能性)	1	0	0	1	4:1997年12月 5:1997年12月 6:1997年12月	ISBN連番(弱い証拠=採番ブロック予約でも連番になる) / 学習/全集/BOX語 / 再版種別 / 楽天も実質同日
LOW	SMALL_BATCH	ore-wa-teppei	おれは鉄兵	2	shinsoban	ちばてつや全集	ホーム社	1998-01	month	3	21	0.14	3	7-9	0.3	observed	0.6	7	1974	1980	1	3/3	51	1	0	11	3	30	3	0	3.0	0.7	1種/3件/散0ヶ月 (楽天も実質同日=一挙刊行の可能性)	1	0	0	1	7:1998年01月 8:1998年01月 9:1998年01月	ISBN連番(弱い証拠=採番ブロック予約でも連番になる) / 学習/全集/BOX語 / 再版種別 / 楽天も実質同日
LOW	SMALL_BATCH	ore-wa-teppei	おれは鉄兵	2	shinsoban	ちばてつや全集	ホーム社	1998-02	month	3	21	0.14	3	10-12	0.3	observed	0.6	7	1974	1980	1	3/3	51	1	0	11	3	30	3	0	3.0	0.7	1種/3件/散0ヶ月 (楽天も実質同日=一挙刊行の可能性)	1	0	0	1	10:1998年02月 11:1998年02月 12:1998年02月	ISBN連番(弱い証拠=採番ブロック予約でも連番になる) / 学習/全集/BOX語 / 再版種別 / 楽天も実質同日
LOW	SMALL_BATCH	ore-wa-teppei	おれは鉄兵	2	shinsoban	ちばてつや全集	ホーム社	1998-03	month	3	21	0.14	3	13-15	0.3	observed	0.6	7	1974	1980	1	3/3	51	1	0	11	3	30	3	0	3.0	0.7	1種/3件/散0ヶ月 (楽天も実質同日=一挙刊行の可能性)	1	0	0	1	13:1998年03月 14:1998年03月 15:1998年03月	ISBN連番(弱い証拠=採番ブロック予約でも連番になる) / 学習/全集/BOX語 / 再版種別 / 楽天も実質同日
LOW	SMALL_BATCH	ore-wa-teppei	おれは鉄兵	2	shinsoban	ちばてつや全集	ホーム社	1998-04	month	3	21	0.14	3	16-18	0.3	observed	0.6	7	1974	1980	1	3/3	51	1	0	11	3	30	3	0	3.0	0.7	1種/3件/散0ヶ月 (楽天も実質同日=一挙刊行の可能性)	1	0	0	1	16:1998年04月 17:1998年04月 18:1998年04月	ISBN連番(弱い証拠=採番ブロック予約でも連番になる) / 学習/全集/BOX語 / 再版種別 / 楽天も実質同日
LOW	SMALL_BATCH	ore-wa-teppei	おれは鉄兵	2	shinsoban	ちばてつや全集	ホーム社	1998-05	month	3	21	0.14	3	19-21	0.3	observed	0.6	7	1974	1980	1	3/3	51	2	0	11	3	30	3	0	3.0	0.7	1種/3件/散0ヶ月 (楽天も実質同日=一挙刊行の可能性)	1	0	0	1	19:1998年05月 20:1998年05月 21:1998年05月	ISBN連番(弱い証拠=採番ブロック予約でも連番になる) / 学習/全集/BOX語 / 再版種別 / 楽天も実質同日
LOW	SMALL_BATCH	piano-no-mori	ピアノの森	1	bunkobon	講談社漫画文庫	講談社	2016-08-10	day	3	18	0.17	3	1-3	0.3	observed	0.6	17	1999	2015	1	3/3	65	0	0	12	3	45	3	0	1.76	1.1	1種/3件/散0ヶ月 (楽天も実質同日=一挙刊行の可能性)	1	0	0	1	1:2016年08月10日頃 2:2016年08月10日頃 3:2016年08月10日頃	ISBN連番(弱い証拠=採番ブロック予約でも連番になる) / 再版種別 / 楽天も実質同日
LOW	SMALL_BATCH	piano-no-mori	ピアノの森	1	bunkobon	講談社漫画文庫	講談社	2016-09-09	day	3	18	0.17	3	4-6	0.3	observed	0.6	17	1999	2015	1	3/3	62	0	0	11	2	45	3	0	1.7	1.2	1種/3件/散0ヶ月 (楽天も実質同日=一挙刊行の可能性)	1	0	0	1	4:2016年09月09日頃 5:2016年09月09日頃 6:2016年09月09日頃	ISBN連番(弱い証拠=採番ブロック予約でも連番になる) / 再版種別 / 楽天も実質同日
LOW	SMALL_BATCH	piano-no-mori	ピアノの森	1	bunkobon	講談社漫画文庫	講談社	2016-10-12	day	3	18	0.17	3	7-9	0.3	observed	0.6	17	1999	2015	1	3/3	60	0	0	11	2	44	3	0	1.66	1.2	1種/3件/散0ヶ月 (楽天も実質同日=一挙刊行の可能性)	1	0	0	1	7:2016年10月12日頃 8:2016年10月12日頃 9:2016年10月12日頃	ISBN連番(弱い証拠=採番ブロック予約でも連番になる) / 再版種別 / 楽天も実質同日
LOW	SMALL_BATCH	piano-no-mori	ピアノの森	1	bunkobon	講談社漫画文庫	講談社	2016-11-11	day	3	18	0.17	3	10-12	0.3	observed	0.6	17	1999	2015	1	3/3	57	0	0	11	2	43	3	0	1.53	1.3	1種/3件/散0ヶ月 (楽天も実質同日=一挙刊行の可能性)	1	0	0	1	10:2016年11月11日頃 11:2016年11月11日頃 12:2016年11月11日頃	ISBN連番(弱い証拠=採番ブロック予約でも連番になる) / 再版種別 / 楽天も実質同日
LOW	SMALL_BATCH	piano-no-mori	ピアノの森	1	bunkobon	講談社漫画文庫	講談社	2016-12-09	day	3	18	0.17	3	13-15	0.3	observed	0.6	17	1999	2015	1	3/3	54	0	0	10	2	43	3	0	1.53	1.3	1種/3件/散0ヶ月 (楽天も実質同日=一挙刊行の可能性)	1	0	0	1	13:2016年12月09日頃 14:2016年12月09日頃 15:2016年12月09日頃	ISBN連番(弱い証拠=採番ブロック予約でも連番になる) / 再版種別 / 楽天も実質同日
LOW	SMALL_BATCH	piano-no-mori	ピアノの森	1	bunkobon	講談社漫画文庫	講談社	2017-01-12	day	3	18	0.17	3	16-18	0.3	observed	0.6	17	1999	2015	1	3/3	51	0	0	8	2	43	3	0	1.53	1.3	1種/3件/散0ヶ月 (楽天も実質同日=一挙刊行の可能性)	1	0	0	1	16:2017年01月12日頃 17:2017年01月12日頃 18:2017年01月12日頃	ISBN連番(弱い証拠=採番ブロック予約でも連番になる) / 再版種別 / 楽天も実質同日
LOW	SMALL_BATCH	rontai-baby	ロンタイbaby	2	deluxe	KCデラックス	講談社	2002-08	month	3	8	0.38	3	1-3	0.3	observed	0.6	9	1988	1996	1	3/3	58	4	0	13	3	16	3	0	14.25	0.1	1種/3件/散0ヶ月 (楽天も実質同日=一挙刊行の可能性)	1	0	0	1	1:2002年08月 2:2002年08月 3:2002年08月	ISBN連番(弱い証拠=採番ブロック予約でも連番になる) / 再版種別 / 楽天も実質同日
LOW	SMALL_BATCH	rontai-baby	ロンタイbaby	2	deluxe	KCデラックス	講談社	2002-09	month	3	8	0.38	3	4-6	0.3	observed	0.6	9	1988	1996	1	3/3	64	4	0	15	3	21	3	0	10.82	0.2	1種/3件/散0ヶ月 (楽天も実質同日=一挙刊行の可能性)	1	0	0	1	4:2002年09月 5:2002年09月 6:2002年09月	ISBN連番(弱い証拠=採番ブロック予約でも連番になる) / 再版種別 / 楽天も実質同日
LOW	SMALL_BATCH	samurai-giants	侍ジャイアンツ	2	bunkobon	講談社漫画文庫	講談社	2002-02	month	3	8	0.38	3	1-3	0.3	observed	0.6	4	1972	1975	2	3/3	107	17	0	21	7	18	3	0	19.5	0.1	1種/3件/散0ヶ月 (楽天も実質同日=一挙刊行の可能性)	1	0	0	1	1:2002年02月 2:2002年02月 3:2002年02月	ISBN連番(弱い証拠=採番ブロック予約でも連番になる) / 再版種別 / 楽天も実質同日
LOW	SMALL_BATCH	samurai-giants	侍ジャイアンツ	2	bunkobon	講談社漫画文庫	講談社	2002-03	month	3	8	0.38	3	4-6	0.3	observed	0.6	4	1972	1975	3	3/3	107	21	0	22	7	18	3	0	19.0	0.1	1種/3件/散0ヶ月 (楽天も実質同日=一挙刊行の可能性)	1	0	0	1	4:2002年03月 5:2002年03月 6:2002年03月	ISBN連番(弱い証拠=採番ブロック予約でも連番になる) / 再版種別 / 楽天も実質同日
LOW	SMALL_BATCH	samurai-giants	侍ジャイアンツ	3	shinsoban	梶原一騎原作漫画傑作選	道出版	2002-03	month	3	8	0.38	3	2-4	0.3	observed	0.6	4	1972	1975	1	3/3	36	1	0	10	2	68	3	0	1.4	1.4	1種/3件/散0ヶ月 (楽天も実質同日=一挙刊行の可能性)	1	0	-1	1	2:2002年02月 3:2002年02月 4:2002年02月	ISBN連番(弱い証拠=採番ブロック予約でも連番になる) / 学習/全集/BOX語 / 再版種別 / 楽天も実質同日
LOW	SMALL_BATCH	sekai-de-ichiban-yasashii-ongaku	世界でいちばん優しい音楽	1	bunkobon	講談社漫画文庫	講談社	2002-06	month	3	8	0.38	3	1-3	0.3	observed	0.6	8	1993	2000	3	3/3	107	22	0	25	11	13	3	0	28.0	0.1	1種/3件/散0ヶ月 (楽天も実質同日=一挙刊行の可能性)	1	0	0	1	1:2002年06月 2:2002年06月 3:2002年06月	ISBN連番(弱い証拠=採番ブロック予約でも連番になる) / 再版種別 / 楽天も実質同日
LOW	SMALL_BATCH	sekai-de-ichiban-yasashii-ongaku	世界でいちばん優しい音楽	1	bunkobon	講談社漫画文庫	講談社	2002-07	month	3	8	0.38	3	4-6	0.3	observed	0.6	8	1993	2000	1	3/3	107	23	0	25	10	14	3	0	28.25	0.1	1種/3件/散0ヶ月 (楽天も実質同日=一挙刊行の可能性)	1	0	0	1	4:2002年07月 5:2002年07月 6:2002年07月	ISBN連番(弱い証拠=採番ブロック予約でも連番になる) / 再版種別 / 楽天も実質同日
LOW	SMALL_BATCH	100mandoru-kid	100万ドルキッド	0	bunkobon	講談社漫画文庫	講談社	2001-11	month	3	5	0.6	3	1-3	0.2	observed	0.5	1	2001	2001	1	3/3	111	14	0	20	5	10	3	0	11.12	0.2	1種/3件/散0ヶ月 (楽天も実質同日=一挙刊行の可能性)	1	0	0	1	1:2001年11月 2:2001年11月 3:2001年11月	ISBN連番(弱い証拠=採番ブロック予約でも連番になる) / 再版種別 / 楽天も実質同日
LOW	SMALL_BATCH	3d-kanojo-real-girl	3D彼女リアルガール	0	standard	KCデザート	講談社	2017-08-10	day	3	12	0.25	3	1-3	0.3	observed	0.5	1	2017	2017	1	3/3	63	4	0	19	0	16	3	0	4.33	0.5	1種/3件/散0ヶ月 (楽天も実質同日=一挙刊行の可能性)	1	0	0	1	1:2017年08月10日 2:2017年08月10日 3:2017年08月10日	ISBN連番(弱い証拠=採番ブロック予約でも連番になる) / 楽天も実質同日
LOW	SMALL_BATCH	3d-kanojo-real-girl	3D彼女リアルガール	0	standard	KCデザート	講談社	2017-09-13	day	3	12	0.25	3	4-6	0.3	observed	0.5	1	2017	2017	1	3/3	60	5	0	19	0	16	3	0	4.43	0.5	1種/3件/散0ヶ月 (楽天も実質同日=一挙刊行の可能性)	1	0	0	1	4:2017年09月13日 5:2017年09月13日 6:2017年09月13日	ISBN連番(弱い証拠=採番ブロック予約でも連番になる) / 楽天も実質同日
LOW	SMALL_BATCH	3d-kanojo-real-girl	3D彼女リアルガール	0	standard	KCデザート	講談社	2017-10-13	day	3	12	0.25	3	7-9	0.3	observed	0.5	1	2017	2017	1	3/3	53	2	0	17	0	14	3	0	4.07	0.5	1種/3件/散0ヶ月 (楽天も実質同日=一挙刊行の可能性)	1	0	0	1	7:2017年10月13日頃 8:2017年10月13日頃 9:2017年10月13日頃	ISBN連番(弱い証拠=採番ブロック予約でも連番になる) / 楽天も実質同日
LOW	PUBLISHER_BATCH	3d-kanojo-real-girl	3D彼女リアルガール	0	standard	KCデザート	講談社	2017-11-13	day	3	12	0.25	3	10-12	0.3	observed	0.5	1	2017	2017	1	3/3	81	72	0	0	0	6	3	0			1種/3件/散0ヶ月 (楽天も実質同日=一挙刊行の可能性)	1	0	0	1	10:2017年11月13日頃 11:2017年11月13日頃 12:2017年11月13日頃	ISBN連番(弱い証拠=採番ブロック予約でも連番になる) / 楽天も実質同日 / 近傍81件中72件が同日=レーベル一斉出荷
LOW	PUBLISHER_BATCH	adolf-ni-tsugu	アドルフに告ぐ	1	bunkobon	文春文庫ビジュアル版(1992)	文芸春秋	1992-04	month	3	5	0.6	3	1-3	0.2	observed	0.5	12	1985	1996	1	3/3	25	0	0	4	3	71	3	0	0.35	5.7	1種/3件/散0ヶ月 (楽天も実質同日=一挙刊行の可能性)	1	0	0	1	1:1992年04月 2:1992年04月 3:1992年04月	ISBN連番(弱い証拠=採番ブロック予約でも連番になる) / 再版種別 / 楽天も実質同日 / 近傍の複数巻作品4件中3件が全巻同日=レーベル体質
LOW	SMALL_BATCH	asunarozaka	あすなろ坂	1	bunkobon	講談社漫画文庫	講談社	1998-08	month	3	5	0.6	3	1-3	0.2	observed	0.5	4	1977	1980	1	3/3	112	10	0	21	10	15	3	0	9.25	0.2	1種/3件/散0ヶ月 (楽天も実質同日=一挙刊行の可能性)	1	0	0	1	1:1998年08月 2:1998年08月 3:1998年08月	ISBN連番(弱い証拠=採番ブロック予約でも連番になる) / 再版種別 / 楽天も実質同日
LOW	SMALL_BATCH	azuki-chan	あずきちゃん	1	deluxe	KCデラックス	講談社	2015-10-06	day	3	5	0.6	3	1-3	0.2	observed	0.5	4	1994	1997	3	3/3	80	13	0	9	0	10	3	0			1種/3件/散0ヶ月 (楽天も実質同日=一挙刊行の可能性)	1	0	0	1	1:2015年10月06日頃 2:2015年10月06日頃 3:2015年10月06日頃	ISBN連番(弱い証拠=採番ブロック予約でも連番になる) / 再版種別 / 楽天も実質同日
LOW	SMALL_BATCH	boukenshatachi-no-sekaishi	冒険者たちの世界史	0	standard		タイムライフブックス	1983-11	month	3	23	0.13	4	19-23(飛)	0.2	observed	0.5	1	1983	1983	1	3/5	6	0	0	0	0	24	5	0	0.83	4.8		0	0	0	0		
LOW	SMALL_BATCH	boys-love	Boys Love	0	standard	from RED comics	シュークリーム	2022-08-05	day	3	5	0.6	3	1-3	0.2	observed	0.5	1	2022	2022	1	3/3	25	0	0	8	2	48	3	0	1.69	1.2	1種/3件/散0ヶ月 (楽天も実質同日=一挙刊行の可能性)	1	0	0	1	1:2022年08月05日 2:2022年08月05日 3:2022年08月05日	ISBN連番(弱い証拠=採番ブロック予約でも連番になる) / 楽天も実質同日
LOW	SMALL_BATCH	busamen-otoko	ブサメン男子♂	1	deluxe	ビーボーイコミックスデラックス	リブレ	2019-08-10	day	3	5	0.6	3	1-3	0.2	observed	0.5	7	2011	2017	1	3/3	7	2	0	0	0	4	3	0	6.25	0.3		0	0	0	0		ISBN連番(弱い証拠=採番ブロック予約でも連番になる) / 再版種別
LOW	SMALL_BATCH	cat-street	キャットストリート	1	bunkobon	集英社文庫	集英社	2011-08	month	3	5	0.6	3	3-5	0.2	observed	0.5	4	2005	2008	1	3/3	100	4	0	16	2	18	3	0	5.8	0.3	1種/3件/散0ヶ月 (楽天も実質同日=一挙刊行の可能性)	1	0	0	1	3:2011年08月 4:2011年08月 5:2011年08月	ISBN連番(弱い証拠=採番ブロック予約でも連番になる) / 再版種別 / 楽天も実質同日
LOW	SMALL_BATCH	cleopatra-koori-no-bishou	クレオパトラ氷の微笑	0	standard	まんがグリム童話	ぶんか社	2005-02	month	3	5	0.6	3	1-3	0.2	observed	0.5	1	2005	2005	1	3/3	52	3	0	8	0	19	3	0	6.76	0.3	1種/3件/散0ヶ月 (楽天も実質同日=一挙刊行の可能性)	1	0	0	1	1:2005年02月 2:2005年02月 3:2005年02月	ISBN連番(弱い証拠=採番ブロック予約でも連番になる) / 楽天も実質同日
LOW	SMALL_BATCH	daa-daa-daa	だぁ!だぁ!だぁ!	1	deluxe	KCデラックス	講談社	2015-07-03	day	3	9	0.33	3	1-3	0.2	observed	0.5	5	1998	2002	2	3/3	72	12	0	9	0	8	3	0	15.0	0.1	1種/3件/散0ヶ月 (楽天も実質同日=一挙刊行の可能性)	1	0	0	1	1:2015年07月03日頃 2:2015年07月03日頃 3:2015年07月03日頃	ISBN連番(弱い証拠=採番ブロック予約でも連番になる) / 再版種別 / 楽天も実質同日
LOW	SMALL_BATCH	daa-daa-daa	だぁ!だぁ!だぁ!	1	deluxe	KCデラックス	講談社	2015-08-06	day	3	9	0.33	3	4-6	0.2	observed	0.5	5	1998	2002	4	3/3	72	15	0	9	0	10	3	0	13.71	0.1	1種/3件/散0ヶ月 (楽天も実質同日=一挙刊行の可能性)	1	0	0	1	4:2015年08月06日頃 5:2015年08月06日頃 6:2015年08月06日頃	ISBN連番(弱い証拠=採番ブロック予約でも連番になる) / 再版種別 / 楽天も実質同日
LOW	SMALL_BATCH	daa-daa-daa	だぁ!だぁ!だぁ!	1	deluxe	KCデラックス	講談社	2015-09-05	day	3	9	0.33	3	7-9	0.2	observed	0.5	5	1998	2002	3	3/3	75	20	0	9	0	10	3	0	13.5	0.1	1種/3件/散0ヶ月 (楽天も実質同日=一挙刊行の可能性)	1	0	0	1	7:2015年09月05日頃 8:2015年09月05日頃 9:2015年09月05日頃	ISBN連番(弱い証拠=採番ブロック予約でも連番になる) / 再版種別 / 楽天も実質同日
LOW	SMALL_BATCH	daitoukyou-binboo-seikatsu-manual	大東京ビンボー生活マニュアル	1	bunkobon	講談社まんが文庫	講談社	1995-03	month	3	5	0.6	3	1-3	0.2	observed	0.5	3	1987	1989	1	3/3	99	8	0	14	2	10	3	0	10.56	0.2	1種/3件/散0ヶ月 (楽天も実質同日=一挙刊行の可能性)	1	0	0	1	1:1995年03月 2:1995年03月 3:1995年03月	ISBN連番(弱い証拠=採番ブロック予約でも連番になる) / 再版種別 / 楽天も実質同日
LOW	SMALL_BATCH	fanshii-dance	ファンシィダンス	0	bunkobon	小学館文庫	小学館	1999-12	month	3	5	0.6	3	3-5	0.2	observed	0.5	1	1999	1999	1	3/3	117	2	0	22	4	198	3	0	0.55	3.7	1種/3件/散0ヶ月 (楽天も実質同日=一挙刊行の可能性)	1	0	-1	1	3:1999年11月16日頃 4:1999年11月16日頃 5:1999年11月16日頃	ISBN連番(弱い証拠=採番ブロック予約でも連番になる) / 再版種別 / 楽天も実質同日
LOW	SMALL_BATCH	hikari-no-kojirou	光の小次郎	1	bunkobon	講談社漫画文庫	講談社	1996-03-12	day	3	13	0.23	3	1-3	0.2	observed	0.5	4	1981	1984	2	3/3	110	9	0	19	7	11	3	0	11.1	0.2	1種/3件/散0ヶ月 (楽天も実質同日=一挙刊行の可能性)	1	0	0	1	1:1996年03月12日頃 2:1996年03月12日頃 3:1996年03月12日頃	ISBN連番(弱い証拠=採番ブロック予約でも連番になる) / 再版種別 / 楽天も実質同日
LOW	SMALL_BATCH	hikari-no-kojirou	光の小次郎	1	bunkobon	講談社漫画文庫	講談社	1996-04-12	day	3	13	0.23	3	5-7	0.2	observed	0.5	4	1981	1984	1	3/3	110	11	0	19	7	14	3	0	11.8	0.2	1種/3件/散0ヶ月 (楽天も実質同日=一挙刊行の可能性)	1	0	0	1	5:1996年04月12日頃 6:1996年04月12日頃 7:1996年04月12日頃	ISBN連番(弱い証拠=採番ブロック予約でも連番になる) / 再版種別 / 楽天も実質同日
LOW	SMALL_BATCH	hikari-no-kojirou	光の小次郎	1	bunkobon	講談社漫画文庫	講談社	1996-05-10	day	3	13	0.23	3	8-10	0.2	observed	0.5	4	1981	1984	2	3/3	110	10	0	18	6	15	3	0	9.5	0.2	1種/3件/散0ヶ月 (楽天も実質同日=一挙刊行の可能性)	1	0	0	1	8:1996年05月10日頃 9:1996年05月10日頃 10:1996年05月10日頃	ISBN連番(弱い証拠=採番ブロック予約でも連番になる) / 再版種別 / 楽天も実質同日
LOW	SMALL_BATCH	hikari-no-kojirou	光の小次郎	1	bunkobon	講談社漫画文庫	講談社	1996-06-12	day	3	13	0.23	3	11-13	0.2	observed	0.5	4	1981	1984	2	3/3	110	9	0	18	6	14	3	0	8.62	0.2	1種/3件/散0ヶ月 (楽天も実質同日=一挙刊行の可能性)	1	0	0	1	11:1996年06月12日頃 12:1996年06月12日頃 13:1996年06月12日頃	ISBN連番(弱い証拠=採番ブロック予約でも連番になる) / 再版種別 / 楽天も実質同日
LOW	SMALL_BATCH	hiko-densetsu	火子伝説	0	standard	鹿砦社復刻版	鹿砦社	2002-11	month	3	5	0.6	3	3-5	0.2	observed	0.5	17	1986	2002	1	3/3	0	0	0	0	0	0	3	0			1種/3件/散0ヶ月 (楽天も実質同日=一挙刊行の可能性)	1	0	0	1	3:2002年11月 4:2002年11月 5:2002年11月	ISBN連番(弱い証拠=採番ブロック予約でも連番になる) / 学習/全集/BOX語 / 楽天も実質同日
LOW	SMALL_BATCH	honaka-ni-tachite	焔に立ちて	0	standard		ぶんか社	2005-02-20	day	3	5	0.6	3	1-3	0.2	observed	0.5	1	2005	2005	1	3/3	54	3	0	8	0	18	3	0	6.06	0.3	1種/3件/散0ヶ月 (楽天も実質同日=一挙刊行の可能性)	1	0	0	1	1:2005年02月20日頃 2:2005年02月20日頃 3:2005年02月20日頃	ISBN連番(弱い証拠=採番ブロック予約でも連番になる) / 楽天も実質同日
LOW	SMALL_BATCH	honoo-no-romance	炎のロマンス	1	bunkobon	講談社漫画文庫	講談社	2000-10	month	3	5	0.6	3	1-3	0.2	observed	0.5	2	1977	1978	1	3/3	114	13	0	20	6	7	3	0	15.57	0.1	1種/3件/散0ヶ月 (楽天も実質同日=一挙刊行の可能性)	1	0	0	1	1:2000年10月 2:2000年10月 3:2000年10月	ISBN連番(弱い証拠=採番ブロック予約でも連番になる) / 再版種別 / 楽天も実質同日
LOW	SMALL_BATCH	ishi-no-hana	石の花	1	bunkobon	講談社漫画文庫	講談社	1996-07	month	3	5	0.6	3	1-3	0.2	observed	0.5	3	1984	1986	1	3/3	118	11	0	18	5	14	3	0	7.69	0.3	1種/3件/散0ヶ月 (楽天も実質同日=一挙刊行の可能性)	1	0	0	1	1:1996年07月 2:1996年07月 3:1996年07月	ISBN連番(弱い証拠=採番ブロック予約でも連番になる) / 再版種別 / 楽天も実質同日
LOW	SMALL_BATCH	kaii-ika-sama-hakurantei	怪異いかさま博覧亭	0	standard	電撃ジャパンコミックス	角川グループパブリッシング	2011-11	month	3	5	0.6	3	3-5	0.2	observed	0.5	1	2011	2011	1	3/3	21	4	0	1	0	11	3	0			1種/3件/散0ヶ月 (楽天も実質同日=一挙刊行の可能性)	1	0	0	1	3:2011年11月 4:2011年11月 5:2011年11月	ISBN連番(弱い証拠=採番ブロック予約でも連番になる) / 楽天も実質同日
LOW	SMALL_BATCH	miracle-girls	ミラクル☆ガールズ	1	deluxe	KCデラックス	講談社	2015-07-03	day	3	9	0.33	3	1-3	0.2	observed	0.5	4	1991	1994	2	3/3	70	12	0	9	0	8	3	0	18.17	0.1	1種/3件/散0ヶ月 (楽天も実質同日=一挙刊行の可能性)	1	0	0	1	1:2015年07月03日頃 2:2015年07月03日頃 3:2015年07月03日頃	ISBN連番(弱い証拠=採番ブロック予約でも連番になる) / 再版種別 / 楽天も実質同日
LOW	SMALL_BATCH	miracle-girls	ミラクル☆ガールズ	1	deluxe	KCデラックス	講談社	2015-08-06	day	3	9	0.33	3	4-6	0.2	observed	0.5	4	1991	1994	4	3/3	71	15	0	8	0	10	3	0	10.0	0.2	1種/3件/散0ヶ月 (楽天も実質同日=一挙刊行の可能性)	1	0	0	1	4:2015年08月06日頃 5:2015年08月06日頃 6:2015年08月06日頃	ISBN連番(弱い証拠=採番ブロック予約でも連番になる) / 再版種別 / 楽天も実質同日
LOW	SMALL_BATCH	miracle-girls	ミラクル☆ガールズ	1	deluxe	KCデラックス	講談社	2015-09-05	day	3	9	0.33	3	7-9	0.2	observed	0.5	4	1991	1994	3	3/3	77	20	0	9	0	10	3	0	13.33	0.1	1種/3件/散0ヶ月 (楽天も実質同日=一挙刊行の可能性)	1	0	0	1	7:2015年09月05日頃 8:2015年09月05日頃 9:2015年09月05日頃	ISBN連番(弱い証拠=採番ブロック予約でも連番になる) / 再版種別 / 楽天も実質同日
LOW	SMALL_BATCH	ningen-club	人間倶楽部	1	bunkobon	宙コミック文庫	宙出版	2007-02	month	3	9	0.33	6	7-9	0.2	observed	0.5	6	1992	1997	1	3/3	64	6	0	14	1	28	3	0	7.53	0.3	1種/3件/散0ヶ月 (楽天も実質同日=一挙刊行の可能性)	1	0	0	1	7:2007年02月 8:2007年02月 9:2007年02月	ISBN連番(弱い証拠=採番ブロック予約でも連番になる) / 再版種別 / 楽天も実質同日
LOW	SMALL_BATCH	oh-my-darling	Oh!myダーリン	1	bunkobon	講談社漫画文庫	講談社	2008-04-11	day	3	5	0.6	3	1-3	0.2	observed	0.5	3	1992	1994	1	3/3	104	7	0	18	4	16	3	0	8.0	0.2	1種/3件/散0ヶ月 (楽天も実質同日=一挙刊行の可能性)	1	0	0	1	1:2008年04月11日頃 2:2008年04月11日頃 3:2008年04月11日頃	ISBN連番(弱い証拠=採番ブロック予約でも連番になる) / 再版種別 / 楽天も実質同日
LOW	PUBLISHER_BATCH	old-boy-ruuzu-senki	オールド・ボーイ ルーズ戦記	3	bunkobon	双葉文庫名作シリーズ	双葉社	2007-06	month	3	5	0.6	3	1-3	0.2	observed	0.5	2	1997	1998	1	3/3	103	1	0	19	12	36	3	0	3.23	0.6	1種/3件/散0ヶ月 (楽天も実質同日=一挙刊行の可能性)	1	0	0	1	1:2007年06月 2:2007年06月 3:2007年06月	ISBN連番(弱い証拠=採番ブロック予約でも連番になる) / 再版種別 / 楽天も実質同日 / 近傍の複数巻作品19件中12件が全巻同日=レーベル体質
LOW	SMALL_BATCH	ore-no-koshien	俺の甲子園	0	standard	ナガオカコミックス	廣済堂出版	1986-03	month	3	9	0.33	3	1-3	0.2	observed	0.5	1	1986	1986	1	3/3	20	0	0	2	0	20	3	0	2.4	0.8		0	0	0	0		ISBN連番(弱い証拠=採番ブロック予約でも連番になる)
LOW	SMALL_BATCH	ore-no-koshien	俺の甲子園	0	standard	ナガオカコミックス	廣済堂出版	1986-04	month	3	9	0.33	3	4-6	0.2	observed	0.5	1	1986	1986	1	3/3	20	0	0	2	0	20	3	0	2.4	0.8		0	0	0	0		ISBN連番(弱い証拠=採番ブロック予約でも連番になる)
LOW	SMALL_BATCH	ore-no-koshien	俺の甲子園	0	standard	ナガオカコミックス	廣済堂出版	1986-05	month	3	9	0.33	3	7-9	0.2	observed	0.5	1	1986	1986	1	3/3	20	0	0	2	0	20	3	0	2.4	0.8		0	0	0	0		ISBN連番(弱い証拠=採番ブロック予約でも連番になる)
LOW	SMALL_BATCH	otanko-nurse	おたんこナース	1	bunkobon	小学館文庫	小学館	2002-11	month	3	5	0.6	3	3-5	0.2	observed	0.5	7	1995	2001	1	3/3	60	0	0	7	3	65	3	0	3.67	0.5	1種/3件/散0ヶ月 (楽天も実質同日=一挙刊行の可能性)	1	0	-1	1	3:2002年10月16日頃 4:2002年10月16日頃 5:2002年10月16日頃	ISBN連番(弱い証拠=採番ブロック予約でも連番になる) / 再版種別 / 楽天も実質同日
LOW	SMALL_BATCH	rebadan-kibou-no-hana	レバダン・希望の花	1	bunkobon	冬水社文庫	冬水社	2010-04	month	3	5	0.6	3	3-5	0.2	observed	0.5	4	1995	1998	1	3/3	38	4	0	12	0	8	3	0	8.0	0.2		0	0	0	0		ISBN連番(弱い証拠=採番ブロック予約でも連番になる) / 再版種別
LOW	SMALL_BATCH	rocket-man	ロケットマン	1	bunkobon	講談社漫画文庫	講談社	2009-03	month	3	5	0.6	3	3-5	0.2	observed	0.5	4	2002	2005	1	3/3	77	5	0	16	4	15	3	0	7.67	0.3	1種/3件/散0ヶ月 (楽天も実質同日=一挙刊行の可能性)	1	0	0	1	3:2009年03月 4:2009年03月 5:2009年03月	ISBN連番(弱い証拠=採番ブロック予約でも連番になる) / 再版種別 / 楽天も実質同日
LOW	SMALL_BATCH	ryuu-no-michi	リュウの道	1	bunkobon	竹書房文庫	竹書房	1995-07-07	day	3	5	0.6	3	3-5	0.2	observed	0.5	2	1970	1971	1	3/3	16	0	0	2	2	5	3	0	8.2	0.2	1種/3件/散0ヶ月 (楽天も実質同日=一挙刊行の可能性)	1	0	0	1	3:1995年07月07日頃 4:1995年07月07日頃 5:1995年07月07日頃	ISBN連番(弱い証拠=採番ブロック予約でも連番になる) / 再版種別 / 楽天も実質同日
LOW	SMALL_BATCH	seishun-no-shippo	青春の尻尾	1	bunkobon	道草文庫	小池書院	1995-07	month	3	5	0.6	3	3-5	0.2	observed	0.5	3	1976	1978	1	3/3	112	2	0	13	6	20	3	0	5.84	0.3	1種/3件/散0ヶ月 (楽天も実質同日=一挙刊行の可能性)	1	0	-1	1	3:1995年06月 4:1995年06月 5:1995年06月	ISBN連番(弱い証拠=採番ブロック予約でも連番になる) / 再版種別 / 楽天も実質同日
LOW	SMALL_BATCH	seito-sho-kun	生徒諸君!	1	bunkobon	講談社漫画文庫	講談社	1995-12-12	day	3	12	0.25	3	1-3	0.3	observed	0.5	8	1978	1985	2	3/3	111	9	0	14	1	12	3	0	9.55	0.2	1種/3件/散0ヶ月 (楽天も実質同日=一挙刊行の可能性)	1	0	0	1	1:1995年12月05日頃 2:1995年12月05日頃 3:1995年12月05日頃	ISBN連番(弱い証拠=採番ブロック予約でも連番になる) / 再版種別 / 楽天も実質同日
LOW	SMALL_BATCH	seito-sho-kun	生徒諸君!	1	bunkobon	講談社漫画文庫	講談社	1996-01-12	day	3	12	0.25	3	4-6	0.3	observed	0.5	8	1978	1985	1	3/3	111	7	0	16	5	12	3	0	10.4	0.2	1種/3件/散0ヶ月 (楽天も実質同日=一挙刊行の可能性)	1	0	0	1	4:1996年01月11日頃 5:1996年01月11日頃 6:1996年01月11日頃	ISBN連番(弱い証拠=採番ブロック予約でも連番になる) / 再版種別 / 楽天も実質同日
LOW	SMALL_BATCH	seito-sho-kun	生徒諸君!	1	bunkobon	講談社漫画文庫	講談社	1996-02-09	day	3	12	0.25	3	7-9	0.3	observed	0.5	8	1978	1985	1	3/3	111	7	0	16	4	11	3	0	11.6	0.2	1種/3件/散0ヶ月 (楽天も実質同日=一挙刊行の可能性)	1	0	0	1	7:1996年02月08日頃 8:1996年02月08日頃 9:1996年02月08日頃	ISBN連番(弱い証拠=採番ブロック予約でも連番になる) / 再版種別 / 楽天も実質同日
LOW	SMALL_BATCH	seito-sho-kun	生徒諸君!	1	bunkobon	講談社漫画文庫	講談社	1996-03-12	day	3	12	0.25	3	10-12	0.3	observed	0.5	8	1978	1985	2	3/3	111	10	0	16	4	11	3	0	11.8	0.2	1種/3件/散0ヶ月 (楽天も実質同日=一挙刊行の可能性)	1	0	0	1	10:1996年03月11日頃 11:1996年03月11日頃 12:1996年03月11日頃	ISBN連番(弱い証拠=採番ブロック予約でも連番になる) / 再版種別 / 楽天も実質同日
LOW	PUBLISHER_BATCH	shinrupansansei	新ルパン三世	2	bunkobon	中公文庫コミック版	中央公論社	1995-02	month	3	13	0.23	3	1-3	0.2	observed	0.5	5	1978	1982	1	3/3	25	5	0	6	4	4	3	0	24.5	0.1	1種/3件/散0ヶ月 (楽天も実質同日=一挙刊行の可能性)	1	0	0	1	1:1995年02月 2:1995年02月 3:1995年02月	ISBN連番(弱い証拠=採番ブロック予約でも連番になる) / 再版種別 / 楽天も実質同日 / 近傍の複数巻作品6件中4件が全巻同日=レーベル体質
LOW	PUBLISHER_BATCH	shinrupansansei	新ルパン三世	2	bunkobon	中公文庫コミック版	中央公論社	1995-03	month	3	13	0.23	3	4-6	0.2	observed	0.5	5	1978	1982	1	3/3	23	5	0	7	6	4	3	0	24.25	0.1	1種/3件/散0ヶ月 (楽天も実質同日=一挙刊行の可能性)	1	0	0	1	4:1995年03月 5:1995年03月 6:1995年03月	ISBN連番(弱い証拠=採番ブロック予約でも連番になる) / 再版種別 / 楽天も実質同日 / 近傍の複数巻作品7件中6件が全巻同日=レーベル体質
LOW	PUBLISHER_BATCH	shinrupansansei	新ルパン三世	2	bunkobon	中公文庫コミック版	中央公論社	1995-04	month	3	13	0.23	3	7-9	0.2	observed	0.5	5	1978	1982	1	3/3	24	4	0	6	4	4	3	0	25.25	0.1	1種/3件/散0ヶ月 (楽天も実質同日=一挙刊行の可能性)	1	0	0	1	7:1995年04月 8:1995年04月 9:1995年04月	ISBN連番(弱い証拠=採番ブロック予約でも連番になる) / 再版種別 / 楽天も実質同日 / 近傍の複数巻作品6件中4件が全巻同日=レーベル体質
LOW	SMALL_BATCH	skyuu-hero	S級ヒーロー!	1	bunkobon	冬水社文庫	冬水社	2010-11	month	3	5	0.6	3	1-3	0.2	observed	0.5	4	2003	2006	1	3/3	96	7	0	23	2	20	3	0	6.06	0.3		0	0	0	0		ISBN連番(弱い証拠=採番ブロック予約でも連番になる) / 再版種別
LOW	PUBLISHER_BATCH	sutoppunii-chan	ストップ!にいちゃん	5	kanzenban	マンガショップシリーズ	マンガショップ	2008-09-15	day	3	9	0.33	3	1-3	0.2	observed	0.5	7	1964	1970	1	3/3	84	7	0	23	21	194	3	0	6.21	0.3	1種/3件/散0ヶ月 (楽天も実質同日=一挙刊行の可能性)	1	0	0	1	1:2008年09月17日頃 2:2008年09月17日頃 3:2008年09月17日頃	ISBN連番(弱い証拠=採番ブロック予約でも連番になる) / 再版種別 / 楽天も実質同日 / 近傍の複数巻作品23件中21件が全巻同日=レーベル体質
LOW	PUBLISHER_BATCH	sutoppunii-chan	ストップ!にいちゃん	5	kanzenban	マンガショップシリーズ	マンガショップ	2008-10-15	day	3	9	0.33	3	4-6	0.2	observed	0.5	7	1964	1970	1	3/3	85	3	0	23	20	195	3	0	6.61	0.3	2種/3件/散0ヶ月 (楽天も実質同日=一挙刊行の可能性)	2	0	0	1	4:2008年10月 5:2008年10月14日頃 6:2008年10月14日頃	ISBN連番(弱い証拠=採番ブロック予約でも連番になる) / 再版種別 / 楽天も実質同日 / 近傍の複数巻作品23件中20件が全巻同日=レーベル体質
LOW	PUBLISHER_BATCH	sutoppunii-chan	ストップ!にいちゃん	5	kanzenban	マンガショップシリーズ	マンガショップ	2008-11-15	day	3	9	0.33	3	7-9	0.2	observed	0.5	7	1964	1970	1	3/3	82	1	0	22	19	195	3	0	6.44	0.3	1種/3件/散0ヶ月 (楽天も実質同日=一挙刊行の可能性)	1	0	0	1	7:2008年11月17日頃 8:2008年11月17日頃 9:2008年11月17日頃	ISBN連番(弱い証拠=採番ブロック予約でも連番になる) / 再版種別 / 楽天も実質同日 / 近傍の複数巻作品22件中19件が全巻同日=レーベル体質
LOW	SMALL_BATCH	tokyo-babylon	東京BABYLON	1	bunkobon	新書館ウィングス文庫	新書館	2001-01	month	3	5	0.6	3	3-5	0.2	observed	0.5	-5	2000	1994	1	3/3	55	1	0	10	3	114	3	0	0.78	2.6	1種/3件/散0ヶ月 (楽天も実質同日=一挙刊行の可能性)	1	0	0	1	3:2001年01月 4:2001年01月 5:2001年01月	ISBN連番(弱い証拠=採番ブロック予約でも連番になる) / 再版種別 / 楽天も実質同日
LOW	SMALL_BATCH	touch	タッチ	3	kanzenban	少年サンデーコミックススペシャル	小学館	2005-07-15	day	3	12	0.25	3	1-3	0.3	observed	0.5	7	1981	1987	1	3/3	82	0	0	7	0	164	3	0	0.65	3.1	1種/3件/散0ヶ月 (楽天も実質同日=一挙刊行の可能性)	1	0	-1	1	1:2005年06月 2:2005年06月 3:2005年06月	ISBN連番(弱い証拠=採番ブロック予約でも連番になる) / 再版種別 / 楽天も実質同日
LOW	SMALL_BATCH	touch	タッチ	3	kanzenban	少年サンデーコミックススペシャル	小学館	2005-08-15	day	3	12	0.25	3	4-6	0.3	observed	0.5	7	1981	1987	1	3/3	79	0	0	7	0	161	3	0	0.65	3.1	1種/3件/散0ヶ月 (楽天も実質同日=一挙刊行の可能性)	1	0	-1	1	4:2005年07月 5:2005年07月 6:2005年07月	ISBN連番(弱い証拠=採番ブロック予約でも連番になる) / 再版種別 / 楽天も実質同日
LOW	SMALL_BATCH	touch	タッチ	3	kanzenban	少年サンデーコミックススペシャル	小学館	2005-09-15	day	3	12	0.25	3	7-9	0.3	observed	0.5	7	1981	1987	1	3/3	76	1	0	7	0	160	3	0	0.64	3.1	1種/3件/散0ヶ月 (楽天も実質同日=一挙刊行の可能性)	1	0	-1	1	7:2005年08月 8:2005年08月 9:2005年08月	ISBN連番(弱い証拠=採番ブロック予約でも連番になる) / 再版種別 / 楽天も実質同日
LOW	ED_REGULAR_BATCH	touch	タッチ	3	kanzenban	少年サンデーコミックススペシャル	小学館	2005-10-15	day	3	12	0.25	3	10-12	0.3	observed	0.5	7	1981	1987	1	3/13	73	0	10	7	0	159	13	1	0.62	19.3	1種/3件/散0ヶ月 (楽天も実質同日=一挙刊行の可能性)	1	0	-1	1	10:2005年09月 11:2005年09月 12:2005年09月	再版種別 / 楽天も実質同日
LOW	SMALL_BATCH	umizaru	海猿	1	bunkobon	小学館文庫	小学館	2006-05	month	3	5	0.6	3	1-3	0.2	observed	0.5	8	1999	2006	1	3/3	87	3	0	10	0	52	3	0	3.1	0.6	1種/3件/散0ヶ月 (楽天も実質同日=一挙刊行の可能性)	1	0	-1	1	1:2006年04月15日頃 2:2006年04月15日頃 3:2006年04月15日頃	ISBN連番(弱い証拠=採番ブロック予約でも連番になる) / 再版種別 / 楽天も実質同日
LOW	PUBLISHER_BATCH	violence-jack	バイオレンス・ジャック	1	deluxe	KCデラックス	講談社	1998-03-23	day	3	5	0.6	3	1-3	0.2	observed	0.5	7	1984	1990	2	3/3	71	12	0	16	8	9	3	0	10.22	0.2	1種/3件/散0ヶ月 (楽天も実質同日=一挙刊行の可能性)	1	0	0	1	1:1998年03月23日頃 2:1998年03月23日頃 3:1998年03月23日頃	ISBN連番(弱い証拠=採番ブロック予約でも連番になる) / 再版種別 / 楽天も実質同日 / 近傍の複数巻作品16件中8件が全巻同日=レーベル体質
LOW	SMALL_BATCH	yakyuukyou-no-uta	野球狂の詩	2	bunkobon	講談社漫画文庫	講談社	1995-09	month	3	13	0.23	3	8-10	0.2	observed	0.5	5	1973	1977	2	3/3	110	11	0	18	3	10	3	0	14.25	0.1	1種/3件/散0ヶ月 (楽天も実質同日=一挙刊行の可能性)	1	0	0	1	8:1995年09月 9:1995年09月 10:1995年09月	ISBN連番(弱い証拠=採番ブロック予約でも連番になる) / 再版種別 / 楽天も実質同日
LOW	SMALL_BATCH	yakyuukyou-no-uta	野球狂の詩	2	bunkobon	講談社漫画文庫	講談社	1995-10	month	3	13	0.23	3	11-13	0.2	observed	0.5	5	1973	1977	2	3/3	110	10	0	18	4	10	3	0	12.67	0.2	1種/3件/散0ヶ月 (楽天も実質同日=一挙刊行の可能性)	1	0	0	1	11:1995年10月 12:1995年10月 13:1995年10月	ISBN連番(弱い証拠=採番ブロック予約でも連番になる) / 再版種別 / 楽天も実質同日
LOW	SMALL_BATCH	yamataika	ヤマタイカ	1	bunkobon	潮ビジュアル文庫	潮出版社	1997-06	month	3	5	0.6	3	1-3	0.2	observed	0.5	5	1987	1991	1	3/3	33	0	0	2	1	175	3	0	0.26	7.6	2種/3件/散2ヶ月 (楽天も実質同日=一挙刊行の可能性)	2	2	0	1	1:1997年04月 2:1997年06月 3:1997年06月	ISBN連番(弱い証拠=採番ブロック予約でも連番になる) / 再版種別 / 楽天も実質同日
LOW	SMALL_BATCH	yoshikawa-age-ban-manga-miyamoto-musashi	吉川英治版マンガ宮本武蔵	0	bunkobon	講談社+α文庫	講談社	2002-03	month	3	5	0.6	3	1-3	0.2	observed	0.5	1	2002	2002	1	3/3	2	0	0	0	0	0	3	0				0	0	0	0		ISBN連番(弱い証拠=採番ブロック予約でも連番になる) / 再版種別
LOW	SMALL_BATCH	youkoso-hohoemiryou-e	ようこそ!微笑寮へ	1	deluxe	KCデラックス	講談社	2015-08-06	day	3	5	0.6	3	1-3	0.2	observed	0.5	3	1994	1996	4	3/3	76	15	0	8	0	10	3	0	13.67	0.1	1種/3件/散0ヶ月 (楽天も実質同日=一挙刊行の可能性)	1	0	0	1	1:2015年08月06日頃 2:2015年08月06日頃 3:2015年08月06日頃	ISBN連番(弱い証拠=採番ブロック予約でも連番になる) / 再版種別 / 楽天も実質同日
LOW	SMALL_BATCH	yuukan-club-dx	有閑倶楽部DX	0	standard		集英社	2007-10	month	3	9	0.33	3	1-3	0.2	observed	0.5	1	2007	2007	1	3/3	41	0	0	9	0	251	3	0	0.38	5.3	1種/3件/散0ヶ月 (楽天も実質同日=一挙刊行の可能性)	1	0	0	1	1:2007年10月 2:2007年10月 3:2007年10月	ISBN連番(弱い証拠=採番ブロック予約でも連番になる) / 楽天も実質同日
LOW	SMALL_BATCH	yuukan-club-dx	有閑倶楽部DX	0	standard		集英社	2007-11	month	3	9	0.33	3	4-6	0.2	observed	0.5	1	2007	2007	1	3/3	44	0	0	9	0	251	3	0	0.38	5.3	1種/3件/散0ヶ月 (楽天も実質同日=一挙刊行の可能性)	1	0	0	1	4:2007年11月 5:2007年11月 6:2007年11月	ISBN連番(弱い証拠=採番ブロック予約でも連番になる) / 楽天も実質同日
LOW	SMALL_BATCH	yuukan-club-dx	有閑倶楽部DX	0	standard		集英社	2007-12	month	3	9	0.33	3	7-9	0.2	observed	0.5	1	2007	2007	1	3/3	44	0	0	9	0	251	3	0	0.38	5.3	1種/3件/散0ヶ月 (楽天も実質同日=一挙刊行の可能性)	1	0	0	1	7:2007年12月 8:2007年12月 9:2007年12月	ISBN連番(弱い証拠=採番ブロック予約でも連番になる) / 楽天も実質同日
LOW	SMALL_BATCH	zoku-tetsujin-28gou	続・鉄人28号	0	bunkobon	光文社文庫comic series	光文社	1997-10-10	day	3	13	0.23	3	5-7	0.2	observed	0.5	1	1997	1997	1	3/3	22	0	0	2	0	30	3	0	1.53	1.3	1種/3件/散0ヶ月 (楽天も実質同日=一挙刊行の可能性)	1	0	-1	1	5:1997年09月 6:1997年09月 7:1997年09月	ISBN連番(弱い証拠=採番ブロック予約でも連番になる) / 再版種別 / 楽天も実質同日
LOW	SMALL_BATCH	zoku-tetsujin-28gou	続・鉄人28号	0	bunkobon	光文社文庫comic series	光文社	1997-11-10	day	3	13	0.23	3	8-10	0.2	observed	0.5	1	1997	1997	1	3/3	22	0	0	2	0	30	3	0	1.53	1.3	1種/3件/散0ヶ月 (楽天も実質同日=一挙刊行の可能性)	1	0	0	1	8:1997年11月10日頃 9:1997年11月10日頃 10:1997年11月10日頃	ISBN連番(弱い証拠=採番ブロック予約でも連番になる) / 再版種別 / 楽天も実質同日
LOW	PUBLISHER_BATCH	0-sen-tarou	0戦太郎	0	standard	MANGA Shop Series	パンローリング	2006-05-03	day	3	6	0.5	3	1-3	0.2	observed	0.4	1	2006	2006	1	3/3	109	3	0	22	17	24	3	0	5.09	0.4	1種/3件/散0ヶ月 (楽天も実質同日=一挙刊行の可能性)	1	0	0	1	1:2006年05月 2:2006年05月 3:2006年05月	ISBN連番(弱い証拠=採番ブロック予約でも連番になる) / 楽天も実質同日 / 近傍の複数巻作品22件中17件が全巻同日=レーベル体質
LOW	PUBLISHER_BATCH	0-sen-tarou	0戦太郎	0	standard	MANGA Shop Series	パンローリング	2006-06-03	day	3	6	0.5	3	4-6	0.2	observed	0.4	1	2006	2006	1	3/3	110	1	0	23	18	24	3	0	5.14	0.4	1種/3件/散0ヶ月 (楽天も実質同日=一挙刊行の可能性)	1	0	0	1	4:2006年06月 5:2006年06月 6:2006年06月	ISBN連番(弱い証拠=採番ブロック予約でも連番になる) / 楽天も実質同日 / 近傍の複数巻作品23件中18件が全巻同日=レーベル体質
LOW	PUBLISHER_BATCH	5-noryuu	5五の龍	2	bunkobon	中公文庫コミック版	中央公論社	1995-11-18	day	3	6	0.5	3	1-3	0.2	observed	0.4	4	1978	1981	2	3/3	31	5	0	10	9	4	3	0	26.25	0.1	1種/3件/散0ヶ月 (楽天も実質同日=一挙刊行の可能性)	1	0	0	1	1:1995年11月 2:1995年11月 3:1995年11月	ISBN連番(弱い証拠=採番ブロック予約でも連番になる) / 再版種別 / 楽天も実質同日 / 近傍の複数巻作品10件中9件が全巻同日=レーベル体質
LOW	PUBLISHER_BATCH	5-noryuu	5五の龍	2	bunkobon	中公文庫コミック版	中央公論社	1995-12-18	day	3	6	0.5	3	4-6	0.2	observed	0.4	4	1978	1981	2	3/3	28	3	0	9	7	4	3	0	24.25	0.1	1種/3件/散0ヶ月 (楽天も実質同日=一挙刊行の可能性)	1	0	0	1	4:1995年12月18日頃 5:1995年12月18日頃 6:1995年12月18日頃	ISBN連番(弱い証拠=採番ブロック予約でも連番になる) / 再版種別 / 楽天も実質同日 / 近傍の複数巻作品9件中7件が全巻同日=レーベル体質
LOW	PUBLISHER_BATCH	candy-candy	キャンディ・キャンディ	1	bunkobon	中公文庫コミック版	中央公論社	1995-05-18	day	3	6	0.5	3	1-3	0.2	observed	0.4	5	1975	1979	1	3/3	32	4	0	8	6	4	3	0	26.5	0.1	1種/3件/散0ヶ月 (楽天も実質同日=一挙刊行の可能性)	1	0	0	1	1:1995年05月18日頃 2:1995年05月18日頃 3:1995年05月18日頃	ISBN連番(弱い証拠=採番ブロック予約でも連番になる) / 再版種別 / 楽天も実質同日 / 近傍の複数巻作品8件中6件が全巻同日=レーベル体質
LOW	PUBLISHER_BATCH	candy-candy	キャンディ・キャンディ	1	bunkobon	中公文庫コミック版	中央公論社	1995-06-18	day	3	6	0.5	3	4-6	0.2	observed	0.4	5	1975	1979	2	3/3	27	4	0	7	5	4	3	0	25.25	0.1	1種/3件/散0ヶ月 (楽天も実質同日=一挙刊行の可能性)	1	0	0	1	4:1995年06月18日頃 5:1995年06月18日頃 6:1995年06月18日頃	ISBN連番(弱い証拠=採番ブロック予約でも連番になる) / 再版種別 / 楽天も実質同日 / 近傍の複数巻作品7件中5件が全巻同日=レーベル体質
LOW	SMALL_BATCH	dragon-ball-jinzou-ningen-seruhen	ドラゴンボール 人造人間・セル編	0	standard	ジャンプ・コミックス	集英社	2014-04-09	day	3	6	0.5	3	1-3	0.2	observed	0.4	1	2014	2014	1	3/3	104	16	0	25	1	13	3	0	8.75	0.2	1種/3件/散0ヶ月 (楽天も実質同日=一挙刊行の可能性)	1	0	0	1	1:2014年04月 2:2014年04月 3:2014年04月	ISBN連番(弱い証拠=採番ブロック予約でも連番になる) / 楽天も実質同日
LOW	SMALL_BATCH	dragon-ball-jinzou-ningen-seruhen	ドラゴンボール 人造人間・セル編	0	standard	ジャンプ・コミックス	集英社	2014-05-07	day	3	6	0.5	3	4-6	0.2	observed	0.4	1	2014	2014	1	3/3	104	19	0	23	1	13	3	0	9.12	0.2	1種/3件/散0ヶ月 (楽天も実質同日=一挙刊行の可能性)	1	0	0	1	4:2014年05月 5:2014年05月 6:2014年05月	ISBN連番(弱い証拠=採番ブロック予約でも連番になる) / 楽天も実質同日
LOW	SMALL_BATCH	dragon-ball-majinbuu-hen	ドラゴンボール 魔人ブウ編	0	standard	ジャンプ・コミックス	集英社	2014-06	month	3	6	0.5	3	1-3	0.2	observed	0.4	1	2014	2014	1	3/3	103	18	0	22	1	13	3	0	9.38	0.2	1種/3件/散0ヶ月 (楽天も実質同日=一挙刊行の可能性)	1	0	0	1	1:2014年06月04日 2:2014年06月04日 3:2014年06月04日	ISBN連番(弱い証拠=採番ブロック予約でも連番になる) / 楽天も実質同日
LOW	SMALL_BATCH	dragon-ball-majinbuu-hen	ドラゴンボール 魔人ブウ編	0	standard	ジャンプ・コミックス	集英社	2014-07	month	3	6	0.5	3	4-6	0.2	observed	0.4	1	2014	2014	1	3/3	103	15	0	24	1	13	3	0	9.88	0.2	1種/3件/散0ヶ月 (楽天も実質同日=一挙刊行の可能性)	1	0	0	1	4:2014年07月04日頃 5:2014年07月04日頃 6:2014年07月04日頃	ISBN連番(弱い証拠=採番ブロック予約でも連番になる) / 楽天も実質同日
LOW	PUBLISHER_BATCH	fushigi-no-kuni-no-senichiya	不思議の国の千一夜	1	bunkobon	講談社漫画文庫	講談社	1998-04-10	day	3	6	0.5	3	1-3	0.2	observed	0.4	5	1981	1985	1	3/3	117	8	0	23	12	16	3	0	8.08	0.2	1種/3件/散0ヶ月 (楽天も実質同日=一挙刊行の可能性)	1	0	0	1	1:1998年04月10日頃 2:1998年04月10日頃 3:1998年04月10日頃	ISBN連番(弱い証拠=採番ブロック予約でも連番になる) / 再版種別 / 楽天も実質同日 / 近傍の複数巻作品23件中12件が全巻同日=レーベル体質
LOW	PUBLISHER_BATCH	fushigi-no-kuni-no-senichiya	不思議の国の千一夜	1	bunkobon	講談社漫画文庫	講談社	1998-05-12	day	3	6	0.5	3	4-6	0.2	observed	0.4	5	1981	1985	1	3/3	117	9	0	23	13	16	3	0	8.08	0.2	1種/3件/散0ヶ月 (楽天も実質同日=一挙刊行の可能性)	1	0	0	1	4:1998年05月12日頃 5:1998年05月12日頃 6:1998年05月12日頃	ISBN連番(弱い証拠=採番ブロック予約でも連番になる) / 再版種別 / 楽天も実質同日 / 近傍の複数巻作品23件中13件が全巻同日=レーベル体質
LOW	SMALL_BATCH	fushigina-shounen	不思議な少年	1	bunkobon	講談社漫画文庫	講談社	2017-10-12	day	3	6	0.5	3	1-3	0.2	observed	0.4	14	2001	2014	2	3/5	82	5	0	1	0	3	5	0	34.0	0.1	1種/3件/散0ヶ月 (楽天も実質同日=一挙刊行の可能性)	1	0	0	1	1:2017年10月12日頃 2:2017年10月12日頃 3:2017年10月12日頃	再版種別 / 楽天も実質同日
LOW	SMALL_BATCH	fushigina-shounen	不思議な少年	1	bunkobon	講談社漫画文庫	講談社	2017-11-10	day	3	6	0.5	3	4-6	0.2	observed	0.4	14	2001	2014	1	3/3	61	10	0	2	1	9	3	0	12.5	0.2	1種/3件/散0ヶ月 (楽天も実質同日=一挙刊行の可能性)	1	0	0	1	4:2017年11月10日頃 5:2017年11月10日頃 6:2017年11月10日頃	ISBN連番(弱い証拠=採番ブロック予約でも連番になる) / 再版種別 / 楽天も実質同日
LOW	PUBLISHER_BATCH	gekkou-kamen	月光仮面	4	kanzenban	マンガショップシリーズ	マンガショップ	2009-07	month	3	6	0.5	3	1-3	0.2	observed	0.4	2	1958	1959	1	3/3	84	2	0	21	19	27	3	0	5.52	0.4	1種/3件/散0ヶ月 (楽天も実質同日=一挙刊行の可能性)	1	0	0	1	1:2009年07月 2:2009年07月 3:2009年07月	ISBN連番(弱い証拠=採番ブロック予約でも連番になる) / 再版種別 / 楽天も実質同日 / 近傍の複数巻作品21件中19件が全巻同日=レーベル体質
LOW	PUBLISHER_BATCH	gekkou-kamen	月光仮面	4	kanzenban	マンガショップシリーズ	マンガショップ	2009-08	month	3	6	0.5	3	4-6	0.2	observed	0.4	2	1958	1959	1	3/3	83	3	0	22	20	27	3	0	5.75	0.3	1種/3件/散0ヶ月 (楽天も実質同日=一挙刊行の可能性)	1	0	0	1	4:2009年08月 5:2009年08月 6:2009年08月	ISBN連番(弱い証拠=採番ブロック予約でも連番になる) / 再版種別 / 楽天も実質同日 / 近傍の複数巻作品22件中20件が全巻同日=レーベル体質
LOW	SMALL_BATCH	idol-o-sagase	アイドルを探せ	1	bunkobon	講談社漫画文庫	講談社	1995-10-12	day	3	6	0.5	3	1-3	0.2	observed	0.4	5	1984	1988	1	3/3	117	10	0	14	2	10	3	0	10.4	0.2	1種/3件/散0ヶ月 (楽天も実質同日=一挙刊行の可能性)	1	0	0	1	1:1995年10月12日頃 2:1995年10月12日頃 3:1995年10月12日頃	ISBN連番(弱い証拠=採番ブロック予約でも連番になる) / 再版種別 / 楽天も実質同日
LOW	SMALL_BATCH	idol-o-sagase	アイドルを探せ	1	bunkobon	講談社漫画文庫	講談社	1995-11	month	3	6	0.5	3	4-6	0.2	observed	0.4	5	1984	1988	2	3/3	117	10	0	14	1	10	3	0	10.7	0.2	1種/3件/散0ヶ月 (楽天も実質同日=一挙刊行の可能性)	1	0	0	1	4:1995年11月 5:1995年11月 6:1995年11月	ISBN連番(弱い証拠=採番ブロック予約でも連番になる) / 再版種別 / 楽天も実質同日
LOW	SMALL_BATCH	ikemen-sengoku-bushou	イケメン戦国武将	0	standard	SESAME BOOKS	ゴマブックス	2009-07	month	3	6	0.5	3	1-3	0.2	observed	0.4	1	2009	2009	1	3/3	1	0	0	0	0	0	3	0				0	0	0	0		ISBN連番(弱い証拠=採番ブロック予約でも連番になる)
LOW	SMALL_BATCH	ikemen-sengoku-bushou	イケメン戦国武将	0	standard	SESAME BOOKS	ゴマブックス	2009-08	month	3	6	0.5	3	4-6	0.2	observed	0.4	1	2009	2009	1	3/50	0	0	0	0	0	0	50	0				0	0	0	0		
LOW	SMALL_BATCH	kikkai-kun	キッカイくん	0	standard	サンコミックス	朝日ソノラマ	1973-10-03	day	3	6	0.5	2	1-6(飛)	0.2	observed	0.4	1	1973	1973	1		0	0	0	0	0	0	0	0				0	0	0	0		
LOW	SMALL_BATCH	kyojin-no-hoshi	巨人の星	4	bunkobon	講談社漫画文庫	講談社	1995-08-10	day	3	11	0.27	3	9-11	0.2	observed	0.4	4	1968	1971	1	3/3	112	13	0	17	3	10	3	0	12.25	0.2	1種/3件/散0ヶ月 (楽天も実質同日=一挙刊行の可能性)	1	0	0	1	9:1995年08月02日頃 10:1995年08月02日頃 11:1995年08月02日頃	ISBN連番(弱い証拠=採番ブロック予約でも連番になる) / 再版種別 / 楽天も実質同日
LOW	SMALL_BATCH	kyojin-no-hoshi	巨人の星	4	bunkobon	講談社漫画文庫	講談社	1995-07-12	day	3	11	0.27	3	6-8	0.2	observed	0.4	4	1968	1971	1	3/3	112	14	0	19	6	10	3	0	14.62	0.1	1種/3件/散0ヶ月 (楽天も実質同日=一挙刊行の可能性)	1	0	0	1	6:1995年07月04日頃 7:1995年07月04日頃 8:1995年07月04日頃	ISBN連番(弱い証拠=採番ブロック予約でも連番になる) / 再版種別 / 楽天も実質同日
LOW	SMALL_BATCH	nanairo-magic	なな色マジック	2	deluxe	KCデラックス	講談社	2015-09-05	day	3	6	0.5	3	1-3	0.2	observed	0.4	2	1987	1988	3	3/3	78	20	0	9	0	10	3	0	13.5	0.1	1種/3件/散0ヶ月 (楽天も実質同日=一挙刊行の可能性)	1	0	0	1	1:2015年09月05日頃 2:2015年09月05日頃 3:2015年09月05日頃	ISBN連番(弱い証拠=採番ブロック予約でも連番になる) / 再版種別 / 楽天も実質同日
LOW	SMALL_BATCH	nanairo-magic	なな色マジック	2	deluxe	KCデラックス	講談社	2015-10-06	day	3	6	0.5	3	4-6	0.2	observed	0.4	2	1987	1988	3	3/3	80	14	0	8	0	16	3	0	14.0	0.1	1種/3件/散0ヶ月 (楽天も実質同日=一挙刊行の可能性)	1	0	0	1	4:2015年10月06日頃 5:2015年10月06日頃 6:2015年10月06日頃	ISBN連番(弱い証拠=採番ブロック予約でも連番になる) / 再版種別 / 楽天も実質同日
LOW	SMALL_BATCH	sai	菜	1	kanzenban		玄光社	2025-07	month	3	6	0.5	3	1-3	0.2	observed	0.4	6	1993	1998	1	3/3	0	0	0	0	0	0	3	0			1種/3件/散0ヶ月 (楽天も実質同日=一挙刊行の可能性)	1	0	-1	1	1:2025年06月23日頃 2:2025年06月23日頃 3:2025年06月23日頃	ISBN連番(弱い証拠=採番ブロック予約でも連番になる) / 再版種別 / 楽天も実質同日
LOW	SMALL_BATCH	sai	菜	1	kanzenban		玄光社	2025-08	month	3	6	0.5	3	4-6	0.2	observed	0.4	6	1993	1998	1	3/3	3	0	0	0	0	0	3	0			1種/3件/散0ヶ月 (楽天も実質同日=一挙刊行の可能性)	1	0	0	1	4:2025年08月16日頃 5:2025年08月16日頃 6:2025年08月16日頃	ISBN連番(弱い証拠=採番ブロック予約でも連番になる) / 再版種別 / 楽天も実質同日
LOW	SMALL_BATCH	shiki-sentaro-1979	史記	1	bunkobon	講談社漫画文庫	講談社	1995-09	month	3	10	0.3	3	1-3	0.2	observed	0.4	2	1983	1984	2	3/3	113	11	0	15	2	10	3	0	12.22	0.2	1種/3件/散0ヶ月 (楽天も実質同日=一挙刊行の可能性)	1	0	0	1	1:1995年09月 2:1995年09月 3:1995年09月	ISBN連番(弱い証拠=採番ブロック予約でも連番になる) / 再版種別 / 楽天も実質同日
LOW	SMALL_BATCH	shiki-sentaro-1979	史記	1	bunkobon	講談社漫画文庫	講談社	1995-10	month	3	10	0.3	3	4-6	0.2	observed	0.4	2	1983	1984	2	3/3	113	10	0	15	2	10	3	0	10.8	0.2	1種/3件/散0ヶ月 (楽天も実質同日=一挙刊行の可能性)	1	0	0	1	4:1995年10月 5:1995年10月 6:1995年10月	ISBN連番(弱い証拠=採番ブロック予約でも連番になる) / 再版種別 / 楽天も実質同日
LOW	SMALL_BATCH	shin-kyojin-no-hoshi	新巨人の星	2	bunkobon	講談社漫画文庫	講談社	1995-12-12	day	3	6	0.5	2	1-3	0.2	observed	0.4	4	1977	1980	2	3/3	117	9	0	14	0	11	3	0	11.0	0.2	1種/3件/散0ヶ月 (楽天も実質同日=一挙刊行の可能性)	1	0	0	1	1:1995年12月05日頃 2:1995年12月05日頃 3:1995年12月05日頃	ISBN連番(弱い証拠=採番ブロック予約でも連番になる) / 再版種別 / 楽天も実質同日
LOW	PUBLISHER_BATCH	sign-wa-ui	サインはV!	3	bunkobon	中公文庫コミック版	中央公論社	1995-07	month	3	6	0.5	3	1-3	0.2	observed	0.4	3	1969	1971	1	3/3	29	6	0	7	5	4	3	0	26.75	0.1	1種/3件/散0ヶ月 (楽天も実質同日=一挙刊行の可能性)	1	0	0	1	1:1995年07月 2:1995年07月 3:1995年07月	ISBN連番(弱い証拠=採番ブロック予約でも連番になる) / 再版種別 / 楽天も実質同日 / 近傍の複数巻作品7件中5件が全巻同日=レーベル体質
LOW	PUBLISHER_BATCH	sign-wa-ui	サインはV!	3	bunkobon	中公文庫コミック版	中央公論社	1995-08-18	day	3	6	0.5	3	4-6	0.2	observed	0.4	3	1969	1971	1	3/3	29	0	0	9	8	4	3	0	27.5	0.1	1種/3件/散0ヶ月 (楽天も実質同日=一挙刊行の可能性)	1	0	0	1	4:1995年08月18日頃 5:1995年08月18日頃 6:1995年08月18日頃	ISBN連番(弱い証拠=採番ブロック予約でも連番になる) / 再版種別 / 楽天も実質同日 / 近傍の複数巻作品9件中8件が全巻同日=レーベル体質
LOW	SMALL_BATCH	suikoden	水滸伝	2	bunkobon	文庫版(1978)	潮出版社	1977-11-15	day	3	10	0.3	3	1-3	0.2	observed	0.4	8	1969	1976	1		0	0	0	0	0	0	0	0				0	0	0	0		再版種別
LOW	SMALL_BATCH	suikoden	水滸伝	2	bunkobon	文庫版(1978)	潮出版社	1977-12-20	day	3	10	0.3	3	4-6	0.2	observed	0.4	8	1969	1976	1		0	0	0	0	0	0	0	0				0	0	0	0		再版種別
LOW	PUBLISHER_BATCH	umi-no-aurora	海のオーロラ	1	bunkobon	中公文庫コミック版	中央公論社	1995-11-18	day	3	6	0.5	3	1-3	0.2	observed	0.4	3	1978	1980	2	3/3	31	5	0	10	9	4	3	0	26.25	0.1	1種/3件/散0ヶ月 (楽天も実質同日=一挙刊行の可能性)	1	0	0	1	1:1995年11月 2:1995年11月 3:1995年11月	ISBN連番(弱い証拠=採番ブロック予約でも連番になる) / 再版種別 / 楽天も実質同日 / 近傍の複数巻作品10件中9件が全巻同日=レーベル体質
LOW	PUBLISHER_BATCH	umi-no-aurora	海のオーロラ	1	bunkobon	中公文庫コミック版	中央公論社	1995-12-18	day	3	6	0.5	3	4-6	0.2	observed	0.4	3	1978	1980	2	3/3	28	3	0	9	7	4	3	0	24.25	0.1	2種/3件/散0ヶ月 (楽天も実質同日=一挙刊行の可能性)	2	0	0	1	4:1995年12月18日頃 5:1995年12月 6:1995年12月18日頃	ISBN連番(弱い証拠=採番ブロック予約でも連番になる) / 再版種別 / 楽天も実質同日 / 近傍の複数巻作品9件中7件が全巻同日=レーベル体質
LOW	SMALL_BATCH	ushironohyakutarou	うしろの百太郎	1	bunkobon	講談社漫画文庫	講談社	1996-06-12	day	3	6	0.5	3	1-3	0.2	observed	0.4	20	1983	2002	2	3/3	117	9	0	19	7	15	3	0	9.25	0.2	1種/3件/散0ヶ月 (楽天も実質同日=一挙刊行の可能性)	1	0	0	1	1:1996年06月12日頃 2:1996年06月12日頃 3:1996年06月12日頃	ISBN連番(弱い証拠=採番ブロック予約でも連番になる) / 再版種別 / 楽天も実質同日
LOW	SMALL_BATCH	ushironohyakutarou	うしろの百太郎	1	bunkobon	講談社漫画文庫	講談社	1996-07-12	day	3	6	0.5	3	4-6	0.2	observed	0.4	20	1983	2002	1	3/3	117	11	0	18	6	14	3	0	7.54	0.3	1種/3件/散0ヶ月 (楽天も実質同日=一挙刊行の可能性)	1	0	0	1	4:1996年07月15日頃 5:1996年07月15日頃 6:1996年07月15日頃	ISBN連番(弱い証拠=採番ブロック予約でも連番になる) / 再版種別 / 楽天も実質同日
LOW	PUBLISHER_BATCH	warera-kunin-no-koshien	我ら九人の甲子園	2	bunkobon	竹書房文庫	竹書房	1996-06	month	3	10	0.3	3	2-4	0.2	observed	0.4	4	1980	1983	2	3/3	36	7	0	6	3	8	3	0	6.62	0.3	1種/3件/散0ヶ月 (楽天も実質同日=一挙刊行の可能性)	1	0	-1	1	2:1996年05月24日頃 3:1996年05月24日頃 4:1996年05月24日頃	ISBN連番(弱い証拠=採番ブロック予約でも連番になる) / 再版種別 / 楽天も実質同日 / 近傍の複数巻作品6件中3件が全巻同日=レーベル体質
LOW	SMALL_BATCH	warera-kunin-no-koshien	我ら九人の甲子園	2	bunkobon	竹書房文庫	竹書房	1996-07	month	3	10	0.3	3	5-7	0.2	observed	0.4	4	1980	1983	2	3/3	26	11	0	5	2	7	3	0	4.86	0.4	1種/3件/散0ヶ月 (楽天も実質同日=一挙刊行の可能性)	1	0	-1	1	5:1996年06月24日頃 6:1996年06月24日頃 7:1996年06月24日頃	ISBN連番(弱い証拠=採番ブロック予約でも連番になる) / 再版種別 / 楽天も実質同日
LOW	SMALL_BATCH	warera-kunin-no-koshien	我ら九人の甲子園	2	bunkobon	竹書房文庫	竹書房	1996-08	month	3	10	0.3	3	8-10	0.2	observed	0.4	4	1980	1983	1	3/3	23	2	0	4	1	6	3	0	2.0	1.0	1種/3件/散0ヶ月 (楽天も実質同日=一挙刊行の可能性)	1	0	-1	1	8:1996年07月24日頃 9:1996年07月24日頃 10:1996年07月24日頃	ISBN連番(弱い証拠=採番ブロック予約でも連番になる) / 再版種別 / 楽天も実質同日
LOW	PUBLISHER_BATCH	dameoyaji	ダメおやじ	3	bunkobon	双葉文庫	双葉社	1998-06	month	3	7	0.43	2	1-3	0.2	observed	0.3	5	1972	1976	1	3/3	91	1	0	23	21	33	3	0	3.52	0.6	1種/3件/散0ヶ月 (楽天も実質同日=一挙刊行の可能性)	1	0	0	1	1:1998年06月 2:1998年06月 3:1998年06月	ISBN連番(弱い証拠=採番ブロック予約でも連番になる) / 再版種別 / 楽天も実質同日 / 近傍の複数巻作品23件中21件が全巻同日=レーベル体質
LOW	SMALL_BATCH	hidamari-no-ki	陽だまりの樹	1	bunkobon	小学館文庫	小学館	1995-07	month	3	8	0.38	5	6-8	0.1	observed	0.3	13	1983	1995	1	3/3	76	3	0	11	5	106	3	0	0.73	2.8	1種/3件/散0ヶ月 (楽天も実質同日=一挙刊行の可能性)	1	0	-1	1	6:1995年06月17日頃 7:1995年06月17日頃 8:1995年06月17日頃	ISBN連番(弱い証拠=採番ブロック予約でも連番になる) / 再版種別 / 楽天も実質同日
LOW	PUBLISHER_BATCH	saint-adams	セイントアダムズ	1	bunkobon	講談社漫画文庫	講談社	1998-05	month	3	7	0.43	4	5-7	0.2	observed	0.3	4	1989	1992	1	3/3	110	9	0	20	10	14	3	0	8.67	0.2	1種/3件/散0ヶ月 (楽天も実質同日=一挙刊行の可能性)	1	0	0	1	5:1998年05月 6:1998年05月 7:1998年05月	ISBN連番(弱い証拠=採番ブロック予約でも連番になる) / 再版種別 / 楽天も実質同日 / 近傍の複数巻作品20件中10件が全巻同日=レーベル体質
LOW	SMALL_BATCH	tetsuwan-atom	鉄腕アトム	8	bunkobon	光文社文庫コミックシリーズ	光文社	1995-10	month	3	15	0.2	3	2-5(飛)	0.1	observed	0.3	45	1956	2000	1	3/4	20	0	0	2	0	7	4	0	2.71	1.1	2種/3件/散1ヶ月 (楽天も実質同日=一挙刊行の可能性)	2	1	-1	0	2:1995年10月 4:1995年09月 5:1995年09月	ISBN連番(弱い証拠=採番ブロック予約でも連番になる) / 再版種別 / 楽天も実質同日
LOW	SMALL_BATCH	tetsuwan-atom	鉄腕アトム	8	bunkobon	光文社文庫コミックシリーズ	光文社	1995-11-15	day	3	15	0.2	3	7-9	0.1	observed	0.3	45	1956	2000	1	3/3	20	0	0	2	0	7	3	0	2.71	0.7	1種/3件/散0ヶ月 (楽天も実質同日=一挙刊行の可能性)	1	0	-1	1	7:1995年10月 8:1995年10月 9:1995年10月	ISBN連番(弱い証拠=採番ブロック予約でも連番になる) / 再版種別 / 楽天も実質同日
LOW	SMALL_BATCH	toyotomi-hideyoshi-ihon-taikouki	豊臣秀吉 異本太閤記	1	bunkobon	講談社漫画文庫	講談社	1995-07	month	3	7	0.43	2	1-4(飛)	0.2	observed	0.3	2	1989	1990	2	3/4	111	13	0	15	3	10	4	0	10.33	0.3	1種/3件/散0ヶ月 (楽天も実質同日=一挙刊行の可能性)	1	0	0	1	1:1995年07月 2:1995年07月 4:1995年07月	ISBN連番(弱い証拠=採番ブロック予約でも連番になる) / 再版種別 / 楽天も実質同日
LOW	SMALL_BATCH	jinnairyuu-juujutsu-butouden-majima-kun-suttobasu	陣内流柔術武闘伝 真島クンすっとばす!!	2	bunkobon	宙コミック文庫	宙出版	2007-01	month	3	9	0.33	6	7-9	0.1	observed	0.2	4	1995	1998	1	3/3	64	2	0	14	2	27	3	0	8.38	0.2	1種/3件/散0ヶ月 (楽天も実質同日=一挙刊行の可能性)	1	0	0	1	7:2007年01月 8:2007年01月 9:2007年01月	ISBN連番(弱い証拠=採番ブロック予約でも連番になる) / 再版種別 / 楽天も実質同日
