消えた巻数	slug	title	type	表示label	表示imprint	表示巻数	畳まれた種2版[出版社]	canonical	消えたISBN
59	shaman-king	シャーマンキング	standard	通常版	ジャンプ・コミックス	35	ジャンプ・コミックス[集英社] / マガジンエッジコミックス[講談社]		9784065197943;9784065197950;9784065197936;9784065197899;9784065197905;9784065197912
23	fuuunjitachi	風雲児たち	standard	通常版	希望コミックス	34	SPコミックス[リイド社] / 希望コミックス[潮出版社]		9784267902635;9784267903618;9784267900860;9784267903946;9784845801800;9784845801794
22	hyakki-yagyou-show	百鬼夜行抄	bunkobon	文庫版	ソノラマコミック文庫	21	ソノラマコミック文庫[朝日ソノラマ,朝日新聞出版,朝日新聞社] / 朝日コミック文庫[朝日新聞出版]		9784022690494;9784022690449;9784022690470;9784022690487;9784022690500;9784022690456
20	doragonkuesuto-4-koma-manga-gekijou	ドラゴンクエスト4コママンガ劇場	standard	通常版	4コママンガシリーズ	22	4コママンガシリーズ[エニックス] / 4コママンガシリーズ[エニックス] / None[エニックス] / ドラクエ4コママンガシリーズ[エニックス,エニックス出版局] / ドラクエ4コママンガ劇場シリーズ[エニックス] / ドラゴンクエストブックシリーズ[エニックス]		9784870256859;9784870253087;9784870259850;9784870259713;9784757501881;9784757500839
20	ginga-sengoku-gunyuuden-rai	銀河戦国群雄伝ライ	standard	通常版	Comp comics DX	27	DENGEKI COMICS[メディアワークス,主婦の友社] / Dengeki Comics EX[主婦の友社,角川書店]		9784073013976;9784073011446;9784073017240;9784073017189;9784073014058;9784073012276
20	mahoutsukai-no-yome	魔法使いの嫁	standard	通常版	Blade comics	25	Blade comics[マッグガーデン] / Blade comics[マッグガーデン] / ブシロードコミックス[KADOKAWA]		9784048996167;9784048995931;9784048996112;9784048995900;9784048995979;9784048996211
19	gegege-no-kitarou	ゲゲゲの鬼太郎	standard	通常版	講談社コミックス	17	Chukoコミックlite[中央公論新社] / SHONEN MAGAZINE COMICS[講談社] / 少年マガジンコミックス[講談社] / 講談社コミックス[講談社]		9784065120781;9784065120804;9784065120835;9784061730748;9784124105193;9784124105131
19	hoshirenge	星恋華	standard	通常版	ミッシィコミックス	12	Missy comics[宙出版] / ミッシィコミックス[主婦と生活社,宙出版]		9784391914634;9784391914535;9784391914528;9784872874440;9784872874280;9784872874082
16	haru-o-daiteita	春を抱いていた	standard	通常版	Super be-boy comics	14	Super be-boy comics[ビブロス,リブレ出版] / Super be×boy comics[リブレ,リブレ出版]		9784882719984;9784835218632;9784835217475;9784835216515;9784835214948;9784835214191
16	jotei	女帝	standard	通常版	Gコミックス	24	Gコミックス[日本文芸社] / HOUBUNSHA COMICS[芳文社] / Nichibun comics[日本文芸社] / None[芳文社]		9784832227873;9784832227835;9784832227811;9784832227798;9784832227767;9784537109078
16	shizukanaru-don	静かなるドン	bunkobon	文庫版	実業之日本社漫画文庫	54	実業之日本社漫画文庫[実業之日本社] / 小学館文庫[小学館]		9784091963024;9784091963017;9784091963031;9784091963048;9784091963055;9784091963062
15	citrus	Citrus +	standard	通常版	IDコミックス	10	IDコミックス[一迅社,講談社] / IDコミックス[一迅社] / IDコミックス[講談社]		9784758079761;9784758079952;9784758021043;9784758021050;9784758022187;9784758022194
15	hyakki-yagyou-show	百鬼夜行抄	standard	通常版	眠れぬ夜の奇妙な話コミックス	32	Nemuki+コミックス[朝日新聞出版] / ソノラマコミックス[朝日新聞出版] / 眠れぬ夜の奇妙な話コミックス[朝日ソノラマ,朝日新聞出版,朝日新聞社]		9784257905721;9784257905554;9784257905349;9784257905080;9784257904908;9784257904632
15	nono-chan	ののちゃん	standard	通常版		15	Ghibli comics special[徳間書店,徳間書店スタジオジブリ事業本部] / None[ビレッジプレス,東京創元社]		9784197500161;9784197500178;9784197500147;9784197500031;9784197500024;9784197500062
15	warau-salesman	笑ゥせぇるすまん	standard	通常版	コミック・スーリ	23	コミック・スーリ[中央公論新社] / 中公コミック・スーリ アニメ版[中央公論社] / 中公コミック・スーリ[中央公論社]		9784124104592;9784124104042;9784124103779;9784124103403;9784124106244;9784124106237
14	chiisana-koi-no-monogatari	小さな恋のものがたり	standard	通常版	通常版	46	None[Gakken,学研プラス,学研マーケティング,学] / 叙情まんが[立風書房]	canonical有	9784054070844;9784054070837;9784054069473;9784054069459;9784055006392;9784055006385
14	otoyomegatari	乙嫁語り	standard	通常版	BEAM COMIX	15	BEAM COMIX[KADOKAWA,角川グループパブリッシング] / HARTA COMIX[KADOKAWA] / None[KADOKAWA] / 青騎士コミックス[KADOKAWA]		9784047365827;9784047365841;9784047365834;9784047365858;9784047365865;9784047365872
14	uryuudou-yumebanashi	雨柳堂夢咄	bunkobon	文庫版	ソノラマコミック文庫	13	ソノラマコミック文庫[朝日ソノラマ,朝日新聞出版,朝日新聞社] / 朝日コミック文庫[朝日新聞出版]		9784257721659;9784257721741;9784257721826;9784257721901;9784257723356;9784257723233
13	five	ファイブ	standard	通常版	マーガレットコミックス	15	ACTION COMICS[双葉社] / マーガレットコミックス[集英社]		9784088465074;9784088464466;9784088464084;9784088463582;9784088462981;9784088462677
12	hokuto-no-ken-kyuukyokuban	北斗の拳 究極版	standard	通常版	ゼノンコミックスDX	18	ゼノンコミックスDX[コアミックス,徳間書店] / ゼノンコミックスDX[徳間書店]		9784867205402;9784867205419;9784867205433;9784867205426;9784867205440;9784867205457
12	uchuu-kazoku-carlvinson	宇宙家族カールビンソン	standard	通常版	少年キャプテンコミックス	13	アフタヌーンKC[講談社] / 少年キャプテンコミックス[徳間書店]		9784198386009;9784198390709;9784198300807;9784198310301;9784198320805;9784198365400
12	uryuudou-yumebanashi	雨柳堂夢咄	standard	通常版	眠れぬ夜の奇妙な話コミックス	18	Nemuki+コミックス[朝日新聞出版] / 眠れぬ夜の奇妙な話コミックス[朝日ソノラマ,朝日新聞出版,朝日新聞社]		9784257901808;9784257902201;9784257902737;9784257902911;9784257903307;9784257903529
11	attack	アタック!!	standard	通常版	Bunch comics	11	ACTION COMICS[双葉社] / Bunch comics[新潮社]		9784575997620;9784107714527;9784107714664;9784107714275;9784107714091;9784107713933
11	e-s	E'S	standard	通常版	Gファンタジーコミックス	16	GFC super[エニックス,スクウェア・エニックス] / GFC[エニックス] / Gファンタジーコミックス[エニックス,スクウェア・エニックス] / Gファンタジーコミックススーパー[スクウェア・エニックス]		9784757509207;9784757518063;9784757509221;9784757509214;9784757509191;9784757509184
11	hokuto-no-ken	北斗の拳	standard	通常版	ジャンプコミックス	30	Bunch world[新潮社] / ジャンプコミックス[集英社]		9784107700124;9784107700483;9784107700926;9784107700049;9784107700285;9784107700001
11	kagemusha-tokugawa-ieyasu	影武者徳川家康	standard	通常版	ジャンプ・コミックス	7	Bunch world[新潮社] / Tokuma comics[徳間書店] / ジャンプ・コミックス[集英社]		9784197804696;9784197804702;9784197804689;9784197804108;9784197804153;9784197804078
11	yuru-yuri	ゆるゆり	standard	通常版	Yuri-hime comics	25	IDコミックス. Yurihime comics[講談社] / IDコミックス. コミック百合姫[講談社] / IDコミックス[一迅社,講談社] / Yuri-hime comics[一迅社]		9784758029834;9784758074797;9784758074735;9784758074759;9784758074742;9784758074377
10	haigakura	ハイガクラ	standard	通常版	IDコミックス	16	IDコミックス[一迅社,講談社] / IDコミックス[講談社]		9784758084741;9784758084987;9784758084970;9784758085106;9784758085113;9784758085328
10	hitsuji-no-uta	羊のうた	standard	通常版	スコラSC	7	None[ソニー・マガジンズ,幻冬舎] / バーズコミックス[ソニー・マガジンズ,幻冬舎]		9784344803879;9784344803862;9784789715416;9784344802261;9784344802278;9784789783231
10	karin-no-mound	花鈴のマウンド	standard	通常版		19	None[大垣書店,大垣書店 (発売)] / None[大垣書店]		9784903954257;9784903954264;9784903954240;9784903954370;9784903954301;9784903954318
10	tokumei-kakarichou-tadano-hitoshi-final	特命係長只野仁ファイナル	standard	通常版	Bunkasha comics	4	Bunkasha comics[ぶんか社] / RK comics[楽楽出版]		9784821137541;9784821136940;9784821136032;9784821177424;9784821177882;9784821178544
9	aoharu-tetsudou	青春鉄道	standard	通常版	MFコミックス	4	MFコミックス[KADOKAWA,メディアファクトリー] / MFコミックス[KADOKAWA]		9784040652641;9784040640969;9784040649566;9784046807878;9784046817785;9784046821287
9	buddha	ブッダ	standard	通常版	希望コミックス	14	KIBO COMICS : カジュアルワイドSPECIAL[潮出版社] / Kibo comics[潮出版社] / None[復刊ドットコム,潮出版社]		9784835450155;9784835450162;9784267906381;9784267904226;9784267904219;9784267904264
9	cyborg-009	サイボーグ009	aizoban	豪華版(1989-92)	豪華版(1989-92)	23	None[復刊ドットコム,秋田書店,角川書店] / 豪華版[秋田書店]	canonical有	9784835459196;9784835459219;9784835459226;9784835459172;9784835459189;9784048537582
9	mangamichi	まんが道	standard	通常版	ヒットコミックス	23	GAMANGA BOOKS[小学館] / 中公コミックス[中央公論社]		9784778032210;9784778032227;9784778032234;9784778032241;9784778032258;9784778032265
8	hadashi-no-gen	はだしのゲン	standard	通常版		10	Chukoコミックlite special[中央公論新社] / None[汐文社] / None[金の星社]		9784811300405;9784811300313;9784811300412;9784323064314;9784323064321;9784323064338
8	masamune-kun-no-revenge	政宗くんのリベンジ	standard	通常版	IDコミックス	13	IDコミックス[一迅社,講談社] / IDコミックス[講談社] / IDコミックス[講談社]		9784758084130;9784758084123;9784758084178;9784758084185;9784758084321;9784758084338
8	tetsuwan-atom	鉄腕アトム	shinsoban	講談社コミックス(1993)	講談社コミックス	9	None[コミックス,小学館,復刊ドットコム,講談社] / 講談社コミックス[講談社]	canonical有	9784063133707;9784063133684;9784063133677;9784063133646;9784063133608;9784063133585
7	battery	バッテリー	standard	通常版	あすかコミックス	10	Kadokawa Comics[KADOKAWA] / あすかコミックス[角川グループパブリッシング,角川書店]		9784041040751;9784041040737;9784041040744;9784041040768;9784041040775;9784041040782
7	boukenshitemo-ii-koro	冒険してもいい頃	standard	通常版	バーガーSCspecial	11	SC special[スコラ] / バーガーSCspecial[スコラ] / ビッグコミックス[小学館] / ビッグスピリッツコミックス[小学館]		9784091813961;9784091813954;9784091813947;9784091813923;9784091813916;9784091813978
7	jangurutaitei	ジャングル大帝	standard	通常版	手塚治虫初期漫画館	4	None[小学館] / 手塚治虫アニメ名作集[講談社] / 手塚治虫アニメ名作集[講談社] / 手塚治虫漫画全集[復刊ドットコム,講談社]		9784778031329;9784778031367;9784778031350;9784091702319;9784835453446;9784835453453
7	mamonogatari	魔物語	standard	通常版	スーパービジュアル・コミックス	17	スーパービジュアル・コミックス[ビズコミュニケーションズジャパン] / ビッグコミックス[小学館]		9784091600240;9784091600226;9784091600233;9784091600257;9784091600264;9784091600271
7	shakariki	シャカリキ!	standard	通常版	ビッグコミックスワイド	18	SHONEN CHAMPION COMICS[秋田書店] / ビッグコミックスワイド[小学館] / 少年チャンピオン・コミックス[秋田書店]		9784253043014;9784253043038;9784253043045;9784253043052;9784253043076;9784253043021
7	shamo	軍鶏	standard	通常版	イブニングKCDX	34	ACTION COMICS[双葉社] / イブニングKCDX[講談社] / イブニングKCDX[講談社] / イブニングKC[講談社] / イブニングKC[講談社]		9784575824926;9784575824889;9784575824520;9784575824322;9784575824162;9784575823943
6	akera-to-magozou	明楽と孫蔵	standard	通常版	アクションコミックス	10	King series[小池書院] / アクションコミックス[双葉社]		9784862258991;9784862259004;9784862259028;9784862259035;9784862259042;9784862259059
6	eikyuu-shimei-onegai-shimasu	永久指名おねがいします!	standard	通常版	スフレコミックス	16	soufflé comics[Jパブリッシング] / スフレコミックス[Jパブリッシング,ジュリアンパブリッシング]		9784864572026;9784864572057;9784864572194;9784864572477;9784864572866;9784864573269
6	fuuma-no-kojirou	風魔の小次郎	standard	通常版	ジャンプ・コミックス	10	ジャンプコミックスセレクション[集英社] / ジャンプ・コミックス[集英社] / ジャンプ・コミックス[集英社] / チャンピオンREDコミックス[秋田書店]		9784253231336;9784253231329;9784834212945;9784834212938;9784834212969;9784834212952
6	gunslinger-girl	GUNSLINGER GIRL	standard	通常版	DENGEKI COMICS	15	DENGEKI COMICS[アスキーメディアワークス,角川グループパブリッシ] / 電撃コミックス[KADOKAWA,角川グループパブリッシング]		9784840241083;9784048673877;9784840224215;9784840226226;9784840228190;9784840230728
6	reikan-koumuten-ripea	霊感工務店リペア	standard	通常版	office YOU COMICS	12	[office YOU COMICS][集英社] / office YOU COMICS[集英社,集英社 (発売)]		9784420154932;9784420153805;9784420154031;9784420154321;9784420154550;9784420154758
6	yajikita-in-deep	弥次喜多 in DEEP	standard	通常版	アスペクトコミックス	8	BEAM COMIX[アスペクト,エンターブレイン] / BEAM COMIX[エンターブレイン] / ビームコミックス[エンターブレイン]		9784757722453;9784757722446;9784757722170;9784757722163;9784757207424;9784757203389
5	border-kyoukaisen	Border境界線	standard	通常版	Hug comics	7	Hug comics[廣済堂あかつき,飛鳥新社] / Hug comics[廣済堂出版]		9784331900987;9784331900475;9784331900093;9784870318465;9784331900512
5	butta-to-shittaka-butta	ブッタとシッタカブッタ	standard	通常版	You can do it!	3	None[KADOKAWA,メディアファクトリー] / You can do it![メディアファクトリー]		9784046830944;9784046830968;9784840107730;9784840107723;9784840107716
5	dekichatta-otoko	できちゃった男子	standard	通常版	Super be×boy comics	2	Super be×boy comics[リブレ,リブレ出版] / Super be×boy comics[リブレ,リブレ出版]		9784862637055;9784862636492;9784862639936;9784799728635;9784799726037
5	dokuhime	毒姫	standard	通常版	眠れぬ夜の奇妙な話コミックス	5	Nemuki+コミックス[朝日新聞出版] / 眠れぬ夜の奇妙な話コミックス[朝日ソノラマ,朝日新聞出版,朝日新聞社]		9784022143235;9784022143228;9784022141309;9784257905424;9784257905042
5	gakuran-hourouki	ガクラン放浪記	standard	通常版	文華コミックス	6	さくらコミックス[さくら出版] / 文華コミックス[日本文華社] / 文華コミックス[日本文華社]		9784916085429;9784916085245;9784916085160;9784916085122;9784916085115
5	itchoume-no-torakichi	一丁目のトラ吉	standard	通常版		10	SPコミックス[リイド社,復刊ドットコム] / リイドコミックス[復刊ドットコム]		9784845815500;9784845806102;9784835446028;9784835446035;9784835446011
5	kurebatesu	クレバテス	standard	通常版	LINE COMICS	12	LINE COMICS[LINE Digital Frontier] / MFコミックス. アライブ+シリーズ[KADOKAWA] / MFコミックス[KADOKAWA]		9784866970806;9784866971469;9784866972084;9784866972794;9784866972916
5	mobile-suit-gundam-seed-destiny-za-edge	機動戦士ガンダムSEED DESTINY THE EDGE	standard	通常版	角川コミックス・エース	5	角川コミックス・エース[KADOKAWA,角川書店] / 角川コミックス・エース[角川書店]		9784041145685;9784041145692;9784041145708;9784041145715;9784041145722
5	tetsuwan-atom	鉄腕アトム	standard	手塚治虫漫画全集(1979–1982)	手塚治虫漫画全集	20	手塚治虫漫画全集[復刊ドットコム,講談社] / 手塚治虫漫画全集[講談社]	canonical有	9784835452173;9784835452180;9784835452197;9784835452210;9784835452203
4	animal-x	ANIMAL X	standard	通常版	あすかコミックスDX	8	HMB[集英社] / あすかコミックスDX[角川書店]		9784834274912;9784834274905;9784834274882;9784834274899
4	ashita-no-joe	あしたのジョー	kanzenban	完全復刻版		16	KCデラックス[コミックス,講談社] / KCデラックス[コミックス,講談社]		9784063193732;9784063193749;9784063193725;9784063193718
4	change	チェンジ	standard	通常版	SHONEN MAGAZINE COMICS	4	None[復刊ドットコム,講談社] / SHONEN MAGAZINE COMICS[講談社] / 少年マガジンコミックス[講談社] / 講談社コミックス[講談社]		9784835453620;9784835453637;9784835453644;9784063113747
4	getter-robo-gou	ゲッターロボ號	standard	通常版	ACTION COMICS	7	ACTION COMICS[双葉社] / 少年キャプテンコミックス[徳間書店]		9784198330217;9784198320300;9784198311209;9784198310707
4	kamen-rider-kuuga	仮面ライダークウガ	standard	通常版	HCヒーローズコミックス	31	HCヒーローズコミックス[小学館クリエイティブ,小学館クリエイティブ (発] / HCヒーローズコミックス[小学館クリエイティブ]		9784864686785;9784864686792;9784864686709;9784864686716
4	nekomeewaku	ねこめ～わく	standard	通常版	ミッシィコミックスDX	8	Asahiコミックス[朝日新聞出版] / 眠れぬ夜の奇妙な話コミックス[朝日ソノラマ,朝日新聞出版,朝日新聞社]		9784257905561;9784257905530;9784257905486;9784257905455
4	odd-taxi	オッドタクシー	standard	通常版	ビッグコミックス	5	None[ポニーキャニオン] / None[ポニーキャニオン] / ビッグコミックス[小学館]		9784098610143;9784098610891;9784098611928;9784098612949
4	purogorufaa-saru	プロゴルファー猿	standard	通常版		5	None[中央公論社] / SPコミックス[リイド社]		9784845855292;9784845855407;9784845855520;9784845855742
4	sasuga-no-sarutobi	さすがの猿飛	standard	通常版	スーパービジュアル・コミックス	7	HCヒーローズコミックス[小学館クリエイティブ] / スーパービジュアル・コミックス[ビズコミュニケーションズジャパン,小学館] / 少年サンデーコミックス[小学館]		9784864685528;9784864685535;9784864685511;9784091600332
4	sex-pistols	SEX PISTOLS	standard	通常版	Super be-boy comics	11	Super be-boy comics[ビブロス,リブレ出版] / Super be×boy comics[リブレ,リブレ出版] / Super be×boy comics[リブレ] / スーパービーボーイコミックス[リブレ]		9784835217703;9784835216997;9784835216065;9784835215440
4	shin-petshop-of-horrors	新Petshop of Horrors	standard	通常版	眠れぬ夜の奇妙な話コミックス	12	Asahiコミックス[朝日新聞出版] / 眠れぬ夜の奇妙な話コミックス[朝日ソノラマ,朝日新聞出版,朝日新聞社]		9784257905769;9784257905615;9784257905394;9784257905219
4	soldier-boy	ソルジャーボーイ	standard	通常版	川原由美子選集	7	ちゃおフラワーコミックス[小学館] / 川原由美子選集[朝日ソノラマ]		9784091317643;9784091317636;9784091317629;9784091317612
4	tosa-no-ipponzuri	土佐の一本釣り	standard	通常版	ビッグコミックス	25	スーパービジュアル・コミックス[ビズコミュニケーションズジャパン] / ビッグコミックス[小学館]		9784091603852;9784091603838;9784091603630;9784091603623
4	wakatono-wa-tsuraiyo	若殿はつらいよ!	standard	通常版	Bunkasha comics	4	Bunkasha comics[ぶんか社] / RK comics[楽々出版,楽楽出版]		9784867044599;9784821178896;9784821179138;9784821179213
4	yaguruma-kennosuke	矢車剣之助	standard	通常版		10	MANGA Shop Series[パンローリング] / 漫画名作館[アース出版局,星雲社] / 漫画名作館[星雲社]		9784795298347;9784795298323;9784795298316;9784795298309
3	atagoul-monogatari	アタゴオル物語	standard	通常版	サンコミックス	9	サンコミックス[朝日ソノラマ] / バーガーSC[スコラ]		9784796240239;9784796240390;9784796240314
3	bokura-no-kiseki	ボクラノキセキ	standard	通常版	IDコミックス	34	IDコミックス. Zero-sum comics[講談社] / IDコミックス[一迅社,講談社]		9784758086950;9784758088596;9784758099127
3	candy-candy	キャンディ・キャンディ	standard	通常版	KCなかよし	9	KCなかよし[講談社] / None[中央公論社,講談社] / None[中央公論社] / 講談社コミックスなかよし[講談社] / 講談社コミックスなかよし[講談社]		9784063227017;9784063227024;9784063227048
3	corseltel-no-ryuujitsushi	コーセルテルの竜術士	standard	通常版	Crimson Comics	14	IDコミックス[一迅社,講談社] / IDコミックス[一迅社]		9784758085038;9784758030526;9784758030687
3	debu-to-love-to-ayamachi-to	デブとラブと過ちと!	standard	通常版	soufflé comics	11	soufflé comics[Jパブリッシング] / プティルコミックス[ハーパーコリンズ・ジャパン]		9784596720849;9784596963451;9784596571953
3	gate-2002	Gate	standard	通常版	Zero comics	4	Zero comics[ビブロス,リブレ出版] / Zero comics[リブレ出版]		9784835216706;9784835215167;9784835213064
3	ikkyuu-san	一球さん	standard	通常版	少年サンデーコミックス	14	スーパー・ビジュアル・コミックス[ショウガクカン,小学館] / 少年サンデーコミックス[小学館]		9784091602473;9784091602466;9784091602411
3	indona-hibi	インドな日々	standard	通常版	Honwara comics	4	Asahiコミックス[朝日新聞出版] / Honwara comics[朝日ソノラマ,朝日新聞社]		9784257905325;9784257904656;9784257904229
3	killing-bites	キリングバイツ	standard	通常版	HCヒーローズコミックス	27	HCヒーローズコミックス[小学館クリエイティブ,小学館クリエイティブ (発] / HCヒーローズコミックス[小学館クリエイティブ]		9784864686556;9784864686600;9784864686631
3	landreaall	Landreaall	standard	通常版	IDコミックス	45	IDコミックス. Zero-sum comics[講談社] / IDコミックス[スタジオDNA,一迅社,講談社]		9784758086400;9784758088091;9784758099691
3	london-mamougai	倫敦魔魍街	standard	通常版	ハロウィンコミックス	8	ASUKA COMICS DX[角川書店] / ハロウィンコミックス[朝日ソノラマ] / ハロウィン少女コミック館[朝日ソノラマ]		9784257980704;9784048527972;9784048527910
3	mama-loves-poyopoyo-saurus-ga-zaurus	ママはぽよぽよザウルスがお好き	standard	通常版		4	None[メディアファクトリー,婦人生活社] / ママぽよ[婦人生活社]		9784840135313;9784840135320;9784840135689
3	maps	マップス	standard	通常版	Flex comix	17	Flex comix[ソフトバンククリエイティブ] / ノーラコミックス[学習研究社]		9784797352337;9784797352320;9784797352191
3	otokogumi	男組	standard	通常版	少年サンデーコミックス	25	スーパービジュアル・コミックス[シヨウガクカン,ビズコミュニケーションズジャパン] / 少年サンデーコミックス[小学館]		9784091600066;9784091600035;9784091600011
3	psychic-dokutaa-ochi-keiko-no-fushigi-clinic	サイキック・ドクター越智啓子の不思議クリニック	bunkobon	文庫版	ソノラマコミック文庫	3	ソノラマコミック文庫[朝日ソノラマ,朝日新聞社] / ソノラマコミック文庫[朝日ソノラマ,朝日新聞社]		9784022670908;9784022670892;9784022670885
3	ren-ai	REN-AI	standard	通常版	プリンセスコミックス	4	クリムゾンコミックス[集英社] / プリンセスコミックス[秋田書店]		9784420170239;9784420170123;9784420170017
3	shin-gekai-toumori-akira-no-shoken	新外科医東盛玲の所見	standard	通常版	眠れぬ夜の奇妙な話コミックス	10	Asahiコミックス[朝日新聞出版] / 眠れぬ夜の奇妙な話コミックス[朝日ソノラマ,朝日新聞出版,朝日新聞社]		9784257905691;9784257905448;9784257905271
3	shin-megami-tensei-kaan	真・女神転生〔カーン〕	standard	通常版	アスキーコミックス	9	BEAM COMIX[エンターブレイン] / アスキーコミックス[アスキー,アスペクト] / アスペクトコミックス[アスペクト]		9784756112705;9784893668608;9784893669797
3	taishou-romantica	大正ロマンチカ	standard	通常版	Missy comics	22	Missy comics[宙出版] / ネクストFコミックス[ジャイブ]		9784776749899;9784776749905;9784776750406
3	tomie	富江	standard	通常版		3	Asahi comics[朝日新聞出版] / None[朝日ソノラマ,朝日新聞社]		9784022140562;9784257903963;9784022130204
3	uchuusenkanyamato	宇宙戦艦ヤマト	standard	通常版	サン・コミックス	3	Akita top comics[秋田書店] / None[復刊ドットコム,秋田書店]		9784835455532;9784253189187;9784253189170
3	yae-no-sakura	八重の桜	standard	通常版	ジャンプ・コミックス	3	Cheese!フラワーコミックス[小学館] / ジャンプ・コミックス[集英社]		9784088707921;9784088708669;9784091352897
3	yaminodoki	闇の土鬼	standard	通常版	講談社コミックス	5	KCスペシャル[講談社] / SPコミックス[リイド社]		9784845808625;9784845808618;9784845808601
2	baaverian-quartet	バーヴェリアン四重奏	standard	通常版	Patsy comics	10	Patsy comics[青磁ビブロス] / Zero comics[ビブロス,青磁ビブロス]		9784882712749;9784882712732
2	dance-in-za-vampire-bund-sledge-hammer-no-tsuioku	ダンスインザヴァンパイアバンドスレッジ・ハマーの追憶	standard	通常版	MFコミックス	3	CORONA COMICS[TOブックス] / MFコミックス[KADOKAWA,メディアファクトリー]		9784864727440;9784040661209
2	faibu-star-stories	ファイブスター物語	standard	通常版	ニュータイプ100%コミックス	19	ニュータイプ100%コミックス[KADOKAWA,角川書店] / ニュータイプ100%コミックス[KADOKAWA]		9784048538220;9784048529969
2	fate-strange-fake	Fate/strange Fake	standard	通常版	TYPE-MOON BOOKS	5	TYPE-MOON BOOKS[TYPE-MOON] / TYPE-MOON BOOKS[TYPE-MOON] / 角川コミックス・エース[KADOKAWA]		9784048118224;9784048118231
2	grey	Grey	standard	通常版	少年キャプテンコミックス	3	None[ぶんか社] / 少年キャプテンコミックス[徳間書店] / 少年キャプテンコミックススペシャル[徳間書店]		9784821184699;9784198300197
2	hamuko-mairu	はむこ参る!	standard	通常版	あさひコミックス	2	あさひコミックス[朝日新聞出版,朝日新聞社] / ブンブンコミックス[ポプラ社]		9784591085639;9784022751027
2	hetaria	ヘタリア	standard	通常版	BIRZ EXTRA	6	BIRZ EXTRA[幻冬舎,幻冬舎コミックス] / バーズコミックス[幻冬舎]		9784344832091;9784344832381
2	hitorijime-my-hero	ひとりじめマイヒーロー	standard	通常版	Gateau comics	17	Gateau comics[一迅社,講談社] / Gateau comics[講談社] / IDコミックス. Gateau comics[講談社]		9784758028325;9784758089753
2	ikkimandara	一輝まんだら	standard	通常版	ハード・コミックス	3	None[角川書店] / ハード・コミックス[大都社]		9784886536129;9784048522847
2	itoshi-no-nekokke	いとしの猫っ毛	standard	通常版	Citron comics	5	Citron comics[リブレ,リブレ出版] / Citron comics[リブレ出版]		9784799737804;9784862639196
2	katana	KATANA	standard	通常版	ぶんか社コミックス	23	あすかコミックスDX[KADOKAWA] / 単行本コミックス[角川グループパブリッシング]		9784041209646;9784041205754
2	kuruneko	くるねこ	standard	通常版		20	None[KADOKAWA,エンターブレイン,角川グループ] / エンターブレイン[KADOKAWA] / エンターブレインムック[KADOKAWA]		9784757738874;9784047298026
2	lettuce-burger-please-ok-ok	レタスバーガープリーズ.OK,OK!	standard	通常版		10	None[河出書房新社] / ヤングユーコミックス[集英社]		9784309278063;9784309278056
2	makenkitsu	マケン姫っ!	standard	通常版	角川コミックスドラゴンJr.	24	ドラゴンコミックスエイジ[KADOKAWA,角川グループパブリッシング] / 角川コミックスドラゴンJr.[角川グループパブリッシング]		9784047127418;9784047127821
2	p-b-b	P.B.B.	standard	通常版	Be-boy comics	6	Be-boy comics[ビブロス,リブレ出版] / Be×boy comics[リブレ,リブレ出版]		9784835217451;9784835214795
2	pippira-note	ぴっぴら帳	standard	通常版	ACTION COMICS	3	ACTION COMICS[双葉社] / ゼノンコミックスDX[コアミックス]		9784867203750;9784575938906
2	pumpkin-night	パンプキンナイト	standard	通常版	Bamboo comics	7	Bamboo comics[竹書房] / LINE COMICS[LINE Digital Frontier]		9784909767998;9784909767981
2	qt-t	qtμt	standard	通常版	ビッグガンガンコミックス	5	LINE COMICS[LINE,LINE Digital Fronti] / ビッグガンガンコミックス[スクウェア・エニックス]		9784908588563;9784908588570
2	ramen-daisuki-koizumi-san-narumi-2014	ラーメン大好き小泉さん	standard	通常版	Bamboo comics	14	Bamboo comics[竹書房] / SHŌNEN CHAMPION COMICS[秋田書店]		9784801981249;9784801977075
2	ring-ni-kakero	リングにかけろ	standard	通常版	ジャンプ・コミックス	25	ジャンプコミックス[集英社] / ジャンプコミックスセレクション[ホーム社,集英社] / ジャンプ・コミックス[集英社]		9784834212853;9784834212730
2	saketa-pasupooto	裂けた旅券	standard	通常版	ビッグコミックス	7	スーパービジュアル・コミックス[ビズコミュニケーションズジャパン,小学館] / ビッグコミックス[小学館]		9784091601025;9784091601049
2	seishuku-ni-tensai-tadaima-benkyouchuu	静粛に、天才只今勉強中!	standard	通常版		11	None[復刊ドットコム] / 希望コミックス[潮出版社]		9784267901690;9784267901645
2	super-jetter	スーパー・ジェッター	standard	通常版	異色名作シリーズ	3	サンワイドコミックス[朝日ソノラマ] / マンガショップシリーズ[パンローリング]		9784775911600;9784775911594
2	tezuka-osamu-monogatari	手塚治虫物語	standard	通常版		3	None[朝日新聞社] / None[金の星社]		9784323071480;9784323071497
2	to-heart-2-2005	To Heart	standard	電撃コミックス		3	DENGEKI COMICS[主婦と生活社,角川書店] / 電撃コミックス[角川書店]		9784073097891;9784840231374
2	trigun	トライガン	standard	通常版	少年キャプテンコミックススペシャル	3	YKコミックス[少年画報社] / 少年キャプテンコミックススペシャル[徳間書店]		9784198301446;9784198301279
2	ultraman-kazumine-1968	ウルトラマン	standard	通常版(1986)	SUNDAY COMICS	3	AKITA〈特撮〉SELECTION[秋田書店] / 名作manga選集[翔泳社] / 秋田コミックス・セレクト[秋田書店]		9784253107648;9784881351796
2	unico	ユニコ	standard	通常版	ギフトブック	3	ぴっかぴかコミックス カラー版[小学館] / 手塚治虫アニメ名作集[講談社]		9784091480828;9784091480811
2	velvet-rose	ベルベット・ローズ	standard	通常版	ミッシィコミックスDX	2	ミッシィコミックスDX[宙出版] / 講談社コミックスミミ[講談社]		9784061702219;9784872872279
2	yokaranu-hanashi	よからぬ話	standard	通常版		2	None[朝日ソノラマ,朝日新聞社] / None[朝日ソノラマ]		9784022130181;9784022130174
2	yuusha-no-haha-desu-maougun-no-kanbu-ni-narimashita	勇者の母ですが、魔王軍の幹部になりました。	standard	通常版	マンガBANGコミックス	7	Ryu comics unicorn[徳間書店] / マンガBANGコミックス[Amazia]		9784891999452;9784824200464
2	zannen-kunoichiden	残念くのいち伝	standard	通常版	Flex comix	4	Flex comix[ほるぷ出版,ソフトバンククリエイティブ] / フレックスコミックス[ほるぷ出版]		9784797366310;9784797363999
1	achira-kochira-bokura	あちらこちらぼくら	standard	通常版	ビッグコミックススペシャルヒバナ	3	Bloom[集英社] / ビッグコミックススペシャルヒバナ[小学館]		9784834264470
1	alice-no-hanamichi	アリスの花道	standard	通常版	花とゆめCOMICS	3	あすかコミックス[角川書店] / 花とゆめCOMICS[白泉社]		9784049249101
1	angel-para-bellum	エンジェルパラベラム	standard	通常版	Flex comix	3	Flex comix[ほるぷ出版,ソフトバンククリエイティブ] / フレックスコミックス[ほるぷ出版]		9784797363975
1	another	Another	standard	通常版	角川コミックス・エース	4	角川コミックス・エース[角川グループパブリッシング] / 角川コミックス・エース[角川グループパブリッシング（発売）]		9784049008166
1	arashi-no-destiny	嵐のデスティニィ	standard	通常版	ミッシィコミックスDX	7	Asahiコミックス[朝日新聞出版] / 眠れぬ夜の奇妙な話コミックス[朝日ソノラマ,朝日新聞出版,朝日新聞社]		9784257905578
1	asu-no-tameni	明日のために	standard	通常版	スコラSC	3	スコラSC[スコラ] / バーズコミックス[ソニー・マガジンズ]		9784789781350
1	avnai-yatsura	AVない奴ら	standard	通常版	ヤングジャンプ・コミックス	3	None[復刊ドットコム] / ヤングジャンプ・コミックス[集英社]		9784835452128
1	batsuichi-trentaine	バツイチ・トランタン	standard	通常版	Bamboo comics	2	Bamboo comics[竹書房] / None[祥伝社,竹書房]		9784396763695
1	berubara-kids	ベルばらKids	standard	通常版		7	None[朝日新聞出版,朝日新聞社] / None[朝日新聞出版]		9784023324343
1	boku-no-koe	僕の声	standard	通常版	Super be-boy comics	2	Super be-boy comics[ビブロス,リブレ出版] / Super be×boy comics[リブレ出版]		9784835215815
1	boogiepop-wa-warawanai	ブギーポップは笑わない	standard	通常版	DC animation magazine wide	3	DC animation magazine wide[角川書店] / None[KADOKAWA]		9784049122411
1	bouken-gabotenjima	冒険ガボテン島	standard	通常版	虫コミックス	3	MANGA Shop Series[パンローリング] / SUN WIDE COMICS[朝日ソノラマ]		9784775910214
1	bouryoku-taishou	暴力大将	standard	通常版	トクマコミックス	23	SHONEN CHAMPION COMICS[秋田書店] / トクマコミックス[徳間書店] / トクマコミックス[徳間書店] / 少年チャンピオンコミックス[秋田書店]		9784197830602
1	bukiyouna-silent	不器用なサイレント	standard	通常版	Be-boy comics	6	Be-boy comics[リブレ出版] / Be×boy comics[リブレ,リブレ出版]		9784799712726
1	bungou-stray-dogs	文豪ストレイドッグス	standard	通常版	角川コミックス・エース	28	角川コミックス・エース[KADOKAWA,角川グループホールディングス] / 角川コミックス・エース[KADOKAWA]		9784041050422
1	chaos-damonne	カオスだもんね!	standard	通常版	EYE-COM BOOKS	20	Dengeki Comics EX[角川グループパブリッシング] / EYE-COM BOOKS[アスキー] / None[アスキー,アスペクト,角川グループパブリッシング]		9784893667984
1	chou-aniki	超兄貴	standard	通常版	SC special	3	BEAM COMIX[エンターブレイン] / SC special[徳間書店] / 少年キャプテンコミックススペシャル[徳間書店]		9784757718159
1	chouken-leap	超犬リープ	standard	通常版	サンデー・コミックス	3	MANGA Shop Series[パンローリング] / SUN WIDE COMICS[朝日ソノラマ]		9784775910146
1	cosmos-rakuenki	コスモス楽園記	standard	通常版	ますむら・ひろし作品集[第2期]	4	None[朝日ソノラマ,講談社] / ますむら・ひろし作品集[第2期][朝日ソノラマ]		9784061037670
1	cutey-honey	キューティーハニー	standard	通常版	少年チャンピオン・コミックス	3	Chuko★comics[中央公論社] / Chukoコミックlite[中央公論新社]		9784124105063
1	daikagaku-shoujo	大科学少女	standard	通常版	ACTION COMICS	3	ACTION COMICS[双葉社] / HARTA COMIX[KADOKAWA]		9784047371798
1	daraku-nisshi	堕落日誌	standard	通常版		2	Ascii comix[アスキー,アスペクト] / None[アスキー]		9784893668448
1	dna-wa-kunousuru	DNAは苦悩する	standard	通常版	スコラLC	2	None[あおば出版,スコラ] / スコラLC[スコラ]		9784873172439
1	dog-style	Dog style	standard	通常版	Super be-boy comics	3	Super be-boy comics[ビブロス,リブレ出版] / Super be×boy comics[リブレ出版]		9784835217352
1	elite	エリート	standard	通常版	サンコミックス	3	MANGA Shop Series[パンローリング] / SUN WIDE COMICS[朝日ソノラマ]		9784775910320
1	emerging	エマージング	standard	通常版	モーニングKC	3	None[リイド社] / モーニングKC[講談社] / モーニングKC[講談社]		9784845850082
1	genji-monogatari-2023	源氏物語	standard	通常版	Akebono-Comics	2	まんがで読破[Gakken] / 赤塚不二夫の古典入門[学習研究社]		9784054069343
1	gensou-tairiku	幻想大陸	standard	通常版	ギャグ王コミックス	3	None[エニックス,復刊ドットコム] / ギャグ王コミックス[エニックス]		9784835449548
1	ginga-tetsudou-no-yoru-2023	銀河鉄道の夜	standard	通常版	まんがで読破	2	まんがで読破[Gakken] / マンガジュニア名作シリーズ[学研マーケティング]		9784054069275
1	giniro-no-shiyousei	銀色の照星	standard	通常版	サンコミックス	2	サンコミックス[朝日ソノラマ] / バーガーSC[スコラ]		9784882750567
1	girly-hypers	ガーリーハイパーズ	standard	通常版	Wonderland comics	3	FEEL COMICS[祥伝社] / Wonderland comics[宝島社]		9784396764180
1	gomenasobase	ごめんあそばせ	standard	通常版	バーズコミックスspecial	3	Gコミックス[日本文芸社] / バーズコミックスspecial[ソニー・マガジンズ]		9784537155242
1	hanako-lavatory	ハナコ@ラバトリー	standard	通常版	CR comics	3	CR comics[ジャイブ] / 電撃コミックスNEXT[KADOKAWA]		9784049127515
1	hanma-no-ryuukishi-wa-henkyou-ni-shuuchaku-dekiaisareru	半魔の竜騎士は、辺境伯に執着される	standard	通常版	&arche COMICS	4	&arche COMICS[星雲社 (発売)] / &arche COMICS[星雲社] / &arche COMICS[星雲社]		9784434374463
1	hasegawa-chouji	HASEGAWA長治	standard	通常版	ヤンマガKC	3	YKコミックス[少年画報社] / ヤンマガKC[講談社]		9784785925482
1	hidoku-shinaide	酷くしないで	standard	通常版	Be-boy comics	9	Be×boy comics[リブレ,リブレ出版] / Be×boy comics[リブレ出版] / ビーボーイコミックス[リブレ]		9784799730812
1	himitsu-no-akko-chan-m	ひみつのアッコちゃんμ	standard	通常版		4	None[集英社] / 集英社ホームコミックス[集英社 (発売)]		9784834233018
1	horobi-no-fue	滅びの笛	standard	通常版	秋田コミックスセレクト	3	Sebunコミックス[世界文化社] / 秋田コミックスセレクト[秋田書店]		9784418985326
1	horobi-no-utage	滅びの宴	standard	通常版	秋田コミックス・セレクト	3	アリババコミックス[世界文化社] / 秋田コミックス・セレクト[秋田書店]		9784418041183
1	hoshi-furu-mori-no-little-majo	星降る森のリトル魔女	standard	通常版	MOEコミックス	6	MOEコミックス[MOE出版] / ファンタジーコミックス[偕成社]		9784895943000
1	jane	Jane	standard	通常版	Patsy comics	8	Patsy comics[青磁ビブロス] / Zero comics[ビブロス,青磁ビブロス] / Zero comics[青磁ビブロス]		9784882712442
1	janrou-densetsu-aoki-ookamitachi	雀狼伝説 蒼き狼たち	standard	通常版	アクションコミックス	5	アクションコミックス[双葉社] / 近代麻雀コミックス[竹書房]		9784812450529
1	jientoruman	ジェントル萬	bunkobon	文庫版	スコラ漫画文庫シリーズ	3	MF文庫[メディアファクトリー] / スコラ漫画文庫シリーズ[スコラ]		9784840106214
1	kaijin-nijuumensou	怪人二十面相	standard	通常版	藤子不二雄Aランド	3	ガムコミックスプラス[ワニブックス] / 藤子不二雄Aランド[ブッキング]		9784847068140
1	kamu-kamu-vanilla	かむかむバニラ!	standard	通常版	Flex comix	3	Flex comix[ほるぷ出版,ソフトバンククリエイティブ] / フレックスコミックス[ほるぷ出版]		9784797367805
1	karikura	カリクラ	standard	通常版	ヤンマガKC	3	Ohta comics[太田出版] / ヤンマガKC[講談社]		9784872336627
1	kasumi-den-zen	カスミ伝 〔○全〕	standard	通常版	少年キャプテンコミックススペシャル	2	BEAM COMIX[エンターブレイン] / マガジンZKC[講談社]		9784063490381
1	kazunoko-densho	かずのこ伝書	standard	通常版	First comic	3	First comic[壱番館書房] / ファーストコミックス[廣済堂出版]		9784754602826
1	kingyoya-koshoten-suitouchou	金魚屋古書店出納帳	standard	通常版	YKコミックス	3	Ikki comix[小学館] / YKコミックス[少年画報社]		9784091885517
1	kokoro-natsume-2023	こころ	standard	通常版	ヤングジャンプ・コミックス	2	まんがで読破[Gakken] / 名著をマンガで![学研マーケティング]		9784054069312
1	koukenryoku-ouryou-sousakan-nakabou-rintarou	公権力横領捜査官中坊林太郎	standard	通常版	スーパー・プレイボーイ・コミックス Bart edition	3	Bunch world special[新潮社] / スーパー・プレイボーイ・コミックス Bart edition[集英社]		9784107701930
1	kuooto-half-r	クォート＆ハーフ（R）	standard	通常版	眠れぬ夜の奇妙な話コミックス	4	ソノラマコミックス[朝日新聞出版] / 眠れぬ夜の奇妙な話コミックス[朝日ソノラマ,朝日新聞出版,朝日新聞社]		9784257905745
1	kyudo-kun	球道くん	standard	通常版	スーパービジュアル・コミックス	19	スーパービジュアル・コミックス[ショウガクカン,小学館] / マンガくんコミックス[小学館]		9784091602343
1	last-continent	ラスト・コンチネント	standard	通常版		3	None[東京三世社] / バーズコミックススペシャル[幻冬舎] / マイコミックス[東京三世社]		9784344831704
1	love-bou-kun	恋愛暴君	standard	通常版	METEOR COMICS	14	METEOR COMICS[ほるぷ出版] / [メテオCOMICS][フレックスコミックス] / メテオCOMICS[ほるぷ出版,フレックスコミックス]		9784593858590
1	mahou-shoujo-lyrical-nanoha-vivid	魔法少女リリカルなのはViVid	standard	通常版	角川コミックス・エース	20	角川コミックス・エース[KADOKAWA,角川グループパブリッシング,角] / 角川コミックス・エース[KADOKAWA,角川グループパブリッシング]		9784041209349
1	maji-de-watashi-ni-koishinasai-esu	真剣で私に恋しなさい!S 九鬼紋白編	standard	通常版	角川コミックス・エース	2	角川コミックス・エース[KADOKAWA] / 角川コミックス・エース[角川グループパブリッシング]		9784041207949
1	mikosuri-gekijou	みこすり半劇場	standard	通常版		20	Bunka comics[ぶんか社,日本文華社] / Bunkasha comics[ぶんか社] / None[ぶんか社,日本文華社]		9784821194865
1	mobile-suit-gundam-daburuoo-79	機動戦士ガンダム0079	standard	通常版	DENGEKI COMICS	12	DENGEKI COMICS[主婦の友社,角川グループパブリッシング,角川書店] / DENGEKI COMICS[主婦の友社]		9784048680295
1	mobile-suit-gundam-ekooru-deyu-shieru	機動戦士ガンダムエコール・デュ・シエル	standard	通常版	角川コミックス・エース	12	角川コミックス・エース[角川グループパブリッシング,角川書店] / 角川コミックス・エース[角川書店] / 角川コミックス・エース[角川書店]		9784047135208
1	mugen-shinshi	夢幻紳士	standard	通常版		10	None[早川書房] / アニメージュコミックス[徳間書店]		9784197745111
1	murasaki-tenshi-wa-gokigen-naname	紫天使はご機嫌ななめ	standard	通常版	スコラSC	2	Nichibun comics[日本文芸社] / スコラSC[スコラ]		9784537097276
1	nabari-no-ou	隠の王	standard	通常版	Gファンタジーコミックス	14	G fantasy comics[スクウェア・エニックス] / Gファンタジーコミックス[SQUARE ENIX,スクウェア・エニックス]		9784757517684
1	nekojiru-udon	ねこぢるうどん	standard	通常版		3	None[青林堂] / ビンゴ・コミックス[文藝春秋]		9784160900448
1	nijiiro-no-trotsky	虹色のトロツキー	standard	通常版		8	None[双葉社] / 希望コミックス[潮出版社]		9784575302349
1	obake	オバケ	standard	通常版	モーニングKC	3	モーニングKC[講談社] / 光文社コミック叢書「signal」[光文社]		9784334901547
1	oedo-shitamachi-komoridou	大江戸下町こもり堂	standard	通常版	Missy comics	5	Missy comics[宙出版] / ネクストFコミックス[ジャイブ]		9784776750024
1	online-no-hitsujitachi	オンラインの羊たち	standard	通常版	ジヘン	3	ジヘン[Nagisaジヘン編集部] / ヒーローズコミックスふらっと[小学館クリエイティブ (発売)]		9784864687638
1	ookami-to-koushinryou	狼と香辛料	standard	通常版	電撃コミックス	16	アスキー・メディアワークス[KADOKAWA] / 電撃コミックス[KADOKAWA,アスキー・メディアワークス,角] / 電撃コミックス[KADOKAWA,角川グループパブリッシング,角] / 電撃コミックス[KADOKAWA]		9784840242547
1	oomuroke	大室家	standard	通常版	IDコミックス	9	IDコミックス. YH comics[講談社] / IDコミックス[一迅社,講談社]		9784758028226
1	ore-nimo-kure	俺にもくれ	standard	通常版	ビッグコミックス	3	さくらコミックス[さくら出版] / ビッグコミックス[小学館]		9784916085870
1	rakkiidoggu-1-blast	ラッキードッグ1 BLAST	standard	通常版	MFコミックス ジーンシリーズ	9	MFコミックス[KADOKAWA,メディアファクトリー] / MFコミックス[KADOKAWA]		9784040672724
1	reikan-shounen-no-file	霊感少年の事件簿	standard	通常版		2	None[Bbmfマガジン,青泉社] / エルジーエー コミックス[青泉社]		9784766335644
1	rihei-san-toko-no-obaa-chan	利平さんとこのおばあちゃん	standard	通常版	ビッグコミックス	3	BEAM COMIX[エンターブレイン] / ビッグコミックス[小学館]		9784757726727
1	rockman-8	ロックマン8	standard	通常版	講談社コミックスボンボン	3	None[復刊ドットコム] / 講談社コミックスボンボン[講談社]		9784835452784
1	rotte-no-omocha	ロッテのおもちゃ!	standard	通常版	DENGEKI COMICS	9	DENGEKI COMICS[角川グループパブリッシング] / Dengeki Comics EX[角川グループパブリッシング] / 電撃コミックス[KADOKAWA,角川グループパブリッシング]		9784840242219
1	saihate-no-diasuta	最果てのディアスタ	standard	通常版	角川コミックス・エース	3	MFコミックス[KADOKAWA] / 角川コミックス・エース[角川グループパブリッシング]		9784040690469
1	saikyou-no-tenshi-nishite-saiai-no-akuma	最強の天使ニシテ最愛の悪魔	standard	通常版	眠れぬ夜の奇妙な話コミックス	9	Asahiコミックス[朝日新聞出版] / 眠れぬ夜の奇妙な話コミックス[朝日ソノラマ,朝日新聞出版,朝日新聞社]		9784257905714
1	saiyuuki-reload	最遊記RELOAD	standard	通常版	Zero-sum comics	10	IDコミックス[一迅社] / Zero-sum comics[スタジオDNA] / Zero-sum comics[一迅社]		9784758031165
1	samurai-7	SAMURAI 7	standard	通常版	古川コミックス	3	KCDX[講談社] / 古川コミックス[古川書房]		9784063721843
1	scrap-gakuen	スクラップ学園	standard	通常版	PLAYCOMIC SERIES SPECIAL	3	PLAYCOMIC SERIES SPECIAL[秋田書店] / 吾妻ひでおベストワークス[復刊ドットコム]		9784835455624
1	sei-smiley-gakuen-koutoubu-smiley-2g	聖smiley学園高等部smiley*2G	standard	通常版	ビーズログコミックス	2	ビーズログコミックス[角川グループパブリッシング] / ビーズログコミックス[角川グループホールディングス]		9784047280175
1	shakugan-no-shana	灼眼のシャナ	standard	通常版	DENGEKI COMICS	10	DENGEKI COMICS[角川グループパブリッシング,角川書店] / DENGEKI COMICS[角川グループパブリッシング] / 電撃コミックス[角川グループパブリッシング]		9784840235037
1	sheerlore	シアロア	standard	通常版	Jump comics SQ	3	Jump comics SQ[集英社] / LINE COMICS[LINE,LINE Digital Fronti]		9784908588501
1	shikou-shounen	思考少年	standard	通常版	SONY MAGAZINES COMICS	3	F×comics[太田出版] / SONY MAGAZINES COMICS[ソニー・マガジンズ]		9784778320065
1	shin-gekai-toumori-akira-no-shoken	新外科医東盛玲の所見	bunkobon	文庫版	ソノラマコミック文庫	6	ソノラマコミック文庫[朝日ソノラマ,朝日新聞出版,朝日新聞社] / 朝日コミック文庫[朝日新聞出版]		9784257724261
1	shin-petshop-of-horrors	新Petshop of Horrors	bunkobon	文庫版	ソノラマコミック文庫	8	ソノラマコミック文庫[朝日ソノラマ,朝日新聞出版,朝日新聞社] / 朝日コミック文庫[朝日新聞出版]		9784257723998
1	shingetsu-tan-tsukihime	真月譚月姫	standard	通常版	DENGEKI COMICS	10	DENGEKI COMICS[角川グループパブリッシング,角川書店] / DENGEKI COMICS[角川グループパブリッシング,角川書店] / 電撃コミックス[KADOKAWA,角川グループパブリッシング]		9784048690652
1	shitomeya-kagyou-asami	仕留屋稼業あさみ	standard	通常版	Bunkasha comics	7	Bunkasha comics[ぶんか社] / RK comics[ぶんか社,楽楽出版]		9784867044261
1	shounen-onmyouji	少年陰陽師	standard	通常版		6	None[角川グループパブリッシング] / 角川コミックス・エース[KADOKAWA] / 角川コミックス・エース[KADOKAWA] / 角川コミックス・エース[KADOKAWA]		9784041136966
1	shouta-no-sushi	将太の寿司	standard	講談社コミックス	講談社コミックス	27	少年マガジンコミックス[講談社,講談社コミッククリエイト] / 講談社コミックス[講談社]	canonical有	9784063122213
1	sodomu	そどむ	standard	通常版		3	KCDX[講談社] / None[宝島社]		9784063722956
1	soubou-no-daichi-horobu	蒼茫の大地、滅ぶ	standard	通常版	秋田コミックス・セレクト	3	アリババコミックス[世界文化社] / 秋田コミックス・セレクト[秋田書店]		9784418031160
1	suzumiya-haruhi-no-yuuutsu	涼宮ハルヒの憂鬱	standard	通常版	角川コミックス・エース	20	角川コミックス・エース[KADOKAWA,角川グループパブリッシング,角] / 角川コミックス・エース[角川書店]		9784047138117
1	tensai-bakabon	天才バカボン	shinsoban	講談社コミックス(1988)	講談社コミックス	5	None[講談社,講談社インターナショナル] / 講談社コミックス[講談社]	canonical有	9784770041272
1	tera-e	地球へ…	bunkobon	文庫版	中公文庫コミック版	3	ソノラマ文庫[朝日ソノラマ] / 中公文庫コミック版[中央公論社]		9784122022393
1	tokumei-kachou-tadano-hitoshi-otonaaji	特命課長只野仁	standard	通常版	RK comics	3	RK comics[ぶんか社,楽楽出版] / RK comics[ぶんか社]		9784867045077
1	ufo-robo-grendizer	UFOロボグレンダイザー	standard	通常版	通常版	3	ACTION COMICS[双葉社] / SUN WIDE COMICS[朝日ソノラマ] / Star comics[大都社]	canonical有	9784257961406
1	utahen	うた変。	standard	通常版		2	None[KADOKAWA,メディアファクトリー] / None[メディアファクトリー]		9784840146531
1	wakusei-robo-dangard-ace	惑星ロボダンガードA	standard	通常版	SUNDAY COMICS	3	None[復刊ドットコム] / SUNDAY COMICS[秋田書店]		9784835456782
1	wata-no-kunihoshi	綿の国星	standard	通常版	花とゆめコミックス	7	大島弓子選集[朝日ソノラマ] / 花とゆめCOMICS[白泉社] / 花とゆめコミックス[集英社]		9784257900733
1	yami-ni-koi-shita-hitsuji-chan	闇に恋したひつじちゃん	standard	通常版	角川コミックスドラゴンJr.	3	BEAM COMIX[KADOKAWA] / 角川コミックスドラゴンJr.[角川グループパブリッシング,角川書店]		9784047301559
1	yatterman	ヤッターマン	standard	通常版	講談社コミックスボンボン	2	てんとう虫コミックススペシャル[小学館] / 講談社コミックスボンボン[講談社]		9784091407290
1	yume-no-kodomo	夢の子供	standard	通常版	Patsy comics	6	Be-boy comics[ビブロス,青磁ビブロス] / Patsy comics[青磁ビブロス]		9784882713067
0	0-nousha-minato	0能者ミナト	standard	通常版	B'sLOG COMICS	4	B'sLOG COMICS[角川グループパブリッシング] / ビーズログコミックス[KADOKAWA]		
0	0-saiji-start-dash-monogatari	0歳児スタートダッシュ物語	standard	通常版	Shusui digital comics TLシリーズ	9	Shusui digital comics GCシリーズ[秋水社 (発行元),青泉社] / Shusui digital comics GCシリーズ[秋水社 (発行元)] / Shusui digital comics GLシリーズ[秋水社 (発行元)] / Shusui digital comics TLシリーズ[青泉社] / Shusui digital		
0	2-dome-no-jinsei-wa-oshi-no-shokuryou-desu	2度目の人生は推しの食糧です!?	standard	通常版	SDC YLシリーズ	5	SDC YLシリーズ[秋水社 (発行元)] / 異世界SDC[青泉社]		
0	29sai-jimitsubone-no-totsuzenna-moteki	29歳・地味局の突然なモテ期	standard	通常版	Daito comics TL (teens love) シリーズ	8	Daito comics TL (teens love) シリーズ[大都社,大都社 (発売)] / Daito comics TLシリーズ[大都社]		
0	3-bonashi-no-shijimichan	3本足のしじみちゃん	standard	通常版		2	None[集英社] / ホーム社書籍扱いコミックス[集英社 (発売)]		
0	3-byougo-yajuu	3秒後、野獣。	standard	通常版	Clair TLcomics	7	Clair TLcomics[星雲社,星雲社 (発売)] / Clair TLcomics[星雲社]		
0	80-bunch-no-inu	80番地の犬	standard	通常版	スコラレディースコミック	6	あおばコミックス[青葉出版] / スコラレディースコミック[スコラ]		
0	99-kai-danzai-sareta-loop-reijou-desu-konsei-wa-chouzetsu-aisare-mode-desutte	99回断罪されたループ令嬢ですが今世は「超絶愛されモード」ですって!?	standard	通常版	DRE COMICS	6	DRE COMICS F[星雲社] / DRE COMICS[星雲社,星雲社 (発売)]		
0	abc-arbacks	ABCアーバックス	standard	通常版	DENGEKI COMICS	3	DENGEKI COMICS[角川書店] / 電撃コミックス[角川（メディアワークス）]		
0	accel-world	あくちぇる・わーるど。	standard	通常版	Dengeki Comics EX	5	Dengeki Comics EX[KADOKAWA,角川グループパブリッシング] / Dengeki Comics EX[角川グループパブリッシング]		
0	accel-world-hima-2014	アクセル・ワールド	standard	通常版	電撃コミックス	8	電撃コミックス[KADOKAWA,角川グループパブリッシング,角] / 電撃コミックス[KADOKAWA]		
0	aio-ageyou	愛をあげよう	standard	通常版	バーズコミックス	9	None[スコラ] / バーズコミックス[ソニー・マガジンズ]		
0	aitsu-no-daihonmei	アイツの大本命	standard	通常版	Be-boy comics	14	Be-boy comics[リブレ出版] / Be×boy comics[リブレ,リブレ出版] / ビーボーイコミックス[リブレ]		
0	aka-puro	あか☆ぷろ!!!	standard	通常版	Kadokawa Comics	2	Kadokawa Comics[角川グループパブリッシング] / 単行本コミックス[KADOKAWA]		
0	akahishi-no-eleven	赤菱のイレブン	standard	通常版	BEAM COMIX	5	BEAM COMIX[エンターブレイン] / None[アスペクト]		
0	akapan-sensei	赤パン先生!	standard	通常版	BEAM COMIX	4	BEAM COMIX[角川グループパブリッシング] / ビームコミックス[KADOKAWA]		
0	akarito-shirono-shinrei-yawa	あかりとシロの心霊夜話	standard	通常版	エルジーエーコミックス	37	None[あおば出版] / エルジーエーコミックス[Bbmfマガジン,青泉社]		
0	akarui-danjokousai-no-tebiki	明るい男女交際の手引き	standard	通常版	セブンティーン・コミックス	2	None[集英社] / セブンティーン・コミックス[講談社]		
0	akiba-s-trip	AKIBA'S TRIP	standard	通常版	電撃コミックス	3	電撃コミックス[KADOKAWA,角川グループホールディングス] / 電撃コミックス[角川グループパブリッシング]		
0	akuyaku-reijou-no-naka-no-hito	悪役令嬢の中の人	standard	通常版		6	LAKE[講談社] / None[講談社 (発売)] / None[講談社]		
0	akuyaku-reijou-no-okaa-sama	悪役令嬢のおかあさま	standard	通常版	Regina COMICS	3	Regina COMICS[星雲社,星雲社 (発売)] / Regina COMICS[星雲社]		
0	amarimono-isekaijin-no-jiyuu-seikatsu	余りモノ異世界人の自由生活	standard	通常版	アルファポリスCOMICS	7	アルファポリスCOMICS[星雲社,星雲社 (発売)] / アルファポリスCOMICS[星雲社]		
0	angel-beats-heaven-s-door	Angel Beats! -Heaven's Door-	standard	通常版	電撃コミックス	11	電撃コミックス[KADOKAWA] / 電撃コミックス[角川グループパブリッシング,角川グループホールデ]		
0	angel-beats-the-4-koma	Angel Beats! the 4コマ	standard	通常版	Dengeki Comics EX	4	Dengeki Comics EX[KADOKAWA] / Dengeki Comics EX[角川グループパブリッシング] / Dengeki Comics EX[角川グループパブリッシング]		
0	angels	Angels	standard	通常版		3	None[ジャイブ,ソフトバンククリエイティブ] / None[ソフトバンククリエイティブ]		
0	animetenchou	アニメ店長	standard	通常版	ゼロサムコミックス	6	IDコミックス[一賽舎,一迅社] / ゼロサムコミックス[一賽舎]		
0	ansangu-cinderella	アンサングシンデレラ	standard	通常版	ゼノンコミックス	15	ゼノンコミックス[コアミックス,徳間書店] / ゼノンコミックス[コアミックス]		
0	appare-tenka-gomen	あっぱれ!天下御免	standard	通常版	アスキー・メディアワークス	3	アスキー・メディアワークス[角川グループパブリッシング] / 電撃コミックス[KADOKAWA]		
0	aqua-step-up	アクア・ステップ・アップ	standard	通常版	バーズコミックス	4	バーズコミックス[ソニー・マガジンズ] / バーズコミックス[幻冬舎]		
0	aquarion-evol	アクエリオンEVOL	standard	通常版	MFコミックス	5	MFコミックス[KADOKAWA,メディアファクトリー] / MFコミックス[KADOKAWA]		
0	asagaya-zippy	阿佐ヶ谷Zippy	standard	通常版	Gファンタジーコミックス	11	GFC[スクウェア・エニックス] / Gファンタジーコミックス[エニックス,スクウェア・エニックス]		
0	atagoul-tamatebako	アタゴオル玉手箱	standard	通常版	偕成社ファンタジーコミックス	9	MOEコミックス[MOE出版,偕成社] / ファンタジーコミックス[偕成社] / 偕成社ファンタジーコミックス[偕成社]		
0	ayakashi-kura-no-kanrinin	あやかし蔵の管理人	standard	通常版	アルファノルンCOMICS	3	アルファノルンCOMICS[星雲社 (発売)] / アルファノルンCOMICS[星雲社]		
0	ayakashi-oniyome-konin-tan	あやかし鬼嫁婚姻譚	standard	通常版	アルファノルンCOMICS	6	アルファノルンCOMICS[星雲社 (発売)] / アルファノルンCOMICS[星雲社] / アルファノルンCOMICS[星雲社]		
0	azuki-no-chi	あずきの地!	standard	通常版	Missy comics	14	Missy comics[宙出版] / ネクストFコミックス[ジャイブ]		
0	azur-lane-bisoku-zenshintsu	アズールレーンびそくぜんしんっ!	standard	通常版	4コマkingsぱれっとcomics	6	4コマkingsぱれっとcomics[講談社,講談社 (発売)] / IDコミックス. Rex comics[講談社] / IDコミックス[講談社]		
0	b-boy	b-Boy	standard	通常版	Seventeen Comics	15	None[青磁ビブロス] / None[青磁ビブロス] / None[青磁ビブロス] / Seventeen Comics[集英社]		
0	baacharu-kun-wa-otonari-san-kara-nigetai	バーチャルくんはおとなりさんから逃げたい	standard	通常版	Kyun comics	2	Kyun comics[コスミック出版] / fleur comics[KADOKAWA]		
0	baka-to-test-to-shoukanjuu	バカとテストと召喚獣	standard	通常版	Kadokawa Comics A	15	Kadokawa Comics A[角川グループパブリッシング] / 角川コミックス・エース[KADOKAWA,角川グループパブリッシング,角] / 角川コミックス・エース[角川グループパブリッシング]		
0	bandori-girls-band-party-event-diary	バンドリ!ガールズバンドパーティ!イベントダイアリー	standard	通常版	ブシロードコミックス	4	ブシロードコミックス[KADOKAWA (発売)] / ブシロードコミックス[KADOKAWA]		
0	barbarities	BARBARITIES	deluxe	デラックス版	ビーボーイコミックスデラックス	4	ビーボーイコミックスデラックス[リブレ,リブレ出版] / ビーボーイコミックスデラックス[リブレ]		
0	bernard-jou-iwaku	バーナード嬢曰く。	standard	通常版	IDコミックス	8	IDコミックス. Rex comics[講談社] / IDコミックス[一迅社,講談社] / IDコミックス[講談社]		
0	birth	バース	standard	通常版	スコラSC	6	スコラSC[スコラ] / バーズコミックス[ソニー・マガジンズ]		
0	blade-bastard	ブレイド&バスタード	standard	通常版	DRE COMICS	9	DRE COMICS[星雲社,星雲社 (発売)] / DRE COMICS[星雲社]		
0	blood	BLOOD+	standard	通常版	角川コミックス・エース	5	角川コミックス・エース[角川グループパブリッシング,角川書店] / 角川コミックス・エース[角川書店]		
0	boku-dake-ga-inai-machi	僕だけがいない街	standard	通常版	Kadokawa Comics A	9	Kadokawa Comics A[KADOKAWA,角川グループホールディングス] / 角川コミックス・エース[KADOKAWA]		
0	boku-to-senpai-no-tekken-kousai	僕と先輩の鉄拳交際	standard	通常版	MFコミックス	3	MFコミックス[KADOKAWA,メディアファクトリー] / MFコミックス[KADOKAWA]		
0	boku-wa-tomodachi-ga-sukunai	僕は友達が少ない	standard	通常版	MFコミックス	20	MFコミックス[KADOKAWA,メディアファクトリー] / MFコミックス[メディアファクトリー]		
0	bou-kun-vaaderu-no-hanayome-shoya-hen	暴君ヴァーデルの花嫁 初夜編	standard	通常版	Missy comics	21	Missy comics[宙出版] / ネクストFコミックス[ジャイブ,ジャイブ (発売)]		
0	brave10s	BRAVE10S	standard	通常版	MFコミックス	9	MFコミックス[KADOKAWA] / MFコミックス[メディアファクトリー]		
0	break-age	ブレイク-エイジ	standard	通常版	アスペクトコミックス	10	BEAM COMIX[アスペクト,エンターブレイン] / アスペクトコミックス[アスペクト]		
0	break-blade	ブレイクブレイド	standard	通常版	Flex comix	20	METEOR COMICS[ほるぷ出版] / メテオCOMICS[フレックスコミックス]		
0	brutal-satsujin-keisatsukan-no-kokuhaku	ブルータル殺人警察官の告白	standard	通常版	タタン	5	ゼノンコミックス[コアミックス] / タタン[竹書房]		
0	bu-to-tamashii	武と魂	standard	通常版	SPコミックス	4	SPコミックス[リイドシャ,リイド社] / SPコミックス[リイド社]		
0	buchou-no-yoru-teku-ga-sugosu-gite-koshi-ga-uki-masu-uzuki-masu	部長の夜テクが凄すぎて腰が浮きます疼きます	standard	通常版	Shusui digital comics TL (teens love) シリーズ	11	SDC TLシリーズ[青泉社] / SDC TLシリーズ[青泉社] / Shusui digital comics TL (teens love) シリーズ[青泉社 (発売)] / TL SDC[青泉社]		
0	bunchou-sama-to-watashi	文鳥様と私	standard	通常版	エルジーエーコミックス	26	あおばコミックス[あおば出版] / エルジーエーコミックス[Bbmfマガジン,青泉社]		
0	cardfight-vanguard-youthquake	カードファイト!!ヴァンガードYouthQuake	standard	通常版	ブシロードコミックス	8	ブシロードコミックス[KADOKAWA,KADOKAWA (発売)] / ブシロードコミックス[KADOKAWA] / ブシロードコミックス[KADOKAWA]		
0	cat-shit-one	キャットシットワン	standard	通常版	Web comics	3	SB comics[ソフトバンクパブリッシング] / Web comics[ソフトバンク]		
0	cheers	Cheers!	standard	通常版	ACTION COMICS	21	ACTION COMICS[双葉社] / ACTION COMICS[双葉社] / Angel comics[エンジェル出版] / Angel comics[エンジェル出版]		
0	chiruran-shinsengumi-requiem	ちるらん新撰組鎮魂歌	standard	通常版	ゼノンコミックス	36	ゼノンコミックス[コアミックス,徳間書店] / ゼノンコミックス[コアミックス,徳間書店]		
0	chou-jikuu-yousai-macross-za-first	超時空要塞マクロスTHE FIRST	standard	通常版	角川コミックス・エース	6	角川コミックス・エース[KADOKAWA] / 角川コミックス・エース[角川グループパブリッシング] / 角川コミックス・エース[角川グループパブリッシング]		
0	chouetsusha-to-natta-otsu-san-wa-mai-peesu-ni-isekai-o-sansaku-suru	超越者となったおっさんはマイペースに異世界を散策する	standard	通常版	アルファポリスCOMICS	7	アルファポリスCOMICS[星雲社,星雲社 (発売)] / アルファポリスCOMICS[星雲社] / アルファポリスCOMICS[星雲社]		
0	choujigen-geimu-neputeyuunu	超次元ゲイムネプテューヌ	standard	通常版	ファミ通クリアコミックス	4	ファミ通クリアコミックス[KADOKAWA] / ファミ通クリアコミックス[角川グループパブリッシング]		
0	chrome-no-pandora	紅殻のパンドラ	standard	通常版	角川コミックス・エース	26	角川コミックス・エース[KADOKAWA,角川グループパブリッシング] / 角川コミックス・エース[KADOKAWA] / 角川コミックス・エース[KADOKAWA]		
0	comical-monster-maker	コミカルモンスターメーカー	standard	通常版	アスキーコミックス	2	アスキーコミックス[アスキー] / アスキーコミックス[アスキー出版局]		
0	cosmos-rakuenki	コスモス楽園記	deluxe	デラックス版	KC deluxe	4	KC deluxe[講談社] / SC deluxe[スコラ] / バーガーSC deluxe[スコラ] / バーガーSC deluxe[スコラ]		
0	crash-junky-spirit	Crash junky × spirit	standard	通常版	Gust comic	2	Gust comic[光彩書房] / Gust comic[桜桃書房]		
0	cream-lemon	くりいむレモン	standard	通常版	くりいむレモン・フイルムコミックス	14	くりいむレモン・フイルムコミックス[ABC出版,徳間コミュニケーションズ] / くりいむレモン・フイルムコミックス[ABC出版] / くりいむレモン・フイルムコミックス[ABC出版] / くりいむレモン・フイルムコミックス[ABC出版] / くりいむレモン・フイルムコミックス[[創映新社] / くりいむレモン・フイルムコミックス[徳間コミュニケーションズ]		
0	d-flag	ディーふらぐ!	standard	通常版	MFコミックス	20	MFコミックス. アライブシリーズ[KADOKAWA] / MFコミックス[KADOKAWA,メディアファクトリー]		
0	d-no-gorugota	Dの十字架(ゴルゴタ)	standard	通常版	LINE COMICS	6	LINE COMICS[LINE,LINE Digital Fronti] / LINE COMICS[LINE]		
0	dai-mahou-touge	大魔法峠	standard	通常版	Kadokawa Comics A	4	Kadokawa Comics A[角川グループパブリッシング] / Kadokawa Comics A[角川書店] / Kadokawa Comics A[角川書店] / Kadokawa Comics A[角川書店]		
0	dai-toshokan-no-hitsujikai-lovely-raiburarianzu	大図書館の羊飼いLovely・Librarians	standard	通常版	電撃ジャパンコミックス	2	電撃ジャパンコミックス[KADOKAWA] / 電撃ジャパンコミックス[角川グループパブリッシング]		
0	daishizen-no-mahoushi-asht-sutareta-ryouchi-de-slow-life	大自然の魔法師アシュト、廃れた領地でスローライフ	standard	通常版	アルファポリスCOMICS	8	アルファポリスCOMICS[星雲社 (発売)] / アルファポリスCOMICS[星雲社] / アルファポリスCOMICS[星雲社]		
0	dakara-boku-wa-eichi-ga-dekinai	だから僕は、Hができない。	standard	通常版	ドラゴンコミックスエイジ	5	ドラゴンコミックスエイジ[KADOKAWA,角川グループパブリッシング,角] / ドラゴンコミックスエイジ[角川グループパブリッシング]		
0	dakishimetai	抱きしめたい❤	standard	通常版	Be―boy comics	3	Be-boy comics[ビブロス] / Be―boy comics[青磁ビブロス]		
0	danganronpa-kibou-no-gakuen-to-zetsubou-no-koukousei	ダンガンロンパ希望の学園と絶望の高校生	standard	通常版	ファミ通クリアコミックス	4	ファミ通クリアコミックス[KADOKAWA] / ファミ通クリアコミックス[角川グループパブリッシング,角川グループホールデ]		
0	dejipara	でじぱら	standard	通常版	DENGEKI COMICS	5	DENGEKI COMICS[角川グループパブリッシング,角川書店] / Dengeki comics = 電撃コミックス[角川グループパブリッシング]		
0	denka-anata-ga-suteta-onna-ga-honmono-no-seijo-desu	殿下、あなたが捨てた女が本物の聖女です	standard	通常版	LAKE	5	LAKE[講談社,講談社 (発売)] / LAKE[講談社]		
0	denpa-onna-to-seishun-otoko	電波女と青春男	standard	通常版	電撃コミックス	4	アスキー・メディアワークス[KADOKAWA] / 電撃コミックス[角川グループパブリッシング]		
0	densetsu-no-yuusha-no-densetsu	伝説の勇者の伝説	standard	通常版	角川コミックスドラゴンJr.	9	DRAGON COMICS AGE[富士見書房,角川グループパブリッシング] / ドラゴンコミックスエイジ[角川グループパブリッシング] / 角川コミックスドラゴンJr.[角川グループパブリッシング]		
0	do-inaka-no-hakugai-reijou-wa-outo-no-elite-kishi-ni-dekiai-dekiaisareru	ド田舎の迫害令嬢は王都のエリート騎士に溺愛される	standard	通常版	DRE COMICS	7	DRE COMICS F[星雲社] / DRE COMICS[星雲社,星雲社 (発売)] / DRE COMICS[星雲社] / DRE COMICS[星雲社]		
0	dokutaa-moroo-no-lich-na-seikatsu	Dr.モローのリッチな生活	standard	通常版	Fox comics	3	Fox comics[Fox出版,文苑堂東京店] / Fox comics[文苑堂東京店]		
0	doraneko-theater	ドラネコシアター	standard	通常版	ファミ通ブックス	4	BEAM COMIX[エンターブレイン] / アスキーコミックス[アスキー] / アスペクトコミックス[アスペクト]		
0	dotsukiri-maikuroon	どっきりマイクローン	standard	通常版	ジャンプ・コミックス	2	ジャンプ・コミックス[集英社] / 少年チャンピオン・コミックス[秋田書店]		
0	doukyonin-wa-hiza-tokidoki-atama-no-ue	同居人はひざ、時々、頭のうえ。	standard	通常版	POLARIS COMICS	12	POLARIS COMICS[ほるぷ出版,フレックスコミックス] / POLARIS COMICS[ほるぷ出版] / POLARIS COMICS[フレックスコミックス]		
0	dragon-quest-eden-no-senshitachi	ドラゴンクエストエデンの戦士たち	standard	通常版	ガンガンコミックス	14	GAN GAN WING COMICS[エニックス] / ガンガンコミックス[エニックス,スクウェア・エニックス] / ガンガンコミックス[スクウェア・エニックス] / ガンガンコミックス[スクウェア・エニックス]		
0	dragon-quest-tenkuu-monogatari	ドラゴンクエスト 天空物語	standard	通常版	ギャグ王コミックス	11	G fantasy comics[スクウェア・エニックス] / GFC[エニックス,スクウェア・エニックス] / stencil comics[エニックス] / ギャグ王コミックス[エニックス]		
0	dungeon-battle-royale	ダンジョンバトルロワイヤル	standard	通常版	コミックポルカ	4	コミックポルカ[一二三書房] / マンガBANGコミックス[Amazia]		
0	dynamite-staff	ダイナマイトスタッフ	standard	通常版	ホビージャパンコミックス	3	None[ノアール出版] / ホビージャパンコミックス[ホビージャパン]		
0	earise	エアリセ	standard	通常版	DENGEKI COMICS	4	DENGEKI COMICS[角川グループパブリッシング,角川書店] / Dengeki comics = 電撃コミックス[角川グループパブリッシング]		
0	ef-a-fairy-tale-of-the-two	ef-a fairy tale of the two.	standard	通常版	DENGEKI COMICS	10	DENGEKI COMICS[角川グループパブリッシング] / 電撃コミックス[KADOKAWA]		
0	eiyuu-densetsu-sora-no-kiseki	英雄伝説空の軌跡	standard	通常版	Emotion comics	6	Emotion comics[角川グループパブリッシング] / エモーションコミックス[KADOKAWA,角川グループパブリッシング]		
0	eiyuu-densetsu-sora-no-kiseki-esushii	英雄伝説空の軌跡SC	standard	通常版	ファミ通クリアコミックス	7	ファルコムBOOKS[メディアパル,メディアパル (発売)] / ファルコムBOOKS[メディアパル]		
0	elite-jieikan-ni-dekiai-sareteru-rashii-desu	エリート自衛官に溺愛されてる…らしいです?	standard	通常版	Eternity COMICS	3	Eternity COMICS[星雲社 (発売)] / Eternity COMICS[星雲社]		
0	etsu-nouryoku-nashi-de-party-tsuihousareta-sareta-ore-ga-zen-zokusei-mahou-tsukai	えっ、能力なしでパーティ追放された俺が全属性魔法使い!?	standard	通常版	アルファポリスCOMICS	6	アルファポリスCOMICS[星雲社,星雲社 (発売)] / アルファポリスCOMICS[星雲社]		
0	exit	EXIT	standard	通常版	花とゆめCOMICS	11	ガールズコレクション[幻冬舎] / ソニー・マガジンズコミックス[ソニー・マガジンズ]		
0	fate-zero	Fate/Zero	standard	通常版	角川コミックス・エース	14	角川コミックス・エース[KADOKAWA,角川グループパブリッシング] / 角川コミックス・エース[KADOKAWA]		
0	feauei-no-samurai	フェアウェイの侍	standard	通常版	Today's COMICS	2	Today's COMICS[日本ヴォーグ社] / Today's COMICS[日本ヴォーグ＆スポーツマガジン社]		
0	fire-emblem-4-koma-manga-gekijou	ファイアーエムブレム4コママンガ劇場	standard	通常版	FIRE EMBLEN 4KOMA MANGA THEATER	4	FIRE EMBLEN 4KOMA MANGA THEATER[エニックス] / FIRE EMBLEN 4KOMA MANGA THEATER[エニックス出版局] / ゲーム4コママンガシリーズ[エニックス]		
0	fire-emblem-watanabe-1992	ファイアーエムブレム	standard	通常版	あすかコミックスDX	5	ASUKA COMICS DX[角川書店] / あすかコミックスDX[角川書店] / スコラ DELUXE[スコラ]	canonical有	
0	flyable-heart	Flyable Heart	standard	通常版	アスキー ・ メディア ワークス	3	アスキー ・ メディア ワークス[角川グループパブリッシング] / 電撃コミックス[KADOKAWA,角川グループパブリッシング]		
0	fuguu-skill-no-renkinjutsushi-henkyou-o-kaitaku-suru	不遇スキルの錬金術師、辺境を開拓する	standard	通常版	アルファポリスCOMICS	8	アルファポリスCOMICS[星雲社,星雲社 (発売)] / アルファポリスCOMICS[星雲社] / アルファポリスCOMICS[星雲社]		
0	fuguushoku-to-baka-ni-saremashitaga-jissai-wa-sorehodo-waruku-arimasen	不遇職とバカにされましたが、実際はそれほど悪くありません?	standard	通常版	アルファポリスCOMICS	8	アルファポリスCOMICS[星雲社,星雲社 (発売)] / アルファポリスCOMICS[星雲社]		
0	fujiwara-ranka-no-4koma-gekijou	藤原らんかの4コマ劇場	standard	通常版	NEWS MOOK	2	NEWS MOOK[ニューズ出版] / ニューズムック[三栄書房]		
0	full-metal-panic-another	フルメタル・パニック!アナザー	standard	通常版	角川コミックス・エース	6	角川コミックス・エース[KADOKAWA,角川グループパブリッシング] / 角川コミックス・エース[角川グループパブリッシング]		
0	full-metal-panic-sigma	フルメタル・パニック!Σ	standard	通常版	角川コミックス・ドラゴンJr.	19	DRAGON COMICS AGE[角川グループパブリッシング] / ドラゴンコミックスエイジ[KADOKAWA,角川グループパブリッシング] / 角川コミックス・ドラゴンJr.[角川グループパブリッシング,角川書店]		
0	fushiou-wa-surooraifu-o-kibou-shimasu	不死王はスローライフを希望します	standard	通常版	アルファポリスCOMICS	7	アルファポリスCOMICS[星雲社,星雲社 (発売)] / アルファポリスCOMICS[星雲社]		
0	futari-de-okashina-kyuujitsu-o	ふたりでおかしな休日を	standard	通常版	ヒーローズコミックスふらっと	5	ヒーローズコミックスふらっと[小学館クリエイティブ (発売)] / ヒーローズコミックスふらっと[小学館クリエイティブ]		
0	futsuu-no-joshikousei-ga-rokodoru-yattemita	普通の女子校生が【ろこどる】やってみた。	standard	通常版	4コマkingsぱれっとcomics	10	4コマkingsぱれっとcomics[一迅社,講談社] / 4コマkingsぱれっとcomics[講談社]		
0	fuurai-shimai	ふうらい姉妹	standard	通常版	BEAM COMIX	4	BEAM COMICS[角川グループパブリッシング] / BEAM COMIX[KADOKAWA,角川グループパブリッシング] / HARTA COMIX[KADOKAWA]		
0	gachikoi-nenchakujuu	ガチ恋粘着獣	standard	通常版	タタン	16	Bamboo comics = バンブーコミックス[竹書房] / Tatan = タタン[コアミックス] / Tatan[コアミックス] / Zenon comics = ゼノンコミックス. Tatan = タタン[コアミックス] / タタン[竹書房]		
0	gang-king	ギャングキング	standard	通常版		37	KCDX[講談社] / YKコミックス[少年画報社] / イブニングKC[講談社] / 講談社コミックスデラックス[講談社]		
0	garfield	ガーフィールド	standard	通常版		20	None[KENKYUSHA] / None[研究社] / None[研究社]		
0	gekkou-kamen	月光仮面	shinsoban	漫画名作館(アース出版局)	漫画名作館	6	漫画名作館[アース出版局] / 漫画名作館[星雲社]	canonical有	
0	genjuu-no-kuni-monogatari	幻獣の國物語	standard	通常版	ミッシィコミックスDX	16	ミッシィコミックスDX.[主婦と生活社] / ミッシィコミックスDX[主婦と生活社] / ミッシィコミックスDX[宙出版]		
0	genwaku-no-matenrou	眩惑の摩天楼	standard	通常版	ハローウィンコミックス	5	ハロウィンコミックス[\朝日ソノラマ,朝日ソノラマ] / ハロウィン少女コミック館[朝日ソノラマ] / ハローウィンコミックス[朝日ソノラマ]		
0	genyou	幻羽	standard	通常版	Wings comics	9	Paper comics[日本エディターズ] / Wings comics[新書館]		
0	gifuu-doudou-naoe-kanetsugu-maeda-deka-sakegatari	義風堂々!!直江兼続-前田慶次酒語り	standard	通常版	ゼノンコミックス	10	ゼノンコミックス[徳間 書店,徳間書店] / ゼノンコミックス[徳間書店] / ゼノンコミックス[徳間書店]		
0	gin-no-sereira	銀のセレイラ	standard	通常版	Missy comics	4	Missy comics[宙出版] / ネクストFコミックス[ジャイブ]		
0	gravitation	グラビテーション	standard	通常版	SONY MAGAZINES COMICS	12	BIRZ COMICS[幻冬舎] / SONY MAGAZINES COMICS[ソニー・マガジンズ]		
0	guilty-crown-dancing-endlaves	ギルティクラウンDANCING ENDLAVES	standard	通常版	アスキー・メディアワークス	3	アスキー・メディアワークス[角川グループパブリッシング] / 電撃コミックス[KADOKAWA]		
0	gundam-exa	GUNDAM EXA	standard	通常版	角川コミックス・エース	7	角川コミックス・エース[KADOKAWA] / 角川コミックス・エース[角川グループパブリッシング,角川グループホールデ]		
0	gunka-no-baltzar	軍靴のバルツァー	standard	通常版	Bunch comics	21	Bunch comics[新潮社] / KCDX. 週刊少年マガジン[講談社] / KCDX[講談社]		
0	guranpuri-tengoku	グランプリ天国	standard	通常版	NEWS MOOK	6	NEWS MOOK[ニューズ出版] / NEWS MOOK[三栄書房] / [ニューズムック][三栄書房] / ニューズムック[三栄書房]		
0	habatake-kotatsu-chan	はばたけ!こたつちゃん	standard	通常版		3	None[水井麻紀子,自力制作出版] / None[自力制作出版]		
0	hakaba-kitarou	墓場鬼太郎	bunkobon	文庫版	サラ文庫	6	角川文庫[角川グループパブリッシング,角川書店] / 角川文庫[角川書店]		
0	hamster-no-kenkyuu-report	ハムスターの研究レポート	standard	通常版	偕成社ファンタジーコミックス	8	Jets comics[白泉社] / 偕成社ファンタジーコミックス[偕成社]		
0	hamster-shiiku-nikki	ハムスター飼育日記	standard	通常版	スコラLC	8	あおばコミックス[あおば出版] / スコラLC[スコラ]		
0	haramu-made-midare-ike	孕むまで乱れいけ	standard	通常版	Clair TLcomics	6	Clair TLcomics[星雲社,星雲社 (発売)] / Clair TLcomics[星雲社]		
0	hard-ando-ruuzu	ハード＆ルーズ	standard	通常版	アクション・コミックス	7	アクション・コミックス[双葉社,講談社] / アクション・コミックス[双葉社]	canonical有	
0	hardboiled-enji-cosmo-kun	ハードボイルド園児宇宙くん	standard	通常版	LINE COMICS	9	LINE COMICS[LINE,LINE Digital Fronti] / LINE COMICS[LINE]		
0	harris-no-kaze	ハリスの旋風	aizoban	豪華愛蔵版(1991)	豪華愛蔵版(1991)	6	None[講談社] / 講談社コミックス[コミックス,講談社]	canonical有	
0	harukanaru-ikyou-guardian	遥かなる異郷ガーディアン	standard	通常版	Ascii comix	4	Ascii comix[アスキー,アスキー出版局] / アスキーコミックス[アスキー]		
0	hataraku-maou-sama	はたらく魔王さま!	standard	通常版	DENGEKI COMICS	24	DENGEKI COMICS[角川グループホールディングス] / 電撃コミックス[KADOKAWA] / 電撃コミックス[KADOKAWA] / 電撃コミックス[KADOKAWA]		
0	hataraku-maou-sama-highschool	はたらく魔王さま!ハイスクール!	standard	通常版	Dengeki Comics EX	5	Dengeki Comics EX[KADOKAWA,角川グループホールディングス] / Dengeki Comics EX[角川グループパブリッシング]		
0	hatsujou-suru-unmei	発情する運命	standard	通常版	LB COMICS	6	LB COMICS[講談社,講談社 (発売)] / LB COMICS[講談社]		
0	hazure-zokusei-tsuchi-mahou-no-sei-de-henkyou-ni-tsuihousareta-sareta-node-gangan-ryouchi-kaitaku	ハズレ属性土魔法のせいで辺境に追放されたので、ガンガン領地開拓します!	standard	通常版	アルファポリスCOMICS	5	アルファポリスCOMICS[星雲社,星雲社 (発売)] / アルファポリスCOMICS[星雲社]		
0	hebi	蛇	standard	通常版	MBコミックス ミステリー	2	MBコミックス ミステリー[実業之日本社] / 楳図かずおこわい本[朝日ソノラマ]		
0	heisei-jiimen	平成爺メン	standard	通常版	ニューマンコミックス	2	None[Gakken] / ニューマンコミックス[学習研究社]		
0	hen-na-ie	変な家	standard	通常版	comic HOWL	7	comic HOWL[講談社,講談社 (発売)] / comic HOWL[講談社]		
0	hentai-ouji-to-warawanai-neko	変態王子と笑わない猫。	standard	通常版	MFコミックス	8	MFコミックス[KADOKAWA] / MFコミックス[メディアファクトリー] / MFコミックス[メディアファクトリー]		
0	hey-riki	Hey!リキ	standard	通常版	YKコミックス	31	YKコミックス[学習研究社,少年画報社] / YKコミックス[少年画報社] / コミック[少年画報社]		
0	hidan-no-aria	緋弾のアリア	standard	通常版	MFコミックス	16	MFコミックス[KADOKAWA,メディアファクトリー] / MFコミックス[メディアファクトリー]		
0	high-school-dxd	ハイスクールD×D	standard	通常版	ドラゴンコミックスエイジ	11	ドラゴンコミックスエイジ[KADOKAWA,角川グループパブリッシング] / ドラゴンコミックスエイジ[角川グループパブリッシング]		
0	himawari-san	ひまわりさん	standard	通常版	MFコミックス	13	MFコミックス[KADOKAWA,メディアファクトリー] / MFコミックス[メディアファクトリー]		
0	himuro-no-tenchi	氷室の天地	standard	通常版	4コマkingsぱれっとcomics	15	4コマkingsぱれっとcomics[一迅社,講談社] / 4コマkingsぱれっとcomics[一迅社] / 4コマkingsぱれっとcomics[講談社] / 4コマkingsぱれっとcomics[講談社] / IDコミックス[講談社]		
0	hina-matsuri	ヒナまつり	standard	通常版	BEAM COMIX	19	BEAM COMIX[KADOKAWA,角川グループパブリッシング] / HARTA COMIX[KADOKAWA]		
0	hirugao	ひるがお	standard	通常版	ACTION COMICS	5	ACTION COMICS[双葉社] / Angel comics[エンジェル出版]		
0	hitozuma-mansion-kaede	人妻マンション楓	standard	通常版	ACTION COMICS	2	ACTION COMICS[双葉社] / Angel comics[エンジェル出版]		
0	hitsugi-no-chaika	棺姫のチャイカ	standard	通常版	角川コミックス・エース	5	角川コミックス・エース[KADOKAWA,角川グループパブリッシング,角] / 角川コミックス・エース[角川グループパブリッシング]		
0	hottoite-kudasai	ほっといて下さい	standard	通常版	Regina COMICS	6	Regina COMICS[星雲社,星雲社 (発売)] / Regina COMICS[星雲社]		
0	houga-purezen-joshikousei-houkichi-eiko-san	邦画プレゼン女子高生邦キチ!映子さん	standard	通常版		14	None[集英社,集英社 (発売)] / ホーム社書籍扱いコミックス[集英社 (発売)]		
0	houkago-assault-girls	放課後アサルト×ガールズ	standard	通常版	METEOR COMICS	8	METEOR COMICS[ほるぷ出版,フレックスコミックス] / [メテオCOMICS][フレックスコミックス] / メテオCOMICS[ほるぷ出版,フレックスコミックス]		
0	houkago-atelier-toiro	放課後アトリエといろ	standard	通常版	Kadokawa Comics	4	Kadokawa Comics[角川グループパブリッシング] / 単行本コミックス[角川グループパブリッシング,角川グループホールデ]		
0	hyouka	氷菓	standard	通常版	角川コミックス・エース	17	角川コミックス・エース[KADOKAWA,角川グループパブリッシング,角] / 角川コミックス・エース[KADOKAWA]		
0	i-ueo-boy	I・餓男	standard	通常版	劇画king series	9	HMB[集英社] / None[スタジオ・シップ]		
0	ichigomashimaro	苺ましまろ	standard	通常版	電撃コミックス	9	DC[角川グループパブリッシング] / 電撃コミックス[KADOKAWA,角川グループパブリッシング]		
0	ichinen-ni-ichido-shika-aenai-kimi-no-hanashi	一年に一度しか会えない君の話。	standard	通常版	Howl comics	4	Howl comics[一迅社,講談社] / IDコミックス. Howl comics[講談社]		
0	ii-rank-no-yakushi	Eランクの薬師	standard	通常版	Regina COMICS	8	Regina COMICS[星雲社,星雲社 (発売)] / Regina COMICS[星雲社]		
0	ikai-hanjouki-hiyokoya-shouten	異界繁盛記ひよこや商店	standard	通常版	ASUKA COMICS	6	ASUKA COMICS[角川グループパブリッシング,角川書店] / ASUKA COMICS[角川書店]		
0	ima-sugu-onii-chan-ni-imouto-datte-iitai	いますぐお兄ちゃんに妹だっていいたい!	standard	通常版	アスキー・メディアワークス	3	アスキー・メディアワークス[角川グループパブリッシング] / 電撃コミックス[KADOKAWA]		
0	impact	インパクト	standard	通常版	Gakken sports comics	29	Gakken sports comics[学研マーケティング,学習研究社] / Gakken sports comics[学習研究社]		
0	in-shuu-densetsu-taikoubou-denki	殷周伝説 太公望伝奇	standard	通常版	希望コミックス	22	Kibo comics[潮出版社] / 希望コミックス[潮出版,潮出版社]		
0	in-these-words	IN THESE WORDS	deluxe	デラックス版	ビーボーイコミックスデラックス	5	BBC deluxe[リブレ出版] / ビーボーイコミックスデラックス[リブレ,リブレ出版] / ビーボーイコミックスデラックス[リブレ] / ビーボーイコミックスデラックス[リブレ]		
0	inden-san-to-enmusubi	印伝さんと縁結び	standard	通常版	Missy comics	12	Missy comics[宙出版] / ネクストFコミックス[ジャイブ,ジャイブ (発売)]		
0	infini-t-force	Infini-T Force	standard	通常版	HCヒーローズコミックス	10	HCヒーローズコミックス[小学館クリエイティブ,小学館クリエイティブ (発] / HCヒーローズコミックス[小学館クリエイティブ]		
0	ingi-no-hate	淫戯の果て	standard	通常版	ACTION COMICS	2	ACTION COMICS[双葉社] / Angel comics[エンジェル出版]		
0	inu-gundam	犬ガンダム	standard	通常版	角川コミックス・エース	2	角川コミックス・エース[角川グループパブリッシング] / 角川コミックス・エース[角川書店]		
0	iono-sama-fanatics	いおの様ファナティクス	standard	通常版	Dengeki Comics EX	2	DENGEKI COMICS[角川グループパブリッシング] / Dengeki Comics EX[角川書店]		
0	iris-zero	アイリス・ゼロ	standard	通常版	MFコミックス	8	MFコミックス[KADOKAWA,メディアファクトリー] / MFコミックス[KADOKAWA,メディアファクトリー]		
0	isekai-de-cafe-o-kaiten-shimashita	異世界でカフェを開店しました。	standard	通常版	Regina COMICS	17	Regina COMICS[星雲社,星雲社 (発売)] / Regina COMICS[星雲社]		
0	isekai-de-omake-no-nii-san-jiritsu-o-mezasu	異世界でおまけの兄さん自立を目指す	standard	通常版	&arche COMICS	5	&arche COMICS[星雲社,星雲社 (発売)] / &arche COMICS[星雲社]		
0	isekai-de-tochi-o-katte-noujou-o-tsukurou	異世界で土地を買って農場を作ろう	standard	通常版	バーズコミックス	11	バーズコミックス[幻冬舎,幻冬舎 (発売)] / バーズコミックス[幻冬舎]		
0	isekai-ja-surooraifu-wa-mamanaranai	異世界じゃスローライフはままならない	standard	通常版	アルファポリスCOMICS	7	アルファポリスCOMICS[星雲社,星雲社 (発売)] / アルファポリスCOMICS[星雲社]		
0	isekai-no-suit-to-shite-kuni-ni-manekareta-kedo-kotowatte-heishi-kara-hajimeru-koto-ni-shita	異世界の戦士として国に招かれたけど、断って兵士から始める事にした	standard	通常版	コミックポルカ	7	コミックポルカ[一二三書房] / マンガBANGコミックス[Amazia]		
0	isekai-tensei-soudouki	異世界転生騒動記	standard	通常版	アルファポリスCOMICS	14	アルファポリスCOMICS[星雲社,星雲社 (発売)] / アルファポリスCOMICS[星雲社]		
0	isekai-yururi-kikou	異世界ゆるり紀行	standard	通常版	アルファポリスCOMICS	12	アルファポリスCOMICS[星雲社,星雲社 (発売)] / アルファポリスCOMICS[星雲社]		
0	itasha-girl	痛車娘。	standard	通常版	E・2コミックス	3	E☆2コミックス[廣済堂出版] / E・2コミックス[廣済堂あかつき]		
0	itoshii-kimi-to-seiryaku-kekkon	愛しいきみと、政略結婚	standard	通常版	Clair TLcomics	3	Clair TLcomics[星雲社 (発売)] / Clair TLcomics[星雲社]		
0	izakaya-bottakuri	居酒屋ぼったくり	standard	通常版	アルファポリスCOMICS	12	アルファポリスCOMICS[星雲社,星雲社 (発売)] / アルファポリスCOMICS[星雲社]		
0	izure-saikyou-no-renkinjutsushi	いずれ最強の錬金術師?	standard	通常版	アルファポリスCOMICS	9	アルファポリスCOMICS[星雲社,星雲社 (発売)] / アルファポリスCOMICS[星雲社]		
0	ja	JA	standard	通常版	角川コミックス・エース	8	角川コミックス・エース[KADOKAWA,角川グループパブリッシング,角] / 角川コミックス・エース[KADOKAWA]		
0	jaaku-no-jack	邪悪のJack	standard	通常版	ホラーハウス・コミックス	4	ミッシィコミックスDX[シュフトセイカツシャ,主婦の友社,宙出版] / ミッシイコミックスDX[主婦と生活社]		
0	jashin-chan-drop-kick	邪神ちゃんドロップキック	standard	通常版	METEOR COMICS	27	METEOR COMICS[ほるぷ出版,フレックスコミックス] / [メテオCOMICS][フレックスコミックス] / メテオCOMICS[ほるぷ出版,フレックスコミックス]		
0	jimmy-corrigan	Jimmy Corrigan.	standard	通常版		3	None[Presspop.] / None[プレスポップ・ギャラリー]		
0	jirai-nandesu-ka-chihara-san	地雷なんですか?地原さん	standard	通常版		9	None[講談社,講談社 (発売)] / None[講談社]		
0	jitsuryoku-shugi-ni-hirowareta-kanteishi	実力主義に拾われた鑑定士	standard	通常版	アルファポリスCOMICS	5	アルファポリスCOMICS[星雲社,星雲社 (発売)] / アルファポリスCOMICS[星雲社]		
0	julia-ga-kubittake	ジュリアが首ったけ	standard	通常版	Be×boy comics	7	Be×boy comics[リブレ,リブレ出版] / ビーボーイコミックス[リブレ] / ビーボーイコミックスデラックス[リブレ]		
0	juui-san-no-oshigoto-in-isekai	獣医さんのお仕事in異世界	standard	通常版	アルファポリスCOMICS	10	アルファポリスCOMICS[星雲社,星雲社 (発売)] / アルファポリスCOMICS[星雲社]		
0	k-shitsuki-1988	K	standard	通常版	SPコミックス	2	ACTION COMICS[双葉社] / ARIA[講談社]		
0	kabushikigaisha-tokugawa-ieyasu	株式会社徳川家康	standard	通常版	ホームコミックス	5	None[ホーム社] / ホームコミックス[ホーム社] / ホームコミックス[集英社]		
0	kaen-mazin	火閻魔人	standard	通常版	Jets comics	2	Jets comics[白泉社] / ガムコミックスプラス[ワニブックス]		
0	kagaku-chop	カガクチョップ	standard	通常版	METEOR COMICS	6	METEOR COMICS[ほるぷ出版] / メテオCOMICS[ほるぷ出版,フレックスコミックス]		
0	kagaku-no-ouji-to-mahou-no-hime	科学の王子と魔法の姫	standard	通常版	アスキー・メディアワークス	3	アスキー・メディアワークス[角川グループパブリッシング] / 電撃コミックス[KADOKAWA,角川グループパブリッシング]		
0	kagerou-days	カゲロウデイズ	standard	通常版	MFコミックス	13	MFコミックス[KADOKAWA,メディアファクトリー] / MFコミックス[KADOKAWA] / MFコミックス[KADOKAWA]		
0	kagihime-monogatari-eikyuu-alice-rondo	鍵姫物語永久アリス輪舞曲	standard	通常版	DENGEKI COMICS	4	DENGEKI COMICS[角川書店 (発売)] / DENGEKI COMICS[角川書店]		
0	kahogo-shitsuji-niwa-unzari-desu	過保護執事にはうんざりです。	standard	通常版	Missy comics	2	Missy comics[宙出版] / ネクストFコミックス[ジャイブ]		
0	kakoku-ayakashi-koukyuu-tan	迦国あやかし後宮譚	standard	通常版	アルファノルンCOMICS	3	アルファノルンCOMICS[星雲社 (発売)] / アルファノルンCOMICS[星雲社]		
0	kamen-no-maid-guy	仮面のメイドガイ	standard	通常版	Kadokawa Comics Dragon Jr.	15	DRAGON COMICS AGE[角川グループパブリッシング] / Kadokawa Comics Dragon Jr.[角川グループパブリッシング,角川書店] / ドラゴンコミックスエイジ[角川グループパブリッシング]		
0	kami-naki-sekai-no-kami-sama-katsudou	神無き世界のカミサマ活動	standard	通常版	HCヒーローズコミックス	13	HCヒーローズコミックス[小学館クリエイティブ,小学館クリエイティブ (発] / HCヒーローズコミックス[小学館クリエイティブ]		
0	kami-ni-aisareta-ko	神に愛された子	standard	通常版	アルファポリスCOMICS	8	アルファポリスCOMICS[星雲社,星雲社 (発売)] / アルファポリスCOMICS[星雲社,星雲社 (発売)] / アルファポリスCOMICS[星雲社]		
0	kami-sama-ga-asonderu	神様が遊んでる	standard	通常版	SUPER BBC	2	SUPER BBC[青磁ビブロス] / Super be-boy comics[ビブロス]		
0	kami-sama-no-gakkou	神様の学校	standard	通常版	アルファノルンCOMICS	3	アルファノルンCOMICS[星雲社 (発売)] / アルファノルンCOMICS[星雲社]		
0	kami-sama-no-inai-nichiyoubi	神さまのいない日曜日	standard	通常版	ドラゴンコミックスエイジ	4	ドラゴンコミックスエイジ[KADOKAWA,角川グループパブリッシング] / ドラゴンコミックスエイジ[角川グループパブリッシング]		
0	kamiari	かみあり	standard	通常版	REXコミックス	9	IDコミックス[一迅社,講談社] / REXコミックス[一迅社] / Rex comics[一迅社]		
0	kamui	Kamui	standard	通常版	stencil comics	11	GANGAN WING COMICS[スクウェア・エニックス] / stencil comics[エニックス]		
0	kanchigai-no-atelier-maisutaa	勘違いの工房主(アトリエマイスター)	standard	通常版	アルファポリスCOMICS	12	アルファポリスCOMICS[星雲社,星雲社 (発売)] / アルファポリスCOMICS[星雲社,星雲社 (発売)] / アルファポリスCOMICS[星雲社]		
0	kaniteki-pervert-romance	簡易的パーバートロマンス	standard	通常版	Bloom	7	Bloom[集英社] / EYES COMICS.Bloom[集英社,集英社 (発売)]		
0	kankanbiyori	艦々日和	standard	通常版		11	None[Gzブレイン,KADOKAWA] / None[Gzブレイン] / None[KADOKAWA,KADOKAWA・DWANGO]		
0	kao-ni-doro-o-nuru	顔に泥を塗る	standard	通常版	タタン	8	ゼノンコミックス[コアミックス] / タタン[竹書房]		
0	kara-no-kyoukai	空の境界	standard	通常版	Dengeki Comics EX	12	星海社COMICS[講談社,講談社 (発売)] / 星海社COMICS[講談社] / 星海社COMICS[講談社] / 星海社COMICS[講談社]		
0	karada-ga-koisuru-keiyaku-kekkon	カラダが恋する契約結婚	standard	通常版	Clair TLcomics	5	Clair TLcomics[星雲社 (発売)] / Clair TLcomics[星雲社]		
0	karei-ni-rien-shitemisemasu-wa	華麗に離縁してみせますわ!	standard	通常版	Regina COMICS	6	Regina COMICS[星雲社 (発売)] / Regina COMICS[星雲社] / Regina COMICS[星雲社]		
0	kareinaru-shishi-no-okinimesu-mama	華麗なる獅子のお気に召すまま	standard	通常版	Missy comics	5	Missy comics[宙出版] / ネクストFコミックス[ジャイブ,ジャイブ (発売)]		
0	karneval	カーニヴァル	standard	通常版	IDコミックス	28	IDコミックス[一迅社,講談社] / Zero-sum comics[一迅社]		
0	katabami-to-ougon	片喰と黄金	standard	通常版	ヤングジャンプコミックス・ウルトラ	10	ヤングジャンプコミックス・ウルトラ[集英社] / ヤンマガKC[講談社]		
0	kawaii-imouto-ga-konyaku-haki-sareta-rashii-node-ima-kara-orei-ni-mairimasu	可愛い義妹が婚約破棄されたらしいので、今から「御礼」に参ります。	standard	通常版	Regina COMICS	5	Regina COMICS[星雲社,星雲社 (発売)] / Regina COMICS[星雲社]		
0	kawaita-watashi-o-sono-ai-de-yurashite	渇いた私をその愛で揺らして	standard	通常版	セ・キララコミックス	8	Se・kirara comics[リブレ] / セ・キララコミックス[ZITTO]		
0	kazenowatokinowasunanowa	風の輪・時の和・砂の環	standard	通常版	Wings comics	2	ASUKA COMICS DX[角川書店] / Wings comics[新書館]		
0	ken-no-joou-to-rakuin-no-ko	剣の女王と烙印の仔	standard	通常版	MFコミックス	4	MFコミックス[KADOKAWA,メディアファクトリー] / MFコミックス[メディアファクトリー]		
0	kichijouji-catwalk	吉祥寺キャットウォーク	standard	通常版	BEAM COMIX	3	BEAM COMIX[角川グループパブリッシング] / ビームコミックス[KADOKAWA,角川グループパブリッシング]		
0	kimino-unaji-ni-kanpai	キミのうなじに乾杯!	standard	通常版	バーズコミックス	2	BIRZ COMICS[幻冬舎] / バーズコミックス[ソニー・マガジンズ]		
0	kinzoo-no-agatte-nanbo	キンゾーの上ってなンボ!!	standard	通常版	Sankei comics	8	劇画キングシリーズ[スタジオ・シップ] / 劇画キングシリーズ[小池書院]		
0	kirikiritei-no-buraun-sensei	きりきり亭のぶら雲先生	standard	通常版	バーズコミックス	6	スコラSCデラックス[スコラ] / バーズコミックス[幻冬舎]		
0	kiryuuin-kaya-ni-chi-o-suwareru-dake-no-kan-tan-na-oshigoto	鬼龍院カヤに血を吸われるだけの簡単なおしごと	standard	通常版	ドラゴンコミックスエイジ	3	ドラゴンコミックスエイジ[角川グループパブリッシング,角川グループホールデ] / ドラゴンコミックスエイジ[角川グループパブリッシング]		
0	kodomo-kagaku-gijutsu-hakusho	子ども科学技術白書	standard	通常版		3	None[国立印刷局] / None[大蔵省印刷局]		
0	koharu-hiyori-mizuki-2004	こはるびより	standard	通常版	DENGEKI COMICS	5	DENGEKI COMICS[角川グループパブリッシング,角川書店] / 電撃コミックス[角川グループパブリッシング]		
0	koi-to-senkyo-to-chocolate	恋と選挙とチョコレート	standard	通常版	電撃コミックス	6	アスキー・メディアワークス[KADOKAWA,角川グループパブリッシング] / 電撃コミックス[KADOKAWA,角川グループパブリッシング]		
0	koi-yori-aoku	恋より青く	standard	通常版	オギャー!!	5	オギャー!![集英社,集英社 (発売)] / 集英社ホームコミックス. オギャー!![集英社]		
0	kokoro-connect-on-air	ココロコネクト	standard	通常版	ファミ通クリアコミックス	5	ファミ通クリアコミックス[KADOKAWA,角川グループパブリッシング] / ファミ通クリアコミックス[角川グループパブリッシング]		
0	komorebi-no-hito	木洩れ日のひと	standard	通常版	FC swing	6	FC swing[祥伝社] / FC swing[祥伝社] / None[光文社]		
0	konjou-no-koi	紺青の恋	standard	通常版	ヒーローズコミックスふらっと	3	ヒーローズコミックスふらっと[小学館クリエイティブ,小学館クリエイティブ (発] / ヒーローズコミックスふらっと[小学館クリエイティブ]		
0	konyakuhakisaretaonnahaosananajiminiitadakarechaimashitaichi	婚約破棄された女は幼なじみにいただかれちゃいました。	standard	通常版	Daito comics TL (teens love) シリーズ	4	Daito comics TL (teens love) シリーズ[大都社 (発売)] / Daito comics TLシリーズ[大都社]		
0	koodogiasu-shikkoku-no-renya	コードギアス 漆黒の蓮夜	standard	通常版	角川コミックス・エース	7	角川コミックス・エース[KADOKAWA,角川グループパブリッシング,角] / 角川コミックス・エース[角川グループパブリッシング] / 角川コミックス・エース[角川グループパブリッシング]		
0	kore-wa-zombie-desu-ka	これはゾンビですか?	standard	通常版	ドラゴンコミックスエイジ	8	ドラゴンコミックスエイジ[KADOKAWA,角川グループパブリッシング,角] / ドラゴンコミックスエイジ[角川グループパブリッシング]		
0	kore-wa-zombie-desu-ka-hai-anata-no-yome-desu	これはゾンビですか? はい、アナタの嫁です	standard	通常版	角川コミックス・エース	5	角川コミックス・エース[角川グループパブリッシング,角川グループホールデ] / 角川コミックス・エース[角川グループパブリッシング]		
0	koushakuke-ni-umarete-shonichi-ni-atotsugi-shikkaku-no-rakuin-o-osaremashita-ga-kyou-mo-genki-ni	公爵家に生まれて初日に跡継ぎ失格の烙印を押されましたが今日も元気に生きてます!	standard	通常版	Regina COMICS	6	Regina COMICS[星雲社 (発売)] / Regina COMICS[星雲社] / Regina COMICS[星雲社]		
0	kuooto-ando-half	1/4×1/2	standard	通常版	眠れぬ夜の奇妙な話コミックス	7	Nemuki+コミックス[朝日新聞出版] / Nemuki+コミックス[朝日新聞出版] / [ソノラマコミックス][朝日新聞出版] / 眠れぬ夜の奇妙な話コミックス[朝日ソノラマ]		
0	kurumi-no-naka	胡桃の中	standard	通常版	Be-boy comics	4	Zero comics[リブレ出版] / クロフネcomics[リブレ]		
0	kuudere-zuma	クーデレづま	standard	通常版	occupai	3	occupai[星雲社 (発売)] / occupai[星雲社]		
0	kuuki-ga-yomeru-shinnyuu-shine-to-buaiso-na-senpai	空気が(「読める」)新入社員と無愛想な先輩	standard	通常版	IDコミックス	7	IDコミックス. Zero-sum comics[講談社] / IDコミックス[一迅社,講談社] / IDコミックス[講談社]		
0	kuusou-kagaku-edison	空想科学エジソン	deluxe	デラックス版	バーズコミックスデラックス	3	BIRZ COMICS DELUXE[幻冬舎] / バーズコミックスデラックス[ソニー・マガジンズ]		
0	kuusou-kagaku-taisen	空想科学大戦	standard	通常版	空想科学COMICALIZATION	4	空想科学COMICALIZATION[ソニー・マガジンズ,メディアファクトリー] / 空想科学COMICALIZATION[メディアファクトリー]		
0	kyojinzoku-no-hanayome	巨人族の花嫁	standard	通常版	Glanz BLcomics	10	Glanz BLcomics[星雲社,星雲社 (発売)] / Glanz BLcomics[星雲社]		
0	kyonyuu-to-loli-to-boyish	巨乳とロリとボーイッシュ	standard	通常版	IDコミックス／REXコミックス	2	IDコミックス[講談社] / IDコミックス／REXコミックス[一迅社]		
0	kyou-kara-city-hunter-2021	今日から City hunter	standard	通常版	ゼノンコミックス	18	ゼノンコミックス[コアミックス,徳間書店] / ゼノンコミックス[コアミックス] / ゼノンコミックス[コアミックス]		
0	kyou-kara-keiyaku-kazoku-hajimemasu	今日から、契約家族はじめます	standard	通常版	アルファノルンCOMICS	3	アルファノルンCOMICS[星雲社,星雲社 (発売)] / アルファノルンCOMICS[星雲社]		
0	kyoukaisenjou-no-horizon	境界線上のホライゾン	standard	通常版	電撃コミックス	6	アスキー・メディアワークス[角川グループホールディングス] / 電撃コミックス[KADOKAWA,角川グループパブリッシング] / 電撃コミックス[KADOKAWA]		
0	kyuuketsuki	吸血姫	standard	通常版	Flex comix	5	Flex comix[ソフトバンククリエイティブ] / フレックスコミックス[ほるぷ出版]		
0	kyuukoku-no-meshia	救国のメシア	standard	通常版	Missy comics	2	Missy comics[宙出版] / ネクストFコミックス[ジャイブ]		
0	kyuukyoku-no-komyushou-wotaku-joshi-no-watashi-ga-soshage-no-sekai-ni-kita-kedo-oshi-ga-toutosugite	究極のコミュ障オタク女子の私がソシャゲの世界にきたけど、推しが尊すぎてつらい	standard	通常版	Missy comics	6	Missy comics[宙出版] / ネクストFコミックス[ジャイブ]		
0	last-exile-ginyoku-no-fam	ラストエグザイル 銀翼のファム	standard	通常版	角川コミックス・エース	3	角川コミックス・エース[●角川グループパブリッシング（東京）] / 角川コミックス・エース[角川グループパブリッシング]		
0	lemon-angel	レモンエンジェル	standard	通常版	YOUNGJUMP COMICSSPECIAL	10	None[集英社] / YOUNGJUMP COMICSSPECIAL[集英社] / ヤングジャンプ・コミックス[集英社] / ヤングジャンプ・コミックス・スペシャル[ホーム社,集英社]		
0	little-busters-end-of-refrain	リトルバスターズ!End of Refrain	standard	通常版	アスキー・メディアワークス	4	アスキー・メディアワークス[KADOKAWA] / アスキー・メディアワークス[角川グループパブリッシング] / 電撃コミックス[KADOKAWA] / 電撃コミックス[KADOKAWA]		
0	log-horizon	ログ・ホライズン	standard	通常版	ファミ通クリアコミックス	11	ドラゴンコミックスエイジ[KADOKAWA,角川グループパブリッシング] / ドラゴンコミックスエイジ[KADOKAWA] / ファミ通クリアコミックス[角川グループパブリッシング]		
0	love-control	恋愛操作	standard	通常版	Super be-boy comics	9	Super be-boy comics[リブレ出版] / Super be×boy comics[リブレ] / Super be×boy comics[リブレ出版] / スーパービーボーイコミックス[リブレ]		
0	loveless	LOVELESS	standard	通常版	IDコミックス	13	IDコミックス[スタジオDNA,一迅社] / IDコミックス[講談社]		
0	machigai-shoukan	間違い召喚!	standard	通常版	アルファポリスCOMICS	5	アルファポリスCOMICS[星雲社,星雲社 (発売)] / アルファポリスCOMICS[星雲社]		
0	machine-doll-wa-kizutsukanai	機巧少女は傷つかない	standard	通常版	MFコミックス	9	MFコミックス[KADOKAWA,メディアファクトリー] / MFコミックス[メディアファクトリー] / MFコミックス[メディアファクトリー]		
0	magical-dream-kirapichi-5	マジカル★ドリームキラピチ5	standard	通常版	ピチコミックス	4	ピチコミックス[学研プラス] / ピチコミックス[学研マーケティング]		
0	magical-miracle	Magical×Miracle	standard	通常版	Zero-sum comics	6	Zero-sum comics[スタジオDNA,一迅社] / Zero-sum comics[一賽舎]		
0	mahou-no-tenshi-creamy-mami-fukigenna-ohime-sama	魔法の天使クリィミーマミ不機嫌なお姫様	standard	通常版	タタン	7	ゼノンコミックス[コアミックス] / タタン[竹書房]		
0	mahou-shoujo-lyrical-nanoha-vivid-furu-colors	魔法少女リリカルなのはViVid FULL COLORS	standard	通常版	角川コミックス・エース	6	角川コミックス・エース[KADOKAWA] / 角川コミックス・エース[角川グループパブリッシング] / 角川コミックス・エース[角川グループパブリッシング]		
0	mahoujin-guruguru	魔法陣グルグル	standard	通常版	ガンガンコミックス	16	GANGAN COMICS[エニックス] / ガンガンコミックス[エニックス,スクウェア・エニックス]		
0	mahoutsukai-yousei-senmon-magic-star-gakuin	魔法使い養成専門マジックスター学院	standard	通常版	Gファンタジーコミックス	5	Gファンタジーコミックス[エニックス,スクウェア・エニックス] / Gファンタジーコミックス[エニックス]		
0	maid-kara-haha-ni-narimashita	メイドから母になりました	standard	通常版	Regina COMICS	13	Regina COMICS[星雲社,星雲社 (発売)] / Regina COMICS[星雲社] / Regina COMICS[星雲社]		
0	maji-de-watashi-ni-koishinasai-afterparty	真剣で私に恋しなさい!!afterparty!!	standard	通常版	電撃コミックス	5	アスキー・メディアワークス[角川グループホールディングス] / 電撃コミックス[KADOKAWA,角川グループパブリッシング,角] / 電撃コミックス[KADOKAWA]		
0	makai-ouji-devils-and-realist	魔界王子devils and realist	standard	通常版	IDコミックス	15	IDコミックス[一迅社,講談社] / IDコミックス[一迅社]		
0	maken-no-deshi-wa-munou-de-saikyou	魔剣の弟子は無能で最強!	standard	通常版	ガンガンコミックスup!	9	ガンガンコミックスup![スクウェア ・ エニックス,スクウェア・エニック] / ガンガンコミックスup![スクウェア・エニックス]		
0	makikomare-shoukan-soshite-watashi-wa-kami-deshita	巻き込まれ召喚!?そして私は『神』でした??	standard	通常版	アルファポリスCOMICS	8	アルファポリスCOMICS[星雲社,星雲社 (発売)] / アルファポリスCOMICS[星雲社]		
0	manga-de-zesshou-shinfogia	まんがDE絶唱しんふぉぎあ	standard	通常版	単行本コミックス	4	単行本コミックス[KADOKAWA,KADOKAWA (発売)] / 単行本コミックス[KADOKAWA]		
0	manga-nippon-no-rekishi	マンガ日本の歴史	bunkobon	文庫版	中公文庫	55	中公文庫[中央公論新社,中央公論社] / 中公文庫[中央公論社]		
0	manga-saiensu	まんがサイエンス	deluxe	デラックス版	ノーラコミックスdeluxe	14	ノーラコミックスdeluxe[学研] / ノーラコミックスdeluxe[学研教育出版,学習研究社]		
0	maouna-anoko-to-murabito-a	魔王なあの娘と村人A	standard	通常版	電撃コミックス	5	電撃コミックス[KADOKAWA,角川グループパブリッシング] / 電撃コミックス[KADOKAWA]		
0	maoyuu-4-koma-muitemasenyo-maousama	まおゆう4コマ「向いてませんよ、魔王様」	standard	通常版	マジキューコミックス	3	マジキューコミックス[KADOKAWA,角川グループパブリッシング] / マジキューコミックス[角川グループパブリッシング]		
0	maoyuu-maou-yuusha	まおゆう魔王勇者	standard	通常版	ファミ通クリアコミックス	8	ファミ通クリアコミックス[KADOKAWA,角川グループパブリッシング] / ファミ通クリアコミックス[KADOKAWA] / ファミ通クリアコミックス[角川グループパブリッシング]		
0	maoyuu-maou-yuusha-kono-ware-no-mono-to-nare-yuushayo-kotowaru	まおゆう魔王勇者 「この我のものとなれ、勇者よ」「断る!」	standard	通常版	角川コミックス・エース	18	角川コミックス・エース[KADOKAWA,角川グループパブリッシング,角] / 角川コミックス・エース[角川グループパブリッシング]		
0	maraya	マラヤ	standard	通常版	DENGEKI COMICS	4	DENGEKI COMICS[主婦の友社] / Dengeki Comics EX[主婦の友社,角川書店]		
0	mari-to-shingo	摩利と新吾	standard	通常版	木原敏江全集	13	木原敏江全集[角川書店] / 花とゆめCOMICS[白泉社]		
0	maria-holic	まりあ✝ほりっく	standard	通常版	MFコミックス	14	MFコミックス[KADOKAWA,メディアファクトリー] / MFコミックス[KADOKAWA]		
0	marii-to-ellie-no-atelier-zaaruburugu-no-renkinjutsushi-sekando-season	マリーとエリーのアトリエザールブルグの錬金術士 Second Season	standard	通常版	マジキューコミックス	5	マジキューコミックス[KADOKAWA,角川グループパブリッシング] / マジキューコミックス[KADOKAWA,角川グループパブリッシング]		
0	matsuoka-kunio-youkai-taiji	松岡國男妖怪退治	standard	通常版	角川コミックス・エース	4	角川コミックス・エース[KADOKAWA,●KADOKAWA,角川グルー] / 角川コミックス・エース[角川グループパブリッシング]		
0	mauri-to-ryuu	マウリと竜	deluxe	デラックス版	BBC deluxe	2	BBC deluxe[リブレ出版] / ビーボーイコミックスデラックス[リブレ]		
0	mayo-chiki	まよチキ!	standard	通常版	MFコミックス	7	MFコミックス[KADOKAWA,メディアファクトリー] / MFコミックス[メディアファクトリー]		
0	mental-diver	めんたるダイバー	standard	通常版	アスキーコミックス	4	アスキーコミックス[アスキー,アスキー出版局] / アスキーコミックス[アスキー]		
0	mida-love	みだlove♪	standard	通常版	IDコミックス	4	IDコミックス[一迅社,講談社] / IDコミックス[講談社]		
0	miira-no-kaikata	ミイラの飼い方	standard	通常版	ACTION COMICS	23	ACTION COMICS. COMiCO BOOKS[双葉社] / ACTION COMICS[NHN comico,双葉社]		
0	mikakunin-de-shinkoukei	未確認で進行形	standard	通常版	4コマkingsぱれっとcomics	16	4コマkingsぱれっとcomics[一迅社,講談社] / IDコミックス[講談社]		
0	mikosuri-gekijou-kuradashi	みこすり半劇場 蔵出し	standard	通常版		6	None[ぶんか社,日本文華社] / None[ぶんか社]		
0	milky-comic	milky comic	standard	通常版		5	None[ミリオン出版,大洋図書] / None[大洋図書]		
0	minivan	みにヴぁん	standard	通常版	角川コミックス・エース・エクストラ	7	単行本コミックス[KADOKAWA] / 角川コミックス・エース・エクストラ[角川グループパブリッシング,角川グループホールデ]		
0	mirrorman-2d	ミラーマン2D	standard	通常版	HCヒーローズコミックス	4	HCヒーローズコミックス[小学館クリエイティブ (発売)] / HCヒーローズコミックス[小学館クリエイティブ]		
0	missing	Missing	standard	通常版	DENGEKI COMICS	2	DENGEKI COMICS[角川書店] / 電撃コミックス[メディアワークス]		
0	mizu-no-mori-ki-tan	水の森綺譚	standard	通常版	MOEコミックス	4	MOEコミックス[MOE出版] / ファンタジーコミックス[偕成社] / 偕成社ファンタジーコミックス[偕成社]		
0	mizu-shika-denai-shinguu-koppu-o-sazukatta-boku-wa-fumou-no-ryouchi-de-suki-ni-ikiru-koto-ni	水しか出ない神具〈コップ〉を授かった僕は、不毛の領地で好きに生きる事にしました	standard	通常版	アルファポリスCOMICS	6	アルファポリスCOMICS[星雲社 (発売)] / アルファポリスCOMICS[星雲社,星雲社 (発売)]		
0	mobile-shinseiki-gundam-ekkusu	機動新世紀ガンダムX	standard	通常版	講談社コミックボンボン	4	Kadokawa Comics A[角川書店] / 講談社コミックスボンボン[講談社] / 講談社コミックボンボン[講談社]		
0	mobile-suit-crossbone-gundam-ghost	機動戦士クロスボーン・ガンダムゴースト	standard	通常版	角川コミックス・エース	12	角川コミックス・エース[KADOKAWA,角川グループパブリッシング] / 角川コミックス・エース[KADOKAWA,角川グループホールディングス]		
0	mobile-suit-gundam-00i	機動戦士ガンダム00I	standard	通常版	角川コミックス・エース	3	角川コミックス・エース[角川グループパブリッシング,角川グループパブリッ] / 角川コミックス・エース[角川グループパブリッシング]		
0	mobile-suit-gundam-emuesubuiaaru-jonii-raiden-no-kikan	機動戦士ガンダムMSV-R ジョニー・ライデンの帰還	standard	通常版	角川コミックス・エース	26	角川コミックス・エース[KADOKAWA,角川グループパブリッシング] / 角川コミックス・エース[KADOKAWA]		
0	mobile-suit-gundam-emuesuvui-aaru-uchuu-seiki-eiyuu-densetsu	機動戦士ガンダムMSV-R 宇宙世紀英雄伝説	standard	通常版	角川コミックスエース	9	角川コミックスエース[KADOKAWA,角川グループパブリッシング] / 角川コミックス・エース[KADOKAWA]		
0	mobile-suit-gundam-ji-origin	機動戦士ガンダムTHE ORIGIN	standard	通常版	角川コミックス・エース	24	角川コミックス・エース[KADOKAWA,角川グループパブリッシング,角] / 角川コミックス・エース[角川グループパブリッシング] / 角川コミックス・エース[角川書店] / 角川コミックス・エース[角川書店] / 角川コミックス・エース[角川書店]		
0	mobile-suit-gundam-san	機動戦士ガンダムさん	standard	通常版	Kadokawa Comics A	23	Kadokawa Comics A[角川グループパブリッシング,角川書店] / Kadokawa Comics A[角川グループパブリッシング] / Kadokawa Comics A[角川書店] / 角川コミックス・エース[KADOKAWA,角川グループパブリッシング] / 角川コミックス・エース[KADOKAWA,角川グループパブリッシング] / 角川コ		
0	mobile-suit-gundam-seed-ri	機動戦士ガンダムSEED Re:	standard	通常版	角川コミックスエース	3	角川コミックスエース[KADOKAWA] / 角川コミックスエース[角川グループパブリッシング]		
0	mobile-suit-gundam-shiidiiee-wakaki-suisei-no-shouzou	機動戦士ガンダム C.D.A.若き彗星の肖像	standard	通常版	角川コミックス・エース	14	角川コミックス・エース[角川グループパブリッシング,角川書店] / 角川コミックス・エース[角川グループパブリッシング,角川書店]		
0	mobile-suit-gundam-yuushii-bandeshine	機動戦士ガンダムUCバンデシネ	standard	通常版	角川コミックス・エース	17	角川コミックス・エース[KADOKAWA,角川グループパブリッシング,角] / 角川コミックス・エース[角川グループパブリッシング] / 角川コミックス・エース[角川グループパブリッシング]		
0	mobile-suit-zeta-gundam-difain	機動戦士ZガンダムDefine	standard	通常版	角川コミックス・エース	12	角川コミックス・エース[KADOKAWA,角川グループパブリッシング] / 角川コミックス・エース[KADOKAWA,角川グループパブリッシング] / 角川コミックス・エース[KADOKAWA] / 角川コミックス・エース[KADOKAWA]		
0	mobile-zekki-gundam-sequel	機動絶記ガンダムSEQUEL	standard	通常版	HCヒーローズコミックス	7	HCヒーローズコミックス[小学館クリエイティブ,小学館クリエイティブ (発] / HCヒーローズコミックス[小学館クリエイティブ] / HCヒーローズコミックス[小学館クリエイティブ]		
0	mobu-nanoni-makikomarete-imasu	モブなのに巻き込まれています	standard	通常版	Regina COMICS	3	Regina COMICS[星雲社 (発売)] / Regina COMICS[星雲社]		
0	mobuko-no-koi	モブ子の恋	standard	通常版	ゼノンコミックス	26	ゼノンコミックス[コアミックス,徳間書店] / ゼノンコミックス[コアミックス]		
0	mofumofu-to-isekai-slow-life-o-mezashimasu	もふもふと異世界でスローライフを目指します!	standard	通常版	アルファポリスCOMICS	16	アルファポリスCOMICS[星雲社,星雲社 (発売)] / アルファポリスCOMICS[星雲社] / アルファポリスCOMICS[星雲社]		
0	monogatari-no-naka-no-hito	物語の中の人	standard	通常版	アルファポリスCOMICS	13	アルファポリスCOMICS[星雲社,星雲社 (発売)] / アルファポリスCOMICS[星雲社] / アルファポリスCOMICS[星雲社]		
0	monster-hunter	モンスターハンター 閃光の狩人	standard	通常版	ファミ通クリアコミックス	10	ファミ通クリアコミックス[KADOKAWA,角川グループパブリッシング,角] / ファミ通クリアコミックス[角川グループパブリッシング]		
0	ms-saga	MS SAGA	standard	通常版	B-club comic	10	B-club comic[バンダイ] / None[バンダイ] / ガンダムアンソロジーコミック[主婦の友社] / 機動戦士ガンダムコミックアンソロジー[バンダイ,主婦の友社] / 機動戦士ガンダムコミックアンソロジー[主婦の友社] / 機動戦士ガンダムコミックアンソロジー[主婦の友社] / 機動戦士ガンダムコミックアンソロジー[主婦の友社]		
0	muchuu-de-tsunagaru-4	夢中でつながる午前4時	standard	通常版	LB COMICS	4	LB COMICS[講談社,講談社 (発売)] / LB COMICS[講談社]		
0	mugen-no-skill-getter	無限のスキルゲッター!	standard	通常版	アルファポリスCOMICS	6	アルファポリスCOMICS[星雲社,星雲社 (発売)] / アルファポリスCOMICS[星雲社]		
0	mune-kyun-deka	胸キュン刑事	standard	通常版	SHONEN MAGAZINE COMICS	6	SHONEN MAGAZINE COMICS[\講談社,講談社] / 講談社コミックス 月マ[講談社] / 講談社コミックス[講談社]		
0	murder-princess	MURDER PRINCESS	standard	通常版	DENGEKI COMICS	2	DENGEKI COMICS[角川グループパブリッシング] / DENGEKI COMICS[角川書店]		
0	mushiokuri-no-miko	虫葬りの巫女	standard	通常版	ヒーローズコミックスふらっと	4	ヒーローズコミックスふらっと[小学館クリエイティブ (発売)] / ヒーローズコミックスふらっと[小学館クリエイティブ]		
0	muv-luv-alternative	マブラヴオルタネイティヴ	standard	通常版	電撃コミックス	17	アスキー・メディアワークス[KADOKAWA,角川グループパブリッシング] / 電撃コミックス[KADOKAWA,角川グループパブリッシング]		
0	muv-luv-alternative-total-eclipse-rising	マブラヴオルタネイティヴトータル・イクリプスrising	standard	通常版	電撃コミックス	6	アスキー・メディアワークス[KADOKAWA] / 電撃コミックス[KADOKAWA,角川グループパブリッシング]		
0	nagasarete-airantou	ながされて藍蘭島	standard	通常版	ガンガンコミックス	44	ガンガンコミックス[エニックス,スクウェア・エニックス] / ガンガンコミックス[スクウェア・エニックス]		
0	nagato-yuki-chan-no-shoushitsu	長門有希ちゃんの消失	standard	通常版	角川コミックス・エース	10	角川コミックス・エース[KADOKAWA,角川グループパブリッシング] / 角川コミックス・エース[角川グループパブリッシング]		
0	nakazawa-deka-chosakushuu	中沢啓治著作集	standard	通常版		4	None[DINO BOX] / None[DINO BOX] / None[DINO BOX] / None[DINOBOX]		
0	nareru-esuii	なれる!SE	standard	通常版	ファミ通クリアコミックス	4	ファミ通クリアコミックス[KADOKAWA,角川グループパブリッシング,角] / ファミ通クリアコミックス[角川グループパブリッシング]		
0	naru-doma	ナルどマ	standard	通常版	ビーズログコミックス	2	ACTION COMICS[NHN comico] / ビーズログコミックス[KADOKAWA]		
0	nee-chan-no-tomodachi-ga-uzai-hanashi	姉ちゃんの友達がうざい話	standard	通常版		4	None[講談社,講談社 (発売)] / None[講談社]		
0	nekuromaria-hanashoubu	ネクロマリア-花菖蒲-	standard	通常版	E・2コミックス	2	E☆2コミックス[廣済堂出版] / E・2コミックス[廣済堂あかつき]		
0	neo-angelique	ネオアンジェリーク	standard	通常版	あすかコミックスDX	5	あすかコミックスDX[角川グループパブリッシング] / あすかコミックスDX[角川書店]		
0	netsuai-prince-oniichan-wa-kimi-ga-suki	熱愛プリンス お兄ちゃんはキミが好き	standard	通常版	ネクストFコミックス	24	Astro comics[宙出版] / ネクストFコミックス[ジャイブ,ジャイブ (発売)]		
0	nigakute-amai-refrain	にがくてあまいrefrain	standard	通常版	ヒーローズコミックスふらっと	7	ヒーローズコミックスふらっと[小学館クリエイティブ,小学館クリエイティブ (発] / ヒーローズコミックスふらっと[小学館クリエイティブ]		
0	niiche-sensei	ニーチェ先生	standard	通常版	MFコミックス	24	MFコミックス ジーンシリーズ[メディアファクトリー] / MFコミックス. ジーンシリーズ[KADOKAWA] / MFコミックス[KADOKAWA]		
0	nijinsky-guuwa	ニジンスキー寓話	standard	通常版	ぶ～けコミックス	5	ぶーけコミックス[秋田書店,集英社] / ぶ～けコミックス[集英社] / ぶ～けコミックス[集英社]		
0	nina-san-no-mahou-seikatsu	ニーナさんの魔法生活	standard	通常版	メテオCOMICS	6	[メテオCOMICS][フレックスコミックス] / メテオCOMICS[ほるぷ出版,フレックスコミックス]		
0	ningen-club	人間倶楽部	standard	通常版	Emerald comics Hi	14	Emerald comics Hi[主婦と生活社,宙出版] / Emerald comics[宙出版] / None[主婦と生活社]		
0	ninja-boy-tonton-tobimaru	忍者ボーイとんとん飛丸	standard	通常版	ジャンプ コミックス	7	ジャンプ コミックス[集英社] / ジャンプ・コミックス[講談社,集英社]		
0	nishimura-shinobu-no-kobe-motomachi-shimoyamate-dress	西村しのぶの神戸・元町“下山手ドレス”	standard	通常版	ニュータイプ100%コミックス	3	None[KADOKAWA] / ニュータイプ100%コミックス[角川書店] / 単行本コミックス[角川グループパブリッシング]		
0	noble-children-no-zankoku	ノーブルチルドレンの残酷	standard	通常版	シルフコミックス	2	シルフコミックス[KADOKAWA] / シルフコミックス[角川グループパブリッシング]		
0	nokemono-to-hanayome	ノケモノと花嫁	standard	通常版	通常版	8	BIRZ EXTRA[幻冬舎] / None[インデックス・コミュニケーションズ,モール・オブ]	canonical有	
0	nonbiri-buiaaruemuemuooki	のんびりVRMMO記	standard	通常版	アルファポリスCOMICS	14	アルファポリスCOMICS[星雲社,星雲社 (発売)] / アルファポリスCOMICS[星雲社]		
0	notari-matsutarou	のたり松太郎	shinsoban	ちばてつや全集(1997)	ちばてつや全集	21	ちばてつや全集[ホーム社,集英社] / ちばてつや全集[集英社]	canonical有	
0	nyan-koi	にゃんこい!	standard	通常版	Flex comix	6	Flex comix[ソフトバンククリエイティブ] / METEOR COMICS[ほるぷ出版]		
0	obaa-chan-shoujo-hinata-chan	老女的 (おばあちゃん) 少女ひなたちゃん	standard	通常版	ゼノンコミックス	11	Zenon comics = ゼノンコミックス[コアミックス] / ゼノンコミックス[コアミックス,徳間書店] / ゼノンコミックス[コアミックス] / ゼノンコミックス[徳間書店]		
0	ochikobore-hoshi-1-mahoutsukai-wa-kyou-mo-muishiki-ni-cheat-o-tsukau	落ちこぼれ〈☆1〉魔法使いは、今日も無意識にチートを使う	standard	通常版	アルファポリスCOMICS	7	アルファポリスCOMICS[星雲社 (発売)] / アルファポリスCOMICS[星雲社,星雲社 (発売)] / アルファポリスCOMICS[星雲社]		
0	oda-nobuna-no-yabou	織田信奈の野望	standard	通常版	角川コミックス・エース	6	角川コミックス・エース[KADOKAWA,角川グループパブリッシング,角] / 角川コミックス・エース[角川グループパブリッシング]		
0	offline-game	おふらいんげーむ	standard	通常版	ACTION COMICS	8	ACTION COMICS[双葉社] / Angel comics[エンジェル出版]		
0	oidasareta-bannoushoku-ni-atarashii-jinsei-ga-hajimarimashita	追い出された万能職に新しい人生が始まりました	standard	通常版	アルファポリスCOMICS	11	アルファポリスCOMICS[星雲社,星雲社 (発売)] / アルファポリスCOMICS[星雲社]		
0	oji-sama-koushaku-wa-koisuru-otoshigoro	おじさま侯爵は恋するお年頃	standard	通常版	Missy comics	16	Missy comics[宙出版] / ネクストFコミックス[ジャイブ,ジャイブ (発売)]		
0	oji-san-to-marshmallow	おじさんとマシュマロ	standard	通常版		5	None[一迅社] / None[一迅社] / None[一迅社] / None[一迅社] / None[講談社]		
0	ojoyan	お女ヤン!!	standard	通常版	魔法のiらんどコミックス	15	魔法のiらんどCOMICS[KADOKAWA] / 魔法のiらんどコミックス[KADOKAWA,角川グループパブリッシング,角]		
0	omae-ni-dakareru-nante-kiitenai	お前に抱かれるなんて聞いてない!	standard	通常版	caramelコミックス	6	caramelコミックス[日販アイ・ピー・エス,日販アイ・ピー・エス (発] / caramelコミックス[日販アイ・ピー・エス]		
0	omaera-zenin-mendokusai	お前ら全員めんどくさい!	standard	通常版	METEOR COMICS	10	METEOR COMICS[ほるぷ出版] / [メテオCOMICS][フレックスコミックス] / メテオCOMICS[ほるぷ出版,フレックスコミックス]		
0	omamori-himari	おまもりひまり	standard	通常版	Kadokawa Comics Dragon Jr.	12	DRAGON COMICS AGE[角川グループパブリッシング] / Kadokawa Comics Dragon Jr.[角川グループパブリッシング] / ドラゴンコミックスエイジ[KADOKAWA,角川グループパブリッシング]		
0	omega-7	オメガ7	standard	通常版	通常版	5	None[SBクリエイティブ] / None[ゴマブックス,ソフトバンククリエイティブ] / ドリマガcomics[ソフトバンクパブリッシング]	canonical有	
0	onihei-hankachou	鬼平犯科帳	standard	文春時代コミックス	文春時代コミックス	128	文春コミックス[文芸春秋] / 文春時代コミックス[文芸春秋,文芸春秋情報出版,文藝春秋] / 文春時代コミックス[文芸春秋,文芸春秋情報出版,文藝春秋] / 文春時代コミックス[文藝春秋]	canonical有	
0	onii-sama-to-chikai-no-bara	お兄様と誓いの薔薇	standard	通常版	Missy comics	4	Missy comics[宙出版] / ネクストFコミックス[ジャイブ]		
0	onna-no-ko-monogatari	おんなのこ物語	standard	通常版	Chuko comics	5	Chuko comics[中央公論社] / フラワーコミックス[小学館]		
0	ookami-koushaku-no-kyuukon	狼公爵の求婚	standard	通常版	Missy comics	3	Missy comics[宙出版] / ネクストFコミックス[ジャイブ]		
0	ore-janee-to-dame-na-kuseni	俺じゃねぇとダメなくせに	standard	通常版	ラブきゅんcomic	3	ラブきゅんcomic[日販アイ・ピー・エス,日販アイ・ピー・エス (発] / ラブきゅんcomic[日販アイ・ピー・エス]		
0	ore-no-kouhai-ga-konnani-kawaii-wake-ga-nai	俺の後輩がこんなに可愛いわけがない	standard	通常版	電撃コミックス	6	電撃コミックス[KADOKAWA,角川グループパブリッシング] / 電撃コミックス[KADOKAWA]		
0	ore-wa-chokkaku	おれは直角	standard	通常版	スーパービジュアル・コミックス	14	スーパービジュアル・コミックス[ビズコミュニケーションズジャパン,小学館] / スーパー・ビジュアル・コミックス[シヨウガクカン] / 少年サンデーコミックス[小学館]		
0	ore-wa-kimi-ni-yokujou-shimakuru-hentai-desu	俺はキミに欲情しまくる変態です…	standard	通常版	PILLOW	5	PILLOW[viviON viviON THOTH] / PILLOW[viviON]		
0	orfina-saga	Orfina SAGA	standard	通常版	Kadokawa Comics Dragon Jr.	7	DRAGON COMICS AGE[角川グループパブリッシング] / Kadokawa Comics Dragon Jr.[角川グループパブリッシング,角川書店]		
0	otona-no-shikumi	おとなのしくみ	standard	通常版	Ascii comix	4	ASPECT COMIX[アスペクト] / BEAM COMICS[エンターブレイン] / BEAM COMIX[エンターブレイン]		
0	ouchi-e-kaerou	おうちへかえろう	standard	通常版	079	3	079[三交社] / Charles Comics[三交社 (発売)]		
0	ouji-no-yuugana-seikatsu-kari	王子の優雅な生活（仮）	standard	通常版	眠れぬ夜の奇妙な話コミックス	3	Asahiコミックス[朝日新聞出版] / 眠れぬ夜の奇妙な話コミックス[朝日新聞出版,朝日新聞社]		
0	pachinko	ぱちん娘(こ)。	standard	通常版	星海社COMICS	8	星海社COMICS[講談社 (発売)] / 星海社COMICS[講談社]		
0	pachisuro-hitoritabi	パチスロひとり旅	standard	通常版	白夜コミックス	15	GW comics[ガイドワークス] / 白夜コミックス[白夜書房]		
0	pastel-kazoku	パステル家族	standard	通常版	ACTION COMICS	15	ACTION COMICS[NHN comico] / ACTION COMICS[双葉社]		
0	phantom-dead-or-arive	PHANTOM DEAD OR ARIVE	standard	通常版	ガンガンコミックス	8	ガンガンコミックス[エニックス,スクウェア・エニックス] / ガンガンコミックス[スクウェア・エニックス]		
0	puchimasu	ぷちます!	standard	通常版	Dengeki Comics EX	15	Dengeki Comics EX[KADOKAWA,角川グループパブリッシング] / Dengeki Comics EX[KADOKAWA] / Dengeki Comics EX[角川グループパブリッシング]		
0	punch	Punch↑	standard	通常版	Be-boy comics	7	Be-boy comics[リブレ出版] / Be×boy comics[リブレ出版] / ビーボーイコミックス[リブレ]		
0	rabauru-reppuu-kuusenroku	ラバウル烈風空戦録	standard	通常版	中公コミック・スーリスペシャル	6	中公コミック・スーリスペシャル[中央公論新社,中央公論社] / 中公コミック・スーリスペシャル[中央公論社]		
0	raijin-to-riiman	雷神とリーマン	standard	通常版	クロフネcomics	5	くろふねピクシブシリーズ[リブレ] / くろふねピクシブシリーズ[リブレ] / クロフネcomics[リブレ,リブレ出版]		
0	raki-suta	らき☆すた	standard	通常版	Kadokawa Comics	10	Kadokawa Comics[角川グループパブリッシング,角川書店] / [Kadokawa Comics][KADOKAWA] / 単行本コミックス[角川グループパブリッシング]		
0	rance-quest	ランス・クエスト	standard	通常版	電撃ジャパンコミックス	3	電撃ジャパンコミックス[KADOKAWA] / 電撃ジャパンコミックス[角川グループパブリッシング]		
0	rashanu	ラシャーヌ!	standard	通常版		7	None[小学館 (発売)] / 花とゆめCOMICS[白泉社] / 花とゆめコミックス[白泉社]		
0	rdg-red-data-girl	RDG レッド データ ガール	standard	通常版	角川コミックス・エース	5	角川コミックス・エース[KADOKAWA] / 角川コミックス・エース[KADOKAWA] / 角川コミックス・エース[角川グループパブリッシング,角川グループホールデ]		
0	re-monster	Re:Monster	standard	通常版	アルファポリスCOMICS	14	アルファポリスCOMICS[星雲社,星雲社 (発売)] / アルファポリスCOMICS[星雲社]		
0	reijou-wa-mattari-o-goshomou	令嬢はまったりをご所望。	standard	通常版	Regina COMICS	8	Regina COMICS[星雲社,星雲社 (発売)] / Regina COMICS[星雲社]		
0	reikan-doubutsu-tanteisha	霊感動物探偵社	standard	通常版	エルジーエーコミックス	15	LGA comics[青泉社] / エルジーエーコミックス[Bbmfマガジン,青泉社]		
0	reinou-tantei-miko	霊能探偵ミコ	standard	通常版	ワニマガジン・コミックス	7	None[ワニマガジン社] / ワニマガジン・コミックス[ワニマガジン,ワニマガジン社]		
0	ren-soushi-ni-shojo-o-sasagu	漣蒼士に処女を捧ぐ	standard	通常版	Clair TLcomics	7	Clair TLcomics[星雲社,星雲社 (発売)] / Clair TLcomics[星雲社] / Clair TLcomics[星雲社]		
0	rewrite-side-r	Rewrite: SIDE-R	standard	通常版	電撃コミックス	5	電撃コミックス[KADOKAWA] / 電撃コミックス[角川グループパブリッシング]		
0	rikei-ga-koi-ni-ochita-node-shoumei-shite-mita	理系が恋に落ちたので証明してみた。	standard	通常版	メテオCOMICS	21	METEOR COMICS[フレックスコミックス] / [メテオCOMICS][フレックスコミックス] / メテオCOMICS[ほるぷ出版,フレックスコミックス] / メテオCOMICS[フレックスコミックス]		
0	rikei-no-hitobito	理系の人々	standard	通常版		6	KITORA[KADOKAWA] / None[KADOKAWA,中経出版]		
0	risky-safety	リスキー☆セフティ	standard	通常版	DC	3	DC[メディアワークス] / DENGEKI COMICS[角川書店]		
0	robotics-notes-2012	Robotics;Notes	standard	通常版	ヤングジャンプ・コミックス・ウルトラ	4	Blade comics[マッグガーデン] / ヤングジャンプ・コミックス・ウルトラ[集英社]		
0	rockomanga	ROCKOMANGA!	standard	通常版		2	BURRN!叢書[シンコーミュージック・エンタテイメント] / None[リットーミュージック]		
0	roto-no-monshou	ロトの紋章	standard	通常版	ガンガンコミックス	34	ガンガンコミックス[エニックス] / ヤングガンガンコミックス[スクウェア・エニックス] / ヤングガンガンコミックス[スクウェア・エニックス]		
0	roukyuubu	ロウきゅーぶ!	standard	通常版	電撃コミックス	12	アスキー・メディアワークス[KADOKAWA] / アスキー・メディアワークス[角川グループパブリッシング] / 電撃コミックス[KADOKAWA] / 電撃コミックス[角川グループパブリッシング,角川グループホールデ]		
0	rudolf-turkey	ルドルフ・ターキー	standard	通常版	BEAM COMIX	7	BEAM COMIX[KADOKAWA,角川グループホールディングス] / HARTA COMIX[KADOKAWA]		
0	sagishi	詐騎士	standard	通常版	Regina COMICS	15	Regina COMICS[星雲社,星雲社 (発売)] / Regina COMICS[星雲社]		
0	saigo-ni-hitotsu-dake-onegai-shitemo-yoroshii-deshouka	最後にひとつだけお願いしてもよろしいでしょうか	standard	通常版	Regina COMICS	11	Regina COMICS[星雲社,星雲社 (発売)] / Regina COMICS[星雲社] / Regina COMICS[星雲社]		
0	saikin-imouto-no-yousu-ga-chotto-okashiindaga	最近、妹のようすがちょっとおかしいんだが。	standard	通常版	ドラゴンコミックスエイジ	11	DORAGON COMICS AGE[角川グループパブリッシング,角川グループホールデ] / ドラゴンコミックスエイジ[KADOKAWA,角川グループパブリッシング]		
0	saikyou-no-shokugyou-wa-yuusha-demo-kenja-demo-naku-kanteishi-kari-rashii-desu-yo	最強の職業は勇者でも賢者でもなく鑑定士〈仮〉らしいですよ?	standard	通常版	アルファポリスCOMICS	12	アルファポリスCOMICS[星雲社,星雲社 (発売)] / アルファポリスCOMICS[星雲社] / アルファポリスCOMICS[星雲社]		
0	saiyuuki-reload-blast	最遊記 RELOAD BLAST	standard	通常版	IDコミックス	3	IDコミックス[一迅社] / IDコミックス[講談社] / IDコミックススペシャル[一迅社]		
0	saku-wa-edo-nimo-sono-soshitsu	咲くは江戸にもその素質	standard	通常版	ビーズログコミックス	3	ACTION COMICS[NHN comico] / ビーズログコミックス[KADOKAWA]		
0	sakurasou-no-pet-na-kanojo	さくら荘のペットな彼女	standard	通常版	電撃コミックス	8	アスキー・メディアワークス[KADOKAWA] / アスキー・メディアワークス[角川グループパブリッシング] / 電撃コミックス[KADOKAWA] / 電撃コミックス[角川グループパブリッシング]		
0	salty-dog-2012	Salty-dog	standard	通常版		9	None[スタジオDNA,一迅社] / None[一迅社]		
0	samurai-spirits	サムライスピリッツ	standard	通常版	ケイブンシャの大百科 別冊	2	ケイブンシャの大百科 別冊[勁文社] / 講談社コミックスボンボン[講談社]		
0	sayounara-ryuusei-konnichiwa-jinsei	さようなら竜生、こんにちは人生	standard	通常版	アルファポリスCOMICS	16	アルファポリスCOMICS[星雲社,星雲社 (発売)] / アルファポリスCOMICS[星雲社]		
0	sazukarikon	授か離婚	standard	通常版	Shusui digital comics YLシリーズ	10	Shusui digital comics YLシリーズ[秋水社 (発行元),青泉社] / Shusui digital comics YLシリーズ[青泉社] / Shusui digital comics異世界シリーズ[青泉社]		
0	sega-no-game-wa-sekaiichiiii	セガのゲームは世界いちぃぃぃ!	standard	通常版	SB comics	3	None[ソフトバンククリエイティブ] / SB COMICSドリマガ[ソフトバンクパブリッシング] / SB comics[ソフトバンクパブリッシング]		
0	seihantai-na-watashitachi	正反対なわたしたち	standard	通常版		5	None[講談社,講談社 (発売)] / None[講談社]		
0	seikai-no-monshou	星界の紋章	standard	通常版	DENGEKI COMICS	8	METEOR COMICS[ほるぷ出版] / [メテオCOMICS][フレックスコミックス] / メテオCOMICS[ほるぷ出版,フレックスコミックス]		
0	seiken-no-blacksmith	聖剣の刀鍛冶	standard	通常版	MFコミックス	10	MFコミックス[KADOKAWA,メディアファクトリー] / MFコミックス[メディアファクトリー] / MFコミックス[メディアファクトリー] / MFコミックス[メディアファクトリー]		
0	seikoku-no-ryuukishi	星刻の竜騎士	standard	通常版	MFコミックス	13	MFコミックス[KADOKAWA] / MFコミックス[メディアファクトリー]		
0	seimori-seijo	聖森聖女	standard	通常版		5	LAKE[講談社] / None[講談社,講談社 (発売)]		
0	seinaru-hanayome-no-hanran	聖なる花嫁の反乱	standard	通常版	KCDX	10	Flex comix[ほるぷ出版,ソフトバンククリエイティブ] / フレックスコミックス[ほるぷ出版]		
0	seirei-mamori-no-kusushi-reijou-wa-konyaku-haki-o-tsukitsukerareta-you-desu	精霊守りの薬士令嬢は、婚約破棄を突きつけられたようです	standard	通常版	Regina COMICS	3	Regina COMICS[星雲社 (発売)] / Regina COMICS[星雲社]		
0	seisenki-eruna-saga-tsuu	聖戦記エルナサーガ Ⅱ	standard	通常版	Gファンタジーコミックス	7	Gファンタジーコミックス[エニックス,スクウェア・エニックス] / Gファンタジーコミックス[スクウェア・エニックス]		
0	sengoku-komachi-kurou-tan	戦国小町苦労譚	standard	通常版	EARTH STAR COMICS	20	EARTH STAR COMICS[アース・スターエンターテイメント,泰文堂] / EARTH STAR COMICS[アース・スターエンターテイメント] / EARTH STAR COMICS[泰文堂]		
0	sengokuhime	戦極姫	standard	通常版	Flex comix	5	Flex comix[ほるぷ出版,ソフトバンククリエイティブ] / METEOR COMICS[ほるぷ出版]		
0	senkouka-rubikura	閃光華るびくら	standard	通常版	GFC Gファンタジーコミックス	4	GFC Gファンタジーコミックス[エニックス] / GFC[エニックス,スクウェア・エニックス]		
0	sensei-no-otoriyose	先生のおとりよせ	deluxe	デラックス版	クロフネ comics deluxe	2	クロフネ comics deluxe[リブレ出版] / クロフネdeluxe[リブレ]		
0	seto-no-hanayome	瀬戸の花嫁	standard	通常版	GANGAN WING COMICS	16	GANGAN WING COMICS[エニックス,スクウェア・エニックス] / ガンガンコミックスjoker[スクウェア・エニックス]		
0	shachou-h-nago-houshi-ha-gyoumu-soto-desu	社長、Hなご奉仕は業務外です!	standard	通常版	Daito comics TL (teens love) シリーズ	9	Daito comics TL (teens love) シリーズ[大都社,大都社 (発売)] / Daito comics TLシリーズ[大都社] / Daitosha comic. Daito comics TLシリーズ[大都社]		
0	shakugan-no-shana-x-eternal-song-harukanaru-uta	灼眼のシャナX Eternal song―遥かなる歌―	standard	通常版	DENGEKI COMICS	4	DENGEKI COMICS[アスキー・メディアワークス] / DENGEKI COMICS[角川グループパブリッシング] / DENGEKI COMICS[角川グループパブリッシング]		
0	shibotte-ubatte-risarisa-chan	しぼってうばってリサリサちゃん!	standard	通常版	ヒーローズコミックスわいるど	3	ヒーローズコミックスわいるど[小学館クリエイティブ (発売)] / ヒーローズコミックスわいるど[小学館クリエイティブ]		
0	shin-agatte-nanbo-taichiyo-nakuna	新上ってなンボ!!太一よ泣くな	standard	通常版	劇画キングシリーズ	22	劇画キングシリーズ[スタジオ・シップ,小池書院] / 劇画キングシリーズ[小池書院]	canonical有	
0	shin-mobile-senki-gundam-wing-endless-waltz-haishatachi-no-eikou	新機動戦記ガンダムW Endless Waltz敗者たちの栄光	standard	通常版	角川コミックス・エース	14	角川コミックス・エース[KADOKAWA,角川グループパブリッシング,角] / 角川コミックス・エース[角川グループパブリッシング]		
0	shin-naniwa-kinyuudou	新ナニワ金融道	standard	通常版	通常版	20	GAコミックス[Bbmfマガジン] / GAコミックス[Bbmfマガジン] / SPA!COMICS[扶桑社] / SPA!コミックス[扶桑社] / Spa! comics[扶桑社]	canonical有	
0	shin-piihyoro-ikka	新・ぴーひょろ一家	shinsoban	ミッシィコミックスDX	ミッシィコミックスDX	4	ミッシィコミックスDX[主婦と生活社,宙出版] / ミッシイコミックスDX[主婦と生活社]	canonical有	
0	shinhensei-ron-sensei-no-mushimegane	新編成ロン先生の虫眼鏡	standard	通常版	講談社コミックス	3	None[コミックス] / 講談社コミックス[講談社]		
0	shinigami-doggy	死神DOGGY	standard	通常版	シルフコミックス	3	シルフコミックス[KADOKAWA,角川グループパブリッシング] / シルフコミックス[角川グループパブリッシング]		
0	shinigami-karen	死神可憐	standard	通常版	ミッシィコミックス	2	None[主婦と生活社] / ミッシィコミックス[宙出版]		
0	shinobiyoru-koi-wa-kusemono	忍びよる恋はくせもの	standard	通常版	ビーズログコミックス	5	ビーズログコミックス[KADOKAWA,角川グループパブリッシング] / ビーズログコミックス[角川グループパブリッシング]		
0	shinseiki-evangerion	新世紀エヴァンゲリオン	standard	通常版	角川コミックス・エース	14	Kadokawa Comics A[角川グループパブリッシング] / Kadokawa Comics A[角川書店] / 角川コミックス・エース[KADOKAWA] / 角川コミックス・エース[角川グループパブリッシング,角川書店] / 講談社コミックス・エース[角川書店]		
0	shinseiki-evangerion-ikari-shinji-ikusei-keikaku	新世紀エヴァンゲリオン 碇シンジ育成計画	standard	通常版	角川コミックス・エース	18	角川コミックス・エース[KADOKAWA,角川グループパブリッシング] / 角川コミックス・エース[KADOKAWA] / 角川コミックス・エース[角川グループパブリッシング,角川書店] / 角川コミックス・エース[角川グループパブリッシング] / 角川コミックス・エース[角川グループパブリッシング]		
0	shirobako	SHIROBAKO	standard	通常版	電撃コミックスNEXT	4	ブシロードコミックス[KADOKAWA (発売)] / 電撃コミックスNEXT[KADOKAWA]		
0	shishi-no-musume	獅子の娘	standard	通常版	Lovingコミックス	11	Bunkasha comics[ぶんか社] / Lovingコミックス[芳文社]		
0	shounen-joou	少年王女	standard	通常版	シルフコミックス	5	シルフコミックス[KADOKAWA,角川グループパブリッシング] / シルフコミックス[角川グループパブリッシング]		
0	shutter	シャッター	standard	通常版	アクション・コミックス	15	ACTION COMICS[双葉社] / アクション・コミックス[双葉社] / 劇画キングシリーズ[小池書院]		
0	soil	Soil	standard	通常版	BEAM COMIX	11	BEAM COMIX[エンターブレイン,角川グループパブリッシング] / BEAM COMIX[角川グループパブリッシング]		
0	sonic-the-hedgehog	ソニック・ザ・ヘッジホッグ	standard	通常版		8	None[フェーズシックス (発売)] / None[フェーズシックス (発売)] / None[フェーズシックス,フェーズシックス (発売)] / None[フェーズシックス]		
0	sono-koi-jihanki-de-kaemasuka	その恋、自販機で買えますか?	standard	通常版	063	4	063[三交社] / Charles Comics[三交社 (発売)]		
0	soubi-seisakukei-cheat-de-isekai-o-jiyuu-ni-ikite-ikimasu	装備製作系チートで異世界を自由に生きていきます	standard	通常版	アルファポリスCOMICS	6	アルファポリスCOMICS[星雲社,星雲社 (発売)] / アルファポリスCOMICS[星雲社]		
0	sougyoushachou	創業社長	standard	通常版	講談社コミックス	5	None[講談社] / 講談社コミックス[講談社/スコラ]		
0	soukon-no-shoujo-to-sourei-no-tabi	送魂の少女と葬礼の旅	standard	通常版	ゼノンコミックス	7	ZENON COMICS[コアミックス] / Zenon comics = ゼノンコミックス[コアミックス] / ゼノンコミックス[コアミックス,徳間書店]		
0	sousei-no-akuerion	創聖のアクエリオン	standard	通常版	Flex comix	6	Flex comix[ほるぷ出版,ソフトバンククリエイティブ] / フレックスコミックス[ほるぷ出版]		
0	souten-no-ken-regenesis	蒼天の拳リジェネシス	standard	通常版	ゼノンコミックス	6	ゼノンコミックス[コアミックス] / ゼノンコミックス[徳間書店]		
0	souzou-mahou-o-oboete-bannou-de-saikyou-ni-narimashita	〈創造魔法〉を覚えて、万能で最強になりました。	standard	通常版	アルファポリスCOMICS	5	アルファポリスCOMICS[星雲社,星雲社 (発売)] / アルファポリスCOMICS[星雲社]		
0	sowasowa-drawing	そわそわDrawing	standard	通常版	4コマkingsぱれっとcomics	4	4コマkingsぱれっとcomics[一迅社,講談社] / 4コマkingsぱれっとcomics[一迅社]		
0	sozai-saishuka-no-isekai-ryokouki	素材採取家の異世界旅行記	standard	通常版	アルファポリスCOMICS	9	アルファポリスCOMICS[星雲社,星雲社 (発売)] / アルファポリスCOMICS[星雲社] / アルファポリスCOMICS[星雲社]		
0	sprite-arimura-1995	SPRITE	standard	通常版	YKコミックス	9	None[光文社] / YKコミックス[少年画報社] / ヤングキングコミックス[少年画報社]		
0	starry-sky	Starry☆Sky	standard	通常版	ビーズログコミックス	4	ビーズログコミックス[KADOKAWA,角川グループパブリッシング] / ビーズログコミックス[角川グループパブリッシング]		
0	street-fighter-ii-ryu	ストリートファイターⅡ RYU	standard	通常版	トクマインターメディアコミックス	3	トクマインターメディアコミックス[徳間書店,徳間書店インターメディア] / トクマインターメディアコミックス[徳間書店インターメディア]		
0	strike-the-blood	ストライク・ザ・ブラッド	standard	通常版	電撃コミックス	10	アスキー・メディアワークス[角川グループホールディングス] / 電撃コミックス[KADOKAWA]		
0	super-danganronpa-2-nangoku-zetsubou-carnival	スーパーダンガンロンパ2南国ぜつぼうカーニバル!	standard	通常版		4	None[SBクリエイティブ,ソフトバンククリエイティブ] / None[SBクリエイティブ]		
0	super-lovers	SUPER LOVERS	standard	通常版	あすかコミックスCL-DX	21	あすかコミックスCL-DX[KADOKAWA,角川グループパブリッシング] / あすかコミックスCL-DX[角川グループパブリッシング]		
0	super-robot-taisen-og-ji-inspector-record-of-atx	スーパーロボット大戦OG-ジ・インスペクター-Record of ATX	standard	通常版	電撃コミックス	7	アスキー・メディアワークス[角川グループパブリッシング] / 電撃コミックス[KADOKAWA,角川グループパブリッシング] / 電撃コミックス[KADOKAWA]		
0	supoon-nihongoban	SPAWN日本語版	standard	通常版	DENGEKI AMERICAN COMICS	9	DENGEKI AMERICAN COMICS[メディアワークス,主婦の友社] / DENGEKI AMERICAN COMICS[主婦の友社]		
0	suzumiya-haruhi-chan-no-yuuutsu	涼宮ハルヒちゃんの憂鬱	standard	通常版	角川コミックス・エース	12	角川コミックス・エース[KADOKAWA,角川グループパブリッシング] / 角川コミックス・エース[角川グループパブリッシング]		
0	switch-2002	Switch	standard	通常版	stencil comics	13	G fantasy comics[スクウェア・エニックス] / GFC Gファンタジーコミックス[スクウェア・エニックス] / GFC[スクウェア・エニックス] / stencil comics[エニックス]		
0	sword-art-online-fairy-dance	ソードアートオンラインフェアリィ・ダンス	standard	通常版	電撃コミックス	3	電撃コミックス[KADOKAWA,角川グループパブリッシング] / 電撃コミックス[KADOKAWA]		
0	taboo-tattoo	タブー・タトゥー	standard	通常版	MFコミックス	13	MFコミックス[KADOKAWA,メディアファクトリー] / MFコミックス[メディアファクトリー]		
0	tachibanakan-try-anguru	立花館to lie (とらい) あんぐる	standard	通常版	IDコミックス	9	IDコミックス[一迅社] / IDコミックス[講談社] / IDコミックス[講談社]		
0	tajuu-jinkaku-tantei-psycho	多重人格探偵サイコ	standard	通常版	Kadokawa Comics A	24	Kadokawa Comics A[角川グループパブリッシング,角川書店] / Kadokawa Comics A[角川書店] / 角川コミックス・エース[KADOKAWA,角川グループパブリッシング]		
0	tajuu-jinkaku-tantei-psychoco	多重人格探偵サイチョコ	standard	通常版	角川コミックス・エース	4	角川コミックス・エース[角川グループパブリッシング,角川書店] / 角川コミックス・エース[角川書店]		
0	takane-no-hanao-kun	高嶺の花男くん	standard	通常版	Colorful!コミックス	7	Colorful!コミックス[日販アイ・ピー・エス,日販アイ・ピー・エス (発] / Colorful!コミックス[日販アイ・ピー・エス]		
0	tales-of-destiny2	Tales of Destiny2	standard	通常版	G fantasy comics	5	G fantasy comics[スクウェア・エニックス] / Gファンタジーコミックス カバー・帯[スクウェア エニックス] / Gファンタジーコミックス[スクウェア エニックス]		
0	tales-of-etaania-premium-stories	テイルズオブエターニア プレミアムストーリーズ	standard	通常版	GANGAN WING COMICS SPECIAL	6	GANGAN WING COMICS SPECIAL[エニックス,スクウェア・エニックス] / GANGAN WING COMICS SPECIAL[エニックス] / GANGAN WING COMICS SPECIAL[エニックス] / GANGAN WING COMICS[エニックス,スクウェア・エニックス]		
0	tales-of-symphonia-4-koma-kings	テイルズオブシンフォニア4コマkings	standard	通常版	DNAメディアコミックス	3	DNAメディアコミックス[スタジオDNA,一迅社] / DNAメディアコミックス[一迅社]		
0	tales-of-tv	テイルズオブTV	standard	通常版	Dengeki Comics EX	5	Dengeki Comics EX[KADOKAWA] / Dengeki Comics EX[KADOKAWA] / Dengeki Comics EX[角川グループパブリッシング]		
0	tales-of-xillia-side-jude	テイルズオブエクシリア SIDE;JUDE	standard	通常版	電撃コミックス	4	電撃コミックス[KADOKAWA] / 電撃コミックス[角川グループパブリッシング]		
0	tankii	童乩	standard	通常版	YJC・BJ	6	YJC・BJ[小学館,集英社] / ビジネスジャンプ[集英社] / ヤングジャンプ・コミックス[集英社]		
0	teida-neenee	太陽娘	standard	通常版	Judy comics	2	Happy wedding comics[宙出版] / Judy comics[小学館]		
0	tekipaki-waakin-rabu	てきぱきワーキン・ラブ	standard	通常版	アスキーコミックス	6	BEAM COMICS[エンターブレイン] / アスペクトコミックス[アスペクト]		
0	tenisaki-wa-yakushi-ga-sukunai-sekai-deshita	転移先は薬師が少ない世界でした	standard	通常版	Regina COMICS	7	Regina COMICS[星雲社 (発売)] / Regina COMICS[星雲社] / Regina COMICS[星雲社]		
0	tenkousen	天虹船	standard	通常版	ゼロコミックス	2	Zero comics[ビブロス] / ゼロコミックス[青磁ビブロス]		
0	tensei-babaa-wa-misugosenai	転生ババァは見過ごせない!	standard	通常版	Regina COMICS	8	Regina COMICS[星雲社 (発売)] / Regina COMICS[星雲社] / Regina COMICS[星雲社]		
0	tensei-koushaku-reijou-funtouki	転生侯爵令嬢奮闘記	standard	通常版	Regina COMICS	6	Regina COMICS[星雲社,星雲社 (発売)] / Regina COMICS[星雲社]		
0	tensei-kyuuketsuki-san-wa-ohirune-ga-shitai	転生吸血鬼さんはお昼寝がしたい	standard	通常版	EARTH STAR COMICS	13	EARTH STAR COMICS[アース・スターエンターテイメント] / EARTH STAR COMICS[泰文堂]		
0	tensei-shichatta-yo-iya-gomen	転生しちゃったよ〈いや、ごめん〉	standard	通常版	アルファポリスCOMICS	10	アルファポリスCOMICS[星雲社,星雲社 (発売)] / アルファポリスCOMICS[星雲社] / アルファポリスCOMICS[星雲社]		
0	tensei-youjo-shinjuu-to-ouji-to-saikyou-no-oji-san-youheidan-no-naka-de-ikiru	転生幼女。神獣と王子と、最強のおじさん傭兵団の中で生きる。	standard	通常版	Regina COMICS	5	Regina COMICS[星雲社 (発売)] / Regina COMICS[星雲社] / Regina COMICS[星雲社]		
0	tensei-youjo-wa-owabi-cheat-de-isekai-going-my-way	転生幼女はお詫びチートで異世界ごーいんぐまいうぇい	standard	通常版	アルファポリスCOMICS	6	アルファポリスCOMICS[星雲社 (発売)] / アルファポリスCOMICS[星雲社] / アルファポリスCOMICS[星雲社] / アルファポリスCOMICS[星雲社]		
0	tenseisaki-wa-moumoku-youjo-deshita	転生先は盲目幼女でした	standard	通常版	Regina COMICS	4	Regina COMICS[星雲社 (発売)] / Regina COMICS[星雲社] / Regina COMICS[星雲社]		
0	tetsusabi-haien	鉄錆廃園	standard	通常版		6	Biblos comics[ビブロス,青磁ビブロス] / None[青磁ビブロス] / Patsy comics[青磁ビブロス]		
0	the-new-gate	THE NEW GATE	standard	通常版	アルファポリスCOMICS	18	アルファポリスCOMICS[星雲社,星雲社 (発売)] / アルファポリスCOMICS[星雲社]		
0	the-walking-dead	ウォーキング・デッド	standard	通常版		10	None[ヴィレッジブックス,飛鳥新社] / None[ヴィレッジブックス]		
0	tiger-bunny	TIGER＆BUNNY	standard	通常版	角川コミックス・エース	9	角川コミックス・エース[KADOKAWA,角川グループパブリッシング] / 角川コミックス・エース[KADOKAWA] / 角川コミックス・エース[角川グループパブリッシング]		
0	toaru-chiisana-mura-no-cheat-na-kajiya-san	とある小さな村のチートな鍛冶屋さん	standard	通常版	Regina COMICS	3	Regina COMICS[星雲社 (発売)] / Regina COMICS[星雲社]		
0	toaru-hi-no-kuru	とある日のクル	standard	通常版	Daito comics PCシリーズ	4	Daito comics PC (pet comic) シリーズ[大都社] / Daito comics PCシリーズ[大都社] / Daito comics PCシリーズ[大都社] / ピチコミックス[学習研究社]		
0	toaru-kagaku-no-railgun-2025	とある科学の超電磁砲	standard	通常版	DENGEKI COMICS	20	DENGEKI COMICS[角川グループパブリッシング] / アスキー・メディアワークス[KADOKAWA] / 電撃コミックス[KADOKAWA,アスキー・メディアワークス,角] / 電撃コミックス[KADOKAWA] / 電撃コミックス[KADOKAWA] / 電撃コミックス[KADOKAWA] / 電撃コミックス[KADOKAWA] / 電撃コミック		
0	toaru-otsu-san-no-buiaaruemuemuoo-katsudouki	とあるおっさんのVRMMO活動記	standard	通常版	アルファポリスCOMICS	14	アルファポリスCOMICS[星雲社,星雲社 (発売)] / アルファポリスCOMICS[星雲社]		
0	tobe-isami	飛べ!イサミ	standard	通常版	テレビコミックス	10	テレビコミックス[NHK出版,日本放送出版協会] / テレビコミックス[日本放送出版協会] / テレビコミックス[日本放送出版協会]		
0	togainu-no-chi	咎狗の血	standard	通常版	B's-LOG COMICS	10	B's-LOG COMICS[エンターブレイン,角川グループパブリッシング] / ビーズログコミックス[角川グループパブリッシング] / ビーズログコミックス[角川グループパブリッシング]		
0	toki-no-gyouja	時の行者	shinsoban	講談社コミックスなかよし	講談社コミックスなかよし	5	None[コミックス] / 講談社コミックスなかよし[講談社]	canonical有	
0	tokuni-aru-hibi	とくにある日々	standard	通常版	ヒーローズコミックスわいるど	8	ヒーローズコミックスわいるど[小学館クリエイティブ,小学館クリエイティブ (発] / ヒーローズコミックスわいるど[小学館クリエイティブ]		
0	tokyo-ravens	東京レイヴンズ	standard	通常版	角川コミックス・エース	15	角川コミックス・エース[KADOKAWA,角川グループパブリッシング] / 角川コミックス・エース[角川グループパブリッシング]		
0	tomodachi-engage	トモダチ・エンゲージ	standard	通常版	Glanz BLcomics	5	Glanz BLcomics[星雲社,星雲社 (発売)] / Glanz BLcomics[星雲社]		
0	tomodachi-no-nee-chan-ni-koi-shita-hanashi	友達の姉ちゃんに恋した話	standard	通常版		4	None[講談社 (発売)] / None[講談社]		
0	tondemonai-ore-no-alpha	トンでもない俺のα	standard	通常版	Charles Comics	4	Charles Comics[三交社,三交社 (発売)] / Charles Comics[三交社]		
0	tono-chan-no-shimashima-eburidi	TONOちゃんのしましまえぶりでぃ	standard	通常版	眠れぬ夜の奇妙な話コミックス	5	Nemuki+コミックス[朝日新聞出版] / 眠れぬ夜の奇妙な話コミックス[朝日新聞出版,朝日新聞社]		
0	tono-to-isshokenmei	殿といっしょ	standard	通常版	MFコミックスフラッパーシリーズ	11	MFコミックス[KADOKAWA,メディアファクトリー] / MFコミックスフラッパーシリーズ[メディアファクトリー]		
0	toppu-o-nerae	トップをねらえ!	standard	通常版	角川コミックス・エース	5	角川コミックス・エース[KADOKAWA,角川グループパブリッシング] / 角川コミックス・エース[角川グループパブリッシング]		
0	toradora	とらドラ!	standard	通常版	電撃コミックス	12	アスキー・メディアワークス[KADOKAWA] / 電撃コミックス[KADOKAWA,角川グループパブリッシング] / 電撃コミックス[角川グループパブリッシング]		
0	torimania	トリマニア	standard	通常版	ガンガンコミックスonline	6	YOUNG ANIMAL COMICS[白泉社] / ガンガンコミックスonline[スクウェア・エニックス]		
0	touhou-ibara-kasen	東方茨歌仙	standard	通常版	Rex comics	10	IDコミックス[一迅社,講談社] / IDコミックス[一迅社,講談社] / Rex comics[一迅社]		
0	toy-s	Toy's	standard	通常版	ソニー・マガジンズコミックス	3	ソニー・マガジンズコミックス[ソニー・マガジンズ] / バーズコミックス[幻冬舎]		
0	tsuihousareta-sareta-jogenshi-no-guild-keiei	追放された〈助言士〉のギルド経営	standard	通常版	アルファポリスCOMICS	4	アルファポリスCOMICS[星雲社 (発売)] / アルファポリスCOMICS[星雲社]		
0	tsuki-ga-michibiku-isekai-douchuu	月が導く異世界道中	standard	通常版	アルファポリスCOMICS	17	アルファポリスCOMICS[星雲社,星雲社 (発売)] / アルファポリスCOMICS[星雲社] / アルファポリスCOMICS[星雲社]		
0	tsuki-tsuki	つきツキ!	standard	通常版	MFコミックス	7	MFコミックス[KADOKAWA,メディアファクトリー] / MFコミックス[メディアファクトリー]		
0	tsuri-baka-tachi	釣りバカたち	standard	通常版	漫画アクション・コミックス	7	None[コミックス,講談社] / None[コミックス] / None[コミックス]		
0	tsuri-baka-taishou	釣りバカ大将	standard	通常版	トラウママンガブックス	10	てんとう虫コミックス[小学館] / トラウママンガブックス[英知出版]		
0	tsuyokute-new-saga	強くてニューサーガ	standard	通常版	アルファポリスCOMICS	11	アルファポリスCOMICS[星雲社,星雲社 (発売)] / アルファポリスCOMICS[星雲社]		
0	tubame-syndrome	ツバメしんどろーむ	standard	通常版	角川コミックスドラゴンJr.	8	角川コミックスドラゴンJr.[角川グループパブリッシング] / 角川コミックスドラゴンJr.[角川書店]		
0	twinkle-saber-nova	ティンクルセイバーNOVA	standard	通常版	DNAコミックス	4	DNAコミックス[スタジオDNA] / IDコミックス[一迅社]		
0	uchi-no-nee-chan-to-kitara	うちの姉ちゃんときたら!	standard	通常版	メテオCOMICS	3	[メテオCOMICS][フレックスコミックス] / メテオCOMICS[ほるぷ出版,フレックスコミックス]		
0	uchuu-yuku-hansen	宇宙ゆく帆船	standard	通常版	ASUKA COMICS DX	2	ASUKA COMICS DX[角川書店] / 花とゆめCOMICS[白泉社]		
0	ukiyo-hatsukoi-emaki	浮世初恋絵巻	standard	通常版	Missy comics	2	Missy comics[宙出版] / ネクストFコミックス[ジャイブ]		
0	ultraman-2012	ULTRAMAN	standard	通常版	HC	21	HC[小学館クリエイティブ] / HCヒーローズコミックス[小学館クリエイティブ,小学館クリエイティブ (発] / HCヒーローズコミックス[小学館クリエイティブ]		
0	ultraman-the-first	ウルトラマンTHE FIRST	standard	通常版	KADOKAWA COMICS特撮A	3	KADOKAWA COMICS特撮A[角川書店] / 単行本コミックス[角川グループパブリッシング]		
0	upotte	うぽって!!	standard	通常版	Kadokawa Comics A Extra	15	Kadokawa Comics A Extra[角川グループパブリッシング] / 角川コミックス・エース・エクストラ[KADOKAWA,角川グループパブリッシング]		
0	uta-no-purinsusamatsu	うたの☆プリンスさまっ♪	standard	通常版	シルフコミックス	3	シルフコミックス[KADOKAWA] / シルフコミックス[KADOKAWA] / シルフコミックス[角川グループパブリッシング]		
0	violinist-of-hameln-shchelkunchik	続ハーメルンのバイオリン弾き	standard	通常版	ココカラコミックス	22	ココカラコミックス[林檎プロモーション,林檎プロモーション (発売)] / ココカラコミックス[林檎プロモーション]		
0	wagamama-diy	わがままDIY	standard	通常版		3	None[インプレス] / None[インプレス] / None[インプレスコミュニケーションズ]		
0	wandering-wonderland	わんだりんぐWONDERLAND	standard	通常版	アスキーコミックス	2	アスキーコミックス[アスキー] / アスキーコミックス[アスキー出版局]		
0	watashi-dake-no-shutchou-host-kun	私だけの出張ホストくん	standard	通常版	LB COMICS	3	LB COMICS[講談社 (発売)] / LB COMICS[講談社]		
0	watashi-no-meshia-sama	私の救世主さま	standard	通常版	ガンガンコミックス	13	G fantasy comics[スクウェア・エニックス] / Gファンタジーコミックス[スクウェア・エニックス] / ガンガンコミックス[エニックス,スクウェア・エニックス]		
0	watashi-no-uchi-niwa-nannimo-nai	わたしのウチには、なんにもない。	standard	通常版		4	None[KADOKAWA,角川グループパブリッシング] / エンターブレイン[KADOKAWA]		
0	witch-hand-craft	ウィッチ・ハンド・クラフト	standard	通常版		4	None[講談社 (発売)] / None[講談社] / None[講談社]		
0	wolf-ni-kiss	ウルフにKISS	standard	通常版	ジャンプスーパーコミックス	2	ジャンプスーパー コミックス[創美社] / ジャンプスーパーコミックス[集英社]		
0	wotaku-no-musume-san	おたくの娘さん	standard	通常版	角川コミックスドラゴンJr.	11	ドラゴンコミックスエイジ[角川グループパブリッシング] / 角川コミックスドラゴンJr.[角川グループパブリッシング,角川書店]		
0	yakumo-hyakkai	八雲百怪	standard	通常版	単行本コミックス	5	単行本コミックス[KADOKAWA] / 単行本コミックス[角川グループパブリッシング]		
0	yama-no-susume	ヤマノススメ	standard	通常版	EARTH STAR COMICS	27	EARTH STAR COMICS[アース・スターエンターテイメント,泰文堂] / EARTH STAR COMICS[アース・スターエンターテイメント]		
0	yasashii-sekai-no-tsukurikata	やさしいセカイのつくりかた	standard	通常版	電撃コミックス	6	アスキー・メディアワークス[KADOKAWA] / 電撃コミックス[KADOKAWA,角川グループパブリッシング]		
0	yasei-no-rasubosu-ga-arawareta	野生のラスボスが現れた!	standard	通常版	EARTH STAR COMICS	11	EARTH STAR COMICS[アース・スターエンターテイメント] / EARTH STAR COMICS[泰文堂]		
0	yosoji-no-ossan-kamisama-kara-cheat-nouryoku-o-9-ko-morau	四十路のおっさん、神様からチート能力(スキル)を9個もらう	standard	通常版	アルファポリスCOMICS	4	アルファポリスCOMICS[星雲社 (発売)] / アルファポリスCOMICS[星雲社]		
0	yotsuba-to	よつばと!	standard	通常版	DENGEKI COMICS	16	DENGEKI COMICS[角川グループパブリッシング,角川書店] / 電撃コミックス[KADOKAWA,メディアワークス,角川グループ]		
0	ys	イース	standard	通常版	Comp comics DX	7	Comp comics DX[角川書店] / Dengeki Comics EX[メディアワークス,主婦の友社] / コンプコミックス[角川書店]		
0	yumekui-kenbun	夢喰見聞	standard	通常版	stencil comics	9	G fantasy comics[スクウェア・エニックス] / GFC Gファンタジーコミックス[スクウェア・エニックス] / Gファンタジーコミックス[スクウェア・エニックス] / stencil comics[エニックス]		
0	yurafurube	ゆらふるべ	standard	通常版	G fantasy comics	3	G fantasy comics[SQUARE ENIX] / GFC Gファンタジー[スクウェア・エニックス] / GFC Gファンタジーコミックス[スクウェア・エニックス]		
0	yuri-seijin-naoko-san	百合星人ナオコサン	standard	通常版	Dengeki Comics EX	5	Dengeki Comics EX[KADOKAWA,角川グループパブリッシング,角] / 電撃コミックス[角川グループパブリッシング]		
0	yuusen-shoujo	有線少女	standard	通常版	アスキー・メディアワークス	3	アスキー・メディアワークス[KADOKAWA,角川グループパブリッシング] / 電撃コミックス[KADOKAWA]		
0	yuusha-ni-narenakatta-ore-wa-shibushibu-shuushoku-o-ketsui-shimashita	勇者になれなかった俺はしぶしぶ就職を決意しました。	standard	通常版	ドラゴンコミックスエイジ	4	DRAGON COMICS AGE[KADOKAWA] / ドラゴンコミックスエイジ[角川グループホールディングス]		
0	z	Z	standard	通常版	花とゆめコミックス	2	PRINCESS COMICS EXCELLENT[秋田書店] / 花とゆめコミックス[白泉社]		
0	zense-de-tsurai-omoi-o-shita-node-kami-sama-ga-shazai-ni-kimashita	前世で辛い思いをしたので、神様が謝罪に来ました	standard	通常版	アルファポリスCOMICS	6	アルファポリスCOMICS[星雲社 (発売)] / アルファポリスCOMICS[星雲社]		
0	zense-wa-kentei-konjou-kuzu-ouji	前世は剣帝。今生クズ王子	standard	通常版	アルファポリスCOMICS	9	アルファポリスCOMICS[星雲社,星雲社 (発売)] / アルファポリスCOMICS[星雲社]		
0	zero-in	ゼロイン	standard	通常版	角川コミックスドラゴンJr.	12	ドラゴンコミックスエイジ[角川グループパブリッシング] / 角川コミックスドラゴンJr.[角川グループパブリッシング,角川書店]		
0	zettai-harem	絶対★はーれむ	standard	通常版	ACTION COMICS	7	ACTION COMICS[双葉社] / Angel comics[エンジェル出版]		
0	zone-00	ZONE-00	standard	通常版	Zero comics	20	あすかコミックスDX[KADOKAWA,角川グループパブリッシング] / あすかコミックスDX[角川グループパブリッシング]		
