slug	last_pub_year	anilist_status	anilist_end_year
arakure-naito-koukou-bakusouhen	0	FINISHED	2003
hana-ga-chittemo	0	-	
noah-s-ark	0	FINISHED	2005
again	1976	FINISHED	1972
kanata-e	1976	-	
dongokudousuikoden	1978	-	
suzume-to-donguri	1978	-	
cecil-kibun	1980	-	
bokura-no-housoku	1981	-	
knock	1981	-	
nemuta-kun	1982	-	
ultra-shii	1982	-	
aa-bishamon-koukou	1983	FINISHED	1983
dosanko	1983	-	
gan-gara-gan	1983	FINISHED	1983
koronde-pockle	1983	FINISHED	1983
kuremutsu-doushin	1983	-	
madogiwazoku-no-pop-chan	1983	-	
mahoutsukai-no-deshi	1983	FINISHED	2025
maikon-deka	1983	-	
men-patchin	1983	-	
oozorarouman	1983	-	
raburabu-police	1983	-	
scramble-game	1983	-	
shiritsu-otokojuku	1983	-	
sono-na-mo-agarou	1983	FINISHED	1983
star-road	1983	FINISHED	1982
wanpaku-shiyouchikubai	1983	FINISHED	1983
blizzard-princess	1984	-	
futari-no-derby	1984	-	
inou-suit	1984	-	
kasumi-kun-no-something	1984	-	
katte-ni-senka	1984	-	
kirameki-green-age	1984	-	
manchara-kohinata-kun	1984	-	
mattanashi-yoshiko-ha-old-lady	1984	-	
milk-sousa-nikki	1984	-	
street-rider	1984	-	
yumenosuke-rabu-land	1984	FINISHED	1984
aishite-ageru	1985	-	
apple-dream	1985	FINISHED	1984
dassen-gannen	1985	-	
gakusei-no-ryoubun	1985	FINISHED	1985
green-romance	1985	-	
hadashi-no-shinwa	1985	-	
harukana-bishi	1985	-	
hotel-tantei-doll	1985	FINISHED	1984
kakuei-ikiru	1985	-	
kanamen-tantei-gen	1985	FINISHED	1976
maniakkusu-21	1985	FINISHED	1985
paradise-tsuushin	1985	-	
saizu-wa-mairudo-cup	1985	-	
satou-kun	1985	-	
seiken-wolf	1985	FINISHED	1985
shooting-star	1985	-	
sutoraikaa-rendetsu	1985	-	
yaminomitsuryoushi	1985	-	
zingy	1985	FINISHED	1984
an-wa-an	1986	FINISHED	1986
aoi-tori-no-densetsu	1986	-	
bikkuri-salad-note	1986	-	
blue-jean	1986	-	
bokura-no-jidai	1986	FINISHED	1986
hata-mochi-henkutsu-otoko	1986	-	
kimi-wa-norun	1986	-	
kinu-no-hero	1986	-	
koi-wa-jasumin	1986	FINISHED	1985
kouya-no-penguin	1986	-	
lion-ha-okite-iru	1986	FINISHED	1986
maajan-gorinnosho	1986	-	
maiko	1986	-	
mangetsu-usagi	1986	-	
paradise-gakuen	1986	-	
seiryuu-no-saga	1986	-	
b-c-toraianguru	1987	FINISHED	1987
chance-1987	1987	-	
dokuro-bouzu	1987	-	
doubles	1987	-	
famicom-cap	1987	-	
famicom-fuuunji	1987	FINISHED	1987
famicom-shounendan	1987	-	
ginga-no-tachi	1987	-	
happa-64	1987	FINISHED	1987
harajuku-pop-beat	1987	-	
hidokei-hanadokei	1987	-	
kami-no-ko	1987	-	
maboroshi-ugen	1987	-	
majindensetsu	1987	FINISHED	1984
ohayou-buddy	1987	-	
omatase-yoshihiko-kun	1987	-	
ore-wa-haruku	1987	FINISHED	
otome-no-jidai	1987	FINISHED	1986
ottamajakushi	1987	-	
road-runner	1987	-	
sakkaa-shounen-musashi	1987	-	
shishiou-den	1987	-	
takuya-connection	1987	-	
umi-chan-donna-iro	1987	-	
yamazaki-ginjirou	1987	FINISHED	1981
zero-racer	1987	-	
akujiyo-no-nichiyoubi	1988	-	
alkali-lady	1988	-	
bii-smile	1988	-	
bokura-taikutsu-zoku	1988	-	
butainu	1988	-	
charming	1988	-	
chichi-monogatari-ono	1988	-	
chotto-meiken	1988	-	
dancing	1988	-	
doku-no-onna	1988	FINISHED	1988
faiteingu-suiipaa	1988	-	
garandou	1988	-	
hananosakitarou	1988	FINISHED	1980
meikyuu-shinwa	1988	FINISHED	1986
meitantei-mr-katagiri	1988	FINISHED	1988
money-hunter	1988	-	
munasawagi-tendousetsu	1988	-	
natte-choudai-oomono-ni	1988	-	
nishi-kaigan-machi-feroozu	1988	-	
pocket-story	1988	-	
shinkon-u-fu-fu	1988	-	
task-1987	1988	-	
tomato-squash	1988	-	
totsugeki-wolf	1988	-	
uepon	1988	FINISHED	1988
wani-bunsho	1988	FINISHED	1981
youka-aruraune	1988	-	
youma-no-tsukai	1988	-	
zetsutsu-over-heart	1988	-	
aku-ga-yobu	1989	-	
ayakashi-hunter	1989	-	
bakudan-1985	1989	-	
banyuu-nari	1989	-	
channel-rabu	1989	-	
colorful-box	1989	FINISHED	
gooda-kun	1989	-	
ikenai-day-dream	1989	-	
karasu-1988	1989	-	
kodomo-wa-wakattekurenai	1989	-	
koishite-shimatsuta	1989	-	
kyuutarou-ga-yattekita	1989	FINISHED	1990
moeyo-koshien-washi-to-taka	1989	-	
mugenshinshikaikihen	1989	FINISHED	1991
odenwa-omachishitemasu	1989	-	
okinosawa-graffiti	1989	-	
ometto-swan	1989	-	
ribaibaru-wa-itsumo-densha-de	1989	-	
show-no-densetsu	1989	-	
tookyoobei-wild-cats	1989	-	
tv-jacker	1989	-	
violence-tokkyuu	1989	-	
worst-komuro-1970	1989	FINISHED	1971
yumekaribito	1989	-	
0-no-bible	1990	-	
1-pun-16-byou-zerohachi	1990	FINISHED	1990
abunougozaimasu-obotchama	1990	-	
aitakute	1990	-	
algo	1990	-	
appare-sakurada	1990	-	
ayuko	1990	-	
bangai-koshien	1990	-	
bara-no-jiyumon	1990	FINISHED	1990
chiguhagu	1990	-	
eagle-driver	1990	FINISHED	1990
envirion	1990	-	
hanabira-no-tou	1990	-	
hard-metal	1990	-	
hoshi-e-iku-fune	1990	-	
kiosk-flapper	1990	-	
mademoiselle-mozart	1990	FINISHED	1990
natsu-no-kyuujitachi	1990	-	
onikarijuu	1990	-	
piinatsu-doori	1990	-	
reinou-battle	1990	-	
rising-sun-matsumoto-1989	1990	FINISHED	1990
seeraafuku-monogatari	1990	-	
super-mario-land	1990	FINISHED	1990
the-green-eyes	1990	FINISHED	1990
tvo	1990	-	
7200-byou-no-romance	1991	FINISHED	1991
aijin	1991	-	
angel-boy	1991	-	
aoki-honoo	1991	FINISHED	1991
arahan	1991	-	
burai-za-kid	1991	-	
cho-hakkai	1991	-	
edokko-boy-gatten-tasuke	1991	FINISHED	1991
guy-saito-1990	1991	-	
hanran-niniroku-jiken	1991	-	
happy-talk	1991	FINISHED	1991
harajuku-fasshon-monogatari	1991	-	
heat-edge	1991	FINISHED	1991
izou-no-kimochi	1991	-	
kaze-kazoku	1991	-	
kazeoh	1991	FINISHED	
kenia-kusa-to-wakusei	1991	-	
kiba-no-ketsuzoku	1991	-	
kimi-ga-mezameru-toki	1991	-	
kyouryuu-carnival	1991	-	
mahou-de-sadondesu	1991	-	
miesugichatte-komaru-no	1991	FINISHED	1991
minamoto-no-yoshitsune	1991	FINISHED	1991
miracle-lingerie	1991	FINISHED	1991
miraikko-toshi-chan	1991	-	
mizukagegusa	1991	FINISHED	1991
momoka-coming	1991	-	
money-moon	1991	-	
negao-ha-micha-iyatsu	1991	-	
netsuretsuteki-hautou-girl	1991	-	
one-day-army	1991	-	
ragtime-blues	1991	FINISHED	1983
roko-mooshon	1991	-	
seirei-densetsu-hyuudii	1991	FINISHED	1991
shin-otoko-no-unchikugaku	1991	-	
sign-kosain-rabu-sign	1991	FINISHED	1994
teinensho-kun	1991	-	
tobe-anpanman	1991	-	
toumaden	1991	-	
uizaadorii-gaiden	1991	-	
wakaba-no-koi	1991	-	
working-class	1991	-	
yamihime-tensei	1991	-	
garfield	1992	-	
hata-manjirou-no-omoshiro-zukan	1992	-	
heisei-arashiyama-ikka	1992	-	
hime	1992	-	
hitomi-no-naka-no-oukoku	1992	-	
izumi-chan-gurafutei	1992	-	
jiimago-rhapsody	1992	-	
kazeomiruhito	1992	-	
kin-no-arekusandora	1992	-	
lesson-puro-densetsu-lion	1992	-	
lion-1986	1992	-	
maboroshi-no-natsu	1992	FINISHED	1992
morning-moon	1992	FINISHED	1992
mr-business	1992	-	
naisho-no-count-5	1992	FINISHED	
ochanoma	1992	FINISHED	1992
ohikae-nasutte	1992	-	
ojamakura	1992	FINISHED	1990
paradise-cafe	1992	FINISHED	
poison	1992	-	
power-bomb-theater	1992	-	
radical-guardian	1992	-	
rouman-girl	1992	-	
show-1992	1992	-	
struck	1992	FINISHED	1992
tonari-no-bonjingumi	1992	-	
toukyousei-ni-ikou	1992	-	
trucker-arikawa-taizou	1992	FINISHED	1992
yakyuu-doahou-den	1992	-	
yuukyuu-no-kaze-densetsu	1992	FINISHED	
antatchaburu	1993	-	
birth-night	1993	-	
boku-no-paato-2	1993	-	
change-up	1993	FINISHED	1993
diamond-ga-mabushikute	1993	-	
doguu-family	1993	FINISHED	1993
doremifa-doremi	1993	-	
fools-1992	1993	-	
heisei-dousei-monogatari	1993	-	
hell-madonna	1993	FINISHED	1992
hisho-ha-madonna	1993	-	
houkago-sentai-gotakkii	1993	-	
itoshi-no-kamira	1993	-	
iya-na-yatsu	1993	-	
kakutou-museigen-kyomusume-taamii	1993	-	
kantou-todonpa-otoko	1993	-	
kazunoko-densho	1993	-	
kennel-tokorozawa	1993	FINISHED	1992
koisuru-sayo-chan	1993	FINISHED	1993
kujiraninegaio	1993	FINISHED	1993
la-blue-girl	1993	-	
libido	1993	-	
lovelyn-monroe	1993	FINISHED	1992
luckyman	1993	-	
nijiironotorokkii	1993	-	
onda	1993	-	
onna-shachou	1993	-	
panorama-de-koi-o-shiyou	1993	-	
penguin-no-ou-sama	1993	FINISHED	1993
prince	1993	FINISHED	1993
rabbit-spirits	1993	-	
saizensen	1993	-	
sasurai-no-haken-shine-oryuu	1993	-	
singles-1992	1993	-	
super-sub	1993	-	
tenshi-no-shippo	1993	FINISHED	1993
tsuyoku-nariagare	1993	-	
unaseradi-tokyo	1993	FINISHED	1993
wagaya-no-sasae	1993	-	
watanabe	1993	FINISHED	1992
wizardry	1993	-	
aka-no-joker	1994	-	
akai-ito-1994	1994	-	
angelic-game	1994	-	
b-boy-blues	1994	-	
bust-shot	1994	-	
butennokaito	1994	FINISHED	1994
chou-shoujo-asuka-kyuuseishu-no-chi	1994	-	
choujin-rokku-seija-no-namida	1994	-	
cocktail-25-ji	1994	-	
cotton-candy	1994	-	
denshi-yousei-abatamo-ekubo	1994	FINISHED	1992
ex-boy	1994	-	
fight	1994	-	
fushigi-no-mori-no-monogatari	1994	-	
hanappe-bazooka	1994	FINISHED	1982
hitoe-chan-koi-nikki	1994	-	
injukaashisu	1994	-	
inu-to-ojou-sama	1994	FINISHED	
itten-shikai	1994	-	
jipang	1994	-	
kaijinki	1994	-	
koguma-no-march	1994	-	
kurara-shake	1994	FINISHED	1992
moeru-joshi-puroresu	1994	FINISHED	1994
nandemo-alice	1994	-	
nature-pilot	1994	-	
onna-tachi-no-miyako	1994	FINISHED	1994
opaline	1994	-	
osakana-wa-ami-no-naka	1994	FINISHED	1994
out	1994	FINISHED	1994
pochi-no-henachoko-daisakusen	1994	-	
pocket-park	1994	FINISHED	1994
poko-a-poko	1994	-	
psycho	1994	-	
rucha-doll-mai	1994	-	
sanchoume-boueigun	1994	FINISHED	1994
shin-eikou-naki-tensaitachi	1994	-	
the-debut	1994	-	
the-live	1994	-	
tokyo-ballad	1994	FINISHED	1994
trick-lip	1994	-	
yggdrasil	1994	-	
zoku-shishunki-miman-okotowari	1994	FINISHED	1994
ai-no-sakaagari	1995	-	
aijin-mari	1995	-	
akai-ookami	1995	-	
akutoreizaa	1995	FINISHED	1995
angel-hard	1995	FINISHED	1995
anton	1995	FINISHED	1995
atashi-tenshi-anata-akuma	1995	-	
banchou-wakusei	1995	FINISHED	1976
be-ing	1995	FINISHED	1994
biwako-yousai-1997	1995	-	
chocotto-choco-chan	1995	FINISHED	1995
chouai-no-hito	1995	-	
choujin-tatsumaki-bareebu	1995	-	
daisuki-1993	1995	-	
darkness-doll	1995	FINISHED	1995
edo-murasaki-tokkyuu	1995	-	
fukushuu-no-kyoujuu	1995	FINISHED	1983
futaridaka	1995	FINISHED	1985
happy-company	1995	-	
hizenya-juubei	1995	FINISHED	1995
i-love-you-1995	1995	-	
jewel-quest	1995	FINISHED	1995
jiraiya	1995	FINISHED	1986
kaiki-yumeji-kan	1995	-	
kaze-no-santa	1995	-	
kidan-yawa	1995	-	
kodomo-gokudou-bongadon	1995	-	
kodomotachi-wa-yoru-no-juunin	1995	FINISHED	1990
kotomonashikyouichirou	1995	-	
kyuukyoku-no-chef-wa-oishinbo-papa	1995	-	
leg-lover-the-pochi	1995	-	
magical-kid-tao	1995	-	
magnolia-waltz	1995	FINISHED	1995
matenshi-sayoko	1995	-	
merry-go-round	1995	FINISHED	1995
metal-hunters-d	1995	-	
misuteru-no-juunin	1995	-	
mosaic-city	1995	-	
mouryouki-den	1995	FINISHED	1995
nanja-ninja-monja-kun	1995	-	
nude	1995	-	
office-mate	1995	-	
osaru-na-masaru-kun	1995	-	
papa-wa-bakenshi	1995	-	
paraiso-road	1995	-	
paroyakyuu-news	1995	-	
rajikaru-guardian	1995	-	
re-birth	1995	-	
reisen-kikou-shiua	1995	-	
rocket-princess	1995	FINISHED	
romantic-ushinosuke	1995	-	
saiyuuki-1994	1995	-	
sale	1995	-	
sasurainogyanburaa	1995	-	
seishun-no-shippo	1995	FINISHED	1978
shiki-sentaro-1979	1995	-	
shinin-gari	1995	-	
sono-go-no-gegege-no-kitarou	1995	-	
tekki-kenshi-buouden	1995	-	
tonde-buurin-ikeda1995	1995	FINISHED	1995
toudai-kaishingeki	1995	-	
tsuki-no-pure-hoshiyami-no-sapphire	1995	-	
two-hearts	1995	FINISHED	1995
world-heroes-1994	1995	-	
yamiyo-no-hon	1995	FINISHED	1983
yukino-scramble	1995	FINISHED	1995
yuumu	1995	-	
3d-boys	1996	-	
airin-dream	1996	FINISHED	1996
andarushiahime	1996	-	
ao-ringo-meikyuu	1996	FINISHED	
belle-saison	1996	-	
body	1996	-	
boom-town	1996	FINISHED	1996
burasu-knuckle	1996	FINISHED	1995
chotto-gomen-neko	1996	-	
chou-diienuei-suit-furogguman	1996	-	
daidaya-toogoo	1996	FINISHED	1990
detana-tsuinbii	1996	-	
embryo	1996	FINISHED	1996
fake-1991	1996	FINISHED	1996
final-age	1996	FINISHED	1996
futaridake-no-season	1996	-	
ganbare-goemon	1996	-	
ganbare-goemon-3	1996	-	
ganjou-ningen-suparutakasu	1996	-	
garudia	1996	FINISHED	1996
genroku-otatami-bugyou-no-nikki	1996	-	
girls-lesson	1996	FINISHED	
hana-no-bijohime	1996	FINISHED	1976
hokusai	1996	FINISHED	1987
hong-kong-working-girl	1996	-	
ienakiko-2	1996	-	
ikeike-kachou	1996	-	
irasshai-1996	1996	-	
jin-chan-to-asobo	1996	-	
kateinihoero	1996	-	
kekkonttenannano	1996	-	
kintama-rettou	1996	-	
kotou-no-boukensha	1996	FINISHED	1996
kounai-shasei	1996	FINISHED	1991
mahou-daibouken-dada-to-kozo	1996	-	
maiya	1996	-	
mamonogatari	1996	FINISHED	1985
manga-suikoden	1996	FINISHED	1996
miboujin-wa-ogenkijirushi	1996	-	
moeru-aki	1996	FINISHED	1996
monkey-business	1996	-	
naito-gundam-ougon-shinwa	1996	-	
negative-lovers	1996	-	
nidaime-hanayama-gundan	1996	-	
occult-shoujo-jigoku-chan	1996	-	
ooboke-choujin-ukkariman	1996	-	
osawagase-prism-lady	1996	-	
pp-scramble	1996	FINISHED	1996
red-kabura	1996	-	
rekka-fuuma-den	1996	-	
revery-earth	1996	FINISHED	1996
rockman-7	1996	-	
shinpen-yami-no-hate-kara	1996	FINISHED	1993
shizuka-hime-den	1996	FINISHED	1996
super-mario-yoshi-island	1996	FINISHED	1996
two-hearts-1995	1996	-	
wakaba-hanafubuki	1996	FINISHED	1996
warning	1996	FINISHED	1996
yoake-no-yowakkii	1996	-	
yumeiro-fuanta	1996	FINISHED	
zeruda-no-densetsu	1996	FINISHED	1996
4-kai-no-mizu-sakurako	1997	-	
9ji-kara-5jihan-made	1997	FINISHED	1989
action-daimaou	1997	-	
ai-hitotsu-akiko	1997	-	
anan-no-hoshi	1997	FINISHED	1997
aoi-shinario	1997	-	
apple-paradise	1997	FINISHED	1997
aru-hazu-no-nai-umi	1997	-	
boku-o-yakyuu-ni-tsuretette	1997	-	
chipa-panic	1997	-	
chokugekiken-mitsuru	1997	-	
choujinrokku-soodoobunemeshisu	1997	-	
dagekiman	1997	-	
fortune-quest	1997	FINISHED	
gabunomi-araya	1997	-	
gin-no-tsuki-no-monogatari	1997	-	
golf-jinsei	1997	-	
goseidouji-ran	1997	-	
haiena-komachi	1997	-	
happy-ends	1997	FINISHED	
hoshi-no-rekishi	1997	-	
jikan-o-tomete-matteite	1997	FINISHED	1988
kikai-seibutsu-toshi-noorando	1997	-	
kirariteii	1997	FINISHED	1997
kirin-1996	1997	-	
korogari-teiji	1997	-	
kuro-no-monmongumi	1997	FINISHED	1982
mainichi-aitai	1997	-	
make-upper	1997	FINISHED	1991
mama-no-baiorin	1997	-	
midnight-panther	1997	FINISHED	1997
mon-cheri-coco	1997	FINISHED	
mouryou-senki-madara-basara	1997	FINISHED	1992
mugen-patroller-yuzu	1997	FINISHED	1997
mujina	1997	FINISHED	1997
mystic-ark	1997	-	
nakaseyagatte-konoyarou	1997	-	
nandemo-yarimasu	1997	-	
onsenman	1997	-	
ookamiotoko-ni-ki-o-tsukete	1997	-	
outlaw	1997	-	
private-eyes	1997	FINISHED	
pulse	1997	-	
pure	1997	FINISHED	
reppuuden	1997	-	
saibaa-force	1997	-	
sanobabitchi-powerd	1997	-	
shiawase-saita	1997	-	
shin-kaitei-gunkan	1997	-	
shin-mizuiro-jidai	1997	FINISHED	1997
shishi-no-oukoku	1997	FINISHED	1996
shounen-ninja-basara-kun	1997	-	
sister-marine	1997	-	
sora-nioideyo	1997	-	
star-gazer	1997	-	
suka-tan-yarou	1997	-	
sunuupii-no-nonki-ga-ichiban	1997	-	
swan-hakuchou-no-inori	1997	FINISHED	1983
ten-no-terasu	1997	-	
tenshi-no-pheromone	1997	-	
the-spy-s-family	1997	-	
the-wanderer	1997	FINISHED	1997
tondemo-knight	1997	FINISHED	1997
ue-o-muite-arukou-1997	1997	-	
watashi-no-neko-ha-ouji-sama	1997	FINISHED	1996
yomi-no-kawa	1997	-	
yoru-o-buttobase	1997	FINISHED	1997
yuusha-kojiroo-2	1997	-	
zanmakenden	1997	FINISHED	1997
zz	1997	-	
19-rufu-19	1998	-	
ai-no-kamen	1998	-	
aji-gokudou-ryouhei	1998	-	
akaneiro-junjou	1998	-	
anata-ni-aete-yokatta	1998	-	
araragi-express	1998	FINISHED	1998
ashitakagayaku	1998	FINISHED	1973
awasete-1-pon	1998	FINISHED	1997
battle-thunder	1998	-	
beru-star-goutoudan	1998	FINISHED	1995
bodaiju	1998	FINISHED	1985
bran-new	1998	FINISHED	1998
buttobihiromi-kun	1998	-	
chim-chim-cheree	1998	-	
dennou-junkei	1998	-	
diamond-girl	1998	FINISHED	1997
dog-world	1998	FINISHED	1977
elan	1998	-	
fuchi-to-narinu	1998	FINISHED	1998
good-bad-mama	1998	FINISHED	1998
hallelujah-7	1998	FINISHED	1998
hana-ni-koi-shite-souraeba	1998	-	
happy-boy	1998	FINISHED	1997
heart-beat-ni-nosete	1998	-	
hitomi-ippai-no-namida	1998	-	
idol-sousei-densetsu-princess	1998	FINISHED	1998
igi-ari	1998	-	
jun	1998	-	
kazoku-no-shokutaku	1998	-	
king-of-fighters-giga	1998	FINISHED	
kirin-yagami-1998	1998	FINISHED	1998
koi-ga-bokura-o-yurusu-hani	1998	FINISHED	1998
kokoro-no-meikyuu	1998	FINISHED	1998
konguru-good	1998	-	
love-senka	1998	-	
lucky-god-billiken	1998	-	
mahou-shoujo-pretty-sammy	1998	FINISHED	1998
maji-bangaihen	1998	FINISHED	1998
manatsu-no-kuni	1998	-	
messiah-half	1998	FINISHED	1998
mille-fleurs	1998	FINISHED	
monohon-honmonology	1998	FINISHED	1998
nariyuki-dungeon	1998	FINISHED	1998
nue-1998	1998	-	
oedo-musume-ninja	1998	FINISHED	
onnanoko-pokopon	1998	-	
pit-bull	1998	-	
plamo-wars	1998	-	
present	1998	FINISHED	1998
ringo	1998	FINISHED	
roodosutou-senki-1997	1998	FINISHED	1998
shin-yatto-anshin-uchuu-ryokou	1998	-	
shokuninzukushi-hyakkei	1998	-	
toppuku-kyousoukyoku	1998	FINISHED	1998
tsukiiro-kyousoukyoku	1998	-	
tsuraize-boku-chan	1998	FINISHED	1975
vaacharu-batoraa-jin	1998	-	
voice	1998	-	
wagana-wa-wolf	1998	-	
warera-no-ryuugi	1998	-	
yakouun	1998	-	
yaku-mitsuru-no-ochanko-club	1998	-	
21seiki-no-ookami	1999	FINISHED	1999
arina	1999	FINISHED	1998
asu-no-tameni	1999	-	
blank-up	1999	-	
botamochi-o-sagashite	1999	-	
cheap-thrill	1999	FINISHED	1992
choberibu	1999	-	
cinema	1999	FINISHED	1999
derby-sutarion-gaiden-dabisuta-buriidaazu-battle	1999	-	
diamond-paradise	1999	FINISHED	1985
donto-excuse-me	1999	-	
erika-no-oka-no-monogatari	1999	-	
fancy-zatsugidan	1999	-	
femme-fatale	1999	-	
frankensteins-princess	1999	-	
friends	1999	-	
gamma-1999	1999	-	
genji-monogatari-1995	1999	-	
girls	1999	FINISHED	1990
goudou-nain	1999	-	
hey-cathy	1999	-	
houkago-children	1999	-	
jelly-in-the-merry-go-round	1999	FINISHED	1998
jitsuroku-takasare	1999	-	
kaze-kara-kiita-hanashi	1999	-	
kaze-koi-ki	1999	-	
kekkon-yosouyo	1999	FINISHED	1999
kimi-dakeni-kagayaku	1999	-	
kokuritsu-hakubutsukan-monogatari	1999	FINISHED	1999
kooni-ga-kitatsu	1999	-	
kurenai-niou-takemiya-1994	1999	FINISHED	1995
kusekke-lullaby	1999	-	
last-order	1999	-	
live-run	1999	-	
lost-universe-yoshinaka1998	1999	FINISHED	1999
love-love-love	1999	FINISHED	1999
love-me-sister	1999	-	
lucky-kun	1999	FINISHED	1995
makudonarudo-tanteidan	1999	-	
manchoku-sniper-todome	1999	-	
medarotter-rintarou	1999	FINISHED	1999
miracle	1999	-	
naiivu	1999	-	
nora-1993	1999	-	
odoroki-momo-no-ki-shoutengai	1999	-	
oedo-ibun-juuhachimon	1999	-	
ore-nimo-kure	1999	-	
ore-no-super-torauto	1999	-	
pakurikon	1999	FINISHED	1999
pandora	1999	-	
photon	1999	FINISHED	1999
reizouko-ni-pineapple-pai	1999	FINISHED	1995
ryuusei-choujin-zubaan	1999	-	
sasami-street	1999	FINISHED	1994
satellite-junya	1999	-	
sexless	1999	-	
shampoo-colon	1999	-	
shikkari-chounan	1999	FINISHED	1977
shinainaru-m-e	1999	FINISHED	1999
shock-science	1999	-	
shock-science-r	1999	-	
shounan-genjiroo	1999	-	
shounen-tanteidan	1999	-	
sorekara-no-bonjingumi	1999	-	
sukisuki-gokudou-papa	1999	FINISHED	
tag	1999	-	
takatobi	1999	-	
tasokare-no-yume	1999	FINISHED	1999
tattoo-lover	1999	-	
ten-made-agare	1999	FINISHED	1975
tonda-yatsura	1999	-	
trouble-evocation	1999	-	
uru-onna	1999	-	
yadane	1999	-	
yakusoku-no-ie	1999	FINISHED	
za-king-of-fighters-kyou	1999	FINISHED	1999
01-zero-one	2000	FINISHED	2000
3-yami-3kai	2000	FINISHED	1999
adonisu-no-yuuutsu-na-hibi	2000	-	
akogare-adventure	2000	FINISHED	1986
aqua-naito	2000	FINISHED	2000
at-tension	2000	-	
azumakagami	2000	FINISHED	1996
b-shock	2000	FINISHED	2002
banana-hime-onari	2000	-	
bara-no-ki-ni-bara-no-hana-saku	2000	-	
blaze	2000	-	
cambrian	2000	FINISHED	2000
cherry-1999	2000	-	
chiisana-kyojin-mikuroman	2000	-	
chikyuu-bouei-kigyou-dai-guard	2000	FINISHED	2000
chinmoku-wa-hoshiboshi-no-kawaki	2000	-	
crescent-moon	2000	-	
dr-oki-no-pachinko-kyoushitsu	2000	-	
dream-shokunin	2000	FINISHED	2000
feathertouch-operation	2000	FINISHED	1988
flowering	2000	FINISHED	2000
fuuzoku-damashii	2000	FINISHED	
gakioyaji	2000	-	
gekidan-hoohoo	2000	-	
gokudoo-kun-manyuuki-za-badesuto	2000	-	
h2o-image	2000	FINISHED	2000
hanako-san-nikki	2000	-	
hayawakari-comic-sangokushi	2000	-	
hisonzai-byourigaku-nyuumon	2000	-	
hit-and-run	2000	-	
honeyna-koto	2000	FINISHED	2000
hoshii-nowa-hitotsu-dake	2000	-	
i-s	2000	-	
ii-youniwa-shinaikara	2000	-	
inochi-mijikashi-koiseyo-otome	2000	-	
joker-2000-2	2000	-	
jungle-shounen-jan-bangaihen	2000	-	
kabe-ni-mimi-ari-toire-ni-me-ari	2000	-	
kimi-ni-kisushitai	2000	-	
kirakira	2000	-	
kusakabesho-meikyuuka-omiya-san	2000	-	
legend-of-lemnear	2000	FINISHED	1993
locomotion	2000	FINISHED	1984
oh-pantac-boy	2000	-	
oja-majo-doremi	2000	FINISHED	2000
okonomi-sarari-kun	2000	-	
omae-ga-sekai-o-kowashitai-nara	2000	FINISHED	2000
paper-woman	2000	-	
riot-of-the-world	2000	-	
romancers	2000	FINISHED	
sekishin-densetsu	2000	-	
shiki-soku-ze-koi	2000	-	
shinpen-kaikoteki-youshoku-jijou	2000	-	
shinsetsu-hyaku-monogatari	2000	FINISHED	1990
shiranami	2000	-	
sora-no-meikyuu	2000	FINISHED	1985
survibee	2000	FINISHED	1999
taiheiki-1995	2000	-	
taiyou-ga-matteiru	2000	-	
taiyou-ga-ochitekuru	2000	FINISHED	
talking-lip	2000	-	
teddy-bear-1999	2000	-	
tennessee-waltz	2000	FINISHED	1993
utamaro	2000	FINISHED	2000
yabou	2000	FINISHED	1974
yakyuukyou-no-uta-heiseihen	2000	FINISHED	2002
yatteranneeze	2000	FINISHED	2000
abunai-oka-no-ie	2001	FINISHED	1994
alichino	2001	FINISHED	2001
aoi-chan-panic	2001	FINISHED	1984
backgammon	2001	-	
bagu	2001	FINISHED	2001
barairo-company	2001	FINISHED	2001
bishou-hari	2001	-	
chenjii	2001	FINISHED	
chikuro-youchien	2001	-	
daitouryou	2001	-	
daughter-maker	2001	-	
easy-writer	2001	FINISHED	2001
ebiru-kun	2001	-	
flying-dragon	2001	FINISHED	2016
fuurin-kazan	2001	-	
gyouten-ningen-batsealer	2001	FINISHED	2001
haigorei-24ji	2001	-	
hontou-ni-atta-yukai-na-hanashi	2001	-	
hot-shot-2000	2001	-	
inasezushi	2001	FINISHED	2002
junpaku-no-chi	2001	-	
kageo	2001	-	
kagome-kagome	2001	FINISHED	2001
kanaerareta-negai	2001	FINISHED	1995
katahoo-warai-no-onnatachi	2001	-	
kaze-no-matsurigoto	2001	FINISHED	
kedamono-company	2001	FINISHED	2001
kiseki-de-go	2001	-	
koukou-tenshi	2001	-	
kousoku-angel-engine	2001	-	
kyuukon	2001	FINISHED	2010
lemon-hakusho	2001	FINISHED	1979
mahou-o-shinjirukai	2001	FINISHED	2001
maken-x-another	2001	FINISHED	2001
matamata-oboretai	2001	FINISHED	2001
namida-no-rikujoubu	2001	FINISHED	1985
nazonazo-kaijin-zonaa-kun	2001	-	
nega-poji	2001	-	
night-lovers	2001	-	
occult-virgin	2001	-	
pachinko-bakuretsu-musume	2001	-	
pachinko-road	2001	FINISHED	2001
pangin-chan	2001	-	
perfect-world-fuwa-1999	2001	FINISHED	2001
persona	2001	-	
phantom-wizard	2001	FINISHED	2001
pony-tail	2001	-	
prison-hotel	2001	-	
reino-shounen-gii	2001	-	
rough-diamond	2001	-	
scissors	2001	-	
shinonomeryou-ki-tan	2001	FINISHED	2001
smash-meg	2001	FINISHED	1982
sokkou-seitokai	2001	-	
soshite-boku-wa-tohou-ni-kureru	2001	FINISHED	2001
spotlight	2001	FINISHED	1976
stand-by-miiche	2001	FINISHED	2001
sugar-darling	2001	-	
susanoo	2001	-	
synchronicity	2001	-	
taihei-tengoku-engi	2001	FINISHED	2001
tama-yori-hayaku	2001	FINISHED	2001
tanteiya-no-nyoubou	2001	FINISHED	2001
teiou-eno-michi	2001	-	
tenshi-na-yatsura	2001	FINISHED	2001
tenshi-no-omou-tsubo	2001	-	
umi-no-aria	2001	FINISHED	1991
umizuru	2001	FINISHED	2001
version	2001	FINISHED	1992
w-s	2001	-	
working-musume	2001	FINISHED	2001
yorozuyama-juuban-shoubu	2001	FINISHED	2001
yowamushi	2001	-	
19sai-no-hisokana-yokubou	2002	FINISHED	
andante	2002	FINISHED	2002
animunxacsys	2002	-	
artifact-red	2002	FINISHED	
baroque-2001	2002	FINISHED	2002
bengara-goushi-no-ie	2002	FINISHED	2002
biba-yamada-baabara	2002	FINISHED	2002
box-rokuda-2002	2002	FINISHED	2003
bwh	2002	FINISHED	2002
cat-shit-one	2002	FINISHED	2005
chikyuu-misaki	2002	FINISHED	2002
d-v	2002	FINISHED	2002
daidou-majutsushi-shounen-pierrot	2002	-	
four-season	2002	-	
furisode-ichima	2002	-	
general-contractor-buddy998	2002	-	
gin-no-hanabira	2002	FINISHED	1959
gold-panthers	2002	-	
gordias	2002	FINISHED	
governments	2002	-	
green-teii-dream	2002	FINISHED	1981
happyaku-yachou-hyouri-no-kewaishi	2002	FINISHED	1984
hataraku-onee-san	2002	-	
hitori-toranpu	2002	FINISHED	1991
honey-sakurai-2001	2002	FINISHED	2002
honyuurui-hitoka-oyajimoku	2002	-	
hyouryuu-no-machi	2002	-	
ichabod-no-seikatsu	2002	FINISHED	
juuseiki-guilstein	2002	FINISHED	2002
kami-no-na-ha	2002	FINISHED	2002
katari-tsugareru-sensou-no-kioku	2002	-	
kazoku-no-okite	2002	-	
kikkunooni	2002	FINISHED	1971
kimama-ni-animal	2002	-	
kirakira-meikyuu	2002	-	
kogyaru-zushi	2002	-	
kuusou-kagaku-edison	2002	FINISHED	2002
kyoujinkankei	2002	FINISHED	1974
love-clinic	2002	FINISHED	2002
love-pack	2002	FINISHED	
love-war	2002	FINISHED	2016
milk-shake	2002	FINISHED	2002
nangoku-doubutsu-rakuen-kidan	2002	-	
neko-ga-suki	2002	FINISHED	2002
omata-kaoru	2002	FINISHED	1996
orange-city	2002	-	
otenki-to-isshokenmei	2002	FINISHED	2002
p-d-agency-no-houkokusho	2002	FINISHED	2002
pachislo-diohead	2002	-	
paranoia-street	2002	FINISHED	2000
raineeji-saga	2002	FINISHED	
reo-shingo-2002	2002	FINISHED	
retsupuu	2002	-	
robot-ponkottsu-2	2002	-	
s-m	2002	FINISHED	2002
shin-shakuou	2002	FINISHED	2002
shounen-harem	2002	FINISHED	
shounen-natural-kid-shikkaku	2002	-	
sowaka	2002	-	
strawberry-children	2002	-	
super-maruden	2002	-	
taiyou-to-yuki-no-kakera	2002	-	
tamiya-ga-kuru	2002	-	
tennen-bitter-chocolate	2002	FINISHED	2016
tottoko-hamutarou-hamuchanzu-de-gozaimachu	2002	FINISHED	
toy-s	2002	-	
trafficker	2002	FINISHED	2002
turkey-junkie	2002	-	
wakusei-mimana	2002	FINISHED	2002
x-gene	2002	FINISHED	2002
yogoreteru-hima-nanka-nai	2002	FINISHED	
yokohata-koukou-ouendan-kanzakigumi	2002	FINISHED	2002
yume-mina-psychic	2002	FINISHED	
yume-no-yume	2002	FINISHED	
yuuwaku-healing	2002	FINISHED	
zoids-batoraa-raiga	2002	-	
1choume-no-rakuen	2003	-	
age-35	2003	-	
ao-no-derashine	2003	FINISHED	2002
aton-no-musume	2003	FINISHED	2003
bakumatsuden	2003	FINISHED	1995
baransaa	2003	FINISHED	1986
boys	2003	-	
buttobi-shiipiiyuu	2003	FINISHED	1997
cardfight-v-master	2003	-	
charisma-seiji-na-onnatachi	2003	-	
chikyuu-kanrinin	2003	FINISHED	2003
choujinrokku-omega	2003	-	
chrono-eyes-glancer	2003	-	
dome-children	2003	-	
gekka-bijin	2003	FINISHED	
gorudoo	2003	FINISHED	2003
haahaa	2003	FINISHED	
hayachin-no-makete-motomoto	2003	-	
hitoribocchi-no-rin	2003	FINISHED	1973
honey-2002	2003	-	
irokoi	2003	-	
itsumo-jou-tenki	2003	-	
j-boy	2003	FINISHED	2002
jin-kyouichirou-file	2003	-	
kagetora-2002	2003	-	
kami-sama-no-orgel	2003	FINISHED	2003
kenketsu-rush	2003	FINISHED	2003
kiss-no-kiseki	2003	-	
kodomotachi	2003	-	
kohaku-no-kage	2003	FINISHED	1998
koi-yori-kiss-yori-daikirai	2003	FINISHED	2016
kumi-to-morio-no-love-melody	2003	FINISHED	1983
kyokuriiman	2003	-	
let-it-be	2003	-	
magination	2003	-	
mahoutsukai-yousei-senmon-magic-star-gakuin	2003	-	
manga-grimm-douwa	2003	-	
maria-2002	2003	-	
meikai-rakugo	2003	-	
microman	2003	-	
mobile-tengai-kaname	2003	FINISHED	
mujuuryoku-shounen	2003	FINISHED	2002
namida-no-bareebooru	2003	-	
nanoni-anata-wa-kaisha-e-yukuno	2003	-	
nibiiro-genshikou	2003	FINISHED	2003
ookami-jingisukan	2003	-	
ouritsuin-kumomaru-no-shougai	2003	FINISHED	1992
oz-to-mahoutsukaitachi	2003	FINISHED	2003
pachinko-don-quixote	2003	-	
papamupa	2003	FINISHED	2003
poporo-kuroisu-monogatari	2003	CANCELLED	1986
puchipuchi	2003	-	
qp-angel	2003	-	
repisshu	2003	FINISHED	
room	2003	-	
ryuugetsushou	2003	FINISHED	2004
samuraiman	2003	FINISHED	2016
seigi-no-mikata-monkiizu	2003	-	
senkou-shoot-morokyuu-kun	2003	-	
shin-kasumin	2003	-	
shiranai-kuni-no-monogatari	2003	FINISHED	2016
strain	2003	FINISHED	1998
taiyou-made-3m	2003	FINISHED	2002
tales-of-etaania-premium-stories	2003	-	
tennen-suizokukan	2003	-	
tennouji-no-abeno-chan	2003	-	
tokyo-style-bakudan	2003	FINISHED	2003
vaelber-saga	2003	FINISHED	1994
vampire-master-dark-crimson	2003	FINISHED	2003
wake-up	2003	FINISHED	2004
wakuwaku-puyopuyo-dungeon	2003	-	
wild-kingdom	2003	FINISHED	2002
woody-kane	2003	-	
yoshiesanchi	2003	-	
yuukochan-100-renpatsu	2003	FINISHED	2003
zenihana	2003	FINISHED	2003
zoids-planet-zi	2003	FINISHED	2003
zuboraa-king-nobara-chan	2003	-	
13nichi-wa-kinyoubi	2004	FINISHED	2004
bengo-star	2004	-	
bengoshi-akane-no-jiken-fairu	2004	-	
big-hearts	2004	-	
budfly	2004	-	
bushin-gikyoku	2004	FINISHED	
chaosic-rune	2004	FINISHED	2004
chi-to-hone	2004	-	
chinatsu-no-uta	2004	FINISHED	2004
chocolate-kiss	2004	FINISHED	1998
crush-gear-n	2004	FINISHED	2004
daisuki-aisenai	2004	-	
dark-whisper	2004	FINISHED	
datsu-tan-typhoon	2004	FINISHED	2002
doonatsu-purin	2004	-	
free-collars-kingdom	2004	FINISHED	2004
frontier	2004	-	
futari-gurashi	2004	-	
gekkou-kreuz	2004	-	
gomute	2004	-	
happy-ice-cream	2004	FINISHED	2004
heaven-seino-2003	2004	FINISHED	2004
hells-angels	2004	FINISHED	2004
hikoukigumo	2004	FINISHED	
hinagiku-kenzan	2004	-	
honba-joshikou-manual	2004	FINISHED	1989
ideal	2004	-	
junkissa-nokoribi	2004	-	
kane-ga-naiteiru	2004	-	
karabuki	2004	-	
kekkonboshi	2004	-	
kekkoukamen	2004	FINISHED	1978
kin-no-henachoko	2004	-	
kiseki-no-shounen	2004	FINISHED	2004
kuzuryuu	2004	FINISHED	1975
luna-luna	2004	-	
metroid	2004	FINISHED	2004
minimoni-yarunodapyon	2004	-	
na-mo-naki-tori-no-tobu-yoake	2004	FINISHED	2004
nekonekotai-ga-iku	2004	FINISHED	2004
nippon-doubutsuki	2004	-	
omisoji-no-machi	2004	-	
ore-no-sora-03	2004	-	
paburofu-no-inu	2004	-	
papa-told-me	2004	FINISHED	2004
pride-tagame-2004	2004	FINISHED	2000
princess-ver-1	2004	FINISHED	2004
rampage	2004	RELEASING	
revolution-nanbaa-3	2004	FINISHED	2004
s-2	2004	-	
s-mizushiro-2003	2004	FINISHED	2004
sangokushi-eiyuuden	2004	-	
sarura	2004	FINISHED	2004
school	2004	-	
shijou-saitei-no-regatta	2004	-	
shin-hige-no-ol-yabuuchi-sasako	2004	-	
shin-locker-no-hanako-san	2004	FINISHED	2004
shin-seikimatsu-darling	2004	FINISHED	2004
shiritsu-bijinzaka-joshi-koukou	2004	FINISHED	2004
shoumaru	2004	FINISHED	1989
sleeping-beauty-yoshikawa-2003	2004	FINISHED	
slime-daisakusen	2004	-	
sorairo-scramble	2004	-	
stay-gold	2004	-	
strega	2004	FINISHED	2003
supple-binders	2004	-	
suttonkyoona-kyoudai	2004	FINISHED	1992
takamanohara-ni-kamuzumarimasu	2004	FINISHED	2004
the-big-man	2004	-	
tokko	2004	FINISHED	2004
usagi-tsukiyo-ni-hoshi-no-fune	2004	-	
wild-damon	2004	FINISHED	2004
yaeka-no-karte	2004	-	
agasa-kurisuteii-no-meitantei-poirot-to-marple	2005	FINISHED	2005
akashiya-no-hoshi	2005	-	
bakufuu-sangokushi	2005	-	
bakumatsu-souraiden	2005	-	
cherry-2004	2005	-	
chizuru-ki-tan	2005	FINISHED	2005
chou-shinri-genshou-nouryokusha-nanaki	2005	FINISHED	2004
choujinrokku-kuonnohitomi	2005	-	
chousen-shikaku	2005	-	
cue-2004	2005	-	
edo-koimoyou	2005	-	
engine-trouble	2005	-	
fancy-gigolo-peru	2005	FINISHED	2005
fanii-face	2005	-	
final-fantasy-crystal-chronicles	2005	FINISHED	2004
flash-kimengumi	2005	FINISHED	2005
gadget	2005	FINISHED	
galaxy-angel-2nd	2005	FINISHED	2005
ganbare-panda-naikaku	2005	-	
gekitou	2005	-	
gotsu-kun-puucho	2005	FINISHED	2005
hinadori-girl	2005	FINISHED	2005
honki-dattsuno	2005	FINISHED	2005
honoo-no-fudedama	2005	-	
hoshi-no-saku-toki	2005	FINISHED	2005
kaiketsu-wa-shimasen	2005	-	
kami-sama-damono	2005	-	
kattobi-reesaa-dangan-wolf	2005	-	
kiss-kiss	2005	FINISHED	
kizuna-momochi-2004	2005	FINISHED	2005
koisuru-kyuukyuubako	2005	-	
kono-minikukumo-utsukushii-sekai	2005	FINISHED	2005
limited-lovers	2005	FINISHED	2005
mail	2005	FINISHED	2005
manga-sangokushi	2005	-	
meitantei-kageman	2005	-	
momochin	2005	-	
musha-rendetsu	2005	-	
nano-torino	2005	-	
ojou-sama-to-watashi	2005	-	
onryouji	2005	-	
otome-no-inori	2005	-	
pantera	2005	-	
pinchira	2005	-	
platinum-drops	2005	-	
popokan	2005	FINISHED	
rakuen-made-ato-mou-chotto	2005	FINISHED	2005
ring-2004	2005	FINISHED	2005
ryuuguuden	2005	FINISHED	2004
sachiko-to-neko-sama	2005	FINISHED	2005
sakura-no-ki-no-shita-de	2005	-	
sensei-ga-ippai	2005	-	
shake-hip	2005	FINISHED	1996
shin-konpeki-no-kantai	2005	-	
sora-no-mannaka	2005	FINISHED	2005
taiyou-no-romance	2005	FINISHED	
tamanegi-nanka-kowaku-nai	2005	FINISHED	1991
tekkon-zoids-koabatoru	2005	-	
tenjiku-yawa	2005	-	
tennen-zetsumetsu-hero	2005	FINISHED	2005
tottoko-hamutarou-hamuchanzu	2005	-	
train-train-2002	2005	FINISHED	2005
trigram8	2005	FINISHED	2005
ultra-panic	2005	FINISHED	1997
yaban-no-sono	2005	FINISHED	
yasashii-karada	2005	FINISHED	2005
yawaraka-ninpou-esuooesu	2005	-	
yonaoshi-gen-san	2005	-	
you	2005	FINISHED	
you-are-a-father	2005	-	
17-nanasai	2006	FINISHED	2005
abarenbou-honya-san	2006	-	
ayakashidou-no-hourai	2006	FINISHED	2006
barairo-my-honey	2006	FINISHED	2006
boku-no-platinum-lady	2006	FINISHED	2006
boku-to-kimi-no-aida-ni	2006	FINISHED	2006
cocoon	2006	FINISHED	
code-age-archives	2006	-	
daishoya-saei	2006	FINISHED	2016
do-suru-paradise	2006	FINISHED	2006
fairy-cube	2006	FINISHED	2006
fashion-leader-imai-shoutarou	2006	FINISHED	2006
fenikkusu-no-tamago	2006	-	
frame-saber	2006	FINISHED	2006
gakuen-benriya	2006	FINISHED	2005
gozen-no-hikari	2006	-	
hanagumi-ninkyouden	2006	FINISHED	1997
hato-no-senki	2006	FINISHED	2005
hiiro-hero	2006	-	
hikkatsu	2006	FINISHED	
ichigo-jidai	2006	-	
ishi-no-kioku	2006	FINISHED	1987
junai-karorii-nenshoukei	2006	-	
kagefuuma-hayase	2006	-	
kain	2006	FINISHED	2005
kannou-shousetsuka	2006	FINISHED	2006
kenken-gakugakudon	2006	-	
koakuma-tenshi-momoirokei	2006	-	
kokkuri-san-ga-tooru	2006	FINISHED	2000
komakoma	2006	-	
kono-ie-de-kimi-to	2006	FINISHED	2006
koshien-no-tsuchi	2006	-	
kuro-no-rihyou-yawa	2006	FINISHED	1996
love-log	2006	FINISHED	2016
lucky-naito-kasutaado-kun	2006	FINISHED	2006
mahootsukai-mimitchi	2006	FINISHED	2006
meitantei-madame-holmes	2006	-	
morimoritsu-banchoo-kiyohara-kun	2006	FINISHED	2005
mugen-shinshi	2006	FINISHED	1991
noroi-no-shoutaijou	2006	FINISHED	2006
otokoshiki-seishun-bakuhatsu-gekijou	2006	-	
pochi-gokudou	2006	-	
pocket-monster-chamo-chamo-pretty	2006	FINISHED	2006
punch-2005	2006	FINISHED	2007
rockman-zero	2006	FINISHED	2005
rurou-no-tabi	2006	FINISHED	2006
saigo-no-seifuku	2006	FINISHED	2006
senichiya-no-kagi	2006	-	
sensei-no-susume	2006	FINISHED	2006
shibuya-guardian-girls	2006	FINISHED	2006
shimizu-no-jirochou	2006	-	
shin-hana-yasha	2006	-	
shinigami-no-hoshi	2006	FINISHED	2001
stray-little-devil	2006	FINISHED	2007
sugar-pot	2006	FINISHED	2006
suzume-suzunari	2006	FINISHED	2006
tenshi-no-iinari	2006	-	
tenshi-no-matsuei	2006	-	
tokyo-angels	2006	FINISHED	2016
tomodachi	2006	FINISHED	2006
totsugeki-purupuru-gakuen	2006	-	
toukon-yuuma	2006	-	
ura-peach-girl	2006	FINISHED	2005
wakaoku-sama-to-seerusuman	2006	-	
wanko-mikkusu	2006	FINISHED	
yajuu-wa-nemurazu	2006	FINISHED	2005
yoru-ga-owaranai	2006	FINISHED	1997
17-easy	2007	FINISHED	1993
abe-seimei	2007	-	
anko-bonbaie	2007	FINISHED	2007
ark	2007	FINISHED	
ayashige-tsuuhan	2007	-	
azumania-2006	2007	-	
bakukyuu-hit-kurasshu-biidaman	2007	FINISHED	2006
bareeboorutsukai-gouda-gou	2007	FINISHED	2007
bijin-wa-ikaga	2007	FINISHED	1971
blade	2007	-	
budasei	2007	-	
bura-samurai	2007	FINISHED	2006
captain-donkabe	2007	-	
chaosic-rune-es	2007	RELEASING	
chikyuu-boueike-no-hitobito	2007	-	
chitei-shounen-chappii	2007	-	
deka-kyoushi	2007	FINISHED	2009
dekirukana	2007	-	
diamond-life	2007	FINISHED	2012
doubutsusei-otsuyu	2007	-	
fight-2006	2007	-	
flat-out	2007	FINISHED	2006
gaburin	2007	-	
gin-no-shippo	2007	-	
grand-sun	2007	FINISHED	
green-geito-monogatari	2007	-	
hare-no-hi-yuki-chan	2007	-	
hatsumei-gunjin-isshin	2007	-	
hatsumei-princess	2007	FINISHED	2016
hero-heel	2007	FINISHED	2007
hitori-de-dekirumon	2007	-	
hoshi-no-witch	2007	FINISHED	2007
hungry-mermaid	2007	FINISHED	1997
hyouma-jigoku-tabi	2007	-	
idol	2007	-	
ikasete-banbiina	2007	FINISHED	2007
inumimi	2007	FINISHED	2007
jiro-ga-yuku	2007	-	
kakutou-ryourinin-musashi	2007	FINISHED	2007
kanagawa-nanpakei-rabu-story	2007	-	
kenchou-no-hoshi	2007	-	
kengai-desu	2007	-	
keroro-gunsou-4koma-daishuugou-de-arimasu	2007	-	
konna-onna-ja-tataneeyo	2007	FINISHED	2004
love-master-x	2007	FINISHED	1999
mahoutsukai-no-tamago-tachi	2007	FINISHED	2007
marugoto-anju-gakuen	2007	FINISHED	2007
mechamote-honey	2007	FINISHED	2016
mizushina-takayuki-no-mizu-cinema	2007	-	
nageki-no-siren	2007	-	
nani-sama-no-tsumori-da-shinkon-hen	2007	FINISHED	2016
nazo-no-murasame-kun	2007	FINISHED	2006
ng-boy-x-paradise	2007	FINISHED	2007
ninkyou-chinbotsu	2007	-	
nui	2007	FINISHED	2016
ore-sama-rendetsu	2007	-	
otome-virus	2007	FINISHED	2007
otou-san-no-kyuujitsu	2007	-	
over-time	2007	FINISHED	2006
oyururi-mantama-nikki	2007	FINISHED	2007
pachislo-bakappuru	2007	-	
pink-innocent	2007	FINISHED	2007
rave-puruu-no-inunikki	2007	-	
rules	2007	FINISHED	2007
ryuurouden	2007	FINISHED	2006
saving-life	2007	FINISHED	2007
sd-gundam-musha-banchou-fuuunroku	2007	-	
sega-no-game-wa-sekaiichiiii	2007	FINISHED	2007
sekiganjuu-mitsuyoshi	2007	FINISHED	2005
shikiru-no-kasukabe-san	2007	-	
shin-kosume-no-mahou	2007	-	
shitamachi-tekkoujo-funtouki-natsu-chan-toukyouhen	2007	FINISHED	2006
skin	2007	FINISHED	2016
sodomu	2007	-	
sono-otoko-taka	2007	FINISHED	2016
strange-orange	2007	FINISHED	
tabi-no-tochuu	2007	FINISHED	1999
tales-of-symphonia-4-koma-kings	2007	-	
tenkuu-no-yousai	2007	-	
tenohira-douwa	2007	-	
tobenai-majo	2007	FINISHED	2006
tsuki-to-tamago	2007	-	
uchuu-no-swan	2007	FINISHED	2009
umi-no-tairiku-noa-plus	2007	FINISHED	2006
wild-pitch-2006	2007	FINISHED	2007
yamadake-no-hitobito	2007	-	
yanchabo	2007	-	
yaniizu	2007	-	
youkai-senki	2007	-	
yume-yume-yuuyuu	2007	FINISHED	2006
akuhamu	2008	-	
amaru	2008	-	
aoi-no-yuuwaku	2008	FINISHED	2016
aozora-shoujo-tai	2008	FINISHED	1992
bonclair-showguts	2008	FINISHED	2008
chinomi	2008	-	
choukuu-tenshin-toranseizaa	2008	-	
dankon-impossible	2008	FINISHED	2008
dareka-ga-kakkou-to-naku	2008	-	
dr-kenji-morohashi	2008	-	
dream-kiss	2008	FINISHED	2001
eigyou-no-makita-desu	2008	-	
emu-no-oukoku	2008	FINISHED	
ganbare-midori-chan	2008	-	
garoro-q	2008	FINISHED	1962
ginga-takuhaibin-maguro	2008	-	
ginga-tetsudou-999	2008	-	
glass-no-megami	2008	FINISHED	2007
golf-wa-mental	2008	-	
gomenasobase	2008	-	
hadaka-no-ouji-sama	2008	FINISHED	
hakuryuu	2008	FINISHED	2007
hana-junrei	2008	FINISHED	1998
hana-no-miyako	2008	-	
hana-no-ou	2008	-	
hanayaka-ume-chan	2008	-	
hijou-no-hito	2008	-	
hitohira-no-koi-ga-furu	2008	FINISHED	2008
i-q	2008	-	
inu-hanteingu	2008	-	
jump	2008	-	
kajou	2008	FINISHED	
kaku-san	2008	FINISHED	
kantorii-house-he-youkoso	2008	-	
kasei-no-kokoro	2008	-	
kimi-to-himitsu-no-hanazono	2008	FINISHED	2008
kiss-hug	2008	FINISHED	
koisuru-yajuu	2008	FINISHED	2008
koume-chan-ga-yuku	2008	FINISHED	1996
kyokutou-ki-tan	2008	FINISHED	2007
kyuushoku-no-jikan	2008	-	
lolicon-fenikkusu	2008	FINISHED	2008
lucky-seven-star	2008	FINISHED	2008
mai-no-heya	2008	FINISHED	
majipani	2008	-	
mega-cross	2008	FINISHED	1994
nanairo-jewel	2008	-	
nibunnoichi	2008	FINISHED	2016
non-poli	2008	-	
obake	2008	-	
ohime-sama-no-yurikago	2008	FINISHED	1996
osozakijijii	2008	-	
pandora-panic	2008	FINISHED	2003
panorama-delusion	2008	FINISHED	2008
penguin-musume	2008	FINISHED	2007
pong-pong	2008	-	
region	2008	FINISHED	2008
rento	2008	-	
reverse-end	2008	FINISHED	2008
revive	2008	-	
rinjin-13gou	2008	FINISHED	1996
ryuusei-no-rockman	2008	FINISHED	2008
sakura-no-kiwa	2008	FINISHED	2008
seigi-no-tobira	2008	FINISHED	2008
seimaden-1984	2008	-	
sekai-no-chuushin-de-kuda-o-maku-kari	2008	-	
shirogane-no-karasu	2008	FINISHED	2007
sinfinity	2008	-	
tenchi-kaibyaku	2008	-	
tokimeki-matsu-kun	2008	-	
tokyo-kazoku	2008	-	
torakkaa-ookami-touma	2008	-	
totsukou-maid-sandaa	2008	-	
tousei-shiranami-katagi	2008	-	
tribal12	2008	FINISHED	2008
trouble-travel	2008	-	
tsunami-teii-break	2008	-	
uchuu-kaizoku-midori-chan	2008	-	
usotsuki-na-gemini	2008	FINISHED	2008
x-man	2008	-	
yakusoku-no-hakobune	2008	FINISHED	
zoku-nani-sama-no-tsumorida	2008	FINISHED	2016
203goushitsu-no-jinkosan	2009	FINISHED	2009
akabane-ganko-mootaasu	2009	-	
alcohol	2009	-	
angel-koukou	2009	FINISHED	2009
angelic-rune	2009	FINISHED	2009
angels	2009	FINISHED	2008
at-home-romance	2009	FINISHED	2016
baby-tech	2009	FINISHED	
bara-no-kusari	2009	FINISHED	
battle-club-2nd-stage	2009	FINISHED	2009
beauty-honey	2009	FINISHED	2008
break-hands	2009	FINISHED	2009
choujin-rokku-itetsuita-seiza	2009	-	
chouritsu-momo-no-ki-koukou	2009	FINISHED	2009
chousensuikan-shutsugeki	2009	-	
coconut-period	2009	-	
condor-king	2009	-	
daikaijuu-battle-ultra-adventure	2009	-	
darwin-ga-kita	2009	-	
datsugoku-dokutaa-inochiya-enma	2009	-	
doku-koi	2009	-	
doosuruwanko	2009	FINISHED	2009
fire-king	2009	-	
gakuen-sousei-nekoten	2009	FINISHED	2008
galaxy-angel-2	2009	FINISHED	2005
ganota-no-onna	2009	FINISHED	2009
hana-yashiki-no-juunintachi	2009	FINISHED	2009
hanabijin	2009	-	
haru-o-daiteita	2009	FINISHED	2009
hechima-milk	2009	FINISHED	2009
higher-ground	2009	-	
himitsu-no-wan-touch	2009	-	
hitoribocchi-ha-samishikute	2009	FINISHED	2016
ikenai-hanako-sensei-hoken-no-sense	2009	-	
itoshi-no-kana	2009	FINISHED	2009
jojo-no-kimyouna-bouken	2009	-	
junjou-karen-na-oretachi-da	2009	FINISHED	2009
kami-sama-game	2009	FINISHED	2009
kaprekar	2009	FINISHED	2008
kasai-chousakan-kurenai-renjirou	2009	-	
kinboshi	2009	-	
koi-o-suru-no-ga-shigoto-desu	2009	FINISHED	2009
koiuta	2009	FINISHED	2009
kuroi-houkokusho	2009	-	
kuzumotosanchi-no-yonkyoudai	2009	FINISHED	2016
kyoudai-brothers	2009	FINISHED	2009
kyoumeiseyo-shiritsu-todoroki-koukou-tosho-iinkai	2009	FINISHED	2009
m-g-darling	2009	FINISHED	2009
maboroshi-no-futsuu-shoujo	2009	FINISHED	
magi-es	2009	-	
magical-cooking-chaos-kitchen	2009	FINISHED	2009
mahiru-no-nagareboshi	2009	FINISHED	2008
mama-wa-yashinomiwari	2009	FINISHED	1999
manyuuki	2009	FINISHED	1994
miyabi-san-no-sentou-jijou	2009	-	
nanako-robin	2009	FINISHED	2016
nikukyuu-punipuni-nikki	2009	FINISHED	2009
oh-my-prince	2009	FINISHED	2009
okini-mesumama	2009	FINISHED	
oohashi-masaya-no-mou-ore-hae-de-iiya	2009	-	
orichalcum-reycal	2009	FINISHED	2009
otoshite-app-girl	2009	FINISHED	2009
patoken	2009	FINISHED	2008
rabuho-ikouyo	2009	-	
raiden	2009	-	
raymond	2009	-	
reset-2009	2009	RELEASING	
saikyou-romanha-maitsuki-tou-san	2009	-	
sekai-seifuku-sekirara-jogakukan	2009	FINISHED	2009
shokushuhime	2009	FINISHED	2009
shounen-hakaryuudo	2009	FINISHED	2009
sleeping-beauty	2009	-	
sorairo-douga	2009	FINISHED	2009
soukoku-no-garou	2009	FINISHED	2009
star-ocean-2-sekando-evoryuushon	2009	FINISHED	2008
sunaakugari	2009	FINISHED	2008
super-tamutamu	2009	-	
ten-no-ryuu-chi-no-sakura	2009	FINISHED	2009
tenshi-no-mure	2009	FINISHED	2005
time-surippaa	2009	FINISHED	2009
tonari-no-801chan-kojima-2008	2009	FINISHED	
tsubakiyama-no-kane-ga-naru	2009	-	
usa	2009	-	
yoroshiku-master	2009	FINISHED	2008
youkai-touzoku-mazarisharif	2009	FINISHED	1995
1-love-9	2010	FINISHED	2016
30nichikan-sekai-isshuu	2010	-	
7senchi	2010	FINISHED	2016
acony	2010	FINISHED	2010
akahishi-no-eleven	2010	-	
alice-no-hanamichi	2010	FINISHED	1998
amai-yatsura	2010	FINISHED	
anna-kanojo	2010	FINISHED	
ashimeshi	2010	FINISHED	
asuka-atto-miraikei	2010	FINISHED	2016
atsumare-gakuen-tengoku	2010	FINISHED	2016
batsuichi	2010	-	
bb-suit-sangokuden-senjin-kettouhen	2010	-	
bee-be-beat-it	2010	FINISHED	2009
bentora-bentora	2010	FINISHED	2010
berry-berry	2010	FINISHED	2010
berry-dynamite	2010	FINISHED	2010
biieru-shachou	2010	-	
boku-no-seito-wa-vampire	2010	-	
bokuden-kun	2010	-	
bokura-wa-nakayoshi	2010	-	
boyfriend-yamada-2009	2010	FINISHED	2010
buyuuden-kitakita	2010	FINISHED	2012
crack-hound	2010	FINISHED	2009
crayfish-kachou	2010	FINISHED	2010
debonair-drive	2010	-	
diabolic-garden	2010	FINISHED	2010
dokidoki-tama-tan	2010	FINISHED	2010
dream-buster	2010	FINISHED	2010
fly-high	2010	FINISHED	2009
gakuyaura	2010	RELEASING	
ganso-ylva-chan	2010	FINISHED	2010
hatsukoi-lunch-box	2010	FINISHED	
hatsune-mikkusu	2010	FINISHED	2010
heian-blaze	2010	-	
heigenji-sabu	2010	-	
hime-mama	2010	FINISHED	2010
hinagiku-junshin-jogakuen	2010	FINISHED	2010
hoshikuzu-bangaichi	2010	-	
ice-age-2	2010	-	
iinari-vampire	2010	FINISHED	2010
junjoumusume-gatenkei	2010	-	
kami-sama-wa-sausupoo-diamond	2010	-	
kamiyadori-no-nagi	2010	FINISHED	2010
kanouke-no-jijou	2010	-	
kiben-gakuha-yotsuya-senpai-no-kaidan	2010	FINISHED	2010
kimi-ga-uso-o-tsuita	2010	FINISHED	2010
kuma-mamagoto	2010	-	
kurowashi-shounen	2010	-	
kyuuyaku-seisho-2008	2010	-	
maqken-otsu	2010	-	
mayonaka-dake-wa-suki-de-ite	2010	-	
mayonaka-o-sugitemo	2010	FINISHED	1987
megaranika	2010	FINISHED	2010
metarika-metaruka	2010	FINISHED	2010
mimia-hime	2010	FINISHED	2010
mobile-suit-gundam-vanishing-machine	2010	FINISHED	2010
motto	2010	-	
mouretsusensei	2010	-	
muse-no-gakuen-de-aou	2010	FINISHED	2010
namazu-lamp	2010	-	
niku-no-uta	2010	FINISHED	2010
oidemaseri	2010	FINISHED	2010
orera-kourin	2010	FINISHED	2009
otodama	2010	FINISHED	2010
oumaga-keisatsu-sora-to-arashi	2010	FINISHED	2010
rappa	2010	FINISHED	2009
razuueru-hosoki-no-razushi-kaiten	2010	-	
rikon-doukyo-2nd-season	2010	-	
ryuuyou-kun-shimatsuki	2010	FINISHED	2010
sekai-seifuku-children	2010	FINISHED	2010
sengoku-1991	2010	-	
sengoku-sanada-gurentai	2010	-	
sensei-to-isshokenmei-ni-nete	2010	-	
shijima-no-hana	2010	-	
shikisoo	2010	-	
shinsengumi-peace-maker	2010	-	
shoujo-doll	2010	-	
shouri-no-akuma	2010	FINISHED	2010
shumeeru-seijin	2010	-	
silly-na-kodama	2010	FINISHED	2009
stand-up	2010	FINISHED	2010
sweet-girl	2010	FINISHED	2010
tengoku-no-shima	2010	FINISHED	
tenshi-no-marshmallow	2010	FINISHED	2010
toridori-kotori	2010	-	
toumei-accel	2010	-	
tsurugi-no-mai	2010	-	
umi-ni-furu-yuki	2010	-	
variety-morning	2010	FINISHED	2008
waratte-himiko-san	2010	FINISHED	2009
warutahanga	2010	-	
wendy-payne	2010	-	
white-album-aquaplus-2009	2010	FINISHED	
zennou-no-noa	2010	FINISHED	2010
12gatsu-umare-no-12-younen	2011	-	
13dogs	2011	-	
99	2011	FINISHED	2011
aikagi	2011	FINISHED	2011
aneken	2011	FINISHED	2011
animal-x	2011	FINISHED	1998
bakamono-no-subete	2011	FINISHED	2011
bakumatsu-kyousoukyoku-ryouma	2011	-	
blue-friend	2011	FINISHED	2011
cassiopeia-dolce	2011	FINISHED	2011
chikutaku-bonbon	2011	FINISHED	2016
cyber-blue	2011	FINISHED	2012
datte-aishiteru	2011	FINISHED	2010
dengeki-tenjikaazu	2011	-	
fushigi-potto	2011	FINISHED	2011
gakuen-nightmare	2011	FINISHED	2010
googai-iwate-chaguchagu-shinbunsha	2011	-	
gororo	2011	-	
guupan	2011	FINISHED	2010
heart-no-diamond-shinjo-2010	2011	FINISHED	2010
higouhou-junai	2011	FINISHED	2011
hikyo-tan	2011	-	
himichu-no-saiko-sama	2011	RELEASING	
hogushiya-show	2011	-	
ibonnu-to-asobou	2011	-	
jiraishin-diablo-2011	2011	FINISHED	2011
juukinzoku-kanojo	2011	FINISHED	2011
juun-bride	2011	FINISHED	1988
kami-no-mitsu	2011	FINISHED	2011
kare-wa-diablo	2011	FINISHED	2011
kikoken	2011	-	
kimi-to-iru-to	2011	FINISHED	2010
kirai-sensei	2011	-	
kishuku-no-niwa	2011	-	
kita-no-sushihime	2011	-	
kono-kanojo-wa-fiction-desu	2011	FINISHED	2011
kuroda-sanjuurokkei	2011	FINISHED	2014
kuruwa-genji	2011	-	
kyousei-hero	2011	FINISHED	2011
lammermoor-no-shounen-kiheitai	2011	FINISHED	2011
le-petit-monde	2011	-	
lilpri	2011	FINISHED	
love-all-sako-2010	2011	FINISHED	2011
mahou-no-iroha	2011	FINISHED	2011
maji-sandaana	2011	FINISHED	2005
megu-milk	2011	FINISHED	2011
mimoza-koukou-bunkasai	2011	FINISHED	2011
minamotohakasenoijounabatsubatsu	2011	FINISHED	2011
mugen-no-gunkan-yamato	2011	-	
muromachi-gakuin-koukou-seito-shidoushitsu	2011	-	
musashi-2011	2011	-	
nagomi-san	2011	-	
nanahiki-no-samurai	2011	-	
nemuri-hime	2011	FINISHED	2016
nenjuu-mukyuu-santa-san	2011	-	
nichinichi-ni-panorama	2011	FINISHED	2012
okaa-sama-to-isshokenmei	2011	-	
on-air	2011	-	
ore-to-nekonyan	2011	-	
ougari	2011	FINISHED	2011
private-times	2011	-	
pure-mari	2011	FINISHED	2011
rocket-starter	2011	FINISHED	2011
rose-x-marie	2011	FINISHED	2010
seiyuu-gekijou-papurioon-mizuhara-san	2011	RELEASING	
sensei-ni-ageru	2011	FINISHED	2011
shin-salaryman-kintarou	2011	FINISHED	2011
shinishukakutoutaisen	2011	FINISHED	2011
sowachine	2011	-	
super-deka	2011	-	
swot	2011	FINISHED	2010
takeki-ougon-no-kuni-yagyuu-munenori	2011	FINISHED	2011
tales-of-destiny-director-cut-cut-toki-no-rion	2011	FINISHED	2011
tantei-aoneko	2011	FINISHED	2006
to-line-anguru	2011	-	
tokyo-osamurai-land	2011	-	
torikagosou-no-kyou-mo-nemutai-juunintachi	2011	FINISHED	2011
tosei	2011	-	
watashi-hiyori	2011	-	
yodogawa-beruto-konbea-girl	2011	-	
zanbara	2011	FINISHED	2010
15-meisetsu-kougyou-koukou-ragubiibu	2012	FINISHED	2011
69-denashi	2012	-	
ane-chuu-dekiai-monzetsu-minako-san	2012	FINISHED	2012
appare-jipangu	2012	FINISHED	2003
ashita-no-nai-sora	2012	-	
barientesu-date-no-oni-katakura-kojuurou	2012	-	
betsu-bara	2012	-	
biollante	2012	-	
bocchi-no-ningyohime	2012	FINISHED	2012
byouin-no-naisho	2012	-	
caramel-boy	2012	FINISHED	2012
chimoguri-ringo-to-kingyobachiotoko	2012	FINISHED	2012
choukyou-kareshi	2012	FINISHED	2011
chronos-deep	2012	FINISHED	2012
city-lights	2012	-	
coda	2012	FINISHED	2011
comic-studio	2012	FINISHED	2012
ea-kare	2012	-	
echo-zeon	2012	FINISHED	2011
eriko-kun-ocha	2012	FINISHED	2013
fukashigi-philia	2012	FINISHED	2012
futari-no-himitsu	2012	FINISHED	2011
garouden	2012	FINISHED	2010
gokudoumeshi	2012	FINISHED	2012
gororo-mamonogatari	2012	-	
gujjobu	2012	RELEASING	
gunjou-2010	2012	FINISHED	2012
gyoutoku-sakanaya-roman-super-baito-j	2012	-	
haikyo-circle	2012	FINISHED	
hajimete-datteba	2012	FINISHED	
hana-mo-mata-kimi-no-tame	2012	-	
hana-nomizo-shiru	2012	FINISHED	2012
hana-tan	2012	-	
hanimero	2012	FINISHED	2012
hare-tokidoki-raijin	2012	-	
haruka-no-sue	2012	FINISHED	2012
higashi-kitazawa-5-5-u	2012	FINISHED	2012
inno-san-shounen-juujigun	2012	FINISHED	2011
ippitsu-nyuukon	2012	FINISHED	2012
itasha-girl	2012	RELEASING	
jinki-extend-relation	2012	-	
joou-sama-no-shirousagi	2012	FINISHED	2012
joshikousei-nobunaga-chan	2012	FINISHED	2012
junai-no-majo	2012	FINISHED	2014
kaijuu-no-tail	2012	FINISHED	2011
kaitei-sentai	2012	-	
kamisamabiyori	2012	FINISHED	2012
kankyou-hogotai-mottai-9	2012	-	
kayashimashi-no-yuugana-seikatsu	2012	FINISHED	2012
kechonpa	2012	FINISHED	2012
kekkoona-otemae-desu	2012	FINISHED	2012
kettama	2012	RELEASING	
kimi-no-tenjou-wa-boku-no-yuka	2012	-	
kimi-to-oyasumi	2012	-	
kuroneko-dance	2012	FINISHED	2012
kusuri-no-majoramu	2012	FINISHED	2012
kyouami	2012	FINISHED	2012
maboroshi-ni-fureteyo	2012	FINISHED	2011
maison-de-nagaya-san	2012	FINISHED	2012
marble-insupaia	2012	-	
meguru-88	2012	-	
miko-to-kagaku-no-uso-happyakuman	2012	RELEASING	
mizutsukai-no-rindou	2012	-	
momibaraishi	2012	FINISHED	2011
monomonojima	2012	-	
mukuro-chandelier	2012	FINISHED	2011
my-doll-house	2012	FINISHED	
neo-devilman	2012	FINISHED	2000
news-ni-naritaitsu	2012	-	
nude-fighter-yuzuki-2011	2012	FINISHED	2012
oedo-hankachou-tansakuya-gai	2012	-	
ou-sama-no-hoomutaun	2012	-	
panzer-princess	2012	FINISHED	2012
papa-s-assassin	2012	RELEASING	
perowan	2012	FINISHED	2012
punk	2012	-	
rabu-shierutaa	2012	RELEASING	
razor	2012	FINISHED	2006
red-point	2012	FINISHED	2011
ritaanaazu	2012	FINISHED	2013
rokkaku	2012	-	
roopure-world	2012	RELEASING	
seishun-forget	2012	FINISHED	2012
seishun-onomatope	2012	-	
sekilala-kanojo	2012	FINISHED	2012
senakagurashi	2012	FINISHED	2012
sengoku-gyouha-deyurahan	2012	FINISHED	2012
shinbashi-no-miko	2012	RELEASING	
shirogane-no-hana	2012	-	
shobonyan	2012	FINISHED	2012
shounen-typhoon	2012	-	
tama-no-koshikake	2012	-	
tokugawa-ieyasu-2012	2012	-	
tokyo-girls-destruction	2012	FINISHED	2012
tomodachi-gokko-momochi-2011	2012	FINISHED	2012
tsubakiiro-ballad	2012	-	
tsuki-ni-kiss-no-hanataba-o	2012	FINISHED	1998
tsuki-to-taiyou-no-piisu	2012	FINISHED	2012
twinkle-saber-nova	2012	RELEASING	
wazumashi-kazuha	2012	-	
yandeka	2012	FINISHED	2012
yomekin	2012	-	
yorihime-ki-tan	2012	FINISHED	2011
yuni-kaze-no-naka-de	2012	-	
yuuyuru-shikkoubu	2012	RELEASING	
zannen-hakase	2012	FINISHED	2012
123-npopo-1-2-3	2013	-	
2011-ritsu-kiwamemichi-koukou-2011	2013	FINISHED	2012
amane-atatameru	2013	FINISHED	2013
asamiya-san-no-imouto	2013	FINISHED	2012
ashita-wa-shinu-noni-iihi-da	2013	FINISHED	2013
ayakashi-convenience	2013	FINISHED	2013
boku-kizuki-2012	2013	FINISHED	2013
boku-wa-hajikko-ga-suki	2013	FINISHED	2013
caramel-kitsch-yuugekitai	2013	FINISHED	2013
chirorindou-no-natsuyasumi	2013	FINISHED	
choujinrokku-horiisaakuru	2013	-	
dounanotsu-koumoto-san	2013	-	
eebui-kantoku	2013	-	
fechikkusu	2013	FINISHED	2013
fudajo	2013	FINISHED	2014
fukashigi-triang	2013	FINISHED	2013
fukigen-cinderella	2013	FINISHED	2012
fururittsu-hakushaku-wa-itsumo-gokigen-naname	2013	-	
geijutsu-sousahan	2013	FINISHED	2013
genji-monogatari-shikibu-2013	2013	FINISHED	2013
gewalt	2013	-	
hanazono-fantajika	2013	FINISHED	2013
hanmen-ouji	2013	-	
henteko-ninja-imogakure-chingensai-sama	2013	FINISHED	2014
hetamen	2013	FINISHED	2012
houkago-sekigahara	2013	-	
hyakunin-monogatari	2013	-	
i-c-u	2013	-	
idol-pretender	2013	FINISHED	2013
ii-kara-hikina	2013	FINISHED	2013
irohazaka-agatte-sugu	2013	FINISHED	2013
ishi-o-sabaku-ishi	2013	-	
jc-tantei-ditekuteibu	2013	-	
jiei-ribu	2013	-	
jigokuren-love-in-za-hell	2013	FINISHED	2013
joshi-ana-demo-iidesuka	2013	FINISHED	2013
kagome-no-mura	2013	FINISHED	2013
kenban-no-ue-no-caress	2013	FINISHED	2012
kichijouji-catwalk	2013	FINISHED	2013
kimi-ga-suki-toka-arienai	2013	FINISHED	2013
koisuru-edison	2013	FINISHED	2013
kujaku-no-kyoushitsu	2013	FINISHED	2013
makia	2013	FINISHED	2013
mamagoto	2013	FINISHED	2012
manga-saiensu	2013	RELEASING	
murasakiiro-no-qualia	2013	FINISHED	2013
muteki-no-tsuaratousutora	2013	FINISHED	2013
night-walkers-2012	2013	-	
noukare	2013	-	
nude-na-kajitsutachi	2013	FINISHED	
okaa-san-o-boku-ni-kudasai	2013	-	
onnanoko-ga-hna-manga-egaicha-damedesuka	2013	FINISHED	2013
otokodama-rokku	2013	-	
otteke-3-haron	2013	-	
puzzle-game-pro	2013	-	
reach-man	2013	-	
real-pg	2013	FINISHED	2013
robin	2013	FINISHED	2013
saiteihen-no-otoko	2013	FINISHED	2012
sanada-heart-blade	2013	-	
sekai-no-hate-demo-manga-kaki	2013	-	
settei-shoujo	2013	-	
shaman	2013	FINISHED	2013
shimaizumu	2013	FINISHED	2012
shin-honto-ni-atta-hna-taiken	2013	FINISHED	2006
shinmai-fukei-kiruko-san	2013	FINISHED	2013
super-sister-mio	2013	-	
super-star	2013	-	
tekken-chinmi-gaiden	2013	FINISHED	
tenshi-keiyaku	2013	-	
tera-girl	2013	FINISHED	2012
tokidokisou	2013	FINISHED	2013
toumei-shine-ekkusu	2013	-	
tsuki-robot	2013	FINISHED	2013
tsukushi-massugu-life	2013	-	
uchi-no-ane-sama	2013	-	
uchuu-keisatsu-tetsuo	2013	-	
uchuu-roshin-muumo	2013	-	
usagi-no-tsuno	2013	FINISHED	2012
video-j	2013	FINISHED	2016
yamato-no-shishi-fuuun-daigishi-gouwan-hisho	2013	-	
yami-hotaru	2013	-	
yome-yome-kanata-san	2013	-	
zuttari-iwate	2013	-	
9-banme-no-musashi	2014	FINISHED	2007
aoharu-tetsudou	2014	RELEASING	
ariizu-0	2014	FINISHED	2014
avaaru-senki	2014	FINISHED	2013
ayakashi-hakkenden	2014	-	
bakeneko-system	2014	FINISHED	2023
beeguru-tabenai	2014	-	
boku-ni-koisuru-mechanical	2014	FINISHED	2014
boku-no-ojii-chan-ga-hen-na-hanashi-suru	2014	FINISHED	2014
boku-to-utsukushiki-bengoshi-no-bouken	2014	FINISHED	2014
bonkura	2014	-	
buchou-ni-igen-wa-arimasen	2014	FINISHED	2014
chika-chan-wa-shiritagaru	2014	-	
chikkoincho	2014	-	
chou-henkan-taisen-mojibakeru-g	2014	-	
colorful-kurou	2014	FINISHED	2014
dagasy	2014	FINISHED	2014
devilman-tai-yami-no-teiou	2014	FINISHED	2014
dogs-bullets-and-carnage	2014	-	
fujimi-lovers	2014	FINISHED	2014
fuwari-donpatchi	2014	FINISHED	2014
gakuyaura-binbou-hima-nashi-hen	2014	FINISHED	2014
golondrina	2014	RELEASING	
hakoniwa-telepathy	2014	FINISHED	2014
hatsu-ai	2014	-	
hijiki-no-oshigoto	2014	-	
himemama	2014	-	
honya-no-honne	2014	FINISHED	2013
houkago-sword-club	2014	FINISHED	2014
hyouketsu-kyoukai-no-eden	2014	RELEASING	
idol-wa-nante-shimasentsu	2014	FINISHED	2013
irohanihoheto-shinbunbu	2014	-	
itoshi-no-tanbarin	2014	-	
itsuka-yoake-no-sora-de-matteru	2014	FINISHED	2014
janjutsushi-shiruru-to-bisa-ghost	2014	FINISHED	2014
joshi-gou-sei	2014	-	
kabayashi	2014	-	
kaika-no-susume	2014	-	
kami-sama-ga-kureta-sebangou	2014	-	
karigari	2014	FINISHED	2014
kirishima-ranji	2014	-	
kiss-ariki	2014	FINISHED	2014
kitajima-san-no-nangina-nichijou	2014	-	
koi-no-cupid-yakenohara-jin	2014	FINISHED	2014
koihime-youchien	2014	-	
kokoro-kimiiro-sakurairo	2014	FINISHED	2014
kowloon-fiiyu	2014	FINISHED	2014
kurokuroku	2014	FINISHED	2014
latino	2014	-	
levius	2014	FINISHED	2014
maestro	2014	FINISHED	2007
magical-chef-shoujo-shizuru	2014	FINISHED	2014
mahou-shoujo-lyrical-nanoha-innocent	2014	FINISHED	2014
majime-kanojo	2014	FINISHED	2014
marika-chan-otsu	2014	FINISHED	2014
mawaru-kenja-no-shuraibuvaare	2014	-	
megamono	2014	-	
meikoku-no-canon	2014	-	
moko-to-yuganda-satsujinkidomo	2014	FINISHED	2014
mondaijitachi-ga-isekai-kara-kurusoudesuyo	2014	FINISHED	2014
mukashimukashi-aru-tokoro-ni-dewa-nakute-ima-boku-no-menomae-ni-onikko-ga-iru	2014	-	
nakajima-nakajima	2014	FINISHED	2014
nomura-24ji	2014	-	
office-kenta	2014	-	
ojou-sama-wa-nigedashita	2014	FINISHED	2014
ore-ga-heroine-o-tasukesugite-sekai-ga-little-apocalypse	2014	FINISHED	2014
otome-chelin	2014	FINISHED	2014
piisu-2	2014	FINISHED	2014
plus-alpha-no-tachiichi	2014	FINISHED	2014
puppy-lovers	2014	FINISHED	2014
rabu-karma	2014	FINISHED	2014
rejiden-505-tei-goomarugo	2014	-	
sakura-taboo	2014	FINISHED	2014
sakurano-san-meisouchuu	2014	RELEASING	
schoolmate-kiss	2014	FINISHED	2014
senyuu-main-quest-daiisshou	2014	FINISHED	2014
shichifuku-mafia	2014	FINISHED	2014
shikakui-shikaku	2014	-	
shirafu-de-itemo-imi-ga-nai	2014	-	
shoujo-gensou-necrophilia	2014	FINISHED	
sleeping-beauty-enomoto-2013	2014	FINISHED	2014
smile-style	2014	FINISHED	2013
souko-book-gaido	2014	RELEASING	
sta-pura-ng	2014	-	
suisei-no-gargantia	2014	FINISHED	2015
tadaima-dokushinchuu	2014	-	
tokyo-shutter-girl	2014	FINISHED	2013
tounan-kadobeya	2014	FINISHED	2014
trust	2014	-	
tsuki-ga-bakuhatsu-shita-node	2014	-	
uchi-no-zashikiwarashi-ga	2014	-	
uta-maro	2014	-	
watashi-no-sekai-o-kouseisuru-chiri-no-youna-nanika	2014	FINISHED	2013
whip-note	2014	FINISHED	2014
white-tiger	2014	FINISHED	2014
yome-san-wa-moe-mangaka	2014	-	
yorumori-no-kuni-no-sorani	2014	FINISHED	2013
yuigon-bengoshi-masaki-jimusho-hotaru	2014	-	
0-nousha-minato	2015	FINISHED	
4ban-no-takkyuu	2015	FINISHED	2014
abunoomarukei-joshi	2015	CANCELLED	2015
an-no-magomago-tosho-land	2015	FINISHED	2015
aniuddo-oodoori	2015	RELEASING	
aonuma-san-no-inu-wa-haraguro-da	2015	-	
ashita-mo-kotokoto	2015	FINISHED	2015
atlantid	2015	FINISHED	2015
aurora-no-ginyoku	2015	FINISHED	2014
baitosaki-wa-aku-no-soshiki	2015	FINISHED	2014
bokura-wa-tsuma-o-aishiteru	2015	-	
bw	2015	-	
cinderella-no-kutsu-arimasu	2015	-	
cinderella-plot	2015	FINISHED	2015
cronos-haze	2015	FINISHED	2015
cross-h	2015	FINISHED	2015
d-y-n-freaks	2015	FINISHED	2014
dokusai-club	2015	FINISHED	2015
doubutsu-no-mori-hohinda-mura-dayori	2015	FINISHED	2015
fuku-nante-doudemo-ii-to-omotteta	2015	FINISHED	2015
gakkou-kachinukisen-jikken-taiketsu	2015	-	
gekikara-bunka-kouryuu	2015	-	
genjuu-no-seiza-darashaaruhen	2015	FINISHED	2015
ginga-eiyuu-densetsu-eiyuutachi-no-shouzou	2015	FINISHED	2012
golden-kids	2015	-	
guren-5	2015	FINISHED	2015
hanakaku	2015	FINISHED	2015
heidi-to-yamao	2015	FINISHED	2015
hi-fi-cluster	2015	FINISHED	2015
hibike-yuufoniamu	2015	FINISHED	2015
hosutoman	2015	FINISHED	2015
hotel-salamander	2015	-	
houkago-marumaru-club	2015	FINISHED	2014
ichigo-no-ouji-to-entremets	2015	FINISHED	2015
ii-to-teii	2015	-	
ito-okashi	2015	FINISHED	2013
jikoman	2015	-	
kami-sama-sakuragi-produce	2015	FINISHED	2015
kami-sama-wa-ikiru-noga-tsurai	2015	FINISHED	2015
karura-mau-katsuraginokodaishin	2015	-	
kigurumi-guardians	2015	RELEASING	
kimi-ni-chiisana-uso-hitotsu	2015	FINISHED	2015
kodoku-no-naka-no-watashi	2015	FINISHED	2015
koi-to-naru	2015	-	
love-dester	2015	FINISHED	2018
love-houteishiki	2015	FINISHED	2015
m-game	2015	-	
mansen-maou-shoujo-ena-sama	2015	FINISHED	2015
marusei-2014	2015	FINISHED	2015
memento-mori	2015	FINISHED	2015
mitsukubi-condol	2015	FINISHED	2014
momopuro-zetto-z-super-star-rendetsu	2015	RELEASING	
mononokesou-no-niitodomo	2015	FINISHED	2015
mousou-suit-yamamoto	2015	FINISHED	
mudazumo-naki-kaikaku	2015	FINISHED	2015
nagi-to-arashi	2015	FINISHED	2015
nana-no-literacy	2015	FINISHED	2015
nanona-foto-goroo	2015	-	
nazotokiki-drill	2015	FINISHED	2015
nijigen-janpin	2015	FINISHED	2015
nijiiro-atsu-chan	2015	-	
norausagi	2015	FINISHED	2014
oishii-kamishama	2015	FINISHED	2015
olga-no-shinzou	2015	FINISHED	2015
osananajimi-wa-onnanoko-ni-naare	2015	FINISHED	2015
ossu-tonko-chan	2015	FINISHED	2003
osuteki-darling	2015	FINISHED	
pochifuru	2015	-	
poputepipikku	2015	RELEASING	
rikei-kun	2015	-	
rin-chan-now	2015	FINISHED	2014
ruten-no-teruma	2015	FINISHED	2016
saboten-no-musume	2015	-	
sawaike-no-gohan-wa-musuko-no-hikari-ga-tsukutteiru	2015	FINISHED	2015
sayonara-harumegido	2015	FINISHED	2015
secret	2015	FINISHED	2015
shikakenin-fujieda-baian-saitou2002	2015	-	
shinjuku-dii-bai-dii	2015	FINISHED	2016
shinryaku-mono-de	2015	FINISHED	2014
shiroi-machi-no-yorutachi	2015	FINISHED	2015
shizuko-wa-ore-no-yome	2015	FINISHED	2015
sk8r-s	2015	FINISHED	2015
slapstick	2015	-	
sweets-honbuchou-ichinose-kai	2015	-	
takujou-no-ageha	2015	FINISHED	2015
tawaraneko-to-machigai-jinsei	2015	FINISHED	2015
tenkuu-shoujo-kishidan	2015	-	
tetsuko-no-sodatekata	2015	-	
tomodachi-x-monster	2015	FINISHED	2015
torisetsuna-katekyo	2015	FINISHED	2015
toropikaruzamurai	2015	-	
tougorou-to-marosuke	2015	-	
tsubakisou-101goushitsu	2015	-	
uchi-no-musume-ni-te-o-dasuna	2015	FINISHED	2015
uketsuke-no-shirayuki-san	2015	-	
umareru-kachi-no-nakatta-jibun-ga-anna-no-tame-ni-dekiru-ikutsuka-no-koto	2015	FINISHED	2015
vampire-romanshiki	2015	FINISHED	2015
voynich-hotel	2015	FINISHED	2015
waga-tousou	2015	FINISHED	2015
yagate-maken-no-alicebell	2015	FINISHED	2015
yagi-san-yuubin	2015	FINISHED	2015
youkoso-utsutsu-no-bunkou	2015	-	
yume-de-aimashou	2015	-	
yume-hotel-e-youkoso	2015	-	
yuujou-kakin-karuman-gein	2015	FINISHED	2014
z-aihara-2013	2015	dump不在	
akuma-mo-fumu-o-osoreru-tokoro	2016	FINISHED	2016
amaitamashii	2016	FINISHED	2013
ao-no-jidai	2016	FINISHED	2000
atataka-na-hari	2016	FINISHED	2016
benten-rock-yuu	2016	FINISHED	2016
best-blue	2016	FINISHED	2015
boku-no-joshiryoku-wa-ano-ko-no-pantsu-ni-tsumatte-iru	2016	FINISHED	2016
boku-wa-ohime-sama-ni-narenai	2016	FINISHED	2016
cafe-chan-to-bureeku-time	2016	-	
choukyuukaku-tantei-enuiizuii	2016	FINISHED	2016
classmate-wa-zenin-megane	2016	FINISHED	2016
cocktail	2016	-	
coffee-ikaga-deshou	2016	FINISHED	2016
daimahoutsukai-nandesu-yone	2016	FINISHED	2016
datsuotashite-wa-mita-monono	2016	FINISHED	2016
deadpool-samurai	2016	-	
diamond-no-burasu-seidou-koukou-suisougakubu	2016	-	
dokutaa-toumori-akira-no-shoken	2016	-	
earth-furonteia-e-youkoso	2016	-	
etsu-heibon-desuyo	2016	FINISHED	2016
fairy-tail-gaiden	2016	FINISHED	2016
furatsuki	2016	FINISHED	2016
gakeppuchi-angel-magical-hanna-chan	2016	-	
gakumon	2016	FINISHED	2016
gal-japon	2016	RELEASING	
glass-no-kamen	2016	RELEASING	
guran-maison-murasakibashi	2016	-	
haisai-taiyou-musume	2016	-	
hajimari-no-haru	2016	-	
hakuba-no-oyome-san	2016	FINISHED	2016
hakushaku-sama-wa-amai-yoru-ga-osuki	2016	FINISHED	2015
haraheri-arata-no-kyoto-meshi	2016	-	
hibikore	2016	-	
hitomi-gokuu-no-hiyama-san	2016	FINISHED	2016
hitorigurashi-no-shougakusei	2016	FINISHED	2017
houkago-lucky-girl	2016	FINISHED	2016
ichikyuukyuupeke	2016	FINISHED	2016
jibun-ga-tsuinteeru-no-kawaii-onnanoko-dato-omoikonde-kyou-no-dekigoto-o-4-koma-ni-suru	2016	RELEASING	
kaidan-nikki	2016	FINISHED	2015
katsute-mahou-shoujo-to-aku-wa-tekitaishiteita	2016	CANCELLED	2015
killer-killer-girls	2016	FINISHED	2016
kimi-no-tonari	2016	FINISHED	2016
kimi-wa-ore-ga-suki-tte-ittara-donna-kao-suru-darou	2016	FINISHED	2016
koibito-ijou-yome-miman	2016	FINISHED	2016
kokage-kun-wa-majo	2016	FINISHED	2015
kokubyaku	2016	-	
kuchiireya-kyouji	2016	FINISHED	2016
kuroneko-kareshi-no-afurekata	2016	FINISHED	2016
kyou-wa-shinu-noni-mottekoi-no-hi	2016	-	
kyoukai-no-nai-sekai	2016	FINISHED	2016
kyoushi-no-junjou-seito-no-yokubou	2016	-	
licht	2016	-	
mahou-shoujo-lyrical-nanoha-innocents	2016	FINISHED	2016
mata-ashita	2016	FINISHED	2015
matane	2016	-	
moeyo-sensha-gakkou	2016	-	
nagisa-shokudou	2016	FINISHED	2016
neko-tan	2016	-	
nishimuki-mai-room	2016	-	
nyankoro-kamui	2016	-	
onimote	2016	FINISHED	2016
ore-no-himegutsu-o-haite-kure	2016	FINISHED	2016
oyaji-no-aijin-to-class-ore	2016	-	
pi-nyan	2016	-	
poison-girl	2016	FINISHED	2016
puchipuchi-tan-tan-puchi-tan-tan	2016	FINISHED	2016
reset-game	2016	RELEASING	
rokudai	2016	-	
saihate-ni-circus	2016	FINISHED	2016
shibusugi-gijutsu-ni-otokonaki	2016	-	
shiibui-ore	2016	FINISHED	2016
shin-toshi-densetsu	2016	-	
shisha-no-teikoku	2016	FINISHED	2016
shoujo-kessen-orugia	2016	FINISHED	2016
sodateko	2016	-	
sono-vanpiiru-wa-tadashikunai-yume-o-miru	2016	FINISHED	2015
soredemo-kimi-ga	2016	FINISHED	2016
sousou-no-limit	2016	FINISHED	2016
suki-desu	2016	FINISHED	2013
suzuki-san-wa-tada-shizuka-ni-kurashitai	2016	FINISHED	2016
tadaima-okaeri	2016	FINISHED	2016
takuan-to-batsu-no-nichijou-enmachou	2016	FINISHED	2016
tatakae-aku-no-soshiki-dark-dream	2016	-	
tetsumin	2016	FINISHED	2016
tribology	2016	FINISHED	2016
tsuma-ga-nani-yara	2016	FINISHED	2015
undergroun-dogs	2016	-	
ushiro-no-gosenzo-sama	2016	-	
usotsuki-wa-imouto-no-hajimari	2016	FINISHED	2015
watoson-no-inbou	2016	FINISHED	2016
yoru-no-suit-okamura-2015	2016	FINISHED	2016
youkoso-genkai-shuuraku-e	2016	FINISHED	2016
yume-kara-sametemo	2016	FINISHED	2016
yumekui-tantei-utsunomiya-airi-no-kikan	2016	-	
yuri-na-watashi-to-akuma-na-kanojo	2016	FINISHED	2016
yuusha-gojo-kumiai-kouryuugata-keijiban	2016	FINISHED	2016
zombie-ga-deta-node-gakkou-yasumi	2016	FINISHED	2016
4-banme-no-iinazuke-kouho	2017	FINISHED	2017
7-nin-no-shieikusupia	2017	-	
ai-sensei-wa-wakaranai	2017	FINISHED	2017
baby-god-zangyaku-to-junjou-no-mejiedo-sama	2017	-	
baccano	2017	FINISHED	2017
bakubaku-bakuchi-gohan	2017	-	
beauty-mark	2017	-	
bono-chan	2017	FINISHED	2017
chekkumeito	2017	-	
chocolat-no-mahou	2017	RELEASING	
dokidoki-sister-aoi-chan	2017	FINISHED	2016
enueichikee-darwin-ga-kita	2017	-	
fukushima-note	2017	-	
futago-no-teikoku	2017	RELEASING	
gakkou-kachinukisen-jikken-taiketsu-2016	2017	-	
geetama	2017	-	
gesu-kijoumae	2017	FINISHED	2017
ginrou-ni-kodoku-o-mita	2017	FINISHED	1976
gitei-to-tsunagaru-karada-kedamono-no-koi	2017	FINISHED	2016
goinkyo-maou-no-hinichijou	2017	FINISHED	2016
hana-to-hina-wa-houkago	2017	FINISHED	2016
hasshouku	2017	-	
hazama-kun-wa-erabenai	2017	-	
hidan-no-aria	2017	FINISHED	2017
higekaa-chan-to-musume-san	2017	-	
hitorigurashi-no-ol-o-egakimashita	2017	FINISHED	2018
hittoraa-no-musuko	2017	-	
homeless-salaryman	2017	FINISHED	2017
houkago-play-haihiiruzu	2017	FINISHED	2016
ibitsu-no-amalgam	2017	FINISHED	2017
idai-naru-majo-puan-sama-no-kansatsu-nikki	2017	-	
inochi-o-waketa-kimi-to-jinsei-saigo-no-yume-o-miru	2017	FINISHED	2017
itoshi-no-sakura-san	2017	FINISHED	2017
izure-shinwa-no-houkago-sensou	2017	FINISHED	2017
kageki-no-kuni-no-alice	2017	FINISHED	2017
kaigui-harapekora	2017	-	
kami-app-za-rabu-game	2017	-	
kantai-collection-kancolle-itsuka-shizuka-na-umi-de	2017	FINISHED	2016
karura-mau-2016	2017	-	
kimiyoubi	2017	-	
kimusume-love-kinshirei	2017	FINISHED	2016
kirika-c-a-t-s	2017	FINISHED	2017
kishi-gundam-seiden	2017	-	
knuckle-down	2017	-	
koisuru-shougakusei	2017	FINISHED	2017
kozure-kouraku	2017	-	
loveless	2017	RELEASING	
machi-no-tomu-ando-sooya	2017	FINISHED	2017
mad-dog	2017	-	
madoka-engawa	2017	FINISHED	2016
majimekei-kuzu-no-nichijou	2017	RELEASING	
mamagoto-shoujo-to-jinzou-ningen	2017	-	
mazarian	2017	FINISHED	2017
mermaid-boys	2017	RELEASING	
mobile-suit-gundam-anaheim-record	2017	FINISHED	2017
mobile-suit-zeta-gundam-difain	2017	-	
mononote	2017	FINISHED	2017
mutant-taatoruzu	2017	FINISHED	2015
nagisa-nite	2017	FINISHED	2016
nanatsu-no-taizai-king-no-mangamichi	2017	FINISHED	2017
neko-tono-mofumofu-kurashi	2017	-	
okitegami-kyouko-no-bibouroku	2017	FINISHED	2017
onna-no-mado	2017	-	
oretachi-shouginzoku	2017	-	
ossu-haruka-chan	2017	FINISHED	2017
princess-biyori	2017	FINISHED	2017
red-thimble	2017	FINISHED	2017
reikan-koumuten-ripea	2017	-	
saiyuuki-reload-blast	2017	RELEASING	
sayonara-nokutaan	2017	FINISHED	2016
seishun-wa-zombie-deshita	2017	FINISHED	2017
sengoku-basara-dokugan	2017	-	
seven-greys	2017	-	
shanghai-hakujatei-ki-tan	2017	FINISHED	2016
shikkoku-no-ten	2017	FINISHED	2017
smoky-god-express	2017	FINISHED	2016
sofii-rose-to-ibara-no-warlock	2017	FINISHED	2017
soul-liquid-chambers	2017	FINISHED	2017
spirit-migration	2017	FINISHED	2017
sumi-ni-byakuren	2017	FINISHED	2017
tokubetsu-no-egoist	2017	-	
tomari-ni-oideyo	2017	-	
tsubasa-no-kurusedaazu	2017	-	
uchi-no-class-no-joshi-ga-yabai	2017	FINISHED	2016
wakuwaku-rokko-mooshon	2017	FINISHED	2016
winged-mermaids	2017	FINISHED	2017
10-dance-dance-dance	2018	-	
8-jou-carnival	2018	FINISHED	2018
allison-wa-haitenai	2018	FINISHED	2018
ameku-takao-no-suiri-karte	2018	FINISHED	2018
an-to-kyouju-no-rekishi-tokei	2018	FINISHED	2018
anata-no-osenaka-nagashitai	2018	-	
arai-rie-gekijou-nekoyama-san	2018	RELEASING	
ayakashi-parade-game	2018	FINISHED	2018
ayashi-no-mori-no-genyakan	2018	FINISHED	2018
bakarei-dogs	2018	-	
bokutachi-no-shinsekai	2018	FINISHED	2018
bunkou-no-hitotachi	2018	FINISHED	2017
chloe-no-ryuugi	2018	FINISHED	2018
chuugoku-yome-nikki	2018	RELEASING	
class-2-kanojo-ga-futari-iru	2018	-	
dance-in-za-vampire-bund-sledge-hammer-no-tsuioku	2018	FINISHED	
datenshi-no-jijou	2018	-	
doubutsu-iiaaru-wanko-wa-wanko	2018	-	
dungeon-ni-deai-o-motomeru-nowa-machigatteirudarouka-familia-chronicle	2018	FINISHED	2018
dungeon-ni-deai-o-motomerunowa-machigatteirudarouka	2018	CANCELLED	2019
dungeon-no-hotori-no-yadoya-no-oyaji	2018	RELEASING	
farao	2018	FINISHED	2018
fate-grand-order-comic-collection	2018	-	
fate-grand-order-comic-la-carte	2018	FINISHED	2018
fujoshi-no-tsuzui-san	2018	FINISHED	2018
futari-de-hitorigurashi	2018	-	
futaribocchi-sensou	2018	FINISHED	2018
future-card-buddyfight-dark-game-iden	2018	-	
glass-no-kakera-wa-neko-no-tameikii	2018	FINISHED	2019
goshujin-sama-to-kemonomimi-no-shoujo-meru	2018	FINISHED	2018
graineliers	2018	RELEASING	
granblue-fantasy	2018	FINISHED	2019
great-old	2018	FINISHED	2018
handosutando	2018	-	
hatsujouji-made-ato-1-jikan	2018	FINISHED	2018
heppoko-yuusha-ni-senryaku-o	2018	-	
hidamari-hoikuen-otonagumi	2018	-	
high-school-dxd	2018	FINISHED	2018
himekishi-san-to-orc	2018	FINISHED	2018
honami-sutoratto	2018	-	
honey-days	2018	FINISHED	2018
ikemen-sengoku	2018	FINISHED	2018
ikitemasuka-honda-kun	2018	FINISHED	2018
indo-meoto-jawan	2018	-	
isekai-goumon-hime	2018	FINISHED	2018
isekai-ni-kita-mitai-dakedo-dousureba-yoinodarou	2018	RELEASING	
isekai-shoukan-gourmet-magical-table-cross	2018	FINISHED	2019
jieiota-otoko-asahina-kun	2018	FINISHED	2018
joou-no-jouken	2018	FINISHED	2017
junketsu-sensen	2018	-	
kami-sama-no-iru-keshiki	2018	FINISHED	2019
kanaeru-love-sick	2018	FINISHED	2018
kantai-collection-kancolle-comic-arakaruto-maizuru-chinjufu-hen	2018	RELEASING	
kinryou-rokku	2018	-	
kirakira-sutadii	2018	-	
kojirase-boy-meets-girl	2018	FINISHED	2018
kono-ai-wa-i-tan	2018	FINISHED	2018
kuma-otoko	2018	-	
kyuubanme-no-musashi-silent-black	2018	FINISHED	2019
mahou-shoujo-nante-mou-ii-desu-kara	2018	FINISHED	2018
makai-gacha-wa-kyou-mo-shibui	2018	RELEASING	
manga-assistant-no-nichijou	2018	FINISHED	2017
mannaka-no-ritsu-kun	2018	FINISHED	2018
maria-17	2018	-	
martian-dice	2018	FINISHED	2018
mofumofu-no-kamisamasagashi	2018	FINISHED	2018
nanbaka	2018	FINISHED	2022
neko-ga-arawareta	2018	-	
neru-joshi	2018	FINISHED	2018
nishikida-keibu-wa-dorobou-ga-osuki	2018	FINISHED	2018
no-game-no-life	2018	CANCELLED	2018
obaa-chan-to-game	2018	FINISHED	
onihime	2018	-	
osanazuma-no-hoshi	2018	-	
otasaa-no-hime-satsujin-jiken	2018	FINISHED	2018
otoko-koukousei-to-fureau-houhou	2018	FINISHED	2019
oyama-kikunosuke-san	2018	FINISHED	2018
rakudai-kishi-no-kyabarurii	2018	FINISHED	2017
renzusou-no-sankaku	2018	FINISHED	2018
rurou-no-gourmet	2018	-	
sakura-maimai	2018	FINISHED	2018
seifuku-no-vampiress-road	2018	FINISHED	2017
seishun-soukanzu	2018	FINISHED	2018
shijin-keisatsu	2018	FINISHED	2018
shirogane-shinshi-club	2018	FINISHED	2018
shishou-series	2018	FINISHED	2018
sougihime	2018	FINISHED	2014
sumi-de-ii-desu-kamawanai-de-kudasaiyo	2018	-	
sundome-jieitai	2018	FINISHED	2018
tei-sensei	2018	FINISHED	2018
tensei-shitara-slime-datta-ken-mamono-no-kuni-no-arukikata	2018	CANCELLED	2021
tokeijikake-no-ane	2018	FINISHED	2018
tomodachi-gokko-yamada-2016	2018	FINISHED	2018
tonarimachi-no-katasutorofu	2018	FINISHED	2018
undead-girl-murder-farce	2018	FINISHED	2025
wagamama-diy	2018	-	
wagamama-hanii-holic	2018	-	
wani-danshaku	2018	FINISHED	2018
watashi-to-kanojo-no-otomari-eiga	2018	FINISHED	2018
yamijo	2018	-	
yoakeato-no-shizu	2018	FINISHED	2018
zetsubou-no-tama	2018	-	
1-nichi-ikkai-etchi-shinakucha-dame-desuka	2019	-	
100-mankai-no-suki-o-ageru	2019	FINISHED	2019
6-gatsu-no-rabu-letter	2019	FINISHED	2019
8ldk-shisha-no-ou	2019	FINISHED	2019
afurika-no-salaryman	2019	RELEASING	
akatora	2019	FINISHED	2019
alicia-san-no-diet-quest	2019	FINISHED	2018
amaetai-hi-wa-soba-ni-ite	2019	FINISHED	2019
amaku-yasashii-sekai-de-ikiru-niwa	2019	FINISHED	2019
assistant-assassin	2019	RELEASING	
bachikan-kiseki-chousakan	2019	FINISHED	2018
bakumatsu-tenseiden-shinsengumi-rebellion	2019	FINISHED	2019
batman-and-justice-league	2019	FINISHED	2019
bijin-ga-konkatsu-shite-mitara	2019	-	
blue-striker	2019	FINISHED	2019
bokura-ga-ai-o-sakebu-toki	2019	FINISHED	2019
butsuri-san-de-musou-shitetara-motemote-ni-narimashita	2019	FINISHED	2019
captain-harlock-jigen-koukai	2019	-	
celebrity-game	2019	-	
cosmo-familia	2019	FINISHED	2019
dengeki-travellers	2019	FINISHED	2019
dokasen	2019	-	
donketsu	2019	FINISHED	2018
dungeon-seeker	2019	FINISHED	2019
einstein-no-kaibutsu	2019	FINISHED	2019
fenrir-nee-san-to-boku	2019	FINISHED	2019
gaiken-shijou-shugi	2019	-	
gal-kishi-angelica	2019	FINISHED	2019
gankutsusou-no-fuyajou-san	2019	-	
gatou-zero-ichi-no-senjou	2019	-	
gekikara-ojou-sama-wa-jibun-o-basshitai	2019	FINISHED	2019
harumineeshon	2019	FINISHED	2019
heroines-game	2019	FINISHED	2019
herupuman-shuzaiki	2019	-	
himeyadori	2019	FINISHED	2019
hoshikuzu-no-prince	2019	-	
hyoujin	2019	-	
ichiichi-seichi	2019	-	
ima-kimi-o-sukuitai	2019	FINISHED	2026
isekai-death-game-ni-tensou-sarete-tsurai	2019	FINISHED	2019
isekai-ekisha-no-kissaten	2019	FINISHED	2019
isekai-elf-no-dorei-chan	2019	FINISHED	2019
isekai-omotenashi-gohan	2019	FINISHED	2019
isekai-shoukansaretaga-kyousei-soukansareta-ore-wa-shikatanaku-yaseru-koto-ni-shita	2019	RELEASING	
jikai-no-death-game-ni-gokitai-kudasai	2019	FINISHED	2019
kai-to-kaijuu-no-tane	2019	-	
kainushi-juujin-to-pet-joshikousei	2019	FINISHED	2020
kakure-wotaku-no-love-senryaku	2019	FINISHED	2018
kami-sama-no-yokogao	2019	FINISHED	2019
kimongai	2019	FINISHED	2019
kiss-kyoujin-sora-o-tobu	2019	FINISHED	2019
kokubetsu-niwa-mada-hayai-yuigon-shikkounin-lily	2019	FINISHED	2018
kono-subarashii-sekai-ni-nichijou-o	2019	FINISHED	2019
kowamote-koukousei-to-jimiko-san	2019	FINISHED	2019
kusanagi-sensei-wa-tamesarete-iru	2019	FINISHED	2019
kyou-mo-onnanoko-o-kouryaku-shita	2019	FINISHED	2019
love-jack	2019	-	
mahou-shoujo-no-kareinaru-yosei	2019	FINISHED	2018
majutsu-yaburi-no-revenge-magia	2019	-	
mameneko	2019	-	
manga-no-mori-kara-joshi-joshikousei	2019	-	
mankan-pocha-muki-n	2019	FINISHED	2018
maou-no-mama-ni-narundayo	2019	FINISHED	2019
mata-no-okoshi-o-suzune-2018	2019	FINISHED	2018
mononobe-koshoten-kaiki-tan	2019	RELEASING	
mugi-no-koro	2019	FINISHED	2019
naisho-no-koi-hajimemashita	2019	-	
nanji-rinjin-o-batsu-seyo	2019	RELEASING	
ninja-tensei-shinobikiru	2019	FINISHED	2019
ore-to-kawazu-san-no-isekai-hourouki	2019	FINISHED	2019
osaka-kanjou-kekkai-toshi	2019	FINISHED	2019
otto-o-kamu	2019	RELEASING	
owatta-mangaka	2019	-	
piano-no-koibito-pianisshishimo	2019	-	
qp-gaiden-azuma-ryou	2019	FINISHED	2014
radio-lady	2019	-	
ryuuka-mami-no-kiyuu	2019	RELEASING	
saigo-no-saiyuuki	2019	FINISHED	2019
seijo-wa-naitotachi-ni-midasareru	2019	-	
sensei-yasumasete-kudasai	2019	FINISHED	2019
shachiku-kun-to-dorei-chan	2019	-	
shin-juuishi-no-file	2019	-	
shinariodoori-ni-taijou-shita-noni-imasara-nanno-goyou-desuka	2019	-	
siscon-ani-to-burakon-imouto-ga-shoujiki-ni-nattara	2019	FINISHED	2019
sketchbook	2019	FINISHED	2019
sugomori-hontou-ni-atta-nama-koko-dake-no-hanashi-kiwami-ultra	2019	-	
suikoden-2000	2019	FINISHED	1971
supi-otako-chan	2019	-	
sweet-revenge	2019	-	
tama-ou-hibi	2019	-	
tasukete-maou-sama	2019	FINISHED	2018
tonari-no-akujo	2019	FINISHED	2019
tonzura-gohan	2019	-	
try-knights	2019	FINISHED	2019
tsuma-wa-tanin	2019	-	
uchuujin-puruka	2019	FINISHED	2019
warui-ko-demo-iino	2019	FINISHED	2019
watashi-nouryoku-wa-heikinchi-de-tte-ittayone-funa-2017	2019	RELEASING	
yanyan-kokoyan	2019	FINISHED	2019
yuki-to-matsu	2019	FINISHED	2018
yuugai-shitei-doukyuusei	2019	FINISHED	2019
yuusha-no-party-ni-eiyoushi-ga-kuwawatta	2019	-	
zetsurin-hanyunyu-2018	2019	RELEASING	
10sai-10-ta-no-kare-dakedo	2020	FINISHED	2020
10saishita-demo-anata-o-dakitai	2020	-	
23-ku-tokyo-majo	2020	FINISHED	2020
6gou-keibi	2020	RELEASING	
alma	2020	FINISHED	2020
animeta	2020	RELEASING	
aoniyoshi-sore-mo-yoshi	2020	RELEASING	
asa-ninattemo-owa-ranaitsu	2020	-	
beast-children	2020	FINISHED	2019
bem	2020	FINISHED	2020
choujin-rokku-gaia-no-kiba	2020	-	
cinderella-girls-gekijou	2020	RELEASING	
corseltel-no-ryuujitsushi	2020	-	
crystal-dragon	2020	RELEASING	
daijukai-no-monster-partner	2020	FINISHED	2019
dear-noman	2020	FINISHED	2020
doahorizumu	2020	FINISHED	2019
dungeon-no-maou-wa-saijaku	2020	RELEASING	
edomae-no-shun-deluxe	2020	-	
erii-golden-to-itazura-na-tenkan-busu-de-debu-demo-ikemen-elite	2020	FINISHED	2020
erzsebet	2020	FINISHED	2020
fate-grand-order-comic-la-carte-plus	2020	RELEASING	
gekidan-nijuumensou-baasasu-nanairo-inko	2020	FINISHED	2020
golden-age-2019	2020	-	
golden-sakura	2020	RELEASING	
goohoo-mafia-kajita-kun	2020	-	
goreijou-takashima-kiyono-wa-hisoka-ni-tashinamu	2020	FINISHED	2020
guraburutsu	2020	RELEASING	
hajimete-no-gyakusatsu	2020	FINISHED	2019
hanjuku-familia	2020	-	
hidamari-ga-kikoeru	2020	-	
hidarikiki-no-eren-nifuni-2020	2020	RELEASING	
hina-chan-change	2020	FINISHED	2020
hokuou-joshi-oosa-ga-mitsuketa-nippon-no-fushigi	2020	FINISHED	2020
houkago-pedal	2020	-	
isekai-desu-mamono-saibai-shite-imasu	2020	FINISHED	2020
isekai-hoikuen-o-hirakimashita	2020	RELEASING	
itoshi-koishi	2020	FINISHED	2019
kami-shufu-enta	2020	-	
kansaijin-to-fukumen-satsujinki	2020	FINISHED	2020
kao-ga-konoyo-ni-muite-nai	2020	FINISHED	2020
kedama-no-gonjiroo	2020	FINISHED	2020
kenka-kagyou	2020	FINISHED	2020
khan-kusa-to-tetsu-to-hitsuji	2020	FINISHED	2020
kimi-wa-idol	2020	RELEASING	
kiss-shite-kurenakya-shinjau	2020	FINISHED	2020
kochira-rasubosu-maoujou-mae-kyoukai	2020	FINISHED	2020
kojirase-hyakki-domainaa	2020	FINISHED	2020
kondo-koso-shiawase-ni-narimasu	2020	FINISHED	2020
kotonaru-jigen-no-kanrinin-san	2020	FINISHED	2020
kuro-no-souzou-shoukanshi	2020	FINISHED	2016
kuroane-insomnia	2020	FINISHED	2019
kyoodai-nanka-ja-irarenai	2020	FINISHED	2020
kyoryuu-senki	2020	FINISHED	2020
kyou-doko-san-ikuto	2020	FINISHED	2019
kyuukyoku-no-komyushou-wotaku-joshi-no-watashi-ga-soshage-no-sekai-ni-kita-kedo-oshi-ga-toutosugite	2020	-	
last-order-sumi-2019	2020	FINISHED	2020
madougushi-dariya-wa-utsumukanai-kei-2019	2020	FINISHED	2020
madoushi-wa-heibon-o-nozomu	2020	FINISHED	2019
majo-raba-majo-reba	2020	FINISHED	2020
maou-ga-yadoya-o-yatteinu	2020	FINISHED	2019
maou-no-migiude-ni-natta-node-gensaku-kaiaku-shimasu	2020	FINISHED	2020
matataki-no-soonya	2020	RELEASING	
mei-chan-wa-yakiniku-ga-koishii	2020	RELEASING	
mobile-suit-gundam-ground-zero-colony-no-ochita-chi-de	2020	FINISHED	2020
monkey-peak-the-rock-2020	2020	FINISHED	2021
motokare-to-konna-koto-ni-naru-nante	2020	-	
mr-applicant	2020	FINISHED	2019
musou-kouro	2020	FINISHED	2020
muteki-no-hito-kizuki-2019	2020	FINISHED	2020
nishino	2020	FINISHED	2020
nyanko-days	2020	FINISHED	2020
ohitorisama-no-yutaka-na-nenshuu-200-man-seikatsu	2020	-	
ookami-no-sumika	2020	FINISHED	2020
ore-to-jashin-to-mahoutsukai-no-onnanoko	2020	-	
osananajimi-ni-najimitai	2020	FINISHED	2019
otokonokozuma	2020	FINISHED	2020
piisu-maker-kurogane	2020	-	
raise-o-chikatte-tenseishitara-taihenna-kotoni-natta	2020	FINISHED	2020
ryuujin-sama-to-kurashitara	2020	FINISHED	2020
sakura-no-izakaya-saijiki	2020	FINISHED	2020
satsujin-game-haishin-gentei	2020	-	
sayonara-otokonoko	2020	FINISHED	2020
seijo-futari-no-isekai-burari-tabi	2020	FINISHED	2020
seire-sama-no-nangina-nichijou	2020	FINISHED	2020
seiryaku-kekkon-no-danna-sama-kari-to-koi-o-hajimemasu	2020	-	
sekai-baegoroshi-tsuaazu	2020	-	
sensei-no-oningyou	2020	FINISHED	2019
shashinya-kafuka	2020	RELEASING	
sheerlore	2020	FINISHED	2020
shinibitogatari	2020	FINISHED	2020
shinrigaku-wa-yaku-ni-tatanai	2020	-	
shirokuma-tensei	2020	RELEASING	
siscon-onee-chan-to-kinishinai-imouto	2020	FINISHED	2020
sono-dekiai-okotowari-shimasu	2020	FINISHED	2019
sono-otsu-san-isekai-de-nishuume-play-o-mankitsuchuu	2020	RELEASING	
soroete-choudai	2020	FINISHED	2020
sorokatsu	2020	-	
suzu-chan-desho	2020	-	
tabi-to-gohan-to-shuumatsu-sekai	2020	FINISHED	2020
tenpai-gaiden-deluxe	2020	-	
tensei-ouji-wa-daraketai	2020	FINISHED	2020
tetsuoberutta	2020	FINISHED	2020
tokyo-alice-girly	2020	FINISHED	2020
tsukigami-to-bonbon	2020	FINISHED	2020
tsukikage-moratorium	2020	FINISHED	2019
tsumugi-kun-no-sakippo	2020	FINISHED	2021
uchi-no-musume-no-tame-naraba-ore-wa-moshikashitara-maou-mo-taoseru-kamo-shirenai	2020	FINISHED	2020
uminekosou-days	2020	FINISHED	2020
wanwan-monogatari	2020	FINISHED	2020
watashi-datte-surundesu	2020	-	
watashi-to-sensei-no-genjuu-shinryouroku	2020	FINISHED	2020
yoru-no-onee-san-wa-taberu-koto-bakari-kangaeteiru	2020	FINISHED	2020
yoshi-no-zui-kara	2020	FINISHED	2020
yowai-5000nen-no-soushoku-dragon-iwarenaki-jaryuu-5000-ntei	2020	-	
yuusha-sama-yukagen-wa-ikagadesuka	2020	RELEASING	
zesshaka	2020	RELEASING	
1-paasento-no-koi	2021	RELEASING	
19-sai-doutei-no-boku-ga-tobikonda-no-wa-av-gyokai-deshita	2021	-	
33-sai-kiyoraka-fujoshi-ga-toshishita-otoko-to-asagaeri	2021	-	
35sai-no-fu-junai	2021	-	
3p-hajimemashita	2021	FINISHED	2021
86-86	2021	CANCELLED	2021
86-operation-highschool	2021	CANCELLED	2021
anata-wa-otto-ni-damasareteiru	2021	-	
aohada-kyonyuu-to-kuso-bocchi	2021	RELEASING	
arafoo-shachiku-no-golem-master	2021	RELEASING	
asukumi-sensei-ni-kiitemita	2021	-	
atsu-tsugi-no-shigoto-wa-bakemono-taiji-desu	2021	-	
ayakashi-fuufu-wa-konsei-koso-shiawase-ni-naritai	2021	FINISHED	2021
bakkatsu-bakushu-kassai	2021	FINISHED	2019
boku-imasuyo	2021	FINISHED	2021
bou-oote-dungeon-o-kubi-ni-natta-node-jikka-no-dungeon-o-tsugimashita	2021	-	
boukensha-guild-no-cheat-keiei-kaikaku	2021	-	
caste-heaven	2021	FINISHED	2021
chibikasu-kun	2021	-	
chiko-chan-ni-shikarareru	2021	RELEASING	
choujin-koukouseitachi-wa-isekai-demo-yoyuu-de-ikinuku-youdesu	2021	FINISHED	2021
chuubosusan-level-99-saikyou-no-bukatachi-to-tomo-ni-nishuume-totsunyuu	2021	RELEASING	
dai-san-ouji-wa-hakkoubutsu-ni-tsuki-chokushi-chuui	2021	FINISHED	2021
damokuresu-no-golf	2021	-	
dbs-dirty-business-secret	2021	-	
dear-door	2021	-	
densetsu-no-level-1-yuusha	2021	FINISHED	2021
donyoku-joushi-wa-nido-osou	2021	FINISHED	2019
doreiku-gang-age	2021	FINISHED	2020
elf-to-shuryoushi-no-item-koubou	2021	FINISHED	2021
ero-manga-sensei	2021	FINISHED	2021
fantasy-o-hotondo-shiranai-joshi-joshikousei-ni-yoru-isekai-teni-seikatsu	2021	-	
fenrir-kaa-san-to-attaka-gohan-attomaaku-comic	2021	RELEASING	
fuhoni-desu-ryuukishidan-ga-kahogo-desu	2021	FINISHED	2021
furimukeba-azarashi	2021	-	
furonteia-diary	2021	FINISHED	2021
gekikara-kachou	2021	RELEASING	
girigiri-saegiru-katagiri-san	2021	FINISHED	2020
goinkyo-collection	2021	-	
gudaguda-ace	2021	FINISHED	2017
hai-no-futago-wa-shirokuro-tsukezu-ni-sekai-o-sukuimasu	2021	FINISHED	2021
hard-nuts	2021	-	
hayato-kun-to-saho-chan-wa-honjitsu-mo-ichaama	2021	-	
hazure-skill-mappingu-o-te-ni-shita-shounen-wa-saikyou-party-to-dungeon-ni-idomu	2021	-	
hello-merankorikku	2021	FINISHED	2020
hitsuji-sensei-ga-shukishukisugite-otaota-shitai	2021	FINISHED	2021
inaka-ni-kaeru-to-yakeni-natsuita-kasshoku-ponytail-shota-ga-iru	2021	FINISHED	2021
isekai-de-item-corrector	2021	-	
isekai-de-youjoka-shita-node-youjo-ni-nattari-shokikan-ni-nattari-shimasu	2021	-	
isekai-mou-kaeritai	2021	FINISHED	2021
isekai-sankanou	2021	FINISHED	2021
isekai-shachou-maougun-de-nariagaru	2021	RELEASING	
isekai-yankee-hachiouji	2021	FINISHED	2021
issenman-doutei	2021	-	
jinrui-o-metsuboo-sasetewa-ikemasen	2021	FINISHED	2022
joukyuu-kokumin-slayer	2021	-	
juujin-kareshi-to-kozukuri-seikatsu	2021	FINISHED	2020
kamiotoshi-no-oni	2021	FINISHED	2021
kawaisou-ni-ne-genki-kun	2021	FINISHED	2020
kawashima-yoshiko-wa-otoko-ni-naritai	2021	FINISHED	2020
kemono-no-rokuban	2021	FINISHED	2021
kinjo-no-nanako-san	2021	FINISHED	2021
kishi-danchou-shima-kousaku	2021	FINISHED	2021
koitsura-no-shoutai-ga-onna-dato-ore-dake-ga-shitte-iru	2021	FINISHED	2021
konyaku-haki-sareta-node-isekai-de-onsenyado-hajimemasu	2021	-	
konyakusha-ga-akuyaku-de-komattemasu	2021	RELEASING	
koushaku-reijou-no-tashinami	2021	RELEASING	
kurobane-hakusho	2021	FINISHED	2021
kuuden-no-himegimi	2021	FINISHED	2021
kyuubo-suterareteta-dragon-hirotta-kaikata	2021	FINISHED	2021
libel	2021	-	
love-dame-zettai	2021	FINISHED	2021
love-gurimowaaru	2021	RELEASING	
mahoutsukai-de-hikikomori	2021	FINISHED	2020
maou-gakuin-no-futekigousha	2021	CANCELLED	2021
maou-sama-to-kekkon-shitai	2021	FINISHED	2021
mitsubara-no-kekkon-deep-rabu	2021	FINISHED	2024
mogumogu-tabearuki-kuma	2021	-	
moichido-kare-to	2021	FINISHED	2021
monster-musume-no-koroshiya-san	2021	-	
monsutaamusume-no-oishasan-0	2021	FINISHED	2021
motokano-no-otouto-ga-kawaiitte-hanashi	2021	FINISHED	2021
mujintou-ni-nanika-hitotsu-motteku-to-shitara-nani-motteku-tte-hanashi	2021	-	
muteki-no-mirai-daisakusen	2021	FINISHED	2021
nakasete-kurenai-kamiya-san	2021	FINISHED	2021
neko-no-massaajiya-san	2021	FINISHED	2022
ninouchiirazu-no-shinmetsu-seijo	2021	-	
niwaka-reijou-wa-outaishi-denka-no-yatoware-konyakusha	2021	FINISHED	2021
nyuuyoku-yankees	2021	FINISHED	2021
oda-cinnamon-nobunaga	2021	FINISHED	2021
oishii-verandah	2021	FINISHED	2020
okashi-shokunin-no-nariagari	2021	-	
omukae-ni-agarimashita	2021	FINISHED	2020
onekosamazugurashi	2021	-	
otome-koukou-bokushingubu	2021	-	
otome-no-omocha	2021	FINISHED	2021
panda-to-inu	2021	-	
remushiita-bureibusu-online-slow-life-ni-akogareru-ore-no-mamanaranai-vuiaaru-boukenki-attomaaku	2021	RELEASING	
reworld-frontier-comic	2021	FINISHED	2021
rokudenashi-majutsu-koushi-to-akashic-record	2021	FINISHED	2021
roodosutou-senki-seiyaku-no-houkan	2021	FINISHED	2021
sabikui-bisco	2021	FINISHED	2021
saegusa-kyouju-no-subarashiki-kinruigaku-kyoushitsu	2021	FINISHED	2021
saikyou-no-ou-sama-nidome-no-jinsei-wa-nani-o-suru	2021	-	
saikyou-no-shuzoku-ga-ningen-datta-ken	2021	FINISHED	2021
samayoeru-tenseishatachi-no-riraibu-game	2021	-	
seikyouiku-120-paasento	2021	FINISHED	2021
sekai-katei-ryouri-no-tabi	2021	-	
semelparous	2021	RELEASING	
shinkon-yosoji-no-meshi-jijou	2021	-	
shinomiya-kouta-wa-mada-shinenai	2021	FINISHED	2021
shinsou-mahou-shoujo-howling-moon	2021	FINISHED	2021
shiori-no-nikki	2021	FINISHED	2020
shokushu-majutsushi-no-nariagari	2021	FINISHED	2021
shouan-to-hibi	2021	FINISHED	2020
stalker-koui-ga-barete-jinsei-shuuryouotoko	2021	FINISHED	2021
sumahitorashimu	2021	-	
tasogare-golf-club	2021	-	
tensei-shitara-hime-datta-node-dansou-joshi-kiwamete-saikyou-mahoutsukai-mezasuwa	2021	RELEASING	
tensei-yakushi-wa-isekai-o-meguru	2021	FINISHED	2021
toudoku-ni-ita	2021	RELEASING	
trinity-seven-anastasia-seiden	2021	FINISHED	2021
umarekawatta-kensei-wa-raku-o-shitai	2021	FINISHED	2021
ura-aka-joshi	2021	FINISHED	2021
waga-gyouyuu-ni-furueyo-tenchi	2021	FINISHED	2021
watashi-no-juuboku	2021	-	
watashi-no-kizu-wa-shindemo-kesanai	2021	FINISHED	2021
wild-etchi-de-ishiki-tonjau	2021	RELEASING	
will-sama-wa-kyou-mo-mahou-de-asonde-imasu	2021	-	
world-customize-creator	2021	FINISHED	2021
yakumo-san-wa-ezuke-ga-shitai	2021	FINISHED	2021
yankee-wa-isekai-de-seirei-ni-aisaremasu	2021	FINISHED	2021
youjo-shachoo	2021	RELEASING	
yuusha-ni-haibokushita-maou-sama-wa-kaerizaku-tameni-mamono-guild-o-tsukuru-koto-ni-shimashita	2021	RELEASING	
zettai-koukaisasemasen-kara	2021	FINISHED	2020
18	2022	-	
70-nenme-no-kokuhaku	2022	FINISHED	2022
86-furagumentaru-neotenii	2022	FINISHED	2022
aishota	2022	FINISHED	2022
akagami-no-onnashounin	2022	-	
akechi-kogorou-kaikodan	2022	FINISHED	2022
akuyaku-reijou-nanode-rasubosu-o-katte-mimashita	2022	FINISHED	2022
akuyaku-reijou-nanode-yorokonde-shikaeshi-itashimasu	2022	-	
akuyaku-reijou-ni-erabaretanara-yuuga-ni-enjite-misemashou	2022	RELEASING	
akuyaku-reijou-ni-tensei-shita-hazu-ga-marii-antoinette-deshita	2022	FINISHED	2022
akuyaku-reijou-no-onii-sama-wa-kouryaku-taishougai-desu	2022	FINISHED	2022
akuyaku-reijou-no-yakuwari-wa-oemashita	2022	FINISHED	2022
akuyaku-reijou-wa-shomin-ni-totsugitai	2022	FINISHED	2022
ano-hi-chikyuu-ni-dungeon-ga-shutsugen-shita	2022	RELEASING	
ano-onikyoushi-ga-boku-no-ane-ni-narundesuka	2022	FINISHED	2022
arafoo-eigyouman-isekai-ni-tatsu	2022	-	
asahi-daikazoku	2022	FINISHED	2022
ashitsumakatari	2022	RELEASING	
asobinin-wa-kenja-ni-tenshoku-dekiru-tte-shittemashita	2022	FINISHED	2022
atsugari-seito-kaichou-to-hieshou-gal-ga-boku-ni-semaru	2022	FINISHED	2022
atsumare-doubutsu-no-mori-nonbiri-shimadayori	2022	FINISHED	2022
baba-ikuko-ga-koyonaku-bike-o-ice-wake	2022	-	
bakumatsu-familia	2022	FINISHED	
ballroom-e-youkoso	2022	RELEASING	
bishuu-gyakuten-sekai-no-chouzetsu-busaiku-ni-muriyari-yome-ni-hai-yorokonde	2022	-	
blood-doom	2022	FINISHED	2021
boku-wa-konyaku-haki-nante-shimasen-karane	2022	FINISHED	2022
bokutachi-no-rikon	2022	FINISHED	2021
bougyoryoku-zero-no-yome	2022	FINISHED	2022
cheezare	2022	FINISHED	2021
chiisana-koi-no-monogatari	2022	FINISHED	2020
cool-doji-otoko	2022	RELEASING	
daisy	2022	-	
dakaretai-hito	2022	FINISHED	2023
dansou-reijou-no-fuhonina-kekkon	2022	-	
dansou-shitara-suujitsu-de-barete-kokuou-heika-ni-dekiai-sarete-imasu	2022	FINISHED	2022
datsusara-chan-wa-iyasaretai	2022	FINISHED	2021
death-ball	2022	RELEASING	
dekiai-seifuku	2022	-	
dekiai-yakuza-niwa-amayakasarenai	2022	FINISHED	2022
disney-twisted-wonderland-the-comic	2022	-	
doshomin-no-watashi-jitsu-wa-tenseisha-deshita	2022	FINISHED	2022
doushitemo-hametsu-shitakunai-akuyaku-reijou-ga-gendai-heiki-o-te-ni-shita-kekka-ga-kore-desu	2022	FINISHED	2022
dracula-yakin	2022	FINISHED	2022
dual-na-kanojo-no-taoshikata	2022	FINISHED	2022
dungeon-battle-royale	2022	RELEASING	
eigyoubu-no-saeki-san-to-kagitsuki-etchi	2022	-	
esuranku-party-o-kubi-ni-natta-node-sekaiju-to-satogaeri-shimasu	2022	-	
fenrir-kishitai-no-taguimare-naru-mofumofu-jijou	2022	FINISHED	2022
fushisha-no-deshi	2022	RELEASING	
fuusui-pet	2022	FINISHED	2022
gacen-no-kanojo	2022	FINISHED	2022
gashi-tensei	2022	-	
gate-of-nightmares	2022	FINISHED	2022
gensai-to-shouzan	2022	-	
ginkai-no-yuuri	2022	FINISHED	2022
ginshio-shoushou	2022	FINISHED	2022
girls-und-panzer-momi-no-ki-to-tetsu-no-hane-no-majo	2022	FINISHED	2022
gohoubi-wa-izakaya-de	2022	RELEASING	
gyakuisekai-tensei-shite-kimowota-ni-natte-shimatta-daimajutsushi-derurei-kaachisu-no-fujouri-na	2022	-	
hagure-seireii-no-shinsatsu-kiroku	2022	FINISHED	2022
haikai-sensei	2022	-	
haikei-heika-2-dome-no-ouhi-wa-okotowari	2022	FINISHED	2022
hajimete-no-camp-san	2022	FINISHED	2022
hajimete-no-sense	2022	FINISHED	2021
hametsu-end-masshigura-no-akuyaku-reijou-ni-tensei-shita-node-oishii-gohan-o-tsukutte-kurashimasu	2022	FINISHED	2022
hametsu-no-kanojo	2022	FINISHED	2022
hana-wa-ingoku-e-ochizu-ni-sumu-ka	2022	-	
hanamaru-skip	2022	FINISHED	2022
hanatsumugu-higo-no-kami	2022	FINISHED	2022
hannari-hanjirou	2022	FINISHED	2022
heibon-koukousei-no-ore-ga-game-dewa-saikyou-guild-no-guild-master-nandesuga	2022	-	
hensachi-10-no-ore-ga-isekai-de-chie-no-yuusha-ni-nareta-wake	2022	-	
hidamari-no-asufaruto	2022	-	
higuma	2022	-	
hikkomi-jian-na-shinchoujuu-tsukai-planet-intoruudaa-online-comic	2022	-	
himuro-no-tenchi	2022	FINISHED	2025
hiroware-koneko-to-moto-yakuza	2022	FINISHED	2022
honzuki-no-gekokujou	2022	FINISHED	2025
hyakuki-yakai	2022	FINISHED	2022
idol-sama-ga-riakoi-suruna	2022	-	
ikemen-ni-tensei-kedo-cheat-wa-dekimasendeshita	2022	FINISHED	2021
imouto-ga-burakon-de-nani-ga-warui	2022	-	
imouto-no-tomodachi-ga-nani-kangaeteru-noka-wakaranai	2022	FINISHED	2022
isekai-de-seireishi-hajimemasu	2022	-	
isekai-no-yakusho-de-arubaito-hajimemashita	2022	-	
isekai-oooku-de-jk-wa-koi-o-suru	2022	FINISHED	2022
isekai-sensei	2022	RELEASING	
isekai-tenisha-no-maipeesu-kouryakuki	2022	RELEASING	
ishuzoku-kyoshoujo-sextet	2022	FINISHED	2022
itsuka-nemuri-ni-tsuku-hi	2022	FINISHED	2022
jigen-no-sakeme-ni-ochita-teni-no-saki-de	2022	RELEASING	
joou-denka-wa-oikari-no-youdesu	2022	FINISHED	2022
kanbayashi-buchou-to-koibito-keiyaku	2022	-	
karisome-chouhi-no-pride	2022	FINISHED	2022
kasshoku-henshuu-san-to-shota-mangaka	2022	FINISHED	2021
kaze-no-daichi	2022	CANCELLED	2022
kazemachi-no-futari	2022	FINISHED	2022
ken-to-mahou-no-zeikin-taisaku-attomaaku-comic	2022	RELEASING	
kenja-ga-nakama-ni-natta	2022	FINISHED	2022
kenja-no-deshi-o-nanoru-kenja-gaiden	2022	FINISHED	2021
kichikujima	2022	FINISHED	2022
kikakuhazure-no-eiyuu-ni-sodaterareta-joushikihazure-no-mahou-kenshi	2022	FINISHED	2022
kinki-inouryoku-no-kijutsushi	2022	FINISHED	2022
kiraware-yuusha-ni-tensei-shita-node-aisare-yuusha-o-mezashimasu	2022	-	
kirenu-pai-nado-anmari-nai	2022	FINISHED	2024
kiryuu-menkyo-totta-joshikousei	2022	RELEASING	
kishi-danchou-wa-moto-megane-shoujo-o-hitorijime-shitai	2022	FINISHED	2022
koi-ni-yami-ai-o-utau	2022	FINISHED	2022
koisuru-gokudou-onii-san	2022	FINISHED	2022
konkatsu-battle-field-37	2022	FINISHED	2025
konsaru-nain	2022	FINISHED	2022
konya-sushiya-de	2022	FINISHED	2023
korokoro-soukan-densetsu	2022	RELEASING	
kou-miete-hiwatari-kun-no-joshiryoku-wa-53-man-desu	2022	-	
kouhai-kun-ga-shitagi-no-himo-o-kuwaetara	2022	-	
kounoike-tsuyoshi-no-gakeppuchi-ruumushiea	2022	-	
kouritsuchuu-madoushi-daini-no-jinsei-de-madou-o-kiwameru	2022	FINISHED	2022
kouyoukoku-koukyuu-tan	2022	FINISHED	2022
kuma-kuma-kuma-bear-kyou-mo-kuma-kuma-hiyori	2022	FINISHED	2022
kumichou-no-musume-wa-isekai-de-saikyou-no-kumi-o-tsukuru-tame-gokudou-musou-hajimemashita	2022	RELEASING	
kuro-no-senki	2022	CANCELLED	2022
kuso-zako-choroin-nishiga-hachi	2022	FINISHED	2022
kyou-mo-watashi-wa-genki-desuu-kiregimi	2022	FINISHED	2022
kyou-mo-yakubi-desu	2022	-	
kyuukoku-no-seijo-desu-kokugai-tsuihousareta-sarechaimashita	2022	-	
kyuuteii-no-musume	2022	FINISHED	2022
last-encore	2022	-	
level-99-boukensha-ni-yoru-hajimete-no-ryouchi-keiei	2022	RELEASING	
love-mii-tender-ni-sayounara	2022	FINISHED	2023
lunatic-circus	2022	FINISHED	2022
madk	2022	FINISHED	2022
mahou-shoujo-zenin-oji-san	2022	-	
majo-to-yajuu	2022	RELEASING	
maketsurakusha-no-shuunou-mahou	2022	RELEASING	
manga-henshuusha-ga-kaisha-o-yamete-inakagurashi-o-shitara-isekai-datta-ken	2022	FINISHED	2022
maou-no-musume-ni-umaremashita	2022	-	
maou-o-attou-suru-daimadoushi-desu-ie-de-wa-kare-ni-osarete-imasu	2022	FINISHED	2022
maou-sama-ni-shoukan-sareta-kedo-kotoba-ga-tsuujinai	2022	FINISHED	2022
me-no-doku-sugiru-shokuba-no-futari	2022	FINISHED	2022
megami-kourin	2022	-	
meikyuu-kingdom	2022	FINISHED	2022
meitantei-conan-zero-no-teiitaimu	2022	FINISHED	2022
mibu-no-tsugai	2022	FINISHED	2021
mierundesu	2022	-	
mii-chan-wa-kyou-mo-ganbaranai	2022	FINISHED	2022
mikawa-beruno-to-ika-gorira-no-manga-beauty	2022	-	
minarai-fuufu	2022	FINISHED	2022
mitsuaikon	2022	FINISHED	2022
mobile-suit-gundam-valpurgis	2022	FINISHED	2022
mobu-dakedo-oshi-ga-ikiteru-kara-mainichi-ga-tanoshii	2022	FINISHED	2022
modern-romanesco	2022	FINISHED	2022
mofumofu-o-shiranakattara-jinsei-no-hanbun-wa-muda-ni-shite-ita	2022	-	
motherfuckers	2022	-	
moto-kouzou-kaiseki-kenkyuusha-no-isekai-bouken-tan	2022	FINISHED	2021
moumoku-no-koushaku-reijou-ni-tensei-shimashita	2022	FINISHED	2022
mousou-fudanshi-kun	2022	FINISHED	2020
musubaru-yakeato	2022	RELEASING	
namihara-san-wa-buchimaketai	2022	FINISHED	2022
narita-kun-o-semetai	2022	FINISHED	2022
nichijou	2022	RELEASING	
noichigo-shoujo-satsujin-jiken	2022	FINISHED	2022
noroi-no-maken-de-koufuka-toreeningu	2022	-	
nyotaika-shita-boku-o-kishisamatachi-ga-nerattemasu	2022	RELEASING	
oidasaretara-nanikato-umaku-ikimashite	2022	FINISHED	2022
okubyou-na-hakushaku-reijou-wa-momegoto-o-nozomanai	2022	FINISHED	2022
onigami-no-hanayome	2022	-	
onna-doushi-toka-arienaidesho-to-iiharu-onna-no-ko-o-hyakunichikan-de-tetteitekini-otosu-yuri-no	2022	FINISHED	2022
ore-no-megane-wa-tabun-sekai-seifuku-dekiru-to-omou	2022	RELEASING	
ore-wa-mada-honki-o-dashite-inai-dx	2022	RELEASING	
orenchi-ni-kita-onnakishi-to-inakagurashi-suru-koto-ni-natta-ken	2022	RELEASING	
osaka-madame-koukyuuhi-ni-naru	2022	RELEASING	
osanai-fusai-wa-itonamitai	2022	FINISHED	2022
osananajimikon	2022	FINISHED	2022
oshi-ga-tonari-de-jugyou-ni-shuuchuu-dekinai	2022	FINISHED	2022
oshi-no-idol-ga-tonari-no-heya-ni-hikkoshitekita	2022	RELEASING	
oshite-dame-datta-node-hiite-miru-koto-ni-shita-no-desu	2022	-	
ossan-36-ga-idol-ni-naru-hanashi	2022	-	
otomege-tensou-ore-ga-heroine-de-kyuuseishu	2022	FINISHED	2022
outo-no-gakuen-ni-kyousei-renkou-sareta-saikyou-no-dragon-rider-wa-chou-ga-tsukuhodo-inakamono	2022	-	
oyu-de-hokorobu-yukime-senpai	2022	FINISHED	2022
patalliro	2022	RELEASING	
pichipichi-pitch	2022	FINISHED	2005
pochamusume-wa-koakuma-muubu-ga-yamerarenai	2022	FINISHED	2022
reiko-no-fuugi	2022	RELEASING	
rental-otoko-no-haruto-kun-wa-shiawase-o-todoketai	2022	FINISHED	2022
riria-densetsu-no-kaseifu	2022	RELEASING	
rival-kon	2022	-	
ryuuou-heika-no-gekirin-sama	2022	FINISHED	2022
ryuusa-no-ori	2022	FINISHED	2022
sachiko-to-kamineko-sama	2022	RELEASING	
saikyou-kenshi-saiteihen-kishidan-de-funsenchuu	2022	FINISHED	2022
sand-no-meshi-to-are-ga-suki	2022	FINISHED	2021
sanzennenme-no-kamitaiou	2022	FINISHED	2021
seiken-ga-ningen-ni-tensei-shitemitara-yuusha-ni-henai-sarete-komatte-imasu	2022	FINISHED	2021
sekai-no-owari-ni-shibainu-to	2022	RELEASING	
sekai-wa-are-de-dekite-iru	2022	FINISHED	2022
semiritaia-shita-boukensha-wa-nonbiri-kurashitai	2022	FINISHED	2022
sex-ando-dungeon	2022	FINISHED	2022
shachiku-dungeon-master-no-shokudou-keiei	2022	FINISHED	2022
shiitagerareta-hime-desu-ouji-sama-no-noroi-o-toite-shiawase-ni-narimasu	2022	FINISHED	2022
shikabanegatana	2022	FINISHED	2021
shikkaku-kara-hajimeru-nariagari-madoushidou	2022	RELEASING	
shima-no-oto	2022	FINISHED	2022
shiniyasui-koushaku-reijou-to-shichinin-no-kikoushi	2022	FINISHED	2023
shinriki-no-yakushi-tenseigo-wa-sengoku-bushou-to-kekkon-o-zentei-ni-hatsukoi-shimasu	2022	-	
shinya-anata-no-mono-ni-naru	2022	FINISHED	2024
shiro-no-necromancer	2022	RELEASING	
shitennou-saijaku-datta-ore	2022	FINISHED	2022
shitsuren-go-kenaku-datta-osananajimi-ga-satou-gashi-mitai-ni-amai	2022	FINISHED	2022
shitsuren-yakezake-masaka-no-asachun-demo-wake-atte-kukkyou-na-ryodanchou-to-mofumofu-ni	2022	-	
shoujo-fight	2022	RELEASING	
slow-life-ga-shitai-daikenja-musume-o-hirou	2022	FINISHED	2022
sono-mono-nochi-ni	2022	RELEASING	
soukyuu-no-shihaisha	2022	FINISHED	2022
splatoon	2022	FINISHED	2021
spy-kyoushitsu	2022	FINISHED	2022
stateless	2022	-	
succubus-na-iinchou-ni-okotowarisaremashite	2022	FINISHED	2021
sukaruman	2022	FINISHED	1970
suki-sugiru-kara-kanojo-ijou-no-imouto-to-shite-ai-shite-kudasai	2022	FINISHED	2022
sukuwanakya-dame-desuka-isekai	2022	RELEASING	
suterareta-tensei-kenja	2022	FINISHED	2022
suuji-de-sukuu-jakushou-kokka	2022	FINISHED	2022
suupaaman-buiesu-meshi	2022	FINISHED	2022
tade-kuu-kimi-mo-suki-zuki	2022	FINISHED	2022
tamako-sama-no-oki-ni-mesu-mama	2022	RELEASING	
tanaka-no-isekai-nariagari	2022	FINISHED	2022
tasogareboshi-no-sui-to-neri	2022	FINISHED	2021
tensai-gekai-ga-isekai-de-yamiisha-o-hajimemashita	2022	-	
tenseishitara-maou-sama-ni-dekiaisaremashita	2022	FINISHED	2022
tenshoku-no-shinden-o-hirakimashita	2022	RELEASING	
tenshou-ero-elf-no-naka-no-hito-wa-29-sai-shojo-ol-desu	2022	-	
terror-kyouju-no-ayashii-jugyou	2022	FINISHED	2022
the-bad-guys	2022	-	
the-idolm-ster-million-live-theater-days-lively-flowers	2022	FINISHED	2022
tonari-no-seki-ni-natta-bishoujo-ga-horesaseyou-to-karakatte-kuru-ga-itsu-no-ma-nika-kaeriuchi-ni	2022	FINISHED	2022
toyoda-san-wa-nayamanai	2022	FINISHED	2022
trinity-seven-revision	2022	FINISHED	2022
tsuma-ga-sukisugiru-otto	2022	FINISHED	2022
tsurugi-no-kanata	2022	-	
uchi-no-danna-ga-ama-chan-de	2022	FINISHED	2022
uchi-wa-wakarete-kurashiteru	2022	FINISHED	2022
uchuu-kenetsukan	2022	FINISHED	2023
uchuu-senkan-yamato-next-star-bureizaazu-ramuda	2022	-	
virus-tensei-kara-hajimaru-isekai-kansen-monogatari	2022	RELEASING	
waga-deshi-ga-mottomo-tsuyokute-kawaii-no-dearu	2022	FINISHED	2022
wagaya-wa-kakuriyo-no-kashihonya-san	2022	FINISHED	2023
wakiyaku-joshi-wa-kouhai-kun-ni-yowasaretai	2022	RELEASING	
watashi-no-janru-ni-kami-ga-imasu	2022	RELEASING	
watashi-tsugou-no-ii-onna-de-ii-desu	2022	-	
yakuza-to-metsuki-no-warui-onnakeiji-no-hanashi	2022	RELEASING	
yankee-shota-to-wotaku-onee-san	2022	RELEASING	
yaritsukai-to-kuroneko	2022	FINISHED	2022
yomei-rokkagetsu-enchoushitemoratta-kara-koko-kara-wa-watashi-no-jikandesu	2022	-	
youjo-to-sukoppu-to-maganou	2022	RELEASING	2026
youki-ni-naritai-shigure-san	2022	FINISHED	2022
youko-sama-no-hanayome	2022	-	
youkoso-jitsuryoku-shijou-shugi-no-kyoushitsu-e	2022	RELEASING	
youkoso-kaii-kosekika-e	2022	RELEASING	
yukionna-to-kani-o-kuu	2022	FINISHED	2020
yuri-no-sono-nimo-mushi-wa-iru	2022	FINISHED	2022
yuusha-sama-ko-kore-tte-souiu-imi-desukatsu	2022	-	
za-king-obu-fantasy-yagami-iori-no-isekai-musou	2022	FINISHED	2022
zenra-kagyou	2022	FINISHED	2021
zettai-seiiki-no-cherion	2022	RELEASING	
1-nichi-ikkai-hateru-made	2023	FINISHED	2025
108-kai-korosareta-akuyaku-reijou	2023	FINISHED	2022
1f-no-kishi	2023	FINISHED	2023
300-nen-hikikomori-tsukuri-tsuzukete-shimatta-kottouhin-madougu-ga-nokinami-cheat-kyuu-no-madougu	2023	-	
4000-nenburi-ni-kikan-shita-dai-madoushi	2023	-	
5-byou-de-omae-o-ikasete-yaruyo	2023	-	
89-nagano-rengou	2023	RELEASING	
a-yasei-no-ojou-sama-ga-tobidashitekita	2023	RELEASING	
ai-ue-motto	2023	FINISHED	2023
aisare-ouji-no-isekai-honobono-seikatsu	2023	-	
akumei-takai-ryoushu-ni-totsugu-koto-ni-narimashita-ga-mainichi-shiawase-desu	2023	FINISHED	2023
akutoku-ryoushu-no-musuko-ni-tensei	2023	RELEASING	
akuyaku-reijou-dasou-desu-kouryaku-taishou-sono-5-igai-wa-kyoumi-arimasen	2023	-	
akuyaku-reijou-desu-moto-geboku-no-juujin-ni-flag-kaishuu-dekiaisaretemasu	2023	RELEASING	
akuyaku-reijou-ga-sei-heroine-o-kudoki-otosu-hanashi	2023	FINISHED	2023
akuyaku-reijou-iie-gokuaku-reijou-desuwa	2023	RELEASING	
akuyaku-reijou-ni-tensei-shippai-shite-kachi-heroine-ni-natte-shimaimashita	2023	FINISHED	2024
akuyaku-reijou-ni-tensei-shitakedo-hakyoku-shita-hazu-no-katabutsu-outaishi-ni-dekiai	2023	FINISHED	2023
akuyaku-reijou-ni-tensei-suru-mo-mahou-ni-muchuu-de-itara-ouji-ni-dekiai-saremashita	2023	-	
akuyaku-reijou-wa-isekai-tensei-shitemo-otome-game-o-tsukuritai	2023	FINISHED	2023
akuyaku-reijou-wa-nidome-no-jinsei-de-kaerizaku	2023	FINISHED	2023
akuyaku-reijou-wa-nightingale-o-mezasu	2023	CANCELLED	2024
akuyaku-reijou-wa-oji-sama-ni-muchuu-desu	2023	RELEASING	
akuyaku-reijou-wa-uwakimono-o-yurushimasen	2023	-	
akuyaku-reijou-yotei-rashii-kedo-watashi-wa-okashi-ga-tabetai	2023	-	
alice-san-no-iroribata	2023	FINISHED	2023
amaesasete-hinamori-san	2023	FINISHED	2023
anata-denai-dareka-ni-dakareru-yoru	2023	FINISHED	2023
animagear-2022	2023	RELEASING	
ankokugai-no-moto-kougou-no-danzai-to-mitsuyaku	2023	-	
ano-akujo-niwa-bou-kun-ga-hitsuyou-da	2023	-	
arumajiro-no-jon-from-kyuuketsuki-sugu-shinu	2023	-	
asahinata-sensei-wa-himitsu-no-shinsatsu-o-shite-iru-rashii	2023	RELEASING	
astro-king	2023	RELEASING	
atai-to-nechikoyan	2023	-	
atarashii-konyakusha-wa-watashi-o-medetakute-shikata-nai	2023	-	
atwight-game	2023	FINISHED	2023
ayakashi-fuufu-wa-kimi-no-namae-o-mada-shiranai	2023	-	
bannou-skill-choumiryou-sakusei-de-isekai-o-ikinukimasu	2023	-	
battle-healer-wa-shugyouchuu	2023	RELEASING	
bikei-ouji-ga-nigate-na-hatenkou-mobu-reijou-wa-jibun-rashiku-ikite-ikitai	2023	-	
binbou-reijou-no-kanchigai-seijoden	2023	FINISHED	2023
bishoujoka-shita-oji-san-dakedo-gachikoi-sarete-komattemasu	2023	FINISHED	2023
bitter-connect	2023	-	
black-lagoon	2023	RELEASING	
blue-justice-koko-ni-ari	2023	-	
boku-no-kawaii-musume-wa-futago-no-kenja	2023	RELEASING	
botsuraku-ririn-wa-kyou-mo-koukyuu-kouryakuchuu	2023	FINISHED	2023
bou-kun-aruiwa-dekiai	2023	FINISHED	2022
buiaaru-erogee-yattetara-isekai-ni-tensei-shita-node-bishoujo-maou-o-doreika-suru	2023	RELEASING	
bungou-natsume-wa-ryourinin-ga-kirai	2023	RELEASING	
bushi-chan-to-menhera-kun	2023	RELEASING	
butai-ni-sake	2023	FINISHED	2023
buzz-game	2023	RELEASING	
cheat-majutsu-de-unmei-o-nejifuseru	2023	RELEASING	
cheat-na-tablet-o-motte-kaiteki-isekai-seikatsu	2023	FINISHED	2022
chikashitsu-dungeon	2023	FINISHED	2023
choppiri-etchi-na-sanshimai-demo-oyome-san-ni-shite-kuremasuka	2023	FINISHED	2023
chuunyan-koushu-no-bishoku-gaikouroku	2023	FINISHED	2023
collar-me	2023	FINISHED	2023
dainana-ouji-ni-umaretakedo-nani-suryaiino	2023	RELEASING	
daiseirei-no-keiyakusha	2023	FINISHED	2025
daite-ii-nara-dakasero-yo	2023	-	
daizai-dungeon-kyoushuujo-no-hanmen-kyoushi	2023	RELEASING	
dakaretai-otoko-1i-1-odosareteimasu	2023	RELEASING	
dekiaisuru-nomo-hodohodo-ni	2023	-	
deshi-ga-kawaisugite-tsurai	2023	FINISHED	2022
desumaachi-kara-hajimaru-isekai-koufukukyoku	2023	FINISHED	2023
doll-hime-wa-koi-o-uranau	2023	-	
dolls-furontorain-doll-no-uta	2023	-	
dorei-yuugi-didi	2023	RELEASING	
dragon-ie-o-kau	2023	FINISHED	2023
duel-masters-guren	2023	FINISHED	2023
dungeon-darake-no-isekai-ni-tensei-shitakedo-boku-no-onkei-ga-sainankan-dungeon-datta-ken	2023	FINISHED	2023
eikyuu-shounen-etaanaru-boys	2023	FINISHED	2023
elf-san-wa-yaserarenai	2023	FINISHED	2021
enzai-de-shokei-sareta-koushaku-reijou-wa-konsei-dewa-mofugami-sama-to-odayaka-ni-sugoshitai	2023	RELEASING	
fake-world	2023	-	
fuguu-skill-no-shien-madoushi	2023	-	
fuguushoku-ningyoutsukai-no-nariagari	2023	RELEASING	
furuki-okite-no-mahou-kishi	2023	FINISHED	2023
futsuu-shoku-no-isekai-surooraifu	2023	-	
gal-ashi	2023	FINISHED	2023
game-shoshinsha-no-mari-nee-ga-iku-buiaaruemuemuoo-nonbiri-taikenki	2023	-	
gomen-asobase-tonogata-sama	2023	FINISHED	2023
gomi-seisouin-no-nichijou	2023	FINISHED	2020
goshi-wajin-den	2023	RELEASING	
gunji-kun-wa-yaritai-houdai	2023	-	
hadashi-no-seimei	2023	FINISHED	2023
haigakura	2023	RELEASING	
haisupe-sugiru-jiki-shachou-ga-naze-watashi-hon-no-mushi-ni-go-shuushin	2023	-	
hakoniwa-no-yakujutsushi	2023	RELEASING	
hakuchizu-no-raizende	2023	FINISHED	2023
hametsu-end-kara-gyakkou-shitara-nishuume-wa-naze-ka-aisare-route-deshita	2023	FINISHED	2024
hametsu-no-akuyaku-joou-desu-kyuukoku-end-o-onozomi-desu	2023	RELEASING	
hanashi-ga-chigau-to-iwaretemo-imasara-mou-shirimasen-yo	2023	-	
hanayome-noren	2023	FINISHED	2023
hara-ga-hettewa-ikuji-wa-dekinu	2023	FINISHED	2023
harapeko-seijo-to-manpuku-majo-no-isekai-surooraifu	2023	FINISHED	2023
hazure-akamadoushi-wa-kenja-time-ni-musou-suru	2023	RELEASING	
hazure-skill-nigeru-de-ore-wa-kyokugen-tei-level-no-mama-saikyou-o-mezasu	2023	RELEASING	
heartstopper	2023	-	
hebigami-sama-to-nie-no-hanahime	2023	-	
heiki-shoujo	2023	FINISHED	2023
heikitachi	2023	FINISHED	2023
hell-doctor-kurare-no-kagaku-wa-subete-o-kaiketsu-suru	2023	RELEASING	
himejimakun-ato-nijutsu-senchi	2023	FINISHED	2024
himitsu-kessha-yaruminateii	2023	-	
hiroyuki-isekai-demo-ronpa-de-musou-shimasu	2023	FINISHED	2023
hitman-the-shitman	2023	-	
hitori-de-ikiru-wa-mamanaranu	2023	FINISHED	2023
hoshigiri-no-kenshi	2023	RELEASING	
hosomura-san-to-neko-no-otsumami	2023	FINISHED	2023
houfuku-kei	2023	RELEASING	
hyakkiyakou-to-goenkumi	2023	FINISHED	2023
ichigomashimaro	2023	RELEASING	
ichigooki-soujuuchuu	2023	FINISHED	2023
ichijou-san-wa-kao-ni-deyasui	2023	FINISHED	2022
ijiwaru-nanoni-iya-nanoni	2023	FINISHED	2023
ikai-shinrishi-no-shoukido-to-iken	2023	RELEASING	
ikebukuro-de-host-hajimetara-1-oku-ureta-hanashi	2023	RELEASING	
ikemen-maid-wa-akuyaku-reijou-o-sukuu	2023	-	
ikiokure-seijo-no-shiawase	2023	FINISHED	2023
imouto-chan-ore-risutora-sarechatta	2023	-	
imouto-ga-oshisugiru	2023	FINISHED	2023
imouto-ni-kiite-minai-to	2023	FINISHED	2023
inkya-no-ongaeshi	2023	FINISHED	2023
inori-no-kuni-no-ririeeru-majo-no-tabitabi-gaiden	2023	FINISHED	2024
inukei-no-kareshi	2023	RELEASING	
isekai-de-zetsurin-madoushi-ni-kawaretara-mechakucha-dekiai-sarete-imasu	2023	-	
isekai-izakaya-sawako-san-hosoude-hanjouki	2023	-	
isekai-joshi-kangoku	2023	FINISHED	2023
isekai-kenja-no-mazoku-hanzai-chousa	2023	-	
isekai-kokka-arukimaira	2023	RELEASING	
isekai-oooku	2023	FINISHED	2024
isekai-saikyou-no-daimaou-tensei-shi-boukensha-ni-naru	2023	RELEASING	
isekai-shihai-no-skill-teikaa	2023	FINISHED	2024
isekaigaeri-no-yuusha-ga-gendai-saikyou	2023	RELEASING	
itai-nowa-iya-nanode-bougyoryoku-ni-kyokufuri-shitai-to-omoimasu	2023	RELEASING	
jakutaika-yuusha-no-restart	2023	FINISHED	2023
jidou-hanbaiki-ni-umarekawatta-ore-wa-meikyuu-o-samayou	2023	RELEASING	
jikangai-dekiai-itashimasu-toshishita-hisho-kara-gokuama-ni-iyasareru	2023	FINISHED	2022
jimi-de-tsumaranai-to-suterareta-no-de-jimichi-ni-renkinjutsushi-o-mezashimasu	2023	RELEASING	
jishou-heibon-mazoku-no-eiyuu-life	2023	RELEASING	
jojo-no-kimyou-na-bouken-crazy-diamond-no-akuryouteki-shitsuren	2023	FINISHED	2023
joou-renkinjutsushi-to-geboku-deshi	2023	RELEASING	
joshiryou-neko-no-tama-san	2023	FINISHED	2023
jounin-kamen	2023	FINISHED	2025
jukokuin-no-tensei-boukensha	2023	FINISHED	2023
junjou-gal-to-oomono-shachou	2023	-	
kage-no-jitsuryokusha-ni-naritakute-shadow-gaiden	2023	FINISHED	2023
kaibutsu-shounen	2023	FINISHED	2022
kaiki-kuukan-zozozozoon	2023	FINISHED	2024
kaikoku-no-yuriusu	2023	-	
kaishain-debudori	2023	-	
kamimaneki-no-niwa	2023	FINISHED	2023
kamisama-2-kago-futaribun-moraimashita	2023	FINISHED	2022
kan-coffee-no-megami	2023	FINISHED	2023
kanbe-sensei-no-touchoku-gohan	2023	RELEASING	
kanojo-ga-senpai-ni-netorareta-node-senpai-no-kanojo-o-netorimasu	2023	FINISHED	2023
kanojo-no-elegy	2023	FINISHED	2023
kanpeki-joushi-wa-dekiai-chuudoku	2023	-	
kao-ni-denai-kashiwada-san-to-kao-ni-deru-oota-kun	2023	FINISHED	2023
karappo-dance-r	2023	RELEASING	
karisome-no-koushaku-fujin	2023	-	
karma-na-skill-de-musou-suru-isekai-harem-kaitoudan	2023	FINISHED	2023
kashi-battle	2023	FINISHED	2022
katabami-to-ougon	2023	FINISHED	2023
kawauso-wa-boku-no-yome	2023	RELEASING	
keishichou-autosaidaa	2023	-	
keiyaku-shimasho	2023	FINISHED	2023
kekkon-wa-hakaba-ka-gooru-ka-romance-ka	2023	-	
kekkon-yoteibi	2023	FINISHED	2023
kemono-no-ou-to-ookamimen-no-tsugai	2023	FINISHED	2023
kemono-sama-ha-ongaeshi-de-harama-setai	2023	-	
kentei-gakuin-no-magan-kenja	2023	FINISHED	2024
kiite-kuremasu-yone-senpai	2023	FINISHED	2023
kikansha-no-mahou-wa-tokubetsu-desu	2023	-	
kiken-na-chouai	2023	-	
kikka-chan-wa-akuyaku-reijou-ni-naritai	2023	FINISHED	2023
kimi-janakya-dame-na-dorei-shoujo	2023	FINISHED	2023
kimi-ni-aitai	2023	RELEASING	
kimi-no-kokoro-o-kanjitai	2023	FINISHED	2023
kimi-no-sensou-boku-no-hebi	2023	FINISHED	2023
kinketsu-himegimi-to-henkutsu-madoushi-no-kenboujussuu-renkinjutsu	2023	-	
kinoshita-kyoudai-wa-tomaranai	2023	FINISHED	2022
kiwameta-yakushi-wa-seijo-no-mahou-nimo-makemasen	2023	-	
kodoku-na-neko-wa-yoake-ni-nemuru	2023	-	
koisuru-milk-crown	2023	RELEASING	
koisuru-okashi-to-etranger	2023	FINISHED	2023
kokoro-irozuku-koi-ga-shitai	2023	FINISHED	2022
komada-san-o-komarasetai	2023	FINISHED	2023
konintodoke-ni-han-o-oshitadakedesuga	2023	FINISHED	2022
konya-mo-otto-o-uragitte-masu	2023	-	
konyaku-haki-de-tsuihousareta-sarete-shiawase-na-hibi-o-sugosu	2023	-	
konyaku-haki-saremashite-warai	2023	FINISHED	2023
konyaku-haki-sareta-koushaku-reijou-wa-mori-ni-hikikomorimasu	2023	-	
konyaku-haki-shita-hazu-desu	2023	-	
koroshiya-wa-sumaatouotchi-ni-sakaraenai	2023	-	
korou-no-chi-level2	2023	RELEASING	
koudou-ryou-no-seiza-na-hibi	2023	FINISHED	2023
koukou-jihen	2023	FINISHED	2022
koukyuu-no-hikikomorihime-ga-konotabi-kekkon-suru-sou-desu	2023	-	
koukyuu-no-renkinjutsu-kisaki	2023	FINISHED	2023
koukyuu-tenkou-monogatari	2023	RELEASING	
koushaku-reijou-no-shakkin-shitsuji	2023	FINISHED	2023
kouteitsuki-nyokan-wa-hanayome-to-shite-nozomarechuu	2023	RELEASING	
kozuma-na-kobito-no-kenshin-recipe	2023	RELEASING	
kunoichi-hazukashii	2023	FINISHED	2023
kuramashiya-kagyou	2023	-	
kurenai-no-shinigami-wa-nemurihime-no-neoki-ni-nayamasareru	2023	FINISHED	2023
kurikoto-hiyori	2023	FINISHED	2024
kuro-no-kenja-wa-kage-o-oru	2023	FINISHED	2023
kurogyaru-ni-natta-kara-shinyuu-to-yatte-mita	2023	FINISHED	2024
kurotobi-no-seija	2023	FINISHED	2023
kurui-naku-no-wa-boku-no-tsugai-aaru-ii	2023	RELEASING	
kusuriya-keiei-shite-mitara-rieki-ga-osoroshii-koto-ni-narimashita	2023	-	
kusuriya-no-seijo	2023	FINISHED	2023
kyou-kara-tsukaeru-yakugakuteki-osewa	2023	FINISHED	2023
kyouhan	2023	FINISHED	2023
kyuu-ni-ane-ga-dekimashite	2023	FINISHED	2023
liar-liar	2023	RELEASING	
love-and-piisu	2023	FINISHED	2023
love-muzai-ai-o-chikatta-hazu-da-yone	2023	FINISHED	2023
machibito-chou-kitaru	2023	FINISHED	2022
mada-maniau-ashita-shokei-dekiaisareru-akuyaku-reijou-desukedo-suchiru-kaishuu-dake-wa-sasete	2023	-	
magan-to-dangan-o-tsukatte-isekai-o-buchinuku	2023	RELEASING	
magic-meikaa	2023	FINISHED	2023
mahoutsukai-no-yomeshihen-108-majutsushi-no-ao	2023	FINISHED	2024
mainichi-shine-shine-itte-kuru-imouto-ga-ore-ga-nete-iru-suki-ni-saiminjutsu-de-horesaseyou-to	2023	FINISHED	2023
mamiya-san-wa-battle-tenkai-o-kitai-suru	2023	-	
manga-de-wakaru-fate-grand-order	2023	RELEASING	
manga-sa-tabi	2023	-	
mangaka-no-akashi-sensei-wa-jitsu-wa-youkai-deshita	2023	FINISHED	2023
maou-dou	2023	FINISHED	2023
maou-o-taoshita-ore-ni-matte-ita-no-wa-sewazuki-na-yome-tono-ichaicha-renkin-seikatsu-datta	2023	-	
maruyu-no-yu	2023	-	
mayonaka-no-bl-henshuubu-wa-yume-o-miru	2023	FINISHED	2022
meikyuu-teikoku-no-tsukurikata	2023	FINISHED	2023
metsuki-warui-ko-kawaii-ko	2023	FINISHED	2022
michikusa-yoriko-no-tabehashiri	2023	RELEASING	
migawari-kon-no-koukyuu-hi-wa-koutei-heika-ni-nigashite-moraenai	2023	FINISHED	2023
mirai-no-hikouki-yarou-haruto	2023	FINISHED	2023
mizu-no-revolver	2023	FINISHED	2023
mobile-suit-zeta-gundam-difain-char-azunaburu-aka-no-bunsuirei	2023	-	
moebuta-tensei	2023	FINISHED	2023
mokuyoubi-no-shiefurera	2023	FINISHED	2024
morris	2023	FINISHED	2022
moto-kizoku-reijou-de-mikon-no-haha-desu-musumetachi-ga-kawaisugite-boukenshagyou-mo-ku-ni	2023	RELEASING	
mugimoto-sanpo-no-sukina-mono	2023	FINISHED	2022
mukuchi-na-koushaku-reijou-to-reitetsu-na-koutei	2023	FINISHED	2023
munou-wa-iranai-to-iwaretakara-zetsuen-shiteyatta	2023	FINISHED	2024
mushiokuri-no-miko	2023	FINISHED	2023
muteki-no-bannou-yousai-de-kaiteki-surooraifu-o-okurimasu	2023	-	
nabe-ni-dangan-o-ukenagara	2023	RELEASING	
nagami-san-no-hyakumonogatari	2023	-	
nana-seiken-to-maken-no-hime	2023	FINISHED	2023
neko-no-manimani	2023	RELEASING	
nekogami-shujin-no-bakeneko-cafe	2023	-	
ningen-fushin-no-boukenshatachi-ga-sekai-o-sukuu-youdesu	2023	FINISHED	2023
nise-seiken-monogatari	2023	RELEASING	
nokori-ichinichi-de-hametsu-flag-zenbu-heshiorimasu	2023	FINISHED	2023
noukin-ouji-shomin-ni-naru	2023	FINISHED	2023
nyanta-to-pomeko	2023	FINISHED	2023
ochibure-joou-to-isekai-yuusha-no-kenkokushi	2023	FINISHED	2022
ochibure-saijo-no-koufuku	2023	-	
oji-sama-koushaku-wa-koisuru-otoshigoro	2023	FINISHED	2026
ojou-to-banken-kun	2023	RELEASING	
okibariyasu	2023	RELEASING	
omega-ni-dake-wa-naritakunai	2023	RELEASING	
omega-one	2023	RELEASING	
online-game-nakama-to-sashiofushitara-shokuba-no-onijoushi-ga-kita	2023	RELEASING	
onomichi-kami-sama-no-kakurega-restaurant	2023	-	
ookami-ryoushu-no-ojou-sama	2023	FINISHED	2023
oozumou-reijou	2023	-	
ore-dake-erabihoudai-esu-kyuu-rea-item-mo-koware-skill-mo-kakusei-shita-shuredingaa-no-neko-de	2023	RELEASING	
ore-dake-level-ga-agaru-sekai-de-akutoku-ryoushu-ni-natte-ita	2023	FINISHED	2024
otokoun-zero-no-yakushi-reijou-hatsukoi-no-kurokishi-sama-ga-oshikake-konyakusha-ni-narimashite	2023	FINISHED	2022
otomachi-record	2023	FINISHED	2023
otomege-no-mobu-de-sura-nainda-ga	2023	RELEASING	
otori	2023	-	
otto-no-mita-yuurei	2023	-	
otto-o-konoyo-kara-kesou-to-kimemashita	2023	FINISHED	2023
oukakoku-koukyuu-no-yakushi	2023	RELEASING	
overlord	2023	FINISHED	2023
pocket-monsters-special	2023	RELEASING	
puchi-gonabisu	2023	FINISHED	2023
rakuen-noise	2023	RELEASING	
reiketsu-koushaku-no-kokorogawari	2023	-	
renseishi-aria-wa-kyou-mo-ganbarimasu	2023	-	
rettoujin-no-makentsukai	2023	RELEASING	
rettoumon-no-chouetsu-healer	2023	FINISHED	2023
ridex	2023	-	
rikon-shinai-otoko	2023	FINISHED	2023
rokuhime-wa-kamigoei-ni-koi-o-suru	2023	FINISHED	2025
ryuujin-sama-to-miko-hanayome-no-chigiri	2023	RELEASING	
ryuuou-sama-no-saikyou-kokka-senryaku	2023	-	
saigaikyuu-shito-no-hanayome-sagashi	2023	-	
saigo-no-ryuukishi-no-eiyuu-tan	2023	RELEASING	
saijo-no-osewa	2023	RELEASING	
saikyou-fuhai-no-shinken-tsukai	2023	-	
saikyou-mahoushi-no-inton-keikaku	2023	CANCELLED	2018
saikyou-muteki-no-bishoujo-kenja-tachi-ga-ore-no-shishou-ni-naritagaru	2023	-	
saikyou-no-chikara-o-te-ni-ireta-kawari-ni-onnanoko-ni-narimashita	2023	-	
saikyou-no-youhei-shoujo-no-gakuen-seikatsu	2023	FINISHED	2023
saisoku-kon	2023	FINISHED	2023
sanpo-suru-onnanoko	2023	-	
seijo-to-maou-no-gisou-konyaku	2023	FINISHED	2023
seijo-yuusha-party-kara-kaikosareta-sareta-node-guild-o-tsukuttara-attohoomu-na-saikyou-guild-ni	2023	RELEASING	
seikatsu-mahou-wa-hazure-skill-ja-nai	2023	FINISHED	2023
seikatsu-majutsushi-tachi-sekaiju-ni-idomu	2023	-	
sendagi-neko-sabou-no-bungou-gohan	2023	FINISHED	2022
senki-to-yobareta-otoko-ouke-ni-ansatsu-saretara-musume-o-hiroi-isshokenmei-ni-slow-life-o-hajimeru	2023	RELEASING	
setagayaichi-furui-youkan-no-yanushi-ni-naru	2023	FINISHED	2023
setsuri-kyoushin-taisen-vampire-mist	2023	RELEASING	
sewayaki-kitsune-no-senko-san	2023	RELEASING	
sex-pistols	2023	RELEASING	
shachiku-diiteiipii-opereetaa-no-boku-ga-isekai-de-gijutsu-kakushin-shitemo-ii-desu-ka	2023	-	
shachiku-dungeon-darake-no-sekai-de-koyuu-skill-gouyoku-o-te-ni-irete-saikyou-no-baransu-bureekaa	2023	FINISHED	2023
shangurira-no-tori	2023	RELEASING	
share-ni-naranai-hanashi-o-otsumami-ni	2023	RELEASING	
shiitagerareshi-reijou-wa-sekaiju-no-aruji-ni-narimashita	2023	FINISHED	2023
shikeishuu-mahou-gakkou-nite-kyouben-o-furuu	2023	-	
shikizaki-shimai-wa-abakaretai	2023	FINISHED	2023
shikkaku-ouji-no-nariagari-bouken-tan	2023	-	
shindou-yuusha-to-maid-onee-san	2023	FINISHED	2023
shinen-no-kariudo	2023	FINISHED	2025
shinigami-dot-com	2023	FINISHED	2023
shinigami-no-ou-to-sono-musumetachi	2023	-	
shinigamineko-no-jizu-wa-nasakebukai	2023	-	
shinitai-to-itte-kudasai	2023	RELEASING	
shinken-ni-shisu	2023	-	
shinmai-yuusha-no-oshinagaki	2023	FINISHED	2023
shinso-ga-baka-nara-kenzoku-mo	2023	-	
shojo-kon	2023	FINISHED	2024
shokyuu-mahou-shika-tsukaezu-karyoku-ga-tarinai-node-tetteitekini-kougeki-mahou-no-kaisuu-o	2023	-	
shoujotachi-no-kizuato-ni-kuchizuke-o	2023	FINISHED	2023
shuuchaku-bengoshi-no-ai-ga-omosugiru	2023	-	
shuufuku-skill-ga-bannou-chiitoka-shita-node-bukiya-demo-hirakouka-to-omoimasu	2023	RELEASING	
skill-build-online	2023	RELEASING	
skill-kantei-ni-mezameta-node-akogare-no-kyonyuu-uketsukejou-o-kantei-shitara-maou-de-paddo-datta	2023	FINISHED	2023
sonna-hiroki-mo-isekai-e	2023	FINISHED	2023
succubus-nanka-ni-makenai-isekai-seikatsu	2023	FINISHED	2023
suki-ni-naruna-to-iwaretemo	2023	FINISHED	2023
suki-suki-daichuki-tsuyotsuyo-sword	2023	RELEASING	
susanoo-kun	2023	-	
susumamire-no-kishi	2023	RELEASING	
suterare-shiromahoutsukai-no-koucha-seikatsu	2023	RELEASING	
suzuki-tensei	2023	FINISHED	2023
tabisuru-youni-kurashitai	2023	RELEASING	
taekwondoer-park	2023	RELEASING	
taichou-no-zaku-san	2023	-	
taishou-karisomekon	2023	-	
takarakuji-ga-atatta-no-de-level-1-kara-seiken-o-katte-miru	2023	-	
tantei-wa-mou-shinde-iru	2023	FINISHED	2023
teiji-de-kaettekita-neko-o-suu	2023	FINISHED	2023
tennen-na-koroshiya-san-to-fuun-na-oyome-san	2023	-	
tenraku-reijou-koori-no-kikoushi-o-hirou	2023	-	
tensei-ouji-wa-gakuen-demo-daraketai	2023	FINISHED	2023
tensei-reijou-wa-nigedashita-mori-no-naka-skill-o-kushi-shite-senpuku-seikatsu-o-mankitsu-suru	2023	RELEASING	
tensei-shichatta-yo-iya-gomen	2023	FINISHED	2023
tensei-shita-uketsukejou-no-guild-nisshi	2023	RELEASING	
tensei-shitara-butouha-reijou	2023	RELEASING	
tensei-shitara-ore-ga-heroine-de-aitsu-ga-yuusha-datta	2023	FINISHED	2023
tensei-takenaka-hanbee	2023	RELEASING	
tenseisaki-ga-kiyowasugiru-hakushaku-fujin-datta	2023	RELEASING	
teogonia	2023	RELEASING	
tesouka-michiru	2023	-	
the-idolm-ster-cinderella-girls-u149	2023	-	
the-idolm-ster-million-live-theater-days-brand-new-song	2023	FINISHED	2022
tobaku-datenroku-kaiji-24-oku-dasshutsu-hen	2023	-	
tokkyuu-tansakushi-e-no-kakusei	2023	RELEASING	
tonari-no-seki-kun-junior	2023	FINISHED	2023
torima-furo-ikane	2023	FINISHED	2023
transformers-goo-goo	2023	RELEASING	
tsugi-wa-sasetene-hajimete	2023	FINISHED	2023
tsuihousareta-boukensha-no-yarinaoshi	2023	FINISHED	2024
tsuihousareta-saikyou-kuzu-kenja-no-henkyou-kosodate-surooraifu	2023	-	
tsuihousareta-sareta-akuyaku-reijou-desu-mofumofutsuki-slow-life-hajimemashita	2023	FINISHED	2023
tsuihousareta-sareta-kazetsukai-renseijutsushi-to-jidaiokure-no-saikyou-mahoutsukai	2023	-	
tsuihousareta-sareta-no-de-ansatsu-ikka-jikiden-no-kage-mahou-de-joou-no-goei-hajimemashita	2023	FINISHED	2023
tsuihousareta-sareta-ochikobore-henkyou-de-ikinuite-s-rank-taimashi-ni-nariagaru	2023	RELEASING	
tsuihousareta-sareta-renkinjutsushi-san-saikyou-no-dungeon-o-tsukurimasenka	2023	FINISHED	2023
tsuihousareta-suru-gawa-no-monogatari	2023	FINISHED	2023
tsuki-50-man-morattemo-ikigai-no-nai-tonari-no-oneesan-ni-30-man-de-yatowarete-okaeri-tte-iu	2023	FINISHED	2023
tsuyo-sugite-yuusha-party-o-sotsugyou-shita-saikyou-kenshi-mahou-gakuen-demo-aisareru	2023	RELEASING	
uchi-no-neko-ga-mata-hen-na-koto-shiteru	2023	RELEASING	
uchuu-no-tamago	2023	FINISHED	2022
uisupaa-ando-merou	2023	RELEASING	
uranai-chan-wa-kimekirenai	2023	-	
uryuudou-yumebanashi	2023	RELEASING	
wake-ari-yakushi-no-yorozu-oboechou	2023	RELEASING	
warau-kado-niwa-oinari-san	2023	FINISHED	2022
waruhara	2023	RELEASING	
wasureenu-majo-no-monogatari	2023	FINISHED	2024
watashi-ga-15-sai-dewa-nakunattemo	2023	FINISHED	2023
watashi-ga-heroine-dakedo-sono-yaku-wa-yuzurimasu	2023	FINISHED	2023
watashi-ha-tsumami-o-akiramenai	2023	FINISHED	2023
watashi-wa-kabe-ni-naritai	2023	FINISHED	2023
wild-raifutsu	2023	-	
yajikita-gakuen-douchuuki-supinofu-hoshi-ni-kikitamae-asuku-za-stars	2023	FINISHED	2023
yakui-yo-arakushumi	2023	FINISHED	2023
yakyuu-de-sensou-suru-isekai-de-choukoukoukyuu-ace-ga-jakushou-kokka-o-sukuu-youdesu	2023	FINISHED	2023
yama-tahata-tokidoki-layer-onee-san	2023	FINISHED	2023
yami-no-ryuuou-slowlife-o-suru	2023	RELEASING	
yankee-no-tsuda-kun-wa-seito-shidou-no-masuda-sensei-to-naka-ga-warui	2023	-	
yankee-omega-wa-juuou-sama-no-mono	2023	FINISHED	2022
yasei-no-jieikee-kashiwano-yukiko-wa-isekai-de-sakaba-o-hiraku	2023	-	
yatogame-chan-kansatsu-nikki	2023	FINISHED	2022
yojouhan-kaitaku-nikki	2023	RELEASING	
yopparai-touzoku-dorei-no-shoujo-o-kau	2023	RELEASING	
youkai-gakkou-no-seitokaichou	2023	FINISHED	2022
youkai-meshi	2023	RELEASING	
yowaki-na-kimi-to-nagai-shiawase	2023	FINISHED	2023
yurameki-lagoon	2023	FINISHED	2023
yuujin-ni-500-en-kashitara-shakkin-no-kata-ni-imouto-o-yokoshitekita-nodakeredo-ore-ha-ittai	2023	FINISHED	2023
yuusha-party-kara-tsuihousareta-sareta-kedo-iiekkusu-skill-kotei-dameeji-de-muteki-no-sonzai-ni	2023	FINISHED	2023
zangyaku-sugiru-isekai-demo-suzuki-wa-kawaii	2023	FINISHED	2023
zannen-reijou	2023	FINISHED	2023
zannen-yousei-doruma-san	2023	RELEASING	
zannenkei-akuyaku-reijou-wa-3-nengo-ni-hametsu-suru-you-desu	2023	FINISHED	2022
zenbu-tabete-ii-nougyou-otoko-wa-bukiyou-na-moujuu	2023	-	
zense-deshi-ni-korosareta-majo-desu-norowareta-deshi-ni-ai-ni-ikimasu	2023	RELEASING	
zense-seijo-wa-te-o-nukitai-yokiyoki	2023	RELEASING	
10-nen-goshi-no-hiki-niito-o-yamete-gaishutsu-shitara-jitaku-goto-isekai-ni-teni-shiteta	2024	-	
100-nengo-ni-tensei-shita-watashi-zense-no-juukishi-ni-kyuukon-saremashita	2024	-	
100-nichi-go-ni-shinu-akuyaku-reijou-wa-mainichi-ga-totemo-tanoshii	2024	-	
15-shoujo-to-hyouryuuki	2024	-	
3-pun-matte-mugi-senpai	2024	FINISHED	2024
3-pungo-ni-marumaru-suru-hanashi	2024	FINISHED	2024
a-abe-reiji-desu	2024	-	
abiou-jigoku-o-deru	2024	FINISHED	2024
akage-no-toa-to-tsumi-no-kishidan	2024	RELEASING	
ake-no-joi-to-yoi-no-majo	2024	FINISHED	2024
akuyaku-hime-desu-kirawarete-iru-hazu-no-ouji-to-kozukuri-shinaito-ikemasen	2024	-	
akuyaku-reijou-desu-oshigoto-ni-isogashii-node-dekiai-wa-goenryo-kudasai	2024	FINISHED	2024
akuyaku-reijou-ga-kyoufu-no-haou-to-seiryaku-kekkon-suru-batsu-wa-amasugimasen-ka	2024	FINISHED	2024
akuyaku-reijou-no-mamahaha-wa-ni-ga-omoi-node-zenryoku-de-shiawase-route-mezashimasu	2024	-	
akuyaku-reijou-no-tsuihougo	2024	FINISHED	2024
akuyaku-reijou-wa-heroine-o-ijimete-iru-baai-dewa-nai	2024	RELEASING	
akuyaku-reijou-wa-zenryoku-de-oshi-ni-kakin-shitai	2024	FINISHED	2023
akuyuu-no-ore-ga-ponkotsu-kishi-o-miterarenaindaga-dou-sewa-o-yakya-ii	2024	RELEASING	
ani-to-imouto-no-shitai-shitai-shitai-koto	2024	FINISHED	2023
ankoku-kishi-no-ore-desu-saikyou-no-sei-kishi-o-mezashimasu	2024	FINISHED	2024
anmetto	2024	RELEASING	
ano-koro-watashitachi-wa-mahoutsukai-deshita	2024	FINISHED	2024
ano-yoru-ni-michizure	2024	FINISHED	2024
ao-no-miburo	2024	FINISHED	2024
artiste	2024	RELEASING	
aru-hi-damin-o-musabotte-itara-ichizoku-kara-tsuihousareta-sarete-mori-ni-suteraremashita	2024	RELEASING	
aru-hi-mukuchi-na-konyakusha-no-kanjou-ga-wakaru-you-ni-narimashita	2024	FINISHED	2024
asashinzu-labyrinth	2024	FINISHED	2023
asuka-chan-wa-ijimeraretai	2024	-	
atasha-kawashiri-kodama-dayo	2024	RELEASING	
aware-na-beeta-wa-koi-o-shiranai	2024	RELEASING	
azawarau-sekai-no-naka-de	2024	RELEASING	
baatoretto-eiyuu-tan	2024	RELEASING	
baki-gaiden-hana-no-chiharu	2024	FINISHED	2024
banou	2024	FINISHED	2024
bartender-eden-hall	2024	-	
bijin-sugiru-josou-deka-toudou-san	2024	RELEASING	
birei-koushaku-sama-o-kudoite-koi-to-meijirareta-noni-yosougai-ni-dekiai-sarete-imasu	2024	FINISHED	2024
blue-moment	2024	RELEASING	
boku-no-oku-san-wa-ningen-da	2024	FINISHED	2023
boku-no-papa-to-papa-no-hanashi	2024	RELEASING	
boku-to-jubutsu-no-kimyou-na-seikatsu	2024	-	
bokutachi-ga-kazoku-ni-naru-made	2024	RELEASING	
botsuraku-kizoku-no-ore-ga-hazure-skill-chou-kiyou-binbou-de-dai-kenja-to-yobareru-made	2024	RELEASING	
botsuraku-sunzen-desu-node-konyakusha-o-furikirou-to-omoimasu	2024	-	
bouken-wa-norowareta-ato-de	2024	FINISHED	2024
boushokuki-no-ken	2024	FINISHED	2024
buchou-wa-shoujo-mangaka	2024	-	
bungou-tantei-akutagawa-ryuunosuke-wa-suiri-suru	2024	-	
captain-tsubasa-memories	2024	FINISHED	2024
chiteki-de-cool-na-kouhai-bijo-ore-no-kaineko-ni-naru	2024	FINISHED	2023
chou-ten-chan	2024	-	
choukyuu-soubi-autoroo-skill-de-musou-shite-isekai-ou-ni-ore-wa-naru	2024	-	
crime-game	2024	RELEASING	
dagashiya-yahagi-isekai-ni-shutten-shimasu	2024	-	
dakara-kanojo-wa-kare-o-kau	2024	RELEASING	
danberu-nankiro-moteru	2024	RELEASING	
danna-sama-wa-niizuma-o-yosougai-ni-aishisugitemasu	2024	-	
danzai-no-bishou	2024	FINISHED	2024
danzai-no-majutsugari	2024	FINISHED	2024
danzai-no-rinshishi	2024	FINISHED	2025
danzai-sareta-akuyaku-reijou-wa-zokuhen-no-akuyaku-reijou-ni-umarekawaru	2024	FINISHED	2024
datenshi-ron	2024	FINISHED	2024
death-march-kara-hajimaru-isekai-kyousoukyoku	2024	RELEASING	
dekiai-hanayome	2024	FINISHED	2023
dekisokonai-to-yobareta-motoeiyuu-wa-jikka-kara-tsuihousareta-sareta-node-sukikatte-ni-ikiru-koto	2024	RELEASING	
dokusatsu-dekiaisareru-akuyaku-reijou-desu-itsunomanika-dekiai-route-ni-haitte-ita-you-de	2024	RELEASING	
doro-no-bunzai-de-watashi-dake-no-taisetsu-o-ubaou-danante	2024	RELEASING	
dotabata-henachoko-tanteidan	2024	-	
doumo-yuusha-no-chichi-desu	2024	FINISHED	2024
dragon-ni-sand-hikareta-ore-no-tensei-shokunin-life	2024	RELEASING	
edo-no-oiran-to-irekawatta-node-hanamachi-no-chouten-o-mezashite-miru	2024	-	
efu-rank-boukensha-no-nariagari	2024	RELEASING	
ekiben-jikan	2024	-	
ekkusueru-de-oku-made-tonton-sarete-revenge-eichi-kara-nukedasenai	2024	FINISHED	2024
ennead	2024	-	
fangs	2024	RELEASING	
fate-apocrypha	2024	FINISHED	2024
fate-grand-order-from-lostbelt	2024	FINISHED	2024
fukigen-itoko-ga-kawaisugite-shikatanai-side-naoki	2024	-	
fushi-no-gunzei-o-hikiiru-bocchi-shiryoujutsushi-necromancer-tenshoku-shite-esuesuesu-rank	2024	RELEASING	
futsutsukamono-desu-dekiai-shite-kudasai	2024	-	
g-defend	2024	RELEASING	
gajumaru-family	2024	-	
gakuen-1-no-bishoujo-wa-eshi-no-ore-ni-horete-iru	2024	FINISHED	2023
gal-ben	2024	FINISHED	2024
garbage-brave	2024	RELEASING	
genkai-dungeon-no-hanshoku-jijou	2024	RELEASING	
genkai-level-1-kara-no-nariagari	2024	FINISHED	2024
gensou-shinkou	2024	RELEASING	
ginrin-voice	2024	RELEASING	
gisou-kareshi-wa-toshiue-oji-sama	2024	-	
gokujou-kishidanchou-no-yuruginai-dokusen-ai	2024	FINISHED	2024
gokujou-onzoushi-to-omiai-kon	2024	-	
gomenne-hatsukoi	2024	FINISHED	2024
good-morning-kiss	2024	RELEASING	
goseichou-arigatou-gozaimasu	2024	-	
gra-demios	2024	FINISHED	2024
great-trailers	2024	RELEASING	
green-green-greens	2024	FINISHED	2024
gunshin-no-tact	2024	FINISHED	2024
haha-40-sai-joshi-joshikousei-ni-narimashita	2024	RELEASING	
hakkou-na-koushaku-reijou-ni-nokori-no-jinsei-o-takusaremashite-zense-ga-kinniku-mojo-na-no-de-ouji	2024	FINISHED	2025
hametsu-no-koibito	2024	RELEASING	
hamuhamuzukushi	2024	FINISHED	2023
hannin-kun-nani-shitenno	2024	FINISHED	2024
happy-family-fukushuunorentaruokaasan	2024	RELEASING	
happy-table-harapeko-girl-wa-mitasaretai	2024	RELEASING	
haraheri-alien-to-hiyokko-gohan	2024	-	
hari-to-hitsuji-no-fune	2024	FINISHED	2024
harmony-mizutani-2023	2024	FINISHED	2024
hatarakiman	2024	RELEASING	
hazure-skill-kinomi-master	2024	RELEASING	
hebigami-sama-to-nagamimi-no-miko	2024	FINISHED	2024
heian-torikae-monogatari	2024	-	
hensachi-30-gal-to-gariben-inkya-na-ore	2024	-	
henshuu-no-isshou	2024	RELEASING	
hetare-onna-maou-no-irekawari	2024	-	
hime-kishi-sama-no-himo	2024	FINISHED	2025
hime-sama-wa-oazuke-desu	2024	RELEASING	
himitsu-no-shinkon-seikatsu	2024	-	
hinata-no-yuri	2024	FINISHED	2024
historie	2024	RELEASING	
hitokuioni-to-otoko-meshi	2024	-	
hitozuma-no-kuchibiru-wa-kan-chuuhai-no-aji-ga-shite	2024	RELEASING	
honyaku-no-sainou-de-ore-dake-ga-sekai-o-kaihen-dekiru-ken	2024	FINISHED	2024
horobi-no-oukoku-no-renkinjutsu-reijou	2024	-	
houkago-no-meikyuu-boukensha-dungeon-diver	2024	FINISHED	2024
houmatsu-ni-kami-wa-madoromu	2024	-	
hyakuma-no-aruji	2024	-	
hyousetsu-no-majo-wa-shiteiru-baai-dewa-nai	2024	RELEASING	
iine-reiwa-gal-amirun	2024	FINISHED	2023
ijin-ga-4-tenzero-o-tsuketa-meshiya-ni-ittemita	2024	-	
ijiwaru-onii-chan	2024	FINISHED	2024
ikimono-zuki-no-anninba-san-ni-wa-hon-no-choppiri-doku-ga-aru	2024	FINISHED	2024
ikiteru-dake-de-erai-tte-haine-san-ga-iu-kara	2024	RELEASING	
ikusei-game-ni-tensei-shita-noni-naze-kishitachi-ni-dekiai-dekiaisaretemasu	2024	RELEASING	
imaginary	2024	RELEASING	
imiko-to-yobareta-shoukanshi-attomaaku-comic	2024	RELEASING	
inkya-de-wotaku-de-binbou-dakedo-bijin-ojou-sama-ni-osaretemasu	2024	FINISHED	2024
inui-kun-wa-inukai-san-no-tazuna-o-nigiritai	2024	RELEASING	
isekai-card-musou	2024	FINISHED	2024
isekai-danyuu	2024	FINISHED	2025
isekai-ittara-watashi-no-shokugyou-yaseiji-datta	2024	-	
isekai-kaeri-no-daikenja-sama-wa-sore-demo-kossori-kurashite-iru-tsumori-desu	2024	FINISHED	2025
isekai-kaeri-no-paradin-ha-saikyou-no-joreishi-tonaru	2024	-	
isekai-mofumofu-cafe	2024	FINISHED	2024
isekai-mokushiroku-mainoguura	2024	RELEASING	
isekai-ni-tensei-shitakedo-trouble-taishitsu-nanode-shinpai-desu	2024	-	
isekai-ni-tobasareta-otsu-san-wa-doko-e-iku	2024	FINISHED	2024
isekai-nippon	2024	FINISHED	2023
isekai-shoukan-wa-nidome-desu	2024	RELEASING	
isekai-tensei-akuyaku-ouji-wa-goei-kishi-ni-dekiai-dekiaisareru	2024	FINISHED	2024
isekai-tensei-suramugai-kara-no-nariagari	2024	FINISHED	2024
itadaki-no-lvitsa	2024	FINISHED	2024
itoshi-no-kanojo-wa-kakure-wotaku	2024	RELEASING	
itsuwari-no-marigold	2024	FINISHED	2024
ittsumo-shio-taiou-na-osananajimi-dakedo-ore-ni-kataomoi-shite-iru-no-ga-barebare-de-kawaii	2024	FINISHED	2024
ji-majutsushi-no-tsuyokute-new-game	2024	FINISHED	2022
jichou-shinai-motoyuusha-no-tsuyokute-tanoshii-new-game	2024	RELEASING	
jieishii-satsujinki-yamemashita	2024	-	
jigoku-no-ashita	2024	FINISHED	2024
jimihime-to-kuroneko-no-enman-na-konyaku-haki	2024	RELEASING	
jirashi-jouzu-na-kudou-buchou-wa-konya-mo-aisai-o-guzuguzu-ni-daki-hogusu	2024	-	
jitsu-wa-seiyoku-sugoi-ndesu	2024	-	
jk-kara-yarinaosu-silver-plan	2024	FINISHED	2024
jounetsu-to-kaite-seiyoku-to-yomu	2024	RELEASING	
joushou-maou-no-yarinaoshi	2024	-	
jukai	2024	FINISHED	2024
juugo-yakyuu-shounen-hyouryuuki	2024	RELEASING	
kaasa-no-nekomura-san	2024	RELEASING	
kabushiki-buta-yarou-isekai-de-tsue-ni-naru	2024	-	
kage-no-eiyuu-no-nichijou-tan	2024	FINISHED	2023
kahara-san-no-fetish-note	2024	RELEASING	
kaiboui-imamiya-junkyouju-no-suiri	2024	-	
kaijin-mira-no-daini-keitai-ga-kawaisugiru	2024	FINISHED	2025
kaishin-no-ichigeki	2024	RELEASING	
kakei-onna-kishi	2024	-	
kamakura-monogatari	2024	RELEASING	
kameido-oasobi-gumi	2024	-	
kami-ni-tensei-shita-shounen-ga-mofumofu-to-isekai-o-tabi-shimasu	2024	FINISHED	2024
kami-sama-no-misu-de-isekai-ni-poitsu-to-saremashita	2024	FINISHED	2024
kamigakari	2024	FINISHED	2024
kankaku-kyouyuu-maid-san	2024	FINISHED	2024
kansuto-yuusha-no-chouma-kyoudou	2024	-	
kare-to-kare-no-love-houshiki	2024	-	
kasen-koushu-yawa	2024	FINISHED	2024
keion-shuffle	2024	RELEASING	
kemonomichi	2024	FINISHED	2024
kendo-shitouden-cestvs	2024	RELEASING	
kenkou-de-bunkateki-na-saitei-gendo-no-seikatsu	2024	RELEASING	
kenshirou-ni-yoroshiku	2024	FINISHED	2023
kesenai-watashi	2024	-	
kikazaru-hina-wa-mada-koi-o-shiranai	2024	RELEASING	
kimi-wa-budoukan-ni-tatenai	2024	FINISHED	2025
kimitoku-kimi-nimo-tokusatsu-eiga-ga-toreru	2024	FINISHED	2024
kimura-class	2024	FINISHED	2023
kimyou-de-kaii-na-nichijou-tan	2024	FINISHED	2024
kissa-anemone	2024	-	
kissaten-ni-gal-ga-iru	2024	FINISHED	2023
kitanomandokoro-sama-no-okeshougakari-sengoku-no-yo-datte-biyou-wotaku-wa-shumi-ni-ikitai-no-desu	2024	RELEASING	
kitare-parettodan	2024	RELEASING	
kitsune-ni-yomeiri	2024	FINISHED	2023
kodoku-no-imootaru	2024	FINISHED	2024
koe-ga-dasenai-shoujo-wa-kanojo-ga-yasashisugiru-to-omotte-iru	2024	FINISHED	2024
koenden	2024	RELEASING	
kogitsune-warawara-inarigami-no-makanai-meshi-itadakimasu	2024	FINISHED	2024
koi-no-seizu-to-neko-hiyori	2024	-	
koi-wa-futago-de-warikirenai	2024	RELEASING	
koijama-na-osananajimi-ga-mukatsuku	2024	FINISHED	2024
koiseyo-meoto	2024	RELEASING	
koisuru-himon-no-suit-tachi	2024	RELEASING	
kokuminteki-idol-ni-natta-osananajimi-ga-boro-apaato-ni-sunderu-ore-no-tonari-ni-hikkoshitekita-ken	2024	FINISHED	2024
kokuryuu-hime-to-shiro-shitsuji	2024	-	
kokuu-no-tenshi	2024	-	
komachi-to-tabi	2024	-	
kono-heya-kara-tokyo-tower-wa-eien-ni-mienai	2024	FINISHED	2024
kono-koi-wa-kitto-amasugiru	2024	FINISHED	2022
konyaku-haki-no-jippunmae-ni-zense-o-omoidashimashita	2024	FINISHED	2024
konyaku-haki-sareta-akuyaku-reijou-ikemen-shisanka-ni-kyuukon-saremashita	2024	FINISHED	2024
konyaku-haki-sareta-noni-moto-konyakusha-no-kekkonshiki-ni-shoutai-saremashita-kotowarenai-no-de	2024	FINISHED	2024
konyaku-haki-shimashita-ga-onzoushi-no-aisare-niizuma-ni-narimashita	2024	-	
konyaku-o-haki-sareta-akuyaku-reijou-wa-kouya-ni-ikiru	2024	FINISHED	2022
konyakusha-ga-uwaki-shite-iru-you-nandesukedo-watashi-wa-hayari-no-akuyaku-reijou-tte-koto-de	2024	RELEASING	
koujo-denka-no-sanbou-sama	2024	-	
koukyuu-alice-2023	2024	FINISHED	2026
koukyuu-no-zatsuyouki	2024	FINISHED	2024
koyoi-no-maid-wa-korosenai	2024	RELEASING	
kurobuta-ouji-wa-zense-o-omoidashite-kaishin-suru	2024	CANCELLED	2025
kuroi-majo-to-shiroi-seijo-no-hazama-de	2024	-	
kyodai-seibutsu-bakari-no-isekai-o-parukuuru-to-ashiba-skill-de-musou-suru	2024	-	
kyou-no-ashura-meshi	2024	FINISHED	2024
kyou-no-jinsei	2024	-	
kyoujin-taisen	2024	RELEASING	
kyouka-kusu-dono-monogatari	2024	FINISHED	2024
level-1-no-saikyou-kenja	2024	RELEASING	
level-596-no-kaji-minarai	2024	FINISHED	2024
login-survival	2024	FINISHED	2024
mahou-no-tsukaikata	2024	RELEASING	
mahoutsukai-no-yakusoku	2024	FINISHED	2023
maid-ni-tensei-shitara-ukkari-ryuuou-sama-no-ibukuro-tsukanjaimashita	2024	FINISHED	2024
maizen-sisters-no-bouken	2024	RELEASING	
majo-no-hakoniwa	2024	FINISHED	2023
majutsu-gakuin-o-shuseki-de-sotsugyou-shita-ore-ga-boukensha-o-hajimeru-nowa-sonnani-okashii-darouka	2024	RELEASING	
majutsu-shidanchou-no-keiyaku-kekkon	2024	FINISHED	2024
makai-de-sodaterareta-shounen-umarete-hajimete-no-ningenkai-de-musou-suru	2024	-	
man-baito-soukuu-ryouiki	2024	-	
manekarezaru-shinjo	2024	FINISHED	2024
manuke-na-fps-player-ga-isekai-e-ochita-baai	2024	RELEASING	
maou-2099	2024	FINISHED	2024
maou-o-toubatsu-shita-gouwan-yuusha-shounin-ni-tenshoku-su	2024	RELEASING	
maou-shoujo-wa-pancake-no-yume-o-miru	2024	FINISHED	2024
maou-to-yuri	2024	FINISHED	2024
maou-to-yuusha-no-tatakai-no-ura-de	2024	RELEASING	
maoujou-date-daisakusen	2024	FINISHED	2024
maoutsukai-no-saikyou-shihai	2024	FINISHED	2024
mareiro-no-kamen-koukyuu	2024	FINISHED	2024
mariachirudoren	2024	FINISHED	2024
maryoku-cheat-na-majo-ni-narimashita	2024	RELEASING	
maryoku-zero-no-saikyou-majutsushi	2024	RELEASING	
masekiya-arekisandoraito-e-youkoso	2024	-	
mata-korosarete-shimatta-no-desune-tantei-sama	2024	FINISHED	2024
megami-to-maou-kara-semararete-umarete-hajimete-onnanoko-to-flag-ga-tatta-node-iji-demo-isekai	2024	-	
meikon-no-hanayome-wa-aisareru	2024	-	
meitou-isekai-no-yu-kaitakuki	2024	FINISHED	2023
mesugaki-no-iru-kissaten	2024	FINISHED	2024
migawari-seijo-wa-moudoku-koutei-to-saikou-no-tsugai-o-mezashimasu	2024	RELEASING	
minaide-sensei	2024	-	
mitasu-no-wa-kuufuku-dake-desu-ka	2024	FINISHED	2024
miyori-no-nai-onnanoko	2024	RELEASING	
mizu-shika-denai-shinguu-koppu-o-sazukatta-boku-wa-fumou-no-ryouchi-de-suki-ni-ikiru-koto-ni	2024	FINISHED	2024
monster-tribe	2024	FINISHED	2024
monty-paradise	2024	-	
moto-akuyaku-reijou-to-esu-kyuu-boukensha-no-honobono-machi-gurashi	2024	RELEASING	
moto-esu-esu-esu-rank-no-saikyou-ansatsusha-wa-futatabi-musou-suru	2024	-	
moto-isekai-tenisha-datta-kachou-no-oji-san-jinsei-nidome-no-isekai-o-kakemawaru	2024	FINISHED	2023
mou-kono-koi-wa-yamemasu	2024	-	
muda-da-to-tsuihousareta-sareta-kyuutei-juui-kemono-no-kuni-ni-koutaiguu-de-manekareru	2024	RELEASING	
mugen-no-juunin-bakumatsu-no-show	2024	FINISHED	2024
mujintou-de-elf-to-kyoudou-seikatsu-attomaaku-comic	2024	RELEASING	
mukuchi-na-toshishita-kareshi-no-honne-wa-sugoku-etchi	2024	FINISHED	2025
munou-no-taka	2024	FINISHED	2024
mushi-mezuru-himegimi-no-kekkon	2024	CANCELLED	2024
mushi-no-joou-mayu-no-tabi	2024	-	
musume-to-yakiniku	2024	-	
muzukashii-hou-no-saitoo-kun	2024	-	
nagasarete-kinjitou	2024	FINISHED	2024
nagisa-no-saameido	2024	FINISHED	2024
nanto-iwareyoutomo-boku-wa-tada-no-kyuutei-shisho-desu	2024	RELEASING	
nee-mou-isso-tsukiatchau	2024	FINISHED	2024
neko-no-kiku-chan	2024	-	
neko-to-hasukii-to-hamaji	2024	-	
nekokatsu-otoko	2024	-	
nekoneko-nihonshi-hero-ando-heroine-rendetsu	2024	-	
nemu-chan-no-sei-de-nemurenaitsu	2024	FINISHED	2024
netakyara-karipurei-no-tsumori-ga-isekai-shoukan	2024	RELEASING	
niito-kunoichi-to-naze-dousei-hajimemashita	2024	RELEASING	
ninshin-shitara-shinitakunatta	2024	-	
nisemonohime-to-dekiai-ouji	2024	FINISHED	2023
noogeemu-nooraifu-dai-nishou-toubu-rengouhen	2024	RELEASING	
nouryou-dogfight	2024	FINISHED	2024
ochikobore-reijou-wa-koushaku-kakka-kara-no-dekiai-ni-kizukanai	2024	-	
ohitoyoshi-shokunin-no-burari-isekaitabi	2024	FINISHED	2024
oiroke-ibento-no-oosa-ni-teihyou-no-aru-watashi-desu-rival-reijou-toshite-no-shimei-o-hatashimasu	2024	FINISHED	2024
oji-san-ga-naze-kawaii	2024	FINISHED	2024
ojou-sama-kara-hajimeru-kekkon-seikatsu	2024	RELEASING	
okashina-futari-fujiwara-2023	2024	FINISHED	2024
okotta-seijo-wa-hitori-de-maou-o-taoshitai	2024	FINISHED	2024
omiai-kon-nimo-shoya-wa-hitsuyou-desu-ka	2024	FINISHED	2022
one-loli-kyabakura	2024	FINISHED	2024
oni-to-yoake	2024	-	
onmyou-jihen	2024	FINISHED	2024
onmyouji-to-tengugan	2024	FINISHED	2024
onna-majutsushi-san-moto-no-sekai-e-kaeru-tame-ni-ganbarimasu	2024	FINISHED	2024
onnatomodachi-to-kekkon-shite-mita	2024	FINISHED	2023
ookami-eno-yomeiri	2024	FINISHED	2024
ore-dake-choutensai-renkinjutsushi	2024	RELEASING	
ore-dake-skill-ga-yatara-poemii-nandakedo	2024	-	
ore-niwa-kono-kuragari-ga-kokochiyokatta	2024	FINISHED	2023
ore-sama-kingdom-derakkusu	2024	-	
ore-tsushima	2024	RELEASING	
ore-wa-azatoi-o-yurusanai	2024	FINISHED	2024
orenchi-no-kaibutsu	2024	FINISHED	2024
osananajimi-no-kimi-to-koibito-ni-naru-made	2024	FINISHED	2024
oshi-wa-mezamenai-danna-sama-desu	2024	-	
oshibana	2024	RELEASING	
oshikatsu-survival	2024	RELEASING	
otasuke-chara-ni-tensei-shita-node-game-chishiki-de-musou-suru	2024	-	
otogi-gakuen-momotaro-sensei	2024	-	
otoko-koukousei-wa-isekai-de-jk-ni-natta	2024	FINISHED	
otoko-shika-inai-kuni-no-alice	2024	FINISHED	2024
otome-game-no-akuyaku-reijou-ni-tensei-shitakedo-follower-ga-fukyou-shiteta-chishiki-shika-nai	2024	-	
otome-game-no-sekai-de-watashi-ga-akuyaku-reijou-sonna-no-okotowari-desu	2024	FINISHED	2024
otome-gee-no-akuyaku-reijou-nanoni-ouji-to-ero-tenkai-ni-narundesuga	2024	RELEASING	
otomege-sekai-wa-mob-ni-kibishii-sekai-desu	2024	FINISHED	2024
otomege-youchien-wa-mob-ni-kibishii-youchien-desu	2024	FINISHED	2024
otoshi-otosare-oshi-osare	2024	FINISHED	2024
ou-no-byoushitsu	2024	FINISHED	2023
ou-sama-no-shitateya	2024	FINISHED	2016
ougon-bat-yamane-2023	2024	FINISHED	1965
ouhi-ni-naru-yotei-deshitaga-niseseijo-no-omei-o-kiserareta-node-toubou-shitara-koutaishi-ni-dekiai	2024	RELEASING	
ouji-sama-nante-kocchi-kara-negaisage-desuwa	2024	FINISHED	2024
ouji-sama-no-kainushigakari	2024	RELEASING	
oukoku-wa-akujou-no-hitsugi	2024	-	
outsider-paradise	2024	RELEASING	
owaru-sekai-no-shuugaku-ryokou	2024	FINISHED	2024
papa-no-sexy-doll	2024	FINISHED	2023
parlor	2024	-	
peter-grill-to-kenja-no-jikan	2024	FINISHED	2024
pika-pika-slow-life	2024	RELEASING	
puchimasu	2024	RELEASING	
pumpkin-scissors	2024	RELEASING	
raburaibu-superstar-chii-chan-buchou-wa-yuunou-desu	2024	RELEASING	
reijou-erizabesu-no-karei-naru-migawari-seikatsu	2024	FINISHED	2024
renkashou	2024	FINISHED	2024
rettougan-no-tensei-majutsushi	2024	FINISHED	2023
rifujin-na-wake-de-tsuihousareta-sareta-oukyuu-madoushi-no-watashi-desu-ringoku-no-ouji-sama-to-go	2024	-	
rikon-kara-hajimemashou	2024	FINISHED	2024
ringo-tensei	2024	FINISHED	2023
roa	2024	RELEASING	
romantic-dark	2024	FINISHED	2022
rouhou-ore-no-iinazuke-ni-natta-jimiko-ie-dewa-kawaii-shika-nai	2024	FINISHED	2024
ruberia-oukoku-monogatari	2024	RELEASING	
ruirui-senki	2024	FINISHED	2024
ryoukai-shinpan	2024	FINISHED	2024
ryuu-no-ko-o-undara-rien-sareta-node-mori-de-inkyo-suru-koto-ni-shimashita	2024	-	
ryuuko-2023	2024	-	
ryuusei-kyuushi	2024	-	
ryuusei-sabou-monogatari	2024	RELEASING	
sabaku-ni-furisosogu-ryuu-no-ame	2024	-	
saigo-no-restaurant	2024	FINISHED	2024
saihate-ni-madou	2024	FINISHED	2024
saijaku-munou-ga-gyokuza-e-itaru	2024	FINISHED	2023
saikyou-juzoku-tensei	2024	FINISHED	2024
saikyou-no-ito-tsukai-wa-fukushuu-no-shinigami-ni-naru	2024	-	
saikyou-yuusha-wa-oharaibako-maou-ni-nattara-zutto-ore-no-musou-turn	2024	FINISHED	2024
saishu-wa-game-no-kihon-desu	2024	RELEASING	
sakurada-no-repo	2024	-	
sasen-sareta-guild-shokuin-ga-henkyou-de-jimichi-ni-katsuyaku-suru-hanashi	2024	-	
sauna-wars	2024	RELEASING	
scandala	2024	FINISHED	2024
sei-kishi-no-ore-ga-suki-ni-natta-heroine-ga-zokuzoku-to-aitsu-no-harem-menbaa-ni-natte	2024	FINISHED	2025
seifuku-date	2024	RELEASING	
seijo-ni-nante-narimasen	2024	FINISHED	2024
seijo-sama-iie-toorisugari-no-mamonotsukai-desu	2024	RELEASING	
seinaru-kishi-no-ankokudou	2024	RELEASING	
seishun-no-nukarumi	2024	RELEASING	
sekai-de-tada-hitori-no-mamonotsukai	2024	FINISHED	2024
sekai-tomodachibu	2024	-	
senbansha-isekai-tsuushoubu	2024	FINISHED	2025
senka	2024	FINISHED	2024
sentouin-haken-shimasu	2024	FINISHED	2024
sex-chan	2024	FINISHED	2024
shachiku-kishi-ga-esu-rank-boukensha-ni-hirowarete-himo-ni-naru-hanashi	2024	-	
shakaijin-ga-kizuku-ajin-harem	2024	RELEASING	
shakunetsu-no-takkyuu-musume-ribaan	2024	RELEASING	
shi-ni-modori-subete-o-sukuu-tame-ni-saikyou-eto-itaru-attomaaku-comic	2024	RELEASING	
shibanban	2024	FINISHED	2020
shigoku-no-obentou	2024	-	
shiina-san-numattemasu	2024	RELEASING	
shijou-saikyou-no-dai-kenja-tenseisaki-ga-nuigurumi-demo-saikyou-deshita	2024	RELEASING	
shijou-saikyou-no-kyuutei-tamer	2024	FINISHED	2024
shikkaku-ouji-no-koukyuu-seifukuki	2024	FINISHED	2025
shimakaze-san-no-ee-quick	2024	FINISHED	2024
shin-no-nakama-ja-nai-to-yuusha-no-party-o-oidasareta-node-henkyou-de-slow-life-suru-koto-ni	2024	FINISHED	2024
shin-no-nakama-ni-narenakatta-ohime-sama-wa-henkyou-de-surooraifu-suru-koto-ni-shimashita	2024	FINISHED	2024
shingan-no-yuusha	2024	FINISHED	2024
shinigami-no-hanayome	2024	RELEASING	
shinigami-ramen	2024	FINISHED	2024
shinitagari-no-kanzen-hanzai-to-heya-ni-furu-shichijimae-no-ame	2024	FINISHED	2025
shinitakunai-node-zenryoku-de-kobitara-dekiai-saremashita	2024	-	
shinja	2024	-	
shinsou-o-ohanashi-shimasu	2024	RELEASING	
shiroki-otome-no-jinrou	2024	RELEASING	
shiromaru-hiyori	2024	-	
shiroseijo-to-kurobokushi	2024	RELEASING	
shoki-skill-ga-benri-sugite-isekai-seikatsu-ga-tanoshisugiru	2024	RELEASING	
shop-skill-sae-areba-danjonka-shita-sekai-demo-rakushou-da	2024	RELEASING	
shuiro-no-stella-date-arisa	2024	RELEASING	
shuumatsu-no-hanayome-sama	2024	FINISHED	2024
shuumatsu-rocking-girl	2024	RELEASING	
skeleton-double	2024	FINISHED	2024
slave-besseru	2024	FINISHED	2024
sono-akujo-ni-ki-o-tsukete-kudasai	2024	-	
sono-koi-wa-sekai-metsubou-e-no-kauntodaun-desu	2024	-	
sono-munou-jitsu-wa-sekai-saikyou-no-mahoutsukai	2024	FINISHED	2024
sotozura-dake-wa-kanpeki-na-komyushou-boukensha-esu-rank-party-de-leader-ni-naru	2024	-	
soukyuu-no-arubasutera	2024	-	
suterare-koushaku-reijou-wa-hatsukoi-no-outaishi-ni-metorareru	2024	FINISHED	2024
tabi-ni-deru-no-wa-boku-janai	2024	-	
tabisuru-renkinjutsushi-no-surooraifu	2024	-	
tada-no-shikabane-no-you-da-to-iwarete-ikuseisou-kizuitara-saikyou-no-undead-ni-natteta	2024	RELEASING	
taichou-san-to-akutoresu-ssu	2024	-	
taigaku-no-sue-ni-kandou-sareta-kishi-wa-chouzetsu-skill-kizuna-shoukanjutsu-o-etoku-shi-saikyou-to	2024	-	
taikutsu-girai-no-fuuinjutsushi	2024	FINISHED	2025
taisetsu-o-oshitsukerareta-seijo	2024	-	
taishou-yuurei-apaato-houmeikan-no-shinmai-kanrinin	2024	FINISHED	2024
takane-no-hana-wa-midasaretai	2024	FINISHED	2024
tan-tan-to-tanto	2024	FINISHED	2024
tantei-eeai-no-real-deep-learning	2024	RELEASING	
tanuki-to-kitsune	2024	RELEASING	
tanuma-dono-to-gennai-san-tokidoki-tokugawa-family	2024	RELEASING	
tasogare-out-focus-long-take	2024	FINISHED	2024
tatoeba-ore-ga-champion-kara-joou-no-himo-ni-job-change-shita-to-shite	2024	FINISHED	2024
tenkuu-no-shiro-o-moratta-node-isekai-de-tanoshiku-asobitai	2024	FINISHED	2023
tenohira-neko	2024	FINISHED	2024
tensai-saijaku-mamonotsukai-wa-kikan-shitai	2024	FINISHED	2024
tensei-akuyaku-reijou-desu-kyoushi-ni-natte-ochikobore-seito-tachi-ni-mahou-de-oshioki-shichaimasu	2024	RELEASING	
tensei-daiseijo-no-mezame	2024	FINISHED	2024
tensei-joou-no-mattari-nonbiri-isekai-recipe	2024	FINISHED	2024
tensei-joou-wa-osananajimi-no-dekiai-houimou-kara-nigedashitai	2024	-	
tensei-kizoku-no-isekai-boukenroku-sasaki-2020	2024	RELEASING	
tensei-maou-to-ponkotsu-yuusha	2024	RELEASING	
tensei-onmyouji-kamo-kazuki-nidoto-jigoku-wa-gomen-nanode-enma-daiou-no-shinki-de-musou-shimasu	2024	RELEASING	
tensei-rasubosu-majo-wa-doku-potion-de-kusuriya-o-hajimeru	2024	FINISHED	2025
tensei-reijou-ga-kokuou-heika-ni-dekiai-dekiaisareru-tatta-hitotsu-no-wake-eteruna	2024	-	
tensei-seijo-no-isekai-surooraifu	2024	RELEASING	
tensei-shitara-otomege-no-sekai-ie-majutsu-o-kiwameru-noni-isogashii-node-souiu-nowa-kekkou-desu	2024	FINISHED	
tensei-shitemo-neko-ha-neko	2024	FINISHED	2024
tensei-shoujo-no-rirekisho	2024	FINISHED	2023
tenseisaki-ga-shoujo-manga-no-shirobuta-reijou-datta-reboot	2024	RELEASING	
tenseisaki-wa-moumoku-youjo-deshita	2024	FINISHED	2024
tensura-nikki	2024	RELEASING	
teramen	2024	-	
tetsuwan-xavier	2024	RELEASING	
toban-sama-no-enmusubi	2024	FINISHED	2024
tokyo-jiraiya	2024	FINISHED	2024
tokyo-satsujin-gakuen	2024	FINISHED	2025
tomomi-san-to-norimaki	2024	-	
tonari-no-shiba-kun-wa-misete-kurenai	2024	RELEASING	
tondemo-skill-de-isekai-hourou-meshi-sui-no-daibouken	2024	RELEASING	
toppatsuteki-kurieito-family	2024	-	
toshinosa-dekiai	2024	-	
toshiue-elite-onnakishi-ga-boku-no-mae-de-dake-kawaii	2024	RELEASING	
touketsu-shita-pureiyaa-no-kikan	2024	-	
tsubaki-kun-no-netsu-ni-oboretai	2024	RELEASING	
tsuihousareta-ossan-boukensha-jitsu-wa-party-menbaa-ni-yabai-hodo-shitawarete-ita	2024	RELEASING	
tsuihousareta-ouji-no-eiyuumon	2024	-	
tsuihousareta-sareta-botsuraku-reijou-wa-kobushi-hitotsu-de-isekai-o-ikinobiru	2024	-	
tsukareta-toki-ni-yomu-kaigai-tabinikki	2024	-	
tsukitate-omo-chan	2024	FINISHED	2024
tsundere-akuyaku-reijou-liselotte-to-jikkyou-no-endou-kun-to-kaisetsu-no-kobayashi-san	2024	CANCELLED	2024
tsuri-spirits	2024	FINISHED	2024
tsuzuki-wa-mata-ashita-hinachi-2020	2024	RELEASING	
umarekawattara-teisou-gyakuten-sekai	2024	FINISHED	2024
umarekawattemo-anata-no-juusha-desu	2024	FINISHED	2024
upotte	2024	RELEASING	
ura-de-yancha-na-gouinda-san	2024	RELEASING	
ura-no-villain-san	2024	RELEASING	
usapan-yaite-warui-kayo	2024	-	
utagawa-hyakkei	2024	RELEASING	
utopolis	2024	FINISHED	2023
utsukushii-bakemono	2024	FINISHED	2024
wagamama-joou-ni-tsukaeta-bannou-shitsuji-tonari-no-teikoku-de-saikyou-no-gunjin-ni-nariagari-musou	2024	RELEASING	
watashi-no-shiranai-senpai-no-100-ko-no-koto	2024	FINISHED	2023
watashi-nouryoku-wa-heikinchi-de-tte-ittayone	2024	RELEASING	
watashi-seijo-ja-arimasenkara	2024	RELEASING	
watashitachi-wa-moto-joshi-desu	2024	RELEASING	
wotaku-joshi-ga-yonin-de-4-rashite-mitara	2024	-	
yabaman	2024	FINISHED	2024
yakutatazu-to-iware-yuusha-party-o-tsuihousareta-sareta-ore-saikyou-skill-jakuten-kanpa-ga-kakusei	2024	-	
yama-ni-suterareta-ore-tokage-no-youshi-ni-naru	2024	FINISHED	2024
yamada-kun-to-lv999-no-koi-wo-suru	2024	RELEASING	
yamamoto-kun-no-seishun-revenge	2024	FINISHED	
yami-maid-ga-shihai-suru	2024	-	
yamindoru-hikaru-chan	2024	-	
yanbaru-no-tatakai	2024	-	
yankee-manga-ni-tensei-shitara-naze-souchou-ni-ezuke-dekiaisaretemasu	2024	FINISHED	2024
yoi-to-yukusue	2024	FINISHED	2024
yoru-10-ji-kara-wa-sunao-ni-oborete	2024	-	
yosoji-no-ossan-kamisama-kara-cheat-nouryoku-o-9-ko-morau	2024	FINISHED	2024
yougisha-ee-no-hanayome	2024	FINISHED	2024
youhouka-to-mitsu-yakushi-no-hanayome	2024	-	
youseijirushi-no-kusuriya-san	2024	RELEASING	
yumemiru-maid-no-teiitaimu	2024	FINISHED	2024
yuri-ni-hasamaru-otoko-wa-shineba-ii	2024	FINISHED	2024
yuugure-no-anata-ha-sukoshi-kubi-o-kashigete	2024	FINISHED	2024
yuushakei-ni-shosu	2024	RELEASING	
zeni-100-paasento-no-imouto-akui-hyakupaasento-no-imouto	2024	-	
zenryoku-kaihi-flag-chan	2024	FINISHED	2024
zense-de-tsurai-omoi-o-shita-node-kami-sama-ga-shazai-ni-kimashita	2024	RELEASING	
0-ji-o-sugitara-kimi-no-mono	2025	FINISHED	2025
009-nsoku-no-kaizou-senshizerozeronain	2025	RELEASING	
10-nen-goshi-no-fukushuu	2025	RELEASING	
100-paasento-jorei-suru-otoko	2025	-	
100-ten-hyakunin-kyoudai-hyaku-monogatari	2025	-	
10dance	2025	RELEASING	
13-banme-no-tenisha-isekai-de-kami-o-mezasu	2025	-	
13-nichi-niha-hana-o-kazatte	2025	RELEASING	
16-nen-kimi-o-omou-to-konnani-ookiku	2025	-	
1ldk-to-futari	2025	FINISHED	2025
2-dome-no-karada-wa-gaman-ga-dekinai	2025	-	
2-nen-1-kumi-uchi-no-class-no-joshi-ga-yabai	2025	RELEASING	
2200nen-neko-no-2200	2025	RELEASING	
24-ten-to-konyaku-haki-sareta-reijou-wa-ringoku-no-outaishi-ni-kanpeki-na-hanayome-to-aisareru	2025	-	
26-sai-shojo-charao-joushi-ni-dakaremashita	2025	RELEASING	
29-sai-dokushin-wa-isekai-de-jiyuu-ni-ikitakatta	2025	RELEASING	
2nd-virgin-no-jouzu-na-sutekata	2025	RELEASING	
3-kumi-no-osananajimi	2025	RELEASING	
3-nen-sangumi-tanaka-tarou	2025	-	
300-nen-go-ni-fukkatsu-shita-dai-mahoutsukai	2025	-	
30sai-made-doutei-dato-mahoutsukai-30-narerurashii	2025	RELEASING	
33-sai-to-iu-hibi	2025	-	
3gatsu-no-lion	2025	RELEASING	
3itches-san-majo	2025	-	
5-nin-no-ou	2025	RELEASING	
50-sai-kara-no-kimama-ni-yurayura-hitori-tabi	2025	-	
6sai-no-kenja-wa-hikage-no-michi-o-ayumitai	2025	FINISHED	2025
8-ban-deguchi	2025	FINISHED	2025
9-nine	2025	RELEASING	
after-god	2025	RELEASING	
afurete-koborete-gaman-dekinai	2025	FINISHED	2025
ai-da-koi-da-no-shohousen	2025	RELEASING	
ai-ga-omosugiru-kotani-kun-wa-zettai-ni-kanojo-o-nigasanai	2025	-	
ajari-souun-reigen-kaii-shimatsu	2025	-	
ajinopuroresu	2025	-	
aka-chan-ni-tensei-shita-hanashi	2025	RELEASING	
akabane-honeko-no-bodyguard	2025	FINISHED	2024
akagami-no-shirayukihime	2025	RELEASING	
akai-hitomi-no-hai-ouji	2025	-	
akarito-shirono-shinrei-yawa	2025	RELEASING	
akekure-no-ren	2025	-	
aku-no-hanamichi-o-ikimashou	2025	RELEASING	
aku-no-soshiki-no-kyuujin-koukoku	2025	RELEASING	
aku-onna	2025	-	
akujiki-reijou-to-kyouketsu-koushaku	2025	RELEASING	
akujo-kougou-no-senzoku-jijo	2025	-	
akujo-no-watashi-o-shokei-shita-kishidanchou-ni-naze-dekiai-dekiaisaretemasu	2025	-	
akujo-o-koroshite	2025	-	
akuma-de-fukei	2025	FINISHED	2025
akuma-nisei	2025	RELEASING	
akuma-wa-yurikago-o-utau	2025	RELEASING	
akuta-no-shinigiwa	2025	RELEASING	
akutou-ikka-no-manamusume-tenseisaki-mo-otome-game-no-gokudou-reijou-deshita-saijoukyuu-rank-no	2025	RELEASING	
akuu-no-seijo	2025	RELEASING	
akuyaku-joou-no-ryuukishidan-seikatsu	2025	RELEASING	
akuyaku-no-joou-ni-tensei-shitakedo-kakushi-chara-ga-kakuretenai	2025	-	
akuyaku-ouji-no-ichizu-na-shuuchaku-hatenai-dekiai	2025	RELEASING	
akuyaku-reijou-jikkai-shindara-nanka-kowareta	2025	RELEASING	
akuyaku-reijou-koukyuu-monogatari-oukoku-gekidouhen	2025	RELEASING	
akuyaku-reijou-level-99	2025	RELEASING	
akuyaku-reijou-mitai-ni-danzai-saresou-datta-kedo-zenryoku-de-aisaretemasu	2025	-	
akuyaku-reijou-ni-naritakunai-node-ouji-sama-to-isshokenmei-ni-kanpeki-reijou-o-mezashimasu	2025	RELEASING	
akuyaku-reijou-ni-tensei-shita-no-de-kakure-haisupe-ouji-to-hametsu-no-unmei-o-kaihi-shimasu	2025	-	
akuyaku-reijou-no-ane-desu-mobu-de-ii-node-shinitakunai	2025	RELEASING	
akuyaku-reijou-no-karei-naru-gyakuten-jinsei	2025	-	
akuyaku-reijou-no-kyouji	2025	-	
akuyaku-reijou-no-naka-no-hito	2025	-	
akuyaku-reijou-no-okaa-sama	2025	FINISHED	2024
akuyaku-reijou-no-taida-na-tameiki	2025	RELEASING	
akuyaku-reijou-no-torimaki-ee-desu-outaishi-denka-ni-semararete-imasu	2025	-	
akuyaku-reijou-route-ga-nai-nante-dare-ga-itta-no	2025	RELEASING	
akuyaku-reijou-seshiria-shirubii-wa-shinitakunai-node-dansou-suru-koto-ni-shita	2025	RELEASING	
akuyaku-reijou-wa-dance-ga-shitai	2025	FINISHED	2025
akuyaku-reijou-wa-dekiai-route-ni-hairimashita	2025	RELEASING	
akuyaku-reijou-wa-seijo-route-o-nozomanai	2025	FINISHED	2024
akuyaku-reisoku-ni-tensei-shitakedo-osananajimi-no-mama-ni-naruzo	2025	RELEASING	
alice-to-shieerazaado	2025	FINISHED	2022
amagasa-san-no-nichinichi	2025	RELEASING	
amayakashite-kureru-jimu-no-onee-san	2025	FINISHED	2025
ame-to-kimi-to	2025	RELEASING	
amebaamu-hodo-suki-ni-naru-kagibari-ami-hajimemashita	2025	-	
anabou	2025	-	
anata-no-koto-ga-shinu-hodo-kirai-desu	2025	RELEASING	
anata-no-mirai-o-yurusanai	2025	-	
anata-no-oyaku-ni-tatemasuka	2025	-	
anata-o-korosu-tabi	2025	FINISHED	2025
ane-ni-akuhyou-o-tateraremashita-ga-naze-ringoku-no-taikou-ni-dekiai-sarete-imasu	2025	RELEASING	
ane-ni-iwarerugamama-ni-totsu-kun-o-shite-itara-tondemonai-tsuyosa-ni-natte-ita-otouto	2025	RELEASING	
ane-ni-konyakusha-o-netorareta-node-wakeari-reisoku-to-kekkon-shite-henkyou-eto-mukaimasu	2025	-	
ane-ni-konyakusha-to-oui-o-ubawareta-no-de-suterareta-mono-doushi-nagusameatte-imasu	2025	-	
ane-no-kawari-no-kyuuzou-konyakusha-desu-henkyou-no-ryouchi-de-shiawase-ni-narimasu	2025	RELEASING	
ane-to-ore-to-senpai-to	2025	FINISHED	2024
ane-to-otouto-ga-maamaa-nakayoku-class-nichijou	2025	RELEASING	
animal-yokochou	2025	RELEASING	
anoko-ni-naisho-no-vtuber	2025	FINISHED	2025
anoyo-no-shakaika-kengaku	2025	-	
ansangu-cinderella	2025	FINISHED	2025
ansatsu-skill-de-isekai-saikyou	2025	RELEASING	
ansatsusha-wa-tasogare-ni-warau	2025	FINISHED	2025
ao-no-furin	2025	RELEASING	
aoharu-wa-aishi-aisare	2025	FINISHED	2025
aori-kei-game-haishinsha-hatachi-haishin-no-kiriwasure-20-iihito-bare-suru	2025	RELEASING	
aphorism	2025	FINISHED	2016
app-de-deatta-kimi-to-suisou-ni-shizumu	2025	RELEASING	
arashi-to-ibuki	2025	RELEASING	
are-wa-senkou-bokura-no-shinjuu	2025	RELEASING	
aru-majo-ga-shinu-made	2025	-	
aruma-chan-wa-kazoku-ni-naritai-zetto	2025	RELEASING	
aruruku-jieikee-machiaruki	2025	RELEASING	
asagiiro-no-saudaaji	2025	FINISHED	2025
asahi-san-wa-nakasetai	2025	FINISHED	2024
astro-baby	2025	FINISHED	2025
atashi-niwa-suki-na-hito-ga-iru	2025	FINISHED	2025
atashi-wa-seikan-kokka-no-eiyuu-kishi	2025	RELEASING	
atchi-kocchi	2025	RELEASING	
atsuatsu-sutaguru-tabi	2025	-	
atsumare-doubutsu-no-mori-tokoton-ichibanjima	2025	-	
av-danyuu-hajimemashita	2025	RELEASING	
awana-chan-wa-kyou-mo-shiawase	2025	FINISHED	2025
ayakashi-koukyuu-no-keiyakuhi	2025	RELEASING	
ayakashi-neko-no-hanayome-sama	2025	-	
ayakashi-oyado-ni-yomeiri-shimasu	2025	RELEASING	
ayakashi-yashiki-no-mayakashi-fuufu	2025	-	
ayame-kun-no-nonbiri-nikushoku-nisshi	2025	RELEASING	
ayashii-iyashi-no-yakumo-san	2025	RELEASING	
b-no-seisen	2025	FINISHED	2025
baacharu-kun-wa-otonari-san-kara-nigetai	2025	-	
bad-ass	2025	-	
baitosaki-no-senpai-ga-koukousei-janakatta-hanashi	2025	RELEASING	
bakishimi	2025	-	
bakuchigui	2025	RELEASING	
bakudanma-na-youhei-douji-shoukan-sareta-saikyou-cheat-domo-o-katappashi-kara-keshitobasu	2025	RELEASING	
banchou-kami-eshi-koitsu-desu	2025	FINISHED	2025
band-o-kubi-ni-sareta-boku-to-oshi-jk-no-seishun-rewrite	2025	FINISHED	2026
bannou-murazukuri-cheat-de-otegaru-surooraifu	2025	RELEASING	
bara-na-mainichi	2025	FINISHED	2025
barahime-to-koori-ouji-no-haran-naru-kekkon	2025	RELEASING	
barairo-no-yakusoku	2025	RELEASING	
batman-animated-adventures	2025	-	
batsubatsu-shinaide-tsukimine-san	2025	FINISHED	2025
beast-of-man	2025	RELEASING	
beat-again	2025	-	
bengonin-yuragi-no-shoudou	2025	FINISHED	2025
bentouya-san-no-omotenashi	2025	RELEASING	
berserk	2025	RELEASING	
beru-pupee-no-supadari-konyaku	2025	RELEASING	
bidaisei-tsukiurami-en-no-kaidan	2025	RELEASING	
bikei-shisho-san-wa-zetsurin-nikutaiha-nurunuru-nanowa-mukimuki-no-sei-de-dekiai-saremashita	2025	FINISHED	2025
binetsu-kuukan	2025	RELEASING	
bishuu-gyakuten-sekai-no-kurerikku	2025	RELEASING	
bitter-playmate	2025	RELEASING	
black-letter	2025	-	
black-madougushi-guild-o-tsuihousareta-sareta-watashi-oukyuu-majutsushi-to-shite-hirowareru	2025	RELEASING	
black-sheep	2025	RELEASING	
blattodea	2025	RELEASING	
blue-fight	2025	FINISHED	2025
blue-head-ni-kuchizuke	2025	FINISHED	2025
blue-lock-full-color-selection	2025	-	
bocchi-za-rock	2025	RELEASING	
bodo-kan	2025	FINISHED	2022
boku-no-oku-san-wa-chotto-kowai	2025	RELEASING	
boku-no-oku-san-wa-mahou-shoujo-kamoshirenai	2025	FINISHED	2025
boku-no-satsujin-keikaku	2025	RELEASING	
boku-to-miko	2025	-	
boku-wa-imasugu-zense-no-kioku-o-sutetai-akogare-no-inaka-wa-jingai-makyou-deshita-comic	2025	RELEASING	
boku-wa-nisemono-no-kimi-ni-koi-o-suru	2025	-	
boku-wa-onee-chan-no-omocha	2025	RELEASING	
boku-wa-subete-o-shitteiru	2025	RELEASING	
bokunchi-jiko-bukken	2025	-	
bokura-no-chikyuu-no-arukikata	2025	FINISHED	2025
bokura-no-libido	2025	RELEASING	
bokura-no-natsu-ga-sakete-iku	2025	FINISHED	2025
bou-kun-onzoushi-no-dekiai-moukou-kara-nigerarenai-unmei-mitai-desu	2025	-	
boukensha-ni-naritai-to-miyako-ni-dete-itta-musume-ga-esuranku-ni-natteta	2025	RELEASING	
boukensha-party-o-tsuihousareta-sareta-kaifukushi-no-shoujo-o-hirotte-ikusei-shitara-masaka-no	2025	RELEASING	
boukoku-no-maruguritto	2025	FINISHED	2025
braju	2025	FINISHED	2025
bullet-fang	2025	-	
bungo	2025	FINISHED	2024
buri-chan-nikki	2025	-	
busamen-gachi-fighter-sss	2025	FINISHED	2025
busu-ni-hanataba-o	2025	FINISHED	2025
butai-sode-no-kuchurie	2025	FINISHED	2025
butto-bird	2025	-	
byakuda-no-hanamuko	2025	CANCELLED	2025
byakumonogatari	2025	RELEASING	
card-game-usagi	2025	-	
centaur-no-nayami	2025	RELEASING	
challenge-kanreki-ichinensei	2025	-	
change-up-2022	2025	RELEASING	
chanto-suenai-kyuuketsuki-chan	2025	FINISHED	2025
cheat-skill-shisha-sosei-ga-kakusei-shite-inishie-no-maougun-o-fukkatsu-sasete-shimaimashita	2025	FINISHED	2025
chibikko-tensei-nikkichou	2025	-	
chien-no-jiya	2025	-	
chihiro-san	2025	FINISHED	2018
chiikawa	2025	RELEASING	
chikarabito	2025	-	
chinjuu-no-oisha-san	2025	RELEASING	
chiteikai-kidan	2025	RELEASING	
chitose-kun-wa-ramunebin-no-naka	2025	FINISHED	2025
chotto-matou-yo-harutora-kun	2025	FINISHED	2024
chouetsusha-to-natta-otsu-san-wa-mai-peesu-ni-isekai-o-sansaku-suru	2025	FINISHED	2025
chouonsoku-no-majo	2025	RELEASING	
chrome-kidoutai-za-human-algorithm	2025	FINISHED	2025
chrono-san-wa-occult-ga-suki	2025	RELEASING	
chun-no-ongaeshi	2025	RELEASING	
chuumon-no-ooi-kissaten	2025	-	
chuumon-no-ooi-mahoutsukai	2025	RELEASING	
city	2025	FINISHED	2025
class-teni-ni-makikomareta-konbini-tenin-no-otsu-san-yuusha-niwa-hitsuyou-nakatta-amarimono-skill-o	2025	-	
class-teni-shitara-naze-ka-hikikomori-no-ore-made-isekai-ni-tsuretekaretandaga	2025	-	
class-zenin-de-maou-tensei	2025	RELEASING	
cologne-shikei-odo	2025	FINISHED	2025
d-flag	2025	RELEASING	
d-genesis	2025	RELEASING	
d-gray-man	2025	RELEASING	
daidaaku	2025	RELEASING	
daigaku-nyuugaku-ji-kara-uwasa-sarete-ita-bishoujo-sanshimai-ikiwakarete-ita-imouto-datta	2025	RELEASING	
daikenja-no-manadeshi-bougyo-mahou-no-susume-attomaaku-comic	2025	RELEASING	
daikkirai-na-aitsu-wa-doesu-de-alpha-na-onzoushi	2025	RELEASING	
daimadoushi-to-yobareta-koushaku-reijou-sekai-ga-kitanai-node-souji-shite-itadake-nandesukedo-comic	2025	-	
dainana-maouji-jirubagiasu-no-maou-keikoku-ki	2025	CANCELLED	2025
dakara-bokutachi-wa-motenai	2025	RELEASING	
dakishimete-tsuide-ni-kisu-mo	2025	RELEASING	
damasare-uragirare-shokei-sareta-watashi-ga-dare-o-shinjirareruto-iunodeshou	2025	-	
dame-skill-ooto-mode-ga-kakusei-shimashita	2025	-	
danjongurashi-no-motoyuusha	2025	-	
danjontou-de-yadoya-o-yarou	2025	RELEASING	
danna-ga-bibou-o-kakusu-wake	2025	-	
danna-sama-wa-elite-gekai	2025	FINISHED	2025
danshikou-no-hanyuu-san	2025	FINISHED	2025
dansou-joou-no-akusai-keikaku	2025	-	
dansou-kishi-wa-elite-kishidanchou-kara-hanareraremasen	2025	-	
darashinai-onee-san-o-kaitai	2025	FINISHED	2025
daremo-shirangana	2025	RELEASING	
ddnangels	2025	RELEASING	
dekasegi-reijou-no-konyaku-soudou	2025	-	
dekiai-complex	2025	RELEASING	
dekiai-mitsugi	2025	-	
dekiai-zentei-keiyaku-kon	2025	RELEASING	
delivery-doctor	2025	-	
demiruka-sama-wa-goritsuyo-akuyaku-reijou	2025	FINISHED	2025
denjarasu-jii-san-daichouhen-collection	2025	-	
dennou-sokai-ribaasu	2025	-	
deshiiri-shita-tensai-mahoutsukai-ga-jitsuwa-musume-dattandakedo-doushitara-ii	2025	-	
devils-candy	2025	-	
devils-line-2-gyakushuu	2025	-	
diiteii-tensei	2025	FINISHED	2025
doka-kue	2025	FINISHED	2025
doku-ni-kuchizuke	2025	FINISHED	2024
dokushin-kizoku-wa-isekai-o-ouka-suru	2025	RELEASING	
doll-house-no-ginji-san	2025	FINISHED	2026
dorei-o-choukyou-shite-harem-tsukuru	2025	RELEASING	
doro-no-kuni	2025	FINISHED	2026
doruoji	2025	RELEASING	
dou-ganbattemo-etchi-ni-natchau-osananajimi	2025	FINISHED	2025
doubutsu-no-oshaberi	2025	-	
doukutsu-ningen	2025	RELEASING	
doukutsu-ou-kara-hajimeru-rakuen-life-bannounosaikutsusukirudesaikyouni	2025	RELEASING	
doukyonin-wa-hiza-tokidoki-atama-no-ue	2025	RELEASING	
douyara-boku-no-hanayome-wa-onna-kishidan-na-youde	2025	RELEASING	
douyara-watashi-no-karada-wa-kanzen-muteki-no-youdesune	2025	RELEASING	
dr-ashura	2025	FINISHED	2016
dr-muscle-beetle	2025	FINISHED	2025
dragon-ball-sd	2025	RELEASING	
dragon-ball-super	2025	RELEASING	
dramatic-irony	2025	RELEASING	
dribble-nukko-aashi-chan	2025	FINISHED	2025
duck-tail	2025	-	
duel-masters-lost-gekka-no-shinigami	2025	-	
dungeon-busters	2025	RELEASING	
dungeon-ni-hisomu-yandere-na-kanojo-ni-ore-wa-nando-mo-korosareru	2025	RELEASING	
dungeon-no-osananajimi	2025	RELEASING	
e-kekkon-tte-3-jigen-demo-dekirundesu-ka	2025	RELEASING	
e-tamer-wa-tsukaenai-tte-party-kara-tsuihousareta-shita-yone	2025	-	
earth-with-dungeon	2025	RELEASING	
edo-o-sawagaseta-10-nin-no-onnatachi	2025	-	
eikoku-hakushaku-to-geshukunin-no-mitsugoto	2025	RELEASING	
eikyuu-shimei-onegai-shimasu	2025	FINISHED	2020
eiyuu-majutsushi-wa-nonbiri-kurashitai-attomaaku-comic	2025	RELEASING	
eiyuuou-bu-o-kiwameru-tame-tenseisu	2025	RELEASING	
eki-wa-aru-uchi-ni-ike	2025	-	
ekiden-otoko-project	2025	RELEASING	
elf-sensei-no-toire-wa-doko-desuka	2025	FINISHED	2025
elf-to-hitotsu-yane-no-shita	2025	FINISHED	2026
en-mo-yukari-mo	2025	RELEASING	
enbaazu	2025	FINISHED	2025
enma-2025	2025	FINISHED	2025
enren-kon	2025	FINISHED	2023
erisu-seirei-ni-shukufuku-sareta-renkinjutsushi	2025	-	
eroge-tensei	2025	RELEASING	
escape-into-the-light	2025	FINISHED	2025
facade	2025	RELEASING	
fan-fiction	2025	-	
fate-grand-order-makuai-no-monogatari	2025	-	
fate-stay-night-heaven-s-feel	2025	RELEASING	
favela-no-mangaka	2025	RELEASING	
fg-formula-girl	2025	RELEASING	
first-call	2025	RELEASING	
first-contact-2025	2025	-	
flow-blue-de-matteru	2025	FINISHED	2025
football-nation	2025	RELEASING	
fuguushoku-to-baka-ni-saremashitaga-jissai-wa-sorehodo-waruku-arimasen	2025	RELEASING	
fujouri-zakkaten-unreal	2025	RELEASING	
fukou-reijou-deshitaga-happy-end-o-mukaemashita	2025	RELEASING	
fukui-no-pochiko-chan	2025	-	
fukushuu-no-miboujin	2025	RELEASING	
fumetsu-no-anata-e	2025	FINISHED	2025
fundari-kettari-aishitari	2025	RELEASING	
furetai-wa-koi-no-hajimari	2025	RELEASING	
fushi-to-batsu	2025	FINISHED	2025
futago-saien	2025	FINISHED	2025
futari-de-papa-hajimemashita-another	2025	FINISHED	2020
futsukazuki-ni-sumu	2025	FINISHED	2025
futsuu-desu-nanika-saikin-wa-ayakashi-datte-koukou-ni-ikundesu	2025	RELEASING	
fuufu-ijou-koibito-miman	2025	RELEASING	
fuufu-yokikana	2025	-	
fuuma-chan-nukemasu	2025	RELEASING	
fuuma-no-kojirou-gaiden	2025	FINISHED	2025
fuyufenriru-fenrir-itoshigo-to-natta-watashi-ga-zetsubou-kara-iyasarete-iku-hanashi	2025	RELEASING	
fuyumidouke-no-na-ni-kakete	2025	RELEASING	
ga-engi	2025	-	
gabriel-dropout	2025	RELEASING	
gacha-o-mawashite-nakama-o-fuyasu-saikyou-no-bishoujo-gundan-o-tsukuriagero	2025	RELEASING	
gachikoi-nenchakujuu	2025	FINISHED	2025
gakeppuchi-reijou-wa-kurokishi-sama-o-horesasetai	2025	FINISHED	2025
gakuen-baby-shittaazu	2025	RELEASING	
gakuen-sensuikantai-mermaid-girls	2025	FINISHED	2026
gal-maid-to-akuyaku-reijou	2025	FINISHED	2025
gal-nipa-chan-wa-semararetai	2025	FINISHED	2025
gamaran-shura	2025	FINISHED	2025
game-sekai-tensei-dankatsu	2025	RELEASING	
ganbare-douki-chan	2025	FINISHED	2023
garuru-girl	2025	FINISHED	2025
gate	2025	-	
gedou-gaiden	2025	-	
gekizumi-dungeon-desu-skill-hanshoku-de-gyakuten-shitai-to-omoimasu	2025	RELEASING	
gengaku-shijuu-soudan	2025	RELEASING	
genkai-dokushin-joshi-26-gohan	2025	FINISHED	2025
get-back	2025	-	
ghost-and-witch	2025	RELEASING	
gimusume-ga-akuyaku-reijou-toshite-hametsu-suru-koto-o-shitta-node-mechakucha-aishimasu-keiyaku	2025	RELEASING	
gin-no-kuni	2025	FINISHED	2025
girl-crush	2025	RELEASING	
girls-at-the-edge	2025	RELEASING	
girls-dawn	2025	-	
girls-f1st-gt	2025	RELEASING	
go-shujin-sama-miryou-shichaimashita	2025	-	
goblin-samurai	2025	FINISHED	2025
goblin-slayer	2025	RELEASING	
goblin-slayer-gaiden	2025	RELEASING	
gochisou-omega-wa-chuu-to-naku	2025	RELEASING	
gokai-sareta-migawari-no-majo-wa-kokuou-kara-saisho-no-koi-to-saigo-no-koi-o-sasagerareru	2025	RELEASING	
gokigen-na-40-sai-ni-naritai	2025	-	
gokudou-kyunren	2025	FINISHED	2025
gokudou-maid-kun-wa-ojou-sama-o-ansatsu-shitai	2025	RELEASING	
gokujou-dokutaa-wa-omiai-niizuma-o-amayakashitakute-tamaranai	2025	-	
gokujou-elite-to-omiai-shitara-hageshii-dokusenyoku-de-metoraremashita	2025	-	
gokujou-pairotto-ga-aisai-ni-go-goshomou-desu	2025	-	
golgo-13-characters	2025	-	
golgo-13-shorty	2025	-	
gomenne-occult-asobasete	2025	FINISHED	2024
gomikasu-idol-joshikousei-sasenai-to-watashi-ga-shinu	2025	RELEASING	
good-night-routine	2025	FINISHED	2025
gouin-shachou-no-kajou-na-dokusen-ai	2025	FINISHED	2025
goumon-dekirumon	2025	RELEASING	
grenimal-no-shokeinin	2025	RELEASING	
gsgs-online	2025	FINISHED	2025
guilty-angel	2025	FINISHED	2025
gukkenhaibu	2025	-	
gunkan-mudabanashi	2025	-	
gunnm-kasei-senki	2025	FINISHED	2025
gunshi-kuroda-kanbei-den	2025	RELEASING	
guutara-nekomata-to-osekkai-otoko	2025	RELEASING	
guutenberuku-no-himitsu-no-tobira	2025	-	
guuzou-senbatsu-game	2025	-	
gyagu-manga-hiyori-jiibii	2025	RELEASING	
gyakkou-akuyaku-reijou-wa-tadaima-kyuukon-chuu	2025	FINISHED	2025
gyakuten-isekai-de-ikiokure-esu-rank-onna-boukensha-tachi-ni-semararete-imasu	2025	FINISHED	2025
habatake-majutsu-sekai-no-shiteitachi	2025	FINISHED	2025
hachigatsu-kokonoka-boku-wa-kimi-ni-kuwareru	2025	RELEASING	
hachinan-tte-sore-wa-nai-deshou-2024	2025	RELEASING	
hai-kaburanai-hime	2025	-	
haiiro-no-asshu	2025	-	
haikei-oji-sama-outei-denka-ichiya-giri-no-hazu-ga-konyaku-no-moushikomi-wa-souteigai-desu	2025	RELEASING	
haiki-sareta-ore-to-tsuihousareta-sareta-akuyaku-reijou	2025	RELEASING	
haishinsha-haken-ooeru-to-shugeiya-mero	2025	RELEASING	
haison-de-hajimeru-surooraifu	2025	FINISHED	2025
hakaiougaogaigaa-tai-betaamanthe-comic	2025	RELEASING	
hakoniwa-kidan	2025	RELEASING	
hakuka-ryouran	2025	RELEASING	
hakumai-rai-san	2025	-	
hakushaku-reijou-wa-yandere-danna-sama-to-ateuma-shinario-o-kaihi-suru	2025	RELEASING	
hamburger-chan-isekai-tensei-enikki	2025	RELEASING	
hanamachi-danshou-koi-musubi	2025	FINISHED	2024
hanamura-chan-sefure-ga-iru-kekkon-tte-ari-desu-ka	2025	RELEASING	
hanayome-to-akuma-no-yakusoku	2025	RELEASING	
handmade-romantic	2025	FINISHED	2025
hangyaku-komenteetaa-endou-san	2025	-	
hangyaku-no-soul-eater-mizoguchi-2025	2025	CANCELLED	2023
hanima-tsuushin	2025	RELEASING	
happy-ending	2025	-	
happy-kuso-life	2025	RELEASING	
harapeko-akuma-to-ouchi-gohan	2025	-	
harem-ou-no-isekai-puresu-manyuuki	2025	RELEASING	
harem-yori-heion-o	2025	FINISHED	2025
haru-chan-wa-hontou-ni-gaman-ga-dekinai	2025	-	
harukaze-no-tranger	2025	RELEASING	
haruki-murakami-manga-stories	2025	-	
hatarake-onee-san	2025	-	
hatsukoi-dogs	2025	-	
hatsukoi-geinin	2025	RELEASING	
hatsukoi-killer-kouryaku-keikaku	2025	FINISHED	2025
hatsukoi-no-hito-to-no-hare-no-hi-ni-reijou-wa-uragiri-o-shiru	2025	RELEASING	
hattatsu-shougai-na-watashitachi	2025	RELEASING	
hazure-shoku-item-master-ga-hazure-item-deku-doll-o-tsukattara-sekaiichi-no-boukensha-ni-nareta-ken	2025	RELEASING	
hazure-skill-sekai-toshokan-ni-yoru-isekai-no-chishiki-to-hajimeru-sangyou-kakumei	2025	RELEASING	
hazure-zokusei-on-zokusei-de-tsuihousareta-saretakedo-jitsuwa-yuiitsu-mu-eishou-de-hatsudou-dekiru	2025	-	
hazure-zokusei-tsuchi-mahou-no-sei-de-henkyou-ni-tsuihousareta-sareta-node-gangan-ryouchi-kaitaku	2025	RELEASING	
heian-igaku-shoujo-ibun	2025	RELEASING	
heika-kokoro-no-koe-ga-dadamore-desu	2025	RELEASING	
heion-o-nozomitai-kaijuu-goroshi	2025	-	
hello-my-home	2025	FINISHED	2025
henji-o-kudasai-ouji-sama	2025	-	
henkutsu-saishou-osanazuma-ni-rouraku-dekiaisareru	2025	-	
henkyou-no-binbou-hakushaku-ni-totsugu-koto-ni-natta-node-ryouchi-kaikaku-ni-hagemimasu	2025	RELEASING	
henkyou-no-mahou-kusushi	2025	RELEASING	
hidamari-ga-kikoeru-shunka-shuutou	2025	RELEASING	
hidamari-share-house	2025	FINISHED	2025
higashi-no-mori-no-majo-no-niwa	2025	RELEASING	
higashi-sandisu-ryokaku-tetsudou	2025	FINISHED	2025
higouhou-romance	2025	FINISHED	2025
hii-sama-muri-desu	2025	-	
hiiragi-san-no-kyuuketsu-jijou	2025	RELEASING	
hiitoteki-love-dan	2025	-	
hikaeme-reijou-ga-konyaku-hakushi-o-uketa-tsugi-no-hi-ni-arata-na-konyaku-o-musunda-hanashi	2025	-	
hikage-no-amiru	2025	RELEASING	
hikari-no-hako	2025	RELEASING	
hikidashi-ni-anpan	2025	-	
hime-no-otto-wa-maiban-kawaru	2025	-	
himitsu-ariki-no-bokutachi-desu	2025	RELEASING	
himitsu-no-kinpatsu-twintail	2025	RELEASING	
himitsu-no-sazukari-kon	2025	-	
himitsu-no-shanai-love-ga-haran-nandesu-kedo	2025	FINISHED	2024
himitsu-no-wakaoku-sama	2025	-	
himuro-renji-nippon-touitsu	2025	FINISHED	2025
hinekure-ryoushu-no-koufuku-tan	2025	-	
hinemosu-notari-nikki	2025	RELEASING	
hitodasuke-o-shitara-party-o-tsuihousareta-sareta-otoko-wa-yuniiku-skill-otasuke-man-de-nariagaru	2025	-	
hitode-chan-ni-korosareru	2025	RELEASING	
hitodenashi-no-echika	2025	FINISHED	2025
hitokowa	2025	FINISHED	2024
hitokui-danchi	2025	RELEASING	
hitomi-no-naka-no-boku-o-shiranai	2025	RELEASING	
hitozuma-ee	2025	-	
hokkaido-no-geneki-hunter-ga-isekai-ni-hourikomaretemita	2025	RELEASING	
hokuou-bishoujo-no-classmate-ga-konyakusha-ni-nattara-deredere-no-amaama-ni-natteshimatta-ken-ni	2025	RELEASING	
honban-kinshi-ijiwaru-serapisuto-no-torotoro-dekiai-ryouhou	2025	-	
hone-dragon-no-manamusume	2025	RELEASING	
honmono-no-kanojo-ni-shitakunaru-made-watashi-de-tameshite-ii-yo	2025	RELEASING	
honnouji-kara-hajimeru-nobunaga-tono-tenka-touitsu	2025	RELEASING	
hooked-on-quasar	2025	FINISHED	2025
horegusuri-o-nonda-supadari-ga-yabasugimasu	2025	RELEASING	
horeshou-no-half-elf-san	2025	-	
hoshi-no-kirby-kyou-mo-manmaru-nikki	2025	RELEASING	
hoshi-no-seijin	2025	-	
hoshikui-koroshi-no-ignalo	2025	CANCELLED	2025
houjin-dakkan	2025	RELEASING	
houkago-famiresu-de-class-no-anoko-to	2025	FINISHED	2025
houkago-metabaasu	2025	RELEASING	
houkago-no-ouji-sama	2025	RELEASING	
housekihime-wa-kudakenai	2025	RELEASING	
houtai-koushaku-no-kekkon-jijou	2025	RELEASING	
hyakugan-no-argus	2025	RELEASING	
hyakuka-koukyuu-ki-tan-reboot	2025	-	
hyakuren-no-haou-to-seiyaku-no-valkyria	2025	RELEASING	
hyouketsukei-koso-saikyou-desu	2025	RELEASING	
hyousetsu-shinchou	2025	-	
ichimanbai-no-seijo-ga-oshieru-sei-kyouiku	2025	RELEASING	
ichinen-ni-ichido-shika-aenai-kimi-no-hanashi	2025	FINISHED	2025
ichizu-to-junjou	2025	RELEASING	
idol-master-shainii-colors-shanimasu-everyday	2025	RELEASING	
ie-ga-moete-jinsei-doudemo-yoku-natta-kara-nokotta-nakenashi-no-kane-de-dark-elf-no-dorei-o-katta	2025	RELEASING	
ie-kara-oidasareta-watashi-wa-ringoku-no-okakae-renkinjutsushi-toshite-shiawase-na-daini-no-jinsei	2025	FINISHED	2025
ie-ni-kuroneko-ga-imasu	2025	-	
iemori-ki-tan	2025	FINISHED	2025
ijimerarekko-no-akuyaku-reijou-tenseiki	2025	FINISHED	2025
ijippari-na-senpai-no-shitsukekata	2025	RELEASING	
ijuudou-ki-tan	2025	RELEASING	
ikemen-otto-wa-gorira-tsuma-to-pretty-musume-o-aishisugiteru	2025	-	
ikenie-musume-no-soudai-naru-otto-ikusei-tan	2025	-	
ikenie-no-seijo-wa-umarekawattemo-maou-sama-ni-ai-o-sasagu	2025	-	
ikenie-no-susume	2025	FINISHED	2025
ikigami-sairin	2025	RELEASING	
ikinari-kon	2025	RELEASING	
ikitoshi-ikeru	2025	FINISHED	2025
ikitsuku-saki-wa-yuusha-ka-maou-ka	2025	RELEASING	
ikizurai-mama-waraeta-nara	2025	-	
imakano	2025	RELEASING	
imitation-play	2025	FINISHED	2022
imouto-ni-konyakusha-o-toraretara-mishiranu-koushaku-sama-ni-kyuukon-saremashita	2025	-	
imouto-ni-konyakusha-o-yuzure-to-iwaremashita-saikyounoryuunikiniiraretemasakanooukoku	2025	FINISHED	2025
imouto-shinkon	2025	-	
in-hand	2025	FINISHED	2020
inaba-haneru-no-haneman-maajan	2025	-	
inaka-de-hatsuetchi	2025	-	
indigo-blue-no-guradeeshon	2025	RELEASING	
inkya-datta-ore-no-seishun-revenge	2025	FINISHED	2025
inma-na-shachou-ni-yabai-cry-shuuchaku-sarete-imasu	2025	-	
interi-onii-san-to-toshokan-shokuin	2025	RELEASING	
inu-o-hirotta-hazu-datta	2025	-	
inutsuki-jinja	2025	RELEASING	
isegure	2025	FINISHED	2025
isekai-arigatou	2025	RELEASING	
isekai-bocchi-quest	2025	RELEASING	
isekai-cheat-suit-ando-mahoutsukai	2025	RELEASING	
isekai-cheat-survival-meshi	2025	FINISHED	2025
isekai-de-cheat-nouryoku-skill-o-te-ni-shita-ore-wa-genjitsu-sekai-womo-musou-suru	2025	RELEASING	
isekai-de-nonbiri-iyashite-hajimemasu	2025	RELEASING	
isekai-de-omake-no-nii-san-jiritsu-o-mezasu	2025	RELEASING	
isekai-de-seijo-ni-natta-watashi-genjitsu-sekai-demo-seijo-cheat-de-kanzen-shouri	2025	RELEASING	
isekai-de-slow-life-o-ganbou	2025	RELEASING	
isekai-hiroyuki	2025	RELEASING	
isekai-izakaya-gen	2025	RELEASING	
isekai-izakaya-nobu-eefa-to-makanai-oyatsu	2025	RELEASING	
isekai-magic-mirror-gou	2025	RELEASING	
isekai-majutsushi-wa-mahou-o-tonaenai	2025	RELEASING	
isekai-netorare	2025	RELEASING	
isekai-no-sata-wa-shachiku-shidai	2025	RELEASING	
isekai-nonbiri-sozai-saishu-seikatsu	2025	RELEASING	
isekai-oni-joushi	2025	-	
isekai-party-kurasshaazu	2025	RELEASING	
isekai-rakuraku-survival	2025	RELEASING	
isekai-ryouchi-kaikaku	2025	RELEASING	
isekai-shitateya-sofia	2025	RELEASING	
isekai-soapland-kaguya	2025	RELEASING	
isekai-souzou-no-susume-sumaho-app-de-wakusei-o-tsukutte-shimatta-ore-wa-kami-to-nari-sekai-o	2025	-	
isekai-teni-shitara-aiken-ga-saikyou-ni-narimashita	2025	RELEASING	
isekai-tokusou-sukarion	2025	-	
isekai-yome-sagashi-no-susume	2025	RELEASING	
isekai-yururi-camp	2025	FINISHED	2025
ishida-mitsunari-no-tsuma-wa-taihen	2025	RELEASING	
issun-saki-no-yami	2025	-	
itonami-itonameta	2025	-	
itoshi-no-shippo-chan	2025	FINISHED	2025
itsu-demo-jitaku-ni-kaereru-ore-wa-isekai-de-gyoushounin-o-hajimemashita	2025	RELEASING	
itsu-yame	2025	-	
itsuki-to-yuusei	2025	-	
itsuwari-no-ai	2025	FINISHED	2024
itsuwari-no-seijo-wa-ryuukoku-no-mahoutsukai-ni-narimashita	2025	-	
izuki-kun-wa-tadasaretai	2025	FINISHED	2025
jaa-anta-ga-tsukutte-miroyo	2025	RELEASING	
jahy-sama-wa-kujikenai	2025	RELEASING	
jakuten-zero-kyuuketsuki-no-ryouchi-kaikaku	2025	-	
jigoku-no-sata-mo-ougon-shidai	2025	RELEASING	
jii-ga-no-shima	2025	-	
jimoto-saikou	2025	RELEASING	
jinchiku-igai	2025	RELEASING	
jitenshaya-san-no-takahashi-kun	2025	RELEASING	
jizou-iyashi	2025	-	
jk-souseki	2025	RELEASING	
joukamachi-no-dandelion	2025	RELEASING	
joushiki-shirazu-no-saikyou-madoushi	2025	RELEASING	
joyuu-meshi	2025	FINISHED	2025
juliet-o-ute	2025	RELEASING	
junai-joutou	2025	FINISHED	2025
junai-yorimo-shitemitai	2025	-	
junkoku-no-alpha	2025	RELEASING	
junkyouju-takatsuki-akira-no-suisatsu	2025	RELEASING	
juui-san-no-oshigoto-in-isekai	2025	FINISHED	2024
juuoku-no-are	2025	RELEASING	
juusou-reijou-morenet	2025	FINISHED	2025
kaedegami	2025	FINISHED	2025
kaettekita-kudasai-akutsu-san	2025	RELEASING	
kage-no-eiyuu-no-chiyu-gakari	2025	FINISHED	2025
kageki-shoujo	2025	FINISHED	2014
kai-to-yuu	2025	RELEASING	
kaifukushoku-no-akuyaku-reijou	2025	RELEASING	
kaigo-hyakuiro	2025	-	
kaii-san-to-ore	2025	RELEASING	
kaijuu-kamui	2025	FINISHED	2025
kaijuu-no-hanataba	2025	FINISHED	2025
kaiki-shita-akugyaku-koujo-wa-kuro-rekishi-o-nurikaeru	2025	RELEASING	
kaishain-dakedo-reinousha-shugyou-hajimemashita	2025	-	
kaitai-shinsho	2025	RELEASING	
kaitou-joker-2025	2025	-	
kajiya-de-hajimeru-isekai-slow-life	2025	RELEASING	
kaketa-tsuki-no-merusedesu-kyuuketsuki-no-kizoku-ni-tensei-shitakedo-suteraresou-nanode-dungeon-o	2025	RELEASING	
kakisute	2025	RELEASING	
kakkoii-onnanoko-to-12-senchi-no-yakusoku	2025	RELEASING	
kakukaku	2025	RELEASING	
kakumo-chiisaki-sekai-nite	2025	FINISHED	2025
kamakura-bake-neko-club	2025	RELEASING	
kamatte-shinsotsu-chan-ga-maikai-sasotte-kuru	2025	RELEASING	
kami-ni-homura-o	2025	FINISHED	2025
kami-o-kami-sama-gacha-de-umidashi-houdai	2025	FINISHED	2025
kami-wa-game-ni-uete-iru	2025	FINISHED	2025
kamigami-no-kennou-o-ayatsurishi-mono	2025	-	
kamikuzu-idol	2025	RELEASING	
kaminegu-shimai	2025	FINISHED	2025
kamisakka-murasakishikibu-no-arienai-hibi	2025	RELEASING	
kamiyui-otome-no-yomeiri	2025	RELEASING	
kamuya-ride	2025	FINISHED	2025
kan-chan	2025	-	
kanagawa-ni-sunderu-elf	2025	RELEASING	
kanjou-no-namae	2025	-	
kanojo-ni-uwaki-sarete-ita-ore-ga-koakuma-na-kouhai-ni-natsukarete-imasu	2025	RELEASING	
kanojo-no-imouto-to-kiss-o-shita	2025	RELEASING	
kanojo-o-chara-make	2025	RELEASING	
kanojo-to-2p	2025	RELEASING	
kanotokoto	2025	RELEASING	
kanpeki-joushi-no-amai-himitsu	2025	-	
kanpeki-waifu-ni-yoru-kanpeki-na-fukushuu-keikaku	2025	-	
kanpon-bakeneko-anzu-chan	2025	-	
kanpon-inheruno	2025	-	
kao-dake-yoi-classmate-ga-yatara-to-guigui-kuru-yuri-no-hanashi	2025	RELEASING	
kao-ni-denai-kashiwada-san-to-kao-ni-deru-oota-kun-2024	2025	FINISHED	2025
karada-de-haratte-sumanai-hanashi	2025	-	
karada-ga-koisuru-keiyaku-kekkon	2025	RELEASING	
karada-kara-hajimaru-gokujou-mitsuai	2025	-	
karasu-tengu-wa-tsumoritai	2025	-	
karate-baka-isekai	2025	RELEASING	
karrafuru-na-etsubburidei	2025	-	
karubania-monogatari	2025	RELEASING	
kaseifu-kun-wa-mei-tantei	2025	-	
kashita-maryoku-wa-ribo-barai-de-kyousei-choushuu	2025	-	
katakoi-kekkon	2025	-	
katari-ka	2025	RELEASING	
kawaii-imouto-ga-konyaku-haki-sareta-rashii-node-ima-kara-orei-ni-mairimasu	2025	FINISHED	2025
kawaii-kimi	2025	RELEASING	
kawaikutte-zurui	2025	FINISHED	2024
keiyaku-mitsukon	2025	-	
kekkai-sensen-beat-3-peat	2025	RELEASING	
kekkon-ganbou-zero-nanoni-shuuchaku-kei-onzoushi-no-houimou-kara-nigeraremasen	2025	-	
kekkon-shitakedo-otto-ni-kataomoi-shite-imasu	2025	-	
kekkon-zenjitsu-ni-suki-to-itta-kaisuu-ga-mieru-you-ni-natta-no-de-outaishihi-ni-wa-narimasen	2025	-	
kemono-mikan	2025	FINISHED	2025
kemotchi-hiyori	2025	FINISHED	2025
ken-to-tiara-to-haihiiru-koushaku-reijou-niwa-eiyuu-no-tamashii-ga-yadoru-attomaaku-comic	2025	RELEASING	
kenka-dokugaku	2025	-	
kenseijo-aderu-no-yarinaoshi	2025	FINISHED	2025
keroro-gunsou	2025	RELEASING	
ketsuraku-renkinjutsushi-no-isekai-seikatsu	2025	RELEASING	
kichijouji-shounen-kageki	2025	RELEASING	
kifujin-rooza-wa-kage-kara-ai-o-mimamoritai	2025	RELEASING	
kigunasu-no-otometachi	2025	RELEASING	
kikan-gentei-daiyon-kishidan-no-kitchen-maid-kekkon-shitakunai-node-shuushoku-shimashita-comic	2025	RELEASING	
kiken-chitai-sennyuu-chousa-houkokusho	2025	-	
kikori-no-isekai-tan	2025	RELEASING	
killers-holiday	2025	-	
kimi-ni-sasageru-otokomae	2025	RELEASING	
kimi-niwa-todokanai	2025	RELEASING	
kimi-to-apocalypse	2025	FINISHED	2025
kimi-to-natsu-no-naka	2025	RELEASING	
kimiiro-raibaa	2025	RELEASING	
kine-1-no-hitori-de-kinema	2025	RELEASING	
kinkon-tosa-nikki	2025	-	
kinsou-no-verumeiyu	2025	RELEASING	
kinyou-no-yoru-wa-bodoge-to-kimi-to	2025	FINISHED	2026
kiraware-majo-reijou-to-dansou-ouji-no-konyaku	2025	FINISHED	2025
kiraware-tsuma-wa-eiyuu-shogun-to-rikon-shitai	2025	-	
kirawaremono-no-shirobuta-reijou-no-makimodori-nidome-no-jinsei-wa-shippai-shimasenwa	2025	-	
kirishima-gakuen-seitokai-shikkoubu	2025	RELEASING	
kiruao	2025	FINISHED	2025
kisaki-to-kawa	2025	RELEASING	
kisaragi-ibun	2025	FINISHED	2025
kishibe-rohan-wa-ugokanai	2025	RELEASING	
kishin-kakka-no-migawari-hanayome	2025	RELEASING	
kissa-koudou-to-jinkaku	2025	-	
kissa-rougoku	2025	RELEASING	
kisu-yori-saki-ni-chikaimasu	2025	RELEASING	
kitaguni-yurayura-kikou	2025	RELEASING	
kitchen-ni-sumitai	2025	-	
kitsune-no-mado	2025	RELEASING	
kitsune-to-sensha-to-ougon-to	2025	RELEASING	
kizuato-oujihi-wa-shiawase-ni-naritai	2025	FINISHED	2025
knights-of-scarlet	2025	-	
koala-enikki	2025	RELEASING	
kochira-koukyuu-hikage-no-uranai-beya	2025	RELEASING	
kodama-maria-bungaku-shuusei	2025	RELEASING	
kodoku-na-majo-ha-hikikomori-zetsurin-ouji-ni-maiban-ikasare-dekiai-sareteimasu	2025	-	
koharu-to-minato	2025	RELEASING	
koi-kara-wa-nigerarenai	2025	-	
koi-no-jinro-game	2025	FINISHED	2025
koi-no-mebiusu	2025	RELEASING	
koi-no-wakiyaku	2025	FINISHED	2024
koi-toka-yume-toka-tententen	2025	RELEASING	
koigokoro-ni-kurushimu-ouhi-wa-ikoku-no-kusushi-outaishi-ni-kyuuai-dekiaisareru	2025	RELEASING	
koisuru-mae-ni-amai-hatsujou	2025	FINISHED	2024
koisuru-tetsumenpi	2025	RELEASING	
koitsu-wa-dame-da-to-shitte-iru-vii-ensemble	2025	-	
kojiin-tamer	2025	RELEASING	
kokage-chan-wa-koi-no-noroi-ni-maketakunai	2025	-	
kokkyou-no-yuusha-echo	2025	-	
kokou-no-ou-to-hidamari-no-hanayome-ga-saikou-no-fuufu-ni-naru-made	2025	RELEASING	
kokuen-no-ou-zeruku	2025	FINISHED	2025
kokuminteki-idol-ga-otouto-ni-nattara	2025	FINISHED	2025
kokuu-no-tsuki	2025	FINISHED	2025
kondo-wa-suki-ni-ikitakatta-noni-reikoku-koutaishi-sama-no-dekiai-ga-tomarimasen	2025	FINISHED	2024
konkafe-jou-wa-koi-o-kiru	2025	FINISHED	2025
konna-ni-etchi-de-gomennasai	2025	FINISHED	2025
kono-boukensha-jinruishi-saikyou-desu	2025	RELEASING	
kono-inu-tokitara-mago-no-koto-shika-kangaete-inai	2025	-	
kono-koi-o-itsuka-kitto-koukai-suru	2025	FINISHED	2025
kono-koi-o-mou-shitteru	2025	-	
konohana-ki-tan	2025	RELEASING	
konyaku-haki-da-hatsujou-seijo	2025	RELEASING	
konyaku-haki-o-neratte-kioku-soushitsu-no-furi-o-shitara-sokkenai-taido-datta-konyakusha-ga-kioku-o	2025	RELEASING	
konyaku-haki-sareta-kuuki-na-watashi-nariagari-no-danna-sama-ni-totsugimashita	2025	-	
konyaku-haki-shita-kizumono-reijou-wa-chiyujutsushi-ni-deshiiri-shimasu-comic	2025	-	
konyaku-haki-shite-sashiagemasu-wa	2025	-	
konyaku-haki-wa-honmou-desu-seijo-no-chikara-ga-kaika-shita-node-watashi-wa-jiyuu-ni-kurashimasu	2025	RELEASING	
konyaku-kaihi-no-tame-koe-o-dasanai-to-kimemashita	2025	RELEASING	
koori-mahou-no-aisuya-san-wa-atsugari-shinkan-sama-no-go-hiiki-desu	2025	RELEASING	
kore-ga-koi-da-to-shitte-iru	2025	-	
kore-ga-mahoutsukai-no-kirifuda	2025	FINISHED	2025
kore-kara-dandan-shiawase-ni-natte-iku-kowai-onna-joushi	2025	RELEASING	
korogaru-onna-to-koi-no-numa	2025	-	
kotodama-kanaete-tokie-sensei	2025	FINISHED	2025
kotoshi-no-mitsuishi-san-wa-dokoka-okashii	2025	RELEASING	
kou1-desu-ga-isekai-de-joushu-hajimemashita	2025	RELEASING	
kouchuugun-shikan-boukensha-ni-naru	2025	RELEASING	
kougei-shokunin-wa-sekando-life-o-ouka-suru	2025	-	
koujo-denka-no-katei-kyoushi	2025	RELEASING	
koukyuu-ichiban-no-akujo	2025	FINISHED	2025
koumakan-no-onnatachi	2025	RELEASING	
koushaku-chakunan-koushoku-monogatari	2025	RELEASING	
koushaku-sama-akusai-no-watashi-wa-mou-houtte-oite-kudasai	2025	RELEASING	
koushakuke-ni-umarete-shonichi-ni-atotsugi-shikkaku-no-rakuin-o-osaremashita-ga-kyou-mo-genki-ni	2025	RELEASING	
koushakuke-no-aisare-nise-youjo	2025	RELEASING	
koutaishi-to-konyaku-shitara-yomei-ga-10-nen-ni-chijinda-node-nazotoki-hajimemasu	2025	RELEASING	
koutei-heika-no-senzoku-shisho-hime	2025	RELEASING	
koutei-to-chouki-wa-naka-ga-owarui	2025	-	
kouun-ouji-to-fuun-reijou-ga-sousai-kekkon-shitara-dekiai-ga-hajimarimashita	2025	-	
koyoi-anata-to-hitamuki-midara	2025	RELEASING	
kuchi-hatchoubori	2025	-	
kuizume-youhei-no-gensou-ki-tan	2025	RELEASING	
kuma-kuma-kuma-bear-gaiden-yuna-no-yorimichi-techou	2025	RELEASING	
kuma-no-muchauma-nikki	2025	-	
kuraudo-kuraunzu	2025	RELEASING	
kuro-kishi-sama-no-oki-ni-mesu-mama	2025	FINISHED	2024
kuro-no-senki-2	2025	-	
kurosaki-kun-wa-dokusen-shitagaru	2025	FINISHED	2025
kurourenke-no-jinanbou-comic	2025	-	
kusa-mahoushi-kuroe-no-nidome-no-jinsei	2025	RELEASING	
kuso-kimo-catharsis	2025	-	
kuso-kuso-kuso-kuso-kuso-hero	2025	RELEASING	
kutabire-salaryman-na-ore-nananenburi-ni-saikai-shita-bishoujo-jk-to-dousei-o-hajimeru	2025	RELEASING	
kuufuku-na-bokura	2025	RELEASING	
kuuki-ga-yomeru-shinnyuu-shine-to-buaiso-na-senpai	2025	-	
kuzuless-oblige	2025	-	
kyatapirando	2025	RELEASING	
kyoto-umezaki-ayame-no-totsugisaki	2025	FINISHED	2025
kyou-de-anata-o-wasuremasu-dakara-douzo-oshiawase-ni	2025	-	
kyou-mo-hajime-senpai-ga-sukisugiru	2025	RELEASING	
kyou-no-nekomura-san	2025	FINISHED	2016
kyoudai-seido-no-aru-yankee-gakuen-de-kyou-mo-chigiri-o-semararetemasu	2025	RELEASING	
kyouen-no-kikai-houki	2025	FINISHED	2024
kyoufu-buta-no-machi-hino-hideshi-animal-works	2025	-	
kyouryoku-suru-yone-haizaki-kun	2025	-	
kyouryuu-hajimemashita	2025	RELEASING	
kyouseiteki-ni-akuyaku-reijou-ni-sareteita-no-de-mazu-wa-okayu-o-tabeyou-to-omoimasu	2025	RELEASING	
kyoushi-no-orera-wa-shitemo-ii-desho	2025	RELEASING	
kyuutei-kajishi-no-shiawase-na-nichijou	2025	RELEASING	
kyuutei-madoushi-tsuihousareta-dekiaisareru	2025	-	
l-dk-pink	2025	-	
landreaall	2025	RELEASING	
late-no-yuruui-tensei-seikatsu	2025	RELEASING	
leende-koku-monogatari	2025	RELEASING	
let-s-go-nirvana	2025	RELEASING	
level-0-no-munou-tansakusha-to-sagesumaretemo-jitsu-wa-sekai-saikyou-desu	2025	RELEASING	
level-1-dakedo-yuniiku-skill-de-saikyou-desu	2025	RELEASING	
level-no-gainen-ga-nai-sekai-de-ore-dake-ga-zen-jidou-level-appu	2025	-	
level-reset	2025	RELEASING	
lingerie-plump	2025	FINISHED	2024
link-like-love-live	2025	-	
lip-service	2025	RELEASING	
local-joshi-no-tooboe	2025	RELEASING	
loop-7-kaime-no-akuyaku-reijou-wa-mototekikoku-de-jiyuu-kimama-na-hanayome-seikatsu-o-mankitsu-suru	2025	RELEASING	
love-bullet	2025	RELEASING	
love-jakusha-no-bibouroku	2025	-	
love-no-jugyou	2025	RELEASING	
love-sureivu	2025	RELEASING	
love-survival-riaritei-show-ni-kita-hazu-ga-real-survival-desu-game-o-ikinuku-koto-ni-narimashita	2025	-	
lullaby-bye-lily	2025	FINISHED	2025
m-rchen-girl-runs	2025	RELEASING	
machigai-shoukan	2025	RELEASING	
machigatta-ko-o-mahou-shoujo-ni-shiteshimatta	2025	RELEASING	
madame-joker	2025	RELEASING	
magan-no-akuyaku-ni-tensei-shita-node-oshi-chara-o-mimamoru-mob-o-mezashimasu	2025	RELEASING	
magmell-shinkai-suizokukan	2025	RELEASING	
magyaku-na-futari-wa-dounimo-dekinai	2025	-	
mahou-shoujo-misoji	2025	RELEASING	
mahoutsukai-no-hanzai-sousa	2025	FINISHED	2025
mahoutsukai-no-yome-danpenshuu	2025	RELEASING	
maid-hirotta	2025	RELEASING	
maid-san-wa-taberu-dake	2025	RELEASING	
maigo-no-onnanoko-o-ie-made-todoketara-genkan-kara-detekita-nowa-gakunen-ichi-no-bishoujo-deshita	2025	RELEASING	
mainichi-haru-chan	2025	-	
majimekei-tennen-reijou-wa-toshishita-ouji-no-omoi-ni-kizukanai	2025	RELEASING	
majo-ni-kubiwa-wa-tsukerarenai	2025	FINISHED	2025
majo-no-suupu	2025	-	
makai-no-aisare-shiiiioo-wa-moto-yuusha	2025	-	
make-no-ohime-sama	2025	FINISHED	2024
maken-gishi-bakkasu	2025	RELEASING	
makikomare-shoukan-soshite-watashi-wa-kami-deshita	2025	RELEASING	
mame-to-mugi	2025	RELEASING	
mamono-o-shitagaeru-teiin-o-motsu-tensei-kenja	2025	RELEASING	
manadeshi-ni-uragirarete-shinda-otsu-san-yuusha-shijou-saikyou-no-maou-to-shite-ikikaeru	2025	RELEASING	
manga-sadou	2025	RELEASING	
manga-sekai-wa-rensaichuu	2025	-	
manga-yufuin-kikou	2025	-	
manshuu-ahen-squad	2025	RELEASING	
maooeru	2025	FINISHED	2024
maou-evelogia-ni-mi-o-sasageyo	2025	RELEASING	
maou-gakuen-no-hangyakusha	2025	FINISHED	2025
maou-ni-natta-node-dungeon-tsukutte-jingaimusume-to-honobono-suru	2025	RELEASING	
maou-no-musume-sugoku-choroi	2025	FINISHED	2025
maou-no-musume-wa-yasashisugiru	2025	FINISHED	2025
maou-sama-retry-r	2025	RELEASING	
maou-to-yuusha-ga-jidai-okure-ni-narimashita-comic	2025	RELEASING	
maou-to-yuusha-shika-inai-sekai	2025	RELEASING	
mashou-no-otome-no-yakumawari	2025	FINISHED	2025
mask-o-totta-kanata-kun-wa-etchi-de-dekiai-de-chotto-haraguroi	2025	-	
masurao-no-ningyo-hime	2025	FINISHED	2025
matsurika-kanriden	2025	-	
mattaku-saikin-no-tantei-to-kitara	2025	RELEASING	
mayonaka-no-ore-o-mite	2025	RELEASING	
mayonaka-punch	2025	FINISHED	2025
mayuri-san-no-iru-sentou	2025	RELEASING	
mazoku-no-pet-ni-narimashite	2025	-	
me-ga-sameru-to-hyakunengo-no-koukyuu-deshita	2025	FINISHED	2025
me-no-mae-no-kami-sama	2025	RELEASING	
megami-eleven	2025	-	
megami-haiboku	2025	RELEASING	
megarosalia	2025	RELEASING	
megumi-no-daigo-kyuukoku-no-orange	2025	RELEASING	
megumi-to-tsugu-mi	2025	RELEASING	
meidesu-maid-jigoku-no-senjou-ni-tensou-dekiaisareru-koyuu-no-gomi-shuushuu-mahou-de-saijaku-class	2025	RELEASING	
meikon-of-za-dead	2025	FINISHED	2025
meikyuu-gurashi-no-boukensha-wa-dungeon-master-o-yametai	2025	RELEASING	
meikyuu-metro	2025	-	
meimeimeishoku-seiiki	2025	FINISHED	2024
mental-tsuyome-bijo-shirakawa-san	2025	RELEASING	
mentsuyu-hitori-meshi	2025	-	
meoto-de-safari	2025	RELEASING	
meshitaki-onna-ni-yakuza-no-ai-wa-omosugiru	2025	RELEASING	
metorare-kon	2025	-	
migawari-romantica	2025	-	
mikado-kun-kyou-mo-biju-ga-ii-desu-ne	2025	-	
mikiri-kara-hajimeru-garyuu-kenjutsu	2025	RELEASING	
mikkoku-koukan-app	2025	RELEASING	
minami-kun-wa-sono-koe-ni-jirasaretai	2025	RELEASING	
minikui-yuukaku-no-ko	2025	RELEASING	
miotsukushi	2025	RELEASING	
misokagokoro	2025	FINISHED	2024
missing-hino-2023	2025	FINISHED	2025
mister-quattro	2025	-	
misutaa-marou-blue	2025	FINISHED	2025
mitsuka	2025	RELEASING	
mitsuru-quest	2025	FINISHED	2025
mitsusou	2025	-	
miyaou-tarou-ga-neko-o-kau-nante	2025	FINISHED	2025
miyu-chan-wa-zutto-tomodachi	2025	RELEASING	
mizu-no-soko-nimo-haru-wa-kuru	2025	RELEASING	
mizukoshi-kun-wa-futtou-shitakunai-noni	2025	-	
mizuno-shinobu-no-risou-no-love	2025	FINISHED	2024
mob-douzen-no-akuyaku-reijou-wa-dansou-shite-kouryaku-taishou-no-za-o-comic	2025	RELEASING	
mobile-suit-gundam-seed-furiidamu-asutorei	2025	-	
mobile-suit-gundam-thunderbolt	2025	FINISHED	2025
mobile-suit-gundam-varupurugisu-ivu	2025	FINISHED	2025
mobu-dakedo-saikyou-o-mezashimasu	2025	RELEASING	
mobu-kara-mita-biieru	2025	FINISHED	2025
mobu-oshi-jieikee-no-akuyaku-reijou-isekai-tensei-hi-san	2025	RELEASING	
mobugao-reijou	2025	-	
moekare-wa-orenjiiro	2025	RELEASING	2026
mofumofu-majuu-to-heion-ni-kurashitai-node-kowamote-koushaku-no-kyuukon-wa-okotowari-desu	2025	FINISHED	2025
mogu-land	2025	FINISHED	2026
momo-to-manji	2025	FINISHED	2025
momochi-san-no-ayakashi-ouji-tsugu	2025	FINISHED	2025
mondai-darake-no-mahoutsukai	2025	RELEASING	
mono	2025	RELEASING	
mononoke-onpareedo	2025	RELEASING	
monster-no-goshujin-sama	2025	RELEASING	
monster-no-niku-o-kutteitara-oui-ni-tsuita-ken	2025	RELEASING	
moshimo-cheat-shousetsu-no-shujinkou-ga-ukkari-hito-o-koroshitara	2025	RELEASING	
mosukuwa-2160	2025	RELEASING	
mote-haru-nee-ashiya-kun	2025	RELEASING	
moth-no-iru-nichijou	2025	RELEASING	
moto-akuyaku-reijou-makimodotta-no-de-ouji-sama-kara-tousou-shiyou-to-omoimasu	2025	RELEASING	
moto-saikyou-kouryakusha-nozomanu-dungeon-haishin-de-musou-shite-shimau	2025	-	
moto-yan-ooeru-wa-kojirase-elite-no-iinari-omocha	2025	-	
mousou-sister-demo-shounen-shuudoushi-ni-koi-shite-ii-desu-ka	2025	FINISHED	2025
muboubi-kawaii-pajama-sugata-no-bishoujo-to-heya-de-futari-kiri	2025	RELEASING	
mudameshigurai-nintei-sareta-node-aiso-o-tsukashi-teikoku-ni-utsutte-shusse-suru	2025	RELEASING	
mugen-no-skill-getter	2025	FINISHED	2025
mugen-seichou-no-card-tsukai	2025	-	
mujihi-na-8bit	2025	FINISHED	2024
mujikaku-seijo-wa-kyou-mo-muishiki-ni-chikara-o-tarenagasu	2025	RELEASING	
mukan-no-kishi-youjo-ni-tensei-suru	2025	FINISHED	2025
mukasete-ryuugasaki-san	2025	RELEASING	
muku-kano	2025	RELEASING	
mukuwarenakatta-murabito-ee-kizoku-ni-hirowarete-dekiai-dekiaisareru-ue-ni-jitsu-wa-motte-ita	2025	RELEASING	
multiverse-no-watashi-koi-shite-ii-desu-ka	2025	FINISHED	2025
munou-nintei-de-boukensha-kubi-ni-natta-kara-jimoto-ni-kaettekita-kekkon-suru	2025	FINISHED	2024
munouna-nana	2025	RELEASING	
murabito-tensei	2025	RELEASING	
mushoku-no-eiyuu	2025	RELEASING	
mushoku-no-saikyou-kenja	2025	FINISHED	2025
musume-ja-nakute-mama-ga-suki-nano	2025	RELEASING	
muu-chan-to-te-o-tsunaide	2025	RELEASING	
nadenade-skill-de-maryoku-chuunyuu	2025	RELEASING	
nageki-no-bourei-wa-intai-shitai	2025	RELEASING	
nagi-no-oitoma	2025	FINISHED	2025
naiki-komori-no-hikikomogomo-seikatsu	2025	RELEASING	
nami-o-tadotta-saki-ni	2025	RELEASING	
nanami-san-no-obake-seikatsu	2025	-	
nande-momo-san-wa	2025	-	
nandemo-iikara-kiete-kure	2025	RELEASING	
nanimo-shiranai-kedo-kimi-ga-suki	2025	FINISHED	2024
nankuru-nannai	2025	RELEASING	
naraku-no-hoshi	2025	RELEASING	
naruse-chiyuri-wa-kosuritai	2025	RELEASING	
naruse-wa-tenka-o-tori-ni-iku	2025	RELEASING	
nasakenaize-mouri	2025	FINISHED	2025
natsumikan-hayato-no-round-lesson	2025	-	
natsuno-no-kyou	2025	RELEASING	
nayameru-bengoshi-no-karei-naru-joshu	2025	RELEASING	
naze-boku-no-sekai-o-daremo-oboete-inai-noka	2025	FINISHED	2025
naze-esu-s-bijo-tachi-no-wadai-ni-ore-ga-agaru-ken	2025	RELEASING	
neko-banashi-pandania-2020	2025	RELEASING	
neko-dakara-ne	2025	-	
neko-de-kataru-kaii	2025	-	
neko-ga-4-hiki-iru-kurashi	2025	-	
neko-jizou	2025	-	
neko-koushaku-sama-wa-osewa-gakari-o-aigan-shitakute-tamaranai	2025	FINISHED	2025
neko-mix-maboroshi-ki-tan-toraji	2025	RELEASING	
neko-monster	2025	RELEASING	
neko-ni-wagamama	2025	RELEASING	
neko-no-oshigoto	2025	RELEASING	
neko-to-ryuu	2025	RELEASING	
nekoe-juubei	2025	RELEASING	
nekokaburi-encore	2025	FINISHED	2025
nekokaburi-reijou-aria-no-koubou	2025	FINISHED	2025
nekomesou-no-makanai-gohan	2025	FINISHED	2025
nene-no-kekkon	2025	-	
neo-cat	2025	RELEASING	
netooku-otoko-no-tanoshii-isekai-boueki	2025	-	
netorare-manga-no-kuzu-otoko-ni-tensei-shita-hazu-ga-heroine-ga-yotte-kuru-ken	2025	RELEASING	
netoraretemo-anata-no-kanojo	2025	RELEASING	
next-life	2025	RELEASING	
nezumi-royale	2025	RELEASING	
ni-no-kuni-no-hikitsugisho	2025	-	
nibante-no-onna	2025	RELEASING	
nichi-nichi-sora-no-tayori	2025	FINISHED	2026
nido-tensei-shounen-wa-s-rank-boukensha-to-shite-heion-ni-sugosu	2025	RELEASING	
nidome-no-propose	2025	-	
nigasanaiyo-fukuroji-kun	2025	RELEASING	
nightmare-busters	2025	FINISHED	2025
nihonkoku-shoukan	2025	RELEASING	
nijiiro-campus-life-kari	2025	FINISHED	2025
nijimikomu-rinjin	2025	-	
nike-goddesu-obu-vikutorii-sweet-encount	2025	-	
nikokei-ikari-no-manga-deka	2025	FINISHED	2025
nikukai-no-shoujiru-mura-nite	2025	RELEASING	
nimotsumochi-no-noukin-musou	2025	FINISHED	2024
ningyouhime-ha-migawari-ni-koori-no-ouji-no-moto-he-totsugu	2025	-	
ninja-dakedo-ooeru-yattemasu	2025	-	
ninja-to-koroshiya-no-futari-gurashi	2025	RELEASING	
ninkatsu-keiyaku-de-hajimete-o-sasagetara-gouin-shachou-no-dokusenyoku-o-aotte-dekiai	2025	-	
ninzuu-awase-de-goukon-ni-sanka-shita-ore-wa-naze-amarimono-ni-natteta-moto-ninki-idol-de-kokuhou	2025	RELEASING	
nippon-no-tsuki-wa-maruku-mieru	2025	-	
nise-seijo-kuso-obu-za-iyaa	2025	FINISHED	2025
nisemono-seijo-wa-unmei-o-kutsugaesu	2025	FINISHED	2025
nishuume-cheat-no-tensei-madoushi	2025	RELEASING	
nitadori-kyouju-no-kawaii-waruagaki	2025	-	
nonogaki-san-wa-nakayoku-shitai	2025	RELEASING	
noroware-koushaku-to-suterareta-hanayome-no-saiaikon	2025	-	
nou-aru-fujin-wa-rien-todoke-o-tatakitsukeru	2025	-	
nou-aru-ooga-wa-tsuno-o-kakusu	2025	FINISHED	2025
nuance-tone	2025	FINISHED	2025
nuclear	2025	RELEASING	
numumo-san-to-nponu-kun	2025	FINISHED	2017
nureginu-de-tsuihousareta-sareta-saikyou-kaijushi-maboroshi-no-kodai-oukoku-o-saikou-sasete-musou	2025	RELEASING	
nureginu-reijou-no-yarinaoshi-kekkon-seikatsu	2025	-	
nyaight-of-the-living-cat	2025	RELEASING	
occult-isekai-banashi	2025	-	
ochibure-zeus-to-dorei-no-ko	2025	RELEASING	
ochikobore-kishidan-wa-sukebesukiru-de-nariagarimasu	2025	RELEASING	
ochikobore-koryuu-no-endan	2025	-	
ochikobore-taimashi-wa-isekai-kaeri-de-saikyou-to-naru	2025	RELEASING	
ochikobore-yuusha-to-rikka-no-majo	2025	RELEASING	
ochita-kensei-fushin-ni-hirowareru	2025	RELEASING	
ochite-oborete-nomikonde-yandere-osananajimi-no-midara-na-kyouai	2025	-	
odebu-akujo-ni-tensei-shitara-naze-rasubosu-ouji-sama-ni-shuuchaku-sarete-imasu	2025	RELEASING	
odekakesaki-wa-isekai-desu-ka	2025	RELEASING	
odoriba-ni-skirt-ga-naru	2025	FINISHED	2025
oedo-oekaki-oji-san-utakuni	2025	FINISHED	2025
ohitoyoshi-akuyaku-reijou-no-fukushuu-keikaku	2025	FINISHED	2025
ohmygod	2025	FINISHED	2025
oji-kun-to-mei-chan	2025	FINISHED	2024
okaeri-papa	2025	RELEASING	
okane-ga-daisuki-na-heimin-no-watashi-wa-hikutsu-kizoku-to-keiyaku-kekkon-shite-aishi-aisaremasu	2025	RELEASING	
okazari-ouhi-ni-natta-node-kossori-hataraki-ni-deru-koto-ni-shimashita	2025	RELEASING	
okiraku-reijou-wa-konyaku-haki-ni-hokusoemu	2025	-	
oku-made-nurechau-zetsurin-douki-to-kaikan-eichi	2025	RELEASING	
okuchi-ga-etchi-na-jakuten-datte-rival-no-elite-douryou-ni-barete-shimaimashita	2025	RELEASING	
omae-imouto-janakute-iinazuke-datta-no-kayo	2025	FINISHED	2025
omae-wa-ore-no-mono-daro	2025	-	
omega-no-ore-ga-seiryaku-kekkon	2025	FINISHED	2023
omega-reijou-jouyoku-no-ori	2025	RELEASING	
omi-kunchi-wa-ne	2025	-	
omiai-ni-sugoi-komyushou-ga-kita	2025	FINISHED	2025
onaji-girumen-no-koe-ga-suki	2025	RELEASING	
onban-kikou	2025	RELEASING	
onee-sama-to-watashi	2025	RELEASING	
onii-chan-kara-nigerarenai	2025	FINISHED	2025
onii-chan-tachi-ni-ki-o-tsukete	2025	-	
onikogi	2025	-	
oniyaku	2025	RELEASING	
onna-hokusai-daizaiki	2025	FINISHED	2025
onna-katchuu-kishi-san-to-boku	2025	RELEASING	
onnanoko-no-ken-o-teni-ireta	2025	RELEASING	
onzoushi-wakeari-no-shomin-o-oki-ni-mesu	2025	RELEASING	
ookami-kun-no-ai-wa-chotto-fukigen	2025	FINISHED	2024
ookami-to-haru-no-uta	2025	RELEASING	
ookami-to-koushinryou-spring-log	2025	RELEASING	
ookii-ganbare-douki-chan	2025	FINISHED	2023
ookiku-nattara-onnanoko	2025	FINISHED	2025
ore-dake-tsukaeru-kodai-mahou	2025	-	
ore-isekai-de-torotoro-ni-aisarechattemasu	2025	-	
ore-janee-to-dame-na-kuseni	2025	RELEASING	
ore-no-ero-haishin-ga-barete-joushi-ni-hameraretemasu	2025	RELEASING	
ore-no-gakkou-dewa-maishuu-desu-game-ga-okonawarete-iru	2025	RELEASING	
ore-no-haitoku-meshi-o-onedari-sezu-ni-irarenai-otonari-no-toppu-idol-sama	2025	RELEASING	
ore-no-imouto-ni-kateru-ki-ga-shinee	2025	FINISHED	2025
ore-no-omocha-wa-shinyuu-ni-tsunagatte-iru	2025	RELEASING	
ore-wa-subete-o-parii-suru	2025	-	
oritsue-taishi-no-isekai-kurimusu-survival-nisshi	2025	RELEASING	
orizuru	2025	FINISHED	2025
orokamono-no-mibun	2025	FINISHED	2025
osake-no-tame-ni-otomege-setting-o-buchikowashita-kekka-akuyaku-reijou-ga-cheat-reijou-ni	2025	FINISHED	2025
osanago-wa-saikyou-no-tamer-da-to-kizuite-imasen	2025	-	
osananajimi-kara-no-amasugiru-kyuukon-ga-tomarimasen	2025	FINISHED	2024
osananajimi-no-kokoro-no-koe-wa-suki-de-afureteru	2025	-	
osananajimi-no-moto-gokudou-shachou-kara-no-hiru-mo-yoru-mo-hatenai-mouai-ni-sakaraemasen	2025	-	
oshi-kimono	2025	FINISHED	2022
oshi-koi	2025	-	
oshi-korosu	2025	FINISHED	2025
oshi-ni-ninchi-shite-morau-tame-ni-idol-hajimemashita	2025	-	
oshi-no-jinsei-watashi-no-isshou	2025	RELEASING	
oshikyara-ouji-to-kojirase-etchi	2025	-	
otogi-no-hako-no-reto	2025	RELEASING	
otoko-4-ryou-seitai-kiroku	2025	RELEASING	
otoko-ga-horonda-sekai	2025	-	
otokogi-2025	2025	FINISHED	2025
otokoun-ga-ii-rank-nanode-isekai-no-yamiochi-kami-sama-ni-metoraremashita	2025	FINISHED	2025
otome-no-teikoku	2025	FINISHED	2025
otome-shikou-no-uzurai-kun	2025	RELEASING	
otona-no-susume	2025	RELEASING	
otona-wa-ijime-o-yamerarenai	2025	RELEASING	
otonari-no-downer-san-wa-muri-sasenai	2025	RELEASING	
otonari-no-onee-san-wa-shitai	2025	RELEASING	
otonatachi-no-mun-to-kuru-sei-taiken-ohanashi-shimasu	2025	-	
otou-san-isshoni-asobo	2025	FINISHED	2025
otouto-no-kyorikan-ga-baguttemasu	2025	RELEASING	
otoyomegatari	2025	RELEASING	
otsu-chan-boukensha-no-senya-ichiya	2025	-	
otsu-san-ga-zako-chara-ni-tensei-surumo-ippashi-o-mezasu	2025	-	
otsukare-sama-kurose-kun	2025	FINISHED	2025
otto-ga-itemo-dareka-o-sukininatteiidesuka	2025	-	
ou-taishihi-ni-nante-nari-takunai	2025	FINISHED	2022
ouji-na-kishidanchou-wa-yakusouzuki-no-reijou-o-dekiai-shite-metoritai	2025	FINISHED	2025
ouji-sama-kore-wa-gohoubi-dewa-arimasen	2025	RELEASING	
ouritsu-mahou-toshokan-no-joumae-ni-tenshoku-suru-koto-ni-narimashite	2025	-	
ouritsu-toshokan-no-harinezumi	2025	-	
outer-q	2025	RELEASING	
outo-no-ikidomari-cafe-kakurega	2025	RELEASING	
oya-ga-saikon-shite-kyuu-ni-imouto-ga-dekita	2025	-	
pachinko	2025	RELEASING	
papa-kari-wa-komando-nante-hoshikunai	2025	-	
paranoma	2025	RELEASING	
pari-1921	2025	FINISHED	2025
party-kara-tsuihousareta-sareta-sono-chiyushi-jitsu-wa-saikyou-ni-tsuki	2025	RELEASING	
pawahara-genkai-yuusha-maougun-kara-koutaiguu-de-sukauto-dekiaisareru-yuusha-ranking-1-i-nanoni	2025	RELEASING	
peace-in-hand	2025	RELEASING	
perfect-domination	2025	RELEASING	
piano-ga-nakereba-tada-no-gomi	2025	RELEASING	
pierrot-man	2025	FINISHED	2025
pink-heart-jam-beat	2025	RELEASING	
pittosporum	2025	RELEASING	
pokapoka-taiwan	2025	FINISHED	2025
ponkotsu-outaishi-no-mobu-ane-joou-rashiikedo-akuyaku-reijou-ga-kawaisou-nanode-tasukeyou-to	2025	RELEASING	
ponkotsu-reijou-ni-tensei-shitara-mofumofu-kara-ouji-no-meshiuma-yome-ni-ninmei-saremashita	2025	-	
quartz-no-oukoku	2025	FINISHED	2025
rabu-story-o-oikakete	2025	-	
radical-hospital	2025	-	
raidorl-seiken-senki	2025	RELEASING	
rakudai-kenja-no-gakuin-musou	2025	RELEASING	
rakuin-no-kemonobito	2025	RELEASING	
rasubosu-tachi-no-kakushi-go	2025	FINISHED	2025
raw-blue-no-hyouhon	2025	RELEASING	
re-virgin	2025	-	
reijou-wa-mattari-o-goshomou	2025	RELEASING	
reikan-doubutsu-tanteisha	2025	-	
reiketsu-ryuuou-heika-no-unmei-no-tsugai-rashii-desu-koukyuu-ni-hikikomorou-to-omoimasu	2025	RELEASING	
reitetsu-onzoushi-to-seiryaku-kekkon-shitara-dekiai-de-tokasarete-migomori-tsuma-ni-narimashita	2025	-	
reitetsu-shachou-no-shitsuai-propose	2025	FINISHED	2024
reliance	2025	FINISHED	2025
renkinjutsu-iie-item-gousei-desu	2025	-	
revenge-wedding	2025	FINISHED	2025
revival	2025	-	
rhapsody-in-red	2025	RELEASING	
ride-on-king	2025	FINISHED	2025
rikan-koukoku-hikikomori-zuichouhi-den	2025	RELEASING	
rin-to-hanasaku-majo-no-koi	2025	RELEASING	
ringoku-ni-koshiire-shita-joou-tsuki-mofumofu-jijo-desu-hontou-no-joou-wa-watashi-nandesu	2025	RELEASING	
rock-in-soul	2025	RELEASING	
rock-wa-lady-no-tashinami-deshite	2025	RELEASING	
roguauto-shita-no-wa-buiaaruemuemuoo-ja-naku-honmono-no-isekai-deshita	2025	FINISHED	2025
romancing-saga-2	2025	-	
romeria-senki	2025	RELEASING	
rouninsei-to-eroi-yatsu	2025	FINISHED	2025
ruby-onza-cake	2025	RELEASING	
ruchiru-kuootsu-no-taikan	2025	RELEASING	
ryojou-mystery-file	2025	-	
ryousha-no-ikemen-douryou-wa-shikou-no-playmate	2025	FINISHED	2024
ryuu-to-ayumu-nariagari-boukensha-dou	2025	RELEASING	
ryuukishi-senmon-gakkou	2025	-	
ryuuou-ni-hirowarete-mahou-o-kiwameta-shounen-tsuihousareta-o-iiwatashita-kazoku-no-mae-de-ukkari	2025	RELEASING	
s-o-v	2025	FINISHED	2025
sabori-nara-hokenshitsu-de-douzo	2025	FINISHED	2025
sachi-to-yuuka	2025	RELEASING	
sagesumareta-reijou-wa-daini-no-jinsei-de-akogare-no-renkinjutsushi-no-michi-o-erabu	2025	RELEASING	
sagishi	2025	RELEASING	
sahara-no-koufukusha	2025	RELEASING	
sahashi-kun-no-ayakashi-hiyori	2025	RELEASING	
saiaku-no-avalon	2025	RELEASING	
saibai-cheat-de-saikyou-saien	2025	FINISHED	2026
saibai-megami	2025	RELEASING	
saigo-ni-hitotsu-dake-onegai-shitemo-yoroshii-deshouka	2025	RELEASING	
saihate-no-solte	2025	RELEASING	
saijaku-na-boku-wa-kabenuke-bagu-de-nariagaru	2025	RELEASING	
saikyou-majutsushi-no-ijou-naru-toubou-seikatsu	2025	-	
saikyou-no-kanteishi-tte-dare-no-koto-manpukugohandeisekaiseikatsu	2025	RELEASING	
saikyou-no-onna-youhei	2025	RELEASING	
saikyou-skill-inochigoi-de-kuyashii-kedo-musou-shichau-moto-maou-sama-no-sekai-seifuku-katsudou	2025	RELEASING	
saikyou-wa-inaka-nouka-no-otsu-san-deshita	2025	RELEASING	
saikyou-yuusha-party-wa-ai-ga-shiritai	2025	RELEASING	
saint-seiya-meiou-iden-dark-wing	2025	-	
saitei-chara-ni-tensei-shita-ore-wa-ikinokoritai	2025	RELEASING	
saitsuyo-akuyaku-reijou-nikki	2025	RELEASING	
saiyaku-wa-boku-o-sukisugiru	2025	RELEASING	
sajou-rihito-no-chichi-to-sono-buka	2025	FINISHED	2025
sakai-miu-no-shoujo-manga-senki	2025	RELEASING	
salvia-no-bouquet	2025	FINISHED	2025
same-wa-sakura-ni-koi-o-suru	2025	FINISHED	2025
samurai-spirits-dai-samurai-tamashii	2025	-	
santai	2025	-	
sarabure	2025	-	
sasada-wa-tomodachi	2025	FINISHED	2024
sasaki-to-pii-chan	2025	RELEASING	
sasen-sareta-munou-kyuutei-mahoutsukai-jitsu-wa-mahou-ga-nakutemo-saikyou	2025	-	
saten-de-3x3	2025	-	
satsuma-tensei	2025	RELEASING	
sayonara-gohan	2025	RELEASING	
sayonara-mini-skirt	2025	RELEASING	
second-marriage-ring	2025	-	
secret-baby-ga-hakkaku-shitara-tensai-gekai-no-shuuchaku-kyuuai-ga-hajimarimashita	2025	-	
secret-share-house	2025	-	
sei-onii-san	2025	RELEASING	
seijo-mellia-to-sennen-oukoku-no-kishi	2025	RELEASING	
seijo-ni-naru-node-nidome-no-jinsei-wa-katte-ni-sasete-moraimasu	2025	RELEASING	
seijo-ni-uso-wa-tsuujinai	2025	RELEASING	
seijun-sentouryoku-1-man-koe-no-douki-to-mieru-watashi	2025	-	
seikatsu-mahoutsukai-no-gekokujou	2025	RELEASING	
seikatsu-majutsushi-tachi-daiseidou-ni-idomu	2025	-	
seikatsu-majutsushi-tachi-majo-no-mori-ni-idomu	2025	-	
seiken-gakuin-no-makentsukai	2025	FINISHED	2025
seikou-tenshi-yarinikuru	2025	RELEASING	
seimei-sama-no-jieikee-hanayome	2025	-	
seisetsu-no-nirvana	2025	FINISHED	2025
seishun-protagonist	2025	RELEASING	
seishun-tetsudou-hisutoriizu	2025	-	
sekai-kaikiroku	2025	-	
sekai-saikyou-no-kishi-wa-kanarazu-shinu-heroine-o-sukuu-tame-isekai-demo-saikyou-no-kishi-to-naru	2025	RELEASING	
sekai-saikyou-no-shinjuu-tsukai	2025	RELEASING	
sekai-sukui-owatta-kedo-kioku-soushitsu-no-onnanoko-hirotta	2025	-	
sekando-virgin-sekando-life	2025	RELEASING	
sekokechi-imouto-ga-subete-o-ushinatta-hanashi	2025	RELEASING	
senjou-no-hito	2025	FINISHED	2025
senma	2025	RELEASING	
senmetsu-madou-no-saikyou-kenja	2025	RELEASING	
senpai-naka-misete	2025	RELEASING	
senritsu-kaiki-fairu-kowasugi	2025	FINISHED	2024
sensei-de-sex-no-renshuu-shite-ii	2025	RELEASING	
sensei-o-abakitai	2025	RELEASING	
senshiya-ichiya-monogatari	2025	-	
sentinel-loverse	2025	FINISHED	2025
senya-senshoku-monogatari	2025	RELEASING	
sesesese	2025	FINISHED	2025
setsujoku-no-hana	2025	-	
setsuna-2025	2025	-	
sexy-sugar-star	2025	-	
shachi-kun-to-uzasugiru-kouhai-no-hanashi	2025	-	
shakoutchi	2025	RELEASING	
shanghai-loser	2025	FINISHED	2025
sharty-to-renkinjutsu-no-machi	2025	FINISHED	2024
shatei-gokuburi-yumi-oji-san	2025	-	
shiawase-ni-kurashitemasu-node-houtte-oite-kudasai	2025	RELEASING	
shiawase-ni-shitara-dame-desu-ka	2025	-	
shiawase-wa-tabete-nete-mate	2025	RELEASING	
shiba-inu-pon-chan-kyou-mo-wagamichi-o-yuku	2025	-	
shibou-flag-o-kaihi-suru-to-maikai-etchi-suru-hame-ni-naru-nowa-doushite-deshou-ka	2025	-	
shiganai-mobu-reijou-nanode-ouji-no-kyuukon-wa-mi-ni-amarimasu	2025	RELEASING	
shihainin-dan-kouichi	2025	-	
shikei-ga-kakutei-shita-tensei-reijou-wa-reitetsu-choukan-no-tsuma-ni-natte-sandome-no-jinsei-o	2025	RELEASING	
shikkaku-seijo-no-gekokujou	2025	FINISHED	2025
shikkokutsukai-no-saikyou-yuusha	2025	RELEASING	
shikoku-ohenro-mankitsu-surechigai-tabi	2025	-	
shikyuu-love	2025	FINISHED	2025
shimanami-potapota	2025	-	
shin-furiten-kun	2025	-	
shin-jigokudou-reikai-tsuushin	2025	RELEASING	
shin-kamen-rider-spirits	2025	FINISHED	2025
shinchousa-35cm-yajuukei-osananajimi-to-musabori-room-shea	2025	RELEASING	
shinigami-koujo-no-kekkon	2025	RELEASING	
shinigami-ni-sodaterareta-shoujo-wa-shikkoku-no-ken-o-mune-ni-idaku	2025	RELEASING	
shinigami-sama-to-oyome-sama	2025	FINISHED	2024
shinigami-yamashita-2025	2025	FINISHED	2025
shinimodori-kishidanchou-wa-hakushaku-reijou-ni-naritai	2025	RELEASING	
shinjitsu-no-ai-o-mitsuketa-to-iwarete-konyaku-haki-sareta-node-fukuen-o-semararetemo-imasara-mou	2025	RELEASING	
shinketsu-no-kyuuseishu	2025	RELEASING	
shinkon-no-iroha-san	2025	RELEASING	
shinkon-quest	2025	RELEASING	
shinmai-renkinjutsushi-no-tenpo-keiei	2025	RELEASING	
shinobu-koi-hodo	2025	RELEASING	
shinsetsu-game-creator-den	2025	RELEASING	
shinu-made-bazuttero	2025	-	
shinya-0-ji-no-antorume	2025	FINISHED	2025
shinya-zangyou	2025	-	
shippo-no-oisha-san	2025	-	
shirobuta-kizoku-desu-zense-no-kioku-ga-haeta-node-hiyoko-na-otouto-sodatemasu-attomaaku-comic	2025	RELEASING	
shiromajo-san-tono-henkyou-gurashi	2025	RELEASING	
shirouto-yankee-kiki-ippatsu-ripurei	2025	FINISHED	2024
shiryoujutsushi-uerutsu-no-heiwaron	2025	RELEASING	
shishi-to-bo-tan	2025	FINISHED	2023
shishoku	2025	-	
shishunki-chan-no-shitsukekata	2025	FINISHED	2025
shitagokoro-ga-yomeru-app	2025	FINISHED	2025
shitasaki-kara-koi	2025	RELEASING	
shitsuji-sebasu-chan-no-shokugyou-jijou	2025	RELEASING	
shiyakusho	2025	RELEASING	
sho-3-ashibe-qq-goma-chan	2025	RELEASING	
shogi-no-watanabe-kun	2025	RELEASING	
shokei-sareta-saikyou-no-gunyou-majutsushi-haisenkoku-no-elf-hime-to-kokka-saikensu	2025	RELEASING	
shokuba-to-jitaku-de-gap-no-aru-papa	2025	RELEASING	
shokugyou-shitateya-tan-tan-to-buiaaruemuemuoo-jikkyou-comic	2025	-	
shokugyou-wa-kanteishi-desu-shingan-tte-nandesu-ka	2025	-	
shokushu-kareshi	2025	-	
shokuzai-no-hanayome-wa-itsuwari-no-konin-ni-oboreru	2025	-	
shorou-no-musume-to-roubo-to-roubyou	2025	-	
shosen-hitogoto-desukara	2025	RELEASING	
shoukan-sareta-kenja-wa-isekai-o-yuku	2025	RELEASING	
shounen-mahoushi-flare-stacks	2025	RELEASING	
shounen-maou-to-yoru-no-maou	2025	-	
shoushinmono-na-veteran-chuunen-boukensha-to-dorei-no-kitsunemimi-shoujo	2025	RELEASING	
shoutai-fumei-to-kyoufu	2025	FINISHED	2025
shukusei-haishin	2025	-	
shukuteki-na-hazu-ga-kare-no-mukidashi-no-dekiai-kara-hanareraremasen	2025	-	
shura-no-toki	2025	RELEASING	
shuu-ni-ichido-classmate-o-kau-hanashi	2025	RELEASING	
shuuchaku-osananajimi-to-pukkuri	2025	-	
shuukatsu-yuusha	2025	RELEASING	
shuumatsu-no-majo-to-doll	2025	RELEASING	
silent-witch	2025	RELEASING	
skeleton-office	2025	FINISHED	2025
skill-saisei-to-hakai-kara-hajimaru-saikyou-boukensha-life	2025	RELEASING	
snack-basue	2025	FINISHED	2025
sobaya-genan	2025	RELEASING	
sono-kao-de-aisanaide	2025	RELEASING	
sono-koe-niwa-aragaenai	2025	FINISHED	2025
sono-rettousei-jitsu-wa-saikyou-kenja	2025	-	
sora-ni-mairu	2025	RELEASING	
sorette-maji-desuka	2025	-	
soro-yoi-sakaba	2025	-	
sorofesshonaru	2025	RELEASING	
sorokyan-numa-no-mineko-san	2025	-	
soshite-hero-to-uso-o-tsuku	2025	RELEASING	
soubi-seisakukei-cheat-de-isekai-o-jiyuu-ni-ikite-ikimasu	2025	RELEASING	
sousou-no-furiiren	2025	RELEASING	
souyoku	2025	-	
souzou-mahou-o-oboete-bannou-de-saikyou-ni-narimashita	2025	FINISHED	2025
souzou-renkinjutsushi-wa-jiyuu-o-ouka-suru	2025	RELEASING	
sozai-saishuka-no-isekai-ryokouki	2025	RELEASING	
spell	2025	FINISHED	2025
spotted-flower	2025	RELEASING	
spy-kyoushitsu-4-bu	2025	RELEASING	
stella-testarossa	2025	RELEASING	
studio-cabana	2025	RELEASING	
succubus-tamer-no-isekai-musou	2025	RELEASING	
suezen-kun-wa-itsumo-oazuke	2025	-	
sugar-girl	2025	FINISHED	2024
suiheisen-wa-yagate-matataku	2025	RELEASING	
suika-wa-shoushika-tantou	2025	FINISHED	2026
suitei-akuyaku-reijou-wa-kuni-ichiban-no-busaiku-ni-totsugasareru-you-desu	2025	FINISHED	2025
suki-dayo-good-boy	2025	RELEASING	
suki-usagi	2025	RELEASING	
sukoshi-dake-ikikaeru	2025	FINISHED	2024
sukui-sukuware	2025	RELEASING	
supadari-kachou-wa-zense-de-watashi-o-koroshita-moto-konyakusha-deshita	2025	-	
supadari-sama-to-supadari-kun	2025	RELEASING	
supadari-yamete-ii-desuka	2025	RELEASING	
supaidaaman-kizuna	2025	FINISHED	2025
super-cub	2025	RELEASING	
super-mario-kun	2025	RELEASING	
sutaaringuraado-no-kyouzoku	2025	-	
sute-akuyaku-reijou-wa-kaibutsu-ni-otogibanashi-o-kataru	2025	FINISHED	2025
suteishi-yuusha-maou-no-moto-de-restart	2025	RELEASING	
suterare-reijou-wa-kemono-na-jiki-kokuou-ni-dekiai-dekiaisareru	2025	RELEASING	
suterare-seijo-no-isekai-gohan-tabi	2025	RELEASING	
suterareta-kisaki	2025	RELEASING	
suufun-go-no-mirai-ga-wakaru-you-ni-nattakedo-onnagokoro-wa-wakaranai	2025	RELEASING	
suzushiro-nikki	2025	-	
sword-art-online-alternative-gourmet-seekers	2025	RELEASING	
tada-no-murabito-no-boku-ga-sanbyakunen-mae-no-bou-kun-ouji-ni-tensei-shite-shimaimashita	2025	RELEASING	
tada-ooki-na-neko-ni-naritai	2025	FINISHED	2024
tagawa-suihou-no-shinpan-tako-no-hatsu-chan	2025	-	
taiari-deshita	2025	RELEASING	
taiheiyou-sensou	2025	-	
taishou-no-kondate	2025	-	
taishou-shinkon-roman	2025	RELEASING	
takabisha-koujo-wa-damattenai	2025	RELEASING	
takane-no-hanao-kun	2025	RELEASING	
takane-san-to-arashi-chan	2025	RELEASING	
takara-shimai	2025	RELEASING	
taketora-kun-watashi-no-chippai-sodatete-kudasai	2025	-	
takumashi-san-wa-mainichi-saikyou	2025	-	
takumin-to-rui	2025	FINISHED	2025
tama-no-koshiire	2025	RELEASING	
tamanokoshi-goyoui-shimashita	2025	RELEASING	
tamasanchi-no-hogoinu	2025	-	
tamer-shimai-no-mofumofu-haishin	2025	RELEASING	
tamon-san-no-okashi-na-tomodachi	2025	FINISHED	2025
tanpenshuu-2023	2025	-	
tappuri-no-kiss-kara-hajimete	2025	RELEASING	
tasogare-no-ethos	2025	RELEASING	
tatakae-chou-robot-seimeitai-toransufoomaa-za-comics	2025	FINISHED	1991
tatsumigahara-san-no-ai-kara-wa-nigerarenai	2025	FINISHED	2025
teiou-joushi-no-dekiai-sekkusu	2025	-	
teisou-gyakuten-sekai	2025	RELEASING	
teisou-gyakuten-sekai-no-doutei-henkyou-ryoushu-kishi	2025	RELEASING	
teito-seihai-ki-tan	2025	RELEASING	
tekuteku-himitsu-risaachi	2025	-	
telecaster-b-boy	2025	FINISHED	2025
tenchi-souzou-dezainbu	2025	RELEASING	
tenka-musou-no-otometachi-ga-ore-no-kodane-o-ubaiatte-imasu	2025	FINISHED	2025
tenka-no-yell	2025	RELEASING	
tenkousaki-no-seiso-karen-na-bishoujo-ga-mukashi-otoko-to-omotte-isshokenmei-ni-asonda-osananajimi	2025	FINISHED	2025
tennyo-sama-ga-kaeranai	2025	RELEASING	
tenohira-kaitakumura-de-isekai-kenkokuki	2025	RELEASING	
tensai-hakenjo-no-shuusai-itanji	2025	-	
tensei-akuyaku-youjo-wa-saikyou-papa-no-manamusume-ni-narimashita	2025	RELEASING	
tensei-dai-majo-no-isekai-kurashi-kodai-rome-fuu-kokka-de-hajimeru-mahou-kenkyuu-comic	2025	FINISHED	2025
tensei-healing-life-inou-skill-chiyu-no-chikara-de-isekai-harem	2025	RELEASING	
tensei-joou-wa-ai-yori-ryouchi-ga-hoshii-node-seiryaku-kekkon-o-kibou-shimasu	2025	FINISHED	2024
tensei-koushaku-reijou-funtouki	2025	FINISHED	2025
tensei-muhai-no-isekai-kenja	2025	RELEASING	
tensei-nanmin-shoujo-wa-shiminken-o-0-kara-mezashite-hatarakimasu-comic	2025	RELEASING	
tensei-seijo-to-shinkan-wa-mada-ai-o-shiranai	2025	FINISHED	2025
tensei-seijo-wa-oshikatsu-ga-shitai	2025	RELEASING	
tensei-shachiku-no-cheat-saien	2025	RELEASING	
tensei-shita-ore-ga-kawaisugiru-node-aisare-chara-o-mezashite-ganbarimasu	2025	FINISHED	2025
tensei-shitara-akari-dake-slime-datta-ken	2025	FINISHED	2025
tensei-shitara-mob-deshita-namida-shibou-flag-o-kaihi-suru-tame-yakushi-ni-narimasu	2025	FINISHED	2025
tensei-shitara-nanka-tayorarerundesuga	2025	-	
tensei-shitara-sekaiju-datta-ken	2025	FINISHED	2025
tensei-shitara-shouwa-chuuken-resuraa-datta-ken	2025	-	
tensei-shitara-slime-datta-ken-bangaihen	2025	FINISHED	2025
tensei-shite-shota-ouji-ni-natta-kensei-wa-katsute-no-deshi-niwa-zettai-ni-baretakunai	2025	FINISHED	2025
tensei-tantou-megami-ga-100-nin-ita-no-de-cheat-skill-hyakko-moraeta	2025	-	
tensei-youjo-shinjuu-to-ouji-to-saikyou-no-oji-san-youheidan-no-naka-de-ikiru	2025	RELEASING	
tenseisaki-de-suterareta-node-mofumofutachi-to-oryouri-shimasu-aaru	2025	-	
tenseisaki-ga-zannen-ouji-datta-ken	2025	RELEASING	
tenseisaki-wa-kita-no-henkyou-deshita-ga-seirei-no-okage-de-kekkou-kaiteki-desu	2025	FINISHED	2026
terano-kun-to-kumazaki-kun	2025	FINISHED	2025
the-boxer	2025	-	
the-idolm-ster-shiny-colors-coherent-light	2025	RELEASING	
the-marshal-king	2025	RELEASING	
the-pool	2025	FINISHED	2025
therapy-game-restart	2025	RELEASING	
toaru-joyuu-no-saiai	2025	-	
toaru-kagaku-no-railgun-2025	2025	FINISHED	2026
tobioriru-chokuzen-no-doukyuusei-ni-shiyou-to-teian-shite-mita	2025	RELEASING	
tokubetsu-ja-nai-hi	2025	RELEASING	
tokyo-dungeon-tower	2025	-	
tokyo-saitei-saiaku-saikou	2025	RELEASING	
tokyo-stick-girl	2025	RELEASING	
tomodachizukuri-eto-2025	2025	RELEASING	
tomoe-mami-no-heibonna-nichijou	2025	RELEASING	
tonari-no-yabai-alpha-tachi	2025	FINISHED	2025
tonariawase-no-hai-to-seishun	2025	RELEASING	
tondemo-skill-de-isekai-houroumeshi	2025	RELEASING	
tooboe-ni-koi	2025	RELEASING	
tora-to-mike	2025	RELEASING	
toshishita-ouji-ni-kyuuai-sarete-konwaku-shitemasu	2025	-	
totteoki-chinpui	2025	-	
tougou-ke-e-totsuida-hanashi	2025	RELEASING	
touhi-kon	2025	-	
touhou-chirei-kiden	2025	RELEASING	
touhou-suichouka	2025	RELEASING	
transformers-classics	2025	-	
tsubanari-no-tachi	2025	RELEASING	
tsugi-ha-anata-ga-yarareru-ban-death	2025	FINISHED	2025
tsuihousareta-majutsushi-no-sonogo	2025	RELEASING	
tsuihousareta-ouji-no-teii-dakkan	2025	RELEASING	
tsuihousareta-ryoushu-no-kotou-kaitakuki	2025	-	
tsuihousareta-sareta-meika-no-chounan	2025	RELEASING	
tsuihousareta-sareta-ore-ga-hazure-gift-honyaku-de-saikyou-party-musou-mamono-ya-mazoku-to-hanaseru	2025	RELEASING	
tsuihousareta-sareta-saijaku-shomin-no-nariagari-harem	2025	RELEASING	
tsuihousha-shokudou-e-youkoso	2025	RELEASING	
tsuisute-4-koma	2025	FINISHED	2025
tsuji-getsu-tan	2025	-	
tsukareta-hito-ni-yashoku-o-todokeru-demaeten	2025	-	
tsuki-to-pieta	2025	FINISHED	2025
tsukiaenakute-ii-noni	2025	FINISHED	2024
tsukumo-no-yorozudokoro	2025	RELEASING	
tsuma-to-sexless-resu-nanode-otoko-to-furin-shimashita	2025	RELEASING	
tsumari-souiu-koto-karada-wa-ai-ni-hairimasuka	2025	FINISHED	2022
tsura-neko	2025	RELEASING	
type-aid	2025	FINISHED	2025
uchi-no-inu-ga-tsuyosugirundesuga	2025	RELEASING	
uchi-no-otoutodomo-ga-sumimasen	2025	RELEASING	
uchi-tama-uchi-no-tama-shirimasenka	2025	FINISHED	2018
uchi-wa-oppeke	2025	-	
uchuusen-ga-sounan-shitakedo-me-no-mae-ni-chikyuugata-wakusei-ga-atta-kara-imamade-no-jinsei-o	2025	-	
ukulea	2025	FINISHED	2025
umarekawattemo-yoroshiku	2025	-	
umibe-no-byouin-de-kanojo-to-hanashita-ikutsuka-no-koto	2025	FINISHED	2024
umigami	2025	RELEASING	
under-ku	2025	-	
unmei-dakedo-aiirenai	2025	RELEASING	
unmei-no-koibito-wa-kigen-tsuki	2025	RELEASING	
unmei-suramo-kokyuu-o-tomete	2025	FINISHED	2025
unperfect-teacher	2025	-	
uramin	2025	RELEASING	
uranaishi-niwa-hana-kishi-no-koigokoro-ga-miete-imasu	2025	-	
urushi-uruhashi	2025	FINISHED	2025
ushiro-no-seki-no-gal-ni-sukarete-shimatta	2025	RELEASING	
usotsu-koushaku-reijou-o-oshinokete-ouji-no-konyakusha-ni-natta-onna-ni-tensei	2025	-	
v-drive	2025	-	
villain-no-gakkou	2025	FINISHED	2024
violinist-of-hameln-shchelkunchik	2025	RELEASING	
vivarium-de-choushoku-o	2025	FINISHED	2025
vivid-voice-party	2025	-	
w-juliet-2	2025	-	
waan-no-hitozakana	2025	-	
wakaoku-sama-wa-shinobanai	2025	-	
wakeari-hakushaku-sama-to-keiyaku-kekkon-shitara-gijou-rokusai-no-keiyaku-haha-ni-natte	2025	RELEASING	
wakiyaku-no-watashi-ga-heroine-ni-naru-made	2025	RELEASING	
warau-nemesis	2025	FINISHED	2026
warui-ga-watashi-wa-yuri-ja-nai	2025	RELEASING	
warui-neko	2025	-	
washi-jijii-yowai-rokujuu-ni-shite-tenpu-no-sai-ni-kizuku	2025	FINISHED	2025
watashi-dake-ga-miyachi-miyuki-o-aishite-iru	2025	RELEASING	
watashi-dake-ga-shitte-iru	2025	-	
watashi-dake-no-shutchou-host-kun	2025	FINISHED	2025
watashi-ga-shinde-manzoku-desu-ka	2025	FINISHED	2025
watashi-isekai-de-seirei-ni-narimashita	2025	-	
watashi-ni-ai-o-sakebasete	2025	FINISHED	2025
watashi-ni-tenshi-ga-maiorita	2025	FINISHED	2025
watashi-no-koi-no-hajimekata	2025	FINISHED	2025
watashi-no-konyakusha-sama-no-dokuzetsu-ga-sugiru	2025	RELEASING	
watashi-no-koto-kirai-tte-iimashitayone	2025	RELEASING	
watashi-no-kouguchi-sensei	2025	RELEASING	
watashi-no-oshi-ga-kyou-mo-saikou-ni-toutoi-node-zenryoku-de-shiawase-ni-suru	2025	FINISHED	2025
watashi-no-tame-ni-nuginasaitsu	2025	RELEASING	
watashi-no-yuri-wa-oshigoto-desu	2025	RELEASING	
watashi-o-koroshita-wankokei-kishi-sama-ga-yandere-ni-job-change-shite-kyou-mo-inochi-o-nerattekuru	2025	RELEASING	
watashi-tte-sabasaba-shiterukara	2025	RELEASING	
watashi-wa-erabarenai	2025	RELEASING	
wet-sand	2025	-	
wild-strawberry	2025	FINISHED	2025
will-sama-wa-kyou-mo-mahou-de-asonde-imasu-next	2025	-	
wondance	2025	RELEASING	
world-trigger	2025	RELEASING	
wotaku-kun-no-seiheki-o-isshou-yugamete-iku-ishuzoku-musume-tachi	2025	FINISHED	2025
wotaku-ni-yasashii-gal-ni-watashi-wa-naru	2025	FINISHED	2025
wunderkammer	2025	-	
xl-saizu-desu-kekkonsasetekuremasuka	2025	RELEASING	
yabai-idol-no-manager-ni-nacchatta-hanashi	2025	RELEASING	
yakuza-ga-tensei-shitara-mori-ranmaru-datta-ken	2025	FINISHED	2025
yama-o-wataru	2025	RELEASING	
yamashisa-no-netsu-ni-dakarete	2025	FINISHED	2024
yandere-cafe-e-youkoso	2025	RELEASING	
yane-beya-no-koushaku-fujin	2025	RELEASING	
yankee-kun-wa-seitokaichou-sama-ni-shitsukeraretai	2025	-	
yarakashi-ouji-ga-uchi-ni-kita	2025	RELEASING	
yasashiku-chigitte-koi-ga-saku	2025	-	
yasei-no-rasubosu-ga-arawareta	2025	RELEASING	
yatchae-ukita-san	2025	RELEASING	
yayakoshii-mikantachi	2025	RELEASING	
yellow-flame	2025	FINISHED	2025
yobai-o-ketsui-shita-reijou-desu-machigaete-rival-koushaku-tei-no-beddo-ni-mogurikonde-shimaimashita	2025	-	
yofukashi-no-uta-rakuenhen	2025	FINISHED	2025
yoisugi-mai-nyan	2025	RELEASING	
yoku-aru-fantasy-shousetsu-de-gakeppuchi-kisaki-to-shite-ikinokoru	2025	-	
yokubou-pandora	2025	RELEASING	
yomei-wazuka-no-intai-seijo-wa-reikoku-koushaku-tono-yakkaibarai-kon-o-ouka-shitai	2025	FINISHED	2025
yonigeya-nikki	2025	RELEASING	
yoru-wa-neko-to-isshokenmei	2025	RELEASING	
yotsuba-to	2025	RELEASING	
yotsugogurashi	2025	RELEASING	
you-aquarist	2025	FINISHED	2025
youkoso-jitsuryoku-shijou-shugi-no-kyoushitsu-e-2-nensei-hen	2025	FINISHED	2024
youmuin-san-wa-yuusha-ja-arimasen-node	2025	RELEASING	
youtoutsukai-ga-cheat-skill-o-motte-isekai-hourou	2025	-	
yowabi-no-mahou	2025	RELEASING	
yozakura-quartet-kyakuenshuu	2025	-	
yozakura-san-no-daisakusen	2025	FINISHED	2025
yume-nara-sameteyo	2025	FINISHED	2025
yumegahara-san-wa-yumemigachi	2025	FINISHED	2024
yumeoka-under-za-sukin	2025	-	
yuri-fetish-life	2025	RELEASING	
yuridenaru-esupowaaru	2025	RELEASING	
yuru-fuwa-nouka-no-mojibake-skill	2025	-	
yuru-kowa	2025	RELEASING	
yurumitsu	2025	RELEASING	
yuugiou-ofisharu-card-ocg-structures	2025	RELEASING	
yuujou-baibureeshon	2025	FINISHED	2021
yuusha-ikkou-no-senzokui	2025	FINISHED	2025
yuusha-ni-uragirareta-tensei-chiyushi-ga-maou-no-chouki-ni-naru-made	2025	-	
yuusha-no-kuzu	2025	RELEASING	
yuusha-no-ore-sama-ga-madoushi-nanka-ni	2025	FINISHED	2025
yuusha-party-o-tsuihousareta-sareta-node-maou-o-torikaeshi-ga-tsukanai-hodo-tsuyoku-sodatete-mita	2025	RELEASING	
yuusha-shoukan-ni-makikomareta-kedo-isekai-wa-heiwa-deshita	2025	RELEASING	
yuushazuma-yuusha-ga-shite-kurenakutemo-seijo-wa-kedamono-maou-ni-musaboraretemasu	2025	FINISHED	2025
yuuyuu-no-tsuihousareta-mahoutsukai-to-osananajimi-na-mori-no-megami-sama	2025	RELEASING	
yuyushiki	2025	RELEASING	
zaiaku	2025	FINISHED	2025
zako-hime-sama-wa-ikinobitai	2025	RELEASING	
zako-niwa-kaji-ga-oniai-da-www-to-iwareta-kaji-level-9999-no-ore-tsuihousareta-sareta-node	2025	RELEASING	
zako-skill-to-tsuihousareta-sareta-kamitsukai-shin-no-chikara-ga-kakusei-shi-sekai-saikyou-ni	2025	-	
zannen-nagara-haha-no-musume-wa-soko-no-bishoujo-dewa-naku-watashi-desu	2025	-	
zannen-neko-ryokan	2025	-	
zannen-onnakanbu-black-general-san	2025	FINISHED	2025
zatsutabi	2025	RELEASING	
zatsutabi-another-side-byuu	2025	-	
zekkyou-gakkyuu-tensei	2025	RELEASING	
zenchiteki-na-dokusha-no-shiten-kara	2025	-	
zenji-kun-okarishimasu	2025	RELEASING	
zennin-no-otsu-san-boukensha-o-intai-shite-kojiin-no-sensei-ni-naru	2025	-	
zenryou-na-furyou-koukousei-no-nichijou	2025	RELEASING	
zense-furyou-no-akuyaku-reijou-nanoni-yandere-ouji-no-dekiai-route-nante-kiitenai	2025	FINISHED	2025
zense-majutsu-shidanchou-datta-watashi-anata-o-aisuru-koto-wa-nai-to-itta-otto-ga-katsute-no-buka	2025	-	
zense-wa-kentei-konjou-kuzu-ouji	2025	RELEASING	
zero-ka-hyaku-ka-no-igarashi-kun	2025	RELEASING	
zero-no-majutsushi-esu-rank-yuusha-party-o-zenryoku-de-support-shiteita-noni-tsuihousareta-sareta	2025	FINISHED	2025
zerosen-ace-isekai-de-saikyou-no-ryuukishi-ni-naru	2025	RELEASING	
zetsubou-reijou-no-karei-naru-rikon	2025	RELEASING	
zetsumetsu-doubutsu-monogatari	2025	FINISHED	2021
zetsumetsu-sekai-de-shokupan-o	2025	FINISHED	2025
zetsurin-yakuza-no-gokujou-aibu	2025	RELEASING	
zouhyou-meshi-monogatari	2025	-	
zurui-hito-ni-hirowaremashita	2025	RELEASING	
zutaboro-reijou-wa-ane-no-motokonyakusha-ni-dekiai-dekiaisareru	2025	RELEASING	
0-saiji-start-dash-monogatari	2026	RELEASING	
1-kakeru-mugen-keikenchi-ichi-de-level-appu-suru-ore-wa-saisoku-de-isekai-saikyou-ni-narimashita	2026	-	
1-nen-a-gumi-no-monster	2026	FINISHED	2026
1-nichi-2-kai	2026	RELEASING	
1-nichi-gaishutsuroku-hanchou	2026	RELEASING	
1-tai-2-kousai-wa-rabukome-ni-hairimasuka	2026	RELEASING	
10-nenkan-karada-o-nottorare-akujo-ni-natte-ita-watashi-ni-nido-to-kao-o-miseru-na-to-konyaku-haki	2026	RELEASING	
10-nenkan-tomodachi-dato-omotteta-otokonoko-ni-kokuhaku-dekiaisareru-ohanashi	2026	FINISHED	2026
100-hon-ni-kawaru-made	2026	-	
100-kai-mawatte-ai-o-nake	2026	-	
100-man-no-inochi-no-ue-ni-ore-wa-tatte-iru	2026	RELEASING	
100-nen-ryuunen-shiteru-elf	2026	-	
100-oku-kon	2026	-	
1000-sai-toshishita-no-koutei-ni-shuuchaku-dekiaisaretemasu	2026	-	
101-kai-koisuru-memory	2026	-	
108p	2026	-	
10nenburi-ni-saikai-shita-kusogaki-wa-seijun-bishoujo-jk-ni-seichou-shiteita	2026	RELEASING	
11-banme-no-neko-wa-nene	2026	RELEASING	
12shokumonogatari	2026	FINISHED	1982
133cm-no-keshiki	2026	RELEASING	
165185	2026	FINISHED	2026
18-koi	2026	-	
19banme-no-karte	2026	RELEASING	
2-dome-no-jinsei-wa-oshi-no-shokuryou-desu	2026	RELEASING	
2-nen-b-gumi-yuusha-destroyers	2026	-	
20-jisugi-no-houkokukai	2026	-	
200m-saki-no-netsu	2026	RELEASING	
25ji-akasaka-de	2026	RELEASING	
28-sai-ol-akuyaku-ouji-o-hajimemashita	2026	-	
29-sai-dokushin-chuuken-boukensha-no-nichijou	2026	RELEASING	
3-gatsu-no-hekireki	2026	RELEASING	
30-made-hitoridattara-issho-ni-kurasou-tte-itta-yo-ne	2026	-	
300-nichigo-ni-tsukiatte	2026	-	
3000-nen-fuuin-sareshi-jaryuu-chan-to-tomodachi-ni-narimashita	2026	RELEASING	
31-banme-no-okisakisama	2026	RELEASING	
31-sai-jimi-megane-ol-san	2026	RELEASING	
33-sai-dokushin-onnakishi-taichou	2026	RELEASING	
34-sai-urenokori-no-koi-wa-gyaku-propose-kara	2026	RELEASING	
35-sai-no-sentaku	2026	RELEASING	
36	2026	RELEASING	
4-gun-kun-kari	2026	RELEASING	
4-kaku-manga-gekijou-mainkurafuto-anahori-seikatsu	2026	-	
4-nin-no-mama-no-sei-de-ore-no-rabukome-ga-mamanaranai	2026	-	
40-made-ni-shitai-10-no-koto	2026	RELEASING	
6-banme-no-sefure-da-kedo-isshoubun-no-omoide-ga-dekitakara-mou-juubun	2026	-	
7-nin-no-nemurihime	2026	RELEASING	
7th	2026	RELEASING	
8-gatsu-31-nichi-no-long-summer	2026	RELEASING	
8-sai-kara-hajimeru-mahougaku	2026	RELEASING	
9-banme-no-musashi-ghost-and-gray	2026	-	
99-kai-danzai-sareta-loop-reijou-desu-konsei-wa-chouzetsu-aisare-mode-desutte	2026	RELEASING	
99-paasento-succubus-chan	2026	RELEASING	
a-akuma-chan	2026	-	
aa-shihon-shugi-no-aku-no-hana-wa-itsu-made-sakihokoruno-ka	2026	-	
aakouya	2026	-	
aaru-teii-ee-sousha-wa-game-sekai-kara-kaerenai	2026	RELEASING	
abarenbou-princess	2026	-	
abukuno-shimai	2026	-	
aburabu	2026	RELEASING	
abysmal	2026	RELEASING	
academy-saikyou-no-mob-healer	2026	-	
adachi-to-kentarou-no-kakushigoto	2026	FINISHED	2024
adachi-to-shimamura	2026	RELEASING	
adekan	2026	RELEASING	
adoribukararaimei	2026	-	
after-midnight-skin	2026	RELEASING	
afternoon-tea-wa-ikagadesu-ka-watashi-to-senpai-no-fujun-de-ichizuna-futari-kura	2026	-	
afumi-no-umi	2026	RELEASING	
afureko-booth-no-kimitachi-e	2026	-	
afutaapiriodo	2026	-	
agakimichiruran	2026	RELEASING	
agaribitonoatoshimatsu	2026	-	
agarie-hisho-ga-iukoto-ni-wa	2026	-	
ai-datoka-fukushuu-datoka	2026	FINISHED	2026
ai-ga-nakereba-idol-dekinai	2026	FINISHED	2026
ai-ga-omoi-kishi-koushaku-wa-tsuihousareta-reijou-no-subete-o-ubaitsukushitai	2026	RELEASING	
ai-hei-chuu	2026	-	
ai-ni-naru-made-ato-nannichi	2026	-	
ai-no-katachi-wa-shiranaikeredo	2026	-	
ai-no-kiwami	2026	-	
ai-no-ryuusei-kauupa	2026	RELEASING	
ai-o-chikau-ni-wa-hayasugiru	2026	-	
ai-o-hakobu-waitress	2026	-	
ai-o-nusunda-shinshi	2026	-	
ai-saku-namima	2026	-	
ai-toka-ii-kara-dakishimete	2026	FINISHED	2023
ai-wa-hisoyaka-ni	2026	-	
ai-wa-jokyoku-ni-hajimatte	2026	-	
aida-kawa-koubou-no-futari	2026	-	
aidorumasutaa-shainiikaraazu-jimuteki-koukuu-kiroku	2026	RELEASING	
aijin-okakoureitetsunahakushakutonotenkeitekinaseiryakukekkonsoshiteki	2026	-	
aimai-blue-beast	2026	RELEASING	
ainosenbiki	2026	RELEASING	
aisai-no-ura-aka	2026	RELEASING	
aisanai-to-iwaremashitemo	2026	RELEASING	
aisare-kouhi-no-yuuutsu	2026	RELEASING	
aisarenakutemo-betsuni	2026	RELEASING	
aisaresuginomigawarikon-omiaiaitewahatsukoinokaredeshita	2026	-	
aisareteru-baai-ja-nai-no	2026	RELEASING	
aishisugiruniizuma	2026	-	
aishitai-no-wa-omae-dake	2026	-	
aishite-hoshii-no-wa-ore-janai-noni	2026	-	
aishiteru-game-o-owarasetai	2026	RELEASING	
aishiterutoomounaraba	2026	-	
aisurukonyakushanikorosaretakoushakureijou-shinimodorishitehikarinokou	2026	-	
aitokairoiroarutokoro	2026	-	
aizawa-hibiki-wa-warawanai	2026	RELEASING	
aizouban-sora-wa-akai-kawa-no-hotori	2026	-	
aji-ichimonme-tsugiaji	2026	-	
aka-kuro-paradise-jigoku-geki	2026	-	
aka-no-kekkon	2026	-	
akagamierufunoosouzaiyasan	2026	-	
akage-no-yakutatazu-to-kubi-ni-natta-maryoku-nashi-no-majo-desu-yakusou-no-chishiki-ga-hanpanai-to	2026	RELEASING	
akago-san-wa-kaku-katareri	2026	RELEASING	
akanabe-sensei-wa-tereshirazu	2026	RELEASING	
akanbou-no-isekai-haihai-funtouroku	2026	-	
akane-banashi	2026	RELEASING	
akarui-mi-rai	2026	-	
akatsuki-no-majo-reishii-wa-jiyuu-ni-ikitai	2026	RELEASING	
akatsuki-no-yona	2026	RELEASING	
akatsukinisazanami	2026	-	
akazukin-chanto-ookamisan	2026	-	
akebi-chan-no-seeraafuku	2026	RELEASING	
akina-chan-kamigakaru	2026	RELEASING	
akinai-seiden-kin-to-gin	2026	-	
akinainingyotosoranohatsukoi	2026	-	
akiraka-ni-nenrei-o-sashou-shite-iru-joshi-joshikousei-vtuber	2026	RELEASING	
akogare-no-keijibu-ni-haizoku-saretara-joushi-ga-oni	2026	-	
akuapueraa-shiki-no-mori-koukou-suieibu	2026	-	
akujo-arietta-no-shoseijutsu	2026	-	
akujo-ga-ikinokoru-houhou-hakushaku-reijou-ni-tensei-shitakedo-shokei	2026	-	
akujo-ga-koi-ni-ochita-toki	2026	-	
akujo-no-koohii-monogatari	2026	-	
akujo-no-retteru-o-harareta-tsuihousareta-reijou-desu-saikyou-heika-no-dekiai-ni-tsukamarimashita	2026	RELEASING	
akujo-rankingu	2026	-	
akujo-to-uwasa-dekiaisareru-koushaku-reijou-nanode-3-nengo-ni-rien-shimasu	2026	-	
akujo-to-yobareta-watashi-tenseisaki-demo-akuyaku-desu	2026	RELEASING	
akujo-wa-henka-suru	2026	-	
akujo-wa-kyou-mo-tanoshii	2026	-	
akujo-wa-marionette	2026	-	
akujo-wa-rakude-saikoudesu-ga	2026	-	
akujo-wa-sunadokei-o-hikkuri-kaesu	2026	-	
akujo-wa-utsukushiki-kemono-no-ai-ni-saku	2026	-	
akuma-at-attohoomu-na-shokuba-desu	2026	RELEASING	
akuma-to-ore-to	2026	-	
akumade-kujaku-no-hanashi-desu	2026	RELEASING	
akumade-taida-na-akuyaku-kizoku-comic	2026	RELEASING	
akumanokendetenshiokurau	2026	RELEASING	
akumu-kara-mezameta-gouman-reijou-wa-yarinaoshi-o-mosakuchuu	2026	RELEASING	
akuninzura-shita-biikyuu-boukensha	2026	RELEASING	
akunokoujowamoudaremokorosanai	2026	-	
akuryoukazoku	2026	-	
akutoku-reijou-ni-tensei-shita-noni-masaka-no-kyuukon	2026	FINISHED	2024
akutou-no-otou-sama-watashi-to-kekkon-shite-kudasai	2026	-	
akutousooegaku-buronsonnomangagensakushiron	2026	-	
akuyaku-ga-ippai-detekuru-eroge-no-kimodebu-akuyaku-kizoku-ni-tensei-shita	2026	-	
akuyaku-ikka-no-okugata-shini-modori-shite-kokoro-o-irekaeru	2026	RELEASING	
akuyaku-kizoku-toshite-hitsuyou-na-sore	2026	FINISHED	2026
akuyaku-no-ending-wa-shi-nomi	2026	-	
akuyaku-no-go-reisoku-no-dounika-shitai-nichijou	2026	RELEASING	
akuyaku-reijou-desu-kouryaku-taishou-no-yousu-ga-ijou-sugiru-attomaaku-comic	2026	RELEASING	
akuyaku-reijou-haouden-tensei-shitara-shinchou-245-cm-taijuu-210-kg-no-megumi-ka	2026	-	
akuyaku-reijou-katoriina-no-danzai-bigaku	2026	-	
akuyaku-reijou-ni-nankanarimasen-watashi-wa-futsuu-no-koushaku-reijoudesu	2026	-	
akuyaku-reijou-ni-onee-ga-tensei-shitakedo-nani-mo-mondai-ga-nai-ken	2026	-	
akuyaku-reijou-ni-tensei-shita-haha-wa-kosodate-kaikaku-o-itashimasu	2026	-	
akuyaku-reijou-ni-tensei-shita-hazu-ga-shujinkou-yorimo-dekiai-sareteru-mitai-desu	2026	-	
akuyaku-reijou-ni-tensei-shitara-risou-no-heya-ga-te-ni-hairimashita	2026	-	
akuyaku-reijou-ni-zamaa-saretakunai-node-oshiro-zutome-no-koukyuutori-o-mezasu	2026	-	
akuyaku-reijou-no-ani-ni-tensei-shimashita	2026	RELEASING	
akuyaku-reijou-no-chichioya-ni-tensei-shita-node-tsuma-to-musume-o-dekiai-shimasu	2026	RELEASING	
akuyaku-reijou-no-chocolatier-wa-oshi-no-kouryaku-ni-yuukou-deshita	2026	RELEASING	
akuyaku-reijou-no-nariagari	2026	-	
akuyaku-reijou-no-okiniiri-ouji-jama	2026	RELEASING	
akuyaku-reijou-no-shitsuke-ke-hou	2026	-	
akuyaku-reijou-no-yojouhan	2026	RELEASING	
akuyaku-reijou-o-enjiteimasuga-oshiga-kirattekuremasen	2026	-	
akuyaku-reijou-route-kara-kaihou-saremashita	2026	RELEASING	
akuyaku-reijou-taisen	2026	-	
akuyaku-reijou-tensei-oji-san	2026	RELEASING	
akuyaku-reijou-to-kichiku-kishi	2026	RELEASING	
akuyaku-reijou-to-otou-sama	2026	-	
akuyaku-reijou-wa-iya-na-no-de-imushitsu-joshu-ni-narimashita	2026	RELEASING	
akuyaku-reijou-wa-kiraware-kizoku-ni-koi-o-suru	2026	RELEASING	
akuyaku-reijou-wa-moe-o-abiru-hodo-sesshu-shitai	2026	-	
akuyaku-reijou-wa-ouji-no-honshou-dekiai-o-shiranai	2026	RELEASING	
akuyaku-reijou-wa-ringoku-no-outaishi-ni-dekiai-dekiaisareru	2026	RELEASING	
akuyaku-reisoku-ni-tensei-shitakedo-hametsu-end-wa-iya-nanode-shujinkou-o-sodatemasu	2026	RELEASING	
akuyaku-reisoku-wa-gyaku-harem-kara-nigedashitai	2026	FINISHED	2025
akuyakukizokugahirakinaottehametsufuraguo-quot-jitsuryoku-quot-de	2026	-	
akuyakureijounomamahahanitenseishitanodemusumeoshiawasenishimasu-chikarazu	2026	-	
akuyakureijounoyuigonjou	2026	-	
akuyakureijoutoakuyakureisokugadeattekoiniochitanara-nanashinoseirei	2026	RELEASING	
akuyakureijouttenowakouyarunoyo	2026	-	
albert-ke-no-reijou-wa-botsuraku-o-goshomou-desu	2026	RELEASING	
alice-no-mezame	2026	-	
alice-uchuu-made-mo	2026	RELEASING	
alien-headbutt	2026	-	
almark	2026	RELEASING	
amakute-atsukute-iki-mo-dekinai	2026	RELEASING	
amakuteaoi-unmeino	2026	-	
amanojakudanshitobetaboredanshi	2026	-	
amarimono-isekaijin-no-jiyuu-seikatsu	2026	RELEASING	
amateur-vigilante	2026	RELEASING	
amatsumizushi-gago-bokumetsu-dayori-gagohan	2026	-	
amayakase-mazoku-domo	2026	RELEASING	
amayo-no-tsuki	2026	RELEASING	
ame-no-ouji-to-hana-no-nie	2026	FINISHED	2025
ame-to-kizu	2026	-	
ame-to-muchi	2026	RELEASING	
ame-to-umi	2026	RELEASING	
ameiro-paradox	2026	FINISHED	2026
amelia-no-koukiteki-romance	2026	RELEASING	
amemiya-kyoudai-no-kottou-file	2026	RELEASING	
anata-e-sasageru-sadistic	2026	-	
anata-ga-shinjatta-ato-ni	2026	-	
anata-ga-shite-kurenakutemo	2026	FINISHED	2024
anata-ni-kamau-hima-wa-nai-to-iwareta-koushaku-reijou-no-shiawasesugi	2026	-	
anata-ni-miren-wa-arimasen	2026	RELEASING	
anata-no-amai-kiba-de	2026	-	
anata-no-naka-o-dokusen-shimasu	2026	-	
anata-no-oshiro-no-kobito-san	2026	RELEASING	
anata-o-korosu-tabi-ss	2026	-	
anatamitai-ni	2026	-	
anatanomaousama	2026	-	
anatasamagawasuretehoshiitoosshaimashitanode-konyakuhakisaretawatakushigaji	2026	-	
anatatachi-ni-suterareta-watashi-wa-youyaku-shiawase-ni-naresoudesu	2026	-	
anatatachi-soredemo-sensei-desu-ka	2026	RELEASING	
anchan-wa-honto	2026	-	
and-again	2026	-	
andaaaidoru	2026	-	
andaadokutaa	2026	-	
android-wa-keiken-ninzuu-ni-hairimasu-ka	2026	FINISHED	2025
ane-ga-kensei-de-imouto-ga-kenja-de	2026	RELEASING	
ane-kui-yuusha-to-teisou-gyakuten-teikoku-no-o-neechan	2026	-	
ane-no-tomodachi	2026	RELEASING	
anenoinukaramegahanasenai	2026	-	
anfisubaena-no-kuchizuke	2026	-	
angorumoa	2026	FINISHED	2018
aniki-meshidesuyo	2026	-	
ank-a-mirroring-ape	2026	-	
ano-hi-kara-kotae-wa-subete-kimi-ni-natta	2026	-	
ano-saisekijou-de-hanataba-o	2026	-	
anokotofutaride	2026	-	
anonemitchan	2026	-	
anoshimanouminesou	2026	-	
anotoki-tasukete-itadaita-monster-musume-desu	2026	RELEASING	
ansatsu-koukyuu	2026	RELEASING	
ansatsusha-de-aru-ore-no-suteetasu-ga-yuusha-yorimo-akiraka-ni-tsuyoi-nodaga	2026	RELEASING	
ansesutaazu	2026	RELEASING	
answer	2026	RELEASING	
antatoosananajimittedakedemoiyananoni-zekkoukarahajimaruskyuubisho	2026	-	
anti-dynamics	2026	-	
ao-no-exorcist	2026	RELEASING	
ao-no-hako	2026	RELEASING	
ao-no-miburo-shinsengumi-hen	2026	RELEASING	
ao-no-mitsukai	2026	FINISHED	2026
ao-no-orchestra	2026	RELEASING	
ao-no-shima-to-neko-ippiki	2026	RELEASING	
ao-no-tatsuki	2026	RELEASING	
ao-o-fumu	2026	RELEASING	
ao-oni-no-shoutai	2026	-	
ao-to-haru	2026	-	
ao-to-kagerou	2026	RELEASING	
ao-wa-kataku-haru-wa-yasushi	2026	RELEASING	
aoba-jitenshaten-to-ikouyo	2026	RELEASING	
aoba-no-basket	2026	RELEASING	
aobara-antique-no-shoukoujo	2026	RELEASING	
aoharu-kun-wa-kyou-mo-sukebe-dekinai	2026	-	
aoi-honoo	2026	RELEASING	
aoi-kun-no-waidan-ga-tamaranai	2026	RELEASING	
aoi-kun-wa-mukimuki-kanojo-o-koutei-shitai	2026	FINISHED	2025
aoki-barukanaria	2026	-	
aoki-hagane-no-arpeggio-kaiyou-gijutsu-sougou-gakuin-takao-bu	2026	-	
aoki-hagane-no-arupejio	2026	RELEASING	
aoku-somero	2026	RELEASING	
aono-kun-ni-sawaritai-kara-shinitai	2026	FINISHED	2025
aonokai	2026	-	
aotomidori	2026	RELEASING	
aotoorenji	2026	-	
aotte-kita-no-wa-kimi-no-hou-desho	2026	-	
apocalypse-hotel-karikari	2026	-	
apparel-dog	2026	RELEASING	
aquarium-wa-odoranai	2026	-	
araara-kashiko	2026	RELEASING	
arabake-arahabaki-gungun-park	2026	RELEASING	
arabesque-koukyuu-no-wakoku-hime	2026	FINISHED	2026
arafoo-boukensha-densetsu-to-naru	2026	RELEASING	
arafoo-kenja-no-isekai-seikatsu-nikki	2026	RELEASING	
arafoo-otsu-san-slow-life-no-yume-o-miru-ka	2026	RELEASING	
arafookenjanoisekaiseikatsunikkizero-soodoandosoosarisuwaarudo	2026	-	
arakure-ojou-sama-wa-monmon-shite-iru	2026	RELEASING	
arakusa-ninpouchou	2026	RELEASING	
arasa-ga-vtuber-ni-natta-hanashi	2026	RELEASING	
arasa-majutsushi-no-yurui-harem-life	2026	-	
arasa-ol-haman-sama	2026	RELEASING	
arcadia-service-kaishi-kara-sannen-imasara-hajimeru-kasou-sekai-kouryaku	2026	-	
ari-no-ou	2026	RELEASING	
ari-no-teikoku	2026	RELEASING	
ari-to-hachi	2026	-	
arifureta-shokugyou-de-sekai-saikyou	2026	RELEASING	
arigatou-cheat	2026	-	
aritojaiantsu-tezukaosamumisshingupiishizujubunairuwaakusu	2026	-	
arknights-jogen-kumikyoku-crimson-solitaire	2026	-	
arknights-operators	2026	RELEASING	
arslan-senki	2026	RELEASING	
arte	2026	RELEASING	
aru-hi-kara-tsukaeru-you-ni-natta-teni-mahou-ga-bannou-de-ikiru-no-ga-tanoshiku-narimashita	2026	-	
aru-hi-ohime-sama-ni-natte-shimatta-ken-ni-tsuite	2026	-	
aru-hi-watashi-wa-reiketsu-koushaku-no-musume-ni-natta	2026	-	
aru-mamahaha-no-meruhen	2026	-	
aru-sekkeishi-no-kiroku	2026	-	
aru-teido-no-mahou-no-sainou-de-kondo-koso-isekai-de-surooraifu-o-okurimasu	2026	RELEASING	
arudo-no-i-sekai-tensei	2026	-	
arufa-girai-no-omega-reisoku-ga-kamokuna-kishi-ni-dekiai-sarerumade	2026	-	
arufuheimunokishibaraddotsuguminomori	2026	RELEASING	
arukekkonmaenofuukei	2026	-	
aruru-keiyaku-fuufu-no-kekkon-karute	2026	-	
asa-okitara-tansakusha-ni-natteita-node-dungeon-ni-moguttemiru	2026	FINISHED	2025
asadora	2026	RELEASING	
asagaya-succubus-doujin-monogatari	2026	RELEASING	
asagiro	2026	RELEASING	
asagohantei	2026	RELEASING	
asayake-refrain	2026	RELEASING	
ashita-kimi-to-koi-o-shiru	2026	FINISHED	2026
ashita-kubi-ni-narisou	2026	RELEASING	
ashita-mo-iihidearimasuyou-ni	2026	-	
ashita-mo-iihidearimasuyou-ni-sankyoudai-no-hokkori-gohan-nikki	2026	-	
ashita-no-teki-to-kyou-no-akushu-o	2026	RELEASING	
ashitamokiminiainiiku	2026	FINISHED	2026
ashiyayamanoteodougugeihinkan-komikku	2026	-	
asonja-ikenai-toi-bokkusu	2026	-	
assassin-cinderella	2026	RELEASING	
asumi-chan-wa-rezu-fuuzoku-ni-kyoumi-ga-arimasu	2026	RELEASING	
asura-no-sata	2026	RELEASING	
ataerareta-skill-o-tsukatte-kaseide-isekai-bijo-tachi-to-ichaicha-shitai	2026	RELEASING	
atamagakongaragatchigekijoukyounoyorugohanwaniku	2026	-	
atami-sensei-wa-nasu-sensei-ga-o-suki	2026	-	
atara-yo-no-hoshi	2026	-	
atarashii-game-hajimemashita-comic	2026	RELEASING	
atari	2026	RELEASING	
atashinchi-super	2026	-	
ateuma-chara-no-kuseshite-supadari-ouji-ni-chouai-sarete-imasu	2026	RELEASING	
ateumagakari-no-takarajou-kun	2026	-	
ato-365-nichi-no-bansan	2026	FINISHED	2026
ato-happy-mania	2026	FINISHED	2025
ato-muika-de-horobiru-gakeppuchi-kokka-no-harem-6-sarete-shimatta	2026	RELEASING	
ato-wa-go-jiyuu-ni-douzo	2026	RELEASING	
atom-the-beginning	2026	RELEASING	
atsumare-doubutsu-no-mori-mujintou-diary	2026	RELEASING	
attouteki-gachaun-de-isekai-o-nariagaru	2026	RELEASING	
awai-no-homura	2026	-	
aware-aishi-te-ooshimasan	2026	-	
awarenareirakukizokunokoiyukuhatewa	2026	-	
ayakashi-youkai-musume	2026	-	
ayakashikazokunoyoukoreijou-onmyoujitoseiryakukekkonsuru	2026	RELEASING	
ayashi-michizure	2026	RELEASING	
azami-yako-o-suki-ni-naru	2026	RELEASING	
azumichantokochouchan	2026	-	
azur-lane-bisoku-zenshintsu	2026	RELEASING	
azusakun-no-dekiai-mini-scape	2026	-	
baban-baban-ban-vampire	2026	RELEASING	
baby-shachuu-hackers	2026	RELEASING	
bad-ass-buddies	2026	-	
bad-boy-good-brother	2026	-	
bad-end-mokuzen-no-heroine-ni-tensei-shita-watashi-konsei-dewa-love-suru-tsumori-ga-cheat-na-ani-ga	2026	RELEASING	
bad-girl	2026	RELEASING	
bagu-dan-sono-otokotachi-toriatsukai-chuui-nitsuki	2026	-	
baikoku-kikan	2026	RELEASING	
baito-saki-no-net-cafe-ga-naze-ka-class-no-bishoujotachi-no-tamariba	2026	-	
baka-onna-26-ji	2026	RELEASING	
bakashatachi-ni-momoiro-o	2026	-	
bake-no-kawa-no-hitobake	2026	RELEASING	
bakepen-no-mamiko-chan	2026	RELEASING	
baki-gaiden	2026	RELEASING	
baki-gaiden-gaia-to-shikorusukii	2026	RELEASING	
baki-no-wa	2026	-	
baki-rahen	2026	RELEASING	
bakko	2026	-	
bakudan-2025	2026	RELEASING	
bakugyaru	2026	-	
bakunyuu-bunny-obasan	2026	-	
bakuon	2026	RELEASING	
ball-and-chain	2026	RELEASING	
ballpark-de-tsukamaete	2026	RELEASING	
ban-wa-nidome-ni-hanahiraku-taishou-omegaverse	2026	-	
bandage	2026	-	
bandori-ittsu-maigoo-ame-ni-soyoide-hare-o-kou	2026	RELEASING	
bang-dream-ave-mujica-manuscriptus	2026	FINISHED	2026
bang-dream-yume-mita-arare-ara-bu-reeshon	2026	-	
banjou-no-orion	2026	RELEASING	
bannou-jochuu-konii-ville	2026	RELEASING	
bannou-yakushi-wa-zamaa-o-kuwadatenai	2026	-	
banzoku-tensei-makeikusa-kara-hajimaru-isekai-seifuku	2026	RELEASING	
bar-arisa-ka-e-youkoso	2026	-	
barubaro	2026	RELEASING	
baterenkaidan	2026	-	
batsu	2026	RELEASING	
batsu-hare	2026	RELEASING	
battle-studies	2026	RELEASING	
bazure-alice	2026	RELEASING	
be-my-strawberry	2026	-	
beageruta	2026	RELEASING	
bear-face	2026	RELEASING	
beatrice	2026	-	
beautiful-place	2026	-	
beauty-pop-returns	2026	-	
bebebebe-baby	2026	RELEASING	
beekaku	2026	RELEASING	
behemoth-no-hanamuko	2026	RELEASING	
bekkyo-kon	2026	-	
belgrade-metro-no-kodomotachi	2026	-	
bem-saitou2026	2026	-	
benriya-saitou-san-isekai-ni-iku	2026	RELEASING	
bernard-jou-iwaku	2026	RELEASING	
betabore-no-konyakusha-ga-akuyaku-reijou-ni-saresou-nanode	2026	RELEASING	
beyblade-x	2026	RELEASING	
bff	2026	-	
bibou-no-saishousama-ga-mattaku-norikidenakatta-node-suki-katte-shitara	2026	-	
bidan-to-kaneko	2026	RELEASING	
biieru-game-no-shujinkou-no-otouto-de-aru-koto-ni-kigatsukimashita	2026	RELEASING	
bija-no-joou	2026	RELEASING	
bijin-na-imouto-to-watashi	2026	RELEASING	
bijin-onnajoushi-takizawa-san	2026	RELEASING	
bijo-to-kenja-to-mazin-no-ken	2026	RELEASING	
binbou-kishi-ni-yomeiri-shita-hazu-ga-yajin-reijou-wa-koutaishihi-ni-nattemo	2026	-	
binbou-reijou-wa-noroi-no-hakushaku-to-kekkon-shitai	2026	-	
biryuu-enshou-tan	2026	RELEASING	
bishon-enikki	2026	-	
bisuta-da-gigantessa	2026	-	
biyaku-o-motta-hannin-ni-natta-kekka-hatsukoi-no-hito-ni-semarareteima	2026	-	
biyou-skill-de-class-no-onnanoko-o-kawaiku-shitai	2026	-	
bl-sakka-wa-risou-no-seme-ni-saretai	2026	-	
black-channel	2026	RELEASING	
black-clover	2026	FINISHED	2026
black-girls-talk	2026	RELEASING	
black-kigyou-no-shine-ga-neko-ni-natte-jinsei-ga-kawatta-hanashi-mofuta-kun-no-baai	2026	RELEASING	
black-lagoon-eda-initial-stage	2026	-	
black-lagoon-soujiya-sawyer-kaitai-goagoa-musume	2026	-	
black-na-kishidan-no-dorei-ga-white-na-boukensha-guild-ni-hikinukarete-esuranku-ni-narimashita	2026	RELEASING	
black-sheep-choujou-kimitsu-bunsekibu	2026	RELEASING	
blade-bastard	2026	RELEASING	
bless	2026	RELEASING	
blue-archive-game-kaihatsubu-daibouken	2026	RELEASING	
blue-bird-reader	2026	-	
blue-flight	2026	RELEASING	
blue-giant-momentum	2026	RELEASING	
blue-period	2026	RELEASING	
blue-planter	2026	-	
blue-print	2026	-	
blue-rokku	2026	RELEASING	
blue-ursus	2026	RELEASING	
bo-chi-dk-ni-hanataba-o-gakuen-gaadenbaasuu	2026	-	
bocchi-jieikan-no-isekai-funsenki	2026	RELEASING	
bocchi-tenseiki	2026	RELEASING	
bocchi-za-rock-gaiden-hiroi-kikuri-no-fukazake-nikki	2026	RELEASING	
boitaboine	2026	-	
boku-dake-ga-shitterundaze	2026	RELEASING	
boku-dake-no-daken-kun	2026	-	
boku-dake-yomeru-kinsho-majutsu	2026	-	
boku-no-danna-sama	2026	RELEASING	
boku-no-ikezu-na-konyakusha	2026	RELEASING	
boku-no-itoko-no-o-neesan	2026	-	
boku-no-kanojo-sensei	2026	RELEASING	
boku-no-kanojo-wa-dekkawaii	2026	RELEASING	
boku-no-kawaii-konyakusha-no-tame-naraba	2026	RELEASING	
boku-no-kawaii-oni-ga-warae-ba	2026	-	
boku-no-kokoro-no-yabai-yatsu	2026	RELEASING	
boku-no-ma-na-musume	2026	RELEASING	
boku-no-noroi-no-kyuuketsuki	2026	RELEASING	
boku-no-oshi-o-bl-sekai-kara-mamoritai	2026	-	
boku-no-suki-na-hito-ga-suki-na-hito	2026	RELEASING	
boku-star	2026	RELEASING	
boku-to-gyaru-ga-fuufu-ni-narumade	2026	-	
boku-to-roboko	2026	RELEASING	
boku-wa-aokute-toumei-de	2026	-	
boku-wa-isekai-de-fuyo-mahou-to-shoukan-mahou-o-tenbin-ni-kakeru	2026	RELEASING	
boku-wa-kimi-to-yume-o-miru	2026	-	
boku-wa-mada-sono-kanjou-o-shiranai	2026	-	
boku-wa-youkai-ni-naritai	2026	-	
bokura-ha-minna-ndeiru	2026	RELEASING	
bokura-no-ai-wa-kimochiwarui	2026	FINISHED	2026
bokura-no-kiseki	2026	RELEASING	
bokura-wa-koi-ni-ochiru-setogiwa-de	2026	-	
bokura-wa-mada-sora-no-yume-o-minai	2026	RELEASING	
bokusatsu-pink	2026	RELEASING	
bokusatsu-pinku-gaiden-baibai-pinku	2026	-	
bokutachi-wa-tada-no-osananajimi	2026	-	
bokuwajissaideichiokuenkaseida	2026	-	
bon-hyakusen-sai	2026	FINISHED	2025
bonkotsu-shinpei-no-monster-life	2026	RELEASING	
bonkura-onmyouji-no-oniyome	2026	RELEASING	
bonobono	2026	RELEASING	
booto-girl	2026	-	
bootsleg	2026	RELEASING	
boruto-two-blue-vortex	2026	RELEASING	
borutonarutonekusutojienereeshonzusutooriigaido-bifoozaribaasaru	2026	-	
bosu-tono-atsui-ichiya-no-kiseki	2026	-	
botsuraku-hakushaku-reijou-wa-kazoku-o-yashinaitai	2026	-	
botsuraku-reijou-binbou-kishi-no-maid-ni-narimasu	2026	RELEASING	
botsuraku-reijou-desu-konotabi-tsundere-kishi-sama-no-koibitoyaku-ni-narimashita	2026	FINISHED	2026
botsuraku-reijou-no-akutou-sanka	2026	-	
botsuraku-reijou-no-okinimesuma-ma	2026	RELEASING	
botsuraku-reiko-no-cinderella-gourmet	2026	-	
botsuraku-yotei-nanode-kaji-shokunin-o-mezasu	2026	RELEASING	
botsuraku-yotei-no-kizoku-dakedo-hima-datta-kara-mahou-o-kiwamete-mita-comic	2026	RELEASING	
bou-kun-na-ane-ni-suteraretara-koushaku-kakka-ni-hirowaremashita	2026	RELEASING	
bouken-ni-wa-buki-ga-hitsuyou-da	2026	RELEASING	
bouken-shinai-watashi-no-isekai-manual	2026	-	
boukenka-ni-narou	2026	RELEASING	
boukenou-biito	2026	RELEASING	
boukensha-aru-aitsu-no-mahou-wa-okashii-comic	2026	RELEASING	
boukensha-license-o-hakudatsusareta-otsu-san-dakedo-manamusume-ga-dekita-node-nonbiri-jinsei-o	2026	RELEASING	
boukensha-matching-app-de-aishou-batsugunda-kedo-seikaku-saiakuna-onna-to-party-	2026	-	
boukensha-zettai-korosu-dungeon	2026	RELEASING	
boukun-ouji-no-keiyakuhi	2026	-	
boukun-sama-wa-yasashiku-naritai	2026	-	
boukunou-no-hatsukoi	2026	-	
boukyaku-battery	2026	RELEASING	
boukyaku-no-sachiko	2026	RELEASING	
boukyou-tarou	2026	RELEASING	
bouncer	2026	RELEASING	
bounty-parade	2026	-	
bouryoku-banzai	2026	RELEASING	
boushoku-no-beruseruku	2026	RELEASING	
bouya-to-akuma	2026	-	
boyish-kanojo-ga-kawaisugiru	2026	RELEASING	
branch-line	2026	RELEASING	
brat-tamer-joker-cheers	2026	-	
bread-barber-shop	2026	-	
break-back	2026	RELEASING	
break-new-world	2026	-	
brother-jingi	2026	RELEASING	
buaisouna-hiiragisan-wa-vr-e-chi-ga-yamerarenai	2026	-	
bubble	2026	RELEASING	
bubble-samurai	2026	RELEASING	
buchigire-reijou-wa-houfuku-o-chikaimashita	2026	RELEASING	
buchou-kara-gikei-soshite-koibito	2026	RELEASING	
buchou-no-yoru-teku-ga-sugosu-gite-koshi-ga-uki-masu-uzuki-masu	2026	-	
bug-ego	2026	RELEASING	
bujutsu-no-meishudesu-ga-sokushitsu-ni-tensei-shimashita	2026	-	
bukiyouda-kedo-amasugiru	2026	-	
bumper	2026	RELEASING	
bunchou-sama-to-watashi	2026	RELEASING	
bungo-unreal	2026	RELEASING	
bungou-no-oyatsu	2026	-	
bungou-stray-dogs	2026	RELEASING	
bungou-stray-dogs-storm-bringer	2026	-	
bungou-stray-dogs-wan	2026	RELEASING	
bungou-sutoreidoggusu-tanteisha-setsuritsu-hiwa	2026	-	
bunka-kousakusha-shichijou-tokkou-no-bouken	2026	RELEASING	
buradikuto	2026	-	
burari-i-sekai-kemo-no-tabi	2026	-	
burari-tsuri-samurai	2026	-	
burutaanyu-hanayome-ibun	2026	RELEASING	
buruuejjiengeeji	2026	-	
bushinden	2026	RELEASING	
busou-tensei	2026	-	
buta-kizoku-wa-mirai-o-kirihiraku-you-desu	2026	RELEASING	
buta-no-fukushuu	2026	RELEASING	
buta-no-liver-wa-kanetsu-shiro	2026	RELEASING	
butsumetsu-kekkon	2026	RELEASING	
butsurigata-shiromadoushi-no-kiseki	2026	-	
buttai-xyz	2026	-	
buyotopia	2026	-	
byoujaku-na-akuyaku-reijou-desu-konyakusha-ga-kahogo-sugite-nigedashitai	2026	RELEASING	
byoujaku-na-kizumono-reijou-no-himitsu-no-kekkon	2026	-	
byoujaku-shoujo-tensei-shite-kenkou-na-nikutai-saikyou-o-te-ni-ireru	2026	-	
cake-bomb	2026	RELEASING	
cake-no-kirenai-hikou-shounentachi	2026	RELEASING	
camera-baka-ni-tsukeru-kusuri	2026	-	
camera-hajimetemo-ii-desuka	2026	RELEASING	
campanella-no-tou	2026	RELEASING	
can-you-do-asachun-with-me-for-save-the-worldsekaiwosukuutamenitsugutotoasachundekimasuka	2026	RELEASING	
canon-lady	2026	RELEASING	
captain-2	2026	RELEASING	
captain-tsubasa-boys-dream	2026	RELEASING	
card-game-de-sekai-ga-horobu-sekai-ni-tensei-shite-card-shop-o-kaiten-shitara	2026	-	
cardfight-vanguard-full-fighters	2026	-	
cardfight-vanguard-skyride	2026	RELEASING	
cardfight-vanguard-youthquake	2026	-	
casshern-r	2026	-	
catenaccio	2026	RELEASING	
cecil-no-joou	2026	RELEASING	
centuria	2026	RELEASING	
ch-touroku-onegai-shimasu	2026	-	
chameleon-wa-tenohira-ni-koi-o-suru	2026	-	
chan-no-result	2026	-	
change-the-world-chiyoda-2025	2026	RELEASING	
chanpen-to-mamapen-no-heibon-dakedo-shiawase-na-hibi	2026	-	
chanpon	2026	-	
chanto-norotte-ichiko-chan	2026	RELEASING	
charlotte-niwa-5-nin-no-deshi-ga-iru	2026	-	
charlotte-totsuki-2024	2026	FINISHED	2026
chaser-game	2026	FINISHED	2021
cheat-de-katei-saien	2026	-	
cheat-skill-shihai-o-tsukatte-isekai-harem	2026	RELEASING	
cheat-tensei-neko-wa-yome-no-hiza-de-maruku-naritai	2026	RELEASING	
cheat-yakushi-no-slow-life	2026	RELEASING	
cherry-cherry	2026	-	
cherry-yuusha-to-sei-naru-tsurugi	2026	RELEASING	
chi-chigiri-no-anasutashia	2026	-	
chi-o-hau-boukoku-no-joou	2026	RELEASING	
chibi-godzilla-no-gyakushuu	2026	-	
chibikko-kenja-lv-1-kara-isekai-de-ganbarimasu	2026	RELEASING	
chichi-chichi	2026	RELEASING	
chichi-to-haha-o-nakushi-toyama-no-yamagoya-de-hataraku-hanashi	2026	-	
chichi-wa-eiyuu-haha-wa-seirei-musume-no-watashi-wa-tenseisha	2026	RELEASING	
chigau-class-no-sukina-hito	2026	-	
chihaya-restart	2026	RELEASING	
chihayafuru-plus	2026	RELEASING	
chii-chan-no-oshinagaki	2026	RELEASING	
chii-chan-no-oshinagaki-hanjouki	2026	RELEASING	
chikaano-k	2026	RELEASING	
chikarawaza-no-sister	2026	RELEASING	
chikuwa-senki-ore-no-kawaii-de-chikyuu-shinryaku	2026	-	
chikyuu-ga-owarurashii-node-ima-kara-kimi-o-kankin-shimasu	2026	-	
child-ririibaa	2026	RELEASING	
chinchin-devil-o-oe	2026	RELEASING	
chingochou-futsuryoukyoku-ukeika	2026	RELEASING	
chira-chiller	2026	RELEASING	
chirizokonai-no-hiraeth	2026	-	
chiseigaku-boys	2026	RELEASING	
chittai-ore-no-makikomare-isekai-seikatsu	2026	RELEASING	
chiwata-senpai-mushi-shinaide	2026	-	
chiyu-mahou-no-machigatta-tsukaikata	2026	-	
choco-puri	2026	FINISHED	2025
chotto-kii-te-yo-miyazawasan	2026	-	
chotto-rusu-ni-shiteitara-ie-ga-botsuraku-shite-imashita	2026	-	
chou-ana-riron	2026	-	
chou-ha-nakutomo-shokuyoku-ha-aru	2026	-	
chou-nankan-dungeon-de-10-mannen-shugyou-shita-kekka-sekai-saikyou-ni	2026	RELEASING	
chou-shin-uchuu-yori-ai-o-komete	2026	RELEASING	
chou-tensai-hatsumei-reijou-no-powerful-ryouchi-kaikaku	2026	RELEASING	
chou-wa-aishuu-no-ori-ni-torawareru	2026	RELEASING	
choubibiri-na-haishinsha-demo-henshuu-shichaeba-kowakunaisetsu	2026	-	
choudokyuu-cheat-akuyaku-reijou-no-karei-naru-fukushuu-tan	2026	RELEASING	
chougen-market-heroes-menko-reverser-kakeru	2026	-	
chouhenkyounoryoushuaroonoseikatsu-nureginuokiseraretsuihousaremashi	2026	-	
choujin-x	2026	RELEASING	
choujou-michi-to-no-souguu	2026	-	
choukyoushi-wa-mamono-ni-kakomarete-ikite-ikimasu	2026	RELEASING	
chounin-ee-wa-akuyaku-reijou-o-doushitemo-sukuitai	2026	RELEASING	
chouno-senpai-wa-oyogasetai	2026	RELEASING	
chun-talk	2026	RELEASING	
chuu-inu-dom-wa-higashi-shunin-o-amayakashitai	2026	-	
chuuka-ichiban-kiwami	2026	RELEASING	
chuunen-junai-syndrome	2026	-	
chuusotsu-worker-kara-hajimeru-koukou-seikatsu	2026	RELEASING	
chuutoriaru-ga-hajimaru-mae-ni	2026	-	
chuuzaisan-to-watashi	2026	-	
chuuzenji-sensei-mononoke-kougiroku	2026	RELEASING	
cinderella-athletes	2026	FINISHED	2026
cinderella-na-gitei-to-nigerarenai-watashi	2026	-	
cinderella-no-ane-desu-fuhoni-nagara-ouji-to-kekkon-suru-koto-ni-narimashita	2026	RELEASING	
cinderella-no-hanran	2026	RELEASING	
cinderella-no-kakushigoto	2026	-	
clamp-premium-collection-angelic-layer	2026	-	
class-de-2-banme-ni-kawaii-onnanoko-to-tomodachi-ni-natta	2026	RELEASING	
class-goto-i-sekai-teni-shitara-boku-dake-yoru-no-keikenchi-de-level-up-suru-ken	2026	-	
class-mushoku-no-eiyuu-tan	2026	RELEASING	
class-no-bocchi-gal-o-omochikaeri-shite-seisokei-bijin-ni-shiteyatta-hanashi	2026	RELEASING	
class-no-daikirai-na-joshi-to-kekkon-suru-koto-ni-natta	2026	RELEASING	
class-no-inkya-ni-kareshi-no-sainou-ga-arisugiru	2026	RELEASING	
class-no-kage-kya-ojousama-no-shitsuji-ni-narimashita-my-pure-lady	2026	-	
class-saiyasune-de-urareta-ore-wa-jitsu-wa-saikyou-parameter	2026	RELEASING	
class-shoukan-ni-makikomareta-kyoushi-hazure-skill-de-kikai-shoujo-o-shuuri-suru	2026	RELEASING	
class-teni-de-kyoten-mahou-o-te-ni-iretara-harem-kyoudou-seikatsu-ga-hajimarimas	2026	-	
class-teni-de-ore-dake-haburareta-node-doukyuusei-harem-tsukuru-koto-ni-shita	2026	FINISHED	2025
classmate-no-bishoujo-yonin-ni-tanomareta-node-buiaaru-emuemuoo-nai-de-senzoku-ryourinin-o	2026	RELEASING	
classmate-wa-isekai-de-yuusha-ni-natta-kedo-ore-dake-gendai-nippon-ni-okizari-ni-saremashita	2026	FINISHED	2025
climax-necromance	2026	RELEASING	
code-geass-shinketsu-no-almaria	2026	-	
coffee-ando-vanilla-black	2026	RELEASING	
coffee-talk-refill	2026	-	
cold-game	2026	RELEASING	
colorful-antinomy	2026	RELEASING	
colorful-gray	2026	FINISHED	2025
colori-colore-creare	2026	RELEASING	
comic-akagawa-jirou-mystery	2026	-	
comic-essay-jihei-spectrum-shou-to-no-jouzuna-tsukiaikata-nyuumon	2026	-	
comic-mei-tantei-asami-mitsuhiko	2026	-	
comic-ran-selection-shaseki-inu	2026	-	
confused-symmetry	2026	-	
cooking-papa	2026	RELEASING	
cool-na-futari-wa-mikake-ni-yoranai	2026	RELEASING	
cool-na-hikami-san-wa-semaritai	2026	-	
cool-na-megami-sama-to-isshokenmei-ni-sundara-amayakashisugite-ponkotsu-ni-shiteshimatta-ken-ni	2026	RELEASING	
cosmos	2026	RELEASING	
cowboy-no-hanayome-kouho	2026	-	
craft-skill-de-i-sekai-no-mujintou-o-dai-kaizou	2026	-	
crash-berry-quartet	2026	-	
crazy-high-maintenance	2026	-	
crazy-run	2026	RELEASING	
crbr-crazy-raccoon-battle-royale	2026	-	
criminal-border-the-comic	2026	-	
cross-over-rev	2026	RELEASING	
crystal-ojou-sama-wa-otokonoko	2026	-	
cuprum-no-hanayome	2026	RELEASING	
curry-o-tabe-te-level-up	2026	-	
curry-sawa-kaoru-otoko-o-kataru	2026	RELEASING	
cut-ando-peesuto-de-kono-sekai-o-ikiteiku	2026	RELEASING	
cutie-honey-nova	2026	-	
d-diver	2026	RELEASING	
daakuma-rushieru-no-kindan-no-yuuwaku	2026	RELEASING	
daburyuu-daburyuu-emu-gokuaku-resuraa-mama-ni-naru	2026	RELEASING	
dai-17-ouji-no-meidai	2026	-	
dai-3-ouji-wa-surooraifu-o-go-goshomou	2026	RELEASING	
dai-akutou-shounen	2026	RELEASING	
dai-seijo-wa-ten-ni-mesarete-panya-no-gimusume-ni-narimashita	2026	RELEASING	
daifugou-to-okizari-no-hanayome	2026	-	
daifuku-chan-to-ouji-sama	2026	RELEASING	
daigo-joou-no-nariagari	2026	FINISHED	2026
daija-ni-totsuida-musume	2026	RELEASING	
daijuukou-to-unicornis-no-otome	2026	RELEASING	
daikaijuu-geaachima	2026	RELEASING	
daishimin-gan-toubyouki	2026	-	
daishizen-no-mahoushi-asht-sutareta-ryouchi-de-slow-life	2026	RELEASING	
daishouka-no-manamusume	2026	-	
daisuki-itoshi-no-muco	2026	RELEASING	
daisuki-na-hito-nanoni-sefure-keiyaku-musunjaimashita	2026	-	
daisukina-kimi-e-negaukoto	2026	-	
dakara-akuyaku-reisoku-no-koshiginchaku	2026	-	
dakara-onegaisukida-to-itte	2026	-	
dakara-watashi-itta-wa-yo-ne	2026	-	
dakareta-akuyaku-reijou-wa-gekihen-ouji-no-dekiai-route-ni-totsunyuuchuu	2026	RELEASING	
dakasete-kudasai-furutaka-shunin	2026	RELEASING	
dakedo-kurasedo-suki-ga-ienai	2026	RELEASING	
damatte-boku-ni-amayakasarete	2026	RELEASING	
dame-ningen-no-aishikata	2026	RELEASING	
damedoru-to-sekai-1-dake-no-fun	2026	RELEASING	
damonde-toyohashi-ga-sukitte-ittorujan	2026	RELEASING	
dan-dawn	2026	RELEASING	
dan-mitsu	2026	RELEASING	
dance-dance-danseur	2026	RELEASING	
danchi-no-futari	2026	-	
danchou-aratame-kyouken-kishi-no-shitsukeyaku	2026	-	
danchou-sama-no-amai-yuuwaku	2026	RELEASING	
dancing-generation-senior	2026	RELEASING	
dandadan	2026	RELEASING	
danjo-no-yuujou-wa-seiritsu-suru-iya-shinai	2026	RELEASING	
danjohi-1-tai-5-no-sekai-demo-futsuu-ni-ikirareru-to-omotta	2026	RELEASING	
danjohi-bagu-tte-irunoni-akuyaku-tenseida-to-omoikondeiru-yatsu	2026	-	
danna-ga-totsuzen-shinimashita	2026	-	
danna-no-douryou-ga-elf-kamo-shiremasen	2026	-	
danna-sama-ga-asa-kara-ban-made-hanashi-tekurenai	2026	RELEASING	
danna-sama-kaseide-rikon-sasete-itadakimasu	2026	FINISHED	2024
danna-sama-sorosoro-rikon-shimasen-ka	2026	RELEASING	
danna-sama-wa-shuumatsu-heiki	2026	RELEASING	
dannasama-rien-wa-ok-desu-ga-slow-life-wa-keizoku-kiboudesu-migawari-oujo-wa-dok	2026	-	
danshaku-musou-kizokugirai-no-seinen-ga-inaka-kizoku-ni-tensei-shita-ken	2026	-	
danshikou-no-hime	2026	RELEASING	
danshikou-no-kurage-sensei	2026	-	
danshikou-no-seitai	2026	RELEASING	
dansou-kishi-wa-outaishi-no-okiniiri	2026	-	
dansou-no-reijou-wa-gokujou-no-mitsu-ni-oborete-reiri-na-zaibatsu-onzoushi-ni-mibun-o-kawaremashita	2026	-	
danzai-no-girishia-fugou	2026	-	
danzai-sareru-koushaku-reijou-umarekawatte-rasu-bosu-no-ouhisama	2026	-	
danzai-sareta-akuyaku-reijou-desu-pan-o-yaitara-seijo-ni-job-change-shimashita	2026	RELEASING	
danzai-sareta-akuyaku-reijou-wa-gyakkou-shite-kanpeki-na-akujo-o-mezasu	2026	-	
danzai-sareta-ateuma-ouji-to-aishitagari-kokuryuu-heika-no-shiawasena-kekkon	2026	-	
danzai-sarete-iru-akuyaku-reijou-to-irekawatte-konyakusha-tachi-o-butsu-tobashitara-dekiai-ga-matte	2026	RELEASING	
dappou-tamer-no-nariagari-bouken-tan	2026	RELEASING	
darashinai-desu-hotta-sensei	2026	RELEASING	
dare-demo-dakeru-kimi-ga-suki	2026	RELEASING	
dare-ga-komadori-nigashita-no	2026	-	
dare-ka-ookamisan-no-shitsukekata-shirimasen-ka	2026	-	
dare-nimo-aisarenai-node-yuka-o-migaite-itara-soko-ga-seiikika-shita-reijou-no-hanashi	2026	RELEASING	
dare-nimo-aisarenakatta-shuuwai-reijou-ga-shiawase-ni-naru-made	2026	RELEASING	
dare-nokoto-mo-suki-janaihazu-ga-jiyuusugiru-ou-otouto-denka	2026	-	
dareka-kono-joukyou-o-setsumei-shite-kudasai	2026	RELEASING	
dark-gathering	2026	RELEASING	
dark-souls-redemption	2026	-	
dark-summoner-to-dekite-iru	2026	RELEASING	
darling-wa-80-sai	2026	-	
darwin-jihen	2026	RELEASING	
darwin-no-taizai	2026	RELEASING	
dashichaimashousenpai	2026	-	
datenshi-chan-wa-ganbarenai	2026	-	
datenshi-koumori-kun-no-junai	2026	-	
datenshi-no-karte	2026	RELEASING	
datsuraku-reijou-no-kekkon	2026	RELEASING	
datsusara-souryo-no-dungeon-sousou-haishin	2026	-	
datte-anata-ga-uwaki-o-shitakara	2026	-	
datte-nozomarenai-tsugai-desu-kara	2026	RELEASING	
daunaa-kei-onee-san-ni-mainichi-kasu-no-uso-o-nagashikomareru-hanashi	2026	-	
dead-account	2026	RELEASING	
dead-donto-talk	2026	-	
dead-mount-death-play	2026	RELEASING	
dead-rock	2026	RELEASING	
dead-tube	2026	RELEASING	
deadpool-samurai-sano-2021	2026	FINISHED	2026
deaimon	2026	RELEASING	
dear-boys-act-4	2026	RELEASING	
deatte-5-byou-de-battle	2026	RELEASING	
debu-to-love-to-ayamachi-to	2026	RELEASING	
deep3	2026	RELEASING	
deka-neko-bikkurabu-ore-no-onna-ni-te-o-dasu-nya	2026	-	
dekai-wa-chi	2026	-	
dekaiusagininatsukareta	2026	-	
dekasugi-dekka-kun	2026	RELEASING	
dekiai-cinderella	2026	-	
dekiai-royale	2026	RELEASING	
dekiai-sakushi-na-goei-kishi-wa-junsui-baiyou-reijou-ni-ijiwaru-shitai	2026	-	
dekiai-shuuchaku-alpha-kun	2026	-	
dekikon-dekiaisarerudekichattakon	2026	-	
dekin-no-mogura	2026	RELEASING	
dekiru-danjo-no-dekinai-koi	2026	RELEASING	
dekiru-maid-sama	2026	-	
dekiru-neko-wa-kyou-mo-yuuutsu	2026	RELEASING	
dekiru-onna-no-ikinukijutsu	2026	-	
dekisokonai-majo-no-yomeiri	2026	FINISHED	2026
dekisokonai-no-jinan-wa-reikoku-koushaku-sama-ni-dekiai-dekiaisareru	2026	RELEASING	
dekisokonai-no-majo-wa-shishi-koushaku-to-mitsu-kon-suru	2026	-	
dekisokonai-reijou-ni-tensei-shita-gal-ga-mikaesu-tame-ni-doryoku-shita-kekka-dekiai	2026	RELEASING	
dekoboko-majo-no-oyako-jijou	2026	RELEASING	
demekin	2026	RELEASING	
denka-anata-ga-suteta-onna-ga-honmono-no-seijo-desu	2026	RELEASING	
denka-chotto-hitokoto-yoroshiidesuka	2026	-	
denpa-no-todoku-jikuu-ni-imasu	2026	RELEASING	
densetsu-no-akuyaku-reijou-rashii-node-honpen-ni-wa-denai-koto	2026	-	
densetsu-no-ore	2026	RELEASING	
densetsu-no-touzokuou-f-rank-boukensha-o-hajime-te-musou-suru-ura-shakai-saikyou	2026	-	
deokure-tamer-no-sonohigurashi	2026	RELEASING	
deriheru-yondara-moto-doukyuusei-ga-kita	2026	-	
derikatesse	2026	-	
deriwo-no-oshigoto	2026	RELEASING	
destiny-unchain-online	2026	RELEASING	
destro-016	2026	RELEASING	
deyueru-masutaazu-aizouban	2026	-	
diamond-no-kouzai	2026	RELEASING	
dig-it	2026	RELEASING	
dignity	2026	RELEASING	
diichuubaa	2026	-	
diikyuu-boukensha-no-ore-naze-yuusha-party-ni-kanyuu-sareta-ageku-joou-ni-tsukimatowareteru	2026	RELEASING	
diner	2026	RELEASING	
dinosan	2026	RELEASING	
disney-twisted-wonderland-the-comic-episode-of-scarabia	2026	-	
dobe-to-nora	2026	RELEASING	
doctor-children-shouni-gekai	2026	RELEASING	
doesushachouwadoemuhishooijimetai-ofisudenuretorogangurebyuu	2026	-	
dog-signal	2026	RELEASING	
doga	2026	RELEASING	
dogsred	2026	RELEASING	
doinaka-shusshin-no-imo-reijou-naze-koushaku-ni-dekiai-dekiaisareru	2026	RELEASING	
doka-gui-daisuki-mochizuki-san	2026	-	
dokidoki-sasende-hatano-kun	2026	-	
doko-yori-mo-tooi-basho-ni-iru-kimi-e	2026	-	
doku-doku-mori-mori	2026	RELEASING	
doku-no-ou-saikyou-no-chikara-ni-kakusei-shita-ore-wa-bikitachi-o-shit	2026	-	
doku-o-kurawaba-ai-made	2026	-	
doku-o-kurawaba-sakura-made	2026	RELEASING	
doku-oya-gari	2026	-	
dokudami-no-hana-saku-koro	2026	RELEASING	
dokuiri-hime-no-yomeiri	2026	-	
dokushin-kizoku	2026	-	
dolls-nest-orphans	2026	-	
donketsu-dainishou	2026	RELEASING	
doom-satsujin-keisatsukan-no-danzairoku	2026	-	
doooom	2026	RELEASING	
dooro-star	2026	-	
dora-hachi	2026	RELEASING	
doraemon-kagaku-world-special-chikyuu-no-houmotsu-koubutsu-to-houseki	2026	-	
doragemisu	2026	FINISHED	2026
dore-ga-koi-ka-ga-wakaranai	2026	RELEASING	
doredake-doryoku-shitemo-mannen-level-0-no-ore-wa-tsuihousareta-sareta	2026	RELEASING	
dorei-gaeshi-no-hangyaku-maou	2026	-	
dorei-kara-no-kitai-to-hyouka-no-sei-de-sakushu-dekinai-nodaga	2026	RELEASING	
dorei-sensei	2026	RELEASING	
dorei-shounin-shika-sentakushi-ga-naidesuyo	2026	RELEASING	
dorobune-kizoku-no-goreijou	2026	RELEASING	
dorokeifamirii	2026	-	
doryokusuki-no-tensai-renkinjutsushi	2026	-	
dosutoikku-ni-semetekuru	2026	-	
dot-alice	2026	-	
double-helix-blossom	2026	RELEASING	
double-noda-2019	2026	RELEASING	
double-play	2026	RELEASING	
doubutsu-ningen	2026	RELEASING	
douganna-joushi-wa-sukidesu-ka	2026	-	
douka-ore-o-houtteoitekure	2026	RELEASING	
doukyo-shite-iru-kensei-no-onna-shishou-ga-kawai-sugite-mainichi-shiawase-desu	2026	RELEASING	
doukyonin-wa-gitei	2026	-	
doukyoningakonoyonomonjanai	2026	-	
doukyuusei-ni-semararetemasu	2026	-	
doumo-butsuyoku-no-seijo-desu	2026	RELEASING	
doumo-suki-na-hito-ni-horegusuri-o-irai-sareta-majo-desu	2026	RELEASING	
doumo-uwasa-no-akujodegozaimasu-seijo-no-chikara-wa-sashiageru-node-watashi-wa-o	2026	-	
dounimo-bukiyouna-fuufudeshi-te	2026	-	
douse-shinu-nara-kiss-shitai	2026	RELEASING	
dousenara-higan-made	2026	-	
doushi-shoujo-yo-teki-o-ute	2026	RELEASING	
doutei-yuusha-wa-nakayoku-shitai	2026	RELEASING	
doutonbori-flying-jesus-splash	2026	-	
douyara-binbou-danshakuke-no-suekko-ni-tensei-shita-rashii-desu	2026	-	
douyara-ore-wa-imadoki-gal-na-toshiue-osananajimi-kara-gekiomo-kanjou-o-mukerarete-iru-rashii	2026	RELEASING	
downer-megami-wa-oshiga-tsuyoi	2026	-	
downer-na-kouhai-wa-sex-da-to	2026	-	
downer-o-neesan-wa-asobitai	2026	-	
dr-eggs	2026	RELEASING	
draft-king	2026	RELEASING	
dragon-ball-super-divers-let-s-super-dive	2026	RELEASING	
dragon-musume-ni-naritakunai	2026	-	
dragon-musume-no-doko-demonai-zone	2026	RELEASING	
dragon-no-i-de-oyasumi	2026	-	
dragon-quest-dai-no-daibouken-yuusha-aban-to-gokuen-no-maou	2026	RELEASING	
dragon-quest-eden	2026	-	
dragon-to-yamagurashi-kyuujitsu-wa-i-sekai-de-camp-life	2026	-	
dragon-yashinatte-kudasai	2026	RELEASING	
draken-code	2026	-	
drama-na-koi-wa-kihon-kara	2026	FINISHED	2025
drama-queen	2026	RELEASING	
drawing	2026	-	
drcl	2026	RELEASING	
dream-jumbo-girl	2026	RELEASING	
dress-o-suteta-hanayome	2026	-	
dressing	2026	RELEASING	
dropout-kara-no-saishuushokusaki-wa-isekai-no-saikyou-kishidan-deshita	2026	RELEASING	
duel-masters-keikou-shoujo-neon-light-girl	2026	-	
duel-masters-rx	2026	-	
dungeon-band	2026	RELEASING	
dungeon-camper-no-ore-gal-haishinsha-o-tasuketara-bazutta-ue-ni-mainichi-gal-ga-meshi-o-kui-ni-kuru	2026	RELEASING	
dungeon-elf	2026	RELEASING	
dungeon-ga-arawarete-5-nen-15-sai-de-dungeon-ni-idomu-koto-ni-shita	2026	RELEASING	
dungeon-gakuen-no-teihen-ni-tensei-shitakedo-naze-ka-ore-ni-wa-kouryak	2026	-	
dungeon-haishin-heroine-wa-datsui-wana-de-harem-furagu-ga-tatsurashii	2026	-	
dungeon-haishin-o-kiriwasureta-yuumei-haishinsha-o-tasuketara-densetsu-no-tansakusha-toshite-bazuri	2026	RELEASING	
dungeon-hitodasuke-shitara-shirantoko-de-bazutteta-ken-jikkyou	2026	RELEASING	
dungeon-master-madarame	2026	-	
dungeon-master-wa-shinken-shoubu-ga-shitainoni	2026	-	
dungeon-ni-deai-o-motomeru-nowa-machigatte-iru-darouka-2	2026	RELEASING	
dungeon-ni-tojikomerarete-25-nen	2026	-	
dungeon-no-aru-sekai-de-kashikoku-sukoyaka-ni-ikiru-houhou	2026	RELEASING	
dungeon-no-naka-no-hito	2026	RELEASING	
dungeon-oji-san	2026	RELEASING	
dungeon-ryoushu-no-gekokujou-ikinari-do-teihen-dungeon-no-master	2026	-	
dungeon-seekers	2026	-	
e-guild-nai-de-yuiitsu-o-kiwameteru-ore-o-kubi-desu-ka-comic	2026	-	
e-shanai-system-subete-wanope-shite-iru-watashi-o-kaikosareta-desu-ka	2026	RELEASING	
eat-in-wonderland	2026	-	
edge-battle-money-shot	2026	-	
edo-no-furin-wa-shi-no-kaori	2026	RELEASING	
edomae-elf	2026	RELEASING	
edomae-no-shun-ginzayanagisushisandaime	2026	RELEASING	
edozeni	2026	-	
eejiento-mokusei	2026	RELEASING	
eeranku-boukensha-no-slow-life	2026	RELEASING	
eeranku-party-o-ridatsu-shita-ore-wa-motooshiegotachi-to-meikyuu-shinbu-o-mezasu	2026	RELEASING	
efu-manga-golden-retriever-no-come-to-ikura-to-hogo-neko-ume	2026	-	
egakishi	2026	RELEASING	
egao-no-taenai-shokuba-desu	2026	RELEASING	
eichipiigodesukedoootohiirugaarebashinimasen	2026	-	
eiga-kureyonshinchan-kikikaikai-ora-no-youkai-bake-shon	2026	-	
eigyoubu-no-takasugi-san-wa-shinzou-ni-warui	2026	RELEASING	
eijingu	2026	RELEASING	
eikyuu-kikan-shimaenaga	2026	-	
eikyuu-no-yuugure	2026	RELEASING	
einen-koyou-wa-kanou-deshou-ka	2026	RELEASING	
eireitachi-kara-shugyou-o-uketsuzuketa-saigo-no-eiyuu-wa-yagate-saikyou-e-to-nar	2026	-	
eisei-otome-no-tatakaikata	2026	RELEASING	
eitei-eito-o-2-de-watte	2026	RELEASING	
eiyuu-buran-no-jinsei-keikaku	2026	RELEASING	
eiyuu-kikan	2026	RELEASING	
eiyuu-kyoushitsu	2026	RELEASING	
eiyuu-onna-kishi-ni-yuunou-to-bareta-ore-no-bijin-harem-kishidan	2026	RELEASING	
eiyuu-sonogo-no-sekando-life	2026	RELEASING	
eiyuu-to-kenja-no-tenseikon	2026	-	
eizouken-niwa-te-o-dasuna	2026	RELEASING	
ekiden-bros	2026	FINISHED	2025
elden-ring	2026	FINISHED	2024
elden-ring-tooki-hazama-no-monogatari	2026	RELEASING	
elf-dorei-to-kizuku-dungeon-harem	2026	RELEASING	
elf-ni-sodaterare-te-jinrui-yuiitsu-no-seireijutsushi-ni-narimashita	2026	-	
elf-no-koubi	2026	-	
elf-no-yu	2026	-	
elf-to-bike-to-teikoku-chiri-chousain-to	2026	RELEASING	
elf-wa-zettai-tokimekanai	2026	-	
elisabeth-miyano2026	2026	-	
elite-yoshinaga-2025	2026	RELEASING	
embalming-magic	2026	-	
emi-to-onii-chan-no-nariyuki-gohan	2026	-	
emiya-san-no-kyou-no-gohan	2026	RELEASING	
end-mark-no-tsuzuki-kara	2026	-	
engi-no-uragawa-o-mise-shimasu	2026	-	
engideii-kara-tabe-tekure	2026	-	
enigumatika	2026	-	
enkan-no-emotions	2026	RELEASING	
enma-no-kyoushitsu	2026	RELEASING	
enmusubireijougamoteoujinokonkatsuotetsudattaranazekakudokareteirunode	2026	-	
enoku-dainibutai-no-harapeko-ensei-gohan	2026	RELEASING	
enperaazu-sangokushi	2026	-	
enzai-reijou-wa-shinjitai	2026	FINISHED	2026
epic-of-golgo-13	2026	-	
epicure-luara	2026	-	
ereki-seed	2026	-	
eriito-shain-wa-tanuki-kei-douki-o-kyou-mo-amaku-ijimetai	2026	-	
eris-no-seihai	2026	RELEASING	
erisu-no-seihai-esu	2026	-	
eroi-skill-de-isekai-musou	2026	-	
eros-shushi	2026	RELEASING	
eroteikaru-wizard-to-12-nin-no-hanayome	2026	RELEASING	
erotic-x-anabolic	2026	RELEASING	
erufunomonchankoukousei	2026	RELEASING	
erufusannomahouryouriten-youseijooutoshitetenseishitakeredo-mazuha	2026	-	
erufusenseitoyobanaide	2026	-	
eshi-munechika	2026	RELEASING	
espresso-cola-jidou-hattatsu-shien-momo-no-ki-school	2026	-	
esu-kyuu-boukensha-ga-ayumu-michi	2026	-	
esu-to-ekkusu	2026	-	
esuesuesu-rank-dungeon-de-knife-ippon-tewatasare-tsuihousareta-sareta-shiro-madoushi	2026	RELEASING	
esuesuesukyuusukiruhaifushinkannohenkyousekandoraifu-sasensakinomu	2026	-	
esukyuu-guild-o-tsuihousareta-sareta-kedo-jitsu-wa-ore-dake-dragon-no-kotoba-ga-wakaru-no-de	2026	RELEASING	
esukyuupaateiikaratsuihousaretakariudojitsuwasekaisaikyou-shateiki	2026	RELEASING	
esuranku-boukensha-de-aru-ore-no-musumetachi-wa-juudo-no-fazakon-deshita	2026	RELEASING	
esurankupaateikarakaikosaretajugushi-noroinoaitemushikatsukuremasengaso	2026	RELEASING	
etchi-na-no-wa-watashi-no-sei-ja-arimasen	2026	-	
etchina-konishi-san-to-inkyarana-uchida-san-no-shanai-love-jijou	2026	RELEASING	
eto-irokoizoushi	2026	FINISHED	2016
etsu-nouryoku-nashi-de-party-tsuihousareta-sareta-ore-ga-zen-zokusei-mahou-tsukai	2026	RELEASING	
exorcist-no-kiyoshi-kun	2026	RELEASING	
exorcist-o-otosenai	2026	RELEASING	
faibu-star-stories	2026	RELEASING	
fairy-tail-100-years-quest	2026	RELEASING	
fairy-tail-chronicle	2026	FINISHED	2018
fairy-tail-re-fantasia	2026	-	
family-show	2026	-	
fancy-kakumei	2026	RELEASING	
fanfaration	2026	-	
fantajiiginga-nandeuchuunigoburinyaookugairunda	2026	-	
fantasy-bishoujo-juniku-oji-san-to	2026	RELEASING	
farisu-no-kekkon	2026	-	
fatale-game	2026	RELEASING	
fate-extra-shiishiishii-fox-tail	2026	RELEASING	
fate-grand-order-epic-of-remnant-ashu-tokuiten-3-ashu-heikou-sekai-shizan-ketsuga-butai	2026	RELEASING	
fate-grand-order-fujimaru-ritsuka-wa-wakaranai	2026	RELEASING	
fate-grand-order-turas-r-alta	2026	RELEASING	
fate-stay-night-unlimited-blade-works	2026	RELEASING	
fate-strange-fake	2026	RELEASING	
femme-fatale-o-meshiagare	2026	-	
fermat-no-ryouri	2026	RELEASING	
fikushon-ga-tomaranai	2026	-	
filter-goshi-no-kanojo	2026	RELEASING	
final-fantasy-lost-stranger	2026	RELEASING	
find	2026	-	
fire-emblem-engage	2026	RELEASING	
first-blood-kiss	2026	-	
flying-witch	2026	RELEASING	
foodies	2026	RELEASING	
fool-night	2026	RELEASING	
fps-game-no-coach-o-hikiuketara-irainushi-ga-ninki-vtuber-no-bishoujo-datta	2026	-	
franken-fran-frantic	2026	RELEASING	
friend-girlfriend	2026	-	
fu-honidesu-ga-naruse-ni-to-saremashita	2026	-	
fuan-no-tane-asterisk	2026	FINISHED	2005
fudanshi-kun-no-precious-days	2026	-	
fudanshi-shoukan	2026	RELEASING	
fugou-no-tsuma-wa-ai-mo-shirazu	2026	-	
fuguu-no-reijou-wa-kidai-no-hikari-mahoutsukai-ni-misomerare-hana-hiraku	2026	-	
fuguu-ouji-wa-tensai-renkinjutsushi	2026	RELEASING	
fuguu-reijou-to-hikikomori-mahoutsukai	2026	FINISHED	2026
fuguu-skill-no-renkinjutsushi-henkyou-o-kaitaku-suru	2026	-	
fuguushoku-tamer-na-sei-de-party-o-tsuihou-sareta-node	2026	-	
fuhai-no-zakoshougun	2026	-	
fuji-san-daifunka	2026	-	
fuji-to-umi-saikai-to-aishuu	2026	-	
fujimino-phoenix-roujinkai	2026	-	
fujisakikun-wa-kyoumishinshin	2026	-	
fujoi-no-ishadou	2026	-	
fujou-o-nuguu-hito	2026	RELEASING	
fujun-na-kanojo-tachi-wa-zange-shinai	2026	RELEASING	
fukafuka-dungeon-kouryakuki	2026	RELEASING	
fukakouryoku-no-ai-love-yuu	2026	RELEASING	
fukigen-na-koushaku-sama-wa-uso-hakkenki-tsuki-reijou-no-torisetsu-o-go-goshomou-desu	2026	RELEASING	
fukuen-nante-itashimasen	2026	RELEASING	
fukufuku-manpuku	2026	RELEASING	
fukushokushi-ruchia-wa-akiramenai	2026	RELEASING	
fukushuu-ga-tarinai	2026	-	
fukushuu-o-chikatta-shironeko-wa-ryuuou-no-hiza-no-ue-de-damin-o-musaboru	2026	RELEASING	
fukushuu-o-koinegau-saikyou-yuusha-wa-yami-no-chikara-de-senmetsu-musou-suru	2026	RELEASING	
full-voice	2026	-	
fumi-yukaba	2026	-	
fumiya-senpai-to-suki-bare-zumi-no-boku	2026	-	
funsou-deshitara-hatta-made	2026	RELEASING	
furajairu	2026	RELEASING	
furerareru-to-shinu-to-iwareta-watashi	2026	-	
furiisukiru-de-saikyou-boukensha	2026	-	
furinsaretsumafukushuushimasuwatashitoimoutodotchigayokatta	2026	-	
furitsumore-kodoku-na-shi-yo	2026	RELEASING	
furou-fushi-no-okusuri-dashitokimasune	2026	-	
furou-fushi-shoujo-no-naedoko-ryokouki	2026	RELEASING	
furuerumigite	2026	-	
furusato-itadakimasu	2026	-	
furushiro-hotel-no-seireishi	2026	-	
fushi-o-motomerumono-kore-o-doushi-to-yobu	2026	-	
fushichougoroshi	2026	-	
fushigi-na-neko-no-machi-meltier	2026	RELEASING	
fushigi-no-kuni-no-bird	2026	RELEASING	
fushigi-yuugi-byakko-senki	2026	RELEASING	
fushinokami	2026	RELEASING	
fushiou-wa-surooraifu-o-kibou-shimasu	2026	RELEASING	
fushitaru-itansha-to-wazawai-no-ryuu-hime	2026	-	
futago-challenge	2026	FINISHED	2026
futago-matomete-kanojo-ni-shinai	2026	RELEASING	
futago-no-ane-ga-miko-toshite-hikitorarete-watashi-wa-suterareta-tabun-watashi-ga-miko-de-aru	2026	RELEASING	
futago-no-imouto-ni-korosareta-ane-nidome-no-jinsei-wa-hatsukoi-no-ikeoji-outei-ni-furubetto-shimasu	2026	-	
futago-no-mahoutsukai	2026	-	
futago-ouji-no-keibo-ni-narimashite	2026	RELEASING	
futari-basu	2026	-	
futari-bocchi-no-shitsurakuen	2026	-	
futari-etchi	2026	RELEASING	
futari-hitokumi-ni-natte-kudasai	2026	-	
futari-machi-aruki	2026	-	
futari-solo-camp	2026	RELEASING	
futaridakenohanakotoba	2026	-	
futarijime-under-dog	2026	FINISHED	2025
futei-no-ko-wa-chichi-ni-urareta-totsugisakino-nariagari-danshaku-ni-shinka-o-mi	2026	-	
futoccho-kizoku-wa-meikyuu-de-waltz-o-odoru	2026	RELEASING	
futoku-no-guild	2026	RELEASING	
futsutsuka-na-kyuuketsuki-desu-suenagaku-yoroshiku-onegai-shimasu	2026	RELEASING	
futsutsukana-akujo-dewa-gozaimasuga	2026	RELEASING	
futsuu-no-keionbu	2026	RELEASING	
futsuu-no-onna-no-ko-ni-modoritai	2026	RELEASING	
futsuu-no-onnanoko	2026	RELEASING	
futsuunohonwaarimasen	2026	RELEASING	
fuufu-ga-ryou-omoi-ni-naru-houhou	2026	-	
fuufu-no-hiketsu-wa-banshaku-desu	2026	RELEASING	
fuun-kara-no-saikyou-otoko	2026	RELEASING	
fuuto-tantei	2026	RELEASING	
fuyajou-tensei-kinyoku-shiteta-saikyou-yuushadesu-ga-seinaru-skill-de-	2026	-	
fuyoujou-no-kenshikan	2026	-	
fx-suit-kurumi-chan	2026	RELEASING	
gabu	2026	RELEASING	
gacen-shoujo-to-ibunka-kouryuu	2026	RELEASING	
gacha-yuusha-no-story-quest	2026	-	
gachi-koi-count-2-ten-9	2026	RELEASING	
gachi-koi-sase-te-yo-sefuresama	2026	-	
gachiakuta	2026	RELEASING	
gaidoyaku-no-tenshi-o-naguri-taoshitara-shiryoujutsushi-ni-narimashita	2026	-	
gaikotsu-kishi-sama-tadaima-isekai-e-odekakechuu	2026	RELEASING	
gaikotsu-kishisama-tadaima-i-sekai-e-o-dekakechuu-yorimichihen	2026	-	
gakeppuchi-kizoku-no-ikinokori-senryaku	2026	RELEASING	
gakeppuchireijouwakishisamanokyuuainikizukanai	2026	-	
gakkou-no-fuwamoko-nisshi	2026	RELEASING	
gakuen-aidorumasutaa-gold-rush	2026	RELEASING	
gakuen-kishi-no-level-appu	2026	RELEASING	
gakuen-mono-no-otome-game-no-sekai-ni-tensei-shitakedo-cheat-mochi-no-haikei-otoko-seito-datta-you	2026	RELEASING	
gakuen-ouji-wa-ore-no-tonari-de-seishun-shitai	2026	-	
gakuya-no-tona-kun	2026	RELEASING	
gal-ga-sylvanian-family-o-dekiai-shitara	2026	RELEASING	
gal-ni-yasashii-wotaku-kun	2026	RELEASING	
galaxias	2026	RELEASING	
galaxy-puchan	2026	-	
gallery-fake	2026	RELEASING	
gaman-shite-kudasai-taikou-sama	2026	-	
game-akuyaku-kizoku-ni-tensei-shita-ore-wa-cheat-kinniku-de-musou-suru	2026	RELEASING	
game-center-no-kokoro	2026	-	
game-chuuban-de-shinu-akuyaku-kizoku-ni-tensei-shita-no-de-hazure-skill-tame-o-kushi-shite-saikyou	2026	RELEASING	
game-in-high-school	2026	RELEASING	
game-o-shite-iru-to-omottara-itsunomanika-isekai-ni-ita	2026	-	
game-of-familia	2026	RELEASING	
game-sekai-de-mamono-ni-tensei-shiteshimatta-ore	2026	-	
game-sekai-no-mobu-akuyaku-ni-tensei-shitanode-rasu-bosu-o-mezashitemi	2026	-	
game-suit-no-sukima	2026	RELEASING	
gamer-ga-isekai-konten-shite-harem-jinsei-e-konteinyuu-suru-soudesu	2026	-	
gamer-ga-youkai-taiji-yattemita	2026	RELEASING	
gan-bare-jinsei-isshuume-reijouchan	2026	-	
ganbare-koppepan-wani	2026	-	
gankawakuraikeiousendesu	2026	-	
ganseki-otome-to-koishi-chan	2026	-	
ganso-kobo-chan	2026	-	
gantz-e	2026	RELEASING	
garagarapon	2026	RELEASING	
garanonogarajou	2026	-	
garasu-koubou-no-renkinjutsushi	2026	-	
garden-in-the-closet	2026	-	
gas-nora-inu-tanteidan	2026	RELEASING	
gate-0-zero	2026	-	
gate-season2	2026	-	
gedou-tenisha-no-harem-dungeon-seisakuki	2026	-	
geemuchishikidesaikyouninattamobuheishiwashinnojitsuryokuokakushitai	2026	RELEASING	
geemunosekainitenseishitaoregamarumaruninarumade	2026	-	
gekijouban-mahou-shoujo-madoka-magica-walpurgis-no-kaiten	2026	-	
gekikou-kamen	2026	RELEASING	
gekka-no-himekoi	2026	-	
gekkakoku-kiiden	2026	RELEASING	
gekkan-shoujo-nozaki-kun	2026	RELEASING	
gekkan-torirenma	2026	RELEASING	
gekkounokyoushitsu	2026	-	
gemis-gemisuu	2026	-	
gendai-dungeon-life-no-tsuzuki-wa-isekai-open-world-de	2026	RELEASING	
geneki-ooya-no-500-manenika-chuuko-ikkodate-toushi-fudousanmeguri	2026	-	
geni-kasuri	2026	RELEASING	
genjitsu-sekai-demo-shiawase-ni-shite-kudasai-ne	2026	RELEASING	
genjitsu-shugi-yuusha-no-oukoku-saikenki	2026	RELEASING	
genkai-koe-no-tenpu-wa-tenseisha-ni-shika-atsukaenai	2026	RELEASING	
genkai-ol-kirigiri-giriko	2026	RELEASING	
genkai-ol-san-wa-akuyaku-reijou-sama-ni-tsukaetai	2026	RELEASING	
genkai-shuuraku-o-datsuson-shita-renkinjutsushi-tokai-de-saikyou-nanoga-baremakuru	2026	-	
genkaiotakugagisoukoibitohajimetaken	2026	-	
genroku-yawahada-ki-tan-midare-mandala	2026	-	
genshou-x	2026	-	
genteigikon-ichinenkannofuufu	2026	-	
gesokon-funjaimashita	2026	RELEASING	
getsuyoubi-no-tawawa	2026	RELEASING	
gevaudan-toiu-kemono	2026	-	
ghost-fixers	2026	RELEASING	
giant-killing	2026	RELEASING	
giant-ojou-sama	2026	RELEASING	
gifted	2026	RELEASING	
gigant-mineo2026	2026	-	
gikazoku-ni-shuuchaku-sarete-imasu	2026	-	
gikei-vampire-wa-doku-no-otome-o-kakoikomu	2026	-	
ginba	2026	-	
ginga-densetsu-requiem	2026	RELEASING	
ginga-eiyuu-densetsu	2026	FINISHED	2026
ginga-tokkyuu-milky-subway	2026	-	
gintamasannenzuiigumiginpachisensei	2026	-	
gintarou-san-otanomi-mousu	2026	RELEASING	
girls-ando-panzer-motto-raburabu-sakusen-desu	2026	RELEASING	
girls-band-cry	2026	-	
girls-error-kodamanaoko-tan-henshuu	2026	-	
girls-vampire	2026	-	
girls-zombie-party	2026	RELEASING	
gishi-no-kawari-ni-yomei-ichinen-to-iwareru-koushaku-shisoku-sama-to-konyaku-suru-koto-ni	2026	RELEASING	
gitei-o-shiitagete-korosareru-unmei-no-akuyaku-reijou-wa-nazeka-kare	2026	-	
glass-no-kutsu-hakasemasu	2026	-	
go-houbi-wa-koi-to-choukyou-no-hajimaridesu	2026	-	
go-kainin	2026	FINISHED	2026
go-kinjo-jk-isesakisan-wa-isekai-gaeri-no-dai-seijo	2026	-	
go-to-go	2026	RELEASING	
goblin-darake-no-sekai-de-ore-dake-cheat-fuyo-majutsu-de-jiyuu-ni-ikite-iku	2026	-	
goburin-airando	2026	-	
gochisousamawanichoumede	2026	-	
gochuumon-wa-usagi-desuka	2026	RELEASING	
godzilla-galaxy-odyssey	2026	RELEASING	
gofun-no-ace	2026	-	
gohan-zame	2026	-	
gohannootomooatosukoshi	2026	-	
gohoubi-gohan	2026	RELEASING	
goji	2026	-	
gokeiyakunisakidachimashite	2026	-	
gokigenyou-ikkyoku-ikaga	2026	RELEASING	
goku-kano	2026	-	
gokuaku-hidouna-seiheki-kizoku-ga-doryoku-shitara-seijitsu-harem	2026	-	
gokuaku-jotei-no-koukyuu	2026	RELEASING	
gokudou-reijou-neko-o-hirou	2026	-	
gokufuri-kyohi-shite-tesaguri-start-tokka-shinai-healer-nakama-to-wakarete-tabi-ni-deru	2026	RELEASING	
gokujoshi-gokudoujoshishougakuseininaru	2026	-	
gokujou-dokutaa-no-dekiai-karte	2026	-	
gokujou-kareshi-to-himitsu-no-amakoi	2026	-	
gokujoukishidanchounosekkusutoreeningu-sonokyodaisugiruaisubeteuke	2026	-	
gokujoumechamoteiinchougaidenmechamoteiinchoudattawatashigaise	2026	-	
gokuraku-ni-itaru-imimon	2026	RELEASING	
gokurakugai	2026	RELEASING	
gokuritsu	2026	RELEASING	
gokushufudou	2026	RELEASING	
gokusotsu-kuraaken	2026	RELEASING	
gokuto-jihen-shuui-hanashi-akujiki	2026	-	
gokutsuma-wa-okotowari	2026	RELEASING	
golden-drop	2026	RELEASING	
golden-egg	2026	RELEASING	
golden-guy	2026	RELEASING	
golden-man	2026	RELEASING	
golden-phantom	2026	-	
golden-raspberry	2026	RELEASING	
golgo-13	2026	RELEASING	
gomi-ika-da-to-tsuihousareta-sareta-shiyounin-jitsu-wa-zense-kenja-desu	2026	RELEASING	
gomibakogurashi-no-seijosama	2026	-	
gonron-egg	2026	FINISHED	2026
gorilla	2026	-	
gorilla-no-kami-kara-kago-sareta-reijou-wa-ouritsu-kishidan-de-kawaigarareru	2026	FINISHED	2026
gorin-no-megami-sama	2026	RELEASING	
gorugo1983	2026	-	
gorugo1987	2026	-	
goryuukokumonogatari	2026	-	
gosai-de-ryuu-no-outei-denka-no-hanayome-ni-narimashita	2026	RELEASING	
gosenroppyakusainofuroufushiinfuruensaaiwaku	2026	-	
goshujin-sama-to-yuku-isekai-survival	2026	-	
gosurori-yokochou	2026	-	
gotousenseitoinishienotsuno	2026	-	
goukon-ni-ittara-onna-ga-inakatta-hanashi	2026	RELEASING	
goumon-baito-kun-no-nichijou	2026	RELEASING	
gourmet-keibu-no-bishoku-sousa	2026	-	
gozen-0-ji-no-amai-wana	2026	RELEASING	
gozen-0-ji-tokeau-netsu	2026	RELEASING	
gozennijinohaatofizu	2026	-	
guild-no-uketsukejou-desu-zangyou-wa-iya-nanode-bosu-o-soro-toubatsu-shiyou-to-omoimasu	2026	RELEASING	
guild-no-uketsukejou-wa-teiji-agari-no-yume-o-miru	2026	-	
guild-o-tsuihousareta-saretakedo-mofumofu-shinjuu-ni-sazukatta-kami-skill-randamu-renkin-de-saikyou	2026	-	
guild-tsuihousareta-sareta-zatsuyougakari-no-gekokujou	2026	RELEASING	
guilty-circle	2026	RELEASING	
guitar-shop-rosie	2026	RELEASING	
gunjin-muko-san-to-daikon-yome-san	2026	RELEASING	
gunka-no-baltzar	2026	RELEASING	
gunnou-kyoushitsu	2026	RELEASING	
gunrou-ni-hana	2026	RELEASING	
gunshin-no-hanayome	2026	RELEASING	
gunshin-to-itsuwari-no-hanayome	2026	-	
gunyochanwashippaisakujanai	2026	-	
gunyuu-o-tsuzuru	2026	-	
gura-paratsu	2026	RELEASING	
guranburu	2026	RELEASING	
guranma-no-yuuutsu	2026	RELEASING	
gurazeni-dairiiguhen	2026	RELEASING	
guru-gourmet	2026	-	
guutara-elf-no-nonbiri-isekai-kikou	2026	-	
guuzen-tasuketa-bishoujo-ga-naze-ka-ore-ni-natsuiteshimatta-ken-nitsuite	2026	-	
gyakkou-shita-akuyaku-reijou-wa-naze-maryoku-o-ushinatta-node-shinsou-no-reijou-ni-narimasu	2026	RELEASING	
gyakkou-shita-moto-akuyaku-reijou-seikaku-no-warusa-wa-naosazu-shokei-end-kaihi-	2026	-	
gyakkouakujohayarukotogaoosugiru	2026	-	
gyakkounokuruchan	2026	-	
gyakkyounimakenaichaariiburaun	2026	-	
gyakusatsu-stadium	2026	RELEASING	
gyakutai-sarete-ita-shouka-no-reijou-wa-seijo-no-chikara-o-te-ni-ire-mujikaku-ni-yousha-naku	2026	RELEASING	
gyakuten-baribaribaasu	2026	-	
gyakuten-reijou-sheriaane	2026	-	
gyara-nomi-joshi-to-ramen-ojisan	2026	-	
gyaru-no-jitensha-o-naoshitara-natsukareta	2026	-	
gyaru-shinkan-wa-rizare-ga-darui	2026	-	
gyaru-yome-no-himitsu	2026	-	
gyarugishichannoyabeenichijou-houshasengishinokawaikunaioshigoto	2026	-	
gyokuza-to-nightingale	2026	-	
gyouten-no-crown	2026	-	
ha-ra-pekotsuuringurume	2026	-	
habou-no-wadachi	2026	RELEASING	
habsburg-ka-no-kareinaru-junan	2026	-	
haburare-ruuntsukai-no-isekai-bouken-tan	2026	-	
hachigatsu-no-time-machine	2026	-	
hachimitsu-ni-ama-ga-mi	2026	-	
hachimitsu-reijou-no-keiyaku-kekkon-yatoware-tsuma-ni-amai-koi-wa-fuyoudesu-volu	2026	-	
hacking-ghost	2026	RELEASING	
hadaka-no-shouzou	2026	FINISHED	2018
hadan-zentei-migawari-hanayome-wa-katabutsu-onzoushi-no-mouai-ni-torokasareru	2026	FINISHED	2025
haguchi-san	2026	RELEASING	
hagure-idol-jigokuhen	2026	RELEASING	
haha-o-tazunete-isekai-ni	2026	RELEASING	
hai-baiyoushi-mizuiro	2026	RELEASING	
hai-no-sekai-wa-kami-no-me-de-irozuku	2026	RELEASING	
hai-to-gin-no-hane	2026	RELEASING	
haifuri	2026	RELEASING	
haiiro-to-aka	2026	-	
haikaburi-hime-wa-kekkon-shita-nao-ouji-wa	2026	RELEASING	
haikaburi-oji-san-to-nekoouji	2026	-	
haikaburitohimitsunoyakata	2026	-	
haikei-arishihi-ni-saku-hanatachi-e	2026	RELEASING	
haikei-koroshiya-san-to-kekkon-shimashita	2026	RELEASING	
haikei-mishiranu-danna-sama-rikon-shite-itadakimasu	2026	RELEASING	
haikei-tengoku-no-nee-san-yuusha-ni-natta-mei-ga-erosugite-oji-san-hogosha-toka-sorosoro-muri-desu	2026	RELEASING	
haikouen-no-homeless-seijo	2026	-	
haishin-ni-chimeiteki-ni-muiteinai-onnanoko	2026	-	
haisupe-bengoshi-to-no-doukyo-seikatsu-wa-saitee-de-saikou-desu	2026	-	
haisupe-kon-nimo-hodo-ga-aru	2026	FINISHED	2025
haitatsusaki-no-onee-san-ga-kowasugiru	2026	RELEASING	
haitekudasai-takamine-san	2026	RELEASING	
hajime-no-ippo	2026	RELEASING	
hajimemashite-orenoshinyuu	2026	RELEASING	
hajimete-koi-o-shita-hi-ni-yomu-hanashi	2026	RELEASING	
hajimete-no-gal	2026	RELEASING	
hajimete-no-onii-chan	2026	RELEASING	
hajimete-no-sefure	2026	RELEASING	
hajirau-hodo-nishitagatte	2026	-	
hakamori-tsuma-to-ougon-ryuu	2026	-	
haken-suit-yamada-noriko	2026	RELEASING	
hakidame-to-isha	2026	-	
hakobi-no-inu	2026	RELEASING	
hakoiri-ouji-to-shitsuji-hime	2026	FINISHED	2025
hakoniwa-no-chashitsu	2026	RELEASING	
haku-mizuho-miya-no-o-ryouriban	2026	-	
hakugin-shiro-no-shitsukekata	2026	-	
hakui-no-eiyuu	2026	RELEASING	
hakumei-to-mikochi	2026	RELEASING	
hakuryuu-hadou	2026	RELEASING	
hakusen-niten-ten	2026	-	
hakushaku-ni-kawareta-hanayome	2026	-	
hakushaku-reijou-sarah-cloria-wa-kyou-mo-akai-ito-o-kiru	2026	FINISHED	2025
hakushinouedesayounara	2026	RELEASING	
hakyoku-yotei-no-akujo-no-hazu-ga-reitetsu-koushaku-sama-ga-wakarete-kuremasen	2026	RELEASING	
hal-s-moto	2026	-	
hallelujah-baby	2026	RELEASING	
hamburger-taizen	2026	-	
hametsu-flag-kaihi-no-tame-yamaoku-e-hikikomotteita-saikyou-no-akuyaku-wa-tasuketa-heroine-ni-yotte	2026	RELEASING	
hametsu-machi-akuyaku-reijou-wa-zetsurin-kikoushi-ni-dakitsubusareru	2026	-	
hametsu-no-nyotei-11-kaime-no-jinsei-wa-reikoku-nyotei-o-yamete	2026	-	
hametsu-no-oukoku	2026	RELEASING	
hametsu-no-seijo-wa-unmei-no-otto-no-dekiai-kara-nogaretai	2026	RELEASING	
hametsu-o-hikaeta-akuyaku-reijou-ga-muri-shite-heroine-o-enjita-kekka	2026	-	
hamon	2026	RELEASING	
hana-buranko-yurete	2026	FINISHED	1980
hana-ha-kotori-o-suki-sugiru	2026	RELEASING	
hana-himeru-kimi-no-meteor	2026	RELEASING	
hana-mo-sakari-no-o-toshigoro	2026	-	
hana-taba	2026	-	
hana-to-kurage-to-refrain	2026	-	
hana-to-meoto	2026	RELEASING	
hana-tsuma-to-yoiyami	2026	-	
hana-wa-nido-sakimidareru	2026	RELEASING	
hana-wa-saku-shura-no-gotoku	2026	RELEASING	
hana-yodan-to-isshokenmei	2026	RELEASING	
hanabasu	2026	RELEASING	
hanabi-chan-wa-okuregachi	2026	RELEASING	
hanairo-local-world	2026	-	
hanakin-rabu-akushidento	2026	-	
hanako-gari	2026	-	
hanamaru-gacen-meshi	2026	RELEASING	
hanaori-san-wa-tensei-shitemo-kenka-ga-shitai	2026	RELEASING	
hanauta-memowaaru	2026	RELEASING	
hanayome-o-katta-italia-fugou	2026	-	
hanayome-wa-ibara-no-mori-de-madoromu	2026	-	
hanayome-wa-nise-no-chikai-ni-namidasuru	2026	-	
hanayome-wa-shiroi-himitsu-o-yadosu	2026	-	
hanechin-to-bucky-no-oko-sama-shinryouroku	2026	RELEASING	
hangure	2026	RELEASING	
hangyaku-no-nijigasaki	2026	RELEASING	
hangyaku-no-yuusha	2026	RELEASING	
hangyakusha-toshite-oukoku-de-shokei-sareta-kakure-saikyou-kishi	2026	-	
hanitora	2026	RELEASING	
hankyuu-ensen-kaidan	2026	-	
hanma-no-ryuukishi-wa-henkyou-ni-shuuchaku-dekiaisareru	2026	RELEASING	
hanzou-to-juusannin-no-kunoichitachi	2026	-	
haou-no-koukyuu	2026	-	
hapihapi-kuruneko	2026	-	
haraguro-joushi-ni-hamerarete-wanakon	2026	-	
haramu-made-midare-ike	2026	RELEASING	
harapeko-oyako-to-moto-kare-yanushi	2026	RELEASING	
harapeko-reijou-level-appu-shokudou-hajimemashita	2026	-	
harapekosanpo	2026	-	
harassment-ga-kowai-maki-senpai	2026	RELEASING	
hard-worker-nakada	2026	RELEASING	
hare-nochi-cinderella	2026	RELEASING	
harebare-hiyori	2026	RELEASING	
harem-camp	2026	RELEASING	
harem-souzoku	2026	RELEASING	
haretahi-no-dress-koodo	2026	-	
hariko-no-hanayome	2026	-	
hariko-no-otome	2026	RELEASING	
harinezumi-to-contrast	2026	-	
haru-koi-reset	2026	-	
haru-kun-wa-otokotarashi	2026	-	
haru-no-arashi-to-monster	2026	RELEASING	
haru-no-rejisuta	2026	RELEASING	
haru-no-sabori-meshi	2026	-	
haru-wa-kumo-noue	2026	-	
haru-yobu-kemono-wa-shiro-o-tokasu	2026	-	
haruka-reset	2026	RELEASING	
haruka-to-haru	2026	-	
harumei	2026	RELEASING	
harumeku-katabutsu	2026	RELEASING	
hashire-unkooo	2026	-	
hassai-kara-hajimaru-kamigami-no-shito-no-tensei-seikatsu	2026	FINISHED	2026
hatachi-to-seijuu	2026	FINISHED	2025
hatamoto-kaikaku-otoko	2026	-	
hatarakanai-futari	2026	RELEASING	
hataraku-saibou-neko	2026	FINISHED	2026
hate-modoru-isekai-tensei	2026	RELEASING	
hate-my-mia	2026	RELEASING	
hate-no-oukyuu	2026	-	
hatori-to-furuta-no-hinichijou-sahanji	2026	RELEASING	
hatsu-nagi-himeriumu	2026	-	
hatsukoi-aite-no-oujo-no-shinpai-bakari-shi-teiru-konyakusha-to-sukkiri-sayonara	2026	-	
hatsukoi-ni-kuran-de	2026	-	
hatsukoi-reprise	2026	-	
hatsukoinoyukuewanidomenokisukara	2026	-	
havira-senki	2026	FINISHED	2026
hayaku-ore-ni-ochinasai	2026	-	
hayamirasenjinnobashaumadaisakusenbisu	2026	-	
hazure-de-hajimaru-dekiai-jinsei	2026	RELEASING	
hazure-hantei-kara-hajimatta-cheat-majutsushi-seikatsu	2026	RELEASING	
hazure-hime-wa-igai-to-aisarete-iru	2026	RELEASING	
hazure-joou-desu-konsei-wa-taikou-denka-ni-aisarete-imasu	2026	RELEASING	
hazure-potion-ga-shouyu-datta-node-ryouri-suru-koto-ni-shimashita	2026	RELEASING	
hazure-skill-dakara-to-tsuihousareta-sareta-mugen-cheat-abiritei-ga-tsuyosugite-kusa-mo-haenai-ken	2026	-	
hazure-skill-doku-mukou-o-ete-tsuihou-sareta-tenseisha	2026	-	
hazure-skill-gacha-de-tsuihousareta-sareta-ore-wa-wagamama-osananajimi-o-zetsuen-shi-kakusei-suru	2026	RELEASING	
hazure-skill-kage-ga-usui-o-motsu-guild-shokuin-ga-jitsu-wa-densetsu-no-ansatsusha	2026	RELEASING	
hazure-skill-omoidasu-de-kioku-o-torimodoshita-daikenja	2026	-	
hazure-skill-renkin-koubou-de-hajimeru-dakkan-seikatsu	2026	-	
hazure-skill-soine-ga-kakusei-shi-boku-ga-saikyou-harem-o-kizuku-made	2026	RELEASING	
hazure-yome-wa-saikyou-no-tensai-koushakusama-to-saikon-shimashita	2026	-	
hazurewaku-no-joutai-ijou-skill-de-saikyou-ni-natta-ore-ga-subete-o-juurin-suru-made	2026	RELEASING	
heart-beat-error	2026	-	
heavens-gravity	2026	-	
heibon-na-watashi-no-juu-kishidan-mofumofu-life	2026	RELEASING	
heika-kokoro-no-koe-ga-urusasugimasu	2026	FINISHED	2025
heimin-shusshin-no-teikoku-shoukan-munou-na-kizoku-joukan-o-juurin-shite-nariagaru	2026	RELEASING	
heisei-haizanhei-sumire-chan	2026	RELEASING	
heisei-wotaku-remembers	2026	RELEASING	
heiwa-no-kuni-no-shimazaki-e	2026	RELEASING	
hekiun-monogatari-onna-no-ore-ga-rei-houkai-no-danshikou-ni-haittara	2026	-	
hell-mode	2026	RELEASING	
hellhound	2026	RELEASING	
hello-my-baby-s	2026	RELEASING	
hen-na-e	2026	RELEASING	
hen-na-ie	2026	RELEASING	
hen-na-mono-mikke	2026	RELEASING	
henachoko-ojousan-sewayaki-onee-san	2026	-	
henai-end-stage	2026	-	
henjo	2026	RELEASING	
henkyou-gurashi-no-maou-tensei-shite-saikyou-no-majutsushi-ni-naru	2026	RELEASING	
henkyou-keibi-zenshi-gin-no-iryuujio	2026	-	
henkyou-kishidan-no-oryouri-gakari	2026	-	
henkyou-mobu-kizoku-no-uchi-ni-yomeidekita-akuyaku-reijou-ga-mechakucha-dekiru-yoi-yome-nandaga	2026	RELEASING	
henkyou-ni-tsuihou-sarete-50-nen-no-daikenja	2026	-	
henkyou-no-kusushi-miyako-de-esu-rank-boukensha-to-naru	2026	RELEASING	
henkyou-no-mura-no-eiyuu-42-sai-ni-shi-te-hajimete-mura-o-deru	2026	-	
henkyou-no-renkinjutsushi	2026	RELEASING	
henkyou-no-roukishi-bard-loen	2026	RELEASING	
henkyou-ryoushu-no-ore-wa-akuyaku-reijou-toshite-tsuihou-sareta-yome-notame-taik	2026	-	
henkyouhakuke-jinan-wa-tensei-cheat-life-o-tanoshimitai	2026	RELEASING	
henshin-hero-tanjou	2026	-	
hentai-stalker-ni-nerawaretemasu	2026	RELEASING	
herami-shimai-wa-docchi-mo-yanderu	2026	RELEASING	
hero-hitorijime-shitemoiidesuka	2026	-	
heroine-ga-kuru-mae-ni-ninshin-shimashita	2026	RELEASING	
heroine-nanoni-ikemen-idol-ni-narimashita	2026	RELEASING	
heroine-ni-konyakusha-o-torarerumitainanode-akuyaku-reisoku	2026	-	
heroine-seijo-iie-all-works-maid-desu-hokori-comic	2026	RELEASING	
hi-ga-nobori-nanohana-wa-saku	2026	-	
hi-ni-nagarete-hashi-ni-iku	2026	RELEASING	
hi-no-kami-sama-no-soujinin-desu-itsunomanika-hanayome-to-shite-dekiai-sarete-imasu	2026	RELEASING	
hi-no-nagori	2026	-	
hi-no-tsugai	2026	RELEASING	
hi-score-girl-dash	2026	RELEASING	
hibi-bentou-arai-ginji-no-arekore	2026	RELEASING	
hibi-kore-atarimae-no-zehitaku	2026	-	
hibi-neko-nikki	2026	-	
hibi-wa-sugiredo-meshi-umashi	2026	RELEASING	
hibi-ware-ningen	2026	RELEASING	
hibiware-koujitsu	2026	-	
hida-mari-no-joufutachi	2026	-	
hidarikiki-no-eren	2026	RELEASING	
hidarikiki-no-eren-hype	2026	-	
hide-and-seek	2026	-	
higa-shimai	2026	RELEASING	
higan-no-hotaru	2026	-	
higanjima-48-nichigo	2026	RELEASING	
higashi-no-majo-no-ato-shi-matsu-7-nengo-no-unmei	2026	-	
higashi-no-majo-wa-utaretai	2026	-	
higeki-no-genkyou-to-naru-saikyou-gedou-rasubosu-joou-wa-tami-no-tameni-tsukushimasu	2026	CANCELLED	2022
higeki-no-heroine-buru-imouto-no-sei-de-konyaku-haki-shita-no-desu-naze-seigikan-no-tsuyoi-outaishi	2026	RELEASING	
high-school-aura-buster-engage	2026	RELEASING	
high-school-hack-and-slash	2026	RELEASING	
high-score	2026	RELEASING	
higumagma	2026	RELEASING	
hihou-komyuryoku-0-otaku-shoujo	2026	-	
hihou-seisokei-de-utte-ita-teihen-haishinsha-ukkari-haishin-o-kiri-wasureta-mama-esuesu-kyuu	2026	-	
hikaeme-ni-ittemo-kore-wa-ai	2026	RELEASING	
hikagemono-de-mo-yarinaoshiteiidesuka	2026	-	
hikari-meguri-matataite	2026	-	
hikaru-ga-shinda-natsu	2026	RELEASING	
hikikomori-mahoutsukai-to-saiai-no-deshi	2026	-	
hikikomori-ouji-no-kareinaru-yonaoshi	2026	-	
hikikomori-reijou-wa-hanashi-no-wakaru-seijuuban	2026	RELEASING	
hikikomori-reijou-wa-kouhi-ni-nante-naritakunai	2026	RELEASING	
hikikomori-reijouna-noni-koori-no-henkyou-haku-no-hanayome-ni-erabareteshimatta	2026	-	
hikikomori-tensai-mahousho-gishi-mahousho-keiei-hajimemasu	2026	-	
hikuidori-imamura-2025	2026	RELEASING	
hima-ten	2026	RELEASING	
hime-kishi-ga-classmate	2026	RELEASING	
hime-no-goei-wa-raku-janai	2026	-	
hime-sama-to-eiyuu-to-puroresu	2026	-	
himebushoumasamunemairu	2026	-	
himegasaki-sakurako-wa-kyou-mo-fubin-kawaii	2026	RELEASING	
himegimi-wa-wakaki-shogun-ni-oboreru	2026	RELEASING	
himegoto-kakushigoto	2026	-	
himekishi-wa-barubaroi-no-yome	2026	RELEASING	
himeochi-kaatenkooru	2026	-	
himeyakana-koi-no-otozure	2026	-	
himiko	2026	RELEASING	
himitsu-houjin-desu-meikaa	2026	RELEASING	
himitsu-o-aishita-hoteruou	2026	-	
himokuzu-hana-kun-wa-shinitagari	2026	RELEASING	
hina-ni-wa-marena-erii	2026	-	
hinachangaikiterunara	2026	-	
hinata-to-hikari	2026	RELEASING	
hinata-to-onii-chan	2026	RELEASING	
hinekure-koushaku-wa-noroware-otome-ni-kudokareru	2026	-	
hinekuresha-no-2-nin-wa-koishirazu	2026	-	
hinichijou-kareshi	2026	-	
hirahira-hira	2026	-	
hirano-to-kagiura	2026	RELEASING	
hirayasumi	2026	RELEASING	
hiroware-ookami-to-koi-usagi	2026	-	
hisshou-dungeon-unei-houhou	2026	RELEASING	
hitamuki-shojo-wa-shiritagari-torihikisaki-to-e-chi-na-kyoudou-kaihatsu	2026	-	
hito-ka-kera-no-koi	2026	-	
hito-ka-no-yuika	2026	RELEASING	
hito-no-yomei-de-seishun-suruna	2026	RELEASING	
hito-ookami-to-elf	2026	-	
hito-yonde-ikemen-reijou	2026	-	
hitobito-o-kagenagara-sukutteiru-eiyuu-jitsu-wa-koushakuke-no-kuzu	2026	-	
hitojichi-seikatsu-kara-hajimeru-slow-life-o-kawari	2026	-	
hitoku-fuufu-kupido-no-itazura	2026	RELEASING	
hitokui-mansion-to-ooya-no-maison	2026	RELEASING	
hitomi-sensei-no-hokenshitsu	2026	RELEASING	
hitomishiri-otome-to-oni-no-konyakusha	2026	-	
hitonaa	2026	-	
hitori-camp-shitara-isekai-ni-teni-shita-hanashi	2026	RELEASING	
hitori-de-shinitai	2026	RELEASING	
hitori-de-shinu-no-wa-iya-da	2026	-	
hitori-gohan-o-uchi-de-hiyashichuuka	2026	-	
hitori-ja-dekinai-omajinai	2026	-	
hitoribocchi-no-hanamusume-wa-ori-no-naka-no-ryuukishi-ni-koi-negau	2026	RELEASING	
hitoribocchi-no-isekai-kouryaku	2026	RELEASING	
hitorijime-crisis	2026	-	
hitorijime-my-hero	2026	RELEASING	
hitoyo-kagiri-no-hazu-ga-cool-na-teiou-no-netsuretsu-kyuuai-ga-hajimarimashita	2026	-	
hitozuma-to-jk	2026	RELEASING	
hitsuihousha-tachi-niyoru-shinkou-seiryoku-hanpa-nee	2026	-	
hitsuji-no-kawa-o-kita-kemono	2026	RELEASING	
hitsuji-no-kawa-o-nugasetara	2026	-	
hizamazukase-te-my-dog	2026	-	
hodokenumono	2026	-	
hodonaku-owakare-desu	2026	RELEASING	
hoiho-hoihoiho	2026	-	
hokenshitsu-to-futari	2026	-	
hokou-danshi	2026	-	
hokuto-no-ken-seikimatsu-drama-satsueiden	2026	RELEASING	
hole-up-gamers	2026	-	
home-te-nade-te-ii-ko-tte	2026	-	
hon-nara-uru-hodo	2026	RELEASING	
honda-kanoko-no-hondana	2026	-	
honehime-rozarii	2026	RELEASING	
honey-lemon-soda	2026	FINISHED	2026
honey-trap-shared-house	2026	RELEASING	
hongiki-no-spica	2026	-	
hongoukun-wa-chimeiteki-ni-shumi-ga-warui	2026	-	
honjitsu-anata-o-aisuruno-o-yamemasu	2026	-	
honjitsu-no-urabe-san-to	2026	RELEASING	
honneoiebadakaretai	2026	-	
honobono-isekai-tensei-days	2026	RELEASING	
honoo-no-toukyuujo-dodge-danko	2026	RELEASING	
honsuki-no-gekokujou-hanneroore-no-kizokuin-gonensei-koi-shitemitai	2026	-	
honto-wa-watashi-ga-iindesho	2026	-	
honto-yajuu	2026	RELEASING	
hontouha-sefure-ni-wa-mukanai	2026	-	
honzuki-no-gekokujou-ferdinand-no-yakata-nite	2026	-	
horegusuri-event-ga-watashi-ni-okite-shimaimashita	2026	RELEASING	
horeta-hareta-panda	2026	-	
horobi-no-kuni-no-seifukusha	2026	RELEASING	
horyo-eiyuu	2026	-	
hoshi-furu-oukoku-no-nina	2026	RELEASING	
hoshi-karu-kemono-no-koukyuu	2026	-	
hoshi-no-kirby-manpukupupupufantajii	2026	FINISHED	2010
hoshi-no-kyoushitsu	2026	-	
hoshi-to-michikusa	2026	RELEASING	
hoshigari-jouzu-no-love-call	2026	-	
hoshikuzu-no-ouji-sama	2026	RELEASING	
hoshikuzu-terepasu	2026	RELEASING	
hoshino-hibana-wa-mitsugareru	2026	RELEASING	
hoshinokaabiimottopupupunamainichi	2026	-	
hoshinokaabiiyuruttopupupu	2026	-	
hoshinokawariniaishiteyaruyo	2026	-	
hoshitabi-shounen	2026	RELEASING	
hoshizukiyo-kougyou-koukou-runa-doukoukai	2026	-	
hoshokusha-kei-mahou-shoujo	2026	RELEASING	
host-to-maou	2026	RELEASING	
host-to-shachiku	2026	RELEASING	
hotaru-no-yomeiri	2026	-	
hotaru-road-map	2026	RELEASING	
hotel-mettsuapeura-e-youkoso	2026	RELEASING	
hotokenokun-wa-hajimete-nokuse-ni	2026	-	
hottoite-kudasai	2026	RELEASING	
houchiku-sareta-tensei-kizoku-wa-jiyuu-ni-yarasete-moraimasu	2026	-	
houchounin-ajihei	2026	FINISHED	1977
houchounin-ajihei-shihai-no-ryouri-ni-aragae-hen	2026	-	
houkago-basket	2026	RELEASING	
houkago-bokura-wa-uchuu-ni-madou	2026	RELEASING	
houkago-chrono-switch	2026	-	
houkago-fantasy	2026	RELEASING	2026
houkago-gakari	2026	RELEASING	
houkago-isekai-futari-tabi	2026	RELEASING	
houkago-kitaku-hiyori	2026	RELEASING	
houkago-no-idol-niwa-himitsu-ga-aru	2026	RELEASING	
houkago-sex-guidance	2026	-	
houkago-teibou-nisshi	2026	RELEASING	
houkagobokakende	2026	-	
houmatsu-no-mujina	2026	FINISHED	2026
housekibako-ni-ai-o-tsumeyou	2026	-	
housekishou-no-maid	2026	RELEASING	
houtai-gokko	2026	RELEASING	
hug-kiss-hug	2026	RELEASING	
hundred-note-coffin-robin	2026	-	
hundred-note-hawk-eyes	2026	-	
hundred-note-ugly-duck	2026	-	
hunter-guild-no-ura-quest	2026	-	
hyakkakyuu-no-osouji-gakari	2026	RELEASING	
hyakki-chousho	2026	RELEASING	
hyakki-yagyou-show	2026	RELEASING	
hyakume-ryouran	2026	-	
hyakunichi-koohii	2026	-	
hyakushou-kizoku	2026	RELEASING	
hydra-break	2026	-	
hyouka	2026	RELEASING	
hyoukaku-no-meteoria	2026	RELEASING	
hyouketsu-reijousama-o-follow-shitara-mechamecha-dekiai-sareteshimatta	2026	-	
hyouyomi-no-victoria	2026	RELEASING	
i-am-behemoth-of-the-s-rank-monsterbut-i-am-mistaken-as-a-cat-and-i-live-as-a-pet-of-elf	2026	RELEASING	
i-m-your-prisoner	2026	FINISHED	2024
i-sekai-de-inmashi-harem	2026	-	
i-sekai-de-oni-no-dorei-toshite-kawaigarareru-seikatsu	2026	-	
i-sekai-de-otto-no-ai-wa-omoi-kedo-kawaii-kodomo-o-honobono-tanoshiku-sodatetai	2026	-	
i-sekai-dekasegi-nenshuu-ichi-chouen-o-mochikaeru-kantanna-o-shigoto	2026	-	
i-sekai-elf-mura-no-omawarisan	2026	-	
i-sekai-fukushuu	2026	-	
i-sekai-guide-map	2026	-	
i-sekai-kaa-chan	2026	-	
i-sekai-kara-kita-elf-to-tomoni-sugosu-nichijou	2026	-	
i-sekai-no-joushiki-wa-muzukashii	2026	-	
i-sekai-samonaa-shinwa-no-kaibutsutachi-to-gendai-de-musou-suru	2026	-	
i-sekai-tensei-shita-moto-kyoushi-toshite-houkai-shita-majutsu-gakuen-o-sukuu	2026	-	
i-sekai-tensei-shitara-aiken-besu-nohou-ga-tsuyokattanda-ga	2026	-	
i-sekai-tensei-shitara-oshi-no-tekiyaku-no-maid-ni-narimashita	2026	-	
i-sekaigaeri-no-kensei-wa-jibun-no-jitsuryoku-ni-kigatsukanai	2026	-	
i-sekaigaeri-no-saikyou-tamer-tsukai-ma-wa-osananajimi	2026	-	
ibitte-konai-gibo-to-gishi	2026	RELEASING	
ichatsuku-no-ni-jama-da-kara-to-party-tsuihousareta-saremashita	2026	FINISHED	2026
ichi-kakeru	2026	-	
ichiban-tookute-chikai-aitsu	2026	FINISHED	2025
ichibyousakiwakoi	2026	-	
ichigun-danshi-wa-koishiteru	2026	-	
ichijiku-to-otoshi-hanashi	2026	-	
ichijouhanaowakoioshiranai	2026	RELEASING	
ichijouma-mankitsu-gurashi	2026	RELEASING	
ichimeisama-okotowari	2026	-	
ichiokunen-bo-tan-o-renda-shita-ore-wa-kizuitara-saikyou-ni-natte-ita	2026	RELEASING	
ichiru-no-nozomi	2026	RELEASING	
idol-be-back	2026	RELEASING	
idol-idol-story	2026	RELEASING	
idol-master-cinderella-girls-after-20	2026	-	
idol-master-cinderella-girls-u-149	2026	-	
idol-nobuna-girl	2026	-	
idol-yameru-kedo-kekkon-shite-kuremasu-ka	2026	RELEASING	
idolatry	2026	RELEASING	
ie-de-munou-to-iware-tsuzuketa-ore-desu-sekaiteki-niwa-chou-yuunou-datta-you-desu	2026	RELEASING	
ie-kara-nigedashitai-watashi-ga-ukkari-akogare-no-dai-mahoutsukai-sama-o-katte-shimattara	2026	RELEASING	
ieooidasaremashitagagenkinikurashiteimasu-chiitonamahoutozensechishikideka	2026	-	
ieoowaretareijouwakuronekooujinookiniiri-norowaretakuronekowasugata	2026	-	
igc-girl	2026	-	
igyoutou-san-to-ningen-chan	2026	RELEASING	
ihin-kaku-katariki	2026	-	
ii-fuufu-1122-dai-fuufu-no-baai	2026	RELEASING	
ii-gomibun-dana-ore-ni-kureyo	2026	RELEASING	
ii-ko-ni-suru-kara-ore-ni-idakare-te	2026	-	
iinazuke-ga-dekita-to-omottara-sono-iinazuke-ga-gakkou-de-yuumei-na-akuyaku-reijou-dattandakedo-dou	2026	RELEASING	
ijime-no-shikaeshi-wa-sensei-ni-omakase	2026	RELEASING	
ijime-to-kaeru-to-mama-to-fukushuu	2026	-	
ijiwaru-na-haha-to-ane-ni-urareta-watashi-naze-wakagashira-ni-dekiai-dekiaisaretemasu	2026	RELEASING	
ikagoriranodoeraigenkigaderumanga	2026	-	
ikai-tettai-parabellum	2026	RELEASING	
ikasamanashinokisugashitai	2026	-	
ikatsui-kao-de-kyouaku-kishidanchou-to-osorerareru-koushaku-sama-no-saigo-no-konkatsu-aite-wa	2026	RELEASING	
ike-nai-otonarisan-wa-watashi-ni-shika-tatanai	2026	-	
ikebo-haishinsha-wa-ore-nerai	2026	RELEASING	
ikemen-joshi-demo-kawaii-heroine-ni-naremasuka	2026	-	
ikemen-saikyou-boukensha-o-shitagae-te	2026	-	
ikemen-sugimasu-natsumesan	2026	-	
iken-senki-verundio	2026	RELEASING	
ikenai-luna-sensei-r	2026	FINISHED	2025
ikenai-nanako-san	2026	RELEASING	
ikenie-kazoku	2026	RELEASING	
ikenie-ni-natta-ore-ga-naze-jashin-o-horoboshite-shimatta-ken	2026	RELEASING	
ikenie-toshite-suterareta-node-henkyou-ke-ni-jibun-o-urimasu	2026	RELEASING	
ikeniehimenokoufuku-kodokunanienoshoujowamamononoounohanayometonaru	2026	-	
ikie-niyoru-mofumofu-moukin-shiikuki-i-sekai-trip-shitara-hime-miko-shoukan-no-o	2026	-	
ikinari-gyaru-tsuma-to-shoyadesu	2026	-	
ikinari-singapore-kazoku-de-watashiboshi-shimashita	2026	-	
ikinokori-renkinjutsushi-wa-machi-de-shizuka-ni-kurashitai-rinkan-no-mahouyaku	2026	RELEASING	
ikinokotta-oujo-no-egao-no-ura-ni-wa	2026	-	
ikitagari-no-jinrou	2026	FINISHED	2025
ikkakujuu-no-makura	2026	-	
ikkyuu-kenchikushi-kanako-no-sekkei-shikou	2026	-	
ikoku-no-kunshu-to-hana-uri-musume-ryakudatsuou-to-kokui-no-hanayome	2026	-	
ikubakuka-shounin-no-kakkyuu	2026	-	
ikukyuu-keiji	2026	-	
ikusagami	2026	RELEASING	
ikusei-jouzu-na-boukensha-youjo-o-hiroi-second-life-o-ikuji-ni-sasageru	2026	RELEASING	
ikusei-skill-wa-mou-iranai-to-yuusha-party-o-kaikosareta-node-taishokukin-gawari-ni-moratta-ryouchi	2026	RELEASING	
ikyou-no-tsumenuri-minarai	2026	RELEASING	
ilios	2026	RELEASING	
im-watching-yuu	2026	-	
ima-kimi-ni-furetai	2026	-	
imaizuminchi-wa-douyara-gal-no-tamariba-ni-natteru-rashii	2026	RELEASING	
imamadebakanisareteitakiyowareijounitenseishitaratondemonaikotoninatta	2026	-	
imari-san-wa-tabi-jougo	2026	-	
imasara-desu-osananajimi-o-suki-ni-natte-shimaimashita	2026	RELEASING	
imasara-suki-toka-waraehen	2026	-	
imawa-nosai-no-femme-fatale	2026	-	
imigo-to-shite-suterareta-shoukanshi-jitsu-wa-sekai-saikyou	2026	-	
imiou-no-hanayome	2026	-	
imootaru-princess-hajimemashita	2026	-	
imouto-ga-iranaito-suteta-hakushakusama-to-kekkon-shitanoni-imasara-ka	2026	-	
imouto-ga-seijo-da-kara-to-konyaku-haki-saremashita-ga-watashi-wa-yousei-no-itoshigo-desu	2026	RELEASING	
imouto-ni-kekkon-o-oshitsukerareta-techigai-no-tsumadesu-ga-itsunomanika-henkyou	2026	-	
imouto-ni-konyakusha-o-ubawareta-ochikobore-reijou-wa-tensai-majutsushi-ni-dekiai-dekiaisareru	2026	RELEASING	
imouto-ni-subete-o-ubawareta-reijou-wa-konyakusha-no-uragiri-o-shiri-kaiki-suru	2026	-	
imouto-no-haishin-ni-hairikondara-vtuber-atsukai-sareta-ken	2026	-	
imouto-seikatsu	2026	RELEASING	
imouto-wa-kanojo-ni-dekinai-noni	2026	RELEASING	
imouto-wa-shitte-iru	2026	RELEASING	
imouto-wa-siscon-ani-ga-mendokusai	2026	RELEASING	
in-these-words	2026	-	
inahokunwanisekanojonohazunanoni	2026	-	
inaka-de-hajimeru-kyuu-katsu-slow-life	2026	-	
inaka-de-koi-wa-muzukashii	2026	-	
inaka-no-home-center-otoko-no-jiyuu-na-isekai-seikatsu	2026	RELEASING	
inaka-no-kuro-gal-jieikee-to-kekkon-shimashita	2026	FINISHED	2021
inbi-na-doukutsu-no-sono-oku-de	2026	RELEASING	
inchiki-no-chikara-de-sengoku-no-yo-o-kakenukero	2026	RELEASING	
infinite-dendrogram	2026	RELEASING	
informa	2026	FINISHED	2025
ingoku-danchi	2026	RELEASING	
ingoshima	2026	RELEASING	
initiate	2026	-	
inkya-gal-demo-ikigaritai	2026	RELEASING	
inkya-na-boku-ga-futago-ni-aisareru-wake	2026	RELEASING	
inkya-no-boku-ni-batsugeemu-de-kokuhaku-shitekita-hazu-no-gal-ga-doumitemo-boku-ni-betabore-desu	2026	RELEASING	
inkya-no-ore-ga-sekigae-de-s-kyuu-bishoujo-ni-kakomaretara-himitsu-no-kankei-ga-hajimatta	2026	RELEASING	
inkyo-gurashi-no-otsu-san-joou-heika-no-tsurugi-to-naru	2026	RELEASING	
innocent-red-tensei-shita-hakaishin-wa-futsuu-no-koukou-seikatsu-o-okuritai	2026	-	
innu	2026	RELEASING	
inochi-no-tabekata	2026	RELEASING	
inou-no-hime-wa-koukyuu-no-ayakashi-o-harau	2026	-	
inshuukei-jashinsama-meiryu-chan	2026	-	
intai-kenja-wa-nonbiri-kaitaku-seikatsu-o-okuritai	2026	RELEASING	
intai-shita-ossan-boukensha-saikoyou-de-saikyou-guild-master-ni-natteshimau	2026	-	
intai-shita-saikyou-ansatsusha-wa-henkyou-no-shima-de-shizuka-ni-kurashitai	2026	-	
inu-nara-shaberuna-hizamazuke	2026	-	
inu-to-yuusha-wa-kazaranai	2026	RELEASING	
inunekosanbikinadetemonadetemotegatarinai	2026	-	
inuniakagami	2026	-	
inuta-san	2026	RELEASING	
ippai-ore-ni-amae-te-ne	2026	-	
iranai-skill-kaitorimasu	2026	RELEASING	
iranaiakuyakureijou-wagakunidehikitorimasuwa-yuushuunagoreijouga	2026	RELEASING	
irezumitopiasutokoigokoro	2026	-	
iroha-no-mon	2026	RELEASING	
irohadou-ayakashi-katari	2026	-	
irregulars	2026	RELEASING	
irubizoora-no-touhikou	2026	-	
isekai-battle-royal	2026	RELEASING	
isekai-cheat-magician	2026	RELEASING	
isekai-class-shoukan-saretara-r1-no-skill-o-kakutoku-shita-node-yaritai-houdai-sasete-moraimasu	2026	RELEASING	
isekai-craft-gurashi	2026	RELEASING	
isekai-de-ane-ni-namae-o-ubawaremashita	2026	RELEASING	
isekai-de-cafe-o-kaiten-shimashita	2026	RELEASING	
isekai-de-cheat-nouryoku-o-te-ni-shita-ore-wa-genjitsu-sekai-womo-musou-suru-girls-side	2026	FINISHED	2025
isekai-de-haishin-katsudou-o-shitara-tairyou-no-yandere-shinja-o-umidashite-shimatta-ken	2026	RELEASING	
isekai-de-hajimeru-nikyoten-seikatsu	2026	RELEASING	
isekai-de-kojiin-o-hiraita-kedo-naze-dare-hitori-sudatou-to-shinai-ken	2026	RELEASING	
isekai-de-mizu-no-daiseirei-yattemasu	2026	RELEASING	
isekai-de-mofumofu-nadenade-suru-tame-ni-ganbattemasu	2026	RELEASING	
isekai-de-skill-o-kaitai-shitara-cheat-na-yome-ga-zoushoku-shimashita-2025	2026	RELEASING	
isekai-de-tame-shita-saikyou-no-tsukaima-wa-osananajimi-no-bishoujo-deshita	2026	RELEASING	
isekai-de-te-ni-ireta-sei-san-skill-wa-saikyou-datta-you-desu-souzou-kiyounowchiitodemusousuru	2026	RELEASING	
isekai-de-tochi-o-katte-noujou-o-tsukurou	2026	RELEASING	
isekai-de-uwamae-hanete-ikite-iku	2026	RELEASING	
isekai-de-zenra-yuusha-to-yobanaide	2026	RELEASING	
isekai-demo-bunanni-ikitai-shoukougun	2026	RELEASING	
isekai-deno-ore-eno-hyouka-ga-okashiindaga	2026	RELEASING	
isekai-dungeon-seikatsu	2026	-	
isekai-esute	2026	-	
isekai-etchi-eiyuuden	2026	RELEASING	
isekai-gourmet-de-nariagari-musou	2026	RELEASING	
isekai-henkyou-meshi	2026	RELEASING	
isekai-hotel-he-youkoso	2026	RELEASING	
isekai-izakaya-nobu	2026	RELEASING	
isekai-ja-surooraifu-wa-mamanaranai	2026	RELEASING	
isekai-kaeri-no-otsu-san-wa-shuumatsu-sekai-de-musou-suru	2026	-	
isekai-kaeri-no-yuusha-wa-dungeon-ga-shutsugen-shita-genjitsu-sekai-de-influencer-ni-natte-kane-o	2026	RELEASING	
isekai-kara-elf-san-ga-ochitekita-nodesuga	2026	RELEASING	
isekai-kara-seijo-ga-kuru-you-nanode-jamamono-wa-kieyou-to-omoimasu	2026	RELEASING	
isekai-kara-tobasarete-kita-kantei-musume-wa-uranai-de-seikei-o-tateru	2026	-	
isekai-kenja-no-tensei-musou	2026	RELEASING	
isekai-kenkokuki	2026	RELEASING	
isekai-kimagure-burari-tabi	2026	RELEASING	
isekai-koushoku-musouroku	2026	RELEASING	
isekai-kuimetsu-no-same	2026	RELEASING	
isekai-machi-koujou-musou	2026	RELEASING	
isekai-mahou-shoujo-radical-haruna	2026	-	
isekai-mahou-wa-okureteru	2026	RELEASING	
isekai-maid-ga-yattekita	2026	RELEASING	
isekai-maid-no-mitsuboshi-gourmet	2026	-	
isekai-manchikin	2026	RELEASING	
isekai-maou-to-shoukan-shoujo-no-dorei-majutsu	2026	RELEASING	
isekai-mattari-nikki-moto-densetsu-no-otoko-wa-onnanokotachi	2026	-	
isekai-meikyuu-de-harem-o	2026	RELEASING	
isekai-meikyuu-no-saishinbu-o-mezasou	2026	RELEASING	
isekai-metaller	2026	FINISHED	2025
isekai-ni-houchigee-riron-o-mochikondara-sekai-saikyou-ni-nareru-setsu	2026	-	
isekai-ni-kita-mitai-dakedo-dou-sureba-yoi-no-darou	2026	RELEASING	
isekai-ni-otosareta-jouka-wa-kihon-attomaaku-comic	2026	RELEASING	
isekai-ni-shoukan-saretandakedo-nandemo-kirete-shimau-kennou-o-te-ni-ireta-node-easy-mode-deshita	2026	RELEASING	
isekai-ni-shoukan-sarete-watashi-ga-kokuou-sonnano-muri-desu	2026	FINISHED	2026
isekai-ni-teni-shitara-yama-no-naka-datta-handou-de-tsuyosa-yori-mo-kaitekisa-o-erabimashita	2026	RELEASING	
isekai-no-bokujou-o-souzoku-shimashita	2026	-	
isekai-no-shuyaku-wa-wareware-da	2026	RELEASING	
isekai-no-sumikko-de-kaiteki-monozukuri-seikatsu	2026	RELEASING	
isekai-nonbiri-kaitakuki	2026	RELEASING	
isekai-nonbiri-nouka	2026	RELEASING	
isekai-nonbiri-nouka-no-nichijou	2026	RELEASING	
isekai-oji-san	2026	RELEASING	
isekai-onsen-no-wagashiya-jk	2026	-	
isekai-papakatsu-oji-san	2026	RELEASING	
isekai-rabu-hotel	2026	-	
isekai-rifure	2026	-	
isekai-riiman	2026	-	
isekai-rikujou	2026	-	
isekai-ryouridou	2026	CANCELLED	2026
isekai-saikou-no-kizoku-harem-o-fuyasu-hodo-tsuyoku-naru	2026	RELEASING	
isekai-saikouhou-no-guild-leader	2026	RELEASING	
isekai-saikyou-no-yome-desu-yoru-no-tatakai-wa-ore-no-hou-ga-tsuyoi-you-desu	2026	RELEASING	
isekai-samurai	2026	RELEASING	
isekai-sauna-de-totonoi-surooraifu	2026	RELEASING	
isekai-shikkaku	2026	RELEASING	
isekai-shinsengumi	2026	RELEASING	
isekai-shokudou-youshoku-no-nekoya	2026	RELEASING	
isekai-shoukan-oji-san-no-juu-musou-life	2026	RELEASING	
isekai-shounin	2026	RELEASING	
isekai-sniper-wa-onnasenshi-no-mofumofu-pet	2026	RELEASING	
isekai-soopurando-kaguya-gaiden-anzu-quest	2026	RELEASING	
isekai-sushi-zanmai-maguro-daiou-kimura-shachoushoku-otsuujite-isekai	2026	-	
isekai-tanuki	2026	-	
isekai-teni-de-megami-sama-kara-shukufuku-o	2026	RELEASING	
isekai-teni-jiraitsuki	2026	RELEASING	
isekai-teni-shite-kyoushi-ni-nattaga-majo-to-osorerarete-iru-ken	2026	-	
isekai-tenishita-node-cheat-o-ikashite-mahou-kenshi-yaru-kotoni-suru	2026	RELEASING	
isekai-tensei-de-kenja-ni-natte-boukensha-seikatsu	2026	RELEASING	
isekai-tensei-dungeon-master-onsen-dungeon-o-tsukuru	2026	-	
isekai-tensei-no-boukensha	2026	RELEASING	
isekai-tensei-shitanode-mazo-dorei-ni-naru	2026	-	
isekai-tensei-soudouki	2026	RELEASING	
isekai-toushou-no-maken-seisaku-gurashi	2026	RELEASING	
isekai-wa-neko-to-tomo-ni	2026	-	
isekai-wa-sumaato-fon-to-tomo-ni	2026	RELEASING	
isekai-walking	2026	RELEASING	
isekai-yakkyoku	2026	RELEASING	
isekai-yururi-kikou	2026	RELEASING	
isekai-yurutsu-to-survival-seikatsu	2026	RELEASING	
isekaidehanmanokodomoosodatetarayanderenisodatta	2026	-	
isekaidekajishinnochikaraoetaore-megamitosurooraifuhajimemashita	2026	-	
isekaidemojoousama	2026	-	
isekaidewagendaikosumegamutekideshita	2026	RELEASING	
isekaigaeri-no-moto-yuusha-desu-desugeemu-ni-makikomaremashita	2026	RELEASING	
isekaihaaremumassaaji-goddohandodenayamerumonsutaamusumetachiomomihogu	2026	-	
isekaikarakaettekitayuushadearuoregakabukichoudeouninaruhanashi	2026	-	
isekaikarakikanshitarachikyuumokanarifantajiideshitaatomakehiroindomoko	2026	RELEASING	
isekainidomenoossandoukangaetemokoukouseiyuushayoritsuyoi	2026	RELEASING	
isekainobinbounoukanitenseishitanoderengaotsukutteshirootaterukotonishima	2026	-	
isekaisaihateonsenkikou	2026	-	
isekaiseitaishi-bijomoajinmomamonomoryuumo-omaerazen-inmomihogusu	2026	-	
isekaiten-ishitaorewaetchinotabinigachaohiku-mottekureorenoseiryoku	2026	-	
isharyou-gari	2026	RELEASING	
ishi-no-sekai-no-zecchou-kenshi	2026	-	
ishigami-senki	2026	RELEASING	
ishuzoku-reviewers	2026	RELEASING	
isshiki-san-wa-koi-o-shiritai	2026	RELEASING	
isshokenmei-ni-ite-hoshii-tada-sou-iitakatta	2026	-	
isshokenmei-ni-ken-no-shugyou-o-shita-osananajimi-ga-dorei-ni-natte-ita-node-esu-rank-boukensha-no	2026	RELEASING	
isshokenmei-ni-kurashite-ii-desuka	2026	RELEASING	
isshoniichaokka	2026	-	
isshou-hatarakitakunai-ore-ga-classmate-no-dai-ninki-idol-ni-natsukaretara	2026	RELEASING	
isshou-senkin	2026	RELEASING	
isshun-de-chiryou-shiteita-noni-yakutatazu-to-tsuihousareta-sareta-tensai-chiyushi-yami-healer	2026	RELEASING	
isso-anata-ga-todome-o-sashite	2026	RELEASING	
isso-kore-o-unmei-to-yobe	2026	RELEASING	
issokondowanumarasete	2026	-	
issunsaki-wa-ai-aru-dameo	2026	-	
itaike-na-muku-ni-yokoshima	2026	-	
itainoitainosoraotobe	2026	-	
itan-no-dark-healer-makoku-kanbu-toshite-jinrui-o-suitai-ni-michibiku-youdesu	2026	-	
itarusenpainodamenatoko	2026	-	
itoko-no-ko	2026	RELEASING	
itoko-no-onee-chan-ni-amaechau	2026	RELEASING	
itomesan-wa-kyun-shitatoki-dake-kaigan-suru	2026	-	
itoshi-koishiki-natsu-no-hana	2026	-	
itoshi-tenante-meirei-ja-ie-nai	2026	-	
itoshisa-to-kizu-o-dakishime-te	2026	-	
its-da-bomu	2026	-	
itsuka-otogibanashi-ni-narumade	2026	-	
itsuka-shinu-nara-e-o-utte-kara	2026	RELEASING	
itsukaojousamaninaritaikeidanjonhaishinshagahonmononoojousamani	2026	-	
itsukasorakara	2026	-	
itsuwari-no-akujo-desu-suenagaku-shiawase-ni-narimashou	2026	RELEASING	
itsuwari-no-fureiya	2026	RELEASING	
itsuwari-no-renkinjutsuhi-wa-koukyuu-no-yami-o-toku	2026	-	
itsuwari-seijo-wa-nemuranai-kaizoku-no-idakimakurani-narimashita	2026	-	
iwahada-no-hanayome-wa-ai-de-tokasareru	2026	RELEASING	
iwamoto-senpai-no-suisen	2026	RELEASING	
iyahayaatamikun-nottoiijiideizuobuzapurinsu	2026	RELEASING	
iyatte-ienai-kimura-senpai	2026	-	
izakaya-bottakuri	2026	RELEASING	
izumi-to-ryuu-no-zukan	2026	RELEASING	
izure-keikoku-akujo-to-yobareru-kyuujo-wa-reitei-no-itoshihi	2026	-	
izure-saikyou-no-renkinjutsushi	2026	RELEASING	
j-m	2026	RELEASING	
ja-naihou-no-seijo-to-yuusha	2026	-	
jadou-season	2026	-	
jakudan-boku-to-mora-zuma	2026	-	
jakushou-kokka-no-eiyuu-ouji	2026	-	
jakyou-taisen	2026	-	
jamamono-no-you-desu-ouji-no-chuushoku-wa-watashi-ga-tsukuru-you-desu	2026	RELEASING	
jami-jami	2026	-	
janai-hou-dakedo-aisarekon	2026	RELEASING	
janai-hou-no-hakushaku-reijou	2026	RELEASING	
janai-koumei-tensei-ki-gunshi-no-shi-da-to-iwaremashitemo-comic	2026	-	
janku-shuuto	2026	-	
janomesan-wa-hohoemitai	2026	-	
janru-kaesasete-itadakimasu	2026	-	
jashin-abereeji	2026	-	
jashin-chan-drop-kick	2026	RELEASING	
jashin-kankin-harem-de-isekai-seifuku	2026	RELEASING	
jashin-ni-hirowareta-seijo-ga-mouichido-hatsukoi-o-torimodosumade	2026	-	
jashin-no-bentouya-san	2026	FINISHED	2025
jashin-no-chi-ga-nagareteiru-to-iware-shinsei-kyoukai-o-tsuihou-sareta-shinpu	2026	-	
jashin-no-mago	2026	-	
ji-go-kumoyou	2026	-	
jibaku-shounen-hanako-kun	2026	RELEASING	
jibun-no-koto-o-shujinkou-da-to-shinjite-yamanai-fumidai	2026	-	
jibun-o-oshiuri-shitekita-doreichan-ga-dragon-o-wan-pan-shiteta-gigaba	2026	-	
jibun-o-sss-kyuuda-to-omoikondeiru-c-kyuu-majutsu-gakusei	2026	-	
jieijieiemu-joshi-juudoubu-monogatari-shakaijinhen	2026	RELEASING	
jienova-no-deshi	2026	RELEASING	
jigoku-ichichoume-ichibanchi-keiji-shikkaku	2026	-	
jigoku-sensei-nuu-bee-kai	2026	RELEASING	
jii-san-baa-san-wakagaeru	2026	FINISHED	2024
jiiteiiyuu-ikari-no-desu-yamada	2026	FINISHED	2026
jijou-o-shiranai-tenkousei-ga-guigui-kuru	2026	RELEASING	
jikan-teishi-yuusha	2026	RELEASING	
jiki-koushaku-fujin-no-yakuwari-dake-o-motomete-kita-koori-no-bara-to-utawareru-danna-sama-ga	2026	RELEASING	
jikken-chiku-13	2026	RELEASING	
jiko-bukken-de-neko-o-kau	2026	-	
jiko-bukken-tantei	2026	RELEASING	
jimi-dasa-reijou-ga-koushaku-sama-o-futta-noni-naze-ka-shitei-kankei-ni-narimashita	2026	-	
jimi-de-medatanai-watashi-wa-kyou-de-owari-ni-shimasu	2026	RELEASING	
jimi-kusushi-reijou-wa-mou-keiyaku-koushinitashimasen	2026	-	
jimi-na-kensei-wa-soredemo-saikyou-desu	2026	RELEASING	
jimi-na-oji-san-jitsu-wa-eiyuu-deshita	2026	RELEASING	
jimiko-na-mitsuba-san-ga-boku-o-yuuwaku-suru	2026	RELEASING	
jimiooezukeshitarajitsuwaikemen-onzoushideshita	2026	-	
jimoto-no-ijimekko-tachi-ni-shikaeshi-shiyou-to-shitara-betsu-no-tatakai-ga-hajimatta	2026	RELEASING	
jin-kakutou-haouden	2026	RELEASING	
jingai-karute-1	2026	-	
jingai-kenshi-wa-chikara-ni-miserare-ura-meikyuu-o-kouryakusu	2026	-	
jingai-to-jingai-to-otsukiai-shitai-ningen-no-hanashi	2026	-	
jinkon-engi	2026	-	
jinrouki-uinvuruga-hangyakuhen	2026	-	
jinsei-gyakuten-dungeon	2026	RELEASING	
jinsei-mierukahyou-de-jikan-no-muda-ga-nakunarimashita	2026	-	
jinseidonzokonawatashitooopunmarijjinoojisamanokeiyakujun-ai	2026	-	
jirai-glico	2026	RELEASING	
jiraikei-kareshi-suzu-kun	2026	RELEASING	
jirerumunasakiwanemurenai	2026	-	
jishou-akuyaku-reijou-na-tsuma-no-kansatsu-kiroku	2026	RELEASING	
jishou-okaasan-ga-1-tai-arawareta	2026	-	
jitsu-wa-ore-saikyou-deshita	2026	RELEASING	
jitsu-wa-watashi-dekiai-saretemashita	2026	RELEASING	
jitsu-wa-watashi-ga-honmono-datta	2026	-	
jitsuroku-kaidanshuu-torihada-kouhi	2026	-	
jitsuryoku-shugi-ni-hirowareta-kanteishi	2026	RELEASING	
jitsuwa-imouto-deshita	2026	RELEASING	
jiyuu-kimama-na-seirei-hime	2026	RELEASING	
jiyuu-ni-ikiyou-to-tensei-4-tara-shijou-yoninme-no-kenjasama-deshita	2026	RELEASING	
jizeru-odetto-no-ryuugi-wazawai-no-reijou-to-13-banme-no-ouji	2026	-	
jk-biker	2026	FINISHED	2026
jk-to-v	2026	-	
joou-heika-no-kawaii-kinshi-suzume	2026	-	
joou-no-rakuin	2026	RELEASING	
joshi-joshikousei-joreishi-akane	2026	RELEASING	
joshi-keimusho-2-nido-hairimashita	2026	-	
joshi-koukousei-no-nichijou	2026	-	
joshi-no-koi-bana-ga-zettai-okashii-ken	2026	-	
joshikousei-ga-koroshiya-to	2026	-	
joshikousei-no-mudazukai	2026	RELEASING	
joshiryoku-takamena-shishihara-kun	2026	RELEASING	
josou-otoko-to-dansou-onna	2026	-	
josou-otoko-wa-skirt-o-nugitai	2026	RELEASING	
josou-shite-mendokusai-koto-ni-natteru-nekura-to-yankee-no-ryou-kataomoi	2026	RELEASING	
joubutsu-suruni-wa-kimi-ga-tarinai	2026	-	
joukyoukoroshiyamusume	2026	RELEASING	
joushi-no-ie-ni-korogarikomimashite	2026	-	
jouzunigamandekirumade	2026	-	
jukai-no-majo	2026	RELEASING	
jukai-saitou2026	2026	-	
jukebox	2026	-	
jukusei-sareta-kare-no-ai-wa-amaku-te-omoi	2026	-	
jumbo-max	2026	RELEASING	
jumidoro	2026	RELEASING	
jungle-gym-no-nagame-yokoyama-riku-watashi-manga-sakuhinshuu	2026	-	
junjou-romantica	2026	RELEASING	
junjouhaafubeikudoomega	2026	-	
junket-bank	2026	RELEASING	
junkissa-neko	2026	RELEASING	
juri-to-erena-no-mori-no-soudansho	2026	-	
juu-gonen-no-ishika-kara-mezameta-moto-oujo-wa-otto-to-musume-kara-dekiai-sareru	2026	-	
juu-hachisai-no-shiroki-kekkon	2026	-	
juu-yume-kikoujutsu-senki	2026	-	
juujinkouteiwadansoureijouodekiaisuru-tadanojuushanohazudesu	2026	-	
juukon-nante-okotowari	2026	-	
juunenme-kikan-o-akirameta-tenisha-wa-imasara-shujinkou-ni-naru	2026	RELEASING	
juunenmenomitsugetsu	2026	-	
juuou-to-yakusou	2026	RELEASING	
juusansai-no-tanjoubi-kougou-ni-narimashita	2026	RELEASING	
jyajya	2026	RELEASING	
k-9	2026	RELEASING	
k-yaku	2026	RELEASING	
k2	2026	RELEASING	
ka-no-viyando	2026	-	
kaadofaitovangaadodivainzugenmakakuseihen	2026	-	
kabesaa-doujin-sakka-no-nekoyashiki-kun-wa-shounin-yokkyuu-o-kojirasete-iru	2026	RELEASING	
kabeyaku-nado-fuyou-to-tsuihousareta-sareta-s-kyuu-boukensha-dorei-kaihou-skill-o-kushi-shite	2026	RELEASING	
kabukichou-karaoke-tenin-toshikuni-san	2026	RELEASING	
kaburidani	2026	RELEASING	
kabushikigaisha-kamikakushi	2026	RELEASING	
kachou-fuugetsu	2026	RELEASING	
kaeri-no-kai-o-hajimemasu	2026	RELEASING	
kaeru-ie-ga-nai-hanzaishatachi	2026	RELEASING	
kaettekita-karasuyasatoshi	2026	-	
kafuu-killer-tune	2026	FINISHED	2026
kagaisha-kazoku-no-shinjitsu	2026	-	
kagakuteki-ni-sonzai-shiuru-kuriichaamusume-no-kansatsu-nisshi	2026	RELEASING	
kagami-no-tokushu-shounen-kousei-shisetsu-the-escape-begins	2026	-	
kagamitatari	2026	-	
kagarike-no-8-kyoudai	2026	FINISHED	2026
kage-no-jitsuryokusha-ni-naritakute	2026	RELEASING	
kage-no-jitsuryokusha-ni-naritakute-master-of-garden-nanakage-rendetsu	2026	RELEASING	
kage-no-kyuutei-majutsushi	2026	RELEASING	
kagetorakunwamodorenai	2026	-	
kago-nashi-reijou-no-chiisa-na-mura	2026	RELEASING	
kagochuu-no-kami-wa-koi-negau	2026	-	
kagurabachi	2026	RELEASING	
kagurai	2026	RELEASING	
kaibutsu-koushaku-to-keiyaku-koujo	2026	-	
kaidanshi-m-no-o-zouiri	2026	-	
kaifuku-mahou-o-kiwametara-bu-koware-seinou-ni-natta-sobame-no-ko	2026	-	
kaifukujutsushi-no-yarinaoshi	2026	RELEASING	
kaiga-shuufukushi-amano-youko	2026	-	
kaigekinokinato	2026	-	
kaihen-no-mahoutsukai	2026	RELEASING	
kaii-bu	2026	RELEASING	
kaii-to-otome-to-kamikakushi	2026	RELEASING	
kaiinokaigo	2026	-	
kaiinosoujijin-sonezakishinjinojikenfairu	2026	-	
kaiinu-to-yakuza	2026	-	
kaiji-to-okan	2026	RELEASING	
kaijin-fugeki	2026	RELEASING	
kaijin-reijou	2026	RELEASING	
kaijuu-hachigou-relax	2026	RELEASING	
kaijuu-jieitai	2026	RELEASING	
kaijuu-romantics	2026	-	
kaijuu-tan-arawaru	2026	RELEASING	
kaika-apartment	2026	RELEASING	
kaikai-gi-gi-gi-gi-gi	2026	RELEASING	
kaikosareta-sareta-ankoku-heishi-30-dai-no-slow-na-sekando-life	2026	RELEASING	
kaikosareta-sareta-kyuutei-renkinjutsushi-wa-henkyou-de-dai-nouen-o-tsukuriageru	2026	RELEASING	
kainarasejunjou	2026	-	
kairanban-no-etchi-na-rule-wa-zettai-desu	2026	RELEASING	
kaisei-no-ketsumeisha	2026	RELEASING	
kaisei-to-popcorn	2026	RELEASING	
kaisha-to-shiseikatsu	2026	RELEASING	
kaitai	2026	-	
kaiteiban-minamikun-wa-koibito	2026	-	
kaiten-no-albus	2026	RELEASING	
kaiten-tokoyami-restaurant	2026	-	
kaitou-kitan	2026	-	
kaitou-kuishinbou	2026	-	
kaiunou-to-karisomeno-niizuma	2026	-	
kaizoku-shoujo	2026	RELEASING	
kajimunugatai-kaze-ga-kataru-okinawasen	2026	-	
kajouin-ke-no-yometori	2026	-	
kakato-otoshi-reijou-wa-cheat-na-kakato-de-musou-suru	2026	-	
kake-kara-hajimaru-saigo-no-hatsukoi	2026	-	
kakegurui	2026	RELEASING	
kakemono-ni-natta-sokuhi	2026	-	
kakete-harukaze	2026	-	
kakkou-no-iinazuke	2026	RELEASING	
kaku-iu-bokura-wa	2026	-	
kaku-riki	2026	-	
kakuei-ni-hanataba-o	2026	RELEASING	
kakunaru-ue-wa	2026	RELEASING	
kakure-onzoushi-no-tekagen-nashi-no-dokusen-dekiai	2026	-	
kakure-saijo-wa-zenzen-megenai	2026	RELEASING	
kakuretenaide-deteoide	2026	FINISHED	2025
kakuriyo-no-yadomeshi	2026	-	
kakusei-shitara-ao-ga-moeta	2026	RELEASING	
kakushita-koi-no-owari-made	2026	-	
kamakura-monogatari-suirihen-bun-buku-chagama	2026	-	
kamakura-shiyakusho-fuurekika	2026	RELEASING	
kamen-rider-kuuga	2026	RELEASING	
kamennokurokishishoutaibaretanodemougakuendemomusousuru	2026	-	
kamenraidaa-black-kamenraidaa-zo	2026	-	
kametoarukebakoiniataru	2026	-	
kami-app-kuriminaru-hunter	2026	-	
kami-chan-ga-ireba-maru	2026	-	
kami-kill	2026	RELEASING	
kami-me-no-merura	2026	-	
kami-naki-sekai-no-kami-sama-katsudou	2026	RELEASING	
kami-ni-chikatte-itsuwari-desu	2026	RELEASING	
kami-ni-koi-nado-hayasugiru	2026	-	
kami-no-niwa-tsuki-kusunokitei	2026	RELEASING	
kami-no-techigai-de-shindara-cheat-gantsumi-de-isekai-ni-hourikomaremashita	2026	RELEASING	
kami-no-tsukai-de-nonbiri-isekai-ryokou	2026	RELEASING	
kami-sama-gakkou-no-ochikobore	2026	RELEASING	
kami-sama-kitsune-to-salaryman	2026	RELEASING	
kami-sama-nanka-shinjinai-bokura-no-eden	2026	RELEASING	
kami-sama-no-volley	2026	RELEASING	
kami-to-yumemiru-yome-no-ore	2026	-	
kami-yomi-no-maijin	2026	-	
kami-yomu-futari	2026	-	
kamiasobi	2026	RELEASING	
kamibiki-no-monarch	2026	-	
kamigami-no-kago-de-sei-san-kakumei	2026	RELEASING	
kamigoroshi-no-maou-saijaku-shuzoku-ni-tensei-shi-shijou-saikyou-ni-naru	2026	RELEASING	
kamiina-bo-tan-yoeru-sugata-wa-yuri-no-hana	2026	RELEASING	
kamikakushi-no-rakuen	2026	RELEASING	
kamimachi-mekurumeku	2026	-	
kaminarisamanokoigoromo	2026	RELEASING	
kamineko-mii-chan-to-nekoyouhin-shoukanshi-no-isekai-funtouki	2026	RELEASING	
kamisama-ga-kowaku-te-shikatanai	2026	-	
kamisama-nanka-shinjitenaikedo-habu-n-mawasu-shinkou-no-chikara-kore	2026	-	
kamisama-no-teishokuya	2026	-	
kamisama-to-hatsukoi	2026	-	
kamitachi-ni-hirowareta-otoko	2026	RELEASING	
kamitsukanaidenenarumikun	2026	-	
kamiyain-fumi-wa-bakuto-ni-naritai	2026	RELEASING	
kamo-no-negi-niwa-doku-ga-aru	2026	RELEASING	
kamokuna-shougun-kakkasama-wa-maryoku-zero-no-yome-ga-sukisugiru	2026	-	
kanan-sama-wa-akumade-choroi	2026	RELEASING	
kanaria-wa-kiraboshi-no-yume-o-miru	2026	FINISHED	2026
kanchigai-no-atelier-maisutaa	2026	RELEASING	
kanchigaida-yo-ne-senookun	2026	-	
kandaatokaratsugaininaruniwaafutaa	2026	-	
kandou-kizoku-na-ore-no-kuzu-gift-ga-tsuyosugiru	2026	RELEASING	
kandousaretanodetanteiyahajimemasu-jitsuwaboukokunojooudanantenaishi	2026	-	
kaniteki-pervert-romance	2026	RELEASING	
kanjou-ga-tenkou-ni-hanei-dekiaisareru-tokushu-nouryoku-mochi-reijou-wa-konyaku-kaishou-sareta-node	2026	RELEASING	
kankei-kaizen-o-akiramete-kyori-o-oitara-shiotaiou-datta-konyakusha-ga-karande-kuru-youni	2026	RELEASING	
kankin-kun-to-goumon-san	2026	-	
kankin-ou	2026	RELEASING	
kannagi-no-muko-sagashi	2026	RELEASING	
kannazuki-yukariko-no-yuuga-na-himatsubushi	2026	RELEASING	
kannou-sensei	2026	RELEASING	
kanojo-ga-harem-o-susume-tekuru	2026	-	
kanojo-ga-kuzu-o-aisuru-wake-wa	2026	RELEASING	
kanojo-kanri-chuu-ni-tsuki	2026	RELEASING	
kanojo-ni-shitai-joshi-ichii-no-tonari-de-mitsuketa-amari-chan	2026	-	
kanojo-no-mirai-to-boku-no-kakuu-genjitsu	2026	RELEASING	
kanojo-no-real-ga-kirinukenai	2026	RELEASING	
kanojo-no-tomodachi	2026	RELEASING	
kanojo-okari-shimasu	2026	RELEASING	
kanojo-to-kare-no-kankei	2026	RELEASING	
kanojotachinotsumoruhanashi	2026	-	
kanoyo-no-kemono-ga-miru-yume-wa	2026	FINISHED	2026
kanpeki-joushi-no-warui-kuse	2026	-	
kanpeki-osananajimi-no-risei-ga-puttsun-shimashite	2026	-	
kanpeki-ouji-ga-zenryoku-de-kudoitekimasu	2026	-	
kanpeki-sugite-kawaige-ga-nai-to-konyaku-haki-sareta-seijo-wa-ringoku-ni-urareru	2026	RELEASING	
kanpekina-koushaku-no-fukaku-no-koi	2026	-	
kanpiooni	2026	-	
kanreki-hime	2026	-	
kansaiben-otokotomodachitoguchatoromassaaji	2026	-	
kanteishi-roi-no-kojiraseai-wa-kyou-mo-karei-ni-sora-mawaru	2026	-	
kanzakisantsunodetemasutsu	2026	-	
kanzen-kaihi-healer-no-kiseki	2026	RELEASING	
kanzenfukachinogedouteimaa-danjonnosaikyoumonsutaamusumeoorenosu	2026	-	
kaodakehaiyuu-ikuseichuunitsuki	2026	-	
kaoru-hana-wa-rin-to-saku	2026	RELEASING	
kappa-no-pakichi	2026	-	
kara-chan-to-shitoo-san-to	2026	-	
kara-pichi-town-e-go	2026	-	
karada-de-oboena-ore-no-hisseki	2026	-	
karada-sagashi-za-last-night	2026	FINISHED	2026
karamitsuku-ai-de-tojikomete	2026	-	
karappo-seijo-toshite-suterareta-hazu-ga-totsugisaki-no-koutei-heika-ni-dekiai-sarete-imasu	2026	RELEASING	
karasuya-satoshi-no-shin-bikkuri-curry	2026	RELEASING	
kare-wa-tomodachi-urano-2025	2026	RELEASING	
karei-naru-ero-mangabu	2026	-	
karei-ni-rien-shitemisemasu-wa	2026	RELEASING	
karekore	2026	RELEASING	
kareshi-ga-hoshikatta	2026	RELEASING	
kareshi-ga-iru-noni	2026	RELEASING	
kareshi-no-onnatomodachi-ga-guigui-kuru-watashi-ni	2026	-	
kareta-hana-ni-namida-o	2026	-	
kariage-kun	2026	RELEASING	
karigyaru	2026	RELEASING	
karin-no-mound	2026	-	
karori-no-tsuyagoto-season2	2026	RELEASING	
karubi-momareru	2026	-	
karuneadesu	2026	-	
kasei-madoushi-no-isekai-seikatsu	2026	RELEASING	
kaseifunosetsunaikeiyaku	2026	-	
kaseifuwashinderera	2026	-	
kashin-ni-megumareta-tensei-kizoku-no-shiawasena-nichijou	2026	-	
kashin-to-banou	2026	-	
kashin-yuugiden	2026	-	
kashoku-no-shiro	2026	RELEASING	
kasouba-de-hataraku-boku-no-nichijou	2026	-	
kassai	2026	-	
kasurihhi	2026	RELEASING	
katainaka-no-otsu-san-kensei-ni-naru	2026	RELEASING	
katainaka-no-otsu-san-kensei-ni-naru-gaiden-hajimari-no-mahou-kenshi	2026	RELEASING	
katainaka-no-otsu-san-kensei-ni-naru-gaiden-ryuu-souken-no-kiseki	2026	RELEASING	
katana	2026	RELEASING	
kataomoi-twinkle-star	2026	-	
katashiro-no-itansha	2026	RELEASING	
katasumi-no-kioku	2026	FINISHED	2026
kataware-reijou-ga-dansou-suru-wake	2026	FINISHED	2025
katayamakun-meshiagare	2026	-	
katora-san-asobimasho	2026	-	
katsuobushi-romantica	2026	FINISHED	2025
katsute-no-ansatsusha-wa-raise-de-chigau-ikikata-o-suru	2026	-	
katsute-wa-akuyaku-reijoudeshita-ga-ima-de-wa-rippana-ojisandesu	2026	-	
katsute-wa-saikyou-muteki-no-yuusha-sama	2026	RELEASING	
katte-ni-yuusha-party-no-anbu-o-ninatte-itakedo-fuyou-da-to-tsuihousareta-sareta-node-hontou-ni	2026	-	
kattenishoukanshitakuseniikiokuredakaraseijodewanaitoiwaremashita-ise	2026	-	
kawa-rei-kae-dama	2026	-	
kawabe-no-eva-to-ijintachi	2026	-	
kawai-sugiru-hito-yo	2026	RELEASING	
kawaihara-senpai-wa-kawaii-saotome-kun-ga-suki	2026	RELEASING	
kawaii-doumei	2026	RELEASING	
kawaii-hakase	2026	-	
kawaii-houmonsha	2026	-	
kawaii-kimi-ni-taberaretai	2026	-	
kawaii-kimi-to-kyou-mo-deki-nai	2026	-	
kawaii-koi-wa-kikazaranai	2026	-	
kawaii-no-wa-ore-dearu	2026	RELEASING	
kawaii-uso-no-kawauso	2026	RELEASING	
kawaii-wa-kane-nari	2026	-	
kawaii-wa-tokidoki-kurushii	2026	RELEASING	
kawaiku-naitene-onoderasan	2026	-	
kawaisou-na-kimi-wa-boku-dake-no-amayaka-na-kizu	2026	RELEASING	
kawaisugi-crisis	2026	RELEASING	
kawarimononoteihenkizoku-ohitoyoshigakoujitetadahitorinohousekijuuzukai	2026	-	
kawatare-kata-ware	2026	-	
kaya-chan-wa-kowakunai	2026	RELEASING	
kaze-no-yari	2026	RELEASING	
kazoku-ni-aisarenakatta-watashi-ga-henkyou-no-chi-de	2026	-	
kazoku-ni-yakutatazu-to-iwaretsuzuketa-watashi-ga-mashou-no-koushaku-kishi-sama-no-saiai-ni-naru	2026	-	
kazokunohanayome-hanamukotachinobacherorette	2026	-	
kedamono-ouji-to-yokujou-no-yoru-toraware-no-utahime-wa-tori-kago-nonaka-de-amak	2026	-	
kedamonooobaakamingu	2026	-	
kedamonooujinonisekoihanayome	2026	RELEASING	
kegareta-seichi-junrei-ni-tsuite	2026	RELEASING	
kegaretachi	2026	-	
keibuho-daimajin	2026	RELEASING	
keiken-o-skill-ni-suru-bannou-na-nouryoku-o-te-ni-irete	2026	-	
keikenchi-chochiku-de-nonbiri-shoushin-ryokou-yuushatokoibitonitsuihousaretasenshinomu	2026	RELEASING	
keikenzumi-na-kimi-to-keiken-zero-na-ore-ga-otsukiai-suru-hanashi	2026	RELEASING	
keikoku-akujo-no-hakarigoto	2026	-	
keikoku-no-shitate-ya-rose-beru-tan	2026	RELEASING	
keikoku-no-sokushitsu-wa-heiwa-ni-kurashitai	2026	-	
keishou-kishin-unbreaker	2026	RELEASING	
keiyaku-kikan-wa-haramumade-binbou-stealth-reijou-ga-mashou	2026	-	
keiyaku-kon-shita-aite-ga-oni-saishou-deshita-ga-konotabi-saishoushitsu-sennin-hosakan-ni-ninmei	2026	RELEASING	
keiyaku-shimai	2026	RELEASING	
keiyakukarahajimerubooi-miitsu-gaaru-oyakata-sorakaradaakuerufunoon	2026	-	
keiyakukon-shita-reitetsu-shachou-wa-amaku-yasashii-uso-o-tsuku	2026	-	
kekkaishi-eno-tensei	2026	RELEASING	
kekkaishi-no-ichirinka	2026	RELEASING	
kekkon-nochi-love	2026	-	
kekkon-o-akirameta-cheat-majutsushi-dekiai-suru-manamusume-ga-dekita-node	2026	-	
kekkon-shimashou-koisuru-mae-ni	2026	RELEASING	
kekkon-shoubai	2026	-	
kekkon-shoya-no-desuruupu	2026	-	
kekkonmimannobokutachidesuga	2026	-	
kemono-jihen	2026	RELEASING	
kemonosamawaongaeshideharamasetai	2026	-	
kemonotachi-no-peregurinatio	2026	-	
kemuri-to-mitsu	2026	RELEASING	
kemutai-hanashi	2026	RELEASING	
ken-ni-kogu	2026	-	
ken-no-ken-nitsuite	2026	-	
ken-o-motanai-kensei-kizoku-ni-shihai-sareta-kishi-gakuen-de-musou-suru	2026	RELEASING	
ken-oni-tensei-kiwameshi-ken-wa-majutsu-o-kiri-saku	2026	-	
ken-to-mahou-to-gakureki-shakai	2026	RELEASING	
ken-to-mahou-to-ntr	2026	-	
ken-yo-kaku-katariki	2026	-	
kengan-omega	2026	RELEASING	
kengeki-issen	2026	-	
kenja-no-deshi-o-nanoru-kenja-2025	2026	-	
kenja-no-mago	2026	RELEASING	
kenka-bakari-datta-konyakusha-ga-ikinari-dekiai-shitekimasu	2026	RELEASING	
kenka-zakari	2026	-	
kenkaku-shoubai	2026	RELEASING	
kenkyaku-shoubai-premium-ka	2026	-	
kenran-taru-grand-seenu	2026	RELEASING	
kensei-no-osananajimi-ga-pawahara-de-ore-ni-tsuraku-ataru-node-zetsuen-shite-henkyou-de-makenshi-to	2026	RELEASING	
kenshi-wa-jidaiokure-to-sasen-sareta-jinrui-saikyou-no-ossan	2026	-	
kesa-mo-ano-ko-no-yume-o-mita	2026	-	
kesa-mo-yuraretemasu	2026	RELEASING	
ketsu-battler	2026	RELEASING	
ki-kyuuden-no-shisha-no-ou	2026	-	
ki-mochi-iinara-tameshitai	2026	-	
kichiku-eiyuu	2026	RELEASING	
kichiku-gokudou-yabasugiru-dekiai	2026	RELEASING	
kidai-no-akujo-sandome-no-jinsei-de-musai-munou-o-tanoshimu	2026	RELEASING	
kidoban-no-bantarou	2026	RELEASING	
kidou-senshi-gundam-ginkai-no-genei-gravure	2026	-	
kidou-senshi-gundam-suisei-no-majo-seishun-frontier	2026	-	
kietai-boku-wa-kimi-ni-150-ji-no-ai-o-ageru	2026	-	
kigatsukebanekogairu	2026	-	
kigen-tsuki-koujo-no-hazu-ga-umaku-yarisugite-shimatta-you-desu	2026	-	
kijin-gentoushou	2026	RELEASING	
kijitoraneko-no-koume-san	2026	RELEASING	
kikakugai-no-dungeon-kouryakusha-jitsuwa-isekaigaeri-no-moto-yuusha	2026	-	
kikan-gentei-kazoku	2026	-	
kikangenteikoibitokeiyaku-onzoushinadouryouwashoushinjoshionigasa	2026	-	
kiki-machigai-kara-hajimaru-isekai-kaitakuki	2026	-	
kikikiru	2026	-	
killer-doori-no-sommelier-tantei	2026	RELEASING	
killer-sitter	2026	-	
killing-bites	2026	RELEASING	
kimi-de-torokeru-boku-o-minai-de	2026	-	
kimi-ga-amari-ni-amasugite	2026	RELEASING	
kimi-ga-hoeru-tame-no-uta-o	2026	RELEASING	
kimi-ga-ittousei-ni-hikaru-made	2026	-	
kimi-ga-kantoku	2026	RELEASING	
kimi-ga-kureta-spotlight	2026	-	
kimi-ga-loafer-o-haitara	2026	RELEASING	
kimi-ga-mata-kakidasu-sen	2026	-	
kimi-ga-shinu-made-koi-o-shitai	2026	RELEASING	
kimi-ga-utau-yakurenka	2026	-	
kimi-ha-shuumatsu	2026	RELEASING	
kimi-ni-hodokete-haru-arashi	2026	-	
kimi-ni-koisuru-sanshimai	2026	RELEASING	
kimi-ni-naretara	2026	-	
kimi-no-giza-ha-ga-mitemitai	2026	-	
kimi-no-koto-ga-daidaidaidaidaisuki-na-100-nin-no-kanojo	2026	RELEASING	
kimi-no-manimani-suzuki-kun	2026	-	
kimi-no-miren-ga-nakunaru-made	2026	-	
kimi-no-nadekata-shitsukekata	2026	RELEASING	
kimi-no-sumire	2026	RELEASING	
kimi-o-aisuru-ki-wa-nai-to-itta-jiki-koushaku-sama-ga-naze-dekiai-shite-kimasu	2026	RELEASING	
kimi-o-aisuru-koto-wa-nai-to-itta-koori-no-majutsushi-sama-no-kataomoi-aite-ga-hensou-shita-watashi	2026	RELEASING	
kimi-o-tabetai	2026	RELEASING	
kimi-o-wasureru-koi-ga-shitai	2026	RELEASING	
kimi-to-barairo-no-hibi	2026	RELEASING	
kimi-to-hanabi-to-yakusoku-to	2026	-	
kimi-to-honori-hatatose-no-aida-de	2026	-	
kimi-to-kazokumitaina-soreijou	2026	-	
kimi-to-koete-koi-ni-naru	2026	RELEASING	
kimi-to-mata-meguri-aetara	2026	-	
kimi-to-sakura-no-hanataba-o	2026	-	
kimi-to-uchuu-o-aruku-tame-ni	2026	RELEASING	
kimi-wa-akeboshi	2026	-	
kimi-wa-boku-no-risou-no-kareshi	2026	RELEASING	
kimi-wa-cinderella	2026	RELEASING	
kimi-wa-dare-yori-utsukushii-doubutsu-shirai-mo-mo-yoshi-tan-henshuu	2026	-	
kimi-wa-maid-sama	2026	RELEASING	
kimi-wa-sekai-no-chuushin-desu	2026	RELEASING	
kimi-wa-yotsuba-no-clover	2026	RELEASING	
kiminohitominiochiruyoru	2026	-	
kiminokokoronisawaritai	2026	-	
kiminoseinandakara-sekinintotteyone	2026	-	
kimitachiai-ga-omosugiru	2026	-	
kimitonokoiwagaadofunou	2026	-	
kimiwaitsushikadokuninaru	2026	-	
kimiwasaiainosutera	2026	-	
kimongai-karma	2026	RELEASING	
kimyou-tera-yokochou-no-natsu	2026	-	
kin-su-gihotarude-mi-o-kogasu	2026	-	
kin-to-tetsu	2026	RELEASING	
kindaichi-papa-no-file	2026	RELEASING	
kinds-of-blue	2026	-	
king-golf	2026	RELEASING	
kingdom	2026	RELEASING	
kingyoya-san-no-karisome-fuufu	2026	FINISHED	2026
kininatteru-hito-ga-otoko-ja-nakatta	2026	RELEASING	
kinki-kai-noroi-no-saikyou-soubizukai	2026	-	
kinme-ginme-nekoyakata	2026	RELEASING	
kinnikuman	2026	RELEASING	
kinoshita-mahou-koumuten	2026	-	
kinou-nani-tabeta	2026	RELEASING	
kinyoku-impossible-jogakuen	2026	RELEASING	
kinyokushieahausu	2026	-	
kiraatouinkuru-anchiwasuteejiniagaremasen	2026	-	
kirai-na-aitsu-wa-numarase-dom-de	2026	-	
kirai-na-douryou-no-dakimakura-ni-narimashite	2026	RELEASING	
kiraininaranaidene	2026	-	
kirameke-idol-academy	2026	-	
kiraware-joou-ha-juuou-sama-no-okiniiri-dokuhime-ga-reset-shita-jinsei-de-dekiai-saremasu	2026	RELEASING	
kiraware-majo-to-karada-ga-irekawatta-keredo-watashi-wa-kyou-mo-genki-ni-kurashite-imasu	2026	RELEASING	
kiraware-ouji-no-yarinaoshi	2026	RELEASING	
kiraware-reijou-wa-gin-no-ouji-ni-amayakasareru	2026	RELEASING	
kirawaremono-no-akuyaku-reisoku-ni-tensei-shita-noni-naze-mawari-ga-houtte-oite-kurenai	2026	RELEASING	
kirawaremono-no-reijou-wa-watashi-ga-ai-shimashou	2026	RELEASING	
kirawaremononoorewayarinaoshinosekaidegiteitachinigomaosuru	2026	RELEASING	
kireina-kimi-ni-korosaretai	2026	-	
kireteru-futari-no-shutchou-meshi	2026	FINISHED	2025
kirinopuriizuraku	2026	-	
kirishimakun-wa-futsuu-janai-tenkousei-wa-vampire	2026	-	
kiritani-san-chotsu-sore-kuunsuka	2026	RELEASING	
kirumaibosu	2026	-	
kirumii-beibee	2026	RELEASING	
kisarazu-kun-no-batsubatsu-ga-mitai	2026	RELEASING	
kishi-danchou-wa-isekai-bar-de-koi-ni-ochiru	2026	-	
kishi-ni-akogareta-saikyou-no-kenshi	2026	-	
kishimojin-asagiri2026	2026	-	
kishiou-no-shokutaku	2026	RELEASING	
kiss-no-ato-made-oshie-teageru	2026	-	
kiss-wa-yuki-doke-no-ato-ni-shi-te	2026	-	
kissa-new-maoujou	2026	RELEASING	
kisu-kara-hajimaru-isekai-harem	2026	RELEASING	
kisudedamashiteochinaide	2026	-	
kisudeochinaisukyandaru	2026	-	
kisugakoininarumade	2026	-	
kisuwasousanoatodeagein	2026	-	
kita-no-toride-nite	2026	RELEASING	
kitchinkaa-deri-joi	2026	RELEASING	
kitsunetoisshonikurashitara	2026	-	
kittokamisamamoshiranai	2026	-	
kittoshiawasenoasagakuru	2026	-	
kiwamete-kenzenna-bishoujo-level-up	2026	-	
kiwami-to-tsubomi	2026	RELEASING	
kiyora-tamayura	2026	RELEASING	
kiyoshi-ken-to-bikini-armor	2026	-	
kiyou-binbou-shiro-o-tateru	2026	RELEASING	
kiyowa-reijou-ni-narikawatta-moto-akujo	2026	-	
kiyowanareijoutotsuihoudenkanoichaicharyouchikeiei-ichizudekawai	2026	-	
kizetsu-yuusha-to-ansatsu-hime	2026	RELEASING	
kizoku-ka-sannan-no-nariagari-life	2026	RELEASING	
kizoku-kara-shomin-ni-natta-node-konyaku-o-kaishou-saremashita	2026	RELEASING	
kizoku-no-sannan-dekunobou-kara-saikyou-majutsushi-e-parameter-o-chousetsu-shi-t	2026	-	
kizoku-tensei	2026	RELEASING	
kizoku-tensei-gaiden-14-sai-noa-no-musou-ryokou	2026	-	
kizokureijouniumaretakaraniwanengannodaradaraniitoseikatsushitai	2026	-	
kizu-mono-no-hanayome-shou-sasshi-matome-hon	2026	-	
kizudarake-seijo-yori-houfuku-o-komete	2026	RELEASING	
kizuguchi-to-houtai	2026	RELEASING	
kizuitaramusougeemunoakuyakushougundattaken-hametsuruutowabukkowasu	2026	-	
kizumono-no-hanayome	2026	RELEASING	
knitter-s-high	2026	RELEASING	
ko-ai-apartment-no-neko	2026	-	
ko-konnaikemengawatakushinoosananajimidekonyakushadesutte-sasugaakuyaku	2026	FINISHED	2026
kobakunwakoigawakaranai	2026	-	
kobayashi-san-chi-no-maidragon-iruru-wa-koi-toka-wakarimasen	2026	-	
kobayashi-san-no-meidoragon-eruma-no-ooeru-nikki	2026	RELEASING	
kobayashi-san-no-meidoragon-kanna-no-nichijou	2026	RELEASING	
kobayashi-san-no-meidoragon-maid-wa-boku-no-chomechome-fafnir	2026	RELEASING	
kobayashi-san-no-meidoragon-okomorigurashi-no-fafuniiru	2026	RELEASING	
kobayashisanchi-no-meidoragon	2026	RELEASING	
koboreru-yoru-ni	2026	RELEASING	
kobushi-samurai	2026	-	
kocchi-muite-miiko	2026	RELEASING	
kochira-isekai-support-center-no-suzuki-ga-uketamawarimasu	2026	-	
kochira-shuumatsu-teitai-iinkai	2026	-	
kodoku-na-joushu-to-toraware-no-musume	2026	-	
kodomo-hiroyuki	2026	-	
kodomo-o-koroshite-kudasai-to-iu-oyatachi	2026	RELEASING	
koe-no-furu-heya	2026	RELEASING	
kohaku-no-yume-de-yoimashou	2026	FINISHED	2025
kohakuironokishiwaseijonohidariteniaiochikau	2026	RELEASING	
kohakukoku-sumi-yoruden-koukyuu-no-yoi-ni-tsuki-hana-wa-kagayaku	2026	-	
koi-fure	2026	RELEASING	
koi-koite	2026	-	
koi-nante-wasureteta	2026	-	
koi-ni-jiken-wa-tsukimonodesu	2026	-	
koi-ni-naru-to-wa-kiitenai	2026	RELEASING	
koi-ni-ochiru-recipe	2026	-	
koi-no-kasu-to-ai-no-kuzu	2026	-	
koi-no-katamichi-kippu	2026	FINISHED	2025
koi-notonarinio-bentou	2026	-	
koi-o-shitate-te-nuiage-te	2026	-	
koi-o-suru-hi-no-lingerie	2026	RELEASING	
koi-suru-lip-teinto	2026	RELEASING	
koi-suru-shikaku	2026	RELEASING	
koi-to-potato-to-natsuyasumi	2026	-	
koi-to-summer-blend	2026	-	
koi-to-uso-ni-wa-risoku-ga-tsukimono	2026	-	
koi-to-yobuni-wa-sasayakadesu-ga	2026	-	
koi-wa-inamono-oshinamono	2026	-	
koi-wa-sora-kara-futte-kuru	2026	RELEASING	
koi-wa-sugu-soba-ni	2026	-	
koi-wa-yomise-nonaka-de	2026	-	
koi-yori-aoku	2026	RELEASING	
koibami-shoujo	2026	RELEASING	
koibitokeiyakuchuunitsuki-koushin	2026	-	
koibumi-to-13-sai-no-joyuu	2026	RELEASING	
koigakubo-kun-ni-hajimete-o-ubawaremashita-2023	2026	RELEASING	
koigokorokaihatsujikkyou	2026	-	
koimaru	2026	-	
koimoaimohoshikunai	2026	-	
koimookawaridekimasuka	2026	-	
koiniitaruyamai	2026	-	
koinohatemadeyoyaminoounisarawarete	2026	-	
koiotsuzuruniariiikooru	2026	-	
koiseyo-mayakashi-tenshi-domo	2026	RELEASING	
koishi-to-kosame-no-tabi-channel	2026	RELEASING	
koishinai-kimi-to-koi-ga-shitai	2026	-	
koishita-hito-wa-imouto-no-kawari-ni-shindekure-to-itta-imouto-to-kekkon-shita-kataomoi-aite-ga	2026	RELEASING	
koishitekurerunamaibadi	2026	-	
koisome-wa-ochiyuku-tsubaki-no-shita-de	2026	RELEASING	
koisuru-bou-kun	2026	RELEASING	
koisuru-elf-wa-shigeki-ga-hoshii	2026	-	
koisuru-futari-wa-kiba-o-kakusu	2026	-	
koisuru-otome-no-tsukurikata	2026	RELEASING	
koisuru-tenshi-wa-tsumibukai	2026	RELEASING	
koisurunara-yu-bisakimade	2026	-	
koitoshinkuronishitei	2026	-	
kojirase-kare-no-dekiai-ga-omosugimasu	2026	FINISHED	2026
kojirase-outaishi-to-yakusoku-no-himegimi	2026	RELEASING	
kojiraseyamasewawakarasetai	2026	-	
kojire-ni-kojireta-gikyoudai-no-hanashi	2026	RELEASING	
kokan-musou-kiraware-yuusha-wa-mazoku-ni-aisareru	2026	RELEASING	
koko-joubutsu-yattemasu	2026	-	
koko-suki-channel-touroku-onegai-shimasu	2026	-	
koko-wa-kazoku-ga-kieru-machi	2026	RELEASING	
koko-wa-ore-10-makasete-saki-ni-yuke-to-itte-kara-10nen-ga-tattara-densetsu-ni-natteita	2026	RELEASING	
koko-wa-watashi-no-yashiki-desu-sorosoro-dete-itte-kuremasu	2026	FINISHED	2026
koko-wa-yes-to-ittekure-encore	2026	-	
kokokara-wa-otona-no-jikan-desu	2026	RELEASING	
kokoro-ga-yomeru-joou-wa-konyakusha-no-dekiai-ni-kizukanai	2026	RELEASING	
kokoro-koi-ni-arazu	2026	RELEASING	
kokoro-kun-wa-ai-toka-iranai	2026	RELEASING	
kokoro-make-cosmetica	2026	-	
kokoro-ni-wa-kekkon-shinai-riyuu-ga-aru	2026	-	
kokoro-no-koe-ga-kikoeru-akuyaku-reijou-wa-kyou-mo-koinu-denka-ni-honrou-dekiaisareru-comic	2026	RELEASING	
kokoro-no-naka-ga-mieru-ouji-to-kokoro-no-naka-wa-makkuro-reijou	2026	RELEASING	
kokoro-o-tozashita-koushaku-kakka-to-konyaku-shita-hazu-nanoni-naze-taisetsu-ni-sarete-shimattemasu	2026	RELEASING	
kokou-no-ou-no-ayamachi-shakunetsu-no-ou-to-utsukushiki-toubousha	2026	-	
kokouna-kanojo-to-kanojo-no-heya-de-shi-terukoto	2026	-	
kokugai-tsuihousareta-sareta-joou-wa-tekikoku-no-koori-no-ou-ni-dekiai-dekiaisareru	2026	RELEASING	
kokuhou	2026	RELEASING	
kokuhoukyuu-reisoku-no-kyuukon	2026	-	
kokui-no-imouto-wa-watashi-o-yurusanai	2026	-	
kokuou-heika-anata-o-kyouikuitashimasu	2026	-	
kokuoudearu-ani-kara-henkyou-ni-tsuihou-saretakedo-heion	2026	-	
kokuoutachi-no-kekkon	2026	-	
kokurouou-to-shirogane-no-niehime	2026	RELEASING	
komen-fuufu	2026	FINISHED	2026
komochi-host-no-kawaii-rinjin	2026	-	
komorebi-no-hito	2026	RELEASING	
komyushou-nanode-soro-souryo-o-erandara-yatara-party-ni-sasowareru-ken	2026	-	
kon-yo-de-saigo-no-koi-o-shiyou	2026	-	
konbini-de-deatta-eroi-onnanoko-to-tadarekitta-kankei-ni-narimashita	2026	-	
konbini-reijou-kirara	2026	-	
kondo-wa-zettai-ni-jama-shimasentsu	2026	RELEASING	
konjiki-no-gash-2	2026	-	
konjiki-no-waado-master	2026	RELEASING	
konkatsu-strategy	2026	-	
konkatsu-to-mishin	2026	RELEASING	
konkuriito-no-fune	2026	-	
konna-dom-de-mo-fukujuu-shitai	2026	-	
konnano-shiranai	2026	RELEASING	
konnanosukininaranaiwakeganai	2026	-	
konno-chinatsu-no-fujou-na-nichijou	2026	RELEASING	
kono-bishounen-moujuu-deshita	2026	RELEASING	
kono-class-ni-gal-wa-inai	2026	RELEASING	
kono-gokudou-choukyou-chuu-ni-tsuki	2026	RELEASING	
kono-healer-mendokusai	2026	RELEASING	
kono-hoshi-furu-tengoku-de	2026	-	
kono-kekkon-ni-igi-ari	2026	-	
kono-kiss-o-tomeruna	2026	-	
kono-koi-chaban-ni-tsuki	2026	RELEASING	
kono-koi-ga-tsumi-da-toshitemo	2026	RELEASING	
kono-koi-no-hisaku-wa-shippaidesu	2026	-	
kono-koi-o-hoshi-niwa-negawanai	2026	FINISHED	2026
kono-koi-wa-ofureko-de	2026	-	
kono-oto-tomare	2026	RELEASING	
kono-otoko-wa-jinsei-saidai-no-ayamachi-desu	2026	RELEASING	
kono-sekai-no-ganmen-hensachi-ga-takasugi-te-me-ga-itai	2026	-	
kono-sekai-wa-fukanzen-sugiru	2026	RELEASING	
kono-subarashii-sekai-ni-shukufuku-o	2026	RELEASING	
kono-tabi-ga-owarukoro	2026	-	
konodamedorudomome-chikaaidoruobudoukannitatasenaitogyarushachouniboku	2026	-	
konohanashitsuzukiwahakabade	2026	-	
konokisuwajikonanoniironashinowatashiganazekasaikyounomahoutsukainitorawarete	2026	-	
konomama-mobu-ja-owarenai	2026	RELEASING	
konotabi-oni-joushi-no-hisho-ni-narimashite	2026	-	
konotabikoushakukenoreijounokonyakushatonarimashitashikashiuwasadewaseika	2026	-	
konpuchuu-fantajiika-shita-gendai-o-iku	2026	-	
konsei-wa-akujo-de-ikinobimasu	2026	RELEASING	
konsei-wa-toushu-ni-narimasu	2026	-	
konya-coin-laundry-de-aimashou	2026	-	
konya-himitsu-no-kitchen-de	2026	-	
konya-isshou-mono-ni-shiro	2026	-	
konya-mo-hitori-desu-nanika	2026	-	
konya-mo-kimi-to-koubutsu-dinaa-o	2026	-	
konya-mo-serial-killer-to-machiawase	2026	RELEASING	
konya-uchi-ni-oide	2026	-	
konyaku-haki-kara-no-dekiai-seikatsu-ryuujin-koutaishi-no-ban-ni-eraba	2026	-	
konyaku-haki-no-tame-reikoku-kishi-ni-kettou-o-idonde-mimashita	2026	-	
konyaku-haki-no-tsugi-wa-gisou-konyaku-sate-sono-tsugi-wa	2026	RELEASING	
konyaku-haki-o-manugareta-koushaku-reijou-wa-otto-no-ai-o-shinjirarenai	2026	RELEASING	
konyaku-haki-o-shita-reijou-wa-gaman-o-tomemashita	2026	RELEASING	
konyaku-haki-sareta-akuratsu-omega-wa-gikei-koushaku-ni-shuuchaku-sare	2026	-	
konyaku-haki-sareta-binbou-hakushaku-reijou-desu-akogare-no-reitetsu-outei-ni-dekiai-sarete-imasu	2026	-	
konyaku-haki-sareta-ga-somosomo-konyaku-shita-oboe-wa-nai	2026	-	
konyaku-haki-sareta-gakeppuchi-reijou-wa-teikoku-no-koutei-denka-to-musubareru	2026	RELEASING	
konyaku-haki-sareta-karen-reijou-wa-teikoku-no-koushaku-kishi-sama-ni-dekiai-dekiaisareru	2026	RELEASING	
konyaku-haki-sareta-mahou-yakushi-wa-honoo-no-kishi-ni-dekiai-dekiaisareru	2026	RELEASING	
konyaku-haki-sareta-meshitaki-reijou-no-watashi-wa-reikoku-koushaku-to-senzoku-keiyaku-shimashita	2026	-	
konyaku-haki-sareta-muhyoujou-reijou-ga-shiawase-ni-narumade-kinmusaki	2026	-	
konyaku-haki-sareta-no-de-suki-ni-suru-koto-ni-shita	2026	RELEASING	
konyaku-haki-sareta-node-osouji-maid-ni-nattara-warawanai-kikoushi-sama-ni-dekiai-saremashita	2026	FINISHED	2026
konyaku-haki-sareta-seijo-wa-nonbiri-hatarakitai	2026	-	
konyaku-haki-sareta-watashi-mezametara-tonari-ni-konyaku-haki-sareta	2026	-	
konyaku-haki-saretainode-sugao-o-kakushite-zannen-reijou-ni-narimasu-e	2026	-	
konyaku-haki-sarete-shoukan-ni-urareru-yotei-nanode	2026	-	
konyaku-haki-shitai-node-akuyaku-reijou-enjimasu	2026	RELEASING	
konyaku-hakidesu-ka-hai-yorokon-de-datte-boku-wa-ane-no-kawaridesu-kara	2026	-	
konyakukaishounochiohikkoshiseiranrizerunokimamadeyuuganaseikatsu-saishi	2026	-	
konyakusha-ga-ashita-kekkon-suru-sou-desu	2026	RELEASING	
konyakusha-ga-uwaki-aite-to-kakeochi-shimashita-ouji-denka-ni-dekiai-sarete-shiawase-nanode-imasara	2026	RELEASING	
konyakusha-ni-anata-wa-shourai-uwaki-o-shite-watashi-o-suteru-kara-wakarete-kudasai-to-itte-mita	2026	RELEASING	
konyakusha-ni-daredakke-to-iwareta-node-konomama-shiranai-furi	2026	-	
konyakusha-ni-kirawareteiruyounanode-hanaretemitara-naze-ka-kougi-sare	2026	-	
konyakusha-ni-uragirareta-renkinjutsushi-wa-dokuritsu-shite-zamaa-shimasu	2026	RELEASING	
konyakusha-ni-wasurerareta-watashi-ringoku-no-koutaishi-denka-to-gisou-konyaku	2026	-	
konyakusha-no-uwaki-genba-o-michatta-node-hajimari-no-kane-ga-narimashita-za-comic	2026	RELEASING	
konyakusha-o-sutetara-tanoshii-mahou-gakkou-no-seikatsu	2026	-	
konyakusha-sama-sashiagemasu	2026	RELEASING	
konyakusha-wa-dekiai-no-furi	2026	RELEASING	
konyakusha-wa-gimai-no-hou-ga-taisetsu-nanode	2026	-	
konyakusha-wa-watashi-no-imouto-ni-koi-o-suru	2026	RELEASING	
konyakushasama-oujosama-o-yuusen-surunara-o-suki-ni-douzo	2026	-	
konyakushasamaniwaunmeinohiroingaarawaremasugazanteikonyakuraifuoma	2026	-	
konzukushi	2026	RELEASING	
koori-no-hime-wa-chiisana-hidamari-de-tokasaretai	2026	FINISHED	2026
koori-no-koushaku-sama-ni-amayakasaretai	2026	RELEASING	
koori-no-koutei-no-torikago-no-naka-de	2026	-	
koori-zokusei-otoko-to-kuuruna-douryou-joshi	2026	RELEASING	
koorimainoaufugiisaa	2026	-	
koorinokoushakusamatowatashinoshiawasenakeiyakusaikon	2026	-	
koppa-maichiru-sono-koro-ni	2026	RELEASING	
kore-kaite-shine	2026	RELEASING	
kore-kara-dousuru	2026	RELEASING	
kore-wa-keihi-de-ochimasen	2026	RELEASING	
kore-wa-nidome-de-saigo-no-hatsukoi	2026	-	
korette-harassment-desu-ka	2026	RELEASING	
korette-renshuu-desuka	2026	-	
koreyori-danzai-no-jugyou-o-hajimemasu	2026	-	
korogaru-kyoudai	2026	RELEASING	
korokoro-kedama-nikki	2026	-	
korosaretara-zombie-ni-natta-node-shinka-shimakutte-musou-shiyou-to-omoimasu	2026	RELEASING	
koroshiya-no-eigyoujutsu	2026	-	
koroshiya-no-oshi	2026	RELEASING	
koroshiya-wa-kyou-mo-reitetsu-koutei-ni-aisareru	2026	RELEASING	
koruto-m1851-zangetsu	2026	RELEASING	
kotchimiteyosensei	2026	-	
kotoba-no-kemono	2026	RELEASING	
kotoriraidaawatokaidekurashitai-mofumofunaaibouto-nonbiriisekaibouke	2026	-	
kotoshi-chuumoku-no-ace-chan	2026	RELEASING	
kou-minoruchan-wa-kao-ga-wakaranai	2026	-	
koudo-ni-hattatsu-shita-igaku-wa-mahou-to-kubetsu-ga-tsukanai	2026	RELEASING	
koudou-wolf	2026	RELEASING	
koufuku-no-oishii-michisugara	2026	-	
kougakurekinanmin	2026	-	
kougekiryoku-gokuburi-no-saikyou-majutsushi	2026	RELEASING	
kougekiryoku-zero-kara-hajimeru-kensei-tan	2026	RELEASING	
kouhaichan-wa-yarisugiru	2026	-	
kouhoubu-shusshin-no-akuyaku-reijou-desu-muhyoujou-na-ouji-ga-kimi-o-tebanashitakunai-to	2026	RELEASING	
kouiu-noga-ii	2026	RELEASING	
koujo-tensei	2026	-	
koukai-suru-nara-go-katte-ni	2026	FINISHED	2025
koukokunosouheki-kizumononohanayomegaiden	2026	-	
koukou-jidai-ni-gouman-datta-joou-sama-tono-dousei-seikatsu-wa-igai-to-igokochi-ga-warukunai	2026	RELEASING	
koukyuu-chahiden	2026	RELEASING	
koukyuu-kagekidan	2026	-	
koukyuu-kouhi-monogatari	2026	RELEASING	
koukyuu-meifu-no-ryourinin	2026	-	
koukyuu-no-dansouhi	2026	-	
koukyuu-no-hanamusubi-shi	2026	FINISHED	2025
koukyuu-no-kamiyuishi-wa-tsuki-ni-sou	2026	-	
koukyuu-no-kenshi-nyokan	2026	RELEASING	
koukyuu-no-o-toiawase-madoguchi	2026	-	
koukyuu-omega	2026	-	
koukyuu-shingan-hanteinin	2026	-	
koukyuukisaki-no-kanrinin	2026	RELEASING	
koumei-no-yome	2026	RELEASING	
koumuin-de-antai-nohazu-ga-jiko-bukken-tantou-ni-idou-shimasu	2026	-	
kounoike-tsuyoshi-to-neko-no-ponta-nyaaaan	2026	-	
kouryaku-fukanou-na-kusogee-no-hiroin-ni-tensei-shiteita	2026	-	
koushaku-fujin-ni-fusawashikunai-to-rien-sareta-watashi-no-hanashi	2026	-	
koushaku-fujin-no-50-no-ocha-recipe	2026	-	
koushaku-no-himitsu-no-yotsugi	2026	-	
koushaku-reijou-aguri-cartia-wa-sazukatta-cheat-skill	2026	-	
koushaku-reijou-ariarein-no-tsuihou	2026	-	
koushaku-reijou-wa-tegoma-o-enjiru	2026	RELEASING	
koushaku-reijou-wa-waga-michi-o-baatari-teki-ni-yuku	2026	RELEASING	
koushaku-shisoku-no-shuuchaku-kara-nigeraresou-ni-nai-node	2026	-	
koushakuke-no-choujo-deshita	2026	-	
koushakuke-no-ryouriban-sama	2026	RELEASING	
koushakureijounorourakumisshon-maoutonoseiryakukekkongajinrui	2026	-	
koushakusamatatanaihazudewa-shoyakarazetsurinkedamonoetchi	2026	-	
koushiki-furin	2026	-	
koushite-koi-wa-tsuzuiteku	2026	-	
koutei-denka-no-yakutouhi	2026	-	
koutei-heika-no-atatamegakari	2026	-	
koutei-heika-no-chouai-wa-keiyakugai-ni-tsuki	2026	-	
koutei-ni-naru-node-rikon-shite-kudasai	2026	-	
koutei-no-hitorimusume	2026	-	
koutei-no-kakushigo-no-reijou-wa-abaren-bou-koushaku-reisoku-no-tazuna-o-nigiru	2026	-	
koutei-no-kodomo-o-kakusu-houhou	2026	-	
koutei-no-mago-ni-tensei-suru-koutei	2026	RELEASING	
koutei-no-yakuzenhi	2026	RELEASING	
kouteiheikanoosewagakari-nyokangurashigashiawasesugitekoukyuukaraderare	2026	RELEASING	
kouteike-no-shichinan-ga-ken-yori-sukoppu-ga-tokuide-komatteiru	2026	-	
koutsugou-semi-friend	2026	RELEASING	
kouunnoshokichigaijounitakakattakoukouseigakanzumegachadeteniireta	2026	RELEASING	
kouwakokukakyuuden-akuyakuhimenitenseishitayoudesugaoshikatsuniisogashii	2026	-	
kouyoukoku-koukyuu-tan-kokui-no-shugo	2026	RELEASING	
kowai-kamo-shirenai	2026	-	
kowaiya-san	2026	FINISHED	2026
kowamote-no-rinjin-ga-omega-datta-toki-no-taishohou	2026	RELEASING	
kowamote-o-niisan-to-ubu-gyaru-kun	2026	-	
kowloon-generic-romance	2026	FINISHED	2026
koyoi-mo-omachishite-orimasu	2026	RELEASING	
koyoi-mo-ore-wa-joshi-joshikousei-to-zassou-ban-san-o-sagasu	2026	RELEASING	
koyoi-ookamigami-sama-to-keiyaku-fuufu-ni-narimashite	2026	FINISHED	2025
koyoi-tsuma-ga	2026	RELEASING	
kozure-orc	2026	RELEASING	
kubi-o-matsuru	2026	-	
kubinashinogotokitatarumono	2026	-	
kubishoi-yuusha	2026	RELEASING	
kuchi-ni-dashichau-se-usagiguchi-senpai	2026	-	
kuchi-nikansuru-ankeeto	2026	-	
kuchibeni-o-tsukete-shussha-suru-shinnyuu-shine-ga-ki-ni-naru	2026	-	
kuchibeta-shokudou	2026	RELEASING	
kuga-keiichi-to-takane-no-otto	2026	-	
kuji-kara-hajimaru-konyaku-seikatsu	2026	RELEASING	
kujibiki-tokushou-musou-haaremuken	2026	RELEASING	
kujira-no-ryourinin	2026	RELEASING	
kujishi-no-ben	2026	RELEASING	
kujou-no-taizai	2026	RELEASING	
kukuku-yatsu-wa-shitennou-no-naka-demo-saijaku-to-kaikosareta-sareta-ore-naze-yuusha-to-seijo-no	2026	RELEASING	
kuma-kuma-kuma-bear	2026	RELEASING	
kuma-no-makun	2026	-	
kuma-to-usagi-wa-tomodachi-dewa-irarenai	2026	RELEASING	
kumagurashi	2026	RELEASING	
kumauchi-no-onna	2026	RELEASING	
kumichou-musume-to-sewagakari	2026	RELEASING	
kumo-desu-nanika-kakashi-2020	2026	RELEASING	
kumokiri-nizaemon	2026	RELEASING	
kumonouewaitsumohare-anoyotokonoyonoaidaniarufushiginasekai	2026	-	
kuni-ni-saikyou-no-baria-o-hattara-heiwa-ni-narisugite-tsuihousareta-saremashita	2026	-	
kuni-o-owareta-ryuushi-san-hirowareta-ringoku-de-ukkari-musou-shite-shimau	2026	RELEASING	
kuniki	2026	-	
kunrenjo-no-sandbag-ojisan-jitsu-wa-saikyou-deshita	2026	-	
kurabetekemishite-kouetsubunokujuusan	2026	-	
kurashitemitaramanpukutaigohan-puukettotokidokibankoku	2026	-	
kurasumeitowaisekaiten-inanoniwatashiwaisekaitensei	2026	-	
kurebatesu	2026	RELEASING	
kurihimeayakashiyobanashi	2026	RELEASING	
kurisutahajimetenomangaseisakunyuumon	2026	-	
kuro-hyou-kakka-no-konyakusha	2026	-	
kuro-majosan-ga-tooru	2026	-	
kuro-neko-to-black-kigyou-bukiyou-ol-to-koi-no-hagukumikata	2026	-	
kuro-neko-yuuki-tantei	2026	-	
kuro-no-sekai-wa-hakuboku-ni-somaru	2026	-	
kuro-no-shoukanshi	2026	RELEASING	
kuro-usagi-hakushaku-no-dekiai-kyuukon	2026	-	
kurobara-alice-da-kaapo-aru-fiine	2026	RELEASING	
kurogane-no-mabito	2026	-	
kurohyou-denka-pheromone-ga-dadamore-desu	2026	-	
kurohyoukunwatabechaitai	2026	-	
kuroiwa-medaka-ni-watashi-no-kawaii-ga-tsuujinai	2026	RELEASING	
kurokami-seiso-no-reikoku-bishoujo-o-tasuketara	2026	-	
kurone-san-wa-nyaa-to-nakanai	2026	FINISHED	2025
kuroneko-ron-to-kurashitara	2026	-	
kuroneko-to-majo-no-kyoushitsu	2026	RELEASING	
kuronekonoougonkitsunenoyoru	2026	-	
kurorekishiniyoroshiku	2026	-	
kurosagi-shitai-takuhaibin	2026	RELEASING	
kurosaki-kun-no-iinari-ni-nante-naranai-s	2026	RELEASING	
kurosaki-san-no-ichizu-na-ai-ga-tomaranai	2026	RELEASING	
kuroshitsuji	2026	RELEASING	
kurotsuki-no-yaergnacht	2026	RELEASING	
kuruhimonekomeewaku	2026	-	
kurumikkusu	2026	FINISHED	
kurumizawayoshihikonogukou	2026	RELEASING	
kurushiino-wa-anata-nosei	2026	-	
kusa-danshi-mo-aruke-ba-koi-ni-numaru	2026	-	
kuse-zuyo-kanojo-wa-yuka-ni-izanau	2026	RELEASING	
kuso-onna-ni-sachi-are	2026	RELEASING	
kusogee-akuyaku-reijou	2026	-	
kusozako-boukou-oshii-san	2026	RELEASING	
kusunda-gin-no-eiyuu-tan	2026	-	
kusunoki-san-wa-koukou-debut-ni-shippai-shite-iru	2026	RELEASING	
kusuri-de-osanaku-natta-okage-de-reikoku-koushaku-sama-ni-hirowaremashita	2026	RELEASING	
kusuri-no-mamono-no-kaikosareta-wake-comic	2026	RELEASING	
kusuriya-no-hitorigoto	2026	RELEASING	
kusuriya-no-hitorigoto-shino-2017	2026	RELEASING	
kutouruu-toka-zenzen-wakaranai-ore-ga-jashin-no-chikara-de-bakunyuu-joshi-to-musou-suru	2026	-	
kuttsukitagari-no-uzukikun	2026	-	
kuubo-ibuki-great-game	2026	FINISHED	2025
kuuneru-marta-nuubo	2026	RELEASING	
kuutei-dragons	2026	RELEASING	
kuuzoku-huck-to-jouki-no-hime	2026	RELEASING	
kuzu-kishisama-no-ai-wa-geki-omo-nitsuki	2026	-	
kuzu-no-kessei	2026	-	
kuzu-otoko-no-poemu-ue	2026	-	
kuzuouji-yarinaosu-zamaasareteshindakedo-kondowasujigakibuchikowashitei	2026	-	
kyantobakku	2026	-	
kyatchi-the-sento	2026	RELEASING	
kyojinzoku-no-hanayome	2026	RELEASING	
kyokou-suiri	2026	RELEASING	
kyokugen-fuufu	2026	RELEASING	
kyokuhoku-no-geroi	2026	-	
kyokuken-no-slash	2026	-	
kyoto-fushimi-no-ayakashi-kanmi-chou	2026	FINISHED	2026
kyoto-gokoumachi-karisome-fuufu-no-omusubiya-san	2026	-	
kyoto-kagai-ha-konoyo-no-jigoku	2026	-	
kyoto-shimogamo-kamisama-no-isourou	2026	-	
kyou-eki-de-mita-kawaii-onnanoko	2026	RELEASING	
kyou-kara-city-hunter-2021	2026	RELEASING	
kyou-kara-hajimeru-osananajimi	2026	RELEASING	
kyou-kara-hitman-rising	2026	RELEASING	
kyou-kimi-no-te-o-totte-ano-sora-no-shita	2026	RELEASING	
kyou-mo-age-teko-gyaru-sena-chan	2026	-	
kyou-mo-biiru-de-ganbaranai	2026	RELEASING	
kyou-mo-curry-desuka	2026	RELEASING	
kyou-mo-e-ni-kaita-mochi-ga-umai	2026	RELEASING	
kyou-mo-neko-sama-no-atsu-ga-tsuyoi	2026	FINISHED	2025
kyou-mo-yome-ga-mitsukaranai	2026	-	
kyou-o-nagasu	2026	-	
kyou-wa-kanojo-ga-inaikara	2026	RELEASING	
kyou-wa-mou-agarimasu	2026	-	
kyou-wa-nani-shiyou	2026	-	
kyoufushinbun-orijinarukanzenban	2026	-	
kyougane-ke-no-hanayome	2026	RELEASING	
kyouju-to-mugiwaraboushi	2026	-	
kyouju-to-watashi	2026	-	
kyoukai-meikyuu-to-ikai-no-majutsushi	2026	RELEASING	
kyoukai-no-end-feel	2026	RELEASING	2025
kyoukaisen-no-imuko-san	2026	RELEASING	
kyoukarabokuwakanojonobatsubatsuokaishousuru	2026	-	
kyoukarakoitokosodatehajimemasu	2026	-	
kyoukasannokoinohiyaku	2026	-	
kyoumobarezunisugoseta	2026	-	
kyoumokafenanakusabiyori	2026	-	
kyounen-82-sai-no-isekai-tensei	2026	RELEASING	
kyouran-reijou-nia-risuton	2026	-	
kyousei-jo-reishi-toki-aura-no-numa	2026	-	
kyousei-kankei	2026	-	
kyoushirou-shounen-yakuzahen	2026	RELEASING	
kyouto-kamigamo-kamigakushi-no-iinazuke	2026	-	
kyuu-furiten-kun	2026	-	
kyuuai-kon	2026	-	
kyuujitsu-no-warumono-san	2026	RELEASING	
kyuujou-no-charlotte	2026	RELEASING	
kyuukei-hairimasu	2026	-	
kyuuketsu-bar-e-youkoso	2026	RELEASING	
kyuuketsuki-e-yomeiru-hi	2026	-	
kyuuketsuki-hunter-dii-barahime	2026	RELEASING	
kyuuketsuki-san-wa-chitoraretai	2026	FINISHED	2026
kyuuketsuki-sugu-shinu	2026	RELEASING	
kyuuketsuki-to-chocolatier	2026	-	
kyuuketsuki-to-yukai-na-nakamatachi	2026	RELEASING	
kyuuketsuoujitoikeniehanayome	2026	RELEASING	
kyuusei-no-aruru	2026	-	
kyuusei-no-shuumatsu-tokei	2026	-	
kyuutei-madoushi-minarai-o-yamete-mahou-item-shokunin-ni-narimasu	2026	RELEASING	
kyuutei-majutsushi-no-konyakusha	2026	RELEASING	
kyuutei-o-kubi-ni-natta-shokubutsu-madoushi-wa-surooraifu-o-ouka-suru	2026	RELEASING	
kyuuyuu-to-furin-shitemita	2026	-	
lacheria-no-koi	2026	RELEASING	
lala-no-kekkon	2026	RELEASING	
lapis-no-shinzou	2026	-	
last-battle-no-sono-ato-de	2026	-	
last-heat	2026	RELEASING	
late-blooming-flower	2026	-	
leadale-no-daichi-nite	2026	RELEASING	
leap-link-loop	2026	-	
legal-dock-iryou-bengoshi-arata-no-shoumei	2026	-	
legend	2026	RELEASING	
lens-no-mukou-no-megamitachi	2026	RELEASING	
level-0-no-maou-sama-isekai-de-boukensha-o-hajimemasu	2026	RELEASING	
level-1-kara-hajimaru-shoukan-musou	2026	RELEASING	
level-gacha	2026	RELEASING	
limited-boyfriend	2026	-	
lingerie-lily	2026	RELEASING	
list-rouge	2026	RELEASING	
live-dungeon	2026	RELEASING	
lolly-sweet-lolly	2026	-	
long-pass-kawajirou-tanpenshuu	2026	-	
lost-end	2026	-	
lost-virgin-in-the-bed	2026	-	
love-live-flowers-hasunosora-jogakuin-school-idol-club	2026	-	
love-phantom	2026	RELEASING	
love-shikou-seitokai	2026	RELEASING	
love-song-eda2026	2026	-	
lovesick-tantei-jimusho	2026	-	
luce-to-shiro-no-keiyaku	2026	RELEASING	
luent-genjuu-trimmer	2026	FINISHED	2026
lupin-iii-isekai-no-himegimi	2026	RELEASING	
lv2-kara-cheat-datta-moto-yuusha-kouho-no-mattari-isekai-life	2026	RELEASING	
lv999-no-murabito	2026	RELEASING	
lycoris-recoil	2026	RELEASING	
m-league-hobo-mainichi-4-koma	2026	-	
ma-hairimashita-irumakun-boku-doumei-no-game-dou	2026	-	
ma-ken-no-hanayome	2026	-	
ma-kengouga-geki-miyamoto-musashi	2026	-	
ma-mikachan-ga-kuru	2026	-	
ma-naura-no-koibito	2026	-	
ma-no-mono-tachi-wa-kuwadateru	2026	RELEASING	
ma-shirokun	2026	-	
maajan-combo-riron-hou-juuritsu-no-mitsumori-to-oshibiki-senjutsu	2026	-	
machigaeraretahanayome	2026	-	
machine-to-soware	2026	RELEASING	
mad	2026	RELEASING	
mada-boku-o-yurusanai-de	2026	-	
mada-kimi-o-miageteru	2026	-	
madame-omoteura-no-renai-salon	2026	-	
madame-tachi-no-room-share	2026	RELEASING	
madan-no-ichi	2026	RELEASING	
made-in-abyss	2026	RELEASING	
made-in-yamato	2026	-	
madogiwa-henshuu-to-baka-ni-sareta-ore-ga-futago-jk-to-doukyo-suru-koto-ni-natta	2026	RELEASING	
madoromi-barmaid	2026	RELEASING	
madougushi-dariya-wa-utsumukanai	2026	RELEASING	
madougushi-rize-kaigyou-shimasu	2026	RELEASING	
madowasenai-de-yamori-kun	2026	RELEASING	
mae-kousetsu-hyakumonogatari	2026	-	
maeda-deka-kabuki-tabi	2026	RELEASING	
maeda-toshiie	2026	FINISHED	2008
maerchen-crown	2026	RELEASING	
magan-ga-kikanai-ore-wa-otogibanashi-no-yondai-maou-ni-dekiai-sareteiru	2026	-	
magi-craft-meister	2026	RELEASING	
magia-record-mahou-shoujo-madoka-magica-gaiden	2026	RELEASING	
magica-no-kenshi-to-vasreus	2026	FINISHED	2026
magical-explorer-eroge-no-yuujin-chara-ni-tensei-shita-kedo-game-chishiki-tsukatte-jiyuu-ni-ikiru	2026	RELEASING	
mahiru-kun-wa-otouto-no-tomodachi	2026	RELEASING	
mahiru-to-bara-no-mahouron	2026	-	
mahou-ga-tsukaenai-mobu-chara-ni-tensei-shitakedo-ore-dake-tsukaeru-saikyou-kengi-de-nariagaru	2026	-	
mahou-ga-tsukaitakute-niku-ga-kuitakute-doryoku-shitemitara-saikyou-ni	2026	-	
mahou-jogakuen-no-baiten-de-hataraku-ore	2026	-	
mahou-no-ishi	2026	-	
mahou-no-rinobe	2026	RELEASING	
mahou-sekai-no-uketsukejou-ni-naritai-desu	2026	RELEASING	
mahou-shoujo-201	2026	RELEASING	
mahou-shoujo-dandelion	2026	RELEASING	
mahou-shoujo-gurumeguri	2026	FINISHED	2026
mahou-shoujo-haiboku-saiban	2026	RELEASING	
mahou-shoujo-ikusei-keikaku-f2p	2026	RELEASING	
mahou-shoujo-lyrical-nanoha-exceeds	2026	RELEASING	
mahou-shoujo-ni-akogarete	2026	RELEASING	
mahou-shoujo-ni-yasashii-gyaru	2026	-	
mahou-shoujo-no-majo-saiban	2026	-	
mahou-shoujo-to-mayaku-sensou	2026	RELEASING	
mahoui-rex-no-hentai-karte	2026	RELEASING	
mahouka-koukou-no-rettousei-invasion-hen	2026	-	
mahouka-koukou-no-rettousei-kyuutenhen	2026	-	
mahouka-koukou-no-rettousei-yoru-no-tobari-ni-yami-wa-hirameku	2026	RELEASING	
mahouka-koukou-no-yuutousei-2nd-season	2026	RELEASING	
mahoutsukai-no-konyakusha	2026	FINISHED	2020
mahoutsukai-no-yakusoku-comic	2026	RELEASING	
mahoutsukai-no-yome	2026	RELEASING	
mahoutsukai-ros-no-sado-life	2026	RELEASING	
mai-buraito-ruumumeito	2026	-	
mai-chan-no-onee-san-shiiku-gohan	2026	RELEASING	
maibara-kun-wa-tsuyotsuyo-gal-kara-hanarerarenai	2026	FINISHED	2026
maid-daigaku-genshou-seminar	2026	RELEASING	
maid-nara-touzen-desu	2026	RELEASING	
maid-roido-wa-ojousama-no-o-yakunitachitai	2026	-	
maid-toshite-ikinokorimasu	2026	-	
maid-wa-koisuru-hachiya-kun	2026	RELEASING	
maigo-ni-natte-ita-youjo-o-tasuketara-otonari-ni-sumu-bishoujo-ryuugakusei-ga-ie-ni-asobi-ni-kuru	2026	RELEASING	
maipeesu-to-aruku	2026	FINISHED	2023
mairimashita-iruma-kun	2026	RELEASING	
mairimashita-iruma-kun-ifu-episode-obu-mafia	2026	RELEASING	
maison-death-heights	2026	-	
maison-puana-no-7-nin-no-shokutaku	2026	RELEASING	
maizen-sisters	2026	RELEASING	
maji-de-miira-no-bisuka-chan	2026	-	
majime-megane-kun-o-otoshitai	2026	RELEASING	
majime-na-akuyaku-reijou-wa-kokugai-tsuihou-o-kibou-shimasu	2026	-	
majo-hime-kurea-wa-ningyou-to-odoru	2026	-	
majo-no-danna-no-tsukurikata	2026	-	
majo-no-eden	2026	-	
majo-no-ending-note	2026	-	
majo-no-hanaya-san	2026	RELEASING	
majo-shuukai-de-tsugaimashou	2026	RELEASING	
majo-taisen	2026	RELEASING	
majo-to-mashou-to-ma-takara-no-rakuen	2026	-	
majo-to-ouji-no-keiyaku-jouji	2026	FINISHED	2025
majo-to-youhei	2026	RELEASING	
majo-wa-mangetsu-ni-saku	2026	RELEASING	
major-2nd	2026	RELEASING	
majutsu-guild-sousui	2026	RELEASING	
majutsu-o-kiwamete-tabi-ni-deta-tensei-elf-mote-amashita-jumyou-de-ikeru-densetsu-to-naru	2026	RELEASING	
majutsushi-kunon-wa-miete-iru	2026	RELEASING	
makai-no-gijou	2026	RELEASING	
makanai-keiji-no-choushu-meshi	2026	-	
make-dear-home	2026	RELEASING	
make-heroine-desu-ga-kekkon-shimasu	2026	-	
make-heroine-ga-oosugiru-atto-comic	2026	RELEASING	
make-sakyu-riria-no-biminaru-yoru	2026	-	
makeinu-to-lion	2026	-	
maken-no-deshi-wa-munou-de-saikyou	2026	RELEASING	
makiba-no-karte	2026	-	
makimodori-koushaku-reijou-desu-maou-cheat-de-saikyou-yuusha-ni-narimashita	2026	-	
makinaniomakase	2026	-	
makinasan-asobimashou	2026	-	
makizoe-de-isekai-ni-yobidasareta-no-de-sekaikan-mushi-shite-wagashi-tsukurimasu	2026	RELEASING	
makkusutouun-eijaa	2026	-	
makutsu-no-ou	2026	RELEASING	
mama-no-kitai-wa-omosugiru	2026	-	
mamahaha-dakedo-musume-ga-kawai-sugiru	2026	-	
mamahaha-no-kokoroe	2026	RELEASING	
mamahaha-no-tsurego-ga-motokano-datta	2026	RELEASING	
mamono-cry-no-boukensha	2026	RELEASING	
mamono-no-hanayome	2026	-	
mamono-o-pettoka-suru-nouryoku-ga-mezamemashita	2026	-	
manazashi-tamako-no-jiyuu-kenkyuu	2026	-	
manemane-nichinichi	2026	RELEASING	
manfu-sensei-wa-kyuuketsuki	2026	RELEASING	
manga-de-ikki-yomi-asami-mitsuhiko-shisha-kara-no-message-sp	2026	-	
manga-de-nyanko-daisensou	2026	RELEASING	
manga-de-wakaru-hajimete-no-ninchishou-kea-to-assessment	2026	-	
manga-de-wakaru-quiz-de-tanoshimu-shougakusei-notame-no-ichiban-yasashii-eibunho	2026	-	
manga-de-wakaru-shibou-pinchi-kara-no-seikan-zukan	2026	-	
manga-o-egaku-ni-wa-neko-ga-hitsuyou	2026	-	
manga-tenkanshifuku-nihongo-honyakuban	2026	-	
manga-yuuenchi	2026	RELEASING	
mangaban-bright-prison-gakuen-no-kegareta-junjou	2026	-	
mangarabaa	2026	-	
mangetsu-koohiiten-no-hoshi-yomi	2026	-	
mankitsu-shitai-jouren-san	2026	RELEASING	
mannen-2i-dakara-to-kandou-sareta-shounen-mujikaku-2-musou-suru	2026	RELEASING	
mannen-dranku-no-chuunen-boukensha-yotta-ikioi-de-densetsu-no-ken-o-hikkonuku	2026	RELEASING	
mannen-f-rank-tsuuyaku-skill-mochi-teihen-boukensha	2026	-	
mannen-o-ikiru-heiwa-shugi-vampire-itsunomanika-sekai-saikyou-ni	2026	-	
manpen	2026	-	
manticore	2026	-	
mao	2026	RELEASING	
maou-heika-no-osoujigakari	2026	RELEASING	
maou-no-hajimekata	2026	-	
maou-no-musume-tachi-to-maguwaeba-tsuyoku-nareru-tte-hontou-desuka	2026	RELEASING	
maou-no-ore-ga-dorei-elf-o-yome-ni-shitandaga-dou-medereba-ii	2026	RELEASING	
maou-reijou-no-kyouikugakari	2026	FINISHED	2025
maou-sama-dekiai-shisugidesu	2026	-	
maou-sama-to-sunadokei	2026	-	
maou-toshi-comic	2026	RELEASING	
maougun-wa-white-kigyou	2026	-	
maoujou-de-oyasumi	2026	RELEASING	
maoujou-hotel-no-akuyaku-reijou	2026	-	
maoujou-no-ryouriban	2026	RELEASING	
maoujou-sideway	2026	-	
maousama-no-ezuke-ni-seikou-shimashita	2026	-	
maousama-oishii-gohan-o-meshiagare-1-tsuihou-saretasue-oujo-wa-mazoku-no-kuni-de	2026	-	
maousama-wa-kaifuku-majutsu-o-kiwametai	2026	-	
maria-no-danzai	2026	RELEASING	
marika-chan-no-koukando-wa-bukkowarete-iru	2026	RELEASING	
marilyn-wa-inakunatta	2026	RELEASING	
marimo-kyoudai-no-sahanji	2026	RELEASING	
marking-omega	2026	RELEASING	
marou-shinshi-biiteii	2026	-	
maroudo-no-kuni	2026	RELEASING	
marriagetoxin	2026	RELEASING	
marry-go-round	2026	RELEASING	
maru-sankaku-shikaku-higashimura-2024	2026	RELEASING	
marugotozenbuni-koishi-teyo	2026	-	
marumaru-nameidosan	2026	RELEASING	
marusessensu	2026	-	
maryoku-0-de-saikyou-no-daikenja	2026	RELEASING	
maryoku-0-demo-majutsu-gurui-datta-node-daini-no-jinsei-dewa-musou-suru	2026	-	
maryoku-ga-nai-karato-mendougoto-o-oshitsukerareta-watashi-tsugi-no-shigoto-wa-koushaku-fujin	2026	RELEASING	
maryoku-ga-nai-to-kandou-saremashita-ga-oukyuu-de-seijo-hajimemasu	2026	FINISHED	2026
maryoku-mugen-no-mana-pootaa	2026	RELEASING	
maryoku-zero-no-dekisokonai-kizoku-yon-dai-seireiou-ni-dekiai-sareru	2026	-	
maryoku-zero-no-reijou-wa-kitai-no-tensai-majutsushisama-ni-dekiai-sar	2026	-	
maryoku-zero-no-saikyou-kenja-mahou-riron-o-kiwametara-sekai-saikyou	2026	-	
maryoku-zetsumu-no-ryuuken-tsukai	2026	RELEASING	
maryokugare-no-dark-elf	2026	-	
maryokuryou-rekidai-saikyouna-tensei-seijo-sama-no-gakuen-seikatsu	2026	-	
maseki-gourmet	2026	RELEASING	
mashiro-kun-no-hokou-atelier	2026	RELEASING	
mashou-no-arufa-to-namaiki-omega-beminesider	2026	-	
mask-otoko-wa-koishitakunainoni	2026	RELEASING	
masshirokun-wa-tora-senyou	2026	-	
masuketto-girls	2026	RELEASING	
masutaazuobuyunibaasu-houkainoken	2026	-	
matai-de-nanbo	2026	-	
matchingu-dead	2026	-	
mate-ga-dekinai-hinata-kun	2026	RELEASING	
mate-ga-dekinai-watarukun	2026	-	
mato-seihei-no-slave	2026	RELEASING	
matomo-ni-dekinai-watashitachi	2026	-	
matori-no-oshigoto	2026	-	
matori-to-kyouken	2026	RELEASING	
matsukage-ni-ikou	2026	RELEASING	
matsumoto-purittsu-no-fuufu-manzai-tabi-tokidoki-3-shimai	2026	-	
matte-suki	2026	RELEASING	
mawata-no-ori	2026	RELEASING	
may-i-help-you	2026	-	
mayoke-no-seijo-wa-munou-de-yakutatazu-o-yameru-koto-ni-shimashita	2026	-	
mayonaka-heart-tune	2026	RELEASING	
mayonnaise-ou-wa-binbou-ni-naritai-danjohi-1-tai-100-sekai-de-iku-kanchigai	2026	-	
mazoku-no-oujisama-wa-watashi-notame-ni-supadari-o-mezasu-soudesu	2026	-	
me-ga-samemashita-ubawareta-konyakusha-wa-kippari-to-sutemashita	2026	-	
me-no-mae-no-sangeki-de-zense-o-omoidashitakedo-amarinimo-mondai-yamazumi-de-ippai-ippai-desu	2026	RELEASING	
mechakucha-tsuihou-sareru-hanashi	2026	-	
mechanical-buddy-universe-1-tenzero	2026	RELEASING	
medalist	2026	RELEASING	
medete-haru	2026	RELEASING	
medeyo-kaoruru-tsumugi-kaze	2026	-	
medjed-sama-to-anubis-kun	2026	-	
megami-kara-ataerareta-yomei-ichinen-de-yamiochi-yotei-no-konyakusha-o-sukuimasu	2026	-	
megami-kara-fuka-no-skill-o-sazukatta-ore-ga-naze-genjuu-ya-shinjuu-o-shitagaeru-saikyou-tamer-ni	2026	RELEASING	
megami-no-kago-o-ukeshi-mama-no-saga	2026	RELEASING	
megami-to-kekkon-shite-i-sekai-shinkon-seikatsu	2026	-	
megane-tokidoki-yankee-kun	2026	RELEASING	
mei-tantei-konan-tanteitachi-no-chinkonka	2026	-	
meida	2026	-	
meideea-tensei-monogatari	2026	RELEASING	
meifu-no-hanayome-jigoku-no-sata-mo-yome-shidai	2026	-	
meikyuu-black-company	2026	RELEASING	
meikyuu-kyousoukyoku	2026	RELEASING	
meikyuu-no-ou	2026	RELEASING	
meikyuu-toshi-no-renkin-kusushi	2026	-	
meiou-no-zakuro	2026	RELEASING	
meitantei-conan	2026	RELEASING	
meitantei-conan-2005	2026	RELEASING	
meitantei-conan-hannin-no-hanzawa-san	2026	RELEASING	
mememe-no-mememetsu	2026	-	
memento-game	2026	FINISHED	2025
men-chika-idol-numa-en-dress	2026	-	
men-makun-no-koi-ni-furetai	2026	-	
meranko-killing	2026	-	
meroholic	2026	-	
merry-uitchiizu-life	2026	RELEASING	
meshi-bafu-shokudou-seikyounari	2026	-	
meshi-ni-shimashou-shutchou-kuidaorehen	2026	-	
meshi-tero-kei-guradoru-wa-gaman-dekinai	2026	-	
meshia	2026	RELEASING	
meshibanakeijitachibana	2026	RELEASING	
meshimazu-onna-atsukai-sareta-node-konyaku-haki-shitara-naze-tsundere-ouji-no-kokoro-to-ibukuro	2026	-	
meshimoku	2026	-	
meshinuma	2026	RELEASING	
metaphor-refantazio	2026	RELEASING	
metcha-shoukansareta-ken-the-comic	2026	RELEASING	
metori-metorareai-aisu	2026	-	
metsubou-kokka-no-yarinaoshi-kyou-kara-hajimeru-gunshi-seikatsu	2026	-	
metsubou-tenshi-horobu-chan	2026	-	
mezametara-saikyou-soubi-to-uchuusen-mochi-datta-no-de-ikkodate-mezashite-youhei-to-shite-jiyuu-ni	2026	RELEASING	
mezase-gouka-kyakusen	2026	RELEASING	
mi-keiken-no-watashi-ga-ashidesu-ka	2026	-	
mi-o-kogasu-hodo-no-ai-o-shire	2026	FINISHED	2025
mi-play-no-otome-game-ni-tensei-shita-heibon-reijou-wa-seinaru-shishuu-no-ito-o-sasu	2026	RELEASING	
miboujin-anne-no-neya-no-tehodoki	2026	-	
michibata-ha-no-iru-sekai	2026	-	
midara-ni-ochiru-wa-dare-notame	2026	-	
midarini-kasete-wa-narimasen	2026	-	
mieken-tsushi-nishiku-hirayamachou-3-15-7	2026	-	
mieruko-chan	2026	RELEASING	
mietemasu-yo-aizawa-san	2026	RELEASING	
migawari-byou-bare-reijou-no-keiyaku-kekkonna-noni-kishi-koushaku	2026	-	
migawari-date	2026	-	
migawari-de-endan-ni-sanka-shita-gumai-no-watashi-ringoku-no-ouji-sama-ni-misomeraremashita	2026	RELEASING	
migawari-de-totsuida-reikoku-kokuou-wa-hatsukoi-aite-deshita	2026	RELEASING	
migawari-hanayome	2026	-	
migawari-hime-wa-ringoku-no-yuumou-ou-ni-dekiai-dekiaisareru	2026	FINISHED	2026
migawari-kon-no-shohousen	2026	-	
migawari-no-hanayome-wa-bukiyou-na-henkyou-ni-dekiai-dekiaisareru	2026	RELEASING	
mihara-drops	2026	-	
mihara-sofia-wa-kowa-girl	2026	-	
miharu-no-senjou	2026	RELEASING	
mii-chan-to-yamada-san	2026	RELEASING	
miira-no-kaikata	2026	RELEASING	
mijissou-no-rasubosu-tachi-ga-nakama-ni-narimashita	2026	RELEASING	
mijuku-na-omame-ga-sodatsu-made	2026	RELEASING	
mijukuna-hanayome	2026	-	
mijukuna-kimi-to-yoru-o-kasaneru	2026	-	
mika-dono-sanshimai-wa-angai-choroi	2026	RELEASING	
mikata-ga-yowasugite-hojo-mahou-ni-tesshite-ita-kyuutei-mahoushi-tsuihousareta-sarete-saikyou-o	2026	RELEASING	
mikazuki-no-ojou-sama-bibouroku	2026	-	
mikazukinokuni-osumansenyaichiya	2026	-	
mikka-ni-1-kai-wa-yuurei-miru-hito-no-kowai-hanashi	2026	-	
mikon-sagi-watashi-no-shiranai-kare-no-kao	2026	-	
mikoto-chan-wa-kirawaretakunai	2026	RELEASING	
mikoto-to-rei	2026	-	
mild	2026	-	
milk-shibori-hunter-no-isekai-sakunyuuki	2026	RELEASING	
minami-the-super-evolution	2026	RELEASING	
minamike	2026	RELEASING	
minato-shouji-coin-laundry	2026	RELEASING	
minazukike-no-iinazuke	2026	RELEASING	
minecraft-sekai-no-hate-eno-tabi	2026	RELEASING	
minikui-orc-no-gyakushuu	2026	RELEASING	
minioboenonaidekiaidesugasokomadeaisaretarashikatanai-boukyakunootome	2026	-	
minna-hotaru-o-koroshitakatta	2026	-	
minna-no-kiss-club	2026	RELEASING	
minna-no-shokutaku-satoimo-no-nimono	2026	-	
minna-no-shokutaku-watashi-no-onigiri	2026	-	
minna-shinjae	2026	-	
mint-chocolate	2026	RELEASING	
mirai-de-reiguuhi-ni-naru-hazu-nanoni-nandaka-yousu-ga-okashii-no-desu	2026	RELEASING	
miripuro	2026	-	
mirumo-de-pon-nyu	2026	-	
miryokuchi-minus-no-yuusha-ga-bishoujo-monster-niwa-motemote-datta-ken	2026	RELEASING	
misaki-kun-no-bukiyou-na-dekiai	2026	RELEASING	
misaki-kun-wa-kouryaku-chara-ja-nai	2026	RELEASING	
misakikun-kara-nigerarenai	2026	-	
misato-san-wa-amasugi-joushi-ni-chotto-kibishii	2026	RELEASING	
misesu-akechi	2026	-	
misokkasu-joou-no-kekkon-jijou	2026	-	
misuterareta-oujo-wa-reikoku-ouji-ni-hirowaremashita	2026	-	
misuterareta-saijaku-tamer-fuuin-sareteita-bishoujo-dragon-to-keiyaku-shite	2026	-	
misuteri-to-iu-nakare	2026	RELEASING	
mitenaito-shouchi-shinaiyo	2026	-	
miteru-dake-de-yokatta-noni	2026	-	
mitsu-o-ou	2026	RELEASING	
mitsu-to-gekiyaku	2026	RELEASING	
mitsu-yorusan-wa-succubus-rashii	2026	-	
miwa-san-narisumasu	2026	RELEASING	
miwaku-no-ouji-to-miryou-no-kikanai-hakushaku-reijou-no-keiyaku-kekkon	2026	-	
mix	2026	RELEASING	
miyabichi-no-onmyouji	2026	RELEASING	
miyama-to-nanase-wa-mada-tomodachi	2026	-	
mizu-mahou-gurai-shika-torie-ga-naikedo-gendai-chishiki-ga-areba-juubun-da-yone	2026	RELEASING	
mizu-mahou-nante-tsukaenai-to-tsuihousareta-saretakedo-mizu-ga-bannou-dato-kigatsuki-mizu-no-kenja	2026	RELEASING	
mizu-muuchanneru-tonari-no-ban-kowadan	2026	RELEASING	
mizu-no-jougi-yuugure-uchuusen-tanpenshuu	2026	-	
mizu-no-kai-suiiki-kaii-ki-tan-imayou	2026	-	
mizu-zokusei-no-mahoutsukai-comic	2026	RELEASING	
mizube-no-yoru	2026	-	
mizudako-chan-kara-wa-nigerarenai	2026	RELEASING	
mizuporo	2026	RELEASING	
mo-nigedasu-kuroesan	2026	-	
mobile-suit-crossbone-gundam-30-shuunen-kinenbon	2026	-	
mobile-suit-crossbone-gundam-zeeroibaa	2026	RELEASING	
mobile-suit-gundam-aguressaa	2026	RELEASING	
mobile-suit-gundam-f90-cluster	2026	RELEASING	
mobile-suit-gundam-f91-eternal-wind	2026	RELEASING	
mobile-suit-gundam-flanagan-buun-senki	2026	RELEASING	
mobile-suit-gundam-last-horizon	2026	RELEASING	
mobile-suit-gundam-pocket-no-naka-no-sensou	2026	-	
mobile-suit-gundam-pyuurittsuaa	2026	RELEASING	
mobile-suit-gundam-san	2026	FINISHED	2011
mobile-suit-moon-gundam	2026	RELEASING	
mobile-suit-zeta-gundam-difain-char-azunaburu-guripusu-seneki	2026	RELEASING	
mobile-zekki-gundam-sequel	2026	RELEASING	
mobu-joshikousei-no-ore-demo-boukensha-ni-nareba-riajuu-ni-naremasu-ka	2026	RELEASING	
mobu-kara-hajimaru-tansaku-eiyuu-tan	2026	RELEASING	
mobu-na-noni-oshikara-aisare-route-ni-hairimashita	2026	-	
mobu-ojisan-no-tenseisha-taisho-manual	2026	-	
mobu-shisai-dakedo-kono-sekai-ga-otome-game-da-to-kizuitanode	2026	-	
mobuko-no-koi	2026	RELEASING	
mochiron-isharyou-seikyuu-itashimasu	2026	RELEASING	
modaeteyo-adam-kun	2026	RELEASING	
modokashi-complex	2026	-	
moeko-to-hatake-to-otera-gohan	2026	-	
mofumofu-to-isekai-bouken-meshi	2026	RELEASING	
mofumofu-to-isekai-slow-life-o-mezashimasu	2026	RELEASING	
mofumofu-to-mukumuku-to-isekai-hyouryuu-seikatsu	2026	-	
mofumofu-to-tanoshimu-mujintou-nonbiri-kaitaku-life	2026	RELEASING	
mofumofu-to-yuku-harapeko-ryourinin-no-zeppin-gourmet-life	2026	-	
mofumofu-yashiki-no-neko-to-ore	2026	RELEASING	
mogura-no-uta	2026	RELEASING	
moimon	2026	RELEASING	
mojiponika	2026	RELEASING	
mojiru-hito	2026	FINISHED	2026
mojo-to-hime-sama-irekawari-isekai-tensei	2026	RELEASING	
mokke-no-banbanzai	2026	RELEASING	
mokushiroku-no-yonkishi	2026	RELEASING	
mokuyoubi-no-furutto	2026	RELEASING	
momogusa-san-ga-monogusa-sugiru	2026	RELEASING	
momoiro-campanella	2026	-	
momose-akira-no-hatsukoi-hatanchuu	2026	RELEASING	
monban-yattero-to-iware-15-nen-tsuttatteru-aida-ni-ore-no-maryoku-ga-9999-saikyou-ni-sodattemashita	2026	RELEASING	
mongaata-no-tabibito-yo	2026	RELEASING	
monogatari-konomu-hime-honmono-no-mikado-kara-masaka-no-chouai	2026	-	
monogatari-no-kuromaku-ni-tensei-shite	2026	RELEASING	
monster-ga-afureru-sekai-ni-nattanode-suki-ni-ikitai-to-omoimasu	2026	RELEASING	
monster-musume-no-iru-nichijou	2026	RELEASING	
monster-onna-kanbu-wa-osanaki-yuusha-o-dekiai-suru	2026	RELEASING	
monster-rendetsu-oreka-battle-2	2026	-	
mooretsu-urayasu-tekkin-kazoku	2026	-	
moppu-musou	2026	-	
moratta-mittsu-no-hazure-skill-awasetara-saikyou-deshita	2026	-	
mori-no-naka-de-koushaku-ga-hirotta-nowa	2026	-	
moriagaranai-date	2026	RELEASING	
morino-no-kuma-chan	2026	RELEASING	
morururu	2026	-	
moshimo-aitsu-no-zense-ga-mushi-dattara	2026	-	
moshimo-tokugawa-ieyasu-ga-souri-daijin-ni-nattara	2026	RELEASING	
moshune-project	2026	-	
mother-nobemasami2026	2026	-	
mother-parasite	2026	RELEASING	
moto-ansatsusha-tensei-shite-kizoku-no-reijou-ni-narimashita	2026	RELEASING	
moto-deshi-ga-maou-ni-nattaseide-yuusha-ni-renkou-saremashita	2026	-	
moto-doreidesuga-oni-no-dorei-o-kattemitara-seiryoku-ga-tsuyosugirunode-sutetai	2026	RELEASING	
moto-eiyuu-party-no-nimotsu-mochi-ossan-tensei-shite-gensei-dungeon	2026	-	
moto-eiyuu-wa-daitokai-saikyou-no-benriya-san	2026	-	
moto-gal-joushi-chan-no-karada-ga-panee	2026	FINISHED	2025
moto-heroine-mob-ni-naru	2026	RELEASING	
moto-kanotachi-to-yari-naoshi	2026	RELEASING	
moto-kizoku-no-yonkyoudai-wa-kujikenai	2026	RELEASING	
moto-konyakusha-kara-nigeru-tame-kyuuketsu-hakushaku-ni-koibito-no-furi-o-onegai-shitara-naze	2026	RELEASING	
moto-koookami-no-reitetsu-kokuou-heika-ni-dekiai-sarete-komatte-imasu	2026	-	
moto-koushaku-reijou-no-henkyou-shiyounin-life	2026	-	
moto-kyuutei-renkinjutsushi-no-watashi-henkyou-de-nonbiri-ryouchi-kaitaku-hajimemasu	2026	RELEASING	
moto-mahou-shoujo-no-oneesan-wa-koi-o-shiritai	2026	-	
moto-ochikobore-koushaku-reijou-desu-the-comic	2026	RELEASING	
moto-otto-no-banken-o-tenazuketa	2026	-	
moto-saikyou-yuusha-no-sai-shuushoku	2026	RELEASING	
moto-sekai-1-i-no-sabukyara-ikusei-nikki	2026	RELEASING	
moto-sentouyou-dorei-desu-tasukete-kureta-ryuujin-wa-tsugai-dasou-desu	2026	RELEASING	
moto-tansakusha-no-ojii-chan	2026	-	
moto-yan-ooeru-narita-narumi-wa-service-zangyou-joutou-rashii	2026	-	
moto-yuusha-no-ossan-mouichido-sekai-o-sukuu	2026	-	
moto-yuusha-wa-monster-musume-ni-yaburaretai	2026	FINISHED	2025
moto-yuusha-wa-shizuka-ni-kurashitai	2026	RELEASING	
motokaunseraa-seijo-wa-kiseki-no-kawari-ni-power-to-shinri-de-nantoka-shimasu	2026	-	
motto-naiteyo-hanaokasan	2026	-	
motto-tenmaku-no-jaaduugaru	2026	-	
mou-kyoumi-ga-nai-to-rikon-sareta-reijou-no-igai-to-tanoshii-shinseikatsu	2026	RELEASING	
mou-suki-desho-ore-no-koto	2026	RELEASING	
mou-yamete-kaifuku-shinaide-kenja-sama	2026	RELEASING	
mouichido-hikari-no-naka-e	2026	-	
moukon-tensei	2026	-	
moumoku-no-orihime-wa-koukyuu-de-koutei-to-no-koi-o-tsumugu	2026	RELEASING	
mouse-cursor-de-genjitsu-o-sousa-dekiru-you-ni-natta-node-onnanoko-o-ippai-click-shimaasu	2026	RELEASING	
mousou-sensei	2026	RELEASING	
mousukoshi-dake-soba-ni-ite-a-little-journey	2026	-	
mr-cb	2026	RELEASING	
muchimuchi-mangaka-no-kanzen-shouri-meshi	2026	-	
mugen-maryoku-no-isekai-kikansha	2026	-	
mugen-no-majutsushi	2026	-	
mugen-no-noeru	2026	-	
mugou-no-synergy	2026	RELEASING	
muhannou-na-osananajimi-o-aegasetai	2026	-	
mujikaku-chan-to-otome-na-otoko	2026	RELEASING	
mujikaku-na-tensai-shoujo-wa-kizukanai	2026	RELEASING	
mujikaku-seijo-wa-kyou-mo-muishiki-ni-chikara-o-tare-nagasu	2026	-	
mujin	2026	RELEASING	
mujina-into-the-deep	2026	RELEASING	
mujina-no-shiro	2026	-	
mujouna-koutei-no-hisoyakana-to-ai	2026	-	
mukashi-horobita-maoujou-de-hirotta-inu-wa-jitsu-wa-densetsu-no-majuu-deshita	2026	-	
mukashi-totta-kinezuka-de-to-iinagara-musou-suru-teishokuya-no-ossan-jitsuha-den	2026	-	
mukashi-yuusha-de-ima-wa-hone	2026	-	
mukatsuku-omae-ga-amasugiru	2026	-	
mukiryoku-neet-na-moto-shindou-boukensha-ni-naru	2026	RELEASING	
mukoubuchi	2026	RELEASING	
mukuchikun-to-minamichan	2026	-	
mukuna-bara-no-mezame	2026	-	
mumei-no-sanryuu-tamer-wa-outo-no-hazure-de-nonbiri-kurasu	2026	-	
munakata-kyouju-sekaihen	2026	RELEASING	
munou-na-mamahaha-desu-kazoku-no-dekiai-ga-tomarimasen	2026	RELEASING	
munou-no-hanayome-wa-reikoku-gunjin-ni-aishitsukusareru	2026	-	
munou-no-naka-no-munou-ouji	2026	-	
munou-reijou-no-keiyaku-kekkon	2026	RELEASING	
munou-saijo-wa-akujo-ni-naritai	2026	RELEASING	
munou-to-sagesumareta-reijou-wa-konyaku-haki-sare-henkyou-no-seijo-to-yobareru	2026	FINISHED	2026
munou-to-tsuihou-sareta-saijaku-mahou-kenshi	2026	-	
munou-to-yobareta-seirei-tarashi	2026	RELEASING	
munou-wa-fuyou-to-iware-tokei-tsukai-no-boku-wa-shokunin-guild-kara-oidasareru-mo-dungeon-no-shinbu	2026	-	
murabito-desu-nanika	2026	RELEASING	
murasaki-no-yoru-ni-boku-o-saratte	2026	-	
murci-lago	2026	RELEASING	
murder-hotel	2026	RELEASING	
murikon	2026	RELEASING	
muryoku-seijo-to-munou-joou	2026	RELEASING	
museru-cry-no-ai-o-ageru	2026	RELEASING	
mushi-kaburi-hime	2026	RELEASING	
mushihime-2-ebisu	2026	RELEASING	
mushijingiofisharukomikku	2026	-	
mushoku-no-watashi-to-tennen-haabu-ouji-no-majo-recipe	2026	-	
mushoku-tensei	2026	RELEASING	
musuko-no-kanojo	2026	-	
musume-ga-kanojo-o-tsuretekita-hanashi	2026	-	
musume-ni-danzai-sareru-akuyaku-koushaku-ni-tensei-shitemashita	2026	-	
musume-ni-seikei-shitai-to-iwaretara	2026	-	
musunde-hotsurete-karamatte	2026	-	
mutant-turtles-classic-collection	2026	-	
muteki-no-ansatsu-madoushi-rasubosu-musume-to-tabi-o-suru	2026	-	
muteki-no-subaru	2026	-	
muteki-shounin-no-isekai-nariagari-monogatari	2026	RELEASING	
mutsu-enmeiryuu-ikaiden-shura-no-mon	2026	RELEASING	
mutsuko-sei-o-tsukemasu	2026	-	
muyou-no-ouji-wa-nishi-ni-muki	2026	RELEASING	
muzokusei-mahou-tte-jimi-desu-ka	2026	-	
my-pure-lady-2024	2026	-	
myoo-chan-sensei-wa-kaku-katariki	2026	FINISHED	2025
myther	2026	RELEASING	
n	2026	-	
naan-mo-umaku-ikan	2026	-	
nadai-tsujisoba-isekai-ten	2026	dump不在	
naga-tan-to-ao-to	2026	RELEASING	
nagahama-touu-bii-or-not-touu-bii	2026	RELEASING	
nagaiana	2026	-	
nagareboshi-ga-ochiru-soko-de-mattete	2026	-	
nagasare-ojisan-no-hajimete-itadakimasu	2026	-	
nagasarete-airantou	2026	-	
nagatachou-aliens	2026	-	
naimononedari-no-kimi-ni-hikari-no-hanataba-o	2026	-	
naisho-no-yoshuu	2026	RELEASING	
naite-ayamararetemo-kyoukai-ni-wa-modorimasen	2026	-	
naitemiro-koutemo-ii	2026	-	
naka-made-aishite	2026	RELEASING	
nakahara-kun-to-miyata-buchou	2026	RELEASING	
nakama-o-mamotte-shindara-ni-juunengo-no-onaji-sekai-ni-umarekawatta	2026	-	
nakama-o-tsuyoku-suru-tame-shien-ni-tesshiteita-chuunen-boukensha	2026	-	
nakanai-shukure-to-amai-kiss	2026	RELEASING	
nakasetagari-no-hasugaya-kun	2026	-	
nakatoori-diary	2026	RELEASING	
nakimushi-oni-san-hiroimashita	2026	RELEASING	
nakittsura-ni-koi	2026	RELEASING	
namae-no-nai-byouki	2026	RELEASING	
namaiki-na-gal-ane-o-wakaraseru-hanashi	2026	RELEASING	
name	2026	FINISHED	2025
nami-to-songai-no-teiteisu	2026	-	
nami-uraraka-ni-meoto-hiyori	2026	RELEASING	
nami-yo-kiite-kure	2026	RELEASING	
nami-yori-mo-odayakade-hoshi-yori-mo-aoku	2026	-	
nan-no-torie-mo-nai-heibon-na-ore-ga-bijin-futago-shimai-o-inochigake	2026	-	
nananichikan-no-yotogi-inshuumura-de-kiraina-aitsu-to	2026	-	
nanashi-no-kiyou-binbou	2026	-	
nanatsunouminikakomarete-roshiatokaigun	2026	-	
nanatsuya-shinobu-no-housekibako	2026	RELEASING	
nanbanjin	2026	-	
nanbo-no-shokutaku	2026	-	
nani-ga-tame-ni-kishi-wa-tatsu	2026	-	
nani-ka-ga-okashii-kowai-kotowaza	2026	-	
nani-rokujuudo-sen-no-yakusoku	2026	RELEASING	
nanitozogojiaikudasai	2026	-	
nanji-gendai-dungeon-ni-kibou-o-motsubekarazu	2026	-	
nanjou-san-wa-boku-ni-dakaretai	2026	RELEASING	
nanka-mou-aa-atte-kanji	2026	FINISHED	2026
nankai-trough-kyodai-jishin	2026	RELEASING	
nankou-furaku-no-maoujou-e-youkoso	2026	RELEASING	
nanoni-chigira-kun-ga-amasugiru	2026	RELEASING	
nanpa-mobu-ga-oshigoto-desu	2026	-	
naraba-akujo-ni-narimashou	2026	-	
naraku-sama-wa-inaka-de-choroi	2026	-	
narazumono-renbo	2026	RELEASING	
nariagari-eiyuu-no-mujintou-ki-tan	2026	-	
narikawari-reijou-no-loop-line	2026	-	
narikin-shouka-monogatari	2026	-	
nariyuki-de-konyaku-o-moushikonda-yowaki-binbou-reijou-desu-naze-jiki-koushaku-sama-ni-dekiai	2026	FINISHED	2025
narukawa-kun-wa-nakasaretakunai	2026	RELEASING	2026
narusandaa	2026	-	
natsume-meguru-no-sei-de-nemurenai	2026	-	
natsume-souseki-fantasia	2026	-	
natsume-to-natsume-more-perfume	2026	-	
natsume-yuujinchou	2026	RELEASING	
nazo-no-yuriika	2026	-	
nazotoki-iseki-hakkutsubu	2026	-	
nba	2026	RELEASING	
necktie-hodo-iteiidesuka	2026	-	
necromancer-wa-tentekomai	2026	RELEASING	
nee-chan-no-tomodachi-ga-uzai-hanashi	2026	RELEASING	
nee-piyo-chan	2026	-	
negaccho	2026	-	
negai-ai	2026	RELEASING	
negattemo-nai-tsuihougo-kara-no-surooraifu	2026	RELEASING	
nejirase-onzoushi-wa-idakanai	2026	-	
nejirase-reisoku-wa-kuzunuma-kara-nukedasenai	2026	-	
neko-hajimemashita	2026	RELEASING	
neko-inu-mangakaki	2026	-	
neko-neko-nihonshi	2026	RELEASING	
neko-ni-hakuchou-hotaru-ni-koban	2026	-	
neko-ni-naritai-tamagawa-kun	2026	FINISHED	2024
neko-ni-tensei-shita-oji-san	2026	RELEASING	
neko-no-me-yuuka-wa-katarubekarazu	2026	-	
neko-no-niya	2026	-	
neko-no-yume-hito-no-yume	2026	-	
neko-o-shohou-itashimasu	2026	-	
neko-panchi-ice-peropero-neko-yasumigou	2026	-	
neko-pitcher	2026	RELEASING	
neko-tan-2025	2026	-	
neko-to-jii-chan	2026	RELEASING	
neko-to-shimobe	2026	-	
neko-to-shinshi-no-teiiruumu	2026	RELEASING	
neko-youkai	2026	RELEASING	
nekokaburi-hime-to-tenjou-no-ongaku	2026	-	
nekokaburi-no-ohime-sama	2026	RELEASING	
nekokourin	2026	-	
nekomatakurobee	2026	-	
nekomon-suta-goron	2026	-	
nekoneko-youjo-no-aijou-gohan	2026	RELEASING	
nekooku	2026	RELEASING	
nemureru-kemono-wa-ai-o-sakebu	2026	-	
nengan-no-akuyaku-reijou-no-karada-o-te-ni-iretazo	2026	RELEASING	
nengara-nenbyaku-ansatsu-renka	2026	RELEASING	
neno-kuni-no-yui-bino-miko	2026	-	
nenpi-ga-warui-seijodesu-ga-koushakusama-ni-hiroware-te-shiawasedesu	2026	-	
nenrei-seigen-tsuki-otomege-no-akuyaku-reijou-desu-katabutsu-kishi-sama-ga-yuushuu-sugite-aaru	2026	FINISHED	2025
neon-fish	2026	FINISHED	2025
neratte-tsuihousareta-sareta-sousei-mahoutsukai-wa-isekai-o-ouka-suru	2026	RELEASING	
net-idol-no-haishin-o-tetsudatteita-manager-no-ore-naze-bazutte-shimau	2026	-	
net-no-oshi-to-real-no-oshi-ga-tonari-ni-hikkoshitekita	2026	RELEASING	
netakyara-tensei-toka-anmari-da	2026	-	
netori-mahoutsukai-no-bouken	2026	RELEASING	
netsuai-prince-oniichan-wa-kimi-ga-suki	2026	-	
new-normal	2026	RELEASING	
nezumi-no-hatsukoi	2026	RELEASING	
nibun-no-ichi-fuufu	2026	FINISHED	2021
nichijou-lock	2026	RELEASING	
nidaime-seijo-wa-tatakawanai	2026	-	
nido-to-ie-niwa-kaerimasen	2026	RELEASING	
nido-tsuihousareta-sareta-boukensha-gekirea-skill-kushi-shite-bishoujo-gundan-o-ikusei-chuu	2026	-	
nidome-no-isekai-shounen-datta-kare-wa-toshiue-kishi-ni-nari-dekiai-shitekuru	2026	RELEASING	
nidome-no-jinsei-de-wa-okazari-ouhi-ni-narimasen	2026	-	
nidome-no-jinsei-to-omottara-jitsuwa-sandome-datta-rekishi-chishiki-to-naisei-doryoku-de-fukou-na	2026	RELEASING	
nie-miko-to-suzaku-no-to-ai-kon	2026	-	
niehime-no-konin	2026	RELEASING	
nigashita-sakana-wa-ookikatta-ga-tsuriageta-sakana-ga-ookisugita-ken	2026	RELEASING	
nigatsunikoroshitesakuraniumeru	2026	-	
nigejouzu-no-wakagimi	2026	FINISHED	2026
night-light-hounds	2026	FINISHED	2026
nigoru-hitomi-de-nani-o-negau	2026	RELEASING	
nihonjin-youhei-no-kiken-de-okashii-senjougurashi	2026	-	
niigata-manga-taishou-sakuhinshuu	2026	-	
niihao-oishii-toukyou-hiyori	2026	-	
niito-dakedo-harowa-ni-ittara-isekai-ni-tsuretekareta	2026	RELEASING	
niji-no-hashi-kara-tsutaetaikoto	2026	-	
nijisanji	2026	RELEASING	
nijiyon	2026	RELEASING	
nikai-kara-dekiai	2026	-	
nikaidou-jigoku-golf	2026	RELEASING	
nikonikogenkihappiichan	2026	-	
nikubami-honegishimi	2026	RELEASING	
nikusaikou	2026	-	
nine-peaks	2026	RELEASING	
ningen-no-kaikata	2026	RELEASING	
ningen-pearingu	2026	-	
ningenfushinnosuterareseijowakoisurukokoroominaifuri	2026	-	
ningyo-no-awa-koi	2026	RELEASING	
ningyo-to-ouji-to-usotsuki-akuma	2026	RELEASING	
ninja-no-kishi	2026	RELEASING	
ninja-slayer	2026	FINISHED	2017
ninja-to-gokudou	2026	RELEASING	
ninki-haishinshatachi-no-manager-ni-nattara-zenin-motokano-datta	2026	-	
ninkyou-tensei	2026	RELEASING	
nioi-ga-uso-o-tsukanai-sekai-de	2026	-	
nippon-e-youkoso-elf-san	2026	RELEASING	
nippon-no-rekishi-2013	2026	-	
nippon-sangoku	2026	RELEASING	
niramekko	2026	RELEASING	
nisemono-kazoku	2026	-	
nisemono-ni-ubawareta-seijo-no-chii-nantoshitemo-torikaesa-nakute-ikka	2026	RELEASING	
nisemono-no-kami-no-itoshigo-e	2026	-	
nisemono-no-renkinjutsushi	2026	RELEASING	
nishimura-shinobu-no-kobe-motomachi-shimoyamate-dress	2026	-	
nishitookyoometaruburazaazu	2026	-	
nito-no-joreishi	2026	FINISHED	2026
nito-no-taida-na-isekai-shoukougun	2026	RELEASING	
nitou-to-tatsuka-no-nichijou-re	2026	-	
niwatori-fighter	2026	RELEASING	
niyonin-onmitsuken-senmetsusu	2026	-	
nmoo-na-nichijou-jonsuke-to	2026	-	
no-cat-no-life	2026	-	
noa-no-tokouken	2026	-	
noa-senpai-wa-tomodachi	2026	RELEASING	
nobita-no-kaitei-kiganjiyou	2026	-	
nobunaga-concerto	2026	RELEASING	
nobunaga-no-imouto-ga-ore-no-yome	2026	RELEASING	
nobunaga-no-yome-hajimemashita-ponkotsu-majo-no-sengoku-naiseiden	2026	-	
nobunaga-o-koroshita-otoko-nichirin-no-demarukashion	2026	-	
nobunagakou-teiki	2026	RELEASING	
noda	2026	-	
nohara-hiroshi-hirumeshi-no-ryuugi	2026	RELEASING	
noijii-ruumumeito	2026	RELEASING	
nokorimono-ni-wa-meshi-ga-aru	2026	-	
nokorimono-niwa-fuku-ga-aru	2026	RELEASING	
nomi-joshi	2026	RELEASING	
nomikui-douraku-nippon-touitsu	2026	-	
nonbendarari-na-tenseisha	2026	RELEASING	
nonbiri-buiaaruemuemuooki	2026	RELEASING	
nono-chan	2026	-	
nora-no-inochi	2026	-	
nora-no-pan-tane	2026	RELEASING	
norainu	2026	RELEASING	
noratabi-suki-aru-tokoro-ni-michi-wa-aru	2026	RELEASING	
noroi-no-sei-de-yuusha-party-o-tsuihou-sareta-ossan-senshi	2026	-	
noroi-noroi-noroi-jubutsu-shuushuuka-no-boku-no-kaikina-nichijou	2026	-	
noroma-mahou-to-yobareta-mahoutsukai-wa-juuryoku-mahou-de-musou-suru	2026	RELEASING	
noroware-ouji-to-cha-hakase-no-musume	2026	-	
noroware-ryourinin-wa-meikyuu-de-mofumimi-shoujo-tachi-o-sodatemasu	2026	RELEASING	
norowareta-akujo-wa-shishi-no-to-ai-ni-torawareru	2026	-	
norowareta-kamen-koushaku-ni-totsuida-hakkou-reijou-no-tsukanda-shiawase	2026	RELEASING	
nougaku-hakase-no-isekai-musou	2026	RELEASING	
noumitsudousei-kuurunashachounokajounadekiai	2026	-	
nozomanu-fushi-no-boukensha	2026	RELEASING	
ntrevenge	2026	RELEASING	
nue-no-onmyouji	2026	RELEASING	
nui-dara-zetsurin	2026	RELEASING	
nui-no-shikijitsu	2026	-	
nuinonaoshiya	2026	-	
nukitashi-aaru	2026	RELEASING	
nukozuke	2026	RELEASING	
nukumori-ni-mitsumeku-amai-doku	2026	-	
numasugite-mohaya-koi	2026	FINISHED	2026
nurumeta	2026	RELEASING	
nyaa-no-ongaeshi	2026	RELEASING	
nyanpani	2026	-	
nyantaru-life-da	2026	-	
o-hisama-to-choushoku	2026	-	
o-ishougakari-no-oshigoto-rouman	2026	-	
o-koucha-of-the-living-dead	2026	-	
o-neechan-zu-ga-kiwadosugiru	2026	-	
obake-no-nigaoe	2026	-	
oboreru-hibi-wa-kimi-no-sei	2026	RELEASING	
oboro-no-hanayome	2026	RELEASING	
oboroyo-night-raid	2026	-	
obungu-to-isshokenmei	2026	-	
ochiai-hiromitsu-no-oreryuu-tensei	2026	RELEASING	
ochikobore-dame-reijou-wa-dekiai-sarete-umarekawarimasu	2026	RELEASING	
ochikobore-datta-ani-ga-jitsuwa-saikyou	2026	RELEASING	
ochikobore-eishi-minarai-no-shounen-jitsu-wa-saikyou-saiaku-no-ansatsusha	2026	RELEASING	
ochikobore-guild-shokuin-jitsu-wa-s-rank-shoukanshi-datta	2026	-	
ochikobore-haku-madoushi-cecil-wa-taishougai-no-hazu-deshita	2026	RELEASING	
ochikobore-hoshi-1-mahoutsukai-wa-kyou-mo-muishiki-ni-cheat-o-tsukau	2026	RELEASING	
ochikobore-yuusha-party-no-kitsuenjo	2026	-	
ochikoboreten-isha-subeteoubauhakkingusukirudesaikyouninariagaru-sa	2026	-	
ochitaringowakoioshiru	2026	-	
ochiyomeru-no-kokuin	2026	-	
oda-chan-to-akechi-kun	2026	RELEASING	
odake-no-chounan-ni-umaremashita	2026	RELEASING	
odaroku	2026	-	
odawara-kankou-taishi-ni-nareru-kana	2026	-	
odayaka-kizoku-no-kyuuka-no-susume	2026	RELEASING	
odekake-kozame	2026	RELEASING	
odoru-sennen-kazoku	2026	RELEASING	
oedo-black-angels	2026	RELEASING	
office-ni-love-come-hairimasen	2026	-	
oharaibako-no-tensai-fuyo-jutsushi-wa-henkyou-de-yuuyuu-jiteki-ni-kurashitai	2026	-	
ohariko-reijou-to-koori-no-hakushaku-no-shiroi-kekkon	2026	RELEASING	
ohayou-unko-sensei	2026	-	
ohenro-chan	2026	RELEASING	
ohitori-sama-hotel	2026	RELEASING	
ohitori-sama-niwa-naremashita-node-konyakusha-houchichuu	2026	RELEASING	
ohitoyoshi-boukensha-tensei-shoujo-o-hiroimashita	2026	RELEASING	
ohitsuri-sama	2026	RELEASING	
oidasareta-bannoushoku-ni-atarashii-jinsei-ga-hajimarimashita	2026	RELEASING	
oinochi-choudai	2026	RELEASING	
oioi-pii-tan	2026	RELEASING	
oishisou-dane-sorumaani	2026	RELEASING	
oji-sama-to-neko	2026	RELEASING	
oji-san-wa-kawaii-mono-ga-osuki	2026	RELEASING	
oji-tensei	2026	RELEASING	
ojisan-no-hei-furuyama-fuu-tan-henshuu	2026	-	
ojisan-to-fikisachiifu	2026	-	
ojou-no-ai-wa-ore-no-mono	2026	-	
ojou-sama-otoko-no-kokoroe	2026	RELEASING	
ojou-sama-wa-oshioki-ga-suki	2026	RELEASING	
ojou-sama-zange-suru	2026	-	
ojousamakei-teihen-dungeon-haishinsha-meiwakukei-o-bokottara-bazutte-densetsu-ni-nattemasuwa	2026	RELEASING	
okaa-san-no-tobira	2026	-	
okaasan-boukensha-login-bonus-de-skill-shufu-ni-mezamemashita	2026	-	
okaeri-hatsukoi	2026	RELEASING	
okaeri-suiheisen	2026	RELEASING	
okaeri-watashi-o-kegasu-arufa	2026	-	
okane-ga-nai	2026	RELEASING	
okarutotaimuzu	2026	-	
okashi-na-kuni-no-hororaibu-fantasy	2026	-	
okashina-tensei	2026	-	
okawari-itadaketa-darouka	2026	RELEASING	
okazari-no-sumeragihi-nani-sore-tenshokudesu	2026	-	
okazari-seijo-no-hazu-ga-shin-no-chikara-ni-mezameta-you-desu	2026	-	
okazarihimenodekiaikeikaku	2026	-	
okinami-sou-202-gou-no-mankenbu	2026	-	
okinodoku-desu-ga-bouken-no-sho-wa-maou-no-mono-ni-narimashita	2026	RELEASING	
okiraku-ryoushu-no-tanoshii-ryouchi-bouei	2026	RELEASING	
okitsunesamanookiniiri	2026	-	
okotoba-ni-amaete-suki-ni-sasete-itadakimasu	2026	-	
oku-man-chouja-no-chiisana-tenshi	2026	-	
oku-man-chouja-no-negaigoto	2026	-	
oku-man-chouja-to-kegarenaki-hanayome	2026	-	
okubyou-kurage-to-koishirazu	2026	-	
okubyounadia-motobusenseinozeitakunanayami	2026	-	
okuda-no-hosomichi	2026	RELEASING	
okuda-raichi-ni-fureruna	2026	-	
okuijime-kuchi-kara-taberarenai-anata-e	2026	-	
okumanchoujaniienaihimitsu	2026	-	
okuriya-vanarugando	2026	RELEASING	
okusama-ni-suterareta-hakushaku-sama	2026	-	
olivia-jou-wa-aisareru-to-shinu	2026	-	
omae-ga-kawari-ni-shine-to-iwareta-watashi-imouto-no-migawari-ni-reikoku-na-henkyou-no-moto-e	2026	RELEASING	
omae-gotoki-ga-maou-ni-kateru-to-omouna-to-yuusha-party-o-tsuihousareta-sareta-node-outo-de-kimama	2026	RELEASING	
omae-no-sub-ni-sasero-yo	2026	-	
omae-o-tsuihousareta-suru-tsuihousareta-sareta-no-wa-ore-dewa-naku-mukuchi-na-mahou-shoujo-deshita	2026	RELEASING	
omae-tanuki-ni-naraneeka	2026	RELEASING	
omae-to-dake-wa-zettai-ni	2026	-	
omae-to-kazoku-ni-naritakunai	2026	-	
omae-yobawari-de-konyaku-haki-ringoku-de-jiyuu-o-ouka-suru-node-douzo-okamainaku	2026	-	
omaegayattandaro	2026	-	
omaenotoikioubatteitta	2026	-	
omaeoaisurukotowanai-toiwaretanode-sounano-watakushimoyo-toiikae	2026	-	
omega-no-kashoku	2026	RELEASING	
omega-no-kishi	2026	-	
omiai-nochi-dekiai	2026	-	
omoiagarimo-hodohodo-ni-jimi-reijou-ame-ria-no-shiawasena-konyaku	2026	-	
omoide-shokudou-katsu-sando-to-beer-hen	2026	-	
omori	2026	RELEASING	
omori-tsumiki-to-kinichijou	2026	RELEASING	
omotome-itadaita-bou-kun-heika-no-akujo-desu	2026	-	
on-o-ada-de-kaesareta-reijou-no-kazoku-ga-damatte-iru-wake-ga-nai	2026	RELEASING	
one-mugiwara-2025	2026	RELEASING	
one-naito-morning	2026	RELEASING	
one-piece	2026	RELEASING	
one-punch-man	2026	RELEASING	
one-side-vanilla-sugar	2026	-	
onecha	2026	RELEASING	
onee-chan-no-midori-kun	2026	RELEASING	
onee-sama-konsei-dewa-watashi-ga-ouhi-yo	2026	-	
oni-buchou-ga-imouto-ni-nattara-gap-arisugi-amaenbou	2026	-	
oni-hime-wa-uchi-nonaka	2026	-	
oni-joushi-no-dekiai-ga-tomarimasen	2026	-	
oni-no-gunjin-to-mare-chi-no-hanayome	2026	-	
oni-no-hanayome	2026	RELEASING	
oni-no-hanayome-wa-taberaretai	2026	RELEASING	
onigari-jinja-no-mamorihime	2026	-	
onigiri-san-no-sentaku	2026	-	
onihei-hankachou	2026	RELEASING	
onii-chan-wa-oshimai	2026	RELEASING	
onijoushi-gokudera-san-wa-abakaretai	2026	RELEASING	
onitotengoku	2026	-	
only-sense-online	2026	RELEASING	
onmyou-kaiten-rebirth	2026	-	
onna-hakushaku-amber-niwa-shousai-ga-aru	2026	-	
onna-kishi-to-kemomimi-no-ko	2026	RELEASING	
onna-ni-wa-sorezore-ura-ga-aru	2026	-	
onna-no-sono-no-hoshi	2026	RELEASING	
onna-tomodachi-wa-tanomeba-igai-to-yarasete-kureru	2026	RELEASING	
onnagaki-to-oji-san	2026	RELEASING	
onnahitorinihon-oyukkurinondemitayo	2026	-	
onsen-shaaku	2026	-	
ooedo-innovation	2026	-	
ooedoburakku-enjieruzu	2026	-	
oogakurafuto	2026	-	
ooi-tonbo	2026	RELEASING	
ookami-no-musume	2026	RELEASING	
ookami-otoko-wa-dekiai-de-zetsurin	2026	-	
ookami-ouji-to-usotsuki-na-kekkon	2026	RELEASING	
ookami-shounen-magami-kun	2026	FINISHED	2026
ookamikoushakutoainoreiyaku	2026	-	
ookamitaikouwanisemonohanayomeonigasanai	2026	-	
ookinakoedewaiemasenga	2026	-	
oomori-nariagari-meshi	2026	RELEASING	
oomuroke	2026	RELEASING	
oosakisantokomorisan	2026	-	
oote-guild-de-10-ninbun-hataraite-iru-chou-yuushuuna-ore-o-kubitte-maji-desu-ka	2026	RELEASING	
ooto-skill-de-ore-dake-chousoku-level-appu	2026	-	
ooya-san-chi-no-hikari-kun	2026	-	
ooya-san-wa-shishunki	2026	RELEASING	
operazanoshinderera-oujisamawagokujouonzoushi	2026	-	
orc-no-ki-no-shita	2026	-	
orc-no-shuhai-ni-shukufuku-o	2026	RELEASING	
ore-akuyaku-kishi-danchou-ni-tensei-suru	2026	-	
ore-boukensha	2026	-	
ore-dake-akumu-o-shitagaeru	2026	-	
ore-dake-fuguu-skill-no-isekai-shoukan-hangyakuki	2026	RELEASING	
ore-dake-level-up-na-ken-gaiden	2026	-	
ore-dake-wa-matomo-kun-chuugakusei-hen	2026	-	
ore-dake-yoyuu-no-isekai-survival	2026	RELEASING	
ore-ga-kokuhaku-sarete-kara-ojou-no-yousu-ga-okashii	2026	RELEASING	
ore-ga-sodateta-saikyou-kyara-ni-tensei-shita-node	2026	-	
ore-ga-sukitte-ittara-dousuru	2026	RELEASING	
ore-ga-watashi-ni-naru-made	2026	RELEASING	
ore-igai-daremo-saishu-dekinai-sozai-nanoni-sozai-saishuritsu-ga-hikui-to-pawahara-suru-osananajimi	2026	RELEASING	
ore-igai-zenin-mushoku	2026	RELEASING	
ore-ni-trauma-o-ataeta-joshi-tachi-ga-chirachira-mitekuru-kedo-zannen-desu-teokure-desu	2026	RELEASING	
ore-no-ai-o-yome	2026	-	
ore-no-choukyou-skill-ga-nanka-hen	2026	RELEASING	
ore-no-genjitsu-wa-love-game-ka-to-omottara-inochigake-no-game-datta	2026	-	
ore-no-itto-o-jama-suru-aitsu	2026	-	
ore-no-kantei-skill-ga-cheat-sugite	2026	RELEASING	
ore-no-kasu-mitaina-jinsei-wa-zenbu-tanuki-nosei	2026	-	
ore-no-koe-ni-ochite-kudasai	2026	RELEASING	
ore-no-kuchibiru-ga-nerawarete-imasu	2026	RELEASING	
ore-no-level-appu-ga-okashii	2026	RELEASING	
ore-no-manamusume-wa-akuyaku-reijou	2026	RELEASING	
ore-no-me-o-mite-hizamazuke	2026	-	
ore-no-ojisan-wa-totemo-kawaii	2026	-	
ore-no-shibou-flag-ga-todomaru-tokoro-o-shiranai	2026	RELEASING	
ore-no-tantou-wa-kaibutsu	2026	-	
ore-no-wakuchin-dake-ga-zonbika-shita-sekai-o-sukueru	2026	RELEASING	
ore-no-yubisaki-de-nureru-sekai	2026	RELEASING	
ore-no-zenjidou-shien-de-nakama-tachi-ga-sekai-saikyou	2026	RELEASING	
ore-no-zense-no-chishiki-de-teihenshoku-tamer-ga-joukyuushoku-ni-natte-shimaisou-na-ken	2026	RELEASING	
ore-nohou-ga-saki-ni-sukidatta-node	2026	-	
ore-nojurini-furenaide	2026	-	
ore-o-dame-ni-suru-yuki-chan-sensee	2026	RELEASING	
ore-sama-gekai-no-dekiai-houimou	2026	RELEASING	
ore-sama-outaishi-ni-hirowareta-gakeppuchi-reijou-okazari-sokuhi-ni-naru-hazu-ga-dekiai	2026	RELEASING	
ore-to-seijo-ga-dekiteru-koto-ga-baretara-kono-party-wa-houkai-suru	2026	RELEASING	
ore-wa-bishoujo-vtuber	2026	-	
ore-wa-boukensha-guild-no-akutoku-guild-master	2026	RELEASING	
ore-wa-gakuen-zunou-battle-no-enshutsuka	2026	-	
ore-wa-heroine-ni-naremasen-yabu	2026	-	
ore-wa-host-ni-ria-koi-shinai	2026	-	
ore-wa-idol-o-yametai	2026	-	
ore-wa-kage-no-eiyuu-ja-arimasen	2026	RELEASING	
ore-wa-seikan-kokka-no-akutoku-ryoushu	2026	RELEASING	
ore-yuusha-ja-nai-desu-kara	2026	RELEASING	
oredewanaienjou	2026	RELEASING	
oregainaitosuguchomeruhakanagikasumi	2026	-	
oregamottohometeageru	2026	-	
orenogachiotagasemenanbaawantokakiitenai	2026	-	
orenoshoukanmahougaokashii-zakosugirutotsuihousaretashoukanmahoutsuka	2026	-	
oresamatenshinoren-aipurosesu	2026	-	
oretachi-wa-kuso-unmei-o-hitei-suru	2026	-	
oretachiwashinkonsankamoshirenai	2026	-	
oribaa-no-shinzou	2026	RELEASING	
origami-shokunin-mimosa-nohi-kichou	2026	-	
oroka-na-tenshi-wa-akuma-to-odoru	2026	RELEASING	
orukusen-oukokushi	2026	RELEASING	
orutaa-ego	2026	-	
osaketosenpaikanojotonoamaamadoukyorabukomewahatachininattekara	2026	RELEASING	
osananajimi-de-akumana-kishi-wa-watashi-nokoto-ga-daikirai	2026	-	
osananajimi-ga-suki-kamo-shirenai	2026	RELEASING	
osananajimi-ga-watashi-o-korosou-to-shitekimasu	2026	-	
osananajimi-kanojo-no-morahara-ga-hidoinde-zetsuen-sengen-shiteyatta	2026	RELEASING	
osananajimi-ni-dakaretara	2026	-	
osananajimi-ni-kage-de-tsugou-no-yoi-otoko-yobawari-sareta-ore-wa-koui-o-reset-s	2026	-	
osananajimi-no-esu-kyuu-party-kara-tsuihousareta-sareta-seijuu-tsukai	2026	RELEASING	
osananajimi-no-koukousei-no-aida-ni-nikutai-kankei-wa-seiritsu-suruka	2026	RELEASING	
osananajimi-to-kanojo-to	2026	RELEASING	
osananajimi-wa-ichiransei-no-kedamono	2026	RELEASING	
osananajimi-wa-kyou-de-oshimai	2026	-	
osananajimi-wa-nyaa-to-naite-skirt-no-naka	2026	FINISHED	2026
osananajimi-wa-yamiochi-seijo	2026	RELEASING	
osananajimitachinishiitageraretaore-seijoninmei-sukirunimezametetenohi	2026	-	
osen-wana-hito	2026	-	
osharesuki-ouhi-wa-gisou-kekkon-de-ousama-ni-dekiai-sareru	2026	-	
oshi-couple-ni-shuuchaku-sarehajimemashita	2026	-	
oshi-ga-ani-ni-narimashita	2026	RELEASING	
oshi-ga-budoukan-ittekuretara-shinu	2026	FINISHED	2025
oshi-ga-joushi-ni-narimashite	2026	RELEASING	
oshi-ga-tonari-de-netemashite	2026	FINISHED	2026
oshi-ga-wagaya-ni-yatte-kita	2026	RELEASING	
oshi-kara-dekiai-sareru-gimai-ni-tensei-shimashita	2026	-	
oshi-ni-sasageru-dungeon-gourmet	2026	RELEASING	
oshi-no-imouto-ni-tensei-shite-shimatta-node-saikyou-no-akujo-ni-natte-onii-sama-o-dokusen-suru	2026	-	
oshi-no-seiheki-ga-yabasugimashita	2026	RELEASING	
oshi-no-seitai-hiroimashita	2026	-	
oshi-no-shuuchaku-shin-o-namete-ita	2026	RELEASING	
oshi-o-mikata-ni-tsuketara-saikyou-datte-shittemashitaka	2026	-	
oshi-towa-koi-ni-ochimasen-tabun	2026	RELEASING	
oshiete-danna-sama	2026	RELEASING	
oshiete-kudasai-fujishima-san	2026	RELEASING	
oshiete-shitsuji-kun	2026	RELEASING	
oshikake-gal-no-nakamura-san	2026	RELEASING	
oshino-ai-ni-kizukanai	2026	-	
oshino-teki-ni-nattanode	2026	-	
oshiroibana-no-kokuhaku	2026	-	
oshisamanooosenomamani	2026	-	
osoraku-kanojo-wa-ore-no-aniki-o-neratteru	2026	-	
ossanboukenshanookuretaeiyuutan-kanshanosuburio1nichi1mankaishi	2026	-	
otakon-no-susume	2026	RELEASING	
othello-to-archimedes-no-bouken	2026	-	
otoko-girai-na-bijin-shimai-o-namae-mo-tsugezu-ni-tasuketara-ittai-dou-naru	2026	RELEASING	
otoko-kinsei-game-sekai-de-ore-ga-yarubeki-yuiitsu-no-koto	2026	RELEASING	
otoko-koukousei-dakedo-gal-ni-ts-shimashita	2026	RELEASING	
otoko-koukousei-otome-game-no-akuyaku-reijou-ni-tensei-suru	2026	FINISHED	2025
otoko-nara-ikkoku-ichijou-no-aruji-o-mezasanakya-ne	2026	RELEASING	
otoko-no-ko-mo-maid-fuku-de-kawaiku-natte-ii-desu-ka	2026	-	
otoko-no-shokudangi	2026	-	
otokomae-wa-sheets-de-oboreru	2026	-	
otome-game-no-hametsu-flag-shika-nai-akuyaku-reijou-ni-tensei-shite-shimatta	2026	RELEASING	
otome-game-no-heroine-de-saikyou-survival-comic	2026	RELEASING	
otome-gee-sekai-wa-mobu-ni-kibishii-sekaidesu	2026	-	
otome-no-okazu	2026	-	
otometsubaki-wa-warawanai	2026	RELEASING	
otona-no-koi-wa-yabusaka-ni-tsuki	2026	RELEASING	
otona-no-natsuyasumi-moto-yan-doukyuusei-to-musekaeru-atsui-sannichikan	2026	-	
otona-taisen	2026	RELEASING	
otonari-danshi-ga-otouto-poji-no-issen-o-koetekuru	2026	-	
otonari-no-tenshi-sama-ni-itsunomanika-dame-ningen-ni-sareteita-ken	2026	RELEASING	
otonashisou-na-otoko-no-tondemonai-himitsu-o-shitte-shimatta	2026	RELEASING	
otou-san-watashi-kono-kekkon-iya-desu	2026	-	
otousan-wa-watashi-o-egakanai	2026	-	
otsu-san-no-rimeiku-bouken-nikki	2026	RELEASING	
otsu-san-teihen-chiyushi-to-manamusume-no-henkyou-life	2026	RELEASING	
otsu-san-tensei-shite-tensai-yakusha-ni-naru	2026	RELEASING	
otsu-san-wa-isekai-de-omoi-o-togeru	2026	-	
otsu-san-wa-uzeen-da-yo-tte-guild-kara-tsuihousareta-shita-kuseni-ato-kara-fukki-yousei-o	2026	-	
otsu-san-yuusha-wa-kajiya-slow-life-hajimemashita	2026	RELEASING	
otsubone-reijou-to-shuka-no-kisetsu	2026	RELEASING	
otsukare-arasaa-wa-i-sekai-de-mofumofu-dragon-to-kishi-no-sewa-o-shiteimasu	2026	-	
otsukare-seijo-wa-goei-kishi-to-toubou-seikatsu-o-mankitsu-suru	2026	-	
ottaava	2026	-	
otto-o-mikata-ni-suru-houhou	2026	-	
ou-ga-neko-ni-natta	2026	RELEASING	
ou-sama-rankingu	2026	RELEASING	
ougon-no-keikenchi	2026	RELEASING	
ouhi-sama-wa-rikon-shitai	2026	RELEASING	
ouji-ga-kuuki-yomanasugiru	2026	-	
ouji-na-hime-to-hime-na-boku	2026	FINISHED	2026
ouji-no-honmei-wa-akuyaku-reijou	2026	RELEASING	
ouji-sama-ni-dekiaisarete-komattemasu	2026	RELEASING	
ouji-sama-no-tomodachi	2026	RELEASING	
ouji-sama-no-wakeari-kaikeishi	2026	RELEASING	
ouji-wa-muku-na-shinkan-o-koyonaku-aisu	2026	-	
oujitokishiwadansouseijogashinuhodoitooshii	2026	-	
oujodeshitagakossoriryuukishidannosenzokukusushininarimashita	2026	-	
ouke-no-monshou	2026	RELEASING	
ouke-no-monshou-rensai-50-shuunen-anniversary-book	2026	-	
oukoku-e-tsuzuku-michi-doreikenshinonariagarieiyuutan	2026	-	
oukoku-no-kagi-hane2026	2026	-	
oukyuu-jijo-anna-no-nichijou	2026	-	
oukyuu-niwa-are-ga-iru	2026	RELEASING	
ouma-no-arima-sensei	2026	-	
oumagatoki-film-mienai-mono-ga-mieru-toki	2026	RELEASING	
our-afterglow	2026	-	
ouru-naito	2026	RELEASING	
out-door-gohan-o-tegaru-recipe-to-benri-gia	2026	-	
out-mizuta-2025	2026	RELEASING	
outaishi-ni-konyaku-haki-sareta-node-mou-baka-no-furi-wa-yameyou-to-omoimasu	2026	RELEASING	
outaishi-sama-watashi-kondo-koso-anata-ni-korosaretakunaindesu	2026	RELEASING	
outaishihi-ni-nante-naritakunai-konyakusha-hen	2026	RELEASING	
outei-denka-wa-tenseisha-o-dekiai-suru	2026	-	
outen-no-mon	2026	RELEASING	
outfit	2026	-	
outo-no-hazure-no-renkinjutsushi	2026	RELEASING	
outo-wanope-golem-master-master-no-tsuihousareta-jiyuu-no-mi-ni-natta-node-deshi-no-bijin-yuusha	2026	RELEASING	
over-heal-healer-ka-to-omottara-kyousenshi-datta-ken	2026	-	
over-rev-90s	2026	RELEASING	
overlord-fushisha-no-oh	2026	RELEASING	
overlord-shin-sekaihen	2026	RELEASING	
owakare-hospital	2026	RELEASING	
owari-no-seraph	2026	RELEASING	
oyaji-to-nyankichi	2026	RELEASING	
oyasumi-fumi-san	2026	RELEASING	
oyasumi-hilda	2026	-	
oyoso100nenyuuheisareteitamajutsushifuufuwasekaiomeguru	2026	-	
paburo-rora-no-eiyuu-tan	2026	-	
pakupaku-desuwa-tsuihousareta-sareta-ojousama	2026	RELEASING	
palm	2026	RELEASING	
pan-o-yakenai-watashitachi	2026	-	
papa-papa	2026	RELEASING	
paradise-sauna	2026	-	
paradise-shift	2026	-	
paradon	2026	-	
parallel-first-love	2026	FINISHED	2025
parallel-leap-syndrome	2026	RELEASING	
parallel-paradise	2026	RELEASING	
parashoppers	2026	RELEASING	
paripi-koumei	2026	RELEASING	
paris-ni-saku-etoile	2026	-	
paru-tan	2026	-	
pax-kokumin-koufuku-kanrikyoku	2026	-	
peak-out	2026	RELEASING	
pearingu-gia	2026	-	
pen-no-yume-ni-aka-o-sasu	2026	-	
pen-to-wappa-to-jijitsukon	2026	RELEASING	
penguin-kissa-wa-kyou-mo-seiten	2026	RELEASING	
perfect-addiction	2026	RELEASING	
perfect-glitter	2026	RELEASING	
persona-5	2026	RELEASING	
peste-ga-aketara-asobimashou	2026	FINISHED	2025
phantom-busters	2026	RELEASING	
phantom-ruusu	2026	-	
pi-to-po-to-machi-nagara	2026	-	
pichi-pichi-pitch-aqua	2026	-	
pikuchaa-bride	2026	FINISHED	2026
ping-pong-kataoka-2025	2026	FINISHED	2025
pingu-fun-book	2026	-	
pink-depend	2026	FINISHED	2025
plastic-yuu	2026	-	
playmate-ish	2026	-	
please-save-me-shinpusama	2026	-	
plus-chikku-nee-san	2026	RELEASING	
plus-teki-i-sekai-no-sugoshikata	2026	-	
point-gifutaa-no-isekai-saikyou-soro-life	2026	RELEASING	
pokemon-4koma-gakuen	2026	-	
pokemon-special-scarlet-violet	2026	RELEASING	
pole-star	2026	RELEASING	
police-tribe-k-9	2026	RELEASING	
pon-doroido-wa-masan	2026	-	
ponkotsu-akuryou-yamikochan	2026	-	
ponkotsu-fuuki-iin-skirt-sukaatotake-ga-futekisetsu-na-jk-no-hanashi	2026	RELEASING	
ponkotsu-maou-no-inaka-gurashi	2026	RELEASING	
ponkotsu-skill-shika-tsukaenai-akuyaku-majo	2026	-	
ponta-ga-hito-ni-narimashite	2026	RELEASING	
poo-san	2026	-	
poppin-poppin-penalty	2026	-	
potion-danomi-de-ikinobimasu-zoku	2026	RELEASING	
potion-koujou-ni-sasen-sareta-renkinjutsushi-bishoujo-ni-rachi-sare-ikoku-de-itsunomanika-eiyuu-ni	2026	RELEASING	
premier-remarriage	2026	-	
prince-of-ghost	2026	-	
princess-kun-to-naito-san	2026	RELEASING	
printernia-nippon	2026	RELEASING	
private-akutaazu	2026	RELEASING	
private-doctor	2026	RELEASING	
prologue-wa-shuumatsu-de	2026	-	
protocol-ryuuguu	2026	-	
pso2-new-genesis-central	2026	RELEASING	
psycho-eyes	2026	RELEASING	
psycho-pasuto	2026	RELEASING	
psychopath-gari	2026	-	
puchi-hontou-ni-atta-yukai-na-hanashi-occult-o-koeta-kiseki-choujou-taiken-esupii	2026	-	
puchi-hontouni-atta-yukaina-hanashi-nurse-no-hitorigoto-sp	2026	-	
puchi-hontouni-atta-yukaina-hanashi-saikyou-shinrei-hiken-sp	2026	-	
puchi-hontouni-atta-yukaina-hanashi-yabasa-bakuhatsu-shokuba-houkai-sp	2026	-	
puniru-wa-kawaii-slime	2026	RELEASING	
punk-gun	2026	FINISHED	2026
punpun-lesser-ninkyouden	2026	-	
puraga-esu-puraga	2026	-	
purapurachikketta	2026	-	
pure-0-01mm	2026	RELEASING	
puro-no-migawari	2026	-	
purofesshonaruzu-purofesshonarudekattenikuusoutaimu	2026	-	
q-chi-hakusho	2026	-	
q-e-d-univ	2026	RELEASING	
raamen-saiyuuki	2026	-	
rabbit-chaser	2026	-	
rabi-to-kyaro	2026	-	
radiation-house	2026	RELEASING	
ragna-crimson	2026	RELEASING	
rai-rai-rai	2026	RELEASING	
rain-apartment	2026	-	
rainennokotooie-oregawarau	2026	-	
raise-dewa-chanto-shimasu	2026	RELEASING	
raitei-to-yobareta-saikyou-boukensha-majutsu-gakuin-ni-nyuugaku-shite-issai-no-enryo-naku-musou-suru	2026	RELEASING	
rakuen-shugosha-no-saikyou-tensei	2026	-	
rakugo-no-ko	2026	RELEASING	
rakujitsu-no-pathos	2026	RELEASING	
ramen-akaneko	2026	RELEASING	
ramen-daisuki-koizumi-san	2026	-	
ramen-daisuki-koizumi-san-narumi-2014	2026	RELEASING	
ranman-dress-codeless	2026	RELEASING	
ranpa	2026	RELEASING	
ranpo-amuneshia-nijuuichi-banme-no-jinkaku	2026	-	
rasubosu-no-musume-ni-tensei-shitakedo-shinu-unmei-wa-okotowari-desu	2026	-	
rasubosu-no-watashi-ga-shujinkou-no-tsuma-ni-narimashita	2026	-	
rat-collective	2026	-	
re-blue	2026	RELEASING	
re-cervin	2026	RELEASING	
re-gion	2026	-	
re-i-sekai-de-saikyou-no-skill-o-umidaseta-node	2026	-	
re-monster	2026	-	
rea-monster-sore-tada-no-gaichuu-desu-yo	2026	RELEASING	
real	2026	RELEASING	
real-mo-tamaniwa-uso-o-tsuku	2026	FINISHED	2025
realist-maou-ni-yoru-seiiki-naki-isekai-kaikaku	2026	RELEASING	
rebuild-world	2026	RELEASING	
record-home	2026	RELEASING	
recorder-to-randoseru	2026	RELEASING	
red-blue	2026	RELEASING	
red-mudan	2026	RELEASING	
register	2026	RELEASING	
reiguu-muko-life-o-mankitsu-shiyou-to-shitara-dekiai-route-ni-hairimashita	2026	RELEASING	
reiguu-sareta-dai-nana-ouji-wa-izure-gyafun-to-iwasetai	2026	-	
reiguu-sareta-wanko-kei-jimi-reijou-wa-majutsu-gakuen-de-wakeari-josou-ouji	2026	-	
reijou-vtuber-wa-maid-no-yashoku-ni-juurin-sareru	2026	-	
reinousha-ogata-katsumi-collection	2026	-	
reitetsu-hakushaku-wa-kegare-o-miru-maid-o-hanayome-ni-nozomu	2026	-	
reitetsushiiiioohainakanomegaminikoiwosuru	2026	-	
reiwa-no-dara-san	2026	RELEASING	
reiwa-no-omocha-uu-pin	2026	-	
reizouko-ni-negi-ga-atta-kamo-kamo	2026	-	
rekishi-ni-nokoru-akujo-ni-naruzo	2026	RELEASING	
rekishi-saiban	2026	RELEASING	
rekkyou-sensen	2026	RELEASING	
remu	2026	-	
renge-to-naruto	2026	RELEASING	
rengokujima	2026	RELEASING	
renkinjutsushi-no-yuru-fuwa-ritou-kaitakuki	2026	-	
renrentaru-shousa	2026	-	
replica-datte-koi-o-suru	2026	RELEASING	
restore	2026	-	
resu	2026	-	
resurrection-kindai-igaku-no-kaijin-john-hunter	2026	-	
retaitonaito	2026	RELEASING	
rettoushoku-no-kaifuku-jutsushi-kaifuku-item-no-hou-ga-yaku-ni-tatsu	2026	-	
revival-2026	2026	-	
ri-zero-kara-hajimeru-isekai-seikatsu	2026	-	
riakoshou	2026	-	
riarutaa	2026	-	
riinkaaneeshon-no-kaben	2026	RELEASING	
rikei-ga-koi-ni-ochita-node-shoumei-shite-mita	2026	RELEASING	
rikon-shitai-anata-e	2026	-	
rikon-suruhazu-ga-reikoku-kishi-no-dannasama-ni-dekiai-sare-teitayoudesu	2026	-	
rikon-zenya	2026	-	
rikujou-jieitai-tokumu-chouhou-kikan-beppan-no-inu	2026	RELEASING	
rinbansei-de-kyuuseishu-o-tantou-shite-kita-noni-konkai-no-ore-wa-maou-rashii	2026	-	
ringoku-kara-kita-yome-ga-kawai-sugite-doushiyou	2026	RELEASING	
rinjin-no-onii-san	2026	-	
rinjin-san-wa-okubyoumono	2026	-	
rinjin-x	2026	RELEASING	
rinku-life-raburaibu	2026	-	
rinne-kon	2026	-	
riot-tsukada-2025	2026	RELEASING	
ripiitovaisu-akuyaku-kizoku-wa-shinitakunainode-shitennou-ni-naruno-o-	2026	-	
rirakkuma-4kuma-4-ga	2026	-	
rirei-sama-no-monban	2026	-	
riri-mu-holic	2026	-	
ririizu-complex	2026	RELEASING	
risemara-death-gamer	2026	-	
risou-no-himo-seikatsu	2026	RELEASING	
risou-no-kanojo	2026	RELEASING	
risou-no-kekkon	2026	-	
risoukyou-joshi-zukan	2026	-	
risouteki-love-no-jouken	2026	FINISHED	2025
risu-ni-natte-shimatta-konyakusha-ga-kegirai-shiteita-hazu-no-watashi-ni-tasuke-o-motomete-kimashita	2026	RELEASING	
rival-araibaru	2026	-	
road-erumeroi-2-sei-no-file	2026	-	
road-magear-no-deshi	2026	RELEASING	
road-of-the-wedding	2026	FINISHED	2025
robou-no-fujii	2026	RELEASING	
rock-and-roll	2026	RELEASING	
roku-no-okashina-ie	2026	-	
rokudenashi-hero	2026	-	
rokugatsu-no-nanahoshi	2026	RELEASING	
rokuhoudou-yotsuiro-hiyori	2026	RELEASING	
rolls	2026	-	
roma-no-yogore-naki-hanayome	2026	-	
room-tours	2026	RELEASING	
roppen	2026	RELEASING	
rose-rosy-rose-full-bud	2026	-	
rosengarten-saga	2026	RELEASING	
rou-no-naka-de-mezameta-akuyaku-reijou-wa-shinitakunai	2026	RELEASING	
rougo-ni-sonaete-isekai-de-8-manmai-no-kinka-o-tamemasu	2026	RELEASING	
rouren-no-jikuu-kenshi-wakagaeru	2026	-	
rudolf-to-ippaiattena	2026	-	
runapurena-no-namida	2026	-	
ruri-dragon	2026	RELEASING	
ruri-no-houseki	2026	RELEASING	
rurouni-kenshin-meiji-kenkaku-roman-tan-hokkaido-hen	2026	RELEASING	
ruru-no-bourei-yashiki	2026	-	
rusuban-neko-kinako	2026	-	
ryakudatsu-sareta-ougon-no-hanayome	2026	-	
ryojou-mystery-tokusenshuu	2026	-	
ryokuin-no-kanmuri	2026	-	
ryouchi-o-tatenaoshitai-kirawaremono-no-oiroke-reijou-wa-nariagari-kizoku-ni-dekiai-dekiaisareru	2026	-	
ryouga-shachou-wa-ikenai	2026	RELEASING	
ryouma-ga-yuku	2026	RELEASING	
ryoumin-0-nin-start-no-henkyou-ryoushusama	2026	RELEASING	
ryoushin-no-shakkin-o-katagawari-shite-morau-jouken-wa-nihonichi-kawaii-joshikousei-to-isshokenmei-ni-class-koto-deshita	2026	RELEASING	
ryouta-wa-otouto-o-koroshita	2026	FINISHED	2026
ryukyu-buccaneer	2026	RELEASING	
ryuu-ga-yonda-musume	2026	RELEASING	
ryuu-heika-no-okisaki-wa-okotowari-shitai	2026	RELEASING	
ryuu-kari-no-nato-dragon-hunt-tribe	2026	-	
ryuu-karu-oji-ni-hatsukoi	2026	-	
ryuu-ki-no-fiera	2026	-	
ryuu-no-ishidan	2026	-	
ryuu-no-miko-no-yomeiri	2026	-	
ryuu-no-nie-yome	2026	-	
ryuu-to-chameleon	2026	RELEASING	
ryuu-to-itsuki	2026	RELEASING	
ryuu-to-rei-dragon-ando-eipu	2026	FINISHED	2025
ryuu-to-tora	2026	-	
ryuui-no-luka	2026	RELEASING	
ryuujin-koutei-to-himitsu-no-tsugai-no-chouhi-fukaai-o-sosogare-yotsug	2026	-	
ryuujin-no-musume	2026	RELEASING	
ryuujin-no-rinjin	2026	RELEASING	
ryuujin-no-saiaikon	2026	RELEASING	
ryuujin-to-iinazuke-no-akai-hana-jirushi	2026	RELEASING	
ryuukishi-no-okiniiri	2026	RELEASING	
ryuuko-renren-omega-no-yomeiri	2026	-	
ryuuokuri-no-isagi	2026	RELEASING	
ryuuto-ama-ga-mi	2026	-	
ryuutsuhegui	2026	-	
ryuuzaki-takashionsan-nitsuite	2026	-	
ryuuzakisan-ga-ore-no-mae-dake-de-dereru-riyuu	2026	-	
sa-ga-dawn	2026	-	
saasha-chan-to-classmate-wotaku-kun	2026	RELEASING	
sabaku-ni-ochita-ruby	2026	-	
saborisenpai	2026	-	
sacchi-sarenai-rule-breaker	2026	RELEASING	
sachiusuolchantozetsuaieriitokun-musaborietchigaamasugiru	2026	-	
sadistic-mellow-lover	2026	-	
sae-ism	2026	RELEASING	
saegusa-san-wa-megane-senpai-to-koi-o-egaku	2026	RELEASING	
saenai-kago-mochi-reijou-kokou-no-ouji-sama-ni-misomerareru	2026	-	
saenai-ossan-jitsuha-saikyou	2026	-	
saenaimunoureijounofuriyamemashita	2026	-	
sahoko-quest	2026	RELEASING	
sai-hate-no-tou-iya-hate-no-shoujotachi	2026	-	
sai-kitaryou-no-kaibutsu	2026	-	
sai-mi-no-yoake-made	2026	-	
saidokikku	2026	RELEASING	
saigasan-wa-koikun-o-medetai	2026	-	
saigo-no-furyou	2026	RELEASING	
saigo-no-inyoushi-to-sono-tsuma	2026	-	
saigo-no-negai-ni-tsuki-ga-naku	2026	RELEASING	
saigo-no-restaurant-dante	2026	RELEASING	
saigonokougikanzenbanmangakabunpitsukagakayamazakimari-hyougentojiyuu	2026	-	
saihate-no-paladin	2026	RELEASING	
saijaku-kizoku-ni-tensei-shita-node-akuyaku-tachi-o-atsumetemita	2026	RELEASING	
saijaku-tamer-wa-gomihiroi-no-tabi-o-hajimemashita	2026	-	
saikai-no-yuusha	2026	-	
saikin-haitta-haku-madoushi-ga-party-crusher-de-ore-no-isekai-boukensha-seikatsu-ga-houkai-no-kiki	2026	RELEASING	
saikon-shounin-o-youkyuu-shimasu	2026	-	
saikou-nando-meikyuu-de-party-ni-okizari-ni-sareta-esu-rank-kenshi-hontou-ni-mayoimakutte-daremo	2026	RELEASING	
saikounokoibitokouho	2026	-	
saikyou-de-saisoku-no-mugen-level-appu	2026	RELEASING	
saikyou-degarashi-ouji-no-anyaku-teii-arasoi	2026	RELEASING	
saikyou-gift-de-ryouchi-keiei-surooraifu	2026	RELEASING	
saikyou-henkyou-ni-hirowaremashita-kotori-ikooru-akujo-desu	2026	-	
saikyou-jump-ryuu-e-no-egakikata-kouza-edou	2026	-	
saikyou-kizoku-wa-shibou-furagu-o-kutsugaesu	2026	-	
saikyou-kyuutei-shinanyaku-no-otsu-san-tsuihousareta-sareta-hekichi-de-musou-suru	2026	RELEASING	
saikyou-mahou-kyoushi-emiria-kurein-wa-hohoemu	2026	-	
saikyou-majutsushi-no-dekiai-saijo-moto-partner-to-fukuen-shitara-nido	2026	-	
saikyou-no-kensei-to-kenja-no-moto-ni-tensei-shita-ore	2026	-	
saikyou-no-kurokishi-sentou-maid-ni-tenshokushimashita	2026	RELEASING	
saikyou-no-madoushi-hiza-ni-ya-o-uketeshimatta-node-inaka-no-eihei-ni-naru	2026	RELEASING	
saikyou-no-madousho-wa-kurorekishi-note	2026	-	
saikyou-no-maou-ni-kitaerareta-yuusha-isekai-kikansha-tachi-no-gakuen-de-musou-suru	2026	RELEASING	
saikyou-no-seibishi	2026	-	
saikyou-no-seisanou-wa-nani-ga-nandemo-honobono-shitai	2026	FINISHED	2025
saikyou-no-shienshoku-wajutsushi-de-aru-ore-wa-sekai-saikyou-kuran-o-shitagaeru	2026	RELEASING	
saikyou-no-shokugyou-wa-yuusha-demo-kenja-demo-naku-kanteishi-kari-rashii-desu-yo	2026	RELEASING	
saikyou-no-sokushitsu	2026	-	
saikyou-onmyouji-no-isekai-tenseiki	2026	RELEASING	
saikyou-onna-shishou-tachi-ga-ikusei-houshin-o-megutte-shuraba	2026	RELEASING	
saikyou-rakudai-kizoku-no-kenma-kiwameshi-antou-tan	2026	RELEASING	
saikyou-shoukanshi-ha-arasa-otsu-san	2026	-	
saikyou-suteetasu-o-hikitsuide-ningen-ni-tensei-shita-seijuu-behiimosu	2026	RELEASING	
saikyou-tanku-no-meikyuu-kouryaku	2026	RELEASING	
saikyoudemodorichuunenboukenshawaimasarainochinantekaketakunai	2026	-	
saikyoukawaiiakiragyaru	2026	-	
saimu-mahou-shoujo-kurekariboka	2026	-	
saint-mariya	2026	RELEASING	
saint-seiya-episode-g-requiem	2026	RELEASING	
saint-seiya-saintia-show-memories	2026	FINISHED	2026
saint-seiya-za-lost-canvas-meiou-shinwa-bangaihen	2026	-	
saioshi-kouryaku-taishou-ga-irunoni-chuutoriaru-de-shinitaku-arimasen	2026	-	
saioshi-no-gikei-o-mederu-tame-nagaiki-shimasu	2026	RELEASING	
saioshi-no-mama-ni-natta-ken	2026	-	
saisei-no-uzume	2026	RELEASING	
saishouhosatokurokishinokeiyakukekkontorikontosonogo-henkyounochidefuta	2026	-	
saishoukan-sareta-yuusha-wa-ippanjin-to-shite-ikite-iku	2026	RELEASING	
saishuu-bouei-heiki-na-kanojo-no-nichijou	2026	FINISHED	2026
saishuuheikiyuushaisekaidemaouotaoshitaatomootonashikushiteitanonii	2026	-	
saitee-na-takashina-kun-wa-gokuama-na-seijuu-deshita	2026	RELEASING	
saiteihen-de-agaku-boku-wa-isekai-de-kibou-ni-deau	2026	RELEASING	
saiteihen-no-otsu-san-guild-guild-o-tsuihousareta-dekiaisareru-tokoro-de-imamade-no-doryoku-ga	2026	RELEASING	
saitou-yoshitatsu-ni-umarekawatta-node-oda-nobunaga-ni-kuniyuzuri-shite-nagaiki-suru-no-o	2026	RELEASING	
saiyakukyuu-skill-boushoku-maoumochi-no-akuyaku-kizoku-ni-tensei-shimashita-ga-s	2026	-	
saiyou-no-kamen	2026	RELEASING	
saka-no-aru-machi	2026	-	
sakagura-kamoshi-kon	2026	RELEASING	
sakamoto-days	2026	RELEASING	
sakamoto-holidays	2026	RELEASING	
sakana-to-mizu-no-mori	2026	RELEASING	
sakarerutamashii-mayurinoshokkurepooto	2026	-	
sake-no-hosomichi	2026	RELEASING	
sake-to-koi-niwa-yotte-shikarubeki	2026	RELEASING	
sakedokoro-shunraisou-nichijou	2026	RELEASING	
sakenohosomichisupesharu-saketosakananosaijiki	2026	-	
saki	2026	RELEASING	
saki-no-kousetsu-hyakumonogatari	2026	-	
sakikaeri-hime-no-souka	2026	RELEASING	
sakka-keiji-busujima	2026	-	
sakka-sensei-no-o-yomesa-n	2026	-	
sakura-no-en	2026	-	
sakura-to-ageha	2026	RELEASING	
sakurairo-dialogue	2026	-	
sakushina-ou-taishi-no-dekiai-houimou	2026	-	
sakuta-deka-no-harikomi-bentou	2026	FINISHED	2026
salaryman-ga-isekai-ni-ittara-shitennou-ni-natta-hanashi	2026	RELEASING	
salaryman-z	2026	FINISHED	2026
samayoi-reijou-douchuuki	2026	RELEASING	
samenyan	2026	-	
samishiimamonotoniseyuusha	2026	-	
samurai-musou	2026	RELEASING	
samurai-time-slipper	2026	-	
samuwan-herutsu	2026	RELEASING	
san-jikisou-yami-baito	2026	RELEASING	
sanada-mei-wa-idol-no-uso-o-shinjiteru	2026	-	
sanagi-no-shinzou	2026	-	
sandman	2026	-	
sangaku-choujin-matsuoka	2026	RELEASING	
sangokushi-kyoukanden-boushoku-no-toutaku	2026	-	
sanjigen-okotowarinawatashinokeiyakukekkon	2026	-	
sankyuu-pitch	2026	RELEASING	
santareijouwanemurenukishienopurezentoninaritakunai	2026	-	
sarekoi-saikaishitamotokare	2026	-	
sarezuma-oedo-rikokatsu-roku	2026	RELEASING	
sarracenia	2026	RELEASING	
saru-mono-wa-hibi-ni-utoshi	2026	RELEASING	
saruwatarikyoujunokareinarutatakai	2026	-	
sasaki-ao-ga-megane-o-hazushitara	2026	-	
sasaki-to-miyano	2026	RELEASING	
sasamorikun-no-skirt	2026	-	
sasayaku-youni-koi-o-utau	2026	RELEASING	
sasebanaru	2026	-	
sasen-deshitara-yorokonde	2026	-	
sasen-sareta-munou-ouji-wa-jitsuryoku-o-kakushitai	2026	RELEASING	
sasenrenkinjutsushinohenkyougurashi-motoeriitowanidomenojinseimoshippa	2026	-	
sasensareta-saikyou-kenja-kyoushi-ni-natte-muteki-no-class-o-tsukuriageru	2026	RELEASING	
sasoriza-no-shinzou	2026	-	
satanophany	2026	RELEASING	
satsujinki-tensei	2026	RELEASING	
satsuriku-robo-to-hito-no-manaka	2026	-	
savuma	2026	-	
sawaranaide-kotesashi-kun	2026	RELEASING	
sayonara-koibito-mata-kite-tomodachi	2026	-	
sayounara-eden	2026	RELEASING	
sayounara-oujisama-douka-watashi-nokoto-wa-wasuretekudasai	2026	-	
sayounara-ryuusei-konnichiwa-jinsei	2026	RELEASING	
sazukarikon	2026	RELEASING	
scar-let	2026	RELEASING	
scavengers-another-sky	2026	RELEASING	
scp-tte-nanidesu-ka	2026	-	
seaside-call	2026	-	
second-kiss-kara-hajimaru-koi	2026	-	
seederuhorumu-no-majo-no-ie	2026	-	
seekers	2026	RELEASING	
seeraafuku-to-kansaiben	2026	-	
sefure	2026	RELEASING	
sefure-yappanashi-de	2026	RELEASING	
sei-heroine-ni-tensei-shimashita-ga-unmei-no-haguruma-wa-butsuri-de	2026	-	
sei-kishi-desu-takane-no-san-seijo-no-dare-ka-o-yotta-ikioi-de-daite-shimatta-ken-ni-tsuite	2026	RELEASING	
sei-naru-otome-to-himegoto-o	2026	RELEASING	
sei-shoujo-mokushiroku-deathpair	2026	RELEASING	
sei-zokusei-healer-wa-onna-kishidan-no-suketto-kaifukujutsushi	2026	-	
seichou-cheat-de-nandemo-dekiru-you-ni-nattaga-mushoku-dake-wa-yamerarenai-you-desu	2026	RELEASING	
seifuku-shinya-2-ji	2026	RELEASING	
seihantai-na-watashitachi	2026	RELEASING	
seiin-no-otome	2026	RELEASING	
seija-musou	2026	RELEASING	
seijo-ga-amayakashite-kureru-yasashii-danna-sama-o-boshuu-shitara-kokuou-heika-ga-rikkouho-shitekita	2026	RELEASING	
seijo-ja-nai-to-tsuihousareta-sareta-node-mofumofu-juusha-seijuu-to-onigiri-o-nigiru	2026	RELEASING	
seijo-ja-nakatta-node-oukyuu-de-nonbiri-gohan-o-tsukuru-koto-ni-shimashita	2026	RELEASING	
seijo-janai-to-misuteta-kuseni-imasara-tasukete-toka-iwaretemo	2026	-	
seijo-no-ane-desu-ga-imouto-no-tame-no-tokushu-maseki-ya-tokushu-yakusou	2026	-	
seijo-no-chikara-de-konyakusha-o-ubawaretakedo	2026	-	
seijo-no-hazuga-douyara-nottoraremashita	2026	RELEASING	
seijo-no-maryoku-wa-bannou-desu	2026	RELEASING	
seijo-no-watashi-ga-korosareta	2026	-	
seijo-sama-ni-konyakusha-o-ubawareta-node-mahoushi-hakubutsukan-ni-hikikomorimasu	2026	RELEASING	
seijo-sama-ni-minikui-kami-sama-tono-kekkon-o-oshitsukeraremashita	2026	RELEASING	
seijo-sama-no-gyaku-harem-kara-abureta-kishi-sama-ni-netsuretsu-ni-kyuuai-sarete-iru-ken	2026	RELEASING	
seijo-sama-o-osagashi-deshitara-imouto-de-machigai-arimasen-saa-douzo-otsure-kudasai-imasugu	2026	RELEASING	
seijo-wa-tokkuni-shoukan-sarete-iru-nippon-ni	2026	RELEASING	
seijoda-kedo-yami-ochi-shitara-hiyoko-ni-narimashita-comic	2026	-	
seijosamawatorikaekoattomaakukomikku	2026	-	
seijun-ecstasy-shinaito-derarenai-heya-de-mazoku-o-buttaoshimasu	2026	-	
seijuu-ni-sodaterareta-shounen-no-isekai-yururi-hourouki	2026	RELEASING	
seikatsu-hogo-tokku-o-deyo	2026	RELEASING	
seikatsu-man	2026	-	
seiken-ga-saikyou-no-sekai-de-shounen-wa-yumi-ni-aisareru	2026	FINISHED	2026
seimei-sama-no-ossharu-koto-ni-wa	2026	-	
seimori-seijo	2026	RELEASING	
seinaru-kago-mochi-reijou-wa-kishi-o-mezashite-iru-node-seijo-niwa-narimasen	2026	RELEASING	
seirei	2026	RELEASING	
seirei-gensouki	2026	RELEASING	
seirei-mahou-ga-tsukaenai-munou-da-to-konyaku-haki-sareta-node-imouto-no-dorei-ni-naru-yori	2026	RELEASING	
seireitachi-no-rakuen-to-risou-no-isekai-seikatsu	2026	RELEASING	
seiryaku-kekkon-kara-hajimaru-koufuku-mo-aru-to-shinjitemo-ii-desu-ka	2026	RELEASING	
seiryaku-kekkon-no-aite-ni-watashi-nokoto-suki-ni-natteto-oinori-shita	2026	-	
seiryaku-kekkon-no-hazu-ga-dekiai-danna-sama-ga-goshuushin-sugite-rikon-o-yurushite-kuremasen	2026	RELEASING	
seiryaku-kekkon-no-otto-ni-aisanakute-kekkoudesu-to-sengen-shitara	2026	-	
seiryaku-yori-ai-o-eranda-kekkon	2026	-	
seiryoku-ga-maryoku-ni-henkan-sareru-sekai-ni-tenshou-shimashita	2026	-	
seisai-gakuen	2026	RELEASING	
seishokuki	2026	RELEASING	
seishun-bakusou	2026	RELEASING	
seishun-buta-yarou-wa-precious-days-no-yume-o-minai	2026	-	
seishun-heavy-rooteeshon	2026	RELEASING	
seishun-matchingu-app	2026	-	
seishun-tetsudou-2027-nendoban	2026	-	
seiso-seijitsu-ni-ikiteitara-konyakusha-ni-uragirareta-no-de-yarinaoshi-no-sekai-de-wa-akuyaku	2026	RELEASING	
seisou-no-shinrishi	2026	RELEASING	
seito-sho-kun-kids	2026	RELEASING	
seitokai-nimo-ana-wa-aru	2026	RELEASING	
seiyoku-tsuyome-hanazawa-fusai-no-nure-iki-jijou	2026	-	
sekai-de-ichiban-ani-shiteru	2026	FINISHED	2026
sekai-de-ichiban-shiawase	2026	-	
sekai-de-yuiitsu-dungeon-sai-kasou-ni-toutatsu-shita-otoko-bishoujo-haishinsha	2026	-	
sekai-ikeoji-ikeoba-kikou-europe-asia-hen	2026	-	
sekai-ni-q-no-hitotsumami	2026	-	
sekai-no-hate-wa-shinai	2026	RELEASING	
sekai-no-owari-no-encore-encore	2026	RELEASING	
sekai-o-sukutta-saikyou-yuusha-ni-stalker-dekiaisareru-mura-musume-no-hanashi	2026	RELEASING	
sekai-o-tabi-shite-o-uchi-de-tsukutte	2026	-	
sekai-o-tsunagitsukusu-internet-miko	2026	-	
sekai-saikou-no-ansatsusha-isekai-kizoku-ni-tensei-suru	2026	RELEASING	
sekai-saikyou-no-debuff-ukeoinin	2026	-	
sekai-saikyou-no-inkya-dungeon-haishin-de-oku-bazuru	2026	RELEASING	
sekai-saikyou-no-kouei	2026	RELEASING	
sekai-saikyou-no-majo-hajimemashita	2026	RELEASING	
sekai-saikyou-no-maryokumochi-wa-heion-ni-kurashitai-nazeka-ou-taishi	2026	-	
sekai-saikyou-no-shitsuji	2026	-	
sekai-saisoku-no-level-up	2026	RELEASING	
sekai-wa-owattemo-ikiru-tte-tanoshii	2026	RELEASING	
sekaiichi-hatsukoi	2026	RELEASING	
sekaiju-no-mamono-tsukai	2026	RELEASING	
sekando-half-girls	2026	-	
sekigan-renkin-kenshi-no-yarinaoshi-ki-tan	2026	RELEASING	
sekigan-sanbou-no-inbina-dekiai	2026	-	
sekigan-sekiwan-sekikyaku-no-majutsushi	2026	RELEASING	
sekkaku-nouka-ni-tensei-shitanode-yuusha-wa-mezashimasen	2026	-	
sekkyaku-shugyou-bosatsuchan	2026	-	
sekokan	2026	-	
sen-no-skill-o-motsu-otoko	2026	RELEASING	
sen-sen-senki	2026	-	
senchi-kara-kaettekita-kita-takashi-kun-futsuu-ni-koukou-seikatsu-o-okuritai	2026	RELEASING	
sengoku-kaijuuki-raigora	2026	RELEASING	
sengoku-komachi-kurou-tan	2026	-	
sengoku-nehan-ibun	2026	-	
senjitsu-yuusha-kara-tasukete-itadaita-seiken-desu	2026	-	
senjou-no-seijo	2026	RELEASING	
senken-no-majutsushi-to-yobareta-kenshi	2026	RELEASING	
senki-survival-saga	2026	RELEASING	
senkounoboukensha	2026	-	
senmetsu-tokku-kaijuu-kanren-hanzairoku	2026	-	
sennen-kitsune	2026	RELEASING	
sennen-no-hanayome	2026	RELEASING	
sennenkimatsu-ni-hoeru-koi	2026	-	
sennou-skill-de-i-sekai-musou	2026	-	
senpai-jitaku-keibiin-no-koyou-wa-ikaga-desu-ka	2026	RELEASING	
senpai-sono-o-shiri-wa-fu-majimedesu	2026	-	
senpai-to-kouhai-dai-abare-no-hibi	2026	-	
senrihin-reijou-sheriru-wa-jibun-o-korosu-otto-o-kago-shitai	2026	-	
senritsu-no-majutsushi-to-goteijuu	2026	RELEASING	
sense	2026	RELEASING	
sensei-bokutachi-ga-sekai-o-horoboshimasu	2026	RELEASING	
sensei-bokutachi-wa-koroshite-imasen	2026	RELEASING	
sensei-nishie2026	2026	-	
sensei-to-boku-no-o-miai-kekkon	2026	-	
sensei-watashi-o-koroshite	2026	-	
senseiimakaraotoshiniikune	2026	-	
senshu-no-koutai-o-oshiraseitashimasu	2026	-	
sensou-kyoushitsu	2026	RELEASING	
sentai-daishikkaku	2026	RELEASING	
sentai-red-isekai-de-boukensha-ni-naru	2026	RELEASING	
sentai-taboo	2026	RELEASING	
sentimental-kiss	2026	RELEASING	
sentou-meka-xabungle-another-gale	2026	RELEASING	
senya-o-kago-mu	2026	-	
serena	2026	-	
serial-killer-isekai-ni-oritatsu	2026	RELEASING	
serial-killer-isekai-ni-oritatsu-isekai-battle-royal	2026	RELEASING	
serial-killer-land	2026	RELEASING	
servant-beasts	2026	RELEASING	
settai-maajan-ka	2026	RELEASING	
shachiku-chan-to-seikatsu-kaizenkei-shota-akuma	2026	-	
shachiku-kensei-haishinsha-ni-naru	2026	RELEASING	
shachiku-no-ore-dragon-ni-natsukareta-node-pet-haishin-o-hajimemasu	2026	RELEASING	
shachiku-tamer-kawaii-slime-no-okage-de-mujikaku-namama-musou-suru	2026	-	
shachou-ga-watashi-o-daku-wake	2026	-	
shachou-to-sake-to-hoshi	2026	RELEASING	
shachou-watashi-wa-anata-no-dansou-hisho-desu	2026	-	
shadow-asashinzu-world	2026	RELEASING	
shadows-house	2026	RELEASING	
shagai-torishimariyaku-shima-kousaku	2026	RELEASING	
shakkin-100-oku-no-kami-miko-onsen-yado-no-ossan-ni-kawareru	2026	-	
shakoukai-no-dokufu-to-yobareru-watashi	2026	RELEASING	
shakunetsu-no-koi	2026	-	
shamballad	2026	RELEASING	
shangurira-furonteia	2026	RELEASING	
shanhai-concession	2026	-	
shanpinion-no-majo	2026	RELEASING	
shayou-ni-kou	2026	-	
sheahapi	2026	-	
sherlock-plus-akademii	2026	-	
shi-hime-to-yobareta-mahoutsukai-to-henkyou-no-saikyou-kenshi	2026	-	
shiage-otoko-no-kuromoji	2026	RELEASING	
shiawase-kanako-no-koroshiya-seikatsu	2026	RELEASING	
shiawase-shokudou-no-isekai-gohan	2026	RELEASING	
shiawase-torimingu	2026	RELEASING	
shiba-reiji-no-hentai	2026	-	
shiba-tsuki-bukken	2026	RELEASING	
shibazakisan-no-kemono-michi	2026	-	
shiboritoranaide-onna-shounin-san	2026	RELEASING	
shiboritoranaide-onna-shouninsan-ex	2026	-	
shibou-yuugi-de-meshi-o-kuu	2026	RELEASING	
shibuya-near-family	2026	RELEASING	
shigo-shuppan	2026	RELEASING	
shigoto-kaeri-dokushin-no-bijin-joushi-ni-tanomarete	2026	RELEASING	
shigoto-ningen-na-hakushaku-reijou-wa-koori-no-saishou-sama-no-ai-o-miayamatte-iru	2026	-	
shihyakushiki	2026	RELEASING	
shii-chan-no-gochisou	2026	RELEASING	
shii-chan-to-neko	2026	-	
shiitagerare-joou-ni-tensei-shimashitaga-ryuujin-no-kago-o-motsu-saikyou-kishi-sama-ni-aisarete	2026	-	
shiitagerare-reijou-henkyou-no-iro-boke-roujin-no-gosai-ni-naruhazuga	2026	-	
shiitagerare-seijo-to-itto-koushaku-kari-hajime-kon-nohazu-ga-dekiai-s	2026	-	
shiitagerareta-ichigo-hime-wa-seijo-no-loop-ni-ichigo-de-aragau	2026	-	
shiitagerareta-shuusai-reijou-to-ringoku-no-haraguro-kenkyuusha-sama	2026	-	
shijou-saikou-no-ryouchi-sekkeishi	2026	-	
shijou-saikyou-no-mahou-kenshi-efuranku-boukensha-ni-tensei-suru	2026	RELEASING	
shijou-saikyou-orc-san-no-tanoshii-isekai-haaremuzukuri	2026	-	
shijuu-houchiden	2026	-	
shika-no-ko-nokonoko-koshitan-tan	2026	RELEASING	
shikakenin-fujieda-baian	2026	FINISHED	2021
shikareta-unmei-mo-tsukaiyou	2026	-	
shikei-shikkounin	2026	RELEASING	
shiki-hime-hajimemashita-shoukan-sareta-sekai-de-haru-o-tsukasadoru-o-	2026	-	
shikiyoku-hadou	2026	-	
shikkakumon-no-saikyou-kenja	2026	RELEASING	
shikkoku-no-bojou	2026	-	
shikkoku-no-neko-wa-dekiai-suru	2026	FINISHED	2025
shima-rock	2026	-	
shima-san	2026	RELEASING	
shimatsuya-souji	2026	RELEASING	
shimazaki-nana-atto-oshigoto-boshuuchuu	2026	RELEASING	
shimei-tehaishi	2026	-	
shimobenooujisama	2026	-	
shin-elf-san-wa-yaserarenai	2026	RELEASING	
shin-kobo-chan	2026	RELEASING	
shin-kureyon-shin-chan	2026	RELEASING	
shin-mobile-senki-gundam-w-0-5-preventer-7	2026	-	
shin-no-jitsuryoku-o-kakushiteiru-to-omowareteru-seireishi	2026	-	
shin-no-jitsuryoku-wa-girigiri-made-kakushite-iyou-to-omou	2026	RELEASING	
shin-no-seijo-de-aru-watashi-wa-tsuihousareta-saremashita-dakara-kono-kuni-wa-mou-owari-desu	2026	RELEASING	
shin-shiawase-no-jikan	2026	-	
shin-tan-kairou	2026	RELEASING	
shin-tennis-no-ouji-sama	2026	RELEASING	
shin-urashimatarou-gataroomanshougekijou	2026	-	
shinanonchi-no-ikuru	2026	-	
shinda-ouhi-wa-nidome-no-jinsei-o-tanoshimimasu	2026	-	
shindemiro-to-iwareta-node-shinimashita	2026	RELEASING	
shinen-no-jikenbo	2026	-	
shingetsu-no-ban-ni	2026	RELEASING	
shinigami-kishi-wa-unmei-no-konyakusha-o-hanasanai	2026	-	
shinigami-no-hanshin	2026	-	
shinigami-no-hatsukoi	2026	-	
shinigami-shoujo-wa-kage-kara-oshi-o-nagametai	2026	-	
shinigami-to-reijou-1-kan	2026	-	
shiniki-no-mahoutsukai	2026	RELEASING	
shinimodori-joou-wa-ikinobiru-tame-ni-yuri-harem-o-tsukuru-koto-ni-shita	2026	RELEASING	
shinimodori-no-akuyaku-reijou-wa-nidome-no-jinsei	2026	-	
shinimodori-no-barahime-wa-tekikoku-no-koushaku-ni-dekiai-sareru	2026	-	
shinimodori-no-mahou-gakkou-seikatsu-o-moto-koibito-to-puroroogu-kara	2026	RELEASING	
shinimodori-no-sachiusu-reijou-konsei-de-wa-saikyou-rasubosu-onii-sama-ni-dekiai-dekiaisaretemasu	2026	RELEASING	
shinimodori-reijou-no-karisome-kekkon	2026	RELEASING	
shinimodori-reijou-no-ruchetta	2026	FINISHED	2026
shining	2026	RELEASING	
shinitagari-no-eteruno	2026	RELEASING	
shinitagari-reijou-wa-kyuuketsuki-ni-dekiai-dekiaisareru	2026	RELEASING	
shinitakunai-node-eiyuu-sama-o-sodateru-koto-ni-shimasu	2026	RELEASING	
shiniyaku-wa-gomenna-node-suki-ni-sase-temoraimasu	2026	-	
shinja-zero-no-megami-sama-to-hajimeru-isekai-kouryaku	2026	RELEASING	
shinjin-henshuu-kun-ga-kawaisugite-muri	2026	-	
shinjite-ita-nakamatachi-ni-dungeon-okuchi-de-korosarekaketaga-gift-mugen-gacha-de-level-9999-no	2026	RELEASING	
shinju-no-nectar	2026	RELEASING	
shinjuku-badass-babies	2026	RELEASING	
shinjuku-kaishouroku-tenchou-miichan-to-yamada-san-gaiden	2026	-	
shinjuu-kishi-sama-no-senzoku-maid	2026	RELEASING	
shinka-no-mi	2026	RELEASING	
shinkan-100-okusatsu-kudasai	2026	RELEASING	
shinkurou-hashiru	2026	RELEASING	
shinkyo-no-oshiire-ni-maiban-isekai-kara-inmon-tsuki-ojisan-ga-kuru	2026	-	
shinmai-majo-no-i-sekai-o-kiraku-tabi	2026	-	
shinmai-otsu-san-boukensha-saikyou-party-ni-shinuhodo-kitaerarete-muteki-ni-naru	2026	RELEASING	
shinmai-shimai-no-futari-gohan	2026	RELEASING	
shino-to-ren	2026	RELEASING	
shinobigoto	2026	RELEASING	
shinohayu	2026	RELEASING	
shinpen-o-kiyometekara-denaoshitekudasaimase	2026	-	
shinpinoko-majutsugatsukaenaiochikoboresuuhijutsudenariagaru	2026	-	
shinrei-o-sagasu-dake-no-kantanna-o-shigoto	2026	-	
shinrei-shashin-mitsubai-manual	2026	-	
shinryakukei-vtuber-akirari-an	2026	-	
shinryuu-teikoku-no-dragon-tamer	2026	FINISHED	2026
shinshi-ga-hanayome-o-sagasutoki	2026	-	
shinshi-no-bannin	2026	-	
shintouki	2026	-	
shinu-unmei-ni-aru-akuyaku-reijou-no-ani-ni-tensei-shita-node-imouto-o-sodatete-mirai-o-kaetai-to	2026	RELEASING	
shinya-shokudou	2026	RELEASING	
shinyabaman-shinmamanokikennatouhikou	2026	-	
shinzou-no-yuuten	2026	-	
shiokaze-to-ryuu-no-sumika	2026	RELEASING	
shiomi-kun-no-kyuutoushitsu-gohan	2026	RELEASING	
shiotaiou-no-satou-san-ga-ore-ni-dake-amai-attomaaku-comic	2026	RELEASING	
shiotaiounaosananajimiganazekaoredakeniamaindesukedo	2026	-	
shiou-no-kikan	2026	RELEASING	
shippo-shokudou-no-donabe-gohan	2026	-	
shippo-to-gekirin	2026	-	
shippomachi-no-koo-sensei	2026	RELEASING	
shirando	2026	RELEASING	
shiratori-kazuko-wa-31-kaku	2026	-	
shirayukihime-no-ichizuna-koi	2026	-	
shirayukihimetonananinnokoibitotoiujuuhachikin-otomegeehiroinnitensei	2026	-	
shiretsu-to-sugee-koto-itteru-gal	2026	RELEASING	
shiritsu-sutopuri-shougakkou	2026	RELEASING	
shiritsu-teijou-gakuen	2026	RELEASING	
shiro-bara-wa-junketsu-no-shirushi	2026	-	
shiro-buta-ouji-o-produce	2026	-	
shiro-no-kekkaishi-eiko-mayoijin-no-zanzou	2026	-	
shiro-tengu-no-nieyome	2026	-	
shiro-to-kuro-shimozaki2026	2026	-	
shiro-yume-no-ori	2026	-	
shiroi-kekkon-kara-sannen-danna-sama-watashi-to-rien-shite-kudasai	2026	RELEASING	
shiroikekkonnodannasamatotsumugusaigonoikkagetsu	2026	-	
shironagasu-tou-e-no-kikan	2026	-	
shirotae-sama-himitsu-desuyo	2026	RELEASING	
shirouto-yori-mo-kuzu-nande	2026	-	
shiryou-majutsu-no-yougisha	2026	RELEASING	
shiryoujutsushi-nado-kegarawashii-to-shokei-sareta-node	2026	-	
shisan-100-oku-supadari-wasou-onzoushi-wa-haraguroi-kemono	2026	RELEASING	
shishosei	2026	RELEASING	
shishuuoroshi	2026	-	
shisuta-rejisuta	2026	RELEASING	
shita-kanda-toki-to-daitai-issho	2026	-	
shitai-katsugi-no-nemu	2026	RELEASING	
shitaiyaku-reijou-ni-tensei-shitara-kuromaku-ouji-ni-shuuchaku-sarechaimashita	2026	RELEASING	
shitsujidesu-ga-nani-ka	2026	-	
shitsurendou	2026	-	
shiunjike-no-kodomotachi	2026	RELEASING	
shizukanaru-don-mouhitotsu-no-saishuushou	2026	RELEASING	
shizuku-chan	2026	-	
shoho-mahou-shika-tsukawanai-nazo-no-rou-mahoutsukai-ga-tabi-o-suru	2026	-	
shokei-flag-mansai-no-kiraware-ouji-no-yarinaoshi	2026	-	
shokei-flag-no-akuyaku-kizoku-ni-tensei-shita-ga-shinitakunai	2026	-	
shokei-sareta-shi-ni-modorino-dai-roku-ouji-wa-kokoku-o-sute-ringoku-n	2026	-	
shokeisareruateumaoujiwatashigashiawaseniitashimasu	2026	-	
shokeisareta-kenja-wa-lich-ni-tenseishite-shinryaku-sensou-o-hajimeru	2026	RELEASING	
shokigai-kara-tabidatanai-yuusha-no-harem-life-yuushasama-konpura-teki-ni-out	2026	-	
shokubutsu-byourigaku-wa-ashita-no-kimi-o-negau	2026	RELEASING	
shokugyou-ouhidesu-node-ou-no-dekiai-wa-go-enryo-negaimasu	2026	-	
shokuryou-seisei-skill-o-te-ni-ireta-node-isekai-de-shoukai-o-tachiageyou-to-omoimasu	2026	RELEASING	
shoshi-hyakuen	2026	RELEASING	
shota-oni	2026	RELEASING	
shoufu-ochi-tsuihousareta-reijou-to-reikoku-kishi-no-dekiai-sugiru-zetsurin-shoya	2026	-	
shoujiki-fudou-san	2026	RELEASING	
shoujo-manga-ja-oshietekurenai	2026	-	
shoujo-manga-nara-kanawanai-koi	2026	RELEASING	
shoujo-ni-tensei-shita-serial-killer-wa-mujihi-ni-naaru-o-oitsumeru	2026	-	
shoujo-wa-isekai-de-satsuriku-no-sainou-ni-mezameru	2026	RELEASING	
shoujouhime	2026	-	
shoukan-sareta-migawari-no-nie-hime-wa-i-sekai-sabaku-no-zetsurin-kout	2026	-	
shoumetsu-shita-akuyaku-reijou	2026	-	
shounan-bakusouzoku-first-flag	2026	RELEASING	
shounen-auru-no-honwaka-isekai-life	2026	-	
shounen-in-za-fuddo	2026	-	
shounenin-ushijima-kun	2026	RELEASING	
shounin-skill-de-maoujou-no-kouryaku-o-mezasu	2026	RELEASING	
shouwa-mama-to-reiwa-kids	2026	-	
shouwa-no-gurazeni	2026	RELEASING	
shouwa-tennou-monogatari	2026	RELEASING	
shouwana-kimi-to-reiwana-boku	2026	-	
shouyusashi-no-kuishin-bon-okawari	2026	-	
shoya-ni-shippai-shita-yuunou-ou-wa-ubuna-niizuma-o-dekiai-shitai	2026	-	
shrink-seishinkai-yowai	2026	RELEASING	
shugo-chara-jewel-joker	2026	RELEASING	
shuku-seijo-ni-naremasen-deshita	2026	RELEASING	
shukusai-no-rinbu	2026	-	
shunka-torikaeshou	2026	RELEASING	
shunkashuutou-daikousha-haru-no-mai	2026	RELEASING	
shunrai-table-tennis	2026	RELEASING	
shura-no-hakoniwa	2026	RELEASING	
shuraba-marugoto-isekai-shoukan	2026	-	
shuryouchan	2026	-	
shutokou-esu-pii-eru-zero	2026	RELEASING	
shuuden-sugitara-mechakucha-yaritai	2026	-	
shuudengo-wa-amai-kisu-shite	2026	RELEASING	
shuudouin-sodachi-no-hanayome	2026	-	
shuugaku-ryokou-de-nakayokunai-group-ni-hairimashita	2026	-	
shuugen-no-kago	2026	-	
shuujin-tensei	2026	RELEASING	
shuukoku-yoyo	2026	FINISHED	2025
shuumatsu-nani-taberu	2026	-	
shuumatsu-neko-shounin	2026	-	
shuumatsu-no-harem-fantasia	2026	FINISHED	2026
shuumatsu-no-valkyrie	2026	RELEASING	
shuumatsu-no-valkyrie-ki-tan-jack-za-ripper-no-file	2026	RELEASING	
shuumatsu-no-valkyrie-kinden-kamigami-no-apocalypse	2026	RELEASING	
shuumatsu-partner	2026	-	
shuumatsu-touring	2026	RELEASING	
shuumatsu-yarakashi-meshi	2026	RELEASING	
shuumatsunokikennaasobi	2026	-	
shuyaku-no-hatsutaiken-watashi-ga-ubatchaimashita	2026	-	
shuzoku-hanshin-na-ore-wa-isekai-demo-futsuu-ni-kurashitai	2026	RELEASING	
silver-mountain	2026	RELEASING	
sister-dont-cry	2026	-	
sister-maria	2026	FINISHED	2004
skill-banbutsu-shihai-ni-mezameta-otsu-san-wa-dungeon-de-seikei-o-tateru-koto-ni-shimashita	2026	-	
skill-ga-nakereba-level-o-ageru	2026	RELEASING	
skill-rendaa-no-torikaeshi	2026	-	
skill-tree-no-kaijousha	2026	-	
skip-beat	2026	RELEASING	
skip-to-loafer	2026	RELEASING	
slime-master-chan-no-vrmmo	2026	-	
slime-seijo	2026	RELEASING	
slime-taikou-to-botsuraku-reijou-no-angai-shiawase-na-konyaku	2026	RELEASING	
slime-taoshite-300-nen-shiranai-uchi-ni-level-max-ni-nattemashita	2026	RELEASING	
slime-wa-saikyou-taru-kanousei-o-himete-iru-nikaime-no-jinsei-chanto-slime-to-mukiaimasu-comic	2026	RELEASING	
slow-start	2026	RELEASING	
smoke-blue-no-ame-nochi-hare	2026	RELEASING	
smoking-savage	2026	RELEASING	
snow-dome-town	2026	-	
snowball-earth	2026	RELEASING	
soara-to-mamono-no-ie	2026	RELEASING	
soba-gal-to-oji-san	2026	RELEASING	
soba-ni-ite-mai-dear	2026	-	
sodachisugita-tama-2	2026	-	
sofubo-o-tazune-te-iede-kyoudai-ninin-tabi	2026	-	
soiree-no-maku-ga-agarumade	2026	-	
sokuhi-ni-natta-kedo-betsu-ni-aisanakute-ii-desuyo	2026	-	
sokushi-cheat-ga-saikyou-sugite-isekai-no-yatsura-ga-marude-aite-ni-naranaindesuga-alpha-omega	2026	RELEASING	
solo-dan	2026	-	
sonic-to-yuuki-no-tsuru-gi	2026	-	
sonna-14-sai	2026	-	
sonna-kao-shite-sasotteru	2026	RELEASING	
sonna-kazoku-nara-sutechaeba	2026	RELEASING	
sonna-koto-egaite-iindesu-ka	2026	-	
sonna-ni-iu-nara-daiteyaru	2026	RELEASING	
sono-akuyaku-kizoku-mama-heroine-ga-suki-sugiru	2026	RELEASING	
sono-boukensha-toriatsukai-chuui	2026	RELEASING	
sono-hakushaku-reijou-kaedama-nitsuki-kaedama-no-watashi-ga-koushaku	2026	-	
sono-hatsukoi-wa-amasugiru	2026	-	
sono-hen-no-kusa-demo-kuttoke-to-tsuihousareta-sareta-munou-skill-shokubutsu-kui-mochi-tenseisha	2026	RELEASING	
sono-honoo-no-na-wa-seiheki	2026	RELEASING	
sono-isekai-harem-wa-seiyaku-tsuki	2026	RELEASING	
sono-jubutsu-toriatsukai-chuui-ni-tsuki	2026	RELEASING	
sono-kodomo-densetsu-no-kensei-ni-tsuki	2026	-	
sono-koi-jihanki-de-kaemasuka	2026	RELEASING	
sono-machi-no-ichimonji-san-ga-warau-toki	2026	RELEASING	
sono-mofu-cafe-tenshu-moto-saikyou-kaizoku	2026	-	
sono-monban-saikyou-ni-tsuki	2026	RELEASING	
sono-otoko-numa-ni-tsuki	2026	RELEASING	
sono-tensai-sama-wa-gisou-kanojo-ni-shuuchaku-suru	2026	RELEASING	
sora-made-itchau	2026	RELEASING	
sora-no-neiro	2026	RELEASING	
sora-o-matotte	2026	RELEASING	
soratobu-baiorin	2026	RELEASING	
sore-ga-maid-no-kanna-desu	2026	RELEASING	
sore-tte-douka-to-omoimasu	2026	RELEASING	
soredemo-ashita-mo-kareshi-ga-ii	2026	RELEASING	
soredemo-otouto-wa-koi-shitagaru	2026	RELEASING	
soredemo-oya-o-aisuru-kodomotachi	2026	RELEASING	
soreigai-no-hoshitachi	2026	-	
sorowanai-kazoku	2026	RELEASING	
soshiki-no-shukuteki-to-kekkon-shitara-me-cha-amai	2026	-	
soshite-kuchibiru-ni-chi-ga-nijimu	2026	-	
soshite-mina-ni-natta	2026	RELEASING	
soshite-setsuna-wa-kurikaesu	2026	-	
sotsugyou-album-no-kanojotachi	2026	RELEASING	
souchousama-dekiaichuu-ni-tsuki	2026	-	
souda-baikoku-shiyou-tensai-ouji-no-akaji-kokka-saiseijutsu	2026	RELEASING	
souiu-ie-no-ko-no-hanashi	2026	RELEASING	
sousei-mahou-no-saigensha	2026	RELEASING	
sousei-no-apokurifa	2026	RELEASING	
sousei-no-taiga	2026	RELEASING	
sparrow-s-hotel	2026	RELEASING	
speak	2026	-	
splatoon-bankara	2026	RELEASING	
spy-family	2026	RELEASING	
stand-appu	2026	FINISHED	2023
star-to-oobaa	2026	-	
star-train-natsuoka2026	2026	-	
star-uooku	2026	-	
stealth-reijou-no-renai-jijou	2026	-	
still-you	2026	-	
straight-punch	2026	-	
strategic-lovers	2026	RELEASING	
stray	2026	-	
streaming-love-addiction	2026	RELEASING	
sub-doru-sensational	2026	FINISHED	2025
subaru-to-subaru	2026	RELEASING	
suberu-tenshi	2026	RELEASING	
subete-no-negative-o-plus-ni-kaeru-otto-hige-taihennatoki-koso-ookiku-hen-wareru	2026	-	
succubus-hitman	2026	RELEASING	
succubus-slayer-onna-boukensha-to-sekai-o-sukuu	2026	-	
sudachi-no-maoujou	2026	RELEASING	
sudamadoro	2026	-	
sudate-hina-garasu	2026	-	
suekko-koujo-denka	2026	-	
sugar-appeal	2026	-	
sugar-coat-de-kowashite	2026	-	
sugar-girl-drip	2026	FINISHED	2026
sugar-meets-girl	2026	RELEASING	
sugar-sugar-rune	2026	FINISHED	2007
sugar-sugar-strawberry	2026	-	
sugata-o-itsuwatteita-reijou-wa-onnagiraina-koushakusama-no-osewagakari	2026	-	
suika	2026	RELEASING	
suiken-japan	2026	-	
suisei-rock-yuu	2026	-	
suki-koso-kurashi-no-jouzunare	2026	-	
suki-nara-nugasete	2026	FINISHED	2025
suki-nezumi	2026	-	
suki-no-hitotsu-mo-ienai-kuseni	2026	-	
suki-tte-ienakute-shinu	2026	RELEASING	
sukida-to-itteyo-chuukenkun	2026	-	
sukida-yo-mint-chan	2026	-	
sukina-ko-ni-kokuttara-futago-no-imouto-ga-omake-de-tsuitekita	2026	-	
sukina-yatsu-ga-tomodachi-ni-naritai-toka-iundesu-kedo	2026	-	
sukitte-itta-no-omae-darouga	2026	RELEASING	
sukoshi-nagame-no-isshun	2026	-	
sukosuko-file	2026	-	
sultan-to-tsuki-no-sabaku-de	2026	-	
sumiharu-hammer	2026	-	
suminigori	2026	RELEASING	
summer-pockets-natsu-no-takaramono	2026	-	
suna-mahou-de-suna-no-oukoku-o-tsukurou	2026	RELEASING	
sunao-janai-noha-heart-no-sei	2026	-	
sunderu-basho-ga-inaka-sugite-dungeon-tansakusha-ga-ore-ichininnanda	2026	-	
sunny-sixteen	2026	-	
sunrise-hill	2026	-	
supadari-dom-sama-no-kaikan-komando-kono-kekkon-gyoumugai	2026	-	
supadari-hanayome-no-prince-maker	2026	-	
supadari-osananajimi-wa-dekiai-nikushoku-danshi	2026	-	
supadari-ouji-sama-no-kuruiai	2026	-	
supadarimiman-kareshiijou	2026	-	
super-girl-uuman-obu-tomorrow	2026	-	
super-lovers	2026	RELEASING	
super-no-ura-de-yani-suu-futari	2026	RELEASING	
super-robot-taisen-oojii-ji-insupekutaa-record-obu-eeteiiekkusu-bad-beat-bankaa	2026	-	
superstar-o-utatte	2026	RELEASING	
surikomitsu	2026	RELEASING	
suruga-meteor	2026	RELEASING	
susume-hakubishin	2026	-	
suterare-danshaku-reijou-wa-kuro-kishi-sama-no-okiniiri	2026	RELEASING	
suterare-kizoku-no-mujintou-nobinobi-kaitakuki	2026	RELEASING	
suterare-koushaku-fujin-wa-heion-na-seikatsu-o-onozomi-no-you-desu-comic	2026	RELEASING	
suterare-maou-no-gyakuten-harem-onna-yuusha-to-moto-yome-kakeru-4	2026	-	
suterare-ouji-ga-saizensen-de-tekikoku-no-heishi-o-chiryou-shitara-jitsu-wa-dainana-koujo-datta-ken	2026	-	
suterare-ouji-no-saikyou-ikada-kokka	2026	-	
suterare-reijou-ga-akogare-no-saishou-sama-ni-ikioi-de-kekkon-shite-kudasai-to-onegai-shitara-gyaku	2026	RELEASING	
suterare-seijo-wa-keiyaku-kekkon-o-mankitsuchuu-koukai-shiteru-dakara-nani	2026	RELEASING	
suterare-tensei-koujo-desu-tekikoku-de-seijo-no-furi-o-shite-imasu	2026	RELEASING	
suterareru-hazu-no-akusai-nanoni-reitetsu-koushaku-sama	2026	-	
suterareta-dai-4-oujo-wa-bokoku-ni-wa-modoranai	2026	-	
suterareta-moto-seijo-ga-shiawase-ni-narumade	2026	-	
suterareta-oujo-no-himitsu-no-shinshitsu	2026	-	
suterareta-seijo-wa-dungeon-de-kakusei-shimashita	2026	RELEASING	
sutopuri-shitsuji-ni-kyou-mo-kyun-ga-tomarimasen	2026	-	
suttamonda	2026	RELEASING	
suugaku-golden	2026	RELEASING	
suuji-de-asobo	2026	RELEASING	
suupu-no-mori	2026	-	
suzuki-kun-no-teinei-na-seikatsu	2026	RELEASING	
suzuki-ritsu-dai-ni-tan-henshuu-suichoku-uchuu-mugen	2026	-	
suzume-kun-wa-kawaiitte-iwaretakunai	2026	-	
suzumebachi	2026	-	
sweet-development	2026	-	
sword-art-online-re-aincrad	2026	RELEASING	
sword-art-online-unital-ring	2026	RELEASING	
sword-oratoria	2026	RELEASING	
synesthesia	2026	-	
t-t-lovers	2026	RELEASING	
tabe-san-wa-taberaretai	2026	RELEASING	
tabetai-anata	2026	RELEASING	
tabi-wa-all-pasu	2026	RELEASING	
tabibito-no-ossan-jiyuu-kimamana-slow-life-o-okuritai	2026	-	
tabisuru-hime-sama-to-negai-no-seiken	2026	-	
tabun-koko-kara-hajimaru-koi	2026	RELEASING	
tachinomi-go-reijou	2026	RELEASING	
tada-ima-taikichuu-nitsuki	2026	-	
tada-no-kaerutachi	2026	-	
tada-no-mefure-desu	2026	RELEASING	
tada-no-monban-jitsu-wa-saikyou-dato-kizukanai	2026	RELEASING	
tada-no-tomodachi-ja-nakunaru-shunkan	2026	RELEASING	
tada-shizuka-ni-kiesaru-tsumori-deshita	2026	RELEASING	
tadaima-ojama-saremasu	2026	RELEASING	
tadano-kougiyou-koukou-no-nichijou	2026	RELEASING	
tadashii-onara-no-tsukaikata	2026	-	
taida-na-akujoku-kizoku-ni-tensei-shita-ore-shinario-o-bukkowashitara-kikakugai-no-maryoku-de	2026	RELEASING	
taida-no-majo-supiishii	2026	-	
taidana-akuyaku-kizoku-no-ore-ni-konyaku-haki-sareta-akuyaku-reijou-ga-totsuidar	2026	-	
taieki-mahou-kishi-wa-henkyou-de-yadoya-o-eigyouchuu	2026	-	
taika-no-risei	2026	RELEASING	
taikou-no-goumansugiru-kyuukon	2026	-	
taikouhi-kouho-dakedo-kenjitsu-ni-ikou-to-omoimasu	2026	RELEASING	
taimado	2026	RELEASING	
taisetsu-ni-sodateta-anoko-wa-kemono	2026	-	
taishou-ayakashi-keiyaku-kon	2026	-	
taishou-gakusei-aisaika	2026	RELEASING	
taishou-migawari-kon	2026	-	
taishuu-shokudou-akuyaku-reijou	2026	-	
taitei-no-koto-wa-mendokusai	2026	-	
taiwan-ni-hitori-de-1-kagetsu-sunde-mita	2026	-	
taiyou-no-oukoku	2026	-	
taiyou-yori-mo-mabushii-hoshi	2026	RELEASING	
takaga-nyokan-no-watashi-ga-sukina-no	2026	-	
takaga-shishaku-chakunan-ni-kouki-na-hitotachi-ga-guigui-kite-comic	2026	RELEASING	
takako-to-daijoubu-gohan	2026	-	
takamatsu-kun-ima-nanpaasento	2026	FINISHED	2025
takaminotakamisan	2026	-	
takane-no-hana-wa-midarezaki	2026	RELEASING	
takara-kun-to-amagi-kun	2026	RELEASING	
takarakuji-de-40-oku-atattandakedo-isekai-ni-ijuu-suru	2026	RELEASING	
takase-kun-no-heso-no-shita	2026	-	
takatora-kun-to-omegatachi	2026	RELEASING	
takiyashahime-onmyouji-ezoushi	2026	RELEASING	
takou-no-hime-o-tasuketara-otomodachi-kara-hajimeru-koto-ni-narimashita	2026	RELEASING	
talent	2026	RELEASING	
tama-new-oru-do-city	2026	-	
tama-no-gohoubi	2026	RELEASING	
tamagawa-san-detemashita	2026	RELEASING	
tamaranai-no-wa-koi-nanoka	2026	RELEASING	
tamasanchi-no-hogoneko	2026	-	
tamayomi	2026	RELEASING	
tameshi-ni-command-itte-mita	2026	RELEASING	
tamon-kun-ima-docchi	2026	RELEASING	
tanaka-ke-tensei-suru	2026	RELEASING	
tanaka-to-mizuno-wa-wakariaenai	2026	FINISHED	2025
tanbo-de-hirotta-onna-kishi-inaka-de-ore-no-yome-dato-omowarete-iru	2026	RELEASING	
tane-seisan	2026	-	
tanku-chea	2026	RELEASING	
tanoshimi-no-hanayome	2026	-	
tanpopo-chan-wa-sub-kamo-shirenai	2026	FINISHED	2025
tantei-reijou-julia-moriarty	2026	-	
taoreta-fujin-o-sukutta-go-houbi-wa-musume-no-bijin-futago-to-no-o-tsu	2026	-	
taro	2026	-	
tarou-no-manimani	2026	RELEASING	
tasogare-machi-purizunaazu	2026	RELEASING	
tasogare-no-hito	2026	RELEASING	
tasogare-no-utsuwagami	2026	RELEASING	
tasogare-ryuuseigun	2026	RELEASING	
tasogareryuuseigunmasutaapiisu-aiseikou	2026	-	
tasokare-kagerou	2026	-	
tataki-the-side-hustle	2026	-	
tatara-no-uta-hime-ouka-otomechou	2026	-	
tatariya-kagyou	2026	-	
tate-no-yuusha-no-nariagari	2026	RELEASING	
tateyama-kyoudai-no-jijou	2026	-	
tatsukawa-kun-wa-uketomekirenai	2026	-	
tatsuki-to-tamaki	2026	RELEASING	
te-ni-ireta-saimin-app-de-yume-no-harem-seikatsu-o-okuritai	2026	RELEASING	
tedaremonra	2026	RELEASING	
tefuda-ga-oome-no-victoria	2026	RELEASING	
tegirekin-o-morattanode-tabi-ni-derukotoni-shita	2026	-	
tei-taion-otoko-ni-natsukaremashita	2026	RELEASING	
teiamuun-teikoku-monogatari-dantoudai-kara-hajimaru-hime-no-tensei-gyakuten-story-attomaaku-comic	2026	RELEASING	
teigakusei-otto-no-kozukai-banzai	2026	RELEASING	
teihen-boukensha-dakedo-mahou-o-kiwametemiru-koto-ni-shita	2026	RELEASING	
teihen-otsu-san-cheat-kakusei-de-isekai-rakuraku-life	2026	FINISHED	2026
teihen-suit-cheat-madoushi-ni-tenshoku-suru	2026	RELEASING	
teihon-hyouryuu-kyoushitsu	2026	-	
teiiesutenseishitawatashigashozokusurubuichuubaajimushonoraibaawozen-in-otoshiniikuhanashi	2026	-	
teikoku-ichi-no-akujo-ni-dekiai-ga-tomarimasen	2026	RELEASING	
teikoku-no-koiyome	2026	RELEASING	
teikoku-shinonome-konin-tan	2026	-	
teikoku-uchuugun-shozoku-no-oredesu-ga-mikai-no-wakusei-ni-sounan	2026	-	
teinengo-wa-isekai-de-taneuma-seikatsu	2026	-	
teishitsu-kyuuden-no-minarai-nyokan	2026	RELEASING	
teisou-gyakuten-sekai-de-nariagari-o-mezashite-otoko-kishi-ni-natta-boku	2026	-	
teisou-gyakuten-sekai-de-yuiitsu-no-otoko-kishi-no-ore	2026	-	
teito-ayakashi-yashiki-no-keiyaku-hanayome	2026	RELEASING	
teitokeiyakukekkon-dannasamatowatashinoshiawasenahimitsu	2026	-	
teitonomeidowakoisomuru	2026	-	
tekken-chinmi-legends	2026	RELEASING	
temuparu	2026	-	
ten-tenki	2026	-	
tenbou-daikaku	2026	RELEASING	
tendou-ke-monogatari	2026	RELEASING	
tengai-no-vooruto	2026	-	
tengoku-2-0	2026	-	
tengoku-daimakyou	2026	RELEASING	
tengoku-de-akuma-ga-boku-o-miwaku-suru	2026	RELEASING	
tengu-no-daidokoro	2026	RELEASING	
teni-shitara-dorei-no-chichi-ni-nattakedo-kazoku-toshite-mederu-koto-ni-shita	2026	RELEASING	
tenisaki-wa-yakushi-ga-sukunai-sekai-deshita	2026	RELEASING	
tenjou-renka	2026	FINISHED	2026
tenkabitoninattasaru-isetsutaikoukisengokunosaru-yori	2026	-	
tenkaichi-azuma-2025	2026	RELEASING	
tenkomori-kariage-kun	2026	-	
tenkuu-no-isekai-bisutoro-ten	2026	RELEASING	
tenmaku-no-jaadugar	2026	RELEASING	
tenohira-no-tengoku	2026	-	
tenpai	2026	RELEASING	
tenpuru	2026	RELEASING	
tensai-bishoujo-san-shimai-wa-isourou-ni-dake-choro-kawaii	2026	-	
tensai-madougushi-wa-souki-retired-mezashite-ganbarimasu	2026	RELEASING	
tensai-sagishi-no-isekai-yonaoshi	2026	-	
tensei-akujo-no-kurorekishi	2026	RELEASING	
tensei-akuma-no-saikyou-yuusha-ikusei-keikaku	2026	RELEASING	
tensei-akuyaku-reijou	2026	-	
tensei-ankoku-kishidan-cheriiaji	2026	-	
tensei-arasa-joshi-no-ise-kaikatsu	2026	RELEASING	
tensei-babaa-wa-misugosenai	2026	RELEASING	
tensei-bijo-to-yoru-ga-yajuu-ouji	2026	RELEASING	
tensei-bonjin-no-eiyuu-sakusei-kyoushitsu	2026	-	
tensei-chuushi-no-saishokuki	2026	-	
tensei-daiseijo-no-isekai-nonbiri-kikou	2026	RELEASING	
tensei-goblin-dakedo-shitsumon-aru	2026	RELEASING	
tensei-hokusai-ura-kagyou-yarinagara-mangaka-mezashimasu	2026	-	
tensei-joou-wa-kyou-mo-flag-o-tatakioru	2026	RELEASING	
tensei-kakugeemaa	2026	-	
tensei-kenja-no-isekai-life	2026	RELEASING	
tensei-kenja-no-yarinaoshi	2026	FINISHED	2025
tensei-kishi-danchou-wa-haraguro-saishou-no-shuuchakuai-o-zenryoku-kaihi-shitai	2026	-	
tensei-kizoku-kantei-skill-de-nariagaru	2026	RELEASING	
tensei-kizoku-no-bannou-kaitaku	2026	RELEASING	
tensei-kizoku-no-isekai-boukenroku	2026	RELEASING	
tensei-koroshiamu	2026	RELEASING	
tensei-koujo-wa-reikoku-koutei-heika-ni-dekiai-dekiaisareru-ga-yume-wa-boukensha-desu	2026	-	
tensei-madouou-wa-teihenshoku-no-kuromajutsushi-ga-jitsu-wa-saikyoushoku-da-to-shitteiru	2026	RELEASING	
tensei-majo-no-kimamana-gourmet-tabi	2026	-	
tensei-majo-wa-horobi-o-tsugeru	2026	RELEASING	
tensei-monogusa-oujo-yo-kuccha-ne-life-o-mezase	2026	-	
tensei-nihakobinin-no-isekai-kouryakuhou	2026	RELEASING	
tensei-reijou-to-suukina-jinsei-o	2026	-	
tensei-reijou-vioretta-no-nougyou-kakumei	2026	-	
tensei-reijou-wa-akumei-takai-shishakuke-toushu	2026	RELEASING	
tensei-reijou-wa-boukensha-o-kokorozasu	2026	RELEASING	
tensei-reijou-wa-seirei-ni-aisarete-saikyou-desu	2026	RELEASING	
tensei-renkin-shoujo-no-surooraifu	2026	RELEASING	
tensei-ryouri-kenkyuuka-wa-kyou-mo-maipeesu-ni-ryouri-o-tsukuru	2026	RELEASING	
tensei-ryoushu-no-meiwakuseiwaza-erosu-no-gainen-ga-nai-sekai	2026	-	
tensei-saki-wa-korosareru-hazu-no-mobu-reijou-deshita	2026	-	
tensei-seikishi-wa-nidome-no-jinsei-de-sekai-saikyou-no-makenshi-ni-naru	2026	RELEASING	
tensei-seiyuu-wa-isekai-subete-o-miryou-suru	2026	-	
tensei-shimashita-sarana-kinje-desu-gokigenyou	2026	-	
tensei-shimashite-genzai-wa-jijo-de-gozaimasu	2026	RELEASING	
tensei-shita-dai-seijo-wa-seijo-de-aru-koto-o-hitakakusu-zero	2026	RELEASING	
tensei-shita-daiseijo-wa-seijo-de-aru-koto-o-hitakakusu	2026	-	
tensei-shita-kuukan-mahoutsukai-wa-shoutai-kakushite-medachitai	2026	-	
tensei-shita-moto-dorei-cheat-skill-senpen-banka-de-saikyou-harem-o-tsukuru	2026	RELEASING	
tensei-shita-onna-mafia-wa-isekai-de-heibon-ni-kurashitai	2026	RELEASING	
tensei-shita-saki-wa-jigokudeshita-san-hyakunen-tsuzuku-henkyou-hakuka-no-bouei-	2026	-	
tensei-shita-wakiyaku-heibonna-boku-wa-bikei-dai-ni-ouji-o-yandere-ni-shiteshima	2026	-	
tensei-shitara-dainana-ouji-datta-node-kimama-ni-majutsu-o-kiwamemasu	2026	RELEASING	
tensei-shitara-dragon-no-tamago-datta	2026	RELEASING	
tensei-shitara-heimin-deshita	2026	RELEASING	
tensei-shitara-joban-de-shinu-chuu-bosu-datta	2026	RELEASING	
tensei-shitara-koutei-deshita-umarenagara-no-koutei-wa-konosaki-ikinokoreru-ka-comic	2026	RELEASING	
tensei-shitara-maou-no-musume	2026	-	
tensei-shitara-rasubosu-kei-akujo-datta	2026	-	
tensei-shitara-saiai-no-kazoku-ni-mouichido-deaemashita	2026	RELEASING	
tensei-shitara-saikyoushu-tachi-ga-sumau-shima-deshita	2026	RELEASING	
tensei-shitara-sainou-ga-atta-ken	2026	RELEASING	
tensei-shitara-slime-datta-ken	2026	RELEASING	
tensei-shitara-slime-datta-ken-bishokuden	2026	RELEASING	
tensei-shitara-slime-datta-ken-clayman-revenge	2026	RELEASING	
tensei-shitara-slime-datta-ken-ibun	2026	RELEASING	
tensei-shitara-suteraretaga-hirowarete-tanoshiku-ikite-imasu	2026	RELEASING	
tensei-shitara-winning-eleven-datta-ken	2026	-	
tensei-shite-arayuru-mono-ni-sukarenagara-i-sekai-de-sukinakoto-o-shite-ikiteiku	2026	-	
tensei-shite-hai-elf-ni-narimashita-ga-surooraifu-wa-120-nen-de-akimashita	2026	RELEASING	
tensei-shite-inaka-de-slow-life-o-okuritai	2026	RELEASING	
tensei-shite-inaka-demo-fumo-futo-slow-life-o-okuritai	2026	-	
tensei-shite-kara-40-nen-sorosoro-san-mo-koi-ga-shitai	2026	RELEASING	
tensei-shitemo-jikka-o-oidasareta-node-kondo-wa-jibun-no-ishi-de-ikite-ikimasu	2026	RELEASING	
tensei-shoujo-wa-kyuusei-o-nozomareru	2026	-	
tensei-shoujo-wa-mazu-ippo-kara-hajimetai	2026	RELEASING	
tensei-yakushi-wa-meikyuu-toshi-sodachi	2026	-	
tensei-youjo-wa-aibyou-to-nonbiri-tabi-o-suru	2026	-	
tensei-youjo-wa-akiramenai	2026	RELEASING	
tensei-youjo-wa-onegai-shitai	2026	RELEASING	
tensei-youjo-wa-owabi-cheat-de-isekai-going-my-way	2026	RELEASING	
tensei-youjo-wa-zense-de-tasuketa-seirei-tachi-ni-natsukareru	2026	RELEASING	
tensei-yuusha-no-kimama-tabi	2026	RELEASING	
tensei-yuusha-no-sangen-tonarinchi-no-ore	2026	-	
tensei-yuusha-wa-joshi-joshikousei	2026	RELEASING	
tenseimae-no-chuutoriaru-de-isekai-saikyou-ni-narimashita	2026	RELEASING	
tenseisha-no-watashi-wa-oshikatsu-suru-tame-seijo-ni-narimashita	2026	-	
tenseishitara-ken-deshita	2026	RELEASING	
tenshi-keibi-hoshou-ame-nochi-hare	2026	-	
tenshi-kinryouku-tokyo-chronos	2026	FINISHED	2025
tenshi-to-akuma	2026	RELEASING	
tenshou-kengou-zubababaan	2026	-	
tentacle-hole	2026	RELEASING	
teppen-made-aishi-teageru	2026	-	
teppen-no-ichigo-itsu-taberu	2026	RELEASING	
tera-umare-neko-no-tama-san	2026	-	
terra-formars	2026	RELEASING	
territory-love	2026	-	
terusutaa-86	2026	RELEASING	
tesukatoripoka	2026	RELEASING	
tetotetote	2026	RELEASING	
tetsusabi-to-1000-karatto	2026	RELEASING	
thailand-ijuu-ni-idomu-around-forty-gakeppuchi-joshi-no-kunan	2026	-	
the-backlasher	2026	RELEASING	
the-band	2026	RELEASING	
the-dogfather-dog-father	2026	-	
the-fable-the-third-secret	2026	RELEASING	
the-gamesters	2026	RELEASING	
the-jojolands	2026	RELEASING	
the-kinks	2026	RELEASING	
the-new-gate	2026	RELEASING	
the-siren	2026	-	
three-star	2026	RELEASING	
timetuber-yukari	2026	RELEASING	
tkb-kun-no-o-shigoto	2026	-	
to-nari-no-figure-genkeishi	2026	RELEASING	
toaru-kagaku-no-mental-out	2026	RELEASING	
toaru-machi-de-okita-hyaku-no-kaii-nitsuite	2026	-	
toaru-majutsu-no-index	2026	RELEASING	
toaru-otsu-san-no-buiaaruemuemuoo-katsudouki	2026	RELEASING	
toaru-riiman-mofumofu-tanuki-to-fushigina-inaka-gurashi-o-hajimeru	2026	-	
tobenai-usagi-to-kami-no-shima	2026	RELEASING	
tobidase-tsuzui-san	2026	-	
tochigami-sama-no-sonohigurashi	2026	-	
todoroki-daimaru-no-kikai-taikendan	2026	RELEASING	
togishino-ossan-i-sekai-o-kagayakasu	2026	-	
tokage-hontou-wa-shinryuu-o-shoukan-shita-seijuu-tsukai-ryuu-no-senaka-de-kaitaku-life	2026	RELEASING	
toki-sensei-wa-kigaetai	2026	RELEASING	
toki-watari-reijou-wa-reiketsu-ryuuou-no-chouai-o-towa-ni-kizamu	2026	-	
tokidoki-bosotsu-to-roshiago-de-dereru-tonari-no-aarya-san	2026	RELEASING	
tokimeki-gohan-go-ki-gen-ebi-chiri	2026	-	
tokimeki-gohan-nipponshu-to-o-sushi	2026	-	
tokimeki-tonight-sorekara	2026	RELEASING	
tokitoki-channel	2026	-	
tokiwa-no-mori-to-tsuginohito	2026	-	
tokkyo-ya-buri-no-joou-benrishi-dai-ootori-mirai	2026	-	
tokoton-kuzu-na-watarase-nanoni	2026	RELEASING	
tokubetsu-janaihi-toki-o-musubu-hon	2026	-	
tokugawa-kun-ga-komarasetekuru	2026	RELEASING	
tokuni-aru-hibi	2026	RELEASING	
tokushin-no-kishi	2026	-	
tokushu-seiheki-kyoushitsu-e-youkoso	2026	RELEASING	
tokyo-aliens	2026	RELEASING	
tokyo-ayakashi-street	2026	FINISHED	2025
tokyo-chouseki	2026	RELEASING	
tokyo-hinkon-joshi	2026	RELEASING	
tokyo-kettou-kanjousen	2026	RELEASING	
tokyo-kinoko	2026	-	
tokyo-nyuusei-kanrikyoku	2026	FINISHED	2025
tomodachi-n-chino-neechan-ga-kowaku-te-ii-hito	2026	-	
tomodachi-no-imouto-ga-ore-ni-dake-uzai	2026	-	
tomodachi-no-nee-chan-ni-koi-shita-hanashi	2026	RELEASING	
tomodachiijou-koibitomiman-no-mahoutsukaitachi	2026	-	
tomoshibi	2026	-	
tonari-ha-nani-o-kuu-hito-zo-horoyoi	2026	RELEASING	
tonari-no-daidai	2026	-	
tonari-no-heya-no-jo-kishi-wa-i-sekaijin-de-nomi-tomodachi	2026	-	
tonari-no-hibikun	2026	-	
tonari-no-hyakkai-kenbunroku	2026	RELEASING	
tonari-no-jii-san	2026	RELEASING	
tonari-no-kurokawa-san	2026	RELEASING	
tonari-no-kuuderella-o-amayakashitara-uchi-no-aikagi-o-watasu-koto-ni-natta	2026	RELEASING	
tonari-no-kyuutei-ryourinin	2026	RELEASING	
tonari-no-moto-kare-kun	2026	RELEASING	
tonari-no-neko-to-koishirazu	2026	RELEASING	
tonari-no-otoko-wa-zuruku-te-amai	2026	-	
tonari-no-seki-no-fukami-kun-ga-idol-ni-naru-kamo-shirenai	2026	-	
tonari-no-seki-no-inkya-joshi-ga-oshi-utaite-datta	2026	RELEASING	
tonari-no-seki-no-yankee-shimizu-san-ga-kami-o-kuroku-sometekita	2026	RELEASING	
tonari-no-seki-no-yatsu-ga-souiu-me-de-mitekuru	2026	RELEASING	
tonari-no-stella	2026	RELEASING	
tonari-wa-futsuu-no-nijika-chan	2026	FINISHED	2025
tonariai-tesoro	2026	-	
tondemo-skill-kaze-ga-fukeba-okeya-ga-moukaru-no-okage-de-ore-no-isekai-life-wa-mamanaranai-yoi-imi	2026	-	
tongari-boushi-no-atelier	2026	RELEASING	
tonikaku-kawaii	2026	RELEASING	
tono-to-inu	2026	RELEASING	
tonosama-bugeichou-ichi	2026	-	
tonton-no-soudanmeshi-no-yoake-zeyo	2026	-	
toohai-shoujo	2026	FINISHED	2026
tookyoo-seoul-ravu	2026	-	
toppuu-gp	2026	RELEASING	
toppuu-to-beat	2026	RELEASING	
tora-kun-wa-kyou-mo-ojou-sama-ni-tamesareru	2026	RELEASING	
tora-mimi-onna-ni-nattatote	2026	-	
tora-ni-yotsumeya	2026	RELEASING	
tora-wa-ryuu-o-mada-tabenai	2026	RELEASING	
toradora	2026	RELEASING	
toraou-no-hanayome-san	2026	RELEASING	
toraware-no-otome-no-inori	2026	-	
torawareta-joou-wa-nido-shiawase-na-yume-o-miru	2026	-	
torima-torimasu	2026	RELEASING	
toripan	2026	RELEASING	
toripuru-happy-wedding	2026	-	
toro-wa-furuuru-wa-uso-o-tsuku	2026	-	
torokeru-kuchibiru-raise	2026	-	
torokeru-yume-o-meshiagare-nejirase-doujin-sakka-to-ochikobore-muma-no-outotsu-l	2026	-	
toru-ni-taranai	2026	RELEASING	
toshi-densetsu-kaitai-center-parallel-file	2026	RELEASING	
toshi-densetsu-seisouin	2026	-	
toshi-densetsu-senpai	2026	RELEASING	
toshidensetsunohanakosan	2026	-	
toshinosa-juugo-no-danna-sama	2026	-	
toshishita-osananajimi-ni-dekiai-sare-temasu	2026	-	
toshishitaaidorukunwawagamamadeshittobukai	2026	-	
toshiue-heika-no-bukiyouna-chouai	2026	-	
toshokan-no-daimajutsushi	2026	RELEASING	
totonou-oto	2026	-	
totsugasareta-saki-wa-shirobuta-koushaku-no-hazu-desu-ga	2026	-	
totte-kuwanaide-tokiwa-kun	2026	-	
totteoki-doraemon	2026	-	
tou-no-kanri-o-shitemiyou	2026	RELEASING	
toubou-kenja-no-burari-tabi-shoukan-saremashitaga-nigedashite-annei-no	2026	-	
touchoutou-to-chousa-no-3-wa-kaiidearu	2026	-	
toudai-no-sanshimai	2026	RELEASING	
toudaimori-to-kamome-no-ko	2026	RELEASING	
toudoukunchi-no-maid-shota	2026	RELEASING	
toudousan-to-jinaichan	2026	-	
tougen-anki	2026	RELEASING	
tougen-anki-gaiden-tsuki-to-sakura-no-kyousoukyoku	2026	-	
tougeoni	2026	RELEASING	
tough-dai-2-shou	2026	-	
touhai-koorudo-girl	2026	-	
toujima-tanzaburou-wa-kamen-rider-ni-naritai	2026	RELEASING	
touken-ranbu-autodoa-ibun-touken-yaei	2026	RELEASING	
toukutsuou	2026	-	
toukyou-touhikou	2026	-	
toumei-otoko-to-ningen-onna	2026	RELEASING	
touranki	2026	-	
tousan-wa-kaasan-wa-boku-wa	2026	-	
toutatsu-no-akuta	2026	RELEASING	
touten-no-shishi	2026	RELEASING	
toutoi-5-saijitachi-ga-watashi-ni-kekkon-aite-o-assen-shitekimasu-sute	2026	-	
tower-dungeon	2026	RELEASING	
triage-x	2026	RELEASING	
ts-eiseihei-san-no-senjou-nikki	2026	RELEASING	
tsuchikaburi-no-elena-hime	2026	RELEASING	
tsue-to-tsurugi-no-wistoria	2026	RELEASING	
tsugi-no-kuuhaku-o-umeyo	2026	FINISHED	2026
tsugi-no-topikkusu-wa-omae-da	2026	RELEASING	
tsugi-wa-iiyone-senpai	2026	RELEASING	
tsugu-nao-wa-zettai-ryouomoi	2026	-	
tsugumomo	2026	RELEASING	
tsui-no-hanayome	2026	RELEASING	
tsui-no-taimashi-endaagaisutaa	2026	RELEASING	
tsuihou-reijou-craft-shi-nagara-camping-car-de-i-sekai-o-tabi-shimasu	2026	-	
tsuihou-sareta-boukenshatachi-wa-batsubatsubatsu-na-dungeon	2026	-	
tsuihou-sareta-danshaku-shisoku-no-kareinaru-ryouchi-kaikaku-kuzu-oyaji-ni-munou	2026	-	
tsuihou-sareta-dragon-suki-reijou-wa-hoppou-henkyou-haku-no-ai-ni-kizukanai	2026	-	
tsuihou-sareta-teihenshoku-touzoku-wa-game-chishiki-de-musou-suru	2026	-	
tsuihou-souryo-no-kenja-taimu	2026	-	
tsuihou-yotei-kibou-no-akuyaku-reijou-ni-tensei-shita	2026	-	
tsuihousareta-akuyaku-reijou-no-danna-sama	2026	RELEASING	
tsuihousareta-dekiaisareru-tabi-2-skill-o-te-ni-ireta-ore-ga-100-no-isekai-de-nishuume-musou	2026	RELEASING	
tsuihousareta-guild-guild-shokuin-wa-sekai-saikyou-no-comic	2026	RELEASING	
tsuihousareta-kizoku-wa-hazure-skill-kodai-shoukan-de-eireitachi-to-henkyou-ryouchi-o-saikou-suru	2026	RELEASING	
tsuihousareta-koushaku-dungeon-o-touha-suru	2026	-	
tsuihousareta-kusushi-amerii	2026	RELEASING	
tsuihousareta-no-kenja-sekai-o-shiru	2026	RELEASING	
tsuihousareta-reijou-kara-no-tegami	2026	-	
tsuihousareta-sarenakatta-otoko	2026	FINISHED	2026
tsuihousareta-sareta-cheat-fuyo-majutsushi-wa-kimama-na-sekando-life-o-ouka-suru	2026	RELEASING	
tsuihousareta-sareta-esukyuu-kanteishi-wa-saikyou-no-guild-o-tsukuru	2026	RELEASING	
tsuihousareta-sareta-fuguushoku-irozukai-ga-sekai-o-nurikaeru-made	2026	RELEASING	
tsuihousareta-sareta-fuyo-mahoutsukai-no-nariagari	2026	RELEASING	
tsuihousareta-sareta-jogenshi-no-guild-keiei	2026	-	
tsuihousareta-sareta-kajishi-wa-cheat-skill-de-densetsu-o-tsukurimakuru	2026	RELEASING	
tsuihousareta-sareta-kishi-zuki-seijo-wa-kyou-mo-shiawase	2026	RELEASING	
tsuihousareta-sareta-koori-no-seijo-wa-bouen-no-ouji-ni-metorareru	2026	-	
tsuihousareta-sareta-koushaku-reijou-viruherumiina-ga-shiawase-ni-naru-made	2026	-	
tsuihousareta-sareta-otsu-san-kajishi-naze-densetsu-no-daimeikou-ni-naru	2026	RELEASING	
tsuihousareta-sareta-renkinjutsushi-adaruto-guzzu-de-sekai-o-sukuu	2026	RELEASING	
tsuihousareta-sareta-seijo-desu-jitsu-wa-kunijuu-kara-aisare-sugitete-kowaindesukedo	2026	-	
tsuihousareta-sareta-tensei-juukishi-wa-game-chishiki-de-musou-suru	2026	RELEASING	
tsuihousareta-sareta-tensei-kizoku-hazure-skill-de-naisei-musou	2026	RELEASING	
tsuihousareta-sareta-tensei-koushaku-wa-henkyou-de-nonbiri-to-hatake-o-tagayashitakatta	2026	RELEASING	
tsuihousareta-sareta-tensei-ouji-jidou-seisaku-skill-de-ryouchi-o-bakusoku-de-kaitaku-shi-saikyou	2026	RELEASING	
tsuihousareta-seijo-no-doronko-nouen-seikatsu	2026	RELEASING	
tsuihousareta-seijo-wa-juujin-no-kuni-de-tanoshiku-kurashite-imasu	2026	FINISHED	2026
tsuihousareta-yuusha-no-yuugana-seikatsu	2026	RELEASING	
tsuioku-no-m-nekkyouhen	2026	-	
tsujiurauri	2026	RELEASING	
tsukame-daman-family	2026	-	
tsuki-ga-michibiku-isekai-douchuu	2026	RELEASING	
tsuki-izuru-machi-no-hitobito	2026	RELEASING	
tsuki-wa-hitsuji-o-kazoenai	2026	RELEASING	
tsuki-wa-tapioka-mitai-ni	2026	-	
tsukimino-karma-wa-akumade-boku-no-pet-na-noni	2026	-	
tsukimisato-ke-no-maid-otoko	2026	FINISHED	2025
tsukiyo-no-mishin-koubou	2026	-	
tsukuritai-onna-to-tabetai-onna	2026	RELEASING	
tsuma-ga-kanpeki-sugiru-no-de-chotto-midashite-ii-desuka	2026	RELEASING	
tsuma-ka-shi-ka	2026	RELEASING	
tsuma-no-kakushigo	2026	-	
tsumetakute-yawaraka	2026	RELEASING	
tsumi-to-batsu-no-spica	2026	RELEASING	
tsumugi-no-mahou	2026	RELEASING	
tsumugu-wa-hito-hira-no-hikari	2026	-	
tsundere-na-watashi-ga-kawaii-nante-shouki-desu-ka	2026	RELEASING	
tsunderu-moto-akuyaku-reijou-wa-dos-ouji-sama-kara-nigedashitai	2026	RELEASING	
tsunnyantoratetsukunnoyuuutsu	2026	-	
tsunokakushi	2026	-	
tsunrize	2026	-	
tsurezure-children-color-ban	2026	-	
tsuribaka-nisshi	2026	RELEASING	
tsurippu	2026	RELEASING	
tsurizao-hitotsu-de-i-sekai-hourou	2026	-	
tsuruko-wa-mada-45-dakara	2026	-	
tsutte-tabetai-gyaruzawa-san	2026	RELEASING	
tsuuhan-de-katta-youtou-ga-gachi-datta	2026	-	
tsuyoshi	2026	RELEASING	
twilight-hour	2026	-	
twin-reincarnation	2026	-	
twinkle-star-nonnonzie-tetora	2026	FINISHED	2026
twisted-sisters	2026	RELEASING	
ubel-blatt-2	2026	-	
ubunabotsurakureijouwakuurunaonzoushinoamasugiruren-aishinandeubaware	2026	-	
uchi-ga-king-damu	2026	-	
uchi-kara-nan-kilometer	2026	-	
uchi-no-banri-ga-osewa-ni-narimasu	2026	RELEASING	
uchi-no-deshi-ga-itsunomanika-jinrui-saikyou-ni-natteite-nanno-sainou-mo-nai-shishou-no-ore-ga-sore	2026	RELEASING	
uchi-no-inu-ga-koneko-hiroimashita	2026	RELEASING	
uchi-no-inu-wa-motto-kawaikatta	2026	RELEASING	
uchi-no-kaisha-no-chiisai-senpai-no-hanashi	2026	RELEASING	
uchi-no-ko-nante-itteru	2026	-	
uchi-no-maid-ga-class-no-sukina-ko-ni-ni-teiru	2026	-	
uchi-no-manager-no-yousu-ga-okashii	2026	-	
uchi-no-seisokei-iinchou-ga-katsute-chuunibyou-idol-datta-koto-o-ore-dake-ga-shitte-iru	2026	RELEASING	
uchikirare-mangaka-to-doujin-onna	2026	-	
uchikomori-tsuma-wa-cosplay-haishinsha	2026	-	
uchinorukanara-kaigainosugoiinutowagayanoaikendotchimotamaran	2026	-	
uchuu-banchou-jagasaki	2026	-	
uchuu-fudou-san-hoshino	2026	RELEASING	
uchuu-kara-kita-neko	2026	-	
uchuujin-to-deau-mae-ni-yomu-hon	2026	-	
uda-to-udou	2026	-	
udon-no-hito	2026	FINISHED	2025
ueno-kun-wa-kaihatsuzumi	2026	RELEASING	
uesugi-kun-wa-onnanoko-o-yametai	2026	RELEASING	
uguisudani-dead-zone	2026	RELEASING	
uinohana	2026	-	
uizurein-oukoku-monogatari-ryuu-ga-hanayome	2026	RELEASING	
ukedatosemehara	2026	-	
ukiyojima	2026	-	
ultraman-along-came-a-spider-man	2026	RELEASING	
umakake	2026	RELEASING	
umamusume-pisupisu-supisupi-gorushi-chan	2026	RELEASING	
umamusume-pretty-derby-star-blossom	2026	RELEASING	
umamusume-pretty-derby-umamusumeshi	2026	RELEASING	
umamusume-shindereragurei	2026	FINISHED	2025
umarekawatte-yarinaosasete	2026	-	
umareta-chokugo-ni-suterareta-zense-ga-dai-kenja-datta-node-yoyuu-de-ikitemasu	2026	RELEASING	
ume-to-momo-no-futsuu-no-kurashi	2026	RELEASING	
umenosuke-kun-wa-danshiryou-no-onnanoko	2026	RELEASING	
umi-ga-hashiru-end-roll	2026	FINISHED	2025
umi-no-mieru-daidokoro	2026	RELEASING	
umibe-no-machi-de-magarigurashi	2026	RELEASING	
uminomichirugohan	2026	-	
uminomukoukiminotonari	2026	-	
unaji-ni-koi-no-ato	2026	-	
undead-san-no-bukiyouna-seishun	2026	-	
undei-no-futari	2026	-	
under-3	2026	RELEASING	
under-ninja	2026	RELEASING	
undercover-love-dog	2026	-	
unmatching-heart-beat	2026	-	
unmei-nado-sonzai-shinai-node	2026	RELEASING	
unmei-no-aite-wa-joushi-datta	2026	-	
unmei-no-hito-ni-deau-hanashi	2026	RELEASING	
unmei-no-hito-zettai-ni-kotatsu-no-futonmitaina-outer-kitenai	2026	-	
unmei-no-makimodoshi	2026	RELEASING	
unmei-no-noroware-ouji-to-mahou-gakkou-de-futatabi-koi-ni-ochiru	2026	RELEASING	
unnamed-memory	2026	-	
unsouyanoossanganazekafukugyoudezettaimutekikenshiotsutomerukotoni-sa	2026	RELEASING	
untitled-flowers	2026	FINISHED	2026
uorutenia-senki	2026	RELEASING	
ura-dungeon-oku-san	2026	RELEASING	
ura-kagyou-tensei-moto-gokudou-ga-kazoku-no-tame-ni-ryouchi-hatten-sasemasu-ga-nani-ka-comic	2026	-	
ura-no-ie-no-majo-sensei	2026	RELEASING	
ura-toukyou-no-osoroshidokoro	2026	-	
urabaito-toubou-kinshi	2026	RELEASING	
uragirareta-akutoku-joou-youjo-ni-natte-reiketsu-koutei-ni-hirowareru	2026	RELEASING	
uragirareta-esuranku-boukensha-no-ore-wa-aisuru-dorei-no-kanojora-to-tomo-ni-dorei-dake-no-harem	2026	RELEASING	
uragirareta-no-de-ouhi-zuki-jijo-ni-job-change	2026	-	
uragirareta-ore-to-ma-mon-slave-no-i-sekai-bouken-tan	2026	-	
uragirimono-no-love-song	2026	RELEASING	
urahara-doriimingu	2026	-	
urakata-de-support-shiteta-geinou-ikka-o-tsuihousareta-sareta-boku-wa-futsuu-no-seishun-o-ouka	2026	RELEASING	
uramichi-onii-san	2026	RELEASING	
uramichifudousan	2026	-	
uramiya-honpo-diablo	2026	RELEASING	
uramiya-honpo-sutoriimu	2026	-	
uraniwa-no-door-i-sekai-ni-tsunagaru	2026	-	
urareta-hanayome-wa-gikazoku-ni-dekiai-dekiaisareru	2026	-	
urareta-henkyou-reijou-wa-ringoku-no-outaishi-ni-dekiai-dekiaisareru	2026	RELEASING	
urasekai-picnic	2026	RELEASING	
uregoro-majo-no-rozeriasan	2026	-	
urenokori-no-dorei-elf-o-hirotta-no-de-musume-ni-suru-koto-ni-shita	2026	RELEASING	
uri-o-waru	2026	RELEASING	
urikko	2026	RELEASING	
urin-ranse-o-kakeru	2026	-	
uruse-damare-suki-toka-iuna	2026	-	
uruwashi-babaa-wa-mago-ga-hoshii	2026	-	
uruwashi-no-koutei-heika-no-tsugai-ni-erabarete-shimatta-no-desu-mada-shigoto-ga-shitai-node	2026	-	
uruwashi-no-yoi-no-tsuki	2026	RELEASING	
usagi-mo-yumemiru-cream-sooda	2026	RELEASING	
usagi-to-kame-no-yuru-yama-fu	2026	-	
usagi-to-kuro-hyou-sama-no-kyousei-kankei	2026	-	
usagi-wa-kaku-katariki	2026	RELEASING	
usagi-wa-kemono-no-hara-no-soko-de-shiawasena-yume-o-miru	2026	-	
usamimi-jakkupotto	2026	RELEASING	
ushiro-no-shoumen-kamui-san	2026	RELEASING	
ushiyama-san	2026	-	
uso-kareshi-demo-iikara-tonikaku-shitai-mashiro-chan	2026	RELEASING	
uso-to-saiai-no-hinkaku-inochi-haterumade-ai-o-chikaimasuka	2026	-	
usotsuki-dom-wa-go-houbi-fusoku	2026	-	
usotsuki-heika-ga-watashi-ni-shuuchaku-suru-wake	2026	RELEASING	
usotsuki-idol-sama-to-seijitsu-anti	2026	-	
usotsuki-sweet-marriage	2026	-	
usotsuki-twilight	2026	-	
usotsukina-russian-blue	2026	-	
usotsukinakisudekyoumobaibai	2026	-	
usoyomi-to-gishoku-no-joou	2026	RELEASING	
usu-kawaichimai-mukou-ga-wa	2026	-	
usuzuminohate-misshon-injiapokaripusu	2026	RELEASING	
utahime-dream	2026	-	
utahime-dream-koushiki-4-koma-utahime-cafe-e-youkoso	2026	-	
utawasero-omae-o	2026	-	
utchare-goshogawara-nebarigoshi-hen	2026	RELEASING	
utopia-fuuronpia	2026	-	
utsukushii-kare	2026	RELEASING	
utsuranaindesu	2026	RELEASING	
utsushicha-dame-na-kao	2026	RELEASING	
uzaki-chan-wa-asobitai	2026	RELEASING	
uzono-shiniko-houkoku	2026	RELEASING	
vampire-2025	2026	RELEASING	
vampxia	2026	FINISHED	2026
vanilla-to-orange	2026	-	
vanpaia-dekiaiparadaisu	2026	RELEASING	
varerian-koushaku-fujin-no-odayaka-na-fukushuu	2026	-	
varuhara-oteinteinkan	2026	RELEASING	
veeru-no-seijo	2026	RELEASING	
venus-mission	2026	RELEASING	
versus	2026	RELEASING	
villain-na-oku-sama	2026	RELEASING	
vintage-tokyo	2026	RELEASING	
virgin-killer-ninpouchou	2026	-	
visu-i	2026	-	
visual-breakers	2026	-	
vitooria-no-kantoku	2026	-	
vocalize	2026	RELEASING	
vs-zannen-girl	2026	RELEASING	
vtuber-kusamura-shigemi	2026	-	
wadatsumi-no-musume	2026	FINISHED	2025
waga-omo-wa-aishuu-ni-odoru	2026	-	
wagahai-wa-neko-madoushi-de-aru	2026	RELEASING	
wagamama-na-futago-no-imouto-ni-subete-o-ubawareta-ane	2026	-	
wakaba-chan-wa-wakarasetai	2026	RELEASING	
wakaba-san-no-aoi-koi	2026	RELEASING	
wakage-no-itarimakuri-natsu	2026	RELEASING	
wakakozake	2026	RELEASING	
wakarerutame-no-ichiya	2026	-	
wakarete-yaranai	2026	RELEASING	
wake-atte-ayakashi-no-kosodate-hajimemasu	2026	-	
wakeari-dansou-reijou-rival-kara-kyuukon-dekiaisareru	2026	-	
wakeari-senpai-no-kanojo-ni-narimashita	2026	RELEASING	
wakeari-shinrei-mansion	2026	RELEASING	
wakeari-shinshi-wa-gekikarazuki-ooeru-o-batsubatsu-de-semete-medete-yamanai	2026	-	
wakiyaku-kensei-no-sokosoko-heionna-nichijou	2026	-	
wakiyaku-ni-tensei-shita-hazu-ga-itsunomanika-densetsu-no-renkinjutsushi-ni-natteta	2026	RELEASING	
wana-ni-kakatta-villain-kun	2026	-	
wandering	2026	-	
wanderlust	2026	-	
waratte-koma-nosan	2026	-	
ware-ni-cheat-o	2026	-	
ware-ware-wa	2026	RELEASING	
waruhame	2026	RELEASING	
wasurerare-reijou-wa-kimama-ni-kurashitai	2026	-	
wasurerareshi-no-eiyuu-tan	2026	RELEASING	
watakushi-makemasen-node-seiryaku-kekkon-wa-reijou-no-tashinami	2026	-	
watanabe-futoshi-ga-michibiku-shin-jidai-no-mahjong-logic-saitekikai	2026	-	
wataridori-to-katatsumuri	2026	RELEASING	
watashi-ga-aishita-yomei-tantei	2026	-	
watashi-ga-daisuki-na-shousetsuka-o-korosu-made	2026	RELEASING	
watashi-ga-hitori-de-ikiteku-nante	2026	RELEASING	
watashi-ga-koibito-ni-nareru-wake-nai-jan-muri-muri-muri-ja-nakatta	2026	RELEASING	
watashi-ga-motenai-no-wa-dou-kangaetemo-omaera-ga-warui	2026	RELEASING	
watashi-ga-seijo-iie-akuyaku-reijou-desu	2026	RELEASING	
watashi-ga-watashi-o-uru-wake	2026	RELEASING	
watashi-ga-yogen-no-ko-o-umu-made	2026	-	
watashi-kumo-na-monster-o-tame-shita-node-spider-silk-de-saihou-o-ganbarimasu	2026	RELEASING	
watashi-no-1-kagetsu-1000-en-gohoubi	2026	-	
watashi-no-aisuru-asseisha	2026	-	
watashi-no-eichi-na-rirekisho-mitekudasai	2026	RELEASING	
watashi-no-juusha-wa-nejirase-teiru	2026	-	
watashi-no-kaidanshi-wa-ponkotsu-kawaii	2026	-	
watashi-no-kokoro-wa-oji-san-de-aru	2026	RELEASING	
watashi-no-konoe-kishi-ga-oneena-riyuu	2026	-	
watashi-no-koto-ga-daikirai-na-gitei-ga-goei-kishi-ni-narimashita	2026	RELEASING	
watashi-no-mahou-wa-zettai-ni-atarundesu	2026	-	
watashi-no-mama-wa-mano-kun-desu	2026	RELEASING	
watashi-no-oshi-wa-akuyaku-reijou	2026	RELEASING	
watashi-no-shiawasena-kekkon	2026	RELEASING	
watashi-no-shujin-wa-ookina-inukei-kishisama	2026	-	
watashi-nokoto-suki-janakattano-ka-yo	2026	-	
watashi-o-anata-de-amaku-shite	2026	-	
watashi-o-center-ni-suru-to-chikaimasu-ka	2026	RELEASING	
watashi-o-futta-hito-no-kozukuri-aite-ni-meizeraremashita	2026	-	
watashi-o-korosu-gitei-o-rouraku-shiyou-to-omoimasu	2026	RELEASING	
watashi-o-oidasu-nowa-ii-desukedo-kono-ie-no-kusuri-tsukutta-no-zenbu-watashi-desu-yo	2026	RELEASING	
watashi-o-tabetai-hitodenashi	2026	RELEASING	
watashi-o-uragittahazuno-koushakusama-ga-rikon-shitekuremasen	2026	-	
watashi-to-aishou-yoi-hito-imasenka	2026	RELEASING	
watashi-to-kekkon-shita-koto-koukai-shite-imasen-ka	2026	RELEASING	
watashi-wa-gotsugou-shugi-na-kaiketsu-tantou-no-joou-de-aru	2026	RELEASING	
watashi-wa-succubus-jaarimasen	2026	-	
watashitachi-rikon-shimasu-node	2026	-	
watashitachi-wa-douka-shiteiru-tsumakoi	2026	RELEASING	
watashitachi-wa-kakechigatte-iru	2026	RELEASING	
watashitachi-wa-mutsuu-love-ga-shitai	2026	RELEASING	
watashitachi-wa-rikon-suru-fukaku-amaku-tsunagatte	2026	-	
wavers	2026	-	
wazato-miseteru-kamoi-san	2026	RELEASING	
wazawai-kari	2026	-	
wazawai-kitsune-no-kuzure-chan	2026	RELEASING	
wedding-blues	2026	-	
white-night-bitter-porno	2026	RELEASING	
wicked-spot	2026	-	
wide-ban-nee-piyochan-natsuyasumi	2026	-	
wild-na-ouji-sama	2026	-	
wind-breaker	2026	RELEASING	
winning-answer	2026	-	
witch-craft-works-extra	2026	RELEASING	
witch-watch	2026	RELEASING	
witchriv	2026	-	
with-you-hazumi2026	2026	-	
world-ender-sekai-ni-kirawareta-kimi-to-no-n-kaime	2026	-	
world-teacher	2026	RELEASING	
worst-gaiden-dokuro	2026	RELEASING	
worst-gaiden-guriko	2026	RELEASING	
worst-gaiden-saburoku-santa	2026	RELEASING	
worst-gaiden-zetton-sensei	2026	RELEASING	
wotaku-douryou-to-gisou-kekkon-shita-kekka-mainichi-ga-metcha-tanoshiin-dakedo	2026	RELEASING	
wotaku-ni-yasashii-gal-wa-inai	2026	RELEASING	
ya-o-rogu	2026	-	
ya-sagure-shitsuji-vtuber-to-negative-ponkotsu-reijou-vtuber-no-kyojitsu-konzain	2026	-	
yaban-no-propose	2026	-	
yabun-ni-kyuuketsu-shitsureishimasu	2026	RELEASING	
yagate-efude-o-utsuroshi-kimi-wa	2026	-	
yagate-eiyuu-ni-naru-saikyou-shujinkou-ni-tensei-shitakedo-boku-niwa-ni-ga-omokatta-you-desu	2026	RELEASING	
yagate-kuromaku-eto-itaru-saiteki-kai	2026	-	
yagate-tako-ni-naru-kimi-to	2026	RELEASING	
yagi-bonzu	2026	-	
yagyuu-rashinken	2026	RELEASING	
yaiteru-futari	2026	RELEASING	
yajikita-isekai-douchuuki	2026	RELEASING	
yajin-tensei	2026	RELEASING	
yajuu-onzoushi-ni-amaku-tabetsukusare-sou-desu	2026	-	
yakiniku-no-onna-ayamonji-akana	2026	RELEASING	
yakiniku-sukosuko-score-attack	2026	-	
yakoudou-ki-tan	2026	RELEASING	
yakouun-no-sarissa	2026	FINISHED	2025
yakuman	2026	RELEASING	
yakume-o-hatashita-hikage-no-yuusha-wa-henkyou-de-jiyuu-ni-ikite-ikimasu	2026	RELEASING	
yakumotatsu-arata	2026	RELEASING	
yakutatazu-boukensha-menyuu-gamen-de-eiyuu-ni	2026	RELEASING	
yakutatazu-skill-login-boonasu-de-suterareta-reijou-ga-hontou-no-shiawase-o-tsukamu-made	2026	RELEASING	
yakutatazu-skill-ni-jinsei-o-sosogikomi-25-nen-imasara-saikyou-no-bouken-tan	2026	RELEASING	
yakutatazu-to-iwareta-no-de-watashi-no-ie-wa-dokuritsu-shimasu	2026	RELEASING	
yakuza-ni-ofuro-de-hatarakasaretemasu	2026	RELEASING	
yakuza-wa-sauna-ni-hairemasuka	2026	-	
yama-geki	2026	-	
yama-kaimashita	2026	RELEASING	
yama-no-susume	2026	RELEASING	
yama-to-shokuyoku-to-watashi	2026	RELEASING	
yamagishi-ryouko-tribute	2026	-	
yamaguchi-kun-wa-warukunai	2026	RELEASING	
yamaoku-sodachi-no-ore-no-yururi-isekai-seikatsu	2026	RELEASING	
yamero-suki-ni-natte-shimau	2026	RELEASING	
yami-app	2026	-	
yami-kakusei-shite-shujinkou-ni-boko-sarerukamase-inu-ni-hyoui	2026	-	
yami-no-honoo-ni-dakarete-shinda-to-omottara-musume-ga-dekiteimashita	2026	-	
yami-no-kodou	2026	RELEASING	
yami-ochi-shujinkou-no-mama-ni-narimashita	2026	-	
yamikin-ushijima-kun-gaiden-naniwa-taimuriipu-aizawa-kun	2026	RELEASING	
yamikin-ushijima-kun-gaiden-nikumamushi-densetsu	2026	RELEASING	
yamiochi-last-boss-reijou-no-osananajimi-ni-tensei-shita	2026	-	
yamiochi-reijou-wa-maou-no-musume-alice-ni-tensei	2026	-	
yamiochi-yuusha-no-haishin-haishin-tsuihousareta-sare-kakushi-bosu-beya-ni-hourikomareta-kekka-bosu	2026	RELEASING	
yan-senpai-wa-hitori-de-ikite-ikenai	2026	RELEASING	
yancha-gal-no-anjou-san	2026	RELEASING	
yancha-hime-sama-no-dai-bouken	2026	RELEASING	
yandere-kaineko-chan-tachi-ga-hanashite-kurenai	2026	-	
yandere-kishidan-no-hikari-no-seijodesu-ga-karera-no-kokoro-no-yami	2026	-	
yane-no-shita-no-artemis	2026	RELEASING	
yangotonaki-ichizoku	2026	RELEASING	
yani-neko	2026	RELEASING	
yankee-jk-kuzuhana-chan	2026	RELEASING	
yankee-jk-kuzuhana-chan-another-side-of-heroine	2026	RELEASING	
yankee-kun-to-kagaku-gohan	2026	RELEASING	
yankee-oshi-to-unmei-to-deau	2026	RELEASING	
yankee-quest	2026	RELEASING	
yankee-yo-tsue-o-mote	2026	-	
yankii-to-kyaramerize-second-bake	2026	-	
yano-kun-no-futsuu-no-hibi	2026	RELEASING	
yaotome-2	2026	RELEASING	
yaoyorozu-toriatsukai-setsumeisho	2026	-	
yarashikute-kawaii-ore-no-rin-chan	2026	-	
yarikonda-otome-game-no-akuyaku-mobu-desu-danzai-wa-iya-nanode-mattou-ni-ikimasu-comic	2026	RELEASING	
yarinaoshi-henkyou-fujin-no-koufuku-na-go-san	2026	-	
yarinaoshi-reijou-wa-ryuutei-heika-o-kouryakuchuu	2026	RELEASING	
yarinaoshita-karera-dake-ga-koukai-shimasu	2026	-	
yasagure-shoukansha-wa-ugokanai	2026	-	
yasashii-anata-o-mamoru-houhou	2026	-	
yasashii-kazoku-to-taku-san-no-mofumofu-ni-kakomarete-isekai-de-shiawase-ni-kurashimasu	2026	RELEASING	
yasashii-konyakusha-no-yousu-ga-hen-desu	2026	-	
yasashii-milk	2026	RELEASING	
yasashii-yuukaihan	2026	-	
yasashiku-suru-kara-daijoubu	2026	-	
yata-miran-to-seishun-ni-joutou	2026	-	
yatara-yarashii-fukami-kun	2026	RELEASING	
yatoware-akuyaku-reijou-wa-kokugai-tsuihou-o-go-shomoudesu	2026	-	
yatoware-konyakusha	2026	-	
yatsu-yatsu-yatsu-yatsu	2026	RELEASING	
yawahada-ni-shunrai	2026	RELEASING	
yawao-to-katako	2026	RELEASING	
yayakoshisan-wa-yayakoshii	2026	-	
yo-koso-horror-gakka-e	2026	-	
yo-ni-mo-kimyou-na-jidaigeki-ayakashi	2026	-	
yo-watare-takatora	2026	-	
yoake-no-kikoushi-wa-yukiokure-no-taiyou-ni-koikogareru	2026	-	
yoake-no-kitchen	2026	-	
yoake-no-uta	2026	RELEASING	
yoake-o-kou-kemonotachi	2026	RELEASING	
yoasobi-gurashi	2026	-	
yogen-sareta-akuyaku-reijou-wa-kotori-to-utau	2026	-	
yoi-o-matsu-tsukinomonogo	2026	-	
yoiakenomajo	2026	-	
yoki-houritsuka-wa-ashiki-rinjin	2026	RELEASING	
yokohama-buddy-paradox	2026	-	
yokohama-outsiders	2026	RELEASING	
yoku-aru-reijou-tensei-da-to-omotta-noni	2026	-	
yoku-dekimashita-boku-no-sub-sama	2026	-	
yoku-no-tatemae	2026	RELEASING	
yoku-wakaranai-keredo-isekai-ni-tensei-shite-ita-youdesu	2026	RELEASING	
yomawari-neko	2026	RELEASING	
yome-ga-kuru	2026	-	
yome-tome-nikki	2026	-	
yomegui	2026	-	
yomei-ichinen-no-akuyaku-reijou-after-life-wa-gyaku-harem-o-mankitsu	2026	-	
yomei-ichinen-no-koushaku-shisoku-wa-tabi-o-shitai	2026	RELEASING	
yomei-senkoku-o-uketa-node-watashi-o-kaeriminai-kazoku-to-konyakusha	2026	-	
yomei-wazuka-no-wakiyaku-reijou	2026	-	
yomeiri-no-susume	2026	RELEASING	
yomi-no-tsugai	2026	RELEASING	
yondome-no-otto	2026	-	
yondome-wa-iya-na-shi-zokusei-majutsushi	2026	RELEASING	
yonige-seijo-no-nidome-no-kekkon	2026	-	
yonoi-tsukihiko-no-shiawase-na-jigoku	2026	RELEASING	
yonshimai-elf-wa-yoru-o-omachikane	2026	RELEASING	
yopparai-reijou-ga-eiyuu-to-shirazu-kyuukon-shita-kekka	2026	RELEASING	
yori-kun-to-yori-o-modosu-wake-niwa	2026	RELEASING	
yoroi-shinden-samurai-trooper-seiden	2026	-	
yoroshiku-ore-no-hanayome-dono	2026	-	
yoru-made-ni-kitaku-comic	2026	-	
yoru-nokata-sumi-de-kimi-to-ice-o	2026	-	
yoru-yami-no-konin-zensei-no-shukuen-to-itsuwari-no-konyakusha	2026	-	
yoshida-lemon-drops	2026	RELEASING	
yosoji-fukuda-no-ore-gohan	2026	-	
yosougai-no-dekiai-ni-tomadotteimasu	2026	-	
yotogi-ga-kinki-no-kono-sekai-de	2026	RELEASING	
yotogi-no-futago	2026	RELEASING	
yotta-hana-ni-wa-ura-ga-aru	2026	-	
you-chuui-kanojo-yumemichan	2026	-	
you-tsuma-wa-otona-na-heika-ni-torotoro-ni-amayakasaremakuri-ore	2026	-	
youchien-wars	2026	RELEASING	
youheidan-no-itoshigo	2026	-	
youheidan-no-ryouriban	2026	RELEASING	
youji-ee	2026	-	
youjo-musou	2026	RELEASING	
youjo-senki	2026	RELEASING	
youkai-apaato-no-yuugana-nichijou	2026	FINISHED	2025
youkai-gakkou-no-sensei-hajimemashita	2026	RELEASING	
youkaioukyun-gakuen	2026	-	
youko-no-danna-sama	2026	RELEASING	
youkoso-konkatsu-ryou-e	2026	-	
youkoso-ryuuguu-jimusho-e	2026	-	
youkoso-shuudouin-e-koko-wa-tsuihou-sareta-onna-tachi-no-rakuen-yo	2026	-	
youkoso-tsuihousha-guild-e	2026	RELEASING	
youkoso-uraraka-shokudou-e	2026	-	
yousei-suit-amuleuje-no-supporter-ni-narimashite	2026	FINISHED	2026
youtou-kodoku-hyakki-tan	2026	RELEASING	
yowai-tokoro-mo-marugoto-zenbu	2026	-	
yowaki-makkusu-reijou-nanoni-ratsuwan-konyakusha-sama-no-kake-ni-notte-shimatta	2026	RELEASING	
yowamushi-pedal	2026	RELEASING	
yowamushi-pedal-supea-bike	2026	RELEASING	
yowayowa-sensei	2026	RELEASING	
yu-aa-sura-ga	2026	-	
yubisaki-to-renren	2026	RELEASING	
yubiwa-no-eranda-konyakusha	2026	RELEASING	
yuiitsu-muni-no-seirei-kajishi-ga-saikyou-no-bugu-o-tsukuru-made	2026	-	
yukai-na-shintouki	2026	RELEASING	
yuki-to-sumi	2026	RELEASING	
yuki-wa-tomoe-ni	2026	RELEASING	
yukidai-kyouju-no-kaiigaku-ma-o-miru-seinen-to-roku-kadoyashiki-no-nazo	2026	-	
yume-de-furarete-hajimaru-yuri	2026	RELEASING	
yume-ka-utsutsu-ka	2026	RELEASING	
yume-neko-nekuto	2026	RELEASING	
yume-ni-miru-sairai	2026	-	
yumemi-no-koushaku-reijou-wa-konyaku-haki-o-goshomou-desu	2026	-	
yumemiru-machi-de-aimashou	2026	-	
yumemiru-seijo-wa-oujisama-no-soine-gakari-ni-erabaremashita	2026	-	
yumenashi-sensei-no-shinro-shidou	2026	RELEASING	
yurayura-queen	2026	RELEASING	2026
yuri-kago-kara-maid-made	2026	-	
yuri-no-hajimari-wa-dorei-kara	2026	RELEASING	
yuri-no-ko	2026	RELEASING	
yuri-to-soleil	2026	-	
yuriyuri-panic	2026	RELEASING	
yuru-yuri	2026	RELEASING	
yurukyan	2026	RELEASING	
yusabure-junjou	2026	-	
yuu-m-ee-mikakunin-sougou-kakutougi	2026	RELEASING	
yuube-wa-otanoshimi-deshitane	2026	RELEASING	
yuuboku-shoujo-o-hanayome-ni	2026	-	
yuugatou-ni-kogareru	2026	-	
yuugiou-ooshiijii-stories	2026	FINISHED	2023
yuuki-aru-mono-yori-chire	2026	RELEASING	
yuukoku-no-moriarty	2026	RELEASING	
yuukyuu-no-gusha-asley-no-kenja-no-susume-to-pochi-no-daibouken	2026	RELEASING	
yuuma-no-oukoku	2026	RELEASING	
yuumei-vtuber-no-ani-dakedo-naze-ore-ga-yuumei-ni-natte-ita	2026	RELEASING	
yuusha-densetsu-no-uragawa-de-ore-wa-eiyuu-densetsu-o-tsukurimasu	2026	RELEASING	
yuusha-izoku	2026	-	
yuusha-level-1	2026	-	
yuusha-ni-minna-netoraretakedo-akiramezu-ni-tatakaou-kitto-saigo-wa-ore-ga-katsu	2026	RELEASING	
yuusha-ni-zenbu-ubawareta-ore-wa-yuusha-no-hahaoya-to-party-o-kumimashita	2026	RELEASING	
yuusha-no-ateuma-de-shika-nai-akuyaku-kizoku-ni-tensei-shita-ore	2026	-	
yuusha-no-haha-desu-maougun-no-kanbu-ni-narimashita	2026	RELEASING	
yuusha-no-moto-nakama-fuufu-wa-inaka-de-nonbiri-shiawase-ni-kurasu	2026	-	
yuusha-no-tabi-no-uragawa-de	2026	RELEASING	
yuusha-no-unmei	2026	-	
yuusha-party-ni-kawaii-ko-ga-ita-node-kokuhaku-shite-mita	2026	RELEASING	
yuusha-party-no-nimotsumochi	2026	RELEASING	
yuusha-party-o-kubi-ni-natta-node-kokyou-ni-kaettara	2026	-	
yuusha-party-o-oidasareta-kiyou-binbou	2026	RELEASING	
yuusha-party-o-tsuihou-sareta-seireijutsushi-saikyoukyuu-ni-kakusei-sh	2026	-	
yuusha-party-o-tsuihousareta-beast-tamer-tamer-no-neko-ji-shoujo-to-deau	2026	RELEASING	
yuusha-party-o-tsuihousareta-sareta-ore-daga-ore-kara-sudatte-kureta-you-de-ureshii	2026	RELEASING	
yuusha-party-o-tsuihousareta-sareta-shiromadoushi-esuranku-boukensha-ni-hirowareru	2026	RELEASING	
yuusha-sama-no-oshishou-sama	2026	RELEASING	
yuusha-sama-sakuya-mo-otanoshimi-deshita-ne	2026	RELEASING	
yuusha-sama-wa-houshuu-ni-hitozuma-o-go-kibou-desu	2026	RELEASING	
yuusha-wa-maou-ga-suki-rashii	2026	-	
yuushagoroshi-no-moto-ansatsusha	2026	RELEASING	
yuutousei-no-himitsu	2026	-	
yuuyake-no-uta	2026	-	
yuuyami-tokata-ware	2026	-	
yuzukisanchi-no-yonkyoudai	2026	RELEASING	
zach-no-koi	2026	FINISHED	2025
zamuzekuta	2026	-	
zange	2026	RELEASING	
zankou-saisatsu	2026	-	
zannen-na-koi-no-shujinkou-tachi	2026	RELEASING	
zansatsu-tenshi-piko-maru-returns	2026	-	
zatsuyou-fuyo-jutsushi-ga-jibun-no-saikyou-ni-kizuku-made	2026	RELEASING	
ze-shinkai-no-solaris	2026	-	
zecchou-skill-onsen-souzou-de-yukemuri-harem-o-kizuku-made	2026	-	
zeikin-de-katta-hon	2026	RELEASING	
zeimu-shokuin-no-bishu	2026	-	
zeitaku-zanmai-shitai-no-desu	2026	RELEASING	
zenbu-hoshigari-na-kimi-nosei	2026	-	
zenbu-kowashite-jigoku-de-aishite	2026	RELEASING	
zenbu-sukutteyaru	2026	RELEASING	
zenbu-zenbu-kimi-no-sei	2026	-	
zeni-banzuke	2026	-	
zenin-ikemen-ni-shiteyaru	2026	-	
zenmetsu-end-o-shini-monogurui-de-kaihi-shita-party-ga-yanda	2026	-	
zenryaku-onii-chan-wa-seijo-ni-narimashita	2026	RELEASING	
zense-de-kazoku-ni-megumarenakatta-ore	2026	-	
zense-ga-densetsu-no-dai-majo-datta-fuguu-seijo-wa-koutei-heika-ni-dekiai-sarete-imasu	2026	RELEASING	
zense-kara-kimi-dake-o-aisuru-to-chikau-yo	2026	-	
zense-yuusha-no-ore-ga-maou-to-room	2026	-	
zensei-ga-saikyou-madoushi-datta-ore-i-sekai-mahou-de-musou-suru	2026	-	
zenze-no-kioku-o-torimodoshita-node-saiai-no-otto-to-rien-shimasu	2026	-	
zerotohyaku	2026	-	
zetsumetsu-sunzen-no-doubutsu-hacchinpamosu	2026	-	
zetsurin-do-s-majutsushi-ark-to-watashi-no-senzoku-keiyakusho	2026	RELEASING	
zetsurin-mutsu-kun-wa-ookii-kuri-ga-suki	2026	RELEASING	
zetsurin-shachou-no-aigan-usagi	2026	-	
zetsurin-shodouka-no-kedamono-sekkusu	2026	-	
zettai-agaraenai-amai-meirei	2026	-	
zettai-bl-ni-naru-sekai-vs-zettai-bl-ni-naritakunai-otoko	2026	RELEASING	
zettai-hatsukoi-propose	2026	-	
zettai-ni-hatarakitakunai-dungeon-master-ga-damin-o-musaboru-made	2026	RELEASING	
zettai-ni-kekkon-shitakunai-reijou-henkyou-no-kedamono-to-yobareru-sho	2026	-	
zettai-shinanai-stella-hime	2026	RELEASING	
zettaiaku-no-kaibutsu	2026	RELEASING	
zieina-drive	2026	-	
zingnize	2026	RELEASING	
zoku-kowai-hon	2026	FINISHED	1982
zoku-sono-keisatsukan-tokidoki-yajuu	2026	-	
zombie-no-afureta-sekai-de-ore-dake-ga-osowarenai-tokiko-if-story-vol	2026	-	
zombie-no-bakayaroo	2026	RELEASING	
zombie-sekai-de-harem-o-tsukurou	2026	RELEASING	
zon-100	2026	RELEASING	
zonchuu-zonbijkhageemu	2026	-	
zouju-wa-kinshisareteimasu	2026	-	
zubora-demo-dekita-chiisana-midori-de-kokoro-ga-uruou-oheyazukuri-koke-terrarium-hajimemashita	2026	-	
zundamon-tv	2026	RELEASING	
zunou-to-i-nou-ni-kinniku-de-shouri-suru-death-game	2026	-	
zuppun-diet	2026	-	
zure-koi-biyori	2026	-	
zureta-kaishaku-no-bokura	2026	-	
zutto-mae-kara-aideshita	2026	-	
zutto-seishun-poi-desuyo	2026	RELEASING	
deatte-3-pun-de-mimikaki	2027	-	
kono-kekkon-wa-douse-umaku-ikanai	2027	-	
kouto-onmyou-gakkou	2027	-	
mitsuko-san-chino-second-recipe	2027	-	
morohoshi-daijirou-tanpen-shuusei	2027	RELEASING	
moto-kano-cafe	2027	-	
the-last-terran	2027	-	
