series_key	title	class	subtitle	vols	first_date	last_date	imprints	authors	isbn	既存頁slug	類似頁	材料	著者既掲載
qid:Q97188820|name:本好きの下剋上	本好きの下剋上	同題別著者(要確認)		2	2025-08-18	2026-08-27		香月美夜 / 波野涼	9784867946282			未取得	
name:かぬアイ|name:ヒャッハーな幼馴染達と始めるVRMMO@COMIC	ヒャッハーな幼馴染達と始めるVRMMO@COMIC	未掲載		2	2025-01-27	2026-08-27	コロナ・コミックス	則本シゲ / 地雷酒	9784867943908			紹介文+書影	
name:近原さくら|name:高嶺のSubのあばき方	高嶺のSubのあばき方	未掲載		2	2026-04-20	2026-08-03	Daitosha comic. Daito comics BLシリーズ	近原さくら	9784864957977			紹介文+書影	
name:MAHALO|name:恋するサイコの白雪くん	恋するサイコの白雪くん	未掲載		4	2026-05-04	2026-08-03	FUTAMI COMICS×サイコワ	江夏遙 / MAHALO / 石原通信	9784576260068			紹介文+書影	
name:宇佐木|name:離婚しようと記憶喪失のふりをしたら、怜悧な旦那様が激甘に愛してきます	離婚しようと記憶喪失のふりをしたら、怜悧な旦那様が激甘に愛してきます	未掲載		2	2026-02-02	2026-07-27	marmalade comics	由多いり / 宇佐木	9784302114016			紹介文+書影	済
name:坂上暁仁|name:神田ごくら町職人ばなし	神田ごくら町職人ばなし	未掲載		2	2023-09	2026-07-27	torch comics	坂上暁仁	9784845861637			紹介文+書影	
name:さざなみ陽輔|name:異世界転生おじさんは静かに暮らしたい	異世界転生おじさんは静かに暮らしたい	未掲載		2	2025-05-02	2026-07-27	ヤングチャンピオン・コミックス	さざなみ陽輔	9784253017794			紹介文+書影	済
name:琴子|name:推し〈噓〉の筆頭魔術師様が「俺たち、両思いだったんだね」と溺愛してくるんですが!?	推し〈噓〉の筆頭魔術師様が「俺たち、両思いだったんだね」と溺愛してくるんですが!?	未掲載		2	2025-07-18	2026-07-27	ブリーゼコミックス	麦崎旬 / 琴子	9784799220634			紹介文+書影	済
name:ほの香|name:元聖女候補は生臭坊主の金ヅルです	元聖女候補は生臭坊主の金ヅルです	未掲載		2	2026-02-23	2026-07-27	ヤングチャンピオン・コミックス	ほの香	9784253010580			紹介文+書影	
name:Hansol|name:傲慢の時代	傲慢の時代	未掲載		3	2026-02-09	2026-07-27	GAコミックf	Lemonfrog / Josara	9784815636913			紹介文+書影	
name:あおぞら|name:一般兵士が転生特典に『無限再生』を貰った結果、数多の美女に狙われた	一般兵士が転生特典に『無限再生』を貰った結果、数多の美女に狙われた	未掲載		2	2026-02-09	2026-07-27	GAコミック	つまじょ / あおぞら	9784815631796			紹介文+書影	
name:やぶら|name:ロブレイブ	ロブレイブ	未掲載		2	2026-05-08	2026-07-27	KCDX. 週刊少年マガジン		9784065436622			紹介文+書影	
name:ラズウェル細木1956-|name:ほろ酔いグルメ帖	ほろ酔いグルメ帖	未掲載		2	2026-01-09	2026-07-27	SPコミックス. SP pocket wide	ラズウェル細木	9784845870431			書影のみ	済
name:イシイ渡|name:せいぶつ部の田辺くん	せいぶつ部の田辺くん	未掲載		3	2026-01-26	2026-07-27	KCDX. 週刊少年マガジン	中川海二	9784065421994			紹介文+書影	済
name:星倉ぞぞ|name:かわいいしっぽのかくしかた	かわいいしっぽのかくしかた	未掲載		2	2025-09-29	2026-07-27	drap COMICS DX	星倉ぞぞ	9784866539034			紹介文+書影	済
name:高比良りと|name:Dr.系男子の恋愛カルテ	Dr.系男子の恋愛カルテ	未掲載		2	2020-10	2026-07-27	Honey Milk Comics	高比良りと	9784065209288			紹介文+書影	済
name:Mikura|name:一匹狼の花嫁	一匹狼の花嫁	未掲載		2	2026-01-15	2026-07-22	Cult comics. Niμ collection	すのはら風香 / 百迦にごう	9784773066241			紹介文+書影	済
name:ながを|name:鬼様の恋、前途多難	鬼様の恋、前途多難	未掲載		2	2025-03-05	2026-07-20	Ryu comics	理系女ちゃん	9784199508967			紹介文+書影	
name:冨手優夢|name:風俗怪談	風俗怪談	未掲載		2	2025-11-24	2026-07-20	ビッグコミックス	charme	9784098636150			紹介文+書影	
name:れもんぴーる|name:転生赤ちゃんカティは諜報活動しています	転生赤ちゃんカティは諜報活動しています	未掲載		2	2025-12-15	2026-07-20	Regina COMICS	生倉大福 / れもんぴーる	9784434365027			紹介文+書影	済
name:とらふぐ|name:縁切りエマ	縁切りエマ	未掲載		2	2025-04-21	2026-07-20	ビッグコミックススペシャル	とらふぐ / 今井康絵	9784098633852			紹介文+書影	済
name:ぽぽたぱぽた|name:甘い声でStayなんて言うんじゃねぇ!	甘い声でStayなんて言うんじゃねぇ!	未掲載		2	2025-11-24	2026-07-20	Blend COMICS	ぽぽたぱぽた	9784434367540			紹介文+書影	済
name:市居ちい|name:溺愛御曹司は小鳥に求愛する	溺愛御曹司は小鳥に求愛する	未掲載		2	2025-03-28	2026-07-20	Bamboo comics. Renpara collection DX = 恋パラコレクションDX	市居ちい	9784801985889			紹介文+書影	
name:よねやませつこ|name:梟と番様	梟と番様	未掲載		2	2026-01-26	2026-07-20	IDコミックス. Zero-sum comics	藤森フクロウ / よねやませつこ	9784758088985			書影のみ	済
name:北里のえ|name:悪役令嬢はシングルマザーになりました	悪役令嬢はシングルマザーになりました	未掲載		2	2025-10-27	2026-07-20	IDコミックス. Zero-sum comics	星川きづき / 北里のえ	9784758088169			書影のみ	済
name:おきぬpub.|name:後は野となれ山となれ	後は野となれ山となれ	未掲載		2	2025-11-24	2026-07-20	Blend COMICS	立川譲	9784434367557			紹介文+書影	
name:gacchi|name:居場所を奪われ続けた私はどこに行けばいいのでしょうか?	居場所を奪われ続けた私はどこに行けばいいのでしょうか?	未掲載		2	2026-02-23	2026-07-20	Regina COMICS	gacchi / 暮間チカ	9784434367045			紹介文+書影	済
name:港發|name:妖狩のカノカ	妖狩のカノカ	未掲載		2	2026-04-18	2026-07-20	ヤンマガKC	うみんちゅ	9784065430590			紹介文+書影	済
qid:Q11553336|name:名もなき魔物と二人の騎士	名もなき魔物と二人の騎士	未掲載		2	2026-03-20	2026-07-20	ベツコミフラワーコミックススペシャル	河丸慎	9784098733576			紹介文+書影	済
name:シクシク|name:マユノウタ	マユノウタ	未掲載		2	2026-01-12	2026-07-20	IDコミックス. コミック百合姫	シクシク	9784758088787			書影のみ	済
name:ぽんぬ|name:プリエールキス	プリエールキス	未掲載		2	2025-10-27	2026-07-20	IDコミックス. Zero-sum comics	ぽんぬ	9784758088152			書影のみ	
name:西海ミナト|name:ハッピーコンプレックス	ハッピーコンプレックス	未掲載		2	2025-10-03	2026-07-20	Bamboo comics. 恋パラコレクションDX	西海ミナト	9784801987814			紹介文+書影	済
name:折口良乃|name:ドラゴンギャルのネイリスト	ドラゴンギャルのネイリスト	未掲載		2	2026-01-06	2026-07-20	Ryu comics unicorn	折口良乃 / 蜂鳥ちゃぼ	9784199509414			紹介文+書影	
name:羊歯|name:ギベットルーム	ギベットルーム	未掲載		2	2026-03-18	2026-07-20	Bamboo comics	羊歯	9784801989153			紹介文+書影	済
name:ANYCOLOR株式会社|name:でびるんしぇあはうすっ	でびるんしぇあはうすっ	未掲載		2	2025-12-15	2026-07-20	ちゃおコミックススペシャル	ANYCOLOR株式会社 / 桜庭あも	9784098732791			紹介文+書影	
name:白波龍二|name:忍びの犬	忍びの犬	未掲載		2	2026-04-15	2026-07-17	Bamboo comics	蔵人健吾	9784801989467			紹介文+書影	済
name:藤本セツナ|name:堕天使そぷらのちゃんの復讐	堕天使そぷらのちゃんの復讐	未掲載		2	2026-01-09	2026-07-17	カドコミ	藤本セツナ	9784048117456			紹介文+書影	
name:木村琴々|name:前世は保育士、今世は悪役令嬢?からの、わがまま姫様の教育係!?	前世は保育士、今世は悪役令嬢?からの、わがまま姫様の教育係!?	未掲載		2	2026-01-09	2026-07-17	角川コミックス・エース	木村琴々 / 沙夜	9784041165638			紹介文+書影	済
name:優風|name:ポンコツ勇者パーティー、竜をひろう	ポンコツ勇者パーティー、竜をひろう	未掲載		2	2025-10-10	2026-07-17	ドラゴンコミックスエイジ	三木よう子	9784040761237			紹介文+書影	済
name:イチリ|name:ボクの理想の異世界生活	ボクの理想の異世界生活	未掲載		2	2024-12-27	2026-07-17	ドラゴンコミックスエイジ	空維深夜	9784040757377			紹介文+書影	
name:うのせろ|name:ダンジョン攻略のためなら、ラブコメしなくちゃダメですか?	ダンジョン攻略のためなら、ラブコメしなくちゃダメですか?	未掲載		2	2026-02-16	2026-07-17	ドラゴンコミックスエイジ	ふか田さめたろう / うのせろ	9784040762692			紹介文+書影	
name:次見やをら|name:腐男子天使	腐男子天使	未掲載		2	2025-07-28	2026-07-13		小手万里	9784758087131			書影のみ	
name:青代理鶴|name:煙霧公爵と氷の花嫁	煙霧公爵と氷の花嫁	未掲載		2	2026-03-23	2026-07-13	Celicaコミックス	青代理鶴	9784867948842			紹介文+書影	
name:バロン吉元1940-|name:昭和柔俠伝	昭和柔俠伝	未掲載		2	2025-12-22	2026-07-13	torch comics / アクション・コミックス	バロン吉元	9784845869886			紹介文+書影	済
name:春日部こみと|name:愛する人は他にいると言った夫が、私を離してくれません	愛する人は他にいると言った夫が、私を離してくれません	未掲載		2	2025-08-15	2026-07-13	LAKE	春日部こみと / 武桐千	9784758087599			書影のみ	済
name:花本麻実|name:同じ夢みた君はアイドル	同じ夢みた君はアイドル	未掲載		2	2026-03-20	2026-07-13	Sho-Comiフラワーコミックス	花本麻実	9784098733033			紹介文+書影	
name:鈴咲ひかり|name:キスしてキラーチューン	キスしてキラーチューン	未掲載		2	2026-04-08	2026-07-13	Sho-Comiフラワーコミックス		9784098733965			紹介文+書影	
name:広中あん|name:やり直し愛犬は今世も恋する	やり直し愛犬は今世も恋する	未掲載		2	2026-01-16	2026-07-13	Cheese!フラワーコミックス	広中あん	9784098733293			紹介文+書影	
name:西野きいな|name:お狐ちゃんには青春がたりない	お狐ちゃんには青春がたりない	未掲載		2	2025-01-17	2026-07-13	ベツコミフラワーコミックス	西野きいな	9784098726684			紹介文+書影	済
qid:Q108110312|name:いけない二人	いけない二人	未掲載		2	2026-05-18	2026-07-13	ビッグコミックス	稲岡和佐	9784098638031			紹介文+書影	済
name:東|name:鬼時代	鬼時代	未掲載		2	2026-01-02	2026-07-10	ヤンマガKC	東	9784065414972			紹介文+書影	
name:モリガコウセイ|name:十戒	十戒	同題別著者(要確認)		3	2026-04-25	2026-07-10	ガンガンコミックスonline	nov / 國友翔太郎 / 悠木星人	9784301004639			未取得	済
name:雪代侑|name:僕は骨董屋を辞めたい	僕は骨董屋を辞めたい	未掲載		2	2025-07-01	2026-07-10	ガンガンコミックスup!	悠馬ゆん	9784301006220			紹介文+書影	
name:misekiss|name:保知矢さんはあまりある	保知矢さんはあまりある	未掲載		2	2026-04-15	2026-07-10	ヤンマガKC		9784065429297			紹介文+書影	
name:まじさわ|name:不良少年に飯を食わす	不良少年に飯を食わす	未掲載		2	2025-02-12	2026-07-10	ビッグガンガンコミックス	まじさわ	9784301006572			紹介文+書影	
name:h-j|name:ラブフレグランス	ラブフレグランス	未掲載		2	2026-05-25	2026-07-10	夜暇		9784434374180			紹介文+書影	
name:野良犬ロマン|name:ノカゼのピンクなトリセツ	ノカゼのピンクなトリセツ	未掲載		2	2026-04-15	2026-07-10	ヤンマガKC		9784065431023			紹介文+書影	
name:ちふゆ漫画家|name:秘密のいばら	秘密のいばら	未掲載		2	2025-11-10	2026-07-06		ちふゆ漫画家	9784758029872			書影のみ	済
name:いけがみ小5|name:あんたの相棒はオレなんで!	あんたの相棒はオレなんで!	未掲載		2	2026-06-15	2026-07-06	Shusui digital comics BLシリーズ	いけがみ小5	9784867782415			紹介文+書影	
name:カンナ|name:転生悪役令嬢、極愛執事に純潔を狙われています。	転生悪役令嬢、極愛執事に純潔を狙われています。	未掲載		2	2024-05	2026-07-03	ショコラシュクレコミックス	カンナ	9784799219041			紹介文+書影	
name:ニクヤ乾|name:社内恋愛の相手は俺ですけど?	社内恋愛の相手は俺ですけど?	未掲載		3	2022-06	2026-07-03	IDコミックス. Gateau comics / drap COMICS DX	ニクヤ乾	9784825100756			書影のみ	済
name:暮浦鶏太|name:田舎暮らしの魔草薬師は返り咲く	田舎暮らしの魔草薬師は返り咲く	未掲載		3	2025-12-12	2026-07-03	グラストCOMICS	暮浦鶏太	9784813765431			紹介文+書影	
name:杜間とまと|name:無職独身アラフォー女子の異世界奮闘記	無職独身アラフォー女子の異世界奮闘記	未掲載		2	2026-01-26	2026-07-03	ヤングチャンピオン・コミックス	杜間とまと / 田伊りょうき	9784253009584			紹介文+書影	済
name:朝比奈りいむ|name:死んだ石井の大群	死んだ石井の大群	未掲載		2	2026-04-01	2026-07-03	KCDX		9784065433300			紹介文+書影	
name:椎名秋乃|name:悪魔な兄が過保護で困ってます	悪魔な兄が過保護で困ってます	未掲載		2	2025-05-09	2026-07-03	FK comics	香月航 / 椎名秋乃	9784866697703			紹介文+書影	済
name:千江しか|name:彼の魔族は如何なる魔術をもって防護結界を攻略したか	彼の魔族は如何なる魔術をもって防護結界を攻略したか	未掲載		2	2025-12-12	2026-07-03	NOVA COMICS	千江しか / 春日康徳	9784824205070			紹介文+書影	
name:岸本和葉|name:二周目賢者の英雄譚	二周目賢者の英雄譚	未掲載		2	2026-01-09	2026-07-03	ヤングジャンプコミックス	岸本和葉 / 蛍幻飛鳥	9784088941189			紹介文+書影	済
name:犬野まげゆいし|name:ゴミ溜めのガーネット	ゴミ溜めのガーネット	未掲載		2	2024-09-06	2026-07-03	ビーボーイコミックスデラックス	犬野まげゆいし	9784799768785			紹介文+書影	
name:吾瀬わぎもこ|name:アフターグロウ	アフターグロウ	未掲載		2	2024-03	2026-07-03	Gateau comics / IDコミックス. Gateau comics	吾瀬わぎもこ	9784758026802			紹介文+書影	
name:あいのひとし|name:色欲無双	色欲無双	未掲載		2	2026-02-23	2026-06-29	シリウスKC	笠原巴 / あいのひとし	9784065427514			紹介文+書影	済
name:Jicco|name:氷の鱗	氷の鱗	未掲載		2	2026-02-02	2026-06-29	Bunch comics	Jicco / 岩井勇樹	9784107729071			紹介文+書影	
name:きし晴護|name:大草原の小さな領主	大草原の小さな領主	未掲載		2	2026-02-09	2026-06-29	ガルドコミックス	きし晴護 / 赤村咲	9784824015372			紹介文+書影	済
name:寿千花|name:冷酷参謀の夫婦円満計画	冷酷参謀の夫婦円満計画	未掲載		2	2025-12-05	2026-06-29	Pur comics Pure	戸瀬つぐみ / 寿千花	9784866698205			紹介文+書影	
name:エノキスルメ|name:フリードリヒの戦場	フリードリヒの戦場	未掲載		2	2025-07-18	2026-06-29	ガルドコミックス	上機しほ / エノキスルメ	9784824012685			紹介文+書影	済
name:あボーン|name:ネトゲの嫁が人気アイドルだった	ネトゲの嫁が人気アイドルだった	未掲載		2	2025-04-19	2026-06-29	ガルドコミックス	もっつぉ / あボーン	9784824011299			紹介文+書影	
name:玖々嶌社|name:キラキラの壊し方	キラキラの壊し方	未掲載		2	2026-01-26	2026-06-29	シリウスKC	山田大和	9784065422397			紹介文+書影	済
name:7Liquid|name:なにも理解らない	なにも理解らない	未掲載		2	2025-11-08	2026-06-29	FUZ comics	7Liquid	9784832205598			紹介文+書影	
name:ハッピーワニワニ|name:忠犬部下とツンデレ少尉	忠犬部下とツンデレ少尉	未掲載		2	2025-10-01	2026-06-27		蟹乃まよ	9784046601919			紹介文+書影	
name:イブキ16号|name:吸血鬼と人間のBL	吸血鬼と人間のBL	未掲載		2	2025-09-03	2026-06-27	Kaiohsha comics. Gush comics	イブキ16号	9784796417679			書影のみ	
name:ハッピーゼリーポンチ|name:君にかわいいと叫びたい	君にかわいいと叫びたい	未掲載		2	2025-07-15	2026-06-27		ミツコシ	9784046602558			紹介文+書影	
name:YUNOKI|name:古都古書祓いの陰陽師	古都古書祓いの陰陽師	未掲載		2	2025-09-10	2026-06-27	MFコミックス. ジーンシリーズ	YUNOKI / ウカラガウ	9784046603005			紹介文+書影	済
name:髙橋碁飯|name:ダイダラ	ダイダラ	未掲載		4	2025-05-07	2026-06-27	HCヒーローズコミックス	髙橋碁飯	9784868050667			書影のみ	
name:有馬ツカサ|name:ソラノヤ	ソラノヤ	未掲載		2	2025-04-23	2026-06-27	ヒーローズコミックスふらっと	餅田まか	9784868050612			書影のみ	済
name:合鴨ミケランジェロ|name:ふたりのけもの	ふたりのけもの	未掲載		2	2025-12-02	2026-06-27		合鴨ミケランジェロ	9784046601902			紹介文+書影	
name:ふに無9|name:303号室の神さま	303号室の神さま	未掲載		2	2025-06-28	2026-06-27		ふに無9	9784046602541			紹介文+書影	済
name:二重いち実|name:顔も思い出せない婚約者に、婚約解消を提案しましたが	顔も思い出せない婚約者に、婚約解消を提案しましたが	未掲載		2	2025-07-01	2026-06-22	ブリーゼコミックス	瑪々子 / 二重いち実	9784799220641			紹介文+書影	
name:梅原うめ|name:転生少女の底辺から始める幸せスローライフ	転生少女の底辺から始める幸せスローライフ	未掲載		2	2025-12-08	2026-06-22	Ride Comics	秋作	9784867168691			紹介文+書影	
name:かのん1988-|name:悪役令嬢はもう全部が嫌になったので、記憶喪失のふりをすることにした	悪役令嬢はもう全部が嫌になったので、記憶喪失のふりをすることにした	未掲載		2	2025-04-05	2026-06-22	ブリーゼコミックス	かのん / ゆずまんじゅう	9784799220337			紹介文+書影	済
name:幹藻ねずみ|name:実家に帰ったら甘やかされ生活が始まりました	実家に帰ったら甘やかされ生活が始まりました	未掲載		2	2024-09-06	2026-06-22	PASH!COMICS	しめさば / 幹藻ねずみ	9784391163322			紹介文+書影	
name:佐崎咲|name:子ども扱いしないでください!	子ども扱いしないでください!	未掲載		2	2025-10-27	2026-06-22	Regina COMICS	十屋つぐみ / 佐崎咲	9784434364570			紹介文+書影	済
name:ぽふぽふ|name:収納魔法が切実に欲しいと願っていたら、転生してしまった	収納魔法が切実に欲しいと願っていたら、転生してしまった	未掲載		2	2026-01-26	2026-06-22	GAコミック	狐豆 / ぽふぽふ	9784815630294			紹介文+書影	
name:シリ崎|name:俺のこと、好きにならないでね。	俺のこと、好きにならないでね。	未掲載		2	2025-10-13	2026-06-22	CITR COMICS	シリ崎	9784823609251			書影のみ	済
name:仲邑エンジツ|name:ムジナとミサキ	ムジナとミサキ	未掲載		2	2025-08-06	2026-06-22	YKコミックス	仲邑エンジツ	9784785980078			紹介文+書影	済
name:春雷|name:ダンジョンを造ろう	ダンジョンを造ろう	未掲載		2	2025-03-31	2026-06-22	ヴァルキリーコミックス	大盛無量 / くりきまる	9784799220177			紹介文+書影	済
name:篠崎ゆうま|name:わたくし、恋愛結婚がしたいんです。	わたくし、恋愛結婚がしたいんです。	未掲載		2	2025-03-31	2026-06-22	ブリーゼコミックス	篠崎ゆうま / 青柳朔	9784799220221			紹介文+書影	済
name:ソルレダ|name:ATMおじさん	ATMおじさん	未掲載		2	2026-03-23	2026-06-22	ヴァルキリーコミックス	林達永 / ソルレダ	9784799221426			紹介文+書影	
name:なんじゃもんじゃ|name:隠れ転生勇者	隠れ転生勇者	未掲載		2	2025-07-15	2026-06-20	MFC	なんじゃもんじゃ / 佐々川いこ	9784046601834			紹介文+書影	済
name:黒川裕美|name:贋 まがいもの	贋 まがいもの	未掲載		2	2025-07-15	2026-06-20	HARTA COMIX	よした	9784045000577			紹介文+書影	
name:榛名丼|name:薬売りの聖女	薬売りの聖女	未掲載		2	2025-07-15	2026-06-20	フロースコミック	鳴原千 / 榛名丼	9784046602954			紹介文+書影	済
name:佐藤宮|name:船長、問題ありません!	船長、問題ありません!	未掲載		2	2025-10-08	2026-06-20	HARTA COMIX	永吉美幸	9784045001147			紹介文+書影	済
name:T.I.Corp|name:老境博徒伝Soga	老境博徒伝Soga	未掲載		2	2025-09-03	2026-06-20	Kindai mahjong comics = 近代麻雀comics	さのさくら / T.I.Corp / 春壱	9784801987470			紹介文+書影	済
name:剃り残し|name:立ち飲み居酒屋でクーデレダウナー系女子大生が隣に来る話	立ち飲み居酒屋でクーデレダウナー系女子大生が隣に来る話	未掲載		2	2026-02-16	2026-06-20	ガンガンコミックスup!	剃り残し / 大窪太一	9784301003106			紹介文+書影	
name:弓きいろ|name:空の中	空の中	未掲載		2	2025-12-29	2026-06-20	花とゆめCOMICS. 自衛隊三部作シリーズ	有川浩 / 弓きいろ	9784592231011			紹介文+書影	済
name:八緒あいら|name:私は生贄のはずですが	私は生贄のはずですが	未掲載		2	2026-01-09	2026-06-20	ガンガンコミックスup!	灰音アサナ / 八緒あいら	9784301002604			紹介文+書影	済
name:御城夏|name:王たる股冠の輝きよ	王たる股冠の輝きよ	未掲載		2	2026-03-11	2026-06-20	ガンガンコミックスjoker	御城夏 / 綿和わた	9784301004035			紹介文+書影	
name:柊一葉|name:悪役令嬢はシナリオを知らない	悪役令嬢はシナリオを知らない	未掲載		2	2025-04-09	2026-06-20	KCx	柊一葉 / 藍川さくら	9784065392034			紹介文+書影	済
name:三沢ケイ|name:後宮の影公主	後宮の影公主	未掲載		2	2026-02-02	2026-06-20	フラワーコミックスα	栗美あい / ナフセ	9784098733682			紹介文+書影	済
name:谷原光|name:弾丸ビースト!	弾丸ビースト!	未掲載		2	2024-01	2026-06-20	ガンガンコミックスonline	谷原光	9784301005858			紹介文+書影	
name:ウシハシル|name:幼なじみはいつも先走る	幼なじみはいつも先走る	未掲載		2	2025-03-03	2026-06-20	YKコミックス	吉宗	9784785978655			紹介文+書影	済
name:活又ひろき|name:寡黙だけどめちゃくちゃノリの良い黒猫ちゃん	寡黙だけどめちゃくちゃノリの良い黒猫ちゃん	未掲載		2	2026-02-16	2026-06-20	ガンガンコミックスpixiv	活又ひろき	9784301003342			紹介文+書影	済
name:佐崎咲|name:奪ったのではありません、お姉様が捨てたのです	奪ったのではありません、お姉様が捨てたのです	未掲載		2	2025-09-27	2026-06-20	KCx	佐崎咲 / 紫彗冷泉	9784065408223			紹介文+書影	
name:Marita|name:君に贈るキヅタ	君に贈るキヅタ	未掲載		3	2025-09-27	2026-06-20	ジーンLINEコミックス	Marita	9784046600981			紹介文+書影	済
name:稚丸イトコ|name:初恋の少年は冷徹騎士に豹変していました	初恋の少年は冷徹騎士に豹変していました	未掲載		2	2025-12-02	2026-06-20	フロースコミック	雨咲はな / ひので淘汰	9784046601773			紹介文+書影	
name:はづきけい|name:元カノ先生は、ちょっぴりエッチな家庭訪問できみとの愛を育みたい。	元カノ先生は、ちょっぴりエッチな家庭訪問できみとの愛を育みたい。	未掲載		2	2025-03-19	2026-06-20	HJコミックス	猫又ぬこ / 七谷八尋	9784798637761			紹介文+書影	済
name:園内かな|name:傾国の美姫はステータス変更で素手喧嘩無敗になりました	傾国の美姫はステータス変更で素手喧嘩無敗になりました	未掲載		2	2026-03-06	2026-06-20	フラワーコミックスα	園内かな / 小呉みお	9784098733903			紹介文+書影	
name:夏河もか|name:グランアヴェール	グランアヴェール	未掲載		2	2025-10-01	2026-06-20	HJコミックス	ほなみ彩 / 神岡鳥乃	9784798638812			紹介文+書影	済
name:兎屋ドットコム|name:クラスで一番かわいいギャルを餌付けしている話	クラスで一番かわいいギャルを餌付けしている話	未掲載		2	2025-10-08	2026-06-20	ガンガンコミックスup!	白乃友 / QKP	9784301000877			紹介文+書影	
name:黒坂錬|name:キラーズファミリア	キラーズファミリア	未掲載		2	2025-10-08	2026-06-20	ガンガンコミックス	QKP	9784301001164			紹介文+書影	
name:カバー株式会社|name:ウェスタdeクッキング	ウェスタdeクッキング	未掲載		2	2025-05-30	2026-06-20	ガンガンコミックスup!	ヨハネ / カバー株式会社	9784301004905			紹介文+書影	済
name:酉村|name:はじめまして#初恋配信中	はじめまして#初恋配信中	未掲載		2	2026-03-27	2026-06-20	ヤングガンガンコミックス	竹輪つぼみ	9784301004172			紹介文+書影	済
name:中島直俊|name:聖女ルネスと獣の少年	聖女ルネスと獣の少年	未掲載		2	2025-09-20	2026-06-15	SDC YLシリーズ / 異世界SDC	中島直俊 / 秋乃茉莉	9784867781852			書影のみ	済
name:東雲pub.|name:バニーナイト・トリートメント	バニーナイト・トリートメント	未掲載		2	2026-03-16	2026-06-15	ビッグコミックス	熊雪ふる	9784098637768			紹介文+書影	済
name:越谷美咲|name:香港ネクロポリス	香港ネクロポリス	未掲載		2	2025-11-22	2026-06-13	HARTA COMIX	越谷美咲	9784045001123			紹介文+書影	
name:ましろ雪|name:藤堂秘書は今日も塩対応	藤堂秘書は今日も塩対応	未掲載		2	2026-02-02	2026-06-13	プチコミックフラワーコミックスα	ましろ雪	9784098733484			紹介文+書影	済
name:桃缶|name:花見小路北日記	花見小路北日記	未掲載		2	2025-06-14	2026-06-13	マーガレットコミックス	西海ミナト	9784088431499			紹介文+書影	済
name:宮之みやこ|name:聖女が来るから「君を愛することはない」と言われたのでお飾り王妃に徹していたら、聖女が5歳だったので全力で愛します!!	聖女が来るから「君を愛することはない」と言われたのでお飾り王妃に徹していたら、聖女が5歳だったので全力で愛します!!	未掲載		2	2025-05-30	2026-06-13	MGC. Web comic beat's series	宮之みやこ / 桛深ビスホ	9784800015976			紹介文+書影	済
name:ねこまき|name:深夜3時のくろねこ喫茶	深夜3時のくろねこ喫茶	未掲載		2	2025-10-03	2026-06-13	OZ comics	ねこまき	9784813795155			紹介文+書影	済
name:三ツ矢彰|name:法の番人は守る世界を選べない	法の番人は守る世界を選べない	未掲載		2	2025-03-19	2026-06-13	モーニングKC	師走トオル / 三ツ矢彰	9784065387948			紹介文+書影	済
name:北駒生|name:書くなる我ら	書くなる我ら	未掲載		2	2025-11-15	2026-06-13	モーニングKC	北駒生	9784065414378			紹介文+書影	済
name:梅星あやめ|name:悪役令嬢はスローライフをエンジョイしたい!	悪役令嬢はスローライフをエンジョイしたい!	未掲載		2	2025-11-08	2026-06-13	isekai f	夕薙 / 雨宮れん	9784838733620			紹介文+書影	済
name:無機質|name:怪しいおまわりさん	怪しいおまわりさん	未掲載		2	2025-04-12	2026-06-13	ヤングジャンプコミックス	無機質	9784088936369			紹介文+書影	
name:あずまたま|name:左遷された第三王女は『辺境改革』を始めます!!	左遷された第三王女は『辺境改革』を始めます!!	未掲載		2	2025-06-14	2026-06-13	ヤングジャンプコミックス	日之影ソラ / あずまたま	9784088937298			紹介文+書影	済
name:イズミダフユキ|name:夜鷹ふたたび	夜鷹ふたたび	未掲載		2	2026-03-13	2026-06-13	モーニングKC	星海ユミ	9784065422533			紹介文+書影	済
name:倉瀬しの|name:夜を教えて千夜来くん	夜を教えて千夜来くん	未掲載		2	2026-02-23	2026-06-13	マーガレットコミックス	辰川皐	9784088432410			紹介文+書影	済
name:雨田青|name:ミライライフライ	ミライライフライ	未掲載		2	2025-07-11	2026-06-13	アフタヌーンKC	雨田青	9784065400470			紹介文+書影	
name:美波はるこ|name:ブラックリストの食えない男	ブラックリストの食えない男	未掲載		2	2025-10-17	2026-06-13	office YOU COMICS	美波はるこ	9784420154925			紹介文+書影	済
name:座紀光倫|name:ナースの取扱説明書	ナースの取扱説明書	未掲載		2	2026-02-09	2026-06-13	モーニングKC	座紀光倫	9784065426845			紹介文+書影	済
name:saku漫画家|name:グランニューデイズ	グランニューデイズ	未掲載		2	2026-01-09	2026-06-13	集英社ホームコミックス. オギャー!!	saku漫画家	9784834233506			紹介文+書影	済
name:烏丸紫明|name:わたくしに恋してください!	わたくしに恋してください!	未掲載		2	2025-12-02	2026-06-13	フロースコミック	花形怜 / 鳥羽井ゆせん	9784046601742			紹介文+書影	済
name:スガレオン|name:ぼくの壊れた正義はループする異世界で愛と罪を天秤にかける	ぼくの壊れた正義はループする異世界で愛と罪を天秤にかける	未掲載		2	2025-06-21	2026-06-13	ヤングジャンプコミックス	すずの木くろ / スガレオン	9784088937205			紹介文+書影	済
name:髙井野花|name:ひとくちちょうだい	ひとくちちょうだい	未掲載		2	2026-04-15	2026-06-13	ヤンマガKC		9784065424704			紹介文+書影	
name:伊藤ゆうた|name:さよなら僕のアイドル	さよなら僕のアイドル	未掲載		2	2026-03-13	2026-06-13	ヤングジャンプコミックス	伊藤ゆうた	9784088940922			紹介文+書影	
name:Hagane|name:KRAKEN MARE	KRAKEN MARE	未掲載		2	2025-10-15	2026-06-13	アフタヌーンKC	原正人 / Izu	9784065409336			紹介文+書影	済
name:秋山花緒|name:限界保育士と育児疲れの魔王様	限界保育士と育児疲れの魔王様	未掲載		2	2026-03-09	2026-06-08	Daitosha comic. Daito comics BLシリーズ	秋山花緒	9784864957908			紹介文+書影	
name:工藤える|name:江口さんちの純情サキュバス	江口さんちの純情サキュバス	未掲載		2	2025-06-30	2026-06-08	Manga time KR comics. Kirara menu	工藤える	9784832296404			紹介文+書影	済
name:tomomo|name:嘘つきウルフは淫魔と踊る	嘘つきウルフは淫魔と踊る	未掲載		2	2026-06-08	2026-06-08	ジュネットコミックス	mononofu	9784910582887			書影のみ	済
name:かなたるい|name:黒歴史クラブ	黒歴史クラブ	未掲載		2	2025-10-17	2026-06-06	KCデラックス	Jagae	9784065409619			紹介文+書影	
name:猫にゃん|name:魔法少女イナバ	魔法少女イナバ	未掲載		2	2025-11-15	2026-06-06	ブシロードコミックス	猫にゃん	9784048997805			紹介文+書影	済
name:小森てん|name:魅了持ちの姉に奪われる人生はもう終わりにします	魅了持ちの姉に奪われる人生はもう終わりにします	未掲載		2	2025-12-12	2026-06-06	BF COMICS	鈴宮 / 小森てん	9784813765318			紹介文+書影	
name:サウロ|name:鬼条院家の花嫁	鬼条院家の花嫁	未掲載		2	2026-03-06	2026-06-06	Crape comics	サウロ	9784434370281			紹介文+書影	済
name:慧|name:離婚前提で結婚しました	離婚前提で結婚しました	未掲載		2	2025-09-27	2026-06-06	あすかコミックスCL-DX	慧	9784041165744			紹介文+書影	済
name:もーりんもも|name:転生した私は幼い女伯爵	転生した私は幼い女伯爵	未掲載		2	2025-11-15	2026-06-06	角川コミックス・エース	初野ふみの / もーりんもも	9784041165546			紹介文+書影	済
name:緒之|name:身の程知らずのシンデレラ	身の程知らずのシンデレラ	未掲載		2	2025-11-08	2026-06-06	角川コミックス・エース. Comic Aily	緒之	9784041167977			紹介文+書影	
name:ひので淘汰|name:誰もシナリオ通りに動いてくれないんですけど!	誰もシナリオ通りに動いてくれないんですけど!	未掲載		2	2025-12-02	2026-06-06	ビーズログコミックス	ひので淘汰 / 貴志葵	9784045000782			紹介文+書影	
name:浮足|name:終のおもまる	終のおもまる	未掲載		2	2026-02-16	2026-06-06	ヤンマガKC	一二野蚕糸	9784065423691			紹介文+書影	済
name:浦町くたり|name:私の推しは地下にいる。	私の推しは地下にいる。	未掲載		2	2025-04-23	2026-06-06	Poe backs. Be comics	浦町くたり	9784865898309			書影のみ	
name:六山葵|name:没落した貴族家に拾われたので恩返しで復興させます	没落した貴族家に拾われたので恩返しで復興させます	未掲載		2	2025-11-08	2026-06-06	アルファポリスCOMICS	六山葵 / 海咲ねむる	9784434368080			紹介文+書影	
name:ぽん|name:拾ったものは大切にしましょう	拾ったものは大切にしましょう	未掲載		2	2025-10-10	2026-06-06	アルファポリスCOMICS	葉来緑 / ぽん	9784434366437			紹介文+書影	済
name:チャトラン|name:恋をした優等生の悪魔的な変貌について	恋をした優等生の悪魔的な変貌について	未掲載		2	2025-09-27	2026-06-06	ビーズログコミックス	瀧本羊子 / チャトラン	9784045000775			紹介文+書影	
name:にじいろ|name:彼女はNOの翼を持っている	彼女はNOの翼を持っている	未掲載		2	2025-06-14	2026-06-06		ツルリンゴスター / にじいろ	9784575440911			紹介文+書影	済
name:FTops|name:弱者男子と魔法恥女	弱者男子と魔法恥女	未掲載		2	2025-06-04	2026-06-06	ドラゴンコミックスエイジ	FTops / マツリセイシロウ	9784040759586			紹介文+書影	済
name:ずおさん|name:寝取られ追放された最強騎士団長のおっさん、片田舎で英雄に祭り上げられる	寝取られ追放された最強騎士団長のおっさん、片田舎で英雄に祭り上げられる	未掲載		2	2025-10-24	2026-06-06	モンスターコミックス	炭基研 / 海星 / ずおさん	9784575422719			紹介文+書影	済
qid:Q17572|name:大長編ドラえもんのび太の海底鬼岩城	大長編ドラえもんのび太の海底鬼岩城	未掲載		2	2026-04-18	2026-06-06	 / てんとう虫コミックスワイドスペシャル	藤子・F・不二雄	9784091795090		daichouhen-doraemon	未取得	済
name:ゑむ|name:型録通販から始まる、追放令嬢のスローライフ	型録通販から始まる、追放令嬢のスローライフ	未掲載		2	2025-11-08	2026-06-06	アルファポリスCOMICS	雫 / 呑兵衛和尚1967-	9784434368073			紹介文+書影	
name:峠乃あかり|name:坊ちゃん、困ります!	坊ちゃん、困ります!	未掲載		2	2025-08-22	2026-06-06	Manga time comics	峠乃あかり	9784832210325			紹介文+書影	済
name:タコヤキロック|name:俺が異世界のご主人さま!?	俺が異世界のご主人さま!?	未掲載		2	2025-07-08	2026-06-06	ドラゴンコミックスエイジ	タコヤキロック	9784040760056			紹介文+書影	
name:Dpub. 2024|name:人生逆転	人生逆転	未掲載		2	2025-11-15	2026-06-06	角川コミックス・エース	いかぐちえい / Dpub. 2024	9784041169216			紹介文+書影	
name:友野紅子|name:二度目の人生、〈元〉罪悪の聖女は前世で少年だった冷徹皇帝に拾われる	二度目の人生、〈元〉罪悪の聖女は前世で少年だった冷徹皇帝に拾われる	未掲載		2	2026-02-16	2026-06-06	BF COMICS	友野紅子 / オクスツネハル	9784813765639			紹介文+書影	済
name:成瀬ヨリ|name:七海くんの不健全な妄想癖	七海くんの不健全な妄想癖	未掲載		2	2026-03-06	2026-06-06	Glanz BLcomics	成瀬ヨリ	9784434370311			紹介文+書影	済
name:ばーど|name:ホーリーアンデッド	ホーリーアンデッド	未掲載		2	2025-10-10	2026-06-06	KNコミックス	ばーど / 東条さかな	9784801553026			紹介文+書影	
name:千悟センゴ|name:ブルーオーシャンインジアイズ	ブルーオーシャンインジアイズ	未掲載		2	2025-08-29	2026-06-06	角川コミックス・エース	篠原とも	9784041164143			紹介文+書影	済
name:勝見ふうたろー|name:ナイト・リセット・キロポスト	ナイト・リセット・キロポスト	未掲載		2	2026-01-09	2026-06-06	カドコミ	勝見ふうたろー	9784048117647			紹介文+書影	
name:小森薫|name:サブスクイケメンの恋愛指導	サブスクイケメンの恋愛指導	未掲載		2	2025-11-08	2026-06-06	角川コミックス・エース. Comic Aily	小森薫	9784041167960			紹介文+書影	済
name:市川なつを|name:むぎのはな～shared life is beautiful～	むぎのはな～shared life is beautiful～	未掲載		2	2025-07-08	2026-06-06	カドコミ	市川なつを	9784048115384			紹介文+書影	済
name:壱|name:ぶっ壊れ世界で死んだ時	ぶっ壊れ世界で死んだ時	未掲載		2	2026-03-20	2026-06-06	ヤンマガKC	壱	9784065428085			紹介文+書影	済
name:榊原宗々|name:じゃあ、君の代わりに殺そうか?～プリクエル〈前日譚〉～	じゃあ、君の代わりに殺そうか?～プリクエル〈前日譚〉～	未掲載		4	2024-09-06	2026-06-06	ヤングチャンピオン・コミックス	蔵人健吾 / 月並甲介	9784253003995			未取得	済
qid:Q115529084|name:きみと一緒に通いたい	きみと一緒に通いたい	未掲載		2	2026-04-20	2026-06-06	YOUNG ANIMAL COMICS	うおやま	9784592160366			紹介文+書影	済
name:大福金|name:お人好し底辺テイマーがSSSランク聖獣たちともふもふ無双する	お人好し底辺テイマーがSSSランク聖獣たちともふもふ無双する	未掲載		2	2025-09-27	2026-06-06	アルファポリスCOMICS	大福金 / 海星なび	9784434364433			紹介文+書影	
name:はうあゆ|name:あまねくシグナル	あまねくシグナル	未掲載		2	2026-01-09	2026-06-06	Manga time KR comics. Kirara menu	はうあゆ	9784832296909			紹介文+書影	
name:こんぱる|name:あなたの妹	あなたの妹	未掲載		2	2025-11-15	2026-06-06	ヤンマガKC	こんぱる / ふじしまペポ	9784065376164			紹介文+書影	済
name:ネコクロ|name:「幼馴染みがほしい」と呟いたらよく一緒に遊ぶ女友達の様子が変になったんだが	「幼馴染みがほしい」と呟いたらよく一緒に遊ぶ女友達の様子が変になったんだが	未掲載		2	2025-06-14	2026-06-06	NOVA COMICS	乃々木じぐ / ネコクロ	9784824204417			紹介文+書影	済
name:姫川明|name:KAMUDO	KAMUDO	未掲載		2	2025-10-03	2026-06-06	SHONEN SUNDAY COMICS SPECIAL	姫川明	9784098543021			紹介文+書影	済
name:南部ゼロイチ|name:100年の推し	100年の推し	未掲載		3	2026-04-18	2026-06-06	彗星社コミックス	南部ゼロイチ	9784434370953			紹介文+書影	済
name:緒二葉|name:魔物喰らい	魔物喰らい	未掲載		2	2025-10-01	2026-06-03	電撃コミックスNEXT	緒二葉 / 飴井涼	9784049167450			紹介文+書影	
name:雨宮榮子|name:私の幼馴染はなにかおかしい	私の幼馴染はなにかおかしい	未掲載		2	2025-11-22	2026-06-03	PRINCESS COMICSプチプリ	雨宮榮子	9784253006835			紹介文+書影	済
name:毒田ペパ子|name:或いは、私の名探偵	或いは、私の名探偵	未掲載		2	2025-12-02	2026-06-03	MFCキューンシリーズ	毒田ペパ子	9784046602855			紹介文+書影	済
name:オズノらいおん|name:寿司(銀)捕物帖	寿司(銀)捕物帖	未掲載		2	2025-12-09	2026-06-03	SPコミックス	お文具 / 風野真知雄	9784845870417			紹介文+書影	済
name:奏多えい|name:妹と結婚相手を交換することにした	妹と結婚相手を交換することにした	未掲載		2	2025-05-04	2026-06-03	クロフネcomics. くろふねピクシブ / クロフネcomics. くろふねピクシブシリーズ	雪兎ざっく / 奏多えい	9784799772294			紹介文+書影	済
name:Y. A|name:八男って、それはないでしょう!みそっかす-episode.エリーゼ-	八男って、それはないでしょう!みそっかす-episode.エリーゼ-	未掲載		2	2025-11-29	2026-06-03	電撃コミックスNEXT	Y.A / 理系女ちゃん	9784049168167		hachinan-tte-sore-wa-nai-deshou	未取得	済
name:ぬずタニ|name:二番目な僕と一番の彼女	二番目な僕と一番の彼女	未掲載		2	2025-12-02	2026-06-03	MFコミックス. アライブ+シリーズ	ぬずタニ / 千堂みくま	9784048117104			紹介文+書影	
name:はる桜菜|name:バンダマ	バンダマ	未掲載		2	2024-12-10	2026-06-03	電撃コミックスNEXT	はる桜菜	9784049161359			紹介文+書影	済
name:ジェームズ・リッチマン|name:バスタード・ソードマン	バスタード・ソードマン	未掲載		2	2025-11-29	2026-06-03	電撃コミックスNEXT	マスクザJ / ジェームズ・リッチマン	9784049167887			紹介文+書影	
name:伊藤あまね|name:ほぼニートな俺が司書の先生に恋をしました	ほぼニートな俺が司書の先生に恋をしました	未掲載		2	2025-04-23	2026-06-03	MFCジーンピクシブシリーズ	伊藤あまね	9784046846082			紹介文+書影	
name:ゆとりーぬ|name:ちりこ先輩は溜まっている。	ちりこ先輩は溜まっている。	未掲載		2	2025-09-10	2026-06-03	電撃コミックスNEXT	ゆとりーぬ	9784049166958			紹介文+書影	済
name:綱本将也|name:ATLANTA 1996	ATLANTA 1996	未掲載		2	2026-02-23	2026-06-03	ヤングチャンピオン・コミックス	綱本将也 / 谷嶋イサオ	9784253010290			紹介文+書影	済
name:久宝忠|name:水属性の魔法使い第2部@COMIC	水属性の魔法使い第2部@COMIC	未掲載		2	2025-10-06	2026-06-01	コロナ・コミックス	久宝忠 / 大嶌カヲル	9784867946923			紹介文+書影	済
name:カルロ・ゼン|name:星なき世界の案内人	星なき世界の案内人	未掲載		2	2025-10-24	2026-05-29	モーニングKC	初嘉屋一生 / カルロ・ゼン	9784065410226			紹介文+書影	済
name:夜凪|name:森の端っこのちび魔女さん@COMIC	森の端っこのちび魔女さん@COMIC	未掲載		2	2025-02-03	2026-05-27	コロナ・コミックス	夜凪 / 藤村あゆみ	9784867944103			紹介文+書影	済
name:ふじさわ犬一|name:奴隷に鍛えられる異世界生活@COMIC	奴隷に鍛えられる異世界生活@COMIC	未掲載		2	2025-06-09	2026-05-27	コロナ・コミックス	ふじさわ犬一 / 路地裏の茶屋	9784867945650			紹介文+書影	
name:西崎ありす|name:商人令嬢はお金の力で無双する@COMIC	商人令嬢はお金の力で無双する@COMIC	未掲載		2	2025-08-18	2026-05-27	コロナ・コミックス	蒼乃ロゼ	9784867946237			紹介文+書影	
name:黒井よだか|name:魔女の犬	魔女の犬	未掲載		2	2024-05	2026-05-25	& / Kaiohsya comics. &. emo comics	黒井よだか	9784796416580			紹介文+書影	
name:俵京平|name:金のなる森	金のなる森	未掲載		2	2026-02-23	2026-05-25	ジャンプコミックス	坂本遊也	9784088848518			紹介文+書影	済
name:みやのより|name:身体を奪われたわたしと、魔導師のパパ	身体を奪われたわたしと、魔導師のパパ	未掲載		2	2024-09-06	2026-05-25	ポルカコミックス	池中織奈 / みやのより	9784824202277			紹介文+書影	済
name:しもくら|name:巻き添えで異世界召喚されたおれは、最強騎士団に拾われる	巻き添えで異世界召喚されたおれは、最強騎士団に拾われる	未掲載		2	2025-08-08	2026-05-25	&arche COMICS	しもくら / 滝こざかな	9784434362446			紹介文+書影	
name:岩崎優次|name:呪術廻戦≡	呪術廻戦≡	未掲載		3	2026-01-26	2026-05-25	ジャンプコミックス	芥見下々 / 岩崎優次	9784088848327		jujutsu-kaisen	未取得	済
name:中村猫|name:侯爵家の次女は姿を隠す	侯爵家の次女は姿を隠す	未掲載		2	2025-11-08	2026-05-25	ガルドコミックス	中村猫 / 乾しろ	9784824014269			紹介文+書影	
name:下元朗|name:ガチャンキイ	ガチャンキイ	未掲載		2	2026-02-23	2026-05-25	ジャンプコミックス	古屋こう	9784088848969			紹介文+書影	済
name:伊達きよ|name:アズラエル家の次男は半魔	アズラエル家の次男は半魔	未掲載		2	2025-10-03	2026-05-25	&arche COMICS	ちま / 長与エリ子	9784434363061			紹介文+書影	
name:宮部サチ|name:ぼっちが集まってバイキング行ってみた	ぼっちが集まってバイキング行ってみた	未掲載		2	2025-10-03	2026-05-25	芳文社コミックス		9784832205536			紹介文+書影	
name:みなぱか|name:6億年の博物旅	6億年の博物旅	未掲載		2	2025-08-15	2026-05-25	Manga time KR comics. Kirara menu	みなぱか / FiorManuele	9784832296541			紹介文+書影	
name:新島なるい|name:白銀のキュイジーヌ	白銀のキュイジーヌ	未掲載		2	2025-10-01	2026-05-22	KCDX. 週刊少年マガジン	新島なるい	9784065407110			紹介文+書影	済
name:前澤のーん|name:死亡確定令嬢による華麗なる生存戦略	死亡確定令嬢による華麗なる生存戦略	未掲載		2	2025-11-22	2026-05-22	KCx	前澤のーん / 浦埜スオ	9784065415092			紹介文+書影	
name:あしや稚浩|name:未熟な魔法使いと僕	未熟な魔法使いと僕	未掲載		2	2025-08-22	2026-05-22	Bamboo comics	あしや稚浩	9784801987364			紹介文+書影	済
name:木公田つかさ|name:彗星乙女後宮伝	彗星乙女後宮伝	未掲載		2	2025-10-08	2026-05-22	KCx	江本マシメサ / 黒城	9784065412060			紹介文+書影	済
name:サノマリナ|name:小さな星のダイニングクチーナ・ルーチェ	小さな星のダイニングクチーナ・ルーチェ	未掲載		2	2025-08-20	2026-05-22	シルフコミックス	林シホ / サノマリナ	9784049165852			紹介文+書影	済
name:佐久間葉|name:夏の終わりに君が死ねば完璧だったから	夏の終わりに君が死ねば完璧だったから	未掲載		2	2025-07-22	2026-05-22	角川コミックス・エース	本間ぴるぱ / 佐久間葉	9784041164006			紹介文+書影	
name:夢咲まゆ|name:パーティーをクビになったので、「良成長」スキルを駆使して牧場でもふもふスローライフを送ろうと思います!	パーティーをクビになったので、「良成長」スキルを駆使して牧場でもふもふスローライフを送ろうと思います!	未掲載		2	2025-10-24	2026-05-22	Kyun comics. Maomao	夢咲まゆ / 玉野南 / 酒井サユリ	9784774733029			紹介文+書影	済
name:気まぐれ|name:ハズレスキルが覚醒したので、虐げられた過去を自由な人生に反転します!	ハズレスキルが覚醒したので、虐げられた過去を自由な人生に反転します!	未掲載		2	2026-01-16	2026-05-22	角川コミックス・エース	真鍋陽 / 気まぐれ	9784041167496			紹介文+書影	
name:加藤文孝|name:スーパートリアージ	スーパートリアージ	未掲載		2	2026-01-02	2026-05-22	ヤンマガKC	加藤文孝	9784065411803			紹介文+書影	済
name:katoson|name:ジゼルの錬金飴	ジゼルの錬金飴	未掲載		2	2025-07-25	2026-05-22	HJコミックス	端桜了 / 斯波	9784798638911			紹介文+書影	済
name:遠野人夏|name:やちるさんはほめるとのびる	やちるさんはほめるとのびる	未掲載		2	2025-07-25	2026-05-22	ヤンマガKC	浪川修作	9784065401941			紹介文+書影	済
name:しらほし卯乃|name:ひまちゃんと天国の面接	ひまちゃんと天国の面接	未掲載		2	2025-09-27	2026-05-22	KITORA	しらほし卯乃	9784043300310			紹介文+書影	
name:サカイタカヒロ|name:あかつきのヒマリとくま	あかつきのヒマリとくま	未掲載		2	2025-11-15	2026-05-22	MFC	nao1990-	9784046601100			紹介文+書影	
name:鷹条色s|name:間違い勇者の選択	間違い勇者の選択	未掲載		2	2022-10	2026-05-18	ヴァルキリーコミックス	鷹条色s	9784799216903			紹介文+書影	済
name:インバーターエアコン|name:苦節四年、理想の聖女を演じるのに疲れました	苦節四年、理想の聖女を演じるのに疲れました	未掲載		2	2025-11-01	2026-05-18	モンスターコミックスf	インバーターエアコン / 蜂蓮花マルモ	9784575422764			紹介文+書影	
name:八針来夏|name:肥満令嬢は細くなり、後は傾国の美女〈物理〉として生きるのみ@COMIC	肥満令嬢は細くなり、後は傾国の美女〈物理〉として生きるのみ@COMIC	未掲載		2	2025-07-25	2026-05-18	コロナ・コミックス	宇斗リクツ / ケルビム	9784867946077			紹介文+書影	済
name:久保田美冬|name:聖女様になりたいのに攻撃魔法しか使えないんですけど!?	聖女様になりたいのに攻撃魔法しか使えないんですけど!?	未掲載		2	2025-11-24	2026-05-18	Ride Comics	よした / 久保田美冬	9784867168622			紹介文+書影	
name:七菱ヒロ|name:獣は贄に愛されたい	獣は贄に愛されたい	未掲載		2	2026-05-15	2026-05-18	Shusui digital comics BLシリーズ	七菱ヒロ	9784867782354			紹介文+書影	済
name:はやほし|name:爆乳たちに追放されたが戻れと言われても、もう遅……戻りましゅぅぅ!	爆乳たちに追放されたが戻れと言われても、もう遅……戻りましゅぅぅ!	未掲載		2	2025-08-01	2026-05-18	Ride Comics	海老名えび / はやほし	9784867167953			紹介文+書影	
name:照屋太郎|name:烏哭村-カラスナキムラ-	烏哭村-カラスナキムラ-	未掲載		2	2025-12-26	2026-05-18	ビッグコミックス	照屋太郎	9784098636525			紹介文+書影	
name:光用千春|name:次の整理	次の整理	未掲載		2	2025-04-14	2026-05-18	ビッグコミックス	光用千春	9784098633821			紹介文+書影	
name:四方井ぬい|name:探鉱ドワーフめしをくう。	探鉱ドワーフめしをくう。	未掲載		2	2025-08-08	2026-05-18		BPUG	9784781624815			紹介文+書影	済
name:佐和井ムギ|name:悪の令嬢と十二の瞳	悪の令嬢と十二の瞳	未掲載		2	2025-10-03	2026-05-18	ガルドコミックス	花房夜空 / 駄犬	9784824013828			紹介文+書影	済
name:ソラジマ|name:君主様に胸やけ	君主様に胸やけ	未掲載		2	2025-06-16	2026-05-18	LAKE	ソラジマ / 奥田たすく	9784758019927			書影のみ	済
name:森下りんご|name:勘違い結婚	勘違い結婚	未掲載		2	2025-09-13	2026-05-18	ガルドコミックス	黒川彰一 / 絹莢にえり	9784824013576			紹介文+書影	
name:黒岬光|name:俺が花嫁に!?	俺が花嫁に!?	未掲載		2	2025-08-11	2026-05-18	Daitosha comic. Daito comics BLシリーズ	黒岬光	9784864957489			紹介文+書影	済
name:七夜月るな|name:会社の女上司と一緒に異世界転生して幼馴染になった	会社の女上司と一緒に異世界転生して幼馴染になった	未掲載		2	2025-04-28	2026-05-18	COMICらぐちゅう	七夜月るな / 思考機械	9784866578507			紹介文+書影	
name:tokiwa|name:世界で一番『可愛い』雨宮さん、二番目は俺。	世界で一番『可愛い』雨宮さん、二番目は俺。	未掲載		2	2025-09-29	2026-05-18	Ride Comics	編乃肌 / tokiwa	9784867168226			紹介文+書影	済
name:デンセン|name:ハイブルク家三男は小悪魔ショタです	ハイブルク家三男は小悪魔ショタです	未掲載		2	2025-08-08	2026-05-18	Ride Comics	福部たけい / デンセン	9784867168097			紹介文+書影	
name:広里かな|name:オメガポルノcase	オメガポルノcase	未掲載		2	2025-05-17	2026-05-18	ジュネットコミックス	広里かな	9784910582542		omega-porno-keesu-chiaki	未取得	済
name:あんまりひどい|name:なでるだけのお仕事です!	なでるだけのお仕事です!	未掲載		2	2024-04	2026-05-18	PASH!COMICS	あんまりひどい	9784391162097			紹介文+書影	
name:花里ひかり|name:ずっと、君だけを	ずっと、君だけを	未掲載		2	2026-05-18	2026-05-18	オパールCOMICS. kiss	川崎てつお / 花里ひかり	9784829627105			紹介文+書影	済
name:こあ|name:陽キャになった俺の青春至上主義	陽キャになった俺の青春至上主義	未掲載		2	2025-09-27	2026-05-15	ガンガンコミックスup!	持崎湯葉 / こあ	9784301000433			紹介文+書影	
name:はちのじ|name:運命だから諦めて?	運命だから諦めて?	未掲載		2	2025-09-27	2026-05-15	集英社ガールズコミックス	はちのじ	9784088552576			紹介文+書影	
name:石田万|name:遊月は猫になる	遊月は猫になる	未掲載		2	2025-10-10	2026-05-15	講談社コミックスデラックス. 月刊少年マガジン	石田万	9784065410530			紹介文+書影	済
name:日野原|name:聖女の妹の尻拭いを仰せつかった、ただの侍女でございます	聖女の妹の尻拭いを仰せつかった、ただの侍女でございます	未掲載		2	2025-11-24	2026-05-15	EARTH STAR COMICS	日野原 / 櫻田りん	9784803022094			紹介文+書影	済
name:育田花|name:王子の最恋	王子の最恋	未掲載		2	2025-12-29	2026-05-15	KCデザート	にどね杉	9784065419588			紹介文+書影	済
name:神山すむ|name:灰宮先輩は怖くてかわいい	灰宮先輩は怖くてかわいい	未掲載		2	2026-02-16	2026-05-15	ガンガンコミックスup!	大窪太一	9784301003137			紹介文+書影	
name:小野友里恵|name:ヤンキーに恋と育児はムズすぎる	ヤンキーに恋と育児はムズすぎる	未掲載		2	2026-03-23	2026-05-15	Sho-Comiフラワーコミックス	小野友里恵 / 足立原ひかり	9784098733026			紹介文+書影	
name:羊谷あく|name:デート・オア・キル	デート・オア・キル	未掲載		2	2025-12-26	2026-05-15	ガンガンコミックスonline	羊谷あく	9784301002284			紹介文+書影	
name:ソウヤ・ブン|name:ツネタ	ツネタ	未掲載		2	2026-05-15	2026-05-15	BEAM COMIX		9784045000454			紹介文+書影	
name:まるかわ|name:スマホで異世界の神になる方法	スマホで異世界の神になる方法	未掲載		2	2025-12-12	2026-05-15		まるかわ	9784575441055			紹介文+書影	済
qid:Q60627556|name:スピナーベイト	スピナーベイト	未掲載		2	2026-05-15	2026-05-15	バーズコミックススペシャル	此元和津也	9784344857742			紹介文+書影	済
name:フェイクドキュメンタリーQ|name:Q この漫画に見覚えがある方はお知らせください	Q この漫画に見覚えがある方はお知らせください	未掲載		2	2026-05-08	2026-05-15	IDコミックス. Howl comics		9784758098816			書影のみ	
name:デジタル職人株式会社|name:魔道祖師	魔道祖師	未掲載		2	2025-02-10	2026-05-08	DARIA COMICS uni	デジタル職人株式会社 / 落地成球 / 墨香銅臭	9784866578026			紹介文+書影	済
qid:Q1049526|name:銀色の路	銀色の路	未掲載		2	2026-05-08	2026-05-08	ヤングジャンプコミックス	安彦良和	9784088941653			紹介文+書影	済
name:八上マコト|name:辺境領主は大貴族に成り上がる!	辺境領主は大貴族に成り上がる!	未掲載		2	2025-06-28	2026-05-08	アルファポリスCOMICS	潮ノ海月 / 八上マコト	9784434359514			紹介文+書影	
name:こりすキョーコ|name:転生悪女の幸せ家族計画	転生悪女の幸せ家族計画	未掲載		2	2025-09-13	2026-05-08	モンスターコミックスf	こりすキョーコ / 来須みかん	9784575422375			紹介文+書影	済
name:エクスペリエンス|name:死噛	死噛	未掲載		2	2025-11-15	2026-05-08	MGC. Web comic beat's series	恵那 / エクスペリエンス	9784800016621			紹介文+書影	済
name:三日市零|name:復讐は合法的に	復讐は合法的に	未掲載		2	2025-09-06	2026-05-08	IDコミックス. Zero-sum comics	和サン / 三日市零	9784758087896			書影のみ	
name:小木とまい|name:巻き込まれて召喚された限界OL、ギルド所属の【魔物解体嬢】として奮闘中	巻き込まれて召喚された限界OL、ギルド所属の【魔物解体嬢】として奮闘中	未掲載		2	2025-11-15	2026-05-08	MGC. Web comic beat's series	小木とまい / 水都ミナト	9784800016676			紹介文+書影	済
name:野原広子|name:妻が口をきいてくれません	妻が口をきいてくれません	未掲載		2	2020-11	2026-05-08	 / 集英社文庫	野原広子	9784087448979			紹介文+書影	済
name:ソラジマ|name:北部戦士の愛しい花嫁	北部戦士の愛しい花嫁	未掲載		2	2026-05-08	2026-05-08	フロースコミック	ソラジマ	9784046600240			紹介文+書影	済
name:なまざかな|name:化物嬢ソフィのサロン	化物嬢ソフィのサロン	未掲載		2	2025-10-03	2026-05-08	MGC. Avarus series	なまざかな / 紺染幸	9784800016546			紹介文+書影	済
name:春雨ぽんた|name:勇者が召喚できません!	勇者が召喚できません!	未掲載		2	2025-11-08	2026-05-08	Ryu comics unicorn	藤井ゆずる / 春雨ぽんた	9784199509308			紹介文+書影	
name:しゅーまつ|name:伝説に残らなかった大賢者	伝説に残らなかった大賢者	未掲載		2	2025-11-15	2026-05-08	モンスターコミックス	濱重ぴかひこ / しゅーまつ	9784575422900			紹介文+書影	
name:渡辺馨|name:ミルクなきみとビターな彼	ミルクなきみとビターな彼	未掲載		2	2024-06	2026-05-08	Daria comics	渡辺馨	9784866577739			紹介文+書影	
name:家守真言|name:ノーマルガール	ノーマルガール	未掲載		2	2023-11	2026-05-08	Young jump comics	家守真言	9784088930107			紹介文+書影	
name:一色孝太郎|name:テイマー少女の逃亡日記	テイマー少女の逃亡日記	未掲載		2	2025-09-13	2026-05-08	NOVA COMICS	一色孝太郎	9784824204998			紹介文+書影	
name:IK|name:ソロキャンパーのふらっと異世界気まま旅	ソロキャンパーのふらっと異世界気まま旅	未掲載		2	2025-09-03	2026-05-08	モンスターコミックス	こごみモチコ / IK	9784575422436			紹介文+書影	
name:三ツ星しずく|name:エンドロールは地獄まで	エンドロールは地獄まで	未掲載		2	2025-10-10	2026-05-08	カドコミ	境井ラク	9784048116213			紹介文+書影	済
name:キムラましゅろう|name:わかっていますよ旦那さま。どうせ『愛する人ができた』と言うんでしょ?	わかっていますよ旦那さま。どうせ『愛する人ができた』と言うんでしょ?	未掲載		2	2025-12-26	2026-05-08	MGC. Avarus series	キムラましゅろう / 双海芽生	9784800016836			紹介文+書影	済
name:サブロー|name:鱗星くんは宇宙人	鱗星くんは宇宙人	未掲載		2	2025-08-13	2026-05-06	MFCジーンピクシブシリーズ	叫野あぎゃ / サブロー	9784046848581			紹介文+書影	
name:月曜休み|name:香港銀奇譚	香港銀奇譚	未掲載		2	2026-01-16	2026-05-06	電撃コミックスNEXT	月曜休み / 海野りょう	9784048117449			紹介文+書影	済
name:宮崎順|name:青春ブタ野郎はシスコンアイドルの夢を見ない	青春ブタ野郎はシスコンアイドルの夢を見ない	未掲載		2	2025-06-04	2026-05-06	電撃コミックスNEXT	鴨志田一 / 梶井スパナ	9784049165784			紹介文+書影	済
name:Daimaru三世|name:離縁を申し出たら溺愛されるようになりました!?	離縁を申し出たら溺愛されるようになりました!?	未掲載		2	2025-09-17	2026-05-06	クロフネcomics. くろふねピクシブ / クロフネcomics. くろふねピクシブシリーズ	Daimaru三世 / 姫沙羅	9784799774090			紹介文+書影	
name:しまづ|name:聖女先生の魔法は進んでる!	聖女先生の魔法は進んでる!	未掲載		2	2025-06-18	2026-05-06	電撃コミックスNEXT	月見秋水 / しまづ	9784049165326			紹介文+書影	
name:暁佳奈|name:春夏秋冬代行者 百歌百葉	春夏秋冬代行者 百歌百葉	未掲載		2	2024-12-27	2026-05-06	電撃コミックスNEXT	浅見百合子 / 暁佳奈	9784049161571			紹介文+書影	済
name:シチサブロー|name:夢後のグレイ	夢後のグレイ	未掲載		2	2025-09-17	2026-05-06	電撃コミックスNEXT	シチサブロー	9784049165296			紹介文+書影	
name:日佐乃ねむ|name:俺ん家が女子の溜まり場になっている件	俺ん家が女子の溜まり場になっている件	未掲載		2	2025-11-12	2026-05-06	電撃コミックスNEXT	雨音恵 / 日佐乃ねむ	9784049167924			紹介文+書影	
name:ときゎ|name:俺にだけ小悪魔な後輩は現実でも可愛いが、夢の中ではもっと可愛い	俺にだけ小悪魔な後輩は現実でも可愛いが、夢の中ではもっと可愛い	未掲載		2	2025-10-01	2026-05-06	電撃コミックスNEXT	ときゎ / 片沼ほとり	9784049167559			紹介文+書影	済
name:鯛野ニッケ|name:体感予報	体感予報	未掲載		2	2022-11	2026-05-06	ビーボーイコミックスデラックス	鯛野ニッケ	9784799760086			書影のみ	済
name:安房さとる|name:スロー・ステップ!	スロー・ステップ!	同題別著者(要確認)		2	2025-09-03	2026-05-06	MFコミックス. アライブ+シリーズ	安房さとる	9784048116275			未取得	済
name:きしだしき|name:カバンの勇者の異世界のんびり旅	カバンの勇者の異世界のんびり旅	未掲載		2	2025-10-01	2026-05-06	電撃コミックスNEXT	茨木野 / きしだしき	9784049167313			紹介文+書影	済
name:浅月のりと|name:きみの願いが叶うまで	きみの願いが叶うまで	未掲載		2	2025-10-01	2026-05-06	電撃コミックスNEXT	森島コン	9784049167498			紹介文+書影	
name:来栖千依|name:高嶺の花扱いされる悪役令嬢ですが、本音はめちゃくちゃ恋したい	高嶺の花扱いされる悪役令嬢ですが、本音はめちゃくちゃ恋したい	未掲載		2	2026-02-02	2026-05-01	Seasons Fantasy	来栖千依 / 炬とうや	9784160902282			紹介文+書影	済
name:荻嶋花|name:転生没落令嬢ですが、無神経王子の妃なんて願い下げです	転生没落令嬢ですが、無神経王子の妃なんて願い下げです	未掲載		2	2023-07	2026-05-01	ショコラシュクレコミックス	八叉のおろち	9784799217931			紹介文+書影	
name:一ノ瀬千景|name:身ごもったら、この結婚は終わりにしましょう	身ごもったら、この結婚は終わりにしましょう	未掲載		2	2025-11-01	2026-05-01	marmalade comics	黒田うらら / 百均	9784302106158			書影のみ	済
name:Josara|name:暴君皇帝と離婚します	暴君皇帝と離婚します	未掲載		2	2026-02-09	2026-05-01	GAコミックf	Josara	9784815635909			紹介文+書影	
name:苹果知生|name:ロストステラの滞在者たち	ロストステラの滞在者たち	未掲載		2	2025-10-17	2026-05-01	YKコミックス	苹果知生	9784785980399			紹介文+書影	
name:トミヤマ|name:ヤミツキチュウ	ヤミツキチュウ	未掲載		2	2026-02-16	2026-05-01	夜暇	黒崎エーヨ	9784434368554			紹介文+書影	
name:宮古アタチ|name:メルディオン公爵家の若夫婦は少し変わっている。	メルディオン公爵家の若夫婦は少し変わっている。	未掲載		2	2025-08-06	2026-05-01	Pomme Comics	宮古アタチ	9784048116206			紹介文+書影	
name:柚月裕子|name:ミカエルの鼓動	ミカエルの鼓動	未掲載		2	2026-05-01	2026-05-01	BUNCOMI	柚月裕子	9784160902381			紹介文+書影	
name:宝月なごみ|name:マリッジ・フライト	マリッジ・フライト	未掲載		2	2025-11-08	2026-05-01	Berry's COMICS	宝月なごみ / 杉原チャコ	9784813765202			紹介文+書影	
name:三ヶ嶋犬太朗|name:ザ・ワンワンズ	ザ・ワンワンズ	未掲載		2	2025-10-03	2026-05-01	ジャンプコミックス	三ヶ嶋犬太朗	9784088846996			紹介文+書影	済
name:Aratapub. 2026|name:アップルエイジ	アップルエイジ	未掲載		2	2026-01-02	2026-05-01	SHONEN SUNDAY COMICS SPECIAL	Aratapub. 2026	9784098544448			紹介文+書影	
name:あんどうまみ|name:ゆかりくんはギャップがずるい	ゆかりくんはギャップがずるい	未掲載		2	2026-02-09	2026-05-01	プティルコミックス	久壁おと	9784302113231			書影のみ	
name:駒込|name:ぶり返す獣性。	ぶり返す獣性。	未掲載		2	2025-05-16	2026-05-01	Clair TLcomics		9784434354021			紹介文+書影	
name:綿本おふとん|name:ひかりのくにの子どもたち	ひかりのくにの子どもたち	未掲載		2	2025-11-08	2026-05-01	torch comics	綿本おふとん	9784845869831			紹介文+書影	
name:信楽大賀|name:その青春	その青春	未掲載		2	2026-02-09	2026-05-01	KCDX. 週刊少年マガジン	つまじょ	9784065428078			紹介文+書影	
name:井上とさず|name:いきもにあっく!	いきもにあっく!	未掲載		2	2025-09-03	2026-05-01	YKコミックス	井上とさず	9784785980221			紹介文+書影	済
name:相川たつき|name:あやつりカレンダー	あやつりカレンダー	未掲載		2	2026-03-06	2026-05-01	夜暇	相川たつき	9784434370328			紹介文+書影	済
name:西根羽南|name:『理想の花嫁を探して幸せにして差し上げます』と言ったら、そっけなかった婚約者が何故か関わってきますが、花嫁斡旋頑張ります	『理想の花嫁を探して幸せにして差し上げます』と言ったら、そっけなかった婚約者が何故か関わってきますが、花嫁斡旋頑張ります	未掲載		2	2025-06-23	2026-05-01	ブリーゼコミックス	西根羽南 / 雨宮皐季	9784799220559			紹介文+書影	済
name:杜若彩|name:『廃品回収』スキルで手に入れた訳ありチート魔剣が最強すぎる件	『廃品回収』スキルで手に入れた訳ありチート魔剣が最強すぎる件	未掲載		2	2025-11-15	2026-05-01	グラストCOMICS	邑上主水 / 杜若彩	9784813765226			紹介文+書影	済
name:和泉亜明|name:Defect-ディフェクト-	Defect-ディフェクト-	未掲載		2	2025-08-01	2026-05-01	YKコミックス	岸根靖興	9784785979829			紹介文+書影	
name:宇野リッカ|name:鬼大尉の生贄花嫁	鬼大尉の生贄花嫁	未掲載		2	2026-04-27	2026-04-27	marmalade comics	真彩 / 宇野リッカ	9784302116959			紹介文+書影	済
name:八月八|name:転生第八王子の幸せ家族計画	転生第八王子の幸せ家族計画	未掲載		2	2025-08-08	2026-04-27	GAコミックf	八月八 / 小林孝太	9784815622510			紹介文+書影	済
name:タロコ|name:聖女の姉ですが、宰相閣下は無能な妹より私がお好きなようですよ?	聖女の姉ですが、宰相閣下は無能な妹より私がお好きなようですよ?	未掲載		2	2025-03-24	2026-04-27	Regina COMICS	タロコ / 渡邊香梨	9784434353673			紹介文+書影	済
name:式部玲|name:竜騎士さまとはじめるモフモフ子竜の世話係	竜騎士さまとはじめるモフモフ子竜の世話係	未掲載		2	2025-04-28	2026-04-27	Ride Comics	紫月音湖 / 式部玲	9784867167380			紹介文+書影	済
name:ヒツキノドカ|name:私を追放したことを後悔してもらおう	私を追放したことを後悔してもらおう	未掲載		2	2025-08-01	2026-04-27	Regina COMICS	野山かける / ヒツキノドカ	9784434361241			紹介文+書影	済
name:水沢友希|name:極上御曹司の独占愛	極上御曹司の独占愛	未掲載		2	2025-08-01	2026-04-27	marmalade comics	若菜モモ / 水沢友希	9784302116904			紹介文+書影	済
name:かきのたすけ|name:桐生弁護士のXLな愛し方	桐生弁護士のXLな愛し方	未掲載		2	2025-06-30	2026-04-27	ラブパルフェコミックス	かきのたすけ	9784824012098			紹介文+書影	済
name:森埜ひつじ|name:春待つ椿は恋に咲く	春待つ椿は恋に咲く	未掲載		2	2026-01-26	2026-04-27	FCエトワール	森埜ひつじ	9784866754826			紹介文+書影	
name:あじた|name:日下部課長の恋はやわらか	日下部課長の恋はやわらか	未掲載		2	2025-06-30	2026-04-27	CITR COMICS	あじた	9784823608698			書影のみ	
name:和田真尚|name:捨てられ騎士の逆転記!	捨てられ騎士の逆転記!	未掲載		2	2025-05-02	2026-04-27	ポルカコミックス	絢瀬あとり / 和田真尚	9784824204301			紹介文+書影	済
name:村沢黒音|name:捨てられ聖女のもふもふ保護活動	捨てられ聖女のもふもふ保護活動	未掲載		2	2025-10-27	2026-04-27	モンスターコミックスf	村沢黒音 / 角州みあき	9784575422511			紹介文+書影	済
name:かわのあきこ|name:悪役令嬢のお嫁さま	悪役令嬢のお嫁さま	未掲載		2	2025-09-13	2026-04-27	Seasons Fantasy	かわのあきこ	9784160902138			紹介文+書影	済
name:こいなだ陽日|name:宮廷魔導士は鎖で繋がれ溺愛される	宮廷魔導士は鎖で繋がれ溺愛される	未掲載		2	2025-07-18	2026-04-27	Noche COMICS	斉藤浩美 / 夢月いめ	9784434348914			紹介文+書影	
name:あさぎ千夜春|name:堅物夫が私〈妻〉と浮気しています!?	堅物夫が私〈妻〉と浮気しています!?	未掲載		2	2025-10-03	2026-04-27	marmalade comics	秋月綾 / あさぎ千夜春	9784302104451			紹介文+書影	済
name:やまなぎ|name:利己的な聖人候補	利己的な聖人候補	未掲載		2	2025-08-01	2026-04-27	Regina COMICS	七輝翼 / やまなぎ	9784434358203			紹介文+書影	済
name:栗原カナ|name:会長、イイコはもう終わり	会長、イイコはもう終わり	未掲載		2	2025-03-31	2026-04-27	LiQulle Comics	栗原カナ	9784824011060			紹介文+書影	済
name:小鳩子鈴|name:レンズ越し、たった一度の恋をする	レンズ越し、たった一度の恋をする	未掲載		2	2025-09-29	2026-04-27	Ride Comics	小鳩子鈴 / 颯壱幸	9784867168257			紹介文+書影	済
name:松本陽介|name:モノクロのふたり	モノクロのふたり	未掲載		2	2025-10-03	2026-04-27	ジャンプコミックス	松本陽介漫画家	9784088846859			紹介文+書影	済
name:伊志田|name:ボクは光の国の転生皇子さま!	ボクは光の国の転生皇子さま!	未掲載		2	2025-09-06	2026-04-27	EARTH STAR COMICS	伊志田 / 撫羽	9784803021752			紹介文+書影	済
name:大谷慎治|name:ティラノ	ティラノ	未掲載		2	2026-04-27	2026-04-27		真野勝成 / 大谷慎治	9784809687570			紹介文+書影	
name:瀬戸ましお|name:コンビニ兄弟	コンビニ兄弟	未掲載		2	2025-12-22	2026-04-27	Bunch comics	町田そのこ / 瀬戸ましお	9784107728906			紹介文+書影	
name:青海信濃|name:エリート社長は薄幸な彼女を囲い込んで甘やかしたい	エリート社長は薄幸な彼女を囲い込んで甘やかしたい	未掲載		2	2025-10-27	2026-04-27	Lunetta Comics	麻生ミカリ / 青海信濃	9784302105700			書影のみ	済
name:咲良|name:アメイジングデジタルサーカス	アメイジングデジタルサーカス	未掲載		2	2025-10-20	2026-04-27	コロコロコミックススペシャル	咲良	9784091540829			紹介文+書影	済
name:鳶田ハジメ|name:まいにち鳥びより	まいにち鳥びより	未掲載		2	2025-01-03	2026-04-27	POLARIS COMICS	鳶田ハジメ	9784866754017			紹介文+書影	
name:万野みずき|name:はじまりの町の育て屋さん追放された万能育成師はポンコツ冒険者を覚醒させて最強スローライフを目指します	はじまりの町の育て屋さん追放された万能育成師はポンコツ冒険者を覚醒させて最強スローライフを目指します	未掲載		2	2025-07-21	2026-04-27	Ride Comics	榊 / 万野みずき	9784867167809			紹介文+書影	済
name:雨夜幽歩|name:こころの一番暗い部屋	こころの一番暗い部屋	未掲載		2	2025-10-03	2026-04-27	ジャンプコミックス	雨夜幽歩	9784088847375			紹介文+書影	
name:犬丸まお|name:いつから魔力がないと錯覚していた!?	いつから魔力がないと錯覚していた!?	未掲載		2	2025-10-03	2026-04-27	&arche COMICS	黒川レイジ / 犬丸まお	9784434350368			紹介文+書影	
name:冬馬亮|name:あなたの愛など要りません	あなたの愛など要りません	未掲載		2	2025-04-28	2026-04-27	Regina COMICS	冬馬亮 / 新玉らん	9784434355110			紹介文+書影	
name:早瀬黒絵|name:「聖女様のオマケ」と呼ばれたけど、わたしはオマケではないようです。	「聖女様のオマケ」と呼ばれたけど、わたしはオマケではないようです。	未掲載		2	2025-09-13	2026-04-27	EARTH STAR COMICS	早瀬黒絵 / 青峰翼	9784803021745			紹介文+書影	済
name:加太潤一|name:GGG-ジージージー-	GGG-ジージージー-	未掲載		2	2025-11-24	2026-04-27	ジャンプコミックス	加太潤一	9784088847757			紹介文+書影	
name:戸川四餡|name:黒巫鏡談	黒巫鏡談	未掲載		2	2025-01-17	2026-04-25	HARTA COMIX	茜はる狼	9784047380998			紹介文+書影	
name:みんとずし|name:訳あり令嬢は調香生活を満喫したい!	訳あり令嬢は調香生活を満喫したい!	未掲載		2	2025-10-10	2026-04-25	ブシロードコミックス	Afredes / 花宵	9784048997775			紹介文+書影	
name:茸谷きの子|name:花子さん、食べないで	花子さん、食べないで	未掲載		2	2025-06-21	2026-04-25	ドラゴンコミックスエイジ	茸谷きの子	9784040759647			紹介文+書影	
name:実々みみず|name:王立魔術学院の鬼畜講師	王立魔術学院の鬼畜講師	未掲載		2	2025-06-04	2026-04-25	電撃コミックスNEXT	実々みみず / 串木野たんぼ	9784049164893			紹介文+書影	済
name:かんむり|name:無双の解体師	無双の解体師	未掲載		2	2025-09-27	2026-04-25	Birz comics = バーズコミックス	大城戸カロ / 明里もみじ	9784344856387			紹介文+書影	
name:ちらしま|name:殿下の溺愛はわかりにくい!	殿下の溺愛はわかりにくい!	未掲載		2	2026-01-09	2026-04-25	ガンガンコミックスonline	柊一葉 / ちらしま	9784301002765			紹介文+書影	済
name:おむザライス|name:嵐に舞うプシュケ	嵐に舞うプシュケ	未掲載		2	2025-08-06	2026-04-25	シルフコミックス	オトクニ	9784049165425			紹介文+書影	済
name:スズキスズヒロ|name:娘飼わんより犬の子飼え	娘飼わんより犬の子飼え	未掲載		2	2026-04-25	2026-04-25	BEAM COMIX	大塚紗瑛	9784045000218			紹介文+書影	
name:ゆちば|name:大衆食堂アロンダール亭	大衆食堂アロンダール亭	未掲載		2	2025-09-03	2026-04-25	ドラゴンコミックスエイジ	ゆちば / 村山なちよ	9784040760841			紹介文+書影	済
name:飴井涼|name:冒険者酒場の料理人	冒険者酒場の料理人	未掲載		2	2025-09-03	2026-04-25	電撃コミックスNEXT	飴井涼 / 黒留ハガネ	9784049166651			紹介文+書影	済
name:夜分長文|name:久々に健康診断を受けたら最強ステータスになっていた	久々に健康診断を受けたら最強ステータスになっていた	未掲載		2	2025-11-22	2026-04-25	MFC	夜分長文 / 瀬田青丸	9784046600417			紹介文+書影	済
name:ふじや|name:一般聖者の救済戦線	一般聖者の救済戦線	未掲載		2	2025-08-13	2026-04-25	電撃コミックスNEXT	小倉あすか / 破滅	9784049166132			紹介文+書影	済
name:タカハシノブユキ|name:マリッジランドリー	マリッジランドリー	未掲載		2	2026-04-25	2026-04-25	BEAM COMIX	眠田瞼	9784045000256			紹介文+書影	済
name:神反ヲ鬚|name:フルメタル・パニック!Family	フルメタル・パニック!Family	未掲載		2	2025-06-21	2026-04-25	ドラゴンコミックスエイジ	神反ヲ鬚 / 賀東招二	9784040759524			紹介文+書影	済
name:ととケロ|name:バケモノのきみに告ぐ、	バケモノのきみに告ぐ、	未掲載		2	2025-07-08	2026-04-25	角川コミックス・エース	柳之助pub. 2024 / ととケロ	9784041161319			紹介文+書影	
name:サイトウケンジ|name:トリニティセブン	トリニティセブン	未掲載		3	2025-03-28	2026-04-25	ドラゴンコミックスエイジ	サイトウケンジ / 奈央晃徳	9784040758305		trinity-7-shichinin-no-masho-tsukai	未取得	済
name:ぽちpub.|name:デスゲームに巻き込まれた山本さん、気ままにゲームバランスを崩壊させる	デスゲームに巻き込まれた山本さん、気ままにゲームバランスを崩壊させる	未掲載		2	2025-10-10	2026-04-25	ドラゴンコミックスエイジ	カモトタツヤ / ぽちpub. 2024	9784040760797			紹介文+書影	済
name:千嶌オワリ|name:スキル『植樹』を使って追放先でのんびり開拓はじめます	スキル『植樹』を使って追放先でのんびり開拓はじめます	未掲載		2	2025-09-03	2026-04-25	電撃コミックスNEXT	千嶌オワリ	9784049166569			紹介文+書影	済
name:いのこざ|name:オフィス勤めのマリー・アントワネット	オフィス勤めのマリー・アントワネット	未掲載		2	2025-07-15	2026-04-25	角川コミックス・エース	いのこざ	9784041164730			紹介文+書影	済
name:ぷよちゃ|name:オトナを知りたい女友達	オトナを知りたい女友達	未掲載		2	2025-07-01	2026-04-25	ドラゴンコミックスエイジ	望公太 / 沖たばかり	9784040760025			紹介文+書影	済
name:みぞグミ絵璃|name:はなまる・エントロピー	はなまる・エントロピー	未掲載		2	2025-12-09	2026-04-25	バーズコミックス	みぞグミ絵璃	9784344856820			紹介文+書影	
name:梅原うめ|name:はっぴー・どーる・でいず	はっぴー・どーる・でいず	未掲載		2	2025-06-21	2026-04-25	角川コミックス・エース		9784041161685			紹介文+書影	
name:Genepub. 2023|name:いぬとおまわりさん	いぬとおまわりさん	未掲載		2	2025-01-17	2026-04-25	角川コミックス・エース	Genepub. 2023	9784041172230			紹介文+書影	
name:タツワイプ|name:負けヒロインを勝たせたい!!	負けヒロインを勝たせたい!!	未掲載		2	2025-11-22	2026-04-22	SHŌNEN CHAMPION COMICS	那珂山みちる / タツワイプ	9784253004992			紹介文+書影	済
name:ひよこpub.|name:毎日ほどほどにどうにか生きてるねこの日記	毎日ほどほどにどうにか生きてるねこの日記	未掲載		2	2025-04-16	2026-04-22		ひよこpub. 2025	9784048978330			紹介文+書影	
name:花田祐実|name:プライベート・ドクターシークレット・カルテ	プライベート・ドクターシークレット・カルテ	未掲載		2	2025-05-30	2026-04-22	恋愛MAX COMICS	花田祐実	9784253012942		private-doctor	未取得	済
name:海星なび|name:魔法少女は羞恥心で強くなる	魔法少女は羞恥心で強くなる	未掲載		2	2025-04-14	2026-04-20	Manga time KR comics. Kirara menu	海星なび	9784832296282			紹介文+書影	
name:小牧夏子|name:新妻は筋肉がお好き	新妻は筋肉がお好き	未掲載		2	2026-04-20	2026-04-20	オパールCOMICS. kiss	槇原まき / ちぇじ	9784829627082			紹介文+書影	
name:蓮地|name:首なし精霊様に口づけを	首なし精霊様に口づけを	未掲載		2	2025-03-21	2026-04-18	あすかコミックスCL-DX	蓮地	9784041153611			紹介文+書影	済
name:一分咲|name:顔だけ聖女なのに、死に戻ったら冷酷だった公爵様の本音が甘すぎます!	顔だけ聖女なのに、死に戻ったら冷酷だった公爵様の本音が甘すぎます!	未掲載		2	2025-07-18	2026-04-18	モンスターコミックスf	一分咲 / あとのすけ	9784575421873			紹介文+書影	済
name:アヒル森下|name:週末の悪魔	週末の悪魔	未掲載		2	2021-04	2026-04-18	Bamboo comics / Bamboo comics. Reijin selection	朝比奈和	9784801972612			紹介文+書影	
name:山口貴巳|name:贄屍忌鯉 ニシキゴイ	贄屍忌鯉 ニシキゴイ	未掲載		2	2025-12-29	2026-04-18	ACTION COMICS	山口貴巳	9784575861679			紹介文+書影	
name:ぱつきんすきー|name:異世界のおチビちゃんは今日も何かを創り出す	異世界のおチビちゃんは今日も何かを創り出す	未掲載		2	2025-08-08	2026-04-18	モンスターコミックスf	犬飼りっぽ / ぱつきんすきー	9784575421514			紹介文+書影	
name:honomi|name:烈火の血族	烈火の血族	未掲載		2	2025-07-04	2026-04-18	IDコミックス. Zero-sum comics	honomi / 夜光花	9784758087193			書影のみ	済
name:富士とまと|name:流刑地公爵妻の魔法改革	流刑地公爵妻の魔法改革	未掲載		2	2025-10-03	2026-04-18	モンスターコミックスf	富士とまと / 笠木あき	9784575422641			紹介文+書影	済
name:モノガタリラボ|name:極道オールアップ!	極道オールアップ!	未掲載		2	2025-12-12	2026-04-18	モーニングKC	モノガタリラボ / 小泉徳宏 / 大谷紀子	9784065419823			紹介文+書影	済
name:のゆ|name:新聞記者ヴィルヘルミナ	新聞記者ヴィルヘルミナ	未掲載		2	2025-06-21	2026-04-18	アルファポリスCOMICS	のゆ	9784434355264			紹介文+書影	済
name:bov|name:性癖ヤバめなオトコに愛されました。	性癖ヤバめなオトコに愛されました。	未掲載		2	2025-10-03	2026-04-18	Glanz BLcomics	bov	9784434361838			紹介文+書影	済
name:あさひまち|name:後宮の巫女は妃にならない	後宮の巫女は妃にならない	未掲載		2	2025-10-27	2026-04-18	IDコミックス. Zero-sum comics	PacatC. S / 貴嶋啓	9784758088138			書影のみ	
name:Kakeru|name:帝国機神ヴォルカミオン	帝国機神ヴォルカミオン	未掲載		2	2025-08-15	2026-04-18	NOVA COMICS	サイトウミチ	9784824204097			紹介文+書影	済
name:ヨシカズ|name:女王の狗	女王の狗	未掲載		2	2025-10-27	2026-04-18	IDコミックス. Zero-sum comics	ヨシカズ	9784758088121			書影のみ	済
name:まさキチ|name:前世は冷酷皇帝、今世は幼女	前世は冷酷皇帝、今世は幼女	未掲載		2	2025-11-08	2026-04-18	アルファポリスCOMICS	遊喜じろう / まさキチ	9784434359811			紹介文+書影	済
name:わじ|name:別れるために色仕掛けしてみた	別れるために色仕掛けしてみた	未掲載		2	2025-07-01	2026-04-18	Glanz BLcomics	わじ	9784434357022			紹介文+書影	
name:Oru|name:人質姫が、消息を絶った。	人質姫が、消息を絶った。	未掲載		2	2025-10-17	2026-04-18	DRE COMICS F	モタ / Oru / 鯵御膳	9784434366666			紹介文+書影	
name:Moonshine|name:レイチェル・ジーンは踊らない	レイチェル・ジーンは踊らない	未掲載		2	2025-08-11	2026-04-18	IDコミックス. Zero-sum comics	Moonshine	9784758087636			書影のみ	
name:ヒツキノドカ|name:ハズレ職〈召喚士〉がS級万能職に化けました	ハズレ職〈召喚士〉がS級万能職に化けました	未掲載		2	2025-10-03	2026-04-18	グラストCOMICS	ヒツキノドカ / 野呂まこと	9784813765103			紹介文+書影	済
name:小雨|name:わたしの[×××ヒミツ]に気づかないで	わたしの[×××ヒミツ]に気づかないで	未掲載		2	2025-07-28	2026-04-18	Bamboo comics. 恋パラコレクションDX	小雨	9784801986749			紹介文+書影	済
name:遠野コユリ|name:まじかるカリナ	まじかるカリナ	未掲載		2	2024-12-13	2026-04-18	アフタヌーンKC	遠野コユリ	9784065377260			紹介文+書影	
name:河飯じろう|name:ちがう恋をしてみても	ちがう恋をしてみても	未掲載		2	2026-04-18	2026-04-18	IDコミックス. Gateau comics	わかばpub. 2022	9784758098250			書影のみ	
name:黒城|name:おあずけは、悪い夜の合図	おあずけは、悪い夜の合図	未掲載		2	2025-11-08	2026-04-18	Glanz BLcomics	黒城	9784434363252			紹介文+書影	
name:日高|name:S級ギルドを離脱した刀鍛冶の自由な辺境スローライフ	S級ギルドを離脱した刀鍛冶の自由な辺境スローライフ	未掲載		2	2025-10-03	2026-04-18	グラストCOMICS	錬金王 / 日高	9784813765073			紹介文+書影	済
name:久留米くる|name:#氷室くんは恋したくない	#氷室くんは恋したくない	未掲載		2	2026-04-18	2026-04-18	Tulle Comics	久留米くる	9784867871621			紹介文+書影	
name:由姫霙|name:辺境に追放された第5王子は【幸運】スキルでさくさく生き延びます	辺境に追放された第5王子は【幸運】スキルでさくさく生き延びます	未掲載		2	2024-11-27	2026-04-15	Bamboo comics / Bamboo comics. 異世界BC	高見梁川 / 浅白優作	9784801984929			紹介文+書影	済
name:だーく|name:私を養って!勇者さま	私を養って!勇者さま	未掲載		2	2026-04-01	2026-04-15	電撃コミックスNEXT		9784049521962			紹介文+書影	
name:マーズ松井|name:熟女熱	熟女熱	未掲載		2	2025-10-24	2026-04-15	ヤンマガKC	マシマロウ / マーズ松井	9784065406885			紹介文+書影	済
name:咪仔|name:三猫倶楽部	三猫倶楽部	未掲載		2	2026-03-02	2026-04-15		沢井メグ / 咪仔	9784910943107			紹介文+書影	
name:でこぽん吾郎|name:ただいま!保育士でこ先生	ただいま!保育士でこ先生	未掲載		2	2025-06-18	2026-04-15	KITORA	ネコクロ	9784046076496			紹介文+書影	
name:犬飼ねこ|name:紫苑くんの仰せのまま	紫苑くんの仰せのまま	未掲載		2	2025-10-24	2026-04-11	花とゆめCOMICS	あわい輝咲	9784592225508			紹介文+書影	済
name:無々|name:異世界転生したけど、七合目モブだったので普通に生きる。	異世界転生したけど、七合目モブだったので普通に生きる。	未掲載		2	2025-05-30	2026-04-11	ビーズログコミックス	無々 / 天ノ川子	9784047383432			紹介文+書影	
name:たろ|name:浦さんちのロスタイム	浦さんちのロスタイム	未掲載		2	2025-10-03	2026-04-11	アフタヌーンKC	たろ	9784065403990			紹介文+書影	
name:愛成れお|name:年上極道は純情な獣	年上極道は純情な獣	未掲載		2	2025-11-08	2026-04-11	Daitosha comic. Daito comics TLシリーズ	月乃ひかり / 愛成れお	9784864957724			紹介文+書影	
name:蒼井美紗|name:図書館の天才少女	図書館の天才少女	未掲載		2	2025-08-06	2026-04-11	ビーズログコミックス	蒼井美紗 / 鈴よひ	9784047385320			紹介文+書影	済
name:七沢ゆきの|name:侯爵令嬢の嫁入り	侯爵令嬢の嫁入り	未掲載		2	2025-03-28	2026-04-11	ビーズログコミックス	七沢ゆきの / 佑元セイラ	9784045000287			紹介文+書影	
name:パラダイス農家|name:ウマの言葉は理解りませんだから静かにしてください!	ウマの言葉は理解りませんだから静かにしてください!	未掲載		2	2025-10-03	2026-04-11	MGC. Web comic beat's series	パラダイス農家 / 高草木こぶ	9784800016522			紹介文+書影	
name:しなちく|name:かませ犬の王冠	かませ犬の王冠	未掲載		2	2025-09-27	2026-04-11	MGC. Web comic beat's series	しなちく	9784800016393			紹介文+書影	
name:Winslow|name:白虎の初恋	白虎の初恋	未掲載		2	2026-04-08	2026-04-08	クロフネcomics. くろふねピクシブ		9784799777541			紹介文+書影	
name:与左衛門|name:ヤン女は竜の夢をみる	ヤン女は竜の夢をみる	未掲載		2	2025-07-11	2026-04-08	ヤンマガKC	与左衛門	9784065399231			紹介文+書影	
name:斎田千洋|name:フォールインピンスポット	フォールインピンスポット	未掲載		2	2024-07	2026-04-08	ビボピーコミックス	斎田千洋	9784799768068			紹介文+書影	
name:伊達きよ|name:わんと鳴いたらキスして撫でて	わんと鳴いたらキスして撫でて	未掲載		2	2025-11-29	2026-04-08	クロフネcomics. く ろふねピクシブシリーズ / クロフネcomics. くろふねピクシブ	黄助 / 長与エリ子	9784799774953			紹介文+書影	
name:なるみなる|name:のら犬と天使ちゃん	のら犬と天使ちゃん	未掲載		2	2025-12-12	2026-04-08	ヤンマガKC		9784065407936			紹介文+書影	
name:南十字明日菜|name:そういう人もいる	そういう人もいる	未掲載		2	2025-07-01	2026-04-08	ワイドKC	南十字明日菜 / ダ・ヴィンチ・恐山	9784065402085			紹介文+書影	済
name:あらもと新|name:龍は眠る	龍は眠る	未掲載		2	2025-10-27	2026-04-04	ヤングチャンピオン・コミックス	宮部みゆき / るしか / あらもと新	9784253004190			紹介文+書影	済
name:江坂純|name:香国の下剋上	香国の下剋上	未掲載		2	2026-01-26	2026-04-04	BE LOVE KC	鈴宮ユニコ	9784065421000			紹介文+書影	済
name:yoruhashi|name:眠れる森のレガ	眠れる森のレガ	未掲載		2	2025-12-29	2026-04-04	KCDX. 週刊少年マガジン	和泉カズマ	9784065416532			紹介文+書影	
name:要龍|name:男装の破滅聖女なのに救国騎士が甘やかしてくる	男装の破滅聖女なのに救国騎士が甘やかしてくる	未掲載		2	2025-01-24	2026-04-04	フロースコミック	要龍	9784046842602			紹介文+書影	済
name:ながめ空|name:生贄の神は鈴の音に眠る	生贄の神は鈴の音に眠る	未掲載		2	2025-09-13	2026-04-04	BE LOVE KC	ながめ空	9784065407509			紹介文+書影	
name:すちふぁ|name:無能と言われ続けた魔導師、実は世界最強なのに幽閉されていたので自覚なし	無能と言われ続けた魔導師、実は世界最強なのに幽閉されていたので自覚なし	未掲載		2	2025-09-13	2026-04-04	ガルドコミックス	奉 / すちふぁ	9784824013514			紹介文+書影	
name:青鹿毛スバル|name:怪物王子と毒草使いの姫君	怪物王子と毒草使いの姫君	未掲載		2	2026-01-02	2026-04-04	プティルFantasyコミックス	青鹿毛スバル	9784302108633			紹介文+書影	
name:中島佑|name:巡る遊星	巡る遊星	未掲載		2	2025-07-18	2026-04-04	ヤングジャンプコミックス	中島佑	9784088936789			紹介文+書影	
name:穂菓つみき|name:崖っぷち令嬢が4人の仲間と共に王妃になるまで	崖っぷち令嬢が4人の仲間と共に王妃になるまで	未掲載		2	2025-09-27	2026-04-04	フロースコミック	言寺あまね / 穂菓つみき	9784046600158			紹介文+書影	済
name:丸伝次郎|name:名探偵コナン100万ドルの五稜星	名探偵コナン100万ドルの五稜星	未掲載		2	2026-04-04	2026-04-04	少年サンデーコミックス	大倉崇裕 / 青山剛昌 / 永岡智佳	9784098545339		meitantei-conan	未取得	済
name:ただまなみ|name:センセイはキスが下手なヴァンパイア	センセイはキスが下手なヴァンパイア	未掲載		2	2025-05-09	2026-04-04	KCデラックス	ただまなみ	9784065395097			紹介文+書影	済
name:大麦こあら|name:カットオーバー・クライテリア	カットオーバー・クライテリア	未掲載		2	2021-07	2026-04-04	NUUDE COMICS / 光文社BL COMICS	大麦こあら	9784334109011			紹介文+書影	
name:大麦こあら|name:エマのごちそう	エマのごちそう	未掲載		2	2022-08	2026-04-04	NUUDE COMICS / 光文社BL COMICS	大麦こあら	9784334109028			紹介文+書影	
name:noho|name:となりの妖怪さん外伝	となりの妖怪さん外伝	未掲載		2	2023-08	2026-04-04		noho	9784781622347		tonari-no-youkai-san	未取得	済
name:境壱幸|name:この縁談は解釈違いです!	この縁談は解釈違いです!	未掲載		2	2025-03-28	2026-04-04	Pomme Comics	戯屋べんべ	9784048114691			紹介文+書影	済
name:ロケット商会|name:おかけになった呪文は現在使われておりません	おかけになった呪文は現在使われておりません	未掲載		2	2025-11-08	2026-04-04	シリウスKC	ロケット商会 / 天宮ケイリ	9784065412718			紹介文+書影	済
name:兎山もなか|name:うるさい理性を脱ぎ捨てて	うるさい理性を脱ぎ捨てて	未掲載		2	2026-04-04	2026-04-04	Pink cherie comics	兎山もなか / 小雨	9784815531201			紹介文+書影	済
name:着ちよあ|name:読むたびに幸せを!	読むたびに幸せを!	未掲載		2	2026-01-16	2026-04-01	ガンガンコミックス	安達園丸	9784301002734			紹介文+書影	
name:中山有香里|name:天国での暮らしはどうですか	天国での暮らしはどうですか	未掲載		2	2025-08-13	2026-04-01		中山有香里	9784046848666			紹介文+書影	済
name:ぺい|name:冒険者になれなかった俺、スキル「おっぱい矯正」で悩めるあの子を人助け!?	冒険者になれなかった俺、スキル「おっぱい矯正」で悩めるあの子を人助け!?	未掲載		2	2025-07-15	2026-04-01	電撃コミックスNEXT	ぺい	9784049164862			紹介文+書影	
name:ゼノトゥーン|name:メイクアガール	メイクアガール	未掲載		2	2025-06-01	2026-04-01	電撃コミックスNEXT	熊谷まひろ / 安田現象 / ゼノトゥーン	9784049164367			紹介文+書影	
name:端坂梨海|name:バイクが趣味の地味子の日常	バイクが趣味の地味子の日常	未掲載		2	2025-10-08	2026-04-01	ボーダーコミックス	端坂梨海	9784845869824			紹介文+書影	
name:まつたけうめ|name:デッドマウント・デスプレイ外伝 怪人ソリティアの神仙偽術	デッドマウント・デスプレイ外伝 怪人ソリティアの神仙偽術	未掲載		2	2025-11-15	2026-04-01	ヤングガンガンコミックス	成田良悟 / まつたけうめ / 藤本新太	9784301001881		dead-mount-death-play	未取得	済
name:NHN|name:アルカリレットウセイ	アルカリレットウセイ	未掲載		2	2025-03-05	2026-04-01	MFコミックス. ジーンシリーズ	城崎 / NHN PlayArt株式会社 / 佐藤まひろ	9784046846075			紹介文+書影	済
name:なぎと|name:アプリコットファズ	アプリコットファズ	未掲載		2	2025-09-10	2026-04-01	電撃コミックスNEXT	なぎと	9784049166873			紹介文+書影	済
name:衣笠彰梧|name:ようこそ実力至上主義の教室へ2年生編2nd Stage	ようこそ実力至上主義の教室へ2年生編2nd Stage	未掲載		2	2025-08-06	2026-04-01	MFコミックス. アライブシリーズ	衣笠彰梧 / 駒田ハチ	9784046600110			紹介文+書影	済
name:翁丸ジョン|name:ちはるくんは女装をしたくない!	ちはるくんは女装をしたくない!	未掲載		2	2025-10-01	2026-04-01	ガンガンコミックスup!	翁丸ジョン	9784301000907			紹介文+書影	
name:宮野金太郎|name:ただ制服を着てるだけ	ただ制服を着てるだけ	未掲載		2	2025-05-30	2026-04-01	ガンガンコミックスup!	神田暁一郎 / 宮野金太郎	9784301004424			紹介文+書影	
name:島國|name:その政略結婚、謹んでお受け致します。	その政略結婚、謹んでお受け致します。	未掲載		2	2025-02-12	2026-04-01	KCx	島國 / 心音瑠璃	9784065384329			紹介文+書影	済
name:朝依しると|name:VTuberのエンディング、買い取ります。	VTuberのエンディング、買い取ります。	未掲載		2	2025-09-13	2026-04-01	ガンガンコミックス	背筋 / 朝依しると	9784301000549			紹介文+書影	済
name:丹野ちくわぶ|name:鷹神様と憐れな生贄	鷹神様と憐れな生贄	未掲載		2	2022-08	2026-03-27	Gush comics / Kaiohsha comics. Gush comics	丹野ちくわぶ	9784796415385			紹介文+書影	
name:宮村樹|name:鬼騎士団長様がキュートな乙女系カフェに毎朝コーヒーを飲みに来ます。	鬼騎士団長様がキュートな乙女系カフェに毎朝コーヒーを飲みに来ます。	未掲載		2	2025-08-29	2026-03-27	ガンガンコミックスup!	氷雨そら / 宮村樹	9784301003687			紹介文+書影	
name:福留和|name:鬼嫁うららはメロらせたい	鬼嫁うららはメロらせたい	未掲載		2	2025-10-01	2026-03-27	ガンガンコミックスonline	福留和	9784301001218			紹介文+書影	
name:神江ちず|name:華麗なる悪女になりたいわ!	華麗なる悪女になりたいわ!	未掲載		2	2025-06-21	2026-03-27	ガンガンコミックスonline	Bcoca / 神江ちず / 転	9784301003953			紹介文+書影	済
name:かなめもにか|name:箱入りお嬢様と庶民な俺のやりたい100のこと	箱入りお嬢様と庶民な俺のやりたい100のこと	未掲載		2	2024-10-27	2026-03-27	ガンガンコミックスup!	かなめもにか / Bcoca	9784301003526			紹介文+書影	済
name:金田正太郎|name:狼王弟と白のお嫁さん	狼王弟と白のお嫁さん	未掲載		2	2023-05	2026-03-27	Birz comics = バーズコミックス / Birz comics = バーズコミックス. Estro collection = エストロコレクション	金田正太郎	9784344852297			紹介文+書影	済
name:香穂|name:推しセフ	推しセフ	未掲載		2	2025-09-13	2026-03-27	ガンガンコミックスonline	香穂	9784301000624			紹介文+書影	済
name:佐伊村司|name:惨劇山脈～ヒグマ襲撃～	惨劇山脈～ヒグマ襲撃～	未掲載		2	2025-11-01	2026-03-27	ヤングチャンピオン・コミックス		9784253004725			紹介文+書影	
name:小川春|name:12月の明星	12月の明星	未掲載		2	2025-03-28	2026-03-27	ガンガンコミックスBLiss	米々	9784301004110			紹介文+書影	
name:夏目漱石|name:門	門	未掲載		2	2010-10	2026-03-25	KADOKAWA MASTERPIECE COMICS / MANGA BUNGOシリーズ	夏目漱石 / 井上大助	9784046077677			紹介文+書影	済
name:望公太|name:鷲尾さんは楽天的でいたい	鷲尾さんは楽天的でいたい	未掲載		2	2025-11-15	2026-03-20	ヤングガンガンコミックス	望公太 / 松田遊	9784301001935			紹介文+書影	済
name:くろこだわに|name:虐げられの魔術師令嬢は、『氷狼宰相』様に溺愛される	虐げられの魔術師令嬢は、『氷狼宰相』様に溺愛される	未掲載		2	2025-08-13	2026-03-20	isekai f	水垣するめ / 鈴木ミニラ	9784838733439			紹介文+書影	済
name:折紙ちよこ|name:芝居と呼ぶには恋すぎる	芝居と呼ぶには恋すぎる	未掲載		2	2025-06-21	2026-03-20	ガンガンコミックスBLiss	折紙ちよこ	9784301004103			紹介文+書影	済
name:うみとしま|name:砂漠の国の雨降らし姫	砂漠の国の雨降らし姫	未掲載		2	2025-06-21	2026-03-20	ガンガンコミックスonline	守雨 / うみとしま	9784301003885			紹介文+書影	済
name:宍戸まめぞう|name:悪役令息、好きな人を金で買う	悪役令息、好きな人を金で買う	未掲載		2	2025-07-25	2026-03-20	ガンガンコミックスjoker	宍戸まめぞう	9784301000808			紹介文+書影	済
name:月本弓|name:君を映して離さない	君を映して離さない	未掲載		2	2025-11-15	2026-03-20	HC Special / Hanatoyume comics special. マンガpark	くろもとみつぐ	9784592230977			紹介文+書影	
name:葵梅太郎|name:ひねくれ騎士とふわふわ姫様	ひねくれ騎士とふわふわ姫様	未掲載		2	2025-07-11	2026-03-20	ガンガンコミックス	葵梅太郎	9784301003830			紹介文+書影	済
name:enem|name:さようなら、私たちに優しくなかった、すべての人々	さようなら、私たちに優しくなかった、すべての人々	未掲載		2	2025-08-22	2026-03-20	ガンガンコミックスup!	井上みつる / enem	9784301003588			紹介文+書影	済
name:夜木新|name:龍玄の方術士	龍玄の方術士	未掲載		2	2025-09-10	2026-03-18	MANGAバルCOMICS	彭傑 / 夜木新 / 義眞堂	9784048116381			紹介文+書影	済
name:葵はづき|name:華燭演舞シュシュ	華燭演舞シュシュ	未掲載		2	2025-03-03	2026-03-18	あすかコミックスDX	葵はづき	9784041159460			紹介文+書影	済
name:上地優歩|name:神仙桃娘宮廷の贄	神仙桃娘宮廷の贄	未掲載		2	2025-05-07	2026-03-18	あすかコミックスDX	上地優歩	9784041159446			紹介文+書影	済
name:いずも甘茶|name:生贄乙女の婚礼	生贄乙女の婚礼	未掲載		2	2025-06-04	2026-03-18	フロースコミック	唐澤和希 / いずも甘茶	9784046847430			紹介文+書影	済
name:千代多みく郎|name:極めて傲慢たる悪役貴族の所業	極めて傲慢たる悪役貴族の所業	未掲載		2	2025-04-09	2026-03-18	MFC	黒雪ゆきは	9784046851338			紹介文+書影	
name:でんでらりゅうば|name:捨てられた冤罪令息、麗しき奔放皇女に拾われる。	捨てられた冤罪令息、麗しき奔放皇女に拾われる。	未掲載		2	2025-09-27	2026-03-18	モーニングKC	でんでらりゅうば	9784065406212			紹介文+書影	
name:山夜みい|name:悪役聖女のやり直し	悪役聖女のやり直し	未掲載		2	2025-05-16	2026-03-18	KCx	比良純香 / 山夜みい	9784065387481			紹介文+書影	済
name:綾瀬|name:悪役令嬢なので、溺愛なんていりません!	悪役令嬢なので、溺愛なんていりません!	未掲載		2	2025-09-27	2026-03-18	KCx	綾瀬 / 美依	9784065407813			紹介文+書影	済
name:水山めろ|name:恋色の境界	恋色の境界	未掲載		2	2025-10-01	2026-03-18	Dengeki Comics EX	水山めろ	9784049167542			紹介文+書影	
name:TAKApub. 2025|name:女キャラで異世界転移してチートっぽいけど雑魚キャラなので目立たず平和な庶民を目指します!	女キャラで異世界転移してチートっぽいけど雑魚キャラなので目立たず平和な庶民を目指します!	未掲載		2	2025-05-30	2026-03-18	Bamboo comics. 異世界BC	TAKApub. 2025	9784801986398			紹介文+書影	
name:車王|name:人妻メデュサさんとのNTR生活	人妻メデュサさんとのNTR生活	未掲載		2	2025-01-10	2026-03-18	Bamboo comics / Bamboo comics. 異世界BC	車王	9784801985179			紹介文+書影	済
name:こおりあめ|name:レディローズは平民になりたい悪役令嬢リリアナの場合	レディローズは平民になりたい悪役令嬢リリアナの場合	未掲載		2	2025-03-03	2026-03-18	フロースコミック	こおりあめ / 木与瀬ゆら	9784046833570		lady-rose-wa-heimin-ni-naritai	未取得	済
name:うし|name:ダンジョンで成り上がれ!	ダンジョンで成り上がれ!	未掲載		2	2025-02-28	2026-03-18	Bamboo comics / Bamboo comics. 異世界BC	山珠彩貴 / うし	9784801985834			紹介文+書影	済
name:ユービーアイソフト株式会社|name:アサシンクリードシャドウズ伊賀の物語	アサシンクリードシャドウズ伊賀の物語	未掲載		2	2025-08-15	2026-03-18	ヤンマガKC	DabbAndrew / 武桐千	9784065389959			紹介文+書影	
name:7zu7|name:ぶいある!	ぶいある!	未掲載		2	2025-05-07	2026-03-18	MFC	7zu7	9784046847409			紹介文+書影	済
name:司馬漬け|name:ふたり暮らしのおとりよせ日和	ふたり暮らしのおとりよせ日和	未掲載		2	2024-12-03	2026-03-18	角川コミックス・エース	柚子桃 / 司馬漬け	9784041157022			紹介文+書影	
name:来須眠|name:おっさん異世界で最強になる	おっさん異世界で最強になる	未掲載		2	2025-11-22	2026-03-18	MFC	来須眠 / 次佐駆人	9784046850195			紹介文+書影	済
name:星掛そら|name:騎士団の金庫番	騎士団の金庫番	未掲載		2	2025-03-12	2026-03-11	フロースコミック	そろそろ谷川 / 星掛そら	9784046820730			紹介文+書影	
name:さかずきうた|name:透明人間になったわたしと、わたしに興味がない (はずの) 夫の奇妙な三か月間	透明人間になったわたしと、わたしに興味がない (はずの) 夫の奇妙な三か月間	未掲載		2	2026-03-11	2026-03-11	Bamboo comics. BCf	狭山ひびき / さかずきうた	9784801988972			紹介文+書影	済
name:碓井ツカサ|name:近畿地方のある場所について	近畿地方のある場所について	未掲載		2	2025-07-15	2026-03-11		背筋 / 碓井ツカサ	9784049164879			紹介文+書影	済
name:御之字巧|name:英傑のドM	英傑のドM	未掲載		2	2025-03-28	2026-03-11	電撃コミックスNEXT	御之字巧	9784049163100			紹介文+書影	
name:紅原香|name:服の魔法をあなたに。	服の魔法をあなたに。	未掲載		2	2025-03-19	2026-03-11	MFCジーンピクシブシリーズ	飯田めしこ / 氷高悠	9784046846112			紹介文+書影	済
name:あかつき雨垂|name:敗北魔王、勇者の末裔と500年後の社会復帰	敗北魔王、勇者の末裔と500年後の社会復帰	未掲載		2	2026-03-04	2026-03-11	ビボピー. ビボピーコミックス	和時シキ / あかつき雨垂	9784799777060			紹介文+書影	済
name:ウルア|name:家事代行のアルバイトを始めたら学園一の美少女の家族に気に入られちゃいました。	家事代行のアルバイトを始めたら学園一の美少女の家族に気に入られちゃいました。	未掲載		2	2025-07-29	2026-03-11	電撃コミックスNEXT	ウルア / 塩本	9784049164855			紹介文+書影	
name:tani|name:奈落の底で生活して早三年、当時『白魔道士』だった私は『聖魔女』になっていた	奈落の底で生活して早三年、当時『白魔道士』だった私は『聖魔女』になっていた	未掲載		2	2025-03-12	2026-03-11	電撃コミックスNEXT	雪葵ムラサキ / tani	9784049163117			紹介文+書影	
name:やまだごまち|name:住所不定キャンパーはダンジョンでのんびりと暮らしたい	住所不定キャンパーはダンジョンでのんびりと暮らしたい	未掲載		2	2025-11-29	2026-03-11	MFC	やまだごまち / タジリユウ	9784046600516			紹介文+書影	済
name:studio HEADLINE|name:不思議の国でアリスと-Dive in Wonderland-	不思議の国でアリスと-Dive in Wonderland-	未掲載		2	2025-08-20	2026-03-11	角川コミックス・エース	studio HEADLINE / えの / あやめゴン太	9784041165539			紹介文+書影	済
name:八丸真幸|name:レゾンデートル骨董店にようこそ	レゾンデートル骨董店にようこそ	未掲載		2	2025-11-22	2026-03-11	MFC	八丸真幸	9784046851895			紹介文+書影	済
name:朱月十話|name:ラスボス討伐後に始める二周目冒険者ライフ	ラスボス討伐後に始める二周目冒険者ライフ	未掲載		2	2025-09-03	2026-03-11	MFコミックス. アライブ+シリーズ	鬼麻正明 / 朱月十話	9784048114240			紹介文+書影	済
name:kokopub. 2025|name:マスカレード・コンフィデンス	マスカレード・コンフィデンス	未掲載		2	2025-08-13	2026-03-11	MFコミックス. アライブ+シリーズ	kokopub. 2025 / 滝浪酒利	9784048115971			紹介文+書影	
name:夢野ゆず|name:ギャルと大家さん	ギャルと大家さん	未掲載		2	2025-09-17	2026-03-11	シルフコミックス	夢野ゆず	9784049166606			紹介文+書影	
name:花咲まひる|name:ガリ勉くんと裏アカさん	ガリ勉くんと裏アカさん	未掲載		2	2025-03-12	2026-03-11	電撃コミックスNEXT	花咲まひる / 鈴木えんぺら	9784049163612			紹介文+書影	
name:おくだらく|name:やりなおし貴族の聖人化レベルアップ	やりなおし貴族の聖人化レベルアップ	未掲載		2	2025-08-13	2026-03-11	角川コミックス・エース	八華 / おくだらく	9784041164778			紹介文+書影	
name:きあま紀一|name:なかなか稀少な光谷さん	なかなか稀少な光谷さん	未掲載		2	2024-03	2026-03-11	電撃コミックスNEXT	きあま紀一	9784049156744			紹介文+書影	済
name:犬井ナオ|name:お前になんか抱かれるか!	お前になんか抱かれるか!	未掲載		2	2025-08-13	2026-03-11	fleur comics	田中森よこた	9784046851789			紹介文+書影	済
name:花守|name:いろはの書き導べ	いろはの書き導べ	未掲載		2	2025-03-12	2026-03-11	MFC	花守	9784046851642			紹介文+書影	
name:長月達平|name:Re:ゼロから始める異世界生活	Re:ゼロから始める異世界生活	同題別著者(要確認)		2	2025-03-19	2026-03-11	MFコミックス. アライブ+シリーズ	長月達平 / 高瀬若弥	9784048114295		ri-zero-kara-hajimeru-isekai-seikatsu-dai-nishou	未取得	済
name:いづみみなみ|name:最強最悪の裏ボス、転生者と共に破滅フラグ回避を目指す	最強最悪の裏ボス、転生者と共に破滅フラグ回避を目指す	未掲載		2	2025-10-08	2026-03-04	Bamboo comics. 異世界BC	高野ケイ	9784801988323			紹介文+書影	済
name:雨水汐|name:恋に恋するコイビト関係	恋に恋するコイビト関係	未掲載		2	2025-04-16	2026-03-04	Bamboo comics	雨水汐	9784801986220			紹介文+書影	済
name:ほーち|name:天使をイカせてアイテムゲット!!絶頂ガチャでダンジョン攻略!	天使をイカせてアイテムゲット!!絶頂ガチャでダンジョン攻略!	未掲載		2	2023-12	2026-03-04	Bamboo comics / Bamboo comics. 異世界BC	ほーち / 桐野いつき	9784801981966			紹介文+書影	
name:こにすけ|name:天使と悪魔メシ	天使と悪魔メシ	未掲載		2	2025-07-15	2026-03-04	SHŌNEN CHAMPION COMICS	こにすけ	9784253012126			紹介文+書影	
name:さざなみ陽輔|name:ニセドル	ニセドル	未掲載		2	2025-11-22	2026-03-04	SHŌNEN CHAMPION COMICS	さざなみ陽輔 / 東毅	9784253004985			紹介文+書影	済
name:ワタセセイゾウ|name:菜～ふたたび～	菜～ふたたび～	未掲載		2	2026-02-09	2026-02-09		ワタセセイゾウ	9784768330890			紹介文+書影	済
name:Ark performance|name:機動戦士ガンダムギレン暗殺計画	機動戦士ガンダムギレン暗殺計画	同題別著者(要確認)		4	2025-12-02	2026-01-09	単行本コミックス	Ark performance	9784041155837			未取得	済
name:上川きち|name:可愛いあなたを壊したい	可愛いあなたを壊したい	未掲載		2	2025-07-21	2026-01-08	Shusui digital comics BLシリーズ	上川きち	9784867781692			書影のみ	済
name:宮之みやこ|name:黒妖の花嫁	黒妖の花嫁	未掲載		2	2025-06-09	2026-01-06	SPIRA COMICS	音中さわき / 宮之みやこ	9784910617404			紹介文+書影	済
name:やきいもほくほく|name:身代わり令嬢を救ったのは冷酷無慈悲な氷の王子の愛でした	身代わり令嬢を救ったのは冷酷無慈悲な氷の王子の愛でした	未掲載		2	2025-06-16	2026-01-06	SPIRA COMICS	やきいもほくほく / 黒川くさび	9784910617411			紹介文+書影	済
name:まぶた単|name:ヒモの俺、スパダリふたりに飼われます!	ヒモの俺、スパダリふたりに飼われます!	未掲載		2	2024-11-30	2026-01-06	caramelコミックス	上野綺士	9784911186190			なし	済
name:嶋|name:逆行した悪役令嬢は、なぜか魔力を失ったので深窓の令嬢になります	逆行した悪役令嬢は、なぜか魔力を失ったので深窓の令嬢になります	同題別著者(要確認)		2	2025-02-24	2026-01-02	フロースコミック	近藤孝行 / 嶋 / 由野田夕	9784046844248			未取得	
name:青狸|name:Laylah	Laylah	未掲載		2	2025-11-08	2025-12-08	Edge comix		9784868200291			なし	
qid:Q467415|name:Cat's eye	Cat's eye	未掲載		8	2025-10-24	2025-12-08	Zenon comics DX = ゼノンコミックスDX	北条司	9784867208212			紹介文+書影	済
name:ミブヨシカズ|name:夜と漣	夜と漣	未掲載		2	2025-10-09	2025-11-08	Edge comix	水炊き	9784868200253			なし	済
name:時計ルーコ|name:性欲結婚	性欲結婚	未掲載		2	2025-01-11	2025-11-06	ラブきゅんcomic	時計ルーコ	9784911186244			紹介文+書影	
name:真西まり|name:訳あり幼女、転生したことに気づいたのは、修羅場に遭遇した時。	訳あり幼女、転生したことに気づいたのは、修羅場に遭遇した時。	未掲載		2	2025-04-24	2025-10-06	SPIRA COMICS	藤井 / 真西まり	9784910617367			紹介文+書影	済
name:きよせ|name:侯爵令嬢リディアの美しき決断	侯爵令嬢リディアの美しき決断	未掲載		2	2025-04-24	2025-10-06	SPIRA COMICS	きよせ / 綺咲潔	9784910617350			紹介文+書影	済
name:shiryu|name:無能と言われた錬金術師	無能と言われた錬金術師	未掲載		2	2025-04-06	2025-10-03	モンスターコミックスf	shiryu / ひのすばる	9784575421194			紹介文+書影	済
name:とびらの|name:星屑の花嫁は運命の恋から逃げ出したい	星屑の花嫁は運命の恋から逃げ出したい	未掲載		2	2025-04-06	2025-10-03	モンスターコミックスf	辰巳仁 / とびらの	9784575421217			紹介文+書影	
name:やべきょうすけ|name:QP我妻涼デスペラード	QP我妻涼デスペラード	未掲載		2	2024-12-27	2025-09-27	ヤングチャンピオン・コミックス	花林ソラ / 髙橋ヒロシ / 今村KSK	9784253003971		kyuupii-azuma-ryou	未取得	済
name:かずはしとも|name:妖	妖	同題別著者(要確認)		2	2017-01	2025-09-22	マンサンコミックス	山本まゆり / 函岬誉	9784408175775			未取得	済
name:ヤシン|name:愛されて育ったでかい獣人の話	愛されて育ったでかい獣人の話	未掲載		2	2024-07	2025-09-13		ヤシン	9784781623344			紹介文+書影	済
qid:Q11262649|name:ばくおん!!～天野恩紗のニコイチ繁盛記～	ばくおん!!～天野恩紗のニコイチ繁盛記～	未掲載		3	2019-01	2025-09-06	ヤングチャンピオン烈コミックス	おりもとみまな / 蒔野靖弘	9784253257619		bakuon	未取得	済
qid:Q17161318|name:恋だの愛だの～君は僕の太陽だ～	恋だの愛だの～君は僕の太陽だ～	未掲載		2	2024-05	2025-06-14	花とゆめCOMICS	辻田りり子	9784592221753		koi-dano-ai-dano	未取得	済
name:あべもりおか|name:あべもりおかの… (仮) Ex	あべもりおかの… (仮) Ex	未掲載		3	2019-02	2025-06-14		あべもりおか	9784894657908			なし	
qid:Q17221115|name:東京卍リベンジャーズ～場地圭介からの手紙～	東京卍リベンジャーズ～場地圭介からの手紙～	未掲載		5	2022-11	2025-05-09	講談社コミックス / 講談社コミックス. 週刊少年マガジン	和久井健 / 夏川口幸範	9784065293782		tokyo-revengers	未取得	済
name:絵津鼓|name:Iruka	Iruka	未掲載		4	2023-07-29	2025-04-29		絵津鼓	9784991283727			なし	済
name:秀良子|name:Staygold|sub:それから。	Staygold	同題別著者(要確認)	それから。	3	2022-07	2024-09	On blue comics	秀良子	9784396785451		staygold	未取得	済
qid:Q11444957|name:トリニティセブン|sub:7人の魔書使い	トリニティセブン	未掲載	7人の魔書使い	12	2018-07	2024-08	ドラゴンコミックスエイジ	奈央晃徳 / サイトウケンジ	9784040727806		trinity-7-shichinin-no-masho-tsukai	未取得	済
name:京極燈弥|name:獣耳のリコリス	獣耳のリコリス	未掲載		3	2022-01	2024-07	バベルコミックス		9784861173844			なし	
name:池波正太郎|name:剣客商売|sub:best selection	剣客商売	同題別著者(要確認)	best selection	10	2019-01	2024-06	SP comics / SP comics = SPコミックス / SP pocket wide	池波正太郎 / 大島やすいち	9784845854189		kenkaku-shoubai	未取得	済
qid:Q11264757|name:シリーズあたりまえのぜひたく。	シリーズあたりまえのぜひたく。	未掲載		7	2018-09	2024-03		きくち正太	9784344843103			未取得	済
qid:Q2279877|name:QP我妻涼デスペラード	QP我妻涼デスペラード	未掲載		10	2018-08	2024-03	ヤングチャンピオン・コミックス	今村KSK / 髙橋ヒロシ / 花林ソラ	9784253140577		kyuupii-azuma-ryou	未取得	済
name:イズシロ|name:最強魔法師の隠遁計画	最強魔法師の隠遁計画	同題別著者(要確認)		3	2018-01	2024-01	ガンガンコミックスup! / ホビージャパンコミックス	うおぬまゆう	9784757589919			未取得	済
qid:Q11621870|name:じゃあ、君の代わりに殺そうか?～プリクエル〈前日譚〉～	じゃあ、君の代わりに殺そうか?～プリクエル〈前日譚〉～	未掲載		4	2022-02	2024-01	ヤングチャンピオン・コミックス	蔵人健吾 / 月並甲介	9784253306713			未取得	済
name:ふじあか正人|name:ドラえもんひみつ道具百科.	ドラえもんひみつ道具百科.	同題別著者(要確認)		2	2023-12	2023-12		フジュ / 藤子・F・不二雄	9784092893337		doraemon	未取得	済
name:黒井モリー|name:ケダモノアラシ|sub:kiss me baby!	ケダモノアラシ	同題別著者(要確認)	kiss me baby!	5	2019-03	2023-11	Gush comics	園千代子	9784796412636			未取得	
qid:Q11556719|name:インド夫婦茶碗|sub:おかわり!	インド夫婦茶碗	同題別著者(要確認)	おかわり!	3	2021-01	2023-11	Bunkasha comics	流水凜子	9784821127276			未取得	
qid:Q2661273|name:武田信玄	武田信玄	同題別著者(要確認)		10	1993-07	2023-07	My first big special / 文春文庫	新田次郎 / さいとう・たかを	9784098036790		takeda-shingen	未取得	済
qid:Q11470077|name:恋人は旦那さま～Dear youこれからも～	恋人は旦那さま～Dear youこれからも～	未掲載		4	2022-05	2023-05	プチコミックフラワーコミックスα	山田こもも	9784098716531		koibito-wa-danna-sama	未取得	済
name:漂月|name:人狼への転生、魔王の副官|sub:はじまりの章	人狼への転生、魔王の副官	未掲載	はじまりの章	8	2018-08	2023-05	EARTH STAR COMICS	瑚澄遊智 / 漂月 / 西E田	9784803012163		jinrou-eno-tensei-maou-no-fukukan-hajimari-no-show	未取得	済
qid:Q23292367|name:暴れ同心始末帳	暴れ同心始末帳	未掲載		2	2022-12	2023-03	SP comics = SPコミックス	武本サブロー	9784845859771			なし	済
name:百瀬祐一郎|name:ヒプノシスマイク|sub:division rap battle-side B.B & M.T.C +	ヒプノシスマイク	同題別著者(要確認)	division rap battle-side B.B & M.T.C +	4	2021-09	2023-02	シリウスコミックス	百瀬祐一郎 / キングレコード株式会社 / うまみザウルス	9784065250068		hypnosis-mic-before-the-battle-the-dirty-dawg	未取得	済
name:ジョンディー|name:アラフォー賢者の異世界生活日記	アラフォー賢者の異世界生活日記	同題別著者(要確認)		6	2018-11	2022-10	MFC	888 / 寿安清	9784040644653			未取得	済
name:CLAMP|name:CLAMP PREMIUM COLLECTION東京BABYLON	CLAMP PREMIUM COLLECTION東京BABYLON	未掲載		7	2022-06	2022-09	単行本コミックス	CLAMP	9784041116890			未取得	済
name:ミユキルリア|name:劣等眼の転生魔術師|sub:虐げられた最強の孤児が異世界で無双する	劣等眼の転生魔術師	同題別著者(要確認)	虐げられた最強の孤児が異世界で無双する	4	2020-09	2022-07	ヤングジャンプコミックス	柑橘ゆすら / 稍日向	9784088916804			未取得	済
name:Jay.|name:SHERLOCKベルグレービアの醜聞|sub:バイリンガル版	SHERLOCKベルグレービアの醜聞	未掲載	バイリンガル版	2	2019-12	2022-06		MoffatSteven / GatissMark / Jay.	9784046043665		sherlock	未取得	済
qid:Q551359|name:凄ノ王	凄ノ王	同題別著者(要確認)		18	1980-01-20	2022-03	 / Goma books / KCPX	永井豪 / ダイナミック・プロ / ダイナミックプロダクション	9784061726444		susanoou-densetsu	未取得	済
name:成田良悟|name:フェイト/ストレンジフェイク	フェイト/ストレンジフェイク	未掲載		2	2019-10	2022-02	TYPE-MOON BOOKS	成田良悟 / 森井しづき / TYPE-MOON	9784047309913			紹介文+書影	済
name:矢立肇|name:機動新世紀ガンダムX|sub:Re:Master Edition	機動新世紀ガンダムX	同題別著者(要確認)	Re:Master Edition	3	2022-01	2022-01	角川コミックス・エース	鴇田洸一 / 矢立肇 / 富野由悠季	9784041124185			未取得	済
qid:Q3234503|name:ドクシ|sub:blunt	ドクシ	未掲載	blunt	2	2021-05	2022-01	バーズコミックス	樋口大輔	9784344848542		dokushi	紹介文+書影	済
qid:Q11412214|name:Brothers|sub:スーパーサイボーグhem	Brothers	同題別著者(要確認)	スーパーサイボーグhem	5	2021-02	2022-01	Leed cafe comics	叶精作 / 小池一夫	9784845857050			未取得	済
qid:Q1385951|name:焼きたて!!ジャぱん～超現実(スーパーリアル)～	焼きたて!!ジャぱん～超現実(スーパーリアル)～	未掲載		5	2020-04	2021-12	少年サンデーコミックススペシャル	入江謙三 / 橋口たかし	9784098500918		yakitate-japan	未取得	済
name:nishi|name:乙女ゲームの破滅フラグしかない悪役令嬢に転生してしまった…|sub:絶体絶命! 破滅寸前編	乙女ゲームの破滅フラグしかない悪役令嬢に転生してしまった…	同題別著者(要確認)	絶体絶命! 破滅寸前編	3	2020-06	2021-08	IDコミックス	山口悟 / 小見川なまり	9784758035156			未取得	済
qid:Q106478418|name:マギアレコード|sub:魔法少女まどか☆マギカ外伝アナザーストーリー	マギアレコード	未掲載	魔法少女まどか☆マギカ外伝アナザーストーリー	2	2020-03	2021-06	Kirara menu	Magica Quartet / U35	9784832271739			書影のみ	済
qid:Q11584832|name:歌うたいの黒兎	歌うたいの黒兎	未掲載		6	2018-10	2021-05	マーガレットコミックス	石井まゆみ	9784088441122			書影のみ	済
qid:Q11279581|name:名門!第三野球部～リスタート～	名門!第三野球部～リスタート～	未掲載		2	2020-12	2021-05	モーニングKC	金木令 / むつ利之	9784065219362		meimon-dai-san-yakyuubu	未取得	済
name:百瀬祐一郎|name:ヒプノシスマイク|sub:division rap battle-side D.H & B.A.T	ヒプノシスマイク	同題別著者(要確認)	division rap battle-side D.H & B.A.T	2	2020-10	2021-03	KC magazine	百瀬祐一郎 / キングレコード株式会社 / 相羽紀行	9784065210246		hypnosis-mic-before-the-battle-the-dirty-dawg	未取得	済
qid:Q138577189|name:トーキョーカモフラージュアワー	トーキョーカモフラージュアワー	未掲載		2	2020-07	2020-12	YKコミックス / YOUNG KING COMICS	松本千秋	9784785967109			未取得	済
qid:Q448653|name:LOVE STAGE!!|sub:完全版	LOVE STAGE!!	同題別著者(要確認)	完全版	3	2020-10	2020-12	あすかコミックスCL-DX	影木栄貴 / つだみきよ	9784041099445			未取得	済
name:夏目漱石|name:こころ	こころ	同題別著者(要確認)		4	2005-07	2020-11	 / MANGA BUNGOシリーズ / まんがで読破	夏目漱石 / 吉崎凪 / バラエティ・アートワークス	9784091848161		kokoro-natsume	未取得	済
name:藤子不二雄(A)|name:魔太郎がくる!!	魔太郎がくる!!	同題別著者(要確認)		2	2020-04	2020-06	Leed cafe comics	藤子不二雄Ⓐ	9784845855902		matarou-ga-kuru-2020	未取得	済
name:板倉俊之|name:トリガー	トリガー	同題別著者(要確認)		3	2020-04	2020-04	マンサンコミックス	板倉俊之 / 武村勇治	9784408176413		trigger	未取得	済
qid:Q11606613|name:IS〈インフィニット・ストラトス〉	IS〈インフィニット・ストラトス〉	未掲載		2	2019-09	2020-03	サンデーGXコミックス	結城焔 / 弓弦イズル	9784091575746			紹介文+書影	済
name:MON-MON|name:天然淑女リアル体験	天然淑女リアル体験	未掲載		2	2019-12	2020-02	SP pocket wide	MON-MON / ドリルムラタ / 杉友カヅヒロ	9784845855438			なし	
qid:Q725387|name:風魔の小次郎|sub:究極最終版	風魔の小次郎	同題別著者(要確認)	究極最終版	3	2019-11	2020-01		車田正美	9784778033200		fuuma-no-kojirou-gaiden	未取得	済
qid:Q11590453|name:弍十手物語	弍十手物語	未掲載		9	2018-05	2020-01	Comic魂別冊 / Comic魂別冊神江里見	神江里見	9784073400325			紹介文+書影	済
name:日本コロムビア|name:ゆずのどうぶつカルテ～小さな獣医～|sub:こちらわんニャンどうぶつ病院	ゆずのどうぶつカルテ～小さな獣医～	未掲載	こちらわんニャンどうぶつ病院	3	2019-06	2020-01	講談社コミックスなかよし	伊藤みんご	9784065161982		yuzu-no-doubutsu-karte	未取得	済
name:大崎亮平|name:とびだせどうぶつの森|sub:はりきり村長イッペー!	とびだせどうぶつの森	同題別著者(要確認)	はりきり村長イッペー!	2	2018-09	2019-11	コロコロコミックス	大崎亮平	9784091427441		tobidase-doubutsu-no-mori-harikiri-sonchou-ippee	未取得	済
qid:Q3135257|name:宮本から君へ|sub:シネマセレクション	宮本から君へ	未掲載	シネマセレクション	2	2019-10	2019-10	SP pocket wide	新井英樹	9784845855216			書影のみ	済
qid:Q8917466|name:風霊王(かぜおう)	風霊王(かぜおう)	同題別著者(要確認)		2	2019-09	2019-09	ASUKA COMICS DX	厦門潤	9784041087961			紹介文+書影	済
name:チャールズ・M・シュルツ|name:スヌーピーのもっと気楽に	スヌーピーのもっと気楽に	同題別著者(要確認)		5	2019-06	2019-09	朝日文庫	谷川俊太郎 / SchulzCharles Monroe	9784022619723			未取得	済
qid:Q276378|name:ホス探へようこそ～another～	ホス探へようこそ～another～	未掲載		2	2018-08	2019-08	花とゆめCOMICS SPECIAL	立野真琴	9784592217992		hosu-tan-e-youkoso	未取得	済
name:絵津鼓|name:JOY	JOY	同題別著者(要確認)		2	2018-01	2019-08	Honey Milk Comics	絵津鼓	9784065108499			未取得	済
qid:Q4721168|name:幻獣の星座～星獣編～	幻獣の星座～星獣編～	未掲載		6	2016-04-25	2019-07	PRINCESS COMICS	秋乃茉莉	9784253272544		genjuu-no-seiza	未取得	済
name:ZEN|name:リトルバスターズ!	リトルバスターズ!	未掲載		2	2018-02	2019-07	電撃コミックスNEXT	Key / ZEN	9784048936477		little-busters-end-of-refrain	未取得	済
qid:Q11552301|name:ゴブリンスレイヤー|sub:ブランニュー・デイ	ゴブリンスレイヤー	同題別著者(要確認)	ブランニュー・デイ	2	2018-09	2019-06	ビッグガンガンコミックス	池野雅博	9784757558625			未取得	済
name:いちかわ壱|name:ただいま、おかえり|sub:ひとやすみ	ただいま、おかえり	同題別著者(要確認)	ひとやすみ	2	2019-05	2019-05	Poe backs	九重千花	9784865895582			未取得	済
qid:Q2279877|name:Worst|sub:アンコール出版	Worst	同題別著者(要確認)	アンコール出版	9	2013-10	2019-04	Akita top comics wide	髙橋ヒロシ	9784253246927			未取得	済
name:満月シオン|name:英雄教室|sub:ガールズミッション	英雄教室	同題別著者(要確認)	ガールズミッション	2	2018-05	2019-03	ガンガンコミックスonline	満月シオン	9784757557185			未取得	済
name:水野良|name:魔法戦士リウイ	魔法戦士リウイ	同題別著者(要確認)		5	2017-02	2019-01	ファミ通クリアコミックス	長谷川光司	9784047344754			未取得	済
name:ブライアン・アザレロ|name:ジョーカー	ジョーカー	同題別著者(要確認)		2	2011-03	2018-12	DC COMICS / ShoPro Books	高木亮 / ブライアン・アザレロ / リー・ベルメホ	9784796870870			未取得	済
qid:Q11469401|name:Gold	Gold	同題別著者(要確認)		2	2018-10	2018-11	YKベスト	山本隆一郎	9784785963019		gold-2004	未取得	済
qid:Q11473338|name:夜の戦士|sub:信玄の忍び	夜の戦士	同題別著者(要確認)	信玄の忍び	2	2018-09	2018-10	SP comics	岡村賢二	9784845853571		yoru-no-suit-okamura	未取得	済
qid:Q70263293|name:響|sub:小説家になる方法 : 公式映画原作本	響	同題別著者(要確認)	小説家になる方法 : 公式映画原作本	2	2018-09	2018-09	BIG SUPERIOR COMICS SPECIAL	柳本光晴	9784098601059			未取得	済
name:ジークレスト|name:夢王国と眠れる100人の王子様|sub:a little record	夢王国と眠れる100人の王子様	未掲載	a little record	2	2017-02	2018-08	HANATOYUME COMICS SPECIAL / ビーズログコミックス	ジークレスト	9784047344631			紹介文+書影	
name:榊一郎|name:スクラップド・プリンセス	スクラップド・プリンセス	同題別著者(要確認)		3	2017-05	2018-07	ファミ通クリアコミックス	宗我部としのり	9784047345959			未取得	済
qid:Q2875041|name:仁義 抗争決着編	仁義 抗争決着編	未掲載		7	2017-11	2018-05	AKTA TOP COMICS 500 / Akita top comics 500	立原あゆみ	9784253248785			書影のみ	済
qid:Q11466555|name:龍狼伝 王霸立国編	龍狼伝 王霸立国編	未掲載		2	2017-03-17	2018-04	MONTHLY SHONEN MAGAZINE COMICS	山原義人	9784063925715		ryuurouden	紹介文+書影	済
name:永井豪&ダイナミックプロ|name:激マン!スペシャル	激マン!スペシャル	未掲載		3	2018-01	2018-04	Gコミックス	永井豪	9784537163285		gekiman	書影のみ	済
qid:Q11266338|name:銀行渉外担当竹中治夫 大阪編	銀行渉外担当竹中治夫 大阪編	未掲載		2	2017-11	2018-02	KCDX	こしのりょう	9784063933116		ginkou-shougai-tantou-takenaka-haruo	未取得	済
name:ダイナミックプロ|name:デビルマン	デビルマン	同題別著者(要確認)		9	1972-12	2018-02	Kodansha bilingual comics / ビッグコミックススペシャル / 講談社コミックス	永井豪 / ダイナミック・プロ / ダイナミックプロダクション	9784061091764		devilman-no-sekai	未取得	済
qid:Q618883|name:ミスター味っ子 幕末編	ミスター味っ子 幕末編	未掲載		2	2016-09	2017-12	Asahiコミックス	寺沢大介	9784022142191		mister-ajikko	未取得	済
qid:Q551359|name:デビルマン	デビルマン	同題別著者(要確認)		29	1973-03	2017-12	Akita top comics wide / KCDX / KCデラックス	永井豪 / 蛭田充 / ダイナミックプロダクション	9784061091894		devilman-no-sekai	未取得	済
name:きみどり|name:花鈴のマウンド	花鈴のマウンド	同題別著者(要確認)		2	2017-08	2017-09	ソノラマ+コミックス	園田俊樹	9784021002656			未取得	済
qid:Q3045424|name:グラップラー刃牙 最大トーナメント編	グラップラー刃牙 最大トーナメント編	未掲載		11	2016-11	2017-09	Akita top comics 500	板垣恵介	9784253248365		grappler-baki	未取得	済
qid:Q9104481|name:夢やしきへようこそ 帝都編	夢やしきへようこそ 帝都編	未掲載		3	2015-10	2017-08	夢幻燈comics	さちみりほ	9784596580122		yume-yashiki-e-youkoso	未取得	済
name:池波正太郎|name:剣客商売 BEST SELECTION	剣客商売 BEST SELECTION	未掲載		5	2015-07	2017-08	SP pocket wide	池波正太郎 / 大島やすいち	9784845846320		kenkaku-shoubai	未取得	済
qid:Q11560284|name:カンナさーん! アラフォー編	カンナさーん! アラフォー編	未掲載		3	2017-07	2017-08	クイーンズコミックス	深谷かほる	9784088656762		kannasaan	未取得	済
name:説話社|name:心霊実況中継スペシャル	心霊実況中継スペシャル	同題別著者(要確認)		3	2014-08	2017-07	マンサンコミックス	山本まゆり / きもとのりこ / 秋山るんな	9784408175034			未取得	済
qid:Q8062691|name:夢幻紳士 怪奇篇	夢幻紳士 怪奇篇	未掲載		2	2007-05	2017-04	 / ハヤカワコミック文庫	高橋葉介	9784150308896		mugen-shinshi	未取得	済
qid:Q11673673|name:アスタロト・クロニクル	アスタロト・クロニクル	未掲載		2	2017-02-11	2017-04		魔夜峰央	9784778038113		astaroth	未取得	済
qid:Q3201020|name:SWAN ドイツ編	SWAN ドイツ編	未掲載		2	2016-04	2017-04		有吉京子	9784582287776		swan	未取得	済
qid:Q9124928|name:アタック!!～約束のコート～	アタック!!～約束のコート～	未掲載		2	2016-05	2017-02	ACTION COMICS	大島司	9784575848076		attack	未取得	済
qid:Q8972749|name:GAME	GAME	同題別著者(要確認)		2	2006-09	2017-01	Daito comics BL シリーズ / Shodensha boys love collection	今市子	9784396780203			未取得	済
name:クロノギアクリエイティヴ|name:探偵オペラミルキィホームズはじめまして。	探偵オペラミルキィホームズはじめまして。	未掲載		2	2016-01	2016-11	単行本コミックス	水島空彦	9784048994156		tantei-opera-milky-holmes	未取得	済
qid:Q3045424|name:グラップラー刃牙 幼年編	グラップラー刃牙 幼年編	未掲載		3	2016-08	2016-10	Akita top comics wide	板垣恵介	9784253244787		grappler-baki	未取得	済
qid:Q11541939|name:Do Da Dancin'! ヴェネチア国際編	Do Da Dancin'! ヴェネチア国際編	未掲載		6	2016-08	2016-10	コミック版	槇村さとる	9784086196314		do-da-dancin	未取得	済
qid:Q7497596|name:ドカベン ドリームトーナメント編別巻	ドカベン ドリームトーナメント編別巻	未掲載		2	2016-02-15	2016-09-15	SHŌNEN CHAMPION COMICS	水島新司	9784253219105		dokaben	未取得	済
name:及川コウ|name:ナニワ銭道	ナニワ銭道	同題別著者(要確認)		5	2015-11	2016-07	このマンガがすごい!comics	雲之助 / 雲之助	9784800248251			未取得	
qid:Q302859|name:RiN	RiN	同題別著者(要確認)		14	2013-05-17	2016-06-17	MONTHLY SHONEN MAGAZINE COMICS / 講談社コミックスデラックス	ハロルド作石	9784063768237			未取得	済
qid:Q3045424|name:グラップラー刃牙 地下闘技場編	グラップラー刃牙 地下闘技場編	未掲載		2	2016-05	2016-06	Akita top comics wide	板垣恵介	9784253244282		grappler-baki	未取得	済
qid:Q17572|name:オバケのQ太郎	オバケのQ太郎	同題別著者(要確認)		24	2009-07-29	2016-05-03	The complete works of Fujiko・F・Fujio / てんとう虫コミックス / 藤子・F・不二雄大全集	藤子不二雄Ⓐ / 藤子・F・不二雄	9784091420480			未取得	済
qid:Q1188657|name:セクシーボイス＆ロボ	セクシーボイス＆ロボ	未掲載		2	2016-03	2016-04	モーニングKC	黒田硫黄	9784063885354			紹介文+書影	済
qid:Q208582|name:ドラゴンボール ピッコロ大魔王編	ドラゴンボール ピッコロ大魔王編	未掲載		4	2016-03-09	2016-03-09	ジャンプ・コミックス	鳥山明	9784088806211		dragon-ball	未取得	済
name:雨市|name:07-ghost	07-ghost	同題別著者(要確認)		5	2015-11	2016-03	IDコミックス	雨市	9784758031288			未取得	済
qid:Q208582|name:ドラゴンボール 少年編	ドラゴンボール 少年編	未掲載		8	2016-01-09	2016-02-09	ジャンプ・コミックス	鳥山明	9784088805719		dragon-ball	未取得	済
qid:Q9124928|name:アタック!! ～約束のコート～	アタック!! ～約束のコート～	未掲載		2	2015-08	2015-11	ACTION COMICS	大島司	9784575846737		attack	未取得	済
qid:Q11316376|name:ロボットポンコッツ スペシャリスト編	ロボットポンコッツ スペシャリスト編	未掲載		2	2015-10	2015-10	KCDX	下田淳 / タモリはタル / レッド・エンタテインメント	9784063773316		robot-ponkottsu	未取得	済
name:雨市|name:07-GHOST	07-GHOST	同題別著者(要確認)		3	2015-08	2015-10	IDコミックス	雨市	9784758031011			未取得	済
name:重松成美|name:BABEL	BABEL	同題別著者(要確認)		5	2012-05	2015-09	IKKI COMICS / Ikki comix	重松成美	9784091885845			未取得	済
name:座紀光倫|name:ROSE GUNS DAYS Last Season	ROSE GUNS DAYS Last Season	未掲載		2	2015-08	2015-08	ビッグガンガンコミックス	座紀光倫	9784757547209			書影のみ	済
name:東条さかな|name:Rewrite:SIDE-B	Rewrite:SIDE-B	未掲載		8	2011-04	2015-07	アスキー・メディアワークス / 電撃コミックス	東条さかな / KEY by Ylab	9784048652827			紹介文+書影	済
qid:Q618883|name:将太の寿司2	将太の寿司2	未掲載		2	2015-01	2015-06	イブニングKC	寺沢大介	9784063545524		shouta-no-sushi	未取得	済
qid:Q7497596|name:ドカベン ドリームトーナメント編 別巻	ドカベン ドリームトーナメント編 別巻	未掲載		5	2012-09-20	2015-04-15	SHŌNEN CHAMPION COMICS / 少年チャンピオン・コミックス	水島新司	9784253219051		dokaben	未取得	済
qid:Q5209147|name:西遊妖猿伝 西域篇	西遊妖猿伝 西域篇	未掲載		6	2009-06	2015-04	モーニングKC	諸星大二郎	9784063728088		saiyuu-youenden	未取得	済
qid:Q11538067|name:本当にあった笑える話	本当にあった笑える話	未掲載		2	2007-01	2015-04	 / ぶんか社ムック	桜木さゆみ / すみれいこ / チャールズ後藤	9784821166169			未取得	済
qid:Q11585349|name:アイムホーム	アイムホーム	未掲載		2	2015-04	2015-04	ビッグコミックススペシャル	石坂啓	9784091870865			紹介文+書影	済
qid:Q3045424|name:範馬刃牙 史上最強の親子喧嘩編	範馬刃牙 史上最強の親子喧嘩編	未掲載		7	2014-08	2015-02	Akita top comics wide	板垣恵介	9784253247528		hanma-baki	未取得	済
name:茶鳥木明代|name:デュラララ!! 黄巾賊編	デュラララ!! 黄巾賊編	未掲載		3	2013-10	2015-01	G fantasy comics	茶鳥木明代 / 成田良悟	9784757541115		durarara	未取得	済
qid:Q7784543|name:シルバークロス	シルバークロス	同題別著者(要確認)		3	2014-07	2014-10		藤子不二雄Ⓐ	9784778032852			未取得	済
name:CUTEG|name:彼女がフラグをおられたら～ルートラブ～	彼女がフラグをおられたら～ルートラブ～	未掲載		2	2014-04-02	2014-07-02	シリウスKCDX	綾咲千城 / CUTEG / 竹井10日	9784063769746			紹介文+書影	済
qid:Q11275808|name:駅弁ひとり旅ザ・ベスト	駅弁ひとり旅ザ・ベスト	未掲載		4	2013-09	2014-05	ACTION COMICS	はやせ淳	9784575842821		ekiben-hitoritabi	未取得	済
name:中目黒さくら|name:キャッツ♥愛	キャッツ♥愛	未掲載		8	2011-04	2014-04	ゼノンコミックス	阿左維シン / 北条司 / 中目黒さくら	9784199800023			書影のみ	済
name:弓弦イズル|name:IS	IS	同題別著者(要確認)		5	2010-12	2014-01	MFコミックス / OVERLAP COMICS	弓弦イズル	9784840137171			未取得	
qid:Q11669995|name:リトルバスターズ!	リトルバスターズ!	未掲載		6	2009-04	2013-12	電撃コミックス	KEY by Ylab / 高木信孝	9784048661720			未取得	済
qid:Q11371047|name:SPEC～結～	SPEC～結～	未掲載		2	2013-11	2013-12	角川コミックス・エース	了春刀 / 西荻弓絵	9784041208885			書影のみ	済
name:アイディアファクトリー|name:薄桜鬼	薄桜鬼	同題別著者(要確認)		4	2010-06	2013-10	B's log comics / ビーズログコミックス	二宮サチ / アイディアファクトリー / デザインファクトリー	9784047265318		hakuouki-esuesueru-sweet-school-life	未取得	済
name:オーガスト|name:大図書館の羊飼い	大図書館の羊飼い	同題別著者(要確認)		2	2013-02	2013-10	MFコミックス	佃煮のりお / オーガスト	9784840150040			書影のみ	済
name:平井和正|name:ウルフガイ	ウルフガイ	同題別著者(要確認)		2	2013-09	2013-10	King series	平井和正 / かどたひろし	9784862259493			未取得	済
qid:Q275121|name:アルカナ	アルカナ	未掲載		2	2013-10	2013-10	角川コミックス・エース	小手川ゆあ	9784041209240			紹介文+書影	済
name:Key|name:リトルバスターズ!	リトルバスターズ!	未掲載		4	2008-09	2013-09	角川コミックス・エース	あなぐらもぐら / KEY by Ylab / 黒八	9784041206300			未取得	済
qid:Q725387|name:聖闘士星矢EPISODE.G	聖闘士星矢EPISODE.G	未掲載		21	2003-07-20	2013-08	チャンピオンREDコミックス / チャンピオンREDコミックス Champion RED Comics	車田正美 / 岡田芽武	9784253231107		saint-seiya	未取得	済
qid:Q749265|name:C0DE:BREAKER	C0DE:BREAKER	未掲載		14	2011-06	2013-07-17	講談社キャラクターズA / 講談社コミックス / 講談社コミックスマガジン	上条明峰	9784063584097			紹介文+書影	済
qid:Q11641774|name:ぱら★いぞ	ぱら★いぞ	未掲載		2	2011-02	2013-07	Wani magazine comics special	道満晴明	9784862691583			なし	済
qid:Q967455|name:BROTHERS	BROTHERS	同題別著者(要確認)		5	2013-02	2013-06	King series	叶精作 / 小池一夫	9784862258885			未取得	済
qid:Q208582|name:ドラゴンボール フリーザ編	ドラゴンボール フリーザ編	未掲載		5	2013-04-09	2013-04-09	ジャンプ・コミックス	鳥山明	9784088707129		dragon-ball	未取得	済
qid:Q11574300|name:チェンジH	チェンジH	同題別著者(要確認)		7	2009-12	2013-04	TSコミックス	長月みそか / 綾杉つばき / 吉田悟郎	9784785932787			未取得	済
name:桑原水菜|name:イルゲネス 偽翼の交響曲	イルゲネス 偽翼の交響曲	未掲載		3	2011-10	2013-04	Avarus series	桑原水菜 / 石据カチル	9784800000064		irugenesu	未取得	済
qid:Q11623533|name:【急募】村長さん	【急募】村長さん	未掲載		2	2012-08-25	2013-03-25	花とゆめCOMICS	藤原規代	9784592190561			書影のみ	済
name:菅正太郎|name:輪廻のラグランジェ	輪廻のラグランジェ	同題別著者(要確認)		4	2012-01	2013-03	ヤングガンガンコミックス	吉岡公威 / 菅正太郎	9784757534773			未取得	済
name:茶鳥木明代|name:デュラララ!! 罪歌編	デュラララ!! 罪歌編	未掲載		2	2012-09	2013-03	GFC super	茶鳥木明代 / 成田良悟	9784757537118		durarara	未取得	済
qid:Q418449|name:吉田秋生	吉田秋生	未掲載		2	1982-07-15	2012-12-12	 / フラワーコミックスマスターピーシーズ	吉田秋生	0371820482831		yoshida-akimi-the-best-selection	未取得	済
qid:Q6378134|name:銀河英雄伝説	銀河英雄伝説	同題別著者(要確認)		32	1990-02-25	2012-10	Animage chara comics / Animage comics special / Chara comics	田中芳樹 / 道原かつみ	9784197701377		ginga-eiyuu-densetsu-gaiden-ougon-no-tsubasa	未取得	済
qid:Q17572|name:UTOPIA	UTOPIA	同題別著者(要確認)		2	1991-02-03	2012-09-30	The complete works of Fujiko・F・Fujio / 中公コミックス	藤子不二雄 / 藤子不二雄Ⓐ / 藤子・F・不二雄	9784091435026		utopia-saigo-no-sekai-taisen	紹介文+書影	済
qid:Q2875041|name:極道の食卓 獄中編	極道の食卓 獄中編	未掲載		2	2011-10	2012-07	プレイコミック・シリーズ	立原あゆみ	9784253251242		gokudou-no-shokutaku	未取得	済
qid:Q11363492|name:新カラテ地獄変 孤狼放浪編	新カラテ地獄変 孤狼放浪編	未掲載		2	2012-06	2012-07	KCDX	梶原一騎 / 中城けんたろう	9784063766585			未取得	済
qid:Q1578169|name:林檎と蜂蜜 憂鬱な赤林檎編	林檎と蜂蜜 憂鬱な赤林檎編	未掲載		5	2012-02	2012-04	集英社文庫	宮川匡代	9784086192231		ringo-to-hachimitsu	未取得	済
qid:Q463078|name:女子高生 バカ軍団波乱の修学旅行	女子高生 バカ軍団波乱の修学旅行	未掲載		2	2011-12	2011-12	双葉文庫	大島永遠	9784575727838			書影のみ	済
qid:Q873283|name:Dear	Dear	同題別著者(要確認)		6	2011-07	2011-12	ガンガンコミックスjoker	藤原ここあ	9784757532915		dear	未取得	済
qid:Q10938181|name:神曲奏界ポリフォニカ	神曲奏界ポリフォニカ	同題別著者(要確認)		3	2009-06	2011-11	Flex comix	米村孝一郎 / 大迫純一	9784797355017			未取得	済
name:一川未宇|name:まんがグリム童話	まんがグリム童話	同題別著者(要確認)		2	2010-01	2011-11	まんがグリム童話	小山田いく / 空路 / 天ヶ江ルチカ	9784821172368			未取得	済
name:ひらく椥|name:薄桜鬼 新選組奇譚	薄桜鬼 新選組奇譚	未掲載		2	2011-07	2011-10	シルフコミックス	ひらく椥 / オトメイト / 「薄桜鬼碧血録」製作委員会	9784048706223		hakuouki	書影のみ	済
name:茶谷あみ|name:君のせい～傷跡～	君のせい～傷跡～	未掲載		2	2011-03	2011-10	アルカナコミックス	茶谷あみ / 咲良色	9784797361056		kimi-no-sei	未取得	済
qid:Q11280195|name:天上天下唯我独尊 スペシャル	天上天下唯我独尊 スペシャル	未掲載		5	2011-03	2011-07	Gコミックス	もりやまつる	9784537157758		tenjou-tenge-yuiga-dokuson	未取得	済
qid:Q11551675|name:胡蝶伝説 六本木激闘編	胡蝶伝説 六本木激闘編	未掲載		2	2011-02	2011-06	Queen's comics	池田ユキオ	9784088656182		ageha-densetsu	未取得	済
qid:Q11534451|name:盗撮影手パパラッチ	盗撮影手パパラッチ	同題別著者(要確認)		3	2011-05	2011-06	King series / King series 漫画スーパーワイド	小池一夫 / 柳澤一明	9784862257338			未取得	済
name:つか絵夢子|name:まんがグリム童話	まんがグリム童話	同題別著者(要確認)		2	2007-04	2011-05	まんがグリム童話	岡田純子 / 安武わたる / 空路	9784821171576			未取得	済
qid:Q1015799|name:DEAR BOYS ACTⅢ	DEAR BOYS ACTⅢ	未掲載		6	2009-06-17	2011-02-17	KCGM	八神ひろき	9784063712018		dear-boys	未取得	済
qid:Q912386|name:わたしにXXしなさい!	わたしにXXしなさい!	未掲載		5	2009-10-06	2011-02-04	講談社コミックスなかよし	遠山えま	9784063642360			紹介文+書影	済
qid:Q1721423|name:太陽の黙示録 建国編	太陽の黙示録 建国編	未掲載		9	2008-07	2011-02	ビッグコミックス	かわぐちかいじ	9784091820181		taiyou-no-mokushiroku	未取得	済
name:梅原猛|name:ヤマトタケル	ヤマトタケル	同題別著者(要確認)		4	1988-01	2011-02	 / あすかコミックス / 山岸凉子スペシャルセレクション	梅原猛 / 山岸凉子	9784048520867			未取得	済
qid:Q3181532|name:テニスの王子様 完全版 season 1	テニスの王子様 完全版 season 1	未掲載		2	2010-12	2011-02	愛蔵版コミックス	許斐剛	9784087823141		tennis-no-ouji-sama	未取得	済
qid:Q10884012|name:ユダヤ人大富豪の教え スイス篇	ユダヤ人大富豪の教え スイス篇	未掲載		2	2011-01	2011-01		今谷鉄柱	9784479793106		yudayajin-daifugou-no-oshie	未取得	済
name:長尾朋寿|name:ホロ酔い酒房	ホロ酔い酒房	同題別著者(要確認)		5	2006-01	2011-01	マンサンQコミックス / マンサンコミックス	長尾ともひさ	9784408169651			未取得	済
qid:Q6102301|name:つぼみ	つぼみ	未掲載		4	2009-11	2010-12	Manga time KR comics	磯本つよし / 関谷あさみ / 吉富昭仁	9784832278585			書影のみ	済
name:D3パブリッシャー|name:VitaminZ	VitaminZ	同題別著者(要確認)		2	2010-05	2010-12	ビーズログコミックス	住吉文子 / D3パブリッシャー	9784047265301			未取得	済
name:高殿円|name:神曲奏界ポリフォニカ	神曲奏界ポリフォニカ	同題別著者(要確認)		3	2009-09-30	2010-11-30	PRINCESS COMICS	藤丘ようこ / 高殿円	9784253194976			未取得	済
qid:Q11267671|name:星のカービィ	星のカービィ	同題別著者(要確認)		17	1996-04	2010-11-02	てんとう虫コミックススペシャル / ぴっかぴかコミックス カラー版	さくま良子	9784091402882		hoshi-no-kirby-pupupu-na-mainichi	未取得	済
name:寺澤広蔵|name:（新）ブラックジャックによろしく	（新）ブラックジャックによろしく	未掲載		3	2009-11-04	2010-10	Big spirits comics special	佐藤秀峰 / 寺澤広蔵	9784091827005			未取得	済
qid:Q7499514|name:純愛特攻隊長!　本気	純愛特攻隊長!　本気	未掲載		3	2010-01	2010-10	講談社コミックスB	清野静流	9784063416640		junai-tokkou-taichou	未取得	済
name:夏目漱石|name:三四郎	三四郎	同題別著者(要確認)		2	2010-05	2010-08	MANGA BUNGOシリーズ / マンガで読む名作	夏目漱石 / 上田しんご / 加藤礼次朗	9784537125818			未取得	済
name:関川哲夫|name:ヘルボーイ	ヘルボーイ	同題別著者(要確認)		3	2008-08	2010-06	Jive American comicsシリーズ	関川哲夫	9784861765384			未取得	
name:ごぉ|name:ひまわり	ひまわり	同題別著者(要確認)		2	2010-04	2010-06	角川コミックス・エース	森崎くるみ / ごぉ / ぶらんくのーと	9784047154445			未取得	済
qid:Q471103|name:劇画家畜人ヤプー	劇画家畜人ヤプー	同題別著者(要確認)		2	1983-06	2010-03-18		石ノ森章太郎 / 沼正三	9784780801439			未取得	済
name:九猫あざみ|name:新ラブツナ	新ラブツナ	同題別著者(要確認)		2	2009-11	2010-02	ピクト・コミックス	九猫あざみ	9784904312636			未取得	
name:鳴海涼|name:スポットライト	スポットライト	同題別著者(要確認)		3	2009-07	2010-01	KCDX	鳴海涼	9784063757521			未取得	済
name:夏生恒|name:誰にも言えない(秘)	誰にも言えない(秘)	未掲載		6	2005-03-23	2009-11-06	ガールズポップコレクション / ダイヤモンドコミックス. ガールズポップコレクション	夏葉ヤシ / 夏生恒 / 将貴和寿	9784790114369			未取得	済
qid:Q11272160|name:スティッチ!	スティッチ!	同題別著者(要確認)		2	2009-04-01	2009-11-02	てんとう虫コミックススペシャル	つきりのゆみ	9784091408143			未取得	済
name:川内康範|name:月光仮面 平和の章	月光仮面 平和の章	未掲載		3	2009-09-03	2009-09-03	マンガショップシリーズ	川内康範 / 桑田二郎	9784775913307			未取得	済
name:天ケ江ルチカ|name:まんがグリム童話	まんがグリム童話	同題別著者(要確認)		2	2009-04	2009-08	まんがグリム童話	小山田いく / 藤田あつ子 / 北川玲子	9784821187928			未取得	済
name:きだたつみ|name:つぼみ	つぼみ	未掲載		2	2009-02	2009-08	Manga time KR comics	宇河弘樹 / 宮内由香 / 吉富昭仁	9784832277786			書影のみ	済
name:菊池一|name:（新）ブラックジャックによろしく	（新）ブラックジャックによろしく	未掲載		6	2007-04-01	2009-06-03	Big spirits comics special	佐藤秀峰 / 菊池一 / 寺澤広蔵	9784091811899			未取得	済
qid:Q11549680|name:真・カルラ舞う!	真・カルラ舞う!	未掲載		8	2006-12	2009-06	BONITA COMICS	永久保貴一	9784253097154			未取得	済
qid:Q11269443|name:海の大陸Noa×	海の大陸Noa×	同題別著者(要確認)		2	2008-07	2009-06	KCDX	じゅきあきら・T・	9784063755312		shinsouban-umi-no-tairiku-noa	未取得	済
qid:Q11280478|name:三国志	三国志	同題別著者(要確認)		3	2009-05	2009-06	King series	やまさき拓味	9784862254467			未取得	済
qid:Q5209147|name:西遊妖猿伝 大唐篇	西遊妖猿伝 大唐篇	未掲載		10	2009-01	2009-05	モーニングKCDX	諸星大二郎	9784063756616		saiyuu-youenden	未取得	済
qid:Q11534127|name:ドリームキング	ドリームキング	未掲載		5	2005-04	2009-05	GS comics / YKコミックス	柳内大樹	9784056038811		dream-king	未取得	済
qid:Q468761|name:キメラ	キメラ	同題別著者(要確認)		2	2009-04	2009-05	Zero comics	こだか和麻	9784862635709			未取得	済
qid:Q47582971|name:ねこぱんち	ねこぱんち	同題別著者(要確認)		3	2007-12	2009-05	にゃんcomi	たらさわみち	9784785928643		neko-punch-deka-mori	未取得	済
qid:Q193300|name:新寳島	新寳島	未掲載		2	2009-03	2009-03-04		酒井七馬 / 手塚治虫	9784778031084			紹介文+書影	済
name:姫川明|name:ゼルダの伝説	ゼルダの伝説	同題別著者(要確認)		10	2000-02-25	2009-03-03	てんとう虫コミックススペシャル	姫川明	9784091401168		zelda-no-densetsu-twilight-princess	未取得	済
name:コンプティーク|name:らき・すたコミックアラカルト	らき・すたコミックアラカルト	未掲載		4	2007-09	2009-03	単行本コミックス	コンプティーク編集部	9784048541268			書影のみ	
name:茶留たかふみ|name:漫画版世界の歴史	漫画版世界の歴史	未掲載		2	2009-01	2009-02	集英社文庫	茶留たかふみ / 井上大助 / 本村凌二	9784087463255			紹介文+書影	済
name:ペプシ|name:骸VSヒバリ	骸VSヒバリ	同題別著者(要確認)		2	2008-07	2008-11	ピクト・コミックス	ペプシ	9784904312001			未取得	
qid:Q11367095|name:CROWN	CROWN	同題別著者(要確認)		5	2006-09	2008-10	Blade comics	中西達郎	9784861272950			未取得	済
qid:Q22129976|name:矢車剣之助 迅雷編	矢車剣之助 迅雷編	未掲載		3	2008-08-15	2008-08-15	MANGA Shop Series	堀江卓	9784775912492		yaguruma-kennosuke	未取得	済
name:ナツミチハル|name:誰にも言えない(秘)	誰にも言えない(秘)	未掲載		2	2008-01-30	2008-07-06	ガールズポップコレクション / ダイヤモンドコミックス. ガールズポップコレクション	夏生恒 / 俊成有人 / ナツミチハル	9784790120513			未取得	済
qid:Q516177|name:マッハgo go go	マッハgo go go	同題別著者(要確認)		2	2008-06	2008-07		吉田竜夫	9784777109494		mach-gogogo	未取得	済
qid:Q5508584|name:地球へ…	地球へ…	同題別著者(要確認)		2	2007-10	2008-05	G fantasy comics	林ふみの / 竹宮惠子	9784757521193			未取得	済
qid:Q11653035|name:HR	HR	同題別著者(要確認)		2	2006-11	2008-05	Kirara menu	長月みそか	9784832275997			未取得	済
qid:Q11385285|name:悪滅	悪滅	未掲載		2	2008-02	2008-03	Akita top comics wide	余湖裕輝 / 田畑由秋	9784253244510			なし	済
qid:Q41698730|name:ダークネス	ダークネス	未掲載		4	2006-07	2008-03		魔木子	9784821183203			未取得	済
name:野奇夜|name:Darker than black	Darker than black	同題別著者(要確認)		2	2007-08	2008-01	あすかコミックスDX	野奇夜 / 岡村天斎 / BONES	9784048541152			未取得	済
name:こうじま奈月|name:君主サマの恋のお相手	君主サマの恋のお相手	未掲載		2	2003-03	2007-12	Be-boy comics	こうじま奈月	9784835214290			書影のみ	済
qid:Q11242372|name:阿佐谷腐れ酢学園	阿佐谷腐れ酢学園	未掲載		2	2003-05	2007-11	Wani magazine comics special	SABE	9784862690388			なし	済
qid:Q3045424|name:バキ 神の子激突編	バキ 神の子激突編	未掲載		2	2007-10	2007-11	Akita top comics wide	板垣恵介	9784253243247			なし	済
qid:Q403201|name:ストロベリーちゃんの超華麗な生活	ストロベリーちゃんの超華麗な生活	未掲載		2	2004-04	2007-11	Zero comics	森永あい	9784835215754			書影のみ	済
qid:Q3045424|name:バキ 中国大擂台賽編	バキ 中国大擂台賽編	未掲載		2	2007-08	2007-09	Akita top comics wide	板垣恵介	9784253243223			なし	済
qid:Q9013687|name:Doubt!	Doubt!	同題別著者(要確認)		2	2002-09	2007-05	JOUR COMICS / 双葉文庫名作シリーズ	名香智子	9784575332759			未取得	済
qid:Q2279877|name:CROWS	CROWS	同題別著者(要確認)		17	2006-07	2007-04	SHONEN CHAMPION COMICS	髙橋ヒロシ	9784253211413			書影のみ	済
name:長尾文子|name:犬神家の一族	犬神家の一族	同題別著者(要確認)		2	2004-02	2007-01	Akita top comics wide / サスペリアミステリーコミックス	横溝正史 / 長尾文子	9784253185110			未取得	
qid:Q11385132|name:（新）マリエにお手!	（新）マリエにお手!	未掲載		2	2006-08	2006-10		佐香厚子	9784925187800			未取得	済
qid:Q11274881|name:リベロの武田	リベロの武田	未掲載		2	2006-07	2006-08	Missy comics	にわのまこと	9784776719533			未取得	済
qid:Q467415|name:Cat's・eye	Cat's・eye	未掲載		15	2005-11	2006-07	Tokuma comics	北条司	9784197803170			書影のみ	済
qid:Q17349658|name:本当にあった〔○生〕ここだけの話	本当にあった〔○生〕ここだけの話	未掲載		2	2005-12	2006-06	まんがタイムmy pal comics	鈴木ぺんた / 小池恵子 / 後藤ユタカ	9784832264311			未取得	済
qid:Q11532611|name:まんがグリム童話	まんがグリム童話	同題別著者(要確認)		3	2003-12	2006-06	まんがグリム童話	板東いるか	9784821180608			未取得	済
name:ダークホースコミックス|name:ヘルボーイ	ヘルボーイ	同題別著者(要確認)		2	2004-11	2006-05	Jive American comicsシリーズ	アウルズ・エージェンシー / ダークホースコミックス / 堺三保	9784861760143			未取得	
qid:Q11370397|name:ゾーンゼロゼロ	ゾーンゼロゼロ	未掲載		2	2005-02	2006-02	Zero comics	九条キヨ	9784835217079			書影のみ	済
name:きむらゆういち|name:あらしのよるに	あらしのよるに	同題別著者(要確認)		2	2005-12	2006-01-05	ぴっかぴかコミックスアニメ版 / マガジンZ KC	樋野友行 / きむらゆういち / 杉井ギサブロー	9784063492323			未取得	済
name:コンプティーク|name:SHUFFLE!コミックアラカルト	SHUFFLE!コミックアラカルト	未掲載		3	2005-01-08	2005-12-10	角川コミックス・エース	コンプティーク編集部	9784047136854			なし	
name:矢立肇|name:∀ガンダム	∀ガンダム	同題別著者(要確認)		2	2005-11	2005-12	Gレジェンドコミックス	矢立肇 / 富野由悠季 / ときた洸一	9784063721072			書影のみ	済
name:高橋ユキ|name:ヴァンパイア	ヴァンパイア	同題別著者(要確認)		2	2004-03	2005-10	ピチコミックス	高橋ユキ	9784056033724			未取得	済
qid:Q1738755|name:Gunsmith cats	Gunsmith cats	未掲載		4	2005-07	2005-10	アフタヌーンKCDX	園田健一	9784063720396		gunsmith-cats-burst	未取得	済
qid:Q11618228|name:Engage	Engage	同題別著者(要確認)		2	2005-07	2005-10	MBコミックス	草薙竜樹	9784408434254			書影のみ	済
qid:Q958256|name:元祖天才バカボン	元祖天才バカボン	未掲載		4	2005-09	2005-09	赤塚不二夫漫画大全集	赤塚不二夫	9784090017599			未取得	済
name:矢立肇|name:機動新世紀ガンダムX	機動新世紀ガンダムX	同題別著者(要確認)		3	2005-06	2005-08	講談社コミックス	矢立肇 / 富野由悠季 / ときた洸一	9784063720297			未取得	済
name:鈴木光司|name:リング	リング	同題別著者(要確認)		2	2005-06	2005-06	単行本コミックス	MEIMU / 高橋洋 / 鈴木光司	9784048538596			未取得	済
name:滝沢馬琴|name:八犬伝	八犬伝	同題別著者(要確認)		18	1995-08	2005-02	HMB / ニュータイプ100%コミックス	碧也ぴんく / 滝沢馬琴	9784048525848			未取得	済
qid:Q958269|name:キャプテン翼 ワールドユース編	キャプテン翼 ワールドユース編	未掲載		26	1994-12	2005-02	ジャンプ・コミックス / 集英社文庫 コミック版	高橋陽一	9784086182225		captain-tsubasa	未取得	済
qid:Q11277050|name:Cherry	Cherry	同題別著者(要確認)		2	2004-02	2005-01	WANI MAGAZINE COMICS / ワニマガジン・コミックス	ふじいあきこ / 秋山道夫	9784898299517			未取得	済
name:Sabe|name:初体験白書	初体験白書	未掲載		2	1998-11	2004-12	ワールドコミックスmax	SABE	9784765923224			なし	済
qid:Q11541939|name:Imagine 29	Imagine 29	未掲載		5	2000-10	2004-12	コーラスシリーズ / 集英社文庫	槇村さとる	9784086182638			書影のみ	済
name:西村ミツル|name:星に願いを	星に願いを	同題別著者(要確認)		2	2004-06	2004-10	ヤングジャンプ・コミックスBJ	堀口純男 / 西村ミツル	9784088766294			未取得	済
name:ノアール出版|name:大海賊時代	大海賊時代	未掲載		2	2002-02	2004-10		ノアール出版	9784860020361			なし	済
qid:Q348436|name:Happy!	Happy!	同題別著者(要確認)		38	1994-04	2004-08	BIG COMICS SPECIAL / ビッグコミックス	浦沢直樹	9784091834010			書影のみ	済
qid:Q11518743|name:マイニチ	マイニチ	未掲載		2	1994-10	2004-07	Bamboo comics / リターン・フェスティバル	木村千歌	9784765905763			なし	済
name:伊月慶悟|name:Point・D	Point・D	同題別著者(要確認)		3	2004-04	2004-05	Tokuma favorite comics	勘崎順次 / 伊月慶悟	9784197802272			未取得	済
qid:Q1851836|name:東京ミュウミュウ あ・ら・もーど	東京ミュウミュウ あ・ら・もーど	未掲載		2	2003-11-06	2004-04-06	講談社コミックスなかよし	講談社 / 征海美亜	9784063640342		tokyo-myuumyuu	未取得	済
name:河出書房新社|name:九龍	九龍	未掲載		6	2001-04	2003-11			9784309728032			書影のみ	
name:矢立肇|name:Theビッグオー	Theビッグオー	同題別著者(要確認)		2	2003-03	2003-10	マガジンZ KC	矢立肇 / ありがひとし	9784063491210			未取得	済
qid:Q43427119|name:コンシェルジュ	コンシェルジュ	同題別著者(要確認)		2	2003-01	2003-08	講談社コミックスBE LOVE	楠木あると	9784063190823			未取得	済
name:高城可奈|name:嵐のデスティニィ second stage	嵐のデスティニィ second stage	未掲載		3	2001-05	2003-07-30	Crimson Comics / クリムゾンコミックス	高城可奈	9784420170307		arashi-no-destiny	未取得	済
qid:Q11542157|name:まんがグリム童話	まんがグリム童話	同題別著者(要確認)		6	2002-01-15	2003-07-20	Kodansha sophia books	樋口雅一 / 西村佑子 / 池田香代子	9784062691659			未取得	済
qid:Q53764804|name:幸せ咲いた	幸せ咲いた	未掲載		3	2003-02	2003-05	Judy comics	ありさか邦	9784091692610			紹介文+書影	済
qid:Q3082793|name:ドラゴンクエストダイの大冒険	ドラゴンクエストダイの大冒険	同題別著者(要確認)		5	1995-12	2003-04	Shueisha jump remix / ジャンプ・コミックスデラックス	三条陸	9784081062898			未取得	済
qid:Q7784543|name:シルバー・クロス	シルバー・クロス	同題別著者(要確認)		2	2003-03	2003-03	藤子不二雄Aランド	藤子不二雄Ⓐ	9784835430447			未取得	済
qid:Q11382767|name:幸せな結婚	幸せな結婚	未掲載		2	2002-01	2003-02	ミッシィコミックス	佐伯かよの	9784872875980			なし	済
name:しのざき薫|name:幸せな結婚	幸せな結婚	未掲載		2	2002-11	2003-02	Missy comics	柴田あや子 / 三浦浩子 / 文月今日子	9784872877335			なし	済
name:石川賢＆ダイナミックプロ|name:虚無戦記	虚無戦記	同題別著者(要確認)		5	2002-04	2002-12	双葉文庫名作シリーズ	石川賢＆ダイナミックプロ	9784575723861			未取得	
qid:Q11501218|name:Loveless	Loveless	同題別著者(要確認)		2	2001-06-20	2002-08-20	フラワーコミックス	新井理恵	9784091361035			未取得	済
qid:Q11272358|name:ルチル	ルチル	未掲載		10	1999-07-07	2002-07-24	BIRZ COMICS RUTILE COLLECTION / ソニー・マガジンズ コミックス	胡原おみ / つづき春 / 緋色れーいち	9784344800205			なし	済
name:塚本哲也|name:エリザベート	エリザベート	同題別著者(要確認)		2	1996-06	2002-04	歴史ロマンcomics / 講談社漫画文庫	水野英子 / 塚本哲也	9784063602319			未取得	済
qid:Q602746|name:PROJECT ARMS	PROJECT ARMS	未掲載		6	2001-08-15	2002-01-15	少年サンデーコミックスビジュアルセレクション	皆川亮二	9784091267818			未取得	済
qid:Q11649074|name:ダブロウ・ゲート	ダブロウ・ゲート	未掲載		2	2001-05-01	2001-11-01	あすかコミックスDX	鈴木理華	9784048533522			なし	済
name:雁屋哲|name:野望の王国	野望の王国	同題別著者(要確認)		2	2001-07	2001-11	Gコミックス / ゴラク・コミックス	由紀賢二 / 雁屋哲	9784537150124			未取得	
name:C.ブロンテ|name:ジェーン・エア	ジェーン・エア	同題別著者(要確認)		2	1996-02	2001-10	マンガ世界の文学 / 双葉文庫名作シリーズ	花村えい子 / C・ブロンテ	9784418962020			未取得	済
name:とよざきようこ|name:あさきゆめみし 花の章	あさきゆめみし 花の章	未掲載		2	2001-04-13	2001-07-13	講談社バイリンガル・コミックス	大和和紀 / ステュウット・アットキン / とよざきようこ	9784770027023		asaki-yume-mishi	未取得	済
qid:Q265148|name:別冊サザエさん	別冊サザエさん	未掲載		3	1998-07-01	2001-02	 / 長谷川町子全集	長谷川町子	9784022571007			未取得	済
name:Isutoshi|name:高校星プラウラ	高校星プラウラ	未掲載		2	1999-09-01	2001-01	WANI MAGAZINE COMICS	Isutoshi	9784898293904			なし	済
name:とよざきようこ|name:あさきゆめみし 星の章	あさきゆめみし 星の章	未掲載		2	2000-10-06	2000-12-08	講談社バイリンガル・コミックス	大和和紀 / ステュウット・アットキン / とよざきようこ	9784770027009		asaki-yume-mishi	未取得	済
name:森みずほ|name:雷神	雷神	同題別著者(要確認)		11	1996-03	2000-11	きみとぼくcollection	森みずほ	9784789780223			未取得	済
qid:Q1736792|name:超龍戦記ザウロスナイト	超龍戦記ザウロスナイト	未掲載		3	2000-07-08	2000-08	St comics	克・亜樹	9784886531414			なし	済
name:大原一歩|name:千里の道も-アジアへの道-	千里の道も-アジアへの道-	未掲載		7	2000-05	2000-08	ホーム社漫画文庫	渡辺敏 / 大原一歩	9784834271393		senri-no-michi-mo	未取得	済
name:うちだ藤丸|name:NUDE	NUDE	同題別著者(要確認)		2	2000-02-15	2000-06-20	SHONEN CHAMPION COMICS	うちだ藤丸	9784253058445			未取得	済
qid:Q328572|name:アックス	アックス	未掲載		4	1998-12	2000-06		辰巳ヨシヒロ / 花輪和一 / 根本敬	9784883790173			なし	済
name:小学館ドラえもんルーム|name:ドラえもん	ドラえもん	同題別著者(要確認)		14	1994-11	1999-12-10	小学館コロコロ文庫	新企画社 / 肝付兼太 / 小学館ドラえもんルーム	9784091940018			未取得	
name:富野喜幸|name:∀Gundam	∀Gundam	未掲載		2	1999-10-22	1999-10-22	ANIMATION KC	矢立肇 / 富野由悠季	9784063101102			書影のみ	済
name:石原浩平|name:アナタにもAngel	アナタにもAngel	未掲載		2	1997-06-25	1999-10	MDコミックス	石原浩平	9784896133158			なし	済
qid:Q431443|name:さらば宇宙戦艦ヤマト	さらば宇宙戦艦ヤマト	未掲載		3	1999-09	1999-10	宇宙戦艦ヤマトシリーズ	ひおあきら / 松本零士	9784257720447			未取得	済
qid:Q841880|name:BOY	BOY	同題別著者(要確認)		3	1984-10	1999-08	マーガレットコミックス / 集英社文庫	山下和美	9784086174695			未取得	済
name:井内秀治|name:超魔神英雄伝ワタル	超魔神英雄伝ワタル	同題別著者(要確認)		4	1998-03	1999-06-17	あすかコミックス	矢立肇 / 広井王子 / すずきほづみ	9784049247213			未取得	済
qid:Q11481143|name:がんばれゴエモンネオ桃山幕府のおどり	がんばれゴエモンネオ桃山幕府のおどり	未掲載		3	1998-02-06	1998-10-06	講談社コミックスボンボン	帯ひろ志	9784063218336		ganbare-goemon	未取得	済
name:霧香＆聖娜|name:ハイパーレストラン	ハイパーレストラン	同題別著者(要確認)		2	1998-01	1998-10	ギャグ王コミックス	霧香＆聖娜	9784870253872			未取得	
name:佐藤真理乃|name:Red dragon	Red dragon	未掲載		4	1997-05	1998-08-10	 / hit	佐藤真理乃	9784894650022			なし	
qid:Q11258517|name:クールにいきましょう	クールにいきましょう	未掲載		2	1998-03-18	1998-07-20	りぼんマスコットコミックス	あゆかわ華	9784088560700			書影のみ	済
name:スタジオDNA|name:ぷよぷよ　4コマギャグバトル	ぷよぷよ　4コマギャグバトル	同題別著者(要確認)		2	1996-11	1998-06	Shounenoh comics / 火の玉ゲームコミックシリーズ	スタジオDNA	9784334803506			未取得	
name:中村うさぎ|name:極道くん漫遊記	極道くん漫遊記	未掲載		2	1995-12	1998-05-25	Dengeki Comics EX	中村うさぎ / 桐嶋たける	9784073039990			なし	済
qid:Q11457088|name:（18）バージンロード	（18）バージンロード	未掲載		2	1997-12-11	1998-05-13	講談社コミックスデザート	富永裕美	9784063410129			書影のみ	済
qid:Q7385646|name:ドラゴンハーフTRILOGY	ドラゴンハーフTRILOGY	未掲載		3	1998-01-10	1998-05-01	角川コミックス・ドラゴンJr.	見田竜介	9784047121478			なし	済
name:ダイナミックプロ|name:バイレンスジャック	バイレンスジャック	未掲載		2	1998-04-23	1998-04-23	KCデラックス	永井豪 / ダイナミックプロダクション	9784063199314			書影のみ	済
qid:Q11531392|name:BiNGO!	BiNGO!	同題別著者(要確認)		5	1996-01-25	1998-03-25	てんとう虫コミックス	松村努	9784091423917			未取得	済
name:高橋美幸|name:赤毛のアン	赤毛のアン	同題別著者(要確認)		3	1997-12-12	1998-02-13	The Kumon manga library	いがらしゆみこ / L.M.モンゴメリ	9784774301679			未取得	済
name:尾崎健一|name:卒業まで	卒業まで	未掲載		2	1994-05-15	1998-01	 / MDコミックス	尾崎健一 / 浜田芳郎	9784877091972			なし	
qid:Q2661273|name:七人の侍	七人の侍	同題別著者(要確認)		2	1997-10	1997-11	マンガ黒澤明時代劇	さいとう・たかを / 黒澤プロダクション	9784120027277			未取得	済
name:ホーム社|name:キャプテン翼 ワールドユース編	キャプテン翼 ワールドユース編	未掲載		3	1997-03	1997-11	ジャンプ・コミックス	高橋陽一 / ホーム社	9784088722665		captain-tsubasa	未取得	済
name:中島初美|name:LITTLE SISTER	LITTLE SISTER	未掲載		2	1996-10	1997-11	WANI MAGAZINE COMICS	中島初美	9784898293027			なし	
qid:Q8062701|name:三国志	三国志	同題別著者(要確認)		2	1997-01	1997-06	バーガーSC deluxe	寺島優 / 李志清	9784796244046		sangokushi-1993	未取得	済
name:霧島珠樹|name:妖	妖	同題別著者(要確認)		2	1996-03-17	1997-04	あすかコミックス	霧嶋珠生	9784049245745			未取得	済
name:北野健一|name:女優のお値段	女優のお値段	未掲載		2	1997-02-25	1997-02-25	MDコミックス	北野健一	9784896132816			なし	済
qid:Q2661273|name:Made in Japan	Made in Japan	未掲載		2	1987-09	1997-02	 / 朝日文庫	さいとう・たかを / 盛田昭夫	9784022557650			なし	済
name:堺屋太一|name:秀吉	秀吉	未掲載		2	1996-06	1996-12		堺屋太一	9784048526883			なし	
name:ダイナミックプロ|name:凄ノ王	凄ノ王	同題別著者(要確認)		2	1996-09-20	1996-11-22	KCPX / KCフェニックス	永井豪 / ダイナミックプロダクション	9784063290134		susanoou-densetsu	未取得	済
name:桃園樹林|name:BODY	BODY	同題別著者(要確認)		2	1996-10	1996-10	Emerald comics	桃園樹林	9784391905588			未取得	済
qid:Q441692|name:新機動戦記ガンダムW	新機動戦記ガンダムW	同題別著者(要確認)		2	1996-02	1996-08	ぽっけシリーズ / ノーラコミックスdeluxe	氷栗優 / 細雪純	9784056012538			未取得	済
name:半村良|name:天より高く	天より高く	同題別著者(要確認)		2	1995-09-25	1996-07-25	希望コミックス	半村良 / 石井サブロウ / 石川サブロウ	9784267902857			未取得	済
qid:Q7046075|name:カメ	カメ	未掲載		3	1995-04	1996-05	ヤングサンデーコミックス	六田登	9784091516312			なし	済
name:神谷ゆきえ|name:Lucky strike	Lucky strike	同題別著者(要確認)		2	1995-01	1996-01	マーガレットコミックス	神谷ゆきえ	9784088483047			未取得	
name:AL WILLIAMSON|name:STAR WARS	STAR WARS	同題別著者(要確認)		2	1995-11	1995-11	スター・ウォーズ・コミックス	AL WILLIAMSON / ARCHIE GOODWIN	9784796840729			なし	
qid:Q1121064|name:唯ミュージアム	唯ミュージアム	未掲載		3	1995-03	1995-07	MDコミックス	唯登詩樹	9784896132489			なし	済
qid:Q3136470|name:となりのやまだ君	となりのやまだ君	未掲載		6	1992-08	1995-07		いしいひさいち	9784022564641			なし	済
qid:Q11651076|name:ウイングス	ウイングス	未掲載		2	1995-03	1995-06	ACTION COMICS	鎌田洋次	9784575820379			なし	済
name:創美社|name:やっぱりまじめに!男女交際	やっぱりまじめに!男女交際	未掲載		2	1995-02	1995-06	マーガレットコミックス	桃伊いづみ / 創美社	9784088483078			未取得	済
name:原作]富野由悠季|name:機動武道伝Gガンダム	機動武道伝Gガンダム	未掲載		2	1995-02-06	1995-05-06	講談社コミックスボンボン	矢立肇 / 富野由悠季 / ときた洸一	9784063217322			書影のみ	済
qid:Q17220038|name:ミュータント・タートルズ	ミュータント・タートルズ	同題別著者(要確認)		3	1994-02-10	1995-01	DENGEKI COMICS	はまだよしみ	9784073007883			未取得	済
name:滝直毅|name:ひまわり	ひまわり	同題別著者(要確認)		3	1994-09	1994-12	ヤングジャンプ・コミックス・スペシャル	林壮太 / 滝直毅	9784088750187			未取得	済
qid:Q304953|name:八犬伝	八犬伝	同題別著者(要確認)		5	1991-05-01	1994-10	ニュータイプ100%コミックス	碧也ぴんく / 滝沢馬琴	9784048522892			未取得	済
name:高群保|name:Heaven	Heaven	同題別著者(要確認)		2	1993-05	1994-08	Patsy comics / パッツイコミックス	高群保	9784882711766			未取得	済
qid:Q11459921|name:ミュータント・タートルズ	ミュータント・タートルズ	同題別著者(要確認)		3	1994-01-20	1994-06-15	DENGEKI COMICS	小山田つとむ	9784073007364			未取得	済
name:中島初美|name:TURBO LOVER	TURBO LOVER	未掲載		2	1993-09	1994-06	WANI MAGAZINE COMICS	中島初美	9784898291337			なし	
qid:Q41698730|name:地獄遊戯	地獄遊戯	同題別著者(要確認)		2	1994-05	1994-05	フィールコミックス	魔木子	9784396760960			未取得	済
qid:Q959193|name:平和の鐘シリーズ	平和の鐘シリーズ	未掲載		2	1994-04	1994-04	中沢啓治ヒューマンコミックス	中沢啓治	9784811302607			なし	済
qid:Q1319237|name:デビルマン	デビルマン	同題別著者(要確認)		2	1993-12-18	1994-01-22	KCデラックス	永井豪 / 梶原一騎	9784063194357		devilman-no-sekai	未取得	済
name:北川悦吏子|name:チャンス!	チャンス!	同題別著者(要確認)		2	1993-10	1994-01	講談社コミックスミミ	小野佳苗 / 北川悦吏子 / 岡田恵一	9784063274318			未取得	済
qid:Q11620354|name:旋風のイリヤ|sub:萩原玲二作品集	旋風のイリヤ	未掲載	萩原玲二作品集	2	1993-12	1993-12	X COMICS	萩原玲二	9784829677230			なし	済
qid:Q11265187|name:ゼルダの伝説 4コママンガ劇場	ゼルダの伝説 4コママンガ劇場	同題別著者(要確認)		2	1993-02-28	1993-11-22		きりえれいこ	9784870257078			未取得	
qid:Q11276108|name:宇宙戦艦ヤマト	宇宙戦艦ヤマト	同題別著者(要確認)		2	1993-05	1993-11	SUN WIDE COMICS SPECIAL	ひおあきら	9784257902003		uchuu-senkan-yamato	未取得	済
qid:Q7046116|name:鳳凰の翼	鳳凰の翼	同題別著者(要確認)		2	1992-12	1992-12	ゴラク・コミックス	小堀洋 / 嶺岸信明	9784537037951			未取得	済
qid:Q1319237|name:いきなり最終回	いきなり最終回	同題別著者(要確認)		2	1990-12	1991-08-10		赤塚不二夫 / 梶原一騎 / 松本零士	9784796600668			未取得	済
qid:Q11368934|name:ダンドリくん	ダンドリくん	同題別著者(要確認)		3	1990-11-30	1991-04	ACTION COMICS	久住昌之 / 泉晴紀	9784575932232			未取得	済
name:永井豪＆ダイナミックプロ|name:バイオレンスジャック	バイオレンスジャック	同題別著者(要確認)		2	1990-08-17	1991-01-17	講談社コミックス	永井豪＆ダイナミックプロ	9784063133028			未取得	済
name:来賀友志|name:ばっくれ	ばっくれ	同題別著者(要確認)		2	1990-03	1990-10	GORAKU COMICS	渡辺みちお / 来賀友志	9784537035919			未取得	済
name:BUNNY MAN|name:現代猟奇伝	現代猟奇伝	未掲載		2	1989-04-25	1990-08-01			9784871831888			なし	
name:MEE＆サンダルマン|name:コミック・ラム	コミック・ラム	未掲載		2	1989-03-01	1989-06-25			9784924464230			なし	
name:藤子不二雄|name:T・Pぼん	T・Pぼん	同題別著者(要確認)		2	1989-01-13	1989-02-10	中公コミックス / 希望コミックス	藤子不二雄	9784124102222			未取得	済
qid:Q11363492|name:カラテ地獄変 牙	カラテ地獄変 牙	同題別著者(要確認)		3	1988-10-06	1988-12-06	KCスペシャル	梶原一騎 / 中城けんたろう	9784061014138			未取得	済
name:アレクサンドル=デュマ|name:アニメ三銃士	アニメ三銃士	同題別著者(要確認)		3	1988-03-01	1988-10-15	学研まんが名作シリーズ	アレクサンドル=デュマ / 井上大助	9784051027629			未取得	済
qid:Q53764804|name:フェアリー	フェアリー	同題別著者(要確認)		2	1988-05-20	1988-07-20	ちゃおフラワーコミックス / フラワーコミックス	佐々木守 / ありさか邦	9784091328014			未取得	済
qid:Q11659711|name:ぷッつんメイクLOVE	ぷッつんメイクLOVE	未掲載		2	1987-09	1988-03-23	バーガーKC	雨宮淳	9784063046069			なし	済
name:横山ゆきね|name:くれよん・でいず	くれよん・でいず	同題別著者(要確認)		2	1985-10	1988-03-20	フラワーコミックス	真理光 / 横山ゆきね	9784091321213			未取得	
name:コミックス|name:デビルマン	デビルマン	同題別著者(要確認)		8	1983-07	1987-12	 / KCスペシャル	永井豪 / コミックス	9784061010475		devilman-no-sekai	未取得	済
name:日本アニメーション|name:テレビアニメ世界名作劇場	テレビアニメ世界名作劇場	未掲載		4	1986-05	1987-04	学研こどもの本特選シリーズ	日本アニメーション株式会社	9784051019983			なし	
name:ホーム社|name:おいしい関係	おいしい関係	同題別著者(要確認)		2	1986-02	1986-03	マーガレットコミックス	岩館真理子 / ホーム社	9784088491400			未取得	済
name:永井豪=ダイナミックプロ|name:グレートマジンガー	グレートマジンガー	同題別著者(要確認)		2	1986-01-20	1986-01-20	スターコミックス	永井豪=ダイナミックプロ	9784886533128			未取得	済
qid:Q219948|name:うる星やつら2|sub:ビューティフル・ドリーマー	うる星やつら2	未掲載	ビューティフル・ドリーマー	2	1984-04-05	1984-05	少年サンデーコミックス / 少年サンデーコミックス・アニメ版	高橋留美子	9784091218179		urusei-yatsura	未取得	済
name:白泉社|name:素顔のままで	素顔のままで	同題別著者(要確認)		2	1983-12-21	1984-01-30	マーガレットコミックス	花とゆめコミックス編集部 / 塩森恵子	9784088508122			未取得	済
qid:Q11393941|name:リバース	リバース	同題別著者(要確認)		3	1983-07	1983-10	秋田漫画文庫	サウロ / 内山まもる	9784253016971			未取得	済
name:羽良多平吉+WXY|name:ANDROMEDA STORES	ANDROMEDA STORES	未掲載		2	1983-08-30	1983-08-30	サンコミックス	光瀬竜 / 竹宮惠子 / 羽良多平吉+WXY	9784257917540			なし	済
name:アルフ=プリョイセン|name:スプーンおばさん	スプーンおばさん	同題別著者(要確認)		2	1983-06	1983-08-01	GKコミックス / 学研まんが	中島昌利 / アルフ=プリョイセン	9784051005931			未取得	済
qid:Q2517702|name:機甲人類伝BODY	機甲人類伝BODY	未掲載		2			WANI MAGAZINE COMICS	前田俊夫	9784898290972			なし	済
qid:Q11078068|name:メダロット コイシマル編	メダロット コイシマル編	未掲載		2			KCDX	ほるまりん	9784063932935			紹介文+書影	済
name:はるか通信編集部|name:はるか通信―遙かなる時空の中で	はるか通信―遙かなる時空の中で	未掲載		4				はるか通信編集部	9784877198343			書影のみ	
