stem	title	op	name	kana	note
007-joou-heika-no-007	007女王陛下の007	原作+	イアン・フレミング	イアンフレミング	
007-nowa-yatsura-da	007死ぬのは奴らだ	原作+	イアン・フレミング	イアンフレミング	
007-ougon-no-juu-o-motsu-otoko	007黄金の銃を持つ男	原作+	イアン・フレミング	イアンフレミング	
007-sakusen	007サンダーボール作戦	原作+	イアン・フレミング	イアンフレミング	
10-nen-goshi-no-hiki-niito-o-yamete-gaishutsu-shitara-jitaku-goto-isekai-ni-teni-shiteta	10年ごしの引きニートを辞めて外出したら自宅ごと異世界に転移してた	原作+	坂東太郎		
10-nen-goshi-no-hiki-niito-o-yamete-gaishutsu-shitara-jitaku-goto-isekai-ni-teni-shiteta	10年ごしの引きニートを辞めて外出したら自宅ごと異世界に転移してた	役割→作画	たぢまよしかづ	タジマヨシカズ	
100-man-no-inochi-no-ue-ni-ore-wa-tatte-iru	100万の命の上に俺は立っている	原作+	山川直輝	ヤマカワナオキ	
100-nengo-ni-tensei-shita-watashi-zense-no-juukishi-ni-kyuukon-saremashita	100年後に転生した私、前世の従騎士に求婚されました	役割→作画	史々花ハトリ	シシカハトリ	
11-eyes	11 eyes	原作+	Lass		
14-sai-no-heishi-zaza	14歳の兵士ザザ	原作+	大石賢一		
24-yoji-no-itazura-na-kanojo	24時のイタズラな彼女	原作+	活火山		
29-sai-dokushin-wa-isekai-de-jiyuu-ni-ikitakatta	29歳独身は異世界で自由に生きた……かった。	役割→作画	オオハマイコ		
29-to-jk	29とJK	原作+	裕時悠示	ユウジユウジ	
29-to-jk	29とJK	役割→作画	加藤かきと		
35-sai-no-sentaku	35歳の選択	役割→作画	磯カズナリ	イソカズナリ	
4-banme-no-iinazuke-kouho	4番目の許婚候補	役割→作画	柚和杏	ユワアンズ	
4-nigamisama-to-4nin-no-kanojo	死神様と4人の彼女	役割→作画	ChuN		
4d	4D	原作+	橘尚毅		
5-okunengo-ni-igai-na-ketsumatsu	5億年後に意外な結末	原作+	菅原そうた		
5-you5-na-kanojo-to-otona-no-ai	小5な彼女とオトナの愛	原作+	裕時悠示	ユウジユウジ	
6-senchi-no-kizuna	6センチの絆	原作+	安達士朗		
86-86	86-エイティシックス	原作+	安里アサト		
99-kai-danzai-sareta-loop-reijou-desu-konsei-wa-chouzetsu-aisare-mode-desutte	99回断罪されたループ令嬢ですが今世は「超絶愛されモード」ですって!?	役割→作画	甲斐ろはる	カイロハル	
a-i-c-o-incarnation	A.I.C.O. Incarnation	原作+	BONES		
a3-spring	A3! SPRING	原作+	リベル・エンタテインメント		
a3-summer	A3! summer	原作+	リベル・エンタテインメント		
aa-warera-ga-myao-shogun	あゝ我らがミャオ将軍	原作+	まつだこうた		
abaki-ya	暴き屋	役割→作画	松井レナ	マツイレナ	
abnormal-switch	アブノーマル・スイッチ	原作+	かのこ		
aburakadabura	アブラカダブラ	原作+	リチャード・ウー		
adachi-to-shimamura-mani-2016	安達としまむら	役割→作画	まに		
afumi-no-umi	淡海(あふみ)乃海	原作+	イスラーフィール	イスラーフィール	
ai-no-babylon	愛のバビロン	原作+	相原コージ	アイハラコージ	
aidokuka-hibi-kore-koujitsu	愛読家、日々是好日	役割→作画	東都あかり	トウトアカリ	
aidorisshu-seven-ryuusei-ni-inoru	アイドリッシュセブン流星に祈る	原作+	バンダイナムコオンライン	バンダイナムコオンライン	
aidorisshu-seven-trigger	アイドリッシュセブンTRIGGER	原作+	バンダイナムコオンライン	バンダイナムコオンライン	
aikyuu-rakuen	愛Q楽園	役割→作画	S.濃すぎ		
aisanai-to-iwaremashitemo	愛さないといわれましても	役割→作画	石野人衣	イシノトイ	
aishota	アイショタ	役割→作画	清瀬赤目		
aizen-furyuugeru	アイゼンフリューゲル	原作+	虚淵玄	ウロブチゲン	
akaboshi-haikuchou	あかぼし俳句帖	原作+	有間しのぶ	アリマシノブ	
akachanryuu-no-osewagakari-ni-ninmei-saremashita	赤ちゃん竜のお世話係に任命されました	役割→作画	木虎こん	キトラコン	
akagamin-wa-dasshutsu-dekinai	あかがみんは脱出できない	役割→作画	矢崎えり	ヤザキエリ	
akagawa-jirou-mystery-mikeneko-holmes-to-meitanteitachi	赤川次郎ミステリー三毛猫ホームズと名探偵たち	役割→作画	大塚あきら	オオツカアキラ	
akai-hon-to-kuroi-hon	赤異本と黒異本	原作+	外薗昌也	ホカゾノマサヤ	
akai-san-wa-kyou-mo-tsunderu	紅井さんは今日も詰んでる。	原作+	尾高純一	オダカジュンイチ	
akaihon	赤異本	原作+	外薗昌也	ホカゾノマサヤ	
akamehime-no-choukai	赤目姫の潮解	原作+	森博嗣	モリヒロシ	
akane-sal	あかねSAL☆	役割→作画	なかはら・ももた		
akatoki-no-yami	暁 (アカトキ) の闇	原作+	かわい有美子	カワイユミコ	
akatoki-no-yami	暁 (アカトキ) の闇	役割→作画	夏乃あゆみ	カノアユミ	
akechi-keibu-no-file	明智警部の事件簿	原作+	天樹征丸		
akechi-keibu-no-file	明智警部の事件簿	原作+	さとうふみや	サトウフミヤ	
akiba-s-trip-2	AKIBA'S TRIP 2	原作+	アクワイア	アクワイア	
akibattalion	アキバタリアン	原作+	稲船敬二		
aku-no-joou-no-kiseki	悪の女王の軌跡	原作+	風見くのえ		
akuma-koujo	悪魔公女	役割→作画	士貴智志	シキサトシ	
akutoku-joou-no-kokoroe	悪徳女王の心得	役割→作画	エトオミユキ		
akutoku-ryoushu-no-musuko-ni-tensei	悪徳領主の息子に転生!?	役割→作画	シメサバ	シメサバ	
akutoku-ryoushu-no-musuko-ni-tensei	悪徳領主の息子に転生!?	役割→作画	しめさば	シメサバ	
akuu-no-seijo	亜空の聖女	役割→作画	芳澤勇介	ヨシザワユウスケ	
akuyaku-fureijou-sama-to-oyobi	悪役腐令嬢様とお呼び!	原作+	節トキ		
akuyaku-ikka-no-okugata-shini-modori-shite-kokoro-o-irekaeru	悪役一家の奥方、死に戻りして心を入れ替える。	役割→作画	鏡	カガミ	
akuyaku-ouji-no-eiyuu-tan	悪役王子の英雄譚	役割→作画	ヒロサキ	ヒロサキ	
akuyaku-reijou-burakon-ni-job-change-shimasu	悪役令嬢、ブラコンにジョブチェンジします	役割→作画	此匙	コサジ	
akuyaku-reijou-cinderella	悪役令嬢シンデレラ	役割→作画	桧川りつ	ヒカワリツ	
akuyaku-reijou-ga-kyoufu-no-haou-to-seiryaku-kekkon-suru-batsu-wa-amasugimasen-ka	悪役令嬢が恐怖の覇王と政略結婚する罰は甘すぎませんか!?	役割→作画	せきはら	セキハラ	
akuyaku-reijou-nanode-rasubosu-o-katte-mimashita	悪役令嬢なのでラスボスを飼ってみました	役割→作画	柚アンコ	ユズアンコ	
akuyaku-reijou-nanode-yorokonde-shikaeshi-itashimasu	悪役令嬢なので喜んで仕返しいたします	原作+	藍里まめ		
akuyaku-reijou-wa-danna-sama-to-rien-ga-shitai	悪役令嬢は旦那様と離縁がしたい!	役割→作画	長舩みずほ		
akuyaku-reijou-wa-isekai-tensei-shitemo-otome-game-o-tsukuritai	悪役令嬢は異世界転生しても乙女ゲームをつくりたい!	役割→作画	村崎ユカリ	ムラサキユカリ	
akuyaku-reijou-wa-kyou-mo-karei-ni-anyakusuru	悪役令嬢は今日も華麗に暗躍する	役割→作画	高松翼	タカマツツバサ	
akuyaku-reijou-wa-ouji-no-honshou-dekiai-o-shiranai	悪役令嬢は王子の本性〈溺愛〉を知らない	役割→作画	西賀スオミ	サイガスオミ	
akuyaku-reijou-wa-shomin-ni-totsugitai	悪役令嬢は、庶民に嫁ぎたい!!	原作+	杏亭リコ		
akuyuu-no-ore-ga-ponkotsu-kishi-o-miterarenaindaga-dou-sewa-o-yakya-ii	悪友の俺がポンコツ騎士を見てられないんだが、どう世話を焼きゃいい?	役割→作画	双葉もも		
all-raundaazu	オールラウンダーズ!!	役割→作画	ひらのせい	ヒラノセイ	
almadianos-eiyuuden	アルマディアノス英雄伝	原作+	高見梁川	タカミリョウセン	
alternative-girls-first-step	オルタナティブガールズFirst Step!	原作+	QualiArts		
amagi-brilliant-park-fumo	甘城ブリリアントパーク?ふも	原作+	賀東招二	ガトウショウジ	
amagi-brilliant-park-ji-animation	甘城ブリリアントパーク The Animation	原作+	甘ブリ再生委員会		
amarimono-isekaijin-no-jiyuu-seikatsu	余りモノ異世界人の自由生活	役割→作画	村松麻由	ムラマツマユ	
amazing-grace	アメイジング・グレイス	原作+	きゃべつそふと	きゃべつそふと	
ame-no-furu	アメノフル	原作+	たけぐし一本		
ameku-takao-no-suiri-karte	天久鷹央の推理カルテ	役割→作画	緒原博綺	オハラヒロキ	
amentia	AMENTIA	原作+	yangmo		
amon-devilman-mokushiroku	AMONデビルマン黙示録	原作+	永井豪	ナガイゴウ	
ampere	アンペア	原作+	堀祐介	ホリユウスケ	
anata-no-kodou-o-misasete	あなたの鼓動を見させて。	原作+	MITA		
anata-tte-yoku-miru-to-dobunezumi-mitai-na-kao-shiteruwane	あなたってよく見るとドブネズミみたいな顔してるわね	原作+	SYUPRO-DX		
ane-no-migawari-de-konyaku-shitara-naze-henkyou-no-seijo-to-yobareru-you-ni-narimashita	姉の身代わりで婚約したら何故か辺境の聖女と呼ばれるようになりました	役割→作画	こなきなこ		
ane-no-onaka-o-fukuramaseru-nowa-boku	姉のおなかをふくらませるのは僕	原作+	坂井音太	サカイオンタ	
aneue-skirt-o-makutte-mata-o-hiraite-misete-kuremasenka	姉上。スカートをまくって股を開いて見せてくれませんか?	役割→作画	かりね	カリネ	
angel-beats-the-last-operation	Angel Beats!-The Last Operation-	原作+	麻枝准	マエダジュン	
anime-prison-school-o-tsukutta-otokotachi	アニメ監獄学園を創った男たち	原作+	平本アキラ	ヒラモトアキラ	
ankoku-joshi	暗黒女子	原作+	秋吉理香子		
ano-oroka-mono-nimo-kyakkou-o	あの愚か者にも脚光を!	原作+	暁なつめ	アカツキナツメ	
anten-epilogue	暗転エピローグ	原作+	生田善子		
ao-barahime-no-yarinaoshi-kakumeiki	青薔薇姫のやりなおし革命記	原作+	枢呂紅		
ao-barahime-no-yarinaoshi-kakumeiki	青薔薇姫のやりなおし革命記	役割→作画	優月祥	ユズキショウ	
aoi-haru	青い春	原作+	狩撫麻礼	カリブマレイ	
aooni-ansoro-hen	青鬼 闇蘇露編	原作+	黒田研二	クロダケンジ	
aooni-ansoro-hen	青鬼 闇蘇露編	原作+	noprops		
aooni	青鬼 元始編	原作+	noprops		
aozora-to-kumorizora	あおぞらとくもりぞら	原作+	三秋縋	ミアキスガル	
appare-tenka-gomen	あっぱれ!天下御免	原作+	BaseSon		OVR
apuri-trap	アプリトラップ	原作+	上山弥彦		
aqua-step-up	アクア・ステップ・アップ	役割→作画	田嶋安恵	タジマヤスエ	
araania	アラーニァ	原作+	よしむらかな	ヨシムラカナ	
araburu-kisetsu-no-otomedomo-yo	荒ぶる季節の乙女どもよ。	原作+	岡田麿里	オカダマリ	
araburu-shishi	荒らぶる獅子	原作+	溝口敦	ミゾグチアツシ	
arafoo-kenja-no-isekai-seikatsu-nikki	アラフォー賢者の異世界生活日記	原作+	寿安清	コトブキヤスキヨ	
arafoo-otoko-no-isekai-tsuuhan-seikatsu	アラフォー男の異世界通販生活	原作+	朝倉一二三		
arasa-no-ore-wa-betsu-sekaisen-ni-gyakkou-saisei-shita-rashii	アラサーのオレは別世界線に逆行再生したらしい	役割→作画	ゆうきそにすけ	ユウキソニスケ	
arata-primal	アラタプライマル	原作+	及川大輔	オイカワダイスケ	
arcana-famiglia-comic-anthology-ciao	Arcana Famiglia Comic Anthology Ciao	役割→作画	Ruru		
arcana-familia	アルカナ・ファミリア	役割→作画	Ruru		
arcana-heart	Arcana heart	原作+	EXAMU		
arcana-heart	Arcana heart	役割→作画	葉生田采丸	バミューダサイマル	
argate-online	アルゲートオンライン	原作+	桐野紡		
ari-no-ou	蟻の王	原作+	塚脇永久		
arifureta-nichijou-de-sekai-saikyou	ありふれた日常で世界最強	原作+	白米良	シラコメリョウ	
arifureta-shokugyou-de-sekai-saikyou	ありふれた職業で世界最強	原作+	白米良	シラコメリョウ	
ark-romancer	アーク:ロマンサー	原作+	林達永	イムダリョン	
aru-majo-ga-shinu-made	ある魔女が死ぬまで	役割→作画	雨霰けぬ	アメアラレケヌ	
aru-yogensha-no-fiction	ある預言者の物語	原作+	松本貴仁		
arupain-kuraimaa	アルパインクライマー	原作+	よこみぞ邦彦	ヨコミゾクニヒコ	
arupain-kuraimaa	アルパインクライマー	役割→作画	山地たくろう		
asahina-san-no-bentou-tabetai	朝比奈さんの弁当食べたい	役割→作画	示よう子	シメスヨウコ	
asashinzu-labyrinth	アサシンズラビリンス	役割→作画	嶋星光壱		
asayake-wa-koganeiro-idol-master	朝焼けは黄金色the idolm@ster	役割→作画	まな	まな	
ashita-no-jiroo	あしたのジロー	原作+	森高夕次		
asobinin-wa-kenja-ni-tenshoku-dekiru-tte-shittemashita	遊び人は賢者に転職できるって知ってました?	役割→作画	柚木ゆの	ユノキユノ	
assassins-pride	アサシンズプライド	原作+	天城ケイ		
astro-king	アストロキング	役割→作画	GEN		
atarashii-kanojo-ga-flag-o-oraretara	新しい彼女がフラグをおられたら	役割→作画	凪庵	ナギアン	
atri	ATRI	原作+	ANIPLEX.EXE		
atri	ATRI	役割→作画	じゃこ	ジャコ	
ayakashi-ayakashi	怪-ayakashi	原作+	怪-ayakashi-製作委員会		
ayakashi-gokudou-hoozuki-gumi-ni-yomeiri-shimasu	あやかし極道「鬼灯組」に嫁入りします	役割→作画	るびる	ルビル	
ayakashi-koukyuu-no-keiyakuhi	あやかし後宮の契約妃	役割→作画	ゆずき暎	ユズキエイ	
ayakashi-kura-no-kanrinin	あやかし蔵の管理人	役割→作画	北野りりお		
ayakashi-no-hana	妖の華	原作+	誉田哲也	ホンダテツヤ	
ayakashi-wagashi-dokoro-kanoko-an	あやかし和菓子処かのこ庵	役割→作画	夜庭せな	ヨルニワセナ	
ayakashi	アヤカシ	役割→作画	かのえゆうし	かのえゆうし	
ayakashiou-no-hanayome	妖王の花嫁	原作+	凪桜		
ayakashiou-no-hanayome	妖王の花嫁	役割→作画	柿崎椋	カキザキムク	
ayatsuji-yukito-baasasu-kyougoku-natsuhiko	綾辻行人VS.(バーサス)京極夏彦	原作+	朝霧カフカ	アサギリカフカ	
azur-lane-bisoku-zenshintsu	アズールレーンびそくぜんしんっ!	原作+	『アズールレーン』運営		
azur-lane-queen-s-orders	アズールレーンqueen's orders	役割→作画	槌居	ツチイ	
azur-lane-smile-dish	アズールレーンスマイルディッシュ!	原作+	「アズールレーン」運営		
azur-lane-smile-dish	アズールレーンスマイルディッシュ!	役割→作画	neon		
b-group-no-shounen	Bグループの少年	原作+	櫻井春輝	サクライハルキ	
baafubari	バーフバリ	原作+	Arka Mediaworks		
babel-inoe-2019	BABEL	原作+	木下半太	キノシタハンタ	
baby-cart-bitch	ベイビーカートビッチ	原作+	梶研吾	カジケンゴ	
baccano	バッカーノ!	原作+	成田良悟	ナリタリョウゴ	
bachigami	バチ❤ガミ	役割→作画	余湖ゆうき		
bachikan-kiseki-chousakan	バチカン奇跡調査官	原作+	藤木稟	フジキリン	
backstage	バックステージ!	原作+	オクショウ	オクショウ	
backstage	バックステージ!	役割→作画	ニイマルユウ	ニイマルユウ	
badbros	BADBROS	原作+	藤井良樹	フジイヨシキ	
baibai-jinrui	バイバイ人類	原作+	渡辺恒造	ワタナベツネゾウ	
baikoku-kikan	売国機関	原作+	カルロ・ゼン	カルロ ・ ゼン	
bakarei-dogs	バカレイドッグス	原作+	矢樹純	ヤギ,ジュン	
bakegami	バケガミ	原作+	岸本みゆき	イワモトユキオ	
bakemono-no-ko	バケモノの子	原作+	細田守	ホソダマモル	
bakubaku-bakuchi-gohan	ばくばく!バクチごはん	原作+	島田英次郎	シマダエイジロウ	
bakuretsu-tenshi	爆裂天使	原作+	GONZO		
bakuten	バクテン!!	原作+	四ツ木えんぴつ		
bandori-girls-band-party-roselia-stage	バンドリ!ガールズバンドパーティ!Roselia Stage	原作+	Craft Egg		
bandori-girls-band-party-roselia-stage	バンドリ!ガールズバンドパーティ!Roselia Stage	原作+	ブシロード	ブシロード	
bandori-koma-bandoritsu	BanG Dream!よんこま ばんどりっ!	原作+	ISSEN		
bang-dream	BanG Dream!バンドリ	原作+	ブシロード	ブシロード	
bang-dream	BanG Dream!バンドリ	原作+	ISSEN		
banjou-no-polaris	盤上のポラリス	原作+	木口糧		
bannou-murazukuri-cheat-de-otegaru-surooraifu	万能「村づくり」チートでお手軽スローライフ	役割→作画	蚕堂j1		
bannou-skill-choumiryou-sakusei-de-isekai-o-ikinukimasu	万能スキル『調味料作成』で異世界を生き抜きます!	役割→作画	天栗めし子		
baritou-monogatari	バリ島物語	原作+	ヴィキイ・バウム		
bartender-6stp	バーテンダー6stp	原作+	城アラキ	ジョウアラキ	
basilisk-ouka-ninpouchou	バジリスク～桜花忍法帖～	原作+	山田正紀	ヤマダマサキ	
battery-vice	バテリバイス	原作+	千賀史貴	センガシキ	
battle-spirits-baaningu-soul	バトルスピリッツ烈火魂	原作+	矢立肇	ヤダテハジメ	
be-ambitious	ビ・アンビシャス	役割→作画	堀井ひろし	ホリイヒロシ	
bentouya-san-no-omotenashi	弁当屋さんのおもてなし	役割→作画	十峯なるせ	トミネナルセ	
bijoujo-mitsu	微笑女Mitsu	原作+	小堀洋	コボリヨウ	
biohazard-heavenly-island	バイオハザード ヘヴンリーアイランド	原作+	カプコン	カプコン	
bird-black-market	バード BLACK MARKET	原作+	青山広美	アオヤマヒロミ	
bird-jankai-angel-vs-tensai-magician	バード 雀界天使VS天才魔術師	原作+	青山広美	アオヤマヒロミ	
bird-saikyou-bainin-vs-tensai-magician	バード 最凶雀士VS天才魔術師	原作+	青山広美	アオヤマヒロミ	
bishoujo-bosatsu-miroku-chan	美少女菩薩ミロクちゃん	原作+	中村基	ナカムラモト	
bishoujo-bosatsu-miroku-chan	美少女菩薩ミロクちゃん	役割→作画	針義孝	ハリヨシタカ	
bishounen-tanteidan	美少年探偵団	原作+	西尾維新	ニシオイシン	
bittare	びったれ!!!	原作+	田島隆	タジマタカシ	
black-bullet-interlude-fuck-you	ブラック・ブレットインタールードファッキュー!	原作+	神崎紫電	カンザキシデン	
black-flower	Black Flower	原作+	柴田大輔		
black-jack-alive	ブラック・ジャック ALIVE	役割→作画	たがみよしひさ	たがみよしひさ	
black-jack-alive	ブラック・ジャック ALIVE	役割→作画	やまだないと	やまだないと	
black-jack-alive	ブラック・ジャック ALIVE	役割→作画	永井豪	ナガイゴウ	
black-jack-alive	ブラック・ジャック ALIVE	役割→作画	岡崎能士	オカザキタカシ	
black-jack-alive	ブラック・ジャック ALIVE	役割→作画	乾良彦	イヌイヨシヒコ	
black-jack-alive	ブラック・ジャック ALIVE	役割→作画	吉富昭仁	ヨシトミアキヒト	
black-jack-alive	ブラック・ジャック ALIVE	役割→作画	高口里純	タカグチサトスミ	
black-jack-alive	ブラック・ジャック ALIVE	役割→作画	柴田昌弘	シバタマサヒロ	
black-jack-alive	ブラック・ジャック ALIVE	役割→作画	青池保子	アオイケヤスコ	
black-jack-alive	ブラック・ジャック ALIVE	役割→作画	八神健	ヤガミケン	
black-jack-alive	ブラック・ジャック ALIVE	役割→作画	立原あゆみ	タチハラアユミ	
black-jack-bj-x-bj	ブラック・ジャックB・J×bj	役割→作画	吉富昭仁	ヨシトミアキヒト	
black-jack-m	ブラック・ジャックM	役割→作画	垣野内成美	カキノウチナルミ	
black-jack-m	ブラック・ジャックM	役割→作画	吉川うたた	ヨシカワウタタ	
black-jack-m	ブラック・ジャックM	役割→作画	風間宏子	カザマヒロコ	
black-jack-m	ブラック・ジャックM	役割→作画	碧ゆかこ	ミドリユカコ	
black-kokka-o-tsuihousareta-kedo-zenjidou-eirei-shoukan-ga-aru-kara-nanimo-komaranai	ブラック国家を追放されたけど〈全自動・英霊召喚〉があるから何も困らない。	役割→作画	コバシコ	コバシコ	
black-madougushi-guild-o-tsuihousareta-watashi-oukyuu-majutsushi-to-shite-hirowareru	ブラック魔道具師ギルドを追放された私、王宮魔術師として拾われる	原作+	necömi		
black-madougushi-guild-o-tsuihousareta-watashi-oukyuu-majutsushi-to-shite-hirowareru	ブラック魔道具師ギルドを追放された私、王宮魔術師として拾われる	役割→作画	鳥飼やすゆき		
black-out-maekawa-2015	ブラックアウト	原作+	黒井嵐輔	クロイランスケ	
black-sweep-sisters	ブラック・スイープ・シスターズ	原作+	藤沢とおる	フジサワトオル	
blazblue-variable-heart	ブレイブルーヴァリアブルハート	原作+	森利道		
blood	BLOOD+	原作+	Aniplex		
blood	BLOOD+	原作+	Production I.G		
blue-justice-koko-ni-ari	ブルージャスティスここにあり!	役割→作画	関津主将		
blue-lock-episode-nagi	ブルーロック-EPISODE 凪-	役割→作画	三宮宏太		
blue-rokku	ブルーロック	原作+	金城宗幸	カネシロムネユキ	
bogiwan-ga-kuru	ぼぎわんが、来る	原作+	澤村伊智	サワムライチ	
boku-no-heya-ga-dungeon-no-kyuukeijo-ni-natte-shimatta-ken	僕の部屋がダンジョンの休憩所になってしまった件	原作+	東国不動	トウゴクフドウ	
boku-no-heya-ga-dungeon-no-kyuukeijo-ni-natteshimatta-ken-houkago-no-isekai-boukenbu	僕の部屋がダンジョンの休憩所になってしまった件放課後の異世界冒険部	役割→作画	凪庵	ナギアン	
boku-no-kanojo-wa-saikou-desu	僕の彼女は最高です!	原作+	伊織	イオリマンガカ	
boku-no-kawaii-musume-wa-futago-no-kenja	僕のかわいい娘は双子の賢者	役割→作画	浅野五時	アサノゴジ	
boku-no-namae-wa-shounen-a	僕の名前は「少年A」	原作+	君塚力	キミズカチカラ	
boku-no-yuusha	ぼくのゆうしゃ	原作+	葵せきな	アオイセキナ	
boku-to-nue-chan-no-hyakuikki-yakou	ぼくとぬえちゃんの百一鬼夜行	原作+	大塚英志	オオツカエイジ	
boku-wa-ai-o-shoumei-shiyou-to-omou	ぼくは愛を証明しようと思う。	原作+	藤沢数希		
boku-wa-asu-kinou-no-kimi-to-date-suru	ぼくは明日、昨日のきみとデートする	原作+	七月隆文		
boku-wa-imasugu-zense-no-kioku-o-sutetai-akogare-no-inaka-wa-jingai-makyou-deshita-comic	僕は今すぐ前世の記憶を捨てたい。～憧れの田舎は人外魔境でした～@COMIC	役割→作画	大島つむぎ	オオシマツムギ	
boku-wa-nando-demo-kimi-ni-hajimete-no-koi-o-suru	僕は何度でも、きみに初めての恋をする。	原作+	沖田円	オキタエン	
bokuboku-sensei	僕僕先生	原作+	仁木英之		
bokutachi-diary	ぼくたちダイアリー	原作+	七尾すず	ナナオスズ	
bokutachi-ga-yarimashita	僕たちがやりました	原作+	金城宗幸	カネシロムネユキ	
bonkura-onmyouji-no-oniyome	ぼんくら陰陽師の鬼嫁	役割→作画	遠野由来子	トオノユキコ	
boogiepop-wa-warawanai-vs-imaginator	ブギーポップは笑わないVSイマジネーター	原作+	上遠野浩平	カドノコウヘイ	
botsuraku-kizoku-no-ore-ga-hazure-skill-chou-kiyou-binbou-de-dai-kenja-to-yobareru-made	没落貴族の俺がハズレ〈?〉スキル『超器用貧乏』で大賢者と呼ばれるまで	役割→作画	GUNP		
botsuraku-yotei-nanode-kaji-shokunin-o-mezasu	没落予定なので、鍛冶職人を目指す	原作+	CK		
boukenka-ni-narou	冒険家になろう!	原作+	萩鵜アキ	ハギウアキ	
boukensha-license-o-hakudatsusareta-otsu-san-dakedo-manamusume-ga-dekita-node-nonbiri-jinsei-o	冒険者ライセンスを剥奪されたおっさんだけど、愛娘ができたのでのんびり人生を謳歌する	原作+	斧名田マニマニ	オノナタマニマニ	
boushoku-no-beruseruku	暴食のベルセルク	原作+	一色一凛	イッシキイチカ	
boxer-s-blast	BOXER's BLAST	原作+	酒井敦朗	サカイアツロウ	
brave-uitchiizu-purikueru	ブレイブウィッチーズPrequel	原作+	Projekt World Witches		
brave-uitchiizu-purikueru	ブレイブウィッチーズPrequel	原作+	島田フミカネ	シマダフミカネ	
bu-to-tamashii	武と魂	役割→作画	久松文雄	ヒサマツフミオ	
bubble-2022	バブル	原作+	バブル製作委員会		
bubble-2022	バブル	役割→作画	肘原えるぼ	ヒジハラエルボ	
bullbuster	ブルバスター	役割→作画	伊丹ひしお	イタミヒシオ	
bunbu-ryoutou	文武両闘	原作+	河本ほむら	カワモトホムラ	
bungou-natsume-wa-ryourinin-ga-kirai	文豪ナツメは料理人が嫌い	役割→作画	松本渚	マツモトナギサ	
bungou-stray-dogs-beast	文豪ストレイドッグスBEAST	原作+	朝霧カフカ	アサギリカフカ	
bungou-stray-dogs-dazai-chuuya-juugosai	文豪ストレイドッグス太宰、中也、十五歳	原作+	朝霧カフカ	アサギリカフカ	
bungou-stray-dogs-dazai-chuuya-juugosai	文豪ストレイドッグス太宰、中也、十五歳	役割→作画	星河シワス	ホシカワシワス	
bungou-stray-dogs-dead-apple	文豪ストレイドッグスDEAD APPLE	原作+	文豪ストレイドッグスDA製作委員会		
bungou-stray-dogs-wan	文豪ストレイドッグスわん!	原作+	朝霧カフカ	アサギリカフカ	
bungou-stray-dogs	文豪ストレイドッグス	原作+	朝霧カフカ	アサギリカフカ	
busaneko-ni-kaerareta-kiyowa-reijou-desu-saikyou-no-gunjin-koushaku-ni-hirowarete-kizetsu-sunzen	ブサ猫に変えられた気弱令嬢ですが、最恐の軍人公爵に拾われて気絶寸前です	役割→作画	オオトリ	オオトリ	
cake-ouji-no-supesharite	ケーキ王子の名推理	原作+	七月隆文		
captain-harlock-jigen-koukai	キャプテンハーロック	役割→作画	嶋星光壱		
captain-tsubasa-kids-dream	キャプテン翼KIDS DREAM	原作+	高橋陽一	タカハシヨウイチ	
cardfight-vanguard-g-stride-generation	カードファイト!!ヴァンガードGストライドジェネレーション	原作+	伊藤彰	イトウアキラ	
center	センター	原作+	若旦那		
chain-chronicle-hekuseitasu-no-hikari	チェインクロニクル ヘクセイタスの閃	原作+	セガ	セガ	
chain-chronicle-hekuseitasu-no-hikari	チェインクロニクル ヘクセイタスの閃	原作+	チェンクロ・フィルムパートナーズ		
champagne	シャンパーニュ	原作+	城アラキ	ジョウアラキ	
chaos-child-children-s-collapse	CHAOS;CHILD～Children's Collapse～	原作+	MAGES. Chiyo st.inc		
chaos-child	Chaos;Child	原作+	MAGES. Chiyo st.inc		
charenjaa-aaa	挑戦者AAA	原作+	梶原一騎	カジワライッキ	
charenjaa-aaa	挑戦者AAA	役割→作画	永島慎二	ナガシマシンジ	
charlotte	Charlotte	役割→作画	池澤真		
charlotte	Charlotte	役割→作画	津留崎優	ツルサキユウ	
chihou-kishi-hans-no-junan	地方騎士ハンスの受難	原作+	アマラ	アマラ	
chiisai-oku-sama	ちいさい奥さま	原作+	マツダ靖		
chikaano-k	チカーノKEI	原作+	KEI		
chikansaresou-ni-natteiru-skyuu-bi-shoujo-o-tasuketara-tonari-no-seki-no-osananajimi-datta	痴漢されそうになっているS級美少女を助けたら隣の席の幼馴染だった	役割→作画	緑川葉	ミドリカワヨウ	
chikashitsu-dungeon	地下室ダンジョン	役割→作画	ひびぽん		
chimera-project-zero	キメラプロジェクト:ゼロ	役割→作画	ひつじロボ		
chiyodaku-oukoku-jajjimento	チヨダク王国ジャッジメント	役割→作画	星衛いお	ホシエイオ	
chiyu-mahou-no-machigatta-tsukaikata	治癒魔法の間違った使い方	原作+	くろかた	クロカタ	
chocolate-confusion	チョコレート・コンフュージョン	原作+	星奏なつめ	セイソウナツメ	
chopin-no-jikenfu	ショパンの事件譜	原作+	北原雅紀		
choppiri-etchi-na-sanshimai-demo-oyome-san-ni-shite-kuremasuka	ちょっぴりえっちな三姉妹でも、お嫁さんにしてくれますか?	役割→作画	鹿もみじ	シカモミジ	
chou-tantei-file-rain-code	超探偵事件簿レインコード	役割→作画	紺野ぱる		
chou-ten-chan	超てんちゃん!	原作+	WSS playground		
chou-tensai-hatsumei-reijou-no-powerful-ryouchi-kaikaku	超!!!天才発明令嬢のパワフル領地改革	役割→作画	katoson		
choubaku-madouden-slayers	超爆魔道伝スレイヤーズ	役割→作画	義仲翔子		
choubu-no-shinobi	蝶撫の忍	原作+	村田真哉	ムラタシンヤ	
choudokyuu-cheat-akuyaku-reijou-no-karei-naru-fukushuu-tan	超弩級チート悪役令嬢の華麗なる復讐譚	役割→作画	見延案山子	ミノベカカシ	
choujin-koukouseitachi-wa-isekai-demo-yoyuu-de-ikinuku-youdesu	超人高校生たちは異世界でも余裕で生き抜くようです!	役割→作画	山田こたろ	ヤマダコタロ	
choukyuu-mobile-butouden-g-gundam-saishuu-kessenhen-stage-4	超級!機動武闘伝Gガンダム 最終決戦編 STAGE 4	原作+	矢立肇	ヤダテハジメ	
choukyuu-mobile-butouden-g-gundam-saishuu-kessenhen-stage-4	超級!機動武闘伝Gガンダム 最終決戦編 STAGE 4	原作+	富野由悠季	トミノヨシユキ	
chuubyou-gekihatsu-boy-rerulili-2017	厨病激発ボーイ	原作+	れるりり	レルリリ	
chuubyou-gekihatsu-boy-rerulili-2017	厨病激発ボーイ	原作+	藤並みなと	トナミミナト	
chuukan-kanriroku-tonegawa	中間管理録トネガワ	原作+	萩原天晴	ハギワラテンセイ	
chuuzenji-sensei-mononoke-kougiroku	中禅寺先生物怪講義録	役割→作画	志水アキ	シミズアキ	
cinderella-wa-sagasanai	シンデレラは探さない。	役割→作画	クロ		
circle-crash	サークルクラッシュ!	原作+	佐古田康之		
circlet-princess	サークレット・プリンセス	原作+	DMM GAMES		
circlet-princess	サークレット・プリンセス	役割→作画	ぽんこつわーくす		
clannad-2008	CLANNAD	原作+	Key		
class-de-2-banme-ni-kawaii-onnanoko-to-tomodachi-ni-natta	クラスで2番目に可愛い女の子と友だちになった	役割→作画	尾野凛	オノリン	
class-ga-isekai-shoukan-sareta-naka-ore-dake-nokottandesuga	クラスが異世界召喚されたなか俺だけ残ったんですが	原作+	サザンテラス		
clear-itsuka-tatta-ano-oka-de	Clearいつか立ったあの丘で	原作+	Moonstone		
clear-itsuka-tatta-ano-oka-de	Clearいつか立ったあの丘で	役割→作画	ユキヲ	ユキオ	
cloth-road	Cloth road	役割→作画	Okama		
colorful-fantasia	カラフルファンタジア	原作+	矢立肇	ヤダテハジメ	
comic-aku-no-musume	Comic悪ノ娘	役割→作画	壱加		
comic-otoko-no-bigaku	コミック男の美学	原作+	吉澤伸二		
comic-otoko-no-bigaku	コミック男の美学	役割→作画	中島昌利	ナカジママサトシ	
comic-sherlock-holmes-the-best	コミックシャーロック・ホームズthe best	原作+	コナン・ドイル	コナンドイル	
comic-sherlock-holmes-the-best	コミックシャーロック・ホームズthe best	役割→作画	Jet		
comic-sherlock-holmes	コミックシャーロック・ホームズ	役割→作画	Jet		
corpse-party	コープスパーティー	原作+	映画「コープスパーティー」製作委員会		
counter-stop-no-go-inkyo-demon-san	カンスト村のご隠居デーモンさん	役割→作画	ミヤウチユウスケ	ミヤウチユウスケ	
country-girl	カントリーガアル	原作+	07th Expansion		
crimson-enpaia	クリムゾン・エンパイア	原作+	Quin Rose		
cross-anju	クロスアンジュ 天使と竜の輪舞	原作+	サンライズ		
cross-anju	クロスアンジュ 天使と竜の輪舞	役割→作画	竹下けんじろう	タケシタケンジロウ	
crueler-than-dead	クルエラーザンデッド	原作+	佐伊村司	サイムラツカサ	
crueler-than-dead	クルエラーザンデッド	役割→作画	高橋構造	タカハシコウゾウ	
crusher-joe-rebirth	クラッシャージョウREBIRTH	原作+	高千穂遙	タカチホハルカ	
cut-ando-peesuto-de-kono-sekai-o-ikiteiku	カット&ペーストでこの世界を生きていく	役割→作画	加藤コウキ	カトウコウキ	
cyborg-0-zeronain-zerozero-gakuen-kiki-ippatsu	サイボーグ009 00学園危機一髪	原作+	石ノ森章太郎	イシノモリショウタロウ	
cyborg-009-call-of-justice	CYBORG 009 CALL OF JUSTICE	原作+	石ノ森章太郎	イシノモリショウタロウ	
cyborg-009-call-of-justice	CYBORG 009 CALL OF JUSTICE	役割→作画	木村明広	キムラアキヒロ	
cyborg-009-kanketsuhen	サイボーグ009完結編	役割→作画	シュガー佐藤	シュガーサトウ	
cyborg-009-vs-devilman	サイボーグ009VSデビルマン	原作+	永井豪	ナガイゴウ	
cyborg-009-vs-devilman	サイボーグ009VSデビルマン	原作+	石ノ森章太郎	イシノモリショウタロウ	
d4dj-the-prologue-of-peaky-p-key	D4DJ-The Prologue of Peaky P-key-	役割→作画	美月めいあ		
dahlia	ダリア	原作+	相川七瀬		
daidokoro-no-dragon	台所のドラゴン	原作+	縞田理理		
daidoreiku	大奴隷区	原作+	岡田伸一	オカダシンイチ	
daidoru	堕イドル	原作+	ガクキリオ	ガク キリオ	
daimonzu	ダイモンズ	原作+	手塚治虫	テズカオサム	
dainana-maouji-jirubagiasu-no-maou-keikoku-ki	第七魔王子ジルバギアスの魔王傾国記	役割→作画	野井ニトラ	ノイニトラ	
dainihon-samurai-girl-shintou	大日本サムライガール新党	原作+	至道流星	シドウリュウセイ	
dainihon-samurai-girl	大日本サムライガール	原作+	至道流星	シドウリュウセイ	
daiseirei-no-keiyakusha	大精霊の契約者	役割→作画	穴河原あな	アナガワラアナ	
daitesuryou-koubouki	ダィテス領攻防記	原作+	牧原のどか		
daizai-dungeon-kyoushuujo-no-hanmen-kyoushi	大罪ダンジョン教習所の反面教師	役割→作画	夏川そぞろ	ナツカワソゾロ	
danberu-nankiro-moteru	ダンベル何キロ持てる?	原作+	サンドロビッチ・ヤバ子	サンドロビッチ ・ ヤバコ	
dance-with-devils-blight	Dance with DEVILS-Blight-	原作+	グリモワール編纂室		
dangerous-1969-kyuurokukyuu	ダンゲロス1969	原作+	架神恭介	カガミキョウスケ	
danjo-no-yuujou-wa-seiritsu-suru-iya-shinai	男女の友情は成立する?〈いや、しないっ!!〉	役割→作画	Kamelie		
danna-ga-bibou-o-kakusu-wake	旦那が美貌を隠す訳	役割→作画	Harara		
danna-sama-wa-yuurei	ダンナさまは幽霊	原作+	流光七奈	リュウコウナナ	
danshou-no-grimm	断章のグリム	原作+	甲田学人	コウダガクト	
danzai-sareta-akuyaku-reijou-wa-zokuhen-no-akuyaku-reijou-ni-umarekawaru	断罪された悪役令嬢は続編の悪役令嬢に生まれ変わる	役割→作画	白砂	シラス	
dappou-tamer-no-nariagari-bouken-tan	脱法テイマーの成り上がり冒険譚	役割→作画	真鍋譲治	マナベジョウジ	
dare-ga-kenja-o-koroshitaka	誰が賢者を殺したか?	原作+	奈々本篠介		
dare-ga-yondano	誰が喚んだの!?	原作+	木緒なち	キオナチ	
dare-ga-yondano	誰が喚んだの!?	原作+	KOMEGAMES		
dare-ni-demo-dekiru-kage-kara-tasukeru-maou-toubatsu	誰にでもできる影から助ける魔王討伐	原作+	槻影	ツキカゲ	
dare-nimo-aisarenai-node-yuka-o-migaite-itara-soko-ga-seiikika-shita-reijou-no-hanashi	誰にも愛されないので床を磨いていたらそこが聖域化した令嬢の話	役割→作画	皐月文		
dareka-kono-joukyou-o-setsumei-shite-kudasai	誰かこの状況を説明してください!	原作+	徒然花	ツレズレバナ	
daremo-shiranai-tou-no-aru-machi	誰も知らない塔のある町	原作+	あかほりさとる	あかほりさとる	
dark-master	ダークマスター	原作+	狩撫麻礼	カリブマレイ	
darling-in-the-franxx	ダーリン・イン・ザ・フランキス	原作+	Code:000		
datsui-tensei	脱衣転生	原作+	中川トシヒロ	ナカガワトシヒロ	
days-gaiden	DAYS外伝	原作+	安田剛士	ヤスダツヨシ	
dead-mount-death-play	デッドマウント・デスプレイ	原作+	成田良悟	ナリタリョウゴ	
dead-tube	DEAD Tube	原作+	山口ミコト	ヤマグチミコト	
death-march-kara-hajimaru-isekai-kyousoukyoku	デスマーチからはじまる異世界狂想曲	原作+	愛七ひろ		
debirukko-ruru	デビルっ子ルル	役割→作画	のだしげる		
dekiai-kankei	溺愛カンケイ!	原作+	松本ユミ		
dekiai-shinan	溺愛指南	原作+	伊月ジュイ		
dekisokonai-no-monster-toreenaa	できそこないの魔獣錬磨師	原作+	見波タクミ		
dekisokonai-no-monster-toreenaa	できそこないの魔獣錬磨師	役割→作画	Yui		
dekkai-yatsu	でっかい奴	原作+	鳴海丈	ナルミジョウ	
dekoboko-animation	凸凹アニメーション	原作+	宮島雅憲	ミヤジママサノリ	
delete	DELETE	原作+	川上真司		
demons-star	DEMONS STAR	役割→作画	ミクニシン		
densen-ka	伝染歌	役割→作画	佳弥	カヤ	
destiny-unchain-online	Destiny Unchain Online	役割→作画	ヤチモト	ヤチモト	
digimon-dreamers	デジモンドリーマーズ	役割→作画	やぶのてんや	やぶのてんや	
diikyuu-boukensha-no-ore-naze-yuusha-party-ni-kanyuu-sareta-ageku-joou-ni-tsukimatowareteru	D級冒険者の俺、なぜか勇者パーティーに勧誘されたあげく、王女につきまとわれてる	役割→作画	舘津テト	タチツテト	
do-it-yourself	Do it yourself!!	原作+	エイベックス・ピクチャーズ		OVR
do-it-yourself	Do it yourself!!	原作+	IMAGO		OVR
do-it-yourself	Do it yourself!!	役割→作画	こゆびたべる	コユビタベル	OVR
do-kuzu-na-kazoku-to-wakareru-houhou	どクズな家族と別れる方法	役割→作画	洲鎌ウル	スガマウル	
do-kuzu	ド屑	役割→作画	ゆめみつき		
dokidoki-isoppu-monogatari	ドキドキ!イソップ物語	原作+	イソップ	イソップ	
dokuoya-ni-fukushuu-shitai-akuyaku-reijou-wa-keiyaku-konyaku-shita-koori-no-kikoushi-ni-dekiai	毒親に復讐したい悪役令嬢は、契約婚約した氷の貴公子に溺愛される	役割→作画	BEKO		
dokusaisha-jiiku	独裁者ジーク	原作+	稲吉慶		
dokushin-kizoku-wa-isekai-o-ouka-suru	独身貴族は異世界を謳歌する	役割→作画	駒鳥ひわ	コマドリヒワ	
doraemon-himitsu-dougu-hyakka	ドラえもんひみつ道具百科.	役割→作画	ふじあか正人		
doraemon-naze-nani-tanken-tai	ドラえもん なぜなに探検隊	原作+	藤子・F・不二雄	フジコフジオF	
doraemon-no-taiiku-omoshiro-kouryaku	ドラえもんの体育おもしろ攻略	役割→作画	藤子プロ	フジコプロ	
doraemon-nobita-no-himitsu-dougu-hakubutsukan	ドラえもんのび太のひみつ道具博物館	役割→作画	むぎわらしんたろう	むぎわらしんたろう	
doraemon-nobita-no-shin-kyouryuu-eiga-story	ドラえもんのび太の新恐竜	役割→作画	むぎわらしんたろう	むぎわらしんたろう	
doraemon-nobita-to-kiseki-no-shima	ドラえもんのび太と奇跡の島	原作+	藤子・F・不二雄	フジコフジオF	
dorei-shounin-shika-sentakushi-ga-naidesuyo	奴隷商人しか選択肢がないですよ?	原作+	カラユミ	カラユミ	
dorei-shounin-shika-sentakushi-ga-naidesuyo	奴隷商人しか選択肢がないですよ?	役割→作画	ごまし	ゴマシ	
dorei-yuugi	奴隷遊戯	原作+	ヤマイナナミ		
dorii-kirukiru	ドリィ❤キルキル	原作+	蔵人幸明		
doro-no-bunzai-de-watashi-dake-no-taisetsu-o-ubaou-danante	泥の分際で私だけの大切を奪おうだなんて	役割→作画	桂千夏	カツラチカ	
dorufin-to-yukai-na-nakamatachi	ドルフィンと愉快な仲間たち	原作+	岩橋健一郎	イワハシケンイチロウ	
dorufin	ドルフィン	原作+	岩橋健一郎	イワハシケンイチロウ	
dorukara	どるから	原作+	石井和義	イシイカズヨシ	
doryoku-shisugita-sekai-saikyou-no-butouka-wa-mahou-sekai-o-yoyuu-de-ikinuku	努力しすぎた世界最強の武闘家は、魔法世界を余裕で生き抜く。	原作+	わんこそば		
douki-ga-suit-o-nuidanara	同期がスーツを脱いだなら	原作+	mikko		
doumo-suki-na-hito-ni-horegusuri-o-irai-sareta-majo-desu	どうも、好きな人に惚れ薬を依頼された魔女です。	原作+	六つ花えいこ		
dousei-yankee-akamatsu-seven	同棲ヤンキー赤松セブン	原作+	SHOOWA		
douyara-watashi-no-karada-wa-kanzen-muteki-no-youdesune	どうやら私の身体は完全無敵のようですね	役割→作画	さばねこ	サバネコ	
dr-kiriko-shiroi-shinigami	Dr.キリコ白い死神	原作+	手塚治虫	テズカオサム	
dr-prisoner	Dr.プリズナー	原作+	石川小松		
dr-stone	Dr.STONE	原作+	稲垣理一郎	イナガキリイチロウ	
dracu-riot	DRACU-RIOT!	役割→作画	季野このき 		
dragon-ball-gaiden-tensei-shitara-yamucha-datta-ken	DRAGON BALL外伝 転生したらヤムチャだった件	原作+	鳥山明	トリヤマアキラ	
dragon-ball-gaiden-tensei-shitara-yamucha-datta-ken	DRAGON BALL外伝 転生したらヤムチャだった件	役割→作画	ドラゴン画廊リー		
dragon-efekuto-sakamoto-ryouma-ibun	ドラゴンエフェクト 坂本龍馬異聞	役割→作画	K Storm		
dragon-ie-o-kau	ドラゴン、家を買う。	原作+	多貫カヲ		
dragon-ie-o-kau	ドラゴン、家を買う。	役割→作画	絢薔子	アヤショウコ	
dragon-ni-sand-hikareta-ore-no-tensei-shokunin-life	ドラゴンに三度轢かれた俺の転生職人ライフ	役割→作画	八嶋成生	ヤシマナルオ	
dragon-quest-princess-aleana	ドラゴンクエスト～プリンセスアリーナ～	役割→作画	八坂麻美子		
dragon-quest-treasures-another-adventure-fadora-no-takarajima	ドラゴンクエストトレジャーズアナザーアドベンチャーファドラの宝島	原作+	はらまさき		
dragon-quest-treasures-another-adventure-fadora-no-takarajima	ドラゴンクエストトレジャーズアナザーアドベンチャーファドラの宝島	役割→作画	天野洋一	アマノヨウイチマンガカ	
dragons-dogma-revives	ドラゴンズドグマリヴァイブス	原作+	CAPCOM		
dream-times	ドリームタイムズ	原作+	赤塚不二夫	アカツカフジオ	
dungeon-busters	ダンジョン・バスターズ	役割→作画	蒼和伸	アオナギノブ	
dungeon-darake-no-isekai-ni-tensei-shitakedo-boku-no-onkei-ga-sainankan-dungeon-datta-ken	ダンジョンだらけの異世界に転生したけど僕の恩恵が最難関ダンジョンだった件	役割→作画	へるにゃー	ヘルニャー	
dungeon-faamu	ダンジョン・ファーム	原作+	鈴木竜一		
dungeon-faamu	ダンジョン・ファーム	原作+	シソ		
dungeon-faamu	ダンジョン・ファーム	役割→作画	もずくず		
dungeon-ni-deai-o-motomeru-nowa-machigatteirudarouka-familia-chronicle	ダンジョンに出会いを求めるのは間違っているだろうかファミリアクロニクル	原作+	大森藤ノ	オオモリフジノ	
dungeon-seeker	ダンジョンシーカー	原作+	サカモト666		
durarara-2015	デュラララ!! re: ダラーズ編	原作+	成田良悟	ナリタリョウゴ	
durarara-relay	デュラララ!! Relay	原作+	成田良悟	ナリタリョウゴ	
e-shanai-system-subete-wanope-shite-iru-watashi-o-kaikosareta-desu-ka	え、社内システム全てワンオペしている私を解雇ですか?	役割→作画	伊於	イオ	
ecstas-online	エクスタス・オンライン	原作+	久慈マサムネ	クジマサムネ	
eden-kawatsu-2015	EDEN	原作+	川津流一		
edo-no-oiran-to-irekawatta-node-hanamachi-no-chouten-o-mezashite-miru	江戸の花魁と入れ替わったので、花街の頂点を目指してみる	役割→作画	祈崎ひな汰		
edogawa-ranpo-kaiki-mangakan	江戸川乱歩怪奇漫画館	原作+	江戸川乱歩	エドガワランポ	
edogawa-ranpo-ryouki-mangakan	江戸川乱歩猟奇漫画館	原作+	江戸川乱歩	エドガワランポ	
edomae-no-shun-shun-to-daigo	江戸前の旬 旬と大吾	原作+	九十九森	ツクモシン	
ee-shoukan-sarete-komatte-iru-seijo-kari-towa-watashi-no-koto-desu	ええ、召喚されて困っている聖女〈仮〉とは私のことです	役割→作画	乙善ゆしお	イツゼンユシオ	
efu-rank-boukensha-no-nariagari	Fランク冒険者の成り上がり	役割→作画	二世めぐる	ニセイメグル	
eien-no-itte	永遠の一手	原作+	伊藤智義	トモヨシイトウ	
eight-dogs	エイトドッグス	原作+	山田風太郎	ヤマダカゼタロウ	
eikou-e-no-ballad	栄光へのバラード	役割→作画	江波じょうじ		
einen-koyou-wa-kanou-deshou-ka	永年雇用は可能でしょうか	役割→作画	梨川リサ	ナシカワリサ	
eiyuu-densetsu-sora-no-kiseki-esushii	英雄伝説空の軌跡SC	原作+	日本ファルコム	ニホンファルコムカブシキガイシャ	
eiyuu-kyoushitsu	英雄教室	原作+	新木伸	アラキシン	
eiyuu-no-musume-to-shite-umarekawatta-eiyuu-wa-futatabi-eiyuu-o-mezasu	英雄の娘として生まれ変わった英雄は再び英雄を目指す	役割→作画	言寺あまね	コトデラアマネ	
eiyuuou-bu-o-kiwameru-tame-tenseisu	英雄王、武を極めるため転生す	役割→作画	くろむら基人	クロムラモト	
elite-joushi-wa-kyuuai-no-kikai-o-nogasanai	エリート上司は求愛の機会を逃さない	原作+	水守真子		
elite-joushi-wa-kyuuai-no-kikai-o-nogasanai	エリート上司は求愛の機会を逃さない	役割→作画	秀真	シュウマ	
elite-onzoushi-ga-hanayome-ni-go-shimei-desu	エリート御曹司が花嫁にご指名です	役割→作画	えだじまさくら		
elysion-futatsu-no-rakuen-o-meguru-monogatari	Elysion 二つの楽園を廻る物語	原作+	Sound Horizon		
emiya-san-no-kyou-no-gohan	衛宮さんちの今日のごはん	原作+	TYPE-MOON		
end-of-arcadia	エンド・オブ・アルカディア	役割→作画	三崎ユウキ		
endroll-back	エンドロールバック	原作+	貫徹		
engage-kiss	Engage kiss	原作+	Bayron City Express		
engage-kiss	Engage kiss	役割→作画	いたち	いたち	
enoku-daini-butai-no-ensei-gohan	エノク第二部隊の遠征ごはん	原作+	江本マシメサ	エモトマシメサ	
enueichikee-darwin-ga-kita	NHKダーウィンが来た!	原作+	NHK「ダーウィンが来た!」		
enueichikee-darwin-ga-kita	NHKダーウィンが来た!	役割→作画	戸井原和巳	トイハラカズミ	
equal-ippatsu	= イッパツ	原作+	山口かつみ	ヤマグチカツミ	
ero-manga-sensei-elf-elf-daisensei-no-koisuru-junshin-gohan	エロマンガ先生山田エルフ大先生の恋する純真ごはん	原作+	伏見つかさ	フシミツカサ	
ero-manga-sensei-elf-elf-daisensei-no-koisuru-junshin-gohan	エロマンガ先生山田エルフ大先生の恋する純真ごはん	役割→作画	優木すず	ユウキスズ	
eroge-tensei	エロゲ転生	役割→作画	奈々鎌土	ナナカマド	
erudiasu-road	エルディアス・ロード	役割→作画	髙田タカミ		
esu-rank-party-o-munou-da-to-tsuihousareta-kedo-kantei-to-chiyu-mahou-de-nariagari-musou	Sランクパーティーを無能だと追放されたけど、〈鑑定〉と〈治癒魔法〉で成り上がり無双	役割→作画	ジアナズ	ジアナズ	
esuenuesu-no-ouji-sama-to-cinderella-no-kutsu	SNSの王子様と、シンデレラの靴	原作+	西ノ原はる		
esuenuesu-no-ouji-sama-to-cinderella-no-kutsu	SNSの王子様と、シンデレラの靴	役割→作画	萠千子	モチコ	
etsu-heibon-desuyo	えっ?平凡ですよ??	原作+	月雪はな		
etten-no-sora	越天の空	原作+	地雷魚		
everyday-magic	エブリデイ・マジック	原作+	崎谷はるひ	サキヤハルヒ	
ex-arm	EX-ARM	原作+	HiRock		
ex-maiden	エクスメイデン	原作+	ランバート		
eyes-on-you	アイズ・オン・ユー	原作+	Millenni+M		
faaburu-no-konchuuki	ファーブルの昆虫記	原作+	ファーブル	ファーブル	
faaburu-no-konchuuki	ファーブルの昆虫記	役割→作画	伊東章夫	イトウアキオ	
fairy-girls	FAIRY GIRLS	原作+	真島ヒロ	マシマヒロ	
fairy-tail-blue-mistral	FAIRY TAIL ブルー・ミストラル	役割→作画	渡辺留衣	ワタナベルイ	
fairy-tail-gaiden	FAIRY TAIL外伝	原作+	真島ヒロ	マシマヒロ	
fantasy-o-hotondo-shiranai-joshi-joshikousei-ni-yoru-isekai-teni-seikatsu	ファンタジーをほとんど知らない女子高生による異世界転移生活	原作+	コウ	コウ	
fate-apocrypha	Fate/Apocrypha	原作+	TYPE-MOON		
fate-apocrypha	Fate/Apocrypha	原作+	東出祐一郎	ヒガシデユウイチロウ	
fate-extra-ccc	フェイト/エクストラCCC	原作+	マーベラス	マーベラス	
fate-extra-ccc	フェイト/エクストラCCC	原作+	TYPE-MOON		
fate-extra-ccc	フェイト/エクストラCCC	役割→作画	ろび～な		
fate-grand-order-comic-collection	Fate/grand orderコミックコレクション	原作+	Type-Moon		
fate-grand-order-comic-la-carte-plus	Fate/Grand OrderコミックアラカルトPLUS!	原作+	TYPE-MOON		
fate-grand-order-comic-la-carte	Fate/Grand Orderコミックアラカルト	原作+	TYPE-MOON		
fate-grand-order-epic-of-remnant-ashu-tokuiten-2-denshou-chitei-sekai-agartha-agartha-no-onna	Fate/Grand Order-Epic of Remnant-亜種特異点2伝承地底世界アガルタ アガルタの女	原作+	TYPE-MOON		OVR
fire-emblem-nintendo-1996	ファイアーエムブレム	原作+	任天堂	ニンテンドウカブシキガイシャ	
flagger-no-houteishiki	フラッガーの方程式	原作+	浅倉秋成	アサクラアキナリ	
flappy-technique-book	フラッピーテクニックブック	役割→作画	鈴木輝明		
flcl	フリクリ	原作+	Gainax		
frame-arms-girl-lab-days	フレームアームズ・ガールラボ・デイズ	原作+	コトブキヤ		
free-life	フリーライフ	役割→作画	森あいり	モリアイリ	
front-mission-dog-life-dog-stile	FRONT MISSION DOG LIFE ＆ DOG STILE	役割→作画	C. H. Line		
frontier-world-online	Frontier World Online	役割→作画	日向ののか	ヒナタノノカ	
fuchuu-sanokuen-jiken-o-keikaku-jikkou-shita-noha-watashi-desu	府中三億円事件を計画・実行したのは私です。	役割→作画	Musashi		
fudanshi-sensei	腐男子先生!!!!!	原作+	瀧ことは		
fuguu-skill-no-renkinjutsushi-henkyou-o-kaitaku-suru	不遇スキルの錬金術師、辺境を開拓する	役割→作画	がいかん	ガイカン	
fuguushoku-ningyoutsukai-no-nariagari	不遇職〈人形遣い〉の成り上がり	役割→作画	むらたん	ムラタン	
fuhoni-desu-ryuukishidan-ga-kahogo-desu	不本意ですが、竜騎士団が過保護です	役割→作画	木虎こん	キトラコン	
fuji-san-houkai	富士山崩壊	原作+	石黒耀	イシグロアキラ	
fujimi-no-tokkouhei	不死身の特攻兵	原作+	鴻上尚史		
fukushokushi-ruchia-wa-akiramenai	服飾師ルチアはあきらめない	役割→作画	臼土きね	ウストキネ	
full-metal-panic-another-sigma	フルメタル・パニック!アナザーΣ	原作+	賀東招二	ガトウショウジ	
full-metal-panic-another-sigma	フルメタル・パニック!アナザーΣ	原作+	大黒尚人	オオグロナオト	
fune-o-amu	舟を編む	原作+	三浦しをん	ミウラシオン	
furansu-nikki	腐らんす日記	原作+	大清水さち	オオシミズサチ	
furansujin-wa-10-chaku-shika-fuku-o-motanai	フランス人は10着しか服を持たない	原作+	ジェニファー・L・スコット		
furiisukiru-de-saikyou-boukensha	フリースキルで最強冒険者	役割→作画	浦稀えんや		
fushi-no-gunzei-o-hikiiru-bocchi-shiryoujutsushi-necromancer-tenshoku-shite-esuesuesu-rank	不死の軍勢を率いるぼっち死霊術師(ネクロマンサー)、転職してSSSランク冒険者になる。	役割→作画	ブラッディ棚蚊	ブラッディ タナカ	
fushigi-no-kuni-no-namihee-san	ふしぎの国の波平さん	原作+	小森陽一	コモリヨウイチ	
futago-ouji-no-miwakekata	双子王子の見分け方	役割→作画	笠井	カサイ	
futari-no-an-to-himitsu-no-koi	ふたりのアンと秘密の恋	原作+	シルヴィア・アンドルー	シルヴィアアンドルー	
futari-seitokai	ふたり生徒会	原作+	ゆずチリ	ゆずチリ	
fuuto-tantei	風都探偵	原作+	石ノ森章太郎	イシノモリショウタロウ	
fuwafuwa-yurete-harahara-ochite	ふわふわゆれて、はらはらおちて	原作+	一井かずみ	カズイカズミ	
fuyou-senri	芙蓉千里	原作+	須賀しのぶ	スガシノブ	
gachaman	ガチャマン	原作+	焼き芋ハンサム斎藤		
gachaman	ガチャマン	役割→作画	村上ペコ	ムラカミペコ	
gaikotsu-kishi-sama-tadaima-isekai-e-odekakechuu	骸骨騎士様、只今異世界へお出掛け中	原作+	秤猿鬼	ハカリエンキ	
gakkyuu-houtei	学糾法廷	原作+	榎伸晃		
gakudan	がくだん!	原作+	竹井10日	タケイトオカ	
gakuen-fuusa	学園×封鎖	原作+	八頭道尾	ヤズミチオ	
gakuen-heaven	学園ヘヴン	原作+	Spray		
gakuen-saikopasu	学園さいこぱす	原作+	サイコパス製作委員会	イインカイッッッチョパッッセイサク	
gakusen-toshi-asterisk-gaiden-queenvale-no-tsubasa	学戦都市アスタリスク外伝 クインヴェールの翼	原作+	三屋咲ゆう	ミヤザキユウ	
gal-kishi-angelica	ギャル騎士アンジェリカ	原作+	トリアイナ	トリアイナ	
gal-to-kyouryuu	ギャルと恐竜	原作+	森もり子		
gambler-s-parade	ギャンブラーズパレード	原作+	小高和剛	コダカカズタカ	
game-of-familia	ゲームオブファミリア	原作+	山口ミコト	ヤマグチミコト	
game-sekai-tensei-dankatsu	ゲーム世界転生〈ダン活〉～ゲーマーは〈ダンジョン就活のススメ〉を〈はじめから〉プレイする～@COMIC	役割→作画	浅葱洋	アサギヒロシ	
gamers	ゲーマーズ!	原作+	葵せきな	アオイセキナ	
gangsta-cursed-ep-marco-adriano	GANGSTA:CURSED.EP_MARCO ADRIANO	原作+	コースケ	コースケ	
ganpura-senki-jaburoozu-sky	ガンプラ戦記ジャブローズ・スカイ	原作+	ゆきもり	ゆきもり	
gansuringaa-sutoratosu	ガンスリンガーストラトス	原作+	森瀬繚	モリセリョウ	
gar-on	ギャルソン	原作+	城アラキ	ジョウアラキ	
garapago	ガラパゴ	役割→作画	夜坂一槻	ヤサカイツキ	
garo-makai-no-hana	牙狼-魔戒ノ花-	原作+	雨宮慶太	アメミヤケイタ	
gate-of-amitilicia-online	ゲート・オブ・アミティリシア・オンライン	原作+	翠玉鼬		
gate-teikoku-no-bara-kishidan-pinya-ko-raada-14-sai	ゲート 帝国の薔薇騎士団ピニャ・コ・ラーダ14歳	原作+	柳内たくみ	ヤナイタクミ	
gate	ゲート	原作+	柳内たくみ	ヤナイタクミ	
gegege-no-kitarou-shin-youkai-senmonogatari	ゲゲゲの鬼太郎新妖怪千物語	原作+	水木しげる	ミズキシゲル	
geinoujin-no-kareshi	芸能人の彼氏	原作+	朝田とも	アサダトモ	
geinoujin-no-kareshi	芸能人の彼氏	役割→作画	菊乃杏		
gekiga-jitsuroku-yamaguchigumi-butoushi	劇画実録・山口組武闘史	原作+	溝口敦	ミゾグチアツシ	
gekiga-utau-rokunin-no-onna	劇画唄う六人の女	役割→作画	ヤマサキリョウ	ヤマサキリョウ	
gekikarabu	ゲキカラブ!	原作+	ヒトマスモドル		
gekitotsu-no-hexennacht	激突のヘクセンナハト	原作+	川上稔	カワカミミノル	
gendai-de-monster-kujo-gyousha-o-yattetara-shachou-ga-akaji-o-nantoka-suru-tame-ni-muri-o-shita-sei	現代でモンスター駆除業者をやってたら社長が赤字をなんとかするために無理をしたせいで社員のほとんどが死んだからずっと一人で仕事をしてたら凄いことになりました	役割→作画	染野静也	ソメノシズヤ	
gendai-majo-no-shuushoku-jijou	現代魔女の就職事情	原作+	相沢沙呼	アイザワサコ	
generator-gawl	ジェネレイターガウル	原作+	天田龍	アマダリュウ	
genji-monogatari-yanagawa-1989	源氏物語	原作+	紫式部	シキブムラサキ	
genjitsu-shugi-yuusha-no-oukoku-saikenki	現実主義勇者の王国再建記	原作+	どぜう丸	ドジョウマル	
genjuu-chousain	幻獣調査員	原作+	綾里けいし	アヤサトケイシ	
genkai-seifu-magical-panzer	限界聖布☆マジカルパンツァー!	原作+	祁答院慎	ケドウインマコト	
gensou-gourmet	幻想グルメ	原作+	天那光汰	アマナコウタ	
georgie	ジョージィ!	役割→作画	いがらしゆみこ	イガラシユミコ	
gesokon-tantei	ゲソコン探偵	原作+	花林ソラ	カリンソラ	
gesokon-tantei	ゲソコン探偵	役割→作画	百井一途	モモイイト	
gesu-no-junai	ゲスの純愛	原作+	anco		
getter-robo-arc	ゲッターロボアーク	役割→作画	ダイナミックプロ		
getter-robo-devolution	ゲッターロボデヴォリューション	原作+	永井豪	ナガイゴウ	
getter-robo-devolution	ゲッターロボデヴォリューション	原作+	石川賢	イシカワケン	
getter-robo-hai	ゲッターロボ牌	原作+	永井豪	ナガイゴウ	
getter-robo-hai	ゲッターロボ牌	原作+	石川賢	イシカワケン	
ghost-wa-yoru-aruku	亡霊は夜歩く	原作+	はやみねかおる	はやみねかおる	
gifuu-doudou-kaze-no-gunshi-kuroda-kanbei	義風堂々!!疾風 (かぜ) の軍師黒田官兵衛	原作+	原哲夫	ハラテツオ	
gifuu-doudou-kaze-no-gunshi-kuroda-kanbei	義風堂々!!疾風 (かぜ) の軍師黒田官兵衛	原作+	堀江信彦	ホリエノブヒコ	
gifuu-doudou-kaze-no-gunshi-kuroda-kanbei	義風堂々!!疾風 (かぜ) の軍師黒田官兵衛	役割→作画	山田俊明	ヤマダトシアキ	
gildre	ギルドレ	原作+	朝霧カフカ	アサギリカフカ	
ginga-teikoku-kouboushi	銀河帝国興亡史	原作+	アイザック・アシモフ	アイザックアシモフ	
ginkai-no-yuuri	銀灰のユーリ	役割→作画	京一		
ginsai-no-kawa	銀彩の川	原作+	萱島のぞみ		
ginza-lesson	銀座レッスン	原作+	山崎ヒロキ		
girlish-number	ガーリッシュナンバー	原作+	渡航	ワタリワタル	
girls-ando-panzer-abantei-antsuio-koukou	ガールズ&パンツァーアバンティ!アンツィオ高校	原作+	ガールズ&パンツァー製作委員会		
girls-ando-panzer-gekitou-majinosen-desutsu	ガールズ＆パンツァー激闘!マジノ戦ですっ!!	原作+	ガールズ＆パンツァー製作委員会		
girls-ando-panzer-little-army-2	ガールズ＆パンツァーリトルアーミー2	原作+	ガールズ＆パンツァー製作委員会		
girls-ando-panzer-purauda-senki	ガールズ&パンツァープラウダ戦記	原作+	ガールズ&パンツァー製作委員会		
girls-ando-panzer-purauda-senki	ガールズ&パンツァープラウダ戦記	役割→作画	吉田創	ヨシダハジメ	
girls-ando-panzer-senshadou-no-susume	ガールズ＆パンツァー戦車道ノススメ	原作+	ガールズ＆パンツァー劇場版製作委員会		
girls-und-panzer-gekijouban-variante	ガールズ&パンツァー劇場版Variante	原作+	ガールズ&パンツァー劇場版製作委員会		
girls-und-panzer-gekijouban-variante	ガールズ&パンツァー劇場版Variante	役割→作画	伊能高史	イノウタカシ	
girls-und-panzer-little-army	ガールズ＆パンツァーリトルアーミー	原作+	ガールズ＆パンツァー製作委員会		
girls-und-panzer-phase-erika	ガールズ＆パンツァーフェイズエリカ	原作+	ガールズ＆パンツァー劇場版製作委員会		
girls-und-panzer-ribbon-no-musha	ガールズ＆パンツァーリボンの武者	原作+	ガールズ＆パンツァー製作委員会		
girls-und-panzer-saishuushou-keizoku-koukou-harapeko-shokujidou	ガールズ&パンツァー最終章継続高校はらぺこ食事道	原作+	ガールズ&パンツァー最終章製作委員会		
girly-air-force	ガーリー・エアフォース	原作+	夏海公司	ナツミコウジ	
gitei-to-tsunagaru-karada-kedamono-no-koi	義弟と繋がるカラダ、ケダモノの恋。	原作+	anco		
glass-no-hana-to-kowasu-sekai	ガラスの花と壊す世界	原作+	Project D.backup		
glass-no-hana-to-kowasu-sekai	ガラスの花と壊す世界	役割→作画	おちゃう		
go-princess-precure	Go!プリンセスプリキュア	原作+	東堂いづみ	トウドウイズミ	
go-princess-precure	Go!プリンセスプリキュア	役割→作画	上北ふたご		
goblin-slayer-gaiden	ゴブリンスレイヤー外伝	原作+	蝸牛くも	カギュウクモ	
goblin-slayer-gaiden	ゴブリンスレイヤー外伝	役割→作画	栄田健人		
goblin-slayer	ゴブリンスレイヤー	原作+	蝸牛くも	カギュウクモ	
gohoubi-ohitorisushi	ごほうびおひとり鮨	原作+	早川光	ハヤカワヒカリ	
gokudou-koukousei	極道高校生	役割→作画	KimEui Kwon		
gokudou-mo-naita-8-piki-no-hachikou-monogatari	極道も泣いた!8匹のハチ公物語	役割→作画	小川浩司		
gokudou-mo-naita-8-piki-no-hachikou-monogatari	極道も泣いた!8匹のハチ公物語	役割→作画	田辺節雄	タナベセツオ	
gokudou-mo-naita-8-piki-no-hachikou-monogatari	極道も泣いた!8匹のハチ公物語	役割→作画	うめぞう	うめぞう	
gokudou-mo-naita-8-piki-no-hachikou-monogatari	極道も泣いた!8匹のハチ公物語	役割→作画	くまぷこ@		
gokudou-mo-naita-8-piki-no-hachikou-monogatari	極道も泣いた!8匹のハチ公物語	役割→作画	峰岸とおる	ミネギシトオル	
gokudou-mo-naita-8-piki-no-hachikou-monogatari	極道も泣いた!8匹のハチ公物語	役割→作画	摩周子	マシュウコ	
gokudou-mo-naita-8-piki-no-hachikou-monogatari	極道も泣いた!8匹のハチ公物語	役割→作画	幸	ユキ	
gokudou-mo-naita-8-piki-no-hachikou-monogatari	極道も泣いた!8匹のハチ公物語	役割→作画	岩本義行	イワモトヨシユキ	
gokudou-mo-naita-8-piki-no-hachikou-monogatari	極道も泣いた!8匹のハチ公物語	役割→作画	鈴木サトル	スズキサトル	
gokudou-no-shouki	極道の将器	原作+	鍋島雅治	ナベシママサハル	
golden-gai	黄金街	役割→作画	上村一夫	カミムラカズオ	
good-morning-beethoven	グッドモーニング・ベートーヴェン	原作+	左有秀	サノアリヒデ	
goodbye-sengen	グッバイ宣言	役割→作画	あらた伊里	アラタイリ	
goshujin-sama-wa-oisha-sama	ご主人様はお医者様	原作+	水羽凛		
goshuushou-sama-ninomiya-kun	ご愁傷さま二ノ宮くん	役割→作画	浜田レイジ	ハマダレイジ	
goumon-tournament	拷問トーナメント	原作+	アオイセイ	アオイセイ	
granblue-fantasy	グランブルーファンタジー	原作+	Cygames		
grancrest-senki	グランクレスト戦記	原作+	水野良	ミズノリョウ	
grashros	グラシュロス	原作+	金城宗幸	カネシロムネユキ	
grazioso	グラツィオーソ	原作+	山口なお美		
grimm-gritty	グリム＆グリッティ	原作+	深山ユーキ	ミヤマユーキ	
grimm-kumikyoku	グリム組曲	原作+	Netflix		OVR
grimm-kumikyoku	グリム組曲	役割→作画	恵広史	メグミコウジ	OVR
gugure-shigaraki-san	愚愚れ!信楽さん	原作+	遠藤ミドリ	エンドウミドリ	
gujjobu-atto-comic	GJ部@こみっく	原作+	新木伸	アラキシン	
gundam-build-divers-break	ガンダムビルドダイバーズブレイク	原作+	矢立肇	ヤダテハジメ	
gundam-build-divers-break	ガンダムビルドダイバーズブレイク	原作+	富野由悠季	トミノヨシユキ	
gundam-build-divers-break	ガンダムビルドダイバーズブレイク	役割→作画	しいたけ元帥	シイタケ ゲンスイ	
gundam-build-fighters-a-r	ガンダムビルドファイターズAR	原作+	富野由悠季	トミノヨシユキ	
gundam-build-fighters-a-r	ガンダムビルドファイターズAR	原作+	矢立肇	ヤダテハジメ	
gundam-jii-no-rekongisuta	GundamGのレコンギスタ	原作+	富野由悠季	トミノヨシユキ	
gunjin-shoujo-kouritsu-mahou-gakuen-ni-sennyuu-suru-koto-ni-narimashita	軍人少女、皇立魔法学園に潜入することになりました。	役割→作画	syuri22		
gunota-ga-mahou-sekai-ni-tensei-shitara-gendai-heiki-de-guntai-harem-o-tsukutchaimashita	軍オタが魔法世界に転生したら、現代兵器で軍隊ハーレムを作っちゃいました!?	原作+	明鏡シスイ	メイキョウシスイ	
gunyouken-yamato	軍用犬ヤマト	原作+	真樹日佐夫	マキヒサオ	
gunyouken-yamato	軍用犬ヤマト	役割→作画	桑田次郎		
guraburu-jaajibutsu	グラブルジャージ部っ!	原作+	Cygames		
guraburutsu	ぐらぶるっ!	原作+	Cygames		OVR
guraburutsu	ぐらぶるっ!	役割→作画	菊一文字		OVR
guranburuu-fantasy-souken-no-kizuna	GRANBLUE FANTASY双剣の絆	原作+	Cygames		OVR
gurechawanaidene	ぐれちゃわないでね	役割→作画	南京ぐれ子		
gurizaia-no-kajitsu	グリザイアの果実	原作+	フロントウイング	フロントウイング	
gurizaia-phantom-trigger	グリザイア:ファントムトリガー	原作+	フロントウイング	フロントウイング	
guuzou-jihen	偶像事変	原作+	にんじゃむ	にんじゃむ	
gyakusatsu-happy-end	虐殺ハッピーエンド	原作+	宮月新	ミヤツキシン	
gyakusatsu-kikan	虐殺器官	原作+	伊藤計劃		
gyakuten-saiban-sono-shinjitsu-igi-ari	逆転裁判 その「真実」、異議あり!	原作+	カプコン	カプコン	
hachigatsu-no-cinderella-nain-s	八月のシンデレラナインS	原作+	Akatsuki		
hachigatsu-no-cinderella-nain-s	八月のシンデレラナインS	役割→作画	星野倖一郎	ホシノコウイチロウ	
hadou-sousai	覇道総裁!	原作+	藍楊		
hagakure-monogatari	葉隠物語	原作+	安部龍太郎		
hai-school-furiito-roorerai-no-otometachi	ハイスクール・フリートローレライの乙女たち	原作+	AIS		
hai-school-furiito-roorerai-no-otometachi	ハイスクール・フリートローレライの乙女たち	役割→作画	槌居	ツチイ	
hai-spec-dayo-iona-chan	ハイスペックだよ!イオナちゃん	原作+	新木伸	アラキシン	
hai-to-gensou-no-grimgar	灰と幻想のグリムガル	原作+	十文字青	ジュウモンジアオ	
haikaburi-hime-wa-kekkon-shita-nao-ouji-wa	灰被り姫は結婚した、なお王子は	役割→作画	壱崎煉		
haime-to-zoukihime	ハイメと臓器姫	原作+	千賀史貴	センガシキ	
haiyore-super-nyaruko-chan-time	這いよれ!スーパーニャル子ちゃんタイム	役割→作画	星野蒼一朗		
hajimari-wa-seiryaku-kekkon	はじまりは政略結婚	役割→作画	七緒たつみ	ナナオタツミ	
hajimeteno	はじめての	原作+	GINGER BERRY		
hakaiou-noritaka	破壊王ノリタカ!	原作+	村田ひでお	ヒデオムラタ	
hakata-tonkotsu-ramens	博多豚骨ラーメンズ	原作+	木崎ちあき	キサキチアキ	
hakumaden-no-ishi	白魔殿の医師	原作+	よこみぞ邦彦	ヨコミゾクニヒコ	
hakushakuke-o-mamoru-tame-ni-toriaezu-konyaku-shimashita	伯爵家を守るためにとりあえず婚約しました	役割→作画	久世みずき	クゼミズキ	
hakyoku-yotei-no-akujo-no-hazu-ga-reitetsu-koushaku-sama-ga-wakarete-kuremasen	破局予定の悪女のはずが、冷徹公爵様が別れてくれません!	役割→作画	仲島歩	ナカシマアユミ	
hakyoku-yotei-no-akujo-no-hazu-ga-reitetsu-koushaku-sama-ga-wakarete-kuremasen	破局予定の悪女のはずが、冷徹公爵様が別れてくれません!	役割→作画	甘夏みのり	アマナツミノリ	
hamatora-the-comic	ハマトラTHE COMIC	役割→作画	小玉有起	コダマユウキ	
hametsu-end-masshigura-no-akuyaku-reijou-ni-tensei-shita-node-oishii-gohan-o-tsukutte-kurashimasu	破滅エンドまっしぐらの悪役令嬢に転生したので、おいしいご飯を作って暮らします	役割→作画	七緒たつみ	ナナオタツミ	
hametsu-no-akuyaku-joou-desu-kyuukoku-end-o-onozomi-desu	破滅の悪役王女ですが救国エンドをお望みです	役割→作画	夏葉じゅん	ナツバジュン	
hammer	Hammer	原作+	Orca		
hammer	Hammer	役割→作画	沖一	オキハジメ	
hanamakura	華枕	原作+	華壇倶楽部		
hanasaki-mai-ga-damatte-nai	花咲舞が黙ってない	原作+	池井戸潤	イケイドジュン	
hanatakanai-saibou	はたらかない細胞	役割→作画	杉本萌	スギモトモエ	
hanayoi-douchuu	花宵道中	原作+	宮木あや子		
hanayome-noren	花嫁のれん	役割→作画	岡峯有衣子		
hangyaku-no-yuusha	反逆の勇者	役割→作画	そらモチ	ソラモチ	
hanjuku-eiyuu	半熟英雄	原作+	スクウェア・エニックス	スクウェアエニックス	
hannintachi-no-file-kindaichi-shounen-no-file-gaiden	犯人たちの事件簿	役割→作画	船津紳平	フナツシンペイ	
hannintachi-no-file	犯人たちの事件簿	原作+	さとうふみや	サトウフミヤ	
hannintachi-no-file	犯人たちの事件簿	原作+	金成陽三郎	カナリヨウザブロウ	
hannintachi-no-file	犯人たちの事件簿	原作+	天樹征丸		
hannya-shingyou	般若心経	原作+	松崎雄二		
hanshichi-torimonochou	半七捕物帳	原作+	岡本綺堂	オカモトキドウ	
happy-table-harapeko-girl-wa-mitasaretai	Happy Tableはらぺこガールは満たされたい!	役割→作画	小野ミサオ	オノミサオ	
haraguro-ouji-ni-himitsu-o-nigiraremashita	腹黒王子に秘密を握られました	原作+	きたみまゆ	キタミマユ	
haraharadokei-no-shoujo	腹腹時計の少女	原作+	押井守	オシイマモル	
hariko-no-otome	針子の乙女	原作+	ゼロキ		
harmony	ハーモニー	原作+	伊藤計劃		
haru-yo-kuruna	春よ来るな	原作+	草水敏	クサミズビン	
haruchika	ハルチカ	原作+	初野晴		
haruichiban	青春一番	原作+	高円寺博	コウエンジヒロシ	
haruichiban	青春一番	役割→作画	永井豪	ナガイゴウ	
harutsuge-to-yukimusuko	春告と雪息子	原作+	弓部早苗		
hatarake-oji-san-no-mori	はたらけ!おじさんの森	原作+	朱雀伸吾		
hatsuru-koto-naki-mirai-yori	果つることなき未来ヨリ	原作+	フロントウイング	フロントウイング	
hattatsu-shougai-demo-piano-ga-hikemasuka	発達障害でもピアノが弾けますか?	原作+	中嶋恵美子		
haunted-campus	ホーンテッド・キャンパス	原作+	櫛木理宇	クシキリウ	
hazure-skill-kinomi-master	外れスキル《木の実マスター》	役割→作画	松琴エア	マツコトエア	
hazure-skill-mezamashi-de-tondemo-ryouchi-keiei	外れスキル〈目覚まし〉でとんでも領地経営	役割→作画	ホマレ		
hazure-skill-nigeru-de-ore-wa-kyokugen-tei-level-no-mama-saikyou-o-mezasu	ハズレスキル「逃げる」で俺は極限低レベルのまま最強を目指す	役割→作画	あずきこ	アズキコ	
hazure-zokusei-tsuchi-mahou-no-sei-de-henkyou-ni-tsuihousareta-node-gangan-ryouchi-kaitaku-shimasu	ハズレ属性土魔法のせいで辺境に追放されたので、ガンガン領地開拓します!	役割→作画	Utah		
healer-girl-espressivo	ヒーラー・ガールespressivo	役割→作画	おおのいも	オオノイモ	
heart-no-kuni-no-alice-my-fanatic-rabbit	ハートの国のアリス-My Fanatic Rabbit-	原作+	Quin Rose		
heavy-object-a	ヘヴィーオブジェクトA	原作+	鎌池和馬	カマチカズマ	
heel-no-oreta-cinderella	ヒールの折れたシンデレラ	原作+	高田ちさき	タカダチサキ	
heian-torikae-monogatari	平安とりかえ物語	役割→作画	大島幸也	オオシマユキエ	
heian-zankoku-monogatari	平安残酷物語	原作+	日日日	アキラ	
heibon-naru-koutei	平凡なる皇帝	役割→作画	めぎむら	メギムラ	
heion-sedai-no-idatentachi	平穏世代の韋駄天達	原作+	天原	アマハラ	
hellhound-2018	ヘルハウンド	原作+	大沢俊太郎	オオサワシュンタロウ	
henjin-no-salad-bowl-comic	変人のサラダボウル@comic	役割→作画	山田孝太郎	ヤマダコウタロウマンガカ	
henkyou-no-binbou-hakushaku-ni-totsugu-koto-ni-natta-node-ryouchi-kaikaku-ni-hagemimasu	辺境の貧乏伯爵に嫁ぐことになったので領地改革に励みます	原作+	ボダックス		
henkyou-no-binbou-hakushaku-ni-totsugu-koto-ni-natta-node-ryouchi-kaikaku-ni-hagemimasu	辺境の貧乏伯爵に嫁ぐことになったので領地改革に励みます	役割→作画	深山じお	ミヤマジオ	
henkyou-no-nouson-de-boku-wa-mahou-de-asobu	辺境の農村で僕は魔法で遊ぶ	役割→作画	坂本憲司郎	サカモトケンシロウ	
henkyou-no-roukishi-bard-loen	辺境の老騎士バルド・ローエン	原作+	支援BIS	シエン BIS	
hensachi-30-gal-to-gariben-inkya-na-ore	偏差値30ギャルとガリ勉陰キャな俺。	役割→作画	ベーコン譲	ベーコン ユズル	
hentai-ouji-to-warawanai-neko	変態王子と笑わない猫。	役割→作画	お米軒	オコメケン	
hero-and-daughter	Hero and Daughter	原作+	tachi		
heroic-age	ヒロイック・エイジ	原作+	Xebec		
hibana	火花	原作+	又吉直樹		
hibike-euphonium-kitauji-koukou-suisougakubu-saidai-no-kiki	響け!ユーフォニアム 北宇治高校吹奏楽部、最大の危機	役割→作画	はみ		
hibike-yuufoniamu-kitauji-koukou-suisougakubu-no-ichiban-atsui-natsu	響け!ユーフォニアム 北宇治高校吹奏楽部のいちばん熱い夏	役割→作画	はみ		
hibike-yuufoniamu	響け!ユーフォニアム	役割→作画	はみ		
higan-no-oruka	彼岸のオルカ	原作+	STUDIO koemee		
higan-no-oruka	彼岸のオルカ	役割→作画	うごんば	ウゴンバ	
high-low	HiGH ＆ LOW	原作+	Team HI-AX		
higisha-e-no-bara	被疑者へのバラ	役割→作画	花村えい子	ハナムラエイコ	
higisha-e-no-bara	被疑者へのバラ	役割→作画	橋本多佳子	ハシモトタカコ	
higisha-e-no-bara	被疑者へのバラ	役割→作画	つじいもとこ	つじいもとこ	
higisha-e-no-bara	被疑者へのバラ	役割→作画	篠崎佳久子	シノザキカクコ	
higisha-e-no-bara	被疑者へのバラ	役割→作画	浅野まいこ	アサノマイコ	
higurashi-no-naku-koroni-koi-utsushi-hen	ひぐらしのなく頃に 恋映し編	役割→作画	みもり	みもり	
higurashi-no-naku-koroni-koi-utsushi-hen	ひぐらしのなく頃に 恋映し編	役割→作画	佳月玲茅	カズキレチ	
higurashi-no-naku-koroni-koi-utsushi-hen	ひぐらしのなく頃に 恋映し編	役割→作画	外海良基	トノガイヨシキ	
higurashi-no-naku-koroni-koi-utsushi-hen	ひぐらしのなく頃に 恋映し編	役割→作画	桃山ひなせ	モモヤマヒナセ	
higurashi-no-naku-koroni-koi-utsushi-hen	ひぐらしのなく頃に 恋映し編	役割→作画	方條ゆとり	ホウジョウユトリ	
higurashi-no-naku-koroni-koi-utsushi-hen	ひぐらしのなく頃に 恋映し編	役割→作画	鈴木次郎	スズキジロウ	
higyaku-no-noel-chan	ひぎゃくのノエルちゃん	原作+	カナヲ		
higyaku-no-noel	被虐のノエル	原作+	カナヲ		
hikari-to-kage	光と影	原作+	RYU		
hikaru-kaze-2013	光る風	原作+	髙橋三千綱		
hikaru-kaze-2013	光る風	役割→作画	高橋功一郎	タカハシコウイチロウ	
hikikomori-hakoiri-reijou-no-kekkon	引きこもり箱入令嬢の結婚	原作+	北乃ゆうひ		
hikikomori-hakoiri-reijou-no-kekkon	引きこもり箱入令嬢の結婚	役割→作画	原口真成	ハラグチマサナリ	
hikikomori-tensei	ひきこもり転生	役割→作画	石川ちか	イシカワチカ	
hikkomi-jian-na-shinchoujuu-tsukai-planet-intoruudaa-online-comic	引っ込み思案な神鳥獣使い-プラネットイントルーダー・オンライン-@COMIC	役割→作画	藤屋いずこ	フジヤイズコ	
hikou-meikyuu-gakuen-dangerous	飛行迷宮学園ダンゲロス	原作+	架神恭介	カガミキョウスケ	
hime-kishi-ga-classmate	姫騎士がクラスメート!	役割→作画	NO.ゴメス		
hime-kishi-sama-no-himo	姫騎士様のヒモ	役割→作画	きぃやん		
himedore	ひめドレ	原作+	蔵人幸明		
himitsu-no-akko-chan-m	ひみつのアッコちゃんμ	原作+	赤塚不二夫	アカツカフジオ	
himitsu-no-akko-chan-m	ひみつのアッコちゃんμ	役割→作画	上北ふたご		
himouto-umaru-chan-esu-super	ひもうと!うまるちゃんSS	原作+	サンカクヘッド	サンカク ヘッド	
hiota-no-kanojo-ga-ore-no-motteru-eroge-ni-kyoumi-shinshin-nandaga	非オタの彼女が俺の持ってるエロゲに興味津々なんだが……	原作+	滝沢慧	タキザワケイ	
hiraheishi-wa-kako-o-yumemiru	平兵士は過去を夢見る	原作+	丘野優	オカノユウ	
hirunehime	ひるね姫	原作+	神山健治	カミヤマケンジ	
hishoka-pet-no-sodatekata	秘書課ペットの育て方	原作+	anco		
hiten-no-asuka	緋天のアスカ	役割→作画	218		
hitochigai-de-kaikosareta-saremashita-ga-gokujou-onzoushi-ni-hiroware-dekiai-sareta-node-shiawase	人違いで解雇されましたが、極上御曹司に拾われ溺愛されたので幸せです!	役割→作画	本多夏巳	ホンダナツミ	
hitodasuke-o-shitara-party-o-tsuihousareta-otoko-wa-yuniiku-skill-otasuke-man-de-nariagaru	人助けをしたらパーティを追放された男は、ユニークスキル『お助けマン』で成り上がる。	役割→作画	只野さとる	タダノサトル	
hitokiri-share-house	ヒトキリシェアハウス	原作+	二宮愛	ニノミヤアイ	
hitoribocchi-no-lullaby	独りぼっちのララバイ	役割→作画	江波じょうじ		
hitsuji-to-hagane-no-mori	羊と鋼の森	原作+	宮下奈都		
hokkaido-no-geneki-hunter-ga-isekai-ni-hourikomaretemita	北海道の現役ハンターが異世界に放り込まれてみた	役割→作画	カルトマ		
hokuou-kizoku-to-moukinzuma-no-yukiguni-karigurashi	北欧貴族と猛禽妻の雪国狩り暮らし	役割→作画	白樺鹿夜	シラカバシカヨ	
homo-mushoku-ie-o-kau	ホモ無職、家を買う	原作+	サムソン高橋		
hontou-wa-suki-nanoni	本当は好きなのに	原作+	月村奎	ツキムラケイ	
honzuki-no-gekokujou-1-yo-ni-naru-tame-niwa-shudan-o-erande-iraremasen	本好きの下剋上 司書になるためには手段を選んでいられません 第1部 本がないなら作ればいい!	原作+	香月美夜	カズキミヤ	
hoomuresu-tensei	ホームレス転生	原作+	徳川レモン		
horidei-love	ホリデイラブ	原作+	こやまゆかり	コヤマユカリ	
horobi-no-kuni-no-seifukusha	亡びの国の征服者	役割→作画	錆狗村昌	サビクムラマサ	
horobi-no-oukoku-no-renkinjutsu-reijou	滅びの王国の錬金術令嬢	役割→作画	真山菜緒	マヤマナオ	
hoshi-no-koimonogatari	星の恋物語	原作+	石井ゆかり		
hotarubi-no-tomoru-koro-ni	蛍火の灯る頃に	原作+	竜騎士07	リュウキシ 07	
houchou-san-no-uwasa	包丁さんのうわさ	原作+	神波裕太		
houkago-bitchcraft	放課後ビッチクラフト	原作+	志瑞祐	シミズユウ	
houkago-catastrophe	放課後カタストロフィ	原作+	猪原賽	イハラサイ	
houkago-minkofusukii	放課後ミンコフスキー	原作+	青柳碧人	アオヤギアイト	
houkago-no-meikyuu-boukensha-dungeon-diver	放課後の迷宮冒険者(ダンジョン・ダイバー)	役割→作画	あび	アビ	
houmatsu-ni-kami-wa-madoromu	泡沫に神は微睡む	役割→作画	伊禮ゆきとし	イレイユキトシ	
hummingbird-babies	ハミングバード・ベイビーズ	原作+	久住昌之	クスミマサユキ	
hundred	ハンドレッド	原作+	箕崎准	ミサキジュン	
hustlin-boy	ハスリンボーイ	原作+	草下シンヤ	クサカシンヤ	
hyakka-ryouran-sengoku-otome-2019	百花繚乱戦国乙女	原作+	平和	ヘイワ	
hyakki-tsurezurebukuro-menreiki	百器徒然袋 面霊気	原作+	京極夏彦	キョウゴクナツヒコ	
hyakkiyakou-to-goenkumi	百鬼夜行とご縁組	役割→作画	深田華央	フカダハナオウ	
hyouken-no-majutsushi-ga-sekai-o-suberu	冰剣の魔術師が世界を統べる	原作+	御子柴奈々		
hyper-midi-nakajima-haruko	ハイパーミディ中島ハルコ	原作+	林真理子	ハヤシマリコ	
hypnosis-mic-before-the-battle-the-dirty-dawg	ヒプノシスマイク-before the battle-the dirty dawg	原作+	Evil Line Records		
i-am-a-hero-in-osaka	アイアムアヒーローin OSAKA	原作+	花沢健吾	ハナザワケンゴ	
i-am-behemoth-of-the-s-rank-monsterbut-i-am-mistaken-as-a-cat-and-i-live-as-a-pet-of-elf	Sランクモンスターの《ベヒーモス》だけど、猫と間違われてエルフ娘の騎士(ペット)として暮らしてます	原作+	銀翼のぞみ	ギンヨクノゾミ	
i-am-behemoth-of-the-s-rank-monsterbut-i-am-mistaken-as-a-cat-and-i-live-as-a-pet-of-elf	Sランクモンスターの《ベヒーモス》だけど、猫と間違われてエルフ娘の騎士(ペット)として暮らしてます	役割→作画	東雲太郎	シノノメタロウ	
ice-trail	ICE TRAIL	原作+	真島ヒロ	マシマヒロ	
idol-chronicle	アイドルクロニクル	原作+	タイトー	タイトー	
idol-jihen	アイドル事変	原作+	MAGES.		
idol-master-2-nemurihime	アイドルマスター2 眠り姫	原作+	バンダイナムコゲームス	バンダイナムコゲームス	
idol-master-shainii-colors-shanimasu-everyday	アイドルマスターシャイニーカラーズシャニマスえぶりでい!	原作+	バンダイナムコエンターテインメント	バンダイナムコエンターテインメント	OVR
idol-master-shainii-colors-shanimasu-everyday	アイドルマスターシャイニーカラーズシャニマスえぶりでい!	役割→作画	ギミー		OVR
idol-master-side-emu-wake-atte-mini	アイドルマスターSideM理由あってMini!	原作+	バンダイナムコエンターテインメント	バンダイナムコエンターテインメント	
idol-na-kanojo-to-wotaku-na-boku-to	アイドルな彼女とヲタクな僕と	原作+	丸木戸サトシ		
idolish7-re-member	アイドリッシュセブンRe:member	原作+	バンダイナムコオンライン	バンダイナムコオンライン	
idolish7	アイドリッシュセブン	原作+	バンダイナムコオンライン	バンダイナムコオンライン	
idolmaster-2-colorful-days	アイドルマスター2 Colorful Days	原作+	バンダイナムコゲームス	バンダイナムコゲームス	
idolmaster-neue-green-for-dearly-stars	アイドルマスターNeue Green forディアリースターズ	原作+	バンダイナムコゲームス	バンダイナムコゲームス	
idolmaster-sidem-dramatic-stage	アイドルマスターSideMドラマチックステージ	役割→作画	加藤ミチル	カトウミチル	
idolmaster-sidem-struggle-heart	アイドルマスターSideMストラグルハート	役割→作画	加藤ミチル	カトウミチル	
idoly-pride-beginning-of-lodestar	IDOLY PRIDE Beginning of Lodestar	原作+	Project IDOLY PRIDE		
idoly-pride-stage-of-asterism	IDOLY PRIDE Stage of Asterism	原作+	Project IDOLY PRIDE		
idrunk	アイドランク	原作+	宮場弥二郎		
ie-de-munou-to-iware-tsuzuketa-ore-desu-sekaiteki-niwa-chou-yuunou-datta-you-desu	家で無能と言われ続けた俺ですが、世界的には超有能だったようです	原作+	Kimimaro		
ie-de-munou-to-iware-tsuzuketa-ore-desu-sekaiteki-niwa-chou-yuunou-datta-you-desu	家で無能と言われ続けた俺ですが、世界的には超有能だったようです	役割→作画	鈴木匡	スズキマサシ	
ienai-kioku	言えない記憶	役割→作画	わたなべまさこ	わたなべまさこ	
ienai-kioku	言えない記憶	役割→作画	井上洋子		
ienai-kioku	言えない記憶	役割→作画	橋本多佳子	ハシモトタカコ	
ienai-kioku	言えない記憶	役割→作画	つじいもとこ	つじいもとこ	
ihoujin-2019	異邦人	原作+	カミュ		
ii-aru-fun-club	いーあるふぁんくらぶ	原作+	みきとP	ミキトッ	
iikagen-na-yashoku	いい加減な夜食	原作+	秋川滝美	アキカワタキミ	
ikai-shinrishi-no-shoukido-to-iken	異界心理士の正気度と意見	役割→作画	文ノ梛		
ikatsui-kao-de-kyouaku-kishidanchou-to-osorerareru-koushaku-sama-no-saigo-no-konkatsu-aite-wa	厳つい顔で凶悪騎士団長と恐れられる公爵様の最後の婚活相手は社交界の幻の花でした	役割→作画	如月清華	キサラギセイカ	
ikegami-ryouichi-bungei-sakuhinshuu-gourikiden	池上遼一文藝作品集 強力伝	原作+	橘外男		
ikegami-ryouichi-bungei-sakuhinshuu-gourikiden	池上遼一文藝作品集 強力伝	原作+	新田次郎	ニッタジロウ	
ikemen-sengoku	イケメン戦国	原作+	CYBIRD		
ikenie-daini-joou-no-konwaku	生贄第二皇女の困惑	原作+	さくらもち		
ikenie-daini-joou-no-konwaku	生贄第二皇女の困惑	役割→作画	水谷悠珠	ミズタニユズ	
ikenie-daini-joou-no-konwaku	生贄第二皇女の困惑	役割→作画	かえで透	カエデトオル	
ikenie-ni-natta-ore-ga-naze-jashin-o-horoboshite-shimatta-ken	生贄になった俺が、なぜか邪神を滅ぼしてしまった件	役割→作画	不透りょうこ	フトウリョウコ	
ikinokore-shachiku-chan-kouhai-chan-ota-katsudouki	いきのこれ!社畜ちゃん後輩ちゃんオタ活動記	原作+	ビタワン	ビタワン	
ikinokore-shachiku-chan	いきのこれ!社畜ちゃん	原作+	ビタワン	ビタワン	
ikinokore-shachiku-chan	いきのこれ!社畜ちゃん	役割→作画	結うき。		
ikiokure-seijo-no-shiawase	行き遅れ聖女の幸せ	役割→作画	眠井フジ	ネムイフジ	
ikitsuku-saki-wa-yuusha-ka-maou-ka	行き着く先は勇者か魔王か	役割→作画	輔艮	ツラガマチウシトラ	
ikusei-skill-wa-mou-iranai-to-yuusha-party-o-kaikosareta-node-taishokukin-gawari-ni-moratta-ryouchi	育成スキルはもういらないと勇者パーティを解雇されたので、退職金がわりにもらった【領地】を強くしてみる	原作+	黒おーじ		
ima-sugu-onii-chan-ni-imouto-datte-iitai	いますぐお兄ちゃんに妹だっていいたい!	役割→作画	おだまさる		
ima-wa-mada-osananajimi-no-imouto-desukedo	今はまだ「幼馴染の妹」ですけど。	役割→作画	かぜぱな		
imawa-no-michi-no-alice	今際の路のアリス	原作+	麻生羽呂	アソウハロ	
imokusa-reijou-desu-akuyaku-reisoku-o-tasuketara-kiniiraremashita	芋くさ令嬢ですが悪役令息を助けたら気に入られました	役割→作画	七浦なりな	ナナウラナリナ	
imouto-chan-ore-risutora-sarechatta	妹ちゃん、俺リストラされちゃった	役割→作画	みやのより	ミヤノヨリ	
imouto-ni-konyakusha-o-toraretara-mishiranu-koushaku-sama-ni-kyuukon-saremashita	妹に婚約者を取られたら見知らぬ公爵様に求婚されました	役割→作画	7e		
imouto-ni-konyakusha-o-ubawareta-ochikobore-reijou-wa-tensai-majutsushi-ni-dekiai-dekiaisareru	義妹(いもうと)に婚約者を奪われた落ちこぼれ令嬢は、天才魔術師に溺愛される	役割→作画	オザイ	オザイ	
imouto-ni-sae-nareba-ii	妹にさえなればいい!	原作+	平坂読	ヒラサカヨミ	
imouto-sae-ireba-ii-atto-comic	妹さえいればいい。@comic	原作+	平坂読	ヒラサカヨミ	
imouto-sae-ireba-ii-atto-comic	妹さえいればいい。@comic	役割→作画	い～どぅ～		
imouto-seikatsu	義妹生活	役割→作画	奏ユミカ	カナデユミカ	
imouto-wa-kanojo-ni-dekinai-noni	妹はカノジョにできないのに	役割→作画	ちくわ		
inaka-no-home-center-otoko-no-jiyuu-na-isekai-seikatsu	田舎のホームセンター男の自由な異世界生活	原作+	うさぴょん		
inaka-no-motenashi	田舎のもてなし	原作+	小玉オサム	コダマオサム	
inbi-na-doukutsu-no-sono-oku-de	淫靡な洞窟のその奥で	役割→作画	あび	アビ	
indigo-no-yoru	インディゴの夜	原作+	加藤実秋	カトウミアキ	
inferno-takadono-2016	インフェルノ	原作+	高殿円	タカドノマドカ	
inferno-takadono-2016	インフェルノ	役割→作画	Ruru		
infinite-dendrogram	インフィニット・デンドログラム	原作+	海道左近	カイドウサコン	
inga-ouhou-warumiko-san	因果応報!!?悪巫女さん	原作+	里好	サトヨシミ	
inkya-datta-ore-no-seishun-revenge	陰キャだった俺の青春リベンジ	役割→作画	伊勢海老ボイル	イセエビボイル	
inkya-no-boku-ni-batsugeemu-de-kokuhaku-shitekita-hazu-no-gal-ga-doumitemo-boku-ni-betabore-desu	陰キャの僕に罰ゲームで告白してきたはずのギャルが、どう見ても僕にベタ惚れです	役割→作画	神奈なごみ	カンナナゴミ	
inkya-no-ongaeshi	陰キャの恩返し	役割→作画	荒緒択	アラオタク	
innocent-devil	イノセントデビル	原作+	中村基	ナカムラモト	
inori-no-kuni-no-ririeeru-majo-no-tabitabi-gaiden	祈りの国のリリエール～魔女の旅々外伝～	役割→作画	ねりうめ		
inou-maze	異能メイズ	原作+	岡田伸一	オカダシンイチ	
interi-yakuza-bun-san	インテリやくざ文さん	原作+	裏モノJAPAN編集部		
interi-yakuza-bun-san	インテリやくざ文さん	役割→作画	和泉晴紀		
inu-ga-oshiete-kureta-koto	犬が教えてくれたこと	原作+	三浦健太		
inu-to-yuusha-wa-kazaranai	犬と勇者は飾らない	役割→作画	波多ヒロ	ハタヒロ	
ippon-masuda-2016	いっぽん!!	原作+	増田晶文	マスダマサフミ	
iromon-girl	イロモンガール	原作+	ラリー遠田		
isekai-battle-royal	異世界バトルロイヤル	役割→作画	巖本英利		
isekai-card-musou	異世界カード無双	役割→作画	菅原イチバ	スガワライチバ	
isekai-cheat-magician	異世界チート魔術師(マジシャン)	役割→作画	鈴羅木かりん	スズラギカリン	
isekai-corrector	異世界コレクター	役割→作画	石川ちか	イシカワチカ	
isekai-craft-gurashi	異世界クラフトぐらし	役割→作画	立山鈴	タテヤマリン	
isekai-de-aisarehime-ni-nattara-genjitsu-ga-kawari-hajimemashita	異世界で愛され姫になったら現実が変わりはじめました。	役割→作画	澤村鞠子		
isekai-de-cafe-o-kaiten-shimashita	異世界でカフェを開店しました。	原作+	甘沢林檎	アマサワリンゴ	
isekai-de-hajimeru-nikyoten-seikatsu	異世界ではじめる二拠点生活	役割→作画	丸山りん	マルヤマリン	
isekai-de-kojiin-o-hiraita-kedo-naze-dare-hitori-sudatou-to-shinai-ken	異世界で孤児院を開いたけど、なぜか誰一人巣立とうとしない件	原作+	初枝れんげ	ハツエダレンゲ	
isekai-de-kuro-no-iyashite-tte-yobarete-imasu	異世界で『黒の癒し手』って呼ばれています	役割→作画	村上ゆいち	ムラカミユイチ	
isekai-de-mofumofu-nadenade-suru-tame-ni-ganbattemasu	異世界でもふもふなでなでするためにがんばってます。	原作+	向日葵	ヒマワリ	
isekai-de-recipe-bon-o-hakkou-shiyou-to-omoimasu	異世界でレシピ本を発行しようと思います!	役割→作画	小埜聖華	オノセイカ	
isekai-de-seijo-ni-natta-watashi-genjitsu-sekai-demo-seijo-cheat-de-kanzen-shouri	異世界で聖女になった私、現実世界でも聖女チートで完全勝利!	役割→作画	櫻井ゆうすけ	サクライユウスケ	
isekai-de-shippai-shinai-100-no-houhou	異世界で失敗しない100の方法	原作+	青蔵千草		
isekai-demo-bunanni-ikitai-shoukougun	異世界でも無難に生きたい症候群	役割→作画	笹峰コウ	ササミネコウ	
isekai-eebui	異世界AV	役割→作画	オオイシヒロト		
isekai-elf-no-dorei-chan	異世界エルフの奴隷ちゃん	原作+	柑橘ゆすら	カンキツユスラ	
isekai-houtei	異世界法廷	原作+	河本ほむら	カワモトホムラ	
isekai-izakaya-gen	異世界居酒屋「げん」	原作+	蝉川夏哉	セミカワナツヤ	
isekai-izakaya-nobu-eefa-to-makanai-oyatsu	異世界居酒屋「のぶ」エーファとまかないおやつ	原作+	蝉川夏哉	セミカワナツヤ	
isekai-izakaya-nobu-shinobu-to-taishou-no-koto-gohan	異世界居酒屋「のぶ」しのぶと大将の古都ごはん	原作+	蝉川夏哉	セミカワナツヤ	
isekai-izakaya-nobu	異世界居酒屋「のぶ」	原作+	蝉川夏哉	セミカワナツヤ	
isekai-ja-surooraifu-wa-mamanaranai	異世界じゃスローライフはままならない	役割→作画	ひなた丸だいや	ヒナタマルダイヤ	
isekai-kaeri-no-daikenja-sama-wa-sore-demo-kossori-kurashite-iru-tsumori-desu	異世界帰りの大賢者様はそれでもこっそり暮らしているつもりです	役割→作画	岡﨑純平	オカザキジュンペイ	
isekai-kenkokuki	異世界建国記	原作+	桜木桜	サクラギサクラ	
isekai-kitchen	異世界健康食堂(キッチン)	原作+	お米ゴハン		
isekai-mahou-wa-okureteru	異世界魔法は遅れてる!	原作+	樋辻臥命	ヒツジガメイ	
isekai-maid-no-mitsuboshi-gourmet	異世界メイドの三ッ星グルメ	役割→作画	U4		
isekai-maou-to-shoukan-shoujo-no-dorei-majutsu	異世界魔王と召喚少女の奴隷魔術	原作+	むらさきゆきや	ムラサキユキヤ	
isekai-meikyuu-de-harem-o	異世界迷宮でハーレムを	原作+	蘇我捨恥	ソガノシャチ	
isekai-ni-tensei-shitakedo-trouble-taishitsu-nanode-shinpai-desu	異世界に転生したけどトラブル体質なので心配です	役割→作画	紺平	コンペイ	
isekai-ni-tensei-shitara-zenra-ni-sareta	異世界に転生したら全裸にされた	原作+	狐谷まどか		
isekai-ni-tobasareta-otsu-san-wa-doko-e-iku	異世界に飛ばされたおっさんは何処へ行く?	役割→作画	ひらぶき雅浩	ヒラブキマサヒロ	
isekai-no-honya-san-e-youkoso	異世界の本屋さんへようこそ!	原作+	安芸とわこ		
isekai-no-suit-to-shite-kuni-ni-manekareta-kedo-kotowatte-heishi-kara-hajimeru-koto-ni-shita	異世界の戦士として国に招かれたけど、断って兵士から始める事にした	役割→作画	Chihiro		
isekai-nonbiri-nouka-no-nichijou	異世界のんびり農家の日常	役割→作画	ユウズィ		
isekai-nonbiri-nouka	異世界のんびり農家	原作+	内藤騎之介	ナイトウキノスケ	
isekai-o-seigyo-mahou-de-kirihirake	異世界を制御魔法で切り開け!	原作+	佐竹アキノリ		
isekai-omotenashi-gohan	異世界おもてなしご飯	役割→作画	目玉焼き	メダマヤキ	
isekai-ooya-san-no-geshukuya-jijou	異世界大家さんの下宿屋事情	原作+	六つ花えいこ		
isekai-rakugo	異世界落語	原作+	朱雀新吾	スジャクシンゴ	
isekai-ryouridou	異世界料理道	原作+	EDA		
isekai-saikyou-no-daimaou-tensei-shi-boukensha-ni-naru	異世界最強の大魔王、転生し冒険者になる	役割→作画	オギノサトシ		
isekai-saikyou-no-yome-desu-yoru-no-tatakai-wa-ore-no-hou-ga-tsuyoi-you-desu	異世界最強の嫁ですが、夜の戦いは俺の方が強いようです	役割→作画	ありのかまち	アリノカマチ	
isekai-shachuuhaku-monogatari	異世界車中泊物語	役割→作画	灯まりも		
isekai-shihai-no-skill-teikaa	異世界支配のスキルテイカー	原作+	柑橘ゆすら	カンキツユスラ	
isekai-shokudou-youshoku-no-nekoya	異世界食堂洋食のねこや	役割→作画	ヤミザワ	ヤミザワ	
isekai-shokudou-youshoku-no-nekoya	異世界食堂洋食のねこや	役割→作画	モロザワ	モロザワ	
isekai-shokudou	異世界食堂	原作+	犬塚惇平	イヌズカジュンペイ	
isekai-shoukan-gourmet-magical-table-cross	異世界召喚グルメマジカルテーブルクロス	原作+	下村トモヒロ	シモムラトモヒロ	
isekai-shoukan-sarete-kita-seijo-sama-ga-kareshi-ga-shinda-to-naku-bakari-de-hataraite-kuremasen	異世界召喚されてきた聖女様が「彼氏が死んだ」と泣くばかりで働いてくれません。ところでその死んだ彼氏、前世の俺ですね。	役割→作画	たかとうすずのすけ	タカトウスズノスケ	
isekai-shoukansaretaga-kyousei-soukansareta-ore-wa-shikatanaku-yaseru-koto-ni-shita	異世界召喚されたが強制送還された俺は仕方なくやせることにした。	原作+	しぐれあめ		
isekai-souzou-no-susume-sumaho-app-de-wakusei-o-tsukutte-shimatta-ore-wa-kami-to-nari-sekai-o	異世界創造のすゝめ～スマホアプリで惑星を創ってしまった俺は神となり世界を巡る～@COMIC	役割→作画	岩戸あきら	イワトアキラ	
isekai-teni-shitara-aiken-ga-saikyou-ni-narimashita	異世界転移したら愛犬が最強になりました	役割→作画	一花ハナ	イチカハナ	
isekai-tensei-ni-kansha-o	異世界転生に感謝を	原作+	古河正次		
isekai-tensei-no-boukensha	異世界転生の冒険者	原作+	ケンイチ	ケンイチ	
isekai-tensei-soudouki	異世界転生騒動記	原作+	高見梁川	タカミリョウセン	
isekai-tensei-suramugai-kara-no-nariagari	異世界転生スラム街からの成り上がり	役割→作画	幾夜大黒堂	イクヤダイコクドウ	
isekai-wa-sumaato-fon-to-tomo-ni	異世界はスマートフォンとともに。	原作+	冬原パトラ	フユハラパトラ	
isekai-walking	異世界ウォーキング	役割→作画	小川慧	オガワケイ	
isekai-yururi-camp	異世界ゆるりキャンプ	役割→作画	けーすけ	ケースケ	
isekai-yururi-kikou	異世界ゆるり紀行	原作+	水無月静琉	ミナズキシズル	
isha-o-mitara-shinigami-to-omoe	医者を見たら死神と思え	原作+	よこみぞ邦彦	ヨコミゾクニヒコ	
ishuzoku-reviewers	異種族レビュアーズ	原作+	天原	アマハラ	
issak	イサック	原作+	真刈信二	マカリシンジ	
issak	イサック	役割→作画	Double-S		
isshinjou-no-tsugou-de-akuratsu-koushaku-sama-no-keiyaku-maid-ni-narimashita	一身上の都合で〈悪辣〉侯爵様の契約メイドになりました	役割→作画	小堀こるり	コボリコルリ	
isshun-de-chiryou-shiteita-noni-yakutatazu-to-tsuihousareta-tensai-chiyushi-yami-healer-toshite	一瞬で治療していたのに役立たずと追放された天才治癒師、闇ヒーラーとして楽しく生きる	役割→作画	十乃壱天	ジュウノイチテン	
itai-nowa-iya-nanode-bougyoryoku-ni-kyokufuri-shitai-to-omoimasu	痛いのは嫌なので防御力に極振りしたいと思います。	原作+	夕蜜柑		
itazura-na-kimi-ni-mask-goshi-demo-koi-o-uchinukareta	いたずらな君にマスク越しでも恋を撃ち抜かれた	役割→作画	モトカズ	モトカズ	
itsu-demo-jitaku-ni-kaereru-ore-wa-isekai-de-gyoushounin-o-hajimemashita	いつでも自宅に帰れる俺は、異世界で行商人をはじめました	役割→作画	明地雫	アケチシズク	
itsuka-hataraku-onii-san	いつか働くお兄さん!	原作+	GOOD SMILE COMPANY		
itsuka-hataraku-onii-san	いつか働くお兄さん!	原作+	宇佐義大	ウサヨシキ	
itsuka-yasashii-ame-ni-naru	いつか優しい雨になる	役割→作画	ポリー	ポリー	
itsumo-baka-ni-shitekuru-bishoujo-tachi-to-zetsuen-shitara-jitsuwa-ore-no-koto-ga-daisuki-datta-you	いつも馬鹿にしてくる美少女たちと絶縁したら、実は俺のことが大好きだったようだ。	役割→作画	乃々木じぐ	ノノギジグ	
itsuwari-no-seijo-wa-ryuukoku-no-mahoutsukai-ni-narimashita	偽りの聖女は竜国の魔法使いになりました	役割→作画	松河美衣	マツガワミエ	
izakaya-bottakuri	居酒屋ぼったくり	役割→作画	しわすだ		
izure-saikyou-ni-itaru-tensei-mahoutsukai	いずれ最強に至る転生魔法使い	役割→作画	戯屋べんべ	アジャラヤベンベ	
izure-saikyou-no-renkinjutsushi	いずれ最強の錬金術師?	原作+	小狐丸		
jagaaaaaan	ジャガーン	原作+	金城宗幸	カネシロムネユキ	
jagaimo-nouka-no-muramusume-kenshin-to-utawareru-made	ジャガイモ農家の村娘、剣神と謳われるまで。	役割→作画	たぢまよしかづ	タジマヨシカズ	
jakukyara-tomozaki-kun-comic	弱キャラ友崎くん-comic	原作+	屋久ユウキ	ヤクユウキ	
jaryuu-tensei	邪竜転生	原作+	瀬戸メグル	セトメグル	
jichou-shinai-motoyuusha-no-tsuyokute-tanoshii-new-game	自重しない元勇者の強くて楽しいニューゲーム	役割→作画	ていやん	テイヤン	
jidou-hanbaiki-ni-umarekawatta-ore-wa-meikyuu-o-samayou	自動販売機に生まれ変わった俺は迷宮を彷徨う	原作+	昼熊		
jidou-hanbaiki-ni-umarekawatta-ore-wa-meikyuu-o-samayou	自動販売機に生まれ変わった俺は迷宮を彷徨う	役割→作画	九二枝	クニエダ	
jiga-jiga	ジガ-ZIGA-	原作+	佐野ロクロウ		
jigoku-no-gouka-de-yakaretsuzuketa-shounen-saikyou-no-honootsukai-to-natte-fukkatsu-suru	地獄の業火で焼かれ続けた少年。最強の炎使いとなって復活する。	役割→作画	宮城森成	ミヤギモリナリ	
jigoku-no-sougiya	地獄の葬儀屋	原作+	伊月慶悟	イズキケイゴ	
jigoku-shoujo-returns	地獄少女R	原作+	地獄少女プロジェクト		
jii-sama-ga-iku	じい様が行く	原作+	蛍石		
jikkyou-izumi-kun-no-koimoyou	実況!!泉くんの恋模様	原作+	原田重光	ハラダシゲミツ	
jikkyou-izumi-kun-no-koimoyou	実況!!泉くんの恋模様	役割→作画	大箕すず	オオミスズ	
jimi-na-kensei-wa-soredemo-saikyou-desu	地味な剣聖はそれでも最強です	役割→作画	あっぺ		
jingai-kyoushitsu-no-ningen-girai-kyoushi	人外教室の人間嫌い教師	役割→作画	紅野あつ		
jinrou-eno-tensei-maou-no-fukukan-hajimari-no-show	人狼への転生、魔王の副官 はじまりの章	原作+	漂月	ヒョウゲツ	
jinrou-eno-tensei-maou-no-fukukan-hajimari-no-show	人狼への転生、魔王の副官 はじまりの章	原作+	西E田	ニシダ	
jinrou-game-beast-side	人狼ゲーム ビーストサイド	原作+	川上亮	カワカミリョウ	
jishou-akuyaku-reijou-na-konyakusha-no-kansatsu-kiroku	自称悪役令嬢な婚約者の観察記録。	原作+	しき	シキ	
jishou-heibon-mazoku-no-eiyuu-life	自称!平凡魔族の英雄ライフ	役割→作画	こねこねこ		
jitsuroku-charisma-kyabajou-ga-mita-ura-shakai	実録!カリスマキャバ嬢が見た裏社会	役割→作画	永田トマト	ナガタトマト	
jitsuroku-charisma-kyabajou-ga-mita-ura-shakai	実録!カリスマキャバ嬢が見た裏社会	役割→作画	大島岳詩	オオシマタケシ	
jitsuroku-charisma-kyabajou-ga-mita-ura-shakai	実録!カリスマキャバ嬢が見た裏社会	役割→作画	くまぷこ@		
jitsuroku-charisma-kyabajou-ga-mita-ura-shakai	実録!カリスマキャバ嬢が見た裏社会	役割→作画	葉月慎吾	ハヅキシンゴ	
jitsuroku-charisma-kyabajou-ga-mita-ura-shakai	実録!カリスマキャバ嬢が見た裏社会	役割→作画	幸	ユキ	
jitsuroku-charisma-kyabajou-ga-mita-ura-shakai	実録!カリスマキャバ嬢が見た裏社会	役割→作画	鈴木サトル	スズキサトル	
jitsuroku-host-ga-mita-urashakai	実録!ホストが見た裏社会	役割→作画	三葉りお	ミツバリオ	
jitsuroku-host-ga-mita-urashakai	実録!ホストが見た裏社会	役割→作画	上杉しょうへい	ウエスギショウヘイ	
jitsuroku-host-ga-mita-urashakai	実録!ホストが見た裏社会	役割→作画	北野健一	キタノケンイチ	
jitsuroku-host-ga-mita-urashakai	実録!ホストが見た裏社会	役割→作画	池田圭一	イケダケイイチ	
jitsuroku-host-ga-mita-urashakai	実録!ホストが見た裏社会	役割→作画	摩周子	マシュウコ	
jitsuroku-host-ga-mita-urashakai	実録!ホストが見た裏社会	役割→作画	こきま大	コキマダイ	
jitsuroku-yami-no-shihaisha-kuromaku	実録!闇の支配者黒幕	役割→作画	井上大助	イノウエダイスケ	
jitsuroku-yami-no-shihaisha-kuromaku	実録!闇の支配者黒幕	役割→作画	小川おさむ	オガワオサム	
jitsuroku-yami-no-shihaisha-kuromaku	実録!闇の支配者黒幕	役割→作画	殿塚実	トノズカミノル	
jitsuroku-yami-no-shihaisha-shuryou	実録!闇の支配者 首領	役割→作画	たかや健二	タカヤケンジ	
jitsuroku-yami-no-shihaisha-shuryou	実録!闇の支配者 首領	役割→作画	宮前めぐる	ミヤマエメグル	
jitsuroku-yami-no-shihaisha-shuryou	実録!闇の支配者 首領	役割→作画	殿塚実	トノズカミノル	
jitsuroku-yami-no-shihaisha-yami-shogun	実録!闇の支配者闇将軍	役割→作画	井上大助	イノウエダイスケ	
jitsuroku-yami-no-shihaisha-yami-shogun	実録!闇の支配者闇将軍	役割→作画	鴨林源史		
jitsuroku-yami-no-shihaisha-yami-shogun	実録!闇の支配者闇将軍	役割→作画	池原しげと	イケハラシゲト	
jitsuroku-yami-no-shihaisha-yami-shogun	実録!闇の支配者闇将軍	役割→作画	こんどうしゅん	こんどうしゅん	
jitsuwa-imouto-deshita	じつは義妹(いもうと)でした。	役割→作画	堺しょうきち	サカイショウキチ	
jjm-joshi-juudoubu-monogatari	JJM女子柔道部物語	原作+	恵本裕子		
jogakusei-tantei-to-henkutsu-sakka	女学生探偵と偏屈作家	原作+	てにをは	テニオハ	
jojo-no-kimyou-na-bouken-crazy-diamond-no-akuryouteki-shitsuren	ジョジョの奇妙な冒険クレイジー・D(ダイヤモンド)の悪霊的失恋	役割→作画	カラスマタスク		
joker-game-2015	ジョーカー・ゲーム	原作+	柳広司	ヤナギコウジ	
joker-game-the-animation	ジョーカー・ゲームTHE ANIMATION	原作+	柳広司	ヤナギコウジ	
joou-denka-wa-oikari-no-youdesu	王女殿下はお怒りのようです	原作+	八ツ橋皓		
joou-no-keshoushi	女王の化粧師	原作+	千花鶏		
jorougumo-no-kotowari	絡新婦の理	原作+	京極夏彦	キョウゴクナツヒコ	
joshikousei-matsunaga-kinako	構成/松永きなこ	原作+	ピエール杉浦		
joushiki-shirazu-no-saikyou-madoushi	常識知らずの最強魔導師	役割→作画	妹尾拓実	セノオタクミ	
joushou-maou-no-yarinaoshi	常勝魔王のやりなおし	役割→作画	ひよひよ	ひよひよ	
juken-no-hime-no-overkill	呪剣の姫のオーバーキル	役割→作画	藤澤紀幸	フジサワノリユキ	
jumyou-o-kaitotte-moratta-ichinen-ni-tsuki-ichimanen-de	寿命を買い取ってもらった。一年につき、一万円で。	役割→作画	田口囁一	タグチショウイチ	
jun-waidan	純猥談	原作+	純猥談編集部		
jun-waidan	純猥談	役割→作画	田川とまた	タガワトマタ	
juui-san-no-oshigoto-in-isekai	獣医さんのお仕事in異世界	役割→作画	hu-ko		
juuma-to-tsukuru-isekai-dungeon	従魔とつくる異世界ダンジョン	原作+	唖鳴蝉		
juuni-taisen	十二大戦	原作+	西尾維新	ニシオイシン	
juuninin-no-shinitai-kodomotachi	十二人の死にたい子どもたち	原作+	冲方丁	ウブカタトウ	
juusenshi-garukiiba	獣戦士ガルキーバ	役割→作画	斉藤むねお	サイトウムネオ	
juushinki-pandoora-0	重神機パンドーラ0	原作+	河森正治	カワモリショウジ	
juushinki-pandoora-0	重神機パンドーラ0	原作+	サテライト	サテライト	
k-countdown	K -カウントダウン-	原作+	GoRA・GoHands		
k-memory-of-red	K -メモリー・オブ・レッド-	役割→作画	黒榮ゆい		
k-return-of-kings	K RETURN OF KINGS	原作+	GoHands		
k-return-of-kings	K RETURN OF KINGS	原作+	GoRA		
kabukibu	カブキブ!	原作+	榎田ユウリ	エダユウリ	
kabukichou-bengonin-rinka	歌舞伎町弁護人凛花	原作+	松田康志	マツダヤスシ	
kachou-fuugetsu-2016	花鳥風月	原作+	森橋ビンゴ	モリハシビンゴ	
kafuu-ni-naritai	荷風になりたい	原作+	倉科遼	クラシナリョウ	
kagakusha-rendetsu	科学者列伝	原作+	綿引勝美	ワタビキカツミ	
kagakusha-rendetsu	科学者列伝	役割→作画	高橋功一郎	タカハシコウイチロウ	
kage-shitsuji-mark-no-techigai	影執事マルクの手違い	役割→作画	COMTA		
kagishi-rokku	鍵師ロック	原作+	高田信		
kaguya-sama-wa-kokurasetai-doujinban	かぐや様は告らせたい同人版	原作+	赤坂アカ	アカサカアカ	
kaguya-san-wa-hansei-shinasai	カグヤさんは反省しなさい	原作+	汀こるもの		
kaibutsu-chuudoku	怪物中毒@comic	役割→作画	久園亀代		
kaijakuou	海雀王	役割→作画	渡辺みちお	ワタナベミチオ	
kaijin-nijuumensou	怪人二十面相	原作+	江戸川乱歩	エドガワランポ	
kaiki-mangamichi	怪奇まんが道	原作+	宮﨑克	ミヤザキマサル	
kaiou-dante	海王ダンテ	原作+	泉福朗		
kaisha-o-yamete-umanushi-yarimasu	会社をやめて馬主やります!	原作+	信田朋嗣	ノブタトモジ	
kaishin-no-ichigeki	かいしんのいちげき!	原作+	かいしんのいちげき!プロジェクト		
kaishin-no-ichigeki	かいしんのいちげき!	役割→作画	茶々ごま	チャチャ ゴマ	
kaisou-ressha	回想列車	原作+	中武一日二膳		
kajiya-de-hajimeru-isekai-slow-life	鍛冶屋ではじめる異世界スローライフ	役割→作画	日森よしの	ヒモリヨシノ	
kakegurui-twin	賭ケグルイ双	原作+	河本ほむら	カワモトホムラ	
kakegurui-yorozu	賭ケグルイ万	原作+	尚村透	ナオムラトオル	
kakekegurui-midari	賭ケグルイ妄	原作+	河本ほむら	カワモトホムラ	
kaketa-tsuki-no-merusedesu-kyuuketsuki-no-kizoku-ni-tensei-shitakedo-suteraresou-nanode-dungeon-o	欠けた月のメルセデス～吸血鬼の貴族に転生したけど捨てられそうなのでダンジョンを制覇する～@COMIC	役割→作画	江戸屋ぽち	エドヤポチ	
kako-no-anata-o-yuukai-shimashita	過去のあなたを誘拐しました	原作+	粟国翼		
kakoku-ayakashi-koukyuu-tan	迦国あやかし後宮譚	役割→作画	ムネヤマヨシミ		
kakuriyo-no-yadomeshi	かくりよの宿飯	役割→作画	冬葉つがる	トバツガル	
kakuriyo-shinjuuki	かくりよ神獣紀	原作+	糸森環	イトモリタマキ	
kakushigoto-nieki-2019	か「」く「」し「」ご「」と「	役割→作画	二駅ずい	ニエキズイ	
kamen-rider-11-senki	仮面ライダー11戦記	役割→作画	シュガー佐藤	シュガーサトウ	
kamen-rider-11-senki	仮面ライダー11戦記	役割→作画	居村眞二	イムラシンジ	
kamen-rider-2011	仮面ライダー	原作+	石ノ森章太郎	イシノモリショウタロウ	
kamen-rider-ryuuki	仮面ライダー龍騎	役割→作画	MEIMU		
kamen-rider-zx	仮面ライダーZX	役割→作画	安土じょう	アズチジョウ	
kamen-rider-zx	仮面ライダーZX	役割→作画	山田ゴロ	ヤマダゴロ	
kami-ni-tensei-shita-shounen-ga-mofumofu-to-isekai-o-tabi-shimasu	神に転生した少年がもふもふと異世界を旅します	役割→作画	下田将也	シモダマサヤ	
kami-o-kami-sama-gacha-de-umidashi-houdai	神を〈神様ガチャ〉で生み出し放題	役割→作画	一竜輝	イチリュウアキラ	
kami-sama-game	神様ゲーム	役割→作画	吉村工	ヨシムラタクミ	
kami-sama-no-joker	神様のジョーカー	原作+	楠みちはる	クスノキミチハル	
kami-sama-no-komori-hajimemashita	神様の子守はじめました。	役割→作画	季野このき 		
kami-sama-no-youjinbou	神様の用心棒	役割→作画	冬野ケイ		
kami-sama-shop-de-cheat-no-kaori	神さまshopでチートの香り	原作+	佐々木さざめき	ササキサザメキ	
kamigami-no-kago-de-sei-san-kakumei	神々の加護で生産革命	原作+	風来山		
kaminagashijima	かみながしじま	原作+	かみながしじま製作委員会		
kaminagashijima	かみながしじま	役割→作画	蒼月たかし	アオツキタカシ	
kamoku-na-dekiai	寡黙な溺愛	原作+	舞姫美	マイヒメミ	
kamugoroshi	カムゴロシ	役割→作画	上野将治	ウエノショウジ	
kangoku-jikken	監獄実験	原作+	貫徹		
kanjou-ginmiyaku-ibun	勘定吟味役異聞	原作+	上田秀人	ウエダヒデト	
kankin-ou	監禁王	役割→作画	あしもと・よいか	あしもとよいか	
kanojo-ga-flag-o-oraretara	彼女がフラグをおられたら	役割→作画	凪庵	ナギアン	
kanojo-ga-senpai-ni-netorareta-node-senpai-no-kanojo-o-netorimasu	彼女が先輩にNTRれたので、先輩の彼女をNTRます	役割→作画	宝乃あいらんど	タカラノアイランド	
kanojo-ga-suki-na-mono-wa-homo-de-atte-boku-dewa-nai	彼女が好きなものはホモであって僕ではない	原作+	浅原ナオト		
kanojo-ni-kubittake	彼女に首ったけ	原作+	日日日	アキラ	
kanojo-ni-uwaki-sarete-ita-ore-ga-koakuma-na-kouhai-ni-natsukarete-imasu	カノジョに浮気されていた俺が、小悪魔な後輩に懐かれています	役割→作画	香澤陽平	カザワヨウヘイ	
kanojo-to-kare-no-kankei	彼女と彼の関係	原作+	六つ花えいこ		
kanojo-to-kare-no-kankei	彼女と彼の関係	役割→作画	宇佐見よし	ウサミヨシ	
kanpeki-sugite-kawaige-ga-nai-to-konyaku-haki-sareta-seijo-wa-ringoku-ni-urareru	完璧すぎて可愛げがないと婚約破棄された聖女は隣国に売られる	役割→作画	綾北まご	アヤキタマゴ	
kantai-collection-kancolle-koyoi-mo-saruute	艦隊これくしょん艦これ今宵もサルーテ!	原作+	「艦これ」運営鎮守府		
kantai-collection-kancolle-suiheisen-no-fumizuki	艦隊これくしょん-艦これ-水平線の、文月	原作+	「艦これ」運営鎮守府		
kantei-nouryoku-de-chougoushi-ni-narimasu	鑑定能力で調合師になります	役割→作画	武田みか	タケダミカ	
kaosae-yokereba-ii-kyoushitsu	顔さえよければいい教室	役割→作画	マッハダイ	マッハダイ	
karada-kara-hajimaru-gokujou-mitsuai	身体から始まる極上蜜愛	原作+	西條六花		
karada-sagashi	カラダ探し	原作+	ウェルザード	ウェルザード	
karadasagashi-kai	カラダ探し解	原作+	ウェルザード	ウェルザード	
karamizakari	カラミざかり	原作+	桂あいり	カツラアイリ	
kare-wa-kanojo-ni-kawaru-node	彼は彼女に変わるので	原作+	中てい	アタルテイ	
kare-wa-kanojo-ni-kawaru-node	彼は彼女に変わるので	役割→作画	壱崎煉		
karin-sennyo-den	花琳仙女伝	役割→作画	峠乃あかり	トウノアカリ	
kashimashi	かしまし	原作+	あかほりさとる	あかほりさとる	
kataribe-2018	カタリベ	原作+	KATARIBE.bot		
kataribe-2018	カタリベ	役割→作画	舟	フネ	
katou-kiyomasa	加藤清正	原作+	すぎたとおる	すぎたとおる	
katou-kiyomasa	加藤清正	役割→作画	早川大介	ハヤカワダイスケ	
katsu-kaishuu	勝海舟	役割→作画	ダイナミックプロ		
kawaikereba-hentai-demo-suki-ni-natte-kuremasuka	可愛ければ変態でも好きになってくれますか?	原作+	花間燈	ハナマトモ	
kawaikereba-hentai-demo-suki-ni-natte-kuremasuka	可愛ければ変態でも好きになってくれますか?	役割→作画	ChuN		
kaze-yo-banri-o-kakeyo	風よ、万里を翔けよ	原作+	田中芳樹	タナカヨシキ	
kedakaki-kemono-no-ai-o-shire	気高き獣の愛を知れ	役割→作画	直江亜季子		
kee-aka-no-oukoku	K赤の王国	原作+	GoHands		
kee-aka-no-oukoku	K赤の王国	原作+	GoRA		
keishichou-tokumubu-tokushu-kyouaku-han-taisakushitsudainanaka-tokunana	警視庁特務部特殊凶悪犯対策室第七課トクナナ	原作+	TVアニメ「トクナナ」		
kekkaishi-eno-tensei	結界師への転生	原作+	片岡直太郎	カタオカナオタロウ	
kekkaishi-eno-tensei	結界師への転生	役割→作画	装一	ソウイチ	
kemono-friends-comic-a-ra-carte	けものフレンズコミックアラカルト ジャパリパーク編	原作+	けものフレンズプロジェクト	けものフレンズプロジェクト	
kemono-na-wakagashira-wa-dokusenyoku-o-kakusanai	ケモノな若頭は独占欲を隠さない	役割→作画	こじかあんよ	コジカアンヨ	
kemonomichi	けものみち	原作+	暁なつめ	アカツキナツメ	
ken-to-yumi-to-chocotto-mahou-no-tensei-senki	剣と弓とちょこっと魔法の転生戦記	役割→作画	近衛桜月		
kengan-omega	ケンガンオメガ	原作+	サンドロビッチ・ヤバ子	サンドロビッチ ・ ヤバコ	
kengou-yagyuu-juubei	剣豪柳生十兵衛	原作+	太田ぐいや	オオタグイヤ	
kenja-no-deshi-o-nanoru-kenja-2022	賢者の弟子を名乗る賢者～マリアナの遠き日～	役割→作画	ばにら棒	バニラボウ	
kenja-no-mago-extra-story	賢者の孫Extra Story	原作+	吉岡剛	ヨシオカツヨシ	
kenja-no-mago-special	賢者の孫SP(スペシャル)	役割→作画	西沢秀二	ニシザワシュウジ	
kenja-no-mago	賢者の孫	役割→作画	緒方俊輔	オガタシュンスケ	
kenshi-o-mezashite-nyuugaku-shita-noni-mahou-tekisei-9999-nandesu-kedo	剣士を目指して入学したのに魔法適性9999なんですけど!?	原作+	年中麦茶太郎	ネンジュウムギチャタロウ	
kentei-gakuin-no-magan-kenja	剣帝学院の魔眼賢者	役割→作画	雪あられ		
ketsueki-no-nagare	血液の流れ	原作+	藤子・F・不二雄	フジコフジオF	
ketsueki-no-nagare	血液の流れ	役割→作画	さいとうはるお	さいとうはるお	
kibou-no-shima	キボウノシマ	原作+	守靖ヒロヤ	モリヤスヒロヤ	
kibun	気分	原作+	安部愼一		
kifujin-rooza-wa-kage-kara-ai-o-mimamoritai	貴腐人ローザは陰から愛を見守りたい	役割→作画	紫のの		
kiganjou	奇岩城	役割→作画	安田達矢ダイナミック・プロダクション	ヤスダタツヤダイナミックプロダクション	
kikaider-02-special-graphics-edition	キカイダー02Special Graphics Edition	役割→作画	MEIMU		
kikakuhazure-no-eiyuu-ni-sodaterareta-joushikihazure-no-mahou-kenshi	規格外れの英雄に育てられた、常識外れの魔法剣士	役割→作画	雪月佳	ユヅキケイ	
kimajime-reijou-desu-joou-sama-kari-ni-narimashite	きまじめ令嬢ですが、王女様〈仮〉になりまして!?	役割→作画	かのえゆうし	かのえゆうし	
kimi-ni-nidome-no-sayonara-o	君に二度目のさよならを。	原作+	タナカトモ		
kimi-ni-nidome-no-sayonara-o	君に二度目のさよならを。	役割→作画	蛸川蛸丸	タコガワタコマル	
kimi-no-na-wa	君の名は。	原作+	新海誠	シンカイマコト	
kimi-no-suizou-o-tabetai	君の膵臓をたべたい	原作+	住野よる	スミノヨル	
kimi-no-tameni-onee-chan-ga-minna-koroshiteageru	君のために、お姉ちゃんがみんな殺してあげる	原作+	三河ごーすと	ミカワゴースト	
kimi-no-tameni-onee-chan-ga-minna-koroshiteageru	君のために、お姉ちゃんがみんな殺してあげる	役割→作画	木虎こん	キトラコン	
kimi-o-omou-toki	キミを想うトキ	原作+	Vira		
kimi-shinitamou-koto-nakare	君死ニタマフ事ナカレ	原作+	ヨコオタロウ	ヨコオタロウ	
kimi-to-100-kaime-no-koi	君と100回目の恋	原作+	Chocolate Records		
kimi-to-boku-no-saigo-no-senjou-aruiwa-sekai-ga-hajimaru-seisen	キミと僕の最後の戦場、あるいは世界が始まる聖戦	原作+	細音啓	サザネケイ	
kimi-to-boku-no-saigo-no-senjou-aruiwa-sekai-ga-hajimaru-seisen	キミと僕の最後の戦場、あるいは世界が始まる聖戦	役割→作画	OKAMA		
kimi-to-kamihikooki-to-meguri	君と紙ヒコーキと。回	原作+	葉月抹茶	ハズキマッチャ	
kimi-to-te-o-tsunaide	きみと手をつないで	原作+	崎谷はるひ	サキヤハルヒ	
kimi-wa-shinenai-haikaburi-no-majo	君は死ねない灰かぶりの魔女	役割→作画	楓月誠	フウゲツマコト	
kindaichi-37-sai-no-file	金田一37歳の事件簿	原作+	天樹征丸		
kindaichi-san-mata-jiken-desuyo	金田一さん、また事件ですよ!!	原作+	横溝正史	ヨコミゾマサシ	
kindaichi-san-matamata-jiken-desuyo	金田一さん、またまた事件ですよ!!	原作+	横溝正史	ヨコミゾマサシ	
kindaichi-san-matamata-jiken-desuyo	金田一さん、またまた事件ですよ!!	役割→作画	影丸穣也	カゲマルジョウヤ	
kindan-kyoudai	禁断兄妹	原作+	朝陽ゆりね	アサヒユリネ	
kinnyaichi-shounen-no-file	きんにゃいち少年の事件簿	役割→作画	佐藤友生	サトウユウキ	
kino-no-tabi	キノの旅	原作+	時雨沢恵一	シグサワケイイチ	
kinyoubi-no-baka-meshi-senpai	金曜日のバカ飯先輩	原作+	赤堀君	アカボリクン	
kinyoubi-no-baka-meshi-senpai	金曜日のバカ飯先輩	役割→作画	よしづきくみち	ヨシズキクミチ	
kioku-soushitsu-ni-natta-no-de-kazoku-no-naka-de-ichiban-shinyou-dekisou-na-onii-sama-o-tayoru-koto	記憶喪失になったので、家族の中で一番信用できそうなお兄様を頼ることにしました	役割→作画	佐藤もぶ		
kiokuya	記憶屋	原作+	織守きょうや		
kiokuya	記憶屋	役割→作画	村山なちよ	ムラヤマナチヨ	
kirakira-miike-2008	キラ・キラ	原作+	Overdrive		
kirakira-miike-2008	キラ・キラ	役割→作画	上田キク	ウエダキク	
kirakira-precure-a-la-mode	キラキラ☆プリキュアアラモード	原作+	東堂いづみ	トウドウイズミ	
kirakira-precure-a-la-mode	キラキラ☆プリキュアアラモード	役割→作画	上北ふたご		
kirara-fantasia	きららファンタジア	原作+	きららファンタジア製作委員会		
kiraware-yuusha-ni-tensei-shita-node-aisare-yuusha-o-mezashimasu	嫌われ勇者に転生したので愛され勇者を目指します!	原作+	鈴木竜一		
kirei-na-ji-ga-kakeru	きれいな字が書ける	役割→作画	たかや健二	タカヤケンジ	
kirisame-ga-furu-mori	霧雨が降る森	役割→作画	名束くだん	ナヅカクダン	
kiritsu-ki-o-tsuke-nijisanji-gakuen	起立!気をつけ!にじさんじ学園!	原作+	にじさんじ		OVR
kirizaki-kun-wa	キリザキ君は。	原作+	幕末志士		
kiseijuu-ribaashi	寄生獣リバーシ	原作+	岩明均	イワアキヒトシ	
kiseki-no-hiroshima	キセキのヒロシマ	原作+	多田多延子		
kishidanchou-no-musuko-wa-akuyaku-reijou-o-dekiai-suru	騎士団長の息子は悪役令嬢を溺愛する	役割→作画	みよしろ圭	ミヨシロケイ	
kisshou-7	吉祥7	原作+	逢川里羅	アイカワリラ	
kita-no-toride-nite	北の砦にて	役割→作画	明野たわ	アケノタワ	
kitaku-tochuu-de-yome-to-musume-ga-dekitandakedo-dragon-datta	帰宅途中で嫁と娘ができたんだけど、ドラゴンだった。	原作+	不確定ワオン		
kitanomandokoro-sama-no-okeshougakari-sengoku-no-yo-datte-biyou-wotaku-wa-shumi-ni-ikitai-no-desu	北政所様の御化粧係～戦国の世だって美容オタクは趣味に生きたいのです～@COMIC	役割→作画	武柴	タケシバ	
kitchinkaa-deri-joi	キッチンカー『デリ・ジョイ』	役割→作画	水晶零	スイショウレイ	
kiwameta-renkinjutsu-ni-fukanou-wa-nai	極めた錬金術に、不可能はない。	役割→作画	綾瀬れつ		
kiznaiver	キズナイーバー	原作+	岡田麿里	オカダマリ	
kizoku-tensei	貴族転生	役割→作画	華嶋ひすい	ハナシマヒスイ	
kizuato	痕	原作+	Leaf		
kobayashi-san-no-meidoragon-eruma-no-ooeru-nikki	小林さんちのメイドラゴン エルマのOL日記	原作+	クール教信者	クールキョウ シンジャ	
kobayashi-san-no-meidoragon-kanna-no-nichijou	小林さんちのメイドラゴン カンナの日常	役割→作画	木村光博	キムラミツヒロ	
kochira-koufuku-anshin-iinkai-desu	こちら、幸福安心委員会です。	原作+	鳥居羊		
kodomo-o-koroshite-kudasai-to-iu-oyatachi	「子供を殺してください」という親たち	原作+	押川剛	オシカワタケシ	
kogitsune-warawara-inarigami-no-makanai-meshi	こぎつね、わらわら稲荷神のまかない飯	役割→作画	ツグロウ	ツグロウ	
koha-ace-collection	コハエースこれくしょん	原作+	TYPE-MOON		
koha-ace-dx	コハエースDX	原作+	TYPE-MOON		
koha-ace-ekkusupii	コハエースXP	原作+	TYPE-MOON		
koha-ace-goo	コハエースGO	原作+	TYPE-MOON		
koi-nanka-shitakunai	恋なんかしたくない	原作+	月村奎	ツキムラケイ	
koi-ni-nare	恋になれ!	原作+	月村奎	ツキムラケイ	
koi-no-yamai-to-yarougumi-season-2	恋の病と野郎組シーズン2	原作+	J Storm		OVR
koi-no-yamai-to-yarougumi-season-2	恋の病と野郎組シーズン2	原作+	NTV		OVR
koi-no-yamai-to-yarougumi-season-2	恋の病と野郎組シーズン2	役割→作画	ウラ		OVR
koi-shita-hito-wa-imouto-no-kawari-ni-shinde-kure-to-itta	恋した人は、妹の代わりに死んでくれと言った。@COMIC	役割→作画	家守まき	ヤモリマキ	
koi-to-batsu	恋と罰	原作+	松居大悟		
koi-wa-etude	恋はエチュード	役割→作画	江波じょうじ		
koi-wa-futago-de-warikirenai	恋は双子で割り切れない	役割→作画	OKARI		
koisuru-kiseichuu	恋する寄生虫	原作+	三秋縋	ミアキスガル	
koisuru-kiseichuu	恋する寄生虫	役割→作画	ホタテユウキ	ホタテユウキ	
kojikoi	こじ恋	原作+	射和輪		
kok-king-of-kuzu	K.O.K-キング・オブ・クズ-	原作+	みずほ大	ミズホダイ	
koki-tsukawarete-tsuihousareta-moto-esu-rank-party-no-onimotsu-majutsushi-no-nariagari	コキ使われて追放された元Sランクパーティのお荷物魔術師の成り上がり	役割→作画	二宮カク	ニノミヤカク	
kokoro-ga-sakebitagatterunda	心が叫びたがってるんだ。	原作+	超平和バスターズ	チョウヘイワバスターズ	
kokoro-mo-karada-mo-torawarete	ココロもカラダも囚われて	原作+	萬屋エレキテル		
kokurouou-to-shirogane-no-niehime	黒狼王と白銀の贄姫	役割→作画	白木苺	シラキイチゴ	
koma-sutaaraito	よんこますたぁらいと	原作+	ブシロード	ブシロード	OVR
koma-sutaaraito	よんこますたぁらいと	原作+	キネマシトラス	キネマシトラス	OVR
komyushou-wa-isekai-demo-yappari-ikizurai	コミュ障は異世界でもやっぱり生きづらい	役割→作画	佐藤里	サトウサト	
konbini-goutou-kara-tasuketa-jimi-tenin-ga-onaji-class-no-ubu-de-kawaii-gal-datta	コンビニ強盗から助けた地味店員が、同じクラスのうぶで可愛いギャルだった	役割→作画	うおぬまゆう	うおぬまゆう	
kondo-koso-shiawase-ni-narimasu	今度こそ幸せになります!	原作+	斎木リコ		
kondo-wa-zettai-ni-jama-shimasentsu	今度は絶対に邪魔しませんっ!	原作+	空谷玲奈	ソラタニレイナ	
konjiki-no-corda-starlight-orchestra	金色のコルダスターライトオーケストラ	原作+	ルビーパーティー		
konjiki-no-corda-starlight-orchestra	金色のコルダスターライトオーケストラ	役割→作画	八橋はち	ヤツハシハチ	
konjiki-no-waado-master	金色の文字使い(ワードマスター)	役割→作画	尾﨑祐介	オザキユウスケ	
konkuriito-reboruteio	コンクリート・レボルティオ	原作+	會川昇	アイカワショウ	
konkuriito-reboruteio	コンクリート・レボルティオ	原作+	BONES		
konna-black-jack-wa-iya-da	#こんなブラック・ジャックはイヤだ	役割→作画	つのがい		
kono-heya-kara-tokyo-tower-wa-eien-ni-mienai	この部屋から東京タワーは永遠に見えない	役割→作画	川野倫		
kono-koi-ni-mirai-wa-nai	この恋に未来はない	原作+	森橋ビンゴ	モリハシビンゴ	
kono-kyuutei-fuyo-jutsushi-kikakugai-ni-tsuki	この宮廷付与術師、規格外につき	役割→作画	雀葵蘭	キロウラン	
kono-sankaku-rabukome-wa-shiawase-ni-naru-gimu-ga-aru	この△ラブコメは幸せになる義務がある。	役割→作画	八津たぁ	ヤツタァ	
kono-sekai-ga-game-dato-ore-dake-ga-shitte-iru	この世界がゲームだと俺だけが知っている	役割→作画	イチゼン 		
kono-shakai-shugi-gourmet-ga-sugoi	この社会主義グルメがすごい!!	原作+	内田弘樹	ウチダヒロキ	
kono-subarashii-sekai-ni-nichijou-o	この素晴らしい世界に日常を!	役割→作画	染宮すずめ	ソメミヤスズメ	
kono-subarashii-sekai-ni-shukufuku-o-kappore	この素晴らしい世界に祝福を!かっぽれ!	原作+	暁なつめ	アカツキナツメ	
kono-subarashii-sekai-ni-shukufuku-o	この素晴らしい世界に祝福を!	原作+	暁なつめ	アカツキナツメ	
kono-yuusha-ga-ore-tsuee-kuse-ni-shinchou-sugiru	この勇者が俺TUEEEくせに慎重すぎる	原作+	土日月	ツチヒライト	
konoyo-no-hate-de-koi-o-utau-shoujo-yuuno	この世の果てで恋を唄う少女YU-NO	原作+	菅野ひろゆき	カンオヒロユキ	
konsei-wa-toushu-ni-narimasu	今世は当主になります	原作+	KimRoah		
konsei-wa-toushu-ni-narimasu	今世は当主になります	役割→作画	Antstudio		
konsei-wa-toushu-ni-narimasu	今世は当主になります	役割→作画	Mon		
konya-wa-konoji-de	今夜はコの字で	原作+	加藤ジャンプ		
konya-wa-tsuki-ga-kirei-desu-toriaezu-shine	今夜は月が綺麗ですが、とりあえず死ね	原作+	要マジュロ	カナメマジュロ	
konyaku-haki-da-hatsujou-seijo	婚約破棄だ、発情聖女。	役割→作画	藤峰やまと	フジミネヤマト	
konyaku-haki-o-shita-reijou-wa-gaman-o-tomemashita	婚約破棄をした令嬢は我慢を止めました	役割→作画	鮎村幸樹	アユムラユキ	
konyaku-kaihi-no-tame-koe-o-dasanai-to-kimemashita	婚約回避のため、声を出さないと決めました!!	役割→作画	結城あみの	ユウキアミノ	
koohiiten-tareeran-no-file-kanojo-wa-kafeore-no-yume-o-miru	珈琲店タレーランの事件簿 彼女はカフェオレの夢を見る	原作+	岡崎琢磨		
koori-no-koushaku-sama-ni-amayakasaretai	氷の侯爵様に甘やかされたいっ!～シリアス展開しかない幼女に転生してしまった私の奮闘記～@COMIC	原作+	もちだもちこ		
koori-no-koushaku-sama-ni-amayakasaretai	氷の侯爵様に甘やかされたいっ!～シリアス展開しかない幼女に転生してしまった私の奮闘記～@COMIC	役割→作画	香守衿花	カモリエリカ	
korashimete-sashiagemasutsu	懲らしめて差し上げますっ!	原作+	藍里まめ		
korosensee-quest	殺せんせーQ!	原作+	松井優征	マツイユウセイ	
kou1-desu-ga-isekai-de-joushu-hajimemashita	高1ですが異世界で城主はじめました	原作+	鏡裕之	カガミヒロユキ	
kouka-koukyuu-monogatari	紅霞後宮物語	原作+	雪村花菜	ユキムラカナ	
koukando-ga-agaranai	好感度が上がらない	原作+	かなん		
koukyuu-ichiban-no-akujo	後宮一番の悪女	役割→作画	苗川采	ナエカワサイ	
koukyuu-ijo-wa-nigerarenai	後宮医女は逃げられない	役割→作画	茅谷しょうゆ		
koukyuu-no-renkinjutsu-kisaki	後宮の錬金術妃	役割→作画	巻本梅実	マキモトウメミ	
koukyuu-no-zatsuyouki	後宮の雑用姫	役割→作画	桃色ペ子	モモイロペコ	
kouritsuchuu-madoushi-daini-no-jinsei-de-madou-o-kiwameru	効率厨魔導師、第二の人生で魔導を極める	原作+	謙虚なサークル	ケンキョナサークル	
koushaku-reijou-no-tashinami	公爵令嬢の嗜み	原作+	澪亜	レイア	
koushakuke-no-ryouriban-sama	公爵家の料理番様	役割→作画	斎藤縹	サイトウヒョウ	
koutei-no-hitorimusume	皇帝の一人娘	原作+	YUNSUL		
koutei-no-hitorimusume	皇帝の一人娘	役割→作画	Rino		
koutetsu-no-shoujotachi	鋼鉄の少女たち	役割→作画	しけたみがの		
koutetsujou-no-kabaneri	甲鉄城のカバネリ	原作+	カバネリ製作委員会		
kouya-ni-kemuru-wa-shi-no-kaori	荒野に煙るは死の香り	原作+	牧野圭祐	マキノケイスケ	
kouya-ni-kemuru-wa-shi-no-kaori	荒野に煙るは死の香り	役割→作画	ザキコ		
kowareta-chikyuu-no-arukikata-comic	#壊れた地球の歩き方@COMIC	役割→作画	あきづき弥	アキズキワタル	
kozetto-no-shouzou	コゼットの肖像	役割→作画	桂明日香	カツラアスカ	
kuchidome-no-gohoubi-wa-dansou-otome-to-icha-ero-desu	口止めのご褒美は男装乙女とイチャエロです!	役割→作画	Raymon		
kudan-no-folklore	クダンノフォークロア	役割→作画	煮汁	ニジル	
kugatsu-no-koi-to-deau-made	九月の恋と出会うまで	原作+	松尾由美		
kujibiki-tokushou-musou-haaremuken	くじ引き特賞:無双ハーレム権	原作+	三木なずな	ミキナズナ	
kujonin	駆除人	原作+	花黒子	ハナボクロ	
kukkoro-naito	くっころナイト☆	役割→作画	紫妲たかゆき		
kuma-kuma-kuma-bear	くまクマ熊ベアー	原作+	くまなの	クマナノ	
kuoridia-code	クオリディア・コード	原作+	Speakeasy		
kurayami-dance	暗闇ダンス	原作+	須田剛一		
kurenainochousensha	紅の挑戦者	役割→作画	中城健		
kureyon-shin-chan-gemu-book	クレヨンしんちゃんゲームブック	原作+	臼井儀人	ウスイヨシト	
kuro-no-kenja-wa-kage-o-oru	黒の賢者は影を織る	役割→作画	raku		
kuro-no-shoukanshi	黒の召喚士	原作+	迷井豆腐	マヨイドウフ	
kuro-no-souzou-shoukanshi	黒の創造召喚師	原作+	幾威空	イクイソラ	
kuro-to-kuro-to-shiro-no-prunelle	黒と黒と白のプリュネル	原作+	にゃるら		
kurobuta-ouji-wa-zense-o-omoidashite-kaishin-suru	黒豚王子は前世を思いだして改心する	役割→作画	吠えるタロウ	ホエル タロウ	
kurogiri-kun-wa-shinobanai	黒霧くんは忍ばない	原作+	紺のんこ	コンノンコ	
kuroha-to-nijisuke	クロハと虹介	原作+	成田良悟	ナリタリョウゴ	
kuroi-majo-to-shiroi-seijo-no-hazama-de	黒い魔女と白い聖女の狭間で	原作+	朝倉一二三		
kuroi-majo-to-shiroi-seijo-no-hazama-de	黒い魔女と白い聖女の狭間で	役割→作画	柴飼ぽんちょ	シバカイポンチョ	
kuroihon	黒異本	原作+	外薗昌也	ホカゾノマサヤ	
kuroko-no-basket-replace-plus	黒子のバスケReplace PLUS	原作+	平林佐和子	ヒラバヤシサワコ	
kuroko-no-basket-replace-plus	黒子のバスケReplace PLUS	原作+	藤巻忠俊	フジマキタダトシ	
kuroneko-no-kenshi	黒猫の剣士	役割→作画	そら蒼	ソラアオ	
kuronosu	クロノス	原作+	神永学	カミナガマナブ	
kurotobi-no-seija	黒鳶の聖者	役割→作画	佐和井ムギ		
kurumada-suikoden	車田水滸伝	原作+	車田正美	クルマダマサミ	
kusogee-online-kari	クソゲー・オンライン（仮）	原作+	つちせ八十八	ツチセヤソハチ	
kusogee-online-kari	クソゲー・オンライン（仮）	役割→作画	東雲太郎	シノノメタロウ	
kusuriya-no-seijo	薬屋の聖女	役割→作画	浅井ソラ	アサイソラ	
kuukai	空海	原作+	夢枕獏	ユメマクラバク	
kuusen-madoushi-kouhosei-no-kyoukan	空戦魔導士候補生の教官	原作+	諸星悠		
kuzu-na-kemono-wa-aishisugi	クズなケモノは愛しすぎ	役割→作画	小森りんご		
kyatapiraa	キャタピラー	役割→作画	速水時貞		
kyochuu-rettou	巨蟲列島	原作+	藤見泰高	フジミヤスタカ	
kyokon-sanshirou	巨根三四郎	役割→作画	のだしげる		
kyokou-suiri	虚構推理	役割→作画	片瀬茶柴	カタセチャシバ	
kyoto-fukei-ayakashi-ka-no-file	京都府警あやかし課の事件簿	役割→作画	栗原一実	クリハラカズミ	
kyoto-teramachi-sanjou-no-holmes	京都寺町三条のホームズ	原作+	望月麻衣	モチズキマイ	
kyou-kara-zombie	今日からゾンビ!	原作+	石川優吾	イシカワユウゴ	
kyou-no-ashura-meshi	今日のアシュラ飯	役割→作画	ナカノ	ナカノ	
kyou-no-koneko-no-chii	今日のこねこのチー	原作+	こなみかなた	こなみかなた	
kyoukai-meikyuu-to-ikai-no-majutsushi	境界迷宮と異界の魔術師	原作+	小野崎えいじ		
kyoukai-no-end-feel	境界のエンドフィール	原作+	近藤たかし	コンドウタカシ	
kyoukai-no-end-feel	境界のエンドフィール	役割→作画	アントンシク	アントンシク	
kyouran-reijou-nia-risuton	凶乱令嬢ニア・リストン	役割→作画	古代甲		
kyousei-harem-keiyaku	強制ハーレム契約	原作+	SNACKゴリ		
kyouseiteki-ni-akuyaku-reijou-ni-sareteita-no-de-mazu-wa-okayu-o-tabeyou-to-omoimasu	強制的に悪役令嬢にされていたのでまずはおかゆを食べようと思います。	役割→作画	壱乃ナナ	イチノナナ	
kyuuiidii-hyakunin-isshu-no-shu	QED 百人一首の呪	原作+	高田崇史		
kyuupii-azuma-ryou	QP我妻涼	原作+	髙橋ヒロシ	タカハシヒロシ	
lady-rose-wa-heimin-ni-naritai	レディローズは平民になりたい	原作+	こおりあめ	コオリアメ	
lailah-to-shinitagari-no-kemono	ライラと死にたがりの獣	原作+	斯波浅人		
lamento	Lamento	原作+	CHiRAL		
lamento	Lamento	原作+	Nitro		
last-menhealer	ラストメンヘラー	原作+	伊瀬勝良	イセカツラ	
legend	レジェンド	役割→作画	たかの雅治	タカノマサハル	
level-1-dakedo-yuniiku-skill-de-saikyou-desu	レベル1だけどユニークスキルで最強です	役割→作画	真綿	マワタ	
level-1-kara-hajimaru-shoukan-musou	レベル1から始まる召喚無双	役割→作画	七桃りお	ナナモモリオ	
lever-gacha-archive	レバガチャアーカイブ	原作+	鯨武長之介		
liar	liar	原作+	もぁらす	モァラス	
lioncourt-senki	リオンクール戦記	役割→作画	Nagy		
little-busters-noumi-kudoryafuka	リトルバスターズ! 能美クドリャフカ	原作+	Key		
little-witch-academia	リトルウィッチアカデミア	原作+	吉成曜		
little-witch-academia	リトルウィッチアカデミア	原作+	TRIGGER		
live-dungeon	ライブダンジョン!	原作+	dy冷凍	dy レイトウ	
live-reboruto	ライブレボルト	原作+	瀬島ハルキ		
live-reboruto	ライブレボルト	役割→作画	咲良ゆき		
log-horizon-kanami-go-east	ログ・ホライズンカナミ、ゴー!イースト!	原作+	橙乃ままれ	トウノママレ	
loop-kara-nukedasenai-akuyaku-reijou-wa-akiramete-sukikatte-ikiru-koto-ni-kimemashita	ループから抜け出せない悪役令嬢は、諦めて好き勝手生きることに決めました	役割→作画	瑞絵	ミズエ	
loop-the-loop	LOOP THE LOOP	原作+	Kate		
lost-2017	LOST失踪者たち	原作+	押川雲太朗	オシカワウンタロウ	
lost-stars	STAR WARS/ロスト・スターズ	原作+	Claudia Gray		
love-all-puree	ラブオールプレー	役割→作画	宮田ダム		
love-flops	恋愛フロップス	原作+	Love Flops Project		
love-flops	恋愛フロップス	役割→作画	石坂リューダイ	イシザカリューダイ	
love-harem-game-shuuryou-no-oshirase-ga-kuru-koro-ni	恋愛ハーレムゲーム終了のお知らせがくる頃に	原作+	竜騎士07	リュウキシ 07	
love-idenshi-double-ekkusu	恋愛遺伝子XX	原作+	影木栄貴	エイキエイキ	
love-live-school-idol-diary-sekando-season	ラブライブ!School idol diaryセカンドシーズン	原作+	公野櫻子	キミノサクラコ	
lupin-iii-lupin-za-saado-itariaano	ルパン三世 LUPIN THE THIRD ITALIANO	原作+	モンキー・パンチ	モンキーパンチ	
lupin-tai-holmes	ルパン対ホームズ	役割→作画	安田達矢ダイナミック・プロダクション	ヤスダタツヤダイナミックプロダクション	
lv999-no-murabito	LV999の村人	役割→作画	岩元健一	イワモトケンイチ	
m-rchen-m-dchen	メルヘン・メドヘン	原作+	松智洋	マツトモヒロ	
m-rchen-m-dchen	メルヘン・メドヘン	役割→作画	山縣清継	ヤマガタキヨツグ	
maadisuto	マーディスト	役割→作画	ゆとと		
maajan-hourouki	麻雀放浪記	原作+	阿佐田哲也	アサダテツヤ	
machi-no-tomu-ando-sooya	都会のトム＆ソーヤ	原作+	はやみねかおる	はやみねかおる	
machigai-shoukan	間違い召喚!	役割→作画	土方悠	ヒジカタユウ	
mad-summer-school	マッドサマースクール	原作+	関よしみ	セキヨシミ	
mada-hayai	まだ早い!!	原作+	平野あお		
mada-hayai	まだ早い!!	役割→作画	吉田世	ヨシダセイ	
mada-maniau-ashita-shokei-dekiaisareru-akuyaku-reijou-desukedo-suchiru-kaishuu-dake-wa-sasete	まだ間に合う!明日処刑される悪役令嬢ですけど、スチル回収だけはさせてください!	役割→作画	きゆめぐり	キユメグリ	
madan-no-ou-to-seisen-no-soumonken-karunuenan	魔弾の王と聖泉の双紋剣(カルンウェナン)	役割→作画	bomi		
madara-archives	MADARA ARCHIVES	原作+	大塚英志事務所		
mahou-chuunen	魔法中年	役割→作画	灰刃ねむみ		
mahou-kuutei-no-grand-staff	魔法空艇の案内係(グランドスタッフ)	役割→作画	野間与太郎		
mahou-shoujo-ikusei-keikaku-f2p	魔法少女育成計画F2P	原作+	遠藤浅蜊	エンドウアサリ	
mahou-shoujo-ikusei-keikaku	魔法少女育成計画	原作+	遠藤浅蜊	エンドウアサリ	
mahou-shoujo-lyrical-nanoha-innocents	魔法少女リリカルなのはINNOCENTS	原作+	都築真紀	ツズキマサキ	
mahou-shoujo-lyrical-nanoha-material-musume-innocent-hyper-rea	魔法少女リリカルなのはマテリアル娘。INNOCENT HR	原作+	都築真紀	ツズキマサキ	
mahou-shoujo-lyrical-nanoha-material-musume-innocent-rea	魔法少女リリカルなのはマテリアル娘。 INNOCENT R	原作+	都築真紀	ツズキマサキ	
mahou-shoujo-lyrical-nanoha-material-musume-innocent-super-rea	魔法少女リリカルなのは マテリアル娘。 INNOCENT SR	原作+	都築真紀	ツズキマサキ	
mahou-shoujo-lyrical-nanoha-vivid-life-intaabaruhen	魔法少女リリカルなのはViVid LIFEインターバル編	原作+	都築真紀	ツズキマサキ	
mahou-shoujo-madoka-magica	魔法少女まどか☆マギカ	原作+	Magica Quartet		
mahou-shoujo-site-sept	魔法少女サイトSept	原作+	佐藤健太郎	サトウケンタロウマンガカ	
mahou-shoujo-tokushusen-asuka	魔法少女特殊戦あすか	原作+	深見真	フカミマコト	
mahou-shoujo-wa-koishinai	魔法少女は恋しない!	原作+	タムリン		
mahouka-koukou-no-rettousei-2017	魔法科高校の劣等生 夏休み編	原作+	佐島勤	サトウツトム	
mahouka-koukou-no-rettousei-yonkomahen	魔法科高校の劣等生 よんこま編	原作+	佐島勤	サトウツトム	
mahouka-koukou-no-rettousei-yonkomahen	魔法科高校の劣等生 よんこま編	役割→作画	tamago		
mahouka-koukou-no-yuutousei-2nd-season	魔法科高校の優等生2nd Season	役割→作画	おだまさる		
mahoutsukai-eno-michi	魔法使いへの道	役割→作画	いのこざ	イノコザ	
mahoutsukai-no-insatsujo	魔法使いの印刷所	原作+	もちんち		
mahoutsukai-precure	魔法つかいプリキュア!	原作+	東堂いづみ	トウドウイズミ	
mahoutsukai-precure	魔法つかいプリキュア!	役割→作画	上北ふたご		
maid-kara-haha-ni-narimashita	メイドから母になりました	原作+	夕月星夜		
maid-ni-tensei-shitara-ukkari-ryuuou-sama-no-ibukuro-tsukanjaimashita	メイドに転生したら、うっかり竜王様の胃袋掴んじゃいました	役割→作画	アズマミドリ		
maitetsu	まいてつ	原作+	Lose		
majestic-prince	マジェスティックプリンス	役割→作画	新島光	アラシマヒカル	
majikyuntsu-runessansu	マジきゅんっ!ルネッサンス	原作+	矢立肇	ヤダテハジメ	
majo-no-ie	魔女の家	原作+	ふみー		
majo-wa-mioji-kara	魔女は三百路から	原作+	原田重光	ハラダシゲミツ	
majutsushi-kunon-wa-miete-iru	魔術師クノンは見えている	役割→作画	La-na		
majutsushi-oofen-haguretabi-purehen	魔術士オーフェンはぐれ旅プレ編	役割→作画	雀葵蘭	キロウラン	
majutsushi-oofen-haguretabi-waga-yobigoe-ni-kotaeyo-kemono	魔術士オーフェンはぐれ旅 我が呼び声に応えよ獣	原作+	秋田禎信	アキタヨシノブ	
majutsushi-oofen-haguretabi	魔術士オーフェンはぐれ旅	役割→作画	沢田一	サワダハジメ	
majutsushi-oofen-mubouhen	魔術士オーフェン無謀編	原作+	秋田禎信	アキタヨシノブ	
makai-ishi-mephisto	魔界医師メフィスト	原作+	菊地秀行		
make-heroine-ga-oosugiru-atto-comic	負けヒロインが多すぎる!@comic	役割→作画	いたち	いたち	
maken-kajishi-ni-naritakute	魔剣鍛冶師になりたくて!	役割→作画	枩岡佳範		
maken-no-daydreamer	魔拳のデイドリーマー	原作+	西和尚		
makikomarete-isekai-teni-suru-yatsu-wa-taitei-cheat	巻き込まれて異世界転移する奴は、大抵チート	原作+	海東方舟	カイドウホウシュウ	
makyou-seikatsu	魔境生活	役割→作画	伊藤寿規	イトウトシノリ	
manekarezaru-shinjo	招かれざる神女	役割→作画	有馬ツカサ		
manga-de-wakaru-fate-grand-order	マンガで分かる!Fate/Grand Order	原作+	TYPE-MOON		
manga-higashino-keigo-mystery-special	マンガ東野圭吾ミステリースペシャル	原作+	東野圭吾	ヒガシノケイゴ	
manga-nishimura-kyoutarou-mystery-totsugawa-keibu-special	マンガ西村京太郎ミステリー十津川警部スペシャル	原作+	西村京太郎	ニシムラキョウタロウ	
manga-saigou-takamori	漫画西郷隆盛	原作+	林房雄	ハヤシフサオ	
mangaban-ikemen-sengoku	漫画版イケメン戦国	原作+	CYBIRD		
mangaban-ikemen-sengoku	漫画版イケメン戦国	役割→作画	坂本あきら	サカモトアキラ	
mangaban-nobushi-no-gourmet	漫画版野武士のグルメ	原作+	久住昌之	クスミマサユキ	
mangaka-no-akashi-sensei-wa-jitsu-wa-youkai-deshita	漫画家の明石先生は実は妖怪でした。	役割→作画	佑羽栞	ユワシオリ	
mangekyou-ken-2014	万華鏡	原作+	倉科遼	クラシナリョウ	
manji	卍	原作+	谷崎潤一郎	タニザキジュンイチロウ	
mannen-2i-dakara-to-kandou-sareta-shounen-mujikaku-2-musou-suru	万年2位だからと勘当された少年、無自覚に無双する	役割→作画	大慈	ダイジ	
manten-no-hoshi-to-aoi-sora	満天の星と青い空	原作+	西森博之	ニシモリヒロユキ	
manuke-na-fps-player-ga-isekai-e-ochita-baai	マヌケなFPSプレイヤーが異世界へ落ちた場合	原作+	地雷原		
maokin	まおきん	原作+	あずまたけし		
maokin	まおきん	役割→作画	藤澤紀幸	フジサワノリユキ	
maou-2099	魔王2099	役割→作画	桜井寛	サクライカン	
maou-ni-natta-node-dungeon-tsukutte-jingaimusume-to-honobono-suru	魔王になったので、ダンジョン造って人外娘とほのぼのする	原作+	流優		
maou-no-hajimekata	魔王の始め方	原作+	笑うヤカン		
maou-no-migiude-ni-natta-node-gensaku-kaiaku-shimasu	魔王の右腕になったので原作改悪します	原作+	木村		
maou-no-ore-ga-dorei-elf-o-yome-ni-shitandaga-dou-medereba-ii	魔王の俺が奴隷エルフを嫁にしたんだが、どう愛でればいい?	原作+	手島史詞	テシマフミノリ	
maou-sama-no-machizukuri	魔王様の街づくり!	原作+	月夜涙	ツキヨルイ	
maou-to-yuusha-ni-dekiai-sarete-oteage-desu	魔王と勇者に溺愛されて、お手上げです!	役割→作画	月ケ瀬ゆりの		
maou-to-yuusha-no-tatakai-no-ura-de	魔王と勇者の戦いの裏で	役割→作画	葦尾乱平	アシオランペイ	
maou-wa-senkyou-gakuen-de-koi-o-suru	魔王は仙境学園で恋をする	役割→作画	路一心		
maougun-saikyou-no-majutsushi-wa-ningen-datta	魔王軍最強の魔術師は人間だった	役割→作画	アナジロ		
maouna-anoko-to-murabito-a	魔王なあの娘と村人A	原作+	ゆうきりん	ゆうきりん	
maoyuu-maou-yuusha-gaiden-madoromi-no-onna-mahoutsukai	まおゆう魔王勇者 外伝まどろみの女魔法使い	原作+	橙乃ままれ	トウノママレ	
mareiro-no-kamen-koukyuu	稀色の仮面後宮	役割→作画	ゆとと		
maria-iguchi-2015	マリア	原作+	井口達也	イグチタツヤ	
marielle-clarac-no-konyaku	マリエル・クララックの婚約	原作+	桃春花		
maryoku-ga-nai-to-kandou-saremashita-ga-oukyuu-de-seijo-hajimemasu	魔力がないと勘当されましたが、王宮で聖女はじめます	役割→作画	夏乃ナ	ナツノナ	
maryoku-zero-no-saikyou-majutsushi	魔力ゼロの最強魔術師～やはりお前らの魔術理論は間違っているんだが?～@COMIC	役割→作画	椋本夏夜	クラモトカヤ	
masaki-no-pan	聖樹のパン	原作+	山花典之	ヤマハナノリユキ	
masamune-kun-no-revenge	政宗くんのリベンジ	原作+	竹岡葉月	タケオカハズキ	
maseki-gourmet	魔石グルメ	原作+	結城涼		
mashirohi	ましろ日	原作+	香川まさひと		
masou-gakuen-hybrid-heart	魔装学園H×H	原作+	久慈マサムネ	クジマサムネ	
master-grape	MASTERグレープ	原作+	土塚理弘	トツカマサヒロ	
mata-korosarete-shimatta-no-desune-tantei-sama	また殺されてしまったのですね、探偵様	役割→作画	いなば	イナバ	
mata-onaji-yume-o-mite-ita	また、同じ夢を見ていた	原作+	住野よる	スミノヨル	
matei-kyoushi-to-juuzoku-shoujo-no-haitoku-keiyaku	魔帝教師と従属少女の背徳契約	役割→作画	蛙屋蒼太	カワズヤソウタ	
mato-seihei-no-slave	魔都精兵のスレイブ	原作+	タカヒロ	タカヒロ	
mawaru-penguindrum	輪るピングドラム	原作+	イクニチャウダー		
mayoe-nanatsu-no-taizai-gakuen	迷え!七つの大罪学園!	原作+	鈴木央	スズキナカバ	
mayoiga-tsumi-to-batsu	迷家～ツミトバツ～	原作+	Project迷家		
mayonaka-no-cafe-de-ocha-o	真夜中のカフェでお茶を	原作+	雪代鞠絵	ユキシロマリエ	
mayonaka-no-cross-mesoddo	真夜中のX儀典	原作+	山口ミコト	ヤマグチミコト	
mazinger-z-alter-ignition	マジンガーZアルターイグニッション	原作+	永井豪	ナガイゴウ	
mazinger-z-interval-peace	マジンガーZインターバルピース	原作+	永井豪	ナガイゴウ	
me-ga-sameru-to-hyakunengo-no-koukyuu-deshita	目が覚めると百年後の後宮でした	役割→作画	糺ノ森たゆた		
megane-otoko-no-okiniiri	眼鏡男子のお気に入り	原作+	西條六花		
megane-otoko-no-okiniiri	眼鏡男子のお気に入り	役割→作画	モユ	モユ	
megarobokusu-shukumei-no-souken	メガロボクス宿命の双拳	原作+	メガロボクスプロジェクト		
mei-no-maiden	メイのメイデン	原作+	ガクキリオ	ガク キリオ	
meiou-sama-ga-tooru-no-desu-yo-comic	冥王様が通るのですよ!@COMIC	役割→作画	苫ゆぎまる	トマユギマル	
meitantei-conan-harouin-no-hanayome	名探偵コナンハロウィンの花嫁	役割→作画	阿部ゆたか	アベユタカ	
meitantei-conan-harouin-no-hanayome	名探偵コナンハロウィンの花嫁	役割→作画	丸伝次郎	マルデンジロウ	
meitantei-conan-hiiro-no-dangan	名探偵コナン緋色の弾丸	役割→作画	丸伝次郎	マルデンジロウ	
meitantei-conan-ijigen-no-sniper	名探偵コナン異次元の狙撃手	原作+	青山剛昌	アオヤマゴウショウ	
meitantei-conan-junkoku-no-nightmare	名探偵コナン純黒の悪夢	原作+	青山剛昌	アオヤマゴウショウ	
meitantei-conan-junkoku-no-nightmare	名探偵コナン純黒の悪夢	役割→作画	阿部ゆたか	アベユタカ	
meitantei-conan-meikyuu-no-kurosuroodo-2017	名探偵コナン迷宮の十字路	役割→作画	丸伝次郎	マルデンジロウ	
meitantei-conan-tengoku-eno-kauntodaun	名探偵コナン天国へのカウントダウン	原作+	青山剛昌	アオヤマゴウショウ	
meitantei-shinkingu-machine-kanzendatsugoku	名探偵シンキングマシン完全脱獄	役割→作画	桑田次郎		
melty-blood-rojiura-nightmare	MELTY BLOOD路地裏ナイトメア	原作+	フランスパン	フランスパン	
melty-blood-rojiura-nightmare	MELTY BLOOD路地裏ナイトメア	原作+	TYPE-MOON		
memoria-noise-no-ruten-genshou	メモリアノイズの流転現象	原作+	上遠野浩平	カドノコウヘイ	
mera-hakase-no-fushigi-na-hanzai	目羅博士の不思議な犯罪	役割→作画	山田一喜	ヤマダヒトツキ	
mermaid-lovers	マーメイド・ラヴァーズ	原作+	深見真	フカミマコト	
metcha-shoukansareta-ken-the-comic	めっちゃ召喚された件the comic	原作+	さいとうさ		
mi-ni-oboe-no-nai-wake-de-konyaku-haki-saremashita-keredo-kamen-no-shita-ga-minikui-da-nante-ittai	身に覚えのない理由で婚約破棄されましたけれど、仮面の下が醜いだなんて、一体誰が言ったのかしら?	役割→作画	小鳩ねねこ		
midara-na-sotai-wa-sei-ni-mezameru	みだらな素体は性に目覚める	役割→作画	すいみん		
mieta-mienai-sekai	ミエタミエナイセカイ	原作+	オクショウ	オクショウ	
migawari-konyakusha-nanoni-ginrou-heika-ga-doushitemo-hanashite-kuremasen	身代わり婚約者なのに、銀狼陛下がどうしても離してくれません!	役割→作画	みやの真琴	ミヤノマコト	
migawari-no-konin	身代わりの婚姻	原作+	西條六花		
mijissou-no-rasubosu-tachi-ga-nakama-ni-narimashita	未実装のラスボス達が仲間になりました。	役割→作画	緋呂河とも	ヒロカワトモ	
mikeneko-holmes-no-bouken	三毛猫ホームズの冒険	役割→作画	時友美如	トキトモミユキ	
milgram	MILGRAM	役割→作画	琊依	ヤヨリ	
mimi-nashi-houichi	耳なし芳一	原作+	小泉八雲	コイズミヤクモ	
minarai-fuufu	見習い夫婦	役割→作画	チドリアシ		
minase-youmu-to-hontou-wa-kowai-cthulhu-shinwa	水瀬陽夢と本当はこわいクトゥルフ神話	原作+	朝霧カフカ	アサギリカフカ	
minazukike-no-iinazuke	水無月家の許嫁	役割→作画	水辺チカ	ミズベチカ	
minidora-ni-omakase	ミニドラにおまかせ!	原作+	藤子・F・不二雄	フジコフジオF	
minpou-kaisei	民法改正	原作+	あかほりさとる	あかほりさとる	
minus-skill-mochi-yonin-ga-atsumattara-nanka-synergy-hakki-shite-saikyou-party-ga-dekita-ken	マイナススキル持ち四人が集まったら、なんかシナジー発揮して最強パーティーができた件	原作+	しらび		
minus-skill-mochi-yonin-ga-atsumattara-nanka-synergy-hakki-shite-saikyou-party-ga-dekita-ken	マイナススキル持ち四人が集まったら、なんかシナジー発揮して最強パーティーができた件	役割→作画	太平洋海	タイヘイヒロミ	
miracle-niki	ミラクルニキ	原作+	Nikki Inc.		
mirai-kyuujotai-asu-guard-7-1975-sugaya-mitsuruban	未来救助隊アスガード7 1975すがやみつる版	原作+	石ノ森章太郎	イシノモリショウタロウ	
mirai-kyuujotai-asu-guard-7	未来救助隊アスガード7 1974すがやみつる版	原作+	石ノ森章太郎	イシノモリショウタロウ	
mirai-no-bokura-no-tame-no-sonata	未来の僕らのためのソナタ	原作+	さがら総	サガラソウ	
mirror-twins	ミラー・ツインズ	原作+	高橋悠也	タカハシユウヤ	
miss-cast	ミスキャスト!	原作+	ちー		
missile-to-plankton	ミサイルとプランクトン	原作+	田中ロミオ	タナカロメオ	
missing-hino-2023	Missing	役割→作画	日野杏寿	ヒノアンジュ	
mitarai-kiyoshi-atto-seiro-no-umi	御手洗潔@星籠の海	原作+	島田荘司	シマダソウジ	
mitsuba-monogatari	みつばものがたり	役割→作画	堤りん		
mitsuiro-office	蜜色オフィス	原作+	pinori		
mitsuiro-office	蜜色オフィス	役割→作画	広枝出海		
mitsukoi-ruumushiea	蜜恋ルームシェア	原作+	涼川凛		
mitsukuni-sama-ga-yuku	光国さまがゆく!	原作+	津山冬	ツヤマフユ	
mitsume-mokushiroku	三つ目黙示録	原作+	手塚治虫	テズカオサム	
mitsumenoyumeji	三ツ目の夢二	原作+	大塚英志	オオツカエイジ	
mitsumenoyumeji	三ツ目の夢二	役割→作画	ひらりん	ひらりん	
mittsu-no-onegai	3ツのお願い	原作+	狩撫麻礼	カリブマレイ	
miyamoto-sakura-ga-kawaii-dake-no-shousetsu-no-manga	宮本サクラが可愛いだけの小説の漫画。	役割→作画	凪庵	ナギアン	
mizu-shika-denai-shinguu-koppu-o-sazukatta-boku-wa-fumou-no-ryouchi-de-suki-ni-ikiru-koto-ni	水しか出ない神具〈コップ〉を授かった僕は、不毛の領地で好きに生きる事にしました	役割→作画	則本ちまき	ノリモトチマキ	
mizuchidou-houfukuroku	蛟堂報復録	原作+	鈴木麻純		
mizuho-chuugakusei-sekai-houkai-wa-totsuzen-ni	みずほ、中学生、世界崩壊は突然に	原作+	まつだこうた		
mizuho-chuugakusei-sekai-houkai-wa-totsuzen-ni	みずほ、中学生、世界崩壊は突然に	役割→作画	からあげたろう	カラアゲ タロウ	
mobile-suit-crossbone-gundam-rabu-ando-piisu	機動戦士クロスボーン・ガンダムLOVE & PIECE	役割→作画	長谷川裕一	ハセガワユウイチ	
mobile-suit-crossbone-gundam-x-11	機動戦士クロスボーン・ガンダムX-11	役割→作画	長谷川裕一	ハセガワユウイチ	
mobile-suit-gundam-dai-08ms-shoutai-u-c-0079-alpha	機動戦士ガンダム第08MS小隊U.C.0079+α	原作+	矢立肇	ヤダテハジメ	
mobile-suit-gundam-dai-08ms-shoutai-u-c-0079-alpha	機動戦士ガンダム第08MS小隊U.C.0079+α	原作+	富野由悠季	トミノヨシユキ	
mobile-suit-gundam-emuesubuiaaru-jonii-raiden-no-kikan	機動戦士ガンダムMSV-R ジョニー・ライデンの帰還	役割→作画	Ark Performance		
mobile-suit-gundam-f91-prequel	機動戦士ガンダムF91プリクエル	役割→作画	おおのじゅんじ		
mobile-suit-gundam-gaiden-missing-link	機動戦士ガンダム外伝 ミッシングリンク	役割→作画	おおのじゅんじ		
mobile-suit-gundam-ji-origin-msd-cucuruz-doan-no-shima	機動戦士ガンダムTHE ORIGIN MSDククルス・ドアンの島	原作+	矢立肇	ヤダテハジメ	
mobile-suit-gundam-ji-origin-msd-cucuruz-doan-no-shima	機動戦士ガンダムTHE ORIGIN MSDククルス・ドアンの島	原作+	富野由悠季	トミノヨシユキ	
mobile-suit-gundam-ji-origin-msd-cucuruz-doan-no-shima	機動戦士ガンダムTHE ORIGIN MSDククルス・ドアンの島	役割→作画	おおのじゅんじ		
mobile-suit-gundam-pyuurittsuaa	機動戦士ガンダムピューリッツァー	役割→作画	才谷ウメタロウ	サイタニウメタロウ	
mobile-suit-gundam-seed-asutorei-tenkuu-no-princess	機動戦士ガンダムSEED ASTRAY天空の皇女	原作+	矢立肇	ヤダテハジメ	
mobile-suit-gundam-seed-asutorei-tenkuu-no-princess	機動戦士ガンダムSEED ASTRAY天空の皇女	原作+	富野由悠季	トミノヨシユキ	
mobile-suit-gundam-seed-eclipse	機動戦士ガンダムSEED ECLIPSE	役割→作画	曽我篤士	ソガアツシ	
mobile-suit-gundam-tekketsu-no-orphans-gekkou	機動戦士ガンダム鉄血のオルフェンズ月鋼	原作+	矢立肇	ヤダテハジメ	
mobile-suit-gundam-tekketsu-no-orphans-gekkou	機動戦士ガンダム鉄血のオルフェンズ月鋼	原作+	富野由悠季	トミノヨシユキ	
mobile-suit-gundam-tekketsu-no-orphans-ni	機動戦士ガンダム鉄血のオルフェンズ弐	原作+	矢立肇	ヤダテハジメ	
mobile-suit-gundam-tekketsu-no-orphans-ni	機動戦士ガンダム鉄血のオルフェンズ弐	原作+	富野由悠季	トミノヨシユキ	
mobile-suit-gundam-tekketsu-no-orphans	機動戦士ガンダム鉄血のオルフェンズ	原作+	矢立肇	ヤダテハジメ	
mobile-suit-gundam-tekketsu-no-orphans	機動戦士ガンダム鉄血のオルフェンズ	原作+	富野由悠季	トミノヨシユキ	
mobile-suit-gundam-twilight-axis	機動戦士ガンダムTwilight AXIS	原作+	矢立肇	ヤダテハジメ	
mobile-suit-gundam-twilight-axis	機動戦士ガンダムTwilight AXIS	原作+	富野由悠季	トミノヨシユキ	
mobile-suit-gundam-valpurgis	機動戦士ガンダムヴァルプルギス	役割→作画	葛木ヒヨン	カツラギヒヨン	
mobile-suit-gundam-wearwolf	機動戦士ガンダムウェアヴォルフ	役割→作画	伊藤亰	イトウケイ	
mobile-suit-gundam	機動戦士ガンダム	原作+	山口宏	ヤマグチヒロシ	
mobu-joshikousei-no-ore-demo-boukensha-ni-nareba-riajuu-ni-naremasu-ka	モブ高生の俺でも冒険者になればリア充になれますか?	役割→作画	さぎやまれん	サギヤマレン	
mofumofu-to-isekai-slow-life-o-mezashimasu	もふもふと異世界でスローライフを目指します!	役割→作画	寺田イサザ	テラタイサザ	
mokushiroku-alice	黙示録アリス	役割→作画	ようこ		
momo-to-okitsune-no-minarai-miko-seikatsu	百々とお狐の見習い巫女生活	原作+	千冬		
monkey-peak	モンキーピーク	原作+	志名坂高次	シナサカコウジ	
monku-no-tsukeyou-ga-nai-rabukome	文句の付けようがないラブコメ	原作+	鈴木大輔	スズキダイスケ	
monochrome	モノクローム	原作+	イムダリョン		
monogatari-no-kuromaku-ni-tensei-shite	物語の黒幕に転生して	原作+	結城涼		
monogatari-no-kuromaku-ni-tensei-shite	物語の黒幕に転生して	役割→作画	瀬川はじめ	セガワハジメ	
monogatari-no-naka-no-hito	物語の中の人	原作+	田中二十三	タナカニジュウサン	
monresu	もんれす	原作+	茶谷葉	チャタニヨウ	
monster-ga-afureru-sekai-ni-nattanode-suki-ni-ikitai-to-omoimasu	モンスターがあふれる世界になったので、好きに生きたいと思います	役割→作画	ラルサン		
monster-musume-no-oisha-san	モンスター娘のお医者さん	原作+	折口良乃	オリグチヨシノ	
monster-musume-no-oisha-san	モンスター娘のお医者さん	役割→作画	鉄巻とーます	カネマキトーマス	
monster-no-goshujin-sama	モンスターのご主人様	役割→作画	咲良宗一郎	サクラソウイチロウ	
monster-therapy	モンスターセラピー!	役割→作画	月曜休み	ゲツヨウヤスミ	
monsutaamusume-no-oishasan-0	モンスター娘のお医者さん0	役割→作画	木村光博	キムラミツヒロ	
moto-akuyaku-reijou-to-esu-kyuu-boukensha-no-honobono-machi-gurashi	元悪役令嬢とS級冒険者のほのぼの街暮らし～不遇なキャラに転生してたけど、理想の美女になれたからプラマイゼロだよね～@COMIC	役割→作画	ばいお	バイオ	
moto-kouzou-kaiseki-kenkyuusha-no-isekai-bouken-tan	元構造解析研究者の異世界冒険譚	原作+	犬社護		
moto-kyuutei-renkinjutsushi-no-watashi-henkyou-de-nonbiri-ryouchi-kaitaku-hajimemasu	元宮廷錬金術師の私、辺境でのんびり領地開拓はじめます!	役割→作画	たかはしツツジ		
moto-yuusha-wa-shizuka-ni-kurashitai	元勇者は静かに暮らしたい	役割→作画	鳴瀬ひろふみ	ナルセヒロフミ	
motto-atsumare-falcom-gakuen	も～っと集まれ!ファルコム学園	原作+	日本ファルコム	ニホンファルコムカブシキガイシャ	OVR
motto-hanashi-o-shitainodakedo	もっと話をしたいのだけど。	原作+	河村りの		
motto-ikitai-naka-2006	もっと、生きたい…	原作+	Yoshi		
mou-kono-koi-wa-yamemasu	もうこの恋はやめます。	役割→作画	颯希	サキ	
mousou-shokeinin-fuji-yoshiko	妄想処刑人不治よしこ	原作+	cmp.works		
mr-cb	Mr.CB	原作+	綱本将也	ツナモトマサヤ	
muda-da-to-tsuihousareta-kyuutei-juui-kemono-no-kuni-ni-koutaiguu-de-manekareru	無駄だと追放された〈宮廷獣医〉、獣の国に好待遇で招かれる	役割→作画	未影	ミカゲ	
mugen-no-skill-getter	無限のスキルゲッター!	役割→作画	海産物	カイサンブツ	
mujikaku-seijo-wa-kyou-mo-muishiki-ni-chikara-o-tarenagasu	無自覚聖女は今日も無意識に力を垂れ流す	役割→作画	えとうヨナ		
mukuchi-na-kare-ga-zangyou-suru-wake	無口な彼が残業する理由	原作+	坂井志緒	サカイシオ	
mumurin	ムムリン	役割→作画	佐々木順一郎		
mumyou-sakanagare	無明逆流れ	原作+	南條範夫	ナンジョウノリオ	
munekyun-sukatto	胸キュンスカッと	原作+	痛快TVスカッとジャパン		
munou-nintei-de-boukensha-kubi-ni-natta-kara-jimoto-ni-kaettekita-kekkon-suru	無能認定で冒険者クビになったから地元に帰って結婚する	役割→作画	Yui		
munou-wa-iranai-to-iwaretakara-zetsuen-shiteyatta	「無能はいらない」と言われたから絶縁してやった	役割→作画	白土悠介	シラトユウスケ	
munouna-nana	無能なナナ	原作+	るーすぼーい	ルース ボーイ	
murakami-kaizoku-no-musume	村上海賊の娘	原作+	和田竜	ワダリョウ	
murazukuri-game-no-npc-ga-namami-no-ningen-to-shika-omoenai	村づくりゲームのNPCが生身の人間としか思えない	原作+	昼熊		
mushihime	蟲姫	原作+	外薗昌也	ホカゾノマサヤ	
mushishi-2015	蟲師	原作+	漆原友紀	ウルシバラユキ	
mushoku-kyousei-shuuyoujo	無職強制収容所	原作+	鎌倉敦史		
muteki-no-bannou-yousai-de-kaiteki-surooraifu-o-okurimasu	無敵の万能要塞で快適スローライフをおくります	原作+	鈴木竜一		
my-home-hero	マイホームヒーロー	原作+	山川直輝	ヤマカワナオキ	
nagai-gou-ban-barbara	永井豪版ばるぼら	役割→作画	ダイナミックプロ		
nagashino-shitaragahara-no-kassen	長篠・設楽原の合戦	原作+	すぎたとおる	すぎたとおる	
nagashino-shitaragahara-no-kassen	長篠・設楽原の合戦	役割→作画	中島健志	ナカシマタケジ	
nagayasu-takumi-sakuhinshuu	ながやす巧作品集	原作+	市川森一		
nagayasu-takumi-sakuhinshuu	ながやす巧作品集	原作+	浅田次郎	アサダジロウ	
nagayasu-takumi-sakuhinshuu	ながやす巧作品集	原作+	松山善三	マツヤマゼンゾ	
nagayasu-takumi-sakuhinshuu	ながやす巧作品集	原作+	史村翔		
nagayasu-takumi-sakuhinshuu	ながやす巧作品集	役割→作画	ながやす巧	ナガヤスタクミ	
nageki-no-siren	嘆きのサイレン	原作+	茅田砂胡	カヤタスナコ	
najika-dengekisakusen	ナジカ電撃作戦	原作+	スタジオファンタジア	スタジオファンタジア	
najika-dengekisakusen	ナジカ電撃作戦	役割→作画	田代琢也	タシロタクヤ	
nakimushi-yowamushi-shokatsu-koumei	泣き虫弱虫諸葛孔明	原作+	酒見賢一	サケミケンイチ	
namae-no-nai-kaibutsu	名前のない怪物	原作+	黒木京也		
nana-seiken-to-maken-no-hime	七聖剣と魔剣の姫	原作+	御子柴奈々		
nana-seiken-to-maken-no-hime	七聖剣と魔剣の姫	役割→作画	エターナル14歳	エターナル 14サイ	
nanashi-no-koujo-to-reikoku-koutei	ななしの皇女と冷酷皇帝	役割→作画	赤佐たな		
nanatei-juudouki	七帝柔道記	原作+	増田俊也	マスダトシナリ	
nanatoshi-monogatari	七都市物語	原作+	田中芳樹	タナカヨシキ	
nanatsu-no-taizai-king-no-mangamichi	七つの大罪キングのまんが道	原作+	鈴木央	スズキナカバ	
nanatsu-no-taizai-purodakushon	七つの大罪プロダクション	原作+	鈴木央	スズキナカバ	
nanatsu-no-taizai-seven-days-touzoku-to-seishoujo	七つの大罪セブンデイズ～盗賊と聖少女～	原作+	鈴木央	スズキナカバ	
nanatsuiro-drops	ななついろ★ドロップス	原作+	ユニゾンシフト	ユニゾンシフト	
nanawo-chiitoitsu-kouryuu	ナナヲチートイツ 紅龍	原作+	森橋ビンゴ	モリハシビンゴ	
nanawo-chiitoitsu	ナナヲチートイツ	原作+	森橋ビンゴ	モリハシビンゴ	
nankuru-nee-san	なんくる姉さん	原作+	久米田康治	クメタコウジ	
nano-hazard	ナノハザード	原作+	栗原正尚	クリハラショウショウ	
nano-hazard	ナノハザード	役割→作画	かざあな	カザアナ	
narikawari	ナリカワリ	原作+	長田トヒキ		
narikin-reijou-no-shiawase-na-kekkon	成金令嬢の幸せな結婚	役割→作画	猫洲キヨ	ネコスキヨ	
nariyuki-de-konyaku-o-moushikonda-yowaki-binbou-reijou-desu-naze-jiki-koushaku-sama-ni-dekiai	成り行きで婚約を申し込んだ弱気貧乏令嬢ですが、何故か次期公爵様に溺愛されて囚われています@Comic	役割→作画	画仁本にも	カクニモトニモ	
natsukatsu	ナツカツ	原作+	市田実	イチダミノル	
navagraha	ナヴァグラハ	役割→作画	松葉サトル		
navaguraha	ナヴァグラハ	原作+	小野大輔	オノダイスケ	
navaguraha	ナヴァグラハ	原作+	近藤孝行	コンドウタカユキ	
nein	Nein	原作+	Sound Horizon		
neko-ga-boku-ni-oshiete-kureta-koto	猫が僕に教えてくれたコト	原作+	信田朋嗣	ノブタトモジ	
neko-ga-boku-ni-oshiete-kureta-koto	猫が僕に教えてくれたコト	役割→作画	矢尾なおや	ヤオナオヤ	
neko-to-ryuu	猫と竜	原作+	アマラ	アマラ	
nemuranu-tora	眠らぬ虎	原作+	村上もとか	ムラカミモトカ	
nemuranu-tora	眠らぬ虎	役割→作画	千葉きよかず	チバキヨカズ	
nenene	ねねね	原作+	徒々野雫		
neo-kiseijuu-f	ネオ寄生獣f	原作+	岩明均	イワアキヒトシ	
neo-kiseijuu	ネオ寄生獣	原作+	岩明均	イワアキヒトシ	
neppuu-kairiku-bushiroodo-side-suou	熱風海陸ブシロードSIDE:SUOU	役割→作画	キネマシトラス	キネマシトラス	
netakyara-karipurei-no-tsumori-ga-isekai-shoukan	ネタキャラ仮プレイのつもりが異世界召喚	役割→作画	芹之由奈	セリノユナ	
netoge-no-yome-wa-onnanoko-ja-nai-to-omotta	ネトゲの嫁は女の子じゃないと思った?	原作+	聴猫芝居		
newsman	Newsman	役割→作画	ふんわり		
next-life	ネクストライフ	原作+	相野仁	アイノジン	
nezumi-kage-o-tatsu	鼠、影を断つ	原作+	赤川次郎	アカガワジロウ	
nido-to-ie-niwa-kaerimasen	二度と家には帰りません!	原作+	みりぐらむ		
nidome-no-jinsei-o-isekai-de	二度目の人生を異世界で	原作+	まいん	マイン	
niiche-ga-kyoto-ni-yatte-kite-17-sai-no-watashi-ni-tetsugaku-no-koto-oshiete-kureta	ニーチェが京都にやってきて17歳の私に哲学のこと教えてくれた。	原作+	原田まりる	ハラダマリル	
niihao-jiangshi-kun	〔ニイ〕好キョンシーくん	原作+	雪室俊一	ユキムロシュンイチ	
niihao-jiangshi-kun	〔ニイ〕好キョンシーくん	役割→作画	斎藤栄一		
niji-no-hitosara	虹のひとさら	原作+	九十九森	ツクモシン	
nijihama-love-story	虹浜ラブストーリー	原作+	柴門ふみ	サイモンフミ	
nijuu-rasen	二重螺旋	原作+	吉原理恵子	ヨシハラリエコ	
niku-daisuki	肉大好き!	原作+	寺門ジモン	テラカドジモン	
niku-daisuki	肉大好き!	原作+	久住昌之	クスミマサユキ	
niku-daisuki	肉大好き!	役割→作画	水沢悦子	ミズサワエツコ	
nikushoku-joshi	肉食女子!!	原作+	青木健生	アオキタケオ	
nikusogimura	肉祓村	原作+	碧海景		
nimotsumochi-no-noukin-musou	荷物持ちの脳筋無双	原作+	ちると		
nimotsumochi-no-noukin-musou	荷物持ちの脳筋無双	役割→作画	清水銀閣	シミズギンカク	
nina-raika	ニナライカ	原作+	川崎ぶら		
nina-raika	ニナライカ	役割→作画	秋重学	アキシゲマナブ	
ningen-card	人間カード	原作+	黒井嵐輔	クロイランスケ	
ningen-no-tantei-san	ニンゲンの探偵さん	原作+	佐雪さゆな		
ningyohime-no-gomenne-gohan	人魚姫のごめんねごはん	原作+	野田宏	ノダヒロシ	
ninjou-koryouri-nozomi	人情小料理のぞみ	原作+	毛利甚八	モウリジンパチ	
ninkatsu	妊カツ	原作+	山本モネ		
niou	仁王	原作+	コーエーテクモゲームス	コーエーテクモゲームス	
nirvana	NIRVANA	原作+	じん	じん	
nise-seijo-kuso-obu-za-iyaa	偽聖女クソオブザイヤー	役割→作画	えかきびと	エカキビト	
nise-seijo-to-shiitagerareta-koushaku-reijou-wa-nidome-no-jinsei-wa-fukushuu-ni-ikiru	偽聖女と虐げられた公爵令嬢は二度目の人生は復讐に生きる	役割→作画	まぶた単		
nisemono-no-renkinjutsushi	ニセモノの錬金術師	原作+	杉浦次郎	スギウラジロウマンガカ	
nisemono-no-renkinjutsushi	ニセモノの錬金術師	役割→作画	うめ丸	ウメマル	
noblesse	NOBLESSE	原作+	Jeho Son		
noblesse	NOBLESSE	役割→作画	Kwangsu Lee		
nobunaga-no-imouto-ga-ore-no-yome	信長の妹が俺の嫁	役割→作画	森野	モリノ	
nobunagakou-teiki	信長公弟記	役割→作画	東里桐子	ヒガシザトキリコ	
non-de-poan	のんdeぽ庵	役割→作画	なかはら・ももた		
nonbiri-buiaaruemuemuooki	のんびりVRMMO記	原作+	まぐろ猫@恢猫		
noroware-seijo-bou-kun-koutei-no-aibyou-ni-naru	呪われ聖女、暴君皇帝の愛猫になる	役割→作画	群青街		
noukin-ouji-shomin-ni-naru	脳筋王子、庶民になる。	役割→作画	植杉光		
noumin-kanren-no-skill-bakka-agetetara-naze-tsuyoku-natta	農民関連のスキルばっか上げてたら何故か強くなった。	役割→作画	樽戸アキ	タルトアキ	
nozomanu-fushi-no-boukensha	望まぬ不死の冒険者	原作+	丘野優	オカノユウ	
oba-chan-seijo-wagamichi-o-yuku	おばちゃん〈?〉聖女、我が道を行く	役割→作画	ミキマサハル	ミキマサハル	
oboreru-kemono-to-amai-wana	溺れる獣と甘い罠	原作+	松崎真帆		
oboreru-kemono-to-amai-wana	溺れる獣と甘い罠	役割→作画	袴田十莉	ハカマダジュリ	
ochikobore-datta-ani-ga-jitsuwa-saikyou	落ちこぼれだった兄が実は最強	役割→作画	村上よしゆき	ムラカミヨシユキマンガカ	
ochikobore-hoshi-1-mahoutsukai-wa-kyou-mo-muishiki-ni-cheat-o-tsukau	落ちこぼれ〈☆1〉魔法使いは、今日も無意識にチートを使う	役割→作画	ももしか藤子	モモシカフジコ	
ochikobore-reijou-wa-koushaku-kakka-kara-no-dekiai-ni-kizukanai	落ちこぼれ令嬢は、公爵閣下からの溺愛に気付かない	役割→作画	柏りんこ	カシワリンコ	
odaiba-baabarianzu	お台場バーバリアンズ	原作+	M.A.T.		
oedo-donburi-hanjouki	大江戸どんぶり繁盛記	原作+	剣名舞	ツルギナマイ	
ohayou-spunk	おはよう!スパンク	原作+	雪室俊一	ユキムロシュンイチ	
ohenro	おへんろ。	原作+	ufotable		
ohitori-sama-deshita	おひとりさまでした。	役割→作画	いつき楼		
ohitori-sama-hotel	おひとりさまホテル	役割→作画	マキヒロチ	マキヒロチ	
oiran-yuugi	花魁遊戯	原作+	朝陽ゆりね	アサヒユリネ	
oiroke-ibento-no-oosa-ni-teihyou-no-aru-watashi-desu-rival-reijou-toshite-no-shimei-o-hatashimasu	お色気イベントの多さに定評のある私ですがライバル令嬢としての使命を果たします	役割→作画	蛇足せんたろう		
oitekebori-no-renkinjutsushi	おいてけぼりの錬金術師	役割→作画	中山かつみ	ナカヤマカツミ	
oji-sama-lv2-the-comic	王子さまlv2 the comic	原作+	Alice Blue		
okaruteikku-nain	オカルティック・ナイン	原作+	志倉千代丸	シクラチヨマル	
okashi-na-akuyaku-reijou-wa-botsurakugo-ni-amatou-no-ouji-ni-karamareru-you-ni-narimashita	お菓子な悪役令嬢は没落後に甘党の王子に絡まれるようになりました	役割→作画	華代	ハナヨ	
okawari-non-de-poan	おかわりのんdeぽ庵	役割→作画	なかはら・ももた		
okazari-ouhi-ni-natta-node-kossori-hataraki-ni-deru-koto-ni-shimashita	お飾り王妃になったので、こっそり働きに出ることにしました	役割→作画	封宝	ホウホウ	
okitegami-kyouko-no-bibouroku	掟上今日子の備忘録	原作+	西尾維新	ニシオイシン	
okotta-seijo-wa-hitori-de-maou-o-taoshitai	怒った聖女は一人で魔王を倒したい	役割→作画	紺子ゆきめ		
okubyou-na-hakushaku-reijou-wa-momegoto-o-nozomanai	臆病な伯爵令嬢は揉め事を望まない	役割→作画	小箱ハコ	コバコハコ	
omachi-shitemasu-shitamachi-wagashi-kurimarudou	お待ちしてます下町和菓子栗丸堂	原作+	似鳥航一		
omae-no-you-na-shoshinsha-ga-iruka-fuguu-shoku-shoukanshi-nanoni-rasubosu-to-iwareteiru-soudesu	お前のような初心者がいるか!	役割→作画	試咲	シサク	
omae-wa-ore-no-mono-daro	お前は俺のモノだろ?	役割→作画	高山千	タカヤマチズ	
one-ope-joker	ワンオペJOKER	役割→作画	後藤慶介	ゴトウケイスケ	
one-piece-episode-ace	ONE PIECEエピソードエース	役割→作画	Boichi		
onegai-teacher	おねがいティーチャー	原作+	Please!		
oni-to-tengoku	鬼と天国	原作+	阿賀直己	アガナオミ	
oni-to-tengoku	鬼と天国	役割→作画	お吉川京子		
onii-chan-gacha	お兄ちゃん、ガチャ	原作+	野島伸司	ノジマシンジ	
onii-chan-to-otona-no-omamagoto	お兄ちゃんと、大人のおままごと	原作+	クロサワ	クロサワ	
only-sense-online	Only Sense Online	原作+	アロハ座長	アロハ ザチョウ	
onmitsu-bouchou-honjitsu-mo-urei-nashi-special	隠密包丁 本日も憂いなし スペシャル	原作+	花形怜	ハナガタレイ	
onmitsu-bouchou	隠密包丁	原作+	花形怜	ハナガタレイ	
onmyouji-to-tengugan	陰陽師と天狗眼	役割→作画	三戸	ミト	
onna-kajishi-wa-ohitoyoshi-guild-ni-hirowaremashita	女鍛冶師はお人好しギルドに拾われました	役割→作画	百井一途	モモイイト	
onna-kishi-keiri-ni-naru	女騎士、経理になる。	原作+	Rootport		
onna-kudouden-rei	女苦道伝れい	原作+	信田朋嗣	ノブタトモジ	
onnanoko-monogatari	おんなのこ物語	原作+	佐藤滋子	サトウシゲコ	
onnanoko-monogatari	おんなのこ物語	役割→作画	岡本ゆり	オカモトユリ	
onnanoko-no-mayu	おんなのこのまゆ	役割→作画	ユイザキカズヤ		
onsen-musume	温泉むすめ	原作+	エンバウンド		
oodin-sphere	オーディンスフィア	原作+	アトラス	アトラス	
ookami-o-karu-housoku	狼を狩る法則	原作+	J・L・ラングレー		
ookami-ouji-no-iutoori	オオカミ王子の言うとおり	原作+	ももしろ	モモシロ	
ookaminobaraado	狼のバラード	原作+	平井和正	ヒライカズマサ	
orc-tantei-oorokku	オーク探偵オーロック	原作+	円居挽	マドイバン	
order-wa-tantei-ni	オーダーは探偵に	原作+	近江泉美	オウミイズミ	
ore-dake-erabihoudai-esu-kyuu-rea-item-mo-koware-skill-mo-kakusei-shita-shuredingaa-no-neko-de	俺だけ選び放題、S級レアアイテムも壊れスキルも覚醒した〈シュレディンガーの猫〉で思うがまま!	役割→作画	佐野マコト	サノマコト	
ore-dake-haireru-kakushi-dungeon	俺だけ入れる隠しダンジョン	原作+	瀬戸メグル	セトメグル	
ore-dake-skill-ga-yatara-poemii-nandakedo	俺だけスキルがやたらポエミーなんだけど	役割→作画	能勢ナツキ	ノセナツキ	
ore-ga-ojou-sama-gakkou-ni-shomin-sanpuru-to-shite-rachirareta-ken	俺がお嬢様学校に「庶民サンプル」として拉致られた件	原作+	七月隆文		
ore-ga-suki-nanowa-imouto-dakedo-imouto-ja-nai	俺が好きなのは妹だけど妹じゃない	原作+	恵比須清司	エビスセイジ	
ore-no-ie-ga-maryoku-supotto-datta-ken	俺の家が魔力スポットだった件	原作+	あまうい白一	アマウイシロイチ	
ore-no-isekai-shimai-ga-jichou-shinai	俺の異世界姉妹が自重しない!	役割→作画	たんぽぽポポ子	タンポポ ポポコ	
ore-no-pan	俺のパン	原作+	河上祐隆		
ore-sama-fukushachou-ni-tsukamarimashita	俺様副社長に捕まりました。	原作+	望月沙菜	モチズキサナ	
ore-sama-sorushieeru	俺様ソルシエール	原作+	赤尾でこ	アカオデコ	
ore-to-kanojo-no-moeyo-pen	オレと彼女の萌えよペン	原作+	村上凛	ムラカミリン	
ore-to-kawazu-san-no-isekai-hourouki	俺と蛙さんの異世界放浪記	原作+	くずもち	クズモチ	
ore-tsuinteeru-ni-narimasu-pai	俺、ツインテールになります。π	原作+	水沢夢	ミズサワユメ	
oren-s	OREN'S	原作+	髙橋ヒロシ	タカハシヒロシ	
orenchi-ni-kita-onnakishi-to-inakagurashi-suru-koto-ni-natta-ken	俺んちに来た女騎士と田舎暮らしすることになった件	原作+	裂田		
oreta-ryuukotsu	折れた竜骨	原作+	米澤穂信	ヨネザワホノブ	
oribe-ririko-no-gyoumu-nippou	織部凛々子の業務日報	原作+	Alexandre S. D. Celibidache		
osananajimi-no-esu-kyuu-party-kara-tsuihousareta-seijuu-tsukai	幼馴染のS級パーティーから追放された聖獣使い。万能支援魔法と仲間を増やして最強へ!	役割→作画	黒田高祥	クロダタカヨシ	
osanazuma	おさなづま	役割→作画	あきやまひでき	あきやまひでき	
oshikake-yuusha-yome	おしかけ勇者嫁	役割→作画	珠洲城くるみ	スズシロクルミ	
oshirisu-no-tenbin	オシリスの天秤	原作+	笠井健夫	カサイタケオ	
ossan-36-ga-idol-ni-naru-hanashi	オッサン〈36〉がアイドルになる話	原作+	もちだもちこ		
otameshi-de-yobareta-seijo-nanoni-saikyouryuu-ni-kiniirarete-shimaimashita	お試しで喚ばれた聖女なのに最強竜に気に入られてしまいました。	役割→作画	一ノ瀬ハルコ		
otasuke-chara-ni-tensei-shita-node-game-chishiki-de-musou-suru	お助けキャラに転生したので、ゲーム知識で無双する	原作+	しんこせい		
otasuke-chara-ni-tensei-shita-node-game-chishiki-de-musou-suru	お助けキャラに転生したので、ゲーム知識で無双する	役割→作画	別所ユウイチ	ベッショユウイチ	
otokomeshi	侠飯	原作+	福澤徹三	フクザワテツゾウ	
otome-game-no-heroine-de-saikyou-survival-comic	乙女ゲームのヒロインで最強サバイバル@COMIC	役割→作画	わかさこばと	ワカサコバト	
otome-wa-boku-ni-koishiteru	乙女はお姉さまに恋してる	原作+	キャラメルbox		
otomege-youchien-wa-mob-ni-kibishii-youchien-desu	乙女ゲー幼稚園はモブに厳しい幼稚園です	役割→作画	近江のこ	オウミノコ	
otoshi-otosare-oshi-osare	落とし堕とされ推し押され	原作+	くじら	くじら	
otoshi-otosare-oshi-osare	落とし堕とされ推し押され	役割→作画	神反ヲ鬚	カミソリオヒゲ	
otoufu-dimension	おとうふ次元	原作+	森繁拓真	モリシゲタクマ	
otsu-san-boukensha-kein-no-zenkou	おっさん冒険者ケインの善行	原作+	風来山		
otsu-san-no-rimeiku-bouken-nikki	おっさんのリメイク冒険日記	原作+	緋色優希		
otsu-san-no-rimeiku-bouken-nikki	おっさんのリメイク冒険日記	役割→作画	小池えいらく	コイケエイラク	
otsu-san-wa-uzeen-da-yo-tte-guild-kara-tsuihousareta-shita-kuseni-ato-kara-fukki-yousei-o	おっさんはうぜぇぇぇんだよ!ってギルドから追放したくせに、後から復帰要請を出されても遅い。最高の仲間と出会った俺はこっちで最強を目指す!	役割→作画	羽鳥ぴよこ	ハトリピヨコ	
otsuberu-to-zou-kenjuu-kouenrin	オツベルと象 虔十公園林	原作+	宮沢賢治	ミヤザワケンジ	
otto-no-chinpo-ga-hairanai	夫のちんぽが入らない	原作+	こだま		
ou-sama-game-rinjou	王様ゲーム臨場	原作+	金沢伸明	カナザワノブアキ	
ougon-bat-yamane-2023	黄金バット	役割→作画	山根和俊	ヤマネカズトシ	
ougon-shounen	黄金少年	原作+	木下半太	キノシタハンタ	
ouhi-sama-wa-rikon-shitai	王妃様は離婚したい	役割→作画	亜和美央斗	アワミオト	
outaishi-sama-watashi-kondo-koso-anata-ni-korosaretakunaindesu	王太子様、私今度こそあなたに殺されたくないんです!	役割→作画	おしばなお	オシバナオ	
outei-denka-no-okiniiri-tensei-shitemo-tenteki-kara-nigerarenai-youdesu	王弟殿下のお気に入り	役割→作画	餅田むぅ	モチダムゥ	
outou-komachi	桜桃小町	原作+	三冬恋		
overlord-fushisha-no-oh	オーバーロード不死者のOh!	原作+	丸山くがね	マルヤマクガネ	
overlord-koushiki-comic-a-ra-carte	オーバーロード公式コミックアラカルト	原作+	丸山くがね	マルヤマクガネ	
overlord	オーバーロード	原作+	丸山くがね	マルヤマクガネ	
owari-no-seraph-ichinose-guren-16-sai-no-catastrophe	終わりのセラフ一瀬グレン、16歳の破滅(カタストロフィ)	役割→作画	浅見よう	アサミヨウ	
oyasumi-jack-za-ripper	おやすみジャック・ザ・リッパー	原作+	二宮愛	ニノミヤアイ	
oyobi-desuka-hakka-doll	召喚ですか!?ハッカドール	原作+	ハッカドールチーム		
paradox-live-stage-battle-comic	Paradox Live stage battle comic	原作+	Paradox Live		OVR
paradox-live-stage-battle-comic	Paradox Live stage battle comic	役割→作画	naru		OVR
paros-no-ken	パロスの剣	役割→作画	いがらしゆみこ	イガラシユミコ	
party-menbaa-ni-konyakusha-no-guchi-o-itte-itara-jitsu-wa-honnin-datta-ken	パーティーメンバーに婚約者の愚痴を言っていたら実は本人だった件	役割→作画	グリセリンたける		
pato-rush	パト★ラッシュ!	原作+	根本ノンジ		
peach-boy-riverside	ピーチボーイリバーサイド	原作+	クール教信者	クールキョウ シンジャ	
pekintekinatsu	北京的夏	原作+	ファンキー末吉	スエヨシフンッッ	
pekintekinatsu	北京的夏	役割→作画	松本剛	マツモトツヨシ	
penalty-school	ペナルティスクール	原作+	美愛		
perfect-crime	Perfect Crime	原作+	梨里緒		
persona-5	ペルソナ5	原作+	ATLUS		
persona-q-shadow-obu-za-labyrinth-side-p4	ペルソナQシャドウオブザラビリンスSide:P4	役割→作画	みずのもと		
persona-q-shadow-of-the-labyrinth-roundabout	ペルソナQ シャドウオブザラビリンス	原作+	アトラス	アトラス	
pirikara-yuusha-nobuchina	ピリ辛勇者ノブチナ	原作+	はと	はと	
pirikara-yuusha-nobuchina	ピリ辛勇者ノブチナ	役割→作画	竹嶋えく	タケシマエク	
pitch-dealer	ピッチディーラー	原作+	昌子春		
plastic-memories-say-to-good-bye	プラスティック・メモリーズ	原作+	林直孝		
platinum-end	プラチナエンド	原作+	大場つぐみ	オオバツグミ	
play-shita-oboe-mo-nai-game-teki-na-sekai-ni-mayoikondara	プレイした覚えもないゲーム的な世界に迷い込んだら	役割→作画	小葉かんば	コバカンバ	
point-gifutaa-no-isekai-saikyou-soro-life	ポイントギフター《経験値分配能力者》の異世界最強ソロライフ	役割→作画	日野彰		
poisson	ポワソン	原作+	こやまゆかり	コヤマユカリ	
pojiteibu-reijou-furoora-no-shiawase-na-keiyaku-kekkon	ポジティブ令嬢フローラの幸せな契約結婚	役割→作画	ミキマサハル	ミキマサハル	
pokemon-za-movie-ekkusu-wai-ando-zetto-borukenion-to-karakuri-no-magiana	ポケモン・ザ・ムービーXY&Zボルケニオンと機巧のマギアナ	原作+	田尻智	タジリサトシ	
pokemon-za-movie-ekkusu-wai-ando-zetto-borukenion-to-karakuri-no-magiana	ポケモン・ザ・ムービーXY&Zボルケニオンと機巧のマギアナ	役割→作画	河本けもん		
pon-no-michi	ぽんのみち	原作+	IIS-P		
pon-no-michi	ぽんのみち	役割→作画	卯花つかさ	ウノハナツカサ	
ponkotsu-outaishi-no-mobu-ane-joou-rashiikedo-akuyaku-reijou-ga-kawaisou-nanode-tasukeyou-to	ポンコツ王太子のモブ姉王女らしいけど、悪役令嬢が可哀想なので助けようと思います～王女ルートがない!?なら作ればいいのよ!～@COMIC	原作+	諏訪ぺこ		
ponkotsu-reijou-ni-tensei-shitara-mofumofu-kara-ouji-no-meshiuma-yome-ni-ninmei-saremashita	ポンコツ令嬢に転生したら、もふもふから王子のメシウマ嫁に任命されました	役割→作画	ハマサキ	ハマサキ	
pooshondanomi-de-ikinobimasu	ポーション頼みで生き延びます!	原作+	FUNA		
poseidon-no-zaihou	ポセイドンの財宝	原作+	泉福朗		
potion-danomi-de-ikinobimasu-zoku	ポーション頼みで生き延びます!続	役割→作画	園心ふつう		
potion-wa-160km-h-de-nageru-mono	ポーションは160km/hで投げるモノ!～アイテム係の俺が万能回復薬を投擲することで最強の冒険者に成り上がる!?～@COMIC	役割→作画	羽尻伊織	ハジリイオリ	
price	PRICE	原作+	maa坊	マアボウ	
princess-connect-re-dive	プリンセスコネクト!Re:Dive	原作+	Cygames		
princess-wa-barairo-no-yume-o-miru	吸血姫(プリンセス)は薔薇色の夢をみる	役割→作画	sudekuma		
prometeo	プロメテオ	原作+	北原雅紀		
psycho-pass-2	PSYCHO-PASS 2	原作+	サイコパス製作委員会	イインカイッッッチョパッッセイサク	OVR
psycho-pass-3-first-inspector	PSYCHO-PASS サイコパス 3 FIRST INSPECTOR	原作+	サイコパス製作委員会	イインカイッッッチョパッッセイサク	OVR
psycho-pass-3	PSYCHO-PASS サイコパス 3	原作+	サイコパス製作委員会	イインカイッッッチョパッッセイサク	OVR
psycho-pass-ss-sinners-of-the-system	Psycho-pass SS (sinners of the system)	原作+	サイコパス製作委員会	イインカイッッッチョパッッセイサク	
psychometrer-age-ganso-mitsu-chan-toujouhen	サイコメトラーEIJI 元祖・みっちゃん登場編	原作+	安童夕馬		
puchi-eva	ぷちえう゛ぁ	役割→作画	濱元隆輔	ハマモトリュウスケ	
puchi-gonabisu	ぷちゴナビス	役割→作画	渡空燕丸	ワタリゾラツバメマル	
puramai-gohan	プラマイごはん	原作+	とい天津		
qp-gaiden-azuma-ryou	QP外伝我妻涼	原作+	髙橋ヒロシ	タカハシヒロシ	
quo-vadis-2013	クォ・ヴァディス	役割→作画	藍真理人		
rabu-live-sanshain-maru-no-koma	ラブライブ!サンシャイン!!マルのヨンコマ	原作+	公野櫻子	キミノサクラコ	
rabu-live-sanshain-maru-no-koma	ラブライブ!サンシャイン!!マルのヨンコマ	役割→作画	竹之内トシオ	タケノウチトシオ	
radiation-house	ラジエーションハウス	原作+	横幕智裕	ヨコマクトモヒロ	
rakudai-kishi-no-kyabarurii	落第騎士の英雄譚	原作+	海空りく	ミソラリク	
rakudai-seijo-nanoni-naze-wake-ari-no-ouji-sama-ni-dekiai-sarete-imasu	落第聖女なのに、なぜか訳ありの王子様に溺愛されています!	役割→作画	イタガキコマリ		
rakuen-ichiba	楽園市場	原作+	RUNAKO		
rakuen-logic-paradox-twin	ラクエンロジックパラドクスツイン	原作+	Septpia		
rakugo-bokusaa-jugemu	落語ボクサー寿限無	原作+	立川談四楼	タテカワダンシロウ	
ran-no-ie	蘭の家	原作+	原田康子		
ran-no-ie	蘭の家	原作+	三村尚		
ranpo-another	乱歩アナザー	原作+	江戸川乱歩	エドガワランポ	
rasubosu-temae-no-inarisou	ラスボス手前のイナリ荘	役割→作画	藍襖	アオフスマ	
rd-sennou-chousashitsu	RD潜脳調査室	役割→作画	宮野桃太郎	ミヤノモモタロウ	
re-monster	Re:Monster	原作+	金斬児狐	カネキルコギツネ	
re-teen-mayu-no-naka-de-mou-ichido-10-dai-no-kimi-to-au	re:teen 繭の中でもう一度10代のキミと会う	原作+	伊達将範	ダテマサノリ	
real-no-heroine-wa-irimasen	現実の彼女はいりません!	原作+	田尾典丈	タオノリタケ	
rebellio-machina	リベリオ・マキナ	原作+	ミサキナギ		
reeve-monogatari	レーヴェ物語	原作+	日本ファルコム	ニホンファルコムカブシキガイシャ	
reide-fusai-no-naresome	レイデ夫妻のなれそめ	役割→作画	小花衣うみ	コハナイウミ	
reidobakkaazu-motomaou-ran-chan-no-isekai-seikatsu	LAIDBACKERS-レイドバッカーズ-～元魔王らんちゃんの異世界せいかつ～	役割→作画	梅原うめ	ウメハラウメ	
reina-to-9-nin-no-otokotachi	麗奈と9人の男たち	役割→作画	高橋構造	タカハシコウゾウ	
reiri	レイリ	原作+	岩明均	イワアキヒトシ	
reitetsu-shachou-to-kozukuri-kon	冷徹社長と子づくり婚	原作+	伊月ジュイ		
reivun	零鴉	原作+	さとうけいいち		
release-za-spice-naisho-no-mission	RELEASE THE SPYCEないしょのミッション	原作+	SORASAKI.F		
rengoku-deadroll	煉獄デッドロール	原作+	河本ほむら	カワモトホムラ	
rengoku-no-karma	煉獄のカルマ	原作+	廣瀬俊	ヒロセシュン	
rengoku-no-torisuagion	煉獄のトリスアギオン	原作+	瑞智士記	ミズチシキ	
renseishi-aria-wa-kyou-mo-ganbarimasu	錬成師アリアは今日も頑張ります	役割→作画	エモ	エモ	
reo-to-mabu	レオとマブ	原作+	イクニラッパー		
rettougan-no-tensei-majutsushi	劣等眼の転生魔術師	原作+	柑橘ゆすら	カンキツユスラ	
revenger	リベンジャー	原作+	利便事屋		
revenger	リベンジャー	役割→作画	山田リューセイ		
revolt	REVOLT	原作+	草下シンヤ	クサカシンヤ	
rewrite-okaken-e-youkoso	Rewriteオカ研へようこそ!!	原作+	Key		
rewrite-side-r	Rewrite: SIDE-R	原作+	Key		
rewrite-side-terra	Rewrite:SIDE-TERRA	原作+	Key		
rien-saremashita-saikon-shimashita	離縁されました。再婚しました。	原作+	東万里央		
rifujin-na-wake-de-tsuihousareta-oukyuu-madoushi-no-watashi-desu-ringoku-no-ouji-sama-to-go	理不尽な理由で追放された王宮魔道師の私ですが、隣国の王子様とご一緒しています!?	役割→作画	門倉海月		
rikidouzan-puroresu-jigokuhen	力道山プロレス地獄変	原作+	増田俊也	マスダトシナリ	
ringo-tensei	林檎転生	役割→作画	るしか	ルシカ	
ringoku-ni-koshiire-shita-joou-tsuki-mofumofu-jijo-desu-hontou-no-joou-wa-watashi-nandesu	隣国に輿入れした王女付きモフモフ侍女ですが、本当の王女は私なんです	役割→作画	中村世子	ナカムラセイコ	
rinne-no-lagrange	輪廻のラグランジェ	原作+	Production I. G		OVR
risou-no-himo-seikatsu	理想のヒモ生活	原作+	渡辺恒彦	ワタナベツネヒコ	
road-erumeroi-2-sei-no-file	ロード・エルメロイ2世の事件簿	原作+	三田誠	サンダマコト	
road-erumeroi-2-sei-no-file	ロード・エルメロイ2世の事件簿	原作+	TYPE-MOON		
robotics-notes-phantom-snow	Robotics;Notes Phantom Snow	原作+	5pb.		OVR
robou-no-ishi	路傍の石	原作+	山本有三	ヤマモトユウゾウ	
rogu-horizon-gaiden-honeymoon-roguzu	ログ・ホライズン外伝HoneyMoonLogs	原作+	橙乃ままれ	トウノママレ	
rokunin-no-usotsuki-na-daigakusei-plus-1	六人の嘘つきな大学生〈プラス1〉	役割→作画	大沢形画		
role-role	ROLE ＆ ROLE	原作+	佐藤水彦	サトウミズヒコ	
romance-shousetsu-ni-trip-shitara-jijo-no-hazu-ga-outaishi-denka-ni-dekiai-dekiaisareru-koto-ni	ロマンス小説にトリップしたら侍女のはずが王太子殿下に溺愛されることになりました	役割→作画	くせつきこ		
romeo-x-juliet	ロミオ×ジュリエット	役割→作画	COM		
ronrinesu	ロンリネス	原作+	狩撫麻礼	カリブマレイ	
roodosutou-senki-farisu-no-seijo	ロードス島戦記 ファリスの聖女	原作+	水野良	ミズノリョウ	
root-route-of-odd-taxi	RoOT/ルートオブオッドタクシー	役割→作画	肋家竹一		
roppongi-black-cross	六本木ブラッククロス	原作+	柳沢きみお	ヤナギサワキミオ	
rorikura-hoorudo	ロリクラ☆ほーるど!	原作+	Chihaya		
rorikura-hoorudo	ロリクラ☆ほーるど!	役割→作画	KOMANDO		
rose-guns-days-season3	ROSE GUNS DAYS Season3	役割→作画	大村陽		
rougo-ni-sonaete-isekai-de-8-manmai-no-kinka-o-tamemasu	老後に備えて異世界で8万枚の金貨を貯めます	原作+	FUNA		
ruby-hyousetsu-teikoku-za-comic	RWBY氷雪帝国THE COMIC	原作+	Team RWBY Project		
ruby-hyousetsu-teikoku-za-comic	RWBY氷雪帝国THE COMIC	役割→作画	スエカネクミコ	スエカネクミコ	
run-city	@RUN CITY	役割→作画	加倉井ミサイル	カクライミサイル	
runa-wa-sasayaku	月は囁く	原作+	宮﨑克	ミヤザキマサル	
rwby-official-manga-anthology	RWBY OFFICIAL MANGA ANTHOLOGY	原作+	ルースターティースプロダクション		OVR
ryuu-no-ko-o-undara-rien-sareta-node-mori-de-inkyo-suru-koto-ni-shimashita	竜の子を産んだら離縁されたので森で隠居することにしました	役割→作画	藍田鳴	アイダメイ	
ryuugoroshi-no-brunhild	竜殺しのブリュンヒルド	役割→作画	桐嶋たける	キリシマタケル	
ryuuou-no-oshigoto	りゅうおうのおしごと!	原作+	白鳥士郎	シラトリシロウ	
ryuuou-sama-no-saikyou-kokka-senryaku	竜王様の最強国家戦略	役割→作画	藤本キシノ	フジモトキシノ	
saboriiman-ametani-kantarou	さぼリーマン飴谷甘太朗	原作+	萩原天晴	ハギワラテンセイ	
saeki-san-to-hitotsu-yane-no-shita	佐伯さんと、ひとつ屋根の下	原作+	九曜		
saeki-san-wa-nemutteru	佐伯さんは眠ってる	原作+	春原ロビンソン	ハルハラロビンソン	
saenai-boku-ga-kimi-no-heya-de-shiteiru-koto-o-classmate-wa-daremo-shiranai	冴えない僕が君の部屋でシている事をクラスメイトは誰も知らない	役割→作画	ももずみ純	モモズミジュン	
saenai-heroine-no-sodatekata-girls-side	冴えない彼女の育てかたGirls Side	原作+	丸戸史明	マルトフミアキ	
safe-sex	セーフセックス	原作+	森もり子		
safe-sex	セーフセックス	役割→作画	岩浪れんじ		
sagara	サガラ	原作+	真刈信二	マカリシンジ	
sagishi	詐騎士	原作+	かいとーこ	カイトーコ	
saigaikyuu-shito-no-hanayome-sagashi	災害級使徒の花嫁探し	役割→作画	SUANNAIWANZI		
saigaikyuu-shito-no-hanayome-sagashi	災害級使徒の花嫁探し	役割→作画	YIBIE		
saigo-no-isha-wa-ameagari-no-sora-ni-kimi-o-negau	最後の医者は雨上がりの空に君を願う	役割→作画	すがはら竜		
saigo-no-isha-wa-sakura-o-miagete-kimi-o-omou	最後の医者は桜を見上げて君を想う	原作+	二宮敦人	ニノミヤアツト	
saigo-no-kishi-to-dansou-no-reijin	最後の騎士と男装の麗人	原作+	デボラ・シモンズ	デボラシモンズ	
saigo-no-shishaku	最後の子爵	原作+	デボラ・シモンズ	デボラシモンズ	
saihate-no-paladin	最果てのパラディン	原作+	柳野かなた	ヤナギノカナタ	
saijaku-muhai-no-bahamut	最弱無敗の神装機竜	原作+	明月千里	アカツキセンリ	
saijaku-na-boku-wa-kabenuke-bagu-de-nariagaru	最弱な僕は〈壁抜けバグ〉で成り上がる	役割→作画	畑優以	ハタユイ	
saijou-no-meii-hashiguchi2011	最上の明医	役割→作画	橋口たかし	ハシグチタカシ	
saikawa-fusai-no-love-jijou	才川夫妻の恋愛事情	原作+	兎山もなか	トヤマモナカ	
saikou-nando-meikyuu-de-party-ni-okizari-ni-sareta-esu-rank-kenshi-hontou-ni-mayoimakutte-daremo	最高難度迷宮でパーティに置き去りにされたSランク剣士、本当に迷いまくって誰も知らない最深部へ	役割→作画	ムロコウイチ		
saikyou-fuhai-no-shinken-tsukai	最強不敗の神剣使い	役割→作画	不動らん	フドウラン	
saikyou-majutsushi-no-ijou-naru-toubou-seikatsu	最凶魔術師の異常なる逃亡生活	役割→作画	獅堂しろう	シドウシロウ	
saikyou-ni-uzai-kanojo-no-ashita-kara-tsukaeru-mount-kyoushitsu-comic	最強にウザい彼女の、明日から使えるマウント教室@comic	役割→作画	熊茶まくと	クマチャマクト	
saikyou-no-shokugyou-wa-yuusha-demo-kenja-demo-naku-kanteishi-kari-rashii-desu-yo	最強の職業は勇者でも賢者でもなく鑑定士〈仮〉らしいですよ?	役割→作画	武田充司	タケダアツシ	
saikyou-no-shuzoku-ga-ningen-datta-ken	最強の種族が人間だった件	役割→作画	音乃夏	オトノナツ	
saikyou-onna-shishou-tachi-ga-ikusei-houshin-o-megutte-shuraba	最強女師匠たちが育成方針を巡って修羅場	役割→作画	小野洋一郎	オノヨウイチロウ	
saikyou-shoku-ryuukishi-kara-shokyuu-shoku-hakobiya-ni-natta-noni-naze-yuushatachi-kara	最強職《竜騎士》から初級職《運び屋》になったのに、なぜか勇者達から頼られてます@comic	原作+	あまうい白一	アマウイシロイチ	
saikyou-shoku-ryuukishi-kara-shokyuu-shoku-hakobiya-ni-natta-noni-naze-yuushatachi-kara	最強職《竜騎士》から初級職《運び屋》になったのに、なぜか勇者達から頼られてます@comic	役割→作画	幸路	ユキジ	
saishin-doraemon-himitsu-hyakka	最新ドラえもんひみつ百科	原作+	藤子・F・不二雄	フジコフジオF	
sakamoto-ryouma	坂本龍馬	原作+	山岡荘八	ヤマオカソウハチ	
sakamoto-sensei-wa-nigedashitai	坂本先生は逃げ出したい!	原作+	更伊俊介	サライシュンスケ	
sakanai-hana-ni-mizu-yari	咲かない花に水やり	役割→作画	yoshi		
sakugan	サクガン	原作+	「サクガン」製作委員会		
sakura-no-mori-no-mankai-no-shita-2009	桜の森の満開の下	原作+	坂口安吾	サカグチアンゴ	
sakura-no-mori-no-mankai-no-shita-2009	桜の森の満開の下	役割→作画	近藤ようこ	コンドウヨウコ	
sakura-quest	サクラクエスト	原作+	Alexandre S.D. Celibidache		
sakura-sevens	サクラセブンズ	原作+	工藤晋	クドウシン	
sakurako-san-no-ashimoto-niwa-shitai-ga-umatte-iru	櫻子さんの足下には死体が埋まっている	原作+	太田紫織	オオタシオリ	
salaryman-no-fushigi-na-dungeon	サラリーマンの不死戯なダンジョン	役割→作画	Tuesday		
sanada-taiheiki	真田太平記	原作+	池波正太郎	イケナミショウタロウ	
sangoku-rensenki-koutou-no-hanayome	三国恋戦記 江東の花嫁	原作+	Daisy²		
sangoku-rensenki	三国恋戦記〜とこしえの華墨〜	原作+	Daisy²		
sanjissai-batsuichi-mushoku-sakaba-hajimemasu	三十歳バツイチ無職、酒場はじめます。	原作+	久部緑郎	クベロクロウ	
sanmusu-girls-battle-buutorogu-za-comic	サン娘(ムス)～Girl's Battle Bootlog THE COMIC	原作+	矢立肇	ヤダテハジメ	
sasen-sareta-munou-ouji-wa-jitsuryoku-o-kakushitai	左遷された無能王子は実力を隠したい	役割→作画	七桃りお	ナナモモリオ	
satsu-recruit	サツリクルート	原作+	MITA		
satsubatsu-share-life	殺伐シェアライフ	原作+	魚介忘太		
satsujin-auction	殺人オークション	原作+	八頭道尾	ヤズミチオ	
satsujin-genba-wa-kumo-no-ue	殺人現場は雲の上	役割→作画	佳弥	カヤ	
satsujin-muzai	殺人無罪	原作+	熊谷純	クマガイジュン	
satsujin-shoshinsha	殺人初心者	原作+	秦建日子	ハタタケヒコ	
satsuriku-morph	殺戮モルフ	原作+	外薗昌也	ホカゾノマサヤ	
savage-fang-ojou-sama	サベージファングお嬢様	役割→作画	午子		
sayonara-no-asa-ni-yakusoku-no-hana-o-kazarou	さよならの朝に約束の花をかざろう	原作+	Iorph		
sayounara-ryuusei-konnichiwa-jinsei	さようなら竜生、こんにちは人生	原作+	永島ひろあき		
scared	スカアレッド	原作+	熊谷純	クマガイジュン	
sd-gundam-musha-maruden-3	SD頑駄無 武者○伝3	原作+	鎧王エンターテインメント		
sea-glass	シーグラス	原作+	Ark Performance		
sego-don	西郷どん!	原作+	林真理子	ハヤシマリコ	
seifuku-aventure	制服あばんちゅーる	原作+	さぬいゆう	サヌイユウ	
seifuku-no-ragnarok	制服のラグナロク	原作+	緑川光		
seiheki-sakuragaoka	聖へき†桜ケ丘	原作+	里好	サトヨシミ	
seija-musou	聖者無双	原作+	ブロッコリーライオン	ブロッコリーライオン	
seijaku-no-tsuki	静寂の月	原作+	姉村アネム	アネムラアネム	
seijo-ni-nante-narimasen	聖女になんてなりませんっ!	役割→作画	永倉早	ナガクラサキ	
seijo-ni-naru-node-nidome-no-jinsei-wa-katte-ni-sasete-moraimasu	聖女になるので二度目の人生は勝手にさせてもらいます	役割→作画	小々森鵺	コゴモリヌエ	
seijo-ni-uso-wa-tsuujinai	聖女に嘘は通じない	役割→作画	浅見よう	アサミヨウ	
seijo-no-ane-desu-naze-ka-miwaku-no-koushaku-sama-ni-tsukaeru-koto-ni-narimashita	聖女の姉ですが、なぜか魅惑の公爵様に仕えることになりました	役割→作画	安康マイ	アンコウマイ	
seijo-o-kubi-ni-nattara-naze-youjoka-shite-maou-no-pet-ni-narimashita	聖女をクビになったら、なぜか幼女化して魔王のペットになりました。	役割→作画	ももやま	モモヤマ	
seikai-suru-kado	正解するカド	原作+	東映アニメーション		
seikei-joshi-kohaku	成形女子こはく	原作+	大吉		
seikenou-shiguriido	聖剣王シグリード	役割→作画	環望	タマキノゾム	
seikentsukai-no-world-break	聖剣使いの禁呪詠唱	原作+	あわむら赤光	アワムラアカミツ	
seikishi-ni-nattakedo-danchou-no-oppai-ga-sugosugite-kokoro-ga-kiyomerarenai	聖騎士になったけど団長のおっぱいが凄すぎて心が清められない	役割→作画	川喜田ミツオ	カワキタミツオ	
seirei-gensouki	精霊幻想記	原作+	北山結莉	キタヤマユウリ	
seireitachi-no-rakuen-to-risou-no-isekai-seikatsu	精霊達の楽園と理想の異世界生活	原作+	たむたむ	タムタム	
seireitachi-no-rakuen-to-risou-no-isekai-seikatsu	精霊達の楽園と理想の異世界生活	役割→作画	早見みすず	ハヤミミスズ	
seisanshoku-o-kiwamesugitara-densetsu-no-buki-ga-ore-no-yome-ni-narimashita	生産職を極め過ぎたら伝説の武器が俺の嫁になりました	役割→作画	神武ひろよし	コウタケヒロヨシ	
seishou-no-otome	聖鐘の乙女	原作+	本宮ことは		
seishun-butayarou-wa-banii-girl-senpai-no-yume-o-minai	青春ブタ野郎はバニーガール先輩の夢を見ない	原作+	鴨志田一	カモシダハジメ	
seishun-butayarou-wa-puchi-devil-kouhai-no-yume-o-minai	青春ブタ野郎はプチデビル後輩の夢を見ない	原作+	鴨志田一	カモシダハジメ	
seishun-butayarou-wa-yumemiru-shoujo-no-yume-o-minai	青春ブタ野郎はゆめみる少女の夢を見ない	役割→作画	えらんと	エラント	
seishun-kijinden-240-o-gakuen	青春奇人伝!240学園	役割→作画	柴もち	シバモチ	
seishun-soukanzu	青春相関図	原作+	廣瀬俊	ヒロセシュン	
seitokai-fukukaichou-yagami-sayuri-wa-ganbatte-iru	生徒会副会長矢上さゆりは頑張っている!	原作+	稲光伸二	イナミツシンジ	
seitokai-tantei-kirika	生徒会探偵キリカ	役割→作画	Yui		
seiyaku-no-furonto-line	誓約のフロントライン	原作+	鈴木鈴	スズキスズ	
seiyuu-mashimashi-club	声優ましまし倶楽部	原作+	目黒ひばり		
sekai-de-yuiitsu-no-mahoutsukai-wa-kyuutei-renkinjutsushi-toshite-shiawase-ni-narimasu-hontou-no	世界で唯一の魔法使いは、宮廷錬金術師として幸せになります※本当の力は秘密です!	役割→作画	山悠希	ヤマユウキ	
sekai-o-sukutta-eiyuu-o-sodateta-saikyou-yogensha-wa-boukensha-ni-nattemo-sekaijuu-no-deshi-kara	世界を救った英雄を育てた最強預言者は、冒険者になっても世界中の弟子から慕われてます	原作+	あまうい白一	アマウイシロイチ	
sekai-o-sukutta-eiyuu-o-sodateta-saikyou-yogensha-wa-boukensha-ni-nattemo-sekaijuu-no-deshi-kara	世界を救った英雄を育てた最強預言者は、冒険者になっても世界中の弟子から慕われてます	役割→作画	安住たかひろ	アズミタカヒロ	
sekai-saikyou-no-shinjuu-tsukai	世界最強の神獣使い	役割→作画	鷹条色s	タカジョウカラーズ	
sekai-saisoku-no-level-up	世界最速のレベルアップ	役割→作画	鈴見敦	スズミアツシ	
sekai-seifuku-bouryaku-no-zuvizudaa	世界征服 謀略のズヴィズダー	原作+	hunting cap brothers		
sekigan-no-shoujo	隻眼の少女.	役割→作画	pikomaro		
sekitou	赤橙	原作+	大部慧史		
selection-project	Selection project	原作+	SELECTION PROJECT		
selector-infected-wixoss-peeping-analyze	selector infected WIXOSS -peeping analyze-	原作+	LRIG		
senetsunagara-koutei-kouho-o-kyouiku-shimasu-tadashi-koukyuuiri-wa-itashimasen	僭越ながら、皇帝〈候補〉を教育します ただし、後宮入りはいたしません	役割→作画	霜月星良	シモツキセイラ	
sengoku-basara-rendetsu	戦国BASARA烈伝	原作+	カプコン	カプコン	
sengoku-gedouden-rooka-arooka	戦国外道伝ローカ=アローカ	原作+	佐藤将	サトウショウ	
sengoku-jieitai-2014	戦国自衛隊	原作+	半村良	ハンムラリョウ	
sengoku-koihime-otome-kenran-sengoku-emaki	戦国†恋姫 ～乙女絢爛☆戦国絵巻～	原作+	BaseSon		
sengoku-night-blood	戦刻ナイトブラッド	原作+	『戦刻ナイトブラッド』プロジェクト		
sengoku-shinsengumi	戦国新撰組	原作+	富沢義彦	トミサワヨシヒコ	
senjou-no-kizuna	戦場の絆	役割→作画	居村真二		
senka-no-okite	戦火の掟	役割→作画	居村真二		
senmu-ga-watashi-o-otte-kuru	専務が私を追ってくる!	原作+	坂井志緒	サカイシオ	
senran-kagura-guren-no-uroboros	閃乱カグラ 紅蓮の蛇	原作+	高木謙一郎	タカキケニチロウ	
senritsu-no-majutsushi-to-goteijuu	戦慄の魔術師と五帝獣	役割→作画	日野入緒	ヒノイリオ	
sensou-to-comic	戦争とコミック	役割→作画	青柳裕介	アオヤギユウスケ	
sentouin-haken-shimasu	戦闘員、派遣します!	役割→作画	鬼麻正明	キアサマサアキ	
setsuna-no-fuukei	刹那の風景	役割→作画	寺里甘	テラサトカン	
setsunasa-wa-aeka-ni-hibiku	刹那さはあえかに響く	原作+	山葵トロ		
seven-days	セブンデイズ	原作+	橘紅緒	タチバナベニオ	
seven-days	セブンデイズ	役割→作画	宝井理人	タカライリヒト	
sex-elite	セックスエリート	役割→作画	そのさなえ		
sex-elite	セックスエリート	役割→作画	浜田ゆう	ハマダユウ	
sex-elite	セックスエリート	役割→作画	本条るう	ホンジョウルウ	
sex-elite	セックスエリート	役割→作画	川島れいこ	カワシマレイコマンガカ	
sex-elite	セックスエリート	役割→作画	伊藤チカ	イトウチカ	
shaba-no-futsuu-wa-muzukashii	シャバの「普通」は難しい	原作+	中村颯希	ナカムラサツキ	
shachiku-dungeon-darake-no-sekai-de-koyuu-skill-gouyoku-o-te-ni-irete-saikyou-no-baransu-bureekaa	社畜、ダンジョンだらけの世界で固有スキル『強欲』を手に入れて最強のバランスブレーカーになる	役割→作画	拓平		
shachiku-ga-isekai-ni-tobasareta-to-omottara-white-kigyou-datta	社畜が異世界に飛ばされたと思ったらホワイト企業だった	原作+	結城鹿介		
shachiku-ga-isekai-ni-tobasareta-to-omottara-white-kigyou-datta	社畜が異世界に飛ばされたと思ったらホワイト企業だった	役割→作画	髭乃慎士	ヒゲノシンシ	
shachiku-kishi-ga-esu-rank-boukensha-ni-hirowarete-himo-ni-naru-hanashi	社畜騎士がSランク冒険者に拾われてヒモになる話	役割→作画	chiYOMI		
shadoubaasu-arisa-deyuerubaasu	SHADOWVERSEありさデュエルバース	原作+	Cygames		
shakkin-reijou-to-yamikin-ouji-no-gokuama-hensai-life	借金令嬢と闇金王子の極甘返済ライフ!	役割→作画	蝶らら		
shamozamurai	軍鶏侍	原作+	野口卓		
shanai-shokeinin	社内処刑人	原作+	タナカトモ		
shanai-shokeinin	社内処刑人	役割→作画	つかさき有	ツカサキユウ	
share-house-nile	シェアハウス・ナイル	役割→作画	泥川恵		
she-is-beautiful	she is beautiful	原作+	江坂純		
she-is-beautiful	she is beautiful	役割→作画	凸ノ高秀	トツノタカヒデ	
shi-ni-modori-subete-o-sukuu-tame-ni-saikyou-eto-itaru-attomaaku-comic	死に戻り、全てを救うために最強へと至る@comic	役割→作画	太田羊羹	オオタヨウカン	
shi-no-mori-no-majo-ha-ai-o-shiranai	死の森の魔女は愛を知らない	役割→作画	トボ	トボ	
shibuya-daisensou	SHIBUYA大戦争	原作+	俵家宗弖一	タワラヤソウデス	
shichi-ha-gojuuroku	シチハゴジュウロク	原作+	工藤哲孝		
shiitagerareta-hime-desu-ouji-sama-no-noroi-o-toite-shiawase-ni-narimasu	虐げられた姫ですが王子様の呪いを解いて幸せになります	役割→作画	らむだ		
shijou-saikou-no-tensai-renkinjutsushi-wa-sorosoro-intai-shitai	史上最高の天才錬金術師はそろそろ引退したい	原作+	御子柴奈々		
shijou-saikou-no-tensai-renkinjutsushi-wa-sorosoro-intai-shitai	史上最高の天才錬金術師はそろそろ引退したい	役割→作画	御波シンヤ	ミナミシンヤ	
shijou-saikyou-no-kyuutei-tamer	史上最強の宮廷テイマー	役割→作画	天城五寸釘	アマキゴスンクギ	
shikabane-channel	屍チャンネル	役割→作画	棚橋なもしろ	タナハシナモシロ	
shikakenin-fujieda-baian-saitou2002	仕掛人藤枝梅安	原作+	池波正太郎	イケナミショウタロウ	
shikkakumon-no-saikyou-kenja	失格紋の最強賢者	原作+	進行諸島	シンコウ ショトウ	
shima-kousaku-no-file	島耕作の事件簿	原作+	樹林伸	キバヤシシン	
shimoneta-to-iu-gainen-ga-sonzaishinai-taikutsuna-sekai-man-hen	下ネタという概念が存在しない退屈な世界マン●篇	原作+	赤城大空	アカギヒロタカ	
shin-ashita-tenki-ni-naare	新あした天気になあれ	原作+	信田朋嗣	ノブタトモジ	
shin-maido-osawagase-shimasu	新・毎度おさわがせします	原作+	畑嶺明	ハタミネアキ	
shin-maido-osawagase-shimasu	新・毎度おさわがせします	役割→作画	杉森建	スギモリケン	
shin-no-jitsuryoku-wa-girigiri-made-kakushite-iyou-to-omou	真の実力はギリギリまで隠していようと思う	役割→作画	亀小屋サト	カメゴヤサト	
shin-no-nakama-ja-nai-to-yuusha-no-party-o-oidasareta-node-henkyou-de-slow-life-suru-koto-ni	真の仲間じゃないと勇者のパーティーを追い出されたので、辺境でスローライフすることにしました	原作+	ざっぽん	ザッポン	
shin-no-nakama-ni-narenakatta-ohime-sama-wa-henkyou-de-surooraifu-suru-koto-ni-shimashita	真の仲間になれなかったお姫様は、辺境でスローライフすることにしました	役割→作画	東大路ムツキ	ヒガシオオジムツキ	
shin-no-seijo-de-aru-watashi-wa-tsuihousareta-saremashita-dakara-kono-kuni-wa-mou-owari-desu	真の聖女である私は追放されました。だからこの国はもう終わりです	役割→作画	松もくば	マツモクバ	
shin-no-yasuragi-wa-konoyo-ni-naku	真の安らぎはこの世になく	役割→作画	藤村緋二	フジムラアケジ	
shin-onna-kudouden-rei	新女苦道伝れい	原作+	信田朋嗣	ノブタトモジ	
shin-shanghai-epikyurian	新上海エピキュリアン	原作+	雨ノ森斑葉		
shin-souta-no-houchou	新・蒼太の包丁	原作+	末田雄一郎	スエダユウイチロウ	
shin-tsurikichi-itchokusen	新・釣りキチ一直線	原作+	日比茂樹		
shinai-naru-boku-e-satsui-o-komete	親愛なる僕へ殺意をこめて	原作+	井龍一	イノリュウハジメ	
shinariodoori-ni-taijou-shita-noni-imasara-nanno-goyou-desuka	シナリオ通りに退場したのに、いまさらなんの御用ですか?	原作+	真弓りの		
shindou-sephilia-no-gekokujou-program	神童セフィリアの下剋上プログラム	原作+	足高たかみ		
shindou-yuusha-to-maid-onee-san	神童勇者とメイドおねえさん	役割→作画	上杉響士郎	ウエスギキョウシロウ	
shine-post	シャインポスト	役割→作画	かわせみまきこ	カワセミマキコ	
shingan-no-yuusha	神眼の勇者	役割→作画	白瀨岬	シラセミサキ	
shingeki-kyojin-koukou	進撃!巨人高校	原作+	諫山創	イサヤマハジメ	
shingeki-no-bahamut-manaria-friends	神撃のバハムート マナリアフレンズ	原作+	Cygames		
shingeki-no-bahamut-misutarushia-saga	神撃のバハムート ミスタルシアサーガ	原作+	Cygames		
shingeki-no-bahamut-twin-heads	神撃のバハムートTWIN HEADS	原作+	Cygames		
shingeki-no-kyojin-lost-girls	進撃の巨人LOST GIRLS	原作+	諫山創	イサヤマハジメ	
shinikake-akuyaku-reijou-no-shissou	死にかけ悪役令嬢の失踪	役割→作画	ささきさ		
shinimodori-no-mahou-gakkou-seikatsu-o-moto-koibito-to-puroroogu-kara	死に戻りの魔法学校生活を、元恋人とプロローグから	原作+	六つ花えいこ		
shinimodori-no-mahou-gakkou-seikatsu-o-moto-koibito-to-puroroogu-kara	死に戻りの魔法学校生活を、元恋人とプロローグから	役割→作画	白川蟻ん	シラカワギン	
shining-1999	シャイニング	役割→作画	バロン吉元	バロン ヨシモト	
shinitagari-no-kanzen-hanzai-to-heya-ni-furu-shichijimae-no-ame	死にたがりの完全犯罪と部屋に降る七時前の雨@COMIC	役割→作画	りんぱ	リンパ	
shinitakunai-node-zenryoku-de-kobitara-dekiai-saremashita	死にたくないので、全力で媚びたら溺愛されました!	役割→作画	ムネヤマヨシミ		
shinju-no-nectar	神呪のネクタール	原作+	吉野弘幸	ヨシノヒロユキ	
shinkai	SHINKAI	原作+	金成陽三郎	カナリヨウザブロウ	
shinogigoroshi	シノギゴロシ	原作+	山田一文		
shinrigaku-wa-yaku-ni-tatanai	心理学は役に立たない!?	原作+	ゆうきゆう	ユウキユウ	
shinseiki-evangerion-koutetsu-no-girlfriend-2nd	新世紀エヴァンゲリオン 鋼鉄のガールフレンド2nd	原作+	GAINAX		
shinseiki-evangerion	新世紀エヴァンゲリオン	原作+	GAINAX		
shinsou-idol-ryuushutsu-jikenshi	真相!アイドル流出事件史	役割→作画	小川浩司		
shinsou-idol-ryuushutsu-jikenshi	真相!アイドル流出事件史	役割→作画	前田俊夫	マエダトシオ	
shinsou-idol-ryuushutsu-jikenshi	真相!アイドル流出事件史	役割→作画	永坂ヒロフミ	ナガサカヒロフミ	
shinsou-idol-ryuushutsu-jikenshi	真相!アイドル流出事件史	役割→作画	河岸キョウタロウ		
shinsou-idol-ryuushutsu-jikenshi	真相!アイドル流出事件史	役割→作画	工藤ケン	クドウケン	
shinsou-idol-ryuushutsu-jikenshi	真相!アイドル流出事件史	役割→作画	村松麻由	ムラマツマユ	
shinsou-idol-ryuushutsu-jikenshi	真相!アイドル流出事件史	役割→作画	寝猫		
shinsou-idol-ryuushutsu-jikenshi	真相!アイドル流出事件史	役割→作画	渡辺やよい	ワタナベヤヨイ	
shinsou-idol-ryuushutsu-jikenshi	真相!アイドル流出事件史	役割→作画	富沢みどり	トミザワミドリ	
shinsou-mahou-shoujo-howling-moon	神装魔法少女ハウリングムーン	原作+	サイトウケンジ	サイトウケンジ	
shinsou-mobile-angel-sukaruputaa	神装起動エンジェルスカルプター	原作+	J.Livingston		
shintouki	神統記	原作+	谷舞司	タニマイツカサ	
shintouki	神統記	役割→作画	青山俊介	アオヤマシュンスケ	
shinya-tensai-bakabon	深夜!天才バカボン	原作+	赤塚不二夫	アカツカフジオ	
shio-no-machi	塩の街	原作+	有川ひろ		
shippo-no-koe	しっぽの声	原作+	夏緑	ナツミドリ	
shiroi-kyotou	白い巨塔	原作+	山崎豊子	ヤマザキトヨコ	
shiroi-majo-utsukushiki-sniper	白い魔女 美しきスナイパー	原作+	永川成基	ナガカワナルキ	
shiroi-suna-no-aquatope	白い砂のアクアトープ	原作+	projectティンガーラ		OVR
shiroihon	白異本	原作+	外薗昌也	ホカゾノマサヤ	
shiroki-otome-no-jinrou	白き乙女の人狼	役割→作画	アジイチ		
shirokuma-tensei	シロクマ転生	原作+	三島千廣		
shisha-no-teikoku	屍者の帝国	原作+	円城塔		
shisha-no-teikoku	屍者の帝国	原作+	伊藤計劃		
shitennou-saijaku-datta-ore	四天王最弱だった俺。	原作+	謙虚なサークル	ケンキョナサークル	
shitomeya-kagyou-asami	仕留屋稼業あさみ	原作+	辻堂ジン	ツジドウジン	
shitsuren-go-kenaku-datta-osananajimi-ga-satou-gashi-mitai-ni-amai	失恋後、険悪だった幼なじみが砂糖菓子みたいに甘い	役割→作画	長谷川三時	ハセガワサンジ	
shitsuren-misui	失恋未遂	原作+	イアム	イアム	
shitsuren-misui	失恋未遂	役割→作画	高宮ニカ	タカミヤニカ	
shokei-sareta-seijo-wa-shiryou-to-natte-maimodoru	処刑された聖女は死霊となって舞い戻る	役割→作画	蚊	カ	
shokubutsu-monster-musume-nikki	植物モンスター娘日記	役割→作画	ぐう	グウ	
shokugeki-no-sanji	食戟のサンジ	役割→作画	佐伯俊	サエキシュン	
shokuryou-jinrui	食糧人類	原作+	蔵石ユウ	クライシユウ	
shokuryou-kyoushitsu	喰猟教室	原作+	ウェルザード	ウェルザード	
shokushu-majutsushi-no-nariagari	触手魔術師の成り上がり	役割→作画	夜桜エレル	ヨザクラエレル	
shop-skill-sae-areba-danjonka-shita-sekai-demo-rakushou-da	『ショップ』スキルさえあれば、ダンジョン化した世界でも楽勝だ	役割→作画	たのそ	タノソ	
shoubou-joshi	消防女子!!	原作+	佐藤青南	サトウセイナン	
shoudoubutsu-kei-reijou-wa-koori-no-ouji-ni-dekiai-dekiaisareru	小動物系令嬢は氷の王子に溺愛される	役割→作画	佐和井ムギ		
shougeki-wa-bougyo-shitsutsu-kaesu-noga-touzendesu	衝撃は防御しつつ返すのが当然です	役割→作画	水玉	ミズタマ	
shoujo-ee-no-higeki	少女Aの悲劇	原作+	中村力斗	ナカムラリキト	
shoujo-fujuubun	少女不十分	原作+	西尾維新	ニシオイシン	
shoujo-kageki-revuyuu-sutaa-light-oobaachua	少女☆歌劇レヴュースタァライトオーバーチュア	原作+	ブシロード	ブシロード	
shoujo-kageki-revuyuu-sutaa-light-oobaachua	少女☆歌劇レヴュースタァライトオーバーチュア	原作+	キネマシトラス	キネマシトラス	
shoujo-kakumei-utena-after-za-revolution	少女革命ウテナAfter The Revolution	原作+	ビーパパス	ビーパパス	
shoujo-wa-shoka-no-umi-de-nemuru	少女は書架の海で眠る	原作+	支倉凍砂	ハセクライスナ	
shoujo-za-wairuzu	少女・ザ・ワイルズ	原作+	HUN		
shoujotachi-wa-kouya-o-mezasu	少女たちは荒野を目指す	原作+	みなとそふと	みなとそふと	
shouki-no-gas-masquerade	瘴気のガスマスカレイド	原作+	水城水城	ミズシロミズキ	
shoukinkubi	賞金首	原作+	大黒暦		
shounen-ashibe-goo-goo-goma-chan	少年アシベGO!GO!ゴマちゃん	原作+	森下裕美	モリシタヒロミ	
shounen-shoujo-akatsuki-2016	症年症女	原作+	西尾維新	ニシオイシン	
shoushin-koushaku-reijou-layla-no-touhikou	傷心公爵令嬢レイラの逃避行	役割→作画	あるてぃ		
shouwa-ichidai-onna	昭和一代女	原作+	梶原一騎	カジワライッキ	
shunkan-tantei-hirameki-hayao	瞬間探偵平目木駿	原作+	道尾秀介	ミチオシュウスケ	
shussei-to-sokai-soshite-sengo	出征と疎開そして戦後	原作+	あべ善太	アベゼンタ	
shussei-to-sokai-soshite-sengo	出征と疎開そして戦後	原作+	石野径一郎		
shussei-to-sokai-soshite-sengo	出征と疎開そして戦後	原作+	高橋遠州	タカハシエンシュウ	
shussei-to-sokai-soshite-sengo	出征と疎開そして戦後	原作+	矢島正雄	ヤジママサオ	
shussei-to-sokai-soshite-sengo	出征と疎開そして戦後	原作+	野坂昭如	ノサカアキユキ	
shuuchaku-bengoshi-no-ai-ga-omosugiru	執着弁護士の愛が重すぎる	役割→作画	春乃まい		
shuujin-to-kami-hikouki	囚人と紙飛行機	役割→作画	紅村岬		
shuukyoku-engage	終極エンゲージ	原作+	江藤俊司	エトウシュンジ	
shuukyoku-no-ueibaazu	終極のWAVERS	原作+	崔海雄	サイウミオ	
shuumatsu-no-harem	終末のハーレム	原作+	LINK		
shuumatsu-no-tenki	終末の天気	原作+	作元健司	サクモトケンジ	
shuumatsu-no-valkyrie	終末のワルキューレ	原作+	梅村真也	ウメムラシンヤ	
shuumatsu-no-valkyrie	終末のワルキューレ	役割→作画	アジチカ	アジチカ	
sidekick-fighting-rule	サイドキック☆ファイティングルール	原作+	ナズカトキオ		
signal-100	シグナル100	原作+	宮月新	ミヤツキシン	
siren-rebirth	SIREN ReBIRTH	原作+	ソニー・インタラクティブエンタテインメント		
skill-kantei-ni-mezameta-node-akogare-no-kyonyuu-uketsukejou-o-kantei-shitara-maou-de-paddo-datta	スキル『鑑定』に目覚めたので、憧れの巨乳受付嬢を鑑定したら魔王でパッドだった件	役割→作画	妖精もちさん		
skill-rendaa-no-torikaeshi	技巧貸与(スキル・レンダー)のとりかえし	役割→作画	小山ナオト	コヤマナオト	
skill-rich-world-online	スキルリッチ・ワールド・オンライン	原作+	唖鳴蝉		
skill-saisei-to-hakai-kara-hajimaru-saikyou-boukensha-life	スキル〈再生〉と〈破壊〉から始まる最強冒険者ライフ	役割→作画	華尾ス太郎	ハナオスタロウ	
slime-taoshite-300-nen-shiranai-uchi-ni-level-max-ni-nattemashita	スライム倒して300年、知らないうちにレベルmaxになってました	原作+	森田季節	モリタキセツ	
slow-heights-no-kami-sama	スロウハイツの神様	原作+	辻村深月	ツジムラミズキ	
smoke-water	SMOKE ＆ WATER	原作+	青木潤太朗	アオキジュンタロウ	
sokuhi-shigan	側妃志願!	原作+	雪永真希		
sokushi-cheat-ga-saikyou-sugite-isekai-no-yatsura-ga-marude-aite-ni-naranaindesuga-alpha-omega	即死チートが最強すぎて、異世界のやつらがまるで相手にならないんですが。-ΑΩ-	原作+	藤孝剛志	フジタカツヨシ	
sokushi-cheat-ga-saikyou-sugite-isekai-no-yatsura-ga-marude-aite-ni-naranaindesuga-alpha-omega	即死チートが最強すぎて、異世界のやつらがまるで相手にならないんですが。-ΑΩ-	原作+	成瀬ちさと	ナルセチサト	
sokushi-to-hametsu-no-saijaku-majutsushi	即死と破滅の最弱魔術師	役割→作画	さみ	サミ	
sono-akujo-ni-ki-o-tsukete-kudasai	その悪女に気をつけてください	役割→作画	Blue Canna		
sono-dekiai-hansoku-desu	その溺愛、反則です!	原作+	立花実咲	タチバナミサキ	
sono-me-de-shikkari-daite-oke	その目でしっかり抱いておけ	役割→作画	yoshi		
sono-mono-nochi-ni	その者。のちに…	原作+	三弥カズトモ	ミヤカズトモ	
sono-mono-nochi-ni	その者。のちに…	原作+	ナハァト		
sono-munou-jitsu-wa-sekai-saikyou-no-mahoutsukai	その無能、実は世界最強の魔法使い	役割→作画	三川彡	ミツカワサン	
sono-voice-yuuryou-desuka	そのボイス、有料ですか?	原作+	さなだはつね		
sonoda-no-uta	園田の歌	原作+	渡邊ダイスケ	ワタナベダイスケ	
sonohi-sekai-wa-owaru	その日世界は終わる	原作+	海野つなみ	ウミノツナミ	
sora-2007	空	原作+	Chaco		
sora-yorimo-tooi-basho	宇宙(そら)よりも遠い場所	原作+	よりもい		
sora-yorimo-tooi-basho	宇宙(そら)よりも遠い場所	役割→作画	宵町めめ	ヨイマチメメ	
sorairo-flutter	そらいろフラッター	原作+	おくら	オクラ	
soratobu-taiya	空飛ぶタイヤ	原作+	池井戸潤	イケイドジュン	
sore-ga-seiyuu	それが声優!	原作+	あさのますみ	あさのますみ	
sore-ga-sekai-no-futsuu-ni-naru	それが世界のフツーになる	原作+	綾奈ゆにこ	アヤナユニコ	
sorehodo-hima-dewa-arimasen	それほど暇ではありません。	原作+	尾高純一	オダカジュンイチ	
sorekara-no-sangokushi	それからの三国志	原作+	内田重久		
soreyukeisekaichiitomajutsushimajishan	それゆけ!異世界チート魔術師(マジシャン)	原作+	内田健	ウチダタケル	
soubiwaku-zero-no-saikyou-kenshi	装備枠ゼロの最強剣士	役割→作画	鷹嶋大輔	タカシマダイスケ	
soujiya-cross-reido	葬除屋×RAID	原作+	生田さやか		
soujiya-kee	掃除屋K	役割→作画	HSS		
soukuu-no-maou-rudel	蒼空の魔王ルーデル	原作+	永川成基	ナガカワナルキ	
soukuu-no-maou-rudel	蒼空の魔王ルーデル	役割→作画	かたやままこと		
soukyuu-boys	送球ボーイズ	原作+	フウワイ	フウワイ	
soukyuu-no-fafunaa-2005	蒼穹のファフナー	原作+	XEBEC		
soukyuu-no-fafunaa	蒼穹のファフナー	原作+	XEBEC		
soul-drop-no-yuutai-kenkyuu	ソウルドロップの幽体研究	原作+	上遠野浩平	カドノコウヘイ	
sounan-desuka	ソウナンですか?	原作+	岡本健太郎	オカモトケンタロウ	
sousei-mahou-no-saigensha	創成魔法の再現者	役割→作画	うさとる	ウサトル	
souseki-file	漱石事件簿	原作+	古山寛	フルヤマヒロシ	
souseki-file	漱石事件簿	役割→作画	ほんまりう	ほんまりう	
souten-no-ken-regenesis	蒼天の拳リジェネシス	原作+	原哲夫	ハラテツオ	
souten-no-ken-regenesis	蒼天の拳リジェネシス	役割→作画	辻秀輝	ツジヒデキ	
souun-no-gunbaisha	早雲の軍配者	役割→作画	ちさかあや		
souzou-mahou-o-oboete-bannou-de-saikyou-ni-narimashita	〈創造魔法〉を覚えて、万能で最強になりました。	役割→作画	じょんたろう	ジョンタロウ	
souzou-renkinjutsushi-wa-jiyuu-o-ouka-suru	創造錬金術師は自由を謳歌する	役割→作画	姫乃タカ	ヒメノタカ	
sozai-saishuka-no-isekai-ryokouki	素材採取家の異世界旅行記	原作+	木乃子増緒	キノコマスオ	
spirit-jump	スピリット・ジャンプ	原作+	オウム出版広報編集部		
spirit-jump	スピリット・ジャンプ	役割→作画	Aum mat studio		
spirit-migration	スピリット・マイグレーション	原作+	ヘロー天気	ヘロー テンキ	
sta-pura-ng	スタ + プラ!NG♪	原作+	長谷見沙貴	ハセミサキ	
stalker-jokers	ストーカー浄化団	原作+	オオガヒロミチ		
stalker-koui-ga-barete-jinsei-shuuryouotoko	ストーカー行為がバレて人生終了男	原作+	門馬司	モンマツカサ	
star-twinkle-precure	スター☆トゥインクルプリキュア	役割→作画	上北ふたご		
starmyu-stardusts-dream	スタミュStardust's Dream	原作+	ひなた凛		
starting-gate	STARTING GATE!	原作+	Cygames		
starting-gate	STARTING GATE!	役割→作画	S. 濃すぎ		
steins-gate-0	STEINS;GATE 0	原作+	MAGES. Chiyo St.Inc.		
steins-gate-2011	しゅたいんず・げーと!	原作+	5pb.		OVR
stellar-theater	Stellar・theater	原作+	Rosebleu		
stellar-theater	Stellar・theater	役割→作画	わき	わき	
sub-ten	サブテン!	原作+	神先史土	カンザキシド	
subarashikikana-jinsei-futatabi-tomorou	すばらしきかな人生-ふたたび友郎-	原作+	北原雅紀		
subarashikikana-jinsei-masami	すばらしきかな人生-まさみ-	原作+	香川まさひと		
subete-ga-f-ni-naru-mori-2015	すべてがFになる	原作+	森博嗣	モリヒロシ	
suchuwaadesu-kanako-no-himitsu	スチュワーデス・加奈子のひみつ	原作+	桂千穂	カツラチホ	
sugar-apple-fairy-tale	シュガーアップル・フェアリーテイル	役割→作画	夜空のうどん	ヨゾラ ノ ウドン	
suisei-no-gargantia-meguru-kouro-haruka	翠星のガルガンティア -めぐる航路、遥か-	原作+	オケアノス	オケアノス	
suitei-nenrei-120-sai-kao-mo-shiranai-konyakusha-ga-jitsu-wa-chouzetsu-bikei-deshita	推定年齢120歳、顔も知らない婚約者が実は超絶美形でした。	役割→作画	茜音かや		
sukoyaka-naru-toki-mo-kakeru-toki-mo	健やかなるときも賭けるときも	役割→作画	野口こゆり		
sukuwanakya-dame-desuka-isekai	救わなきゃダメですか?異世界	役割→作画	タイジロウ	タイジロウ	
sumairingu	スマイリング!	原作+	土橋章宏	ドバシアキヒロ	
sumi-de-ii-desu-kamawanai-de-kudasaiyo	隅でいいです。構わないでくださいよ。	原作+	まこ	まこ	
summer-ghost	サマーゴースト	役割→作画	井ノ巳吉	イノミヨシ	
summer-salt-turn	サマー・ソルト・ターン	原作+	井龍一	イノリュウハジメ	
summer-wars-king-kazuma-vs-queen-ozu	サマーウォーズ キング・カズマvsクイーン・オズ	役割→作画	上田夢人	ウエダユメヒト	
super-cub	スーパーカブ	原作+	トネ・コーケン		
super-robot-rendetsu	スーパーロボット烈伝	役割→作画	ダイナミックプロ		
super-robot-taisen-oojii-ji-insupekutaa-record-obu-eeteiiekkusu-bad-beat-bankaa	スーパーロボット大戦OG-ジ・インスペクター-Record of ATX BAD BEAT BUNKER	原作+	SRプロデュースチーム		
super-robot-taisen-oojii-saga-ryuukoou-denki-kanketsuhen	スーパーロボット大戦OGサーガ龍虎王伝奇完結編	原作+	SRプロデュースチーム		
super-robot-taisen-oojii-saga-ryuukoou-denki-kanketsuhen	スーパーロボット大戦OGサーガ龍虎王伝奇完結編	原作+	寺田貴信		
supoon-nihongoban	SPAWN日本語版	原作+	Inc.		OVR
supoon-nihongoban	SPAWN日本語版	原作+	Todd McFarlane Productions		OVR
susumamire-no-kishi	煤まみれの騎士	役割→作画	comori		
sutamyu	高校星歌劇	原作+	ひなた凛		
suteetasu-all-infinitei	ステータス・オール∞(インフィニティ)	役割→作画	三津屋みやこ	ミトヤミヤコ	
sutegoro	ステゴロ	原作+	俵家宗弖一	タワラヤソウデス	
suteishi-yuusha-maou-no-moto-de-restart	捨て石勇者、魔王の下でリスタート	役割→作画	ヤスウミ		
suterareta-kouhi	捨てられた皇妃	原作+	Yuna		
sutoraikaa-yuuki	ストライカー!勇気	原作+	菊池勝也		
sutoraikaa-yuuki	ストライカー!勇気	役割→作画	ともながひでき	ともながひでき	
suuji-de-sukuu-jakushou-kokka	数字で救う!弱小国家	原作+	長田信織	ナガタノブオリ	
suzuran-1999	すずらん	役割→作画	いがらしゆみこ	イガラシユミコ	
sweet-bitter	スイートビター	原作+	あやぱん		
sword-art-online-alternative-gun-gale-online	ソードアート・オンラインオルタナティブ ガンゲイル・オンライン	原作+	時雨沢恵一	シグサワケイイチ	
sword-art-online-fairy-dance	ソードアートオンラインフェアリィ・ダンス	原作+	川原礫	カワハラレキ	
sword-art-online-hollow-realization	ソードアート・オンライン-ホロウ・リアリゼーション-	役割→作画	緋呂河とも	ヒロカワトモ	
sword-art-online-mother-s-rosario	ソードアート・オンライン マザーズ・ロザリオ	原作+	川原礫	カワハラレキ	
sword-art-online-progressive-houei-no-barcarole	ソードアート・オンラインプログレッシブ泡影のバルカローレ	原作+	川原礫	カワハラレキ	
sword-art-online-project-alicization	ソードアート・オンライン プロジェクト・アリシゼーション	原作+	川原礫	カワハラレキ	
sword-gai-evolve	ソードガイヱヴォルヴ	原作+	井上敏樹	イノウエトシキ	
sword-oratoria	ソード・オラトリア	役割→作画	矢樹貴	ヤギタカシ	
tabemono-no-shouka	食べ物の消化	原作+	藤子・F・不二雄	フジコフジオF	
tabemono-no-shouka	食べ物の消化	役割→作画	さいとうはるお	さいとうはるお	
tachiagare-orc-san	たちあがれ!オークさん	原作+	阿羅本景	アラモトケイ	
tada-no-shikabane-no-you-da-to-iwarete-ikuseisou-kizuitara-saikyou-no-undead-ni-natteta	ただの屍のようだと言われて幾星霜、気づいたら最強のアンデッドになってた	役割→作画	絢瀬あとり	アヤセアトリ	
taigaamasukunisei	タイガーマスク二世	役割→作画	宮田淳一	ミヤタジュンイチ	
taishi	大志	役割→作画	滝井寿紀	タキイトシキ	
takakura-kun-niwa-muzukashii	高倉くんには難しい	原作+	一條マサヒデ		
takamiya-nasuno-desu	高宮なすのです!	原作+	ルーツ	ルーツ	
tales-of-destiny-director-cut-cut-toki-no-rion	テイルズオブデスティニーディレクターズカット 儚き刻のリオン	原作+	バンダイナムコゲームス	バンダイナムコゲームス	
tales-of-vesperia-kokuu-no-kamen	テイルズオブヴェスペリア虚空の仮面	役割→作画	日森よしの	ヒモリヨシノ	
tales-of-xillia-side-jude	テイルズオブエクシリア SIDE;JUDE	原作+	バンダイナムコゲームス	バンダイナムコゲームス	
tales-of-zestiria-alisha-after-episode	Tales of Zestiria アリーシャアフターエピソード	原作+	バンダイナムコエンターテインメント	バンダイナムコエンターテインメント	
tales-of-zesuteiria-michibiki-no-toki	テイルズオブゼスティリア導きの刻	原作+	バンダイナムコエンターテインメント	バンダイナムコエンターテインメント	
tamakikku	玉キック	原作+	光永康則	ミツナガヤスノリ	
tamashii-no-tsurugi	魂の剣	原作+	竹内海四郎		
tamashii-no-tsurugi	魂の剣	役割→作画	刃森尊	ハモリタカシ	
tanaka-ke-tensei-suru	田中家、転生する。	役割→作画	加藤ミチル	カトウミチル	
tanaka	田中	原作+	ぶんころり	ブンコロリ	
tanbo-de-hirotta-onna-kishi-inaka-de-ore-no-yome-dato-omowarete-iru	田んぼで拾った女騎士、田舎で俺の嫁だと思われている	役割→作画	音羽さおり	オトハサオリ	
tange-sazen-tezuka1981	丹下左膳	原作+	林不忘	ハヤシフボウ	
tantei-chiimu-kazzu-jiken-note-kiihorudaa-wa-shitte-iru	探偵チームKZ事件ノートキーホルダーは知っている	原作+	住滝良		
tantei-chiimu-kazzu-jiken-note-kiihorudaa-wa-shitte-iru	探偵チームKZ事件ノートキーホルダーは知っている	原作+	藤本ひとみ	フジモトヒトミ	
tantei-ga-hayasugiru	探偵が早すぎる	原作+	井上真偽		
tantei-higurashi-tabito-no-kakushimono	探偵・日暮旅人の隠し物	原作+	山口幸三郎		
tantei-higurashi-tabito-no-sagashimono	探偵・日暮旅人の探し物	原作+	山口幸三郎		
tantei-higurashi-tabito-no-sagashimono	探偵・日暮旅人の探し物	役割→作画	すがはら竜		
tantei-no-tantei	探偵の探偵	原作+	松岡圭祐	マツオカケイスケ	
tantei-shoujo-arisa-no-file	探偵少女アリサの事件簿	原作+	東川篤哉	ヒガシガワトクヤ	
tantei-wa-mou-shinde-iru-za-lost-memory	探偵はもう、死んでいる。-the lost memory-	原作+	二語十		
tantei-wa-mou-shinde-iru	探偵はもう、死んでいる。	原作+	二語十		
tantei-zeno-to-nanatsu-no-satsujin-misshitsu	探偵ゼノと7つの殺人密室	原作+	七月鏡一	ナナツキキョウイチ	
tantei-zeno-to-nanatsu-no-satsujin-misshitsu	探偵ゼノと7つの殺人密室	役割→作画	杉山鉄兵	スギヤマテッペイ	
tapris-sugar-step	タプリスシュガーステップ	原作+	うかみ		
tate-no-yuusha-no-nariagari-girls-side-story	盾の勇者の成り上がり～ガールズサイドストーリー～	役割→作画	城咲綾	シロサキアヤ	
tatoeba-last-dungeon-mae-no-mura-no-shounen-ga-joban-no-machi-de-class-youna-monogatari	たとえばラストダンジョン前の村の少年が序盤の街で暮らすような物語	原作+	サトウとシオ	サトウトシオ	
tatta-hitori-no-kimi-to-nanajuuoku-no-shinigami	たった一人の君と七十億の死神	原作+	ツカサ	ツカサ	
tei-sensei	てぃ先生	原作+	てぃ先生		
teiamuun-teikoku-monogatari-dantoudai-kara-hajimaru-hime-no-tensei-gyakuten-story-attomaaku-comic	ティアムーン帝国物語～断頭台から始まる、姫の転生逆転ストーリー～@COMIC	役割→作画	杜乃ミズ	モリノミズ	
teihen-boukensha-dakedo-mahou-o-kiwametemiru-koto-ni-shita	底辺冒険者だけど魔法を極めてみることにした	役割→作画	坂野杏梨	サカノアンリ	
teihen-ryoushu-no-kanchigai-eiyuu-tan	底辺領主の勘違い英雄譚	役割→作画	ぱらボら		
teihen-suit-cheat-madoushi-ni-tenshoku-suru	底辺戦士、チート魔導師に転職する!	原作+	kimimaro		
teihen-suit-cheat-madoushi-ni-tenshoku-suru	底辺戦士、チート魔導師に転職する!	役割→作画	たしろたくや	タシロタクヤ	
teikoku-no-shinpei	帝国の神兵	原作+	草下シンヤ	クサカシンヤ	
teisou-gyakuten-sekai-no-doutei-henkyou-ryoushu-kishi	貞操逆転世界の童貞辺境領主騎士	役割→作画	柳瀬こたつ	ヤナセコタツ	
teisou-gyakuten-sekai	貞操逆転世界	原作+	天原	アマハラ	
ten-o-iru	天を射る	原作+	西荻弓絵	ニシオギユミエ	
ten-sozoro	天そぞろ	原作+	あかほり悟		
tenchi-souzou-dezainbu	天地創造デザイン部	原作+	蛇蔵	ヘビゾウ	
tenchi-souzou-dezainbu	天地創造デザイン部	原作+	鈴木ツタ	スズキツタ	
tengai-san-wa-angai-futsuu	天賀井さんは案外ふつう	原作+	城平京	シロダイラキョウ	
tengen-toppa-gurenragan-kessen-otokogumihen	天元突破グレンラガン決戦!男組編	原作+	GAINAX		
tengen-toppa-gurenragan-kessen-otokogumihen	天元突破グレンラガン決戦!男組編	原作+	中島かずき	ナカシマカズキ	
tengen-toppa-gurenragan-lagann-do-ahou-hen	天元突破グレンラガン 男どアホウ!編	役割→作画	ののやまさき	ののやまさき	
tenjiku-neppuuroku	天竺熱風録	原作+	田中芳樹	タナカヨシキ	
tenjouura-kara-douzo-yoroshiku	天井裏からどうぞよろしく	原作+	くるひなた	クルヒナタ	
tenka-hyakken-gi	天華百剣-戯-	原作+	天華百剣プロジェクト		
tenka-hyakken-shun	天華百剣-瞬-	原作+	天華百剣プロジェクト		
tenkousaki-no-seiso-karen-na-bishoujo-ga-mukashi-otoko-to-omotte-isshokenmei-ni-asonda-osananajimi	転校先の清楚可憐な美少女が、昔男子と思って一緒に遊んだ幼馴染だった件	役割→作画	大山樹奈	オオヤマキナ	
tenkuu-no-hachi	天空の蜂	原作+	東野圭吾	ヒガシノケイゴ	
tenrou-no-avalon	天牢のアヴァロン	原作+	浜村俊基		
tenryuuhai	天竜牌	原作+	杉井光	スギイヒカル	
tensai-seikeii-jin-giichirou	天才整形医・神技一郎	原作+	伊月慶悟	イズキケイゴ	
tensei-daiseijo-jitsuryoku-o-kakushite-renkinjutsu-gakka-ni-nyuugakusuru	転生大聖女、実力を隠して錬金術学科に入学する	役割→作画	Chihiro		
tensei-joou-to-tensai-reijou-no-mahou-kakumei	転生王女と天才令嬢の魔法革命	役割→作画	南高春告	ナダカハルツグ	
tensei-joou-wa-kyou-mo-flag-o-tatakioru	転生王女は今日も旗(フラグ)を叩き折る	原作+	ビス		
tensei-kenja-no-isekai-life	転生賢者の異世界ライフ	原作+	進行諸島	シンコウ ショトウ	
tensei-kizoku-no-bannou-kaitaku	転生貴族の万能開拓	役割→作画	Kuron		
tensei-kizoku-no-isekai-boukenroku	転生貴族の異世界冒険録	原作+	夜州	ヤシュウ	
tensei-koushaku-reijou-funtouki	転生侯爵令嬢奮闘記	役割→作画	屋丸やす子	ヤマルヤスコ	
tensei-majo-no-kimamana-gourmet-tabi	転生魔女の気ままなグルメ旅	原作+	茨木野	イバラキノ	
tensei-maou-no-yuusha-gakuen-musou	転生魔王の勇者学園無双	役割→作画	美澄しゅんう	ミスミシュンウ	
tensei-maou-to-ponkotsu-yuusha	転生魔王とポンコツ勇者	役割→作画	一夢	カズム	
tensei-onmyouji-kamo-kazuki-nidoto-jigoku-wa-gomen-nanode-enma-daiou-no-shinki-de-musou-shimasu	転生陰陽師・賀茂一樹～二度と地獄はご免なので、閻魔大王の神気で無双します～@COMIC	役割→作画	芳井りょう	ヨシイリョウ	
tensei-reijou-wa-go-inkyo-seikatsu-o-okuritai	転生令嬢はご隠居生活を送りたい!	役割→作画	冨月一乃	トミズキイチノ	
tensei-shichatta-yo-iya-gomen	転生しちゃったよ〈いや、ごめん〉	役割→作画	やとやにわ	やとやにわ	
tensei-shitara-dainana-ouji-datta-node-kimama-ni-majutsu-o-kiwamemasu	転生したら第七王子だったので、気ままに魔術を極めます	原作+	謙虚なサークル	ケンキョナサークル	
tensei-shitara-heimin-deshita	転生したら平民でした。	役割→作画	須藤怜	スドウレイ	
tensei-shitara-kozakana-dattakedo-ryuu-ni-nareru-rashii-node-ganbarimasu	転生したら小魚だったけど龍になれるらしいので頑張ります	役割→作画	のね	ノネ	
tensei-shitara-mob-deshita-namida-shibou-flag-o-kaihi-suru-tame-yakushi-ni-narimasu	転生したら、モブでした〈涙〉	役割→作画	橘ミズキ		
tensei-shitara-slime-datta-ken-mamono-no-kuni-no-arukikata	転生したらスライムだった件 魔物の国の歩き方	原作+	伏瀬	フセ	
tensei-shitara-slime-datta-ken	転生したらスライムだった件	原作+	伏瀬	フセ	
tensei-shite-inaka-de-slow-life-o-okuritai	転生して田舎でスローライフをおくりたい	原作+	錬金王	レンキンオウ	
tensei-shitemo-shachiku-datta-ken	転生しても社畜だった件	役割→作画	明地雫	アケチシズク	
tensei-shoujo-no-rirekisho	転生少女の履歴書	役割→作画	藤本れもち	フジモトレモチ	
tensei-tantou-megami-ga-100-nin-ita-no-de-cheat-skill-hyakko-moraeta	転生担当女神が100人いたのでチートスキル100個貰えた	役割→作画	あざらし県	アザラシケン	
tensei-yoshitsune-wa-shizuka-ni-kurashitai	転生義経は静かに暮らしたい	役割→作画	彩綺いろは	サイキイロハ	
tenseimae-wa-otoko-datta-node-gyaku-harem-wa-okotowari-shite-orimasu	転生前は男だったので逆ハーレムはお断りしております	役割→作画	森みさき	モリミサキ	
tenseisaki-ga-kiyowasugiru-hakushaku-fujin-datta	転生先が気弱すぎる伯爵夫人だった	役割→作画	卯乃米	ウノマイ	
tenseishitara-ken-deshita	転生したら剣でした	原作+	棚架ユウ		
tenshi-ga-kureta-mono	天使がくれたもの	原作+	Chaco		
tenshi-no-3p-no-3p	天使の3P!の3P!!	原作+	蒼山サグ	アオヤマサグ	
tensura-nikki	転スラ日記	原作+	伏瀬	フセ	
tesso-no-ori	鉄鼠の檻	原作+	京極夏彦	キョウゴクナツヒコ	
tezuka-osamu-marine-express	手塚治虫マリン・エクスプレス	原作+	手塚治虫	テズカオサム	
the-idolm-ster-cinderella-girls-u149	THE IDOLM@STER CINDERELLA GIRLS U149	原作+	バンダイナムコエンターテインメント	バンダイナムコエンターテインメント	
the-idolm-ster-cinderella-girls-wild-wind-girl	アイドルマスターシンデレラガールズWILD WIND GIRL	原作+	バンダイナムコエンターテインメント	バンダイナムコエンターテインメント	
the-idolm-ster-dearly-stars-innocent-blue	アイドルマスター Innocent Blue forディアリースターズ	原作+	バンダイナムコゲームス	バンダイナムコゲームス	
the-idolm-ster-dearly-stars-splash-red	アイドルマスターSplash Red forディアリースターズ	原作+	バンダイナムコゲームス	バンダイナムコゲームス	
the-idolm-ster-million-live-theater-days-lively-flowers	The idolm@ster million live! theater days lively flowers	役割→作画	凪庵	ナギアン	
the-idolm-ster	THE IDOLM@STER	役割→作画	まな	まな	
the-idolmster-million-live-theater-days-4-komashiataa-no-nichijou	The idolm@ster million live!theater days 4コマシアターの日常	役割→作画	せるげい	セルゲイ	
the-idolmster-million-live-theater-days-4-komashiataa-no-nichijou	The idolm@ster million live!theater days 4コマシアターの日常	役割→作画	ima		
the-kanou-seisaku	The・叶精作	原作+	伊月慶悟	イズキケイゴ	
the-king-of-fighters	THE KING OF FIGHTERS	原作+	SNK		
the-new-gate	THE NEW GATE	原作+	風波しのぎ	カザナミシノギ	
the-red-thread	The Red Thread	役割→作画	晴山日々子		
this-man	This Man	原作+	花林ソラ	カリンソラ	
to-aru-majutsu-no-heviina-zashikiwarashi-ga-kantanna-satsujinki-no-konkatsu-jijou	とある魔術のヘヴィーな座敷童が簡単な殺人妃の婚活事情	原作+	鎌池和馬	カマチカズマ	
to-heart-2-colorful-note	To Heart2 colorful note	役割→作画	きたうみつな	キタウミツナ	
to-heart-2	ToHeart2	役割→作画	御形屋はるか	オガタヤハルカ	
toaru-idol-no-accelerator-sama	とある偶像の一方通行さま	原作+	鎌池和馬	カマチカズマ	
toaru-mei-tantei-to-joshu-no-rabukome-teki-nichijou-tantei-wa-mou-shinde-iru	とある名探偵と助手のラブコメ的日常@探偵はもう、死んでいる。	原作+	二語十		
toaru-mei-tantei-to-joshu-no-rabukome-teki-nichijou-tantei-wa-mou-shinde-iru	とある名探偵と助手のラブコメ的日常@探偵はもう、死んでいる。	役割→作画	炒芽もやし		
toaru-nichijou-no-index-san	とある日常のいんでっくすさん	役割→作画	みじんこうか		
toaru-otsu-san-no-buiaaruemuemuoo-katsudouki	とあるおっさんのVRMMO活動記	原作+	椎名ほわほわ	シイナホワホワ	
tobaku-no-kyojin	賭博の巨人	原作+	メーブ	メーブ	
toban-sama-no-enmusubi	十番様の縁結び	役割→作画	三村たけ		
tobioriyou-to-shite-iru-joshi-joshikousei-o-tasuketara-dou-naru-no-ka	飛び降りようとしている女子高生を助けたらどうなるのか?	役割→作画	うるひこ	ウルヒコ	
togabito-no-kokuin	咎人の刻印	役割→作画	藤丸豆ノ介	フジマルマメノスケ	
toheart2-anotherdays	ToHeart2 AnotherDays	原作+	Leaf		
toheart2-anotherdays	ToHeart2 AnotherDays	役割→作画	双		
toji-no-miko	刀使ノ巫女	原作+	伍箇伝計画		
tokidoki-bosotsu-to-roshiago-de-dereru-tonari-no-aarya-san	時々ボソッとロシア語でデレる隣のアーリャさん	役割→作画	手名町紗帆	テナマチサホ	
tokushu-seiheki-kyoushitsu-e-youkoso	特殊性癖教室へようこそ	役割→作画	能呂やすとき	ノロヤストキ	
tokyo-7th-sisters	Tokyo 7th Sisters	原作+	Donuts		
tokyo-densetsu	東京伝説	原作+	平山夢明	ヒラヤマユメアキ	
tokyo-necro	凍京NECRO	原作+	ニトロプラス	ニトロプラス	
tokyo-phantom-pain	東京ファントムペイン	役割→作画	藤丸豆ノ介	フジマルマメノスケ	
tokyo-xanadu	東亰ザナドゥ	原作+	日本ファルコム	ニホンファルコムカブシキガイシャ	
tomogui	トモグイ	原作+	金沢伸明	カナザワノブアキ	
tondemo-skill-de-isekai-houroumeshi	とんでもスキルで異世界放浪メシ	原作+	江口連		
toppu-o-nerae	トップをねらえ!	役割→作画	かぼちゃ	かぼちゃ	
toraretai	撮られたい	原作+	今野杏南		
toraware-hanahime-no-shiawase-na-go-san	とらわれ花姫の幸せな誤算	役割→作画	星森スズ	ホシモリスズ	
torii-junkyouju-no-kuufuku	鳥居准教授の空腹	原作+	丸山ゴンザレス	マルヤマゴンザレス	
totsugawa-keibu-hanzai-report	十津川警部犯罪レポート	役割→作画	鳥羽笙子	トバショウコ	
touhou-sangetsusei-strange-and-bright-nature-deity	東方三月精 strange and bright nature deity	原作+	Zun		
touhou-sangetsusei-strange-and-bright-nature-deity	東方三月精 strange and bright nature deity	役割→作画	比良坂真琴	ヒラサカマコト	
touketsu-shita-pureiyaa-no-kikan	凍結したプレイヤーの帰還	役割→作画	STUDIO INUS		
toukoku-no-subaru	嶌国のスバル	原作+	小林裕和	コバヤシヒロカズマンガカ	
toushin-devilman	闘神デビルマン	原作+	永井豪	ナガイゴウ	
toushin-toshi-3	闘神都市 Ⅲ	原作+	Alice Soft		
trace-amematsu-2012	TRACE	役割→作画	雨松	アメマツ	
trickster-2016	TRICKSTER	原作+	Jordan森杉		
trinity-seven-levi-ninden	トリニティセブン レヴィ忍伝	原作+	サイトウケンジ	サイトウケンジ	
trinity-seven-liese-chronicle	トリニティセブン リーゼクロニクル	原作+	サイトウケンジ	サイトウケンジ	
trinity-seven-san	トリニティセブンさん	原作+	サイトウケンジ	サイトウケンジ	
trinity-seven-seven-days	トリニティセブンセブンデイズ	原作+	サイトウケンジ	サイトウケンジ	
tsuihousareta-bannou-mahou-kenshi-wa-koujo-denka-no-shishou-to-naru-comic	追放された万能魔法剣士は、皇女殿下の師匠となる@COMIC	役割→作画	鳴原千	ナキハラセン	
tsuihousareta-boukensha-no-yarinaoshi	追放冒険者のやりなおし	役割→作画	歌川ウタ	ウタガワウタ	
tsuihousareta-cheat-fuyo-majutsushi-wa-kimama-na-sekando-life-o-ouka-suru	追放されたチート付与魔術師は気ままなセカンドライフを謳歌する。	役割→作画	業務用餅	ギョウムヨウ モチ	
tsuihousareta-kazetsukai-renseijutsushi-to-jidaiokure-no-saikyou-mahoutsukai	追放された風使い錬成術師と時代遅れの最強魔法使い	役割→作画	山﨑千裕		
tsuihousareta-majutsushi-no-sonogo	追放魔術師のその後	役割→作画	天音ナツシロ	アマネナツシロ	
tsuihousareta-no-de-ansatsu-ikka-jikiden-no-kage-mahou-de-joou-no-goei-hajimemashita	追放されたので、暗殺一家直伝の影魔法で王女の護衛はじめました!	役割→作画	高田慎一郎	タカダシンイチロウ	
tsuihousareta-ochikobore-henkyou-de-ikinuite-s-rank-taimashi-ni-nariagaru	追放された落ちこぼれ、辺境で生き抜いてSランク対魔師に成り上がる	原作+	御子柴奈々		
tsuihousareta-ochikobore-henkyou-de-ikinuite-s-rank-taimashi-ni-nariagaru	追放された落ちこぼれ、辺境で生き抜いてSランク対魔師に成り上がる	役割→作画	水清十朗	ミズセイジュウロウ	
tsuihousareta-ore-ga-hazure-gift-honyaku-de-saikyou-party-musou-mamono-ya-mazoku-to-hanaseru	追放された俺が外れギフト『翻訳』で最強パーティー無双!～魔物や魔族と話せる能力を駆使して成り上がる～@COMIC	役割→作画	遠矢大介	トオヤダイスケ	
tsuihousareta-ouji-no-eiyuumon	追放王子の英雄紋!	役割→作画	トモリマル	トモリマル	
tsuihousareta-ryoushu-no-kotou-kaitakuki	追放領主の孤島開拓記	役割→作画	カズミヤアキラ	カズミヤアキラ	
tsuihousareta-saikyou-kuzu-kenja-no-henkyou-kosodate-surooraifu	追放最凶クズ〈?〉賢者の辺境子育てスローライフ	役割→作画	尾切美月	オギリミツキ	
tsuihousareta-suru-gawa-no-monogatari	追放する側の物語	役割→作画	鷲見九		
tsuihousareta-tensei-juukishi-wa-game-chishiki-de-musou-suru	追放された転生重騎士はゲーム知識で無双する	役割→作画	武六甲理衣		
tsuioku-no-apeiron	追憶のアペイロン	原作+	草下シンヤ	クサカシンヤ	
tsujidou-san-no-junai-road	辻堂さんの純愛ロード	原作+	みなとカーニバル		
tsuki-ga-michibiku-isekai-douchuu	月が導く異世界道中	原作+	あずみ圭	アズミケイ	
tsuki-o-sasu-yubi	月をさすゆび	原作+	永福一成	エイフクイッセイ	
tsuki-o-sasu-yubi	月をさすゆび	役割→作画	能條純一	ノウジョウジュンイチ	
tsuki-to-laika-to-nosferatu	月とライカと吸血姫(ノスフェラトゥ)	原作+	牧野圭祐	マキノケイスケ	
tsukumo-no-hanashi	つくものはなし	原作+	神奈木智	カンナギサトル	
tsumi-no-koe	罪の声	原作+	塩田武士		
tsurugi-no-kanata	つるぎのかなた	原作+	渋谷瑞也		
tsuujou-kougeki-ga-zentai-kougeki-de-nikai-kougeki-no-okaa-san-wa-suki-desuka	通常攻撃が全体攻撃で二回攻撃のお母さんは好きですか?	原作+	井中だちま	イナカダチマ	
tsuukaa-2018	つうかあ	原作+	「つうかあ」製作委員会		
tsuukaa-2018	つうかあ	原作+	にこいち		
tsuyo-sugite-yuusha-party-o-sotsugyou-shita-saikyou-kenshi-mahou-gakuen-demo-aisareru	強すぎて勇者パーティーを卒業した最強剣士、魔法学園でも愛される	原作+	あまうい白一	アマウイシロイチ	
tsuyo-sugite-yuusha-party-o-sotsugyou-shita-saikyou-kenshi-mahou-gakuen-demo-aisareru	強すぎて勇者パーティーを卒業した最強剣士、魔法学園でも愛される	役割→作画	生倉大福	イクラダイフク	
tsuyokute-new-saga	強くてニューサーガ	原作+	阿部正行		
uchi-ni-terebi-wa-arimasen	ウチにテレビはありません	原作+	オクショウ	オクショウ	
uchi-no-deshi-ga-itsunomanika-jinrui-saikyou-ni-natteite-nanno-sainou-mo-nai-shishou-no-ore-ga-sore	うちの弟子がいつのまにか人類最強になっていて、なんの才能もない師匠の俺が、それを超える宇宙最強に誤認定されている件について	役割→作画	内々けやき	ウチウチケヤキ	
uchi-no-musume-no-tame-naraba-ore-wa-moshikashitara-maou-mo-taoseru-kamo-shirenai	うちの娘の為ならば、俺はもしかしたら魔王も倒せるかもしれない。	原作+	CHIROLU		
uchi-no-shitsuji-ga-iu-koto-niwa	うちの執事が言うことには	原作+	高里椎奈	タカサトシイナ	
uchuu-engine-gori-uchuu-engine-gori-tai-supekutoruman-supekutoruman	宇宙猿人ゴリ 宇宙猿人ゴリ対スペクトルマン スペクトルマン	原作+	うしおそうじ	うしおそうじ	
uchuu-no-stellvia	宇宙のステルヴィア	原作+	XEBEC		
uchuu-senkan-teiramisu	宇宙戦艦ティラミス	原作+	宮川サトシ	ミヤガワサトシ	
uchuu-sensou	宇宙戦争	原作+	H・G・ウェルズ		
ultimate-antihero	アルティメット・アンチヒーロー	原作+	海空りく	ミソラリク	
ultra-kaijuu-gijinka-keikaku-feat-pop-comic-code	ウルトラ怪獣擬人化計画feat.POP Comic code	原作+	円谷プロ		
umamusume-pretty-derby-umamusumeshi	ウマ娘プリティーダービーうまむすめし	原作+	Cygames		OVR
umehara	ウメハラ	原作+	友井マキ		
umehara	ウメハラ	役割→作画	西出ケンゴロー		
umigui	海喰い	原作+	藤澤勇希	フジサワユウキ	
unbalance-kakeru-3	アンバランス×3	原作+	林達永	イムダリョン	
undead-girl-murder-farce	アンデッドガール・マーダーファルス	原作+	青崎有吾	アオサキユウゴ	
unmei-no-tsugai-naraba-sono-akai-ito-toyara-kirisutete-sashiagemashou-attomaaku-comic	運命の番?ならばその赤い糸とやら切り捨てて差し上げましょう@COMIC	原作+	音無砂月		
uorutenia-senki	ウォルテニア戦記	原作+	保利亮太	ホリリョウタ	
uragirareta-no-de-ouhi-zuki-jijo-ni-job-change	裏切られたので、王妃付き侍女にジョブチェンジ!	役割→作画	青山克己		
uragiri-no-sonata	裏切りのソナタ	役割→作画	江波じょうじ		
uranai-de-kekkon-shimashita	占いで結婚しました!	原作+	柏木珠希		
uraniwa-niwa	裏庭には…!	原作+	氷坂透	ヒサカトオル	
urareta-joou-nanoni-shinkon-seikatsu-ga-shiawase-desu	売られた王女なのに新婚生活が幸せです	役割→作画	村田モト	ムラタモト	
urasekai-picnic	裏世界ピクニック	原作+	宮澤伊織		
urutaaru-no-yuuutsu	ウルタールの憂鬱	原作+	ジコウリュウ	ジコウリュウ	
usakame	うさかめ	原作+	ルーツ	ルーツ	
ushiro-no-button-san	うしろのぼたんさん	原作+	SOW		
uta-no-prince-samatsu-debut	うたの☆プリンスさまっ♪Debut	役割→作画	中条亮	ナカジョウアキラ	
utawareru-mono-itsuwari-no-kamen	うたわれるもの 偽りの仮面	原作+	アクアプラス	アクアプラス	
utawareru-mono	うたわれるもの	原作+	アクアプラス	アクアプラス	OVR
uterus-of-za-blackgoat-kuroyagi-no-kobukuro	Uterus of the Blackgoat黒山羊の仔袋	原作+	ニトロオリジン		
uterus-of-za-blackgoat-kuroyagi-no-kobukuro	Uterus of the Blackgoat黒山羊の仔袋	役割→作画	春輝	ハルキ	
utsukushii-inu	美しい犬	原作+	ハジメ		
uwasaya	噂屋	原作+	保坂歩		
uzukawamura-jiken	鵜頭川村事件	役割→作画	河野那歩也		
vaiken-orudo-no-renkin-kenkyuushitsu	ヴァイケン・オルドの錬金研究室	役割→作画	ミクニシン		
valkyrie-drive-mermaid	ヴァルキリードライヴマーメイド	原作+	VALKYRIE DRIVE PROJECT		
valkyrie-no-kiko	ワルキューレのキコ	原作+	天王寺キツネ		
vampire-heaven	ヴァンパイア・ヘヴン	原作+	河原れん		
vampire-hunter-d	バンパイアハンターD	原作+	菊地秀行		
vampire-miyu-saku	吸血姫(ヴァンパイア)美夕 朔	原作+	平野俊弘	ヒラノトシヒロ	
vampire-wa-gamandekinai	ヴァンパイアは我慢できない	原作+	樋口美沙緒	ヒグチミサオ	
vanishing-starlight	ヴァニシング・スターライト	原作+	Sound Horizon		
venom	ベノム	役割→作画	しゃもじ	しゃもじ	
vijirante	ヴィジランテ	原作+	堀越耕平	ホリコシコウヘイ	
villain-actor	ヴィランアクター	役割→作画	原田ケンタロー		
villainess	ヴィラネス	原作+	夢枕獏	ユメマクラバク	
vividred-operation-the-4-koma-bibiope	ビビッドレッド・オペレーションTHE4コマ びびおぺ	原作+	TEAM VIVID		OVR
vivy	Vivy	原作+	Vivy Score		OVR
voice-cussion	VOICE CUSSION	原作+	小金丸大和	コガネマルヤマト	
wagaya-no-oinari-sama	我が家のお稲荷さま。	原作+	柴村仁		
waka-to-hanaya-to-hanataba-to	若と花屋と花束と	役割→作画	高松翼	タカマツツバサ	
wakaba-no	若葉の	原作+	橘紅緒	タチバナベニオ	
wakakusa-monogatari	若草物語	原作+	オルコット	オルコット	
wakamono-no-kuromahou-banare-ga-shinkokudesu-ga-shuushoku-shitemitara-taiguu-iishi-shachou-mo	若者の黒魔法離れが深刻ですが、就職してみたら待遇いいし、社長も使い魔もかわいくて最高です!	原作+	森田季節	モリタキセツ	
wakeari-seitokai	ワケあり生徒会!	原作+	春川こばと		
wakiyaku-reijou-ni-tensei-shimashita-ga-shinario-doori-niwa-ikasemasen	脇役令嬢に転生しましたがシナリオ通りにはいかせません!	役割→作画	屋形	ヤカタ	
wakiyaku-tensei-shita-otome-wa-shinitakunai	脇役転生した乙女は死にたくない	役割→作画	高岡佳史	タカオカケイシ	
wakuai-no-kishi	惑愛の騎士	原作+	花川戸菖蒲		
wanwan-monogatari	ワンワン物語	原作+	犬魔人	イヌマジン	
washi-jijii-yowai-rokujuu-ni-shite-tenpu-no-sai-ni-kizuku	わしジジイ、齢六十にして天賦の才に気付く	原作+	しんこせい		
washi-jijii-yowai-rokujuu-ni-shite-tenpu-no-sai-ni-kizuku	わしジジイ、齢六十にして天賦の才に気付く	役割→作画	北郷豊	キタザトユタカ	
watashi-ga-seijo-iie-akuyaku-reijou-desu	私が聖女?いいえ、悪役令嬢です!	役割→作画	たまゆき	タマユキ	
watashi-no-arika	私のアリカ	役割→作画	隈屑	クマクズ	
watashi-no-keiyaku-kekkon-niwa-uso-ga-aru	わたしの契約結婚にはウソがある。	原作+	タナカトモ		
watashi-no-keiyaku-kekkon-niwa-uso-ga-aru	わたしの契約結婚にはウソがある。	役割→作画	諸星サロ	モロボシサロ	
watashi-no-shiranai-senpai-no-100-ko-no-koto	わたしの知らない、先輩の100コのこと	原作+	兎谷あおい		
watashi-nouryoku-wa-heikinchi-de-tte-ittayone-funa-2017	私、能力は平均値でって言ったよね!	原作+	亜方逸樹	アカタイツキ	
watashi-nouryoku-wa-heikinchi-de-tte-ittayone-funa-2017	私、能力は平均値でって言ったよね!	原作+	FUNA		
watashi-nouryoku-wa-heikinchi-de-tte-ittayone	私、能力は平均値でって言ったよね!	役割→作画	iimAn		
watashi-o-kyuujou-ni-tsuretette	私を球場に連れてって!	原作+	スーパーまさら	スーパーまさら	
watashi-o-kyuujou-ni-tsuretette	私を球場に連れてって!	役割→作画	うみのとも	うみのとも	
watashi-wa-akuyaku-reijou-nanka-ja-nai	私は悪役令嬢なんかじゃないっ!!	原作+	音無砂月		
watashi-yori-tsuyoi-otoko-to-kekkon-shitai-no	私より強い男と結婚したいの	役割→作画	由伊大輔	ユイダイスケ	
watch-dogs-tokyo	ウォッチドッグストーキョー	役割→作画	鴨修平		
weapon-geek	ウエポンギーク	原作+	岡田伸一	オカダシンイチ	
white-album-aquaplus-2009	WHITE ALBUM	原作+	アクアプラス	アクアプラス	
who-i-am	WHO I AM	原作+	WOWOW『WHO I AM』プロジェクト		
wild-wight-west	WILD WIGHT WEST	原作+	奥村惇一朗	オクムラジュンイチロウ	
will-sama-wa-kyou-mo-mahou-de-asonde-imasu-next	ウィル様は今日も魔法で遊んでいます。ねくすと!	役割→作画	木端みの	キハシミノ	
witch-hand-craft	ウィッチ・ハンド・クラフト	役割→作画	おちゃ芥	オチャカイ	
witch-order	ウィッチオーダー	原作+	サイトウケンジ	サイトウケンジ	
wolf-s-rain	Wolf's rain	役割→作画	いーだ俊嗣	イーダトシツグ	
world-customize-creator	ワールド・カスタマイズ・クリエーター	原作+	ヘロー天気	ヘロー テンキ	
world-end-crusaders	ワールドエンドクルセイダーズ	原作+	biki		
world-teacher	ワールド・ティーチャー	原作+	ネコ光一	ネココウイチ	
world-uitchiizu-majotachi-no-kousekiun	ワールドウィッチーズ魔女たちの航跡雲	原作+	Projekt World Witches		
world-uitchiizu-majotachi-no-kousekiun	ワールドウィッチーズ魔女たちの航跡雲	原作+	島田フミカネ	シマダフミカネ	
worst-gaiden-saburoku-santa	WORST外伝サブロクサンタ	原作+	キタハラタケヨ		
worst-gaiden-saburoku-santa	WORST外伝サブロクサンタ	役割→作画	林たかあき	ハヤシタカアキ	
wotaku-joshi-ga-yonin-de-4-rashite-mitara	オタク女子が、4人で暮らしてみたら。	役割→作画	泥川恵		
writer-x-writer	ライター×ライター	原作+	深見真	フカミマコト	
y-no-hakobune	Yの箱船	原作+	天樹征丸		
yabaman	ヤバマン	原作+	カンバラノリオ		
yabaman	ヤバマン	役割→作画	えりちん	えりちん	
yagyuu-juubei-shisu-2015	柳生十兵衛死す	原作+	山田風太郎	ヤマダカゼタロウ	
yahari-4koma-demo-ore-no-seishun-rabukome-wa-machigatteiru	やはり4コマでも俺の青春ラブコメはまちがっている。	原作+	渡航	ワタリワタル	
yakedo-shoujo	火傷少女	原作+	貫徹		
yakugami	ヤキュガミ	原作+	クロマツテツロウ	クロマツテツロウ	
yakumo-miyako-gatari-kyuutei-ni-suzu-no-oto-hibiku	八雲京語り宮廷に鈴の音ひびく	役割→作画	ゆうなぎ		
yakushi-to-maou	薬師と魔王	役割→作画	初瀬白	ハツセシロ	
yakusho-no-shita-niwa-zombie-ga-umatte-iru	役所の下にはゾンビが埋まっている	原作+	中野ユウスケ	ナカノユウスケ	
yakusho-no-shita-niwa-zombie-ga-umatte-iru	役所の下にはゾンビが埋まっている	役割→作画	伊崎元	イサキモト	
yakushoku-disutopiari	役職ディストピアリ	原作+	千賀史貴	センガシキ	
yakusoku-no-never-land	約束のネバーランド	原作+	白井カイウ	シライカイウ	
yakutatazu-seijo-to-norowareta-sei-kishi	役立たず聖女と呪われた聖騎士	役割→作画	大川なぎ	オオカワナギ	
yakyuu-shounen	野球少年	原作+	やまさき十三	ヤマサキジュウゾウ	
yamanashi-hikari-no-suashi	やまなし ひかりの素足	原作+	宮沢賢治	ミヤザワケンジ	
yamato-shinsou-kaii-tan	ヤマト神想怪異譚	役割→作画	黒瀬浩介	クロセコウスケ	
yami-no-moribito	闇の守り人	原作+	上橋菜穂子	ウエハシナホコ	
yami	闇	役割→作画	野村エージ	ノムラエージ	
yamikin-ushijima-kun-gaiden-ramen-namerikawa-san	闇金ウシジマくん外伝らーめん滑皮さん	原作+	真鍋昌平	マナベショウヘイ	
yamikintsu-ushijimakyun	やみきんっうしじまきゅん	原作+	真鍋昌平	マナベショウヘイ	
yanasetakashi	やなせたかし	役割→作画	高見まこ	タカミマコ	
yankee-wa-isekai-de-seirei-ni-aisaremasu	ヤンキーは異世界で精霊に愛されます。	原作+	黒井へいほ		
yari-no-yuusha-no-yarinaoshi	槍の勇者のやり直し	原作+	アネコユサギ	アネコユサギ	
yarinaoshi-tensei-reijou-wa-zamaa-shitai-noni-dekiai-dekiaisareru	やり直し転生令嬢はざまぁしたいのに溺愛される	役割→作画	ララ	ララ	
yasei-no-jieikee-kashiwano-yukiko-wa-isekai-de-sakaba-o-hiraku	野生のJK柏野由紀子は、異世界で酒場を開く	役割→作画	相河柚希	アイカワユズキ	
yasei-no-rasubosu-ga-arawareta	野生のラスボスが現れた!	原作+	炎頭	ファイヤー ヘッド	
yatsuhakamura-2017	八つ墓村	原作+	横溝正史	ヨコミゾマサシ	
yoake-no-boogiepop	夜明けのブギーポップ	原作+	上遠野浩平	カドノコウヘイ	
yoake-o-machiwabite	夜明けを待ちわびて	原作+	J.R. ウォード		
yojouhan-isekai-kouryuuki	四畳半異世界交流記	原作+	山口ミコト	ヤマグチミコト	
yojouhan-kaitaku-nikki	四畳半開拓日記	役割→作画	春日水那	カスガミズナ	
yokohamaeki-esuefu	横浜駅SF	原作+	柞刈湯葉	イスカリユバ	
yokomizo-seishi-mystery	横溝正史ミステリー	役割→作画	Jet		
yomei-10-nen	余命10年	役割→作画	かわちゆかり	かわちゆかり	
yonagahime-to-mimiotoko	夜長姫と耳男	原作+	坂口安吾	サカグチアンゴ	
yonagahime-to-mimiotoko	夜長姫と耳男	役割→作画	近藤ようこ	コンドウヨウコ	
yonaka-no-reiji-ni-harem-o	よなかのれいじにハーレムを!!	原作+	小島あきら	コジマアキラ	
yonaka-no-reiji-ni-harem-o	よなかのれいじにハーレムを!!	役割→作画	香澤陽平	カザワヨウヘイ	
yoru-ga-aketara-ichiban-ni-kimi-ni-ai-ni-iku	夜が明けたら、いちばんに君に会いにいく	原作+	汐見夏衛		
yoru-no-kurage-wa-oyogenai	夜のクラゲは泳げない	原作+	JELEE		
yoru-no-kurage-wa-oyogenai	夜のクラゲは泳げない	役割→作画	藤居にこ	フジイニコ	
yoru-no-suit-okamura-2015	夜の戦士	原作+	池波正太郎	イケナミショウタロウ	
yosuga-shinario-pareedo	よすがシナリオパレェド	原作+	三田誠	サンダマコト	
yosuga-shinario-pareedo	よすがシナリオパレェド	役割→作画	川崎宙	カワサキチュウ	
yotsukoto	ヨツコト	原作+	双見酔	フタミスイ	
youhouka-to-mitsu-yakushi-no-hanayome	養蜂家と蜜薬師の花嫁	役割→作画	しゃるもん	シャルモン	
youjo-senki-shokudou	幼女戦記食堂	原作+	カルロ・ゼン	カルロ ・ ゼン	
youjo-senki	幼女戦記	原作+	カルロ・ゼン	カルロ ・ ゼン	
youkai-massage	妖怪マッサージ	原作+	押切蓮介	オシキリレンスケ	
youkaiotoko-watch	妖怪男ウォッチ	原作+	ぱぷりこ		
youkoso-hohoemiryou-e	ようこそ!微笑寮へ	原作+	遠藤察男	エンドウサツオ	
youkoso-jitsuryoku-shijou-shugi-no-kyoushitsu-e-route-horikita	ようこそ実力至上主義の教室へ√堀北	原作+	衣笠彰梧	キヌガサショウゴ	
youkoso-jitsuryoku-shijou-shugi-no-kyoushitsu-e	ようこそ実力至上主義の教室へ	原作+	衣笠彰梧	キヌガサショウゴ	
youkoso-tsuihousha-guild-e	ようこそ『追放者ギルド』へ	役割→作画	荒木佑輔	アラキユウスケ	
your-forma	ユア・フォルマ	役割→作画	如月芳規	キサラギヨシノリ	
youshin-gourmet	妖神グルメ	原作+	菊地秀行		
yuiitsu-muni-no-saikyou-tamer	唯一無二の最強テイマー	役割→作画	田村紘一	タムラコウイチ	
yukemuri-kyuuji	湯けむり球児	原作+	森高夕次		
yukiusagi-no-oshinagaki	ゆきうさぎのお品書き	原作+	小湊悠貴		
yume-to-bouken-no-march	夢と冒険のマーチ	役割→作画	江波じょうじ		
yuriko-no-hitorimeshi	百合子のひとりめし	原作+	久住昌之	クスミマサユキ	
yurikuma-arashi	ユリ熊嵐	原作+	イクニゴマキナコ		
yuube-no-curry-ashita-no-pan	昨夜のカレー、明日のパン	原作+	木皿泉		
yuugiou-aaku-faibu	遊☆戯☆王アーク・ファイブ	原作+	高橋和希	タカハシカズキ	
yuujin-chara-wa-taihen-desuka	友人キャラは大変ですか?	役割→作画	横山コウヂ	ヨコヤマコウヂ	
yuujin-ni-500-en-kashitara-shakkin-no-kata-ni-imouto-o-yokoshitekita-nodakeredo-ore-ha-ittai	友人に500円貸したら借金のカタに妹をよこしてきたのだけれど、俺は一体どうすればいいんだろう	役割→作画	金子こがね	カネココガネ	
yuujou-densetsu-za-doraemons	友情伝説THE DORAEMONS	原作+	藤子・F・不二雄	フジコフジオF	
yuuki-yuuna-wa-yuusha-de-aru-washio-sumi-no-show	結城友奈は勇者である-鷲尾須美の章-	原作+	Project2H		
yuuki-yuuna-wa-yuusha-de-aru	結城友奈は勇者である	原作+	Project2H		
yuukyuu-no-gusha-asley-no-kenja-no-susume-to-pochi-no-daibouken	悠久の愚者アズリーの、賢者のすゝめと、ポチの大冒険	原作+	壱弐参	ヒフミ	
yuukyuu-no-gusha-asley-no-kenja-no-susume-to-pochi-no-daibouken	悠久の愚者アズリーの、賢者のすゝめと、ポチの大冒険	原作+	武藤此史	ムトウクリヒト	
yuurakuchou-obake-dagashiya	幽落町おばけ駄菓子屋	原作+	蒼月海里	アオツキカイリ	
yuusha-gojo-kumiai-kouryuugata-keijiban	勇者互助組合交流型掲示板	役割→作画	あきやまねねひさ		
yuusha-ni-narenakatta-sanbaka-torio-wa-kyou-mo-otokomeshi-o-koshiraeru	勇者になれなかった三馬鹿トリオは、今日も男飯を拵える。	役割→作画	亀吉いちこ	カメヨシイチコ	
yuusha-party-o-intai-shite-inaka-de-kome-to-maou-no-musume-o-sodatemasu	勇者パーティーを引退して田舎で米と魔王の娘を育てます	役割→作画	とめおにぎり		
yuusha-party-o-oidasareta-kiyou-binbou	勇者パーティを追い出された器用貧乏	役割→作画	よねぞう	ヨネゾウ	
yuusha-shoukan-ni-makikomareta-kedo-isekai-wa-heiwa-deshita	勇者召喚に巻き込まれたけど、異世界は平和でした	役割→作画	平安ジロー	ヘイアンジロー	
yuusha-to-yobareta-nochi-ni	勇者と呼ばれた後に	役割→作画	むすあき	むすあき	
yuusha-wa-hitori-nippon-de	勇者はひとり、ニッポンで	原作+	山崎響		
yuusha-wa-hitori-nippon-de	勇者はひとり、ニッポンで	役割→作画	雪狸		
yuusha-yamemasu	勇者、辞めます	原作+	クオンタム		
yuushakei-ni-shosu	勇者刑に処す	役割→作画	井上菜摘	イノウエナツミ	
za-beast-unmei-no-hajimari	The BEAST 運命のはじまり	原作+	キムハクブン		
za-doraemons-special-robot-yousei-gakkou-hen	ザ☆ドラえもんズスペシャル ロボット養成学校編	原作+	藤子・F・不二雄	フジコフジオF	
za-doraemons	ザ☆ドラえもんズ	原作+	藤子・F・不二雄	フジコフジオF	
zakken	ザッケン!	役割→作画	プクプク	プクプク	
zako-niwa-kaji-ga-oniai-da-www-to-iwareta-kaji-level-9999-no-ore-tsuihousareta-node-boukensha-ni	「雑魚には鍛冶がお似合いだwww」と言われた鍛冶レベル9999の俺、追放されたので冒険者に転職する	役割→作画	三越はるは	ミツコシハルハ	
zangyaku-sugiru-isekai-demo-suzuki-wa-kawaii	残虐すぎる異世界でも鈴木は可愛い	役割→作画	飯島いちる	イイジマイチル	
zashiki-warashi-no-dairinin	座敷童子の代理人	原作+	仁科裕貴	ニシナユウキ	
zatsuyou-fuyo-jutsushi-ga-jibun-no-saikyou-ni-kizuku-made	雑用付与術師が自分の最強に気付くまで	役割→作画	アラカワシン	アラカワシン	
zeitaku-zanmai-shitai-no-desu	贅沢三昧したいのです!	原作+	沖史慈宴		
zenkamono	前科者	原作+	香川まさひと		
zenkamono	前科者	役割→作画	月島冬二	ツキシマトウジ	
zenryaku-kumo-no-ue-yori	前略雲の上より	原作+	竹本真	タケモトマコト	
zense-deshi-ni-korosareta-majo-desu-norowareta-deshi-ni-ai-ni-ikimasu	前世、弟子に殺された魔女ですが、呪われた弟子に会いに行きます	役割→作画	湯土ゆず	ユズチユズ	
zero-kara-hajimeru-mahou-no-sho	ゼロから始める魔法の書	原作+	虎走かける	コバシリカケル	
zetsubou-no-rakuen	絶望の楽園	原作+	tos		
zetsubou-no-tama	絶望の玉	原作+	EwhanKim		
zetsubou-no-tama	絶望の玉	役割→作画	ヤキナベ	ヤキナベ	
zettai-naru-isolator	絶対ナル孤独者	原作+	川原礫	カワハラレキ	
zettai-ni-hatarakitakunai-dungeon-master-ga-damin-o-musaboru-made	絶対に働きたくないダンジョンマスターが惰眠をむさぼるまで	原作+	鬼影スパナ		
zettai-zetsubou-shoujo	絶対絶望少女 ダンガンロンパAnother Episode	原作+	スパイク・チュンソフト	スパイクチュンソフト	
zig	ZIG	原作+	長崎尚志	ナガサキタカシ	
zombie-no-afureta-sekai-de-ore-dake-ga-osowarenai	ゾンビのあふれた世界で俺だけが襲われない	役割→作画	増田ちひろ	マスダチヒロ	
zozozo-hen	ゾゾゾ(変)	原作+	ゾゾゾ		
zozozo-hen	ゾゾゾ(変)	役割→作画	タダノなつ	タダノナツ	
