verdict	slug	title	wiki_article	本番巻	wiki対	採用巻	SAME	ADOPT_MONTH	ADOPT_DAY	ADOPT_GAIN	BLOCK_PROD	BLOCK_SPLIT	NOT_IN_WIKI	ALREADY_OVERRIDDEN
APPLY	obi-o-gyutto-ne	帯をギュッとね!	帯をギュッとね!	61	61	61	0	61	0	0	0	0	0	0
APPLY	pocket-monsters-special	ポケットモンスターSPECIAL	ポケットモンスターSPECIAL	64	100	59	5	50	9	0	0	0	0	0
APPLY	gallery-fake	ギャラリーフェイク	ギャラリーフェイク	63	67	51	12	51	0	0	0	0	0	0
APPLY	azumi	あずみ	あずみ	72	72	48	24	48	0	0	0	0	0	0
APPLY	yawara	YAWARA!	YAWARA!	48	68	48	0	48	0	0	0	0	0	0
APPLY	landreaall	Landreaall	Landreaall	45	46	45	0	45	0	0	0	0	0	0
APPLY	yamikin-ushijima-kun	闇金ウシジマくん	闇金ウシジマくん	46	47	44	2	43	0	1	0	0	0	0
APPLY	basara	BASARA	BASARA	43	49	43	0	43	0	0	0	0	0	0
APPLY	last-inning	ラストイニング	ラストイニング	44	45	43	1	43	0	0	0	0	0	0
APPLY	glass-no-kamen	ガラスの仮面	ガラスの仮面	76	76	40	36	9	24	7	0	0	0	0
APPLY	jajauma-guruumin-appu	じゃじゃ馬グルーミン★ＵＰ!	じゃじゃ馬グルーミン★UP!	40	41	40	0	40	0	0	0	0	0	0
APPLY	kirin	キリン	キリン (漫画)	39	57	39	0	37	0	2	0	0	0	0
APPLY	tetsu-bon	テツぼん	テツぼん	41	41	38	3	38	0	0	0	0	0	0
APPLY	tough	TOUGH	TOUGH (漫画)	39	39	37	2	0	0	37	0	0	0	0
APPLY	aoashi	アオアシ	アオアシ	40	86	36	4	35	1	0	0	0	0	0
APPLY	tokyo-daigaku-monogatari	東京大学物語	東京大学物語	34	35	34	0	34	0	0	0	0	0	0
APPLY	bokura-no-kiseki	ボクラノキセキ	ボクラノキセキ	34	37	33	1	33	0	0	0	0	0	0
APPLY	show-ban	ショー☆バン	ショー☆バン	33	33	33	0	33	0	0	0	0	0	0
APPLY	kekkaishi	結界師	結界師	35	54	32	3	15	17	0	0	0	0	0
APPLY	ai-shield-21	アイシールド21	アイシールド21	37	43	30	7	1	29	0	0	0	0	0
APPLY	banana-fish	BANANA FISH	BANANA FISH	31	48	30	1	30	0	0	0	0	0	0
APPLY	esu-to-emu	SとM	SとM	31	38	30	1	24	0	6	0	0	0	0
APPLY	ginga-densetsu-weed-orion	銀牙伝説Weedオリオン	銀牙伝説WEEDオリオン	30	30	30	0	20	0	10	0	0	0	0
APPLY	full-ahead-koko	フルアヘッド!ココ	フルアヘッド!ココ	29	85	29	0	29	0	0	0	0	0	0
APPLY	shuningayuku	主任がゆく!	主任がゆく!	30	32	29	1	29	0	0	0	0	0	0
APPLY	countach	カウンタック	カウンタック (漫画)	28	28	28	0	0	0	28	0	0	0	0
APPLY	fushigi-yuugi	ふしぎ遊戯	ふしぎ遊戯	28	53	28	0	28	0	0	0	0	0	0
APPLY	kippo	KIPPO	KIPPO	30	30	28	2	28	0	0	0	0	0	0
APPLY	doubutsu-no-oshaberi	動物のおしゃべり♥	動物のおしゃべり♥	29	31	27	2	25	1	1	0	0	0	0
APPLY	gantz	GANTZ	GANTZ	55	62	27	28	0	1	26	0	0	0	0
APPLY	centaur-no-nayami	セントールの悩み	セントールの悩み	26	28	26	0	26	0	0	0	0	0	0
APPLY	dragon-kishidan	ドラゴン騎士団	ドラゴン騎士団 (漫画)	26	40	26	0	1	0	25	0	0	0	0
APPLY	henshuuou	編集王	編集王	26	30	26	0	26	0	0	0	0	0	0
APPLY	kami-app	神アプリ	神アプリ	27	30	26	1	25	0	1	0	0	0	0
APPLY	love-junkies	恋愛ジャンキー	恋愛ジャンキー	26	28	26	0	26	0	0	0	0	0	0
APPLY	wakakozake	ワカコ酒	ワカコ酒	27	35	26	1	26	0	0	0	0	0	0
APPLY	yami-no-aegis	闇のイージス	闇のイージス	26	32	26	0	22	0	4	0	0	0	0
APPLY	kaitou-joker	怪盗ジョーカー	怪盗ジョーカー	26	39	25	1	23	2	0	0	0	0	0
APPLY	kasai-no-hito	家栽の人	家栽の人	25	25	25	0	25	0	0	0	0	0	0
APPLY	hatenkou-yuugi	破天荒遊戯	破天荒遊戯	24	27	24	0	24	0	0	0	0	0	0
APPLY	help-man	ヘルプマン!	ヘルプマン!	27	44	24	3	0	0	24	0	0	0	0
APPLY	onikirimaru	鬼切丸	鬼切丸 (漫画)	28	53	24	4	24	0	0	0	0	0	0
APPLY	seikon-no-qwaser	聖痕のクェイサー	聖痕のクェイサー	24	24	24	0	24	0	0	0	0	0	0
APPLY	usotsuki-gokuoo-kun	ウソツキ!ゴクオーくん	ウソツキ!ゴクオーくん	25	30	24	1	19	5	0	0	0	0	0
APPLY	gift	ギフト±	ギフト±	26	26	23	3	23	0	0	0	0	0	0
APPLY	7seeds	7SEEDS	7SEEDS	35	38	22	13	9	13	0	0	0	0	0
APPLY	dead-tube	DEAD Tube	DEAD Tube	28	28	22	6	20	2	0	0	0	0	0
APPLY	fujiken	フジケン	フジケン (漫画)	22	22	22	0	22	0	0	0	0	0	0
APPLY	shigurui	シグルイ	シグルイ	22	23	22	0	14	0	8	0	0	0	0
APPLY	souten-no-ken	蒼天の拳	蒼天の拳	22	28	22	0	0	0	22	0	0	0	0
APPLY	chuusotsu-worker-kara-hajimeru-koukou-seikatsu	中卒労働者から始める高校生活	中卒労働者から始める高校生活	22	25	21	1	21	0	0	0	0	0	0
APPLY	denpa-no-shiro	電波の城	電波の城	23	23	21	2	21	0	0	0	0	0	0
APPLY	makai-gakuen	魔界学園	魔界学園	21	21	21	0	21	0	0	0	0	0	0
APPLY	monster-musume-no-iru-nichijou	モンスター娘のいる日常	モンスター娘のいる日常	21	23	21	0	21	0	0	0	0	0	0
APPLY	nana	NANA	NANA	21	25	21	0	0	21	0	0	0	0	0
APPLY	andoonatsu	あんどーなつ	あんどーなつ	20	20	20	0	20	0	0	0	0	0	0
APPLY	megami-no-oni	女神の鬼	女神の鬼	29	29	20	9	0	0	20	0	0	0	0
APPLY	zekkyou-gakkyuu	絶叫学級	絶叫学級	21	89	20	1	0	20	0	0	0	0	0
APPLY	zettai-zetsumei-dangerous-jii-san	絶体絶命 でんぢゃらすじーさん	絶体絶命でんぢゃらすじーさん	20	61	20	0	18	2	0	0	0	0	0
APPLY	eat-man	EAT-MAN	EAT-MAN	19	37	19	0	19	0	0	0	0	0	0
APPLY	fushigi-yuugi-genbu-kaiden	ふしぎ遊戯玄武開伝	ふしぎ遊戯 玄武開伝	19	23	19	0	8	3	8	0	0	0	0
APPLY	fuuto-tantei	風都探偵	風都探偵	20	21	19	1	19	0	0	0	0	0	0
APPLY	juui-dolittle	獣医ドリトル	獣医ドリトル	20	21	19	1	19	0	0	0	0	0	0
APPLY	kurokami	黒神	黒神	19	19	19	0	12	0	7	0	0	0	0
APPLY	four-seam	フォーシーム	フォーシーム (漫画)	19	28	18	1	18	0	0	0	0	0	0
APPLY	haruka-reset	はるかリセット	はるかリセット	25	25	18	7	9	9	0	0	0	0	0
APPLY	holyland	ホーリーランド	ホーリーランド	18	18	18	0	18	0	0	0	0	0	0
APPLY	keishichou-tokuhanka-007	警視庁特犯課007	警視庁特犯課007	18	18	18	0	0	0	18	0	0	0	0
APPLY	kyoukasho-ni-nai	教科書にないッ!	教科書にないッ!	18	18	18	0	18	0	0	0	0	0	0
APPLY	let-dachikou	Let'sダチ公	Let'sダチ公	18	18	18	0	18	0	0	0	0	0	0
APPLY	nagisa-mii-kounin	なぎさme公認	なぎさMe公認	18	18	18	0	18	0	0	0	0	0	0
APPLY	nana-to-kaoru	ナナとカオル	ナナとカオル	18	30	18	0	18	0	0	0	0	0	0
APPLY	ouran-koukou-host-club	桜蘭高校ホスト部	桜蘭高校ホスト部	18	23	18	0	0	18	0	0	0	0	0
APPLY	shouwa-tennou-monogatari	昭和天皇物語	昭和天皇物語	19	19	18	1	18	0	0	0	0	0	0
APPLY	sukidesu-suzuki-kun	好きです鈴木くん!!	好きです鈴木くん!!	18	23	18	0	3	15	0	0	0	0	0
APPLY	utchare-goshogawara	うっちゃれ五所瓦	うっちゃれ五所瓦	24	34	18	6	18	0	0	0	0	0	0
APPLY	yasha	YASHA-夜叉-	YASHA-夜叉-	18	20	18	0	18	0	0	0	0	0	0
APPLY	07-ghost	07-GHOST	07-GHOST	17	26	17	0	17	0	0	0	0	0	0
APPLY	azumi-koyama-2009	AZUMI	AZUMI (漫画)	18	18	17	1	17	0	0	0	0	0	0
APPLY	ekiben-hitoritabi	駅弁ひとり旅	駅弁ひとり旅	17	29	17	0	0	0	17	0	0	0	0
APPLY	jisatsutou	自殺島	自殺島	17	23	17	0	17	0	0	0	0	0	0
APPLY	muteki-kanban-musume	無敵看板娘	無敵看板娘	17	22	17	0	17	0	0	0	0	0	0
APPLY	naikaku-kenryoku-hanzai-kyousei-torishimarikan-zaizen-joutarou	内閣権力犯罪強制取締官 財前丈太郎	内閣権力犯罪強制取締官 財前丈太郎	17	17	17	0	0	0	17	0	0	0	0
APPLY	nijiiro-tougarashi	虹色とうがらし	虹色とうがらし	23	28	17	6	17	0	0	0	0	0	0
APPLY	smash	スマッシュ!	スマッシュ!	18	18	17	1	0	17	0	0	0	0	0
APPLY	umi-no-kishidan	海の綺士団	海の綺士団	29	29	17	12	0	0	17	0	0	0	0
APPLY	zenkamono	前科者	前科者 (漫画)	17	17	17	0	17	0	0	0	0	0	0
APPLY	ateya-no-tsubaki	当て屋の椿	当て屋の椿	17	17	16	1	12	0	4	0	0	0	0
APPLY	bakuon-rettou-2012	爆音列島	爆音列島	18	28	16	2	0	0	16	0	0	0	0
APPLY	chii-chan-no-oshinagaki	ちぃちゃんのおしながき	ちぃちゃんのおしながき	21	35	16	5	12	1	3	0	0	0	0
APPLY	hagure-idol-jigokuhen	はぐれアイドル地獄変	はぐれアイドル地獄変	19	20	16	3	16	0	0	0	0	0	0
APPLY	haigakura	ハイガクラ	ハイガクラ	17	27	16	1	16	0	0	0	0	0	0
APPLY	kagakuteki-ni-sonzai-shiuru-kuriichaamusume-no-kansatsu-nisshi	科学的に存在しうるクリーチャー娘の観察日誌	科学的に存在しうるクリーチャー娘の観察日誌	18	30	16	2	12	4	0	0	0	0	0
APPLY	kingyoya-koshoten	金魚屋古書店	金魚屋古書店	17	21	16	1	16	0	0	0	0	0	0
APPLY	kujou-no-taizai	九条の大罪	九条の大罪	17	17	16	1	14	2	0	0	0	0	0
APPLY	mahoujin-guruguru	魔法陣グルグル	魔法陣グルグル	16	55	16	0	16	0	0	0	0	0	0
APPLY	master-keaton	Masterキートン	MASTERキートン	18	20	16	2	0	0	16	0	0	0	0
APPLY	nihonkoku-daitouryou-sakurazaka-mantarou	日本国大統領 桜坂満太郎	日本国大統領 桜坂満太郎	16	16	16	0	0	0	16	0	0	0	0
APPLY	wild-pitch	WILD PITCH!!!	WILD PITCH!!!	16	16	16	0	16	0	0	0	0	0	0
APPLY	yukemuri-sniper	湯けむりスナイパー	湯けむりスナイパー	16	35	16	0	16	0	0	0	0	0	0
APPLY	yuuhi	雄飛	雄飛 (漫画)	16	16	16	0	16	0	0	0	0	0	0
APPLY	ansangu-cinderella	アンサングシンデレラ	アンサングシンデレラ	15	17	15	0	15	0	0	0	0	0	0
APPLY	chi-no-wadachi	血の轍	血の轍 (漫画)	17	17	15	2	15	0	0	0	0	0	0
APPLY	croket	コロッケ!	コロッケ!	15	29	15	0	15	0	0	0	0	0	0
APPLY	debidebi	デビデビ	デビデビ	15	15	15	0	15	0	0	0	0	0	0
APPLY	eisei-otome-no-tatakaikata	永世乙女の戦い方	永世乙女の戦い方	15	15	15	0	15	0	0	0	0	0	0
APPLY	hitorijime-my-hero	ひとりじめマイヒーロー	ひとりじめマイヒーロー	17	20	15	2	11	2	2	0	0	0	0
APPLY	kappa-no-kaikata	カッパの飼い方	カッパの飼い方	15	15	15	0	0	0	15	0	0	0	0
APPLY	koushoku-aika-moto-volleyboys	好色哀歌元バレーボーイズ	好色哀歌 元バレーボーイズ	17	17	15	2	0	0	15	0	0	0	0
APPLY	meshinuma	めしぬま。	めしぬま。	16	16	15	1	15	0	0	0	0	0	0
APPLY	mikakunin-de-shinkoukei	未確認で進行形	未確認で進行形	16	18	15	1	15	0	0	0	0	0	0
APPLY	moeru-onii-san	燃える!お兄さん	燃える!お兄さん	31	37	15	16	1	2	12	0	0	0	0
APPLY	naporeon-shishi-no-jidai	ナポレオン -獅子の時代-	ナポレオン -獅子の時代-	15	42	15	0	13	0	2	0	0	0	0
APPLY	ninja-slayer	ニンジャスレイヤー	ニンジャスレイヤー	19	63	15	4	13	2	0	0	0	0	0
APPLY	noragami	ノラガミ	ノラガミ	38	50	15	23	0	13	2	0	0	0	0
APPLY	one-outs	ONE OUTS	ONE OUTS	20	20	15	5	0	0	15	0	0	0	0
APPLY	sekitou-elegy	赤灯えれじい	赤灯えれじい	15	24	15	0	0	0	15	0	0	0	0
APPLY	shidenkai-no-maki	紫電改のマキ	紫電改のマキ	15	15	15	0	15	0	0	0	0	0	0
APPLY	sobaya-genan	そば屋幻庵	そば屋幻庵	18	18	15	3	12	2	1	0	0	0	0
APPLY	soul-eater	ソウルイーター	ソウルイーター	42	47	15	27	14	0	1	0	0	0	0
APPLY	splatoon	Splatoon	Splatoon (漫画)	16	25	15	1	15	0	0	0	0	0	0
APPLY	tuxedo-gin	タキシード銀	タキシード銀	15	15	15	0	15	0	0	0	0	0	0
APPLY	wagana-wa-umishi	我が名は海師	我が名は海師	15	15	15	0	15	0	0	0	0	0	0
APPLY	yankee-quest	ヤンキークエスト	ヤンキークエスト	20	20	15	5	15	0	0	0	0	0	0
APPLY	angel-wars	エンジェルウォーズ	エンジェル ウォーズ (漫画)	14	14	14	0	10	0	4	0	0	0	0
APPLY	baby-love	ベイビィ★LOVE	ベイビィ★LOVE	14	17	14	0	0	9	5	0	0	0	0
APPLY	bambino	バンビ～ノ！	バンビ〜ノ!	15	28	14	1	13	0	1	0	0	0	0
APPLY	daida-kyoushi-akiba-shinkendesu	代打教師秋葉、真剣です!	代打教師 秋葉、真剣です!	14	14	14	0	14	0	0	0	0	0	0
APPLY	ginga-densetsu-noah	銀牙伝説ノア	銀牙伝説ノア	17	17	14	3	14	0	0	0	0	0	0
APPLY	hanaukyou-meidotai	花右京メイド隊	花右京メイド隊	14	16	14	0	14	0	0	0	0	0	0
APPLY	i-ll	I'll	I'll	23	32	14	9	0	0	14	0	0	0	0
APPLY	jingai-san-no-yome	人外さんの嫁	人外さんの嫁	14	16	14	0	14	0	0	0	0	0	0
APPLY	masamune-kun-no-revenge	政宗くんのリベンジ	政宗くんのリベンジ	14	24	14	0	13	0	1	0	0	0	0
APPLY	mujin	MUJIN～無尽～	MUJIN-無尽-	14	14	14	0	14	0	0	0	0	0	0
APPLY	pocket-monsters	ポケットモンスター	ポケットモンスター (穴久保幸作の漫画)	14	41	14	0	11	0	3	0	0	0	0
APPLY	saint-seiya-episode-g-assassin	聖闘士星矢EPISODE.Gアサシン	聖闘士星矢EPISODE.G アサシン	16	16	14	2	13	1	0	0	0	0	0
APPLY	uchuujin-tanaka-tarou	うちゅう人田中太郎	うちゅう人 田中太郎	14	15	14	0	14	0	0	0	0	0	0
APPLY	watashi-ni-tenshi-ga-maiorita	私に天使が舞い降りた!	私に天使が舞い降りた!	16	25	14	2	13	0	1	0	0	0	0
APPLY	watashi-no-yuri-wa-oshigoto-desu	私の百合はお仕事です!	私の百合はお仕事です!	14	15	14	0	14	0	0	0	0	0	0
APPLY	woodstock	ウッドストック	ウッドストック (漫画)	18	18	14	4	0	0	14	0	0	0	0
APPLY	alice-to-zouroku	アリスと蔵六	アリスと蔵六	13	15	13	0	13	0	0	0	0	0	0
APPLY	ashiarai-yashiki-no-juunintachi	足洗邸の住人たち。	足洗邸の住人たち。	13	24	13	0	0	0	13	0	0	0	0
APPLY	bakusou-kyoudai-let-s-goo	爆走兄弟レッツ＆ゴー!!	爆走兄弟レッツ&ゴー!!	13	32	13	0	13	0	0	0	0	0	0
APPLY	bouncer	バウンサー	バウンサー (漫画)	16	16	13	3	11	2	0	0	0	0	0
APPLY	dash-yonkurou	ダッシュ!四駆郎	ダッシュ!四駆郎	13	18	13	0	13	0	0	0	0	0	0
APPLY	devilman-saga	デビルマンサーガ	デビルマンサーガ	13	13	13	0	13	0	0	0	0	0	0
APPLY	gokuudou	悟空道	悟空道	13	13	13	0	13	0	0	0	0	0	0
APPLY	hana-mote-katare	花もて語れ	花もて語れ	13	13	13	0	13	0	0	0	0	0	0
APPLY	homunculus	ホムンクルス	ホムンクルス (漫画)	25	26	13	12	13	0	0	0	0	0	0
APPLY	hoshi-no-kirby-mooretsu-pupupu-hour	星のカービィ!も～れつプププアワー!	星のカービィ! も〜れつプププアワー!	13	13	13	0	12	1	0	0	0	0	0
APPLY	idejuu	いでじゅう!	いでじゅう!	13	13	13	0	13	0	0	0	0	0	0
APPLY	jesus-sajin-kouro	Jesus砂塵航路	JESUS 砂塵航路	14	14	13	1	13	0	0	0	0	0	0
APPLY	junai-junkies	純愛ジャンキー	純愛ジャンキー	15	15	13	2	13	0	0	0	0	0	0
APPLY	kannasaan	カンナさーん!	カンナさーん!	13	16	13	0	0	0	13	0	0	0	0
APPLY	kisei-juui-suzune	寄性獣医・鈴音	寄性獣医・鈴音	14	18	13	1	8	0	5	0	0	0	0
APPLY	kurosagi	クロサギ	クロサギ (漫画)	20	44	13	7	13	0	0	0	0	0	0
APPLY	kuuneru-marta	くーねるまるた	くーねるまるた	14	43	13	1	13	0	0	0	0	0	0
APPLY	kyou-koi-o-hajimemasu	今日、恋をはじめます	今日、恋をはじめます	15	18	13	2	4	9	0	0	0	0	0
APPLY	loveless	LOVELESS	LOVELESS (高河ゆんの漫画)	13	17	13	0	13	0	0	0	0	0	0
APPLY	mako-chan-enikki	マコちゃん絵日記	マコちゃん絵日記	13	13	13	0	12	0	1	0	0	0	0
APPLY	nazotoki-hime-wa-meitantei	ナゾトキ姫は名探偵❤	ナゾトキ姫は名探偵♥	17	21	13	4	7	6	0	0	0	0	0
APPLY	okane-ga-nai	お金がないっ	お金がないっ	19	37	13	6	0	2	11	0	0	0	0
APPLY	oku-sama-ga-seito-kaichou	おくさまが生徒会長!	おくさまが生徒会長!	13	13	13	0	12	0	1	0	0	0	0
APPLY	pansuto	ぱンすと。	ぱンすと。	15	15	13	2	13	0	0	0	0	0	0
APPLY	patisserie-mon	パティスリーMon	パティスリーMON	15	16	13	2	0	0	13	0	0	0	0
APPLY	real-clothes	Real clothes	Real Clothes	19	19	13	6	0	0	13	0	0	0	0
APPLY	reikan-shouhou-kabushiki-kaisha	霊感商法株式会社	霊感商法株式会社	23	25	13	10	13	0	0	0	0	0	0
APPLY	rockn-call	Rock'n爆音	Rock'n爆音	13	13	13	0	13	0	0	0	0	0	0
APPLY	switch-2003	Switch	Switch (米原秀幸の漫画)	13	13	13	0	13	0	0	0	0	0	0
APPLY	aria	ARIA	ARIA (漫画)	12	35	12	0	12	0	0	0	0	0	0
APPLY	battle-girl-ai	バトルガール藍	バトルガール藍	12	12	12	0	12	0	0	0	0	0	0
APPLY	biomeat-nectar	BM ネクタール	BM ネクタール	12	12	12	0	12	0	0	0	0	0	0
APPLY	black-channel	ブラックチャンネル	ブラックチャンネル	15	19	12	3	11	1	0	0	0	0	0
APPLY	card-kyaputaa-sakura	カードキャプターさくら	カードキャプターさくら	24	92	12	12	0	0	12	0	0	0	0
APPLY	change-hifumi	ちぇんじ123	ちぇんじ123	12	12	12	0	11	0	1	0	0	0	0
APPLY	chisa-pon	ちさ×ポン	ちさ×ポン	13	13	12	1	1	0	11	0	0	0	0
APPLY	doubutsu-no-mori-hohinda-mura-dayori	どうぶつの森 ホヒンダ村だより	どうぶつの森 ホヒンダ村だより	12	12	12	0	11	1	0	0	0	0	0
APPLY	eighth	EIGHTH	EIGHTH	16	16	12	4	0	0	12	0	0	0	0
APPLY	erufen-riito	エルフェンリート	エルフェンリート	12	12	12	0	0	0	12	0	0	0	0
APPLY	freesia	フリージア	フリージア (漫画)	12	18	12	0	12	0	0	0	0	0	0
APPLY	g-men	Gメン	Gメン (漫画)	18	18	12	6	0	12	0	0	0	0	0
APPLY	hajime-no-ippo	はじめの一歩	はじめの一歩	160	191	12	148	0	11	1	0	0	0	0
APPLY	joou-kishi-monogatari	女王騎士物語	女王騎士物語	12	12	12	0	12	0	0	0	0	0	0
APPLY	kami-sama-no-volley	神様のバレー	神様のバレー	41	41	12	29	7	2	3	0	0	0	0
APPLY	kenkou-de-bunkateki-na-saitei-gendo-no-seikatsu	健康で文化的な最低限度の生活	健康で文化的な最低限度の生活	13	13	12	1	12	0	0	0	0	0	0
APPLY	kui-tan	喰いタン	喰いタン	16	17	12	4	0	0	12	0	0	0	0
APPLY	kuishinbou	喰いしん坊!	喰いしん坊!	24	48	12	12	11	1	0	0	0	0	0
APPLY	major-2nd	MAJOR 2nd	MAJOR 2nd	32	38	12	20	0	12	0	0	0	0	0
APPLY	mirumo-de-pon	ミルモでポン!	ミルモでポン!	12	12	12	0	12	0	0	0	0	0	0
APPLY	momoiro-heaven	桃色ヘヴン!	桃色ヘヴン!	13	13	12	1	0	0	12	0	0	0	0
APPLY	momoiro-sango	ももいろさんご	ももいろさんご	13	13	12	1	12	0	0	0	0	0	0
APPLY	natsume-arata-no-kekkon	夏目アラタの結婚	夏目アラタの結婚	12	12	12	0	12	0	0	0	0	0	0
APPLY	nobunaga-no-chef	信長のシェフ	信長のシェフ	37	37	12	25	10	0	2	0	0	0	0
APPLY	oku-sama-wa-idol	奥さまはアイドル♥	奥さまはアイドル♥	13	13	12	1	12	0	0	0	0	0	0
APPLY	oku-san	おくさん	おくさん	22	22	12	10	10	1	1	0	0	0	0
APPLY	oshi-ga-budoukan-ittekuretara-shinu	推しが武道館いってくれたら死ぬ	推しが武道館いってくれたら死ぬ	12	12	12	0	12	0	0	0	0	0	0
APPLY	p-a	P.A.	P.A.	12	29	12	0	12	0	0	0	0	0	0
APPLY	sekai-de-ichiban-yasashii-ongaku	世界でいちばん優しい音楽	世界でいちばん優しい音楽	24	25	12	12	0	0	12	0	0	0	0
APPLY	sensei-kunshu	センセイ君主	センセイ君主	13	15	12	1	0	12	0	0	0	0	0
APPLY	sensei-no-ojikan	せんせいのお時間	せんせいのお時間	12	13	12	0	12	0	0	0	0	0	0
APPLY	shinigami-kansatsukan-raidou	死神監察官雷堂	死神監察官雷堂	12	12	12	0	0	0	12	0	0	0	0
APPLY	ten-prism	テンプリズム	テンプリズム	12	12	12	0	12	0	0	0	0	0	0
APPLY	tokyo-banchou	東京番長	東京番長	12	12	12	0	12	0	0	0	0	0	0
APPLY	watashi-no-meshia-sama	私の救世主さま	私の救世主さま	13	19	12	1	11	0	1	0	0	0	0
APPLY	yuria-100shiki	ユリア100式	ユリア100式	12	12	12	0	11	0	1	0	0	0	0
APPLY	yuzukisanchi-no-yonkyoudai	柚木さんちの四兄弟。	柚木さんちの四兄弟。	23	25	12	11	11	1	0	0	0	0	0
APPLY	za-doraemons-special	ザ☆ドラえもんズスペシャル	ザ・ドラえもんズ スペシャル	12	15	12	0	12	0	0	0	0	0	0
APPLY	a-channel	Aチャンネル	Aチャンネル	11	16	11	0	11	0	0	0	0	0	0
APPLY	ayashi-no-ceres	妖しのセレス	妖しのセレス	21	27	11	10	11	0	0	0	0	0	0
APPLY	black-joke	ブラック・ジョーク	ブラック・ジョーク (漫画)	11	11	11	0	11	0	0	0	0	0	0
APPLY	chimamire-sukeban-chainsaw	血まみれスケバンチェーンソー	血まみれスケバン・チェーンソー	13	15	11	2	11	0	0	0	0	0	0
APPLY	corseltel-no-ryuujitsushi	コーセルテルの竜術士	コーセルテルの竜術士	14	41	11	3	11	0	0	0	0	0	0
APPLY	danchigai	だんちがい	だんちがい	11	11	11	0	11	0	0	0	0	0	0
APPLY	delivery-cinderella	デリバリーシンデレラ	デリバリーシンデレラ	11	12	11	0	0	0	11	0	0	0	0
APPLY	garei	喰霊	喰霊	12	14	11	1	0	0	11	0	0	0	0
APPLY	ginpei-hankachou	銀平飯科帳	銀平飯科帳	11	11	11	0	11	0	0	0	0	0	0
APPLY	hachimitsu-ni-hatsukoi	ハチミツにはつこい	ハチミツにはつこい	12	17	11	1	4	7	0	0	0	0	0
APPLY	hitoribocchi-no-chikyuu-shinryaku	ひとりぼっちの地球侵略	ひとりぼっちの地球侵略	15	15	11	4	0	11	0	0	0	0	0
APPLY	hoshikuzu-paradise	星くずパラダイス	星くずパラダイス	17	17	11	6	11	0	0	0	0	0	0
APPLY	houkago-dungeon-koukou	放課後!ダンジョン高校	放課後!ダンジョン高校	11	11	11	0	11	0	0	0	0	0	0
APPLY	kakugo-no-susume	覚悟のススメ	覚悟のススメ	11	18	11	0	11	0	0	0	0	0	0
APPLY	kami-sama-no-enmusubi	神さまの怨結び	神さまの怨結び	12	12	11	1	11	0	0	0	0	0	0
APPLY	kango-joshu-no-nana-chan	看護助手のナナちゃん	看護助手のナナちゃん	11	12	11	0	11	0	0	0	0	0	0
APPLY	kiss-and-fight	Kiss and Fight	Kiss and Fight	11	11	11	0	0	0	11	0	0	0	0
APPLY	kodomo-no-jikan	こどものじかん	こどものじかん	13	17	11	2	0	0	11	0	0	0	0
APPLY	mudazumo-naki-kaikaku	ムダヅモ無き改革	ムダヅモ無き改革	16	31	11	5	0	0	11	0	0	0	0
APPLY	okawari-hanzou	おかわり飯蔵	おかわり飯蔵	11	11	11	0	11	0	0	0	0	0	0
APPLY	owakare-hospital	お別れホスピタル	お別れホスピタル	16	16	11	5	11	0	0	0	0	0	0
APPLY	peleliu-rakuen-no-gerunika	ペリリュー-楽園のゲルニカ-	ペリリュー 楽園のゲルニカ	11	15	11	0	11	0	0	0	0	0	0
APPLY	saikyou-densetsu-kurosawa	最強伝説 黒沢	最強伝説 黒沢	11	34	11	0	11	0	0	0	0	0	0
APPLY	sengoku-youko	戦国妖狐	戦国妖狐	23	23	11	12	1	0	10	0	0	0	0
APPLY	shibito-no-koe-o-kiku-ga-yoi	死人の声をきくがよい	死人の声をきくがよい	12	12	11	1	10	0	1	0	0	0	0
APPLY	sobakkasu	そばっかす!	そばっかす!	11	18	11	0	11	0	0	0	0	0	0
APPLY	trash	trash.	Trash.	11	11	11	0	11	0	0	0	0	0	0
APPLY	yumekui-merry	夢喰いメリー	夢喰いメリー	24	31	11	13	1	0	10	0	0	0	0
APPLY	yuushun-no-mon-pieta	優駿の門ピエタ	優駿の門 -ピエタ-	11	11	11	0	11	0	0	0	0	0	0
APPLY	zozozo-zonbii-kun	ゾゾゾ ゾンビーくん	ゾゾゾ ゾンビーくん	11	12	11	0	8	3	0	0	0	0	0
APPLY	alice-ni-omakase	アリスにおまかせ!	アリスにおまかせ!	20	20	10	10	10	0	0	0	0	0	0
APPLY	amanchu	あまんちゅ!	あまんちゅ!	17	17	10	7	1	0	9	0	0	0	0
APPLY	aphorism	アホリズム	アホリズム	17	17	10	7	3	2	5	0	0	0	0
APPLY	ayakashi-hisen	あやかし緋扇	あやかし緋扇	12	20	10	2	6	4	0	0	0	0	0
APPLY	beauty-pop	ビューティーポップ	ビューティー・ポップ	10	10	10	0	9	1	0	0	0	0	0
APPLY	bokura-no-hentai	ぼくらのへんたい	ぼくらのへんたい	10	10	10	0	10	0	0	0	0	0	0
APPLY	buchou-to-shachiku-no-koi-wa-modokashii	部長と社畜の恋はもどかしい	部長と社畜の恋はもどかしい	11	11	10	1	10	0	0	0	0	0	0
APPLY	choujin-kintaman	超人キンタマン	超人キンタマン	10	12	10	0	10	0	0	0	0	0	0
APPLY	cosplay-animal	コスプレ☆アニマル	コスプレ☆アニマル	14	14	10	4	0	0	10	0	0	0	0
APPLY	deka-yugami	刑事ゆがみ	刑事ゆがみ	10	10	10	0	10	0	0	0	0	0	0
APPLY	detroit-metal-city	デトロイト・メタル・シティ	デトロイト・メタル・シティ	10	12	10	0	6	0	4	0	0	0	0
APPLY	egawa-to-nishimoto	江川と西本	江川と西本	12	12	10	2	10	0	0	0	0	0	0
APPLY	elite-jack	エリートジャック!!	エリートジャック!!	12	17	10	2	5	5	0	0	0	0	0
APPLY	gakuen-kakumeiden-mitsurugi	学園革命伝ミツルギ	学園革命伝ミツルギ	10	21	10	0	0	0	10	0	0	0	0
APPLY	ganbare-dodge-fighters	がんばれ!ドッジファイターズ	がんばれ!ドッジファイターズ	10	10	10	0	10	0	0	0	0	0	0
APPLY	gokuraku-seishun-hokkeebu	極楽・青春ホッケー部	極楽青春ホッケー部	14	14	10	4	0	0	10	0	0	0	0
APPLY	hetakoi	ヘタコイ	ヘタコイ	10	10	10	0	0	0	10	0	0	0	0
APPLY	hoozuki-no-reitetsu	鬼灯の冷徹	鬼灯の冷徹	31	43	10	21	0	0	10	0	0	0	0
APPLY	hoshi-no-samidare	惑星のさみだれ	惑星のさみだれ	10	10	10	0	9	0	1	0	0	0	0
APPLY	houshin-engi	封神演義	封神演義 (漫画)	35	57	10	25	0	0	10	0	0	0	0
APPLY	joshiryoku-takamena-shishihara-kun	女子力高めな獅子原くん	女子力高めな獅子原くん	11	11	10	1	10	0	0	0	0	0	0
APPLY	jungle-wa-itsumo-hare-nochi-guu	ジャングルはいつもハレのちグゥ	ジャングルはいつもハレのちグゥ	10	20	10	0	10	0	0	0	0	0	0
APPLY	kabesaa-doujin-sakka-no-nekoyashiki-kun-wa-shounin-yokkyuu-o-kojirasete-iru	壁サー同人作家の猫屋敷くんは承認欲求をこじらせている	壁サー同人作家の猫屋敷くんは承認欲求をこじらせている	11	11	10	1	10	0	0	0	0	0	0
APPLY	kanata-kakeru	かなたかける	かなたかける	10	10	10	0	10	0	0	0	0	0	0
APPLY	kare-first-love	「彼」first love	「彼」first love	15	16	10	5	10	0	0	0	0	0	0
APPLY	koe-de-oshigoto	こえでおしごと!	こえでおしごと!	10	22	10	0	10	0	0	0	0	0	0
APPLY	koizora	恋空	恋空	10	27	10	0	3	0	7	0	0	0	0
APPLY	kokko-chan	コッコちゃん	コッコちゃん	10	10	10	0	0	0	10	0	0	0	0
APPLY	kotaroo-wa-hitorigurashi	コタローは1人暮らし	コタローは1人暮らし	10	10	10	0	10	0	0	0	0	0	0
APPLY	koukou-tekken-den-tough	高校鉄拳伝タフ	高校鉄拳伝タフ	42	42	10	32	0	0	10	0	0	0	0
APPLY	magical-sutoroberii	まじかるストロベリィ	まじかるストロベリィ	10	10	10	0	0	0	10	0	0	0	0
APPLY	oda-cinnamon-nobunaga	織田シナモン信長	織田シナモン信長	10	10	10	0	10	0	0	0	0	0	0
APPLY	orei-ha-mite-no-okaeri	お礼は見てのお帰り	お礼は見てのお帰り	10	10	10	0	10	0	0	0	0	0	0
APPLY	oyasumi-punpun	おやすみプンプン	おやすみプンプン	13	13	10	3	10	0	0	0	0	0	0
APPLY	pachisuro-de-atta-zenbu-umai-hanashi	パチスロであった全部旨い話	パチスロであった全部旨い話	10	19	10	0	10	0	0	0	0	0	0
APPLY	rrr	RRR	RRR (漫画)	10	10	10	0	0	0	10	0	0	0	0
APPLY	sapuri	サプリ	サプリ (漫画)	10	11	10	0	1	0	9	0	0	0	0
APPLY	sei-naru-otome-to-himegoto-o	聖なる乙女と秘めごとを	聖なる乙女と秘めごとを	12	12	10	2	0	10	0	0	0	0	0
APPLY	sento-license	聖・ライセンス	聖ライセンス	10	17	10	0	8	2	0	0	0	0	0
APPLY	shinishukakutoutaisen	真・異種格闘大戦	真・異種格闘大戦	10	10	10	0	0	0	10	0	0	0	0
APPLY	shutohel	シュトヘル	シュトヘル	14	14	10	4	10	0	0	0	0	0	0
APPLY	soukaikessen	蒼海訣戰	蒼海訣戰	10	21	10	0	0	0	10	0	0	0	0
APPLY	stella-no-mahou	ステラのまほう	ステラのまほう	10	11	10	0	10	0	0	0	0	0	0
APPLY	teekyuu	てーきゅう	てーきゅう	15	20	10	5	0	0	10	0	0	0	0
APPLY	ten-ni-hibiki	天にひびき	天にひびき	10	10	10	0	7	0	3	0	0	0	0
APPLY	toshokan-no-aruji	図書館の主	図書館の主	15	16	10	5	8	1	1	0	0	0	0
APPLY	ueno-san-wa-bukiyou	上野さんは不器用	上野さんは不器用	10	10	10	0	10	0	0	0	0	0	0
APPLY	usotsuki-paradox	うそつきパラドクス	うそつきパラドクス	10	18	10	0	9	0	1	0	0	0	0
APPLY	uwasa-no-midori-kun	うわさの翠くん!!	うわさの翠くん!!	10	10	10	0	1	9	0	0	0	0	0
APPLY	yakyuu-shiyouze	野球しようぜ!	野球しようぜ!	10	25	10	0	10	0	0	0	0	0	0
APPLY	yubisaki-milk-teii	ゆびさきミルクティー	ゆびさきミルクティー	10	10	10	0	10	0	0	0	0	0	0
APPLY	begin	BEGIN	BEGIN (漫画)	9	9	9	0	9	0	0	0	0	0	0
APPLY	birdmen	BIRDMEN	BIRDMEN	16	16	9	7	0	9	0	0	0	0	0
APPLY	chichi-chichi	チチチチ	チチチチ	9	9	9	0	9	0	0	0	0	0	0
APPLY	dai-tokyo-toibokkusu	大東京トイボックス	大東京トイボックス	10	11	9	1	0	0	9	0	0	0	0
APPLY	dien-bien-phu	ディエンビエンフー	ディエンビエンフー (漫画)	12	28	9	3	9	0	0	0	0	0	0
APPLY	futsuu-no-joshikousei-ga-rokodoru-yattemita	普通の女子校生が【ろこどる】やってみた。	普通の女子校生が【ろこどる】やってみた。	10	13	9	1	9	0	0	0	0	0	0
APPLY	gannibal	ガンニバル	ガンニバル	13	20	9	4	9	0	0	0	0	0	0
APPLY	gifuu-doudou-naoe-kanetsugu-maeda-deka-tsukigatari	義風堂々!!直江兼続前田慶次月語り	義風堂々 直江兼続 -前田慶次月語り-	9	54	9	0	0	0	9	0	0	0	0
APPLY	hana-ni-kedamono	花にけだもの	花にけだもの	10	17	9	1	1	7	1	0	0	0	0
APPLY	hanazakari-no-kimitachi-e	花ざかりの君たちへ	花ざかりの君たちへ	23	40	9	14	0	0	9	0	0	0	0
APPLY	hokuto-no-ken-ichigoaji	北斗の拳 イチゴ味	北斗の拳 イチゴ味	9	9	9	0	9	0	0	0	0	0	0
APPLY	iburigurashi	いぶり暮らし	いぶり暮らし	9	9	9	0	9	0	0	0	0	0	0
APPLY	kajitetsu-ouji	カジテツ王子	カジテツ王子	9	9	9	0	0	0	9	0	0	0	0
APPLY	kamiari	かみあり	かみあり	9	9	9	0	7	0	2	0	0	0	0
APPLY	kamikuzu-idol	神クズ☆アイドル	神クズ☆アイドル	9	9	9	0	9	0	0	0	0	0	0
APPLY	kamui	Kamui	KAMUI	11	11	9	2	9	0	0	0	0	0	0
APPLY	kemeko-dx	ケメコデラックス!	ケメコデラックス!	9	9	9	0	3	6	0	0	0	0	0
APPLY	kimi-ni-aisarete-itakatta	君に愛されて痛かった	君に愛されて痛かった	10	15	9	1	8	1	0	0	0	0	0
APPLY	kine-1-no-hitori-de-kinema	木根さんの1人でキネマ	木根さんの1人でキネマ	11	11	9	2	9	0	0	0	0	0	0
APPLY	kirakira-kaoru	きらきら馨る	きらきら馨る	12	21	9	3	0	0	9	0	0	0	0
APPLY	koikoi-7	こいこい7	こいこい7	9	9	9	0	9	0	0	0	0	0	0
APPLY	kuni-ga-moeru	国が燃える	国が燃える	9	9	9	0	0	0	9	0	0	0	0
APPLY	monochrome-factor	モノクローム・ファクター	モノクローム・ファクター	11	11	9	2	3	0	6	0	0	0	0
APPLY	mujina	ムジナ	ムジナ (漫画)	9	14	9	0	9	0	0	0	0	0	0
APPLY	mutekidou	無敵道	無敵道	9	22	9	0	7	0	2	0	0	0	0
APPLY	nicoichi	ニコイチ	ニコイチ (漫画)	10	10	9	1	6	0	3	0	0	0	0
APPLY	nomi-joshi	のみじょし	のみじょし	15	15	9	6	8	0	1	0	0	0	0
APPLY	nue-no-onmyouji	鵺の陰陽師	鵺の陰陽師	16	16	9	7	0	9	0	0	0	0	0
APPLY	nukozuke	ぬこづけ!	ぬこづけ!	24	24	9	15	0	9	0	0	0	0	0
APPLY	omae-tanuki-ni-naraneeka	お前、タヌキにならねーか?	お前、タヌキにならねーか?	10	10	9	1	9	0	0	0	0	0	0
APPLY	onee-san-wa-joshi-shougakusei-ni-kyoumi-ga-arimasu	お姉さんは女子小学生に興味があります。	お姉さんは女子小学生に興味があります。	11	14	9	2	9	0	0	0	0	0	0
APPLY	piihyoro-ikka	ぴーひょろ一家	ぴーひょろ一家	9	31	9	0	9	0	0	0	0	0	0
APPLY	pintokona	ぴんとこな	ぴんとこな	16	16	9	7	8	0	1	0	0	0	0
APPLY	plus-chikku-nee-san	+ チック姉さん	+チック姉さん	30	35	9	21	0	4	5	0	0	0	0
APPLY	police-station-rashoumon	PS 羅生門	PS -羅生門-	9	9	9	0	9	0	0	0	0	0	0
APPLY	rakka-ryuusui	落花流水	落花流水 (漫画)	9	10	9	0	9	0	0	0	0	0	0
APPLY	saint-koukousei	聖★高校生	聖★高校生	11	11	9	2	9	0	0	0	0	0	0
APPLY	shin-mazinger-zero	真マジンガーzero	真マジンガーZERO	9	21	9	0	8	0	1	0	0	0	0
APPLY	taekwondoer-park	テコンダー朴	テコンダー朴	9	14	9	0	9	0	0	0	0	0	0
APPLY	taiyou-no-ie	たいようのいえ	たいようのいえ	13	16	9	4	0	0	9	0	0	0	0
APPLY	takane-no-hana-san	高嶺のハナさん	高嶺のハナさん	14	14	9	5	8	1	0	0	0	0	0
APPLY	toushou-boy	闘翔ボーイ	闘翔ボーイ	9	9	9	0	9	0	0	0	0	0	0
APPLY	ubel-blatt	ユーベルブラット	ユーベルブラット	23	28	9	14	9	0	0	0	0	0	0
APPLY	uchuujin-muumuu	宇宙人ムームー	宇宙人ムームー	10	10	9	1	9	0	0	0	0	0	0
APPLY	watashi-ga-motenai-no-wa-dou-kangaetemo-omaera-ga-warui	私がモテないのはどう考えてもお前らが悪い!	私がモテないのはどう考えてもお前らが悪い!	28	34	9	19	0	3	6	0	0	0	0
APPLY	yandere-kanojo	ヤンデレ彼女	ヤンデレ彼女	17	17	9	8	0	0	9	0	0	0	0
APPLY	yumekui-kenbun	夢喰見聞	夢喰見聞	9	10	9	0	9	0	0	0	0	0	0
APPLY	100-paasento-pasukaru-sensei	100%パスカル先生	100%パスカル先生	8	8	8	0	6	2	0	0	0	0	0
APPLY	2dk-gpen-mezamashidokei	2DK、Gペン、目覚まし時計。	2DK、Gペン、目覚まし時計。	8	8	8	0	8	0	0	0	0	0	0
APPLY	adamas	ADAMAS	ADAMAS	11	11	8	3	0	0	8	0	0	0	0
APPLY	all-rounder-meguru	オールラウンダー廻	オールラウンダー廻	19	19	8	11	0	0	8	0	0	0	0
APPLY	asmodeus-wa-akiramenai	アスモデウスはあきらめない	アスモデウスはあきらめない	8	8	8	0	8	0	0	0	0	0	0
APPLY	blue-giant	BLUE GIANT	BLUE GIANT	10	40	8	2	7	1	0	0	0	0	0
APPLY	blue	BLUE	BLUE (千葉コズエの漫画)	8	8	8	0	4	4	0	0	0	0	0
APPLY	bocchi-za-rock	ぼっち・ざ・ろっく!	ぼっち・ざ・ろっく!	8	23	8	0	8	0	0	0	0	0	0
APPLY	boku-to-kanojo-no-peke-mittsu	僕と彼女の×××	僕と彼女の×××	8	12	8	0	5	0	3	0	0	0	0
APPLY	c-sword-and-cornett	+ C sword and cornett	+C sword and cornett	8	9	8	0	8	0	0	0	0	0	0
APPLY	d-flag	ディーふらぐ!	ディーふらぐ!	20	21	8	12	0	2	6	0	0	0	0
APPLY	daisan-no-gideon	第3のギデオン	第3のギデオン	8	8	8	0	8	0	0	0	0	0	0
APPLY	dousei-recipe	同棲レシピ	同棲レシピ	8	8	8	0	5	0	3	0	0	0	0
APPLY	doushirou-de-gozaru	道士郎でござる	道士郎でござる	8	8	8	0	8	0	0	0	0	0	0
APPLY	exoskull-zero	エクゾスカル零	エクゾスカル 零	8	8	8	0	8	0	0	0	0	0	0
APPLY	franken-fran	フランケン・ふらん	フランケン・ふらん	8	20	8	0	8	0	0	0	0	0	0
APPLY	fujimura-kun-mates	藤村くんメイツ	藤村くんメイツ	8	8	8	0	0	0	8	0	0	0	0
APPLY	gachiakuta	ガチアクタ	ガチアクタ	19	19	8	11	0	8	0	0	0	0	0
APPLY	gin-no-anchor	銀のアンカー	銀のアンカー	8	8	8	0	0	0	8	0	0	0	0
APPLY	goiken-muyoutsu	御意見無用っ!!	御意見無用っ!!	8	9	8	0	8	0	0	0	0	0	0
APPLY	goukyuu-shoujo	剛球少女	剛球少女	8	12	8	0	8	0	0	0	0	0	0
APPLY	gura-paratsu	グラぱらっ!	グラぱらっ!	13	14	8	5	0	8	0	0	0	0	0
APPLY	haamerun-no-baiorin-hiki-shierukunchiku	ハーメルンのバイオリン弾き　シェルクンチク	ハーメルンのバイオリン弾き〜シェルクンチク〜	8	8	8	0	2	0	6	0	0	0	0
APPLY	hatsu-haru	ハツ*ハル	ハツ*ハル	13	13	8	5	8	0	0	0	0	0	0
APPLY	hinadori-no-waltz	雛鳥のワルツ	雛鳥のワルツ	9	9	8	1	0	8	0	0	0	0	0
APPLY	ikigami	イキガミ	イキガミ	10	13	8	2	8	0	0	0	0	0	0
APPLY	jashin-chan-drop-kick	邪神ちゃんドロップキック	邪神ちゃんドロップキック	27	28	8	19	0	3	5	0	0	0	0
APPLY	jinrouki-uinvuruga	人狼機ウィンヴルガ	人狼機ウィンヴルガ	10	15	8	2	8	0	0	0	0	0	0
APPLY	junai-tokkou-taichou	純愛特攻隊長!	純愛特攻隊長!	13	20	8	5	0	0	8	0	0	0	0
APPLY	kaiten-no-albus	廻天のアルバス	廻天のアルバス	8	8	8	0	0	8	0	0	0	0	0
APPLY	kamisakka-murasakishikibu-no-arienai-hibi	神作家・紫式部のありえない日々	神作家・紫式部のありえない日々	8	8	8	0	8	0	0	0	0	0	0
APPLY	kao-ni-doro-o-nuru	顔に泥を塗る	顔に泥を塗る	8	8	8	0	8	0	0	0	0	0	0
APPLY	kimi-wa-sora-no-subete	キミは宙のすべて	キミは宙のすべて	8	12	8	0	3	5	0	0	0	0	0
APPLY	kuroudo	蔵人	蔵人 (漫画)	10	10	8	2	8	0	0	0	0	0	0
APPLY	kusunoki-san-wa-koukou-debut-ni-shippai-shite-iru	楠木さんは高校デビューに失敗している	楠木さんは高校デビューに失敗している	8	8	8	0	8	0	0	0	0	0	0
APPLY	kyou-mo-curry-desuka	今日もカレーですか?	今日もカレーですか?	10	12	8	2	6	2	0	0	0	0	0
APPLY	lupin-iii-isekai-no-himegimi	ルパン三世 異世界の姫君(ネイバーワールドプリンセス)	ルパン三世 異世界の姫君	19	20	8	11	0	8	0	0	0	0	0
APPLY	maajan-kozou	麻雀小僧	麻雀小僧	16	16	8	8	5	0	3	0	0	0	0
APPLY	marmalade-boy	ママレード・ボーイ	ママレード・ボーイ	13	32	8	5	0	8	0	0	0	0	0
APPLY	menzukou	メンズ校	メンズ校	8	16	8	0	2	0	6	0	0	0	0
APPLY	mikarun-x	ミカるんX	ミカるんX	8	8	8	0	7	0	1	0	0	0	0
APPLY	mishakuji-otoshi	御石神落とし	御石神落とし	8	8	8	0	8	0	0	0	0	0	0
APPLY	mister-zipangu	Misterジパング	MISTERジパング	12	12	8	4	8	0	0	0	0	0	0
APPLY	montage	モンタージュ	モンタージュ (漫画)	19	19	8	11	0	0	8	0	0	0	0
APPLY	mozuya-san-gyakujousuru	百舌谷さん逆上する	百舌谷さん逆上する	10	10	8	2	0	0	8	0	0	0	0
APPLY	natsunokumo	ナツノクモ	ナツノクモ	8	8	8	0	8	0	0	0	0	0	0
APPLY	nature-jimon	ネイチャージモン	ネイチャージモン (漫画)	9	11	8	1	0	0	8	0	0	0	0
APPLY	neko-no-otera-no-chion-san	猫のお寺の知恩さん	猫のお寺の知恩さん	9	9	8	1	8	0	0	0	0	0	0
APPLY	nikaidou-jigoku-golf	二階堂地獄ゴルフ	二階堂地獄ゴルフ	14	14	8	6	0	8	0	0	0	0	0
APPLY	ningen-kaishuusha	人間回収車	人間回収車	12	15	8	4	6	2	0	0	0	0	0
APPLY	ore-sama-kingdom	オレ様キングダム	オレ様キングダム	12	22	8	4	3	5	0	0	0	0	0
APPLY	pineapple-army	パイナップルARMY	パイナップルARMY	14	14	8	6	8	0	0	0	0	0	0
APPLY	planet-with	プラネット・ウィズ	プラネット・ウィズ	8	10	8	0	8	0	0	0	0	0	0
APPLY	ponkotsu-ponko	ぽんこつポン子	ぽんこつポン子	10	10	8	2	8	0	0	0	0	0	0
APPLY	sakura-sakura	サクラサクラ	サクラサクラ	8	8	8	0	0	8	0	0	0	0	0
APPLY	sengoku	センゴク	センゴク	15	89	8	7	0	8	0	0	0	0	0
APPLY	senpai-wa-otokonoko	先輩はおとこのこ	先輩はおとこのこ	10	10	8	2	8	0	0	0	0	0	0
APPLY	shounen-yo-tanbi-o-egake	少年よ耽美を描け	少年よ耽美を描け	8	8	8	0	2	0	6	0	0	0	0
APPLY	sketchbook	スケッチブック	スケッチブック (漫画)	14	19	8	6	5	0	3	0	0	0	0
APPLY	soko-o-nantoka	そこをなんとか	そこをなんとか	15	15	8	7	0	0	8	0	0	0	0
APPLY	spotted-flower	Spotted Flower	Spotted Flower	8	8	8	0	7	0	1	0	0	0	0
APPLY	succubus-hitman	サキュバス&ヒットマン	サキュバス&ヒットマン	14	14	8	6	3	5	0	0	0	0	0
APPLY	sugar-sugar-rune	シュガシュガルーン	シュガシュガルーン	13	23	8	5	6	2	0	0	0	0	0
APPLY	sundome	すんドめ	すんドめ	8	8	8	0	8	0	0	0	0	0	0
APPLY	sunoharasou-no-kanrinin-san	すのはら荘の管理人さん	すのはら荘の管理人さん	8	8	8	0	8	0	0	0	0	0	0
APPLY	suteki-tantei-labyrinth	素敵探偵ラビリンス	素敵探偵☆ラビリンス	8	10	8	0	0	8	0	0	0	0	0
APPLY	taizou-mote-king-saga	太臓もて王サーガ	太臓もて王サーガ	8	8	8	0	0	8	0	0	0	0	0
APPLY	teishu-genki-de-inu-ga-ii	亭主元気で犬がいい	亭主元気で犬がいい	8	8	8	0	8	0	0	0	0	0	0
APPLY	tennis-boy	テニスボーイ	テニスボーイ	10	24	8	2	0	7	1	0	0	0	0
APPLY	tokyo-innocent	東京・イノセント	東京★イノセント	9	9	8	1	0	0	8	0	0	0	0
APPLY	two-toppu	TWO突風!	TWO突風!	8	8	8	0	8	0	0	0	0	0	0
APPLY	ume-to-momo-no-futsuu-no-kurashi	うめともものふつうの暮らし	うめともものふつうの暮らし	12	12	8	4	6	2	0	0	0	0	0
APPLY	usotoki-rhetoric	嘘解きレトリック	嘘解きレトリック	10	10	8	2	0	8	0	0	0	0	0
APPLY	washizu-enma-no-touhai	ワシズ -閻魔の闘牌-	ワシズ -閻魔の闘牌-	8	12	8	0	5	0	3	0	0	0	0
APPLY	yomawari-sensei	夜回り先生	夜回り先生 (漫画)	9	11	8	1	8	0	0	0	0	0	0
APPLY	yuureitou	幽麗塔	幽麗塔	9	9	8	1	8	0	0	0	0	0	0
APPLY	yuutousei-to-himitsu-no-oshigoto	優等生と秘密のお仕事	優等生と秘密のお仕事	10	10	8	2	7	1	0	0	0	0	0
APPLY	abarenbou-shounagon	暴れん坊少納言	暴れん坊少納言	7	7	7	0	0	0	7	0	0	0	0
APPLY	akane-no-ne	アカネノネ	アカネノネ	7	7	7	0	7	0	0	0	0	0	0
APPLY	alice-19th	ありす19th	ありす19th	11	11	7	4	7	0	0	0	0	0	0
APPLY	alice-uchuu-made-mo	ありす、宇宙までも	ありす、宇宙までも	7	7	7	0	6	1	0	0	0	0	0
APPLY	android-wa-keiken-ninzuu-ni-hairimasu-ka	アンドロイドは経験人数に入りますか??	アンドロイドは経験人数に入りますか??	7	7	7	0	7	0	0	0	0	0	0
APPLY	animegaoshigoto	アニメがお仕事!	アニメがお仕事!	7	7	7	0	7	0	0	0	0	0	0
APPLY	aozora-ni-tooku-sakebitari	青空にとおく酒浸り	青空にとおく酒浸り	7	7	7	0	5	0	2	0	0	0	0
APPLY	arashi-no-jiei-boy-buttobi-fight	嵐のJボーイ ぶっとび闘人	嵐のJボーイ ぶっとび闘人	7	7	7	0	7	0	0	0	0	0	0
APPLY	ashikaga-anarchy	足利アナーキー	足利アナーキー	7	7	7	0	7	0	0	0	0	0	0
APPLY	beach-stars	ビーチスターズ	ビーチスターズ	7	9	7	0	0	0	7	0	0	0	0
APPLY	beru-to-futari-de	ベルとふたりで	ベルとふたりで	7	7	7	0	5	0	2	0	0	0	0
APPLY	beyblade-x	BEYBLADE X	BEYBLADE X	9	9	7	2	7	0	0	0	0	0	0
APPLY	bougyoryoku-zero-no-yome	防御力ゼロの嫁	防御力ゼロの嫁	7	7	7	0	7	0	0	0	0	0	0
APPLY	captain-alice	CAPTAINアリス	CAPTAINアリス	10	10	7	3	0	0	7	0	0	0	0
APPLY	colette-wa-shinu-koto-ni-shita	コレットは死ぬことにした	コレットは死ぬことにした	20	21	7	13	0	7	0	0	0	0	0
APPLY	crazy-for-you	CRAZY FOR YOU	CRAZY FOR YOU (漫画)	9	10	7	2	0	6	1	0	0	0	0
APPLY	domina-no-do	どみなのド!	どみなのド!	7	7	7	0	7	0	0	0	0	0	0
APPLY	dragon-voice	DRAGON VOICE	DRAGON VOICE	11	11	7	4	0	0	7	0	0	0	0
APPLY	embryon-road	エンブリヲン・ロード	エンブリヲン・ロード	7	7	7	0	0	0	7	0	0	0	0
APPLY	exorcist-o-otosenai	エクソシストを堕とせない	エクソシストを堕とせない	15	15	7	8	0	7	0	0	0	0	0
APPLY	gain	ゲイン	ゲイン (漫画)	7	7	7	0	7	0	0	0	0	0	0
APPLY	gekikou-kamen	劇光仮面	劇光仮面	9	9	7	2	7	0	0	0	0	0	0
APPLY	god-bird	ゴッドバード	ゴッドバード (長谷川裕一の漫画)	7	7	7	0	0	0	7	0	0	0	0
APPLY	gyakusatsu-happy-end	虐殺ハッピーエンド	虐殺ハッピーエンド	8	8	7	1	7	0	0	0	0	0	0
APPLY	hakobune-hakusho	はこぶね白書	はこぶね白書	7	7	7	0	7	0	0	0	0	0	0
APPLY	hideyoshi-de-gozaru	秀吉でごザル!!	秀吉でごザル!!	7	7	7	0	0	0	7	0	0	0	0
APPLY	himizu	ヒミズ	ヒミズ (漫画)	7	11	7	0	0	0	7	0	0	0	0
APPLY	hitohira	ひとひら	ひとひら	7	9	7	0	5	0	2	0	0	0	0
APPLY	hokuto-no-ken-seikimatsu-drama-satsueiden	北斗の拳世紀末ドラマ撮影伝	北斗の拳 世紀末ドラマ撮影伝	9	9	7	2	7	0	0	0	0	0	0
APPLY	horizon	HORIZON	HORIZON (漫画)	7	7	7	0	7	0	0	0	0	0	0
APPLY	hoshi-no-kirby-kyou-mo-manmaru-nikki	星のカービィ今日もまんまる日記!	星のカービィ 今日もまんまる日記!	7	11	7	0	7	0	0	0	0	0	0
APPLY	ibitsu	いびつ	いびつ	7	7	7	0	7	0	0	0	0	0	0
APPLY	imouto-wa-shitte-iru	妹は知っている	妹は知っている	8	8	7	1	0	7	0	0	0	0	0
APPLY	ittsuu	いっツー	いっツー	7	7	7	0	7	0	0	0	0	0	0
APPLY	jabberwocky	ジャバウォッキー	ジャバウォッキー (漫画)	7	14	7	0	0	0	7	0	0	0	0
APPLY	juujika-no-rokunin	十字架のろくにん	十字架のろくにん	24	24	7	17	0	7	0	0	0	0	0
APPLY	kahe-tanteibu	かへたんていぶ	かへたんていぶ	12	12	7	5	0	0	7	0	0	0	0
APPLY	kakanai-mangaka	描かないマンガ家	描かないマンガ家	7	7	7	0	7	0	0	0	0	0	0
APPLY	kamiina-bo-tan-yoeru-sugata-wa-yuri-no-hana	上伊那ぼたん、酔へる姿は百合の花	上伊那ぼたん、酔へる姿は百合の花	8	8	7	1	6	1	0	0	0	0	0
APPLY	kamikaze-kaitou-jeanne	神風怪盗ジャンヌ	神風怪盗ジャンヌ	12	27	7	5	0	7	0	0	0	0	0
APPLY	kare-wa-tomodachi	彼はトモダチ	彼はトモダチ	7	8	7	0	0	0	7	0	0	0	0
APPLY	kemono-to-chat	けものとチャット	けものとチャット	7	7	7	0	5	0	2	0	0	0	0
APPLY	kengai-princess	圏外プリンセス	圏外プリンセス	7	7	7	0	0	7	0	0	0	0	0
APPLY	kimi-no-koto-ga-daidaidaidaidaisuki-na-100-nin-no-kanojo	君のことが大大大大大好きな100人の彼女	君のことが大大大大大好きな100人の彼女	26	27	7	19	0	7	0	0	0	0	0
APPLY	kingyochuuihou	きんぎょ注意報!	きんぎょ注意報!	15	25	7	8	0	0	7	0	0	0	0
APPLY	konshierujuinperiaru	コンシェルジュインペリアル	コンシェルジュ インペリアル	7	7	7	0	7	0	0	0	0	0	0
APPLY	kotoura-san	琴浦さん	琴浦さん	7	9	7	0	3	0	4	0	0	0	0
APPLY	koufuku-graffiti	幸腹グラフィティ	幸腹グラフィティ	7	8	7	0	7	0	0	0	0	0	0
APPLY	kuge-samurai-hiroku	公家侍秘録	公家侍秘録	7	14	7	0	7	0	0	0	0	0	0
APPLY	kurozakuro	クロザクロ	クロザクロ	7	7	7	0	7	0	0	0	0	0	0
APPLY	kyou-kara-hajimeru-osananajimi	今日から始める幼なじみ	今日から始める幼なじみ	17	17	7	10	0	7	0	0	0	0	0
APPLY	kyou-wa-kanojo-ga-inaikara	今日はカノジョがいないから	今日はカノジョがいないから	7	7	7	0	7	0	0	0	0	0	0
APPLY	kyuuketsuki-sugu-shinu	吸血鬼すぐ死ぬ	吸血鬼すぐ死ぬ	26	34	7	19	0	7	0	0	0	0	0
APPLY	layla	麗羅	麗羅 (漫画)	7	7	7	0	0	0	7	0	0	0	0
APPLY	lich-keikan-cash	リッチ警官キャッシュ!	リッチ警官 キャッシュ!	9	9	7	2	7	0	0	0	0	0	0
APPLY	love-celeb	ラブセレブ	ラブセレブ	7	7	7	0	7	0	0	0	0	0	0
APPLY	maou-no-musume-wa-yasashisugiru	魔王の娘は優しすぎる!!	魔王の娘は優しすぎる!!	7	7	7	0	6	1	0	0	0	0	0
APPLY	maoujou-de-oyasumi	魔王城でおやすみ	魔王城でおやすみ	32	33	7	25	0	7	0	0	0	0	0
APPLY	maruhon-no-juunin	○本の住人	○本の住人	7	7	7	0	7	0	0	0	0	0	0
APPLY	masuraou	益荒王	益荒王	7	7	7	0	0	0	7	0	0	0	0
APPLY	matantei-loki	魔探偵ロキ	魔探偵ロキ	7	26	7	0	7	0	0	0	0	0	0
APPLY	mayonaka-heart-tune	真夜中ハートチューン	真夜中ハートチューン	14	14	7	7	0	7	0	0	0	0	0
APPLY	medamayaki-no-kimi-itsu-tsubusu	目玉焼きの黄身いつつぶす?	目玉焼きの黄身 いつつぶす?	12	12	7	5	7	0	0	0	0	0	0
APPLY	miyuki	みゆき	みゆき (漫画)	24	33	7	17	7	0	0	0	0	0	0
APPLY	nanimo-naikedo-sora-wa-aoi	何もないけど空は青い	何もないけど空は青い	7	7	7	0	0	7	0	0	0	0	0
APPLY	onii-chan-no-koto-nanka-zenzen-sukijanaindakaranetsu	お兄ちゃんのことなんかぜんぜん好きじゃないんだからねっ!!	お兄ちゃんのことなんかぜんぜん好きじゃないんだからねっ!!	12	13	7	5	0	0	7	0	0	0	0
APPLY	onmyouji-tamatebako	陰陽師 玉手匣	陰陽師 玉手匣	7	7	7	0	7	0	0	0	0	0	0
APPLY	osananajimi-to-wa-rabukome-ni-naranai	幼馴染とはラブコメにならない	幼馴染とはラブコメにならない	21	21	7	14	0	7	0	0	0	0	0
APPLY	otoriyose-ouji-iida-yoshimi	おとりよせ王子飯田好実	おとりよせ王子 飯田好実	7	13	7	0	7	0	0	0	0	0	0
APPLY	ouchi-ga-ichiban	おうちがいちばん	おうちがいちばん	7	7	7	0	5	0	2	0	0	0	0
APPLY	oujougiwa-no-imi-o-shire	往生際の意味を知れ!	往生際の意味を知れ!	8	8	7	1	7	0	0	0	0	0	0
APPLY	pon-to-kimaira	PON!とキマイラ	PON!とキマイラ	7	8	7	0	7	0	0	0	0	0	0
APPLY	pugyuru	ぷぎゅる	ぷぎゅる	7	7	7	0	0	0	7	0	0	0	0
APPLY	ray	RAY	RAY (漫画)	7	8	7	0	7	0	0	0	0	0	0
APPLY	re-cervin	レ・セルバン	レ・セルバン	10	10	7	3	7	0	0	0	0	0	0
APPLY	rock-wa-lady-no-tashinami-deshite	ロックは淑女の嗜みでして	ロックは淑女の嗜みでして	8	8	7	1	7	0	0	0	0	0	0
APPLY	ryuu-oze-1987	リュウ	リュウ (漫画)	7	7	7	0	7	0	0	0	0	0	0
APPLY	schafer-hound	シェイファー・ハウンド	シェイファー・ハウンド	8	8	7	1	7	0	0	0	0	0	0
APPLY	seigai-no-majo	聖骸の魔女	聖骸の魔女	7	7	7	0	7	0	0	0	0	0	0
APPLY	seito-kaichou-ni-chuukoku	生徒会長に忠告	生徒会長に忠告	7	7	7	0	7	0	0	0	0	0	0
APPLY	sekiei-ayakashi-manga-tan	石影妖漫画譚	石影妖漫画譚	11	11	7	4	0	0	7	0	0	0	0
APPLY	sensen-spike-hills	戦線スパイクヒルズ	戦線スパイクヒルズ	7	7	7	0	7	0	0	0	0	0	0
APPLY	shachou-to-sake-to-hoshi	社長と酒と星	社長と酒と星	8	8	7	1	0	7	0	0	0	0	0
APPLY	shokubutsu-byourigaku-wa-ashita-no-kimi-o-negau	植物病理学は明日の君を願う	植物病理学は明日の君を願う	8	8	7	1	6	1	0	0	0	0	0
APPLY	tanma-kun	タンマ君	タンマ君	7	8	7	0	0	0	7	0	0	0	0
APPLY	teens-blues	ティーンズブルース	ティーンズブルース	7	7	7	0	7	0	0	0	0	0	0
APPLY	tennen-hachimitsuryou	天然はちみつ寮。	天然はちみつ寮。	7	7	7	0	7	0	0	0	0	0	0
APPLY	tokyo-love-story	東京ラブストーリー	東京ラブストーリー	7	9	7	0	7	0	0	0	0	0	0
APPLY	torokeru-tekkoujo	とろける鉄工所	とろける鉄工所	10	10	7	3	0	0	7	0	0	0	0
APPLY	trillion-game	トリリオンゲーム	トリリオンゲーム	11	11	7	4	6	1	0	0	0	0	0
APPLY	urara-meirochou	うらら迷路帖	うらら迷路帖	7	8	7	0	7	0	0	0	0	0	0
APPLY	wakusei-nendaiki	水惑星年代記	水惑星年代記	7	13	7	0	0	0	7	0	0	0	0
APPLY	yagami-kun-no-katei-no-jijou	八神くんの家庭の事情	八神くんの家庭の事情	11	11	7	4	7	0	0	0	0	0	0
APPLY	yoiyami-gentouzoushi	宵闇眩燈草紙	宵闇眩燈草紙	7	7	7	0	0	0	7	0	0	0	0
APPLY	yuugioujiiekkusu	遊戯王GX	遊☆戯☆王GX	9	9	7	2	0	7	0	0	0	0	0
APPLY	yuusha-no-haha-desu-maougun-no-kanbu-ni-narimashita	勇者の母ですが、魔王軍の幹部になりました。	勇者の母ですが、魔王軍の幹部になりました。	7	10	7	0	6	0	1	0	0	0	0
APPLY	yuusha-to-maou-no-rabukome	勇者と魔王のラブコメ	勇者と魔王のラブコメ	7	7	7	0	7	0	0	0	0	0	0
APPLY	24-no-hitomi	24のひとみ	24のひとみ	6	7	6	0	5	1	0	0	0	0	0
APPLY	4-gatsu-no-kimi-spica	4月の君、スピカ。	4月の君、スピカ。	10	11	6	4	1	5	0	0	0	0	0
APPLY	7-nin-no-nemurihime	7人の眠り姫	7人の眠り姫	12	12	6	6	0	6	0	0	0	0	0
APPLY	7nin-no-7-eikusupia	7人のシェイクスピア	7人のシェイクスピア	6	21	6	0	6	0	0	0	0	0	0
APPLY	8-man-infinitei	8マンインフィニティ	8マン インフィニティ	6	6	6	0	0	0	6	0	0	0	0
APPLY	aa-itoshi-no-banchou-sama	あぁ愛しの番長さま	あぁ愛しの番長さま	8	8	6	2	0	6	0	0	0	0	0
APPLY	ai-no-idenshi	AIの遺電子	AIの遺電子	8	22	6	2	0	6	0	0	0	0	0
APPLY	akuma-jiten	悪魔事典	悪魔事典	6	6	6	0	5	0	1	0	0	0	0
APPLY	amateur-vigilante	アマチュアビジランテ	アマチュアビジランテ	8	8	6	2	0	6	0	0	0	0	0
APPLY	aoki-honoo	青き炎	青き炎 (漫画)	6	6	6	0	6	0	0	0	0	0	0
APPLY	bad-girl	ばっどがーる	ばっどがーる	6	7	6	0	6	0	0	0	0	0	0
APPLY	bakumatsu-fuuraiden-zanrouta	幕末風来伝斬郎汰	幕末風来伝斬郎汰	6	6	6	0	6	0	0	0	0	0	0
APPLY	basilis-no-musume	バシリスの娘	バシリスの娘	6	6	6	0	6	0	0	0	0	0	0
APPLY	btooom	BTOOOM!	BTOOOM!	26	32	6	20	0	0	6	0	0	0	0
APPLY	buchigire-ganbo	激昂がんぼ	激昂がんぼ	8	8	6	2	0	0	6	0	0	0	0
APPLY	buruu-piitaa	ぶるうピーター	ぶるうピーター	8	8	6	2	0	0	6	0	0	0	0
APPLY	bushi-stant-aisaka-kun	武士スタント逢坂くん!	武士スタント逢坂くん!	6	6	6	0	6	0	0	0	0	0	0
APPLY	catulus-syndrome	猫娘症候群 (かとるすしんどろーむ)	猫娘症候群	6	6	6	0	6	0	0	0	0	0	0
APPLY	cheat-tensei-neko-wa-yome-no-hiza-de-maruku-naritai	チート転生した猫は嫁の膝で丸くなりたい	チート転生した猫は嫁の膝で丸くなりたい	6	6	6	0	6	0	0	0	0	0	0
APPLY	chi-chikyuu-no-undou-ni-tsuite	チ。-地球の運動について-	チ。-地球の運動について-	8	8	6	2	6	0	0	0	0	0	0
APPLY	chikyuu-no-houkago	地球の放課後	地球の放課後	6	6	6	0	5	0	1	0	0	0	0
APPLY	chocotto-hime	ちょこっとヒメ	ちょこっとヒメ	7	7	6	1	0	0	6	0	0	0	0
APPLY	chuu-bura	ちゅーぶら!!	ちゅーぶら!!	7	7	6	1	2	0	4	0	0	0	0
APPLY	cosplay-deka	コスプレ刑事	コスプレ刑事	6	6	6	0	3	0	3	0	0	0	0
APPLY	deka-girl	デカガール	デカガール	6	6	6	0	0	0	6	0	0	0	0
APPLY	dekisokonai-no-himegimi-tachi	できそこないの姫君たち	できそこないの姫君たち	6	6	6	0	6	0	0	0	0	0	0
APPLY	dorukara	どるから	どるから	11	11	6	5	5	1	0	0	0	0	0
APPLY	dream-king	ドリームキングⓇ	ドリームキングR	6	6	6	0	5	0	1	0	0	0	0
APPLY	dungeon-de-ohanatsumi-nanka-yurushimasen	ダンジョンでお花摘みなんか許しません!!	ダンジョンでお花摘みなんか許しません!!	6	6	6	0	6	0	0	0	0	0	0
APPLY	ebigawachou-no-youkai-cafe	えびがわ町の妖怪カフェ	えびがわ町の妖怪カフェ	6	6	6	0	6	0	0	0	0	0	0
APPLY	elf-san-wa-yaserarenai	エルフさんは痩せられない。	エルフさんは痩せられない。	8	21	6	2	6	0	0	0	0	0	0
APPLY	fugu-man	ふぐマン	ふぐマン	6	6	6	0	0	0	6	0	0	0	0
APPLY	fuufu-seikatsu	ふ～ふ生活	ふ〜ふ生活	6	6	6	0	6	0	0	0	0	0	0
APPLY	gaishuu-isshoku	ガイシューイッショク!	ガイシューイッショク!	6	6	6	0	6	0	0	0	0	0	0
APPLY	gaki-keisatsu	ガキ警察	ガキ警察	6	6	6	0	6	0	0	0	0	0	0
APPLY	giant-robo-babel-no-roujou	ジャイアントロボ バベルの籠城	ジャイアントロボ バベルの籠城	6	6	6	0	6	0	0	0	0	0	0
APPLY	gouhou-toshi	合法都市	合法都市	6	6	6	0	0	0	6	0	0	0	0
APPLY	hakoiri-devil-princess	箱入りデビルプリンセス	箱入りデビルプリンセス	6	6	6	0	0	0	6	0	0	0	0
APPLY	haru-to-ao-no-obentoubako	ハルとアオのお弁当箱	ハルとアオのお弁当箱	6	6	6	0	6	0	0	0	0	0	0
APPLY	hatarakanai-futari	働かないふたり	働かないふたり	38	38	6	32	0	5	1	0	0	0	0
APPLY	heion-sedai-no-idatentachi	平穏世代の韋駄天達	平穏世代の韋駄天達	9	9	6	3	6	0	0	0	0	0	0
APPLY	heisei-haizanhei-sumire-chan	平成敗残兵すみれちゃん	平成敗残兵☆すみれちゃん	11	11	6	5	0	6	0	0	0	0	0
APPLY	honey-hunt	Honey Hunt	Honey Hunt	6	6	6	0	3	0	3	0	0	0	0
APPLY	houkago-hokenshitsu	放課後保健室	放課後保健室	14	15	6	8	2	0	4	0	0	0	0
APPLY	hyakuen	ひゃくえん!	ひゃくえん!	6	6	6	0	0	0	6	0	0	0	0
APPLY	idol-idol-story	Idol × idol story!	IDOL×IDOL STORY!	11	11	6	5	2	4	0	0	0	0	0
APPLY	imouto-wa-iimonoda	妹はいいものだ	妹はいいものだ	6	6	6	0	6	0	0	0	0	0	0
APPLY	jiguzagu-don	ジグ☆ザグ丼	ジグ☆ザグ丼	6	6	6	0	0	0	6	0	0	0	0
APPLY	juuhan-shuttai	重版出来!	重版出来!	20	20	6	14	6	0	0	0	0	0	0
APPLY	kabu-no-isaki	カブのイサキ	カブのイサキ	6	6	6	0	0	0	6	0	0	0	0
APPLY	kagakuna-yatsura	カガクなヤツら	カガクなヤツら	6	7	6	0	6	0	0	0	0	0	0
APPLY	kappei	KAPPEI	KAPPEI	6	6	6	0	6	0	0	0	0	0	0
APPLY	karan	からん	からん	7	7	6	1	0	0	6	0	0	0	0
APPLY	kaze-ga-tsuyoku-fuiteiru	風が強く吹いている	風が強く吹いている	6	12	6	0	0	0	6	0	0	0	0
APPLY	kikaijikake-no-ai	機械仕掛けの愛	機械仕掛けの愛	7	10	6	1	6	0	0	0	0	0	0
APPLY	kiruao	キルアオ	キルアオ	13	14	6	7	0	6	0	0	0	0	0
APPLY	kiryuuin-saeko-tantei-jimusho	鬼龍院冴子探偵事務所	鬼龍院冴子探偵事務所	6	6	6	0	6	0	0	0	0	0	0
APPLY	kiss-in-the-blue	Kiss in the blue	Kiss in the Blue	6	6	6	0	6	0	0	0	0	0	0
APPLY	kisshou-tennyo	吉祥天女	吉祥天女	6	9	6	0	6	0	0	0	0	0	0
APPLY	koishitagari-no-blue	恋したがりのブルー	恋したがりのブルー	6	6	6	0	1	0	5	0	0	0	0
APPLY	koisuru-asteroid	恋する小惑星	恋する小惑星	6	6	6	0	6	0	0	0	0	0	0
APPLY	koodogiasu-shikkoku-no-renya	コードギアス 漆黒の蓮夜	コードギアス 漆黒の蓮夜	7	7	6	1	0	0	6	0	0	0	0
APPLY	kuroneko-to-majo-no-kyoushitsu	黒猫と魔女の教室	黒猫と魔女の教室	15	15	6	9	0	6	0	0	0	0	0
APPLY	kyuujou-lovers	球場ラヴァーズ	球場ラヴァーズ	6	15	6	0	5	0	1	0	0	0	0
APPLY	let-goo-kaikigumi	レッツゴー怪奇組	レッツゴー怪奇組	6	6	6	0	5	1	0	0	0	0	0
APPLY	live-on-car-dliver-kakeru	ライブオンCARDLIVER翔	ライブオン CARDLIVER 翔	6	6	6	0	0	6	0	0	0	0	0
APPLY	makanai-kun	まかない君	まかない君	6	6	6	0	6	0	0	0	0	0	0
APPLY	manpuku-bokusaa-tokugawa	満腹ボクサー徳川。	満腹ボクサー徳川。	11	11	6	5	0	6	0	0	0	0	0
APPLY	mao	MAO	MAO (漫画)	30	30	6	24	0	6	0	0	0	0	0
APPLY	meiji-shitsugyou-ninpouchou	明治失業忍法帖	明治失業忍法帖	11	11	6	5	0	0	6	0	0	0	0
APPLY	midnight-secretary	ミッドナイト・セクレタリ	ミッドナイト・セクレタリ	7	7	6	1	2	0	4	0	0	0	0
APPLY	mikazuki-no-dragon	三日月のドラゴン	三日月のドラゴン	7	7	6	1	6	0	0	0	0	0	0
APPLY	mint-na-bokura	ミントな僕ら	ミントな僕ら	10	10	6	4	0	6	0	0	0	0	0
APPLY	nandaka-kowaremaru	なんだかコワレ丸	なんだかコワレ丸	6	6	6	0	0	0	6	0	0	0	0
APPLY	neko-kissa	ねこきっさ	ねこきっさ	6	7	6	0	6	0	0	0	0	0	0
APPLY	nogarebana	逃亡花	逃亡花	6	6	6	0	5	0	1	0	0	0	0
APPLY	nurumeta	ぬるめた	ぬるめた	6	6	6	0	6	0	0	0	0	0	0
APPLY	octave	オクターヴ	オクターヴ (漫画)	6	6	6	0	0	0	6	0	0	0	0
APPLY	parallel-paradise	パラレルパラダイス	パラレルパラダイス	32	32	6	26	0	6	0	0	0	0	0
APPLY	piano-no-mushi	ピアノのムシ	ピアノのムシ	13	13	6	7	6	0	0	0	0	0	0
APPLY	platinum-end	プラチナエンド	プラチナエンド	14	14	6	8	0	6	0	0	0	0	0
APPLY	prunus-girl	プラナス・ガール	プラナス・ガール	6	6	6	0	0	0	6	0	0	0	0
APPLY	ramen-akaneko	ラーメン赤猫	ラーメン赤猫	15	17	6	9	0	6	0	0	0	0	0
APPLY	reborn-no-kishi	リボーンの棋士	リボーンの棋士	7	7	6	1	6	0	0	0	0	0	0
APPLY	riinkaaneeshon-no-kaben	リィンカーネーションの花弁	リィンカーネーションの花弁	24	24	6	18	0	3	3	0	0	0	0
APPLY	rikugun-nakano-yobikou	陸軍中野予備校	陸軍中野予備校	6	6	6	0	6	0	0	0	0	0	0
APPLY	satomi-hakkenden-reboot	里見★八犬伝reboot	里見☆八犬伝REBOOT	13	13	6	7	6	0	0	0	0	0	0
APPLY	satomi-hakkenden	里見☆八犬伝	里見☆八犬伝	6	8	6	0	6	0	0	0	0	0	0
APPLY	shigatsu-wa-kimi-no-uso	四月は君の嘘	四月は君の嘘	17	21	6	11	0	6	0	0	0	0	0
APPLY	shiikyuu-salaryman-kouza	C級さらりーまん講座	C級さらりーまん講座	8	21	6	2	6	0	0	0	0	0	0
APPLY	shin-otokojuku	真!!男塾	真!!男塾	6	6	6	0	6	0	0	0	0	0	0
APPLY	shinsengumi-jingishou-asagi	新選組刃義抄アサギ	新選組刃義抄 アサギ	8	8	6	2	1	0	5	0	0	0	0
APPLY	shounen-o-kau	少年を飼う	少年を飼う	6	6	6	0	6	0	0	0	0	0	0
APPLY	shounen-tantei-inugami-geru	少年探偵犬神ゲル	少年探偵犬神ゲル	6	6	6	0	4	0	2	0	0	0	0
APPLY	slime-seijo	スライム聖女	スライム聖女	7	7	6	1	0	6	0	0	0	0	0
APPLY	somari-to-mori-no-kami-sama	ソマリと森の神様	ソマリと森の神様	6	6	6	0	6	0	0	0	0	0	0
APPLY	souta-kun-no-akihabara-funtouki	壮太君のアキハバラ奮闘記	壮太君のアキハバラ奮闘記	6	6	6	0	6	0	0	0	0	0	0
APPLY	tantei-gishiki	探偵儀式	探偵儀式	6	7	6	0	0	0	6	0	0	0	0
APPLY	teizokurei-monophobia	低俗霊MONOPHOBIA	低俗霊MONOPHOBIA	6	6	6	0	0	0	6	0	0	0	0
APPLY	ten-count	テンカウント	テンカウント	6	6	6	0	6	0	0	0	0	0	0
APPLY	tenshi-no-jijou	天使の事情	天使の事情	6	9	6	0	6	0	0	0	0	0	0
APPLY	tetsuko-no-tabi	鉄子の旅	鉄子の旅	6	18	6	0	6	0	0	0	0	0	0
APPLY	thermae-romae	テルマエ・ロマエ	テルマエ・ロマエ	6	11	6	0	6	0	0	0	0	0	0
APPLY	time-surippu	隊務スリップ	隊務スリップ	6	6	6	0	6	0	0	0	0	0	0
APPLY	tokyo-jitensha-shoujo	東京自転車少女。	東京自転車少女。	11	11	6	5	0	0	6	0	0	0	0
APPLY	toshiue-no-hito	年上ノ彼女	年上ノ彼女	6	6	6	0	6	0	0	0	0	0	0
APPLY	totsukuni-no-shoujo	とつくにの少女	とつくにの少女	11	12	6	5	0	0	6	0	0	0	0
APPLY	tsuki-ga-kirei-desune	月が綺麗ですね	月が綺麗ですね	6	6	6	0	6	0	0	0	0	0	0
APPLY	uchi-no-tsumatte-doudeshou	うちの妻ってどうでしょう?	うちの妻ってどうでしょう?	7	7	6	1	0	0	6	0	0	0	0
APPLY	utsukushii-otoko	美しい男	美しい男	6	6	6	0	6	0	0	0	0	0	0
APPLY	wonderful-days	ワンダフルデイズ	ワンダフルデイズ (漫画)	6	6	6	0	4	0	2	0	0	0	0
APPLY	yamato-takeru-2002	ヤマト猛る!	ヤマト猛る!	6	6	6	0	0	0	6	0	0	0	0
APPLY	youchien-wars	幼稚園WARS	幼稚園WARS	18	19	6	12	0	6	0	0	0	0	0
APPLY	yuzuko-peppermint	柚子ペパーミント	柚子ペパーミント	8	8	6	2	1	0	5	0	0	0	0
APPLY	1800-yachiku-to-shoujo-no-1800nichi	社畜と少女の1800日	社畜と少女の1800日	13	15	5	8	5	0	0	0	0	0	0
APPLY	29-sai-dokushin-chuuken-boukensha-no-nichijou	29歳独身中堅冒険者の日常	29歳独身中堅冒険者の日常	22	22	5	17	0	5	0	0	0	0	0
APPLY	5-ji-kara-9-ji-made	5時から9時まで	5時から9時まで	16	24	5	11	4	0	1	0	0	0	0
APPLY	ahiru-no-ouji-sama	あひるの王子さま	あひるの王子さま	6	9	5	1	0	0	5	0	0	0	0
APPLY	aitama	あいたま	あいたま	13	13	5	8	2	0	3	0	0	0	0
APPLY	akatsuki-no-tairanto	暁の暴君	暁の暴君	5	5	5	0	0	5	0	0	0	0	0
APPLY	akuyaku-reijou-tensei-oji-san	悪役令嬢転生おじさん	悪役令嬢転生おじさん	10	10	5	5	1	4	0	0	0	0	0
APPLY	anagle-mole	アナグルモール	アナグルモール	5	5	5	0	0	5	0	0	0	0	0
APPLY	ao-no-orchestra	青のオーケストラ	青のオーケストラ	15	21	5	10	1	4	0	0	0	0	0
APPLY	aoku-somero	蒼く染めろ	蒼く染めろ	21	21	5	16	0	5	0	0	0	0	0
APPLY	asao-san-to-kurata-kun	浅尾さんと倉田くん	浅尾さんと倉田くん	8	8	5	3	1	0	4	0	0	0	0
APPLY	ashita-kubi-ni-narisou	明日クビになりそう	明日クビになりそう	8	8	5	3	4	1	0	0	0	0	0
APPLY	asoko-no-shohousen	あそこの処方箋	あそこの処方箋	5	7	5	0	4	0	1	0	0	0	0
APPLY	atsuizo-nekogaya	熱いぞ!猫ヶ谷!!	熱いぞ!猫ヶ谷!!	6	6	5	1	0	0	5	0	0	0	0
APPLY	atsumare-fushigi-kenkyuubu	あつまれ!ふしぎ研究部	あつまれ!ふしぎ研究部	20	20	5	15	0	3	2	0	0	0	0
APPLY	ayumu-no-koma	歩武の駒	歩武の駒	5	5	5	0	5	0	0	0	0	0	0
APPLY	baggataway	バガタウェイ	バガタウェイ	12	12	5	7	0	0	5	0	0	0	0
APPLY	boku-ni-hana-no-melancholy	僕に花のメランコリー	僕に花のメランコリー	13	13	5	8	0	5	0	0	0	0	0
APPLY	boku-no-shachou-sama	ボクの社長サマ	ボクの社長サマ	6	6	5	1	0	0	5	0	0	0	0
APPLY	bokunchi-jiko-bukken	ボクんち事故物件	ボクんち事故物件	6	6	5	1	4	1	0	0	0	0	0
APPLY	bremen-ii	ブレーメンⅡ	ブレーメンII	9	9	5	4	4	1	0	0	0	0	0
APPLY	bucchigiri-shiiee	ぶっちぎりCA	ぶっちぎりCA	5	5	5	0	0	0	5	0	0	0	0
APPLY	butter	BUTTER!!!	BUTTER!!!	6	6	5	1	0	0	5	0	0	0	0
APPLY	cafe-dream	珈琲どりーむ	珈琲どりーむ	5	5	5	0	0	0	5	0	0	0	0
APPLY	capricorn	カプリコン	カプリコン	5	5	5	0	0	0	5	0	0	0	0
APPLY	chabashira-club	茶柱倶楽部	茶柱倶楽部	8	8	5	3	5	0	0	0	0	0	0
APPLY	chuukin-wars	駐禁ウォーズ!!	駐禁ウォーズ!!	5	5	5	0	5	0	0	0	0	0	0
APPLY	circle-circle	CIRCLEさーくる	CIRCLEさーくる	5	5	5	0	5	0	0	0	0	0	0
APPLY	classmate-kamimura-yuuka-wa-kou-itta	クラスメート、上村ユウカはこう言った。	クラスメート、上村ユウカはこう言った。	6	6	5	1	0	0	5	0	0	0	0
APPLY	code-geass-nightmare-of-nunnally	コードギアス ナイトメア・オブ・ナナリー	コードギアス ナイトメア・オブ・ナナリー	5	5	5	0	0	0	5	0	0	0	0
APPLY	coffee-mou-ippai	コーヒーもう一杯	コーヒーもう一杯	5	5	5	0	0	0	5	0	0	0	0
APPLY	corpo-a-corpo	コーポ・ア・コーポ	コーポ・ア・コーポ	6	6	5	1	5	0	0	0	0	0	0
APPLY	d-ash	D-ash	D-ASH	5	5	5	0	5	0	0	0	0	0	0
APPLY	dan-dawn	だんドーン	だんドーン	12	13	5	7	0	5	0	0	0	0	0
APPLY	danna-ga-nani-o-itte-iruka-wakaranai-ken	旦那が何を言っているかわからない件	旦那が何を言っているかわからない件	5	5	5	0	3	0	2	0	0	0	0
APPLY	dare-demo-dakeru-kimi-ga-suki	だれでも抱けるキミが好き	だれでも抱けるキミが好き	10	11	5	5	0	5	0	0	0	0	0
APPLY	dekasugi-dekka-kun	デカ杉デッカくん	デカ杉デッカくん	7	7	5	2	5	0	0	0	0	0	0
APPLY	dekiai-royale	溺愛ロワイヤル	溺愛ロワイヤル	15	15	5	10	2	3	0	0	0	0	0
APPLY	devilman-g	デビルマンG	デビルマンG	5	5	5	0	5	0	0	0	0	0	0
APPLY	doubutsu-no-kame-chan	動物のカメちゃん	動物のカメちゃん	5	5	5	0	5	0	0	0	0	0	0
APPLY	dr-kiriko-shiroi-shinigami	Dr.キリコ白い死神	Dr.キリコ 白い死神	5	5	5	0	5	0	0	0	0	0	0
APPLY	draft-king	ドラフトキング	ドラフトキング	26	26	5	21	0	5	0	0	0	0	0
APPLY	edo-no-kenshikan	江戸の検屍官	江戸の検屍官	6	15	5	1	5	0	0	0	0	0	0
APPLY	esupii-miyako-kenzan	えすぴー都見参!	えすぴー都 見参!	5	5	5	0	0	0	5	0	0	0	0
APPLY	face-guard-toriko	フェイスガード虜	フェイスガード虜	6	6	5	1	5	0	0	0	0	0	0
APPLY	fantasia	ふぁんたじあ	ふぁんたじあ	5	5	5	0	5	0	0	0	0	0	0
APPLY	flag	フラッグ!	フラッグ!	5	5	5	0	5	0	0	0	0	0	0
APPLY	gakkou-no-sensei-suyama-2009	学校のせんせい	学校のせんせい	5	5	5	0	0	0	5	0	0	0	0
APPLY	gals	GALS!	GALS!	10	16	5	5	0	1	4	0	0	0	0
APPLY	gamer-ga-youkai-taiji-yattemita	ゲーマーが妖怪退治やってみた!	ゲーマーが妖怪退治やってみた!	8	8	5	3	5	0	0	0	0	0	0
APPLY	ganbare-sumeshi-gigoku	がんばれ酢めし疑獄!!	がんばれ酢めし疑獄!!	5	5	5	0	5	0	0	0	0	0	0
APPLY	gekkan-aikawa-henshuuchou	月刊哀川編集長	月刊 哀川編集長	6	6	5	1	0	0	5	0	0	0	0
APPLY	genma-taisen-ribaasu	幻魔大戦Rebirth	幻魔大戦 Rebirth	11	11	5	6	0	5	0	0	0	0	0
APPLY	ghost-fixers	ゴーストフィクサーズ	ゴーストフィクサーズ	7	7	5	2	0	5	0	0	0	0	0
APPLY	goku-otokojuku	極!!男塾	極!!男塾	8	8	5	3	5	0	0	0	0	0	0
APPLY	gokudou-tsubushi	極道つぶし	極道つぶし	5	5	5	0	0	0	5	0	0	0	0
APPLY	goukai-yakyuubou-besuboru	豪快野球坊ベスボル	豪快野球坊ベスボル	5	5	5	0	5	0	0	0	0	0	0
APPLY	hanaori-san-wa-tensei-shitemo-kenka-ga-shitai	花織さんは転生しても喧嘩がしたい	花織さんは転生しても喧嘩がしたい	10	10	5	5	0	5	0	0	0	0	0
APPLY	hanawake-no-yonshimai	華和家の四姉妹	華和家の四姉妹	5	5	5	0	0	0	5	0	0	0	0
APPLY	hero-san-to-moto-onna-kanbu-san	ヒーローさんと元女幹部さん	ヒーローさんと元女幹部さん	5	5	5	0	5	0	0	0	0	0	0
APPLY	hi-score-girl	ハイスコアガール	ハイスコアガール	10	21	5	5	0	0	5	0	0	0	0
APPLY	himeanole	ヒメアノ～ル	ヒメアノ〜ル	10	10	5	5	0	0	5	0	0	0	0
APPLY	hirona-ex	ひろなex	ひろなex.	5	5	5	0	0	0	5	0	0	0	0
APPLY	hitogatana	ヒトガタナ	-ヒトガタナ-	11	11	5	6	0	0	5	0	0	0	0
APPLY	hokuou-futari-gurashi	北欧ふたりぐらし	北欧ふたりぐらし	5	5	5	0	4	1	0	0	0	0	0
APPLY	hosu-tan-e-youkoso	ホス探へようこそ	ホス探へようこそ	5	7	5	0	0	0	5	0	0	0	0
APPLY	houdou-gang-absurd	報道ギャングABSURD!	報道ギャング ABSURD!	5	5	5	0	5	0	0	0	0	0	0
APPLY	houkago-orange	放課後オレンジ	放課後オレンジ	5	5	5	0	3	2	0	0	0	0	0
APPLY	ichigomashimaro	苺ましまろ	苺ましまろ	9	10	5	4	5	0	0	0	0	0	0
APPLY	ichijouma-mankitsu-gurashi	一畳間まんきつ暮らし!	一畳間まんきつ暮らし!	5	6	5	0	5	0	0	0	0	0	0
APPLY	ichiroh	イチロー!	イチロー!	5	5	5	0	0	0	5	0	0	0	0
APPLY	idaten-show	IDATEN翔	IDATEN翔	5	5	5	0	0	5	0	0	0	0	0
APPLY	imaizuminchi-wa-douyara-gal-no-tamariba-ni-natteru-rashii	今泉ん家はどうやらギャルの溜まり場になってるらしい	今泉ん家はどうやらギャルの溜まり場になってるらしい	9	12	5	4	4	1	0	0	0	0	0
APPLY	inochi	いのち	いのち (漫画)	5	5	5	0	0	0	5	0	0	0	0
APPLY	isekai-kuimetsu-no-same	異世界喰滅のサメ	異世界喰滅のサメ	12	12	5	7	1	4	0	0	0	0	0
APPLY	isekai-shikkaku	異世界失格	異世界失格	15	15	5	10	1	4	0	0	0	0	0
APPLY	itsuka-kachigumi	いつか勝ち組!	いつか勝ち組!	5	5	5	0	4	0	1	0	0	0	0
APPLY	jekyll-to-hyde-to-saibanin	ジキルとハイドと裁判員	ジキルとハイドと裁判員	5	5	5	0	5	0	0	0	0	0	0
APPLY	jijou-o-shiranai-tenkousei-ga-guigui-kuru	事情を知らない転校生がグイグイくる。	事情を知らない転校生がグイグイくる。	24	24	5	19	0	5	0	0	0	0	0
APPLY	jikan-teishi-yuusha	時間停止勇者	時間停止勇者	22	22	5	17	0	5	0	0	0	0	0
APPLY	joriku	じょりく!	じょりく!	8	8	5	3	4	1	0	0	0	0	0
APPLY	kabushiki-kaisha-majirumie	株式会社マジルミエ	株式会社マジルミエ	18	18	5	13	0	5	0	0	0	0	0
APPLY	kaii-ika-sama-hakurantei	怪異いかさま博覧亭	怪異いかさま博覧亭	5	12	5	0	0	0	5	0	0	0	0
APPLY	kaijuu-no-kodomo	海獣の子供	海獣の子供	5	5	5	0	5	0	0	0	0	0	0
APPLY	kajimayaa	風車祭	風車祭	5	7	5	0	0	0	5	0	0	0	0
APPLY	kaku-kamata	かくかまた	かくかまた	5	5	5	0	0	5	0	0	0	0	0
APPLY	kamiyadori	カミヤドリ	カミヤドリ	5	8	5	0	0	0	5	0	0	0	0
APPLY	kanan-sama-wa-akumade-choroi	カナン様はあくまでチョロい	カナン様はあくまでチョロい	14	14	5	9	0	5	0	0	0	0	0
APPLY	kannou-shousetsu	官能小説	官能小説 (漫画)	5	6	5	0	5	0	0	0	0	0	0
APPLY	kaze-no-tachibana	旋風の橘	旋風の橘	5	5	5	0	5	0	0	0	0	0	0
APPLY	kikaseteyo-ai-no-kotoba-o	聞かせてよ愛の言葉を	聞かせてよ愛の言葉を	5	5	5	0	0	0	5	0	0	0	0
APPLY	komi-san-wa-komyushou-desu	古見さんは、コミュ症です。	古見さんは、コミュ症です。	37	39	5	32	0	5	0	0	0	0	0
APPLY	koushin-koinu-ni-koibumi-o	行進子犬に恋文を	行進子犬に恋文を	5	5	5	0	5	0	0	0	0	0	0
APPLY	kremlin	クレムリン	クレムリン (漫画)	7	8	5	2	0	0	5	0	0	0	0
APPLY	kuu-neru-futari-sumu-futari	喰う寝るふたり住むふたり	喰う寝るふたり 住むふたり	5	15	5	0	5	0	0	0	0	0	0
APPLY	kyochuu-rettou	巨蟲列島	巨蟲列島	6	29	5	1	5	0	0	0	0	0	0
APPLY	love-roma	ラブロマ	ラブロマ	5	10	5	0	0	0	5	0	0	0	0
APPLY	mai-chan-no-onee-san-shiiku-gohan	舞ちゃんのお姉さん飼育ごはん。	舞ちゃんのお姉さん飼育ごはん。	7	7	5	2	5	0	0	0	0	0	0
APPLY	maikosanchi-no-makanai-san	舞妓さんちのまかないさん	舞妓さんちのまかないさん	30	31	5	25	0	5	0	0	0	0	0
APPLY	makai-no-shuyaku-wa-wareware-da	魔界の主役は我々だ!	魔界の主役は我々だ!	22	23	5	17	0	5	0	0	0	0	0
APPLY	maple-senki	メイプル戦記	メイプル戦記	5	5	5	0	2	1	2	0	0	0	0
APPLY	marble-insupaia	まーぶるインスパイア	まーぶるインスパイア	5	5	5	0	3	0	2	0	0	0	0
APPLY	marmalade-boy-little	ママレード・ボーイlittle	ママレード・ボーイ little	7	7	5	2	0	5	0	0	0	0	0
APPLY	mayoi-ga-station	迷い家ステーション	迷い家ステーション	5	5	5	0	5	0	0	0	0	0	0
APPLY	mazin-no-garudo	魔神のガルド!	魔神のガルド!	6	6	5	1	1	4	0	0	0	0	0
APPLY	mikakunin-yuuhoo-kun	みかくにんゆーほーくん	みかくにん ゆーほーくん	5	5	5	0	5	0	0	0	0	0	0
APPLY	mizunohe-monogatari	水辺物語	水辺物語	5	5	5	0	5	0	0	0	0	0	0
APPLY	momoiro-sweety	ももいろスウィーティー	ももいろスウィーティー	5	5	5	0	0	0	5	0	0	0	0
APPLY	mujina-chuuihou	むじな注意報!	むじな注意報!	5	5	5	0	5	0	0	0	0	0	0
APPLY	muka-muka-paradise	ムカムカパラダイス	ムカムカパラダイス	5	6	5	0	3	0	2	0	0	0	0
APPLY	muramasa	ムラマサ	ムラマサ (漫画)	5	5	5	0	0	5	0	0	0	0	0
APPLY	nakinagi	ナキナギ	ナキナギ	5	5	5	0	0	5	0	0	0	0	0
APPLY	nanatei-juudouki	七帝柔道記	七帝柔道記	6	6	5	1	5	0	0	0	0	0	0
APPLY	narutaru	なるたる	なるたる	12	20	5	7	0	0	5	0	0	0	0
APPLY	necromancia	ネクロマンシア	ネクロマンシア	5	5	5	0	5	0	0	0	0	0	0
APPLY	nidaime-wa-cosplayer	二代目はこすぷれーやー	二代目はこすぷれーやー♥	6	6	5	1	5	0	0	0	0	0	0
APPLY	nonomi-sousachuu	のの美捜査中!	のの美捜査中!	5	5	5	0	2	0	3	0	0	0	0
APPLY	oku-sama-wa-niizuma-chan	奥さまは新妻ちゃん	奥さまは新妻ちゃん	5	5	5	0	5	0	0	0	0	0	0
APPLY	omoi-omoware-furi-furare	思い、思われ、ふり、ふられ	思い、思われ、ふり、ふられ	12	16	5	7	0	5	0	0	0	0	0
APPLY	onimushi	鬼虫	鬼虫	5	5	5	0	5	0	0	0	0	0	0
APPLY	oogui-koshien	大食い甲子園	大食い甲子園	6	6	5	1	3	0	2	0	0	0	0
APPLY	oshie-syllabus	オシエシラバス	オシエシラバス	6	6	5	1	0	0	5	0	0	0	0
APPLY	othello	オセロ。	オセロ。	7	7	5	2	0	0	5	0	0	0	0
APPLY	otome-no-hozoshita	乙女のホゾシタ	乙女のホゾシタ	5	5	5	0	0	0	5	0	0	0	0
APPLY	panzer-klein	パンツァークライン	パンツァークライン	5	5	5	0	5	0	0	0	0	0	0
APPLY	paradise-kiss	Paradise kiss	Paradise Kiss	9	10	5	4	1	0	4	0	0	0	0
APPLY	paripi-koumei	パリピ孔明	パリピ孔明	26	26	5	21	0	5	0	0	0	0	0
APPLY	pet	ペット	ペット (漫画)	5	10	5	0	4	0	1	0	0	0	0
APPLY	piisu-of-keiku	ピースオブケイク	ピース オブ ケイク	5	6	5	0	0	0	5	0	0	0	0
APPLY	pluto	Pluto	PLUTO	8	15	5	3	5	0	0	0	0	0	0
APPLY	punk-gun	パンクガン	パンクガン	5	5	5	0	0	5	0	0	0	0	0
APPLY	pupa	pupa	Pupa (漫画)	5	8	5	0	0	0	5	0	0	0	0
APPLY	satanophany	サタノファニ	サタノファニ	37	38	5	32	0	5	0	0	0	0	0
APPLY	sayabito	サヤビト	サヤビト	8	8	5	3	0	0	5	0	0	0	0
APPLY	school-ningyo	スクール人魚	スクール人魚	5	5	5	0	5	0	0	0	0	0	0
APPLY	scryed	スクライド	スクライド (漫画)	5	5	5	0	5	0	0	0	0	0	0
APPLY	seikesshou-albatross	聖結晶アルバトロス	聖結晶アルバトロス	5	5	5	0	5	0	0	0	0	0	0
APPLY	sekai-wa-nakajima-ni-koi-o-suru	世界は中島に恋をする!!	世界は中島に恋をする!!	5	9	5	0	2	3	0	0	0	0	0
APPLY	sengoku-gaiden-okehazama-senki	センゴク外伝桶狭間戦記	センゴク外伝 桶狭間戦記	5	5	5	0	0	0	5	0	0	0	0
APPLY	senkai-no-tsurugi	戦海の剣	戦海の剣	6	11	5	1	0	0	5	0	0	0	0
APPLY	sensei-niwa-koishinai	センセイには恋しない!?	センセイには恋しない!?	5	5	5	0	3	2	0	0	0	0	0
APPLY	sex	SEX	SEX (漫画)	12	18	5	7	5	0	0	0	0	0	0
APPLY	shadows-house	シャドーハウス	シャドーハウス	22	22	5	17	0	5	0	0	0	0	0
APPLY	shiba-tsuki-bukken	シバつき物件	シバつき物件	8	8	5	3	0	5	0	0	0	0	0
APPLY	shinkuro-onchi	シンクロオンチ!	シンクロオンチ!	5	5	5	0	0	0	5	0	0	0	0
APPLY	sougiya-riddle	葬儀屋リドル	葬儀屋リドル	8	8	5	3	0	0	5	0	0	0	0
APPLY	soukuu-no-maou-rudel	蒼空の魔王ルーデル	蒼空の魔王ルーデル	5	5	5	0	5	0	0	0	0	0	0
APPLY	strike-zone	ストライクZONE!	ストライクZONE!	8	8	5	3	0	5	0	0	0	0	0
APPLY	suijin-no-hanayome	水神の生贄	水神の生贄	11	11	5	6	5	0	0	0	0	0	0
APPLY	suruga-meteor	スルガメテオ	スルガメテオ	7	7	5	2	0	5	0	0	0	0	0
APPLY	suuji-de-asobo	数字であそぼ。	数字であそぼ。	16	16	5	11	0	5	0	0	0	0	0
APPLY	suzuki-sensei	鈴木先生	鈴木先生	11	12	5	6	5	0	0	0	0	0	0
APPLY	tada-rikon-shitenai-dake	ただ離婚してないだけ	ただ離婚してないだけ	5	5	5	0	5	0	0	0	0	0	0
APPLY	tairan-sekigahara	大乱関ヶ原	大乱 関ヶ原	6	6	5	1	5	0	0	0	0	0	0
APPLY	taiyou-no-suit-pokapoka	太陽の戦士ポカポカ	太陽の戦士ポカポカ	5	5	5	0	5	0	0	0	0	0	0
APPLY	takkoku	タッコク!!!	タッコク!!!	6	6	5	1	0	5	0	0	0	0	0
APPLY	tama-chan-house	たまちゃんハウス	たまちゃんハウス	5	5	5	0	0	0	5	0	0	0	0
APPLY	te-no-geka	テノゲカ	テノゲカ	10	10	5	5	0	5	0	0	0	0	0
APPLY	tennen-kakutou-shoujo-chihiro-chan	天然格闘少女ちひろちゃん❤	天然格闘少女ちひろちゃん	5	5	5	0	5	0	0	0	0	0	0
APPLY	terumina	てるみな	てるみな	5	5	5	0	5	0	0	0	0	0	0
APPLY	teruteru-tenjin-doori	てるてる天神通り	てるてる天神通り	5	5	5	0	0	0	5	0	0	0	0
APPLY	toire-no-hana-chan	トイレの花ちゃん	トイレの花ちゃん	5	5	5	0	0	0	5	0	0	0	0
APPLY	torikago-gakkyuu	鳥籠学級	鳥籠学級	7	7	5	2	3	0	2	0	0	0	0
APPLY	trauma-kuontamu	トラウマ量子結晶	トラウマ量子結晶	7	7	5	2	0	0	5	0	0	0	0
APPLY	trigger	トリガー	トリガー (小説)	5	7	5	0	5	0	0	0	0	0	0
APPLY	tsugi-wa-iiyone-senpai	次はいいよね、先輩	次はいいよね、先輩	14	14	5	9	3	2	0	0	0	0	0
APPLY	tsuki-ni-kiss-no-hanataba-o	月にキスの花束を	月にキスの花束を	7	7	5	2	5	0	0	0	0	0	0
APPLY	tsukumo-nemuru-shizume	九十九眠るしずめ	九十九眠るしずめ	8	11	5	3	0	0	5	0	0	0	0
APPLY	tsuma-shougakusei-ni-naru	妻、小学生になる。	妻、小学生になる。	14	15	5	9	5	0	0	0	0	0	0
APPLY	uchi-wa-kotobuki	うちは寿!	うちは寿!	5	5	5	0	5	0	0	0	0	0	0
APPLY	uhouho-donkey-kong	ウホウホドンキーくん	ウホウホドンキーくん	5	5	5	0	5	0	0	0	0	0	0
APPLY	ultraman-story-0	ウルトラマンSTORY 0	ウルトラマンSTORY 0	16	16	5	11	0	0	5	0	0	0	0
APPLY	ushiharu	ウシハル	ウシハル	5	5	5	0	5	0	0	0	0	0	0
APPLY	utsuranaindesu	写らナイんです	写らナイんです	9	9	5	4	0	5	0	0	0	0	0
APPLY	wagamama-dakedo-itoshikute	ワガママだけど愛しくて	ワガママだけど愛しくて	5	5	5	0	0	0	5	0	0	0	0
APPLY	watashi-no-ouchi-wa-honya-san	私のおウチはhon屋さん	私のおウチはHON屋さん	8	8	5	3	0	0	5	0	0	0	0
APPLY	yani-neko	ヤニねこ	ヤニねこ	13	13	5	8	0	5	0	0	0	0	0
APPLY	yomi-no-tsugai	黄泉のツガイ	黄泉のツガイ	13	13	5	8	0	5	0	0	0	0	0
APPLY	yoru-ga-owaranai	夜がおわらない	夜がおわらない	5	5	5	0	5	0	0	0	0	0	0
APPLY	yoru-wa-mijikashi-arukeyo-otome	夜は短し歩けよ乙女	夜は短し歩けよ乙女 (漫画)	5	8	5	0	0	0	5	0	0	0	0
APPLY	zebraman	ゼブラーマン	ゼブラーマン (漫画)	5	5	5	0	5	0	0	0	0	0	0
APPLY	1-nichi-gaishutsuroku-hanchou	1日外出録ハンチョウ	1日外出録ハンチョウ	22	23	4	18	0	4	0	0	0	0	0
APPLY	adoribu-ouji	アドリブ王子	アドリブ王子	4	17	4	0	4	0	0	0	0	0	0
APPLY	ageha-o-ou-monotachi	アゲハを追うモノたち	アゲハを追うモノたち	4	4	4	0	0	0	4	0	0	0	0
APPLY	ai-no-moto-ni-tsudoe	愛のもとに集え	愛のもとに集え	4	4	4	0	0	0	4	0	0	0	0
APPLY	aihoshi-modoki	アイホシモドキ	アイホシモドキ	4	4	4	0	4	0	0	0	0	0	0
APPLY	ame-nochi-hare	あめのちはれ	あめのちはれ	8	8	4	4	4	0	0	0	0	0	0
APPLY	ameiro-paradox	飴色パラドックス	飴色パラドックス	8	9	4	4	3	1	0	0	0	0	0
APPLY	anata-no-omocha	あなたのオモチャ	あなたのオモチャ	4	7	4	0	1	0	3	0	0	0	0
APPLY	antagonist	アンタゴニスト	アンタゴニスト (漫画)	4	4	4	0	4	0	0	0	0	0	0
APPLY	ashita-niwa-agarimasu	明日にはあがります。	明日にはあがります。	5	7	4	1	4	0	0	0	0	0	0
APPLY	asura-no-sata	アスラの沙汰	アスラの沙汰	4	4	4	0	0	4	0	0	0	0	0
APPLY	ateuma-chara-no-kuseshite-supadari-ouji-ni-chouai-sarete-imasu	当て馬キャラのくせして、スパダリ王子に寵愛されています。	当て馬キャラのくせして、スパダリ王子に寵愛されています。	5	5	4	1	0	3	1	0	0	0	0
APPLY	banyuu-inryoku	蛮勇引力	蛮勇引力	4	6	4	0	4	0	0	0	0	0	0
APPLY	bara-to-saiaku-no-tamashii	バラと最悪の魂	バラと最悪の魂	6	6	4	2	0	0	4	0	0	0	0
APPLY	bartender-paris	バーテンダーà Paris	バーテンダー à Paris	6	6	4	2	0	0	4	0	0	0	0
APPLY	binbouhime-desu-nanika	貧乏姫ですが、何か?	貧乏姫ですが、何か?	4	4	4	0	0	0	4	0	0	0	0
APPLY	bitter-virgin	BITTER VIRGIN	BITTER VIRGIN	4	4	4	0	4	0	0	0	0	0	0
APPLY	blade-breaker	ブレイドブレイカー	ブレイドブレイカー	4	4	4	0	2	0	2	0	0	0	0
APPLY	boku-no-bandai-san	ボクの番台さん	ボクの番台さん	4	6	4	0	0	0	4	0	0	0	0
APPLY	boys-time	Boy'sたいむ	Boy'sたいむ	4	4	4	0	0	0	4	0	0	0	0
APPLY	bukiyou-na-senpai	不器用な先輩。	不器用な先輩。	11	11	4	7	0	4	0	0	0	0	0
APPLY	bunbuku-tanuki-no-teii-party	ぶんぶくたぬきのティーパーティ	ぶんぶくたぬきのティーパーティ	5	13	4	1	0	0	4	0	0	0	0
APPLY	chanto-kaitemasukaratsu	ちゃんと描いてますからっ!	ちゃんと描いてますからっ!	4	4	4	0	4	0	0	0	0	0	0
APPLY	cheer-otoko	チア男子!!	チア男子!!	4	8	4	0	0	4	0	0	0	0	0
APPLY	chikuro-youchien	ちくろ幼稚園	ちくろ幼稚園	4	6	4	0	4	0	0	0	0	0	0
APPLY	choku	ちょく!	ちょく!	4	4	4	0	1	0	3	0	0	0	0
APPLY	choujun-choujou-senpai	超巡!超条先輩	超巡!超条先輩	8	8	4	4	0	4	0	0	0	0	0
APPLY	circus-family	曲芸家族	曲芸家族	4	4	4	0	4	0	0	0	0	0	0
APPLY	code-name-ha-baby-face	暗号名はBF	暗号名はBF	4	4	4	0	4	0	0	0	0	0	0
APPLY	daigaku-de-hajimete-koibito-ga-dekita-hito-no-hanashi	大学ではじめて恋人ができた人の話	大学ではじめて恋人ができた人の話	4	4	4	0	4	0	0	0	0	0	0
APPLY	darashinai-desu-hotta-sensei	だらしないです堀田先生!	だらしないです 堀田先生!	10	10	4	6	0	4	0	0	0	0	0
APPLY	date-ningen	伊達人間	伊達人間	5	5	4	1	0	0	4	0	0	0	0
APPLY	datte-yanmama	だってヤンママ	だってヤンママ	4	4	4	0	4	0	0	0	0	0	0
APPLY	dear	dear	Dear (漫画)	12	21	4	8	0	0	4	0	0	0	0
APPLY	doctor-and-daughter	ドクター＆ドーター	ドクター&ドーター	4	4	4	0	0	0	4	0	0	0	0
APPLY	doubutsu-ga-oisha-san	動物がお医者さん!?	動物がお医者さん!?	4	4	4	0	0	3	1	0	0	0	0
APPLY	douse-koishite-shimaunda	どうせ、恋してしまうんだ。	どうせ、恋してしまうんだ。	14	14	4	10	0	4	0	0	0	0	0
APPLY	douyara-boku-no-hanayome-wa-onna-kishidan-na-youde	どうやらボクの花嫁は女騎士団なようで。	どうやらボクの花嫁は女騎士団なようで。	6	6	4	2	4	0	0	0	0	0	0
APPLY	earise	エアリセ	エアリセ	4	4	4	0	3	1	0	0	0	0	0
APPLY	edomae-elf	江戸前エルフ	江戸前エルフ	13	13	4	9	0	4	0	0	0	0	0
APPLY	eg-maker	EGメーカー	EGメーカー	4	4	4	0	4	0	0	0	0	0	0
APPLY	fairy-idol-canon	フェアリーアイドルかのん	フェアリーアイドルかのん	4	4	4	0	4	0	0	0	0	0	0
APPLY	flow-blue-de-matteru	フロウ・ブルーで待ってる	フロウ・ブルーで待ってる	4	4	4	0	0	4	0	0	0	0	0
APPLY	furitsumore-kodoku-na-shi-yo	降り積もれ孤独な死よ	降り積もれ孤独な死よ	12	12	4	8	0	4	0	0	0	0	0
APPLY	futaba-san-no-kyoudai	双葉さん家の姉弟	双葉さん家の姉弟	4	4	4	0	4	0	0	0	0	0	0
APPLY	futari-escape	ふたりエスケープ	ふたりエスケープ	4	5	4	0	4	0	0	0	0	0	0
APPLY	ganbare-douki-chan	がんばれ同期ちゃん	がんばれ同期ちゃん	4	4	4	0	4	0	0	0	0	0	0
APPLY	gekkan-shoujo-nozaki-kun	月刊少女野崎くん	月刊少女野崎くん	18	22	4	14	0	2	2	0	0	0	0
APPLY	genpeiden-neo	源平伝NEO	源平伝NEO	4	7	4	0	0	4	0	0	0	0	0
APPLY	girigiri-onsen	限界集落温泉	限界集落温泉	4	4	4	0	4	0	0	0	0	0	0
APPLY	gokicha	ごきチャ	ごきチャ	5	5	4	1	4	0	0	0	0	0	0
APPLY	gokigenyou-ikkyoku-ikaga	ごきげんよう、一局いかが?	ごきげんよう、一局いかが?	5	5	4	1	4	0	0	0	0	0	0
APPLY	gou-himetachi-no-sengoku	江姫たちの戦国	江 姫たちの戦国 (小説)	5	10	4	1	0	0	4	0	0	0	0
APPLY	goudere-bishoujo-nagihara-sora	豪デレ美少女凪原そら	豪デレ美少女 凪原そら	4	4	4	0	4	0	0	0	0	0	0
APPLY	gourmand-kun	グルマンくん	グルマンくん	4	6	4	0	0	0	4	0	0	0	0
APPLY	hacks	ハックス!	ハックス!	4	4	4	0	0	0	4	0	0	0	0
APPLY	hae-bun-bun	南風!BunBun	南風!BunBun	4	4	4	0	4	0	0	0	0	0	0
APPLY	haru-yuki-basu	春行きバス	春行きバス	4	4	4	0	4	0	0	0	0	0	0
APPLY	harukaze-mound	ハルカゼマウンド	ハルカゼマウンド	4	4	4	0	0	4	0	0	0	0	0
APPLY	harvest-march	ハーベストマーチ	ハーベストマーチ	4	4	4	0	0	4	0	0	0	0	0
APPLY	hayama-sensei-to-terano-sensei-wa-tsukiatte-iru	羽山先生と寺野先生は付き合っている	羽山先生と寺野先生は付き合っている	4	4	4	0	4	0	0	0	0	0	0
APPLY	heibon-punch	平凡ポンチ	平凡ポンチ	4	4	4	0	4	0	0	0	0	0	0
APPLY	hiiragi-sama-wa-jibun-o-sagashite-iru	柊様は自分を探している。	柊様は自分を探している。	8	8	4	4	0	4	0	0	0	0	0
APPLY	himitsu-no-ai-chan	ヒミツのアイちゃん	ヒミツのアイちゃん	15	21	4	11	4	0	0	0	0	0	0
APPLY	hitori-de-shinitai	ひとりでしにたい	ひとりでしにたい	12	12	4	8	0	4	0	0	0	0	0
APPLY	hyouden-no-torakutaa	票田のトラクター	票田のトラクター	4	23	4	0	4	0	0	0	0	0	0
APPLY	ichigeki	いちげき	いちげき	7	7	4	3	4	0	0	0	0	0	0
APPLY	ignite	イグナイト	イグナイト (漫画)	4	4	4	0	4	0	0	0	0	0	0
APPLY	igyoujin-oniwakamaru	異形人おに若丸	異形人おに若丸	4	4	4	0	0	0	4	0	0	0	0
APPLY	iiden	いいでん!	いいでん!	4	15	4	0	4	0	0	0	0	0	0
APPLY	ijisanchi-wa-sunao-ni-narenai	井地さんちは素直になれない	井地さんちは素直になれない	4	4	4	0	4	0	0	0	0	0	0
APPLY	isekai-samurai	異世界サムライ	異世界サムライ	8	8	4	4	2	2	0	0	0	0	0
APPLY	ishigami-senki	石神戦記	石神戦記	7	7	4	3	0	4	0	0	0	0	0
APPLY	ishin-no-kagura	維新のKAGURA	維新のKAGURA	5	5	4	1	0	0	4	0	0	0	0
APPLY	isoshime-nioka-sensei	勤しめ!仁岡先生	勤しめ! 仁岡先生	8	8	4	4	3	0	1	0	0	0	0
APPLY	isshokenmei-ni-gohan-o-taberu-dake	一緒にごはんをたべるだけ	一緒にごはんをたべるだけ	4	4	4	0	0	4	0	0	0	0	0
APPLY	itsuwari-no-fureiya	偽りのフレイヤ	偽りのフレイヤ	15	15	4	11	1	3	0	0	0	0	0
APPLY	jinja-no-susume	神社のススメ	神社のススメ	4	4	4	0	0	0	4	0	0	0	0
APPLY	jinzou-ningen-kateisaaku	人造人間カティサーク	人造人間カティサーク	4	4	4	0	1	0	3	0	0	0	0
APPLY	jitenshaya-san-no-takahashi-kun	自転車屋さんの高橋くん	自転車屋さんの高橋くん	9	9	4	5	4	0	0	0	0	0	0
APPLY	joyuu-meshi	女優めし	女優めし	13	13	4	9	0	4	0	0	0	0	0
APPLY	juunikyuu-de-tsukamaete	十二宮でつかまえて	十二宮でつかまえて	4	4	4	0	0	0	4	0	0	0	0
APPLY	kaden-tantei-wa-shizuka-ni-warau	家電探偵は静かに嗤う。	家電探偵は静かに嗤う。	4	4	4	0	4	0	0	0	0	0	0
APPLY	kamen-teacher	仮面ティーチャー	仮面ティーチャー	4	9	4	0	0	0	4	0	0	0	0
APPLY	kami-ing-doll	かみing❤ど～る	かみingど〜る	4	4	4	0	0	0	4	0	0	0	0
APPLY	karechi	カレチ	カレチ	8	8	4	4	0	0	4	0	0	0	0
APPLY	kaseifu-ga-ita	カセイフがイタ。	カセイフがイタ。	4	4	4	0	0	4	0	0	0	0	0
APPLY	kawaii-kouhai-ni-iwasaretai	かわいい後輩に言わされたい	かわいい後輩に言わされたい	9	9	4	5	1	3	0	0	0	0	0
APPLY	kawasemi-san-no-tsuri-gohan	カワセミさんの釣りごはん	カワセミさんの釣りごはん	14	14	4	10	0	4	0	0	0	0	0
APPLY	keishichou-bijinkyoku	警視庁美人局	警視庁美人局	4	4	4	0	0	0	4	0	0	0	0
APPLY	kenchou-no-hoshi	県庁の星	県庁の星	4	4	4	0	3	0	1	0	0	0	0
APPLY	killing-bites	キリングバイツ	キリングバイツ	27	30	4	23	1	3	0	0	0	0	0
APPLY	kimi-no-iru-machi	君のいる町	君のいる町	27	29	4	23	0	0	4	0	0	0	0
APPLY	kimi-to-iru-to	きみといると	きみといると	4	4	4	0	0	0	4	0	0	0	0
APPLY	koakuma-cafe	小悪魔カフェ	小悪魔カフェ	4	4	4	0	4	0	0	0	0	0	0
APPLY	koharu-hiyori-2015	こはる日和。	こはる日和。	4	4	4	0	4	0	0	0	0	0	0
APPLY	kokoro-momochi-2006	こころ	こころ (漫画)	4	4	4	0	0	0	4	0	0	0	0
APPLY	korekara-konbatto	これからコンバット	これからコンバット	7	7	4	3	4	0	0	0	0	0	0
APPLY	kouya-no-joukimusume	荒野の蒸気娘	荒野の蒸気娘	4	6	4	0	0	0	4	0	0	0	0
APPLY	kowaiya-san	こわいやさん	こわいやさん	5	5	4	1	0	4	0	0	0	0	0
APPLY	kujira-no-kora-wa-sajou-ni-utau	クジラの子らは砂上に歌う	クジラの子らは砂上に歌う	23	24	4	19	0	0	4	0	0	0	0
APPLY	kureyon-days	くれよん・でいず	くれよん・でいず	4	4	4	0	2	2	0	0	0	0	0
APPLY	kurofuku-monogatari	黒服物語	黒服物語	4	4	4	0	0	0	4	0	0	0	0
APPLY	kurogane-pukapukatai	黒鉄ぷかぷか隊	黒鉄ぷかぷか隊	4	4	4	0	0	0	4	0	0	0	0
APPLY	kuroko	KUROKO-黒衣-	KUROKO-黒衣-	4	4	4	0	4	0	0	0	0	0	0
APPLY	kurosaki-san-no-ichizu-na-ai-ga-tomaranai	黒崎さんの一途な愛がとまらない	黒崎さんの一途な愛がとまらない	9	9	4	5	0	4	0	0	0	0	0
APPLY	kuso-onna-ni-sachi-are	クソ女に幸あれ	クソ女に幸あれ	11	11	4	7	0	4	0	0	0	0	0
APPLY	kuutei-dragons	空挺ドラゴンズ	空挺ドラゴンズ	22	24	4	18	0	4	0	0	0	0	0
APPLY	kyoumeiseyo-shiritsu-todoroki-koukou-tosho-iinkai	共鳴せよ!私立轟高校図書委員会	共鳴せよ!私立轟高校図書委員会	4	6	4	0	1	0	3	0	0	0	0
APPLY	kyouraku-region	京洛れぎおん	京洛れぎおん	5	5	4	1	0	0	4	0	0	0	0
APPLY	kyouryuu-seiki-dinocroa	恐竜世紀ダイナクロア	恐竜世紀ダイナクロア	4	4	4	0	0	4	0	0	0	0	0
APPLY	kyousou-no-simulacra	狂想のシミュラクラ	狂想のシミュラクラ	4	4	4	0	0	0	4	0	0	0	0
APPLY	lens-no-mukou-no-megamitachi	レンズの向こうの女神たち	レンズの向こうの女神たち	4	4	4	0	0	4	0	0	0	0	0
APPLY	light-nobelu	ライトノベル	ライトノベル (漫画)	4	4	4	0	0	0	4	0	0	0	0
APPLY	losers	Losers	LOSERS	5	5	4	1	4	0	0	0	0	0	0
APPLY	love-kanjou-no-marude-nai-osananajimi-manga	恋愛感情のまるでない幼馴染漫画	恋愛感情のまるでない幼馴染漫画	8	11	4	4	4	0	0	0	0	0	0
APPLY	luna-heights	ルナハイツ	ルナハイツ	4	4	4	0	4	0	0	0	0	0	0
APPLY	madou	磨道	磨道	4	4	4	0	4	0	0	0	0	0	0
APPLY	maerchen-crown	メルヘンクラウン	メルヘンクラウン	4	4	4	0	0	4	0	0	0	0	0
APPLY	magic-kaito	まじっく快斗	まじっく快斗	5	24	4	1	4	0	0	0	0	0	0
APPLY	maikon-deka	マイコン刑事	マイコン刑事	4	4	4	0	0	0	4	0	0	0	0
APPLY	mama-wa-doukyuusei	ママは同級生	ママは同級生	4	4	4	0	4	0	0	0	0	0	0
APPLY	manshuu-ahen-squad	満州アヘンスクワッド	満州アヘンスクワッド	22	23	4	18	0	4	0	0	0	0	0
APPLY	maomarimo	まおまりも	まおまりも	4	4	4	0	4	0	0	0	0	0	0
APPLY	masekishou-lapis-razuri	魔石商ラピス・ラズリ	魔石商ラピス・ラズリ	4	4	4	0	3	1	0	0	0	0	0
APPLY	mayonaka-no-ariadne	真夜中のアリアドネ	真夜中のアリアドネ	4	4	4	0	0	0	4	0	0	0	0
APPLY	mazin-purana	まじん★プラナ	まじん☆プラナ	4	4	4	0	4	0	0	0	0	0	0
APPLY	mazin-senki-hagun	魔人戦記破軍	魔人戦記 破軍	4	4	4	0	3	0	1	0	0	0	0
APPLY	medalist	メダリスト	メダリスト (漫画)	15	20	4	11	0	4	0	0	0	0	0
APPLY	megalomania	メガロマニア	メガロマニア (漫画)	4	4	4	0	4	0	0	0	0	0	0
APPLY	mel-kano	メルカノ。	メルカノ。	5	5	4	1	1	0	3	0	0	0	0
APPLY	meshi-o-kurahite-hana-to-tsugu	飯を喰らひて華と告ぐ	飯を喰らひて華と告ぐ	4	4	4	0	4	0	0	0	0	0	0
APPLY	milk-crown	ミルククラウン	ミルククラウン (漫画)	4	11	4	0	4	0	0	0	0	0	0
APPLY	minus	マイナス	マイナス (漫画)	5	5	4	1	4	0	0	0	0	0	0
APPLY	mirai-bouken-channel-5	未来冒険チャンネル5	未来冒険チャンネル5	4	5	4	0	4	0	0	0	0	0	0
APPLY	mobile-suit-gundam-bandiera	機動戦士ガンダムバンディエラ	機動戦士ガンダム バンディエラ	6	6	4	2	4	0	0	0	0	0	0
APPLY	modigliani-ni-onegai	モディリアーニにお願い	モディリアーニにお願い	5	5	4	1	4	0	0	0	0	0	0
APPLY	monkey-peak	モンキーピーク	モンキーピーク	12	23	4	8	4	0	0	0	0	0	0
APPLY	nanado-nado-nado	ななどなどなど	ななどなどなど	4	4	4	0	4	0	0	0	0	0	0
APPLY	nanatsuya-shinobu-no-housekibako	七つ屋志のぶの宝石匣	七つ屋 志のぶの宝石匣	27	27	4	23	0	4	0	0	0	0	0
APPLY	narusawa-kun-wa-oishii-kao-ni-koishiteru	鳴沢くんはおいしい顔に恋してる	鳴沢くんはおいしい顔に恋してる	4	4	4	0	4	0	0	0	0	0	0
APPLY	neo-dragoon	独眼龍改	独眼龍改	4	4	4	0	0	0	4	0	0	0	0
APPLY	nichoume-rojiura-tantei-ki-tan	二丁目路地裏探偵奇譚	二丁目路地裏探偵奇譚	4	4	4	0	4	0	0	0	0	0	0
APPLY	niji-o-yobu-ken	虹をよぶ拳	虹をよぶ拳	11	11	4	7	4	0	0	0	0	0	0
APPLY	ninin-ga-shinobu-den	ニニンがシノブ伝	ニニンがシノブ伝	4	8	4	0	0	4	0	0	0	0	0
APPLY	noririn	のりりん	のりりん	11	11	4	7	0	0	4	0	0	0	0
APPLY	nyohanbou	女犯坊	女犯坊	4	4	4	0	4	0	0	0	0	0	0
APPLY	nyukusu-no-ran-tan	ニュクスの角灯	ニュクスの角灯	6	8	4	2	4	0	0	0	0	0	0
APPLY	omokage-genbu	おもかげ幻舞	おもかげ幻舞	4	4	4	0	4	0	0	0	0	0	0
APPLY	onihime-vs	鬼姫vs	鬼姫VS	4	4	4	0	1	0	3	0	0	0	0
APPLY	onna-deka-persona	女刑事ペルソナ	女刑事ペルソナ	5	5	4	1	4	0	0	0	0	0	0
APPLY	osaka-hamlet	大阪ハムレット	大阪ハムレット	5	5	4	1	2	0	2	0	0	0	0
APPLY	principal	プリンシパル	プリンシパル (漫画)	7	10	4	3	0	0	4	0	0	0	0
APPLY	pure-0-01mm	ぴゅあ0.01mm	ぴゅあ0.01mm	7	7	4	3	0	4	0	0	0	0	0
APPLY	rabupani	ラブぱに	ラブぱに	4	5	4	0	3	1	0	0	0	0	0
APPLY	rai-rai-rai	雷雷雷	雷雷雷	7	7	4	3	0	4	0	0	0	0	0
APPLY	real-fuuzokujou-nikki	リアル風俗嬢日記	リアル風俗嬢日記	4	6	4	0	4	0	0	0	0	0	0
APPLY	reiri	レイリ	レイリ	6	6	4	2	1	3	0	0	0	0	0
APPLY	reiwa-no-dara-san	令和のダラさん	令和のダラさん	8	8	4	4	0	4	0	0	0	0	0
APPLY	remember	Remember	ReMember (漫画)	7	7	4	3	0	0	4	0	0	0	0
APPLY	rengoku-joshi	煉獄女子	煉獄女子	4	4	4	0	4	0	0	0	0	0	0
APPLY	rescue-mii	れすきゅーme!	れすきゅーME!	4	4	4	0	4	0	0	0	0	0	0
APPLY	reset-2009	リセット	リセット (漫画)	4	4	4	0	0	0	4	0	0	0	0
APPLY	ressentiment	ルサンチマン	ルサンチマン (漫画)	4	6	4	0	4	0	0	0	0	0	0
APPLY	rhyming-man	ライミングマン	ライミングマン	4	4	4	0	4	0	0	0	0	0	0
APPLY	rokudou-no-onnatachi	六道の悪女たち	六道の悪女たち	26	26	4	22	0	4	0	0	0	0	0
APPLY	ruri-dragon	ルリドラゴン	ルリドラゴン	5	5	4	1	0	4	0	0	0	0	0
APPLY	ryouta-wa-otouto-o-koroshita	良太は弟を殺した	良太は弟を殺した	4	4	4	0	0	4	0	0	0	0	0
APPLY	saitoo-kun-wa-esper-rashii	サイトーくんは超能力者らしい	サイトーくんは超能力者らしい	4	4	4	0	2	0	2	0	0	0	0
APPLY	sakura-no-nekohime	桜の猫姫	桜の猫姫	4	4	4	0	0	0	4	0	0	0	0
APPLY	samurai-leaguers	サムライリーガーズ	サムライリーガーズ	4	4	4	0	4	0	0	0	0	0	0
APPLY	saraninman	サラ忍マン	サラ忍マン (漫画)	4	4	4	0	4	0	0	0	0	0	0
APPLY	sayasaya-to	清々と	清々と	4	4	4	0	3	0	1	0	0	0	0
APPLY	sei-onii-san	聖☆おにいさん	聖☆おにいさん	22	23	4	18	0	1	3	0	0	0	0
APPLY	seitokai-no-ota-no-shimi	生徒会のヲタのしみ。	生徒会のヲタのしみ。	5	5	4	1	0	0	4	0	0	0	0
APPLY	sekai-de-ichiban-tsuyokunaritai	世界でいちばん強くなりたい!	世界でいちばん強くなりたい!	5	5	4	1	0	0	4	0	0	0	0
APPLY	sentou-hakai-gakuen-dangerous	戦闘破壊学園ダンゲロス	戦闘破壊学園ダンゲロス	8	12	4	4	0	0	4	0	0	0	0
APPLY	shachiku-san-to-iede-shoujo	社畜さんと家出少女	社畜さんと家出少女	4	4	4	0	4	0	0	0	0	0	0
APPLY	shakuou	借王	借王	4	10	4	0	4	0	0	0	0	0	0
APPLY	shibainuko-san	しばいぬ子さん	しばいぬ子さん	4	4	4	0	3	0	1	0	0	0	0
APPLY	shiboritoranaide-onna-shounin-san	搾り取らないで、女商人さん!!	搾り取らないで、女商人さん!!	12	13	4	8	2	2	0	0	0	0	0
APPLY	shiki-orioritsu	四季おりおりっ!	四季おりおりっ!	4	4	4	0	0	0	4	0	0	0	0
APPLY	shinakoitsu	しなこいっ	しなこいっ	4	9	4	0	1	0	3	0	0	0	0
APPLY	shisukona-futari	シスコなふたり	シスコなふたり	4	4	4	0	1	0	3	0	0	0	0
APPLY	shitsurakuen	失楽園	失楽園 (尚村透の漫画)	6	9	4	2	0	0	4	0	0	0	0
APPLY	sho-sho-rika	ショショリカ	ショショリカ	10	10	4	6	3	0	1	0	0	0	0
APPLY	shoujo-manga-no-hero-ni-naritai-noni-heroine-atsukai-dekiaisareru-ore	少女マンガのヒーローになりたいのにヒロイン扱いされる俺。	少女マンガのヒーローになりたいのにヒロイン扱いされる俺。	7	7	4	3	3	1	0	0	0	0	0
APPLY	shoujo-sosuu	少女素数	少女素数	5	5	4	1	0	0	4	0	0	0	0
APPLY	shounen-hakaryuudo	少年羽狩人	少年羽狩人	4	4	4	0	3	0	1	0	0	0	0
APPLY	shounen-note	少年ノート	少年ノート	8	8	4	4	0	0	4	0	0	0	0
APPLY	shounen-nureyasuku-koi-narigatashi	少年濡れやすく恋成りがたし	少年濡れやすく恋成りがたし	11	12	4	7	0	0	4	0	0	0	0
APPLY	sonata-wa-ittai-dare-nanda	ソナタはいったい誰なんだ	ソナタはいったい誰なんだ	4	4	4	0	0	4	0	0	0	0	0
APPLY	sora-log	ソラログ	ソラログ	4	4	4	0	1	0	3	0	0	0	0
APPLY	sora-no-kanata-no	そらのカナタの!	そらのカナタの!	4	4	4	0	0	0	4	0	0	0	0
APPLY	sowasowa-drawing	そわそわDrawing	そわそわDrawing	4	4	4	0	4	0	0	0	0	0	0
APPLY	supaaku-rara-nagi-harikeen	スパーク!!ララナギはりけ～ん	スパーク!!ララナギはりけ〜ん	4	4	4	0	4	0	0	0	0	0	0
APPLY	super-no-ura-de-yani-suu-futari	スーパーの裏でヤニ吸うふたり	スーパーの裏でヤニ吸うふたり	9	9	4	5	0	4	0	0	0	0	0
APPLY	syd-craft-no-saishuu-suiri	シド・クラフトの最終推理	シド・クラフトの最終推理	4	4	4	0	0	4	0	0	0	0	0
APPLY	tagayashite-foorin-love	耕して♥フォーリンLOVE	耕して♥フォーリンLOVE	4	5	4	0	4	0	0	0	0	0	0
APPLY	tama-san	タマさん	タマさん	6	6	4	2	0	0	4	0	0	0	0
APPLY	tanabata-no-kuni	七夕の国	七夕の国	7	9	4	3	4	0	0	0	0	0	0
APPLY	tatsuki-to-tamaki	タツキとタマキ	タツキとタマキ	5	5	4	1	0	4	0	0	0	0	0
APPLY	tennen-aluminium	天然あるみにゅーむ!	天然あるみにゅーむ!	4	4	4	0	4	0	0	0	0	0	0
APPLY	tensei-nihakobinin-no-isekai-kouryakuhou	転生荷運び人の異世界攻略法	転生荷運び人の異世界攻略法	5	5	4	1	4	0	0	0	0	0	0
APPLY	tenshou-yaoyorozu	天正やおよろず	天正やおよろず	9	10	4	5	1	0	3	0	0	0	0
APPLY	tokkou-no-shima	特攻の島	特攻の島	9	9	4	5	4	0	0	0	0	0	0
APPLY	tomo-chan-wa-sugoi-busu	トモちゃんはすごいブス	トモちゃんはすごいブス	5	5	4	1	0	0	4	0	0	0	0
APPLY	tomoshibi-no-otr	灯火のオテル	灯火のオテル	4	4	4	0	0	4	0	0	0	0	0
APPLY	totsugeki-chicken	突撃チキン!	突撃チキン!	4	4	4	0	0	4	0	0	0	0	0
APPLY	tourin-girl	ツーリンガール!	ツーリンガール!	4	4	4	0	4	0	0	0	0	0	0
APPLY	trial-ride	トライアルライド	トライアルライド	4	4	4	0	0	0	4	0	0	0	0
APPLY	tsue-to-tsurugi-no-wistoria	杖と剣のウィストリア	杖と剣のウィストリア	16	18	4	12	0	4	0	0	0	0	0
APPLY	tsumi-ka-batsu	罪花罰	罪花罰	4	4	4	0	0	4	0	0	0	0	0
APPLY	tsurichichi-nagisa	釣りチチ渚	釣りチチ・渚	5	5	4	1	0	0	4	0	0	0	0
APPLY	twinkle-collection	てぃんくる☆コレクション	てぃんくるコレクション	4	4	4	0	2	2	0	0	0	0	0
APPLY	uinaazu-circle-e-youkoso	ウイナーズサークルへようこそ	ウイナーズサークルへようこそ	9	9	4	5	0	0	4	0	0	0	0
APPLY	unohana-3shimai	うのはな3姉妹	うのはな3姉妹	4	4	4	0	0	0	4	0	0	0	0
APPLY	urabaito-toubou-kinshi	裏バイト:逃亡禁止	裏バイト:逃亡禁止	19	19	4	15	0	4	0	0	0	0	0
APPLY	uraban	うらバン!	うらバン!	4	4	4	0	4	0	0	0	0	0	0
APPLY	utauheiankyou	詠う!平安京	詠う!平安京	6	6	4	2	0	0	4	0	0	0	0
APPLY	uttare-daikichi	売ったれダイキチ!	売ったれダイキチ!	4	4	4	0	4	0	0	0	0	0	0
APPLY	vanpaidoru-tagiru	ヴァンパイドル滾	ヴァンパイドル滾	4	5	4	0	0	4	0	0	0	0	0
APPLY	wakeari-shinrei-mansion	訳アリ心霊マンション	訳アリ心霊マンション	7	7	4	3	1	3	0	0	0	0	0
APPLY	warikitta-kankei-desu-kara	割り切った関係ですから。	割り切った関係ですから。	4	4	4	0	4	0	0	0	0	0	0
APPLY	watashi-wa-kagojo	私は加護女	私は加護女	4	4	4	0	4	0	0	0	0	0	0
APPLY	with	with!!	With!!	4	4	4	0	0	4	0	0	0	0	0
APPLY	wrestle-idol	レッする!アイドル	レッする!アイドル	4	4	4	0	0	0	4	0	0	0	0
APPLY	xenos	Xenos	Xenos	4	8	4	0	4	0	0	0	0	0	0
APPLY	yakyuu-bunmei-alien	野球・文明・エイリアン	野球・文明・エイリアン	4	4	4	0	0	4	0	0	0	0	0
APPLY	yamikin-ushijima-kun-gaiden-ramen-namerikawa-san	闇金ウシジマくん外伝らーめん滑皮さん	闇金ウシジマくん外伝 らーめん滑皮さん	5	5	4	1	4	0	0	0	0	0	0
APPLY	yougen-no-chi	妖幻の血	妖幻の血	4	4	4	0	4	0	0	0	0	0	0
APPLY	youkai-apaato-no-yuugana-nichijou	妖怪アパートの幽雅な日常	妖怪アパートの幽雅な日常	33	60	4	29	0	3	1	0	0	0	0
APPLY	yuki-nee-chan-no-kannou-gokko	ゆき姉ちゃんの官能ごっこ。	ゆき姉ちゃんの官能ごっこ。	5	5	4	1	4	0	0	0	0	0	0
APPLY	yukipon-no-oshigoto	ユキポンのお仕事	ユキポンのお仕事	15	16	4	11	0	0	4	0	0	0	0
APPLY	yume-no-moribito	ゆめの守人	ゆめの守人	4	4	4	0	0	4	0	0	0	0	0
APPLY	yuusha-katasutorofu	勇者カタストロフ!!	勇者カタストロフ!!	4	6	4	0	4	0	0	0	0	0	0
APPLY	zettai-reiiki	絶対☆霊域	絶対☆霊域	9	9	4	5	0	0	4	0	0	0	0
APPLY	10-bunnoichi	10万分の1	10万分の1	9	9	3	6	3	0	0	0	0	0	0
APPLY	100-man-no-inochi-no-ue-ni-ore-wa-tatte-iru	100万の命の上に俺は立っている	100万の命の上に俺は立っている	24	25	3	21	0	3	0	0	0	0	0
APPLY	16engage	16engage	16engage	3	3	3	0	3	0	0	0	0	0	0
APPLY	3-3ji-no-kiken-chitai	午前3時の危険地帯	午前3時の危険地帯	4	4	3	1	0	0	3	0	0	0	0
APPLY	3-3ji-no-muhou-chitai	午前3時の無法地帯	午前3時の無法地帯	3	3	3	0	0	0	3	0	0	0	0
APPLY	7-jikanme-no-note	7時間目の音符	7時間目の音符	4	4	3	1	0	0	3	0	0	0	0
APPLY	abunoomarukei-joshi	危ノーマル系女子	危ノーマル系女子	3	3	3	0	0	0	3	0	0	0	0
APPLY	aishiteru-game-o-owarasetai	愛してるゲームを終わらせたい	愛してるゲームを終わらせたい	9	9	3	6	0	3	0	0	0	0	0
APPLY	aka-chan-no-dorei	あかちゃんのドレイ。	あかちゃんのドレイ。	6	6	3	3	0	0	3	0	0	0	0
APPLY	aki-wa-haru-to-gohan-o-tabetai	アキはハルとごはんを食べたい	アキはハルとごはんを食べたい	3	8	3	0	3	0	0	0	0	0	0
APPLY	akuma-de-fukei	アクマでふけい!	アクマでふけい!	3	3	3	0	0	3	0	0	0	0	0
APPLY	alcbane	Alcbane	ALCBANE	3	3	3	0	0	0	3	0	0	0	0
APPLY	amayo-no-tsuki	雨夜の月	雨夜の月	12	12	3	9	0	3	0	0	0	0	0
APPLY	an-no-magomago-tosho-land	アンのマゴマゴ図書之国	アンのマゴマゴ図書之国	3	3	3	0	0	3	0	0	0	0	0
APPLY	ane-to-otouto-ga-maamaa-nakayoku-class-nichijou	姉と弟がまぁまぁ仲良く暮らす日常。	姉と弟がまぁまぁ仲良く暮らす日常。	3	3	3	0	2	1	0	0	0	0	0
APPLY	anoyo-no-shakaika-kengaku	あの世の社会科見学	あの世の社会科見学	5	8	3	2	2	1	0	0	0	0	0
APPLY	arakure-ojou-sama-wa-monmon-shite-iru	あらくれお嬢様はもんもんしている	あらくれお嬢様はもんもんしている	9	9	3	6	0	3	0	0	0	0	0
APPLY	aromatic-bitters	アロマチック・ビターズ	アロマチック・ビターズ	3	3	3	0	0	0	3	0	0	0	0
APPLY	at-home-romance	アットホーム・ロマンス	アットホーム・ロマンス	3	3	3	0	0	0	3	0	0	0	0
APPLY	avec-punch	アベックパンチ	アベックパンチ	3	5	3	0	3	0	0	0	0	0	0
APPLY	ayakashi-tenma	あやかし天馬	あやかし天馬	4	4	3	1	0	3	0	0	0	0	0
APPLY	babibube-bobu-bobu-sappu-kun	バビブベボブボブ!!さっぷくん	バビブベボブボブ!!さっぷくん	3	3	3	0	3	0	0	0	0	0	0
APPLY	backstage	バックステージ!	バックステージ!	3	3	3	0	3	0	0	0	0	0	0
APPLY	baketeriya	化けてりや	化けてりや	4	4	3	1	0	0	3	0	0	0	0
APPLY	bakukyuu-hit-kurasshu-biidaman	爆球HIT!クラッシュビーダマン	爆球Hit! クラッシュビーダマン	3	3	3	0	3	0	0	0	0	0	0
APPLY	bateren-xx	伴天連XX	伴天連XX	3	3	3	0	0	0	3	0	0	0	0
APPLY	bentora-bentora	ベントラーベントラー	ベントラーベントラー	3	3	3	0	0	0	3	0	0	0	0
APPLY	best-blue	ベストブルー	ベストブルー	3	3	3	0	0	3	0	0	0	0	0
APPLY	betsu-bara	ベツ×バラ	ベツ×バラ	3	3	3	0	0	0	3	0	0	0	0
APPLY	bl-drama-no-shuen-ni-narimashita	BLドラマの主演になりました	BLドラマの主演になりました	5	5	3	2	2	1	0	0	0	0	0
APPLY	blue-period	ブルーピリオド	ブルーピリオド	19	23	3	16	0	3	0	0	0	0	0
APPLY	boku-no-kanojo-ga-eroi-wake	僕の彼女がエロい訳	僕の彼女がエロい訳	3	3	3	0	0	0	3	0	0	0	0
APPLY	boku-no-noroi-no-kyuuketsuki	僕の呪いの吸血姫	僕の呪いの吸血姫	9	9	3	6	0	3	0	0	0	0	0
APPLY	boku-no-platinum-lady	ボクのプラチナレディー	ボクのプラチナレディー	3	3	3	0	3	0	0	0	0	0	0
APPLY	boku-no-seito-wa-vampire	ぼくの生徒はヴァンパイア	ぼくの生徒はヴァンパイア	3	3	3	0	0	0	3	0	0	0	0
APPLY	boku-to-isshokenmei	僕といっしょ	僕といっしょ	7	7	3	4	0	0	3	0	0	0	0
APPLY	bokunchi	ぼくんち	ぼくんち	6	7	3	3	3	0	0	0	0	0	0
APPLY	bonclair-showguts	ボンクレー☆ショーガッツ	ボンクレー☆ショーガッツ	3	3	3	0	0	0	3	0	0	0	0
APPLY	boukyaku-battery	忘却バッテリー	忘却バッテリー	24	24	3	21	0	3	0	0	0	0	0
APPLY	boys-este	BOYSエステ	BOYSエステ	7	7	3	4	0	0	3	0	0	0	0
APPLY	brilliant-na-mahou	ブリリアントな魔法	ブリリアントな魔法	3	3	3	0	3	0	0	0	0	0	0
APPLY	bull-tackle	ブルタックル	ブルタックル	3	3	3	0	3	0	0	0	0	0	0
APPLY	butennokaito	武天のカイト	武天のカイト	3	3	3	0	3	0	0	0	0	0	0
APPLY	caramel-kitsch-yuugekitai	カラメルキッチュ遊撃隊	カラメルキッチュ遊撃隊	3	3	3	0	3	0	0	0	0	0	0
APPLY	catenaccio	カテナチオ	カテナチオ (漫画)	9	9	3	6	0	3	0	0	0	0	0
APPLY	chaser-game	チェイサーゲーム	チェイサーゲーム	15	15	3	12	0	3	0	0	0	0	0
APPLY	chihaya-restart	チハヤリスタート!	チハヤリスタート!	5	5	3	2	0	3	0	0	0	0	0
APPLY	chikutaku-bonbon	ちくたくぼんぼん	ちくたくぼんぼん	3	3	3	0	0	0	3	0	0	0	0
APPLY	chinomi	チノミ	チノミ	3	3	3	0	0	0	3	0	0	0	0
APPLY	chiyoku-no-kariudo	血翼の猟人	血翼の猟人	3	3	3	0	0	3	0	0	0	0	0
APPLY	choueki-339-nen	懲役339年	懲役339年	4	4	3	1	0	3	0	0	0	0	0
APPLY	chrono-eyes	クロノアイズ	クロノアイズ	6	9	3	3	0	0	3	0	0	0	0
APPLY	chuuka-ichiban	中華一番!	中華一番!	8	85	3	5	0	0	3	0	0	0	0
APPLY	crayfish-kachou	ザリガニ課長	ザリガニ課長	3	3	3	0	0	0	3	0	0	0	0
APPLY	daija-ni-totsuida-musume	大蛇に嫁いだ娘	大蛇に嫁いだ娘	8	8	3	5	0	3	0	0	0	0	0
APPLY	daishoya-saei	代書屋佐永	代書屋佐永	3	3	3	0	3	0	0	0	0	0	0
APPLY	dakara-miyoko-desu	だから美代子です	だから美代子です	4	4	3	1	3	0	0	0	0	0	0
APPLY	darwin-jihen	ダーウィン事変	ダーウィン事変	11	11	3	8	0	3	0	0	0	0	0
APPLY	dekiru-neko-wa-kyou-mo-yuuutsu	デキる猫は今日も憂鬱	デキる猫は今日も憂鬱	13	15	3	10	0	3	0	0	0	0	0
APPLY	devil-ecstasy	デビルエクスタシー	デビルエクスタシー	4	8	3	1	0	0	3	0	0	0	0
APPLY	diamond-no-a	ダイヤのA	ダイヤのA	47	93	3	44	0	0	3	0	0	0	0
APPLY	dig-it	ディグイット	ディグイット	4	4	3	1	0	3	0	0	0	0	0
APPLY	dinosan	ディノサン	ディノサン	9	9	3	6	0	3	0	0	0	0	0
APPLY	dogesen	どげせん	どげせん	3	5	3	0	2	0	1	0	0	0	0
APPLY	dokusai-gurimuwaaru	独裁グリムワール	独裁グリムワール	3	3	3	0	0	3	0	0	0	0	0
APPLY	dokutaa-moroo-no-lich-na-seikatsu	Dr.モローのリッチな生活	Dr.モローのリッチな生活	3	8	3	0	0	0	3	0	0	0	0
APPLY	doll-shibai	人形芝居	人形芝居 (漫画)	4	4	3	1	0	3	0	0	0	0	0
APPLY	don-no-michi	首領の道	首領の道	3	3	3	0	3	0	0	0	0	0	0
APPLY	doosuruwanko	どーする!?わんこ	どーする!?わんこ	3	3	3	0	0	0	3	0	0	0	0
APPLY	dorabeesu-doraemon-super-baseball-gaiden	ドラベース ドラえもん超野球外伝	ドラベース ドラえもん超野球外伝	12	29	3	9	3	0	0	0	0	0	0
APPLY	doujin-shoujo-jieibii	同人少女JB	同人少女JB	4	4	3	1	0	0	3	0	0	0	0
APPLY	doushite-watashi-ga-bijutsuka-ni	どうして私が美術科に!?	どうして私が美術科に!?	3	3	3	0	3	0	0	0	0	0	0
APPLY	dr-kenji-morohashi	Dr.検事モロハシ	Dr.検事モロハシ	3	3	3	0	0	0	3	0	0	0	0
APPLY	dragon-yashinatte-kudasai	ドラゴン養ってください	ドラゴン養ってください	6	6	3	3	0	3	0	0	0	0	0
APPLY	dream-jumbo-girl	ドリーム☆ジャンボ☆ガール	ドリーム☆ジャンボ☆ガール	6	6	3	3	0	3	0	0	0	0	0
APPLY	egao-no-taenai-shokuba-desu	笑顔のたえない職場です。	笑顔のたえない職場です。	15	15	3	12	0	3	0	0	0	0	0
APPLY	eikaiwa-school-wars	英会話スクールウォーズ	英会話スクールウォーズ	3	3	3	0	0	2	1	0	0	0	0
APPLY	eitei-eito-o-2-de-watte	エイティエイトを2でわって	エイティエイトを2でわって	3	3	3	0	3	0	0	0	0	0	0
APPLY	eizouken-niwa-te-o-dasuna	映像研には手を出すな!	映像研には手を出すな!	10	10	3	7	1	2	0	0	0	0	0
APPLY	emu-no-oukoku	えむの王国	えむの王国	3	3	3	0	1	0	2	0	0	0	0
APPLY	en-passant	アンパッサン	アンパッサン (漫画)	4	4	3	1	0	0	3	0	0	0	0
APPLY	fantasma	FANTASMA	FANTASMA (漫画)	3	3	3	0	0	3	0	0	0	0	0
APPLY	fushigi-na-neko-no-machi-meltier	ふしぎな猫のまちメルティア	ふしぎな猫のまち メルティア	5	5	3	2	3	0	0	0	0	0	0
APPLY	gakuen-nightmare	学園ナイトメア	学園ナイトメア	3	3	3	0	0	0	3	0	0	0	0
APPLY	gal-amida-butsu	ギャルアミダブツ	ギャルアミダブツ	3	3	3	0	0	3	0	0	0	0	0
APPLY	galactic-mansion	ギャラクティックマンション	ギャラクティックマンション	3	3	3	0	0	0	3	0	0	0	0
APPLY	ganota-no-onna	ガンオタの女	ガンオタの女	3	3	3	0	0	0	3	0	0	0	0
APPLY	gekidou	ゲキドウ	ゲキドウ	4	4	3	1	0	3	0	0	0	0	0
APPLY	genei-hakurankai	幻影博覧会	幻影博覧会	4	4	3	1	0	0	3	0	0	0	0
APPLY	geni-kasuri	げにかすり	げにかすり	4	4	3	1	0	3	0	0	0	0	0
APPLY	genkaku-pikaso	幻覚ピカソ	幻覚ピカソ	3	3	3	0	0	3	0	0	0	0	0
APPLY	gewalt	ゲバルト	ゲバルト (漫画)	3	3	3	0	3	0	0	0	0	0	0
APPLY	gin-no-shippo	銀のしっぽ	銀のしっぽ	3	5	3	0	3	0	0	0	0	0	0
APPLY	ginga-takuhaibin-maguro	銀河宅配便マグロ	銀河宅配便マグロ	3	3	3	0	0	0	3	0	0	0	0
APPLY	girly-debut	ガーリーデビュー	ガーリーデビュー	4	4	3	1	0	3	0	0	0	0	0
APPLY	given	ギヴン	ギヴン	9	10	3	6	3	0	0	0	0	0	0
APPLY	glass-no-megami	ガラスの女神	ガラスの女神	3	3	3	0	2	0	1	0	0	0	0
APPLY	gohoubi-gohan	ごほうびごはん	ごほうびごはん	19	19	3	16	1	2	0	0	0	0	0
APPLY	gonron-egg	ゴンロン・エッグ	ゴンロン・エッグ	3	3	3	0	0	3	0	0	0	0	0
APPLY	gontakure-1994	ごんたくれ	ごんたくれ (漫画)	3	3	3	0	3	0	0	0	0	0	0
APPLY	gunjou-2010	羣青	羣青	3	3	3	0	3	0	0	0	0	0	0
APPLY	guranburu	ぐらんぶる	ぐらんぶる	26	27	3	23	0	3	0	0	0	0	0
APPLY	guupan	ぐーぱん!	ぐーぱん!	3	3	3	0	3	0	0	0	0	0	0
APPLY	hadaka-no-kusuriyubi	はだかのくすりゆび	はだかのくすりゆび	3	3	3	0	0	0	3	0	0	0	0
APPLY	haitekudasai-takamine-san	履いてください、鷹峰さん	履いてください、鷹峰さん	11	12	3	8	0	3	0	0	0	0	0
APPLY	hakataben-no-onnanoko-wa-kawaii-to-omoimasenka	博多弁の女の子はかわいいと思いませんか?	博多弁の女の子はかわいいと思いませんか?	4	4	3	1	3	0	0	0	0	0	0
APPLY	hametsu-no-oukoku	はめつのおうこく	はめつのおうこく	15	15	3	12	0	3	0	0	0	0	0
APPLY	hanayaka-ume-chan	花やか梅ちゃん	花やか梅ちゃん	3	3	3	0	2	0	1	0	0	0	0
APPLY	haou-densetsu-lion	牌王伝説ライオン	牌王伝説ライオン	4	9	3	1	3	0	0	0	0	0	0
APPLY	harimaware-koinu	貼りまわれ!こいぬ	貼りまわれ!こいぬ	8	9	3	5	0	3	0	0	0	0	0
APPLY	hatsukoi-shimai	初恋姉妹	初恋姉妹	3	3	3	0	0	0	3	0	0	0	0
APPLY	hell-hell	HELL HELL	HELL HELL	5	5	3	2	0	3	0	0	0	0	0
APPLY	hellhound	ヘルハウンド	ヘルハウンド (漫画)	8	8	3	5	0	3	0	0	0	0	0
APPLY	henteko-ninja-imogakure-chingensai-sama	ヘンテコ忍者いもがくれチンゲンサイ様	ヘンテコ忍者 いもがくれチンゲンサイ様	3	3	3	0	0	2	1	0	0	0	0
APPLY	hikkatsu	ヒッカツ!	ヒッカツ!	3	3	3	0	3	0	0	0	0	0	0
APPLY	hikyo-tan	ひきょたん!!	ひきょたん!!	3	3	3	0	0	0	3	0	0	0	0
APPLY	hinomaru-gaisen-otome	日之丸街宣女子	日之丸街宣女子	3	4	3	0	0	0	3	0	0	0	0
APPLY	hishoka-drop	秘書課ドロップ	秘書課ドロップ	3	4	3	0	0	0	3	0	0	0	0
APPLY	hitohira-no-koi-ga-furu	ひとひらの恋が降る	ひとひらの恋が降る	3	3	3	0	3	0	0	0	0	0	0
APPLY	hitomi-no-photograph	瞳のフォトグラフ	瞳のフォトグラフ	3	3	3	0	0	0	3	0	0	0	0
APPLY	hizenya-juubei	肥前屋十兵衛	肥前屋十兵衛	3	3	3	0	3	0	0	0	0	0	0
APPLY	hogushite-yui-san	ほぐして、癒衣さん。	ほぐして、癒衣さん。	3	3	3	0	3	0	0	0	0	0	0
APPLY	hokuto-chan-no-nanatsuboshi	北斗ちゃんの七つ星	北斗ちゃんの七つ星	3	3	3	0	0	0	3	0	0	0	0
APPLY	hokuto-no-ken-kenougun-zakotachi-no-banka	北斗の拳拳王軍ザコたちの挽歌	北斗の拳 拳王軍ザコたちの挽歌	3	3	3	0	3	0	0	0	0	0	0
APPLY	homura-no-me	焔の眼	焔の眼	6	6	3	3	0	0	3	0	0	0	0
APPLY	hon-nara-uru-hodo	本なら売るほど	本なら売るほど	3	3	3	0	0	3	0	0	0	0	0
APPLY	hoozukisanchi-no-aneki	鬼灯さん家のアネキ	鬼灯さん家のアネキ	4	12	3	1	0	0	3	0	0	0	0
APPLY	hori-san-to-miyamura-kun	堀さんと宮村くん	堀さんと宮村くん	10	42	3	7	3	0	0	0	0	0	0
APPLY	hoshi-furu-oukoku-no-nina	星降る王国のニナ	星降る王国のニナ	19	21	3	16	0	3	0	0	0	0	0
APPLY	hoshi-no-rookasu	星のローカス	星のローカス	5	5	3	2	0	0	3	0	0	0	0
APPLY	hotel-inhumans	ホテル・インヒューマンズ	ホテル・インヒューマンズ	12	12	3	9	1	2	0	0	0	0	0
APPLY	houkago-atelier-toiro	放課後アトリエといろ	放課後アトリエといろ	4	4	3	1	0	0	3	0	0	0	0
APPLY	houkan-tantei-sharoku	幇間探偵しゃろく	幇間探偵しゃろく	3	3	3	0	3	0	0	0	0	0	0
APPLY	housekishou-no-maid	宝石商のメイド	宝石商のメイド	8	8	3	5	0	3	0	0	0	0	0
APPLY	i-c-u	I.C.U	I.C.U.	3	3	3	0	3	0	0	0	0	0	0
APPLY	ichibanyu-no-kanata	一番湯のカナタ	一番湯のカナタ	3	3	3	0	3	0	0	0	0	0	0
APPLY	ichireishite-kisu	一礼して、キス	一礼して、キス	7	10	3	4	3	0	0	0	0	0	0
APPLY	idol-pretender	アイドルプリテンダー	アイドルプリテンダー	3	3	3	0	3	0	0	0	0	0	0
APPLY	ihoujin	異法人	異法人	3	3	3	0	0	0	3	0	0	0	0
APPLY	ikebukuro-reinboo-gekijou	池袋レインボー劇場	池袋レインボー劇場	3	3	3	0	3	0	0	0	0	0	0
APPLY	imouto-days	いもうとデイズ	いもうとデイズ	4	4	3	1	0	0	3	0	0	0	0
APPLY	imouto-wa-meshimazu	妹はメシマズ	妹はメシマズ	3	3	3	0	3	0	0	0	0	0	0
APPLY	inazuman	イナズマン	イナズマン (漫画)	7	15	3	4	0	3	0	0	0	0	0
APPLY	inno-san-shounen-juujigun	インノサン少年十字軍	インノサン少年十字軍	3	3	3	0	2	0	1	0	0	0	0
APPLY	inumimi	いぬみみ	いぬみみ	3	3	3	0	0	0	3	0	0	0	0
APPLY	itoshi-koishi	いとしこいし	いとしこいし	3	3	3	0	3	0	0	0	0	0	0
APPLY	j-boy	J.boy	J.boy	3	6	3	0	1	0	2	0	0	0	0
APPLY	j-m	J⇔Mジェイエム	J⇔M ジェイエム	8	8	3	5	0	3	0	0	0	0	0
APPLY	jc-tantei-ditekuteibu	JC探偵でぃてくてぃ部!	JC探偵でぃてくてぃ部!	3	3	3	0	3	0	0	0	0	0	0
APPLY	jieekeeyuushatoinkyomaou	JK勇者と隠居魔王	JK勇者と隠居魔王	3	3	3	0	0	3	0	0	0	0	0
APPLY	jigokuren-love-in-za-hell	地獄恋love in the hell	地獄恋 LOVE in the HELL	3	4	3	0	0	0	3	0	0	0	0
APPLY	jihai	JiHAi 磁海	JIHAI〜磁海〜	3	3	3	0	2	0	1	0	0	0	0
APPLY	jinrui-nekoka	人類ネコ科	人類ネコ科	3	7	3	0	3	0	0	0	0	0	0
APPLY	jk-kara-yarinaosu-silver-plan	JKからやり直すシルバープラン	JKからやり直すシルバープラン	13	14	3	10	3	0	0	0	0	0	0
APPLY	jk-oyaji	JKおやじ!	JKおやじ!	5	5	3	2	2	1	0	0	0	0	0
APPLY	joshikousei-nobunaga-chan	女子高生信長ちゃん!!	女子高生信長ちゃん!!	3	3	3	0	0	0	3	0	0	0	0
APPLY	jotei-kaoruko	女帝薫子	女帝 薫子	3	3	3	0	0	0	3	0	0	0	0
APPLY	kai-riki-ran-shin-quan	怪・力・乱・神クワン	怪・力・乱・神 クワン	6	7	3	3	0	3	0	0	0	0	0
APPLY	kaina-surugajou-gozen-jiai	腕 駿河城御前試合	腕 -駿河城御前試合-	3	4	3	0	3	0	0	0	0	0	0
APPLY	kannou-shousetsuka	官能小説家	官能小説家 (漫画)	3	3	3	0	0	0	3	0	0	0	0
APPLY	kanojo-no-hada-ga-wasurenai	彼女の肌が忘れない	彼女の肌が忘れない	4	4	3	1	3	0	0	0	0	0	0
APPLY	kare-wa-diablo	彼はディアボロ!	彼はディアボロ!	3	3	3	0	0	0	3	0	0	0	0
APPLY	kasei-no-kokoro	火星のココロ	火星のココロ	3	3	3	0	0	0	3	0	0	0	0
APPLY	katakoi-canon	カタコイ・カノン	カタコイ・カノン	3	3	3	0	2	0	1	0	0	0	0
APPLY	katei-kyoushi-kamiyama-mika	家庭教師神宮山美佳	家庭教師神宮山美佳	3	3	3	0	0	0	3	0	0	0	0
APPLY	kattobi-reesaa-dangan-wolf	かっとびレーサー! ダンガン狼	かっとびレーサー!ダンガン狼	3	3	3	0	3	0	0	0	0	0	0
APPLY	kawa-yorimo-nagaku-yuruyakani	河よりも長くゆるやかに	河よりも長くゆるやかに	3	3	3	0	3	0	0	0	0	0	0
APPLY	kaya-chan-wa-kowakunai	カヤちゃんはコワくない	カヤちゃんはコワくない	9	9	3	6	0	3	0	0	0	0	0
APPLY	kijima-nikki	木島日記	木島日記	4	12	3	1	0	0	3	0	0	0	0
APPLY	kikai-doll-nanami-chan	機械人形ナナミちゃん	機械人形ナナミちゃん	3	3	3	0	0	0	3	0	0	0	0
APPLY	kimi-ga-kantoku	君が監督!	君が監督!	4	4	3	1	0	3	0	0	0	0	0
APPLY	kimi-ni-wa-katenai	きみには勝てない!	きみには勝てない!	3	3	3	0	3	0	0	0	0	0	0
APPLY	kimi-no-tonari-de-seishunchuu	キミのとなりで青春中。	キミのとなりで青春中。	8	8	3	5	2	0	1	0	0	0	0
APPLY	kimi-to-oyasumi	キミとおやすみ	キミとおやすみ	3	3	3	0	0	0	3	0	0	0	0
APPLY	kimi-to-uchuu-o-aruku-tame-ni	君と宇宙を歩くために	君と宇宙を歩くために	6	6	3	3	0	3	0	0	0	0	0
APPLY	kimochi-warui-kara-kimi-ga-suki	きもちわるいから君がすき	きもちわるいから君がすき	3	3	3	0	3	0	0	0	0	0	0
APPLY	kissxxxx	Kissxxxx	KISSxxxx	3	9	3	0	0	0	3	0	0	0	0
APPLY	kitakubu-katsudou-kiroku	帰宅部活動記録	帰宅部活動記録	5	5	3	2	0	0	3	0	0	0	0
APPLY	kizuchi-no-sasoi	木槌の誘い	木槌の誘い	3	4	3	0	3	0	0	0	0	0	0
APPLY	kodoku-experiment	コドク・エクスペリメント	コドク・エクスペリメント	8	10	3	5	0	0	3	0	0	0	0
APPLY	koi-o-suru-nara-nidome-ga-joutou	恋をするなら二度目が上等	恋をするなら二度目が上等	3	3	3	0	3	0	0	0	0	0	0
APPLY	koiseyo-kimono-otome	恋せよキモノ乙女	恋せよキモノ乙女	15	15	3	12	0	3	0	0	0	0	0
APPLY	koiseyo-mayakashi-tenshi-domo	恋せよまやかし天使ども	恋せよまやかし天使ども	7	7	3	4	0	3	0	0	0	0	0
APPLY	koisuru-edison	恋するエジソン	恋するエジソン	3	3	3	0	0	3	0	0	0	0	0
APPLY	kono-sekai-wa-fukanzen-sugiru	この世界は不完全すぎる	この世界は不完全すぎる	18	18	3	15	0	3	0	0	0	0	0
APPLY	konya-mo-serial-killer-to-machiawase	今夜もシリアルキラーと待ち合わせ	今夜もシリアルキラーと待ち合わせ	5	5	3	2	0	3	0	0	0	0	0
APPLY	konzukushi	こんづくし	こんづくし	3	3	3	0	0	3	0	0	0	0	0
APPLY	koori-no-kuni-no-ouji-sama	氷の国の王子様	氷の国の王子様	3	3	3	0	0	3	0	0	0	0	0
APPLY	koumon-jigokuhen	黄門★じごく変	黄門★じごく変	3	3	3	0	2	0	1	0	0	0	0
APPLY	kowarete-itemo-kamaimasen	壊れていてもかまいません	壊れていてもかまいません	3	3	3	0	3	0	0	0	0	0	0
APPLY	kuroneko-ace	黒猫エース	黒猫エース	4	5	3	1	2	0	1	0	0	0	0
APPLY	kurotsuki-no-yaergnacht	黒月のイェルクナハト	黒月のイェルクナハト	5	5	3	2	0	3	0	0	0	0	0
APPLY	kusozako-boukou-oshii-san	クソザコボウコウ押井さん	クソザコボウコウ押井さん	3	3	3	0	3	0	0	0	0	0	0
APPLY	kuzumotosanchi-no-yonkyoudai	葛本さんちの四兄弟	葛本さんちの四兄弟	3	3	3	0	0	3	0	0	0	0	0
APPLY	kyou-no-asuka-show	今日のあすかショー	今日のあすかショー	4	4	3	1	3	0	0	0	0	0	0
APPLY	kyouryuu-no-kaikata	恐竜の飼いかた	恐竜の飼いかた	3	3	3	0	3	0	0	0	0	0	0
APPLY	kyoushi-sho-kun	教師諸君!!	教師諸君!!	3	3	3	0	0	0	3	0	0	0	0
APPLY	kyubizumu-love	キュビズム・ラブ	キュビズム・ラブ	4	5	3	1	1	0	2	0	0	0	0
APPLY	lady-masquerade	レディー・マスカレード	レディー・マスカレード	3	3	3	0	3	0	0	0	0	0	0
APPLY	love-buzz	ラヴ・バズ	ラヴ・バズ	3	6	3	0	3	0	0	0	0	0	0
APPLY	lucky-break	ラッキー・ブレイク	ラッキー・ブレイク	3	3	3	0	3	0	0	0	0	0	0
APPLY	lucky-seven-star	ラッキーセブンスター	ラッキーセブンスター	3	3	3	0	0	0	3	0	0	0	0
APPLY	mahiru-no-nagareboshi	まひるの流れ星★★	まひるの流れ星☆☆	3	3	3	0	1	2	0	0	0	0	0
APPLY	mahoroba-kissa	まほろばきっさ	まほろばきっさ	3	3	3	0	3	0	0	0	0	0	0
APPLY	mahou-shoujo-no-kareinaru-yosei	魔法少女のカレイなる余生	魔法少女のカレイなる余生	3	3	3	0	3	0	0	0	0	0	0
APPLY	maid-ja-naimon	メイドじゃないもん!	メイドじゃないもん!	3	3	3	0	0	3	0	0	0	0	0
APPLY	maid-san-no-shitagi-wa-tokubetsu-desu	メイドさんの下着は特別です。	メイドさんの下着は特別です。	3	3	3	0	3	0	0	0	0	0	0
APPLY	maipeesu-to-aruku	マイペースと歩く	マイペースと歩く	3	3	3	0	0	3	0	0	0	0	0
APPLY	makamaka	まかまか	まかまか	4	4	3	1	0	0	3	0	0	0	0
APPLY	make-upper	メイキャッパー	メイキャッパー	3	7	3	0	3	0	0	0	0	0	0
APPLY	manga-no-mori-kara-joshi-joshikousei	漫画の森から女子高生	漫画の森から女子高生	3	3	3	0	3	0	0	0	0	0	0
APPLY	manken	マンけん。	マンけん。	7	7	3	4	0	0	3	0	0	0	0
APPLY	maou-no-musume-tachi-to-maguwaeba-tsuyoku-nareru-tte-hontou-desuka	魔王の娘たちとまぐわえば強くなれるって本当ですか?	魔王の娘たちとまぐわえば強くなれるって本当ですか?	8	8	3	5	1	2	0	0	0	0	0
APPLY	marika-sevun	まりかセヴン	まりかセヴン	8	8	3	5	0	0	3	0	0	0	0
APPLY	matazoro	またぞろ。	またぞろ。	3	3	3	0	3	0	0	0	0	0	0
APPLY	meeteru-no-kimochi	め～てるの気持ち	め〜てるの気持ち	3	3	3	0	0	0	3	0	0	0	0
APPLY	megane-tokidoki-yankee-kun	メガネ、時々、ヤンキーくん	メガネ、時々、ヤンキーくん	11	11	3	8	0	3	0	0	0	0	0
APPLY	meikyuu-black-company	迷宮ブラックカンパニー	迷宮ブラックカンパニー	14	14	3	11	0	3	0	0	0	0	0
APPLY	microman	ミクロマン	ミクロマン	3	3	3	0	0	0	3	0	0	0	0
APPLY	miharu-no-senjou	ミハルの戦場	ミハルの戦場	4	4	3	1	0	3	0	0	0	0	0
APPLY	milkman	ミルクマン	ミルクマン (漫画)	3	3	3	0	2	0	1	0	0	0	0
APPLY	mimia-hime	ミミア姫	ミミア姫	3	3	3	0	0	0	3	0	0	0	0
APPLY	minato-mirai	みなと∞みらい	みなと∞みらい	3	3	3	0	3	0	0	0	0	0	0
APPLY	minna-esper-dayo	みんな!エスパーだよ!	みんな!エスパーだよ!	8	8	3	5	0	0	3	0	0	0	0
APPLY	miraizer-ban	ミライザーバン	ミライザーバン	4	5	3	1	0	0	3	0	0	0	0
APPLY	misaki-kun-wa-kouryaku-chara-ja-nai	三咲くんは攻略キャラじゃない	三咲くんは攻略キャラじゃない	4	4	3	1	0	3	0	0	0	0	0
APPLY	mitsukubi-condol	三ツ首コンドル	三ツ首コンドル	3	3	3	0	0	3	0	0	0	0	0
APPLY	mobile-suit-gundam-gihren-ansatsu-keikaku	機動戦士ガンダムギレン暗殺計画	機動戦士ガンダム ギレン暗殺計画	4	8	3	1	0	3	0	0	0	0	0
APPLY	modaeteyo-adam-kun	悶えてよ、アダムくん	悶えてよ、アダムくん	8	8	3	5	0	3	0	0	0	0	0
APPLY	mondai-no-nai-watashitachi	問題のない私たち	問題のない私たち	3	4	3	0	0	0	3	0	0	0	0
APPLY	monster-monster	MONSTER×MONSTER	MONSTER×MONSTER	3	3	3	0	0	3	0	0	0	0	0
APPLY	moteki	モテキ	モテキ	4	8	3	1	0	0	3	0	0	0	0
APPLY	moujuusei-shounen-shoujo	猛獣性少年少女	猛獣性少年少女	3	3	3	0	3	0	0	0	0	0	0
APPLY	mouryou-no-yurikago	魍魎の揺りかご	魍魎の揺りかご	6	6	3	3	0	0	3	0	0	0	0
APPLY	mozuku-walking	もずく、ウォーキング!	もずく、ウォーキング!	3	3	3	0	3	0	0	0	0	0	0
APPLY	mugi-kaoru-futari	麦香るふたり	麦香るふたり	3	3	3	0	0	3	0	0	0	0	0
APPLY	mukuro-chandelier	骸シャンデリア	骸シャンデリア	3	3	3	0	0	0	3	0	0	0	0
APPLY	muromachi-gakuin-koukou-seito-shidoushitsu	室町学院高校生徒指導室!!	室町学院高校生徒指導室!!	3	3	3	0	0	0	3	0	0	0	0
APPLY	mushibugyou	ムシブギョー	ムシブギョー	3	35	3	0	0	3	0	0	0	0	0
APPLY	nanoni-chigira-kun-ga-amasugiru	なのに、千輝くんが甘すぎる。	なのに、千輝くんが甘すぎる。	14	14	3	11	0	3	0	0	0	0	0
APPLY	natsu-no-zenjitsu	夏の前日	夏の前日	5	5	3	2	0	0	3	0	0	0	0
APPLY	nekooku	猫奥	猫奥	12	12	3	9	0	3	0	0	0	0	0
APPLY	nemureru-hoshi	眠れる惑星	眠れる惑星	4	4	3	1	2	0	1	0	0	0	0
APPLY	nenjuu-mukyuu-santa-san	年中無休★サンタさん!	年中無休★サンタさん!	4	4	3	1	1	0	2	0	0	0	0
APPLY	ng-boy-x-paradise	NG BOY×パラダイス	NG BOY×パラダイス	3	3	3	0	3	0	0	0	0	0	0
APPLY	nichijou-lock	日常ロック	日常ロック	12	12	3	9	1	2	0	0	0	0	0
APPLY	niku-no-uta	肉の唄	肉の唄	3	3	3	0	0	0	3	0	0	0	0
APPLY	ninja-papa	忍者パパ	忍者パパ	6	7	3	3	3	0	0	0	0	0	0
APPLY	ninja-to-gokudou	忍者と極道	忍者と極道	17	18	3	14	0	3	0	0	0	0	0
APPLY	niwatori-fighter	ニワトリ・ファイター	ニワトリ・ファイター	12	12	3	9	0	3	0	0	0	0	0
APPLY	nobunaga-chan-kouki	のぶながちゃん公記	のぶながちゃん公記	3	3	3	0	2	0	1	0	0	0	0
APPLY	nohara-hiroshi-hirumeshi-no-ryuugi	野原ひろし昼メシの流儀	野原ひろし 昼メシの流儀	15	16	3	12	0	3	0	0	0	0	0
APPLY	ny-bird	N・Yバード	N★Yバード	5	5	3	2	0	3	0	0	0	0	0
APPLY	o-a	O/A	O/A	7	8	3	4	1	0	2	0	0	0	0
APPLY	oganiku-uu-chan	おがにくうーちゃん	おがにくうーちゃん	3	3	3	0	0	0	3	0	0	0	0
APPLY	oji-sama-to-neko	おじさまと猫	おじさまと猫	17	17	3	14	0	3	0	0	0	0	0
APPLY	okazaki-ni-sasagu	岡崎に捧ぐ	岡崎に捧ぐ	5	5	3	2	3	0	0	0	0	0	0
APPLY	okoshiyasu	おこしやす	おこしやす	3	3	3	0	0	0	3	0	0	0	0
APPLY	omiai-aite-wa-oshiego-tsuyoki-na-mondaiji	お見合い相手は教え子、強気な、問題児。	お見合い相手は教え子、強気な、問題児。	5	5	3	2	0	0	3	0	0	0	0
APPLY	one-for-all	ONE FOR ALL	ONE FOR ALL (漫画)	8	8	3	5	0	3	0	0	0	0	0
APPLY	onee-chan-no-midori-kun	お姉ちゃんの翠くん	お姉ちゃんの翠くん	11	11	3	8	0	3	0	0	0	0	0
APPLY	onikiri-juuzou	鬼斬り十蔵	鬼斬り十蔵	4	8	3	1	0	0	3	0	0	0	0
APPLY	onryouji	怨霊侍	怨霊侍	3	3	3	0	0	0	3	0	0	0	0
APPLY	order-made	Order-Made	Order-Made	7	7	3	4	0	0	3	0	0	0	0
APPLY	ore-dake-wa-matomo-kun	オレだけはマトモくん	オレだけはマトモくん	5	9	3	2	3	0	0	0	0	0	0
APPLY	oshitaimoushiagemasu	お慕い申し上げます	お慕い申し上げます	6	6	3	3	0	0	3	0	0	0	0
APPLY	ouhi-margot	王妃マルゴ	王妃マルゴ (漫画)	8	8	3	5	0	2	1	0	0	0	0
APPLY	ouji-no-yuugana-seikatsu-kari	王子の優雅な生活（仮）	王子の優雅な生活（仮）	3	3	3	0	0	0	3	0	0	0	0
APPLY	papa-no-sagashimono	パパのさがしもの	パパのさがしもの	3	3	3	0	0	0	3	0	0	0	0
APPLY	pasta-no-ryuugi	パスタの流儀	パスタの流儀	5	5	3	2	3	0	0	0	0	0	0
APPLY	penguin-brothers	ペンギン☆ブラザーズ	ペンギン☆ブラザーズ	5	5	3	2	0	0	3	0	0	0	0
APPLY	penguin-musume	ペンギン娘	ペンギン娘	3	7	3	0	3	0	0	0	0	0	0
APPLY	piece	Piece	Piece (漫画)	10	10	3	7	3	0	0	0	0	0	0
APPLY	pippira-note	ぴっぴら帳	ぴっぴら帳	5	8	3	2	1	0	2	0	0	0	0
APPLY	pochi-gokudou	ポチ極道	ポチ極道	3	3	3	0	0	0	3	0	0	0	0
APPLY	pocket-monster-kin-gin-golden-boys	ポケットモンスター金・銀ゴールデンボーイズ	ポケットモンスター金・銀 ゴールデン・ボーイズ	3	3	3	0	3	0	0	0	0	0	0
APPLY	pong-pong	Pong☆pong	PONG☆PONG	3	3	3	0	0	0	3	0	0	0	0
APPLY	pretty-face	プリティフェイス	プリティフェイス	6	6	3	3	0	0	3	0	0	0	0
APPLY	princess-on-ice	プリンセスオンアイス	プリンセス オン アイス	3	3	3	0	0	0	3	0	0	0	0
APPLY	pupipo	プピポー!	プピポー!	3	6	3	0	0	0	3	0	0	0	0
APPLY	rabu-shierutaa	らぶしぇるたぁ	らぶしぇるたぁ	3	3	3	0	3	0	0	0	0	0	0
APPLY	radiation-house	ラジエーションハウス	ラジエーションハウス	20	20	3	17	0	3	0	0	0	0	0
APPLY	ragna-crimson	ラグナクリムゾン	ラグナクリムゾン	17	17	3	14	0	3	0	0	0	0	0
APPLY	raise-de-aimashou	来世であいましょう	来世であいましょう	4	4	3	1	0	0	3	0	0	0	0
APPLY	rarara	ラララ	ラララ (漫画)	10	10	3	7	0	0	3	0	0	0	0
APPLY	rejiden-505-tei-goomarugo	レジデン都市505	レジデン都市505	3	3	3	0	0	0	3	0	0	0	0
APPLY	reset-game	リセット・ゲーム	リセット・ゲーム	3	3	3	0	3	0	0	0	0	0	0
APPLY	ride-on-king	ライドンキング	ライドンキング	16	16	3	13	0	3	0	0	0	0	0
APPLY	ring-2004	RING	RING (島袋光年の漫画)	3	3	3	0	0	0	3	0	0	0	0
APPLY	rinjin-o-maiseyo-2013	隣人を妹せよ!	隣人を妹せよ!	3	8	3	0	3	0	0	0	0	0	0
APPLY	rinna-keibu-wa-iki-ga-dekinai	リンナ警部は呼吸ができない	リンナ警部は呼吸ができない	3	3	3	0	3	0	0	0	0	0	0
APPLY	rising-sun	ライジングサン	ライジングサン (漫画)	15	33	3	12	0	0	3	0	0	0	0
APPLY	rocket-starter	ロケットスターター	ロケットスターター	3	3	3	0	0	0	3	0	0	0	0
APPLY	sacrifice	サクリファイス	サクリファイス (小説)	3	5	3	0	1	0	2	0	0	0	0
APPLY	saigo-no-restaurant-dante	最後のレストランDante	最後のレストラン Dante	4	4	3	1	0	3	0	0	0	0	0
APPLY	saigo-no-seifuku	最後の制服	最後の制服	3	5	3	0	2	0	1	0	0	0	0
APPLY	saikyou-no-uta	最強の詩	最強の詩	7	7	3	4	0	3	0	0	0	0	0
APPLY	sakaki-mirei-no-tame-nara-boku-watsu	榊美麗のためなら僕は…ッ!!	榊美麗のためなら僕は…ッ!!	5	10	3	2	0	0	3	0	0	0	0
APPLY	salaryman-ga-isekai-ni-ittara-shitennou-ni-natta-hanashi	サラリーマンが異世界に行ったら四天王になった話	サラリーマンが異世界に行ったら四天王になった話	13	13	3	10	0	3	0	0	0	0	0
APPLY	san-jikisou-yami-baito	SAN値直葬!闇バイト	SAN値直葬!闇バイト	4	4	3	1	3	0	0	0	0	0	0
APPLY	sanda	SANDA	SANDA	16	16	3	13	0	3	0	0	0	0	0
APPLY	saneka-no-yomeiri	サネカの嫁入り	サネカの嫁入り	3	3	3	0	0	3	0	0	0	0	0
APPLY	seigi-no-tobira	セイギのトビラ	セイギのトビラ	3	3	3	0	0	0	3	0	0	0	0
APPLY	seire-sama-no-nangina-nichijou	精霊さまの難儀な日常	精霊さまの難儀な日常	3	3	3	0	3	0	0	0	0	0	0
APPLY	seishun-forget	青春フォーゲット!	青春フォーゲット!	4	4	3	1	0	0	3	0	0	0	0
APPLY	sengoku-kyoudai	センゴク兄弟	センゴク兄弟	6	8	3	3	0	0	3	0	0	0	0
APPLY	setsugetsuki	雪月記	雪月記	3	3	3	0	0	0	3	0	0	0	0
APPLY	shachiku-san-wa-youjo-yuurei-ni-iyasaretai	社畜さんは幼女幽霊に癒されたい。	社畜さんは幼女幽霊に癒されたい。	14	14	3	11	0	3	0	0	0	0	0
APPLY	shaman-king-flowers	シャーマンキングFLOWERS	シャーマンキングFLOWERS	6	22	3	3	0	0	3	0	0	0	0
APPLY	shiawase-torimingu	しあわせ鳥見んぐ	しあわせ鳥見んぐ	4	4	3	1	3	0	0	0	0	0	0
APPLY	shiina-kun-no-torikemo-hyakka	椎名くんの鳥獣百科	椎名くんの鳥獣百科	10	10	3	7	0	0	3	0	0	0	0
APPLY	shimanami-potapota	しまなみぽたぽた	しまなみぽたぽた	4	4	3	1	2	1	0	0	0	0	0
APPLY	shinigami-hime-no-saikon	死神姫の再婚	死神姫の再婚	3	28	3	0	0	0	3	0	0	0	0
APPLY	shinigami-sama-ni-saigo-no-onegai-o	死神様に最期のお願いを	死神様に最期のお願いを	4	9	3	1	0	0	3	0	0	0	0
APPLY	shinsou-no-raputa	深層のラプタ	深層のラプタ	4	4	3	1	0	3	0	0	0	0	0
APPLY	shiranai-kuni-no-monogatari	知らない国の物語	知らない国の物語	3	3	3	0	0	0	3	0	0	0	0
APPLY	shishunki-bitter-change	思春期ビターチェンジ	思春期ビターチェンジ	9	9	3	6	0	0	3	0	0	0	0
APPLY	shiyakusho	死役所	死役所	28	28	3	25	0	3	0	0	0	0	0
APPLY	shouko-sensei	しょうこセンセイ!	しょうこセンセイ!	3	3	3	0	3	0	0	0	0	0	0
APPLY	sis-plus	シスプラス	シスプラス	6	6	3	3	0	0	3	0	0	0	0
APPLY	smile-style	スマイル・スタイル	スマイル・スタイル	3	3	3	0	3	0	0	0	0	0	0
APPLY	smoke-blue-no-ame-nochi-hare	スモークブルーの雨のち晴れ	スモークブルーの雨のち晴れ	9	9	3	6	0	3	0	0	0	0	0
APPLY	snack-basue	スナックバス江	スナックバス江	18	18	3	15	0	3	0	0	0	0	0
APPLY	sono-keisatsukan-tokidoki-yajuu	その警察官、ときどき野獣!	その警察官、ときどき野獣!	10	13	3	7	1	1	1	0	0	0	0
APPLY	sora-o-kakeru-yodaka	宇宙を駆けるよだか	宇宙を駆けるよだか	3	4	3	0	0	3	0	0	0	0	0
APPLY	soredemo-bokura-wa-yattenai	それでも僕らはヤってない	それでも僕らはヤってない	11	11	3	8	3	0	0	0	0	0	0
APPLY	sotsugyou-album-no-kanojotachi	卒業アルバムの彼女たち	卒業アルバムの彼女たち	5	5	3	2	0	3	0	0	0	0	0
APPLY	spanner	ス・パ・ナ	ス・パ・ナ	3	3	3	0	3	0	0	0	0	0	0
APPLY	subaru-to-subaru	昴と彗星	昴と彗星	3	3	3	0	0	3	0	0	0	0	0
APPLY	supo-chan	スポ×ちゃん!	スポ×ちゃん!	4	4	3	1	0	3	0	0	0	0	0
APPLY	surumeika	するめいか	するめいか (漫画)	5	5	3	2	0	0	3	0	0	0	0
APPLY	suzume-suzunari	すずめすずなり	すずめすずなり	3	3	3	0	0	0	3	0	0	0	0
APPLY	sweet-revenge	スイートリベンジ	スイートリベンジ	3	3	3	0	3	0	0	0	0	0	0
APPLY	takamanohara-ni-kamuzumarimasu	高天原に神留坐す	高天原に神留坐す	3	3	3	0	0	0	3	0	0	0	0
APPLY	takeki-ougon-no-kuni-yagyuu-munenori	猛き黄金の国柳生宗矩	猛き黄金の国 柳生宗矩	3	3	3	0	0	0	3	0	0	0	0
APPLY	tama-no-koshikake	たまのこしかけ	たまのこしかけ	3	3	3	0	0	0	3	0	0	0	0
APPLY	tei-taion-otoko-ni-natsukaremashita	低体温男子になつかれました。	低体温男子になつかれました。	4	4	3	1	0	3	0	0	0	0	0
APPLY	tekkon-zoids-koabatoru	鉄魂!!ZOIDS核闘技	鉄魂!! ZOIDS核闘技	3	3	3	0	3	0	0	0	0	0	0
APPLY	tennen-suit-g	天然戦士G	天然戦士G	3	3	3	0	3	0	0	0	0	0	0
APPLY	tenpuru	てんぷる	てんぷる	15	16	3	12	0	3	0	0	0	0	0
APPLY	tenshi-no-matsuei	てんしの末裔	てんしの末裔	3	3	3	0	3	0	0	0	0	0	0
APPLY	teru-seru	テル・セル	テル・セル	3	3	3	0	2	0	1	0	0	0	0
APPLY	the-marshal-king	THE MARSHAL KING	THE MARSHAL KING	3	3	3	0	0	3	0	0	0	0	0
APPLY	thirty-girl	サーティーガール	サーティーガール	3	4	3	0	3	0	0	0	0	0	0
APPLY	tokachi-hitoribocchi-nouen	十勝ひとりぼっち農園	十勝ひとりぼっち農園	20	20	3	17	0	3	0	0	0	0	0
APPLY	tokyo-23	TOKYO 23	TOKYO23	3	3	3	0	0	0	3	0	0	0	0
APPLY	tokyo-toy-box	東京トイボックス	東京トイボックス	3	5	3	0	0	0	3	0	0	0	0
APPLY	tokyo-tribe-waru	TOKYO TRIBE WARU	TOKYO TRIBE WARU	4	4	3	1	3	0	0	0	0	0	0
APPLY	tomo-masshigura	友まっしぐら	友まっしぐら	3	3	3	0	0	3	0	0	0	0	0
APPLY	tomodachi-gokko-momochi-2011	トモダチごっこ	トモダチごっこ	3	3	3	0	0	0	3	0	0	0	0
APPLY	tonari-no-seki-no-doukyonin	となりの席の同居人	となりの席の同居人	4	4	3	1	3	0	0	0	0	0	0
APPLY	tonarinoosoegawa	隣の小副川	隣の小副川	3	3	3	0	0	3	0	0	0	0	0
APPLY	tosho-iinchou-no-hinkaku	図書委員長の品格	図書委員長の品格	3	3	3	0	0	0	3	0	0	0	0
APPLY	totsukou-maid-sandaa	突攻!メイドサンダー	突攻! メイドサンダー	3	3	3	0	3	0	0	0	0	0	0
APPLY	toukon-yuuma	桃魂ユーマ	桃魂ユーマ	3	3	3	0	3	0	0	0	0	0	0
APPLY	trafficker	トラフィッカー	トラフィッカー	3	3	3	0	3	0	0	0	0	0	0
APPLY	tsurezure-hiyori	徒然日和	徒然日和	3	3	3	0	3	0	0	0	0	0	0
APPLY	u-31	U-31	U-31	3	4	3	0	0	0	3	0	0	0	0
APPLY	uesugi-kun-wa-onnanoko-o-yametai	上杉くんは女の子をやめたい	上杉くんは女の子をやめたい	5	5	3	2	0	3	0	0	0	0	0
APPLY	ukulea	ウクレア!	ウクレア!	3	3	3	0	0	3	0	0	0	0	0
APPLY	under-ninja	アンダーニンジャ	アンダーニンジャ	18	18	3	15	0	3	0	0	0	0	0
APPLY	uruha-no-sekai-de-arisugawa	麗の世界で有栖川	麗の世界で有栖川	11	11	3	8	0	3	0	0	0	0	0
APPLY	usagi-note	うさぎのーと	うさぎのーと	4	4	3	1	0	0	3	0	0	0	0
APPLY	ushiro-no-shoumen-kamui-san	うしろの正面カムイさん	うしろの正面カムイさん	13	13	3	10	0	3	0	0	0	0	0
APPLY	uzumaki	うずまき	うずまき (漫画)	3	5	3	0	3	0	0	0	0	0	0
APPLY	wa-san-ni-koishita-shoujo	和算に恋した少女	和算に恋した少女	3	3	3	0	3	0	0	0	0	0	0
APPLY	watanabe	ワタナベ	ワタナベ (漫画)	3	4	3	0	3	0	0	0	0	0	0
APPLY	watashi-tte-sabasaba-shiterukara	ワタシってサバサバしてるから	ワタシってサバサバしてるから	4	4	3	1	2	1	0	0	0	0	0
APPLY	whip-note	ホイップノート	ホイップノート	3	3	3	0	3	0	0	0	0	0	0
APPLY	yama-to-shokuyoku-to-watashi	山と食欲と私	山と食欲と私	21	25	3	18	0	3	0	0	0	0	0
APPLY	yamato-gensouki	邪馬台幻想記	邪馬台幻想記	3	3	3	0	0	2	1	0	0	0	0
APPLY	yami-no-rappa	ヤミの乱破	ヤミの乱破	4	4	3	1	0	0	3	0	0	0	0
APPLY	yane-no-shita-no-artemis	屋根の下のアルテミス	屋根の下のアルテミス	5	5	3	2	0	3	0	0	0	0	0
APPLY	yawaraka-ninpou-esuooesu	やわらか忍法SOS	やわらか忍法SOS	3	3	3	0	0	3	0	0	0	0	0
APPLY	yodogawa-beruto-konbea-girl	淀川ベルトコンベア・ガール	淀川ベルトコンベア・ガール	3	3	3	0	3	0	0	0	0	0	0
APPLY	yorihime-ki-tan	依姫綺譚	依姫綺譚	3	3	3	0	0	0	3	0	0	0	0
APPLY	yuki-no-saku-ni-wa	ゆきの咲くにわ	ゆきの咲くにわ	3	3	3	0	1	0	2	0	0	0	0
APPLY	yuuyuru-shikkoubu	ゆーゆる執行部	ゆーゆる執行部	3	3	3	0	0	0	3	0	0	0	0
APPLY	zannen-hakase	残念博士	残念博士	3	3	3	0	0	0	3	0	0	0	0
APPLY	zatsu-chan	ざっちゃん	ざっちゃん	3	3	3	0	0	0	3	0	0	0	0
APPLY	zense-de-koroshita-aite-no-tantou-henshuu-ni-narimashita	前世で殺した相手の担当編集になりました	前世で殺した相手の担当編集になりました	3	3	3	0	3	0	0	0	0	0	0
APPLY	0-kara-hajimemashou	0からはじめましょう	0からはじめましょう	2	2	2	0	1	0	1	0	0	0	0
APPLY	100-mankai-kikaseteyo	100万回きかせてよ	100万回きかせてよ	2	2	2	0	2	0	0	0	0	0	0
APPLY	13club	13club	13club	2	2	2	0	0	0	2	0	0	0	0
APPLY	15sai	15才	15才 (漫画)	3	3	2	1	0	0	2	0	0	0	0
APPLY	2-tengojigen-no-ririsa	2.5次元の誘惑(リリサ)	2.5次元の誘惑	25	25	2	23	0	2	0	0	0	0	0
APPLY	3-daa-surii	サンダー3	サンダー3	9	10	2	7	0	2	0	0	0	0	0
APPLY	30sai-made-doutei-dato-mahoutsukai-30-narerurashii	30歳まで童貞だと魔法使いになれるらしい	30歳まで童貞だと魔法使いになれるらしい	16	16	2	14	0	2	0	0	0	0	0
APPLY	31-banme-no-yuuri	31番目のユーリ	31番目のユーリ	5	5	2	3	2	0	0	0	0	0	0
APPLY	3d-kanojo	3D彼女	3D彼女	12	24	2	10	0	0	2	0	0	0	0
APPLY	abanchurie	アバンチュリエ	アバンチュリエ	5	13	2	3	0	0	2	0	0	0	0
APPLY	act-on	アクト・オン!	アクト・オン!	2	2	2	0	0	0	2	0	0	0	0
APPLY	actress-act	アクトレスアクト	アクトレスアクト	2	2	2	0	1	0	1	0	0	0	0
APPLY	aimaimii	あいまいみー	あいまいみー	11	12	2	9	1	0	1	0	0	0	0
APPLY	aishiteru-kaiyou	アイシテル -海容-	アイシテル〜海容〜	2	4	2	0	0	0	2	0	0	0	0
APPLY	aizawake-no-etosetora	相沢家のえとせとら	相沢家のえとせとら	2	2	2	0	2	0	0	0	0	0	0
APPLY	akabane-honeko-no-bodyguard	赤羽骨子のボディガード	赤羽骨子のボディガード	12	12	2	10	0	2	0	0	0	0	0
APPLY	akai-san-wa-kyou-mo-tsunderu	紅井さんは今日も詰んでる。	紅井さんは今日も詰んでる。	2	2	2	0	0	0	2	0	0	0	0
APPLY	akane-chan-over-drive	あかねちゃん OVER DRIVE	あかねちゃんOVER DRIVE	2	2	2	0	1	1	0	0	0	0	0
APPLY	akira-to-hiyori	アキラとひより	アキラとひより	2	2	2	0	0	0	2	0	0	0	0
APPLY	amaku-kikenna-nanpa-deka	甘く危険なナンパ刑事	甘く危険なナンパ刑事	2	6	2	0	2	0	0	0	0	0	0
APPLY	amamizu-linda	雨水リンダ	雨水リンダ	4	4	2	2	0	0	2	0	0	0	0
APPLY	ameiro-kouchakan-kandan	飴色紅茶館歓談	飴色紅茶館歓談	2	3	2	0	0	0	2	0	0	0	0
APPLY	amiigo-amiiga	あみーご×あみーが	あみーご×あみーが	2	2	2	0	1	0	1	0	0	0	0
APPLY	anata-ga-shite-kurenakutemo	あなたがしてくれなくても	あなたがしてくれなくても	15	15	2	13	0	2	0	0	0	0	0
APPLY	ane-komi	あねコミ	あねコミ	2	2	2	0	0	0	2	0	0	0	0
APPLY	angura	あんぐら	あんぐら	2	2	2	0	1	0	1	0	0	0	0
APPLY	anikon	アニコン	アニコン	2	2	2	0	2	0	0	0	0	0	0
APPLY	animagear	アニマギア	アニマギア	2	4	2	0	2	0	0	0	0	0	0
APPLY	ao-no-kikka	青の橘花	青の橘花	2	2	2	0	0	0	2	0	0	0	0
APPLY	aono-kun-ni-sawaritai-kara-shinitai	青野くんに触りたいから死にたい	青野くんに触りたいから死にたい	14	14	2	12	0	2	0	0	0	0	0
APPLY	appare-mega-baka-boys	あっぱれメガバカBoys	あっぱれメガバカBoys	2	2	2	0	2	0	0	0	0	0	0
APPLY	apple-cinnamon-caramelize	アップルシナモンキャラメリゼ	アップル シナモン キャラメリゼ	2	2	2	0	0	0	2	0	0	0	0
APPLY	arabake-arahabaki-gungun-park	あらばけ!荒吐グングンパーク	あらばけ!荒吐グングンパーク	2	2	2	0	0	2	0	0	0	0	0
APPLY	area-51	エリア51	エリア51 (漫画)	15	15	2	13	0	0	2	0	0	0	0
APPLY	ariete-2057	アリエテ2057	アリエテ2057	2	2	2	0	0	0	2	0	0	0	0
APPLY	aruba-rose-no-neko	アルバローズの猫	アルバローズの猫	2	5	2	0	0	0	2	0	0	0	0
APPLY	asa-mo-hiru-mo-yoru-mo	朝も、昼も、夜も。	朝も、昼も、夜も。	2	2	2	0	0	0	2	0	0	0	0
APPLY	ashita-mo-himawarisou	明日もひまわり荘!	明日もひまわり荘!	2	2	2	0	0	0	2	0	0	0	0
APPLY	atarashii-asa	あたらしい朝	あたらしい朝	2	2	2	0	0	0	2	0	0	0	0
APPLY	atarashii-joushi-wa-dotennen	新しい上司はど天然	新しい上司はど天然	2	2	2	0	2	0	0	0	0	0	0
APPLY	atsuize-pen-chan	熱いぜ辺ちゃん	熱いぜ辺ちゃん	2	3	2	0	2	0	0	0	0	0	0
APPLY	attack-on	アタック☆オン	アタック★オン	2	2	2	0	2	0	0	0	0	0	0
APPLY	avian-wander	エビアンワンダー	エビアンワンダー	2	7	2	0	2	0	0	0	0	0	0
APPLY	b-wanted	B-ウォンテッド	B-ウォンテッド	6	6	2	4	0	0	2	0	0	0	0
APPLY	baka-ga-zenra-de-yatte-kuru	バカが全裸でやってくる	バカが全裸でやってくる	2	4	2	0	0	0	2	0	0	0	0
APPLY	baka-kyoudai	バカ姉弟	バカ姉弟	5	12	2	3	0	2	0	0	0	0	0
APPLY	bakufuu-surasshu-kizuna	爆封スラッシュ!キズナ	爆封スラッシュ!キズナ	2	2	2	0	2	0	0	0	0	0	0
APPLY	bakuretsu-kikou-tenshi-cross-renjaa	爆裂機甲天使クロスレンジャー	爆裂機甲天使クロスレンジャー	2	2	2	0	2	0	0	0	0	0	0
APPLY	bamboo-blade-b-2009	BAMBOO BLADE B	BAMBOO BLADE B	12	12	2	10	0	0	2	0	0	0	0
APPLY	banana-no-nana	バナナのナナ	バナナのナナ	2	2	2	0	0	0	2	0	0	0	0
APPLY	bear-bear	BEAR BEAR	BEAR BEAR	2	2	2	0	0	2	0	0	0	0	0
APPLY	billionaire-girl	ビリオネアガール	ビリオネアガール	3	3	2	1	0	0	2	0	0	0	0
APPLY	billy-bat	BILLY BAT	BILLY BAT	20	20	2	18	0	0	2	0	0	0	0
APPLY	bird-black-maaketto	バード	バード (漫画)	9	20	2	7	1	0	1	0	0	0	0
APPLY	blangel	BLANGEL	BLANGEL	2	3	2	0	1	0	1	0	0	0	0
APPLY	bloody-angels	ブラッディエンジェルズ	ブラッディエンジェルズ	2	4	2	0	2	0	0	0	0	0	0
APPLY	blow-up	Blow up!	BLOW UP!	3	4	2	1	2	0	0	0	0	0	0
APPLY	blue-drop	BLUE DROP	BLUE DROP	2	3	2	0	2	0	0	0	0	0	0
APPLY	blue-friend	ブルーフレンド	ブルーフレンド	3	3	2	1	0	0	2	0	0	0	0
APPLY	boukyaku-no-haou-rolan	忘却の覇王ロラン	忘却の覇王 ロラン	6	13	2	4	0	0	2	0	0	0	0
APPLY	bousou-itai-nekuroman	亡装遺体ネクロマン	亡装遺体ネクロマン	2	2	2	0	0	0	2	0	0	0	0
APPLY	bullet-the-wizard	ブレット・ザ・ウィザード	ブレット・ザ・ウィザード	4	4	2	2	0	0	2	0	0	0	0
APPLY	chinpui	チンプイ	チンプイ	8	14	2	6	0	0	2	0	0	0	0
APPLY	choco-parfait	ちょこパフェ	ちょこパフェ	2	2	2	0	0	0	2	0	0	0	0
APPLY	choitsuri-dandy	ちょい釣りダンディ	ちょい釣りダンディ	4	4	2	2	1	1	0	0	0	0	0
APPLY	chotto-edo-made	ちょっと江戸まで	ちょっと江戸まで	6	6	2	4	0	0	2	0	0	0	0
APPLY	chou-bakumatsu-shounen-seiki-takamaru	超幕末少年世紀タカマル	超幕末少年世紀タカマル	2	2	2	0	2	0	0	0	0	0	0
APPLY	choudenjitaisen-bikutoriifaibu	超電磁大戦ビクトリーファイブ	超電磁大戦ビクトリーファイブ	2	4	2	0	0	0	2	0	0	0	0
APPLY	choukoudou-shujin	澄江堂主人	澄江堂主人	2	3	2	0	2	0	0	0	0	0	0
APPLY	chouzetsu-henshin-earth-kaizaa	超絶変身!!アースカイザー	超絶変身!! アースカイザー	2	2	2	0	0	0	2	0	0	0	0
APPLY	chuugaku-sei-nikki	中学聖日記	中学聖日記	6	6	2	4	0	2	0	0	0	0	0
APPLY	cipher-1996	サイファー	サイファー (漫画)	2	2	2	0	2	0	0	0	0	0	0
APPLY	continue	Continue?	CONTINUE? (漫画)	2	2	2	0	0	0	2	0	0	0	0
APPLY	cosmetic-playlover	コスメティック・プレイラバー	コスメティック・プレイラバー	10	12	2	8	0	2	0	0	0	0	0
APPLY	cosplay-no-kami	コスプレの神!	コスプレの神!	2	2	2	0	2	0	0	0	0	0	0
APPLY	curry-no-joou-sama	カレーの王女さま	カレーの王女さま	2	2	2	0	2	0	0	0	0	0	0
APPLY	d-h	D×H	D×H	2	2	2	0	0	0	2	0	0	0	0
APPLY	dageki-joi-saori	打撃女医サオリ	打撃女医サオリ	2	2	2	0	0	0	2	0	0	0	0
APPLY	dai-san-sekai-no-nagai	第三世界の長井	第三世界の長井	4	4	2	2	0	2	0	0	0	0	0
APPLY	dainihon-samurai-girl	大日本サムライガール	大日本サムライガール	2	22	2	0	2	0	0	0	0	0	0
APPLY	damekko-kissa-dear	ダメっ妹喫茶❤でぃあ	ダメっ妹喫茶♥でぃあ	2	2	2	0	0	0	2	0	0	0	0
APPLY	dangan-doraggaa	弾丸ドラッガー	弾丸ドラッガー	2	2	2	0	0	0	2	0	0	0	0
APPLY	dark-queen-matsubara-2008	DARK QUEEN	DARK QUEEN	2	2	2	0	0	0	2	0	0	0	0
APPLY	dash-ando-spin-chousoku-sonikku	ダッシュ＆スピン 超速ソニック	ダッシュ&スピン 超速ソニック	2	2	2	0	2	0	0	0	0	0	0
APPLY	datte-sukinandamon-2013	だって好きなんだもん!	だって好きなんだもん!	2	2	2	0	2	0	0	0	0	0	0
APPLY	dead-mount-death-play	デッドマウント・デスプレイ	デッドマウント・デスプレイ	17	25	2	15	0	2	0	0	0	0	0
APPLY	deban-desuyo-kondousan	出番ですよ?近藤さん!	出番ですよ?近藤さん!	2	2	2	0	1	0	1	0	0	0	0
APPLY	debiruchi	でびるち	でびるち	4	4	2	2	0	0	2	0	0	0	0
APPLY	dekirukana	できるかな	できるかな (漫画)	4	6	2	2	0	0	2	0	0	0	0
APPLY	dennou-yaoi-shoujo	電脳やおい少女	電脳やおい少女	2	2	2	0	0	0	2	0	0	0	0
APPLY	denshadoori-itchoume	でんしゃ通り一丁目	でんしゃ通り一丁目	2	2	2	0	2	0	0	0	0	0	0
APPLY	deresuke	でれすけ!	でれすけ!	2	2	2	0	0	0	2	0	0	0	0
APPLY	derodero	でろでろ	でろでろ	16	24	2	14	0	2	0	0	0	0	0
APPLY	devily-man	デビリーマン	デビリーマン	2	2	2	0	0	2	0	0	0	0	0
APPLY	dice	ダイス	ダイス (漫画)	2	2	2	0	0	0	2	0	0	0	0
APPLY	do-ra-kooboku	どらコーボク	どらコーボク	2	2	2	0	2	0	0	0	0	0	0
APPLY	donna-mondai	丼なモンダイ!	丼なモンダイ!	2	2	2	0	0	0	2	0	0	0	0
APPLY	doukyo-shite-iru-kensei-no-onna-shishou-ga-kawai-sugite-mainichi-shiawase-desu	同居している剣聖の女師匠が可愛すぎて毎日幸せです	同居している剣聖の女師匠が可愛すぎて毎日幸せです	2	2	2	0	0	2	0	0	0	0	0
APPLY	dress-na-boku-ga-yangotonaki-katagata-no-katei-kyoushi-sama-na-ken	ドレスな僕がやんごとなき方々の家庭教師様な件	ドレスな僕がやんごとなき方々の家庭教師様な件	2	10	2	0	0	0	2	0	0	0	0
APPLY	duel-masters-gekiouden-get	D・M激王伝ゲット	D・M激王伝ゲット	2	2	2	0	2	0	0	0	0	0	0
APPLY	dungeon-no-naka-no-hito	ダンジョンの中のひと	ダンジョンの中のひと	7	7	2	5	0	2	0	0	0	0	0
APPLY	edogawa-sweet-eejienshii	江戸川スイートエージェンシー	江戸川スイートエージェンシー	2	2	2	0	0	0	2	0	0	0	0
APPLY	ekiden-bros	エキデンブロス	エキデンブロス	2	2	2	0	0	2	0	0	0	0	0
APPLY	fancy-gai-kyatoran	ファンシーguyきゃとらん	ファンシーGUYきゃとらん	2	2	2	0	0	0	2	0	0	0	0
APPLY	fechikkusu	ふぇちっくす!	ふぇちっくす!	3	3	2	1	0	0	2	0	0	0	0
APPLY	felice	Felice	Felice (漫画)	2	2	2	0	0	0	2	0	0	0	0
APPLY	fenikkusu-no-tamago	不死鳥のタマゴ	不死鳥のタマゴ	3	3	2	1	0	2	0	0	0	0	0
APPLY	fire-girl	ファイヤー・ガール	ファイヤー・ガール	4	4	2	2	2	0	0	0	0	0	0
APPLY	fittonesu	ふぃっとねす	ふぃっとねす	2	2	2	0	0	0	2	0	0	0	0
APPLY	fly-daddy-fly	フライ,ダディ,フライ	フライ,ダディ,フライ	2	2	2	0	2	0	0	0	0	0	0
APPLY	flying-witch	ふらいんぐうぃっち	ふらいんぐうぃっち	15	15	2	13	0	2	0	0	0	0	0
APPLY	fujiyama-san-wa-shishunki	富士山さんは思春期	富士山さんは思春期	8	8	2	6	0	0	2	0	0	0	0
APPLY	fukusuke	福助	福助 (漫画)	2	2	2	0	0	0	2	0	0	0	0
APPLY	furefure-shoujo	フレフレ少女	フレフレ少女	2	3	2	0	0	0	2	0	0	0	0
APPLY	futari-beya	ふたりべや	ふたりべや	10	11	2	8	0	0	2	0	0	0	0
APPLY	futari-no-jikan	ふたりのじかん	ふたりのじかん	2	2	2	0	2	0	0	0	0	0	0
APPLY	fuwafuwa-kagaku	ふわふわ科学	ふわふわ科学	2	2	2	0	2	0	0	0	0	0	0
APPLY	fuwari	ふわり!	ふわり!	2	2	2	0	2	0	0	0	0	0	0
APPLY	fuyumidouke-no-na-ni-kakete	不遊美堂家の名にかけて!	不遊美堂家の名にかけて!	3	3	2	1	1	1	0	0	0	0	0
APPLY	g-i-d	G.I.D	G.I.D	2	2	2	0	0	0	2	0	0	0	0
APPLY	gakuen-kaitou-triangle	学園快盗トライアングル	学園快盗トライアングル	2	2	2	0	2	0	0	0	0	0	0
APPLY	gakuen-taikutsu-otoko	ガクエン退屈男	ガクエン退屈男	2	6	2	0	0	0	2	0	0	0	0
APPLY	gals-police24-ji	GALS POLICE24時	GALS POLICE 24時	2	2	2	0	2	0	0	0	0	0	0
APPLY	gantz-e	GANTZ:E	GANTZ:E	9	9	2	7	0	2	0	0	0	0	0
APPLY	gattai-idol-snow-chan	合体アイドル!スノウちゃん	合体アイドル!スノウちゃん	2	2	2	0	2	0	0	0	0	0	0
APPLY	gegege-no-kakeibo	ゲゲゲの家計簿	ゲゲゲの家計簿	2	3	2	0	2	0	0	0	0	0	0
APPLY	gekka-bijin	月下美人	月下美人 (漫画)	5	5	2	3	0	0	2	0	0	0	0
APPLY	ginga-tokumeitai-pakintokinto	銀河特命隊 パキントキント	銀河特命隊パキントキント	2	2	2	0	2	0	0	0	0	0	0
APPLY	goal	GOAL	GOAL	2	2	2	0	2	0	0	0	0	0	0
APPLY	gokudou-maid-kun-wa-ojou-sama-o-ansatsu-shitai	極道メイドくんはお嬢様を暗殺したい	極道メイドくんはお嬢様を暗殺したい	4	4	2	2	0	2	0	0	0	0	0
APPLY	gokujou-seitokai	極上生徒会	極上生徒会	3	8	2	1	2	0	0	0	0	0	0
APPLY	good-game	Good game	GoodGame	2	2	2	0	0	0	2	0	0	0	0
APPLY	gosling	ガズリング	ガズリング	4	4	2	2	2	0	0	0	0	0	0
APPLY	gottsuan-desu	ごっつあんです	ごっつあんです	4	4	2	2	2	0	0	0	0	0	0
APPLY	grateful-dead	グレイトフルデッド	グレイトフルデッド (漫画)	3	4	2	1	0	0	2	0	0	0	0
APPLY	green-hill	グリーンヒル	グリーンヒル	5	5	2	3	0	0	2	0	0	0	0
APPLY	gururi	ぐるり	ぐるり	2	2	2	0	0	0	2	0	0	0	0
APPLY	gyo	ギョ	ギョ	2	2	2	0	2	0	0	0	0	0	0
APPLY	gyouten-ningen-batoshiiraa	仰天人間バトシーラー	仰天人間バトシーラー	2	5	2	0	0	2	0	0	0	0	0
APPLY	hakobiya-raba	運び屋・ラバ	運び屋・ラバ	2	2	2	0	2	0	0	0	0	0	0
APPLY	hana-to-harinezumi	花とハリネズミ	花とハリネズミ	2	2	2	0	0	0	2	0	0	0	0
APPLY	hanabi-chan-wa-okuregachi	ハナビちゃんは遅れがち	ハナビちゃんは遅れがち	10	10	2	8	0	2	0	0	0	0	0
APPLY	hanako-lavatory	ハナコ@ラバトリー	ハナコ@ラバトリー	3	4	2	1	0	0	2	0	0	0	0
APPLY	hanamaru-skip	はなまるスキップ	はなまるスキップ	2	2	2	0	2	0	0	0	0	0	0
APPLY	hanimero	はにめろ。	はにめろ。	3	3	2	1	0	2	0	0	0	0	0
APPLY	harou-keihou	はろう警報	はろう警報	2	2	2	0	0	0	2	0	0	0	0
APPLY	hatsukiai	はつきあい	はつきあい	2	2	2	0	0	0	2	0	0	0	0
APPLY	hayachine	ハヤチネ!	ハヤチネ!	5	5	2	3	0	0	2	0	0	0	0
APPLY	heisei-yopparai-kenkyuujo	平成よっぱらい研究所	平成よっぱらい研究所	2	2	2	0	0	1	1	0	0	0	0
APPLY	hello-mai-baby	はろー!マイベイビー	はろー!マイベイビー	15	22	2	13	1	1	0	0	0	0	0
APPLY	hidamari-ga-kikoeru	ひだまりが聴こえる	ひだまりが聴こえる	3	9	2	1	2	0	0	0	0	0	0
APPLY	hidemaru-the-soccer-boy	ひでまる the soccer boy	ひでまる the soccer boy	2	2	2	0	2	0	0	0	0	0	0
APPLY	hiiragi-san-no-kyuuketsu-jijou	柊さんちの吸血事情	柊さんちの吸血事情	6	6	2	4	0	2	0	0	0	0	0
APPLY	himegasaki-sakurako-wa-kyou-mo-fubin-kawaii	姫ヶ崎櫻子は今日も不憫可愛い	姫ヶ崎櫻子は今日も不憫可愛い	7	7	2	5	0	2	0	0	0	0	0
APPLY	hissatsu-shirakiya-koukou-kendoubu	必殺白木矢高校剣道部	必殺白木矢高校剣道部	2	2	2	0	1	0	1	0	0	0	0
APPLY	historie	ヒストリエ	ヒストリエ	12	12	2	10	0	2	0	0	0	0	0
APPLY	hitorizumou	ひとりずもう	ひとりずもう (漫画)	4	4	2	2	2	0	0	0	0	0	0
APPLY	hiyo-bibitto	ひよ&びびっと!	ひよ&びびっと!	2	2	2	0	2	0	0	0	0	0	0
APPLY	hna-h-to-ako-no-noroi	hなhとA子の呪い	HなhとA子の呪い	2	2	2	0	2	0	0	0	0	0	0
APPLY	hokkyoku-hyakkaten-no-concierge-san	北極百貨店のコンシェルジュさん	北極百貨店のコンシェルジュさん	2	2	2	0	2	0	0	0	0	0	0
APPLY	horii-san-ga-tooru	ホリィさんが通る	ホリィさんが通る	2	2	2	0	0	0	2	0	0	0	0
APPLY	hoshi-no-ko	ほしのこ!	ほしのこ!	3	3	2	1	0	0	2	0	0	0	0
APPLY	hoshi-no-rabudooru	星のラブドール	星のラブドール	2	2	2	0	2	0	0	0	0	0	0
APPLY	houkago-hero	放課後ヒーロー	放課後ヒーロー	4	6	2	2	0	0	2	0	0	0	0
APPLY	houkago-sensation	放課後せんせーしょん!	放課後せんせーしょん!	2	2	2	0	2	0	0	0	0	0	0
APPLY	hyper-shoujo-ukkii	はいぱー少女ウッキー!	はいぱー少女 ウッキー!	3	3	2	1	0	0	2	0	0	0	0
APPLY	ibitsu-ryo-2010	イビツ	イビツ	2	2	2	0	0	0	2	0	0	0	0
APPLY	idol-days	あいどるdays	あいどるDays	2	2	2	0	0	0	2	0	0	0	0
APPLY	idrunk	アイドランク	アイドランク	4	4	2	2	0	0	2	0	0	0	0
APPLY	iine-hikarugenji-kun	いいね!光源氏くん	いいね!光源氏くん	5	5	2	3	2	0	0	0	0	0	0
APPLY	ijiwaru-shinaide	イジワルしないで!	イジワルしないで!	2	2	2	0	0	0	2	0	0	0	0
APPLY	ikemen-sugidesu-shiki-senpai	イケメンすぎです紫葵先パイ!	イケメンすぎです紫葵先パイ!	2	3	2	0	2	0	0	0	0	0	0
APPLY	imori-201	イモリ201	イモリ201	5	5	2	3	0	0	2	0	0	0	0
APPLY	impro	インプロ!	インプロ!	2	2	2	0	2	0	0	0	0	0	0
APPLY	inu-neko-jump	イヌっネコっジャンプ!	イヌっネコっジャンプ!	5	5	2	3	0	0	2	0	0	0	0
APPLY	iono-sama-fanatics	いおの様ファナティクス	いおの様ファナティクス	2	4	2	0	0	0	2	0	0	0	0
APPLY	isekai-arigatou	異世界ありがとう	異世界ありがとう	8	8	2	6	0	2	0	0	0	0	0
APPLY	isekai-battle-royal	異世界バトルロイヤル	異世界バトルロイヤル	6	6	2	4	0	2	0	0	0	0	0
APPLY	isshokenmei-ni-class-tame-no-yakusoku-o-ikutsuka	一緒に暮らすための約束をいくつか	一緒に暮らすための約束をいくつか	2	2	2	0	1	0	1	0	0	0	0
APPLY	isshuukan-friends	一週間フレンズ。	一週間フレンズ。	7	9	2	5	0	0	2	0	0	0	0
APPLY	itten-shikai	一天四海	一天四海	3	3	2	1	0	0	2	0	0	0	0
APPLY	jahy-sama-wa-kujikenai	ジャヒー様はくじけない!	ジャヒー様はくじけない!	12	12	2	10	0	2	0	0	0	0	0
APPLY	jigopuri	ぢごぷり	ぢごぷり	2	2	2	0	0	0	2	0	0	0	0
APPLY	joshikousei-no-tsurezure	女子高生のつれづれ	女子高生のつれづれ	2	2	2	0	2	0	0	0	0	0	0
APPLY	joshikousei-to-ouji-chan	女子高生と王子ちゃん	女子高生と王子ちゃん	2	2	2	0	2	0	0	0	0	0	0
APPLY	joushi-joshi	じょうしじょし。	じょうしじょし。	2	2	2	0	2	0	0	0	0	0	0
APPLY	kaasa-no-nekomura-san	カーサの猫村さん	カーサの猫村さん	7	8	2	5	0	0	2	0	0	0	0
APPLY	kachou-reijou	課長令嬢	課長令嬢	2	2	2	0	0	0	2	0	0	0	0
APPLY	kaedegami	カエデガミ	カエデガミ	2	2	2	0	0	2	0	0	0	0	0
APPLY	kageki-shoujo	かげきしょうじょ!!	かげきしょうじょ!!	16	20	2	14	0	2	0	0	0	0	0
APPLY	kaichou-no-joker	会長の切り札	会長の切り札	2	6	2	0	0	0	2	0	0	0	0
APPLY	kaijuu-8-gou	怪獣8号	怪獣8号	16	23	2	14	0	2	0	0	0	0	0
APPLY	kaizou-ningen-roggy	改造人間ロギイ	改造人間ロギイ	2	2	2	0	0	2	0	0	0	0	0
APPLY	kakko-kari-maid-kissa-mandoriru	(仮) メイド喫茶マンドリル	(仮)メイド喫茶マンドリル	4	4	2	2	0	0	2	0	0	0	0
APPLY	kakushite-makina-san	かくして!マキナさん!!	かくして!マキナさん!!	6	6	2	4	0	2	0	0	0	0	0
APPLY	kakutou-tanteidan	格闘探偵団	格闘探偵団	5	5	2	3	0	2	0	0	0	0	0
APPLY	kamen-rider-spirits	仮面ライダーSPIRITS	仮面ライダーSPIRITS	16	70	2	14	0	2	0	0	0	0	0
APPLY	kandachime	神太刀女	神太刀女	9	9	2	7	0	2	0	0	0	0	0
APPLY	kanojo-ga-onii-ni-nattara-shitai-10-no-koto	彼女がお兄ちゃんになったらしたい10のこと	彼女がお兄ちゃんになったらしたい10のこと	2	2	2	0	2	0	0	0	0	0	0
APPLY	kanojo-no-hitorigurashi	彼女のひとりぐらし	彼女のひとりぐらし	4	5	2	2	0	0	2	0	0	0	0
APPLY	kantai-no-chef	艦隊のシェフ	艦隊のシェフ	10	10	2	8	0	2	0	0	0	0	0
APPLY	kaoruun-de-aimashou	九龍で会いましょう	九龍で会いましょう	2	6	2	0	2	0	0	0	0	0	0
APPLY	karatto-mugendai-genseki-girl	カラット∞原石ガール	カラット∞原石ガール	2	2	2	0	1	0	1	0	0	0	0
APPLY	katame-de	かためで!	かためで!	2	2	2	0	2	0	0	0	0	0	0
APPLY	kazoku-sentai-knock-5	家族戦隊ノック5	家族戦隊ノック5	2	2	2	0	0	0	2	0	0	0	0
APPLY	keibu-zenigata	警部銭形	警部銭形	12	12	2	10	0	0	2	0	0	0	0
APPLY	kekkon-yubiwa-monogatari	結婚指輪物語	結婚指輪物語	15	15	2	13	0	1	1	0	0	0	0
APPLY	kemono-na-watashi-to-yoimasenka	ケモノな私と酔いませんか?	ケモノな私と酔いませんか?	3	3	2	1	2	0	0	0	0	0	0
APPLY	kengan-ashura	ケンガンアシュラ	ケンガンアシュラ	28	61	2	26	0	0	2	0	0	0	0
APPLY	kikka-chan-wa-akuyaku-reijou-ni-naritai	桔香ちゃんは悪役令嬢になりたい!	桔香ちゃんは悪役令嬢になりたい!	2	2	2	0	2	0	0	0	0	0	0
APPLY	kimi-niwa-todokanai	君には届かない。	君には届かない。	10	13	2	8	0	2	0	0	0	0	0
APPLY	kimi-no-tame-nara-shineru	姫のためなら死ねる	姫のためなら死ねる	14	14	2	12	0	0	2	0	0	0	0
APPLY	kimi-no-tenjou-wa-boku-no-yuka	君の天井は僕の床	君の天井は僕の床	3	3	2	1	0	0	2	0	0	0	0
APPLY	kimi-wa-maid-sama	君は冥土様。	君は冥土様。	11	11	2	9	0	2	0	0	0	0	0
APPLY	kimitachi-ni-ashita-wa-nai	君たちに明日はない	君たちに明日はない	2	2	2	0	2	0	0	0	0	0	0
APPLY	king-abyss	キングアビス	キングアビス	2	3	2	0	0	0	2	0	0	0	0
APPLY	kininatteru-hito-ga-otoko-ja-nakatta	気になってる人が男じゃなかった	気になってる人が男じゃなかった	4	4	2	2	1	1	0	0	0	0	0
APPLY	kirari-books-meisouchuu	きらりブックス迷走中!	きらりブックス迷走中!	2	2	2	0	2	0	0	0	0	0	0
APPLY	kirio-fun-club	霧尾ファンクラブ	霧尾ファンクラブ	6	7	2	4	1	1	0	0	0	0	0
APPLY	kishuku-no-niwa	鬼宿の庭	鬼宿の庭	3	3	2	1	0	0	2	0	0	0	0
APPLY	kizoku-tantei-edowaado	貴族探偵エドワード	貴族探偵エドワード	2	17	2	0	0	0	2	0	0	0	0
APPLY	koharu-no-hibi	こはるの日々	こはるの日々	4	4	2	2	0	0	2	0	0	0	0
APPLY	koi-to-dangan	恋と弾丸	恋と弾丸	12	12	2	10	2	0	0	0	0	0	0
APPLY	koibito-wa-oni-no-hime	コイビトは鬼の姫	コイビトは鬼の姫	3	3	2	1	2	0	0	0	0	0	0
APPLY	koisuru-maison	恋するメゾン	恋するメゾン	3	3	2	1	2	0	0	0	0	0	0
APPLY	kokumin-quiz	国民クイズ	国民クイズ	2	6	2	0	0	0	2	0	0	0	0
APPLY	konbini-yakin-no-akuma-chan	コンビニ夜勤のあくまちゃん	コンビニ夜勤のあくまちゃん	3	3	2	1	2	0	0	0	0	0	0
APPLY	kongetsu-no-wanko-seikatsu	今月のわんこ生活	今月のわんこ生活	3	4	2	1	0	0	2	0	0	0	0
APPLY	kono-class-ni-gal-wa-inai	このクラスにギャルはいない	このクラスにギャルはいない	4	4	2	2	0	2	0	0	0	0	0
APPLY	kono-junai-wa-futei-desuka	この純愛は不貞ですか?	この純愛は不貞ですか?	2	2	2	0	2	0	0	0	0	0	0
APPLY	konomama-mobu-ja-owarenai	このままモブじゃ終われない!	このままモブじゃ終われない!	2	2	2	0	2	0	0	0	0	0	0
APPLY	koori-no-jouheki	氷の城壁	氷の城壁	14	14	2	12	0	2	0	0	0	0	0
APPLY	kooshoo-19sai	こーしょー19さい	こーしょー19さい	3	3	2	1	0	0	2	0	0	0	0
APPLY	koppa-maichiru-sono-koro-ni	木っ端舞い散るその頃に	木っ端舞い散る その頃に	3	3	2	1	2	0	0	0	0	0	0
APPLY	kore-wa-koi-no-hanashi	これは恋のはなし	これは恋のはなし	11	11	2	9	0	0	2	0	0	0	0
APPLY	korosensee-quest	殺せんせーQ!	殺せんせーQ!	5	5	2	3	0	2	0	0	0	0	0
APPLY	kozumisshon	こずみっしょん!	こずみっしょん!	2	2	2	0	2	0	0	0	0	0	0
APPLY	kuchibiru-tameiki-sakurairo	くちびるためいきさくらいろ	くちびる ためいき さくらいろ	2	3	2	0	0	0	2	0	0	0	0
APPLY	kupitto-ippai	くぴっと一杯	くぴっと一杯	2	2	2	0	0	0	2	0	0	0	0
APPLY	kurando	クランド	クランド	2	2	2	0	0	0	2	0	0	0	0
APPLY	kureen-game-aamu-tan	クレーンゲームあぁむたん	クレーンゲームあぁむたん	2	3	2	0	0	0	2	0	0	0	0
APPLY	kurumi-no-ki	くるみのき!	くるみのき!	2	2	2	0	0	0	2	0	0	0	0
APPLY	kururuntsu-rieru-change	くるるんっ☆りえるチェンジ!	くるるんっ☆りえるチェンジ!	2	2	2	0	1	1	0	0	0	0	0
APPLY	kuzumi-kun-kuuki-yometemasuka	久住くん、空気読めてますか?	久住くん、空気読めてますか?	8	8	2	6	0	0	2	0	0	0	0
APPLY	kyou-mo-ii-tenki	今日もいい天気	今日もいい天気 (山本おさむの漫画)	2	3	2	0	0	0	2	0	0	0	0
APPLY	kyou-mo-machiwabite	今日も待ちわびて	今日も待ちわびて	2	2	2	0	0	0	2	0	0	0	0
APPLY	kyou-no-noruma-san	今日のノルマさん	今日のノルマさん	2	2	2	0	2	0	0	0	0	0	0
APPLY	kyoukaisenjou-no-rinbo	境界線上のリンボ	境界線上のリンボ	2	2	2	0	2	0	0	0	0	0	0
APPLY	kyrie	キリエ	キリエ (漫画)	2	2	2	0	2	0	0	0	0	0	0
APPLY	kyuujitsu-no-warumono-san	休日のわるものさん	休日のわるものさん	8	8	2	6	0	2	0	0	0	0	0
APPLY	kyuutei-shinkan-monogatari	宮廷神官物語	宮廷神官物語	2	25	2	0	0	0	2	0	0	0	0
APPLY	lightning-brigade	ライトニング・ブリゲイド	ライトニング・ブリゲイド	2	5	2	0	0	0	2	0	0	0	0
APPLY	livingstone	リヴィングストン	リヴィングストン (漫画)	4	4	2	2	0	0	2	0	0	0	0
APPLY	loco-motion	ロコ・モーション	ロコ・モーション (漫画)	2	2	2	0	0	0	2	0	0	0	0
APPLY	love-x-rob-x-stockholm	ラブ×ロブ×ストックホルム	ラブ×ロブ×ストックホルム	2	2	2	0	0	0	2	0	0	0	0
APPLY	love-yume-mix	ラブユメ・みっくす	ラブユメ・みっくす	2	2	2	0	2	0	0	0	0	0	0
APPLY	lovely	ラブリー!	ラブリー!	4	5	2	2	0	0	2	0	0	0	0
APPLY	machikado-hanadayori	街角花だより	街角花だより	2	4	2	0	1	0	1	0	0	0	0
APPLY	mada-ikiteru	まだ、生きてる…	まだ、生きてる…	2	2	2	0	0	0	2	0	0	0	0
APPLY	magical-chef-shoujo-shizuru	マジカルシェフ少女しずる	マジカルシェフ少女しずる	3	3	2	1	0	0	2	0	0	0	0
APPLY	magical-nyan-nyan-taruto	魔法少女猫たると	魔法少女猫たると	3	3	2	1	0	0	2	0	0	0	0
APPLY	mahou-shoujo-neko-x	魔法少女猫X	魔法少女猫X	2	2	2	0	2	0	0	0	0	0	0
APPLY	majipikoru	まじぴこる	まじぴこる	2	2	2	0	2	0	0	0	0	0	0
APPLY	majokko-tsukune-chan	魔女っ娘つくねちゃん	魔女っ娘つくねちゃん	3	5	2	1	0	0	2	0	0	0	0
APPLY	mariana-densetsu	マリアナ伝説	マリアナ伝説	3	5	2	1	0	0	2	0	0	0	0
APPLY	marronnier-oukoku-no-shichinin-no-kishi	マロニエ王国の七人の騎士	マロニエ王国の七人の騎士	11	12	2	9	0	2	0	0	0	0	0
APPLY	mashiro-kun-no-hokou-atelier	ましろくんの補講アトリエ	ましろくんの補講アトリエ	3	3	2	1	0	2	0	0	0	0	0
APPLY	mawata-no-ori	真綿の檻	真綿の檻	8	8	2	6	0	2	0	0	0	0	0
APPLY	mayonaka-dake-wa-suki-de-ite	真夜中だけは好きでいて	真夜中だけは好きでいて	3	3	2	1	0	0	2	0	0	0	0
APPLY	mazinger-angel	マジンガーエンジェル	マジンガーエンジェル	4	7	2	2	0	0	2	0	0	0	0
APPLY	megami-no-libra	女神のリーブラ	女神のリーブラ	4	4	2	2	0	0	2	0	0	0	0
APPLY	mekkoku-no-kangan	滅国の宦官	滅国の宦官	3	3	2	1	0	2	0	0	0	0	0
APPLY	menou-no-ryuu	瑪瑙之竜	瑪瑙之竜	4	4	2	2	0	0	2	0	0	0	0
APPLY	mental-tsuyome-bijo-shirakawa-san	メンタル強め美女白川さん	メンタル強め美女白川さん	7	9	2	5	0	2	0	0	0	0	0
APPLY	meruhen-ouji-grimm	メルヘン王子グリム	メルヘン王子グリム	2	2	2	0	0	2	0	0	0	0	0
APPLY	midori-no-basho	ミドリノバショ	ミドリノバショ	9	9	2	7	0	2	0	0	0	0	0
APPLY	minase-youmu-to-hontou-wa-kowai-cthulhu-shinwa	水瀬陽夢と本当はこわいクトゥルフ神話	水瀬陽夢と本当はこわいクトゥルフ神話	3	3	2	1	0	0	2	0	0	0	0
APPLY	minato-shouji-coin-laundry	みなと商事コインランドリー	みなと商事コインランドリー	7	12	2	5	0	2	0	0	0	0	0
APPLY	miss-poppyseed-no-meruhen-yokochou	ミス・ポピーシードのメルヘン横丁	ミス・ポピーシードのメルヘン横丁	2	4	2	0	0	0	2	0	0	0	0
APPLY	misu-misou	ミスミソウ	ミスミソウ (漫画)	2	6	2	0	2	0	0	0	0	0	0
APPLY	misuteri-to-iu-nakare	ミステリと言う勿れ	ミステリと言う勿れ	16	16	2	14	0	2	0	0	0	0	0
APPLY	mitsuya-sensei-no-keikakutekina-ezuke	三ツ矢先生の計画的な餌付け。.	三ツ矢先生の計画的な餌付け。	2	2	2	0	2	0	0	0	0	0	0
APPLY	mobile-suit-gundam-last-horizon	機動戦士ガンダムラストホライズン	機動戦士ガンダム ラストホライズン	7	7	2	5	0	2	0	0	0	0	0
APPLY	mojiponika	モジポニカ!	モジポニカ!	3	3	2	1	0	2	0	0	0	0	0
APPLY	momogumi-plus-senki	桃組プラス戦記	桃組プラス戦記	24	25	2	22	2	0	0	0	0	0	0
APPLY	momoka-komikaraizudo	ももかコミカライズド	ももかコミカライズド	3	3	2	1	0	0	2	0	0	0	0
APPLY	monster-candy	モンスターキャンディー	モンスターキャンディー	2	2	2	0	2	0	0	0	0	0	0
APPLY	monster-hunter-orage	モンスターハンターオラージュ	モンスターハンター オラージュ	4	10	2	2	0	0	2	0	0	0	0
APPLY	moriage-7	もりあげ7	もりあげ7	2	2	2	0	0	0	2	0	0	0	0
APPLY	mou-ippon	もういっぽん!	もういっぽん!	30	30	2	28	0	2	0	0	0	0	0
APPLY	mousou-koukou-kyouin-morishita	妄想高校教員森下	妄想高校教員 森下	5	5	2	3	0	0	2	0	0	0	0
APPLY	musashino-rondo	ムサシノ輪舞曲	ムサシノ輪舞曲	6	6	2	4	0	2	0	0	0	0	0
APPLY	mutou-black	無刀ブラック	無刀ブラック	2	2	2	0	0	2	0	0	0	0	0
APPLY	nagisa-chan-no-kareshi	なぎさちゃんのカレシ	なぎさちゃんのカレシ	2	2	2	0	2	0	0	0	0	0	0
APPLY	nagomi-san	なごみさん	なごみさん	3	3	2	1	0	0	2	0	0	0	0
APPLY	namidaame-to-serenade	涙雨とセレナーデ	涙雨とセレナーデ	14	14	2	12	0	2	0	0	0	0	0
APPLY	nanji-chikai-no-kuchizuke-o	汝、誓いの口づけを…	汝、誓いの口づけを…	2	2	2	0	2	0	0	0	0	0	0
APPLY	necrolog	ネクログ	ネクログ	4	4	2	2	0	0	2	0	0	0	0
APPLY	negai-no-astro	願いのアストロ	願いのアストロ	6	6	2	4	0	2	0	0	0	0	0
APPLY	neko-ni-tensei-shita-oji-san	ねこに転生したおじさん	ねこに転生したおじさん	6	8	2	4	1	1	0	0	0	0	0
APPLY	new-paradise	ニューパラダイス	ニューパラダイス	2	2	2	0	0	0	2	0	0	0	0
APPLY	nibiiro-no-hako-no-naka-de	鈍色の箱の中で	鈍色の箱の中で	7	7	2	5	0	0	2	0	0	0	0
APPLY	nice-prison	NICE PRISON	NICE PRISON	2	2	2	0	0	2	0	0	0	0	0
APPLY	nico	NICO	NICO (狩野恵輔の漫画)	2	2	2	0	0	2	0	0	0	0	0
APPLY	nijigen-ouji-oota-kun	二次元王子オオタくん	二次元王子オオタくん	5	5	2	3	2	0	0	0	0	0	0
APPLY	nisemono-no-renkinjutsushi	ニセモノの錬金術師	ニセモノの錬金術師	5	5	2	3	1	1	0	0	0	0	0
APPLY	no-side-quest	ノーサイドクエスト	ノーサイドクエスト	5	5	2	3	2	0	0	0	0	0	0
APPLY	norowareta-otoko	呪われた男	呪われた男	2	2	2	0	0	2	0	0	0	0	0
APPLY	nougyou-musume	農業ムスメ!	農業ムスメ!	2	2	2	0	1	0	1	0	0	0	0
APPLY	nozomu-nozomi	のぞむのぞみ	のぞむのぞみ	2	2	2	0	2	0	0	0	0	0	0
APPLY	nukarumi-no-shokutaku	泥濘の食卓	泥濘の食卓	9	9	2	7	0	2	0	0	0	0	0
APPLY	ocharaka-hoi	おちゃらかほい!	おちゃらかほい!	2	2	2	0	2	0	0	0	0	0	0
APPLY	ojamajin-yamada-kun	おジャ魔神山田くん!!	おジャ魔神 山田くん!!	2	2	2	0	0	2	0	0	0	0	0
APPLY	okami-san-heisei-basho	おかみさん平成場所	おかみさん平成場所	2	2	2	0	2	0	0	0	0	0	0
APPLY	okan	おかん	おかん (凪原ナツの漫画)	2	2	2	0	2	0	0	0	0	0	0
APPLY	okinawa-de-suki-ni-natta-ko-ga-hougensugite-tsurasugiru	沖縄で好きになった子が方言すぎてツラすぎる	沖縄で好きになった子が方言すぎてツラすぎる	11	11	2	9	1	1	0	0	0	0	0
APPLY	olimpos	オリンポス	オリンポス (漫画)	2	2	2	0	2	0	0	0	0	0	0
APPLY	omae-no-kaa-chan-bitch	お前の母ちゃんBitch!	お前の母ちゃんBitch!	2	2	2	0	1	0	1	0	0	0	0
APPLY	ontama	おんたま!	おんたま!	2	2	2	0	2	0	0	0	0	0	0
APPLY	oodeyubon-no-inori	オーデュボンの祈り	オーデュボンの祈り	2	2	2	0	0	0	2	0	0	0	0
APPLY	oogami-san-to-keruberosuu	大上さんとケルベロスゥ!	大上さんとケルベロスゥ!	2	2	2	0	2	0	0	0	0	0	0
APPLY	ore-gorasso	オレゴラッソ	オレゴラッソ	2	2	2	0	0	2	0	0	0	0	0
APPLY	osananajimi-no-ijou-kawaii-imouto-chan	幼馴染の異常可愛い妹ちゃん	幼馴染の異常可愛い妹ちゃん	3	3	2	1	1	1	0	0	0	0	0
APPLY	oshigoto-hiyori	推しごとびより	推しごとびより	2	2	2	0	2	0	0	0	0	0	0
APPLY	otogiroukan	御伽楼館	御伽楼館	2	4	2	0	0	0	2	0	0	0	0
APPLY	ougari	王狩	王狩	3	3	2	1	0	0	2	0	0	0	0
APPLY	oya-ni-ha-naisho	親にはナイショ	親にはナイショ	2	4	2	0	2	0	0	0	0	0	0
APPLY	pan-to-boku-no-momo-chan	パンと僕のモモちゃん	パンと僕のモモちゃん	2	2	2	0	2	0	0	0	0	0	0
APPLY	panakeia-no-te	パナケイアの手	パナケイアの手	2	2	2	0	2	0	0	0	0	0	0
APPLY	paradox-blue	パラドクス・ブルー	パラドクス・ブルー	5	5	2	3	0	0	2	0	0	0	0
APPLY	peak-out	ピークアウト	ピークアウト	5	5	2	3	0	2	0	0	0	0	0
APPLY	pekepeke-pekeru	ペケペケペケル	ペケペケペケル	2	2	2	0	2	0	0	0	0	0	0
APPLY	pika-ichi	ピカ☆イチ	ピカ☆イチ	7	7	2	5	0	0	2	0	0	0	0
APPLY	ping-pong-kataoka-2025	ピングポング	ピングポング	2	2	2	0	0	2	0	0	0	0	0
APPLY	platonic-chain	プラトニックチェーン	プラトニックチェーン	5	14	2	3	2	0	0	0	0	0	0
APPLY	popcorn-boogie	ポップコーン・ブギ	ポップコーン・ブギ	3	3	2	1	0	0	2	0	0	0	0
APPLY	prince-bride	ぷりんす・ぶらいど	ぷりんすぶらいど	2	2	2	0	0	0	2	0	0	0	0
APPLY	printernia-nippon	プリンタニア・ニッポン	プリンタニア・ニッポン	6	6	2	4	0	2	0	0	0	0	0
APPLY	punk-teenage-girl-death-rock-n-roll-heaven	パンクティーンエイジガールデスロックンロールヘブン	パンクティーンエイジガールデスロックンロールヘブン	2	2	2	0	2	0	0	0	0	0	0
APPLY	puzzle-sanbe-2007	パズル	パズル (小説)	2	5	2	0	0	0	2	0	0	0	0
APPLY	puzzle-sugano-2006	Puzzle+	PUZZLE+	2	2	2	0	2	0	0	0	0	0	0
APPLY	r-g-b	R・G・B!	R・G・B!	2	2	2	0	0	0	2	0	0	0	0
APPLY	r15-ja-dame-desu-ka	R15+じゃダメですか?	R15+じゃダメですか?	10	10	2	8	0	2	0	0	0	0	0
APPLY	rakka-san-nurse	落下傘ナース	落下傘ナース	2	2	2	0	0	0	2	0	0	0	0
APPLY	register	レジスタ!	レジスタ!	2	2	2	0	0	2	0	0	0	0	0
APPLY	repisshu	レピッシュ!	レピッシュ!	5	5	2	3	0	0	2	0	0	0	0
APPLY	rika	リカ	リカ (漫画)	2	2	2	0	2	0	0	0	0	0	0
APPLY	rokujou-san-no-atoribyuuto	六条さんのアトリビュート	六条さんのアトリビュート	2	2	2	0	2	0	0	0	0	0	0
APPLY	ruki-san	るきさん	るきさん	2	3	2	0	0	2	0	0	0	0	0
APPLY	ruutosoromon	ルーとソロモン	ルーとソロモン	2	2	2	0	0	0	2	0	0	0	0
APPLY	sabaku-no-kaizoku-captain-kuppa	砂漠の海賊!キャプテンクッパ	砂漠の海賊!キャプテンクッパ	2	2	2	0	2	0	0	0	0	0	0
APPLY	sabusuku-kanojo	サブスク彼女	サブスク彼女	2	2	2	0	2	0	0	0	0	0	0
APPLY	sadohara-kazuha-wa-kanpeki-desuka	佐土原和葉は完璧ですか?	佐土原和葉は完璧ですか?	2	2	2	0	2	0	0	0	0	0	0
APPLY	saidoriru	賽ドリル	賽ドリル	2	2	2	0	0	0	2	0	0	0	0
APPLY	sail	セイル	セイル (漫画)	2	2	2	0	0	0	2	0	0	0	0
APPLY	saji-chan-no-yami-nikki	サジちゃんの病み日記	サジちゃんの病み日記	2	2	2	0	2	0	0	0	0	0	0
APPLY	salad-bowl	サラダボウル	サラダボウル (漫画)	2	2	2	0	2	0	0	0	0	0	0
APPLY	salon	サロン	サロン (漫画)	2	3	2	0	2	0	0	0	0	0	0
APPLY	sanada-kun-wa-watashi-no-oshiri-ni-sundeimasu	サナダくんは私のお尻に住んでいます	サナダくんは私のお尻に住んでいます	2	2	2	0	2	0	0	0	0	0	0
APPLY	sanbunnoichi	サンブンノイチ	サンブンノイチ	2	2	2	0	0	0	2	0	0	0	0
APPLY	santa-claus-off	サンタクロース・オフ!	サンタクロース・オフ!	2	2	2	0	2	0	0	0	0	0	0
APPLY	sarasupa	サラすぱ!	サラすぱ!	2	2	2	0	0	1	1	0	0	0	0
APPLY	sayounara-konbanwa	左様なら今晩は	左様なら今晩は	2	2	2	0	2	0	0	0	0	0	0
APPLY	seigi-no-mikata-project	正義の味方計画	正義の味方計画	2	2	2	0	2	0	0	0	0	0	0
APPLY	seikimatsu-prime-minister	世紀末プライムミニスター	世紀末プライムミニスター	6	7	2	4	0	2	0	0	0	0	0
APPLY	seinaru-megumi	せいなるめぐみ	せいなるめぐみ	2	2	2	0	2	0	0	0	0	0	0
APPLY	seinen-no-tame-no-dokusho-club	青年のための読書クラブ	青年のための読書クラブ	3	8	2	1	0	0	2	0	0	0	0
APPLY	seisai-gakuen	制裁学園	制裁学園	9	9	2	7	0	2	0	0	0	0	0
APPLY	seishun-hihihi	青春ヒヒヒ	青春ヒヒヒ	2	2	2	0	0	0	2	0	0	0	0
APPLY	sekai-de-ichiban-daikirai	世界でいちばん大嫌い	世界でいちばん大嫌い	13	22	2	11	0	0	2	0	0	0	0
APPLY	sekai-seifuku-monogatari	世界征服物語	世界征服物語	2	6	2	0	0	0	2	0	0	0	0
APPLY	shakunetsu-no-takkyuumusume	灼熱の卓球娘	灼熱の卓球娘	7	10	2	5	0	2	0	0	0	0	0
APPLY	shanpinion-no-majo	シャンピニオンの魔女	シャンピニオンの魔女	7	7	2	5	0	2	0	0	0	0	0
APPLY	shiawase-no-hoshi-hagaru	しあわせの星ハガル	しあわせの星 ハガル	2	2	2	0	0	2	0	0	0	0	0
APPLY	shiawase-wa-tabete-nete-mate	しあわせは食べて寝て待て	しあわせは食べて寝て待て	6	6	2	4	0	2	0	0	0	0	0
APPLY	shidonia-no-kishi	シドニアの騎士	シドニアの騎士	15	26	2	13	0	0	2	0	0	0	0
APPLY	shiirakansu	シーラカンス	シーラカンス (漫画)	2	2	2	0	0	0	2	0	0	0	0
APPLY	shika-no-ko-nokonoko-koshitan-tan	しかのこのこのここしたんたん	しかのこのこのここしたんたん	8	9	2	6	0	2	0	0	0	0	0
APPLY	shikyuu-love	子宮恋愛	子宮恋愛	4	4	2	2	2	0	0	0	0	0	0
APPLY	shin-gettaarobo	真ゲッターロボ	真ゲッターロボ	3	12	2	1	2	0	0	0	0	0	0
APPLY	shindere-shoujo-to-kodokuna-shinigami	シンデレ少女と孤独な死神	シンデレ少女と孤独な死神	2	2	2	0	0	0	2	0	0	0	0
APPLY	shinigami-dot-com	死神ドットコム	死神ドットコム	2	2	2	0	2	0	0	0	0	0	0
APPLY	shinizokonai-no-ao	死にぞこないの青	死にぞこないの青	2	3	2	0	1	0	1	0	0	0	0
APPLY	shinkankaku-iyashikei-mahou-shoujo-behoimi-chan	新感覚癒し系魔法少女ベホイミちゃん	新感覚癒し系魔法少女ベホイミちゃん	2	2	2	0	0	0	2	0	0	0	0
APPLY	shino-sensei-shimekirimae	紫乃先生〆切前!	紫乃先生〆切前!	2	2	2	0	0	0	2	0	0	0	0
APPLY	shiritsu-kiwamemichi-koukou	私立極道高校	私立極道高校	2	5	2	0	0	0	2	0	0	0	0
APPLY	shishunki-no-aianmeiden	思春期のアイアンメイデン	思春期のアイアンメイデン	5	5	2	3	0	0	2	0	0	0	0
APPLY	shitarou-kun	死太郎くん	死太郎くん	2	2	2	0	2	0	0	0	0	0	0
APPLY	shitsuji-shoujo-to-ojou-sama	執事少女とお嬢様	執事少女とお嬢様	2	2	2	0	0	0	2	0	0	0	0
APPLY	short-song	ショートソング	ショートソング	2	3	2	0	0	0	2	0	0	0	0
APPLY	shoujo-koudan-apartment	少女公団アパートメント	少女公団アパートメント	2	2	2	0	2	0	0	0	0	0	0
APPLY	shoushinmono-na-veteran-chuunen-boukensha-to-dorei-no-kitsunemimi-shoujo	小心者なベテラン中年冒険者と奴隷の狐耳少女	小心者なベテラン中年冒険者と奴隷の狐耳少女	4	5	2	2	1	1	0	0	0	0	0
APPLY	shuumatsu-no-harem-fantasia	終末のハーレムファンタジア	終末のハーレム ファンタジア	18	21	2	16	0	2	0	0	0	0	0
APPLY	silent-knight-show	SILENT KNIGHT 翔	SILENT KNIGHT翔	2	2	2	0	0	2	0	0	0	0	0
APPLY	siren	サイレーン	サイレーン (漫画)	7	7	2	5	0	0	2	0	0	0	0
APPLY	sister-honey-biscuits	シスターハニービスケット	シスターハニービスケット	2	2	2	0	0	0	2	0	0	0	0
APPLY	smile-wa-zero-gold	スマイルはゼロゴールド	スマイルはゼロゴールド	2	2	2	0	2	0	0	0	0	0	0
APPLY	soba-gal-to-oji-san	そばギャルとおじさん	そばギャルとおじさん	3	3	2	1	0	2	0	0	0	0	0
APPLY	sodatte-darling	育ってダーリン!!	育ってダーリン!!	2	3	2	0	2	0	0	0	0	0	0
APPLY	solanin	ソラニン	ソラニン (漫画)	2	3	2	0	2	0	0	0	0	0	0
APPLY	sonna-mirai-wa-uso-de-aru	そんな未来はウソである	そんな未来はウソである	6	6	2	4	0	0	2	0	0	0	0
APPLY	soukou-kihei-votoms-crimson-eyes	装甲騎兵ボトムズ CRIMSON EYES	装甲騎兵ボトムズ CRIMSON EYES	2	2	2	0	1	0	1	0	0	0	0
APPLY	special	スペシャル	スペシャル (漫画)	4	4	2	2	1	0	1	0	0	0	0
APPLY	spider-man-j	スパイダーマンJ	スパイダーマンJ	2	2	2	0	0	0	2	0	0	0	0
APPLY	star-red	スター・レッド	スター・レッド	8	9	2	6	0	0	2	0	0	0	0
APPLY	star-uooku	スターウォーク	スターウォーク	2	2	2	0	0	2	0	0	0	0	0
APPLY	stealth-symphony	ステルス交境曲	ステルス交境曲	3	3	2	1	0	2	0	0	0	0	0
APPLY	strange-moon	Strange moon	STRANGE MOON	4	4	2	2	2	0	0	0	0	0	0
APPLY	strawberry-shake-sweet	ストロベリーシェイクsweet	ストロベリーシェイクSweet	2	3	2	0	0	0	2	0	0	0	0
APPLY	studio-himitsu-kichi-gekijou	スタジオ秘密基地劇場	スタジオ秘密基地劇場	2	2	2	0	0	0	2	0	0	0	0
APPLY	succubus-gakuen-no-inutsu	サキュバス学園の犬ッ!!	サキュバス学園の犬ッ!!	6	6	2	4	2	0	0	0	0	0	0
APPLY	succubus-san-no-hatsushigoto	サキュバスさんのはつしごと。	サキュバスさんのはつしごと。	2	2	2	0	2	0	0	0	0	0	0
APPLY	suihee-riibe	すいへーりーべ!	すいへーりーべ!	2	2	2	0	0	0	2	0	0	0	0
APPLY	sukui-sukuware	救い、巣喰われ	救い、巣喰われ	4	4	2	2	2	0	0	0	0	0	0
APPLY	sumikko-no-sora-san	すみっこの空さん	すみっこの空さん	8	8	2	6	0	0	2	0	0	0	0
APPLY	sundome-jieitai	すんどめ自衛隊	すんどめ自衛隊	3	3	2	1	2	0	0	0	0	0	0
APPLY	superior	シューピアリア	シューピアリア	9	15	2	7	0	0	2	0	0	0	0
APPLY	surooraifu-ieyasu	スローライフ家康	スローライフ家康	5	5	2	3	0	2	0	0	0	0	0
APPLY	surooruupu	スローループ	スローループ	11	11	2	9	0	2	0	0	0	0	0
APPLY	susume-kaijin-club	進め!怪人くらぶ	進め!怪人くらぶ	2	2	2	0	0	0	2	0	0	0	0
APPLY	sutaaringuraado-no-kyouzoku	スターリングラードの凶賊	スターリングラードの凶賊	2	2	2	0	2	0	0	0	0	0	0
APPLY	suzunari	スズナリ!	スズナリ!	2	2	2	0	2	0	0	0	0	0	0
APPLY	suzuri-shikkouchuu	すずり執行ちゅう!	すずり執行ちゅう!	2	2	2	0	0	0	2	0	0	0	0
APPLY	swing	すいんぐ!!	すいんぐ!!	5	5	2	3	2	0	0	0	0	0	0
APPLY	tadaima-shinryakuchuu	ただいま侵略中!	ただいま侵略中!	2	2	2	0	0	0	2	0	0	0	0
APPLY	tadokoro-san	田所さん	田所さん	4	4	2	2	2	0	0	0	0	0	0
APPLY	takahashi-san-ga-kiiteiru	高橋さんが聞いている。	高橋さんが聞いている。	8	8	2	6	0	0	2	0	0	0	0
APPLY	takara-kun-to-amagi-kun	高良くんと天城くん	高良くんと天城くん	7	14	2	5	0	2	0	0	0	0	0
APPLY	take-moon	TAKE MOON	TAKE MOON	2	3	2	0	1	0	1	0	0	0	0
APPLY	tanpopo-kureetaa	たんぽぽクレーター	たんぽぽクレーター	2	2	2	0	0	0	2	0	0	0	0
APPLY	taorete-toutoshi	たおれて尊し!	たおれて尊し!	2	2	2	0	0	0	2	0	0	0	0
APPLY	tatoe-hai-ni-nattemo	たとえ灰になっても	たとえ灰になっても	6	11	2	4	0	0	2	0	0	0	0
APPLY	tc-girls	TC girls	TCGirls	2	2	2	0	2	0	0	0	0	0	0
APPLY	te-no-hira-o-taiyou-ni	手のひらを太陽に	手のひらを太陽に (漫画)	2	4	2	0	2	0	0	0	0	0	0
APPLY	tengoku-daimakyou	天国大魔境	天国大魔境	13	14	2	11	0	2	0	0	0	0	0
APPLY	tengu-no-daidokoro	天狗の台所	天狗の台所	7	7	2	5	0	2	0	0	0	0	0
APPLY	tenka	てんか!	てんか!	2	2	2	0	0	2	0	0	0	0	0
APPLY	tenmaku-no-jaadugar	天幕のジャードゥーガル	天幕のジャードゥーガル	6	7	2	4	0	2	0	0	0	0	0
APPLY	tenraku-akuma-demonzu-koa	転落悪魔!デモンズ・コア	転落悪魔! デモンズ・コア	2	2	2	0	2	0	0	0	0	0	0
APPLY	tenshi-keiyaku	天使契約	天使契約	3	3	2	1	0	0	2	0	0	0	0
APPLY	tenshi-no-hane-to-akuma-no-shippo	てんしのはねとアクマのシッポ	てんしのはねとアクマのシッポ	2	2	2	0	0	0	2	0	0	0	0
APPLY	tentoumushi-wa-yume-o-miru	十十虫は夢を見る	十十虫は夢を見る	10	10	2	8	0	0	2	0	0	0	0
APPLY	teppan	てっぱん!	てっぱん!	2	2	2	0	2	0	0	0	0	0	0
APPLY	tetsu-no-police	鉄の警察(ポリス)	鉄の警察	2	2	2	0	2	0	0	0	0	0	0
APPLY	tetsupai-no-jan	鉄牌のジャン!	鉄牌のジャン!	7	10	2	5	0	0	2	0	0	0	0
APPLY	tetsusabi-to-1000-karatto	鉄錆と1000カラット	鉄錆と1000カラット	3	3	2	1	0	2	0	0	0	0	0
APPLY	timetuber-yukari	TimeTuberゆかり	TimeTuberゆかり	4	4	2	2	0	2	0	0	0	0	0
APPLY	tkman	TKman	TKman	2	2	2	0	2	0	0	0	0	0	0
APPLY	to-nari-no-figure-genkeishi	となりのフィギュア原型師	となりのフィギュア原型師	8	8	2	6	0	2	0	0	0	0	0
APPLY	toki-o-tomeru-shokeinin-wa-gisoutsuma	時をトめる処刑人はギソウ妻	時をトめる処刑人はギソウ妻	3	3	2	1	2	0	0	0	0	0	0
APPLY	tokyo-akazukin	東京赤ずきん	東京赤ずきん	4	4	2	2	0	0	2	0	0	0	0
APPLY	tonari-no-nanige-san	となりのなにげさん	となりのなにげさん	4	4	2	2	0	0	2	0	0	0	0
APPLY	tonari-no-stella	隣のステラ	隣のステラ	10	10	2	8	0	2	0	0	0	0	0
APPLY	tonderu-ponytail	とんでる!ポニーテール	とんでる!ポニーテール	2	2	2	0	0	2	0	0	0	0	0
APPLY	tono-to-inu	殿と犬	殿と犬	6	6	2	4	0	2	0	0	0	0	0
APPLY	torako-anmari-kowashicha-dame-dayo	虎子、あんまり壊しちゃだめだよ	虎子、あんまり壊しちゃだめだよ	2	2	2	0	2	0	0	0	0	0	0
APPLY	toraware-no-mi-no-ue	とらわれの身の上	とらわれの身の上	5	8	2	3	0	0	2	0	0	0	0
APPLY	tori-koro	トリコロ	トリコロ	2	4	2	0	2	0	0	0	0	0	0
APPLY	torokeruuju	とろける～じゅ❤	とろける〜じゅ	2	2	2	0	2	0	0	0	0	0	0
APPLY	tougeoni	峠鬼	峠鬼	9	9	2	7	0	2	0	0	0	0	0
APPLY	touhou-sangetsusei	東方三月精	東方三月精	3	10	2	1	0	0	2	0	0	0	0
APPLY	trifil-fantasia	トリフィルファンタジア	トリフィルファンタジア	2	2	2	0	0	0	2	0	0	0	0
APPLY	true-love	True Love	True Love (杉山美和子の漫画)	7	8	2	5	2	0	0	0	0	0	0
APPLY	tsukidate-no-satsujin	月館の殺人	月館の殺人	4	6	2	2	2	0	0	0	0	0	0
APPLY	tsukiuta	ツキウタ。	ツキウタ。	2	9	2	0	2	0	0	0	0	0	0
APPLY	tsukiyo-no-fromage	月夜のフロマージュ	月夜のフロマージュ	2	2	2	0	0	0	2	0	0	0	0
APPLY	tsuratsura-waraji	つらつらわらじ	つらつらわらじ	5	5	2	3	0	0	2	0	0	0	0
APPLY	tunnel-no-hanako-san	トンネルの華子さん	トンネルの華子さん	2	2	2	0	0	0	2	0	0	0	0
APPLY	tunnel-nuketara-miyakezaka	トンネル抜けたら三宅坂	トンネル抜けたら三宅坂	2	2	2	0	2	0	0	0	0	0	0
APPLY	uchi-no-maou-kamimasenyo	うちの魔王かみませんよ	うちの魔王かみませんよ	4	4	2	2	0	0	2	0	0	0	0
APPLY	uchi-wa-sasuke-no-sharinganden	うちはサスケの写輪眼伝	うちはサスケの写輪眼伝	3	3	2	1	0	2	0	0	0	0	0
APPLY	ukiwa	うきわ	うきわ (漫画)	3	6	2	1	1	0	1	0	0	0	0
APPLY	ultraman-the-first	ウルトラマンTHE FIRST	ウルトラマン THE FIRST	3	3	2	1	0	0	2	0	0	0	0
APPLY	umibe-no-onnanoko	うみべの女の子	うみべの女の子	2	2	2	0	1	0	1	0	0	0	0
APPLY	umiiro-march	海色マーチ	海色マーチ	2	2	2	0	2	0	0	0	0	0	0
APPLY	umisaki-lilac	海咲ライラック	海咲ライラック	4	4	2	2	1	0	1	0	0	0	0
APPLY	uraniwa-niwa	裏庭には…!	裏庭には…!	2	2	2	0	2	0	0	0	0	0	0
APPLY	usa-tan	ウサ探	ウサ探	2	2	2	0	0	0	2	0	0	0	0
APPLY	usagi-no-tsuno	兎の角	兎の角	3	3	2	1	0	0	2	0	0	0	0
APPLY	uwasa-no-futari	ウワサの二人	ウワサの二人	2	2	2	0	0	0	2	0	0	0	0
APPLY	vampir	ヴァムピール	ヴァムピール	5	7	2	3	0	0	2	0	0	0	0
APPLY	versus	バーサス	バーサス (漫画)	7	7	2	5	0	2	0	0	0	0	0
APPLY	w-p-b	√W.P.B	√W.P.B.	2	2	2	0	2	0	0	0	0	0	0
APPLY	wa	わ!	わ!	3	3	2	1	0	0	2	0	0	0	0
APPLY	wagamamana-tsubasa	わがままなツバサ	わがままなツバサ	2	2	2	0	0	2	0	0	0	0	0
APPLY	watashi-ga-onee-chan-nandakarane	私がお姉ちゃんなんだからね!	私がお姉ちゃんなんだからね!	2	2	2	0	0	0	2	0	0	0	0
APPLY	watashi-to-dasshutsu-shimasen-ka	私と脱出しませんか?	私と脱出しませんか?	8	8	2	6	0	2	0	0	0	0	0
APPLY	watashi-to-kowareta-kyuuketsuki	私とこわれた吸血鬼	私とこわれた吸血鬼	10	10	2	8	0	2	0	0	0	0	0
APPLY	watashi-wa-pet	ワタシハペット	ワタシハペット	2	2	2	0	0	0	2	0	0	0	0
APPLY	water-girls	ウォーターガールズ	ウォーターガールズ	2	2	2	0	2	0	0	0	0	0	0
APPLY	wondance	ワンダンス	ワンダンス	15	15	2	13	0	2	0	0	0	0	0
APPLY	yanhobo	ヤンほぼ	ヤンほぼ	2	2	2	0	2	0	0	0	0	0	0
APPLY	yashiki-wa-maid-no-tame-ni	屋敷はメイドのために!	屋敷はメイドのために!	2	2	2	0	2	0	0	0	0	0	0
APPLY	yawara-no-michelangelo	柔のミケランジェロ	柔のミケランジェロ	2	2	2	0	2	0	0	0	0	0	0
APPLY	yoakemono	ヨアケモノ	ヨアケモノ	2	2	2	0	0	2	0	0	0	0	0
APPLY	yoiko-no-shigoto	よいこのしごと	よいこのしごと	2	2	2	0	0	0	2	0	0	0	0
APPLY	yome-yome-kanata-san	よめヨメかなたさん	よめヨメかなたさん	3	3	2	1	0	0	2	0	0	0	0
APPLY	yoojo-life	よーじょらいふ!	よーじょらいふ!	6	6	2	4	2	0	0	0	0	0	0
APPLY	yoru-wa-neko-to-isshokenmei	夜は猫といっしょ	夜は猫といっしょ	8	10	2	6	0	2	0	0	0	0	0
APPLY	youkou-o-matsu	陽光ヲ待ツ	陽光ヲ待ツ	2	2	2	0	0	2	0	0	0	0	0
APPLY	yukahime	ゆかひめ!	ゆかひめ!	2	2	2	0	2	0	0	0	0	0	0
APPLY	yukidoke-to-agapanthus	雪解けとアガパンサス	雪解けとアガパンサス	5	5	2	3	0	2	0	0	0	0	0
APPLY	yume-mina-psychic	夢見なサイキック!	夢見なサイキック!	3	3	2	1	0	0	2	0	0	0	0
APPLY	yume-miru-wakusei	夢みる惑星	夢みる惑星	7	18	2	5	0	0	2	0	0	0	0
APPLY	yurameki-lagoon	ゆらめきラグーン	ゆらめきラグーン	2	2	2	0	2	0	0	0	0	0	0
APPLY	yuutai-nova	ユウタイノヴァ	ユウタイノヴァ	2	4	2	0	0	0	2	0	0	0	0
APPLY	yuzu-bunko-club	ゆず文庫CLUB	ゆず文庫CLUB	4	4	2	2	0	0	2	0	0	0	0
APPLY	zansatsu-hantou-akamemura	惨殺半島赤目村	惨殺半島 赤目村	2	2	2	0	0	0	2	0	0	0	0
APPLY	zoids-battle-card-suit-komandaa-teru	ZOIDSバトルカード戦士コマンダーTERU	ZOIDSバトルカード戦士コマンダーTERU	2	2	2	0	2	0	0	0	0	0	0
APPLY	zonbitchi-wa-bitch-ni-fukumaremasuka	ゾンビッチはビッチに含まれますか?	ゾンビッチはビッチに含まれますか?	6	6	2	4	0	0	2	0	0	0	0
APPLY	15-no-haru	15の春	15の春	1	1	1	0	0	0	1	0	0	0	0
APPLY	20-mensou-ni-onegai	20面相におねがい!!	20面相におねがい!!	2	5	1	1	0	1	0	0	0	0	0
APPLY	33-sai-dokushin-onnakishi-taichou	33歳独身女騎士隊長。	33歳独身女騎士隊長。	4	4	1	3	0	1	0	0	0	0	0
APPLY	5kai-bishoujo-kaden-uriba-de-5-zaimasu	5階美少女家電売り場でございます	5階美少女家電売り場でございます	1	1	1	0	0	0	1	0	0	0	0
APPLY	7gatsu-no-mahoutsukai	7月の魔法使い	7月の魔法使い	1	1	1	0	0	1	0	0	0	0	0
APPLY	abangyarudo-yumeko	アバンギャルド夢子	アバンギャルド夢子	1	2	1	0	0	0	1	0	0	0	0
APPLY	ai-dake-sagashiteirarenai	愛だけ探していられない	愛だけ探していられない	3	3	1	2	0	0	1	0	0	0	0
APPLY	ai-wa-noroi-no-nippon-doll	あいは呪いの日本人形	あいは呪いの日本人形♥	1	1	1	0	1	0	0	0	0	0	0
APPLY	air-gear	エア・ギア	エア・ギア	37	58	1	36	1	0	0	0	0	0	0
APPLY	aizawa-san-zoushoku	相沢さん増殖	相沢さん増殖	5	5	1	4	0	0	1	0	0	0	0
APPLY	aku-no-hana-2010	惡の華	惡の華	11	12	1	10	0	0	1	0	0	0	0
APPLY	akuma-mo-fumu-o-osoreru-tokoro	悪魔も踏むを恐れるところ	悪魔も踏むを恐れるところ	3	3	1	2	0	0	1	0	0	0	0
APPLY	akuma-no-youna-aitsu	悪魔のようなあいつ	悪魔のようなあいつ	1	2	1	0	0	0	1	0	0	0	0
APPLY	akutou-otoko-collection	悪党男子コレクション	悪党男子コレクション	1	1	1	0	1	0	0	0	0	0	0
APPLY	alicia-y	アリシア・Y	アリシア・Y	1	1	1	0	0	0	1	0	0	0	0
APPLY	alto	アルト	アルト (漫画)	2	2	1	1	1	0	0	0	0	0	0
APPLY	ame-to-kimi-to	雨と君と	雨と君と	8	8	1	7	0	1	0	0	0	0	0
APPLY	anata-no-koto-wa-sorehodo	あなたのことはそれほど	あなたのことはそれほど	6	6	1	5	1	0	0	0	0	0	0
APPLY	angel-onayami-soudanjo	エンジェルお悩み相談所	エンジェルお悩み相談所	1	2	1	0	0	0	1	0	0	0	0
APPLY	angel-trumpet	エンジェル・トランペット	エンジェル・トランペット	13	14	1	12	0	0	1	0	0	0	0
APPLY	anhapi	あんハピ♪	あんハピ♪	10	12	1	9	0	0	1	0	0	0	0
APPLY	ani-kaeru	兄帰る	兄帰る (漫画)	1	1	1	0	1	0	0	0	0	0	0
APPLY	ano-ko-ni-kiss-to-shirayuri-o	あの娘にキスと白百合を	あの娘にキスと白百合を	10	10	1	9	0	0	1	0	0	0	0
APPLY	anorexia-shikabane-hanako-wa-kyoshokushou	アノレクシア しかばね華子は拒食症	アノレクシア〜しかばね華子は拒食症〜	2	2	1	1	0	0	1	0	0	0	0
APPLY	anoshimanouminesou	あの島の海音荘	あの島の海音荘	2	2	1	1	0	1	0	0	0	0	0
APPLY	anta-nante-okotowari	アンタなんてお断り!	アンタなんてお断り!	1	1	1	0	1	0	0	0	0	0	0
APPLY	ao-no-binetsu	青の微熱	青の微熱	3	3	1	2	1	0	0	0	0	0	0
APPLY	aoyama-goushou-tanpenshuu	青山剛昌短編集	青山剛昌短編集	1	4	1	0	1	0	0	0	0	0	0
APPLY	arakure-neverland	荒くれネバーランド	荒くれネバーランド	1	1	1	0	0	0	1	0	0	0	0
APPLY	arasa-chan	アラサーちゃん	アラサーちゃん	1	11	1	0	0	0	1	0	0	0	0
APPLY	arukaraira	アルカライラ	アルカライラ	1	1	1	0	0	0	1	0	0	0	0
APPLY	ashita-no-3600-byou	明日の3600秒	明日の3600秒	4	4	1	3	1	0	0	0	0	0	0
APPLY	asobiba	アソビバ	アソビバ (漫画)	1	1	1	0	0	0	1	0	0	0	0
APPLY	atsu-kun-to-kanojo	あっくんとカノジョ	あっくんとカノジョ	8	8	1	7	0	0	1	0	0	0	0
APPLY	babylon-made-wa-nankounen	バビロンまでは何光年?	バビロンまでは何光年?	1	1	1	0	1	0	0	0	0	0	0
APPLY	baito-no-koomei-kun	バイトのコーメイくん	バイトのコーメイくん	3	3	1	2	0	0	1	0	0	0	0
APPLY	baiyakuzumi-no-megami-sama	売約済みの女神さま	売約済みの女神さま	2	2	1	1	1	0	0	0	0	0	0
APPLY	banoten	ばのてん!	ばのてん!	4	7	1	3	0	0	1	0	0	0	0
APPLY	battle-royale-tenshitachi-no-kokkyou	バトル・ロワイアル 天使たちの国境	バトル・ロワイアル 天使たちの国境	1	1	1	0	1	0	0	0	0	0	0
APPLY	beautician	バステティシャン	バステティシャン	1	1	1	0	0	0	1	0	0	0	0
APPLY	big-nyuus-desu	Big乳sです!	BIG乳Sです!	1	1	1	0	0	0	1	0	0	0	0
APPLY	bikachou-shinshi-kaikoroku	鼻下長紳士回顧録	鼻下長紳士回顧録	2	2	1	1	1	0	0	0	0	0	0
APPLY	blood-haaree-no-basha	ブラッドハーレーの馬車	ブラッドハーレーの馬車	1	1	1	0	0	0	1	0	0	0	0
APPLY	bloody-cross	ブラッディ・クロス	ブラッディ・クロス	12	12	1	11	0	0	1	0	0	0	0
APPLY	boku-no-aidoroido	僕のアイドロイド	僕のアイドロイド	1	1	1	0	0	0	1	0	0	0	0
APPLY	boku-no-idol	ぼくのアイドル	ぼくのアイドル	1	2	1	0	1	0	0	0	0	0	0
APPLY	boku-wa-mari-no-naka	ぼくは麻理のなか	ぼくは麻理のなか	9	9	1	8	0	0	1	0	0	0	0
APPLY	bokura-no-shokutaku	僕らの食卓	僕らの食卓	2	3	1	1	0	1	0	0	0	0	0
APPLY	bokura-no-unsei	ぼくらの運勢	ぼくらの運勢	1	1	1	0	0	0	1	0	0	0	0
APPLY	boots-no-yamada-san	BOOTSの山田さん	BOOTSの山田さん	1	1	1	0	0	0	1	0	0	0	0
APPLY	buddy-strike	バディストライク	バディストライク	1	1	1	0	0	1	0	0	0	0	0
APPLY	bukatsu-shoujo-yuu	部活少女ゆう	部活少女ゆう	1	1	1	0	0	0	1	0	0	0	0
APPLY	bungou-no-shokusai	文豪の食彩	文豪の食彩	1	2	1	0	1	0	0	0	0	0	0
APPLY	bunmukure	ブンむくれ!!	ブンむくれ!!	1	1	1	0	0	0	1	0	0	0	0
APPLY	bura-girl	ぶらガール	ぶらガール	1	1	1	0	1	0	0	0	0	0	0
APPLY	buubuu-kagabuu	ぶーぶーかがぶー	ぶーぶーかがぶー	1	2	1	0	0	0	1	0	0	0	0
APPLY	byakkotai	白虎隊	白虎隊 (劇画)	1	2	1	0	0	1	0	0	0	0	0
APPLY	char-no-nichijou	シャアの日常	シャアの日常	8	8	1	7	0	1	0	0	0	0	0
APPLY	chat-noir-no-shippo	シャ・ノワールのしっぽ	シャ・ノワールのしっぽ	1	1	1	0	1	0	0	0	0	0	0
APPLY	cheer-up	Cheer up!	Cheer up! (漫画)	1	1	1	0	0	0	1	0	0	0	0
APPLY	cherish-yoshizumi-2006	チェリッシュ	チェリッシュ (漫画)	1	1	1	0	0	1	0	0	0	0	0
APPLY	cherry-2005	CHERRY	CHERRY (漫画)	1	1	1	0	0	1	0	0	0	0	0
APPLY	chieri-no-koi-wa-8-meetoru	ちえりの恋は8メートル	ちえりの恋は8メートル	6	6	1	5	0	1	0	0	0	0	0
APPLY	chiguhagu-trick	チグハグトリック	チグハグトリック	3	3	1	2	1	0	0	0	0	0	0
APPLY	chii-chan-wa-chotto-tarinai	ちーちゃんはちょっと足りない	ちーちゃんはちょっと足りない	1	1	1	0	0	0	1	0	0	0	0
APPLY	chikuchiwawa	チクチワワ	チクチワワ	1	1	1	0	1	0	0	0	0	0	0
APPLY	chokkin-panic	ちょっきんぱにっく	ちょっきんぱにっく	1	1	1	0	1	0	0	0	0	0	0
APPLY	chokobo-no-fushigi-monogatari	チョコボのふしぎものがたり	チョコボのふしぎものがたり	6	6	1	5	1	0	0	0	0	0	0
APPLY	chotto-matou-yo-harutora-kun	ちょっと待とうよ、春虎くん	ちょっと待とうよ、春虎くん	1	2	1	0	0	1	0	0	0	0	0
APPLY	chou-kidouin-vander	超機動員ヴァンダー	超機動員ヴァンダー	3	5	1	2	0	1	0	0	0	0	0
APPLY	chougekiga-shoutoku-taishi	超劇画聖徳太子	超劇画 聖徳太子	1	1	1	0	0	1	0	0	0	0	0
APPLY	choujin-neigaa	超神ネイガー	超神ネイガー	1	2	1	0	0	0	1	0	0	0	0
APPLY	choukadou-girl-6-bunnoichi	超可動ガール1/6	超可動ガール1/6	4	12	1	3	0	0	1	0	0	0	0
APPLY	chrome-kidoutai-za-human-algorithm	攻殻機動隊THE HUMAN ALGORITHM	攻殻機動隊 THE HUMAN ALGORITHM	8	8	1	7	0	1	0	0	0	0	0
APPLY	chuuou-monoroogusen	中央モノローグ線	中央モノローグ線	1	5	1	0	0	0	1	0	0	0	0
APPLY	citrus-ayuko-2011	シトラス	シトラス (漫画)	2	2	1	1	0	1	0	0	0	0	0
APPLY	coffee-ikaga-deshou	珈琲いかがでしょう	珈琲いかがでしょう	3	5	1	2	0	0	1	0	0	0	0
APPLY	come-on-clash-baby	COME ON! CLASH BABY	COME ON! CLASH BABY	1	1	1	0	0	0	1	0	0	0	0
APPLY	complex-age	コンプレックス・エイジ	コンプレックス・エイジ	6	6	1	5	0	0	1	0	0	0	0
APPLY	cowa	Cowa!	COWA!	1	1	1	0	0	1	0	0	0	0	0
APPLY	crows-ladies	クローズLadies	クローズLADIES	1	2	1	0	0	1	0	0	0	0	0
APPLY	cutie-honey-vs-devilman-lady	キューティーハニー対デビルマンレディー	キューティーハニー対デビルマンレディー	1	1	1	0	1	0	0	0	0	0	0
APPLY	daidaaku	大ダーク	大ダーク	9	9	1	8	0	1	0	0	0	0	0
APPLY	daitoubou	大逃亡	大逃亡	1	2	1	0	0	0	1	0	0	0	0
APPLY	dakaretai-otoko-1i-1-odosareteimasu	抱かれたい男1位に脅されています。	抱かれたい男1位に脅されています。	9	12	1	8	0	0	1	0	0	0	0
APPLY	dam-manga	ダムマンガ	ダムマンガ	4	4	1	3	0	1	0	0	0	0	0
APPLY	damasarete-miko	ダマされて巫女	ダマされて巫女	1	1	1	0	0	0	1	0	0	0	0
APPLY	dekoboko-majo-no-oyako-jijou	でこぼこ魔女の親子事情	でこぼこ魔女の親子事情	7	7	1	6	0	1	0	0	0	0	0
APPLY	dengeki-tenjikaazu	電撃テンジカーズ	電撃テンジカーズ	3	3	1	2	1	0	0	0	0	0	0
APPLY	devilman-tai-getter-robo	デビルマン対ゲッターロボ	デビルマン対ゲッターロボ	1	2	1	0	1	0	0	0	0	0	0
APPLY	devils-line	デビルズライン	デビルズライン	14	22	1	13	0	0	1	0	0	0	0
APPLY	doka-cook	ドカコック	ドカコック	1	8	1	0	0	0	1	0	0	0	0
APPLY	donten-ni-warau	曇天に笑う	曇天に笑う	6	25	1	5	0	0	1	0	0	0	0
APPLY	doodemo-iikedo	どーでもいいけど	どーでもいいけど	1	1	1	0	1	0	0	0	0	0	0
APPLY	dosperado	ドスペラード	ドスペラード	1	1	1	0	1	0	0	0	0	0	0
APPLY	double-mints	ダブルミンツ	ダブルミンツ	1	2	1	0	1	0	0	0	0	0	0
APPLY	dragon-ie-o-kau	ドラゴン、家を買う。	ドラゴン、家を買う。	10	10	1	9	0	0	1	0	0	0	0
APPLY	dramatical-murder	DRAMAtical Murder	DRAMAtical Murder	2	10	1	1	1	0	0	0	0	0	0
APPLY	dust-bokkusu-25	ダストボックス2.5	ダストボックス2.5	8	8	1	7	0	0	1	0	0	0	0
APPLY	easy-writer	イージー・ライター	イージー★ライター	3	3	1	2	0	0	1	0	0	0	0
APPLY	eden-no-hana	エデンの花	エデンの花	12	12	1	11	0	0	1	0	0	0	0
APPLY	ekimae-no-arukikata	駅前の歩き方	駅前の歩き方	1	3	1	0	0	0	1	0	0	0	0
APPLY	entremetier	アントルメティエ	アントルメティエ	4	4	1	3	0	0	1	0	0	0	0
APPLY	evol	EVOL(イーヴォー)	EVOL (漫画)	10	10	1	9	0	1	0	0	0	0	0
APPLY	faust	ファウスト	ファウスト (漫画)	5	5	1	4	0	0	1	0	0	0	0
APPLY	fermat-no-ryouri	フェルマーの料理	フェルマーの料理	8	8	1	7	0	1	0	0	0	0	0
APPLY	fifteen-love	フィフティーン・ラブ	フィフティーン・ラブ	11	17	1	10	0	1	0	0	0	0	0
APPLY	flip-flap	Flip-flap	FLIP-FLAP (漫画)	1	1	1	0	0	0	1	0	0	0	0
APPLY	flying-ningyohime	ふらいんぐ❤人魚姫	ふらいんぐ♥人魚姫	1	1	1	0	1	0	0	0	0	0	0
APPLY	food-court-de-mata-ashita	フードコートで、また明日。	フードコートで、また明日。	2	2	1	1	0	1	0	0	0	0	0
APPLY	frontier-line	FRONTIER LINE	FRONTIER LINE	1	2	1	0	1	0	0	0	0	0	0
APPLY	fshiteki-nichijou	F氏的日常	F氏的日常	1	1	1	0	0	0	1	0	0	0	0
APPLY	fuchin-attacker	不沈アタッカー	不沈アタッカー	5	5	1	4	0	0	1	0	0	0	0
APPLY	fudanjuku-monogatari	風男塾物語	風男塾物語	1	1	1	0	0	0	1	0	0	0	0
APPLY	fugurumakan-raihouki	文車館来訪記	文車館来訪記	1	2	1	0	0	0	1	0	0	0	0
APPLY	fukashigi-philia	フカシギフィリア	フカシギフィリア	3	3	1	2	0	0	1	0	0	0	0
APPLY	fukinshin-chan	フキンシンちゃん	フキンシンちゃん	1	1	1	0	0	0	1	0	0	0	0
APPLY	fukufuku	ふくふく。	ふくふく。	1	1	1	0	0	0	1	0	0	0	0
APPLY	fukushuu-no-miboujin	復讐の未亡人	復讐の未亡人	12	12	1	11	0	1	0	0	0	0	0
APPLY	funjaka-jan	ふんじゃかじゃん	ふんじゃかじゃん	1	1	1	0	0	0	1	0	0	0	0
APPLY	furuya-sensei-wa-an-chan-no-mono	古屋先生は杏ちゃんのモノ	古屋先生は杏ちゃんのモノ	12	12	1	11	0	1	0	0	0	0	0
APPLY	furyou-aienka-shuudan-yaniizu	不良愛煙家集団ヤニーズ	不良愛煙家集団ヤニーズ	1	4	1	0	1	0	0	0	0	0	0
APPLY	fushigi-no-kuni-no-miyuki-chan	不思議の国の美幸ちゃん	不思議の国の美幸ちゃん	1	2	1	0	1	0	0	0	0	0	0
APPLY	futago-no-teikoku	双子の帝國	双子の帝國	3	3	1	2	0	0	1	0	0	0	0
APPLY	futago-saurus	ふたごザウルス	ふたごザウルス	2	2	1	1	0	0	1	0	0	0	0
APPLY	futari-nara-dokoedemo	夫婦ならどこへでも	夫婦ならどこへでも	3	3	1	2	1	0	0	0	0	0	0
APPLY	futarime-no-shinwa	ふたりめの神話	ふたりめの神話	3	3	1	2	0	0	1	0	0	0	0
APPLY	fuzoroi-no-renri	不揃いの連理	不揃いの連理	10	10	1	9	0	1	0	0	0	0	0
APPLY	gaichuu-joshi-kosumopori-tan	害虫女子コスモポリタン	害虫女子コスモポリタン	1	1	1	0	0	0	1	0	0	0	0
APPLY	gakuen-tengoku-2003	学園天国	学園天国 (原明日美の漫画)	1	1	1	0	0	0	1	0	0	0	0
APPLY	ganbo-naniwa-akudouhen	がんぼナニワ悪道編	がんぼ ナニワ悪道編	9	9	1	8	0	0	1	0	0	0	0
APPLY	garakuta	GARAKUTA	GARAKUTA	1	1	1	0	1	0	0	0	0	0	0
APPLY	gekibuno	げきぶの。	げきぶの。	3	3	1	2	0	0	1	0	0	0	0
APPLY	genkotsu-ganta	げんこつ岩太	げんこつ岩太	1	1	1	0	0	0	1	0	0	0	0
APPLY	ginban-kishi	銀盤騎士	銀盤騎士	11	11	1	10	0	0	1	0	0	0	0
APPLY	ginga-patrol-jako	銀河パトロール ジャコ	銀河パトロール ジャコ	1	4	1	0	0	1	0	0	0	0	0
APPLY	ginga-the-last-wars	銀牙 THE LAST WARS	銀牙〜THE LAST WARS〜	22	22	1	21	1	0	0	0	0	0	0
APPLY	glamorous	グラマラス	グラマラス (漫画)	1	1	1	0	1	0	0	0	0	0	0
APPLY	glory-road	グローリーロード	グローリーロード	2	2	1	1	0	0	1	0	0	0	0
APPLY	gochisou-sama	ご馳走さま!	ご馳走さま!	1	1	1	0	1	0	0	0	0	0	0
APPLY	gogh-chan	ゴッホちゃん	ゴッホちゃん	1	1	1	0	0	0	1	0	0	0	0
APPLY	gojouden	碁娘伝	碁娘伝	2	2	1	1	0	1	0	0	0	0	0
APPLY	gokudoumeshi	極道めし	極道めし	10	20	1	9	0	0	1	0	0	0	0
APPLY	gokuman	極☆漫	極☆漫	1	1	1	0	1	0	0	0	0	0	0
APPLY	golden-lucky	Golden lucky	GOLDEN LUCKY	10	13	1	9	0	0	1	0	0	0	0
APPLY	gotsu-kun-puucho	ゴックン!ぷーちょ	ゴックン!ぷーちょ	3	3	1	2	0	0	1	0	0	0	0
APPLY	gouhou-yuri-fuufubon	合法百合夫婦本	合法百合夫婦本	1	1	1	0	1	0	0	0	0	0	0
APPLY	grand-bagan	グラン・バガン	グラン・バガン	1	2	1	0	0	0	1	0	0	0	0
APPLY	green-green-greens	グリーングリーングリーンズ	グリーングリーングリーンズ	3	3	1	2	0	1	0	0	0	0	0
APPLY	gunjou-sword	群青ソード	群青ソード	1	1	1	0	0	0	1	0	0	0	0
APPLY	gunnm-kasei-senki	銃夢火星戦記	銃夢火星戦記	11	11	1	10	0	1	0	0	0	0	0
APPLY	gunnou-kyoushitsu	群脳教室	群脳教室	3	3	1	2	0	1	0	0	0	0	0
APPLY	gurazeni	グラゼニ	グラゼニ	17	69	1	16	0	0	1	0	0	0	0
APPLY	gyakusatsu-heartful-company	虐殺!!!ハートフルカンパニー	虐殺! ハートフルカンパニー	1	1	1	0	0	0	1	0	0	0	0
APPLY	haisha	灰者	灰者	1	1	1	0	0	0	1	0	0	0	0
APPLY	hakoiri-ryouhin	はこいり良品	はこいり良品	1	1	1	0	0	0	1	0	0	0	0
APPLY	hakutaku	白卓HAKUTAKU	白卓 HAKUTAKU	2	2	1	1	0	1	0	0	0	0	0
APPLY	hana-michi-otome	花みちおとめ	花みちおとめ	2	2	1	1	0	0	1	0	0	0	0
APPLY	hana-no-miyako-kirishima-2013	花のみやこ!	花のみやこ!	3	3	1	2	0	0	1	0	0	0	0
APPLY	hana-no-namae	花の名前	花の名前	4	4	1	3	0	0	1	0	0	0	0
APPLY	hanashimeshi	噺めし	噺めし	1	1	1	0	0	0	1	0	0	0	0
APPLY	hantoumei-kinmu-usui-san	半透明勤務薄井さん	半透明勤務 薄井さん	1	1	1	0	0	0	1	0	0	0	0
APPLY	happy-sugar-life	ハッピーシュガーライフ	ハッピーシュガーライフ	11	12	1	10	0	0	1	0	0	0	0
APPLY	harahara-dokidoki	ハラハラドキドキ	ハラハラドキドキ	2	2	1	1	0	0	1	0	0	0	0
APPLY	haru-natsu-aki-fuyu	春夏秋冬	春夏秋冬 (漫画)	1	2	1	0	0	0	1	0	0	0	0
APPLY	harunee-ga-boku-ni-pekepeke-suru-wake	ハル姉が僕に××する理由	ハル姉が僕に××する理由	2	2	1	1	0	0	1	0	0	0	0
APPLY	hatarake-moto-renjaa	働け!!モトレンジャー!!	働け!! モトレンジャー!!	1	1	1	0	0	0	1	0	0	0	0
APPLY	hatchi-potchi	はっち・ぽっち	はっち・ぽっち	1	1	1	0	0	0	1	0	0	0	0
APPLY	hatsukoi-summer-romanesque	はつ恋サマーロマネスク	はつ恋サマーロマネスク	1	1	1	0	1	0	0	0	0	0	0
APPLY	hell-s-kitchen	ヘルズキッチン	ヘルズキッチン (漫画)	13	13	1	12	0	1	0	0	0	0	0
APPLY	helter-skelter	ヘルター・スケルター	ヘルタースケルター (漫画)	1	4	1	0	1	0	0	0	0	0	0
APPLY	henjin-henkutsu-rendetsu	変人偏屈列伝	変人偏屈列伝	2	2	1	1	0	0	1	0	0	0	0
APPLY	henshin-ol-arashi	変身OLアラシ	変身OLアラシ	2	2	1	1	1	0	0	0	0	0	0
APPLY	hibi-kore-haiboku	日々是敗北	日々是敗北	1	1	1	0	0	0	1	0	0	0	0
APPLY	hige-no-ooeru-yabuuchi-sasako	ヒゲのOL薮内笹子	ヒゲのOL薮内笹子	1	10	1	0	1	0	0	0	0	0	0
APPLY	higurashi-no-naku-koro-ni-kokoroiyashihen	ひぐらしのなく頃に 心癒し編	ひぐらしのなく頃に 心癒し編	1	1	1	0	0	0	1	0	0	0	0
APPLY	higurashi-no-naku-koro-ni-oni	ひぐらしのなく頃に 鬼	ひぐらしのなく頃に 鬼	3	3	1	2	0	1	0	0	0	0	0
APPLY	higurashi-no-naku-koro-ni-onisarashihen	ひぐらしのなく頃に 鬼曝し編	ひぐらしのなく頃に 鬼曝し編	2	2	1	1	0	0	1	0	0	0	0
APPLY	higurashi-no-naku-koro-ni-yoigoshihen	ひぐらしのなく頃に 宵越し編	ひぐらしのなく頃に 宵越し編	2	2	1	1	1	0	0	0	0	0	0
APPLY	hikagaku-joushiki-keetai-kun	非科学常識ケータイくん!	非科学常識ケータイくん!	2	2	1	1	0	0	1	0	0	0	0
APPLY	himawari-enogu	ひまわりえのぐ	ひまわりえのぐ	1	1	1	0	1	0	0	0	0	0	0
APPLY	himawari-san	ひまわりさん	ひまわりさん	13	13	1	12	0	1	0	0	0	0	0
APPLY	himegimi-no-jouken	姫君の条件	姫君の条件	8	8	1	7	0	0	1	0	0	0	0
APPLY	himesamatanuki-no-koizanyou	姫さま狸の恋算用	姫さま狸の恋算用	9	9	1	8	0	0	1	0	0	0	0
APPLY	himitsu-sentai-momoidaa	ひみつ戦隊モモイダー	ひみつ戦隊モモイダー	1	1	1	0	0	0	1	0	0	0	0
APPLY	hiraba-no-hito	ひらばのひと	ひらばのひと	6	6	1	5	0	1	0	0	0	0	0
APPLY	hitorigurashi-no-shougakusei	ひとり暮らしの小学生	ひとり暮らしの小学生	1	3	1	0	1	0	0	0	0	0	0
APPLY	hitorimi-hazuki-san-to	ひとりみ葉月さんと。	ひとりみ葉月さんと。	2	2	1	1	0	0	1	0	0	0	0
APPLY	hitozuma-no-kuchibiru-wa-kan-chuuhai-no-aji-ga-shite	人妻の唇は缶チューハイの味がして	人妻の唇は缶チューハイの味がして	2	3	1	1	0	1	0	0	0	0	0
APPLY	hokusou-shinsengumi	北走新選組	北走新選組	1	1	1	0	0	1	0	0	0	0	0
APPLY	hola	Hola!!	HOLA!!	1	1	1	0	0	0	1	0	0	0	0
APPLY	honey-blue	Honey Blue	HoneyBlue	1	1	1	0	1	0	0	0	0	0	0
APPLY	honmei-janakya-yokatta-no-ni	本命じゃなきゃよかったのに	本命じゃなきゃよかったのに	3	3	1	2	1	0	0	0	0	0	0
APPLY	hoshi-mamoru-inu	星守る犬	星守る犬	1	4	1	0	0	0	1	0	0	0	0
APPLY	hoshi-no-kirby-manpuku-pupupu-fantasy	星のカービィ まんぷくプププファンタジー	星のカービィ 〜まんぷくプププファンタジー〜	1	14	1	0	1	0	0	0	0	0	0
APPLY	hotaru-no-akari	蛍のあかり	蛍のあかり	1	1	1	0	0	0	1	0	0	0	0
APPLY	hotaruna-you	ホタルナ妖	ホタルナ妖	1	1	1	0	0	0	1	0	0	0	0
APPLY	houkago-himitsu-club	放課後ひみつクラブ	放課後ひみつクラブ	8	8	1	7	0	1	0	0	0	0	0
APPLY	houkago-karte	放課後カルテ	放課後カルテ	17	17	1	16	0	0	1	0	0	0	0
APPLY	houkago-no-shokuinshitsu	放課後の職員室	放課後の職員室	2	4	1	1	1	0	0	0	0	0	0
APPLY	i-no-kotoba	アイノコトバ	アイノコトバ (漫画)	1	1	1	0	1	0	0	0	0	0	0
APPLY	ichigoda-san-no-hanashi	苺田さんの話	苺田さんの話	6	6	1	5	0	0	1	0	0	0	0
APPLY	ichiro-heian	一路平安!	一路平安!	2	2	1	1	0	0	1	0	0	0	0
APPLY	idai-naru-majo-puan-sama-no-kansatsu-nikki	偉大なる魔女プアン様の観察日記	偉大なる魔女プアン様の観察日記	3	3	1	2	0	0	1	0	0	0	0
APPLY	idol-a	アイドルA	アイドルA	1	1	1	0	0	1	0	0	0	0	0
APPLY	idol-jigokuhen	アイドル地獄変	アイドル地獄変	1	2	1	0	0	0	1	0	0	0	0
APPLY	idol-to-night	アイドルto NIGHT!	アイドルto NIGHT!	1	1	1	0	1	0	0	0	0	0	0
APPLY	iidabashi-no-futaba-chan	飯田橋のふたばちゃん	飯田橋のふたばちゃん	2	2	1	1	0	0	1	0	0	0	0
APPLY	iiki-no-ki	異域之鬼	異域之鬼	6	6	1	5	0	0	1	0	0	0	0
APPLY	iinari-princess	言いなり★プリンセス	言いなり☆プリンセス	1	1	1	0	1	0	0	0	0	0	0
APPLY	ijime	いじめ	いじめ (漫画)	1	36	1	0	1	0	0	0	0	0	0
APPLY	ijiwaru-love-devil	いじわるらぶ❤デビル	いじわるらぶ・デビル	1	1	1	0	1	0	0	0	0	0	0
APPLY	ikinokotta-6-nin-ni-yoruto	生き残った6人によると	生き残った6人によると	7	7	1	6	0	1	0	0	0	0	0
APPLY	ikoku-irokoi-roman-tan	異国色恋浪漫譚	異国色恋浪漫譚	1	3	1	0	1	0	0	0	0	0	0
APPLY	imokami-sama	いもかみさま	いもかみさま	1	1	1	0	1	0	0	0	0	0	0
APPLY	inaka	田舎	田舎 (漫画)	1	1	1	0	0	0	1	0	0	0	0
APPLY	inemuri-sensei	いねむり先生	いねむり先生	4	4	1	3	0	0	1	0	0	0	0
APPLY	inu-no-juusuya-san	犬のジュース屋さん	犬のジュース屋さん	1	7	1	0	0	0	1	0	0	0	0
APPLY	inugamihime-no-shimobe	犬神姫の徒	犬神姫の徒	2	2	1	1	0	0	1	0	0	0	0
APPLY	inuyashiki	いぬやしき	いぬやしき	10	14	1	9	0	0	1	0	0	0	0
APPLY	itchae-marine-chan	いっちゃえマリンちゃん	いっちゃえマリンちゃん	1	1	1	0	1	0	0	0	0	0	0
APPLY	itoshi-no-muco	いとしのムーコ	いとしのムーコ	17	22	1	16	0	0	1	0	0	0	0
APPLY	jantonio-bomb	ジャントニオbomb	ジャントニオBomb	1	1	1	0	1	0	0	0	0	0	0
APPLY	japash	ジャパッシュ	ジャパッシュ	1	2	1	0	0	0	1	0	0	0	0
APPLY	jii-san-baa-san-wakagaeru	じいさんばあさん若返る	じいさんばあさん若返る	9	9	1	8	0	1	0	0	0	0	0
APPLY	jitaku-keibihime-terasu	自宅警備姫テラス	自宅警備姫テラス	1	2	1	0	0	0	1	0	0	0	0
APPLY	jizeru-aran	ジゼル・アラン	ジゼル・アラン	5	5	1	4	0	0	1	0	0	0	0
APPLY	joshikausei	女子かう生	女子かう生	9	9	1	8	0	0	1	0	0	0	0
APPLY	joshikousei-to-seishokusha-san	女子高生と聖職者さん	女子高生と聖職者さん	3	3	1	2	1	0	0	0	0	0	0
APPLY	joukyou-monogatari-2004	上京ものがたり	上京ものがたり	1	1	1	0	1	0	0	0	0	0	0
APPLY	judge	JUDGE	JUDGE (漫画)	6	9	1	5	0	0	1	0	0	0	0
APPLY	kabeotoko	壁男	壁男	1	3	1	0	0	0	1	0	0	0	0
APPLY	kagetora	KAGETORA	KAGETORA	11	11	1	10	0	0	1	0	0	0	0
APPLY	kaijin-kaihatsubu-no-kreuz-san	怪人開発部の黒井津さん	怪人開発部の黒井津さん	10	10	1	9	0	1	0	0	0	0	0
APPLY	kaitou-pokemon-7	快盗!ポケモン7	快盗!ポケモン7	1	1	1	0	1	0	0	0	0	0	0
APPLY	kajika	カジカ	カジカ (漫画)	1	1	1	0	0	1	0	0	0	0	0
APPLY	kakegurui-kakko-kari	賭ケグルイ (仮)	賭ケグルイ	10	54	1	9	0	0	1	0	0	0	0
APPLY	kakumei-no-hi	革命の日	革命の日	2	2	1	1	0	0	1	0	0	0	0
APPLY	kakutoshi-no-yume	殻都市の夢	殻都市の夢	1	2	1	0	0	0	1	0	0	0	0
APPLY	kamen-renjaa-tanaka	仮面レンジャー田中	仮面レンジャー田中	1	2	1	0	1	0	0	0	0	0	0
APPLY	kami-sama-ga-kureta-natsu	神様がくれた夏	神様がくれた夏	1	1	1	0	0	0	1	0	0	0	0
APPLY	kamichama-karin	かみちゃまかりん	かみちゃまかりん	7	21	1	6	0	0	1	0	0	0	0
APPLY	kanade	奏～かなで～	奏 〜かなで〜	9	9	1	8	0	0	1	0	0	0	0
APPLY	kaname-toile	かなめエトワール	かなめエトワール	1	1	1	0	1	0	0	0	0	0	0
APPLY	kanari-momotarou	かなり桃たろう	かなり桃たろう	1	1	1	0	1	0	0	0	0	0	0
APPLY	kanojo-to-camera-to-kanojo-no-kisetsu	彼女とカメラと彼女の季節	彼女とカメラと彼女の季節	5	5	1	4	0	0	1	0	0	0	0
APPLY	kanojo-wa-yuuekkusuoo	彼女はUXO	彼女はUXO	1	1	1	0	1	0	0	0	0	0	0
APPLY	kanreki-hime	還暦姫	還暦姫	1	1	1	0	1	0	0	0	0	0	0
APPLY	karatto	からっと!	からっと!	2	2	1	1	0	0	1	0	0	0	0
APPLY	karyukusu	カリュクス	カリュクス	4	4	1	3	0	0	1	0	0	0	0
APPLY	kashimashi-meshi	かしましめし	かしましめし	7	7	1	6	1	0	0	0	0	0	0
APPLY	kawaii-uso-no-kawauso	可愛い嘘のカワウソ	可愛い嘘のカワウソ	8	10	1	7	0	1	0	0	0	0	0
APPLY	kawatare-no-machi	かわたれの街	かわたれの街	1	1	1	0	1	0	0	0	0	0	0
APPLY	kemono-no-jouken	獣の条件	獣の条件	1	1	1	0	0	0	1	0	0	0	0
APPLY	kiba-no-ketsuzoku	牙の血族	牙の血族	3	7	1	2	1	0	0	0	0	0	0
APPLY	kijin-tantei-ginnezumi	奇人探偵銀鼠	奇人探偵 銀鼠	1	1	1	0	1	0	0	0	0	0	0
APPLY	kikoushi-enma	鬼公子炎魔	鬼公子炎魔	1	1	1	0	0	0	1	0	0	0	0
APPLY	kimi-ga-tokubetsu	君がトクベツ	君がトクベツ	11	11	1	10	0	1	0	0	0	0	0
APPLY	kimi-wa-boku-no-kagayakeru-hoshi	君は僕の輝ける星	君は僕の輝ける星	1	1	1	0	0	0	1	0	0	0	0
APPLY	kimi-wa-houkago-insomnia	君は放課後インソムニア	君は放課後インソムニア	14	14	1	13	1	0	0	0	0	0	0
APPLY	kimi-wa-midara-na-boku-no-joou	君は淫らな僕の女王	君は淫らな僕の女王	2	2	1	1	0	0	1	0	0	0	0
APPLY	kin-no-kuni-mizu-no-kuni	金の国水の国	金の国 水の国	1	3	1	0	0	1	0	0	0	0	0
APPLY	kin-no-tamago-wamusato-2008	きんのたまご	きんのたまご	1	1	1	0	1	0	0	0	0	0	0
APPLY	kira-kira-kira	きらきらきら	きらきらきら	1	1	1	0	0	0	1	0	0	0	0
APPLY	kiri-no-mori-hotel	霧の森ホテル	霧の森ホテル	3	5	1	2	0	1	0	0	0	0	0
APPLY	kirinji-gate	キリンジゲート	キリンジゲート	8	8	1	7	1	0	0	0	0	0	0
APPLY	kiseki-no-loreley	キセキのローレライ	キセキのローレライ	3	3	1	2	1	0	0	0	0	0	0
APPLY	kissshite-chounouryoku-shoujo	KISSして❤超能力少女	KISSして・超能力少女	1	1	1	0	1	0	0	0	0	0	0
APPLY	kizuna-momochi-2004	きずな	きずな (漫画)	3	3	1	2	0	0	1	0	0	0	0
APPLY	kodai-suit-haniwatt	古代戦士ハニワット	古代戦士ハニワット	11	11	1	10	0	1	0	0	0	0	0
APPLY	kodomo-no-kodomo	コドモのコドモ	コドモのコドモ	3	3	1	2	1	0	0	0	0	0	0
APPLY	kodomo-wa-wakatte-agenai	子供はわかってあげない	子供はわかってあげない	3	3	1	2	0	1	0	0	0	0	0
APPLY	koi-shinobu	恋忍	恋忍	1	1	1	0	0	0	1	0	0	0	0
APPLY	koi-through-otome	恋スルー乙女	恋スルー乙女	1	1	1	0	0	0	1	0	0	0	0
APPLY	koi-to-byounetsu	恋と病熱	恋と病熱 (磯谷友紀の漫画)	1	1	1	0	0	0	1	0	0	0	0
APPLY	koi-to-gunkan	恋と軍艦	恋と軍艦	8	8	1	7	0	0	1	0	0	0	0
APPLY	koi-wa-game-de	恋はゲームで!	恋はゲームで!	1	1	1	0	1	0	0	0	0	0	0
APPLY	koi-wa-on-air	恋はオン・エア!	恋はオン・エア!	1	1	1	0	1	0	0	0	0	0	0
APPLY	koishite-nanbo	恋してナンボ!	恋してナンボ!	1	1	1	0	1	0	0	0	0	0	0
APPLY	koko-wa-kamogawa-game-seisakujo	ここは鴨川ゲーム製作所	ここは鴨川ゲーム製作所	2	2	1	1	1	0	0	0	0	0	0
APPLY	kokuchou	黒鳥	黒鳥 (漫画)	2	2	1	1	0	0	1	0	0	0	0
APPLY	kokuran	黒蘭	黒蘭	4	6	1	3	0	0	1	0	0	0	0
APPLY	koma	よん駒!	よん駒!	1	1	1	0	0	0	1	0	0	0	0
APPLY	komatsu-kun-hiyori	小松くん日和	小松くん日和	1	1	1	0	0	0	1	0	0	0	0
APPLY	komikkuiwate	コミックいわて	コミックいわて	2	10	1	1	0	0	1	0	0	0	0
APPLY	komiyama-ga-kirai-da	小宮山がキライだ	小宮山がキライだ	7	7	1	6	0	1	0	0	0	0	0
APPLY	kono-healer-mendokusai	このヒーラー、めんどくさい	このヒーラー、めんどくさい	10	10	1	9	0	1	0	0	0	0	0
APPLY	konpeito	こんぺいと!	こんぺいと!	2	2	1	1	0	1	0	0	0	0	0
APPLY	kooritsuita-me	凍りついた瞳	凍りついた瞳	1	13	1	0	0	1	0	0	0	0	0
APPLY	kotatsu-ya-mikan	こたつやみかん	こたつやみかん	4	4	1	3	0	0	1	0	0	0	0
APPLY	kotonoha-no-miko-to-kotoda-ma-no-majo-to	ことのはの巫女とことだまの魔女と	ことのはの巫女とことだまの魔女と	1	1	1	0	0	0	1	0	0	0	0
APPLY	koudaike-no-hitobito	高台家の人々	高台家の人々	6	6	1	5	0	1	0	0	0	0	0
APPLY	koukan-nikki-satsujin-jiken	交換日記殺人事件	交換日記殺人事件	1	1	1	0	1	0	0	0	0	0	0
APPLY	koushakuke-no-bara-no-mi	公爵家の薔薇の実	公爵家の薔薇の実	1	1	1	0	1	0	0	0	0	0	0
APPLY	kowashiya-gen	解体屋ゲン	解体屋ゲン	2	3	1	1	0	0	1	0	0	0	0
APPLY	koyoi-oto-furu-sora-no-shita	今宵音降る空の下	今宵音降る空の下	1	1	1	0	1	0	0	0	0	0	0
APPLY	kudamimi-no-neko	くだみみの猫	くだみみの猫	11	11	1	10	0	0	1	0	0	0	0
APPLY	kumoman	くも漫。	くも漫。	1	1	1	0	0	0	1	0	0	0	0
APPLY	kuro-no-tantei	黒の探偵	黒の探偵	7	7	1	6	0	0	1	0	0	0	0
APPLY	kuroboshi	クロボシ	クロボシ	1	1	1	0	0	0	1	0	0	0	0
APPLY	kuroinu-okurokku	黒犬O'clock	黒犬O'clock	2	2	1	1	0	1	0	0	0	0	0
APPLY	kuroki-tsubasa-no-kadoruvein	黒き翼のカドルヴェイン	黒き翼のカドルヴェイン	1	1	1	0	0	0	1	0	0	0	0
APPLY	kuroneko-no-ekichou-san	黒猫の駅長さん	黒猫の駅長さん	3	3	1	2	1	0	0	0	0	0	0
APPLY	kurosaki-kun-no-iinari-ni-nante-naranai	黒崎くんの言いなりになんてならない	黒崎くんの言いなりになんてならない	19	26	1	18	0	0	1	0	0	0	0
APPLY	kuroyome	くろよめ	くろよめ	1	1	1	0	0	0	1	0	0	0	0
APPLY	kurukuru-change-life	くるくる!チェンジライフ	くるくる!チェンジライフ	1	1	1	0	1	0	0	0	0	0	0
APPLY	kurumizawayoshihikonogukou	来見沢善彦の愚行	来見沢善彦の愚行	2	2	1	1	0	1	0	0	0	0	0
APPLY	kusuriyubi-hime	くすりゆびひめ	くすりゆびひめ	1	1	1	0	1	0	0	0	0	0	0
APPLY	kutsu-no-muku-mama	靴の向くまま	靴の向くまま	5	5	1	4	0	1	0	0	0	0	0
APPLY	kuzu-no-honkai	クズの本懐	クズの本懐	9	10	1	8	0	0	1	0	0	0	0
APPLY	kyattsuai	キャッツ❤アイ	キャッツ・アイ	28	75	1	27	0	0	1	0	0	0	0
APPLY	kyonyuu-dragon	巨乳ドラゴン	巨乳ドラゴン	1	2	1	0	1	0	0	0	0	0	0
APPLY	kyou-no-dekigoto	きょうのできごと	きょうのできごと (漫画)	1	1	1	0	0	1	0	0	0	0	0
APPLY	kyoufu-hakase-no-kenkyuushitsu	恐怖博士の研究室	恐怖博士の研究室	1	1	1	0	0	0	1	0	0	0	0
APPLY	kyoukan-astro	教艦ASTRO	教艦ASTRO	1	1	1	0	1	0	0	0	0	0	0
APPLY	kyuuso-no-chigiri-itsuwari-no-omega	窮鼠の契り-偽りのΩ-	窮鼠の契り-偽りのΩ-	6	6	1	5	1	0	0	0	0	0	0
APPLY	l-dk	L❤DK	L・DK	24	29	1	23	0	0	1	0	0	0	0
APPLY	lagoon-engine	ラグーンエンジン	ラグーンエンジン	7	13	1	6	0	0	1	0	0	0	0
APPLY	lammermoor-no-shounen-kiheitai	ランメルモールの少年騎兵隊	ランメルモールの少年騎兵隊	3	3	1	2	0	0	1	0	0	0	0
APPLY	lilim-kiss	りりむキッス	りりむキッス	2	2	1	1	0	0	1	0	0	0	0
APPLY	line-kotegawa-2003	ライン	ライン (漫画)	1	1	1	0	0	0	1	0	0	0	0
APPLY	local-joshi-no-tooboe	ローカル女子の遠吠え	ローカル女子の遠吠え	12	12	1	11	0	1	0	0	0	0	0
APPLY	loop-salad	ルプ☆さらだ	ルプ★さらだ	1	2	1	0	1	0	0	0	0	0	0
APPLY	lost-child-abe-2011	LOST CHILD	LOST CHILD (漫画)	1	2	1	0	0	0	1	0	0	0	0
APPLY	love-bullet	ラブ・バレット	ラブ・バレット	2	2	1	1	0	1	0	0	0	0	0
APPLY	love-phantom	ラブファントム	ラブファントム	14	14	1	13	0	1	0	0	0	0	0
APPLY	love-rush	ラブラッシュ!	ラブラッシュ!	2	2	1	1	0	1	0	0	0	0	0
APPLY	love-survival	ラブ・サバイバル	ラブ・サバイバル	1	2	1	0	1	0	0	0	0	0	0
APPLY	love-zombie	ラブ・ゾンビ	ラブ・ゾンビ	1	1	1	0	0	0	1	0	0	0	0
APPLY	luno	LUNO	LUNO	2	2	1	1	0	0	1	0	0	0	0
APPLY	lupin-iii-1998	ルパン三世	ルパン三世 (Shusay版)	2	4	1	1	1	0	0	0	0	0	0
APPLY	lupin-iii-b	ルパン三世B	ルパン三世B	1	1	1	0	0	0	1	0	0	0	0
APPLY	maboroshinokaihebibachihebi	幻の怪蛇 バチヘビ	幻の怪蛇バチヘビ	1	3	1	0	0	0	1	0	0	0	0
APPLY	machigatta-ko-o-mahou-shoujo-ni-shiteshimatta	間違った子を魔法少女にしてしまった	間違った子を魔法少女にしてしまった	13	13	1	12	0	1	0	0	0	0	0
APPLY	machigatta-ranobe-no-tsukurikata	間違ったラノベの作り方	間違ったラノベの作り方	1	1	1	0	0	0	1	0	0	0	0
APPLY	madan-no-shashu	魔弾の射手	魔弾の射手 (漫画)	2	3	1	1	0	0	1	0	0	0	0
APPLY	magic-knight-rayearth	魔法騎士レイアース	魔法騎士レイアース	3	20	1	2	0	1	0	0	0	0	0
APPLY	mahoutsukai-ni-taisetsu-na-koto	魔法遣いに大切なこと	魔法遣いに大切なこと	2	17	1	1	0	0	1	0	0	0	0
APPLY	mahoutsukai-yousei-senmon-magic-star-gakuin	魔法使い養成専門マジックスター学院	魔法使い養成専門 マジック★スター学院	5	15	1	4	1	0	0	0	0	0	0
APPLY	maid-san-wa-taberu-dake	メイドさんは食べるだけ	メイドさんは食べるだけ	5	5	1	4	0	1	0	0	0	0	0
APPLY	maid-senki	メイド戦記	メイド戦記	9	9	1	8	1	0	0	0	0	0	0
APPLY	maigoya	迷子屋	迷子屋	3	3	1	2	0	0	1	0	0	0	0
APPLY	maishuu-kayou-wa-chuuzudei	毎週火曜はチューズデイ!	毎週火曜はチューズデイ!	1	1	1	0	0	0	1	0	0	0	0
APPLY	majo-no-kishi	魔女の騎士	魔女の騎士	1	1	1	0	0	0	1	0	0	0	0
APPLY	manabiya-kojima-2009	まなびや	まなびや	1	1	1	0	0	0	1	0	0	0	0
APPLY	manatsu-no-rakuen	真夏の楽園	真夏の楽園	1	1	1	0	0	0	1	0	0	0	0
APPLY	manga-kiwamezara	マンガ極皿	マンガ極皿	1	1	1	0	1	0	0	0	0	0	0
APPLY	manga-mitaina-koi-shitaitsu	まんがみたいな恋したいっ!	まんがみたいな恋したいっ!	1	5	1	0	1	0	0	0	0	0	0
APPLY	manga-no-coco-wa-kikenna-tsubomi	まんがのcocoはキケンなつぼみ!	まんがのCOCOはキケンなつぼみ!	1	2	1	0	0	0	1	0	0	0	0
APPLY	masaki-no-pan	聖樹のパン	聖樹のパン	12	12	1	11	0	0	1	0	0	0	0
APPLY	matataki-no-soonya	瞬きのソーニャ	瞬きのソーニャ	3	3	1	2	0	0	1	0	0	0	0
APPLY	matsukichi-den	松吉伝	松吉伝	1	1	1	0	0	0	1	0	0	0	0
APPLY	matsuoka-kunio-youkai-taiji	松岡國男妖怪退治	松岡國男妖怪退治	3	4	1	2	0	0	1	0	0	0	0
APPLY	meiji-hiiro-ki-tan	明治緋色綺譚	明治緋色綺譚	13	24	1	12	0	0	1	0	0	0	0
APPLY	mero-to-koi-no-mahou	メロと恋の魔法	メロと恋の魔法	4	4	1	3	1	0	0	0	0	0	0
APPLY	midori-no-yamada-kun	みどりの山田君	みどりの山田君	1	2	1	0	0	1	0	0	0	0	0
APPLY	mika-ni-harassment	みかにハラスメント	みかにハラスメント	1	1	1	0	0	0	1	0	0	0	0
APPLY	mikumo-to-kasane	みくもとかさね	みくもとかさね	1	1	1	0	0	0	1	0	0	0	0
APPLY	milk-shake	みるくSHAKE!	みるくSHAKE!	3	3	1	2	0	0	1	0	0	0	0
APPLY	million-girl	ミリオンガール	ミリオンガール	3	3	1	2	0	0	1	0	0	0	0
APPLY	minarai-megami-purupurun-sharumu	みならい女神プルプルんシャルム	みならい女神 プルプルんシャルム	4	5	1	3	0	0	1	0	0	0	0
APPLY	minmin-mint	みんみんミント	みんみんミント	1	1	1	0	0	0	1	0	0	0	0
APPLY	mio-nikki	みおにっき	みおにっき	1	2	1	0	0	0	1	0	0	0	0
APPLY	mirai-wa-bokura-no-te-no-naka	未来は僕等の手の中	未来は僕等の手の中	1	1	1	0	0	0	1	0	0	0	0
APPLY	mitsuboshi-rabu-days	3つ星ラブデイズ	3つ星ラブデイズ	1	1	1	0	1	0	0	0	0	0	0
APPLY	miyazawa-kenji-no-shokutaku	宮沢賢治の食卓	宮沢賢治の食卓	1	1	1	0	1	0	0	0	0	0	0
APPLY	miyoko-asagaya-kibun	美代子阿佐ヶ谷気分	美代子阿佐ヶ谷気分	1	3	1	0	0	0	1	0	0	0	0
APPLY	mizuki-shigeru-no-toono-monogatari	水木しげるの遠野物語	水木しげるの遠野物語	1	2	1	0	1	0	0	0	0	0	0
APPLY	mobile-suit-crossbone-gundam	機動戦士クロスボーン・ガンダム	機動戦士クロスボーン・ガンダム	6	52	1	5	0	0	1	0	0	0	0
APPLY	moe-chiri	もえちり!	もえちり!	2	2	1	1	0	0	1	0	0	0	0
APPLY	moekare-wa-orenjiiro	モエカレはオレンジ色	モエカレはオレンジ色	15	15	1	14	0	1	0	0	0	0	0
APPLY	momoiro-honki-mode	桃色❤本気モード!	桃色・本気モード!	1	1	1	0	1	0	0	0	0	0	0
APPLY	momomoke-restaurant	ももも怪レストラン	ももも怪レストラン	4	4	1	3	0	0	1	0	0	0	0
APPLY	momonchi	ももんち	ももんち	1	1	1	0	1	0	0	0	0	0	0
APPLY	motemushi-tar-kabuto-king	モテ虫王者カブトキング	モテ虫王者カブトキング	2	2	1	1	0	0	1	0	0	0	0
APPLY	moto	Moto!	MOTO!	1	1	1	0	0	0	1	0	0	0	0
APPLY	moukin-chan	猛禽ちゃん	猛禽ちゃん	6	6	1	5	0	0	1	0	0	0	0
APPLY	mukasete-ryuugasaki-san	剥かせて!竜ケ崎さん	剥かせて!竜ケ崎さん	6	6	1	5	0	1	0	0	0	0	0
APPLY	muneatsu	むねあつ	むねあつ	1	1	1	0	1	0	0	0	0	0	0
APPLY	munouna-nana	無能なナナ	無能なナナ	14	14	1	13	0	1	0	0	0	0	0
APPLY	mushi-no-joou-mayu-no-tabi	虫の皇女マユの旅	虫の皇女マユの旅	2	5	1	1	1	0	0	0	0	0	0
APPLY	musume-to-yakiniku	義娘と焼肉	義娘と焼肉	4	4	1	3	1	0	0	0	0	0	0
APPLY	muutachi	ムーたち	ムーたち	2	2	1	1	0	0	1	0	0	0	0
APPLY	nagisa-marine-life	ナギサマリンライフ	ナギサマリンライフ	3	3	1	2	1	0	0	0	0	0	0
APPLY	naisho-no-mangaka-tonari-no-yutori-san	ナイショのマンガ家となりのゆとりさん	ナイショのマンガ家 となりのゆとりさん	1	1	1	0	0	0	1	0	0	0	0
APPLY	nami-yo-kiite-kure	波よ聞いてくれ	波よ聞いてくれ	13	13	1	12	0	1	0	0	0	0	0
APPLY	nan-sama-to-ren	ナン様とレン	ナン様とレン	1	1	1	0	0	0	1	0	0	0	0
APPLY	nande-koko-ni-sensei-ga	なんでここに先生が!?	なんでここに先生が!?	12	14	1	11	0	1	0	0	0	0	0
APPLY	nangoku-chuubakka	南国ちゅーばっか!	南国ちゅーばっか!	1	1	1	0	0	0	1	0	0	0	0
APPLY	nanohana-flowers	なのはなフラワーズ	なのはなフラワーズ	1	1	1	0	0	0	1	0	0	0	0
APPLY	naru-doma	ナルどマ	ナルどマ	2	2	1	1	1	0	0	0	0	0	0
APPLY	natsu-no-omoide-1994	夏の思い出	夏の思い出 (漫画)	1	1	1	0	1	0	0	0	0	0	0
APPLY	natsu-rocket-rocket	なつのロケット	なつのロケット	1	4	1	0	1	0	0	0	0	0	0
APPLY	nazotokiki-drill	謎解きドリル	謎解きドリル	3	3	1	2	0	0	1	0	0	0	0
APPLY	neko-youkai	ねこようかい	ねこようかい	11	11	1	10	0	0	1	0	0	0	0
APPLY	nekonabi	ネコなび	ネコなび	1	2	1	0	1	0	0	0	0	0	0
APPLY	nemurubaka	ネムルバカ	ネムルバカ	1	2	1	0	1	0	0	0	0	0	0
APPLY	nigeru-wa-haji-daga-yaku-ni-tatsu	逃げるは恥だが役に立つ	逃げるは恥だが役に立つ	11	12	1	10	0	0	1	0	0	0	0
APPLY	niito-kunoichi-to-naze-dousei-hajimemashita	ニートくノ一となぜか同棲はじめました	ニートくノ一となぜか同棲はじめました	4	4	1	3	0	1	0	0	0	0	0
APPLY	niko-nicholson-no-manga-doujou-yaburi	ニコ・ニコルソンのマンガ道場破り	ニコ・ニコルソンのマンガ道場破り	1	2	1	0	1	0	0	0	0	0	0
APPLY	niku-gokudou	肉極道	肉極道	5	5	1	4	1	0	0	0	0	0	0
APPLY	ninohime-no-monogatari	二の姫の物語	二の姫の物語	1	2	1	0	1	0	0	0	0	0	0
APPLY	noise-nihei-2001	NOiSE	NOiSE	1	1	1	0	0	0	1	0	0	0	0
APPLY	nomini-ikouze	飲みに行こうぜ!!	飲みに行こうぜ!!	1	1	1	0	1	0	0	0	0	0	0
APPLY	noroiya-shimai	のろい屋しまい	のろい屋しまい	1	11	1	0	1	0	0	0	0	0	0
APPLY	oboko	おぼこ	おぼこ (漫画)	1	1	1	0	0	0	1	0	0	0	0
APPLY	obokoi-majo-wa-majiwaritai	おぼこい魔女はまじわりたい!	おぼこい魔女はまじわりたい!	7	7	1	6	1	0	0	0	0	0	0
APPLY	oden	おでん	おでん (漫画)	1	1	1	0	0	0	1	0	0	0	0
APPLY	odoroki-momo-no-ki-shoutengai	おどろき!ももの木笑店街	おどろき!ももの木笑店街	3	3	1	2	1	0	0	0	0	0	0
APPLY	ohana-moyou-no-wanpiisu	お花もようのワンピース	お花もようのワンピース	1	1	1	0	0	0	1	0	0	0	0
APPLY	ohikkoshi-2007	おひっこし?	おひっこし?	1	1	1	0	0	0	1	0	0	0	0
APPLY	ohime-sama-no-himitsu	お姫様のひみつ	お姫様のひみつ	1	1	1	0	1	0	0	0	0	0	0
APPLY	ojou-sama-no-shimobe	お嬢様の僕	お嬢様の僕	18	18	1	17	0	1	0	0	0	0	0
APPLY	ojuken-ibuki-haitenshon	お受験キッズいぶき☆ハイテンション	お受験キッズ いぶき☆ハイテンション	1	1	1	0	1	0	0	0	0	0	0
APPLY	okaa-san-ga-isshokenmei	おかあさんがいっしょ	おかあさんがいっしょ	1	1	1	0	0	0	1	0	0	0	0
APPLY	okaiage	おかいあげ!	おかいあげ!	1	1	1	0	0	0	1	0	0	0	0
APPLY	okinawa-kessen	沖縄決戦	沖縄決戦 (漫画)	1	1	1	0	0	0	1	0	0	0	0
APPLY	okuda-tamio-ni-naritai-boy-deau-otoko-subete-kuruwaseru-girl	奥田民生になりたいボーイ出会う男すべて狂わせるガール	奥田民生になりたいボーイ 出会う男すべて狂わせるガール	1	1	1	0	0	0	1	0	0	0	0
APPLY	omotteta-yori-futsuu-desune	思ってたよりフツーですね	思ってたよりフツーですね	3	3	1	2	0	0	1	0	0	0	0
APPLY	omukae-desu	お迎えです。	お迎えです。	9	9	1	8	0	1	0	0	0	0	0
APPLY	onnoji	オンノジ	オンノジ	1	1	1	0	1	0	0	0	0	0	0
APPLY	onobori-monogatari	おのぼり物語	おのぼり物語	1	1	1	0	1	0	0	0	0	0	0
APPLY	onsen-yousei-hakone-chan	温泉幼精ハコネちゃん	温泉幼精ハコネちゃん	2	2	1	1	0	0	1	0	0	0	0
APPLY	oogakurafuto	オーガクラフト	オーガクラフト	2	2	1	1	0	1	0	0	0	0	0
APPLY	oppabu	おっぱ部!	おっぱ部!	4	4	1	3	0	0	1	0	0	0	0
APPLY	orange-kakumei	オレンジ革命	オレンジ革命 (漫画)	1	1	1	0	0	0	1	0	0	0	0
APPLY	ore-ga-akuma-de-aitsu-ga-yome-de	オレが悪魔で、アイツが嫁で。	オレが悪魔で、アイツが嫁で。	2	2	1	1	0	0	1	0	0	0	0
APPLY	ore-no-kanojo-ni-nanika-youkai	俺の彼女に何かようかい	俺の彼女に何かようかい	7	9	1	6	0	0	1	0	0	0	0
APPLY	osananajimi-wa-onnanoko-ni-naare	幼なじみは女の子になぁれ	幼なじみは女の子になぁれ	3	3	1	2	0	0	1	0	0	0	0
APPLY	oshaie-sommelier-oshako	おしゃ家ソムリエおしゃ子!	おしゃ家ソムリエおしゃ子!	1	1	1	0	1	0	0	0	0	0	0
APPLY	oshi-kimono	推し着物	推し着物	2	2	1	1	0	1	0	0	0	0	0
APPLY	ossu-mushikingu-ssu	オッス!ムシキングッス!!	オッス!ムシキングッス!!	1	1	1	0	1	0	0	0	0	0	0
APPLY	otoko-ga-otoko-o-aisuru-toki	男が男を愛する時	男が男を愛する時	1	1	1	0	1	0	0	0	0	0	0
APPLY	otokonoko-wa-meidofuku-ga-osuki	オトコのコはメイド服がお好き!?	オトコのコはメイド服がお好き!?	2	6	1	1	0	0	1	0	0	0	0
APPLY	otome-chelin	オトメシュラン	オトメシュラン	3	3	1	2	0	0	1	0	0	0	0
APPLY	otome-road	乙女道	乙女道	1	1	1	0	1	0	0	0	0	0	0
APPLY	ou-sama-wa-shougakusei	奥サマは小学生	奥サマは小学生	1	1	1	0	0	0	1	0	0	0	0
APPLY	oujitachi-wa-izonsuru	王子達は依存する	王子達は依存する	1	1	1	0	1	0	0	0	0	0	0
APPLY	ourouden	王狼伝	王狼伝	2	3	1	1	0	0	1	0	0	0	0
APPLY	owari-to-hajimari-no-miles	終わりと始まりのマイルス	終わりと始まりのマイルス	1	2	1	0	0	0	1	0	0	0	0
APPLY	oya-ga-urusai-node-kouhai-to-gisou-kekkon-shitemita	親がうるさいので後輩 (♀) と偽装結婚してみた。	親がうるさいので後輩(♀)と偽装結婚してみた。	1	1	1	0	1	0	0	0	0	0	0
APPLY	ozanari-kun	おざなり君	おざなり君	1	1	1	0	0	0	1	0	0	0	0
APPLY	p-p	P×P	P×P	1	1	1	0	0	1	0	0	0	0	0
APPLY	pan-musume	パンむすめ	パンむすめ	1	1	1	0	0	0	1	0	0	0	0
APPLY	paparoba	パパロバ	パパロバ	5	5	1	4	0	0	1	0	0	0	0
APPLY	para-dice	PARA★ダイス	PARA★ダイス	2	2	1	1	0	0	1	0	0	0	0
APPLY	paradise-residence	パラダイスレジデンス	パラダイスレジデンス	4	7	1	3	0	0	1	0	0	0	0
APPLY	pay-off	Pay Off	Pay off	1	1	1	0	0	0	1	0	0	0	0
APPLY	peach-boy-riverside	ピーチボーイリバーサイド	ピーチボーイリバーサイド	16	16	1	15	0	1	0	0	0	0	0
APPLY	penguin-no-mondai	ペンギンの問題	ペンギンの問題	15	20	1	14	0	0	1	0	0	0	0
APPLY	persona-tantei-naoto	ペルソナ×探偵NAOTO	ペルソナ×探偵NAOTO	2	3	1	1	0	0	1	0	0	0	0
APPLY	piano-doctor	ピアノドクター	ピアノドクター	2	2	1	1	0	0	1	0	0	0	0
APPLY	pineapple-mitai	パイナップルみたい	パイナップルみたい	1	2	1	0	1	0	0	0	0	0	0
APPLY	please-mr-postman	プリーズMr.ポストマン	プリーズMr.ポストマン	1	1	1	0	1	0	0	0	0	0	0
APPLY	pochi-gunsou	ぽち軍曹。	ぽち軍曹。	1	1	1	0	0	0	1	0	0	0	0
APPLY	poputepipikku	ポプテピピック	ポプテピピック	1	9	1	0	0	0	1	0	0	0	0
APPLY	private-dragon	プライベイト・ドラゴン	プライベイト・ドラゴン	2	2	1	1	0	1	0	0	0	0	0
APPLY	psycho-staff	サイコスタッフ	サイコスタッフ	1	1	1	0	0	0	1	0	0	0	0
APPLY	pure-mari	プレ・マリ	プレ♥マリ	3	3	1	2	0	0	1	0	0	0	0
APPLY	purikyuu	プリキュウ	プリキュウ	1	1	1	0	1	0	0	0	0	0	0
APPLY	radio-de-goo	ラジオでGO!	ラジオでGO!	3	3	1	2	1	0	0	0	0	0	0
APPLY	ragan-de-goo	裸眼でgo!	裸眼でGO!	1	1	1	0	1	0	0	0	0	0	0
APPLY	rakuen-node	楽園node	楽園Node	1	1	1	0	1	0	0	0	0	0	0
APPLY	red-sprite	レッドスプライト	レッドスプライト (漫画)	2	2	1	1	0	1	0	0	0	0	0
APPLY	red-yamamoto-2007	レッド	レッド (山本直樹)	8	17	1	7	0	0	1	0	0	0	0
APPLY	reiraku	零落	零落	1	1	1	0	1	0	0	0	0	0	0
APPLY	reset-man	リセットマン	リセットマン	2	2	1	1	0	0	1	0	0	0	0
APPLY	richou-angyouki	李朝・暗行記	李朝・暗行記	2	2	1	1	0	1	0	0	0	0	0
APPLY	rinjou	臨場	臨場	1	6	1	0	0	0	1	0	0	0	0
APPLY	rinne-no-lagrange	輪廻のラグランジェ	輪廻のラグランジェ	3	13	1	2	0	0	1	0	0	0	0
APPLY	rokku-up	ロックアップ	ロックアップ (漫画)	4	4	1	3	0	0	1	0	0	0	0
APPLY	romance-no-izumi	ロマンスの泉	ロマンスの泉	1	2	1	0	1	0	0	0	0	0	0
APPLY	ronri-shoujo	論理少女	論理少女	5	5	1	4	1	0	0	0	0	0	0
APPLY	royal-green	ロイヤルグリーン	ロイヤルグリーン	1	1	1	0	1	0	0	0	0	0	0
APPLY	runashii	るなしい	るなしい	5	5	1	4	0	1	0	0	0	0	0
APPLY	rust-blaster	Rust Blaster	Rust Blaster	1	1	1	0	1	0	0	0	0	0	0
APPLY	ruufasu-no-collection	ルーファスの収集品	ルーファスの収集品	1	1	1	0	1	0	0	0	0	0	0
APPLY	ryoko	RYOKO	RYOKO (漫画)	5	5	1	4	0	1	0	0	0	0	0
APPLY	ryou-sanpaku-to-shuku-eidai	梁山伯と祝英台	梁山伯と祝英台 (漫画)	2	2	1	1	0	1	0	0	0	0	0
APPLY	ryuuko-no-ken-2	龍虎の拳2	龍虎の拳2 (漫画)	2	2	1	1	1	0	0	0	0	0	0
APPLY	s-to-m-no-sekai	SとMの世界	SとMの世界	3	4	1	2	0	0	1	0	0	0	0
APPLY	sabaku-no-maou	沙漠の魔王	沙漠の魔王	1	1	1	0	0	0	1	0	0	0	0
APPLY	sabaku-no-shishi	砂漠の獅子	砂漠の獅子	1	1	1	0	1	0	0	0	0	0	0
APPLY	saigo-no-rakuen	最後の楽園	最後の楽園	1	1	1	0	0	0	1	0	0	0	0
APPLY	saigo-no-restaurant	最後のレストラン	最後のレストラン	23	23	1	22	0	0	1	0	0	0	0
APPLY	saikyou-mahou-shoujo-akira	最強魔法少女あきら	最強魔法少女あきら	1	1	1	0	0	0	1	0	0	0	0
APPLY	saitou-chiho-no-manga-academia	さいとうちほのまんがアカデミア	さいとうちほのまんがアカデミア	1	1	1	0	1	0	0	0	0	0	0
APPLY	saiyuuyuuki	西悠々記	西悠々記	2	2	1	1	0	0	1	0	0	0	0
APPLY	sakamichi-no-apollon	坂道のアポロン	坂道のアポロン	9	15	1	8	1	0	0	0	0	0	0
APPLY	sakura-kanzume	さくらかんづめ	さくらかんづめ	1	1	1	0	1	0	0	0	0	0	0
APPLY	sakurai-mei-no-tsukurikata	桜井芽衣の作り方	桜井芽衣の作り方	3	3	1	2	1	0	0	0	0	0	0
APPLY	samurai-sensei	サムライせんせい	サムライせんせい	8	8	1	7	0	0	1	0	0	0	0
APPLY	santetsu	さんてつ	さんてつ	1	1	1	0	0	0	1	0	0	0	0
APPLY	satsurikuhime	殺戮姫	殺戮姫	1	1	1	0	1	0	0	0	0	0	0
APPLY	sawatari-san-o-kouryakusuru-houhou	沢渡さんを攻略する方法	沢渡さんを攻略する方法	1	1	1	0	0	1	0	0	0	0	0
APPLY	sayonara-mini-skirt	さよならミニスカート	さよならミニスカート	4	4	1	3	0	1	0	0	0	0	0
APPLY	school-zone-ningiyau-2018	スクールゾーン	スクールゾーン (漫画)	5	5	1	4	1	0	0	0	0	0	0
APPLY	scramble-b	すくらんぶる-b!	すくらんぶる-b	4	4	1	3	1	0	0	0	0	0	0
APPLY	seihantai-na-kimi-to-boku	正反対な君と僕	正反対な君と僕	8	9	1	7	0	1	0	0	0	0	0
APPLY	seitokai-ga-oishiku-itadakimashita	※生徒会がおいしくいただきました。	※生徒会がおいしくいただきました。	1	1	1	0	1	0	0	0	0	0	0
APPLY	seken-no-hate-made	セケンノハテマデ	セケンノハテマデ	4	4	1	3	0	0	1	0	0	0	0
APPLY	sensei-anone-moketa-2012	センセイあのね?	センセイあのね?	2	2	1	1	0	0	1	0	0	0	0
APPLY	sensei-goshin-desu	せんせい、誤診です!	せんせい、誤診です!	1	1	1	0	0	0	1	0	0	0	0
APPLY	sensei-kanojo	先生彼女	先生彼女	1	1	1	0	1	0	0	0	0	0	0
APPLY	senshun-kansoku	浅春観測	浅春観測	3	3	1	2	1	0	0	0	0	0	0
APPLY	sentou-hawai	銭湯ハワイ	銭湯ハワイ	1	1	1	0	0	0	1	0	0	0	0
APPLY	servant-x-service	サーバント×サービス	サーバント×サービス	4	5	1	3	0	0	1	0	0	0	0
APPLY	sex-no-ato-otokonoko-no-ase-wa-hachimitsu-no-nioi-ga-suru	セックスのあと男の子の汗はハチミツのにおいがする	セックスのあと男の子の汗はハチミツのにおいがする	1	1	1	0	0	0	1	0	0	0	0
APPLY	shachiku-ga-isekai-ni-tobasareta-to-omottara-white-kigyou-datta	社畜が異世界に飛ばされたと思ったらホワイト企業だった	社畜が異世界に飛ばされたと思ったらホワイト企業だった	10	10	1	9	0	1	0	0	0	0	0
APPLY	shakunetsu-kabadi	灼熱カバディ	灼熱カバディ	31	31	1	30	0	1	0	0	0	0	0
APPLY	shaman-king-0	シャーマンキング0	シャーマンキング0	2	4	1	1	0	0	1	0	0	0	0
APPLY	shanai-marriage-honey	社内マリッジハニー	社内マリッジハニー	9	9	1	8	1	0	0	0	0	0	0
APPLY	shanghai-charlie	シャンハイチャーリー	シャンハイチャーリー	1	1	1	0	1	0	0	0	0	0	0
APPLY	shanguraddo-shinki	シャングラッド神紀	シャングラッド神紀	1	1	1	0	1	0	0	0	0	0	0
APPLY	share-kiss-love	シェアキスラブ	シェアキスラブ	2	2	1	1	1	0	0	0	0	0	0
APPLY	shibata-beekarii	しばたベーカリー	しばたベーカリー	5	5	1	4	0	0	1	0	0	0	0
APPLY	shibuyaku-maruyamachou	渋谷区円山町	渋谷区円山町	1	3	1	0	0	0	1	0	0	0	0
APPLY	shigaramin	シガラミン	シガラミン	1	1	1	0	0	0	1	0	0	0	0
APPLY	shiki-no-zenjitsu	式の前日	式の前日	1	1	1	0	0	0	1	0	0	0	0
APPLY	shimaman	しままん	しままん	2	2	1	1	0	0	1	0	0	0	0
APPLY	shinda-me-o-shita-shounen	死んだ目をした少年	死んだ目をした少年	1	2	1	0	0	0	1	0	0	0	0
APPLY	shinigami-minarai-otsukare-chan	死神見習!オツカレちゃん	死神見習!オツカレちゃん	2	2	1	1	1	0	0	0	0	0	0
APPLY	shinkon-no-iroha-san	新婚のいろはさん	新婚のいろはさん	9	9	1	8	0	1	0	0	0	0	0
APPLY	shino-chan-wa-jibun-no-namae-ga-ienai	志乃ちゃんは自分の名前が言えない	志乃ちゃんは自分の名前が言えない	1	1	1	0	0	0	1	0	0	0	0
APPLY	shinshi-to-shukujo-to-shounen-to	紳士と淑女と少年と	紳士と淑女と少年と	1	1	1	0	0	1	0	0	0	0	0
APPLY	shinyuu-to-watashi-no-sukina-hito	心友と私のスキな人	心友と私のスキな人	1	1	1	0	0	1	0	0	0	0	0
APPLY	shiritsusentaidaitenjin	市立戦隊ダイテンジン	市立戦隊ダイテンジン	1	1	1	0	1	0	0	0	0	0	0
APPLY	shiro-monogatari	城物語	城物語	1	1	1	0	0	0	1	0	0	0	0
APPLY	shirouto-av-joyuu	素人AV女優	素人AV女優	1	8	1	0	1	0	0	0	0	0	0
APPLY	shougakusei-host-pochi	小学生ホストポチ	小学生ホスト ポチ	1	1	1	0	0	0	1	0	0	0	0
APPLY	shoujo-tantei-kaneda-hajime-no-file	少女探偵金田はじめの事件簿	少女探偵 金田はじめの事件簿	1	1	1	0	1	0	0	0	0	0	0
APPLY	shounen-yo-guitar-o-dake	少年よギターを抱け	少年よギターを抱け	4	4	1	3	0	0	1	0	0	0	0
APPLY	shouri-no-megami-datte-yakyuu-shitai	勝利の女神だって野球したい!	勝利の女神だって野球したい!	1	1	1	0	0	0	1	0	0	0	0
APPLY	show-ha-shou-ten	ショーハショーテン!	ショーハショーテン!	11	11	1	10	0	1	0	0	0	0	0
APPLY	shunrai-table-tennis	春雷卓球	春雷卓球	1	1	1	0	0	1	0	0	0	0	0
APPLY	shuukan-watashi-no-kimoi-pet	週刊わたしのキモいペット	週刊わたしのキモいペット	1	1	1	0	0	0	1	0	0	0	0
APPLY	shuushokunan-zonbitori-girl	就職難!!ゾンビ取りガール	就職難!! ゾンビ取りガール	2	2	1	1	0	0	1	0	0	0	0
APPLY	siren-1991	SIREN	SIREN (漫画)	1	1	1	0	1	0	0	0	0	0	0
APPLY	skip-ad-iroha-chan	スキップAD!いろはちゃん	スキップAD! いろはちゃん	4	4	1	3	0	0	1	0	0	0	0
APPLY	slanleat	スローンラット	スローンラット	1	1	1	0	1	0	0	0	0	0	0
APPLY	sleeping-beauty-enomoto-2013	スリーピング・ビューティー	スリーピングビューティー (漫画)	3	3	1	2	0	0	1	0	0	0	0
APPLY	sono-bisque-doll-wa-koi-o-suru	その着せ替え人形は恋をする	その着せ替え人形は恋をする	15	25	1	14	0	1	0	0	0	0	0
APPLY	soodamura-no-sooda-san	ソーダ村のソーダさん。	ソーダ村のソーダさん。	1	1	1	0	1	0	0	0	0	0	0
APPLY	souko-book-gaido	草子ブックガイド	草子ブックガイド	3	3	1	2	0	0	1	0	0	0	0
APPLY	soul-eater-not	ソウルイーターノット!	ソウルイーターノット!	8	9	1	7	0	0	1	0	0	0	0
APPLY	soyokaze-teikuofu	そよ風テイクオフ	そよ風テイクオフ	2	2	1	1	1	0	0	0	0	0	0
APPLY	speed-master	スピードマスター	スピードマスター (漫画)	1	1	1	0	1	0	0	0	0	0	0
APPLY	spotlight	スポットライト	スポットライト (漫画)	3	3	1	2	0	0	1	0	0	0	0
APPLY	springs	Springs	SPRINGS	1	1	1	0	1	0	0	0	0	0	0
APPLY	sprout	スプラウト	スプラウト (漫画)	7	7	1	6	0	1	0	0	0	0	0
APPLY	stand-by-me-kakuemon	Stand by me描クえもん	Stand by me 描クえもん	2	2	1	1	1	0	0	0	0	0	0
APPLY	stigma-minekura-2000	Stigma	Stigma (漫画)	1	1	1	0	0	0	1	0	0	0	0
APPLY	strawberry-shortcakes	strawberry shortcakes	Strawberry shortcakes	1	1	1	0	0	0	1	0	0	0	0
APPLY	suizokukan-baka-ichidai	水族館バカ一代	水族館バカ一代	1	1	1	0	1	0	0	0	0	0	0
APPLY	suki-suki-daisuki-2002	すき❤すき❤だいすきっ	すき・すき・だいすきっ	1	2	1	0	1	0	0	0	0	0	0
APPLY	sumedo-jigoku-no-inferno	住めど地獄のインフェルノ	住めど地獄のインフェルノ	2	2	1	1	1	0	0	0	0	0	0
APPLY	sumouneko	すもうねこ	すもうねこ	1	5	1	0	0	0	1	0	0	0	0
APPLY	super-elegant	スーパーエレガント	スーパーエレガント	1	2	1	0	0	0	1	0	0	0	0
APPLY	super-ore-sama-rabu-story	スーパー俺様ラブストーリー	スーパー俺様ラブストーリー	1	1	1	0	1	0	0	0	0	0	0
APPLY	suzume-no-uta	すずめの唄	すずめの唄	1	1	1	0	1	0	0	0	0	0	0
APPLY	tada-no-mefure-desu	ただの飯フレです	ただの飯フレです	7	7	1	6	0	1	0	0	0	0	0
APPLY	taishou-otome-karte	大正乙女カルテ	大正 乙女カルテ	2	2	1	1	0	0	1	0	0	0	0
APPLY	takanashi-san	高梨さん	高梨さん	1	3	1	0	1	0	0	0	0	0	0
APPLY	tamanegi-tama-chan	たまねぎたまちゃん	たまねぎたまちゃん	1	2	1	0	0	1	0	0	0	0	0
APPLY	tanaka-kun-wa-itsumo-kedaruge	田中くんはいつもけだるげ	田中くんはいつもけだるげ	13	15	1	12	0	0	1	0	0	0	0
APPLY	tanizoko-lion	谷底ライオン	谷底ライオン	1	1	1	0	1	0	0	0	0	0	0
APPLY	tanpopo-no-watage	たんぽぽの綿毛	たんぽぽの綿毛	2	2	1	1	1	0	0	0	0	0	0
APPLY	tenchi-souzou-dezainbu	天地創造デザイン部	天地創造デザイン部	9	11	1	8	0	1	0	0	0	0	0
APPLY	tengoku-no-kippu	天国の切符	天国の切符	1	1	1	0	0	1	0	0	0	0	0
APPLY	tenkensai	天顕祭	天顕祭	1	1	1	0	0	0	1	0	0	0	0
APPLY	tennen-kurukuru-panda	天然くるくるパンダ	天然くるくるパンダ	1	2	1	0	0	0	1	0	0	0	0
APPLY	tennen-shoujo-man	天然少女萬	天然少女 萬	20	21	1	19	1	0	0	0	0	0	0
APPLY	tennootoko	天の男	天の男	1	1	1	0	0	0	1	0	0	0	0
APPLY	tennouji-san-wa-bodoge-ga-shitai	天王寺さんはボドゲがしたい	天王寺さんはボドゲがしたい	4	4	1	3	1	0	0	0	0	0	0
APPLY	tetsumoto	鉄本	鉄本	1	1	1	0	0	0	1	0	0	0	0
APPLY	tetsuota-shoujo	鉄ヲタ少女	鉄ヲタ少女	1	2	1	0	1	0	0	0	0	0	0
APPLY	tight-rope	タイトロープ	タイトロープ (夏目イサクの漫画)	1	2	1	0	1	0	0	0	0	0	0
APPLY	tiji-kun	ティジクン!	ティジクン!	3	3	1	2	0	0	1	0	0	0	0
APPLY	toki-nazumi-futari-nazumu	時なずみ、二人なずむ。	時なずみ、二人なずむ。	1	1	1	0	1	0	0	0	0	0	0
APPLY	toki-no-tenjouin	時の添乗員	時の添乗員	1	1	1	0	0	0	1	0	0	0	0
APPLY	tokidamari-no-hime	刻だまりの姫	刻だまりの姫	2	2	1	1	0	0	1	0	0	0	0
APPLY	tokyo-alice	東京アリス	東京アリス (稚野鳥子の漫画)	15	18	1	14	0	0	1	0	0	0	0
APPLY	tokyo-konchuu-musume	東京昆虫ムスメ	東京昆虫ムスメ	1	1	1	0	1	0	0	0	0	0	0
APPLY	tomatoipuu-no-lycopene	トマトイプーのリコピン	トマトイプーのリコピン	10	10	1	9	0	1	0	0	0	0	0
APPLY	tonari-no-danna-sama	となりのだんな様	となりのだんな様	1	1	1	0	0	0	1	0	0	0	0
APPLY	tonari-no-hijiri-kun	となりの聖くん	となりの聖くん	1	2	1	0	1	0	0	0	0	0	0
APPLY	torch-song-ecology	トーチソング・エコロジー	トーチソング・エコロジー	3	3	1	2	0	0	1	0	0	0	0
APPLY	toridori-kotori	とりどりことり	とりどりことり	3	3	1	2	0	0	1	0	0	0	0
APPLY	torikae-baya	とりかえ・ばや	とりかえ・ばや	13	13	1	12	0	0	1	0	0	0	0
APPLY	toujima-tanzaburou-wa-kamen-rider-ni-naritai	東島丹三郎は仮面ライダーになりたい	東島丹三郎は仮面ライダーになりたい	18	18	1	17	0	1	0	0	0	0	0
APPLY	tsubakiiro-ballad	椿色バラッド	椿色バラッド	3	3	1	2	0	0	1	0	0	0	0
APPLY	tsuiraku-nisshi	墜落日誌	墜落日誌	1	5	1	0	0	0	1	0	0	0	0
APPLY	tsuki-to-mizuumi	月と湖	月と湖	1	1	1	0	1	0	0	0	0	0	0
APPLY	tsukuritai-onna-to-tabetai-onna	作りたい女と食べたい女	作りたい女と食べたい女	6	6	1	5	0	1	0	0	0	0	0
APPLY	tsureneko-maruru-to-hachi	ツレ猫マルルとハチ	ツレ猫 マルルとハチ	6	6	1	5	0	1	0	0	0	0	0
APPLY	tsuukai-suzuran-doori	痛快すずらん通り	痛快すずらん通り	1	2	1	0	1	0	0	0	0	0	0
APPLY	twinkle-kitchen	トゥインクル☆キッチン	トゥインクル☆キッチン	1	1	1	0	1	0	0	0	0	0	0
APPLY	u19	U19	U19 (漫画)	3	3	1	2	0	1	0	0	0	0	0
APPLY	umimachi-diary	海街diary	海街diary	9	11	1	8	0	0	1	0	0	0	0
APPLY	uncassandra	アンカサンドラ	アンカサンドラ	2	2	1	1	1	0	0	0	0	0	0
APPLY	undead-inoe-2008	アンデッド	アンデッド (漫画)	1	1	1	0	0	0	1	0	0	0	0
APPLY	urami-koi-koi-urami-koi	恨み来、恋、恨み恋。	恨み来、恋、恨み恋。	12	12	1	11	0	0	1	0	0	0	0
APPLY	usa	USA	USA (漫画)	3	3	1	2	1	0	0	0	0	0	0
APPLY	utau-heddofonmusume	歌うヘッドフォン娘	歌うヘッドフォン娘	1	1	1	0	1	0	0	0	0	0	0
APPLY	utsubora	ウツボラ	ウツボラ	2	2	1	1	0	0	1	0	0	0	0
APPLY	vinland-saga	ヴィンランド・サガ	ヴィンランド・サガ	29	35	1	28	0	1	0	0	0	0	0
APPLY	violence-action	バイオレンスアクション	バイオレンスアクション	7	7	1	6	0	1	0	0	0	0	0
APPLY	virgin-rope	バージン・ロープ	バージン・ロープ	1	1	1	0	1	0	0	0	0	0	0
APPLY	vlad-dracula	ヴラド・ドラクラ	ヴラド・ドラクラ	10	10	1	9	0	1	0	0	0	0	0
APPLY	void-nanatsuki-2009	VOID	VOID (漫画)	1	1	1	0	0	0	1	0	0	0	0
APPLY	vs-otomegumi	VS.乙女組	VS.乙女組	1	1	1	0	0	1	0	0	0	0	0
APPLY	wabiremono	わびれもの	わびれもの	1	2	1	0	0	0	1	0	0	0	0
APPLY	wadachi	ワダチ	ワダチ	1	2	1	0	0	0	1	0	0	0	0
APPLY	wadaiko-girls	和太鼓†ガールズ	和太鼓†ガールズ	2	2	1	1	0	0	1	0	0	0	0
APPLY	wagatomo-frankenstein	わが友フランケンシュタイン	わが友フランケンシュタイン	1	2	1	0	0	0	1	0	0	0	0
APPLY	warabe-no-kusa	童の草	童の草	1	1	1	0	0	0	1	0	0	0	0
APPLY	watashi-no-hibi	わたしの日々	わたしの日々	1	2	1	0	1	0	0	0	0	0	0
APPLY	watashi-no-ookami-san	わたしの狼さん。	わたしの狼さん。	1	2	1	0	0	0	1	0	0	0	0
APPLY	watashi-no-tame-ni-nuginasaitsu	わたしのために脱ぎなさいっ!	わたしのために脱ぎなさいっ!	9	9	1	8	0	1	0	0	0	0	0
APPLY	watashitachi-5nin-5-mai-desu	わたしたち、5人姉妹です。	わたしたち、5人姉妹です。	2	2	1	1	1	0	0	0	0	0	0
APPLY	yabusaka-dewa-gozaimasen	やぶさかではございません	やぶさかではございません	5	5	1	4	0	1	0	0	0	0	0
APPLY	yagyuu-hijouken-samon	柳生非情剣SAMON	柳生非情剣 SAMON	1	1	1	0	0	0	1	0	0	0	0
APPLY	yakushoku-disutopiari	役職ディストピアリ	役職ディストピアリ	5	6	1	4	0	0	1	0	0	0	0
APPLY	yamato-nadeshiko-doumei	やまとなでしこ同盟	やまとなでしこ同盟	1	1	1	0	0	0	1	0	0	0	0
APPLY	yamikintsu-ushijimakyun	やみきんっうしじまきゅん	やみきんっ・うしじまきゅん	2	2	1	1	1	0	0	0	0	0	0
APPLY	yankee-shota-to-wotaku-onee-san	ヤンキーショタとオタクおねえさん	ヤンキーショタとオタクおねえさん	7	7	1	6	0	0	1	0	0	0	0
APPLY	yarisugi-konpanion-to-atashi-monogatari	やりすぎコンパニオンとアタシ物語	やりすぎコンパニオンとアタシ物語	1	1	1	0	0	0	1	0	0	0	0
APPLY	yasashii-sekai-no-tsukurikata	やさしいセカイのつくりかた	やさしいセカイのつくりかた	6	6	1	5	1	0	0	0	0	0	0
APPLY	yasashii-tatsu-no-koroshikata	やさしい竜の殺し方	やさしい竜の殺し方	5	20	1	4	0	0	1	0	0	0	0
APPLY	yat-anshin-uchuu-ryokou	YAT安心!宇宙旅行	YAT安心!宇宙旅行	1	1	1	0	1	0	0	0	0	0	0
APPLY	yoku-chan-no-toonkigou	翼ちゃんのト音記号	翼ちゃんのト音記号	1	1	1	0	0	0	1	0	0	0	0
APPLY	yome-haimu	よめはいむ	よめはいむ	1	1	1	0	0	0	1	0	0	0	0
APPLY	yoru-no-suniikaa	夜のスニーカー	夜のスニーカー	1	1	1	0	0	0	1	0	0	0	0
APPLY	young-fine	YOUNG＆FINE	YOUNG&FINE (漫画)	1	4	1	0	1	0	0	0	0	0	0
APPLY	yuka-nisshi	ゆかにっし	ゆかにっし	1	2	1	0	0	0	1	0	0	0	0
APPLY	yukinko	雪ん子!!	雪ん子!!	1	1	1	0	1	0	0	0	0	0	0
APPLY	yume-de-furarete-hajimaru-yuri	夢でフラれてはじまる百合	夢でフラれてはじまる百合	4	4	1	3	1	0	0	0	0	0	0
APPLY	yume-no-shizuku-kin-no-torikago	夢の雫、黄金の鳥籠	夢の雫、黄金の鳥籠	20	20	1	19	0	1	0	0	0	0	0
APPLY	yumemiru-koto	夢見る古都	夢見る古都	1	1	1	0	0	0	1	0	0	0	0
APPLY	yuri-ni-hasamaru-otoko-wa-shineba-ii	百合にはさまる男は死ねばいい!?	百合にはさまる男は死ねばいい!?	7	7	1	6	0	1	0	0	0	0	0
APPLY	yuunagi-no-machi-sakura-no-kuni	夕凪の街桜の国	夕凪の街 桜の国	2	3	1	1	0	0	1	0	0	0	0
APPLY	zaako-zako-zako-zako-sensei	ざーこざこざこざこ先生	ざーこざこざこざこ先生	6	6	1	5	0	1	0	0	0	0	0
APPLY	zekureatoru-kami-manga-senki	ゼクレアトル 神マンガ戦記	ゼクレアトル〜神マンガ戦記〜	4	4	1	3	0	0	1	0	0	0	0
APPLY	zenryoku-usagi	全力ウサギ	全力ウサギ	4	6	1	3	0	0	1	0	0	0	0
APPLY	zerosen	ゼロセン	ゼロセン (漫画)	8	8	1	7	0	0	1	0	0	0	0
APPLY	zettai-kakusei-tenshi-misutoresu-fortune	絶対覚醒天使ミストレス☆フォーチュン	絶対覚醒天使ミストレス☆フォーチュン	1	1	1	0	0	1	0	0	0	0	0
APPLY	zipang-shinsou-kairyuu	ジパング深蒼海流	ジパング 深蒼海流	23	23	1	22	0	0	1	0	0	0	0
APPLY	zombie-heroine-to-akuninzura-no-hage	ゾンビヒロインと悪人面のハゲ	ゾンビヒロインと悪人面のハゲ	3	3	1	2	1	0	0	0	0	0	0
APPLY	zombie-men	ZOMBIE MEN	ZOMBIEMEN	1	1	1	0	0	0	1	0	0	0	0
APPLY	zutto-saki-no-hanashi	ずっと先の話	ずっと先の話	1	1	1	0	0	0	1	0	0	0	0
SKIP_PAGE	oishinbo	美味しんぼ	美味しんぼ	187	242	151	35	151	0	0	0	0	1	0
SKIP_PAGE	haguregumo	浮浪雲	浮浪雲	120	114	112	0	112	0	0	0	0	8	0
SKIP_PAGE	shizukanaru-don	静かなるドン	静かなるドン	162	202	108	38	106	1	1	16	0	0	0
SKIP_PAGE	abu-san	あぶさん	あぶさん	107	108	104	1	104	0	0	0	2	0	0
SKIP_PAGE	onihei-hankachou	鬼平犯科帳	鬼平犯科帳	270	328	90	140	0	0	90	14	0	0	26
SKIP_PAGE	edomae-no-shun-ginzayanagisushisandaime	江戸前の旬	江戸前の旬	133	159	86	44	55	5	26	1	0	2	0
SKIP_PAGE	kaze-no-daichi	風の大地	風の大地	97	84	83	1	83	0	0	0	0	13	0
SKIP_PAGE	mogura-no-uta	土竜の唄	土竜の唄	95	105	83	11	78	5	0	0	1	0	0
SKIP_PAGE	soumubu-soumuka-yamaguchi-roppeeta	総務部総務課山口六平太	総務部総務課山口六平太	81	81	77	2	77	0	0	0	2	0	0
SKIP_PAGE	major	MAJOR	MAJOR	78	91	76	1	62	14	0	0	0	1	0
SKIP_PAGE	inochi-no-utsuwa	いのちの器	いのちの器	139	139	72	35	55	9	8	32	0	0	0
SKIP_PAGE	tasogare-ryuuseigun	黄昏流星群	黄昏流星群	93	78	71	6	71	0	0	0	1	15	0
SKIP_PAGE	futari-etchi	ふたりエッチ	ふたりエッチ	95	102	67	15	31	0	36	3	10	0	0
SKIP_PAGE	meshibanakeijitachibana	めしばな刑事タチバナ	めしばな刑事タチバナ	60	64	57	2	51	0	6	0	1	0	0
SKIP_PAGE	zipang	ジパング	ジパング (漫画)	65	65	55	5	0	0	55	0	5	0	0
SKIP_PAGE	inuyasha	犬夜叉	犬夜叉	56	87	53	0	45	8	0	0	3	0	0
SKIP_PAGE	tetsuwan-atom	鉄腕アトム	鉄腕アトム	116	250	50	28	0	0	50	1	21	16	0
SKIP_PAGE	shijou-saikyou-no-deshi-kenichi	史上最強の弟子ケンイチ	史上最強の弟子ケンイチ	61	80	48	10	23	22	3	2	1	0	0
SKIP_PAGE	patalliro	パタリロ!	パタリロ!	150	104	47	18	2	3	42	0	2	46	37
SKIP_PAGE	kariage-kun	かりあげクン	かりあげクン	69	132	46	18	33	1	12	0	5	0	0
SKIP_PAGE	tsukiji-uogashi-sandaime	築地魚河岸三代目	築地魚河岸三代目	42	42	41	0	41	0	0	0	1	0	0
SKIP_PAGE	beck	BECK	BECK (漫画)	68	74	40	23	0	38	2	0	0	5	0
SKIP_PAGE	g-defend	G・defend	G・DEFEND	102	84	40	0	0	0	40	0	0	62	0
SKIP_PAGE	komatta-toki-niwa-hoshi-ni-kike	困った時には星に聞け!	困った時には星に聞け!	42	42	39	0	0	0	39	0	3	0	0
SKIP_PAGE	mukoubuchi	むこうぶち	むこうぶち	66	71	39	12	38	1	0	15	0	0	0
SKIP_PAGE	kyou-kara-ore-wa	今日から俺は!!	今日から俺は!!	74	56	38	18	38	0	0	0	0	18	0
SKIP_PAGE	sora-wa-akai-kawa-no-hotori	天は赤い河のほとり	天は赤い河のほとり	44	54	36	6	36	0	0	0	2	0	0
SKIP_PAGE	dokaben-super-sutaazuhen	ドカベン スーパースターズ編	ドカベン スーパースターズ編	53	67	35	0	24	3	8	0	18	0	0
SKIP_PAGE	chiruran-shinsengumi-requiem	ちるらん新撰組鎮魂歌	ちるらん 新撰組鎮魂歌	36	35	34	0	34	0	0	0	1	1	0
SKIP_PAGE	tokimeki-tonight	ときめきトゥナイト	ときめきトゥナイト	46	82	34	7	0	32	2	0	2	3	0
SKIP_PAGE	yowamushi-pedal	弱虫ペダル	弱虫ペダル	102	122	34	42	1	32	1	0	21	5	0
SKIP_PAGE	haamerun-no-baiorinhiki	ハーメルンのバイオリン弾き	ハーメルンのバイオリン弾き	37	46	33	1	33	0	0	1	0	2	0
SKIP_PAGE	mobile-keisatsu-patlabor	機動警察パトレイバー	機動警察パトレイバー	44	58	33	0	33	0	0	0	0	11	0
SKIP_PAGE	shoot	シュート!	シュート!	49	153	33	0	0	0	33	15	1	0	0
SKIP_PAGE	angel-heart	エンジェル・ハート	エンジェル・ハート	33	52	32	0	0	0	32	1	0	0	0
SKIP_PAGE	nichiro-sensou-monogatari	日露戦争物語	日露戦争物語	34	35	31	0	22	0	9	3	0	0	0
SKIP_PAGE	urayasu-tekkin-kazoku	浦安鉄筋家族	浦安鉄筋家族	46	143	31	0	20	0	11	5	10	0	0
SKIP_PAGE	dokaben-puroyakyuuhen	ドカベン プロ野球編	ドカベン プロ野球編	77	77	29	1	27	0	2	25	6	1	15
SKIP_PAGE	h2	H2	H2 (漫画)	71	71	29	38	0	0	29	0	4	0	0
SKIP_PAGE	salaryman-kintarou	サラリーマン金太郎	サラリーマン金太郎	50	46	29	1	0	0	29	0	0	20	0
SKIP_PAGE	seito-sho-kun-kyoushi-hen	生徒諸君!教師編	生徒諸君!教師編	35	36	29	1	0	0	29	4	0	1	0
SKIP_PAGE	chiisana-koi-no-monogatari	小さな恋のものがたり	小さな恋のものがたり	60	44	27	3	0	0	27	6	0	24	0
SKIP_PAGE	dokaben-doriimutoonamentohen	ドカベン ドリームトーナメント編	ドカベン ドリームトーナメント編	34	58	27	4	0	24	3	0	3	0	0
SKIP_PAGE	gekkou-jourei	月光条例	月光条例	29	29	27	1	0	27	0	0	1	0	0
SKIP_PAGE	karneval	カーニヴァル	カーニヴァル (漫画)	28	36	27	0	27	0	0	0	0	1	0
SKIP_PAGE	king-golf	KING GOLF	KING GOLF	44	44	27	16	0	27	0	0	1	0	0
SKIP_PAGE	shuujin-riku	囚人リク	囚人リク	38	41	27	3	0	23	4	1	7	0	0
SKIP_PAGE	shuumatsu-no-valkyrie	終末のワルキューレ	終末のワルキューレ	29	57	27	1	26	1	0	0	0	1	0
SKIP_PAGE	arakure-knight	荒くれKNIGHT	荒くれKNIGHT	28	98	26	0	23	0	3	0	2	0	0
SKIP_PAGE	black-jack	ブラック・ジャック	ブラック・ジャック	109	135	26	20	13	0	13	12	48	0	3
SKIP_PAGE	donketsu	ドンケツ	ドンケツ	28	59	26	1	22	0	4	0	0	1	0
SKIP_PAGE	hachiwan-diver	ハチワンダイバー	ハチワンダイバー	35	35	26	0	0	0	26	9	0	0	0
SKIP_PAGE	kimi-ni-todoke	君に届け	君に届け	30	69	26	2	0	26	0	0	2	0	0
SKIP_PAGE	ekuseru-saga	エクセル❤サーガ	エクセル・サーガ	27	27	25	1	23	0	2	0	1	0	0
SKIP_PAGE	gang-king	ギャングキング	ギャングキング	64	65	25	37	0	0	25	0	2	0	0
SKIP_PAGE	hayate-no-gotoku	ハヤテのごとく!	ハヤテのごとく!	53	86	25	15	10	6	9	1	11	1	0
SKIP_PAGE	mobuko-no-koi	モブ子の恋	モブ子の恋	26	25	25	0	25	0	0	0	0	1	0
SKIP_PAGE	ouke-no-monshou	王家の紋章	王家の紋章	98	101	25	9	12	6	7	14	49	1	0
SKIP_PAGE	shiawasenojikan	幸せの時間	幸せの時間	44	63	25	15	4	0	21	0	0	4	0
SKIP_PAGE	tetsu-no-linebarrels	鉄のラインバレル	鉄のラインバレル	26	46	25	0	25	0	0	0	1	0	0
SKIP_PAGE	yakitate-japan	焼きたて!!ジャぱん	焼きたて!!ジャぱん	26	31	25	0	25	0	0	0	1	0	0
SKIP_PAGE	amai-seikatsu	甘い生活	甘い生活 (漫画)	52	59	24	12	0	2	22	0	4	12	0
SKIP_PAGE	chinmoku-no-kantai	沈黙の艦隊	沈黙の艦隊	59	75	24	0	1	0	23	33	2	0	0
SKIP_PAGE	clover	クローバー	クローバー (平川哲弘の漫画)	43	43	24	0	6	18	0	0	19	0	0
SKIP_PAGE	amatsuki	あまつき	あまつき	24	26	23	0	23	0	0	0	0	1	0
SKIP_PAGE	rave	Rave	RAVE (漫画)	54	35	23	12	0	0	23	0	0	19	0
SKIP_PAGE	the-chef	ザ・シェフ	ザ・シェフ	51	41	23	0	1	0	22	0	18	10	0
SKIP_PAGE	gorilla-man	ゴリラーマン	ゴリラーマン	48	73	22	3	0	0	22	23	0	0	0
SKIP_PAGE	kaiouki	海皇紀	海皇紀	67	69	22	37	0	22	0	6	1	1	0
SKIP_PAGE	kareshi-kanojo-no-jijou	彼氏彼女の事情	彼氏彼女の事情	31	32	22	8	0	0	22	0	0	1	0
SKIP_PAGE	kenran-taru-grand-seenu	絢爛たるグランドセーヌ	絢爛たるグランドセーヌ	30	30	22	7	19	3	0	0	0	1	0
SKIP_PAGE	koori-no-mamono-no-monogatari	氷の魔物の物語	氷の魔物の物語	24	38	22	0	0	0	22	0	2	0	0
SKIP_PAGE	madonna	マドンナ	マドンナ (漫画)	29	22	22	0	22	0	0	0	0	7	0
SKIP_PAGE	radical-hospital	ラディカル・ホスピタル	ラディカル・ホスピタル	43	42	22	17	0	2	20	1	1	2	0
SKIP_PAGE	super-doctor-k	スーパードクターK	スーパードクターK	66	81	22	0	0	0	22	44	0	0	0
SKIP_PAGE	usogui	嘘喰い	嘘喰い	49	50	22	0	0	0	22	27	0	0	0
SKIP_PAGE	hyakki-yagyou-show	百鬼夜行抄	百鬼夜行抄	53	85	21	14	0	2	19	17	0	1	0
SKIP_PAGE	koucha-ouji	紅茶王子	紅茶王子	37	51	21	0	0	0	21	1	15	0	0
SKIP_PAGE	mobile-suit-gundam-aguressaa	機動戦士ガンダムアグレッサー	機動戦士ガンダム アグレッサー	24	23	21	1	15	6	0	1	0	1	0
SKIP_PAGE	namikibashidooriaobajitenshaten	並木橋通りアオバ自転車店	並木橋通りアオバ自転車店	32	87	21	0	20	0	1	10	0	1	0
SKIP_PAGE	ooi-tonbo	オーイ!とんぼ	オーイ! とんぼ	64	64	21	38	11	8	2	4	1	0	0
SKIP_PAGE	slam-dunk	SLAM DUNK	SLAM DUNK	75	82	21	41	0	1	20	8	5	0	0
SKIP_PAGE	tetsujin-28-gou	鉄人28号	鉄人28号	42	35	21	2	0	0	21	0	0	19	0
SKIP_PAGE	yamikin-ushijima-kun-gaiden-nikumamushi-densetsu	闇金ウシジマくん外伝肉蝮伝説	闇金ウシジマくん外伝 肉蝮伝説	26	25	21	4	21	0	0	0	0	1	0
SKIP_PAGE	akatsuki-no-yona	暁のヨナ	暁のヨナ	47	49	20	24	0	20	0	0	2	1	0
SKIP_PAGE	dokaben	ドカベン	ドカベン	72	101	20	0	7	0	13	18	30	1	3
SKIP_PAGE	hitomi-sensei-no-hokenshitsu	ヒトミ先生の保健室	ヒトミ先生の保健室	21	21	20	0	20	0	0	0	1	0	0
SKIP_PAGE	hokuto-no-ken	北斗の拳	北斗の拳	46	151	20	20	1	15	4	6	0	0	0
SKIP_PAGE	jesus	ジーザス	ジーザス (漫画)	27	20	20	0	20	0	0	0	0	7	0
SKIP_PAGE	kaze-hikaru	風光る	風光る (七三太朗・川三番地の漫画)	57	65	20	8	0	0	20	23	6	0	0
SKIP_PAGE	kinnikuman	キン肉マン	キン肉マン	112	209	20	30	0	17	3	18	0	1	43
SKIP_PAGE	pandora-hearts	Pandora hearts	PandoraHearts	24	32	20	3	9	0	11	0	0	1	0
SKIP_PAGE	aa-megami-sama	ああっ女神さまっ	ああっ女神さまっ	48	85	19	27	0	0	19	2	0	0	0
SKIP_PAGE	arte	アルテ	アルテ (漫画)	22	21	19	1	19	0	0	0	1	1	0
SKIP_PAGE	circuit-no-ookami	サーキットの狼	サーキットの狼	30	32	19	10	0	0	19	0	0	1	0
SKIP_PAGE	eden-no-tohoku	エデンの東北	エデンの東北	21	24	19	1	18	0	1	0	1	0	0
SKIP_PAGE	fruits-basket	フルーツバスケット	フルーツバスケット (漫画)	23	46	19	0	0	0	19	0	4	0	0
SKIP_PAGE	hana-no-deka	花の慶次	花の慶次	61	124	19	20	0	7	12	22	0	0	0
SKIP_PAGE	iketerufutari	イケてる2人	イケてる2人	33	43	19	4	0	0	19	4	6	0	0
SKIP_PAGE	kurokouchi	クロコーチ	クロコーチ	23	23	19	3	18	0	1	0	1	0	0
SKIP_PAGE	magi	マギ	マギ (漫画)	37	62	19	8	0	18	1	0	9	1	0
SKIP_PAGE	ningen-kousaten	人間交差点	人間交差点	46	46	19	0	19	0	0	0	0	0	27
SKIP_PAGE	rokudenashi-blues	ろくでなしblues	ろくでなしBLUES	67	67	19	42	0	5	14	0	6	0	0
SKIP_PAGE	shoujiki-fudou-san	正直不動産	正直不動産	25	26	19	5	18	1	0	0	0	1	0
SKIP_PAGE	skip-beat	スキップ・ビート!	スキップ・ビート!	53	55	19	9	0	18	1	0	23	2	0
SKIP_PAGE	ushio-to-tora	うしおととら	うしおととら	70	86	19	12	19	0	0	0	21	18	0
SKIP_PAGE	hikaru-no-go	ヒカルの碁	ヒカルの碁	55	67	18	29	0	0	18	8	0	0	0
SKIP_PAGE	koukou-debut	高校デビュー	高校デビュー	23	32	18	0	0	10	8	0	5	0	0
SKIP_PAGE	pazurugeemuhaisukuuru	パズルゲーム☆はいすくーる	パズルゲーム☆はいすくーる	52	55	18	0	0	0	18	0	0	34	0
SKIP_PAGE	samurai-deeper-kyo	SAMURAI DEEPER KYO	SAMURAI DEEPER KYO	55	58	18	36	0	0	18	0	0	1	0
SKIP_PAGE	seishokuki	性食鬼	性食鬼	24	30	18	5	15	3	0	0	0	1	0
SKIP_PAGE	adekan	艶漢	艶漢	21	22	17	0	16	0	1	4	0	0	0
SKIP_PAGE	dai-koshien	大甲子園	大甲子園	43	53	17	2	16	1	0	17	7	0	0
SKIP_PAGE	daichouhen-doraemon	大長編ドラえもん	大長編ドラえもん	41	59	17	0	17	0	0	0	24	0	0
SKIP_PAGE	ganbare-kickers	がんばれ!キッカーズ	がんばれ!キッカーズ	20	28	17	1	17	0	0	0	2	0	0
SKIP_PAGE	jitsu-wa-watashi-wa	実は私は	実は私は	22	22	17	0	0	17	0	1	3	1	0
SKIP_PAGE	monster	Monster	MONSTER (漫画)	18	27	17	0	17	0	0	0	0	1	0
SKIP_PAGE	nekomusume-michikusa-nikki	ねこむすめ道草日記	ねこむすめ道草日記	20	18	17	0	13	0	4	0	1	2	0
SKIP_PAGE	sakura-tsuushin	桜通信	桜通信	20	22	17	0	17	0	0	1	2	0	0
SKIP_PAGE	salad-days	SALAD DAYS	SALAD DAYS	18	20	17	0	17	0	0	0	1	0	0
SKIP_PAGE	black-cat	Black cat	BLACK CAT	32	35	16	0	0	0	16	16	0	0	0
SKIP_PAGE	chibi-maruko-chan	ちびまる子ちゃん	ちびまる子ちゃん	28	34	16	2	0	16	0	0	0	10	0
SKIP_PAGE	football-nation	フットボールネーション	フットボールネーション	20	20	16	2	15	1	0	0	1	1	0
SKIP_PAGE	freezing	フリージング	フリージング (漫画)	33	36	16	5	11	0	5	2	0	10	0
SKIP_PAGE	haruka-too-ki-kuni-no-mono-gatari	はるか遠き国の物語	はるか遠き国の物語	27	27	16	0	16	0	0	0	0	11	0
SKIP_PAGE	hayate-cross-blade	はやて×ブレード	はやて×ブレード	18	32	16	1	0	0	16	1	0	0	0
SKIP_PAGE	junjou-romantica	純情ロマンチカ	純情ロマンチカ	31	45	16	6	15	0	1	1	6	2	0
SKIP_PAGE	kaichou-wa-maid-sama	会長はメイド様!	会長はメイド様!	18	21	16	1	0	16	0	0	1	0	0
SKIP_PAGE	kyoushirou-2030	狂四郎2030	狂四郎2030	34	34	16	10	0	0	16	8	0	0	0
SKIP_PAGE	naniwa-kinyuudou	ナニワ金融道	ナニワ金融道	35	19	16	0	0	0	16	0	3	16	0
SKIP_PAGE	omake-no-kobayashi-kun	おまけの小林クン	おまけの小林クン	24	31	16	1	0	0	16	7	0	0	0
SKIP_PAGE	shin-naniwa-kinyuudou	新ナニワ金融道	新ナニワ金融道	20	42	16	2	0	0	16	2	0	0	0
SKIP_PAGE	shinju-no-nectar	神呪のネクタール	神呪のネクタール	21	20	16	4	12	4	0	0	0	1	0
SKIP_PAGE	tenjou-tenge	天上天下	天上天下	22	22	16	0	0	0	16	6	0	0	0
SKIP_PAGE	captain	キャプテン	キャプテン (漫画)	41	86	15	24	0	15	0	0	0	0	2
SKIP_PAGE	deimosu-no-hanayome	悪魔の花嫁	悪魔の花嫁	40	48	15	4	15	0	0	9	3	0	9
SKIP_PAGE	e-s	E'S	E'S	16	33	15	0	11	0	4	0	0	1	0
SKIP_PAGE	harigane-service	ハリガネサービス	ハリガネサービス	24	59	15	8	0	15	0	1	0	0	0
SKIP_PAGE	imuri	イムリ	イムリ	26	25	15	9	15	0	0	0	1	1	0
SKIP_PAGE	kimagure-orange-road	きまぐれオレンジ☆ロード	きまぐれオレンジ☆ロード	28	26	15	2	0	14	1	0	1	10	0
SKIP_PAGE	kougyou-aika-volley-boys	工業哀歌バレーボーイズ	工業哀歌バレーボーイズ	50	50	15	0	0	0	15	34	0	1	0
SKIP_PAGE	liar-game	LIAR GAME	LIAR GAME	25	21	15	0	0	0	15	4	0	6	0
SKIP_PAGE	nipponichi-no-otoko-no-tamashii	日本一の男の魂	日本一の男の魂	19	19	15	1	15	0	0	3	0	0	0
SKIP_PAGE	outer-zone	アウターゾーン	アウターゾーン	25	35	15	1	0	5	10	0	9	0	0
SKIP_PAGE	tsuki-ni-murakumo-hana-ni-kaze	月に叢雲花に風	月に叢雲 花に風	16	16	15	0	14	0	1	0	1	0	0
SKIP_PAGE	tsurikichi-sanpei	釣りキチ三平	釣りキチ三平	81	279	15	59	0	0	15	0	0	0	7
SKIP_PAGE	yakumo-tatsu	八雲立つ	八雲立つ	29	53	15	2	0	0	15	7	5	0	0
SKIP_PAGE	akagami-no-shirayukihime	赤髪の白雪姫	赤髪の白雪姫	27	28	14	9	1	13	0	0	0	4	0
SKIP_PAGE	asobi-asobase	あそびあそばせ	あそびあそばせ	15	15	14	0	14	0	0	0	0	1	0
SKIP_PAGE	atashinchi	あたしンち	あたしンち	21	51	14	1	0	0	14	4	2	0	0
SKIP_PAGE	bokura-ga-ita	僕等がいた	僕等がいた	16	23	14	1	10	4	0	0	0	1	0
SKIP_PAGE	d-live	D-LIVE!!	D-LIVE!!	25	28	14	2	14	0	0	0	1	8	0
SKIP_PAGE	gakuen-baby-shittaazu	学園ベビーシッターズ	学園ベビーシッターズ	27	28	14	10	1	13	0	0	1	2	0
SKIP_PAGE	karakuri-circus	からくりサーカス	からくりサーカス	65	115	14	33	1	0	13	0	18	0	0
SKIP_PAGE	made-in-abyss	メイドインアビス	メイドインアビス	15	19	14	0	13	1	0	0	0	1	0
SKIP_PAGE	makai-ouji-devils-and-realist	魔界王子devils and realist	魔界王子 devils and realist	15	18	14	0	14	0	0	0	0	1	0
SKIP_PAGE	maps-next-sheet	マップスネクストシート	マップス ネクストシート	15	15	14	0	1	0	13	0	1	0	0
SKIP_PAGE	raika-days	らいか・デイズ	らいか・デイズ	35	37	14	0	0	0	14	21	0	0	0
SKIP_PAGE	saint-seiya-saintia-show	聖闘士星矢セインティア翔	聖闘士星矢 セインティア翔	16	18	14	1	13	1	0	0	1	0	0
SKIP_PAGE	seto-no-hanayome	瀬戸の花嫁	瀬戸の花嫁 (漫画)	16	15	14	0	13	0	1	0	0	2	0
SKIP_PAGE	yoiko	よいこ	よいこ (漫画)	15	17	14	0	14	0	0	1	0	0	0
SKIP_PAGE	young-black-jack	ヤングブラック・ジャック	ヤング ブラック・ジャック (漫画)	16	16	14	1	13	1	0	0	0	1	0
SKIP_PAGE	14	14歳	14歳 (漫画)	33	37	13	5	13	0	0	0	15	0	0
SKIP_PAGE	angel-voice	ANGEL VOICE	ANGEL VOICE (漫画)	40	40	13	2	4	9	0	1	24	0	0
SKIP_PAGE	b-o-d-y	B.O.D.Y.	B.O.D.Y.	15	16	13	1	0	13	0	0	1	0	0
SKIP_PAGE	bunchou-sama-to-watashi	文鳥様と私	文鳥様と私	26	40	13	9	0	1	12	4	0	0	0
SKIP_PAGE	dance-in-the-vampire-bund	ダンスインザヴァンパイアバンド	ダンス イン ザ ヴァンパイアバンド	14	52	13	0	0	0	13	1	0	0	0
SKIP_PAGE	dear-boys	Dear boys	DEAR BOYS	47	153	13	13	0	13	0	18	3	0	0
SKIP_PAGE	fuufu-na-seikatsu	夫婦な生活	夫婦な生活	15	19	13	0	0	0	13	2	0	0	0
SKIP_PAGE	hakaijuu	ハカイジュウ	ハカイジュウ	21	21	13	1	0	13	0	0	7	0	0
SKIP_PAGE	haruka-17	はるか17	はるか17	19	19	13	5	0	0	13	0	1	0	0
SKIP_PAGE	kinoko-inu	きのこいぬ	きのこいぬ	15	14	13	0	13	0	0	0	1	1	0
SKIP_PAGE	kirarin-revolution	きらりん☆レボリューション	きらりん☆レボリューション	14	20	13	0	11	2	0	0	1	0	0
SKIP_PAGE	miwa-san-narisumasu	ミワさんなりすます	ミワさんなりすます	18	17	13	4	13	0	0	0	0	1	0
SKIP_PAGE	morita-san-wa-mukuchi	森田さんは無口	森田さんは無口	22	23	13	3	6	0	7	0	6	0	0
SKIP_PAGE	nabari-no-ou	隠の王	隠の王	14	17	13	0	10	0	3	0	0	1	0
SKIP_PAGE	nagasarete-airantou	ながされて藍蘭島	ながされて藍蘭島	44	46	13	24	9	3	1	0	0	7	0
SKIP_PAGE	one-piece	ONE PIECE	ONE PIECE	115	318	13	58	1	1	11	37	2	5	0
SKIP_PAGE	oooku	大奥	大奥 (漫画)	19	32	13	2	13	0	0	1	3	0	0
SKIP_PAGE	recorder-to-randoseru	リコーダーとランドセル	リコーダーとランドセル	23	23	13	2	5	2	6	7	1	0	0
SKIP_PAGE	saint-seiya-the-lost-canvas-meiou-shinwa	聖闘士星矢THE LOST CANVAS冥王神話	聖闘士星矢 THE LOST CANVAS 冥王神話	25	27	13	0	9	3	1	0	12	0	0
SKIP_PAGE	sansha-sanyou	三者三葉	三者三葉	14	17	13	0	13	0	0	0	0	1	0
SKIP_PAGE	seikimatsu-leader-den-takeshi	世紀末リーダー伝たけし!	世紀末リーダー伝たけし!	38	37	13	13	0	0	13	10	1	1	0
SKIP_PAGE	sekirei	セキレイ	セキレイ (漫画)	19	19	13	5	7	0	6	0	1	0	0
SKIP_PAGE	soredemo-machi-ha-mawatte-iru	それでも町は廻っている	それでも町は廻っている	16	17	13	1	2	0	11	0	1	1	0
SKIP_PAGE	souten-kouro	蒼天航路	蒼天航路	54	69	13	19	0	0	13	0	22	0	0
SKIP_PAGE	sparrow-s-hotel	スパロウズホテル	スパロウズホテル	16	17	13	2	11	2	0	0	1	0	0
SKIP_PAGE	sukkuto-kitsune	すっくと狐	すっくと狐	21	29	13	4	13	0	0	3	1	0	0
SKIP_PAGE	tsugumomo	つぐもも	つぐもも	37	39	13	23	0	3	10	0	0	1	0
SKIP_PAGE	tsumanuda-fight-town	ツマヌダ格闘街	ツマヌダ格闘街	20	20	13	0	0	0	13	4	3	0	0
SKIP_PAGE	uwasaya	噂屋	噂屋	14	15	13	0	13	0	0	1	0	0	0
SKIP_PAGE	w-juliet	Wジュリエット	Wジュリエット	21	38	13	7	0	0	13	0	0	1	0
SKIP_PAGE	yuukan-miwa-san	有閑みわさん	有閑みわさん	17	17	13	2	12	0	1	0	1	1	0
SKIP_PAGE	3gatsu-no-lion	3月のライオン	3月のライオン	18	29	12	3	9	3	0	0	1	2	0
SKIP_PAGE	area-d-inou-ryouiki	AREA D 異能領域	AREA D 異能領域	14	13	12	0	0	12	0	1	0	1	0
SKIP_PAGE	bakuretsu-hunter	爆れつハンター	爆れつハンター	21	24	12	1	12	0	0	0	0	8	0
SKIP_PAGE	bamboo-blade	BAMBOO BLADE	BAMBOO BLADE	14	29	12	0	9	0	3	0	2	0	0
SKIP_PAGE	god-hand-teru	ゴッドハンド輝	ゴッドハンド輝	93	116	12	79	1	0	11	2	0	0	0
SKIP_PAGE	good-morning-teacher	Good morningティーチャー	Good Morning ティーチャー	14	14	12	0	1	0	11	1	1	0	0
SKIP_PAGE	hot-gimmick	ホットギミック	ホットギミック (漫画)	18	13	12	0	12	0	0	0	0	6	0
SKIP_PAGE	ikki-tousen	一騎当千	一騎当千 (漫画)	24	54	12	0	11	0	1	11	1	0	0
SKIP_PAGE	mahou-shoujo-of-ji-end	魔法少女・オブ・ジ・エンド	魔法少女・オブ・ジ・エンド	16	16	12	2	0	12	0	0	2	0	0
SKIP_PAGE	mairimashita-iruma-kun	魔入りました!入間くん	魔入りました!入間くん	51	71	12	37	0	12	0	0	0	2	0
SKIP_PAGE	nanahan-rider	750ライダー	750ライダー	50	50	12	0	12	0	0	10	2	2	24
SKIP_PAGE	psychometrer-eiji	サイコメトラーEiji	サイコメトラーEIJI	37	87	12	0	0	0	12	24	1	0	0
SKIP_PAGE	ringo-to-hachimitsu	林檎と蜂蜜	林檎と蜂蜜 (漫画)	27	53	12	5	1	2	9	2	8	0	0
SKIP_PAGE	ryuurouden	龍狼伝	龍狼伝	47	83	12	12	0	8	4	21	2	0	0
SKIP_PAGE	seito-sho-kun	生徒諸君!	生徒諸君!	36	55	12	20	0	12	0	1	3	0	0
SKIP_PAGE	sense	センセ。	センセ。	17	21	12	3	11	1	0	2	0	0	0
SKIP_PAGE	shanimu-ni-go	しゃにむにGO	しゃにむにGO	32	48	12	8	0	0	12	0	12	0	0
SKIP_PAGE	tantei-gakuen-q	探偵学園Q	探偵学園Q	34	23	12	8	0	0	12	0	0	14	0
SKIP_PAGE	toritsu-mizushou	都立水商!	都立水商!	22	35	12	6	0	0	12	0	4	0	0
SKIP_PAGE	yatogame-chan-kansatsu-nikki	八十亀ちゃんかんさつにっき	八十亀ちゃんかんさつにっき	13	13	12	0	12	0	0	0	1	0	0
SKIP_PAGE	yuukan-club	有閑倶楽部	有閑倶楽部	30	43	12	13	0	2	10	0	5	0	0
SKIP_PAGE	12sai	12歳。	12歳。	20	52	11	8	8	3	0	1	0	0	0
SKIP_PAGE	ace-o-nerae	エースをねらえ!	エースをねらえ!	28	69	11	13	1	0	10	4	0	0	0
SKIP_PAGE	aishiteruze-baby	愛してるぜベイベ★★	愛してるぜベイベ★★	15	13	11	0	0	0	11	1	0	3	0
SKIP_PAGE	aoi-honoo	アオイホノオ	アオイホノオ	33	33	11	20	0	11	0	0	2	0	0
SKIP_PAGE	demon-sacred	デーモン聖典	デーモン聖典	17	17	11	0	0	11	0	6	0	0	0
SKIP_PAGE	dokushinapaatodokudamisou	独身アパートどくだみ荘	独身アパートどくだみ荘	12	56	11	0	6	4	1	0	1	0	0
SKIP_PAGE	dragon-fist	ドラゴン・フィスト	ドラゴン・フィスト	14	15	11	2	0	0	11	1	0	0	0
SKIP_PAGE	fool-night	フールナイト	フールナイト	13	13	11	1	11	0	0	0	1	0	0
SKIP_PAGE	fukumenkei-noise	覆面系ノイズ	覆面系ノイズ	18	18	11	4	0	11	0	0	1	2	0
SKIP_PAGE	ginganagareboshigin	銀牙-流れ星 銀-	銀牙 -流れ星 銀-	28	28	11	16	0	11	0	0	1	0	0
SKIP_PAGE	haken-suit-yamada-noriko	派遣戦士山田のり子	派遣戦士 山田のり子	25	27	11	13	1	2	8	0	0	1	0
SKIP_PAGE	itihasa	イティハーサ	イティハーサ	22	38	11	3	0	11	0	7	1	0	0
SKIP_PAGE	jyajya	ジャジャ	ジャジャ	40	42	11	27	7	3	1	0	1	1	0
SKIP_PAGE	kabachitare	カバチタレ!	カバチタレ!	30	93	11	1	0	0	11	7	1	10	0
SKIP_PAGE	keijo	競女!!!!!!!!	競女!!!!!!!!	18	18	11	2	0	11	0	5	0	0	0
SKIP_PAGE	kuroshitsuji	黒執事	黒執事	36	53	11	24	7	1	3	0	0	1	0
SKIP_PAGE	kyojin-no-hoshi	巨人の星	巨人の星	29	55	11	7	0	11	0	0	0	9	2
SKIP_PAGE	megumi-no-daigo	め組の大吾	め組の大吾	41	54	11	26	11	0	0	0	4	0	0
SKIP_PAGE	mix	MIX	MIX (漫画)	25	25	11	11	0	11	0	0	3	0	0
SKIP_PAGE	nagomi-club	なごみクラブ	なごみクラブ	12	12	11	0	8	0	3	1	0	0	0
SKIP_PAGE	no-zo-ki-a-na	ノ・ゾ・キ・ア・ナ	ノ・ゾ・キ・ア・ナ	13	27	11	1	11	0	0	0	1	0	0
SKIP_PAGE	notari-matsutarou	のたり松太郎	のたり松太郎	97	21	11	8	0	0	11	0	2	76	0
SKIP_PAGE	one-naito-morning	ワンナイト・モーニング	ワンナイト・モーニング	16	15	11	4	9	2	0	0	0	1	0
SKIP_PAGE	pureibooru	プレイボール	プレイボール (漫画)	22	34	11	0	0	11	0	10	1	0	0
SKIP_PAGE	shikabanehime	屍姫	屍姫	23	26	11	11	10	0	1	0	1	0	0
SKIP_PAGE	shimane-no-bengoshi	島根の弁護士	島根の弁護士	13	13	11	0	0	0	11	0	2	0	0
SKIP_PAGE	tennis-no-ouji-sama	テニスの王子様	テニスの王子様	52	163	11	15	1	0	10	26	0	0	0
SKIP_PAGE	teruteru-shounen	てるてる×少年	てるてる×少年	17	17	11	0	1	0	10	6	0	0	0
SKIP_PAGE	tonagura	となグラ!	となグラ!	13	14	11	0	0	0	11	1	0	1	0
SKIP_PAGE	touch	タッチ	タッチ (漫画)	63	95	11	29	0	0	11	0	23	0	0
SKIP_PAGE	wild-half	WILD HALF	WILD HALF	27	31	11	6	0	0	11	9	1	0	0
SKIP_PAGE	wotaku-ni-yasashii-gal-wa-inai	オタクに優しいギャルはいない!?	オタクに優しいギャルはいない!?	14	13	11	1	11	0	0	0	0	2	0
SKIP_PAGE	zettai-reido	絶対麗奴	絶対麗奴 (BL漫画)	26	14	11	0	11	0	0	0	0	15	0
SKIP_PAGE	100-100paasento	いちご100％	いちご100%	29	31	10	10	1	0	9	0	9	0	0
SKIP_PAGE	9-banme-no-musashi	9番目のムサシ	9番目のムサシ	31	88	10	0	0	0	10	0	0	0	21
SKIP_PAGE	aka-chan-to-boku	赤ちゃんと僕	赤ちゃんと僕	28	40	10	6	0	0	10	2	10	0	0
SKIP_PAGE	akarito-shirono-shinrei-yawa	あかりとシロの心霊夜話	あかりとシロの心霊夜話	37	44	10	24	1	0	9	1	1	1	0
SKIP_PAGE	boku-wa-beatles	僕はビートルズ	僕はビートルズ	16	10	10	0	0	0	10	0	0	6	0
SKIP_PAGE	bokura-no	ぼくらの	ぼくらの	11	24	10	0	10	0	0	0	0	1	0
SKIP_PAGE	bonbonzaka-koukou-engekibu	ボンボン坂高校演劇部	ボンボン坂高校演劇部	20	20	10	1	0	10	0	8	1	0	0
SKIP_PAGE	boys-be	BOYS BE…	BOYS BE…	42	81	10	0	0	0	10	31	1	0	0
SKIP_PAGE	chiisai-onee-san	ちいさいお姉さん	ちいさいお姉さん	12	12	10	0	0	0	10	2	0	0	0
SKIP_PAGE	chocolat-no-mahou	ショコラの魔法	ショコラの魔法	14	32	10	1	5	5	0	1	0	2	0
SKIP_PAGE	claymore	CLAYMORE	CLAYMORE	27	29	10	0	1	6	3	0	17	0	0
SKIP_PAGE	cross-over-rev	クロスオーバーレブ!	クロスオーバーレブ!	18	18	10	7	8	2	0	1	0	0	0
SKIP_PAGE	earthian	アーシアン	アーシアン	13	17	10	0	2	2	6	2	1	0	0
SKIP_PAGE	future-card-buddyfight	フューチャーカードバディファイト	フューチャーカード バディファイト	11	14	10	0	8	2	0	0	0	1	0
SKIP_PAGE	hikari-to-tomoni	光とともに…	光とともに…	25	30	10	0	5	0	5	14	1	0	0
SKIP_PAGE	hotman	ホットマン	ホットマン	25	26	10	0	0	0	10	15	0	0	0
SKIP_PAGE	hyougemono	へうげもの	へうげもの	37	38	10	24	0	0	10	3	0	0	0
SKIP_PAGE	jaa-kimi-no-kawari-ni-korosouka	じゃあ、君の代わりに殺そうか?	じゃあ、君の代わりに殺そうか?	12	20	10	1	8	2	0	0	1	0	0
SKIP_PAGE	joou-no-hana	女王の花	女王の花	15	16	10	4	3	6	1	1	0	0	0
SKIP_PAGE	kannagi	かんなぎ	かんなぎ (漫画)	12	27	10	1	9	0	1	0	0	1	0
SKIP_PAGE	kinou-nani-tabeta	きのう何食べた?	きのう何食べた?	25	25	10	14	0	3	7	0	0	1	0
SKIP_PAGE	kurosagi-shitai-takuhaibin	黒鷺死体宅配便	黒鷺死体宅配便	37	38	10	10	4	0	6	9	8	0	0
SKIP_PAGE	mahoraba	まほらば	まほらば	12	14	10	1	10	0	0	0	0	1	0
SKIP_PAGE	maison-ikkoku	めぞん一刻	めぞん一刻	25	57	10	13	10	0	0	0	2	0	0
SKIP_PAGE	maps	マップス	マップス	26	37	10	4	0	0	10	0	2	0	10
SKIP_PAGE	meitantei-maanii	名探偵マーニー	名探偵マーニー	11	10	10	0	0	10	0	0	0	1	0
SKIP_PAGE	miracle-ball	ミラクルボール	ミラクルボール	12	11	10	0	10	0	0	0	1	1	0
SKIP_PAGE	onmyouji	陰陽師	陰陽師 (漫画)	21	14	10	0	9	0	1	0	3	8	0
SKIP_PAGE	ore-sama-teacher	俺様ティーチャー	俺様ティーチャー	29	29	10	8	0	9	1	1	10	0	0
SKIP_PAGE	rere-hello	ReReハロ	ReReハロ	11	11	10	0	0	10	0	0	1	0	0
SKIP_PAGE	sengoku-strays	戦國ストレイズ	戦國ストレイズ	15	16	10	4	0	0	10	0	1	0	0
SKIP_PAGE	senpai-ga-uzai-kouhai-no-hanashi	先輩がうざい後輩の話	先輩がうざい後輩の話	13	13	10	0	8	1	1	3	0	0	0
SKIP_PAGE	sugarless	シュガーレス	シュガーレス (漫画)	18	18	10	0	4	6	0	0	8	0	0
SKIP_PAGE	suna-no-eikan	砂の栄冠	砂の栄冠	25	19	10	9	0	0	10	0	0	6	0
SKIP_PAGE	super-maid-chirumi-san	スーパーメイドちるみさん	スーパーメイドちるみさん	12	13	10	1	0	0	10	1	0	0	0
SKIP_PAGE	tentai-suit-sunred	天体戦士サンレッド	天体戦士サンレッド	20	22	10	5	5	0	5	1	4	0	0
SKIP_PAGE	toki-no-daichi	刻の大地	刻の大地	17	22	10	5	10	0	0	1	1	0	0
SKIP_PAGE	uchi-no-daikazoku	うちの大家族	うちの大家族	15	15	10	4	4	0	6	1	0	0	0
SKIP_PAGE	uchi-no-kaisha-no-chiisai-senpai-no-hanashi	うちの会社の小さい先輩の話	うちの会社の小さい先輩の話	13	12	10	2	7	3	0	0	0	1	0
SKIP_PAGE	versailles-no-bara	ベルサイユのばら	ベルサイユのばら	49	102	10	10	0	0	10	2	0	16	11
SKIP_PAGE	1-nen-a-gumi-no-monster	1年A組のモンスター	1年A組のモンスター	16	14	9	3	9	0	0	1	1	2	0
SKIP_PAGE	blood-lad	ブラッドラッド	ブラッドラッド	17	21	9	6	0	0	9	1	1	0	0
SKIP_PAGE	concierge-purachinamu	コンシェルジュプラチナム	コンシェルジュ プラチナム	10	10	9	0	9	0	0	0	1	0	0
SKIP_PAGE	cooking-papa	クッキングパパ	クッキングパパ	178	228	9	162	1	7	1	0	0	1	6
SKIP_PAGE	crystal-dragon	クリスタル☆ドラゴン	クリスタル☆ドラゴン	42	42	9	29	0	0	9	3	1	0	0
SKIP_PAGE	devilman-lady	デビルマンレディー	デビルマンレディー	26	27	9	0	0	0	9	10	7	0	0
SKIP_PAGE	do-da-dancin	Do da dancin'!	Do Da Dancin'!	15	28	9	0	0	0	9	6	0	0	0
SKIP_PAGE	eden-s-bowy	ヱデンズボゥイ	ヱデンズボゥイ	20	23	9	3	1	0	8	5	3	0	0
SKIP_PAGE	emma	エマ	エマ (漫画)	10	16	9	0	9	0	0	0	0	1	0
SKIP_PAGE	fight-ippatsu-juuden-chan	ファイト一発!充電ちゃん!!	ファイト一発! 充電ちゃん!!	10	10	9	0	9	0	0	1	0	0	0
SKIP_PAGE	gakuen-tengoku-paradoxia	学園天国パラドキシア	学園天国パラドキシア	10	10	9	0	7	0	2	0	1	0	0
SKIP_PAGE	goomanizumu-sengen	ゴーマニズム宣言	ゴーマニズム宣言	18	28	9	0	0	0	9	0	0	9	0
SKIP_PAGE	happy-world	Happy World!	Happy World!	11	11	9	0	0	0	9	2	0	0	0
SKIP_PAGE	hikari-no-pansy	光のパンジー	光のパンジー	11	9	9	0	9	0	0	0	0	2	0
SKIP_PAGE	hima-ten	ひまてん!	ひまてん!	11	10	9	1	0	9	0	0	0	1	0
SKIP_PAGE	hirunaka-no-ryuusei	ひるなかの流星	ひるなかの流星	12	17	9	1	0	9	0	0	2	0	0
SKIP_PAGE	kaoru-hana-wa-rin-to-saku	薫る花は凛と咲く	薫る花は凛と咲く	24	23	9	14	0	9	0	0	0	1	0
SKIP_PAGE	kiitarou-shounen-no-youkai-enikki	奇異太郎少年の妖怪絵日記	奇異太郎少年の妖怪絵日記	15	15	9	4	4	0	5	2	0	0	0
SKIP_PAGE	kyuukyoku-choujin-aaru	究極超人あ～る	究極超人あ〜る	19	12	9	0	9	0	0	1	0	9	0
SKIP_PAGE	last-game	ラストゲーム	ラストゲーム (漫画)	11	11	9	1	0	9	0	0	0	1	0
SKIP_PAGE	madan-no-ichi	魔男のイチ	魔男のイチ	10	9	9	0	0	9	0	0	0	1	0
SKIP_PAGE	makuhari-saboten-campus	幕張サボテンキャンパス	幕張サボテンキャンパス	17	17	9	0	0	0	9	0	8	0	0
SKIP_PAGE	mitsudomoe	みつどもえ	みつどもえ	19	20	9	1	4	5	0	0	9	0	0
SKIP_PAGE	mobile-suit-gundam-daburuoo-79	機動戦士ガンダム0079	機動戦士ガンダム0079	12	12	9	1	8	1	0	0	1	1	0
SKIP_PAGE	namaikizakari	なまいきざかり。	なまいきざかり。	23	23	9	13	0	9	0	1	0	0	0
SKIP_PAGE	nikoniko-nikki	ニコニコ日記	ニコニコ日記	10	10	9	0	0	0	9	1	0	0	0
SKIP_PAGE	ninpen-manmaru	忍ペンまん丸	忍ペンまん丸	11	21	9	0	9	0	0	0	1	1	0
SKIP_PAGE	peace-maker	PEACE MAKER	PEACE MAKER (漫画)	25	17	9	0	0	0	9	8	0	8	0
SKIP_PAGE	ratman	RATMAN	RATMAN	12	12	9	2	0	0	9	1	0	0	0
SKIP_PAGE	sasayaku-youni-koi-o-utau	ささやくように恋を唄う	ささやくように恋を唄う	12	12	9	1	9	0	0	0	1	1	0
SKIP_PAGE	shounen-racquet	少年ラケット	少年ラケット	13	13	9	2	0	8	1	0	2	0	0
SKIP_PAGE	starmine	スターマイン	スターマイン (漫画)	10	10	9	0	9	0	0	0	0	1	0
SKIP_PAGE	tenpai-gaiden	天牌外伝	天牌外伝	37	12	9	1	9	0	0	1	1	25	0
SKIP_PAGE	tokyo-esp	東京ESP	東京ESP	16	17	9	3	0	0	9	4	0	0	0
SKIP_PAGE	tonari-no-kakutouou	となりの格闘王	となりの格闘王	10	10	9	0	9	0	0	0	1	0	0
SKIP_PAGE	yomikiri-mono	よみきり❤もの	よみきり♥もの	10	10	9	0	0	0	9	1	0	0	0
SKIP_PAGE	3-3eyes	3×3EYES	3×3 EYES	68	90	8	24	0	0	8	35	1	0	0
SKIP_PAGE	ai-yori-aoshi	藍より青し	藍より青し	17	23	8	3	0	0	8	0	5	1	0
SKIP_PAGE	akane-banashi	あかね噺	あかね噺	24	23	8	15	0	8	0	0	0	1	0
SKIP_PAGE	anata-ga-ireba	あなたがいれば	あなたがいれば (漫画)	12	8	8	0	0	0	8	0	0	4	0
SKIP_PAGE	ao-haru-ride	アオハライド	アオハライド	13	22	8	0	0	8	0	0	5	0	0
SKIP_PAGE	aoi-sekai-no-chuushin-de	蒼い世界の中心で	蒼い世界の中心で	10	12	8	0	0	0	8	1	1	0	0
SKIP_PAGE	apothecarius-argentum	薬師アルジャン	薬師アルジャン	11	11	8	0	8	0	0	0	3	0	0
SKIP_PAGE	asadora	あさドラ!	あさドラ!	10	9	8	1	8	0	0	0	0	1	0
SKIP_PAGE	baasasu-earth	バーサスアース	バーサスアース	9	14	8	0	0	8	0	0	1	0	0
SKIP_PAGE	badboys-glare	BAD BOYSグレアー	BADBOYS グレアー	16	25	8	0	8	0	0	5	3	0	0
SKIP_PAGE	baraou-no-souretsu	薔薇王の葬列	薔薇王の葬列	17	25	8	8	0	6	2	0	1	0	0
SKIP_PAGE	blizzard-accel	ブリザードアクセル	ブリザードアクセル	11	17	8	0	8	0	0	0	3	0	0
SKIP_PAGE	bokura-no-captain	ぼくらのカプトン	ぼくらのカプトン	11	11	8	0	0	8	0	0	3	0	0
SKIP_PAGE	buriki-no-artist	錻力のアーチスト	錻力のアーチスト	14	14	8	0	0	8	0	5	1	0	0
SKIP_PAGE	buyuden	BUYUDEN	BUYUDEN	13	13	8	1	0	8	0	0	4	0	0
SKIP_PAGE	chitose-getchu	ちとせげっちゅ!!	ちとせげっちゅ!!	10	9	8	0	0	0	8	0	1	1	0
SKIP_PAGE	darwin-s-game	ダーウィンズゲーム	ダーウィンズゲーム	30	31	8	18	0	8	0	1	3	0	0
SKIP_PAGE	feromomania-syndrome	女子妄想症候群	女子妄想症候群	10	10	8	0	0	0	8	0	2	0	0
SKIP_PAGE	futsuu-no-keionbu	ふつうの軽音部	ふつうの軽音部	12	11	8	3	0	8	0	0	0	1	0
SKIP_PAGE	gin-to-kin	銀と金	銀と金	19	29	8	0	0	0	8	0	0	0	11
SKIP_PAGE	hana-yori-mo-hana-no-gotoku	花よりも花の如く	花よりも花の如く	24	24	8	9	0	8	0	0	7	0	0
SKIP_PAGE	hare-nochi-cinderella	晴れのちシンデレラ	晴れのちシンデレラ	19	24	8	1	1	0	7	2	7	1	0
SKIP_PAGE	hatsukare	ハツカレ	ハツカレ	16	17	8	0	0	0	8	0	8	0	0
SKIP_PAGE	honoo-no-toukyuujo-dodge-danko	炎の闘球女ドッジ弾子	炎の闘球女 ドッジ弾子	9	8	8	0	6	2	0	0	0	1	0
SKIP_PAGE	hoshi-no-hitomi-no-silhouette	星の瞳のシルエット	星の瞳のシルエット	16	29	8	7	0	0	8	1	0	0	0
SKIP_PAGE	ibitte-konai-gibo-to-gishi	いびってこない義母と義姉	いびってこない義母と義姉	10	10	8	1	8	0	0	0	1	0	0
SKIP_PAGE	jinnairyuu-juujutsu-butouden-majima-kun-suttobasu	陣内流柔術武闘伝 真島クンすっとばす!!	陣内流柔術武闘伝 真島クンすっとばす!!	36	55	8	13	2	1	5	3	1	7	4
SKIP_PAGE	kakkou-no-iinazuke	カッコウの許嫁	カッコウの許嫁	34	38	8	25	0	8	0	0	0	1	0
SKIP_PAGE	karate-baka-ichidai	空手バカ一代	空手バカ一代	75	114	8	29	0	5	3	31	7	0	0
SKIP_PAGE	kimi-wa-yotsuba-no-clover	きみは四葉のクローバー	きみは四葉のクローバー	11	9	8	1	0	8	0	0	0	2	0
SKIP_PAGE	koisuru-bou-kun	恋する暴君	恋する暴君	16	18	8	7	0	0	8	0	0	1	0
SKIP_PAGE	kunisaki-izumo-no-jijou	國崎出雲の事情	國崎出雲の事情	18	19	8	2	0	8	0	3	5	0	0
SKIP_PAGE	mahou-shoujo-ni-akogarete	魔法少女にあこがれて	魔法少女にあこがれて	13	13	8	4	8	0	0	0	0	1	0
SKIP_PAGE	mika-dono-sanshimai-wa-angai-choroi	帝乃三姉妹は案外、チョロい。	帝乃三姉妹は案外、チョロい。	20	19	8	11	0	8	0	0	0	1	0
SKIP_PAGE	mokushiroku-no-yonkishi	黙示録の四騎士	黙示録の四騎士 (漫画)	28	28	8	19	0	8	0	0	0	1	0
SKIP_PAGE	nanako-masshigura	ななこまっしぐら!	ななこまっしぐら!	12	12	8	0	3	0	5	0	4	0	0
SKIP_PAGE	neko-to-watashi-no-kinyoubi	猫と私の金曜日	猫と私の金曜日	11	11	8	0	0	8	0	0	3	0	0
SKIP_PAGE	noa-senpai-wa-tomodachi	のあ先輩はともだち。	のあ先輩はともだち。	12	11	8	3	0	8	0	0	0	1	0
SKIP_PAGE	oi-oba-san	オイ!!オバさん	オイ!! オバさん	12	12	8	1	0	8	0	0	3	0	0
SKIP_PAGE	omori-tsumiki-to-kinichijou	尾守つみきと奇日常。	尾守つみきと奇日常。	11	10	8	2	0	8	0	0	0	1	0
SKIP_PAGE	ore-monogatari	俺物語!!	俺物語!!	14	18	8	2	0	8	0	0	4	0	0
SKIP_PAGE	ouchi-de-gohan	おうちでごはん	おうちでごはん	12	12	8	0	0	0	8	0	4	0	0
SKIP_PAGE	peach-girl	ピーチガール	ピーチガール	27	59	8	9	0	0	8	10	0	0	0
SKIP_PAGE	red-blue	レッドブルー	レッドブルー	19	18	8	10	0	8	0	0	0	1	0
SKIP_PAGE	romantica-clock	ロマンチカクロック	ロマンチカクロック	10	10	8	0	0	8	0	0	1	1	0
SKIP_PAGE	ryuu-to-ichigo	龍と苺	龍と苺	28	29	8	19	0	8	0	1	0	0	0
SKIP_PAGE	saint-seiya-next-dimension-meiou-shinwa	聖闘士星矢NEXT DIMENSION冥王神話	聖闘士星矢 NEXT DIMENSION 冥王神話	16	15	8	5	1	7	0	0	2	1	0
SKIP_PAGE	sakamoto-days	SAKAMOTO DAYS	SAKAMOTO DAYS	28	37	8	1	0	8	0	19	0	0	0
SKIP_PAGE	sakuramachi-saizu	サクラ町さいず	サクラ町さいず	9	9	8	0	0	0	8	1	0	0	0
SKIP_PAGE	saru-lock	猿ロック	猿ロック	22	33	8	0	0	0	8	12	2	0	0
SKIP_PAGE	seinaru-hanayome-no-hanran	聖なる花嫁の反乱	聖なる花嫁の反乱	10	15	8	0	1	0	7	2	0	0	0
SKIP_PAGE	shinobigoto	しのびごと	しのびごと	9	8	8	0	0	8	0	0	0	1	0
SKIP_PAGE	shitsuji-sama-no-okiniiri	執事様のお気に入り	執事様のお気に入り	21	24	8	1	0	7	1	0	12	0	0
SKIP_PAGE	shy	SHY	SHY (漫画)	33	33	8	24	0	8	0	1	0	0	0
SKIP_PAGE	snowball-earth	スノウボールアース	スノウボールアース	12	11	8	3	8	0	0	0	0	1	0
SKIP_PAGE	souri-no-isu	総理の椅子	総理の椅子	9	9	8	0	8	0	0	0	1	0	0
SKIP_PAGE	spriggan	スプリガン	スプリガン (漫画)	19	19	8	1	8	0	0	0	10	0	0
SKIP_PAGE	stripe-blue	ストライプブルー	ストライプブルー	11	11	8	0	5	3	0	0	3	0	0
SKIP_PAGE	tableau-gate	タブロウ・ゲート	タブロウ・ゲート	26	31	8	7	2	4	2	0	11	0	0
SKIP_PAGE	tamon-kun-ima-docchi	多聞くん今どっち!?	多聞くん今どっち!?	16	17	8	6	0	8	0	0	0	2	0
SKIP_PAGE	teketeke-maihaato	てけてけマイハート	てけてけマイハート	10	10	8	0	0	0	8	1	1	0	0
SKIP_PAGE	tenpai	天牌	天牌	118	118	8	37	1	0	7	1	0	1	71
SKIP_PAGE	tonikaku-kawaii	トニカクカワイイ	トニカクカワイイ	37	37	8	28	0	8	0	0	0	1	0
SKIP_PAGE	unmei-no-makimodoshi	運命の巻戻士	運命の巻戻士	13	12	8	3	6	1	1	0	0	2	0
SKIP_PAGE	usotsuki-lily	うそつきリリィ	うそつきリリィ	17	18	8	0	0	8	0	0	9	0	0
SKIP_PAGE	vampire-knight	ヴァンパイア騎士	ヴァンパイア騎士	29	46	8	11	0	8	0	0	10	0	0
SKIP_PAGE	wakuwaku-working	わくわくワーキング	わくわくワーキング	13	13	8	2	3	0	5	0	3	0	0
SKIP_PAGE	yankee-jk-kuzuhana-chan	ヤンキーJKクズハナちゃん	ヤンキーJKクズハナちゃん	33	35	8	24	0	8	0	0	0	1	0
SKIP_PAGE	yotsuba-to	よつばと!	よつばと!	16	17	8	7	6	2	0	0	1	0	0
SKIP_PAGE	yowayowa-sensei	よわよわ先生	よわよわ先生	19	18	8	9	0	8	0	0	0	2	0
SKIP_PAGE	aikora	あいこら	あいこら	12	12	7	0	6	1	0	0	5	0	0
SKIP_PAGE	akuma-de-sourou	悪魔で候	悪魔で候	18	12	7	2	0	0	7	2	0	7	0
SKIP_PAGE	asu-no-yoichi	明日のよいち!	明日のよいち!	15	16	7	0	6	1	0	0	8	0	0
SKIP_PAGE	banjou-no-orion	盤上のオリオン	盤上のオリオン	11	10	7	3	0	7	0	0	0	1	0
SKIP_PAGE	bijo-de-yajuu	美女で野獣	美女で野獣	8	8	7	0	0	0	7	0	1	0	0
SKIP_PAGE	bokura-wa-minna-kawaisou	僕らはみんな河合荘	僕らはみんな河合荘	11	12	7	0	0	0	7	0	4	0	0
SKIP_PAGE	boys-on-the-run	ボーイズ・オン・ザ・ラン	ボーイズ・オン・ザ・ラン	10	10	7	0	7	0	0	1	2	0	0
SKIP_PAGE	cherry-knights	チェリーナイツ	チェリーナイツ	10	14	7	2	0	0	7	1	0	0	0
SKIP_PAGE	damenzu-walker	だめんず・うぉ～か～	だめんず・うぉ〜か〜	35	8	7	0	0	0	7	1	0	27	0
SKIP_PAGE	dead-account	デッドアカウント	デッドアカウント	16	15	7	8	0	7	0	0	0	1	0
SKIP_PAGE	dolls	DOLLS	DOLLS (漫画)	12	18	7	0	7	0	0	0	0	5	0
SKIP_PAGE	eroika-yori-ai-o-komete	エロイカより愛をこめて	エロイカより愛をこめて	77	46	7	0	7	0	0	2	30	38	0
SKIP_PAGE	furumuun-o-sagashite	満月をさがして	満月をさがして	11	7	7	0	0	0	7	0	0	4	0
SKIP_PAGE	grand-slam	GRAND SLAM	GRAND SLAM	14	13	7	0	0	0	7	6	0	1	0
SKIP_PAGE	hakaima-sadamitsu	破壊魔定光	破壊魔定光	12	12	7	1	0	0	7	4	0	0	0
SKIP_PAGE	hard-ando-ruuzu	ハード＆ルーズ	ハード&ルーズ	18	14	7	0	7	0	0	2	1	8	0
SKIP_PAGE	hazunde-papamokko	はずんで!パパモッコ	はずんで! パパモッコ	14	20	7	5	0	7	0	2	0	0	0
SKIP_PAGE	heesei-policemen	へ～せいポリスメン!!	へ〜せいポリスメン!!	14	11	7	4	0	0	7	0	0	3	0
SKIP_PAGE	hina-chan-no-nichijou	ひなちゃんの日常	ひなちゃんの日常	24	25	7	10	1	0	6	2	0	5	0
SKIP_PAGE	hitsuji-no-uta	羊のうた	羊のうた	11	21	7	3	0	0	7	0	0	1	0
SKIP_PAGE	hoken-no-sensei	ほけんのせんせい	ほけんのせんせい	8	8	7	0	7	0	0	0	0	1	0
SKIP_PAGE	hyouryuu-net-cafe	漂流ネットカフェ	漂流ネットカフェ	10	7	7	0	0	0	7	0	0	3	0
SKIP_PAGE	isekai-izakaya-gen	異世界居酒屋「げん」	異世界居酒屋「げん」	15	18	7	7	6	1	0	1	0	0	0
SKIP_PAGE	junket-bank	ジャンケットバンク	ジャンケットバンク	23	23	7	15	0	7	0	0	0	1	0
SKIP_PAGE	kaijuu-jieitai	怪獣自衛隊	怪獣自衛隊	24	23	7	15	0	7	0	1	0	1	0
SKIP_PAGE	kecchin	ケッチン	ケッチン	15	15	7	7	0	0	7	1	0	0	0
SKIP_PAGE	kimura	KIMURA	KIMURA (漫画)	11	13	7	0	1	0	6	4	0	0	0
SKIP_PAGE	kindaichi-shounen-no-file	金田一少年の事件簿	金田一少年の事件簿	61	199	7	30	0	0	7	9	15	0	0
SKIP_PAGE	kizetsu-yuusha-to-ansatsu-hime	気絶勇者と暗殺姫	気絶勇者と暗殺姫	16	15	7	8	0	7	0	0	0	1	0
SKIP_PAGE	kobe-zaijuu	神戸在住	神戸在住	10	10	7	2	0	0	7	1	0	0	0
SKIP_PAGE	koi-neko	コイネコ	コイネコ	12	12	7	1	0	0	7	2	2	0	0
SKIP_PAGE	kurohakushaku-wa-hoshi-o-mederu	黒伯爵は星を愛でる	黒伯爵は星を愛でる	12	12	7	4	0	7	0	0	1	0	0
SKIP_PAGE	mabataki-mo-sezu	瞬きもせず	瞬きもせず (漫画)	11	14	7	3	1	3	3	0	1	0	0
SKIP_PAGE	madame-petit	マダム・プティ	マダム・プティ	11	11	7	2	0	7	0	0	2	0	0
SKIP_PAGE	mahoutsukai-no-yome	魔法使いの嫁	魔法使いの嫁	25	66	7	16	2	3	2	0	0	2	0
SKIP_PAGE	maji-de-majime-kun	マジで!!まじめくん!	マジで!!まじめくん!	11	12	7	3	6	1	0	0	1	0	0
SKIP_PAGE	manga-saiensu	まんがサイエンス	まんがサイエンス	17	14	7	1	5	2	0	1	0	8	0
SKIP_PAGE	midnight-restaurant-7-to-7	ミッドナイトレストラン7 to 7	ミッドナイトレストラン7to7	16	17	7	0	0	0	7	8	0	1	0
SKIP_PAGE	minowa-dou-densetsu	箕輪道伝説	箕輪道伝説	8	8	7	0	7	0	0	0	1	0	0
SKIP_PAGE	momose-akira-no-hatsukoi-hatanchuu	百瀬アキラの初恋破綻中。	百瀬アキラの初恋破綻中。	8	7	7	0	0	7	0	0	0	1	0
SKIP_PAGE	mujaki-no-rakuen	無邪気の楽園	無邪気の楽園	13	13	7	0	5	0	2	0	5	1	0
SKIP_PAGE	nanairo-kakumei	なないろ革命	なないろ革命	8	8	7	0	0	7	0	1	0	0	0
SKIP_PAGE	natsu-no-arashi	夏のあらし!	夏のあらし!	8	8	7	0	3	0	4	0	1	0	0
SKIP_PAGE	nezumi-no-hatsukoi	ねずみの初恋	ねずみの初恋	11	10	7	3	0	7	0	0	0	1	0
SKIP_PAGE	obotchama-kun	おぼっちゃまくん	おぼっちゃまくん	32	35	7	24	0	0	7	1	0	0	0
SKIP_PAGE	ookami-shoujo-to-kuro-ouji	オオカミ少女と黒王子	オオカミ少女と黒王子	16	20	7	0	0	7	0	0	9	0	0
SKIP_PAGE	osaka-mamegohan	大阪豆ゴハン	大阪豆ゴハン	18	17	7	10	1	0	6	0	0	1	0
SKIP_PAGE	otoyomegatari	乙嫁語り	乙嫁語り	15	67	7	7	1	0	6	1	0	0	0
SKIP_PAGE	ouji-to-majo-to-himegimi-to	王子と魔女と姫君と	王子と魔女と姫君と	12	12	7	0	0	7	0	0	5	0	0
SKIP_PAGE	pita-ten	ぴたテン	ぴたテン	8	17	7	0	7	0	0	0	0	1	0
SKIP_PAGE	poyopoyo-kansatsu-nikki	ポヨポヨ観察日記	ポヨポヨ観察日記	15	13	7	0	7	0	0	0	0	8	0
SKIP_PAGE	rain	レイン	レイン (小説)	19	50	7	1	1	0	6	8	0	3	0
SKIP_PAGE	ramen-daisuki-koizumi-san-narumi-2014	ラーメン大好き小泉さん	ラーメン大好き小泉さん	14	27	7	3	7	0	0	3	0	1	0
SKIP_PAGE	rivers-edge-ookawabata-tanteisha	リバースエッジ大川端探偵社	リバースエッジ 大川端探偵社	11	10	7	2	7	0	0	1	0	1	0
SKIP_PAGE	saraiya-goyou	さらい屋五葉	さらい屋 五葉	8	9	7	0	7	0	0	0	0	1	0
SKIP_PAGE	seichou-cheat-de-nandemo-dekiru-you-ni-nattaga-mushoku-dake-wa-yamerarenai-you-desu	成長チートでなんでもできるようになったが、無職だけは辞められないようです	成長チートでなんでもできるようになったが、無職だけは辞められないようです	32	43	7	22	0	7	0	1	0	2	0
SKIP_PAGE	senki-senki-momotama	殲鬼戦記ももたま	殲鬼戦記ももたま	10	10	7	0	4	0	3	2	1	0	0
SKIP_PAGE	shii-chan-no-gochisou	しーちゃんのごちそう	しーちゃんのごちそう	13	13	7	5	6	0	1	0	0	1	0
SKIP_PAGE	shimazaki-nana-atto-oshigoto-boshuuchuu	島崎奈々@お仕事募集中	島崎奈々@お仕事募集中	11	10	7	3	5	2	0	0	0	1	0
SKIP_PAGE	shin-hana-no-asukagumi	新・花のあすか組!	新・花のあすか組!	8	8	7	0	0	0	7	1	0	0	0
SKIP_PAGE	shiunjike-no-kodomotachi	紫雲寺家の子供たち	紫雲寺家の子供たち	10	9	7	2	7	0	0	0	0	1	0
SKIP_PAGE	shoku-no-gunshi	食の軍師	食の軍師	8	8	7	0	7	0	0	0	1	0	0
SKIP_PAGE	shounen-y	少年Y	少年Y	8	8	7	0	0	7	0	0	1	0	0
SKIP_PAGE	shounenin-ushijima-kun	少年院ウシジマくん	少年院ウシジマくん	8	7	7	0	5	2	0	0	0	1	0
SKIP_PAGE	takamare-takamaru	たかまれ!タカマル	たかまれ!タカマル	17	17	7	0	7	0	0	10	0	0	0
SKIP_PAGE	teiou	帝王	帝王 (漫画)	8	9	7	0	7	0	0	1	0	0	0
SKIP_PAGE	tobaku-mokushirokukaiji	賭博黙示録カイジ	賭博黙示録カイジ	14	109	7	6	1	6	0	0	0	1	0
SKIP_PAGE	tokyo-tribe-2	Tokyo tribe 2	TOKYO TRIBE2	12	10	7	3	2	1	4	0	0	2	0
SKIP_PAGE	touring-express	ツーリング・エクスプレス	ツーリング・エクスプレス	42	70	7	21	0	0	7	12	2	0	0
SKIP_PAGE	tsubasa-to-hotaru	つばさとホタル	つばさとホタル	11	10	7	1	0	7	0	0	2	1	0
SKIP_PAGE	umamusume-shindereragurei	ウマ娘シンデレラグレイ	ウマ娘 シンデレラグレイ	23	22	7	14	0	7	0	1	0	1	0
SKIP_PAGE	upotte	うぽって!!	うぽって!!	15	16	7	4	0	0	7	3	1	0	0
SKIP_PAGE	uramichi-onii-san	うらみちお兄さん	うらみちお兄さん	12	12	7	0	7	0	0	4	0	1	0
SKIP_PAGE	vanilla-fiction	VANILLA FICTION	VANILLA FICTION	8	8	7	0	0	7	0	0	1	0	0
SKIP_PAGE	yaiteru-futari	焼いてるふたり	焼いてるふたり	25	24	7	17	0	7	0	0	0	1	0
SKIP_PAGE	yume-neko-nekuto	ゆめねこねくと	ゆめねこねくと	10	9	7	2	0	7	0	0	0	1	0
SKIP_PAGE	aahananoouendan	嗚呼!!花の応援団	嗚呼!!花の応援団	35	44	6	0	0	0	6	29	0	0	0
SKIP_PAGE	akazukin-cha-cha	赤ずきんチャチャ	赤ずきんチャチャ	22	42	6	10	0	6	0	0	6	0	0
SKIP_PAGE	akira	AKIRA	AKIRA (漫画)	12	36	6	5	0	0	6	1	0	0	0
SKIP_PAGE	ao-no-hako	アオのハコ	アオのハコ	27	28	6	20	0	6	0	0	0	1	0
SKIP_PAGE	atchi-kocchi	あっちこっち	あっちこっち	10	12	6	0	1	0	5	0	4	0	0
SKIP_PAGE	baban-baban-ban-vampire	ババンババンバンバンパイア	ババンババンバンバンパイア	14	14	6	1	1	5	0	7	0	0	0
SKIP_PAGE	bakuon	ばくおん!!	ばくおん!!	20	13	6	2	6	0	0	0	0	12	0
SKIP_PAGE	bouryoku-banzai	暴力万歳	暴力万歳	7	6	6	0	0	6	0	0	0	1	0
SKIP_PAGE	burutaanyu-hanayome-ibun	ブルターニュ花嫁異聞	ブルターニュ花嫁異聞	7	11	6	0	6	0	0	0	0	1	0
SKIP_PAGE	busou-renkin	武装錬金	武装錬金	15	12	6	0	0	0	6	0	4	5	0
SKIP_PAGE	centuria	ケントゥリア	ケントゥリア (漫画)	10	9	6	3	0	6	0	0	0	1	0
SKIP_PAGE	chocolate-vampire	チョコレート・ヴァンパイア	チョコレート・ヴァンパイア	18	21	6	11	5	1	0	0	0	1	0
SKIP_PAGE	cobra	コブラ	コブラ (漫画)	40	125	6	24	0	5	1	10	0	0	0
SKIP_PAGE	crimson-spell	クリムゾン・スペル	クリムゾン・スペル	7	7	6	0	6	0	0	0	1	0	0
SKIP_PAGE	debu-to-love-to-ayamachi-to	デブとラブと過ちと!	デブとラブと過ちと!	11	16	6	4	0	6	0	1	0	0	0
SKIP_PAGE	dennou-nao-san	電脳なをさん	電脳なをさん	8	13	6	1	4	0	2	1	0	0	0
SKIP_PAGE	drop	ドロップ	ドロップ (小説)	14	90	6	0	3	1	2	0	8	0	0
SKIP_PAGE	eiyuu-kikan	英雄機関	英雄機関	7	6	6	0	0	6	0	0	0	1	0
SKIP_PAGE	exorcist-no-kiyoshi-kun	悪祓士のキヨシくん	悪祓士のキヨシくん	10	9	6	3	0	6	0	0	0	1	0
SKIP_PAGE	futari-solo-camp	ふたりソロキャンプ	ふたりソロキャンプ	24	27	6	17	0	3	3	0	1	0	0
SKIP_PAGE	ga-geijutsuka-art-dezain-class	GA芸術科アートデザインクラス	GA 芸術科アートデザインクラス	7	9	6	0	0	0	6	0	1	0	0
SKIP_PAGE	gekiman	激マン!	激マン!	9	18	6	1	3	0	3	2	0	0	0
SKIP_PAGE	giant-killing	GIANT KILLING	GIANT KILLING	70	70	6	63	0	5	1	0	0	1	0
SKIP_PAGE	giniro-no-harmony	銀色のハーモニー	銀色のハーモニー	11	7	6	0	0	0	6	1	0	4	0
SKIP_PAGE	gokuaku-ganbo	極悪がんぼ	極悪がんぼ	16	23	6	9	0	0	6	1	0	0	0
SKIP_PAGE	gugure-kokkuri-san	繰繰れ!コックリさん	繰繰れ! コックリさん	12	14	6	5	0	0	6	1	0	0	0
SKIP_PAGE	happy-mania	ハッピー・マニア	ハッピー・マニア	17	32	6	10	3	0	3	0	1	0	0
SKIP_PAGE	hard-worker-nakada	ハードワーカー中田	ハードワーカー中田	8	7	6	0	0	6	0	0	1	1	0
SKIP_PAGE	haru-yo-koi	春よ、来い	春よ、来い (漫画)	11	11	6	0	0	0	6	5	0	0	0
SKIP_PAGE	hinemosu-notari-nikki	ひねもすのたり日記	ひねもすのたり日記	7	7	6	0	6	0	0	1	0	0	0
SKIP_PAGE	honey-lemon-soda	ハニーレモンソーダ	ハニーレモンソーダ	31	38	6	23	0	6	0	0	0	2	0
SKIP_PAGE	hoshizora-no-karasu	星空のカラス	星空のカラス	8	8	6	0	0	6	0	0	2	0	0
SKIP_PAGE	hyakushou-kizoku	百姓貴族	百姓貴族	9	9	6	0	5	0	1	1	0	2	0
SKIP_PAGE	iwamoto-senpai-no-suisen	岩元先輩ノ推薦	岩元先輩ノ推薦	15	14	6	8	0	6	0	0	0	1	0
SKIP_PAGE	kakan-no-madonna	花冠のマドンナ	花冠のマドンナ	11	6	6	0	6	0	0	0	0	5	0
SKIP_PAGE	kakegurui	賭ケグルイ	賭ケグルイ	22	54	6	15	0	3	3	0	0	1	0
SKIP_PAGE	kanojo-okari-shimasu	彼女、お借りします	彼女、お借りします	47	52	6	40	0	6	0	0	0	1	0
SKIP_PAGE	koi-dano-ai-dano	恋だの愛だの	恋だの愛だの	11	18	6	0	0	6	0	0	5	0	0
SKIP_PAGE	koisuru-hahatachi	恋する母たち	恋する母たち	8	7	6	1	6	0	0	0	0	1	0
SKIP_PAGE	kongou-banchou	金剛番長	金剛番長	12	18	6	0	0	5	1	0	6	0	0
SKIP_PAGE	kumotori-zanpei	雲盗り暫平	雲盗り暫平	37	9	6	0	0	0	6	0	0	3	28
SKIP_PAGE	kurenai-ouji	紅心王子	紅心王子	18	18	6	11	5	0	1	1	0	0	0
SKIP_PAGE	kuroiwa-medaka-ni-watashi-no-kawaii-ga-tsuujinai	黒岩メダカに私の可愛いが通じない	黒岩メダカに私の可愛いが通じない	26	25	6	19	0	6	0	0	0	1	0
SKIP_PAGE	kyou-no-nekomura-san	きょうの猫村さん	きょうの猫村さん	19	11	6	5	1	0	5	0	0	8	0
SKIP_PAGE	lili-men	LILI-MEN	LILI-MEN	13	13	6	6	0	6	0	1	0	0	0
SKIP_PAGE	love-kon	ラブ★コン	ラブ★コン	17	33	6	8	2	1	3	0	3	0	0
SKIP_PAGE	love-so-life	LOVE SO LIFE	LOVE SO LIFE	17	21	6	0	0	6	0	0	11	0	0
SKIP_PAGE	manga-de-wakaru-shinryounaika	マンガで分かる心療内科	マンガで分かる心療内科	23	41	6	0	0	0	6	15	2	0	0
SKIP_PAGE	mangaka-san-to-assistant-san-to	マンガ家さんとアシスタントさんと	マンガ家さんとアシスタントさんと	10	11	6	2	0	0	6	0	2	0	0
SKIP_PAGE	marriagetoxin	マリッジトキシン	マリッジトキシン	19	18	6	12	0	6	0	0	0	1	0
SKIP_PAGE	meiryoutei-gotou-seijuurou	明稜帝梧桐勢十郎	明稜帝 梧桐勢十郎	16	19	6	3	0	0	6	7	0	0	0
SKIP_PAGE	mitsu-mitsu-drops	蜜×蜜ドロップス	蜜×蜜ドロップス	8	8	6	0	6	0	0	0	0	2	0
SKIP_PAGE	mokuyoubi-no-furutto	木曜日のフルット	木曜日のフルット	12	12	6	3	2	4	0	0	3	0	0
SKIP_PAGE	mugen-no-juunin	無限の住人	無限の住人	30	64	6	10	0	0	6	14	0	0	0
SKIP_PAGE	natsume-yuujinchou	夏目友人帳	夏目友人帳	33	48	6	18	0	6	0	2	0	7	0
SKIP_PAGE	nigakute-amai	にがくてあまい	にがくてあまい	13	26	6	6	2	0	4	0	1	0	0
SKIP_PAGE	nokemono-to-hanayome	ノケモノと花嫁	ノケモノと花嫁	12	12	6	5	0	0	6	0	0	1	0
SKIP_PAGE	ookami-heika-no-hanayome	狼陛下の花嫁	狼陛下の花嫁	19	21	6	6	1	3	2	0	7	0	0
SKIP_PAGE	oshitone-tenzen	おしとね天繕	おしとね天繕	7	7	6	0	0	0	6	0	1	0	0
SKIP_PAGE	paranoma	ぱらのま	ぱらのま	8	7	6	0	6	0	0	0	1	1	0
SKIP_PAGE	parfait-tic	パフェちっく!	パフェちっく!	22	23	6	3	1	0	5	0	13	0	0
SKIP_PAGE	ppoi	っポイ!	っポイ!	30	33	6	8	0	0	6	2	14	0	0
SKIP_PAGE	q-and-a	QあんどA	QあんどA	9	6	6	0	0	6	0	0	0	3	0
SKIP_PAGE	rec	REC	REC (漫画)	16	16	6	5	6	0	0	5	0	0	0
SKIP_PAGE	red-mudan	レッドムーダン	レッドムーダン	13	12	6	6	0	6	0	0	0	1	0
SKIP_PAGE	robou-no-fujii	路傍のフジイ	路傍のフジイ	7	6	6	0	6	0	0	0	0	1	0
SKIP_PAGE	rockin-heaven	ロッキン☆ヘブン	ロッキン★ヘブン	8	8	6	0	0	6	0	0	2	0	0
SKIP_PAGE	rookies	Rookies	ROOKIES	38	40	6	16	0	6	0	16	0	0	0
SKIP_PAGE	saint-dragon-girl	聖・ドラゴンガール	聖・ドラゴンガール	8	13	6	0	0	0	6	2	0	0	0
SKIP_PAGE	sangokushi	三国志	三国志 (横山光輝の漫画)	90	172	6	27	2	0	4	16	15	1	25
SKIP_PAGE	sawaranaide-kotesashi-kun	さわらないで小手指くん	さわらないで小手指くん	17	16	6	10	0	6	0	0	0	1	0
SKIP_PAGE	sensei-ni-naremasen	せんせいになれません	せんせいになれません	11	11	6	1	1	0	5	1	3	0	0
SKIP_PAGE	serafikku-feather	セラフィック・フェザー	セラフィック・フェザー	11	12	6	1	0	1	5	4	0	0	0
SKIP_PAGE	shamo	軍鶏	軍鶏 (漫画)	34	32	6	6	0	0	6	0	0	3	19
SKIP_PAGE	shinkurou-hashiru	新九郎、奔る!	新九郎、奔る!	24	23	6	5	0	6	0	12	0	1	0
SKIP_PAGE	shounen-shinkaron	少年進化論	少年進化論	8	27	6	1	0	6	0	0	1	0	0
SKIP_PAGE	shouta-no-sushi	将太の寿司	将太の寿司	40	70	6	31	0	0	6	3	0	0	0
SKIP_PAGE	super-lovers	SUPER LOVERS	SUPER LOVERS (漫画)	21	21	6	9	5	1	0	0	4	2	0
SKIP_PAGE	suroomooshon-o-mou-ichido	スローモーションをもう一度	スローモーションをもう一度	7	6	6	0	6	0	0	0	0	1	0
SKIP_PAGE	switch-girl	スイッチガール!!	スイッチガール!!	24	25	6	0	0	5	1	0	18	0	0
SKIP_PAGE	tadashii-kodomo-no-tsukurikata	正しいコドモの作り方!	正しいコドモの作り方!	7	7	6	0	0	6	0	0	1	0	0
SKIP_PAGE	terra-formars	テラフォーマーズ	テラフォーマーズ	24	42	6	0	0	0	6	18	0	0	0
SKIP_PAGE	tokyo-under-ground	東京アンダーグラウンド	東京アンダーグラウンド	14	18	6	2	0	0	6	0	6	0	0
SKIP_PAGE	tsuyudaku	つゆダク	つゆダク	10	6	6	0	6	0	0	0	0	4	0
SKIP_PAGE	uchi-no-chiisana-jochuu-san	うちのちいさな女中さん	うちのちいさな女中さん	7	7	6	0	6	0	0	1	0	0	0
SKIP_PAGE	vassalord	Vassalord.	Vassalord.	7	7	6	0	2	0	4	0	0	1	0
SKIP_PAGE	yancha-gal-no-anjou-san	やんちゃギャルの安城さん	やんちゃギャルの安城さん	17	23	6	7	5	1	0	2	0	2	0
SKIP_PAGE	zennippon-imouto-senshuken	全日本妹選手権!!	全日本妹選手権!!	7	7	6	0	0	0	6	0	0	1	0
SKIP_PAGE	akaneko-no-akuma	あかねこの悪魔	あかねこの悪魔	6	6	5	0	5	0	0	0	1	0	0
SKIP_PAGE	alosmente	アルオスメンテ	アルオスメンテ	6	6	5	0	2	0	3	0	1	0	0
SKIP_PAGE	amano-megumi-wa-sukidarake	天野めぐみはスキだらけ!	天野めぐみはスキだらけ!	28	28	5	22	0	5	0	0	0	1	0
SKIP_PAGE	aoi-hana	青い花	青い花 (漫画)	8	9	5	0	0	0	5	1	2	0	0
SKIP_PAGE	atom-the-beginning	アトムザ・ビギニング	アトム ザ・ビギニング	26	27	5	19	1	4	0	1	0	1	0
SKIP_PAGE	ayame-kun-no-nonbiri-nikushoku-nisshi	アヤメくんののんびり肉食日誌	アヤメくんののんびり肉食日誌	21	20	5	14	0	5	0	0	1	1	0
SKIP_PAGE	barakamon	ばらかもん	ばらかもん	19	27	5	12	0	0	5	0	1	1	0
SKIP_PAGE	battle-club	バトルクラブ	バトルクラブ	6	9	5	0	1	0	4	0	1	0	0
SKIP_PAGE	bijo-ga-yajuu	美女が野獣	美女が野獣	8	5	5	0	0	0	5	0	0	3	0
SKIP_PAGE	boku-to-roboko	僕とロボコ	僕とロボコ	28	27	5	4	0	5	0	17	1	1	0
SKIP_PAGE	boku-wa-konomama-kaeranai	ぼくはこのまま帰らない	ぼくはこのまま帰らない	9	12	5	0	5	0	0	4	0	0	0
SKIP_PAGE	california-monogatari	カリフォルニア物語	カリフォルニア物語	12	17	5	0	5	0	0	0	0	0	7
SKIP_PAGE	card-no-ou-sama	カードの王様	カードの王様	9	9	5	1	0	0	5	3	0	0	0
SKIP_PAGE	cheers	Cheers!	Cheers! (漫画)	21	21	5	14	5	0	0	2	0	0	0
SKIP_PAGE	chocomimi	チョコミミ	チョコミミ	11	11	5	2	0	5	0	0	4	0	0
SKIP_PAGE	choujin-x	超人X	超人X	17	16	5	11	0	5	0	0	0	1	0
SKIP_PAGE	cyborg-kuro-chan	サイボーグクロちゃん	サイボーグクロちゃん	11	23	5	0	0	5	0	5	0	1	0
SKIP_PAGE	dance-dance-danseur	ダンス・ダンス・ダンスール	ダンス・ダンス・ダンスール	33	33	5	26	3	2	0	1	0	1	0
SKIP_PAGE	dandadan	ダンダダン	ダンダダン	25	25	5	19	0	5	0	0	0	1	0
SKIP_PAGE	deatte-5-byou-de-battle	出会って5秒でバトル	出会って5秒でバトル	31	32	5	25	1	4	0	1	0	0	0
SKIP_PAGE	densetsu-no-atama-show	伝説の頭翔	伝説の頭 翔	11	11	5	4	0	0	5	0	1	1	0
SKIP_PAGE	diamond-head	ダイアモンド・ヘッド	ダイアモンド・ヘッド (漫画)	8	8	5	0	5	0	0	3	0	0	0
SKIP_PAGE	dolly-kanon	ドーリィ♪カノン	ドーリィ♪カノン	10	13	5	4	2	3	0	0	0	1	0
SKIP_PAGE	drama-queen	ドラマクイン	ドラマクイン	7	6	5	1	0	5	0	0	0	1	0
SKIP_PAGE	fake	Fake	FAKE (漫画)	12	12	5	5	0	0	5	2	0	0	0
SKIP_PAGE	frogman	フロッグマン	フロッグマン (漫画)	6	6	5	0	0	0	5	0	1	0	0
SKIP_PAGE	gaatoruudo-no-recipe	ガートルードのレシピ	ガートルードのレシピ	7	7	5	0	0	0	5	2	0	0	0
SKIP_PAGE	global-garden	GLOBAL GARDEN	GLOBAL GARDEN	12	12	5	0	0	0	5	0	7	0	0
SKIP_PAGE	goumon-baito-kun-no-nichijou	拷問バイトくんの日常	拷問バイトくんの日常	8	8	5	0	5	0	0	0	1	2	0
SKIP_PAGE	grappler-baki	グラップラー刃牙	グラップラー刃牙	42	303	5	0	5	0	0	0	37	0	0
SKIP_PAGE	gto	GTO	GTO (漫画)	37	160	5	28	0	1	4	3	0	1	0
SKIP_PAGE	gunka-no-baltzar	軍靴のバルツァー	軍靴のバルツァー	21	23	5	15	0	3	2	1	0	0	0
SKIP_PAGE	high-score	HIGH SCORE	HIGH SCORE	25	25	5	9	0	3	2	4	3	4	0
SKIP_PAGE	himajin	ひまじん	ひまじん	7	7	5	0	0	0	5	2	0	0	0
SKIP_PAGE	hitomi-chan-wa-hitomishiri	瞳ちゃんは人見知り	瞳ちゃんは人見知り	12	12	5	0	3	2	0	3	4	0	0
SKIP_PAGE	ivu-no-nemuri	イヴの眠り	イヴの眠り	8	8	5	0	5	0	0	3	0	0	0
SKIP_PAGE	jimihen	じみへん	じみへん	12	14	5	4	5	0	0	3	0	0	0
SKIP_PAGE	kakunaru-ue-wa	描くなるうえは	描くなるうえは	8	7	5	2	5	0	0	0	0	1	0
SKIP_PAGE	karakaijouzu-no-takagi-san	からかい上手の高木さん	からかい上手の高木さん	20	56	5	12	0	5	0	0	0	3	0
SKIP_PAGE	kari-suma	仮スマ	仮スマ	8	8	5	0	0	5	0	0	3	0	0
SKIP_PAGE	kenjuushin	拳銃神	拳銃神	9	9	5	0	0	0	5	4	0	0	0
SKIP_PAGE	koi-to-yobu-niwa-kimochiwarui	恋と呼ぶには気持ち悪い	恋と呼ぶには気持ち悪い	8	9	5	0	2	0	3	2	0	1	0
SKIP_PAGE	koko-ga-uwasa-no-el-palacio	ここが噂のエル・パラシオ	ここが噂のエル・パラシオ	7	7	5	1	0	4	1	0	1	0	0
SKIP_PAGE	koko-ha-green-uddo	ここはグリーン・ウッド	ここはグリーン・ウッド	17	21	5	5	0	0	5	2	5	0	0
SKIP_PAGE	koumei-no-yome	孔明のヨメ。	孔明のヨメ。	19	18	5	5	0	2	3	8	0	1	0
SKIP_PAGE	kurotsubaki	玄椿	玄椿	18	18	5	4	0	0	5	0	9	0	0
SKIP_PAGE	lonely-girl-ni-sakaraenai	ロンリーガールに逆らえない	ロンリーガールに逆らえない	6	7	5	0	5	0	0	0	0	1	0
SKIP_PAGE	love-monster	ラブ・モンスター	ラブ・モンスター	19	12	5	7	0	5	0	0	0	7	0
SKIP_PAGE	love-stage	LOVE STAGE!!	LOVE STAGE!!	7	17	5	1	4	0	1	0	1	0	0
SKIP_PAGE	mad	MAD	MAD (漫画)	7	7	5	1	0	5	0	1	0	0	0
SKIP_PAGE	mii-chan-to-yamada-san	みいちゃんと山田さん	みいちゃんと山田さん	7	6	5	0	0	5	0	0	0	2	0
SKIP_PAGE	monkey-turn	モンキーターン	モンキーターン (漫画)	48	66	5	34	0	0	5	0	9	0	0
SKIP_PAGE	nanba-deadend	ナンバデッドエンド	ナンバデッドエンド	15	15	5	1	0	1	4	0	9	0	0
SKIP_PAGE	nante-suteki-ni-japanesque	なんて素敵にジャパネスク	なんて素敵にジャパネスク	17	67	5	9	0	0	5	0	3	0	0
SKIP_PAGE	needless	NEEDLESS	NEEDLESS	16	8	5	0	0	0	5	0	0	11	0
SKIP_PAGE	neko-to-shinshi-no-teiiruumu	猫と紳士のティールーム	猫と紳士のティールーム	6	5	5	0	5	0	0	0	0	1	0
SKIP_PAGE	nigejouzu-no-wakagimi	逃げ上手の若君	逃げ上手の若君	27	26	5	21	0	5	0	0	0	1	0
SKIP_PAGE	nyan-koi	にゃんこい!	にゃんこい!	6	11	5	0	0	0	5	1	0	0	0
SKIP_PAGE	okashina-futari	おかしな2人	おかしな2人 (漫画)	32	31	5	0	0	0	5	24	2	1	0
SKIP_PAGE	otona-taisen	大人大戦	大人大戦	6	5	5	0	0	5	0	0	0	1	0
SKIP_PAGE	owaru-sekai-de-kimi-ni-koisuru	終わる世界でキミに恋する	終わる世界でキミに恋する	8	8	5	1	4	1	0	0	1	1	0
SKIP_PAGE	partner	PARTNER	PARTNER (名香智子の漫画)	33	33	5	23	0	0	5	0	5	0	0
SKIP_PAGE	project-zeoraimaa-omega	冥王計画ゼオライマーΩ	冥王計画ゼオライマーΩ	13	13	5	0	0	0	5	0	8	0	0
SKIP_PAGE	purantsu-doll	観用少女	観用少女	18	15	5	7	0	2	3	3	0	3	0
SKIP_PAGE	rabuyan	ラブやん	ラブやん	22	5	5	0	0	0	5	0	0	17	0
SKIP_PAGE	reimei-no-arcana	黎明のアルカナ	黎明のアルカナ	13	14	5	7	5	0	0	1	0	0	0
SKIP_PAGE	rikei-ga-koi-ni-ochita-node-shoumei-shite-mita	理系が恋に落ちたので証明してみた。	理系が恋に落ちたので証明してみた。	21	20	5	12	0	3	2	2	1	1	0
SKIP_PAGE	saibanchou-koko-wa-choueki-4nen-de-dousuka	裁判長!ここは懲役4年でどうすか	裁判長!ここは懲役4年でどうすか	13	7	5	0	0	0	5	0	0	8	0
SKIP_PAGE	saikin-chouchou-wa	最近、蝶々は…	最近、蝶々は…	7	7	5	0	0	0	5	2	0	0	0
SKIP_PAGE	samurider	サムライダー	サムライダー	10	14	5	2	0	0	5	3	0	0	0
SKIP_PAGE	sanagi-san	サナギさん	サナギさん	6	7	5	0	5	0	0	0	1	0	0
SKIP_PAGE	seigi-no-mikata	正義の味方	正義の味方 (漫画)	7	7	5	0	0	0	5	0	2	0	0
SKIP_PAGE	sentai-daishikkaku	戦隊大失格	戦隊大失格	22	21	5	15	0	5	0	1	0	1	0
SKIP_PAGE	sentai-red-isekai-de-boukensha-ni-naru	戦隊レッド異世界で冒険者になる	戦隊レッド 異世界で冒険者になる	12	11	5	6	0	5	0	0	0	1	0
SKIP_PAGE	setogiwa-hanayome	セトギワ花ヨメ	セトギワ花ヨメ	12	14	5	0	0	0	5	3	4	0	0
SKIP_PAGE	shishunki-chan-no-shitsukekata	思春期ちゃんのしつけかた	思春期ちゃんのしつけかた	12	12	5	0	5	0	0	0	7	0	0
SKIP_PAGE	shrink-seishinkai-yowai	Shrink～精神科医ヨワイ～	Shrink〜精神科医ヨワイ〜	19	18	5	13	0	5	0	0	0	1	0
SKIP_PAGE	slime-morimori	スライムもりもり	スライムもりもり	11	11	5	0	0	5	0	0	6	0	0
SKIP_PAGE	sokonuke-rpg	そこぬけRPG	そこぬけRPG	6	6	5	0	0	0	5	1	0	0	0
SKIP_PAGE	sora-no-canvas	空のキャンバス	空のキャンバス	12	17	5	2	0	5	0	5	0	0	0
SKIP_PAGE	sunabouzu	砂ぼうず	砂ぼうず	22	22	5	4	5	0	0	7	0	6	0
SKIP_PAGE	sweet-room	すいーとるーむ?	すいーとるーむ?	6	6	5	0	0	0	5	1	0	0	0
SKIP_PAGE	tabi-to-michizure	タビと道づれ	タビと道づれ	6	6	5	0	1	0	4	0	1	0	0
SKIP_PAGE	tekkaba-no-shin	鉄火場のシン	鉄火場のシン	10	10	5	2	4	0	1	1	2	0	0
SKIP_PAGE	tenmusu	てんむす	てんむす	10	10	5	0	0	2	3	0	5	0	0
SKIP_PAGE	tokyo-myuumyuu	東京ミュウミュウ	東京ミュウミュウ	17	37	5	3	0	0	5	2	0	7	0
SKIP_PAGE	touch-up	タッチアップ	タッチアップ (漫画)	7	5	5	0	5	0	0	0	0	2	0
SKIP_PAGE	tougen-anki	桃源暗鬼	桃源暗鬼	31	32	5	23	0	5	0	1	0	2	0
SKIP_PAGE	trend-no-joou-miho	トレンドの女王ミホ	トレンドの女王ミホ	15	5	5	0	0	0	5	0	0	10	0
SKIP_PAGE	tsukuyomi	月詠	月詠	16	24	5	0	5	0	0	10	1	0	0
SKIP_PAGE	uchikomi	ウチコミ!!	ウチコミ!!	7	7	5	0	0	5	0	0	2	0	0
SKIP_PAGE	umizaru	海猿	海猿	17	17	5	0	5	0	0	12	0	0	0
SKIP_PAGE	winning-ticket	ウイニング・チケット	ウイニング・チケット (漫画)	21	7	5	0	0	0	5	0	0	16	0
SKIP_PAGE	yokohama-kaidashi-kikou	ヨコハマ買い出し紀行	ヨコハマ買い出し紀行	14	31	5	8	0	0	5	0	1	0	0
SKIP_PAGE	yorozuya-toukaidou-honpo	よろず屋東海道本舗	よろず屋東海道本舗	14	15	5	4	0	0	5	5	0	0	0
SKIP_PAGE	youkai-gakkou-no-sensei-hajimemashita	妖怪学校の先生はじめました!	妖怪学校の先生はじめました!	22	23	5	16	0	5	0	0	0	1	0
SKIP_PAGE	yumeiro-pateishieeru	夢色パティシエール	夢色パティシエール	12	13	5	0	0	3	2	0	7	0	0
SKIP_PAGE	yuuutsuna-asa	憂鬱な朝	憂鬱な朝	8	9	5	2	5	0	0	0	1	0	0
SKIP_PAGE	za-doraemons	ザ☆ドラえもんズ	ザ・ドラえもんズ (田中道明版)	6	6	5	0	5	0	0	1	0	0	0
SKIP_PAGE	200m-saki-no-netsu	200m先の熱	200m先の熱	17	16	4	12	0	4	0	0	0	1	0
SKIP_PAGE	25ji-akasaka-de	25時、赤坂で	25時、赤坂で	6	6	4	0	4	0	0	0	0	2	0
SKIP_PAGE	87clockers	87CLOCKERS	87CLOCKERS	9	9	4	0	0	0	4	5	0	0	0
SKIP_PAGE	ai-o-utau-yori-ore-ni-oborero	愛を歌うより俺に溺れろ!	愛を歌うより俺に溺れろ!	5	10	4	0	4	0	0	0	1	0	0
SKIP_PAGE	akuma-na-eros	悪魔なエロス	悪魔なエロス	6	6	4	1	2	0	2	0	1	0	0
SKIP_PAGE	amagami-san-no-enmusubi	甘神さんちの縁結び	甘神さんちの縁結び	22	22	4	17	0	4	0	0	0	1	0
SKIP_PAGE	amakusa-1637	AMAKUSA 1637	AMAKUSA1637	19	11	4	7	4	0	0	0	0	8	0
SKIP_PAGE	anata-to-scandal	あなたとスキャンダル	あなたとスキャンダル	8	9	4	0	0	4	0	3	1	0	0
SKIP_PAGE	appleseed	アップルシード	アップルシード	9	22	4	3	0	0	4	0	0	2	0
SKIP_PAGE	arachnid	アラクニド	アラクニド	14	26	4	3	0	0	4	0	0	7	0
SKIP_PAGE	arakawa-under-za-bridge	荒川アンダー ザ ブリッジ	荒川アンダー ザ ブリッジ	15	17	4	5	3	0	1	1	5	0	0
SKIP_PAGE	bakegyamon	妖逆門	妖逆門	5	5	4	0	4	0	0	0	1	0	0
SKIP_PAGE	bakumeshi	ばくめし!	ばくめし!	6	12	4	0	4	0	0	0	0	2	0
SKIP_PAGE	ballpark-de-tsukamaete	ボールパークでつかまえて!	ボールパークでつかまえて!	20	20	4	15	0	4	0	1	0	0	0
SKIP_PAGE	barista	バリスタ	バリスタ (漫画)	10	4	4	0	3	0	1	0	0	6	0
SKIP_PAGE	batsu-hare	バツハレ	バツハレ	13	12	4	8	0	4	0	0	0	1	0
SKIP_PAGE	beautiful	ビューティフル	ビューティフル (漫画)	6	4	4	0	3	0	1	0	0	2	0
SKIP_PAGE	beekaku	ベー革	ベー革	9	9	4	4	0	4	0	1	0	0	0
SKIP_PAGE	berserk	ベルセルク	ベルセルク (漫画)	43	61	4	13	4	0	0	13	12	1	0
SKIP_PAGE	binetsu-kuukan	微熱空間	微熱空間	6	6	4	1	4	0	0	0	1	0	0
SKIP_PAGE	bishoujo-suit-sailor-moon	美少女戦士セーラームーン	美少女戦士セーラームーン	40	70	4	17	0	0	4	10	0	9	0
SKIP_PAGE	bitou-lollipop	微糖ロリポップ	微糖ロリポップ	7	7	4	0	0	0	4	0	3	0	0
SKIP_PAGE	bud-boy	BUD BOY	BUD BOY	29	9	4	0	4	0	0	2	0	23	0
SKIP_PAGE	buraiden-gai	無頼伝涯	無頼伝 涯	9	9	4	0	0	0	4	5	0	0	0
SKIP_PAGE	career-kogitsune-kin-no-mori	キャリアこぎつねきんのもり	キャリア こぎつね きんのもり	8	7	4	0	0	0	4	1	0	3	0
SKIP_PAGE	chaser	チェイサー	チェイサー (漫画)	6	4	4	0	4	0	0	0	0	2	0
SKIP_PAGE	chopperman	チョッパーマン	チョッパーマン	5	6	4	0	0	4	0	0	1	0	0
SKIP_PAGE	dansai-bunri-no-crime-edge	断裁分離のクライムエッジ	断裁分離のクライムエッジ	11	13	4	4	0	1	3	1	2	0	0
SKIP_PAGE	dokkiri-doctor	どっきりドクター	どっきりドクター	6	8	4	0	4	0	0	0	2	0	0
SKIP_PAGE	doubutsu-no-oisha-san	動物のお医者さん	動物のお医者さん	20	38	4	0	0	2	2	0	16	0	0
SKIP_PAGE	dragon-ball-sd	ドラゴンボールSD	ドラゴンボールSD	12	13	4	6	0	4	0	0	2	0	0
SKIP_PAGE	emerging	エマージング	エマージング	5	4	4	0	0	0	4	0	0	1	0
SKIP_PAGE	f-compo	F. compo	F.COMPO	11	19	4	0	0	0	4	0	0	7	0
SKIP_PAGE	fudanshi-koukou-seikatsu	腐男子高校生活	腐男子高校生活	5	5	4	0	4	0	0	0	1	0	0
SKIP_PAGE	fukigenna-mononokean	不機嫌なモノノケ庵	不機嫌なモノノケ庵	18	20	4	13	0	0	4	1	0	0	0
SKIP_PAGE	futagashira	ふたがしら	ふたがしら	7	6	4	1	4	0	0	1	0	1	0
SKIP_PAGE	futari-2-omakase	2人におまかせ	2人におまかせ!	11	18	4	5	0	0	4	2	0	0	0
SKIP_PAGE	futoku-no-guild	不徳のギルド	不徳のギルド	18	17	4	13	0	4	0	0	0	1	0
SKIP_PAGE	genjuu-bunsho	原獣文書	原獣文書	10	10	4	0	2	0	2	6	0	0	0
SKIP_PAGE	genshiken	げんしけん	げんしけん	21	24	4	16	0	1	3	1	0	0	0
SKIP_PAGE	glamorous-gossip	GLAMOROUS GOSSIP	GLAMOROUS GOSSIP	5	5	4	0	2	0	2	0	1	0	0
SKIP_PAGE	go-to-go	伍と碁	伍と碁	7	6	4	1	0	4	0	1	0	1	0
SKIP_PAGE	gun-blaze-west	Gun blaze west	GUN BLAZE WEST	5	5	4	0	0	0	4	1	0	0	0
SKIP_PAGE	hakuryuu	白竜	白竜 (漫画)	21	116	4	5	0	0	4	0	0	0	12
SKIP_PAGE	hana-to-mitsubachi	花とみつばち	花とみつばち	7	19	4	0	0	0	4	3	0	0	0
SKIP_PAGE	heroine-shikkaku	ヒロイン失格	ヒロイン失格	10	13	4	1	0	3	1	0	5	0	0
SKIP_PAGE	hirake-koma	ひらけ駒!	ひらけ駒!	8	9	4	3	0	0	4	0	0	1	0
SKIP_PAGE	hot-road	ホットロード	ホットロード	6	12	4	0	0	4	0	0	2	0	0
SKIP_PAGE	i-am-a-hero	アイアムアヒーロー	アイアムアヒーロー	22	13	4	3	4	0	0	0	1	14	0
SKIP_PAGE	igano-kabamaru	伊賀野カバ丸	伊賀野カバ丸	15	19	4	3	0	4	0	0	0	4	4
SKIP_PAGE	initial-d	頭文字D	頭文字D	48	181	4	41	3	1	0	1	0	2	0
SKIP_PAGE	inugami-san-to-nekoyama-san	犬神さんと猫山さん	犬神さんと猫山さん	6	6	4	1	4	0	0	0	1	0	0
SKIP_PAGE	isshokenmei-ni-kurashite-ii-desuka	一緒に暮らしていいですか?	一緒に暮らしていいですか?	9	9	4	3	0	4	0	0	1	1	0
SKIP_PAGE	itoshino-nina	いとしのニーナ	いとしのニーナ	6	4	4	0	0	0	4	0	0	2	0
SKIP_PAGE	jagaaaaaan	ジャガーン	ジャガーン	14	4	4	0	4	0	0	0	0	10	0
SKIP_PAGE	jibaku-shounen-hanako-kun	地縛少年花子くん	地縛少年花子くん	27	28	4	22	0	3	1	0	0	1	0
SKIP_PAGE	josou-otoko-wa-skirt-o-nugitai	女装男子はスカートを脱ぎたい!	女装男子はスカートを脱ぎたい!	6	5	4	1	0	4	0	0	0	1	0
SKIP_PAGE	k2	K2	K2 (漫画)	53	78	4	47	0	4	0	1	0	1	0
SKIP_PAGE	kami-sama-no-iu-toori	神様の言うとおり!	神様の言うとおり!	17	17	4	9	0	4	0	0	4	0	0
SKIP_PAGE	kansayaku-nozaki-shuuhei	監査役野崎修平	監査役野崎修平	12	16	4	0	0	0	4	8	0	0	0
SKIP_PAGE	kimi-to-koete-koi-ni-naru	キミと越えて恋になる	キミと越えて恋になる	12	11	4	7	0	4	0	0	0	1	0
SKIP_PAGE	kingdom	キングダム	キングダム (漫画)	100	100	4	54	0	4	0	34	8	0	0
SKIP_PAGE	kodomo-no-omocha	こどものおもちゃ	こどものおもちゃ	17	24	4	7	0	0	4	0	6	0	0
SKIP_PAGE	koizumi-gakushuu-book	コイズミ学習ブック	コイズミ学習ブック	5	5	4	0	4	0	0	1	0	0	0
SKIP_PAGE	kouiu-noga-ii	こういうのがいい	こういうのがいい	14	13	4	9	0	4	0	0	0	1	0
SKIP_PAGE	koukou-kyuuji-zawa-san	高校球児ザワさん	高校球児ザワさん	12	4	4	0	2	0	2	0	0	8	0
SKIP_PAGE	kounodori	コウノドリ	コウノドリ	32	36	4	27	0	0	4	0	0	0	1
SKIP_PAGE	let-goutokuji	Let's豪徳寺!	Let's豪徳寺!	12	22	4	0	0	0	4	4	4	0	0
SKIP_PAGE	life	ライフ	ライフ (漫画)	20	33	4	12	0	0	4	0	4	0	0
SKIP_PAGE	locker-no-hanako-san	ロッカーのハナコさん	ロッカーのハナコさん	9	7	4	0	0	0	4	0	0	5	0
SKIP_PAGE	magikano	マジカノ	マジカノ	10	10	4	5	0	0	4	1	0	0	0
SKIP_PAGE	maid-wa-miracle	メイドはミラクル	メイドはミラクル	5	5	4	0	4	0	0	1	0	0	0
SKIP_PAGE	makin-happy	メイキン・ハッピィ	メイキン・ハッピィ	6	4	4	0	1	3	0	0	0	2	0
SKIP_PAGE	manekinekofudou-san	まねきねこ不動産	まねきねこ不動産	8	8	4	2	1	0	3	2	0	0	0
SKIP_PAGE	mato-seihei-no-slave	魔都精兵のスレイブ	魔都精兵のスレイブ	21	21	4	16	0	4	0	1	0	0	0
SKIP_PAGE	megami-no-kafeterasu	女神のカフェテラス	女神のカフェテラス	22	24	4	17	0	4	0	1	0	0	0
SKIP_PAGE	minamoto-kun-monogatari	源君物語	源君物語	16	18	4	0	0	0	4	12	0	0	0
SKIP_PAGE	miracle-dorakuru	みらくるドラクル	みらくるドラクル	5	5	4	0	4	0	0	0	1	0	0
SKIP_PAGE	miru	ミル	ミル (漫画)	6	6	4	0	3	0	1	0	2	0	0
SKIP_PAGE	mobile-suit-gundam-flanagan-buun-senki	機動戦士ガンダムフラナガン・ブーン戦記	機動戦士ガンダム フラナガン・ブーン戦記	7	7	4	2	0	4	0	1	0	0	0
SKIP_PAGE	morino-no-kuma-chan	森ののくまちゃん	森ののくまちゃん	7	7	4	2	3	1	0	1	0	0	0
SKIP_PAGE	mura-matsuri	村祀り	村祀り	20	8	4	4	4	0	0	0	0	12	0
SKIP_PAGE	musunde-hiraite	むすんでひらいて	むすんでひらいて (漫画)	8	8	4	0	0	0	4	3	1	0	0
SKIP_PAGE	nadeshiko-club	ナデシコクラブ	ナデシコクラブ	7	7	4	1	0	0	4	0	2	0	0
SKIP_PAGE	nagatachou-strawberry	永田町ストロベリィ	永田町ストロベリィ	5	5	4	0	0	0	4	0	1	0	0
SKIP_PAGE	nami-uraraka-ni-meoto-hiyori	波うららかに、めおと日和	波うららかに、めおと日和	11	11	4	5	0	4	0	0	0	2	0
SKIP_PAGE	nanaka-17-bunnoroku	ななか6/17	ななか6/17	12	14	4	6	0	0	4	0	2	0	0
SKIP_PAGE	nanba-mg5	ナンバMG5	ナンバMG5	18	6	4	0	4	0	0	0	2	12	0
SKIP_PAGE	natural-aso-1989	ナチュラル	ナチュラル (漫画)	13	4	4	0	0	0	4	0	0	9	0
SKIP_PAGE	natural	NATURAL	NATURAL (漫画)	16	16	4	0	0	0	4	9	3	0	0
SKIP_PAGE	nazo-no-kanojo-x	謎の彼女X	謎の彼女X	12	8	4	1	0	0	4	0	0	7	0
SKIP_PAGE	niehime-to-kemono-no-ou	贄姫と獣の王	贄姫と獣の王	15	20	4	10	0	4	0	0	0	1	0
SKIP_PAGE	nude-fighter-yuzuki-2011	ヌードファイター柚希	ヌードファイター柚希	5	5	4	0	4	0	0	0	1	0	0
SKIP_PAGE	nuigurumikkusu	ぬいぐるみっくす	ぬいぐるみっくす	5	5	4	0	4	0	0	1	0	0	0
SKIP_PAGE	obaka-chan-koi-katariki	おバカちゃん、恋語りき	おバカちゃん、恋語りき	7	8	4	0	0	4	0	0	3	0	0
SKIP_PAGE	ookii-onnanoko-wa-sukidesuka	大きい女の子は好きですか?	大きい女の子は好きですか?	8	8	4	3	4	0	0	1	0	0	0
SKIP_PAGE	ori-no-naka	澱の中	澱の中	5	5	4	0	0	4	0	0	0	1	0
SKIP_PAGE	oroka-na-tenshi-wa-akuma-to-odoru	愚かな天使は悪魔と踊る	愚かな天使は悪魔と踊る	23	24	4	17	0	4	0	2	0	0	0
SKIP_PAGE	ou-sama-rankingu	王様ランキング	王様ランキング	23	25	4	18	0	4	0	0	0	1	0
SKIP_PAGE	outlanders	アウトランダーズ	アウトランダーズ	14	15	4	3	0	0	4	7	0	0	0
SKIP_PAGE	paniponi	ぱにぽに	ぱにぽに	17	20	4	0	1	0	3	0	4	9	0
SKIP_PAGE	princess-lucia	Princess Lucia	Princess Lucia	5	5	4	0	1	0	3	0	1	0	0
SKIP_PAGE	princess-princess	プリンセス・プリンセス	プリンセス・プリンセス (漫画)	5	7	4	0	0	0	4	1	0	0	0
SKIP_PAGE	puripuri-chii-chan	プリプリちぃちゃん!!	プリプリちぃちゃん!!	7	6	4	1	4	0	0	0	1	1	0
SKIP_PAGE	reibaishi-izuna	霊媒師いずな	霊媒師いずな	10	14	4	0	0	0	4	2	0	4	0
SKIP_PAGE	rinshi-ekoda-chan	臨死!!江古田ちゃん	臨死!!江古田ちゃん	8	9	4	3	0	0	4	1	0	0	0
SKIP_PAGE	saezuru-tori-wa-habatakanai	囀る鳥は羽ばたかない	囀る鳥は羽ばたかない	10	9	4	4	2	2	0	0	0	2	0
SKIP_PAGE	sakura-zensen	さくら前線	さくら前線 (おおばやしみゆきの漫画)	6	7	4	0	4	0	0	0	2	0	0
SKIP_PAGE	sakurahime-kaden	桜姫華伝	桜姫華伝	12	12	4	0	0	3	1	0	8	0	0
SKIP_PAGE	sankyuu-pitch	サンキューピッチ	サンキューピッチ	7	6	4	2	0	4	0	0	0	1	0
SKIP_PAGE	seikimatsu-darling-2006	世紀末☆ダーリン	世紀末★ダーリン	7	7	4	0	4	0	0	0	0	3	0
SKIP_PAGE	seitokai-nimo-ana-wa-aru	生徒会にも穴はある!	生徒会にも穴はある!	13	15	4	8	0	4	0	0	0	1	0
SKIP_PAGE	shikii-no-juunin	敷居の住人	敷居の住人	7	13	4	0	0	0	4	0	0	3	0
SKIP_PAGE	shin-mobile-senki-gundam-wing-endless-waltz-haishatachi-no-eikou	新機動戦記ガンダムW Endless Waltz敗者たちの栄光	新機動戦記ガンダムW Endless Waltz 敗者たちの栄光	14	14	4	9	0	4	0	1	0	0	0
SKIP_PAGE	shin-saiseien	新☆再生縁	新☆再生縁	11	11	4	3	0	4	0	0	4	0	0
SKIP_PAGE	shinyaku-ookami-ga-kuru	新約オオカミが来る!	新約 オオカミが来る!	7	5	4	1	0	0	4	0	0	2	0
SKIP_PAGE	shiratori-reiko-de-gozaimasu	白鳥麗子でございます!	白鳥麗子でございます!	11	19	4	0	0	0	4	7	0	0	0
SKIP_PAGE	shoujo-shounen	少女少年	少女少年	7	8	4	1	4	0	0	0	2	0	0
SKIP_PAGE	shuudoushi-falco	修道士ファルコ	修道士ファルコ	6	8	4	0	0	3	1	0	2	0	0
SKIP_PAGE	silver-mountain	シルバーマウンテン	シルバーマウンテン	5	4	4	0	0	4	0	0	0	1	0
SKIP_PAGE	so-what	So what?	So What?	10	4	4	0	0	0	4	0	0	6	0
SKIP_PAGE	sommeli-re	ソムリエール	ソムリエール (漫画)	21	5	4	1	0	0	4	0	0	16	0
SKIP_PAGE	sons	Sons	Sons	11	11	4	1	0	4	0	1	5	0	0
SKIP_PAGE	souboutei-kowasubeshi	双亡亭壊すべし	双亡亭壊すべし	25	25	4	18	0	4	0	3	0	0	0
SKIP_PAGE	soumatou-kabushiki-kaisha	走馬灯株式会社	走馬灯株式会社	10	5	4	1	0	0	4	0	0	5	0
SKIP_PAGE	stop-hibari-kun	ストップ!!ひばりくん!	ストップ!! ひばりくん!	13	21	4	7	3	0	1	2	0	0	0
SKIP_PAGE	strobe-edge	ストロボ・エッジ	ストロボ・エッジ	10	5	4	0	0	4	0	0	0	6	0
SKIP_PAGE	super-mario-kun-takase2004	スーパーマリオくん	スーパーマリオくん (嵩瀬ひろしの漫画)	5	12	4	0	4	0	0	0	1	0	0
SKIP_PAGE	super-virgin	超バージン!	超バージン!	7	5	4	0	4	0	0	1	0	2	0
SKIP_PAGE	suzumiya-haruhi-chan-no-yuuutsu	涼宮ハルヒちゃんの憂鬱	涼宮ハルヒちゃんの憂鬱	12	15	4	2	0	0	4	5	0	1	0
SKIP_PAGE	taiho-shichauzo	逮捕しちゃうぞ	逮捕しちゃうぞ	11	37	4	6	0	0	4	1	0	0	0
SKIP_PAGE	teizokurei-daydream	低俗霊daydream	低俗霊DAYDREAM	10	10	4	0	0	0	4	6	0	0	0
SKIP_PAGE	teizokureigari	低俗霊狩り	低俗霊狩り	7	13	4	0	0	0	4	0	3	0	0
SKIP_PAGE	ten-no-shinwa-chi-no-eien	天の神話地の永遠	天の神話 地の永遠	14	5	4	1	0	0	4	0	0	9	0
SKIP_PAGE	tendou-ke-monogatari	天堂家物語	天堂家物語	17	16	4	10	0	4	0	1	0	2	0
SKIP_PAGE	tennen-ouji-no-housekibako	天然王子の宝石箱	天然王子の宝石箱	5	5	4	0	0	0	4	1	0	0	0
SKIP_PAGE	tenshi-2-bunnoichi-houteishiki	天使1/2方程式	天使1/2方程式	13	13	4	5	0	3	1	0	1	3	0
SKIP_PAGE	tenshi-no-tsuranokawa	天使のツラノカワ	天使のツラノカワ	8	8	4	3	0	0	4	1	0	0	0
SKIP_PAGE	tokyo-crazy-paradise	東京クレイジーパラダイス	東京クレイジーパラダイス	19	29	4	0	0	0	4	13	2	0	0
SKIP_PAGE	toppuku-kyousoukyoku	特攻服凶走曲	特攻服凶走曲	8	8	4	0	4	0	0	2	2	0	0
SKIP_PAGE	ultrabaroque-deprogrammer	ウルトラバロック・デプログラマー	ウルトラバロック・デプログラマー	5	5	4	0	1	0	3	0	1	0	0
SKIP_PAGE	undead-unluck	アンデッドアンラック	アンデッドアンラック	27	30	4	0	0	4	0	23	0	0	0
SKIP_PAGE	urusei-yatsura	うる星やつら	うる星やつら	71	85	4	15	0	0	4	34	0	18	0
SKIP_PAGE	vita-sexualis	VITAセクスアリス	VITAセクスアリス	6	5	4	0	4	0	0	0	1	1	0
SKIP_PAGE	waiwaitsu-hey-say-jump	わいわいっ☆Hey!Say!JUMP	わいわいっ☆Hey! Say! JUMP	5	5	4	0	2	2	0	0	1	0	0
SKIP_PAGE	wind-breaker	WIND BREAKER	WIND BREAKER (漫画)	27	27	4	19	0	4	0	0	0	4	0
SKIP_PAGE	yomeiro-choice	ヨメイロちょいす	ヨメイロちょいす	6	6	4	0	0	0	4	0	2	0	0
SKIP_PAGE	yuki-no-niizuma-wa-boku-to-tokeaitai	雪の新妻は僕と溶け合いたい	雪の新妻は僕と溶け合いたい	8	8	4	3	3	1	0	0	0	1	0
SKIP_PAGE	yuukoku-no-rasupuuchin	憂国のラスプーチン	憂国のラスプーチン	6	7	4	1	4	0	0	0	1	0	0
SKIP_PAGE	zenaku-no-kuzu	善悪の屑	善悪の屑	5	46	4	0	3	0	1	0	1	0	0
SKIP_PAGE	zouhyou-meshi-monogatari	雑兵めし物語	雑兵めし物語	5	4	4	0	4	0	0	0	0	1	0
SKIP_PAGE	042-keishuu-042	死刑囚042	死刑囚042	5	5	3	0	0	0	3	0	2	0	0
SKIP_PAGE	8-2001	8	8 (漫画)	4	4	3	0	3	0	0	0	1	0	0
SKIP_PAGE	9-days-wonder	9デイズワンダー	9デイズワンダー	4	4	3	0	0	2	1	0	1	0	0
SKIP_PAGE	ai-no-sakaagari	愛のさかあがり	愛のさかあがり	5	5	3	0	0	0	3	2	0	0	0
SKIP_PAGE	akame-ga-kill	アカメが斬る!	アカメが斬る!	15	21	3	5	0	0	3	0	0	7	0
SKIP_PAGE	alyosha	アリョーシャ!	アリョーシャ!	5	5	3	0	0	0	3	1	1	0	0
SKIP_PAGE	aniken	あにけん	あにけん	4	4	3	0	0	0	3	0	1	0	0
SKIP_PAGE	apollo-no-uta	アポロの歌	アポロの歌	9	6	3	1	0	0	3	0	0	5	0
SKIP_PAGE	asunaro-hakusho	あすなろ白書	あすなろ白書	7	6	3	0	3	0	0	0	0	4	0
SKIP_PAGE	ayu-mayu	あゆまゆ	あゆまゆ	5	5	3	0	3	0	0	0	2	0	0
SKIP_PAGE	baby-steps	ベイビーステップ	ベイビーステップ	47	46	3	43	0	0	3	0	0	1	0
SKIP_PAGE	baikoku-kikan	売国機関	売国機関	13	13	3	2	0	3	0	8	0	0	0
SKIP_PAGE	batsu-x-ichi	ばつ×いち	ばつ×いち	11	11	3	0	0	0	3	1	7	0	0
SKIP_PAGE	benriya-saitou-san-isekai-ni-iku	便利屋斎藤さん、異世界に行く	便利屋斎藤さん、異世界に行く	15	14	3	11	0	3	0	0	0	1	0
SKIP_PAGE	binbou-shimai-monogatari	貧乏姉妹物語	貧乏姉妹物語	4	4	3	0	1	0	2	0	1	0	0
SKIP_PAGE	biohazard-heavenly-island	バイオハザード ヘヴンリーアイランド	バイオハザード〜ヘヴンリーアイランド〜	5	5	3	0	0	3	0	0	2	0	0
SKIP_PAGE	biohazard-marhawa-desire	バイオハザード～マルハワデザイア～	バイオハザード〜マルハワデザイア〜	5	5	3	0	0	3	0	0	2	0	0
SKIP_PAGE	black-alice	ブラックアリス	ブラックアリス	11	13	3	6	3	0	0	1	1	0	0
SKIP_PAGE	blood-alone	BLOOD ALONE	BLOOD ALONE	10	4	3	1	0	0	3	0	0	6	0
SKIP_PAGE	boku-dake-ga-inai-machi	僕だけがいない街	僕だけがいない街	9	11	3	3	1	0	2	2	1	0	0
SKIP_PAGE	botsu-chan-no-jidai-1989	『坊っちゃん』の時代	「坊っちゃん」の時代	20	21	3	6	2	1	0	10	1	0	0
SKIP_PAGE	caramel-kiss	きゃらめる❤キッス	きゃらめる・キッス	4	4	3	0	3	0	0	0	1	0	0
SKIP_PAGE	cat-street	キャットストリート	キャットストリート (漫画)	13	3	3	0	0	0	3	0	0	10	0
SKIP_PAGE	cerberus	ケルベロス	ケルベロス (漫画)	10	10	3	0	0	3	0	0	7	0	0
SKIP_PAGE	champagne-shower	シャンペン・シャワー	シャンペン・シャワー	9	10	3	2	0	0	3	4	0	0	0
SKIP_PAGE	chaosic-rune-es	カオシックルーンES	カオシックルーンEs	5	5	3	0	0	0	3	2	0	0	0
SKIP_PAGE	cherry-blossom	チェリーブロッサム!	チェリーブロッサム!	5	5	3	0	3	0	0	0	2	0	0
SKIP_PAGE	chihiro-san	ちひろさん	ちひろさん	10	11	3	6	0	3	0	0	1	0	0
SKIP_PAGE	chiro-chan	ちろちゃん	ちろちゃん	5	4	3	0	1	0	2	1	0	1	0
SKIP_PAGE	chocolate-cosmos	チョコレートコスモス	チョコレートコスモス (漫画)	4	4	3	0	0	3	0	0	1	0	0
SKIP_PAGE	daitesuryou-koubouki	ダィテス領攻防記	ダィテス領攻防記	6	14	3	0	2	0	1	2	1	0	0
SKIP_PAGE	damedoru-to-sekai-1-dake-no-fun	ダメドルと世界に1人だけのファン	ダメドルと世界に1人だけのファン	5	4	3	1	3	0	0	0	0	1	0
SKIP_PAGE	damonde-toyohashi-ga-sukitte-ittorujan	だもんで豊橋が好きって言っとるじゃん!	だもんで豊橋が好きって言っとるじゃん!	9	3	3	0	2	1	0	0	0	6	0
SKIP_PAGE	danzaisha	断罪者	断罪者	6	6	3	0	3	0	0	2	1	0	0
SKIP_PAGE	dekin-no-mogura	出禁のモグラ	出禁のモグラ	13	13	3	8	0	3	0	0	0	2	0
SKIP_PAGE	dennouen	電脳炎	電脳炎	6	6	3	0	3	0	0	0	0	3	0
SKIP_PAGE	dog-signal	DOG SIGNAL	DOG SIGNAL	15	17	3	11	0	3	0	1	0	0	0
SKIP_PAGE	dokidoki-shitei-life	どきどき姉弟ライフ	どきどき姉弟ライフ	4	4	3	0	0	0	3	0	1	0	0
SKIP_PAGE	dokonjou-gaeru-no-musume	ど根性ガエルの娘	ど根性ガエルの娘	5	4	3	0	3	0	0	0	1	1	0
SKIP_PAGE	doonyatsu	どーにゃつ	どーにゃつ	6	5	3	2	0	0	3	0	0	1	0
SKIP_PAGE	dororo-bon	どろろ梵	どろろ梵	4	3	3	0	3	0	0	0	0	1	0
SKIP_PAGE	doubt	ダウト!!	ダウト!!	9	6	3	0	0	0	3	0	3	3	0
SKIP_PAGE	dr-rin-ni-kiitemite	Dr.リンにきいてみて!	Dr.リンにきいてみて!	8	9	3	3	0	0	3	0	2	0	0
SKIP_PAGE	drifters	ドリフターズ	ドリフターズ (漫画)	7	9	3	3	3	0	0	0	0	1	0
SKIP_PAGE	duction-man	ダクションマン	ダクションマン	4	4	3	0	0	0	3	0	1	0	0
SKIP_PAGE	eroge-no-taiyou	エロゲの太陽	エロゲの太陽	4	4	3	0	3	0	0	0	1	0	0
SKIP_PAGE	famicom-rannaa-takahashi-meijin-monogatari	ファミコンランナー高橋名人物語	ファミコンランナー高橋名人物語	6	7	3	1	0	3	0	0	2	0	0
SKIP_PAGE	fire	ファイヤー!	ファイヤー!	9	9	3	2	0	3	0	3	1	0	0
SKIP_PAGE	gaki-deka	がきデカ	がきデカ	34	41	3	3	1	0	2	2	26	0	0
SKIP_PAGE	gaki-kyoushitsu	ガキ教室	ガキ教室	5	5	3	0	0	3	0	0	2	0	0
SKIP_PAGE	gakkou-no-ojikan	学校のおじかん	学校のおじかん	17	17	3	0	0	0	3	0	14	0	0
SKIP_PAGE	ganbare-nekoyama-sensei	がんばれ!猫山先生	がんばれ!猫山先生	7	7	3	2	0	0	3	2	0	0	0
SKIP_PAGE	ganryuu	ガンリュウ	ガンリュウ	8	4	3	1	0	0	3	0	0	4	0
SKIP_PAGE	genji	源氏	源氏 (漫画)	8	11	3	0	1	2	0	4	1	0	0
SKIP_PAGE	getsuyoubi-no-tawawa	月曜日のたわわ	月曜日のたわわ	15	15	3	10	0	3	0	2	0	0	0
SKIP_PAGE	gifted	ギフテッド	ギフテッド (漫画)	12	12	3	8	0	3	0	0	1	0	0
SKIP_PAGE	girflet-house-no-hitsujitachi	ガーフレット寮の羊たち	ガーフレット寮の羊たち	6	6	3	0	0	3	0	0	3	0	0
SKIP_PAGE	girl-friends	GIRL FRIENDS	GIRL FRIENDS	5	3	3	0	0	0	3	0	0	2	0
SKIP_PAGE	gisho-getter-robo-darkness	偽書ゲッターロボダークネス	偽書ゲッターロボ ダークネス	4	5	3	0	0	0	3	0	1	0	0
SKIP_PAGE	gokushufudou	極主夫道	極主夫道	17	17	3	13	0	3	0	0	0	1	0
SKIP_PAGE	good-morning-call	グッドモーニング・コール	グッドモーニング・コール	17	41	3	6	0	3	0	0	8	0	0
SKIP_PAGE	goukon-ni-ittara-onna-ga-inakatta-hanashi	合コンに行ったら女がいなかった話	合コンに行ったら女がいなかった話	12	11	3	8	0	3	0	0	0	1	0
SKIP_PAGE	grenadier	グレネーダー	グレネーダー	7	7	3	0	0	0	3	4	0	0	0
SKIP_PAGE	guranma-no-yuuutsu	グランマの憂鬱	グランマの憂鬱	20	19	3	16	0	3	0	0	0	1	0
SKIP_PAGE	hajime-cross	はじめ×くろす	はじめ×くろす	4	4	3	0	0	0	3	1	0	0	0
SKIP_PAGE	hajimete-no-aku	はじめてのあく	はじめてのあく	16	16	3	2	0	3	0	0	11	0	0
SKIP_PAGE	hakuba-no-ouji-sama	ハクバノ王子サマ	ハクバノ王子サマ	10	3	3	0	3	0	0	0	0	7	0
SKIP_PAGE	hamidashikko	はみだしっ子	はみだしっ子	19	29	3	3	0	3	0	0	8	0	5
SKIP_PAGE	hana-no-bijohime	花の美女姫	花の美女姫	7	3	3	0	3	0	0	0	0	4	0
SKIP_PAGE	hana-no-kishi	花の騎士	花の騎士	5	5	3	1	0	0	3	0	1	0	0
SKIP_PAGE	hana-wa-saku-shura-no-gotoku	花は咲く、修羅の如く	花は咲く、修羅の如く	11	10	3	7	0	3	0	0	0	1	0
SKIP_PAGE	hanakanmuri-no-ryuu-no-himegimi	花冠の竜の姫君	花冠の竜の姫君	10	10	3	1	1	1	1	0	6	0	0
SKIP_PAGE	hanauta-memowaaru	花唄メモワール	花唄メモワール	8	7	3	4	0	3	0	0	0	1	0
SKIP_PAGE	hanza-sky	ハンザスカイ	ハンザスカイ	13	13	3	2	0	1	2	0	8	0	0
SKIP_PAGE	houkago-assault-girls	放課後アサルト×ガールズ	放課後アサルト×ガールズ	8	8	3	0	0	0	3	5	0	0	0
SKIP_PAGE	houkago-kitaku-hiyori	放課後帰宅びより	放課後帰宅びより	7	6	3	3	0	3	0	0	0	1	0
SKIP_PAGE	houkago-wizard-club	放課後ウィザード倶楽部	放課後ウィザード倶楽部	4	4	3	0	0	3	0	0	1	0	0
SKIP_PAGE	ichinensei-ni-natchattara	一年生になっちゃったら	一年生になっちゃったら	9	3	3	0	1	0	2	0	0	6	0
SKIP_PAGE	idolatry	アイドラトリィ	アイドラトリィ	5	4	3	0	0	3	0	0	1	1	0
SKIP_PAGE	ikusagami	イクサガミ	イクサガミ	7	10	3	1	0	3	0	0	0	3	0
SKIP_PAGE	imouto-android	妹!アンドロイド	妹!アンドロイド	6	6	3	0	0	0	3	0	3	0	0
SKIP_PAGE	isekai-oji-san	異世界おじさん	異世界おじさん	16	15	3	12	0	3	0	0	0	1	0
SKIP_PAGE	iyashi-no-ha	癒しの葉	癒しの葉	8	12	3	4	0	0	3	0	1	0	0
SKIP_PAGE	jaa-anta-ga-tsukutte-miroyo	じゃあ、あんたが作ってみろよ	じゃあ、あんたが作ってみろよ	5	4	3	1	1	2	0	0	0	1	0
SKIP_PAGE	jun-ai-sensation	純☆愛センセーション	純★愛センセーション	5	5	3	0	1	2	0	0	2	0	0
SKIP_PAGE	kaibutsu-kun-1988	怪物くん	怪物くん	46	3	3	0	3	0	0	0	0	43	0
SKIP_PAGE	kaichou-sama-to-hiyoko-chan	会長様とひよこちゃん	会長様とひよこちゃん	4	4	3	0	2	1	0	0	1	0	0
SKIP_PAGE	kaii-to-otome-to-kamikakushi	怪異と乙女と神隠し	怪異と乙女と神隠し	11	10	3	1	1	2	0	6	0	1	0
SKIP_PAGE	kakko-kawaii-sengen	カッコカワイイ宣言!	カッコカワイイ宣言!	5	5	3	1	0	3	0	0	1	0	0
SKIP_PAGE	kamen-rider-kuuga	仮面ライダークウガ	仮面ライダークウガ (漫画)	31	31	3	8	0	3	0	17	2	1	0
SKIP_PAGE	kami-naki-sekai-no-kami-sama-katsudou	神無き世界のカミサマ活動	神無き世界のカミサマ活動	13	14	3	6	0	3	0	4	0	0	0
SKIP_PAGE	kami-no-inu	神の犬	神の犬	4	5	3	0	3	0	0	0	0	1	0
SKIP_PAGE	kami-no-shizuku	神の雫	神の雫	44	74	3	36	0	0	3	5	0	0	0
SKIP_PAGE	kami-sama-to-gisou-couple-hajimemashita	神さまと偽装カップルはじめました	神さまと偽装カップルはじめました	7	7	3	3	1	2	0	1	0	0	0
SKIP_PAGE	kamonohashi-ron-no-kindan-suiri	鴨乃橋ロンの禁断推理	鴨乃橋ロンの禁断推理	19	19	3	15	0	3	0	0	0	1	0
SKIP_PAGE	kanata-kara	彼方から	彼方から	21	21	3	8	0	0	3	3	7	0	0
SKIP_PAGE	kannazuki-yukariko-no-yuuga-na-himatsubushi	神無月紫子の優雅な暇潰し	神無月紫子の優雅な暇潰し	18	17	3	13	0	3	0	1	0	1	0
SKIP_PAGE	kao-dake-ja-suki-ni-narimasen	顔だけじゃ好きになりません	顔だけじゃ好きになりません	17	17	3	13	0	3	0	0	0	1	0
SKIP_PAGE	karubania-monogatari	カルバニア物語	カルバニア物語	22	22	3	1	3	0	0	0	0	0	18
SKIP_PAGE	kaze-no-sonata	風のソナタ	風のソナタ	6	6	3	1	0	0	3	2	0	0	0
SKIP_PAGE	kaze-shimasu	風します?	風します?	6	6	3	0	2	0	1	0	3	0	0
SKIP_PAGE	kimiiro-focus	キミイロフォーカス	キミイロフォーカス	10	10	3	0	0	3	0	0	7	0	0
SKIP_PAGE	kinpeibai-watanabe-1995	金瓶梅	金瓶梅 (わたなべまさこの漫画)	20	6	3	0	0	0	3	1	0	16	0
SKIP_PAGE	kirakira-100paasento	キラキラ100％	キラキラ100%	9	4	3	0	0	0	3	0	1	5	0
SKIP_PAGE	kirei-ni-naritai	キレイになりたい!	キレイになりたい!	6	6	3	1	0	0	3	2	0	0	0
SKIP_PAGE	kiritani-san-chotsu-sore-kuunsuka	桐谷さんちょっそれ食うんすか!?	桐谷さん ちょっそれ食うんすか!?	22	21	3	18	0	3	0	0	0	1	0
SKIP_PAGE	koisuru-wan-piisu	恋するワンピース	恋するワンピース	13	13	3	9	0	3	0	1	0	0	0
SKIP_PAGE	konjiki-no-gash	金色のガッシュ!!	金色のガッシュ!!	49	78	3	44	0	0	3	1	1	0	0
SKIP_PAGE	kore-ga-watashi-no-goshujin-sama	これが私の御主人様	これが私の御主人様	5	8	3	0	3	0	0	0	2	0	0
SKIP_PAGE	koutsugou-semi-friend	好都合セミフレンド	好都合セミフレンド	5	4	3	1	3	0	0	0	0	1	0
SKIP_PAGE	kyojinzoku-no-hanayome	巨人族の花嫁	巨人族の花嫁	10	10	3	5	0	3	0	1	0	1	0
SKIP_PAGE	lindbergh	リンドバーグ	リンドバーグ (漫画)	8	8	3	3	0	3	0	0	2	0	0
SKIP_PAGE	love-game	LoVE GAME	LoVE GAME	4	4	3	0	0	3	0	0	1	0	0
SKIP_PAGE	love-koujou-iinkai-juicy-fruits	恋愛向上委員会ジューシーフルーツ	恋愛向上委員会 ジューシーフルーツ	5	5	3	0	0	3	0	2	0	0	0
SKIP_PAGE	m-to-n-no-shouzou	MとNの肖像	MとNの肖像	6	6	3	1	0	0	3	2	0	0	0
SKIP_PAGE	madoromi-barmaid	まどろみバーメイド	まどろみバーメイド	19	18	3	14	1	2	0	0	1	1	0
SKIP_PAGE	mahiro-taiken	まひろ体験	まひろ体験	11	11	3	7	0	0	3	1	0	0	0
SKIP_PAGE	mahoui-rex-no-hentai-karte	魔法医レクスの変態カルテ	魔法医レクスの変態カルテ	5	5	3	1	0	3	0	0	1	0	0
SKIP_PAGE	mahoutsukai-ros-no-sado-life	魔法使いロゼの佐渡ライフ	魔法使いロゼの佐渡ライフ	7	6	3	3	0	3	0	0	0	1	0
SKIP_PAGE	majestic-prince	マジェスティックプリンス	マジェスティックプリンス (漫画)	16	8	3	1	3	0	0	4	0	8	0
SKIP_PAGE	manekoi	まねこい	まねこい	7	7	3	0	1	1	1	0	4	0	0
SKIP_PAGE	manemane-nichinichi	マネマネにちにち	マネマネにちにち	4	3	3	0	0	3	0	0	0	1	0
SKIP_PAGE	maou-evelogia-ni-mi-o-sasageyo	魔王イブロギアに身を捧げよ	魔王イブロギアに身を捧げよ	7	8	3	3	0	3	0	0	0	1	0
SKIP_PAGE	mari-to-shingo	摩利と新吾	摩利と新吾	20	13	3	0	0	0	3	2	3	4	8
SKIP_PAGE	marika-chan-no-koukando-wa-bukkowarete-iru	茉莉花ちゃんの好感度はぶっ壊れている	茉莉花ちゃんの好感度はぶっ壊れている	4	3	3	0	0	3	0	0	0	1	0
SKIP_PAGE	medaka-no-gakkou	めだかの学校	めだかの学校 (漫画)	6	8	3	1	0	3	0	1	1	0	0
SKIP_PAGE	mekakushi-no-kuni	目隠しの国	目隠しの国	14	14	3	3	0	1	2	4	4	0	0
SKIP_PAGE	mekuri-mekuru	めくりめくる	めくりめくる	6	5	3	0	0	0	3	0	0	3	0
SKIP_PAGE	mieruko-chan	見える子ちゃん	見える子ちゃん	14	15	3	5	0	3	0	6	0	0	0
SKIP_PAGE	military	みりたり!	みりたり!	5	8	3	0	0	0	3	0	2	0	0
SKIP_PAGE	miseinen-dakedo-kodomo-ja-nai	未成年だけどコドモじゃない	未成年だけどコドモじゃない	5	3	3	0	3	0	0	0	0	2	0
SKIP_PAGE	monokuro-shounen-shoujo	モノクロ少年少女	モノクロ少年少女	12	12	3	1	1	2	0	0	8	0	0
SKIP_PAGE	mother-lucy	マザー・ルーシー	マザー・ルーシー	4	4	3	0	3	0	0	0	1	0	0
SKIP_PAGE	mune-ga-naru-noha-kimi-no-sei	胸が鳴るのは君のせい	胸が鳴るのは君のせい	6	13	3	2	1	1	1	0	1	0	0
SKIP_PAGE	namennayo	なめねこ又吉最強伝説 なめんなよ!	〜なめねこ又吉最強伝説〜なめんなよ!	5	5	3	0	3	0	0	0	2	0	0
SKIP_PAGE	nana-maru-san-batsu	ナナマルサンバツ	ナナマル サンバツ	20	23	3	16	3	0	0	1	0	0	0
SKIP_PAGE	nanairo-magic	なな色マジック	なな色マジック	15	15	3	6	0	0	3	6	0	0	0
SKIP_PAGE	neko-hajimemashita	ねこ、はじめました	ねこ、はじめました	15	16	3	4	1	2	0	2	6	0	0
SKIP_PAGE	ningyo-series	人魚シリーズ	人魚シリーズ	5	5	3	0	3	0	0	2	0	0	0
SKIP_PAGE	nobunaga-no-shinobi	信長の忍び	信長の忍び	23	26	3	0	3	0	0	1	15	4	0
SKIP_PAGE	nousatsu-junkie	悩殺ジャンキー	悩殺ジャンキー	16	16	3	1	0	0	3	1	11	0	0
SKIP_PAGE	ocha-nigosu	お茶にごす。	お茶にごす。	11	3	3	0	0	3	0	0	0	8	0
SKIP_PAGE	okaeri-suiheisen	おかえり水平線	おかえり水平線	4	3	3	0	0	3	0	0	0	1	0
SKIP_PAGE	onii-chan-to-isshokenmei	お兄ちゃんと一緒	お兄ちゃんと一緒	11	11	3	0	0	0	3	0	8	0	0
SKIP_PAGE	otomen	オトメン	オトメン（乙男）	18	18	3	1	0	2	1	0	14	0	0
SKIP_PAGE	otona-no-1-peeshi-shinrigaku	おとなの1ページ心理学	おとなの1ページ心理学	4	6	3	0	1	0	2	0	1	0	0
SKIP_PAGE	otona-wa-wakatte-kurenai	大人はわかってくれない。	大人はわかってくれない。	8	8	3	4	3	0	0	1	0	0	0
SKIP_PAGE	ou-sama-no-shitateya	王様の仕立て屋	王様の仕立て屋	32	25	3	4	0	2	1	0	0	18	7
SKIP_PAGE	outen-no-mon	応天の門	応天の門	21	21	3	4	0	1	2	13	0	1	0
SKIP_PAGE	oyasuminasai	おやすみなさい。	おやすみなさい。	8	8	3	0	0	0	3	5	0	0	0
SKIP_PAGE	oyayubi-kara-romance	親指からロマンス	親指からロマンス	9	10	3	0	0	0	3	0	6	0	0
SKIP_PAGE	para-paru	パラパル	パラパル	9	9	3	3	0	1	2	0	3	0	0
SKIP_PAGE	patalliro-saiyuuki	パタリロ西遊記!	パタリロ西遊記!	13	14	3	6	0	0	3	4	0	0	0
SKIP_PAGE	pelican-road	ペリカンロード	ペリカンロード	22	6	3	1	0	0	3	1	0	17	0
SKIP_PAGE	piano-no-mori	ピアノの森	ピアノの森	44	38	3	20	2	0	1	3	0	18	0
SKIP_PAGE	ps-surii-san	P.S.すりーさん	P.S.すりーさん	4	4	3	0	1	0	2	0	1	0	0
SKIP_PAGE	puniru-wa-kawaii-slime	ぷにるはかわいいスライム	ぷにるはかわいいスライム	11	11	3	4	3	0	0	0	0	4	0
SKIP_PAGE	puroresu-super-star-rendetsu	プロレススーパースター列伝	プロレススーパースター列伝	37	44	3	18	0	0	3	9	7	0	0
SKIP_PAGE	r18	R18!	R18!	6	3	3	0	3	0	0	0	0	3	0
SKIP_PAGE	rangeman	RANGEMAN	RANGEMAN	6	6	3	0	2	1	0	0	3	0	0
SKIP_PAGE	rekka-no-honoo	烈火の炎	烈火の炎	67	50	3	16	1	0	2	3	27	18	0
SKIP_PAGE	renaidisutooshon	恋愛ディストーション	恋愛ディストーション	8	13	3	2	0	0	3	3	0	0	0
SKIP_PAGE	rokku-rii-no-seishun-furu-power-ninden	ロック・リーの青春フルパワー忍伝	ロック・リーの青春フルパワー忍伝	7	7	3	0	0	3	0	0	4	0	0
SKIP_PAGE	saibaa-idol-mink	電脳少女☆Mink	電脳少女☆Mink	6	6	3	0	0	3	0	3	0	0	0
SKIP_PAGE	saibara-rieko-no-jinsei-garyoku-taiketsu	西原理恵子の人生画力対決	西原理恵子の人生画力対決	8	8	3	4	3	0	0	1	0	0	0
SKIP_PAGE	saigo-wa-straight	最後は?ストレート!!	最後は?ストレート!!	20	7	3	2	0	3	0	0	2	13	0
SKIP_PAGE	saint	SAINT	SAINT (漫画)	8	8	3	0	3	0	0	2	3	0	0
SKIP_PAGE	sakigake-cromartie-koukou	魁!!クロマティ高校	魁!!クロマティ高校	17	23	3	8	0	0	3	1	2	3	0
SKIP_PAGE	sakura-taisen-kanadegumi	サクラ大戦奏組	サクラ大戦奏組	4	4	3	0	0	3	0	0	1	0	0
SKIP_PAGE	salaryman-ogami	サラリーマン拝!	サラリーマン拝!	9	3	3	0	3	0	0	0	0	6	0
SKIP_PAGE	samuwan-herutsu	さむわんへるつ	さむわんへるつ	5	4	3	1	0	3	0	0	0	1	0
SKIP_PAGE	sanbanchou-hagiwaraya-no-bijin	三番町萩原屋の美人	三番町萩原屋の美人	16	22	3	0	1	0	2	10	3	0	0
SKIP_PAGE	sankakumado-no-sotogawa-wa-yoru	さんかく窓の外側は夜	さんかく窓の外側は夜	10	10	3	5	0	0	3	1	0	1	0
SKIP_PAGE	saradinaasa	サラディナーサ	サラディナーサ	14	15	3	9	0	0	3	0	2	0	0
SKIP_PAGE	sasen-sareta-munou-ouji-wa-jitsuryoku-o-kakushitai	左遷された無能王子は実力を隠したい	左遷された無能王子は実力を隠したい	8	10	3	4	1	2	0	0	0	1	0
SKIP_PAGE	seigi-keikan-monju	正義警官モンジュ	正義警官モンジュ	12	12	3	1	0	0	3	5	3	0	0
SKIP_PAGE	seiyuukatsu	声優かっ!	声優かっ!	12	3	3	0	0	3	0	0	0	9	0
SKIP_PAGE	shin-shirayukihime-densetsu-puriiteia	新白雪姫伝説プリーティア	新白雪姫伝説プリーティア	4	5	3	0	0	0	3	1	0	0	0
SKIP_PAGE	shishunki-miman-okotowari	思春期未満お断り	思春期未満お断り	9	10	3	3	3	0	0	0	0	3	0
SKIP_PAGE	shounen-dolls	少年ドールズ	少年ドールズ	4	4	3	0	1	0	2	0	1	0	0
SKIP_PAGE	shuudengo-capsule-hotel-de-joushi-ni-binetsu-tsutawaru-yoru	終電後、カプセルホテルで、上司に微熱伝わる夜。	終電後、カプセルホテルで、上司に微熱伝わる夜。	7	7	3	2	0	0	3	2	0	0	0
SKIP_PAGE	shuumatsu-touring	終末ツーリング	終末ツーリング	9	9	3	5	0	3	0	1	0	0	0
SKIP_PAGE	skip-to-loafer	スキップとローファー	スキップとローファー	13	14	3	9	0	3	0	0	0	1	0
SKIP_PAGE	skirt-no-naka-wa-kedamono-deshita	スカートの中はケダモノでした。	スカートの中はケダモノでした。	9	9	3	5	0	0	3	1	0	0	0
SKIP_PAGE	sofutenitsu	そふてにっ	そふてにっ	8	8	3	4	0	0	3	1	0	0	0
SKIP_PAGE	sorairo-kaigan	空色海岸	空色海岸	9	9	3	0	0	0	3	0	6	0	0
SKIP_PAGE	souryo-to-majiwaru-shikiyoku-no-yoru-ni	僧侶と交わる色欲の夜に…	僧侶と交わる色欲の夜に…	10	11	3	6	0	1	2	1	0	0	0
SKIP_PAGE	sousei-no-apokurifa	双星のアポクリファ	双星のアポクリファ	4	3	3	0	0	3	0	0	0	1	0
SKIP_PAGE	sousei-no-taiga	創世のタイガ	創世のタイガ	14	14	3	0	3	0	0	0	0	11	0
SKIP_PAGE	spy-family	SPY×FAMILY	SPY×FAMILY	17	35	3	13	0	3	0	0	0	1	0
SKIP_PAGE	sudachi-no-maoujou	すだちの魔王城	すだちの魔王城	13	13	3	9	0	3	0	0	0	1	0
SKIP_PAGE	suugaku-joshi	数学女子	数学女子	5	5	3	0	0	0	3	0	2	0	0
SKIP_PAGE	taberu-dake	たべるダケ	たべるダケ	4	3	3	0	3	0	0	0	0	1	0
SKIP_PAGE	tajuu-jinkaku-tantei-psycho	多重人格探偵サイコ	多重人格探偵サイコ	24	30	3	13	2	0	1	5	3	0	0
SKIP_PAGE	tamagawa-san-detemashita	玉川さん出てました?	玉川さん 出てました?	5	4	3	1	0	3	0	0	0	1	0
SKIP_PAGE	tamayomi	球詠	球詠	20	19	3	16	0	3	0	0	0	1	0
SKIP_PAGE	tantei-revolution	探偵レボリューション	探偵レボリューション	6	6	3	1	0	0	3	2	0	0	0
SKIP_PAGE	tasogare-otome-amunejia	黄昏乙女×アムネジア	黄昏乙女×アムネジア	10	6	3	1	0	0	3	0	0	6	0
SKIP_PAGE	tatakae-raamenman	闘将!!拉麺男	闘将!!拉麺男	20	31	3	8	0	3	0	9	0	0	0
SKIP_PAGE	tekkon-kinkreet	鉄コン筋クリート	鉄コン筋クリート	6	6	3	0	3	0	0	3	0	0	0
SKIP_PAGE	tengoku-no-susume	天国のススメ!	天国のススメ!	14	14	3	0	0	0	3	10	0	1	0
SKIP_PAGE	tenshi-kinryouku	天使禁猟区	天使禁猟区	30	47	3	12	0	0	3	9	6	0	0
SKIP_PAGE	terra-incognita	テラ・インコグニタ	テラ・インコグニタ	5	5	3	1	0	0	3	1	0	0	0
SKIP_PAGE	tetsugaku-letra	鉄楽レトラ	鉄楽レトラ	6	4	3	0	0	3	0	0	1	2	0
SKIP_PAGE	tonari-no-seki-kun	となりの関くん	となりの関くん	10	13	3	3	0	3	0	0	0	4	0
SKIP_PAGE	tongari-boushi-no-atelier	とんがり帽子のアトリエ	とんがり帽子のアトリエ	16	25	3	12	0	3	0	0	0	1	0
SKIP_PAGE	toppenkamuden-e-youkoso	トッペンカムデンへようこそ	トッペンカムデンへようこそ	7	8	3	1	0	0	3	0	3	0	0
SKIP_PAGE	toripan	とりぱん	とりぱん	36	36	3	30	0	3	0	2	0	1	0
SKIP_PAGE	toshi-densetsu-senpai	都市伝説先輩	都市伝説先輩	4	3	3	0	0	3	0	0	0	1	0
SKIP_PAGE	toushuu-eiyuuden	東周英雄伝	東周英雄伝	6	6	3	0	0	0	3	3	0	0	0
SKIP_PAGE	tsuki-no-yoru-hoshi-no-asa	月の夜星の朝	月の夜 星の朝	12	20	3	6	0	0	3	3	0	0	0
SKIP_PAGE	u	う	う (漫画)	7	4	3	1	0	0	3	0	0	3	0
SKIP_PAGE	uchi-no-ane-sama	うちの姉様	うちの姉様	7	7	3	0	0	0	3	4	0	0	0
SKIP_PAGE	uizurizu	うぃずりず	うぃずりず	5	4	3	0	3	0	0	0	1	1	0
SKIP_PAGE	uryuudou-yumebanashi	雨柳堂夢咄	雨柳堂夢咄	31	51	3	16	0	0	3	11	1	0	0
SKIP_PAGE	velvet-kiss	ベルベット・キス	ベルベット・キス (漫画)	4	5	3	0	1	0	2	0	0	1	0
SKIP_PAGE	version	VERSION	VERSION	5	8	3	0	1	0	2	0	2	0	0
SKIP_PAGE	watashi-o-tabetai-hitodenashi	私を喰べたい、ひとでなし	私を喰べたい、ひとでなし	13	13	3	9	0	3	0	0	0	1	0
SKIP_PAGE	watashi-wa-shadow	私はシャドウ	私はシャドウ	6	6	3	0	0	0	3	3	0	0	0
SKIP_PAGE	wazato-miseteru-kamoi-san	わざと見せてる?加茂井さん。	わざと見せてる? 加茂井さん。	15	14	3	11	0	3	0	0	0	1	0
SKIP_PAGE	wild-adapter	WILD ADAPTER	WILD ADAPTER	7	15	3	0	3	0	0	0	0	4	0
SKIP_PAGE	yamada-tarou-monogatari	山田太郎ものがたり	山田太郎ものがたり	15	23	3	7	0	3	0	2	3	0	0
SKIP_PAGE	yankee-kun-to-megane-chan	ヤンキー君とメガネちゃん	ヤンキー君とメガネちゃん	23	36	3	19	0	0	3	0	1	0	0
SKIP_PAGE	yumetsukai	夢使い	夢使い	6	7	3	0	0	0	3	1	2	0	0
SKIP_PAGE	yurukyan	ゆるキャン△	ゆるキャン△	19	35	3	15	1	2	0	0	0	1	0
SKIP_PAGE	zero-yamazaki-2009	ZERO	ZERO (やまざき貴子の漫画)	17	11	3	3	0	0	3	0	5	6	0
SKIP_PAGE	zeruda-no-densetsu-riruto-no-chikai	ゼルダの伝説 リルトの誓い	ゼルダの伝説 リルトの誓い	4	4	3	0	3	0	0	1	0	0	0
SKIP_PAGE	1-tasu-ichi	1+1	1+1 (漫画)	10	10	2	0	0	0	2	0	8	0	0
SKIP_PAGE	12gatsu-umare-no-12-younen	12月生まれの少年	12月生まれの少年	3	3	2	0	0	0	2	1	0	0	0
SKIP_PAGE	adoribu-tenchou	アドリブ店長	アドリブ店長	11	2	2	0	2	0	0	0	0	9	0
SKIP_PAGE	ajisai-no-uta	あじさいの唄	あじさいの唄	7	15	2	0	2	0	0	3	2	0	0
SKIP_PAGE	akkanbeeikkyuu	あっかんべェ一休	あっかんべェ一休	10	13	2	0	0	0	2	8	0	0	0
SKIP_PAGE	alexandrite	ALEXANDRITE	ALEXANDRITE	11	4	2	2	0	0	2	0	0	7	0
SKIP_PAGE	amaenaideyotsu	あまえないでよっ!!	あまえないでよっ!!	7	14	2	0	2	0	0	5	0	0	0
SKIP_PAGE	amenashimura-yakuba-sangyouka-ken-kankougakari	雨無村役場産業課兼観光係	雨無村役場産業課兼観光係	5	3	2	1	0	0	2	0	0	2	0
SKIP_PAGE	ane-no-kekkon	姉の結婚	姉の結婚	8	8	2	5	0	1	1	1	0	0	0
SKIP_PAGE	aneken	あねけん	あねけん	3	3	2	0	0	0	2	0	1	0	0
SKIP_PAGE	ani-no-yome-to-kurashiteimasu	兄の嫁と暮らしています。	兄の嫁と暮らしています。	16	16	2	13	0	1	1	0	0	1	0
SKIP_PAGE	aoharu-kikanjuu	青春×機関銃	青春×機関銃	18	6	2	2	0	0	2	0	0	14	0
SKIP_PAGE	aozora-shoujo-tai	青空少女隊	青空少女隊	5	5	2	0	2	0	0	0	3	0	0
SKIP_PAGE	ashi-girl	アシガール	アシガール	16	21	2	13	0	2	0	0	1	0	0
SKIP_PAGE	ayakashi-koiemaki	あやかし恋絵巻	あやかし恋絵巻	6	7	2	1	0	2	0	0	3	0	0
SKIP_PAGE	azuki-chan	あずきちゃん	あずきちゃん	10	19	2	7	0	0	2	0	0	1	0
SKIP_PAGE	bachi-bachi	バチバチ	バチバチ	16	46	2	2	0	1	1	0	10	2	0
SKIP_PAGE	barcode-fighter	バーコードファイター	バーコードファイター	5	3	2	0	2	0	0	0	0	3	0
SKIP_PAGE	big-order	ビッグオーダー	ビッグオーダー	10	11	2	2	0	0	2	3	3	0	0
SKIP_PAGE	bike-gijinka-kinsho	バイク擬人化菌書	バイク擬人化菌書	8	8	2	5	0	0	2	1	0	0	0
SKIP_PAGE	bokura-ha-itsumo	僕らはいつも	僕らはいつも	11	3	2	0	0	2	0	0	1	8	0
SKIP_PAGE	brafman	ブラフマン	ブラフマン (漫画)	5	4	2	0	0	0	2	0	0	3	0
SKIP_PAGE	buronzu-no-tenshi	ブロンズの天使	ブロンズの天使	12	7	2	3	2	0	0	1	0	6	0
SKIP_PAGE	canon	花音	花音 (漫画)	9	5	2	0	2	0	0	3	0	4	0
SKIP_PAGE	chikkoincho	ちっこいんちょ	ちっこいんちょ	3	3	2	0	0	0	2	1	0	0	0
SKIP_PAGE	chitei-shounen-chappii	地底少年チャッピー	地底少年チャッピー	3	2	2	0	2	0	0	0	0	1	0
SKIP_PAGE	chronos-deep	CHRONOS-DEEP-	CHRONOS-DEEP-	3	3	2	0	0	0	2	0	1	0	0
SKIP_PAGE	ciguatera	シガテラ	シガテラ (漫画)	10	13	2	7	0	0	2	1	0	0	0
SKIP_PAGE	code-geass-soubou-no-oz	コードギアス 双貌のオズ	コードギアス 双貌のオズ	3	15	2	0	0	2	0	1	0	0	0
SKIP_PAGE	cold-game	コールドゲーム	コールドゲーム (漫画)	11	11	2	8	1	1	0	1	0	0	0
SKIP_PAGE	coup-detat-club	クーデタークラブ	クーデタークラブ	6	6	2	3	0	0	2	1	0	0	0
SKIP_PAGE	crack-hound	クラック・ハウンド	クラック・ハウンド	3	3	2	0	0	0	2	0	0	1	0
SKIP_PAGE	cronos-shikkoku-no-shinwa	-クロノス-漆黒の神話	-クロノス- 漆黒の神話	7	7	2	2	0	2	0	0	3	0	0
SKIP_PAGE	crows	クローズ	クローズ	26	148	2	0	2	0	0	0	24	0	0
SKIP_PAGE	cute-guy	CUTE×GUY	CUTE×GUY	4	4	2	0	0	1	1	0	2	0	0
SKIP_PAGE	daa-daa-daa	だぁ!だぁ!だぁ!	だぁ!だぁ!だぁ!	18	18	2	9	0	0	2	7	0	0	0
SKIP_PAGE	darakuya-store-monogatari	だらくやストア物語	だらくやストア物語	3	3	2	0	2	0	0	1	0	0	0
SKIP_PAGE	deathless	デスレス	デスレス	12	3	2	0	0	0	2	0	1	9	0
SKIP_PAGE	deragui	でらぐい	でらぐい	3	3	2	0	0	0	2	1	0	0	0
SKIP_PAGE	diamond-no-kouzai	ダイヤモンドの功罪	ダイヤモンドの功罪	10	10	2	7	0	2	0	0	1	0	0
SKIP_PAGE	dokuhime	毒姫	毒姫	8	9	2	0	0	0	2	2	0	4	0
SKIP_PAGE	doraemon-plus	ドラえもんプラス	ドラえもん プラス	7	7	2	0	0	1	1	0	5	0	0
SKIP_PAGE	dosei-mansion	土星マンション	土星マンション	7	2	2	0	2	0	0	0	0	5	0
SKIP_PAGE	doujin-work	ドージンワーク	ドージンワーク	6	8	2	0	2	0	0	0	4	0	0
SKIP_PAGE	doukyuusei	同・級・生!!	同・級・生!!	10	9	2	2	2	0	0	4	1	1	0
SKIP_PAGE	ebiru-kun	ガチャガチャファミリーえびるクン	ガチャガチャファミリー えびるクン	3	3	2	0	2	0	0	0	1	0	0
SKIP_PAGE	eikyuu-shimei-onegai-shimasu	永久指名おねがいします!	永久指名おねがいします!	16	16	2	7	0	1	1	1	0	6	0
SKIP_PAGE	eki-kara-5fun	駅から5分	駅から5分	5	2	2	0	0	0	2	0	0	3	0
SKIP_PAGE	eureka-seven-ao	エウレカセブンAO	エウレカセブンAO	5	10	2	2	0	2	0	0	1	0	0
SKIP_PAGE	evil-heart	Evil heart	EVIL HEART	5	2	2	0	0	0	2	0	0	3	0
SKIP_PAGE	five	ファイブ	ファイブ (ふるかわしおりの漫画)	15	37	2	0	0	0	2	0	0	0	13
SKIP_PAGE	fumino-san-no-bungu-na-nichijou	文野さんの文具な日常	文野さんの文具な日常	4	4	2	0	2	0	0	0	2	0	0
SKIP_PAGE	fushigi-no-kuni-no-bird	ふしぎの国のバード	ふしぎの国のバード	14	14	2	10	0	2	0	1	0	1	0
SKIP_PAGE	fushigi-yuugi-byakko-senki	ふしぎ遊戯白虎仙記	ふしぎ遊戯 白虎仙記	7	6	2	3	0	2	0	0	0	2	0
SKIP_PAGE	fx-suit-kurumi-chan	FX戦士くるみちゃん	FX戦士くるみちゃん	10	9	2	7	0	2	0	0	0	1	0
SKIP_PAGE	gaia-ki-tan	鎧亜騎譚	鎧亜騎譚	3	3	2	0	1	0	1	0	1	0	0
SKIP_PAGE	galaxias	GALAXIAS	GALAXIAS	4	3	2	1	0	2	0	0	0	1	0
SKIP_PAGE	gekiha	撃覇	撃覇	9	2	2	0	0	0	2	0	0	7	0
SKIP_PAGE	giant-ojou-sama	ジャイアントお嬢様	ジャイアントお嬢様	13	12	2	6	0	2	0	4	0	1	0
SKIP_PAGE	hagane-no-onna	ハガネの女	ハガネの女	10	3	2	1	0	0	2	0	0	7	0
SKIP_PAGE	hakumei-to-mikochi	ハクメイとミコチ	ハクメイとミコチ	14	14	2	10	0	2	0	2	0	0	0
SKIP_PAGE	hanamaru-youchien	はなまる幼稚園	はなまる幼稚園	11	3	2	0	0	0	2	0	0	9	0
SKIP_PAGE	haru-to-natsu	ハルとナツ	ハルとナツ	5	2	2	0	2	0	0	0	0	3	0
SKIP_PAGE	hayou-no-ken	破妖の剣	破妖の剣	6	59	2	1	0	1	1	1	2	0	0
SKIP_PAGE	hayou-no-tsurugi	破妖の剣	破妖の剣	4	59	2	0	0	1	1	0	2	0	0
SKIP_PAGE	hazureta-minna-no-atama-no-neji	外れたみんなの頭のネジ	外れたみんなの頭のネジ	13	13	2	9	0	0	2	2	0	0	0
SKIP_PAGE	hiiro-no-isu	緋色の椅子	緋色の椅子	5	5	2	1	0	0	2	0	2	0	0
SKIP_PAGE	hina-matsuri	ヒナまつり	ヒナまつり	19	2	2	0	0	0	2	0	0	17	0
SKIP_PAGE	hirameki-hatsume-chan	ひらめきはつめちゃん	ひらめきはつめちゃん	6	6	2	1	0	0	2	3	0	0	0
SKIP_PAGE	hiru-made-netarou	昼まで寝太郎	昼まで寝太郎	7	2	2	0	0	0	2	0	0	5	0
SKIP_PAGE	hitokui-mansion-to-ooya-no-maison	人喰いマンションと大家のメゾン	人喰いマンションと大家のメゾン	5	4	2	2	0	2	0	0	0	1	0
SKIP_PAGE	hiyo-world	ひよわーるど	ひよわーるど	4	4	2	0	0	0	2	1	1	0	0
SKIP_PAGE	honoo-no-fudedama	炎の筆魂	炎の筆魂	3	4	2	0	0	0	2	1	0	0	0
SKIP_PAGE	hoshii-no-wa-anata-dake	ほしいのはあなただけ。	ほしいのは あなただけ。	5	5	2	1	0	0	2	0	2	0	0
SKIP_PAGE	hotta	堀田	堀田 (漫画)	4	4	2	0	2	0	0	2	0	0	0
SKIP_PAGE	houga-purezen-joshikousei-houkichi-eiko-san	邦画プレゼン女子高生邦キチ!映子さん	邦画プレゼン女子高生 邦キチ! 映子さん	14	15	2	4	0	2	0	8	0	0	0
SKIP_PAGE	houkago-children	放課後チルドレン	放課後チルドレン	3	3	2	0	2	0	0	0	1	0	0
SKIP_PAGE	hyakuoku-no-hiru-to-senoku-no-yoru	百億の昼と千億の夜	百億の昼と千億の夜	8	9	2	4	0	1	1	0	1	1	0
SKIP_PAGE	ice-forest	アイスフォレスト	アイスフォレスト	18	3	2	1	1	0	1	0	0	15	0
SKIP_PAGE	ichigo-no-haitta-soodasui	いちごの入ったソーダ水	いちごの入ったソーダ水	4	4	2	0	2	0	0	0	2	0	0
SKIP_PAGE	ikoku-nikki	違国日記	違国日記	11	9	2	7	2	0	0	0	0	2	0
SKIP_PAGE	innocent	イノサン	イノサン	9	20	2	0	0	0	2	7	0	0	0
SKIP_PAGE	itsudemo-otenki-kibun	いつでもお天気気分	いつでもお天気気分	7	7	2	1	0	2	0	3	1	0	0
SKIP_PAGE	j-no-subete	Jの総て	Jの総て	6	3	2	1	0	0	2	0	0	3	0
SKIP_PAGE	jikuu-stranger-kyooko	時空異邦人Kyoko	時空異邦人KYOKO	5	3	2	1	0	2	0	0	0	2	0
SKIP_PAGE	joker-2012	JOKER	JOKER (上杉可南子の漫画)	3	3	2	0	0	0	2	1	0	0	0
SKIP_PAGE	jounetsu-no-are	情熱のアレ	情熱のアレ	4	2	2	0	0	0	2	0	0	2	0
SKIP_PAGE	juukikou-otome-mame-dakedo	重機甲乙女豆だけど	重機甲乙女 豆だけど	7	7	2	3	2	0	0	1	1	0	0
SKIP_PAGE	kaichuu	カイチュー!	カイチュー!	12	5	2	3	0	0	2	0	0	7	0
SKIP_PAGE	kakukaku-shikajika	かくかくしかじか	かくかくしかじか	5	5	2	0	0	2	0	0	3	0	0
SKIP_PAGE	kami-sama-no-orgel	神様のオルゴール	神様のオルゴール	3	3	2	0	0	0	2	0	1	0	0
SKIP_PAGE	kamikaze	神・風	神・風	7	7	2	0	0	0	2	5	0	0	0
SKIP_PAGE	kanben-shitecho	カンベンしてちょ!	カンベンしてちょ!	5	5	2	0	0	0	2	3	0	0	0
SKIP_PAGE	kanojo-no-tomodachi	彼女の友達	彼女の友達	7	8	2	2	0	2	0	0	0	3	0
SKIP_PAGE	kara-chan-to-shitoo-san-to	カラちゃんとシトーさんと、	カラちゃんとシトーさんと、	3	2	2	0	0	2	0	0	0	1	0
SKIP_PAGE	kasai-chousakan	火災調査官	火災調査官 (漫画)	4	7	2	0	0	0	2	0	2	0	0
SKIP_PAGE	kashou-no-tsuki	火宵の月	火宵の月	22	23	2	8	0	2	0	12	0	0	0
SKIP_PAGE	kawaisugi-crisis	カワイスギクライシス	カワイスギクライシス	14	13	2	11	0	2	0	0	0	1	0
SKIP_PAGE	kazoku-game	家族ゲーム	家族ゲーム (漫画)	14	14	2	7	0	0	2	2	3	0	0
SKIP_PAGE	ken-mo-hororo	けんもほろろ	けんもほろろ	4	2	2	0	2	0	0	0	0	2	0
SKIP_PAGE	keroro-gunsou	ケロロ軍曹	ケロロ軍曹	35	50	2	26	1	1	0	2	3	2	0
SKIP_PAGE	kimi-ha-boku-no-toriko-nare	君は僕の虜なれ	君は僕の虜なれ	5	5	2	0	1	1	0	0	3	0	0
SKIP_PAGE	kin-to-tetsu	菌と鉄	菌と鉄	10	9	2	7	0	2	0	0	0	1	0
SKIP_PAGE	kinnikuman-lady	キン肉マンレディー	キン肉マンレディー	3	3	2	0	0	0	2	1	0	0	0
SKIP_PAGE	kirakira-meikyuu	きらきら・迷宮	きらきら☆迷宮	3	3	2	0	0	0	2	0	1	0	0
SKIP_PAGE	kirariteii	キラリティー	キラリティー (漫画)	3	5	2	0	2	0	0	0	1	0	0
SKIP_PAGE	kirei-ni-shite-moraemasuka	綺麗にしてもらえますか。	綺麗にしてもらえますか。	12	11	2	9	0	2	0	0	0	1	0
SKIP_PAGE	koetama	こえたま	こえたま	3	2	2	0	0	0	2	0	0	1	0
SKIP_PAGE	koori-zokusei-otoko-to-kuuruna-douryou-joshi	氷属性男子とクールな同僚女子	氷属性男子とクールな同僚女子	12	11	2	9	0	2	0	0	0	1	0
SKIP_PAGE	kousoku-sister	光速シスター	光速シスター	3	3	2	0	1	0	1	0	1	0	0
SKIP_PAGE	kowloon-generic-romance	九龍ジェネリックロマンス	九龍ジェネリックロマンス	12	12	2	9	0	2	0	0	0	1	0
SKIP_PAGE	koyamasou-no-kirawaremono	小山荘のきらわれ者	小山荘のきらわれ者	11	4	2	0	0	0	2	0	2	7	0
SKIP_PAGE	kumichou-musume-to-sewagakari	組長娘と世話係	組長娘と世話係	16	16	2	12	0	1	1	0	0	2	0
SKIP_PAGE	kurobara-alice	黒薔薇アリス	黒薔薇アリス	6	18	2	0	0	0	2	0	4	0	0
SKIP_PAGE	kurokuroku	クロクロク	クロクロク	3	3	2	0	0	2	0	0	1	0	0
SKIP_PAGE	kusuri-no-majoramu	くすりのマジョラム	くすりのマジョラム	3	3	2	0	0	0	2	0	1	0	0
SKIP_PAGE	kyoushirou-to-towa-no-sora	京四郎と永遠の空	京四郎と永遠の空	3	2	2	0	1	1	0	0	0	1	0
SKIP_PAGE	lady-guinevere	レディ・ギネヴィア	レディ・ギネヴィア	3	3	2	0	1	1	0	0	1	0	0
SKIP_PAGE	love-lab	恋愛ラボ	恋愛ラボ	15	14	2	0	0	0	2	8	1	4	0
SKIP_PAGE	loveholic	ラブホリック	ラブホリック	12	5	2	0	0	0	2	0	0	10	0
SKIP_PAGE	lucciola-to-makyou-no-shoukanin	ルキオラと魔境の商館員	ルキオラと魔境の商館員	4	3	2	1	0	2	0	0	0	1	0
SKIP_PAGE	lucifer-no-migite	ルシフェルの右手	ルシフェルの右手	6	2	2	0	0	0	2	0	0	4	0
SKIP_PAGE	mahou-shoujo-nante-mou-ii-desu-kara	魔法少女なんてもういいですから。	魔法少女なんてもういいですから。	3	3	2	0	0	0	2	1	0	0	0
SKIP_PAGE	mahou-shoujo-pretty-bell	魔法少女プリティ☆ベル	魔法少女プリティ☆ベル	28	4	2	1	0	0	2	1	0	24	0
SKIP_PAGE	mai-ball	マイぼーる!	マイぼーる!	16	5	2	0	2	0	0	0	3	11	0
SKIP_PAGE	makenkitsu	マケン姫っ!	マケン姫っ!	24	30	2	19	0	0	2	2	0	0	1
SKIP_PAGE	mangirl	まんがーる!	まんがーる!	3	3	2	0	0	0	2	1	0	0	0
SKIP_PAGE	massugu-ni-ikou	まっすぐにいこう。	まっすぐにいこう。	41	42	2	4	0	0	2	33	2	0	0
SKIP_PAGE	mattaku-saikin-no-tantei-to-kitara	まったく最近の探偵ときたら	まったく最近の探偵ときたら	16	16	2	13	0	2	0	1	0	0	0
SKIP_PAGE	mf-ghost	MFゴースト	MFゴースト	23	24	2	19	0	2	0	1	0	1	0
SKIP_PAGE	miira-no-kaikata	ミイラの飼い方	ミイラの飼い方	23	22	2	19	0	2	0	1	0	1	0
SKIP_PAGE	mobile-suit-gundam-hybrid-4-koma-dai-sensen	機動戦士ガンダムハイブリッド4コマ大戦線	機動戦士ガンダム ハイブリッド4コマ大戦線	5	9	2	1	0	0	2	2	0	0	0
SKIP_PAGE	momoiro-sisters	ももいろシスターズ	ももいろシスターズ	10	14	2	0	0	0	2	3	5	0	0
SKIP_PAGE	momoyama-kyoodai	桃山キョーダイ	桃山キョーダイ	4	4	2	0	1	1	0	0	2	0	0
SKIP_PAGE	mongrel	モングレル	モングレル	4	4	2	0	0	0	2	2	0	0	0
SKIP_PAGE	mou-hitori-no-marionette	もう一人のマリオネット	もう一人のマリオネット	12	6	2	0	2	0	0	4	0	6	0
SKIP_PAGE	mr-clice	Mr.Clice	Mr.Clice	15	19	2	2	0	0	2	9	1	1	0
SKIP_PAGE	nagareboshi-lens	流れ星レンズ	流れ星レンズ	10	10	2	0	0	2	0	0	8	0	0
SKIP_PAGE	nakahara-kun-no-kahogo-na-imouto	中原くんの過保護な妹	中原くんの過保護な妹	9	9	2	6	1	0	1	1	0	0	0
SKIP_PAGE	nakimushi-oni-san-hiroimashita	泣き虫鬼さん拾いました	泣き虫鬼さん拾いました	5	4	2	2	1	1	0	0	0	1	0
SKIP_PAGE	nanawo-chiitoitsu	ナナヲチートイツ	ナナヲ・チートイツ	4	9	2	1	0	0	2	1	0	0	0
SKIP_PAGE	neko-to-jii-chan	ねことじいちゃん	ねことじいちゃん	12	13	2	9	0	2	0	0	0	1	0
SKIP_PAGE	nenrei-seigen-tsuki-otomege-no-akuyaku-reijou-desu-katabutsu-kishi-sama-ga-yuushuu-sugite-aaru	年齢制限付き乙女ゲーの悪役令嬢ですが、堅物騎士様が優秀過ぎてRイベントが一切おきない	年齢制限付き乙女ゲーの悪役令嬢ですが、堅物騎士様が優秀過ぎてRイベントが一切おきない	5	4	2	2	0	2	0	0	0	1	0
SKIP_PAGE	new-york-new-york	ニューヨーク・ニューヨーク	ニューヨーク・ニューヨーク (漫画)	6	6	2	0	0	0	2	4	0	0	0
SKIP_PAGE	nina-to-usagi-to-mahou-no-sensha	ニーナとうさぎと魔法の戦車	ニーナとうさぎと魔法の戦車	3	11	2	0	0	0	2	1	0	0	0
SKIP_PAGE	nodame-cantabile	のだめカンタービレ	のだめカンタービレ	25	56	2	11	0	0	2	12	0	0	0
SKIP_PAGE	noo-bura	のーぶら	のーぶら	5	2	2	0	2	0	0	0	0	3	0
SKIP_PAGE	noumiso-purun	脳みそプルン!	脳みそプルン!	8	7	2	0	0	2	0	5	0	1	0
SKIP_PAGE	nuigurumen	ヌイグルメン!	ヌイグルメン!	4	2	2	0	0	0	2	0	0	2	0
SKIP_PAGE	ochibi-san	オチビサン	オチビサン	10	11	2	4	0	2	0	1	3	0	0
SKIP_PAGE	oji-san-to-marshmallow	おじさんとマシュマロ	おじさんとマシュマロ	5	6	2	1	2	0	0	2	0	0	0
SKIP_PAGE	okitsune-sama-de-chu	おキツネさまでChu❤	おキツネさまでChu♥	4	4	2	1	0	0	2	0	1	0	0
SKIP_PAGE	omaera-zenin-mendokusai	お前ら全員めんどくさい!	お前ら全員めんどくさい!	10	10	2	0	0	0	2	8	0	0	0
SKIP_PAGE	ookiku-furikabutte	おおきく振りかぶって	おおきく振りかぶって	38	39	2	34	0	1	1	2	0	0	0
SKIP_PAGE	ooya-san-wa-shishunki	大家さんは思春期!	大家さんは思春期!	21	20	2	0	0	2	0	18	0	1	0
SKIP_PAGE	oraga-mura	おらが村	おらが村	3	2	2	0	0	2	0	0	0	1	0
SKIP_PAGE	orange-chocolate	オレンジチョコレート	オレンジチョコレート	13	13	2	2	0	2	0	0	9	0	0
SKIP_PAGE	ouji-no-honmei-wa-akuyaku-reijou	王子の本命は悪役令嬢	王子の本命は悪役令嬢	6	6	2	3	0	2	0	1	0	0	0
SKIP_PAGE	oumagadoki-doubutsuen	逢魔ヶ刻動物園	逢魔ヶ刻動物園	5	5	2	0	0	2	0	0	3	0	0
SKIP_PAGE	ousamatachi-no-vaikingu	王様達のヴァイキング	王様達のヴァイキング	19	19	2	8	2	0	0	0	9	0	0
SKIP_PAGE	oya-naru-mono-dangai	親なるもの断崖	親なるもの 断崖	4	4	2	1	0	2	0	1	0	0	0
SKIP_PAGE	pachisuro-hitoritabi	パチスロひとり旅	パチスロひとり旅	15	13	2	0	2	0	0	0	0	13	0
SKIP_PAGE	panna-kiss	パンなキッス	パンなキッス	3	3	2	0	0	0	2	1	0	0	0
SKIP_PAGE	papa-datte-shitai	パパだって、したい	パパだって、したい	6	6	2	3	0	0	2	1	0	0	0
SKIP_PAGE	papamupa	パパムパ	パパムパ	3	3	2	0	2	0	0	0	1	0	0
SKIP_PAGE	parts-no-pa	パーツのぱ	パーツのぱ	10	2	2	0	0	0	2	0	0	8	0
SKIP_PAGE	passion-girls	パッション❤ガールズ	パッション・ガールズ	8	8	2	4	0	0	2	2	0	0	0
SKIP_PAGE	pocket-monsters-r-burst	ポケットモンスターRéBURST	ポケットモンスター RéBURST	8	8	2	0	0	1	1	0	6	0	0
SKIP_PAGE	popcorn-avatar	ポップコーンアバター	ポップコーンアバター	6	6	2	0	0	0	2	0	4	0	0
SKIP_PAGE	pretty-monkey	プリティー・モンキー	プリティーモンキー	3	2	2	0	0	0	2	0	0	1	0
SKIP_PAGE	ran-to-haiiro-no-sekai	乱と灰色の世界	乱と灰色の世界	7	7	2	0	0	0	2	5	0	0	0
SKIP_PAGE	rashanu	ラシャーヌ!	ラシャーヌ!	11	14	2	0	0	0	2	3	0	0	6
SKIP_PAGE	re-kan	レーカン!	レーカン!	16	18	2	0	0	0	2	12	2	0	0
SKIP_PAGE	rising-impact	ライジングインパクト	ライジングインパクト	35	25	2	18	0	0	2	4	1	10	0
SKIP_PAGE	roko-mooshon	ろこモーション	ろこモーション	3	3	2	0	0	0	2	0	1	0	0
SKIP_PAGE	rokuhoudou-yotsuiro-hiyori	鹿楓堂よついろ日和	鹿楓堂よついろ日和	23	22	2	19	0	2	0	1	0	1	0
SKIP_PAGE	rontai-baby	ロンタイbaby	ロンタイBABY	31	13	2	6	0	0	2	0	0	23	0
SKIP_PAGE	rose-x-marie	ローズ×マリー	ローズ×マリー	3	3	2	0	1	0	1	0	0	1	0
SKIP_PAGE	ruri-no-houseki	瑠璃の宝石	瑠璃の宝石	8	8	2	5	0	2	0	0	0	1	0
SKIP_PAGE	saishuu-heiki-kanojo	最終兵器彼女	最終兵器彼女	7	8	2	1	0	0	2	0	4	0	0
SKIP_PAGE	sakura-discord	さくらdiscord	さくらDISCORD	5	5	2	0	0	2	0	0	3	0	0
SKIP_PAGE	sakuranbo	さくらんぼ。	さくらんぼ。	3	3	2	0	0	0	2	1	0	0	0
SKIP_PAGE	seireitsukai	精霊使い	精霊使い	4	9	2	0	0	0	2	2	0	0	0
SKIP_PAGE	seiseisuruhodo-aishiteru	せいせいするほど、愛してる	せいせいするほど、愛してる	7	2	2	0	1	0	1	0	0	5	0
SKIP_PAGE	seishun-amakarani	青春甘辛煮	青春甘辛煮	4	4	2	0	0	0	2	0	2	0	0
SKIP_PAGE	sekine-kun-no-koi	関根くんの恋	関根くんの恋	5	3	2	0	0	0	2	1	0	2	0
SKIP_PAGE	sengoku-yatagarasu	戦国八咫烏	戦国八咫烏	8	8	2	5	0	0	2	1	0	0	0
SKIP_PAGE	shiawase-kanako-no-koroshiya-seikatsu	幸せカナコの殺し屋生活	幸せカナコの殺し屋生活	9	9	2	1	1	1	0	6	0	0	0
SKIP_PAGE	shikotama	しこたま	しこたま	3	3	2	0	0	2	0	0	1	0	0
SKIP_PAGE	shinkaigyo-no-anko-san	深海魚のアンコさん	深海魚のアンコさん	4	4	2	0	0	0	2	2	0	0	0
SKIP_PAGE	shinmai-shimai-no-futari-gohan	新米姉妹のふたりごはん	新米姉妹のふたりごはん	12	12	2	6	0	2	0	4	0	0	0
SKIP_PAGE	shinozaki-san-ki-o-otashikani	篠崎さん気をオタしかに!	篠崎さん気をオタしかに!	9	9	2	4	0	0	2	3	0	0	0
SKIP_PAGE	shoujo-gensou-necrophilia	少女幻葬ネクロフィリア	少女幻葬ネクロフィリア	3	3	2	0	0	0	2	1	0	0	0
SKIP_PAGE	shounen-ashibe	少年アシベ	少年アシベ	12	47	2	5	0	2	0	5	0	0	0
SKIP_PAGE	shuukan-shounen-hachi	週刊少年ハチ	週刊少年ハチ	5	5	2	2	0	0	2	0	0	1	0
SKIP_PAGE	soroete-choudai	そろえてちょうだい?	そろえてちょうだい?	7	8	2	3	0	1	1	0	2	0	0
SKIP_PAGE	studio-cabana	スタジオカバナ	スタジオカバナ	9	9	2	6	0	2	0	1	0	0	0
SKIP_PAGE	sugar-pot	シュガーポット	シュガーポット	3	3	2	0	0	0	2	0	1	0	0
SKIP_PAGE	sushiichi	すしいち!	すしいち!	8	8	2	5	2	0	0	1	0	0	0
SKIP_PAGE	suteki-na-kareshi	素敵な彼氏	素敵な彼氏	14	14	2	11	0	2	0	0	1	0	0
SKIP_PAGE	sweet-10	スイート10	スイート10	7	10	2	0	0	0	2	5	0	0	0
SKIP_PAGE	sweet-delivery	SWEETデリバリー	SWEETデリバリー	11	4	2	0	0	0	2	2	0	7	0
SKIP_PAGE	tadaima-no-uta	ただいまのうた	ただいまのうた	7	7	2	0	0	2	0	0	5	0	0
SKIP_PAGE	taiyou-yori-mo-mabushii-hoshi	太陽よりも眩しい星	太陽よりも眩しい星	15	14	2	12	0	2	0	0	0	1	0
SKIP_PAGE	tarot-maiden-kisara	タロットメイデンきさら	タロットメイデンきさら	3	3	2	0	2	0	0	1	0	0	0
SKIP_PAGE	tasogare-city-graffiti	黄昏シティ・グラフィティ	黄昏シティ・グラフィティ	5	5	2	0	0	0	2	0	3	0	0
SKIP_PAGE	tasuuketsu	多数欠	多数欠	6	9	2	1	2	0	0	3	0	0	0
SKIP_PAGE	tatakae-anaunsaa	戦え!アナウンサー	戦え!アナウンサー	6	9	2	0	0	0	2	1	3	0	0
SKIP_PAGE	tatakau-sebasu-chan	戦う!セバスチャン	戦う!セバスチャン	8	26	2	0	2	0	0	6	0	0	0
SKIP_PAGE	tenchoo-no-watanabe-san	てんちょおのワタナベさん	てんちょおのワタナベさん	3	3	2	0	0	0	2	0	1	0	0
SKIP_PAGE	teni-muhou-jibiki-2006	天医無縫	天医無縫	5	2	2	0	0	0	2	0	0	3	0
SKIP_PAGE	tennen-sozai-de-ikou	天然素材でいこう。	天然素材でいこう。	15	15	2	1	0	0	2	11	1	0	0
SKIP_PAGE	tenshi-na-konamaiki	天使な小生意気	天使な小生意気	20	21	2	12	0	0	2	0	6	0	0
SKIP_PAGE	tenshi-no-uta	天使の唄	天使の唄	9	9	2	0	0	0	2	7	0	0	0
SKIP_PAGE	tenshi-to-act	天使とアクト!!	天使とアクト!!	17	3	2	1	0	2	0	0	0	14	0
SKIP_PAGE	tetsukona-3-shimai	鉄娘な3姉妹	鉄娘な3姉妹	4	4	2	0	0	0	2	2	0	0	0
SKIP_PAGE	tokimeki-midnight	ときめきミッドナイト	ときめきミッドナイト	15	15	2	6	0	0	2	0	7	0	0
SKIP_PAGE	tonari-no-neko-to-koishirazu	となりの猫と恋知らず	となりの猫と恋知らず	7	6	2	4	0	2	0	0	0	1	0
SKIP_PAGE	tonde-buurin-ikeda1995	とんでぶーりん❤	とんでぶーりん	3	2	2	0	2	0	0	0	0	1	0
SKIP_PAGE	totsugeki-houshi-boranteiabu	突撃奉仕暴ランティア部	突撃奉仕 暴ランティア部	3	3	2	0	0	0	2	1	0	0	0
SKIP_PAGE	trinity-7-shichinin-no-masho-tsukai	トリニティセブン 7人の魔書使い	トリニティセブン 7人の魔書使い	34	55	2	15	0	0	2	17	0	0	0
SKIP_PAGE	tsubaki-san	椿さん	椿さん	7	6	2	0	0	0	2	4	0	1	0
SKIP_PAGE	tsukushi-massugu-life	つくしまっすぐライフ!	つくしまっすぐライフ!	3	3	2	0	0	0	2	1	0	0	0
SKIP_PAGE	tte-iuka-koi-jane	っていうか恋じゃね?	っていうか恋じゃね?	10	3	2	0	0	2	0	0	1	7	0
SKIP_PAGE	uchi-no-pochi-no-iu-koto-niwa	うちのポチの言うことには	うちのポチの言うことには	8	8	2	0	0	2	0	0	6	0	0
SKIP_PAGE	uewoshitahenojiretta	上を下へのジレッタ	上を下へのジレッタ	6	4	2	1	0	1	1	1	0	2	0
SKIP_PAGE	ultra-maniac	ウルトラマニアック	ウルトラマニアック	8	4	2	0	0	2	0	2	0	4	0
SKIP_PAGE	uri-o-waru	瓜を破る	瓜を破る	14	13	2	10	0	2	0	1	0	1	0
SKIP_PAGE	uruwashi-no-yoi-no-tsuki	うるわしの宵の月	うるわしの宵の月	11	12	2	8	0	2	0	0	0	1	0
SKIP_PAGE	ushiyama-san	牛山さん	牛山さん	3	2	2	0	0	2	0	0	0	1	0
SKIP_PAGE	uwakoi	うわこい	うわこい	6	6	2	0	0	0	2	1	3	0	0
SKIP_PAGE	waltz-wa-shiroi-dress-de	円舞曲は白いドレスで	円舞曲は白いドレスで	8	7	2	0	2	0	0	2	0	4	0
SKIP_PAGE	watashi-o-center-ni-suru-to-chikaimasu-ka	私をセンターにすると誓いますか?	私をセンターにすると誓いますか?	6	6	2	3	0	2	0	0	1	0	0
SKIP_PAGE	wild-pitch-2006	わいるど・ぴっち	わいるど☆ぴっち	3	3	2	0	0	0	2	1	0	0	0
SKIP_PAGE	world-embryo	ワールドエンブリオ	ワールドエンブリオ	13	2	2	0	2	0	0	0	0	11	0
SKIP_PAGE	world-trigger	ワールドトリガー	ワールドトリガー	30	29	2	18	0	2	0	8	0	2	0
SKIP_PAGE	wotaku-ni-koi-wa-muzukashii	ヲタクに恋は難しい	ヲタクに恋は難しい	11	13	2	3	1	0	1	2	4	0	0
SKIP_PAGE	yano-kun-no-futsuu-no-hibi	矢野くんの普通の日々	矢野くんの普通の日々	13	12	2	10	0	2	0	0	0	1	0
SKIP_PAGE	yasashii-kyoushi-no-shitsukekata	やさしい教師の躾けかた。	やさしい教師の躾けかた。	4	6	2	0	2	0	0	0	2	0	0
SKIP_PAGE	yoasobi-gurashi	よあそびぐらしっ!	よあそびぐらしっ!	6	5	2	3	0	2	0	0	0	1	0
SKIP_PAGE	yojigen	4ジゲン	4ジゲン	6	6	2	3	0	2	0	0	1	0	0
SKIP_PAGE	yokokuhan	予告犯	予告犯	3	9	2	0	0	0	2	1	0	0	0
SKIP_PAGE	yomogimochi-yaketa	ヨモギもちヤケた?	ヨモギもちヤケた?	4	4	2	0	2	0	0	0	2	0	0
SKIP_PAGE	youkai-hakase-no-choushoku	妖怪博士の朝食	妖怪博士の朝食	6	6	2	1	2	0	0	0	0	3	0
SKIP_PAGE	yukibana-no-tora	雪花の虎	雪花の虎	10	9	2	6	0	2	0	1	0	1	0
SKIP_PAGE	za-change	ざ・ちぇんじ!	ざ・ちぇんじ!	6	11	2	0	0	0	2	1	3	0	0
SKIP_PAGE	zettai-karen-children	絶対可憐チルドレン	絶対可憐チルドレン	63	65	2	39	0	1	1	2	5	15	0
SKIP_PAGE	17-nana	17	17 (漫画)	5	1	1	0	0	0	1	0	0	4	0
SKIP_PAGE	2001yamonogatari	2001夜物語	2001夜物語	11	6	1	2	1	0	0	2	1	5	0
SKIP_PAGE	31-aidoriimu	31☆アイドリーム	31☆アイドリーム	7	7	1	5	0	0	1	0	0	1	0
SKIP_PAGE	7-rayukihime-to-7nin-no-shuujin	白雪姫と7人の囚人	白雪姫と7人の囚人	5	5	1	0	0	0	1	4	0	0	0
SKIP_PAGE	7senchi	7センチ!	7センチ!	3	3	1	0	1	0	0	0	2	0	0
SKIP_PAGE	99-suikan-super-99	潜水艦スーパー99	潜水艦スーパー99	3	3	1	0	0	0	1	0	0	2	0
SKIP_PAGE	abarenbou-honya-san	暴れん坊本屋さん	暴れん坊本屋さん	3	3	1	0	1	0	0	0	0	2	0
SKIP_PAGE	ajin	亜人	亜人 (漫画)	17	18	1	13	0	0	1	2	0	1	0
SKIP_PAGE	aka-tan-ao-tan	紅たん碧たん	紅たん碧たん	3	4	1	0	0	0	1	0	2	0	0
SKIP_PAGE	akadou-suzunosuke	赤胴鈴之助	赤胴鈴之助	18	5	1	4	0	1	0	0	0	13	0
SKIP_PAGE	akai-numa	赤い沼	赤い沼	2	1	1	0	0	0	1	0	0	1	0
SKIP_PAGE	akatsuki-no-aria	暁のARIA	暁のARIA	21	4	1	1	1	0	0	2	0	17	0
SKIP_PAGE	akatsukiyami-no-vorufu	暁闇のヴォルフ	暁闇のヴォルフ	4	2	1	1	0	0	1	0	0	2	0
SKIP_PAGE	akira-otsuka-2011	阿鬼羅	阿鬼羅	7	7	1	0	0	0	1	0	6	0	0
SKIP_PAGE	akita-land-gothic	アキタランドゴシック	アキタランド・ゴシック	2	2	1	0	0	0	1	0	1	0	0
SKIP_PAGE	akuma-to-love-song	悪魔とラブソング	悪魔とラブソング	21	21	1	7	0	0	1	0	12	1	0
SKIP_PAGE	al	AL	AL (漫画)	4	4	1	0	0	0	1	0	3	0	0
SKIP_PAGE	alfheim-no-kishi	妖精国の騎士	妖精国の騎士	76	76	1	0	1	0	0	0	0	22	53
SKIP_PAGE	alice-doubutsu-byouin-shinsatsu-enikki	アリス動物病院診察絵日記	アリス動物病院診察絵日記	2	3	1	0	1	0	0	0	1	0	0
SKIP_PAGE	amayuru	あまゆる。	あまゆる。	2	2	1	0	1	0	0	0	1	0	0
SKIP_PAGE	anastasia-club	アナスタシア倶楽部	アナスタシア倶楽部	7	5	1	3	1	0	0	0	0	3	0
SKIP_PAGE	aoi-chan-to-yamato-kun	あおいちゃんとヤマトくん	あおいちゃんとヤマトくん	6	6	1	0	0	0	1	0	5	0	0
SKIP_PAGE	apartment-of-gundam	アパートメント・オブ・ガンダム	アパートメント・オブ・ガンダム	4	1	1	0	1	0	0	0	0	3	0
SKIP_PAGE	arabian-hana-chan	アラビアン花ちゃん	アラビアン花ちゃん	3	3	1	0	0	0	1	2	0	0	0
SKIP_PAGE	arekusandaa-daiou-tenjou-no-oukoku	アレクサンダー大王 -天上の王国-	アレクサンダー大王 -天上の王国-	2	3	1	0	0	0	1	0	0	1	0
SKIP_PAGE	asahi-nagu	あさひなぐ	あさひなぐ	34	36	1	0	0	0	1	1	32	0	0
SKIP_PAGE	ashiya-san-no-neko	芦屋さんの猫。	芦屋さんの猫。	4	4	1	1	0	0	1	2	0	0	0
SKIP_PAGE	asonde-manga-no-onii-san	遊んで!まんがのお兄さん	遊んで! まんがのお兄さん	2	2	1	0	0	0	1	1	0	0	0
SKIP_PAGE	assistant	アシスタント!!	アシスタント!!	2	2	1	0	0	0	1	1	0	0	0
SKIP_PAGE	asteroid-miners	アステロイド・マイナーズ	アステロイド・マイナーズ	2	2	1	0	1	0	0	0	1	0	0
SKIP_PAGE	asu-kimi-ni-aetara	明日、きみに会えたら	明日、きみに会えたら	2	1	1	0	1	0	0	0	0	1	0
SKIP_PAGE	atom-cat	アトムキャット	アトムキャット	3	5	1	1	0	0	1	1	0	0	0
SKIP_PAGE	awajima-hyakkei	淡島百景	淡島百景	5	5	1	1	0	0	1	2	1	0	0
SKIP_PAGE	bakumatsu-gurentai	幕末紅蓮隊	幕末紅蓮隊	4	4	1	1	0	0	1	2	0	0	0
SKIP_PAGE	baoh-raihousha	バオー来訪者	バオー来訪者	3	3	1	0	0	1	0	0	2	0	0
SKIP_PAGE	bara-no-jozefiinu	薔薇のジョゼフィーヌ	薔薇のジョゼフィーヌ	4	4	1	0	0	1	0	0	3	0	0
SKIP_PAGE	barairo-guardian	薔薇色ガーディアン	薔薇色ガーディアン	5	1	1	0	0	0	1	0	0	4	0
SKIP_PAGE	baransu-porishii	バランスポリシー	バランスポリシー	2	1	1	0	1	0	0	0	0	1	0
SKIP_PAGE	baroque-knights	バロック騎士団	バロック騎士団	8	2	1	0	0	1	0	0	1	6	0
SKIP_PAGE	batman-and-justice-league	バットマンアンドジャスティスリーグ	バットマンアンドジャスティスリーグ	4	4	1	0	0	0	1	1	2	0	0
SKIP_PAGE	battle-ground-workers	バトルグラウンドワーカーズ	バトルグラウンドワーカーズ	8	8	1	0	1	0	0	0	7	0	0
SKIP_PAGE	bem-hunter-sword	ベムハンター・ソード	ベムハンター・ソード	4	6	1	0	0	1	0	3	0	0	0
SKIP_PAGE	berry-berry	ベリーベリー	ベリーベリー	3	3	1	0	0	0	1	0	2	0	0
SKIP_PAGE	beru-star-goutoudan	ベル☆スタア強盗団	ベル☆スタア強盗団	3	8	1	0	0	1	0	2	0	0	0
SKIP_PAGE	blue-rokku	ブルーロック	ブルーロック	40	69	1	33	0	1	0	0	0	6	0
SKIP_PAGE	bluish	ブルーイッシュ	ブルーイッシュ	2	2	1	0	0	1	0	0	1	0	0
SKIP_PAGE	boku-no-heya-e-oideyo	僕の部屋へおいでよ	僕の部屋へおいでよ	2	1	1	0	0	0	1	0	0	1	0
SKIP_PAGE	bokura-wa-minna-shinde-iru	僕らはみんな死んでいる♪	僕らはみんな死んでいる♪	10	4	1	3	0	0	1	0	0	6	0
SKIP_PAGE	boroboro-no-elf-san-o-shiawase-ni-suru-kusuriuri-san	ボロボロのエルフさんを幸せにする薬売りさん	ボロボロのエルフさんを幸せにする薬売りさん	3	4	1	1	0	1	0	0	0	1	0
SKIP_PAGE	botchama-wa-kyou-mo-ijirareru	ぼっちゃまは今日もイジられる	ぼっちゃまは今日もイジられる	2	2	1	0	1	0	0	0	1	0	0
SKIP_PAGE	brocken-blood	ブロッケンブラッド	ブロッケンブラッド	9	2	1	0	1	0	0	0	1	7	0
SKIP_PAGE	buroiraa-oyaji-efuekkusu	ブロイラーおやじFX	ブロイラーおやじFX	2	1	1	0	0	0	1	0	0	1	0
SKIP_PAGE	busshi-no-busshin-kamakura-hanbun-busshiroku	ぶっしのぶっしん 鎌倉半分仏師録	ぶっしのぶっしん 鎌倉半分仏師録	5	4	1	3	0	0	1	0	0	1	0
SKIP_PAGE	channel-wa-sonomama	チャンネルはそのまま!	チャンネルはそのまま!	6	1	1	0	1	0	0	0	0	5	0
SKIP_PAGE	chiharu-san-no-musume	ちはるさんの娘	ちはるさんの娘	4	4	1	1	0	1	0	2	0	0	0
SKIP_PAGE	chihayafuru	ちはやふる	ちはやふる	50	73	1	47	0	0	1	1	0	1	0
SKIP_PAGE	chinshimasu	Chinします?	Chinします?	2	2	1	0	0	0	1	1	0	0	0
SKIP_PAGE	chitose-etc	ちとせetc.	ちとせetc.	7	2	1	0	0	1	0	0	1	5	0
SKIP_PAGE	chocolatier-wa-sadistic	ショコラティエはサディスティック	ショコラティエはサディスティック	2	2	1	0	1	0	0	0	1	0	0
SKIP_PAGE	chou-jikuu-yousai-macross-za-first	超時空要塞マクロスTHE FIRST	超時空要塞マクロス THE FIRST	6	6	1	4	0	1	0	0	1	0	0
SKIP_PAGE	chrno-crusade	クロノクルセイド	クロノクルセイド	8	17	1	3	0	1	0	4	0	0	0
SKIP_PAGE	city	CITY	CITY (漫画)	15	14	1	11	0	1	0	1	0	2	0
SKIP_PAGE	colorful-palette	カラフル・パレット	カラフル・パレット	8	5	1	2	0	1	0	2	0	3	0
SKIP_PAGE	countrouble	カウントラブル	カウントラブル	7	1	1	0	0	1	0	0	0	6	0
SKIP_PAGE	d-ra-cin-ma	デラシネマ	デラシネマ	8	2	1	1	0	0	1	0	0	6	0
SKIP_PAGE	dageki-tenshi-ruri	打撃天使ルリ	打撃天使ルリ	4	5	1	0	0	0	1	3	0	0	0
SKIP_PAGE	dainana-joshikai-houkou	第七女子会彷徨	第七女子会彷徨	10	1	1	0	1	0	0	0	0	9	0
SKIP_PAGE	dairoku-tairiku	第六大陸	第六大陸	5	2	1	0	0	0	1	0	0	4	0
SKIP_PAGE	dame-dashi	ダメ出し。	ダメ出し。	2	2	1	0	0	1	0	0	1	0	0
SKIP_PAGE	dame-na-watashi-ni-koi-shite-kudasai	ダメな私に恋してください	ダメな私に恋してください	10	17	1	1	0	1	0	6	1	1	0
SKIP_PAGE	dampier-no-oishii-bouken	ダンピアのおいしい冒険	ダンピアのおいしい冒険	6	6	1	4	1	0	0	1	0	0	0
SKIP_PAGE	dark-whisper	ダークウィスパー	ダークウィスパー	3	5	1	0	0	0	1	1	1	0	0
SKIP_PAGE	dear-mine	ディアマイン	ディア マイン	6	4	1	3	0	0	1	0	0	2	0
SKIP_PAGE	death-note	DEATH NOTE	DEATH NOTE	21	31	1	13	0	0	1	7	0	0	0
SKIP_PAGE	destro-246	デストロ246	デストロ246	7	9	1	0	0	0	1	6	0	0	0
SKIP_PAGE	destroy-and-revolution	デストロイアンドレボリューション	デストロイ アンド レボリューション	9	9	1	0	0	0	1	8	0	0	0
SKIP_PAGE	dezi-con	デジコン	デジコン (漫画)	3	1	1	0	0	1	0	0	0	2	0
SKIP_PAGE	digimon-adventure-v-tamer-01	デジモンアドベンチャーVテイマー01	デジモンアドベンチャー Vテイマー01	9	9	1	0	0	0	1	4	4	0	0
SKIP_PAGE	doka-gui-daisuki-mochizuki-san	ドカ食いダイスキ! もちづきさん	ドカ食いダイスキ! もちづきさん	4	3	1	1	1	0	0	1	0	1	0
SKIP_PAGE	donmai	どんまい!	どんまい!	5	5	1	0	0	0	1	1	0	3	0
SKIP_PAGE	doukyonin-wa-hiza-tokidoki-atama-no-ue	同居人はひざ、時々、頭のうえ。	同居人はひざ、時々、頭のうえ。	12	12	1	1	0	1	0	6	0	4	0
SKIP_PAGE	dribble-nukko-aashi-chan	ドリブルヌッコあーしちゃん	ドリブルヌッコあーしちゃん	2	1	1	0	0	1	0	0	0	1	0
SKIP_PAGE	duel-masters-fighter-honoo	D・Mファイター焔	D・Mファイター焔	2	2	1	0	1	0	0	0	1	0	0
SKIP_PAGE	efu-no-shichinin	衛府の七忍	衛府の七忍	10	10	1	0	0	0	1	3	6	0	0
SKIP_PAGE	embryo-naruse-2007	エンブリオ	エンブリオ (漫画)	2	2	1	0	1	0	0	0	1	0	0
SKIP_PAGE	enoshima-waikiki-shokudou	江の島ワイキキ食堂	江の島ワイキキ食堂	11	12	1	2	0	0	1	7	1	0	0
SKIP_PAGE	epotoransu-mai	エポトランス!舞	エポトランス!舞	4	4	1	2	1	0	0	0	1	0	0
SKIP_PAGE	eru-arukon-taka	エル・アルコン-鷹-	エル・アルコン-鷹-	4	8	1	0	0	0	1	3	0	0	0
SKIP_PAGE	exit	EXIT	EXIT (漫画)	12	7	1	0	0	0	1	2	0	9	0
SKIP_PAGE	fire-on-ice	ファイヤーオンアイス	ファイヤー オン アイス	2	1	1	0	0	0	1	0	0	1	0
SKIP_PAGE	first-girl	ファースト・ガール	ファースト・ガール	8	4	1	3	1	0	0	0	0	4	0
SKIP_PAGE	fortune-quest	フォーチュン・クエスト	フォーチュン・クエスト	3	78	1	0	0	0	1	1	1	0	0
SKIP_PAGE	fragtime	フラグタイム	フラグタイム	2	2	1	0	0	1	0	0	1	0	0
SKIP_PAGE	free-gan-2012	Free!	Free! (漫画)	2	1	1	0	1	0	0	0	0	1	0
SKIP_PAGE	fudou	不動	不動 (漫画)	9	2	1	1	1	0	0	0	0	7	0
SKIP_PAGE	fukushuu-kyoushitsu	復讐教室	復讐教室 (漫画)	7	11	1	5	0	0	1	0	0	1	0
SKIP_PAGE	fumetsu-no-anata-e	不滅のあなたへ	不滅のあなたへ	25	24	1	21	0	1	0	2	0	1	0
SKIP_PAGE	furoito-2-bunnoichi	フロイト1/2	フロイト1/2	2	2	1	0	0	1	0	0	1	0	0
SKIP_PAGE	fushigi-wa-nani-de-dekiteiruka	不思議は何で出来ているか	不思議は何で出来ているか	2	2	1	0	1	0	0	1	0	0	0
SKIP_PAGE	futaba-no-kyoushitsu	ふたばの教室	ふたばの教室	2	2	1	0	1	0	0	0	1	0	0
SKIP_PAGE	fuusuke	フースケ	フースケ	3	3	1	0	0	1	0	1	0	1	0
SKIP_PAGE	gabriel-dropout	ガヴリールドロップアウト	ガヴリールドロップアウト	16	18	1	10	0	1	0	4	0	1	0
SKIP_PAGE	gakuen-sousei-nekoten	学園創世猫天!	学園創世 猫天!	5	1	1	0	0	0	1	0	0	4	0
SKIP_PAGE	gan-kon	GAN☆KON	GAN☆KON	5	4	1	0	0	1	0	0	3	1	0
SKIP_PAGE	garden-sisters	がーでん姉妹	がーでん姉妹	7	7	1	0	0	0	1	0	6	0	0
SKIP_PAGE	gekikara-bunka-kouryuu	ゲキカラ文化交流	ゲキカラ文化交流	3	3	1	0	0	0	1	2	0	0	0
SKIP_PAGE	genjuu-no-seiza	幻獣の星座	幻獣の星座	14	33	1	12	0	0	1	0	1	0	0
SKIP_PAGE	genkai-ol-kirigiri-giriko	限界OL霧切ギリ子	限界OL霧切ギリ子	3	2	1	1	0	1	0	0	0	1	0
SKIP_PAGE	genma-taisen	幻魔大戦	幻魔大戦	14	8	1	5	1	0	0	1	0	7	0
SKIP_PAGE	gin-no-ookami	銀の狼	銀の狼	2	2	1	0	1	0	0	0	1	0	0
SKIP_PAGE	gin-no-supuun	銀のスプーン	銀のスプーン	17	17	1	15	0	0	1	1	0	0	0
SKIP_PAGE	girls-lesson	Girls lesson	Girls Lesson	3	1	1	0	1	0	0	0	0	2	0
SKIP_PAGE	gokujou-drops	極上ドロップス	極上ドロップス	4	4	1	0	1	0	0	0	0	3	0
SKIP_PAGE	gold-2004	GOLD	GOLD (漫画)	16	24	1	0	1	0	0	15	0	0	0
SKIP_PAGE	golden-days	ゴールデン・デイズ	ゴールデン・デイズ	12	12	1	2	0	0	1	1	8	0	0
SKIP_PAGE	gouken-yamato	轟拳ヤマト	轟拳ヤマト	5	5	1	0	0	0	1	4	0	0	0
SKIP_PAGE	gun-frontier	ガンフロンティア	ガンフロンティア (漫画)	5	2	1	1	1	0	0	0	0	3	0
SKIP_PAGE	gunshi-kuroda-kanbei-den	軍師黒田官兵衛伝	軍師 黒田官兵衛伝	7	7	1	1	1	0	0	0	5	0	0
SKIP_PAGE	guuguu-datte-neko-de-aru	グーグーだって猫である	グーグーだって猫である	12	4	1	0	1	0	0	0	0	11	0
SKIP_PAGE	gyouten-ningen-batsealer	仰天人間バトシーラー	仰天人間バトシーラー	3	5	1	0	0	1	0	2	0	0	0
SKIP_PAGE	habsburg-ka-no-kareinaru-junan	ハプスブルク家の華麗なる受難	ハプスブルク家の華麗なる受難	3	2	1	1	0	1	0	0	0	1	0
SKIP_PAGE	hachimitsu-no-hana	はちみつの花	はちみつの花	3	3	1	0	1	0	0	0	2	0	0
SKIP_PAGE	haikei-koroshiya-san-to-kekkon-shimashita	拝啓…殺し屋さんと結婚しました	拝啓…殺し屋さんと結婚しました	9	8	1	7	0	1	0	0	0	1	0
SKIP_PAGE	hajirau-kimi-ga-mitainda	恥じらう君が見たいんだ	恥じらう君が見たいんだ	10	11	1	7	0	1	0	1	0	1	0
SKIP_PAGE	hakoiri-drops	箱入りドロップス	箱入りドロップス	6	6	1	0	0	0	1	0	5	0	0
SKIP_PAGE	hakuina-kanojo	白衣な彼女	白衣な彼女	6	6	1	0	0	0	1	0	5	0	0
SKIP_PAGE	hana-junrei	花巡礼	花巡礼	5	5	1	0	0	0	1	3	1	0	0
SKIP_PAGE	hana-sakeru-seishounen	花咲ける青少年	花咲ける青少年	18	30	1	12	0	0	1	5	0	0	0
SKIP_PAGE	hana-to-akuma	花と悪魔	花と悪魔	10	10	1	0	0	1	0	0	9	0	0
SKIP_PAGE	hana-to-shura	華と修羅	華と修羅	5	1	1	0	0	0	1	0	0	4	0
SKIP_PAGE	hana-yodan-to-isshokenmei	花四段といっしょ	花四段といっしょ	6	6	1	4	0	1	0	0	1	0	0
SKIP_PAGE	hananoi-kun-to-koi-no-yamai	花野井くんと恋の病	花野井くんと恋の病	19	19	1	15	0	1	0	0	0	3	0
SKIP_PAGE	hanayamata	ハナヤマタ	ハナヤマタ	10	14	1	0	0	0	1	9	0	0	0
SKIP_PAGE	hanitarou-desu	ハニ太郎です。	ハニ太郎です。	14	14	1	5	1	0	0	8	0	0	0
SKIP_PAGE	haru-no-noroi	春の呪い	春の呪い	2	1	1	0	1	0	0	0	0	1	0
SKIP_PAGE	heaven-2000	ヘヴン	ヘヴン (遠藤淑子の漫画)	3	3	1	1	0	0	1	1	0	0	0
SKIP_PAGE	heaven	Heaven?	Heaven?	10	7	1	4	1	0	0	0	0	5	0
SKIP_PAGE	heisei-umare	平成生まれ	平成生まれ	2	5	1	0	0	0	1	0	1	0	0
SKIP_PAGE	hetaria	ヘタリア	ヘタリア	6	15	1	0	0	0	1	4	0	1	0
SKIP_PAGE	hi-ni-nagarete-hashi-ni-iku	日に流れて橋に行く	日に流れて橋に行く	13	12	1	11	0	1	0	0	0	1	0
SKIP_PAGE	hidarikiki-no-eren	左ききのエレン	左ききのエレン	26	25	1	24	0	1	0	0	0	1	0
SKIP_PAGE	higashi-kitazawa-5-5-u	東北沢5号	東北沢5号	3	3	1	1	0	1	0	0	1	0	0
SKIP_PAGE	hikari-no-umi	光の海	光の海 (漫画)	2	1	1	0	1	0	0	0	0	1	0
SKIP_PAGE	himedoru	ひめドル!!	ひめドル!!	2	2	1	0	0	1	0	0	1	0	0
SKIP_PAGE	hinata-cafe-e-youkoso	ひなたCafeへようこそ	ひなたCafeへようこそ	2	2	1	0	0	0	1	1	0	0	0
SKIP_PAGE	hitsujitachi-wa-nani-o-mita	羊たちは何を見た	羊たちは何を見た	3	1	1	0	0	0	1	0	0	2	0
SKIP_PAGE	hiyokoi	ひよ恋	ひよ恋	14	7	1	0	0	1	0	0	1	12	0
SKIP_PAGE	holy-brownie	Holy Brownie	Holy Brownie	6	6	1	3	0	0	1	0	2	0	0
SKIP_PAGE	hone-made-aishite-takaguchi-2011	骨まで愛して	骨まで愛して (漫画)	2	2	1	0	1	0	0	0	1	0	0
SKIP_PAGE	horente-tou-no-mahoutsukai	ホレンテ島の魔法使い	ホレンテ島の魔法使い	2	2	1	0	1	0	0	0	1	0	0
SKIP_PAGE	hoshi-wa-utau	星は歌う	星は歌う	11	11	1	0	0	1	0	0	10	0	0
SKIP_PAGE	houchou-mushuku-shoubu-tabi	包丁無宿勝負旅	包丁無宿勝負旅	4	1	1	0	0	0	1	0	0	3	0
SKIP_PAGE	houkago-no-charisma	放課後のカリスマ	放課後のカリスマ	12	1	1	0	1	0	0	0	0	11	0
SKIP_PAGE	houkago-teibou-nisshi	放課後ていぼう日誌	放課後ていぼう日誌	16	15	1	0	0	1	0	6	8	1	0
SKIP_PAGE	hungry-joker	HUNGRY JOKER	HUNGRY JOKER	3	3	1	1	0	1	0	0	1	0	0
SKIP_PAGE	hyakko	ヒャッコ	ヒャッコ	7	7	1	0	0	0	1	0	0	6	0
SKIP_PAGE	idea-no-hana	イデアの花	イデアの花	6	2	1	1	0	1	0	0	0	4	0
SKIP_PAGE	iifi-no-shokubutsu-zukan	イーフィの植物図鑑	イーフィの植物図鑑	7	7	1	5	0	0	1	1	0	0	0
SKIP_PAGE	iinari-gohan	いいなりゴハン	いいなりゴハン	2	2	1	0	0	1	0	0	1	0	0
SKIP_PAGE	imadoki-shoujo-zukan	いまどき少女図鑑	いまどき少女図鑑	2	2	1	0	1	0	0	1	0	0	0
SKIP_PAGE	inari-konkon-koi-iroha	いなり、こんこん、恋いろは。	いなり、こんこん、恋いろは。	10	11	1	3	0	0	1	2	3	1	0
SKIP_PAGE	inu-gundam	犬ガンダム	犬ガンダム	2	2	1	0	0	0	1	0	1	0	0
SKIP_PAGE	inumarudashitsu	いぬまるだしっ	いぬまるだしっ	11	11	1	1	0	0	1	0	9	0	0
SKIP_PAGE	investor-z	インベスターZ	インベスターZ	21	5	1	4	0	0	1	0	0	16	0
SKIP_PAGE	inyou-taisenki	陰陽大戦記	陰陽大戦記	3	3	1	0	0	0	1	0	2	0	0
SKIP_PAGE	ishida-to-asakura	石田とあさくら	石田とあさくら	2	1	1	0	1	0	0	0	0	1	0
SKIP_PAGE	japonika-no-arukikata	ジャポニカの歩き方	ジャポニカの歩き方	7	1	1	0	0	0	1	0	0	6	0
SKIP_PAGE	jigokudemesugahikaru	地獄でメスがひかる	地獄でメスがひかる	3	3	1	1	0	0	1	0	1	0	0
SKIP_PAGE	joshi-shougakusei-hajimemashita-p	女子小学生はじめましたP!	女子小学生はじめましたP!	10	10	1	1	1	0	0	0	0	0	8
SKIP_PAGE	joshimon	じょしもん	じょしもん	4	4	1	0	0	0	1	3	0	0	0
SKIP_PAGE	joumon-shounen-yogi	縄文少年ヨギ	縄文少年ヨギ	3	8	1	1	0	1	0	0	1	0	0
SKIP_PAGE	kachou-shima-kousaku	課長島耕作	課長島耕作	42	119	1	0	1	0	0	11	0	25	5
SKIP_PAGE	kaijuu-no-ie	怪獣の家	怪獣の家	2	2	1	0	0	0	1	0	1	0	0
SKIP_PAGE	kakeru	カケル	カケル (漫画)	13	2	1	0	1	0	0	0	0	12	0
SKIP_PAGE	kamen-rider-esudii-shippuu-densetsu	仮面ライダーSD疾風伝説	仮面ライダーSD 疾風伝説	3	5	1	0	1	0	0	0	2	0	0
SKIP_PAGE	kami-sama-no-tsukurikata	神さまのつくりかた。	神さまのつくりかた。	14	14	1	4	0	0	1	0	9	0	0
SKIP_PAGE	kamisamabiyori	かみさま日和	かみさま日和	3	2	1	1	0	0	1	0	0	1	0
SKIP_PAGE	kan-chan	カンちゃん	カンちゃん	2	1	1	0	0	0	1	0	0	1	0
SKIP_PAGE	kannou-sensei	官能先生	官能先生	5	4	1	3	0	1	0	0	0	1	0
SKIP_PAGE	kanojo-no-kagi-o-akeru-houhou	彼女の鍵を開ける方法	彼女の鍵を開ける方法	9	9	1	0	0	0	1	0	8	0	0
SKIP_PAGE	kanojo-o-mamoru-51-no-houhou	彼女を守る51の方法	彼女を守る51の方法	5	1	1	0	0	0	1	0	0	4	0
SKIP_PAGE	kanshin-shunjuu-shiba-chuutatsuden-sangokushi-shibachuu-san	漢晋春秋司馬仲達伝三国志しばちゅうさん	漢晋春秋司馬仲達伝三国志 しばちゅうさん	5	3	1	2	0	0	1	0	0	2	0
SKIP_PAGE	kao-ni-denai-kashiwada-san-to-kao-ni-deru-oota-kun	顔に出ない柏田さんと顔に出る太田君	顔に出ない柏田さんと顔に出る太田君	10	13	1	7	0	0	1	2	0	0	0
SKIP_PAGE	katekyon	かてきょん	かてきょん	3	2	1	0	0	0	1	1	0	1	0
SKIP_PAGE	katsura-masakazu-collection	桂正和コレクション	桂正和コレクション	2	4	1	0	0	0	1	1	0	0	0
SKIP_PAGE	kaze-no-kasuba	風の城砦	風の城砦	6	2	1	0	0	0	1	1	0	4	0
SKIP_PAGE	kenrou-densetsu	犬狼伝説	犬狼伝説	3	8	1	1	1	0	0	1	0	0	0
SKIP_PAGE	kento-no-hakobune	ケントの方舟	ケントの方舟	4	4	1	0	0	0	1	0	3	0	0
SKIP_PAGE	kerokero-chime	ケロケロちゃいむ	ケロケロちゃいむ	5	5	1	0	0	1	0	0	4	0	0
SKIP_PAGE	kikaibanashi-hanasaka-ikkyuu	奇怪噺花咲一休	奇怪噺 花咲一休	2	2	1	0	0	0	1	1	0	0	0
SKIP_PAGE	kimi-ga-shinu-made-koi-o-shitai	きみが死ぬまで恋をしたい	きみが死ぬまで恋をしたい	9	11	1	0	1	0	0	0	8	0	0
SKIP_PAGE	kimi-no-knife	君のナイフ	君のナイフ	10	2	1	1	0	0	1	0	0	8	0
SKIP_PAGE	kimi-no-sei	君のせい	君のせい	3	2	1	0	0	0	1	0	0	2	0
SKIP_PAGE	kimi-to-boku	君と僕。	君と僕。	17	20	1	15	0	0	1	0	1	0	0
SKIP_PAGE	kininaru-yome-san	気になるヨメさん	気になるヨメさん	2	2	1	0	0	0	1	0	1	0	0
SKIP_PAGE	kirinchou-boueigumi	麒麟町ぼうえいぐみ	麒麟町ぼうえいぐみ	2	2	1	0	1	0	0	1	0	0	0
SKIP_PAGE	kishibe-rohan-louvre-e-yuku	岸辺露伴ルーヴルへ行く	岸辺露伴 ルーヴルへ行く	2	2	1	0	0	0	1	1	0	0	0
SKIP_PAGE	kishimojin	鬼子母神	鬼子母神 (漫画)	2	3	1	0	0	0	1	0	0	1	0
SKIP_PAGE	kissa-koudou-to-jinkaku	喫茶行動と人格	喫茶 行動と人格	2	1	1	0	1	0	0	0	0	1	0
SKIP_PAGE	kiyoku-yawaku	潔く柔く	潔く柔く	20	8	1	4	0	1	0	2	0	13	0
SKIP_PAGE	kizuna	KIZUNA	KIZUNA	13	17	1	3	0	0	1	9	0	0	0
SKIP_PAGE	kobato	こばと。	こばと。	6	12	1	0	0	0	1	5	0	0	0
SKIP_PAGE	kodoku-no-naka-no-watashi	コドクの中のワタシ	コドクの中のワタシ	3	3	1	0	0	0	1	0	2	0	0
SKIP_PAGE	kodokunogurume	孤独のグルメ	孤独のグルメ	4	9	1	0	0	1	0	1	0	2	0
SKIP_PAGE	kodomotachi-wa-yoru-no-juunin	子供たちは夜の住人	子供たちは夜の住人	4	2	1	1	1	0	0	0	0	2	0
SKIP_PAGE	koke-teisshu	こけティッシュ	こけティッシュ	2	1	1	0	0	0	1	0	0	1	0
SKIP_PAGE	koko-wa-ima-kara-rinri-desu	ここは今から倫理です。	ここは今から倫理です。	10	10	1	7	0	1	0	1	0	1	0
SKIP_PAGE	kokoro-botan	ココロ・ボタン	ココロ・ボタン	12	3	1	2	0	0	1	0	0	9	0
SKIP_PAGE	kono-sekai-no-katasumi-ni	この世界の片隅に	この世界の片隅に	3	8	1	1	1	0	0	0	1	0	0
SKIP_PAGE	kore-wa-koidesu	これは恋です	これは恋です	9	9	1	0	0	1	0	7	1	0	0
SKIP_PAGE	koukoku-no-hiiro	皇国の緋色	皇国の緋色	4	3	1	1	0	0	1	1	0	1	0
SKIP_PAGE	koutetsu-no-hanappashira	鋼鉄の華っ柱	鋼鉄の華っ柱	9	9	1	2	0	1	0	1	5	0	0
SKIP_PAGE	koutsuu-jiko-kanteinin-tamaki-rinichirou	交通事故鑑定人環倫一郎	交通事故鑑定人 環倫一郎	18	12	1	2	0	1	0	2	7	6	0
SKIP_PAGE	kumamiko	くまみこ	くまみこ	20	22	1	14	0	0	1	5	0	0	0
SKIP_PAGE	kumo-no-ue-no-kisuke-san	雲の上のキスケさん	雲の上のキスケさん	5	4	1	0	0	0	1	0	1	3	0
SKIP_PAGE	kunoichi-mahouden	くノ一魔宝伝	くノ一魔宝伝	6	2	1	1	0	0	1	0	0	4	0
SKIP_PAGE	kuraimaa-rendetsu	岳人列伝	岳人列伝	2	8	1	0	1	0	0	1	0	0	0
SKIP_PAGE	kyou-mo-ashita-mo	今日も明日も。	今日も明日も。	11	11	1	0	0	1	0	0	10	0	0
SKIP_PAGE	kyou-no-maou-sama	今日の魔王様	今日の魔王様	2	1	1	0	0	0	1	0	0	1	0
SKIP_PAGE	kyou-wa-kaisha-yasumimasu	きょうは会社休みます。	きょうは会社休みます。	13	14	1	2	0	0	1	10	0	0	0
SKIP_PAGE	la-vie-en-doll	La Vie en Doll	La Vie en Doll	4	4	1	0	0	0	1	3	0	0	0
SKIP_PAGE	lemon-hakusho	れもん白書	れもん白書	5	5	1	2	1	0	0	2	0	0	0
SKIP_PAGE	light-wing	LIGHT WING	LIGHT WING	3	3	1	0	0	0	1	0	2	0	0
SKIP_PAGE	living-dead	りびんぐでっど!	りびんぐでっど!	4	4	1	1	0	1	0	0	2	0	0
SKIP_PAGE	living-game	りびんぐゲーム	りびんぐゲーム	17	23	1	7	1	0	0	0	0	0	9
SKIP_PAGE	love-sick	ラブシック	ラブシック (漫画)	3	3	1	0	0	0	1	0	2	0	0
SKIP_PAGE	lucky-strike	LUCKY STRIKE	LUCKY STRIKE	4	4	1	0	0	1	0	0	3	0	0
SKIP_PAGE	maajan-hourouki-1990	まあじゃんほうろうき	まあじゃんほうろうき	6	7	1	1	0	0	1	0	4	0	0
SKIP_PAGE	mahou-sensei-negima	魔法先生ネギま!	魔法先生ネギま!	38	47	1	36	0	0	1	0	0	1	0
SKIP_PAGE	mahou-shoujo-lyrical-nanoha-innocent	魔法少女リリカルなのはINNOCENT	魔法少女リリカルなのはINNOCENT	3	11	1	1	0	0	1	1	0	0	0
SKIP_PAGE	mahoutsukai-no-musume	魔法使いの娘	魔法使いの娘	8	2	1	0	0	0	1	0	0	7	0
SKIP_PAGE	mairunovich	マイルノビッチ	マイルノビッチ	12	3	1	0	0	1	0	0	2	9	0
SKIP_PAGE	majo-to-houki-to-kurobuchi-megane	魔女とほうきと黒縁メガネ	魔女とほうきと黒縁メガネ	3	3	1	0	0	0	1	0	2	0	0
SKIP_PAGE	mamotte-lollipop	まもって!ロリポップ	まもって!ロリポップ	7	13	1	2	0	0	1	4	0	0	0
SKIP_PAGE	manhole	マンホール	マンホール (漫画)	3	5	1	1	0	0	1	0	1	0	0
SKIP_PAGE	manyuu-hikenchou	魔乳秘剣帖	魔乳秘剣帖	7	1	1	0	1	0	0	0	0	6	0
SKIP_PAGE	marika-chan-otsu	まりかちゃん乙	まりかちゃん乙	3	3	1	0	0	0	1	2	0	0	0
SKIP_PAGE	mars	MARS	MARS (漫画)	23	23	1	21	0	0	1	0	0	1	0
SKIP_PAGE	material-puzzle-zero-kreuz	マテリアル・パズル ゼロクロイツ	マテリアル・パズル ゼロクロイツ	9	9	1	7	0	0	1	0	1	0	0
SKIP_PAGE	mawaru-kenja-no-shuraibuvaare	回転る賢者のシュライブヴァーレ	回転る賢者のシュライブヴァーレ	3	1	1	0	0	0	1	0	0	2	0
SKIP_PAGE	mayumi	まゆみ!	まゆみ!	7	7	1	2	0	1	0	1	3	0	0
SKIP_PAGE	megami-kouhosei	女神候補生	女神候補生	5	10	1	0	0	0	1	4	0	0	0
SKIP_PAGE	megu-milk	めぐ❤みるく	めぐみるく	3	3	1	0	0	0	1	2	0	0	0
SKIP_PAGE	meitantei-mr-katagiri	名探偵Mr.カタギリ	名探偵Mr.カタギリ	5	5	1	1	1	0	0	3	0	0	0
SKIP_PAGE	microid-s	ミクロイドS	ミクロイドS	10	8	1	3	0	0	1	0	1	5	0
SKIP_PAGE	minikui-kaeru-no-ko	みにくいカエルの娘	みにくいカエルの娘	3	3	1	0	0	0	1	2	0	0	0
SKIP_PAGE	missing-gate	Missing gate	MISSING GATE	2	5	1	0	0	0	1	1	0	0	0
SKIP_PAGE	mittsu-no-buranko-no-monogatari	三つのブランコの物語	三つのブランコの物語	3	3	1	1	0	0	1	1	0	0	0
SKIP_PAGE	mobile-suit-gundam-emuesubuiaaru-jonii-raiden-no-kikan	機動戦士ガンダムMSV-R ジョニー・ライデンの帰還	機動戦士ガンダム MSV-R ジョニー・ライデンの帰還	26	29	1	17	1	0	0	6	1	1	0
SKIP_PAGE	mobile-suit-gundam-thunderbolt	機動戦士ガンダムサンダーボルト	機動戦士ガンダム サンダーボルト	27	36	1	1	1	0	0	3	20	2	0
SKIP_PAGE	mogusa-san	もぐささん	もぐささん	10	15	1	0	0	0	1	9	0	0	0
SKIP_PAGE	momoiro-anzuiro-sakurairo	ももいろあんずいろさくらいろ	ももいろ あんずいろ さくらいろ	3	3	1	1	1	0	0	0	0	1	0
SKIP_PAGE	mori-no-kuma-san-touminchuu	森のくまさん、冬眠中。	森のくまさん、冬眠中。	7	7	1	3	0	1	0	3	0	0	0
SKIP_PAGE	mori-no-teguu	森のテグー	森のテグー	2	1	1	0	1	0	0	0	0	1	0
SKIP_PAGE	mosaic-rasen	モザイク・ラセン	モザイク・ラセン	2	4	1	0	0	1	0	1	0	0	0
SKIP_PAGE	moshikashite-vamp	もしかしてヴァンプ	もしかしてヴァンプ	15	12	1	0	0	1	0	5	6	3	0
SKIP_PAGE	mouryou-senki-madara	魍魎戦記MADARA	魍魎戦記MADARA	7	7	1	4	0	0	1	0	2	0	0
SKIP_PAGE	mugen-spiral	夢幻スパイラル	夢幻スパイラル	2	1	1	0	0	0	1	0	0	1	0
SKIP_PAGE	mushishi	蟲師	蟲師	10	27	1	8	0	0	1	1	0	0	0
SKIP_PAGE	my-gardener	マイガーデナー	マイ ガーデナー	2	1	1	0	0	0	1	0	0	1	0
SKIP_PAGE	my-hero	マイヒーロー!	マイヒーロー!	2	2	1	0	0	0	1	1	0	0	0
SKIP_PAGE	nagi-no-oitoma	凪のお暇	凪のお暇	12	13	1	0	0	1	0	11	0	0	0
SKIP_PAGE	naisho-no-princess	ないしょのプリンセス	ないしょのプリンセス	4	5	1	2	0	0	1	0	1	0	0
SKIP_PAGE	nakajima-nakajima	なかじまなかじま	なかじまなかじま	3	3	1	0	0	0	1	1	1	0	0
SKIP_PAGE	nando-toki-o-kurikaeshitemo-honnouji-ga-moerunjaga	何度、時をくりかえしても本能寺が燃えるんじゃが!?	何度、時をくりかえしても本能寺が燃えるんじゃが!?	16	16	1	14	0	1	0	1	0	0	0
SKIP_PAGE	natsumeke-no-myouna-hitobito	夏目家の妙な人々	夏目家の妙な人々	2	2	1	0	0	0	1	1	0	0	0
SKIP_PAGE	nejimaki-kagyuu	ねじまきカギュー	ねじまきカギュー	16	10	1	8	0	0	1	1	0	6	0
SKIP_PAGE	nekomoto	猫本	猫本	2	1	1	0	0	0	1	0	0	1	0
SKIP_PAGE	netojuu-no-susume	ネト充のススメ	ネト充のススメ	2	2	1	0	0	0	1	1	0	0	0
SKIP_PAGE	nichiasa-igai-wa-yattemasu	ニチアサ以外はやってます!	ニチアサ以外はやってます!	2	2	1	0	1	0	0	0	1	0	0
SKIP_PAGE	nightmare-children	ナイトメア☆チルドレン	ナイトメア☆チルドレン	5	4	1	0	1	0	0	0	0	4	0
SKIP_PAGE	nihonjin-youhei-no-kiken-de-okashii-senjougurashi	日本人傭兵の危険でおかしい戦場暮らし	日本人傭兵の危険でおかしい戦場暮らし	3	3	1	1	1	0	0	0	0	1	0
SKIP_PAGE	nijino-san-no-white-swan	虹野さん家のホワイトスワン	虹野さん家のホワイトスワン	2	1	1	0	0	0	1	0	0	1	0
SKIP_PAGE	ningyoushi-no-yoru	人形師の夜	人形師の夜	9	9	1	0	0	0	1	6	2	0	0
SKIP_PAGE	ninja-to-koroshiya-no-futari-gurashi	忍者と殺し屋のふたりぐらし	忍者と殺し屋のふたりぐらし	6	6	1	4	0	1	0	0	0	1	0
SKIP_PAGE	nippon-sangoku	日本三國	日本三國	7	7	1	2	0	1	0	4	0	0	0
SKIP_PAGE	no-guns-life	ノー・ガンズ・ライフ	ノー・ガンズ・ライフ	13	13	1	0	0	0	1	12	0	0	0
SKIP_PAGE	nomura-24ji	野村24時	野村24時	3	3	1	0	1	0	0	2	0	0	0
SKIP_PAGE	nukonuko-shinsengumi	ぬこぬこ新撰組	ぬこぬこ新撰組	3	3	1	0	0	0	1	0	2	0	0
SKIP_PAGE	nusunde-majo	盗んで・リ・リ・ス	盗んでリ・リ・ス	3	2	1	0	1	0	0	0	1	1	0
SKIP_PAGE	odawara-kankou-taishi-ni-nareru-kana	小田原観光大使になれるかな	小田原観光大使になれるかな	3	2	1	1	0	1	0	0	0	1	0
SKIP_PAGE	offline-game	おふらいんげーむ	おふらいんげーむ	8	1	1	0	0	0	1	0	0	7	0
SKIP_PAGE	ohana-holoholo	オハナホロホロ	オハナホロホロ	6	1	1	0	0	0	1	0	0	5	0
SKIP_PAGE	oi-pii-tan	おいピータン!!	おいピータン!!	17	27	1	11	0	0	1	5	0	0	0
SKIP_PAGE	oirangaaru	おいらんガール	おいらんガール	5	3	1	0	1	0	0	1	1	2	0
SKIP_PAGE	oji-san-wa-kawaii-mono-ga-osuki	おじさんはカワイイものがお好き。	おじさんはカワイイものがお好き。	13	12	1	6	0	1	0	5	0	1	0
SKIP_PAGE	okujouhime	屋上姫	屋上姫	4	2	1	0	0	0	1	0	0	3	0
SKIP_PAGE	omega-7	オメガ7	オメガ7	8	9	1	0	1	0	0	4	1	2	0
SKIP_PAGE	onban-kikou	音盤紀行	音盤紀行	3	2	1	0	1	0	0	1	0	1	0
SKIP_PAGE	onegai-asakura-san	おねがい朝倉さん	おねがい朝倉さん	16	24	1	1	0	0	1	14	0	0	0
SKIP_PAGE	onidere	オニデレ	オニデレ	11	11	1	0	0	0	1	0	0	0	10
SKIP_PAGE	onigawara-yokochou-sanchoume	おにがわら横町三丁目	おにがわら横町三丁目	2	2	1	0	1	0	0	0	1	0	0
SKIP_PAGE	onii-chan-control	おにいちゃん★コントロール	おにいちゃん☆コントロール	5	1	1	0	0	0	1	0	0	4	0
SKIP_PAGE	ooga-chan	おーがちゃん	おーがちゃん	2	2	1	0	0	0	1	1	0	0	0
SKIP_PAGE	ore-tsushima	俺、つしま	俺、つしま	4	4	1	2	1	0	0	1	0	0	0
SKIP_PAGE	orera-kourin	オレら降臨!	オレら降臨!	3	6	1	0	0	1	0	0	2	0	0
SKIP_PAGE	oshiete-galko-chan	おしえて!ギャル子ちゃん	おしえて! ギャル子ちゃん	6	6	1	3	0	1	0	2	0	0	0
SKIP_PAGE	oshiire-no-shounen	押入れの少年	押入れの少年	3	3	1	1	0	1	0	1	0	0	0
SKIP_PAGE	osuteki-darling	お素敵ダーリン	お素敵ダーリン	3	5	1	0	0	1	0	0	2	0	0
SKIP_PAGE	otoko-koukousei-no-nichijou	男子高校生の日常	男子高校生の日常	7	2	1	0	0	0	1	0	0	6	0
SKIP_PAGE	otome-no-teikoku	オトメの帝国	オトメの帝国	20	20	1	0	0	1	0	18	1	0	0
SKIP_PAGE	otome-youkai-zakuro	おとめ妖怪ざくろ	おとめ妖怪 ざくろ	10	17	1	1	0	0	1	7	1	0	0
SKIP_PAGE	otona-ni-naru-houhou	オトナになる方法	オトナになる方法	18	23	1	10	0	0	1	0	6	1	0
SKIP_PAGE	otona-nya-koi-no-shikata-ga-wakaranee	大人にゃ恋の仕方がわからねぇ!	大人にゃ恋の仕方がわからねぇ!	3	3	1	1	0	0	1	1	0	0	0
SKIP_PAGE	ouji-ka-prince	皇子かプリンス	皇子かプリンス	3	3	1	0	0	1	0	0	2	0	0
SKIP_PAGE	oyururi-mantama-nikki	御緩漫玉日記	御緩漫玉日記	3	3	1	0	0	0	1	2	0	0	0
SKIP_PAGE	paros-no-ken	パロスの剣	パロスの剣	6	12	1	2	0	0	1	0	3	0	0
SKIP_PAGE	pichipichi-pitch	ぴちぴちピッチ	ぴちぴちピッチ	10	36	1	5	0	0	1	4	0	0	0
SKIP_PAGE	ping-pong	ピンポン	ピンポン (漫画)	9	14	1	6	1	0	0	1	1	0	0
SKIP_PAGE	platinum-2007	プラチナ	プラチナ (漫画)	2	1	1	0	0	0	1	0	0	1	0
SKIP_PAGE	pocket-monster-pipipi-adventure	ポケットモンスターpipipi☆アドベンチャー	ポケットモンスター PiPiPi★アドベンチャー	10	10	1	4	1	0	0	0	5	0	0
SKIP_PAGE	pokemon-get-daze	ポケモンゲットだぜ!	ポケモンゲットだぜ!	5	5	1	2	1	0	0	0	2	0	0
SKIP_PAGE	poro-no-ryuugakuki	ポロの留学記	ポロの留学記	2	2	1	0	0	1	0	1	0	0	0
SKIP_PAGE	pretty-rhythm	プリティーリズム	プリティーリズム (漫画)	5	2	1	1	0	0	1	0	0	3	0
SKIP_PAGE	private-prince	プライベート・プリンス	プライベート・プリンス	8	1	1	0	1	0	0	0	0	7	0
SKIP_PAGE	private-times	プライベートタイムズ	プライベート タイムズ	3	1	1	0	0	1	0	0	0	2	0
SKIP_PAGE	pukupuku-tennen-kairanban	ぷくぷく天然かいらんばん	ぷくぷく天然かいらんばん	10	1	1	0	0	0	1	0	0	9	0
SKIP_PAGE	punisher	PUNISHER	PUNISHER	7	1	1	0	1	0	0	0	0	6	0
SKIP_PAGE	q	Q	Q (漫画)	4	4	1	0	0	0	1	3	0	0	0
SKIP_PAGE	rainbow-starbow	Rainbow☆Starbow	Rainbow☆Starbow	2	2	1	0	0	0	1	0	1	0	0
SKIP_PAGE	ramen-saiyuuki	らーめん才遊記	らーめん才遊記	11	1	1	0	1	0	0	0	0	10	0
SKIP_PAGE	random-walk	ランダム・ウォーク	ランダム・ウォーク (漫画)	5	5	1	2	0	1	0	0	2	0	0
SKIP_PAGE	ranjudou-kusuri-honpo	蘭珠堂薬本舗	蘭珠堂薬本舗	2	2	1	0	0	1	0	0	1	0	0
SKIP_PAGE	rasetsu-no-hana	らせつの花	らせつの花	9	9	1	0	0	0	1	0	8	0	0
SKIP_PAGE	riizerotte-to-majo-no-mori	リーゼロッテと魔女の森	リーゼロッテと魔女の森	5	3	1	0	0	1	0	0	2	2	0
SKIP_PAGE	rikei-no-hitobito	理系の人々	理系の人々	6	7	1	3	0	0	1	2	0	0	0
SKIP_PAGE	rikudou	リクドウ	リクドウ	23	23	1	0	0	0	1	22	0	0	0
SKIP_PAGE	rin-2012	凛!	凛!	3	3	1	0	0	1	0	0	2	0	0
SKIP_PAGE	robotta-kun	ロボッ太くん	ロボッ太くん	6	1	1	0	1	0	0	0	0	5	0
SKIP_PAGE	root-route-of-odd-taxi	RoOT/ルートオブオッドタクシー	RoOT / ルート オブ オッドタクシー	6	2	1	1	1	0	0	0	0	4	0
SKIP_PAGE	rotte-no-omocha	ロッテのおもちゃ!	ロッテのおもちゃ!	9	9	1	7	1	0	0	0	0	1	0
SKIP_PAGE	rurigaki-yoruko-no-yuigon	瑠璃垣夜子の遺言	瑠璃垣夜子の遺言	3	3	1	0	0	0	1	2	0	0	0
SKIP_PAGE	ruriiro-princess	るり色プリンセス	るり色プリンセス	7	7	1	0	0	0	1	1	3	2	0
SKIP_PAGE	rutou-san-niwa-kanaimasen	瑠東さんには敵いません!	瑠東さんには敵いません!	3	3	1	0	1	0	0	0	2	0	0
SKIP_PAGE	ryoushite-sourou	料して候	料して候	2	3	1	0	0	0	1	0	1	0	0
SKIP_PAGE	sakamoto-desu	坂本ですが?	坂本ですが?	4	4	1	0	0	0	1	3	0	0	0
SKIP_PAGE	sakura-no-himegoto	サクラの秘事	サクラの秘事	2	2	1	0	0	1	0	0	1	0	0
SKIP_PAGE	samurai-high-school	サムライ・ハイスクール	サムライハイスクール (漫画)	5	5	1	0	0	0	1	0	4	0	0
SKIP_PAGE	samurai-soldier	サムライソルジャー	サムライソルジャー	27	27	1	23	0	0	1	3	0	0	0
SKIP_PAGE	sanadadamashii	真田魂	真田魂	5	5	1	1	1	0	0	0	3	0	0
SKIP_PAGE	sankarea	さんかれあ	さんかれあ	11	4	1	1	0	1	0	1	0	8	0
SKIP_PAGE	saru-demo-kakeru-manga-kyoushitsu	サルでも描けるまんが教室	サルでも描けるまんが教室	3	8	1	0	1	0	0	2	0	0	0
SKIP_PAGE	sasaki-to-miyano	佐々木と宮野	佐々木と宮野	11	22	1	9	1	0	0	0	0	1	0
SKIP_PAGE	satanikus-enma-kerberos	Satanikus ENMAケルベロス	Satanikus ENMA ケルベロス	4	1	1	0	0	0	1	0	0	3	0
SKIP_PAGE	sawayaka-mantarou	さわやか万太郎	さわやか万太郎	12	18	1	5	0	1	0	5	1	0	0
SKIP_PAGE	scramble	SCRAMBLE!	SCRAMBLE!	4	4	1	2	0	0	1	0	1	0	0
SKIP_PAGE	seeraafuku-to-kansaiben	セーラー服と関西弁	セーラー服と関西弁	2	1	1	0	1	0	0	0	0	1	0
SKIP_PAGE	seinen	逝年	逝年	2	3	1	0	0	0	1	0	0	1	0
SKIP_PAGE	seito-sho-kun-saishuushou-tabidachi	生徒諸君!最終章・旅立ち	生徒諸君! 最終章・旅立ち	30	30	1	28	0	0	1	1	0	0	0
SKIP_PAGE	sekishoku-elegy	赤色エレジー	赤色エレジー	2	2	1	0	1	0	0	1	0	0	0
SKIP_PAGE	self	セルフ	セルフ (漫画)	4	1	1	0	1	0	0	0	0	3	0
SKIP_PAGE	sengoku-armors	戦国ARMORS	戦国ARMORS	2	2	1	0	0	0	1	1	0	0	0
SKIP_PAGE	sengoku-jieitai	戦国自衛隊	戦国自衛隊 (劇画)	17	3	1	0	0	0	1	0	0	16	0
SKIP_PAGE	senichiya-no-kagi	千一夜の鍵	千一夜の鍵	5	1	1	0	1	0	0	0	0	4	0
SKIP_PAGE	sensei-no-baruji	戦星のバルジ	戦星のバルジ	2	2	1	0	0	1	0	0	1	0	0
SKIP_PAGE	shaman	謝男	謝男	3	2	1	0	1	0	0	0	0	2	0
SKIP_PAGE	shiawase-kissa-3-choume	幸福喫茶3丁目	幸福喫茶3丁目	15	16	1	0	1	0	0	0	14	0	0
SKIP_PAGE	shibou-to-yuu-na-no-fuku-o-kite	脂肪と言う名の服を着て	脂肪と言う名の服を着て	2	4	1	0	1	0	0	1	0	0	0
SKIP_PAGE	shinemachikku-kineko-san	シネマちっくキネ子さん	シネマちっくキネ子さん	2	2	1	0	0	0	1	1	0	0	0
SKIP_PAGE	shinigami-kun	死神くん	死神くん	21	2	1	1	0	0	1	0	0	19	0
SKIP_PAGE	shinobi-life	シノビライフ	シノビライフ	13	3	1	0	1	0	0	0	2	10	0
SKIP_PAGE	shinya-shokudou	深夜食堂	深夜食堂	31	116	1	0	0	0	1	2	27	1	0
SKIP_PAGE	shiori-to-shimiko	栞と紙魚子	栞と紙魚子	8	22	1	6	0	0	1	1	0	0	0
SKIP_PAGE	shiroaritsutsu	白アリッッ	白アリッッ	10	10	1	6	0	0	1	3	0	0	0
SKIP_PAGE	shiroi-gekkou	白い月光	白い月光	2	3	1	0	1	0	0	1	0	0	0
SKIP_PAGE	shizuka-no-yama	しずかの山	しずかの山	3	1	1	0	0	0	1	0	0	2	0
SKIP_PAGE	shogi-no-watanabe-kun	将棋の渡辺くん	将棋の渡辺くん	8	8	1	5	0	1	0	1	0	1	0
SKIP_PAGE	shota-oni	ショタおに	ショタおに	7	7	1	5	0	1	0	0	0	1	0
SKIP_PAGE	shoubu-ha-toki-no-un-daro	勝負は時の…運だろ?	勝負は時の…運だろ?	5	11	1	1	1	0	0	1	2	0	0
SKIP_PAGE	shoujosame	少女鮫	少女鮫	10	10	1	0	0	1	0	0	9	0	0
SKIP_PAGE	six-half	シックスハーフ	シックス ハーフ	11	2	1	0	0	1	0	0	1	9	0
SKIP_PAGE	sket-dance	SKET DANCE	SKET DANCE	48	37	1	31	0	0	1	0	0	16	0
SKIP_PAGE	sky-high	スカイハイ	スカイハイ (漫画)	3	13	1	1	0	1	0	0	0	1	0
SKIP_PAGE	sommelier	ソムリエ	ソムリエ (漫画)	15	3	1	2	0	1	0	0	0	12	0
SKIP_PAGE	sono-koi-jihanki-de-kaemasuka	その恋、自販機で買えますか?	その恋、自販機で買えますか?	4	3	1	1	1	0	0	1	0	1	0
SKIP_PAGE	sono-onna-jiruba	その女、ジルバ	その女、ジルバ	5	1	1	0	1	0	0	0	0	4	0
SKIP_PAGE	sora-no-shokuyoku-mazin	空の食欲魔人	空の食欲魔人	2	2	1	0	0	1	0	0	1	0	0
SKIP_PAGE	sora-oto	ソラオト	ソラオト	2	2	1	0	1	0	0	0	1	0	0
SKIP_PAGE	sorairo-no-melody	空色のメロディ	空色のメロディ	8	8	1	2	0	1	0	5	0	0	0
SKIP_PAGE	spirit-circle	スピリットサークル	スピリットサークル	6	5	1	0	0	0	1	2	2	1	0
SKIP_PAGE	strange	ストレンジ・プラス	ストレンジ・プラス	20	2	1	0	1	0	0	0	0	19	0
SKIP_PAGE	street-fighter-zero	ストリートファイターZERO	ストリートファイターZERO (漫画)	2	4	1	0	0	0	1	0	0	1	0
SKIP_PAGE	sugar-beach	シュガービーチ	シュガービーチ	2	2	1	0	0	0	1	1	0	0	0
SKIP_PAGE	suihanki-shoujo-komeko	炊飯器少女コメコ	炊飯器少女コメコ	2	2	1	0	0	0	1	1	0	0	0
SKIP_PAGE	sukitte-iinayo	好きっていいなよ。	好きっていいなよ。	18	19	1	16	0	0	1	0	0	1	0
SKIP_PAGE	sukoara	すこあら!	すこあら!	2	2	1	0	0	0	1	1	0	0	0
SKIP_PAGE	sukuuru-days	すくうるでいず	すくうるでいず	8	12	1	0	1	0	0	4	3	0	0
SKIP_PAGE	suteki-guild	素敵ギルド	素敵ギルド	4	1	1	0	0	0	1	0	0	3	0
SKIP_PAGE	sweet-oasis	スイートオアシス	スイート オアシス	5	1	1	0	1	0	0	0	0	4	0
SKIP_PAGE	tadaima-dokushinchuu	ただいま独身中	ただいま独身中	3	2	1	0	0	0	1	1	0	1	0
SKIP_PAGE	taishou-yarou	大正野郎	大正野郎	3	3	1	1	1	0	0	0	1	0	0
SKIP_PAGE	tajuu-jinkaku-tantei-psychoco	多重人格探偵サイチョコ	多重人格探偵サイチョコ	4	4	1	2	0	1	0	1	0	0	0
SKIP_PAGE	takane-san-to-arashi-chan	高音さんと嵐ちゃん	高音さんと嵐ちゃん	4	3	1	1	0	1	0	1	0	1	0
SKIP_PAGE	takasugi-san-chi-no-obentou	高杉さん家のおべんとう	高杉さん家のおべんとう	10	16	1	0	0	0	1	9	0	0	0
SKIP_PAGE	takatsuki-jokyouju-no-inbina-hibi	鷹月助教授の淫靡な日々	鷹月助教授の淫靡な日々	6	7	1	0	0	0	1	5	0	0	0
SKIP_PAGE	tantei-opera-milky-holmes-2	探偵オペラミルキィホームズ2	探偵オペラ ミルキィホームズ 2 (漫画)	2	2	1	0	0	0	1	1	0	0	0
SKIP_PAGE	tatakae-tarantera	たたかえ!たらんてら	たたかえ! たらんてら	4	4	1	0	0	1	0	0	3	0	0
SKIP_PAGE	tenkuu-senki-shurato	天空戦記シュラト	天空戦記シュラト	2	17	1	0	1	0	0	0	1	0	0
SKIP_PAGE	tensei-akujo-no-kurorekishi	転生悪女の黒歴史	転生悪女の黒歴史	19	21	1	16	1	0	0	1	0	1	0
SKIP_PAGE	tenshi-no-tattoo	天使のTattoo	天使のTATTOO	3	3	1	1	1	0	0	0	1	0	0
SKIP_PAGE	tenshi	天使	天使 (漫画)	4	4	1	1	0	0	1	0	0	2	0
SKIP_PAGE	terao	テラオ	テラオ	6	6	1	0	1	0	0	0	5	0	0
SKIP_PAGE	tetsuwan-birdy	鉄腕バーディー	鉄腕バーディー	20	38	1	0	1	0	0	5	13	1	0
SKIP_PAGE	tezuka-osamu-the-best	手塚治虫THE BEST	手塚治虫 THE BEST	20	20	1	13	0	0	1	5	1	0	0
SKIP_PAGE	tiger-mask	タイガー・マスク	タイガーマスク	21	45	1	7	1	0	0	13	0	0	0
SKIP_PAGE	tokkou-zoids-shounentai	特攻!!ゾイド少年隊	特攻!! ゾイド少年隊	2	2	1	0	1	0	0	0	1	0	0
SKIP_PAGE	tomodachi-100nin-dekirukana	友達100人できるかな	友達100人できるかな	5	2	1	0	0	0	1	1	0	3	0
SKIP_PAGE	tonari-no-megane-kun	となりのメガネ君。	となりのメガネ君。	2	2	1	0	0	0	1	0	1	0	0
SKIP_PAGE	tora-to-ookami	虎と狼	虎と狼	6	2	1	0	0	0	1	0	1	4	0
SKIP_PAGE	tori-kissa	とりきっさ!	とりきっさ!	7	7	1	0	0	0	1	0	6	0	0
SKIP_PAGE	toumei-shounen	透明少年	透明少年	2	2	1	0	1	0	0	0	1	0	0
SKIP_PAGE	tozasareta-nerugaru	閉ざされたネルガル	閉ざされたネルガル	7	3	1	2	1	0	0	0	0	4	0
SKIP_PAGE	triage-x	トリアージX	トリアージX	31	33	1	19	1	0	0	9	2	0	0
SKIP_PAGE	tsubasa-o-motsu-mono	翼を持つ者	翼を持つ者	9	9	1	2	0	0	1	6	0	0	0
SKIP_PAGE	tsuideni-tonchinkan	ついでにとんちんかん	ついでにとんちんかん	24	14	1	3	0	0	1	7	0	13	0
SKIP_PAGE	tsukiatte-agetemo-iikana	付き合ってあげてもいいかな	付き合ってあげてもいいかな	14	14	1	4	0	1	0	9	0	0	0
SKIP_PAGE	tsukikage-baby	月影ベイベ	月影ベイベ	9	9	1	6	0	0	1	2	0	0	0
SKIP_PAGE	tsuriya-nagare	釣り屋ナガレ	釣り屋ナガレ	11	11	1	0	0	1	0	0	10	0	0
SKIP_PAGE	uchi-no-3-shimai	うちの3姉妹	うちの3姉妹	32	71	1	0	0	0	1	8	7	16	0
SKIP_PAGE	uchi-no-zashikiwarashi-ga	うちのざしきわらしが	うちのざしきわらしが	3	3	1	0	0	0	1	0	2	0	0
SKIP_PAGE	ukare-bakemono-no-hogarakana-ha-tan	浮かれバケモノの朗らかな破綻	浮かれバケモノの朗らかな破綻	5	1	1	0	0	0	1	0	0	4	0
SKIP_PAGE	umanari-1-haron-theater	馬なり1ハロン劇場	馬なり1ハロン劇場	46	15	1	8	0	0	1	0	0	37	0
SKIP_PAGE	urara-chan-wa-puroresu-nante-daikirai	うららちゃんはプロレスなんて大嫌い!	うららちゃんはプロレスなんて大嫌い!	2	2	1	0	0	0	1	1	0	0	0
SKIP_PAGE	ushi-no-koku-mairu	うしのこくまいる!	うしのこくまいる!	2	2	1	0	0	0	1	0	1	0	0
SKIP_PAGE	usokon	ウソ婚	ウソ婚	16	19	1	14	0	1	0	0	0	1	0
SKIP_PAGE	vagabond	バガボンド	バガボンド	37	38	1	24	0	0	1	12	0	0	0
SKIP_PAGE	valkyrie-to-yane-no-shita	戦乙女と屋根の下	戦乙女と屋根の下	2	2	1	0	1	0	0	0	1	0	0
SKIP_PAGE	vanity-league	バニティ・リーグ	バニティ・リーグ	4	1	1	0	0	0	1	0	0	3	0
SKIP_PAGE	varu-ravu	戦×恋	戦×恋	16	16	1	14	0	0	1	0	0	1	0
SKIP_PAGE	voynich-hotel	ヴォイニッチホテル	ヴォイニッチホテル	3	1	1	0	1	0	0	0	0	2	0
SKIP_PAGE	w-pinch	Wピンチ!!	Wピンチ!!	4	4	1	0	0	0	1	3	0	0	0
SKIP_PAGE	wagamama-diy	わがままDIY	わがままDIY	3	3	1	0	0	0	1	2	0	0	0
SKIP_PAGE	wakaba-senpai-miman	わかば先輩未満	わかば先輩未満	2	2	1	0	0	0	1	1	0	0	0
SKIP_PAGE	wakuwaku-rokko-mooshon	わくわくろっこモーション	わくわくろっこモーション	3	3	1	1	0	0	1	1	0	0	0
SKIP_PAGE	waltz	Waltz	Waltz (漫画)	6	8	1	0	0	0	1	0	1	4	0
SKIP_PAGE	waratte-himiko-san	わらってヒミコさん	わらってヒミコさん	3	3	1	0	0	1	0	0	2	0	0
SKIP_PAGE	watashi-hiyori	私日和	私日和	3	3	1	0	0	0	1	0	2	0	0
SKIP_PAGE	watashi-no-ojou-sama	わたしのお嬢様	わたしのお嬢様	2	5	1	0	0	0	1	0	1	0	0
SKIP_PAGE	welcome-tsubomien	Welcome!つぼみ園	Welcome! つぼみ園	4	3	1	0	0	0	1	2	0	1	0
SKIP_PAGE	wild-cat	ワイルド・キャット	ワイルド・キャット	4	8	1	0	0	0	1	3	0	0	0
SKIP_PAGE	world-heroes-kouryuuden	ワールドヒーローズ光龍伝	ワールドヒーローズ 光龍伝	3	3	1	0	1	0	0	0	2	0	0
SKIP_PAGE	yajikita-gakuen-douchuuki	やじきた学園道中記	やじきた学園道中記	61	78	1	10	0	0	1	15	17	18	0
SKIP_PAGE	yami-ni-kieta-christmas	闇に消えたクリスマス	闇に消えたクリスマス	2	1	1	0	0	0	1	0	0	1	0
SKIP_PAGE	yanaga-auto	ヤナガオート	ヤナガオート	3	1	1	0	0	0	1	0	0	2	0
SKIP_PAGE	yarichin-bitchibu	ヤリチン☆ビッチ部	ヤリチン☆ビッチ部	6	7	1	3	0	1	0	1	0	1	0
SKIP_PAGE	yasaibatake-de-tsukamaete	野菜畑でつかまえて	野菜畑でつかまえて	2	2	1	0	0	0	1	1	0	0	0
SKIP_PAGE	yato-no-kamitsukai	夜刀の神つかい	夜刀の神つかい	12	12	1	6	0	0	1	1	0	4	0
SKIP_PAGE	yoiko-no-kokoroe	よいこの心得	よいこの心得	2	2	1	0	0	0	1	0	1	0	0
SKIP_PAGE	yoiko-no-mirai	ヨイコノミライ	ヨイコノミライ!	4	1	1	0	1	0	0	0	0	3	0
SKIP_PAGE	yokohama-monogatari-2012	横浜物語	横浜物語	2	2	1	0	0	0	1	1	0	0	0
SKIP_PAGE	yomawari-neko	夜廻り猫	夜廻り猫	12	13	1	10	0	1	0	1	0	0	0
SKIP_PAGE	youkai-no-shiikuin-san	妖怪の飼育員さん	妖怪の飼育員さん	15	14	1	12	0	1	0	1	0	1	0
SKIP_PAGE	youkoso-utsutsu-no-bunkou	妖こそ!うつつの分校	妖こそ!うつつの分校	3	3	1	0	0	0	1	2	0	0	0
SKIP_PAGE	yoyuu-shakushaku	よゆう酌々	よゆう酌々	4	4	1	0	0	0	1	3	0	0	0
SKIP_PAGE	yuki-ni-tsubasa	雪にツバサ	雪にツバサ	8	10	1	1	0	0	1	0	0	6	0
SKIP_PAGE	yuri-seijin-naoko-san	百合星人ナオコサン	百合星人ナオコサン	5	6	1	3	0	0	1	1	0	0	0
SKIP_PAGE	yuusha-gojo-kumiai-kouryuugata-keijiban	勇者互助組合交流型掲示板	勇者互助組合 交流型掲示板	3	9	1	0	0	0	1	2	0	0	0
SKIP_PAGE	z-mazinger-1999	Zマジンガー	Zマジンガー	9	9	1	3	0	0	1	5	0	0	0
SKIP_PAGE	zannen-kunoichiden	残念くのいち伝	残念くのいち伝	4	3	1	1	0	0	1	0	0	2	0
SKIP_PAGE	zenigeba	銭ゲバ	銭ゲバ	3	2	1	0	0	1	0	0	0	2	0
SKIP_PAGE	zetman	ZETMAN	ZETMAN	20	12	1	0	1	0	0	10	0	9	0
SKIP_PAGE	zoids-batoraa-raiga	ゾイドバトラー雷牙	ゾイドバトラー雷牙	3	3	1	1	0	0	1	0	1	0	0
SKIP_PAGE	zoushoku-shoujo-plana-chan	増殖少女プラナちゃん!	増殖少女プラナちゃん!	2	2	1	0	0	0	1	0	1	0	0
SKIP_PAGE	100-man-doru-kid	100万＄キッド	100万$キッド	9	21	0	1	0	0	0	8	0	0	0
SKIP_PAGE	100-nen-no-raira	100年のライラ	100年のライラ	2	2	0	0	0	0	0	2	0	0	0
SKIP_PAGE	10dance	10DANCE	10DANCE	8	10	0	7	0	0	0	0	0	1	0
SKIP_PAGE	12beast	12BEAST	12BEAST	7	7	0	3	0	0	0	4	0	0	0
SKIP_PAGE	15-meisetsu-kougyou-koukou-ragubiibu	15明刹工業高校ラグビー部	15 明刹工業高校ラグビー部	3	3	0	2	0	0	0	1	0	0	0
SKIP_PAGE	2-ritsu-toaaru-gakuen-2nen-hoshigumi-monogatari	私立トアール学園2年☆組物語	私立トアール学園2年☆組物語	1	1	0	0	0	0	0	1	0	0	0
SKIP_PAGE	20seiki-20-younen	20世紀少年	20世紀少年	22	36	0	0	0	0	0	1	0	0	21
SKIP_PAGE	2dome-no-koi-wa-usotsuki	2度目の恋は嘘つき	2度目の恋は嘘つき	5	5	0	4	0	0	0	1	0	0	0
SKIP_PAGE	30sai-no-hoken-taiiku	30歳の保健体育	30歳の保健体育	2	2	0	0	0	0	0	0	0	2	0
SKIP_PAGE	34sai-mushokusan	34歳無職さん	34歳無職さん	8	1	0	0	0	0	0	0	0	8	0
SKIP_PAGE	360-material	360°マテリアル	360°マテリアル	8	3	0	1	0	0	0	0	2	5	0
SKIP_PAGE	3d-koshien-purakon-taisaku	3D甲子園プラコン大作	3D甲子園 プラコン大作	6	6	0	0	0	0	0	0	6	0	0
SKIP_PAGE	8-jou-carnival	8畳カーニバル	8畳カーニバル	3	3	0	2	0	0	0	1	0	0	0
SKIP_PAGE	8	8マン	8マン	13	10	0	2	0	0	0	0	0	11	0
SKIP_PAGE	a-no-higeki	Aの悲劇	Aの悲劇	1	1	0	0	0	0	0	1	0	0	0
SKIP_PAGE	aakeedogeemaafubuki	アーケードゲーマーふぶき	アーケードゲーマーふぶき	1	2	0	0	0	0	0	0	0	1	0
SKIP_PAGE	abare-hanagumi	あばれ花組	あばれ花組	19	19	0	0	0	0	0	18	1	0	0
SKIP_PAGE	abayo-hakusho	あばよ白書	あばよ白書	22	12	0	0	0	0	0	11	1	10	0
SKIP_PAGE	acca-13-ku-kansatsuka	ACCA 13区監察課	ACCA13区監察課	6	5	0	2	0	0	0	0	0	4	0
SKIP_PAGE	actor	アクター	アクター (漫画)	23	23	0	19	0	0	0	4	0	0	0
SKIP_PAGE	adesugata-junjou-boy	艶姿純情BOY	艶姿純情BOY	4	4	0	0	0	0	0	4	0	0	0
SKIP_PAGE	adventure-kid	アドベンチャーkid	アドベンチャーKiD	1	4	0	0	0	0	0	0	1	0	0
SKIP_PAGE	ageku-no-hate-no-canon	あげくの果てのカノン	あげくの果てのカノン	5	5	0	0	0	0	0	5	0	0	0
SKIP_PAGE	agunesu-hakusho	アグネス白書	アグネス白書	2	4	0	0	0	0	0	0	0	2	0
SKIP_PAGE	aharen-san-wa-hakarenai	阿波連さんははかれない	阿波連さんははかれない	17	17	0	0	0	0	0	17	0	0	0
SKIP_PAGE	ahiru-no-sora	あひるの空	あひるの空	50	1	0	0	0	0	0	0	0	49	1
SKIP_PAGE	ai-ga-tomaranai	A・Iが止まらない!	A・Iが止まらない!	9	24	0	0	0	0	0	9	0	0	0
SKIP_PAGE	ai-kara-hajimaru	アイからはじまる	アイからはじまる	1	1	0	0	0	0	0	0	1	0	0
SKIP_PAGE	ai-monogatari	愛物語	愛物語	2	1	0	0	0	0	0	0	0	2	0
SKIP_PAGE	ai-no-aranjuez	愛のアランフェス	愛のアランフェス	12	7	0	5	0	0	0	2	0	5	0
SKIP_PAGE	ai-to-makoto	愛と誠	愛と誠	30	16	0	0	0	0	0	0	0	30	0
SKIP_PAGE	airin-dream	あいりんドリーム	あいりんドリーム	3	3	0	0	0	0	0	3	0	0	0
SKIP_PAGE	aiten-myouou-monogatari	愛天明王物語	愛天明王物語	2	2	0	0	0	0	0	2	0	0	0
SKIP_PAGE	aitsu-to-lullaby	あいつとララバイ	あいつとララバイ	57	57	0	0	0	0	0	53	4	0	0
SKIP_PAGE	aitsu-wa-einstein	あいつはアインシュタイン	あいつはアインシュタイン	3	3	0	0	0	0	0	3	0	0	0
SKIP_PAGE	ajuu-tan	亜獣譚	亜獣譚	8	8	0	0	0	0	0	8	0	0	0
SKIP_PAGE	akai-dress-no-otoko	赤いドレスの男	赤いドレスの男	2	2	0	1	0	0	0	1	0	0	0
SKIP_PAGE	akai-hana-1976	紅い花	紅い花	2	1	0	0	0	0	0	0	0	2	0
SKIP_PAGE	akaku-saku-koe	あかく咲く声	あかく咲く声	5	5	0	0	0	0	0	5	0	0	0
SKIP_PAGE	akarui-sekai-keikaku	明るいセカイ計画	明るいセカイ計画	3	2	0	2	0	0	0	0	0	1	0
SKIP_PAGE	akb48-satsujin-jiken	AKB48殺人事件	AKB48殺人事件	1	1	0	0	0	0	0	0	0	1	0
SKIP_PAGE	akebi-chan-no-seeraafuku	明日ちゃんのセーラー服	明日ちゃんのセーラー服	16	16	0	0	0	0	0	14	2	0	0
SKIP_PAGE	akechi-mitsuhide-hourouki	明智光秀放浪記	明智光秀放浪記	1	1	0	0	0	0	0	1	0	0	0
SKIP_PAGE	akishima-suicide-club	昭島スーサイド☆クラブ	昭島スーサイド☆クラブ	1	1	0	0	0	0	0	0	1	0	0
SKIP_PAGE	akuma-no-riddle	悪魔のリドル	悪魔のリドル	5	5	0	3	0	0	0	2	0	0	0
SKIP_PAGE	akutou-1013-mi	悪1013	悪1013	1	1	0	0	0	0	0	1	0	0	0
SKIP_PAGE	algo	ALGO!	ALGO!	3	3	0	0	0	0	0	3	0	0	0
SKIP_PAGE	alice-kara-magic	アリスから魔法	アリスから魔法	2	2	0	0	0	0	0	0	2	0	0
SKIP_PAGE	alien-street	エイリアン通り	エイリアン通り	11	4	0	4	0	0	0	0	0	7	0
SKIP_PAGE	alps-densetsu	アルプス伝説	アルプス伝説	2	4	0	1	0	0	0	0	1	0	0
SKIP_PAGE	amaizo-dango	あまいぞ!男吾	あまいぞ!男吾	16	21	0	0	0	0	0	0	16	0	0
SKIP_PAGE	amano-ke-yotsugo-wa-ketsuekigata-ga-zenin-chigau	天野家四つ子は血液型が全員違う。	天野家四つ子は血液型が全員違う。	2	2	0	0	0	0	0	2	0	0	0
SKIP_PAGE	amaryllis-1991	アマリリス	アマリリス (竹田真理子の漫画)	1	1	0	0	0	0	0	1	0	0	0
SKIP_PAGE	ame-no-furu	アメノフル	アメノフル	3	3	0	2	0	0	0	1	0	0	0
SKIP_PAGE	ameagari-no-bokura-ni-tsuite	雨上がりの僕らについて	雨上がりの僕らについて	2	4	0	1	0	0	0	1	0	0	0
SKIP_PAGE	an-wa-an	アンはアン	アンはアン	3	3	0	2	0	0	0	1	0	0	0
SKIP_PAGE	anasatsujin	穴殺人	穴殺人	8	2	0	0	0	0	0	2	0	6	0
SKIP_PAGE	anata-ni-hana-o-sasagemashou	あなたに花を捧げましょう	あなたに花を捧げましょう	4	2	0	2	0	0	0	0	0	2	0
SKIP_PAGE	ane-dokitsu	あねどきっ	あねどきっ	3	3	0	0	0	0	0	0	3	0	0
SKIP_PAGE	ane-no-onaka-o-fukuramaseru-nowa-boku	姉のおなかをふくらませるのは僕	姉のおなかをふくらませるのは僕	4	6	0	0	0	0	0	0	4	0	0
SKIP_PAGE	angel-attack	エンジェル・アタック	エンジェル・アタック	2	2	0	0	0	0	0	2	0	0	0
SKIP_PAGE	anima-yell	アニマエール!	アニマエール!	5	5	0	0	0	0	0	0	5	0	0
SKIP_PAGE	ankoku-shinwa	暗黒神話	暗黒神話	2	1	0	0	0	0	0	1	0	1	0
SKIP_PAGE	ano-kane-o-narasu-nowa-sukunakutomo-omae-ja-nai	あの鐘を鳴らすのは少なくともおまえじゃない	あの鐘を鳴らすのは少なくともおまえじゃない	3	3	0	0	0	0	0	3	0	0	0
SKIP_PAGE	ano-ko-to-isshokenmei	あのコと一緒	あのコと一緒	13	5	0	0	0	0	0	1	4	8	0
SKIP_PAGE	ansatsu-kyoushitsu	暗殺教室	暗殺教室	21	27	0	20	0	0	0	0	0	1	0
SKIP_PAGE	anten-epilogue	暗転エピローグ	暗転エピローグ	2	2	0	1	0	0	0	1	0	0	0
SKIP_PAGE	ao-no-exorcist	青の祓魔師	青の祓魔師	34	46	0	17	0	0	0	16	1	0	0
SKIP_PAGE	aogeba-toutoshi	仰げば尊し!	仰げば尊し!	9	3	0	0	0	0	0	0	0	9	0
SKIP_PAGE	aoharu-tetsudou	青春鉄道	青春鉄道	4	24	0	3	0	0	0	0	0	1	0
SKIP_PAGE	aoi-tori-shoukougun	青い鳥症候群	青い鳥症候群 (漫画)	14	15	0	10	0	0	0	0	4	0	0
SKIP_PAGE	aoi-uchuu-no-runa	青い宇宙のルナ	青い宇宙のルナ	2	2	0	1	0	0	0	1	0	0	0
SKIP_PAGE	aonokai	アオの解	アオの解	2	1	0	1	0	0	0	0	0	1	0
SKIP_PAGE	aozora-yell	青空エール	青空エール	19	23	0	0	0	0	0	14	5	0	0
SKIP_PAGE	araburu-kisetsu-no-otomedomo-yo	荒ぶる季節の乙女どもよ。	荒ぶる季節の乙女どもよ。	8	4	0	3	0	0	0	0	0	5	0
SKIP_PAGE	arakure	アラクレ	アラクレ	10	10	0	0	0	0	0	0	10	0	0
SKIP_PAGE	arcana	ARCANA	ARCANA	2	2	0	0	0	0	0	0	0	2	0
SKIP_PAGE	area-88	エリア88	エリア88	46	3	0	0	0	0	0	0	0	25	21
SKIP_PAGE	ari-ori-haberi	ありをりはべり	ありをりはべり	8	4	0	2	0	0	0	0	0	6	0
SKIP_PAGE	ariadne-no-kanmuri	アリアドネの冠	アリアドネの冠	3	3	0	0	0	0	0	3	0	0	0
SKIP_PAGE	arisa	ARISA	ARISA (漫画)	12	7	0	7	0	0	0	0	0	5	0
SKIP_PAGE	arms	ARMS	ARMS	49	15	0	15	0	0	0	0	0	34	0
SKIP_PAGE	arthur-garage	アーサーgarage	アーサーGARAGE	15	7	0	0	0	0	0	0	0	15	0
SKIP_PAGE	artist-acro	アーティストアクロ	アーティスト アクロ	9	9	0	0	0	0	0	0	9	0	0
SKIP_PAGE	asa-ga-mata-kuru-kara	朝がまたくるから	朝がまたくるから	1	1	0	0	0	0	0	0	1	0	0
SKIP_PAGE	asagiironodensetsu	あさぎ色の伝説	あさぎ色の伝説	4	1	0	0	0	0	0	0	0	4	0
SKIP_PAGE	asaki-yume-mishi	あさきゆめみし	あさきゆめみし	20	27	0	13	0	0	0	0	7	0	0
SKIP_PAGE	asari-chan	あさりちゃん	あさりちゃん	103	3	0	0	0	0	0	0	0	3	100
SKIP_PAGE	asatarou-den	朝太郎伝	朝太郎伝	7	7	0	0	0	0	0	0	0	7	0
SKIP_PAGE	ashi-san	アシさん	アシさん	3	3	0	0	0	0	0	3	0	0	0
SKIP_PAGE	ashita-no-familia	あしたのファミリア	あしたのファミリア	11	3	0	1	0	0	0	2	0	8	0
SKIP_PAGE	ashita-no-naoko-chan	あしたのナオコちゃん	あしたのナオコちゃん	4	4	0	1	0	0	0	0	3	0	0
SKIP_PAGE	ashita-shinu-niwa	あした死ぬには、	あした死ぬには、	4	4	0	0	0	0	0	4	0	0	0
SKIP_PAGE	asoko-de-hataraku-musubu-san	あそこではたらくムスブさん	あそこではたらくムスブさん	7	7	0	0	0	0	0	6	1	0	0
SKIP_PAGE	astral-engine	アストラルエンジン	アストラルエンジン	2	2	0	0	0	0	0	0	2	0	0
SKIP_PAGE	asuka-atto-miraikei	アスカ@未来系	アスカ@未来系	3	1	0	0	0	0	0	1	0	2	0
SKIP_PAGE	atsui-hibi	アツイヒビ	アツイヒビ	1	1	0	0	0	0	0	0	1	0	0
SKIP_PAGE	atsuize-tenma	熱いぜ天馬!	熱いぜ天馬!	1	3	0	0	0	0	0	1	0	0	0
SKIP_PAGE	atsumu-toitaun	あつむトイタウン	あつむトイタウン	2	1	0	0	0	0	0	1	0	1	0
SKIP_PAGE	ayakashi-kaitou	あやかし怪盗	あやかし怪盗	1	1	0	0	0	0	0	0	1	0	0
SKIP_PAGE	ayakashi-triangle	あやかしトライアングル	あやかしトライアングル	16	15	0	15	0	0	0	0	0	1	0
SKIP_PAGE	ayashiya	あやしや	あやしや	10	10	0	9	0	0	0	1	0	0	0
SKIP_PAGE	azumanga-daiou	あずまんが大王	あずまんが大王	4	1	0	0	0	0	0	0	0	4	0
SKIP_PAGE	azumi-manma-miia	あずみマンマ・ミーア	あずみマンマ・ミーア	6	6	0	0	0	0	0	6	0	0	0
SKIP_PAGE	b-shock	B-SHOCK!	B-SHOCK!	4	4	0	0	0	0	0	4	0	0	0
SKIP_PAGE	b-virgin	Bバージン	Bバージン	15	14	0	0	0	0	0	0	14	1	0
SKIP_PAGE	baaverian-quartet	バーヴェリアン四重奏	バーヴェリアン四重奏	14	9	0	0	0	0	0	9	0	5	0
SKIP_PAGE	babiru-2sei	バビル2世	バビル2世	24	18	0	0	0	0	0	0	0	24	0
SKIP_PAGE	babysitter-gin	ベビーシッター・ギン!	ベビーシッター・ギン!	13	2	0	1	0	0	0	1	0	11	0
SKIP_PAGE	backstage-2011	バックステージ	バックステージ!	1	3	0	0	0	0	0	0	0	1	0
SKIP_PAGE	bad-boys	BAD BOYS	BADBOYS	22	51	0	0	0	0	0	0	0	0	22
SKIP_PAGE	bad-company	BAD COMPANY	BAD COMPANY	1	1	0	0	0	0	0	1	0	0	0
SKIP_PAGE	bado-girl	バドガール	バドガール (漫画)	2	3	0	0	0	0	0	0	2	0	0
SKIP_PAGE	bakuto	バクト	バクト	4	2	0	2	0	0	0	0	0	2	0
SKIP_PAGE	bannou-bunka-neko-musume	万能文化猫娘	万能文化猫娘	3	8	0	0	0	0	0	3	0	0	0
SKIP_PAGE	bara-no-souretsu	ばらの葬列	ばらの葬列	1	1	0	0	0	0	0	1	0	0	0
SKIP_PAGE	barairo-company	バラ色カンパニー	バラ色カンパニー	5	5	0	2	0	0	0	3	0	0	0
SKIP_PAGE	barber-harbor	バーバーハーバー	バーバーハーバー	7	8	0	6	0	0	0	1	0	0	0
SKIP_PAGE	barcelona-no-taiyou	バルセロナの太陽	バルセロナの太陽	4	2	0	0	0	0	0	2	0	2	0
SKIP_PAGE	bareeboorutsukai-gouda-gou	バレーボール使い郷田豪	バレーボール使い 郷田豪	3	3	0	0	0	0	0	0	3	0	0
SKIP_PAGE	baribari-densetsu	バリバリ伝説	バリバリ伝説	58	38	0	0	0	0	0	37	1	20	0
SKIP_PAGE	battery-kawaguchi-2001	バッテリー	バッテリー (かわぐちかいじの漫画)	8	2	0	1	0	0	0	1	0	6	0
SKIP_PAGE	be-free	Be free!	BE FREE!	20	12	0	0	0	0	0	12	0	8	0
SKIP_PAGE	beageruta	ベアゲルター	ベアゲルター	8	7	0	6	0	0	0	1	0	1	0
SKIP_PAGE	beast-children	ビーストチルドレン	ビーストチルドレン (漫画)	3	3	0	1	0	0	0	2	0	0	0
SKIP_PAGE	beastars	BEASTARS	BEASTARS	22	22	0	3	0	0	0	19	0	0	0
SKIP_PAGE	beat-shot	Beat Shot!!	Beat Shot !!	11	11	0	8	0	0	0	3	0	0	0
SKIP_PAGE	beauty-honey	ビューティーハニー	ビューティー ハニー	3	3	0	0	0	0	0	0	3	0	0
SKIP_PAGE	belmondo-le-visiteur	ベルモンド Le VisiteuR	ベルモンド Le VisiteuR	3	1	0	0	0	0	0	0	0	3	0
SKIP_PAGE	bemader-p	BEMADER-P	BEMADER・P	1	1	0	0	0	0	0	0	1	0	0
SKIP_PAGE	benten-sama-niwa-iwanaide	弁天様には言わないで	弁天様には言わないで	5	1	0	0	0	0	0	1	0	4	0
SKIP_PAGE	besharigurashi	べしゃり暮らし	べしゃり暮らし	20	20	0	0	0	0	0	17	0	3	0
SKIP_PAGE	big-star-daikichi	Big Star大吉	Big Star 大吉	3	3	0	1	0	0	0	0	2	0	0
SKIP_PAGE	biigata-doumei	B型同盟	B型同盟	1	1	0	0	0	0	0	1	0	0	0
SKIP_PAGE	bikkuriman-2000	ビックリマン2000	ビックリマン2000 (漫画)	4	4	0	0	0	0	0	0	4	0	0
SKIP_PAGE	binbougami-ga	貧乏神が!	貧乏神が!	16	18	0	0	0	0	0	0	0	0	16
SKIP_PAGE	binchou-tan	びんちょうタン	びんちょうタン	4	2	0	0	0	0	0	0	0	4	0
SKIP_PAGE	bio-hunter	バイオ・ハンター	バイオ・ハンター	3	2	0	2	0	0	0	0	0	1	0
SKIP_PAGE	biorg-trinity	バイオーグ・トリニティ	バイオーグ・トリニティ	14	14	0	0	0	0	0	14	0	0	0
SKIP_PAGE	black-bird	Black bird	BLACK BIRD (漫画)	18	1	0	0	0	0	0	0	0	18	0
SKIP_PAGE	black-clover	ブラッククローバー	ブラッククローバー	38	54	0	10	0	0	0	27	1	0	0
SKIP_PAGE	black-knight-bat	BLACK KNIGHTバット	BLACK KNIGHT バット	1	5	0	0	0	0	0	0	1	0	0
SKIP_PAGE	black-lagoon	BLACK LAGOON	BLACK LAGOON	13	3	0	0	0	0	0	0	0	13	0
SKIP_PAGE	black-night-parade	ブラックナイトパレード	ブラックナイトパレード	11	11	0	0	0	0	0	9	1	1	0
SKIP_PAGE	black-torch	BLACK TORCH	BLACK TORCH	5	5	0	1	0	0	0	4	0	0	0
SKIP_PAGE	blend-s	ブレンド・S	ブレンド・S	8	9	0	0	0	0	0	0	8	0	0
SKIP_PAGE	bless	ブレス	ブレス (漫画)	8	1	0	0	0	0	0	0	0	8	0
SKIP_PAGE	blow-up-1999	BLOW UP!!	BLOW UP!	1	4	0	0	0	0	0	0	0	1	0
SKIP_PAGE	blue-city	ブルーシティー	ブルーシティー	3	5	0	2	0	0	0	1	0	0	0
SKIP_PAGE	blue-hole	ブルーホール	ブルーホール (漫画)	7	3	0	1	0	0	0	0	0	6	0
SKIP_PAGE	boisuzaka	ボイス坂	ボイス坂	1	5	0	0	0	0	0	1	0	0	0
SKIP_PAGE	bokkemon	ぼっけもん	ぼっけもん	23	15	0	9	0	0	0	0	0	0	14
SKIP_PAGE	boku-dake-no-butterfly	僕だけのバタフライ	僕だけのバタフライ	1	1	0	0	0	0	0	1	0	0	0
SKIP_PAGE	boku-ga-utau-to-kimi-wa-warau-kara	僕が唄うと君は笑うから	僕が唄うと君は笑うから	1	1	0	0	0	0	0	1	0	0	0
SKIP_PAGE	boku-girl	ボクガール	ボクガール	11	2	0	0	0	0	0	1	0	10	0
SKIP_PAGE	boku-ha-kiss-de-uso-o-tsuku	僕はキスで嘘をつく	僕はキスで嘘をつく	2	1	0	1	0	0	0	0	0	1	0
SKIP_PAGE	boku-no-hatsukoi-o-kimi-ni-sasagu	僕の初恋をキミに捧ぐ	僕の初恋をキミに捧ぐ	12	3	0	0	0	0	0	0	0	12	0
SKIP_PAGE	boku-no-hero-academia	僕のヒーローアカデミア	僕のヒーローアカデミア	42	80	0	29	0	0	0	12	1	0	0
SKIP_PAGE	boku-no-kanojo-ga-majimesugiru-shojo-bitch-na-ken	僕の彼女がマジメ過ぎる処女ビッチな件	僕の彼女がマジメ過ぎる処女ビッチな件	8	8	0	7	0	0	0	0	0	1	0
SKIP_PAGE	boku-no-kokoro-no-yabai-yatsu	僕の心のヤバイやつ	僕の心のヤバイやつ	14	16	0	0	0	0	0	10	1	3	0
SKIP_PAGE	boku-no-mura-no-hanashi	ぼくの村の話	ぼくの村の話	7	7	0	0	0	0	0	7	0	0	0
SKIP_PAGE	boku-no-tonari-ni-ankoku-hakaishin-ga-imasu	ぼくのとなりに暗黒破壊神がいます。	ぼくのとなりに暗黒破壊神がいます。	12	3	0	3	0	0	0	0	0	9	0
SKIP_PAGE	boku-to-kimi-no-aida-ni	僕と君の間に	僕と君の間に	3	1	0	0	0	0	0	1	0	2	0
SKIP_PAGE	boku-to-kimi-no-nijuu-tantei	ボクとキミの二重探偵	ボクとキミの二重探偵	8	8	0	0	0	0	0	8	0	0	0
SKIP_PAGE	boku-to-majo-no-jikan	ボクと魔女の時間	ボクと魔女の時間	6	5	0	4	0	0	0	1	0	1	0
SKIP_PAGE	boku-wa-hajikko-ga-suki	僕は恥っこが好き	僕は恥っこが好き	3	3	0	1	0	0	0	0	0	2	0
SKIP_PAGE	boku-wa-imouto-ni-koi-o-suru	僕は妹に恋をする	僕は妹に恋をする	10	4	0	0	0	0	0	0	0	10	0
SKIP_PAGE	boku-wa-mukoyoushi	僕はムコ養子	僕はムコ養子	20	20	0	10	0	0	0	10	0	0	0
SKIP_PAGE	boku-wa-ookami	ボクは狼。	ボクは狼。	5	3	0	2	0	0	0	0	1	2	0
SKIP_PAGE	bokura-no-ketsumei	ぼくらの血盟	ぼくらの血盟	2	2	0	0	0	0	0	2	0	0	0
SKIP_PAGE	bokushin-no-gogo	牧神の午後	牧神の午後 (漫画)	1	1	0	0	0	0	0	0	0	1	0
SKIP_PAGE	bokutachi-wa-benkyou-ga-dekinai	ぼくたちは勉強ができない	ぼくたちは勉強ができない	21	23	0	1	0	0	0	20	0	0	0
SKIP_PAGE	bokutachi-wa-shitteshimatta	僕達は知ってしまった	僕達は知ってしまった	14	5	0	4	0	0	0	0	0	10	0
SKIP_PAGE	bonobono	ぼのぼの	ぼのぼの	57	30	0	0	0	0	0	0	0	57	0
SKIP_PAGE	born-2-die	BORN 2 DIE	BORN 2 DIE	1	2	0	0	0	0	0	1	0	0	0
SKIP_PAGE	bouei-mantama-nikki	防衛漫玉日記	防衛漫玉日記	3	3	0	0	0	0	0	2	1	0	0
SKIP_PAGE	boukendoki-no-watashitachi-densetsu	冒険どきの私達伝説	冒険どきの私達伝説	1	1	0	0	0	0	0	1	0	0	0
SKIP_PAGE	boukenou-biito	冒険王ビィト	冒険王ビィト	19	23	0	13	0	0	0	5	1	0	0
SKIP_PAGE	boxer-s-blast	BOXER's BLAST	BOXER's BLAST	3	3	0	0	0	0	0	3	0	0	0
SKIP_PAGE	brave-10	BRAVE 10	BRAVE10	8	5	0	1	0	0	0	0	0	7	0
SKIP_PAGE	break-blade	ブレイクブレイド	ブレイク ブレイド	20	19	0	0	0	0	0	0	0	10	10
SKIP_PAGE	break-cafe	ブレイク☆カフェ	ブレイク・カフェ	5	6	0	0	0	0	0	0	5	0	0
SKIP_PAGE	breakin-girls	ブレイキンガールズ!	ブレイキンガールズ!	2	2	0	0	0	0	0	2	0	0	0
SKIP_PAGE	bukimi-no-tani-no-roboko-san	ブキミの谷のロボ子さん	ブキミの谷のロボ子さん	3	3	0	2	0	0	0	1	0	0	0
SKIP_PAGE	bukubuku-hour	ブクブクアワー	ブクブクアワー	2	2	0	0	0	0	0	2	0	0	0
SKIP_PAGE	bungou-stray-dogs	文豪ストレイドッグス	文豪ストレイドッグス	28	81	0	18	0	0	0	7	3	0	0
SKIP_PAGE	bunpuku-chagama-daimaou	ぶんぷくちゃがま大魔王	ぶんぷくちゃがま大魔王	1	3	0	0	0	0	0	0	1	0	0
SKIP_PAGE	burn-the-witch	BURN THE WITCH	BURN THE WITCH	1	1	0	0	0	0	0	1	0	0	0
SKIP_PAGE	busou-shoujo-machiavellianism	武装少女マキャヴェリズム	武装少女マキャヴェリズム	13	13	0	7	0	0	0	5	0	1	0
SKIP_PAGE	buster-keel	BUSTER KEEL!	BUSTER KEEL!	12	12	0	11	0	0	0	1	0	0	0
SKIP_PAGE	busu-ni-hanataba-o	ブスに花束を。	ブスに花束を。	13	13	0	11	0	0	0	1	1	0	0
SKIP_PAGE	butsuzoon	仏ゾーン	仏ゾーン	5	8	0	2	0	0	0	2	1	0	0
SKIP_PAGE	buzzer-beater	BUZZER BEATER	BUZZER BEATER	4	6	0	0	0	0	0	0	4	0	0
SKIP_PAGE	capeta	capeta	Capeta	48	47	0	39	0	0	0	7	0	2	0
SKIP_PAGE	cappuccino-yoshizumi-2009	カプチーノ	カプチーノ (漫画)	1	1	0	0	0	0	0	1	0	0	0
SKIP_PAGE	captain-kid	キャプテンキッド	キャプテンキッド	19	1	0	0	0	0	0	0	0	12	7
SKIP_PAGE	captain-tsubasa	キャプテン翼	キャプテン翼	58	185	0	10	0	0	0	11	37	0	0
SKIP_PAGE	caramel-boy	きゃらめるBOY	きゃらめるBOY	3	2	0	2	0	0	0	0	0	1	0
SKIP_PAGE	chainsaw-man	チェンソーマン	チェンソーマン	24	25	0	0	0	0	0	19	5	0	0
SKIP_PAGE	chameleon-army	カメレオン・アーミー	カメレオン・アーミー (漫画)	2	1	0	0	0	0	0	1	0	1	0
SKIP_PAGE	chameleon	カメレオン	カメレオン (漫画)	47	47	0	0	0	0	0	46	1	0	0
SKIP_PAGE	chance	チャンス	チャンス (漫画)	4	4	0	2	0	0	0	0	2	0	0
SKIP_PAGE	change-kitamura-2005	ちぇんじ!	ちぇんじ!	1	1	0	0	0	0	0	0	1	0	0
SKIP_PAGE	change-up	チェンジUP!!	チェンジUP!!	3	3	0	0	0	0	0	0	3	0	0
SKIP_PAGE	chanto-suenai-kyuuketsuki-chan	ちゃんと吸えない吸血鬼ちゃん	ちゃんと吸えない吸血鬼ちゃん	9	9	0	1	0	0	0	7	1	0	0
SKIP_PAGE	cherry	Cherry	CHERRY (漫画)	4	1	0	0	0	0	0	0	0	4	0
SKIP_PAGE	chi-no-soko-no-mahoutsukai	地の底の魔法使い	地の底の魔法使い	2	2	0	0	0	0	0	2	0	0	0
SKIP_PAGE	chichi-to-ko	ちちとこ	ちちとこ	10	1	0	1	0	0	0	0	0	9	0
SKIP_PAGE	chijou-no-seppun	痴情の接吻	痴情の接吻	8	9	0	0	0	0	0	8	0	0	0
SKIP_PAGE	chimua-port	チムアポート	チムアポート	1	1	0	0	0	0	0	0	1	0	0
SKIP_PAGE	chinpira	弱虫	弱虫	30	4	0	0	0	0	0	0	0	30	0
SKIP_PAGE	chio-chan-no-tsuugakuro	ちおちゃんの通学路	ちおちゃんの通学路	9	9	0	5	0	0	0	4	0	0	0
SKIP_PAGE	chocolate-girl	チョコレートガール	チョコレートガール (漫画)	3	3	0	0	0	0	0	2	0	1	0
SKIP_PAGE	chocotto-sister	ちょこッとSister	ちょこッとSister	8	1	0	0	0	0	0	0	0	8	0
SKIP_PAGE	chokin-suit-kyasshuman	貯金戦士キャッシュマン	貯金戦士キャッシュマン	1	4	0	0	0	0	0	1	0	0	0
SKIP_PAGE	chotto-dake-kaettekita-dokutaa-slump	ちょっとだけかえってきたDr.SLUMP	ちょっとだけかえってきた Dr.SLUMP	4	4	0	1	0	0	0	3	0	0	0
SKIP_PAGE	chotto-ippai	ちょっといっぱい!	ちょっといっぱい!	10	10	0	9	0	0	0	1	0	0	0
SKIP_PAGE	chou-no-mau-hi	蝶の舞う日	蝶の舞う日	3	3	0	2	0	0	0	1	0	0	0
SKIP_PAGE	choudokyuu-suit-justice	超弩級戦士ジャスティス	超弩級戦士ジャスティス	2	2	0	0	0	0	0	2	0	0	0
SKIP_PAGE	choujin-gakuen	超人学園	超人学園	10	9	0	9	0	0	0	0	0	1	0
SKIP_PAGE	choujuu-densetsu-gestalt	超獣伝説ゲシュタルト	超獣伝説ゲシュタルト	8	11	0	0	0	0	0	0	0	8	0
SKIP_PAGE	chousoku-spinner	超速スピナー	超速スピナー	7	7	0	5	0	0	0	0	2	0	0
SKIP_PAGE	chouyaku-hyakunin-isshu-utakoi	超訳百人一首 うた恋い。	超訳百人一首 うた恋い。	4	8	0	3	0	0	0	1	0	0	0
SKIP_PAGE	chrome-no-pandora	紅殻のパンドラ	紅殻のパンドラ	26	26	0	19	0	0	0	7	0	0	0
SKIP_PAGE	chu-chu-chu-2007	Ｃ❤Ｃ❤Ｃ	C♥C♥C	2	1	0	0	0	0	0	0	1	1	0
SKIP_PAGE	chuuken-didii	忠犬ディディー	忠犬ディディー	1	1	0	0	0	0	0	0	1	0	0
SKIP_PAGE	cinderella-girls-gekijou	シンデレラガールズ劇場	シンデレラガールズ劇場	12	3	0	2	0	0	0	0	0	10	0
SKIP_PAGE	cipher	CIPHER	CIPHER	19	11	0	1	0	0	0	0	7	11	0
SKIP_PAGE	circle-crash	サークルクラッシュ!	サークルクラッシュ!	2	2	0	1	0	0	0	1	0	0	0
SKIP_PAGE	city-hunter	シティーハンター	シティーハンター	53	132	0	10	0	0	0	24	17	2	0
SKIP_PAGE	club-game-club	CLUBゲーム倶楽部	CLUB ゲーム倶楽部	2	2	0	1	0	0	0	1	0	0	0
SKIP_PAGE	code-geass	コードギアス	コードギアス (漫画)	5	32	0	0	0	0	0	0	0	5	0
SKIP_PAGE	code-name-wa-sailor-v	コードネームはセーラーV	コードネームはセーラーV	7	9	0	5	0	0	0	2	0	0	0
SKIP_PAGE	comic-girls	こみっくがーるず	こみっくがーるず	9	12	0	0	0	0	0	0	9	0	0
SKIP_PAGE	concerto	コンチェルト	コンチェルト (漫画)	1	1	0	0	0	0	0	0	1	0	0
SKIP_PAGE	connect	コネクト	コネクト (漫画)	6	6	0	0	0	0	0	6	0	0	0
SKIP_PAGE	coppers	Coppers	COPPERS	2	1	0	1	0	0	0	0	0	1	0
SKIP_PAGE	corset-ni-tsubasa	コルセットに翼	コルセットに翼	10	1	0	0	0	0	0	0	0	10	0
SKIP_PAGE	cosmos-striker	コスモス・ストライカー	コスモスストライカー	2	2	0	0	0	0	0	0	2	0	0
SKIP_PAGE	crescent-noise	クレセント・ノイズ	クレセントノイズ	6	6	0	3	0	0	0	0	3	0	0
SKIP_PAGE	cross-1997	十字	十字 (漫画)	5	5	0	3	0	0	0	2	0	0	0
SKIP_PAGE	crusher-joe-hosono-1993	クラッシャージョウ	クラッシャージョウ	2	6	0	0	0	0	0	0	0	2	0
SKIP_PAGE	crying-freeman	クライングフリーマン	クライング フリーマン	16	9	0	9	0	0	0	0	0	7	0
SKIP_PAGE	curry-no-ouji-sama	カレーの王子さま	カレーの王子さま (漫画)	1	2	0	0	0	0	0	0	1	0	0
SKIP_PAGE	cutey-honey	キューティーハニー	キューティーハニー	5	6	0	0	0	0	0	0	0	5	0
SKIP_PAGE	cuticle-tantei-inaba	キューティクル探偵因幡	キューティクル探偵因幡	19	6	0	4	0	0	0	0	0	15	0
SKIP_PAGE	cyborg-009	サイボーグ009	サイボーグ009	97	98	0	74	0	0	0	23	0	0	0
SKIP_PAGE	cyborg-jii-chan-g	CYBORGじいちゃんG	CYBORGじいちゃんG	6	6	0	4	0	0	0	0	0	2	0
SKIP_PAGE	d-gray-man	D.Gray-man	D.Gray-man	29	40	0	24	0	0	0	4	1	0	0
SKIP_PAGE	d-n-angel	D・N・ANGEL	D・N・ANGEL	15	35	0	13	0	0	0	1	0	1	0
SKIP_PAGE	dagashikashi	だがしかし	だがしかし	11	8	0	2	0	0	0	3	0	6	0
SKIP_PAGE	dai-mahou-touge	大魔法峠	大魔法峠	4	1	0	0	0	0	0	1	0	3	0
SKIP_PAGE	daifukkatsusai	大復活祭	大復活祭	1	1	0	0	0	0	0	1	0	0	0
SKIP_PAGE	daikuukou	大空港	大空港 (漫画)	7	6	0	0	0	0	0	6	0	1	0
SKIP_PAGE	daikyuu-sabaku	第9砂漠	第9砂漠	4	4	0	0	0	0	0	4	0	0	0
SKIP_PAGE	daimonzu	ダイモンズ	ダイモンズ	6	13	0	0	0	0	0	0	0	6	0
SKIP_PAGE	dainihontengutouekotoba	大日本天狗党絵詞	大日本天狗党絵詞	4	7	0	0	0	0	0	4	0	0	0
SKIP_PAGE	dairoku-sense	ダイロクセンス	ダイロクセンス	3	3	0	2	0	0	0	1	0	0	0
SKIP_PAGE	daisy-luck	デイジー・ラック	デイジー・ラック	2	4	0	0	0	0	0	2	0	0	0
SKIP_PAGE	dan-dan	DAN DAN	DAN DAN	3	1	0	0	0	0	0	1	0	2	0
SKIP_PAGE	dancing-baby-karin	ダンシングベイビーかりん	ダンシングベイビーかりん	2	2	0	0	0	0	0	0	2	0	0
SKIP_PAGE	dandori-kun	ダンドリくん	ダンドリくん	3	5	0	1	0	0	0	0	0	2	0
SKIP_PAGE	danshaku-ni-fusawashii-ginga-ryokou	男爵にふさわしい銀河旅行	男爵にふさわしい銀河旅行	3	3	0	0	0	0	0	3	0	0	0
SKIP_PAGE	dare-ga-kenja-o-koroshitaka	誰が賢者を殺したか?	誰が賢者を殺したか?	3	3	0	0	0	0	0	3	0	0	0
SKIP_PAGE	dark-cat	ダークキャット	ダークキャット	15	10	0	1	0	0	0	1	8	5	0
SKIP_PAGE	dark-gathering	ダークギャザリング	ダークギャザリング	20	19	0	0	0	0	0	14	5	1	0
SKIP_PAGE	dasei-67-paasento	惰性67パーセント	惰性67パーセント	9	9	0	0	0	0	0	9	0	0	0
SKIP_PAGE	dashi-master	ダシマスター	ダシマスター	6	6	0	4	0	0	0	2	0	0	0
SKIP_PAGE	datte-aishiteru	だって愛してる	だって愛してる	3	4	0	0	0	0	0	3	0	0	0
SKIP_PAGE	datte-sukinandamon	だって好きなんだもん	だって好きなんだもん!	2	2	0	0	0	0	0	0	0	2	0
SKIP_PAGE	dead-dead-demon-s-dededededestruction	デッドデッドデーモンズデデデデデストラクション	デッドデッドデーモンズデデデデデストラクション	12	12	0	0	0	0	0	2	10	0	0
SKIP_PAGE	deadman-wonderland	デッドマン・ワンダーランド	デッドマン・ワンダーランド	13	18	0	0	0	0	0	13	0	0	0
SKIP_PAGE	deai-ga-tarinai-watashitachi	出逢いが足りない私たち	出逢いが足りない私たち	2	1	0	1	0	0	0	0	0	1	0
SKIP_PAGE	deaimon	であいもん	であいもん	21	23	0	12	0	0	0	5	4	0	0
SKIP_PAGE	dear-brother	ディアブラザー!	ディア ブラザー!	5	1	0	0	0	0	0	1	0	4	0
SKIP_PAGE	deatta-koro-no-kimi-de-ite	出逢った頃の君でいて	出逢った頃の君でいて	3	2	0	0	0	0	0	0	0	3	0
SKIP_PAGE	deep-love	Deep love	Deep Love	19	7	0	0	0	0	0	0	0	19	0
SKIP_PAGE	deguchi-zero	出口ゼロ	出口ゼロ	14	14	0	9	0	0	0	5	0	0	0
SKIP_PAGE	dekapome	でかポメ	でかポメ	1	7	0	0	0	0	0	0	1	0	0
SKIP_PAGE	delicious	デリシャス!	デリシャス!	7	1	0	0	0	0	0	0	0	7	0
SKIP_PAGE	demon-s-plan	デモンズプラン	デモンズプラン	2	2	0	1	0	0	0	1	0	0	0
SKIP_PAGE	demon-tune	DEMON TUNE	DEMON TUNE	4	4	0	0	0	0	0	4	0	0	0
SKIP_PAGE	dengeki-daisy	電撃デイジー	電撃デイジー	16	16	0	3	0	0	0	6	7	0	0
SKIP_PAGE	denjin-faust	電人ファウスト	電人ファウスト	2	5	0	0	0	0	0	0	2	0	0
SKIP_PAGE	denpa-kyoushi	電波教師	電波教師	26	27	0	22	0	0	0	3	1	0	0
SKIP_PAGE	densetsu-no-yuusha-no-konkatsu	伝説の勇者の婚活	伝説の勇者の婚活	4	4	0	3	0	0	0	1	0	0	0
SKIP_PAGE	densha-otoko	電車男	電車男	3	6	0	0	0	0	0	0	0	3	0
SKIP_PAGE	des-pri	デス・プリ	デス・プリ	3	1	0	0	0	0	0	0	1	2	0
SKIP_PAGE	desuko	デスコ	デスコ	7	7	0	3	0	0	0	0	4	0	0
SKIP_PAGE	dethrone	ディスローン	ディスローン	3	3	0	0	0	0	0	3	0	0	0
SKIP_PAGE	discommunication	ディスコミュニケーション	ディスコミュニケーション	13	25	0	0	0	0	0	7	6	0	0
SKIP_PAGE	disu-communication	Thisコミュニケーション	Thisコミュニケーション	12	12	0	0	0	0	0	12	0	0	0
SKIP_PAGE	doahorizumu	弩アホリズム	弩アホリズム	3	3	0	1	0	0	0	2	0	0	0
SKIP_PAGE	doemu-joshi-to-gakkari-joou-sama	ドM女子とがっかり女王様	ドM女子とがっかり女王様	4	4	0	0	0	0	0	4	0	0	0
SKIP_PAGE	dois-sol	DOIS SOL	DOIS SOL	2	2	0	0	0	0	0	0	1	1	0
SKIP_PAGE	dokyouboshi	度胸星	度胸星	7	15	0	4	0	0	0	3	0	0	0
SKIP_PAGE	dokyuu-hentai-hxeros	ド級編隊エグゼロス	ド級編隊エグゼロス	12	12	0	0	0	0	0	12	0	0	0
SKIP_PAGE	doll-no-kuni	人形の国	人形の国	14	14	0	13	0	0	0	0	0	1	0
SKIP_PAGE	domestic-na-kanojo	ドメスティックな彼女	ドメスティックな彼女	28	29	0	15	0	0	0	13	0	0	0
SKIP_PAGE	dominion	ドミニオン	ドミニオン (漫画)	1	1	0	0	0	0	0	0	0	1	0
SKIP_PAGE	donburi-iinchou	どんぶり委員長	どんぶり委員長	4	4	0	3	0	0	0	1	0	0	0
SKIP_PAGE	dongame-submarine	どん亀サブマリン	どん亀サブマリン	1	1	0	0	0	0	0	0	1	0	0
SKIP_PAGE	donguri-no-ie	どんぐりの家	どんぐりの家	12	7	0	0	0	0	0	0	7	5	0
SKIP_PAGE	donten-prism-sooraakaa	曇天・プリズム・ソーラーカー	曇天・プリズム・ソーラーカー	2	2	0	0	0	0	0	2	0	0	0
SKIP_PAGE	doraemon	ドラえもん	ドラえもん	46	172	0	0	0	0	0	38	0	0	8
SKIP_PAGE	dorohedoro	ドロヘドロ	ドロヘドロ	23	10	0	9	0	0	0	1	0	13	0
SKIP_PAGE	doron-dororon	ドロンドロロン	ドロンドロロン	5	5	0	4	0	0	0	1	0	0	0
SKIP_PAGE	doronkyuu	どろんきゅー	どろんきゅー	3	3	0	0	0	0	0	3	0	0	0
SKIP_PAGE	dororon-enma-kun	ドロロンえん魔くん	ドロロンえん魔くん	8	1	0	0	0	0	0	0	0	8	0
SKIP_PAGE	dosukoi-gigolo	どす恋ジゴロ	どす恋ジゴロ	4	6	0	1	0	0	0	3	0	0	0
SKIP_PAGE	dotsuitare	どついたれ	どついたれ	3	1	0	0	0	0	0	1	0	2	0
SKIP_PAGE	dotsukiri-maikuroon	どっきりマイクローン	どっきりマイクローン	2	1	0	1	0	0	0	0	0	1	0
SKIP_PAGE	double-gauge	ダブルゲージ	ダブルゲージ	6	5	0	2	0	0	0	1	0	3	0
SKIP_PAGE	double-noda-2019	ダブル	ダブル (漫画)	6	5	0	5	0	0	0	0	0	1	0
SKIP_PAGE	doumu	童夢	童夢 (漫画)	1	2	0	0	0	0	0	0	1	0	0
SKIP_PAGE	douran	動乱	動乱 (漫画)	4	4	0	0	0	0	0	0	4	0	0
SKIP_PAGE	douse-mou-nigerarenai	どうせもう逃げられない	どうせもう逃げられない	10	2	0	0	0	0	0	1	0	9	0
SKIP_PAGE	doyou-waido-satsujin-jiken	土曜ワイド殺人事件	土曜ワイド殺人事件	1	4	0	0	0	0	0	1	0	0	0
SKIP_PAGE	dr-stone	Dr.STONE	Dr.STONE	27	31	0	0	0	0	0	26	0	1	0
SKIP_PAGE	dragon-head	ドラゴンヘッド	ドラゴンヘッド	10	10	0	9	0	0	0	1	0	0	0
SKIP_PAGE	dragon-quest-eden-no-senshitachi	ドラゴンクエストエデンの戦士たち	ドラゴンクエスト エデンの戦士たち	14	17	0	0	0	0	0	0	14	0	0
SKIP_PAGE	dragon-quest-maboroshi-no-daichi	ドラゴンクエスト幻の大地	ドラゴンクエスト 幻の大地	10	10	0	5	0	0	0	0	5	0	0
SKIP_PAGE	dragons-rioting	ドラゴンズライデン	ドラゴンズ ライデン	9	9	0	7	0	0	0	2	0	0	0
SKIP_PAGE	dream-buster	ドリームバスター	ドリームバスター	7	9	0	0	0	0	0	0	0	7	0
SKIP_PAGE	duan-surk	デュアン・サーク	デュアン・サーク	2	25	0	1	0	0	0	0	1	0	0
SKIP_PAGE	dust-8	ダスト8	ダスト8	4	5	0	1	0	0	0	1	1	1	0
SKIP_PAGE	dynamite-beauty	ダイナマイト・ビューティー!!	ダイナマイト☆ビューティー!!	2	1	0	1	0	0	0	0	0	1	0
SKIP_PAGE	edo-jou-saiken	江戸城再建	江戸城再建 (漫画)	3	3	0	0	0	0	0	1	2	0	0
SKIP_PAGE	edomoiselle	江戸モアゼル	江戸モアゼル	3	1	0	1	0	0	0	0	0	2	0
SKIP_PAGE	eguchi-hisashi-no-bakuhatsu-dinaa-show	江口寿史の爆発ディナーショー	江口寿史の爆発ディナーショー	2	3	0	1	0	0	0	1	0	0	0
SKIP_PAGE	elan	エラン	エラン (漫画)	5	7	0	1	0	0	0	0	2	2	0
SKIP_PAGE	eleven	イレブン	イレブン (漫画)	50	27	0	13	0	0	0	14	0	23	0
SKIP_PAGE	elf-o-karu-monotachi	エルフを狩るモノたち	エルフを狩るモノたち	21	34	0	6	0	0	0	0	15	0	0
SKIP_PAGE	elite-yankee-saburou	エリートヤンキー三郎	エリートヤンキー三郎	26	1	0	0	0	0	0	0	0	26	0
SKIP_PAGE	emiya-san-no-kyou-no-gohan	衛宮さんちの今日のごはん	衛宮さんちの今日のごはん	12	12	0	7	0	0	0	2	3	0	0
SKIP_PAGE	enbaamingu	エンバーミング	エンバーミング (漫画)	10	10	0	7	0	0	0	2	0	1	0
SKIP_PAGE	enen-no-shouboutai	炎炎ノ消防隊	炎炎ノ消防隊	34	42	0	33	0	0	0	1	0	0	0
SKIP_PAGE	engokukou	怨獄紅	怨獄紅	2	1	0	0	0	0	0	1	0	1	0
SKIP_PAGE	enomoto-shunji-no-charisma-ikuji	榎本俊二のカリスマ育児	榎本俊二のカリスマ育児	2	1	0	0	0	0	0	1	0	1	0
SKIP_PAGE	esuooesu-daitoukyou-tankentai	SOS大東京探検隊	SOS大東京探検隊	1	1	0	0	0	0	0	0	1	0	0
SKIP_PAGE	everyday-host	えぶりでいホスト	えぶりでいホスト	5	5	0	2	0	0	0	0	3	0	0
SKIP_PAGE	extra-girl	エキストラ・ガール	エキストラ・ガール	4	1	0	1	0	0	0	0	0	3	0
SKIP_PAGE	f-1-club	F-1倶楽部	F-1倶楽部	1	1	0	0	0	0	0	1	0	0	0
SKIP_PAGE	fade-out	Fade out	FADE OUT (漫画)	2	3	0	0	0	0	0	2	0	0	0
SKIP_PAGE	fai-brain-kami-no-puzzle	ファイ・ブレイン～神のパズル	ファイ・ブレイン 神のパズル	2	3	0	0	0	0	0	0	0	2	0
SKIP_PAGE	faibu-star-stories	ファイブスター物語	ファイブスター物語	19	50	0	0	0	0	0	1	0	18	0
SKIP_PAGE	fair-place	フェアプレイス	フェアプレイス	4	4	0	0	0	0	0	4	0	0	0
SKIP_PAGE	fairy-cube	妖精標本	妖精標本	3	3	0	0	0	0	0	0	3	0	0
SKIP_PAGE	fate-grand-order-fujimaru-ritsuka-wa-wakaranai	Fate/Grand Order藤丸立香はわからない	Fate/Grand Order 藤丸立香はわからない	7	8	0	1	0	0	0	3	3	0	0
SKIP_PAGE	faust-1979	ファウスト	ファウスト (漫画)	2	5	0	0	0	0	0	0	0	2	0
SKIP_PAGE	fight-sensei	ファイト先生	ファイト先生	2	2	0	0	0	0	0	0	2	0	0
SKIP_PAGE	fighter	ファイター	ファイター (漫画)	5	5	0	0	0	0	0	4	1	0	0
SKIP_PAGE	fire-emblem-hasha-no-tsurugi	ファイアーエムブレム 覇者の剣	ファイアーエムブレム 覇者の剣	11	1	0	0	0	0	0	0	0	11	0
SKIP_PAGE	fire-emblem-watanabe-1992	ファイアーエムブレム	ファイアーエムブレム (佐野真砂輝&わたなべ京の漫画)	5	5	0	1	0	0	0	0	4	0	0
SKIP_PAGE	fire-emblem	ファイアーエムブレム	ファイアーエムブレム (佐野真砂輝&わたなべ京の漫画)	12	5	0	0	0	0	0	0	0	12	0
SKIP_PAGE	first-class-niito-mashiro	ファーストクラスニートましろ	ファーストクラスニートましろ	2	2	0	0	0	0	0	0	2	0	0
SKIP_PAGE	fudanshi-kazoku	腐男子家族	腐男子家族	7	6	0	5	0	0	0	1	0	1	0
SKIP_PAGE	fudatsuki-no-kyooko-chan	ふだつきのキョーコちゃん	ふだつきのキョーコちゃん	7	7	0	0	0	0	0	4	0	3	0
SKIP_PAGE	fuichin-san	フイチンさん	フイチンさん	8	2	0	0	0	0	0	0	2	6	0
SKIP_PAGE	fujoshi-ssu	腐女子っス!	腐女子っス!	7	7	0	5	0	0	0	2	0	0	0
SKIP_PAGE	fujouri-nikki	不条理日記	不条理日記	1	3	0	0	0	0	0	1	0	0	0
SKIP_PAGE	fukumitsu-shigeyuki-no-honobono-game-essei-manga	福満しげゆきのほのぼのゲームエッセイマンガ	福満しげゆきのほのぼのゲームエッセイマンガ	1	1	0	0	0	0	0	0	1	0	0
SKIP_PAGE	fukushuu-no-kyoukasho	復讐の教科書	復讐の教科書	13	12	0	11	0	0	0	1	0	1	0
SKIP_PAGE	full-drum	フルドラム	フルドラム	5	5	0	0	0	0	0	5	0	0	0
SKIP_PAGE	funky-fancy	ファンキー☆ファンシー	ファンキー☆ファンシー	1	1	0	0	0	0	0	0	1	0	0
SKIP_PAGE	funouhan	不能犯	不能犯 (漫画)	12	15	0	11	0	0	0	1	0	0	0
SKIP_PAGE	funwari-hunter	ふんわり狩人	ふんわり狩人	2	2	0	0	0	0	0	1	0	1	0
SKIP_PAGE	furare-girl	フラレガール	フラレガール	14	14	0	13	0	0	0	1	0	0	0
SKIP_PAGE	furidashi-ni-ochiru	ふりだしにおちる!	ふりだしにおちる!	2	2	0	1	0	0	0	1	0	0	0
SKIP_PAGE	furusato	ふるさと	ふるさと (漫画)	22	11	0	6	0	0	0	2	0	11	3
SKIP_PAGE	fushigi-no-maria-kun	不思議のマリア君	不思議のマリア君	2	2	0	0	0	0	0	2	0	0	0
SKIP_PAGE	fushigi-tobe-kun	ふしぎトーボくん	ふしぎトーボくん	6	5	0	1	0	0	0	0	0	5	0
SKIP_PAGE	fushigina-shounen	不思議な少年	不思議な少年 (漫画)	15	5	0	3	0	0	0	2	0	10	0
SKIP_PAGE	futago-complex	双子コンプレックス	双子コンプレックス	3	3	0	0	0	0	0	0	3	0	0
SKIP_PAGE	futago-no-princess	ふたごのプリンセス	ふたごのプリンセス	2	1	0	0	0	0	0	0	0	2	0
SKIP_PAGE	futari-basu	ふたりバス	ふたりバス	3	3	0	1	0	0	0	0	2	0	0
SKIP_PAGE	futari-monologue	ふたりモノローグ	ふたりモノローグ	6	6	0	3	0	0	0	3	0	0	0
SKIP_PAGE	futari-wa-oshiriai	ふたりはおしり愛	ふたりはおしり愛	5	2	0	1	0	0	0	0	0	4	0
SKIP_PAGE	futarigurashi	ふたり暮らし	ふたり暮らし	13	13	0	0	0	0	0	13	0	0	0
SKIP_PAGE	futatsu-no-spica	ふたつのスピカ	ふたつのスピカ	16	20	0	5	0	0	0	11	0	0	0
SKIP_PAGE	futtoboorutaka	フットボール鷹	フットボール鷹	9	16	0	0	0	0	0	4	2	3	0
SKIP_PAGE	fuufu-ijou-koibito-miman	夫婦以上、恋人未満。	夫婦以上、恋人未満。	13	12	0	5	0	0	0	5	2	1	0
SKIP_PAGE	fuuko-no-iru-mise	風子のいる店	風子のいる店	8	8	0	5	0	0	0	3	0	0	0
SKIP_PAGE	fuurai-shimai	ふうらい姉妹	ふうらい姉妹	4	4	0	1	0	0	0	3	0	0	0
SKIP_PAGE	gaburin	ガブリン	ガブリン	4	4	0	3	0	0	0	1	0	0	0
SKIP_PAGE	gacen-shoujo-to-ibunka-kouryuu	ゲーセン少女と異文化交流	ゲーセン少女と異文化交流	12	11	0	3	0	0	0	6	2	1	0
SKIP_PAGE	gachirin-ni-kiri-saku	月輪に斬り咲く	月輪に斬り咲く	7	1	0	1	0	0	0	0	0	6	0
SKIP_PAGE	gaikotsu-shotenin-honda-san	ガイコツ書店員本田さん	ガイコツ書店員 本田さん	4	6	0	3	0	0	0	1	0	0	0
SKIP_PAGE	gaki-rock	ガキ☆ロック	ガキ☆ロック	1	3	0	0	0	0	0	0	0	1	0
SKIP_PAGE	gakkou	学校	学校 (山本直樹の漫画)	1	1	0	0	0	0	0	1	0	0	0
SKIP_PAGE	gakkougurashi	がっこうぐらし!	がっこうぐらし!	12	2	0	0	0	0	0	0	0	12	0
SKIP_PAGE	gakuen-alice	学園アリス	学園アリス	31	5	0	0	0	0	0	0	0	31	0
SKIP_PAGE	gakuen-mokushiroku-highschool-of-the-dead	学園黙示録 HIGHSCHOOL OF THE DEAD	学園黙示録 HIGHSCHOOL OF THE DEAD	7	18	0	0	0	0	0	5	2	0	0
SKIP_PAGE	gakuen-teikoku-ore-wa-juubei	学園帝国俺はジュウベイ!	学園帝国 俺はジュウベイ!	4	4	0	1	0	0	0	0	3	0	0
SKIP_PAGE	gakuyaura	楽屋裏	楽屋裏	3	8	0	0	0	0	0	0	3	0	0
SKIP_PAGE	gal-gamer-ni-homeraretai	ギャルゲーマーに褒められたい	ギャルゲーマーに褒められたい	5	5	0	1	0	0	0	3	1	0	0
SKIP_PAGE	gal-to-wotaku-wa-wakariaenai	ギャルとオタクはわかりあえない。	ギャルとオタクはわかりあえない。	5	5	0	4	0	0	0	1	0	0	0
SKIP_PAGE	game-creator-rendetsu	ゲームクリエイター列伝	ゲームクリエイター列伝	2	2	0	0	0	0	0	2	0	0	0
SKIP_PAGE	game-wolf-hayato	ゲームウルフ隼人	ゲームウルフ隼人	3	3	0	2	0	0	0	1	0	0	0
SKIP_PAGE	gantz-g	GANTZ:G	GANTZ:G	3	3	0	0	0	0	0	3	0	0	0
SKIP_PAGE	garasunoshiro	ガラスの城	ガラスの城 (漫画)	6	1	0	0	0	0	0	0	0	3	3
SKIP_PAGE	gata-girl	ガタガール	ガタガール	2	3	0	0	0	0	0	2	0	0	0
SKIP_PAGE	gate-7	Gate 7	GATE 7	4	4	0	2	0	0	0	2	0	0	0
SKIP_PAGE	gegege-no-kitarou	ゲゲゲの鬼太郎	ゲゲゲの鬼太郎	41	94	0	1	0	0	0	0	0	29	11
SKIP_PAGE	gekiga-hitler	劇画ヒットラー	劇画ヒットラー	2	7	0	1	0	0	0	1	0	0	0
SKIP_PAGE	gekikawa-devil	ゲキカワデビル	ゲキカワ・デビル	9	10	0	0	0	0	0	3	6	0	0
SKIP_PAGE	gekkou	月光	月光 (漫画)	7	7	0	1	0	0	0	2	4	0	0
SKIP_PAGE	genei-musou	幻影夢想	幻影夢想	8	8	0	4	0	0	0	3	1	0	0
SKIP_PAGE	gensou-tairiku	幻想大陸	幻想大陸	3	1	0	0	0	0	0	0	0	3	0
SKIP_PAGE	genzonkodai-seibutsushi-pakkii	現存!古代生物史パッキー	現存!古代生物史パッキー	2	2	0	0	0	0	0	0	2	0	0
SKIP_PAGE	geobreeders	ジオブリーダーズ	ジオブリーダーズ	16	1	0	0	0	0	0	0	0	16	0
SKIP_PAGE	gerard-to-jack	ジェラールとジャック	ジェラールとジャック	3	5	0	0	0	0	0	3	0	0	0
SKIP_PAGE	getchuu-magokoro-bin	ゲッチューまごころ便	ゲッチューまごころ便	17	1	0	0	0	0	0	0	0	17	0
SKIP_PAGE	giisu-hawaado-gaiden	ギース・ハワード外伝	ギース・ハワード外伝	1	1	0	0	0	0	0	1	0	0	0
SKIP_PAGE	giji-harem	疑似ハーレム	疑似ハーレム	6	6	0	4	0	0	0	2	0	0	0
SKIP_PAGE	gin	銀	銀 (漫画)	4	8	0	0	0	0	0	0	4	0	0
SKIP_PAGE	ginga-densetsu-weed	銀牙伝説Weed	銀牙伝説WEED	66	83	0	42	0	0	0	22	0	2	0
SKIP_PAGE	ginga-tetsudou-999-another-story-ultimate-journey	銀河鉄道999 ANOTHER STORYアルティメットジャーニー	銀河鉄道999 ANOTHER STORY アルティメットジャーニー	9	9	0	0	0	0	0	5	4	0	0
SKIP_PAGE	gingitsune	ぎんぎつね	ぎんぎつね	18	19	0	0	0	0	0	18	0	0	0
SKIP_PAGE	ginironokaminoarisa	銀色の髪の亜里沙	銀色の髪の亜里沙	1	4	0	0	0	0	0	0	1	0	0
SKIP_PAGE	ginrou-ni-kodoku-o-mita	銀狼に孤独をみた	銀狼に孤独をみた	5	3	0	2	0	0	0	1	0	2	0
SKIP_PAGE	gintama	銀魂	銀魂	77	39	0	0	0	0	0	0	0	77	0
SKIP_PAGE	ginyoubi-no-otogibanashi	銀曜日のおとぎばなし	銀曜日のおとぎばなし	9	3	0	0	0	0	0	0	0	9	0
SKIP_PAGE	girigiri-out	ギリギリアウト	ギリギリアウト	6	6	0	2	0	0	0	4	0	0	0
SKIP_PAGE	girls-saurus	ガールズザウルス	ガールズザウルス	3	4	0	0	0	0	0	0	1	2	0
SKIP_PAGE	go-ahead	GO AHEAD	GO AHEAD (漫画)	4	4	0	0	0	0	0	0	4	0	0
SKIP_PAGE	gochuumon-wa-usagi-desuka	ご注文はうさぎですか?	ご注文はうさぎですか?	14	5	0	0	0	0	0	0	0	14	0
SKIP_PAGE	gokko	ごっこ	ごっこ (漫画)	3	2	0	2	0	0	0	0	0	1	0
SKIP_PAGE	gokudou-kun	極道くん	極道くん	21	3	0	0	0	0	0	3	0	18	0
SKIP_PAGE	gokujou-mechamote-iinchou	極上!!めちゃモテ委員長	極上!!めちゃモテ委員長	17	28	0	15	0	0	0	1	1	0	0
SKIP_PAGE	gokukoku-no-brynhildr	極黒のブリュンヒルデ	極黒のブリュンヒルデ	18	1	0	0	0	0	0	0	0	18	0
SKIP_PAGE	gokurakugai	極楽街	極楽街	6	6	0	0	0	0	0	4	2	0	0
SKIP_PAGE	golden-kamuy	ゴールデンカムイ	ゴールデンカムイ	31	51	0	0	0	0	0	31	0	0	0
SKIP_PAGE	gon	ゴン	ゴン (漫画)	7	7	0	0	0	0	0	7	0	0	0
SKIP_PAGE	googoo-kochira-shiritsu-hanasaki-tantei-jimusho	ゴーゴー♪こちら私立華咲探偵事務所。	ゴーゴー♪こちら私立華咲探偵事務所。	4	7	0	0	0	0	0	4	0	0	0
SKIP_PAGE	gouhou-drug	合法ドラッグ	合法ドラッグ (漫画)	3	8	0	1	0	0	0	2	0	0	0
SKIP_PAGE	gozen-0-ji-kisu-shini-kiteyo	午前0時、キスしに来てよ	午前0時、キスしに来てよ	12	14	0	4	0	0	0	8	0	0	0
SKIP_PAGE	grandeek	Grandeek	GRANDEEK	1	5	0	0	0	0	0	1	0	0	0
SKIP_PAGE	grant-leauvas-monogatari	グラン・ローヴァ物語	グラン・ローヴァ物語	4	10	0	2	0	0	0	0	2	0	0
SKIP_PAGE	gravietori	グラビアトリ	グラビアトリ	4	4	0	0	0	0	0	4	0	0	0
SKIP_PAGE	greed-packet-unlimited	グリードパケット∞	グリードパケット∞	4	4	0	0	0	0	0	4	0	0	0
SKIP_PAGE	gun-x-clover	ガン×クローバー	ガン×クローバー	12	2	0	2	0	0	0	0	0	10	0
SKIP_PAGE	gundriver	ガンドライバー	ガンドライバー	8	2	0	0	0	0	0	0	0	8	0
SKIP_PAGE	gunjoo-senki	群青戦記	群青戦記	17	23	0	0	0	0	0	17	0	0	0
SKIP_PAGE	gunjou-ni-siren	群青にサイレン	群青にサイレン	12	6	0	6	0	0	0	0	0	6	0
SKIP_PAGE	gunshin-chan-to-yobanaide	軍神ちゃんとよばないで	軍神ちゃんとよばないで	9	11	0	0	0	0	0	9	0	0	0
SKIP_PAGE	gunslinger-girl	GUNSLINGER GIRL	GUNSLINGER GIRL	15	15	0	7	0	0	0	0	0	1	7
SKIP_PAGE	guranpuri-tengoku	グランプリ天国	グランプリ天国	5	1	0	0	0	0	0	0	0	5	0
SKIP_PAGE	guruguru-pon-chan	ぐるぐるポンちゃん	ぐるぐるポンちゃん	9	13	0	0	0	0	0	9	0	0	0
SKIP_PAGE	gyagu-manga-hiyori	ギャグマンガ日和	ギャグマンガ日和	15	2	0	0	0	0	0	0	0	15	0
SKIP_PAGE	gyakuten-honey	逆転ハニー	逆転ハニー	1	1	0	0	0	0	0	0	1	0	0
SKIP_PAGE	gyanburutsu	ギャンブルッ!	ギャンブルッ!	11	11	0	0	0	0	0	0	11	0	0
SKIP_PAGE	gyoutoku-sakanaya-roman-super-baito-j	行徳魚屋浪漫スーパーバイトJ	行徳魚屋浪漫スーパーバイトJ	3	3	0	0	0	0	0	0	3	0	0
SKIP_PAGE	haafuna-bun-dake	ハーフな分だけ	ハーフな分だけ	2	3	0	0	0	0	0	0	2	0	0
SKIP_PAGE	hachi-tokyo-23-ku	HACHI 東京23宮	HACHI -東京23宮-	3	3	0	2	0	0	0	0	1	0	0
SKIP_PAGE	hachimitsu-hakusho	はちみつ白書	はちみつ白書	1	1	0	0	0	0	0	1	0	0	0
SKIP_PAGE	hachimitsu-to-clover	ハチミツとクローバー	ハチミツとクローバー	10	17	0	6	0	0	0	4	0	0	0
SKIP_PAGE	hachune-miku-no-nichijou-roipara	はちゅねミクの日常ろいぱら!	はちゅねミクの日常 ろいぱら!	4	4	0	0	0	0	0	4	0	0	0
SKIP_PAGE	haikara-san-ga-tooru	はいからさんが通る	はいからさんが通る	29	4	0	0	0	0	0	0	0	29	0
SKIP_PAGE	haikyuu	ハイキュー!!	ハイキュー!!	45	96	0	26	0	0	0	19	0	0	0
SKIP_PAGE	haipoji	ハイポジ	ハイポジ (漫画)	5	1	0	0	0	0	0	0	0	5	0
SKIP_PAGE	hajime-chan-ga-ichiban	はじめちゃんが一番!	はじめちゃんが一番!	24	20	0	12	0	0	0	0	7	5	0
SKIP_PAGE	hajimete-no-gal	はじめてのギャル	はじめてのギャル	22	22	0	11	0	0	0	8	2	1	0
SKIP_PAGE	hajiotsu	はじおつ。	はじおつ。	5	1	0	1	0	0	0	0	0	4	0
SKIP_PAGE	hakatakko-junjou	博多っ子純情	博多っ子純情	21	21	0	16	0	0	0	5	0	0	0
SKIP_PAGE	haken-desu	派遣です!	派遣です!	7	7	0	0	0	0	0	7	0	0	0
SKIP_PAGE	hakenshain-marushimakikuji	派遣社員松島喜久治	派遣社員 松島喜久治	8	10	0	0	0	0	0	0	8	0	0
SKIP_PAGE	hakubo-no-chronicle	白暮のクロニクル	白暮のクロニクル	11	11	0	0	0	0	0	1	9	1	0
SKIP_PAGE	hakuji	白磁	白磁 (漫画)	2	2	0	0	0	0	0	0	2	0	0
SKIP_PAGE	hakushaku-to-yousei	伯爵と妖精	伯爵と妖精	4	39	0	0	0	0	0	0	4	0	0
SKIP_PAGE	hamidoru	はみどる!	はみどる!	5	5	0	0	0	0	0	0	5	0	0
SKIP_PAGE	hamster-nikki	ハムスター日記	ハムスター日記	6	6	0	0	0	0	0	6	0	0	0
SKIP_PAGE	hana-ha-saku-ka	花は咲くか	花は咲くか	5	5	0	1	0	0	0	4	0	0	0
SKIP_PAGE	hana-hana	花×華	花×華	2	10	0	1	0	0	0	1	0	0	0
SKIP_PAGE	hana-ni-somu	花に染む	花に染む	8	3	0	3	0	0	0	0	0	5	0
SKIP_PAGE	hana-no-asuka-gumi	花のあすか組!	花のあすか組!	40	14	0	0	0	0	0	0	0	34	6
SKIP_PAGE	hana-no-asukagumi-infinitei	花のあすか組!∞インフィニティ	花のあすか組! ∞インフィニティ	9	9	0	8	0	0	0	1	0	0	0
SKIP_PAGE	hana-to-hina-wa-houkago	ハナとヒナは放課後	ハナとヒナは放課後	3	2	0	2	0	0	0	0	0	1	0
SKIP_PAGE	hana-to-oku-tan	花と奥たん	花と奥たん	5	5	0	0	0	0	0	0	5	0	0
SKIP_PAGE	hana-yori-dango	花より男子	花より男子	37	94	0	11	0	0	0	23	3	0	0
SKIP_PAGE	hanamaru-mahou-kyoushitsu	はなまる魔法教室	はなまる魔法教室	2	2	0	0	0	0	0	2	0	0	0
SKIP_PAGE	hanasaki-komachi-girls	花咲きKomachi-Girls	花咲きKomachi-Girls	4	4	0	1	0	0	0	0	3	0	0
SKIP_PAGE	hanashishuu-kodemari-ni-yosete	花詩集こでまりによせて	花詩集 こでまりによせて	2	1	0	1	0	0	0	0	0	1	0
SKIP_PAGE	hanayoi-douchuu	花宵道中	花宵道中	12	10	0	8	0	0	0	0	0	4	0
SKIP_PAGE	hannari-girori-no-yoriko-san	はんなりギロリの頼子さん	はんなりギロリの頼子さん	7	7	0	0	0	0	0	0	7	0	0
SKIP_PAGE	haou-densetsu-takeru	覇王伝説驍	覇王伝説 驍	30	1	0	1	0	0	0	0	0	29	0
SKIP_PAGE	hapipuri	はぴぷり	はぴぷり	1	2	0	0	0	0	0	0	0	1	0
SKIP_PAGE	happii-maria	はっぴいマリア	はっぴいマリア	4	4	0	0	0	0	0	2	2	0	0
SKIP_PAGE	happy-of-the-end	ハッピー・オブ・ジ・エンド	ハッピー・オブ・ジ・エンド	3	1	0	1	0	0	0	0	0	2	0
SKIP_PAGE	happy	ハッピー!	ハッピー!	43	18	0	7	0	0	0	0	0	15	21
SKIP_PAGE	harekon	ハレ婚。	ハレ婚。	20	19	0	17	0	0	0	2	0	1	0
SKIP_PAGE	harenchi-gakuen	ハレンチ学園	ハレンチ学園	14	2	0	0	0	0	0	0	0	14	0
SKIP_PAGE	haretahihagakkouwoyasunde	はれた日は学校をやすんで	はれた日は学校をやすんで	2	1	0	0	0	0	0	0	1	1	0
SKIP_PAGE	haru-o-daiteita	春を抱いていた	春を抱いていた	14	21	0	3	0	0	0	0	0	11	0
SKIP_PAGE	haru-ojou-sama-koi-no-ojikan-desu	はるお嬢さま、恋のお時間です!	はるお嬢さま、恋のお時間です!	2	2	0	0	0	0	0	2	0	0	0
SKIP_PAGE	haruka-refrain	はるかリフレイン	はるかリフレイン	1	1	0	0	0	0	0	0	0	1	0
SKIP_PAGE	harukanaru-ikyou-guardian	遥かなる異郷ガーディアン	遥かなる異郷ガーディアン	4	4	0	1	0	0	0	0	3	0	0
SKIP_PAGE	harukanaru-remuria-yori	はるかなるレムリアより	はるかなるレムリアより	1	1	0	0	0	0	0	0	0	1	0
SKIP_PAGE	harumineeshon	はるみねーしょん	はるみねーしょん	8	2	0	0	0	0	0	0	2	6	0
SKIP_PAGE	haruna-chan-sanjou	はるなちゃん参上!	はるなちゃん参上!	6	6	0	0	0	0	0	4	2	0	0
SKIP_PAGE	hasebe-san-no-iru-yakyuubu	長谷部さんのいる野球部	長谷部さんのいる野球部	3	3	0	2	0	0	0	1	0	0	0
SKIP_PAGE	hashitanakute-gomen	はしたなくてごめん	はしたなくて ごめん	7	7	0	0	0	0	0	4	3	0	0
SKIP_PAGE	hatarake-onee-san	働け!おねえさん	働け!おねえさん	3	1	0	0	0	0	0	0	0	3	0
SKIP_PAGE	hatarakiman	働きマン	働きマン	5	12	0	3	0	0	0	2	0	0	0
SKIP_PAGE	hatsukoi-limited	初恋限定。	初恋限定。	4	5	0	0	0	0	0	0	4	0	0
SKIP_PAGE	hatsukoi-monster	初恋モンスター	初恋モンスター	9	10	0	8	0	0	0	0	0	1	0
SKIP_PAGE	hatsukoi-shinan	初恋指南	初恋指南	4	1	0	0	0	0	0	0	0	4	0
SKIP_PAGE	hatsukoi-zombie	初恋ゾンビ	初恋ゾンビ	17	2	0	2	0	0	0	0	0	15	0
SKIP_PAGE	heart	HEART	HEART (漫画)	10	10	0	9	0	0	0	0	1	0	0
SKIP_PAGE	hebereke-koibana-soudanshitsu	へべれけ恋バナ相談室	へべれけ恋バナ相談室	1	1	0	0	0	0	0	0	1	0	0
SKIP_PAGE	heiwa-e-no-dankon	平和への弾痕	平和への弾痕	1	1	0	0	0	0	0	0	1	0	0
SKIP_PAGE	helen-esp	ヘレンesp	ヘレンesp	2	2	0	1	0	0	0	0	1	0	0
SKIP_PAGE	hengoku-no-schwester	辺獄のシュヴェスタ	辺獄のシュヴェスタ	6	6	0	0	0	0	0	6	0	0	0
SKIP_PAGE	henshin-ninja-arashi	変身忍者嵐	変身忍者嵐 (漫画)	4	10	0	1	0	0	0	2	0	1	0
SKIP_PAGE	heritako-puu-chan	ヘリタコぷーちゃん	ヘリタコぷーちゃん	2	3	0	1	0	0	0	0	1	0	0
SKIP_PAGE	heroine-wa-zetsubou-shimashita	ヒロインは絶望しました。	ヒロインは絶望しました。	10	10	0	9	0	0	0	1	0	0	0
SKIP_PAGE	heroman	HEROMAN	HEROMAN	5	1	0	1	0	0	0	0	0	4	0
SKIP_PAGE	heruzu-warrior-maou	地獄戦士魔王	地獄戦士魔王	2	1	0	0	0	0	0	0	0	2	0
SKIP_PAGE	heureka	ヘウレーカ	ヘウレーカ	1	1	0	0	0	0	0	0	1	0	0
SKIP_PAGE	hey-riki	Hey!リキ	Hey!リキ	31	31	0	7	0	0	0	4	0	0	20
SKIP_PAGE	hi-ga-hashiru	緋が走る	緋が走る	15	24	0	2	0	0	0	13	0	0	0
SKIP_PAGE	hibarichou-1-choume-no-jijou	雲雀町1丁目の事情	雲雀町1丁目の事情	13	13	0	7	0	0	0	6	0	0	0
SKIP_PAGE	hichako-no-game-taikenki	ひちゃこのゲーム体験記	ひちゃこのゲーム体験記	1	1	0	0	0	0	0	1	0	0	0
SKIP_PAGE	hidarikiki-no-eren-nifuni-2020	左ききのエレン	左ききのエレン	5	25	0	0	0	0	0	0	0	5	0
SKIP_PAGE	higashi-no-hate-doori-ibun	東のはて通り異聞	東のはて通り異聞	4	4	0	3	0	0	0	1	0	0	0
SKIP_PAGE	hige-to-boin	ヒゲとボイン	ヒゲとボイン	1	1	0	0	0	0	0	1	0	0	0
SKIP_PAGE	high-school-agent	ハイスクールAGENT	ハイスクールAGENT	2	2	0	0	0	0	0	0	0	2	0
SKIP_PAGE	highschool-jingi	はいすくーる仁義	はいすくーる仁義	14	14	0	0	0	0	0	14	0	0	0
SKIP_PAGE	higurashi-no-naku-koro-ni-kai-2007-2	ひぐらしのなく頃に怪 現壊し編	ひぐらしのなく頃に怪 現壊し編	1	1	0	0	0	0	0	0	1	0	0
SKIP_PAGE	higurashi-no-naku-koro-ni-meguri	ひぐらしのなく頃に 巡	ひぐらしのなく頃に 巡	5	1	0	0	0	0	0	0	0	5	0
SKIP_PAGE	hikarishuppatsu-shinkou	ひかり!出発進行	ひかり!出発進行	4	1	0	0	0	0	0	0	0	4	0
SKIP_PAGE	hikaru-ga-shinda-natsu	光が死んだ夏	光が死んだ夏	9	11	0	1	0	0	0	4	4	0	0
SKIP_PAGE	hikyoumono-no-shima	卑怯者の島	卑怯者の島	1	1	0	0	0	0	0	1	0	0	0
SKIP_PAGE	himawari-san-2003	ひまわりさん	ひまわりさん	3	13	0	0	0	0	0	0	0	3	0
SKIP_PAGE	hime-chan-no-ribbon	姫ちゃんのリボン	姫ちゃんのリボン	16	3	0	2	0	0	0	1	0	13	0
SKIP_PAGE	himenospia	ヒメノスピア	ヒメノスピア	8	8	0	7	0	0	0	1	0	0	0
SKIP_PAGE	himitsu-no-akko-chan	ひみつのアッコちゃん	ひみつのアッコちゃん	6	8	0	0	0	0	0	0	0	6	0
SKIP_PAGE	himitsu-no-hanazono-1998	秘密の花園	秘密の花園 (和泉かねよしの漫画)	1	1	0	0	0	0	0	0	1	0	0
SKIP_PAGE	himitsushireimashinkeiji999	ひみつ指令マシン刑事999	ひみつ指令マシン刑事999	2	4	0	0	0	0	0	2	0	0	0
SKIP_PAGE	himouto-umaru-chan	干物妹!うまるちゃん	干物妹!うまるちゃん	12	20	0	0	0	0	0	12	0	0	0
SKIP_PAGE	hinako-note	ひなこのーと	ひなこのーと	7	6	0	4	0	0	0	2	0	1	0
SKIP_PAGE	hinomaru-gekijou	ひのまる劇場	ひのまる劇場	1	4	0	0	0	0	0	0	1	0	0
SKIP_PAGE	hinomaruzumou	火ノ丸相撲	火ノ丸相撲	28	30	0	15	0	0	0	12	0	1	0
SKIP_PAGE	hirasaka-hinako-ga-ero-kawaii-koto-o-ore-dake-ga-shitte-iru	比羅坂日菜子がエロかわいいことを俺だけが知っている。	比羅坂日菜子がエロかわいいことを俺だけが知っている。	7	7	0	6	0	0	0	1	0	0	0
SKIP_PAGE	hirayasumi	ひらやすみ	ひらやすみ	10	2	0	2	0	0	0	0	0	8	0
SKIP_PAGE	hisho-ezumi-18sai	秘書・恵純18歳	秘書・恵純 18歳	1	1	0	0	0	0	0	0	0	1	0
SKIP_PAGE	hisoka-returns	密❤リターンズ!	密・リターンズ!	7	13	0	0	0	0	0	3	4	0	0
SKIP_PAGE	hitomi-diary	瞳ダイアリー	瞳ダイアリー	4	6	0	0	0	0	0	0	4	0	0
SKIP_PAGE	hitomi-o-sorasazu-ni-ite	瞳をそらさずにいて	瞳をそらさずにいて	6	7	0	2	0	0	0	0	4	0	0
SKIP_PAGE	hitoribocchi-no-marumaru-seikatsu	ひとりぼっちの○○生活	ひとりぼっちの○○生活	8	8	0	6	0	0	0	2	0	0	0
SKIP_PAGE	hitsugi-no-chaika	棺姫のチャイカ	棺姫のチャイカ	5	21	0	1	0	0	0	4	0	0	0
SKIP_PAGE	hitsugi-tantei-dandow	棺探偵D＆W	棺探偵D&W	2	2	0	0	0	0	0	2	0	0	0
SKIP_PAGE	hoikuen-e-ikou	保育園へ行こう!	保育園へ行こう!	4	4	0	0	0	0	0	0	4	0	0
SKIP_PAGE	hokenshitsu-no-shinigami	保健室の死神	保健室の死神	10	10	0	9	0	0	0	1	0	0	0
SKIP_PAGE	hokuhokusei-ni-kumo-to-yuke	北北西に曇と往け	北北西に曇と往け	7	15	0	5	0	0	0	2	0	0	0
SKIP_PAGE	hokushin-denki	北神伝綺	北神伝綺	2	5	0	1	0	0	0	1	0	0	0
SKIP_PAGE	holy-talker	ホーリートーカー	ホーリートーカー	6	4	0	4	0	0	0	0	0	2	0
SKIP_PAGE	homemade-heroes	ホームメイドヒーローズ	ホームメイドヒーローズ	2	2	0	0	0	0	0	0	2	0	0
SKIP_PAGE	honey-bitter	Honey Bitter	Honey Bitter	14	15	0	0	0	0	0	11	3	0	0
SKIP_PAGE	honey-bullet	HONEY×BULLET	HONEY×BULLET	4	1	0	0	0	0	0	0	0	4	0
SKIP_PAGE	honey-meguro-2013	ハニー	ハニー (漫画)	8	2	0	0	0	0	0	0	0	8	0
SKIP_PAGE	honeymoon-salad	ハネムーンサラダ	ハネムーンサラダ	5	5	0	0	0	0	0	0	5	0	0
SKIP_PAGE	honjitsu-no-burger	本日のバーガー	本日のバーガー	18	18	0	0	0	0	0	12	6	0	0
SKIP_PAGE	honoo-no-toukyuuji-dodge-danpei	炎の闘球児ドッジ弾平	炎の闘球児 ドッジ弾平	18	1	0	0	0	0	0	0	0	18	0
SKIP_PAGE	honto-ni-atta-reibai-sensei	ほんとにあった!霊媒先生	ほんとにあった!霊媒先生	20	17	0	15	0	0	0	0	0	5	0
SKIP_PAGE	honto-no-kanojo	ほんとのかのじょ	ほんとのかのじょ	1	1	0	0	0	0	0	0	1	0	0
SKIP_PAGE	honya-no-mori-no-akari	本屋の森のあかり	本屋の森のあかり	12	5	0	5	0	0	0	0	0	7	0
SKIP_PAGE	hope	HOPE	HOPE (漫画)	6	1	0	1	0	0	0	0	0	5	0
SKIP_PAGE	hoshi-no-kirby	星のカービィ	星のカービィ (さくま良子の漫画)	25	21	0	0	0	0	0	0	0	25	0
SKIP_PAGE	hoshi-no-zundakota	星のズンダコタ	星のズンダコタ	2	2	0	0	0	0	0	0	0	2	0
SKIP_PAGE	hoshigahara-aomanjuu-no-mori	星が原あおまんじゅうの森	星が原あおまんじゅうの森	5	5	0	2	0	0	0	3	0	0	0
SKIP_PAGE	hoshii-mono-wa-nandesuka	ほしいものはなんですか?	ほしいものはなんですか?	1	1	0	0	0	0	0	0	1	0	0
SKIP_PAGE	hoshikuzu-terepasu	星屑テレパス	星屑テレパス	6	6	0	0	0	0	0	0	6	0	0
SKIP_PAGE	hot-typhoon	熱烈台風娘	熱烈台風娘	2	2	0	0	0	0	0	1	1	0	0
SKIP_PAGE	hotarubi-no-mori-e	蛍火の杜へ	蛍火の杜へ	1	2	0	0	0	0	0	0	1	0	0
SKIP_PAGE	houchounin-ajihei	包丁人味平	包丁人味平	30	2	0	0	0	0	0	0	0	30	0
SKIP_PAGE	houkago-saikoro-club	放課後さいころ倶楽部	放課後さいころ倶楽部	19	19	0	9	0	0	0	10	0	0	0
SKIP_PAGE	houkago-sensei-to	放課後せんせいと。	放課後せんせいと。	4	4	0	1	0	0	0	3	0	0	0
SKIP_PAGE	houkago-strip	放課後すとりっぷ	放課後すとりっぷ	2	2	0	0	0	0	0	0	2	0	0
SKIP_PAGE	hunter-cats	ハンター・キャッツ	ハンター・キャッツ	5	5	0	1	0	0	0	0	4	0	0
SKIP_PAGE	hunter-hunter	HUNTER×HUNTER	HUNTER×HUNTER	39	69	0	18	0	0	0	20	1	0	0
SKIP_PAGE	hyouketsu-kyoukai-no-eden	氷結鏡界のエデン	氷結鏡界のエデン	4	3	0	3	0	0	0	0	0	1	0
SKIP_PAGE	hyoukyuuhime-tokiwagi-kantoku-no-kajou-na-aijou	氷球姫×常磐木監督の過剰な愛情	氷球姫×常磐木監督の過剰な愛情	7	7	0	1	0	0	0	6	0	0	0
SKIP_PAGE	hyouma-no-hata	兵馬の旗	兵馬の旗	10	1	0	0	0	0	0	0	1	9	0
SKIP_PAGE	hyouryuu-kyoushitsu	漂流教室	漂流教室	17	2	0	0	0	0	0	0	0	7	10
SKIP_PAGE	hyper-police	はいぱーぽりす	はいぱーぽりす	10	3	0	0	0	0	0	0	0	10	0
SKIP_PAGE	i-o-n	イ・オ・ン	イ・オ・ン	2	2	0	1	0	0	0	0	1	0	0
SKIP_PAGE	i-teru-shii	アイテルシー	アイテルシー	3	3	0	0	0	0	0	3	0	0	0
SKIP_PAGE	ib-instant-bullet	ib-インスタントバレット-	Ib インスタントバレット	5	5	0	2	0	0	0	3	0	0	0
SKIP_PAGE	ichabod-no-seikatsu	イハーブの生活	イハーブの生活	3	5	0	2	0	0	0	1	0	0	0
SKIP_PAGE	ichibanbyou	一番病	一番病	1	5	0	0	0	0	0	0	0	1	0
SKIP_PAGE	ichigeki-satchuu-hoihoi-san	一撃殺虫!!ホイホイさん	一撃殺虫!!ホイホイさん	2	2	0	1	0	0	0	1	0	0	0
SKIP_PAGE	ichikei-no-karasu	イチケイのカラス	イチケイのカラス	4	1	0	1	0	0	0	0	0	3	0
SKIP_PAGE	idol-jihen	アイドル事変	アイドル事変	2	2	0	1	0	0	0	1	0	0	0
SKIP_PAGE	idol-master-cinderella-girls-u-149	アイドルマスター シンデレラガールズ U149	アイドルマスター シンデレラガールズ U149	4	5	0	0	0	0	0	0	0	4	0
SKIP_PAGE	iguana-no-musume	イグアナの娘	イグアナの娘	2	3	0	1	0	0	0	0	1	0	0
SKIP_PAGE	ijiwaru-baa-san	いじわるばあさん	いじわるばあさん	6	10	0	0	0	0	0	0	0	6	0
SKIP_PAGE	ike-inachuu-takkyuubu	行け!稲中卓球部	行け!稲中卓球部	21	60	0	8	0	0	0	13	0	0	0
SKIP_PAGE	ikinokore-shachiku-chan	いきのこれ!社畜ちゃん	いきのこれ! 社畜ちゃん	9	12	0	6	0	0	0	3	0	0	0
SKIP_PAGE	ikoku-meiro-no-kurowaaze	異国迷路のクロワーゼ	異国迷路のクロワーゼ	2	6	0	0	0	0	0	1	1	0	0
SKIP_PAGE	illegal-rare	ILLEGAL RARE	ILLEGAL RARE	4	4	0	3	0	0	0	0	1	0	0
SKIP_PAGE	imawa-no-kuni-no-alice	今際の国のアリス	今際の国のアリス	18	23	0	12	0	0	0	2	4	0	0
SKIP_PAGE	ingoku-danchi	淫獄団地	淫獄団地	9	9	0	2	0	0	0	5	2	0	0
SKIP_PAGE	inshuu-densetsu	殷周伝説	殷周伝説	10	7	0	0	0	0	0	0	0	10	0
SKIP_PAGE	inu-mayuge-de-ikou	犬マユゲでいこう	犬マユゲでいこう	2	18	0	0	0	0	0	2	0	0	0
SKIP_PAGE	inu-naki	イヌナキ	イヌナキ	2	2	0	1	0	0	0	1	0	0	0
SKIP_PAGE	ippashiman	いっぱしマン	いっぱしマン	1	2	0	0	0	0	0	1	0	0	0
SKIP_PAGE	ipponbouchoumantarou	一本包丁満太郎	一本包丁満太郎	33	33	0	31	0	0	0	2	0	0	0
SKIP_PAGE	iris-zero	アイリス・ゼロ	アイリス・ゼロ	8	8	0	7	0	0	0	1	0	0	0
SKIP_PAGE	iron-muscle-1969	アイアン・マッスル	アイアンマッスル	1	11	0	0	0	0	0	0	0	1	0
SKIP_PAGE	iron-muscle	アイアンマッスル	アイアンマッスル	5	11	0	0	0	0	0	0	5	0	0
SKIP_PAGE	isekai-anime-koubou	異世界アニメ工房	異世界アニメ工房	3	3	0	0	0	0	0	3	0	0	0
SKIP_PAGE	isekai-de-saikyou-maou-no-kodomotachi-10-nin-no-mama-ni-natchaimashita	異世界で最強魔王の子供達10人のママになっちゃいました。	異世界で最強魔王の子供達10人のママになっちゃいました。	10	10	0	9	0	0	0	1	0	0	0
SKIP_PAGE	isekai-maou-wa-fujoshi-o-zettai-nigasanai	異世界魔王は腐女子を絶対逃がさない	異世界魔王は腐女子を絶対逃がさない	7	7	0	0	0	0	0	3	4	0	0
SKIP_PAGE	isekai-no-toire-de-dai-o-suru	異世界のトイレで大をする。	異世界のトイレで大をする。	3	3	0	0	0	0	0	1	2	0	0
SKIP_PAGE	ishi-no-hana	石の花	石の花 (坂口尚の漫画)	14	22	0	9	0	0	0	0	0	0	5
SKIP_PAGE	ishi-no-kioku	化石の記憶	化石の記憶	5	5	0	3	0	0	0	2	0	0	0
SKIP_PAGE	isshiki-san-wa-koi-o-shiritai	一式さんは恋を知りたい。	一式さんは恋を知りたい。	10	10	0	2	0	0	0	6	2	0	0
SKIP_PAGE	isshokenmei-ni-neyouyo	いっしょにねようよ	いっしょにねようよ	6	6	0	0	0	0	0	0	6	0	0
SKIP_PAGE	isshou-suki-tte-yutta-jan	一生好きってゆったじゃん	一生好きってゆったじゃん	1	1	0	0	0	0	0	0	1	0	0
SKIP_PAGE	it-s-my-life	IT'S MY LIFE	IT'S MY LIFE (漫画)	11	11	0	10	0	0	0	0	0	1	0
SKIP_PAGE	itazura-na-kiss	イタズラなkiss	イタズラなKiss	37	37	0	34	0	0	0	2	1	0	0
SKIP_PAGE	itoko-no-ko	いとこのこ	いとこのこ	6	5	0	0	0	0	0	2	3	1	0
SKIP_PAGE	itoshi-no-ellie	いとしのエリー	いとしのエリー (漫画)	32	60	0	12	0	0	0	18	2	0	0
SKIP_PAGE	itsuka-green-paradise	いつかグリーンパラダイス	いつかグリーンパラダイス	2	2	0	1	0	0	0	1	0	0	0
SKIP_PAGE	itsuka-no-main	いつかのメイン	いつかのメイン	8	1	0	0	0	0	0	1	0	7	0
SKIP_PAGE	itsumo-pocket-ni-chopin	いつもポケットにショパン	いつもポケットにショパン	7	12	0	0	0	0	0	4	3	0	0
SKIP_PAGE	jane	Jane	JANE (漫画)	8	14	0	7	0	0	0	1	0	0	0
SKIP_PAGE	jangle-teacher	JANGLE TEACHER	JANGLE TEACHER	2	2	0	0	0	0	0	2	0	0	0
SKIP_PAGE	jankenpon	ジャン・ケン・ポン	ジャンケンポン	1	2	0	0	0	0	0	0	1	0	0
SKIP_PAGE	jansou-no-saeko-san	雀荘のサエコさん	雀荘のサエコさん	5	2	0	2	0	0	0	0	0	3	0
SKIP_PAGE	jarinko-chie	じゃりン子チエ	じゃりン子チエ	110	67	0	25	0	0	0	0	0	48	37
SKIP_PAGE	jidori-girl	自撮りガール!	自撮りガール!	3	3	0	0	0	0	0	2	1	0	0
SKIP_PAGE	jiga-jiga	ジガ-ZIGA-	ジガ -ZIGA-	2	2	0	0	0	0	0	2	0	0	0
SKIP_PAGE	jigoku-no-girl-friend	地獄のガールフレンド	地獄のガールフレンド	3	3	0	2	0	0	0	1	0	0	0
SKIP_PAGE	jigoku-sensei-nube	地獄先生ぬ～べ～	地獄先生ぬ〜べ〜	51	77	0	44	0	0	0	7	0	0	0
SKIP_PAGE	jigokusei-remina	地・獄・星レミナ	地獄星レミナ	1	1	0	0	0	0	0	0	1	0	0
SKIP_PAGE	jikanya	時間屋	時間屋	1	1	0	0	0	0	0	0	1	0	0
SKIP_PAGE	jinzou-ningen-kikaider	人造人間キカイダー	人造人間キカイダー (漫画)	10	15	0	0	0	0	0	4	6	0	0
SKIP_PAGE	jitensha-ni-notte	自転車にのって…	自転車にのって…	2	2	0	0	0	0	0	0	2	0	0
SKIP_PAGE	jojo-no-kimyouna-bouken	ジョジョの奇妙な冒険	ジョジョの奇妙な冒険	113	224	0	71	0	0	0	2	0	1	39
SKIP_PAGE	jormungand	ヨルムンガンド	ヨルムンガンド (漫画)	11	2	0	0	0	0	0	1	0	10	0
SKIP_PAGE	josei-otoko	女声男子	女声男子	5	3	0	3	0	0	0	0	0	2	0
SKIP_PAGE	joshi-no-seifuku	ジョシの制服	ジョシの制服	1	1	0	0	0	0	0	0	1	0	0
SKIP_PAGE	joshikousei-no-mudazukai	女子高生の無駄づかい	女子高生の無駄づかい	16	16	0	7	0	0	0	6	3	0	0
SKIP_PAGE	joshiraku	じょしらく	じょしらく	6	2	0	0	0	0	0	0	0	6	0
SKIP_PAGE	joshiryoku-koujou-katsudou-kiroku	女子力向上カツドウキロク	女子力向上カツドウキロク	2	2	0	0	0	0	0	2	0	0	0
SKIP_PAGE	joukamachi-no-dandelion	城下町のダンデライオン	城下町のダンデライオン	8	10	0	0	0	0	0	0	8	0	0
SKIP_PAGE	judas	JUDAS	JUDAS	5	8	0	3	0	0	0	0	2	0	0
SKIP_PAGE	jujutsu-kaisen	呪術廻戦	呪術廻戦	30	39	0	0	0	0	0	28	2	0	0
SKIP_PAGE	jukujuku	じゅくじゅく	じゅくじゅく	1	1	0	0	0	0	0	0	1	0	0
SKIP_PAGE	juma-densetsu	樹魔・伝説	樹魔・伝説	2	2	0	1	0	0	0	0	1	0	0
SKIP_PAGE	jun-ishinomori-2003	ジュン	ジュン (漫画)	6	9	0	1	0	0	0	3	2	0	0
SKIP_PAGE	junai-station	純愛ステーション	純愛ステーション	2	1	0	1	0	0	0	0	0	1	0
SKIP_PAGE	jungle-no-tar-taa-chan	ジャングルの王者ターちゃん❤	ジャングルの王者ターちゃん	10	27	0	5	0	0	0	2	0	3	0
SKIP_PAGE	juuki-ningen-jumbor	重機人間ユンボル	重機人間ユンボル	1	9	0	0	0	0	0	0	1	0	0
SKIP_PAGE	juukikouhei-zenon	重機甲兵ゼノン	重機甲兵ゼノン	4	1	0	0	0	0	0	0	1	3	0
SKIP_PAGE	juuni-hisoku-no-palette	十二秘色のパレット	十二秘色のパレット	6	6	0	0	0	0	0	0	6	0	0
SKIP_PAGE	juuoku-shoujo	￥十億少女	¥十億少女	15	15	0	5	0	0	0	10	0	0	0
SKIP_PAGE	juuousei	獣王星	獣王星	8	1	0	0	0	0	0	0	0	8	0
SKIP_PAGE	kabocha-to-mayonnaise	南瓜とマヨネーズ	南瓜とマヨネーズ	1	1	0	0	0	0	0	0	0	1	0
SKIP_PAGE	kabushiki-kaisha-rabu-kotton	株式会社ラブコットン	株式会社ラブコットン	6	6	0	0	0	0	0	0	6	0	0
SKIP_PAGE	kachou-baka-ichidai	課長バカ一代	課長バカ一代	10	7	0	7	0	0	0	0	0	3	0
SKIP_PAGE	kaettekita-kudasai-akutsu-san	帰ってください!阿久津さん	帰ってください! 阿久津さん	11	11	0	4	0	0	0	5	2	0	0
SKIP_PAGE	kafun-banashi	かふん昔ばなし	かふん昔ばなし	1	3	0	0	0	0	0	1	0	0	0
SKIP_PAGE	kagemusha-tokugawa-ieyasu	影武者徳川家康	影武者徳川家康	11	5	0	0	0	0	0	0	0	6	5
SKIP_PAGE	kagen-no-tsuki	下弦の月	下弦の月 (漫画)	5	7	0	3	0	0	0	1	0	1	0
SKIP_PAGE	kagihime-monogatari-eikyuu-alice-rondo	鍵姫物語永久アリス輪舞曲	鍵姫物語 永久アリス輪舞曲	4	4	0	0	0	0	0	0	4	0	0
SKIP_PAGE	kagurabachi	カグラバチ	カグラバチ	12	11	0	0	0	0	0	6	5	1	0
SKIP_PAGE	kaguyahime	輝夜姫	輝夜姫	41	14	0	0	0	0	0	12	0	29	0
SKIP_PAGE	kaibutsu-joou	怪物王女	怪物王女	20	23	0	14	0	0	0	1	0	5	0
SKIP_PAGE	kaibutsu-kun	怪物くん	怪物くん	13	3	0	0	0	0	0	0	0	13	0
SKIP_PAGE	kaidan-tochuu-no-big-noise	階段途中のビッグ・ノイズ	階段途中のビッグ・ノイズ	4	5	0	2	0	0	0	1	0	1	0
SKIP_PAGE	kaigekinokinato	回撃のキナト	回撃のキナト	2	2	0	1	0	0	0	0	0	1	0
SKIP_PAGE	kaijuu-buusuka	快獣ブースカ	快獣ブースカ	1	3	0	0	0	0	0	0	0	1	0
SKIP_PAGE	kaijuuiro-no-shima	かいじゅう色の島	かいじゅう色の島	2	2	0	1	0	0	0	1	0	0	0
SKIP_PAGE	kaikan-fureezu	快感・フレーズ	快感・フレーズ	23	39	0	11	0	0	0	0	6	6	0
SKIP_PAGE	kaiketsu-jouki-tanteidan	快傑蒸気探偵団	快傑蒸気探偵団	16	4	0	0	0	0	0	0	0	16	0
SKIP_PAGE	kaiki-hanga-otoko	怪奇版画男	怪奇版画男	2	2	0	0	0	0	0	1	0	1	0
SKIP_PAGE	kaiki-nekomusume	怪奇猫娘	怪奇猫娘	1	2	0	0	0	0	0	1	0	0	0
SKIP_PAGE	kaiou-dante	海王ダンテ	海王ダンテ	13	13	0	8	0	0	0	0	0	5	0
SKIP_PAGE	kaitei-jinrui-anchobii	海底人類アンチョビー	海底人類アンチョビー	4	1	0	1	0	0	0	0	0	3	0
SKIP_PAGE	kaitei	海帝	海帝	9	9	0	0	0	0	0	1	8	0	0
SKIP_PAGE	kaitou-saint-tail	怪盗セイント・テール	怪盗セイント・テール	11	3	0	3	0	0	0	0	0	8	0
SKIP_PAGE	kaiun-kifujin-madame-purple	開運貴婦人マダム・パープル	開運貴婦人 マダム・パープル	1	1	0	0	0	0	0	1	0	0	0
SKIP_PAGE	kaji-ryuusuke-no-gi	加治隆介の議	加治隆介の議	30	20	0	0	0	0	0	18	1	11	0
SKIP_PAGE	kako-to-nise-tantei	カコとニセ探偵	カコとニセ探偵	4	4	0	0	0	0	0	4	0	0	0
SKIP_PAGE	kakuriyo-monogatari	かくりよものがたり	かくりよものがたり	8	8	0	5	0	0	0	3	0	0	0
SKIP_PAGE	kakushigoto	かくしごと	かくしごと	12	11	0	10	0	0	0	1	0	1	0
SKIP_PAGE	kamakiri-onna	カマキリ女	カマキリ女	2	1	0	0	0	0	0	1	0	1	0
SKIP_PAGE	kamakura-keshiya-yamiemaki	鎌倉けしや闇絵巻	鎌倉けしや闇絵巻	7	7	0	5	0	0	0	2	0	0	0
SKIP_PAGE	kamen-rider-amazon	仮面ライダーアマゾン	仮面ライダーアマゾン (漫画)	1	2	0	0	0	0	0	0	0	1	0
SKIP_PAGE	kami-no-chikara	神のちから	神のちから	1	1	0	0	0	0	0	0	1	0	0
SKIP_PAGE	kami-nomizo-shiru-sekai	神のみぞ知るセカイ	神のみぞ知るセカイ	26	5	0	0	0	0	0	0	0	26	0
SKIP_PAGE	kami-sama-hajimemashita	神様はじめました	神様はじめました	25	5	0	0	0	0	0	0	0	25	0
SKIP_PAGE	kami-sama-no-hanari	神様のハナリ	神様のハナリ	3	3	0	0	0	0	0	3	0	0	0
SKIP_PAGE	kami-sama-no-iutoori-2005	かみさまのいうとおり!	かみさまのいうとおり!	9	1	0	0	0	0	0	0	0	9	0
SKIP_PAGE	kami-sama-no-kodomotachi	神様のこどもたち	神様のこどもたち	1	1	0	0	0	0	0	0	1	0	0
SKIP_PAGE	kami-to-yobareta-kyuuketsuki	神とよばれた吸血鬼	神とよばれた吸血鬼	6	1	0	1	0	0	0	0	0	5	0
SKIP_PAGE	kamikami-kaeshi	かみかみかえし	かみかみかえし	8	1	0	1	0	0	0	0	0	7	0
SKIP_PAGE	kamisen	かみせん。	かみせん。	5	5	0	0	0	0	0	5	0	0	0
SKIP_PAGE	kanamemo	かなめも	かなめも	6	7	0	0	0	0	0	0	6	0	0
SKIP_PAGE	kanata-seven-change	新世紀アイドル伝説 彼方セブンチェンジ	新世紀アイドル伝説 彼方セブンチェンジ	1	1	0	0	0	0	0	0	1	0	0
SKIP_PAGE	kankanbashi-o-watatte	かんかん橋をわたって	かんかん橋をわたって	1	1	0	0	0	0	0	1	0	0	0
SKIP_PAGE	kannazuki-no-miko	神無月の巫女	神無月の巫女	2	5	0	1	0	0	0	1	0	0	0
SKIP_PAGE	kannin-akane	かん忍!!茜	かん忍!!茜	4	6	0	3	0	0	0	0	1	0	0
SKIP_PAGE	kanojo-to-kisu-suru-50-yuu-no-houhou	彼女とキスする50の方法	彼女とキスする50の方法	4	3	0	3	0	0	0	0	0	1	0
SKIP_PAGE	kanojo-wa-uso-o-aishisugiteru	カノジョは嘘を愛しすぎてる	カノジョは嘘を愛しすぎてる	22	2	0	0	0	0	0	0	0	22	0
SKIP_PAGE	kansatsui-asagao	監察医朝顔	監察医 朝顔	7	4	0	0	0	0	0	0	0	7	0
SKIP_PAGE	kaori-warning	カオリわーにんぐ!	カオリわーにんぐ!	3	3	0	0	0	0	0	3	0	0	0
SKIP_PAGE	kappa-no-sanpei	河童の三平	河童の三平	14	16	0	0	0	0	0	1	1	11	1
SKIP_PAGE	kappa-sen-ichiya	河童千一夜	河童千一夜	2	7	0	0	0	0	0	1	0	1	0
SKIP_PAGE	karada-sagashi	カラダ探し	カラダ探し	17	50	0	16	0	0	0	0	0	1	0
SKIP_PAGE	karakuri-douji-uruteimo	機巧童子ULTIMO	機巧童子ULTIMO	12	12	0	11	0	0	0	1	0	0	0
SKIP_PAGE	karakurizoushi-ayatsuri-sakon	人形草紙あやつり左近	人形草紙あやつり左近	7	1	0	0	0	0	0	0	0	7	0
SKIP_PAGE	karamizakari	カラミざかり	カラミざかり	8	13	0	7	0	0	0	1	0	0	0
SKIP_PAGE	kare-to-kanojo-no-sentaku	カレとカノジョの選択	カレとカノジョの選択	5	5	0	3	0	0	0	2	0	0	0
SKIP_PAGE	karei-naru-shokutaku	華麗なる食卓	華麗なる食卓	49	2	0	0	0	0	0	0	0	49	0
SKIP_PAGE	kareshi-tte-doko-ni-ittara-kaemasuno	彼氏ってどこに行ったら買えますの!?	彼氏ってどこに行ったら買えますの!?	4	4	0	0	0	0	0	0	4	0	0
SKIP_PAGE	karin-kagesaki-2003	かりん	かりん (漫画)	14	29	0	12	0	0	0	0	2	0	0
SKIP_PAGE	karin	火輪	火輪	25	25	0	17	0	0	0	8	0	0	0
SKIP_PAGE	karura-mau	カルラ舞う!	カルラ舞う!	26	37	0	0	0	0	0	2	0	6	18
SKIP_PAGE	kasei-yakiyoku	華星夜曲	華星夜曲	2	9	0	1	0	0	0	0	1	0	0
SKIP_PAGE	kashikoiken-ririentaaru	賢い犬リリエンタール	賢い犬リリエンタール	4	4	0	0	0	0	0	0	4	0	0
SKIP_PAGE	kataribe-2018	カタリベ	カタリベ	1	2	0	0	0	0	0	0	0	1	0
SKIP_PAGE	katekin	カテキン	カテキン (漫画)	10	2	0	2	0	0	0	0	0	8	0
SKIP_PAGE	katekyoo-hitman-reborn	家庭教師ヒットマンREBORN!	家庭教師ヒットマンREBORN!	63	50	0	39	0	0	0	2	0	22	0
SKIP_PAGE	katsu-fuutarou	喝風太郎!!	喝 風太郎!!	5	4	0	2	0	0	0	1	1	1	0
SKIP_PAGE	katte-ni-kaizou	かってに改蔵	かってに改蔵	26	1	0	0	0	0	0	0	0	26	0
SKIP_PAGE	kawauso-no-jitenshaya-san	かわうその自転車屋さん	かわうその自転車屋さん	10	18	0	0	0	0	0	9	1	0	0
SKIP_PAGE	kaze-densetsu-bukkomi-no-taku	疾風伝説特攻の拓	疾風伝説 特攻の拓	34	148	0	7	0	0	0	27	0	0	0
SKIP_PAGE	kaze-ga-gotoku	風が如く	風が如く	8	8	0	0	0	0	0	0	8	0	0
SKIP_PAGE	kaze-no-jin	風の陣	風の陣	6	2	0	2	0	0	0	0	0	4	0
SKIP_PAGE	kaze-no-tani-no-naushika	風の谷のナウシカ	風の谷のナウシカ	9	5	0	0	0	0	0	0	0	9	0
SKIP_PAGE	kazoku-no-sorekara	家族のそれから	家族のそれから	1	1	0	0	0	0	0	1	0	0	0
SKIP_PAGE	kazokuna-hitobito	華族な人々	華族な人々	2	1	0	1	0	0	0	0	0	1	0
SKIP_PAGE	keion	けいおん!	けいおん!	4	2	0	0	0	0	0	0	0	4	0
SKIP_PAGE	keisatsu-no-onii-san	けいさつのおにーさん	けいさつのおにーさん	6	6	0	0	0	0	0	6	0	0	0
SKIP_PAGE	kekkai-sensen	血界戦線	血界戦線	10	1	0	0	0	0	0	0	0	10	0
SKIP_PAGE	kekkonshiyouyo	結婚しようよ	結婚しようよ (星里もちるの漫画)	6	3	0	0	0	0	0	0	3	3	0
SKIP_PAGE	kemonomichi	けものみち	けものみち (漫画)	14	14	0	9	0	0	0	5	0	0	0
SKIP_PAGE	kenka-shoubai	喧嘩商売	喧嘩商売	24	49	0	22	0	0	0	1	1	0	0
SKIP_PAGE	keppeki-otoko-aoyama-kun	潔癖男子!青山くん	潔癖男子!青山くん	13	13	0	0	0	0	0	13	0	0	0
SKIP_PAGE	kichikujima	鬼畜島	鬼畜島	24	48	0	23	0	0	0	1	0	0	0
SKIP_PAGE	kidou-senshi-gundam-eight	機動戦士ガンダムエイト	機動戦士ガンダムエイト	3	2	0	0	0	0	0	0	2	1	0
SKIP_PAGE	kieta-hatsukoi	消えた初恋	消えた初恋	9	11	0	8	0	0	0	1	0	0	0
SKIP_PAGE	kigyou-suit-yamazaki	企業戦士Yamazaki	企業戦士YAMAZAKI	12	12	0	0	0	0	0	11	1	0	0
SKIP_PAGE	kiken-ga-walking	危険がウォーキング	危険がウォーキング	4	4	0	1	0	0	0	0	2	1	0
SKIP_PAGE	kikkai-kun	キッカイくん	キッカイくん	7	10	0	2	0	0	0	2	3	0	0
SKIP_PAGE	kiko-chan-smile	きこちゃんすまいる	きこちゃんすまいる	5	8	0	0	0	0	0	5	0	0	0
SKIP_PAGE	kimagure-joushaken	きまぐれ乗車券	きまぐれ乗車券	1	1	0	0	0	0	0	0	0	1	0
SKIP_PAGE	kimetsu-no-yaiba	鬼滅の刃	鬼滅の刃	23	28	0	0	0	0	0	0	0	23	0
SKIP_PAGE	kimi-no-neiro	キミノネイロ	キミノネイロ	4	2	0	2	0	0	0	0	0	2	0
SKIP_PAGE	kimi-o-aisuru-ki-wa-nai-to-itta-jiki-koushaku-sama-ga-naze-dekiai-shite-kimasu	「きみを愛する気はない」と言った次期公爵様がなぜか溺愛してきます	「きみを愛する気はない」と言った次期公爵様がなぜか溺愛してきます	5	8	0	0	0	0	0	4	1	0	0
SKIP_PAGE	kimi-shika-iranai	君しかいらない	君しかいらない	3	3	0	0	0	0	0	1	2	0	0
SKIP_PAGE	kimi-to-itsumademo	君といつまでも	君といつまでも (漫画)	1	1	0	0	0	0	0	1	0	0	0
SKIP_PAGE	kimi-to-koko-kara	キミとここから!	キミとここから!	1	1	0	0	0	0	0	0	1	0	0
SKIP_PAGE	kimi-to-tsuzuru-utakata	君と綴るうたかた	君と綴るうたかた	6	6	0	0	0	0	0	0	5	1	0
SKIP_PAGE	kimi-wa-pet	きみはペット	きみはペット	14	15	0	5	0	0	0	9	0	0	0
SKIP_PAGE	kimyouna-kajitsutachi	奇妙な果実達	奇妙な果実達	1	1	0	0	0	0	0	1	0	0	0
SKIP_PAGE	king-of-bandit-jing	KING OF BANDIT JING	KING OF BANDIT JING	7	7	0	4	0	0	0	3	0	0	0
SKIP_PAGE	kinkyori-love	近キョリ恋愛	近キョリ恋愛	10	2	0	2	0	0	0	0	0	8	0
SKIP_PAGE	kinniku-man-nisei	キン肉マンⅡ世	キン肉マンII世	50	5	0	0	0	0	0	0	0	50	0
SKIP_PAGE	kinpika	きんぴか	きんぴか	6	17	0	0	0	0	0	6	0	0	0
SKIP_PAGE	kinyoubi-no-baka-meshi-senpai	金曜日のバカ飯先輩	金曜日のバカ飯先輩	2	2	0	0	0	0	0	2	0	0	0
SKIP_PAGE	kioku-senmei	記憶鮮明	記憶鮮明	2	3	0	0	0	0	0	2	0	0	0
SKIP_PAGE	kirakira-hikaru	きらきらひかる	きらきらひかる (漫画)	21	22	0	0	0	0	0	13	0	8	0
SKIP_PAGE	kiriwo-terrible	キリヲテリブレ	キリヲテリブレ	4	4	0	2	0	0	0	0	2	0	0
SKIP_PAGE	kiruto-takahashi-2005	キルト	キルト (漫画)	2	5	0	0	0	0	0	0	0	2	0
SKIP_PAGE	kiseijuu	寄生獣	寄生獣	18	41	0	6	0	0	0	12	0	0	0
SKIP_PAGE	kishiwada-hakase-no-kagakuteki-aijou	岸和田博士の科学的愛情	岸和田博士の科学的愛情	12	12	0	11	0	0	0	1	0	0	0
SKIP_PAGE	kiss-and-never-cry	キス＆ネバークライ	キス&ネバークライ	11	3	0	3	0	0	0	0	0	8	0
SKIP_PAGE	kiss-de-fusaide-barenaide	キスでふさいで、バレないで。	キスでふさいで、バレないで。	4	4	0	0	0	0	0	3	1	0	0
SKIP_PAGE	kiss-yori-mo-hayaku	キスよりも早く	キスよりも早く	18	1	0	1	0	0	0	0	0	17	0
SKIP_PAGE	kissa-anemone	喫茶アネモネ	喫茶アネモネ	3	2	0	0	0	0	0	2	0	1	0
SKIP_PAGE	kitanai-kimi-ga-ichiban-kawaii	きたない君がいちばんかわいい	きたない君がいちばんかわいい	5	5	0	0	0	0	0	0	5	0	0
SKIP_PAGE	kitanai-yatsu	汚い奴	汚い奴	2	2	0	1	0	0	0	0	0	1	0
SKIP_PAGE	kitchen-no-ohime-sama	キッチンのお姫さま	キッチンのお姫さま	10	11	0	5	0	0	0	5	0	0	0
SKIP_PAGE	kitte-keiji	キッテデカ	キッテデカ	2	2	0	0	0	0	0	0	2	0	0
SKIP_PAGE	kiyoki-ippyou-onegaishimasu	清き一票お願いします!!	清き一票お願いします!!	1	1	0	0	0	0	0	0	1	0	0
SKIP_PAGE	knights	1001	1001 (漫画)	10	3	0	2	0	0	0	1	0	7	0
SKIP_PAGE	knitter-s-high	ニッターズハイ!	ニッターズハイ!	7	7	0	1	0	0	0	4	2	0	0
SKIP_PAGE	kobayashisanchi-no-meidoragon	小林さんちのメイドラゴン	小林さんちのメイドラゴン	20	3	0	0	0	0	0	0	0	20	0
SKIP_PAGE	kocchi-muite-love	こっちむいてラブ!	こっちむいてラブ!	4	4	0	3	0	0	0	0	1	0	0
SKIP_PAGE	kocchi-muite-miiko	こっちむいて!みい子	こっちむいて!みい子	40	7	0	0	0	0	0	0	0	40	0
SKIP_PAGE	kochira-saitama-yamanoue-daigaku-bokushingubu	こちら埼玉 山の上大学ボクシング部	こちら埼玉山の上大学ボクシング部	7	6	0	4	0	0	0	1	1	1	0
SKIP_PAGE	koe-ga-dasenai-shoujo-wa-kanojo-ga-yasashisugiru-to-omotte-iru	声がだせない少女は「彼女が優しすぎる」と思っている	声がだせない少女は「彼女が優しすぎる」と思っている	13	12	0	11	0	0	0	1	0	1	0
SKIP_PAGE	koharu-hiyori-mizuki-2004	こはるびより	こはるびより	7	7	0	3	0	0	0	0	4	0	0
SKIP_PAGE	koi-ga-heta-demo-ikitemasu	恋がヘタでも生きてます	恋がヘタでも生きてます	4	4	0	2	0	0	0	2	0	0	0
SKIP_PAGE	koi-no-kotoba	こいのことば	こいのことば	1	1	0	0	0	0	0	1	0	0	0
SKIP_PAGE	koi-no-tsuki	恋のツキ	恋のツキ	7	6	0	5	0	0	0	1	0	1	0
SKIP_PAGE	koi-to-kokkai	恋と国会	恋と国会	1	1	0	0	0	0	0	0	1	0	0
SKIP_PAGE	koi-to-uso	恋と嘘	恋と嘘	12	13	0	11	0	0	0	0	1	0	0
SKIP_PAGE	koi-wa-ameagari-no-you-ni	恋は雨上がりのように	恋は雨上がりのように	10	16	0	0	0	0	0	9	1	0	0
SKIP_PAGE	koi-wa-hikari	恋は光	恋は光	7	7	0	0	0	0	0	7	0	0	0
SKIP_PAGE	koi-wa-tsuzukuyo-dokomademo	恋はつづくよどこまでも	恋はつづくよどこまでも	7	2	0	1	0	0	0	1	0	5	0
SKIP_PAGE	koibana-onsen	恋花温泉	恋花温泉	9	1	0	0	0	0	0	0	0	9	0
SKIP_PAGE	koibito-ijou-yome-miman	恋人以上❤嫁未満	恋人以上・嫁未満	4	3	0	0	0	0	0	0	3	1	0
SKIP_PAGE	koibumi-hiyori	恋文日和	恋文日和	3	5	0	0	0	0	0	0	3	0	0
SKIP_PAGE	koikaze	恋風	恋風	5	3	0	0	0	0	0	3	0	2	0
SKIP_PAGE	koikina-yatsura	こいきな奴ら	こいきな奴ら	3	5	0	1	0	0	0	0	2	0	0
SKIP_PAGE	koisuru-shirokuma	恋するシロクマ	恋するシロクマ	5	5	0	4	0	0	0	0	0	1	0
SKIP_PAGE	kojikoji	コジコジ	コジコジ	3	3	0	0	0	0	0	0	0	3	0
SKIP_PAGE	kojinsa-arimasu	個人差あり〼	個人差あり〼	6	1	0	1	0	0	0	0	0	5	0
SKIP_PAGE	kojirase-hyakki-domainaa	こじらせ百鬼ドマイナー	こじらせ百鬼ドマイナー	5	5	0	0	0	0	0	5	0	0	0
SKIP_PAGE	kokaku-torimonochou	胡鶴捕物帳	胡鶴捕物帳	8	8	0	0	0	0	0	8	0	0	0
SKIP_PAGE	kokeka-kiikii	コケカキイキイ	コケカキイキイ	2	4	0	1	0	0	0	0	0	1	0
SKIP_PAGE	kokka-no-neko-murayama	国家の猫ムラヤマ	国家の猫ムラヤマ	2	3	0	0	0	0	0	0	2	0	0
SKIP_PAGE	kokkuri-san-ga-tooru	コックリさんが通る	コックリさんが通る	5	5	0	4	0	0	0	0	1	0	0
SKIP_PAGE	kokurikozaka-kara	コクリコ坂から	コクリコ坂から	1	7	0	0	0	0	0	0	1	0	0
SKIP_PAGE	kokushi-no-shima	黒祠の島	黒祠の島	5	6	0	3	0	0	0	0	0	2	0
SKIP_PAGE	koma-hibiki	駒ひびき	駒ひびき	3	3	0	2	0	0	0	1	0	0	0
SKIP_PAGE	koma-mitama	こまみたま	こまみたま	1	1	0	0	0	0	0	0	1	0	0
SKIP_PAGE	komorebi-no-moto-de	こもれ陽の下で…	こもれ陽の下で…	3	7	0	0	0	0	0	3	0	0	0
SKIP_PAGE	komori-san-wa-kotowarenai	小森さんは断れない!	小森さんは断れない!	13	13	0	0	0	0	0	12	1	0	0
SKIP_PAGE	konguru-good	コングルGood	コングルGood	3	5	0	0	0	0	0	3	0	0	0
SKIP_PAGE	konjiki-mosaic	きんいろモザイク	きんいろモザイク	11	8	0	0	0	0	0	0	0	11	0
SKIP_PAGE	kono-bijutsubu-niwa-mondai-ga-aru	この美術部には問題がある!	この美術部には問題がある!	15	15	0	13	0	0	0	2	0	0	0
SKIP_PAGE	kono-koi-wa-kore-ijou-kirei-ni-naranai	この恋はこれ以上綺麗にならない。	この恋はこれ以上綺麗にならない。	4	4	0	1	0	0	0	3	0	0	0
SKIP_PAGE	kono-oto-tomare	この音とまれ!	この音とまれ!	34	34	0	14	0	0	0	18	2	0	0
SKIP_PAGE	kono-shima-niwa-midara-de-jaaku-na-mono-ga-sumu	この島には淫らで邪悪なモノが棲む	この島には淫らで邪悪なモノが棲む	9	9	0	6	0	0	0	3	0	0	0
SKIP_PAGE	kono-yuusha-ga-ore-tsuee-kuse-ni-shinchou-sugiru	この勇者が俺TUEEEくせに慎重すぎる	この勇者が俺TUEEEくせに慎重すぎる	6	13	0	4	0	0	0	2	0	0	0
SKIP_PAGE	konpeitou-darling	こんぺいとうダーリン♪	こんぺいとうダーリン♪	1	1	0	0	0	0	0	0	1	0	0
SKIP_PAGE	kootaroo-makaritooru	コータローまかりとおる!	コータローまかりとおる!	75	8	0	0	0	0	0	0	0	75	0
SKIP_PAGE	kootetsu-no-hana	凍鉄の花	凍鉄の花	1	1	0	0	0	0	0	0	1	0	0
SKIP_PAGE	kore-kaite-shine	これ描いて死ね	これ描いて死ね	10	10	0	0	0	0	0	6	4	0	0
SKIP_PAGE	korokoro-soukan-densetsu	コロコロ創刊伝説	コロコロ創刊伝説	7	8	0	1	0	0	0	5	0	1	0
SKIP_PAGE	koropokkuru-no-makura	コロポックルの枕	コロポックルの枕	1	7	0	0	0	0	0	0	0	1	0
SKIP_PAGE	kotetsu-no-daibouken	小鉄の大冒険	小鉄の大冒険	8	10	0	0	0	0	0	0	8	0	0
SKIP_PAGE	kottou-anaroguya	骨董あなろ具屋	骨董あなろ具屋	2	1	0	0	0	0	0	0	1	1	0
SKIP_PAGE	koubai-no-hana	光媒の花	光媒の花	3	1	0	1	0	0	0	0	0	2	0
SKIP_PAGE	koufukuya	幸福屋	幸福屋	2	2	0	0	0	0	0	0	2	0	0
SKIP_PAGE	koukenryoku-ouryou-sousakan-nakabou-rintarou	公権力横領捜査官中坊林太郎	公権力横領捜査官 中坊林太郎	3	4	0	0	0	0	0	2	0	1	0
SKIP_PAGE	koukidou-mushoku-niitenberugu	高機動無職ニーテンベルグ	高機動無職ニーテンベルグ	5	5	0	3	0	0	0	2	0	0	0
SKIP_PAGE	koukou-no-nichijou	高校の日常	高校の日常	4	4	0	3	0	0	0	1	0	0	0
SKIP_PAGE	koukousei-kazoku	高校生家族	高校生家族	11	11	0	0	0	0	0	11	0	0	0
SKIP_PAGE	kousha-no-ura-niwa-tenshi-ga-umerareteiru	校舎のうらには天使が埋められている	校舎のうらには天使が埋められている	7	7	0	6	0	0	0	1	0	0	0
SKIP_PAGE	koutetsu-no-kariudo	鋼鉄の狩人	鋼鉄の狩人	1	2	0	0	0	0	0	0	1	0	0
SKIP_PAGE	kouya-no-gourmet	荒野のグルメ	荒野のグルメ	3	4	0	0	0	0	0	0	0	3	0
SKIP_PAGE	kouya-no-tenshi-domo	荒野の天使ども	荒野の天使ども	5	5	0	0	0	0	0	1	1	3	0
SKIP_PAGE	kudokiya-joe	くどき屋ジョー	くどき屋ジョー	4	6	0	0	0	0	0	0	4	0	0
SKIP_PAGE	kujira-damashii	鯨魂	鯨魂	10	10	0	0	0	0	0	10	0	0	0
SKIP_PAGE	kunoichi-no-ichi	クノイチノイチ!	クノイチノイチ!	5	10	0	0	0	0	0	5	0	0	0
SKIP_PAGE	kunoichi-tsubaki-no-mune-no-uchi	くノ一ツバキの胸の内	くノ一ツバキの胸の内	9	8	0	7	0	0	0	1	0	1	0
SKIP_PAGE	kupido-no-itazura	クピドの悪戯	クピドの悪戯	7	33	0	0	0	0	0	0	7	0	0
SKIP_PAGE	kurayami-o-buttobase	暗闇をぶっとばせ!	暗闇をぶっとばせ!	2	2	0	0	0	0	0	2	0	0	0
SKIP_PAGE	kureyon-shin-chan	クレヨンしんちゃん	クレヨンしんちゃん	75	1	0	0	0	0	0	0	0	75	0
SKIP_PAGE	kuro-no-monmongumi	黒のもんもん組	黒のもんもん組	4	9	0	0	0	0	0	3	1	0	0
SKIP_PAGE	kuro-no-rondo	黒の輪舞	黒の輪舞	1	2	0	0	0	0	0	1	0	0	0
SKIP_PAGE	kuro	黒	黒 (漫画)	6	3	0	2	0	0	0	1	0	3	0
SKIP_PAGE	kuroageha	くろアゲハ	くろアゲハ	20	20	0	19	0	0	0	1	0	0	0
SKIP_PAGE	kurogane-communication	鉄コミュニケイション	鉄コミュニケイション	3	1	0	0	0	0	0	0	0	3	0
SKIP_PAGE	kurogyaru-ni-natta-kara-shinyuu-to-yatte-mita	黒ギャルになったから親友とヤってみた。	黒ギャルになったから親友とヤってみた。	3	4	0	1	0	0	0	2	0	0	0
SKIP_PAGE	kuroi-ooya-san	黒い大家さん	黒い大家さん	2	1	0	1	0	0	0	0	0	1	0
SKIP_PAGE	kuroi-taiyou	黒い太陽	黒い太陽	5	2	0	0	0	0	0	0	0	5	0
SKIP_PAGE	kurokan	クロカン	クロカン (漫画)	45	18	0	0	0	0	0	18	0	27	0
SKIP_PAGE	kuroko-no-basket	黒子のバスケ	黒子のバスケ	30	24	0	0	0	0	0	0	0	30	0
SKIP_PAGE	kurotsuta-yashiki-no-himegoto	黒蔦屋敷の秘めごと	黒蔦屋敷の秘めごと	3	3	0	1	0	0	0	2	0	0	0
SKIP_PAGE	kurumi-to-shichinin-no-kobito-tachi	くるみと七人のこびとたち	くるみと七人のこびとたち	5	2	0	2	0	0	0	0	0	3	0
SKIP_PAGE	kuruneko	くるねこ	くるねこ	20	48	0	2	0	0	0	7	1	1	9
SKIP_PAGE	kusatta-kyoushi-no-houteishiki	腐った教師の方程式	腐った教師の方程式	15	15	0	5	0	0	0	10	0	0	0
SKIP_PAGE	kuuki-no-soko	空気の底	空気の底	3	1	0	0	0	0	0	0	0	3	0
SKIP_PAGE	kuusou-kagaku-taisen	空想科学大戦	空想科学大戦!	8	5	0	0	0	0	0	3	1	4	0
SKIP_PAGE	kyojintachinodensetsu	巨人たちの伝説	巨人たちの伝説	2	3	0	1	0	0	0	0	0	1	0
SKIP_PAGE	kyou-no-5-no-2	今日の5の2	今日の5の2	1	1	0	0	0	0	0	0	0	1	0
SKIP_PAGE	kyoukai-no-nai-sekai	境界のないセカイ	境界のないセカイ	3	4	0	2	0	0	0	1	0	0	0
SKIP_PAGE	kyoukaku-1993	侠客	侠客 (たがみよしひさの漫画)	2	2	0	0	0	0	0	2	0	0	0
SKIP_PAGE	kyoushoku-soukou-guyver	強殖装甲ガイバー	強殖装甲ガイバー	32	15	0	0	0	0	0	0	0	32	0
SKIP_PAGE	kyuuiidii-hyakunin-isshu-no-shu	QED 百人一首の呪	QED 百人一首の呪	2	2	0	0	0	0	0	0	0	2	0
SKIP_PAGE	kyuuketsuki-chan-kouhai-chan	吸血鬼ちゃん×後輩ちゃん	吸血鬼ちゃん×後輩ちゃん	4	4	0	2	0	0	0	2	0	0	0
SKIP_PAGE	kyuukyoku-hentai-kamen	究極!!変態仮面	究極!!変態仮面	6	15	0	0	0	0	0	1	5	0	0
SKIP_PAGE	kyuukyuu-kyuuto	きゅーきゅーキュート!	きゅーきゅーキュート!	3	20	0	0	0	0	0	3	0	0	0
SKIP_PAGE	kyuuso-wa-cheese-no-yume-o-miru	窮鼠はチーズの夢を見る	窮鼠はチーズの夢を見る	1	6	0	0	0	0	0	1	0	0	0
SKIP_PAGE	lady-oldman	レディ＆オールドマン	レディ&オールドマン	8	8	0	0	0	0	0	8	0	0	0
SKIP_PAGE	leo-the-gold	LEO the GOLD	LEO the GOLD	2	2	0	0	0	0	0	0	2	0	0
SKIP_PAGE	leo-to-mikazuki	レオと三日月	レオと三日月	8	7	0	7	0	0	0	0	0	1	0
SKIP_PAGE	leon	レオン	レオン (漫画)	2	2	0	0	0	0	0	2	0	0	0
SKIP_PAGE	level-e	レベルE	レベルE	5	1	0	0	0	0	0	0	0	5	0
SKIP_PAGE	liar-liar-kindaichi-2010	ライアー×ライアー	ライアー×ライアー	10	5	0	3	0	0	0	0	0	7	0
SKIP_PAGE	liar	liar	Liar (漫画)	9	10	0	8	0	0	0	1	0	0	0
SKIP_PAGE	libero-no-takeda	超機動暴発蹴球野郎リベロの武田	超機動暴発蹴球野郎 リベロの武田	9	10	0	0	0	0	0	0	9	0	0
SKIP_PAGE	life-train	ライフトレイン	ライフトレイン	1	1	0	0	0	0	0	1	0	0	0
SKIP_PAGE	lion-books	ライオンブックス	ライオンブックス	11	3	0	0	0	0	0	0	2	9	0
SKIP_PAGE	little-forest	リトル・フォレスト	リトル・フォレスト	2	2	0	0	0	0	0	2	0	0	0
SKIP_PAGE	little-little-alice	リトル・リトル・アリス	リトル・リトル・アリス	2	2	0	0	0	0	0	0	2	0	0
SKIP_PAGE	lolicon-fenikkusu	ロリコンフェニックス	ロリコンフェニックス	3	4	0	1	0	0	0	2	0	0	0
SKIP_PAGE	long-riders	ろんぐらいだぁす!	ろんぐらいだぁす!	10	46	0	1	0	0	0	0	0	0	9
SKIP_PAGE	lost-brain	LOST+BRAIN	LOST+BRAIN	3	3	0	0	0	0	0	0	3	0	0
SKIP_PAGE	love-bou-kun	恋愛暴君	恋愛暴君	14	2	0	1	0	0	0	0	0	13	0
SKIP_PAGE	love-daikou	恋愛代行	恋愛代行	4	4	0	0	0	0	0	4	0	0	0
SKIP_PAGE	love-harem-game-shuuryou-no-oshirase-ga-kuru-koro-ni	恋愛ハーレムゲーム終了のお知らせがくる頃に	恋愛ハーレムゲーム終了のお知らせがくる頃に	4	4	0	3	0	0	0	1	0	0	0
SKIP_PAGE	love-hina	ラブひな	ラブひな	21	49	0	13	0	0	0	8	0	0	0
SKIP_PAGE	love-mangaka	レンアイ漫画家	レンアイ漫画家	5	1	0	1	0	0	0	0	0	4	0
SKIP_PAGE	love-mii-pompoko	ラブ・ミー・ぽんぽこ!	ラブ・ミー・ぽんぽこ!	5	5	0	3	0	0	0	2	0	0	0
SKIP_PAGE	love-synchroid	ラブ・シンクロイド	ラブ・シンクロイド	14	9	0	9	0	0	0	0	0	5	0
SKIP_PAGE	lovers-high	ラヴァーズ・ハイ	ラヴァーズ・ハイ	2	2	0	0	0	0	0	2	0	0	0
SKIP_PAGE	luck-stealer	Luck Stealer	Luck Stealer	10	10	0	9	0	0	0	0	1	0	0
SKIP_PAGE	lucky-strike-2011	ラッキー・ストライク!	ラッキー☆ストライク!	1	1	0	0	0	0	0	0	1	0	0
SKIP_PAGE	ludwig-kakumei	ルードヴィッヒ革命	ルードヴィッヒ革命	4	5	0	0	0	0	0	0	4	0	0
SKIP_PAGE	lupin-iii-h	ルパン三世H	ルパン三世H	10	4	0	0	0	0	0	0	0	10	0
SKIP_PAGE	lupin-iii	ルパン三世	ルパン三世 (Shusay版)	27	4	0	0	0	0	0	0	0	27	0
SKIP_PAGE	lupin-tude	ルパン・エチュード	ルパン・エチュード	4	3	0	2	0	0	0	1	0	1	0
SKIP_PAGE	lycanthrope-bouken-hoken	ライカンスロープ冒険保険	ライカンスロープ冒険保険	4	4	0	0	0	0	0	3	1	0	0
SKIP_PAGE	m-g-darling	M☆G☆ダーリン	M☆G☆ダーリン	3	3	0	0	0	0	0	0	3	0	0
SKIP_PAGE	m-r	Mär	MÄR	15	7	0	0	0	0	0	0	0	15	0
SKIP_PAGE	maajan-club	麻雀倶楽部	麻雀倶楽部 (漫画)	2	3	0	0	0	0	0	2	0	0	0
SKIP_PAGE	machi-de-uwasa-no-tengu-no-ko	町でうわさの天狗の子	町でうわさの天狗の子	12	4	0	2	0	0	0	2	0	8	0
SKIP_PAGE	machida-kun-no-sekai	町田くんの世界	町田くんの世界	7	8	0	5	0	0	0	2	0	0	0
SKIP_PAGE	machikado-mazoku	まちカドまぞく	まちカドまぞく	6	8	0	0	0	0	0	0	6	0	0
SKIP_PAGE	machiko-kabuki-meisakushuu	町子かぶき迷作集	町子かぶき迷作集	1	1	0	0	0	0	0	1	0	0	0
SKIP_PAGE	machine-saurer	マシンザウラー	マシンザウラー	1	2	0	0	0	0	0	0	0	1	0
SKIP_PAGE	macross-7-trash	マクロス7トラッシュ	マクロス7 トラッシュ	8	2	0	0	0	0	0	0	0	8	0
SKIP_PAGE	mademoiselle-mozart	マドモアゼル・モーツァルト	マドモアゼル モーツァルト	3	7	0	0	0	0	0	3	0	0	0
SKIP_PAGE	magatsuhi-dot-komu	禍霊ドットコム	禍霊ドットコム	3	2	0	2	0	0	0	0	0	1	0
SKIP_PAGE	magi-no-okurimono	マギの贈り物	マギの贈り物	1	1	0	0	0	0	0	1	0	0	0
SKIP_PAGE	magical-taruruuto-kun	まじかる☆タルるートくん	まじかる☆タルるートくん	35	2	0	0	0	0	0	0	0	35	0
SKIP_PAGE	magico-yoshida-2011	magico	Magico	8	8	0	6	0	0	0	0	2	0	0
SKIP_PAGE	magico	MAGiCO	Magico	17	8	0	0	0	0	0	0	0	17	0
SKIP_PAGE	mahou-no-rinobe	魔法のリノベ	魔法のリノベ	9	7	0	7	0	0	0	0	0	2	0
SKIP_PAGE	mahou-senki-lyrical-nanoha-force	魔法戦記リリカルなのはforce	魔法戦記リリカルなのはForce	6	15	0	1	0	0	0	5	0	0	0
SKIP_PAGE	mahou-shoujo-lyrical-nanoha-vivid	魔法少女リリカルなのはViVid	魔法少女リリカルなのはViVid	20	30	0	6	0	0	0	8	0	6	0
SKIP_PAGE	maico-2010	MAICO 2010	MAICO2010	4	4	0	0	0	0	0	4	0	0	0
SKIP_PAGE	maimai-maigoen	まいまいまいごえん	まいまいまいごえん	4	5	0	0	0	0	0	3	1	0	0
SKIP_PAGE	maison-de-nagaya-san	メゾンde長屋さん	メゾンde長屋さん	3	1	0	1	0	0	0	0	0	2	0
SKIP_PAGE	maison-de-penguin	メゾン・ド・ペンギン	メゾン・ド・ペンギン	5	5	0	0	0	0	0	0	5	0	0
SKIP_PAGE	majo-igarashi-2004	魔女	魔女 (漫画)	2	2	0	0	0	0	0	0	2	0	0
SKIP_PAGE	majo-musume-vivian	魔女娘Vivian	魔女娘ViVian	4	4	0	2	0	0	0	2	0	0	0
SKIP_PAGE	majo-no-shinzou	魔女の心臓	魔女の心臓	8	2	0	1	0	0	0	1	0	6	0
SKIP_PAGE	majokko-sentai-pasuterion	魔女っ子戦隊パステリオン	魔女っ子戦隊 パステリオン	5	9	0	2	0	0	0	0	3	0	0
SKIP_PAGE	majuu-sensen	魔獣戦線	魔獣戦線	7	4	0	0	0	0	0	0	0	7	0
SKIP_PAGE	makai-ishi-mephisto	魔界医師メフィスト	魔界医師メフィスト	3	16	0	0	0	0	0	3	0	0	0
SKIP_PAGE	makai-toshi-hunter	魔界都市ハンター	魔界都市ハンター	25	25	0	16	0	0	0	8	1	0	0
SKIP_PAGE	makaiju	魔界樹	魔界樹	4	2	0	2	0	0	0	0	0	2	0
SKIP_PAGE	makasete-darling	まかせてダーリン	まかせてダーリン (漫画)	1	1	0	0	0	0	0	0	1	0	0
SKIP_PAGE	makaze-ga-fuku	魔風が吹く	魔風が吹く	5	5	0	4	0	0	0	1	0	0	0
SKIP_PAGE	mama-ha-tenparist	ママはテンパリスト	ママはテンパリスト	4	4	0	0	0	0	0	0	4	0	0
SKIP_PAGE	mama-loves-poyopoyo-saurus-ga-zaurus	ママはぽよぽよザウルスがお好き	ママはぽよぽよザウルスがお好き	4	13	0	1	0	0	0	0	3	0	0
SKIP_PAGE	mamotte-shugo-getten	まもって守護月天!	まもって守護月天!	11	4	0	0	0	0	0	0	0	11	0
SKIP_PAGE	manabiya-sannin-kichisa	まなびや三人吉三	まなびや三人吉三	4	4	0	0	0	0	0	0	4	0	0
SKIP_PAGE	manga-gokudou	まんが極道	まんが極道	7	1	0	0	0	0	0	0	0	7	0
SKIP_PAGE	manga-no-ma	マンガのマ	マンガのマ	1	2	0	0	0	0	0	0	1	0	0
SKIP_PAGE	manga-seibutsugaku	漫画生物学	漫画生物学	2	1	0	1	0	0	0	0	0	1	0
SKIP_PAGE	mangamichi	まんが道	まんが道	40	1	0	0	0	0	0	0	0	24	16
SKIP_PAGE	mangaya	マンガヤ	マンガヤ	2	2	0	0	0	0	0	1	0	1	0
SKIP_PAGE	maou-sama-chotto-sore-totte	魔王様ちょっとそれとって!!	魔王様ちょっとそれとって!!	8	8	0	0	0	0	0	8	0	0	0
SKIP_PAGE	marii-antoinette-no-ryourinin	マリー・アントワネットの料理人	マリー・アントワネットの料理人	3	2	0	2	0	0	0	0	0	1	0
SKIP_PAGE	marine-hunter	マリンハンター	マリンハンター	5	5	0	0	0	0	0	0	5	0	0
SKIP_PAGE	maromayu	まろまゆ	まろまゆ	2	2	0	1	0	0	0	1	0	0	0
SKIP_PAGE	marunouchi	丸の内!	丸の内!	2	2	0	0	0	0	0	2	0	0	0
SKIP_PAGE	marusei-2014	まるせい	まるせい (漫画)	3	1	0	0	0	0	0	1	0	2	0
SKIP_PAGE	marybell	マリーベル	マリーベル (上原きみ子の漫画)	6	2	0	2	0	0	0	0	0	4	0
SKIP_PAGE	masamune-sama-to-kagetsuna-kun	政宗さまと景綱くん	政宗さまと景綱くん	4	4	0	0	0	0	0	0	4	0	0
SKIP_PAGE	mashiro-futto-time	ましろ☆ふっとタイム	ましろ☆ふっとタイム	1	1	0	0	0	0	0	1	0	0	0
SKIP_PAGE	mashiro-no-oto	ましろのおと	ましろのおと	31	32	0	27	0	0	0	2	0	2	0
SKIP_PAGE	mashle	マッシュル-MASHLE-	マッシュル-MASHLE-	18	22	0	0	0	0	0	18	0	0	0
SKIP_PAGE	mashounen-bt	魔少年ビーティー	魔少年ビーティー	2	1	0	0	0	0	0	0	0	2	0
SKIP_PAGE	matchi-shoujo	燐寸少女	燐寸少女	6	5	0	2	0	0	0	3	0	1	0
SKIP_PAGE	matouden-nue	麻闘伝ぬえ	麻闘伝 ぬえ	2	2	0	1	0	0	0	1	0	0	0
SKIP_PAGE	maya-no-souretsu	摩耶の葬列	摩耶の葬列	1	1	0	0	0	0	0	1	0	0	0
SKIP_PAGE	mayonaka-no-occult-koumuin	真夜中のオカルト公務員	真夜中のオカルト公務員	17	17	0	12	0	0	0	5	0	0	0
SKIP_PAGE	mayonakanosenshi	真夜中の戦士	真夜中の戦士	1	1	0	0	0	0	0	0	0	1	0
SKIP_PAGE	mazin-tantei-nougami-neuro	魔人探偵脳噛ネウロ	魔人探偵脳噛ネウロ	35	36	0	12	0	0	0	0	23	0	0
SKIP_PAGE	me-o-tojite-daite	目を閉じて抱いて	目を閉じて抱いて	10	5	0	2	0	0	0	2	1	5	0
SKIP_PAGE	megami-no-mita-yume	女神の見た夢	女神の見た夢	2	2	0	1	0	0	0	0	0	1	0
SKIP_PAGE	megami-sama-to-watashi	女神さまと私	女神さまと私	3	2	0	2	0	0	0	0	0	1	0
SKIP_PAGE	megamiryou-no-ryoubo-kun	女神寮の寮母くん。	女神寮の寮母くん。	9	9	0	8	0	0	0	1	0	0	0
SKIP_PAGE	meganena-kanojo	眼鏡なカノジョ	眼鏡なカノジョ	1	1	0	0	0	0	0	0	0	1	0
SKIP_PAGE	megarosalia	メガロザリア	メガロザリア	6	5	0	0	0	0	0	3	2	1	0
SKIP_PAGE	mei-no-naisho	メイのないしょ	メイのないしょ	4	4	0	1	0	0	0	3	0	0	0
SKIP_PAGE	meimon-dai-san-yakyuubu	名門!第三野球部	名門!第三野球部	47	31	0	31	0	0	0	0	0	16	0
SKIP_PAGE	meitantei-conan	名探偵コナン	名探偵コナン	109	76	0	0	0	0	0	0	0	109	0
SKIP_PAGE	menhera-chan	メンヘラちゃん	メンヘラちゃん (漫画)	2	2	0	0	0	0	0	2	0	0	0
SKIP_PAGE	merry-wind	Merry Wind	Merry Wind	2	2	0	0	0	0	0	2	0	0	0
SKIP_PAGE	metal-finish	METAL FINISH	METAL FINISH	2	2	0	1	0	0	0	1	0	0	0
SKIP_PAGE	metal-k	メタルK	メタルK	1	1	0	0	0	0	0	0	1	0	0
SKIP_PAGE	midara-na-nettaigyo	みだらな熱帯魚	みだらな熱帯魚	7	1	0	1	0	0	0	0	0	6	0
SKIP_PAGE	midnight-dimension	ミッドナイトディメンション	ミッドナイト・ディメンション	3	3	0	0	0	0	0	2	1	0	0
SKIP_PAGE	mienai-kao	見えない顔	見えない顔	2	2	0	0	0	0	0	2	0	0	0
SKIP_PAGE	mieru-hito	みえるひと	みえるひと	7	7	0	0	0	0	0	0	7	0	0
SKIP_PAGE	migawari-accidents	みがわりアクシデンツ	みがわりアクシデンツ	1	1	0	0	0	0	0	1	0	0	0
SKIP_PAGE	migimagari-no-dandy	右曲がりのダンディー	右曲がりのダンディー	14	14	0	13	0	0	0	1	0	0	0
SKIP_PAGE	mikawa-beruno-to-ika-gorira-no-choujigen-joshikai	美川べるのといかゴリラの超次元女子会	美川べるのといかゴリラの超次元女子会	2	5	0	1	0	0	0	0	0	1	0
SKIP_PAGE	milk-time-ni-sasayaite	ミルクタイムにささやいて	ミルクタイムにささやいて	12	1	0	0	0	0	0	1	0	11	0
SKIP_PAGE	million-joe	ミリオンジョー	ミリオンジョー	3	1	0	1	0	0	0	0	0	2	0
SKIP_PAGE	mimi-o-sumaseba	耳をすませば	耳をすませば	1	7	0	0	0	0	0	0	0	1	0
SKIP_PAGE	minami-kun-no-koibito	南くんの恋人	南くんの恋人	2	1	0	0	0	0	0	0	0	2	0
SKIP_PAGE	minamikamakura-koukou-joshi-jitenshabu	南鎌倉高校女子自転車部	南鎌倉高校女子自転車部	11	3	0	3	0	0	0	0	0	8	0
SKIP_PAGE	minamike	みなみけ	みなみけ	29	3	0	0	0	0	0	0	0	29	0
SKIP_PAGE	minasaan-bonbaaman-desuyo	みなさ～ん!ボンバーマンですヨ!!	みなさ〜ん!ボンバーマンですヨ!!	4	4	0	0	0	0	0	4	0	0	0
SKIP_PAGE	mind-game-2004	マインド・ゲーム	マインド・ゲーム	1	4	0	0	0	0	0	1	0	0	0
SKIP_PAGE	minimum	ミニマム	ミニマム (漫画)	7	7	0	2	0	0	0	5	0	0	0
SKIP_PAGE	minmin	ミンミン!	ミンミン!	9	9	0	0	0	0	0	9	0	0	0
SKIP_PAGE	minnamyuujikaru	みんなミュージカル!	みんなミュージカル!	3	1	0	1	0	0	0	0	0	2	0
SKIP_PAGE	miracle-girls	ミラクル☆ガールズ	ミラクル☆ガールズ	18	6	0	6	0	0	0	0	0	12	0
SKIP_PAGE	mirai-nikki	未来日記	未来日記 (漫画)	12	11	0	0	0	0	0	4	0	8	0
SKIP_PAGE	misolala	みそララ	みそララ	6	12	0	0	0	0	0	6	0	0	0
SKIP_PAGE	mito-no-otsubone	水戸のお局	水戸のお局	1	1	0	0	0	0	0	1	0	0	0
SKIP_PAGE	mitsuboshi-colors	三ツ星カラーズ	三ツ星カラーズ	8	8	0	4	0	0	0	4	0	0	0
SKIP_PAGE	mitsumegatooru	三つ目がとおる	三つ目がとおる	61	4	0	0	0	0	0	0	0	61	0
SKIP_PAGE	mixim-11	MIXIM☆11	MIXIM☆11	12	18	0	11	0	0	0	1	0	0	0
SKIP_PAGE	miyakawake-no-kuufuku	宮河家の空腹	宮河家の空腹	1	3	0	0	0	0	0	1	0	0	0
SKIP_PAGE	mizu-no-tomodachi-kappaaman	水のともだちカッパーマン	水のともだちカッパーマン	3	3	0	0	0	0	0	3	0	0	0
SKIP_PAGE	mizuiro-jidai	水色時代	水色時代	16	3	0	0	0	0	0	0	0	16	0
SKIP_PAGE	mizuiro-museum	みずいろミュージアム	みずいろミュージアム	2	2	0	0	0	0	0	2	0	0	0
SKIP_PAGE	mizuki-shigeru-no-kodai-izumo	水木しげるの古代出雲	水木しげるの古代出雲	2	3	0	0	0	0	0	1	1	0	0
SKIP_PAGE	mobile-suit-gundam-akai-san-kyosei	機動戦士ガンダム赤い三巨星	機動戦士ガンダム 赤い三巨星	5	5	0	0	0	0	0	3	2	0	0
SKIP_PAGE	mobile-suit-gundam-ekooru-deyu-shieru	機動戦士ガンダムエコール・デュ・シエル	機動戦士ガンダム エコール・デュ・シエル	12	16	0	11	0	0	0	0	0	1	0
SKIP_PAGE	mobile-suit-gundam-emuesu-generation	機動戦士ガンダムMSジェネレーション	機動戦士ガンダム MSジェネレーション	1	1	0	0	0	0	0	0	0	1	0
SKIP_PAGE	mobile-suit-gundam-f90	機動戦士ガンダムF90	機動戦士ガンダムF90	1	14	0	0	0	0	0	0	0	1	0
SKIP_PAGE	mobile-suit-gundam-ji-origin-msd-cucuruz-doan-no-shima	機動戦士ガンダムTHE ORIGIN MSDククルス・ドアンの島	機動戦士ガンダム THE ORIGIN MSD ククルス・ドアンの島	5	5	0	2	0	0	0	3	0	0	0
SKIP_PAGE	mobile-suit-gundam-ji-origin	機動戦士ガンダムTHE ORIGIN	機動戦士ガンダム THE ORIGIN	24	40	0	15	0	0	0	9	0	0	0
SKIP_PAGE	mobile-suit-gundam-katana	機動戦士ガンダムカタナ	機動戦士ガンダム カタナ	7	7	0	5	0	0	0	1	1	0	0
SKIP_PAGE	mobile-suit-gundam-san	機動戦士ガンダムさん	機動戦士ガンダムさん	23	35	0	14	0	0	0	7	2	0	0
SKIP_PAGE	mobile-suit-gundam-shiidiiee-wakaki-suisei-no-shouzou	機動戦士ガンダム C.D.A.若き彗星の肖像	機動戦士ガンダム C.D.A. 若き彗星の肖像	14	18	0	12	0	0	0	0	2	0	0
SKIP_PAGE	mobile-suit-gundam-uc-0096-last-san	機動戦士ガンダムU.C.0096ラスト・サン	機動戦士ガンダム U.C.0096 ラスト・サン	6	6	0	5	0	0	0	1	0	0	0
SKIP_PAGE	mobile-suit-gundam-valpurgis	機動戦士ガンダムヴァルプルギス	機動戦士ガンダム ヴァルプルギス	10	13	0	2	0	0	0	7	0	1	0
SKIP_PAGE	mobile-suit-gundam-vanishing-machine	機動戦士ガンダムバニシングマシン	機動戦士ガンダム バニシングマシン	4	4	0	1	0	0	0	3	0	0	0
SKIP_PAGE	mobile-suit-gundam-wearwolf	機動戦士ガンダムウェアヴォルフ	機動戦士ガンダム ウェアヴォルフ	4	4	0	0	0	0	0	3	1	0	0
SKIP_PAGE	mobile-suit-moon-gundam	機動戦士ムーンガンダム	機動戦士ムーンガンダム	16	16	0	5	0	0	0	8	3	0	0
SKIP_PAGE	mobu-psycho-100	モブサイコ100	モブサイコ100	16	17	0	0	0	0	0	15	0	1	0
SKIP_PAGE	mojakou	モジャ公	モジャ公	3	1	0	0	0	0	0	0	0	3	0
SKIP_PAGE	moko-to-yuganda-satsujinkidomo	モコと歪んだ殺人鬼ども	モコと歪んだ殺人鬼ども	5	5	0	0	0	0	0	4	0	1	0
SKIP_PAGE	momobuta	ももぶた	ももぶた	1	2	0	0	0	0	0	0	1	0	0
SKIP_PAGE	momochi-san-no-ayakashi-ouji	百千さん家のあやかし王子	百千さん家のあやかし王子	16	19	0	13	0	0	0	3	0	0	0
SKIP_PAGE	momogusa-san-ga-monogusa-sugiru	桃草さんがものぐさすぎる!!	桃草さんがものぐさすぎる!!	3	2	0	0	0	0	0	0	2	1	0
SKIP_PAGE	momoiro-armet	ももいろアーメット	ももいろアーメット	2	2	0	0	0	0	0	1	1	0	0
SKIP_PAGE	momoiro-sabbath	桃色サバス	桃色サバス	19	12	0	0	0	0	0	0	12	7	0
SKIP_PAGE	momoiro-shoten-e-youkoso	桃色書店へようこそ	桃色書店へようこそ	2	2	0	1	0	0	0	0	0	1	0
SKIP_PAGE	momokuri	ももくり	ももくり	8	1	0	1	0	0	0	0	0	7	0
SKIP_PAGE	mona-lisa-mania	モナリザマニア	モナリザマニア	3	3	0	0	0	0	0	3	0	0	0
SKIP_PAGE	money-football	マネーフットボール	マネーフットボール	7	1	0	1	0	0	0	0	0	6	0
SKIP_PAGE	mono	Mono	Mono (漫画)	5	6	0	0	0	0	0	0	5	0	0
SKIP_PAGE	mononogatari	もののがたり	もののがたり	16	16	0	0	0	0	0	16	0	0	0
SKIP_PAGE	monstre-sacre	モンストゥール・サクレ	モンストゥール・サクレ	2	2	0	0	0	0	0	1	1	0	0
SKIP_PAGE	mori-wa-naniiro	森はなに色	森はなに色	7	6	0	4	0	0	0	0	2	1	0
SKIP_PAGE	morumo1-10	MORUMO1/10	MORUMO 1/10	2	4	0	1	0	0	0	0	1	0	0
SKIP_PAGE	motokare-retry	モトカレ←リトライ	モトカレ←リトライ	7	2	0	2	0	0	0	0	0	5	0
SKIP_PAGE	mou-shimasen-kara	もう、しませんから。	もう、しませんから。	14	15	0	13	0	0	0	0	1	0	0
SKIP_PAGE	mouhitotsu-no-shinwa	もうひとつの神話	もうひとつの神話	1	2	0	0	0	0	0	0	1	0	0
SKIP_PAGE	mousou-megane	妄想メガネ	妄想メガネ	5	5	0	0	0	0	0	5	0	0	0
SKIP_PAGE	moyashimon	もやしもん	もやしもん	13	7	0	0	0	0	0	0	0	13	0
SKIP_PAGE	mr-fullswing	Mr.FULLSWING	Mr.FULLSWING	39	2	0	0	0	0	0	0	0	39	0
SKIP_PAGE	mr-morning	Mr. Morning	MR.MORNING	2	7	0	0	0	0	0	0	2	0	0
SKIP_PAGE	ms-dolls	M・S DOLLS	M・S DOLLS	5	5	0	1	0	0	0	0	4	0	0
SKIP_PAGE	mud-men	マッドメン	マッドメン (漫画)	4	4	0	0	0	0	0	0	0	4	0
SKIP_PAGE	mugen-densetsu-takamagahara	夢幻伝説タカマガハラ	夢幻伝説 タカマガハラ	5	5	0	0	0	0	0	5	0	0	0
SKIP_PAGE	mugen-shinshi	夢幻紳士	夢幻紳士	15	84	0	0	0	0	0	5	0	0	10
SKIP_PAGE	muhyo-to-roojii-no-mahouritsu-soudan-jimusho	ムヒョとロージーの魔法律相談事務所	ムヒョとロージーの魔法律相談事務所	28	33	0	10	0	0	0	0	18	0	0
SKIP_PAGE	mukashimukashi-aru-tokoro-ni-dewa-nakute-ima-boku-no-menomae-ni-onikko-ga-iru	昔々あるところに…ではなくて今、僕の目の前にオニっ娘がいる!	昔々あるところに…ではなくて今、僕の目の前にオニっ娘がいる!	2	2	0	0	0	0	0	1	1	0	0
SKIP_PAGE	munou-no-hito	無能の人	無能の人	1	1	0	0	0	0	0	0	0	1	0
SKIP_PAGE	mure-nase-seton-gakuen	群れなせ!シートン学園	群れなせ!シートン学園	6	6	0	3	0	0	0	3	0	0	0
SKIP_PAGE	mushikago-no-cagaster	虫籠のカガステル	虫籠のカガステル	7	7	0	0	0	0	0	0	7	0	0
SKIP_PAGE	mushinuyun	ムシヌユン	ムシヌユン	6	6	0	0	0	0	0	0	6	0	0
SKIP_PAGE	musuko-ga-kawaikute-shikata-ga-nai-mazoku-no-hahaoya	息子がかわいくて仕方がない魔族の母親	息子がかわいくて仕方がない魔族の母親	9	9	0	8	0	0	0	1	0	0	0
SKIP_PAGE	musume-no-tomodachi	娘の友達	娘の友達	7	7	0	6	0	0	0	0	0	1	0
SKIP_PAGE	mw	MW	MW (漫画)	10	1	0	0	0	0	0	0	0	10	0
SKIP_PAGE	my-baker	マイベイカー	マイ ベイカー	2	1	0	1	0	0	0	0	0	1	0
SKIP_PAGE	my-home	まい・ほーむ	まい・ほーむ	2	6	0	0	0	0	0	2	0	0	0
SKIP_PAGE	myououden-rei	明王伝レイ	明王伝レイ	19	6	0	0	0	0	0	6	0	13	0
SKIP_PAGE	myujikofiria	ミュジコフィリア	ミュジコフィリア	5	4	0	4	0	0	0	0	0	1	0
SKIP_PAGE	nagasaremono	流され者	流され者	8	12	0	0	0	0	0	0	0	8	0
SKIP_PAGE	nagasawa-kun	永沢君	永沢君	1	5	0	0	0	0	0	0	1	0	0
SKIP_PAGE	nagato-yuki-chan-no-shoushitsu	長門有希ちゃんの消失	長門有希ちゃんの消失	10	11	0	1	0	0	0	6	2	1	0
SKIP_PAGE	naikaku-souri-daijin-oda-nobunaga	内閣総理大臣織田信長	内閣総理大臣 織田信長	8	8	0	3	0	0	0	5	0	0	0
SKIP_PAGE	naisho-no-jikan	ナイショノジカン	ナイショノジカン	1	1	0	0	0	0	0	0	1	0	0
SKIP_PAGE	nakayoshi-techiyou	仲よし手帖	仲よし手帖	2	2	0	0	0	0	0	1	0	1	0
SKIP_PAGE	nakuyo-uguisu	泣くようぐいす	泣くようぐいす	7	7	0	0	0	0	0	7	0	0	0
SKIP_PAGE	namida-o-rappingu	涙をラッピング	涙をラッピング	1	1	0	0	0	0	0	1	0	0	0
SKIP_PAGE	nanaka-san-no-inzei-seikatsu-nyuumon	ななかさんの印税生活入門	ななかさんの印税生活入門	3	3	0	0	0	0	0	0	3	0	0
SKIP_PAGE	nanami-masshigura	ななみまっしぐら	ななみまっしぐら	6	6	0	0	0	0	0	6	0	0	0
SKIP_PAGE	nanatsu-no-erudorado	7つの黄金郷	7つの黄金郷	12	12	0	0	0	0	0	12	0	0	0
SKIP_PAGE	nanatsu-no-taizai	七つの大罪	七つの大罪 (漫画)	41	73	0	39	0	0	0	1	0	1	0
SKIP_PAGE	nangoku-yuta-girl	南国!ユタガール	南国!ユタガール	3	3	0	2	0	0	0	1	0	0	0
SKIP_PAGE	naniwa-shounen-tanteidan	浪花少年探偵団	浪花少年探偵団	1	7	0	0	0	0	0	0	0	1	0
SKIP_PAGE	nanji-nayamu-koto-nakare	汝なやむことなかれ	汝なやむことなかれ	5	2	0	1	0	0	0	1	0	3	0
SKIP_PAGE	naoshimon-kenkyuushitsu	修理もん研究室	修理もん研究室	2	2	0	0	0	0	0	1	1	0	0
SKIP_PAGE	naraku-no-adu	ナラクノアドゥ	ナラクノアドゥ	6	6	0	5	0	0	0	1	0	0	0
SKIP_PAGE	natsuiro-no-guradeeshon	夏色のグラデーション	夏色のグラデーション	1	1	0	0	0	0	0	1	0	0	0
SKIP_PAGE	natsuki-crisis	なつきクライシス	なつきクライシス	18	23	0	3	0	0	0	15	0	0	0
SKIP_PAGE	naze-da-naitou	なぜだ内藤	なぜだ内藤	3	3	0	2	0	0	0	1	0	0	0
SKIP_PAGE	nazo-no-murasame-kun	謎の村雨くん	謎の村雨くん	3	3	0	0	0	0	0	0	3	0	0
SKIP_PAGE	nba-story	NBA STORY	NBA STORY	5	5	0	0	0	0	0	3	2	0	0
SKIP_PAGE	ne0-lation	ne0;lation	Ne0;lation	3	3	0	0	0	0	0	3	0	0	0
SKIP_PAGE	near-equal	≒-ニア・イコール	≒-ニア・イコール-	2	2	0	0	0	0	0	0	2	0	0
SKIP_PAGE	nefirimu-kusakabe-2008	ネフィリム	ネフィリム (漫画)	3	2	0	0	0	0	0	2	0	1	0
SKIP_PAGE	nekketsu-daibouken-tairiku	熱血!大冒険大陸	熱血! 大冒険大陸	10	1	0	1	0	0	0	0	0	9	0
SKIP_PAGE	neko-mix-maboroshi-ki-tan-toraji	猫mix幻奇譚とらじ	猫mix幻奇譚とらじ	14	3	0	3	0	0	0	0	0	11	0
SKIP_PAGE	neko-neko-fantasia	ねこ・ねこ・幻想曲	ねこ・ねこ・幻想曲	24	17	0	0	0	0	0	16	0	8	0
SKIP_PAGE	neko-pitcher	猫ピッチャー	猫ピッチャー	19	1	0	0	0	0	0	0	0	19	0
SKIP_PAGE	neko-ramen	猫ラーメン	猫ラーメン	6	1	0	0	0	0	0	0	0	6	0
SKIP_PAGE	nekogusu	猫楠	猫楠	3	3	0	0	0	0	0	0	2	1	0
SKIP_PAGE	nekota-hiyori	猫田びより	猫田びより	2	2	0	0	0	0	0	2	0	0	0
SKIP_PAGE	nekowappa	ねこわっぱ!	ねこわっぱ!	2	2	0	0	0	0	0	0	2	0	0
SKIP_PAGE	nemureru-kyoushitsu-no-mojo	眠れる教室の喪女	眠れる教室の喪女	2	2	0	0	0	0	0	0	2	0	0
SKIP_PAGE	neru-bugei-doukou	NERU-武芸道行-	NERU -武芸道行-	3	3	0	0	0	0	0	3	0	0	0
SKIP_PAGE	nervous-breakdown	NERVOUS BREAKDOWN	NERVOUS BREAKDOWN	13	22	0	7	0	0	0	1	5	0	0
SKIP_PAGE	netoraserare	ネトラセラレ	ネトラセラレ	3	3	0	0	0	0	0	0	3	0	0
SKIP_PAGE	netsuai-prince-oniichan-wa-kimi-ga-suki	熱愛プリンス お兄ちゃんはキミが好き	熱愛プリンス お兄ちゃんはキミが好き	68	43	0	31	0	0	0	0	0	37	0
SKIP_PAGE	nettaigyo-wa-yuki-ni-kogareru	熱帯魚は雪に焦がれる	熱帯魚は雪に焦がれる	9	9	0	6	0	0	0	3	0	0	0
SKIP_PAGE	neun	NeuN	NeuN	6	2	0	2	0	0	0	0	0	4	0
SKIP_PAGE	new-game	New game!	NEW GAME!	13	25	0	0	0	0	0	0	13	0	0
SKIP_PAGE	news-it	NEWS×it	NEWS×it	2	2	0	1	0	0	0	1	0	0	0
SKIP_PAGE	next-life	ネクストライフ	ネクストライフ	9	26	0	5	0	0	0	3	1	0	0
SKIP_PAGE	ng-life	NGライフ	NGライフ	9	9	0	0	0	0	0	0	9	0	0
SKIP_PAGE	nichijou	日常	日常 (漫画)	11	7	0	0	0	0	0	0	0	11	0
SKIP_PAGE	nichinichi-ni-panorama	日々にパノラマ	日々にパノラマ	3	3	0	0	0	0	0	3	0	0	0
SKIP_PAGE	night-adultchildren	Night adultchildren	NIGHT ADULTCHILDREN	2	2	0	0	0	0	0	0	2	0	0
SKIP_PAGE	nightmare-funk	ナイトメア・ファンク	ナイトメア・ファンク	4	4	0	0	0	0	0	4	0	0	0
SKIP_PAGE	nihonkoku-shodai-daitouryou-sakuragi-kenichirou	日本国初代大統領・桜木健一郎	日本国初代大統領 桜木健一郎	3	4	0	1	0	0	0	2	0	0	0
SKIP_PAGE	nijiiro-days	虹色デイズ	虹色デイズ	16	20	0	15	0	0	0	1	0	0	0
SKIP_PAGE	nijiiro-kamen	虹色仮面	虹色仮面	7	8	0	0	0	0	0	7	0	0	0
SKIP_PAGE	nijiiro-no-trotsky	虹色のトロツキー	虹色のトロツキー	16	20	0	0	0	0	0	8	0	0	8
SKIP_PAGE	nijiiro-no-usagi	虹色のウサギ	虹色のウサギ	3	3	0	0	0	0	0	3	0	0	0
SKIP_PAGE	nijiiro-prism-girl	にじいろ☆プリズムガール	にじいろ☆プリズムガール	7	8	0	0	0	0	0	5	2	0	0
SKIP_PAGE	nijishinden	虹神殿	虹神殿	1	4	0	0	0	0	0	1	0	0	0
SKIP_PAGE	nikoniko-hanshoku-akuma	ニコニコはんしょくアクマ	ニコニコはんしょくアクマ	5	5	0	0	0	0	0	1	4	0	0
SKIP_PAGE	ninkyouhime-layla	仁侠姫レイラ	仁侠姫レイラ	4	3	0	0	0	0	0	0	3	1	0
SKIP_PAGE	nippon-hakubutsushi	ニッポン博物誌	ニッポン博物誌	5	1	0	1	0	0	0	0	0	4	0
SKIP_PAGE	nippon-no-waka-oku-sama	ニッポンのワカ奥さま	ニッポンのワカ奥さま	1	1	0	0	0	0	0	1	0	0	0
SKIP_PAGE	nisekoi	ニセコイ	ニセコイ	39	39	0	24	0	0	0	1	0	14	0
SKIP_PAGE	noah-s-notes	ノアズノーツ	ノアズノーツ	3	3	0	0	0	0	0	3	0	0	0
SKIP_PAGE	nobunaga-concerto	信長協奏曲	信長協奏曲	23	9	0	8	0	0	0	1	0	14	0
SKIP_PAGE	nobunaga	信長	信長 (漫画)	13	15	0	0	0	0	0	8	0	5	0
SKIP_PAGE	non-chan-noriben	のんちゃんのり弁	のんちゃんのり弁	4	6	0	0	0	0	0	4	0	0	0
SKIP_PAGE	nonnon-hiyori	のんのんびより	のんのんびより	16	1	0	0	0	0	0	0	0	16	0
SKIP_PAGE	normandy-himitsu-club	ノルマンディーひみつ倶楽部	ノルマンディーひみつ倶楽部	5	5	0	4	0	0	0	1	0	0	0
SKIP_PAGE	noroi-no-kuro-juuji	呪いの黒十字	呪いの黒十字	2	3	0	1	0	0	0	0	1	0	0
SKIP_PAGE	noroinowanpiisu	呪いのワンピース	呪いのワンピース	1	1	0	0	0	0	0	1	0	0	0
SKIP_PAGE	nosutaru-jii	ノスタル爺	ノスタル爺	1	2	0	0	0	0	0	0	0	1	0
SKIP_PAGE	noumen-joshi-no-hanako-san	能面女子の花子さん	能面女子の花子さん	9	10	0	8	0	0	0	1	0	0	0
SKIP_PAGE	nozo-x-kimi	ノゾ×キミ	ノゾ×キミ	8	8	0	5	0	0	0	2	1	0	0
SKIP_PAGE	nue-no-toride	鵺の砦	鵺の砦	1	1	0	0	0	0	0	0	1	0	0
SKIP_PAGE	number-girl	ナンバーガール	ナンバーガール (漫画)	3	3	0	1	0	0	0	2	0	0	0
SKIP_PAGE	nurarihyon-no-mago	ぬらりひょんの孫	ぬらりひょんの孫	37	32	0	24	0	0	0	0	1	12	0
SKIP_PAGE	nurse-angel-ririka-esuooesu	ナースエンジェル りりかSOS	ナースエンジェルりりかSOS	4	3	0	0	0	0	0	0	0	4	0
SKIP_PAGE	nurse-station-kozan-1990	ナースステーション	ナース・ステーション (漫画)	5	1	0	0	0	0	0	0	0	5	0
SKIP_PAGE	nurse-station	ナース・ステーション	ナース・ステーション (漫画)	32	1	0	0	0	0	0	0	0	32	0
SKIP_PAGE	nusumareta-houkago	ぬすまれた放課後	ぬすまれた放課後	2	3	0	1	0	0	0	0	1	0	0
SKIP_PAGE	obake-no-qtarou	オバケのQ太郎	オバケのQ太郎	20	4	0	0	0	0	0	0	0	20	0
SKIP_PAGE	oboreru-knife	溺れるナイフ	溺れるナイフ	17	18	0	12	0	0	0	2	0	0	3
SKIP_PAGE	ochikobore-fruits-tart	おちこぼれフルーツタルト	おちこぼれフルーツタルト	9	10	0	1	0	0	0	0	8	0	0
SKIP_PAGE	oedo-ninpouchou	お江戸忍法帖	お江戸忍法帖	5	5	0	2	0	0	0	3	0	0	0
SKIP_PAGE	oedo-wa-nemurenai	お江戸はねむれない!	お江戸はねむれない!	8	9	0	4	0	0	0	4	0	0	0
SKIP_PAGE	oedo-youkai-kawaraban	大江戸妖怪かわら版	大江戸妖怪かわら版	11	11	0	10	0	0	0	0	0	1	0
SKIP_PAGE	ogami-matsugorou	おがみ松吾郎	おがみ松吾郎	15	15	0	0	0	0	0	11	4	0	0
SKIP_PAGE	ogawa-to-yukai-na-saitou-tachi	小川とゆかいな斎藤たち	小川とゆかいな斎藤たち	9	7	0	7	0	0	0	0	0	2	0
SKIP_PAGE	oh-my-konbu	OH!MYコンブ	OH!MYコンブ	12	1	0	0	0	0	0	0	0	12	0
SKIP_PAGE	ohayou-okaeri	おはようおかえり	おはようおかえり	5	5	0	4	0	0	0	1	0	0	0
SKIP_PAGE	ohenro	おへんろ。	おへんろ。	1	3	0	0	0	0	0	1	0	0	0
SKIP_PAGE	ojou-sama-wa-oyome-sama	お嬢様はお嫁様。	お嬢様はお嫁様。	18	3	0	0	0	0	0	1	1	16	0
SKIP_PAGE	ol-shinkaron	OL進化論	OL進化論	58	1	0	0	0	0	0	0	0	58	0
SKIP_PAGE	omamori-himari	おまもりひまり	おまもりひまり	12	22	0	4	0	0	0	8	0	0	0
SKIP_PAGE	omochabako-kakumei	おもちゃ箱革命	おもちゃ箱革命	5	5	0	4	0	0	0	1	0	0	0
SKIP_PAGE	omurice	オムライス	オムライス (漫画)	5	5	0	0	0	0	0	0	5	0	0
SKIP_PAGE	onaji-tsuki-o-miteiru	同じ月を見ている	同じ月を見ている	7	7	0	0	0	0	0	0	7	0	0
SKIP_PAGE	one-more-jump	ワン・モア・ジャンプ	ワン・モア・ジャンプ	18	5	0	5	0	0	0	0	0	13	0
SKIP_PAGE	one-zero	ワン・ゼロ	ワン・ゼロ	7	16	0	6	0	0	0	0	1	0	0
SKIP_PAGE	onideka	おにでか!	おにでか!	7	7	0	6	0	0	0	0	0	1	0
SKIP_PAGE	onigiri-san-no-sentaku	鬼桐さんの洗濯	鬼桐さんの洗濯	9	8	0	0	0	0	0	4	4	1	0
SKIP_PAGE	onii-chan-wa-oshimai	お兄ちゃんはおしまい!	お兄ちゃんはおしまい!	11	8	0	0	0	0	0	0	0	11	0
SKIP_PAGE	onna-no-ko-no-shokutaku	女の子の食卓	女の子の食卓	8	1	0	0	0	0	0	0	1	7	0
SKIP_PAGE	onna-no-mado	おんなの窓	おんなの窓	7	6	0	0	0	0	0	6	0	1	0
SKIP_PAGE	onna-no-sono-no-hoshi	女の園の星	女の園の星	5	4	0	4	0	0	0	0	0	1	0
SKIP_PAGE	onryou-oku-sama	怨霊奥様	怨霊奥様	10	10	0	6	0	0	0	4	0	0	0
SKIP_PAGE	onsengai-no-medeyuusa	温泉街のメデューサ	温泉街のメデューサ	4	4	0	3	0	0	0	1	0	0	0
SKIP_PAGE	ooya-san-to-boku	大家さんと僕	大家さんと僕	2	5	0	1	0	0	0	0	1	0	0
SKIP_PAGE	oppa	おっパ!!	おっパ!!	1	1	0	0	0	0	0	0	1	0	0
SKIP_PAGE	orange-planet	オレンジ・プラネット	オレンジ・プラネット	5	5	0	4	0	0	0	1	0	0	0
SKIP_PAGE	ore-bushi	俺節	俺節	9	4	0	0	0	0	0	0	0	9	0
SKIP_PAGE	ore-no-saakitto	おれのサーキット	おれのサーキット	6	10	0	0	0	0	0	4	2	0	0
SKIP_PAGE	ore-no-yome-wa-aitsu-no-tsuma	俺の嫁はあいつの妻	俺の嫁はあいつの妻	2	1	0	1	0	0	0	0	0	1	0
SKIP_PAGE	ore-wa-chokkaku	おれは直角	おれは直角	15	3	0	0	0	0	0	0	0	8	7
SKIP_PAGE	ore-wa-mada-honki-dashitenai-dake	俺はまだ本気出してないだけ	俺はまだ本気出してないだけ	5	5	0	0	0	0	0	0	5	0	0
SKIP_PAGE	orenchi-no-maid-san	俺んちのメイドさん	俺んちのメイドさん	7	7	0	6	0	0	0	1	0	0	0
SKIP_PAGE	oretachi-no-itadaki	おれたちの頂	おれたちの頂	3	4	0	0	0	0	0	3	0	0	0
SKIP_PAGE	orichalcum-reycal	オリハルコン・レイカル	オリハルコン・レイカル	3	9	0	0	0	0	0	3	0	0	0
SKIP_PAGE	orisuruuto-no-gin-no-koeda	オリスルートの銀の小枝	オリスルートの銀の小枝	4	4	0	2	0	0	0	1	1	0	0
SKIP_PAGE	osakana-wa-ami-no-naka	おさかなはあみの中	おさかなはあみの中	3	5	0	1	0	0	0	0	2	0	0
SKIP_PAGE	oshaberi-na-jikanwari	おしゃべりな時間割	おしゃべりな時間割	3	3	0	0	0	0	0	3	0	0	0
SKIP_PAGE	oshi-ga-shinda-asa	推しが死んだ朝	推しが死んだ朝	1	1	0	0	0	0	0	0	1	0	0
SKIP_PAGE	oshikake-tsuinteeru	おしかけツインテール	おしかけツインテール	8	8	0	0	0	0	0	8	0	0	0
SKIP_PAGE	osorubeshitsutsu-otonashi-karen-san	おそるべしっっ!!!音無可憐さん	おそるべしっっ!!!音無可憐さん	2	2	0	0	0	0	0	1	1	0	0
SKIP_PAGE	ossu-tonko-chan	オッス!トン子ちゃん	オッス! トン子ちゃん	6	1	0	0	0	0	0	0	0	6	0
SKIP_PAGE	otogi-moyou-ayanishiki	お伽もよう綾にしき	お伽もよう綾にしき	8	1	0	1	0	0	0	0	0	7	0
SKIP_PAGE	otogibanashi-o-anata-ni	お伽話をあなたに	お伽話をあなたに	1	1	0	0	0	0	0	1	0	0	0
SKIP_PAGE	otoko-kinsei-fureeze-jogakuin	男子禁制!!フレーゼ女学院	男子禁制!!フレーゼ女学院	1	1	0	0	0	0	0	1	0	0	0
SKIP_PAGE	otoko-oidon	男おいどん	男おいどん	17	1	0	0	0	0	0	0	0	17	0
SKIP_PAGE	otokodama-rokku	男魂ロック	男魂ロック	3	3	0	2	0	0	0	1	0	0	0
SKIP_PAGE	otome-kaijuu-caramelise	乙女怪獣キャラメリゼ	乙女怪獣キャラメリゼ	10	10	0	9	0	0	0	0	1	0	0
SKIP_PAGE	otome-no-harawata-hoshi-no-iro	乙女のはらわた星の色	乙女のはらわた星の色	4	4	0	0	0	0	0	4	0	0	0
SKIP_PAGE	otome-otoko-ni-koisuru-otome	乙女男子に恋する乙女	乙女男子に恋する乙女	5	5	0	1	0	0	0	4	0	0	0
SKIP_PAGE	otome-succubus	おとめサキュバス	おとめサキュバス	2	2	0	0	0	0	0	0	2	0	0
SKIP_PAGE	otome-tetsugaku	乙女哲学	乙女哲学	2	2	0	1	0	0	0	1	0	0	0
SKIP_PAGE	otona-ni-nuts	おとなにナッツ	おとなにナッツ	4	2	0	2	0	0	0	0	0	2	0
SKIP_PAGE	otoyan	音やん	音やん	20	13	0	0	0	0	0	0	0	20	0
SKIP_PAGE	otsukare-san	お憑かれさん	お憑かれさん	8	2	0	0	0	0	0	2	0	6	0
SKIP_PAGE	ou-sama-ha-neko-ga-kirai	王さまはネコがきらい	王さまはネコがきらい	1	1	0	0	0	0	0	0	0	1	0
SKIP_PAGE	oudou-no-inu	王道の狗	王道の狗	6	2	0	0	0	0	0	0	0	6	0
SKIP_PAGE	ouji-sama-no-obenkyou	王子様のお勉強	王子様のお勉強	1	1	0	0	0	0	0	0	0	1	0
SKIP_PAGE	out-ninomiya-1999	OUT	OUT (二ノ宮知子の漫画)	2	1	0	0	0	0	0	1	0	1	0
SKIP_PAGE	over-drive	Over Drive	Over Drive (漫画)	17	19	0	13	0	0	0	3	1	0	0
SKIP_PAGE	owari-no-seraph	終わりのセラフ	終わりのセラフ	36	2	0	0	0	0	0	0	0	36	0
SKIP_PAGE	oyama-kikunosuke	オヤマ!菊之助	オヤマ! 菊之助	25	7	0	4	0	0	0	1	2	18	0
SKIP_PAGE	ozanari-dungeon	おざなりダンジョン	おざなりダンジョン	17	48	0	1	0	0	0	2	14	0	0
SKIP_PAGE	pajamana-kanojo	パジャマな彼女。	パジャマな彼女。	3	3	0	2	0	0	0	0	1	0	0
SKIP_PAGE	palace-meiji	パレス・メイヂ	パレス・メイヂ	7	2	0	0	0	0	0	0	0	7	0
SKIP_PAGE	pan-de-piisu	パンでPeace!	パンでPeace!	5	5	0	4	0	0	0	1	0	0	0
SKIP_PAGE	papa-to-odorou	パパと踊ろう	パパと踊ろう	19	35	0	0	0	0	0	19	0	0	0
SKIP_PAGE	papa-to-oyaji-no-uchi-gohan	パパと親父のウチご飯	パパと親父のウチご飯	13	16	0	0	0	0	0	13	0	0	0
SKIP_PAGE	paradise-cafe	パラダイス・カフェ	パラダイスカフェ	3	3	0	2	0	0	0	1	0	0	0
SKIP_PAGE	paradise-kumeta-1994	ルートパラダイス	ルートパラダイス	2	2	0	0	0	0	0	0	2	0	0
SKIP_PAGE	paradon	パラドン	パラドン	2	1	0	1	0	0	0	0	0	1	0
SKIP_PAGE	paranoiya-gekijou	ぱらのい屋劇場	ぱらのい屋劇場	2	4	0	1	0	0	0	1	0	0	0
SKIP_PAGE	pastel-kazoku	パステル家族	パステル家族	15	15	0	14	0	0	0	1	0	0	0
SKIP_PAGE	pastel	ぱすてる	ぱすてる	44	44	0	43	0	0	0	0	1	0	0
SKIP_PAGE	patman-x	パットマンX	パットマンX	7	7	0	3	0	0	0	4	0	0	0
SKIP_PAGE	pekin-reijin-show	燕京伶人抄	燕京伶人抄	3	1	0	1	0	0	0	0	0	2	0
SKIP_PAGE	peridot	Peridot	PERIDOT	6	8	0	0	0	0	0	0	0	6	0
SKIP_PAGE	perman-fujiko-1979	パーマン	パーマン	11	1	0	0	0	0	0	0	0	11	0
SKIP_PAGE	perman	パーマン	パーマン	13	1	0	0	0	0	0	0	0	13	0
SKIP_PAGE	peter-grill-to-kenja-no-jikan	ピーター・グリルと賢者の時間	ピーター・グリルと賢者の時間	14	14	0	12	0	0	0	1	0	1	0
SKIP_PAGE	phaethon	パエトーン	パエトーン (漫画)	1	1	0	0	0	0	0	0	0	1	0
SKIP_PAGE	phantom-burai	ファントム無頼	ファントム無頼	24	29	0	9	0	0	0	7	8	0	0
SKIP_PAGE	phantom-busters	ファントムバスターズ	ファントムバスターズ	8	7	0	0	0	0	0	4	3	1	0
SKIP_PAGE	photon	フォトン	フォトン (OVA)	3	6	0	0	0	0	0	1	2	0	0
SKIP_PAGE	piano-no-koibito	ピアノの恋人	ピアノの恋人	2	5	0	0	0	0	0	0	2	0	0
SKIP_PAGE	piano-sonata-satsujin-jiken	ピアノソナタ殺人事件	ピアノソナタ殺人事件	2	1	0	0	0	0	0	0	0	2	0
SKIP_PAGE	piitaa-to-maria	ピーターとマリア	ピーターとマリア	1	1	0	0	0	0	0	1	0	0	0
SKIP_PAGE	pikkoriina	ピッコリーナ	ピッコリーナ	2	2	0	0	0	0	0	0	0	2	0
SKIP_PAGE	pink-no-eleven	ピンクのイレブン	ピンクのイレブン	2	2	0	0	0	0	0	2	0	0	0
SKIP_PAGE	piyopiyo-familia	ぴよぴよファミリア	ぴよぴよファミリア	7	1	0	0	0	0	0	0	0	7	0
SKIP_PAGE	plamo-kyoushirou	プラモ狂四郎	プラモ狂四郎	34	1	0	0	0	0	0	0	0	34	0
SKIP_PAGE	planetes	プラネテス	プラネテス	4	7	0	1	0	0	0	3	0	0	0
SKIP_PAGE	plastic-kaitai-koukou	プラスチック解体高校	プラスチック解体高校	2	1	0	0	0	0	0	0	0	2	0
SKIP_PAGE	please-jeeves	プリーズ、ジーヴス	プリーズ、ジーヴス	3	5	0	2	0	0	0	1	0	0	0
SKIP_PAGE	plunderer	プランダラ	プランダラ	21	21	0	15	0	0	0	6	0	0	0
SKIP_PAGE	pocha-pocha-suieibu	ぽちゃぽちゃ水泳部	ぽちゃぽちゃ水泳部	5	5	0	0	0	0	0	5	0	0	0
SKIP_PAGE	ponytail-hakusho	ポニーテール白書	ポニーテール白書	8	8	0	3	0	0	0	4	1	0	0
SKIP_PAGE	poo-no-ichizoku	ポーの一族	ポーの一族	8	32	0	5	0	0	0	0	3	0	0
SKIP_PAGE	pookyupain	ぽーきゅぱいん	ぽーきゅぱいん	4	2	0	0	0	0	0	2	0	2	0
SKIP_PAGE	popokan	ポポ缶	ポポ缶	3	3	0	0	0	0	0	0	3	0	0
SKIP_PAGE	pornographer	ポルノグラファー	ポルノグラファー	1	2	0	0	0	0	0	0	0	1	0
SKIP_PAGE	post-no-naka-no-ashita	ポストの中の明日	ポストの中の明日	1	6	0	0	0	0	0	0	0	1	0
SKIP_PAGE	pppppp	PPPPPP	PPPPPP	8	8	0	0	0	0	0	8	0	0	0
SKIP_PAGE	present-from-lemon	プレゼント・フロムLemon	プレゼント・フロム LEMON	2	5	0	1	0	0	0	1	0	0	0
SKIP_PAGE	pretty-max	プリマックス	プリマックス	10	10	0	0	0	0	0	10	0	0	0
SKIP_PAGE	princess-maison	プリンセスメゾン	プリンセスメゾン	6	1	0	1	0	0	0	0	0	5	0
SKIP_PAGE	prison-hotel	プリズンホテル	プリズンホテル	7	12	0	0	0	0	0	0	0	7	0
SKIP_PAGE	private-eyes	プライベートアイズ	プライベートアイズ	3	3	0	0	0	0	0	3	0	0	0
SKIP_PAGE	ps-ai-rabu-yuu	P.S.あいらぶゆう	P.S.あいらぶゆう	2	2	0	0	0	0	0	2	0	0	0
SKIP_PAGE	pumpkin-scissors	パンプキン・シザーズ	パンプキン・シザーズ	23	26	0	16	0	0	0	7	0	0	0
SKIP_PAGE	puro-no-hitorigoto	玄人のひとりごと	玄人のひとりごと	11	13	0	0	0	0	0	0	11	0	0
SKIP_PAGE	purple-shikibu	パープル式部	パープル式部	2	3	0	0	0	0	0	2	0	0	0
SKIP_PAGE	purusateia-no-densetsu	プルサティアの伝説	プルサティアの伝説	1	1	0	0	0	0	0	1	0	0	0
SKIP_PAGE	pyuu-to-fuku-jaguar	ピューと吹く!ジャガー	ピューと吹く!ジャガー	20	5	0	4	0	0	0	1	0	15	0
SKIP_PAGE	rabuyu	らぶゆ!	らぶゆ!	4	4	0	0	0	0	0	0	4	0	0
SKIP_PAGE	ragnarok-guy	ラグナロック・ガイ	ラグナロック・ガイ	7	3	0	0	0	0	0	0	1	6	0
SKIP_PAGE	raichi-hikari-club	ライチ・光クラブ	ライチ☆光クラブ	1	3	0	0	0	0	0	1	0	0	0
SKIP_PAGE	rain-man	レインマン	レインマン (漫画)	7	7	0	0	0	0	0	1	6	0	0
SKIP_PAGE	raki-suta	らき☆すた	らき☆すた	10	12	0	0	0	0	0	0	0	10	0
SKIP_PAGE	rakudai-ninja-rantarou	落第忍者乱太郎	落第忍者乱太郎	65	2	0	0	0	0	0	0	0	65	0
SKIP_PAGE	rakuten-papa	らくてんパパ	らくてんパパ	7	9	0	0	0	0	0	6	0	1	0
SKIP_PAGE	rampage	ランペイジ	ランペイジ (漫画)	3	2	0	0	0	0	0	0	0	3	0
SKIP_PAGE	ranma-2-bunnoichi	らんま1/2	らんま1/2	38	99	0	36	0	0	0	0	2	0	0
SKIP_PAGE	ranobe-no-hen	らのべのへん!	らのべのへん!	2	1	0	0	0	0	0	1	0	1	0
SKIP_PAGE	ranran	爛爛	爛爛	1	1	0	0	0	0	0	0	1	0	0
SKIP_PAGE	rapaz-theme-park	ラパス・テーマパーク	ラパス・テーマパーク	6	6	0	0	0	0	0	6	0	0	0
SKIP_PAGE	rash	Rash!!	RASH!!	2	2	0	0	0	0	0	2	0	0	0
SKIP_PAGE	re-teen-mayu-no-naka-de-mou-ichido-10-dai-no-kimi-to-au	re:teen 繭の中でもう一度10代のキミと会う	Re:teen 繭の中でもう一度10代のキミと会う	3	3	0	1	0	0	0	2	0	0	0
SKIP_PAGE	real	リアル	リアル (漫画)	17	17	0	13	0	0	0	2	2	0	0
SKIP_PAGE	red-hood	レッドフード	レッドフード (漫画)	3	3	0	0	0	0	0	3	0	0	0
SKIP_PAGE	reizouko-monogatari	冷蔵庫物語	冷蔵庫物語	4	4	0	0	0	0	0	2	2	0	0
SKIP_PAGE	renaissance-eve	ルネサンス・イヴ	ルネサンス・イヴ	4	2	0	0	0	0	0	2	0	2	0
SKIP_PAGE	renjou-desperado	恋情デスペラード	恋情デスペラード	6	6	0	4	0	0	0	2	0	0	0
SKIP_PAGE	retort-pouch	レトルトパウチ!	レトルトパウチ!	7	7	0	0	0	0	0	7	0	0	0
SKIP_PAGE	ribaazu-edge	リバーズ・エッジ	リバーズ・エッジ (漫画)	1	3	0	0	0	0	0	0	0	1	0
SKIP_PAGE	ribonnokishi	リボンの騎士	リボンの騎士	19	5	0	0	0	0	0	0	0	19	0
SKIP_PAGE	ride-back	Ride back	RIDEBACK	10	1	0	0	0	0	0	0	0	10	0
SKIP_PAGE	rifle-is-beautiful	ライフル・イズ・ビューティフル	ライフル・イズ・ビューティフル	6	6	0	0	0	0	0	6	0	0	0
SKIP_PAGE	rikiou	力王	力王	12	21	0	0	0	0	0	12	0	0	0
SKIP_PAGE	rin-2003	凛!	凛!	3	3	0	0	0	0	0	0	0	3	0
SKIP_PAGE	rin-to-cheer	凛とチア。	凛とチア。	4	4	0	0	0	0	0	4	0	0	0
SKIP_PAGE	rinen-to-gaaze	リネンとガーゼ	リネンとガーゼ	4	2	0	0	0	0	0	1	1	2	0
SKIP_PAGE	ring-ni-kakero	リングにかけろ	リングにかけろ	30	1	0	0	0	0	0	0	0	18	12
SKIP_PAGE	riria-01	りりあ01	りりあ01	2	3	0	0	0	0	0	0	2	0	0
SKIP_PAGE	risou-no-otoko	理想のオトコ	理想のオトコ	7	2	0	2	0	0	0	0	0	5	0
SKIP_PAGE	risukii-fukushuu-wa-tsumi-no-aji	RISKY～復讐は罪の味～	RISKY〜復讐は罪の味〜	3	1	0	1	0	0	0	0	0	2	0
SKIP_PAGE	robot-laserbeam	ROBOT×LASERBEAM	ROBOT×LASERBEAM	7	7	0	0	0	0	0	7	0	0	0
SKIP_PAGE	rocking-you	ロッキンユー!!!	ロッキンユー!!!	4	3	0	2	0	0	0	1	0	1	0
SKIP_PAGE	rockman-8	ロックマン8	ロックマン8 (漫画)	3	5	0	1	0	0	0	2	0	0	0
SKIP_PAGE	roji-koibana	路地 恋花	路地恋花	4	6	0	2	0	0	0	2	0	0	0
SKIP_PAGE	rolls	ROLLS	ROLLS	1	1	0	0	0	0	0	0	0	1	0
SKIP_PAGE	rondonkan-nokutaan	倫敦館夜想曲	倫敦館夜想曲	1	1	0	0	0	0	0	1	0	0	0
SKIP_PAGE	rongo-kun	論語くん	論語くん	1	1	0	0	0	0	0	0	1	0	0
SKIP_PAGE	roommates	ルームメイツ	ルームメイツ	7	7	0	5	0	0	0	0	2	0	0
SKIP_PAGE	roora-kaizaa	ローラカイザー	ローラカイザー	4	5	0	3	0	0	0	0	1	0	0
SKIP_PAGE	rorimeshi	ろりめし	ろりめし	1	2	0	0	0	0	0	0	1	0	0
SKIP_PAGE	rosario-to-vampire	ロザリオとバンパイア	ロザリオとバンパイア	10	26	0	9	0	0	0	1	0	0	0
SKIP_PAGE	rpg-fudou-san	RPG不動産	RPG不動産	6	6	0	0	0	0	0	0	6	0	0
SKIP_PAGE	rpg-nante-kowakunai	RPGなんてこわくない!	RPGなんてこわくない!	1	2	0	0	0	0	0	1	0	0	0
SKIP_PAGE	rudolf-turkey	ルドルフ・ターキー	ルドルフ・ターキー	7	7	0	6	0	0	0	1	0	0	0
SKIP_PAGE	ruirui-senki	累々戦記	累々戦記	3	3	0	0	0	0	0	0	0	3	0
SKIP_PAGE	runna-hime-hourouki	ルンナ姫放浪記	ルンナ姫放浪記	1	1	0	0	0	0	0	1	0	0	0
SKIP_PAGE	runway-de-waratte	ランウェイで笑って	ランウェイで笑って	22	22	0	21	0	0	0	0	0	1	0
SKIP_PAGE	rusalka-wa-kaeranai	ルサルカは還らない	ルサルカは還らない	5	5	0	0	0	0	0	5	0	0	0
SKIP_PAGE	rusuban-no-tatsujin	るすばんの達人	るすばんの達人	1	1	0	0	0	0	0	0	1	0	0
SKIP_PAGE	ryouko-no-shinrei-file	陵子の心霊事件簿	陵子の心霊事件簿	6	2	0	0	0	0	0	0	0	6	0
SKIP_PAGE	ryuu-no-hana-wazurai	龍の花わずらい	龍の花わずらい	7	7	0	0	0	0	0	0	7	0	0
SKIP_PAGE	ryuuketsuki	流血鬼	流血鬼	1	6	0	0	0	0	0	0	0	1	0
SKIP_PAGE	ryuusei-choujin-zubaan	流星超人ズバーン	流星超人ズバーン	3	3	0	1	0	0	0	0	2	0	0
SKIP_PAGE	s-o-s	S.O.S	S.O.S (漫画)	4	2	0	1	0	0	0	0	1	2	0
SKIP_PAGE	s-rea-soubi-no-niau-kanojo	Sレア装備の似合う彼女	Sレア装備の似合う彼女	9	9	0	0	0	0	0	9	0	0	0
SKIP_PAGE	sabishisugite-rezu-fuuzoku-ni-ikimashita-report	さびしすぎてレズ風俗に行きましたレポ	さびしすぎてレズ風俗に行きましたレポ	2	1	0	1	0	0	0	0	0	1	0
SKIP_PAGE	sahara-sensei-to-toki-kun	佐原先生と土岐くん	佐原先生と土岐くん	7	6	0	5	0	0	0	1	0	1	0
SKIP_PAGE	saigo-no-door-o-shimero	最後のドアを閉めろ!	最後のドアを閉めろ!	2	5	0	0	0	0	0	2	0	0	0
SKIP_PAGE	saihate-kara-toho-5fun	最果てから、徒歩5分	最果てから、徒歩5分	2	1	0	1	0	0	0	0	0	1	0
SKIP_PAGE	saike-matashitemo	サイケまたしても	サイケまたしても	15	15	0	8	0	0	0	7	0	0	0
SKIP_PAGE	saiki-kusuo-no-nan	斉木楠雄のΨ難	斉木楠雄のΨ難	26	4	0	0	0	0	0	0	0	26	0
SKIP_PAGE	saint-rosalind	聖ロザリンド	聖ロザリンド	2	2	0	0	0	0	0	0	0	2	0
SKIP_PAGE	saint-seiya	聖闘士星矢	聖闘士星矢	43	3	0	0	0	0	0	0	0	43	0
SKIP_PAGE	saishin-doraemon-himitsu-hyakka	最新ドラえもんひみつ百科	最新ドラえもんひみつ百科	2	2	0	0	0	0	0	0	2	0	0
SKIP_PAGE	saite-magoichi	咲いて孫市	咲いて孫市	5	5	0	4	0	0	0	1	0	0	0
SKIP_PAGE	sake-to-tatamiiwashi-no-hibi	酒とたたみいわしの日々	酒とたたみいわしの日々	7	4	0	0	0	0	0	4	0	3	0
SKIP_PAGE	sakendeyaruze	叫んでやるぜ!	叫んでやるぜ!	8	5	0	2	0	0	0	1	0	5	0
SKIP_PAGE	saketa-pasupooto	裂けた旅券	裂けた旅券	12	15	0	6	0	0	0	0	0	1	5
SKIP_PAGE	sakigake-otokojuku	魁!!男塾	魁!!男塾	55	77	0	1	0	0	0	38	16	0	0
SKIP_PAGE	sakura-no-kiwa	さくらの境	さくらの境	4	4	0	0	0	0	0	4	0	0	0
SKIP_PAGE	sakura-no-uta	さくらの唄	さくらの唄 (漫画)	5	7	0	2	0	0	0	3	0	0	0
SKIP_PAGE	sakura-trick	桜Trick	桜Trick	8	3	0	0	0	0	0	0	0	8	0
SKIP_PAGE	sakurako-sumireko	さくら子すみれ子	さくら子すみれ子	2	1	0	0	0	0	0	0	0	2	0
SKIP_PAGE	sakuran	さくらん	さくらん	1	2	0	0	0	0	0	0	0	1	0
SKIP_PAGE	salaryman-senka	サラリーマン専科	サラリーマン専科	10	13	0	8	0	0	0	2	0	0	0
SKIP_PAGE	samon-kun-wa-summoner	左門くんはサモナー	左門くんはサモナー	10	11	0	9	0	0	0	1	0	0	0
SKIP_PAGE	samurai-8-hachimaruden	サムライ8八丸伝	サムライ8 八丸伝	5	5	0	0	0	0	0	5	0	0	0
SKIP_PAGE	samurai-darling	侍ダーリン	侍ダーリン	1	1	0	0	0	0	0	0	1	0	0
SKIP_PAGE	samurai-usagi	サムライうさぎ	サムライうさぎ	8	8	0	0	0	0	0	0	8	0	0
SKIP_PAGE	sanada-juuyuushi	真田十勇士	真田十勇士 (柴田錬三郎・本宮ひろ志の漫画)	9	4	0	3	0	0	0	1	0	5	0
SKIP_PAGE	sanchoume-no-yuuhi	三丁目の夕日	三丁目の夕日	13	72	0	0	0	0	0	0	0	13	0
SKIP_PAGE	sanjuushi	三獣士	三獣士	2	1	0	1	0	0	0	0	0	1	0
SKIP_PAGE	sansukumi	さんすくみ	さんすくみ	10	6	0	4	0	0	0	1	0	5	0
SKIP_PAGE	saotome-senshu-hitakakusu	早乙女選手、ひたかくす	早乙女選手、ひたかくす	10	10	0	0	0	0	0	10	0	0	0
SKIP_PAGE	sapphire-gakuen-astro-cafe	サファイア学園アストロカフェ	サファイア学園 アストロカフェ	1	1	0	0	0	0	0	0	1	0	0
SKIP_PAGE	saraba-yoki-hi	さらば、佳き日	さらば、佳き日	8	8	0	6	0	0	0	2	0	0	0
SKIP_PAGE	sarasouju	沙羅双樹	沙羅双樹 (漫画)	1	1	0	0	0	0	0	0	1	0	0
SKIP_PAGE	saru	Saru	SARU (漫画)	2	2	0	0	0	0	0	0	2	0	0
SKIP_PAGE	sarutobi-etsu-chan	さるとびエッちゃん	さるとびエッちゃん	6	1	0	0	0	0	0	0	0	6	0
SKIP_PAGE	sasameki-koto	ささめきこと	ささめきこと	9	9	0	0	0	0	0	9	0	0	0
SKIP_PAGE	sasuga-no-sarutobi	さすがの猿飛	さすがの猿飛	11	7	0	0	0	0	0	1	0	3	7
SKIP_PAGE	sasurai-no-kuchibue	さすらいの口ぶえ	さすらいの口ぶえ	1	1	0	0	0	0	0	0	0	1	0
SKIP_PAGE	satanister	サタニスター	サタニスター	5	2	0	2	0	0	0	0	0	3	0
SKIP_PAGE	satoko-to-nada	サトコとナダ	サトコとナダ	4	4	0	0	0	0	0	3	1	0	0
SKIP_PAGE	satsui-no-message	殺意のメッセージ	殺意のメッセージ	2	2	0	1	0	0	0	1	0	0	0
SKIP_PAGE	satsujin-yo-konnichiwa	殺人よこんにちは	殺人よこんにちは	1	1	0	0	0	0	0	0	0	1	0
SKIP_PAGE	sayonara-disenbaa	さよならDecember	さよならDecember	1	1	0	0	0	0	0	0	0	1	0
SKIP_PAGE	sayonara-football	さよならフットボール	さよならフットボール	2	1	0	0	0	0	0	0	0	2	0
SKIP_PAGE	sazae-san	サザエさん	サザエさん	68	3	0	0	0	0	0	0	0	33	35
SKIP_PAGE	schoolmate	Schoolmate	SCHOOLMATE	3	7	0	0	0	0	0	0	3	0	0
SKIP_PAGE	scramble-doumei	すくらんぶる同盟	すくらんぶる同盟	7	7	0	5	0	0	0	2	0	0	0
SKIP_PAGE	secret-agent-holmes	秘密警察ホームズ	秘密警察ホームズ	9	9	0	1	0	0	0	0	8	0	0
SKIP_PAGE	sei-no-gekiyaku	性の劇薬	性の劇薬	1	4	0	0	0	0	0	0	1	0	0
SKIP_PAGE	seiden-rg-veeda	聖伝 RG VEDA	聖伝-RG VEDA-	5	25	0	0	0	0	0	1	4	0	0
SKIP_PAGE	seijuu-denshou-dark-angel	聖獣伝承ダークエンジェル	聖獣伝承ダークエンジェル	5	5	0	0	0	0	0	0	0	5	0
SKIP_PAGE	seikimatsu-darling	世紀末・ダーリン	世紀末★ダーリン	11	7	0	1	0	0	0	1	0	9	0
SKIP_PAGE	seikimatsu-leader-gaiden-takeshi	世紀末リーダー外伝たけし!	世紀末リーダー外伝たけし!	1	1	0	0	0	0	0	0	1	0	0
SKIP_PAGE	seishun-wa-itai-ssu	青春は痛いっス	青春は痛いっス	5	5	0	1	0	0	0	3	1	0	0
SKIP_PAGE	seishunbinta	青春ビンタ!	青春ビンタ!	5	4	0	0	0	0	0	1	0	4	0
SKIP_PAGE	seitokai-yakuindomo	生徒会役員共	生徒会役員共	22	2	0	0	0	0	0	0	0	22	0
SKIP_PAGE	seiyou-kottou-yougashiten	西洋骨董洋菓子店	西洋骨董洋菓子店	7	5	0	0	0	0	0	0	0	7	0
SKIP_PAGE	sekai-ha-bokura-no-tameni	世界はボクらのために!	世界はボクらのために!	2	2	0	1	0	0	0	0	1	0	0
SKIP_PAGE	sekai-maou	セカイ魔王	セカイ魔王	4	7	0	0	0	0	0	0	4	0	0
SKIP_PAGE	sekai-no-owari-to-yoakemae	世界の終わりと夜明け前	世界の終わりと夜明け前	1	1	0	0	0	0	0	0	1	0	0
SKIP_PAGE	sekai-panpaka-pan-no-tabi	世界ぱんぱかパンの旅	世界ぱんぱかパンの旅	1	4	0	0	0	0	0	1	0	0	0
SKIP_PAGE	sekaiichi-hatsukoi	世界一初恋	世界一初恋	21	41	0	4	0	0	0	3	9	5	0
SKIP_PAGE	semai-sekai-no-identity	狭い世界のアイデンティティー	狭い世界のアイデンティティー	5	5	0	3	0	0	0	2	0	0	0
SKIP_PAGE	sengoku-jieitai-2014	戦国自衛隊	戦国自衛隊 (劇画)	4	3	0	0	0	0	0	0	0	4	0
SKIP_PAGE	sengoku-otoko-hana-no-ran	センゴク男子 花の乱	センゴク男子 花の乱	5	3	0	3	0	0	0	0	0	2	0
SKIP_PAGE	senjou-roman-series	戦場ロマン・シリーズ	戦場ロマン・シリーズ	2	8	0	0	0	0	0	0	0	2	0
SKIP_PAGE	senkou-ride	閃光ライド	閃光ライド	7	7	0	4	0	0	0	3	0	0	0
SKIP_PAGE	senryuu-shoujo	川柳少女	川柳少女	13	13	0	11	0	0	0	1	0	1	0
SKIP_PAGE	sensei-ano-ne	センセイ、あのね。	センセイあのね?	1	2	0	0	0	0	0	0	0	1	0
SKIP_PAGE	sensei-de-marumaru-shicha-ikemasen	先生で○○しちゃいけません!	先生で○○しちゃいけません!	7	7	0	0	0	0	0	7	0	0	0
SKIP_PAGE	sensoumeshi	戦争めし	戦争めし	12	12	0	1	0	0	0	5	6	0	0
SKIP_PAGE	sentaku-no-toki	選択のトキ	選択のトキ	3	3	0	0	0	0	0	3	0	0	0
SKIP_PAGE	sento-buraun-no-douwa	セント=ブラウンの童話	セント=ブラウンの童話	2	2	0	0	0	0	0	1	1	0	0
SKIP_PAGE	sento-haipaa-keibitai	聖・はいぱあ警備隊	聖・はいぱあ警備隊	16	5	0	1	0	0	0	1	3	11	0
SKIP_PAGE	serebesuto-oda-nobunaga	セレベスト織田信長	セレベスト織田信長	2	2	0	0	0	0	0	0	2	0	0
SKIP_PAGE	sesame-street	せさみ☆すとりーと	せさみ☆すとりーと	5	3	0	0	0	0	0	1	2	2	0
SKIP_PAGE	sewayaki-kitsune-no-senko-san	世話やきキツネの仙狐さん	世話やきキツネの仙狐さん	12	12	0	10	0	0	0	2	0	0	0
SKIP_PAGE	sexaroid	セクサロイド	セクサロイド (漫画)	7	1	0	0	0	0	0	0	0	7	0
SKIP_PAGE	sexy-tanaka-san	セクシー田中さん	セクシー田中さん	8	8	0	7	0	0	0	1	0	0	0
SKIP_PAGE	sf-taishou	SF大将	SF大将	2	2	0	1	0	0	0	1	0	0	0
SKIP_PAGE	shaberedomo-shaberedomo	しゃべれどもしゃべれども	しゃべれども しゃべれども	1	1	0	0	0	0	0	0	1	0	0
SKIP_PAGE	shadow-lady	SHADOW LADY	SHADOW LADY	5	5	0	1	0	0	0	2	0	2	0
SKIP_PAGE	shakotan-boogie	シャコタン☆ブギ	シャコタン☆ブギ	44	1	0	0	0	0	0	0	0	44	0
SKIP_PAGE	shaman-king	シャーマンキング	シャーマンキング	35	68	0	0	0	0	0	0	0	35	0
SKIP_PAGE	sharutoru-koushaku-no-tanoshimi	シャルトル公爵の愉しみ	シャルトル公爵の愉しみ	7	19	0	0	0	0	0	0	7	0	0
SKIP_PAGE	shasou-no-gourmet	車窓のグルメ	車窓のグルメ	1	1	0	0	0	0	0	0	0	1	0
SKIP_PAGE	she-is-mine	シーイズマイン	シーイズマイン	2	2	0	0	0	0	0	0	2	0	0
SKIP_PAGE	sheriff	シェリフ	シェリフ (あろひろしの漫画)	2	2	0	0	0	0	0	2	0	0	0
SKIP_PAGE	shiawase-gohan	しあわせゴハン	しあわせゴハン	4	4	0	0	0	0	0	4	0	0	0
SKIP_PAGE	shibuya-de-aimashou	渋谷で会いましょう	渋谷で会いましょう	2	1	0	1	0	0	0	0	0	1	0
SKIP_PAGE	shiharu-genesis	しはるじぇねしす	しはるじぇねしす	6	2	0	0	0	0	0	2	0	4	0
SKIP_PAGE	shijinhaichinichinishitenarazu	詩人は一日にして成らず	詩人は一日にして成らず	1	1	0	0	0	0	0	0	0	1	0
SKIP_PAGE	shijuu-kara	シジュウカラ	シジュウカラ (漫画)	10	9	0	8	0	0	0	1	0	1	0
SKIP_PAGE	shimaizaka	姉妹坂	姉妹坂	18	27	0	8	0	0	0	0	10	0	0
SKIP_PAGE	shimekiri-gohan	〆切ごはん	〆切ごはん	4	4	0	0	0	0	0	0	4	0	0
SKIP_PAGE	shimekiri-sama-ni-oyurushi-o	〆切様におゆるしを	〆切様におゆるしを	3	2	0	0	0	0	0	2	0	1	0
SKIP_PAGE	shin-sommelier-shun-no-wine	新ソムリエ瞬のワイン	新ソムリエ 瞬のワイン	8	6	0	0	0	0	0	0	0	8	0
SKIP_PAGE	shinazu-no-ryouken	不死の猟犬	不死の猟犬	7	10	0	6	0	0	0	1	0	0	0
SKIP_PAGE	shingeki-kyojin-chuugakkou	進撃!巨人中学校	進撃!巨人中学校	11	12	0	10	0	0	0	1	0	0	0
SKIP_PAGE	shingeki-no-kyojin	進撃の巨人	進撃の巨人	34	20	0	0	0	0	0	0	0	34	0
SKIP_PAGE	shingetsu-no-ban-ni	新月の盤に	新月の盤に	2	2	0	0	0	0	0	2	0	0	0
SKIP_PAGE	shinigami-to-chocolate-parfait	死神とチョコレート・パフェ	死神とチョコレート・パフェ	2	6	0	0	0	0	0	2	0	0	0
SKIP_PAGE	shinjitsu-no-mahou-shoujo	真実の魔法少女	真実の魔法少女	6	2	0	2	0	0	0	0	0	4	0
SKIP_PAGE	shinkirou-ki-tan	蜃気楼綺譚	蜃気楼綺譚	1	2	0	0	0	0	0	0	1	0	0
SKIP_PAGE	shinobi-no-otsutome	忍びのオツトメ	忍びのオツトメ	1	1	0	0	0	0	0	0	1	0	0
SKIP_PAGE	shinonomeryou-ki-tan	東雲寮奇譚	東雲寮奇譚	3	5	0	2	0	0	0	0	1	0	0
SKIP_PAGE	shinpika-rendetsu	神秘家列伝	神秘家列伝	7	10	0	2	0	0	0	4	1	0	0
SKIP_PAGE	shinrin-tar-moriking	森林王者モリキング	森林王者モリキング	4	4	0	0	0	0	0	4	0	0	0
SKIP_PAGE	shinsei-motemote-oukoku	神聖モテモテ王国	神聖モテモテ王国	7	6	0	0	0	0	0	0	0	7	0
SKIP_PAGE	shinseiki-evangerion-gakuen-datenroku	新世紀エヴァンゲリオン 学園堕天録	新世紀エヴァンゲリオン 学園堕天録	4	8	0	0	0	0	0	0	0	4	0
SKIP_PAGE	shinseiki-evangerion-ikari-shinji-ikusei-keikaku	新世紀エヴァンゲリオン 碇シンジ育成計画	新世紀エヴァンゲリオン 碇シンジ育成計画 (漫画)	18	12	0	0	0	0	0	0	0	18	0
SKIP_PAGE	shinseiki-evangerion	新世紀エヴァンゲリオン	新世紀エヴァンゲリオン (漫画)	14	27	0	11	0	0	0	1	2	0	0
SKIP_PAGE	shinsengumi-ibun-piisu-maker	新撰組異聞　PEACE MAKER	新撰組異聞PEACE MAKER	6	30	0	5	0	0	0	0	1	0	0
SKIP_PAGE	shinsotsu-nanafushigi	しんそつ七不思議	しんそつ七不思議	3	3	0	0	0	0	0	3	0	0	0
SKIP_PAGE	shinyaku-kyojin-no-hoshi-hanagata	新約「巨人の星」 花形	新約「巨人の星」花形	22	22	0	21	0	0	0	0	1	0	0
SKIP_PAGE	shiori-experience	SHIORI EXPERIENCE ジミなわたしとヘンなおじさん	SHIORI EXPERIENCE ジミなわたしとヘンなおじさん	22	26	0	21	0	0	0	0	1	0	0
SKIP_PAGE	shiratama-kun	しらたまくん	しらたまくん	12	14	0	0	0	0	0	12	0	0	0
SKIP_PAGE	shiro-no-falucca	白のファルーカ	白のファルーカ	12	14	0	7	0	0	0	2	3	0	0
SKIP_PAGE	shiroi-mado-no-mukougawa	白い窓の向こう側	白い窓の向こう側	1	1	0	0	0	0	0	1	0	0	0
SKIP_PAGE	shissou-nikki	失踪日記	失踪日記	1	2	0	0	0	0	0	0	1	0	0
SKIP_PAGE	shitasaki-kara-koi	舌先から恋	舌先から恋	3	3	0	2	0	0	0	0	0	1	0
SKIP_PAGE	shitsuren-chocolatier	失恋ショコラティエ	失恋ショコラティエ	9	12	0	0	0	0	0	9	0	0	0
SKIP_PAGE	shiyugaa-potsuto-no-naishiyo-banashi	シュガーポットのないしょ話	シュガーポットのないしょ話	1	1	0	0	0	0	0	0	0	1	0
SKIP_PAGE	shizune-chan-wa-kyou-mo-nemurenai	しずねちゃんは今日も眠れない	しずねちゃんは今日も眠れない	2	2	0	0	0	0	0	0	2	0	0
SKIP_PAGE	shokugeki-no-sooma	食戟のソーマ	食戟のソーマ	36	49	0	23	0	0	0	13	0	0	0
SKIP_PAGE	shomuni	ショムニ	ショムニ	10	7	0	0	0	0	0	7	0	3	0
SKIP_PAGE	shoujo-kyouwakoku	少女共和国	少女共和国	2	1	0	1	0	0	0	0	0	1	0
SKIP_PAGE	shoujo-shounen-gakkyuudan	少女少年学級団	少女少年学級団	9	8	0	0	0	0	0	6	2	1	0
SKIP_PAGE	shounan-junai-gumi	湘南純愛組!	湘南純愛組!	48	63	0	15	0	0	0	31	0	0	2
SKIP_PAGE	shounen-joou	少年王女	少年王女	5	5	0	4	0	0	0	1	0	0	0
SKIP_PAGE	shounen-shoujo-akatsuki-2016	症年症女	症年症女	3	3	0	0	0	0	0	3	0	0	0
SKIP_PAGE	shounen-zanzou	少年残像	少年残像	2	2	0	1	0	0	0	1	0	0	0
SKIP_PAGE	shounenmeidokuuro-kun	少年メイドクーロ君	少年メイドクーロ君	1	4	0	0	0	0	0	0	1	0	0
SKIP_PAGE	shouri-no-akuma	勝利の悪魔	勝利の悪魔	3	3	0	0	0	0	0	0	3	0	0
SKIP_PAGE	shouta-no-sushi-zenkokutaikaihen	将太の寿司	将太の寿司	17	70	0	0	0	0	0	12	5	0	0
SKIP_PAGE	shouwa-genroku-rakugo-shinjuu	昭和元禄落語心中	昭和元禄落語心中	15	15	0	13	0	0	0	1	0	1	0
SKIP_PAGE	show-chan-no-bouken	正チャンの冒険	正チャンの冒険	1	1	0	0	0	0	0	0	0	1	0
SKIP_PAGE	shunpei-50-bunnoichi	俊平1/50	俊平1/50	1	1	0	0	0	0	0	0	1	0	0
SKIP_PAGE	shura-ga-yuku	修羅がゆく	修羅がゆく	41	41	0	12	0	0	0	22	5	0	2
SKIP_PAGE	shura-no-mon-iden-fudekage	修羅の門異伝 ふでかげ	修羅の門異伝 ふでかげ	8	2	0	2	0	0	0	0	0	6	0
SKIP_PAGE	shura-no-mon	修羅の門	修羅の門	46	64	0	22	0	0	0	24	0	0	0
SKIP_PAGE	shushou-chiinke-wakami	主将!!地院家若美	主将!!地院家若美	11	11	0	10	0	0	0	0	1	0	0
SKIP_PAGE	shuten-douji	手天童子	手天童子	30	7	0	0	0	0	0	0	0	30	0
SKIP_PAGE	shuugaku-ryokou-satsujin-jiken	修学旅行殺人事件	修学旅行殺人事件	3	1	0	1	0	0	0	0	0	2	0
SKIP_PAGE	shuukyuu-shoujo	蹴球少女	蹴球少女	10	4	0	1	0	0	0	3	0	6	0
SKIP_PAGE	shuushuu-ki-tan-itto	蒐集奇譚イット	蒐集奇譚イット	2	2	0	1	0	0	0	1	0	0	0
SKIP_PAGE	silent-m-bius	サイレントメビウス	サイレントメビウス	21	13	0	0	0	0	0	0	0	21	0
SKIP_PAGE	silver-suetsugu-2005	Silver	Silver (漫画)	3	2	0	2	0	0	0	0	0	1	0
SKIP_PAGE	siscon-ani-to-burakon-imouto-ga-shoujiki-ni-nattara	シスコン兄とブラコン妹が正直になったら	シスコン兄とブラコン妹が正直になったら	3	3	0	1	0	0	0	2	0	0	0
SKIP_PAGE	slow-start	スロウスタート	スロウスタート	14	15	0	0	0	0	0	1	12	1	0
SKIP_PAGE	smoky-b-b	スモーキーB.B	スモーキーB.B.	2	2	0	1	0	0	0	0	1	0	0
SKIP_PAGE	sora-chan-no-boushi	空ちゃんのぼうし	空ちゃんのぼうし	2	2	0	0	0	0	0	2	0	0	0
SKIP_PAGE	sora-communication	そらコミュニケーション	そらコミュニケーション	2	2	0	0	0	0	0	0	2	0	0
SKIP_PAGE	sora-ga-haiiro-dakara	空が灰色だから	空が灰色だから	5	5	0	4	0	0	0	0	1	0	0
SKIP_PAGE	sora-ga-suki	空がすき!	空がすき!	4	8	0	3	0	0	0	0	1	0	0
SKIP_PAGE	sora-no-otoshimono	そらのおとしもの	そらのおとしもの	20	5	0	0	0	0	0	0	0	20	0
SKIP_PAGE	sora-no-shita-yane-no-naka	空の下屋根の中	空の下屋根の中	2	2	0	0	0	0	0	0	2	0	0
SKIP_PAGE	sora-yome	宇宙ヨメ	宇宙ヨメ	2	2	0	0	0	0	0	1	1	0	0
SKIP_PAGE	sore-suramo-hibi-no-hate	それすらも日々の果て	それすらも日々の果て	2	2	0	0	0	0	0	2	0	0	0
SKIP_PAGE	soredemo-sekai-wa-utsukushii	それでも世界は美しい	それでも世界は美しい	25	26	0	14	0	0	0	9	0	2	0
SKIP_PAGE	soubou-no-daichi-horobu	蒼茫の大地、滅ぶ	蒼茫の大地、滅ぶ	6	1	0	0	0	0	0	0	0	6	0
SKIP_PAGE	sougihime	葬儀姫	葬儀姫	3	1	0	0	0	0	0	0	0	3	0
SKIP_PAGE	souin-gyokusaiseyo	総員玉砕せよ!	総員玉砕せよ!	2	9	0	0	0	0	0	1	0	1	0
SKIP_PAGE	soukou-kihei-votoms	装甲騎兵ボトムズ	装甲騎兵ボトムズ	4	11	0	0	0	0	0	0	0	4	0
SKIP_PAGE	soukyuu-no-lapis-lazuli	蒼柩のラピスラズリ	蒼柩のラピスラズリ	2	9	0	0	0	0	0	2	0	0	0
SKIP_PAGE	soul-catcher-s	SOUL CATCHER（S）	SOUL CATCHER(S)	11	14	0	10	0	0	0	0	1	0	0
SKIP_PAGE	soul	SOUL	SOUL (漫画)	4	4	0	0	0	0	0	0	0	4	0
SKIP_PAGE	sousei-no-onmyouji	双星の陰陽師	双星の陰陽師	35	40	0	11	0	0	0	24	0	0	0
SKIP_PAGE	soushokukei-otoko	曹植系男子	曹植系男子	2	1	0	1	0	0	0	0	0	1	0
SKIP_PAGE	sousou-no-furiiren	葬送のフリーレン	葬送のフリーレン	15	27	0	13	0	0	0	0	0	2	0
SKIP_PAGE	spicy-papa	スパイシーパパ	スパイシーパパ	2	2	0	0	0	0	0	2	0	0	0
SKIP_PAGE	spirit-of-wonder	Spirit of Wonder	Spirit of Wonder	1	1	0	0	0	0	0	1	0	0	0
SKIP_PAGE	spotlight-miura-2021	スポットライト	スポットライト (漫画)	2	3	0	0	0	0	0	0	0	2	0
SKIP_PAGE	spring-uepon-nanbaawan	青春兵器ナンバーワン	青春兵器ナンバーワン	7	7	0	2	0	0	0	5	0	0	0
SKIP_PAGE	sprite-arimura-1995	SPRITE	SPRITE (漫画)	10	1	0	0	0	0	0	1	0	9	0
SKIP_PAGE	sprite	スプライト	スプライト (漫画)	15	14	0	0	0	0	0	1	13	1	0
SKIP_PAGE	star-blacks	STAR BLACKS	STARBLACKS	2	2	0	0	0	0	0	0	2	0	0
SKIP_PAGE	strike-or-gutter	ストライク・オア・ガター	ストライク・オア・ガター	6	5	0	5	0	0	0	0	0	1	0
SKIP_PAGE	strobe-light	ストロボライト	ストロボライト	1	1	0	0	0	0	0	1	0	0	0
SKIP_PAGE	sugar-family	シュガー☆ファミリー	シュガー☆ファミリー	6	6	0	0	0	0	0	0	6	0	0
SKIP_PAGE	sugina-revolution	すぎなレボリューション	…すぎなレボリューション	8	8	0	3	0	0	0	5	0	0	0
SKIP_PAGE	suikoden	水滸伝	水滸伝 (漫画)	12	12	0	6	0	0	0	0	0	6	0
SKIP_PAGE	suitooto	すいとーと!	すいとーと!	3	3	0	0	0	0	0	3	0	0	0
SKIP_PAGE	sukedachi-9	助太刀09	助太刀09	5	1	0	1	0	0	0	0	0	4	0
SKIP_PAGE	suki-desu	数寄です!	数寄です!	6	1	0	1	0	0	0	0	0	5	0
SKIP_PAGE	suki-tte-iwaseru-houhou	好きって言わせる方法	好きって言わせる方法	9	9	0	0	0	0	0	0	9	0	0
SKIP_PAGE	sukutte-goran	すくってごらん	すくってごらん	3	1	0	1	0	0	0	0	0	2	0
SKIP_PAGE	sumire-wa-blue	スミレはブルー	スミレはブルー	2	1	0	0	0	0	0	0	0	2	0
SKIP_PAGE	suparu-takashi	スパル・たかし	スパル・たかし	1	1	0	0	0	0	0	1	0	0	0
SKIP_PAGE	supasu-pa	すぱすぱ	すぱすぱ	6	3	0	1	0	0	0	0	0	5	0
SKIP_PAGE	super-mario-kun	スーパーマリオくん	スーパーマリオくん (嵩瀬ひろしの漫画)	61	12	0	0	0	0	0	0	0	61	0
SKIP_PAGE	suroonin	スローニン	スローニン	7	11	0	3	0	0	0	0	4	0	0
SKIP_PAGE	survival	サバイバル	サバイバル (漫画)	57	18	0	17	0	0	0	0	0	23	17
SKIP_PAGE	suteki-ni-dish-up	すてきにディッシュアップ!	すてきにディッシュアップ!	1	1	0	0	0	0	0	1	0	0	0
SKIP_PAGE	suupaa-kaguyahime	すうぱあかぐや姫	すうぱあかぐや姫	3	3	0	2	0	0	0	0	1	0	0
SKIP_PAGE	suzu-to-mitsugo-no-boyfriend	鈴と3つごのボーイフレンド	鈴と3つごのボーイフレンド	2	2	0	1	0	0	0	1	0	0	0
SKIP_PAGE	suzuka	涼風	涼風 (漫画)	27	22	0	18	0	0	0	0	0	9	0
SKIP_PAGE	suzume-no-chun-chan	すずめのチュンちゃん	すずめのチュンちゃん	2	3	0	1	0	0	0	1	0	0	0
SKIP_PAGE	swan	SWAN	SWAN (漫画)	54	39	0	0	0	0	0	0	0	54	0
SKIP_PAGE	sweet-black	スイートブラック	スイートブラック	1	1	0	0	0	0	0	0	1	0	0
SKIP_PAGE	sweet-mission	スイート☆ミッション	スイート☆ミッション	11	1	0	0	0	0	0	0	0	11	0
SKIP_PAGE	sweets-kaitou-vanilla-moon	スイーツ怪盗バニラムーン	スイーツ怪盗バニラムーン	4	4	0	0	0	0	0	1	3	0	0
SKIP_PAGE	taaheru-ana-tomiko	ターヘルアナ富子	ターヘルアナ富子	2	2	0	1	0	0	0	1	0	0	0
SKIP_PAGE	taboo-tattoo	タブー・タトゥー	タブー・タトゥー	13	13	0	7	0	0	0	0	0	6	0
SKIP_PAGE	tadaima-kiseichuu	ただいま寄生中	ただいま寄生中	1	1	0	0	0	0	0	0	1	0	0
SKIP_PAGE	taiheiyou-x-point	太平洋Xポイント	太平洋Xポイント	1	1	0	0	0	0	0	0	0	1	0
SKIP_PAGE	taiman-buruusu	たいまんぶるうす	たいまんぶるうす	7	3	0	3	0	0	0	0	0	4	0
SKIP_PAGE	taishou-otome-otogibanashi	大正処女御伽話	大正処女御伽話	5	13	0	0	0	0	0	5	0	0	0
SKIP_PAGE	taishou-roman-oni-san-yameteeetsu	大正浪漫鬼さんやめてえぇっ!!	大正浪漫 鬼さんやめてえぇっ!!	2	2	0	1	0	0	0	0	1	0	0
SKIP_PAGE	taiyou-no-hari	太陽の玻璃	太陽の玻璃	1	1	0	0	0	0	0	1	0	0	0
SKIP_PAGE	takahashi-rumiko-gekijou	高橋留美子劇場	高橋留美子劇場	4	9	0	1	0	0	0	0	2	1	0
SKIP_PAGE	takane-no-hana	タカネの花	タカネの花	2	2	0	0	0	0	0	2	0	0	0
SKIP_PAGE	tamahime	魂姫	魂☆姫	7	11	0	6	0	0	0	1	0	0	0
SKIP_PAGE	tamasaburou-koi-no-kyousoukyoku	玉三郎恋の狂騒曲	玉三郎恋の狂騒曲	5	8	0	2	0	0	0	0	3	0	0
SKIP_PAGE	tamata	TAMATA	TAMATA	4	2	0	0	0	0	0	2	0	2	0
SKIP_PAGE	tanikamen	谷仮面	谷仮面	12	13	0	0	0	0	0	5	0	1	6
SKIP_PAGE	tantei-yumemiya-sakura-no-kanzen-haiboku	探偵夢宮さくらの完全敗北	探偵夢宮さくらの完全敗北	1	1	0	0	0	0	0	0	1	0	0
SKIP_PAGE	tanu-koi	たぬ恋。	たぬ恋。	2	2	0	1	0	0	0	1	0	0	0
SKIP_PAGE	taranta-ranta	たらんたランタ	たらんたランタ	2	2	0	0	0	0	0	0	2	0	0
SKIP_PAGE	tasogare-takako	たそがれたかこ	たそがれたかこ	10	1	0	1	0	0	0	0	0	9	0
SKIP_PAGE	tasukete-dokutaa-dokuta	たすけて!ドクター・ドク太	たすけて! ドクター・ドク太	3	3	0	1	0	0	0	1	1	0	0
SKIP_PAGE	tattoon-master	タトゥーン☆マスター	タトゥーン★マスター	3	3	0	0	0	0	0	3	0	0	0
SKIP_PAGE	tegami-bachi	テガミバチ	テガミバチ	30	3	0	0	0	0	0	0	0	30	0
SKIP_PAGE	ten-count-1987	テンカウント	テンカウント	1	6	0	0	0	0	0	0	0	1	0
SKIP_PAGE	ten-o-mitsumete-chi-no-soko-de	天を見つめて地の底で	天を見つめて地の底で	18	17	0	0	0	0	0	0	3	15	0
SKIP_PAGE	tende-shouwaru-cupid	てんで性悪キューピッド	てんで性悪キューピッド	6	9	0	0	0	0	0	6	0	0	0
SKIP_PAGE	tengoku-de-akuma-ga-boku-o-miwaku-suru	天獄で悪魔がボクを魅惑する	天獄で悪魔がボクを魅惑する	5	5	0	1	0	0	0	3	1	0	0
SKIP_PAGE	tengoku-no-hana	天国の花	天国の花	10	3	0	0	0	0	0	3	0	7	0
SKIP_PAGE	tenjou-tenge-yuiga-dokuson	天上天下唯我独尊	天上天下唯我独尊 (漫画)	16	5	0	0	0	0	0	0	0	16	0
SKIP_PAGE	tenkuu-shinpan	天空侵犯	天空侵犯	21	8	0	5	0	0	0	0	0	16	0
SKIP_PAGE	tennen-kokekkoo	天然コケッコー	天然コケッコー	23	9	0	9	0	0	0	0	0	14	0
SKIP_PAGE	tennenshoku-boy	天然色BOY	天然色BOY	4	4	0	0	0	0	0	3	1	0	0
SKIP_PAGE	tennyo-raishuu	天女来襲	天女来襲	1	2	0	0	0	0	0	0	1	0	0
SKIP_PAGE	tenparist-babies	テンパリスト☆ベイビーズ	テンパリスト☆ベイビーズ	1	1	0	0	0	0	0	0	1	0	0
SKIP_PAGE	tenryuuhai	天竜牌	天竜牌	3	3	0	2	0	0	0	1	0	0	0
SKIP_PAGE	tensai-bakabon	天才バカボン	天才バカボン	65	1	0	0	0	0	0	0	0	58	7
SKIP_PAGE	tensai-yanagisawa-kyouju-no-seikatsu	天才柳沢教授の生活	天才柳沢教授の生活	51	1	0	0	0	0	0	0	0	51	0
SKIP_PAGE	tensei-koroshiamu	転生コロシアム	転生コロシアム	7	8	0	1	0	0	0	3	2	1	0
SKIP_PAGE	tensei-shitara-ore-ga-heroine-de-aitsu-ga-yuusha-datta	転生したらオレがヒロインであいつが勇者だった	転生したらオレがヒロインであいつが勇者だった	5	5	0	4	0	0	0	1	0	0	0
SKIP_PAGE	tenshi-nanka-janai	天使なんかじゃない	天使なんかじゃない	19	32	0	13	0	0	0	6	0	0	0
SKIP_PAGE	tenshi-no-furaipan	天使のフライパン	天使のフライパン	5	3	0	3	0	0	0	0	0	2	0
SKIP_PAGE	tenshi-no-jikuusen	天使の時空船	天使の時空船	13	13	0	6	0	0	0	3	4	0	0
SKIP_PAGE	tenshou-no-ryouma	天翔の龍馬	天翔の龍馬	5	1	0	0	0	0	0	0	0	5	0
SKIP_PAGE	tera-e	地球へ…	地球へ…	7	2	0	0	0	0	0	0	0	7	0
SKIP_PAGE	terebi-kun	テレビくん	テレビくん	1	8	0	0	0	0	0	1	0	0	0
SKIP_PAGE	teroru-no-keifu	テロルの系譜	テロルの系譜	2	2	0	0	0	0	0	2	0	0	0
SKIP_PAGE	territory-m-no-juunin	テリトリーMの住人	テリトリーMの住人	11	11	0	3	0	0	0	8	0	0	0
SKIP_PAGE	tetokuchi	てとくち	てとくち	5	5	0	3	0	0	0	2	0	0	0
SKIP_PAGE	tetsujin-28gou-koutei-no-monshou	鉄人28号 皇帝の紋章	鉄人28号 皇帝の紋章	3	2	0	2	0	0	0	0	0	1	0
SKIP_PAGE	the-complete-works-of-fujikoffujio	てぶくろてっちゃん	てぶくろてっちゃん	2	1	0	1	0	0	0	0	0	1	0
SKIP_PAGE	the-idolm-ster-million-live	アイドルマスターミリオンライブ!	アイドルマスター ミリオンライブ! (門司雪の漫画)	5	5	0	0	0	0	0	5	0	0	0
SKIP_PAGE	the-kureetaa	ザ・クレーター	ザ・クレーター	8	2	0	0	0	0	0	0	0	8	0
SKIP_PAGE	the-manzai	The MANZAI	THE MANZAI (小説)	4	23	0	1	0	0	0	0	3	0	0
SKIP_PAGE	the-world	The world	THE WORLD (漫画)	5	5	0	0	0	0	0	0	5	0	0
SKIP_PAGE	theseus-no-fune	テセウスの船	テセウスの船 (漫画)	10	4	0	4	0	0	0	0	0	6	0
SKIP_PAGE	third-girl	サード・ガール	サード・ガール	14	21	0	13	0	0	0	0	0	1	0
SKIP_PAGE	thomas-no-shinzou	トーマの心臓	トーマの心臓	4	13	0	3	0	0	0	0	1	0	0
SKIP_PAGE	thunder-mask	サンダーマスク	サンダーマスク	3	1	0	0	0	0	0	0	0	3	0
SKIP_PAGE	time-walker-zero	タイムウォーカー零	タイムウォーカー零	4	4	0	0	0	0	0	2	2	0	0
SKIP_PAGE	toaru-kagaku-no-accelerator	とある科学の一方通行	とある科学の一方通行	12	16	0	11	0	0	0	1	0	0	0
SKIP_PAGE	tobaku-haouden-zero	賭博覇王伝零	賭博覇王伝 零	8	12	0	2	0	0	0	0	0	6	0
SKIP_PAGE	todenka	とでんか	とでんか	7	7	0	1	0	0	0	5	1	0	0
SKIP_PAGE	toe-shoes	トウ・シューズ	トウ・シューズ (漫画)	5	5	0	0	0	0	0	3	2	0	0
SKIP_PAGE	toilet-hakase	トイレット博士	トイレット博士	3	1	0	0	0	0	0	0	0	3	0
SKIP_PAGE	toki-no-gyouja	時の行者	時の行者	19	5	0	0	0	0	0	0	2	17	0
SKIP_PAGE	tokiiro-kaima	朱鷺色怪魔	朱鷺色怪魔	2	3	0	0	0	0	0	2	0	0	0
SKIP_PAGE	tokiiro-triangle	朱鷺色三角	朱鷺色三角	8	6	0	0	0	0	0	1	2	5	0
SKIP_PAGE	tokimeki-no-silver-star	ときめきのシルバー☆スター	ときめきのシルバー・スター	1	1	0	0	0	0	0	0	1	0	0
SKIP_PAGE	tokiwa-kitareri	トキワ来たれり!!	トキワ来たれり!!	13	1	0	1	0	0	0	0	0	12	0
SKIP_PAGE	tokusatsu-gagaga	トクサツガガガ	トクサツガガガ	20	20	0	3	0	0	0	0	17	0	0
SKIP_PAGE	tokyo-babylon	東京BABYLON	東京BABYLON	6	24	0	0	0	0	0	6	0	0	0
SKIP_PAGE	tokyo-girls-bravo	東京ガールズブラボー	東京ガールズブラボー	2	4	0	0	0	0	0	0	2	0	0
SKIP_PAGE	tokyo-shutter-girl	東京シャッターガール	東京シャッターガール	3	3	0	0	0	0	0	0	3	0	0
SKIP_PAGE	tokyo-tanteidan	東京探偵団	東京探偵団	9	3	0	0	0	0	0	3	0	6	0
SKIP_PAGE	tokyo-tarareba-musume	東京タラレバ娘	東京タラレバ娘	9	1	0	1	0	0	0	0	0	8	0
SKIP_PAGE	tomodachi-no-hanashi	友だちの話	友だちの話	1	1	0	0	0	0	0	0	1	0	0
SKIP_PAGE	tomoe-ga-yuku	巴がゆく!	巴がゆく!	13	9	0	9	0	0	0	0	0	4	0
SKIP_PAGE	tonari-no-kaibutsu-kun	となりの怪物くん	となりの怪物くん	20	17	0	13	0	0	0	0	0	7	0
SKIP_PAGE	tonari-no-kashiwagi-san	となりの柏木さん	となりの柏木さん	12	3	0	2	0	0	0	0	0	10	0
SKIP_PAGE	tonari-no-kyuuketsuki-san	となりの吸血鬼さん	となりの吸血鬼さん	8	7	0	2	0	0	0	4	0	2	0
SKIP_PAGE	tonari-no-randoseru-w	となりのランドセルw	となりのランドセルw	4	4	0	3	0	0	0	1	0	0	0
SKIP_PAGE	tonari-no-youkai-san	となりの妖怪さん	となりの妖怪さん	4	6	0	2	0	0	0	2	0	0	0
SKIP_PAGE	tora-to-mike	トラとミケ	トラとミケ	7	3	0	3	0	0	0	0	0	4	0
SKIP_PAGE	toraiaru-kaoru	トライアルかおる!	トライアルかおる!	3	3	0	2	0	0	0	0	1	0	0
SKIP_PAGE	torajima-no-mii-me	トラジマのミーめ	トラジマのミーめ	2	1	0	0	0	0	0	0	0	2	0
SKIP_PAGE	toraware-gokko	とらわれごっこ	とらわれごっこ	6	1	0	0	0	0	0	0	1	5	0
SKIP_PAGE	torikago-no-tsugai	鳥籠ノ番	鳥籠ノ番	4	2	0	2	0	0	0	0	0	2	0
SKIP_PAGE	toritsuki-kun	トリツキくん	トリツキくん	1	1	0	0	0	0	0	0	1	0	0
SKIP_PAGE	toriyama-akira-marusaku-gekijou	鳥山明○作劇場	鳥山明○作劇場	3	10	0	0	0	0	0	1	2	0	0
SKIP_PAGE	tosa-no-ipponzuri	土佐の一本釣り	土佐の一本釣り	25	24	0	0	0	0	0	0	0	0	25
SKIP_PAGE	totsugeki-tondenmura-seinendan	突撃!!屯田村青年団	突撃!!屯田村青年団	7	8	0	6	0	0	0	1	0	0	0
SKIP_PAGE	tottemo-luckyman	とっても!ラッキーマン	とっても!ラッキーマン	24	1	0	0	0	0	0	1	0	23	0
SKIP_PAGE	tottemo-shounen-tankentai	とっても少年探検隊	とっても少年探検隊	2	2	0	1	0	0	0	1	0	0	0
SKIP_PAGE	touhai	凍牌	凍牌	12	54	0	0	0	0	0	0	0	0	12
SKIP_PAGE	toukei-ibun	東亰異聞	東亰異聞	5	2	0	0	0	0	0	0	0	5	0
SKIP_PAGE	toukyoumonogatari	東京物語	東京物語 (漫画)	9	3	0	0	0	0	0	1	0	8	0
SKIP_PAGE	tounan-kadobeya	東南角部屋	東南角部屋	3	3	0	0	0	0	0	3	0	0	0
SKIP_PAGE	touzai-kikkai-shinshiroku	東西奇ッ怪紳士録	東西奇ッ怪紳士録	3	4	0	1	0	0	0	0	2	0	0
SKIP_PAGE	trafalgar	トラファルガー	トラファルガー (漫画)	1	2	0	0	0	0	0	1	0	0	0
SKIP_PAGE	trouble-dogs	トラブル・ドッグ	トラブル・ドッグ	10	10	0	0	0	0	0	8	2	0	0
SKIP_PAGE	trouble	To LOVEる-とらぶる-	To LOVEる -とらぶる-	28	51	0	18	0	0	0	0	0	10	0
SKIP_PAGE	tsugihagi-hyouryuu-sakka	ツギハギ漂流作家	ツギハギ漂流作家	3	3	0	0	0	0	0	0	3	0	0
SKIP_PAGE	tsuitemasuka	憑いてますか	憑いてますか	8	8	0	0	0	0	0	8	0	0	0
SKIP_PAGE	tsuiteru-kanojo-fujima-2005	ツイてるカノジョ	ツイてるカノジョ	2	2	0	0	0	0	0	0	0	2	0
SKIP_PAGE	tsuki-no-sango	月の珊瑚	月の珊瑚	2	4	0	1	0	0	0	1	0	0	0
SKIP_PAGE	tsumugu-otome-to-taishou-no-tsuki	紡ぐ乙女と大正の月	紡ぐ乙女と大正の月	4	4	0	0	0	0	0	0	4	0	0
SKIP_PAGE	tsuribaka-nisshi	釣りバカ日誌	釣りバカ日誌	133	138	0	27	0	0	0	0	0	15	91
SKIP_PAGE	tsuru-pika-hagemaru	つるピカハゲ丸	つるピカハゲ丸	25	1	0	0	0	0	0	0	0	25	0
SKIP_PAGE	tsurugi-no-mai-iwaaki-2001	雪の峠 剣の舞	雪の峠・剣の舞	2	3	0	0	0	0	0	2	0	0	0
SKIP_PAGE	tsurutsuru-to-zarazara-no-aida	つるつるとザラザラの間	つるつるとザラザラの間	4	1	0	1	0	0	0	0	0	3	0
SKIP_PAGE	tubame-wa-modotte-konai	燕は戻ってこない	燕は戻ってこない	3	5	0	0	0	0	0	0	3	0	0
SKIP_PAGE	twinkle-star-nonnonzie	トゥインクルスターのんのんじー	トゥインクルスターのんのんじー	1	4	0	0	0	0	0	1	0	0	0
SKIP_PAGE	uanpaia-savior-tamashii-no-mayoigo	ヴァンパイアセイヴァー魂の迷い子	ヴァンパイア セイヴァー 〜魂の迷い子〜	5	5	0	1	0	0	0	0	4	0	0
SKIP_PAGE	uchi-no-hahaoya-matta-nashi	うちの母親待ったなし	うちの母親待ったなし	3	3	0	0	0	0	0	3	0	0	0
SKIP_PAGE	uchi-no-tsukaima-ga-sumimasen	ウチの使い魔がすみません	ウチの使い魔がすみません	11	23	0	10	0	0	0	1	0	0	0
SKIP_PAGE	uchuu-eiyuu-monogatari	宇宙英雄物語	宇宙英雄物語	8	18	0	0	0	0	0	8	0	0	0
SKIP_PAGE	uchuu-kaizoku-captain-harlock	宇宙海賊キャプテンハーロック	宇宙海賊キャプテンハーロック	11	12	0	0	0	0	0	0	0	11	0
SKIP_PAGE	uchuu-keisatsu-miiteia-wanwan	宇宙警察☆ミーティアわんわん	宇宙警察☆ミーティアわんわん	4	4	0	3	0	0	0	1	0	0	0
SKIP_PAGE	uchuu-kyoudai	宇宙兄弟	宇宙兄弟	46	13	0	0	0	0	0	0	0	46	0
SKIP_PAGE	uchuu-toka-to-kurabetara-chippoke-na-mondai-desu	宇宙とかと比べたらちっぽけな問題ですが	宇宙とかと比べたらちっぽけな問題ですが	3	3	0	2	0	0	0	1	0	0	0
SKIP_PAGE	udauda-yatteru-hima-wa-nee	ウダウダやってるヒマはねェ!	ウダウダやってるヒマはねェ!	21	3	0	0	0	0	0	0	0	21	0
SKIP_PAGE	uikon	初×婚	初×婚	17	20	0	16	0	0	0	0	0	1	0
SKIP_PAGE	uiui-days	ういうい❤days	ういうい♥days	11	11	0	4	0	0	0	0	0	0	7
SKIP_PAGE	uizaadorii-gaiden	ウィザードリィ外伝	ウィザードリィ外伝 (漫画)	3	6	0	2	0	0	0	1	0	0	0
SKIP_PAGE	uizaazu-soul-koi-no-jihaado	Wizard's Soul ～恋の聖戦～	Wizard's Soul 〜恋の聖戦〜	4	4	0	3	0	0	0	1	0	0	0
SKIP_PAGE	ultraman-2012	ULTRAMAN	ULTRAMAN (漫画)	22	25	0	0	0	0	0	20	2	0	0
SKIP_PAGE	umi-ga-hashiru-end-roll	海が走るエンドロール	海が走るエンドロール	9	9	0	0	0	0	0	6	3	0	0
SKIP_PAGE	umi-ni-nemuru-hana	海ニ眠ル花	海ニ眠ル花	5	10	0	0	0	0	0	1	4	0	0
SKIP_PAGE	umi-no-misaki	海の御先	海の御先	15	1	0	0	0	0	0	0	0	15	0
SKIP_PAGE	undead	UNDEAD	UNDEAD (漫画)	4	4	0	0	0	0	0	0	4	0	0
SKIP_PAGE	undercurrent	アンダーカレント	アンダーカレント (漫画)	1	1	0	0	0	0	0	1	0	0	0
SKIP_PAGE	unkai-no-tabibito	雲界の旅人	雲界の旅人	2	3	0	0	0	0	0	0	2	0	0
SKIP_PAGE	untrace	アントレース	アントレース	3	3	0	0	0	0	0	3	0	0	0
SKIP_PAGE	uq-holder	UQ HOLDER!	UQ HOLDER!	28	29	0	27	0	0	0	1	0	0	0
SKIP_PAGE	uragiri-wa-boku-no-namae-o-shitteiru	裏切りは僕の名前を知っている	裏切りは僕の名前を知っている	13	3	0	0	0	0	0	0	0	13	0
SKIP_PAGE	uranaishi-no-nayamigoto	占い師の悩み事	占い師の悩み事	2	2	0	1	0	0	0	1	0	0	0
SKIP_PAGE	uratarou	うらたろう	うらたろう	6	6	0	0	0	0	0	6	0	0	0
SKIP_PAGE	usagi-drop	うさぎドロップ	うさぎドロップ	10	1	0	0	0	0	0	0	0	10	0
SKIP_PAGE	ushironohyakutarou	うしろの百太郎	うしろの百太郎	14	33	0	9	0	0	0	3	0	2	0
SKIP_PAGE	uwagaki	ウワガキ	ウワガキ	4	4	0	0	0	0	0	4	0	0	0
SKIP_PAGE	uwasa	うわさ	うわさ (漫画)	1	1	0	0	0	0	0	1	0	0	0
SKIP_PAGE	uzaki-chan-wa-asobitai	宇崎ちゃんは遊びたい!	宇崎ちゃんは遊びたい!	14	14	0	6	0	0	0	5	2	1	0
SKIP_PAGE	valkyrie	ワルキューレ	ワルキューレ (千之ナイフ)	2	2	0	0	0	0	0	2	0	0	0
SKIP_PAGE	vampire	バンパイヤ	バンパイヤ	19	1	0	0	0	0	0	1	0	18	0
SKIP_PAGE	vanilla-spider	バニラスパイダー	バニラスパイダー	3	3	0	1	0	0	0	0	2	0	0
SKIP_PAGE	vector-ball	VECTOR BALL	VECTOR BALL	5	2	0	2	0	0	0	0	0	3	0
SKIP_PAGE	velvet-blue-rose	V・B・ローズ	V・B・ローズ	14	15	0	0	0	0	0	0	14	0	0
SKIP_PAGE	venus-ni-arazu	ヴィーナスにあらず	ヴィーナスにあらず	2	1	0	0	0	0	0	1	0	1	0
SKIP_PAGE	venus-versus-virus	Venus Versus Virus	Venus Versus Virus	7	8	0	3	0	0	0	4	0	0	0
SKIP_PAGE	venus-wa-kataomoi	ビーナスは片想い	ビーナスは片想い	12	12	0	8	0	0	0	4	0	0	0
SKIP_PAGE	virgin-naito	初夜	初夜 (漫画)	3	1	0	1	0	0	0	0	0	2	0
SKIP_PAGE	viri	ヴィリ	ヴィリ (漫画)	1	1	0	0	0	0	0	1	0	0	0
SKIP_PAGE	wagatsuma-san-wa-ore-no-yome	我妻さんは俺のヨメ	我妻さんは俺のヨメ	13	13	0	11	0	0	0	2	0	0	0
SKIP_PAGE	wakabayashi-kun-ga-nekasete-kurenai	若林くんが寝かせてくれない	若林くんが寝かせてくれない	5	5	0	4	0	0	0	1	0	0	0
SKIP_PAGE	wan-no-mi	わんの実	わんの実	2	2	0	0	0	0	0	0	2	0	0
SKIP_PAGE	wanitokagegisu	わにとかげぎす	わにとかげぎす	7	7	0	6	0	0	0	0	1	0	0
SKIP_PAGE	wansa-kun	ワンサくん	ワンサくん	2	1	0	0	0	0	0	0	0	2	0
SKIP_PAGE	waratte-sotomura-san	笑って!外村さん	笑って!外村さん	7	7	0	0	0	0	0	7	0	0	0
SKIP_PAGE	warau-michael	笑う大天使	笑う大天使	5	7	0	1	0	0	0	0	4	0	0
SKIP_PAGE	warau-salesman	笑ゥせぇるすまん	笑ゥせぇるすまん	28	13	0	3	0	0	0	2	0	20	3
SKIP_PAGE	watashi-wa-shingo	わたしは真悟	わたしは真悟	17	33	0	11	0	0	0	0	6	0	0
SKIP_PAGE	wazaboo	わざぼー	わざぼー	6	1	0	0	0	0	0	0	0	6	0
SKIP_PAGE	wild-cats	WILD CATS	WILD CATS (漫画)	2	2	0	0	0	0	0	1	0	1	0
SKIP_PAGE	wingman	ウイングマン	ウイングマン	20	27	0	10	0	0	0	3	7	0	0
SKIP_PAGE	witch-craft-works	ウィッチクラフトワークス	ウィッチクラフトワークス	17	22	0	16	0	0	0	0	0	1	0
SKIP_PAGE	witch-watch	ウィッチウォッチ	ウィッチウォッチ	28	27	0	1	0	0	0	20	6	1	0
SKIP_PAGE	wombs	WOMBS	WOMBS	5	7	0	1	0	0	0	0	4	0	0
SKIP_PAGE	wonder-rabbit-girl	ワンダーラビットガール	ワンダーラビットガール	7	7	0	0	0	0	0	7	0	0	0
SKIP_PAGE	wood-note	ウッド・ノート	ウッド・ノート (漫画)	8	10	0	0	0	0	0	0	8	0	0
SKIP_PAGE	woody-kane	ウッディケーン	ウッディケーン	3	5	0	1	0	0	0	0	2	0	0
SKIP_PAGE	working	WORKING!!	WORKING!!	13	1	0	0	0	0	0	0	0	13	0
SKIP_PAGE	wotaku-no-musume-san	おたくの娘さん	おたくの娘さん	11	12	0	3	0	0	0	8	0	0	0
SKIP_PAGE	x-day	X day	X Day	2	2	0	0	0	0	0	1	0	1	0
SKIP_PAGE	x	X	X (漫画)	37	9	0	0	0	0	0	1	0	36	0
SKIP_PAGE	xazsa	XAZSA	XAZSA	3	5	0	0	0	0	0	0	2	1	0
SKIP_PAGE	xxxholic	xxxHOLiC	XXXHOLiC	38	52	0	33	0	0	0	5	0	0	0
SKIP_PAGE	yagachou	夜画帳	夜画帳	6	6	0	4	0	0	0	1	0	1	0
SKIP_PAGE	yagate-kimi-ni-naru	やがて君になる	やがて君になる	8	12	0	6	0	0	0	2	0	0	0
SKIP_PAGE	yajirobee	やじろべえ	やじろべえ (漫画)	2	2	0	1	0	0	0	0	1	0	0
SKIP_PAGE	yajuu-shine-tsukishima	野獣社員ツキシマ	野獣社員ツキシマ	2	1	0	0	0	0	0	0	0	2	0
SKIP_PAGE	yakusoku-no-never-land	約束のネバーランド	約束のネバーランド	20	29	0	3	0	0	0	17	0	0	0
SKIP_PAGE	yakuza-to-metsuki-no-warui-onnakeiji-no-hanashi	ヤクザと目つきの悪い女刑事の話	ヤクザと目つきの悪い女刑事の話	2	2	0	1	0	0	0	1	0	0	0
SKIP_PAGE	yama-no-susume	ヤマノススメ	ヤマノススメ	27	6	0	0	0	0	0	0	0	27	0
SKIP_PAGE	yamabiko-shoujo	山びこ少女	山びこ少女	2	2	0	0	0	0	0	0	0	2	0
SKIP_PAGE	yamada-kun-to-lv999-no-koi-wo-suru	山田くんとLv999の恋をする	山田くんとLv999の恋をする	10	10	0	9	0	0	0	1	0	0	0
SKIP_PAGE	yamafuu-tan	山風短	山風短	4	3	0	3	0	0	0	0	0	1	0
SKIP_PAGE	yamagutsu-yo-hashire	山靴よ疾走れ!!	山靴よ疾走れ!!	5	5	0	0	0	0	0	5	0	0	0
SKIP_PAGE	yamamoto-zenjirou-to-moushimasu	山本善次朗と申します	山本善次朗と申します	5	5	0	1	0	0	0	0	4	0	0
SKIP_PAGE	yamataika	ヤマタイカ	ヤマタイカ	11	5	0	0	0	0	0	0	0	11	0
SKIP_PAGE	yamato-no-hane	やまとの羽根	やまとの羽根	4	3	0	2	0	0	0	1	0	1	0
SKIP_PAGE	yami-no-giisu	闇のギース	闇のギース	1	1	0	0	0	0	0	1	0	0	0
SKIP_PAGE	yami-no-matsuei	闇の末裔	闇の末裔	13	13	0	12	0	0	0	0	1	0	0
SKIP_PAGE	yami-no-purple-ai	闇のパープル・アイ	闇のパープル・アイ	19	6	0	0	0	0	0	0	0	19	0
SKIP_PAGE	yamigarishi	闇狩り師	闇狩り師	4	10	0	0	0	0	0	0	0	4	0
SKIP_PAGE	yamikariudo	闇狩人	闇狩人	6	22	0	1	0	0	0	5	0	0	0
SKIP_PAGE	yamikaryuudo	闇狩人	闇狩人	2	22	0	0	0	0	0	0	0	2	0
SKIP_PAGE	yankee-juku-e-iku	ヤンキー塾へ行く	ヤンキー塾へ行く	4	3	0	2	0	0	0	0	0	2	0
SKIP_PAGE	yasashii-watashi	ヤサシイワタシ	ヤサシイワタシ	2	4	0	0	0	0	0	2	0	0	0
SKIP_PAGE	yasuko-to-kenji	ヤスコとケンジ	ヤスコとケンジ	8	5	0	0	0	0	0	0	5	3	0
SKIP_PAGE	yatto-anshin-uchuu-ryokou	YAT安心!宇宙旅行	YAT安心!宇宙旅行	6	1	0	0	0	0	0	0	0	6	0
SKIP_PAGE	yayoi-no-oozora	弥生の大空	弥生の大空	11	18	0	0	0	0	0	0	11	0	0
SKIP_PAGE	yebisu-celebrities	Yebisuセレブリティーズ	YEBISUセレブリティーズ	5	1	0	0	0	0	0	0	0	5	0
SKIP_PAGE	yesterday-o-utatte	イエスタデイをうたって	イエスタデイをうたって	11	6	0	0	0	0	0	0	0	11	0
SKIP_PAGE	yogoreteru-hima-nanka-nai	汚れてる暇なんかない	汚れてる暇なんかない	3	3	0	0	0	0	0	2	1	0	0
SKIP_PAGE	yokohamasen-dopperugengaa	横浜線ドッペルゲンガー	横浜線ドッペルゲンガー	4	4	0	2	0	0	0	2	0	0	0
SKIP_PAGE	yonensei	四年生	四年生	1	2	0	0	0	0	0	1	0	0	0
SKIP_PAGE	yoru-caf	ヨルカフェ。	ヨルカフェ。	3	1	0	1	0	0	0	0	0	2	0
SKIP_PAGE	yoru-no-ryouiki	夜の領域	夜の領域 (漫画)	1	1	0	0	0	0	0	1	0	0	0
SKIP_PAGE	yose-geininden	寄席芸人伝	寄席芸人伝	17	11	0	0	0	0	0	0	0	8	9
SKIP_PAGE	yoshiboo-no-hanzai	ヨシボーの犯罪	ヨシボーの犯罪	1	2	0	0	0	0	0	0	0	1	0
SKIP_PAGE	youkai-giga	妖怪ギガ	妖怪ギガ	11	6	0	5	0	0	0	0	0	6	0
SKIP_PAGE	youkai-shoujo-monsuga	妖怪少女-モンスガ-	妖怪少女 -モンスガ-	14	14	0	0	0	0	0	14	0	0	0
SKIP_PAGE	youkihiden	妖鬼妃伝	妖鬼妃伝	1	3	0	0	0	0	0	0	1	0	0
SKIP_PAGE	youkoso-amazonesu-pocket-henshuubu-e	ようこそ!アマゾネス☆ポケット編集部へ	ようこそ! アマゾネス☆ポケット編集部へ	2	2	0	0	0	0	0	2	0	0	0
SKIP_PAGE	yowamushi	弱虫	弱虫	3	4	0	2	0	0	0	0	1	0	0
SKIP_PAGE	yozakura-san-no-daisakusen	夜桜さんちの大作戦	夜桜さんちの大作戦	29	32	0	0	0	0	0	27	2	0	0
SKIP_PAGE	yugami-kun-niwa-tomodachi-ga-inai	湯神くんには友達がいない	湯神くんには友達がいない	16	16	0	9	0	0	0	6	1	0	0
SKIP_PAGE	yuizaki-san-wa-nageru	結崎さんはなげる!	結崎さんはなげる!	5	5	0	0	0	0	0	5	0	0	0
SKIP_PAGE	yukionna-to-kani-o-kuu	雪女と蟹を食う	雪女と蟹を食う	9	9	0	8	0	0	0	0	0	1	0
SKIP_PAGE	yume-hitoyo	夢一夜	夢一夜 (漫画)	1	1	0	0	0	0	0	1	0	0	0
SKIP_PAGE	yume-kamoshinnai	夢かもしんない	夢かもしんない	5	5	0	3	0	0	0	0	2	0	0
SKIP_PAGE	yume-miru-taiyou	夢みる太陽	夢みる太陽	10	25	0	0	0	0	0	0	10	0	0
SKIP_PAGE	yume-no-mahiru	夢の真昼	夢の真昼	7	2	0	2	0	0	0	0	0	5	0
SKIP_PAGE	yume-no-sanpo	夢の散歩	夢の散歩	1	1	0	0	0	0	0	0	0	1	0
SKIP_PAGE	yume-no-tsuzuki	夢のつづき	夢のつづき (漫画)	1	2	0	0	0	0	0	0	1	0	0
SKIP_PAGE	yume-tokei	夢時計	夢時計	4	4	0	0	0	0	0	0	4	0	0
SKIP_PAGE	yume-yume-yuuyuu	ゆめゆめ☆ゆうゆう	ゆめゆめ☆ゆうゆう	3	2	0	1	0	0	0	1	0	1	0
SKIP_PAGE	yumeguri-yuri-meguri	ゆめぐりゆりめぐり	ゆめぐりゆりめぐり	4	4	0	0	0	0	0	0	4	0	0
SKIP_PAGE	yumekui-annainin	夢食案内人	夢食案内人	1	1	0	0	0	0	0	1	0	0	0
SKIP_PAGE	yumekuri	ゆめくり	ゆめくり	5	5	0	0	0	0	0	5	0	0	0
SKIP_PAGE	yumemiru-happa	夢みる葉っぱ	夢みる葉っぱ	2	1	0	0	0	0	0	0	1	1	0
SKIP_PAGE	yuragisou-no-yuuna-san	ゆらぎ荘の幽奈さん	ゆらぎ荘の幽奈さん	24	24	0	5	0	0	0	19	0	0	0
SKIP_PAGE	yurayura	ゆらゆら	ゆらゆら (漫画)	1	1	0	0	0	0	0	0	0	1	0
SKIP_PAGE	yuru-yuri	ゆるゆり	ゆるゆり	25	4	0	0	0	0	0	0	0	25	0
SKIP_PAGE	yusesoma	ゆせそま。	ゆせそま。	2	2	0	0	0	0	0	2	0	0	0
SKIP_PAGE	yuu-ando-mii	優＆魅衣	優&魅衣	8	13	0	4	0	0	0	4	0	0	0
SKIP_PAGE	yuu-gi-ou-5ds	遊・戯・王5D's	遊☆戯☆王5D's (漫画)	9	9	0	8	0	0	0	1	0	0	0
SKIP_PAGE	yuugen-kaisha-koboruto-shiritsu-tanteisha	有限会社コボルト私立探偵社	有限会社コボルト私立探偵社	2	2	0	0	0	0	0	2	0	0	0
SKIP_PAGE	yuugen-mantama-nikki	幽玄漫玉日記	幽玄漫玉日記	10	10	0	0	0	0	0	9	1	0	0
SKIP_PAGE	yuugiouaaru	遊・戯・王R	遊☆戯☆王R	5	5	0	0	0	0	0	1	4	0	0
SKIP_PAGE	yuuhi-romance	夕日ロマンス	夕日ロマンス	1	1	0	0	0	0	0	0	0	1	0
SKIP_PAGE	yuukoku-no-moriarty	憂国のモリアーティ	憂国のモリアーティ	23	29	0	4	0	0	0	17	2	0	0
SKIP_PAGE	yuurei-kozou-ga-yatsutekita	ゆうれい小僧がやってきた!	ゆうれい小僧がやってきた!	5	11	0	0	0	0	0	0	5	0	0
SKIP_PAGE	yuusha-ga-shinda	勇者が死んだ!	勇者が死んだ!	20	22	0	17	0	0	0	2	0	1	0
SKIP_PAGE	yuusha-ni-narenakatta-ore-wa-shibushibu-shuushoku-o-ketsui-shimashita	勇者になれなかった俺はしぶしぶ就職を決意しました。	勇者になれなかった俺はしぶしぶ就職を決意しました。	4	18	0	2	0	0	0	2	0	0	0
SKIP_PAGE	yuusha-no-hiza-ni-wa-neko-ga-iru	勇者のひざには猫がいる	勇者のひざには猫がいる	4	4	0	1	0	0	0	3	0	0	0
SKIP_PAGE	yuuyake-trip	ゆうやけトリップ	ゆうやけトリップ	2	1	0	0	0	0	0	1	0	1	0
SKIP_PAGE	za-super-gal	ザ・超女	ザ・超女	1	2	0	0	0	0	0	0	0	1	0
SKIP_PAGE	zeikin-de-katta-hon	税金で買った本	税金で買った本	20	6	0	1	0	0	0	2	2	15	0
SKIP_PAGE	zerozero-nine-one	009ノ1	009ノ1	10	8	0	2	0	0	0	6	0	2	0
SKIP_PAGE	zettai-bl-ni-naru-sekai-vs-zettai-bl-ni-naritakunai-otoko	絶対BLになる世界vs絶対BLになりたくない男	絶対BLになる世界VS絶対BLになりたくない男	6	7	0	3	0	0	0	0	0	3	0
SKIP_PAGE	zettai-kareshi	絶対彼氏。	絶対彼氏。	9	1	0	1	0	0	0	0	0	8	0
SKIP_PAGE	zoids-ss	ゾイドSS	ゾイドSS	1	1	0	0	0	0	0	1	0	0	0
SKIP_PAGE	zombiepowder	Zombiepowder.	ZOMBIEPOWDER.	4	4	0	1	0	0	0	3	0	0	0
SKIP_PAGE	zone-00	ZONE-00	ZONE-00	20	22	0	8	0	0	0	12	0	0	0
SKIP_PAGE	zou-no-senaka	象の背中	象の背中	2	9	0	0	0	0	0	2	0	0	0
NO_CHANGE	090-eko-to-isshokenmei	090えこといっしょ。	090えこといっしょ。	4	5	0	4	0	0	0	0	0	0	0
NO_CHANGE	1-n-no-yuragi	1/Nのゆらぎ	1/Nのゆらぎ	1	3	0	1	0	0	0	0	0	0	0
NO_CHANGE	10-zai	罪×10	罪×10	4	4	0	4	0	0	0	0	0	0	0
NO_CHANGE	100-kai-naku-koto	100回泣くこと	100回泣くこと	1	3	0	1	0	0	0	0	0	0	0
NO_CHANGE	100paasento-no-kimi-e	100％の君へ	100%の君へ	2	2	0	2	0	0	0	0	0	0	0
NO_CHANGE	12-no-tsuki-no-meguru-aida-12	12の月のめぐる間に	12の月のめぐる間に	4	4	0	4	0	0	0	0	0	0	0
NO_CHANGE	15-sainoechuudo	15歳のエチュード	15歳のエチュード	1	1	0	1	0	0	0	0	0	0	0
NO_CHANGE	16bit-sensation	16bitセンセーション	16bitセンセーション	2	2	0	2	0	0	0	0	0	0	0
NO_CHANGE	17-sai-no-tou	17歳の塔	17歳の塔	2	2	0	2	0	0	0	0	0	0	0
NO_CHANGE	18-sai-niizuma-furin-shimasu	18歳、新妻、不倫します。	18歳、新妻、不倫します。	11	11	0	11	0	0	0	0	0	0	0
NO_CHANGE	3d-boys	3D-boys	3D-boys	3	3	0	3	0	0	0	0	0	0	0
NO_CHANGE	3gatsu-no-dai2-button	3月の第2ボタン	3月の第2ボタン	1	1	0	1	0	0	0	0	0	0	0
NO_CHANGE	4-punkan-no-mariigoorudo	4分間のマリーゴールド	4分間のマリーゴールド	3	4	0	3	0	0	0	0	0	0	0
NO_CHANGE	6-no-trigger	6のトリガー	6のトリガー	4	4	0	4	0	0	0	0	0	0	0
NO_CHANGE	7thgarden	7thGARDEN	7thGARDEN	8	8	0	8	0	0	0	0	0	0	0
NO_CHANGE	aaa	AAA	AAA (漫画)	4	4	0	4	0	0	0	0	0	0	0
NO_CHANGE	abyss-rage	アビスレイジ	アビスレイジ	3	3	0	3	0	0	0	0	0	0	0
NO_CHANGE	accomplice	アカンプリス	アカンプリス	1	1	0	1	0	0	0	0	0	0	0
NO_CHANGE	acma-game	ACMA:GAME	ACMA:GAME	22	22	0	22	0	0	0	0	0	0	0
NO_CHANGE	acro-trip	アクロトリップ	アクロトリップ	5	5	0	5	0	0	0	0	0	0	0
NO_CHANGE	action-kamen	アクション仮面	アクション仮面	5	5	0	5	0	0	0	0	0	0	0
NO_CHANGE	adashimono	あだしもの	あだしもの	4	4	0	4	0	0	0	0	0	0	0
NO_CHANGE	afurika-no-salaryman	アフリカのサラリーマン	アフリカのサラリーマン	4	4	0	4	0	0	0	0	0	0	0
NO_CHANGE	again-kubo-2011	アゲイン!!	アゲイン!!	12	12	0	12	0	0	0	0	0	0	0
NO_CHANGE	aganai-no-seija	贖いの聖者	贖いの聖者	1	2	0	1	0	0	0	0	0	0	0
NO_CHANGE	agravity-boys	AGRAVITY BOYS	AGRAVITY BOYS	7	7	0	7	0	0	0	0	0	0	0
NO_CHANGE	agurikko	アグリっ娘	アグリっ娘	1	1	0	1	0	0	0	0	0	0	0
NO_CHANGE	ahiru-ezuki-2004	アヒル	アヒル (漫画)	1	1	0	1	0	0	0	0	0	0	0
NO_CHANGE	aho-girl	アホガール	アホガール	12	13	0	12	0	0	0	0	0	0	0
NO_CHANGE	ai-ga-shinu-nowa-kimi-no-sei	愛が死ぬのは君のせい	愛が死ぬのは君のせい	6	6	0	6	0	0	0	0	0	0	0
NO_CHANGE	ai-to-mogumogu	愛ともぐもぐ	愛ともぐもぐ	3	3	0	3	0	0	0	0	0	0	0
NO_CHANGE	aishiau-koto-shika-dekinai	愛しあう事しかできない	愛しあう事しかできない	1	1	0	1	0	0	0	0	0	0	0
NO_CHANGE	aitakute-shima-kousaku	逢いたくて、島耕作	逢いたくて、島耕作	6	6	0	6	0	0	0	0	0	0	0
NO_CHANGE	aitenshi-densetsu-wedding-peach	愛天使伝説ウェディングピーチ	愛天使伝説ウェディングピーチ	1	18	0	1	0	0	0	0	0	0	0
NO_CHANGE	aka-chan-honbuchou	赤ちゃん本部長	赤ちゃん本部長	3	3	0	3	0	0	0	0	0	0	0
NO_CHANGE	aka-chan-no-host	赤ちゃんのホスト	赤ちゃんのホスト	9	9	0	9	0	0	0	0	0	0	0
NO_CHANGE	akai-meiro	赤い迷路	赤い迷路 (漫画)	1	1	0	1	0	0	0	0	0	0	0
NO_CHANGE	akai-ringo	アカイリンゴ	アカイリンゴ	8	8	0	8	0	0	0	0	0	0	0
NO_CHANGE	akaki-chi-no-eleven	赤き血のイレブン	赤き血のイレブン	5	11	0	5	0	0	0	0	0	0	0
NO_CHANGE	akarui-kioku-soushitsu	明るい記憶喪失	明るい記憶喪失	6	6	0	6	0	0	0	0	0	0	0
NO_CHANGE	akuma-no-memumemu-chan	悪魔のメムメムちゃん	悪魔のメムメムちゃん	12	12	0	12	0	0	0	0	0	0	0
NO_CHANGE	akuma-to-dolce	悪魔とドルチェ	悪魔とドルチェ	2	2	0	2	0	0	0	0	0	0	0
NO_CHANGE	akushizu-no-haman-san	アクシズのハマーンさん	アクシズのハマーンさん	1	2	0	1	0	0	0	0	0	0	0
NO_CHANGE	akuyaku-reijou-ni-tensei-shita-hazu-ga-marii-antoinette-deshita	悪役令嬢に転生したはずがマリー・アントワネットでした	悪役令嬢に転生したはずがマリー・アントワネットでした	3	3	0	3	0	0	0	0	0	0	0
NO_CHANGE	alice-no-jikan	アリスの時間	アリスの時間	1	1	0	1	0	0	0	0	0	0	0
NO_CHANGE	alice-san-no-iroribata	アリスさんちの囲炉裏端	アリスさんちの囲炉裏端	4	4	0	4	0	0	0	0	0	0	0
NO_CHANGE	alice-to-taiyou	アリスと太陽	アリスと太陽	3	3	0	3	0	0	0	0	0	0	0
NO_CHANGE	alicia-san-no-diet-quest	アリシアさんのダイエットクエスト	アリシアさんのダイエットクエスト	3	3	0	3	0	0	0	0	0	0	0
NO_CHANGE	aliens-area	ALIENS AREA	ALIENS AREA	3	3	0	3	0	0	0	0	0	0	0
NO_CHANGE	all-nude	All nude	ALL NUDE	1	2	0	1	0	0	0	0	0	0	0
NO_CHANGE	almighty-10	ALMIGHTY×10	ALMIGHTY×10	5	5	0	5	0	0	0	0	0	0	0
NO_CHANGE	amaama-cinderella	甘々シンデレラ	甘々シンデレラ	3	3	0	3	0	0	0	0	0	0	0
NO_CHANGE	amaama-to-inazuma	甘々と稲妻	甘々と稲妻	12	15	0	12	0	0	0	0	0	0	0
NO_CHANGE	amakunai-karera-no-nichijou-wa	甘くない彼らの日常は。	甘くない彼らの日常は。	7	7	0	7	0	0	0	0	0	0	0
NO_CHANGE	ame-demo-hare-demo	雨でも晴れでも	雨でも晴れでも	3	5	0	3	0	0	0	0	0	0	0
NO_CHANGE	ana-no-mujina	アナノムジナ	アナノムジナ	4	4	0	4	0	0	0	0	0	0	0
NO_CHANGE	andaadokutaa	UNDER DOCTOR	UNDER DOCTOR	2	2	0	2	0	0	0	0	0	0	0
NO_CHANGE	ane-gurumi	あねぐるみ	あねぐるみ	1	1	0	1	0	0	0	0	0	0	0
NO_CHANGE	ane-naru-mono	姉なるもの	姉なるもの	6	6	0	6	0	0	0	0	0	0	0
NO_CHANGE	angel-blue-hiura-1988	エンジェル・ブルー	エンジェル・ブルー (漫画)	1	1	0	1	0	0	0	0	0	0	0
NO_CHANGE	angel-magic	えんじぇる・まじっく	えんじぇる・まじっく	1	1	0	1	0	0	0	0	0	0	0
NO_CHANGE	angou-gakuen-no-iroha	暗号学園のいろは	暗号学園のいろは	7	7	0	7	0	0	0	0	0	0	0
NO_CHANGE	animeta	アニメタ!	アニメタ!	5	5	0	5	0	0	0	0	0	0	0
NO_CHANGE	ano-hito-no-i-niwa-boku-ga-tarinai	あの人の胃には僕が足りない	あの人の胃には僕が足りない	6	6	0	6	0	0	0	0	0	0	0
NO_CHANGE	ano-ko-no-kodomo	あの子の子ども	あの子の子ども	10	10	0	10	0	0	0	0	0	0	0
NO_CHANGE	ano-ko-wa-yariman	あの娘はヤリマン	あの娘はヤリマン	2	2	0	2	0	0	0	0	0	0	0
NO_CHANGE	anten-sama-no-hara-no-naka	アンテン様の腹の中	アンテン様の腹の中	5	5	0	5	0	0	0	0	0	0	0
NO_CHANGE	ao-no-flag	青のフラッグ	青のフラッグ	8	8	0	8	0	0	0	0	0	0	0
NO_CHANGE	ao-no-miburo	青のミブロ	青のミブロ	14	25	0	14	0	0	0	0	0	0	0
NO_CHANGE	aoba-kun-ni-kikitai-koto	青葉くんに聞きたいこと	青葉くんに聞きたいこと	8	8	0	8	0	0	0	0	0	0	0
NO_CHANGE	aoi-sama-ga-ikasete-ageru	葵さまがイかせてアゲル	葵さまがイかせてアゲル♥	2	2	0	2	0	0	0	0	0	0	0
NO_CHANGE	apocalypse-no-toride	アポカリプスの砦	アポカリプスの砦	10	10	0	10	0	0	0	0	0	0	0
NO_CHANGE	aran-iyan-naito	アランイヤンナイト	アランイヤンナイト	1	1	0	1	0	0	0	0	0	0	0
NO_CHANGE	arashi-no-densetsu	嵐の伝説	嵐の伝説	3	3	0	3	0	0	0	0	0	0	0
NO_CHANGE	arashigahara	嵐が原	嵐が原	1	1	0	1	0	0	0	0	0	0	0
NO_CHANGE	aru-ahou-no-isshou	或るアホウの一生	或るアホウの一生	3	3	0	3	0	0	0	0	0	0	0
NO_CHANGE	aruitou	あるいとう	あるいとう	11	11	0	11	0	0	0	0	0	0	0
NO_CHANGE	arukimedesu-no-taisen	アルキメデスの大戦	アルキメデスの大戦	38	38	0	38	0	0	0	0	0	0	0
NO_CHANGE	asami-kun-wa-gachikoi-ja-nai	麻実くんはガチ恋じゃない!	麻実くんはガチ恋じゃない!	6	6	0	6	0	0	0	0	0	0	0
NO_CHANGE	ase-to-sekken	あせとせっけん	あせとせっけん	11	11	0	11	0	0	0	0	0	0	0
NO_CHANGE	ashita-no-joe	あしたのジョー	あしたのジョー	56	58	0	56	0	0	0	0	0	0	0
NO_CHANGE	ashita-no-kyouko-san	あしたの今日子さん	あしたの今日子さん	7	7	0	7	0	0	0	0	0	0	0
NO_CHANGE	asu-watashi-wa-dareka-no-kanojo	明日、私は誰かのカノジョ	明日、私は誰かのカノジョ	17	17	0	17	0	0	0	0	0	0	0
NO_CHANGE	asumi-kakeru	アスミカケル	アスミカケル	4	4	0	4	0	0	0	0	0	0	0
NO_CHANGE	atarashii-kimi-e	新しいきみへ	新しいきみへ	6	6	0	6	0	0	0	0	0	0	0
NO_CHANGE	atari-no-kitchen	あたりのキッチン!	あたりのキッチン!	4	4	0	4	0	0	0	0	0	0	0
NO_CHANGE	atasha-kawashiri-kodama-dayo	あたしゃ川尻こだまだよ	あたしゃ川尻こだまだよ	3	3	0	3	0	0	0	0	0	0	0
NO_CHANGE	atashi-no	あたしの!	あたしの!	4	4	0	4	0	0	0	0	0	0	0
NO_CHANGE	ayaka-chan-wa-hiroko-senpai-ni-koishiteru	彩香ちゃんは弘子先輩に恋してる	彩香ちゃんは弘子先輩に恋してる	3	3	0	3	0	0	0	0	0	0	0
NO_CHANGE	ayashimon	アヤシモン	アヤシモン	3	3	0	3	0	0	0	0	0	0	0
NO_CHANGE	azatsukai	痣使い	痣使い	1	1	0	1	0	0	0	0	0	0	0
NO_CHANGE	b-ichi	B壱	B壱	4	4	0	4	0	0	0	0	0	0	0
NO_CHANGE	backstage-in-new-york	バックステージ・イン・ニューヨーク	バックステージ・イン・ニューヨーク	2	2	0	2	0	0	0	0	0	0	0
NO_CHANGE	badon	Badon	BADON	9	9	0	9	0	0	0	0	0	0	0
NO_CHANGE	bakabakashiino	バカバカしいの!	バカバカしいの!	1	1	0	1	0	0	0	0	0	0	0
NO_CHANGE	bakarei-dogs	バカレイドッグス	バカレイドッグス	3	8	0	3	0	0	0	0	0	0	0
NO_CHANGE	bakeneko-anzu-chan	化け猫あんずちゃん	化け猫あんずちゃん	1	1	0	1	0	0	0	0	0	0	0
NO_CHANGE	bakkotsu-shoujo-girigiri-purin	爆骨少女ギリギリぷりん	爆骨少女ギリギリぷりん	7	7	0	7	0	0	0	0	0	0	0
NO_CHANGE	bakuman	バクマン。	バクマン。	32	49	0	32	0	0	0	0	0	0	0
NO_CHANGE	ballroom-e-youkoso	ボールルームへようこそ	ボールルームへようこそ	12	13	0	12	0	0	0	0	0	0	0
NO_CHANGE	bara-no-fuuin	ばらの封印	ばらの封印	1	1	0	1	0	0	0	0	0	0	0
NO_CHANGE	barabanba	バラバンバ	バラバンバ	2	7	0	2	0	0	0	0	0	0	0
NO_CHANGE	barairo-no-seisen	バラ色の聖戦	バラ色の聖戦	20	20	0	20	0	0	0	0	0	0	0
NO_CHANGE	bartender-6stp	バーテンダー6stp	バーテンダー6stp	4	4	0	4	0	0	0	0	0	0	0
NO_CHANGE	batuque	バトゥーキ	バトゥーキ	18	18	0	18	0	0	0	0	0	0	0
NO_CHANGE	baubau-daijin	バウバウ大臣	バウバウ大臣	1	2	0	1	0	0	0	0	0	0	0
NO_CHANGE	beautiful-sunset	Beautiful sunset	Beautiful Sunset	1	1	0	1	0	0	0	0	0	0	0
NO_CHANGE	beelzebub	べるぜバブ	べるぜバブ	28	28	0	28	0	0	0	0	0	0	0
NO_CHANGE	beruzebubujou-no-oki-ni-mesu-mama	ベルゼブブ嬢のお気に召すまま。	ベルゼブブ嬢のお気に召すまま。	12	12	0	12	0	0	0	0	0	0	0
NO_CHANGE	bibitte-muucho	ビビってむーちょ	ビビってむーちょ	2	2	0	2	0	0	0	0	0	0	0
NO_CHANGE	bimajo-no-ayano-san	美魔女の綾乃さん	美魔女の綾乃さん	2	2	0	2	0	0	0	0	0	0	0
NO_CHANGE	bl-ero-mangaka-to-shoujo-mangaka-to-horror-mangaka-no-tadareta-nichijou	BLエロ漫画家と少女漫画家とホラー漫画家のただれた日常	BLエロ漫画家と少女漫画家とホラー漫画家のただれた日常	2	2	0	2	0	0	0	0	0	0	0
NO_CHANGE	black-jack-ni-yoroshiku	ブラックジャックによろしく	ブラックジャックによろしく	13	22	0	13	0	0	0	0	0	0	0
NO_CHANGE	black-tiger	BLACK TIGER	BLACK TIGER	11	11	0	11	0	0	0	0	0	0	0
NO_CHANGE	black-yome-ni-yoroshiku	ブラック嫁によろしく!	ブラック嫁によろしく!	1	1	0	1	0	0	0	0	0	0	0
NO_CHANGE	blame	Blame!	BLAME!	10	22	0	10	0	0	0	0	0	0	0
NO_CHANGE	blazer-drive	ブレイザードライブ	ブレイザードライブ	9	10	0	9	0	0	0	0	0	0	0
NO_CHANGE	bloody-junkie	BLOODY JUNKIE	BLOODY JUNKIE	2	2	0	2	0	0	0	0	0	0	0
NO_CHANGE	boiraji-boku-no-suki-na-personality	ボイラジ～僕の好きなパーソナリティ～	ボイラジ〜僕の好きなパーソナリティ〜	2	2	0	2	0	0	0	0	0	0	0
NO_CHANGE	boku-imasuyo	僕、いますよ。	僕、いますよ。	3	3	0	3	0	0	0	0	0	0	0
NO_CHANGE	boku-no-chikyuu-o-mamotte	ぼくの地球を守って	ぼくの地球を守って	33	44	0	33	0	0	0	0	0	0	0
NO_CHANGE	boku-no-chopin	僕のショパン	僕のショパン	2	3	0	2	0	0	0	0	0	0	0
NO_CHANGE	boku-no-jobanni	僕のジョバンニ	僕のジョバンニ	5	5	0	5	0	0	0	0	0	0	0
NO_CHANGE	boku-no-nee-chan	僕の姉ちゃん	僕の姉ちゃん	2	10	0	2	0	0	0	0	0	0	0
NO_CHANGE	boku-no-shoukibona-shippai	僕の小規模な失敗	僕の小規模な失敗	1	8	0	1	0	0	0	0	0	0	0
NO_CHANGE	boku-no-tsuma-wa-hattatsu-shougai	僕の妻は発達障害	僕の妻は発達障害	8	8	0	8	0	0	0	0	0	0	0
NO_CHANGE	boku-no-tsuma-wa-kanjou-ga-nai	僕の妻は感情がない	僕の妻は感情がない	7	8	0	7	0	0	0	0	0	0	0
NO_CHANGE	boku-no-ushiro-ni-majo-ga-iru	僕の後ろに魔女がいる	僕の後ろに魔女がいる	4	4	0	4	0	0	0	0	0	0	0
NO_CHANGE	boku-to-jingi-naki-oji-san	ぼくと仁義なきおじさん	ぼくと仁義なきおじさん	4	4	0	4	0	0	0	0	0	0	0
NO_CHANGE	boku-to-kimi-no-taisetsu-na-hanashi	僕と君の大切な話	僕と君の大切な話	7	7	0	7	0	0	0	0	0	0	0
NO_CHANGE	bokura-no-yoake	ぼくらのよあけ	ぼくらのよあけ	2	2	0	2	0	0	0	0	0	0	0
NO_CHANGE	bokura-wa-koi-ga-heta-sugiru	僕らは恋がヘタすぎる	僕らは恋がヘタすぎる	7	7	0	7	0	0	0	0	0	0	0
NO_CHANGE	bokura-wa-mahou-shounen	ボクらは魔法少年	ボクらは魔法少年	7	7	0	7	0	0	0	0	0	0	0
NO_CHANGE	bokutachi-ga-yarimashita	僕たちがやりました	僕たちがやりました	9	9	0	9	0	0	0	0	0	0	0
NO_CHANGE	bokutachi-tsukiattemasu	ぼくたちつきあってます…?	ぼくたちつきあってます…?	4	4	0	4	0	0	0	0	0	0	0
NO_CHANGE	bokutachi-wa-hanshoku-o-yameta	僕たちは繁殖をやめた	僕たちは繁殖をやめた	6	6	0	6	0	0	0	0	0	0	0
NO_CHANGE	bone-collection	ボーンコレクション	ボーンコレクション	2	2	0	2	0	0	0	0	0	0	0
NO_CHANGE	boukyaku-no-shirushi-to-hime	忘却の首と姫	忘却の首と姫	7	7	0	7	0	0	0	0	0	0	0
NO_CHANGE	boyfriend-yamada-2009	ボーイフレンド	ボーイフレンド (山田デイジーの漫画)	3	3	0	3	0	0	0	0	0	0	0
NO_CHANGE	boys-run-the-riot	ボーイズ・ラン・ザ・ライオット	ボーイズ・ラン・ザ・ライオット	4	4	0	4	0	0	0	0	0	0	0
NO_CHANGE	bozebeats	BOZEBEATS	BOZEBEATS	2	2	0	2	0	0	0	0	0	0	0
NO_CHANGE	brave-story-shinsetsu	ブレイブ・ストーリー新説	ブレイブ・ストーリー〜新説〜	3	23	0	3	0	0	0	0	0	0	0
NO_CHANGE	brother-trap	ブラザー・トラップ	ブラザー・トラップ	10	10	0	10	0	0	0	0	0	0	0
NO_CHANGE	build-king	BUILD KING	BUILD KING	3	3	0	3	0	0	0	0	0	0	0
NO_CHANGE	bunguri-korokoro	ぶんぐりころころ	ぶんぐりころころ	2	2	0	2	0	0	0	0	0	0	0
NO_CHANGE	busabusakunikarabusayoronokan	めちゃめちゃ!ブサイくん	めちゃめちゃ!ブサイくん	2	2	0	2	0	0	0	0	0	0	0
NO_CHANGE	butaiura	ブタイウラ	ブタイウラ	2	2	0	2	0	0	0	0	0	0	0
NO_CHANGE	buyuuden-kitakita	舞勇伝キタキタ	舞勇伝キタキタ	3	7	0	3	0	0	0	0	0	0	0
NO_CHANGE	candy-cigarettes	CANDY & CIGARETTES	CANDY & CIGARETTES	11	11	0	11	0	0	0	0	0	0	0
NO_CHANGE	canon-1995	CANON	CANON (漫画)	4	4	0	4	0	0	0	0	0	0	0
NO_CHANGE	caramel-cinnamon-popcorn	キャラメルシナモンポップコーン	キャラメル シナモン ポップコーン	4	4	0	4	0	0	0	0	0	0	0
NO_CHANGE	caramel-fiiringu	きゃらめるフィーリング	きゃらめるフィーリング	1	1	0	1	0	0	0	0	0	0	0
NO_CHANGE	celeb-na-slave	セレブな奴隷	セレブな奴隷	2	2	0	2	0	0	0	0	0	0	0
NO_CHANGE	chaosic-rune	カオシックルーン	カオシックルーン	8	8	0	8	0	0	0	0	0	0	0
NO_CHANGE	charon	CHARON	CHARON	2	2	0	2	0	0	0	0	0	0	0
NO_CHANGE	cheers-kobuichi-2019	チアーズ!	チアーズ! (小説)	3	9	0	3	0	0	0	0	0	0	0
NO_CHANGE	chiko-tan-kowareru	ちこたん、こわれる	ちこたん、こわれる	7	7	0	7	0	0	0	0	0	0	0
NO_CHANGE	chikyuu-no-ko	地球の子	地球の子	3	3	0	3	0	0	0	0	0	0	0
NO_CHANGE	chitobaranoakuma	血とばらの悪魔	血とばらの悪魔	1	1	0	1	0	0	0	0	0	0	0
NO_CHANGE	chocolate-christmas	チョコレート・クリスマス	チョコレート・クリスマス	1	1	0	1	0	0	0	0	0	0	0
NO_CHANGE	chotto-commercial	ちょっとコマーシャル	ちょっとコマーシャル	1	2	0	1	0	0	0	0	0	0	0
NO_CHANGE	chou-yo-hana-yo-shimabukuro-2019	腸よ鼻よ	腸よ鼻よ	10	10	0	10	0	0	0	0	0	0	0
NO_CHANGE	choujuu-kishin-dancougar-burn	超獣機神ダンクーガBURN	超獣機神ダンクーガBURN	2	2	0	2	0	0	0	0	0	0	0
NO_CHANGE	choukyuu-mobile-butouden-jii-gundam	超級!機動武闘伝Gガンダム	超級!機動武闘伝Gガンダム	7	26	0	7	0	0	0	0	0	0	0
NO_CHANGE	chouningen-yousai-hiroshi-senki	超人間要塞ヒロシ戦記	超人間要塞 ヒロシ戦記	4	4	0	4	0	0	0	0	0	0	0
NO_CHANGE	chouonsoku-suupaasonikku	超音速スーパーソニック	超音速スーパーソニック	1	1	0	1	0	0	0	0	0	0	0
NO_CHANGE	choutetsu-taitei-tesura	超鉄大帝テスラ	超鉄大帝テスラ	2	3	0	2	0	0	0	0	0	0	0
NO_CHANGE	chouzunou-silver-wolf	超頭脳シルバーウルフ	超頭脳シルバーウルフ	3	3	0	3	0	0	0	0	0	0	0
NO_CHANGE	christie-high-tension	クリスティ・ハイテンション	クリスティ・ハイテンション	7	12	0	7	0	0	0	0	0	0	0
NO_CHANGE	chuukan-kanriroku-tonegawa	中間管理録トネガワ	中間管理録トネガワ	10	10	0	10	0	0	0	0	0	0	0
NO_CHANGE	chuukan-suit-mr-chun	中間戦士Mr.中	中間戦士 Mr.中	1	1	0	1	0	0	0	0	0	0	0
NO_CHANGE	chuuni-no-otoko-to-dairokkan	中2の男子と第6感	中2の男子と第6感	4	4	0	4	0	0	0	0	0	0	0
NO_CHANGE	circus-no-musume-olga	サーカスの娘オルガ	サーカスの娘オルガ	3	3	0	3	0	0	0	0	0	0	0
NO_CHANGE	classi9	Classi9	Classi9	5	5	0	5	0	0	0	0	0	0	0
NO_CHANGE	cocktail-ponytail	かくてる❤ポニーテール	かくてるポニーテール	1	2	0	1	0	0	0	0	0	0	0
NO_CHANGE	cocktail	カクテル	カクテル (漫画)	3	3	0	3	0	0	0	0	0	0	0
NO_CHANGE	coffee-jikan	珈琲時間	珈琲時間 (漫画)	1	1	0	1	0	0	0	0	0	0	0
NO_CHANGE	colorful	COLORFUL	COLORFUL (漫画)	7	7	0	7	0	0	0	0	0	0	0
NO_CHANGE	cool-1999	Cool!	COOL!	1	1	0	1	0	0	0	0	0	0	0
NO_CHANGE	cool-doji-otoko	クールドジ男子	クールドジ男子	5	8	0	5	0	0	0	0	0	0	0
NO_CHANGE	coppelion	COPPELION	COPPELION	26	26	0	26	0	0	0	0	0	0	0
NO_CHANGE	cosmo-familia	コスモファミリア*	コスモファミリア*	3	3	0	3	0	0	0	0	0	0	0
NO_CHANGE	crew-de-gozaimasu	CREWでございます!	CREWでございます!	4	4	0	4	0	0	0	0	0	0	0
NO_CHANGE	criminale	クリミナーレ!	クリミナーレ!	4	4	0	4	0	0	0	0	0	0	0
NO_CHANGE	cross-account	クロスアカウント	クロスアカウント	4	4	0	4	0	0	0	0	0	0	0
NO_CHANGE	cross-manage	クロス・マネジ	クロス・マネジ	5	5	0	5	0	0	0	0	0	0	0
NO_CHANGE	curtain-call-1993	カーテン・コール!	カーテンコール!	1	1	0	1	0	0	0	0	0	0	0
NO_CHANGE	cute-beat-oshare-club	CUTE BEAT おしゃれクラブ!	CUTE BEAT おしゃれクラブ!	1	1	0	1	0	0	0	0	0	0	0
NO_CHANGE	d-y-n-freaks	ダイン・フリークス	ダイン・フリークス	3	3	0	3	0	0	0	0	0	0	0
NO_CHANGE	da-aphorism	堕アホリズム	堕アホリズム	2	2	0	2	0	0	0	0	0	0	0
NO_CHANGE	dai-ku-no-hatou	第九の波濤	第九の波濤 (漫画)	24	24	0	24	0	0	0	0	0	0	0
NO_CHANGE	dai-tokyo-oniyome-den	大東京鬼嫁伝	大東京鬼嫁伝	4	4	0	4	0	0	0	0	0	0	0
NO_CHANGE	daidoru	堕イドル	堕イドル	2	2	0	2	0	0	0	0	0	0	0
NO_CHANGE	daiheimen-no-chiisana-tsumi	大平面の小さな罪	大平面の小さな罪	1	2	0	1	0	0	0	0	0	0	0
NO_CHANGE	daikousha-nagi	大攻者ナギ	大攻者ナギ	2	2	0	2	0	0	0	0	0	0	0
NO_CHANGE	daiou	大王	大王 (漫画)	1	1	0	1	0	0	0	0	0	0	0
NO_CHANGE	daisanji-seichouki-ootsuka-kun	第三次性徴期、大塚くん!	第三次性徴期、大塚くん!	4	4	0	4	0	0	0	0	0	0	0
NO_CHANGE	dakara-koi-to-yobanaide	だから恋とよばないで	だから恋とよばないで	5	5	0	5	0	0	0	0	0	0	0
NO_CHANGE	damokuresu-no-golf	ダモクレスのゴルフ	ダモクレスのゴルフ	3	3	0	3	0	0	0	0	0	0	0
NO_CHANGE	dan-dan-dunk	DAN DAN だんく!	DANDANだんく!	9	9	0	9	0	0	0	0	0	0	0
NO_CHANGE	danberu-nankiro-moteru	ダンベル何キロ持てる?	ダンベル何キロ持てる?	20	20	0	20	0	0	0	0	0	0	0
NO_CHANGE	dare-mo-netewa-naranu	誰も寝てはならぬ	誰も寝てはならぬ (漫画)	17	17	0	17	0	0	0	0	0	0	0
NO_CHANGE	darekaga-mitsumeteru	だれかが見つめてる	だれかが見つめてる	1	1	0	1	0	0	0	0	0	0	0
NO_CHANGE	darling-wa-70-sai	ダーリンは70歳	ダーリンは70歳	1	12	0	1	0	0	0	0	0	0	0
NO_CHANGE	dassen-gannen	奪戦元年	奪戦元年	3	3	0	3	0	0	0	0	0	0	0
NO_CHANGE	datebashira	伊達柱	伊達柱	1	1	0	1	0	0	0	0	0	0	0
NO_CHANGE	daten-sakusen	堕天作戦	堕天作戦	5	5	0	5	0	0	0	0	0	0	0
NO_CHANGE	days-yasuda-2018	DAYS	DAYS (漫画)	42	52	0	42	0	0	0	0	0	0	0
NO_CHANGE	dcd	DCD	DCD (漫画)	9	9	0	9	0	0	0	0	0	0	0
NO_CHANGE	dear-call	Dear CALL-ディアコール-	Dear CALL -ディアコール-	4	4	0	4	0	0	0	0	0	0	0
NO_CHANGE	debby-za-korushifa-wa-makezugirai	デビィ・ザ・コルシファは負けず嫌い	デビィ・ザ・コルシファは負けず嫌い	9	9	0	9	0	0	0	0	0	0	0
NO_CHANGE	deep-green	ディープグリーン	ディープグリーン	4	4	0	4	0	0	0	0	0	0	0
NO_CHANGE	dekisokonai-no-monogatari	できそこないの物語	できそこないの物語	4	4	0	4	0	0	0	0	0	0	0
NO_CHANGE	demi-chan-wa-kataritai	亜人ちゃんは語りたい	亜人ちゃんは語りたい	11	20	0	11	0	0	0	0	0	0	0
NO_CHANGE	demodori-shainden	出戻社員伝	出戻社員伝	1	1	0	1	0	0	0	0	0	0	0
NO_CHANGE	desu-no-kariudo	死者の狩人	死者の狩人	1	1	0	1	0	0	0	0	0	0	0
NO_CHANGE	desupena	デスペナ	デスペナ	3	3	0	3	0	0	0	0	0	0	0
NO_CHANGE	diaboro-no-suupu	ディアボロのスープ	ディアボロのスープ	4	4	0	4	0	0	0	0	0	0	0
NO_CHANGE	diamond-no-burasu-seidou-koukou-suisougakubu	ダイヤのB!! 青道高校吹奏楽部	ダイヤのB!! 青道高校吹奏楽部	3	5	0	3	0	0	0	0	0	0	0
NO_CHANGE	diver-sotai-sennyuuhan	DIVER-組対潜入班-	DIVER-組対潜入班-	3	3	0	3	0	0	0	0	0	0	0
NO_CHANGE	dizainzu	ディザインズ	ディザインズ	5	5	0	5	0	0	0	0	0	0	0
NO_CHANGE	do-suru-paradise	Doする!?パラダイス	Doする!?パラダイス	3	3	0	3	0	0	0	0	0	0	0
NO_CHANGE	dobojo	ドボジョ!	ドボジョ!	3	3	0	3	0	0	0	0	0	0	0
NO_CHANGE	dogeza-de-tanonde-mita	土下座で頼んでみた	土下座で頼んでみた	1	5	0	1	0	0	0	0	0	0	0
NO_CHANGE	dokkin-time-trip	どっきんタイムトリップ	どっきんタイムトリップ	1	1	0	1	0	0	0	0	0	0	0
NO_CHANGE	dokodemo-hamster	どこでもハムスター	どこでもハムスター	1	1	0	1	0	0	0	0	0	0	0
NO_CHANGE	doku-mushi	ドクムシ	ドクムシ	6	12	0	6	0	0	0	0	0	0	0
NO_CHANGE	dokutaakumahige	Dr.クマひげ	Dr.クマひげ	9	9	0	9	0	0	0	0	0	0	0
NO_CHANGE	dokyun-saga	ドキュンサーガ	ドキュンサーガ	4	4	0	4	0	0	0	0	0	0	0
NO_CHANGE	doragonzakura	ドラゴン桜	ドラゴン桜	21	44	0	21	0	0	0	0	0	0	0
NO_CHANGE	dorei-yuugi	奴隷遊戯	奴隷遊戯	11	19	0	11	0	0	0	0	0	0	0
NO_CHANGE	dosanko-gal-wa-namara-menkoi	道産子ギャルはなまらめんこい	道産子ギャルはなまらめんこい	14	14	0	14	0	0	0	0	0	0	0
NO_CHANGE	dosen-tan-nurse	ど先端ナース	ど先端ナース	2	2	0	2	0	0	0	0	0	0	0
NO_CHANGE	double-jiei	だぶるじぇい	だぶるじぇい	6	6	0	6	0	0	0	0	0	0	0
NO_CHANGE	doubt-amano-2012	Doubt!	Doubt!	4	4	0	4	0	0	0	0	0	0	0
NO_CHANGE	doubutsu-no-kuni	どうぶつの国	どうぶつの国	14	14	0	14	0	0	0	0	0	0	0
NO_CHANGE	doubutsu-tantei-madoka-no-suiri-nisshi	動物探偵まどかの推理日誌	動物探偵まどかの推理日誌	4	5	0	4	0	0	0	0	0	0	0
NO_CHANGE	doukyuusei-no-oshi-sakka-ni-yuri-mousou-ga-bareta-kekka	同級生の推し作家に百合妄想がバレた結果	同級生の推し作家に百合妄想がバレた結果	4	4	0	4	0	0	0	0	0	0	0
NO_CHANGE	douteibanashi	童貞噺	童貞噺	5	5	0	5	0	0	0	0	0	0	0
NO_CHANGE	dr-duo	Dr. デュオ	Dr.デュオ	5	5	0	5	0	0	0	0	0	0	0
NO_CHANGE	dr-rurru	Dr.るっる	Dr.るっる	3	3	0	3	0	0	0	0	0	0	0
NO_CHANGE	dream-shokunin	ドリーム職人	ドリーム職人	3	3	0	3	0	0	0	0	0	0	0
NO_CHANGE	dual-mound	デュアルマウンド	デュアルマウンド	4	4	0	4	0	0	0	0	0	0	0
NO_CHANGE	duel	DUEL!	DUEL!	6	6	0	6	0	0	0	0	0	0	0
NO_CHANGE	duet-2005	二重奏	二重奏 (高上優里子の漫画)	1	1	0	1	0	0	0	0	0	0	0
NO_CHANGE	e-t-o	E.T.O.	E.T.O.	4	4	0	4	0	0	0	0	0	0	0
NO_CHANGE	eclore	エクロール	エクロール	1	1	0	1	0	0	0	0	0	0	0
NO_CHANGE	eden-no-ori	エデンの檻	エデンの檻	21	21	0	21	0	0	0	0	0	0	0
NO_CHANGE	edens-zero	EDENS ZERO	EDENS ZERO	33	33	0	33	0	0	0	0	0	0	0
NO_CHANGE	edokaaru-shiipuhoonmura	東カール・シープホーン村	東カール・シープホーン村	2	2	0	2	0	0	0	0	0	0	0
NO_CHANGE	eensy-weensy-monster	eensy-weensyモンスター	Eensy-weensy モンスター	2	2	0	2	0	0	0	0	0	0	0
NO_CHANGE	eiji	エイジ	「エイジ」	1	6	0	1	0	0	0	0	0	0	0
NO_CHANGE	eine-kleine	アイネ・クライネ	アイネ・クライネ	2	2	0	2	0	0	0	0	0	0	0
NO_CHANGE	enban-maze	エンバンメイズ	エンバンメイズ	6	6	0	6	0	0	0	0	0	0	0
NO_CHANGE	end-of-the-world	エンド・オブ・ザ・ワールド	エンド・オブ・ザ・ワールド (漫画)	1	1	0	1	0	0	0	0	0	0	0
NO_CHANGE	enu-to-s	NとS	NとS	8	8	0	8	0	0	0	0	0	0	0
NO_CHANGE	espresso-cola-jidou-hattatsu-shien-momo-no-ki-school	エスプレッソ・コーラ　児童発達支援ももの木スクール	エスプレッソ・コーラ 児童発達支援ももの木スクール	1	1	0	1	0	0	0	0	0	0	0
NO_CHANGE	eve-2001	EVE★少女のたまご	EVE★少女のたまご★	1	1	0	1	0	0	0	0	0	0	0
NO_CHANGE	evergreen	エバーグリーン	エバーグリーン (漫画)	4	4	0	4	0	0	0	0	0	0	0
NO_CHANGE	evil-crusher-maya	Evil crusher魔矢	EVIL CRUSHER 魔矢	1	2	0	1	0	0	0	0	0	0	0
NO_CHANGE	fairy-tail	FAIRY TAIL	FAIRY TAIL	63	140	0	63	0	0	0	0	0	0	0
NO_CHANGE	fianc-wa-monster	フィアンセはモンスター!?	フィアンセはモンスター!?	2	2	0	2	0	0	0	0	0	0	0
NO_CHANGE	fire-ball	FIRE BALL!	FIRE BALL!	5	5	0	5	0	0	0	0	0	0	0
NO_CHANGE	fire-punch	ファイアパンチ	ファイアパンチ	8	8	0	8	0	0	0	0	0	0	0
NO_CHANGE	food-fighter-tabelu	フードファイタータベル	フードファイタータベル	7	7	0	7	0	0	0	0	0	0	0
NO_CHANGE	frozen	フローズン	フローズン (漫画)	6	6	0	6	0	0	0	0	0	0	0
NO_CHANGE	fukou-kun-wa-kisusurushikanai	不幸くんはキスするしかない!	不幸くんはキスするしかない!	2	2	0	2	0	0	0	0	0	0	0
NO_CHANGE	fukuyadou-honpo	福家堂本舗	福家堂本舗	18	19	0	18	0	0	0	0	0	0	0
NO_CHANGE	full-drive	フルドライブ	フルドライブ (漫画)	3	3	0	3	0	0	0	0	0	0	0
NO_CHANGE	full-moon	FULL MOON	FULLMOON	4	4	0	4	0	0	0	0	0	0	0
NO_CHANGE	fumikiri-jikan	踏切時間	踏切時間	8	8	0	8	0	0	0	0	0	0	0
NO_CHANGE	furin-shokudou	不倫食堂	不倫食堂	21	21	0	21	0	0	0	0	0	0	0
NO_CHANGE	furuginuya-monyouchou	ふるぎぬや紋様帳	ふるぎぬや紋様帳	6	6	0	6	0	0	0	0	0	0	0
NO_CHANGE	fushigi-yakata-no-souzoku-nin	ふしぎ館の相続人	ふしぎ館の相続人	1	1	0	1	0	0	0	0	0	0	0
NO_CHANGE	futari-dake-no-himitsu	二人だけのヒミツ	二人だけのヒミツ	1	1	0	1	0	0	0	0	0	0	0
NO_CHANGE	futari-no-polaris	ふたりのポラリス	ふたりのポラリス	5	5	0	5	0	0	0	0	0	0	0
NO_CHANGE	futari-no-taisei	ふたりの太星	ふたりの太星	3	3	0	3	0	0	0	0	0	0	0
NO_CHANGE	futaribocchi-sensou	ふたりぼっち戦争	ふたりぼっち戦争	3	3	0	3	0	0	0	0	0	0	0
NO_CHANGE	futsutsukamono-no-ani-desu	ふつつか者の兄ですが	ふつつか者の兄ですが	6	6	0	6	0	0	0	0	0	0	0
NO_CHANGE	fuu-step	ふーすてっぷ	ふーすてっぷ	1	1	0	1	0	0	0	0	0	0	0
NO_CHANGE	fuuka	風夏	風夏	20	22	0	20	0	0	0	0	0	0	0
NO_CHANGE	fuwafuwa-police	ふわふわポリス	ふわふわポリス	1	1	0	1	0	0	0	0	0	0	0
NO_CHANGE	gakkyuu-houtei	学糾法廷	学糾法廷	3	3	0	3	0	0	0	0	0	0	0
NO_CHANGE	gakuen-rengoku-zombie-mate	学園恋獄ゾンビメイト	学園恋獄ゾンビメイト	2	2	0	2	0	0	0	0	0	0	0
NO_CHANGE	gal-to-kyouryuu	ギャルと恐竜	ギャルと恐竜	7	7	0	7	0	0	0	0	0	0	0
NO_CHANGE	game-x-rush	ゲーム×ラッシュ	ゲーム×ラッシュ	2	2	0	2	0	0	0	0	0	0	0
NO_CHANGE	gaming-ojou-sama	ゲーミングお嬢様	ゲーミングお嬢様	7	7	0	7	0	0	0	0	0	0	0
NO_CHANGE	gangsta	GANGSTA.	GANGSTA.	9	15	0	9	0	0	0	0	0	0	0
NO_CHANGE	gar-on	ギャルソン	ギャルソン (漫画)	5	5	0	5	0	0	0	0	0	0	0
NO_CHANGE	garow	画・row	画-ROW	1	1	0	1	0	0	0	0	0	0	0
NO_CHANGE	gas-mask-girl	ガスマスクガール	ガスマスクガール (漫画)	2	2	0	2	0	0	0	0	0	0	0
NO_CHANGE	gdgd-dogs	GDGD-DOGS	GDGD-DOGS	3	3	0	3	0	0	0	0	0	0	0
NO_CHANGE	gegokujou-monogatari	下獄上ものがたり	下獄上ものがたり	4	4	0	4	0	0	0	0	0	0	0
NO_CHANGE	gekitetsu-no-kokuwan	撃鉄の黒腕	撃鉄の黒腕	3	3	0	3	0	0	0	0	0	0	0
NO_CHANGE	gekka-bijin-yamagishi-2010	月華美刃	月華美刃	5	5	0	5	0	0	0	0	0	0	0
NO_CHANGE	genderless-otoko-ni-aisareteimasu	ジェンダーレス男子に愛されています。	ジェンダーレス男子に愛されています。	5	5	0	5	0	0	0	0	0	0	0
NO_CHANGE	get-sports	GET SPORTS	GET SPORTS	1	1	0	1	0	0	0	0	0	0	0
NO_CHANGE	getsuyoubi-wa-2-gen-kara	月曜日は2限から	月曜日は2限から	7	7	0	7	0	0	0	0	0	0	0
NO_CHANGE	ggumi-no-g	G組のG	G組のG	5	5	0	5	0	0	0	0	0	0	0
NO_CHANGE	gigolo-jigorou	ジゴロ次五郎	ジゴロ次五郎	22	24	0	22	0	0	0	0	0	0	0
NO_CHANGE	ginga-rocket-ni-ohagaki-kudasai	銀河ロケットにお葉書ください	銀河ロケットにお葉書ください	2	2	0	2	0	0	0	0	0	0	0
NO_CHANGE	ginka-to-ryuuna	ギンカとリューナ	ギンカとリューナ	4	4	0	4	0	0	0	0	0	0	0
NO_CHANGE	giri-koi	ギリコイ	ギリコイ	2	2	0	2	0	0	0	0	0	0	0
NO_CHANGE	girigiri-saegiru-katagiri-san	ギリギリ遮る片桐さん	ギリギリ遮る片桐さん	3	3	0	3	0	0	0	0	0	0	0
NO_CHANGE	girl-may-kill	ガール メイ キル	ガール メイ キル	4	4	0	4	0	0	0	0	0	0	0
NO_CHANGE	gisou-furin	偽装不倫	偽装不倫	8	8	0	8	0	0	0	0	0	0	0
NO_CHANGE	gleipnir	グレイプニル	グレイプニル (漫画)	14	14	0	14	0	0	0	0	0	0	0
NO_CHANGE	godspeed	GODSPEED	GODSPEED	2	2	0	2	0	0	0	0	0	0	0
NO_CHANGE	gogo-mario-world	GO GO!マリオワールド	GOGO!マリオワールド	1	1	0	1	0	0	0	0	0	0	0
NO_CHANGE	gogo-no-ocha-wa-yousei-no-kuni-de	午後のお茶は妖精の国で	午後のお茶は妖精の国で	3	4	0	3	0	0	0	0	0	0	0
NO_CHANGE	gokigen-miko-chan	ごきげん!ミコちゃん	ごきげん!ミコちゃん	1	2	0	1	0	0	0	0	0	0	0
NO_CHANGE	gokigenyou-koharu-san	ごきげんよう、小春さん	ごきげんよう、小春さん	2	2	0	2	0	0	0	0	0	0	0
NO_CHANGE	gokinjo-monogatari	ご近所物語	ご近所物語	12	25	0	12	0	0	0	0	0	0	0
NO_CHANGE	gokuchuu	ごくちゅう!	ごくちゅう!	4	4	0	4	0	0	0	0	0	0	0
NO_CHANGE	gokurakumaru	極楽丸	極楽丸	2	6	0	2	0	0	0	0	0	0	0
NO_CHANGE	gokutei-higuma	獄丁ヒグマ	獄丁ヒグマ	3	4	0	3	0	0	0	0	0	0	0
NO_CHANGE	golden-gold	ゴールデンゴールド	ゴールデンゴールド	9	9	0	9	0	0	0	0	0	0	0
NO_CHANGE	golem-hearts	ゴーレムハーツ	ゴーレムハーツ	2	2	0	2	0	0	0	0	0	0	0
NO_CHANGE	golosseum	ゴロセウム	ゴロセウム	6	6	0	6	0	0	0	0	0	0	0
NO_CHANGE	gomashio-to-purin	ゴマ塩とぷりん	ゴマ塩とぷりん	3	3	0	3	0	0	0	0	0	0	0
NO_CHANGE	gonensei	五年生	五年生	5	8	0	5	0	0	0	0	0	0	0
NO_CHANGE	good-morning-meg	Good morningメグ	GOOD MORNING メグ	2	2	0	2	0	0	0	0	0	0	0
NO_CHANGE	good-night-world	グッド・ナイト・ワールド	グッド・ナイト・ワールド	5	8	0	5	0	0	0	0	0	0	0
NO_CHANGE	gotoubun-no-hanayome	五等分の花嫁	五等分の花嫁	14	44	0	14	0	0	0	0	0	0	0
NO_CHANGE	gundam-legacy	GUNDAM LEGACY	GUNDAM LEGACY	3	3	0	3	0	0	0	0	0	0	0
NO_CHANGE	gunjou-cinema	群青シネマ	群青シネマ	2	2	0	2	0	0	0	0	0	0	0
NO_CHANGE	gunkan-shounen	軍艦少年	軍艦少年	3	3	0	3	0	0	0	0	0	0	0
NO_CHANGE	guren-5	グレン5	グレン5	3	3	0	3	0	0	0	0	0	0	0
NO_CHANGE	gyarutetsu	ギャル鉄	ギャル鉄	2	2	0	2	0	0	0	0	0	0	0
NO_CHANGE	haato-signal	はあとシグナル	はあとシグナル	2	2	0	2	0	0	0	0	0	0	0
NO_CHANGE	hachigatsu-no-cinderella-nain-s	八月のシンデレラナインS	八月のシンデレラナインS	5	5	0	5	0	0	0	0	0	0	0
NO_CHANGE	hagoromo-mishin	羽衣ミシン	羽衣ミシン	2	2	0	2	0	0	0	0	0	0	0
NO_CHANGE	haha-o-nakushita-toki-boku-wa-ikotsu-o-tabetai-to-omotta	母を亡くした時、僕は遺骨を食べたいと思った。	母を亡くした時、僕は遺骨を食べたいと思った。	1	2	0	1	0	0	0	0	0	0	0
NO_CHANGE	haime-to-zoukihime	ハイメと臓器姫	ハイメと臓器姫	2	2	0	2	0	0	0	0	0	0	0
NO_CHANGE	hajimete-no-gyakusatsu	はじめての虐殺	はじめての虐殺	3	3	0	3	0	0	0	0	0	0	0
NO_CHANGE	hakaishin-magu-chan	破壊神マグちゃん	破壊神マグちゃん	9	9	0	9	0	0	0	0	0	0	0
NO_CHANGE	hakoniwa-heaven	箱庭ヘブン	箱庭ヘブン	2	2	0	2	0	0	0	0	0	0	0
NO_CHANGE	hakozume-kouban-joshi-no-gyakushuu	ハコヅメ～交番女子の逆襲～	ハコヅメ〜交番女子の逆襲〜	23	24	0	23	0	0	0	0	0	0	0
NO_CHANGE	hakusei-no-gyaroppu	白星のギャロップ	白星のギャロップ	3	3	0	3	0	0	0	0	0	0	0
NO_CHANGE	hal	HAL	HAL (あさりよしとおの漫画)	2	3	0	2	0	0	0	0	0	0	0
NO_CHANGE	hallelujah-over-drive	ハレルヤオーバードライブ!	ハレルヤオーバードライブ!	15	15	0	15	0	0	0	0	0	0	0
NO_CHANGE	hamaru-otoko-ni-keritai-onna	ハマる男に蹴りたい女	ハマる男に蹴りたい女	6	6	0	6	0	0	0	0	0	0	0
NO_CHANGE	hanako-to-guuwa-no-teraa	花子と寓話のテラー	花子と寓話のテラー	4	7	0	4	0	0	0	0	0	0	0
NO_CHANGE	hanamaru-company	花まるカンパニー	花まるカンパニー	1	1	0	1	0	0	0	0	0	0	0
NO_CHANGE	hanayome-miman-escape	花嫁未満エスケープ	花嫁未満エスケープ	4	4	0	4	0	0	0	0	0	0	0
NO_CHANGE	hanazono-meriigoorando	花園メリーゴーランド	花園メリーゴーランド	5	5	0	5	0	0	0	0	0	0	0
NO_CHANGE	hanazono-no-hi-mi-tsu	花園のヒ・ミ・ツ	花園のヒ・ミ・ツ	1	1	0	1	0	0	0	0	0	0	0
NO_CHANGE	hanazono-san-no-futago-chan	花園さんちのふたごちゃん	花園さんちのふたごちゃん	7	7	0	7	0	0	0	0	0	0	0
NO_CHANGE	handsome-na-kanojo	ハンサムな彼女	ハンサムな彼女	14	14	0	14	0	0	0	0	0	0	0
NO_CHANGE	hanebado	はねバド!	はねバド!	16	17	0	16	0	0	0	0	0	0	0
NO_CHANGE	hanna-sensei-shigoto-o-shite-kudasai	ハンナ先生仕事をしてください!	ハンナ先生仕事をしてください!	2	2	0	2	0	0	0	0	0	0	0
NO_CHANGE	hantsu-x-trash	ハンツー×トラッシュ	ハンツー×トラッシュ	18	19	0	18	0	0	0	0	0	0	0
NO_CHANGE	hanzaiou-poponepo	犯罪王ポポネポ	犯罪王ポポネポ	4	4	0	4	0	0	0	0	0	0	0
NO_CHANGE	haou-no-ken	覇王の剣	覇王の剣	4	4	0	4	0	0	0	0	0	0	0
NO_CHANGE	happiness	ハピネス	ハピネス (押見修造の漫画)	10	10	0	10	0	0	0	0	0	0	0
NO_CHANGE	happy-tiger	ハッピータイガー	ハッピータイガー	1	4	0	1	0	0	0	0	0	0	0
NO_CHANGE	harapeko-no-marii	腹ペコのマリー	腹ペコのマリー	4	4	0	4	0	0	0	0	0	0	0
NO_CHANGE	hare-nochi-shikibu	晴れのち四季部	晴れのち四季部	3	3	0	3	0	0	0	0	0	0	0
NO_CHANGE	haru-koi	ハルコイ	ハルコイ	1	1	0	1	0	0	0	0	0	0	0
NO_CHANGE	haru-matsu-bokura	春待つ僕ら	春待つ僕ら	14	16	0	14	0	0	0	0	0	0	0
NO_CHANGE	haru-rock	ハルロック	ハルロック	4	4	0	4	0	0	0	0	0	0	0
NO_CHANGE	haruka-no-sue	ハルカの陶	ハルカの陶	3	3	0	3	0	0	0	0	0	0	0
NO_CHANGE	harukana-receive	はるかなレシーブ	はるかなレシーブ	10	10	0	10	0	0	0	0	0	0	0
NO_CHANGE	harusame-to-koi-moyou	春雨と恋もよう	春雨と恋もよう	3	3	0	3	0	0	0	0	0	0	0
NO_CHANGE	hashikko-ensemble	はしっこアンサンブル	はしっこアンサンブル	8	8	0	8	0	0	0	0	0	0	0
NO_CHANGE	hataraku-saibou-black	はたらく細胞BLACK	はたらく細胞BLACK	8	8	0	8	0	0	0	0	0	0	0
NO_CHANGE	hataraku-saibou	はたらく細胞	はたらく細胞	6	106	0	6	0	0	0	0	0	0	0
NO_CHANGE	hatshepsut	ハトシェプスト	ハトシェプスト (漫画)	1	2	0	1	0	0	0	0	0	0	0
NO_CHANGE	hatsujouji-made-ato-1-jikan	初情事まであと1時間	初情事まであと1時間	3	3	0	3	0	0	0	0	0	0	0
NO_CHANGE	hatsukoi-lunch-box	初恋ランチボックス	初恋ランチボックス	3	4	0	3	0	0	0	0	0	0	0
NO_CHANGE	hatsukoi-to-taiyou	ハツコイと太陽	ハツコイと太陽	9	9	0	9	0	0	0	0	0	0	0
NO_CHANGE	hayako-sakemichi-o-iku	ハヤ子サケ道をいく	ハヤ子サケ道をいく	2	2	0	2	0	0	0	0	0	0	0
NO_CHANGE	heart-gear	HEART GEAR	HEART GEAR	7	7	0	7	0	0	0	0	0	0	0
NO_CHANGE	heart-kiyatsuchi-izumichiyan	ハート❤キャッチいずみちゃん	ハートキャッチいずみちゃん	7	18	0	7	0	0	0	0	0	0	0
NO_CHANGE	heaven-s-will	HEAVEN'S WILL	HEAVEN'S WILL	1	1	0	1	0	0	0	0	0	0	0
NO_CHANGE	heavens-runner-akira	ヘブンズランナーアキラ	ヘブンズランナーアキラ	7	7	0	7	0	0	0	0	0	0	0
NO_CHANGE	hell-doctor-kurare-no-kagaku-wa-subete-o-kaiketsu-suru	ヘルドクターくられの科学はすべてを解決する!!	ヘルドクターくられの科学はすべてを解決する!!	10	12	0	10	0	0	0	0	0	0	0
NO_CHANGE	hen-na-chishiki-ni-kuwashii-kanojo-takayukashiki-souko-san	変な知識に詳しい彼女高床式草子さん	変な知識に詳しい彼女 高床式草子さん	5	5	0	5	0	0	0	0	0	0	0
NO_CHANGE	hi-fi-cluster	ハイファイクラスタ	ハイファイクラスタ	3	3	0	3	0	0	0	0	0	0	0
NO_CHANGE	hi-no-ataranai-koide-kun	陽の当たらない小出くん	陽の当たらない小出くん	2	2	0	2	0	0	0	0	0	0	0
NO_CHANGE	hi5	Hi5!	HI5!	6	6	0	6	0	0	0	0	0	0	0
NO_CHANGE	higanjima	彼岸島	彼岸島	33	124	0	33	0	0	0	0	0	0	0
NO_CHANGE	himawari-no-dengonban	ひまわりの伝言板	ひまわりの伝言板	1	1	0	1	0	0	0	0	0	0	0
NO_CHANGE	himegimi-no-tsukurikata	ヒメギミの作り方	ヒメギミの作り方	2	2	0	2	0	0	0	0	0	0	0
NO_CHANGE	himekuri	ひめくり	ひめくり (漫画)	1	1	0	1	0	0	0	0	0	0	0
NO_CHANGE	himetaku	ヒメタク	ヒメタク	2	2	0	2	0	0	0	0	0	0	0
NO_CHANGE	hinadori-girl	ひなどりGIRL	ひなどりGIRL	3	3	0	3	0	0	0	0	0	0	0
NO_CHANGE	hinata-san-hoshino-desu	日向さん、星野です。	日向さん、星野です。	4	4	0	4	0	0	0	0	0	0	0
NO_CHANGE	hino-san-no-baka	飛野さんのバカ	飛野さんのバカ	4	4	0	4	0	0	0	0	0	0	0
NO_CHANGE	hiru	ヒル	ヒル (漫画)	5	9	0	5	0	0	0	0	0	0	0
NO_CHANGE	hishin-tan	秘身譚	秘身譚	1	1	0	1	0	0	0	0	0	0	0
NO_CHANGE	hitman	ヒットマン	ヒットマン (漫画)	13	13	0	13	0	0	0	0	0	0	0
NO_CHANGE	hito-wa-mitame-ga-100-paasento	人は見た目が100パーセント	人は見た目が100パーセント	5	5	0	5	0	0	0	0	0	0	0
NO_CHANGE	hitojichi-seikatsu-kara-hajimeru-surooraifu	人質生活から始めるスローライフ	人質生活から始めるスローライフ	4	6	0	4	0	0	0	0	0	0	0
NO_CHANGE	hitori-ja-naikoto	ひとりじゃないこと	ひとりじゃないこと	1	1	0	1	0	0	0	0	0	0	0
NO_CHANGE	hitsuji-ga-ippiki-moro-2009	羊がいっぴき	羊がいっぴき	1	1	0	1	0	0	0	0	0	0	0
NO_CHANGE	hitsuji-no-ki	羊の木	羊の木	5	5	0	5	0	0	0	0	0	0	0
NO_CHANGE	hiyama-kentarou-no-ninshin	ヒヤマケンタロウの妊娠	ヒヤマケンタロウの妊娠	1	3	0	1	0	0	0	0	0	0	0
NO_CHANGE	hokusou-fuuunden	北宋風雲伝	北宋風雲伝	16	16	0	16	0	0	0	0	0	0	0
NO_CHANGE	holy-hearts	Holy・hearts!	Holy☆Hearts!	2	10	0	2	0	0	0	0	0	0	0
NO_CHANGE	homeru-hito-homerareru-hito	褒めるひと褒められるひと	褒めるひと 褒められるひと	3	3	0	3	0	0	0	0	0	0	0
NO_CHANGE	hone-ga-kusaru-made	骨が腐るまで	骨が腐るまで	7	7	0	7	0	0	0	0	0	0	0
NO_CHANGE	honenooto	骨の音	骨の音	2	2	0	2	0	0	0	0	0	0	0
NO_CHANGE	honey-come-chatka	ハニカムチャッカ	ハニカムチャッカ	3	3	0	3	0	0	0	0	0	0	0
NO_CHANGE	honoka-level-up	ほのかLv.アップ!	ほのかLv.アップ!	4	4	0	4	0	0	0	0	0	0	0
NO_CHANGE	honomieru-shounen	仄見える少年	仄見える少年	4	4	0	4	0	0	0	0	0	0	0
NO_CHANGE	hoshi-no-kazu-dake-dakishimete	星の数だけ抱きしめて	星の数だけ抱きしめて	5	5	0	5	0	0	0	0	0	0	0
NO_CHANGE	hoshi-no-kirby-pupupu-hero	星のカービィプププヒーロー	星のカービィ プププヒーロー	5	7	0	5	0	0	0	0	0	0	0
NO_CHANGE	hoshi-no-kirby-ukiuki-adventure	星のカービィ ウキウキ大冒険	星のカービィ ウキウキ大冒険	1	1	0	1	0	0	0	0	0	0	0
NO_CHANGE	hoshi-no-ouji-sama	星の王子さま	星の王子さま (漫☆画太郎)	6	6	0	6	0	0	0	0	0	0	0
NO_CHANGE	hoshi-no-sanpo	星の散歩	星の散歩	1	1	0	1	0	0	0	0	0	0	0
NO_CHANGE	hoshi-to-tabisuru	星と旅する	星と旅する	3	3	0	3	0	0	0	0	0	0	0
NO_CHANGE	hoshigami-kun-wa-douka-shite-iru	星上くんはどうかしている	星上くんはどうかしている	5	5	0	5	0	0	0	0	0	0	0
NO_CHANGE	hoshii-nowa-hitotsu-dake	ほしいのはひとつだけ	ほしいのはひとつだけ	3	3	0	3	0	0	0	0	0	0	0
NO_CHANGE	hoshino-me-o-tsubutte	星野、目をつぶって。	星野、目をつぶって。	13	13	0	13	0	0	0	0	0	0	0
NO_CHANGE	hoshizora-no-kaizokutachi	星空の海賊たち	星空の海賊たち	2	2	0	2	0	0	0	0	0	0	0
NO_CHANGE	hotaru-no-hikari	ホタルノヒカリ	ホタルノヒカリ (漫画)	22	35	0	22	0	0	0	0	0	0	0
NO_CHANGE	hotel-helheim	ホテルヘルヘイム	ホテル ヘルヘイム	3	5	0	3	0	0	0	0	0	0	0
NO_CHANGE	houkago-play	放課後プレイ	放課後プレイ	1	12	0	1	0	0	0	0	0	0	0
NO_CHANGE	houkago-wa-kimi-no-kanojo	放課後は君の彼女	放課後は君の彼女	3	3	0	3	0	0	0	0	0	0	0
NO_CHANGE	hourou-musuko	放浪息子	放浪息子	15	17	0	15	0	0	0	0	0	0	0
NO_CHANGE	houseki-no-kuni	宝石の国	宝石の国	13	13	0	13	0	0	0	0	0	0	0
NO_CHANGE	houyou	抱擁	抱擁 (漫画)	2	2	0	2	0	0	0	0	0	0	0
NO_CHANGE	hustlin-boy	ハスリンボーイ	ハスリンボーイ	4	4	0	4	0	0	0	0	0	0	0
NO_CHANGE	hyakuemu	ひゃくえむ。	ひゃくえむ。	5	7	0	5	0	0	0	0	0	0	0
NO_CHANGE	hyakunichi-no-bara	百日の薔薇	百日の薔薇	4	6	0	4	0	0	0	0	0	0	0
NO_CHANGE	hyou-man	豹マン	豹マン	1	2	0	1	0	0	0	0	0	0	0
NO_CHANGE	hyouman	豹マン	豹マン	1	2	0	1	0	0	0	0	0	0	0
NO_CHANGE	hyperinflation	ハイパーインフレーション	ハイパーインフレーション (漫画)	6	6	0	6	0	0	0	0	0	0	0
NO_CHANGE	ibaraki-gojappe-quartet	茨城ごじゃっぺカルテット	茨城ごじゃっぺカルテット	6	6	0	6	0	0	0	0	0	0	0
NO_CHANGE	ibitsu-no-amalgam	歪のアマルガム	歪のアマルガム	3	3	0	3	0	0	0	0	0	0	0
NO_CHANGE	ichiba-kurogane-wa-kasegitai	市場クロガネは稼ぎたい	市場クロガネは稼ぎたい	13	13	0	13	0	0	0	0	0	0	0
NO_CHANGE	ichiban-ii-egao-ageru	いちばんいい笑顔あげる!	いちばんいい笑顔あげる!	1	1	0	1	0	0	0	0	0	0	0
NO_CHANGE	ichigo-milk-sanjou	いちごみるく³	いちごみるく3	2	2	0	2	0	0	0	0	0	0	0
NO_CHANGE	ichinoseke-no-taizai	一ノ瀬家の大罪	一ノ瀬家の大罪	6	6	0	6	0	0	0	0	0	0	0
NO_CHANGE	icontact	iコンタクト	Iコンタクト	4	4	0	4	0	0	0	0	0	0	0
NO_CHANGE	idol-no-akahon	アイドルのあかほん	アイドルのあかほん	1	1	0	1	0	0	0	0	0	0	0
NO_CHANGE	idolish7	アイドリッシュセブン	アイドリッシュセブン	7	22	0	7	0	0	0	0	0	0	0
NO_CHANGE	idoroll	IDOROLL	IDOROLL	1	1	0	1	0	0	0	0	0	0	0
NO_CHANGE	iguretto	射鵰英雄伝 EAGLET	射鵰英雄伝EAGLET	5	5	0	5	0	0	0	0	0	0	0
NO_CHANGE	iikina-mondaze	いい気なもんだぜ	いい気なもんだぜ	4	4	0	4	0	0	0	0	0	0	0
NO_CHANGE	iinchou-ote-o-douzo	委員長お手をどうぞ	委員長お手をどうぞ	1	3	0	1	0	0	0	0	0	0	0
NO_CHANGE	iiyone-yonezawa-sensei	いいよね!米澤先生	いいよね!米澤先生	5	5	0	5	0	0	0	0	0	0	0
NO_CHANGE	ijimeru-aitsu-ga-waruinoka-ijimerareta-boku-ga-waruinoka	いじめるアイツが悪いのか、いじめられた僕が悪いのか?	いじめるアイツが悪いのか、いじめられた僕が悪いのか?	6	6	0	6	0	0	0	0	0	0	0
NO_CHANGE	ijimeru-yabai-yatsu	いじめるヤバイ奴	いじめるヤバイ奴	19	19	0	19	0	0	0	0	0	0	0
NO_CHANGE	ijin-desuka-eiyuu-desuka-shinde-moratte-iidesuka	偉人ですか?英雄ですか?死んでもらっていいですか?	偉人ですか? 英雄ですか? 死んでもらっていいですか?	2	2	0	2	0	0	0	0	0	0	0
NO_CHANGE	ijiranaide-nagatoro-san	イジらないで、長瀞さん	イジらないで、長瀞さん	20	20	0	20	0	0	0	0	0	0	0
NO_CHANGE	ijousha-no-ai	異常者の愛	異常者の愛	6	6	0	6	0	0	0	0	0	0	0
NO_CHANGE	ikai-hanjouki-hiyokoya-shouten	異界繁盛記ひよこや商店	異界繁盛記 ひよこや商店	6	6	0	6	0	0	0	0	0	0	0
NO_CHANGE	ike-ike-bokura-no-v-gundam	いけ!いけ!ぼくらのVガンダム!!	いけ!いけ!ぼくらのVガンダム!!	1	2	0	1	0	0	0	0	0	0	0
NO_CHANGE	ikemen-kanojo-to-heroine-na-ore	イケメン彼女とヒロインな俺!?	イケメン彼女とヒロインな俺!?	3	3	0	3	0	0	0	0	0	0	0
NO_CHANGE	ikibata-shufuranburu	いきばた主夫ランブル	いきばた主夫ランブル	1	2	0	1	0	0	0	0	0	0	0
NO_CHANGE	imamade-ichido-mo-onnaatsukai-sareta-koto-ga-nai-onnakishi-o-onnaatsukai-suru-manga	今まで一度も女扱いされたことがない女騎士を女扱いする漫画	今まで一度も女扱いされたことがない女騎士を女扱いする漫画	7	7	0	7	0	0	0	0	0	0	0
NO_CHANGE	imaniho	いまにほ	いまにほ	2	2	0	2	0	0	0	0	0	0	0
NO_CHANGE	imawa-no-michi-no-alice	今際の路のアリス	今際の路のアリス	8	8	0	8	0	0	0	0	0	0	0
NO_CHANGE	indigo-no-yoru	インディゴの夜	インディゴの夜	4	5	0	4	0	0	0	0	0	0	0
NO_CHANGE	infection	インフェクション	インフェクション (漫画)	30	30	0	30	0	0	0	0	0	0	0
NO_CHANGE	inferno	インヘルノ	インヘルノ	5	5	0	5	0	0	0	0	0	0	0
NO_CHANGE	inu-kaisha	いぬ会社	いぬ会社	1	2	0	1	0	0	0	0	0	0	0
NO_CHANGE	inu-neko	イヌネコ。	イヌネコ。	1	1	0	1	0	0	0	0	0	0	0
NO_CHANGE	inu-ni-nattara-suki-na-hito-ni-hirowareta	犬になったら好きな人に拾われた。	犬になったら好きな人に拾われた。	9	9	0	9	0	0	0	0	0	0	0
NO_CHANGE	inu-to-kuzu	犬と屑	犬と屑	5	5	0	5	0	0	0	0	0	0	0
NO_CHANGE	inu-to-neko-dotchimo-katteruto-mainichi-tanoshii	犬と猫どっちも飼ってると毎日たのしい	犬と猫どっちも飼ってると毎日たのしい	8	9	0	8	0	0	0	0	0	0	0
NO_CHANGE	inu-x-secret-ss	妖狐×僕SS	妖狐×僕SS	11	13	0	11	0	0	0	0	0	0	0
NO_CHANGE	inukai-x-tribe	イヌカイ×トライヴ	イヌカイ×トライヴ	4	4	0	4	0	0	0	0	0	0	0
NO_CHANGE	invincible	インビンシブル	インビンシブル (漫画)	5	5	0	5	0	0	0	0	0	0	0
NO_CHANGE	irokoi-guuwa	色恋寓話	色恋寓話	1	1	0	1	0	0	0	0	0	0	0
NO_CHANGE	irukatosame	灼熱のニライカナイ	灼熱のニライカナイ	5	5	0	5	0	0	0	0	0	0	0
NO_CHANGE	ishin-denshin	以神伝心!?	以神伝心!?	2	2	0	2	0	0	0	0	0	0	0
NO_CHANGE	isho-koukai	遺書、公開。	遺書、公開。	9	9	0	9	0	0	0	0	0	0	0
NO_CHANGE	isoasobi	いそあそび	いそあそび	3	3	0	3	0	0	0	0	0	0	0
NO_CHANGE	itariajin-no-onnanoko-ga-isourou-suru-koto-ni-natta	イタリア人の女の子が居候することになった	イタリア人の女の子が居候することになった	3	3	0	3	0	0	0	0	0	0	0
NO_CHANGE	itoshi-no-goshujin-sama	いとしのご主人サマ	いとしのご主人サマ	1	1	0	1	0	0	0	0	0	0	0
NO_CHANGE	itoshii-kimi	いとしいキミ	いとしいキミ (末次由紀の漫画)	1	1	0	1	0	0	0	0	0	0	0
NO_CHANGE	itoshii-uso-yasashii-yami	愛しい嘘優しい闇	愛しい嘘 優しい闇	7	7	0	7	0	0	0	0	0	0	0
NO_CHANGE	itsumo-kokoro-ni-taiyou-shinbun	いつも心に太陽新聞	いつも心に太陽新聞!!	1	1	0	1	0	0	0	0	0	0	0
NO_CHANGE	itsutsu-kazoereba-kimi-no-yume	5つ数えれば君の夢	5つ数えれば君の夢	1	2	0	1	0	0	0	0	0	0	0
NO_CHANGE	iyasaretai-otoko	癒されたい男	癒されたい男	1	1	0	1	0	0	0	0	0	0	0
NO_CHANGE	jaba-uokkii-1914	ジャバウォッキー1914	ジャバウォッキー1914	4	4	0	4	0	0	0	0	0	0	0
NO_CHANGE	jigoku-youchien	地獄ようちえん	地獄ようちえん	2	2	0	2	0	0	0	0	0	0	0
NO_CHANGE	jigokuraku	地獄楽	地獄楽	13	17	0	13	0	0	0	0	0	0	0
NO_CHANGE	jiisenjou-no-anata-to-watashi	G線上のあなたと私	G線上のあなたと私	4	4	0	4	0	0	0	0	0	0	0
NO_CHANGE	jin-2011	JIN-仁-	JIN-仁-	33	35	0	33	0	0	0	0	0	0	0
NO_CHANGE	jinzou-ningen-100	人造人間100	人造人間100	5	5	0	5	0	0	0	0	0	0	0
NO_CHANGE	jk-shachiku-o-kau	JK、社畜を飼う	JK、社畜を飼う	3	3	0	3	0	0	0	0	0	0	0
NO_CHANGE	joshidaisei-no-nichijou	女子大生の日常	女子大生の日常	4	4	0	4	0	0	0	0	0	0	0
NO_CHANGE	joshikousei-ni-korosaretai	女子高生に殺されたい	女子高生に殺されたい	2	3	0	2	0	0	0	0	0	0	0
NO_CHANGE	joukyou-seikatsuroku-ichijou	上京生活録イチジョウ	上京生活録イチジョウ	6	6	0	6	0	0	0	0	0	0	0
NO_CHANGE	jounin-kamen	常人仮面	常人仮面	3	3	0	3	0	0	0	0	0	0	0
NO_CHANGE	jouzuna-yume-no-kanaekata	上手な夢のかなえかた	上手な夢のかなえかた	2	2	0	2	0	0	0	0	0	0	0
NO_CHANGE	js-no-torisetsu	JSのトリセツ	JSのトリセツ	2	4	0	2	0	0	0	0	0	0	0
NO_CHANGE	judos	ジュウドウズ	ジュウドウズ	3	3	0	3	0	0	0	0	0	0	0
NO_CHANGE	jump-no-tadashii-tsukurikata	ジャンプの正しい作り方!	ジャンプの正しい作り方!	1	1	0	1	0	0	0	0	0	0	0
NO_CHANGE	junjou-pine	純情パイン	純情パイン	1	4	0	1	0	0	0	0	0	0	0
NO_CHANGE	junketsu-no-maria	純潔のマリア	純潔のマリア	3	5	0	3	0	0	0	0	0	0	0
NO_CHANGE	junsui-adolescence	純水アドレッセンス	純水アドレッセンス	1	3	0	1	0	0	0	0	0	0	0
NO_CHANGE	juuni-taisen	十二大戦	十二大戦	4	7	0	4	0	0	0	0	0	0	0
NO_CHANGE	juuyou-sankounin-tantei	重要参考人探偵	重要参考人探偵	7	8	0	7	0	0	0	0	0	0	0
NO_CHANGE	kabukibu	カブキブ!	カブキブ!	2	12	0	2	0	0	0	0	0	0	0
NO_CHANGE	kabushiki-kaisha-daiyamada-shuppan-kari-henshuu-buin-yamashita-taroo-kun	株式会社大山田出版仮編集部員山下たろーくん	株式会社大山田出版仮編集部員山下たろーくん	12	18	0	12	0	0	0	0	0	0	0
NO_CHANGE	kachou-no-koi	課長の恋	課長の恋	2	7	0	2	0	0	0	0	0	0	0
NO_CHANGE	kagaku-no-ouji-to-mahou-no-hime	科学の王子と魔法の姫	科学の王子と魔法の姫	3	3	0	3	0	0	0	0	0	0	0
NO_CHANGE	kagami-no-kuni-no-harisugawa	鏡の国の針栖川	鏡の国の針栖川	3	3	0	3	0	0	0	0	0	0	0
NO_CHANGE	kagamigami	カガミガミ	カガミガミ	5	5	0	5	0	0	0	0	0	0	0
NO_CHANGE	kagerou-meikyuu	蜻蛉迷宮	蜻蛉迷宮	2	2	0	2	0	0	0	0	0	0	0
NO_CHANGE	kai-no-tabidachi	カイの旅立ち	カイの旅立ち	3	3	0	3	0	0	0	0	0	0	0
NO_CHANGE	kaibyoui-ramune	怪病医ラムネ	怪病医ラムネ	5	5	0	5	0	0	0	0	0	0	0
NO_CHANGE	kaida-san-no-kaidan	開田さんの怪談	開田さんの怪談	2	2	0	2	0	0	0	0	0	0	0
NO_CHANGE	kain	カイン	カイン (漫画)	3	3	0	3	0	0	0	0	0	0	0
NO_CHANGE	kaiten-ginga	回転銀河	回転銀河	6	12	0	6	0	0	0	0	0	0	0
NO_CHANGE	kaitou-ruvan	怪盗ルヴァン	怪盗ルヴァン	2	2	0	2	0	0	0	0	0	0	0
NO_CHANGE	kakafukaka	カカフカカ	カカフカカ	12	12	0	12	0	0	0	0	0	0	0
NO_CHANGE	kakeau-tsukihi	かけあうつきひ	かけあうつきひ	6	6	0	6	0	0	0	0	0	0	0
NO_CHANGE	kakei-no-alice	架刑のアリス	架刑のアリス	11	11	0	11	0	0	0	0	0	0	0
NO_CHANGE	kami-sama-dooruzu	神様ドォルズ	神様ドォルズ	12	15	0	12	0	0	0	0	0	0	0
NO_CHANGE	kami-sama-ki-sama-o-koroshitai	神様、キサマを殺したい。	神様、キサマを殺したい。	4	4	0	4	0	0	0	0	0	0	0
NO_CHANGE	kami-sama-no-inai-hi	神さまのいない日	神さまのいない日	1	1	0	1	0	0	0	0	0	0	0
NO_CHANGE	kami-sama-no-iutoori	神さまの言うとおり	神さまの言うとおり	5	26	0	5	0	0	0	0	0	0	0
NO_CHANGE	kami-sama-no-joker	神様のジョーカー	神様のジョーカー	3	3	0	3	0	0	0	0	0	0	0
NO_CHANGE	kami-sama-no-yokogao	神様の横顔	神様の横顔	3	3	0	3	0	0	0	0	0	0	0
NO_CHANGE	kami-yome	カミヨメ	カミヨメ	2	2	0	2	0	0	0	0	0	0	0
NO_CHANGE	kamihitoe-rin-chan	紙一重りんちゃん	紙一重りんちゃん	2	2	0	2	0	0	0	0	0	0	0
NO_CHANGE	kamio-yui-wa-kami-o-yui	神緒ゆいは髪を結い	神緒ゆいは髪を結い	4	4	0	4	0	0	0	0	0	0	0
NO_CHANGE	kamitsuki-gakuen	かみつき学園	かみつき学園	2	2	0	2	0	0	0	0	0	0	0
NO_CHANGE	kanakana	カナカナ	カナカナ (漫画)	6	6	0	6	0	0	0	0	0	0	0
NO_CHANGE	kanata-no-astra	彼方のアストラ	彼方のアストラ	5	5	0	5	0	0	0	0	0	0	0
NO_CHANGE	kanimega-daisessen	カニメガ大接戦!	カニメガ大接戦!	1	1	0	1	0	0	0	0	0	0	0
NO_CHANGE	kankinjou	監禁嬢	監禁嬢	9	9	0	9	0	0	0	0	0	0	0
NO_CHANGE	kanna-san-daiseikou-desu	カンナさん大成功です!	カンナさん大成功です!	5	5	0	5	0	0	0	0	0	0	0
NO_CHANGE	kannonji-suiren-no-kunou	観音寺睡蓮の苦悩	観音寺睡蓮の苦悩	4	4	0	4	0	0	0	0	0	0	0
NO_CHANGE	kanojo-mo-kanojo	カノジョも彼女	カノジョも彼女	16	17	0	16	0	0	0	0	0	0	0
NO_CHANGE	kanojo-ni-naritai-kimi-to-boku	カノジョになりたい君と僕	カノジョになりたい君と僕	2	2	0	2	0	0	0	0	0	0	0
NO_CHANGE	kanojo-to-kareshi-no-akarui-mirai	彼女と彼氏の明るい未来	彼女と彼氏の明るい未来	2	2	0	2	0	0	0	0	0	0	0
NO_CHANGE	kanojo-wa-rokurokubi	彼女はろくろ首	彼女はろくろ首	4	4	0	4	0	0	0	0	0	0	0
NO_CHANGE	kaoru-to-yui-no-ikkai-yarashite	カヲルとゆいのいっかいやらして	カヲルとゆいのいっかいやらして	1	1	0	1	0	0	0	0	0	0	0
NO_CHANGE	kappa-tengoku	かっぱ天国	かっぱ天国	1	7	0	1	0	0	0	0	0	0	0
NO_CHANGE	karakuri-odette	カラクリオデット	カラクリオデット	6	6	0	6	0	0	0	0	0	0	0
NO_CHANGE	karaoke-iko	カラオケ行こ!	カラオケ行こ!	1	3	0	1	0	0	0	0	0	0	0
NO_CHANGE	karasuya-satoshi	カラスヤサトシ	カラスヤサトシ (漫画)	9	11	0	9	0	0	0	0	0	0	0
NO_CHANGE	karate-shoukoushi-monogatari	空手小公子物語	空手小公子物語	6	6	0	6	0	0	0	0	0	0	0
NO_CHANGE	kare-kishijima	彼、岸島	彼岸島	4	124	0	4	0	0	0	0	0	0	0
NO_CHANGE	kasane	累	累	14	16	0	14	0	0	0	0	0	0	0
NO_CHANGE	kasei-hakase	火星博士	火星博士	1	3	0	1	0	0	0	0	0	0	0
NO_CHANGE	kasei-robo-daikessen	火星ロボ大決戦!	火星ロボ大決戦!	3	6	0	3	0	0	0	0	0	0	0
NO_CHANGE	katabami-to-ougon	片喰と黄金	片喰と黄金	10	10	0	10	0	0	0	0	0	0	0
NO_CHANGE	katakoi-gourmet-nikki	片恋グルメ日記	片恋グルメ日記	3	3	0	3	0	0	0	0	0	0	0
NO_CHANGE	kataribe	カタリベ	カタリベ	1	2	0	1	0	0	0	0	0	0	0
NO_CHANGE	katsumi	かつみ	かつみ	1	2	0	1	0	0	0	0	0	0	0
NO_CHANGE	katsute-kami-datta-kemonotachi-e	かつて神だった獣たちへ	かつて神だった獣たちへ	15	15	0	15	0	0	0	0	0	0	0
NO_CHANGE	katsute-mahou-shoujo-to-aku-wa-tekitaishiteita	かつて魔法少女と悪は敵対していた。	かつて魔法少女と悪は敵対していた。	3	5	0	3	0	0	0	0	0	0	0
NO_CHANGE	kawaii-dake-ja-nai-shikimori-san	可愛いだけじゃない式守さん	可愛いだけじゃない式守さん	20	21	0	20	0	0	0	0	0	0	0
NO_CHANGE	kawaisou-ni-ne-genki-kun	可愛そうにね、元気くん	可愛そうにね、元気くん	8	8	0	8	0	0	0	0	0	0	0
NO_CHANGE	kazoku-no-mondai	家族のモンダイ	家族のモンダイ	1	1	0	1	0	0	0	0	0	0	0
NO_CHANGE	kazoku-o-amu	かぞくを編む	かぞくを編む	3	3	0	3	0	0	0	0	0	0	0
NO_CHANGE	kedamono-damono	けだものだもの	けだものだもの	3	3	0	3	0	0	0	0	0	0	0
NO_CHANGE	kekkon-dekinai-niwa-wake-ga-aru	結婚できないにはワケがある。	結婚できないにはワケがある。	5	5	0	5	0	0	0	0	0	0	0
NO_CHANGE	kekkon-suru-tte-hontou-desuka	結婚するって、本当ですか	結婚するって、本当ですか	11	11	0	11	0	0	0	0	0	0	0
NO_CHANGE	kekkoo-kenkou-kazoku	ケッコーケンコウ家族	ケッコー ケンコウ家族	6	6	0	6	0	0	0	0	0	0	0
NO_CHANGE	kekkoona-otemae-desu	ケッコーなお手前です。	ケッコーなお手前です。	3	3	0	3	0	0	0	0	0	0	0
NO_CHANGE	kemo-fujin	ケモ夫人	ケモ夫人	4	4	0	4	0	0	0	0	0	0	0
NO_CHANGE	kemuri-to-mitsu	煙と蜜	煙と蜜	7	7	0	7	0	0	0	0	0	0	0
NO_CHANGE	kemutai-ane-to-zurui-imouto	けむたい姉とずるい妹	けむたい姉とずるい妹	5	5	0	5	0	0	0	0	0	0	0
NO_CHANGE	ken-no-joou-to-rakuin-no-ko	剣の女王と烙印の仔	剣の女王と烙印の仔	4	12	0	4	0	0	0	0	0	0	0
NO_CHANGE	ken-to-erika	ケンとエリカ	ケンとエリカ	2	5	0	2	0	0	0	0	0	0	0
NO_CHANGE	kenen	けんえん。	けんえん。	8	8	0	8	0	0	0	0	0	0	0
NO_CHANGE	kenshirou-ni-yoroshiku	ケンシロウによろしく	ケンシロウによろしく	8	8	0	8	0	0	0	0	0	0	0
NO_CHANGE	keppare-matsubara-san	ケッパレ松原さん!	ケッパレ 松原さん!	2	2	0	2	0	0	0	0	0	0	0
NO_CHANGE	khan-kusa-to-tetsu-to-hitsuji	ハーン-草と鉄と羊-	ハーン -草と鉄と羊-	12	12	0	12	0	0	0	0	0	0	0
NO_CHANGE	kibunhaguruubii	気分はグルービー	気分はグルービー	13	13	0	13	0	0	0	0	0	0	0
NO_CHANGE	kick-off	キックオフ	キックオフ (漫画)	9	12	0	9	0	0	0	0	0	0	0
NO_CHANGE	kikaijikake-no-marii	機械じかけのマリー	機械じかけのマリー	6	8	0	6	0	0	0	0	0	0	0
NO_CHANGE	kimagure-walpurgis	きまぐれヴァルプルギス	きまぐれヴァルプルギス	2	2	0	2	0	0	0	0	0	0	0
NO_CHANGE	kimi-ga-shinu-made-ato-100-nichi	君が死ぬまであと100日	君が死ぬまであと100日	6	6	0	6	0	0	0	0	0	0	0
NO_CHANGE	kimi-ga-shinu-natsu-ni	君が死ぬ夏に	君が死ぬ夏に	7	7	0	7	0	0	0	0	0	0	0
NO_CHANGE	kimi-ni-koisuru-satsujinki	きみに恋する殺人鬼	きみに恋する殺人鬼	5	5	0	5	0	0	0	0	0	0	0
NO_CHANGE	kimi-no-koe	君ノ声	君ノ声	6	6	0	6	0	0	0	0	0	0	0
NO_CHANGE	kimi-no-kokoro-boku-no-kokoro	キミノココロ ボクノココロ	キミノココロ ボクノココロ	2	2	0	2	0	0	0	0	0	0	0
NO_CHANGE	kimi-o-shinryaku-seyo	キミを侵略せよ!	キミを侵略せよ!	3	3	0	3	0	0	0	0	0	0	0
NO_CHANGE	kimi-to-aoi-haru-no-hajimari	きみと青い春のはじまり	きみと青い春のはじまり	5	5	0	5	0	0	0	0	0	0	0
NO_CHANGE	kimi-to-pikopiko	きみとピコピコ	きみとピコピコ	5	5	0	5	0	0	0	0	0	0	0
NO_CHANGE	kimi-wa-daburuooeito	君は008	君は008	33	33	0	33	0	0	0	0	0	0	0
NO_CHANGE	kimiko-wa-zanzou-o-ice	きみ子は残像を愛す	きみ子は残像を愛す	2	2	0	2	0	0	0	0	0	0	0
NO_CHANGE	kimio-alive	キミオアライブ	キミオアライブ	2	2	0	2	0	0	0	0	0	0	0
NO_CHANGE	kin-no-kanojo-gin-no-kanojo	金の彼女銀の彼女	金の彼女 銀の彼女	10	10	0	10	0	0	0	0	0	0	0
NO_CHANGE	king-of-idol	キング・オブ・アイドル	キング・オブ・アイドル	6	6	0	6	0	0	0	0	0	0	0
NO_CHANGE	kingyosou	金魚奏	金魚奏	2	2	0	2	0	0	0	0	0	0	0
NO_CHANGE	kinou-ienakatta-koto	昨日、いえなかったこと	昨日、いえなかったこと	1	1	0	1	0	0	0	0	0	0	0
NO_CHANGE	kirara-no-hoshi	キララの星	キララの星	13	13	0	13	0	0	0	0	0	0	0
NO_CHANGE	kirara-note	きらら音符	きらら音符	1	1	0	1	0	0	0	0	0	0	0
NO_CHANGE	kiseijuu-ribaashi	寄生獣リバーシ	寄生獣リバーシ	8	8	0	8	0	0	0	0	0	0	0
NO_CHANGE	kishuku-gakkou-no-juliet	寄宿学校のジュリエット	寄宿学校のジュリエット	16	18	0	16	0	0	0	0	0	0	0
NO_CHANGE	kiss-cry	キス☆クラ	キス☆クラ	2	2	0	2	0	0	0	0	0	0	0
NO_CHANGE	kiss-de-okoshite	キスで起こして。	キスで起こして。	8	8	0	8	0	0	0	0	0	0	0
NO_CHANGE	kiss-sis	Kiss×sis	Kiss×sis	25	26	0	25	0	0	0	0	0	0	0
NO_CHANGE	kitsune-no-yomeiri	きつねのよめいり	きつねのよめいり	7	7	0	7	0	0	0	0	0	0	0
NO_CHANGE	ko-musume-over-drive	小娘オーバードライブ	小娘オーバードライブ	1	9	0	1	0	0	0	0	0	0	0
NO_CHANGE	kodomo-ja-naikara	こどもじゃないから!	こどもじゃないから!	2	2	0	2	0	0	0	0	0	0	0
NO_CHANGE	koe-no-katachi	聲の形	聲の形	7	10	0	7	0	0	0	0	0	0	0
NO_CHANGE	koguma-no-keekiya-san	こぐまのケーキ屋さん	こぐまのケーキ屋さん	1	6	0	1	0	0	0	0	0	0	0
NO_CHANGE	koha-ace	コハエース	コハエース	1	18	0	1	0	0	0	0	0	0	0
NO_CHANGE	koi-ni-mudaguchi	恋に無駄口	恋に無駄口	12	12	0	12	0	0	0	0	0	0	0
NO_CHANGE	koi-no-cupid-yakenohara-jin	恋のキューピッド焼野原塵	恋のキューピッド 焼野原塵	3	3	0	3	0	0	0	0	0	0	0
NO_CHANGE	koi-no-nettai-teikiatsu	恋の熱帯低気圧	恋の熱帯低気圧	1	1	0	1	0	0	0	0	0	0	0
NO_CHANGE	koi-o-suru-made-kaesanai	恋をするまで帰さない	恋をするまで帰さない	2	2	0	2	0	0	0	0	0	0	0
NO_CHANGE	koi-o-suru-tsumori-wa-nakatta	恋をするつもりはなかった	恋をするつもりはなかった	1	1	0	1	0	0	0	0	0	0	0
NO_CHANGE	koi-wa-sekai-seifuku-no-ato-de	恋は世界征服のあとで	恋は世界征服のあとで	6	6	0	6	0	0	0	0	0	0	0
NO_CHANGE	koikoi-seitokai	こいこい★生徒会	こいこい★生徒会	5	5	0	5	0	0	0	0	0	0	0
NO_CHANGE	koisome-momiji	恋染紅葉	恋染紅葉	4	4	0	4	0	0	0	0	0	0	0
NO_CHANGE	koiwazurai-no-ellie	恋わずらいのエリー	恋わずらいのエリー	12	12	0	12	0	0	0	0	0	0	0
NO_CHANGE	kokkoku	刻刻	刻刻	8	8	0	8	0	0	0	0	0	0	0
NO_CHANGE	koko-ni-iruyo	ココにいるよ!	ココにいるよ!	5	5	0	5	0	0	0	0	0	0	0
NO_CHANGE	kokoro-no-suuingu	心のスウィング	心のスウィング	1	1	0	1	0	0	0	0	0	0	0
NO_CHANGE	kokuritsu-hakubutsukan-monogatari	国立博物館物語	国立博物館物語	3	3	0	3	0	0	0	0	0	0	0
NO_CHANGE	komatta-jii-san	困ったじいさん	困ったじいさん	1	1	0	1	0	0	0	0	0	0	0
NO_CHANGE	kominami-shoutarou-ie-kara-deru-o-hajimemashita	小南正太郎、家から出るをはじめました。	小南正太郎、家から出るをはじめました。	3	3	0	3	0	0	0	0	0	0	0
NO_CHANGE	konbatto-dan	コンバット弾	コンバット弾	2	2	0	2	0	0	0	0	0	0	0
NO_CHANGE	konda-teru-no-gouhou-recipe	紺田照の合法レシピ	紺田照の合法レシピ	9	9	0	9	0	0	0	0	0	0	0
NO_CHANGE	koneko-chan-metoronoomu	子ねこちゃんメトロノーム	子ねこちゃんメトロノーム	1	1	0	1	0	0	0	0	0	0	0
NO_CHANGE	konintodoke-ni-han-o-oshitadakedesuga	婚姻届に判を捺しただけですが	婚姻届に判を捺しただけですが	10	10	0	10	0	0	0	0	0	0	0
NO_CHANGE	konkatsu-battle-field-37	婚活バトルフィールド37	婚活バトルフィールド37	2	2	0	2	0	0	0	0	0	0	0
NO_CHANGE	kono-hito-ni-kakero	この女に賭けろ	この女に賭けろ	15	15	0	15	0	0	0	0	0	0	0
NO_CHANGE	kono-kaisha-ni-suki-na-hito-ga-imasu	この会社に好きな人がいます	この会社に好きな人がいます	15	15	0	15	0	0	0	0	0	0	0
NO_CHANGE	kono-kanojo-wa-fiction-desu	この彼女はフィクションです。	この彼女はフィクションです。	4	4	0	4	0	0	0	0	0	0	0
NO_CHANGE	kono-shakai-shugi-gourmet-ga-sugoi	この社会主義グルメがすごい!!	この社会主義グルメがすごい!!	1	1	0	1	0	0	0	0	0	0	0
NO_CHANGE	kontorasuto-88	コントラスト88	コントラスト88	3	3	0	3	0	0	0	0	0	0	0
NO_CHANGE	konya-sukiyaki-dayo	今夜すきやきだよ	今夜すきやきだよ	1	1	0	1	0	0	0	0	0	0	0
NO_CHANGE	koroshiai	殺し愛	殺し愛	14	14	0	14	0	0	0	0	0	0	0
NO_CHANGE	koshoku-robot	孤食ロボット	孤食ロボット	9	9	0	9	0	0	0	0	0	0	0
NO_CHANGE	kotokoto-quartet	ことことかるてっと	ことこと かるてっと	2	2	0	2	0	0	0	0	0	0	0
NO_CHANGE	kotokuri	コトクリ	コトクリ	3	3	0	3	0	0	0	0	0	0	0
NO_CHANGE	kotonoba-drive	コトノバドライブ	コトノバドライブ	4	4	0	4	0	0	0	0	0	0	0
NO_CHANGE	kougumi-no-tetsu	甲組の徹	甲組の徹	1	1	0	1	0	0	0	0	0	0	0
NO_CHANGE	koukoku-kaisha-danshiryou-no-okazu-kun	広告会社、男子寮のおかずくん	広告会社、男子寮のおかずくん	7	8	0	7	0	0	0	0	0	0	0
NO_CHANGE	koukou-no-hitotachi	高校の人達	高校の人達	7	7	0	7	0	0	0	0	0	0	0
NO_CHANGE	kouman-chikiko-chan	高慢チキ子ちゃん	高慢チキ子ちゃん	1	1	0	1	0	0	0	0	0	0	0
NO_CHANGE	koutetsu-no-shoujotachi	鋼鉄の少女たち	鋼鉄の少女たち	4	4	0	4	0	0	0	0	0	0	0
NO_CHANGE	kowloon-fiiyu	クーロンフィーユ	クーロンフィーユ	3	3	0	3	0	0	0	0	0	0	0
NO_CHANGE	kowloons-ball-parade	クーロンズ・ボール・パレード	クーロンズ・ボール・パレード	3	3	0	3	0	0	0	0	0	0	0
NO_CHANGE	kujaku-no-dance-dare-ga-mita	クジャクのダンス、誰が見た?	クジャクのダンス、誰が見た?	7	7	0	7	0	0	0	0	0	0	0
NO_CHANGE	kujima-utaeba-ie-hororo	クジマ歌えば家ほろろ	クジマ歌えば家ほろろ	5	5	0	5	0	0	0	0	0	0	0
NO_CHANGE	kung-fu-lady	KUNG・FU☆レディー	KUNG・FU★レディー	1	1	0	1	0	0	0	0	0	0	0
NO_CHANGE	kurage-hime	海月姫	海月姫	17	20	0	17	0	0	0	0	0	0	0
NO_CHANGE	kuro-no-kumikyoku	黒の組曲	黒の組曲	1	1	0	1	0	0	0	0	0	0	0
NO_CHANGE	kuro-no-meikyuu	黒の迷宮	黒の迷宮	1	1	0	1	0	0	0	0	0	0	0
NO_CHANGE	kurogane-ikezawa-2011	クロガネ	クロガネ	8	8	0	8	0	0	0	0	0	0	0
NO_CHANGE	kuuberuchuuru	クーベルチュール	クーベルチュール (漫画)	2	2	0	2	0	0	0	0	0	0	0
NO_CHANGE	kuutama	クータマ	クータマ	1	1	0	1	0	0	0	0	0	0	0
NO_CHANGE	kuutei-kaikosareta-toshi	空挺懐古都市	空挺懐古都市	4	4	0	4	0	0	0	0	0	0	0
NO_CHANGE	kyokutou-gakuen-tengoku	極東学園天国	極東学園天国	4	4	0	4	0	0	0	0	0	0	0
NO_CHANGE	kyomusume	巨娘	巨娘	5	5	0	5	0	0	0	0	0	0	0
NO_CHANGE	kyonyuu-hunter	巨乳ハンター	巨乳ハンター	1	1	0	1	0	0	0	0	0	0	0
NO_CHANGE	kyou-no-kira-kun	きょうのキラ君	きょうのキラ君	9	10	0	9	0	0	0	0	0	0	0
NO_CHANGE	kyoufu-no-yuusei-mazin	恐怖の遊星魔人	恐怖の遊星魔人	1	2	0	1	0	0	0	0	0	0	0
NO_CHANGE	kyouju-to-boku	教授と僕	教授と僕	1	2	0	1	0	0	0	0	0	0	0
NO_CHANGE	kyudo-shikon	弓道士魂	弓道士魂	1	5	0	1	0	0	0	0	0	0	0
NO_CHANGE	kyurio-shop-sepiadou	キュリオショップせぴあ堂	キュリオショップせぴあ堂	1	1	0	1	0	0	0	0	0	0	0
NO_CHANGE	kyuuhei-to-nee-chan	九平とねえちゃん	九平とねえちゃん	1	1	0	1	0	0	0	0	0	0	0
NO_CHANGE	lady-cool	LADY COOL	LADY COOL	2	2	0	2	0	0	0	0	0	0	0
NO_CHANGE	lady-justice	レディ・ジャスティス	レディ・ジャスティス	2	2	0	2	0	0	0	0	0	0	0
NO_CHANGE	lastman	LASTMAN	LASTMAN	3	3	0	3	0	0	0	0	0	0	0
NO_CHANGE	lawman	LAWMAN	LAWMAN	1	3	0	1	0	0	0	0	0	0	0
NO_CHANGE	lega-no-13	LEGAの13	LEGAの13	6	6	0	6	0	0	0	0	0	0	0
NO_CHANGE	lets-smile-meg	LET'S SMILEメグ	LET'S SMILE メグ	1	2	0	1	0	0	0	0	0	0	0
NO_CHANGE	leviathan	リバイアサン	リバイアサン (黒井白の漫画)	3	3	0	3	0	0	0	0	0	0	0
NO_CHANGE	limit	リミット	リミット (漫画)	6	6	0	6	0	0	0	0	0	0	0
NO_CHANGE	lion-heart	ライオンハート	ライオンハート (ゆでたまご)	5	7	0	5	0	0	0	0	0	0	0
NO_CHANGE	lip	Lip☆	Lip☆	1	1	0	1	0	0	0	0	0	0	0
NO_CHANGE	little-kami-sama-shugyouchuu	リトル 神様修行中	リトル 〜神様修行中〜	1	1	0	1	0	0	0	0	0	0	0
NO_CHANGE	little-march	リトル行進曲	リトル行進曲	4	4	0	4	0	0	0	0	0	0	0
NO_CHANGE	living-no-matsunaga-san	リビングの松永さん	リビングの松永さん	11	11	0	11	0	0	0	0	0	0	0
NO_CHANGE	love-dester	ラブデスター	ラブデスター	3	3	0	3	0	0	0	0	0	0	0
NO_CHANGE	love-lab-momoyuki-2005	ラブラボ	ラブラボ	1	1	0	1	0	0	0	0	0	0	0
NO_CHANGE	love-maniacs	ラブ・マニアックス!	ラブ・マニアックス!	1	1	0	1	0	0	0	0	0	0	0
NO_CHANGE	lv-1-maou-to-room-yuusha	Lv 1魔王とワンルーム勇者	Lv1魔王とワンルーム勇者	11	11	0	11	0	0	0	0	0	0	0
NO_CHANGE	maajan-byakko-tai-azuma	麻雀白虎隊東	麻雀白虎隊 東	2	2	0	2	0	0	0	0	0	0	0
NO_CHANGE	machiisha-janbo	町医者ジャンボ!!	町医者ジャンボ!!	16	16	0	16	0	0	0	0	0	0	0
NO_CHANGE	macmillian-koukou-joshi-koushiki-yakyuubu	マックミラン高校女子硬式野球部	マックミラン高校女子硬式野球部	2	4	0	2	0	0	0	0	0	0	0
NO_CHANGE	mada-tabidattemo-inainoni	まだ旅立ってもいないのに	まだ旅立ってもいないのに	1	1	0	1	0	0	0	0	0	0	0
NO_CHANGE	mademoiselle-butterfly	マドモワゼル バタフライ	マドモワゼル バタフライ	2	2	0	2	0	0	0	0	0	0	0
NO_CHANGE	madowanai-hoshi	惑わない星	惑わない星	9	9	0	9	0	0	0	0	0	0	0
NO_CHANGE	maestro	マエストロ	マエストロ (漫画)	3	7	0	3	0	0	0	0	0	0	0
NO_CHANGE	magatsuki	まがつき	まがつき	13	13	0	13	0	0	0	0	0	0	0
NO_CHANGE	magical-cooking-chaos-kitchen	魔法の料理 かおすキッチン	魔法の料理 かおすキッチン	3	3	0	3	0	0	0	0	0	0	0
NO_CHANGE	magical-note	まじかる音符	まじかる音符	2	2	0	2	0	0	0	0	0	0	0
NO_CHANGE	magician-tantei-a	マジシャン探偵A	マジシャン探偵A	8	8	0	8	0	0	0	0	0	0	0
NO_CHANGE	mahou-shoujo-site	魔法少女サイト	魔法少女サイト	16	18	0	16	0	0	0	0	0	0	0
NO_CHANGE	mahou-shoujo-tokushusen-asuka	魔法少女特殊戦あすか	魔法少女特殊戦あすか	14	14	0	14	0	0	0	0	0	0	0
NO_CHANGE	maigo-no-dorufin	迷子のドルフィン	迷子のドルフィン	1	1	0	1	0	0	0	0	0	0	0
NO_CHANGE	maikon-denji-ran	マイコン電児ラン	マイコン電児ラン	2	2	0	2	0	0	0	0	0	0	0
NO_CHANGE	mail	MAIL	MAIL	3	3	0	3	0	0	0	0	0	0	0
NO_CHANGE	majan	マジャン 畏村奇聞	マジャン 〜畏村奇聞〜	1	2	0	1	0	0	0	0	0	0	0
NO_CHANGE	majimoji-rurumo	まじもじるるも	まじもじるるも	9	20	0	9	0	0	0	0	0	0	0
NO_CHANGE	majo-ni-sasageru-trick	魔女に捧げるトリック	魔女に捧げるトリック	4	4	0	4	0	0	0	0	0	0	0
NO_CHANGE	majo-no-geboku-to-maou-no-tsuno	魔女の下僕と魔王のツノ	魔女の下僕と魔王のツノ	16	18	0	16	0	0	0	0	0	0	0
NO_CHANGE	majo-no-moribito	魔女の守人	魔女の守人	3	3	0	3	0	0	0	0	0	0	0
NO_CHANGE	majo-to-yajuu	魔女と野獣	魔女と野獣	10	10	0	10	0	0	0	0	0	0	0
NO_CHANGE	majo-wa-nido-aegu	魔女は二度喘ぐ	魔女は二度喘ぐ	6	6	0	6	0	0	0	0	0	0	0
NO_CHANGE	makeruna-aku-no-gundan	まけるな!!あくのぐんだん!	まけるな!!あくのぐんだん!	2	2	0	2	0	0	0	0	0	0	0
NO_CHANGE	mako-chan-no-lip-cream	マコちゃんのリップクリーム	マコちゃんのリップクリーム	11	13	0	11	0	0	0	0	0	0	0
NO_CHANGE	makumusubi	まくむすび	まくむすび	5	5	0	5	0	0	0	0	0	0	0
NO_CHANGE	mama-yuuyuu	魔々勇々	魔々勇々	4	4	0	4	0	0	0	0	0	0	0
NO_CHANGE	mamakore	ママコレ	ママコレ	4	4	0	4	0	0	0	0	0	0	0
NO_CHANGE	mamonogatari-matsumoto-1993	魔物語	魔物語 (松本洋子の漫画)	1	1	0	1	0	0	0	0	0	0	0
NO_CHANGE	mamore-shugomaru	守れ!しゅごまる	守れ!しゅごまる	3	3	0	3	0	0	0	0	0	0	0
NO_CHANGE	manga-de-wakaru-fate-grand-order	マンガで分かる!Fate/Grand Order	マンガで分かる!Fate/Grand Order	4	4	0	4	0	0	0	0	0	0	0
NO_CHANGE	mangaka-yashoku-kenkyuujo	マンガ家夜食研究所	マンガ家 夜食研究所	1	1	0	1	0	0	0	0	0	0	0
NO_CHANGE	mangoo-no-namida	マンゴーの涙	マンゴーの涙	1	1	0	1	0	0	0	0	0	0	0
NO_CHANGE	maniattemasu	まにあってます!	まにあってます!	2	3	0	2	0	0	0	0	0	0	0
NO_CHANGE	manii-road	まにぃロード	まにぃロード	3	3	0	3	0	0	0	0	0	0	0
NO_CHANGE	marginal-operation	マージナル・オペレーション	マージナル・オペレーション	16	37	0	16	0	0	0	0	0	0	0
NO_CHANGE	mari-mari-mariigoorudo	まりまりマリーゴールド	まりまりマリーゴールド	2	2	0	2	0	0	0	0	0	0	0
NO_CHANGE	maria-ppoino	マリアっぽいの!	マリアっぽいの!	2	2	0	2	0	0	0	0	0	0	0
NO_CHANGE	marijun	マリジュン	マリジュン	1	1	0	1	0	0	0	0	0	0	0
NO_CHANGE	marine-blue-no-kaze-ni-dakarete	マリンブルーの風に抱かれて	マリンブルーの風に抱かれて	7	7	0	7	0	0	0	0	0	0	0
NO_CHANGE	maro-no-meitei-file	麿の酩酊事件簿	麿の酩酊事件簿	2	6	0	2	0	0	0	0	0	0	0
NO_CHANGE	marumaruseyo-sengoku-gakuen-seitokai	○○せよ!!戦国学園生徒会	○○せよ!! 戦国学園生徒会	1	1	0	1	0	0	0	0	0	0	0
NO_CHANGE	mash-go	マッシュgo!!	マッシュGO!!	2	2	0	2	0	0	0	0	0	0	0
NO_CHANGE	masou-banchou-bangaisuto	魔装番長バンガイスト	魔装番長バンガイスト	2	2	0	2	0	0	0	0	0	0	0
NO_CHANGE	masquerade	マスカレード	マスカレード (漫画)	2	2	0	2	0	0	0	0	0	0	0
NO_CHANGE	matagi	マタギ	マタギ (漫画)	1	2	0	1	0	0	0	0	0	0	0
NO_CHANGE	medaka-box	めだかボックス	めだかボックス	22	28	0	22	0	0	0	0	0	0	0
NO_CHANGE	medetaku-sourou	めでたく候	めでたく候	3	3	0	3	0	0	0	0	0	0	0
NO_CHANGE	megami-no-sprinter	女神のスプリンター	女神のスプリンター	7	7	0	7	0	0	0	0	0	0	0
NO_CHANGE	mei-chan-no-shitsuji	メイちゃんの執事	メイちゃんの執事	20	22	0	20	0	0	0	0	0	0	0
NO_CHANGE	meika-san-wa-oshikorosenai	メイカさんは押しころせない	メイカさんは押しころせない	12	12	0	12	0	0	0	0	0	0	0
NO_CHANGE	meitantei-kidori	名探偵キドリ	名探偵キドリ	3	3	0	3	0	0	0	0	0	0	0
NO_CHANGE	memesis	メメシス	メメシス	4	4	0	4	0	0	0	0	0	0	0
NO_CHANGE	merry-go-round	メリーゴーランド	メリーゴーランド (漫画)	3	3	0	3	0	0	0	0	0	0	0
NO_CHANGE	meshi-ni-shimashou	めしにしましょう	めしにしましょう	8	8	0	8	0	0	0	0	0	0	0
NO_CHANGE	midara-na-ao-chan-wa-benyou-ga-dekinai	淫らな青ちゃんは勉強ができない	淫らな青ちゃんは勉強ができない	8	11	0	8	0	0	0	0	0	0	0
NO_CHANGE	midori-no-mokushiroku	緑の黙示録	緑の黙示録	1	1	0	1	0	0	0	0	0	0	0
NO_CHANGE	mielino-kashiwagi	ミエリーノ柏木	ミエリーノ柏木	2	2	0	2	0	0	0	0	0	0	0
NO_CHANGE	mienai-silhouette	見えないシルエット	見えないシルエット	1	2	0	1	0	0	0	0	0	0	0
NO_CHANGE	migi-to-dali	ミギとダリ	ミギとダリ	7	7	0	7	0	0	0	0	0	0	0
NO_CHANGE	mikazuki-to-neko	三日月とネコ	三日月とネコ	4	5	0	4	0	0	0	0	0	0	0
NO_CHANGE	miko-to-kagaku-no-uso-happyakuman	巫女と科学の嘘八百万	巫女と科学の嘘八百万	3	3	0	3	0	0	0	0	0	0	0
NO_CHANGE	mikuri-gakuen-suiitsubu	みくり学園スイーツ部	みくり学園スイーツ部	1	1	0	1	0	0	0	0	0	0	0
NO_CHANGE	mille-fleurs	ミル・フルール	ミル・フルール (漫画)	3	3	0	3	0	0	0	0	0	0	0
NO_CHANGE	million-doll	ミリオンドール	ミリオンドール	2	7	0	2	0	0	0	0	0	0	0
NO_CHANGE	minamotohakasenoijounabatsubatsu	源博士の異常な××	源博士の異常な××	3	3	0	3	0	0	0	0	0	0	0
NO_CHANGE	mind-size	マインドサイズ	マインドサイズ	1	1	0	1	0	0	0	0	0	0	0
NO_CHANGE	mine-dream	まいんどりーむ	まいんどりーむ	1	1	0	1	0	0	0	0	0	0	0
NO_CHANGE	minegishi-san-wa-ootsu-kun-ni-tabesasetai	峰岸さんは大津くんに食べさせたい	峰岸さんは大津くんに食べさせたい	3	3	0	3	0	0	0	0	0	0	0
NO_CHANGE	mint	眠兎	眠兎	3	3	0	3	0	0	0	0	0	0	0
NO_CHANGE	miracle-abenyuu-1-bunch	ミラクルアベニュー1番地	ミラクルアベニュー1番地	1	1	0	1	0	0	0	0	0	0	0
NO_CHANGE	miracle-dieter-miyuki	ミラクルダイエッターMiyuki	ミラクルダイエッターMIYUKI	2	2	0	2	0	0	0	0	0	0	0
NO_CHANGE	miracle-make-yuuji	ミラクルメイク勇司	ミラクルメイク勇司	1	1	0	1	0	0	0	0	0	0	0
NO_CHANGE	mirakuruhime-jubirii	みらくる姫ジュビリィ	みらくる姫ジュビリィ	1	2	0	1	0	0	0	0	0	0	0
NO_CHANGE	mishiranu-machi	見知らぬ街	見知らぬ街	1	1	0	1	0	0	0	0	0	0	0
NO_CHANGE	miss-rain	ミス・レイン	ミス・レイン	1	1	0	1	0	0	0	0	0	0	0
NO_CHANGE	mission-school	Mission!すくーる	Mission!すくーる	4	4	0	4	0	0	0	0	0	0	0
NO_CHANGE	mitamasekyureitei	ミタマセキュ霊ティ	ミタマセキュ霊ティ	5	5	0	5	0	0	0	0	0	0	0
NO_CHANGE	mitarai-ke-enjou-suru	御手洗家、炎上する	御手洗家、炎上する	8	8	0	8	0	0	0	0	0	0	0
NO_CHANGE	mizu-no-naka-no-tsuki-1998	水の中の月	水の中の月	1	1	0	1	0	0	0	0	0	0	0
NO_CHANGE	mizu-wa-umi-ni-mukatte-nagareru	水は海に向かって流れる	水は海に向かって流れる	3	5	0	3	0	0	0	0	0	0	0
NO_CHANGE	mmr-magazine-mystery-chousahan	MMRマガジンミステリー調査班	MMR マガジンミステリー調査班	13	20	0	13	0	0	0	0	0	0	0
NO_CHANGE	mobile-suit-gundam-far-east-japan	機動戦士ガンダムFAR EAST JAPAN	機動戦士ガンダム FAR EAST JAPAN	2	2	0	2	0	0	0	0	0	0	0
NO_CHANGE	mobile-suit-gundam-msv-senki-jonii-raiden	機動戦士ガンダムMSV戦記ジョニー・ライデン	機動戦士ガンダムMSV戦記 ジョニー・ライデン	2	2	0	2	0	0	0	0	0	0	0
NO_CHANGE	mobile-suit-gundam-u-c-0094-across-the-sky	機動戦士ガンダムU.C.0094アクロス・ザ・スカイ	機動戦士ガンダム U.C.0094 アクロス・ザ・スカイ	4	4	0	4	0	0	0	0	0	0	0
NO_CHANGE	mokeke-diary	もけけ日記	もけけ日記	2	2	0	2	0	0	0	0	0	0	0
NO_CHANGE	mokkori-hanbee	もっこり半兵衛	もっこり半兵衛	2	2	0	2	0	0	0	0	0	0	0
NO_CHANGE	mokuyoubi-wa-kimi-to-nakitai	木曜日は君と泣きたい。	木曜日は君と泣きたい。	3	3	0	3	0	0	0	0	0	0	0
NO_CHANGE	momiji-no-kisetsu	紅葉の棋節	紅葉の棋節	2	3	0	2	0	0	0	0	0	0	0
NO_CHANGE	mon-cheri-coco	モンシェリCoCo	モンシェリCoCo	3	3	0	3	0	0	0	0	0	0	0
NO_CHANGE	monkurochou	モンクロチョウ	モンクロチョウ	3	3	0	3	0	0	0	0	0	0	0
NO_CHANGE	monomanedorishinfonii	ものまね鳥シンフォニー	ものまね鳥シンフォニー	2	2	0	2	0	0	0	0	0	0	0
NO_CHANGE	mononofu	ものの歩	ものの歩	5	5	0	5	0	0	0	0	0	0	0
NO_CHANGE	moon-land	ムーンランド	ムーンランド	4	4	0	4	0	0	0	0	0	0	0
NO_CHANGE	moon-lost	ムーン・ロスト	ムーン・ロスト	5	5	0	5	0	0	0	0	0	0	0
NO_CHANGE	mou-sukoshi-ganbarimashou	もうすこしがんばりましょう	もうすこしがんばりましょう	5	5	0	5	0	0	0	0	0	0	0
NO_CHANGE	muchuu-sa-kimi-ni	夢中さ、きみに。	夢中さ、きみに。	1	1	0	1	0	0	0	0	0	0	0
NO_CHANGE	mukidashi-no-hakuchou	剥き出しの白鳥	剥き出しの白鳥	4	4	0	4	0	0	0	0	0	0	0
NO_CHANGE	munou-no-taka	無能の鷹	無能の鷹	8	8	0	8	0	0	0	0	0	0	0
NO_CHANGE	murai-no-koi	村井の恋	村井の恋	7	8	0	7	0	0	0	0	0	0	0
NO_CHANGE	murasakiiro-no-qualia	紫色のクオリア	紫色のクオリア	3	4	0	3	0	0	0	0	0	0	0
NO_CHANGE	mushoku-kyousei-shuuyoujo	無職強制収容所	無職強制収容所	6	6	0	6	0	0	0	0	0	0	0
NO_CHANGE	muteki-no-hito-kizuki-2019	無敵の人	無敵の人 (きづきあきらとサトウナンキの漫画)	3	3	0	3	0	0	0	0	0	0	0
NO_CHANGE	muteki-tekki-spin-chan	無敵鉄姫スピンちゃん	無敵鉄姫スピンちゃん	1	2	0	1	0	0	0	0	0	0	0
NO_CHANGE	my-animal	マイアニマル	マイアニマル	4	4	0	4	0	0	0	0	0	0	0
NO_CHANGE	my-broken-mariko	マイ・ブロークン・マリコ	マイ・ブロークン・マリコ	1	1	0	1	0	0	0	0	0	0	0
NO_CHANGE	my-dear	My dear	My dear (漫画)	1	1	0	1	0	0	0	0	0	0	0
NO_CHANGE	my-home-hero	マイホームヒーロー	マイホームヒーロー	26	26	0	26	0	0	0	0	0	0	0
NO_CHANGE	nadeshiko-doremisora	なでしこドレミソラ	なでしこドレミソラ	5	5	0	5	0	0	0	0	0	0	0
NO_CHANGE	nadeshiko-shoot	なでしこシュート!	なでしこシュート!	1	1	0	1	0	0	0	0	0	0	0
NO_CHANGE	naisho-no-tsubomi	ないしょのつぼみ	ないしょのつぼみ	8	13	0	8	0	0	0	0	0	0	0
NO_CHANGE	nakamura-koubou	中村工房	中村工房	3	3	0	3	0	0	0	0	0	0	0
NO_CHANGE	namae-wa-touni-ushinawareta	名前はとうに失われた	名前はとうに失われた	2	2	0	2	0	0	0	0	0	0	0
NO_CHANGE	nanika-mochigattemasuka	なにかもちがってますか	なにかもちがってますか	5	5	0	5	0	0	0	0	0	0	0
NO_CHANGE	nanoha-yougashiten-no-ii-shigoto	なのは洋菓子店のいい仕事	なのは洋菓子店のいい仕事	7	7	0	7	0	0	0	0	0	0	0
NO_CHANGE	naqaden	南Q阿伝	南Q阿伝	6	6	0	6	0	0	0	0	0	0	0
NO_CHANGE	nare-no-hate-no-bokura	なれの果ての僕ら	なれの果ての僕ら	8	8	0	8	0	0	0	0	0	0	0
NO_CHANGE	narihirabashi-denki-shouten	なりひらばし電器商店	なりひらばし電器商店	2	2	0	2	0	0	0	0	0	0	0
NO_CHANGE	naze-toudouin-seiya-16-sai-wa-kanojo-ga-dekinai-no-ka	なぜ東堂院聖也16歳は彼女が出来ないのか?	なぜ東堂院聖也16歳は彼女が出来ないのか?	8	8	0	8	0	0	0	0	0	0	0
NO_CHANGE	necromance	ネクロマンス	ネクロマンス	5	5	0	5	0	0	0	0	0	0	0
NO_CHANGE	necromancer	NECROMANCER	NECROMANCER	4	4	0	4	0	0	0	0	0	0	0
NO_CHANGE	neko-ane	ネコあね。	ネコあね。	6	6	0	6	0	0	0	0	0	0	0
NO_CHANGE	neko-rabu	ねこらぶ	ねこらぶ	1	1	0	1	0	0	0	0	0	0	0
NO_CHANGE	nekomokoro	ねこもころ	ねこもころ	2	2	0	2	0	0	0	0	0	0	0
NO_CHANGE	neraiuchi	ねらいうち!	ねらいうち!	5	5	0	5	0	0	0	0	0	0	0
NO_CHANGE	newsman	Newsman	NEWSMAN	2	2	0	2	0	0	0	0	0	0	0
NO_CHANGE	nikonikogenkihappiichan	にこにこ元気☆ハッピーちゃん	にこにこ元気☆ハッピーちゃん	1	1	0	1	0	0	0	0	0	0	0
NO_CHANGE	nikotama	にこたま	にこたま	5	5	0	5	0	0	0	0	0	0	0
NO_CHANGE	ninja-shinobu-san-no-junjou	忍者シノブさんの純情	忍者シノブさんの純情	5	5	0	5	0	0	0	0	0	0	0
NO_CHANGE	nipongo	ニポンゴ	ニポンゴ	4	5	0	4	0	0	0	0	0	0	0
NO_CHANGE	nippon-fukashi-banashi	日本ふかし話	日本ふかし話	1	1	0	1	0	0	0	0	0	0	0
NO_CHANGE	nirvana-panic	ニルヴァーナ・パニック	ニルヴァーナ・パニック!!	1	1	0	1	0	0	0	0	0	0	0
NO_CHANGE	nishiogikubo-mitsuboshi-youshudou	西荻窪三ツ星洋酒堂	西荻窪 三ツ星洋酒堂	2	3	0	2	0	0	0	0	0	0	0
NO_CHANGE	nkjk	NKJK	NKJK	2	2	0	2	0	0	0	0	0	0	0
NO_CHANGE	nobara-no-mori-no-otometachi	野ばらの森の乙女たち	野ばらの森の乙女たち	2	2	0	2	0	0	0	0	0	0	0
NO_CHANGE	nobunaga-sensei-no-osanazuma	ノブナガ先生の幼な妻	ノブナガ先生の幼な妻	5	5	0	5	0	0	0	0	0	0	0
NO_CHANGE	noda-to-moushimasu	野田ともうします。	野田ともうします。	7	7	0	7	0	0	0	0	0	0	0
NO_CHANGE	nokemonotachi-no-yoru	ノケモノたちの夜	ノケモノたちの夜	8	9	0	8	0	0	0	0	0	0	0
NO_CHANGE	nonoyu	のの湯	のの湯	3	3	0	3	0	0	0	0	0	0	0
NO_CHANGE	nyaaotsu-san	ニャーおっさん	ニャーおっさん	2	2	0	2	0	0	0	0	0	0	0
NO_CHANGE	obaka-o-mederu	お葉花を愛でる	お葉花を愛でる	4	4	0	4	0	0	0	0	0	0	0
NO_CHANGE	obutsu-wa-shoudoku-desu	汚物は消毒です	汚物は消毒です	7	7	0	7	0	0	0	0	0	0	0
NO_CHANGE	ochitara-owari	おちたらおわり	おちたらおわり	10	10	0	10	0	0	0	0	0	0	0
NO_CHANGE	ochitekita-ryuuou-to-horobi-yuku-majo-no-kuni	落ちてきた龍王と滅びゆく魔女の国	落ちてきた龍王と滅びゆく魔女の国	4	16	0	4	0	0	0	0	0	0	0
NO_CHANGE	octagonian	オクタゴニアン	オクタゴニアン	1	1	0	1	0	0	0	0	0	0	0
NO_CHANGE	odaiba-love-survival	Odaibaラブサバイバル	ODAIBAラブサバイバル	2	3	0	2	0	0	0	0	0	0	0
NO_CHANGE	ohayou-ibarahime	おはよう、いばら姫	おはよう、いばら姫	6	6	0	6	0	0	0	0	0	0	0
NO_CHANGE	ohitori-sama-monogatari	おひとり様物語	おひとり様物語	10	10	0	10	0	0	0	0	0	0	0
NO_CHANGE	oishii-coffee-no-irekata	おいしいコーヒーのいれ方	おいしいコーヒーのいれ方	12	15	0	12	0	0	0	0	0	0	0
NO_CHANGE	okaeri-alice	おかえりアリス	おかえりアリス	7	7	0	7	0	0	0	0	0	0	0
NO_CHANGE	okashina-elf-elf-joshi-joshikousei	おかしなエルフと女子高生	おかしなエルフと女子高生	3	3	0	3	0	0	0	0	0	0	0
NO_CHANGE	okoshiyasu-chitose-chan	おこしやす、ちとせちゃん	おこしやす、ちとせちゃん	8	8	0	8	0	0	0	0	0	0	0
NO_CHANGE	olympia-kyklos	オリンピア・キュクロス	オリンピア・キュクロス	7	7	0	7	0	0	0	0	0	0	0
NO_CHANGE	omae-wa-mada-gunma-o-shiranai	お前はまだグンマを知らない	お前はまだグンマを知らない	11	11	0	11	0	0	0	0	0	0	0
NO_CHANGE	omaegayattandaro	お前がヤったんだろ!	お前がヤったんだろ!	1	1	0	1	0	0	0	0	0	0	0
NO_CHANGE	omo-ni-naitemasu	主に泣いてます	主に泣いてます	10	10	0	10	0	0	0	0	0	0	0
NO_CHANGE	omoide-no-toki-shuuri-shimasu	思い出のとき修理します	思い出のとき修理します	6	10	0	6	0	0	0	0	0	0	0
NO_CHANGE	onee-chan-wa-koiyoukai	お姉ちゃんは恋妖怪	お姉ちゃんは恋妖怪	8	8	0	8	0	0	0	0	0	0	0
NO_CHANGE	onee-to-kusoripu	オネエとクソリプ	オネエとクソリプ	2	2	0	2	0	0	0	0	0	0	0
NO_CHANGE	onegaidesu-kara-uke-tekure	お願いですからウケてくれ	お願いですからウケてくれ	3	3	0	3	0	0	0	0	0	0	0
NO_CHANGE	online-game-nakama-to-sashiofushitara-shokuba-no-onijoushi-ga-kita	オンラインゲーム仲間とサシオフしたら職場の鬼上司が来た	オンラインゲーム仲間とサシオフしたら職場の鬼上司が来た	3	3	0	3	0	0	0	0	0	0	0
NO_CHANGE	only-you-viva-kyabakura	Only❤You ビバ!キャバクラ	Only You ビバ!キャバクラ	6	6	0	6	0	0	0	0	0	0	0
NO_CHANGE	onnanoko-ga-daicha-dame-desuka	女の子が抱いちゃダメですか?	女の子が抱いちゃダメですか?	6	6	0	6	0	0	0	0	0	0	0
NO_CHANGE	onyanoko	おにゃのこ	おにゃのこ (漫画)	4	4	0	4	0	0	0	0	0	0	0
NO_CHANGE	ookami-nanka-kowakunai-ikeyamada-2003	オオカミなんかコワくないっ!?	オオカミなんかコワくないっ!?	1	2	0	1	0	0	0	0	0	0	0
NO_CHANGE	ore-ga-watashi-ni-naru-made	オレが私になるまで	オレが私になるまで	6	6	0	6	0	0	0	0	0	0	0
NO_CHANGE	ore-no-bijoka-ga-tomaranai	俺の美女化が止まらない!?	俺の美女化が止まらない!?	2	2	0	2	0	0	0	0	0	0	0
NO_CHANGE	oretachi-no-tatakai-wa-korekarada	俺たちの戦いはこれからだ	俺たちの戦いはこれからだ	2	2	0	2	0	0	0	0	0	0	0
NO_CHANGE	oretsuu-ei-tou-zetto	オレ通A to Z	オレ通AtoZ	1	1	0	1	0	0	0	0	0	0	0
NO_CHANGE	orient	オリエント	オリエント (漫画)	22	26	0	22	0	0	0	0	0	0	0
NO_CHANGE	origin	ORIGIN	ORIGIN (漫画)	10	10	0	10	0	0	0	0	0	0	0
NO_CHANGE	osanpo-no-jikan	おさんぽの時間	おさんぽの時間	1	1	0	1	0	0	0	0	0	0	0
NO_CHANGE	oshiego-ga-eevui-joyuu-kantoku-wa-boku	教え子がAV女優、監督はボク。	教え子がAV女優、監督はボク。	12	12	0	12	0	0	0	0	0	0	0
NO_CHANGE	oshiete-bl-sommelier-onii-san	おしえて!BLソムリエお兄さん	おしえて! BLソムリエお兄さん	3	3	0	3	0	0	0	0	0	0	0
NO_CHANGE	otoko-koukousei-o-yashinaitai-onee-san-no-hanashi	男子高校生を養いたいお姉さんの話	男子高校生を養いたいお姉さんの話	13	13	0	13	0	0	0	0	0	0	0
NO_CHANGE	otoko-no-jouken	男の条件	男の条件	1	1	0	1	0	0	0	0	0	0	0
NO_CHANGE	otome-sensou-diivuchii-vaaruka	乙女戦争ディーヴチー・ヴァールカ	乙女戦争 ディーヴチー・ヴァールカ	12	15	0	12	0	0	0	0	0	0	0
NO_CHANGE	otona-ni-nattemo	おとなになっても	おとなになっても	10	10	0	10	0	0	0	0	0	0	0
NO_CHANGE	otona-no-bouguya-san	おとなの防具屋さん	おとなの防具屋さん	4	4	0	4	0	0	0	0	0	0	0
NO_CHANGE	otonanajimi	おとななじみ	おとななじみ	8	9	0	8	0	0	0	0	0	0	0
NO_CHANGE	otonari-ni-ginga	おとなりに銀河	おとなりに銀河	6	6	0	6	0	0	0	0	0	0	0
NO_CHANGE	otou-san-chibi-ga-inaku-narimashita	お父さん、チビがいなくなりました	お父さん、チビがいなくなりました	1	1	0	1	0	0	0	0	0	0	0
NO_CHANGE	otouto-catcher-ore-pitcher-de	弟キャッチャー俺ピッチャーで!	弟キャッチャー俺ピッチャーで!	20	20	0	20	0	0	0	0	0	0	0
NO_CHANGE	otouto-no-otto	弟の夫	弟の夫	4	4	0	4	0	0	0	0	0	0	0
NO_CHANGE	ou-sama-ni-sasagu-kusuriyubi	王様に捧ぐ薬指	王様に捧ぐ薬指	8	8	0	8	0	0	0	0	0	0	0
NO_CHANGE	ouchi-ni-kaerou	おうちにかえろう	おうちにかえろう	4	4	0	4	0	0	0	0	0	0	0
NO_CHANGE	ouji-sama-no-tsukurikata	王子様のつくりかた	王子様のつくりかた	2	2	0	2	0	0	0	0	0	0	0
NO_CHANGE	oushitsu-kyoushi-haine	王室教師ハイネ	王室教師ハイネ	17	18	0	17	0	0	0	0	0	0	0
NO_CHANGE	oyu-de-hokorobu-yukime-senpai	お湯でほころぶ雪芽先輩	お湯でほころぶ雪芽先輩	3	3	0	3	0	0	0	0	0	0	0
NO_CHANGE	oz	Oz	OZ (岩井恭平・刻夜セイゴの漫画)	6	6	0	6	0	0	0	0	0	0	0
NO_CHANGE	p-to-jk	PとJK	PとJK	16	19	0	16	0	0	0	0	0	0	0
NO_CHANGE	papa-to-atashi-no-baasasu-na-nichijou	パパとあたしのヴァーサスな日常	パパとあたしのヴァーサスな日常	1	1	0	1	0	0	0	0	0	0	0
NO_CHANGE	papa-to-watashi-to-inseki-to	パパとわたしと隕石と	パパとわたしと隕石と	1	1	0	1	0	0	0	0	0	0	0
NO_CHANGE	parallel	ぱられる	ぱられる	4	5	0	4	0	0	0	0	0	0	0
NO_CHANGE	paru-no-graffiti	パルノグラフィティ	パルノグラフィティ	1	1	0	1	0	0	0	0	0	0	0
NO_CHANGE	pashiri-na-boku-to-koisuru-banchou-san	パシリな僕と恋する番長さん	パシリな僕と恋する番長さん	7	7	0	7	0	0	0	0	0	0	0
NO_CHANGE	pasotora	パソトラ	パソトラ	1	2	0	1	0	0	0	0	0	0	0
NO_CHANGE	patora-to-tetsujuuji	パトラと鉄十字	パトラと鉄十字	5	5	0	5	0	0	0	0	0	0	0
NO_CHANGE	peach-tour	ピーチツアー	ピーチツアー	1	1	0	1	0	0	0	0	0	0	0
NO_CHANGE	peanut-butter-sandwich	ピーナッツバターサンドウィッチ	ピーナッツバターサンドウィッチ	3	3	0	3	0	0	0	0	0	0	0
NO_CHANGE	penguin-kakumei	ペンギン革命	ペンギン革命	7	7	0	7	0	0	0	0	0	0	0
NO_CHANGE	penguin-tanteidan	ペンギン探偵団	ペンギン探偵団	1	1	0	1	0	0	0	0	0	0	0
NO_CHANGE	perfect-world	パーフェクトワールド	パーフェクトワールド (有賀リエの漫画)	12	14	0	12	0	0	0	0	0	0	0
NO_CHANGE	phaethon-yamagishi-1988	パエトーン	パエトーン (漫画)	1	1	0	1	0	0	0	0	0	0	0
NO_CHANGE	piinatsu-doori	Pなつ通り	Pなつ通り	3	3	0	3	0	0	0	0	0	0	0
NO_CHANGE	ping-pong-rush	ピンポンラッシュ!	ピンポンラッシュ!	4	4	0	4	0	0	0	0	0	0	0
NO_CHANGE	planet-guardian	プラネットガーディアン	プラネットガーディアン	4	4	0	4	0	0	0	0	0	0	0
NO_CHANGE	plinivs	プリニウス	プリニウス (漫画)	12	13	0	12	0	0	0	0	0	0	0
NO_CHANGE	pochi-kuro	ポチクロ	ポチクロ	4	4	0	4	0	0	0	0	0	0	0
NO_CHANGE	pocket-park	ポケット❤パーク	ポケット・パーク	3	3	0	3	0	0	0	0	0	0	0
NO_CHANGE	pokemen	ポケメン!	ポケメン!	1	1	0	1	0	0	0	0	0	0	0
NO_CHANGE	ponkotsu-chan-kenshouchuu	ポンコツちゃん検証中	ポンコツちゃん検証中	10	10	0	10	0	0	0	0	0	0	0
NO_CHANGE	ponkotsu-ga-tensei-shitara-zongai-saikyou	ポンコツが転生したら存外最強	ポンコツが転生したら存外最強	5	5	0	5	0	0	0	0	0	0	0
NO_CHANGE	ponkotsundere-na-osananajimi	ポンコツンデレな幼馴染	ポンコツンデレな幼馴染	4	4	0	4	0	0	0	0	0	0	0
NO_CHANGE	poteto-chippu	ぽてとちっぷ	ぽてとちっぷ	2	2	0	2	0	0	0	0	0	0	0
NO_CHANGE	pretty-maniizu	ぷりてぃまにぃず	ぷりてぃまにぃず	3	3	0	3	0	0	0	0	0	0	0
NO_CHANGE	prism-time	プリズムタイム	プリズムタイム	2	2	0	2	0	0	0	0	0	0	0
NO_CHANGE	prison-school	監獄学園	監獄学園	28	29	0	28	0	0	0	0	0	0	0
NO_CHANGE	project-remover	プロジェクト・リムーバー	プロジェクト・リムーバー	2	8	0	2	0	0	0	0	0	0	0
NO_CHANGE	promise-cinderella	プロミス・シンデレラ	プロミス・シンデレラ	16	17	0	16	0	0	0	0	0	0	0
NO_CHANGE	puapua	ぷあぷあ?	ぷあぷあ?	5	5	0	5	0	0	0	0	0	0	0
NO_CHANGE	quiz-seigi-no-sentaku	クイズ!正義の選択	クイズ! 正義の選択	3	3	0	3	0	0	0	0	0	0	0
NO_CHANGE	rainy-doori-no-niji	レイニー通りの虹	レイニー通りの虹	1	1	0	1	0	0	0	0	0	0	0
NO_CHANGE	raise-wa-tanin-ga-ii	来世は他人がいい	来世は他人がいい	8	8	0	8	0	0	0	0	0	0	0
NO_CHANGE	raiseiden-jupitaa-oo-ee	雷星伝ジュピターO.A.	雷星伝ジュピターO.A.	8	8	0	8	0	0	0	0	0	0	0
NO_CHANGE	ranmaru-toripuru-ekkusu	乱丸XXX	乱丸XXX	7	7	0	7	0	0	0	0	0	0	0
NO_CHANGE	rappi-rangai	乱飛乱外	乱飛乱外	9	10	0	9	0	0	0	0	0	0	0
NO_CHANGE	raw-hero	RaW HERO	RaW HERO	6	6	0	6	0	0	0	0	0	0	0
NO_CHANGE	real-account	リアルアカウント	リアルアカウント	24	25	0	24	0	0	0	0	0	0	0
NO_CHANGE	red-raven	Red Raven	Red Raven	9	9	0	9	0	0	0	0	0	0	0
NO_CHANGE	reishoku-sousakan	冷食捜査官	冷食捜査官	1	1	0	1	0	0	0	0	0	0	0
NO_CHANGE	rekken	レッケン!	レッケン!	3	3	0	3	0	0	0	0	0	0	0
NO_CHANGE	ren-chan-papa	連ちゃんパパ	連ちゃんパパ	4	4	0	4	0	0	0	0	0	0	0
NO_CHANGE	repeat-after-me	リピートアフターミー	リピートアフターミー	2	2	0	2	0	0	0	0	0	0	0
NO_CHANGE	ribaasu-ribaasu	リバース×リバース	リバース×リバース	4	4	0	4	0	0	0	0	0	0	0
NO_CHANGE	ribunesu	りぶねす	りぶねす	12	12	0	12	0	0	0	0	0	0	0
NO_CHANGE	rikon-shinai-otoko	離婚しない男	離婚しない男	3	9	0	3	0	0	0	0	0	0	0
NO_CHANGE	rinko-san-wa-shite-mitai	凛子さんはシてみたい	凛子さんはシてみたい	9	10	0	9	0	0	0	0	0	0	0
NO_CHANGE	river-end-cafe	リバーエンド・カフェ	リバーエンド・カフェ	9	9	0	9	0	0	0	0	0	0	0
NO_CHANGE	rockman-zero	ロックマンゼロ	ロックマンゼロ (漫画)	3	3	0	3	0	0	0	0	0	0	0
NO_CHANGE	rokka-meruto	ロッカメルト	ロッカメルト	4	4	0	4	0	0	0	0	0	0	0
NO_CHANGE	rokudai	ロクダイ	ロクダイ	3	3	0	3	0	0	0	0	0	0	0
NO_CHANGE	roman-sanjuusou	浪漫三重奏	浪漫三重奏	4	4	0	4	0	0	0	0	0	0	0
NO_CHANGE	romance-boufuuiki	ロマンス暴風域	ロマンス暴風域	2	2	0	2	0	0	0	0	0	0	0
NO_CHANGE	romantic-killer	ロマンティック・キラー	ロマンティック・キラー	4	5	0	4	0	0	0	0	0	0	0
NO_CHANGE	ron-sensei-no-mushimegane	ロン先生の虫眼鏡	ロン先生の虫眼鏡 (漫画)	3	6	0	3	0	0	0	0	0	0	0
NO_CHANGE	room-hiatari-futsuu-tenshi-tsuki	ワンルーム、日当たり普通、天使つき。	ワンルーム、日当たり普通、天使つき。	7	8	0	7	0	0	0	0	0	0	0
NO_CHANGE	rukuruku	るくるく	るくるく	10	10	0	10	0	0	0	0	0	0	0
NO_CHANGE	ruriaanya	ルリアーにゃ!!	ルリアーにゃ!!	4	4	0	4	0	0	0	0	0	0	0
NO_CHANGE	ruuruu-wa-chiisana-tomodachi	ルウルウはちいさなともだち	ルウルウはちいさなともだち	1	1	0	1	0	0	0	0	0	0	0
NO_CHANGE	ryouchou-wa-ryouri-jouzu	寮長は料理上手	寮長は料理上手	4	4	0	4	0	0	0	0	0	0	0
NO_CHANGE	ryuu-to-yuusha-to-haitatsunin	竜と勇者と配達人	竜と勇者と配達人	9	9	0	9	0	0	0	0	0	0	0
NO_CHANGE	ryuunen-todome-senpai	留年!とどめ先輩	留年!とどめ先輩	4	4	0	4	0	0	0	0	0	0	0
NO_CHANGE	saa-himitsu-o-hajimeyou	さあ秘密をはじめよう	さあ 秘密をはじめよう	7	7	0	7	0	0	0	0	0	0	0
NO_CHANGE	sabae-to-yattara-owaru	サバエとヤッたら終わる	サバエとヤッたら終わる	5	5	0	5	0	0	0	0	0	0	0
NO_CHANGE	sabagebutsu	さばげぶっ!	さばげぶっ!	13	14	0	13	0	0	0	0	0	0	0
NO_CHANGE	sabiiro-no-armor	錆色のアーマ	錆色のアーマ	2	4	0	2	0	0	0	0	0	0	0
NO_CHANGE	saboriiman-ametani-kantarou	さぼリーマン飴谷甘太朗	さぼリーマン 飴谷甘太朗	2	2	0	2	0	0	0	0	0	0	0
NO_CHANGE	sachiiro-no-room	幸色のワンルーム	幸色のワンルーム	11	14	0	11	0	0	0	0	0	0	0
NO_CHANGE	saigo-no-saiyuuki	最後の西遊記	最後の西遊記	3	3	0	3	0	0	0	0	0	0	0
NO_CHANGE	saikin-kono-sekai-wa-watashi-dake-no-mono-ni-narimashita	最近この世界は私だけのモノになりました……	最近この世界は私だけのモノになりました……	4	4	0	4	0	0	0	0	0	0	0
NO_CHANGE	saikin-yatotta-maid-ga-ayashii	最近雇ったメイドが怪しい	最近雇ったメイドが怪しい	7	8	0	7	0	0	0	0	0	0	0
NO_CHANGE	saikyou-seitokai-tsubakiyo	最強生徒会ツバキヨ	最強生徒会ツバキヨ	2	2	0	2	0	0	0	0	0	0	0
NO_CHANGE	sakamotogakari	坂本係	坂本係	1	1	0	1	0	0	0	0	0	0	0
NO_CHANGE	sake-to-onna-wa-nigou-made	酒と鬼は二合まで	酒と鬼は二合まで	4	4	0	4	0	0	0	0	0	0	0
NO_CHANGE	sakura-ganbaru	さくらがんばる!	さくらがんばる!	2	5	0	2	0	0	0	0	0	0	0
NO_CHANGE	sakura-no-hana-saku-koro	桜の花咲くころ	桜の花 咲くころ	1	4	0	1	0	0	0	0	0	0	0
NO_CHANGE	sakura-no-sono	櫻の園	櫻の園 (漫画)	1	3	0	1	0	0	0	0	0	0	0
NO_CHANGE	sakuragari	櫻狩り	櫻狩り	3	3	0	3	0	0	0	0	0	0	0
NO_CHANGE	saltiness	サルチネス	サルチネス	4	4	0	4	0	0	0	0	0	0	0
NO_CHANGE	sand-land	SAND LAND	SAND LAND	2	2	0	2	0	0	0	0	0	0	0
NO_CHANGE	sandaime-kusuriya-kyuubee	三代目薬屋久兵衛	三代目薬屋久兵衛	5	5	0	5	0	0	0	0	0	0	0
NO_CHANGE	sanju-mariko	傘寿まり子	傘寿まり子	16	16	0	16	0	0	0	0	0	0	0
NO_CHANGE	saotome-shimai-wa-manga-no-tame-nara	早乙女姉妹は漫画のためなら!?	早乙女姉妹は漫画のためなら!?	10	10	0	10	0	0	0	0	0	0	0
NO_CHANGE	saretagawa-no-blue	サレタガワのブルー	サレタガワのブルー	15	15	0	15	0	0	0	0	0	0	0
NO_CHANGE	sarugetchu-ukiuki-daisakusen	サルゲッチュウキウキ大作戦!	サルゲッチュ ウキウキ大作戦!	5	14	0	5	0	0	0	0	0	0	0
NO_CHANGE	satougashi-no-dangan-wa-uchinukenai	砂糖菓子の弾丸は撃ちぬけない	砂糖菓子の弾丸は撃ちぬけない	2	5	0	2	0	0	0	0	0	0	0
NO_CHANGE	satsu-chan-boku-wa	さっちゃん、僕は。	さっちゃん、僕は。	4	4	0	4	0	0	0	0	0	0	0
NO_CHANGE	satsu-recruit	サツリクルート	サツリクルート	7	7	0	7	0	0	0	0	0	0	0
NO_CHANGE	satsujin-muzai	殺人無罪	殺人無罪	4	4	0	4	0	0	0	0	0	0	0
NO_CHANGE	sayonara-rose-garden	さよならローズガーデン	さよならローズガーデン	3	3	0	3	0	0	0	0	0	0	0
NO_CHANGE	sayonara-watashi-no-cramer	さよなら私のクラマー	さよなら私のクラマー	14	14	0	14	0	0	0	0	0	0	0
NO_CHANGE	scramble-suzume-chan	緊急出動すずめちゃん!	緊急出動すずめちゃん!	1	1	0	1	0	0	0	0	0	0	0
NO_CHANGE	sebuntei-uizan	セブンティウイザン	セブンティウイザン	5	9	0	5	0	0	0	0	0	0	0
NO_CHANGE	seibetsu-monariza-no-kimi-e	性別「モナリザ」の君へ。	性別「モナリザ」の君へ。	10	10	0	10	0	0	0	0	0	0	0
NO_CHANGE	seikatsu	生活	生活 (漫画)	1	3	0	1	0	0	0	0	0	0	0
NO_CHANGE	seikyouiku-120-paasento	性教育120%	性教育120%	3	3	0	3	0	0	0	0	0	0	0
NO_CHANGE	seiri-chan	生理ちゃん	生理ちゃん	4	4	0	4	0	0	0	0	0	0	0
NO_CHANGE	seiryaku-kekkon-no-danna-sama-kari-to-koi-o-hajimemasu	政略結婚の旦那様 (仮) と恋を始めます。	政略結婚の旦那様（仮）と恋を始めます。	3	3	0	3	0	0	0	0	0	0	0
NO_CHANGE	seishun-cinderella	青春シンデレラ	青春シンデレラ	4	4	0	4	0	0	0	0	0	0	0
NO_CHANGE	seiten-koukou-aidorubu	星天高校アイドル部!	星天高校アイドル部!	4	4	0	4	0	0	0	0	0	0	0
NO_CHANGE	seiten-taisen-furiidaabagu	セイテン大戦フリーダーバグ	セイテン大戦フリーダーバグ	2	2	0	2	0	0	0	0	0	0	0
NO_CHANGE	sekai-de-ichiban-hayai-haru	世界で一番早い春	世界で一番早い春	5	5	0	5	0	0	0	0	0	0	0
NO_CHANGE	sekai-de-ichiban-oppai-ga-suki	世界で一番おっぱいが好き!	世界で一番おっぱいが好き!	8	9	0	8	0	0	0	0	0	0	0
NO_CHANGE	sekai-ka-kanojo-ka-erabenai	世界か彼女か選べない	世界か彼女か選べない	9	9	0	9	0	0	0	0	0	0	0
NO_CHANGE	sekai-katei-ryouri-no-tabi	世界家庭料理の旅	世界家庭料理の旅	1	2	0	1	0	0	0	0	0	0	0
NO_CHANGE	sekai-no-hate-de-aimashou	世界の果てで愛ましょう	世界の果てで愛ましょう	8	8	0	8	0	0	0	0	0	0	0
NO_CHANGE	sekai-seifuku-sekirara-jogakukan	世界制服セキララ女学館	世界制服セキララ女学館	3	4	0	3	0	0	0	0	0	0	0
NO_CHANGE	sekai-wa-are-de-dekite-iru	セカイはアレでデキテイル	セカイはアレでデキテイル	3	3	0	3	0	0	0	0	0	0	0
NO_CHANGE	sekaioni	世界鬼	世界鬼	11	11	0	11	0	0	0	0	0	0	0
NO_CHANGE	senpai-ga-boku-o-torini-kiteru	先輩が僕を殺りにきてる	先輩が僕を殺りにきてる	3	3	0	3	0	0	0	0	0	0	0
NO_CHANGE	sensei-suki-desu	先生、好きです。	先生、好きです。	4	4	0	4	0	0	0	0	0	0	0
NO_CHANGE	seven-star	セブン☆スター	セブン☆スター	9	24	0	9	0	0	0	0	0	0	0
NO_CHANGE	sex-chan	セックスちゃん	セックスちゃん	3	3	0	3	0	0	0	0	0	0	0
NO_CHANGE	shaboten	しゃぼてん	しゃぼてん	1	2	0	1	0	0	0	0	0	0	0
NO_CHANGE	shachiku-shura-koosaku	社畜!修羅コーサク	社畜! 修羅コーサク	2	2	0	2	0	0	0	0	0	0	0
NO_CHANGE	shadow-skill	SHADOW SKILL	SHADOW SKILL	11	26	0	11	0	0	0	0	0	0	0
NO_CHANGE	shiawase-hanbunko	しあわせ半分こ	しあわせ半分こ	1	1	0	1	0	0	0	0	0	0	0
NO_CHANGE	shibatora	シバトラ	シバトラ	15	15	0	15	0	0	0	0	0	0	0
NO_CHANGE	shichi-ha-gojuuroku	シチハゴジュウロク	シチハゴジュウロク	4	4	0	4	0	0	0	0	0	0	0
NO_CHANGE	shigyaku-keiyakusha-fausts	弑逆契約者ファウスツ	弑逆契約者ファウスツ	4	4	0	4	0	0	0	0	0	0	0
NO_CHANGE	shihou-sekai-no-ou	四方世界の王	四方世界の王	5	11	0	5	0	0	0	0	0	0	0
NO_CHANGE	shijuushichi-taisen	四十七大戦	四十七大戦	14	22	0	14	0	0	0	0	0	0	0
NO_CHANGE	shiki-tsukai	四季使い	四季使い	13	13	0	13	0	0	0	0	0	0	0
NO_CHANGE	shikkoku-no-ten	漆黒の天	漆黒の天	3	3	0	3	0	0	0	0	0	0	0
NO_CHANGE	shimanami-tasogare	しまなみ誰そ彼	しまなみ誰そ彼	4	4	0	4	0	0	0	0	0	0	0
NO_CHANGE	shime-no-gourmet	〆のグルメ	〆のグルメ	1	1	0	1	0	0	0	0	0	0	0
NO_CHANGE	shimeji-simulation	シメジシミュレーション	シメジ シミュレーション	5	5	0	5	0	0	0	0	0	0	0
NO_CHANGE	shimobee	しもべえ	しもべえ	1	1	0	1	0	0	0	0	0	0	0
NO_CHANGE	shin-oraga-mura	新・おらが村	新・おらが村	4	4	0	4	0	0	0	0	0	0	0
NO_CHANGE	shinai-naru-boku-e-satsui-o-komete	親愛なる僕へ殺意をこめて	親愛なる僕へ殺意をこめて	11	11	0	11	0	0	0	0	0	0	0
NO_CHANGE	shinai-naru-koroshiya-sama	親愛なる殺し屋様	親愛なる殺し屋様	4	4	0	4	0	0	0	0	0	0	0
NO_CHANGE	shinigami-botsu-chan-to-kuro-maid	死神坊ちゃんと黒メイド	死神坊ちゃんと黒メイド	16	16	0	16	0	0	0	0	0	0	0
NO_CHANGE	shinigami-tahii-chan	死神!タヒーちゃん	死神!タヒーちゃん	3	3	0	3	0	0	0	0	0	0	0
NO_CHANGE	shinigiwa	シニギワ	シニギワ	1	1	0	1	0	0	0	0	0	0	0
NO_CHANGE	shinitagari-to-hibari	死にたがりと雲雀	死にたがりと雲雀	5	5	0	5	0	0	0	0	0	0	0
NO_CHANGE	shinkai-tsuzuri-no-dotsukairoku	新海綴の読解録	新海綴の読解録	2	2	0	2	0	0	0	0	0	0	0
NO_CHANGE	shinkirou-teikoku	蜃気楼帝国	蜃気楼帝国	3	11	0	3	0	0	0	0	0	0	0
NO_CHANGE	shinkon-dakedo-kataomoi	新婚だけど片想い	新婚だけど片想い	11	11	0	11	0	0	0	0	0	0	0
NO_CHANGE	shinmai-fukei-kiruko-san	新米婦警キルコさん	新米婦警キルコさん	3	3	0	3	0	0	0	0	0	0	0
NO_CHANGE	shinnichi-gakuen-naitou-tetsuya-monogatari	新日学園内藤哲也物語	新日学園 内藤哲也物語	2	2	0	2	0	0	0	0	0	0	0
NO_CHANGE	shinobazu-no	しのばずの!	しのばずの!	1	1	0	1	0	0	0	0	0	0	0
NO_CHANGE	shinobi-no	シノビノ	シノビノ	6	6	0	6	0	0	0	0	0	0	0
NO_CHANGE	shio-ga-mai-ko-ga-mai	潮が舞い子が舞い	潮が舞い子が舞い	10	10	0	10	0	0	0	0	0	0	0
NO_CHANGE	shippuu-no-hayato	疾風の勇人	疾風の勇人	7	7	0	7	0	0	0	0	0	0	0
NO_CHANGE	shiratama-shoujo	白球少女	白球少女	5	5	0	5	0	0	0	0	0	0	0
NO_CHANGE	shiritsu-yabasugi-gakuen	私立ヤバスギ学園	私立ヤバスギ学園	4	4	0	4	0	0	0	0	0	0	0
NO_CHANGE	shirogane-no-karasu	しろがねの鴉	しろがねの鴉	3	3	0	3	0	0	0	0	0	0	0
NO_CHANGE	shirokuma-caf	しろくまカフェ	しろくまカフェ	1	13	0	1	0	0	0	0	0	0	0
NO_CHANGE	shiroseijo-to-kurobokushi	白聖女と黒牧師	白聖女と黒牧師	13	13	0	13	0	0	0	0	0	0	0
NO_CHANGE	shiwoutauseiza	死を唄う星座	死を唄う星座	1	1	0	1	0	0	0	0	0	0	0
NO_CHANGE	shocking-boy	ショッキングBOY	ショッキングBOY	5	9	0	5	0	0	0	0	0	0	0
NO_CHANGE	shogi-meshi	将棋めし	将棋めし	6	6	0	6	0	0	0	0	0	0	0
NO_CHANGE	shohousenjou-no-aria	処方箋上のアリア	処方箋上のアリア	5	5	0	5	0	0	0	0	0	0	0
NO_CHANGE	shotasen	しょたせん	しょたせん	3	3	0	3	0	0	0	0	0	0	0
NO_CHANGE	shoujo-fight	少女ファイト	少女ファイト	18	33	0	18	0	0	0	0	0	0	0
NO_CHANGE	shoujo-shuumatsu-ryokou	少女終末旅行	少女終末旅行	6	9	0	6	0	0	0	0	0	0	0
NO_CHANGE	shoujo-tenshi-mirukyuuto	少女天使みるきゅーと	少女天使みるきゅーと	2	2	0	2	0	0	0	0	0	0	0
NO_CHANGE	shoukoku-no-altair	将国のアルタイル	将国のアルタイル	27	29	0	27	0	0	0	0	0	0	0
NO_CHANGE	shoukoujo	小煌女	小煌女	5	5	0	5	0	0	0	0	0	0	0
NO_CHANGE	shoumaru	翔丸	翔丸	5	6	0	5	0	0	0	0	0	0	0
NO_CHANGE	shounen-esper-nejime	少年エスパーねじめ	少年エスパーねじめ	2	4	0	2	0	0	0	0	0	0	0
NO_CHANGE	shounen-no-abyss	少年のアビス	少年のアビス	18	18	0	18	0	0	0	0	0	0	0
NO_CHANGE	shounen-shoujo-18-kin	少年少女18禁	少年少女18禁	2	2	0	2	0	0	0	0	0	0	0
NO_CHANGE	shouraiteki-ni-shinde-kure	将来的に死んでくれ	将来的に死んでくれ	7	7	0	7	0	0	0	0	0	0	0
NO_CHANGE	shugo-chara-chan	しゅごキャラ!ちゃん	しゅごキャラちゃん!	4	4	0	4	0	0	0	0	0	0	0
NO_CHANGE	shunin-no-ichinose-san	主任の一ノ瀬さん	主任の一ノ瀬さん	2	2	0	2	0	0	0	0	0	0	0
NO_CHANGE	shunka-shuutou-days	春夏秋冬Days	春夏秋冬Days	5	5	0	5	0	0	0	0	0	0	0
NO_CHANGE	shura-no-dress	修羅のドレス	修羅のドレス	4	4	0	4	0	0	0	0	0	0	0
NO_CHANGE	shuudan	シューダン!	シューダン!	4	4	0	4	0	0	0	0	0	0	0
NO_CHANGE	shuuden-chan	終電ちゃん	終電ちゃん	9	9	0	9	0	0	0	0	0	0	0
NO_CHANGE	shuukan-ishikawa-masayuki	週刊石川雅之	週刊石川雅之	1	1	0	1	0	0	0	0	0	0	0
NO_CHANGE	shuukyoku-engage	終極エンゲージ	終極エンゲージ	5	5	0	5	0	0	0	0	0	0	0
NO_CHANGE	shuumatsu-no-harem	終末のハーレム	終末のハーレム	18	19	0	18	0	0	0	0	0	0	0
NO_CHANGE	silver-pole-flowers	シルバーポールフラワーズ	シルバーポールフラワーズ	3	3	0	3	0	0	0	0	0	0	0
NO_CHANGE	siscon-onee-chan-to-kinishinai-imouto	シスコンお姉ちゃんと気にしない妹	シスコンお姉ちゃんと気にしない妹	3	3	0	3	0	0	0	0	0	0	0
NO_CHANGE	slime-life	スライムライフ	スライムライフ	6	6	0	6	0	0	0	0	0	0	0
NO_CHANGE	smash-o-kimero	スマッシュをきめろ!	スマッシュをきめろ!	3	3	0	3	0	0	0	0	0	0	0
NO_CHANGE	smile-again	スマイルアゲイン	スマイルアゲイン (漫画)	2	2	0	2	0	0	0	0	0	0	0
NO_CHANGE	smile-de-ikou-ando-1999	スマイルでいこう	スマイルでいこう	2	2	0	2	0	0	0	0	0	0	0
NO_CHANGE	smoking	スモーキング	スモーキング (漫画)	5	21	0	5	0	0	0	0	0	0	0
NO_CHANGE	snack-kizutsuki	スナックキズツキ	スナック キズツキ	2	2	0	2	0	0	0	0	0	0	0
NO_CHANGE	soft-metal-vampire	ソフトメタルヴァンパイア	ソフトメタルヴァンパイア	6	6	0	6	0	0	0	0	0	0	0
NO_CHANGE	sono-otoko-unmei-ni-tsuki	その男、運命につき	その男、運命につき	6	6	0	6	0	0	0	0	0	0	0
NO_CHANGE	sorairo-square	空色スクエア。	空色スクエア。	4	4	0	4	0	0	0	0	0	0	0
NO_CHANGE	sore-wa-rei-no-shiwaza-desu	それは霊のしわざです	それは霊のしわざです	7	7	0	7	0	0	0	0	0	0	0
NO_CHANGE	soredemo-ai-o-chikaimasuka	それでも愛を誓いますか?	それでも愛を誓いますか?	8	8	0	8	0	0	0	0	0	0	0
NO_CHANGE	soredemo-ayumu-wa-yosete-kuru	それでも歩は寄せてくる	それでも歩は寄せてくる	17	17	0	17	0	0	0	0	0	0	0
NO_CHANGE	soredemo-boku-wa-kimi-ga-suki	それでも僕は君が好き	それでも僕は君が好き	7	7	0	7	0	0	0	0	0	0	0
NO_CHANGE	sotsugyou-shashin	卒業写真	卒業写真 (漫画)	1	1	0	1	0	0	0	0	0	0	0
NO_CHANGE	sougou-jikan-jigyou-kaisha-daihyou-torishimariyaku-shachou-senzoku-hisho-tanaka-seiji	総合時間事業会社代表取締役社長専属秘書田中誠司	総合時間事業会社 代表取締役社長専属秘書 田中誠司	3	3	0	3	0	0	0	0	0	0	0
NO_CHANGE	soukyuu-boys	送球ボーイズ	送球ボーイズ	25	25	0	25	0	0	0	0	0	0	0
NO_CHANGE	soukyuu-no-ariadne	蒼穹のアリアドネ	蒼穹のアリアドネ	22	22	0	22	0	0	0	0	0	0	0
NO_CHANGE	soul-reviver	ソウルリヴァイヴァー	ソウルリヴァイヴァー	6	6	0	6	0	0	0	0	0	0	0
NO_CHANGE	sounan-desuka	ソウナンですか?	ソウナンですか?	10	11	0	10	0	0	0	0	0	0	0
NO_CHANGE	special-a	S・A	S・A	17	18	0	17	0	0	0	0	0	0	0
NO_CHANGE	sporting-salt	Sporting Salt	Sporting Salt	3	3	0	3	0	0	0	0	0	0	0
NO_CHANGE	stand-by-me-higashiyama-2008	スタンドバイミー	スタンドバイミー (漫画)	2	2	0	2	0	0	0	0	0	0	0
NO_CHANGE	stand-up-start	スタンドUPスタート	スタンドUPスタート	13	13	0	13	0	0	0	0	0	0	0
NO_CHANGE	star-children	Star children	STAR CHILDREN	2	2	0	2	0	0	0	0	0	0	0
NO_CHANGE	strawberry-tanteidan	ストロベリー探偵団	ストロベリー探偵団	1	1	0	1	0	0	0	0	0	0	0
NO_CHANGE	sugoi-sumaho	すごいスマホ	すごいスマホ	3	3	0	3	0	0	0	0	0	0	0
NO_CHANGE	suicide-girl	スーサイドガール	スーサイドガール	10	10	0	10	0	0	0	0	0	0	0
NO_CHANGE	suiiki	水域	水域 (漫画)	2	6	0	2	0	0	0	0	0	0	0
NO_CHANGE	suiyou-kyoudai	水曜姉弟	水曜姉弟	5	5	0	5	0	0	0	0	0	0	0
NO_CHANGE	sukeban-deka	スケバン刑事	スケバン刑事	34	76	0	34	0	0	0	0	0	0	0
NO_CHANGE	suki-na-otoko-to-wakaretai	好きなオトコと別れたい	好きなオトコと別れたい	6	6	0	6	0	0	0	0	0	0	0
NO_CHANGE	sukina-ko-ga-megane-o-wasureta	好きな子がめがねを忘れた	好きな子がめがねを忘れた	12	12	0	12	0	0	0	0	0	0	0
NO_CHANGE	summer-time-render	サマータイムレンダ	サマータイムレンダ	13	15	0	13	0	0	0	0	0	0	0
NO_CHANGE	sumomo	すもも	すもも (漫画)	1	2	0	1	0	0	0	0	0	0	0
NO_CHANGE	super-darling	スーパーダーリン!	スーパーダーリン!	2	2	0	2	0	0	0	0	0	0	0
NO_CHANGE	supinamarada	スピナマラダ!	スピナマラダ!	6	14	0	6	0	0	0	0	0	0	0
NO_CHANGE	suponsaa-kara-hitokoto	依頼人から一言	依頼人から一言	1	3	0	1	0	0	0	0	0	0	0
NO_CHANGE	supuun-ippai-no-aijou	スプーン一杯の愛情	スプーン一杯の愛情	2	2	0	2	0	0	0	0	0	0	0
NO_CHANGE	susume-tochigibu	ススメ!栃木部	ススメ!栃木部	4	4	0	4	0	0	0	0	0	0	0
NO_CHANGE	suzume-no-namida	すずめのなみだ	すずめのなみだ	2	2	0	2	0	0	0	0	0	0	0
NO_CHANGE	sweet-poolside	スイートプールサイド	スイートプールサイド	1	1	0	1	0	0	0	0	0	0	0
NO_CHANGE	swingin-dragon-tiger-boogie	スインギンドラゴンタイガーブギ	スインギンドラゴンタイガーブギ	6	6	0	6	0	0	0	0	0	0	0
NO_CHANGE	sword-breaker	SWORD BREAKER	SWORD BREAKER	2	2	0	2	0	0	0	0	0	0	0
NO_CHANGE	tafu-bangaihen-yawara-no-show	TOUGH番外編柔の章	TOUGH 番外編 柔の章	1	1	0	1	0	0	0	0	0	0	0
NO_CHANGE	taigaamasukunisei	タイガーマスク二世	タイガーマスク二世	2	3	0	2	0	0	0	0	0	0	0
NO_CHANGE	taihou-to-stamp	大砲とスタンプ	大砲とスタンプ	9	9	0	9	0	0	0	0	0	0	0
NO_CHANGE	tailor-mori	テラモリ	テラモリ	10	11	0	10	0	0	0	0	0	0	0
NO_CHANGE	taiyou-no-ko	太陽の子	太陽の子 (漫画)	1	1	0	1	0	0	0	0	0	0	0
NO_CHANGE	takopii-no-genzai	タコピーの原罪	タコピーの原罪	2	2	0	2	0	0	0	0	0	0	0
NO_CHANGE	takuan-to-batsu-no-nichijou-enmachou	たくあんとバツの日常閻魔帳	たくあんとバツの日常閻魔帳	3	3	0	3	0	0	0	0	0	0	0
NO_CHANGE	takujou-no-ageha	卓上のアゲハ	卓上のアゲハ	3	3	0	3	0	0	0	0	0	0	0
NO_CHANGE	tamashii-gari	邪魂狩り	邪魂狩り	5	5	0	5	0	0	0	0	0	0	0
NO_CHANGE	tamete-misemashou	貯めてみせまショウ!	貯めてみせまショウ!	1	1	0	1	0	0	0	0	0	0	0
NO_CHANGE	tanpo	たんぽ	たんぽ (漫画)	6	6	0	6	0	0	0	0	0	0	0
NO_CHANGE	tanpopo-no-tiara	たんぽぽのティアラ	たんぽぽのティアラ	1	1	0	1	0	0	0	0	0	0	0
NO_CHANGE	tantei-zeno-to-nanatsu-no-satsujin-misshitsu	探偵ゼノと7つの殺人密室	探偵ゼノと7つの殺人密室	8	8	0	8	0	0	0	0	0	0	0
NO_CHANGE	tanteiken-sherdock	探偵犬シャードック	探偵犬シャードック	7	7	0	7	0	0	0	0	0	0	0
NO_CHANGE	tanuki-to-kitsune	タヌキとキツネ	タヌキとキツネ	10	20	0	10	0	0	0	0	0	0	0
NO_CHANGE	tar-no-yuugi	王者の遊戯	王者の遊戯	6	6	0	6	0	0	0	0	0	0	0
NO_CHANGE	tarachine	タラチネ	タラチネ (漫画)	1	1	0	1	0	0	0	0	0	0	0
NO_CHANGE	tashiro-kun-kimitte-yatsu-wa	鯛代くん、君ってやつは。	鯛代くん、君ってやつは。	4	4	0	4	0	0	0	0	0	0	0
NO_CHANGE	tejina-senpai	手品先輩	手品先輩	8	9	0	8	0	0	0	0	0	0	0
NO_CHANGE	tenjin	天神-TENJIN-	天神-TENJIN-	14	19	0	14	0	0	0	0	0	0	0
NO_CHANGE	tenkei-no-arimaria	天啓のアリマリア	天啓のアリマリア	2	2	0	2	0	0	0	0	0	0	0
NO_CHANGE	tenkyuu-no-harumonia	天球のハルモニア	天球のハルモニア	2	2	0	2	0	0	0	0	0	0	0
NO_CHANGE	tenpari	テンパリ!	テンパリ!	1	1	0	1	0	0	0	0	0	0	0
NO_CHANGE	tenshi-ni-kiss	天使にkiss	天使にKISS	1	1	0	1	0	0	0	0	0	0	0
NO_CHANGE	tenshi-no-okurimono	天使の贈りもの	天使の贈りもの (漫画)	1	3	0	1	0	0	0	0	0	0	0
NO_CHANGE	teppentsu	てっぺんっ!!!	てっぺんっ!!!	3	4	0	3	0	0	0	0	0	0	0
NO_CHANGE	teppuu	鉄風	鉄風	8	8	0	8	0	0	0	0	0	0	0
NO_CHANGE	tesla-note	テスラノート	テスラノート	7	7	0	7	0	0	0	0	0	0	0
NO_CHANGE	tetsuko-no-sodatekata	鉄子の育て方	鉄子の育て方	3	3	0	3	0	0	0	0	0	0	0
NO_CHANGE	tetsunabe-no-jan-2nd	鉄鍋のジャン!!2nd	鉄鍋のジャン!!2nd	7	7	0	7	0	0	0	0	0	0	0
NO_CHANGE	tetsuwan-break	鉄腕ブレイク	鉄腕ブレイク	2	2	0	2	0	0	0	0	0	0	0
NO_CHANGE	the-cherry-project	THE チェリー・プロジェクト	Theチェリー・プロジェクト	3	3	0	3	0	0	0	0	0	0	0
NO_CHANGE	the-fable	ザ・ファブル	ザ・ファブル	22	37	0	22	0	0	0	0	0	0	0
NO_CHANGE	the-idolm-ster-million-live-blooming-clover	アイドルマスターミリオンライブ!Blooming Clover	アイドルマスター ミリオンライブ! Blooming Clover	16	18	0	16	0	0	0	0	0	0	0
NO_CHANGE	the-showman	THE SHOWMAN	THE SHOWMAN	5	5	0	5	0	0	0	0	0	0	0
NO_CHANGE	time-paradox-ghostwriter	タイムパラドクスゴーストライター	タイムパラドクスゴーストライター	2	2	0	2	0	0	0	0	0	0	0
NO_CHANGE	tista	TISTA	TISTA	2	2	0	2	0	0	0	0	0	0	0
NO_CHANGE	tobaku-senpai-nani-kakeru	鳥獏先輩なに賭ける?	鳥獏先輩なに賭ける?	2	2	0	2	0	0	0	0	0	0	0
NO_CHANGE	tobidase-taapan	とびだせ!!ターパン	とびだせ!!ターパン	4	4	0	4	0	0	0	0	0	0	0
NO_CHANGE	tobidasu-mousou	飛び出す妄想	飛び出す妄想	1	1	0	1	0	0	0	0	0	0	0
NO_CHANGE	tobu-kiyoushitsu	飛ぶ教室	飛ぶ教室 (漫画)	2	7	0	2	0	0	0	0	0	0	0
NO_CHANGE	tokage-bakuhatsu-shiro	トカゲ爆発しろ	トカゲ爆発しろ	3	3	0	3	0	0	0	0	0	0	0
NO_CHANGE	tokeijikake-no-tranger	時計じかけのエトランゼ	時計じかけのエトランゼ	1	1	0	1	0	0	0	0	0	0	0
NO_CHANGE	toki-meka	とき☆めか!	とき☆めか!	1	1	0	1	0	0	0	0	0	0	0
NO_CHANGE	tokimeki-no-housoku	ときめきの法則	ときめきの法則	1	1	0	1	0	0	0	0	0	0	0
NO_CHANGE	tokkou-jimuin-minowa	特攻事務員ミノワ	特攻事務員ミノワ	2	2	0	2	0	0	0	0	0	0	0
NO_CHANGE	tokubou-asakura-souhei	トクボウ朝倉草平	トクボウ 朝倉草平	8	8	0	8	0	0	0	0	0	0	0
NO_CHANGE	tokyo-neon-scandal	東京ネオンスキャンダル	東京ネオンスキャンダル	9	9	0	9	0	0	0	0	0	0	0
NO_CHANGE	tokyo-revengers	東京卍リベンジャーズ	東京卍リベンジャーズ	31	82	0	31	0	0	0	0	0	0	0
NO_CHANGE	tokyo-shinobi-squad	トーキョー忍スクワッド	トーキョー忍スクワッド	3	3	0	3	0	0	0	0	0	0	0
NO_CHANGE	tokyo-tarareba-musume-season-2	東京タラレバ娘シーズン2	東京タラレバ娘 シーズン2	6	6	0	6	0	0	0	0	0	0	0
NO_CHANGE	tomo-chan-wa-onnanoko	トモちゃんは女の子!	トモちゃんは女の子!	8	8	0	8	0	0	0	0	0	0	0
NO_CHANGE	tomodachi-game	トモダチゲーム	トモダチゲーム	26	26	0	26	0	0	0	0	0	0	0
NO_CHANGE	tonari-no-atashi	隣のあたし	隣のあたし	10	10	0	10	0	0	0	0	0	0	0
NO_CHANGE	tonari-no-yamada-san	となりの山田さん	となりの山田さん	5	5	0	5	0	0	0	0	0	0	0
NO_CHANGE	tonkatsu-dj-agetarou	とんかつDJアゲ太郎	とんかつDJアゲ太郎	11	13	0	11	0	0	0	0	0	0	0
NO_CHANGE	tono-to-isshokenmei	殿といっしょ	殿といっしょ	11	12	0	11	0	0	0	0	0	0	0
NO_CHANGE	tonsure	トンスラ	トンスラ (小説)	1	2	0	1	0	0	0	0	0	0	0
NO_CHANGE	tonzura-gohan	とんずらごはん	とんずらごはん	3	3	0	3	0	0	0	0	0	0	0
NO_CHANGE	toriko	トリコ	トリコ	43	65	0	43	0	0	0	0	0	0	0
NO_CHANGE	toshi-no-sakon	年の差婚	年の差婚 (漫画)	6	6	0	6	0	0	0	0	0	0	0
NO_CHANGE	total-fighter-k	トータルファイターK	トータルファイターK	4	5	0	4	0	0	0	0	0	0	0
NO_CHANGE	totsugeki-purupuru-gakuen	とつげき!ぷるぷる学園	とつげき!ぷるぷる学園	3	3	0	3	0	0	0	0	0	0	0
NO_CHANGE	totsuzen-desu-asu-kekkon-shimasu	突然ですが、明日結婚します	突然ですが、明日結婚します	9	11	0	9	0	0	0	0	0	0	0
NO_CHANGE	tottemo-yasashii-amae-chan	とっても優しいあまえちゃん!	とっても優しいあまえちゃん!	4	4	0	4	0	0	0	0	0	0	0
NO_CHANGE	tougenkyou-e-youkoso	桃源郷へようこそ!	桃源郷へようこそ!	4	4	0	4	0	0	0	0	0	0	0
NO_CHANGE	touhou-momotarou-zenpaato-boshuu	当方桃太郎、全パート募集	当方桃太郎、全パート募集	1	1	0	1	0	0	0	0	0	0	0
NO_CHANGE	touhyou-game-anata-ni-kuroki-ippyou-o	投票げぇむあなたに黒き一票を	投票げぇむ あなたに黒き一票を	3	3	0	3	0	0	0	0	0	0	0
NO_CHANGE	toukyouto-kitaku-akabane	東京都北区赤羽	東京都北区赤羽	4	18	0	4	0	0	0	0	0	0	0
NO_CHANGE	try-knights	トライナイツ	トライナイツ	3	3	0	3	0	0	0	0	0	0	0
NO_CHANGE	tsubasa-kun-wa-akanuketai-noni	翼くんはあかぬけたいのに	翼くんはあかぬけたいのに	14	14	0	14	0	0	0	0	0	0	0
NO_CHANGE	tsubasa-world-chronicle-niraikanai-hen	ツバサ-WoRLD CHRoNiCLE-ニライカナイ編	ツバサ-WoRLD CHRoNiCLE-ニライカナイ編	3	5	0	3	0	0	0	0	0	0	0
NO_CHANGE	tsubutsubu-seikatsu	つぶつぶ生活	つぶつぶ生活	5	5	0	5	0	0	0	0	0	0	0
NO_CHANGE	tsugihagi-seitokai	ツギハギ生徒会	ツギハギ生徒会	1	1	0	1	0	0	0	0	0	0	0
NO_CHANGE	tsui-no-hito	終のひと	終のひと	5	5	0	5	0	0	0	0	0	0	0
NO_CHANGE	tsuiterune-hijiri-chan	ツイてるね聖ちゃん	ツイてるね聖ちゃん	1	1	0	1	0	0	0	0	0	0	0
NO_CHANGE	tsukanoma-no-ichika	束の間の一花	束の間の一花	3	3	0	3	0	0	0	0	0	0	0
NO_CHANGE	tsuki-ni-hoerannee	月に吠えらんねえ	月に吠えらんねえ	11	11	0	11	0	0	0	0	0	0	0
NO_CHANGE	tsukuroi-tatsu-hito	繕い裁つ人	繕い裁つ人	6	6	0	6	0	0	0	0	0	0	0
NO_CHANGE	tsumari-suki-tte-iitaindakedo	つまり好きって言いたいんだけど、	つまり好きって言いたいんだけど、	4	4	0	4	0	0	0	0	0	0	0
NO_CHANGE	tsumasakiotoshi-to-watashi	つまさきおとしと私	つまさきおとしと私	2	2	0	2	0	0	0	0	0	0	0
NO_CHANGE	tsurezure-children	徒然チルドレン	徒然チルドレン	12	21	0	12	0	0	0	0	0	0	0
NO_CHANGE	tsuri-komachi	つりこまち	つりこまち	6	8	0	6	0	0	0	0	0	0	0
NO_CHANGE	uchi-no-apaato-no-yousei-san	うちのアパートの妖精さん	うちのアパートの妖精さん	5	5	0	5	0	0	0	0	0	0	0
NO_CHANGE	uchi-no-maid-ga-uzasugiru	うちのメイドがウザすぎる!	うちのメイドがウザすぎる!	10	11	0	10	0	0	0	0	0	0	0
NO_CHANGE	uchi-no-shishou-wa-shippo-ga-nai	うちの師匠はしっぽがない	うちの師匠はしっぽがない	12	12	0	12	0	0	0	0	0	0	0
NO_CHANGE	uchi-wa-ookii	ウチはおおきい	ウチはおおきい	1	1	0	1	0	0	0	0	0	0	0
NO_CHANGE	uchuu-no-swan	宇宙の白鳥	宇宙の白鳥	3	3	0	3	0	0	0	0	0	0	0
NO_CHANGE	uchuu-senkan-teiramisu	宇宙戦艦ティラミス	宇宙戦艦ティラミス	10	10	0	10	0	0	0	0	0	0	0
NO_CHANGE	ue-o-muite-arukou-1997	上を向いて歩こう	上を向いて歩こう (漫画)	3	3	0	3	0	0	0	0	0	0	0
NO_CHANGE	ultra-battle-satellite	Ultra Battle Satellite	Ultra Battle Satellite	3	3	0	3	0	0	0	0	0	0	0
NO_CHANGE	uma-taisen-kukuru-to-nagi	UMA大戦ククルとナギ	UMA大戦 ククルとナギ	5	8	0	5	0	0	0	0	0	0	0
NO_CHANGE	umareru-kachi-no-nakatta-jibun-ga-anna-no-tame-ni-dekiru-ikutsuka-no-koto	生まれる価値のなかった自分がアンナのためにできるいくつかのこと	生まれる価値のなかった自分がアンナのためにできるいくつかのこと	3	3	0	3	0	0	0	0	0	0	0
NO_CHANGE	umeidou-hiyo-to-danna-sama-no-yabou	梅衣堂ひよと旦那様の野望	梅衣堂ひよと旦那様の野望	4	4	0	4	0	0	0	0	0	0	0
NO_CHANGE	umi-ni-shizunda-densetsu	海にしずんだ伝説	海にしずんだ伝説	1	1	0	1	0	0	0	0	0	0	0
NO_CHANGE	umi-no-ao-sora-no-ao	海の碧・空の青	海の碧・空の青	1	1	0	1	0	0	0	0	0	0	0
NO_CHANGE	umibe-no-q	海辺のキュー	海辺のキュー	4	4	0	4	0	0	0	0	0	0	0
NO_CHANGE	usagimoku-shachikuka	ウサギ目社畜科	ウサギ目社畜科	5	5	0	5	0	0	0	0	0	0	0
NO_CHANGE	usayama-joshi-koukou-2-nen-1-kumi	兎山女子高校2年1組!!	兎山女子高校2年1組!!	3	3	0	3	0	0	0	0	0	0	0
NO_CHANGE	usemonoyado	うせもの宿	うせもの宿	3	3	0	3	0	0	0	0	0	0	0
NO_CHANGE	ushinawareta-mirai-o-motomete	失われた未来を求めて	失われた未来を求めて	2	5	0	2	0	0	0	0	0	0	0
NO_CHANGE	ushiro-no-angel	ウ・シ・ロno天使	ウ・シ・ロNO天使	1	1	0	1	0	0	0	0	0	0	0
NO_CHANGE	ushiro-no-shindere-san	うしろノしんでれさん	うしろノしんでれさん	1	1	0	1	0	0	0	0	0	0	0
NO_CHANGE	uso-tokidoki-binetsu	嘘、ときどき微熱	嘘、ときどき微熱	3	3	0	3	0	0	0	0	0	0	0
NO_CHANGE	usotsuki-satsuki-wa-shi-ga-mieru	ウソツキ皐月は死が視える	ウソツキ皐月は死が視える	7	7	0	7	0	0	0	0	0	0	0
NO_CHANGE	utagawa-hyakkei	詩歌川百景	詩歌川百景	4	4	0	4	0	0	0	0	0	0	0
NO_CHANGE	uwa-youjo-tsuyoi	うわようじょつよい	うわようじょつよい	2	2	0	2	0	0	0	0	0	0	0
NO_CHANGE	vampeerz	ヴァンピアーズ	ヴァンピアーズ	9	9	0	9	0	0	0	0	0	0	0
NO_CHANGE	vampire-dormitory	ヴァンパイア男子寮(ドミトリー)	ヴァンパイア男子寮	14	14	0	14	0	0	0	0	0	0	0
NO_CHANGE	vampire-juujikai	ヴァンパイア十字界	ヴァンパイア十字界	9	9	0	9	0	0	0	0	0	0	0
NO_CHANGE	vandemieeru-no-tsubasa	ヴァンデミエールの翼	ヴァンデミエールの翼	2	3	0	2	0	0	0	0	0	0	0
NO_CHANGE	vanitas-no-karte	ヴァニタスの手記	ヴァニタスの手記	11	11	0	11	0	0	0	0	0	0	0
NO_CHANGE	versailles-of-the-dead	ベルサイユオブザデッド	ベルサイユオブザデッド	5	5	0	5	0	0	0	0	0	0	0
NO_CHANGE	virgin-shock	バージン・ショック	バージン・ショック	1	1	0	1	0	0	0	0	0	0	0
NO_CHANGE	wagahai-no-heya-de-aru	吾輩の部屋である	吾輩の部屋である	6	6	0	6	0	0	0	0	0	0	0
NO_CHANGE	wakasa-de-munmun	若さでムンムン	若さでムンムン	1	1	0	1	0	0	0	0	0	0	0
NO_CHANGE	wanagaaru	罠ガール	罠ガール	9	9	0	9	0	0	0	0	0	0	0
NO_CHANGE	wani-danshaku	ワニ男爵	ワニ男爵	3	3	0	3	0	0	0	0	0	0	0
NO_CHANGE	warera-kontakutei	我らコンタクティ	我らコンタクティ	1	1	0	1	0	0	0	0	0	0	0
NO_CHANGE	watari-kun-no-batsubatsu-ga-houkai-sunzen	渡くんの××が崩壊寸前	渡くんの××が崩壊寸前	16	17	0	16	0	0	0	0	0	0	0
NO_CHANGE	watashi-ga-motete-dousunda	私がモテてどうすんだ	私がモテてどうすんだ	14	15	0	14	0	0	0	0	0	0	0
NO_CHANGE	watashi-ni-shinasai	わたしに××しなさい!	わたしに××しなさい!	19	21	0	19	0	0	0	0	0	0	0
NO_CHANGE	watashi-no-koi-wa-hoshi-makase	わたしの恋は星まかせ	わたしの恋は星まかせ	1	1	0	1	0	0	0	0	0	0	0
NO_CHANGE	watashi-no-machi-no-chiba-kun-wa	私の町の千葉くんは。	私の町の千葉くんは。	9	9	0	9	0	0	0	0	0	0	0
NO_CHANGE	watashi-no-shounen	私の少年	私の少年	9	13	0	9	0	0	0	0	0	0	0
NO_CHANGE	watashi-wa-anata-no-omocha-nano	私は貴兄のオモチャなの	私は貴兄のオモチャなの	1	1	0	1	0	0	0	0	0	0	0
NO_CHANGE	watashi-wa-kyawawawa	わたしはキャワワワ!!	わたしはキャワワワ!!	1	1	0	1	0	0	0	0	0	0	0
NO_CHANGE	watashi-wa-mada-sore-o-shiranai	私はまだそれを知らない	私はまだそれを知らない	1	1	0	1	0	0	0	0	0	0	0
NO_CHANGE	watashitachi-ga-koisuru-wake	私たちが恋する理由	私たちが恋する理由	4	9	0	4	0	0	0	0	0	0	0
NO_CHANGE	watashitachi-niwa-kabe-ga-aru	私たちには壁がある。	私たちには壁がある。	7	7	0	7	0	0	0	0	0	0	0
NO_CHANGE	watashitachi-wa-douka-shite-iru	私たちはどうかしている	私たちはどうかしている	19	26	0	19	0	0	0	0	0	0	0
NO_CHANGE	wazuka-itchomae	わずかいっちょまえ	わずかいっちょまえ	1	2	0	1	0	0	0	0	0	0	0
NO_CHANGE	wazumashi-kazuha	和妻師・一蝶	和妻師・一蝶	3	3	0	3	0	0	0	0	0	0	0
NO_CHANGE	welcome	うぇるかむ!	うぇるかむ!	2	2	0	2	0	0	0	0	0	0	0
NO_CHANGE	witchriv	WITCHRIV	WITCHRIV	3	3	0	3	0	0	0	0	0	0	0
NO_CHANGE	world-end-crusaders	ワールドエンドクルセイダーズ	ワールドエンドクルセイダーズ	3	3	0	3	0	0	0	0	0	0	0
NO_CHANGE	world-is-dancing	ワールドイズダンシング	ワールド イズ ダンシング	6	6	0	6	0	0	0	0	0	0	0
NO_CHANGE	wrestling-with-momoko	Wrestling withもも子	Wrestling with もも子	2	2	0	2	0	0	0	0	0	0	0
NO_CHANGE	xblade	XBLADE	XBLADE	12	20	0	12	0	0	0	0	0	0	0
NO_CHANGE	yakumo-hyakkai	八雲百怪	八雲百怪	5	5	0	5	0	0	0	0	0	0	0
NO_CHANGE	yakumo-san-wa-ezuke-ga-shitai	八雲さんは餌づけがしたい。	八雲さんは餌づけがしたい。	11	11	0	11	0	0	0	0	0	0	0
NO_CHANGE	yakutatazuna-kami-sama	役立たずな神さま	役立たずな神さま	1	1	0	1	0	0	0	0	0	0	0
NO_CHANGE	yakuza-nooooyabun-ga-youjo-ni-umarekawatta-hanashi	ヤクザの大親分が幼女に生まれ変わった話	ヤクザの大親分が幼女に生まれ変わった話	4	4	0	4	0	0	0	0	0	0	0
NO_CHANGE	yamadakun-to-7-nin-no-majo	山田くんと7人の魔女	山田くんと7人の魔女	28	28	0	28	0	0	0	0	0	0	0
NO_CHANGE	yami-no-sanshimai	やみのさんしまい	やみのさんしまい	6	6	0	6	0	0	0	0	0	0	0
NO_CHANGE	yami-wa-tsudou	闇は集う	闇は集う	8	8	0	8	0	0	0	0	0	0	0
NO_CHANGE	yamiabaki-kurau-miko	ヤミアバキクラウミコ	ヤミアバキクラウミコ	2	2	0	2	0	0	0	0	0	0	0
NO_CHANGE	yankee-kun-to-hakujou-girl	ヤンキー君と白杖ガール	ヤンキー君と白杖ガール	8	8	0	8	0	0	0	0	0	0	0
NO_CHANGE	yattane-tae-chan	やったねたえちゃん!	やったねたえちゃん!	4	4	0	4	0	0	0	0	0	0	0
NO_CHANGE	yawarakai-kachou-okita-souji	やわらかい。課長起田総司	やわらかい。 課長起田総司	3	3	0	3	0	0	0	0	0	0	0
NO_CHANGE	yoake-no-ryodan	夜明けの旅団	夜明けの旅団	4	4	0	4	0	0	0	0	0	0	0
NO_CHANGE	yoakeato-no-shizu	夜明け後の静	夜明け後の静	3	5	0	3	0	0	0	0	0	0	0
NO_CHANGE	yoban-saado	4番サード	4番サード	2	3	0	2	0	0	0	0	0	0	0
NO_CHANGE	yochishi	予知視	予知視	2	2	0	2	0	0	0	0	0	0	0
NO_CHANGE	yofukashi-no-uta	よふかしのうた	よふかしのうた (漫画)	20	22	0	20	0	0	0	0	0	0	0
NO_CHANGE	yonin-wa-sorezore-uso-o-tsuku	4人はそれぞれウソをつく	4人はそれぞれウソをつく	3	3	0	3	0	0	0	0	0	0	0
NO_CHANGE	yoru-no-kagi	ヨルの鍵	ヨルの鍵	5	5	0	5	0	0	0	0	0	0	0
NO_CHANGE	youjo-shachoo	幼女社長	幼女社長	3	3	0	3	0	0	0	0	0	0	0
NO_CHANGE	youkai-banchou	妖怪番長	妖怪番長	7	12	0	7	0	0	0	0	0	0	0
NO_CHANGE	youkai-hakase-no-meiji-kaiki-kyoujuroku	妖怪博士の明治怪奇教授録	妖怪博士の明治怪奇教授録	3	3	0	3	0	0	0	0	0	0	0
NO_CHANGE	youkai-no-oisha-san	妖怪のお医者さん	妖怪のお医者さん	15	15	0	15	0	0	0	0	0	0	0
NO_CHANGE	youko-san-wa-kakkoii	ヨウコさんはカッコいい	ヨウコさんはカッコいい	2	2	0	2	0	0	0	0	0	0	0
NO_CHANGE	youkoso-hohoemiryou-e	ようこそ!微笑寮へ	ようこそ!微笑寮へ	10	10	0	10	0	0	0	0	0	0	0
NO_CHANGE	youto-bakemono-ni-naru-chichi-ga-tsurai	酔うと化け物になる父がつらい	酔うと化け物になる父がつらい	1	1	0	1	0	0	0	0	0	0	0
NO_CHANGE	yumemiru-angel-blue	夢みるエンジェルブルー	夢みるエンジェルブルー	4	6	0	4	0	0	0	0	0	0	0
NO_CHANGE	yumemiru-maid-no-teiitaimu	夢見るメイドのティータイム	夢見るメイドのティータイム	3	3	0	3	0	0	0	0	0	0	0
NO_CHANGE	yumizuka-iroha-wa-tejun-ga-daiji	弓塚いろはは手順が大事!	弓塚いろはは手順が大事!	4	4	0	4	0	0	0	0	0	0	0
NO_CHANGE	yura-colors	由良COLORS	由良COLORS	6	10	0	6	0	0	0	0	0	0	0
NO_CHANGE	yurafurube	ゆらふるべ	ゆらふるべ	3	3	0	3	0	0	0	0	0	0	0
NO_CHANGE	yuri-doriru	百合ドリル	百合ドリル	1	5	0	1	0	0	0	0	0	0	0
NO_CHANGE	yuria-sensei-no-akai-ito	ゆりあ先生の赤い糸	ゆりあ先生の赤い糸	11	11	0	11	0	0	0	0	0	0	0
NO_CHANGE	yuugai-toshi	有害都市	有害都市	2	2	0	2	0	0	0	0	0	0	0
NO_CHANGE	yuuyami-tokkoutai	ゆうやみ特攻隊	ゆうやみ特攻隊	13	13	0	13	0	0	0	0	0	0	0
NO_CHANGE	yuzukawa-san-wa-sasshite-hoshii	柚子川さんは、察して欲しい。	柚子川さんは、察して欲しい。	4	4	0	4	0	0	0	0	0	0	0
NO_CHANGE	yuzumori-san	柚子森さん	柚子森さん	5	5	0	5	0	0	0	0	0	0	0
NO_CHANGE	za-choujin-sama	THE超人様	THE超人様	5	5	0	5	0	0	0	0	0	0	0
NO_CHANGE	zenmai-jikake-no-teina	ぜんまいじかけのティナ	ぜんまいじかけのティナ	3	3	0	3	0	0	0	0	0	0	0
NO_CHANGE	zenseibutsu-ni-tsugu	全生物に告ぐ	全生物に告ぐ	2	2	0	2	0	0	0	0	0	0	0
NO_CHANGE	zentsutsutsutsutsuzen-shiranai-machi-o-aruitemita-monono	全っっっっっ然知らない街を歩いてみたものの	全っっっっっ然知らない街を歩いてみたものの	1	1	0	1	0	0	0	0	0	0	0
NO_CHANGE	zerachin-boy	銀塩少年	銀塩少年	4	4	0	4	0	0	0	0	0	0	0
NO_CHANGE	zero-kagemiko	零 影巫女	零 影巫女	7	7	0	7	0	0	0	0	0	0	0
NO_CHANGE	zerotohyaku	ゼロとヒャク	ゼロとヒャク	3	3	0	3	0	0	0	0	0	0	0
NO_CHANGE	zetsuen-no-tempest	絶園のテンペスト	絶園のテンペスト	10	13	0	10	0	0	0	0	0	0	0
NO_CHANGE	zettai-heiwa-daisakusen	絶対平和大作戦	絶対平和大作戦	4	4	0	4	0	0	0	0	0	0	0
NO_CHANGE	zettai-ni-yattewa-ikenai-isekai-shoukan	絶対にヤッてはいけない異世界召喚	絶対にヤッてはいけない異世界召喚	2	2	0	2	0	0	0	0	0	0	0
NO_CHANGE	zeus-no-tane	ゼウスの種	ゼウスの種	4	4	0	4	0	0	0	0	0	0	0
NO_CHANGE	zipman	ZIPMAN!!	ZIPMAN!!	2	2	0	2	0	0	0	0	0	0	0
NO_CHANGE	zoids-planet-zi	ZOIDS惑星Zi	ZOIDS惑星Zi	3	3	0	3	0	0	0	0	0	0	0
